season,game_id,game_date,play_id,page,game_round,game_type_id,game_type_name,inning,game_state_name,inning_ab_num,umpire_home,umpire_first,umpire_second,umpire_third,umpire_left,umpire_right,H_HV,home_team_id,home_team_name,home_team_abv,home_total_runs,away_team_id,away_team_name,away_team_abv,away_total_runs,result_id,end_time,win_pitcher,loss_pitcher,save_pitcher,description_jap,description,PlayInfo_SeqNo,PlayInfo_AB,PlayInfo_PlayerID,PlayInfo_PlayerName,atBatBallCount,fiveDigitSerialNumber,pitch_number,release_speed_kmh,release_speed_mph,pitch_id,plate_x,plate_y,presult,bresult,pitcher,batter,hc_x,hc_y,fielder,fielder_name,hit_location,ballCatcherNum,addedRuns,pitcher_hand,batter_hand,strikes,balls,outs_when_up,on_1b,on_1b_name,on_2b,on_2b_name,on_3b,on_3b_name,fielder_1,fielder_1_name,fielder_2,fielder_2_name,fielder_3,fielder_3_name,fielder_4,fielder_4_name,fielder_5,fielder_5_name,fielder_6,fielder_6_name,fielder_7,fielder_7_name,fielder_8,fielder_8_name,fielder_9,fielder_9_name,UpdatedAt,CreatedAt,is_double_header_finale,game_attendance,stadium_id,stadium_name,last_updated
2019,2019022301,2019-02-23 13:01:00+09:00,74418957,,1,5,オープン戦,,試合前情報,1,青木,小林,飯塚,木内,,,1,4,中日,D,,3,ＤｅＮＡ,DB,,,,,,,先発ピッチャーは中日が吉見、ＤｅＮＡがバリオス,"Senpatsu Pitcher wa Chuunichi ga Yoshimi, Dena ga Bari Osu",,,,,0,,,,,,,,,,,,,,,,,,,,,,,,,,,,,,,,,,,,,,,,,,,,,,,,2019-02-23 07:19:28+00:00,2019-02-23 07:19:28+00:00,0,4196,20,北谷,2026-10-01T20:50:19.593663
2019,2019022301,2019-02-23 13:01:00+09:00,74418958,,1,5,オープン戦,,試合前情報,1,青木,小林,飯塚,木内,,,1,4,中日,D,,3,ＤｅＮＡ,DB,,,,,,,先攻:ＤｅＮＡのスターティングラインナップは1番:神里(右)、2番:宮崎(三)、3番:ソト(二)、4番:筒香(左)、5番:ロペス(一)、6番:佐野(指)、7番:伊藤光(捕)、8番:大和(遊)、9番:桑原(中),"Senkou:Dena no Starting Lineup wa 1 Ban: Kamisato (Migi), 2 Ban: Miyazaki (San), 3 Ban: Soto (Ni), 4 Ban: Tsutsuga (Hidari), 5 Ban: Ropesu (Ichi), 6 Ban: Sano (Yubi), 7 Ban: Itou Hikari (Ho), 8 Ban: Yamato (Yuu), 9 Ban: Kuwahara (Chuu)",,,,,0,,,,,,,,,,,,,,,,,,,,,,,,,,,,,,,,,,,,,,,,,,,,,,,,2019-02-23 07:19:28+00:00,2019-02-23 07:19:28+00:00,0,4196,20,北谷,2026-10-01T20:50:19.593663
2019,2019022301,2019-02-23 13:01:00+09:00,74418959,,1,5,オープン戦,,試合前情報,1,青木,小林,飯塚,木内,,,1,4,中日,D,,3,ＤｅＮＡ,DB,,,,,,,後攻:中日のスターティングラインナップは1番:京田(遊)、2番:大島(中)、3番:平田(右)、4番:ビシエド(指)、5番:アルモンテ(左)、6番:高橋(三)、7番:堂上(一)、8番:阿部(二)、9番:加藤(捕),"Koukou: Chuunichi no Starting Lineup wa 1 Ban: Kyouda (Yuu), 2 Ban: Ooshima (Chuu), 3 Ban: Hirata (Migi), 4 Ban: Bishiedo (Yubi), 5 Ban: Arumonte (Hidari), 6 Ban: Takahashi (San), 7 Ban: Donoue (Ichi), 8 Ban: Abe (Ni), 9 Ban: Katou (Ho)",,,,,0,,,,,,,,,,,,,,,,,,,,,,,,,,,,,,,,,,,,,,,,,,,,,,,,2019-02-23 07:19:28+00:00,2019-02-23 07:19:28+00:00,0,4196,20,北谷,2026-10-01T20:50:19.593663
2019,2019022301,2019-02-23 13:01:00+09:00,74418960,110100.0,1,5,オープン戦,1.0,1回表,1,青木,小林,飯塚,木内,,,1,4,中日,D,,3,ＤｅＮＡ,DB,,,,,,,試合開始 1回表 中0-0デ　ＤｅＮＡは1番神里からの攻撃,Shiai Kaishi 1 Kai Hyouchuu 0-0 Des Dena wa 1 Ban Kamisato kara no Kougeki,,,,,0,,,,,,,,,,,,,,,,,,,,,,,,,,,,,,,,,,,,,,,,,,,,,,,,2019-02-23 07:19:28+00:00,2019-02-23 07:19:28+00:00,0,4196,20,北谷,2026-10-01T20:50:19.593663
2019,2019022301,2019-02-23 13:01:00+09:00,74418961,110100.0,1,5,オープン戦,1.0,1回表,1,青木,小林,飯塚,木内,,,1,4,中日,D,,3,ＤｅＮＡ,DB,,,,,,,＜1番：神里＞無死走者なし,<1 Ban: Kamisato> Mushi Sousha Nashi,,,,,0,,,,,,,,,,,,,,,,,,,,,,,,,,,,,,,,,,,,,,,,,,,,,,,,2019-02-23 07:19:28+00:00,2019-02-23 07:19:28+00:00,0,4196,20,北谷,2026-10-01T20:50:19.593663
2019,2019022301,2019-02-23 13:01:00+09:00,74418962,110101.0,1,5,オープン戦,1.0,1回表,1,青木,小林,飯塚,木内,,,1,4,中日,D,,3,ＤｅＮＡ,DB,,,,,,,1球目:ど真ん中の球を空振りストライク 0-1,1 Tamame: Domannaka no Tama wo Karaburi Strike 0-1,,,,,1,,,,,,,,,,,,,,,,,,,,,,,,,,,,,,,,,,,,,,,,,,,,,,,,2019-02-23 07:19:28+00:00,2019-02-23 07:19:28+00:00,0,4196,20,北谷,2026-10-01T20:50:19.593663
2019,2019022301,2019-02-23 13:01:00+09:00,74418963,110102.0,1,5,オープン戦,1.0,1回表,1,青木,小林,飯塚,木内,,,1,4,中日,D,,3,ＤｅＮＡ,DB,,,,,,,2球目:外角のフォークを見逃してボール 1-1,2 Tamame: Gaikaku no Fork wo Minogashite Ball 1-1,,,,,2,,,,,,,,,,,,,,,,,,,,,,,,,,,,,,,,,,,,,,,,,,,,,,,,2019-02-23 07:19:28+00:00,2019-02-23 07:19:28+00:00,0,4196,20,北谷,2026-10-01T20:50:19.593663
2019,2019022301,2019-02-23 13:01:00+09:00,74418964,110103.0,1,5,オープン戦,1.0,1回表,1,青木,小林,飯塚,木内,,,1,4,中日,D,,3,ＤｅＮＡ,DB,,,,,,,3球目:外角低めのスライダーを見逃してストライク 1-2,3 Tamame: Gaikaku Hikume no Slider wo Minogashite Strike 1-2,,,,,3,,,,,,,,,,,,,,,,,,,,,,,,,,,,,,,,,,,,,,,,,,,,,,,,2019-02-23 07:19:28+00:00,2019-02-23 07:19:28+00:00,0,4196,20,北谷,2026-10-01T20:50:19.593663
2019,2019022301,2019-02-23 13:01:00+09:00,74418965,110104.0,1,5,オープン戦,1.0,1回表,1,青木,小林,飯塚,木内,,,1,4,中日,D,,3,ＤｅＮＡ,DB,,,,,,,4球目:センターへのヒットを放つ 1塁,4 Tamame: Center e no Hit wo Hanatsu 1 Rui,,,,,4,,,,,,,,,,,,,,,,,,,,,,,,,,,,,,,,,,,,,,,,,,,,,,,,2019-02-23 07:19:28+00:00,2019-02-23 07:19:28+00:00,0,4196,20,北谷,2026-10-01T20:50:19.593663
2019,2019022301,2019-02-23 13:01:00+09:00,74418966,110200.0,1,5,オープン戦,1.0,1回表,2,青木,小林,飯塚,木内,,,1,4,中日,D,,3,ＤｅＮＡ,DB,,,,,,,＜2番：宮崎＞無死1塁,<2 Ban: Miyazaki> Mushi 1 Rui,,,,,0,,,,,,,,,,,,,,,,,,,,,,,,,,,,,,,,,,,,,,,,,,,,,,,,2019-02-23 07:19:28+00:00,2019-02-23 07:19:28+00:00,0,4196,20,北谷,2026-10-01T20:50:19.593663
2019,2019022301,2019-02-23 13:01:00+09:00,74418967,110201.0,1,5,オープン戦,1.0,1回表,2,青木,小林,飯塚,木内,,,1,4,中日,D,,3,ＤｅＮＡ,DB,,,,,,,1球目:際どいコースのストレートを見逃してストライク 0-1,1 Tamame: Kiwadoi Course no Straight wo Minogashite Strike 0-1,,,,,1,,,,,,,,,,,,,,,,,,,,,,,,,,,,,,,,,,,,,,,,,,,,,,,,2019-02-23 07:19:28+00:00,2019-02-23 07:19:28+00:00,0,4196,20,北谷,2026-10-01T20:50:19.593663
2019,2019022301,2019-02-23 13:01:00+09:00,74418968,110202.0,1,5,オープン戦,1.0,1回表,2,青木,小林,飯塚,木内,,,1,4,中日,D,,3,ＤｅＮＡ,DB,,,,,,,2球目:内角のシュートを見逃してストライク 0-2,2 Tamame: Naikaku no Shoot wo Minogashite Strike 0-2,,,,,2,,,,,,,,,,,,,,,,,,,,,,,,,,,,,,,,,,,,,,,,,,,,,,,,2019-02-23 07:19:28+00:00,2019-02-23 07:19:28+00:00,0,4196,20,北谷,2026-10-01T20:50:19.593663
2019,2019022301,2019-02-23 13:01:00+09:00,74418969,110203.0,1,5,オープン戦,1.0,1回表,2,青木,小林,飯塚,木内,,,1,4,中日,D,,3,ＤｅＮＡ,DB,,,,,,,3球目:ワンバウンドのスライダーを見逃してボール 1-2,3 Tamame: One Bound no Slider wo Minogashite Ball 1-2,,,,,3,,,,,,,,,,,,,,,,,,,,,,,,,,,,,,,,,,,,,,,,,,,,,,,,2019-02-23 07:19:28+00:00,2019-02-23 07:19:28+00:00,0,4196,20,北谷,2026-10-01T20:50:19.593663
2019,2019022301,2019-02-23 13:01:00+09:00,74418970,110204.0,1,5,オープン戦,1.0,1回表,2,青木,小林,飯塚,木内,,,1,4,中日,D,,3,ＤｅＮＡ,DB,,,,,,,4球目:外角低めのスライダーを見逃してボール 2-2,4 Tamame: Gaikaku Hikume no Slider wo Minogashite Ball 2-2,,,,,4,,,,,,,,,,,,,,,,,,,,,,,,,,,,,,,,,,,,,,,,,,,,,,,,2019-02-23 07:19:28+00:00,2019-02-23 07:19:28+00:00,0,4196,20,北谷,2026-10-01T20:50:19.593663
2019,2019022301,2019-02-23 13:01:00+09:00,74418971,110200.0,1,5,オープン戦,1.0,1回表,2,青木,小林,飯塚,木内,,,1,4,中日,D,,3,ＤｅＮＡ,DB,,,,,,,一塁走者神里:盗塁を試みるもアウト 1アウト,Ichirui Sousha Kamisato: Tourui wo Kokoromiru mo Out 1 Out,,,,,0,,,,,,,,,,,,,,,,,,,,,,,,,,,,,,,,,,,,,,,,,,,,,,,,2019-02-23 07:19:28+00:00,2019-02-23 07:19:28+00:00,0,4196,20,北谷,2026-10-01T20:50:19.593663
2019,2019022301,2019-02-23 13:01:00+09:00,74418972,110205.0,1,5,オープン戦,1.0,1回表,2,青木,小林,飯塚,木内,,,1,4,中日,D,,3,ＤｅＮＡ,DB,,,,,,,5球目:内角低めのシュートを打ってファウル 2-2,5 Tamame: Naikaku Hikume no Shoot wo Utte Foul 2-2,,,,,5,,,,,,,,,,,,,,,,,,,,,,,,,,,,,,,,,,,,,,,,,,,,,,,,2019-02-23 07:19:28+00:00,2019-02-23 07:19:28+00:00,0,4196,20,北谷,2026-10-01T20:50:19.593663
2019,2019022301,2019-02-23 13:01:00+09:00,74418973,110206.0,1,5,オープン戦,1.0,1回表,2,青木,小林,飯塚,木内,,,1,4,中日,D,,3,ＤｅＮＡ,DB,,,,,,,6球目:ワンバウンドした球に空振り、三振を喫する 2アウト,"6 Tamame: One Bound Shita Tama ni Karaburi, Sanshin wo Kissuru 2 Out",,,,,6,,,,,,,,,,,,,,,,,,,,,,,,,,,,,,,,,,,,,,,,,,,,,,,,2019-02-23 07:19:28+00:00,2019-02-23 07:19:28+00:00,0,4196,20,北谷,2026-10-01T20:50:19.593663
2019,2019022301,2019-02-23 13:01:00+09:00,74418974,110300.0,1,5,オープン戦,1.0,1回表,3,青木,小林,飯塚,木内,,,1,4,中日,D,,3,ＤｅＮＡ,DB,,,,,,,＜3番：ソト＞二死走者なし,<3 Ban: Soto> Ni Shi Sousha Nashi,,,,,0,,,,,,,,,,,,,,,,,,,,,,,,,,,,,,,,,,,,,,,,,,,,,,,,2019-02-23 07:19:28+00:00,2019-02-23 07:19:28+00:00,0,4196,20,北谷,2026-10-01T20:50:19.593663
2019,2019022301,2019-02-23 13:01:00+09:00,74418975,110301.0,1,5,オープン戦,1.0,1回表,3,青木,小林,飯塚,木内,,,1,4,中日,D,,3,ＤｅＮＡ,DB,,,,,,,1球目:外角低めのスライダーを空振りストライク 0-1,1 Tamame: Gaikaku Hikume no Slider wo Karaburi Strike 0-1,,,,,1,,,,,,,,,,,,,,,,,,,,,,,,,,,,,,,,,,,,,,,,,,,,,,,,2019-02-23 07:19:28+00:00,2019-02-23 07:19:28+00:00,0,4196,20,北谷,2026-10-01T20:50:19.593663
2019,2019022301,2019-02-23 13:01:00+09:00,74418976,110302.0,1,5,オープン戦,1.0,1回表,3,青木,小林,飯塚,木内,,,1,4,中日,D,,3,ＤｅＮＡ,DB,,,,,,,2球目:ワンバウンドのスライダーを見逃してボール 1-1,2 Tamame: One Bound no Slider wo Minogashite Ball 1-1,,,,,2,,,,,,,,,,,,,,,,,,,,,,,,,,,,,,,,,,,,,,,,,,,,,,,,2019-02-23 07:19:28+00:00,2019-02-23 07:19:28+00:00,0,4196,20,北谷,2026-10-01T20:50:19.593663
2019,2019022301,2019-02-23 13:01:00+09:00,74418977,110303.0,1,5,オープン戦,1.0,1回表,3,青木,小林,飯塚,木内,,,1,4,中日,D,,3,ＤｅＮＡ,DB,,,,,,,3球目:内角高めのシュートを打ってファウル 1-2,3 Tamame: Naikaku Takame no Shoot wo Utte Foul 1-2,,,,,3,,,,,,,,,,,,,,,,,,,,,,,,,,,,,,,,,,,,,,,,,,,,,,,,2019-02-23 07:19:28+00:00,2019-02-23 07:19:28+00:00,0,4196,20,北谷,2026-10-01T20:50:19.593663
2019,2019022301,2019-02-23 13:01:00+09:00,74418978,110304.0,1,5,オープン戦,1.0,1回表,3,青木,小林,飯塚,木内,,,1,4,中日,D,,3,ＤｅＮＡ,DB,,,,,,,4球目:外角の変化球を見逃してボール 2-2,4 Tamame: Gaikaku no Henka Kyuu wo Minogashite Ball 2-2,,,,,4,,,,,,,,,,,,,,,,,,,,,,,,,,,,,,,,,,,,,,,,,,,,,,,,2019-02-23 07:19:28+00:00,2019-02-23 07:19:28+00:00,0,4196,20,北谷,2026-10-01T20:50:19.593663
2019,2019022301,2019-02-23 13:01:00+09:00,74418979,110305.0,1,5,オープン戦,1.0,1回表,3,青木,小林,飯塚,木内,,,1,4,中日,D,,3,ＤｅＮＡ,DB,,,,,,,5球目:ワンバウンドの球を見逃してボール 3-2,5 Tamame: One Bound no Tama wo Minogashite Ball 3-2,,,,,5,,,,,,,,,,,,,,,,,,,,,,,,,,,,,,,,,,,,,,,,,,,,,,,,2019-02-23 07:19:28+00:00,2019-02-23 07:19:28+00:00,0,4196,20,北谷,2026-10-01T20:50:19.593663
2019,2019022301,2019-02-23 13:01:00+09:00,74418980,110306.0,1,5,オープン戦,1.0,1回表,3,青木,小林,飯塚,木内,,,1,4,中日,D,,3,ＤｅＮＡ,DB,,,,,,,6球目:セカンドへの内野安打 1塁,6 Tamame: Sekando e no Naiya Anda 1 Rui,,,,,6,,,,,,,,,,,,,,,,,,,,,,,,,,,,,,,,,,,,,,,,,,,,,,,,2019-02-23 07:19:28+00:00,2019-02-23 07:19:28+00:00,0,4196,20,北谷,2026-10-01T20:50:19.593663
2019,2019022301,2019-02-23 13:01:00+09:00,74418981,110400.0,1,5,オープン戦,1.0,1回表,4,青木,小林,飯塚,木内,,,1,4,中日,D,,3,ＤｅＮＡ,DB,,,,,,,＜4番：筒香＞二死1塁,<4 Ban: Tsutsuga> Ni Shi 1 Rui,,,,,0,,,,,,,,,,,,,,,,,,,,,,,,,,,,,,,,,,,,,,,,,,,,,,,,2019-02-23 07:19:28+00:00,2019-02-23 07:19:28+00:00,0,4196,20,北谷,2026-10-01T20:50:19.593663
2019,2019022301,2019-02-23 13:01:00+09:00,74418982,110401.0,1,5,オープン戦,1.0,1回表,4,青木,小林,飯塚,木内,,,1,4,中日,D,,3,ＤｅＮＡ,DB,,,,,,,1球目:甘いスライダーを見逃してストライク 0-1,1 Tamame: Amai Slider wo Minogashite Strike 0-1,,,,,1,,,,,,,,,,,,,,,,,,,,,,,,,,,,,,,,,,,,,,,,,,,,,,,,2019-02-23 07:19:28+00:00,2019-02-23 07:19:28+00:00,0,4196,20,北谷,2026-10-01T20:50:19.593663
2019,2019022301,2019-02-23 13:01:00+09:00,74418983,110402.0,1,5,オープン戦,1.0,1回表,4,青木,小林,飯塚,木内,,,1,4,中日,D,,3,ＤｅＮＡ,DB,,,,,,,2球目:ど真ん中のシュートを打つもライトフライ 3アウトチェンジ,2 Tamame: Domannaka no Shoot wo Utsu mo Raito Fly 3 Out Change,,,,,2,,,,,,,,,,,,,,,,,,,,,,,,,,,,,,,,,,,,,,,,,,,,,,,,2019-02-23 07:19:28+00:00,2019-02-23 07:19:28+00:00,0,4196,20,北谷,2026-10-01T20:50:19.593663
2019,2019022301,2019-02-23 13:01:00+09:00,74418984,120100.0,1,5,オープン戦,1.0,1回裏,1,青木,小林,飯塚,木内,,,1,4,中日,D,,3,ＤｅＮＡ,DB,,,,,,,1回裏 中0-0デ　中日は1番京田からの攻撃,1 Kairichuu 0-0 Des Chuunichi wa 1 Ban Kyouda kara no Kougeki,,,,,0,,,,,,,,,,,,,,,,,,,,,,,,,,,,,,,,,,,,,,,,,,,,,,,,2019-02-23 07:19:28+00:00,2019-02-23 07:19:28+00:00,0,4196,20,北谷,2026-10-01T20:50:19.593663
2019,2019022301,2019-02-23 13:01:00+09:00,74418985,120100.0,1,5,オープン戦,1.0,1回裏,1,青木,小林,飯塚,木内,,,1,4,中日,D,,3,ＤｅＮＡ,DB,,,,,,,＜1番：京田＞無死走者なし,<1 Ban: Kyouda> Mushi Sousha Nashi,,,,,0,,,,,,,,,,,,,,,,,,,,,,,,,,,,,,,,,,,,,,,,,,,,,,,,2019-02-23 07:19:28+00:00,2019-02-23 07:19:28+00:00,0,4196,20,北谷,2026-10-01T20:50:19.593663
2019,2019022301,2019-02-23 13:01:00+09:00,74418986,120101.0,1,5,オープン戦,1.0,1回裏,1,青木,小林,飯塚,木内,,,1,4,中日,D,,3,ＤｅＮＡ,DB,,,,,,,1球目:高めのツーシームを見逃してボール 1-0,1 Tamame: Takame no Two Seam wo Minogashite Ball 1-0,,,,,1,,,,,,,,,,,,,,,,,,,,,,,,,,,,,,,,,,,,,,,,,,,,,,,,2019-02-23 07:19:28+00:00,2019-02-23 07:19:28+00:00,0,4196,20,北谷,2026-10-01T20:50:19.593663
2019,2019022301,2019-02-23 13:01:00+09:00,74418987,120102.0,1,5,オープン戦,1.0,1回裏,1,青木,小林,飯塚,木内,,,1,4,中日,D,,3,ＤｅＮＡ,DB,,,,,,,2球目:低めのチェンジアップを空振りストライク 1-1,2 Tamame: Hikume no Change Up wo Karaburi Strike 1-1,,,,,2,,,,,,,,,,,,,,,,,,,,,,,,,,,,,,,,,,,,,,,,,,,,,,,,2019-02-23 07:19:28+00:00,2019-02-23 07:19:28+00:00,0,4196,20,北谷,2026-10-01T20:50:19.593663
2019,2019022301,2019-02-23 13:01:00+09:00,74418988,120103.0,1,5,オープン戦,1.0,1回裏,1,青木,小林,飯塚,木内,,,1,4,中日,D,,3,ＤｅＮＡ,DB,,,,,,,3球目:ワンバウンドのチェンジアップを見逃してボール 2-1,3 Tamame: One Bound no Change Up wo Minogashite Ball 2-1,,,,,3,,,,,,,,,,,,,,,,,,,,,,,,,,,,,,,,,,,,,,,,,,,,,,,,2019-02-23 07:19:28+00:00,2019-02-23 07:19:28+00:00,0,4196,20,北谷,2026-10-01T20:50:19.593663
2019,2019022301,2019-02-23 13:01:00+09:00,74418989,120104.0,1,5,オープン戦,1.0,1回裏,1,青木,小林,飯塚,木内,,,1,4,中日,D,,3,ＤｅＮＡ,DB,,,,,,,4球目:ショートゴロ 1アウト,4 Tamame: Short Grounder 1 Out,,,,,4,,,,,,,,,,,,,,,,,,,,,,,,,,,,,,,,,,,,,,,,,,,,,,,,2019-02-23 07:19:28+00:00,2019-02-23 07:19:28+00:00,0,4196,20,北谷,2026-10-01T20:50:19.593663
2019,2019022301,2019-02-23 13:01:00+09:00,74418990,120200.0,1,5,オープン戦,1.0,1回裏,2,青木,小林,飯塚,木内,,,1,4,中日,D,,3,ＤｅＮＡ,DB,,,,,,,＜2番：大島＞一死走者なし,<2 Ban: Ooshima> Ichi Shi Sousha Nashi,,,,,0,,,,,,,,,,,,,,,,,,,,,,,,,,,,,,,,,,,,,,,,,,,,,,,,2019-02-23 07:19:28+00:00,2019-02-23 07:19:28+00:00,0,4196,20,北谷,2026-10-01T20:50:19.593663
2019,2019022301,2019-02-23 13:01:00+09:00,74418991,120201.0,1,5,オープン戦,1.0,1回裏,2,青木,小林,飯塚,木内,,,1,4,中日,D,,3,ＤｅＮＡ,DB,,,,,,,1球目:内角低め115キロのナックルカーブを見逃してボール 1-0,1 Tamame: Naikaku Hikume 115 Kilo no Knuckle Curve wo Minogashite Ball 1-0,,,,,1,,,,,,,,,,,,,,,,,,,,,,,,,,,,,,,,,,,,,,,,,,,,,,,,2019-02-23 07:19:28+00:00,2019-02-23 07:19:28+00:00,0,4196,20,北谷,2026-10-01T20:50:19.593663
2019,2019022301,2019-02-23 13:01:00+09:00,74418992,120202.0,1,5,オープン戦,1.0,1回裏,2,青木,小林,飯塚,木内,,,1,4,中日,D,,3,ＤｅＮＡ,DB,,,,,,,2球目:外角高めのチェンジアップを見逃してボール 2-0,2 Tamame: Gaikaku Takame no Change Up wo Minogashite Ball 2-0,,,,,2,,,,,,,,,,,,,,,,,,,,,,,,,,,,,,,,,,,,,,,,,,,,,,,,2019-02-23 07:19:28+00:00,2019-02-23 07:19:28+00:00,0,4196,20,北谷,2026-10-01T20:50:19.593663
2019,2019022301,2019-02-23 13:01:00+09:00,74418993,120203.0,1,5,オープン戦,1.0,1回裏,2,青木,小林,飯塚,木内,,,1,4,中日,D,,3,ＤｅＮＡ,DB,,,,,,,3球目:ファウルフライを筒香(左)がつかんでバッターアウト 2アウト,3 Tamame: Foul Fly wo Tsutsuga (Hidari) ga Tsukande Batter Out 2 Out,,,,,3,,,,,,,,,,,,,,,,,,,,,,,,,,,,,,,,,,,,,,,,,,,,,,,,2019-02-23 07:19:28+00:00,2019-02-23 07:19:28+00:00,0,4196,20,北谷,2026-10-01T20:50:19.593663
2019,2019022301,2019-02-23 13:01:00+09:00,74418994,120300.0,1,5,オープン戦,1.0,1回裏,3,青木,小林,飯塚,木内,,,1,4,中日,D,,3,ＤｅＮＡ,DB,,,,,,,＜3番：平田＞二死走者なし,<3 Ban: Hirata> Ni Shi Sousha Nashi,,,,,0,,,,,,,,,,,,,,,,,,,,,,,,,,,,,,,,,,,,,,,,,,,,,,,,2019-02-23 07:19:28+00:00,2019-02-23 07:19:28+00:00,0,4196,20,北谷,2026-10-01T20:50:19.593663
2019,2019022301,2019-02-23 13:01:00+09:00,74418995,120301.0,1,5,オープン戦,1.0,1回裏,3,青木,小林,飯塚,木内,,,1,4,中日,D,,3,ＤｅＮＡ,DB,,,,,,,1球目:内角低めの変化球を見逃してボール 1-0,1 Tamame: Naikaku Hikume no Henka Kyuu wo Minogashite Ball 1-0,,,,,1,,,,,,,,,,,,,,,,,,,,,,,,,,,,,,,,,,,,,,,,,,,,,,,,2019-02-23 07:19:28+00:00,2019-02-23 07:19:28+00:00,0,4196,20,北谷,2026-10-01T20:50:19.593663
2019,2019022301,2019-02-23 13:01:00+09:00,74418996,120302.0,1,5,オープン戦,1.0,1回裏,3,青木,小林,飯塚,木内,,,1,4,中日,D,,3,ＤｅＮＡ,DB,,,,,,,2球目:サードゴロ 3アウトチェンジ,2 Tamame: Third Grounder 3 Out Change,,,,,2,,,,,,,,,,,,,,,,,,,,,,,,,,,,,,,,,,,,,,,,,,,,,,,,2019-02-23 07:19:28+00:00,2019-02-23 07:19:28+00:00,0,4196,20,北谷,2026-10-01T20:50:19.593663
2019,2019022301,2019-02-23 13:01:00+09:00,74418997,210100.0,1,5,オープン戦,2.0,2回表,1,青木,小林,飯塚,木内,,,1,4,中日,D,,3,ＤｅＮＡ,DB,,,,,,,2回表 中0-0デ　ＤｅＮＡは5番ロペスからの攻撃,2 Kai Hyouchuu 0-0 Des Dena wa 5 Ban Ropesu kara no Kougeki,,,,,0,,,,,,,,,,,,,,,,,,,,,,,,,,,,,,,,,,,,,,,,,,,,,,,,2019-02-23 07:19:28+00:00,2019-02-23 07:19:28+00:00,0,4196,20,北谷,2026-10-01T20:50:19.593663
2019,2019022301,2019-02-23 13:01:00+09:00,74418998,210100.0,1,5,オープン戦,2.0,2回表,1,青木,小林,飯塚,木内,,,1,4,中日,D,,3,ＤｅＮＡ,DB,,,,,,,＜5番：ロペス＞無死走者なし,<5 Ban: Ropesu> Mushi Sousha Nashi,,,,,0,,,,,,,,,,,,,,,,,,,,,,,,,,,,,,,,,,,,,,,,,,,,,,,,2019-02-23 07:19:28+00:00,2019-02-23 07:19:28+00:00,0,4196,20,北谷,2026-10-01T20:50:19.593663
2019,2019022301,2019-02-23 13:01:00+09:00,74418999,210101.0,1,5,オープン戦,2.0,2回表,1,青木,小林,飯塚,木内,,,1,4,中日,D,,3,ＤｅＮＡ,DB,,,,,,,1球目:外角低めの変化球を見逃してボール 1-0,1 Tamame: Gaikaku Hikume no Henka Kyuu wo Minogashite Ball 1-0,,,,,1,,,,,,,,,,,,,,,,,,,,,,,,,,,,,,,,,,,,,,,,,,,,,,,,2019-02-23 07:19:28+00:00,2019-02-23 07:19:28+00:00,0,4196,20,北谷,2026-10-01T20:50:19.593663
2019,2019022301,2019-02-23 13:01:00+09:00,74419000,210102.0,1,5,オープン戦,2.0,2回表,1,青木,小林,飯塚,木内,,,1,4,中日,D,,3,ＤｅＮＡ,DB,,,,,,,2球目:外角高めのストレートを見逃してボール 2-0,2 Tamame: Gaikaku Takame no Straight wo Minogashite Ball 2-0,,,,,2,,,,,,,,,,,,,,,,,,,,,,,,,,,,,,,,,,,,,,,,,,,,,,,,2019-02-23 07:19:28+00:00,2019-02-23 07:19:28+00:00,0,4196,20,北谷,2026-10-01T20:50:19.593663
2019,2019022301,2019-02-23 13:01:00+09:00,74419001,210103.0,1,5,オープン戦,2.0,2回表,1,青木,小林,飯塚,木内,,,1,4,中日,D,,3,ＤｅＮＡ,DB,,,,,,,3球目:外角の変化球を打ってファウル 2-1,3 Tamame: Gaikaku no Henka Kyuu wo Utte Foul 2-1,,,,,3,,,,,,,,,,,,,,,,,,,,,,,,,,,,,,,,,,,,,,,,,,,,,,,,2019-02-23 07:19:28+00:00,2019-02-23 07:19:28+00:00,0,4196,20,北谷,2026-10-01T20:50:19.593663
2019,2019022301,2019-02-23 13:01:00+09:00,74419002,210104.0,1,5,オープン戦,2.0,2回表,1,青木,小林,飯塚,木内,,,1,4,中日,D,,3,ＤｅＮＡ,DB,,,,,,,4球目:フェンス直撃の二塁打を放つ 2塁,4 Tamame: Fence Chokugeki no Niruida wo Hanatsu 2 Rui,,,,,4,,,,,,,,,,,,,,,,,,,,,,,,,,,,,,,,,,,,,,,,,,,,,,,,2019-02-23 07:19:28+00:00,2019-02-23 07:19:28+00:00,0,4196,20,北谷,2026-10-01T20:50:19.593663
2019,2019022301,2019-02-23 13:01:00+09:00,74419003,210200.0,1,5,オープン戦,2.0,2回表,2,青木,小林,飯塚,木内,,,1,4,中日,D,,3,ＤｅＮＡ,DB,,,,,,,＜6番：佐野＞無死2塁,<6 Ban: Sano> Mushi 2 Rui,,,,,0,,,,,,,,,,,,,,,,,,,,,,,,,,,,,,,,,,,,,,,,,,,,,,,,2019-02-23 07:19:28+00:00,2019-02-23 07:19:28+00:00,0,4196,20,北谷,2026-10-01T20:50:19.593663
2019,2019022301,2019-02-23 13:01:00+09:00,74419004,210201.0,1,5,オープン戦,2.0,2回表,2,青木,小林,飯塚,木内,,,1,4,中日,D,,3,ＤｅＮＡ,DB,,,,,,,1球目:低めのシュートを打ちにいくもファウル 0-1,1 Tamame: Hikume no Shoot wo Uchi ni Iku mo Foul 0-1,,,,,1,,,,,,,,,,,,,,,,,,,,,,,,,,,,,,,,,,,,,,,,,,,,,,,,2019-02-23 07:19:28+00:00,2019-02-23 07:19:28+00:00,0,4196,20,北谷,2026-10-01T20:50:19.593663
2019,2019022301,2019-02-23 13:01:00+09:00,74419005,210202.0,1,5,オープン戦,2.0,2回表,2,青木,小林,飯塚,木内,,,1,4,中日,D,,3,ＤｅＮＡ,DB,,,,,,,2球目:外角高めの球を打つもレフトフライ 1アウト,2 Tamame: Gaikaku Takame no Tama wo Utsu mo Left Fly 1 Out,,,,,2,,,,,,,,,,,,,,,,,,,,,,,,,,,,,,,,,,,,,,,,,,,,,,,,2019-02-23 07:19:28+00:00,2019-02-23 07:19:28+00:00,0,4196,20,北谷,2026-10-01T20:50:19.593663
2019,2019022301,2019-02-23 13:01:00+09:00,74419006,210300.0,1,5,オープン戦,2.0,2回表,3,青木,小林,飯塚,木内,,,1,4,中日,D,,3,ＤｅＮＡ,DB,,,,,,,＜7番：伊藤光＞一死2塁,<7 Ban: Itou Hikari> Ichi Shi 2 Rui,,,,,0,,,,,,,,,,,,,,,,,,,,,,,,,,,,,,,,,,,,,,,,,,,,,,,,2019-02-23 07:19:28+00:00,2019-02-23 07:19:28+00:00,0,4196,20,北谷,2026-10-01T20:50:19.593663
2019,2019022301,2019-02-23 13:01:00+09:00,74419007,210301.0,1,5,オープン戦,2.0,2回表,3,青木,小林,飯塚,木内,,,1,4,中日,D,,3,ＤｅＮＡ,DB,,,,,,,1球目:内角のシュートを見逃してストライク 0-1,1 Tamame: Naikaku no Shoot wo Minogashite Strike 0-1,,,,,1,,,,,,,,,,,,,,,,,,,,,,,,,,,,,,,,,,,,,,,,,,,,,,,,2019-02-23 07:19:28+00:00,2019-02-23 07:19:28+00:00,0,4196,20,北谷,2026-10-01T20:50:19.593663
2019,2019022301,2019-02-23 13:01:00+09:00,74419008,210302.0,1,5,オープン戦,2.0,2回表,3,青木,小林,飯塚,木内,,,1,4,中日,D,,3,ＤｅＮＡ,DB,,,,,,,2球目:外角のスライダーにバットが止まりボール 1-1,2 Tamame: Gaikaku no Slider ni Batto ga Tomari Ball 1-1,,,,,2,,,,,,,,,,,,,,,,,,,,,,,,,,,,,,,,,,,,,,,,,,,,,,,,2019-02-23 07:19:28+00:00,2019-02-23 07:19:28+00:00,0,4196,20,北谷,2026-10-01T20:50:19.593663
2019,2019022301,2019-02-23 13:01:00+09:00,74419009,210303.0,1,5,オープン戦,2.0,2回表,3,青木,小林,飯塚,木内,,,1,4,中日,D,,3,ＤｅＮＡ,DB,,,,,,,3球目:低めの変化球を空振りストライク 1-2,3 Tamame: Hikume no Henka Kyuu wo Karaburi Strike 1-2,,,,,3,,,,,,,,,,,,,,,,,,,,,,,,,,,,,,,,,,,,,,,,,,,,,,,,2019-02-23 07:19:28+00:00,2019-02-23 07:19:28+00:00,0,4196,20,北谷,2026-10-01T20:50:19.593663
2019,2019022301,2019-02-23 13:01:00+09:00,74419010,210304.0,1,5,オープン戦,2.0,2回表,3,青木,小林,飯塚,木内,,,1,4,中日,D,,3,ＤｅＮＡ,DB,,,,,,,4球目:外角低めの変化球を見逃してボール 2-2,4 Tamame: Gaikaku Hikume no Henka Kyuu wo Minogashite Ball 2-2,,,,,4,,,,,,,,,,,,,,,,,,,,,,,,,,,,,,,,,,,,,,,,,,,,,,,,2019-02-23 07:19:28+00:00,2019-02-23 07:19:28+00:00,0,4196,20,北谷,2026-10-01T20:50:19.593663
2019,2019022301,2019-02-23 13:01:00+09:00,74419011,210305.0,1,5,オープン戦,2.0,2回表,3,青木,小林,飯塚,木内,,,1,4,中日,D,,3,ＤｅＮＡ,DB,,,,,,,5球目:低めの真っ直ぐを打つもセンターフライ 2アウト,5 Tamame: Hikume no Massugu wo Utsu mo Center Fly 2 Out,,,,,5,,,,,,,,,,,,,,,,,,,,,,,,,,,,,,,,,,,,,,,,,,,,,,,,2019-02-23 07:19:28+00:00,2019-02-23 07:19:28+00:00,0,4196,20,北谷,2026-10-01T20:50:19.593663
2019,2019022301,2019-02-23 13:01:00+09:00,74419012,210400.0,1,5,オープン戦,2.0,2回表,4,青木,小林,飯塚,木内,,,1,4,中日,D,,3,ＤｅＮＡ,DB,,,,,,,＜8番：大和＞二死2塁,<8 Ban: Yamato> Ni Shi 2 Rui,,,,,0,,,,,,,,,,,,,,,,,,,,,,,,,,,,,,,,,,,,,,,,,,,,,,,,2019-02-23 07:19:28+00:00,2019-02-23 07:19:28+00:00,0,4196,20,北谷,2026-10-01T20:50:19.593663
2019,2019022301,2019-02-23 13:01:00+09:00,74419013,210401.0,1,5,オープン戦,2.0,2回表,4,青木,小林,飯塚,木内,,,1,4,中日,D,,3,ＤｅＮＡ,DB,,,,,,,1球目:外角低めの変化球を見逃してストライク 0-1,1 Tamame: Gaikaku Hikume no Henka Kyuu wo Minogashite Strike 0-1,,,,,1,,,,,,,,,,,,,,,,,,,,,,,,,,,,,,,,,,,,,,,,,,,,,,,,2019-02-23 07:19:28+00:00,2019-02-23 07:19:28+00:00,0,4196,20,北谷,2026-10-01T20:50:19.593663
2019,2019022301,2019-02-23 13:01:00+09:00,74419014,210402.0,1,5,オープン戦,2.0,2回表,4,青木,小林,飯塚,木内,,,1,4,中日,D,,3,ＤｅＮＡ,DB,,,,,,,2球目:2アウト2塁の0-1からレフトへの先制タイムリーヒット！ 中0-1デ 1塁,2 Tamame:2 Out 2 Rui no 0-1 kara Left e no Sensei Timely Hit! Chuu0-1 Des 1 Rui,,,,,2,,,,,,,,,,,,,,,,,,,,,,,,,,,,,,,,,,,,,,,,,,,,,,,,2019-02-23 07:19:28+00:00,2019-02-23 07:19:28+00:00,0,4196,20,北谷,2026-10-01T20:50:19.593663
2019,2019022301,2019-02-23 13:01:00+09:00,74419015,210500.0,1,5,オープン戦,2.0,2回表,5,青木,小林,飯塚,木内,,,1,4,中日,D,,3,ＤｅＮＡ,DB,,,,,,,＜9番：桑原＞二死1塁,<9 Ban: Kuwahara> Ni Shi 1 Rui,,,,,0,,,,,,,,,,,,,,,,,,,,,,,,,,,,,,,,,,,,,,,,,,,,,,,,2019-02-23 07:19:28+00:00,2019-02-23 07:19:28+00:00,0,4196,20,北谷,2026-10-01T20:50:19.593663
2019,2019022301,2019-02-23 13:01:00+09:00,74419016,210501.0,1,5,オープン戦,2.0,2回表,5,青木,小林,飯塚,木内,,,1,4,中日,D,,3,ＤｅＮＡ,DB,,,,,,,1球目:内角高めのシュートを見逃してストライク 0-1,1 Tamame: Naikaku Takame no Shoot wo Minogashite Strike 0-1,,,,,1,,,,,,,,,,,,,,,,,,,,,,,,,,,,,,,,,,,,,,,,,,,,,,,,2019-02-23 07:19:28+00:00,2019-02-23 07:19:28+00:00,0,4196,20,北谷,2026-10-01T20:50:19.593663
2019,2019022301,2019-02-23 13:01:00+09:00,74419017,210502.0,1,5,オープン戦,2.0,2回表,5,青木,小林,飯塚,木内,,,1,4,中日,D,,3,ＤｅＮＡ,DB,,,,,,,2球目:内角低めのシュートを見逃してボール 1-1,2 Tamame: Naikaku Hikume no Shoot wo Minogashite Ball 1-1,,,,,2,,,,,,,,,,,,,,,,,,,,,,,,,,,,,,,,,,,,,,,,,,,,,,,,2019-02-23 07:19:28+00:00,2019-02-23 07:19:28+00:00,0,4196,20,北谷,2026-10-01T20:50:19.593663
2019,2019022301,2019-02-23 13:01:00+09:00,74419018,210503.0,1,5,オープン戦,2.0,2回表,5,青木,小林,飯塚,木内,,,1,4,中日,D,,3,ＤｅＮＡ,DB,,,,,,,3球目:ショートゴロ 3アウトチェンジ,3 Tamame: Short Grounder 3 Out Change,,,,,3,,,,,,,,,,,,,,,,,,,,,,,,,,,,,,,,,,,,,,,,,,,,,,,,2019-02-23 07:19:28+00:00,2019-02-23 07:19:28+00:00,0,4196,20,北谷,2026-10-01T20:50:19.593663
2019,2019022301,2019-02-23 13:01:00+09:00,74419019,220100.0,1,5,オープン戦,2.0,2回裏,1,青木,小林,飯塚,木内,,,1,4,中日,D,,3,ＤｅＮＡ,DB,,,,,,,2回裏 中0-1デ　中日は4番ビシエドからの攻撃,2 Kairichuu 0-1 Des Chuunichi wa 4 Ban Bishiedo kara no Kougeki,,,,,0,,,,,,,,,,,,,,,,,,,,,,,,,,,,,,,,,,,,,,,,,,,,,,,,2019-02-23 07:19:28+00:00,2019-02-23 07:19:28+00:00,0,4196,20,北谷,2026-10-01T20:50:19.593663
2019,2019022301,2019-02-23 13:01:00+09:00,74419020,220100.0,1,5,オープン戦,2.0,2回裏,1,青木,小林,飯塚,木内,,,1,4,中日,D,,3,ＤｅＮＡ,DB,,,,,,,＜4番：ビシエド＞無死走者なし,<4 Ban: Bishiedo> Mushi Sousha Nashi,,,,,0,,,,,,,,,,,,,,,,,,,,,,,,,,,,,,,,,,,,,,,,,,,,,,,,2019-02-23 07:19:28+00:00,2019-02-23 07:19:28+00:00,0,4196,20,北谷,2026-10-01T20:50:19.593663
2019,2019022301,2019-02-23 13:01:00+09:00,74419021,220101.0,1,5,オープン戦,2.0,2回裏,1,青木,小林,飯塚,木内,,,1,4,中日,D,,3,ＤｅＮＡ,DB,,,,,,,1球目:外角低めのナックルカーブを見逃してボール 1-0,1 Tamame: Gaikaku Hikume no Knuckle Curve wo Minogashite Ball 1-0,,,,,1,,,,,,,,,,,,,,,,,,,,,,,,,,,,,,,,,,,,,,,,,,,,,,,,2019-02-23 07:19:28+00:00,2019-02-23 07:19:28+00:00,0,4196,20,北谷,2026-10-01T20:50:19.593663
2019,2019022301,2019-02-23 13:01:00+09:00,74419022,220102.0,1,5,オープン戦,2.0,2回裏,1,青木,小林,飯塚,木内,,,1,4,中日,D,,3,ＤｅＮＡ,DB,,,,,,,2球目:セカンドゴロ 1アウト,2 Tamame: Sekando Grounder 1 Out,,,,,2,,,,,,,,,,,,,,,,,,,,,,,,,,,,,,,,,,,,,,,,,,,,,,,,2019-02-23 07:19:28+00:00,2019-02-23 07:19:28+00:00,0,4196,20,北谷,2026-10-01T20:50:19.593663
2019,2019022301,2019-02-23 13:01:00+09:00,74419023,220200.0,1,5,オープン戦,2.0,2回裏,2,青木,小林,飯塚,木内,,,1,4,中日,D,,3,ＤｅＮＡ,DB,,,,,,,＜5番：アルモンテ＞一死走者なし,<5 Ban: Arumonte> Ichi Shi Sousha Nashi,,,,,0,,,,,,,,,,,,,,,,,,,,,,,,,,,,,,,,,,,,,,,,,,,,,,,,2019-02-23 07:19:28+00:00,2019-02-23 07:19:28+00:00,0,4196,20,北谷,2026-10-01T20:50:19.593663
2019,2019022301,2019-02-23 13:01:00+09:00,74419024,220201.0,1,5,オープン戦,2.0,2回裏,2,青木,小林,飯塚,木内,,,1,4,中日,D,,3,ＤｅＮＡ,DB,,,,,,,1球目:内角高めのストレートを見逃してストライク 0-1,1 Tamame: Naikaku Takame no Straight wo Minogashite Strike 0-1,,,,,1,,,,,,,,,,,,,,,,,,,,,,,,,,,,,,,,,,,,,,,,,,,,,,,,2019-02-23 07:19:28+00:00,2019-02-23 07:19:28+00:00,0,4196,20,北谷,2026-10-01T20:50:19.593663
2019,2019022301,2019-02-23 13:01:00+09:00,74419025,220202.0,1,5,オープン戦,2.0,2回裏,2,青木,小林,飯塚,木内,,,1,4,中日,D,,3,ＤｅＮＡ,DB,,,,,,,2球目:ワンバウンドのフォークを見逃してボール 1-1,2 Tamame: One Bound no Fork wo Minogashite Ball 1-1,,,,,2,,,,,,,,,,,,,,,,,,,,,,,,,,,,,,,,,,,,,,,,,,,,,,,,2019-02-23 07:19:28+00:00,2019-02-23 07:19:28+00:00,0,4196,20,北谷,2026-10-01T20:50:19.593663
2019,2019022301,2019-02-23 13:01:00+09:00,74419026,220203.0,1,5,オープン戦,2.0,2回裏,2,青木,小林,飯塚,木内,,,1,4,中日,D,,3,ＤｅＮＡ,DB,,,,,,,3球目:セカンドゴロ 2アウト,3 Tamame: Sekando Grounder 2 Out,,,,,3,,,,,,,,,,,,,,,,,,,,,,,,,,,,,,,,,,,,,,,,,,,,,,,,2019-02-23 07:19:28+00:00,2019-02-23 07:19:28+00:00,0,4196,20,北谷,2026-10-01T20:50:19.593663
2019,2019022301,2019-02-23 13:01:00+09:00,74419027,220300.0,1,5,オープン戦,2.0,2回裏,3,青木,小林,飯塚,木内,,,1,4,中日,D,,3,ＤｅＮＡ,DB,,,,,,,＜6番：高橋＞二死走者なし,<6 Ban: Takahashi> Ni Shi Sousha Nashi,,,,,0,,,,,,,,,,,,,,,,,,,,,,,,,,,,,,,,,,,,,,,,,,,,,,,,2019-02-23 07:19:28+00:00,2019-02-23 07:19:28+00:00,0,4196,20,北谷,2026-10-01T20:50:19.593663
2019,2019022301,2019-02-23 13:01:00+09:00,74419028,220301.0,1,5,オープン戦,2.0,2回裏,3,青木,小林,飯塚,木内,,,1,4,中日,D,,3,ＤｅＮＡ,DB,,,,,,,1球目:内角のカットボールを打つも自打球となりファウル 0-1,1 Tamame: Naikaku no Cut Ball wo Utsu mo Ji Dakyuu to Nari Foul 0-1,,,,,1,,,,,,,,,,,,,,,,,,,,,,,,,,,,,,,,,,,,,,,,,,,,,,,,2019-02-23 07:19:28+00:00,2019-02-23 07:19:28+00:00,0,4196,20,北谷,2026-10-01T20:50:19.593663
2019,2019022301,2019-02-23 13:01:00+09:00,74419029,220302.0,1,5,オープン戦,2.0,2回裏,3,青木,小林,飯塚,木内,,,1,4,中日,D,,3,ＤｅＮＡ,DB,,,,,,,2球目:外角低めのナックルカーブを打ってファウル 0-2,2 Tamame: Gaikaku Hikume no Knuckle Curve wo Utte Foul 0-2,,,,,2,,,,,,,,,,,,,,,,,,,,,,,,,,,,,,,,,,,,,,,,,,,,,,,,2019-02-23 07:19:28+00:00,2019-02-23 07:19:28+00:00,0,4196,20,北谷,2026-10-01T20:50:19.593663
2019,2019022301,2019-02-23 13:01:00+09:00,74419030,220303.0,1,5,オープン戦,2.0,2回裏,3,青木,小林,飯塚,木内,,,1,4,中日,D,,3,ＤｅＮＡ,DB,,,,,,,3球目:外角のツーシームを打つもバットを折られファウル 0-2,3 Tamame: Gaikaku no Two Seam wo Utsu mo Batto wo Orare Foul 0-2,,,,,3,,,,,,,,,,,,,,,,,,,,,,,,,,,,,,,,,,,,,,,,,,,,,,,,2019-02-23 07:19:28+00:00,2019-02-23 07:19:28+00:00,0,4196,20,北谷,2026-10-01T20:50:19.593663
2019,2019022301,2019-02-23 13:01:00+09:00,74419031,220304.0,1,5,オープン戦,2.0,2回裏,3,青木,小林,飯塚,木内,,,1,4,中日,D,,3,ＤｅＮＡ,DB,,,,,,,4球目:ワンバウンドのナックルカーブを見逃してボール 1-2,4 Tamame: One Bound no Knuckle Curve wo Minogashite Ball 1-2,,,,,4,,,,,,,,,,,,,,,,,,,,,,,,,,,,,,,,,,,,,,,,,,,,,,,,2019-02-23 07:19:28+00:00,2019-02-23 07:19:28+00:00,0,4196,20,北谷,2026-10-01T20:50:19.593663
2019,2019022301,2019-02-23 13:01:00+09:00,74419032,220305.0,1,5,オープン戦,2.0,2回裏,3,青木,小林,飯塚,木内,,,1,4,中日,D,,3,ＤｅＮＡ,DB,,,,,,,5球目:内角高めのストレートを見逃してボール 2-2,5 Tamame: Naikaku Takame no Straight wo Minogashite Ball 2-2,,,,,5,,,,,,,,,,,,,,,,,,,,,,,,,,,,,,,,,,,,,,,,,,,,,,,,2019-02-23 07:19:28+00:00,2019-02-23 07:19:28+00:00,0,4196,20,北谷,2026-10-01T20:50:19.593663
2019,2019022301,2019-02-23 13:01:00+09:00,74419033,220306.0,1,5,オープン戦,2.0,2回裏,3,青木,小林,飯塚,木内,,,1,4,中日,D,,3,ＤｅＮＡ,DB,,,,,,,6球目:ショートゴロ 3アウトチェンジ,6 Tamame: Short Grounder 3 Out Change,,,,,6,,,,,,,,,,,,,,,,,,,,,,,,,,,,,,,,,,,,,,,,,,,,,,,,2019-02-23 07:19:28+00:00,2019-02-23 07:19:28+00:00,0,4196,20,北谷,2026-10-01T20:50:19.593663
2019,2019022301,2019-02-23 13:01:00+09:00,74419034,310100.0,1,5,オープン戦,3.0,3回表,1,青木,小林,飯塚,木内,,,1,4,中日,D,,3,ＤｅＮＡ,DB,,,,,,,3回表 中0-1デ　ＤｅＮＡは1番神里からの攻撃,3 Kai Hyouchuu 0-1 Des Dena wa 1 Ban Kamisato kara no Kougeki,,,,,0,,,,,,,,,,,,,,,,,,,,,,,,,,,,,,,,,,,,,,,,,,,,,,,,2019-02-23 07:19:28+00:00,2019-02-23 07:19:28+00:00,0,4196,20,北谷,2026-10-01T20:50:19.593663
2019,2019022301,2019-02-23 13:01:00+09:00,74419035,310100.0,1,5,オープン戦,3.0,3回表,1,青木,小林,飯塚,木内,,,1,4,中日,D,,3,ＤｅＮＡ,DB,,,,,,,投手交代:吉見→笠原,Toushu Koutai: Yoshimi Kasahara,,,,,0,,,,,,,,,,,,,,,,,,,,,,,,,,,,,,,,,,,,,,,,,,,,,,,,2019-02-23 07:19:28+00:00,2019-02-23 07:19:28+00:00,0,4196,20,北谷,2026-10-01T20:50:19.593663
2019,2019022301,2019-02-23 13:01:00+09:00,74419036,310100.0,1,5,オープン戦,3.0,3回表,1,青木,小林,飯塚,木内,,,1,4,中日,D,,3,ＤｅＮＡ,DB,,,,,,,＜1番：神里＞無死走者なし,<1 Ban: Kamisato> Mushi Sousha Nashi,,,,,0,,,,,,,,,,,,,,,,,,,,,,,,,,,,,,,,,,,,,,,,,,,,,,,,2019-02-23 07:19:28+00:00,2019-02-23 07:19:28+00:00,0,4196,20,北谷,2026-10-01T20:50:19.593663
2019,2019022301,2019-02-23 13:01:00+09:00,74419037,310101.0,1,5,オープン戦,3.0,3回表,1,青木,小林,飯塚,木内,,,1,4,中日,D,,3,ＤｅＮＡ,DB,,,,,,,1球目:外角低めのストレートを見逃してボール 1-0,1 Tamame: Gaikaku Hikume no Straight wo Minogashite Ball 1-0,,,,,1,,,,,,,,,,,,,,,,,,,,,,,,,,,,,,,,,,,,,,,,,,,,,,,,2019-02-23 07:19:28+00:00,2019-02-23 07:19:28+00:00,0,4196,20,北谷,2026-10-01T20:50:19.593663
2019,2019022301,2019-02-23 13:01:00+09:00,74419038,310102.0,1,5,オープン戦,3.0,3回表,1,青木,小林,飯塚,木内,,,1,4,中日,D,,3,ＤｅＮＡ,DB,,,,,,,2球目:外角低めのカットボールを見逃してストライク 1-1,2 Tamame: Gaikaku Hikume no Cut Ball wo Minogashite Strike 1-1,,,,,2,,,,,,,,,,,,,,,,,,,,,,,,,,,,,,,,,,,,,,,,,,,,,,,,2019-02-23 07:19:28+00:00,2019-02-23 07:19:28+00:00,0,4196,20,北谷,2026-10-01T20:50:19.593663
2019,2019022301,2019-02-23 13:01:00+09:00,74419039,310103.0,1,5,オープン戦,3.0,3回表,1,青木,小林,飯塚,木内,,,1,4,中日,D,,3,ＤｅＮＡ,DB,,,,,,,3球目:高めのストレートを打つもセンターフライ 1アウト,3 Tamame: Takame no Straight wo Utsu mo Center Fly 1 Out,,,,,3,,,,,,,,,,,,,,,,,,,,,,,,,,,,,,,,,,,,,,,,,,,,,,,,2019-02-23 07:19:28+00:00,2019-02-23 07:19:28+00:00,0,4196,20,北谷,2026-10-01T20:50:19.593663
2019,2019022301,2019-02-23 13:01:00+09:00,74419040,310200.0,1,5,オープン戦,3.0,3回表,2,青木,小林,飯塚,木内,,,1,4,中日,D,,3,ＤｅＮＡ,DB,,,,,,,＜2番：宮崎＞一死走者なし,<2 Ban: Miyazaki> Ichi Shi Sousha Nashi,,,,,0,,,,,,,,,,,,,,,,,,,,,,,,,,,,,,,,,,,,,,,,,,,,,,,,2019-02-23 07:19:28+00:00,2019-02-23 07:19:28+00:00,0,4196,20,北谷,2026-10-01T20:50:19.593663
2019,2019022301,2019-02-23 13:01:00+09:00,74419041,310201.0,1,5,オープン戦,3.0,3回表,2,青木,小林,飯塚,木内,,,1,4,中日,D,,3,ＤｅＮＡ,DB,,,,,,,1球目:高めのカーブを見逃してストライク 0-1,1 Tamame: Takame no Curve wo Minogashite Strike 0-1,,,,,1,,,,,,,,,,,,,,,,,,,,,,,,,,,,,,,,,,,,,,,,,,,,,,,,2019-02-23 07:19:28+00:00,2019-02-23 07:19:28+00:00,0,4196,20,北谷,2026-10-01T20:50:19.593663
2019,2019022301,2019-02-23 13:01:00+09:00,74419042,310202.0,1,5,オープン戦,3.0,3回表,2,青木,小林,飯塚,木内,,,1,4,中日,D,,3,ＤｅＮＡ,DB,,,,,,,2球目:外角高めのチェンジアップを見逃してボール 1-1,2 Tamame: Gaikaku Takame no Change Up wo Minogashite Ball 1-1,,,,,2,,,,,,,,,,,,,,,,,,,,,,,,,,,,,,,,,,,,,,,,,,,,,,,,2019-02-23 07:19:28+00:00,2019-02-23 07:19:28+00:00,0,4196,20,北谷,2026-10-01T20:50:19.593663
2019,2019022301,2019-02-23 13:01:00+09:00,74419043,310203.0,1,5,オープン戦,3.0,3回表,2,青木,小林,飯塚,木内,,,1,4,中日,D,,3,ＤｅＮＡ,DB,,,,,,,3球目:外角低めのストレートを打つもライトフライ 2アウト,3 Tamame: Gaikaku Hikume no Straight wo Utsu mo Raito Fly 2 Out,,,,,3,,,,,,,,,,,,,,,,,,,,,,,,,,,,,,,,,,,,,,,,,,,,,,,,2019-02-23 07:19:28+00:00,2019-02-23 07:19:28+00:00,0,4196,20,北谷,2026-10-01T20:50:19.593663
2019,2019022301,2019-02-23 13:01:00+09:00,74419044,310300.0,1,5,オープン戦,3.0,3回表,3,青木,小林,飯塚,木内,,,1,4,中日,D,,3,ＤｅＮＡ,DB,,,,,,,＜3番：ソト＞二死走者なし,<3 Ban: Soto> Ni Shi Sousha Nashi,,,,,0,,,,,,,,,,,,,,,,,,,,,,,,,,,,,,,,,,,,,,,,,,,,,,,,2019-02-23 07:19:28+00:00,2019-02-23 07:19:28+00:00,0,4196,20,北谷,2026-10-01T20:50:19.593663
2019,2019022301,2019-02-23 13:01:00+09:00,74419045,310301.0,1,5,オープン戦,3.0,3回表,3,青木,小林,飯塚,木内,,,1,4,中日,D,,3,ＤｅＮＡ,DB,,,,,,,1球目:レフトスタンドへのホームラン 中0-2デ,1 Tamame: Left Stand e no Home Runchuu 0-2 Des,,,,,1,,,,,,,,,,,,,,,,,,,,,,,,,,,,,,,,,,,,,,,,,,,,,,,,2019-02-23 07:19:28+00:00,2019-02-23 07:19:28+00:00,0,4196,20,北谷,2026-10-01T20:50:19.593663
2019,2019022301,2019-02-23 13:01:00+09:00,74419046,310400.0,1,5,オープン戦,3.0,3回表,4,青木,小林,飯塚,木内,,,1,4,中日,D,,3,ＤｅＮＡ,DB,,,,,,,＜4番：筒香＞二死走者なし,<4 Ban: Tsutsuga> Ni Shi Sousha Nashi,,,,,0,,,,,,,,,,,,,,,,,,,,,,,,,,,,,,,,,,,,,,,,,,,,,,,,2019-02-23 07:19:28+00:00,2019-02-23 07:19:28+00:00,0,4196,20,北谷,2026-10-01T20:50:19.593663
2019,2019022301,2019-02-23 13:01:00+09:00,74419047,310401.0,1,5,オープン戦,3.0,3回表,4,青木,小林,飯塚,木内,,,1,4,中日,D,,3,ＤｅＮＡ,DB,,,,,,,1球目:外角高めのカーブを見逃してボール 1-0,1 Tamame: Gaikaku Takame no Curve wo Minogashite Ball 1-0,,,,,1,,,,,,,,,,,,,,,,,,,,,,,,,,,,,,,,,,,,,,,,,,,,,,,,2019-02-23 07:19:28+00:00,2019-02-23 07:19:28+00:00,0,4196,20,北谷,2026-10-01T20:50:19.593663
2019,2019022301,2019-02-23 13:01:00+09:00,74419048,310402.0,1,5,オープン戦,3.0,3回表,4,青木,小林,飯塚,木内,,,1,4,中日,D,,3,ＤｅＮＡ,DB,,,,,,,2球目:外角高めのカーブを空振りストライク 1-1,2 Tamame: Gaikaku Takame no Curve wo Karaburi Strike 1-1,,,,,2,,,,,,,,,,,,,,,,,,,,,,,,,,,,,,,,,,,,,,,,,,,,,,,,2019-02-23 07:19:28+00:00,2019-02-23 07:19:28+00:00,0,4196,20,北谷,2026-10-01T20:50:19.593663
2019,2019022301,2019-02-23 13:01:00+09:00,74419049,310403.0,1,5,オープン戦,3.0,3回表,4,青木,小林,飯塚,木内,,,1,4,中日,D,,3,ＤｅＮＡ,DB,,,,,,,3球目:ショートフライ 3アウトチェンジ,3 Tamame: Short Fly 3 Out Change,,,,,3,,,,,,,,,,,,,,,,,,,,,,,,,,,,,,,,,,,,,,,,,,,,,,,,2019-02-23 07:19:28+00:00,2019-02-23 07:19:28+00:00,0,4196,20,北谷,2026-10-01T20:50:19.593663
2019,2019022301,2019-02-23 13:01:00+09:00,74419050,320100.0,1,5,オープン戦,3.0,3回裏,1,青木,小林,飯塚,木内,,,1,4,中日,D,,3,ＤｅＮＡ,DB,,,,,,,3回裏 中0-2デ　中日は7番堂上からの攻撃,3 Kairichuu 0-2 Des Chuunichi wa 7 Ban Doujou kara no Kougeki,,,,,0,,,,,,,,,,,,,,,,,,,,,,,,,,,,,,,,,,,,,,,,,,,,,,,,2019-02-23 07:19:28+00:00,2019-02-23 07:19:28+00:00,0,4196,20,北谷,2026-10-01T20:50:19.593663
2019,2019022301,2019-02-23 13:01:00+09:00,74419051,320100.0,1,5,オープン戦,3.0,3回裏,1,青木,小林,飯塚,木内,,,1,4,中日,D,,3,ＤｅＮＡ,DB,,,,,,,投手交代:バリオス→エスコバー　守備交代:サード中井　守備交代:レフト細川,Toushu Koutai: Bari Osu Esuko Bar Shubi Koutai: Third Nakai Shubi Koutai: Left Hosokawa,,,,,0,,,,,,,,,,,,,,,,,,,,,,,,,,,,,,,,,,,,,,,,,,,,,,,,2019-02-23 07:19:28+00:00,2019-02-23 07:19:28+00:00,0,4196,20,北谷,2026-10-01T20:50:19.593663
2019,2019022301,2019-02-23 13:01:00+09:00,74419052,320100.0,1,5,オープン戦,3.0,3回裏,1,青木,小林,飯塚,木内,,,1,4,中日,D,,3,ＤｅＮＡ,DB,,,,,,,＜7番：堂上＞無死走者なし,<7 Ban: Doujou> Mushi Sousha Nashi,,,,,0,,,,,,,,,,,,,,,,,,,,,,,,,,,,,,,,,,,,,,,,,,,,,,,,2019-02-23 07:19:28+00:00,2019-02-23 07:19:28+00:00,0,4196,20,北谷,2026-10-01T20:50:19.593663
2019,2019022301,2019-02-23 13:01:00+09:00,74419053,320101.0,1,5,オープン戦,3.0,3回裏,1,青木,小林,飯塚,木内,,,1,4,中日,D,,3,ＤｅＮＡ,DB,,,,,,,1球目:外角高めのストレートを見逃してボール 1-0,1 Tamame: Gaikaku Takame no Straight wo Minogashite Ball 1-0,,,,,1,,,,,,,,,,,,,,,,,,,,,,,,,,,,,,,,,,,,,,,,,,,,,,,,2019-02-23 07:19:28+00:00,2019-02-23 07:19:28+00:00,0,4196,20,北谷,2026-10-01T20:50:19.593663
2019,2019022301,2019-02-23 13:01:00+09:00,74419054,320102.0,1,5,オープン戦,3.0,3回裏,1,青木,小林,飯塚,木内,,,1,4,中日,D,,3,ＤｅＮＡ,DB,,,,,,,2球目:外角のストレートを見逃してボール 2-0,2 Tamame: Gaikaku no Straight wo Minogashite Ball 2-0,,,,,2,,,,,,,,,,,,,,,,,,,,,,,,,,,,,,,,,,,,,,,,,,,,,,,,2019-02-23 07:19:28+00:00,2019-02-23 07:19:28+00:00,0,4196,20,北谷,2026-10-01T20:50:19.593663
2019,2019022301,2019-02-23 13:01:00+09:00,74419055,320103.0,1,5,オープン戦,3.0,3回裏,1,青木,小林,飯塚,木内,,,1,4,中日,D,,3,ＤｅＮＡ,DB,,,,,,,3球目:高めのストレートを打ってファウル 2-1,3 Tamame: Takame no Straight wo Utte Foul 2-1,,,,,3,,,,,,,,,,,,,,,,,,,,,,,,,,,,,,,,,,,,,,,,,,,,,,,,2019-02-23 07:19:28+00:00,2019-02-23 07:19:28+00:00,0,4196,20,北谷,2026-10-01T20:50:19.593663
2019,2019022301,2019-02-23 13:01:00+09:00,74419056,320104.0,1,5,オープン戦,3.0,3回裏,1,青木,小林,飯塚,木内,,,1,4,中日,D,,3,ＤｅＮＡ,DB,,,,,,,4球目:外角のストレートを見逃してボール 3-1,4 Tamame: Gaikaku no Straight wo Minogashite Ball 3-1,,,,,4,,,,,,,,,,,,,,,,,,,,,,,,,,,,,,,,,,,,,,,,,,,,,,,,2019-02-23 07:19:28+00:00,2019-02-23 07:19:28+00:00,0,4196,20,北谷,2026-10-01T20:50:19.593663
2019,2019022301,2019-02-23 13:01:00+09:00,74419057,320105.0,1,5,オープン戦,3.0,3回裏,1,青木,小林,飯塚,木内,,,1,4,中日,D,,3,ＤｅＮＡ,DB,,,,,,,5球目:ど真ん中のストレートを打つもレフトフライ 1アウト,5 Tamame: Domannaka no Straight wo Utsu mo Left Fly 1 Out,,,,,5,,,,,,,,,,,,,,,,,,,,,,,,,,,,,,,,,,,,,,,,,,,,,,,,2019-02-23 07:19:28+00:00,2019-02-23 07:19:28+00:00,0,4196,20,北谷,2026-10-01T20:50:19.593663
2019,2019022301,2019-02-23 13:01:00+09:00,74419058,320200.0,1,5,オープン戦,3.0,3回裏,2,青木,小林,飯塚,木内,,,1,4,中日,D,,3,ＤｅＮＡ,DB,,,,,,,＜8番：阿部＞一死走者なし,<8 Ban: Abe> Ichi Shi Sousha Nashi,,,,,0,,,,,,,,,,,,,,,,,,,,,,,,,,,,,,,,,,,,,,,,,,,,,,,,2019-02-23 07:19:28+00:00,2019-02-23 07:19:28+00:00,0,4196,20,北谷,2026-10-01T20:50:19.593663
2019,2019022301,2019-02-23 13:01:00+09:00,74419059,320201.0,1,5,オープン戦,3.0,3回裏,2,青木,小林,飯塚,木内,,,1,4,中日,D,,3,ＤｅＮＡ,DB,,,,,,,1球目:外角低めのスライダーを見逃してボール 1-0,1 Tamame: Gaikaku Hikume no Slider wo Minogashite Ball 1-0,,,,,1,,,,,,,,,,,,,,,,,,,,,,,,,,,,,,,,,,,,,,,,,,,,,,,,2019-02-23 07:19:28+00:00,2019-02-23 07:19:28+00:00,0,4196,20,北谷,2026-10-01T20:50:19.593663
2019,2019022301,2019-02-23 13:01:00+09:00,74419060,320202.0,1,5,オープン戦,3.0,3回裏,2,青木,小林,飯塚,木内,,,1,4,中日,D,,3,ＤｅＮＡ,DB,,,,,,,2球目:外角高めのスライダーを見逃してボール 2-0,2 Tamame: Gaikaku Takame no Slider wo Minogashite Ball 2-0,,,,,2,,,,,,,,,,,,,,,,,,,,,,,,,,,,,,,,,,,,,,,,,,,,,,,,2019-02-23 07:19:28+00:00,2019-02-23 07:19:28+00:00,0,4196,20,北谷,2026-10-01T20:50:19.593663
2019,2019022301,2019-02-23 13:01:00+09:00,74419061,320203.0,1,5,オープン戦,3.0,3回裏,2,青木,小林,飯塚,木内,,,1,4,中日,D,,3,ＤｅＮＡ,DB,,,,,,,3球目:高めのストレートを打ってファウル 2-1,3 Tamame: Takame no Straight wo Utte Foul 2-1,,,,,3,,,,,,,,,,,,,,,,,,,,,,,,,,,,,,,,,,,,,,,,,,,,,,,,2019-02-23 07:19:28+00:00,2019-02-23 07:19:28+00:00,0,4196,20,北谷,2026-10-01T20:50:19.593663
2019,2019022301,2019-02-23 13:01:00+09:00,74419062,320204.0,1,5,オープン戦,3.0,3回裏,2,青木,小林,飯塚,木内,,,1,4,中日,D,,3,ＤｅＮＡ,DB,,,,,,,4球目:外角高めのストレートを見逃してボール 3-1,4 Tamame: Gaikaku Takame no Straight wo Minogashite Ball 3-1,,,,,4,,,,,,,,,,,,,,,,,,,,,,,,,,,,,,,,,,,,,,,,,,,,,,,,2019-02-23 07:19:28+00:00,2019-02-23 07:19:28+00:00,0,4196,20,北谷,2026-10-01T20:50:19.593663
2019,2019022301,2019-02-23 13:01:00+09:00,74419063,320205.0,1,5,オープン戦,3.0,3回裏,2,青木,小林,飯塚,木内,,,1,4,中日,D,,3,ＤｅＮＡ,DB,,,,,,,5球目:高めのストレートを打ってファウル 3-2,5 Tamame: Takame no Straight wo Utte Foul 3-2,,,,,5,,,,,,,,,,,,,,,,,,,,,,,,,,,,,,,,,,,,,,,,,,,,,,,,2019-02-23 07:19:28+00:00,2019-02-23 07:19:28+00:00,0,4196,20,北谷,2026-10-01T20:50:19.593663
2019,2019022301,2019-02-23 13:01:00+09:00,74419064,320206.0,1,5,オープン戦,3.0,3回裏,2,青木,小林,飯塚,木内,,,1,4,中日,D,,3,ＤｅＮＡ,DB,,,,,,,6球目:フォアボールを選ぶ 1塁,6 Tamame: Four Ball wo Erabu 1 Rui,,,,,6,,,,,,,,,,,,,,,,,,,,,,,,,,,,,,,,,,,,,,,,,,,,,,,,2019-02-23 07:19:28+00:00,2019-02-23 07:19:28+00:00,0,4196,20,北谷,2026-10-01T20:50:19.593663
2019,2019022301,2019-02-23 13:01:00+09:00,74419065,320300.0,1,5,オープン戦,3.0,3回裏,3,青木,小林,飯塚,木内,,,1,4,中日,D,,3,ＤｅＮＡ,DB,,,,,,,＜9番：加藤＞一死1塁,<9 Ban: Katou> Ichi Shi 1 Rui,,,,,0,,,,,,,,,,,,,,,,,,,,,,,,,,,,,,,,,,,,,,,,,,,,,,,,2019-02-23 07:19:28+00:00,2019-02-23 07:19:28+00:00,0,4196,20,北谷,2026-10-01T20:50:19.593663
2019,2019022301,2019-02-23 13:01:00+09:00,74419066,320301.0,1,5,オープン戦,3.0,3回裏,3,青木,小林,飯塚,木内,,,1,4,中日,D,,3,ＤｅＮＡ,DB,,,,,,,1球目:ど真ん中の球を見逃してストライク 0-1,1 Tamame: Domannaka no Tama wo Minogashite Strike 0-1,,,,,1,,,,,,,,,,,,,,,,,,,,,,,,,,,,,,,,,,,,,,,,,,,,,,,,2019-02-23 07:19:28+00:00,2019-02-23 07:19:28+00:00,0,4196,20,北谷,2026-10-01T20:50:19.593663
2019,2019022301,2019-02-23 13:01:00+09:00,74419067,320302.0,1,5,オープン戦,3.0,3回裏,3,青木,小林,飯塚,木内,,,1,4,中日,D,,3,ＤｅＮＡ,DB,,,,,,,2球目:高めのストレートを見逃してボール 1-1,2 Tamame: Takame no Straight wo Minogashite Ball 1-1,,,,,2,,,,,,,,,,,,,,,,,,,,,,,,,,,,,,,,,,,,,,,,,,,,,,,,2019-02-23 07:19:28+00:00,2019-02-23 07:19:28+00:00,0,4196,20,北谷,2026-10-01T20:50:19.593663
2019,2019022301,2019-02-23 13:01:00+09:00,74419068,320303.0,1,5,オープン戦,3.0,3回裏,3,青木,小林,飯塚,木内,,,1,4,中日,D,,3,ＤｅＮＡ,DB,,,,,,,3球目:内角低めのストレートを見逃してボール 2-1,3 Tamame: Naikaku Hikume no Straight wo Minogashite Ball 2-1,,,,,3,,,,,,,,,,,,,,,,,,,,,,,,,,,,,,,,,,,,,,,,,,,,,,,,2019-02-23 07:19:28+00:00,2019-02-23 07:19:28+00:00,0,4196,20,北谷,2026-10-01T20:50:19.593663
2019,2019022301,2019-02-23 13:01:00+09:00,74419069,320304.0,1,5,オープン戦,3.0,3回裏,3,青木,小林,飯塚,木内,,,1,4,中日,D,,3,ＤｅＮＡ,DB,,,,,,,4球目:外角のストレートを空振りストライク 2-2,4 Tamame: Gaikaku no Straight wo Karaburi Strike 2-2,,,,,4,,,,,,,,,,,,,,,,,,,,,,,,,,,,,,,,,,,,,,,,,,,,,,,,2019-02-23 07:19:28+00:00,2019-02-23 07:19:28+00:00,0,4196,20,北谷,2026-10-01T20:50:19.593663
2019,2019022301,2019-02-23 13:01:00+09:00,74419070,320305.0,1,5,オープン戦,3.0,3回裏,3,青木,小林,飯塚,木内,,,1,4,中日,D,,3,ＤｅＮＡ,DB,,,,,,,5球目:空振り三振！一塁走者阿部も盗塁失敗でダブルプレー 3アウトチェンジ,5 Tamame: Karaburi Sanshin! Ichirui Sousha Abe mo Tourui Shippai de Double Play 3 Out Change,,,,,5,,,,,,,,,,,,,,,,,,,,,,,,,,,,,,,,,,,,,,,,,,,,,,,,2019-02-23 07:19:28+00:00,2019-02-23 07:19:28+00:00,0,4196,20,北谷,2026-10-01T20:50:19.593663
2019,2019022301,2019-02-23 13:01:00+09:00,74419071,410100.0,1,5,オープン戦,4.0,4回表,1,青木,小林,飯塚,木内,,,1,4,中日,D,,3,ＤｅＮＡ,DB,,,,,,,4回表 中0-2デ　ＤｅＮＡは5番ロペスからの攻撃,4 Kai Hyouchuu 0-2 Des Dena wa 5 Ban Ropesu kara no Kougeki,,,,,0,,,,,,,,,,,,,,,,,,,,,,,,,,,,,,,,,,,,,,,,,,,,,,,,2019-02-23 07:19:28+00:00,2019-02-23 07:19:28+00:00,0,4196,20,北谷,2026-10-01T20:50:19.593663
2019,2019022301,2019-02-23 13:01:00+09:00,74419072,410100.0,1,5,オープン戦,4.0,4回表,1,青木,小林,飯塚,木内,,,1,4,中日,D,,3,ＤｅＮＡ,DB,,,,,,,＜5番：ロペス＞無死走者なし,<5 Ban: Ropesu> Mushi Sousha Nashi,,,,,0,,,,,,,,,,,,,,,,,,,,,,,,,,,,,,,,,,,,,,,,,,,,,,,,2019-02-23 07:19:28+00:00,2019-02-23 07:19:28+00:00,0,4196,20,北谷,2026-10-01T20:50:19.593663
2019,2019022301,2019-02-23 13:01:00+09:00,74419073,410101.0,1,5,オープン戦,4.0,4回表,1,青木,小林,飯塚,木内,,,1,4,中日,D,,3,ＤｅＮＡ,DB,,,,,,,1球目:高めの変化球を見逃してボール 1-0,1 Tamame: Takame no Henka Kyuu wo Minogashite Ball 1-0,,,,,1,,,,,,,,,,,,,,,,,,,,,,,,,,,,,,,,,,,,,,,,,,,,,,,,2019-02-23 07:19:28+00:00,2019-02-23 07:19:28+00:00,0,4196,20,北谷,2026-10-01T20:50:19.593663
2019,2019022301,2019-02-23 13:01:00+09:00,74419074,410102.0,1,5,オープン戦,4.0,4回表,1,青木,小林,飯塚,木内,,,1,4,中日,D,,3,ＤｅＮＡ,DB,,,,,,,2球目:レフトへのヒットで出塁 1塁,2 Tamame: Left e no Hit de Shutsurui 1 Rui,,,,,2,,,,,,,,,,,,,,,,,,,,,,,,,,,,,,,,,,,,,,,,,,,,,,,,2019-02-23 07:19:28+00:00,2019-02-23 07:19:28+00:00,0,4196,20,北谷,2026-10-01T20:50:19.593663
2019,2019022301,2019-02-23 13:01:00+09:00,74419075,410200.0,1,5,オープン戦,4.0,4回表,2,青木,小林,飯塚,木内,,,1,4,中日,D,,3,ＤｅＮＡ,DB,,,,,,,＜6番：佐野＞無死1塁,<6 Ban: Sano> Mushi 1 Rui,,,,,0,,,,,,,,,,,,,,,,,,,,,,,,,,,,,,,,,,,,,,,,,,,,,,,,2019-02-23 07:19:28+00:00,2019-02-23 07:19:28+00:00,0,4196,20,北谷,2026-10-01T20:50:19.593663
2019,2019022301,2019-02-23 13:01:00+09:00,74419076,410201.0,1,5,オープン戦,4.0,4回表,2,青木,小林,飯塚,木内,,,1,4,中日,D,,3,ＤｅＮＡ,DB,,,,,,,1球目:際どいコースのストレートを見逃してストライク 0-1,1 Tamame: Kiwadoi Course no Straight wo Minogashite Strike 0-1,,,,,1,,,,,,,,,,,,,,,,,,,,,,,,,,,,,,,,,,,,,,,,,,,,,,,,2019-02-23 07:19:28+00:00,2019-02-23 07:19:28+00:00,0,4196,20,北谷,2026-10-01T20:50:19.593663
2019,2019022301,2019-02-23 13:01:00+09:00,74419077,410202.0,1,5,オープン戦,4.0,4回表,2,青木,小林,飯塚,木内,,,1,4,中日,D,,3,ＤｅＮＡ,DB,,,,,,,2球目:外角高めのストレートを見逃してボール 1-1,2 Tamame: Gaikaku Takame no Straight wo Minogashite Ball 1-1,,,,,2,,,,,,,,,,,,,,,,,,,,,,,,,,,,,,,,,,,,,,,,,,,,,,,,2019-02-23 07:19:28+00:00,2019-02-23 07:19:28+00:00,0,4196,20,北谷,2026-10-01T20:50:19.593663
2019,2019022301,2019-02-23 13:01:00+09:00,74419078,410203.0,1,5,オープン戦,4.0,4回表,2,青木,小林,飯塚,木内,,,1,4,中日,D,,3,ＤｅＮＡ,DB,,,,,,,3球目:高めのストレートを打ってファウル 1-2,3 Tamame: Takame no Straight wo Utte Foul 1-2,,,,,3,,,,,,,,,,,,,,,,,,,,,,,,,,,,,,,,,,,,,,,,,,,,,,,,2019-02-23 07:19:28+00:00,2019-02-23 07:19:28+00:00,0,4196,20,北谷,2026-10-01T20:50:19.593663
2019,2019022301,2019-02-23 13:01:00+09:00,74419079,410204.0,1,5,オープン戦,4.0,4回表,2,青木,小林,飯塚,木内,,,1,4,中日,D,,3,ＤｅＮＡ,DB,,,,,,,4球目:外角高めのストレートを見逃してボール 2-2,4 Tamame: Gaikaku Takame no Straight wo Minogashite Ball 2-2,,,,,4,,,,,,,,,,,,,,,,,,,,,,,,,,,,,,,,,,,,,,,,,,,,,,,,2019-02-23 07:19:28+00:00,2019-02-23 07:19:28+00:00,0,4196,20,北谷,2026-10-01T20:50:19.593663
2019,2019022301,2019-02-23 13:01:00+09:00,74419080,410205.0,1,5,オープン戦,4.0,4回表,2,青木,小林,飯塚,木内,,,1,4,中日,D,,3,ＤｅＮＡ,DB,,,,,,,5球目:内角高めのストレートを見逃してボール 3-2,5 Tamame: Naikaku Takame no Straight wo Minogashite Ball 3-2,,,,,5,,,,,,,,,,,,,,,,,,,,,,,,,,,,,,,,,,,,,,,,,,,,,,,,2019-02-23 07:19:28+00:00,2019-02-23 07:19:28+00:00,0,4196,20,北谷,2026-10-01T20:50:19.593663
2019,2019022301,2019-02-23 13:01:00+09:00,74419081,410206.0,1,5,オープン戦,4.0,4回表,2,青木,小林,飯塚,木内,,,1,4,中日,D,,3,ＤｅＮＡ,DB,,,,,,,"6球目:ライトへのヒットを放つ 1,2塁","6 Tamame: Raito e no Hit wo Hanatsu 1,2 Rui",,,,,6,,,,,,,,,,,,,,,,,,,,,,,,,,,,,,,,,,,,,,,,,,,,,,,,2019-02-23 07:19:28+00:00,2019-02-23 07:19:28+00:00,0,4196,20,北谷,2026-10-01T20:50:19.593663
2019,2019022301,2019-02-23 13:01:00+09:00,74419082,410300.0,1,5,オープン戦,4.0,4回表,3,青木,小林,飯塚,木内,,,1,4,中日,D,,3,ＤｅＮＡ,DB,,,,,,,"＜7番：伊藤光＞無死1,2塁","<7 Ban: Itou Hikari> Mushi 1,2 Rui",,,,,0,,,,,,,,,,,,,,,,,,,,,,,,,,,,,,,,,,,,,,,,,,,,,,,,2019-02-23 07:19:28+00:00,2019-02-23 07:19:28+00:00,0,4196,20,北谷,2026-10-01T20:50:19.593663
2019,2019022301,2019-02-23 13:01:00+09:00,74419083,410301.0,1,5,オープン戦,4.0,4回表,3,青木,小林,飯塚,木内,,,1,4,中日,D,,3,ＤｅＮＡ,DB,,,,,,,1球目:外角のストレートを見逃してストライク 0-1,1 Tamame: Gaikaku no Straight wo Minogashite Strike 0-1,,,,,1,,,,,,,,,,,,,,,,,,,,,,,,,,,,,,,,,,,,,,,,,,,,,,,,2019-02-23 07:19:28+00:00,2019-02-23 07:19:28+00:00,0,4196,20,北谷,2026-10-01T20:50:19.593663
2019,2019022301,2019-02-23 13:01:00+09:00,74419084,410302.0,1,5,オープン戦,4.0,4回表,3,青木,小林,飯塚,木内,,,1,4,中日,D,,3,ＤｅＮＡ,DB,,,,,,,"2球目:ランナー1,2塁の0-1からスタンド中段に飛び込む３ランホームランを放つ 中0-5デ ","2 Tamame: Runner 1,2 Rui no 0-1 kara Stand Chuudan ni Tobikomu 3 Run Home Run wo Hanatsu Naka 0-5 Des",,,,,2,,,,,,,,,,,,,,,,,,,,,,,,,,,,,,,,,,,,,,,,,,,,,,,,2019-02-23 07:19:28+00:00,2019-02-23 07:19:28+00:00,0,4196,20,北谷,2026-10-01T20:50:19.593663
2019,2019022301,2019-02-23 13:01:00+09:00,74419085,410400.0,1,5,オープン戦,4.0,4回表,4,青木,小林,飯塚,木内,,,1,4,中日,D,,3,ＤｅＮＡ,DB,,,,,,,＜8番：大和＞無死走者なし,<8 Ban: Yamato> Mushi Sousha Nashi,,,,,0,,,,,,,,,,,,,,,,,,,,,,,,,,,,,,,,,,,,,,,,,,,,,,,,2019-02-23 07:19:28+00:00,2019-02-23 07:19:28+00:00,0,4196,20,北谷,2026-10-01T20:50:19.593663
2019,2019022301,2019-02-23 13:01:00+09:00,74419086,410401.0,1,5,オープン戦,4.0,4回表,4,青木,小林,飯塚,木内,,,1,4,中日,D,,3,ＤｅＮＡ,DB,,,,,,,1球目:内角のカーブを見逃してボール 1-0,1 Tamame: Naikaku no Curve wo Minogashite Ball 1-0,,,,,1,,,,,,,,,,,,,,,,,,,,,,,,,,,,,,,,,,,,,,,,,,,,,,,,2019-02-23 07:19:28+00:00,2019-02-23 07:19:28+00:00,0,4196,20,北谷,2026-10-01T20:50:19.593663
2019,2019022301,2019-02-23 13:01:00+09:00,74419087,410402.0,1,5,オープン戦,4.0,4回表,4,青木,小林,飯塚,木内,,,1,4,中日,D,,3,ＤｅＮＡ,DB,,,,,,,2球目:外角低めのカットボールを空振りストライク 1-1,2 Tamame: Gaikaku Hikume no Cut Ball wo Karaburi Strike 1-1,,,,,2,,,,,,,,,,,,,,,,,,,,,,,,,,,,,,,,,,,,,,,,,,,,,,,,2019-02-23 07:19:28+00:00,2019-02-23 07:19:28+00:00,0,4196,20,北谷,2026-10-01T20:50:19.593663
2019,2019022301,2019-02-23 13:01:00+09:00,74419088,410403.0,1,5,オープン戦,4.0,4回表,4,青木,小林,飯塚,木内,,,1,4,中日,D,,3,ＤｅＮＡ,DB,,,,,,,3球目:外角低めのストレートを見逃してボール 2-1,3 Tamame: Gaikaku Hikume no Straight wo Minogashite Ball 2-1,,,,,3,,,,,,,,,,,,,,,,,,,,,,,,,,,,,,,,,,,,,,,,,,,,,,,,2019-02-23 07:19:28+00:00,2019-02-23 07:19:28+00:00,0,4196,20,北谷,2026-10-01T20:50:19.593663
2019,2019022301,2019-02-23 13:01:00+09:00,74419089,410404.0,1,5,オープン戦,4.0,4回表,4,青木,小林,飯塚,木内,,,1,4,中日,D,,3,ＤｅＮＡ,DB,,,,,,,4球目:内角のストレートを打ってファウル 2-2,4 Tamame: Naikaku no Straight wo Utte Foul 2-2,,,,,4,,,,,,,,,,,,,,,,,,,,,,,,,,,,,,,,,,,,,,,,,,,,,,,,2019-02-23 07:19:28+00:00,2019-02-23 07:19:28+00:00,0,4196,20,北谷,2026-10-01T20:50:19.593663
2019,2019022301,2019-02-23 13:01:00+09:00,74419090,410405.0,1,5,オープン戦,4.0,4回表,4,青木,小林,飯塚,木内,,,1,4,中日,D,,3,ＤｅＮＡ,DB,,,,,,,5球目:内角低めのカットボールを見逃してボール 3-2,5 Tamame: Naikaku Hikume no Cut Ball wo Minogashite Ball 3-2,,,,,5,,,,,,,,,,,,,,,,,,,,,,,,,,,,,,,,,,,,,,,,,,,,,,,,2019-02-23 07:19:28+00:00,2019-02-23 07:19:28+00:00,0,4196,20,北谷,2026-10-01T20:50:19.593663
2019,2019022301,2019-02-23 13:01:00+09:00,74419091,410406.0,1,5,オープン戦,4.0,4回表,4,青木,小林,飯塚,木内,,,1,4,中日,D,,3,ＤｅＮＡ,DB,,,,,,,6球目:低めの変化球を打つも自打球となりファウル 3-2,6 Tamame: Hikume no Henka Kyuu wo Utsu mo Ji Dakyuu to Nari Foul 3-2,,,,,6,,,,,,,,,,,,,,,,,,,,,,,,,,,,,,,,,,,,,,,,,,,,,,,,2019-02-23 07:19:28+00:00,2019-02-23 07:19:28+00:00,0,4196,20,北谷,2026-10-01T20:50:19.593663
2019,2019022301,2019-02-23 13:01:00+09:00,74419092,410407.0,1,5,オープン戦,4.0,4回表,4,青木,小林,飯塚,木内,,,1,4,中日,D,,3,ＤｅＮＡ,DB,,,,,,,7球目:低めのストレートを打ってファウル 3-2,7 Tamame: Hikume no Straight wo Utte Foul 3-2,,,,,7,,,,,,,,,,,,,,,,,,,,,,,,,,,,,,,,,,,,,,,,,,,,,,,,2019-02-23 07:19:28+00:00,2019-02-23 07:19:28+00:00,0,4196,20,北谷,2026-10-01T20:50:19.593663
2019,2019022301,2019-02-23 13:01:00+09:00,74419093,410408.0,1,5,オープン戦,4.0,4回表,4,青木,小林,飯塚,木内,,,1,4,中日,D,,3,ＤｅＮＡ,DB,,,,,,,8球目:7球粘った末にフォアボールを選ぶ 1塁,8 Tamame:7 Kyuu Nebatta Sue ni Four Ball wo Erabu 1 Rui,,,,,8,,,,,,,,,,,,,,,,,,,,,,,,,,,,,,,,,,,,,,,,,,,,,,,,2019-02-23 07:19:28+00:00,2019-02-23 07:19:28+00:00,0,4196,20,北谷,2026-10-01T20:50:19.593663
2019,2019022301,2019-02-23 13:01:00+09:00,74419094,410500.0,1,5,オープン戦,4.0,4回表,5,青木,小林,飯塚,木内,,,1,4,中日,D,,3,ＤｅＮＡ,DB,,,,,,,＜9番：桑原＞無死1塁,<9 Ban: Kuwahara> Mushi 1 Rui,,,,,0,,,,,,,,,,,,,,,,,,,,,,,,,,,,,,,,,,,,,,,,,,,,,,,,2019-02-23 07:19:28+00:00,2019-02-23 07:19:28+00:00,0,4196,20,北谷,2026-10-01T20:50:19.593663
2019,2019022301,2019-02-23 13:01:00+09:00,74419095,410501.0,1,5,オープン戦,4.0,4回表,5,青木,小林,飯塚,木内,,,1,4,中日,D,,3,ＤｅＮＡ,DB,,,,,,,1球目:外角のストレートを見逃してストライク 0-1,1 Tamame: Gaikaku no Straight wo Minogashite Strike 0-1,,,,,1,,,,,,,,,,,,,,,,,,,,,,,,,,,,,,,,,,,,,,,,,,,,,,,,2019-02-23 07:19:28+00:00,2019-02-23 07:19:28+00:00,0,4196,20,北谷,2026-10-01T20:50:19.593663
2019,2019022301,2019-02-23 13:01:00+09:00,74419096,410500.0,1,5,オープン戦,4.0,4回表,5,青木,小林,飯塚,木内,,,1,4,中日,D,,3,ＤｅＮＡ,DB,,,,,,,一塁走者大和:すかさず初球から盗塁を試みるもアウト 1アウト,Ichirui Sousha Yamato: Sukasazu Shokyuu kara Tourui wo Kokoromiru mo Out 1 Out,,,,,0,,,,,,,,,,,,,,,,,,,,,,,,,,,,,,,,,,,,,,,,,,,,,,,,2019-02-23 07:19:28+00:00,2019-02-23 07:19:28+00:00,0,4196,20,北谷,2026-10-01T20:50:19.593663
2019,2019022301,2019-02-23 13:01:00+09:00,74419097,410502.0,1,5,オープン戦,4.0,4回表,5,青木,小林,飯塚,木内,,,1,4,中日,D,,3,ＤｅＮＡ,DB,,,,,,,2球目:内角のストレートを打ってファウル 0-2,2 Tamame: Naikaku no Straight wo Utte Foul 0-2,,,,,2,,,,,,,,,,,,,,,,,,,,,,,,,,,,,,,,,,,,,,,,,,,,,,,,2019-02-23 07:19:28+00:00,2019-02-23 07:19:28+00:00,0,4196,20,北谷,2026-10-01T20:50:19.593663
2019,2019022301,2019-02-23 13:01:00+09:00,74419098,410503.0,1,5,オープン戦,4.0,4回表,5,青木,小林,飯塚,木内,,,1,4,中日,D,,3,ＤｅＮＡ,DB,,,,,,,3球目:外角高めのストレートを見逃してボール 1-2,3 Tamame: Gaikaku Takame no Straight wo Minogashite Ball 1-2,,,,,3,,,,,,,,,,,,,,,,,,,,,,,,,,,,,,,,,,,,,,,,,,,,,,,,2019-02-23 07:19:28+00:00,2019-02-23 07:19:28+00:00,0,4196,20,北谷,2026-10-01T20:50:19.593663
2019,2019022301,2019-02-23 13:01:00+09:00,74419099,410504.0,1,5,オープン戦,4.0,4回表,5,青木,小林,飯塚,木内,,,1,4,中日,D,,3,ＤｅＮＡ,DB,,,,,,,4球目:外角低めのストレートを見逃してボール 2-2,4 Tamame: Gaikaku Hikume no Straight wo Minogashite Ball 2-2,,,,,4,,,,,,,,,,,,,,,,,,,,,,,,,,,,,,,,,,,,,,,,,,,,,,,,2019-02-23 07:19:28+00:00,2019-02-23 07:19:28+00:00,0,4196,20,北谷,2026-10-01T20:50:19.593663
2019,2019022301,2019-02-23 13:01:00+09:00,74419100,410505.0,1,5,オープン戦,4.0,4回表,5,青木,小林,飯塚,木内,,,1,4,中日,D,,3,ＤｅＮＡ,DB,,,,,,,5球目:外角高めのチェンジアップを見逃してボール 3-2,5 Tamame: Gaikaku Takame no Change Up wo Minogashite Ball 3-2,,,,,5,,,,,,,,,,,,,,,,,,,,,,,,,,,,,,,,,,,,,,,,,,,,,,,,2019-02-23 07:19:28+00:00,2019-02-23 07:19:28+00:00,0,4196,20,北谷,2026-10-01T20:50:19.593663
2019,2019022301,2019-02-23 13:01:00+09:00,74419101,410506.0,1,5,オープン戦,4.0,4回表,5,青木,小林,飯塚,木内,,,1,4,中日,D,,3,ＤｅＮＡ,DB,,,,,,,6球目:高めのストレートを打ってファウル 3-2,6 Tamame: Takame no Straight wo Utte Foul 3-2,,,,,6,,,,,,,,,,,,,,,,,,,,,,,,,,,,,,,,,,,,,,,,,,,,,,,,2019-02-23 07:19:28+00:00,2019-02-23 07:19:28+00:00,0,4196,20,北谷,2026-10-01T20:50:19.593663
2019,2019022301,2019-02-23 13:01:00+09:00,74419102,410507.0,1,5,オープン戦,4.0,4回表,5,青木,小林,飯塚,木内,,,1,4,中日,D,,3,ＤｅＮＡ,DB,,,,,,,7球目:この球も粘ってファウル 3-2,7 Tamame: Kono Tama mo Nebatte Foul 3-2,,,,,7,,,,,,,,,,,,,,,,,,,,,,,,,,,,,,,,,,,,,,,,,,,,,,,,2019-02-23 07:19:28+00:00,2019-02-23 07:19:28+00:00,0,4196,20,北谷,2026-10-01T20:50:19.593663
2019,2019022301,2019-02-23 13:01:00+09:00,74419103,410508.0,1,5,オープン戦,4.0,4回表,5,青木,小林,飯塚,木内,,,1,4,中日,D,,3,ＤｅＮＡ,DB,,,,,,,8球目:7球粘った末にフォアボールを選ぶ 1塁,8 Tamame:7 Kyuu Nebatta Sue ni Four Ball wo Erabu 1 Rui,,,,,8,,,,,,,,,,,,,,,,,,,,,,,,,,,,,,,,,,,,,,,,,,,,,,,,2019-02-23 07:19:28+00:00,2019-02-23 07:19:28+00:00,0,4196,20,北谷,2026-10-01T20:50:19.593663
2019,2019022301,2019-02-23 13:01:00+09:00,74419104,410600.0,1,5,オープン戦,4.0,4回表,6,青木,小林,飯塚,木内,,,1,4,中日,D,,3,ＤｅＮＡ,DB,,,,,,,＜1番：神里＞一死1塁,<1 Ban: Kamisato> Ichi Shi 1 Rui,,,,,0,,,,,,,,,,,,,,,,,,,,,,,,,,,,,,,,,,,,,,,,,,,,,,,,2019-02-23 07:19:28+00:00,2019-02-23 07:19:28+00:00,0,4196,20,北谷,2026-10-01T20:50:19.593663
2019,2019022301,2019-02-23 13:01:00+09:00,74419105,410601.0,1,5,オープン戦,4.0,4回表,6,青木,小林,飯塚,木内,,,1,4,中日,D,,3,ＤｅＮＡ,DB,,,,,,,1球目:外角の変化球を見逃してストライク 0-1,1 Tamame: Gaikaku no Henka Kyuu wo Minogashite Strike 0-1,,,,,1,,,,,,,,,,,,,,,,,,,,,,,,,,,,,,,,,,,,,,,,,,,,,,,,2019-02-23 07:19:28+00:00,2019-02-23 07:19:28+00:00,0,4196,20,北谷,2026-10-01T20:50:19.593663
2019,2019022301,2019-02-23 13:01:00+09:00,74419106,410602.0,1,5,オープン戦,4.0,4回表,6,青木,小林,飯塚,木内,,,1,4,中日,D,,3,ＤｅＮＡ,DB,,,,,,,2球目:内角低めのストレートを見逃してボール 1-1,2 Tamame: Naikaku Hikume no Straight wo Minogashite Ball 1-1,,,,,2,,,,,,,,,,,,,,,,,,,,,,,,,,,,,,,,,,,,,,,,,,,,,,,,2019-02-23 07:19:28+00:00,2019-02-23 07:19:28+00:00,0,4196,20,北谷,2026-10-01T20:50:19.593663
2019,2019022301,2019-02-23 13:01:00+09:00,74419107,410600.0,1,5,オープン戦,4.0,4回表,6,青木,小林,飯塚,木内,,,1,4,中日,D,,3,ＤｅＮＡ,DB,,,,,,,1塁けん制:ランナー桑原帰塁,1 Rui Kensei: Runner Kuwahara Kirui,,,,,0,,,,,,,,,,,,,,,,,,,,,,,,,,,,,,,,,,,,,,,,,,,,,,,,2019-02-23 07:19:28+00:00,2019-02-23 07:19:28+00:00,0,4196,20,北谷,2026-10-01T20:50:19.593663
2019,2019022301,2019-02-23 13:01:00+09:00,74419108,410600.0,1,5,オープン戦,4.0,4回表,6,青木,小林,飯塚,木内,,,1,4,中日,D,,3,ＤｅＮＡ,DB,,,,,,,1塁けん制:ランナー桑原スタート,1 Rui Kensei: Runner Kuwabara Start,,,,,0,,,,,,,,,,,,,,,,,,,,,,,,,,,,,,,,,,,,,,,,,,,,,,,,2019-02-23 07:19:28+00:00,2019-02-23 07:19:28+00:00,0,4196,20,北谷,2026-10-01T20:50:19.593663
2019,2019022301,2019-02-23 13:01:00+09:00,74419109,410600.0,1,5,オープン戦,4.0,4回表,6,青木,小林,飯塚,木内,,,1,4,中日,D,,3,ＤｅＮＡ,DB,,,,,,,一塁走者桑原:盗塁を試みるもアウト 2アウト,Ichirui Sousha Kuwahara: Tourui wo Kokoromiru mo Out 2 Out,,,,,0,,,,,,,,,,,,,,,,,,,,,,,,,,,,,,,,,,,,,,,,,,,,,,,,2019-02-23 07:19:28+00:00,2019-02-23 07:19:28+00:00,0,4196,20,北谷,2026-10-01T20:50:19.593663
2019,2019022301,2019-02-23 13:01:00+09:00,74419110,410603.0,1,5,オープン戦,4.0,4回表,6,青木,小林,飯塚,木内,,,1,4,中日,D,,3,ＤｅＮＡ,DB,,,,,,,3球目:ワンバウンドのカットボールを見逃してボール 2-1,3 Tamame: One Bound no Cut Ball wo Minogashite Ball 2-1,,,,,3,,,,,,,,,,,,,,,,,,,,,,,,,,,,,,,,,,,,,,,,,,,,,,,,2019-02-23 07:19:28+00:00,2019-02-23 07:19:28+00:00,0,4196,20,北谷,2026-10-01T20:50:19.593663
2019,2019022301,2019-02-23 13:01:00+09:00,74419111,410604.0,1,5,オープン戦,4.0,4回表,6,青木,小林,飯塚,木内,,,1,4,中日,D,,3,ＤｅＮＡ,DB,,,,,,,4球目:外角低めのストレートを打ってファウル 2-2,4 Tamame: Gaikaku Hikume no Straight wo Utte Foul 2-2,,,,,4,,,,,,,,,,,,,,,,,,,,,,,,,,,,,,,,,,,,,,,,,,,,,,,,2019-02-23 07:19:28+00:00,2019-02-23 07:19:28+00:00,0,4196,20,北谷,2026-10-01T20:50:19.593663
2019,2019022301,2019-02-23 13:01:00+09:00,74419112,410605.0,1,5,オープン戦,4.0,4回表,6,青木,小林,飯塚,木内,,,1,4,中日,D,,3,ＤｅＮＡ,DB,,,,,,,5球目:内角低めのストレートを見逃してボール 3-2,5 Tamame: Naikaku Hikume no Straight wo Minogashite Ball 3-2,,,,,5,,,,,,,,,,,,,,,,,,,,,,,,,,,,,,,,,,,,,,,,,,,,,,,,2019-02-23 07:19:28+00:00,2019-02-23 07:19:28+00:00,0,4196,20,北谷,2026-10-01T20:50:19.593663
2019,2019022301,2019-02-23 13:01:00+09:00,74419113,410606.0,1,5,オープン戦,4.0,4回表,6,青木,小林,飯塚,木内,,,1,4,中日,D,,3,ＤｅＮＡ,DB,,,,,,,6球目:外角高めの変化球を打ってファウル 3-2,6 Tamame: Gaikaku Takame no Henka Kyuu wo Utte Foul 3-2,,,,,6,,,,,,,,,,,,,,,,,,,,,,,,,,,,,,,,,,,,,,,,,,,,,,,,2019-02-23 07:19:28+00:00,2019-02-23 07:19:28+00:00,0,4196,20,北谷,2026-10-01T20:50:19.593663
2019,2019022301,2019-02-23 13:01:00+09:00,74419114,410607.0,1,5,オープン戦,4.0,4回表,6,青木,小林,飯塚,木内,,,1,4,中日,D,,3,ＤｅＮＡ,DB,,,,,,,7球目:この球も粘ってファウル 3-2,7 Tamame: Kono Tama mo Nebatte Foul 3-2,,,,,7,,,,,,,,,,,,,,,,,,,,,,,,,,,,,,,,,,,,,,,,,,,,,,,,2019-02-23 07:19:28+00:00,2019-02-23 07:19:28+00:00,0,4196,20,北谷,2026-10-01T20:50:19.593663
2019,2019022301,2019-02-23 13:01:00+09:00,74419115,410608.0,1,5,オープン戦,4.0,4回表,6,青木,小林,飯塚,木内,,,1,4,中日,D,,3,ＤｅＮＡ,DB,,,,,,,8球目:低めのストレートを打ってファウル 3-2,8 Tamame: Hikume no Straight wo Utte Foul 3-2,,,,,8,,,,,,,,,,,,,,,,,,,,,,,,,,,,,,,,,,,,,,,,,,,,,,,,2019-02-23 07:19:28+00:00,2019-02-23 07:19:28+00:00,0,4196,20,北谷,2026-10-01T20:50:19.593663
2019,2019022301,2019-02-23 13:01:00+09:00,74419116,410609.0,1,5,オープン戦,4.0,4回表,6,青木,小林,飯塚,木内,,,1,4,中日,D,,3,ＤｅＮＡ,DB,,,,,,,9球目:粘りを見せて9球目にフォアボールを選ぶ 1塁,9 Tamame: Nebari wo Misete 9 Tamame ni Four Ball wo Erabu 1 Rui,,,,,9,,,,,,,,,,,,,,,,,,,,,,,,,,,,,,,,,,,,,,,,,,,,,,,,2019-02-23 07:19:28+00:00,2019-02-23 07:19:28+00:00,0,4196,20,北谷,2026-10-01T20:50:19.593663
2019,2019022301,2019-02-23 13:01:00+09:00,74419117,410700.0,1,5,オープン戦,4.0,4回表,7,青木,小林,飯塚,木内,,,1,4,中日,D,,3,ＤｅＮＡ,DB,,,,,,,＜2番：中井＞二死1塁,<2 Ban: Nakai> Ni Shi 1 Rui,,,,,0,,,,,,,,,,,,,,,,,,,,,,,,,,,,,,,,,,,,,,,,,,,,,,,,2019-02-23 07:19:28+00:00,2019-02-23 07:19:28+00:00,0,4196,20,北谷,2026-10-01T20:50:19.593663
2019,2019022301,2019-02-23 13:01:00+09:00,74419118,410701.0,1,5,オープン戦,4.0,4回表,7,青木,小林,飯塚,木内,,,1,4,中日,D,,3,ＤｅＮＡ,DB,,,,,,,1球目:ショートゴロ 3アウトチェンジ,1 Tamame: Short Grounder 3 Out Change,,,,,1,,,,,,,,,,,,,,,,,,,,,,,,,,,,,,,,,,,,,,,,,,,,,,,,2019-02-23 07:19:28+00:00,2019-02-23 07:19:28+00:00,0,4196,20,北谷,2026-10-01T20:50:19.593663
2019,2019022301,2019-02-23 13:01:00+09:00,74419119,420100.0,1,5,オープン戦,4.0,4回裏,1,青木,小林,飯塚,木内,,,1,4,中日,D,,3,ＤｅＮＡ,DB,,,,,,,4回裏 中0-5デ　中日は1番京田からの攻撃,4 Kairichuu 0-5 Des Chuunichi wa 1 Ban Kyouda kara no Kougeki,,,,,0,,,,,,,,,,,,,,,,,,,,,,,,,,,,,,,,,,,,,,,,,,,,,,,,2019-02-23 07:19:28+00:00,2019-02-23 07:19:28+00:00,0,4196,20,北谷,2026-10-01T20:50:19.593663
2019,2019022301,2019-02-23 13:01:00+09:00,74419120,420100.0,1,5,オープン戦,4.0,4回裏,1,青木,小林,飯塚,木内,,,1,4,中日,D,,3,ＤｅＮＡ,DB,,,,,,,投手交代:エスコバー→パットン,Toushu Koutai: Esukobaa Patton,,,,,0,,,,,,,,,,,,,,,,,,,,,,,,,,,,,,,,,,,,,,,,,,,,,,,,2019-02-23 07:19:28+00:00,2019-02-23 07:19:28+00:00,0,4196,20,北谷,2026-10-01T20:50:19.593663
2019,2019022301,2019-02-23 13:01:00+09:00,74419121,420100.0,1,5,オープン戦,4.0,4回裏,1,青木,小林,飯塚,木内,,,1,4,中日,D,,3,ＤｅＮＡ,DB,,,,,,,＜1番：京田＞無死走者なし,<1 Ban: Kyouda> Mushi Sousha Nashi,,,,,0,,,,,,,,,,,,,,,,,,,,,,,,,,,,,,,,,,,,,,,,,,,,,,,,2019-02-23 07:19:28+00:00,2019-02-23 07:19:28+00:00,0,4196,20,北谷,2026-10-01T20:50:19.593663
2019,2019022301,2019-02-23 13:01:00+09:00,74419122,420101.0,1,5,オープン戦,4.0,4回裏,1,青木,小林,飯塚,木内,,,1,4,中日,D,,3,ＤｅＮＡ,DB,,,,,,,1球目:内角高めのストレートを見逃してストライク 0-1,1 Tamame: Naikaku Takame no Straight wo Minogashite Strike 0-1,,,,,1,,,,,,,,,,,,,,,,,,,,,,,,,,,,,,,,,,,,,,,,,,,,,,,,2019-02-23 07:19:28+00:00,2019-02-23 07:19:28+00:00,0,4196,20,北谷,2026-10-01T20:50:19.593663
2019,2019022301,2019-02-23 13:01:00+09:00,74419123,420102.0,1,5,オープン戦,4.0,4回裏,1,青木,小林,飯塚,木内,,,1,4,中日,D,,3,ＤｅＮＡ,DB,,,,,,,2球目:内角低めのストレートを見逃してボール 1-1,2 Tamame: Naikaku Hikume no Straight wo Minogashite Ball 1-1,,,,,2,,,,,,,,,,,,,,,,,,,,,,,,,,,,,,,,,,,,,,,,,,,,,,,,2019-02-23 07:19:28+00:00,2019-02-23 07:19:28+00:00,0,4196,20,北谷,2026-10-01T20:50:19.593663
2019,2019022301,2019-02-23 13:01:00+09:00,74419124,420103.0,1,5,オープン戦,4.0,4回裏,1,青木,小林,飯塚,木内,,,1,4,中日,D,,3,ＤｅＮＡ,DB,,,,,,,3球目:外角の球を打つもライトフライ 1アウト,3 Tamame: Gaikaku no Tama wo Utsu mo Raito Fly 1 Out,,,,,3,,,,,,,,,,,,,,,,,,,,,,,,,,,,,,,,,,,,,,,,,,,,,,,,2019-02-23 07:19:28+00:00,2019-02-23 07:19:28+00:00,0,4196,20,北谷,2026-10-01T20:50:19.593663
2019,2019022301,2019-02-23 13:01:00+09:00,74419125,420200.0,1,5,オープン戦,4.0,4回裏,2,青木,小林,飯塚,木内,,,1,4,中日,D,,3,ＤｅＮＡ,DB,,,,,,,＜2番：大島＞一死走者なし,<2 Ban: Ooshima> Ichi Shi Sousha Nashi,,,,,0,,,,,,,,,,,,,,,,,,,,,,,,,,,,,,,,,,,,,,,,,,,,,,,,2019-02-23 07:19:28+00:00,2019-02-23 07:19:28+00:00,0,4196,20,北谷,2026-10-01T20:50:19.593663
2019,2019022301,2019-02-23 13:01:00+09:00,74419126,420201.0,1,5,オープン戦,4.0,4回裏,2,青木,小林,飯塚,木内,,,1,4,中日,D,,3,ＤｅＮＡ,DB,,,,,,,1球目:内角低めのストレートを見逃してボール 1-0,1 Tamame: Naikaku Hikume no Straight wo Minogashite Ball 1-0,,,,,1,,,,,,,,,,,,,,,,,,,,,,,,,,,,,,,,,,,,,,,,,,,,,,,,2019-02-23 07:19:28+00:00,2019-02-23 07:19:28+00:00,0,4196,20,北谷,2026-10-01T20:50:19.593663
2019,2019022301,2019-02-23 13:01:00+09:00,74419127,420202.0,1,5,オープン戦,4.0,4回裏,2,青木,小林,飯塚,木内,,,1,4,中日,D,,3,ＤｅＮＡ,DB,,,,,,,2球目:内角低めのストレートを打ってファウル 1-1,2 Tamame: Naikaku Hikume no Straight wo Utte Foul 1-1,,,,,2,,,,,,,,,,,,,,,,,,,,,,,,,,,,,,,,,,,,,,,,,,,,,,,,2019-02-23 07:19:28+00:00,2019-02-23 07:19:28+00:00,0,4196,20,北谷,2026-10-01T20:50:19.593663
2019,2019022301,2019-02-23 13:01:00+09:00,74419128,420203.0,1,5,オープン戦,4.0,4回裏,2,青木,小林,飯塚,木内,,,1,4,中日,D,,3,ＤｅＮＡ,DB,,,,,,,3球目:ワンバウンドのチェンジアップを見逃してボール 2-1,3 Tamame: One Bound no Change Up wo Minogashite Ball 2-1,,,,,3,,,,,,,,,,,,,,,,,,,,,,,,,,,,,,,,,,,,,,,,,,,,,,,,2019-02-23 07:19:28+00:00,2019-02-23 07:19:28+00:00,0,4196,20,北谷,2026-10-01T20:50:19.593663
2019,2019022301,2019-02-23 13:01:00+09:00,74419129,420204.0,1,5,オープン戦,4.0,4回裏,2,青木,小林,飯塚,木内,,,1,4,中日,D,,3,ＤｅＮＡ,DB,,,,,,,4球目:ライトへのヒットを放つ 1塁,4 Tamame: Raito e no Hit wo Hanatsu 1 Rui,,,,,4,,,,,,,,,,,,,,,,,,,,,,,,,,,,,,,,,,,,,,,,,,,,,,,,2019-02-23 07:19:28+00:00,2019-02-23 07:19:28+00:00,0,4196,20,北谷,2026-10-01T20:50:19.593663
2019,2019022301,2019-02-23 13:01:00+09:00,74419130,420300.0,1,5,オープン戦,4.0,4回裏,3,青木,小林,飯塚,木内,,,1,4,中日,D,,3,ＤｅＮＡ,DB,,,,,,,＜3番：平田＞一死1塁,<3 Ban: Hirata> Ichi Shi 1 Rui,,,,,0,,,,,,,,,,,,,,,,,,,,,,,,,,,,,,,,,,,,,,,,,,,,,,,,2019-02-23 07:19:28+00:00,2019-02-23 07:19:28+00:00,0,4196,20,北谷,2026-10-01T20:50:19.593663
2019,2019022301,2019-02-23 13:01:00+09:00,74419131,420301.0,1,5,オープン戦,4.0,4回裏,3,青木,小林,飯塚,木内,,,1,4,中日,D,,3,ＤｅＮＡ,DB,,,,,,,1球目:低めのストレートを見逃してストライク 0-1,1 Tamame: Hikume no Straight wo Minogashite Strike 0-1,,,,,1,,,,,,,,,,,,,,,,,,,,,,,,,,,,,,,,,,,,,,,,,,,,,,,,2019-02-23 07:19:28+00:00,2019-02-23 07:19:28+00:00,0,4196,20,北谷,2026-10-01T20:50:19.593663
2019,2019022301,2019-02-23 13:01:00+09:00,74419132,420300.0,1,5,オープン戦,4.0,4回裏,3,青木,小林,飯塚,木内,,,1,4,中日,D,,3,ＤｅＮＡ,DB,,,,,,,1塁けん制:ランナー大島帰塁,1 Rui Kensei: Runner Ooshima Kirui,,,,,0,,,,,,,,,,,,,,,,,,,,,,,,,,,,,,,,,,,,,,,,,,,,,,,,2019-02-23 07:19:28+00:00,2019-02-23 07:19:28+00:00,0,4196,20,北谷,2026-10-01T20:50:19.593663
2019,2019022301,2019-02-23 13:01:00+09:00,74419133,420302.0,1,5,オープン戦,4.0,4回裏,3,青木,小林,飯塚,木内,,,1,4,中日,D,,3,ＤｅＮＡ,DB,,,,,,,2球目:外角高めのスライダーを見逃してストライク 0-2,2 Tamame: Gaikaku Takame no Slider wo Minogashite Strike 0-2,,,,,2,,,,,,,,,,,,,,,,,,,,,,,,,,,,,,,,,,,,,,,,,,,,,,,,2019-02-23 07:19:28+00:00,2019-02-23 07:19:28+00:00,0,4196,20,北谷,2026-10-01T20:50:19.593663
2019,2019022301,2019-02-23 13:01:00+09:00,74419134,420300.0,1,5,オープン戦,4.0,4回裏,3,青木,小林,飯塚,木内,,,1,4,中日,D,,3,ＤｅＮＡ,DB,,,,,,,一塁走者大島:盗塁を試みるもアウト 2アウト,Ichirui Sousha Ooshima: Tourui wo Kokoromiru mo Out 2 Out,,,,,0,,,,,,,,,,,,,,,,,,,,,,,,,,,,,,,,,,,,,,,,,,,,,,,,2019-02-23 07:19:28+00:00,2019-02-23 07:19:28+00:00,0,4196,20,北谷,2026-10-01T20:50:19.593663
2019,2019022301,2019-02-23 13:01:00+09:00,74419135,420303.0,1,5,オープン戦,4.0,4回裏,3,青木,小林,飯塚,木内,,,1,4,中日,D,,3,ＤｅＮＡ,DB,,,,,,,3球目:外角低めの変化球を見逃してボール 1-2,3 Tamame: Gaikaku Hikume no Henka Kyuu wo Minogashite Ball 1-2,,,,,3,,,,,,,,,,,,,,,,,,,,,,,,,,,,,,,,,,,,,,,,,,,,,,,,2019-02-23 07:19:28+00:00,2019-02-23 07:19:28+00:00,0,4196,20,北谷,2026-10-01T20:50:19.593663
2019,2019022301,2019-02-23 13:01:00+09:00,74419136,420304.0,1,5,オープン戦,4.0,4回裏,3,青木,小林,飯塚,木内,,,1,4,中日,D,,3,ＤｅＮＡ,DB,,,,,,,4球目:セカンドゴロ 3アウトチェンジ,4 Tamame: Sekando Grounder 3 Out Change,,,,,4,,,,,,,,,,,,,,,,,,,,,,,,,,,,,,,,,,,,,,,,,,,,,,,,2019-02-23 07:19:28+00:00,2019-02-23 07:19:28+00:00,0,4196,20,北谷,2026-10-01T20:50:19.593663
2019,2019022301,2019-02-23 13:01:00+09:00,74419137,510100.0,1,5,オープン戦,5.0,5回表,1,青木,小林,飯塚,木内,,,1,4,中日,D,,3,ＤｅＮＡ,DB,,,,,,,5回表 中0-5デ　ＤｅＮＡは3番ソトからの攻撃,5 Kai Hyouchuu 0-5 Des Dena wa 3 Ban Soto kara no Kougeki,,,,,0,,,,,,,,,,,,,,,,,,,,,,,,,,,,,,,,,,,,,,,,,,,,,,,,2019-02-23 07:19:28+00:00,2019-02-23 07:19:28+00:00,0,4196,20,北谷,2026-10-01T20:50:19.593663
2019,2019022301,2019-02-23 13:01:00+09:00,74419138,510100.0,1,5,オープン戦,5.0,5回表,1,青木,小林,飯塚,木内,,,1,4,中日,D,,3,ＤｅＮＡ,DB,,,,,,,守備交代:センター遠藤,Shubi Koutai: Center Endou,,,,,0,,,,,,,,,,,,,,,,,,,,,,,,,,,,,,,,,,,,,,,,,,,,,,,,2019-02-23 07:19:28+00:00,2019-02-23 07:19:28+00:00,0,4196,20,北谷,2026-10-01T20:50:19.593663
2019,2019022301,2019-02-23 13:01:00+09:00,74419139,510100.0,1,5,オープン戦,5.0,5回表,1,青木,小林,飯塚,木内,,,1,4,中日,D,,3,ＤｅＮＡ,DB,,,,,,,＜3番：ソト＞無死走者なし,<3 Ban: Soto> Mushi Sousha Nashi,,,,,0,,,,,,,,,,,,,,,,,,,,,,,,,,,,,,,,,,,,,,,,,,,,,,,,2019-02-23 07:19:28+00:00,2019-02-23 07:19:28+00:00,0,4196,20,北谷,2026-10-01T20:50:19.593663
2019,2019022301,2019-02-23 13:01:00+09:00,74419140,510101.0,1,5,オープン戦,5.0,5回表,1,青木,小林,飯塚,木内,,,1,4,中日,D,,3,ＤｅＮＡ,DB,,,,,,,1球目:内角高めのストレートを打ちにいくもファウル 0-1,1 Tamame: Naikaku Takame no Straight wo Uchi ni Iku mo Foul 0-1,,,,,1,,,,,,,,,,,,,,,,,,,,,,,,,,,,,,,,,,,,,,,,,,,,,,,,2019-02-23 07:19:28+00:00,2019-02-23 07:19:28+00:00,0,4196,20,北谷,2026-10-01T20:50:19.593663
2019,2019022301,2019-02-23 13:01:00+09:00,74419141,510102.0,1,5,オープン戦,5.0,5回表,1,青木,小林,飯塚,木内,,,1,4,中日,D,,3,ＤｅＮＡ,DB,,,,,,,2球目:内角高めのストレートを打ってファウル 0-2,2 Tamame: Naikaku Takame no Straight wo Utte Foul 0-2,,,,,2,,,,,,,,,,,,,,,,,,,,,,,,,,,,,,,,,,,,,,,,,,,,,,,,2019-02-23 07:19:28+00:00,2019-02-23 07:19:28+00:00,0,4196,20,北谷,2026-10-01T20:50:19.593663
2019,2019022301,2019-02-23 13:01:00+09:00,74419142,510103.0,1,5,オープン戦,5.0,5回表,1,青木,小林,飯塚,木内,,,1,4,中日,D,,3,ＤｅＮＡ,DB,,,,,,,3球目:高めのカーブを見逃してボール 1-2,3 Tamame: Takame no Curve wo Minogashite Ball 1-2,,,,,3,,,,,,,,,,,,,,,,,,,,,,,,,,,,,,,,,,,,,,,,,,,,,,,,2019-02-23 07:19:28+00:00,2019-02-23 07:19:28+00:00,0,4196,20,北谷,2026-10-01T20:50:19.593663
2019,2019022301,2019-02-23 13:01:00+09:00,74419143,510104.0,1,5,オープン戦,5.0,5回表,1,青木,小林,飯塚,木内,,,1,4,中日,D,,3,ＤｅＮＡ,DB,,,,,,,4球目:外角の落ちる球を打ってファウル 1-2,4 Tamame: Gaikaku no Ochiru Tama wo Utte Foul 1-2,,,,,4,,,,,,,,,,,,,,,,,,,,,,,,,,,,,,,,,,,,,,,,,,,,,,,,2019-02-23 07:19:28+00:00,2019-02-23 07:19:28+00:00,0,4196,20,北谷,2026-10-01T20:50:19.593663
2019,2019022301,2019-02-23 13:01:00+09:00,74419144,510105.0,1,5,オープン戦,5.0,5回表,1,青木,小林,飯塚,木内,,,1,4,中日,D,,3,ＤｅＮＡ,DB,,,,,,,5球目:外角高めの変化球を打つもサードライナー 1アウト,5 Tamame: Gaikaku Takame no Henka Kyuu wo Utsu mo Third Liner 1 Out,,,,,5,,,,,,,,,,,,,,,,,,,,,,,,,,,,,,,,,,,,,,,,,,,,,,,,2019-02-23 07:19:28+00:00,2019-02-23 07:19:28+00:00,0,4196,20,北谷,2026-10-01T20:50:19.593663
2019,2019022301,2019-02-23 13:01:00+09:00,74419145,510200.0,1,5,オープン戦,5.0,5回表,2,青木,小林,飯塚,木内,,,1,4,中日,D,,3,ＤｅＮＡ,DB,,,,,,,＜4番：細川＞一死走者なし,<4 Ban: Hosokawa> Ichi Shi Sousha Nashi,,,,,0,,,,,,,,,,,,,,,,,,,,,,,,,,,,,,,,,,,,,,,,,,,,,,,,2019-02-23 07:19:28+00:00,2019-02-23 07:19:28+00:00,0,4196,20,北谷,2026-10-01T20:50:19.593663
2019,2019022301,2019-02-23 13:01:00+09:00,74419146,510201.0,1,5,オープン戦,5.0,5回表,2,青木,小林,飯塚,木内,,,1,4,中日,D,,3,ＤｅＮＡ,DB,,,,,,,1球目:外角低めのストレートを打ちにいくもファウル 0-1,1 Tamame: Gaikaku Hikume no Straight wo Uchi ni Iku mo Foul 0-1,,,,,1,,,,,,,,,,,,,,,,,,,,,,,,,,,,,,,,,,,,,,,,,,,,,,,,2019-02-23 07:19:28+00:00,2019-02-23 07:19:28+00:00,0,4196,20,北谷,2026-10-01T20:50:19.593663
2019,2019022301,2019-02-23 13:01:00+09:00,74419147,510202.0,1,5,オープン戦,5.0,5回表,2,青木,小林,飯塚,木内,,,1,4,中日,D,,3,ＤｅＮＡ,DB,,,,,,,2球目:レフトへのヒットで出塁 1塁,2 Tamame: Left e no Hit de Shutsurui 1 Rui,,,,,2,,,,,,,,,,,,,,,,,,,,,,,,,,,,,,,,,,,,,,,,,,,,,,,,2019-02-23 07:19:28+00:00,2019-02-23 07:19:28+00:00,0,4196,20,北谷,2026-10-01T20:50:19.593663
2019,2019022301,2019-02-23 13:01:00+09:00,74419148,510300.0,1,5,オープン戦,5.0,5回表,3,青木,小林,飯塚,木内,,,1,4,中日,D,,3,ＤｅＮＡ,DB,,,,,,,＜5番：ロペス＞一死1塁,<5 Ban: Ropesu> Ichi Shi 1 Rui,,,,,0,,,,,,,,,,,,,,,,,,,,,,,,,,,,,,,,,,,,,,,,,,,,,,,,2019-02-23 07:19:28+00:00,2019-02-23 07:19:28+00:00,0,4196,20,北谷,2026-10-01T20:50:19.593663
2019,2019022301,2019-02-23 13:01:00+09:00,74419149,510301.0,1,5,オープン戦,5.0,5回表,3,青木,小林,飯塚,木内,,,1,4,中日,D,,3,ＤｅＮＡ,DB,,,,,,,1球目:外角高めのカットボールを見逃してボール 1-0,1 Tamame: Gaikaku Takame no Cut Ball wo Minogashite Ball 1-0,,,,,1,,,,,,,,,,,,,,,,,,,,,,,,,,,,,,,,,,,,,,,,,,,,,,,,2019-02-23 07:19:28+00:00,2019-02-23 07:19:28+00:00,0,4196,20,北谷,2026-10-01T20:50:19.593663
2019,2019022301,2019-02-23 13:01:00+09:00,74419150,510302.0,1,5,オープン戦,5.0,5回表,3,青木,小林,飯塚,木内,,,1,4,中日,D,,3,ＤｅＮＡ,DB,,,,,,,2球目:外角のストレートを見逃してストライク 1-1,2 Tamame: Gaikaku no Straight wo Minogashite Strike 1-1,,,,,2,,,,,,,,,,,,,,,,,,,,,,,,,,,,,,,,,,,,,,,,,,,,,,,,2019-02-23 07:19:28+00:00,2019-02-23 07:19:28+00:00,0,4196,20,北谷,2026-10-01T20:50:19.593663
2019,2019022301,2019-02-23 13:01:00+09:00,74419151,510303.0,1,5,オープン戦,5.0,5回表,3,青木,小林,飯塚,木内,,,1,4,中日,D,,3,ＤｅＮＡ,DB,,,,,,,3球目:併殺打 3アウトチェンジ,3 Tamame: Heisatsuda 3 Out Change,,,,,3,,,,,,,,,,,,,,,,,,,,,,,,,,,,,,,,,,,,,,,,,,,,,,,,2019-02-23 07:19:28+00:00,2019-02-23 07:19:28+00:00,0,4196,20,北谷,2026-10-01T20:50:19.593663
2019,2019022301,2019-02-23 13:01:00+09:00,74419152,520100.0,1,5,オープン戦,5.0,5回裏,1,青木,小林,飯塚,木内,,,1,4,中日,D,,3,ＤｅＮＡ,DB,,,,,,,5回裏 中0-5デ　中日は4番ビシエドからの攻撃,5 Kairichuu 0-5 Des Chuunichi wa 4 Ban Bishiedo kara no Kougeki,,,,,0,,,,,,,,,,,,,,,,,,,,,,,,,,,,,,,,,,,,,,,,,,,,,,,,2019-02-23 07:19:28+00:00,2019-02-23 07:19:28+00:00,0,4196,20,北谷,2026-10-01T20:50:19.593663
2019,2019022301,2019-02-23 13:01:00+09:00,74419153,520100.0,1,5,オープン戦,5.0,5回裏,1,青木,小林,飯塚,木内,,,1,4,中日,D,,3,ＤｅＮＡ,DB,,,,,,,投手交代:パットン→三上　守備交代:セカンド伊藤裕　守備交代:サード倉本　守備変更:中井サード→ファースト,Toushu Koutai: Patton Mikami Shubi Koutai: Sekando Itou Hiroshi Shubi Koutai: Third Kuramoto Shubi Henkou: Nakai Third First,,,,,0,,,,,,,,,,,,,,,,,,,,,,,,,,,,,,,,,,,,,,,,,,,,,,,,2019-02-23 07:19:28+00:00,2019-02-23 07:19:28+00:00,0,4196,20,北谷,2026-10-01T20:50:19.593663
2019,2019022301,2019-02-23 13:01:00+09:00,74419154,520100.0,1,5,オープン戦,5.0,5回裏,1,青木,小林,飯塚,木内,,,1,4,中日,D,,3,ＤｅＮＡ,DB,,,,,,,＜4番：ビシエド＞無死走者なし,<4 Ban: Bishiedo> Mushi Sousha Nashi,,,,,0,,,,,,,,,,,,,,,,,,,,,,,,,,,,,,,,,,,,,,,,,,,,,,,,2019-02-23 07:19:28+00:00,2019-02-23 07:19:28+00:00,0,4196,20,北谷,2026-10-01T20:50:19.593663
2019,2019022301,2019-02-23 13:01:00+09:00,74419155,520101.0,1,5,オープン戦,5.0,5回裏,1,青木,小林,飯塚,木内,,,1,4,中日,D,,3,ＤｅＮＡ,DB,,,,,,,1球目:外角低めのストレートを見逃してボール 1-0,1 Tamame: Gaikaku Hikume no Straight wo Minogashite Ball 1-0,,,,,1,,,,,,,,,,,,,,,,,,,,,,,,,,,,,,,,,,,,,,,,,,,,,,,,2019-02-23 07:19:28+00:00,2019-02-23 07:19:28+00:00,0,4196,20,北谷,2026-10-01T20:50:19.593663
2019,2019022301,2019-02-23 13:01:00+09:00,74419156,520102.0,1,5,オープン戦,5.0,5回裏,1,青木,小林,飯塚,木内,,,1,4,中日,D,,3,ＤｅＮＡ,DB,,,,,,,2球目:外角低めのストレートを打ってファウル 1-1,2 Tamame: Gaikaku Hikume no Straight wo Utte Foul 1-1,,,,,2,,,,,,,,,,,,,,,,,,,,,,,,,,,,,,,,,,,,,,,,,,,,,,,,2019-02-23 07:19:28+00:00,2019-02-23 07:19:28+00:00,0,4196,20,北谷,2026-10-01T20:50:19.593663
2019,2019022301,2019-02-23 13:01:00+09:00,74419157,520103.0,1,5,オープン戦,5.0,5回裏,1,青木,小林,飯塚,木内,,,1,4,中日,D,,3,ＤｅＮＡ,DB,,,,,,,3球目:高めのスライダーにバットが止まりボール 2-1,3 Tamame: Takame no Slider ni Batto ga Tomari Ball 2-1,,,,,3,,,,,,,,,,,,,,,,,,,,,,,,,,,,,,,,,,,,,,,,,,,,,,,,2019-02-23 07:19:28+00:00,2019-02-23 07:19:28+00:00,0,4196,20,北谷,2026-10-01T20:50:19.593663
2019,2019022301,2019-02-23 13:01:00+09:00,74419158,520104.0,1,5,オープン戦,5.0,5回裏,1,青木,小林,飯塚,木内,,,1,4,中日,D,,3,ＤｅＮＡ,DB,,,,,,,4球目:ファウルフライを中井(一)が捕球してバッターアウト 1アウト,4 Tamame: Foul Fly wo Nakai (Ichi) ga Hokyuu Shite Batter Out 1 Out,,,,,4,,,,,,,,,,,,,,,,,,,,,,,,,,,,,,,,,,,,,,,,,,,,,,,,2019-02-23 07:19:28+00:00,2019-02-23 07:19:28+00:00,0,4196,20,北谷,2026-10-01T20:50:19.593663
2019,2019022301,2019-02-23 13:01:00+09:00,74419159,520200.0,1,5,オープン戦,5.0,5回裏,2,青木,小林,飯塚,木内,,,1,4,中日,D,,3,ＤｅＮＡ,DB,,,,,,,＜5番：アルモンテ＞一死走者なし,<5 Ban: Arumonte> Ichi Shi Sousha Nashi,,,,,0,,,,,,,,,,,,,,,,,,,,,,,,,,,,,,,,,,,,,,,,,,,,,,,,2019-02-23 07:19:28+00:00,2019-02-23 07:19:28+00:00,0,4196,20,北谷,2026-10-01T20:50:19.593663
2019,2019022301,2019-02-23 13:01:00+09:00,74419160,520201.0,1,5,オープン戦,5.0,5回裏,2,青木,小林,飯塚,木内,,,1,4,中日,D,,3,ＤｅＮＡ,DB,,,,,,,1球目:ライトへのヒットで出塁 1塁,1 Tamame: Raito e no Hit de Shutsurui 1 Rui,,,,,1,,,,,,,,,,,,,,,,,,,,,,,,,,,,,,,,,,,,,,,,,,,,,,,,2019-02-23 07:19:28+00:00,2019-02-23 07:19:28+00:00,0,4196,20,北谷,2026-10-01T20:50:19.593663
2019,2019022301,2019-02-23 13:01:00+09:00,74419161,520300.0,1,5,オープン戦,5.0,5回裏,3,青木,小林,飯塚,木内,,,1,4,中日,D,,3,ＤｅＮＡ,DB,,,,,,,1塁アルモンテ→代走:渡辺,1 Rui Arumonte Daisou: Watanabe,,,,,0,,,,,,,,,,,,,,,,,,,,,,,,,,,,,,,,,,,,,,,,,,,,,,,,2019-02-23 07:19:28+00:00,2019-02-23 07:19:28+00:00,0,4196,20,北谷,2026-10-01T20:50:19.593663
2019,2019022301,2019-02-23 13:01:00+09:00,74419162,520300.0,1,5,オープン戦,5.0,5回裏,3,青木,小林,飯塚,木内,,,1,4,中日,D,,3,ＤｅＮＡ,DB,,,,,,,＜6番：高橋＞一死1塁,<6 Ban: Takahashi> Ichi Shi 1 Rui,,,,,0,,,,,,,,,,,,,,,,,,,,,,,,,,,,,,,,,,,,,,,,,,,,,,,,2019-02-23 07:19:28+00:00,2019-02-23 07:19:28+00:00,0,4196,20,北谷,2026-10-01T20:50:19.593663
2019,2019022301,2019-02-23 13:01:00+09:00,74419163,520301.0,1,5,オープン戦,5.0,5回裏,3,青木,小林,飯塚,木内,,,1,4,中日,D,,3,ＤｅＮＡ,DB,,,,,,,1球目:外角高めのストレートを打ちにいくもファウル 0-1,1 Tamame: Gaikaku Takame no Straight wo Uchi ni Iku mo Foul 0-1,,,,,1,,,,,,,,,,,,,,,,,,,,,,,,,,,,,,,,,,,,,,,,,,,,,,,,2019-02-23 07:19:28+00:00,2019-02-23 07:19:28+00:00,0,4196,20,北谷,2026-10-01T20:50:19.593663
2019,2019022301,2019-02-23 13:01:00+09:00,74419164,520302.0,1,5,オープン戦,5.0,5回裏,3,青木,小林,飯塚,木内,,,1,4,中日,D,,3,ＤｅＮＡ,DB,,,,,,,2球目:外角高めのシンカーを見逃してボール 1-1,2 Tamame: Gaikaku Takame no Sinker wo Minogashite Ball 1-1,,,,,2,,,,,,,,,,,,,,,,,,,,,,,,,,,,,,,,,,,,,,,,,,,,,,,,2019-02-23 07:19:28+00:00,2019-02-23 07:19:28+00:00,0,4196,20,北谷,2026-10-01T20:50:19.593663
2019,2019022301,2019-02-23 13:01:00+09:00,74419165,520300.0,1,5,オープン戦,5.0,5回裏,3,青木,小林,飯塚,木内,,,1,4,中日,D,,3,ＤｅＮＡ,DB,,,,,,,1塁けん制:ランナー渡辺帰塁,1 Rui Kensei: Runner Watanabe Kirui,,,,,0,,,,,,,,,,,,,,,,,,,,,,,,,,,,,,,,,,,,,,,,,,,,,,,,2019-02-23 07:19:28+00:00,2019-02-23 07:19:28+00:00,0,4196,20,北谷,2026-10-01T20:50:19.593663
2019,2019022301,2019-02-23 13:01:00+09:00,74419166,520303.0,1,5,オープン戦,5.0,5回裏,3,青木,小林,飯塚,木内,,,1,4,中日,D,,3,ＤｅＮＡ,DB,,,,,,,"3球目:レフトへのヒットで出塁 1,2塁","3 Tamame: Left e no Hit de Shutsurui 1,2 Rui",,,,,3,,,,,,,,,,,,,,,,,,,,,,,,,,,,,,,,,,,,,,,,,,,,,,,,2019-02-23 07:19:28+00:00,2019-02-23 07:19:28+00:00,0,4196,20,北谷,2026-10-01T20:50:19.593663
2019,2019022301,2019-02-23 13:01:00+09:00,74419167,520400.0,1,5,オープン戦,5.0,5回裏,4,青木,小林,飯塚,木内,,,1,4,中日,D,,3,ＤｅＮＡ,DB,,,,,,,－ＤｅＮＡ:内野手マウンドへ集まる－,-DeNA: Naiyashu Mound e Atsumaru -,,,,,0,,,,,,,,,,,,,,,,,,,,,,,,,,,,,,,,,,,,,,,,,,,,,,,,2019-02-23 07:19:28+00:00,2019-02-23 07:19:28+00:00,0,4196,20,北谷,2026-10-01T20:50:19.593663
2019,2019022301,2019-02-23 13:01:00+09:00,74419168,520400.0,1,5,オープン戦,5.0,5回裏,4,青木,小林,飯塚,木内,,,1,4,中日,D,,3,ＤｅＮＡ,DB,,,,,,,1塁高橋→代走:福田,1 Rui Takahashi Daisou: Fukuda,,,,,0,,,,,,,,,,,,,,,,,,,,,,,,,,,,,,,,,,,,,,,,,,,,,,,,2019-02-23 07:19:28+00:00,2019-02-23 07:19:28+00:00,0,4196,20,北谷,2026-10-01T20:50:19.593663
2019,2019022301,2019-02-23 13:01:00+09:00,74419169,520400.0,1,5,オープン戦,5.0,5回裏,4,青木,小林,飯塚,木内,,,1,4,中日,D,,3,ＤｅＮＡ,DB,,,,,,,"＜7番：堂上＞一死1,2塁","<7 Ban: Doujou> Ichi Shi 1,2 Rui",,,,,0,,,,,,,,,,,,,,,,,,,,,,,,,,,,,,,,,,,,,,,,,,,,,,,,2019-02-23 07:19:28+00:00,2019-02-23 07:19:28+00:00,0,4196,20,北谷,2026-10-01T20:50:19.593663
2019,2019022301,2019-02-23 13:01:00+09:00,74419170,520401.0,1,5,オープン戦,5.0,5回裏,4,青木,小林,飯塚,木内,,,1,4,中日,D,,3,ＤｅＮＡ,DB,,,,,,,1球目:外角低めのスライダーを見逃してボール 1-0,1 Tamame: Gaikaku Hikume no Slider wo Minogashite Ball 1-0,,,,,1,,,,,,,,,,,,,,,,,,,,,,,,,,,,,,,,,,,,,,,,,,,,,,,,2019-02-23 07:19:28+00:00,2019-02-23 07:19:28+00:00,0,4196,20,北谷,2026-10-01T20:50:19.593663
2019,2019022301,2019-02-23 13:01:00+09:00,74419171,520402.0,1,5,オープン戦,5.0,5回裏,4,青木,小林,飯塚,木内,,,1,4,中日,D,,3,ＤｅＮＡ,DB,,,,,,,2球目:デッドボール。ＤｅＮＡ、満塁のピンチをまねく 満塁,"2 Tamame: Dead Ball. Dena, Manrui no Pinch  wo Maneku Manrui",,,,,2,,,,,,,,,,,,,,,,,,,,,,,,,,,,,,,,,,,,,,,,,,,,,,,,2019-02-23 07:19:28+00:00,2019-02-23 07:19:28+00:00,0,4196,20,北谷,2026-10-01T20:50:19.593663
2019,2019022301,2019-02-23 13:01:00+09:00,74419172,520500.0,1,5,オープン戦,5.0,5回裏,5,青木,小林,飯塚,木内,,,1,4,中日,D,,3,ＤｅＮＡ,DB,,,,,,,1塁堂上→代走:石川駿,1 Rui Doujou Daisou: Ishikawa Shun,,,,,0,,,,,,,,,,,,,,,,,,,,,,,,,,,,,,,,,,,,,,,,,,,,,,,,2019-02-23 07:19:28+00:00,2019-02-23 07:19:28+00:00,0,4196,20,北谷,2026-10-01T20:50:19.593663
2019,2019022301,2019-02-23 13:01:00+09:00,74419173,520500.0,1,5,オープン戦,5.0,5回裏,5,青木,小林,飯塚,木内,,,1,4,中日,D,,3,ＤｅＮＡ,DB,,,,,,,＜8番：阿部＞一死満塁,<8 Ban: Abe> Ichi Shi Manrui,,,,,0,,,,,,,,,,,,,,,,,,,,,,,,,,,,,,,,,,,,,,,,,,,,,,,,2019-02-23 07:19:28+00:00,2019-02-23 07:19:28+00:00,0,4196,20,北谷,2026-10-01T20:50:19.593663
2019,2019022301,2019-02-23 13:01:00+09:00,74419174,520501.0,1,5,オープン戦,5.0,5回裏,5,青木,小林,飯塚,木内,,,1,4,中日,D,,3,ＤｅＮＡ,DB,,,,,,,1球目:外角低めの変化球を見逃してボール 1-0,1 Tamame: Gaikaku Hikume no Henka Kyuu wo Minogashite Ball 1-0,,,,,1,,,,,,,,,,,,,,,,,,,,,,,,,,,,,,,,,,,,,,,,,,,,,,,,2019-02-23 07:19:28+00:00,2019-02-23 07:19:28+00:00,0,4196,20,北谷,2026-10-01T20:50:19.593663
2019,2019022301,2019-02-23 13:01:00+09:00,74419175,520502.0,1,5,オープン戦,5.0,5回裏,5,青木,小林,飯塚,木内,,,1,4,中日,D,,3,ＤｅＮＡ,DB,,,,,,,2球目:内角高めのストレートを打ってファウル 1-1,2 Tamame: Naikaku Takame no Straight wo Utte Foul 1-1,,,,,2,,,,,,,,,,,,,,,,,,,,,,,,,,,,,,,,,,,,,,,,,,,,,,,,2019-02-23 07:19:28+00:00,2019-02-23 07:19:28+00:00,0,4196,20,北谷,2026-10-01T20:50:19.593663
2019,2019022301,2019-02-23 13:01:00+09:00,74419176,520503.0,1,5,オープン戦,5.0,5回裏,5,青木,小林,飯塚,木内,,,1,4,中日,D,,3,ＤｅＮＡ,DB,,,,,,,"3球目:ランナーフルベースの1-1から犠飛 中1-5デ 2アウト1,2塁","3 Tamame: Runner Full Base no 1-1 kara Gihichuu 1-5 Des 2 Out 1,2 Rui",,,,,3,,,,,,,,,,,,,,,,,,,,,,,,,,,,,,,,,,,,,,,,,,,,,,,,2019-02-23 07:19:28+00:00,2019-02-23 07:19:28+00:00,0,4196,20,北谷,2026-10-01T20:50:19.593663
2019,2019022301,2019-02-23 13:01:00+09:00,74419177,520600.0,1,5,オープン戦,5.0,5回裏,6,青木,小林,飯塚,木内,,,1,4,中日,D,,3,ＤｅＮＡ,DB,,,,,,,"＜9番：加藤＞二死1,2塁","<9 Ban: Katou> Ni Shi 1,2 Rui",,,,,0,,,,,,,,,,,,,,,,,,,,,,,,,,,,,,,,,,,,,,,,,,,,,,,,2019-02-23 07:19:28+00:00,2019-02-23 07:19:28+00:00,0,4196,20,北谷,2026-10-01T20:50:19.593663
2019,2019022301,2019-02-23 13:01:00+09:00,74419178,520601.0,1,5,オープン戦,5.0,5回裏,6,青木,小林,飯塚,木内,,,1,4,中日,D,,3,ＤｅＮＡ,DB,,,,,,,"1球目:ランナー1,2塁からセンターへのタイムリーヒット 中2-5デ 1,2塁","1 Tamame: Runner 1,2 Rui kara Center e no Timely Hitchuu 2-5 Des 1,2 Rui",,,,,1,,,,,,,,,,,,,,,,,,,,,,,,,,,,,,,,,,,,,,,,,,,,,,,,2019-02-23 07:19:28+00:00,2019-02-23 07:19:28+00:00,0,4196,20,北谷,2026-10-01T20:50:19.593663
2019,2019022301,2019-02-23 13:01:00+09:00,74419179,520700.0,1,5,オープン戦,5.0,5回裏,7,青木,小林,飯塚,木内,,,1,4,中日,D,,3,ＤｅＮＡ,DB,,,,,,,"＜1番：京田＞二死1,2塁","<1 Ban: Kyouda> Ni Shi 1,2 Rui",,,,,0,,,,,,,,,,,,,,,,,,,,,,,,,,,,,,,,,,,,,,,,,,,,,,,,2019-02-23 07:19:28+00:00,2019-02-23 07:19:28+00:00,0,4196,20,北谷,2026-10-01T20:50:19.593663
2019,2019022301,2019-02-23 13:01:00+09:00,74419180,520701.0,1,5,オープン戦,5.0,5回裏,7,青木,小林,飯塚,木内,,,1,4,中日,D,,3,ＤｅＮＡ,DB,,,,,,,1球目:内角低めのスライダーを見逃してボール 1-0,1 Tamame: Naikaku Hikume no Slider wo Minogashite Ball 1-0,,,,,1,,,,,,,,,,,,,,,,,,,,,,,,,,,,,,,,,,,,,,,,,,,,,,,,2019-02-23 07:19:28+00:00,2019-02-23 07:19:28+00:00,0,4196,20,北谷,2026-10-01T20:50:19.593663
2019,2019022301,2019-02-23 13:01:00+09:00,74419181,520702.0,1,5,オープン戦,5.0,5回裏,7,青木,小林,飯塚,木内,,,1,4,中日,D,,3,ＤｅＮＡ,DB,,,,,,,2球目:外角高めのスライダーを見逃してボール 2-0,2 Tamame: Gaikaku Takame no Slider wo Minogashite Ball 2-0,,,,,2,,,,,,,,,,,,,,,,,,,,,,,,,,,,,,,,,,,,,,,,,,,,,,,,2019-02-23 07:19:28+00:00,2019-02-23 07:19:28+00:00,0,4196,20,北谷,2026-10-01T20:50:19.593663
2019,2019022301,2019-02-23 13:01:00+09:00,74419182,520703.0,1,5,オープン戦,5.0,5回裏,7,青木,小林,飯塚,木内,,,1,4,中日,D,,3,ＤｅＮＡ,DB,,,,,,,3球目:外角高めの落ちる球を見逃してボール 3-0,3 Tamame: Gaikaku Takame no Ochiru Tama wo Minogashite Ball 3-0,,,,,3,,,,,,,,,,,,,,,,,,,,,,,,,,,,,,,,,,,,,,,,,,,,,,,,2019-02-23 07:19:28+00:00,2019-02-23 07:19:28+00:00,0,4196,20,北谷,2026-10-01T20:50:19.593663
2019,2019022301,2019-02-23 13:01:00+09:00,74419183,520704.0,1,5,オープン戦,5.0,5回裏,7,青木,小林,飯塚,木内,,,1,4,中日,D,,3,ＤｅＮＡ,DB,,,,,,,4球目:一度もバットを振ることなくストレートのフォアボールを選ぶ 満塁,4 Tamame: Ichi Do mo Batto wo Furu Koto Naku Straight no Four Ball wo Erabu Manrui,,,,,4,,,,,,,,,,,,,,,,,,,,,,,,,,,,,,,,,,,,,,,,,,,,,,,,2019-02-23 07:19:28+00:00,2019-02-23 07:19:28+00:00,0,4196,20,北谷,2026-10-01T20:50:19.593663
2019,2019022301,2019-02-23 13:01:00+09:00,74419184,520800.0,1,5,オープン戦,5.0,5回裏,8,青木,小林,飯塚,木内,,,1,4,中日,D,,3,ＤｅＮＡ,DB,,,,,,,－ＤｅＮＡ:内野手マウンドへ集まる－,-DeNA: Naiyashu Mound e Atsumaru -,,,,,0,,,,,,,,,,,,,,,,,,,,,,,,,,,,,,,,,,,,,,,,,,,,,,,,2019-02-23 07:19:28+00:00,2019-02-23 07:19:28+00:00,0,4196,20,北谷,2026-10-01T20:50:19.593663
2019,2019022301,2019-02-23 13:01:00+09:00,74419185,520800.0,1,5,オープン戦,5.0,5回裏,8,青木,小林,飯塚,木内,,,1,4,中日,D,,3,ＤｅＮＡ,DB,,,,,,,＜2番：遠藤＞二死満塁,<2 Ban: Endou> Ni Shi Manrui,,,,,0,,,,,,,,,,,,,,,,,,,,,,,,,,,,,,,,,,,,,,,,,,,,,,,,2019-02-23 07:19:28+00:00,2019-02-23 07:19:28+00:00,0,4196,20,北谷,2026-10-01T20:50:19.593663
2019,2019022301,2019-02-23 13:01:00+09:00,74419186,520801.0,1,5,オープン戦,5.0,5回裏,8,青木,小林,飯塚,木内,,,1,4,中日,D,,3,ＤｅＮＡ,DB,,,,,,,1球目:内角低めの変化球に反応するもバットが止まりボール 1-0,1 Tamame: Naikaku Hikume no Henka Kyuu ni Hannou Suru mo Batto ga Tomari Ball 1-0,,,,,1,,,,,,,,,,,,,,,,,,,,,,,,,,,,,,,,,,,,,,,,,,,,,,,,2019-02-23 07:19:28+00:00,2019-02-23 07:19:28+00:00,0,4196,20,北谷,2026-10-01T20:50:19.593663
2019,2019022301,2019-02-23 13:01:00+09:00,74419187,520802.0,1,5,オープン戦,5.0,5回裏,8,青木,小林,飯塚,木内,,,1,4,中日,D,,3,ＤｅＮＡ,DB,,,,,,,2球目:外角低めのストレートを打ってファウル 1-1,2 Tamame: Gaikaku Hikume no Straight wo Utte Foul 1-1,,,,,2,,,,,,,,,,,,,,,,,,,,,,,,,,,,,,,,,,,,,,,,,,,,,,,,2019-02-23 07:19:28+00:00,2019-02-23 07:19:28+00:00,0,4196,20,北谷,2026-10-01T20:50:19.593663
2019,2019022301,2019-02-23 13:01:00+09:00,74419188,520803.0,1,5,オープン戦,5.0,5回裏,8,青木,小林,飯塚,木内,,,1,4,中日,D,,3,ＤｅＮＡ,DB,,,,,,,3球目:ど真ん中の球を打ってファウル 1-2,3 Tamame: Domannaka no Tama wo Utte Foul 1-2,,,,,3,,,,,,,,,,,,,,,,,,,,,,,,,,,,,,,,,,,,,,,,,,,,,,,,2019-02-23 07:19:28+00:00,2019-02-23 07:19:28+00:00,0,4196,20,北谷,2026-10-01T20:50:19.593663
2019,2019022301,2019-02-23 13:01:00+09:00,74419189,520804.0,1,5,オープン戦,5.0,5回裏,8,青木,小林,飯塚,木内,,,1,4,中日,D,,3,ＤｅＮＡ,DB,,,,,,,4球目:甘い球を打ってファウル 1-2,4 Tamame: Amai Tama wo Utte Foul 1-2,,,,,4,,,,,,,,,,,,,,,,,,,,,,,,,,,,,,,,,,,,,,,,,,,,,,,,2019-02-23 07:19:28+00:00,2019-02-23 07:19:28+00:00,0,4196,20,北谷,2026-10-01T20:50:19.593663
2019,2019022301,2019-02-23 13:01:00+09:00,74419190,520805.0,1,5,オープン戦,5.0,5回裏,8,青木,小林,飯塚,木内,,,1,4,中日,D,,3,ＤｅＮＡ,DB,,,,,,,5球目:カウント1-2から見逃し三振 3アウトチェンジ,5 Tamame: Count 1-2 kara Minogashi Sanshin 3 Out Change,,,,,5,,,,,,,,,,,,,,,,,,,,,,,,,,,,,,,,,,,,,,,,,,,,,,,,2019-02-23 07:19:28+00:00,2019-02-23 07:19:28+00:00,0,4196,20,北谷,2026-10-01T20:50:19.593663
2019,2019022301,2019-02-23 13:01:00+09:00,74419191,610100.0,1,5,オープン戦,6.0,6回表,1,青木,小林,飯塚,木内,,,1,4,中日,D,,3,ＤｅＮＡ,DB,,,,,,,6回表 中2-5デ　ＤｅＮＡは6番佐野からの攻撃,6 Kai Hyouchuu 2-5 Des Dena wa 6 Ban Sano kara no Kougeki,,,,,0,,,,,,,,,,,,,,,,,,,,,,,,,,,,,,,,,,,,,,,,,,,,,,,,2019-02-23 07:19:28+00:00,2019-02-23 07:19:28+00:00,0,4196,20,北谷,2026-10-01T20:50:19.593663
2019,2019022301,2019-02-23 13:01:00+09:00,74419192,610100.0,1,5,オープン戦,6.0,6回表,1,青木,小林,飯塚,木内,,,1,4,中日,D,,3,ＤｅＮＡ,DB,,,,,,,投手交代:笠原→ロメロ　守備変更:渡辺→レフト　守備変更:福田→サード　守備変更:石川駿→セカンド　守備変更:阿部セカンド→ファースト,Toushu Koutai: Kasahara Romero Shubi Henkou: Watanabe Left Shubi Henkou: Fukuda Third Shubi Henkou: Ishikawa Shun Sekando Shubi Henkou: Abe Sekando First,,,,,0,,,,,,,,,,,,,,,,,,,,,,,,,,,,,,,,,,,,,,,,,,,,,,,,2019-02-23 07:19:28+00:00,2019-02-23 07:19:28+00:00,0,4196,20,北谷,2026-10-01T20:50:19.593663
2019,2019022301,2019-02-23 13:01:00+09:00,74419193,610100.0,1,5,オープン戦,6.0,6回表,1,青木,小林,飯塚,木内,,,1,4,中日,D,,3,ＤｅＮＡ,DB,,,,,,,＜6番：佐野＞無死走者なし,<6 Ban: Sano> Mushi Sousha Nashi,,,,,0,,,,,,,,,,,,,,,,,,,,,,,,,,,,,,,,,,,,,,,,,,,,,,,,2019-02-23 07:19:28+00:00,2019-02-23 07:19:28+00:00,0,4196,20,北谷,2026-10-01T20:50:19.593663
2019,2019022301,2019-02-23 13:01:00+09:00,74419194,610101.0,1,5,オープン戦,6.0,6回表,1,青木,小林,飯塚,木内,,,1,4,中日,D,,3,ＤｅＮＡ,DB,,,,,,,1球目:外角高めのストレートを打ちにいくもファウル 0-1,1 Tamame: Gaikaku Takame no Straight wo Uchi ni Iku mo Foul 0-1,,,,,1,,,,,,,,,,,,,,,,,,,,,,,,,,,,,,,,,,,,,,,,,,,,,,,,2019-02-23 07:19:28+00:00,2019-02-23 07:19:28+00:00,0,4196,20,北谷,2026-10-01T20:50:19.593663
2019,2019022301,2019-02-23 13:01:00+09:00,74419195,610102.0,1,5,オープン戦,6.0,6回表,1,青木,小林,飯塚,木内,,,1,4,中日,D,,3,ＤｅＮＡ,DB,,,,,,,2球目:外角低めのストレートを見逃してボール 1-1,2 Tamame: Gaikaku Hikume no Straight wo Minogashite Ball 1-1,,,,,2,,,,,,,,,,,,,,,,,,,,,,,,,,,,,,,,,,,,,,,,,,,,,,,,2019-02-23 07:19:28+00:00,2019-02-23 07:19:28+00:00,0,4196,20,北谷,2026-10-01T20:50:19.593663
2019,2019022301,2019-02-23 13:01:00+09:00,74419196,610103.0,1,5,オープン戦,6.0,6回表,1,青木,小林,飯塚,木内,,,1,4,中日,D,,3,ＤｅＮＡ,DB,,,,,,,3球目:ファーストゴロ 1アウト,3 Tamame: First Grounder 1 Out,,,,,3,,,,,,,,,,,,,,,,,,,,,,,,,,,,,,,,,,,,,,,,,,,,,,,,2019-02-23 07:19:28+00:00,2019-02-23 07:19:28+00:00,0,4196,20,北谷,2026-10-01T20:50:19.593663
2019,2019022301,2019-02-23 13:01:00+09:00,74419197,610200.0,1,5,オープン戦,6.0,6回表,2,青木,小林,飯塚,木内,,,1,4,中日,D,,3,ＤｅＮＡ,DB,,,,,,,＜7番：伊藤光＞一死走者なし,<7 Ban: Itou Hikari> Ichi Shi Sousha Nashi,,,,,0,,,,,,,,,,,,,,,,,,,,,,,,,,,,,,,,,,,,,,,,,,,,,,,,2019-02-23 07:19:28+00:00,2019-02-23 07:19:28+00:00,0,4196,20,北谷,2026-10-01T20:50:19.593663
2019,2019022301,2019-02-23 13:01:00+09:00,74419198,610201.0,1,5,オープン戦,6.0,6回表,2,青木,小林,飯塚,木内,,,1,4,中日,D,,3,ＤｅＮＡ,DB,,,,,,,1球目:内角低めの変化球を見逃してボール 1-0,1 Tamame: Naikaku Hikume no Henka Kyuu wo Minogashite Ball 1-0,,,,,1,,,,,,,,,,,,,,,,,,,,,,,,,,,,,,,,,,,,,,,,,,,,,,,,2019-02-23 07:19:28+00:00,2019-02-23 07:19:28+00:00,0,4196,20,北谷,2026-10-01T20:50:19.593663
2019,2019022301,2019-02-23 13:01:00+09:00,74419199,610202.0,1,5,オープン戦,6.0,6回表,2,青木,小林,飯塚,木内,,,1,4,中日,D,,3,ＤｅＮＡ,DB,,,,,,,2球目:外角高めのストレートを見逃してボール 2-0,2 Tamame: Gaikaku Takame no Straight wo Minogashite Ball 2-0,,,,,2,,,,,,,,,,,,,,,,,,,,,,,,,,,,,,,,,,,,,,,,,,,,,,,,2019-02-23 07:19:28+00:00,2019-02-23 07:19:28+00:00,0,4196,20,北谷,2026-10-01T20:50:19.593663
2019,2019022301,2019-02-23 13:01:00+09:00,74419200,610203.0,1,5,オープン戦,6.0,6回表,2,青木,小林,飯塚,木内,,,1,4,中日,D,,3,ＤｅＮＡ,DB,,,,,,,3球目:外角のストレートを見逃してストライク 2-1,3 Tamame: Gaikaku no Straight wo Minogashite Strike 2-1,,,,,3,,,,,,,,,,,,,,,,,,,,,,,,,,,,,,,,,,,,,,,,,,,,,,,,2019-02-23 07:19:28+00:00,2019-02-23 07:19:28+00:00,0,4196,20,北谷,2026-10-01T20:50:19.593663
2019,2019022301,2019-02-23 13:01:00+09:00,74419201,610204.0,1,5,オープン戦,6.0,6回表,2,青木,小林,飯塚,木内,,,1,4,中日,D,,3,ＤｅＮＡ,DB,,,,,,,4球目:低めの変化球を打ってファウル 2-2,4 Tamame: Hikume no Henka Kyuu wo Utte Foul 2-2,,,,,4,,,,,,,,,,,,,,,,,,,,,,,,,,,,,,,,,,,,,,,,,,,,,,,,2019-02-23 07:19:28+00:00,2019-02-23 07:19:28+00:00,0,4196,20,北谷,2026-10-01T20:50:19.593663
2019,2019022301,2019-02-23 13:01:00+09:00,74419202,610205.0,1,5,オープン戦,6.0,6回表,2,青木,小林,飯塚,木内,,,1,4,中日,D,,3,ＤｅＮＡ,DB,,,,,,,5球目:ショートゴロ 2アウト,5 Tamame: Short Grounder 2 Out,,,,,5,,,,,,,,,,,,,,,,,,,,,,,,,,,,,,,,,,,,,,,,,,,,,,,,2019-02-23 07:19:28+00:00,2019-02-23 07:19:28+00:00,0,4196,20,北谷,2026-10-01T20:50:19.593663
2019,2019022301,2019-02-23 13:01:00+09:00,74419203,610300.0,1,5,オープン戦,6.0,6回表,3,青木,小林,飯塚,木内,,,1,4,中日,D,,3,ＤｅＮＡ,DB,,,,,,,＜8番：大和＞二死走者なし,<8 Ban: Yamato> Ni Shi Sousha Nashi,,,,,0,,,,,,,,,,,,,,,,,,,,,,,,,,,,,,,,,,,,,,,,,,,,,,,,2019-02-23 07:19:28+00:00,2019-02-23 07:19:28+00:00,0,4196,20,北谷,2026-10-01T20:50:19.593663
2019,2019022301,2019-02-23 13:01:00+09:00,74419204,610301.0,1,5,オープン戦,6.0,6回表,3,青木,小林,飯塚,木内,,,1,4,中日,D,,3,ＤｅＮＡ,DB,,,,,,,1球目:ワンバウンドのカーブを見逃してボール 1-0,1 Tamame: One Bound no Curve wo Minogashite Ball 1-0,,,,,1,,,,,,,,,,,,,,,,,,,,,,,,,,,,,,,,,,,,,,,,,,,,,,,,2019-02-23 07:19:28+00:00,2019-02-23 07:19:28+00:00,0,4196,20,北谷,2026-10-01T20:50:19.593663
2019,2019022301,2019-02-23 13:01:00+09:00,74419205,610302.0,1,5,オープン戦,6.0,6回表,3,青木,小林,飯塚,木内,,,1,4,中日,D,,3,ＤｅＮＡ,DB,,,,,,,2球目:外角高めのスライダーを見逃してボール 2-0,2 Tamame: Gaikaku Takame no Slider wo Minogashite Ball 2-0,,,,,2,,,,,,,,,,,,,,,,,,,,,,,,,,,,,,,,,,,,,,,,,,,,,,,,2019-02-23 07:19:28+00:00,2019-02-23 07:19:28+00:00,0,4196,20,北谷,2026-10-01T20:50:19.593663
2019,2019022301,2019-02-23 13:01:00+09:00,74419206,610303.0,1,5,オープン戦,6.0,6回表,3,青木,小林,飯塚,木内,,,1,4,中日,D,,3,ＤｅＮＡ,DB,,,,,,,3球目:外角高めのストレートを見逃してストライク 2-1,3 Tamame: Gaikaku Takame no Straight wo Minogashite Strike 2-1,,,,,3,,,,,,,,,,,,,,,,,,,,,,,,,,,,,,,,,,,,,,,,,,,,,,,,2019-02-23 07:19:28+00:00,2019-02-23 07:19:28+00:00,0,4196,20,北谷,2026-10-01T20:50:19.593663
2019,2019022301,2019-02-23 13:01:00+09:00,74419207,610304.0,1,5,オープン戦,6.0,6回表,3,青木,小林,飯塚,木内,,,1,4,中日,D,,3,ＤｅＮＡ,DB,,,,,,,4球目:外角のストレートを打ってファウル 2-2,4 Tamame: Gaikaku no Straight wo Utte Foul 2-2,,,,,4,,,,,,,,,,,,,,,,,,,,,,,,,,,,,,,,,,,,,,,,,,,,,,,,2019-02-23 07:19:28+00:00,2019-02-23 07:19:28+00:00,0,4196,20,北谷,2026-10-01T20:50:19.593663
2019,2019022301,2019-02-23 13:01:00+09:00,74419208,610305.0,1,5,オープン戦,6.0,6回表,3,青木,小林,飯塚,木内,,,1,4,中日,D,,3,ＤｅＮＡ,DB,,,,,,,5球目:センターへのヒットで出塁 1塁,5 Tamame: Center e no Hit de Shutsurui 1 Rui,,,,,5,,,,,,,,,,,,,,,,,,,,,,,,,,,,,,,,,,,,,,,,,,,,,,,,2019-02-23 07:19:28+00:00,2019-02-23 07:19:28+00:00,0,4196,20,北谷,2026-10-01T20:50:19.593663
2019,2019022301,2019-02-23 13:01:00+09:00,74419209,610400.0,1,5,オープン戦,6.0,6回表,4,青木,小林,飯塚,木内,,,1,4,中日,D,,3,ＤｅＮＡ,DB,,,,,,,＜9番：桑原＞二死1塁,<9 Ban: Kuwahara> Ni Shi 1 Rui,,,,,0,,,,,,,,,,,,,,,,,,,,,,,,,,,,,,,,,,,,,,,,,,,,,,,,2019-02-23 07:19:28+00:00,2019-02-23 07:19:28+00:00,0,4196,20,北谷,2026-10-01T20:50:19.593663
2019,2019022301,2019-02-23 13:01:00+09:00,74419210,610401.0,1,5,オープン戦,6.0,6回表,4,青木,小林,飯塚,木内,,,1,4,中日,D,,3,ＤｅＮＡ,DB,,,,,,,1球目:内角低めのスライダーを空振りストライク 0-1,1 Tamame: Naikaku Hikume no Slider wo Karaburi Strike 0-1,,,,,1,,,,,,,,,,,,,,,,,,,,,,,,,,,,,,,,,,,,,,,,,,,,,,,,2019-02-23 07:19:28+00:00,2019-02-23 07:19:28+00:00,0,4196,20,北谷,2026-10-01T20:50:19.593663
2019,2019022301,2019-02-23 13:01:00+09:00,74419211,610402.0,1,5,オープン戦,6.0,6回表,4,青木,小林,飯塚,木内,,,1,4,中日,D,,3,ＤｅＮＡ,DB,,,,,,,2球目:内角高めのストレートを見逃してボール 1-1,2 Tamame: Naikaku Takame no Straight wo Minogashite Ball 1-1,,,,,2,,,,,,,,,,,,,,,,,,,,,,,,,,,,,,,,,,,,,,,,,,,,,,,,2019-02-23 07:19:28+00:00,2019-02-23 07:19:28+00:00,0,4196,20,北谷,2026-10-01T20:50:19.593663
2019,2019022301,2019-02-23 13:01:00+09:00,74419212,610403.0,1,5,オープン戦,6.0,6回表,4,青木,小林,飯塚,木内,,,1,4,中日,D,,3,ＤｅＮＡ,DB,,,,,,,3球目:低めのストレートを見逃してボール 2-1,3 Tamame: Hikume no Straight wo Minogashite Ball 2-1,,,,,3,,,,,,,,,,,,,,,,,,,,,,,,,,,,,,,,,,,,,,,,,,,,,,,,2019-02-23 07:19:28+00:00,2019-02-23 07:19:28+00:00,0,4196,20,北谷,2026-10-01T20:50:19.593663
2019,2019022301,2019-02-23 13:01:00+09:00,74419213,610404.0,1,5,オープン戦,6.0,6回表,4,青木,小林,飯塚,木内,,,1,4,中日,D,,3,ＤｅＮＡ,DB,,,,,,,4球目:外角高めのストレートを打つもライトフライ 3アウトチェンジ,4 Tamame: Gaikaku Takame no Straight wo Utsu mo Raito Fly 3 Out Change,,,,,4,,,,,,,,,,,,,,,,,,,,,,,,,,,,,,,,,,,,,,,,,,,,,,,,2019-02-23 07:19:28+00:00,2019-02-23 07:19:28+00:00,0,4196,20,北谷,2026-10-01T20:50:19.593663
2019,2019022301,2019-02-23 13:01:00+09:00,74419214,620100.0,1,5,オープン戦,6.0,6回裏,1,青木,小林,飯塚,木内,,,1,4,中日,D,,3,ＤｅＮＡ,DB,,,,,,,6回裏 中2-5デ　中日は3番平田からの攻撃,6 Kairichuu 2-5 Des Chuunichi wa 3 Ban Hirata kara no Kougeki,,,,,0,,,,,,,,,,,,,,,,,,,,,,,,,,,,,,,,,,,,,,,,,,,,,,,,2019-02-23 07:19:28+00:00,2019-02-23 07:19:28+00:00,0,4196,20,北谷,2026-10-01T20:50:19.593663
2019,2019022301,2019-02-23 13:01:00+09:00,74419215,620100.0,1,5,オープン戦,6.0,6回裏,1,青木,小林,飯塚,木内,,,1,4,中日,D,,3,ＤｅＮＡ,DB,,,,,,,投手交代:三上→飯塚　守備交代:ショート知野　守備交代:ライト楠本　守備変更:神里ライト→センター,Toushu Koutai: Mikami Iizuka Shubi Koutai: Short Chino Shubi Koutai: Raito Kusumoto Shubi Henkou: Kamisato Wright Center,,,,,0,,,,,,,,,,,,,,,,,,,,,,,,,,,,,,,,,,,,,,,,,,,,,,,,2019-02-23 07:19:28+00:00,2019-02-23 07:19:28+00:00,0,4196,20,北谷,2026-10-01T20:50:19.593663
2019,2019022301,2019-02-23 13:01:00+09:00,74419216,620100.0,1,5,オープン戦,6.0,6回裏,1,青木,小林,飯塚,木内,,,1,4,中日,D,,3,ＤｅＮＡ,DB,,,,,,,＜3番：平田＞無死走者なし,<3 Ban: Hirata> Mushi Sousha Nashi,,,,,0,,,,,,,,,,,,,,,,,,,,,,,,,,,,,,,,,,,,,,,,,,,,,,,,2019-02-23 07:19:28+00:00,2019-02-23 07:19:28+00:00,0,4196,20,北谷,2026-10-01T20:50:19.593663
2019,2019022301,2019-02-23 13:01:00+09:00,74419217,620101.0,1,5,オープン戦,6.0,6回裏,1,青木,小林,飯塚,木内,,,1,4,中日,D,,3,ＤｅＮＡ,DB,,,,,,,1球目:外角高めの球を打つもセンターフライ 1アウト,1 Tamame: Gaikaku Takame no Tama wo Utsu mo Center Fly 1 Out,,,,,1,,,,,,,,,,,,,,,,,,,,,,,,,,,,,,,,,,,,,,,,,,,,,,,,2019-02-23 07:19:28+00:00,2019-02-23 07:19:28+00:00,0,4196,20,北谷,2026-10-01T20:50:19.593663
2019,2019022301,2019-02-23 13:01:00+09:00,74419218,620200.0,1,5,オープン戦,6.0,6回裏,2,青木,小林,飯塚,木内,,,1,4,中日,D,,3,ＤｅＮＡ,DB,,,,,,,ビシエド→代打:モヤ,Bishiedo Daida: Moya,,,,,0,,,,,,,,,,,,,,,,,,,,,,,,,,,,,,,,,,,,,,,,,,,,,,,,2019-02-23 07:19:28+00:00,2019-02-23 07:19:28+00:00,0,4196,20,北谷,2026-10-01T20:50:19.593663
2019,2019022301,2019-02-23 13:01:00+09:00,74419219,620200.0,1,5,オープン戦,6.0,6回裏,2,青木,小林,飯塚,木内,,,1,4,中日,D,,3,ＤｅＮＡ,DB,,,,,,,＜代打：モヤ＞一死走者なし,< Daida: Moya> Ichi Shi Sousha Nashi,,,,,0,,,,,,,,,,,,,,,,,,,,,,,,,,,,,,,,,,,,,,,,,,,,,,,,2019-02-23 07:19:28+00:00,2019-02-23 07:19:28+00:00,0,4196,20,北谷,2026-10-01T20:50:19.593663
2019,2019022301,2019-02-23 13:01:00+09:00,74419220,620201.0,1,5,オープン戦,6.0,6回裏,2,青木,小林,飯塚,木内,,,1,4,中日,D,,3,ＤｅＮＡ,DB,,,,,,,1球目:外角高めの変化球を見逃してストライク 0-1,1 Tamame: Gaikaku Takame no Henka Kyuu wo Minogashite Strike 0-1,,,,,1,,,,,,,,,,,,,,,,,,,,,,,,,,,,,,,,,,,,,,,,,,,,,,,,2019-02-23 07:19:28+00:00,2019-02-23 07:19:28+00:00,0,4196,20,北谷,2026-10-01T20:50:19.593663
2019,2019022301,2019-02-23 13:01:00+09:00,74419221,620202.0,1,5,オープン戦,6.0,6回裏,2,青木,小林,飯塚,木内,,,1,4,中日,D,,3,ＤｅＮＡ,DB,,,,,,,2球目:高めのつり球には反応せずボール 1-1,2 Tamame: Takame no Tsuri Tama ni wa Hannou Sezu Ball 1-1,,,,,2,,,,,,,,,,,,,,,,,,,,,,,,,,,,,,,,,,,,,,,,,,,,,,,,2019-02-23 07:19:28+00:00,2019-02-23 07:19:28+00:00,0,4196,20,北谷,2026-10-01T20:50:19.593663
2019,2019022301,2019-02-23 13:01:00+09:00,74419222,620203.0,1,5,オープン戦,6.0,6回裏,2,青木,小林,飯塚,木内,,,1,4,中日,D,,3,ＤｅＮＡ,DB,,,,,,,3球目:内角低めの変化球を打ってファウル 1-2,3 Tamame: Naikaku Hikume no Henka Kyuu wo Utte Foul 1-2,,,,,3,,,,,,,,,,,,,,,,,,,,,,,,,,,,,,,,,,,,,,,,,,,,,,,,2019-02-23 07:19:28+00:00,2019-02-23 07:19:28+00:00,0,4196,20,北谷,2026-10-01T20:50:19.593663
2019,2019022301,2019-02-23 13:01:00+09:00,74419223,620204.0,1,5,オープン戦,6.0,6回裏,2,青木,小林,飯塚,木内,,,1,4,中日,D,,3,ＤｅＮＡ,DB,,,,,,,4球目:外角高めの変化球を見逃してボール 2-2,4 Tamame: Gaikaku Takame no Henka Kyuu wo Minogashite Ball 2-2,,,,,4,,,,,,,,,,,,,,,,,,,,,,,,,,,,,,,,,,,,,,,,,,,,,,,,2019-02-23 07:19:28+00:00,2019-02-23 07:19:28+00:00,0,4196,20,北谷,2026-10-01T20:50:19.593663
2019,2019022301,2019-02-23 13:01:00+09:00,74419224,620205.0,1,5,オープン戦,6.0,6回裏,2,青木,小林,飯塚,木内,,,1,4,中日,D,,3,ＤｅＮＡ,DB,,,,,,,5球目:内角高めのストレートを見逃してボール 3-2,5 Tamame: Naikaku Takame no Straight wo Minogashite Ball 3-2,,,,,5,,,,,,,,,,,,,,,,,,,,,,,,,,,,,,,,,,,,,,,,,,,,,,,,2019-02-23 07:19:28+00:00,2019-02-23 07:19:28+00:00,0,4196,20,北谷,2026-10-01T20:50:19.593663
2019,2019022301,2019-02-23 13:01:00+09:00,74419225,620206.0,1,5,オープン戦,6.0,6回裏,2,青木,小林,飯塚,木内,,,1,4,中日,D,,3,ＤｅＮＡ,DB,,,,,,,6球目:ど真ん中の落ちる球を打つもセンターフライ 2アウト,6 Tamame: Domannaka no Ochiru Tama wo Utsu mo Center Fly 2 Out,,,,,6,,,,,,,,,,,,,,,,,,,,,,,,,,,,,,,,,,,,,,,,,,,,,,,,2019-02-23 07:19:28+00:00,2019-02-23 07:19:28+00:00,0,4196,20,北谷,2026-10-01T20:50:19.593663
2019,2019022301,2019-02-23 13:01:00+09:00,74419226,620300.0,1,5,オープン戦,6.0,6回裏,3,青木,小林,飯塚,木内,,,1,4,中日,D,,3,ＤｅＮＡ,DB,,,,,,,＜5番：渡辺＞二死走者なし,<5 Ban: Watanabe> Ni Shi Sousha Nashi,,,,,0,,,,,,,,,,,,,,,,,,,,,,,,,,,,,,,,,,,,,,,,,,,,,,,,2019-02-23 07:19:28+00:00,2019-02-23 07:19:28+00:00,0,4196,20,北谷,2026-10-01T20:50:19.593663
2019,2019022301,2019-02-23 13:01:00+09:00,74419227,620301.0,1,5,オープン戦,6.0,6回裏,3,青木,小林,飯塚,木内,,,1,4,中日,D,,3,ＤｅＮＡ,DB,,,,,,,1球目:ワンバウンドのフォークを見逃してボール 1-0,1 Tamame: One Bound no Fork wo Minogashite Ball 1-0,,,,,1,,,,,,,,,,,,,,,,,,,,,,,,,,,,,,,,,,,,,,,,,,,,,,,,2019-02-23 07:19:28+00:00,2019-02-23 07:19:28+00:00,0,4196,20,北谷,2026-10-01T20:50:19.593663
2019,2019022301,2019-02-23 13:01:00+09:00,74419228,620302.0,1,5,オープン戦,6.0,6回裏,3,青木,小林,飯塚,木内,,,1,4,中日,D,,3,ＤｅＮＡ,DB,,,,,,,2球目:外角高めの変化球を見逃してボール 2-0,2 Tamame: Gaikaku Takame no Henka Kyuu wo Minogashite Ball 2-0,,,,,2,,,,,,,,,,,,,,,,,,,,,,,,,,,,,,,,,,,,,,,,,,,,,,,,2019-02-23 07:19:28+00:00,2019-02-23 07:19:28+00:00,0,4196,20,北谷,2026-10-01T20:50:19.593663
2019,2019022301,2019-02-23 13:01:00+09:00,74419229,620303.0,1,5,オープン戦,6.0,6回裏,3,青木,小林,飯塚,木内,,,1,4,中日,D,,3,ＤｅＮＡ,DB,,,,,,,3球目:ど真ん中の球を打つもセンターフライ 3アウトチェンジ,3 Tamame: Domannaka no Tama wo Utsu mo Center Fly 3 Out Change,,,,,3,,,,,,,,,,,,,,,,,,,,,,,,,,,,,,,,,,,,,,,,,,,,,,,,2019-02-23 07:19:28+00:00,2019-02-23 07:19:28+00:00,0,4196,20,北谷,2026-10-01T20:50:19.593663
2019,2019022301,2019-02-23 13:01:00+09:00,74419230,710100.0,1,5,オープン戦,7.0,7回表,1,青木,小林,飯塚,木内,,,1,4,中日,D,,3,ＤｅＮＡ,DB,,,,,,,7回表 中2-5デ　ＤｅＮＡは1番神里からの攻撃,7 Kai Hyouchuu 2-5 Des Dena wa 1 Ban Kamisato kara no Kougeki,,,,,0,,,,,,,,,,,,,,,,,,,,,,,,,,,,,,,,,,,,,,,,,,,,,,,,2019-02-23 07:19:28+00:00,2019-02-23 07:19:28+00:00,0,4196,20,北谷,2026-10-01T20:50:19.593663
2019,2019022301,2019-02-23 13:01:00+09:00,74419231,710100.0,1,5,オープン戦,7.0,7回表,1,青木,小林,飯塚,木内,,,1,4,中日,D,,3,ＤｅＮＡ,DB,,,,,,,＜1番：神里＞無死走者なし,<1 Ban: Kamisato> Mushi Sousha Nashi,,,,,0,,,,,,,,,,,,,,,,,,,,,,,,,,,,,,,,,,,,,,,,,,,,,,,,2019-02-23 07:19:28+00:00,2019-02-23 07:19:28+00:00,0,4196,20,北谷,2026-10-01T20:50:19.593663
2019,2019022301,2019-02-23 13:01:00+09:00,74419232,710101.0,1,5,オープン戦,7.0,7回表,1,青木,小林,飯塚,木内,,,1,4,中日,D,,3,ＤｅＮＡ,DB,,,,,,,1球目:外角のストレートを見逃してストライク 0-1,1 Tamame: Gaikaku no Straight wo Minogashite Strike 0-1,,,,,1,,,,,,,,,,,,,,,,,,,,,,,,,,,,,,,,,,,,,,,,,,,,,,,,2019-02-23 07:19:28+00:00,2019-02-23 07:19:28+00:00,0,4196,20,北谷,2026-10-01T20:50:19.593663
2019,2019022301,2019-02-23 13:01:00+09:00,74419233,710102.0,1,5,オープン戦,7.0,7回表,1,青木,小林,飯塚,木内,,,1,4,中日,D,,3,ＤｅＮＡ,DB,,,,,,,2球目:ワンバウンドのスライダーを見逃してボール 1-1,2 Tamame: One Bound no Slider wo Minogashite Ball 1-1,,,,,2,,,,,,,,,,,,,,,,,,,,,,,,,,,,,,,,,,,,,,,,,,,,,,,,2019-02-23 07:19:28+00:00,2019-02-23 07:19:28+00:00,0,4196,20,北谷,2026-10-01T20:50:19.593663
2019,2019022301,2019-02-23 13:01:00+09:00,74419234,710103.0,1,5,オープン戦,7.0,7回表,1,青木,小林,飯塚,木内,,,1,4,中日,D,,3,ＤｅＮＡ,DB,,,,,,,3球目:外角低めのスライダーを見逃してストライク 1-2,3 Tamame: Gaikaku Hikume no Slider wo Minogashite Strike 1-2,,,,,3,,,,,,,,,,,,,,,,,,,,,,,,,,,,,,,,,,,,,,,,,,,,,,,,2019-02-23 07:19:28+00:00,2019-02-23 07:19:28+00:00,0,4196,20,北谷,2026-10-01T20:50:19.593663
2019,2019022301,2019-02-23 13:01:00+09:00,74419235,710104.0,1,5,オープン戦,7.0,7回表,1,青木,小林,飯塚,木内,,,1,4,中日,D,,3,ＤｅＮＡ,DB,,,,,,,4球目:外角高めのストレートを見逃してボール 2-2,4 Tamame: Gaikaku Takame no Straight wo Minogashite Ball 2-2,,,,,4,,,,,,,,,,,,,,,,,,,,,,,,,,,,,,,,,,,,,,,,,,,,,,,,2019-02-23 07:19:28+00:00,2019-02-23 07:19:28+00:00,0,4196,20,北谷,2026-10-01T20:50:19.593663
2019,2019022301,2019-02-23 13:01:00+09:00,74419236,710105.0,1,5,オープン戦,7.0,7回表,1,青木,小林,飯塚,木内,,,1,4,中日,D,,3,ＤｅＮＡ,DB,,,,,,,5球目:高めのストレートを打ってファウル 2-2,5 Tamame: Takame no Straight wo Utte Foul 2-2,,,,,5,,,,,,,,,,,,,,,,,,,,,,,,,,,,,,,,,,,,,,,,,,,,,,,,2019-02-23 07:19:28+00:00,2019-02-23 07:19:28+00:00,0,4196,20,北谷,2026-10-01T20:50:19.593663
2019,2019022301,2019-02-23 13:01:00+09:00,74419237,710106.0,1,5,オープン戦,7.0,7回表,1,青木,小林,飯塚,木内,,,1,4,中日,D,,3,ＤｅＮＡ,DB,,,,,,,6球目:外角高めのストレートを打ってファウル 2-2,6 Tamame: Gaikaku Takame no Straight wo Utte Foul 2-2,,,,,6,,,,,,,,,,,,,,,,,,,,,,,,,,,,,,,,,,,,,,,,,,,,,,,,2019-02-23 07:19:28+00:00,2019-02-23 07:19:28+00:00,0,4196,20,北谷,2026-10-01T20:50:19.593663
2019,2019022301,2019-02-23 13:01:00+09:00,74419238,710107.0,1,5,オープン戦,7.0,7回表,1,青木,小林,飯塚,木内,,,1,4,中日,D,,3,ＤｅＮＡ,DB,,,,,,,7球目:高めのストレートを見逃してボール 3-2,7 Tamame: Takame no Straight wo Minogashite Ball 3-2,,,,,7,,,,,,,,,,,,,,,,,,,,,,,,,,,,,,,,,,,,,,,,,,,,,,,,2019-02-23 07:19:28+00:00,2019-02-23 07:19:28+00:00,0,4196,20,北谷,2026-10-01T20:50:19.593663
2019,2019022301,2019-02-23 13:01:00+09:00,74419239,710108.0,1,5,オープン戦,7.0,7回表,1,青木,小林,飯塚,木内,,,1,4,中日,D,,3,ＤｅＮＡ,DB,,,,,,,8球目:7球粘った末に見逃し三振 1アウト,8 Tamame:7 Kyuu Nebatta Sue ni Minogashi Sanshin 1 Out,,,,,8,,,,,,,,,,,,,,,,,,,,,,,,,,,,,,,,,,,,,,,,,,,,,,,,2019-02-23 07:19:28+00:00,2019-02-23 07:19:28+00:00,0,4196,20,北谷,2026-10-01T20:50:19.593663
2019,2019022301,2019-02-23 13:01:00+09:00,74419240,710200.0,1,5,オープン戦,7.0,7回表,2,青木,小林,飯塚,木内,,,1,4,中日,D,,3,ＤｅＮＡ,DB,,,,,,,＜2番：中井＞一死走者なし,<2 Ban: Nakai> Ichi Shi Sousha Nashi,,,,,0,,,,,,,,,,,,,,,,,,,,,,,,,,,,,,,,,,,,,,,,,,,,,,,,2019-02-23 07:19:28+00:00,2019-02-23 07:19:28+00:00,0,4196,20,北谷,2026-10-01T20:50:19.593663
2019,2019022301,2019-02-23 13:01:00+09:00,74419241,710201.0,1,5,オープン戦,7.0,7回表,2,青木,小林,飯塚,木内,,,1,4,中日,D,,3,ＤｅＮＡ,DB,,,,,,,1球目:外角低めのカーブを見逃してストライク 0-1,1 Tamame: Gaikaku Hikume no Curve wo Minogashite Strike 0-1,,,,,1,,,,,,,,,,,,,,,,,,,,,,,,,,,,,,,,,,,,,,,,,,,,,,,,2019-02-23 07:19:28+00:00,2019-02-23 07:19:28+00:00,0,4196,20,北谷,2026-10-01T20:50:19.593663
2019,2019022301,2019-02-23 13:01:00+09:00,74419242,710202.0,1,5,オープン戦,7.0,7回表,2,青木,小林,飯塚,木内,,,1,4,中日,D,,3,ＤｅＮＡ,DB,,,,,,,2球目:内角高めの変化球を見逃してボール 1-1,2 Tamame: Naikaku Takame no Henka Kyuu wo Minogashite Ball 1-1,,,,,2,,,,,,,,,,,,,,,,,,,,,,,,,,,,,,,,,,,,,,,,,,,,,,,,2019-02-23 07:19:28+00:00,2019-02-23 07:19:28+00:00,0,4196,20,北谷,2026-10-01T20:50:19.593663
2019,2019022301,2019-02-23 13:01:00+09:00,74419243,710203.0,1,5,オープン戦,7.0,7回表,2,青木,小林,飯塚,木内,,,1,4,中日,D,,3,ＤｅＮＡ,DB,,,,,,,3球目:内角のストレートを空振りストライク 1-2,3 Tamame: Naikaku no Straight wo Karaburi Strike 1-2,,,,,3,,,,,,,,,,,,,,,,,,,,,,,,,,,,,,,,,,,,,,,,,,,,,,,,2019-02-23 07:19:28+00:00,2019-02-23 07:19:28+00:00,0,4196,20,北谷,2026-10-01T20:50:19.593663
2019,2019022301,2019-02-23 13:01:00+09:00,74419244,710204.0,1,5,オープン戦,7.0,7回表,2,青木,小林,飯塚,木内,,,1,4,中日,D,,3,ＤｅＮＡ,DB,,,,,,,4球目:高めのストレートを打ってファウル 1-2,4 Tamame: Takame no Straight wo Utte Foul 1-2,,,,,4,,,,,,,,,,,,,,,,,,,,,,,,,,,,,,,,,,,,,,,,,,,,,,,,2019-02-23 07:19:28+00:00,2019-02-23 07:19:28+00:00,0,4196,20,北谷,2026-10-01T20:50:19.593663
2019,2019022301,2019-02-23 13:01:00+09:00,74419245,710205.0,1,5,オープン戦,7.0,7回表,2,青木,小林,飯塚,木内,,,1,4,中日,D,,3,ＤｅＮＡ,DB,,,,,,,5球目:内角高めのストレートを見逃してボール 2-2,5 Tamame: Naikaku Takame no Straight wo Minogashite Ball 2-2,,,,,5,,,,,,,,,,,,,,,,,,,,,,,,,,,,,,,,,,,,,,,,,,,,,,,,2019-02-23 07:19:28+00:00,2019-02-23 07:19:28+00:00,0,4196,20,北谷,2026-10-01T20:50:19.593663
2019,2019022301,2019-02-23 13:01:00+09:00,74419246,710206.0,1,5,オープン戦,7.0,7回表,2,青木,小林,飯塚,木内,,,1,4,中日,D,,3,ＤｅＮＡ,DB,,,,,,,6球目:内角低めのストレートを見逃してボール 3-2,6 Tamame: Naikaku Hikume no Straight wo Minogashite Ball 3-2,,,,,6,,,,,,,,,,,,,,,,,,,,,,,,,,,,,,,,,,,,,,,,,,,,,,,,2019-02-23 07:19:28+00:00,2019-02-23 07:19:28+00:00,0,4196,20,北谷,2026-10-01T20:50:19.593663
2019,2019022301,2019-02-23 13:01:00+09:00,74419247,710207.0,1,5,オープン戦,7.0,7回表,2,青木,小林,飯塚,木内,,,1,4,中日,D,,3,ＤｅＮＡ,DB,,,,,,,7球目:低めの球を打つもレフトフライ 2アウト,7 Tamame: Hikume no Tama wo Utsu mo Left Fly 2 Out,,,,,7,,,,,,,,,,,,,,,,,,,,,,,,,,,,,,,,,,,,,,,,,,,,,,,,2019-02-23 07:19:28+00:00,2019-02-23 07:19:28+00:00,0,4196,20,北谷,2026-10-01T20:50:19.593663
2019,2019022301,2019-02-23 13:01:00+09:00,74419248,710300.0,1,5,オープン戦,7.0,7回表,3,青木,小林,飯塚,木内,,,1,4,中日,D,,3,ＤｅＮＡ,DB,,,,,,,＜3番：伊藤裕＞二死走者なし,<3 Ban: Itou Hiroshi> Ni Shi Sousha Nashi,,,,,0,,,,,,,,,,,,,,,,,,,,,,,,,,,,,,,,,,,,,,,,,,,,,,,,2019-02-23 07:19:28+00:00,2019-02-23 07:19:28+00:00,0,4196,20,北谷,2026-10-01T20:50:19.593663
2019,2019022301,2019-02-23 13:01:00+09:00,74419249,710301.0,1,5,オープン戦,7.0,7回表,3,青木,小林,飯塚,木内,,,1,4,中日,D,,3,ＤｅＮＡ,DB,,,,,,,1球目:外角低めのチェンジアップを見逃してボール 1-0,1 Tamame: Gaikaku Hikume no Change Up wo Minogashite Ball 1-0,,,,,1,,,,,,,,,,,,,,,,,,,,,,,,,,,,,,,,,,,,,,,,,,,,,,,,2019-02-23 07:19:28+00:00,2019-02-23 07:19:28+00:00,0,4196,20,北谷,2026-10-01T20:50:19.593663
2019,2019022301,2019-02-23 13:01:00+09:00,74419250,710302.0,1,5,オープン戦,7.0,7回表,3,青木,小林,飯塚,木内,,,1,4,中日,D,,3,ＤｅＮＡ,DB,,,,,,,2球目:内角のストレートを打ってファウル 1-1,2 Tamame: Naikaku no Straight wo Utte Foul 1-1,,,,,2,,,,,,,,,,,,,,,,,,,,,,,,,,,,,,,,,,,,,,,,,,,,,,,,2019-02-23 07:19:28+00:00,2019-02-23 07:19:28+00:00,0,4196,20,北谷,2026-10-01T20:50:19.593663
2019,2019022301,2019-02-23 13:01:00+09:00,74419251,710303.0,1,5,オープン戦,7.0,7回表,3,青木,小林,飯塚,木内,,,1,4,中日,D,,3,ＤｅＮＡ,DB,,,,,,,3球目:内角のストレートを打ってファウル 1-2,3 Tamame: Naikaku no Straight wo Utte Foul 1-2,,,,,3,,,,,,,,,,,,,,,,,,,,,,,,,,,,,,,,,,,,,,,,,,,,,,,,2019-02-23 07:19:28+00:00,2019-02-23 07:19:28+00:00,0,4196,20,北谷,2026-10-01T20:50:19.593663
2019,2019022301,2019-02-23 13:01:00+09:00,74419252,710304.0,1,5,オープン戦,7.0,7回表,3,青木,小林,飯塚,木内,,,1,4,中日,D,,3,ＤｅＮＡ,DB,,,,,,,4球目:内角高めのストレートを見逃してボール 2-2,4 Tamame: Naikaku Takame no Straight wo Minogashite Ball 2-2,,,,,4,,,,,,,,,,,,,,,,,,,,,,,,,,,,,,,,,,,,,,,,,,,,,,,,2019-02-23 07:19:28+00:00,2019-02-23 07:19:28+00:00,0,4196,20,北谷,2026-10-01T20:50:19.593663
2019,2019022301,2019-02-23 13:01:00+09:00,74419253,710305.0,1,5,オープン戦,7.0,7回表,3,青木,小林,飯塚,木内,,,1,4,中日,D,,3,ＤｅＮＡ,DB,,,,,,,5球目:空振りの三振を喫する 3アウトチェンジ,5 Tamame: Karaburi no Sanshin wo Kissuru 3 Out Change,,,,,5,,,,,,,,,,,,,,,,,,,,,,,,,,,,,,,,,,,,,,,,,,,,,,,,2019-02-23 07:19:28+00:00,2019-02-23 07:19:28+00:00,0,4196,20,北谷,2026-10-01T20:50:19.593663
2019,2019022301,2019-02-23 13:01:00+09:00,74419254,720100.0,1,5,オープン戦,7.0,7回裏,1,青木,小林,飯塚,木内,,,1,4,中日,D,,3,ＤｅＮＡ,DB,,,,,,,7回裏 中2-5デ　中日は6番福田からの攻撃,7 Kairichuu 2-5 Des Chuunichi wa 6 Ban Fukuda kara no Kougeki,,,,,0,,,,,,,,,,,,,,,,,,,,,,,,,,,,,,,,,,,,,,,,,,,,,,,,2019-02-23 07:19:28+00:00,2019-02-23 07:19:28+00:00,0,4196,20,北谷,2026-10-01T20:50:19.593663
2019,2019022301,2019-02-23 13:01:00+09:00,74419255,720100.0,1,5,オープン戦,7.0,7回裏,1,青木,小林,飯塚,木内,,,1,4,中日,D,,3,ＤｅＮＡ,DB,,,,,,,守備交代:キャッチャー嶺井,Shubi Koutai: Catcher Minei,,,,,0,,,,,,,,,,,,,,,,,,,,,,,,,,,,,,,,,,,,,,,,,,,,,,,,2019-02-23 07:19:28+00:00,2019-02-23 07:19:28+00:00,0,4196,20,北谷,2026-10-01T20:50:19.593663
2019,2019022301,2019-02-23 13:01:00+09:00,74419256,720100.0,1,5,オープン戦,7.0,7回裏,1,青木,小林,飯塚,木内,,,1,4,中日,D,,3,ＤｅＮＡ,DB,,,,,,,＜6番：福田＞無死走者なし,<6 Ban: Fukuda> Mushi Sousha Nashi,,,,,0,,,,,,,,,,,,,,,,,,,,,,,,,,,,,,,,,,,,,,,,,,,,,,,,2019-02-23 07:19:28+00:00,2019-02-23 07:19:28+00:00,0,4196,20,北谷,2026-10-01T20:50:19.593663
2019,2019022301,2019-02-23 13:01:00+09:00,74419257,720101.0,1,5,オープン戦,7.0,7回裏,1,青木,小林,飯塚,木内,,,1,4,中日,D,,3,ＤｅＮＡ,DB,,,,,,,1球目:バックスクリーンに飛び込むホームランを放つ 中3-5デ,1 Tamame: Back Screen ni Tobikomu Home Run wo Hanatsu Naka 3-5 Des,,,,,1,,,,,,,,,,,,,,,,,,,,,,,,,,,,,,,,,,,,,,,,,,,,,,,,2019-02-23 07:19:28+00:00,2019-02-23 07:19:28+00:00,0,4196,20,北谷,2026-10-01T20:50:19.593663
2019,2019022301,2019-02-23 13:01:00+09:00,74419258,720200.0,1,5,オープン戦,7.0,7回裏,2,青木,小林,飯塚,木内,,,1,4,中日,D,,3,ＤｅＮＡ,DB,,,,,,,＜7番：石川駿＞無死走者なし,<7 Ban: Ishikawa Shun> Mushi Sousha Nashi,,,,,0,,,,,,,,,,,,,,,,,,,,,,,,,,,,,,,,,,,,,,,,,,,,,,,,2019-02-23 07:19:28+00:00,2019-02-23 07:19:28+00:00,0,4196,20,北谷,2026-10-01T20:50:19.593663
2019,2019022301,2019-02-23 13:01:00+09:00,74419259,720201.0,1,5,オープン戦,7.0,7回裏,2,青木,小林,飯塚,木内,,,1,4,中日,D,,3,ＤｅＮＡ,DB,,,,,,,1球目:ファウルフライを嶺井(捕)がつかんでバッターアウト 1アウト,1 Tamame: Foul Fly wo Minei (Ho) ga Tsukande Batter Out 1 Out,,,,,1,,,,,,,,,,,,,,,,,,,,,,,,,,,,,,,,,,,,,,,,,,,,,,,,2019-02-23 07:19:28+00:00,2019-02-23 07:19:28+00:00,0,4196,20,北谷,2026-10-01T20:50:19.593663
2019,2019022301,2019-02-23 13:01:00+09:00,74419260,720300.0,1,5,オープン戦,7.0,7回裏,3,青木,小林,飯塚,木内,,,1,4,中日,D,,3,ＤｅＮＡ,DB,,,,,,,＜8番：阿部＞一死走者なし,<8 Ban: Abe> Ichi Shi Sousha Nashi,,,,,0,,,,,,,,,,,,,,,,,,,,,,,,,,,,,,,,,,,,,,,,,,,,,,,,2019-02-23 07:19:28+00:00,2019-02-23 07:19:28+00:00,0,4196,20,北谷,2026-10-01T20:50:19.593663
2019,2019022301,2019-02-23 13:01:00+09:00,74419261,720301.0,1,5,オープン戦,7.0,7回裏,3,青木,小林,飯塚,木内,,,1,4,中日,D,,3,ＤｅＮＡ,DB,,,,,,,1球目:内角低めのストレートを見逃してストライク 0-1,1 Tamame: Naikaku Hikume no Straight wo Minogashite Strike 0-1,,,,,1,,,,,,,,,,,,,,,,,,,,,,,,,,,,,,,,,,,,,,,,,,,,,,,,2019-02-23 07:19:28+00:00,2019-02-23 07:19:28+00:00,0,4196,20,北谷,2026-10-01T20:50:19.593663
2019,2019022301,2019-02-23 13:01:00+09:00,74419262,720302.0,1,5,オープン戦,7.0,7回裏,3,青木,小林,飯塚,木内,,,1,4,中日,D,,3,ＤｅＮＡ,DB,,,,,,,2球目:ショートゴロ 2アウト,2 Tamame: Short Grounder 2 Out,,,,,2,,,,,,,,,,,,,,,,,,,,,,,,,,,,,,,,,,,,,,,,,,,,,,,,2019-02-23 07:19:28+00:00,2019-02-23 07:19:28+00:00,0,4196,20,北谷,2026-10-01T20:50:19.593663
2019,2019022301,2019-02-23 13:01:00+09:00,74419263,720400.0,1,5,オープン戦,7.0,7回裏,4,青木,小林,飯塚,木内,,,1,4,中日,D,,3,ＤｅＮＡ,DB,,,,,,,加藤→代打:松井佑,Katou Daida: Matsui Yuu,,,,,0,,,,,,,,,,,,,,,,,,,,,,,,,,,,,,,,,,,,,,,,,,,,,,,,2019-02-23 07:19:28+00:00,2019-02-23 07:19:28+00:00,0,4196,20,北谷,2026-10-01T20:50:19.593663
2019,2019022301,2019-02-23 13:01:00+09:00,74419264,720400.0,1,5,オープン戦,7.0,7回裏,4,青木,小林,飯塚,木内,,,1,4,中日,D,,3,ＤｅＮＡ,DB,,,,,,,＜代打：松井佑＞二死走者なし,< Daida: Matsui Yuu> Ni Shi Sousha Nashi,,,,,0,,,,,,,,,,,,,,,,,,,,,,,,,,,,,,,,,,,,,,,,,,,,,,,,2019-02-23 07:19:28+00:00,2019-02-23 07:19:28+00:00,0,4196,20,北谷,2026-10-01T20:50:19.593663
2019,2019022301,2019-02-23 13:01:00+09:00,74419265,720401.0,1,5,オープン戦,7.0,7回裏,4,青木,小林,飯塚,木内,,,1,4,中日,D,,3,ＤｅＮＡ,DB,,,,,,,1球目:内角低めのフォークを空振りストライク 0-1,1 Tamame: Naikaku Hikume no Fork wo Karaburi Strike 0-1,,,,,1,,,,,,,,,,,,,,,,,,,,,,,,,,,,,,,,,,,,,,,,,,,,,,,,2019-02-23 07:19:28+00:00,2019-02-23 07:19:28+00:00,0,4196,20,北谷,2026-10-01T20:50:19.593663
2019,2019022301,2019-02-23 13:01:00+09:00,74419266,720402.0,1,5,オープン戦,7.0,7回裏,4,青木,小林,飯塚,木内,,,1,4,中日,D,,3,ＤｅＮＡ,DB,,,,,,,2球目:内角高めの変化球を見逃してボール 1-1,2 Tamame: Naikaku Takame no Henka Kyuu wo Minogashite Ball 1-1,,,,,2,,,,,,,,,,,,,,,,,,,,,,,,,,,,,,,,,,,,,,,,,,,,,,,,2019-02-23 07:19:28+00:00,2019-02-23 07:19:28+00:00,0,4196,20,北谷,2026-10-01T20:50:19.593663
2019,2019022301,2019-02-23 13:01:00+09:00,74419267,720403.0,1,5,オープン戦,7.0,7回裏,4,青木,小林,飯塚,木内,,,1,4,中日,D,,3,ＤｅＮＡ,DB,,,,,,,3球目:外角低めの変化球を見逃してボール 2-1,3 Tamame: Gaikaku Hikume no Henka Kyuu wo Minogashite Ball 2-1,,,,,3,,,,,,,,,,,,,,,,,,,,,,,,,,,,,,,,,,,,,,,,,,,,,,,,2019-02-23 07:19:28+00:00,2019-02-23 07:19:28+00:00,0,4196,20,北谷,2026-10-01T20:50:19.593663
2019,2019022301,2019-02-23 13:01:00+09:00,74419268,720404.0,1,5,オープン戦,7.0,7回裏,4,青木,小林,飯塚,木内,,,1,4,中日,D,,3,ＤｅＮＡ,DB,,,,,,,4球目:ピッチャーゴロ 3アウトチェンジ,4 Tamame: Pitcher Grounder 3 Out Change,,,,,4,,,,,,,,,,,,,,,,,,,,,,,,,,,,,,,,,,,,,,,,,,,,,,,,2019-02-23 07:19:28+00:00,2019-02-23 07:19:28+00:00,0,4196,20,北谷,2026-10-01T20:50:19.593663
2019,2019022301,2019-02-23 13:01:00+09:00,74419269,810100.0,1,5,オープン戦,8.0,8回表,1,青木,小林,飯塚,木内,,,1,4,中日,D,,3,ＤｅＮＡ,DB,,,,,,,8回表 中3-5デ　ＤｅＮＡは4番細川からの攻撃,8 Kai Hyouchuu 3-5 Des Dena wa 4 Ban Hosokawa kara no Kougeki,,,,,0,,,,,,,,,,,,,,,,,,,,,,,,,,,,,,,,,,,,,,,,,,,,,,,,2019-02-23 07:19:28+00:00,2019-02-23 07:19:28+00:00,0,4196,20,北谷,2026-10-01T20:50:19.593663
2019,2019022301,2019-02-23 13:01:00+09:00,74419270,810100.0,1,5,オープン戦,8.0,8回表,1,青木,小林,飯塚,木内,,,1,4,中日,D,,3,ＤｅＮＡ,DB,,,,,,,投手交代:ロメロ→山井　守備交代:キャッチャー大野奨,Toushu Koutai: Romero Yamai Shubi Koutai: Catcher Oono Susumu,,,,,0,,,,,,,,,,,,,,,,,,,,,,,,,,,,,,,,,,,,,,,,,,,,,,,,2019-02-23 07:19:28+00:00,2019-02-23 07:19:28+00:00,0,4196,20,北谷,2026-10-01T20:50:19.593663
2019,2019022301,2019-02-23 13:01:00+09:00,74419271,810100.0,1,5,オープン戦,8.0,8回表,1,青木,小林,飯塚,木内,,,1,4,中日,D,,3,ＤｅＮＡ,DB,,,,,,,＜4番：細川＞無死走者なし,<4 Ban: Hosokawa> Mushi Sousha Nashi,,,,,0,,,,,,,,,,,,,,,,,,,,,,,,,,,,,,,,,,,,,,,,,,,,,,,,2019-02-23 07:19:28+00:00,2019-02-23 07:19:28+00:00,0,4196,20,北谷,2026-10-01T20:50:19.593663
2019,2019022301,2019-02-23 13:01:00+09:00,74419272,810101.0,1,5,オープン戦,8.0,8回表,1,青木,小林,飯塚,木内,,,1,4,中日,D,,3,ＤｅＮＡ,DB,,,,,,,1球目:外角低めのストレートを見逃してボール 1-0,1 Tamame: Gaikaku Hikume no Straight wo Minogashite Ball 1-0,,,,,1,,,,,,,,,,,,,,,,,,,,,,,,,,,,,,,,,,,,,,,,,,,,,,,,2019-02-23 07:19:28+00:00,2019-02-23 07:19:28+00:00,0,4196,20,北谷,2026-10-01T20:50:19.593663
2019,2019022301,2019-02-23 13:01:00+09:00,74419273,810102.0,1,5,オープン戦,8.0,8回表,1,青木,小林,飯塚,木内,,,1,4,中日,D,,3,ＤｅＮＡ,DB,,,,,,,2球目:外角低めのストレートを見逃してストライク 1-1,2 Tamame: Gaikaku Hikume no Straight wo Minogashite Strike 1-1,,,,,2,,,,,,,,,,,,,,,,,,,,,,,,,,,,,,,,,,,,,,,,,,,,,,,,2019-02-23 07:19:28+00:00,2019-02-23 07:19:28+00:00,0,4196,20,北谷,2026-10-01T20:50:19.593663
2019,2019022301,2019-02-23 13:01:00+09:00,74419274,810103.0,1,5,オープン戦,8.0,8回表,1,青木,小林,飯塚,木内,,,1,4,中日,D,,3,ＤｅＮＡ,DB,,,,,,,3球目:セカンドゴロ 1アウト,3 Tamame: Sekando Grounder 1 Out,,,,,3,,,,,,,,,,,,,,,,,,,,,,,,,,,,,,,,,,,,,,,,,,,,,,,,2019-02-23 07:19:28+00:00,2019-02-23 07:19:28+00:00,0,4196,20,北谷,2026-10-01T20:50:19.593663
2019,2019022301,2019-02-23 13:01:00+09:00,74419275,810200.0,1,5,オープン戦,8.0,8回表,2,青木,小林,飯塚,木内,,,1,4,中日,D,,3,ＤｅＮＡ,DB,,,,,,,＜5番：倉本＞一死走者なし,<5 Ban: Kuramoto> Ichi Shi Sousha Nashi,,,,,0,,,,,,,,,,,,,,,,,,,,,,,,,,,,,,,,,,,,,,,,,,,,,,,,2019-02-23 07:19:28+00:00,2019-02-23 07:19:28+00:00,0,4196,20,北谷,2026-10-01T20:50:19.593663
2019,2019022301,2019-02-23 13:01:00+09:00,74419276,810201.0,1,5,オープン戦,8.0,8回表,2,青木,小林,飯塚,木内,,,1,4,中日,D,,3,ＤｅＮＡ,DB,,,,,,,1球目:ワンバウンドのフォークを見逃してボール 1-0,1 Tamame: One Bound no Fork wo Minogashite Ball 1-0,,,,,1,,,,,,,,,,,,,,,,,,,,,,,,,,,,,,,,,,,,,,,,,,,,,,,,2019-02-23 07:19:28+00:00,2019-02-23 07:19:28+00:00,0,4196,20,北谷,2026-10-01T20:50:19.593663
2019,2019022301,2019-02-23 13:01:00+09:00,74419277,810202.0,1,5,オープン戦,8.0,8回表,2,青木,小林,飯塚,木内,,,1,4,中日,D,,3,ＤｅＮＡ,DB,,,,,,,2球目:内角低めのスライダーを見逃してボール 2-0,2 Tamame: Naikaku Hikume no Slider wo Minogashite Ball 2-0,,,,,2,,,,,,,,,,,,,,,,,,,,,,,,,,,,,,,,,,,,,,,,,,,,,,,,2019-02-23 07:19:28+00:00,2019-02-23 07:19:28+00:00,0,4196,20,北谷,2026-10-01T20:50:19.593663
2019,2019022301,2019-02-23 13:01:00+09:00,74419278,810203.0,1,5,オープン戦,8.0,8回表,2,青木,小林,飯塚,木内,,,1,4,中日,D,,3,ＤｅＮＡ,DB,,,,,,,3球目:外角低めのストレートを見逃してストライク 2-1,3 Tamame: Gaikaku Hikume no Straight wo Minogashite Strike 2-1,,,,,3,,,,,,,,,,,,,,,,,,,,,,,,,,,,,,,,,,,,,,,,,,,,,,,,2019-02-23 07:19:28+00:00,2019-02-23 07:19:28+00:00,0,4196,20,北谷,2026-10-01T20:50:19.593663
2019,2019022301,2019-02-23 13:01:00+09:00,74419279,810204.0,1,5,オープン戦,8.0,8回表,2,青木,小林,飯塚,木内,,,1,4,中日,D,,3,ＤｅＮＡ,DB,,,,,,,4球目:外角のシュートを見逃してストライク 2-2,4 Tamame: Gaikaku no Shoot wo Minogashite Strike 2-2,,,,,4,,,,,,,,,,,,,,,,,,,,,,,,,,,,,,,,,,,,,,,,,,,,,,,,2019-02-23 07:19:28+00:00,2019-02-23 07:19:28+00:00,0,4196,20,北谷,2026-10-01T20:50:19.593663
2019,2019022301,2019-02-23 13:01:00+09:00,74419280,810205.0,1,5,オープン戦,8.0,8回表,2,青木,小林,飯塚,木内,,,1,4,中日,D,,3,ＤｅＮＡ,DB,,,,,,,5球目:外角高めのシュートを見逃してボール 3-2,5 Tamame: Gaikaku Takame no Shoot wo Minogashite Ball 3-2,,,,,5,,,,,,,,,,,,,,,,,,,,,,,,,,,,,,,,,,,,,,,,,,,,,,,,2019-02-23 07:19:28+00:00,2019-02-23 07:19:28+00:00,0,4196,20,北谷,2026-10-01T20:50:19.593663
2019,2019022301,2019-02-23 13:01:00+09:00,74419281,810206.0,1,5,オープン戦,8.0,8回表,2,青木,小林,飯塚,木内,,,1,4,中日,D,,3,ＤｅＮＡ,DB,,,,,,,6球目:セカンドゴロ 2アウト,6 Tamame: Sekando Grounder 2 Out,,,,,6,,,,,,,,,,,,,,,,,,,,,,,,,,,,,,,,,,,,,,,,,,,,,,,,2019-02-23 07:19:28+00:00,2019-02-23 07:19:28+00:00,0,4196,20,北谷,2026-10-01T20:50:19.593663
2019,2019022301,2019-02-23 13:01:00+09:00,74419282,810300.0,1,5,オープン戦,8.0,8回表,3,青木,小林,飯塚,木内,,,1,4,中日,D,,3,ＤｅＮＡ,DB,,,,,,,佐野→代打:戸柱,Sano Daida: To Hashira,,,,,0,,,,,,,,,,,,,,,,,,,,,,,,,,,,,,,,,,,,,,,,,,,,,,,,2019-02-23 07:19:28+00:00,2019-02-23 07:19:28+00:00,0,4196,20,北谷,2026-10-01T20:50:19.593663
2019,2019022301,2019-02-23 13:01:00+09:00,74419283,810300.0,1,5,オープン戦,8.0,8回表,3,青木,小林,飯塚,木内,,,1,4,中日,D,,3,ＤｅＮＡ,DB,,,,,,,＜代打：戸柱＞二死走者なし,< Daida: To Hashira> Ni Shi Sousha Nashi,,,,,0,,,,,,,,,,,,,,,,,,,,,,,,,,,,,,,,,,,,,,,,,,,,,,,,2019-02-23 07:19:28+00:00,2019-02-23 07:19:28+00:00,0,4196,20,北谷,2026-10-01T20:50:19.593663
2019,2019022301,2019-02-23 13:01:00+09:00,74419284,810301.0,1,5,オープン戦,8.0,8回表,3,青木,小林,飯塚,木内,,,1,4,中日,D,,3,ＤｅＮＡ,DB,,,,,,,1球目:低めのカーブを見逃してボール 1-0,1 Tamame: Hikume no Curve wo Minogashite Ball 1-0,,,,,1,,,,,,,,,,,,,,,,,,,,,,,,,,,,,,,,,,,,,,,,,,,,,,,,2019-02-23 07:19:28+00:00,2019-02-23 07:19:28+00:00,0,4196,20,北谷,2026-10-01T20:50:19.593663
2019,2019022301,2019-02-23 13:01:00+09:00,74419285,810302.0,1,5,オープン戦,8.0,8回表,3,青木,小林,飯塚,木内,,,1,4,中日,D,,3,ＤｅＮＡ,DB,,,,,,,2球目:ワンバウンドのフォークを見逃してボール 2-0,2 Tamame: One Bound no Fork wo Minogashite Ball 2-0,,,,,2,,,,,,,,,,,,,,,,,,,,,,,,,,,,,,,,,,,,,,,,,,,,,,,,2019-02-23 07:19:28+00:00,2019-02-23 07:19:28+00:00,0,4196,20,北谷,2026-10-01T20:50:19.593663
2019,2019022301,2019-02-23 13:01:00+09:00,74419286,810303.0,1,5,オープン戦,8.0,8回表,3,青木,小林,飯塚,木内,,,1,4,中日,D,,3,ＤｅＮＡ,DB,,,,,,,3球目:内角高めの真っ直ぐを打つもライトフライ 3アウトチェンジ,3 Tamame: Naikaku Takame no Massugu wo Utsu mo Raito Fly 3 Out Change,,,,,3,,,,,,,,,,,,,,,,,,,,,,,,,,,,,,,,,,,,,,,,,,,,,,,,2019-02-23 07:19:28+00:00,2019-02-23 07:19:28+00:00,0,4196,20,北谷,2026-10-01T20:50:19.593663
2019,2019022301,2019-02-23 13:01:00+09:00,74419287,820100.0,1,5,オープン戦,8.0,8回裏,1,青木,小林,飯塚,木内,,,1,4,中日,D,,3,ＤｅＮＡ,DB,,,,,,,8回裏 中3-5デ　中日は1番京田からの攻撃,8 Kairichuu 3-5 Des Chuunichi wa 1 Ban Kyouda kara no Kougeki,,,,,0,,,,,,,,,,,,,,,,,,,,,,,,,,,,,,,,,,,,,,,,,,,,,,,,2019-02-23 07:19:28+00:00,2019-02-23 07:19:28+00:00,0,4196,20,北谷,2026-10-01T20:50:19.593663
2019,2019022301,2019-02-23 13:01:00+09:00,74419288,820100.0,1,5,オープン戦,8.0,8回裏,1,青木,小林,飯塚,木内,,,1,4,中日,D,,3,ＤｅＮＡ,DB,,,,,,,守備交代:サード柴田,Shubi Koutai: Third Shibata,,,,,0,,,,,,,,,,,,,,,,,,,,,,,,,,,,,,,,,,,,,,,,,,,,,,,,2019-02-23 07:19:28+00:00,2019-02-23 07:19:28+00:00,0,4196,20,北谷,2026-10-01T20:50:19.593663
2019,2019022301,2019-02-23 13:01:00+09:00,74419289,820100.0,1,5,オープン戦,8.0,8回裏,1,青木,小林,飯塚,木内,,,1,4,中日,D,,3,ＤｅＮＡ,DB,,,,,,,＜1番：京田＞無死走者なし,<1 Ban: Kyouda> Mushi Sousha Nashi,,,,,0,,,,,,,,,,,,,,,,,,,,,,,,,,,,,,,,,,,,,,,,,,,,,,,,2019-02-23 07:19:28+00:00,2019-02-23 07:19:28+00:00,0,4196,20,北谷,2026-10-01T20:50:19.593663
2019,2019022301,2019-02-23 13:01:00+09:00,74419290,820101.0,1,5,オープン戦,8.0,8回裏,1,青木,小林,飯塚,木内,,,1,4,中日,D,,3,ＤｅＮＡ,DB,,,,,,,1球目:外角のカーブを見逃してストライク 0-1,1 Tamame: Gaikaku no Curve wo Minogashite Strike 0-1,,,,,1,,,,,,,,,,,,,,,,,,,,,,,,,,,,,,,,,,,,,,,,,,,,,,,,2019-02-23 07:19:28+00:00,2019-02-23 07:19:28+00:00,0,4196,20,北谷,2026-10-01T20:50:19.593663
2019,2019022301,2019-02-23 13:01:00+09:00,74419291,820102.0,1,5,オープン戦,8.0,8回裏,1,青木,小林,飯塚,木内,,,1,4,中日,D,,3,ＤｅＮＡ,DB,,,,,,,2球目:内角低めのストレートを見逃してボール 1-1,2 Tamame: Naikaku Hikume no Straight wo Minogashite Ball 1-1,,,,,2,,,,,,,,,,,,,,,,,,,,,,,,,,,,,,,,,,,,,,,,,,,,,,,,2019-02-23 07:19:28+00:00,2019-02-23 07:19:28+00:00,0,4196,20,北谷,2026-10-01T20:50:19.593663
2019,2019022301,2019-02-23 13:01:00+09:00,74419292,820103.0,1,5,オープン戦,8.0,8回裏,1,青木,小林,飯塚,木内,,,1,4,中日,D,,3,ＤｅＮＡ,DB,,,,,,,3球目:ショートへの内野安打,3 Tamame: Short e no Naiya Anda,,,,,3,,,,,,,,,,,,,,,,,,,,,,,,,,,,,,,,,,,,,,,,,,,,,,,,2019-02-23 07:19:28+00:00,2019-02-23 07:19:28+00:00,0,4196,20,北谷,2026-10-01T20:50:19.593663
2019,2019022301,2019-02-23 13:01:00+09:00,74419293,820100.0,1,5,オープン戦,8.0,8回裏,1,青木,小林,飯塚,木内,,,1,4,中日,D,,3,ＤｅＮＡ,DB,,,,,,,知野(遊):悪送球 2塁,Chino (Yuu): Akusoukyuu 2 Rui,,,,,0,,,,,,,,,,,,,,,,,,,,,,,,,,,,,,,,,,,,,,,,,,,,,,,,2019-02-23 07:19:28+00:00,2019-02-23 07:19:28+00:00,0,4196,20,北谷,2026-10-01T20:50:19.593663
2019,2019022301,2019-02-23 13:01:00+09:00,74419294,820200.0,1,5,オープン戦,8.0,8回裏,2,青木,小林,飯塚,木内,,,1,4,中日,D,,3,ＤｅＮＡ,DB,,,,,,,＜2番：遠藤＞無死2塁,<2 Ban: Endou> Mushi 2 Rui,,,,,0,,,,,,,,,,,,,,,,,,,,,,,,,,,,,,,,,,,,,,,,,,,,,,,,2019-02-23 07:19:28+00:00,2019-02-23 07:19:28+00:00,0,4196,20,北谷,2026-10-01T20:50:19.593663
2019,2019022301,2019-02-23 13:01:00+09:00,74419295,820201.0,1,5,オープン戦,8.0,8回裏,2,青木,小林,飯塚,木内,,,1,4,中日,D,,3,ＤｅＮＡ,DB,,,,,,,1球目:外角高めのフォークを見逃してボール 1-0,1 Tamame: Gaikaku Takame no Fork wo Minogashite Ball 1-0,,,,,1,,,,,,,,,,,,,,,,,,,,,,,,,,,,,,,,,,,,,,,,,,,,,,,,2019-02-23 07:19:28+00:00,2019-02-23 07:19:28+00:00,0,4196,20,北谷,2026-10-01T20:50:19.593663
2019,2019022301,2019-02-23 13:01:00+09:00,74419296,820202.0,1,5,オープン戦,8.0,8回裏,2,青木,小林,飯塚,木内,,,1,4,中日,D,,3,ＤｅＮＡ,DB,,,,,,,2球目:内角高めのスライダーを見逃してストライク 1-1,2 Tamame: Naikaku Takame no Slider wo Minogashite Strike 1-1,,,,,2,,,,,,,,,,,,,,,,,,,,,,,,,,,,,,,,,,,,,,,,,,,,,,,,2019-02-23 07:19:28+00:00,2019-02-23 07:19:28+00:00,0,4196,20,北谷,2026-10-01T20:50:19.593663
2019,2019022301,2019-02-23 13:01:00+09:00,74419297,820203.0,1,5,オープン戦,8.0,8回裏,2,青木,小林,飯塚,木内,,,1,4,中日,D,,3,ＤｅＮＡ,DB,,,,,,,3球目:セカンドゴロ 1アウト3塁,3 Tamame: Sekando Grounder 1 Out 3 Rui,,,,,3,,,,,,,,,,,,,,,,,,,,,,,,,,,,,,,,,,,,,,,,,,,,,,,,2019-02-23 07:19:28+00:00,2019-02-23 07:19:28+00:00,0,4196,20,北谷,2026-10-01T20:50:19.593663
2019,2019022301,2019-02-23 13:01:00+09:00,74419298,820300.0,1,5,オープン戦,8.0,8回裏,3,青木,小林,飯塚,木内,,,1,4,中日,D,,3,ＤｅＮＡ,DB,,,,,,,＜3番：平田＞一死3塁,<3 Ban: Hirata> Ichi Shi 3 Rui,,,,,0,,,,,,,,,,,,,,,,,,,,,,,,,,,,,,,,,,,,,,,,,,,,,,,,2019-02-23 07:19:28+00:00,2019-02-23 07:19:28+00:00,0,4196,20,北谷,2026-10-01T20:50:19.593663
2019,2019022301,2019-02-23 13:01:00+09:00,74419299,820301.0,1,5,オープン戦,8.0,8回裏,3,青木,小林,飯塚,木内,,,1,4,中日,D,,3,ＤｅＮＡ,DB,,,,,,,1球目:外角高めのストレートを見逃してボール 1-0,1 Tamame: Gaikaku Takame no Straight wo Minogashite Ball 1-0,,,,,1,,,,,,,,,,,,,,,,,,,,,,,,,,,,,,,,,,,,,,,,,,,,,,,,2019-02-23 07:19:28+00:00,2019-02-23 07:19:28+00:00,0,4196,20,北谷,2026-10-01T20:50:19.593663
2019,2019022301,2019-02-23 13:01:00+09:00,74419300,820302.0,1,5,オープン戦,8.0,8回裏,3,青木,小林,飯塚,木内,,,1,4,中日,D,,3,ＤｅＮＡ,DB,,,,,,,2球目:外角低めのカーブを見逃してボール 2-0,2 Tamame: Gaikaku Hikume no Curve wo Minogashite Ball 2-0,,,,,2,,,,,,,,,,,,,,,,,,,,,,,,,,,,,,,,,,,,,,,,,,,,,,,,2019-02-23 07:19:28+00:00,2019-02-23 07:19:28+00:00,0,4196,20,北谷,2026-10-01T20:50:19.593663
2019,2019022301,2019-02-23 13:01:00+09:00,74419301,820303.0,1,5,オープン戦,8.0,8回裏,3,青木,小林,飯塚,木内,,,1,4,中日,D,,3,ＤｅＮＡ,DB,,,,,,,3球目:高めの変化球を空振りストライク 2-1,3 Tamame: Takame no Henka Kyuu wo Karaburi Strike 2-1,,,,,3,,,,,,,,,,,,,,,,,,,,,,,,,,,,,,,,,,,,,,,,,,,,,,,,2019-02-23 07:19:28+00:00,2019-02-23 07:19:28+00:00,0,4196,20,北谷,2026-10-01T20:50:19.593663
2019,2019022301,2019-02-23 13:01:00+09:00,74419302,820304.0,1,5,オープン戦,8.0,8回裏,3,青木,小林,飯塚,木内,,,1,4,中日,D,,3,ＤｅＮＡ,DB,,,,,,,4球目:1アウト3塁の2-1からセンターへの犠牲フライを放つ 中4-5デ 2アウト,4 Tamame:1 Out 3 Rui no 2-1 kara Center e no Gisei Fly wo Hanatsu Naka 4-5 Des 2 Out,,,,,4,,,,,,,,,,,,,,,,,,,,,,,,,,,,,,,,,,,,,,,,,,,,,,,,2019-02-23 07:19:28+00:00,2019-02-23 07:19:28+00:00,0,4196,20,北谷,2026-10-01T20:50:19.593663
2019,2019022301,2019-02-23 13:01:00+09:00,74419303,820400.0,1,5,オープン戦,8.0,8回裏,4,青木,小林,飯塚,木内,,,1,4,中日,D,,3,ＤｅＮＡ,DB,,,,,,,＜4番：モヤ＞二死走者なし,<4 Ban: Moya> Ni Shi Sousha Nashi,,,,,0,,,,,,,,,,,,,,,,,,,,,,,,,,,,,,,,,,,,,,,,,,,,,,,,2019-02-23 07:19:28+00:00,2019-02-23 07:19:28+00:00,0,4196,20,北谷,2026-10-01T20:50:19.593663
2019,2019022301,2019-02-23 13:01:00+09:00,74419304,820401.0,1,5,オープン戦,8.0,8回裏,4,青木,小林,飯塚,木内,,,1,4,中日,D,,3,ＤｅＮＡ,DB,,,,,,,1球目:ライトへのヒットを放つ 1塁,1 Tamame: Raito e no Hit wo Hanatsu 1 Rui,,,,,1,,,,,,,,,,,,,,,,,,,,,,,,,,,,,,,,,,,,,,,,,,,,,,,,2019-02-23 07:19:28+00:00,2019-02-23 07:19:28+00:00,0,4196,20,北谷,2026-10-01T20:50:19.593663
2019,2019022301,2019-02-23 13:01:00+09:00,74419305,820500.0,1,5,オープン戦,8.0,8回裏,5,青木,小林,飯塚,木内,,,1,4,中日,D,,3,ＤｅＮＡ,DB,,,,,,,＜5番：渡辺＞二死1塁,<5 Ban: Watanabe> Ni Shi 1 Rui,,,,,0,,,,,,,,,,,,,,,,,,,,,,,,,,,,,,,,,,,,,,,,,,,,,,,,2019-02-23 07:19:28+00:00,2019-02-23 07:19:28+00:00,0,4196,20,北谷,2026-10-01T20:50:19.593663
2019,2019022301,2019-02-23 13:01:00+09:00,74419306,820501.0,1,5,オープン戦,8.0,8回裏,5,青木,小林,飯塚,木内,,,1,4,中日,D,,3,ＤｅＮＡ,DB,,,,,,,1球目:外角高めのストレートを打ちにいくもファウル 0-1,1 Tamame: Gaikaku Takame no Straight wo Uchi ni Iku mo Foul 0-1,,,,,1,,,,,,,,,,,,,,,,,,,,,,,,,,,,,,,,,,,,,,,,,,,,,,,,2019-02-23 07:19:28+00:00,2019-02-23 07:19:28+00:00,0,4196,20,北谷,2026-10-01T20:50:19.593663
2019,2019022301,2019-02-23 13:01:00+09:00,74419307,820502.0,1,5,オープン戦,8.0,8回裏,5,青木,小林,飯塚,木内,,,1,4,中日,D,,3,ＤｅＮＡ,DB,,,,,,,2球目:外角低めのスライダーを見逃してボール 1-1,2 Tamame: Gaikaku Hikume no Slider wo Minogashite Ball 1-1,,,,,2,,,,,,,,,,,,,,,,,,,,,,,,,,,,,,,,,,,,,,,,,,,,,,,,2019-02-23 07:19:28+00:00,2019-02-23 07:19:28+00:00,0,4196,20,北谷,2026-10-01T20:50:19.593663
2019,2019022301,2019-02-23 13:01:00+09:00,74419308,820503.0,1,5,オープン戦,8.0,8回裏,5,青木,小林,飯塚,木内,,,1,4,中日,D,,3,ＤｅＮＡ,DB,,,,,,,3球目:低めのフォークを見逃してストライク 1-2,3 Tamame: Hikume no Fork wo Minogashite Strike 1-2,,,,,3,,,,,,,,,,,,,,,,,,,,,,,,,,,,,,,,,,,,,,,,,,,,,,,,2019-02-23 07:19:28+00:00,2019-02-23 07:19:28+00:00,0,4196,20,北谷,2026-10-01T20:50:19.593663
2019,2019022301,2019-02-23 13:01:00+09:00,74419309,820504.0,1,5,オープン戦,8.0,8回裏,5,青木,小林,飯塚,木内,,,1,4,中日,D,,3,ＤｅＮＡ,DB,,,,,,,4球目:外角低めのストレートを見逃してボール 2-2,4 Tamame: Gaikaku Hikume no Straight wo Minogashite Ball 2-2,,,,,4,,,,,,,,,,,,,,,,,,,,,,,,,,,,,,,,,,,,,,,,,,,,,,,,2019-02-23 07:19:28+00:00,2019-02-23 07:19:28+00:00,0,4196,20,北谷,2026-10-01T20:50:19.593663
2019,2019022301,2019-02-23 13:01:00+09:00,74419310,820505.0,1,5,オープン戦,8.0,8回裏,5,青木,小林,飯塚,木内,,,1,4,中日,D,,3,ＤｅＮＡ,DB,,,,,,,5球目:ワンバウンドのカーブを見逃してボール 3-2,5 Tamame: One Bound no Curve wo Minogashite Ball 3-2,,,,,5,,,,,,,,,,,,,,,,,,,,,,,,,,,,,,,,,,,,,,,,,,,,,,,,2019-02-23 07:19:28+00:00,2019-02-23 07:19:28+00:00,0,4196,20,北谷,2026-10-01T20:50:19.593663
2019,2019022301,2019-02-23 13:01:00+09:00,74419311,820506.0,1,5,オープン戦,8.0,8回裏,5,青木,小林,飯塚,木内,,,1,4,中日,D,,3,ＤｅＮＡ,DB,,,,,,,6球目:高めのストレートを打ってファウル 3-2,6 Tamame: Takame no Straight wo Utte Foul 3-2,,,,,6,,,,,,,,,,,,,,,,,,,,,,,,,,,,,,,,,,,,,,,,,,,,,,,,2019-02-23 07:19:28+00:00,2019-02-23 07:19:28+00:00,0,4196,20,北谷,2026-10-01T20:50:19.593663
2019,2019022301,2019-02-23 13:01:00+09:00,74419312,820507.0,1,5,オープン戦,8.0,8回裏,5,青木,小林,飯塚,木内,,,1,4,中日,D,,3,ＤｅＮＡ,DB,,,,,,,"7球目:フォアボールを選ぶ 1,2塁","7 Tamame: Four Ball wo Erabu 1,2 Rui",,,,,7,,,,,,,,,,,,,,,,,,,,,,,,,,,,,,,,,,,,,,,,,,,,,,,,2019-02-23 07:19:28+00:00,2019-02-23 07:19:28+00:00,0,4196,20,北谷,2026-10-01T20:50:19.593663
2019,2019022301,2019-02-23 13:01:00+09:00,74419313,820600.0,1,5,オープン戦,8.0,8回裏,6,青木,小林,飯塚,木内,,,1,4,中日,D,,3,ＤｅＮＡ,DB,,,,,,,－ＤｅＮＡ:コーチマウンドへむかう－,-DeNA: Coach Mound e Mukau -,,,,,0,,,,,,,,,,,,,,,,,,,,,,,,,,,,,,,,,,,,,,,,,,,,,,,,2019-02-23 07:19:28+00:00,2019-02-23 07:19:28+00:00,0,4196,20,北谷,2026-10-01T20:50:19.593663
2019,2019022301,2019-02-23 13:01:00+09:00,74419314,820600.0,1,5,オープン戦,8.0,8回裏,6,青木,小林,飯塚,木内,,,1,4,中日,D,,3,ＤｅＮＡ,DB,,,,,,,2塁モヤ→代走:亀澤,2 Rui Moya Daisou: Kamezawa,,,,,0,,,,,,,,,,,,,,,,,,,,,,,,,,,,,,,,,,,,,,,,,,,,,,,,2019-02-23 07:19:28+00:00,2019-02-23 07:19:28+00:00,0,4196,20,北谷,2026-10-01T20:50:19.593663
2019,2019022301,2019-02-23 13:01:00+09:00,74419315,820600.0,1,5,オープン戦,8.0,8回裏,6,青木,小林,飯塚,木内,,,1,4,中日,D,,3,ＤｅＮＡ,DB,,,,,,,"＜6番：福田＞二死1,2塁","<6 Ban: Fukuda> Ni Shi 1,2 Rui",,,,,0,,,,,,,,,,,,,,,,,,,,,,,,,,,,,,,,,,,,,,,,,,,,,,,,2019-02-23 07:19:28+00:00,2019-02-23 07:19:28+00:00,0,4196,20,北谷,2026-10-01T20:50:19.593663
2019,2019022301,2019-02-23 13:01:00+09:00,74419316,820601.0,1,5,オープン戦,8.0,8回裏,6,青木,小林,飯塚,木内,,,1,4,中日,D,,3,ＤｅＮＡ,DB,,,,,,,1球目:内角低めのカーブを見逃してボール 1-0,1 Tamame: Naikaku Hikume no Curve wo Minogashite Ball 1-0,,,,,1,,,,,,,,,,,,,,,,,,,,,,,,,,,,,,,,,,,,,,,,,,,,,,,,2019-02-23 07:19:28+00:00,2019-02-23 07:19:28+00:00,0,4196,20,北谷,2026-10-01T20:50:19.593663
2019,2019022301,2019-02-23 13:01:00+09:00,74419317,820602.0,1,5,オープン戦,8.0,8回裏,6,青木,小林,飯塚,木内,,,1,4,中日,D,,3,ＤｅＮＡ,DB,,,,,,,2球目:一打同点の場面で低めの変化球を打つもレフトフライ 3アウトチェンジ,2 Tamame: Ichida Douten no Bamen de Hikume no Henka Kyuu wo Utsu mo Left Fly 3 Out Change,,,,,2,,,,,,,,,,,,,,,,,,,,,,,,,,,,,,,,,,,,,,,,,,,,,,,,2019-02-23 07:19:28+00:00,2019-02-23 07:19:28+00:00,0,4196,20,北谷,2026-10-01T20:50:19.593663
2019,2019022301,2019-02-23 13:01:00+09:00,74419318,910100.0,1,5,オープン戦,9.0,9回表,1,青木,小林,飯塚,木内,,,1,4,中日,D,,3,ＤｅＮＡ,DB,,,,,,,9回表 中4-5デ　ＤｅＮＡは7番嶺井からの攻撃,9 Kai Hyouchuu 4-5 Des Dena wa 7 Ban Minei kara no Kougeki,,,,,0,,,,,,,,,,,,,,,,,,,,,,,,,,,,,,,,,,,,,,,,,,,,,,,,2019-02-23 07:19:28+00:00,2019-02-23 07:19:28+00:00,0,4196,20,北谷,2026-10-01T20:50:19.593663
2019,2019022301,2019-02-23 13:01:00+09:00,74419319,910100.0,1,5,オープン戦,9.0,9回表,1,青木,小林,飯塚,木内,,,1,4,中日,D,,3,ＤｅＮＡ,DB,,,,,,,投手交代:山井→ロドリゲス,Toushu Koutai: Yamanoi Rodriguez,,,,,0,,,,,,,,,,,,,,,,,,,,,,,,,,,,,,,,,,,,,,,,,,,,,,,,2019-02-23 07:19:28+00:00,2019-02-23 07:19:28+00:00,0,4196,20,北谷,2026-10-01T20:50:19.593663
2019,2019022301,2019-02-23 13:01:00+09:00,74419320,910100.0,1,5,オープン戦,9.0,9回表,1,青木,小林,飯塚,木内,,,1,4,中日,D,,3,ＤｅＮＡ,DB,,,,,,,＜7番：嶺井＞無死走者なし,<7 Ban: Minei> Mushi Sousha Nashi,,,,,0,,,,,,,,,,,,,,,,,,,,,,,,,,,,,,,,,,,,,,,,,,,,,,,,2019-02-23 07:19:28+00:00,2019-02-23 07:19:28+00:00,0,4196,20,北谷,2026-10-01T20:50:19.593663
2019,2019022301,2019-02-23 13:01:00+09:00,74419321,910101.0,1,5,オープン戦,9.0,9回表,1,青木,小林,飯塚,木内,,,1,4,中日,D,,3,ＤｅＮＡ,DB,,,,,,,1球目:低めのツーシームを見逃してボール 1-0,1 Tamame: Hikume no Two Seam wo Minogashite Ball 1-0,,,,,1,,,,,,,,,,,,,,,,,,,,,,,,,,,,,,,,,,,,,,,,,,,,,,,,2019-02-23 07:19:28+00:00,2019-02-23 07:19:28+00:00,0,4196,20,北谷,2026-10-01T20:50:19.593663
2019,2019022301,2019-02-23 13:01:00+09:00,74419322,910102.0,1,5,オープン戦,9.0,9回表,1,青木,小林,飯塚,木内,,,1,4,中日,D,,3,ＤｅＮＡ,DB,,,,,,,2球目:外角低めのツーシームを空振りストライク 1-1,2 Tamame: Gaikaku Hikume no Two Seam wo Karaburi Strike 1-1,,,,,2,,,,,,,,,,,,,,,,,,,,,,,,,,,,,,,,,,,,,,,,,,,,,,,,2019-02-23 07:19:28+00:00,2019-02-23 07:19:28+00:00,0,4196,20,北谷,2026-10-01T20:50:19.593663
2019,2019022301,2019-02-23 13:01:00+09:00,74419323,910103.0,1,5,オープン戦,9.0,9回表,1,青木,小林,飯塚,木内,,,1,4,中日,D,,3,ＤｅＮＡ,DB,,,,,,,3球目:ショートゴロ 1アウト,3 Tamame: Short Grounder 1 Out,,,,,3,,,,,,,,,,,,,,,,,,,,,,,,,,,,,,,,,,,,,,,,,,,,,,,,2019-02-23 07:19:28+00:00,2019-02-23 07:19:28+00:00,0,4196,20,北谷,2026-10-01T20:50:19.593663
2019,2019022301,2019-02-23 13:01:00+09:00,74419324,910200.0,1,5,オープン戦,9.0,9回表,2,青木,小林,飯塚,木内,,,1,4,中日,D,,3,ＤｅＮＡ,DB,,,,,,,＜8番：知野＞一死走者なし,<8 Ban: Chino> Ichi Shi Sousha Nashi,,,,,0,,,,,,,,,,,,,,,,,,,,,,,,,,,,,,,,,,,,,,,,,,,,,,,,2019-02-23 07:19:28+00:00,2019-02-23 07:19:28+00:00,0,4196,20,北谷,2026-10-01T20:50:19.593663
2019,2019022301,2019-02-23 13:01:00+09:00,74419325,910201.0,1,5,オープン戦,9.0,9回表,2,青木,小林,飯塚,木内,,,1,4,中日,D,,3,ＤｅＮＡ,DB,,,,,,,1球目:ワンバウンドの球を見逃してボール 1-0,1 Tamame: One Bound no Tama wo Minogashite Ball 1-0,,,,,1,,,,,,,,,,,,,,,,,,,,,,,,,,,,,,,,,,,,,,,,,,,,,,,,2019-02-23 07:19:28+00:00,2019-02-23 07:19:28+00:00,0,4196,20,北谷,2026-10-01T20:50:19.593663
2019,2019022301,2019-02-23 13:01:00+09:00,74419326,910202.0,1,5,オープン戦,9.0,9回表,2,青木,小林,飯塚,木内,,,1,4,中日,D,,3,ＤｅＮＡ,DB,,,,,,,2球目:外角高めのツーシームを見逃してボール 2-0,2 Tamame: Gaikaku Takame no Two Seam wo Minogashite Ball 2-0,,,,,2,,,,,,,,,,,,,,,,,,,,,,,,,,,,,,,,,,,,,,,,,,,,,,,,2019-02-23 07:19:28+00:00,2019-02-23 07:19:28+00:00,0,4196,20,北谷,2026-10-01T20:50:19.593663
2019,2019022301,2019-02-23 13:01:00+09:00,74419327,910203.0,1,5,オープン戦,9.0,9回表,2,青木,小林,飯塚,木内,,,1,4,中日,D,,3,ＤｅＮＡ,DB,,,,,,,3球目:高めのツーシームを見逃してボール 3-0,3 Tamame: Takame no Two Seam wo Minogashite Ball 3-0,,,,,3,,,,,,,,,,,,,,,,,,,,,,,,,,,,,,,,,,,,,,,,,,,,,,,,2019-02-23 07:19:28+00:00,2019-02-23 07:19:28+00:00,0,4196,20,北谷,2026-10-01T20:50:19.593663
2019,2019022301,2019-02-23 13:01:00+09:00,74419328,910204.0,1,5,オープン戦,9.0,9回表,2,青木,小林,飯塚,木内,,,1,4,中日,D,,3,ＤｅＮＡ,DB,,,,,,,4球目:内角のツーシームを見逃してストライク 3-1,4 Tamame: Naikaku no Two Seam wo Minogashite Strike 3-1,,,,,4,,,,,,,,,,,,,,,,,,,,,,,,,,,,,,,,,,,,,,,,,,,,,,,,2019-02-23 07:19:28+00:00,2019-02-23 07:19:28+00:00,0,4196,20,北谷,2026-10-01T20:50:19.593663
2019,2019022301,2019-02-23 13:01:00+09:00,74419329,910205.0,1,5,オープン戦,9.0,9回表,2,青木,小林,飯塚,木内,,,1,4,中日,D,,3,ＤｅＮＡ,DB,,,,,,,5球目:外角低めのツーシームを空振りストライク 3-2,5 Tamame: Gaikaku Hikume no Two Seam wo Karaburi Strike 3-2,,,,,5,,,,,,,,,,,,,,,,,,,,,,,,,,,,,,,,,,,,,,,,,,,,,,,,2019-02-23 07:19:28+00:00,2019-02-23 07:19:28+00:00,0,4196,20,北谷,2026-10-01T20:50:19.593663
2019,2019022301,2019-02-23 13:01:00+09:00,74419330,910206.0,1,5,オープン戦,9.0,9回表,2,青木,小林,飯塚,木内,,,1,4,中日,D,,3,ＤｅＮＡ,DB,,,,,,,6球目:ライトへのヒット 1塁,6 Tamame: Raito e no Hit 1 Rui,,,,,6,,,,,,,,,,,,,,,,,,,,,,,,,,,,,,,,,,,,,,,,,,,,,,,,2019-02-23 07:19:28+00:00,2019-02-23 07:19:28+00:00,0,4196,20,北谷,2026-10-01T20:50:19.593663
2019,2019022301,2019-02-23 13:01:00+09:00,74419331,910300.0,1,5,オープン戦,9.0,9回表,3,青木,小林,飯塚,木内,,,1,4,中日,D,,3,ＤｅＮＡ,DB,,,,,,,＜9番：楠本＞一死1塁,<9 Ban: Kusumoto> Ichi Shi 1 Rui,,,,,0,,,,,,,,,,,,,,,,,,,,,,,,,,,,,,,,,,,,,,,,,,,,,,,,2019-02-23 07:19:28+00:00,2019-02-23 07:19:28+00:00,0,4196,20,北谷,2026-10-01T20:50:19.593663
2019,2019022301,2019-02-23 13:01:00+09:00,74419332,910301.0,1,5,オープン戦,9.0,9回表,3,青木,小林,飯塚,木内,,,1,4,中日,D,,3,ＤｅＮＡ,DB,,,,,,,1球目:外角低めのツーシームを見逃してボール 1-0,1 Tamame: Gaikaku Hikume no Two Seam wo Minogashite Ball 1-0,,,,,1,,,,,,,,,,,,,,,,,,,,,,,,,,,,,,,,,,,,,,,,,,,,,,,,2019-02-23 07:19:28+00:00,2019-02-23 07:19:28+00:00,0,4196,20,北谷,2026-10-01T20:50:19.593663
2019,2019022301,2019-02-23 13:01:00+09:00,74419333,910302.0,1,5,オープン戦,9.0,9回表,3,青木,小林,飯塚,木内,,,1,4,中日,D,,3,ＤｅＮＡ,DB,,,,,,,2球目:外角高めのツーシームを見逃してボール 2-0,2 Tamame: Gaikaku Takame no Two Seam wo Minogashite Ball 2-0,,,,,2,,,,,,,,,,,,,,,,,,,,,,,,,,,,,,,,,,,,,,,,,,,,,,,,2019-02-23 07:19:28+00:00,2019-02-23 07:19:28+00:00,0,4196,20,北谷,2026-10-01T20:50:19.593663
2019,2019022301,2019-02-23 13:01:00+09:00,74419334,910303.0,1,5,オープン戦,9.0,9回表,3,青木,小林,飯塚,木内,,,1,4,中日,D,,3,ＤｅＮＡ,DB,,,,,,,3球目:外角低めのツーシームにバットが回りストライク 2-1,3 Tamame: Gaikaku Hikume no Two Seam ni Batto ga Mawari Strike 2-1,,,,,3,,,,,,,,,,,,,,,,,,,,,,,,,,,,,,,,,,,,,,,,,,,,,,,,2019-02-23 07:19:28+00:00,2019-02-23 07:19:28+00:00,0,4196,20,北谷,2026-10-01T20:50:19.593663
2019,2019022301,2019-02-23 13:01:00+09:00,74419335,910300.0,1,5,オープン戦,9.0,9回表,3,青木,小林,飯塚,木内,,,1,4,中日,D,,3,ＤｅＮＡ,DB,,,,,,,一塁走者知野:盗塁成功 2塁,Ichirui Sousha Chino: Tourui Seikou 2 Rui,,,,,0,,,,,,,,,,,,,,,,,,,,,,,,,,,,,,,,,,,,,,,,,,,,,,,,2019-02-23 07:19:28+00:00,2019-02-23 07:19:28+00:00,0,4196,20,北谷,2026-10-01T20:50:19.593663
2019,2019022301,2019-02-23 13:01:00+09:00,74419336,910304.0,1,5,オープン戦,9.0,9回表,3,青木,小林,飯塚,木内,,,1,4,中日,D,,3,ＤｅＮＡ,DB,,,,,,,4球目:ワンバウンドの球を見逃してボール 3-1,4 Tamame: One Bound no Tama wo Minogashite Ball 3-1,,,,,4,,,,,,,,,,,,,,,,,,,,,,,,,,,,,,,,,,,,,,,,,,,,,,,,2019-02-23 07:19:28+00:00,2019-02-23 07:19:28+00:00,0,4196,20,北谷,2026-10-01T20:50:19.593663
2019,2019022301,2019-02-23 13:01:00+09:00,74419337,910300.0,1,5,オープン戦,9.0,9回表,3,青木,小林,飯塚,木内,,,1,4,中日,D,,3,ＤｅＮＡ,DB,,,,,,,ロドリゲス(投):ワイルドピッチ 3塁,Rodriguez (Nage): Wild Pitch 3 Rui,,,,,0,,,,,,,,,,,,,,,,,,,,,,,,,,,,,,,,,,,,,,,,,,,,,,,,2019-02-23 07:19:28+00:00,2019-02-23 07:19:28+00:00,0,4196,20,北谷,2026-10-01T20:50:19.593663
2019,2019022301,2019-02-23 13:01:00+09:00,74419338,910305.0,1,5,オープン戦,9.0,9回表,3,青木,小林,飯塚,木内,,,1,4,中日,D,,3,ＤｅＮＡ,DB,,,,,,,5球目:甘い球を空振りストライク 3-2,5 Tamame: Amai Tama wo Karaburi Strike 3-2,,,,,5,,,,,,,,,,,,,,,,,,,,,,,,,,,,,,,,,,,,,,,,,,,,,,,,2019-02-23 07:19:28+00:00,2019-02-23 07:19:28+00:00,0,4196,20,北谷,2026-10-01T20:50:19.593663
2019,2019022301,2019-02-23 13:01:00+09:00,74419339,910306.0,1,5,オープン戦,9.0,9回表,3,青木,小林,飯塚,木内,,,1,4,中日,D,,3,ＤｅＮＡ,DB,,,,,,,6球目:ランナー3塁の3-2からライトへのタイムリーヒット 中4-6デ 1塁,6 Tamame: Runner 3 Rui no 3-2 kara Raito e no Timely Hitchuu 4-6 Des 1 Rui,,,,,6,,,,,,,,,,,,,,,,,,,,,,,,,,,,,,,,,,,,,,,,,,,,,,,,2019-02-23 07:19:28+00:00,2019-02-23 07:19:28+00:00,0,4196,20,北谷,2026-10-01T20:50:19.593663
2019,2019022301,2019-02-23 13:01:00+09:00,74419340,910400.0,1,5,オープン戦,9.0,9回表,4,青木,小林,飯塚,木内,,,1,4,中日,D,,3,ＤｅＮＡ,DB,,,,,,,＜1番：神里＞一死1塁,<1 Ban: Kamisato> Ichi Shi 1 Rui,,,,,0,,,,,,,,,,,,,,,,,,,,,,,,,,,,,,,,,,,,,,,,,,,,,,,,2019-02-23 07:19:28+00:00,2019-02-23 07:19:28+00:00,0,4196,20,北谷,2026-10-01T20:50:19.593663
2019,2019022301,2019-02-23 13:01:00+09:00,74419341,910400.0,1,5,オープン戦,9.0,9回表,4,青木,小林,飯塚,木内,,,1,4,中日,D,,3,ＤｅＮＡ,DB,,,,,,,1塁けん制:ランナー楠本スタート,1 Rui Kensei: Runner Kusumoto Start,,,,,0,,,,,,,,,,,,,,,,,,,,,,,,,,,,,,,,,,,,,,,,,,,,,,,,2019-02-23 07:19:28+00:00,2019-02-23 07:19:28+00:00,0,4196,20,北谷,2026-10-01T20:50:19.593663
2019,2019022301,2019-02-23 13:01:00+09:00,74419342,910400.0,1,5,オープン戦,9.0,9回表,4,青木,小林,飯塚,木内,,,1,4,中日,D,,3,ＤｅＮＡ,DB,,,,,,,一塁走者楠本:盗塁成功 2塁,Ichirui Sousha Kusumoto: Tourui Seikou 2 Rui,,,,,0,,,,,,,,,,,,,,,,,,,,,,,,,,,,,,,,,,,,,,,,,,,,,,,,2019-02-23 07:19:28+00:00,2019-02-23 07:19:28+00:00,0,4196,20,北谷,2026-10-01T20:50:19.593663
2019,2019022301,2019-02-23 13:01:00+09:00,74419343,910401.0,1,5,オープン戦,9.0,9回表,4,青木,小林,飯塚,木内,,,1,4,中日,D,,3,ＤｅＮＡ,DB,,,,,,,1球目:外角低めのツーシームを見逃してボール 1-0,1 Tamame: Gaikaku Hikume no Two Seam wo Minogashite Ball 1-0,,,,,1,,,,,,,,,,,,,,,,,,,,,,,,,,,,,,,,,,,,,,,,,,,,,,,,2019-02-23 07:19:28+00:00,2019-02-23 07:19:28+00:00,0,4196,20,北谷,2026-10-01T20:50:19.593663
2019,2019022301,2019-02-23 13:01:00+09:00,74419344,910402.0,1,5,オープン戦,9.0,9回表,4,青木,小林,飯塚,木内,,,1,4,中日,D,,3,ＤｅＮＡ,DB,,,,,,,2球目:内角高めのツーシームを見逃してボール 2-0,2 Tamame: Naikaku Takame no Two Seam wo Minogashite Ball 2-0,,,,,2,,,,,,,,,,,,,,,,,,,,,,,,,,,,,,,,,,,,,,,,,,,,,,,,2019-02-23 07:19:28+00:00,2019-02-23 07:19:28+00:00,0,4196,20,北谷,2026-10-01T20:50:19.593663
2019,2019022301,2019-02-23 13:01:00+09:00,74419345,910403.0,1,5,オープン戦,9.0,9回表,4,青木,小林,飯塚,木内,,,1,4,中日,D,,3,ＤｅＮＡ,DB,,,,,,,3球目:1アウト2塁の2-0からバックスクリーン左に飛び込む２ランホームランを放つ 中4-8デ ,3 Tamame:1 Out 2 Rui no 2-0 kara Back Screen Hidari ni Tobikomu 2 Run Home Run wo Hanatsu Naka 4-8 Des,,,,,3,,,,,,,,,,,,,,,,,,,,,,,,,,,,,,,,,,,,,,,,,,,,,,,,2019-02-23 07:19:28+00:00,2019-02-23 07:19:28+00:00,0,4196,20,北谷,2026-10-01T20:50:19.593663
2019,2019022301,2019-02-23 13:01:00+09:00,74419346,910500.0,1,5,オープン戦,9.0,9回表,5,青木,小林,飯塚,木内,,,1,4,中日,D,,3,ＤｅＮＡ,DB,,,,,,,＜2番：中井＞一死走者なし,<2 Ban: Nakai> Ichi Shi Sousha Nashi,,,,,0,,,,,,,,,,,,,,,,,,,,,,,,,,,,,,,,,,,,,,,,,,,,,,,,2019-02-23 07:19:28+00:00,2019-02-23 07:19:28+00:00,0,4196,20,北谷,2026-10-01T20:50:19.593663
2019,2019022301,2019-02-23 13:01:00+09:00,74419347,910501.0,1,5,オープン戦,9.0,9回表,5,青木,小林,飯塚,木内,,,1,4,中日,D,,3,ＤｅＮＡ,DB,,,,,,,1球目:外角低めのツーシームを見逃してストライク 0-1,1 Tamame: Gaikaku Hikume no Two Seam wo Minogashite Strike 0-1,,,,,1,,,,,,,,,,,,,,,,,,,,,,,,,,,,,,,,,,,,,,,,,,,,,,,,2019-02-23 07:19:28+00:00,2019-02-23 07:19:28+00:00,0,4196,20,北谷,2026-10-01T20:50:19.593663
2019,2019022301,2019-02-23 13:01:00+09:00,74419348,910502.0,1,5,オープン戦,9.0,9回表,5,青木,小林,飯塚,木内,,,1,4,中日,D,,3,ＤｅＮＡ,DB,,,,,,,2球目:内角のツーシームを見逃してストライク 0-2,2 Tamame: Naikaku no Two Seam wo Minogashite Strike 0-2,,,,,2,,,,,,,,,,,,,,,,,,,,,,,,,,,,,,,,,,,,,,,,,,,,,,,,2019-02-23 07:19:28+00:00,2019-02-23 07:19:28+00:00,0,4196,20,北谷,2026-10-01T20:50:19.593663
2019,2019022301,2019-02-23 13:01:00+09:00,74419349,910503.0,1,5,オープン戦,9.0,9回表,5,青木,小林,飯塚,木内,,,1,4,中日,D,,3,ＤｅＮＡ,DB,,,,,,,3球目:ワンバウンドのチェンジアップを見逃してボール 1-2,3 Tamame: One Bound no Change Up wo Minogashite Ball 1-2,,,,,3,,,,,,,,,,,,,,,,,,,,,,,,,,,,,,,,,,,,,,,,,,,,,,,,2019-02-23 07:19:28+00:00,2019-02-23 07:19:28+00:00,0,4196,20,北谷,2026-10-01T20:50:19.593663
2019,2019022301,2019-02-23 13:01:00+09:00,74419350,910504.0,1,5,オープン戦,9.0,9回表,5,青木,小林,飯塚,木内,,,1,4,中日,D,,3,ＤｅＮＡ,DB,,,,,,,4球目:内角高めのツーシームを打ってファウル 1-2,4 Tamame: Naikaku Takame no Two Seam wo Utte Foul 1-2,,,,,4,,,,,,,,,,,,,,,,,,,,,,,,,,,,,,,,,,,,,,,,,,,,,,,,2019-02-23 07:19:28+00:00,2019-02-23 07:19:28+00:00,0,4196,20,北谷,2026-10-01T20:50:19.593663
2019,2019022301,2019-02-23 13:01:00+09:00,74419351,910505.0,1,5,オープン戦,9.0,9回表,5,青木,小林,飯塚,木内,,,1,4,中日,D,,3,ＤｅＮＡ,DB,,,,,,,5球目:低めのチェンジアップを打ってファウル 1-2,5 Tamame: Hikume no Change Up wo Utte Foul 1-2,,,,,5,,,,,,,,,,,,,,,,,,,,,,,,,,,,,,,,,,,,,,,,,,,,,,,,2019-02-23 07:19:28+00:00,2019-02-23 07:19:28+00:00,0,4196,20,北谷,2026-10-01T20:50:19.593663
2019,2019022301,2019-02-23 13:01:00+09:00,74419352,910506.0,1,5,オープン戦,9.0,9回表,5,青木,小林,飯塚,木内,,,1,4,中日,D,,3,ＤｅＮＡ,DB,,,,,,,6球目:サードゴロ 2アウト,6 Tamame: Third Grounder 2 Out,,,,,6,,,,,,,,,,,,,,,,,,,,,,,,,,,,,,,,,,,,,,,,,,,,,,,,2019-02-23 07:19:28+00:00,2019-02-23 07:19:28+00:00,0,4196,20,北谷,2026-10-01T20:50:19.593663
2019,2019022301,2019-02-23 13:01:00+09:00,74419353,910600.0,1,5,オープン戦,9.0,9回表,6,青木,小林,飯塚,木内,,,1,4,中日,D,,3,ＤｅＮＡ,DB,,,,,,,＜3番：伊藤裕＞二死走者なし,<3 Ban: Itou Hiroshi> Ni Shi Sousha Nashi,,,,,0,,,,,,,,,,,,,,,,,,,,,,,,,,,,,,,,,,,,,,,,,,,,,,,,2019-02-23 07:19:28+00:00,2019-02-23 07:19:28+00:00,0,4196,20,北谷,2026-10-01T20:50:19.593663
2019,2019022301,2019-02-23 13:01:00+09:00,74419354,910601.0,1,5,オープン戦,9.0,9回表,6,青木,小林,飯塚,木内,,,1,4,中日,D,,3,ＤｅＮＡ,DB,,,,,,,1球目:内角高めの真っ直ぐを打つもレフトフライ 3アウトチェンジ,1 Tamame: Naikaku Takame no Massugu wo Utsu mo Left Fly 3 Out Change,,,,,1,,,,,,,,,,,,,,,,,,,,,,,,,,,,,,,,,,,,,,,,,,,,,,,,2019-02-23 07:19:28+00:00,2019-02-23 07:19:28+00:00,0,4196,20,北谷,2026-10-01T20:50:19.593663
2019,2019022301,2019-02-23 13:01:00+09:00,74419355,920100.0,1,5,オープン戦,9.0,9回裏,1,青木,小林,飯塚,木内,,,1,4,中日,D,,3,ＤｅＮＡ,DB,,,,,,,9回裏 中4-8デ　中日は7番石川駿からの攻撃,9 Kairichuu 4-8 Des Chuunichi wa 7 Ban Ishikawa Shun kara no Kougeki,,,,,0,,,,,,,,,,,,,,,,,,,,,,,,,,,,,,,,,,,,,,,,,,,,,,,,2019-02-23 07:19:28+00:00,2019-02-23 07:19:28+00:00,0,4196,20,北谷,2026-10-01T20:50:19.593663
2019,2019022301,2019-02-23 13:01:00+09:00,74419356,920100.0,1,5,オープン戦,9.0,9回裏,1,青木,小林,飯塚,木内,,,1,4,中日,D,,3,ＤｅＮＡ,DB,,,,,,,守備交代:センター宮本,Shubi Koutai: Center Miyamoto,,,,,0,,,,,,,,,,,,,,,,,,,,,,,,,,,,,,,,,,,,,,,,,,,,,,,,2019-02-23 07:19:28+00:00,2019-02-23 07:19:28+00:00,0,4196,20,北谷,2026-10-01T20:50:19.593663
2019,2019022301,2019-02-23 13:01:00+09:00,74419357,920100.0,1,5,オープン戦,9.0,9回裏,1,青木,小林,飯塚,木内,,,1,4,中日,D,,3,ＤｅＮＡ,DB,,,,,,,＜7番：石川駿＞無死走者なし,<7 Ban: Ishikawa Shun> Mushi Sousha Nashi,,,,,0,,,,,,,,,,,,,,,,,,,,,,,,,,,,,,,,,,,,,,,,,,,,,,,,2019-02-23 07:19:28+00:00,2019-02-23 07:19:28+00:00,0,4196,20,北谷,2026-10-01T20:50:19.593663
2019,2019022301,2019-02-23 13:01:00+09:00,74419358,920101.0,1,5,オープン戦,9.0,9回裏,1,青木,小林,飯塚,木内,,,1,4,中日,D,,3,ＤｅＮＡ,DB,,,,,,,1球目:セカンドフライ 1アウト,1 Tamame: Sekando Fly 1 Out,,,,,1,,,,,,,,,,,,,,,,,,,,,,,,,,,,,,,,,,,,,,,,,,,,,,,,2019-02-23 07:19:28+00:00,2019-02-23 07:19:28+00:00,0,4196,20,北谷,2026-10-01T20:50:19.593663
2019,2019022301,2019-02-23 13:01:00+09:00,74419359,920200.0,1,5,オープン戦,9.0,9回裏,2,青木,小林,飯塚,木内,,,1,4,中日,D,,3,ＤｅＮＡ,DB,,,,,,,＜8番：阿部＞一死走者なし,<8 Ban: Abe> Ichi Shi Sousha Nashi,,,,,0,,,,,,,,,,,,,,,,,,,,,,,,,,,,,,,,,,,,,,,,,,,,,,,,2019-02-23 07:19:28+00:00,2019-02-23 07:19:28+00:00,0,4196,20,北谷,2026-10-01T20:50:19.593663
2019,2019022301,2019-02-23 13:01:00+09:00,74419360,920201.0,1,5,オープン戦,9.0,9回裏,2,青木,小林,飯塚,木内,,,1,4,中日,D,,3,ＤｅＮＡ,DB,,,,,,,1球目:高めのストレートを見逃してストライク 0-1,1 Tamame: Takame no Straight wo Minogashite Strike 0-1,,,,,1,,,,,,,,,,,,,,,,,,,,,,,,,,,,,,,,,,,,,,,,,,,,,,,,2019-02-23 07:19:28+00:00,2019-02-23 07:19:28+00:00,0,4196,20,北谷,2026-10-01T20:50:19.593663
2019,2019022301,2019-02-23 13:01:00+09:00,74419361,920202.0,1,5,オープン戦,9.0,9回裏,2,青木,小林,飯塚,木内,,,1,4,中日,D,,3,ＤｅＮＡ,DB,,,,,,,2球目:ツーベース 2塁,2 Tamame: Two Base 2 Rui,,,,,2,,,,,,,,,,,,,,,,,,,,,,,,,,,,,,,,,,,,,,,,,,,,,,,,2019-02-23 07:19:28+00:00,2019-02-23 07:19:28+00:00,0,4196,20,北谷,2026-10-01T20:50:19.593663
2019,2019022301,2019-02-23 13:01:00+09:00,74419362,920300.0,1,5,オープン戦,9.0,9回裏,3,青木,小林,飯塚,木内,,,1,4,中日,D,,3,ＤｅＮＡ,DB,,,,,,,大野奨→代打:井領,Oono Susumu Daida: Iryou,,,,,0,,,,,,,,,,,,,,,,,,,,,,,,,,,,,,,,,,,,,,,,,,,,,,,,2019-02-23 07:19:28+00:00,2019-02-23 07:19:28+00:00,0,4196,20,北谷,2026-10-01T20:50:19.593663
2019,2019022301,2019-02-23 13:01:00+09:00,74419363,920300.0,1,5,オープン戦,9.0,9回裏,3,青木,小林,飯塚,木内,,,1,4,中日,D,,3,ＤｅＮＡ,DB,,,,,,,＜代打：井領＞一死2塁,< Daida: Iryou> Ichi Shi 2 Rui,,,,,0,,,,,,,,,,,,,,,,,,,,,,,,,,,,,,,,,,,,,,,,,,,,,,,,2019-02-23 07:19:28+00:00,2019-02-23 07:19:28+00:00,0,4196,20,北谷,2026-10-01T20:50:19.593663
2019,2019022301,2019-02-23 13:01:00+09:00,74419364,920301.0,1,5,オープン戦,9.0,9回裏,3,青木,小林,飯塚,木内,,,1,4,中日,D,,3,ＤｅＮＡ,DB,,,,,,,1球目:外角の変化球を見逃してストライク 0-1,1 Tamame: Gaikaku no Henka Kyuu wo Minogashite Strike 0-1,,,,,1,,,,,,,,,,,,,,,,,,,,,,,,,,,,,,,,,,,,,,,,,,,,,,,,2019-02-23 07:19:28+00:00,2019-02-23 07:19:28+00:00,0,4196,20,北谷,2026-10-01T20:50:19.593663
2019,2019022301,2019-02-23 13:01:00+09:00,74419365,920302.0,1,5,オープン戦,9.0,9回裏,3,青木,小林,飯塚,木内,,,1,4,中日,D,,3,ＤｅＮＡ,DB,,,,,,,2球目:外角のストレートを見逃してボール 1-1,2 Tamame: Gaikaku no Straight wo Minogashite Ball 1-1,,,,,2,,,,,,,,,,,,,,,,,,,,,,,,,,,,,,,,,,,,,,,,,,,,,,,,2019-02-23 07:19:28+00:00,2019-02-23 07:19:28+00:00,0,4196,20,北谷,2026-10-01T20:50:19.593663
2019,2019022301,2019-02-23 13:01:00+09:00,74419366,920303.0,1,5,オープン戦,9.0,9回裏,3,青木,小林,飯塚,木内,,,1,4,中日,D,,3,ＤｅＮＡ,DB,,,,,,,3球目:外角高めの変化球を見逃してボール 2-1,3 Tamame: Gaikaku Takame no Henka Kyuu wo Minogashite Ball 2-1,,,,,3,,,,,,,,,,,,,,,,,,,,,,,,,,,,,,,,,,,,,,,,,,,,,,,,2019-02-23 07:19:28+00:00,2019-02-23 07:19:28+00:00,0,4196,20,北谷,2026-10-01T20:50:19.593663
2019,2019022301,2019-02-23 13:01:00+09:00,74419367,920304.0,1,5,オープン戦,9.0,9回裏,3,青木,小林,飯塚,木内,,,1,4,中日,D,,3,ＤｅＮＡ,DB,,,,,,,4球目:内角低めの変化球を見逃してボール 3-1,4 Tamame: Naikaku Hikume no Henka Kyuu wo Minogashite Ball 3-1,,,,,4,,,,,,,,,,,,,,,,,,,,,,,,,,,,,,,,,,,,,,,,,,,,,,,,2019-02-23 07:19:28+00:00,2019-02-23 07:19:28+00:00,0,4196,20,北谷,2026-10-01T20:50:19.593663
2019,2019022301,2019-02-23 13:01:00+09:00,74419368,920305.0,1,5,オープン戦,9.0,9回裏,3,青木,小林,飯塚,木内,,,1,4,中日,D,,3,ＤｅＮＡ,DB,,,,,,,5球目:外角高めのストレートを見逃してストライク 3-2,5 Tamame: Gaikaku Takame no Straight wo Minogashite Strike 3-2,,,,,5,,,,,,,,,,,,,,,,,,,,,,,,,,,,,,,,,,,,,,,,,,,,,,,,2019-02-23 07:19:28+00:00,2019-02-23 07:19:28+00:00,0,4196,20,北谷,2026-10-01T20:50:19.593663
2019,2019022301,2019-02-23 13:01:00+09:00,74419369,920306.0,1,5,オープン戦,9.0,9回裏,3,青木,小林,飯塚,木内,,,1,4,中日,D,,3,ＤｅＮＡ,DB,,,,,,,6球目:外角高めのストレートを打ってファウル 3-2,6 Tamame: Gaikaku Takame no Straight wo Utte Foul 3-2,,,,,6,,,,,,,,,,,,,,,,,,,,,,,,,,,,,,,,,,,,,,,,,,,,,,,,2019-02-23 07:19:28+00:00,2019-02-23 07:19:28+00:00,0,4196,20,北谷,2026-10-01T20:50:19.593663
2019,2019022301,2019-02-23 13:01:00+09:00,74419370,920307.0,1,5,オープン戦,9.0,9回裏,3,青木,小林,飯塚,木内,,,1,4,中日,D,,3,ＤｅＮＡ,DB,,,,,,,7球目:この球も粘ってファウル 3-2,7 Tamame: Kono Tama mo Nebatte Foul 3-2,,,,,7,,,,,,,,,,,,,,,,,,,,,,,,,,,,,,,,,,,,,,,,,,,,,,,,2019-02-23 07:19:28+00:00,2019-02-23 07:19:28+00:00,0,4196,20,北谷,2026-10-01T20:50:19.593663
2019,2019022301,2019-02-23 13:01:00+09:00,74419371,920308.0,1,5,オープン戦,9.0,9回裏,3,青木,小林,飯塚,木内,,,1,4,中日,D,,3,ＤｅＮＡ,DB,,,,,,,"8球目:粘りを見せて8球目にフォアボールを選ぶ 1,2塁","8 Tamame: Nebari wo Misete 8 Tamame ni Four Ball wo Erabu 1,2 Rui",,,,,8,,,,,,,,,,,,,,,,,,,,,,,,,,,,,,,,,,,,,,,,,,,,,,,,2019-02-23 07:19:28+00:00,2019-02-23 07:19:28+00:00,0,4196,20,北谷,2026-10-01T20:50:19.593663
2019,2019022301,2019-02-23 13:01:00+09:00,74419372,920400.0,1,5,オープン戦,9.0,9回裏,4,青木,小林,飯塚,木内,,,1,4,中日,D,,3,ＤｅＮＡ,DB,,,,,,,－ＤｅＮＡ:内野手マウンドへ集まる－,-DeNA: Naiyashu Mound e Atsumaru -,,,,,0,,,,,,,,,,,,,,,,,,,,,,,,,,,,,,,,,,,,,,,,,,,,,,,,2019-02-23 07:19:28+00:00,2019-02-23 07:19:28+00:00,0,4196,20,北谷,2026-10-01T20:50:19.593663
2019,2019022301,2019-02-23 13:01:00+09:00,74419373,920400.0,1,5,オープン戦,9.0,9回裏,4,青木,小林,飯塚,木内,,,1,4,中日,D,,3,ＤｅＮＡ,DB,,,,,,,"＜1番：京田＞一死1,2塁","<1 Ban: Kyouda> Ichi Shi 1,2 Rui",,,,,0,,,,,,,,,,,,,,,,,,,,,,,,,,,,,,,,,,,,,,,,,,,,,,,,2019-02-23 07:19:28+00:00,2019-02-23 07:19:28+00:00,0,4196,20,北谷,2026-10-01T20:50:19.593663
2019,2019022301,2019-02-23 13:01:00+09:00,74419374,920401.0,1,5,オープン戦,9.0,9回裏,4,青木,小林,飯塚,木内,,,1,4,中日,D,,3,ＤｅＮＡ,DB,,,,,,,1球目:ワンバウンドのフォークを見逃してボール 1-0,1 Tamame: One Bound no Fork wo Minogashite Ball 1-0,,,,,1,,,,,,,,,,,,,,,,,,,,,,,,,,,,,,,,,,,,,,,,,,,,,,,,2019-02-23 07:19:28+00:00,2019-02-23 07:19:28+00:00,0,4196,20,北谷,2026-10-01T20:50:19.593663
2019,2019022301,2019-02-23 13:01:00+09:00,74419375,920402.0,1,5,オープン戦,9.0,9回裏,4,青木,小林,飯塚,木内,,,1,4,中日,D,,3,ＤｅＮＡ,DB,,,,,,,2球目:際どいコースのストレートを見逃してボール 2-0,2 Tamame: Kiwadoi Course no Straight wo Minogashite Ball 2-0,,,,,2,,,,,,,,,,,,,,,,,,,,,,,,,,,,,,,,,,,,,,,,,,,,,,,,2019-02-23 07:19:28+00:00,2019-02-23 07:19:28+00:00,0,4196,20,北谷,2026-10-01T20:50:19.593663
2019,2019022301,2019-02-23 13:01:00+09:00,74419376,920403.0,1,5,オープン戦,9.0,9回裏,4,青木,小林,飯塚,木内,,,1,4,中日,D,,3,ＤｅＮＡ,DB,,,,,,,3球目:外角低めの落ちる球を打ってファウル 2-1,3 Tamame: Gaikaku Hikume no Ochiru Tama wo Utte Foul 2-1,,,,,3,,,,,,,,,,,,,,,,,,,,,,,,,,,,,,,,,,,,,,,,,,,,,,,,2019-02-23 07:19:28+00:00,2019-02-23 07:19:28+00:00,0,4196,20,北谷,2026-10-01T20:50:19.593663
2019,2019022301,2019-02-23 13:01:00+09:00,74419377,920400.0,1,5,オープン戦,9.0,9回裏,4,青木,小林,飯塚,木内,,,1,4,中日,D,,3,ＤｅＮＡ,DB,,,,,,,2塁けん制:ランナー阿部帰塁,2 Rui Kensei: Runner Abe Kirui,,,,,0,,,,,,,,,,,,,,,,,,,,,,,,,,,,,,,,,,,,,,,,,,,,,,,,2019-02-23 07:19:28+00:00,2019-02-23 07:19:28+00:00,0,4196,20,北谷,2026-10-01T20:50:19.593663
2019,2019022301,2019-02-23 13:01:00+09:00,74419378,920404.0,1,5,オープン戦,9.0,9回裏,4,青木,小林,飯塚,木内,,,1,4,中日,D,,3,ＤｅＮＡ,DB,,,,,,,4球目:外角のフォークを見逃してボール 3-1,4 Tamame: Gaikaku no Fork wo Minogashite Ball 3-1,,,,,4,,,,,,,,,,,,,,,,,,,,,,,,,,,,,,,,,,,,,,,,,,,,,,,,2019-02-23 07:19:28+00:00,2019-02-23 07:19:28+00:00,0,4196,20,北谷,2026-10-01T20:50:19.593663
2019,2019022301,2019-02-23 13:01:00+09:00,74419379,920405.0,1,5,オープン戦,9.0,9回裏,4,青木,小林,飯塚,木内,,,1,4,中日,D,,3,ＤｅＮＡ,DB,,,,,,,5球目:低めの変化球を打ってファウル 3-2,5 Tamame: Hikume no Henka Kyuu wo Utte Foul 3-2,,,,,5,,,,,,,,,,,,,,,,,,,,,,,,,,,,,,,,,,,,,,,,,,,,,,,,2019-02-23 07:19:28+00:00,2019-02-23 07:19:28+00:00,0,4196,20,北谷,2026-10-01T20:50:19.593663
2019,2019022301,2019-02-23 13:01:00+09:00,74419380,920406.0,1,5,オープン戦,9.0,9回裏,4,青木,小林,飯塚,木内,,,1,4,中日,D,,3,ＤｅＮＡ,DB,,,,,,,6球目:空振りの三振を喫する 2アウト,6 Tamame: Karaburi no Sanshin wo Kissuru 2 Out,,,,,6,,,,,,,,,,,,,,,,,,,,,,,,,,,,,,,,,,,,,,,,,,,,,,,,2019-02-23 07:19:28+00:00,2019-02-23 07:19:28+00:00,0,4196,20,北谷,2026-10-01T20:50:19.593663
2019,2019022301,2019-02-23 13:01:00+09:00,74419381,920500.0,1,5,オープン戦,9.0,9回裏,5,青木,小林,飯塚,木内,,,1,4,中日,D,,3,ＤｅＮＡ,DB,,,,,,,投手交代:飯塚→国吉,Toushu Koutai: Iizuka Kunikichi,,,,,0,,,,,,,,,,,,,,,,,,,,,,,,,,,,,,,,,,,,,,,,,,,,,,,,2019-02-23 07:19:28+00:00,2019-02-23 07:19:28+00:00,0,4196,20,北谷,2026-10-01T20:50:19.593663
2019,2019022301,2019-02-23 13:01:00+09:00,74419382,920500.0,1,5,オープン戦,9.0,9回裏,5,青木,小林,飯塚,木内,,,1,4,中日,D,,3,ＤｅＮＡ,DB,,,,,,,"＜2番：遠藤＞二死1,2塁","<2 Ban: Endou> Ni Shi 1,2 Rui",,,,,0,,,,,,,,,,,,,,,,,,,,,,,,,,,,,,,,,,,,,,,,,,,,,,,,2019-02-23 07:19:28+00:00,2019-02-23 07:19:28+00:00,0,4196,20,北谷,2026-10-01T20:50:19.593663
2019,2019022301,2019-02-23 13:01:00+09:00,74419383,920501.0,1,5,オープン戦,9.0,9回裏,5,青木,小林,飯塚,木内,,,1,4,中日,D,,3,ＤｅＮＡ,DB,,,,,,,"1球目:ランナー1,2塁からピッチャーゴロ ゲームセット","1 Tamame: Runner 1,2 Rui kara Pitcher Grounder Game Set",,,,,1,,,,,,,,,,,,,,,,,,,,,,,,,,,,,,,,,,,,,,,,,,,,,,,,2019-02-23 07:19:28+00:00,2019-02-23 07:19:28+00:00,0,4196,20,北谷,2026-10-01T20:50:19.593663
2019,2019022301,2019-02-23 13:01:00+09:00,74419384,920500.0,1,5,オープン戦,9.0,9回裏,5,青木,小林,飯塚,木内,,,1,4,中日,D,,3,ＤｅＮＡ,DB,,,,,,,試合終了,Shiai Shuuryou,,,,,0,,,,,,,,,,,,,,,,,,,,,,,,,,,,,,,,,,,,,,,,,,,,,,,,2019-02-23 07:19:28+00:00,2019-02-23 07:19:28+00:00,0,4196,20,北谷,2026-10-01T20:50:19.593663
2019,2019022402,2019-02-24 13:01:00+09:00,74791446,,1,5,オープン戦,,試合前情報,1,山路,牧田,森,山村,,,1,3,ＤｅＮＡ,DB,,6,広島,C,,,,,,,先発ピッチャーはＤｅＮＡが石田、広島が大瀬良,"Senpatsu Pitcher wa Dena ga Ishida, Hiroshima ga Oose Ryou",,,,,0,,,,,,,,,,,,,,,,,,,,,,,,,,,,,,,,,,,,,,,,,,,,,,,,2019-02-24 07:59:09+00:00,2019-02-24 07:59:09+00:00,0,5319,27,宜野湾,2026-10-01T20:50:19.593663
2019,2019022402,2019-02-24 13:01:00+09:00,74791447,,1,5,オープン戦,,試合前情報,1,山路,牧田,森,山村,,,1,3,ＤｅＮＡ,DB,,6,広島,C,,,,,,,先攻:広島のスターティングラインナップは1番:田中広(遊)、2番:菊池涼(二)、3番:坂倉(左)、4番:鈴木(右)、5番:長野(指)、6番:メヒア(一)、7番:西川(中)、8番:會澤(捕)、9番:堂林(三),"Senkou: Hiroshima no Starting Lineup wa 1 Ban: Tanaka Hiroshi (Yuu), 2 Ban: Kikuchi Ryou (Ni), 3 Ban: Sakakura (Hidari), 4 Ban: Suzuki (Migi), 5 Ban: Nagano (Yubi), 6 Ban: Mehia (Ichi), 7 Ban: Nishikawa (Chuu), 8 Ban: Aizawa (Ho), 9 Ban: Dou Rin (San)",,,,,0,,,,,,,,,,,,,,,,,,,,,,,,,,,,,,,,,,,,,,,,,,,,,,,,2019-02-24 07:59:09+00:00,2019-02-24 07:59:09+00:00,0,5319,27,宜野湾,2026-10-01T20:50:19.593663
2019,2019022402,2019-02-24 13:01:00+09:00,74791448,,1,5,オープン戦,,試合前情報,1,山路,牧田,森,山村,,,1,3,ＤｅＮＡ,DB,,6,広島,C,,,,,,,後攻:ＤｅＮＡのスターティングラインナップは1番:神里(中)、2番:宮崎(指)、3番:ソト(二)、4番:筒香(左)、5番:ロペス(一)、6番:戸柱(捕)、7番:中井(三)、8番:倉本(遊)、9番:楠本(右),"Koukou:Dena no Starting Lineup wa 1 Ban: Kamisato (Chuu), 2 Ban: Miyazaki (Yubi), 3 Ban: Soto (Ni), 4 Ban: Tsutsuga (Hidari), 5 Ban: Ropesu (Ichi), 6 Ban: To Hashira (Ho), 7 Ban: Nakai (San), 8 Ban: Kuramoto (Yuu), 9 Ban: Kusumoto (Migi)",,,,,0,,,,,,,,,,,,,,,,,,,,,,,,,,,,,,,,,,,,,,,,,,,,,,,,2019-02-24 07:59:09+00:00,2019-02-24 07:59:09+00:00,0,5319,27,宜野湾,2026-10-01T20:50:19.593663
2019,2019022402,2019-02-24 13:01:00+09:00,74791449,110100.0,1,5,オープン戦,1.0,1回表,1,山路,牧田,森,山村,,,1,3,ＤｅＮＡ,DB,,6,広島,C,,,,,,,試合開始 1回表 デ0-0広　広島は1番田中広からの攻撃,Shiai Kaishi 1 Kai Hyou Des 0-0 KouHiroshima wa 1 Ban Tanaka Hiroshi kara no Kougeki,,,,,0,,,,,,,,,,,,,,,,,,,,,,,,,,,,,,,,,,,,,,,,,,,,,,,,2019-02-24 07:59:09+00:00,2019-02-24 07:59:09+00:00,0,5319,27,宜野湾,2026-10-01T20:50:19.593663
2019,2019022402,2019-02-24 13:01:00+09:00,74791450,110100.0,1,5,オープン戦,1.0,1回表,1,山路,牧田,森,山村,,,1,3,ＤｅＮＡ,DB,,6,広島,C,,,,,,,＜1番：田中広＞無死走者なし,<1 Ban: Tanaka Hiroshi> Mushi Sousha Nashi,,,,,0,,,,,,,,,,,,,,,,,,,,,,,,,,,,,,,,,,,,,,,,,,,,,,,,2019-02-24 07:59:09+00:00,2019-02-24 07:59:09+00:00,0,5319,27,宜野湾,2026-10-01T20:50:19.593663
2019,2019022402,2019-02-24 13:01:00+09:00,74791451,110101.0,1,5,オープン戦,1.0,1回表,1,山路,牧田,森,山村,,,1,3,ＤｅＮＡ,DB,,6,広島,C,,,,,,,1球目:外角のストレートをセンターへ打ってヒット 1塁,1 Tamame: Gaikaku no Straight wo Center e Utte Hit 1 Rui,,,,,1,,,,,,,,,,,,,,,,,,,,,,,,,,,,,,,,,,,,,,,,,,,,,,,,2019-02-24 07:59:09+00:00,2019-02-24 07:59:09+00:00,0,5319,27,宜野湾,2026-10-01T20:50:19.593663
2019,2019022402,2019-02-24 13:01:00+09:00,74791452,110200.0,1,5,オープン戦,1.0,1回表,2,山路,牧田,森,山村,,,1,3,ＤｅＮＡ,DB,,6,広島,C,,,,,,,＜2番：菊池涼＞無死1塁,<2 Ban: Kikuchi Ryou> Mushi 1 Rui,,,,,0,,,,,,,,,,,,,,,,,,,,,,,,,,,,,,,,,,,,,,,,,,,,,,,,2019-02-24 07:59:09+00:00,2019-02-24 07:59:09+00:00,0,5319,27,宜野湾,2026-10-01T20:50:19.593663
2019,2019022402,2019-02-24 13:01:00+09:00,74791453,110201.0,1,5,オープン戦,1.0,1回表,2,山路,牧田,森,山村,,,1,3,ＤｅＮＡ,DB,,6,広島,C,,,,,,,"1球目:デッドボールを受ける 1,2塁","1 Tamame: Dead Ball wo Ukeru 1,2 Rui",,,,,1,,,,,,,,,,,,,,,,,,,,,,,,,,,,,,,,,,,,,,,,,,,,,,,,2019-02-24 07:59:09+00:00,2019-02-24 07:59:09+00:00,0,5319,27,宜野湾,2026-10-01T20:50:19.593663
2019,2019022402,2019-02-24 13:01:00+09:00,74791454,110300.0,1,5,オープン戦,1.0,1回表,3,山路,牧田,森,山村,,,1,3,ＤｅＮＡ,DB,,6,広島,C,,,,,,,"＜3番：坂倉＞無死1,2塁","<3 Ban: Sakakura> Mushi 1,2 Rui",,,,,0,,,,,,,,,,,,,,,,,,,,,,,,,,,,,,,,,,,,,,,,,,,,,,,,2019-02-24 07:59:09+00:00,2019-02-24 07:59:09+00:00,0,5319,27,宜野湾,2026-10-01T20:50:19.593663
2019,2019022402,2019-02-24 13:01:00+09:00,74791455,110301.0,1,5,オープン戦,1.0,1回表,3,山路,牧田,森,山村,,,1,3,ＤｅＮＡ,DB,,6,広島,C,,,,,,,1球目:際どいコースのストレートを見逃してストライク 0-1,1 Tamame: Kiwadoi Course no Straight wo Minogashite Strike 0-1,,,,,1,,,,,,,,,,,,,,,,,,,,,,,,,,,,,,,,,,,,,,,,,,,,,,,,2019-02-24 07:59:09+00:00,2019-02-24 07:59:09+00:00,0,5319,27,宜野湾,2026-10-01T20:50:19.593663
2019,2019022402,2019-02-24 13:01:00+09:00,74791456,110302.0,1,5,オープン戦,1.0,1回表,3,山路,牧田,森,山村,,,1,3,ＤｅＮＡ,DB,,6,広島,C,,,,,,,2球目:外角高めのストレートを打ってファウル 0-2,2 Tamame: Gaikaku Takame no Straight wo Utte Foul 0-2,,,,,2,,,,,,,,,,,,,,,,,,,,,,,,,,,,,,,,,,,,,,,,,,,,,,,,2019-02-24 07:59:09+00:00,2019-02-24 07:59:09+00:00,0,5319,27,宜野湾,2026-10-01T20:50:19.593663
2019,2019022402,2019-02-24 13:01:00+09:00,74791457,110303.0,1,5,オープン戦,1.0,1回表,3,山路,牧田,森,山村,,,1,3,ＤｅＮＡ,DB,,6,広島,C,,,,,,,3球目:ワンバウンドのチェンジアップを見逃してボール 1-2,3 Tamame: One Bound no Change Up wo Minogashite Ball 1-2,,,,,3,,,,,,,,,,,,,,,,,,,,,,,,,,,,,,,,,,,,,,,,,,,,,,,,2019-02-24 07:59:09+00:00,2019-02-24 07:59:09+00:00,0,5319,27,宜野湾,2026-10-01T20:50:19.593663
2019,2019022402,2019-02-24 13:01:00+09:00,74791458,110304.0,1,5,オープン戦,1.0,1回表,3,山路,牧田,森,山村,,,1,3,ＤｅＮＡ,DB,,6,広島,C,,,,,,,"4球目:0アウト1,2塁からショートへの内野安打 満塁","4 Tamame:0 Out 1,2 Rui kara Short e no Naiya Anda Manrui",,,,,4,,,,,,,,,,,,,,,,,,,,,,,,,,,,,,,,,,,,,,,,,,,,,,,,2019-02-24 07:59:09+00:00,2019-02-24 07:59:09+00:00,0,5319,27,宜野湾,2026-10-01T20:50:19.593663
2019,2019022402,2019-02-24 13:01:00+09:00,74791459,110400.0,1,5,オープン戦,1.0,1回表,4,山路,牧田,森,山村,,,1,3,ＤｅＮＡ,DB,,6,広島,C,,,,,,,＜4番：鈴木＞無死満塁,<4 Ban: Suzuki> Mushi Manrui,,,,,0,,,,,,,,,,,,,,,,,,,,,,,,,,,,,,,,,,,,,,,,,,,,,,,,2019-02-24 07:59:09+00:00,2019-02-24 07:59:09+00:00,0,5319,27,宜野湾,2026-10-01T20:50:19.593663
2019,2019022402,2019-02-24 13:01:00+09:00,74791460,110401.0,1,5,オープン戦,1.0,1回表,4,山路,牧田,森,山村,,,1,3,ＤｅＮＡ,DB,,6,広島,C,,,,,,,1球目:高めのストレートを打つもファウルチップ 0-1,1 Tamame: Takame no Straight wo Utsu mo Foul Chip 0-1,,,,,1,,,,,,,,,,,,,,,,,,,,,,,,,,,,,,,,,,,,,,,,,,,,,,,,2019-02-24 07:59:09+00:00,2019-02-24 07:59:09+00:00,0,5319,27,宜野湾,2026-10-01T20:50:19.593663
2019,2019022402,2019-02-24 13:01:00+09:00,74791461,110402.0,1,5,オープン戦,1.0,1回表,4,山路,牧田,森,山村,,,1,3,ＤｅＮＡ,DB,,6,広島,C,,,,,,,2球目:高めのストレートを打ってファウル 0-2,2 Tamame: Takame no Straight wo Utte Foul 0-2,,,,,2,,,,,,,,,,,,,,,,,,,,,,,,,,,,,,,,,,,,,,,,,,,,,,,,2019-02-24 07:59:09+00:00,2019-02-24 07:59:09+00:00,0,5319,27,宜野湾,2026-10-01T20:50:19.593663
2019,2019022402,2019-02-24 13:01:00+09:00,74791462,110403.0,1,5,オープン戦,1.0,1回表,4,山路,牧田,森,山村,,,1,3,ＤｅＮＡ,DB,,6,広島,C,,,,,,,3球目:外角高めのストレートを見逃してボール 1-2,3 Tamame: Gaikaku Takame no Straight wo Minogashite Ball 1-2,,,,,3,,,,,,,,,,,,,,,,,,,,,,,,,,,,,,,,,,,,,,,,,,,,,,,,2019-02-24 07:59:09+00:00,2019-02-24 07:59:09+00:00,0,5319,27,宜野湾,2026-10-01T20:50:19.593663
2019,2019022402,2019-02-24 13:01:00+09:00,74791463,110404.0,1,5,オープン戦,1.0,1回表,4,山路,牧田,森,山村,,,1,3,ＤｅＮＡ,DB,,6,広島,C,,,,,,,4球目:外角低めの球を打つもセンターフライ 1アウト,4 Tamame: Gaikaku Hikume no Tama wo Utsu mo Center Fly 1 Out,,,,,4,,,,,,,,,,,,,,,,,,,,,,,,,,,,,,,,,,,,,,,,,,,,,,,,2019-02-24 07:59:09+00:00,2019-02-24 07:59:09+00:00,0,5319,27,宜野湾,2026-10-01T20:50:19.593663
2019,2019022402,2019-02-24 13:01:00+09:00,74791464,110500.0,1,5,オープン戦,1.0,1回表,5,山路,牧田,森,山村,,,1,3,ＤｅＮＡ,DB,,6,広島,C,,,,,,,＜5番：長野＞一死満塁,<5 Ban: Nagano> Ichi Shi Manrui,,,,,0,,,,,,,,,,,,,,,,,,,,,,,,,,,,,,,,,,,,,,,,,,,,,,,,2019-02-24 07:59:09+00:00,2019-02-24 07:59:09+00:00,0,5319,27,宜野湾,2026-10-01T20:50:19.593663
2019,2019022402,2019-02-24 13:01:00+09:00,74791465,110501.0,1,5,オープン戦,1.0,1回表,5,山路,牧田,森,山村,,,1,3,ＤｅＮＡ,DB,,6,広島,C,,,,,,,1球目:内角低めの落ちる球を空振りストライク 0-1,1 Tamame: Naikaku Hikume no Ochiru Tama wo Karaburi Strike 0-1,,,,,1,,,,,,,,,,,,,,,,,,,,,,,,,,,,,,,,,,,,,,,,,,,,,,,,2019-02-24 07:59:09+00:00,2019-02-24 07:59:09+00:00,0,5319,27,宜野湾,2026-10-01T20:50:19.593663
2019,2019022402,2019-02-24 13:01:00+09:00,74791466,110502.0,1,5,オープン戦,1.0,1回表,5,山路,牧田,森,山村,,,1,3,ＤｅＮＡ,DB,,6,広島,C,,,,,,,2球目:高めのつり球には反応せずボール 1-1,2 Tamame: Takame no Tsuri Tama ni wa Hannou Sezu Ball 1-1,,,,,2,,,,,,,,,,,,,,,,,,,,,,,,,,,,,,,,,,,,,,,,,,,,,,,,2019-02-24 07:59:09+00:00,2019-02-24 07:59:09+00:00,0,5319,27,宜野湾,2026-10-01T20:50:19.593663
2019,2019022402,2019-02-24 13:01:00+09:00,74791467,110503.0,1,5,オープン戦,1.0,1回表,5,山路,牧田,森,山村,,,1,3,ＤｅＮＡ,DB,,6,広島,C,,,,,,,3球目:低めのスライダーを打ってファウル 1-2,3 Tamame: Hikume no Slider wo Utte Foul 1-2,,,,,3,,,,,,,,,,,,,,,,,,,,,,,,,,,,,,,,,,,,,,,,,,,,,,,,2019-02-24 07:59:09+00:00,2019-02-24 07:59:09+00:00,0,5319,27,宜野湾,2026-10-01T20:50:19.593663
2019,2019022402,2019-02-24 13:01:00+09:00,74791468,110504.0,1,5,オープン戦,1.0,1回表,5,山路,牧田,森,山村,,,1,3,ＤｅＮＡ,DB,,6,広島,C,,,,,,,4球目:見逃し三振 2アウト,4 Tamame: Minogashi Sanshin 2 Out,,,,,4,,,,,,,,,,,,,,,,,,,,,,,,,,,,,,,,,,,,,,,,,,,,,,,,2019-02-24 07:59:09+00:00,2019-02-24 07:59:09+00:00,0,5319,27,宜野湾,2026-10-01T20:50:19.593663
2019,2019022402,2019-02-24 13:01:00+09:00,74791469,110600.0,1,5,オープン戦,1.0,1回表,6,山路,牧田,森,山村,,,1,3,ＤｅＮＡ,DB,,6,広島,C,,,,,,,＜6番：メヒア＞二死満塁,<6 Ban: Mehia> Ni Shi Manrui,,,,,0,,,,,,,,,,,,,,,,,,,,,,,,,,,,,,,,,,,,,,,,,,,,,,,,2019-02-24 07:59:09+00:00,2019-02-24 07:59:09+00:00,0,5319,27,宜野湾,2026-10-01T20:50:19.593663
2019,2019022402,2019-02-24 13:01:00+09:00,74791470,110601.0,1,5,オープン戦,1.0,1回表,6,山路,牧田,森,山村,,,1,3,ＤｅＮＡ,DB,,6,広島,C,,,,,,,1球目:低めのチェンジアップを空振りストライク 0-1,1 Tamame: Hikume no Change Up wo Karaburi Strike 0-1,,,,,1,,,,,,,,,,,,,,,,,,,,,,,,,,,,,,,,,,,,,,,,,,,,,,,,2019-02-24 07:59:09+00:00,2019-02-24 07:59:09+00:00,0,5319,27,宜野湾,2026-10-01T20:50:19.593663
2019,2019022402,2019-02-24 13:01:00+09:00,74791471,110602.0,1,5,オープン戦,1.0,1回表,6,山路,牧田,森,山村,,,1,3,ＤｅＮＡ,DB,,6,広島,C,,,,,,,2球目:ワンバウンドのチェンジアップを見逃してボール 1-1,2 Tamame: One Bound no Change Up wo Minogashite Ball 1-1,,,,,2,,,,,,,,,,,,,,,,,,,,,,,,,,,,,,,,,,,,,,,,,,,,,,,,2019-02-24 07:59:09+00:00,2019-02-24 07:59:09+00:00,0,5319,27,宜野湾,2026-10-01T20:50:19.593663
2019,2019022402,2019-02-24 13:01:00+09:00,74791472,110603.0,1,5,オープン戦,1.0,1回表,6,山路,牧田,森,山村,,,1,3,ＤｅＮＡ,DB,,6,広島,C,,,,,,,3球目:内角低めのスライダーを空振りストライク 1-2,3 Tamame: Naikaku Hikume no Slider wo Karaburi Strike 1-2,,,,,3,,,,,,,,,,,,,,,,,,,,,,,,,,,,,,,,,,,,,,,,,,,,,,,,2019-02-24 07:59:09+00:00,2019-02-24 07:59:09+00:00,0,5319,27,宜野湾,2026-10-01T20:50:19.593663
2019,2019022402,2019-02-24 13:01:00+09:00,74791473,110604.0,1,5,オープン戦,1.0,1回表,6,山路,牧田,森,山村,,,1,3,ＤｅＮＡ,DB,,6,広島,C,,,,,,,4球目:ワンバウンドのチェンジアップを見逃してボール 2-2,4 Tamame: One Bound no Change Up wo Minogashite Ball 2-2,,,,,4,,,,,,,,,,,,,,,,,,,,,,,,,,,,,,,,,,,,,,,,,,,,,,,,2019-02-24 07:59:09+00:00,2019-02-24 07:59:09+00:00,0,5319,27,宜野湾,2026-10-01T20:50:19.593663
2019,2019022402,2019-02-24 13:01:00+09:00,74791474,110605.0,1,5,オープン戦,1.0,1回表,6,山路,牧田,森,山村,,,1,3,ＤｅＮＡ,DB,,6,広島,C,,,,,,,5球目:一打先制の場面で内角高めのストレートを打つもレフトフライ 3アウトチェンジ,5 Tamame: Ichida Sensei no Bamen de Naikaku Takame no Straight wo Utsu mo Left Fly 3 Out Change,,,,,5,,,,,,,,,,,,,,,,,,,,,,,,,,,,,,,,,,,,,,,,,,,,,,,,2019-02-24 07:59:09+00:00,2019-02-24 07:59:09+00:00,0,5319,27,宜野湾,2026-10-01T20:50:19.593663
2019,2019022402,2019-02-24 13:01:00+09:00,74791475,120100.0,1,5,オープン戦,1.0,1回裏,1,山路,牧田,森,山村,,,1,3,ＤｅＮＡ,DB,,6,広島,C,,,,,,,1回裏 デ0-0広　ＤｅＮＡは1番神里からの攻撃,1 Kai Ura Des 0-0 KouDeNA wa 1 Ban Kamisato kara no Kougeki,,,,,0,,,,,,,,,,,,,,,,,,,,,,,,,,,,,,,,,,,,,,,,,,,,,,,,2019-02-24 07:59:09+00:00,2019-02-24 07:59:09+00:00,0,5319,27,宜野湾,2026-10-01T20:50:19.593663
2019,2019022402,2019-02-24 13:01:00+09:00,74791476,120100.0,1,5,オープン戦,1.0,1回裏,1,山路,牧田,森,山村,,,1,3,ＤｅＮＡ,DB,,6,広島,C,,,,,,,＜1番：神里＞無死走者なし,<1 Ban: Kamisato> Mushi Sousha Nashi,,,,,0,,,,,,,,,,,,,,,,,,,,,,,,,,,,,,,,,,,,,,,,,,,,,,,,2019-02-24 07:59:09+00:00,2019-02-24 07:59:09+00:00,0,5319,27,宜野湾,2026-10-01T20:50:19.593663
2019,2019022402,2019-02-24 13:01:00+09:00,74791477,120101.0,1,5,オープン戦,1.0,1回裏,1,山路,牧田,森,山村,,,1,3,ＤｅＮＡ,DB,,6,広島,C,,,,,,,1球目:初球から打ちにいくもファウル 0-1,1 Tamame: Shokyuu kara Uchi ni Iku mo Foul 0-1,,,,,1,,,,,,,,,,,,,,,,,,,,,,,,,,,,,,,,,,,,,,,,,,,,,,,,2019-02-24 07:59:09+00:00,2019-02-24 07:59:09+00:00,0,5319,27,宜野湾,2026-10-01T20:50:19.593663
2019,2019022402,2019-02-24 13:01:00+09:00,74791478,120102.0,1,5,オープン戦,1.0,1回裏,1,山路,牧田,森,山村,,,1,3,ＤｅＮＡ,DB,,6,広島,C,,,,,,,2球目:ど真ん中の球を打ってファウル 0-2,2 Tamame: Domannaka no Tama wo Utte Foul 0-2,,,,,2,,,,,,,,,,,,,,,,,,,,,,,,,,,,,,,,,,,,,,,,,,,,,,,,2019-02-24 07:59:09+00:00,2019-02-24 07:59:09+00:00,0,5319,27,宜野湾,2026-10-01T20:50:19.593663
2019,2019022402,2019-02-24 13:01:00+09:00,74791479,120103.0,1,5,オープン戦,1.0,1回裏,1,山路,牧田,森,山村,,,1,3,ＤｅＮＡ,DB,,6,広島,C,,,,,,,3球目:外角高めの変化球を見逃してボール 1-2,3 Tamame: Gaikaku Takame no Henka Kyuu wo Minogashite Ball 1-2,,,,,3,,,,,,,,,,,,,,,,,,,,,,,,,,,,,,,,,,,,,,,,,,,,,,,,2019-02-24 07:59:09+00:00,2019-02-24 07:59:09+00:00,0,5319,27,宜野湾,2026-10-01T20:50:19.593663
2019,2019022402,2019-02-24 13:01:00+09:00,74791480,120104.0,1,5,オープン戦,1.0,1回裏,1,山路,牧田,森,山村,,,1,3,ＤｅＮＡ,DB,,6,広島,C,,,,,,,4球目:外角のストレートを打ってファウル 1-2,4 Tamame: Gaikaku no Straight wo Utte Foul 1-2,,,,,4,,,,,,,,,,,,,,,,,,,,,,,,,,,,,,,,,,,,,,,,,,,,,,,,2019-02-24 07:59:09+00:00,2019-02-24 07:59:09+00:00,0,5319,27,宜野湾,2026-10-01T20:50:19.593663
2019,2019022402,2019-02-24 13:01:00+09:00,74791481,120105.0,1,5,オープン戦,1.0,1回裏,1,山路,牧田,森,山村,,,1,3,ＤｅＮＡ,DB,,6,広島,C,,,,,,,5球目:ファーストゴロ 1アウト,5 Tamame: First Grounder 1 Out,,,,,5,,,,,,,,,,,,,,,,,,,,,,,,,,,,,,,,,,,,,,,,,,,,,,,,2019-02-24 07:59:09+00:00,2019-02-24 07:59:09+00:00,0,5319,27,宜野湾,2026-10-01T20:50:19.593663
2019,2019022402,2019-02-24 13:01:00+09:00,74791482,120200.0,1,5,オープン戦,1.0,1回裏,2,山路,牧田,森,山村,,,1,3,ＤｅＮＡ,DB,,6,広島,C,,,,,,,＜2番：宮崎＞一死走者なし,<2 Ban: Miyazaki> Ichi Shi Sousha Nashi,,,,,0,,,,,,,,,,,,,,,,,,,,,,,,,,,,,,,,,,,,,,,,,,,,,,,,2019-02-24 07:59:09+00:00,2019-02-24 07:59:09+00:00,0,5319,27,宜野湾,2026-10-01T20:50:19.593663
2019,2019022402,2019-02-24 13:01:00+09:00,74791483,120201.0,1,5,オープン戦,1.0,1回裏,2,山路,牧田,森,山村,,,1,3,ＤｅＮＡ,DB,,6,広島,C,,,,,,,1球目:外角低めのカットボールを見逃してボール 1-0,1 Tamame: Gaikaku Hikume no Cut Ball wo Minogashite Ball 1-0,,,,,1,,,,,,,,,,,,,,,,,,,,,,,,,,,,,,,,,,,,,,,,,,,,,,,,2019-02-24 07:59:09+00:00,2019-02-24 07:59:09+00:00,0,5319,27,宜野湾,2026-10-01T20:50:19.593663
2019,2019022402,2019-02-24 13:01:00+09:00,74791484,120202.0,1,5,オープン戦,1.0,1回裏,2,山路,牧田,森,山村,,,1,3,ＤｅＮＡ,DB,,6,広島,C,,,,,,,2球目:レフトへのヒット 1塁,2 Tamame: Left e no Hit 1 Rui,,,,,2,,,,,,,,,,,,,,,,,,,,,,,,,,,,,,,,,,,,,,,,,,,,,,,,2019-02-24 07:59:09+00:00,2019-02-24 07:59:09+00:00,0,5319,27,宜野湾,2026-10-01T20:50:19.593663
2019,2019022402,2019-02-24 13:01:00+09:00,74791485,120300.0,1,5,オープン戦,1.0,1回裏,3,山路,牧田,森,山村,,,1,3,ＤｅＮＡ,DB,,6,広島,C,,,,,,,＜3番：ソト＞一死1塁,<3 Ban: Soto> Ichi Shi 1 Rui,,,,,0,,,,,,,,,,,,,,,,,,,,,,,,,,,,,,,,,,,,,,,,,,,,,,,,2019-02-24 07:59:09+00:00,2019-02-24 07:59:09+00:00,0,5319,27,宜野湾,2026-10-01T20:50:19.593663
2019,2019022402,2019-02-24 13:01:00+09:00,74791486,120301.0,1,5,オープン戦,1.0,1回裏,3,山路,牧田,森,山村,,,1,3,ＤｅＮＡ,DB,,6,広島,C,,,,,,,1球目:外角低めのストレートを見逃してボール 1-0,1 Tamame: Gaikaku Hikume no Straight wo Minogashite Ball 1-0,,,,,1,,,,,,,,,,,,,,,,,,,,,,,,,,,,,,,,,,,,,,,,,,,,,,,,2019-02-24 07:59:09+00:00,2019-02-24 07:59:09+00:00,0,5319,27,宜野湾,2026-10-01T20:50:19.593663
2019,2019022402,2019-02-24 13:01:00+09:00,74791487,120302.0,1,5,オープン戦,1.0,1回裏,3,山路,牧田,森,山村,,,1,3,ＤｅＮＡ,DB,,6,広島,C,,,,,,,2球目:外角低めのカットボールを空振りストライク 1-1,2 Tamame: Gaikaku Hikume no Cut Ball wo Karaburi Strike 1-1,,,,,2,,,,,,,,,,,,,,,,,,,,,,,,,,,,,,,,,,,,,,,,,,,,,,,,2019-02-24 07:59:09+00:00,2019-02-24 07:59:09+00:00,0,5319,27,宜野湾,2026-10-01T20:50:19.593663
2019,2019022402,2019-02-24 13:01:00+09:00,74791488,120303.0,1,5,オープン戦,1.0,1回裏,3,山路,牧田,森,山村,,,1,3,ＤｅＮＡ,DB,,6,広島,C,,,,,,,3球目:ワンバウンドのスライダーに反応するもバットが止まりボール 2-1,3 Tamame: One Bound no Slider ni Hannou Suru mo Batto ga Tomari Ball 2-1,,,,,3,,,,,,,,,,,,,,,,,,,,,,,,,,,,,,,,,,,,,,,,,,,,,,,,2019-02-24 07:59:09+00:00,2019-02-24 07:59:09+00:00,0,5319,27,宜野湾,2026-10-01T20:50:19.593663
2019,2019022402,2019-02-24 13:01:00+09:00,74791489,120304.0,1,5,オープン戦,1.0,1回裏,3,山路,牧田,森,山村,,,1,3,ＤｅＮＡ,DB,,6,広島,C,,,,,,,4球目:内角高めのストレートを見逃してボール 3-1,4 Tamame: Naikaku Takame no Straight wo Minogashite Ball 3-1,,,,,4,,,,,,,,,,,,,,,,,,,,,,,,,,,,,,,,,,,,,,,,,,,,,,,,2019-02-24 07:59:09+00:00,2019-02-24 07:59:09+00:00,0,5319,27,宜野湾,2026-10-01T20:50:19.593663
2019,2019022402,2019-02-24 13:01:00+09:00,74791490,120305.0,1,5,オープン戦,1.0,1回裏,3,山路,牧田,森,山村,,,1,3,ＤｅＮＡ,DB,,6,広島,C,,,,,,,5球目:外角低めのスライダーを空振りストライク 3-2,5 Tamame: Gaikaku Hikume no Slider wo Karaburi Strike 3-2,,,,,5,,,,,,,,,,,,,,,,,,,,,,,,,,,,,,,,,,,,,,,,,,,,,,,,2019-02-24 07:59:09+00:00,2019-02-24 07:59:09+00:00,0,5319,27,宜野湾,2026-10-01T20:50:19.593663
2019,2019022402,2019-02-24 13:01:00+09:00,74791491,120306.0,1,5,オープン戦,1.0,1回裏,3,山路,牧田,森,山村,,,1,3,ＤｅＮＡ,DB,,6,広島,C,,,,,,,"6球目:レフトへの二塁打 2,3塁","6 Tamame: Left e no Niruida 2,3 Rui",,,,,6,,,,,,,,,,,,,,,,,,,,,,,,,,,,,,,,,,,,,,,,,,,,,,,,2019-02-24 07:59:09+00:00,2019-02-24 07:59:09+00:00,0,5319,27,宜野湾,2026-10-01T20:50:19.593663
2019,2019022402,2019-02-24 13:01:00+09:00,74791492,120400.0,1,5,オープン戦,1.0,1回裏,4,山路,牧田,森,山村,,,1,3,ＤｅＮＡ,DB,,6,広島,C,,,,,,,"＜4番：筒香＞一死2,3塁","<4 Ban: Tsutsuga> Ichi Shi 2,3 Rui",,,,,0,,,,,,,,,,,,,,,,,,,,,,,,,,,,,,,,,,,,,,,,,,,,,,,,2019-02-24 07:59:09+00:00,2019-02-24 07:59:09+00:00,0,5319,27,宜野湾,2026-10-01T20:50:19.593663
2019,2019022402,2019-02-24 13:01:00+09:00,74791493,120401.0,1,5,オープン戦,1.0,1回裏,4,山路,牧田,森,山村,,,1,3,ＤｅＮＡ,DB,,6,広島,C,,,,,,,1球目:外角低めのカットボールを見逃してボール 1-0,1 Tamame: Gaikaku Hikume no Cut Ball wo Minogashite Ball 1-0,,,,,1,,,,,,,,,,,,,,,,,,,,,,,,,,,,,,,,,,,,,,,,,,,,,,,,2019-02-24 07:59:09+00:00,2019-02-24 07:59:09+00:00,0,5319,27,宜野湾,2026-10-01T20:50:19.593663
2019,2019022402,2019-02-24 13:01:00+09:00,74791494,120402.0,1,5,オープン戦,1.0,1回裏,4,山路,牧田,森,山村,,,1,3,ＤｅＮＡ,DB,,6,広島,C,,,,,,,"2球目:1アウト2,3塁の1-0からライトへの先制タイムリーヒット！ デ1-0広 1,3塁","2 Tamame:1 Out 2,3 Rui no 1-0 kara Raito e no Sensei Timely Hit! Des 1-0 Kou1,3 Rui",,,,,2,,,,,,,,,,,,,,,,,,,,,,,,,,,,,,,,,,,,,,,,,,,,,,,,2019-02-24 07:59:09+00:00,2019-02-24 07:59:09+00:00,0,5319,27,宜野湾,2026-10-01T20:50:19.593663
2019,2019022402,2019-02-24 13:01:00+09:00,74791495,120500.0,1,5,オープン戦,1.0,1回裏,5,山路,牧田,森,山村,,,1,3,ＤｅＮＡ,DB,,6,広島,C,,,,,,,"＜5番：ロペス＞一死1,3塁","<5 Ban: Ropesu> Ichi Shi 1,3 Rui",,,,,0,,,,,,,,,,,,,,,,,,,,,,,,,,,,,,,,,,,,,,,,,,,,,,,,2019-02-24 07:59:09+00:00,2019-02-24 07:59:09+00:00,0,5319,27,宜野湾,2026-10-01T20:50:19.593663
2019,2019022402,2019-02-24 13:01:00+09:00,74791496,120501.0,1,5,オープン戦,1.0,1回裏,5,山路,牧田,森,山村,,,1,3,ＤｅＮＡ,DB,,6,広島,C,,,,,,,1球目:低めのカットボールを見逃してストライク 0-1,1 Tamame: Hikume no Cut Ball wo Minogashite Strike 0-1,,,,,1,,,,,,,,,,,,,,,,,,,,,,,,,,,,,,,,,,,,,,,,,,,,,,,,2019-02-24 07:59:09+00:00,2019-02-24 07:59:09+00:00,0,5319,27,宜野湾,2026-10-01T20:50:19.593663
2019,2019022402,2019-02-24 13:01:00+09:00,74791497,120502.0,1,5,オープン戦,1.0,1回裏,5,山路,牧田,森,山村,,,1,3,ＤｅＮＡ,DB,,6,広島,C,,,,,,,"2球目:ランナー1,3塁の0-1からピッチャーへのタイムリー内野安打 デ2-0広 1,2塁","2 Tamame: Runner 1,3 Rui no 0-1 kara Pitcher e no Timely Naiya Anda Des 2-0 Kou1,2 Rui",,,,,2,,,,,,,,,,,,,,,,,,,,,,,,,,,,,,,,,,,,,,,,,,,,,,,,2019-02-24 07:59:09+00:00,2019-02-24 07:59:09+00:00,0,5319,27,宜野湾,2026-10-01T20:50:19.593663
2019,2019022402,2019-02-24 13:01:00+09:00,74791498,120600.0,1,5,オープン戦,1.0,1回裏,6,山路,牧田,森,山村,,,1,3,ＤｅＮＡ,DB,,6,広島,C,,,,,,,"＜6番：戸柱＞一死1,2塁","<6 Ban: To Hashira> Ichi Shi 1,2 Rui",,,,,0,,,,,,,,,,,,,,,,,,,,,,,,,,,,,,,,,,,,,,,,,,,,,,,,2019-02-24 07:59:09+00:00,2019-02-24 07:59:09+00:00,0,5319,27,宜野湾,2026-10-01T20:50:19.593663
2019,2019022402,2019-02-24 13:01:00+09:00,74791499,120601.0,1,5,オープン戦,1.0,1回裏,6,山路,牧田,森,山村,,,1,3,ＤｅＮＡ,DB,,6,広島,C,,,,,,,1球目:外角低めのカットボールを見逃してボール 1-0,1 Tamame: Gaikaku Hikume no Cut Ball wo Minogashite Ball 1-0,,,,,1,,,,,,,,,,,,,,,,,,,,,,,,,,,,,,,,,,,,,,,,,,,,,,,,2019-02-24 07:59:09+00:00,2019-02-24 07:59:09+00:00,0,5319,27,宜野湾,2026-10-01T20:50:19.593663
2019,2019022402,2019-02-24 13:01:00+09:00,74791500,120602.0,1,5,オープン戦,1.0,1回裏,6,山路,牧田,森,山村,,,1,3,ＤｅＮＡ,DB,,6,広島,C,,,,,,,2球目:外角低めの落ちる球を空振りストライク 1-1,2 Tamame: Gaikaku Hikume no Ochiru Tama wo Karaburi Strike 1-1,,,,,2,,,,,,,,,,,,,,,,,,,,,,,,,,,,,,,,,,,,,,,,,,,,,,,,2019-02-24 07:59:09+00:00,2019-02-24 07:59:09+00:00,0,5319,27,宜野湾,2026-10-01T20:50:19.593663
2019,2019022402,2019-02-24 13:01:00+09:00,74791501,120603.0,1,5,オープン戦,1.0,1回裏,6,山路,牧田,森,山村,,,1,3,ＤｅＮＡ,DB,,6,広島,C,,,,,,,3球目:3-6-1のダブルプレー 3アウトチェンジ,3 Tamame:3-6-1 no Double Play 3 Out Change,,,,,3,,,,,,,,,,,,,,,,,,,,,,,,,,,,,,,,,,,,,,,,,,,,,,,,2019-02-24 07:59:09+00:00,2019-02-24 07:59:09+00:00,0,5319,27,宜野湾,2026-10-01T20:50:19.593663
2019,2019022402,2019-02-24 13:01:00+09:00,74791502,210100.0,1,5,オープン戦,2.0,2回表,1,山路,牧田,森,山村,,,1,3,ＤｅＮＡ,DB,,6,広島,C,,,,,,,2回表 デ2-0広　広島は7番西川からの攻撃,2 Kai Hyou Des 2-0 KouHiroshima wa 7 Ban Nishikawa kara no Kougeki,,,,,0,,,,,,,,,,,,,,,,,,,,,,,,,,,,,,,,,,,,,,,,,,,,,,,,2019-02-24 07:59:09+00:00,2019-02-24 07:59:09+00:00,0,5319,27,宜野湾,2026-10-01T20:50:19.593663
2019,2019022402,2019-02-24 13:01:00+09:00,74791503,210100.0,1,5,オープン戦,2.0,2回表,1,山路,牧田,森,山村,,,1,3,ＤｅＮＡ,DB,,6,広島,C,,,,,,,＜7番：西川＞無死走者なし,<7 Ban: Nishikawa> Mushi Sousha Nashi,,,,,0,,,,,,,,,,,,,,,,,,,,,,,,,,,,,,,,,,,,,,,,,,,,,,,,2019-02-24 07:59:09+00:00,2019-02-24 07:59:09+00:00,0,5319,27,宜野湾,2026-10-01T20:50:19.593663
2019,2019022402,2019-02-24 13:01:00+09:00,74791504,210101.0,1,5,オープン戦,2.0,2回表,1,山路,牧田,森,山村,,,1,3,ＤｅＮＡ,DB,,6,広島,C,,,,,,,1球目:外角低めのスライダーを見逃してストライク 0-1,1 Tamame: Gaikaku Hikume no Slider wo Minogashite Strike 0-1,,,,,1,,,,,,,,,,,,,,,,,,,,,,,,,,,,,,,,,,,,,,,,,,,,,,,,2019-02-24 07:59:09+00:00,2019-02-24 07:59:09+00:00,0,5319,27,宜野湾,2026-10-01T20:50:19.593663
2019,2019022402,2019-02-24 13:01:00+09:00,74791505,210102.0,1,5,オープン戦,2.0,2回表,1,山路,牧田,森,山村,,,1,3,ＤｅＮＡ,DB,,6,広島,C,,,,,,,2球目:外角低めの変化球を見逃してボール 1-1,2 Tamame: Gaikaku Hikume no Henka Kyuu wo Minogashite Ball 1-1,,,,,2,,,,,,,,,,,,,,,,,,,,,,,,,,,,,,,,,,,,,,,,,,,,,,,,2019-02-24 07:59:09+00:00,2019-02-24 07:59:09+00:00,0,5319,27,宜野湾,2026-10-01T20:50:19.593663
2019,2019022402,2019-02-24 13:01:00+09:00,74791506,210103.0,1,5,オープン戦,2.0,2回表,1,山路,牧田,森,山村,,,1,3,ＤｅＮＡ,DB,,6,広島,C,,,,,,,3球目:甘い球を打ってファウル 1-2,3 Tamame: Amai Tama wo Utte Foul 1-2,,,,,3,,,,,,,,,,,,,,,,,,,,,,,,,,,,,,,,,,,,,,,,,,,,,,,,2019-02-24 07:59:09+00:00,2019-02-24 07:59:09+00:00,0,5319,27,宜野湾,2026-10-01T20:50:19.593663
2019,2019022402,2019-02-24 13:01:00+09:00,74791507,210104.0,1,5,オープン戦,2.0,2回表,1,山路,牧田,森,山村,,,1,3,ＤｅＮＡ,DB,,6,広島,C,,,,,,,4球目:ショートゴロ 1アウト,4 Tamame: Short Grounder 1 Out,,,,,4,,,,,,,,,,,,,,,,,,,,,,,,,,,,,,,,,,,,,,,,,,,,,,,,2019-02-24 07:59:09+00:00,2019-02-24 07:59:09+00:00,0,5319,27,宜野湾,2026-10-01T20:50:19.593663
2019,2019022402,2019-02-24 13:01:00+09:00,74791508,210200.0,1,5,オープン戦,2.0,2回表,2,山路,牧田,森,山村,,,1,3,ＤｅＮＡ,DB,,6,広島,C,,,,,,,＜8番：會澤＞一死走者なし,<8 Ban: Aizawa> Ichi Shi Sousha Nashi,,,,,0,,,,,,,,,,,,,,,,,,,,,,,,,,,,,,,,,,,,,,,,,,,,,,,,2019-02-24 07:59:09+00:00,2019-02-24 07:59:09+00:00,0,5319,27,宜野湾,2026-10-01T20:50:19.593663
2019,2019022402,2019-02-24 13:01:00+09:00,74791509,210201.0,1,5,オープン戦,2.0,2回表,2,山路,牧田,森,山村,,,1,3,ＤｅＮＡ,DB,,6,広島,C,,,,,,,1球目:ワンバウンドのカーブを見逃してボール 1-0,1 Tamame: One Bound no Curve wo Minogashite Ball 1-0,,,,,1,,,,,,,,,,,,,,,,,,,,,,,,,,,,,,,,,,,,,,,,,,,,,,,,2019-02-24 07:59:09+00:00,2019-02-24 07:59:09+00:00,0,5319,27,宜野湾,2026-10-01T20:50:19.593663
2019,2019022402,2019-02-24 13:01:00+09:00,74791510,210202.0,1,5,オープン戦,2.0,2回表,2,山路,牧田,森,山村,,,1,3,ＤｅＮＡ,DB,,6,広島,C,,,,,,,2球目:甘いフォークを見逃してストライク 1-1,2 Tamame: Amai Fork wo Minogashite Strike 1-1,,,,,2,,,,,,,,,,,,,,,,,,,,,,,,,,,,,,,,,,,,,,,,,,,,,,,,2019-02-24 07:59:09+00:00,2019-02-24 07:59:09+00:00,0,5319,27,宜野湾,2026-10-01T20:50:19.593663
2019,2019022402,2019-02-24 13:01:00+09:00,74791511,210203.0,1,5,オープン戦,2.0,2回表,2,山路,牧田,森,山村,,,1,3,ＤｅＮＡ,DB,,6,広島,C,,,,,,,3球目:レフトへのヒットで出塁 1塁,3 Tamame: Left e no Hit de Shutsurui 1 Rui,,,,,3,,,,,,,,,,,,,,,,,,,,,,,,,,,,,,,,,,,,,,,,,,,,,,,,2019-02-24 07:59:09+00:00,2019-02-24 07:59:09+00:00,0,5319,27,宜野湾,2026-10-01T20:50:19.593663
2019,2019022402,2019-02-24 13:01:00+09:00,74791512,210300.0,1,5,オープン戦,2.0,2回表,3,山路,牧田,森,山村,,,1,3,ＤｅＮＡ,DB,,6,広島,C,,,,,,,＜9番：堂林＞一死1塁,<9 Ban: Dou Rin> Ichi Shi 1 Rui,,,,,0,,,,,,,,,,,,,,,,,,,,,,,,,,,,,,,,,,,,,,,,,,,,,,,,2019-02-24 07:59:09+00:00,2019-02-24 07:59:09+00:00,0,5319,27,宜野湾,2026-10-01T20:50:19.593663
2019,2019022402,2019-02-24 13:01:00+09:00,74791513,210301.0,1,5,オープン戦,2.0,2回表,3,山路,牧田,森,山村,,,1,3,ＤｅＮＡ,DB,,6,広島,C,,,,,,,1球目:高めのストレートを打ちにいくもファウル 0-1,1 Tamame: Takame no Straight wo Uchi ni Iku mo Foul 0-1,,,,,1,,,,,,,,,,,,,,,,,,,,,,,,,,,,,,,,,,,,,,,,,,,,,,,,2019-02-24 07:59:09+00:00,2019-02-24 07:59:09+00:00,0,5319,27,宜野湾,2026-10-01T20:50:19.593663
2019,2019022402,2019-02-24 13:01:00+09:00,74791514,210302.0,1,5,オープン戦,2.0,2回表,3,山路,牧田,森,山村,,,1,3,ＤｅＮＡ,DB,,6,広島,C,,,,,,,2球目:内角低めのスライダーを見逃してボール 1-1,2 Tamame: Naikaku Hikume no Slider wo Minogashite Ball 1-1,,,,,2,,,,,,,,,,,,,,,,,,,,,,,,,,,,,,,,,,,,,,,,,,,,,,,,2019-02-24 07:59:09+00:00,2019-02-24 07:59:09+00:00,0,5319,27,宜野湾,2026-10-01T20:50:19.593663
2019,2019022402,2019-02-24 13:01:00+09:00,74791515,210303.0,1,5,オープン戦,2.0,2回表,3,山路,牧田,森,山村,,,1,3,ＤｅＮＡ,DB,,6,広島,C,,,,,,,"3球目:センターへの二塁打 2,3塁","3 Tamame: Center e no Niruida 2,3 Rui",,,,,3,,,,,,,,,,,,,,,,,,,,,,,,,,,,,,,,,,,,,,,,,,,,,,,,2019-02-24 07:59:09+00:00,2019-02-24 07:59:09+00:00,0,5319,27,宜野湾,2026-10-01T20:50:19.593663
2019,2019022402,2019-02-24 13:01:00+09:00,74791516,210400.0,1,5,オープン戦,2.0,2回表,4,山路,牧田,森,山村,,,1,3,ＤｅＮＡ,DB,,6,広島,C,,,,,,,"＜1番：田中広＞一死2,3塁","<1 Ban: Tanaka Hiroshi> Ichi Shi 2,3 Rui",,,,,0,,,,,,,,,,,,,,,,,,,,,,,,,,,,,,,,,,,,,,,,,,,,,,,,2019-02-24 07:59:09+00:00,2019-02-24 07:59:09+00:00,0,5319,27,宜野湾,2026-10-01T20:50:19.593663
2019,2019022402,2019-02-24 13:01:00+09:00,74791517,210401.0,1,5,オープン戦,2.0,2回表,4,山路,牧田,森,山村,,,1,3,ＤｅＮＡ,DB,,6,広島,C,,,,,,,1球目:内角のストレートを見逃してストライク 0-1,1 Tamame: Naikaku no Straight wo Minogashite Strike 0-1,,,,,1,,,,,,,,,,,,,,,,,,,,,,,,,,,,,,,,,,,,,,,,,,,,,,,,2019-02-24 07:59:09+00:00,2019-02-24 07:59:09+00:00,0,5319,27,宜野湾,2026-10-01T20:50:19.593663
2019,2019022402,2019-02-24 13:01:00+09:00,74791518,210402.0,1,5,オープン戦,2.0,2回表,4,山路,牧田,森,山村,,,1,3,ＤｅＮＡ,DB,,6,広島,C,,,,,,,"2球目:ランナー2,3塁の0-1からレフトへの犠牲フライを放つ デ2-1広 2アウト2塁","2 Tamame: Runner 2,3 Rui no 0-1 kara Left e no Gisei Fly wo Hanatsu Des 2-1 Kou2 Out 2 Rui",,,,,2,,,,,,,,,,,,,,,,,,,,,,,,,,,,,,,,,,,,,,,,,,,,,,,,2019-02-24 07:59:09+00:00,2019-02-24 07:59:09+00:00,0,5319,27,宜野湾,2026-10-01T20:50:19.593663
2019,2019022402,2019-02-24 13:01:00+09:00,74791519,210500.0,1,5,オープン戦,2.0,2回表,5,山路,牧田,森,山村,,,1,3,ＤｅＮＡ,DB,,6,広島,C,,,,,,,＜2番：菊池涼＞二死2塁,<2 Ban: Kikuchi Ryou> Ni Shi 2 Rui,,,,,0,,,,,,,,,,,,,,,,,,,,,,,,,,,,,,,,,,,,,,,,,,,,,,,,2019-02-24 07:59:09+00:00,2019-02-24 07:59:09+00:00,0,5319,27,宜野湾,2026-10-01T20:50:19.593663
2019,2019022402,2019-02-24 13:01:00+09:00,74791520,210501.0,1,5,オープン戦,2.0,2回表,5,山路,牧田,森,山村,,,1,3,ＤｅＮＡ,DB,,6,広島,C,,,,,,,1球目:内角低めのスライダーを見逃してボール 1-0,1 Tamame: Naikaku Hikume no Slider wo Minogashite Ball 1-0,,,,,1,,,,,,,,,,,,,,,,,,,,,,,,,,,,,,,,,,,,,,,,,,,,,,,,2019-02-24 07:59:09+00:00,2019-02-24 07:59:09+00:00,0,5319,27,宜野湾,2026-10-01T20:50:19.593663
2019,2019022402,2019-02-24 13:01:00+09:00,74791521,210502.0,1,5,オープン戦,2.0,2回表,5,山路,牧田,森,山村,,,1,3,ＤｅＮＡ,DB,,6,広島,C,,,,,,,2球目:サードゴロ 3アウトチェンジ,2 Tamame: Third Grounder 3 Out Change,,,,,2,,,,,,,,,,,,,,,,,,,,,,,,,,,,,,,,,,,,,,,,,,,,,,,,2019-02-24 07:59:09+00:00,2019-02-24 07:59:09+00:00,0,5319,27,宜野湾,2026-10-01T20:50:19.593663
2019,2019022402,2019-02-24 13:01:00+09:00,74791522,220100.0,1,5,オープン戦,2.0,2回裏,1,山路,牧田,森,山村,,,1,3,ＤｅＮＡ,DB,,6,広島,C,,,,,,,2回裏 デ2-1広　ＤｅＮＡは7番中井からの攻撃,2 Kai Ura Des 2-1 KouDeNA wa 7 Ban Nakai kara no Kougeki,,,,,0,,,,,,,,,,,,,,,,,,,,,,,,,,,,,,,,,,,,,,,,,,,,,,,,2019-02-24 07:59:09+00:00,2019-02-24 07:59:09+00:00,0,5319,27,宜野湾,2026-10-01T20:50:19.593663
2019,2019022402,2019-02-24 13:01:00+09:00,74791523,220100.0,1,5,オープン戦,2.0,2回裏,1,山路,牧田,森,山村,,,1,3,ＤｅＮＡ,DB,,6,広島,C,,,,,,,＜7番：中井＞無死走者なし,<7 Ban: Nakai> Mushi Sousha Nashi,,,,,0,,,,,,,,,,,,,,,,,,,,,,,,,,,,,,,,,,,,,,,,,,,,,,,,2019-02-24 07:59:09+00:00,2019-02-24 07:59:09+00:00,0,5319,27,宜野湾,2026-10-01T20:50:19.593663
2019,2019022402,2019-02-24 13:01:00+09:00,74791524,220101.0,1,5,オープン戦,2.0,2回裏,1,山路,牧田,森,山村,,,1,3,ＤｅＮＡ,DB,,6,広島,C,,,,,,,1球目:外角高めのカーブを見逃してボール 1-0,1 Tamame: Gaikaku Takame no Curve wo Minogashite Ball 1-0,,,,,1,,,,,,,,,,,,,,,,,,,,,,,,,,,,,,,,,,,,,,,,,,,,,,,,2019-02-24 07:59:09+00:00,2019-02-24 07:59:09+00:00,0,5319,27,宜野湾,2026-10-01T20:50:19.593663
2019,2019022402,2019-02-24 13:01:00+09:00,74791525,220102.0,1,5,オープン戦,2.0,2回裏,1,山路,牧田,森,山村,,,1,3,ＤｅＮＡ,DB,,6,広島,C,,,,,,,2球目:外角低めのカットボールを空振りストライク 1-1,2 Tamame: Gaikaku Hikume no Cut Ball wo Karaburi Strike 1-1,,,,,2,,,,,,,,,,,,,,,,,,,,,,,,,,,,,,,,,,,,,,,,,,,,,,,,2019-02-24 07:59:09+00:00,2019-02-24 07:59:09+00:00,0,5319,27,宜野湾,2026-10-01T20:50:19.593663
2019,2019022402,2019-02-24 13:01:00+09:00,74791526,220103.0,1,5,オープン戦,2.0,2回裏,1,山路,牧田,森,山村,,,1,3,ＤｅＮＡ,DB,,6,広島,C,,,,,,,3球目:外角低めのスライダーにバットが止まりボール 2-1,3 Tamame: Gaikaku Hikume no Slider ni Batto ga Tomari Ball 2-1,,,,,3,,,,,,,,,,,,,,,,,,,,,,,,,,,,,,,,,,,,,,,,,,,,,,,,2019-02-24 07:59:09+00:00,2019-02-24 07:59:09+00:00,0,5319,27,宜野湾,2026-10-01T20:50:19.593663
2019,2019022402,2019-02-24 13:01:00+09:00,74791527,220104.0,1,5,オープン戦,2.0,2回裏,1,山路,牧田,森,山村,,,1,3,ＤｅＮＡ,DB,,6,広島,C,,,,,,,4球目:際どいコースのストレートを見逃してストライク 2-2,4 Tamame: Kiwadoi Course no Straight wo Minogashite Strike 2-2,,,,,4,,,,,,,,,,,,,,,,,,,,,,,,,,,,,,,,,,,,,,,,,,,,,,,,2019-02-24 07:59:09+00:00,2019-02-24 07:59:09+00:00,0,5319,27,宜野湾,2026-10-01T20:50:19.593663
2019,2019022402,2019-02-24 13:01:00+09:00,74791528,220105.0,1,5,オープン戦,2.0,2回裏,1,山路,牧田,森,山村,,,1,3,ＤｅＮＡ,DB,,6,広島,C,,,,,,,5球目:低めのストレートを打つもセンターフライ 1アウト,5 Tamame: Hikume no Straight wo Utsu mo Center Fly 1 Out,,,,,5,,,,,,,,,,,,,,,,,,,,,,,,,,,,,,,,,,,,,,,,,,,,,,,,2019-02-24 07:59:09+00:00,2019-02-24 07:59:09+00:00,0,5319,27,宜野湾,2026-10-01T20:50:19.593663
2019,2019022402,2019-02-24 13:01:00+09:00,74791529,220200.0,1,5,オープン戦,2.0,2回裏,2,山路,牧田,森,山村,,,1,3,ＤｅＮＡ,DB,,6,広島,C,,,,,,,＜8番：倉本＞一死走者なし,<8 Ban: Kuramoto> Ichi Shi Sousha Nashi,,,,,0,,,,,,,,,,,,,,,,,,,,,,,,,,,,,,,,,,,,,,,,,,,,,,,,2019-02-24 07:59:09+00:00,2019-02-24 07:59:09+00:00,0,5319,27,宜野湾,2026-10-01T20:50:19.593663
2019,2019022402,2019-02-24 13:01:00+09:00,74791530,220201.0,1,5,オープン戦,2.0,2回裏,2,山路,牧田,森,山村,,,1,3,ＤｅＮＡ,DB,,6,広島,C,,,,,,,1球目:高めの変化球を見逃してストライク 0-1,1 Tamame: Takame no Henka Kyuu wo Minogashite Strike 0-1,,,,,1,,,,,,,,,,,,,,,,,,,,,,,,,,,,,,,,,,,,,,,,,,,,,,,,2019-02-24 07:59:09+00:00,2019-02-24 07:59:09+00:00,0,5319,27,宜野湾,2026-10-01T20:50:19.593663
2019,2019022402,2019-02-24 13:01:00+09:00,74791531,220202.0,1,5,オープン戦,2.0,2回裏,2,山路,牧田,森,山村,,,1,3,ＤｅＮＡ,DB,,6,広島,C,,,,,,,2球目:内角低めの変化球を空振りストライク 0-2,2 Tamame: Naikaku Hikume no Henka Kyuu wo Karaburi Strike 0-2,,,,,2,,,,,,,,,,,,,,,,,,,,,,,,,,,,,,,,,,,,,,,,,,,,,,,,2019-02-24 07:59:09+00:00,2019-02-24 07:59:09+00:00,0,5319,27,宜野湾,2026-10-01T20:50:19.593663
2019,2019022402,2019-02-24 13:01:00+09:00,74791532,220203.0,1,5,オープン戦,2.0,2回裏,2,山路,牧田,森,山村,,,1,3,ＤｅＮＡ,DB,,6,広島,C,,,,,,,3球目:外角低めの落ちる球を打ってファウル 0-2,3 Tamame: Gaikaku Hikume no Ochiru Tama wo Utte Foul 0-2,,,,,3,,,,,,,,,,,,,,,,,,,,,,,,,,,,,,,,,,,,,,,,,,,,,,,,2019-02-24 07:59:09+00:00,2019-02-24 07:59:09+00:00,0,5319,27,宜野湾,2026-10-01T20:50:19.593663
2019,2019022402,2019-02-24 13:01:00+09:00,74791533,220204.0,1,5,オープン戦,2.0,2回裏,2,山路,牧田,森,山村,,,1,3,ＤｅＮＡ,DB,,6,広島,C,,,,,,,4球目:外角低めのカットボールを見逃してボール 1-2,4 Tamame: Gaikaku Hikume no Cut Ball wo Minogashite Ball 1-2,,,,,4,,,,,,,,,,,,,,,,,,,,,,,,,,,,,,,,,,,,,,,,,,,,,,,,2019-02-24 07:59:09+00:00,2019-02-24 07:59:09+00:00,0,5319,27,宜野湾,2026-10-01T20:50:19.593663
2019,2019022402,2019-02-24 13:01:00+09:00,74791534,220205.0,1,5,オープン戦,2.0,2回裏,2,山路,牧田,森,山村,,,1,3,ＤｅＮＡ,DB,,6,広島,C,,,,,,,5球目:外角のストレートを打ってファウル 1-2,5 Tamame: Gaikaku no Straight wo Utte Foul 1-2,,,,,5,,,,,,,,,,,,,,,,,,,,,,,,,,,,,,,,,,,,,,,,,,,,,,,,2019-02-24 07:59:09+00:00,2019-02-24 07:59:09+00:00,0,5319,27,宜野湾,2026-10-01T20:50:19.593663
2019,2019022402,2019-02-24 13:01:00+09:00,74791535,220206.0,1,5,オープン戦,2.0,2回裏,2,山路,牧田,森,山村,,,1,3,ＤｅＮＡ,DB,,6,広島,C,,,,,,,6球目:ワンバウンドのカットボールを見逃してボール 2-2,6 Tamame: One Bound no Cut Ball wo Minogashite Ball 2-2,,,,,6,,,,,,,,,,,,,,,,,,,,,,,,,,,,,,,,,,,,,,,,,,,,,,,,2019-02-24 07:59:09+00:00,2019-02-24 07:59:09+00:00,0,5319,27,宜野湾,2026-10-01T20:50:19.593663
2019,2019022402,2019-02-24 13:01:00+09:00,74791536,220207.0,1,5,オープン戦,2.0,2回裏,2,山路,牧田,森,山村,,,1,3,ＤｅＮＡ,DB,,6,広島,C,,,,,,,7球目:セカンドゴロ 2アウト,7 Tamame: Sekando Grounder 2 Out,,,,,7,,,,,,,,,,,,,,,,,,,,,,,,,,,,,,,,,,,,,,,,,,,,,,,,2019-02-24 07:59:09+00:00,2019-02-24 07:59:09+00:00,0,5319,27,宜野湾,2026-10-01T20:50:19.593663
2019,2019022402,2019-02-24 13:01:00+09:00,74791537,220300.0,1,5,オープン戦,2.0,2回裏,3,山路,牧田,森,山村,,,1,3,ＤｅＮＡ,DB,,6,広島,C,,,,,,,＜9番：楠本＞二死走者なし,<9 Ban: Kusumoto> Ni Shi Sousha Nashi,,,,,0,,,,,,,,,,,,,,,,,,,,,,,,,,,,,,,,,,,,,,,,,,,,,,,,2019-02-24 07:59:09+00:00,2019-02-24 07:59:09+00:00,0,5319,27,宜野湾,2026-10-01T20:50:19.593663
2019,2019022402,2019-02-24 13:01:00+09:00,74791538,220301.0,1,5,オープン戦,2.0,2回裏,3,山路,牧田,森,山村,,,1,3,ＤｅＮＡ,DB,,6,広島,C,,,,,,,1球目:初球から打ちにいくもファウル 0-1,1 Tamame: Shokyuu kara Uchi ni Iku mo Foul 0-1,,,,,1,,,,,,,,,,,,,,,,,,,,,,,,,,,,,,,,,,,,,,,,,,,,,,,,2019-02-24 07:59:09+00:00,2019-02-24 07:59:09+00:00,0,5319,27,宜野湾,2026-10-01T20:50:19.593663
2019,2019022402,2019-02-24 13:01:00+09:00,74791539,220302.0,1,5,オープン戦,2.0,2回裏,3,山路,牧田,森,山村,,,1,3,ＤｅＮＡ,DB,,6,広島,C,,,,,,,2球目:内角低めの変化球を打つも自打球となりファウル 0-2,2 Tamame: Naikaku Hikume no Henka Kyuu wo Utsu mo Ji Dakyuu to Nari Foul 0-2,,,,,2,,,,,,,,,,,,,,,,,,,,,,,,,,,,,,,,,,,,,,,,,,,,,,,,2019-02-24 07:59:09+00:00,2019-02-24 07:59:09+00:00,0,5319,27,宜野湾,2026-10-01T20:50:19.593663
2019,2019022402,2019-02-24 13:01:00+09:00,74791540,220303.0,1,5,オープン戦,2.0,2回裏,3,山路,牧田,森,山村,,,1,3,ＤｅＮＡ,DB,,6,広島,C,,,,,,,3球目:甘いストレートを打ってファウル 0-2,3 Tamame: Amai Straight wo Utte Foul 0-2,,,,,3,,,,,,,,,,,,,,,,,,,,,,,,,,,,,,,,,,,,,,,,,,,,,,,,2019-02-24 07:59:09+00:00,2019-02-24 07:59:09+00:00,0,5319,27,宜野湾,2026-10-01T20:50:19.593663
2019,2019022402,2019-02-24 13:01:00+09:00,74791541,220304.0,1,5,オープン戦,2.0,2回裏,3,山路,牧田,森,山村,,,1,3,ＤｅＮＡ,DB,,6,広島,C,,,,,,,4球目:空振り三振でバッターアウト 3アウトチェンジ,4 Tamame: Karaburi Sanshin de Batter Out 3 Out Change,,,,,4,,,,,,,,,,,,,,,,,,,,,,,,,,,,,,,,,,,,,,,,,,,,,,,,2019-02-24 07:59:09+00:00,2019-02-24 07:59:09+00:00,0,5319,27,宜野湾,2026-10-01T20:50:19.593663
2019,2019022402,2019-02-24 13:01:00+09:00,74791542,310100.0,1,5,オープン戦,3.0,3回表,1,山路,牧田,森,山村,,,1,3,ＤｅＮＡ,DB,,6,広島,C,,,,,,,3回表 デ2-1広　広島は3番坂倉からの攻撃,3 Kai Hyou Des 2-1 KouHiroshima wa 3 Ban Sakakura kara no Kougeki,,,,,0,,,,,,,,,,,,,,,,,,,,,,,,,,,,,,,,,,,,,,,,,,,,,,,,2019-02-24 07:59:09+00:00,2019-02-24 07:59:09+00:00,0,5319,27,宜野湾,2026-10-01T20:50:19.593663
2019,2019022402,2019-02-24 13:01:00+09:00,74791543,310100.0,1,5,オープン戦,3.0,3回表,1,山路,牧田,森,山村,,,1,3,ＤｅＮＡ,DB,,6,広島,C,,,,,,,＜3番：坂倉＞無死走者なし,<3 Ban: Sakakura> Mushi Sousha Nashi,,,,,0,,,,,,,,,,,,,,,,,,,,,,,,,,,,,,,,,,,,,,,,,,,,,,,,2019-02-24 07:59:09+00:00,2019-02-24 07:59:09+00:00,0,5319,27,宜野湾,2026-10-01T20:50:19.593663
2019,2019022402,2019-02-24 13:01:00+09:00,74791544,310101.0,1,5,オープン戦,3.0,3回表,1,山路,牧田,森,山村,,,1,3,ＤｅＮＡ,DB,,6,広島,C,,,,,,,1球目:際どいコースのストレートを見逃してボール 1-0,1 Tamame: Kiwadoi Course no Straight wo Minogashite Ball 1-0,,,,,1,,,,,,,,,,,,,,,,,,,,,,,,,,,,,,,,,,,,,,,,,,,,,,,,2019-02-24 07:59:09+00:00,2019-02-24 07:59:09+00:00,0,5319,27,宜野湾,2026-10-01T20:50:19.593663
2019,2019022402,2019-02-24 13:01:00+09:00,74791545,310102.0,1,5,オープン戦,3.0,3回表,1,山路,牧田,森,山村,,,1,3,ＤｅＮＡ,DB,,6,広島,C,,,,,,,2球目:外角のストレートを見逃してストライク 1-1,2 Tamame: Gaikaku no Straight wo Minogashite Strike 1-1,,,,,2,,,,,,,,,,,,,,,,,,,,,,,,,,,,,,,,,,,,,,,,,,,,,,,,2019-02-24 07:59:09+00:00,2019-02-24 07:59:09+00:00,0,5319,27,宜野湾,2026-10-01T20:50:19.593663
2019,2019022402,2019-02-24 13:01:00+09:00,74791546,310103.0,1,5,オープン戦,3.0,3回表,1,山路,牧田,森,山村,,,1,3,ＤｅＮＡ,DB,,6,広島,C,,,,,,,3球目:ワンバウンドのスライダーを見逃してボール 2-1,3 Tamame: One Bound no Slider wo Minogashite Ball 2-1,,,,,3,,,,,,,,,,,,,,,,,,,,,,,,,,,,,,,,,,,,,,,,,,,,,,,,2019-02-24 07:59:09+00:00,2019-02-24 07:59:09+00:00,0,5319,27,宜野湾,2026-10-01T20:50:19.593663
2019,2019022402,2019-02-24 13:01:00+09:00,74791547,310104.0,1,5,オープン戦,3.0,3回表,1,山路,牧田,森,山村,,,1,3,ＤｅＮＡ,DB,,6,広島,C,,,,,,,4球目:外角低めの変化球を空振りストライク 2-2,4 Tamame: Gaikaku Hikume no Henka Kyuu wo Karaburi Strike 2-2,,,,,4,,,,,,,,,,,,,,,,,,,,,,,,,,,,,,,,,,,,,,,,,,,,,,,,2019-02-24 07:59:09+00:00,2019-02-24 07:59:09+00:00,0,5319,27,宜野湾,2026-10-01T20:50:19.593663
2019,2019022402,2019-02-24 13:01:00+09:00,74791548,310105.0,1,5,オープン戦,3.0,3回表,1,山路,牧田,森,山村,,,1,3,ＤｅＮＡ,DB,,6,広島,C,,,,,,,5球目:外角高めのスライダーを打ってファウル 2-2,5 Tamame: Gaikaku Takame no Slider wo Utte Foul 2-2,,,,,5,,,,,,,,,,,,,,,,,,,,,,,,,,,,,,,,,,,,,,,,,,,,,,,,2019-02-24 07:59:09+00:00,2019-02-24 07:59:09+00:00,0,5319,27,宜野湾,2026-10-01T20:50:19.593663
2019,2019022402,2019-02-24 13:01:00+09:00,74791549,310106.0,1,5,オープン戦,3.0,3回表,1,山路,牧田,森,山村,,,1,3,ＤｅＮＡ,DB,,6,広島,C,,,,,,,6球目:空振りの三振を喫する 1アウト,6 Tamame: Karaburi no Sanshin wo Kissuru 1 Out,,,,,6,,,,,,,,,,,,,,,,,,,,,,,,,,,,,,,,,,,,,,,,,,,,,,,,2019-02-24 07:59:09+00:00,2019-02-24 07:59:09+00:00,0,5319,27,宜野湾,2026-10-01T20:50:19.593663
2019,2019022402,2019-02-24 13:01:00+09:00,74791550,310200.0,1,5,オープン戦,3.0,3回表,2,山路,牧田,森,山村,,,1,3,ＤｅＮＡ,DB,,6,広島,C,,,,,,,＜4番：鈴木＞一死走者なし,<4 Ban: Suzuki> Ichi Shi Sousha Nashi,,,,,0,,,,,,,,,,,,,,,,,,,,,,,,,,,,,,,,,,,,,,,,,,,,,,,,2019-02-24 07:59:09+00:00,2019-02-24 07:59:09+00:00,0,5319,27,宜野湾,2026-10-01T20:50:19.593663
2019,2019022402,2019-02-24 13:01:00+09:00,74791551,310201.0,1,5,オープン戦,3.0,3回表,2,山路,牧田,森,山村,,,1,3,ＤｅＮＡ,DB,,6,広島,C,,,,,,,1球目:内角低めのスライダーを見逃してボール 1-0,1 Tamame: Naikaku Hikume no Slider wo Minogashite Ball 1-0,,,,,1,,,,,,,,,,,,,,,,,,,,,,,,,,,,,,,,,,,,,,,,,,,,,,,,2019-02-24 07:59:09+00:00,2019-02-24 07:59:09+00:00,0,5319,27,宜野湾,2026-10-01T20:50:19.593663
2019,2019022402,2019-02-24 13:01:00+09:00,74791552,310202.0,1,5,オープン戦,3.0,3回表,2,山路,牧田,森,山村,,,1,3,ＤｅＮＡ,DB,,6,広島,C,,,,,,,2球目:外角高めのストレートを見逃してボール 2-0,2 Tamame: Gaikaku Takame no Straight wo Minogashite Ball 2-0,,,,,2,,,,,,,,,,,,,,,,,,,,,,,,,,,,,,,,,,,,,,,,,,,,,,,,2019-02-24 07:59:09+00:00,2019-02-24 07:59:09+00:00,0,5319,27,宜野湾,2026-10-01T20:50:19.593663
2019,2019022402,2019-02-24 13:01:00+09:00,74791553,310203.0,1,5,オープン戦,3.0,3回表,2,山路,牧田,森,山村,,,1,3,ＤｅＮＡ,DB,,6,広島,C,,,,,,,3球目:内角低めのスライダーを見逃してボール 3-0,3 Tamame: Naikaku Hikume no Slider wo Minogashite Ball 3-0,,,,,3,,,,,,,,,,,,,,,,,,,,,,,,,,,,,,,,,,,,,,,,,,,,,,,,2019-02-24 07:59:09+00:00,2019-02-24 07:59:09+00:00,0,5319,27,宜野湾,2026-10-01T20:50:19.593663
2019,2019022402,2019-02-24 13:01:00+09:00,74791554,310204.0,1,5,オープン戦,3.0,3回表,2,山路,牧田,森,山村,,,1,3,ＤｅＮＡ,DB,,6,広島,C,,,,,,,4球目:外角高めのストレートを打つもセンターフライ 2アウト,4 Tamame: Gaikaku Takame no Straight wo Utsu mo Center Fly 2 Out,,,,,4,,,,,,,,,,,,,,,,,,,,,,,,,,,,,,,,,,,,,,,,,,,,,,,,2019-02-24 07:59:09+00:00,2019-02-24 07:59:09+00:00,0,5319,27,宜野湾,2026-10-01T20:50:19.593663
2019,2019022402,2019-02-24 13:01:00+09:00,74791555,310300.0,1,5,オープン戦,3.0,3回表,3,山路,牧田,森,山村,,,1,3,ＤｅＮＡ,DB,,6,広島,C,,,,,,,＜5番：長野＞二死走者なし,<5 Ban: Nagano> Ni Shi Sousha Nashi,,,,,0,,,,,,,,,,,,,,,,,,,,,,,,,,,,,,,,,,,,,,,,,,,,,,,,2019-02-24 07:59:09+00:00,2019-02-24 07:59:09+00:00,0,5319,27,宜野湾,2026-10-01T20:50:19.593663
2019,2019022402,2019-02-24 13:01:00+09:00,74791556,310301.0,1,5,オープン戦,3.0,3回表,3,山路,牧田,森,山村,,,1,3,ＤｅＮＡ,DB,,6,広島,C,,,,,,,1球目:高めのカーブを打つも自打球となりファウル 0-1,1 Tamame: Takame no Curve wo Utsu mo Ji Dakyuu to Nari Foul 0-1,,,,,1,,,,,,,,,,,,,,,,,,,,,,,,,,,,,,,,,,,,,,,,,,,,,,,,2019-02-24 07:59:09+00:00,2019-02-24 07:59:09+00:00,0,5319,27,宜野湾,2026-10-01T20:50:19.593663
2019,2019022402,2019-02-24 13:01:00+09:00,74791557,310302.0,1,5,オープン戦,3.0,3回表,3,山路,牧田,森,山村,,,1,3,ＤｅＮＡ,DB,,6,広島,C,,,,,,,2球目:ワンバウンドのチェンジアップを見逃してボール 1-1,2 Tamame: One Bound no Change Up wo Minogashite Ball 1-1,,,,,2,,,,,,,,,,,,,,,,,,,,,,,,,,,,,,,,,,,,,,,,,,,,,,,,2019-02-24 07:59:09+00:00,2019-02-24 07:59:09+00:00,0,5319,27,宜野湾,2026-10-01T20:50:19.593663
2019,2019022402,2019-02-24 13:01:00+09:00,74791558,310303.0,1,5,オープン戦,3.0,3回表,3,山路,牧田,森,山村,,,1,3,ＤｅＮＡ,DB,,6,広島,C,,,,,,,3球目:ショートゴロ 3アウトチェンジ,3 Tamame: Short Grounder 3 Out Change,,,,,3,,,,,,,,,,,,,,,,,,,,,,,,,,,,,,,,,,,,,,,,,,,,,,,,2019-02-24 07:59:09+00:00,2019-02-24 07:59:09+00:00,0,5319,27,宜野湾,2026-10-01T20:50:19.593663
2019,2019022402,2019-02-24 13:01:00+09:00,74791559,320100.0,1,5,オープン戦,3.0,3回裏,1,山路,牧田,森,山村,,,1,3,ＤｅＮＡ,DB,,6,広島,C,,,,,,,3回裏 デ2-1広　ＤｅＮＡは1番神里からの攻撃,3 Kai Ura Des 2-1 KouDeNA wa 1 Ban Kamisato kara no Kougeki,,,,,0,,,,,,,,,,,,,,,,,,,,,,,,,,,,,,,,,,,,,,,,,,,,,,,,2019-02-24 07:59:09+00:00,2019-02-24 07:59:09+00:00,0,5319,27,宜野湾,2026-10-01T20:50:19.593663
2019,2019022402,2019-02-24 13:01:00+09:00,74791560,320100.0,1,5,オープン戦,3.0,3回裏,1,山路,牧田,森,山村,,,1,3,ＤｅＮＡ,DB,,6,広島,C,,,,,,,＜1番：神里＞無死走者なし,<1 Ban: Kamisato> Mushi Sousha Nashi,,,,,0,,,,,,,,,,,,,,,,,,,,,,,,,,,,,,,,,,,,,,,,,,,,,,,,2019-02-24 07:59:09+00:00,2019-02-24 07:59:09+00:00,0,5319,27,宜野湾,2026-10-01T20:50:19.593663
2019,2019022402,2019-02-24 13:01:00+09:00,74791561,320101.0,1,5,オープン戦,3.0,3回裏,1,山路,牧田,森,山村,,,1,3,ＤｅＮＡ,DB,,6,広島,C,,,,,,,1球目:甘い球を見逃してストライク 0-1,1 Tamame: Amai Tama wo Minogashite Strike 0-1,,,,,1,,,,,,,,,,,,,,,,,,,,,,,,,,,,,,,,,,,,,,,,,,,,,,,,2019-02-24 07:59:09+00:00,2019-02-24 07:59:09+00:00,0,5319,27,宜野湾,2026-10-01T20:50:19.593663
2019,2019022402,2019-02-24 13:01:00+09:00,74791562,320102.0,1,5,オープン戦,3.0,3回裏,1,山路,牧田,森,山村,,,1,3,ＤｅＮＡ,DB,,6,広島,C,,,,,,,2球目:ワンバウンドのフォークにバットが止まりボール 1-1,2 Tamame: One Bound no Fork ni Batto ga Tomari Ball 1-1,,,,,2,,,,,,,,,,,,,,,,,,,,,,,,,,,,,,,,,,,,,,,,,,,,,,,,2019-02-24 07:59:09+00:00,2019-02-24 07:59:09+00:00,0,5319,27,宜野湾,2026-10-01T20:50:19.593663
2019,2019022402,2019-02-24 13:01:00+09:00,74791563,320103.0,1,5,オープン戦,3.0,3回裏,1,山路,牧田,森,山村,,,1,3,ＤｅＮＡ,DB,,6,広島,C,,,,,,,3球目:低めのカットボールを打ってファウル 1-2,3 Tamame: Hikume no Cut Ball wo Utte Foul 1-2,,,,,3,,,,,,,,,,,,,,,,,,,,,,,,,,,,,,,,,,,,,,,,,,,,,,,,2019-02-24 07:59:09+00:00,2019-02-24 07:59:09+00:00,0,5319,27,宜野湾,2026-10-01T20:50:19.593663
2019,2019022402,2019-02-24 13:01:00+09:00,74791564,320104.0,1,5,オープン戦,3.0,3回裏,1,山路,牧田,森,山村,,,1,3,ＤｅＮＡ,DB,,6,広島,C,,,,,,,4球目:ワンバウンドのフォークを見逃してボール 2-2,4 Tamame: One Bound no Fork wo Minogashite Ball 2-2,,,,,4,,,,,,,,,,,,,,,,,,,,,,,,,,,,,,,,,,,,,,,,,,,,,,,,2019-02-24 07:59:09+00:00,2019-02-24 07:59:09+00:00,0,5319,27,宜野湾,2026-10-01T20:50:19.593663
2019,2019022402,2019-02-24 13:01:00+09:00,74791565,320105.0,1,5,オープン戦,3.0,3回裏,1,山路,牧田,森,山村,,,1,3,ＤｅＮＡ,DB,,6,広島,C,,,,,,,5球目:外角高めのストレートを打ってファウル 2-2,5 Tamame: Gaikaku Takame no Straight wo Utte Foul 2-2,,,,,5,,,,,,,,,,,,,,,,,,,,,,,,,,,,,,,,,,,,,,,,,,,,,,,,2019-02-24 07:59:09+00:00,2019-02-24 07:59:09+00:00,0,5319,27,宜野湾,2026-10-01T20:50:19.593663
2019,2019022402,2019-02-24 13:01:00+09:00,74791566,320106.0,1,5,オープン戦,3.0,3回裏,1,山路,牧田,森,山村,,,1,3,ＤｅＮＡ,DB,,6,広島,C,,,,,,,6球目:セカンドゴロ 1アウト,6 Tamame: Sekando Grounder 1 Out,,,,,6,,,,,,,,,,,,,,,,,,,,,,,,,,,,,,,,,,,,,,,,,,,,,,,,2019-02-24 07:59:09+00:00,2019-02-24 07:59:09+00:00,0,5319,27,宜野湾,2026-10-01T20:50:19.593663
2019,2019022402,2019-02-24 13:01:00+09:00,74791567,320200.0,1,5,オープン戦,3.0,3回裏,2,山路,牧田,森,山村,,,1,3,ＤｅＮＡ,DB,,6,広島,C,,,,,,,＜2番：宮崎＞一死走者なし,<2 Ban: Miyazaki> Ichi Shi Sousha Nashi,,,,,0,,,,,,,,,,,,,,,,,,,,,,,,,,,,,,,,,,,,,,,,,,,,,,,,2019-02-24 07:59:09+00:00,2019-02-24 07:59:09+00:00,0,5319,27,宜野湾,2026-10-01T20:50:19.593663
2019,2019022402,2019-02-24 13:01:00+09:00,74791568,320201.0,1,5,オープン戦,3.0,3回裏,2,山路,牧田,森,山村,,,1,3,ＤｅＮＡ,DB,,6,広島,C,,,,,,,1球目:外角低めのストレートを見逃してボール 1-0,1 Tamame: Gaikaku Hikume no Straight wo Minogashite Ball 1-0,,,,,1,,,,,,,,,,,,,,,,,,,,,,,,,,,,,,,,,,,,,,,,,,,,,,,,2019-02-24 07:59:09+00:00,2019-02-24 07:59:09+00:00,0,5319,27,宜野湾,2026-10-01T20:50:19.593663
2019,2019022402,2019-02-24 13:01:00+09:00,74791569,320202.0,1,5,オープン戦,3.0,3回裏,2,山路,牧田,森,山村,,,1,3,ＤｅＮＡ,DB,,6,広島,C,,,,,,,2球目:内角低めのストレートを見逃してストライク 1-1,2 Tamame: Naikaku Hikume no Straight wo Minogashite Strike 1-1,,,,,2,,,,,,,,,,,,,,,,,,,,,,,,,,,,,,,,,,,,,,,,,,,,,,,,2019-02-24 07:59:09+00:00,2019-02-24 07:59:09+00:00,0,5319,27,宜野湾,2026-10-01T20:50:19.593663
2019,2019022402,2019-02-24 13:01:00+09:00,74791570,320203.0,1,5,オープン戦,3.0,3回裏,2,山路,牧田,森,山村,,,1,3,ＤｅＮＡ,DB,,6,広島,C,,,,,,,3球目:外角低めのカットボールを見逃してストライク 1-2,3 Tamame: Gaikaku Hikume no Cut Ball wo Minogashite Strike 1-2,,,,,3,,,,,,,,,,,,,,,,,,,,,,,,,,,,,,,,,,,,,,,,,,,,,,,,2019-02-24 07:59:09+00:00,2019-02-24 07:59:09+00:00,0,5319,27,宜野湾,2026-10-01T20:50:19.593663
2019,2019022402,2019-02-24 13:01:00+09:00,74791571,320204.0,1,5,オープン戦,3.0,3回裏,2,山路,牧田,森,山村,,,1,3,ＤｅＮＡ,DB,,6,広島,C,,,,,,,4球目:低めのストレートを打つもライトフライ 2アウト,4 Tamame: Hikume no Straight wo Utsu mo Raito Fly 2 Out,,,,,4,,,,,,,,,,,,,,,,,,,,,,,,,,,,,,,,,,,,,,,,,,,,,,,,2019-02-24 07:59:09+00:00,2019-02-24 07:59:09+00:00,0,5319,27,宜野湾,2026-10-01T20:50:19.593663
2019,2019022402,2019-02-24 13:01:00+09:00,74791572,320300.0,1,5,オープン戦,3.0,3回裏,3,山路,牧田,森,山村,,,1,3,ＤｅＮＡ,DB,,6,広島,C,,,,,,,＜3番：ソト＞二死走者なし,<3 Ban: Soto> Ni Shi Sousha Nashi,,,,,0,,,,,,,,,,,,,,,,,,,,,,,,,,,,,,,,,,,,,,,,,,,,,,,,2019-02-24 07:59:09+00:00,2019-02-24 07:59:09+00:00,0,5319,27,宜野湾,2026-10-01T20:50:19.593663
2019,2019022402,2019-02-24 13:01:00+09:00,74791573,320301.0,1,5,オープン戦,3.0,3回裏,3,山路,牧田,森,山村,,,1,3,ＤｅＮＡ,DB,,6,広島,C,,,,,,,1球目:外角低めのカーブを見逃してボール 1-0,1 Tamame: Gaikaku Hikume no Curve wo Minogashite Ball 1-0,,,,,1,,,,,,,,,,,,,,,,,,,,,,,,,,,,,,,,,,,,,,,,,,,,,,,,2019-02-24 07:59:09+00:00,2019-02-24 07:59:09+00:00,0,5319,27,宜野湾,2026-10-01T20:50:19.593663
2019,2019022402,2019-02-24 13:01:00+09:00,74791574,320302.0,1,5,オープン戦,3.0,3回裏,3,山路,牧田,森,山村,,,1,3,ＤｅＮＡ,DB,,6,広島,C,,,,,,,2球目:内角低めのカットボールを見逃してストライク 1-1,2 Tamame: Naikaku Hikume no Cut Ball wo Minogashite Strike 1-1,,,,,2,,,,,,,,,,,,,,,,,,,,,,,,,,,,,,,,,,,,,,,,,,,,,,,,2019-02-24 07:59:09+00:00,2019-02-24 07:59:09+00:00,0,5319,27,宜野湾,2026-10-01T20:50:19.593663
2019,2019022402,2019-02-24 13:01:00+09:00,74791575,320303.0,1,5,オープン戦,3.0,3回裏,3,山路,牧田,森,山村,,,1,3,ＤｅＮＡ,DB,,6,広島,C,,,,,,,3球目:外角低めのカットボールに反応するもバットが止まりボール 2-1,3 Tamame: Gaikaku Hikume no Cut Ball ni Hannou Suru mo Batto ga Tomari Ball 2-1,,,,,3,,,,,,,,,,,,,,,,,,,,,,,,,,,,,,,,,,,,,,,,,,,,,,,,2019-02-24 07:59:09+00:00,2019-02-24 07:59:09+00:00,0,5319,27,宜野湾,2026-10-01T20:50:19.593663
2019,2019022402,2019-02-24 13:01:00+09:00,74791576,320304.0,1,5,オープン戦,3.0,3回裏,3,山路,牧田,森,山村,,,1,3,ＤｅＮＡ,DB,,6,広島,C,,,,,,,4球目:外角低めの変化球を空振りストライク 2-2,4 Tamame: Gaikaku Hikume no Henka Kyuu wo Karaburi Strike 2-2,,,,,4,,,,,,,,,,,,,,,,,,,,,,,,,,,,,,,,,,,,,,,,,,,,,,,,2019-02-24 07:59:09+00:00,2019-02-24 07:59:09+00:00,0,5319,27,宜野湾,2026-10-01T20:50:19.593663
2019,2019022402,2019-02-24 13:01:00+09:00,74791577,320305.0,1,5,オープン戦,3.0,3回裏,3,山路,牧田,森,山村,,,1,3,ＤｅＮＡ,DB,,6,広島,C,,,,,,,5球目:ライトへのヒットで出塁 1塁,5 Tamame: Raito e no Hit de Shutsurui 1 Rui,,,,,5,,,,,,,,,,,,,,,,,,,,,,,,,,,,,,,,,,,,,,,,,,,,,,,,2019-02-24 07:59:09+00:00,2019-02-24 07:59:09+00:00,0,5319,27,宜野湾,2026-10-01T20:50:19.593663
2019,2019022402,2019-02-24 13:01:00+09:00,74791578,320400.0,1,5,オープン戦,3.0,3回裏,4,山路,牧田,森,山村,,,1,3,ＤｅＮＡ,DB,,6,広島,C,,,,,,,1塁ソト→代走:伊藤裕,1 Rui Soto Daisou: Itou Hiroshi,,,,,0,,,,,,,,,,,,,,,,,,,,,,,,,,,,,,,,,,,,,,,,,,,,,,,,2019-02-24 07:59:09+00:00,2019-02-24 07:59:09+00:00,0,5319,27,宜野湾,2026-10-01T20:50:19.593663
2019,2019022402,2019-02-24 13:01:00+09:00,74791579,320400.0,1,5,オープン戦,3.0,3回裏,4,山路,牧田,森,山村,,,1,3,ＤｅＮＡ,DB,,6,広島,C,,,,,,,＜4番：筒香＞二死1塁,<4 Ban: Tsutsuga> Ni Shi 1 Rui,,,,,0,,,,,,,,,,,,,,,,,,,,,,,,,,,,,,,,,,,,,,,,,,,,,,,,2019-02-24 07:59:09+00:00,2019-02-24 07:59:09+00:00,0,5319,27,宜野湾,2026-10-01T20:50:19.593663
2019,2019022402,2019-02-24 13:01:00+09:00,74791580,320401.0,1,5,オープン戦,3.0,3回裏,4,山路,牧田,森,山村,,,1,3,ＤｅＮＡ,DB,,6,広島,C,,,,,,,1球目:外角低めの変化球を見逃してボール 1-0,1 Tamame: Gaikaku Hikume no Henka Kyuu wo Minogashite Ball 1-0,,,,,1,,,,,,,,,,,,,,,,,,,,,,,,,,,,,,,,,,,,,,,,,,,,,,,,2019-02-24 07:59:09+00:00,2019-02-24 07:59:09+00:00,0,5319,27,宜野湾,2026-10-01T20:50:19.593663
2019,2019022402,2019-02-24 13:01:00+09:00,74791581,320402.0,1,5,オープン戦,3.0,3回裏,4,山路,牧田,森,山村,,,1,3,ＤｅＮＡ,DB,,6,広島,C,,,,,,,2球目:内角低めのストレートを見逃してボール 2-0,2 Tamame: Naikaku Hikume no Straight wo Minogashite Ball 2-0,,,,,2,,,,,,,,,,,,,,,,,,,,,,,,,,,,,,,,,,,,,,,,,,,,,,,,2019-02-24 07:59:09+00:00,2019-02-24 07:59:09+00:00,0,5319,27,宜野湾,2026-10-01T20:50:19.593663
2019,2019022402,2019-02-24 13:01:00+09:00,74791582,320403.0,1,5,オープン戦,3.0,3回裏,4,山路,牧田,森,山村,,,1,3,ＤｅＮＡ,DB,,6,広島,C,,,,,,,3球目:低めのストレートを打ってファウル 2-1,3 Tamame: Hikume no Straight wo Utte Foul 2-1,,,,,3,,,,,,,,,,,,,,,,,,,,,,,,,,,,,,,,,,,,,,,,,,,,,,,,2019-02-24 07:59:09+00:00,2019-02-24 07:59:09+00:00,0,5319,27,宜野湾,2026-10-01T20:50:19.593663
2019,2019022402,2019-02-24 13:01:00+09:00,74791583,320404.0,1,5,オープン戦,3.0,3回裏,4,山路,牧田,森,山村,,,1,3,ＤｅＮＡ,DB,,6,広島,C,,,,,,,4球目:外角のカットボールを見逃してストライク 2-2,4 Tamame: Gaikaku no Cut Ball wo Minogashite Strike 2-2,,,,,4,,,,,,,,,,,,,,,,,,,,,,,,,,,,,,,,,,,,,,,,,,,,,,,,2019-02-24 07:59:09+00:00,2019-02-24 07:59:09+00:00,0,5319,27,宜野湾,2026-10-01T20:50:19.593663
2019,2019022402,2019-02-24 13:01:00+09:00,74791584,320405.0,1,5,オープン戦,3.0,3回裏,4,山路,牧田,森,山村,,,1,3,ＤｅＮＡ,DB,,6,広島,C,,,,,,,5球目:2-2からセンターへタイムリーツーベース！ デ3-1広 2塁,5 Tamame:2-2 kara Center e Timely Two Base! Des 3-1 Kou2 Rui,,,,,5,,,,,,,,,,,,,,,,,,,,,,,,,,,,,,,,,,,,,,,,,,,,,,,,2019-02-24 07:59:09+00:00,2019-02-24 07:59:09+00:00,0,5319,27,宜野湾,2026-10-01T20:50:19.593663
2019,2019022402,2019-02-24 13:01:00+09:00,74791585,320500.0,1,5,オープン戦,3.0,3回裏,5,山路,牧田,森,山村,,,1,3,ＤｅＮＡ,DB,,6,広島,C,,,,,,,2塁筒香→代走:細川,2 Rui Tsutsuga Daisou: Hosokawa,,,,,0,,,,,,,,,,,,,,,,,,,,,,,,,,,,,,,,,,,,,,,,,,,,,,,,2019-02-24 07:59:09+00:00,2019-02-24 07:59:09+00:00,0,5319,27,宜野湾,2026-10-01T20:50:19.593663
2019,2019022402,2019-02-24 13:01:00+09:00,74791586,320500.0,1,5,オープン戦,3.0,3回裏,5,山路,牧田,森,山村,,,1,3,ＤｅＮＡ,DB,,6,広島,C,,,,,,,＜5番：ロペス＞二死2塁,<5 Ban: Ropesu> Ni Shi 2 Rui,,,,,0,,,,,,,,,,,,,,,,,,,,,,,,,,,,,,,,,,,,,,,,,,,,,,,,2019-02-24 07:59:09+00:00,2019-02-24 07:59:09+00:00,0,5319,27,宜野湾,2026-10-01T20:50:19.593663
2019,2019022402,2019-02-24 13:01:00+09:00,74791587,320501.0,1,5,オープン戦,3.0,3回裏,5,山路,牧田,森,山村,,,1,3,ＤｅＮＡ,DB,,6,広島,C,,,,,,,1球目:外角低めのストレートを見逃してボール 1-0,1 Tamame: Gaikaku Hikume no Straight wo Minogashite Ball 1-0,,,,,1,,,,,,,,,,,,,,,,,,,,,,,,,,,,,,,,,,,,,,,,,,,,,,,,2019-02-24 07:59:09+00:00,2019-02-24 07:59:09+00:00,0,5319,27,宜野湾,2026-10-01T20:50:19.593663
2019,2019022402,2019-02-24 13:01:00+09:00,74791588,320502.0,1,5,オープン戦,3.0,3回裏,5,山路,牧田,森,山村,,,1,3,ＤｅＮＡ,DB,,6,広島,C,,,,,,,2球目:内角のカットボールにバットが止まりボール 2-0,2 Tamame: Naikaku no Cut Ball ni Batto ga Tomari Ball 2-0,,,,,2,,,,,,,,,,,,,,,,,,,,,,,,,,,,,,,,,,,,,,,,,,,,,,,,2019-02-24 07:59:09+00:00,2019-02-24 07:59:09+00:00,0,5319,27,宜野湾,2026-10-01T20:50:19.593663
2019,2019022402,2019-02-24 13:01:00+09:00,74791589,320503.0,1,5,オープン戦,3.0,3回裏,5,山路,牧田,森,山村,,,1,3,ＤｅＮＡ,DB,,6,広島,C,,,,,,,3球目:外角低めのカットボールを打ってファウル 2-1,3 Tamame: Gaikaku Hikume no Cut Ball wo Utte Foul 2-1,,,,,3,,,,,,,,,,,,,,,,,,,,,,,,,,,,,,,,,,,,,,,,,,,,,,,,2019-02-24 07:59:09+00:00,2019-02-24 07:59:09+00:00,0,5319,27,宜野湾,2026-10-01T20:50:19.593663
2019,2019022402,2019-02-24 13:01:00+09:00,74791590,320504.0,1,5,オープン戦,3.0,3回裏,5,山路,牧田,森,山村,,,1,3,ＤｅＮＡ,DB,,6,広島,C,,,,,,,4球目:低めのストレートを見逃してボール 3-1,4 Tamame: Hikume no Straight wo Minogashite Ball 3-1,,,,,4,,,,,,,,,,,,,,,,,,,,,,,,,,,,,,,,,,,,,,,,,,,,,,,,2019-02-24 07:59:09+00:00,2019-02-24 07:59:09+00:00,0,5319,27,宜野湾,2026-10-01T20:50:19.593663
2019,2019022402,2019-02-24 13:01:00+09:00,74791591,320505.0,1,5,オープン戦,3.0,3回裏,5,山路,牧田,森,山村,,,1,3,ＤｅＮＡ,DB,,6,広島,C,,,,,,,5球目:外角低めのカットボールを打ってファウル 3-2,5 Tamame: Gaikaku Hikume no Cut Ball wo Utte Foul 3-2,,,,,5,,,,,,,,,,,,,,,,,,,,,,,,,,,,,,,,,,,,,,,,,,,,,,,,2019-02-24 07:59:09+00:00,2019-02-24 07:59:09+00:00,0,5319,27,宜野湾,2026-10-01T20:50:19.593663
2019,2019022402,2019-02-24 13:01:00+09:00,74791592,320506.0,1,5,オープン戦,3.0,3回裏,5,山路,牧田,森,山村,,,1,3,ＤｅＮＡ,DB,,6,広島,C,,,,,,,6球目:内角高めのカットボールを打ってファウル 3-2,6 Tamame: Naikaku Takame no Cut Ball wo Utte Foul 3-2,,,,,6,,,,,,,,,,,,,,,,,,,,,,,,,,,,,,,,,,,,,,,,,,,,,,,,2019-02-24 07:59:09+00:00,2019-02-24 07:59:09+00:00,0,5319,27,宜野湾,2026-10-01T20:50:19.593663
2019,2019022402,2019-02-24 13:01:00+09:00,74791593,320507.0,1,5,オープン戦,3.0,3回裏,5,山路,牧田,森,山村,,,1,3,ＤｅＮＡ,DB,,6,広島,C,,,,,,,7球目:フルカウントから空振りの三振を喫する 3アウトチェンジ,7 Tamame: Full Count kara Karaburi no Sanshin wo Kissuru 3 Out Change,,,,,7,,,,,,,,,,,,,,,,,,,,,,,,,,,,,,,,,,,,,,,,,,,,,,,,2019-02-24 07:59:09+00:00,2019-02-24 07:59:09+00:00,0,5319,27,宜野湾,2026-10-01T20:50:19.593663
2019,2019022402,2019-02-24 13:01:00+09:00,74791594,410100.0,1,5,オープン戦,4.0,4回表,1,山路,牧田,森,山村,,,1,3,ＤｅＮＡ,DB,,6,広島,C,,,,,,,4回表 デ3-1広　広島は6番メヒアからの攻撃,4 Kai Hyou Des 3-1 KouHiroshima wa 6 Ban Mehia kara no Kougeki,,,,,0,,,,,,,,,,,,,,,,,,,,,,,,,,,,,,,,,,,,,,,,,,,,,,,,2019-02-24 07:59:09+00:00,2019-02-24 07:59:09+00:00,0,5319,27,宜野湾,2026-10-01T20:50:19.593663
2019,2019022402,2019-02-24 13:01:00+09:00,74791595,410100.0,1,5,オープン戦,4.0,4回表,1,山路,牧田,森,山村,,,1,3,ＤｅＮＡ,DB,,6,広島,C,,,,,,,守備交代:ファースト佐野　守備変更:伊藤裕→セカンド　守備変更:細川→レフト,Shubi Koutai: First Sano Shubi Henkou: Itou Hiroshi Sekando Shubi Henkou: Hosokawa Left,,,,,0,,,,,,,,,,,,,,,,,,,,,,,,,,,,,,,,,,,,,,,,,,,,,,,,2019-02-24 07:59:09+00:00,2019-02-24 07:59:09+00:00,0,5319,27,宜野湾,2026-10-01T20:50:19.593663
2019,2019022402,2019-02-24 13:01:00+09:00,74791596,410100.0,1,5,オープン戦,4.0,4回表,1,山路,牧田,森,山村,,,1,3,ＤｅＮＡ,DB,,6,広島,C,,,,,,,＜6番：メヒア＞無死走者なし,<6 Ban: Mehia> Mushi Sousha Nashi,,,,,0,,,,,,,,,,,,,,,,,,,,,,,,,,,,,,,,,,,,,,,,,,,,,,,,2019-02-24 07:59:09+00:00,2019-02-24 07:59:09+00:00,0,5319,27,宜野湾,2026-10-01T20:50:19.593663
2019,2019022402,2019-02-24 13:01:00+09:00,74791597,410101.0,1,5,オープン戦,4.0,4回表,1,山路,牧田,森,山村,,,1,3,ＤｅＮＡ,DB,,6,広島,C,,,,,,,1球目:レフトへの二塁打 2塁,1 Tamame: Left e no Niruida 2 Rui,,,,,1,,,,,,,,,,,,,,,,,,,,,,,,,,,,,,,,,,,,,,,,,,,,,,,,2019-02-24 07:59:09+00:00,2019-02-24 07:59:09+00:00,0,5319,27,宜野湾,2026-10-01T20:50:19.593663
2019,2019022402,2019-02-24 13:01:00+09:00,74791598,410200.0,1,5,オープン戦,4.0,4回表,2,山路,牧田,森,山村,,,1,3,ＤｅＮＡ,DB,,6,広島,C,,,,,,,＜7番：西川＞無死2塁,<7 Ban: Nishikawa> Mushi 2 Rui,,,,,0,,,,,,,,,,,,,,,,,,,,,,,,,,,,,,,,,,,,,,,,,,,,,,,,2019-02-24 07:59:09+00:00,2019-02-24 07:59:09+00:00,0,5319,27,宜野湾,2026-10-01T20:50:19.593663
2019,2019022402,2019-02-24 13:01:00+09:00,74791599,410201.0,1,5,オープン戦,4.0,4回表,2,山路,牧田,森,山村,,,1,3,ＤｅＮＡ,DB,,6,広島,C,,,,,,,1球目:外角のストレートを見逃してストライク 0-1,1 Tamame: Gaikaku no Straight wo Minogashite Strike 0-1,,,,,1,,,,,,,,,,,,,,,,,,,,,,,,,,,,,,,,,,,,,,,,,,,,,,,,2019-02-24 07:59:09+00:00,2019-02-24 07:59:09+00:00,0,5319,27,宜野湾,2026-10-01T20:50:19.593663
2019,2019022402,2019-02-24 13:01:00+09:00,74791600,410202.0,1,5,オープン戦,4.0,4回表,2,山路,牧田,森,山村,,,1,3,ＤｅＮＡ,DB,,6,広島,C,,,,,,,2球目:外角低めのスライダーを空振りストライク 0-2,2 Tamame: Gaikaku Hikume no Slider wo Karaburi Strike 0-2,,,,,2,,,,,,,,,,,,,,,,,,,,,,,,,,,,,,,,,,,,,,,,,,,,,,,,2019-02-24 07:59:09+00:00,2019-02-24 07:59:09+00:00,0,5319,27,宜野湾,2026-10-01T20:50:19.593663
2019,2019022402,2019-02-24 13:01:00+09:00,74791601,410203.0,1,5,オープン戦,4.0,4回表,2,山路,牧田,森,山村,,,1,3,ＤｅＮＡ,DB,,6,広島,C,,,,,,,3球目:空振り三振でバッターアウト 1アウト,3 Tamame: Karaburi Sanshin de Batter Out 1 Out,,,,,3,,,,,,,,,,,,,,,,,,,,,,,,,,,,,,,,,,,,,,,,,,,,,,,,2019-02-24 07:59:09+00:00,2019-02-24 07:59:09+00:00,0,5319,27,宜野湾,2026-10-01T20:50:19.593663
2019,2019022402,2019-02-24 13:01:00+09:00,74791602,410300.0,1,5,オープン戦,4.0,4回表,3,山路,牧田,森,山村,,,1,3,ＤｅＮＡ,DB,,6,広島,C,,,,,,,＜8番：會澤＞一死2塁,<8 Ban: Aizawa> Ichi Shi 2 Rui,,,,,0,,,,,,,,,,,,,,,,,,,,,,,,,,,,,,,,,,,,,,,,,,,,,,,,2019-02-24 07:59:09+00:00,2019-02-24 07:59:09+00:00,0,5319,27,宜野湾,2026-10-01T20:50:19.593663
2019,2019022402,2019-02-24 13:01:00+09:00,74791603,410301.0,1,5,オープン戦,4.0,4回表,3,山路,牧田,森,山村,,,1,3,ＤｅＮＡ,DB,,6,広島,C,,,,,,,1球目:内角低めのストレートを見逃してボール 1-0,1 Tamame: Naikaku Hikume no Straight wo Minogashite Ball 1-0,,,,,1,,,,,,,,,,,,,,,,,,,,,,,,,,,,,,,,,,,,,,,,,,,,,,,,2019-02-24 07:59:09+00:00,2019-02-24 07:59:09+00:00,0,5319,27,宜野湾,2026-10-01T20:50:19.593663
2019,2019022402,2019-02-24 13:01:00+09:00,74791604,410302.0,1,5,オープン戦,4.0,4回表,3,山路,牧田,森,山村,,,1,3,ＤｅＮＡ,DB,,6,広島,C,,,,,,,2球目:内角低めのストレートを見逃してボール 2-0,2 Tamame: Naikaku Hikume no Straight wo Minogashite Ball 2-0,,,,,2,,,,,,,,,,,,,,,,,,,,,,,,,,,,,,,,,,,,,,,,,,,,,,,,2019-02-24 07:59:09+00:00,2019-02-24 07:59:09+00:00,0,5319,27,宜野湾,2026-10-01T20:50:19.593663
2019,2019022402,2019-02-24 13:01:00+09:00,74791605,410300.0,1,5,オープン戦,4.0,4回表,3,山路,牧田,森,山村,,,1,3,ＤｅＮＡ,DB,,6,広島,C,,,,,,,戸柱(捕):パスボール 3塁,To Hashira (Ho): Pass Ball 3 Rui,,,,,0,,,,,,,,,,,,,,,,,,,,,,,,,,,,,,,,,,,,,,,,,,,,,,,,2019-02-24 07:59:09+00:00,2019-02-24 07:59:09+00:00,0,5319,27,宜野湾,2026-10-01T20:50:19.593663
2019,2019022402,2019-02-24 13:01:00+09:00,74791606,410303.0,1,5,オープン戦,4.0,4回表,3,山路,牧田,森,山村,,,1,3,ＤｅＮＡ,DB,,6,広島,C,,,,,,,3球目:外角低めのチェンジアップを見逃してボール 3-0,3 Tamame: Gaikaku Hikume no Change Up wo Minogashite Ball 3-0,,,,,3,,,,,,,,,,,,,,,,,,,,,,,,,,,,,,,,,,,,,,,,,,,,,,,,2019-02-24 07:59:09+00:00,2019-02-24 07:59:09+00:00,0,5319,27,宜野湾,2026-10-01T20:50:19.593663
2019,2019022402,2019-02-24 13:01:00+09:00,74791607,410304.0,1,5,オープン戦,4.0,4回表,3,山路,牧田,森,山村,,,1,3,ＤｅＮＡ,DB,,6,広島,C,,,,,,,4球目:ランナー3塁の3-0からセンターへのタイムリーヒット デ3-2広 1塁,4 Tamame: Runner 3 Rui no 3-0 kara Center e no Timely Hit Des 3-2 Kou1 Rui,,,,,4,,,,,,,,,,,,,,,,,,,,,,,,,,,,,,,,,,,,,,,,,,,,,,,,2019-02-24 07:59:09+00:00,2019-02-24 07:59:09+00:00,0,5319,27,宜野湾,2026-10-01T20:50:19.593663
2019,2019022402,2019-02-24 13:01:00+09:00,74791608,410400.0,1,5,オープン戦,4.0,4回表,4,山路,牧田,森,山村,,,1,3,ＤｅＮＡ,DB,,6,広島,C,,,,,,,＜9番：堂林＞一死1塁,<9 Ban: Dou Rin> Ichi Shi 1 Rui,,,,,0,,,,,,,,,,,,,,,,,,,,,,,,,,,,,,,,,,,,,,,,,,,,,,,,2019-02-24 07:59:09+00:00,2019-02-24 07:59:09+00:00,0,5319,27,宜野湾,2026-10-01T20:50:19.593663
2019,2019022402,2019-02-24 13:01:00+09:00,74791609,410401.0,1,5,オープン戦,4.0,4回表,4,山路,牧田,森,山村,,,1,3,ＤｅＮＡ,DB,,6,広島,C,,,,,,,1球目:内角低めの変化球を見逃してボール 1-0,1 Tamame: Naikaku Hikume no Henka Kyuu wo Minogashite Ball 1-0,,,,,1,,,,,,,,,,,,,,,,,,,,,,,,,,,,,,,,,,,,,,,,,,,,,,,,2019-02-24 07:59:09+00:00,2019-02-24 07:59:09+00:00,0,5319,27,宜野湾,2026-10-01T20:50:19.593663
2019,2019022402,2019-02-24 13:01:00+09:00,74791610,410402.0,1,5,オープン戦,4.0,4回表,4,山路,牧田,森,山村,,,1,3,ＤｅＮＡ,DB,,6,広島,C,,,,,,,2球目:高めのストレートを打つもセンターフライ 2アウト,2 Tamame: Takame no Straight wo Utsu mo Center Fly 2 Out,,,,,2,,,,,,,,,,,,,,,,,,,,,,,,,,,,,,,,,,,,,,,,,,,,,,,,2019-02-24 07:59:09+00:00,2019-02-24 07:59:09+00:00,0,5319,27,宜野湾,2026-10-01T20:50:19.593663
2019,2019022402,2019-02-24 13:01:00+09:00,74791611,410500.0,1,5,オープン戦,4.0,4回表,5,山路,牧田,森,山村,,,1,3,ＤｅＮＡ,DB,,6,広島,C,,,,,,,＜1番：田中広＞二死1塁,<1 Ban: Tanaka Hiroshi> Ni Shi 1 Rui,,,,,0,,,,,,,,,,,,,,,,,,,,,,,,,,,,,,,,,,,,,,,,,,,,,,,,2019-02-24 07:59:09+00:00,2019-02-24 07:59:09+00:00,0,5319,27,宜野湾,2026-10-01T20:50:19.593663
2019,2019022402,2019-02-24 13:01:00+09:00,74791612,410501.0,1,5,オープン戦,4.0,4回表,5,山路,牧田,森,山村,,,1,3,ＤｅＮＡ,DB,,6,広島,C,,,,,,,1球目:外角低めの変化球を見逃してボール 1-0,1 Tamame: Gaikaku Hikume no Henka Kyuu wo Minogashite Ball 1-0,,,,,1,,,,,,,,,,,,,,,,,,,,,,,,,,,,,,,,,,,,,,,,,,,,,,,,2019-02-24 07:59:09+00:00,2019-02-24 07:59:09+00:00,0,5319,27,宜野湾,2026-10-01T20:50:19.593663
2019,2019022402,2019-02-24 13:01:00+09:00,74791613,410502.0,1,5,オープン戦,4.0,4回表,5,山路,牧田,森,山村,,,1,3,ＤｅＮＡ,DB,,6,広島,C,,,,,,,2球目:低めの変化球を見逃してボール 2-0,2 Tamame: Hikume no Henka Kyuu wo Minogashite Ball 2-0,,,,,2,,,,,,,,,,,,,,,,,,,,,,,,,,,,,,,,,,,,,,,,,,,,,,,,2019-02-24 07:59:09+00:00,2019-02-24 07:59:09+00:00,0,5319,27,宜野湾,2026-10-01T20:50:19.593663
2019,2019022402,2019-02-24 13:01:00+09:00,74791614,410503.0,1,5,オープン戦,4.0,4回表,5,山路,牧田,森,山村,,,1,3,ＤｅＮＡ,DB,,6,広島,C,,,,,,,3球目:ど真ん中の真っ直ぐを打つもセンターフライ 3アウトチェンジ,3 Tamame: Domannaka no Massugu wo Utsu mo Center Fly 3 Out Change,,,,,3,,,,,,,,,,,,,,,,,,,,,,,,,,,,,,,,,,,,,,,,,,,,,,,,2019-02-24 07:59:09+00:00,2019-02-24 07:59:09+00:00,0,5319,27,宜野湾,2026-10-01T20:50:19.593663
2019,2019022402,2019-02-24 13:01:00+09:00,74791615,420100.0,1,5,オープン戦,4.0,4回裏,1,山路,牧田,森,山村,,,1,3,ＤｅＮＡ,DB,,6,広島,C,,,,,,,4回裏 デ3-2広　ＤｅＮＡは6番戸柱からの攻撃,4 Kai Ura Des 3-2 KouDeNA wa 6 Ban Ko Hashira kara no Kougeki,,,,,0,,,,,,,,,,,,,,,,,,,,,,,,,,,,,,,,,,,,,,,,,,,,,,,,2019-02-24 07:59:09+00:00,2019-02-24 07:59:09+00:00,0,5319,27,宜野湾,2026-10-01T20:50:19.593663
2019,2019022402,2019-02-24 13:01:00+09:00,74791616,420100.0,1,5,オープン戦,4.0,4回裏,1,山路,牧田,森,山村,,,1,3,ＤｅＮＡ,DB,,6,広島,C,,,,,,,投手交代:大瀬良→床田　守備交代:ショート小園　守備交代:セカンド曽根,Toushu Koutai: Oose Ryou Tokoda Shubi Koutai: Short Kozono Shubi Koutai: Sekando Sone,,,,,0,,,,,,,,,,,,,,,,,,,,,,,,,,,,,,,,,,,,,,,,,,,,,,,,2019-02-24 07:59:09+00:00,2019-02-24 07:59:09+00:00,0,5319,27,宜野湾,2026-10-01T20:50:19.593663
2019,2019022402,2019-02-24 13:01:00+09:00,74791617,420100.0,1,5,オープン戦,4.0,4回裏,1,山路,牧田,森,山村,,,1,3,ＤｅＮＡ,DB,,6,広島,C,,,,,,,＜6番：戸柱＞無死走者なし,<6 Ban: To Hashira> Mushi Sousha Nashi,,,,,0,,,,,,,,,,,,,,,,,,,,,,,,,,,,,,,,,,,,,,,,,,,,,,,,2019-02-24 07:59:09+00:00,2019-02-24 07:59:09+00:00,0,5319,27,宜野湾,2026-10-01T20:50:19.593663
2019,2019022402,2019-02-24 13:01:00+09:00,74791618,420101.0,1,5,オープン戦,4.0,4回裏,1,山路,牧田,森,山村,,,1,3,ＤｅＮＡ,DB,,6,広島,C,,,,,,,1球目:外角低めのスライダーを見逃してストライク 0-1,1 Tamame: Gaikaku Hikume no Slider wo Minogashite Strike 0-1,,,,,1,,,,,,,,,,,,,,,,,,,,,,,,,,,,,,,,,,,,,,,,,,,,,,,,2019-02-24 07:59:09+00:00,2019-02-24 07:59:09+00:00,0,5319,27,宜野湾,2026-10-01T20:50:19.593663
2019,2019022402,2019-02-24 13:01:00+09:00,74791619,420102.0,1,5,オープン戦,4.0,4回裏,1,山路,牧田,森,山村,,,1,3,ＤｅＮＡ,DB,,6,広島,C,,,,,,,2球目:外角のストレートを見逃してストライク 0-2,2 Tamame: Gaikaku no Straight wo Minogashite Strike 0-2,,,,,2,,,,,,,,,,,,,,,,,,,,,,,,,,,,,,,,,,,,,,,,,,,,,,,,2019-02-24 07:59:09+00:00,2019-02-24 07:59:09+00:00,0,5319,27,宜野湾,2026-10-01T20:50:19.593663
2019,2019022402,2019-02-24 13:01:00+09:00,74791620,420103.0,1,5,オープン戦,4.0,4回裏,1,山路,牧田,森,山村,,,1,3,ＤｅＮＡ,DB,,6,広島,C,,,,,,,3球目:外角低めのストレートを見逃してボール 1-2,3 Tamame: Gaikaku Hikume no Straight wo Minogashite Ball 1-2,,,,,3,,,,,,,,,,,,,,,,,,,,,,,,,,,,,,,,,,,,,,,,,,,,,,,,2019-02-24 07:59:09+00:00,2019-02-24 07:59:09+00:00,0,5319,27,宜野湾,2026-10-01T20:50:19.593663
2019,2019022402,2019-02-24 13:01:00+09:00,74791621,420104.0,1,5,オープン戦,4.0,4回裏,1,山路,牧田,森,山村,,,1,3,ＤｅＮＡ,DB,,6,広島,C,,,,,,,4球目:ショートゴロ 1アウト,4 Tamame: Short Grounder 1 Out,,,,,4,,,,,,,,,,,,,,,,,,,,,,,,,,,,,,,,,,,,,,,,,,,,,,,,2019-02-24 07:59:09+00:00,2019-02-24 07:59:09+00:00,0,5319,27,宜野湾,2026-10-01T20:50:19.593663
2019,2019022402,2019-02-24 13:01:00+09:00,74791622,420200.0,1,5,オープン戦,4.0,4回裏,2,山路,牧田,森,山村,,,1,3,ＤｅＮＡ,DB,,6,広島,C,,,,,,,＜7番：中井＞一死走者なし,<7 Ban: Nakai> Ichi Shi Sousha Nashi,,,,,0,,,,,,,,,,,,,,,,,,,,,,,,,,,,,,,,,,,,,,,,,,,,,,,,2019-02-24 07:59:09+00:00,2019-02-24 07:59:09+00:00,0,5319,27,宜野湾,2026-10-01T20:50:19.593663
2019,2019022402,2019-02-24 13:01:00+09:00,74791623,420201.0,1,5,オープン戦,4.0,4回裏,2,山路,牧田,森,山村,,,1,3,ＤｅＮＡ,DB,,6,広島,C,,,,,,,1球目:内角低めの変化球を見逃してボール 1-0,1 Tamame: Naikaku Hikume no Henka Kyuu wo Minogashite Ball 1-0,,,,,1,,,,,,,,,,,,,,,,,,,,,,,,,,,,,,,,,,,,,,,,,,,,,,,,2019-02-24 07:59:09+00:00,2019-02-24 07:59:09+00:00,0,5319,27,宜野湾,2026-10-01T20:50:19.593663
2019,2019022402,2019-02-24 13:01:00+09:00,74791624,420202.0,1,5,オープン戦,4.0,4回裏,2,山路,牧田,森,山村,,,1,3,ＤｅＮＡ,DB,,6,広島,C,,,,,,,2球目:外角高めのストレートを見逃してストライク 1-1,2 Tamame: Gaikaku Takame no Straight wo Minogashite Strike 1-1,,,,,2,,,,,,,,,,,,,,,,,,,,,,,,,,,,,,,,,,,,,,,,,,,,,,,,2019-02-24 07:59:09+00:00,2019-02-24 07:59:09+00:00,0,5319,27,宜野湾,2026-10-01T20:50:19.593663
2019,2019022402,2019-02-24 13:01:00+09:00,74791625,420203.0,1,5,オープン戦,4.0,4回裏,2,山路,牧田,森,山村,,,1,3,ＤｅＮＡ,DB,,6,広島,C,,,,,,,3球目:内角のストレートを見逃してストライク 1-2,3 Tamame: Naikaku no Straight wo Minogashite Strike 1-2,,,,,3,,,,,,,,,,,,,,,,,,,,,,,,,,,,,,,,,,,,,,,,,,,,,,,,2019-02-24 07:59:09+00:00,2019-02-24 07:59:09+00:00,0,5319,27,宜野湾,2026-10-01T20:50:19.593663
2019,2019022402,2019-02-24 13:01:00+09:00,74791626,420204.0,1,5,オープン戦,4.0,4回裏,2,山路,牧田,森,山村,,,1,3,ＤｅＮＡ,DB,,6,広島,C,,,,,,,4球目:空振りの三振を喫する 2アウト,4 Tamame: Karaburi no Sanshin wo Kissuru 2 Out,,,,,4,,,,,,,,,,,,,,,,,,,,,,,,,,,,,,,,,,,,,,,,,,,,,,,,2019-02-24 07:59:09+00:00,2019-02-24 07:59:09+00:00,0,5319,27,宜野湾,2026-10-01T20:50:19.593663
2019,2019022402,2019-02-24 13:01:00+09:00,74791627,420300.0,1,5,オープン戦,4.0,4回裏,3,山路,牧田,森,山村,,,1,3,ＤｅＮＡ,DB,,6,広島,C,,,,,,,＜8番：倉本＞二死走者なし,<8 Ban: Kuramoto> Ni Shi Sousha Nashi,,,,,0,,,,,,,,,,,,,,,,,,,,,,,,,,,,,,,,,,,,,,,,,,,,,,,,2019-02-24 07:59:09+00:00,2019-02-24 07:59:09+00:00,0,5319,27,宜野湾,2026-10-01T20:50:19.593663
2019,2019022402,2019-02-24 13:01:00+09:00,74791628,420301.0,1,5,オープン戦,4.0,4回裏,3,山路,牧田,森,山村,,,1,3,ＤｅＮＡ,DB,,6,広島,C,,,,,,,1球目:初球から打ちにいくもファウル 0-1,1 Tamame: Shokyuu kara Uchi ni Iku mo Foul 0-1,,,,,1,,,,,,,,,,,,,,,,,,,,,,,,,,,,,,,,,,,,,,,,,,,,,,,,2019-02-24 07:59:09+00:00,2019-02-24 07:59:09+00:00,0,5319,27,宜野湾,2026-10-01T20:50:19.593663
2019,2019022402,2019-02-24 13:01:00+09:00,74791629,420302.0,1,5,オープン戦,4.0,4回裏,3,山路,牧田,森,山村,,,1,3,ＤｅＮＡ,DB,,6,広島,C,,,,,,,2球目:内角のストレートを見逃してボール 1-1,2 Tamame: Naikaku no Straight wo Minogashite Ball 1-1,,,,,2,,,,,,,,,,,,,,,,,,,,,,,,,,,,,,,,,,,,,,,,,,,,,,,,2019-02-24 07:59:09+00:00,2019-02-24 07:59:09+00:00,0,5319,27,宜野湾,2026-10-01T20:50:19.593663
2019,2019022402,2019-02-24 13:01:00+09:00,74791630,420303.0,1,5,オープン戦,4.0,4回裏,3,山路,牧田,森,山村,,,1,3,ＤｅＮＡ,DB,,6,広島,C,,,,,,,3球目:つまった打球はセカンドゴロ 3アウトチェンジ,3 Tamame: Tsumatta Dakyuu wa Sekando Grounder 3 Out Change,,,,,3,,,,,,,,,,,,,,,,,,,,,,,,,,,,,,,,,,,,,,,,,,,,,,,,2019-02-24 07:59:09+00:00,2019-02-24 07:59:09+00:00,0,5319,27,宜野湾,2026-10-01T20:50:19.593663
2019,2019022402,2019-02-24 13:01:00+09:00,74791631,510100.0,1,5,オープン戦,5.0,5回表,1,山路,牧田,森,山村,,,1,3,ＤｅＮＡ,DB,,6,広島,C,,,,,,,5回表 デ3-2広　広島は2番曽根からの攻撃,5 Kai Hyou Des 3-2 KouHiroshima wa 2 Ban Sone kara no Kougeki,,,,,0,,,,,,,,,,,,,,,,,,,,,,,,,,,,,,,,,,,,,,,,,,,,,,,,2019-02-24 07:59:09+00:00,2019-02-24 07:59:09+00:00,0,5319,27,宜野湾,2026-10-01T20:50:19.593663
2019,2019022402,2019-02-24 13:01:00+09:00,74791632,510100.0,1,5,オープン戦,5.0,5回表,1,山路,牧田,森,山村,,,1,3,ＤｅＮＡ,DB,,6,広島,C,,,,,,,投手交代:石田→今永,Toushu Koutai: Ishida Ima Hisashi,,,,,0,,,,,,,,,,,,,,,,,,,,,,,,,,,,,,,,,,,,,,,,,,,,,,,,2019-02-24 07:59:09+00:00,2019-02-24 07:59:09+00:00,0,5319,27,宜野湾,2026-10-01T20:50:19.593663
2019,2019022402,2019-02-24 13:01:00+09:00,74791633,510100.0,1,5,オープン戦,5.0,5回表,1,山路,牧田,森,山村,,,1,3,ＤｅＮＡ,DB,,6,広島,C,,,,,,,＜2番：曽根＞無死走者なし,<2 Ban: Sone> Mushi Sousha Nashi,,,,,0,,,,,,,,,,,,,,,,,,,,,,,,,,,,,,,,,,,,,,,,,,,,,,,,2019-02-24 07:59:09+00:00,2019-02-24 07:59:09+00:00,0,5319,27,宜野湾,2026-10-01T20:50:19.593663
2019,2019022402,2019-02-24 13:01:00+09:00,74791634,510101.0,1,5,オープン戦,5.0,5回表,1,山路,牧田,森,山村,,,1,3,ＤｅＮＡ,DB,,6,広島,C,,,,,,,1球目:外角高めのストレートを空振りストライク 0-1,1 Tamame: Gaikaku Takame no Straight wo Karaburi Strike 0-1,,,,,1,,,,,,,,,,,,,,,,,,,,,,,,,,,,,,,,,,,,,,,,,,,,,,,,2019-02-24 07:59:09+00:00,2019-02-24 07:59:09+00:00,0,5319,27,宜野湾,2026-10-01T20:50:19.593663
2019,2019022402,2019-02-24 13:01:00+09:00,74791635,510102.0,1,5,オープン戦,5.0,5回表,1,山路,牧田,森,山村,,,1,3,ＤｅＮＡ,DB,,6,広島,C,,,,,,,2球目:外角高めのストレートを空振りストライク 0-2,2 Tamame: Gaikaku Takame no Straight wo Karaburi Strike 0-2,,,,,2,,,,,,,,,,,,,,,,,,,,,,,,,,,,,,,,,,,,,,,,,,,,,,,,2019-02-24 07:59:09+00:00,2019-02-24 07:59:09+00:00,0,5319,27,宜野湾,2026-10-01T20:50:19.593663
2019,2019022402,2019-02-24 13:01:00+09:00,74791636,510103.0,1,5,オープン戦,5.0,5回表,1,山路,牧田,森,山村,,,1,3,ＤｅＮＡ,DB,,6,広島,C,,,,,,,3球目:見逃し三振でバッターアウト！ 1アウト,3 Tamame: Minogashi Sanshin de Batter Out! 1 Out,,,,,3,,,,,,,,,,,,,,,,,,,,,,,,,,,,,,,,,,,,,,,,,,,,,,,,2019-02-24 07:59:09+00:00,2019-02-24 07:59:09+00:00,0,5319,27,宜野湾,2026-10-01T20:50:19.593663
2019,2019022402,2019-02-24 13:01:00+09:00,74791637,510200.0,1,5,オープン戦,5.0,5回表,2,山路,牧田,森,山村,,,1,3,ＤｅＮＡ,DB,,6,広島,C,,,,,,,＜3番：坂倉＞一死走者なし,<3 Ban: Sakakura> Ichi Shi Sousha Nashi,,,,,0,,,,,,,,,,,,,,,,,,,,,,,,,,,,,,,,,,,,,,,,,,,,,,,,2019-02-24 07:59:09+00:00,2019-02-24 07:59:09+00:00,0,5319,27,宜野湾,2026-10-01T20:50:19.593663
2019,2019022402,2019-02-24 13:01:00+09:00,74791638,510201.0,1,5,オープン戦,5.0,5回表,2,山路,牧田,森,山村,,,1,3,ＤｅＮＡ,DB,,6,広島,C,,,,,,,1球目:外角低めのストレートを見逃してボール 1-0,1 Tamame: Gaikaku Hikume no Straight wo Minogashite Ball 1-0,,,,,1,,,,,,,,,,,,,,,,,,,,,,,,,,,,,,,,,,,,,,,,,,,,,,,,2019-02-24 07:59:09+00:00,2019-02-24 07:59:09+00:00,0,5319,27,宜野湾,2026-10-01T20:50:19.593663
2019,2019022402,2019-02-24 13:01:00+09:00,74791639,510202.0,1,5,オープン戦,5.0,5回表,2,山路,牧田,森,山村,,,1,3,ＤｅＮＡ,DB,,6,広島,C,,,,,,,2球目:外角低めのストレートを見逃してボール 2-0,2 Tamame: Gaikaku Hikume no Straight wo Minogashite Ball 2-0,,,,,2,,,,,,,,,,,,,,,,,,,,,,,,,,,,,,,,,,,,,,,,,,,,,,,,2019-02-24 07:59:09+00:00,2019-02-24 07:59:09+00:00,0,5319,27,宜野湾,2026-10-01T20:50:19.593663
2019,2019022402,2019-02-24 13:01:00+09:00,74791640,510203.0,1,5,オープン戦,5.0,5回表,2,山路,牧田,森,山村,,,1,3,ＤｅＮＡ,DB,,6,広島,C,,,,,,,3球目:外角低めのストレートを打ってファウル 2-1,3 Tamame: Gaikaku Hikume no Straight wo Utte Foul 2-1,,,,,3,,,,,,,,,,,,,,,,,,,,,,,,,,,,,,,,,,,,,,,,,,,,,,,,2019-02-24 07:59:09+00:00,2019-02-24 07:59:09+00:00,0,5319,27,宜野湾,2026-10-01T20:50:19.593663
2019,2019022402,2019-02-24 13:01:00+09:00,74791641,510204.0,1,5,オープン戦,5.0,5回表,2,山路,牧田,森,山村,,,1,3,ＤｅＮＡ,DB,,6,広島,C,,,,,,,4球目:外角低めのストレートを見逃してボール 3-1,4 Tamame: Gaikaku Hikume no Straight wo Minogashite Ball 3-1,,,,,4,,,,,,,,,,,,,,,,,,,,,,,,,,,,,,,,,,,,,,,,,,,,,,,,2019-02-24 07:59:09+00:00,2019-02-24 07:59:09+00:00,0,5319,27,宜野湾,2026-10-01T20:50:19.593663
2019,2019022402,2019-02-24 13:01:00+09:00,74791642,510205.0,1,5,オープン戦,5.0,5回表,2,山路,牧田,森,山村,,,1,3,ＤｅＮＡ,DB,,6,広島,C,,,,,,,5球目:フォアボールを選ぶ 1塁,5 Tamame: Four Ball wo Erabu 1 Rui,,,,,5,,,,,,,,,,,,,,,,,,,,,,,,,,,,,,,,,,,,,,,,,,,,,,,,2019-02-24 07:59:09+00:00,2019-02-24 07:59:09+00:00,0,5319,27,宜野湾,2026-10-01T20:50:19.593663
2019,2019022402,2019-02-24 13:01:00+09:00,74791643,510300.0,1,5,オープン戦,5.0,5回表,3,山路,牧田,森,山村,,,1,3,ＤｅＮＡ,DB,,6,広島,C,,,,,,,＜4番：鈴木＞一死1塁,<4 Ban: Suzuki> Ichi Shi 1 Rui,,,,,0,,,,,,,,,,,,,,,,,,,,,,,,,,,,,,,,,,,,,,,,,,,,,,,,2019-02-24 07:59:09+00:00,2019-02-24 07:59:09+00:00,0,5319,27,宜野湾,2026-10-01T20:50:19.593663
2019,2019022402,2019-02-24 13:01:00+09:00,74791644,510301.0,1,5,オープン戦,5.0,5回表,3,山路,牧田,森,山村,,,1,3,ＤｅＮＡ,DB,,6,広島,C,,,,,,,1球目:初球から打ちにいくもファウル 0-1,1 Tamame: Shokyuu kara Uchi ni Iku mo Foul 0-1,,,,,1,,,,,,,,,,,,,,,,,,,,,,,,,,,,,,,,,,,,,,,,,,,,,,,,2019-02-24 07:59:09+00:00,2019-02-24 07:59:09+00:00,0,5319,27,宜野湾,2026-10-01T20:50:19.593663
2019,2019022402,2019-02-24 13:01:00+09:00,74791645,510302.0,1,5,オープン戦,5.0,5回表,3,山路,牧田,森,山村,,,1,3,ＤｅＮＡ,DB,,6,広島,C,,,,,,,2球目:セカンドゴロ 2アウト1塁,2 Tamame: Sekando Grounder 2 Out 1 Rui,,,,,2,,,,,,,,,,,,,,,,,,,,,,,,,,,,,,,,,,,,,,,,,,,,,,,,2019-02-24 07:59:09+00:00,2019-02-24 07:59:09+00:00,0,5319,27,宜野湾,2026-10-01T20:50:19.593663
2019,2019022402,2019-02-24 13:01:00+09:00,74791646,510400.0,1,5,オープン戦,5.0,5回表,4,山路,牧田,森,山村,,,1,3,ＤｅＮＡ,DB,,6,広島,C,,,,,,,長野→代打:バティスタ　1塁鈴木→代走:正隨,Nagano Daida: Batisuta 1 Rui Suzuki Daisou: Sei ?,,,,,0,,,,,,,,,,,,,,,,,,,,,,,,,,,,,,,,,,,,,,,,,,,,,,,,2019-02-24 07:59:09+00:00,2019-02-24 07:59:09+00:00,0,5319,27,宜野湾,2026-10-01T20:50:19.593663
2019,2019022402,2019-02-24 13:01:00+09:00,74791647,510400.0,1,5,オープン戦,5.0,5回表,4,山路,牧田,森,山村,,,1,3,ＤｅＮＡ,DB,,6,広島,C,,,,,,,＜代打：バティスタ＞二死1塁,< Daida: Batisuta> Ni Shi 1 Rui,,,,,0,,,,,,,,,,,,,,,,,,,,,,,,,,,,,,,,,,,,,,,,,,,,,,,,2019-02-24 07:59:09+00:00,2019-02-24 07:59:09+00:00,0,5319,27,宜野湾,2026-10-01T20:50:19.593663
2019,2019022402,2019-02-24 13:01:00+09:00,74791648,510400.0,1,5,オープン戦,5.0,5回表,4,山路,牧田,森,山村,,,1,3,ＤｅＮＡ,DB,,6,広島,C,,,,,,,1塁けん制:ランナー正隨帰塁,1 Rui Kensei: Runnersei ? Kirui,,,,,0,,,,,,,,,,,,,,,,,,,,,,,,,,,,,,,,,,,,,,,,,,,,,,,,2019-02-24 07:59:09+00:00,2019-02-24 07:59:09+00:00,0,5319,27,宜野湾,2026-10-01T20:50:19.593663
2019,2019022402,2019-02-24 13:01:00+09:00,74791649,510400.0,1,5,オープン戦,5.0,5回表,4,山路,牧田,森,山村,,,1,3,ＤｅＮＡ,DB,,6,広島,C,,,,,,,また1塁けん制:ランナー正隨帰塁,Mata 1 Rui Kensei: Runnersei ? Kirui,,,,,0,,,,,,,,,,,,,,,,,,,,,,,,,,,,,,,,,,,,,,,,,,,,,,,,2019-02-24 07:59:09+00:00,2019-02-24 07:59:09+00:00,0,5319,27,宜野湾,2026-10-01T20:50:19.593663
2019,2019022402,2019-02-24 13:01:00+09:00,74791650,510401.0,1,5,オープン戦,5.0,5回表,4,山路,牧田,森,山村,,,1,3,ＤｅＮＡ,DB,,6,広島,C,,,,,,,1球目:サードフライ 3アウトチェンジ,1 Tamame: Third Fly 3 Out Change,,,,,1,,,,,,,,,,,,,,,,,,,,,,,,,,,,,,,,,,,,,,,,,,,,,,,,2019-02-24 07:59:09+00:00,2019-02-24 07:59:09+00:00,0,5319,27,宜野湾,2026-10-01T20:50:19.593663
2019,2019022402,2019-02-24 13:01:00+09:00,74791651,520100.0,1,5,オープン戦,5.0,5回裏,1,山路,牧田,森,山村,,,1,3,ＤｅＮＡ,DB,,6,広島,C,,,,,,,5回裏 デ3-2広　ＤｅＮＡは9番楠本からの攻撃,5 Kai Ura Des 3-2 KouDeNA wa 9 Ban Kusumoto kara no Kougeki,,,,,0,,,,,,,,,,,,,,,,,,,,,,,,,,,,,,,,,,,,,,,,,,,,,,,,2019-02-24 07:59:09+00:00,2019-02-24 07:59:09+00:00,0,5319,27,宜野湾,2026-10-01T20:50:19.593663
2019,2019022402,2019-02-24 13:01:00+09:00,74791652,520100.0,1,5,オープン戦,5.0,5回裏,1,山路,牧田,森,山村,,,1,3,ＤｅＮＡ,DB,,6,広島,C,,,,,,,守備変更:正隨→ライト,Shubi Henkou: Sei ? Raito,,,,,0,,,,,,,,,,,,,,,,,,,,,,,,,,,,,,,,,,,,,,,,,,,,,,,,2019-02-24 07:59:09+00:00,2019-02-24 07:59:09+00:00,0,5319,27,宜野湾,2026-10-01T20:50:19.593663
2019,2019022402,2019-02-24 13:01:00+09:00,74791653,520100.0,1,5,オープン戦,5.0,5回裏,1,山路,牧田,森,山村,,,1,3,ＤｅＮＡ,DB,,6,広島,C,,,,,,,＜9番：楠本＞無死走者なし,<9 Ban: Kusumoto> Mushi Sousha Nashi,,,,,0,,,,,,,,,,,,,,,,,,,,,,,,,,,,,,,,,,,,,,,,,,,,,,,,2019-02-24 07:59:09+00:00,2019-02-24 07:59:09+00:00,0,5319,27,宜野湾,2026-10-01T20:50:19.593663
2019,2019022402,2019-02-24 13:01:00+09:00,74791654,520101.0,1,5,オープン戦,5.0,5回裏,1,山路,牧田,森,山村,,,1,3,ＤｅＮＡ,DB,,6,広島,C,,,,,,,1球目:初球から打ちにいくもファウル 0-1,1 Tamame: Shokyuu kara Uchi ni Iku mo Foul 0-1,,,,,1,,,,,,,,,,,,,,,,,,,,,,,,,,,,,,,,,,,,,,,,,,,,,,,,2019-02-24 07:59:09+00:00,2019-02-24 07:59:09+00:00,0,5319,27,宜野湾,2026-10-01T20:50:19.593663
2019,2019022402,2019-02-24 13:01:00+09:00,74791655,520102.0,1,5,オープン戦,5.0,5回裏,1,山路,牧田,森,山村,,,1,3,ＤｅＮＡ,DB,,6,広島,C,,,,,,,2球目:ワンバウンドのスライダーを見逃してボール 1-1,2 Tamame: One Bound no Slider wo Minogashite Ball 1-1,,,,,2,,,,,,,,,,,,,,,,,,,,,,,,,,,,,,,,,,,,,,,,,,,,,,,,2019-02-24 07:59:09+00:00,2019-02-24 07:59:09+00:00,0,5319,27,宜野湾,2026-10-01T20:50:19.593663
2019,2019022402,2019-02-24 13:01:00+09:00,74791656,520103.0,1,5,オープン戦,5.0,5回裏,1,山路,牧田,森,山村,,,1,3,ＤｅＮＡ,DB,,6,広島,C,,,,,,,3球目:内角のストレートを打ってファウル 1-2,3 Tamame: Naikaku no Straight wo Utte Foul 1-2,,,,,3,,,,,,,,,,,,,,,,,,,,,,,,,,,,,,,,,,,,,,,,,,,,,,,,2019-02-24 07:59:09+00:00,2019-02-24 07:59:09+00:00,0,5319,27,宜野湾,2026-10-01T20:50:19.593663
2019,2019022402,2019-02-24 13:01:00+09:00,74791657,520104.0,1,5,オープン戦,5.0,5回裏,1,山路,牧田,森,山村,,,1,3,ＤｅＮＡ,DB,,6,広島,C,,,,,,,4球目:ワンバウンドのスライダーを見逃してボール 2-2,4 Tamame: One Bound no Slider wo Minogashite Ball 2-2,,,,,4,,,,,,,,,,,,,,,,,,,,,,,,,,,,,,,,,,,,,,,,,,,,,,,,2019-02-24 07:59:09+00:00,2019-02-24 07:59:09+00:00,0,5319,27,宜野湾,2026-10-01T20:50:19.593663
2019,2019022402,2019-02-24 13:01:00+09:00,74791658,520105.0,1,5,オープン戦,5.0,5回裏,1,山路,牧田,森,山村,,,1,3,ＤｅＮＡ,DB,,6,広島,C,,,,,,,5球目:高めのスライダーを打ってファウル 2-2,5 Tamame: Takame no Slider wo Utte Foul 2-2,,,,,5,,,,,,,,,,,,,,,,,,,,,,,,,,,,,,,,,,,,,,,,,,,,,,,,2019-02-24 07:59:09+00:00,2019-02-24 07:59:09+00:00,0,5319,27,宜野湾,2026-10-01T20:50:19.593663
2019,2019022402,2019-02-24 13:01:00+09:00,74791659,520106.0,1,5,オープン戦,5.0,5回裏,1,山路,牧田,森,山村,,,1,3,ＤｅＮＡ,DB,,6,広島,C,,,,,,,6球目:高めのストレートを打ってファウル 2-2,6 Tamame: Takame no Straight wo Utte Foul 2-2,,,,,6,,,,,,,,,,,,,,,,,,,,,,,,,,,,,,,,,,,,,,,,,,,,,,,,2019-02-24 07:59:09+00:00,2019-02-24 07:59:09+00:00,0,5319,27,宜野湾,2026-10-01T20:50:19.593663
2019,2019022402,2019-02-24 13:01:00+09:00,74791660,520107.0,1,5,オープン戦,5.0,5回裏,1,山路,牧田,森,山村,,,1,3,ＤｅＮＡ,DB,,6,広島,C,,,,,,,7球目:内角低めのフォークを見逃してボール 3-2,7 Tamame: Naikaku Hikume no Fork wo Minogashite Ball 3-2,,,,,7,,,,,,,,,,,,,,,,,,,,,,,,,,,,,,,,,,,,,,,,,,,,,,,,2019-02-24 07:59:09+00:00,2019-02-24 07:59:09+00:00,0,5319,27,宜野湾,2026-10-01T20:50:19.593663
2019,2019022402,2019-02-24 13:01:00+09:00,74791661,520108.0,1,5,オープン戦,5.0,5回裏,1,山路,牧田,森,山村,,,1,3,ＤｅＮＡ,DB,,6,広島,C,,,,,,,8球目:この球も粘ってファウル 3-2,8 Tamame: Kono Tama mo Nebatte Foul 3-2,,,,,8,,,,,,,,,,,,,,,,,,,,,,,,,,,,,,,,,,,,,,,,,,,,,,,,2019-02-24 07:59:09+00:00,2019-02-24 07:59:09+00:00,0,5319,27,宜野湾,2026-10-01T20:50:19.593663
2019,2019022402,2019-02-24 13:01:00+09:00,74791662,520109.0,1,5,オープン戦,5.0,5回裏,1,山路,牧田,森,山村,,,1,3,ＤｅＮＡ,DB,,6,広島,C,,,,,,,9球目:外角のストレートを打ってファウル 3-2,9 Tamame: Gaikaku no Straight wo Utte Foul 3-2,,,,,9,,,,,,,,,,,,,,,,,,,,,,,,,,,,,,,,,,,,,,,,,,,,,,,,2019-02-24 07:59:09+00:00,2019-02-24 07:59:09+00:00,0,5319,27,宜野湾,2026-10-01T20:50:19.593663
2019,2019022402,2019-02-24 13:01:00+09:00,74791663,520110.0,1,5,オープン戦,5.0,5回裏,1,山路,牧田,森,山村,,,1,3,ＤｅＮＡ,DB,,6,広島,C,,,,,,,10球目:ライトへのヒットで出塁 1塁,10 Tamame: Raito e no Hit de Shutsurui 1 Rui,,,,,10,,,,,,,,,,,,,,,,,,,,,,,,,,,,,,,,,,,,,,,,,,,,,,,,2019-02-24 07:59:09+00:00,2019-02-24 07:59:09+00:00,0,5319,27,宜野湾,2026-10-01T20:50:19.593663
2019,2019022402,2019-02-24 13:01:00+09:00,74791664,520200.0,1,5,オープン戦,5.0,5回裏,2,山路,牧田,森,山村,,,1,3,ＤｅＮＡ,DB,,6,広島,C,,,,,,,＜1番：神里＞無死1塁,<1 Ban: Kamisato> Mushi 1 Rui,,,,,0,,,,,,,,,,,,,,,,,,,,,,,,,,,,,,,,,,,,,,,,,,,,,,,,2019-02-24 07:59:09+00:00,2019-02-24 07:59:09+00:00,0,5319,27,宜野湾,2026-10-01T20:50:19.593663
2019,2019022402,2019-02-24 13:01:00+09:00,74791665,520201.0,1,5,オープン戦,5.0,5回裏,2,山路,牧田,森,山村,,,1,3,ＤｅＮＡ,DB,,6,広島,C,,,,,,,1球目:セーフティバントを試みるもファウル 0-1,1 Tamame: Safety Bunt wo Kokoromiru mo Foul 0-1,,,,,1,,,,,,,,,,,,,,,,,,,,,,,,,,,,,,,,,,,,,,,,,,,,,,,,2019-02-24 07:59:09+00:00,2019-02-24 07:59:09+00:00,0,5319,27,宜野湾,2026-10-01T20:50:19.593663
2019,2019022402,2019-02-24 13:01:00+09:00,74791666,520202.0,1,5,オープン戦,5.0,5回裏,2,山路,牧田,森,山村,,,1,3,ＤｅＮＡ,DB,,6,広島,C,,,,,,,2球目:外角高めのスライダーを見逃してストライク 0-2,2 Tamame: Gaikaku Takame no Slider wo Minogashite Strike 0-2,,,,,2,,,,,,,,,,,,,,,,,,,,,,,,,,,,,,,,,,,,,,,,,,,,,,,,2019-02-24 07:59:09+00:00,2019-02-24 07:59:09+00:00,0,5319,27,宜野湾,2026-10-01T20:50:19.593663
2019,2019022402,2019-02-24 13:01:00+09:00,74791667,520203.0,1,5,オープン戦,5.0,5回裏,2,山路,牧田,森,山村,,,1,3,ＤｅＮＡ,DB,,6,広島,C,,,,,,,3球目:見逃し三振 1アウト,3 Tamame: Minogashi Sanshin 1 Out,,,,,3,,,,,,,,,,,,,,,,,,,,,,,,,,,,,,,,,,,,,,,,,,,,,,,,2019-02-24 07:59:09+00:00,2019-02-24 07:59:09+00:00,0,5319,27,宜野湾,2026-10-01T20:50:19.593663
2019,2019022402,2019-02-24 13:01:00+09:00,74791668,520300.0,1,5,オープン戦,5.0,5回裏,3,山路,牧田,森,山村,,,1,3,ＤｅＮＡ,DB,,6,広島,C,,,,,,,宮崎→代打:大和,Miyazaki Daida: Yamato,,,,,0,,,,,,,,,,,,,,,,,,,,,,,,,,,,,,,,,,,,,,,,,,,,,,,,2019-02-24 07:59:09+00:00,2019-02-24 07:59:09+00:00,0,5319,27,宜野湾,2026-10-01T20:50:19.593663
2019,2019022402,2019-02-24 13:01:00+09:00,74791669,520300.0,1,5,オープン戦,5.0,5回裏,3,山路,牧田,森,山村,,,1,3,ＤｅＮＡ,DB,,6,広島,C,,,,,,,＜代打：大和＞一死1塁,< Daida: Yamato> Ichi Shi 1 Rui,,,,,0,,,,,,,,,,,,,,,,,,,,,,,,,,,,,,,,,,,,,,,,,,,,,,,,2019-02-24 07:59:09+00:00,2019-02-24 07:59:09+00:00,0,5319,27,宜野湾,2026-10-01T20:50:19.593663
2019,2019022402,2019-02-24 13:01:00+09:00,74791670,520300.0,1,5,オープン戦,5.0,5回裏,3,山路,牧田,森,山村,,,1,3,ＤｅＮＡ,DB,,6,広島,C,,,,,,,1塁けん制:ランナー楠本帰塁,1 Rui Kensei: Runner Kusumoto Kirui,,,,,0,,,,,,,,,,,,,,,,,,,,,,,,,,,,,,,,,,,,,,,,,,,,,,,,2019-02-24 07:59:09+00:00,2019-02-24 07:59:09+00:00,0,5319,27,宜野湾,2026-10-01T20:50:19.593663
2019,2019022402,2019-02-24 13:01:00+09:00,74791671,520301.0,1,5,オープン戦,5.0,5回裏,3,山路,牧田,森,山村,,,1,3,ＤｅＮＡ,DB,,6,広島,C,,,,,,,1球目:外角低めのチェンジアップを見逃してボール 1-0,1 Tamame: Gaikaku Hikume no Change Up wo Minogashite Ball 1-0,,,,,1,,,,,,,,,,,,,,,,,,,,,,,,,,,,,,,,,,,,,,,,,,,,,,,,2019-02-24 07:59:09+00:00,2019-02-24 07:59:09+00:00,0,5319,27,宜野湾,2026-10-01T20:50:19.593663
2019,2019022402,2019-02-24 13:01:00+09:00,74791672,520302.0,1,5,オープン戦,5.0,5回裏,3,山路,牧田,森,山村,,,1,3,ＤｅＮＡ,DB,,6,広島,C,,,,,,,"2球目:センターへのヒットを放つ 1,2塁","2 Tamame: Center e no Hit wo Hanatsu 1,2 Rui",,,,,2,,,,,,,,,,,,,,,,,,,,,,,,,,,,,,,,,,,,,,,,,,,,,,,,2019-02-24 07:59:09+00:00,2019-02-24 07:59:09+00:00,0,5319,27,宜野湾,2026-10-01T20:50:19.593663
2019,2019022402,2019-02-24 13:01:00+09:00,74791673,520400.0,1,5,オープン戦,5.0,5回裏,4,山路,牧田,森,山村,,,1,3,ＤｅＮＡ,DB,,6,広島,C,,,,,,,"＜3番：伊藤裕＞一死1,2塁","<3 Ban: Itou Hiroshi> Ichi Shi 1,2 Rui",,,,,0,,,,,,,,,,,,,,,,,,,,,,,,,,,,,,,,,,,,,,,,,,,,,,,,2019-02-24 07:59:09+00:00,2019-02-24 07:59:09+00:00,0,5319,27,宜野湾,2026-10-01T20:50:19.593663
2019,2019022402,2019-02-24 13:01:00+09:00,74791674,520401.0,1,5,オープン戦,5.0,5回裏,4,山路,牧田,森,山村,,,1,3,ＤｅＮＡ,DB,,6,広島,C,,,,,,,1球目:低めの変化球を見逃してボール 1-0,1 Tamame: Hikume no Henka Kyuu wo Minogashite Ball 1-0,,,,,1,,,,,,,,,,,,,,,,,,,,,,,,,,,,,,,,,,,,,,,,,,,,,,,,2019-02-24 07:59:09+00:00,2019-02-24 07:59:09+00:00,0,5319,27,宜野湾,2026-10-01T20:50:19.593663
2019,2019022402,2019-02-24 13:01:00+09:00,74791675,520402.0,1,5,オープン戦,5.0,5回裏,4,山路,牧田,森,山村,,,1,3,ＤｅＮＡ,DB,,6,広島,C,,,,,,,2球目:ワンバウンドのフォークを見逃してボール 2-0,2 Tamame: One Bound no Fork wo Minogashite Ball 2-0,,,,,2,,,,,,,,,,,,,,,,,,,,,,,,,,,,,,,,,,,,,,,,,,,,,,,,2019-02-24 07:59:09+00:00,2019-02-24 07:59:09+00:00,0,5319,27,宜野湾,2026-10-01T20:50:19.593663
2019,2019022402,2019-02-24 13:01:00+09:00,74791676,520403.0,1,5,オープン戦,5.0,5回裏,4,山路,牧田,森,山村,,,1,3,ＤｅＮＡ,DB,,6,広島,C,,,,,,,3球目:内角高めの変化球を打ってファウル 2-1,3 Tamame: Naikaku Takame no Henka Kyuu wo Utte Foul 2-1,,,,,3,,,,,,,,,,,,,,,,,,,,,,,,,,,,,,,,,,,,,,,,,,,,,,,,2019-02-24 07:59:09+00:00,2019-02-24 07:59:09+00:00,0,5319,27,宜野湾,2026-10-01T20:50:19.593663
2019,2019022402,2019-02-24 13:01:00+09:00,74791677,520404.0,1,5,オープン戦,5.0,5回裏,4,山路,牧田,森,山村,,,1,3,ＤｅＮＡ,DB,,6,広島,C,,,,,,,4球目:外角低めの落ちる球を打ってファウル 2-2,4 Tamame: Gaikaku Hikume no Ochiru Tama wo Utte Foul 2-2,,,,,4,,,,,,,,,,,,,,,,,,,,,,,,,,,,,,,,,,,,,,,,,,,,,,,,2019-02-24 07:59:09+00:00,2019-02-24 07:59:09+00:00,0,5319,27,宜野湾,2026-10-01T20:50:19.593663
2019,2019022402,2019-02-24 13:01:00+09:00,74791678,520405.0,1,5,オープン戦,5.0,5回裏,4,山路,牧田,森,山村,,,1,3,ＤｅＮＡ,DB,,6,広島,C,,,,,,,5球目:内角の変化球を打ってファウル 2-2,5 Tamame: Naikaku no Henka Kyuu wo Utte Foul 2-2,,,,,5,,,,,,,,,,,,,,,,,,,,,,,,,,,,,,,,,,,,,,,,,,,,,,,,2019-02-24 07:59:09+00:00,2019-02-24 07:59:09+00:00,0,5319,27,宜野湾,2026-10-01T20:50:19.593663
2019,2019022402,2019-02-24 13:01:00+09:00,74791679,520406.0,1,5,オープン戦,5.0,5回裏,4,山路,牧田,森,山村,,,1,3,ＤｅＮＡ,DB,,6,広島,C,,,,,,,6球目:空振り三振でバッターアウト 2アウト,6 Tamame: Karaburi Sanshin de Batter Out 2 Out,,,,,6,,,,,,,,,,,,,,,,,,,,,,,,,,,,,,,,,,,,,,,,,,,,,,,,2019-02-24 07:59:09+00:00,2019-02-24 07:59:09+00:00,0,5319,27,宜野湾,2026-10-01T20:50:19.593663
2019,2019022402,2019-02-24 13:01:00+09:00,74791680,520500.0,1,5,オープン戦,5.0,5回裏,5,山路,牧田,森,山村,,,1,3,ＤｅＮＡ,DB,,6,広島,C,,,,,,,"＜4番：細川＞二死1,2塁","<4 Ban: Hosokawa> Ni Shi 1,2 Rui",,,,,0,,,,,,,,,,,,,,,,,,,,,,,,,,,,,,,,,,,,,,,,,,,,,,,,2019-02-24 07:59:09+00:00,2019-02-24 07:59:09+00:00,0,5319,27,宜野湾,2026-10-01T20:50:19.593663
2019,2019022402,2019-02-24 13:01:00+09:00,74791681,520501.0,1,5,オープン戦,5.0,5回裏,5,山路,牧田,森,山村,,,1,3,ＤｅＮＡ,DB,,6,広島,C,,,,,,,1球目:外角高めの落ちる球を見逃してボール 1-0,1 Tamame: Gaikaku Takame no Ochiru Tama wo Minogashite Ball 1-0,,,,,1,,,,,,,,,,,,,,,,,,,,,,,,,,,,,,,,,,,,,,,,,,,,,,,,2019-02-24 07:59:09+00:00,2019-02-24 07:59:09+00:00,0,5319,27,宜野湾,2026-10-01T20:50:19.593663
2019,2019022402,2019-02-24 13:01:00+09:00,74791682,520502.0,1,5,オープン戦,5.0,5回裏,5,山路,牧田,森,山村,,,1,3,ＤｅＮＡ,DB,,6,広島,C,,,,,,,2球目:外角低めのチェンジアップを空振りストライク 1-1,2 Tamame: Gaikaku Hikume no Change Up wo Karaburi Strike 1-1,,,,,2,,,,,,,,,,,,,,,,,,,,,,,,,,,,,,,,,,,,,,,,,,,,,,,,2019-02-24 07:59:09+00:00,2019-02-24 07:59:09+00:00,0,5319,27,宜野湾,2026-10-01T20:50:19.593663
2019,2019022402,2019-02-24 13:01:00+09:00,74791683,520503.0,1,5,オープン戦,5.0,5回裏,5,山路,牧田,森,山村,,,1,3,ＤｅＮＡ,DB,,6,広島,C,,,,,,,3球目:セカンドゴロ 3アウトチェンジ,3 Tamame: Sekando Grounder 3 Out Change,,,,,3,,,,,,,,,,,,,,,,,,,,,,,,,,,,,,,,,,,,,,,,,,,,,,,,2019-02-24 07:59:09+00:00,2019-02-24 07:59:09+00:00,0,5319,27,宜野湾,2026-10-01T20:50:19.593663
2019,2019022402,2019-02-24 13:01:00+09:00,74791684,610100.0,1,5,オープン戦,6.0,6回表,1,山路,牧田,森,山村,,,1,3,ＤｅＮＡ,DB,,6,広島,C,,,,,,,6回表 デ3-2広　広島は6番メヒアからの攻撃,6 Kai Hyou Des 3-2 KouHiroshima wa 6 Ban Mehia kara no Kougeki,,,,,0,,,,,,,,,,,,,,,,,,,,,,,,,,,,,,,,,,,,,,,,,,,,,,,,2019-02-24 07:59:09+00:00,2019-02-24 07:59:09+00:00,0,5319,27,宜野湾,2026-10-01T20:50:19.593663
2019,2019022402,2019-02-24 13:01:00+09:00,74791685,610100.0,1,5,オープン戦,6.0,6回表,1,山路,牧田,森,山村,,,1,3,ＤｅＮＡ,DB,,6,広島,C,,,,,,,＜6番：メヒア＞無死走者なし,<6 Ban: Mehia> Mushi Sousha Nashi,,,,,0,,,,,,,,,,,,,,,,,,,,,,,,,,,,,,,,,,,,,,,,,,,,,,,,2019-02-24 07:59:09+00:00,2019-02-24 07:59:09+00:00,0,5319,27,宜野湾,2026-10-01T20:50:19.593663
2019,2019022402,2019-02-24 13:01:00+09:00,74791686,610101.0,1,5,オープン戦,6.0,6回表,1,山路,牧田,森,山村,,,1,3,ＤｅＮＡ,DB,,6,広島,C,,,,,,,1球目:際どいコースのストレートを見逃してボール 1-0,1 Tamame: Kiwadoi Course no Straight wo Minogashite Ball 1-0,,,,,1,,,,,,,,,,,,,,,,,,,,,,,,,,,,,,,,,,,,,,,,,,,,,,,,2019-02-24 07:59:09+00:00,2019-02-24 07:59:09+00:00,0,5319,27,宜野湾,2026-10-01T20:50:19.593663
2019,2019022402,2019-02-24 13:01:00+09:00,74791687,610102.0,1,5,オープン戦,6.0,6回表,1,山路,牧田,森,山村,,,1,3,ＤｅＮＡ,DB,,6,広島,C,,,,,,,2球目:外角低めのストレートを打ってファウル 1-1,2 Tamame: Gaikaku Hikume no Straight wo Utte Foul 1-1,,,,,2,,,,,,,,,,,,,,,,,,,,,,,,,,,,,,,,,,,,,,,,,,,,,,,,2019-02-24 07:59:09+00:00,2019-02-24 07:59:09+00:00,0,5319,27,宜野湾,2026-10-01T20:50:19.593663
2019,2019022402,2019-02-24 13:01:00+09:00,74791688,610103.0,1,5,オープン戦,6.0,6回表,1,山路,牧田,森,山村,,,1,3,ＤｅＮＡ,DB,,6,広島,C,,,,,,,3球目:ライトへの二塁打 2塁,3 Tamame: Raito e no Niruida 2 Rui,,,,,3,,,,,,,,,,,,,,,,,,,,,,,,,,,,,,,,,,,,,,,,,,,,,,,,2019-02-24 07:59:09+00:00,2019-02-24 07:59:09+00:00,0,5319,27,宜野湾,2026-10-01T20:50:19.593663
2019,2019022402,2019-02-24 13:01:00+09:00,74791689,610200.0,1,5,オープン戦,6.0,6回表,2,山路,牧田,森,山村,,,1,3,ＤｅＮＡ,DB,,6,広島,C,,,,,,,＜7番：西川＞無死2塁,<7 Ban: Nishikawa> Mushi 2 Rui,,,,,0,,,,,,,,,,,,,,,,,,,,,,,,,,,,,,,,,,,,,,,,,,,,,,,,2019-02-24 07:59:09+00:00,2019-02-24 07:59:09+00:00,0,5319,27,宜野湾,2026-10-01T20:50:19.593663
2019,2019022402,2019-02-24 13:01:00+09:00,74791690,610201.0,1,5,オープン戦,6.0,6回表,2,山路,牧田,森,山村,,,1,3,ＤｅＮＡ,DB,,6,広島,C,,,,,,,1球目:初球から打ちにいくもファウル 0-1,1 Tamame: Shokyuu kara Uchi ni Iku mo Foul 0-1,,,,,1,,,,,,,,,,,,,,,,,,,,,,,,,,,,,,,,,,,,,,,,,,,,,,,,2019-02-24 07:59:09+00:00,2019-02-24 07:59:09+00:00,0,5319,27,宜野湾,2026-10-01T20:50:19.593663
2019,2019022402,2019-02-24 13:01:00+09:00,74791691,610202.0,1,5,オープン戦,6.0,6回表,2,山路,牧田,森,山村,,,1,3,ＤｅＮＡ,DB,,6,広島,C,,,,,,,2球目:外角のストレートを見逃してストライク 0-2,2 Tamame: Gaikaku no Straight wo Minogashite Strike 0-2,,,,,2,,,,,,,,,,,,,,,,,,,,,,,,,,,,,,,,,,,,,,,,,,,,,,,,2019-02-24 07:59:09+00:00,2019-02-24 07:59:09+00:00,0,5319,27,宜野湾,2026-10-01T20:50:19.593663
2019,2019022402,2019-02-24 13:01:00+09:00,74791692,610203.0,1,5,オープン戦,6.0,6回表,2,山路,牧田,森,山村,,,1,3,ＤｅＮＡ,DB,,6,広島,C,,,,,,,3球目:外角低めのストレートを見逃してボール 1-2,3 Tamame: Gaikaku Hikume no Straight wo Minogashite Ball 1-2,,,,,3,,,,,,,,,,,,,,,,,,,,,,,,,,,,,,,,,,,,,,,,,,,,,,,,2019-02-24 07:59:09+00:00,2019-02-24 07:59:09+00:00,0,5319,27,宜野湾,2026-10-01T20:50:19.593663
2019,2019022402,2019-02-24 13:01:00+09:00,74791693,610204.0,1,5,オープン戦,6.0,6回表,2,山路,牧田,森,山村,,,1,3,ＤｅＮＡ,DB,,6,広島,C,,,,,,,4球目:つまった打球はファーストへの平凡なゴロとなる 1アウト3塁,4 Tamame: Tsumatta Dakyuu wa First e no Heibon na Grounder to Naru 1 Out 3 Rui,,,,,4,,,,,,,,,,,,,,,,,,,,,,,,,,,,,,,,,,,,,,,,,,,,,,,,2019-02-24 07:59:09+00:00,2019-02-24 07:59:09+00:00,0,5319,27,宜野湾,2026-10-01T20:50:19.593663
2019,2019022402,2019-02-24 13:01:00+09:00,74791694,610300.0,1,5,オープン戦,6.0,6回表,3,山路,牧田,森,山村,,,1,3,ＤｅＮＡ,DB,,6,広島,C,,,,,,,＜8番：會澤＞一死3塁,<8 Ban: Aizawa> Ichi Shi 3 Rui,,,,,0,,,,,,,,,,,,,,,,,,,,,,,,,,,,,,,,,,,,,,,,,,,,,,,,2019-02-24 07:59:09+00:00,2019-02-24 07:59:09+00:00,0,5319,27,宜野湾,2026-10-01T20:50:19.593663
2019,2019022402,2019-02-24 13:01:00+09:00,74791695,610301.0,1,5,オープン戦,6.0,6回表,3,山路,牧田,森,山村,,,1,3,ＤｅＮＡ,DB,,6,広島,C,,,,,,,1球目:ランナー3塁からレフトへの同点タイムリーヒット！ デ3-3広 1塁,1 Tamame: Runner 3 Rui kara Left e no Douten Timely Hit! Des 3-3 Kou1 Rui,,,,,1,,,,,,,,,,,,,,,,,,,,,,,,,,,,,,,,,,,,,,,,,,,,,,,,2019-02-24 07:59:09+00:00,2019-02-24 07:59:09+00:00,0,5319,27,宜野湾,2026-10-01T20:50:19.593663
2019,2019022402,2019-02-24 13:01:00+09:00,74791696,610400.0,1,5,オープン戦,6.0,6回表,4,山路,牧田,森,山村,,,1,3,ＤｅＮＡ,DB,,6,広島,C,,,,,,,＜9番：堂林＞一死1塁,<9 Ban: Dou Rin> Ichi Shi 1 Rui,,,,,0,,,,,,,,,,,,,,,,,,,,,,,,,,,,,,,,,,,,,,,,,,,,,,,,2019-02-24 07:59:09+00:00,2019-02-24 07:59:09+00:00,0,5319,27,宜野湾,2026-10-01T20:50:19.593663
2019,2019022402,2019-02-24 13:01:00+09:00,74791697,610401.0,1,5,オープン戦,6.0,6回表,4,山路,牧田,森,山村,,,1,3,ＤｅＮＡ,DB,,6,広島,C,,,,,,,1球目:外角低めのストレートを見逃してボール 1-0,1 Tamame: Gaikaku Hikume no Straight wo Minogashite Ball 1-0,,,,,1,,,,,,,,,,,,,,,,,,,,,,,,,,,,,,,,,,,,,,,,,,,,,,,,2019-02-24 07:59:09+00:00,2019-02-24 07:59:09+00:00,0,5319,27,宜野湾,2026-10-01T20:50:19.593663
2019,2019022402,2019-02-24 13:01:00+09:00,74791698,610400.0,1,5,オープン戦,6.0,6回表,4,山路,牧田,森,山村,,,1,3,ＤｅＮＡ,DB,,6,広島,C,,,,,,,1塁けん制:ランナー會澤帰塁,1 Rui Kensei: Runner Aizawa Kirui,,,,,0,,,,,,,,,,,,,,,,,,,,,,,,,,,,,,,,,,,,,,,,,,,,,,,,2019-02-24 07:59:09+00:00,2019-02-24 07:59:09+00:00,0,5319,27,宜野湾,2026-10-01T20:50:19.593663
2019,2019022402,2019-02-24 13:01:00+09:00,74791699,610402.0,1,5,オープン戦,6.0,6回表,4,山路,牧田,森,山村,,,1,3,ＤｅＮＡ,DB,,6,広島,C,,,,,,,2球目:低めのストレートを打ってファウル 1-1,2 Tamame: Hikume no Straight wo Utte Foul 1-1,,,,,2,,,,,,,,,,,,,,,,,,,,,,,,,,,,,,,,,,,,,,,,,,,,,,,,2019-02-24 07:59:09+00:00,2019-02-24 07:59:09+00:00,0,5319,27,宜野湾,2026-10-01T20:50:19.593663
2019,2019022402,2019-02-24 13:01:00+09:00,74791700,610403.0,1,5,オープン戦,6.0,6回表,4,山路,牧田,森,山村,,,1,3,ＤｅＮＡ,DB,,6,広島,C,,,,,,,3球目:際どいコースのストレートを見逃してストライク 1-2,3 Tamame: Kiwadoi Course no Straight wo Minogashite Strike 1-2,,,,,3,,,,,,,,,,,,,,,,,,,,,,,,,,,,,,,,,,,,,,,,,,,,,,,,2019-02-24 07:59:09+00:00,2019-02-24 07:59:09+00:00,0,5319,27,宜野湾,2026-10-01T20:50:19.593663
2019,2019022402,2019-02-24 13:01:00+09:00,74791701,610404.0,1,5,オープン戦,6.0,6回表,4,山路,牧田,森,山村,,,1,3,ＤｅＮＡ,DB,,6,広島,C,,,,,,,4球目:内角低めのストレートを見逃してボール 2-2,4 Tamame: Naikaku Hikume no Straight wo Minogashite Ball 2-2,,,,,4,,,,,,,,,,,,,,,,,,,,,,,,,,,,,,,,,,,,,,,,,,,,,,,,2019-02-24 07:59:09+00:00,2019-02-24 07:59:09+00:00,0,5319,27,宜野湾,2026-10-01T20:50:19.593663
2019,2019022402,2019-02-24 13:01:00+09:00,74791702,610405.0,1,5,オープン戦,6.0,6回表,4,山路,牧田,森,山村,,,1,3,ＤｅＮＡ,DB,,6,広島,C,,,,,,,5球目:ワンバウンドした球を空振り三振 2アウト,5 Tamame: One Bound Shita Tama wo Karaburi Sanshin 2 Out,,,,,5,,,,,,,,,,,,,,,,,,,,,,,,,,,,,,,,,,,,,,,,,,,,,,,,2019-02-24 07:59:09+00:00,2019-02-24 07:59:09+00:00,0,5319,27,宜野湾,2026-10-01T20:50:19.593663
2019,2019022402,2019-02-24 13:01:00+09:00,74791703,610500.0,1,5,オープン戦,6.0,6回表,5,山路,牧田,森,山村,,,1,3,ＤｅＮＡ,DB,,6,広島,C,,,,,,,＜1番：小園＞二死1塁,<1 Ban: Ozono> Ni Shi 1 Rui,,,,,0,,,,,,,,,,,,,,,,,,,,,,,,,,,,,,,,,,,,,,,,,,,,,,,,2019-02-24 07:59:09+00:00,2019-02-24 07:59:09+00:00,0,5319,27,宜野湾,2026-10-01T20:50:19.593663
2019,2019022402,2019-02-24 13:01:00+09:00,74791704,610501.0,1,5,オープン戦,6.0,6回表,5,山路,牧田,森,山村,,,1,3,ＤｅＮＡ,DB,,6,広島,C,,,,,,,1球目:ファーストへのファウルフライに倒れる 3アウトチェンジ,1 Tamame: First e no Foul Fly ni Taoreru 3 Out Change,,,,,1,,,,,,,,,,,,,,,,,,,,,,,,,,,,,,,,,,,,,,,,,,,,,,,,2019-02-24 07:59:09+00:00,2019-02-24 07:59:09+00:00,0,5319,27,宜野湾,2026-10-01T20:50:19.593663
2019,2019022402,2019-02-24 13:01:00+09:00,74791705,620100.0,1,5,オープン戦,6.0,6回裏,1,山路,牧田,森,山村,,,1,3,ＤｅＮＡ,DB,,6,広島,C,,,,,,,6回裏 デ3-3広　ＤｅＮＡは5番佐野からの攻撃,6 Kai Ura Des 3-3 KouDeNA wa 5 Ban Sano kara no Kougeki,,,,,0,,,,,,,,,,,,,,,,,,,,,,,,,,,,,,,,,,,,,,,,,,,,,,,,2019-02-24 07:59:09+00:00,2019-02-24 07:59:09+00:00,0,5319,27,宜野湾,2026-10-01T20:50:19.593663
2019,2019022402,2019-02-24 13:01:00+09:00,74791706,620100.0,1,5,オープン戦,6.0,6回裏,1,山路,牧田,森,山村,,,1,3,ＤｅＮＡ,DB,,6,広島,C,,,,,,,＜5番：佐野＞無死走者なし,<5 Ban: Sano> Mushi Sousha Nashi,,,,,0,,,,,,,,,,,,,,,,,,,,,,,,,,,,,,,,,,,,,,,,,,,,,,,,2019-02-24 07:59:09+00:00,2019-02-24 07:59:09+00:00,0,5319,27,宜野湾,2026-10-01T20:50:19.593663
2019,2019022402,2019-02-24 13:01:00+09:00,74791707,620101.0,1,5,オープン戦,6.0,6回裏,1,山路,牧田,森,山村,,,1,3,ＤｅＮＡ,DB,,6,広島,C,,,,,,,1球目:甘い球を見逃してストライク 0-1,1 Tamame: Amai Tama wo Minogashite Strike 0-1,,,,,1,,,,,,,,,,,,,,,,,,,,,,,,,,,,,,,,,,,,,,,,,,,,,,,,2019-02-24 07:59:09+00:00,2019-02-24 07:59:09+00:00,0,5319,27,宜野湾,2026-10-01T20:50:19.593663
2019,2019022402,2019-02-24 13:01:00+09:00,74791708,620102.0,1,5,オープン戦,6.0,6回裏,1,山路,牧田,森,山村,,,1,3,ＤｅＮＡ,DB,,6,広島,C,,,,,,,2球目:ワンバウンドのカーブを見逃してボール 1-1,2 Tamame: One Bound no Curve wo Minogashite Ball 1-1,,,,,2,,,,,,,,,,,,,,,,,,,,,,,,,,,,,,,,,,,,,,,,,,,,,,,,2019-02-24 07:59:09+00:00,2019-02-24 07:59:09+00:00,0,5319,27,宜野湾,2026-10-01T20:50:19.593663
2019,2019022402,2019-02-24 13:01:00+09:00,74791709,620103.0,1,5,オープン戦,6.0,6回裏,1,山路,牧田,森,山村,,,1,3,ＤｅＮＡ,DB,,6,広島,C,,,,,,,3球目:低めの変化球を見逃してボール 2-1,3 Tamame: Hikume no Henka Kyuu wo Minogashite Ball 2-1,,,,,3,,,,,,,,,,,,,,,,,,,,,,,,,,,,,,,,,,,,,,,,,,,,,,,,2019-02-24 07:59:09+00:00,2019-02-24 07:59:09+00:00,0,5319,27,宜野湾,2026-10-01T20:50:19.593663
2019,2019022402,2019-02-24 13:01:00+09:00,74791710,620104.0,1,5,オープン戦,6.0,6回裏,1,山路,牧田,森,山村,,,1,3,ＤｅＮＡ,DB,,6,広島,C,,,,,,,4球目:レフトへの二塁打 2塁,4 Tamame: Left e no Niruida 2 Rui,,,,,4,,,,,,,,,,,,,,,,,,,,,,,,,,,,,,,,,,,,,,,,,,,,,,,,2019-02-24 07:59:09+00:00,2019-02-24 07:59:09+00:00,0,5319,27,宜野湾,2026-10-01T20:50:19.593663
2019,2019022402,2019-02-24 13:01:00+09:00,74791711,620200.0,1,5,オープン戦,6.0,6回裏,2,山路,牧田,森,山村,,,1,3,ＤｅＮＡ,DB,,6,広島,C,,,,,,,戸柱→代打:嶺井,To Hashira Daida: Minei,,,,,0,,,,,,,,,,,,,,,,,,,,,,,,,,,,,,,,,,,,,,,,,,,,,,,,2019-02-24 07:59:09+00:00,2019-02-24 07:59:09+00:00,0,5319,27,宜野湾,2026-10-01T20:50:19.593663
2019,2019022402,2019-02-24 13:01:00+09:00,74791712,620200.0,1,5,オープン戦,6.0,6回裏,2,山路,牧田,森,山村,,,1,3,ＤｅＮＡ,DB,,6,広島,C,,,,,,,＜代打：嶺井＞無死2塁,< Daida: Minei> Mushi 2 Rui,,,,,0,,,,,,,,,,,,,,,,,,,,,,,,,,,,,,,,,,,,,,,,,,,,,,,,2019-02-24 07:59:09+00:00,2019-02-24 07:59:09+00:00,0,5319,27,宜野湾,2026-10-01T20:50:19.593663
2019,2019022402,2019-02-24 13:01:00+09:00,74791713,620201.0,1,5,オープン戦,6.0,6回裏,2,山路,牧田,森,山村,,,1,3,ＤｅＮＡ,DB,,6,広島,C,,,,,,,1球目:外角高めのチェンジアップを見逃してボール 1-0,1 Tamame: Gaikaku Takame no Change Up wo Minogashite Ball 1-0,,,,,1,,,,,,,,,,,,,,,,,,,,,,,,,,,,,,,,,,,,,,,,,,,,,,,,2019-02-24 07:59:09+00:00,2019-02-24 07:59:09+00:00,0,5319,27,宜野湾,2026-10-01T20:50:19.593663
2019,2019022402,2019-02-24 13:01:00+09:00,74791714,620202.0,1,5,オープン戦,6.0,6回裏,2,山路,牧田,森,山村,,,1,3,ＤｅＮＡ,DB,,6,広島,C,,,,,,,2球目:外角高めのスライダーを打ってファウル 1-1,2 Tamame: Gaikaku Takame no Slider wo Utte Foul 1-1,,,,,2,,,,,,,,,,,,,,,,,,,,,,,,,,,,,,,,,,,,,,,,,,,,,,,,2019-02-24 07:59:09+00:00,2019-02-24 07:59:09+00:00,0,5319,27,宜野湾,2026-10-01T20:50:19.593663
2019,2019022402,2019-02-24 13:01:00+09:00,74791715,620203.0,1,5,オープン戦,6.0,6回裏,2,山路,牧田,森,山村,,,1,3,ＤｅＮＡ,DB,,6,広島,C,,,,,,,3球目:外角高めのストレートを打ってファウル 1-2,3 Tamame: Gaikaku Takame no Straight wo Utte Foul 1-2,,,,,3,,,,,,,,,,,,,,,,,,,,,,,,,,,,,,,,,,,,,,,,,,,,,,,,2019-02-24 07:59:09+00:00,2019-02-24 07:59:09+00:00,0,5319,27,宜野湾,2026-10-01T20:50:19.593663
2019,2019022402,2019-02-24 13:01:00+09:00,74791716,620204.0,1,5,オープン戦,6.0,6回裏,2,山路,牧田,森,山村,,,1,3,ＤｅＮＡ,DB,,6,広島,C,,,,,,,4球目:ピッチャーゴロ 1アウト,4 Tamame: Pitcher Grounder 1 Out,,,,,4,,,,,,,,,,,,,,,,,,,,,,,,,,,,,,,,,,,,,,,,,,,,,,,,2019-02-24 07:59:09+00:00,2019-02-24 07:59:09+00:00,0,5319,27,宜野湾,2026-10-01T20:50:19.593663
2019,2019022402,2019-02-24 13:01:00+09:00,74791717,620300.0,1,5,オープン戦,6.0,6回裏,3,山路,牧田,森,山村,,,1,3,ＤｅＮＡ,DB,,6,広島,C,,,,,,,＜7番：中井＞一死2塁,<7 Ban: Nakai> Ichi Shi 2 Rui,,,,,0,,,,,,,,,,,,,,,,,,,,,,,,,,,,,,,,,,,,,,,,,,,,,,,,2019-02-24 07:59:09+00:00,2019-02-24 07:59:09+00:00,0,5319,27,宜野湾,2026-10-01T20:50:19.593663
2019,2019022402,2019-02-24 13:01:00+09:00,74791718,620301.0,1,5,オープン戦,6.0,6回裏,3,山路,牧田,森,山村,,,1,3,ＤｅＮＡ,DB,,6,広島,C,,,,,,,1球目:外角低めのストレートを見逃してボール 1-0,1 Tamame: Gaikaku Hikume no Straight wo Minogashite Ball 1-0,,,,,1,,,,,,,,,,,,,,,,,,,,,,,,,,,,,,,,,,,,,,,,,,,,,,,,2019-02-24 07:59:09+00:00,2019-02-24 07:59:09+00:00,0,5319,27,宜野湾,2026-10-01T20:50:19.593663
2019,2019022402,2019-02-24 13:01:00+09:00,74791719,620302.0,1,5,オープン戦,6.0,6回裏,3,山路,牧田,森,山村,,,1,3,ＤｅＮＡ,DB,,6,広島,C,,,,,,,2球目:サードゴロ 2アウト,2 Tamame: Third Grounder 2 Out,,,,,2,,,,,,,,,,,,,,,,,,,,,,,,,,,,,,,,,,,,,,,,,,,,,,,,2019-02-24 07:59:09+00:00,2019-02-24 07:59:09+00:00,0,5319,27,宜野湾,2026-10-01T20:50:19.593663
2019,2019022402,2019-02-24 13:01:00+09:00,74791720,620400.0,1,5,オープン戦,6.0,6回裏,4,山路,牧田,森,山村,,,1,3,ＤｅＮＡ,DB,,6,広島,C,,,,,,,＜8番：倉本＞二死2塁,<8 Ban: Kuramoto> Ni Shi 2 Rui,,,,,0,,,,,,,,,,,,,,,,,,,,,,,,,,,,,,,,,,,,,,,,,,,,,,,,2019-02-24 07:59:09+00:00,2019-02-24 07:59:09+00:00,0,5319,27,宜野湾,2026-10-01T20:50:19.593663
2019,2019022402,2019-02-24 13:01:00+09:00,74791721,620401.0,1,5,オープン戦,6.0,6回裏,4,山路,牧田,森,山村,,,1,3,ＤｅＮＡ,DB,,6,広島,C,,,,,,,1球目:外角高めのスライダーを見逃してストライク 0-1,1 Tamame: Gaikaku Takame no Slider wo Minogashite Strike 0-1,,,,,1,,,,,,,,,,,,,,,,,,,,,,,,,,,,,,,,,,,,,,,,,,,,,,,,2019-02-24 07:59:09+00:00,2019-02-24 07:59:09+00:00,0,5319,27,宜野湾,2026-10-01T20:50:19.593663
2019,2019022402,2019-02-24 13:01:00+09:00,74791722,620402.0,1,5,オープン戦,6.0,6回裏,4,山路,牧田,森,山村,,,1,3,ＤｅＮＡ,DB,,6,広島,C,,,,,,,2球目:外角のストレートを打ってファウル 0-2,2 Tamame: Gaikaku no Straight wo Utte Foul 0-2,,,,,2,,,,,,,,,,,,,,,,,,,,,,,,,,,,,,,,,,,,,,,,,,,,,,,,2019-02-24 07:59:09+00:00,2019-02-24 07:59:09+00:00,0,5319,27,宜野湾,2026-10-01T20:50:19.593663
2019,2019022402,2019-02-24 13:01:00+09:00,74791723,620403.0,1,5,オープン戦,6.0,6回裏,4,山路,牧田,森,山村,,,1,3,ＤｅＮＡ,DB,,6,広島,C,,,,,,,3球目:外角のストレートを見逃してボール 1-2,3 Tamame: Gaikaku no Straight wo Minogashite Ball 1-2,,,,,3,,,,,,,,,,,,,,,,,,,,,,,,,,,,,,,,,,,,,,,,,,,,,,,,2019-02-24 07:59:09+00:00,2019-02-24 07:59:09+00:00,0,5319,27,宜野湾,2026-10-01T20:50:19.593663
2019,2019022402,2019-02-24 13:01:00+09:00,74791724,620404.0,1,5,オープン戦,6.0,6回裏,4,山路,牧田,森,山村,,,1,3,ＤｅＮＡ,DB,,6,広島,C,,,,,,,4球目:一打勝ち越しの場面でファーストゴロ 3アウトチェンジ,4 Tamame: Ichida Kachikoshi no Bamen de First Grounder 3 Out Change,,,,,4,,,,,,,,,,,,,,,,,,,,,,,,,,,,,,,,,,,,,,,,,,,,,,,,2019-02-24 07:59:09+00:00,2019-02-24 07:59:09+00:00,0,5319,27,宜野湾,2026-10-01T20:50:19.593663
2019,2019022402,2019-02-24 13:01:00+09:00,74791725,710100.0,1,5,オープン戦,7.0,7回表,1,山路,牧田,森,山村,,,1,3,ＤｅＮＡ,DB,,6,広島,C,,,,,,,7回表 デ3-3広　広島は2番曽根からの攻撃,7 Kai Hyou Des 3-3 KouHiroshima wa 2 Ban Sone kara no Kougeki,,,,,0,,,,,,,,,,,,,,,,,,,,,,,,,,,,,,,,,,,,,,,,,,,,,,,,2019-02-24 07:59:09+00:00,2019-02-24 07:59:09+00:00,0,5319,27,宜野湾,2026-10-01T20:50:19.593663
2019,2019022402,2019-02-24 13:01:00+09:00,74791726,710100.0,1,5,オープン戦,7.0,7回表,1,山路,牧田,森,山村,,,1,3,ＤｅＮＡ,DB,,6,広島,C,,,,,,,守備交代:サード柴田　守備変更:嶺井→キャッチャー,Shubi Koutai: Third Shibata Shubi Henkou: Minei Catcher,,,,,0,,,,,,,,,,,,,,,,,,,,,,,,,,,,,,,,,,,,,,,,,,,,,,,,2019-02-24 07:59:09+00:00,2019-02-24 07:59:09+00:00,0,5319,27,宜野湾,2026-10-01T20:50:19.593663
2019,2019022402,2019-02-24 13:01:00+09:00,74791727,710100.0,1,5,オープン戦,7.0,7回表,1,山路,牧田,森,山村,,,1,3,ＤｅＮＡ,DB,,6,広島,C,,,,,,,＜2番：曽根＞無死走者なし,<2 Ban: Sone> Mushi Sousha Nashi,,,,,0,,,,,,,,,,,,,,,,,,,,,,,,,,,,,,,,,,,,,,,,,,,,,,,,2019-02-24 07:59:09+00:00,2019-02-24 07:59:09+00:00,0,5319,27,宜野湾,2026-10-01T20:50:19.593663
2019,2019022402,2019-02-24 13:01:00+09:00,74791728,710101.0,1,5,オープン戦,7.0,7回表,1,山路,牧田,森,山村,,,1,3,ＤｅＮＡ,DB,,6,広島,C,,,,,,,1球目:外角のストレートを空振りストライク 0-1,1 Tamame: Gaikaku no Straight wo Karaburi Strike 0-1,,,,,1,,,,,,,,,,,,,,,,,,,,,,,,,,,,,,,,,,,,,,,,,,,,,,,,2019-02-24 07:59:09+00:00,2019-02-24 07:59:09+00:00,0,5319,27,宜野湾,2026-10-01T20:50:19.593663
2019,2019022402,2019-02-24 13:01:00+09:00,74791729,710102.0,1,5,オープン戦,7.0,7回表,1,山路,牧田,森,山村,,,1,3,ＤｅＮＡ,DB,,6,広島,C,,,,,,,2球目:外角の変化球を空振りストライク 0-2,2 Tamame: Gaikaku no Henka Kyuu wo Karaburi Strike 0-2,,,,,2,,,,,,,,,,,,,,,,,,,,,,,,,,,,,,,,,,,,,,,,,,,,,,,,2019-02-24 07:59:09+00:00,2019-02-24 07:59:09+00:00,0,5319,27,宜野湾,2026-10-01T20:50:19.593663
2019,2019022402,2019-02-24 13:01:00+09:00,74791730,710103.0,1,5,オープン戦,7.0,7回表,1,山路,牧田,森,山村,,,1,3,ＤｅＮＡ,DB,,6,広島,C,,,,,,,3球目:センターへのヒットで出塁 1塁,3 Tamame: Center e no Hit de Shutsurui 1 Rui,,,,,3,,,,,,,,,,,,,,,,,,,,,,,,,,,,,,,,,,,,,,,,,,,,,,,,2019-02-24 07:59:09+00:00,2019-02-24 07:59:09+00:00,0,5319,27,宜野湾,2026-10-01T20:50:19.593663
2019,2019022402,2019-02-24 13:01:00+09:00,74791731,710200.0,1,5,オープン戦,7.0,7回表,2,山路,牧田,森,山村,,,1,3,ＤｅＮＡ,DB,,6,広島,C,,,,,,,＜3番：坂倉＞無死1塁,<3 Ban: Sakakura> Mushi 1 Rui,,,,,0,,,,,,,,,,,,,,,,,,,,,,,,,,,,,,,,,,,,,,,,,,,,,,,,2019-02-24 07:59:09+00:00,2019-02-24 07:59:09+00:00,0,5319,27,宜野湾,2026-10-01T20:50:19.593663
2019,2019022402,2019-02-24 13:01:00+09:00,74791732,710200.0,1,5,オープン戦,7.0,7回表,2,山路,牧田,森,山村,,,1,3,ＤｅＮＡ,DB,,6,広島,C,,,,,,,1塁けん制:ランナー曽根帰塁,1 Rui Kensei: Runner Sone Kirui,,,,,0,,,,,,,,,,,,,,,,,,,,,,,,,,,,,,,,,,,,,,,,,,,,,,,,2019-02-24 07:59:09+00:00,2019-02-24 07:59:09+00:00,0,5319,27,宜野湾,2026-10-01T20:50:19.593663
2019,2019022402,2019-02-24 13:01:00+09:00,74791733,710201.0,1,5,オープン戦,7.0,7回表,2,山路,牧田,森,山村,,,1,3,ＤｅＮＡ,DB,,6,広島,C,,,,,,,1球目:外角のストレートを打ちにいくもファウル 0-1,1 Tamame: Gaikaku no Straight wo Uchi ni Iku mo Foul 0-1,,,,,1,,,,,,,,,,,,,,,,,,,,,,,,,,,,,,,,,,,,,,,,,,,,,,,,2019-02-24 07:59:09+00:00,2019-02-24 07:59:09+00:00,0,5319,27,宜野湾,2026-10-01T20:50:19.593663
2019,2019022402,2019-02-24 13:01:00+09:00,74791734,710200.0,1,5,オープン戦,7.0,7回表,2,山路,牧田,森,山村,,,1,3,ＤｅＮＡ,DB,,6,広島,C,,,,,,,1塁けん制:ランナー曽根帰塁,1 Rui Kensei: Runner Sone Kirui,,,,,0,,,,,,,,,,,,,,,,,,,,,,,,,,,,,,,,,,,,,,,,,,,,,,,,2019-02-24 07:59:09+00:00,2019-02-24 07:59:09+00:00,0,5319,27,宜野湾,2026-10-01T20:50:19.593663
2019,2019022402,2019-02-24 13:01:00+09:00,74791735,710200.0,1,5,オープン戦,7.0,7回表,2,山路,牧田,森,山村,,,1,3,ＤｅＮＡ,DB,,6,広島,C,,,,,,,また1塁けん制:ランナー曽根帰塁,Mata 1 Rui Kensei: Runner Sone Kirui,,,,,0,,,,,,,,,,,,,,,,,,,,,,,,,,,,,,,,,,,,,,,,,,,,,,,,2019-02-24 07:59:09+00:00,2019-02-24 07:59:09+00:00,0,5319,27,宜野湾,2026-10-01T20:50:19.593663
2019,2019022402,2019-02-24 13:01:00+09:00,74791736,710202.0,1,5,オープン戦,7.0,7回表,2,山路,牧田,森,山村,,,1,3,ＤｅＮＡ,DB,,6,広島,C,,,,,,,2球目:内角高めのストレートを空振りストライク 0-2,2 Tamame: Naikaku Takame no Straight wo Karaburi Strike 0-2,,,,,2,,,,,,,,,,,,,,,,,,,,,,,,,,,,,,,,,,,,,,,,,,,,,,,,2019-02-24 07:59:09+00:00,2019-02-24 07:59:09+00:00,0,5319,27,宜野湾,2026-10-01T20:50:19.593663
2019,2019022402,2019-02-24 13:01:00+09:00,74791737,710203.0,1,5,オープン戦,7.0,7回表,2,山路,牧田,森,山村,,,1,3,ＤｅＮＡ,DB,,6,広島,C,,,,,,,3球目:見逃し三振 1アウト,3 Tamame: Minogashi Sanshin 1 Out,,,,,3,,,,,,,,,,,,,,,,,,,,,,,,,,,,,,,,,,,,,,,,,,,,,,,,2019-02-24 07:59:09+00:00,2019-02-24 07:59:09+00:00,0,5319,27,宜野湾,2026-10-01T20:50:19.593663
2019,2019022402,2019-02-24 13:01:00+09:00,74791738,710300.0,1,5,オープン戦,7.0,7回表,3,山路,牧田,森,山村,,,1,3,ＤｅＮＡ,DB,,6,広島,C,,,,,,,＜4番：正隨＞一死1塁,<4 Ban: Sei ?> Ichi Shi 1 Rui,,,,,0,,,,,,,,,,,,,,,,,,,,,,,,,,,,,,,,,,,,,,,,,,,,,,,,2019-02-24 07:59:09+00:00,2019-02-24 07:59:09+00:00,0,5319,27,宜野湾,2026-10-01T20:50:19.593663
2019,2019022402,2019-02-24 13:01:00+09:00,74791739,710301.0,1,5,オープン戦,7.0,7回表,3,山路,牧田,森,山村,,,1,3,ＤｅＮＡ,DB,,6,広島,C,,,,,,,1球目:初球から打ちにいくもファウル 0-1,1 Tamame: Shokyuu kara Uchi ni Iku mo Foul 0-1,,,,,1,,,,,,,,,,,,,,,,,,,,,,,,,,,,,,,,,,,,,,,,,,,,,,,,2019-02-24 07:59:09+00:00,2019-02-24 07:59:09+00:00,0,5319,27,宜野湾,2026-10-01T20:50:19.593663
2019,2019022402,2019-02-24 13:01:00+09:00,74791740,710302.0,1,5,オープン戦,7.0,7回表,3,山路,牧田,森,山村,,,1,3,ＤｅＮＡ,DB,,6,広島,C,,,,,,,2球目:外角の落ちる球を空振りストライク 0-2,2 Tamame: Gaikaku no Ochiru Tama wo Karaburi Strike 0-2,,,,,2,,,,,,,,,,,,,,,,,,,,,,,,,,,,,,,,,,,,,,,,,,,,,,,,2019-02-24 07:59:09+00:00,2019-02-24 07:59:09+00:00,0,5319,27,宜野湾,2026-10-01T20:50:19.593663
2019,2019022402,2019-02-24 13:01:00+09:00,74791741,710303.0,1,5,オープン戦,7.0,7回表,3,山路,牧田,森,山村,,,1,3,ＤｅＮＡ,DB,,6,広島,C,,,,,,,3球目:外角のストレートを見逃してボール 1-2,3 Tamame: Gaikaku no Straight wo Minogashite Ball 1-2,,,,,3,,,,,,,,,,,,,,,,,,,,,,,,,,,,,,,,,,,,,,,,,,,,,,,,2019-02-24 07:59:09+00:00,2019-02-24 07:59:09+00:00,0,5319,27,宜野湾,2026-10-01T20:50:19.593663
2019,2019022402,2019-02-24 13:01:00+09:00,74791742,710300.0,1,5,オープン戦,7.0,7回表,3,山路,牧田,森,山村,,,1,3,ＤｅＮＡ,DB,,6,広島,C,,,,,,,1塁けん制:ランナー曽根帰塁,1 Rui Kensei: Runner Sone Kirui,,,,,0,,,,,,,,,,,,,,,,,,,,,,,,,,,,,,,,,,,,,,,,,,,,,,,,2019-02-24 07:59:09+00:00,2019-02-24 07:59:09+00:00,0,5319,27,宜野湾,2026-10-01T20:50:19.593663
2019,2019022402,2019-02-24 13:01:00+09:00,74791743,710300.0,1,5,オープン戦,7.0,7回表,3,山路,牧田,森,山村,,,1,3,ＤｅＮＡ,DB,,6,広島,C,,,,,,,また1塁けん制:ランナー曽根帰塁,Mata 1 Rui Kensei: Runner Sone Kirui,,,,,0,,,,,,,,,,,,,,,,,,,,,,,,,,,,,,,,,,,,,,,,,,,,,,,,2019-02-24 07:59:09+00:00,2019-02-24 07:59:09+00:00,0,5319,27,宜野湾,2026-10-01T20:50:19.593663
2019,2019022402,2019-02-24 13:01:00+09:00,74791744,710304.0,1,5,オープン戦,7.0,7回表,3,山路,牧田,森,山村,,,1,3,ＤｅＮＡ,DB,,6,広島,C,,,,,,,4球目:ワンバウンドした球に空振り、三振を喫する 2アウト,"4 Tamame: One Bound Shita Tama ni Karaburi, Sanshin wo Kissuru 2 Out",,,,,4,,,,,,,,,,,,,,,,,,,,,,,,,,,,,,,,,,,,,,,,,,,,,,,,2019-02-24 07:59:09+00:00,2019-02-24 07:59:09+00:00,0,5319,27,宜野湾,2026-10-01T20:50:19.593663
2019,2019022402,2019-02-24 13:01:00+09:00,74791745,710400.0,1,5,オープン戦,7.0,7回表,4,山路,牧田,森,山村,,,1,3,ＤｅＮＡ,DB,,6,広島,C,,,,,,,＜5番：バティスタ＞二死1塁,<5 Ban: Batisuta> Ni Shi 1 Rui,,,,,0,,,,,,,,,,,,,,,,,,,,,,,,,,,,,,,,,,,,,,,,,,,,,,,,2019-02-24 07:59:09+00:00,2019-02-24 07:59:09+00:00,0,5319,27,宜野湾,2026-10-01T20:50:19.593663
2019,2019022402,2019-02-24 13:01:00+09:00,74791746,710401.0,1,5,オープン戦,7.0,7回表,4,山路,牧田,森,山村,,,1,3,ＤｅＮＡ,DB,,6,広島,C,,,,,,,1球目:外角低めのカーブを見逃してボール 1-0,1 Tamame: Gaikaku Hikume no Curve wo Minogashite Ball 1-0,,,,,1,,,,,,,,,,,,,,,,,,,,,,,,,,,,,,,,,,,,,,,,,,,,,,,,2019-02-24 07:59:09+00:00,2019-02-24 07:59:09+00:00,0,5319,27,宜野湾,2026-10-01T20:50:19.593663
2019,2019022402,2019-02-24 13:01:00+09:00,74791747,710400.0,1,5,オープン戦,7.0,7回表,4,山路,牧田,森,山村,,,1,3,ＤｅＮＡ,DB,,6,広島,C,,,,,,,1塁けん制:ランナー曽根帰塁,1 Rui Kensei: Runner Sone Kirui,,,,,0,,,,,,,,,,,,,,,,,,,,,,,,,,,,,,,,,,,,,,,,,,,,,,,,2019-02-24 07:59:09+00:00,2019-02-24 07:59:09+00:00,0,5319,27,宜野湾,2026-10-01T20:50:19.593663
2019,2019022402,2019-02-24 13:01:00+09:00,74791748,710402.0,1,5,オープン戦,7.0,7回表,4,山路,牧田,森,山村,,,1,3,ＤｅＮＡ,DB,,6,広島,C,,,,,,,2球目:外角低めのストレートを見逃してストライク 1-1,2 Tamame: Gaikaku Hikume no Straight wo Minogashite Strike 1-1,,,,,2,,,,,,,,,,,,,,,,,,,,,,,,,,,,,,,,,,,,,,,,,,,,,,,,2019-02-24 07:59:09+00:00,2019-02-24 07:59:09+00:00,0,5319,27,宜野湾,2026-10-01T20:50:19.593663
2019,2019022402,2019-02-24 13:01:00+09:00,74791749,710403.0,1,5,オープン戦,7.0,7回表,4,山路,牧田,森,山村,,,1,3,ＤｅＮＡ,DB,,6,広島,C,,,,,,,3球目:低めの落ちる球を空振りストライク 1-2,3 Tamame: Hikume no Ochiru Tama wo Karaburi Strike 1-2,,,,,3,,,,,,,,,,,,,,,,,,,,,,,,,,,,,,,,,,,,,,,,,,,,,,,,2019-02-24 07:59:09+00:00,2019-02-24 07:59:09+00:00,0,5319,27,宜野湾,2026-10-01T20:50:19.593663
2019,2019022402,2019-02-24 13:01:00+09:00,74791750,710404.0,1,5,オープン戦,7.0,7回表,4,山路,牧田,森,山村,,,1,3,ＤｅＮＡ,DB,,6,広島,C,,,,,,,4球目:ワンバウンドのチェンジアップを見逃してボール 2-2,4 Tamame: One Bound no Change Up wo Minogashite Ball 2-2,,,,,4,,,,,,,,,,,,,,,,,,,,,,,,,,,,,,,,,,,,,,,,,,,,,,,,2019-02-24 07:59:09+00:00,2019-02-24 07:59:09+00:00,0,5319,27,宜野湾,2026-10-01T20:50:19.593663
2019,2019022402,2019-02-24 13:01:00+09:00,74791751,710400.0,1,5,オープン戦,7.0,7回表,4,山路,牧田,森,山村,,,1,3,ＤｅＮＡ,DB,,6,広島,C,,,,,,,1塁けん制:ランナー曽根帰塁,1 Rui Kensei: Runner Sone Kirui,,,,,0,,,,,,,,,,,,,,,,,,,,,,,,,,,,,,,,,,,,,,,,,,,,,,,,2019-02-24 07:59:09+00:00,2019-02-24 07:59:09+00:00,0,5319,27,宜野湾,2026-10-01T20:50:19.593663
2019,2019022402,2019-02-24 13:01:00+09:00,74791752,710405.0,1,5,オープン戦,7.0,7回表,4,山路,牧田,森,山村,,,1,3,ＤｅＮＡ,DB,,6,広島,C,,,,,,,5球目:ど真ん中の球を打ってファウル 2-2,5 Tamame: Domannaka no Tama wo Utte Foul 2-2,,,,,5,,,,,,,,,,,,,,,,,,,,,,,,,,,,,,,,,,,,,,,,,,,,,,,,2019-02-24 07:59:09+00:00,2019-02-24 07:59:09+00:00,0,5319,27,宜野湾,2026-10-01T20:50:19.593663
2019,2019022402,2019-02-24 13:01:00+09:00,74791753,710406.0,1,5,オープン戦,7.0,7回表,4,山路,牧田,森,山村,,,1,3,ＤｅＮＡ,DB,,6,広島,C,,,,,,,6球目:高めのチェンジアップを打ってファウル 2-2,6 Tamame: Takame no Change Up wo Utte Foul 2-2,,,,,6,,,,,,,,,,,,,,,,,,,,,,,,,,,,,,,,,,,,,,,,,,,,,,,,2019-02-24 07:59:09+00:00,2019-02-24 07:59:09+00:00,0,5319,27,宜野湾,2026-10-01T20:50:19.593663
2019,2019022402,2019-02-24 13:01:00+09:00,74791754,710400.0,1,5,オープン戦,7.0,7回表,4,山路,牧田,森,山村,,,1,3,ＤｅＮＡ,DB,,6,広島,C,,,,,,,1塁けん制:ランナー曽根帰塁,1 Rui Kensei: Runner Sone Kirui,,,,,0,,,,,,,,,,,,,,,,,,,,,,,,,,,,,,,,,,,,,,,,,,,,,,,,2019-02-24 07:59:09+00:00,2019-02-24 07:59:09+00:00,0,5319,27,宜野湾,2026-10-01T20:50:19.593663
2019,2019022402,2019-02-24 13:01:00+09:00,74791755,710407.0,1,5,オープン戦,7.0,7回表,4,山路,牧田,森,山村,,,1,3,ＤｅＮＡ,DB,,6,広島,C,,,,,,,7球目:空振り三振でバッターアウト 3アウトチェンジ,7 Tamame: Karaburi Sanshin de Batter Out 3 Out Change,,,,,7,,,,,,,,,,,,,,,,,,,,,,,,,,,,,,,,,,,,,,,,,,,,,,,,2019-02-24 07:59:09+00:00,2019-02-24 07:59:09+00:00,0,5319,27,宜野湾,2026-10-01T20:50:19.593663
2019,2019022402,2019-02-24 13:01:00+09:00,74791756,720100.0,1,5,オープン戦,7.0,7回裏,1,山路,牧田,森,山村,,,1,3,ＤｅＮＡ,DB,,6,広島,C,,,,,,,7回裏 デ3-3広　ＤｅＮＡは9番楠本からの攻撃,7 Kai Ura Des 3-3 KouDeNA wa 9 Ban Kusumoto kara no Kougeki,,,,,0,,,,,,,,,,,,,,,,,,,,,,,,,,,,,,,,,,,,,,,,,,,,,,,,2019-02-24 07:59:09+00:00,2019-02-24 07:59:09+00:00,0,5319,27,宜野湾,2026-10-01T20:50:19.593663
2019,2019022402,2019-02-24 13:01:00+09:00,74791757,720100.0,1,5,オープン戦,7.0,7回裏,1,山路,牧田,森,山村,,,1,3,ＤｅＮＡ,DB,,6,広島,C,,,,,,,＜9番：楠本＞無死走者なし,<9 Ban: Kusumoto> Mushi Sousha Nashi,,,,,0,,,,,,,,,,,,,,,,,,,,,,,,,,,,,,,,,,,,,,,,,,,,,,,,2019-02-24 07:59:09+00:00,2019-02-24 07:59:09+00:00,0,5319,27,宜野湾,2026-10-01T20:50:19.593663
2019,2019022402,2019-02-24 13:01:00+09:00,74791758,720101.0,1,5,オープン戦,7.0,7回裏,1,山路,牧田,森,山村,,,1,3,ＤｅＮＡ,DB,,6,広島,C,,,,,,,1球目:内角低めの変化球を見逃してボール 1-0,1 Tamame: Naikaku Hikume no Henka Kyuu wo Minogashite Ball 1-0,,,,,1,,,,,,,,,,,,,,,,,,,,,,,,,,,,,,,,,,,,,,,,,,,,,,,,2019-02-24 07:59:09+00:00,2019-02-24 07:59:09+00:00,0,5319,27,宜野湾,2026-10-01T20:50:19.593663
2019,2019022402,2019-02-24 13:01:00+09:00,74791759,720102.0,1,5,オープン戦,7.0,7回裏,1,山路,牧田,森,山村,,,1,3,ＤｅＮＡ,DB,,6,広島,C,,,,,,,2球目:ツーベース 2塁,2 Tamame: Two Base 2 Rui,,,,,2,,,,,,,,,,,,,,,,,,,,,,,,,,,,,,,,,,,,,,,,,,,,,,,,2019-02-24 07:59:09+00:00,2019-02-24 07:59:09+00:00,0,5319,27,宜野湾,2026-10-01T20:50:19.593663
2019,2019022402,2019-02-24 13:01:00+09:00,74791760,720200.0,1,5,オープン戦,7.0,7回裏,2,山路,牧田,森,山村,,,1,3,ＤｅＮＡ,DB,,6,広島,C,,,,,,,神里→代打:桑原,Kamisato Daida: Kuwahara,,,,,0,,,,,,,,,,,,,,,,,,,,,,,,,,,,,,,,,,,,,,,,,,,,,,,,2019-02-24 07:59:09+00:00,2019-02-24 07:59:09+00:00,0,5319,27,宜野湾,2026-10-01T20:50:19.593663
2019,2019022402,2019-02-24 13:01:00+09:00,74791761,720200.0,1,5,オープン戦,7.0,7回裏,2,山路,牧田,森,山村,,,1,3,ＤｅＮＡ,DB,,6,広島,C,,,,,,,投手交代:床田→矢崎　守備交代:キャッチャー船越,Toushu Koutai: Tokoda Yazaki Shubi Koutai: Catcher Funakoshi,,,,,0,,,,,,,,,,,,,,,,,,,,,,,,,,,,,,,,,,,,,,,,,,,,,,,,2019-02-24 07:59:09+00:00,2019-02-24 07:59:09+00:00,0,5319,27,宜野湾,2026-10-01T20:50:19.593663
2019,2019022402,2019-02-24 13:01:00+09:00,74791762,720200.0,1,5,オープン戦,7.0,7回裏,2,山路,牧田,森,山村,,,1,3,ＤｅＮＡ,DB,,6,広島,C,,,,,,,＜代打：桑原＞無死2塁,< Daida: Kuwahara> Mushi 2 Rui,,,,,0,,,,,,,,,,,,,,,,,,,,,,,,,,,,,,,,,,,,,,,,,,,,,,,,2019-02-24 07:59:09+00:00,2019-02-24 07:59:09+00:00,0,5319,27,宜野湾,2026-10-01T20:50:19.593663
2019,2019022402,2019-02-24 13:01:00+09:00,74791763,720201.0,1,5,オープン戦,7.0,7回裏,2,山路,牧田,森,山村,,,1,3,ＤｅＮＡ,DB,,6,広島,C,,,,,,,1球目:見事送りバントを決める 1アウト3塁,1 Tamame: Migoto Okuri Bunt wo Kimeru 1 Out 3 Rui,,,,,1,,,,,,,,,,,,,,,,,,,,,,,,,,,,,,,,,,,,,,,,,,,,,,,,2019-02-24 07:59:09+00:00,2019-02-24 07:59:09+00:00,0,5319,27,宜野湾,2026-10-01T20:50:19.593663
2019,2019022402,2019-02-24 13:01:00+09:00,74791764,720300.0,1,5,オープン戦,7.0,7回裏,3,山路,牧田,森,山村,,,1,3,ＤｅＮＡ,DB,,6,広島,C,,,,,,,＜2番：大和＞一死3塁,<2 Ban: Yamato> Ichi Shi 3 Rui,,,,,0,,,,,,,,,,,,,,,,,,,,,,,,,,,,,,,,,,,,,,,,,,,,,,,,2019-02-24 07:59:09+00:00,2019-02-24 07:59:09+00:00,0,5319,27,宜野湾,2026-10-01T20:50:19.593663
2019,2019022402,2019-02-24 13:01:00+09:00,74791765,720301.0,1,5,オープン戦,7.0,7回裏,3,山路,牧田,森,山村,,,1,3,ＤｅＮＡ,DB,,6,広島,C,,,,,,,1球目:低めのストレートを見逃してボール 1-0,1 Tamame: Hikume no Straight wo Minogashite Ball 1-0,,,,,1,,,,,,,,,,,,,,,,,,,,,,,,,,,,,,,,,,,,,,,,,,,,,,,,2019-02-24 07:59:09+00:00,2019-02-24 07:59:09+00:00,0,5319,27,宜野湾,2026-10-01T20:50:19.593663
2019,2019022402,2019-02-24 13:01:00+09:00,74791766,720302.0,1,5,オープン戦,7.0,7回裏,3,山路,牧田,森,山村,,,1,3,ＤｅＮＡ,DB,,6,広島,C,,,,,,,2球目:内角低めのストレートを見逃してボール 2-0,2 Tamame: Naikaku Hikume no Straight wo Minogashite Ball 2-0,,,,,2,,,,,,,,,,,,,,,,,,,,,,,,,,,,,,,,,,,,,,,,,,,,,,,,2019-02-24 07:59:09+00:00,2019-02-24 07:59:09+00:00,0,5319,27,宜野湾,2026-10-01T20:50:19.593663
2019,2019022402,2019-02-24 13:01:00+09:00,74791767,720303.0,1,5,オープン戦,7.0,7回裏,3,山路,牧田,森,山村,,,1,3,ＤｅＮＡ,DB,,6,広島,C,,,,,,,3球目:ショートゴロ,3 Tamame: Short Grounder,,,,,3,,,,,,,,,,,,,,,,,,,,,,,,,,,,,,,,,,,,,,,,,,,,,,,,2019-02-24 07:59:09+00:00,2019-02-24 07:59:09+00:00,0,5319,27,宜野湾,2026-10-01T20:50:19.593663
2019,2019022402,2019-02-24 13:01:00+09:00,74791768,720300.0,1,5,オープン戦,7.0,7回裏,3,山路,牧田,森,山村,,,1,3,ＤｅＮＡ,DB,,6,広島,C,,,,,,,3塁走者楠本は走塁死 2アウト2塁,3 Rui Sousha Kusumoto wa Sourui Shi 2 Out 2 Rui,,,,,0,,,,,,,,,,,,,,,,,,,,,,,,,,,,,,,,,,,,,,,,,,,,,,,,2019-02-24 07:59:09+00:00,2019-02-24 07:59:09+00:00,0,5319,27,宜野湾,2026-10-01T20:50:19.593663
2019,2019022402,2019-02-24 13:01:00+09:00,74791769,720400.0,1,5,オープン戦,7.0,7回裏,4,山路,牧田,森,山村,,,1,3,ＤｅＮＡ,DB,,6,広島,C,,,,,,,＜3番：伊藤裕＞二死2塁,<3 Ban: Itou Hiroshi> Ni Shi 2 Rui,,,,,0,,,,,,,,,,,,,,,,,,,,,,,,,,,,,,,,,,,,,,,,,,,,,,,,2019-02-24 07:59:09+00:00,2019-02-24 07:59:09+00:00,0,5319,27,宜野湾,2026-10-01T20:50:19.593663
2019,2019022402,2019-02-24 13:01:00+09:00,74791770,720401.0,1,5,オープン戦,7.0,7回裏,4,山路,牧田,森,山村,,,1,3,ＤｅＮＡ,DB,,6,広島,C,,,,,,,1球目:初球から打ちにいくもファウル 0-1,1 Tamame: Shokyuu kara Uchi ni Iku mo Foul 0-1,,,,,1,,,,,,,,,,,,,,,,,,,,,,,,,,,,,,,,,,,,,,,,,,,,,,,,2019-02-24 07:59:09+00:00,2019-02-24 07:59:09+00:00,0,5319,27,宜野湾,2026-10-01T20:50:19.593663
2019,2019022402,2019-02-24 13:01:00+09:00,74791771,720402.0,1,5,オープン戦,7.0,7回裏,4,山路,牧田,森,山村,,,1,3,ＤｅＮＡ,DB,,6,広島,C,,,,,,,2球目:低めのフォークを空振りストライク 0-2,2 Tamame: Hikume no Fork wo Karaburi Strike 0-2,,,,,2,,,,,,,,,,,,,,,,,,,,,,,,,,,,,,,,,,,,,,,,,,,,,,,,2019-02-24 07:59:09+00:00,2019-02-24 07:59:09+00:00,0,5319,27,宜野湾,2026-10-01T20:50:19.593663
2019,2019022402,2019-02-24 13:01:00+09:00,74791772,720403.0,1,5,オープン戦,7.0,7回裏,4,山路,牧田,森,山村,,,1,3,ＤｅＮＡ,DB,,6,広島,C,,,,,,,3球目:ワンバウンドのフォークを見逃してボール 1-2,3 Tamame: One Bound no Fork wo Minogashite Ball 1-2,,,,,3,,,,,,,,,,,,,,,,,,,,,,,,,,,,,,,,,,,,,,,,,,,,,,,,2019-02-24 07:59:09+00:00,2019-02-24 07:59:09+00:00,0,5319,27,宜野湾,2026-10-01T20:50:19.593663
2019,2019022402,2019-02-24 13:01:00+09:00,74791773,720404.0,1,5,オープン戦,7.0,7回裏,4,山路,牧田,森,山村,,,1,3,ＤｅＮＡ,DB,,6,広島,C,,,,,,,4球目:ワンバウンドのフォークを見逃してボール 2-2,4 Tamame: One Bound no Fork wo Minogashite Ball 2-2,,,,,4,,,,,,,,,,,,,,,,,,,,,,,,,,,,,,,,,,,,,,,,,,,,,,,,2019-02-24 07:59:09+00:00,2019-02-24 07:59:09+00:00,0,5319,27,宜野湾,2026-10-01T20:50:19.593663
2019,2019022402,2019-02-24 13:01:00+09:00,74791774,720405.0,1,5,オープン戦,7.0,7回裏,4,山路,牧田,森,山村,,,1,3,ＤｅＮＡ,DB,,6,広島,C,,,,,,,5球目:外角低めのフォークを打ってファウル 2-2,5 Tamame: Gaikaku Hikume no Fork wo Utte Foul 2-2,,,,,5,,,,,,,,,,,,,,,,,,,,,,,,,,,,,,,,,,,,,,,,,,,,,,,,2019-02-24 07:59:09+00:00,2019-02-24 07:59:09+00:00,0,5319,27,宜野湾,2026-10-01T20:50:19.593663
2019,2019022402,2019-02-24 13:01:00+09:00,74791775,720406.0,1,5,オープン戦,7.0,7回裏,4,山路,牧田,森,山村,,,1,3,ＤｅＮＡ,DB,,6,広島,C,,,,,,,6球目:高めのストレートを打ってファウル 2-2,6 Tamame: Takame no Straight wo Utte Foul 2-2,,,,,6,,,,,,,,,,,,,,,,,,,,,,,,,,,,,,,,,,,,,,,,,,,,,,,,2019-02-24 07:59:09+00:00,2019-02-24 07:59:09+00:00,0,5319,27,宜野湾,2026-10-01T20:50:19.593663
2019,2019022402,2019-02-24 13:01:00+09:00,74791776,720407.0,1,5,オープン戦,7.0,7回裏,4,山路,牧田,森,山村,,,1,3,ＤｅＮＡ,DB,,6,広島,C,,,,,,,7球目:この球も粘ってファウル 2-2,7 Tamame: Kono Tama mo Nebatte Foul 2-2,,,,,7,,,,,,,,,,,,,,,,,,,,,,,,,,,,,,,,,,,,,,,,,,,,,,,,2019-02-24 07:59:09+00:00,2019-02-24 07:59:09+00:00,0,5319,27,宜野湾,2026-10-01T20:50:19.593663
2019,2019022402,2019-02-24 13:01:00+09:00,74791777,720408.0,1,5,オープン戦,7.0,7回裏,4,山路,牧田,森,山村,,,1,3,ＤｅＮＡ,DB,,6,広島,C,,,,,,,8球目:この球も粘ってファウル 2-2,8 Tamame: Kono Tama mo Nebatte Foul 2-2,,,,,8,,,,,,,,,,,,,,,,,,,,,,,,,,,,,,,,,,,,,,,,,,,,,,,,2019-02-24 07:59:09+00:00,2019-02-24 07:59:09+00:00,0,5319,27,宜野湾,2026-10-01T20:50:19.593663
2019,2019022402,2019-02-24 13:01:00+09:00,74791778,720409.0,1,5,オープン戦,7.0,7回裏,4,山路,牧田,森,山村,,,1,3,ＤｅＮＡ,DB,,6,広島,C,,,,,,,9球目:8球粘るも内角低めのフォークに空振り三振 3アウトチェンジ,9 Tamame:8 Kyuu Nebaru mo Naikaku Hikume no Fork ni Karaburi Sanshin 3 Out Change,,,,,9,,,,,,,,,,,,,,,,,,,,,,,,,,,,,,,,,,,,,,,,,,,,,,,,2019-02-24 07:59:09+00:00,2019-02-24 07:59:09+00:00,0,5319,27,宜野湾,2026-10-01T20:50:19.593663
2019,2019022402,2019-02-24 13:01:00+09:00,74791779,810100.0,1,5,オープン戦,8.0,8回表,1,山路,牧田,森,山村,,,1,3,ＤｅＮＡ,DB,,6,広島,C,,,,,,,8回表 デ3-3広　広島は6番メヒアからの攻撃,8 Kai Hyou Des 3-3 KouHiroshima wa 6 Ban Mehia kara no Kougeki,,,,,0,,,,,,,,,,,,,,,,,,,,,,,,,,,,,,,,,,,,,,,,,,,,,,,,2019-02-24 07:59:09+00:00,2019-02-24 07:59:09+00:00,0,5319,27,宜野湾,2026-10-01T20:50:19.593663
2019,2019022402,2019-02-24 13:01:00+09:00,74791780,810100.0,1,5,オープン戦,8.0,8回表,1,山路,牧田,森,山村,,,1,3,ＤｅＮＡ,DB,,6,広島,C,,,,,,,守備変更:桑原→センター,Shubi Henkou: Kuwahara Center,,,,,0,,,,,,,,,,,,,,,,,,,,,,,,,,,,,,,,,,,,,,,,,,,,,,,,2019-02-24 07:59:09+00:00,2019-02-24 07:59:09+00:00,0,5319,27,宜野湾,2026-10-01T20:50:19.593663
2019,2019022402,2019-02-24 13:01:00+09:00,74791781,810100.0,1,5,オープン戦,8.0,8回表,1,山路,牧田,森,山村,,,1,3,ＤｅＮＡ,DB,,6,広島,C,,,,,,,＜6番：メヒア＞無死走者なし,<6 Ban: Mehia> Mushi Sousha Nashi,,,,,0,,,,,,,,,,,,,,,,,,,,,,,,,,,,,,,,,,,,,,,,,,,,,,,,2019-02-24 07:59:09+00:00,2019-02-24 07:59:09+00:00,0,5319,27,宜野湾,2026-10-01T20:50:19.593663
2019,2019022402,2019-02-24 13:01:00+09:00,74791782,810101.0,1,5,オープン戦,8.0,8回表,1,山路,牧田,森,山村,,,1,3,ＤｅＮＡ,DB,,6,広島,C,,,,,,,1球目:内角低めのスライダーを見逃してボール 1-0,1 Tamame: Naikaku Hikume no Slider wo Minogashite Ball 1-0,,,,,1,,,,,,,,,,,,,,,,,,,,,,,,,,,,,,,,,,,,,,,,,,,,,,,,2019-02-24 07:59:09+00:00,2019-02-24 07:59:09+00:00,0,5319,27,宜野湾,2026-10-01T20:50:19.593663
2019,2019022402,2019-02-24 13:01:00+09:00,74791783,810102.0,1,5,オープン戦,8.0,8回表,1,山路,牧田,森,山村,,,1,3,ＤｅＮＡ,DB,,6,広島,C,,,,,,,2球目:外角のストレートを打ってファウル 1-1,2 Tamame: Gaikaku no Straight wo Utte Foul 1-1,,,,,2,,,,,,,,,,,,,,,,,,,,,,,,,,,,,,,,,,,,,,,,,,,,,,,,2019-02-24 07:59:09+00:00,2019-02-24 07:59:09+00:00,0,5319,27,宜野湾,2026-10-01T20:50:19.593663
2019,2019022402,2019-02-24 13:01:00+09:00,74791784,810103.0,1,5,オープン戦,8.0,8回表,1,山路,牧田,森,山村,,,1,3,ＤｅＮＡ,DB,,6,広島,C,,,,,,,3球目:内角低めのストレートを見逃してストライク 1-2,3 Tamame: Naikaku Hikume no Straight wo Minogashite Strike 1-2,,,,,3,,,,,,,,,,,,,,,,,,,,,,,,,,,,,,,,,,,,,,,,,,,,,,,,2019-02-24 07:59:09+00:00,2019-02-24 07:59:09+00:00,0,5319,27,宜野湾,2026-10-01T20:50:19.593663
2019,2019022402,2019-02-24 13:01:00+09:00,74791785,810104.0,1,5,オープン戦,8.0,8回表,1,山路,牧田,森,山村,,,1,3,ＤｅＮＡ,DB,,6,広島,C,,,,,,,4球目:高めのストレートを打ってファウル 1-2,4 Tamame: Takame no Straight wo Utte Foul 1-2,,,,,4,,,,,,,,,,,,,,,,,,,,,,,,,,,,,,,,,,,,,,,,,,,,,,,,2019-02-24 07:59:09+00:00,2019-02-24 07:59:09+00:00,0,5319,27,宜野湾,2026-10-01T20:50:19.593663
2019,2019022402,2019-02-24 13:01:00+09:00,74791786,810105.0,1,5,オープン戦,8.0,8回表,1,山路,牧田,森,山村,,,1,3,ＤｅＮＡ,DB,,6,広島,C,,,,,,,5球目:ワンバウンドのスライダーを見逃してボール 2-2,5 Tamame: One Bound no Slider wo Minogashite Ball 2-2,,,,,5,,,,,,,,,,,,,,,,,,,,,,,,,,,,,,,,,,,,,,,,,,,,,,,,2019-02-24 07:59:09+00:00,2019-02-24 07:59:09+00:00,0,5319,27,宜野湾,2026-10-01T20:50:19.593663
2019,2019022402,2019-02-24 13:01:00+09:00,74791787,810106.0,1,5,オープン戦,8.0,8回表,1,山路,牧田,森,山村,,,1,3,ＤｅＮＡ,DB,,6,広島,C,,,,,,,6球目:高めのスライダーを打つもライトフライ 1アウト,6 Tamame: Takame no Slider wo Utsu mo Raito Fly 1 Out,,,,,6,,,,,,,,,,,,,,,,,,,,,,,,,,,,,,,,,,,,,,,,,,,,,,,,2019-02-24 07:59:09+00:00,2019-02-24 07:59:09+00:00,0,5319,27,宜野湾,2026-10-01T20:50:19.593663
2019,2019022402,2019-02-24 13:01:00+09:00,74791788,810200.0,1,5,オープン戦,8.0,8回表,2,山路,牧田,森,山村,,,1,3,ＤｅＮＡ,DB,,6,広島,C,,,,,,,＜7番：西川＞一死走者なし,<7 Ban: Nishikawa> Ichi Shi Sousha Nashi,,,,,0,,,,,,,,,,,,,,,,,,,,,,,,,,,,,,,,,,,,,,,,,,,,,,,,2019-02-24 07:59:09+00:00,2019-02-24 07:59:09+00:00,0,5319,27,宜野湾,2026-10-01T20:50:19.593663
2019,2019022402,2019-02-24 13:01:00+09:00,74791789,810201.0,1,5,オープン戦,8.0,8回表,2,山路,牧田,森,山村,,,1,3,ＤｅＮＡ,DB,,6,広島,C,,,,,,,1球目:高めのストレートを見逃してストライク 0-1,1 Tamame: Takame no Straight wo Minogashite Strike 0-1,,,,,1,,,,,,,,,,,,,,,,,,,,,,,,,,,,,,,,,,,,,,,,,,,,,,,,2019-02-24 07:59:09+00:00,2019-02-24 07:59:09+00:00,0,5319,27,宜野湾,2026-10-01T20:50:19.593663
2019,2019022402,2019-02-24 13:01:00+09:00,74791790,810202.0,1,5,オープン戦,8.0,8回表,2,山路,牧田,森,山村,,,1,3,ＤｅＮＡ,DB,,6,広島,C,,,,,,,2球目:高めのスライダーを見逃してストライク 0-2,2 Tamame: Takame no Slider wo Minogashite Strike 0-2,,,,,2,,,,,,,,,,,,,,,,,,,,,,,,,,,,,,,,,,,,,,,,,,,,,,,,2019-02-24 07:59:09+00:00,2019-02-24 07:59:09+00:00,0,5319,27,宜野湾,2026-10-01T20:50:19.593663
2019,2019022402,2019-02-24 13:01:00+09:00,74791791,810203.0,1,5,オープン戦,8.0,8回表,2,山路,牧田,森,山村,,,1,3,ＤｅＮＡ,DB,,6,広島,C,,,,,,,3球目:ワンバウンドのスライダーを見逃してボール 1-2,3 Tamame: One Bound no Slider wo Minogashite Ball 1-2,,,,,3,,,,,,,,,,,,,,,,,,,,,,,,,,,,,,,,,,,,,,,,,,,,,,,,2019-02-24 07:59:09+00:00,2019-02-24 07:59:09+00:00,0,5319,27,宜野湾,2026-10-01T20:50:19.593663
2019,2019022402,2019-02-24 13:01:00+09:00,74791792,810204.0,1,5,オープン戦,8.0,8回表,2,山路,牧田,森,山村,,,1,3,ＤｅＮＡ,DB,,6,広島,C,,,,,,,4球目:ど真ん中のスライダーを打つもセンターフライ 2アウト,4 Tamame: Domannaka no Slider wo Utsu mo Center Fly 2 Out,,,,,4,,,,,,,,,,,,,,,,,,,,,,,,,,,,,,,,,,,,,,,,,,,,,,,,2019-02-24 07:59:09+00:00,2019-02-24 07:59:09+00:00,0,5319,27,宜野湾,2026-10-01T20:50:19.593663
2019,2019022402,2019-02-24 13:01:00+09:00,74791793,810300.0,1,5,オープン戦,8.0,8回表,3,山路,牧田,森,山村,,,1,3,ＤｅＮＡ,DB,,6,広島,C,,,,,,,＜8番：船越＞二死走者なし,<8 Ban: Funakoshi> Ni Shi Sousha Nashi,,,,,0,,,,,,,,,,,,,,,,,,,,,,,,,,,,,,,,,,,,,,,,,,,,,,,,2019-02-24 07:59:09+00:00,2019-02-24 07:59:09+00:00,0,5319,27,宜野湾,2026-10-01T20:50:19.593663
2019,2019022402,2019-02-24 13:01:00+09:00,74791794,810301.0,1,5,オープン戦,8.0,8回表,3,山路,牧田,森,山村,,,1,3,ＤｅＮＡ,DB,,6,広島,C,,,,,,,1球目:外角高めのストレートを打ちにいくもファウル 0-1,1 Tamame: Gaikaku Takame no Straight wo Uchi ni Iku mo Foul 0-1,,,,,1,,,,,,,,,,,,,,,,,,,,,,,,,,,,,,,,,,,,,,,,,,,,,,,,2019-02-24 07:59:09+00:00,2019-02-24 07:59:09+00:00,0,5319,27,宜野湾,2026-10-01T20:50:19.593663
2019,2019022402,2019-02-24 13:01:00+09:00,74791795,810302.0,1,5,オープン戦,8.0,8回表,3,山路,牧田,森,山村,,,1,3,ＤｅＮＡ,DB,,6,広島,C,,,,,,,2球目:外角高めのストレートを見逃してボール 1-1,2 Tamame: Gaikaku Takame no Straight wo Minogashite Ball 1-1,,,,,2,,,,,,,,,,,,,,,,,,,,,,,,,,,,,,,,,,,,,,,,,,,,,,,,2019-02-24 07:59:09+00:00,2019-02-24 07:59:09+00:00,0,5319,27,宜野湾,2026-10-01T20:50:19.593663
2019,2019022402,2019-02-24 13:01:00+09:00,74791796,810303.0,1,5,オープン戦,8.0,8回表,3,山路,牧田,森,山村,,,1,3,ＤｅＮＡ,DB,,6,広島,C,,,,,,,3球目:外角高めの真っ直ぐを打つもセンターフライ 3アウトチェンジ,3 Tamame: Gaikaku Takame no Massugu wo Utsu mo Center Fly 3 Out Change,,,,,3,,,,,,,,,,,,,,,,,,,,,,,,,,,,,,,,,,,,,,,,,,,,,,,,2019-02-24 07:59:09+00:00,2019-02-24 07:59:09+00:00,0,5319,27,宜野湾,2026-10-01T20:50:19.593663
2019,2019022402,2019-02-24 13:01:00+09:00,74791797,820100.0,1,5,オープン戦,8.0,8回裏,1,山路,牧田,森,山村,,,1,3,ＤｅＮＡ,DB,,6,広島,C,,,,,,,8回裏 デ3-3広　ＤｅＮＡは4番細川からの攻撃,8 Kai Ura Des 3-3 KouDeNA wa 4 Ban Hosokawa kara no Kougeki,,,,,0,,,,,,,,,,,,,,,,,,,,,,,,,,,,,,,,,,,,,,,,,,,,,,,,2019-02-24 07:59:09+00:00,2019-02-24 07:59:09+00:00,0,5319,27,宜野湾,2026-10-01T20:50:19.593663
2019,2019022402,2019-02-24 13:01:00+09:00,74791798,820100.0,1,5,オープン戦,8.0,8回裏,1,山路,牧田,森,山村,,,1,3,ＤｅＮＡ,DB,,6,広島,C,,,,,,,守備交代:サード上本　守備交代:センター野間　守備変更:堂林サード→ファースト,Shubi Koutai: Thirdjou Honshubi Koutai: Center Noma Shubi Henkou: Dou Rin Third First,,,,,0,,,,,,,,,,,,,,,,,,,,,,,,,,,,,,,,,,,,,,,,,,,,,,,,2019-02-24 07:59:09+00:00,2019-02-24 07:59:09+00:00,0,5319,27,宜野湾,2026-10-01T20:50:19.593663
2019,2019022402,2019-02-24 13:01:00+09:00,74791799,820100.0,1,5,オープン戦,8.0,8回裏,1,山路,牧田,森,山村,,,1,3,ＤｅＮＡ,DB,,6,広島,C,,,,,,,＜4番：細川＞無死走者なし,<4 Ban: Hosokawa> Mushi Sousha Nashi,,,,,0,,,,,,,,,,,,,,,,,,,,,,,,,,,,,,,,,,,,,,,,,,,,,,,,2019-02-24 07:59:09+00:00,2019-02-24 07:59:09+00:00,0,5319,27,宜野湾,2026-10-01T20:50:19.593663
2019,2019022402,2019-02-24 13:01:00+09:00,74791800,820101.0,1,5,オープン戦,8.0,8回裏,1,山路,牧田,森,山村,,,1,3,ＤｅＮＡ,DB,,6,広島,C,,,,,,,1球目:高めのストレートを空振りストライク 0-1,1 Tamame: Takame no Straight wo Karaburi Strike 0-1,,,,,1,,,,,,,,,,,,,,,,,,,,,,,,,,,,,,,,,,,,,,,,,,,,,,,,2019-02-24 07:59:09+00:00,2019-02-24 07:59:09+00:00,0,5319,27,宜野湾,2026-10-01T20:50:19.593663
2019,2019022402,2019-02-24 13:01:00+09:00,74791801,820102.0,1,5,オープン戦,8.0,8回裏,1,山路,牧田,森,山村,,,1,3,ＤｅＮＡ,DB,,6,広島,C,,,,,,,2球目:低めのフォークを空振りストライク 0-2,2 Tamame: Hikume no Fork wo Karaburi Strike 0-2,,,,,2,,,,,,,,,,,,,,,,,,,,,,,,,,,,,,,,,,,,,,,,,,,,,,,,2019-02-24 07:59:09+00:00,2019-02-24 07:59:09+00:00,0,5319,27,宜野湾,2026-10-01T20:50:19.593663
2019,2019022402,2019-02-24 13:01:00+09:00,74791802,820103.0,1,5,オープン戦,8.0,8回裏,1,山路,牧田,森,山村,,,1,3,ＤｅＮＡ,DB,,6,広島,C,,,,,,,3球目:高めのストレートを見逃してボール 1-2,3 Tamame: Takame no Straight wo Minogashite Ball 1-2,,,,,3,,,,,,,,,,,,,,,,,,,,,,,,,,,,,,,,,,,,,,,,,,,,,,,,2019-02-24 07:59:09+00:00,2019-02-24 07:59:09+00:00,0,5319,27,宜野湾,2026-10-01T20:50:19.593663
2019,2019022402,2019-02-24 13:01:00+09:00,74791803,820104.0,1,5,オープン戦,8.0,8回裏,1,山路,牧田,森,山村,,,1,3,ＤｅＮＡ,DB,,6,広島,C,,,,,,,4球目:外角低めのストレートを見逃してボール 2-2,4 Tamame: Gaikaku Hikume no Straight wo Minogashite Ball 2-2,,,,,4,,,,,,,,,,,,,,,,,,,,,,,,,,,,,,,,,,,,,,,,,,,,,,,,2019-02-24 07:59:09+00:00,2019-02-24 07:59:09+00:00,0,5319,27,宜野湾,2026-10-01T20:50:19.593663
2019,2019022402,2019-02-24 13:01:00+09:00,74791804,820105.0,1,5,オープン戦,8.0,8回裏,1,山路,牧田,森,山村,,,1,3,ＤｅＮＡ,DB,,6,広島,C,,,,,,,5球目:セカンドフライ 1アウト,5 Tamame: Sekando Fly 1 Out,,,,,5,,,,,,,,,,,,,,,,,,,,,,,,,,,,,,,,,,,,,,,,,,,,,,,,2019-02-24 07:59:09+00:00,2019-02-24 07:59:09+00:00,0,5319,27,宜野湾,2026-10-01T20:50:19.593663
2019,2019022402,2019-02-24 13:01:00+09:00,74791805,820200.0,1,5,オープン戦,8.0,8回裏,2,山路,牧田,森,山村,,,1,3,ＤｅＮＡ,DB,,6,広島,C,,,,,,,＜5番：佐野＞一死走者なし,<5 Ban: Sano> Ichi Shi Sousha Nashi,,,,,0,,,,,,,,,,,,,,,,,,,,,,,,,,,,,,,,,,,,,,,,,,,,,,,,2019-02-24 07:59:09+00:00,2019-02-24 07:59:09+00:00,0,5319,27,宜野湾,2026-10-01T20:50:19.593663
2019,2019022402,2019-02-24 13:01:00+09:00,74791806,820201.0,1,5,オープン戦,8.0,8回裏,2,山路,牧田,森,山村,,,1,3,ＤｅＮＡ,DB,,6,広島,C,,,,,,,1球目:外角低めの落ちる球を空振りストライク 0-1,1 Tamame: Gaikaku Hikume no Ochiru Tama wo Karaburi Strike 0-1,,,,,1,,,,,,,,,,,,,,,,,,,,,,,,,,,,,,,,,,,,,,,,,,,,,,,,2019-02-24 07:59:09+00:00,2019-02-24 07:59:09+00:00,0,5319,27,宜野湾,2026-10-01T20:50:19.593663
2019,2019022402,2019-02-24 13:01:00+09:00,74791807,820202.0,1,5,オープン戦,8.0,8回裏,2,山路,牧田,森,山村,,,1,3,ＤｅＮＡ,DB,,6,広島,C,,,,,,,2球目:外角高めのストレートを見逃してボール 1-1,2 Tamame: Gaikaku Takame no Straight wo Minogashite Ball 1-1,,,,,2,,,,,,,,,,,,,,,,,,,,,,,,,,,,,,,,,,,,,,,,,,,,,,,,2019-02-24 07:59:09+00:00,2019-02-24 07:59:09+00:00,0,5319,27,宜野湾,2026-10-01T20:50:19.593663
2019,2019022402,2019-02-24 13:01:00+09:00,74791808,820203.0,1,5,オープン戦,8.0,8回裏,2,山路,牧田,森,山村,,,1,3,ＤｅＮＡ,DB,,6,広島,C,,,,,,,3球目:外角の真っ直ぐをセンターへ打ってヒット 1塁,3 Tamame: Gaikaku no Massugu wo Center e Utte Hit 1 Rui,,,,,3,,,,,,,,,,,,,,,,,,,,,,,,,,,,,,,,,,,,,,,,,,,,,,,,2019-02-24 07:59:09+00:00,2019-02-24 07:59:09+00:00,0,5319,27,宜野湾,2026-10-01T20:50:19.593663
2019,2019022402,2019-02-24 13:01:00+09:00,74791809,820300.0,1,5,オープン戦,8.0,8回裏,3,山路,牧田,森,山村,,,1,3,ＤｅＮＡ,DB,,6,広島,C,,,,,,,＜6番：嶺井＞一死1塁,<6 Ban: Minei> Ichi Shi 1 Rui,,,,,0,,,,,,,,,,,,,,,,,,,,,,,,,,,,,,,,,,,,,,,,,,,,,,,,2019-02-24 07:59:09+00:00,2019-02-24 07:59:09+00:00,0,5319,27,宜野湾,2026-10-01T20:50:19.593663
2019,2019022402,2019-02-24 13:01:00+09:00,74791810,820301.0,1,5,オープン戦,8.0,8回裏,3,山路,牧田,森,山村,,,1,3,ＤｅＮＡ,DB,,6,広島,C,,,,,,,1球目:ワンバウンドのフォークを見逃してボール 1-0,1 Tamame: One Bound no Fork wo Minogashite Ball 1-0,,,,,1,,,,,,,,,,,,,,,,,,,,,,,,,,,,,,,,,,,,,,,,,,,,,,,,2019-02-24 07:59:09+00:00,2019-02-24 07:59:09+00:00,0,5319,27,宜野湾,2026-10-01T20:50:19.593663
2019,2019022402,2019-02-24 13:01:00+09:00,74791811,820302.0,1,5,オープン戦,8.0,8回裏,3,山路,牧田,森,山村,,,1,3,ＤｅＮＡ,DB,,6,広島,C,,,,,,,2球目:内角高めのストレートをのけ反りながらよけてボール 2-0,2 Tamame: Naikaku Takame no Straight wo Nokezorinagara Yokete Ball 2-0,,,,,2,,,,,,,,,,,,,,,,,,,,,,,,,,,,,,,,,,,,,,,,,,,,,,,,2019-02-24 07:59:09+00:00,2019-02-24 07:59:09+00:00,0,5319,27,宜野湾,2026-10-01T20:50:19.593663
2019,2019022402,2019-02-24 13:01:00+09:00,74791812,820303.0,1,5,オープン戦,8.0,8回裏,3,山路,牧田,森,山村,,,1,3,ＤｅＮＡ,DB,,6,広島,C,,,,,,,3球目:高めのストレートを打ってファウル 2-1,3 Tamame: Takame no Straight wo Utte Foul 2-1,,,,,3,,,,,,,,,,,,,,,,,,,,,,,,,,,,,,,,,,,,,,,,,,,,,,,,2019-02-24 07:59:09+00:00,2019-02-24 07:59:09+00:00,0,5319,27,宜野湾,2026-10-01T20:50:19.593663
2019,2019022402,2019-02-24 13:01:00+09:00,74791813,820304.0,1,5,オープン戦,8.0,8回裏,3,山路,牧田,森,山村,,,1,3,ＤｅＮＡ,DB,,6,広島,C,,,,,,,4球目:内角高めの落ちる球を見逃してボール 3-1,4 Tamame: Naikaku Takame no Ochiru Tama wo Minogashite Ball 3-1,,,,,4,,,,,,,,,,,,,,,,,,,,,,,,,,,,,,,,,,,,,,,,,,,,,,,,2019-02-24 07:59:09+00:00,2019-02-24 07:59:09+00:00,0,5319,27,宜野湾,2026-10-01T20:50:19.593663
2019,2019022402,2019-02-24 13:01:00+09:00,74791814,820300.0,1,5,オープン戦,8.0,8回裏,3,山路,牧田,森,山村,,,1,3,ＤｅＮＡ,DB,,6,広島,C,,,,,,,1塁けん制:ランナー佐野帰塁,1 Rui Kensei: Runner Sano Kirui,,,,,0,,,,,,,,,,,,,,,,,,,,,,,,,,,,,,,,,,,,,,,,,,,,,,,,2019-02-24 07:59:09+00:00,2019-02-24 07:59:09+00:00,0,5319,27,宜野湾,2026-10-01T20:50:19.593663
2019,2019022402,2019-02-24 13:01:00+09:00,74791815,820305.0,1,5,オープン戦,8.0,8回裏,3,山路,牧田,森,山村,,,1,3,ＤｅＮＡ,DB,,6,広島,C,,,,,,,5球目:5-4-3のダブルプレー 3アウトチェンジ,5 Tamame:5-4-3 no Double Play 3 Out Change,,,,,5,,,,,,,,,,,,,,,,,,,,,,,,,,,,,,,,,,,,,,,,,,,,,,,,2019-02-24 07:59:09+00:00,2019-02-24 07:59:09+00:00,0,5319,27,宜野湾,2026-10-01T20:50:19.593663
2019,2019022402,2019-02-24 13:01:00+09:00,74791816,910100.0,1,5,オープン戦,9.0,9回表,1,山路,牧田,森,山村,,,1,3,ＤｅＮＡ,DB,,6,広島,C,,,,,,,9回表 デ3-3広　広島は9番堂林からの攻撃,9 Kai Hyou Des 3-3 KouHiroshima wa 9 Ban Dou Rin kara no Kougeki,,,,,0,,,,,,,,,,,,,,,,,,,,,,,,,,,,,,,,,,,,,,,,,,,,,,,,2019-02-24 07:59:09+00:00,2019-02-24 07:59:09+00:00,0,5319,27,宜野湾,2026-10-01T20:50:19.593663
2019,2019022402,2019-02-24 13:01:00+09:00,74791817,910100.0,1,5,オープン戦,9.0,9回表,1,山路,牧田,森,山村,,,1,3,ＤｅＮＡ,DB,,6,広島,C,,,,,,,投手交代:今永→山崎,Toushu Koutai: Ima Hisashi Yamazaki,,,,,0,,,,,,,,,,,,,,,,,,,,,,,,,,,,,,,,,,,,,,,,,,,,,,,,2019-02-24 07:59:09+00:00,2019-02-24 07:59:09+00:00,0,5319,27,宜野湾,2026-10-01T20:50:19.593663
2019,2019022402,2019-02-24 13:01:00+09:00,74791818,910100.0,1,5,オープン戦,9.0,9回表,1,山路,牧田,森,山村,,,1,3,ＤｅＮＡ,DB,,6,広島,C,,,,,,,＜9番：堂林＞無死走者なし,<9 Ban: Dou Rin> Mushi Sousha Nashi,,,,,0,,,,,,,,,,,,,,,,,,,,,,,,,,,,,,,,,,,,,,,,,,,,,,,,2019-02-24 07:59:09+00:00,2019-02-24 07:59:09+00:00,0,5319,27,宜野湾,2026-10-01T20:50:19.593663
2019,2019022402,2019-02-24 13:01:00+09:00,74791819,910101.0,1,5,オープン戦,9.0,9回表,1,山路,牧田,森,山村,,,1,3,ＤｅＮＡ,DB,,6,広島,C,,,,,,,1球目:ショートへの内野安打 1塁,1 Tamame: Short e no Naiya Anda 1 Rui,,,,,1,,,,,,,,,,,,,,,,,,,,,,,,,,,,,,,,,,,,,,,,,,,,,,,,2019-02-24 07:59:09+00:00,2019-02-24 07:59:09+00:00,0,5319,27,宜野湾,2026-10-01T20:50:19.593663
2019,2019022402,2019-02-24 13:01:00+09:00,74791820,910200.0,1,5,オープン戦,9.0,9回表,2,山路,牧田,森,山村,,,1,3,ＤｅＮＡ,DB,,6,広島,C,,,,,,,＜1番：小園＞無死1塁,<1 Ban: Ozono> Mushi 1 Rui,,,,,0,,,,,,,,,,,,,,,,,,,,,,,,,,,,,,,,,,,,,,,,,,,,,,,,2019-02-24 07:59:09+00:00,2019-02-24 07:59:09+00:00,0,5319,27,宜野湾,2026-10-01T20:50:19.593663
2019,2019022402,2019-02-24 13:01:00+09:00,74791821,910201.0,1,5,オープン戦,9.0,9回表,2,山路,牧田,森,山村,,,1,3,ＤｅＮＡ,DB,,6,広島,C,,,,,,,1球目:外角低めのツーシームを空振りストライク 0-1,1 Tamame: Gaikaku Hikume no Two Seam wo Karaburi Strike 0-1,,,,,1,,,,,,,,,,,,,,,,,,,,,,,,,,,,,,,,,,,,,,,,,,,,,,,,2019-02-24 07:59:09+00:00,2019-02-24 07:59:09+00:00,0,5319,27,宜野湾,2026-10-01T20:50:19.593663
2019,2019022402,2019-02-24 13:01:00+09:00,74791822,910202.0,1,5,オープン戦,9.0,9回表,2,山路,牧田,森,山村,,,1,3,ＤｅＮＡ,DB,,6,広島,C,,,,,,,"2球目:レフトへのヒットで出塁 1,2塁","2 Tamame: Left e no Hit de Shutsurui 1,2 Rui",,,,,2,,,,,,,,,,,,,,,,,,,,,,,,,,,,,,,,,,,,,,,,,,,,,,,,2019-02-24 07:59:09+00:00,2019-02-24 07:59:09+00:00,0,5319,27,宜野湾,2026-10-01T20:50:19.593663
2019,2019022402,2019-02-24 13:01:00+09:00,74791823,910300.0,1,5,オープン戦,9.0,9回表,3,山路,牧田,森,山村,,,1,3,ＤｅＮＡ,DB,,6,広島,C,,,,,,,－ＤｅＮＡ:キャッチャー嶺井マウンドへむかう－,-DeNA: Catcher Minei Mound e Mukau -,,,,,0,,,,,,,,,,,,,,,,,,,,,,,,,,,,,,,,,,,,,,,,,,,,,,,,2019-02-24 07:59:09+00:00,2019-02-24 07:59:09+00:00,0,5319,27,宜野湾,2026-10-01T20:50:19.593663
2019,2019022402,2019-02-24 13:01:00+09:00,74791824,910300.0,1,5,オープン戦,9.0,9回表,3,山路,牧田,森,山村,,,1,3,ＤｅＮＡ,DB,,6,広島,C,,,,,,,"＜2番：曽根＞無死1,2塁","<2 Ban: Sone> Mushi 1,2 Rui",,,,,0,,,,,,,,,,,,,,,,,,,,,,,,,,,,,,,,,,,,,,,,,,,,,,,,2019-02-24 07:59:09+00:00,2019-02-24 07:59:09+00:00,0,5319,27,宜野湾,2026-10-01T20:50:19.593663
2019,2019022402,2019-02-24 13:01:00+09:00,74791825,910301.0,1,5,オープン戦,9.0,9回表,3,山路,牧田,森,山村,,,1,3,ＤｅＮＡ,DB,,6,広島,C,,,,,,,1球目:バントの構えからバットを引いてボール 1-0,1 Tamame: Bunt no Kamae kara Batto wo Hiite Ball 1-0,,,,,1,,,,,,,,,,,,,,,,,,,,,,,,,,,,,,,,,,,,,,,,,,,,,,,,2019-02-24 07:59:09+00:00,2019-02-24 07:59:09+00:00,0,5319,27,宜野湾,2026-10-01T20:50:19.593663
2019,2019022402,2019-02-24 13:01:00+09:00,74791826,910302.0,1,5,オープン戦,9.0,9回表,3,山路,牧田,森,山村,,,1,3,ＤｅＮＡ,DB,,6,広島,C,,,,,,,2球目:バントの構えを見せるも外角低めの球を見逃しボール 2-0,2 Tamame: Bunt no Kamae wo Miseru mo Gaikaku Hikume no Tama wo Minogashi Ball 2-0,,,,,2,,,,,,,,,,,,,,,,,,,,,,,,,,,,,,,,,,,,,,,,,,,,,,,,2019-02-24 07:59:09+00:00,2019-02-24 07:59:09+00:00,0,5319,27,宜野湾,2026-10-01T20:50:19.593663
2019,2019022402,2019-02-24 13:01:00+09:00,74791827,910303.0,1,5,オープン戦,9.0,9回表,3,山路,牧田,森,山村,,,1,3,ＤｅＮＡ,DB,,6,広島,C,,,,,,,"3球目:見事送りバントを決める 1アウト2,3塁","3 Tamame: Migoto Okuri Bunt wo Kimeru 1 Out 2,3 Rui",,,,,3,,,,,,,,,,,,,,,,,,,,,,,,,,,,,,,,,,,,,,,,,,,,,,,,2019-02-24 07:59:09+00:00,2019-02-24 07:59:09+00:00,0,5319,27,宜野湾,2026-10-01T20:50:19.593663
2019,2019022402,2019-02-24 13:01:00+09:00,74791828,910400.0,1,5,オープン戦,9.0,9回表,4,山路,牧田,森,山村,,,1,3,ＤｅＮＡ,DB,,6,広島,C,,,,,,,"＜3番：坂倉＞一死2,3塁","<3 Ban: Sakakura> Ichi Shi 2,3 Rui",,,,,0,,,,,,,,,,,,,,,,,,,,,,,,,,,,,,,,,,,,,,,,,,,,,,,,2019-02-24 07:59:09+00:00,2019-02-24 07:59:09+00:00,0,5319,27,宜野湾,2026-10-01T20:50:19.593663
2019,2019022402,2019-02-24 13:01:00+09:00,74791829,910401.0,1,5,オープン戦,9.0,9回表,4,山路,牧田,森,山村,,,1,3,ＤｅＮＡ,DB,,6,広島,C,,,,,,,1球目:高めのストレートを打ちにいくもファウル 0-1,1 Tamame: Takame no Straight wo Uchi ni Iku mo Foul 0-1,,,,,1,,,,,,,,,,,,,,,,,,,,,,,,,,,,,,,,,,,,,,,,,,,,,,,,2019-02-24 07:59:09+00:00,2019-02-24 07:59:09+00:00,0,5319,27,宜野湾,2026-10-01T20:50:19.593663
2019,2019022402,2019-02-24 13:01:00+09:00,74791830,910402.0,1,5,オープン戦,9.0,9回表,4,山路,牧田,森,山村,,,1,3,ＤｅＮＡ,DB,,6,広島,C,,,,,,,2球目:高めのつり球に手を出しファウル 0-2,2 Tamame: Takame no Tsuri Tama ni Te wo Dashi Foul 0-2,,,,,2,,,,,,,,,,,,,,,,,,,,,,,,,,,,,,,,,,,,,,,,,,,,,,,,2019-02-24 07:59:09+00:00,2019-02-24 07:59:09+00:00,0,5319,27,宜野湾,2026-10-01T20:50:19.593663
2019,2019022402,2019-02-24 13:01:00+09:00,74791831,910403.0,1,5,オープン戦,9.0,9回表,4,山路,牧田,森,山村,,,1,3,ＤｅＮＡ,DB,,6,広島,C,,,,,,,3球目:外角のストレートを見逃してボール 1-2,3 Tamame: Gaikaku no Straight wo Minogashite Ball 1-2,,,,,3,,,,,,,,,,,,,,,,,,,,,,,,,,,,,,,,,,,,,,,,,,,,,,,,2019-02-24 07:59:09+00:00,2019-02-24 07:59:09+00:00,0,5319,27,宜野湾,2026-10-01T20:50:19.593663
2019,2019022402,2019-02-24 13:01:00+09:00,74791832,910404.0,1,5,オープン戦,9.0,9回表,4,山路,牧田,森,山村,,,1,3,ＤｅＮＡ,DB,,6,広島,C,,,,,,,4球目:見逃し三振 2アウト,4 Tamame: Minogashi Sanshin 2 Out,,,,,4,,,,,,,,,,,,,,,,,,,,,,,,,,,,,,,,,,,,,,,,,,,,,,,,2019-02-24 07:59:09+00:00,2019-02-24 07:59:09+00:00,0,5319,27,宜野湾,2026-10-01T20:50:19.593663
2019,2019022402,2019-02-24 13:01:00+09:00,74791833,910500.0,1,5,オープン戦,9.0,9回表,5,山路,牧田,森,山村,,,1,3,ＤｅＮＡ,DB,,6,広島,C,,,,,,,－ＤｅＮＡ:コーチマウンドへむかう－,-DeNA: Coach Mound e Mukau -,,,,,0,,,,,,,,,,,,,,,,,,,,,,,,,,,,,,,,,,,,,,,,,,,,,,,,2019-02-24 07:59:09+00:00,2019-02-24 07:59:09+00:00,0,5319,27,宜野湾,2026-10-01T20:50:19.593663
2019,2019022402,2019-02-24 13:01:00+09:00,74791834,910500.0,1,5,オープン戦,9.0,9回表,5,山路,牧田,森,山村,,,1,3,ＤｅＮＡ,DB,,6,広島,C,,,,,,,正隨→代打:松山,Sei ? Daida: Matsuyama,,,,,0,,,,,,,,,,,,,,,,,,,,,,,,,,,,,,,,,,,,,,,,,,,,,,,,2019-02-24 07:59:09+00:00,2019-02-24 07:59:09+00:00,0,5319,27,宜野湾,2026-10-01T20:50:19.593663
2019,2019022402,2019-02-24 13:01:00+09:00,74791835,910500.0,1,5,オープン戦,9.0,9回表,5,山路,牧田,森,山村,,,1,3,ＤｅＮＡ,DB,,6,広島,C,,,,,,,"＜代打：松山＞二死2,3塁","< Daida: Matsuyama> Ni Shi 2,3 Rui",,,,,0,,,,,,,,,,,,,,,,,,,,,,,,,,,,,,,,,,,,,,,,,,,,,,,,2019-02-24 07:59:09+00:00,2019-02-24 07:59:09+00:00,0,5319,27,宜野湾,2026-10-01T20:50:19.593663
2019,2019022402,2019-02-24 13:01:00+09:00,74791836,910501.0,1,5,オープン戦,9.0,9回表,5,山路,牧田,森,山村,,,1,3,ＤｅＮＡ,DB,,6,広島,C,,,,,,,1球目:ワンバウンドの球を見逃してボール 1-0,1 Tamame: One Bound no Tama wo Minogashite Ball 1-0,,,,,1,,,,,,,,,,,,,,,,,,,,,,,,,,,,,,,,,,,,,,,,,,,,,,,,2019-02-24 07:59:09+00:00,2019-02-24 07:59:09+00:00,0,5319,27,宜野湾,2026-10-01T20:50:19.593663
2019,2019022402,2019-02-24 13:01:00+09:00,74791837,910502.0,1,5,オープン戦,9.0,9回表,5,山路,牧田,森,山村,,,1,3,ＤｅＮＡ,DB,,6,広島,C,,,,,,,"2球目:ランナー2,3塁の1-0から勝ち越しのタイムリーヒット！ デ3-4広 1,3塁","2 Tamame: Runner 2,3 Rui no 1-0 kara Kachikoshi no Timely Hit! Des 3-4 Kou1,3 Rui",,,,,2,,,,,,,,,,,,,,,,,,,,,,,,,,,,,,,,,,,,,,,,,,,,,,,,2019-02-24 07:59:09+00:00,2019-02-24 07:59:09+00:00,0,5319,27,宜野湾,2026-10-01T20:50:19.593663
2019,2019022402,2019-02-24 13:01:00+09:00,74791838,910600.0,1,5,オープン戦,9.0,9回表,6,山路,牧田,森,山村,,,1,3,ＤｅＮＡ,DB,,6,広島,C,,,,,,,1塁松山→代走:庄司,1 Rui Matsuyama Daisou: Shouji,,,,,0,,,,,,,,,,,,,,,,,,,,,,,,,,,,,,,,,,,,,,,,,,,,,,,,2019-02-24 07:59:09+00:00,2019-02-24 07:59:09+00:00,0,5319,27,宜野湾,2026-10-01T20:50:19.593663
2019,2019022402,2019-02-24 13:01:00+09:00,74791839,910600.0,1,5,オープン戦,9.0,9回表,6,山路,牧田,森,山村,,,1,3,ＤｅＮＡ,DB,,6,広島,C,,,,,,,"＜5番：バティスタ＞二死1,3塁","<5 Ban: Batisuta> Ni Shi 1,3 Rui",,,,,0,,,,,,,,,,,,,,,,,,,,,,,,,,,,,,,,,,,,,,,,,,,,,,,,2019-02-24 07:59:09+00:00,2019-02-24 07:59:09+00:00,0,5319,27,宜野湾,2026-10-01T20:50:19.593663
2019,2019022402,2019-02-24 13:01:00+09:00,74791840,910601.0,1,5,オープン戦,9.0,9回表,6,山路,牧田,森,山村,,,1,3,ＤｅＮＡ,DB,,6,広島,C,,,,,,,1球目:外角低めのツーシームを空振りストライク 0-1,1 Tamame: Gaikaku Hikume no Two Seam wo Karaburi Strike 0-1,,,,,1,,,,,,,,,,,,,,,,,,,,,,,,,,,,,,,,,,,,,,,,,,,,,,,,2019-02-24 07:59:09+00:00,2019-02-24 07:59:09+00:00,0,5319,27,宜野湾,2026-10-01T20:50:19.593663
2019,2019022402,2019-02-24 13:01:00+09:00,74791841,910602.0,1,5,オープン戦,9.0,9回表,6,山路,牧田,森,山村,,,1,3,ＤｅＮＡ,DB,,6,広島,C,,,,,,,2球目:ワンバウンドの球を見逃してボール 1-1,2 Tamame: One Bound no Tama wo Minogashite Ball 1-1,,,,,2,,,,,,,,,,,,,,,,,,,,,,,,,,,,,,,,,,,,,,,,,,,,,,,,2019-02-24 07:59:09+00:00,2019-02-24 07:59:09+00:00,0,5319,27,宜野湾,2026-10-01T20:50:19.593663
2019,2019022402,2019-02-24 13:01:00+09:00,74791842,910603.0,1,5,オープン戦,9.0,9回表,6,山路,牧田,森,山村,,,1,3,ＤｅＮＡ,DB,,6,広島,C,,,,,,,3球目:内角高めのストレートを打ってファウル 1-2,3 Tamame: Naikaku Takame no Straight wo Utte Foul 1-2,,,,,3,,,,,,,,,,,,,,,,,,,,,,,,,,,,,,,,,,,,,,,,,,,,,,,,2019-02-24 07:59:09+00:00,2019-02-24 07:59:09+00:00,0,5319,27,宜野湾,2026-10-01T20:50:19.593663
2019,2019022402,2019-02-24 13:01:00+09:00,74791843,910604.0,1,5,オープン戦,9.0,9回表,6,山路,牧田,森,山村,,,1,3,ＤｅＮＡ,DB,,6,広島,C,,,,,,,4球目:ど真ん中の球を打ってファウル 1-2,4 Tamame: Domannaka no Tama wo Utte Foul 1-2,,,,,4,,,,,,,,,,,,,,,,,,,,,,,,,,,,,,,,,,,,,,,,,,,,,,,,2019-02-24 07:59:09+00:00,2019-02-24 07:59:09+00:00,0,5319,27,宜野湾,2026-10-01T20:50:19.593663
2019,2019022402,2019-02-24 13:01:00+09:00,74791844,910605.0,1,5,オープン戦,9.0,9回表,6,山路,牧田,森,山村,,,1,3,ＤｅＮＡ,DB,,6,広島,C,,,,,,,5球目:ランナーがスタートを切るも打球はファウルゾーンへ 1-2,5 Tamame: Runner ga Start wo Kiru mo Dakyuu wa Foul Zone e 1-2,,,,,5,,,,,,,,,,,,,,,,,,,,,,,,,,,,,,,,,,,,,,,,,,,,,,,,2019-02-24 07:59:09+00:00,2019-02-24 07:59:09+00:00,0,5319,27,宜野湾,2026-10-01T20:50:19.593663
2019,2019022402,2019-02-24 13:01:00+09:00,74791845,910606.0,1,5,オープン戦,9.0,9回表,6,山路,牧田,森,山村,,,1,3,ＤｅＮＡ,DB,,6,広島,C,,,,,,,6球目:サードゴロ 3アウトチェンジ,6 Tamame: Third Grounder 3 Out Change,,,,,6,,,,,,,,,,,,,,,,,,,,,,,,,,,,,,,,,,,,,,,,,,,,,,,,2019-02-24 07:59:09+00:00,2019-02-24 07:59:09+00:00,0,5319,27,宜野湾,2026-10-01T20:50:19.593663
2019,2019022402,2019-02-24 13:01:00+09:00,74791846,920100.0,1,5,オープン戦,9.0,9回裏,1,山路,牧田,森,山村,,,1,3,ＤｅＮＡ,DB,,6,広島,C,,,,,,,9回裏 デ3-4広　ＤｅＮＡは7番柴田からの攻撃,9 Kai Ura Des 3-4 KouDeNA wa 7 Ban Shibata kara no Kougeki,,,,,0,,,,,,,,,,,,,,,,,,,,,,,,,,,,,,,,,,,,,,,,,,,,,,,,2019-02-24 07:59:09+00:00,2019-02-24 07:59:09+00:00,0,5319,27,宜野湾,2026-10-01T20:50:19.593663
2019,2019022402,2019-02-24 13:01:00+09:00,74791847,920100.0,1,5,オープン戦,9.0,9回裏,1,山路,牧田,森,山村,,,1,3,ＤｅＮＡ,DB,,6,広島,C,,,,,,,ピッチャー矢崎に代わって飯田がマウンドにあがる　守備変更:曽根セカンド→ライト　守備変更:庄司→セカンド,Pitcher Yazaki ni Kawatte Iida ga Mound ni Agaru Shubi Henkou: Sone Sekando Raito Shubi Henkou: Shouji Sekando,,,,,0,,,,,,,,,,,,,,,,,,,,,,,,,,,,,,,,,,,,,,,,,,,,,,,,2019-02-24 07:59:09+00:00,2019-02-24 07:59:09+00:00,0,5319,27,宜野湾,2026-10-01T20:50:19.593663
2019,2019022402,2019-02-24 13:01:00+09:00,74791848,920100.0,1,5,オープン戦,9.0,9回裏,1,山路,牧田,森,山村,,,1,3,ＤｅＮＡ,DB,,6,広島,C,,,,,,,＜7番：柴田＞無死走者なし,<7 Ban: Shibata> Mushi Sousha Nashi,,,,,0,,,,,,,,,,,,,,,,,,,,,,,,,,,,,,,,,,,,,,,,,,,,,,,,2019-02-24 07:59:09+00:00,2019-02-24 07:59:09+00:00,0,5319,27,宜野湾,2026-10-01T20:50:19.593663
2019,2019022402,2019-02-24 13:01:00+09:00,74791849,920101.0,1,5,オープン戦,9.0,9回裏,1,山路,牧田,森,山村,,,1,3,ＤｅＮＡ,DB,,6,広島,C,,,,,,,1球目:外角低めのスライダーを見逃してボール 1-0,1 Tamame: Gaikaku Hikume no Slider wo Minogashite Ball 1-0,,,,,1,,,,,,,,,,,,,,,,,,,,,,,,,,,,,,,,,,,,,,,,,,,,,,,,2019-02-24 07:59:09+00:00,2019-02-24 07:59:09+00:00,0,5319,27,宜野湾,2026-10-01T20:50:19.593663
2019,2019022402,2019-02-24 13:01:00+09:00,74791850,920102.0,1,5,オープン戦,9.0,9回裏,1,山路,牧田,森,山村,,,1,3,ＤｅＮＡ,DB,,6,広島,C,,,,,,,2球目:外角高めのストレートを打ってファウル 1-1,2 Tamame: Gaikaku Takame no Straight wo Utte Foul 1-1,,,,,2,,,,,,,,,,,,,,,,,,,,,,,,,,,,,,,,,,,,,,,,,,,,,,,,2019-02-24 07:59:09+00:00,2019-02-24 07:59:09+00:00,0,5319,27,宜野湾,2026-10-01T20:50:19.593663
2019,2019022402,2019-02-24 13:01:00+09:00,74791851,920103.0,1,5,オープン戦,9.0,9回裏,1,山路,牧田,森,山村,,,1,3,ＤｅＮＡ,DB,,6,広島,C,,,,,,,3球目:外角低めのスライダーを見逃してボール 2-1,3 Tamame: Gaikaku Hikume no Slider wo Minogashite Ball 2-1,,,,,3,,,,,,,,,,,,,,,,,,,,,,,,,,,,,,,,,,,,,,,,,,,,,,,,2019-02-24 07:59:09+00:00,2019-02-24 07:59:09+00:00,0,5319,27,宜野湾,2026-10-01T20:50:19.593663
2019,2019022402,2019-02-24 13:01:00+09:00,74791852,920104.0,1,5,オープン戦,9.0,9回裏,1,山路,牧田,森,山村,,,1,3,ＤｅＮＡ,DB,,6,広島,C,,,,,,,4球目:内角低めのストレートを見逃してボール 3-1,4 Tamame: Naikaku Hikume no Straight wo Minogashite Ball 3-1,,,,,4,,,,,,,,,,,,,,,,,,,,,,,,,,,,,,,,,,,,,,,,,,,,,,,,2019-02-24 07:59:09+00:00,2019-02-24 07:59:09+00:00,0,5319,27,宜野湾,2026-10-01T20:50:19.593663
2019,2019022402,2019-02-24 13:01:00+09:00,74791853,920105.0,1,5,オープン戦,9.0,9回裏,1,山路,牧田,森,山村,,,1,3,ＤｅＮＡ,DB,,6,広島,C,,,,,,,5球目:センターへのヒットを放つ 1塁,5 Tamame: Center e no Hit wo Hanatsu 1 Rui,,,,,5,,,,,,,,,,,,,,,,,,,,,,,,,,,,,,,,,,,,,,,,,,,,,,,,2019-02-24 07:59:09+00:00,2019-02-24 07:59:09+00:00,0,5319,27,宜野湾,2026-10-01T20:50:19.593663
2019,2019022402,2019-02-24 13:01:00+09:00,74791854,920200.0,1,5,オープン戦,9.0,9回裏,2,山路,牧田,森,山村,,,1,3,ＤｅＮＡ,DB,,6,広島,C,,,,,,,倉本→代打:知野　1塁柴田→代走:宮本,Kuramoto Daida: Chino 1 Rui Shibata Daisou: Miyamoto,,,,,0,,,,,,,,,,,,,,,,,,,,,,,,,,,,,,,,,,,,,,,,,,,,,,,,2019-02-24 07:59:09+00:00,2019-02-24 07:59:09+00:00,0,5319,27,宜野湾,2026-10-01T20:50:19.593663
2019,2019022402,2019-02-24 13:01:00+09:00,74791855,920200.0,1,5,オープン戦,9.0,9回裏,2,山路,牧田,森,山村,,,1,3,ＤｅＮＡ,DB,,6,広島,C,,,,,,,＜代打：知野＞無死1塁,< Daida: Chino> Mushi 1 Rui,,,,,0,,,,,,,,,,,,,,,,,,,,,,,,,,,,,,,,,,,,,,,,,,,,,,,,2019-02-24 07:59:09+00:00,2019-02-24 07:59:09+00:00,0,5319,27,宜野湾,2026-10-01T20:50:19.593663
2019,2019022402,2019-02-24 13:01:00+09:00,74791856,920200.0,1,5,オープン戦,9.0,9回裏,2,山路,牧田,森,山村,,,1,3,ＤｅＮＡ,DB,,6,広島,C,,,,,,,1塁けん制:ランナー宮本帰塁,1 Rui Kensei: Runner Miyamoto Kirui,,,,,0,,,,,,,,,,,,,,,,,,,,,,,,,,,,,,,,,,,,,,,,,,,,,,,,2019-02-24 07:59:09+00:00,2019-02-24 07:59:09+00:00,0,5319,27,宜野湾,2026-10-01T20:50:19.593663
2019,2019022402,2019-02-24 13:01:00+09:00,74791857,920201.0,1,5,オープン戦,9.0,9回裏,2,山路,牧田,森,山村,,,1,3,ＤｅＮＡ,DB,,6,広島,C,,,,,,,1球目:外角高めのストレートを見逃してボール 1-0,1 Tamame: Gaikaku Takame no Straight wo Minogashite Ball 1-0,,,,,1,,,,,,,,,,,,,,,,,,,,,,,,,,,,,,,,,,,,,,,,,,,,,,,,2019-02-24 07:59:09+00:00,2019-02-24 07:59:09+00:00,0,5319,27,宜野湾,2026-10-01T20:50:19.593663
2019,2019022402,2019-02-24 13:01:00+09:00,74791858,920202.0,1,5,オープン戦,9.0,9回裏,2,山路,牧田,森,山村,,,1,3,ＤｅＮＡ,DB,,6,広島,C,,,,,,,2球目:内角低めのスライダーを打つも自打球となりファウル 1-1,2 Tamame: Naikaku Hikume no Slider wo Utsu mo Ji Dakyuu to Nari Foul 1-1,,,,,2,,,,,,,,,,,,,,,,,,,,,,,,,,,,,,,,,,,,,,,,,,,,,,,,2019-02-24 07:59:09+00:00,2019-02-24 07:59:09+00:00,0,5319,27,宜野湾,2026-10-01T20:50:19.593663
2019,2019022402,2019-02-24 13:01:00+09:00,74791859,920200.0,1,5,オープン戦,9.0,9回裏,2,山路,牧田,森,山村,,,1,3,ＤｅＮＡ,DB,,6,広島,C,,,,,,,1塁けん制:ランナー宮本帰塁,1 Rui Kensei: Runner Miyamoto Kirui,,,,,0,,,,,,,,,,,,,,,,,,,,,,,,,,,,,,,,,,,,,,,,,,,,,,,,2019-02-24 07:59:09+00:00,2019-02-24 07:59:09+00:00,0,5319,27,宜野湾,2026-10-01T20:50:19.593663
2019,2019022402,2019-02-24 13:01:00+09:00,74791860,920200.0,1,5,オープン戦,9.0,9回裏,2,山路,牧田,森,山村,,,1,3,ＤｅＮＡ,DB,,6,広島,C,,,,,,,また1塁けん制:ランナー宮本帰塁,Mata 1 Rui Kensei: Runner Miyamoto Kirui,,,,,0,,,,,,,,,,,,,,,,,,,,,,,,,,,,,,,,,,,,,,,,,,,,,,,,2019-02-24 07:59:09+00:00,2019-02-24 07:59:09+00:00,0,5319,27,宜野湾,2026-10-01T20:50:19.593663
2019,2019022402,2019-02-24 13:01:00+09:00,74791861,920203.0,1,5,オープン戦,9.0,9回裏,2,山路,牧田,森,山村,,,1,3,ＤｅＮＡ,DB,,6,広島,C,,,,,,,3球目:内角低めの変化球を空振りストライク 1-2,3 Tamame: Naikaku Hikume no Henka Kyuu wo Karaburi Strike 1-2,,,,,3,,,,,,,,,,,,,,,,,,,,,,,,,,,,,,,,,,,,,,,,,,,,,,,,2019-02-24 07:59:09+00:00,2019-02-24 07:59:09+00:00,0,5319,27,宜野湾,2026-10-01T20:50:19.593663
2019,2019022402,2019-02-24 13:01:00+09:00,74791862,920200.0,1,5,オープン戦,9.0,9回裏,2,山路,牧田,森,山村,,,1,3,ＤｅＮＡ,DB,,6,広島,C,,,,,,,一塁走者宮本:盗塁成功 2塁,Ichirui Sousha Miyamoto: Tourui Seikou 2 Rui,,,,,0,,,,,,,,,,,,,,,,,,,,,,,,,,,,,,,,,,,,,,,,,,,,,,,,2019-02-24 07:59:09+00:00,2019-02-24 07:59:09+00:00,0,5319,27,宜野湾,2026-10-01T20:50:19.593663
2019,2019022402,2019-02-24 13:01:00+09:00,74791863,920204.0,1,5,オープン戦,9.0,9回裏,2,山路,牧田,森,山村,,,1,3,ＤｅＮＡ,DB,,6,広島,C,,,,,,,4球目:内角低めのストレートを見逃してボール 2-2,4 Tamame: Naikaku Hikume no Straight wo Minogashite Ball 2-2,,,,,4,,,,,,,,,,,,,,,,,,,,,,,,,,,,,,,,,,,,,,,,,,,,,,,,2019-02-24 07:59:09+00:00,2019-02-24 07:59:09+00:00,0,5319,27,宜野湾,2026-10-01T20:50:19.593663
2019,2019022402,2019-02-24 13:01:00+09:00,74791864,920205.0,1,5,オープン戦,9.0,9回裏,2,山路,牧田,森,山村,,,1,3,ＤｅＮＡ,DB,,6,広島,C,,,,,,,5球目:低めのチェンジアップを打ってファウル 2-2,5 Tamame: Hikume no Change Up wo Utte Foul 2-2,,,,,5,,,,,,,,,,,,,,,,,,,,,,,,,,,,,,,,,,,,,,,,,,,,,,,,2019-02-24 07:59:09+00:00,2019-02-24 07:59:09+00:00,0,5319,27,宜野湾,2026-10-01T20:50:19.593663
2019,2019022402,2019-02-24 13:01:00+09:00,74791865,920206.0,1,5,オープン戦,9.0,9回裏,2,山路,牧田,森,山村,,,1,3,ＤｅＮＡ,DB,,6,広島,C,,,,,,,6球目:守備妨害,6 Tamame: Shubi Bougai,,,,,6,,,,,,,,,,,,,,,,,,,,,,,,,,,,,,,,,,,,,,,,,,,,,,,,2019-02-24 07:59:09+00:00,2019-02-24 07:59:09+00:00,0,5319,27,宜野湾,2026-10-01T20:50:19.593663
2019,2019022402,2019-02-24 13:01:00+09:00,74791866,920200.0,1,5,オープン戦,9.0,9回裏,2,山路,牧田,森,山村,,,1,3,ＤｅＮＡ,DB,,6,広島,C,,,,,,,打者知野は守備妨害によりアウト 1アウト,Dasha Chino wa Shubi Bougai ni Yori Out 1 Out,,,,,0,,,,,,,,,,,,,,,,,,,,,,,,,,,,,,,,,,,,,,,,,,,,,,,,2019-02-24 07:59:09+00:00,2019-02-24 07:59:09+00:00,0,5319,27,宜野湾,2026-10-01T20:50:19.593663
2019,2019022402,2019-02-24 13:01:00+09:00,74791867,920300.0,1,5,オープン戦,9.0,9回裏,3,山路,牧田,森,山村,,,1,3,ＤｅＮＡ,DB,,6,広島,C,,,,,,,－治療中－,- Chiryouchuu -,,,,,0,,,,,,,,,,,,,,,,,,,,,,,,,,,,,,,,,,,,,,,,,,,,,,,,2019-02-24 07:59:09+00:00,2019-02-24 07:59:09+00:00,0,5319,27,宜野湾,2026-10-01T20:50:19.593663
2019,2019022402,2019-02-24 13:01:00+09:00,74791868,920300.0,1,5,オープン戦,9.0,9回裏,3,山路,牧田,森,山村,,,1,3,ＤｅＮＡ,DB,,6,広島,C,,,,,,,＜9番：楠本＞一死2塁,<9 Ban: Kusumoto> Ichi Shi 2 Rui,,,,,0,,,,,,,,,,,,,,,,,,,,,,,,,,,,,,,,,,,,,,,,,,,,,,,,2019-02-24 07:59:09+00:00,2019-02-24 07:59:09+00:00,0,5319,27,宜野湾,2026-10-01T20:50:19.593663
2019,2019022402,2019-02-24 13:01:00+09:00,74791869,920301.0,1,5,オープン戦,9.0,9回裏,3,山路,牧田,森,山村,,,1,3,ＤｅＮＡ,DB,,6,広島,C,,,,,,,1球目:内角の変化球を見逃してストライク 0-1,1 Tamame: Naikaku no Henka Kyuu wo Minogashite Strike 0-1,,,,,1,,,,,,,,,,,,,,,,,,,,,,,,,,,,,,,,,,,,,,,,,,,,,,,,2019-02-24 07:59:09+00:00,2019-02-24 07:59:09+00:00,0,5319,27,宜野湾,2026-10-01T20:50:19.593663
2019,2019022402,2019-02-24 13:01:00+09:00,74791870,920302.0,1,5,オープン戦,9.0,9回裏,3,山路,牧田,森,山村,,,1,3,ＤｅＮＡ,DB,,6,広島,C,,,,,,,2球目:外角低めのストレートを見逃してボール 1-1,2 Tamame: Gaikaku Hikume no Straight wo Minogashite Ball 1-1,,,,,2,,,,,,,,,,,,,,,,,,,,,,,,,,,,,,,,,,,,,,,,,,,,,,,,2019-02-24 07:59:09+00:00,2019-02-24 07:59:09+00:00,0,5319,27,宜野湾,2026-10-01T20:50:19.593663
2019,2019022402,2019-02-24 13:01:00+09:00,74791871,920303.0,1,5,オープン戦,9.0,9回裏,3,山路,牧田,森,山村,,,1,3,ＤｅＮＡ,DB,,6,広島,C,,,,,,,3球目:外角低めの変化球を見逃してボール 2-1,3 Tamame: Gaikaku Hikume no Henka Kyuu wo Minogashite Ball 2-1,,,,,3,,,,,,,,,,,,,,,,,,,,,,,,,,,,,,,,,,,,,,,,,,,,,,,,2019-02-24 07:59:09+00:00,2019-02-24 07:59:09+00:00,0,5319,27,宜野湾,2026-10-01T20:50:19.593663
2019,2019022402,2019-02-24 13:01:00+09:00,74791872,920304.0,1,5,オープン戦,9.0,9回裏,3,山路,牧田,森,山村,,,1,3,ＤｅＮＡ,DB,,6,広島,C,,,,,,,4球目:低めのスライダーを見逃してストライク 2-2,4 Tamame: Hikume no Slider wo Minogashite Strike 2-2,,,,,4,,,,,,,,,,,,,,,,,,,,,,,,,,,,,,,,,,,,,,,,,,,,,,,,2019-02-24 07:59:09+00:00,2019-02-24 07:59:09+00:00,0,5319,27,宜野湾,2026-10-01T20:50:19.593663
2019,2019022402,2019-02-24 13:01:00+09:00,74791873,920305.0,1,5,オープン戦,9.0,9回裏,3,山路,牧田,森,山村,,,1,3,ＤｅＮＡ,DB,,6,広島,C,,,,,,,5球目:ランナー2塁の2-2からレフトへの同点タイムリーツーベース！ デ4-4広 2塁,5 Tamame: Runner 2 Rui no 2-2 kara Left e no Douten Timely Two Base! Des 4-4 Kou2 Rui,,,,,5,,,,,,,,,,,,,,,,,,,,,,,,,,,,,,,,,,,,,,,,,,,,,,,,2019-02-24 07:59:09+00:00,2019-02-24 07:59:09+00:00,0,5319,27,宜野湾,2026-10-01T20:50:19.593663
2019,2019022402,2019-02-24 13:01:00+09:00,74791874,920400.0,1,5,オープン戦,9.0,9回裏,4,山路,牧田,森,山村,,,1,3,ＤｅＮＡ,DB,,6,広島,C,,,,,,,投手交代:飯田→藤井皓,Toushu Koutai: Iida Fujii Akira,,,,,0,,,,,,,,,,,,,,,,,,,,,,,,,,,,,,,,,,,,,,,,,,,,,,,,2019-02-24 07:59:09+00:00,2019-02-24 07:59:09+00:00,0,5319,27,宜野湾,2026-10-01T20:50:19.593663
2019,2019022402,2019-02-24 13:01:00+09:00,74791875,920400.0,1,5,オープン戦,9.0,9回裏,4,山路,牧田,森,山村,,,1,3,ＤｅＮＡ,DB,,6,広島,C,,,,,,,＜1番：桑原＞一死2塁,<1 Ban: Kuwahara> Ichi Shi 2 Rui,,,,,0,,,,,,,,,,,,,,,,,,,,,,,,,,,,,,,,,,,,,,,,,,,,,,,,2019-02-24 07:59:09+00:00,2019-02-24 07:59:09+00:00,0,5319,27,宜野湾,2026-10-01T20:50:19.593663
2019,2019022402,2019-02-24 13:01:00+09:00,74791876,920401.0,1,5,オープン戦,9.0,9回裏,4,山路,牧田,森,山村,,,1,3,ＤｅＮＡ,DB,,6,広島,C,,,,,,,1球目:ワンバウンドのフォークを見逃してボール 1-0,1 Tamame: One Bound no Fork wo Minogashite Ball 1-0,,,,,1,,,,,,,,,,,,,,,,,,,,,,,,,,,,,,,,,,,,,,,,,,,,,,,,2019-02-24 07:59:09+00:00,2019-02-24 07:59:09+00:00,0,5319,27,宜野湾,2026-10-01T20:50:19.593663
2019,2019022402,2019-02-24 13:01:00+09:00,74791877,920402.0,1,5,オープン戦,9.0,9回裏,4,山路,牧田,森,山村,,,1,3,ＤｅＮＡ,DB,,6,広島,C,,,,,,,2球目:際どいコースのストレートを見逃してストライク 1-1,2 Tamame: Kiwadoi Course no Straight wo Minogashite Strike 1-1,,,,,2,,,,,,,,,,,,,,,,,,,,,,,,,,,,,,,,,,,,,,,,,,,,,,,,2019-02-24 07:59:09+00:00,2019-02-24 07:59:09+00:00,0,5319,27,宜野湾,2026-10-01T20:50:19.593663
2019,2019022402,2019-02-24 13:01:00+09:00,74791878,920403.0,1,5,オープン戦,9.0,9回裏,4,山路,牧田,森,山村,,,1,3,ＤｅＮＡ,DB,,6,広島,C,,,,,,,3球目:ワンバウンドのフォークを見逃してボール 2-1,3 Tamame: One Bound no Fork wo Minogashite Ball 2-1,,,,,3,,,,,,,,,,,,,,,,,,,,,,,,,,,,,,,,,,,,,,,,,,,,,,,,2019-02-24 07:59:09+00:00,2019-02-24 07:59:09+00:00,0,5319,27,宜野湾,2026-10-01T20:50:19.593663
2019,2019022402,2019-02-24 13:01:00+09:00,74791879,920404.0,1,5,オープン戦,9.0,9回裏,4,山路,牧田,森,山村,,,1,3,ＤｅＮＡ,DB,,6,広島,C,,,,,,,4球目:ピッチャーゴロ 2アウト,4 Tamame: Pitcher Grounder 2 Out,,,,,4,,,,,,,,,,,,,,,,,,,,,,,,,,,,,,,,,,,,,,,,,,,,,,,,2019-02-24 07:59:09+00:00,2019-02-24 07:59:09+00:00,0,5319,27,宜野湾,2026-10-01T20:50:19.593663
2019,2019022402,2019-02-24 13:01:00+09:00,74791880,920500.0,1,5,オープン戦,9.0,9回裏,5,山路,牧田,森,山村,,,1,3,ＤｅＮＡ,DB,,6,広島,C,,,,,,,大和→代打:伊藤光,Yamato Daida: Itou Hikari,,,,,0,,,,,,,,,,,,,,,,,,,,,,,,,,,,,,,,,,,,,,,,,,,,,,,,2019-02-24 07:59:09+00:00,2019-02-24 07:59:09+00:00,0,5319,27,宜野湾,2026-10-01T20:50:19.593663
2019,2019022402,2019-02-24 13:01:00+09:00,74791881,920500.0,1,5,オープン戦,9.0,9回裏,5,山路,牧田,森,山村,,,1,3,ＤｅＮＡ,DB,,6,広島,C,,,,,,,＜代打：伊藤光＞二死2塁,< Daida: Itou Hikari> Ni Shi 2 Rui,,,,,0,,,,,,,,,,,,,,,,,,,,,,,,,,,,,,,,,,,,,,,,,,,,,,,,2019-02-24 07:59:09+00:00,2019-02-24 07:59:09+00:00,0,5319,27,宜野湾,2026-10-01T20:50:19.593663
2019,2019022402,2019-02-24 13:01:00+09:00,74791882,920501.0,1,5,オープン戦,9.0,9回裏,5,山路,牧田,森,山村,,,1,3,ＤｅＮＡ,DB,,6,広島,C,,,,,,,1球目:外角のストレートを見逃してボール 1-0,1 Tamame: Gaikaku no Straight wo Minogashite Ball 1-0,,,,,1,,,,,,,,,,,,,,,,,,,,,,,,,,,,,,,,,,,,,,,,,,,,,,,,2019-02-24 07:59:09+00:00,2019-02-24 07:59:09+00:00,0,5319,27,宜野湾,2026-10-01T20:50:19.593663
2019,2019022402,2019-02-24 13:01:00+09:00,74791883,920502.0,1,5,オープン戦,9.0,9回裏,5,山路,牧田,森,山村,,,1,3,ＤｅＮＡ,DB,,6,広島,C,,,,,,,2球目:内角のストレートを見逃してストライク 1-1,2 Tamame: Naikaku no Straight wo Minogashite Strike 1-1,,,,,2,,,,,,,,,,,,,,,,,,,,,,,,,,,,,,,,,,,,,,,,,,,,,,,,2019-02-24 07:59:09+00:00,2019-02-24 07:59:09+00:00,0,5319,27,宜野湾,2026-10-01T20:50:19.593663
2019,2019022402,2019-02-24 13:01:00+09:00,74791884,920503.0,1,5,オープン戦,9.0,9回裏,5,山路,牧田,森,山村,,,1,3,ＤｅＮＡ,DB,,6,広島,C,,,,,,,3球目:ワンバウンドのフォークを見逃してボール 2-1,3 Tamame: One Bound no Fork wo Minogashite Ball 2-1,,,,,3,,,,,,,,,,,,,,,,,,,,,,,,,,,,,,,,,,,,,,,,,,,,,,,,2019-02-24 07:59:09+00:00,2019-02-24 07:59:09+00:00,0,5319,27,宜野湾,2026-10-01T20:50:19.593663
2019,2019022402,2019-02-24 13:01:00+09:00,74791885,920504.0,1,5,オープン戦,9.0,9回裏,5,山路,牧田,森,山村,,,1,3,ＤｅＮＡ,DB,,6,広島,C,,,,,,,4球目:外角低めのストレートを見逃してボール 3-1,4 Tamame: Gaikaku Hikume no Straight wo Minogashite Ball 3-1,,,,,4,,,,,,,,,,,,,,,,,,,,,,,,,,,,,,,,,,,,,,,,,,,,,,,,2019-02-24 07:59:09+00:00,2019-02-24 07:59:09+00:00,0,5319,27,宜野湾,2026-10-01T20:50:19.593663
2019,2019022402,2019-02-24 13:01:00+09:00,74791886,920505.0,1,5,オープン戦,9.0,9回裏,5,山路,牧田,森,山村,,,1,3,ＤｅＮＡ,DB,,6,広島,C,,,,,,,"5球目:一度もバットを振ることなくフォアボールを選ぶ 1,2塁","5 Tamame: Ichi Do mo Batto wo Furu Koto Naku Four Ball wo Erabu 1,2 Rui",,,,,5,,,,,,,,,,,,,,,,,,,,,,,,,,,,,,,,,,,,,,,,,,,,,,,,2019-02-24 07:59:09+00:00,2019-02-24 07:59:09+00:00,0,5319,27,宜野湾,2026-10-01T20:50:19.593663
2019,2019022402,2019-02-24 13:01:00+09:00,74791887,920600.0,1,5,オープン戦,9.0,9回裏,6,山路,牧田,森,山村,,,1,3,ＤｅＮＡ,DB,,6,広島,C,,,,,,,"＜3番：伊藤裕＞二死1,2塁","<3 Ban: Itou Hiroshi> Ni Shi 1,2 Rui",,,,,0,,,,,,,,,,,,,,,,,,,,,,,,,,,,,,,,,,,,,,,,,,,,,,,,2019-02-24 07:59:09+00:00,2019-02-24 07:59:09+00:00,0,5319,27,宜野湾,2026-10-01T20:50:19.593663
2019,2019022402,2019-02-24 13:01:00+09:00,74791888,920601.0,1,5,オープン戦,9.0,9回裏,6,山路,牧田,森,山村,,,1,3,ＤｅＮＡ,DB,,6,広島,C,,,,,,,1球目:外角高めのスライダーを空振りストライク 0-1,1 Tamame: Gaikaku Takame no Slider wo Karaburi Strike 0-1,,,,,1,,,,,,,,,,,,,,,,,,,,,,,,,,,,,,,,,,,,,,,,,,,,,,,,2019-02-24 07:59:09+00:00,2019-02-24 07:59:09+00:00,0,5319,27,宜野湾,2026-10-01T20:50:19.593663
2019,2019022402,2019-02-24 13:01:00+09:00,74791889,920602.0,1,5,オープン戦,9.0,9回裏,6,山路,牧田,森,山村,,,1,3,ＤｅＮＡ,DB,,6,広島,C,,,,,,,2球目:ワンバウンドのフォークを見逃してボール 1-1,2 Tamame: One Bound no Fork wo Minogashite Ball 1-1,,,,,2,,,,,,,,,,,,,,,,,,,,,,,,,,,,,,,,,,,,,,,,,,,,,,,,2019-02-24 07:59:09+00:00,2019-02-24 07:59:09+00:00,0,5319,27,宜野湾,2026-10-01T20:50:19.593663
2019,2019022402,2019-02-24 13:01:00+09:00,74791890,920603.0,1,5,オープン戦,9.0,9回裏,6,山路,牧田,森,山村,,,1,3,ＤｅＮＡ,DB,,6,広島,C,,,,,,,3球目:低めの変化球を見逃してストライク 1-2,3 Tamame: Hikume no Henka Kyuu wo Minogashite Strike 1-2,,,,,3,,,,,,,,,,,,,,,,,,,,,,,,,,,,,,,,,,,,,,,,,,,,,,,,2019-02-24 07:59:09+00:00,2019-02-24 07:59:09+00:00,0,5319,27,宜野湾,2026-10-01T20:50:19.593663
2019,2019022402,2019-02-24 13:01:00+09:00,74791891,920604.0,1,5,オープン戦,9.0,9回裏,6,山路,牧田,森,山村,,,1,3,ＤｅＮＡ,DB,,6,広島,C,,,,,,,4球目:外角低めのスライダーを打ってファウル 1-2,4 Tamame: Gaikaku Hikume no Slider wo Utte Foul 1-2,,,,,4,,,,,,,,,,,,,,,,,,,,,,,,,,,,,,,,,,,,,,,,,,,,,,,,2019-02-24 07:59:09+00:00,2019-02-24 07:59:09+00:00,0,5319,27,宜野湾,2026-10-01T20:50:19.593663
2019,2019022402,2019-02-24 13:01:00+09:00,74791892,920605.0,1,5,オープン戦,9.0,9回裏,6,山路,牧田,森,山村,,,1,3,ＤｅＮＡ,DB,,6,広島,C,,,,,,,5球目:外角低めのストレートを見逃してボール 2-2,5 Tamame: Gaikaku Hikume no Straight wo Minogashite Ball 2-2,,,,,5,,,,,,,,,,,,,,,,,,,,,,,,,,,,,,,,,,,,,,,,,,,,,,,,2019-02-24 07:59:09+00:00,2019-02-24 07:59:09+00:00,0,5319,27,宜野湾,2026-10-01T20:50:19.593663
2019,2019022402,2019-02-24 13:01:00+09:00,74791893,920606.0,1,5,オープン戦,9.0,9回裏,6,山路,牧田,森,山村,,,1,3,ＤｅＮＡ,DB,,6,広島,C,,,,,,,6球目:甘い変化球を打ってファウル 2-2,6 Tamame: Amai Henka Kyuu wo Utte Foul 2-2,,,,,6,,,,,,,,,,,,,,,,,,,,,,,,,,,,,,,,,,,,,,,,,,,,,,,,2019-02-24 07:59:09+00:00,2019-02-24 07:59:09+00:00,0,5319,27,宜野湾,2026-10-01T20:50:19.593663
2019,2019022402,2019-02-24 13:01:00+09:00,74791894,920607.0,1,5,オープン戦,9.0,9回裏,6,山路,牧田,森,山村,,,1,3,ＤｅＮＡ,DB,,6,広島,C,,,,,,,7球目:内角低めの落ちる球を見逃してボール 3-2,7 Tamame: Naikaku Hikume no Ochiru Tama wo Minogashite Ball 3-2,,,,,7,,,,,,,,,,,,,,,,,,,,,,,,,,,,,,,,,,,,,,,,,,,,,,,,2019-02-24 07:59:09+00:00,2019-02-24 07:59:09+00:00,0,5319,27,宜野湾,2026-10-01T20:50:19.593663
2019,2019022402,2019-02-24 13:01:00+09:00,74791895,920608.0,1,5,オープン戦,9.0,9回裏,6,山路,牧田,森,山村,,,1,3,ＤｅＮＡ,DB,,6,広島,C,,,,,,,8球目:粘りを見せるも8球目を空振り、三振を喫する ゲームセット,"8 Tamame: Nebari wo Miseru mo 8 Tamame wo Karaburi, Sanshin wo Kissuru Game Set",,,,,8,,,,,,,,,,,,,,,,,,,,,,,,,,,,,,,,,,,,,,,,,,,,,,,,2019-02-24 07:59:09+00:00,2019-02-24 07:59:09+00:00,0,5319,27,宜野湾,2026-10-01T20:50:19.593663
2019,2019022402,2019-02-24 13:01:00+09:00,74791896,920600.0,1,5,オープン戦,9.0,9回裏,6,山路,牧田,森,山村,,,1,3,ＤｅＮＡ,DB,,6,広島,C,,,,,,,試合終了,Shiai Shuuryou,,,,,0,,,,,,,,,,,,,,,,,,,,,,,,,,,,,,,,,,,,,,,,,,,,,,,,2019-02-24 07:59:09+00:00,2019-02-24 07:59:09+00:00,0,5319,27,宜野湾,2026-10-01T20:50:19.593663
2019,2019022405,2019-02-24 13:00:00+09:00,74763175,,1,5,オープン戦,,試合前情報,1,須山,山本貴,津川,橘高,,,1,1,巨人,G,,8,日本ハム,F,,,,,,,先発ピッチャーは巨人が田口、日本ハムが金子,"Senpatsu Pitcher wa Kyojin ga Taguchi, Nippon Ham ga Kaneko",,,,,0,,,,,,,,,,,,,,,,,,,,,,,,,,,,,,,,,,,,,,,,,,,,,,,,2019-02-24 07:08:10+00:00,2019-02-24 07:08:10+00:00,0,12164,88,那覇,2026-10-01T20:50:19.593663
2019,2019022405,2019-02-24 13:00:00+09:00,74763176,,1,5,オープン戦,,試合前情報,1,須山,山本貴,津川,橘高,,,1,1,巨人,G,,8,日本ハム,F,,,,,,,先攻:日本ハムのスターティングラインナップは1番:大田(右)、2番:田中賢介(指)、3番:西川(中)、4番:王(左)、5番:近藤(三)、6番:清宮(一)、7番:石井(二)、8番:鶴岡(捕)、9番:中島卓也(遊),"Senkou: Nippon Ham no Starting Lineup wa 1 Ban: Oota (Migi), 2 Ban: Tanaka Kensuke (Yubi), 3 Ban: Nishikawa (Chuu), 4 Ban: Ou (Hidari), 5 Ban: Kondou (San), 6 Ban: Suganomiya (Ichi), 7 Ban: Ishii (Ni), 8 Ban: Tsuruoka (Ho), 9 Ban: Nakajima Takuya (Yuu)",,,,,0,,,,,,,,,,,,,,,,,,,,,,,,,,,,,,,,,,,,,,,,,,,,,,,,2019-02-24 07:08:10+00:00,2019-02-24 07:08:10+00:00,0,12164,88,那覇,2026-10-01T20:50:19.593663
2019,2019022405,2019-02-24 13:00:00+09:00,74763177,,1,5,オープン戦,,試合前情報,1,須山,山本貴,津川,橘高,,,1,1,巨人,G,,8,日本ハム,F,,,,,,,後攻:巨人のスターティングラインナップは1番:吉川尚(二)、2番:丸(中)、3番:坂本勇(遊)、4番:ゲレーロ(左)、5番:ビヤヌエバ(三)、6番:陽(指)、7番:亀井(右)、8番:中島(一)、9番:小林(捕),"Koukou: Kyojin no Starting Lineup wa 1 Ban: Yoshikawa Nao (Ni), 2 Ban: Maru (Chuu), 3 Ban: Sakamoto Isamu (Yuu), 4 Ban: Gereero (Hidari), 5 Ban: Beer Nueva (San), 6 Ban: You (Yubi), 7 Ban: Kamei (Migi), 8 Ban: Nakajima (Ichi), 9 Ban: Kobayashi (Ho)",,,,,0,,,,,,,,,,,,,,,,,,,,,,,,,,,,,,,,,,,,,,,,,,,,,,,,2019-02-24 07:08:10+00:00,2019-02-24 07:08:10+00:00,0,12164,88,那覇,2026-10-01T20:50:19.593663
2019,2019022405,2019-02-24 13:00:00+09:00,74763178,110100.0,1,5,オープン戦,1.0,1回表,1,須山,山本貴,津川,橘高,,,1,1,巨人,G,,8,日本ハム,F,,,,,,,試合開始 1回表 巨0-0日　日本ハムは1番大田からの攻撃,Shiai Kaishi 1 Kai Hyou Kyo 0-0ka Nippon Ham wa 1 Ban Oota kara no Kougeki,,,,,0,,,,,,,,,,,,,,,,,,,,,,,,,,,,,,,,,,,,,,,,,,,,,,,,2019-02-24 07:08:10+00:00,2019-02-24 07:08:10+00:00,0,12164,88,那覇,2026-10-01T20:50:19.593663
2019,2019022405,2019-02-24 13:00:00+09:00,74763179,110100.0,1,5,オープン戦,1.0,1回表,1,須山,山本貴,津川,橘高,,,1,1,巨人,G,,8,日本ハム,F,,,,,,,＜1番：大田＞無死走者なし,<1 Ban: Oota> Mushi Sousha Nashi,,,,,0,,,,,,,,,,,,,,,,,,,,,,,,,,,,,,,,,,,,,,,,,,,,,,,,2019-02-24 07:08:10+00:00,2019-02-24 07:08:10+00:00,0,12164,88,那覇,2026-10-01T20:50:19.593663
2019,2019022405,2019-02-24 13:00:00+09:00,74763180,110101.0,1,5,オープン戦,1.0,1回表,1,須山,山本貴,津川,橘高,,,1,1,巨人,G,,8,日本ハム,F,,,,,,,1球目:低めの変化球を見逃してボール 1-0,1 Tamame: Hikume no Henka Kyuu wo Minogashite Ball 1-0,,,,,1,,,,,,,,,,,,,,,,,,,,,,,,,,,,,,,,,,,,,,,,,,,,,,,,2019-02-24 07:08:10+00:00,2019-02-24 07:08:10+00:00,0,12164,88,那覇,2026-10-01T20:50:19.593663
2019,2019022405,2019-02-24 13:00:00+09:00,74763181,110102.0,1,5,オープン戦,1.0,1回表,1,須山,山本貴,津川,橘高,,,1,1,巨人,G,,8,日本ハム,F,,,,,,,2球目:外角124キロのスライダーを見逃してストライク 1-1,2 Tamame: Gaikaku 124 Kilo no Slider wo Minogashite Strike 1-1,,,,,2,,,,,,,,,,,,,,,,,,,,,,,,,,,,,,,,,,,,,,,,,,,,,,,,2019-02-24 07:08:10+00:00,2019-02-24 07:08:10+00:00,0,12164,88,那覇,2026-10-01T20:50:19.593663
2019,2019022405,2019-02-24 13:00:00+09:00,74763182,110103.0,1,5,オープン戦,1.0,1回表,1,須山,山本貴,津川,橘高,,,1,1,巨人,G,,8,日本ハム,F,,,,,,,3球目:外角高めのストレートを空振りストライク 1-2,3 Tamame: Gaikaku Takame no Straight wo Karaburi Strike 1-2,,,,,3,,,,,,,,,,,,,,,,,,,,,,,,,,,,,,,,,,,,,,,,,,,,,,,,2019-02-24 07:08:10+00:00,2019-02-24 07:08:10+00:00,0,12164,88,那覇,2026-10-01T20:50:19.593663
2019,2019022405,2019-02-24 13:00:00+09:00,74763183,110104.0,1,5,オープン戦,1.0,1回表,1,須山,山本貴,津川,橘高,,,1,1,巨人,G,,8,日本ハム,F,,,,,,,4球目:内角低めのスライダーを打ってファウル 1-2,4 Tamame: Naikaku Hikume no Slider wo Utte Foul 1-2,,,,,4,,,,,,,,,,,,,,,,,,,,,,,,,,,,,,,,,,,,,,,,,,,,,,,,2019-02-24 07:08:10+00:00,2019-02-24 07:08:10+00:00,0,12164,88,那覇,2026-10-01T20:50:19.593663
2019,2019022405,2019-02-24 13:00:00+09:00,74763184,110105.0,1,5,オープン戦,1.0,1回表,1,須山,山本貴,津川,橘高,,,1,1,巨人,G,,8,日本ハム,F,,,,,,,5球目:低めの変化球を打ってファウル 1-2,5 Tamame: Hikume no Henka Kyuu wo Utte Foul 1-2,,,,,5,,,,,,,,,,,,,,,,,,,,,,,,,,,,,,,,,,,,,,,,,,,,,,,,2019-02-24 07:08:10+00:00,2019-02-24 07:08:10+00:00,0,12164,88,那覇,2026-10-01T20:50:19.593663
2019,2019022405,2019-02-24 13:00:00+09:00,74763185,110106.0,1,5,オープン戦,1.0,1回表,1,須山,山本貴,津川,橘高,,,1,1,巨人,G,,8,日本ハム,F,,,,,,,6球目:ライトへのヒット 1塁,6 Tamame: Raito e no Hit 1 Rui,,,,,6,,,,,,,,,,,,,,,,,,,,,,,,,,,,,,,,,,,,,,,,,,,,,,,,2019-02-24 07:08:10+00:00,2019-02-24 07:08:10+00:00,0,12164,88,那覇,2026-10-01T20:50:19.593663
2019,2019022405,2019-02-24 13:00:00+09:00,74763186,110200.0,1,5,オープン戦,1.0,1回表,2,須山,山本貴,津川,橘高,,,1,1,巨人,G,,8,日本ハム,F,,,,,,,＜2番：田中賢介＞無死1塁,<2 Ban: Tanaka Kensuke> Mushi 1 Rui,,,,,0,,,,,,,,,,,,,,,,,,,,,,,,,,,,,,,,,,,,,,,,,,,,,,,,2019-02-24 07:08:10+00:00,2019-02-24 07:08:10+00:00,0,12164,88,那覇,2026-10-01T20:50:19.593663
2019,2019022405,2019-02-24 13:00:00+09:00,74763187,110201.0,1,5,オープン戦,1.0,1回表,2,須山,山本貴,津川,橘高,,,1,1,巨人,G,,8,日本ハム,F,,,,,,,1球目:外角138キロのストレートを見逃してストライク 0-1,1 Tamame: Gaikaku 138 Kilo no Straight wo Minogashite Strike 0-1,,,,,1,,,,,,,,,,,,,,,,,,,,,,,,,,,,,,,,,,,,,,,,,,,,,,,,2019-02-24 07:08:10+00:00,2019-02-24 07:08:10+00:00,0,12164,88,那覇,2026-10-01T20:50:19.593663
2019,2019022405,2019-02-24 13:00:00+09:00,74763188,110202.0,1,5,オープン戦,1.0,1回表,2,須山,山本貴,津川,橘高,,,1,1,巨人,G,,8,日本ハム,F,,,,,,,2球目:外角のストレートを見逃してボール 1-1,2 Tamame: Gaikaku no Straight wo Minogashite Ball 1-1,,,,,2,,,,,,,,,,,,,,,,,,,,,,,,,,,,,,,,,,,,,,,,,,,,,,,,2019-02-24 07:08:10+00:00,2019-02-24 07:08:10+00:00,0,12164,88,那覇,2026-10-01T20:50:19.593663
2019,2019022405,2019-02-24 13:00:00+09:00,74763189,110203.0,1,5,オープン戦,1.0,1回表,2,須山,山本貴,津川,橘高,,,1,1,巨人,G,,8,日本ハム,F,,,,,,,3球目:内角低めのストレートを打ってファウル 1-2,3 Tamame: Naikaku Hikume no Straight wo Utte Foul 1-2,,,,,3,,,,,,,,,,,,,,,,,,,,,,,,,,,,,,,,,,,,,,,,,,,,,,,,2019-02-24 07:08:10+00:00,2019-02-24 07:08:10+00:00,0,12164,88,那覇,2026-10-01T20:50:19.593663
2019,2019022405,2019-02-24 13:00:00+09:00,74763190,110204.0,1,5,オープン戦,1.0,1回表,2,須山,山本貴,津川,橘高,,,1,1,巨人,G,,8,日本ハム,F,,,,,,,4球目:外角のストレートを見逃してボール 2-2,4 Tamame: Gaikaku no Straight wo Minogashite Ball 2-2,,,,,4,,,,,,,,,,,,,,,,,,,,,,,,,,,,,,,,,,,,,,,,,,,,,,,,2019-02-24 07:08:10+00:00,2019-02-24 07:08:10+00:00,0,12164,88,那覇,2026-10-01T20:50:19.593663
2019,2019022405,2019-02-24 13:00:00+09:00,74763191,110205.0,1,5,オープン戦,1.0,1回表,2,須山,山本貴,津川,橘高,,,1,1,巨人,G,,8,日本ハム,F,,,,,,,5球目:空振りの三振を喫する 1アウト,5 Tamame: Karaburi no Sanshin wo Kissuru 1 Out,,,,,5,,,,,,,,,,,,,,,,,,,,,,,,,,,,,,,,,,,,,,,,,,,,,,,,2019-02-24 07:08:10+00:00,2019-02-24 07:08:10+00:00,0,12164,88,那覇,2026-10-01T20:50:19.593663
2019,2019022405,2019-02-24 13:00:00+09:00,74763192,110300.0,1,5,オープン戦,1.0,1回表,3,須山,山本貴,津川,橘高,,,1,1,巨人,G,,8,日本ハム,F,,,,,,,＜3番：西川＞一死1塁,<3 Ban: Nishikawa> Ichi Shi 1 Rui,,,,,0,,,,,,,,,,,,,,,,,,,,,,,,,,,,,,,,,,,,,,,,,,,,,,,,2019-02-24 07:08:10+00:00,2019-02-24 07:08:10+00:00,0,12164,88,那覇,2026-10-01T20:50:19.593663
2019,2019022405,2019-02-24 13:00:00+09:00,74763193,110301.0,1,5,オープン戦,1.0,1回表,3,須山,山本貴,津川,橘高,,,1,1,巨人,G,,8,日本ハム,F,,,,,,,1球目:高めの変化球を見逃してボール 1-0,1 Tamame: Takame no Henka Kyuu wo Minogashite Ball 1-0,,,,,1,,,,,,,,,,,,,,,,,,,,,,,,,,,,,,,,,,,,,,,,,,,,,,,,2019-02-24 07:08:10+00:00,2019-02-24 07:08:10+00:00,0,12164,88,那覇,2026-10-01T20:50:19.593663
2019,2019022405,2019-02-24 13:00:00+09:00,74763194,110300.0,1,5,オープン戦,1.0,1回表,3,須山,山本貴,津川,橘高,,,1,1,巨人,G,,8,日本ハム,F,,,,,,,1塁けん制:ランナー大田帰塁,1 Rui Kensei: Runner Oota Kirui,,,,,0,,,,,,,,,,,,,,,,,,,,,,,,,,,,,,,,,,,,,,,,,,,,,,,,2019-02-24 07:08:10+00:00,2019-02-24 07:08:10+00:00,0,12164,88,那覇,2026-10-01T20:50:19.593663
2019,2019022405,2019-02-24 13:00:00+09:00,74763195,110302.0,1,5,オープン戦,1.0,1回表,3,須山,山本貴,津川,橘高,,,1,1,巨人,G,,8,日本ハム,F,,,,,,,"2球目:高めのストレートをレフトへ打ってヒット 1,2塁","2 Tamame: Takame no Straight wo Left e Utte Hit 1,2 Rui",,,,,2,,,,,,,,,,,,,,,,,,,,,,,,,,,,,,,,,,,,,,,,,,,,,,,,2019-02-24 07:08:10+00:00,2019-02-24 07:08:10+00:00,0,12164,88,那覇,2026-10-01T20:50:19.593663
2019,2019022405,2019-02-24 13:00:00+09:00,74763196,110400.0,1,5,オープン戦,1.0,1回表,4,須山,山本貴,津川,橘高,,,1,1,巨人,G,,8,日本ハム,F,,,,,,,"＜4番：王＞一死1,2塁","<4 Ban: Ou> Ichi Shi 1,2 Rui",,,,,0,,,,,,,,,,,,,,,,,,,,,,,,,,,,,,,,,,,,,,,,,,,,,,,,2019-02-24 07:08:10+00:00,2019-02-24 07:08:10+00:00,0,12164,88,那覇,2026-10-01T20:50:19.593663
2019,2019022405,2019-02-24 13:00:00+09:00,74763197,110401.0,1,5,オープン戦,1.0,1回表,4,須山,山本貴,津川,橘高,,,1,1,巨人,G,,8,日本ハム,F,,,,,,,1球目:外角低め127キロのスライダーを見逃してボール 1-0,1 Tamame: Gaikaku Hikume 127 Kilo no Slider wo Minogashite Ball 1-0,,,,,1,,,,,,,,,,,,,,,,,,,,,,,,,,,,,,,,,,,,,,,,,,,,,,,,2019-02-24 07:08:10+00:00,2019-02-24 07:08:10+00:00,0,12164,88,那覇,2026-10-01T20:50:19.593663
2019,2019022405,2019-02-24 13:00:00+09:00,74763198,110402.0,1,5,オープン戦,1.0,1回表,4,須山,山本貴,津川,橘高,,,1,1,巨人,G,,8,日本ハム,F,,,,,,,2球目:低めのスライダーを見逃してストライク 1-1,2 Tamame: Hikume no Slider wo Minogashite Strike 1-1,,,,,2,,,,,,,,,,,,,,,,,,,,,,,,,,,,,,,,,,,,,,,,,,,,,,,,2019-02-24 07:08:10+00:00,2019-02-24 07:08:10+00:00,0,12164,88,那覇,2026-10-01T20:50:19.593663
2019,2019022405,2019-02-24 13:00:00+09:00,74763199,110403.0,1,5,オープン戦,1.0,1回表,4,須山,山本貴,津川,橘高,,,1,1,巨人,G,,8,日本ハム,F,,,,,,,3球目:内角135キロのストレートを打つも自打球となりファウル 1-2,3 Tamame: Naikaku 135 Kilo no Straight wo Utsu mo Ji Dakyuu to Nari Foul 1-2,,,,,3,,,,,,,,,,,,,,,,,,,,,,,,,,,,,,,,,,,,,,,,,,,,,,,,2019-02-24 07:08:10+00:00,2019-02-24 07:08:10+00:00,0,12164,88,那覇,2026-10-01T20:50:19.593663
2019,2019022405,2019-02-24 13:00:00+09:00,74763200,110404.0,1,5,オープン戦,1.0,1回表,4,須山,山本貴,津川,橘高,,,1,1,巨人,G,,8,日本ハム,F,,,,,,,4球目:外角の変化球を打つもセンターフライ 2アウト,4 Tamame: Gaikaku no Henka Kyuu wo Utsu mo Center Fly 2 Out,,,,,4,,,,,,,,,,,,,,,,,,,,,,,,,,,,,,,,,,,,,,,,,,,,,,,,2019-02-24 07:08:10+00:00,2019-02-24 07:08:10+00:00,0,12164,88,那覇,2026-10-01T20:50:19.593663
2019,2019022405,2019-02-24 13:00:00+09:00,74763201,110500.0,1,5,オープン戦,1.0,1回表,5,須山,山本貴,津川,橘高,,,1,1,巨人,G,,8,日本ハム,F,,,,,,,"＜5番：近藤＞二死1,2塁","<5 Ban: Kondou> Ni Shi 1,2 Rui",,,,,0,,,,,,,,,,,,,,,,,,,,,,,,,,,,,,,,,,,,,,,,,,,,,,,,2019-02-24 07:08:10+00:00,2019-02-24 07:08:10+00:00,0,12164,88,那覇,2026-10-01T20:50:19.593663
2019,2019022405,2019-02-24 13:00:00+09:00,74763202,110501.0,1,5,オープン戦,1.0,1回表,5,須山,山本貴,津川,橘高,,,1,1,巨人,G,,8,日本ハム,F,,,,,,,1球目:外角のストレートを見逃してボール 1-0,1 Tamame: Gaikaku no Straight wo Minogashite Ball 1-0,,,,,1,,,,,,,,,,,,,,,,,,,,,,,,,,,,,,,,,,,,,,,,,,,,,,,,2019-02-24 07:08:10+00:00,2019-02-24 07:08:10+00:00,0,12164,88,那覇,2026-10-01T20:50:19.593663
2019,2019022405,2019-02-24 13:00:00+09:00,74763203,110502.0,1,5,オープン戦,1.0,1回表,5,須山,山本貴,津川,橘高,,,1,1,巨人,G,,8,日本ハム,F,,,,,,,2球目:外角高め136キロのストレートを見逃してストライク 1-1,2 Tamame: Gaikaku Takame 136 Kilo no Straight wo Minogashite Strike 1-1,,,,,2,,,,,,,,,,,,,,,,,,,,,,,,,,,,,,,,,,,,,,,,,,,,,,,,2019-02-24 07:08:10+00:00,2019-02-24 07:08:10+00:00,0,12164,88,那覇,2026-10-01T20:50:19.593663
2019,2019022405,2019-02-24 13:00:00+09:00,74763204,110503.0,1,5,オープン戦,1.0,1回表,5,須山,山本貴,津川,橘高,,,1,1,巨人,G,,8,日本ハム,F,,,,,,,3球目:外角のストレートを見逃してストライク 1-2,3 Tamame: Gaikaku no Straight wo Minogashite Strike 1-2,,,,,3,,,,,,,,,,,,,,,,,,,,,,,,,,,,,,,,,,,,,,,,,,,,,,,,2019-02-24 07:08:10+00:00,2019-02-24 07:08:10+00:00,0,12164,88,那覇,2026-10-01T20:50:19.593663
2019,2019022405,2019-02-24 13:00:00+09:00,74763205,110504.0,1,5,オープン戦,1.0,1回表,5,須山,山本貴,津川,橘高,,,1,1,巨人,G,,8,日本ハム,F,,,,,,,4球目:ワンバウンドのスライダーを見逃してボール 2-2,4 Tamame: One Bound no Slider wo Minogashite Ball 2-2,,,,,4,,,,,,,,,,,,,,,,,,,,,,,,,,,,,,,,,,,,,,,,,,,,,,,,2019-02-24 07:08:10+00:00,2019-02-24 07:08:10+00:00,0,12164,88,那覇,2026-10-01T20:50:19.593663
2019,2019022405,2019-02-24 13:00:00+09:00,74763206,110505.0,1,5,オープン戦,1.0,1回表,5,須山,山本貴,津川,橘高,,,1,1,巨人,G,,8,日本ハム,F,,,,,,,5球目:ファウルフライをゲレーロ(左)がつかんでバッターアウト 3アウトチェンジ,5 Tamame: Foul Fly wo Gereero (Hidari) ga Tsukande Batter Out 3 Out Change,,,,,5,,,,,,,,,,,,,,,,,,,,,,,,,,,,,,,,,,,,,,,,,,,,,,,,2019-02-24 07:08:10+00:00,2019-02-24 07:08:10+00:00,0,12164,88,那覇,2026-10-01T20:50:19.593663
2019,2019022405,2019-02-24 13:00:00+09:00,74763207,120100.0,1,5,オープン戦,1.0,1回裏,1,須山,山本貴,津川,橘高,,,1,1,巨人,G,,8,日本ハム,F,,,,,,,1回裏 巨0-0日　巨人は1番吉川尚からの攻撃,1 Kai Ura Kyo 0-0ka Kyojin wa 1 Ban Yoshikawa Nao kara no Kougeki,,,,,0,,,,,,,,,,,,,,,,,,,,,,,,,,,,,,,,,,,,,,,,,,,,,,,,2019-02-24 07:08:10+00:00,2019-02-24 07:08:10+00:00,0,12164,88,那覇,2026-10-01T20:50:19.593663
2019,2019022405,2019-02-24 13:00:00+09:00,74763208,120100.0,1,5,オープン戦,1.0,1回裏,1,須山,山本貴,津川,橘高,,,1,1,巨人,G,,8,日本ハム,F,,,,,,,＜1番：吉川尚＞無死走者なし,<1 Ban: Yoshikawa Nao> Mushi Sousha Nashi,,,,,0,,,,,,,,,,,,,,,,,,,,,,,,,,,,,,,,,,,,,,,,,,,,,,,,2019-02-24 07:08:10+00:00,2019-02-24 07:08:10+00:00,0,12164,88,那覇,2026-10-01T20:50:19.593663
2019,2019022405,2019-02-24 13:00:00+09:00,74763209,120101.0,1,5,オープン戦,1.0,1回裏,1,須山,山本貴,津川,橘高,,,1,1,巨人,G,,8,日本ハム,F,,,,,,,1球目:ど真ん中の球を見逃してストライク 0-1,1 Tamame: Domannaka no Tama wo Minogashite Strike 0-1,,,,,1,,,,,,,,,,,,,,,,,,,,,,,,,,,,,,,,,,,,,,,,,,,,,,,,2019-02-24 07:08:10+00:00,2019-02-24 07:08:10+00:00,0,12164,88,那覇,2026-10-01T20:50:19.593663
2019,2019022405,2019-02-24 13:00:00+09:00,74763210,120102.0,1,5,オープン戦,1.0,1回裏,1,須山,山本貴,津川,橘高,,,1,1,巨人,G,,8,日本ハム,F,,,,,,,2球目:ど真ん中の球を打ってファウル 0-2,2 Tamame: Domannaka no Tama wo Utte Foul 0-2,,,,,2,,,,,,,,,,,,,,,,,,,,,,,,,,,,,,,,,,,,,,,,,,,,,,,,2019-02-24 07:08:10+00:00,2019-02-24 07:08:10+00:00,0,12164,88,那覇,2026-10-01T20:50:19.593663
2019,2019022405,2019-02-24 13:00:00+09:00,74763211,120103.0,1,5,オープン戦,1.0,1回裏,1,須山,山本貴,津川,橘高,,,1,1,巨人,G,,8,日本ハム,F,,,,,,,3球目:140キロのストレートを打ってファウル 0-2,3 Tamame:140 Kilo no Straight wo Utte Foul 0-2,,,,,3,,,,,,,,,,,,,,,,,,,,,,,,,,,,,,,,,,,,,,,,,,,,,,,,2019-02-24 07:08:10+00:00,2019-02-24 07:08:10+00:00,0,12164,88,那覇,2026-10-01T20:50:19.593663
2019,2019022405,2019-02-24 13:00:00+09:00,74763212,120104.0,1,5,オープン戦,1.0,1回裏,1,須山,山本貴,津川,橘高,,,1,1,巨人,G,,8,日本ハム,F,,,,,,,4球目:高めの落ちる球を打ってファウル 0-2,4 Tamame: Takame no Ochiru Tama wo Utte Foul 0-2,,,,,4,,,,,,,,,,,,,,,,,,,,,,,,,,,,,,,,,,,,,,,,,,,,,,,,2019-02-24 07:08:10+00:00,2019-02-24 07:08:10+00:00,0,12164,88,那覇,2026-10-01T20:50:19.593663
2019,2019022405,2019-02-24 13:00:00+09:00,74763213,120105.0,1,5,オープン戦,1.0,1回裏,1,須山,山本貴,津川,橘高,,,1,1,巨人,G,,8,日本ハム,F,,,,,,,5球目:内角高め140キロのストレートを見逃してボール 1-2,5 Tamame: Naikaku Takame 140 Kilo no Straight wo Minogashite Ball 1-2,,,,,5,,,,,,,,,,,,,,,,,,,,,,,,,,,,,,,,,,,,,,,,,,,,,,,,2019-02-24 07:08:10+00:00,2019-02-24 07:08:10+00:00,0,12164,88,那覇,2026-10-01T20:50:19.593663
2019,2019022405,2019-02-24 13:00:00+09:00,74763214,120106.0,1,5,オープン戦,1.0,1回裏,1,須山,山本貴,津川,橘高,,,1,1,巨人,G,,8,日本ハム,F,,,,,,,6球目:外角の落ちる球に空振り三振 1アウト,6 Tamame: Gaikaku no Ochiru Tama ni Karaburi Sanshin 1 Out,,,,,6,,,,,,,,,,,,,,,,,,,,,,,,,,,,,,,,,,,,,,,,,,,,,,,,2019-02-24 07:08:10+00:00,2019-02-24 07:08:10+00:00,0,12164,88,那覇,2026-10-01T20:50:19.593663
2019,2019022405,2019-02-24 13:00:00+09:00,74763215,120200.0,1,5,オープン戦,1.0,1回裏,2,須山,山本貴,津川,橘高,,,1,1,巨人,G,,8,日本ハム,F,,,,,,,＜2番：丸＞一死走者なし,<2 Ban: Maru> Ichi Shi Sousha Nashi,,,,,0,,,,,,,,,,,,,,,,,,,,,,,,,,,,,,,,,,,,,,,,,,,,,,,,2019-02-24 07:08:10+00:00,2019-02-24 07:08:10+00:00,0,12164,88,那覇,2026-10-01T20:50:19.593663
2019,2019022405,2019-02-24 13:00:00+09:00,74763216,120201.0,1,5,オープン戦,1.0,1回裏,2,須山,山本貴,津川,橘高,,,1,1,巨人,G,,8,日本ハム,F,,,,,,,1球目:内角低め138キロのカットボールを見逃してボール 1-0,1 Tamame: Naikaku Hikume 138 Kilo no Cut Ball wo Minogashite Ball 1-0,,,,,1,,,,,,,,,,,,,,,,,,,,,,,,,,,,,,,,,,,,,,,,,,,,,,,,2019-02-24 07:08:10+00:00,2019-02-24 07:08:10+00:00,0,12164,88,那覇,2026-10-01T20:50:19.593663
2019,2019022405,2019-02-24 13:00:00+09:00,74763217,120202.0,1,5,オープン戦,1.0,1回裏,2,須山,山本貴,津川,橘高,,,1,1,巨人,G,,8,日本ハム,F,,,,,,,2球目:ど真ん中の球を見逃してストライク 1-1,2 Tamame: Domannaka no Tama wo Minogashite Strike 1-1,,,,,2,,,,,,,,,,,,,,,,,,,,,,,,,,,,,,,,,,,,,,,,,,,,,,,,2019-02-24 07:08:10+00:00,2019-02-24 07:08:10+00:00,0,12164,88,那覇,2026-10-01T20:50:19.593663
2019,2019022405,2019-02-24 13:00:00+09:00,74763218,120203.0,1,5,オープン戦,1.0,1回裏,2,須山,山本貴,津川,橘高,,,1,1,巨人,G,,8,日本ハム,F,,,,,,,3球目:低めのスプリットを空振りストライク 1-2,3 Tamame: Hikume no Split wo Karaburi Strike 1-2,,,,,3,,,,,,,,,,,,,,,,,,,,,,,,,,,,,,,,,,,,,,,,,,,,,,,,2019-02-24 07:08:10+00:00,2019-02-24 07:08:10+00:00,0,12164,88,那覇,2026-10-01T20:50:19.593663
2019,2019022405,2019-02-24 13:00:00+09:00,74763219,120204.0,1,5,オープン戦,1.0,1回裏,2,須山,山本貴,津川,橘高,,,1,1,巨人,G,,8,日本ハム,F,,,,,,,4球目:外角低め144キロのストレートを見逃してボール 2-2,4 Tamame: Gaikaku Hikume 144 Kilo no Straight wo Minogashite Ball 2-2,,,,,4,,,,,,,,,,,,,,,,,,,,,,,,,,,,,,,,,,,,,,,,,,,,,,,,2019-02-24 07:08:10+00:00,2019-02-24 07:08:10+00:00,0,12164,88,那覇,2026-10-01T20:50:19.593663
2019,2019022405,2019-02-24 13:00:00+09:00,74763220,120205.0,1,5,オープン戦,1.0,1回裏,2,須山,山本貴,津川,橘高,,,1,1,巨人,G,,8,日本ハム,F,,,,,,,5球目:高めのストレートを打つもセカンドゴロ 2アウト,5 Tamame: Takame no Straight wo Utsu mo Sekando Grounder 2 Out,,,,,5,,,,,,,,,,,,,,,,,,,,,,,,,,,,,,,,,,,,,,,,,,,,,,,,2019-02-24 07:08:10+00:00,2019-02-24 07:08:10+00:00,0,12164,88,那覇,2026-10-01T20:50:19.593663
2019,2019022405,2019-02-24 13:00:00+09:00,74763221,120300.0,1,5,オープン戦,1.0,1回裏,3,須山,山本貴,津川,橘高,,,1,1,巨人,G,,8,日本ハム,F,,,,,,,＜3番：坂本勇＞二死走者なし,<3 Ban: Sakamoto Isamu> Ni Shi Sousha Nashi,,,,,0,,,,,,,,,,,,,,,,,,,,,,,,,,,,,,,,,,,,,,,,,,,,,,,,2019-02-24 07:08:10+00:00,2019-02-24 07:08:10+00:00,0,12164,88,那覇,2026-10-01T20:50:19.593663
2019,2019022405,2019-02-24 13:00:00+09:00,74763222,120301.0,1,5,オープン戦,1.0,1回裏,3,須山,山本貴,津川,橘高,,,1,1,巨人,G,,8,日本ハム,F,,,,,,,1球目:外角高め112キロのカーブを見逃してボール 1-0,1 Tamame: Gaikaku Takame 112 Kilo no Curve wo Minogashite Ball 1-0,,,,,1,,,,,,,,,,,,,,,,,,,,,,,,,,,,,,,,,,,,,,,,,,,,,,,,2019-02-24 07:08:10+00:00,2019-02-24 07:08:10+00:00,0,12164,88,那覇,2026-10-01T20:50:19.593663
2019,2019022405,2019-02-24 13:00:00+09:00,74763223,120302.0,1,5,オープン戦,1.0,1回裏,3,須山,山本貴,津川,橘高,,,1,1,巨人,G,,8,日本ハム,F,,,,,,,2球目:外角高めのストレートを打ってファウル 1-1,2 Tamame: Gaikaku Takame no Straight wo Utte Foul 1-1,,,,,2,,,,,,,,,,,,,,,,,,,,,,,,,,,,,,,,,,,,,,,,,,,,,,,,2019-02-24 07:08:10+00:00,2019-02-24 07:08:10+00:00,0,12164,88,那覇,2026-10-01T20:50:19.593663
2019,2019022405,2019-02-24 13:00:00+09:00,74763224,120303.0,1,5,オープン戦,1.0,1回裏,3,須山,山本貴,津川,橘高,,,1,1,巨人,G,,8,日本ハム,F,,,,,,,3球目:外角低めのカットボールを見逃してボール 2-1,3 Tamame: Gaikaku Hikume no Cut Ball wo Minogashite Ball 2-1,,,,,3,,,,,,,,,,,,,,,,,,,,,,,,,,,,,,,,,,,,,,,,,,,,,,,,2019-02-24 07:08:10+00:00,2019-02-24 07:08:10+00:00,0,12164,88,那覇,2026-10-01T20:50:19.593663
2019,2019022405,2019-02-24 13:00:00+09:00,74763225,120304.0,1,5,オープン戦,1.0,1回裏,3,須山,山本貴,津川,橘高,,,1,1,巨人,G,,8,日本ハム,F,,,,,,,4球目:外角高めのストレートを空振りストライク 2-2,4 Tamame: Gaikaku Takame no Straight wo Karaburi Strike 2-2,,,,,4,,,,,,,,,,,,,,,,,,,,,,,,,,,,,,,,,,,,,,,,,,,,,,,,2019-02-24 07:08:10+00:00,2019-02-24 07:08:10+00:00,0,12164,88,那覇,2026-10-01T20:50:19.593663
2019,2019022405,2019-02-24 13:00:00+09:00,74763226,120305.0,1,5,オープン戦,1.0,1回裏,3,須山,山本貴,津川,橘高,,,1,1,巨人,G,,8,日本ハム,F,,,,,,,5球目:外角のストレートを打つもライトフライ 3アウトチェンジ,5 Tamame: Gaikaku no Straight wo Utsu mo Raito Fly 3 Out Change,,,,,5,,,,,,,,,,,,,,,,,,,,,,,,,,,,,,,,,,,,,,,,,,,,,,,,2019-02-24 07:08:10+00:00,2019-02-24 07:08:10+00:00,0,12164,88,那覇,2026-10-01T20:50:19.593663
2019,2019022405,2019-02-24 13:00:00+09:00,74763227,210100.0,1,5,オープン戦,2.0,2回表,1,須山,山本貴,津川,橘高,,,1,1,巨人,G,,8,日本ハム,F,,,,,,,2回表 巨0-0日　日本ハムは6番清宮からの攻撃,2 Kai Hyou Kyo 0-0ka Nippon Ham wa 6 Ban Suganomiya kara no Kougeki,,,,,0,,,,,,,,,,,,,,,,,,,,,,,,,,,,,,,,,,,,,,,,,,,,,,,,2019-02-24 07:08:10+00:00,2019-02-24 07:08:10+00:00,0,12164,88,那覇,2026-10-01T20:50:19.593663
2019,2019022405,2019-02-24 13:00:00+09:00,74763228,210100.0,1,5,オープン戦,2.0,2回表,1,須山,山本貴,津川,橘高,,,1,1,巨人,G,,8,日本ハム,F,,,,,,,＜6番：清宮＞無死走者なし,<6 Ban: Suganomiya> Mushi Sousha Nashi,,,,,0,,,,,,,,,,,,,,,,,,,,,,,,,,,,,,,,,,,,,,,,,,,,,,,,2019-02-24 07:08:10+00:00,2019-02-24 07:08:10+00:00,0,12164,88,那覇,2026-10-01T20:50:19.593663
2019,2019022405,2019-02-24 13:00:00+09:00,74763229,210101.0,1,5,オープン戦,2.0,2回表,1,須山,山本貴,津川,橘高,,,1,1,巨人,G,,8,日本ハム,F,,,,,,,1球目:低めのスライダーを打つもセンターフライ 1アウト,1 Tamame: Hikume no Slider wo Utsu mo Center Fly 1 Out,,,,,1,,,,,,,,,,,,,,,,,,,,,,,,,,,,,,,,,,,,,,,,,,,,,,,,2019-02-24 07:08:10+00:00,2019-02-24 07:08:10+00:00,0,12164,88,那覇,2026-10-01T20:50:19.593663
2019,2019022405,2019-02-24 13:00:00+09:00,74763230,210200.0,1,5,オープン戦,2.0,2回表,2,須山,山本貴,津川,橘高,,,1,1,巨人,G,,8,日本ハム,F,,,,,,,＜7番：石井＞一死走者なし,<7 Ban: Ishii> Ichi Shi Sousha Nashi,,,,,0,,,,,,,,,,,,,,,,,,,,,,,,,,,,,,,,,,,,,,,,,,,,,,,,2019-02-24 07:08:10+00:00,2019-02-24 07:08:10+00:00,0,12164,88,那覇,2026-10-01T20:50:19.593663
2019,2019022405,2019-02-24 13:00:00+09:00,74763231,210201.0,1,5,オープン戦,2.0,2回表,2,須山,山本貴,津川,橘高,,,1,1,巨人,G,,8,日本ハム,F,,,,,,,1球目:初球から打ちにいくもファウル 0-1,1 Tamame: Shokyuu kara Uchi ni Iku mo Foul 0-1,,,,,1,,,,,,,,,,,,,,,,,,,,,,,,,,,,,,,,,,,,,,,,,,,,,,,,2019-02-24 07:08:10+00:00,2019-02-24 07:08:10+00:00,0,12164,88,那覇,2026-10-01T20:50:19.593663
2019,2019022405,2019-02-24 13:00:00+09:00,74763232,210202.0,1,5,オープン戦,2.0,2回表,2,須山,山本貴,津川,橘高,,,1,1,巨人,G,,8,日本ハム,F,,,,,,,2球目:甘い球を打ってファウル 0-2,2 Tamame: Amai Tama wo Utte Foul 0-2,,,,,2,,,,,,,,,,,,,,,,,,,,,,,,,,,,,,,,,,,,,,,,,,,,,,,,2019-02-24 07:08:10+00:00,2019-02-24 07:08:10+00:00,0,12164,88,那覇,2026-10-01T20:50:19.593663
2019,2019022405,2019-02-24 13:00:00+09:00,74763233,210203.0,1,5,オープン戦,2.0,2回表,2,須山,山本貴,津川,橘高,,,1,1,巨人,G,,8,日本ハム,F,,,,,,,3球目:高め139キロのストレートを打ってファウル 0-2,3 Tamame: Takame 139 Kilo no Straight wo Utte Foul 0-2,,,,,3,,,,,,,,,,,,,,,,,,,,,,,,,,,,,,,,,,,,,,,,,,,,,,,,2019-02-24 07:08:10+00:00,2019-02-24 07:08:10+00:00,0,12164,88,那覇,2026-10-01T20:50:19.593663
2019,2019022405,2019-02-24 13:00:00+09:00,74763234,210204.0,1,5,オープン戦,2.0,2回表,2,須山,山本貴,津川,橘高,,,1,1,巨人,G,,8,日本ハム,F,,,,,,,4球目:ワンバウンドのスライダーを見逃してボール 1-2,4 Tamame: One Bound no Slider wo Minogashite Ball 1-2,,,,,4,,,,,,,,,,,,,,,,,,,,,,,,,,,,,,,,,,,,,,,,,,,,,,,,2019-02-24 07:08:10+00:00,2019-02-24 07:08:10+00:00,0,12164,88,那覇,2026-10-01T20:50:19.593663
2019,2019022405,2019-02-24 13:00:00+09:00,74763235,210205.0,1,5,オープン戦,2.0,2回表,2,須山,山本貴,津川,橘高,,,1,1,巨人,G,,8,日本ハム,F,,,,,,,5球目:ワンバウンドした球を空振り三振 2アウト,5 Tamame: One Bound Shita Tama wo Karaburi Sanshin 2 Out,,,,,5,,,,,,,,,,,,,,,,,,,,,,,,,,,,,,,,,,,,,,,,,,,,,,,,2019-02-24 07:08:10+00:00,2019-02-24 07:08:10+00:00,0,12164,88,那覇,2026-10-01T20:50:19.593663
2019,2019022405,2019-02-24 13:00:00+09:00,74763236,210300.0,1,5,オープン戦,2.0,2回表,3,須山,山本貴,津川,橘高,,,1,1,巨人,G,,8,日本ハム,F,,,,,,,＜8番：鶴岡＞二死走者なし,<8 Ban: Tsuruoka> Ni Shi Sousha Nashi,,,,,0,,,,,,,,,,,,,,,,,,,,,,,,,,,,,,,,,,,,,,,,,,,,,,,,2019-02-24 07:08:10+00:00,2019-02-24 07:08:10+00:00,0,12164,88,那覇,2026-10-01T20:50:19.593663
2019,2019022405,2019-02-24 13:00:00+09:00,74763237,210301.0,1,5,オープン戦,2.0,2回表,3,須山,山本貴,津川,橘高,,,1,1,巨人,G,,8,日本ハム,F,,,,,,,1球目:内角低めのカーブを見逃してボール 1-0,1 Tamame: Naikaku Hikume no Curve wo Minogashite Ball 1-0,,,,,1,,,,,,,,,,,,,,,,,,,,,,,,,,,,,,,,,,,,,,,,,,,,,,,,2019-02-24 07:08:10+00:00,2019-02-24 07:08:10+00:00,0,12164,88,那覇,2026-10-01T20:50:19.593663
2019,2019022405,2019-02-24 13:00:00+09:00,74763238,210302.0,1,5,オープン戦,2.0,2回表,3,須山,山本貴,津川,橘高,,,1,1,巨人,G,,8,日本ハム,F,,,,,,,2球目:ワンバウンドのカーブを見逃してボール 2-0,2 Tamame: One Bound no Curve wo Minogashite Ball 2-0,,,,,2,,,,,,,,,,,,,,,,,,,,,,,,,,,,,,,,,,,,,,,,,,,,,,,,2019-02-24 07:08:10+00:00,2019-02-24 07:08:10+00:00,0,12164,88,那覇,2026-10-01T20:50:19.593663
2019,2019022405,2019-02-24 13:00:00+09:00,74763239,210303.0,1,5,オープン戦,2.0,2回表,3,須山,山本貴,津川,橘高,,,1,1,巨人,G,,8,日本ハム,F,,,,,,,3球目:高め124キロのスライダーを見逃してストライク 2-1,3 Tamame: Takame 124 Kilo no Slider wo Minogashite Strike 2-1,,,,,3,,,,,,,,,,,,,,,,,,,,,,,,,,,,,,,,,,,,,,,,,,,,,,,,2019-02-24 07:08:10+00:00,2019-02-24 07:08:10+00:00,0,12164,88,那覇,2026-10-01T20:50:19.593663
2019,2019022405,2019-02-24 13:00:00+09:00,74763240,210304.0,1,5,オープン戦,2.0,2回表,3,須山,山本貴,津川,橘高,,,1,1,巨人,G,,8,日本ハム,F,,,,,,,4球目:ど真ん中の球を打ってファウル 2-2,4 Tamame: Domannaka no Tama wo Utte Foul 2-2,,,,,4,,,,,,,,,,,,,,,,,,,,,,,,,,,,,,,,,,,,,,,,,,,,,,,,2019-02-24 07:08:10+00:00,2019-02-24 07:08:10+00:00,0,12164,88,那覇,2026-10-01T20:50:19.593663
2019,2019022405,2019-02-24 13:00:00+09:00,74763241,210305.0,1,5,オープン戦,2.0,2回表,3,須山,山本貴,津川,橘高,,,1,1,巨人,G,,8,日本ハム,F,,,,,,,5球目:外角高めのストレートを打ってファウル 2-2,5 Tamame: Gaikaku Takame no Straight wo Utte Foul 2-2,,,,,5,,,,,,,,,,,,,,,,,,,,,,,,,,,,,,,,,,,,,,,,,,,,,,,,2019-02-24 07:08:10+00:00,2019-02-24 07:08:10+00:00,0,12164,88,那覇,2026-10-01T20:50:19.593663
2019,2019022405,2019-02-24 13:00:00+09:00,74763242,210306.0,1,5,オープン戦,2.0,2回表,3,須山,山本貴,津川,橘高,,,1,1,巨人,G,,8,日本ハム,F,,,,,,,6球目:内角高めのストレートを打ってファウル 2-2,6 Tamame: Naikaku Takame no Straight wo Utte Foul 2-2,,,,,6,,,,,,,,,,,,,,,,,,,,,,,,,,,,,,,,,,,,,,,,,,,,,,,,2019-02-24 07:08:10+00:00,2019-02-24 07:08:10+00:00,0,12164,88,那覇,2026-10-01T20:50:19.593663
2019,2019022405,2019-02-24 13:00:00+09:00,74763243,210307.0,1,5,オープン戦,2.0,2回表,3,須山,山本貴,津川,橘高,,,1,1,巨人,G,,8,日本ハム,F,,,,,,,7球目:ライトへのヒットで出塁 1塁,7 Tamame: Raito e no Hit de Shutsurui 1 Rui,,,,,7,,,,,,,,,,,,,,,,,,,,,,,,,,,,,,,,,,,,,,,,,,,,,,,,2019-02-24 07:08:10+00:00,2019-02-24 07:08:10+00:00,0,12164,88,那覇,2026-10-01T20:50:19.593663
2019,2019022405,2019-02-24 13:00:00+09:00,74763244,210400.0,1,5,オープン戦,2.0,2回表,4,須山,山本貴,津川,橘高,,,1,1,巨人,G,,8,日本ハム,F,,,,,,,＜9番：中島卓也＞二死1塁,<9 Ban: Nakajima Takuya> Ni Shi 1 Rui,,,,,0,,,,,,,,,,,,,,,,,,,,,,,,,,,,,,,,,,,,,,,,,,,,,,,,2019-02-24 07:08:10+00:00,2019-02-24 07:08:10+00:00,0,12164,88,那覇,2026-10-01T20:50:19.593663
2019,2019022405,2019-02-24 13:00:00+09:00,74763245,210401.0,1,5,オープン戦,2.0,2回表,4,須山,山本貴,津川,橘高,,,1,1,巨人,G,,8,日本ハム,F,,,,,,,1球目:外角132キロのストレートを見逃してボール 1-0,1 Tamame: Gaikaku 132 Kilo no Straight wo Minogashite Ball 1-0,,,,,1,,,,,,,,,,,,,,,,,,,,,,,,,,,,,,,,,,,,,,,,,,,,,,,,2019-02-24 07:08:10+00:00,2019-02-24 07:08:10+00:00,0,12164,88,那覇,2026-10-01T20:50:19.593663
2019,2019022405,2019-02-24 13:00:00+09:00,74763246,210402.0,1,5,オープン戦,2.0,2回表,4,須山,山本貴,津川,橘高,,,1,1,巨人,G,,8,日本ハム,F,,,,,,,2球目:外角高めのストレートを見逃してストライク 1-1,2 Tamame: Gaikaku Takame no Straight wo Minogashite Strike 1-1,,,,,2,,,,,,,,,,,,,,,,,,,,,,,,,,,,,,,,,,,,,,,,,,,,,,,,2019-02-24 07:08:10+00:00,2019-02-24 07:08:10+00:00,0,12164,88,那覇,2026-10-01T20:50:19.593663
2019,2019022405,2019-02-24 13:00:00+09:00,74763247,210403.0,1,5,オープン戦,2.0,2回表,4,須山,山本貴,津川,橘高,,,1,1,巨人,G,,8,日本ハム,F,,,,,,,3球目:際どいコースのストレートを見逃してボール 2-1,3 Tamame: Kiwadoi Course no Straight wo Minogashite Ball 2-1,,,,,3,,,,,,,,,,,,,,,,,,,,,,,,,,,,,,,,,,,,,,,,,,,,,,,,2019-02-24 07:08:10+00:00,2019-02-24 07:08:10+00:00,0,12164,88,那覇,2026-10-01T20:50:19.593663
2019,2019022405,2019-02-24 13:00:00+09:00,74763248,210404.0,1,5,オープン戦,2.0,2回表,4,須山,山本貴,津川,橘高,,,1,1,巨人,G,,8,日本ハム,F,,,,,,,4球目:低めのスライダーを打つもレフトフライ 3アウトチェンジ,4 Tamame: Hikume no Slider wo Utsu mo Left Fly 3 Out Change,,,,,4,,,,,,,,,,,,,,,,,,,,,,,,,,,,,,,,,,,,,,,,,,,,,,,,2019-02-24 07:08:10+00:00,2019-02-24 07:08:10+00:00,0,12164,88,那覇,2026-10-01T20:50:19.593663
2019,2019022405,2019-02-24 13:00:00+09:00,74763249,220100.0,1,5,オープン戦,2.0,2回裏,1,須山,山本貴,津川,橘高,,,1,1,巨人,G,,8,日本ハム,F,,,,,,,2回裏 巨0-0日　巨人は4番ゲレーロからの攻撃,2 Kai Ura Kyo 0-0ka Kyojin wa 4 Ban Gereero kara no Kougeki,,,,,0,,,,,,,,,,,,,,,,,,,,,,,,,,,,,,,,,,,,,,,,,,,,,,,,2019-02-24 07:08:10+00:00,2019-02-24 07:08:10+00:00,0,12164,88,那覇,2026-10-01T20:50:19.593663
2019,2019022405,2019-02-24 13:00:00+09:00,74763250,220100.0,1,5,オープン戦,2.0,2回裏,1,須山,山本貴,津川,橘高,,,1,1,巨人,G,,8,日本ハム,F,,,,,,,＜4番：ゲレーロ＞無死走者なし,<4 Ban: Gereero> Mushi Sousha Nashi,,,,,0,,,,,,,,,,,,,,,,,,,,,,,,,,,,,,,,,,,,,,,,,,,,,,,,2019-02-24 07:08:10+00:00,2019-02-24 07:08:10+00:00,0,12164,88,那覇,2026-10-01T20:50:19.593663
2019,2019022405,2019-02-24 13:00:00+09:00,74763251,220101.0,1,5,オープン戦,2.0,2回裏,1,須山,山本貴,津川,橘高,,,1,1,巨人,G,,8,日本ハム,F,,,,,,,1球目:外角低めの変化球を空振りストライク 0-1,1 Tamame: Gaikaku Hikume no Henka Kyuu wo Karaburi Strike 0-1,,,,,1,,,,,,,,,,,,,,,,,,,,,,,,,,,,,,,,,,,,,,,,,,,,,,,,2019-02-24 07:08:10+00:00,2019-02-24 07:08:10+00:00,0,12164,88,那覇,2026-10-01T20:50:19.593663
2019,2019022405,2019-02-24 13:00:00+09:00,74763252,220102.0,1,5,オープン戦,2.0,2回裏,1,須山,山本貴,津川,橘高,,,1,1,巨人,G,,8,日本ハム,F,,,,,,,2球目:外角低めのストレートを見逃してボール 1-1,2 Tamame: Gaikaku Hikume no Straight wo Minogashite Ball 1-1,,,,,2,,,,,,,,,,,,,,,,,,,,,,,,,,,,,,,,,,,,,,,,,,,,,,,,2019-02-24 07:08:10+00:00,2019-02-24 07:08:10+00:00,0,12164,88,那覇,2026-10-01T20:50:19.593663
2019,2019022405,2019-02-24 13:00:00+09:00,74763253,220103.0,1,5,オープン戦,2.0,2回裏,1,須山,山本貴,津川,橘高,,,1,1,巨人,G,,8,日本ハム,F,,,,,,,3球目:外角低め126キロのスライダーを見逃してボール 2-1,3 Tamame: Gaikaku Hikume 126 Kilo no Slider wo Minogashite Ball 2-1,,,,,3,,,,,,,,,,,,,,,,,,,,,,,,,,,,,,,,,,,,,,,,,,,,,,,,2019-02-24 07:08:10+00:00,2019-02-24 07:08:10+00:00,0,12164,88,那覇,2026-10-01T20:50:19.593663
2019,2019022405,2019-02-24 13:00:00+09:00,74763254,220104.0,1,5,オープン戦,2.0,2回裏,1,須山,山本貴,津川,橘高,,,1,1,巨人,G,,8,日本ハム,F,,,,,,,4球目:外角低め139キロのストレートを見逃してボール 3-1,4 Tamame: Gaikaku Hikume 139 Kilo no Straight wo Minogashite Ball 3-1,,,,,4,,,,,,,,,,,,,,,,,,,,,,,,,,,,,,,,,,,,,,,,,,,,,,,,2019-02-24 07:08:10+00:00,2019-02-24 07:08:10+00:00,0,12164,88,那覇,2026-10-01T20:50:19.593663
2019,2019022405,2019-02-24 13:00:00+09:00,74763255,220105.0,1,5,オープン戦,2.0,2回裏,1,須山,山本貴,津川,橘高,,,1,1,巨人,G,,8,日本ハム,F,,,,,,,5球目:外角の変化球を打ってファウル 3-2,5 Tamame: Gaikaku no Henka Kyuu wo Utte Foul 3-2,,,,,5,,,,,,,,,,,,,,,,,,,,,,,,,,,,,,,,,,,,,,,,,,,,,,,,2019-02-24 07:08:10+00:00,2019-02-24 07:08:10+00:00,0,12164,88,那覇,2026-10-01T20:50:19.593663
2019,2019022405,2019-02-24 13:00:00+09:00,74763256,220106.0,1,5,オープン戦,2.0,2回裏,1,須山,山本貴,津川,橘高,,,1,1,巨人,G,,8,日本ハム,F,,,,,,,6球目:内角高め128キロのスライダーを打ってファウル 3-2,6 Tamame: Naikaku Takame 128 Kilo no Slider wo Utte Foul 3-2,,,,,6,,,,,,,,,,,,,,,,,,,,,,,,,,,,,,,,,,,,,,,,,,,,,,,,2019-02-24 07:08:10+00:00,2019-02-24 07:08:10+00:00,0,12164,88,那覇,2026-10-01T20:50:19.593663
2019,2019022405,2019-02-24 13:00:00+09:00,74763257,220107.0,1,5,オープン戦,2.0,2回裏,1,須山,山本貴,津川,橘高,,,1,1,巨人,G,,8,日本ハム,F,,,,,,,7球目:外角のストレートを見逃しフォアボールを選ぶ 1塁,7 Tamame: Gaikaku no Straight wo Minogashi Four Ball wo Erabu 1 Rui,,,,,7,,,,,,,,,,,,,,,,,,,,,,,,,,,,,,,,,,,,,,,,,,,,,,,,2019-02-24 07:08:10+00:00,2019-02-24 07:08:10+00:00,0,12164,88,那覇,2026-10-01T20:50:19.593663
2019,2019022405,2019-02-24 13:00:00+09:00,74763258,220200.0,1,5,オープン戦,2.0,2回裏,2,須山,山本貴,津川,橘高,,,1,1,巨人,G,,8,日本ハム,F,,,,,,,＜5番：ビヤヌエバ＞無死1塁,<5 Ban: Beer Nueva> Mushi 1 Rui,,,,,0,,,,,,,,,,,,,,,,,,,,,,,,,,,,,,,,,,,,,,,,,,,,,,,,2019-02-24 07:08:10+00:00,2019-02-24 07:08:10+00:00,0,12164,88,那覇,2026-10-01T20:50:19.593663
2019,2019022405,2019-02-24 13:00:00+09:00,74763259,220201.0,1,5,オープン戦,2.0,2回裏,2,須山,山本貴,津川,橘高,,,1,1,巨人,G,,8,日本ハム,F,,,,,,,1球目:外角141キロのストレートを見逃してストライク 0-1,1 Tamame: Gaikaku 141 Kilo no Straight wo Minogashite Strike 0-1,,,,,1,,,,,,,,,,,,,,,,,,,,,,,,,,,,,,,,,,,,,,,,,,,,,,,,2019-02-24 07:08:10+00:00,2019-02-24 07:08:10+00:00,0,12164,88,那覇,2026-10-01T20:50:19.593663
2019,2019022405,2019-02-24 13:00:00+09:00,74763260,220202.0,1,5,オープン戦,2.0,2回裏,2,須山,山本貴,津川,橘高,,,1,1,巨人,G,,8,日本ハム,F,,,,,,,"2球目:レフトへのヒットを放つ 1,2塁","2 Tamame: Left e no Hit wo Hanatsu 1,2 Rui",,,,,2,,,,,,,,,,,,,,,,,,,,,,,,,,,,,,,,,,,,,,,,,,,,,,,,2019-02-24 07:08:10+00:00,2019-02-24 07:08:10+00:00,0,12164,88,那覇,2026-10-01T20:50:19.593663
2019,2019022405,2019-02-24 13:00:00+09:00,74763261,220300.0,1,5,オープン戦,2.0,2回裏,3,須山,山本貴,津川,橘高,,,1,1,巨人,G,,8,日本ハム,F,,,,,,,"＜6番：陽＞無死1,2塁","<6 Ban: You> Mushi 1,2 Rui",,,,,0,,,,,,,,,,,,,,,,,,,,,,,,,,,,,,,,,,,,,,,,,,,,,,,,2019-02-24 07:08:10+00:00,2019-02-24 07:08:10+00:00,0,12164,88,那覇,2026-10-01T20:50:19.593663
2019,2019022405,2019-02-24 13:00:00+09:00,74763262,220300.0,1,5,オープン戦,2.0,2回裏,3,須山,山本貴,津川,橘高,,,1,1,巨人,G,,8,日本ハム,F,,,,,,,2塁けん制:ランナーゲレーロ戻りきれずタッチアウト！ 1アウト,2 Rui Kensei: Rannaagereero Modori Kirezu Touch Out! 1 Out,,,,,0,,,,,,,,,,,,,,,,,,,,,,,,,,,,,,,,,,,,,,,,,,,,,,,,2019-02-24 07:08:10+00:00,2019-02-24 07:08:10+00:00,0,12164,88,那覇,2026-10-01T20:50:19.593663
2019,2019022405,2019-02-24 13:00:00+09:00,74763263,220301.0,1,5,オープン戦,2.0,2回裏,3,須山,山本貴,津川,橘高,,,1,1,巨人,G,,8,日本ハム,F,,,,,,,1球目:外角のストレートを打つも6-4-3のダブルプレー 3アウトチェンジ,1 Tamame: Gaikaku no Straight wo Utsu mo 6-4-3 no Double Play 3 Out Change,,,,,1,,,,,,,,,,,,,,,,,,,,,,,,,,,,,,,,,,,,,,,,,,,,,,,,2019-02-24 07:08:10+00:00,2019-02-24 07:08:10+00:00,0,12164,88,那覇,2026-10-01T20:50:19.593663
2019,2019022405,2019-02-24 13:00:00+09:00,74763264,310100.0,1,5,オープン戦,3.0,3回表,1,須山,山本貴,津川,橘高,,,1,1,巨人,G,,8,日本ハム,F,,,,,,,3回表 巨0-0日　日本ハムは1番大田からの攻撃,3 Kai Hyou Kyo 0-0ka Nippon Ham wa 1 Ban Oota kara no Kougeki,,,,,0,,,,,,,,,,,,,,,,,,,,,,,,,,,,,,,,,,,,,,,,,,,,,,,,2019-02-24 07:08:10+00:00,2019-02-24 07:08:10+00:00,0,12164,88,那覇,2026-10-01T20:50:19.593663
2019,2019022405,2019-02-24 13:00:00+09:00,74763265,310100.0,1,5,オープン戦,3.0,3回表,1,須山,山本貴,津川,橘高,,,1,1,巨人,G,,8,日本ハム,F,,,,,,,＜1番：大田＞無死走者なし,<1 Ban: Oota> Mushi Sousha Nashi,,,,,0,,,,,,,,,,,,,,,,,,,,,,,,,,,,,,,,,,,,,,,,,,,,,,,,2019-02-24 07:08:10+00:00,2019-02-24 07:08:10+00:00,0,12164,88,那覇,2026-10-01T20:50:19.593663
2019,2019022405,2019-02-24 13:00:00+09:00,74763266,310101.0,1,5,オープン戦,3.0,3回表,1,須山,山本貴,津川,橘高,,,1,1,巨人,G,,8,日本ハム,F,,,,,,,1球目:内角122キロのスライダーを見逃してストライク 0-1,1 Tamame: Naikaku 122 Kilo no Slider wo Minogashite Strike 0-1,,,,,1,,,,,,,,,,,,,,,,,,,,,,,,,,,,,,,,,,,,,,,,,,,,,,,,2019-02-24 07:08:10+00:00,2019-02-24 07:08:10+00:00,0,12164,88,那覇,2026-10-01T20:50:19.593663
2019,2019022405,2019-02-24 13:00:00+09:00,74763267,310102.0,1,5,オープン戦,3.0,3回表,1,須山,山本貴,津川,橘高,,,1,1,巨人,G,,8,日本ハム,F,,,,,,,2球目:内角高めのストレートを打ってファウル 0-2,2 Tamame: Naikaku Takame no Straight wo Utte Foul 0-2,,,,,2,,,,,,,,,,,,,,,,,,,,,,,,,,,,,,,,,,,,,,,,,,,,,,,,2019-02-24 07:08:10+00:00,2019-02-24 07:08:10+00:00,0,12164,88,那覇,2026-10-01T20:50:19.593663
2019,2019022405,2019-02-24 13:00:00+09:00,74763268,310103.0,1,5,オープン戦,3.0,3回表,1,須山,山本貴,津川,橘高,,,1,1,巨人,G,,8,日本ハム,F,,,,,,,3球目:内角低めのストレートを見逃してボール 1-2,3 Tamame: Naikaku Hikume no Straight wo Minogashite Ball 1-2,,,,,3,,,,,,,,,,,,,,,,,,,,,,,,,,,,,,,,,,,,,,,,,,,,,,,,2019-02-24 07:08:10+00:00,2019-02-24 07:08:10+00:00,0,12164,88,那覇,2026-10-01T20:50:19.593663
2019,2019022405,2019-02-24 13:00:00+09:00,74763269,310104.0,1,5,オープン戦,3.0,3回表,1,須山,山本貴,津川,橘高,,,1,1,巨人,G,,8,日本ハム,F,,,,,,,4球目:内角高め136キロのストレートを打ってファウル 1-2,4 Tamame: Naikaku Takame 136 Kilo no Straight wo Utte Foul 1-2,,,,,4,,,,,,,,,,,,,,,,,,,,,,,,,,,,,,,,,,,,,,,,,,,,,,,,2019-02-24 07:08:10+00:00,2019-02-24 07:08:10+00:00,0,12164,88,那覇,2026-10-01T20:50:19.593663
2019,2019022405,2019-02-24 13:00:00+09:00,74763270,310105.0,1,5,オープン戦,3.0,3回表,1,須山,山本貴,津川,橘高,,,1,1,巨人,G,,8,日本ハム,F,,,,,,,5球目:センターへのツーベース 2塁,5 Tamame: Center e no Two Base 2 Rui,,,,,5,,,,,,,,,,,,,,,,,,,,,,,,,,,,,,,,,,,,,,,,,,,,,,,,2019-02-24 07:08:10+00:00,2019-02-24 07:08:10+00:00,0,12164,88,那覇,2026-10-01T20:50:19.593663
2019,2019022405,2019-02-24 13:00:00+09:00,74763271,310200.0,1,5,オープン戦,3.0,3回表,2,須山,山本貴,津川,橘高,,,1,1,巨人,G,,8,日本ハム,F,,,,,,,＜2番：田中賢介＞無死2塁,<2 Ban: Tanaka Kensuke> Mushi 2 Rui,,,,,0,,,,,,,,,,,,,,,,,,,,,,,,,,,,,,,,,,,,,,,,,,,,,,,,2019-02-24 07:08:10+00:00,2019-02-24 07:08:10+00:00,0,12164,88,那覇,2026-10-01T20:50:19.593663
2019,2019022405,2019-02-24 13:00:00+09:00,74763272,310201.0,1,5,オープン戦,3.0,3回表,2,須山,山本貴,津川,橘高,,,1,1,巨人,G,,8,日本ハム,F,,,,,,,1球目:外角低めのスライダーを見逃してボール 1-0,1 Tamame: Gaikaku Hikume no Slider wo Minogashite Ball 1-0,,,,,1,,,,,,,,,,,,,,,,,,,,,,,,,,,,,,,,,,,,,,,,,,,,,,,,2019-02-24 07:08:10+00:00,2019-02-24 07:08:10+00:00,0,12164,88,那覇,2026-10-01T20:50:19.593663
2019,2019022405,2019-02-24 13:00:00+09:00,74763273,310202.0,1,5,オープン戦,3.0,3回表,2,須山,山本貴,津川,橘高,,,1,1,巨人,G,,8,日本ハム,F,,,,,,,2球目:内角高めのストレートを見逃してボール 2-0,2 Tamame: Naikaku Takame no Straight wo Minogashite Ball 2-0,,,,,2,,,,,,,,,,,,,,,,,,,,,,,,,,,,,,,,,,,,,,,,,,,,,,,,2019-02-24 07:08:10+00:00,2019-02-24 07:08:10+00:00,0,12164,88,那覇,2026-10-01T20:50:19.593663
2019,2019022405,2019-02-24 13:00:00+09:00,74763274,310203.0,1,5,オープン戦,3.0,3回表,2,須山,山本貴,津川,橘高,,,1,1,巨人,G,,8,日本ハム,F,,,,,,,3球目:外角低めのストレートを見逃してストライク 2-1,3 Tamame: Gaikaku Hikume no Straight wo Minogashite Strike 2-1,,,,,3,,,,,,,,,,,,,,,,,,,,,,,,,,,,,,,,,,,,,,,,,,,,,,,,2019-02-24 07:08:10+00:00,2019-02-24 07:08:10+00:00,0,12164,88,那覇,2026-10-01T20:50:19.593663
2019,2019022405,2019-02-24 13:00:00+09:00,74763275,310204.0,1,5,オープン戦,3.0,3回表,2,須山,山本貴,津川,橘高,,,1,1,巨人,G,,8,日本ハム,F,,,,,,,4球目:高めのストレートを打つもショートフライ 1アウト,4 Tamame: Takame no Straight wo Utsu mo Short Fly 1 Out,,,,,4,,,,,,,,,,,,,,,,,,,,,,,,,,,,,,,,,,,,,,,,,,,,,,,,2019-02-24 07:08:10+00:00,2019-02-24 07:08:10+00:00,0,12164,88,那覇,2026-10-01T20:50:19.593663
2019,2019022405,2019-02-24 13:00:00+09:00,74763276,310300.0,1,5,オープン戦,3.0,3回表,3,須山,山本貴,津川,橘高,,,1,1,巨人,G,,8,日本ハム,F,,,,,,,＜3番：西川＞一死2塁,<3 Ban: Nishikawa> Ichi Shi 2 Rui,,,,,0,,,,,,,,,,,,,,,,,,,,,,,,,,,,,,,,,,,,,,,,,,,,,,,,2019-02-24 07:08:10+00:00,2019-02-24 07:08:10+00:00,0,12164,88,那覇,2026-10-01T20:50:19.593663
2019,2019022405,2019-02-24 13:00:00+09:00,74763277,310301.0,1,5,オープン戦,3.0,3回表,3,須山,山本貴,津川,橘高,,,1,1,巨人,G,,8,日本ハム,F,,,,,,,1球目:際どいコースのストレートを見逃してボール 1-0,1 Tamame: Kiwadoi Course no Straight wo Minogashite Ball 1-0,,,,,1,,,,,,,,,,,,,,,,,,,,,,,,,,,,,,,,,,,,,,,,,,,,,,,,2019-02-24 07:08:10+00:00,2019-02-24 07:08:10+00:00,0,12164,88,那覇,2026-10-01T20:50:19.593663
2019,2019022405,2019-02-24 13:00:00+09:00,74763278,310302.0,1,5,オープン戦,3.0,3回表,3,須山,山本貴,津川,橘高,,,1,1,巨人,G,,8,日本ハム,F,,,,,,,2球目:外角のストレートを打ってファウル 1-1,2 Tamame: Gaikaku no Straight wo Utte Foul 1-1,,,,,2,,,,,,,,,,,,,,,,,,,,,,,,,,,,,,,,,,,,,,,,,,,,,,,,2019-02-24 07:08:10+00:00,2019-02-24 07:08:10+00:00,0,12164,88,那覇,2026-10-01T20:50:19.593663
2019,2019022405,2019-02-24 13:00:00+09:00,74763279,310303.0,1,5,オープン戦,3.0,3回表,3,須山,山本貴,津川,橘高,,,1,1,巨人,G,,8,日本ハム,F,,,,,,,3球目:内角低めのストレートを見逃してボール 2-1,3 Tamame: Naikaku Hikume no Straight wo Minogashite Ball 2-1,,,,,3,,,,,,,,,,,,,,,,,,,,,,,,,,,,,,,,,,,,,,,,,,,,,,,,2019-02-24 07:08:10+00:00,2019-02-24 07:08:10+00:00,0,12164,88,那覇,2026-10-01T20:50:19.593663
2019,2019022405,2019-02-24 13:00:00+09:00,74763280,310304.0,1,5,オープン戦,3.0,3回表,3,須山,山本貴,津川,橘高,,,1,1,巨人,G,,8,日本ハム,F,,,,,,,4球目:内角のストレートを打ってファウル 2-2,4 Tamame: Naikaku no Straight wo Utte Foul 2-2,,,,,4,,,,,,,,,,,,,,,,,,,,,,,,,,,,,,,,,,,,,,,,,,,,,,,,2019-02-24 07:08:10+00:00,2019-02-24 07:08:10+00:00,0,12164,88,那覇,2026-10-01T20:50:19.593663
2019,2019022405,2019-02-24 13:00:00+09:00,74763281,310305.0,1,5,オープン戦,3.0,3回表,3,須山,山本貴,津川,橘高,,,1,1,巨人,G,,8,日本ハム,F,,,,,,,5球目:内角のストレートを見逃してボール 3-2,5 Tamame: Naikaku no Straight wo Minogashite Ball 3-2,,,,,5,,,,,,,,,,,,,,,,,,,,,,,,,,,,,,,,,,,,,,,,,,,,,,,,2019-02-24 07:08:10+00:00,2019-02-24 07:08:10+00:00,0,12164,88,那覇,2026-10-01T20:50:19.593663
2019,2019022405,2019-02-24 13:00:00+09:00,74763282,310306.0,1,5,オープン戦,3.0,3回表,3,須山,山本貴,津川,橘高,,,1,1,巨人,G,,8,日本ハム,F,,,,,,,6球目:外角低め124キロのスライダーを打ってファウル 3-2,6 Tamame: Gaikaku Hikume 124 Kilo no Slider wo Utte Foul 3-2,,,,,6,,,,,,,,,,,,,,,,,,,,,,,,,,,,,,,,,,,,,,,,,,,,,,,,2019-02-24 07:08:10+00:00,2019-02-24 07:08:10+00:00,0,12164,88,那覇,2026-10-01T20:50:19.593663
2019,2019022405,2019-02-24 13:00:00+09:00,74763283,310307.0,1,5,オープン戦,3.0,3回表,3,須山,山本貴,津川,橘高,,,1,1,巨人,G,,8,日本ハム,F,,,,,,,7球目:内角のスライダーを打ってファウル 3-2,7 Tamame: Naikaku no Slider wo Utte Foul 3-2,,,,,7,,,,,,,,,,,,,,,,,,,,,,,,,,,,,,,,,,,,,,,,,,,,,,,,2019-02-24 07:08:10+00:00,2019-02-24 07:08:10+00:00,0,12164,88,那覇,2026-10-01T20:50:19.593663
2019,2019022405,2019-02-24 13:00:00+09:00,74763284,310308.0,1,5,オープン戦,3.0,3回表,3,須山,山本貴,津川,橘高,,,1,1,巨人,G,,8,日本ハム,F,,,,,,,8球目:ランナー2塁から外角の変化球を打つもセカンドゴロ 2アウト3塁,8 Tamame: Runner 2 Rui kara Gaikaku no Henka Kyuu wo Utsu mo Sekando Grounder 2 Out 3 Rui,,,,,8,,,,,,,,,,,,,,,,,,,,,,,,,,,,,,,,,,,,,,,,,,,,,,,,2019-02-24 07:08:10+00:00,2019-02-24 07:08:10+00:00,0,12164,88,那覇,2026-10-01T20:50:19.593663
2019,2019022405,2019-02-24 13:00:00+09:00,74763285,310400.0,1,5,オープン戦,3.0,3回表,4,須山,山本貴,津川,橘高,,,1,1,巨人,G,,8,日本ハム,F,,,,,,,＜4番：王＞二死3塁,<4 Ban: Ou> Ni Shi 3 Rui,,,,,0,,,,,,,,,,,,,,,,,,,,,,,,,,,,,,,,,,,,,,,,,,,,,,,,2019-02-24 07:08:10+00:00,2019-02-24 07:08:10+00:00,0,12164,88,那覇,2026-10-01T20:50:19.593663
2019,2019022405,2019-02-24 13:00:00+09:00,74763286,310401.0,1,5,オープン戦,3.0,3回表,4,須山,山本貴,津川,橘高,,,1,1,巨人,G,,8,日本ハム,F,,,,,,,1球目:内角のストレートを打ちにいくもファウル 0-1,1 Tamame: Naikaku no Straight wo Uchi ni Iku mo Foul 0-1,,,,,1,,,,,,,,,,,,,,,,,,,,,,,,,,,,,,,,,,,,,,,,,,,,,,,,2019-02-24 07:08:10+00:00,2019-02-24 07:08:10+00:00,0,12164,88,那覇,2026-10-01T20:50:19.593663
2019,2019022405,2019-02-24 13:00:00+09:00,74763287,310402.0,1,5,オープン戦,3.0,3回表,4,須山,山本貴,津川,橘高,,,1,1,巨人,G,,8,日本ハム,F,,,,,,,2球目:2アウト3塁の0-1からライトへのタイムリーヒットで日本ハム先制！ 巨0-1日 1塁,2 Tamame:2 Out 3 Rui no 0-1 kara Raito e no Timely Hit de Nippon Ham Sensei! Kyo 0-1ka 1 Rui,,,,,2,,,,,,,,,,,,,,,,,,,,,,,,,,,,,,,,,,,,,,,,,,,,,,,,2019-02-24 07:08:10+00:00,2019-02-24 07:08:10+00:00,0,12164,88,那覇,2026-10-01T20:50:19.593663
2019,2019022405,2019-02-24 13:00:00+09:00,74763288,310500.0,1,5,オープン戦,3.0,3回表,5,須山,山本貴,津川,橘高,,,1,1,巨人,G,,8,日本ハム,F,,,,,,,＜5番：近藤＞二死1塁,<5 Ban: Kondou> Ni Shi 1 Rui,,,,,0,,,,,,,,,,,,,,,,,,,,,,,,,,,,,,,,,,,,,,,,,,,,,,,,2019-02-24 07:08:10+00:00,2019-02-24 07:08:10+00:00,0,12164,88,那覇,2026-10-01T20:50:19.593663
2019,2019022405,2019-02-24 13:00:00+09:00,74763289,310501.0,1,5,オープン戦,3.0,3回表,5,須山,山本貴,津川,橘高,,,1,1,巨人,G,,8,日本ハム,F,,,,,,,1球目:外角低め123キロのスライダーを見逃してストライク 0-1,1 Tamame: Gaikaku Hikume 123 Kilo no Slider wo Minogashite Strike 0-1,,,,,1,,,,,,,,,,,,,,,,,,,,,,,,,,,,,,,,,,,,,,,,,,,,,,,,2019-02-24 07:08:10+00:00,2019-02-24 07:08:10+00:00,0,12164,88,那覇,2026-10-01T20:50:19.593663
2019,2019022405,2019-02-24 13:00:00+09:00,74763290,310502.0,1,5,オープン戦,3.0,3回表,5,須山,山本貴,津川,橘高,,,1,1,巨人,G,,8,日本ハム,F,,,,,,,2球目:外角のストレートを見逃してボール 1-1,2 Tamame: Gaikaku no Straight wo Minogashite Ball 1-1,,,,,2,,,,,,,,,,,,,,,,,,,,,,,,,,,,,,,,,,,,,,,,,,,,,,,,2019-02-24 07:08:10+00:00,2019-02-24 07:08:10+00:00,0,12164,88,那覇,2026-10-01T20:50:19.593663
2019,2019022405,2019-02-24 13:00:00+09:00,74763291,310503.0,1,5,オープン戦,3.0,3回表,5,須山,山本貴,津川,橘高,,,1,1,巨人,G,,8,日本ハム,F,,,,,,,3球目:低め134キロのストレートを打ってファウル 1-2,3 Tamame: Hikume 134 Kilo no Straight wo Utte Foul 1-2,,,,,3,,,,,,,,,,,,,,,,,,,,,,,,,,,,,,,,,,,,,,,,,,,,,,,,2019-02-24 07:08:10+00:00,2019-02-24 07:08:10+00:00,0,12164,88,那覇,2026-10-01T20:50:19.593663
2019,2019022405,2019-02-24 13:00:00+09:00,74763292,310504.0,1,5,オープン戦,3.0,3回表,5,須山,山本貴,津川,橘高,,,1,1,巨人,G,,8,日本ハム,F,,,,,,,4球目:外角高めのストレートを打ってファウル 1-2,4 Tamame: Gaikaku Takame no Straight wo Utte Foul 1-2,,,,,4,,,,,,,,,,,,,,,,,,,,,,,,,,,,,,,,,,,,,,,,,,,,,,,,2019-02-24 07:08:10+00:00,2019-02-24 07:08:10+00:00,0,12164,88,那覇,2026-10-01T20:50:19.593663
2019,2019022405,2019-02-24 13:00:00+09:00,74763293,310505.0,1,5,オープン戦,3.0,3回表,5,須山,山本貴,津川,橘高,,,1,1,巨人,G,,8,日本ハム,F,,,,,,,5球目:外角低め125キロのスライダーを見逃してボール 2-2,5 Tamame: Gaikaku Hikume 125 Kilo no Slider wo Minogashite Ball 2-2,,,,,5,,,,,,,,,,,,,,,,,,,,,,,,,,,,,,,,,,,,,,,,,,,,,,,,2019-02-24 07:08:10+00:00,2019-02-24 07:08:10+00:00,0,12164,88,那覇,2026-10-01T20:50:19.593663
2019,2019022405,2019-02-24 13:00:00+09:00,74763294,310506.0,1,5,オープン戦,3.0,3回表,5,須山,山本貴,津川,橘高,,,1,1,巨人,G,,8,日本ハム,F,,,,,,,6球目:外角低めのスライダーを見逃してボール 3-2,6 Tamame: Gaikaku Hikume no Slider wo Minogashite Ball 3-2,,,,,6,,,,,,,,,,,,,,,,,,,,,,,,,,,,,,,,,,,,,,,,,,,,,,,,2019-02-24 07:08:10+00:00,2019-02-24 07:08:10+00:00,0,12164,88,那覇,2026-10-01T20:50:19.593663
2019,2019022405,2019-02-24 13:00:00+09:00,74763295,310507.0,1,5,オープン戦,3.0,3回表,5,須山,山本貴,津川,橘高,,,1,1,巨人,G,,8,日本ハム,F,,,,,,,7球目:低めのスライダーを打つもセカンドゴロ 3アウトチェンジ,7 Tamame: Hikume no Slider wo Utsu mo Sekando Grounder 3 Out Change,,,,,7,,,,,,,,,,,,,,,,,,,,,,,,,,,,,,,,,,,,,,,,,,,,,,,,2019-02-24 07:08:10+00:00,2019-02-24 07:08:10+00:00,0,12164,88,那覇,2026-10-01T20:50:19.593663
2019,2019022405,2019-02-24 13:00:00+09:00,74763296,320100.0,1,5,オープン戦,3.0,3回裏,1,須山,山本貴,津川,橘高,,,1,1,巨人,G,,8,日本ハム,F,,,,,,,3回裏 巨0-1日　巨人は7番亀井からの攻撃,3 Kai Ura Kyo 0-1ka Kyojin wa 7 Ban Kamei kara no Kougeki,,,,,0,,,,,,,,,,,,,,,,,,,,,,,,,,,,,,,,,,,,,,,,,,,,,,,,2019-02-24 07:08:10+00:00,2019-02-24 07:08:10+00:00,0,12164,88,那覇,2026-10-01T20:50:19.593663
2019,2019022405,2019-02-24 13:00:00+09:00,74763297,320100.0,1,5,オープン戦,3.0,3回裏,1,須山,山本貴,津川,橘高,,,1,1,巨人,G,,8,日本ハム,F,,,,,,,投手交代:金子→上沢,Toushu Koutai: Kaneko Kamisawa,,,,,0,,,,,,,,,,,,,,,,,,,,,,,,,,,,,,,,,,,,,,,,,,,,,,,,2019-02-24 07:08:10+00:00,2019-02-24 07:08:10+00:00,0,12164,88,那覇,2026-10-01T20:50:19.593663
2019,2019022405,2019-02-24 13:00:00+09:00,74763298,320100.0,1,5,オープン戦,3.0,3回裏,1,須山,山本貴,津川,橘高,,,1,1,巨人,G,,8,日本ハム,F,,,,,,,＜7番：亀井＞無死走者なし,<7 Ban: Kamei> Mushi Sousha Nashi,,,,,0,,,,,,,,,,,,,,,,,,,,,,,,,,,,,,,,,,,,,,,,,,,,,,,,2019-02-24 07:08:10+00:00,2019-02-24 07:08:10+00:00,0,12164,88,那覇,2026-10-01T20:50:19.593663
2019,2019022405,2019-02-24 13:00:00+09:00,74763299,320101.0,1,5,オープン戦,3.0,3回裏,1,須山,山本貴,津川,橘高,,,1,1,巨人,G,,8,日本ハム,F,,,,,,,1球目:外角高めのストレートを見逃してボール 1-0,1 Tamame: Gaikaku Takame no Straight wo Minogashite Ball 1-0,,,,,1,,,,,,,,,,,,,,,,,,,,,,,,,,,,,,,,,,,,,,,,,,,,,,,,2019-02-24 07:08:10+00:00,2019-02-24 07:08:10+00:00,0,12164,88,那覇,2026-10-01T20:50:19.593663
2019,2019022405,2019-02-24 13:00:00+09:00,74763300,320102.0,1,5,オープン戦,3.0,3回裏,1,須山,山本貴,津川,橘高,,,1,1,巨人,G,,8,日本ハム,F,,,,,,,2球目:外角高めのストレートを見逃してストライク 1-1,2 Tamame: Gaikaku Takame no Straight wo Minogashite Strike 1-1,,,,,2,,,,,,,,,,,,,,,,,,,,,,,,,,,,,,,,,,,,,,,,,,,,,,,,2019-02-24 07:08:10+00:00,2019-02-24 07:08:10+00:00,0,12164,88,那覇,2026-10-01T20:50:19.593663
2019,2019022405,2019-02-24 13:00:00+09:00,74763301,320103.0,1,5,オープン戦,3.0,3回裏,1,須山,山本貴,津川,橘高,,,1,1,巨人,G,,8,日本ハム,F,,,,,,,3球目:外角高め109キロのナックルカーブを見逃してボール 2-1,3 Tamame: Gaikaku Takame 109 Kilo no Knuckle Curve wo Minogashite Ball 2-1,,,,,3,,,,,,,,,,,,,,,,,,,,,,,,,,,,,,,,,,,,,,,,,,,,,,,,2019-02-24 07:08:10+00:00,2019-02-24 07:08:10+00:00,0,12164,88,那覇,2026-10-01T20:50:19.593663
2019,2019022405,2019-02-24 13:00:00+09:00,74763302,320104.0,1,5,オープン戦,3.0,3回裏,1,須山,山本貴,津川,橘高,,,1,1,巨人,G,,8,日本ハム,F,,,,,,,4球目:内角高めのカットボールを打ってファウル 2-2,4 Tamame: Naikaku Takame no Cut Ball wo Utte Foul 2-2,,,,,4,,,,,,,,,,,,,,,,,,,,,,,,,,,,,,,,,,,,,,,,,,,,,,,,2019-02-24 07:08:10+00:00,2019-02-24 07:08:10+00:00,0,12164,88,那覇,2026-10-01T20:50:19.593663
2019,2019022405,2019-02-24 13:00:00+09:00,74763303,320105.0,1,5,オープン戦,3.0,3回裏,1,須山,山本貴,津川,橘高,,,1,1,巨人,G,,8,日本ハム,F,,,,,,,5球目:高めのストレートに見逃し三振 1アウト,5 Tamame: Takame no Straight ni Minogashi Sanshin 1 Out,,,,,5,,,,,,,,,,,,,,,,,,,,,,,,,,,,,,,,,,,,,,,,,,,,,,,,2019-02-24 07:08:10+00:00,2019-02-24 07:08:10+00:00,0,12164,88,那覇,2026-10-01T20:50:19.593663
2019,2019022405,2019-02-24 13:00:00+09:00,74763304,320200.0,1,5,オープン戦,3.0,3回裏,2,須山,山本貴,津川,橘高,,,1,1,巨人,G,,8,日本ハム,F,,,,,,,＜8番：中島＞一死走者なし,<8 Ban: Nakajima> Ichi Shi Sousha Nashi,,,,,0,,,,,,,,,,,,,,,,,,,,,,,,,,,,,,,,,,,,,,,,,,,,,,,,2019-02-24 07:08:10+00:00,2019-02-24 07:08:10+00:00,0,12164,88,那覇,2026-10-01T20:50:19.593663
2019,2019022405,2019-02-24 13:00:00+09:00,74763305,320201.0,1,5,オープン戦,3.0,3回裏,2,須山,山本貴,津川,橘高,,,1,1,巨人,G,,8,日本ハム,F,,,,,,,1球目:外角高めのストレートを見逃してボール 1-0,1 Tamame: Gaikaku Takame no Straight wo Minogashite Ball 1-0,,,,,1,,,,,,,,,,,,,,,,,,,,,,,,,,,,,,,,,,,,,,,,,,,,,,,,2019-02-24 07:08:10+00:00,2019-02-24 07:08:10+00:00,0,12164,88,那覇,2026-10-01T20:50:19.593663
2019,2019022405,2019-02-24 13:00:00+09:00,74763306,320202.0,1,5,オープン戦,3.0,3回裏,2,須山,山本貴,津川,橘高,,,1,1,巨人,G,,8,日本ハム,F,,,,,,,2球目:外角高め126キロのスライダーを見逃してストライク 1-1,2 Tamame: Gaikaku Takame 126 Kilo no Slider wo Minogashite Strike 1-1,,,,,2,,,,,,,,,,,,,,,,,,,,,,,,,,,,,,,,,,,,,,,,,,,,,,,,2019-02-24 07:08:10+00:00,2019-02-24 07:08:10+00:00,0,12164,88,那覇,2026-10-01T20:50:19.593663
2019,2019022405,2019-02-24 13:00:00+09:00,74763307,320203.0,1,5,オープン戦,3.0,3回裏,2,須山,山本貴,津川,橘高,,,1,1,巨人,G,,8,日本ハム,F,,,,,,,3球目:内角高め135キロのスライダーを空振りストライク 1-2,3 Tamame: Naikaku Takame 135 Kilo no Slider wo Karaburi Strike 1-2,,,,,3,,,,,,,,,,,,,,,,,,,,,,,,,,,,,,,,,,,,,,,,,,,,,,,,2019-02-24 07:08:10+00:00,2019-02-24 07:08:10+00:00,0,12164,88,那覇,2026-10-01T20:50:19.593663
2019,2019022405,2019-02-24 13:00:00+09:00,74763308,320204.0,1,5,オープン戦,3.0,3回裏,2,須山,山本貴,津川,橘高,,,1,1,巨人,G,,8,日本ハム,F,,,,,,,4球目:外角高めのストレートを見逃してボール 2-2,4 Tamame: Gaikaku Takame no Straight wo Minogashite Ball 2-2,,,,,4,,,,,,,,,,,,,,,,,,,,,,,,,,,,,,,,,,,,,,,,,,,,,,,,2019-02-24 07:08:10+00:00,2019-02-24 07:08:10+00:00,0,12164,88,那覇,2026-10-01T20:50:19.593663
2019,2019022405,2019-02-24 13:00:00+09:00,74763309,320205.0,1,5,オープン戦,3.0,3回裏,2,須山,山本貴,津川,橘高,,,1,1,巨人,G,,8,日本ハム,F,,,,,,,5球目:外角高めのストレートを打ってファウル 2-2,5 Tamame: Gaikaku Takame no Straight wo Utte Foul 2-2,,,,,5,,,,,,,,,,,,,,,,,,,,,,,,,,,,,,,,,,,,,,,,,,,,,,,,2019-02-24 07:08:10+00:00,2019-02-24 07:08:10+00:00,0,12164,88,那覇,2026-10-01T20:50:19.593663
2019,2019022405,2019-02-24 13:00:00+09:00,74763310,320206.0,1,5,オープン戦,3.0,3回裏,2,須山,山本貴,津川,橘高,,,1,1,巨人,G,,8,日本ハム,F,,,,,,,6球目:ワンバウンドした球を空振り三振 2アウト,6 Tamame: One Bound Shita Tama wo Karaburi Sanshin 2 Out,,,,,6,,,,,,,,,,,,,,,,,,,,,,,,,,,,,,,,,,,,,,,,,,,,,,,,2019-02-24 07:08:10+00:00,2019-02-24 07:08:10+00:00,0,12164,88,那覇,2026-10-01T20:50:19.593663
2019,2019022405,2019-02-24 13:00:00+09:00,74763311,320300.0,1,5,オープン戦,3.0,3回裏,3,須山,山本貴,津川,橘高,,,1,1,巨人,G,,8,日本ハム,F,,,,,,,＜9番：小林＞二死走者なし,<9 Ban: Kobayashi> Ni Shi Sousha Nashi,,,,,0,,,,,,,,,,,,,,,,,,,,,,,,,,,,,,,,,,,,,,,,,,,,,,,,2019-02-24 07:08:10+00:00,2019-02-24 07:08:10+00:00,0,12164,88,那覇,2026-10-01T20:50:19.593663
2019,2019022405,2019-02-24 13:00:00+09:00,74763312,320301.0,1,5,オープン戦,3.0,3回裏,3,須山,山本貴,津川,橘高,,,1,1,巨人,G,,8,日本ハム,F,,,,,,,1球目:外角136キロのストレートを見逃してストライク 0-1,1 Tamame: Gaikaku 136 Kilo no Straight wo Minogashite Strike 0-1,,,,,1,,,,,,,,,,,,,,,,,,,,,,,,,,,,,,,,,,,,,,,,,,,,,,,,2019-02-24 07:08:10+00:00,2019-02-24 07:08:10+00:00,0,12164,88,那覇,2026-10-01T20:50:19.593663
2019,2019022405,2019-02-24 13:00:00+09:00,74763313,320302.0,1,5,オープン戦,3.0,3回裏,3,須山,山本貴,津川,橘高,,,1,1,巨人,G,,8,日本ハム,F,,,,,,,2球目:高めのナックルカーブを見逃してボール 1-1,2 Tamame: Takame no Knuckle Curve wo Minogashite Ball 1-1,,,,,2,,,,,,,,,,,,,,,,,,,,,,,,,,,,,,,,,,,,,,,,,,,,,,,,2019-02-24 07:08:10+00:00,2019-02-24 07:08:10+00:00,0,12164,88,那覇,2026-10-01T20:50:19.593663
2019,2019022405,2019-02-24 13:00:00+09:00,74763314,320303.0,1,5,オープン戦,3.0,3回裏,3,須山,山本貴,津川,橘高,,,1,1,巨人,G,,8,日本ハム,F,,,,,,,3球目:外角高めの変化球を打ってファウル 1-2,3 Tamame: Gaikaku Takame no Henka Kyuu wo Utte Foul 1-2,,,,,3,,,,,,,,,,,,,,,,,,,,,,,,,,,,,,,,,,,,,,,,,,,,,,,,2019-02-24 07:08:10+00:00,2019-02-24 07:08:10+00:00,0,12164,88,那覇,2026-10-01T20:50:19.593663
2019,2019022405,2019-02-24 13:00:00+09:00,74763315,320304.0,1,5,オープン戦,3.0,3回裏,3,須山,山本貴,津川,橘高,,,1,1,巨人,G,,8,日本ハム,F,,,,,,,4球目:外角のストレートを打つもライトフライ 3アウトチェンジ,4 Tamame: Gaikaku no Straight wo Utsu mo Raito Fly 3 Out Change,,,,,4,,,,,,,,,,,,,,,,,,,,,,,,,,,,,,,,,,,,,,,,,,,,,,,,2019-02-24 07:08:10+00:00,2019-02-24 07:08:10+00:00,0,12164,88,那覇,2026-10-01T20:50:19.593663
2019,2019022405,2019-02-24 13:00:00+09:00,74763316,410100.0,1,5,オープン戦,4.0,4回表,1,須山,山本貴,津川,橘高,,,1,1,巨人,G,,8,日本ハム,F,,,,,,,4回表 巨0-1日　日本ハムは6番清宮からの攻撃,4 Kai Hyou Kyo 0-1ka Nippon Ham wa 6 Ban Suganomiya kara no Kougeki,,,,,0,,,,,,,,,,,,,,,,,,,,,,,,,,,,,,,,,,,,,,,,,,,,,,,,2019-02-24 07:08:10+00:00,2019-02-24 07:08:10+00:00,0,12164,88,那覇,2026-10-01T20:50:19.593663
2019,2019022405,2019-02-24 13:00:00+09:00,74763317,410100.0,1,5,オープン戦,4.0,4回表,1,須山,山本貴,津川,橘高,,,1,1,巨人,G,,8,日本ハム,F,,,,,,,投手交代:田口→メルセデス,Toushu Koutai: Taguchi Merusedesu,,,,,0,,,,,,,,,,,,,,,,,,,,,,,,,,,,,,,,,,,,,,,,,,,,,,,,2019-02-24 07:08:10+00:00,2019-02-24 07:08:10+00:00,0,12164,88,那覇,2026-10-01T20:50:19.593663
2019,2019022405,2019-02-24 13:00:00+09:00,74763318,410100.0,1,5,オープン戦,4.0,4回表,1,須山,山本貴,津川,橘高,,,1,1,巨人,G,,8,日本ハム,F,,,,,,,＜6番：清宮＞無死走者なし,<6 Ban: Suganomiya> Mushi Sousha Nashi,,,,,0,,,,,,,,,,,,,,,,,,,,,,,,,,,,,,,,,,,,,,,,,,,,,,,,2019-02-24 07:08:10+00:00,2019-02-24 07:08:10+00:00,0,12164,88,那覇,2026-10-01T20:50:19.593663
2019,2019022405,2019-02-24 13:00:00+09:00,74763319,410101.0,1,5,オープン戦,4.0,4回表,1,須山,山本貴,津川,橘高,,,1,1,巨人,G,,8,日本ハム,F,,,,,,,1球目:外角高め138キロのストレートを見逃してストライク 0-1,1 Tamame: Gaikaku Takame 138 Kilo no Straight wo Minogashite Strike 0-1,,,,,1,,,,,,,,,,,,,,,,,,,,,,,,,,,,,,,,,,,,,,,,,,,,,,,,2019-02-24 07:08:10+00:00,2019-02-24 07:08:10+00:00,0,12164,88,那覇,2026-10-01T20:50:19.593663
2019,2019022405,2019-02-24 13:00:00+09:00,74763320,410102.0,1,5,オープン戦,4.0,4回表,1,須山,山本貴,津川,橘高,,,1,1,巨人,G,,8,日本ハム,F,,,,,,,2球目:強烈な内野安打 1塁,2 Tamame: Kyouretsu na Naiya Anda 1 Rui,,,,,2,,,,,,,,,,,,,,,,,,,,,,,,,,,,,,,,,,,,,,,,,,,,,,,,2019-02-24 07:08:10+00:00,2019-02-24 07:08:10+00:00,0,12164,88,那覇,2026-10-01T20:50:19.593663
2019,2019022405,2019-02-24 13:00:00+09:00,74763321,410200.0,1,5,オープン戦,4.0,4回表,2,須山,山本貴,津川,橘高,,,1,1,巨人,G,,8,日本ハム,F,,,,,,,＜7番：石井＞無死1塁,<7 Ban: Ishii> Mushi 1 Rui,,,,,0,,,,,,,,,,,,,,,,,,,,,,,,,,,,,,,,,,,,,,,,,,,,,,,,2019-02-24 07:08:10+00:00,2019-02-24 07:08:10+00:00,0,12164,88,那覇,2026-10-01T20:50:19.593663
2019,2019022405,2019-02-24 13:00:00+09:00,74763322,410200.0,1,5,オープン戦,4.0,4回表,2,須山,山本貴,津川,橘高,,,1,1,巨人,G,,8,日本ハム,F,,,,,,,1塁けん制:ランナー清宮帰塁,1 Rui Kensei: Runner Suganomiya Kirui,,,,,0,,,,,,,,,,,,,,,,,,,,,,,,,,,,,,,,,,,,,,,,,,,,,,,,2019-02-24 07:08:10+00:00,2019-02-24 07:08:10+00:00,0,12164,88,那覇,2026-10-01T20:50:19.593663
2019,2019022405,2019-02-24 13:00:00+09:00,74763323,410201.0,1,5,オープン戦,4.0,4回表,2,須山,山本貴,津川,橘高,,,1,1,巨人,G,,8,日本ハム,F,,,,,,,1球目:バントの構えを見せるも内角高めの球を見逃しボール 1-0,1 Tamame: Bunt no Kamae wo Miseru mo Naikaku Takame no Tama wo Minogashi Ball 1-0,,,,,1,,,,,,,,,,,,,,,,,,,,,,,,,,,,,,,,,,,,,,,,,,,,,,,,2019-02-24 07:08:10+00:00,2019-02-24 07:08:10+00:00,0,12164,88,那覇,2026-10-01T20:50:19.593663
2019,2019022405,2019-02-24 13:00:00+09:00,74763324,410200.0,1,5,オープン戦,4.0,4回表,2,須山,山本貴,津川,橘高,,,1,1,巨人,G,,8,日本ハム,F,,,,,,,1塁けん制:ランナー清宮帰塁,1 Rui Kensei: Runner Suganomiya Kirui,,,,,0,,,,,,,,,,,,,,,,,,,,,,,,,,,,,,,,,,,,,,,,,,,,,,,,2019-02-24 07:08:10+00:00,2019-02-24 07:08:10+00:00,0,12164,88,那覇,2026-10-01T20:50:19.593663
2019,2019022405,2019-02-24 13:00:00+09:00,74763325,410202.0,1,5,オープン戦,4.0,4回表,2,須山,山本貴,津川,橘高,,,1,1,巨人,G,,8,日本ハム,F,,,,,,,2球目:バントの構えからバットを引いてボール 2-0,2 Tamame: Bunt no Kamae kara Batto wo Hiite Ball 2-0,,,,,2,,,,,,,,,,,,,,,,,,,,,,,,,,,,,,,,,,,,,,,,,,,,,,,,2019-02-24 07:08:10+00:00,2019-02-24 07:08:10+00:00,0,12164,88,那覇,2026-10-01T20:50:19.593663
2019,2019022405,2019-02-24 13:00:00+09:00,74763326,410203.0,1,5,オープン戦,4.0,4回表,2,須山,山本貴,津川,橘高,,,1,1,巨人,G,,8,日本ハム,F,,,,,,,3球目:バント失敗でダブルプレー！ 2アウト,3 Tamame: Bunt Shippai de Double Play! 2 Out,,,,,3,,,,,,,,,,,,,,,,,,,,,,,,,,,,,,,,,,,,,,,,,,,,,,,,2019-02-24 07:08:10+00:00,2019-02-24 07:08:10+00:00,0,12164,88,那覇,2026-10-01T20:50:19.593663
2019,2019022405,2019-02-24 13:00:00+09:00,74763327,410300.0,1,5,オープン戦,4.0,4回表,3,須山,山本貴,津川,橘高,,,1,1,巨人,G,,8,日本ハム,F,,,,,,,＜8番：鶴岡＞二死走者なし,<8 Ban: Tsuruoka> Ni Shi Sousha Nashi,,,,,0,,,,,,,,,,,,,,,,,,,,,,,,,,,,,,,,,,,,,,,,,,,,,,,,2019-02-24 07:08:10+00:00,2019-02-24 07:08:10+00:00,0,12164,88,那覇,2026-10-01T20:50:19.593663
2019,2019022405,2019-02-24 13:00:00+09:00,74763328,410301.0,1,5,オープン戦,4.0,4回表,3,須山,山本貴,津川,橘高,,,1,1,巨人,G,,8,日本ハム,F,,,,,,,1球目:低め120キロのスライダーを見逃してストライク 0-1,1 Tamame: Hikume 120 Kilo no Slider wo Minogashite Strike 0-1,,,,,1,,,,,,,,,,,,,,,,,,,,,,,,,,,,,,,,,,,,,,,,,,,,,,,,2019-02-24 07:08:10+00:00,2019-02-24 07:08:10+00:00,0,12164,88,那覇,2026-10-01T20:50:19.593663
2019,2019022405,2019-02-24 13:00:00+09:00,74763329,410302.0,1,5,オープン戦,4.0,4回表,3,須山,山本貴,津川,橘高,,,1,1,巨人,G,,8,日本ハム,F,,,,,,,2球目:外角高めのストレートを見逃してストライク 0-2,2 Tamame: Gaikaku Takame no Straight wo Minogashite Strike 0-2,,,,,2,,,,,,,,,,,,,,,,,,,,,,,,,,,,,,,,,,,,,,,,,,,,,,,,2019-02-24 07:08:10+00:00,2019-02-24 07:08:10+00:00,0,12164,88,那覇,2026-10-01T20:50:19.593663
2019,2019022405,2019-02-24 13:00:00+09:00,74763330,410303.0,1,5,オープン戦,4.0,4回表,3,須山,山本貴,津川,橘高,,,1,1,巨人,G,,8,日本ハム,F,,,,,,,3球目:内角低めのストレートを打ってファウル 0-2,3 Tamame: Naikaku Hikume no Straight wo Utte Foul 0-2,,,,,3,,,,,,,,,,,,,,,,,,,,,,,,,,,,,,,,,,,,,,,,,,,,,,,,2019-02-24 07:08:10+00:00,2019-02-24 07:08:10+00:00,0,12164,88,那覇,2026-10-01T20:50:19.593663
2019,2019022405,2019-02-24 13:00:00+09:00,74763331,410304.0,1,5,オープン戦,4.0,4回表,3,須山,山本貴,津川,橘高,,,1,1,巨人,G,,8,日本ハム,F,,,,,,,4球目:空振りの三振を喫する 3アウトチェンジ,4 Tamame: Karaburi no Sanshin wo Kissuru 3 Out Change,,,,,4,,,,,,,,,,,,,,,,,,,,,,,,,,,,,,,,,,,,,,,,,,,,,,,,2019-02-24 07:08:10+00:00,2019-02-24 07:08:10+00:00,0,12164,88,那覇,2026-10-01T20:50:19.593663
2019,2019022405,2019-02-24 13:00:00+09:00,74763332,420100.0,1,5,オープン戦,4.0,4回裏,1,須山,山本貴,津川,橘高,,,1,1,巨人,G,,8,日本ハム,F,,,,,,,4回裏 巨0-1日　巨人は1番吉川尚からの攻撃,4 Kai Ura Kyo 0-1ka Kyojin wa 1 Ban Yoshikawa Nao kara no Kougeki,,,,,0,,,,,,,,,,,,,,,,,,,,,,,,,,,,,,,,,,,,,,,,,,,,,,,,2019-02-24 07:08:10+00:00,2019-02-24 07:08:10+00:00,0,12164,88,那覇,2026-10-01T20:50:19.593663
2019,2019022405,2019-02-24 13:00:00+09:00,74763333,420100.0,1,5,オープン戦,4.0,4回裏,1,須山,山本貴,津川,橘高,,,1,1,巨人,G,,8,日本ハム,F,,,,,,,守備交代:レフト松本,Shubi Koutai: Left Matsumoto,,,,,0,,,,,,,,,,,,,,,,,,,,,,,,,,,,,,,,,,,,,,,,,,,,,,,,2019-02-24 07:08:10+00:00,2019-02-24 07:08:10+00:00,0,12164,88,那覇,2026-10-01T20:50:19.593663
2019,2019022405,2019-02-24 13:00:00+09:00,74763334,420100.0,1,5,オープン戦,4.0,4回裏,1,須山,山本貴,津川,橘高,,,1,1,巨人,G,,8,日本ハム,F,,,,,,,＜1番：吉川尚＞無死走者なし,<1 Ban: Yoshikawa Nao> Mushi Sousha Nashi,,,,,0,,,,,,,,,,,,,,,,,,,,,,,,,,,,,,,,,,,,,,,,,,,,,,,,2019-02-24 07:08:10+00:00,2019-02-24 07:08:10+00:00,0,12164,88,那覇,2026-10-01T20:50:19.593663
2019,2019022405,2019-02-24 13:00:00+09:00,74763335,420101.0,1,5,オープン戦,4.0,4回裏,1,須山,山本貴,津川,橘高,,,1,1,巨人,G,,8,日本ハム,F,,,,,,,1球目:ショートゴロ 1アウト,1 Tamame: Short Grounder 1 Out,,,,,1,,,,,,,,,,,,,,,,,,,,,,,,,,,,,,,,,,,,,,,,,,,,,,,,2019-02-24 07:08:10+00:00,2019-02-24 07:08:10+00:00,0,12164,88,那覇,2026-10-01T20:50:19.593663
2019,2019022405,2019-02-24 13:00:00+09:00,74763336,420200.0,1,5,オープン戦,4.0,4回裏,2,須山,山本貴,津川,橘高,,,1,1,巨人,G,,8,日本ハム,F,,,,,,,＜2番：丸＞一死走者なし,<2 Ban: Maru> Ichi Shi Sousha Nashi,,,,,0,,,,,,,,,,,,,,,,,,,,,,,,,,,,,,,,,,,,,,,,,,,,,,,,2019-02-24 07:08:10+00:00,2019-02-24 07:08:10+00:00,0,12164,88,那覇,2026-10-01T20:50:19.593663
2019,2019022405,2019-02-24 13:00:00+09:00,74763337,420201.0,1,5,オープン戦,4.0,4回裏,2,須山,山本貴,津川,橘高,,,1,1,巨人,G,,8,日本ハム,F,,,,,,,1球目:外角高め137キロのフォークを見逃してボール 1-0,1 Tamame: Gaikaku Takame 137 Kilo no Fork wo Minogashite Ball 1-0,,,,,1,,,,,,,,,,,,,,,,,,,,,,,,,,,,,,,,,,,,,,,,,,,,,,,,2019-02-24 07:08:10+00:00,2019-02-24 07:08:10+00:00,0,12164,88,那覇,2026-10-01T20:50:19.593663
2019,2019022405,2019-02-24 13:00:00+09:00,74763338,420202.0,1,5,オープン戦,4.0,4回裏,2,須山,山本貴,津川,橘高,,,1,1,巨人,G,,8,日本ハム,F,,,,,,,2球目:高めのカットボールを空振りストライク 1-1,2 Tamame: Takame no Cut Ball wo Karaburi Strike 1-1,,,,,2,,,,,,,,,,,,,,,,,,,,,,,,,,,,,,,,,,,,,,,,,,,,,,,,2019-02-24 07:08:10+00:00,2019-02-24 07:08:10+00:00,0,12164,88,那覇,2026-10-01T20:50:19.593663
2019,2019022405,2019-02-24 13:00:00+09:00,74763339,420203.0,1,5,オープン戦,4.0,4回裏,2,須山,山本貴,津川,橘高,,,1,1,巨人,G,,8,日本ハム,F,,,,,,,3球目:外角高め139キロのストレートを見逃してストライク 1-2,3 Tamame: Gaikaku Takame 139 Kilo no Straight wo Minogashite Strike 1-2,,,,,3,,,,,,,,,,,,,,,,,,,,,,,,,,,,,,,,,,,,,,,,,,,,,,,,2019-02-24 07:08:10+00:00,2019-02-24 07:08:10+00:00,0,12164,88,那覇,2026-10-01T20:50:19.593663
2019,2019022405,2019-02-24 13:00:00+09:00,74763340,420204.0,1,5,オープン戦,4.0,4回裏,2,須山,山本貴,津川,橘高,,,1,1,巨人,G,,8,日本ハム,F,,,,,,,4球目:外角116キロのナックルカーブを見逃してボール 2-2,4 Tamame: Gaikaku 116 Kilo no Knuckle Curve wo Minogashite Ball 2-2,,,,,4,,,,,,,,,,,,,,,,,,,,,,,,,,,,,,,,,,,,,,,,,,,,,,,,2019-02-24 07:08:10+00:00,2019-02-24 07:08:10+00:00,0,12164,88,那覇,2026-10-01T20:50:19.593663
2019,2019022405,2019-02-24 13:00:00+09:00,74763341,420205.0,1,5,オープン戦,4.0,4回裏,2,須山,山本貴,津川,橘高,,,1,1,巨人,G,,8,日本ハム,F,,,,,,,5球目:外角のフォークに空振り三振 2アウト,5 Tamame: Gaikaku no Fork ni Karaburi Sanshin 2 Out,,,,,5,,,,,,,,,,,,,,,,,,,,,,,,,,,,,,,,,,,,,,,,,,,,,,,,2019-02-24 07:08:10+00:00,2019-02-24 07:08:10+00:00,0,12164,88,那覇,2026-10-01T20:50:19.593663
2019,2019022405,2019-02-24 13:00:00+09:00,74763342,420300.0,1,5,オープン戦,4.0,4回裏,3,須山,山本貴,津川,橘高,,,1,1,巨人,G,,8,日本ハム,F,,,,,,,＜3番：坂本勇＞二死走者なし,<3 Ban: Sakamoto Isamu> Ni Shi Sousha Nashi,,,,,0,,,,,,,,,,,,,,,,,,,,,,,,,,,,,,,,,,,,,,,,,,,,,,,,2019-02-24 07:08:10+00:00,2019-02-24 07:08:10+00:00,0,12164,88,那覇,2026-10-01T20:50:19.593663
2019,2019022405,2019-02-24 13:00:00+09:00,74763343,420301.0,1,5,オープン戦,4.0,4回裏,3,須山,山本貴,津川,橘高,,,1,1,巨人,G,,8,日本ハム,F,,,,,,,1球目:初球から打ちにいくもファウル 0-1,1 Tamame: Shokyuu kara Uchi ni Iku mo Foul 0-1,,,,,1,,,,,,,,,,,,,,,,,,,,,,,,,,,,,,,,,,,,,,,,,,,,,,,,2019-02-24 07:08:10+00:00,2019-02-24 07:08:10+00:00,0,12164,88,那覇,2026-10-01T20:50:19.593663
2019,2019022405,2019-02-24 13:00:00+09:00,74763344,420302.0,1,5,オープン戦,4.0,4回裏,3,須山,山本貴,津川,橘高,,,1,1,巨人,G,,8,日本ハム,F,,,,,,,2球目:外角高め140キロのストレートを見逃してボール 1-1,2 Tamame: Gaikaku Takame 140 Kilo no Straight wo Minogashite Ball 1-1,,,,,2,,,,,,,,,,,,,,,,,,,,,,,,,,,,,,,,,,,,,,,,,,,,,,,,2019-02-24 07:08:10+00:00,2019-02-24 07:08:10+00:00,0,12164,88,那覇,2026-10-01T20:50:19.593663
2019,2019022405,2019-02-24 13:00:00+09:00,74763345,420303.0,1,5,オープン戦,4.0,4回裏,3,須山,山本貴,津川,橘高,,,1,1,巨人,G,,8,日本ハム,F,,,,,,,3球目:外角高め138キロのストレートを空振りストライク 1-2,3 Tamame: Gaikaku Takame 138 Kilo no Straight wo Karaburi Strike 1-2,,,,,3,,,,,,,,,,,,,,,,,,,,,,,,,,,,,,,,,,,,,,,,,,,,,,,,2019-02-24 07:08:10+00:00,2019-02-24 07:08:10+00:00,0,12164,88,那覇,2026-10-01T20:50:19.593663
2019,2019022405,2019-02-24 13:00:00+09:00,74763346,420304.0,1,5,オープン戦,4.0,4回裏,3,須山,山本貴,津川,橘高,,,1,1,巨人,G,,8,日本ハム,F,,,,,,,4球目:外角低めのチェンジアップを見逃してボール 2-2,4 Tamame: Gaikaku Hikume no Change Up wo Minogashite Ball 2-2,,,,,4,,,,,,,,,,,,,,,,,,,,,,,,,,,,,,,,,,,,,,,,,,,,,,,,2019-02-24 07:08:10+00:00,2019-02-24 07:08:10+00:00,0,12164,88,那覇,2026-10-01T20:50:19.593663
2019,2019022405,2019-02-24 13:00:00+09:00,74763347,420305.0,1,5,オープン戦,4.0,4回裏,3,須山,山本貴,津川,橘高,,,1,1,巨人,G,,8,日本ハム,F,,,,,,,5球目:高めの真っ直ぐに見逃し三振 3アウトチェンジ,5 Tamame: Takame no Massugu ni Minogashi Sanshin 3 Out Change,,,,,5,,,,,,,,,,,,,,,,,,,,,,,,,,,,,,,,,,,,,,,,,,,,,,,,2019-02-24 07:08:10+00:00,2019-02-24 07:08:10+00:00,0,12164,88,那覇,2026-10-01T20:50:19.593663
2019,2019022405,2019-02-24 13:00:00+09:00,74763348,510100.0,1,5,オープン戦,5.0,5回表,1,須山,山本貴,津川,橘高,,,1,1,巨人,G,,8,日本ハム,F,,,,,,,5回表 巨0-1日　日本ハムは9番中島卓也からの攻撃,5 Kai Hyou Kyo 0-1ka Nippon Ham wa 9 Ban Nakajima Takuya kara no Kougeki,,,,,0,,,,,,,,,,,,,,,,,,,,,,,,,,,,,,,,,,,,,,,,,,,,,,,,2019-02-24 07:08:10+00:00,2019-02-24 07:08:10+00:00,0,12164,88,那覇,2026-10-01T20:50:19.593663
2019,2019022405,2019-02-24 13:00:00+09:00,74763349,510100.0,1,5,オープン戦,5.0,5回表,1,須山,山本貴,津川,橘高,,,1,1,巨人,G,,8,日本ハム,F,,,,,,,＜9番：中島卓也＞無死走者なし,<9 Ban: Nakajima Takuya> Mushi Sousha Nashi,,,,,0,,,,,,,,,,,,,,,,,,,,,,,,,,,,,,,,,,,,,,,,,,,,,,,,2019-02-24 07:08:10+00:00,2019-02-24 07:08:10+00:00,0,12164,88,那覇,2026-10-01T20:50:19.593663
2019,2019022405,2019-02-24 13:00:00+09:00,74763350,510101.0,1,5,オープン戦,5.0,5回表,1,須山,山本貴,津川,橘高,,,1,1,巨人,G,,8,日本ハム,F,,,,,,,1球目:外角低め140キロのストレートを見逃してボール 1-0,1 Tamame: Gaikaku Hikume 140 Kilo no Straight wo Minogashite Ball 1-0,,,,,1,,,,,,,,,,,,,,,,,,,,,,,,,,,,,,,,,,,,,,,,,,,,,,,,2019-02-24 07:08:10+00:00,2019-02-24 07:08:10+00:00,0,12164,88,那覇,2026-10-01T20:50:19.593663
2019,2019022405,2019-02-24 13:00:00+09:00,74763351,510102.0,1,5,オープン戦,5.0,5回表,1,須山,山本貴,津川,橘高,,,1,1,巨人,G,,8,日本ハム,F,,,,,,,2球目:高めの変化球を打ってファウル 1-1,2 Tamame: Takame no Henka Kyuu wo Utte Foul 1-1,,,,,2,,,,,,,,,,,,,,,,,,,,,,,,,,,,,,,,,,,,,,,,,,,,,,,,2019-02-24 07:08:10+00:00,2019-02-24 07:08:10+00:00,0,12164,88,那覇,2026-10-01T20:50:19.593663
2019,2019022405,2019-02-24 13:00:00+09:00,74763352,510103.0,1,5,オープン戦,5.0,5回表,1,須山,山本貴,津川,橘高,,,1,1,巨人,G,,8,日本ハム,F,,,,,,,3球目:外角のスライダーを打つもファーストゴロ 1アウト,3 Tamame: Gaikaku no Slider wo Utsu mo First Grounder 1 Out,,,,,3,,,,,,,,,,,,,,,,,,,,,,,,,,,,,,,,,,,,,,,,,,,,,,,,2019-02-24 07:08:10+00:00,2019-02-24 07:08:10+00:00,0,12164,88,那覇,2026-10-01T20:50:19.593663
2019,2019022405,2019-02-24 13:00:00+09:00,74763353,510200.0,1,5,オープン戦,5.0,5回表,2,須山,山本貴,津川,橘高,,,1,1,巨人,G,,8,日本ハム,F,,,,,,,＜1番：大田＞一死走者なし,<1 Ban: Oota> Ichi Shi Sousha Nashi,,,,,0,,,,,,,,,,,,,,,,,,,,,,,,,,,,,,,,,,,,,,,,,,,,,,,,2019-02-24 07:08:10+00:00,2019-02-24 07:08:10+00:00,0,12164,88,那覇,2026-10-01T20:50:19.593663
2019,2019022405,2019-02-24 13:00:00+09:00,74763354,510201.0,1,5,オープン戦,5.0,5回表,2,須山,山本貴,津川,橘高,,,1,1,巨人,G,,8,日本ハム,F,,,,,,,1球目:セカンドフライ 2アウト,1 Tamame: Sekando Fly 2 Out,,,,,1,,,,,,,,,,,,,,,,,,,,,,,,,,,,,,,,,,,,,,,,,,,,,,,,2019-02-24 07:08:10+00:00,2019-02-24 07:08:10+00:00,0,12164,88,那覇,2026-10-01T20:50:19.593663
2019,2019022405,2019-02-24 13:00:00+09:00,74763355,510300.0,1,5,オープン戦,5.0,5回表,3,須山,山本貴,津川,橘高,,,1,1,巨人,G,,8,日本ハム,F,,,,,,,田中賢介→代打:横尾,Tanaka Kensuke Daida: Yokoo,,,,,0,,,,,,,,,,,,,,,,,,,,,,,,,,,,,,,,,,,,,,,,,,,,,,,,2019-02-24 07:08:10+00:00,2019-02-24 07:08:10+00:00,0,12164,88,那覇,2026-10-01T20:50:19.593663
2019,2019022405,2019-02-24 13:00:00+09:00,74763356,510300.0,1,5,オープン戦,5.0,5回表,3,須山,山本貴,津川,橘高,,,1,1,巨人,G,,8,日本ハム,F,,,,,,,＜代打：横尾＞二死走者なし,< Daida: Yokoo> Ni Shi Sousha Nashi,,,,,0,,,,,,,,,,,,,,,,,,,,,,,,,,,,,,,,,,,,,,,,,,,,,,,,2019-02-24 07:08:10+00:00,2019-02-24 07:08:10+00:00,0,12164,88,那覇,2026-10-01T20:50:19.593663
2019,2019022405,2019-02-24 13:00:00+09:00,74763357,510301.0,1,5,オープン戦,5.0,5回表,3,須山,山本貴,津川,橘高,,,1,1,巨人,G,,8,日本ハム,F,,,,,,,1球目:ワンバウンドのスライダーを見逃してボール 1-0,1 Tamame: One Bound no Slider wo Minogashite Ball 1-0,,,,,1,,,,,,,,,,,,,,,,,,,,,,,,,,,,,,,,,,,,,,,,,,,,,,,,2019-02-24 07:08:10+00:00,2019-02-24 07:08:10+00:00,0,12164,88,那覇,2026-10-01T20:50:19.593663
2019,2019022405,2019-02-24 13:00:00+09:00,74763358,510302.0,1,5,オープン戦,5.0,5回表,3,須山,山本貴,津川,橘高,,,1,1,巨人,G,,8,日本ハム,F,,,,,,,2球目:外角高めのストレートを見逃してストライク 1-1,2 Tamame: Gaikaku Takame no Straight wo Minogashite Strike 1-1,,,,,2,,,,,,,,,,,,,,,,,,,,,,,,,,,,,,,,,,,,,,,,,,,,,,,,2019-02-24 07:08:10+00:00,2019-02-24 07:08:10+00:00,0,12164,88,那覇,2026-10-01T20:50:19.593663
2019,2019022405,2019-02-24 13:00:00+09:00,74763359,510303.0,1,5,オープン戦,5.0,5回表,3,須山,山本貴,津川,橘高,,,1,1,巨人,G,,8,日本ハム,F,,,,,,,3球目:外角のチェンジアップを見逃してストライク 1-2,3 Tamame: Gaikaku no Change Up wo Minogashite Strike 1-2,,,,,3,,,,,,,,,,,,,,,,,,,,,,,,,,,,,,,,,,,,,,,,,,,,,,,,2019-02-24 07:08:10+00:00,2019-02-24 07:08:10+00:00,0,12164,88,那覇,2026-10-01T20:50:19.593663
2019,2019022405,2019-02-24 13:00:00+09:00,74763360,510304.0,1,5,オープン戦,5.0,5回表,3,須山,山本貴,津川,橘高,,,1,1,巨人,G,,8,日本ハム,F,,,,,,,4球目:外角141キロのストレートを見逃してボール 2-2,4 Tamame: Gaikaku 141 Kilo no Straight wo Minogashite Ball 2-2,,,,,4,,,,,,,,,,,,,,,,,,,,,,,,,,,,,,,,,,,,,,,,,,,,,,,,2019-02-24 07:08:10+00:00,2019-02-24 07:08:10+00:00,0,12164,88,那覇,2026-10-01T20:50:19.593663
2019,2019022405,2019-02-24 13:00:00+09:00,74763361,510305.0,1,5,オープン戦,5.0,5回表,3,須山,山本貴,津川,橘高,,,1,1,巨人,G,,8,日本ハム,F,,,,,,,5球目:134キロのチェンジアップを見逃してボール 3-2,5 Tamame:134 Kilo no Change Up wo Minogashite Ball 3-2,,,,,5,,,,,,,,,,,,,,,,,,,,,,,,,,,,,,,,,,,,,,,,,,,,,,,,2019-02-24 07:08:10+00:00,2019-02-24 07:08:10+00:00,0,12164,88,那覇,2026-10-01T20:50:19.593663
2019,2019022405,2019-02-24 13:00:00+09:00,74763362,510306.0,1,5,オープン戦,5.0,5回表,3,須山,山本貴,津川,橘高,,,1,1,巨人,G,,8,日本ハム,F,,,,,,,6球目:内角低め138キロのストレートを打ってファウル 3-2,6 Tamame: Naikaku Hikume 138 Kilo no Straight wo Utte Foul 3-2,,,,,6,,,,,,,,,,,,,,,,,,,,,,,,,,,,,,,,,,,,,,,,,,,,,,,,2019-02-24 07:08:10+00:00,2019-02-24 07:08:10+00:00,0,12164,88,那覇,2026-10-01T20:50:19.593663
2019,2019022405,2019-02-24 13:00:00+09:00,74763363,510307.0,1,5,オープン戦,5.0,5回表,3,須山,山本貴,津川,橘高,,,1,1,巨人,G,,8,日本ハム,F,,,,,,,7球目:ど真ん中のストレートを打つもライトフライ 3アウトチェンジ,7 Tamame: Domannaka no Straight wo Utsu mo Raito Fly 3 Out Change,,,,,7,,,,,,,,,,,,,,,,,,,,,,,,,,,,,,,,,,,,,,,,,,,,,,,,2019-02-24 07:08:10+00:00,2019-02-24 07:08:10+00:00,0,12164,88,那覇,2026-10-01T20:50:19.593663
2019,2019022405,2019-02-24 13:00:00+09:00,74763364,520100.0,1,5,オープン戦,5.0,5回裏,1,須山,山本貴,津川,橘高,,,1,1,巨人,G,,8,日本ハム,F,,,,,,,5回裏 巨0-1日　巨人は4番ゲレーロからの攻撃,5 Kai Ura Kyo 0-1ka Kyojin wa 4 Ban Gereero kara no Kougeki,,,,,0,,,,,,,,,,,,,,,,,,,,,,,,,,,,,,,,,,,,,,,,,,,,,,,,2019-02-24 07:08:10+00:00,2019-02-24 07:08:10+00:00,0,12164,88,那覇,2026-10-01T20:50:19.593663
2019,2019022405,2019-02-24 13:00:00+09:00,74763365,520100.0,1,5,オープン戦,5.0,5回裏,1,須山,山本貴,津川,橘高,,,1,1,巨人,G,,8,日本ハム,F,,,,,,,守備交代:キャッチャー實松,Shubi Koutai: Catcher Minoru Matsu,,,,,0,,,,,,,,,,,,,,,,,,,,,,,,,,,,,,,,,,,,,,,,,,,,,,,,2019-02-24 07:08:10+00:00,2019-02-24 07:08:10+00:00,0,12164,88,那覇,2026-10-01T20:50:19.593663
2019,2019022405,2019-02-24 13:00:00+09:00,74763366,520100.0,1,5,オープン戦,5.0,5回裏,1,須山,山本貴,津川,橘高,,,1,1,巨人,G,,8,日本ハム,F,,,,,,,＜4番：ゲレーロ＞無死走者なし,<4 Ban: Gereero> Mushi Sousha Nashi,,,,,0,,,,,,,,,,,,,,,,,,,,,,,,,,,,,,,,,,,,,,,,,,,,,,,,2019-02-24 07:08:10+00:00,2019-02-24 07:08:10+00:00,0,12164,88,那覇,2026-10-01T20:50:19.593663
2019,2019022405,2019-02-24 13:00:00+09:00,74763367,520101.0,1,5,オープン戦,5.0,5回裏,1,須山,山本貴,津川,橘高,,,1,1,巨人,G,,8,日本ハム,F,,,,,,,1球目:内角111キロのナックルカーブを見逃してストライク 0-1,1 Tamame: Naikaku 111 Kilo no Knuckle Curve wo Minogashite Strike 0-1,,,,,1,,,,,,,,,,,,,,,,,,,,,,,,,,,,,,,,,,,,,,,,,,,,,,,,2019-02-24 07:08:10+00:00,2019-02-24 07:08:10+00:00,0,12164,88,那覇,2026-10-01T20:50:19.593663
2019,2019022405,2019-02-24 13:00:00+09:00,74763368,520102.0,1,5,オープン戦,5.0,5回裏,1,須山,山本貴,津川,橘高,,,1,1,巨人,G,,8,日本ハム,F,,,,,,,2球目:内角低め137キロのフォークを打ってファウル 0-2,2 Tamame: Naikaku Hikume 137 Kilo no Fork wo Utte Foul 0-2,,,,,2,,,,,,,,,,,,,,,,,,,,,,,,,,,,,,,,,,,,,,,,,,,,,,,,2019-02-24 07:08:10+00:00,2019-02-24 07:08:10+00:00,0,12164,88,那覇,2026-10-01T20:50:19.593663
2019,2019022405,2019-02-24 13:00:00+09:00,74763369,520103.0,1,5,オープン戦,5.0,5回裏,1,須山,山本貴,津川,橘高,,,1,1,巨人,G,,8,日本ハム,F,,,,,,,3球目:高めのつり球には反応せずボール 1-2,3 Tamame: Takame no Tsuri Tama ni wa Hannou Sezu Ball 1-2,,,,,3,,,,,,,,,,,,,,,,,,,,,,,,,,,,,,,,,,,,,,,,,,,,,,,,2019-02-24 07:08:10+00:00,2019-02-24 07:08:10+00:00,0,12164,88,那覇,2026-10-01T20:50:19.593663
2019,2019022405,2019-02-24 13:00:00+09:00,74763370,520104.0,1,5,オープン戦,5.0,5回裏,1,須山,山本貴,津川,橘高,,,1,1,巨人,G,,8,日本ハム,F,,,,,,,4球目:低め117キロのナックルカーブを見逃してボール 2-2,4 Tamame: Hikume 117 Kilo no Knuckle Curve wo Minogashite Ball 2-2,,,,,4,,,,,,,,,,,,,,,,,,,,,,,,,,,,,,,,,,,,,,,,,,,,,,,,2019-02-24 07:08:10+00:00,2019-02-24 07:08:10+00:00,0,12164,88,那覇,2026-10-01T20:50:19.593663
2019,2019022405,2019-02-24 13:00:00+09:00,74763371,520105.0,1,5,オープン戦,5.0,5回裏,1,須山,山本貴,津川,橘高,,,1,1,巨人,G,,8,日本ハム,F,,,,,,,5球目:内角の落ちる球に空振り三振でバッターアウト 1アウト,5 Tamame: Naikaku no Ochiru Tama ni Karaburi Sanshin de Batter Out 1 Out,,,,,5,,,,,,,,,,,,,,,,,,,,,,,,,,,,,,,,,,,,,,,,,,,,,,,,2019-02-24 07:08:10+00:00,2019-02-24 07:08:10+00:00,0,12164,88,那覇,2026-10-01T20:50:19.593663
2019,2019022405,2019-02-24 13:00:00+09:00,74763372,520200.0,1,5,オープン戦,5.0,5回裏,2,須山,山本貴,津川,橘高,,,1,1,巨人,G,,8,日本ハム,F,,,,,,,＜5番：ビヤヌエバ＞一死走者なし,<5 Ban: Beer Nueva> Ichi Shi Sousha Nashi,,,,,0,,,,,,,,,,,,,,,,,,,,,,,,,,,,,,,,,,,,,,,,,,,,,,,,2019-02-24 07:08:10+00:00,2019-02-24 07:08:10+00:00,0,12164,88,那覇,2026-10-01T20:50:19.593663
2019,2019022405,2019-02-24 13:00:00+09:00,74763373,520201.0,1,5,オープン戦,5.0,5回裏,2,須山,山本貴,津川,橘高,,,1,1,巨人,G,,8,日本ハム,F,,,,,,,1球目:内角低め141キロのストレートを見逃してストライク 0-1,1 Tamame: Naikaku Hikume 141 Kilo no Straight wo Minogashite Strike 0-1,,,,,1,,,,,,,,,,,,,,,,,,,,,,,,,,,,,,,,,,,,,,,,,,,,,,,,2019-02-24 07:08:10+00:00,2019-02-24 07:08:10+00:00,0,12164,88,那覇,2026-10-01T20:50:19.593663
2019,2019022405,2019-02-24 13:00:00+09:00,74763374,520202.0,1,5,オープン戦,5.0,5回裏,2,須山,山本貴,津川,橘高,,,1,1,巨人,G,,8,日本ハム,F,,,,,,,2球目:外角低め125キロのスライダーを見逃してボール 1-1,2 Tamame: Gaikaku Hikume 125 Kilo no Slider wo Minogashite Ball 1-1,,,,,2,,,,,,,,,,,,,,,,,,,,,,,,,,,,,,,,,,,,,,,,,,,,,,,,2019-02-24 07:08:10+00:00,2019-02-24 07:08:10+00:00,0,12164,88,那覇,2026-10-01T20:50:19.593663
2019,2019022405,2019-02-24 13:00:00+09:00,74763375,520203.0,1,5,オープン戦,5.0,5回裏,2,須山,山本貴,津川,橘高,,,1,1,巨人,G,,8,日本ハム,F,,,,,,,3球目:高め139キロのストレートを見逃してボール 2-1,3 Tamame: Takame 139 Kilo no Straight wo Minogashite Ball 2-1,,,,,3,,,,,,,,,,,,,,,,,,,,,,,,,,,,,,,,,,,,,,,,,,,,,,,,2019-02-24 07:08:10+00:00,2019-02-24 07:08:10+00:00,0,12164,88,那覇,2026-10-01T20:50:19.593663
2019,2019022405,2019-02-24 13:00:00+09:00,74763376,520204.0,1,5,オープン戦,5.0,5回裏,2,須山,山本貴,津川,橘高,,,1,1,巨人,G,,8,日本ハム,F,,,,,,,4球目:内角高めのストレートを見逃してボール 3-1,4 Tamame: Naikaku Takame no Straight wo Minogashite Ball 3-1,,,,,4,,,,,,,,,,,,,,,,,,,,,,,,,,,,,,,,,,,,,,,,,,,,,,,,2019-02-24 07:08:10+00:00,2019-02-24 07:08:10+00:00,0,12164,88,那覇,2026-10-01T20:50:19.593663
2019,2019022405,2019-02-24 13:00:00+09:00,74763377,520205.0,1,5,オープン戦,5.0,5回裏,2,須山,山本貴,津川,橘高,,,1,1,巨人,G,,8,日本ハム,F,,,,,,,5球目:一度もバットを振ることなくフォアボールを選ぶ 1塁,5 Tamame: Ichi Do mo Batto wo Furu Koto Naku Four Ball wo Erabu 1 Rui,,,,,5,,,,,,,,,,,,,,,,,,,,,,,,,,,,,,,,,,,,,,,,,,,,,,,,2019-02-24 07:08:10+00:00,2019-02-24 07:08:10+00:00,0,12164,88,那覇,2026-10-01T20:50:19.593663
2019,2019022405,2019-02-24 13:00:00+09:00,74763378,520300.0,1,5,オープン戦,5.0,5回裏,3,須山,山本貴,津川,橘高,,,1,1,巨人,G,,8,日本ハム,F,,,,,,,＜6番：陽＞一死1塁,<6 Ban: You> Ichi Shi 1 Rui,,,,,0,,,,,,,,,,,,,,,,,,,,,,,,,,,,,,,,,,,,,,,,,,,,,,,,2019-02-24 07:08:10+00:00,2019-02-24 07:08:10+00:00,0,12164,88,那覇,2026-10-01T20:50:19.593663
2019,2019022405,2019-02-24 13:00:00+09:00,74763379,520301.0,1,5,オープン戦,5.0,5回裏,3,須山,山本貴,津川,橘高,,,1,1,巨人,G,,8,日本ハム,F,,,,,,,1球目:高め142キロのストレートを空振りストライク 0-1,1 Tamame: Takame 142 Kilo no Straight wo Karaburi Strike 0-1,,,,,1,,,,,,,,,,,,,,,,,,,,,,,,,,,,,,,,,,,,,,,,,,,,,,,,2019-02-24 07:08:10+00:00,2019-02-24 07:08:10+00:00,0,12164,88,那覇,2026-10-01T20:50:19.593663
2019,2019022405,2019-02-24 13:00:00+09:00,74763380,520302.0,1,5,オープン戦,5.0,5回裏,3,須山,山本貴,津川,橘高,,,1,1,巨人,G,,8,日本ハム,F,,,,,,,2球目:外角低めのフォークにバットが回りストライク 0-2,2 Tamame: Gaikaku Hikume no Fork ni Batto ga Mawari Strike 0-2,,,,,2,,,,,,,,,,,,,,,,,,,,,,,,,,,,,,,,,,,,,,,,,,,,,,,,2019-02-24 07:08:10+00:00,2019-02-24 07:08:10+00:00,0,12164,88,那覇,2026-10-01T20:50:19.593663
2019,2019022405,2019-02-24 13:00:00+09:00,74763381,520303.0,1,5,オープン戦,5.0,5回裏,3,須山,山本貴,津川,橘高,,,1,1,巨人,G,,8,日本ハム,F,,,,,,,"3球目:サードへの内野安打 1,2塁","3 Tamame: Third e no Naiya Anda 1,2 Rui",,,,,3,,,,,,,,,,,,,,,,,,,,,,,,,,,,,,,,,,,,,,,,,,,,,,,,2019-02-24 07:08:10+00:00,2019-02-24 07:08:10+00:00,0,12164,88,那覇,2026-10-01T20:50:19.593663
2019,2019022405,2019-02-24 13:00:00+09:00,74763382,520400.0,1,5,オープン戦,5.0,5回裏,4,須山,山本貴,津川,橘高,,,1,1,巨人,G,,8,日本ハム,F,,,,,,,"＜7番：亀井＞一死1,2塁","<7 Ban: Kamei> Ichi Shi 1,2 Rui",,,,,0,,,,,,,,,,,,,,,,,,,,,,,,,,,,,,,,,,,,,,,,,,,,,,,,2019-02-24 07:08:10+00:00,2019-02-24 07:08:10+00:00,0,12164,88,那覇,2026-10-01T20:50:19.593663
2019,2019022405,2019-02-24 13:00:00+09:00,74763383,520401.0,1,5,オープン戦,5.0,5回裏,4,須山,山本貴,津川,橘高,,,1,1,巨人,G,,8,日本ハム,F,,,,,,,1球目:内角110キロのカーブを見逃してストライク 0-1,1 Tamame: Naikaku 110 Kilo no Curve wo Minogashite Strike 0-1,,,,,1,,,,,,,,,,,,,,,,,,,,,,,,,,,,,,,,,,,,,,,,,,,,,,,,2019-02-24 07:08:10+00:00,2019-02-24 07:08:10+00:00,0,12164,88,那覇,2026-10-01T20:50:19.593663
2019,2019022405,2019-02-24 13:00:00+09:00,74763384,520400.0,1,5,オープン戦,5.0,5回裏,4,須山,山本貴,津川,橘高,,,1,1,巨人,G,,8,日本ハム,F,,,,,,,2塁けん制:ランナービヤヌエバ帰塁,2 Rui Kensei: Runner Beer Nueva Kirui,,,,,0,,,,,,,,,,,,,,,,,,,,,,,,,,,,,,,,,,,,,,,,,,,,,,,,2019-02-24 07:08:10+00:00,2019-02-24 07:08:10+00:00,0,12164,88,那覇,2026-10-01T20:50:19.593663
2019,2019022405,2019-02-24 13:00:00+09:00,74763385,520400.0,1,5,オープン戦,5.0,5回裏,4,須山,山本貴,津川,橘高,,,1,1,巨人,G,,8,日本ハム,F,,,,,,,2塁ビヤヌエバ→代走:吉川大,2 Rui Beer Nueva Daisou: Yoshikawa Dai,,,,,0,,,,,,,,,,,,,,,,,,,,,,,,,,,,,,,,,,,,,,,,,,,,,,,,2019-02-24 07:08:10+00:00,2019-02-24 07:08:10+00:00,0,12164,88,那覇,2026-10-01T20:50:19.593663
2019,2019022405,2019-02-24 13:00:00+09:00,74763386,520402.0,1,5,オープン戦,5.0,5回裏,4,須山,山本貴,津川,橘高,,,1,1,巨人,G,,8,日本ハム,F,,,,,,,2球目:内角高め137キロのストレートを見逃してボール 1-1,2 Tamame: Naikaku Takame 137 Kilo no Straight wo Minogashite Ball 1-1,,,,,2,,,,,,,,,,,,,,,,,,,,,,,,,,,,,,,,,,,,,,,,,,,,,,,,2019-02-24 07:08:10+00:00,2019-02-24 07:08:10+00:00,0,12164,88,那覇,2026-10-01T20:50:19.593663
2019,2019022405,2019-02-24 13:00:00+09:00,74763387,520403.0,1,5,オープン戦,5.0,5回裏,4,須山,山本貴,津川,橘高,,,1,1,巨人,G,,8,日本ハム,F,,,,,,,3球目:外角143キロのストレートを見逃してボール 2-1,3 Tamame: Gaikaku 143 Kilo no Straight wo Minogashite Ball 2-1,,,,,3,,,,,,,,,,,,,,,,,,,,,,,,,,,,,,,,,,,,,,,,,,,,,,,,2019-02-24 07:08:10+00:00,2019-02-24 07:08:10+00:00,0,12164,88,那覇,2026-10-01T20:50:19.593663
2019,2019022405,2019-02-24 13:00:00+09:00,74763388,520404.0,1,5,オープン戦,5.0,5回裏,4,須山,山本貴,津川,橘高,,,1,1,巨人,G,,8,日本ハム,F,,,,,,,4球目:高めの変化球を打ってファウル 2-2,4 Tamame: Takame no Henka Kyuu wo Utte Foul 2-2,,,,,4,,,,,,,,,,,,,,,,,,,,,,,,,,,,,,,,,,,,,,,,,,,,,,,,2019-02-24 07:08:10+00:00,2019-02-24 07:08:10+00:00,0,12164,88,那覇,2026-10-01T20:50:19.593663
2019,2019022405,2019-02-24 13:00:00+09:00,74763389,520405.0,1,5,オープン戦,5.0,5回裏,4,須山,山本貴,津川,橘高,,,1,1,巨人,G,,8,日本ハム,F,,,,,,,5球目:空振り三振でバッターアウト 2アウト,5 Tamame: Karaburi Sanshin de Batter Out 2 Out,,,,,5,,,,,,,,,,,,,,,,,,,,,,,,,,,,,,,,,,,,,,,,,,,,,,,,2019-02-24 07:08:10+00:00,2019-02-24 07:08:10+00:00,0,12164,88,那覇,2026-10-01T20:50:19.593663
2019,2019022405,2019-02-24 13:00:00+09:00,74763390,520500.0,1,5,オープン戦,5.0,5回裏,5,須山,山本貴,津川,橘高,,,1,1,巨人,G,,8,日本ハム,F,,,,,,,"＜8番：中島＞二死1,2塁","<8 Ban: Nakajima> Ni Shi 1,2 Rui",,,,,0,,,,,,,,,,,,,,,,,,,,,,,,,,,,,,,,,,,,,,,,,,,,,,,,2019-02-24 07:08:10+00:00,2019-02-24 07:08:10+00:00,0,12164,88,那覇,2026-10-01T20:50:19.593663
2019,2019022405,2019-02-24 13:00:00+09:00,74763391,520501.0,1,5,オープン戦,5.0,5回裏,5,須山,山本貴,津川,橘高,,,1,1,巨人,G,,8,日本ハム,F,,,,,,,1球目:ど真ん中の球を見逃してストライク 0-1,1 Tamame: Domannaka no Tama wo Minogashite Strike 0-1,,,,,1,,,,,,,,,,,,,,,,,,,,,,,,,,,,,,,,,,,,,,,,,,,,,,,,2019-02-24 07:08:10+00:00,2019-02-24 07:08:10+00:00,0,12164,88,那覇,2026-10-01T20:50:19.593663
2019,2019022405,2019-02-24 13:00:00+09:00,74763392,520502.0,1,5,オープン戦,5.0,5回裏,5,須山,山本貴,津川,橘高,,,1,1,巨人,G,,8,日本ハム,F,,,,,,,2球目:外角低め137キロのストレートを見逃してストライク 0-2,2 Tamame: Gaikaku Hikume 137 Kilo no Straight wo Minogashite Strike 0-2,,,,,2,,,,,,,,,,,,,,,,,,,,,,,,,,,,,,,,,,,,,,,,,,,,,,,,2019-02-24 07:08:10+00:00,2019-02-24 07:08:10+00:00,0,12164,88,那覇,2026-10-01T20:50:19.593663
2019,2019022405,2019-02-24 13:00:00+09:00,74763393,520503.0,1,5,オープン戦,5.0,5回裏,5,須山,山本貴,津川,橘高,,,1,1,巨人,G,,8,日本ハム,F,,,,,,,3球目:高めのつり球には反応せずボール 1-2,3 Tamame: Takame no Tsuri Tama ni wa Hannou Sezu Ball 1-2,,,,,3,,,,,,,,,,,,,,,,,,,,,,,,,,,,,,,,,,,,,,,,,,,,,,,,2019-02-24 07:08:10+00:00,2019-02-24 07:08:10+00:00,0,12164,88,那覇,2026-10-01T20:50:19.593663
2019,2019022405,2019-02-24 13:00:00+09:00,74763394,520504.0,1,5,オープン戦,5.0,5回裏,5,須山,山本貴,津川,橘高,,,1,1,巨人,G,,8,日本ハム,F,,,,,,,4球目:外角の変化球を打つもショートゴロ 3アウトチェンジ,4 Tamame: Gaikaku no Henka Kyuu wo Utsu mo Short Grounder 3 Out Change,,,,,4,,,,,,,,,,,,,,,,,,,,,,,,,,,,,,,,,,,,,,,,,,,,,,,,2019-02-24 07:08:10+00:00,2019-02-24 07:08:10+00:00,0,12164,88,那覇,2026-10-01T20:50:19.593663
2019,2019022405,2019-02-24 13:00:00+09:00,74763395,610100.0,1,5,オープン戦,6.0,6回表,1,須山,山本貴,津川,橘高,,,1,1,巨人,G,,8,日本ハム,F,,,,,,,6回表 巨0-1日　日本ハムは3番西川からの攻撃,6 Kai Hyou Kyo 0-1ka Nippon Ham wa 3 Ban Nishikawa kara no Kougeki,,,,,0,,,,,,,,,,,,,,,,,,,,,,,,,,,,,,,,,,,,,,,,,,,,,,,,2019-02-24 07:08:10+00:00,2019-02-24 07:08:10+00:00,0,12164,88,那覇,2026-10-01T20:50:19.593663
2019,2019022405,2019-02-24 13:00:00+09:00,74763396,610100.0,1,5,オープン戦,6.0,6回表,1,須山,山本貴,津川,橘高,,,1,1,巨人,G,,8,日本ハム,F,,,,,,,守備変更:吉川大→サード,Shubi Henkou: Yoshikawa Dai Third,,,,,0,,,,,,,,,,,,,,,,,,,,,,,,,,,,,,,,,,,,,,,,,,,,,,,,2019-02-24 07:08:10+00:00,2019-02-24 07:08:10+00:00,0,12164,88,那覇,2026-10-01T20:50:19.593663
2019,2019022405,2019-02-24 13:00:00+09:00,74763397,610100.0,1,5,オープン戦,6.0,6回表,1,須山,山本貴,津川,橘高,,,1,1,巨人,G,,8,日本ハム,F,,,,,,,＜3番：西川＞無死走者なし,<3 Ban: Nishikawa> Mushi Sousha Nashi,,,,,0,,,,,,,,,,,,,,,,,,,,,,,,,,,,,,,,,,,,,,,,,,,,,,,,2019-02-24 07:08:10+00:00,2019-02-24 07:08:10+00:00,0,12164,88,那覇,2026-10-01T20:50:19.593663
2019,2019022405,2019-02-24 13:00:00+09:00,74763398,610101.0,1,5,オープン戦,6.0,6回表,1,須山,山本貴,津川,橘高,,,1,1,巨人,G,,8,日本ハム,F,,,,,,,1球目:バントの構えからバットを引いてボール 1-0,1 Tamame: Bunt no Kamae kara Batto wo Hiite Ball 1-0,,,,,1,,,,,,,,,,,,,,,,,,,,,,,,,,,,,,,,,,,,,,,,,,,,,,,,2019-02-24 07:08:10+00:00,2019-02-24 07:08:10+00:00,0,12164,88,那覇,2026-10-01T20:50:19.593663
2019,2019022405,2019-02-24 13:00:00+09:00,74763399,610102.0,1,5,オープン戦,6.0,6回表,1,須山,山本貴,津川,橘高,,,1,1,巨人,G,,8,日本ハム,F,,,,,,,2球目:外角低めの変化球を見逃してボール 2-0,2 Tamame: Gaikaku Hikume no Henka Kyuu wo Minogashite Ball 2-0,,,,,2,,,,,,,,,,,,,,,,,,,,,,,,,,,,,,,,,,,,,,,,,,,,,,,,2019-02-24 07:08:10+00:00,2019-02-24 07:08:10+00:00,0,12164,88,那覇,2026-10-01T20:50:19.593663
2019,2019022405,2019-02-24 13:00:00+09:00,74763400,610103.0,1,5,オープン戦,6.0,6回表,1,須山,山本貴,津川,橘高,,,1,1,巨人,G,,8,日本ハム,F,,,,,,,3球目:ワンバウンドの球を見逃してボール 3-0,3 Tamame: One Bound no Tama wo Minogashite Ball 3-0,,,,,3,,,,,,,,,,,,,,,,,,,,,,,,,,,,,,,,,,,,,,,,,,,,,,,,2019-02-24 07:08:10+00:00,2019-02-24 07:08:10+00:00,0,12164,88,那覇,2026-10-01T20:50:19.593663
2019,2019022405,2019-02-24 13:00:00+09:00,74763401,610104.0,1,5,オープン戦,6.0,6回表,1,須山,山本貴,津川,橘高,,,1,1,巨人,G,,8,日本ハム,F,,,,,,,4球目:一度もバットを振ることなくストレートのフォアボールを選ぶ 1塁,4 Tamame: Ichi Do mo Batto wo Furu Koto Naku Straight no Four Ball wo Erabu 1 Rui,,,,,4,,,,,,,,,,,,,,,,,,,,,,,,,,,,,,,,,,,,,,,,,,,,,,,,2019-02-24 07:08:10+00:00,2019-02-24 07:08:10+00:00,0,12164,88,那覇,2026-10-01T20:50:19.593663
2019,2019022405,2019-02-24 13:00:00+09:00,74763402,610200.0,1,5,オープン戦,6.0,6回表,2,須山,山本貴,津川,橘高,,,1,1,巨人,G,,8,日本ハム,F,,,,,,,＜4番：松本＞無死1塁,<4 Ban: Matsumoto> Mushi 1 Rui,,,,,0,,,,,,,,,,,,,,,,,,,,,,,,,,,,,,,,,,,,,,,,,,,,,,,,2019-02-24 07:08:10+00:00,2019-02-24 07:08:10+00:00,0,12164,88,那覇,2026-10-01T20:50:19.593663
2019,2019022405,2019-02-24 13:00:00+09:00,74763403,610200.0,1,5,オープン戦,6.0,6回表,2,須山,山本貴,津川,橘高,,,1,1,巨人,G,,8,日本ハム,F,,,,,,,1塁けん制:ランナー西川帰塁,1 Rui Kensei: Runner Nishikawa Kirui,,,,,0,,,,,,,,,,,,,,,,,,,,,,,,,,,,,,,,,,,,,,,,,,,,,,,,2019-02-24 07:08:10+00:00,2019-02-24 07:08:10+00:00,0,12164,88,那覇,2026-10-01T20:50:19.593663
2019,2019022405,2019-02-24 13:00:00+09:00,74763404,610201.0,1,5,オープン戦,6.0,6回表,2,須山,山本貴,津川,橘高,,,1,1,巨人,G,,8,日本ハム,F,,,,,,,1球目:高めのストレートを見逃してストライク 0-1,1 Tamame: Takame no Straight wo Minogashite Strike 0-1,,,,,1,,,,,,,,,,,,,,,,,,,,,,,,,,,,,,,,,,,,,,,,,,,,,,,,2019-02-24 07:08:10+00:00,2019-02-24 07:08:10+00:00,0,12164,88,那覇,2026-10-01T20:50:19.593663
2019,2019022405,2019-02-24 13:00:00+09:00,74763405,610200.0,1,5,オープン戦,6.0,6回表,2,須山,山本貴,津川,橘高,,,1,1,巨人,G,,8,日本ハム,F,,,,,,,1塁けん制:ランナー西川帰塁,1 Rui Kensei: Runner Nishikawa Kirui,,,,,0,,,,,,,,,,,,,,,,,,,,,,,,,,,,,,,,,,,,,,,,,,,,,,,,2019-02-24 07:08:10+00:00,2019-02-24 07:08:10+00:00,0,12164,88,那覇,2026-10-01T20:50:19.593663
2019,2019022405,2019-02-24 13:00:00+09:00,74763406,610202.0,1,5,オープン戦,6.0,6回表,2,須山,山本貴,津川,橘高,,,1,1,巨人,G,,8,日本ハム,F,,,,,,,2球目:つまった打球はセカンドへの平凡なゴロとなる 1アウト1塁,2 Tamame: Tsumatta Dakyuu wa Sekando e no Heibon na Grounder to Naru 1 Out 1 Rui,,,,,2,,,,,,,,,,,,,,,,,,,,,,,,,,,,,,,,,,,,,,,,,,,,,,,,2019-02-24 07:08:10+00:00,2019-02-24 07:08:10+00:00,0,12164,88,那覇,2026-10-01T20:50:19.593663
2019,2019022405,2019-02-24 13:00:00+09:00,74763407,610300.0,1,5,オープン戦,6.0,6回表,3,須山,山本貴,津川,橘高,,,1,1,巨人,G,,8,日本ハム,F,,,,,,,＜5番：近藤＞一死1塁,<5 Ban: Kondou> Ichi Shi 1 Rui,,,,,0,,,,,,,,,,,,,,,,,,,,,,,,,,,,,,,,,,,,,,,,,,,,,,,,2019-02-24 07:08:10+00:00,2019-02-24 07:08:10+00:00,0,12164,88,那覇,2026-10-01T20:50:19.593663
2019,2019022405,2019-02-24 13:00:00+09:00,74763408,610301.0,1,5,オープン戦,6.0,6回表,3,須山,山本貴,津川,橘高,,,1,1,巨人,G,,8,日本ハム,F,,,,,,,1球目:外角低めのスライダーを見逃してストライク 0-1,1 Tamame: Gaikaku Hikume no Slider wo Minogashite Strike 0-1,,,,,1,,,,,,,,,,,,,,,,,,,,,,,,,,,,,,,,,,,,,,,,,,,,,,,,2019-02-24 07:08:10+00:00,2019-02-24 07:08:10+00:00,0,12164,88,那覇,2026-10-01T20:50:19.593663
2019,2019022405,2019-02-24 13:00:00+09:00,74763409,610302.0,1,5,オープン戦,6.0,6回表,3,須山,山本貴,津川,橘高,,,1,1,巨人,G,,8,日本ハム,F,,,,,,,2球目:内角低めのストレートを見逃してボール 1-1,2 Tamame: Naikaku Hikume no Straight wo Minogashite Ball 1-1,,,,,2,,,,,,,,,,,,,,,,,,,,,,,,,,,,,,,,,,,,,,,,,,,,,,,,2019-02-24 07:08:10+00:00,2019-02-24 07:08:10+00:00,0,12164,88,那覇,2026-10-01T20:50:19.593663
2019,2019022405,2019-02-24 13:00:00+09:00,74763410,610303.0,1,5,オープン戦,6.0,6回表,3,須山,山本貴,津川,橘高,,,1,1,巨人,G,,8,日本ハム,F,,,,,,,3球目:外角のストレートを見逃してストライク 1-2,3 Tamame: Gaikaku no Straight wo Minogashite Strike 1-2,,,,,3,,,,,,,,,,,,,,,,,,,,,,,,,,,,,,,,,,,,,,,,,,,,,,,,2019-02-24 07:08:10+00:00,2019-02-24 07:08:10+00:00,0,12164,88,那覇,2026-10-01T20:50:19.593663
2019,2019022405,2019-02-24 13:00:00+09:00,74763411,610304.0,1,5,オープン戦,6.0,6回表,3,須山,山本貴,津川,橘高,,,1,1,巨人,G,,8,日本ハム,F,,,,,,,"4球目:レフトへのヒット 1,2塁","4 Tamame: Left e no Hit 1,2 Rui",,,,,4,,,,,,,,,,,,,,,,,,,,,,,,,,,,,,,,,,,,,,,,,,,,,,,,2019-02-24 07:08:10+00:00,2019-02-24 07:08:10+00:00,0,12164,88,那覇,2026-10-01T20:50:19.593663
2019,2019022405,2019-02-24 13:00:00+09:00,74763412,610400.0,1,5,オープン戦,6.0,6回表,4,須山,山本貴,津川,橘高,,,1,1,巨人,G,,8,日本ハム,F,,,,,,,"＜6番：清宮＞一死1,2塁","<6 Ban: Suganomiya> Ichi Shi 1,2 Rui",,,,,0,,,,,,,,,,,,,,,,,,,,,,,,,,,,,,,,,,,,,,,,,,,,,,,,2019-02-24 07:08:10+00:00,2019-02-24 07:08:10+00:00,0,12164,88,那覇,2026-10-01T20:50:19.593663
2019,2019022405,2019-02-24 13:00:00+09:00,74763413,610401.0,1,5,オープン戦,6.0,6回表,4,須山,山本貴,津川,橘高,,,1,1,巨人,G,,8,日本ハム,F,,,,,,,1球目:内角のストレートを見逃してストライク 0-1,1 Tamame: Naikaku no Straight wo Minogashite Strike 0-1,,,,,1,,,,,,,,,,,,,,,,,,,,,,,,,,,,,,,,,,,,,,,,,,,,,,,,2019-02-24 07:08:10+00:00,2019-02-24 07:08:10+00:00,0,12164,88,那覇,2026-10-01T20:50:19.593663
2019,2019022405,2019-02-24 13:00:00+09:00,74763414,610402.0,1,5,オープン戦,6.0,6回表,4,須山,山本貴,津川,橘高,,,1,1,巨人,G,,8,日本ハム,F,,,,,,,2球目:外角133キロのストレートを見逃してボール 1-1,2 Tamame: Gaikaku 133 Kilo no Straight wo Minogashite Ball 1-1,,,,,2,,,,,,,,,,,,,,,,,,,,,,,,,,,,,,,,,,,,,,,,,,,,,,,,2019-02-24 07:08:10+00:00,2019-02-24 07:08:10+00:00,0,12164,88,那覇,2026-10-01T20:50:19.593663
2019,2019022405,2019-02-24 13:00:00+09:00,74763415,610403.0,1,5,オープン戦,6.0,6回表,4,須山,山本貴,津川,橘高,,,1,1,巨人,G,,8,日本ハム,F,,,,,,,3球目:内角139キロのストレートを見逃してボール 2-1,3 Tamame: Naikaku 139 Kilo no Straight wo Minogashite Ball 2-1,,,,,3,,,,,,,,,,,,,,,,,,,,,,,,,,,,,,,,,,,,,,,,,,,,,,,,2019-02-24 07:08:10+00:00,2019-02-24 07:08:10+00:00,0,12164,88,那覇,2026-10-01T20:50:19.593663
2019,2019022405,2019-02-24 13:00:00+09:00,74763416,610404.0,1,5,オープン戦,6.0,6回表,4,須山,山本貴,津川,橘高,,,1,1,巨人,G,,8,日本ハム,F,,,,,,,4球目:外角低めのスライダーを見逃してボール 3-1,4 Tamame: Gaikaku Hikume no Slider wo Minogashite Ball 3-1,,,,,4,,,,,,,,,,,,,,,,,,,,,,,,,,,,,,,,,,,,,,,,,,,,,,,,2019-02-24 07:08:10+00:00,2019-02-24 07:08:10+00:00,0,12164,88,那覇,2026-10-01T20:50:19.593663
2019,2019022405,2019-02-24 13:00:00+09:00,74763417,610405.0,1,5,オープン戦,6.0,6回表,4,須山,山本貴,津川,橘高,,,1,1,巨人,G,,8,日本ハム,F,,,,,,,5球目:四球を選ぶ。ピッチャーメルセデスにとって痛いフォアボールとなる 満塁,5 Tamame: Shikyuu wo Erabu. Pitcher Merusedesu ni Totte Itai Four Ball to Naru Manrui,,,,,5,,,,,,,,,,,,,,,,,,,,,,,,,,,,,,,,,,,,,,,,,,,,,,,,2019-02-24 07:08:10+00:00,2019-02-24 07:08:10+00:00,0,12164,88,那覇,2026-10-01T20:50:19.593663
2019,2019022405,2019-02-24 13:00:00+09:00,74763418,610500.0,1,5,オープン戦,6.0,6回表,5,須山,山本貴,津川,橘高,,,1,1,巨人,G,,8,日本ハム,F,,,,,,,－巨人:キャッチャー小林マウンドへむかう－,- Kyojin: Catcher Kobayashi Mound e Mukau -,,,,,0,,,,,,,,,,,,,,,,,,,,,,,,,,,,,,,,,,,,,,,,,,,,,,,,2019-02-24 07:08:10+00:00,2019-02-24 07:08:10+00:00,0,12164,88,那覇,2026-10-01T20:50:19.593663
2019,2019022405,2019-02-24 13:00:00+09:00,74763419,610500.0,1,5,オープン戦,6.0,6回表,5,須山,山本貴,津川,橘高,,,1,1,巨人,G,,8,日本ハム,F,,,,,,,石井→代打:谷内,Ishii Daida: Taniuchi,,,,,0,,,,,,,,,,,,,,,,,,,,,,,,,,,,,,,,,,,,,,,,,,,,,,,,2019-02-24 07:08:10+00:00,2019-02-24 07:08:10+00:00,0,12164,88,那覇,2026-10-01T20:50:19.593663
2019,2019022405,2019-02-24 13:00:00+09:00,74763420,610500.0,1,5,オープン戦,6.0,6回表,5,須山,山本貴,津川,橘高,,,1,1,巨人,G,,8,日本ハム,F,,,,,,,＜代打：谷内＞一死満塁,< Daida: Taniuchi> Ichi Shi Manrui,,,,,0,,,,,,,,,,,,,,,,,,,,,,,,,,,,,,,,,,,,,,,,,,,,,,,,2019-02-24 07:08:10+00:00,2019-02-24 07:08:10+00:00,0,12164,88,那覇,2026-10-01T20:50:19.593663
2019,2019022405,2019-02-24 13:00:00+09:00,74763421,610501.0,1,5,オープン戦,6.0,6回表,5,須山,山本貴,津川,橘高,,,1,1,巨人,G,,8,日本ハム,F,,,,,,,1球目:外角低めのチェンジアップを見逃してボール 1-0,1 Tamame: Gaikaku Hikume no Change Up wo Minogashite Ball 1-0,,,,,1,,,,,,,,,,,,,,,,,,,,,,,,,,,,,,,,,,,,,,,,,,,,,,,,2019-02-24 07:08:10+00:00,2019-02-24 07:08:10+00:00,0,12164,88,那覇,2026-10-01T20:50:19.593663
2019,2019022405,2019-02-24 13:00:00+09:00,74763422,610502.0,1,5,オープン戦,6.0,6回表,5,須山,山本貴,津川,橘高,,,1,1,巨人,G,,8,日本ハム,F,,,,,,,2球目:外角低めのチェンジアップを空振りストライク 1-1,2 Tamame: Gaikaku Hikume no Change Up wo Karaburi Strike 1-1,,,,,2,,,,,,,,,,,,,,,,,,,,,,,,,,,,,,,,,,,,,,,,,,,,,,,,2019-02-24 07:08:10+00:00,2019-02-24 07:08:10+00:00,0,12164,88,那覇,2026-10-01T20:50:19.593663
2019,2019022405,2019-02-24 13:00:00+09:00,74763423,610503.0,1,5,オープン戦,6.0,6回表,5,須山,山本貴,津川,橘高,,,1,1,巨人,G,,8,日本ハム,F,,,,,,,3球目:外角低めのストレートを見逃してストライク 1-2,3 Tamame: Gaikaku Hikume no Straight wo Minogashite Strike 1-2,,,,,3,,,,,,,,,,,,,,,,,,,,,,,,,,,,,,,,,,,,,,,,,,,,,,,,2019-02-24 07:08:10+00:00,2019-02-24 07:08:10+00:00,0,12164,88,那覇,2026-10-01T20:50:19.593663
2019,2019022405,2019-02-24 13:00:00+09:00,74763424,610504.0,1,5,オープン戦,6.0,6回表,5,須山,山本貴,津川,橘高,,,1,1,巨人,G,,8,日本ハム,F,,,,,,,4球目:ど真ん中のツーシームを打つも4-6-3のダブルプレー 3アウトチェンジ,4 Tamame: Domannaka no Two Seam wo Utsu mo 4-6-3 no Double Play 3 Out Change,,,,,4,,,,,,,,,,,,,,,,,,,,,,,,,,,,,,,,,,,,,,,,,,,,,,,,2019-02-24 07:08:10+00:00,2019-02-24 07:08:10+00:00,0,12164,88,那覇,2026-10-01T20:50:19.593663
2019,2019022405,2019-02-24 13:00:00+09:00,74763425,620100.0,1,5,オープン戦,6.0,6回裏,1,須山,山本貴,津川,橘高,,,1,1,巨人,G,,8,日本ハム,F,,,,,,,6回裏 巨0-1日　巨人は9番小林からの攻撃,6 Kai Ura Kyo 0-1ka Kyojin wa 9 Ban Kobayashi kara no Kougeki,,,,,0,,,,,,,,,,,,,,,,,,,,,,,,,,,,,,,,,,,,,,,,,,,,,,,,2019-02-24 07:08:10+00:00,2019-02-24 07:08:10+00:00,0,12164,88,那覇,2026-10-01T20:50:19.593663
2019,2019022405,2019-02-24 13:00:00+09:00,74763426,620100.0,1,5,オープン戦,6.0,6回裏,1,須山,山本貴,津川,橘高,,,1,1,巨人,G,,8,日本ハム,F,,,,,,,投手交代:上沢→ロドリゲス　守備変更:谷内→セカンド,Toushu Koutai: Kamisawa Rodriguez Shubi Henkou: Taniuchi Sekando,,,,,0,,,,,,,,,,,,,,,,,,,,,,,,,,,,,,,,,,,,,,,,,,,,,,,,2019-02-24 07:08:10+00:00,2019-02-24 07:08:10+00:00,0,12164,88,那覇,2026-10-01T20:50:19.593663
2019,2019022405,2019-02-24 13:00:00+09:00,74763427,620100.0,1,5,オープン戦,6.0,6回裏,1,須山,山本貴,津川,橘高,,,1,1,巨人,G,,8,日本ハム,F,,,,,,,小林→代打:大城,Kobayashi Daida: Ooshiro,,,,,0,,,,,,,,,,,,,,,,,,,,,,,,,,,,,,,,,,,,,,,,,,,,,,,,2019-02-24 07:08:10+00:00,2019-02-24 07:08:10+00:00,0,12164,88,那覇,2026-10-01T20:50:19.593663
2019,2019022405,2019-02-24 13:00:00+09:00,74763428,620100.0,1,5,オープン戦,6.0,6回裏,1,須山,山本貴,津川,橘高,,,1,1,巨人,G,,8,日本ハム,F,,,,,,,＜代打：大城＞無死走者なし,< Daida: Ooshiro> Mushi Sousha Nashi,,,,,0,,,,,,,,,,,,,,,,,,,,,,,,,,,,,,,,,,,,,,,,,,,,,,,,2019-02-24 07:08:10+00:00,2019-02-24 07:08:10+00:00,0,12164,88,那覇,2026-10-01T20:50:19.593663
2019,2019022405,2019-02-24 13:00:00+09:00,74763429,620101.0,1,5,オープン戦,6.0,6回裏,1,須山,山本貴,津川,橘高,,,1,1,巨人,G,,8,日本ハム,F,,,,,,,1球目:内角高め146キロのツーシームを見逃してボール 1-0,1 Tamame: Naikaku Takame 146 Kilo no Two Seam wo Minogashite Ball 1-0,,,,,1,,,,,,,,,,,,,,,,,,,,,,,,,,,,,,,,,,,,,,,,,,,,,,,,2019-02-24 07:08:10+00:00,2019-02-24 07:08:10+00:00,0,12164,88,那覇,2026-10-01T20:50:19.593663
2019,2019022405,2019-02-24 13:00:00+09:00,74763430,620102.0,1,5,オープン戦,6.0,6回裏,1,須山,山本貴,津川,橘高,,,1,1,巨人,G,,8,日本ハム,F,,,,,,,2球目:高め142キロのツーシームを見逃してストライク 1-1,2 Tamame: Takame 142 Kilo no Two Seam wo Minogashite Strike 1-1,,,,,2,,,,,,,,,,,,,,,,,,,,,,,,,,,,,,,,,,,,,,,,,,,,,,,,2019-02-24 07:08:10+00:00,2019-02-24 07:08:10+00:00,0,12164,88,那覇,2026-10-01T20:50:19.593663
2019,2019022405,2019-02-24 13:00:00+09:00,74763431,620103.0,1,5,オープン戦,6.0,6回裏,1,須山,山本貴,津川,橘高,,,1,1,巨人,G,,8,日本ハム,F,,,,,,,3球目:外角高めのツーシームを空振りストライク 1-2,3 Tamame: Gaikaku Takame no Two Seam wo Karaburi Strike 1-2,,,,,3,,,,,,,,,,,,,,,,,,,,,,,,,,,,,,,,,,,,,,,,,,,,,,,,2019-02-24 07:08:10+00:00,2019-02-24 07:08:10+00:00,0,12164,88,那覇,2026-10-01T20:50:19.593663
2019,2019022405,2019-02-24 13:00:00+09:00,74763432,620104.0,1,5,オープン戦,6.0,6回裏,1,須山,山本貴,津川,橘高,,,1,1,巨人,G,,8,日本ハム,F,,,,,,,4球目:内角高め145キロのツーシームを見逃してボール 2-2,4 Tamame: Naikaku Takame 145 Kilo no Two Seam wo Minogashite Ball 2-2,,,,,4,,,,,,,,,,,,,,,,,,,,,,,,,,,,,,,,,,,,,,,,,,,,,,,,2019-02-24 07:08:10+00:00,2019-02-24 07:08:10+00:00,0,12164,88,那覇,2026-10-01T20:50:19.593663
2019,2019022405,2019-02-24 13:00:00+09:00,74763433,620105.0,1,5,オープン戦,6.0,6回裏,1,須山,山本貴,津川,橘高,,,1,1,巨人,G,,8,日本ハム,F,,,,,,,5球目:ライトへのヒットを放つ 1塁,5 Tamame: Raito e no Hit wo Hanatsu 1 Rui,,,,,5,,,,,,,,,,,,,,,,,,,,,,,,,,,,,,,,,,,,,,,,,,,,,,,,2019-02-24 07:08:10+00:00,2019-02-24 07:08:10+00:00,0,12164,88,那覇,2026-10-01T20:50:19.593663
2019,2019022405,2019-02-24 13:00:00+09:00,74763434,620200.0,1,5,オープン戦,6.0,6回裏,2,須山,山本貴,津川,橘高,,,1,1,巨人,G,,8,日本ハム,F,,,,,,,＜1番：吉川尚＞無死1塁,<1 Ban: Yoshikawa Nao> Mushi 1 Rui,,,,,0,,,,,,,,,,,,,,,,,,,,,,,,,,,,,,,,,,,,,,,,,,,,,,,,2019-02-24 07:08:10+00:00,2019-02-24 07:08:10+00:00,0,12164,88,那覇,2026-10-01T20:50:19.593663
2019,2019022405,2019-02-24 13:00:00+09:00,74763435,620201.0,1,5,オープン戦,6.0,6回裏,2,須山,山本貴,津川,橘高,,,1,1,巨人,G,,8,日本ハム,F,,,,,,,1球目:高めのツーシームを見逃してボール 1-0,1 Tamame: Takame no Two Seam wo Minogashite Ball 1-0,,,,,1,,,,,,,,,,,,,,,,,,,,,,,,,,,,,,,,,,,,,,,,,,,,,,,,2019-02-24 07:08:10+00:00,2019-02-24 07:08:10+00:00,0,12164,88,那覇,2026-10-01T20:50:19.593663
2019,2019022405,2019-02-24 13:00:00+09:00,74763436,620202.0,1,5,オープン戦,6.0,6回裏,2,須山,山本貴,津川,橘高,,,1,1,巨人,G,,8,日本ハム,F,,,,,,,2球目:ど真ん中のツーシームを打つもファーストライナー,2 Tamame: Domannaka no Two Seam wo Utsu mo First Liner,,,,,2,,,,,,,,,,,,,,,,,,,,,,,,,,,,,,,,,,,,,,,,,,,,,,,,2019-02-24 07:08:10+00:00,2019-02-24 07:08:10+00:00,0,12164,88,那覇,2026-10-01T20:50:19.593663
2019,2019022405,2019-02-24 13:00:00+09:00,74763437,620200.0,1,5,オープン戦,6.0,6回裏,2,須山,山本貴,津川,橘高,,,1,1,巨人,G,,8,日本ハム,F,,,,,,,1塁走者大城は塁を飛び出しておりダブルプレー！ 2アウト,1 Rui Soushadaijou wa Rui wo Tobidashite Ori Double Play! 2 Out,,,,,0,,,,,,,,,,,,,,,,,,,,,,,,,,,,,,,,,,,,,,,,,,,,,,,,2019-02-24 07:08:10+00:00,2019-02-24 07:08:10+00:00,0,12164,88,那覇,2026-10-01T20:50:19.593663
2019,2019022405,2019-02-24 13:00:00+09:00,74763438,620300.0,1,5,オープン戦,6.0,6回裏,3,須山,山本貴,津川,橘高,,,1,1,巨人,G,,8,日本ハム,F,,,,,,,＜2番：丸＞二死走者なし,<2 Ban: Maru> Ni Shi Sousha Nashi,,,,,0,,,,,,,,,,,,,,,,,,,,,,,,,,,,,,,,,,,,,,,,,,,,,,,,2019-02-24 07:08:10+00:00,2019-02-24 07:08:10+00:00,0,12164,88,那覇,2026-10-01T20:50:19.593663
2019,2019022405,2019-02-24 13:00:00+09:00,74763439,620301.0,1,5,オープン戦,6.0,6回裏,3,須山,山本貴,津川,橘高,,,1,1,巨人,G,,8,日本ハム,F,,,,,,,1球目:内角のナックルカーブを見逃してストライク 0-1,1 Tamame: Naikaku no Knuckle Curve wo Minogashite Strike 0-1,,,,,1,,,,,,,,,,,,,,,,,,,,,,,,,,,,,,,,,,,,,,,,,,,,,,,,2019-02-24 07:08:10+00:00,2019-02-24 07:08:10+00:00,0,12164,88,那覇,2026-10-01T20:50:19.593663
2019,2019022405,2019-02-24 13:00:00+09:00,74763440,620302.0,1,5,オープン戦,6.0,6回裏,3,須山,山本貴,津川,橘高,,,1,1,巨人,G,,8,日本ハム,F,,,,,,,2球目:内角低めのツーシームを見逃してボール 1-1,2 Tamame: Naikaku Hikume no Two Seam wo Minogashite Ball 1-1,,,,,2,,,,,,,,,,,,,,,,,,,,,,,,,,,,,,,,,,,,,,,,,,,,,,,,2019-02-24 07:08:10+00:00,2019-02-24 07:08:10+00:00,0,12164,88,那覇,2026-10-01T20:50:19.593663
2019,2019022405,2019-02-24 13:00:00+09:00,74763441,620303.0,1,5,オープン戦,6.0,6回裏,3,須山,山本貴,津川,橘高,,,1,1,巨人,G,,8,日本ハム,F,,,,,,,3球目:外角低めのチェンジアップを打ってファウル 1-2,3 Tamame: Gaikaku Hikume no Change Up wo Utte Foul 1-2,,,,,3,,,,,,,,,,,,,,,,,,,,,,,,,,,,,,,,,,,,,,,,,,,,,,,,2019-02-24 07:08:10+00:00,2019-02-24 07:08:10+00:00,0,12164,88,那覇,2026-10-01T20:50:19.593663
2019,2019022405,2019-02-24 13:00:00+09:00,74763442,620304.0,1,5,オープン戦,6.0,6回裏,3,須山,山本貴,津川,橘高,,,1,1,巨人,G,,8,日本ハム,F,,,,,,,4球目:空振り三振でバッターアウト 3アウトチェンジ,4 Tamame: Karaburi Sanshin de Batter Out 3 Out Change,,,,,4,,,,,,,,,,,,,,,,,,,,,,,,,,,,,,,,,,,,,,,,,,,,,,,,2019-02-24 07:08:10+00:00,2019-02-24 07:08:10+00:00,0,12164,88,那覇,2026-10-01T20:50:19.593663
2019,2019022405,2019-02-24 13:00:00+09:00,74763443,710100.0,1,5,オープン戦,7.0,7回表,1,須山,山本貴,津川,橘高,,,1,1,巨人,G,,8,日本ハム,F,,,,,,,7回表 巨0-1日　日本ハムは8番實松からの攻撃,7 Kai Hyou Kyo 0-1ka Nippon Ham wa 8 Ban Minoru Matsu kara no Kougeki,,,,,0,,,,,,,,,,,,,,,,,,,,,,,,,,,,,,,,,,,,,,,,,,,,,,,,2019-02-24 07:08:10+00:00,2019-02-24 07:08:10+00:00,0,12164,88,那覇,2026-10-01T20:50:19.593663
2019,2019022405,2019-02-24 13:00:00+09:00,74763444,710100.0,1,5,オープン戦,7.0,7回表,1,須山,山本貴,津川,橘高,,,1,1,巨人,G,,8,日本ハム,F,,,,,,,投手交代:メルセデス→桜井　守備交代:セカンド田中俊　守備変更:大城→キャッチャー,Toushu Koutai: Merusedesu Sakurai Shubi Koutai: Sekando Tanaka Shun Shubi Henkou: Ooshiro Catcher,,,,,0,,,,,,,,,,,,,,,,,,,,,,,,,,,,,,,,,,,,,,,,,,,,,,,,2019-02-24 07:08:10+00:00,2019-02-24 07:08:10+00:00,0,12164,88,那覇,2026-10-01T20:50:19.593663
2019,2019022405,2019-02-24 13:00:00+09:00,74763445,710100.0,1,5,オープン戦,7.0,7回表,1,須山,山本貴,津川,橘高,,,1,1,巨人,G,,8,日本ハム,F,,,,,,,＜8番：實松＞無死走者なし,<8 Ban: Minoru Matsu> Mushi Sousha Nashi,,,,,0,,,,,,,,,,,,,,,,,,,,,,,,,,,,,,,,,,,,,,,,,,,,,,,,2019-02-24 07:08:10+00:00,2019-02-24 07:08:10+00:00,0,12164,88,那覇,2026-10-01T20:50:19.593663
2019,2019022405,2019-02-24 13:00:00+09:00,74763446,710101.0,1,5,オープン戦,7.0,7回表,1,須山,山本貴,津川,橘高,,,1,1,巨人,G,,8,日本ハム,F,,,,,,,1球目:初球から打ちにいくもファウル 0-1,1 Tamame: Shokyuu kara Uchi ni Iku mo Foul 0-1,,,,,1,,,,,,,,,,,,,,,,,,,,,,,,,,,,,,,,,,,,,,,,,,,,,,,,2019-02-24 07:08:10+00:00,2019-02-24 07:08:10+00:00,0,12164,88,那覇,2026-10-01T20:50:19.593663
2019,2019022405,2019-02-24 13:00:00+09:00,74763447,710102.0,1,5,オープン戦,7.0,7回表,1,須山,山本貴,津川,橘高,,,1,1,巨人,G,,8,日本ハム,F,,,,,,,2球目:外角低め132キロのカットボールを打つも自打球となりファウル 0-2,2 Tamame: Gaikaku Hikume 132 Kilo no Cut Ball wo Utsu mo Ji Dakyuu to Nari Foul 0-2,,,,,2,,,,,,,,,,,,,,,,,,,,,,,,,,,,,,,,,,,,,,,,,,,,,,,,2019-02-24 07:08:10+00:00,2019-02-24 07:08:10+00:00,0,12164,88,那覇,2026-10-01T20:50:19.593663
2019,2019022405,2019-02-24 13:00:00+09:00,74763448,710103.0,1,5,オープン戦,7.0,7回表,1,須山,山本貴,津川,橘高,,,1,1,巨人,G,,8,日本ハム,F,,,,,,,3球目:外角の変化球に見逃し三振でバッターアウト！ 1アウト,3 Tamame: Gaikaku no Henka Kyuu ni Minogashi Sanshin de Batter Out! 1 Out,,,,,3,,,,,,,,,,,,,,,,,,,,,,,,,,,,,,,,,,,,,,,,,,,,,,,,2019-02-24 07:08:10+00:00,2019-02-24 07:08:10+00:00,0,12164,88,那覇,2026-10-01T20:50:19.593663
2019,2019022405,2019-02-24 13:00:00+09:00,74763449,710200.0,1,5,オープン戦,7.0,7回表,2,須山,山本貴,津川,橘高,,,1,1,巨人,G,,8,日本ハム,F,,,,,,,＜9番：中島卓也＞一死走者なし,<9 Ban: Nakajima Takuya> Ichi Shi Sousha Nashi,,,,,0,,,,,,,,,,,,,,,,,,,,,,,,,,,,,,,,,,,,,,,,,,,,,,,,2019-02-24 07:08:10+00:00,2019-02-24 07:08:10+00:00,0,12164,88,那覇,2026-10-01T20:50:19.593663
2019,2019022405,2019-02-24 13:00:00+09:00,74763450,710201.0,1,5,オープン戦,7.0,7回表,2,須山,山本貴,津川,橘高,,,1,1,巨人,G,,8,日本ハム,F,,,,,,,1球目:内角低めのストレートを見逃してボール 1-0,1 Tamame: Naikaku Hikume no Straight wo Minogashite Ball 1-0,,,,,1,,,,,,,,,,,,,,,,,,,,,,,,,,,,,,,,,,,,,,,,,,,,,,,,2019-02-24 07:08:10+00:00,2019-02-24 07:08:10+00:00,0,12164,88,那覇,2026-10-01T20:50:19.593663
2019,2019022405,2019-02-24 13:00:00+09:00,74763451,710202.0,1,5,オープン戦,7.0,7回表,2,須山,山本貴,津川,橘高,,,1,1,巨人,G,,8,日本ハム,F,,,,,,,2球目:内角低めのスライダーを空振りストライク 1-1,2 Tamame: Naikaku Hikume no Slider wo Karaburi Strike 1-1,,,,,2,,,,,,,,,,,,,,,,,,,,,,,,,,,,,,,,,,,,,,,,,,,,,,,,2019-02-24 07:08:10+00:00,2019-02-24 07:08:10+00:00,0,12164,88,那覇,2026-10-01T20:50:19.593663
2019,2019022405,2019-02-24 13:00:00+09:00,74763452,710203.0,1,5,オープン戦,7.0,7回表,2,須山,山本貴,津川,橘高,,,1,1,巨人,G,,8,日本ハム,F,,,,,,,3球目:低めの変化球を打ってファウル 1-2,3 Tamame: Hikume no Henka Kyuu wo Utte Foul 1-2,,,,,3,,,,,,,,,,,,,,,,,,,,,,,,,,,,,,,,,,,,,,,,,,,,,,,,2019-02-24 07:08:10+00:00,2019-02-24 07:08:10+00:00,0,12164,88,那覇,2026-10-01T20:50:19.593663
2019,2019022405,2019-02-24 13:00:00+09:00,74763453,710204.0,1,5,オープン戦,7.0,7回表,2,須山,山本貴,津川,橘高,,,1,1,巨人,G,,8,日本ハム,F,,,,,,,4球目:ワンバウンドのカットボールを見逃してボール 2-2,4 Tamame: One Bound no Cut Ball wo Minogashite Ball 2-2,,,,,4,,,,,,,,,,,,,,,,,,,,,,,,,,,,,,,,,,,,,,,,,,,,,,,,2019-02-24 07:08:10+00:00,2019-02-24 07:08:10+00:00,0,12164,88,那覇,2026-10-01T20:50:19.593663
2019,2019022405,2019-02-24 13:00:00+09:00,74763454,710205.0,1,5,オープン戦,7.0,7回表,2,須山,山本貴,津川,橘高,,,1,1,巨人,G,,8,日本ハム,F,,,,,,,5球目:低めのカーブを打ってファウル 2-2,5 Tamame: Hikume no Curve wo Utte Foul 2-2,,,,,5,,,,,,,,,,,,,,,,,,,,,,,,,,,,,,,,,,,,,,,,,,,,,,,,2019-02-24 07:08:10+00:00,2019-02-24 07:08:10+00:00,0,12164,88,那覇,2026-10-01T20:50:19.593663
2019,2019022405,2019-02-24 13:00:00+09:00,74763455,710206.0,1,5,オープン戦,7.0,7回表,2,須山,山本貴,津川,橘高,,,1,1,巨人,G,,8,日本ハム,F,,,,,,,6球目:外角高めのストレートを見逃してボール 3-2,6 Tamame: Gaikaku Takame no Straight wo Minogashite Ball 3-2,,,,,6,,,,,,,,,,,,,,,,,,,,,,,,,,,,,,,,,,,,,,,,,,,,,,,,2019-02-24 07:08:10+00:00,2019-02-24 07:08:10+00:00,0,12164,88,那覇,2026-10-01T20:50:19.593663
2019,2019022405,2019-02-24 13:00:00+09:00,74763456,710207.0,1,5,オープン戦,7.0,7回表,2,須山,山本貴,津川,橘高,,,1,1,巨人,G,,8,日本ハム,F,,,,,,,7球目:この球も粘ってファウル 3-2,7 Tamame: Kono Tama mo Nebatte Foul 3-2,,,,,7,,,,,,,,,,,,,,,,,,,,,,,,,,,,,,,,,,,,,,,,,,,,,,,,2019-02-24 07:08:10+00:00,2019-02-24 07:08:10+00:00,0,12164,88,那覇,2026-10-01T20:50:19.593663
2019,2019022405,2019-02-24 13:00:00+09:00,74763457,710208.0,1,5,オープン戦,7.0,7回表,2,須山,山本貴,津川,橘高,,,1,1,巨人,G,,8,日本ハム,F,,,,,,,8球目:セカンドゴロ 2アウト,8 Tamame: Sekando Grounder 2 Out,,,,,8,,,,,,,,,,,,,,,,,,,,,,,,,,,,,,,,,,,,,,,,,,,,,,,,2019-02-24 07:08:10+00:00,2019-02-24 07:08:10+00:00,0,12164,88,那覇,2026-10-01T20:50:19.593663
2019,2019022405,2019-02-24 13:00:00+09:00,74763458,710300.0,1,5,オープン戦,7.0,7回表,3,須山,山本貴,津川,橘高,,,1,1,巨人,G,,8,日本ハム,F,,,,,,,＜1番：大田＞二死走者なし,<1 Ban: Oota> Ni Shi Sousha Nashi,,,,,0,,,,,,,,,,,,,,,,,,,,,,,,,,,,,,,,,,,,,,,,,,,,,,,,2019-02-24 07:08:10+00:00,2019-02-24 07:08:10+00:00,0,12164,88,那覇,2026-10-01T20:50:19.593663
2019,2019022405,2019-02-24 13:00:00+09:00,74763459,710301.0,1,5,オープン戦,7.0,7回表,3,須山,山本貴,津川,橘高,,,1,1,巨人,G,,8,日本ハム,F,,,,,,,1球目:外角のカーブを見逃してストライク 0-1,1 Tamame: Gaikaku no Curve wo Minogashite Strike 0-1,,,,,1,,,,,,,,,,,,,,,,,,,,,,,,,,,,,,,,,,,,,,,,,,,,,,,,2019-02-24 07:08:10+00:00,2019-02-24 07:08:10+00:00,0,12164,88,那覇,2026-10-01T20:50:19.593663
2019,2019022405,2019-02-24 13:00:00+09:00,74763460,710302.0,1,5,オープン戦,7.0,7回表,3,須山,山本貴,津川,橘高,,,1,1,巨人,G,,8,日本ハム,F,,,,,,,2球目:内角低めのカーブを見逃してボール 1-1,2 Tamame: Naikaku Hikume no Curve wo Minogashite Ball 1-1,,,,,2,,,,,,,,,,,,,,,,,,,,,,,,,,,,,,,,,,,,,,,,,,,,,,,,2019-02-24 07:08:10+00:00,2019-02-24 07:08:10+00:00,0,12164,88,那覇,2026-10-01T20:50:19.593663
2019,2019022405,2019-02-24 13:00:00+09:00,74763461,710303.0,1,5,オープン戦,7.0,7回表,3,須山,山本貴,津川,橘高,,,1,1,巨人,G,,8,日本ハム,F,,,,,,,3球目:低めのストレートを打つもサードゴロ 3アウトチェンジ,3 Tamame: Hikume no Straight wo Utsu mo Third Grounder 3 Out Change,,,,,3,,,,,,,,,,,,,,,,,,,,,,,,,,,,,,,,,,,,,,,,,,,,,,,,2019-02-24 07:08:10+00:00,2019-02-24 07:08:10+00:00,0,12164,88,那覇,2026-10-01T20:50:19.593663
2019,2019022405,2019-02-24 13:00:00+09:00,74763462,720100.0,1,5,オープン戦,7.0,7回裏,1,須山,山本貴,津川,橘高,,,1,1,巨人,G,,8,日本ハム,F,,,,,,,7回裏 巨0-1日　巨人は3番坂本勇からの攻撃,7 Kai Ura Kyo 0-1ka Kyojin wa 3 Ban Sakamoto Isamu kara no Kougeki,,,,,0,,,,,,,,,,,,,,,,,,,,,,,,,,,,,,,,,,,,,,,,,,,,,,,,2019-02-24 07:08:10+00:00,2019-02-24 07:08:10+00:00,0,12164,88,那覇,2026-10-01T20:50:19.593663
2019,2019022405,2019-02-24 13:00:00+09:00,74763463,720100.0,1,5,オープン戦,7.0,7回裏,1,須山,山本貴,津川,橘高,,,1,1,巨人,G,,8,日本ハム,F,,,,,,,守備交代:キャッチャー郡,Shubi Koutai: Catcher Gun,,,,,0,,,,,,,,,,,,,,,,,,,,,,,,,,,,,,,,,,,,,,,,,,,,,,,,2019-02-24 07:08:10+00:00,2019-02-24 07:08:10+00:00,0,12164,88,那覇,2026-10-01T20:50:19.593663
2019,2019022405,2019-02-24 13:00:00+09:00,74763464,720100.0,1,5,オープン戦,7.0,7回裏,1,須山,山本貴,津川,橘高,,,1,1,巨人,G,,8,日本ハム,F,,,,,,,＜3番：坂本勇＞無死走者なし,<3 Ban: Sakamoto Isamu> Mushi Sousha Nashi,,,,,0,,,,,,,,,,,,,,,,,,,,,,,,,,,,,,,,,,,,,,,,,,,,,,,,2019-02-24 07:08:10+00:00,2019-02-24 07:08:10+00:00,0,12164,88,那覇,2026-10-01T20:50:19.593663
2019,2019022405,2019-02-24 13:00:00+09:00,74763465,720101.0,1,5,オープン戦,7.0,7回裏,1,須山,山本貴,津川,橘高,,,1,1,巨人,G,,8,日本ハム,F,,,,,,,1球目:内角高めのツーシームを打つもライトフライ 1アウト,1 Tamame: Naikaku Takame no Two Seam wo Utsu mo Raito Fly 1 Out,,,,,1,,,,,,,,,,,,,,,,,,,,,,,,,,,,,,,,,,,,,,,,,,,,,,,,2019-02-24 07:08:10+00:00,2019-02-24 07:08:10+00:00,0,12164,88,那覇,2026-10-01T20:50:19.593663
2019,2019022405,2019-02-24 13:00:00+09:00,74763466,720200.0,1,5,オープン戦,7.0,7回裏,2,須山,山本貴,津川,橘高,,,1,1,巨人,G,,8,日本ハム,F,,,,,,,＜4番：ゲレーロ＞一死走者なし,<4 Ban: Gereero> Ichi Shi Sousha Nashi,,,,,0,,,,,,,,,,,,,,,,,,,,,,,,,,,,,,,,,,,,,,,,,,,,,,,,2019-02-24 07:08:10+00:00,2019-02-24 07:08:10+00:00,0,12164,88,那覇,2026-10-01T20:50:19.593663
2019,2019022405,2019-02-24 13:00:00+09:00,74763467,720201.0,1,5,オープン戦,7.0,7回裏,2,須山,山本貴,津川,橘高,,,1,1,巨人,G,,8,日本ハム,F,,,,,,,1球目:外角低めのツーシームを見逃してボール 1-0,1 Tamame: Gaikaku Hikume no Two Seam wo Minogashite Ball 1-0,,,,,1,,,,,,,,,,,,,,,,,,,,,,,,,,,,,,,,,,,,,,,,,,,,,,,,2019-02-24 07:08:10+00:00,2019-02-24 07:08:10+00:00,0,12164,88,那覇,2026-10-01T20:50:19.593663
2019,2019022405,2019-02-24 13:00:00+09:00,74763468,720202.0,1,5,オープン戦,7.0,7回裏,2,須山,山本貴,津川,橘高,,,1,1,巨人,G,,8,日本ハム,F,,,,,,,2球目:ファウルフライを清宮(一)がつかんでバッターアウト 2アウト,2 Tamame: Foul Fly wo Seimiya (Ichi) ga Tsukande Batter Out 2 Out,,,,,2,,,,,,,,,,,,,,,,,,,,,,,,,,,,,,,,,,,,,,,,,,,,,,,,2019-02-24 07:08:10+00:00,2019-02-24 07:08:10+00:00,0,12164,88,那覇,2026-10-01T20:50:19.593663
2019,2019022405,2019-02-24 13:00:00+09:00,74763469,720300.0,1,5,オープン戦,7.0,7回裏,3,須山,山本貴,津川,橘高,,,1,1,巨人,G,,8,日本ハム,F,,,,,,,＜5番：吉川大＞二死走者なし,<5 Ban: Yoshikawa Dai> Ni Shi Sousha Nashi,,,,,0,,,,,,,,,,,,,,,,,,,,,,,,,,,,,,,,,,,,,,,,,,,,,,,,2019-02-24 07:08:10+00:00,2019-02-24 07:08:10+00:00,0,12164,88,那覇,2026-10-01T20:50:19.593663
2019,2019022405,2019-02-24 13:00:00+09:00,74763470,720301.0,1,5,オープン戦,7.0,7回裏,3,須山,山本貴,津川,橘高,,,1,1,巨人,G,,8,日本ハム,F,,,,,,,1球目:外角高め147キロのツーシームを見逃してストライク 0-1,1 Tamame: Gaikaku Takame 147 Kilo no Two Seam wo Minogashite Strike 0-1,,,,,1,,,,,,,,,,,,,,,,,,,,,,,,,,,,,,,,,,,,,,,,,,,,,,,,2019-02-24 07:08:10+00:00,2019-02-24 07:08:10+00:00,0,12164,88,那覇,2026-10-01T20:50:19.593663
2019,2019022405,2019-02-24 13:00:00+09:00,74763471,720302.0,1,5,オープン戦,7.0,7回裏,3,須山,山本貴,津川,橘高,,,1,1,巨人,G,,8,日本ハム,F,,,,,,,2球目:外角のナックルカーブを見逃してストライク 0-2,2 Tamame: Gaikaku no Knuckle Curve wo Minogashite Strike 0-2,,,,,2,,,,,,,,,,,,,,,,,,,,,,,,,,,,,,,,,,,,,,,,,,,,,,,,2019-02-24 07:08:10+00:00,2019-02-24 07:08:10+00:00,0,12164,88,那覇,2026-10-01T20:50:19.593663
2019,2019022405,2019-02-24 13:00:00+09:00,74763472,720303.0,1,5,オープン戦,7.0,7回裏,3,須山,山本貴,津川,橘高,,,1,1,巨人,G,,8,日本ハム,F,,,,,,,3球目:ワンバウンドのナックルカーブを見逃してボール 1-2,3 Tamame: One Bound no Knuckle Curve wo Minogashite Ball 1-2,,,,,3,,,,,,,,,,,,,,,,,,,,,,,,,,,,,,,,,,,,,,,,,,,,,,,,2019-02-24 07:08:10+00:00,2019-02-24 07:08:10+00:00,0,12164,88,那覇,2026-10-01T20:50:19.593663
2019,2019022405,2019-02-24 13:00:00+09:00,74763473,720304.0,1,5,オープン戦,7.0,7回裏,3,須山,山本貴,津川,橘高,,,1,1,巨人,G,,8,日本ハム,F,,,,,,,4球目:一度もバットを振ることなく見逃し三振でバッターアウト！ 3アウトチェンジ,4 Tamame: Ichi Do mo Batto wo Furu Koto Naku Minogashi Sanshin de Batter Out! 3 Out Change,,,,,4,,,,,,,,,,,,,,,,,,,,,,,,,,,,,,,,,,,,,,,,,,,,,,,,2019-02-24 07:08:10+00:00,2019-02-24 07:08:10+00:00,0,12164,88,那覇,2026-10-01T20:50:19.593663
2019,2019022405,2019-02-24 13:00:00+09:00,74763474,810100.0,1,5,オープン戦,8.0,8回表,1,須山,山本貴,津川,橘高,,,1,1,巨人,G,,8,日本ハム,F,,,,,,,8回表 巨0-1日　日本ハムは2番横尾からの攻撃,8 Kai Hyou Kyo 0-1ka Nippon Ham wa 2 Ban Yokoo kara no Kougeki,,,,,0,,,,,,,,,,,,,,,,,,,,,,,,,,,,,,,,,,,,,,,,,,,,,,,,2019-02-24 07:08:10+00:00,2019-02-24 07:08:10+00:00,0,12164,88,那覇,2026-10-01T20:50:19.593663
2019,2019022405,2019-02-24 13:00:00+09:00,74763475,810100.0,1,5,オープン戦,8.0,8回表,1,須山,山本貴,津川,橘高,,,1,1,巨人,G,,8,日本ハム,F,,,,,,,投手交代:桜井→澤村　守備交代:レフト石川,Toushu Koutai: Sakurai Sawamura Shubi Koutai: Left Ishikawa,,,,,0,,,,,,,,,,,,,,,,,,,,,,,,,,,,,,,,,,,,,,,,,,,,,,,,2019-02-24 07:08:10+00:00,2019-02-24 07:08:10+00:00,0,12164,88,那覇,2026-10-01T20:50:19.593663
2019,2019022405,2019-02-24 13:00:00+09:00,74763476,810100.0,1,5,オープン戦,8.0,8回表,1,須山,山本貴,津川,橘高,,,1,1,巨人,G,,8,日本ハム,F,,,,,,,＜2番：横尾＞無死走者なし,<2 Ban: Yokoo> Mushi Sousha Nashi,,,,,0,,,,,,,,,,,,,,,,,,,,,,,,,,,,,,,,,,,,,,,,,,,,,,,,2019-02-24 07:08:10+00:00,2019-02-24 07:08:10+00:00,0,12164,88,那覇,2026-10-01T20:50:19.593663
2019,2019022405,2019-02-24 13:00:00+09:00,74763477,810101.0,1,5,オープン戦,8.0,8回表,1,須山,山本貴,津川,橘高,,,1,1,巨人,G,,8,日本ハム,F,,,,,,,1球目:外角低め132キロのスライダーを見逃してボール 1-0,1 Tamame: Gaikaku Hikume 132 Kilo no Slider wo Minogashite Ball 1-0,,,,,1,,,,,,,,,,,,,,,,,,,,,,,,,,,,,,,,,,,,,,,,,,,,,,,,2019-02-24 07:08:10+00:00,2019-02-24 07:08:10+00:00,0,12164,88,那覇,2026-10-01T20:50:19.593663
2019,2019022405,2019-02-24 13:00:00+09:00,74763478,810102.0,1,5,オープン戦,8.0,8回表,1,須山,山本貴,津川,橘高,,,1,1,巨人,G,,8,日本ハム,F,,,,,,,2球目:カウント1-0からレフトスタンドへのホームラン 巨0-2日,2 Tamame: Count 1-0 kara Left Stand e no Home Run Kyo 0-2ka,,,,,2,,,,,,,,,,,,,,,,,,,,,,,,,,,,,,,,,,,,,,,,,,,,,,,,2019-02-24 07:08:10+00:00,2019-02-24 07:08:10+00:00,0,12164,88,那覇,2026-10-01T20:50:19.593663
2019,2019022405,2019-02-24 13:00:00+09:00,74763479,810200.0,1,5,オープン戦,8.0,8回表,2,須山,山本貴,津川,橘高,,,1,1,巨人,G,,8,日本ハム,F,,,,,,,＜3番：西川＞無死走者なし,<3 Ban: Nishikawa> Mushi Sousha Nashi,,,,,0,,,,,,,,,,,,,,,,,,,,,,,,,,,,,,,,,,,,,,,,,,,,,,,,2019-02-24 07:08:10+00:00,2019-02-24 07:08:10+00:00,0,12164,88,那覇,2026-10-01T20:50:19.593663
2019,2019022405,2019-02-24 13:00:00+09:00,74763480,810201.0,1,5,オープン戦,8.0,8回表,2,須山,山本貴,津川,橘高,,,1,1,巨人,G,,8,日本ハム,F,,,,,,,1球目:甘い球を見逃してストライク 0-1,1 Tamame: Amai Tama wo Minogashite Strike 0-1,,,,,1,,,,,,,,,,,,,,,,,,,,,,,,,,,,,,,,,,,,,,,,,,,,,,,,2019-02-24 07:08:10+00:00,2019-02-24 07:08:10+00:00,0,12164,88,那覇,2026-10-01T20:50:19.593663
2019,2019022405,2019-02-24 13:00:00+09:00,74763481,810202.0,1,5,オープン戦,8.0,8回表,2,須山,山本貴,津川,橘高,,,1,1,巨人,G,,8,日本ハム,F,,,,,,,2球目:ワンバウンドのスプリットを見逃してボール 1-1,2 Tamame: One Bound no Split wo Minogashite Ball 1-1,,,,,2,,,,,,,,,,,,,,,,,,,,,,,,,,,,,,,,,,,,,,,,,,,,,,,,2019-02-24 07:08:10+00:00,2019-02-24 07:08:10+00:00,0,12164,88,那覇,2026-10-01T20:50:19.593663
2019,2019022405,2019-02-24 13:00:00+09:00,74763482,810203.0,1,5,オープン戦,8.0,8回表,2,須山,山本貴,津川,橘高,,,1,1,巨人,G,,8,日本ハム,F,,,,,,,3球目:低めのストレートを見逃してストライク 1-2,3 Tamame: Hikume no Straight wo Minogashite Strike 1-2,,,,,3,,,,,,,,,,,,,,,,,,,,,,,,,,,,,,,,,,,,,,,,,,,,,,,,2019-02-24 07:08:10+00:00,2019-02-24 07:08:10+00:00,0,12164,88,那覇,2026-10-01T20:50:19.593663
2019,2019022405,2019-02-24 13:00:00+09:00,74763483,810204.0,1,5,オープン戦,8.0,8回表,2,須山,山本貴,津川,橘高,,,1,1,巨人,G,,8,日本ハム,F,,,,,,,4球目:外角低めのストレートを見逃してボール 2-2,4 Tamame: Gaikaku Hikume no Straight wo Minogashite Ball 2-2,,,,,4,,,,,,,,,,,,,,,,,,,,,,,,,,,,,,,,,,,,,,,,,,,,,,,,2019-02-24 07:08:10+00:00,2019-02-24 07:08:10+00:00,0,12164,88,那覇,2026-10-01T20:50:19.593663
2019,2019022405,2019-02-24 13:00:00+09:00,74763484,810205.0,1,5,オープン戦,8.0,8回表,2,須山,山本貴,津川,橘高,,,1,1,巨人,G,,8,日本ハム,F,,,,,,,5球目:外角高めのスプリットを見逃してボール 3-2,5 Tamame: Gaikaku Takame no Split wo Minogashite Ball 3-2,,,,,5,,,,,,,,,,,,,,,,,,,,,,,,,,,,,,,,,,,,,,,,,,,,,,,,2019-02-24 07:08:10+00:00,2019-02-24 07:08:10+00:00,0,12164,88,那覇,2026-10-01T20:50:19.593663
2019,2019022405,2019-02-24 13:00:00+09:00,74763485,810206.0,1,5,オープン戦,8.0,8回表,2,須山,山本貴,津川,橘高,,,1,1,巨人,G,,8,日本ハム,F,,,,,,,6球目:一度もバットを振ることなくフォアボールを選ぶ 1塁,6 Tamame: Ichi Do mo Batto wo Furu Koto Naku Four Ball wo Erabu 1 Rui,,,,,6,,,,,,,,,,,,,,,,,,,,,,,,,,,,,,,,,,,,,,,,,,,,,,,,2019-02-24 07:08:10+00:00,2019-02-24 07:08:10+00:00,0,12164,88,那覇,2026-10-01T20:50:19.593663
2019,2019022405,2019-02-24 13:00:00+09:00,74763486,810300.0,1,5,オープン戦,8.0,8回表,3,須山,山本貴,津川,橘高,,,1,1,巨人,G,,8,日本ハム,F,,,,,,,1塁西川→代走:杉谷,1 Rui Nishikawa Daisou: Sugitani,,,,,0,,,,,,,,,,,,,,,,,,,,,,,,,,,,,,,,,,,,,,,,,,,,,,,,2019-02-24 07:08:10+00:00,2019-02-24 07:08:10+00:00,0,12164,88,那覇,2026-10-01T20:50:19.593663
2019,2019022405,2019-02-24 13:00:00+09:00,74763487,810300.0,1,5,オープン戦,8.0,8回表,3,須山,山本貴,津川,橘高,,,1,1,巨人,G,,8,日本ハム,F,,,,,,,＜4番：松本＞無死1塁,<4 Ban: Matsumoto> Mushi 1 Rui,,,,,0,,,,,,,,,,,,,,,,,,,,,,,,,,,,,,,,,,,,,,,,,,,,,,,,2019-02-24 07:08:10+00:00,2019-02-24 07:08:10+00:00,0,12164,88,那覇,2026-10-01T20:50:19.593663
2019,2019022405,2019-02-24 13:00:00+09:00,74763488,810301.0,1,5,オープン戦,8.0,8回表,3,須山,山本貴,津川,橘高,,,1,1,巨人,G,,8,日本ハム,F,,,,,,,1球目:低め143キロのストレートを見逃してストライク 0-1,1 Tamame: Hikume 143 Kilo no Straight wo Minogashite Strike 0-1,,,,,1,,,,,,,,,,,,,,,,,,,,,,,,,,,,,,,,,,,,,,,,,,,,,,,,2019-02-24 07:08:10+00:00,2019-02-24 07:08:10+00:00,0,12164,88,那覇,2026-10-01T20:50:19.593663
2019,2019022405,2019-02-24 13:00:00+09:00,74763489,810302.0,1,5,オープン戦,8.0,8回表,3,須山,山本貴,津川,橘高,,,1,1,巨人,G,,8,日本ハム,F,,,,,,,2球目:外角の落ちる球を打つもセカンドフライ 1アウト,2 Tamame: Gaikaku no Ochiru Tama wo Utsu mo Sekando Fly 1 Out,,,,,2,,,,,,,,,,,,,,,,,,,,,,,,,,,,,,,,,,,,,,,,,,,,,,,,2019-02-24 07:08:10+00:00,2019-02-24 07:08:10+00:00,0,12164,88,那覇,2026-10-01T20:50:19.593663
2019,2019022405,2019-02-24 13:00:00+09:00,74763490,810400.0,1,5,オープン戦,8.0,8回表,4,須山,山本貴,津川,橘高,,,1,1,巨人,G,,8,日本ハム,F,,,,,,,＜5番：近藤＞一死1塁,<5 Ban: Kondou> Ichi Shi 1 Rui,,,,,0,,,,,,,,,,,,,,,,,,,,,,,,,,,,,,,,,,,,,,,,,,,,,,,,2019-02-24 07:08:10+00:00,2019-02-24 07:08:10+00:00,0,12164,88,那覇,2026-10-01T20:50:19.593663
2019,2019022405,2019-02-24 13:00:00+09:00,74763491,810401.0,1,5,オープン戦,8.0,8回表,4,須山,山本貴,津川,橘高,,,1,1,巨人,G,,8,日本ハム,F,,,,,,,1球目:外角のストレートを見逃してストライク 0-1,1 Tamame: Gaikaku no Straight wo Minogashite Strike 0-1,,,,,1,,,,,,,,,,,,,,,,,,,,,,,,,,,,,,,,,,,,,,,,,,,,,,,,2019-02-24 07:08:10+00:00,2019-02-24 07:08:10+00:00,0,12164,88,那覇,2026-10-01T20:50:19.593663
2019,2019022405,2019-02-24 13:00:00+09:00,74763492,810400.0,1,5,オープン戦,8.0,8回表,4,須山,山本貴,津川,橘高,,,1,1,巨人,G,,8,日本ハム,F,,,,,,,一塁走者杉谷:盗塁を試みるもアウト 2アウト,Ichirui Sousha Sugitani: Tourui wo Kokoromiru mo Out 2 Out,,,,,0,,,,,,,,,,,,,,,,,,,,,,,,,,,,,,,,,,,,,,,,,,,,,,,,2019-02-24 07:08:10+00:00,2019-02-24 07:08:10+00:00,0,12164,88,那覇,2026-10-01T20:50:19.593663
2019,2019022405,2019-02-24 13:00:00+09:00,74763493,810402.0,1,5,オープン戦,8.0,8回表,4,須山,山本貴,津川,橘高,,,1,1,巨人,G,,8,日本ハム,F,,,,,,,2球目:外角低め135キロのスプリットを見逃してボール 1-1,2 Tamame: Gaikaku Hikume 135 Kilo no Split wo Minogashite Ball 1-1,,,,,2,,,,,,,,,,,,,,,,,,,,,,,,,,,,,,,,,,,,,,,,,,,,,,,,2019-02-24 07:08:10+00:00,2019-02-24 07:08:10+00:00,0,12164,88,那覇,2026-10-01T20:50:19.593663
2019,2019022405,2019-02-24 13:00:00+09:00,74763494,810403.0,1,5,オープン戦,8.0,8回表,4,須山,山本貴,津川,橘高,,,1,1,巨人,G,,8,日本ハム,F,,,,,,,3球目:外角高め140キロのスプリットを見逃してボール 2-1,3 Tamame: Gaikaku Takame 140 Kilo no Split wo Minogashite Ball 2-1,,,,,3,,,,,,,,,,,,,,,,,,,,,,,,,,,,,,,,,,,,,,,,,,,,,,,,2019-02-24 07:08:10+00:00,2019-02-24 07:08:10+00:00,0,12164,88,那覇,2026-10-01T20:50:19.593663
2019,2019022405,2019-02-24 13:00:00+09:00,74763495,810404.0,1,5,オープン戦,8.0,8回表,4,須山,山本貴,津川,橘高,,,1,1,巨人,G,,8,日本ハム,F,,,,,,,4球目:低めのカットボールを見逃してボール 3-1,4 Tamame: Hikume no Cut Ball wo Minogashite Ball 3-1,,,,,4,,,,,,,,,,,,,,,,,,,,,,,,,,,,,,,,,,,,,,,,,,,,,,,,2019-02-24 07:08:10+00:00,2019-02-24 07:08:10+00:00,0,12164,88,那覇,2026-10-01T20:50:19.593663
2019,2019022405,2019-02-24 13:00:00+09:00,74763496,810405.0,1,5,オープン戦,8.0,8回表,4,須山,山本貴,津川,橘高,,,1,1,巨人,G,,8,日本ハム,F,,,,,,,5球目:一度もバットを振ることなくフォアボールを選ぶ 1塁,5 Tamame: Ichi Do mo Batto wo Furu Koto Naku Four Ball wo Erabu 1 Rui,,,,,5,,,,,,,,,,,,,,,,,,,,,,,,,,,,,,,,,,,,,,,,,,,,,,,,2019-02-24 07:08:10+00:00,2019-02-24 07:08:10+00:00,0,12164,88,那覇,2026-10-01T20:50:19.593663
2019,2019022405,2019-02-24 13:00:00+09:00,74763497,810500.0,1,5,オープン戦,8.0,8回表,5,須山,山本貴,津川,橘高,,,1,1,巨人,G,,8,日本ハム,F,,,,,,,1塁近藤→代走:淺間,1 Rui Kondou Daisou: Asakan,,,,,0,,,,,,,,,,,,,,,,,,,,,,,,,,,,,,,,,,,,,,,,,,,,,,,,2019-02-24 07:08:10+00:00,2019-02-24 07:08:10+00:00,0,12164,88,那覇,2026-10-01T20:50:19.593663
2019,2019022405,2019-02-24 13:00:00+09:00,74763498,810500.0,1,5,オープン戦,8.0,8回表,5,須山,山本貴,津川,橘高,,,1,1,巨人,G,,8,日本ハム,F,,,,,,,＜6番：清宮＞二死1塁,<6 Ban: Suganomiya> Ni Shi 1 Rui,,,,,0,,,,,,,,,,,,,,,,,,,,,,,,,,,,,,,,,,,,,,,,,,,,,,,,2019-02-24 07:08:10+00:00,2019-02-24 07:08:10+00:00,0,12164,88,那覇,2026-10-01T20:50:19.593663
2019,2019022405,2019-02-24 13:00:00+09:00,74763499,810501.0,1,5,オープン戦,8.0,8回表,5,須山,山本貴,津川,橘高,,,1,1,巨人,G,,8,日本ハム,F,,,,,,,1球目:外角144キロのスプリットを空振りストライク 0-1,1 Tamame: Gaikaku 144 Kilo no Split wo Karaburi Strike 0-1,,,,,1,,,,,,,,,,,,,,,,,,,,,,,,,,,,,,,,,,,,,,,,,,,,,,,,2019-02-24 07:08:10+00:00,2019-02-24 07:08:10+00:00,0,12164,88,那覇,2026-10-01T20:50:19.593663
2019,2019022405,2019-02-24 13:00:00+09:00,74763500,810502.0,1,5,オープン戦,8.0,8回表,5,須山,山本貴,津川,橘高,,,1,1,巨人,G,,8,日本ハム,F,,,,,,,2球目:外角の落ちる球を見逃してストライク 0-2,2 Tamame: Gaikaku no Ochiru Tama wo Minogashite Strike 0-2,,,,,2,,,,,,,,,,,,,,,,,,,,,,,,,,,,,,,,,,,,,,,,,,,,,,,,2019-02-24 07:08:10+00:00,2019-02-24 07:08:10+00:00,0,12164,88,那覇,2026-10-01T20:50:19.593663
2019,2019022405,2019-02-24 13:00:00+09:00,74763501,810503.0,1,5,オープン戦,8.0,8回表,5,須山,山本貴,津川,橘高,,,1,1,巨人,G,,8,日本ハム,F,,,,,,,3球目:ワンバウンドした球を空振り三振 3アウトチェンジ,3 Tamame: One Bound Shita Tama wo Karaburi Sanshin 3 Out Change,,,,,3,,,,,,,,,,,,,,,,,,,,,,,,,,,,,,,,,,,,,,,,,,,,,,,,2019-02-24 07:08:10+00:00,2019-02-24 07:08:10+00:00,0,12164,88,那覇,2026-10-01T20:50:19.593663
2019,2019022405,2019-02-24 13:00:00+09:00,74763502,820100.0,1,5,オープン戦,8.0,8回裏,1,須山,山本貴,津川,橘高,,,1,1,巨人,G,,8,日本ハム,F,,,,,,,8回裏 巨0-2日　巨人は6番陽からの攻撃,8 Kai Ura Kyo 0-2ka Kyojin wa 6 Ban Hi kara no Kougeki,,,,,0,,,,,,,,,,,,,,,,,,,,,,,,,,,,,,,,,,,,,,,,,,,,,,,,2019-02-24 07:08:10+00:00,2019-02-24 07:08:10+00:00,0,12164,88,那覇,2026-10-01T20:50:19.593663
2019,2019022405,2019-02-24 13:00:00+09:00,74763503,820100.0,1,5,オープン戦,8.0,8回裏,1,須山,山本貴,津川,橘高,,,1,1,巨人,G,,8,日本ハム,F,,,,,,,守備変更:杉谷→レフト　守備変更:松本レフト→センター　守備変更:淺間→サード,Shubi Henkou: Sugitani Left Shubi Henkou: Matsumoto Left Center Shubi Henkou: Asakan Third,,,,,0,,,,,,,,,,,,,,,,,,,,,,,,,,,,,,,,,,,,,,,,,,,,,,,,2019-02-24 07:08:10+00:00,2019-02-24 07:08:10+00:00,0,12164,88,那覇,2026-10-01T20:50:19.593663
2019,2019022405,2019-02-24 13:00:00+09:00,74763504,820100.0,1,5,オープン戦,8.0,8回裏,1,須山,山本貴,津川,橘高,,,1,1,巨人,G,,8,日本ハム,F,,,,,,,陽→代打:阿部,You Daida: Abe,,,,,0,,,,,,,,,,,,,,,,,,,,,,,,,,,,,,,,,,,,,,,,,,,,,,,,2019-02-24 07:08:10+00:00,2019-02-24 07:08:10+00:00,0,12164,88,那覇,2026-10-01T20:50:19.593663
2019,2019022405,2019-02-24 13:00:00+09:00,74763505,820100.0,1,5,オープン戦,8.0,8回裏,1,須山,山本貴,津川,橘高,,,1,1,巨人,G,,8,日本ハム,F,,,,,,,＜代打：阿部＞無死走者なし,< Daida: Abe> Mushi Sousha Nashi,,,,,0,,,,,,,,,,,,,,,,,,,,,,,,,,,,,,,,,,,,,,,,,,,,,,,,2019-02-24 07:08:10+00:00,2019-02-24 07:08:10+00:00,0,12164,88,那覇,2026-10-01T20:50:19.593663
2019,2019022405,2019-02-24 13:00:00+09:00,74763506,820101.0,1,5,オープン戦,8.0,8回裏,1,須山,山本貴,津川,橘高,,,1,1,巨人,G,,8,日本ハム,F,,,,,,,1球目:高め145キロのツーシームを見逃してボール 1-0,1 Tamame: Takame 145 Kilo no Two Seam wo Minogashite Ball 1-0,,,,,1,,,,,,,,,,,,,,,,,,,,,,,,,,,,,,,,,,,,,,,,,,,,,,,,2019-02-24 07:08:10+00:00,2019-02-24 07:08:10+00:00,0,12164,88,那覇,2026-10-01T20:50:19.593663
2019,2019022405,2019-02-24 13:00:00+09:00,74763507,820102.0,1,5,オープン戦,8.0,8回裏,1,須山,山本貴,津川,橘高,,,1,1,巨人,G,,8,日本ハム,F,,,,,,,2球目:外角低めのチェンジアップを見逃してストライク 1-1,2 Tamame: Gaikaku Hikume no Change Up wo Minogashite Strike 1-1,,,,,2,,,,,,,,,,,,,,,,,,,,,,,,,,,,,,,,,,,,,,,,,,,,,,,,2019-02-24 07:08:10+00:00,2019-02-24 07:08:10+00:00,0,12164,88,那覇,2026-10-01T20:50:19.593663
2019,2019022405,2019-02-24 13:00:00+09:00,74763508,820103.0,1,5,オープン戦,8.0,8回裏,1,須山,山本貴,津川,橘高,,,1,1,巨人,G,,8,日本ハム,F,,,,,,,3球目:高め127キロのナックルカーブを打ってファウル 1-2,3 Tamame: Takame 127 Kilo no Knuckle Curve wo Utte Foul 1-2,,,,,3,,,,,,,,,,,,,,,,,,,,,,,,,,,,,,,,,,,,,,,,,,,,,,,,2019-02-24 07:08:10+00:00,2019-02-24 07:08:10+00:00,0,12164,88,那覇,2026-10-01T20:50:19.593663
2019,2019022405,2019-02-24 13:00:00+09:00,74763509,820104.0,1,5,オープン戦,8.0,8回裏,1,須山,山本貴,津川,橘高,,,1,1,巨人,G,,8,日本ハム,F,,,,,,,4球目:内角高め147キロのツーシームを見逃してボール 2-2,4 Tamame: Naikaku Takame 147 Kilo no Two Seam wo Minogashite Ball 2-2,,,,,4,,,,,,,,,,,,,,,,,,,,,,,,,,,,,,,,,,,,,,,,,,,,,,,,2019-02-24 07:08:10+00:00,2019-02-24 07:08:10+00:00,0,12164,88,那覇,2026-10-01T20:50:19.593663
2019,2019022405,2019-02-24 13:00:00+09:00,74763510,820105.0,1,5,オープン戦,8.0,8回裏,1,須山,山本貴,津川,橘高,,,1,1,巨人,G,,8,日本ハム,F,,,,,,,5球目:空振りの三振を喫する 1アウト,5 Tamame: Karaburi no Sanshin wo Kissuru 1 Out,,,,,5,,,,,,,,,,,,,,,,,,,,,,,,,,,,,,,,,,,,,,,,,,,,,,,,2019-02-24 07:08:10+00:00,2019-02-24 07:08:10+00:00,0,12164,88,那覇,2026-10-01T20:50:19.593663
2019,2019022405,2019-02-24 13:00:00+09:00,74763511,820200.0,1,5,オープン戦,8.0,8回裏,2,須山,山本貴,津川,橘高,,,1,1,巨人,G,,8,日本ハム,F,,,,,,,＜7番：亀井＞一死走者なし,<7 Ban: Kamei> Ichi Shi Sousha Nashi,,,,,0,,,,,,,,,,,,,,,,,,,,,,,,,,,,,,,,,,,,,,,,,,,,,,,,2019-02-24 07:08:10+00:00,2019-02-24 07:08:10+00:00,0,12164,88,那覇,2026-10-01T20:50:19.593663
2019,2019022405,2019-02-24 13:00:00+09:00,74763512,820201.0,1,5,オープン戦,8.0,8回裏,2,須山,山本貴,津川,橘高,,,1,1,巨人,G,,8,日本ハム,F,,,,,,,1球目:セカンドへの内野安打 1塁,1 Tamame: Sekando e no Naiya Anda 1 Rui,,,,,1,,,,,,,,,,,,,,,,,,,,,,,,,,,,,,,,,,,,,,,,,,,,,,,,2019-02-24 07:08:10+00:00,2019-02-24 07:08:10+00:00,0,12164,88,那覇,2026-10-01T20:50:19.593663
2019,2019022405,2019-02-24 13:00:00+09:00,74763513,820300.0,1,5,オープン戦,8.0,8回裏,3,須山,山本貴,津川,橘高,,,1,1,巨人,G,,8,日本ハム,F,,,,,,,＜8番：中島＞一死1塁,<8 Ban: Nakajima> Ichi Shi 1 Rui,,,,,0,,,,,,,,,,,,,,,,,,,,,,,,,,,,,,,,,,,,,,,,,,,,,,,,2019-02-24 07:08:10+00:00,2019-02-24 07:08:10+00:00,0,12164,88,那覇,2026-10-01T20:50:19.593663
2019,2019022405,2019-02-24 13:00:00+09:00,74763514,820301.0,1,5,オープン戦,8.0,8回裏,3,須山,山本貴,津川,橘高,,,1,1,巨人,G,,8,日本ハム,F,,,,,,,1球目:外角高めのツーシームを見逃してボール 1-0,1 Tamame: Gaikaku Takame no Two Seam wo Minogashite Ball 1-0,,,,,1,,,,,,,,,,,,,,,,,,,,,,,,,,,,,,,,,,,,,,,,,,,,,,,,2019-02-24 07:08:10+00:00,2019-02-24 07:08:10+00:00,0,12164,88,那覇,2026-10-01T20:50:19.593663
2019,2019022405,2019-02-24 13:00:00+09:00,74763515,820302.0,1,5,オープン戦,8.0,8回裏,3,須山,山本貴,津川,橘高,,,1,1,巨人,G,,8,日本ハム,F,,,,,,,2球目:高め128キロのナックルカーブを見逃してボール 2-0,2 Tamame: Takame 128 Kilo no Knuckle Curve wo Minogashite Ball 2-0,,,,,2,,,,,,,,,,,,,,,,,,,,,,,,,,,,,,,,,,,,,,,,,,,,,,,,2019-02-24 07:08:10+00:00,2019-02-24 07:08:10+00:00,0,12164,88,那覇,2026-10-01T20:50:19.593663
2019,2019022405,2019-02-24 13:00:00+09:00,74763516,820300.0,1,5,オープン戦,8.0,8回裏,3,須山,山本貴,津川,橘高,,,1,1,巨人,G,,8,日本ハム,F,,,,,,,1塁けん制:ランナー亀井帰塁,1 Rui Kensei: Runner Kamei Kirui,,,,,0,,,,,,,,,,,,,,,,,,,,,,,,,,,,,,,,,,,,,,,,,,,,,,,,2019-02-24 07:08:10+00:00,2019-02-24 07:08:10+00:00,0,12164,88,那覇,2026-10-01T20:50:19.593663
2019,2019022405,2019-02-24 13:00:00+09:00,74763517,820303.0,1,5,オープン戦,8.0,8回裏,3,須山,山本貴,津川,橘高,,,1,1,巨人,G,,8,日本ハム,F,,,,,,,"3球目:レフトへのヒットで出塁 1,2塁","3 Tamame: Left e no Hit de Shutsurui 1,2 Rui",,,,,3,,,,,,,,,,,,,,,,,,,,,,,,,,,,,,,,,,,,,,,,,,,,,,,,2019-02-24 07:08:10+00:00,2019-02-24 07:08:10+00:00,0,12164,88,那覇,2026-10-01T20:50:19.593663
2019,2019022405,2019-02-24 13:00:00+09:00,74763518,820400.0,1,5,オープン戦,8.0,8回裏,4,須山,山本貴,津川,橘高,,,1,1,巨人,G,,8,日本ハム,F,,,,,,,"＜9番：大城＞一死1,2塁","<9 Ban: Ooshiro> Ichi Shi 1,2 Rui",,,,,0,,,,,,,,,,,,,,,,,,,,,,,,,,,,,,,,,,,,,,,,,,,,,,,,2019-02-24 07:08:10+00:00,2019-02-24 07:08:10+00:00,0,12164,88,那覇,2026-10-01T20:50:19.593663
2019,2019022405,2019-02-24 13:00:00+09:00,74763519,820401.0,1,5,オープン戦,8.0,8回裏,4,須山,山本貴,津川,橘高,,,1,1,巨人,G,,8,日本ハム,F,,,,,,,1球目:外角高め145キロのツーシームを見逃してストライク 0-1,1 Tamame: Gaikaku Takame 145 Kilo no Two Seam wo Minogashite Strike 0-1,,,,,1,,,,,,,,,,,,,,,,,,,,,,,,,,,,,,,,,,,,,,,,,,,,,,,,2019-02-24 07:08:10+00:00,2019-02-24 07:08:10+00:00,0,12164,88,那覇,2026-10-01T20:50:19.593663
2019,2019022405,2019-02-24 13:00:00+09:00,74763520,820402.0,1,5,オープン戦,8.0,8回裏,4,須山,山本貴,津川,橘高,,,1,1,巨人,G,,8,日本ハム,F,,,,,,,2球目:内角低め136キロのナックルカーブを見逃してボール 1-1,2 Tamame: Naikaku Hikume 136 Kilo no Knuckle Curve wo Minogashite Ball 1-1,,,,,2,,,,,,,,,,,,,,,,,,,,,,,,,,,,,,,,,,,,,,,,,,,,,,,,2019-02-24 07:08:10+00:00,2019-02-24 07:08:10+00:00,0,12164,88,那覇,2026-10-01T20:50:19.593663
2019,2019022405,2019-02-24 13:00:00+09:00,74763521,820403.0,1,5,オープン戦,8.0,8回裏,4,須山,山本貴,津川,橘高,,,1,1,巨人,G,,8,日本ハム,F,,,,,,,3球目:内角低めのナックルカーブを見逃してボール 2-1,3 Tamame: Naikaku Hikume no Knuckle Curve wo Minogashite Ball 2-1,,,,,3,,,,,,,,,,,,,,,,,,,,,,,,,,,,,,,,,,,,,,,,,,,,,,,,2019-02-24 07:08:10+00:00,2019-02-24 07:08:10+00:00,0,12164,88,那覇,2026-10-01T20:50:19.593663
2019,2019022405,2019-02-24 13:00:00+09:00,74763522,820404.0,1,5,オープン戦,8.0,8回裏,4,須山,山本貴,津川,橘高,,,1,1,巨人,G,,8,日本ハム,F,,,,,,,"4球目:1アウト1,2塁の2-1からレフトスタンドへの３ランホームランで巨人逆転！ 巨3-2日 ","4 Tamame:1 Out 1,2 Rui no 2-1 kara Left Stand e no 3 Run Home Run de Kyojin Gyakuten! Kyo 3-2ka",,,,,4,,,,,,,,,,,,,,,,,,,,,,,,,,,,,,,,,,,,,,,,,,,,,,,,2019-02-24 07:08:10+00:00,2019-02-24 07:08:10+00:00,0,12164,88,那覇,2026-10-01T20:50:19.593663
2019,2019022405,2019-02-24 13:00:00+09:00,74763523,820500.0,1,5,オープン戦,8.0,8回裏,5,須山,山本貴,津川,橘高,,,1,1,巨人,G,,8,日本ハム,F,,,,,,,＜1番：田中俊＞一死走者なし,<1 Ban: Tanaka Shun> Ichi Shi Sousha Nashi,,,,,0,,,,,,,,,,,,,,,,,,,,,,,,,,,,,,,,,,,,,,,,,,,,,,,,2019-02-24 07:08:10+00:00,2019-02-24 07:08:10+00:00,0,12164,88,那覇,2026-10-01T20:50:19.593663
2019,2019022405,2019-02-24 13:00:00+09:00,74763524,820501.0,1,5,オープン戦,8.0,8回裏,5,須山,山本貴,津川,橘高,,,1,1,巨人,G,,8,日本ハム,F,,,,,,,1球目:内角高め144キロのツーシームを見逃してボール 1-0,1 Tamame: Naikaku Takame 144 Kilo no Two Seam wo Minogashite Ball 1-0,,,,,1,,,,,,,,,,,,,,,,,,,,,,,,,,,,,,,,,,,,,,,,,,,,,,,,2019-02-24 07:08:10+00:00,2019-02-24 07:08:10+00:00,0,12164,88,那覇,2026-10-01T20:50:19.593663
2019,2019022405,2019-02-24 13:00:00+09:00,74763525,820502.0,1,5,オープン戦,8.0,8回裏,5,須山,山本貴,津川,橘高,,,1,1,巨人,G,,8,日本ハム,F,,,,,,,2球目:内角低め127キロのナックルカーブを見逃してボール 2-0,2 Tamame: Naikaku Hikume 127 Kilo no Knuckle Curve wo Minogashite Ball 2-0,,,,,2,,,,,,,,,,,,,,,,,,,,,,,,,,,,,,,,,,,,,,,,,,,,,,,,2019-02-24 07:08:10+00:00,2019-02-24 07:08:10+00:00,0,12164,88,那覇,2026-10-01T20:50:19.593663
2019,2019022405,2019-02-24 13:00:00+09:00,74763526,820503.0,1,5,オープン戦,8.0,8回裏,5,須山,山本貴,津川,橘高,,,1,1,巨人,G,,8,日本ハム,F,,,,,,,3球目:外角のツーシームを見逃してストライク 2-1,3 Tamame: Gaikaku no Two Seam wo Minogashite Strike 2-1,,,,,3,,,,,,,,,,,,,,,,,,,,,,,,,,,,,,,,,,,,,,,,,,,,,,,,2019-02-24 07:08:10+00:00,2019-02-24 07:08:10+00:00,0,12164,88,那覇,2026-10-01T20:50:19.593663
2019,2019022405,2019-02-24 13:00:00+09:00,74763527,820504.0,1,5,オープン戦,8.0,8回裏,5,須山,山本貴,津川,橘高,,,1,1,巨人,G,,8,日本ハム,F,,,,,,,4球目:外角の落ちる球を打つもセカンドゴロ 2アウト,4 Tamame: Gaikaku no Ochiru Tama wo Utsu mo Sekando Grounder 2 Out,,,,,4,,,,,,,,,,,,,,,,,,,,,,,,,,,,,,,,,,,,,,,,,,,,,,,,2019-02-24 07:08:10+00:00,2019-02-24 07:08:10+00:00,0,12164,88,那覇,2026-10-01T20:50:19.593663
2019,2019022405,2019-02-24 13:00:00+09:00,74763528,820600.0,1,5,オープン戦,8.0,8回裏,6,須山,山本貴,津川,橘高,,,1,1,巨人,G,,8,日本ハム,F,,,,,,,＜2番：丸＞二死走者なし,<2 Ban: Maru> Ni Shi Sousha Nashi,,,,,0,,,,,,,,,,,,,,,,,,,,,,,,,,,,,,,,,,,,,,,,,,,,,,,,2019-02-24 07:08:10+00:00,2019-02-24 07:08:10+00:00,0,12164,88,那覇,2026-10-01T20:50:19.593663
2019,2019022405,2019-02-24 13:00:00+09:00,74763529,820601.0,1,5,オープン戦,8.0,8回裏,6,須山,山本貴,津川,橘高,,,1,1,巨人,G,,8,日本ハム,F,,,,,,,1球目:外角のナックルカーブを打ちにいくもファウル 0-1,1 Tamame: Gaikaku no Knuckle Curve wo Uchi ni Iku mo Foul 0-1,,,,,1,,,,,,,,,,,,,,,,,,,,,,,,,,,,,,,,,,,,,,,,,,,,,,,,2019-02-24 07:08:10+00:00,2019-02-24 07:08:10+00:00,0,12164,88,那覇,2026-10-01T20:50:19.593663
2019,2019022405,2019-02-24 13:00:00+09:00,74763530,820602.0,1,5,オープン戦,8.0,8回裏,6,須山,山本貴,津川,橘高,,,1,1,巨人,G,,8,日本ハム,F,,,,,,,2球目:内角高め146キロのツーシームを打ってファウル 0-2,2 Tamame: Naikaku Takame 146 Kilo no Two Seam wo Utte Foul 0-2,,,,,2,,,,,,,,,,,,,,,,,,,,,,,,,,,,,,,,,,,,,,,,,,,,,,,,2019-02-24 07:08:10+00:00,2019-02-24 07:08:10+00:00,0,12164,88,那覇,2026-10-01T20:50:19.593663
2019,2019022405,2019-02-24 13:00:00+09:00,74763531,820603.0,1,5,オープン戦,8.0,8回裏,6,須山,山本貴,津川,橘高,,,1,1,巨人,G,,8,日本ハム,F,,,,,,,3球目:レフトへのヒットを放つ 1塁,3 Tamame: Left e no Hit wo Hanatsu 1 Rui,,,,,3,,,,,,,,,,,,,,,,,,,,,,,,,,,,,,,,,,,,,,,,,,,,,,,,2019-02-24 07:08:10+00:00,2019-02-24 07:08:10+00:00,0,12164,88,那覇,2026-10-01T20:50:19.593663
2019,2019022405,2019-02-24 13:00:00+09:00,74763532,820700.0,1,5,オープン戦,8.0,8回裏,7,須山,山本貴,津川,橘高,,,1,1,巨人,G,,8,日本ハム,F,,,,,,,1塁丸→代走:立岡,1 Ruimaru Daisou: Tate Oka,,,,,0,,,,,,,,,,,,,,,,,,,,,,,,,,,,,,,,,,,,,,,,,,,,,,,,2019-02-24 07:08:10+00:00,2019-02-24 07:08:10+00:00,0,12164,88,那覇,2026-10-01T20:50:19.593663
2019,2019022405,2019-02-24 13:00:00+09:00,74763533,820700.0,1,5,オープン戦,8.0,8回裏,7,須山,山本貴,津川,橘高,,,1,1,巨人,G,,8,日本ハム,F,,,,,,,＜3番：坂本勇＞二死1塁,<3 Ban: Sakamoto Isamu> Ni Shi 1 Rui,,,,,0,,,,,,,,,,,,,,,,,,,,,,,,,,,,,,,,,,,,,,,,,,,,,,,,2019-02-24 07:08:10+00:00,2019-02-24 07:08:10+00:00,0,12164,88,那覇,2026-10-01T20:50:19.593663
2019,2019022405,2019-02-24 13:00:00+09:00,74763534,820701.0,1,5,オープン戦,8.0,8回裏,7,須山,山本貴,津川,橘高,,,1,1,巨人,G,,8,日本ハム,F,,,,,,,1球目:外角高め147キロのツーシームを打ちにいくもファウル 0-1,1 Tamame: Gaikaku Takame 147 Kilo no Two Seam wo Uchi ni Iku mo Foul 0-1,,,,,1,,,,,,,,,,,,,,,,,,,,,,,,,,,,,,,,,,,,,,,,,,,,,,,,2019-02-24 07:08:10+00:00,2019-02-24 07:08:10+00:00,0,12164,88,那覇,2026-10-01T20:50:19.593663
2019,2019022405,2019-02-24 13:00:00+09:00,74763535,820702.0,1,5,オープン戦,8.0,8回裏,7,須山,山本貴,津川,橘高,,,1,1,巨人,G,,8,日本ハム,F,,,,,,,2球目:内角低めのナックルカーブを見逃してボール 1-1,2 Tamame: Naikaku Hikume no Knuckle Curve wo Minogashite Ball 1-1,,,,,2,,,,,,,,,,,,,,,,,,,,,,,,,,,,,,,,,,,,,,,,,,,,,,,,2019-02-24 07:08:10+00:00,2019-02-24 07:08:10+00:00,0,12164,88,那覇,2026-10-01T20:50:19.593663
2019,2019022405,2019-02-24 13:00:00+09:00,74763536,820700.0,1,5,オープン戦,8.0,8回裏,7,須山,山本貴,津川,橘高,,,1,1,巨人,G,,8,日本ハム,F,,,,,,,1塁けん制:ランナー立岡帰塁,1 Rui Kensei: Runnerritsu Oka Kirui,,,,,0,,,,,,,,,,,,,,,,,,,,,,,,,,,,,,,,,,,,,,,,,,,,,,,,2019-02-24 07:08:10+00:00,2019-02-24 07:08:10+00:00,0,12164,88,那覇,2026-10-01T20:50:19.593663
2019,2019022405,2019-02-24 13:00:00+09:00,74763537,820700.0,1,5,オープン戦,8.0,8回裏,7,須山,山本貴,津川,橘高,,,1,1,巨人,G,,8,日本ハム,F,,,,,,,ロドリゲス(投):けん制球を悪送球 2塁,Rodriguez (Nage): Ken Seikyuu wo Akusoukyuu 2 Rui,,,,,0,,,,,,,,,,,,,,,,,,,,,,,,,,,,,,,,,,,,,,,,,,,,,,,,2019-02-24 07:08:10+00:00,2019-02-24 07:08:10+00:00,0,12164,88,那覇,2026-10-01T20:50:19.593663
2019,2019022405,2019-02-24 13:00:00+09:00,74763538,820703.0,1,5,オープン戦,8.0,8回裏,7,須山,山本貴,津川,橘高,,,1,1,巨人,G,,8,日本ハム,F,,,,,,,3球目:低めのナックルカーブを打つもレフトフライ 3アウトチェンジ,3 Tamame: Hikume no Knuckle Curve wo Utsu mo Left Fly 3 Out Change,,,,,3,,,,,,,,,,,,,,,,,,,,,,,,,,,,,,,,,,,,,,,,,,,,,,,,2019-02-24 07:08:10+00:00,2019-02-24 07:08:10+00:00,0,12164,88,那覇,2026-10-01T20:50:19.593663
2019,2019022405,2019-02-24 13:00:00+09:00,74763539,910100.0,1,5,オープン戦,9.0,9回表,1,須山,山本貴,津川,橘高,,,1,1,巨人,G,,8,日本ハム,F,,,,,,,9回表 巨3-2日　日本ハムは7番谷内からの攻撃,9 Kai Hyou Kyo 3-2ka Nippon Ham wa 7 Ban Taniuchi kara no Kougeki,,,,,0,,,,,,,,,,,,,,,,,,,,,,,,,,,,,,,,,,,,,,,,,,,,,,,,2019-02-24 07:08:10+00:00,2019-02-24 07:08:10+00:00,0,12164,88,那覇,2026-10-01T20:50:19.593663
2019,2019022405,2019-02-24 13:00:00+09:00,74763540,910100.0,1,5,オープン戦,9.0,9回表,1,須山,山本貴,津川,橘高,,,1,1,巨人,G,,8,日本ハム,F,,,,,,,ピッチャー澤村に代わって大江がマウンドにあがる　守備交代:ショート山本　守備変更:立岡→センター,Pitcher Sawamura ni Kawatte Ooe ga Mound ni Agaru Shubi Koutai: Short Yamamoto Shubi Henkou: RioOka Center,,,,,0,,,,,,,,,,,,,,,,,,,,,,,,,,,,,,,,,,,,,,,,,,,,,,,,2019-02-24 07:08:10+00:00,2019-02-24 07:08:10+00:00,0,12164,88,那覇,2026-10-01T20:50:19.593663
2019,2019022405,2019-02-24 13:00:00+09:00,74763541,910100.0,1,5,オープン戦,9.0,9回表,1,須山,山本貴,津川,橘高,,,1,1,巨人,G,,8,日本ハム,F,,,,,,,＜7番：谷内＞無死走者なし,<7 Ban: Taniuchi> Mushi Sousha Nashi,,,,,0,,,,,,,,,,,,,,,,,,,,,,,,,,,,,,,,,,,,,,,,,,,,,,,,2019-02-24 07:08:10+00:00,2019-02-24 07:08:10+00:00,0,12164,88,那覇,2026-10-01T20:50:19.593663
2019,2019022405,2019-02-24 13:00:00+09:00,74763542,910101.0,1,5,オープン戦,9.0,9回表,1,須山,山本貴,津川,橘高,,,1,1,巨人,G,,8,日本ハム,F,,,,,,,1球目:内角のストレートを見逃してストライク 0-1,1 Tamame: Naikaku no Straight wo Minogashite Strike 0-1,,,,,1,,,,,,,,,,,,,,,,,,,,,,,,,,,,,,,,,,,,,,,,,,,,,,,,2019-02-24 07:08:10+00:00,2019-02-24 07:08:10+00:00,0,12164,88,那覇,2026-10-01T20:50:19.593663
2019,2019022405,2019-02-24 13:00:00+09:00,74763543,910102.0,1,5,オープン戦,9.0,9回表,1,須山,山本貴,津川,橘高,,,1,1,巨人,G,,8,日本ハム,F,,,,,,,2球目:低め118キロのスライダーを空振りストライク 0-2,2 Tamame: Hikume 118 Kilo no Slider wo Karaburi Strike 0-2,,,,,2,,,,,,,,,,,,,,,,,,,,,,,,,,,,,,,,,,,,,,,,,,,,,,,,2019-02-24 07:08:10+00:00,2019-02-24 07:08:10+00:00,0,12164,88,那覇,2026-10-01T20:50:19.593663
2019,2019022405,2019-02-24 13:00:00+09:00,74763544,910103.0,1,5,オープン戦,9.0,9回表,1,須山,山本貴,津川,橘高,,,1,1,巨人,G,,8,日本ハム,F,,,,,,,3球目:内角低め141キロのストレートを見逃してボール 1-2,3 Tamame: Naikaku Hikume 141 Kilo no Straight wo Minogashite Ball 1-2,,,,,3,,,,,,,,,,,,,,,,,,,,,,,,,,,,,,,,,,,,,,,,,,,,,,,,2019-02-24 07:08:10+00:00,2019-02-24 07:08:10+00:00,0,12164,88,那覇,2026-10-01T20:50:19.593663
2019,2019022405,2019-02-24 13:00:00+09:00,74763545,910104.0,1,5,オープン戦,9.0,9回表,1,須山,山本貴,津川,橘高,,,1,1,巨人,G,,8,日本ハム,F,,,,,,,4球目:セカンドゴロ 1アウト,4 Tamame: Sekando Grounder 1 Out,,,,,4,,,,,,,,,,,,,,,,,,,,,,,,,,,,,,,,,,,,,,,,,,,,,,,,2019-02-24 07:08:10+00:00,2019-02-24 07:08:10+00:00,0,12164,88,那覇,2026-10-01T20:50:19.593663
2019,2019022405,2019-02-24 13:00:00+09:00,74763546,910200.0,1,5,オープン戦,9.0,9回表,2,須山,山本貴,津川,橘高,,,1,1,巨人,G,,8,日本ハム,F,,,,,,,＜8番：郡＞一死走者なし,<8 Ban: Gun> Ichi Shi Sousha Nashi,,,,,0,,,,,,,,,,,,,,,,,,,,,,,,,,,,,,,,,,,,,,,,,,,,,,,,2019-02-24 07:08:10+00:00,2019-02-24 07:08:10+00:00,0,12164,88,那覇,2026-10-01T20:50:19.593663
2019,2019022405,2019-02-24 13:00:00+09:00,74763547,910201.0,1,5,オープン戦,9.0,9回表,2,須山,山本貴,津川,橘高,,,1,1,巨人,G,,8,日本ハム,F,,,,,,,1球目:甘いスライダーを見逃してストライク 0-1,1 Tamame: Amai Slider wo Minogashite Strike 0-1,,,,,1,,,,,,,,,,,,,,,,,,,,,,,,,,,,,,,,,,,,,,,,,,,,,,,,2019-02-24 07:08:10+00:00,2019-02-24 07:08:10+00:00,0,12164,88,那覇,2026-10-01T20:50:19.593663
2019,2019022405,2019-02-24 13:00:00+09:00,74763548,910202.0,1,5,オープン戦,9.0,9回表,2,須山,山本貴,津川,橘高,,,1,1,巨人,G,,8,日本ハム,F,,,,,,,2球目:低めの変化球を打つもショートゴロ 2アウト,2 Tamame: Hikume no Henka Kyuu wo Utsu mo Short Grounder 2 Out,,,,,2,,,,,,,,,,,,,,,,,,,,,,,,,,,,,,,,,,,,,,,,,,,,,,,,2019-02-24 07:08:10+00:00,2019-02-24 07:08:10+00:00,0,12164,88,那覇,2026-10-01T20:50:19.593663
2019,2019022405,2019-02-24 13:00:00+09:00,74763549,910300.0,1,5,オープン戦,9.0,9回表,3,須山,山本貴,津川,橘高,,,1,1,巨人,G,,8,日本ハム,F,,,,,,,＜9番：中島卓也＞二死走者なし,<9 Ban: Nakajima Takuya> Ni Shi Sousha Nashi,,,,,0,,,,,,,,,,,,,,,,,,,,,,,,,,,,,,,,,,,,,,,,,,,,,,,,2019-02-24 07:08:10+00:00,2019-02-24 07:08:10+00:00,0,12164,88,那覇,2026-10-01T20:50:19.593663
2019,2019022405,2019-02-24 13:00:00+09:00,74763550,910301.0,1,5,オープン戦,9.0,9回表,3,須山,山本貴,津川,橘高,,,1,1,巨人,G,,8,日本ハム,F,,,,,,,1球目:初球から打ちにいくもファウル 0-1,1 Tamame: Shokyuu kara Uchi ni Iku mo Foul 0-1,,,,,1,,,,,,,,,,,,,,,,,,,,,,,,,,,,,,,,,,,,,,,,,,,,,,,,2019-02-24 07:08:10+00:00,2019-02-24 07:08:10+00:00,0,12164,88,那覇,2026-10-01T20:50:19.593663
2019,2019022405,2019-02-24 13:00:00+09:00,74763551,910302.0,1,5,オープン戦,9.0,9回表,3,須山,山本貴,津川,橘高,,,1,1,巨人,G,,8,日本ハム,F,,,,,,,2球目:外角のストレートを見逃してストライク 0-2,2 Tamame: Gaikaku no Straight wo Minogashite Strike 0-2,,,,,2,,,,,,,,,,,,,,,,,,,,,,,,,,,,,,,,,,,,,,,,,,,,,,,,2019-02-24 07:08:10+00:00,2019-02-24 07:08:10+00:00,0,12164,88,那覇,2026-10-01T20:50:19.593663
2019,2019022405,2019-02-24 13:00:00+09:00,74763552,910303.0,1,5,オープン戦,9.0,9回表,3,須山,山本貴,津川,橘高,,,1,1,巨人,G,,8,日本ハム,F,,,,,,,3球目:一発出れば同点の場面でワンバウンドした球を空振り三振 ゲームセット,3 Tamame: Ichihatsu Dereba Douten no Bamen de One Bound Shita Tama wo Karaburi Sanshin Game Set,,,,,3,,,,,,,,,,,,,,,,,,,,,,,,,,,,,,,,,,,,,,,,,,,,,,,,2019-02-24 07:08:10+00:00,2019-02-24 07:08:10+00:00,0,12164,88,那覇,2026-10-01T20:50:19.593663
2019,2019022405,2019-02-24 13:00:00+09:00,74763553,910300.0,1,5,オープン戦,9.0,9回表,3,須山,山本貴,津川,橘高,,,1,1,巨人,G,,8,日本ハム,F,,,,,,,試合終了,Shiai Shuuryou,,,,,0,,,,,,,,,,,,,,,,,,,,,,,,,,,,,,,,,,,,,,,,,,,,,,,,2019-02-24 07:08:10+00:00,2019-02-24 07:08:10+00:00,0,12164,88,那覇,2026-10-01T20:50:19.593663
2019,2019022403,2019-02-24 13:00:00+09:00,74740795,,1,5,オープン戦,,試合前情報,1,原,土山,白井,真鍋,,,1,4,中日,D,,5,阪神,T,,,,,,,先発ピッチャーは中日が柳、阪神が藤浪,"Senpatsu Pitcher wa Chuunichi ga Yanagi, Hanshin ga Fujinami",,,,,0,,,,,,,,,,,,,,,,,,,,,,,,,,,,,,,,,,,,,,,,,,,,,,,,2019-02-24 06:56:26+00:00,2019-02-24 06:56:26+00:00,0,4145,20,北谷,2026-10-01T20:50:19.593663
2019,2019022403,2019-02-24 13:00:00+09:00,74740796,,1,5,オープン戦,,試合前情報,1,原,土山,白井,真鍋,,,1,4,中日,D,,5,阪神,T,,,,,,,先攻:阪神のスターティングラインナップは1番:上本(二)、2番:鳥谷(遊)、3番:福留(左)、4番:大山(三)、5番:糸原(指)、6番:高山(右)、7番:木浪(一)、8番:梅野(捕)、9番:近本(中),"Senkou: Hanshin no Starting Lineup wa 1 Ban: Uemoto (Ni), 2 Ban: Toritani (Yuu), 3 Ban: Fukutome (Hidari), 4 Ban: Daisen (San), 5 Ban: Itohara (Yubi), 6 Ban: Takayama (Migi), 7 Ban: Mokurou (Ichi), 8 Ban: Umeno (Ho), 9 Ban: Kinhon (Chuu)",,,,,0,,,,,,,,,,,,,,,,,,,,,,,,,,,,,,,,,,,,,,,,,,,,,,,,2019-02-24 06:56:26+00:00,2019-02-24 06:56:26+00:00,0,4145,20,北谷,2026-10-01T20:50:19.593663
2019,2019022403,2019-02-24 13:00:00+09:00,74740797,,1,5,オープン戦,,試合前情報,1,原,土山,白井,真鍋,,,1,4,中日,D,,5,阪神,T,,,,,,,後攻:中日のスターティングラインナップは1番:京田(遊)、2番:亀澤(二)、3番:大島(中)、4番:モヤ(指)、5番:阿部(三)、6番:井領(右)、7番:石川駿(一)、8番:木下拓(捕)、9番:渡辺(左),"Koukou: Chuunichi no Starting Lineup wa 1 Ban: Kyouda (Yuu), 2 Ban: Kamezawa (Ni), 3 Ban: Ooshima (Chuu), 4 Ban: Moya (Yubi), 5 Ban: Abe (San), 6 Ban: Iryou (Migi), 7 Ban: Ishikawa Shun (Ichi), 8 Ban: Kinoshita Taku (Ho), 9 Ban: Watanabe (Hidari)",,,,,0,,,,,,,,,,,,,,,,,,,,,,,,,,,,,,,,,,,,,,,,,,,,,,,,2019-02-24 06:56:26+00:00,2019-02-24 06:56:26+00:00,0,4145,20,北谷,2026-10-01T20:50:19.593663
2019,2019022403,2019-02-24 13:00:00+09:00,74740798,110100.0,1,5,オープン戦,1.0,1回表,1,原,土山,白井,真鍋,,,1,4,中日,D,,5,阪神,T,,,,,,,試合開始 1回表 中0-0神　阪神は1番上本からの攻撃,Shiai Kaishi 1 Kai Hyouchuu 0-0 Shin Hanshin wa 1 Ban Uemoto kara no Kougeki,,,,,0,,,,,,,,,,,,,,,,,,,,,,,,,,,,,,,,,,,,,,,,,,,,,,,,2019-02-24 06:56:26+00:00,2019-02-24 06:56:26+00:00,0,4145,20,北谷,2026-10-01T20:50:19.593663
2019,2019022403,2019-02-24 13:00:00+09:00,74740799,110100.0,1,5,オープン戦,1.0,1回表,1,原,土山,白井,真鍋,,,1,4,中日,D,,5,阪神,T,,,,,,,＜1番：上本＞無死走者なし,<1 Ban: Uemoto> Mushi Sousha Nashi,,,,,0,,,,,,,,,,,,,,,,,,,,,,,,,,,,,,,,,,,,,,,,,,,,,,,,2019-02-24 06:56:26+00:00,2019-02-24 06:56:26+00:00,0,4145,20,北谷,2026-10-01T20:50:19.593663
2019,2019022403,2019-02-24 13:00:00+09:00,74740800,110101.0,1,5,オープン戦,1.0,1回表,1,原,土山,白井,真鍋,,,1,4,中日,D,,5,阪神,T,,,,,,,1球目:外角低めのストレートを見逃してボール 1-0,1 Tamame: Gaikaku Hikume no Straight wo Minogashite Ball 1-0,,,,,1,,,,,,,,,,,,,,,,,,,,,,,,,,,,,,,,,,,,,,,,,,,,,,,,2019-02-24 06:56:26+00:00,2019-02-24 06:56:26+00:00,0,4145,20,北谷,2026-10-01T20:50:19.593663
2019,2019022403,2019-02-24 13:00:00+09:00,74740801,110102.0,1,5,オープン戦,1.0,1回表,1,原,土山,白井,真鍋,,,1,4,中日,D,,5,阪神,T,,,,,,,2球目:外角低めの変化球を見逃してストライク 1-1,2 Tamame: Gaikaku Hikume no Henka Kyuu wo Minogashite Strike 1-1,,,,,2,,,,,,,,,,,,,,,,,,,,,,,,,,,,,,,,,,,,,,,,,,,,,,,,2019-02-24 06:56:26+00:00,2019-02-24 06:56:26+00:00,0,4145,20,北谷,2026-10-01T20:50:19.593663
2019,2019022403,2019-02-24 13:00:00+09:00,74740802,110103.0,1,5,オープン戦,1.0,1回表,1,原,土山,白井,真鍋,,,1,4,中日,D,,5,阪神,T,,,,,,,3球目:サードゴロ 1アウト,3 Tamame: Third Grounder 1 Out,,,,,3,,,,,,,,,,,,,,,,,,,,,,,,,,,,,,,,,,,,,,,,,,,,,,,,2019-02-24 06:56:26+00:00,2019-02-24 06:56:26+00:00,0,4145,20,北谷,2026-10-01T20:50:19.593663
2019,2019022403,2019-02-24 13:00:00+09:00,74740803,110200.0,1,5,オープン戦,1.0,1回表,2,原,土山,白井,真鍋,,,1,4,中日,D,,5,阪神,T,,,,,,,＜2番：鳥谷＞一死走者なし,<2 Ban: Toritani> Ichi Shi Sousha Nashi,,,,,0,,,,,,,,,,,,,,,,,,,,,,,,,,,,,,,,,,,,,,,,,,,,,,,,2019-02-24 06:56:26+00:00,2019-02-24 06:56:26+00:00,0,4145,20,北谷,2026-10-01T20:50:19.593663
2019,2019022403,2019-02-24 13:00:00+09:00,74740804,110201.0,1,5,オープン戦,1.0,1回表,2,原,土山,白井,真鍋,,,1,4,中日,D,,5,阪神,T,,,,,,,1球目:外角低めのストレートを見逃してストライク 0-1,1 Tamame: Gaikaku Hikume no Straight wo Minogashite Strike 0-1,,,,,1,,,,,,,,,,,,,,,,,,,,,,,,,,,,,,,,,,,,,,,,,,,,,,,,2019-02-24 06:56:26+00:00,2019-02-24 06:56:26+00:00,0,4145,20,北谷,2026-10-01T20:50:19.593663
2019,2019022403,2019-02-24 13:00:00+09:00,74740805,110202.0,1,5,オープン戦,1.0,1回表,2,原,土山,白井,真鍋,,,1,4,中日,D,,5,阪神,T,,,,,,,2球目:際どいコースのストレートを見逃してボール 1-1,2 Tamame: Kiwadoi Course no Straight wo Minogashite Ball 1-1,,,,,2,,,,,,,,,,,,,,,,,,,,,,,,,,,,,,,,,,,,,,,,,,,,,,,,2019-02-24 06:56:26+00:00,2019-02-24 06:56:26+00:00,0,4145,20,北谷,2026-10-01T20:50:19.593663
2019,2019022403,2019-02-24 13:00:00+09:00,74740806,110203.0,1,5,オープン戦,1.0,1回表,2,原,土山,白井,真鍋,,,1,4,中日,D,,5,阪神,T,,,,,,,3球目:ファーストゴロ 2アウト,3 Tamame: First Grounder 2 Out,,,,,3,,,,,,,,,,,,,,,,,,,,,,,,,,,,,,,,,,,,,,,,,,,,,,,,2019-02-24 06:56:26+00:00,2019-02-24 06:56:26+00:00,0,4145,20,北谷,2026-10-01T20:50:19.593663
2019,2019022403,2019-02-24 13:00:00+09:00,74740807,110300.0,1,5,オープン戦,1.0,1回表,3,原,土山,白井,真鍋,,,1,4,中日,D,,5,阪神,T,,,,,,,＜3番：福留＞二死走者なし,<3 Ban: Fukutome> Ni Shi Sousha Nashi,,,,,0,,,,,,,,,,,,,,,,,,,,,,,,,,,,,,,,,,,,,,,,,,,,,,,,2019-02-24 06:56:26+00:00,2019-02-24 06:56:26+00:00,0,4145,20,北谷,2026-10-01T20:50:19.593663
2019,2019022403,2019-02-24 13:00:00+09:00,74740808,110301.0,1,5,オープン戦,1.0,1回表,3,原,土山,白井,真鍋,,,1,4,中日,D,,5,阪神,T,,,,,,,1球目:ワンバウンドのチェンジアップを見逃してボール 1-0,1 Tamame: One Bound no Change Up wo Minogashite Ball 1-0,,,,,1,,,,,,,,,,,,,,,,,,,,,,,,,,,,,,,,,,,,,,,,,,,,,,,,2019-02-24 06:56:26+00:00,2019-02-24 06:56:26+00:00,0,4145,20,北谷,2026-10-01T20:50:19.593663
2019,2019022403,2019-02-24 13:00:00+09:00,74740809,110302.0,1,5,オープン戦,1.0,1回表,3,原,土山,白井,真鍋,,,1,4,中日,D,,5,阪神,T,,,,,,,2球目:外角高めのストレートを見逃してボール 2-0,2 Tamame: Gaikaku Takame no Straight wo Minogashite Ball 2-0,,,,,2,,,,,,,,,,,,,,,,,,,,,,,,,,,,,,,,,,,,,,,,,,,,,,,,2019-02-24 06:56:26+00:00,2019-02-24 06:56:26+00:00,0,4145,20,北谷,2026-10-01T20:50:19.593663
2019,2019022403,2019-02-24 13:00:00+09:00,74740810,110303.0,1,5,オープン戦,1.0,1回表,3,原,土山,白井,真鍋,,,1,4,中日,D,,5,阪神,T,,,,,,,3球目:高めのストレートを見逃してボール 3-0,3 Tamame: Takame no Straight wo Minogashite Ball 3-0,,,,,3,,,,,,,,,,,,,,,,,,,,,,,,,,,,,,,,,,,,,,,,,,,,,,,,2019-02-24 06:56:26+00:00,2019-02-24 06:56:26+00:00,0,4145,20,北谷,2026-10-01T20:50:19.593663
2019,2019022403,2019-02-24 13:00:00+09:00,74740811,110304.0,1,5,オープン戦,1.0,1回表,3,原,土山,白井,真鍋,,,1,4,中日,D,,5,阪神,T,,,,,,,4球目:3-0から先制ホームラン！ 中0-1神,4 Tamame:3-0 kara Sensei Home Run! Chuu0-1 Kami,,,,,4,,,,,,,,,,,,,,,,,,,,,,,,,,,,,,,,,,,,,,,,,,,,,,,,2019-02-24 06:56:26+00:00,2019-02-24 06:56:26+00:00,0,4145,20,北谷,2026-10-01T20:50:19.593663
2019,2019022403,2019-02-24 13:00:00+09:00,74740812,110400.0,1,5,オープン戦,1.0,1回表,4,原,土山,白井,真鍋,,,1,4,中日,D,,5,阪神,T,,,,,,,＜4番：大山＞二死走者なし,<4 Ban: Daisen> Ni Shi Sousha Nashi,,,,,0,,,,,,,,,,,,,,,,,,,,,,,,,,,,,,,,,,,,,,,,,,,,,,,,2019-02-24 06:56:26+00:00,2019-02-24 06:56:26+00:00,0,4145,20,北谷,2026-10-01T20:50:19.593663
2019,2019022403,2019-02-24 13:00:00+09:00,74740813,110401.0,1,5,オープン戦,1.0,1回表,4,原,土山,白井,真鍋,,,1,4,中日,D,,5,阪神,T,,,,,,,1球目:ファウルフライを石川駿(一)が捕球してバッターアウト 3アウトチェンジ,1 Tamame: Foul Fly wo Ishikawa Shun (Ichi) ga Hokyuu Shite Batter Out 3 Out Change,,,,,1,,,,,,,,,,,,,,,,,,,,,,,,,,,,,,,,,,,,,,,,,,,,,,,,2019-02-24 06:56:26+00:00,2019-02-24 06:56:26+00:00,0,4145,20,北谷,2026-10-01T20:50:19.593663
2019,2019022403,2019-02-24 13:00:00+09:00,74740814,120100.0,1,5,オープン戦,1.0,1回裏,1,原,土山,白井,真鍋,,,1,4,中日,D,,5,阪神,T,,,,,,,1回裏 中0-1神　中日は1番京田からの攻撃,1 Kairichuu 0-1 Kami Chuunichi wa 1 Ban Kyouda kara no Kougeki,,,,,0,,,,,,,,,,,,,,,,,,,,,,,,,,,,,,,,,,,,,,,,,,,,,,,,2019-02-24 06:56:26+00:00,2019-02-24 06:56:26+00:00,0,4145,20,北谷,2026-10-01T20:50:19.593663
2019,2019022403,2019-02-24 13:00:00+09:00,74740815,120100.0,1,5,オープン戦,1.0,1回裏,1,原,土山,白井,真鍋,,,1,4,中日,D,,5,阪神,T,,,,,,,＜1番：京田＞無死走者なし,<1 Ban: Kyouda> Mushi Sousha Nashi,,,,,0,,,,,,,,,,,,,,,,,,,,,,,,,,,,,,,,,,,,,,,,,,,,,,,,2019-02-24 06:56:26+00:00,2019-02-24 06:56:26+00:00,0,4145,20,北谷,2026-10-01T20:50:19.593663
2019,2019022403,2019-02-24 13:00:00+09:00,74740816,120101.0,1,5,オープン戦,1.0,1回裏,1,原,土山,白井,真鍋,,,1,4,中日,D,,5,阪神,T,,,,,,,1球目:際どいコースのストレートを見逃してストライク 0-1,1 Tamame: Kiwadoi Course no Straight wo Minogashite Strike 0-1,,,,,1,,,,,,,,,,,,,,,,,,,,,,,,,,,,,,,,,,,,,,,,,,,,,,,,2019-02-24 06:56:26+00:00,2019-02-24 06:56:26+00:00,0,4145,20,北谷,2026-10-01T20:50:19.593663
2019,2019022403,2019-02-24 13:00:00+09:00,74740817,120102.0,1,5,オープン戦,1.0,1回裏,1,原,土山,白井,真鍋,,,1,4,中日,D,,5,阪神,T,,,,,,,2球目:内角低めの変化球を見逃してストライク 0-2,2 Tamame: Naikaku Hikume no Henka Kyuu wo Minogashite Strike 0-2,,,,,2,,,,,,,,,,,,,,,,,,,,,,,,,,,,,,,,,,,,,,,,,,,,,,,,2019-02-24 06:56:26+00:00,2019-02-24 06:56:26+00:00,0,4145,20,北谷,2026-10-01T20:50:19.593663
2019,2019022403,2019-02-24 13:00:00+09:00,74740818,120103.0,1,5,オープン戦,1.0,1回裏,1,原,土山,白井,真鍋,,,1,4,中日,D,,5,阪神,T,,,,,,,3球目:外角低めの落ちる球を打ってファウル 0-2,3 Tamame: Gaikaku Hikume no Ochiru Tama wo Utte Foul 0-2,,,,,3,,,,,,,,,,,,,,,,,,,,,,,,,,,,,,,,,,,,,,,,,,,,,,,,2019-02-24 06:56:26+00:00,2019-02-24 06:56:26+00:00,0,4145,20,北谷,2026-10-01T20:50:19.593663
2019,2019022403,2019-02-24 13:00:00+09:00,74740819,120104.0,1,5,オープン戦,1.0,1回裏,1,原,土山,白井,真鍋,,,1,4,中日,D,,5,阪神,T,,,,,,,4球目:空振り三振 1アウト,4 Tamame: Karaburi Sanshin 1 Out,,,,,4,,,,,,,,,,,,,,,,,,,,,,,,,,,,,,,,,,,,,,,,,,,,,,,,2019-02-24 06:56:26+00:00,2019-02-24 06:56:26+00:00,0,4145,20,北谷,2026-10-01T20:50:19.593663
2019,2019022403,2019-02-24 13:00:00+09:00,74740820,120200.0,1,5,オープン戦,1.0,1回裏,2,原,土山,白井,真鍋,,,1,4,中日,D,,5,阪神,T,,,,,,,＜2番：亀澤＞一死走者なし,<2 Ban: Kamezawa> Ichi Shi Sousha Nashi,,,,,0,,,,,,,,,,,,,,,,,,,,,,,,,,,,,,,,,,,,,,,,,,,,,,,,2019-02-24 06:56:26+00:00,2019-02-24 06:56:26+00:00,0,4145,20,北谷,2026-10-01T20:50:19.593663
2019,2019022403,2019-02-24 13:00:00+09:00,74740821,120201.0,1,5,オープン戦,1.0,1回裏,2,原,土山,白井,真鍋,,,1,4,中日,D,,5,阪神,T,,,,,,,1球目:外角のストレートを打ちにいくもファウル 0-1,1 Tamame: Gaikaku no Straight wo Uchi ni Iku mo Foul 0-1,,,,,1,,,,,,,,,,,,,,,,,,,,,,,,,,,,,,,,,,,,,,,,,,,,,,,,2019-02-24 06:56:26+00:00,2019-02-24 06:56:26+00:00,0,4145,20,北谷,2026-10-01T20:50:19.593663
2019,2019022403,2019-02-24 13:00:00+09:00,74740822,120202.0,1,5,オープン戦,1.0,1回裏,2,原,土山,白井,真鍋,,,1,4,中日,D,,5,阪神,T,,,,,,,2球目:低めのストレートを見逃してボール 1-1,2 Tamame: Hikume no Straight wo Minogashite Ball 1-1,,,,,2,,,,,,,,,,,,,,,,,,,,,,,,,,,,,,,,,,,,,,,,,,,,,,,,2019-02-24 06:56:26+00:00,2019-02-24 06:56:26+00:00,0,4145,20,北谷,2026-10-01T20:50:19.593663
2019,2019022403,2019-02-24 13:00:00+09:00,74740823,120203.0,1,5,オープン戦,1.0,1回裏,2,原,土山,白井,真鍋,,,1,4,中日,D,,5,阪神,T,,,,,,,3球目:セカンドゴロ 2アウト,3 Tamame: Sekando Grounder 2 Out,,,,,3,,,,,,,,,,,,,,,,,,,,,,,,,,,,,,,,,,,,,,,,,,,,,,,,2019-02-24 06:56:26+00:00,2019-02-24 06:56:26+00:00,0,4145,20,北谷,2026-10-01T20:50:19.593663
2019,2019022403,2019-02-24 13:00:00+09:00,74740824,120300.0,1,5,オープン戦,1.0,1回裏,3,原,土山,白井,真鍋,,,1,4,中日,D,,5,阪神,T,,,,,,,＜3番：大島＞二死走者なし,<3 Ban: Ooshima> Ni Shi Sousha Nashi,,,,,0,,,,,,,,,,,,,,,,,,,,,,,,,,,,,,,,,,,,,,,,,,,,,,,,2019-02-24 06:56:26+00:00,2019-02-24 06:56:26+00:00,0,4145,20,北谷,2026-10-01T20:50:19.593663
2019,2019022403,2019-02-24 13:00:00+09:00,74740825,120301.0,1,5,オープン戦,1.0,1回裏,3,原,土山,白井,真鍋,,,1,4,中日,D,,5,阪神,T,,,,,,,1球目:外角高めのストレートを見逃してボール 1-0,1 Tamame: Gaikaku Takame no Straight wo Minogashite Ball 1-0,,,,,1,,,,,,,,,,,,,,,,,,,,,,,,,,,,,,,,,,,,,,,,,,,,,,,,2019-02-24 06:56:26+00:00,2019-02-24 06:56:26+00:00,0,4145,20,北谷,2026-10-01T20:50:19.593663
2019,2019022403,2019-02-24 13:00:00+09:00,74740826,120302.0,1,5,オープン戦,1.0,1回裏,3,原,土山,白井,真鍋,,,1,4,中日,D,,5,阪神,T,,,,,,,2球目:外角高めの変化球を見逃してストライク 1-1,2 Tamame: Gaikaku Takame no Henka Kyuu wo Minogashite Strike 1-1,,,,,2,,,,,,,,,,,,,,,,,,,,,,,,,,,,,,,,,,,,,,,,,,,,,,,,2019-02-24 06:56:26+00:00,2019-02-24 06:56:26+00:00,0,4145,20,北谷,2026-10-01T20:50:19.593663
2019,2019022403,2019-02-24 13:00:00+09:00,74740827,120303.0,1,5,オープン戦,1.0,1回裏,3,原,土山,白井,真鍋,,,1,4,中日,D,,5,阪神,T,,,,,,,3球目:外角高めのカットボールを見逃してストライク 1-2,3 Tamame: Gaikaku Takame no Cut Ball wo Minogashite Strike 1-2,,,,,3,,,,,,,,,,,,,,,,,,,,,,,,,,,,,,,,,,,,,,,,,,,,,,,,2019-02-24 06:56:26+00:00,2019-02-24 06:56:26+00:00,0,4145,20,北谷,2026-10-01T20:50:19.593663
2019,2019022403,2019-02-24 13:00:00+09:00,74740828,120304.0,1,5,オープン戦,1.0,1回裏,3,原,土山,白井,真鍋,,,1,4,中日,D,,5,阪神,T,,,,,,,4球目:外角高めのストレートを打ってファウル 1-2,4 Tamame: Gaikaku Takame no Straight wo Utte Foul 1-2,,,,,4,,,,,,,,,,,,,,,,,,,,,,,,,,,,,,,,,,,,,,,,,,,,,,,,2019-02-24 06:56:26+00:00,2019-02-24 06:56:26+00:00,0,4145,20,北谷,2026-10-01T20:50:19.593663
2019,2019022403,2019-02-24 13:00:00+09:00,74740829,120305.0,1,5,オープン戦,1.0,1回裏,3,原,土山,白井,真鍋,,,1,4,中日,D,,5,阪神,T,,,,,,,5球目:外角高めのフォークを見逃してボール 2-2,5 Tamame: Gaikaku Takame no Fork wo Minogashite Ball 2-2,,,,,5,,,,,,,,,,,,,,,,,,,,,,,,,,,,,,,,,,,,,,,,,,,,,,,,2019-02-24 06:56:26+00:00,2019-02-24 06:56:26+00:00,0,4145,20,北谷,2026-10-01T20:50:19.593663
2019,2019022403,2019-02-24 13:00:00+09:00,74740830,120306.0,1,5,オープン戦,1.0,1回裏,3,原,土山,白井,真鍋,,,1,4,中日,D,,5,阪神,T,,,,,,,6球目:高めのカットボールを見逃してボール 3-2,6 Tamame: Takame no Cut Ball wo Minogashite Ball 3-2,,,,,6,,,,,,,,,,,,,,,,,,,,,,,,,,,,,,,,,,,,,,,,,,,,,,,,2019-02-24 06:56:26+00:00,2019-02-24 06:56:26+00:00,0,4145,20,北谷,2026-10-01T20:50:19.593663
2019,2019022403,2019-02-24 13:00:00+09:00,74740831,120307.0,1,5,オープン戦,1.0,1回裏,3,原,土山,白井,真鍋,,,1,4,中日,D,,5,阪神,T,,,,,,,7球目:この球も粘ってファウル 3-2,7 Tamame: Kono Tama mo Nebatte Foul 3-2,,,,,7,,,,,,,,,,,,,,,,,,,,,,,,,,,,,,,,,,,,,,,,,,,,,,,,2019-02-24 06:56:26+00:00,2019-02-24 06:56:26+00:00,0,4145,20,北谷,2026-10-01T20:50:19.593663
2019,2019022403,2019-02-24 13:00:00+09:00,74740832,120308.0,1,5,オープン戦,1.0,1回裏,3,原,土山,白井,真鍋,,,1,4,中日,D,,5,阪神,T,,,,,,,8球目:粘りを見せて8球目にフォアボールを選ぶ 1塁,8 Tamame: Nebari wo Misete 8 Tamame ni Four Ball wo Erabu 1 Rui,,,,,8,,,,,,,,,,,,,,,,,,,,,,,,,,,,,,,,,,,,,,,,,,,,,,,,2019-02-24 06:56:26+00:00,2019-02-24 06:56:26+00:00,0,4145,20,北谷,2026-10-01T20:50:19.593663
2019,2019022403,2019-02-24 13:00:00+09:00,74740833,120400.0,1,5,オープン戦,1.0,1回裏,4,原,土山,白井,真鍋,,,1,4,中日,D,,5,阪神,T,,,,,,,＜4番：モヤ＞二死1塁,<4 Ban: Moya> Ni Shi 1 Rui,,,,,0,,,,,,,,,,,,,,,,,,,,,,,,,,,,,,,,,,,,,,,,,,,,,,,,2019-02-24 06:56:26+00:00,2019-02-24 06:56:26+00:00,0,4145,20,北谷,2026-10-01T20:50:19.593663
2019,2019022403,2019-02-24 13:00:00+09:00,74740834,120401.0,1,5,オープン戦,1.0,1回裏,4,原,土山,白井,真鍋,,,1,4,中日,D,,5,阪神,T,,,,,,,1球目:外角高めのストレートを見逃してボール 1-0,1 Tamame: Gaikaku Takame no Straight wo Minogashite Ball 1-0,,,,,1,,,,,,,,,,,,,,,,,,,,,,,,,,,,,,,,,,,,,,,,,,,,,,,,2019-02-24 06:56:26+00:00,2019-02-24 06:56:26+00:00,0,4145,20,北谷,2026-10-01T20:50:19.593663
2019,2019022403,2019-02-24 13:00:00+09:00,74740835,120400.0,1,5,オープン戦,1.0,1回裏,4,原,土山,白井,真鍋,,,1,4,中日,D,,5,阪神,T,,,,,,,一塁走者大島:すかさず初球から盗塁を試みるもアウト 3アウトチェンジ,Ichirui Sousha Ooshima: Sukasazu Shokyuu kara Tourui wo Kokoromiru mo Out 3 Out Change,,,,,0,,,,,,,,,,,,,,,,,,,,,,,,,,,,,,,,,,,,,,,,,,,,,,,,2019-02-24 06:56:26+00:00,2019-02-24 06:56:26+00:00,0,4145,20,北谷,2026-10-01T20:50:19.593663
2019,2019022403,2019-02-24 13:00:00+09:00,74740836,210100.0,1,5,オープン戦,2.0,2回表,1,原,土山,白井,真鍋,,,1,4,中日,D,,5,阪神,T,,,,,,,2回表 中0-1神　阪神は5番糸原からの攻撃,2 Kai Hyouchuu 0-1 Shin Hanshin wa 5 Ban Itohara kara no Kougeki,,,,,0,,,,,,,,,,,,,,,,,,,,,,,,,,,,,,,,,,,,,,,,,,,,,,,,2019-02-24 06:56:26+00:00,2019-02-24 06:56:26+00:00,0,4145,20,北谷,2026-10-01T20:50:19.593663
2019,2019022403,2019-02-24 13:00:00+09:00,74740837,210100.0,1,5,オープン戦,2.0,2回表,1,原,土山,白井,真鍋,,,1,4,中日,D,,5,阪神,T,,,,,,,＜5番：糸原＞無死走者なし,<5 Ban: Itohara> Mushi Sousha Nashi,,,,,0,,,,,,,,,,,,,,,,,,,,,,,,,,,,,,,,,,,,,,,,,,,,,,,,2019-02-24 06:56:26+00:00,2019-02-24 06:56:26+00:00,0,4145,20,北谷,2026-10-01T20:50:19.593663
2019,2019022403,2019-02-24 13:00:00+09:00,74740838,210101.0,1,5,オープン戦,2.0,2回表,1,原,土山,白井,真鍋,,,1,4,中日,D,,5,阪神,T,,,,,,,1球目:外角高めのスライダーを見逃してストライク 0-1,1 Tamame: Gaikaku Takame no Slider wo Minogashite Strike 0-1,,,,,1,,,,,,,,,,,,,,,,,,,,,,,,,,,,,,,,,,,,,,,,,,,,,,,,2019-02-24 06:56:26+00:00,2019-02-24 06:56:26+00:00,0,4145,20,北谷,2026-10-01T20:50:19.593663
2019,2019022403,2019-02-24 13:00:00+09:00,74740839,210102.0,1,5,オープン戦,2.0,2回表,1,原,土山,白井,真鍋,,,1,4,中日,D,,5,阪神,T,,,,,,,2球目:高めの球を打つもレフトフライ 1アウト,2 Tamame: Takame no Tama wo Utsu mo Left Fly 1 Out,,,,,2,,,,,,,,,,,,,,,,,,,,,,,,,,,,,,,,,,,,,,,,,,,,,,,,2019-02-24 06:56:26+00:00,2019-02-24 06:56:26+00:00,0,4145,20,北谷,2026-10-01T20:50:19.593663
2019,2019022403,2019-02-24 13:00:00+09:00,74740840,210200.0,1,5,オープン戦,2.0,2回表,2,原,土山,白井,真鍋,,,1,4,中日,D,,5,阪神,T,,,,,,,＜6番：高山＞一死走者なし,<6 Ban: Kouzan> Ichi Shi Sousha Nashi,,,,,0,,,,,,,,,,,,,,,,,,,,,,,,,,,,,,,,,,,,,,,,,,,,,,,,2019-02-24 06:56:26+00:00,2019-02-24 06:56:26+00:00,0,4145,20,北谷,2026-10-01T20:50:19.593663
2019,2019022403,2019-02-24 13:00:00+09:00,74740841,210201.0,1,5,オープン戦,2.0,2回表,2,原,土山,白井,真鍋,,,1,4,中日,D,,5,阪神,T,,,,,,,1球目:外角の変化球を見逃してストライク 0-1,1 Tamame: Gaikaku no Henka Kyuu wo Minogashite Strike 0-1,,,,,1,,,,,,,,,,,,,,,,,,,,,,,,,,,,,,,,,,,,,,,,,,,,,,,,2019-02-24 06:56:26+00:00,2019-02-24 06:56:26+00:00,0,4145,20,北谷,2026-10-01T20:50:19.593663
2019,2019022403,2019-02-24 13:00:00+09:00,74740842,210202.0,1,5,オープン戦,2.0,2回表,2,原,土山,白井,真鍋,,,1,4,中日,D,,5,阪神,T,,,,,,,2球目:低めのチェンジアップを見逃してボール 1-1,2 Tamame: Hikume no Change Up wo Minogashite Ball 1-1,,,,,2,,,,,,,,,,,,,,,,,,,,,,,,,,,,,,,,,,,,,,,,,,,,,,,,2019-02-24 06:56:26+00:00,2019-02-24 06:56:26+00:00,0,4145,20,北谷,2026-10-01T20:50:19.593663
2019,2019022403,2019-02-24 13:00:00+09:00,74740843,210203.0,1,5,オープン戦,2.0,2回表,2,原,土山,白井,真鍋,,,1,4,中日,D,,5,阪神,T,,,,,,,3球目:低めのカーブを見逃してストライク 1-2,3 Tamame: Hikume no Curve wo Minogashite Strike 1-2,,,,,3,,,,,,,,,,,,,,,,,,,,,,,,,,,,,,,,,,,,,,,,,,,,,,,,2019-02-24 06:56:26+00:00,2019-02-24 06:56:26+00:00,0,4145,20,北谷,2026-10-01T20:50:19.593663
2019,2019022403,2019-02-24 13:00:00+09:00,74740844,210204.0,1,5,オープン戦,2.0,2回表,2,原,土山,白井,真鍋,,,1,4,中日,D,,5,阪神,T,,,,,,,4球目:低めの球を打つもレフトフライ 2アウト,4 Tamame: Hikume no Tama wo Utsu mo Left Fly 2 Out,,,,,4,,,,,,,,,,,,,,,,,,,,,,,,,,,,,,,,,,,,,,,,,,,,,,,,2019-02-24 06:56:26+00:00,2019-02-24 06:56:26+00:00,0,4145,20,北谷,2026-10-01T20:50:19.593663
2019,2019022403,2019-02-24 13:00:00+09:00,74740845,210300.0,1,5,オープン戦,2.0,2回表,3,原,土山,白井,真鍋,,,1,4,中日,D,,5,阪神,T,,,,,,,＜7番：木浪＞二死走者なし,<7 Ban: Mokurou> Ni Shi Sousha Nashi,,,,,0,,,,,,,,,,,,,,,,,,,,,,,,,,,,,,,,,,,,,,,,,,,,,,,,2019-02-24 06:56:26+00:00,2019-02-24 06:56:26+00:00,0,4145,20,北谷,2026-10-01T20:50:19.593663
2019,2019022403,2019-02-24 13:00:00+09:00,74740846,210301.0,1,5,オープン戦,2.0,2回表,3,原,土山,白井,真鍋,,,1,4,中日,D,,5,阪神,T,,,,,,,1球目:低めのストレートを見逃してボール 1-0,1 Tamame: Hikume no Straight wo Minogashite Ball 1-0,,,,,1,,,,,,,,,,,,,,,,,,,,,,,,,,,,,,,,,,,,,,,,,,,,,,,,2019-02-24 06:56:26+00:00,2019-02-24 06:56:26+00:00,0,4145,20,北谷,2026-10-01T20:50:19.593663
2019,2019022403,2019-02-24 13:00:00+09:00,74740847,210302.0,1,5,オープン戦,2.0,2回表,3,原,土山,白井,真鍋,,,1,4,中日,D,,5,阪神,T,,,,,,,2球目:内角低めのスライダーを打ってファウル 1-1,2 Tamame: Naikaku Hikume no Slider wo Utte Foul 1-1,,,,,2,,,,,,,,,,,,,,,,,,,,,,,,,,,,,,,,,,,,,,,,,,,,,,,,2019-02-24 06:56:26+00:00,2019-02-24 06:56:26+00:00,0,4145,20,北谷,2026-10-01T20:50:19.593663
2019,2019022403,2019-02-24 13:00:00+09:00,74740848,210303.0,1,5,オープン戦,2.0,2回表,3,原,土山,白井,真鍋,,,1,4,中日,D,,5,阪神,T,,,,,,,3球目:内角低めのストレートを見逃してボール 2-1,3 Tamame: Naikaku Hikume no Straight wo Minogashite Ball 2-1,,,,,3,,,,,,,,,,,,,,,,,,,,,,,,,,,,,,,,,,,,,,,,,,,,,,,,2019-02-24 06:56:26+00:00,2019-02-24 06:56:26+00:00,0,4145,20,北谷,2026-10-01T20:50:19.593663
2019,2019022403,2019-02-24 13:00:00+09:00,74740849,210304.0,1,5,オープン戦,2.0,2回表,3,原,土山,白井,真鍋,,,1,4,中日,D,,5,阪神,T,,,,,,,4球目:センターへのヒットで出塁 1塁,4 Tamame: Center e no Hit de Shutsurui 1 Rui,,,,,4,,,,,,,,,,,,,,,,,,,,,,,,,,,,,,,,,,,,,,,,,,,,,,,,2019-02-24 06:56:26+00:00,2019-02-24 06:56:26+00:00,0,4145,20,北谷,2026-10-01T20:50:19.593663
2019,2019022403,2019-02-24 13:00:00+09:00,74740850,210400.0,1,5,オープン戦,2.0,2回表,4,原,土山,白井,真鍋,,,1,4,中日,D,,5,阪神,T,,,,,,,＜8番：梅野＞二死1塁,<8 Ban: Umeno> Ni Shi 1 Rui,,,,,0,,,,,,,,,,,,,,,,,,,,,,,,,,,,,,,,,,,,,,,,,,,,,,,,2019-02-24 06:56:26+00:00,2019-02-24 06:56:26+00:00,0,4145,20,北谷,2026-10-01T20:50:19.593663
2019,2019022403,2019-02-24 13:00:00+09:00,74740851,210401.0,1,5,オープン戦,2.0,2回表,4,原,土山,白井,真鍋,,,1,4,中日,D,,5,阪神,T,,,,,,,1球目:ワンバウンドのカーブを見逃してボール 1-0,1 Tamame: One Bound no Curve wo Minogashite Ball 1-0,,,,,1,,,,,,,,,,,,,,,,,,,,,,,,,,,,,,,,,,,,,,,,,,,,,,,,2019-02-24 06:56:26+00:00,2019-02-24 06:56:26+00:00,0,4145,20,北谷,2026-10-01T20:50:19.593663
2019,2019022403,2019-02-24 13:00:00+09:00,74740852,210400.0,1,5,オープン戦,2.0,2回表,4,原,土山,白井,真鍋,,,1,4,中日,D,,5,阪神,T,,,,,,,1塁けん制:ランナー木浪帰塁,1 Rui Kensei: Runner Mokurou Kirui,,,,,0,,,,,,,,,,,,,,,,,,,,,,,,,,,,,,,,,,,,,,,,,,,,,,,,2019-02-24 06:56:26+00:00,2019-02-24 06:56:26+00:00,0,4145,20,北谷,2026-10-01T20:50:19.593663
2019,2019022403,2019-02-24 13:00:00+09:00,74740853,210402.0,1,5,オープン戦,2.0,2回表,4,原,土山,白井,真鍋,,,1,4,中日,D,,5,阪神,T,,,,,,,2球目:外角低めのストレートを見逃してボール 2-0,2 Tamame: Gaikaku Hikume no Straight wo Minogashite Ball 2-0,,,,,2,,,,,,,,,,,,,,,,,,,,,,,,,,,,,,,,,,,,,,,,,,,,,,,,2019-02-24 06:56:26+00:00,2019-02-24 06:56:26+00:00,0,4145,20,北谷,2026-10-01T20:50:19.593663
2019,2019022403,2019-02-24 13:00:00+09:00,74740854,210403.0,1,5,オープン戦,2.0,2回表,4,原,土山,白井,真鍋,,,1,4,中日,D,,5,阪神,T,,,,,,,3球目:外角低めのスライダーを打つもレフトフライ 3アウトチェンジ,3 Tamame: Gaikaku Hikume no Slider wo Utsu mo Left Fly 3 Out Change,,,,,3,,,,,,,,,,,,,,,,,,,,,,,,,,,,,,,,,,,,,,,,,,,,,,,,2019-02-24 06:56:26+00:00,2019-02-24 06:56:26+00:00,0,4145,20,北谷,2026-10-01T20:50:19.593663
2019,2019022403,2019-02-24 13:00:00+09:00,74740855,220100.0,1,5,オープン戦,2.0,2回裏,1,原,土山,白井,真鍋,,,1,4,中日,D,,5,阪神,T,,,,,,,2回裏 中0-1神　中日は4番モヤからの攻撃,2 Kairichuu 0-1 Kami Chuunichi wa 4 Ban Moya kara no Kougeki,,,,,0,,,,,,,,,,,,,,,,,,,,,,,,,,,,,,,,,,,,,,,,,,,,,,,,2019-02-24 06:56:26+00:00,2019-02-24 06:56:26+00:00,0,4145,20,北谷,2026-10-01T20:50:19.593663
2019,2019022403,2019-02-24 13:00:00+09:00,74740856,220100.0,1,5,オープン戦,2.0,2回裏,1,原,土山,白井,真鍋,,,1,4,中日,D,,5,阪神,T,,,,,,,＜4番：モヤ＞無死走者なし,<4 Ban: Moya> Mushi Sousha Nashi,,,,,0,,,,,,,,,,,,,,,,,,,,,,,,,,,,,,,,,,,,,,,,,,,,,,,,2019-02-24 06:56:26+00:00,2019-02-24 06:56:26+00:00,0,4145,20,北谷,2026-10-01T20:50:19.593663
2019,2019022403,2019-02-24 13:00:00+09:00,74740857,220101.0,1,5,オープン戦,2.0,2回裏,1,原,土山,白井,真鍋,,,1,4,中日,D,,5,阪神,T,,,,,,,1球目:低めの球を打つもレフトフライ 1アウト,1 Tamame: Hikume no Tama wo Utsu mo Left Fly 1 Out,,,,,1,,,,,,,,,,,,,,,,,,,,,,,,,,,,,,,,,,,,,,,,,,,,,,,,2019-02-24 06:56:26+00:00,2019-02-24 06:56:26+00:00,0,4145,20,北谷,2026-10-01T20:50:19.593663
2019,2019022403,2019-02-24 13:00:00+09:00,74740858,220200.0,1,5,オープン戦,2.0,2回裏,2,原,土山,白井,真鍋,,,1,4,中日,D,,5,阪神,T,,,,,,,＜5番：阿部＞一死走者なし,<5 Ban: Abe> Ichi Shi Sousha Nashi,,,,,0,,,,,,,,,,,,,,,,,,,,,,,,,,,,,,,,,,,,,,,,,,,,,,,,2019-02-24 06:56:26+00:00,2019-02-24 06:56:26+00:00,0,4145,20,北谷,2026-10-01T20:50:19.593663
2019,2019022403,2019-02-24 13:00:00+09:00,74740859,220201.0,1,5,オープン戦,2.0,2回裏,2,原,土山,白井,真鍋,,,1,4,中日,D,,5,阪神,T,,,,,,,1球目:外角低めのストレートを見逃してボール 1-0,1 Tamame: Gaikaku Hikume no Straight wo Minogashite Ball 1-0,,,,,1,,,,,,,,,,,,,,,,,,,,,,,,,,,,,,,,,,,,,,,,,,,,,,,,2019-02-24 06:56:26+00:00,2019-02-24 06:56:26+00:00,0,4145,20,北谷,2026-10-01T20:50:19.593663
2019,2019022403,2019-02-24 13:00:00+09:00,74740860,220202.0,1,5,オープン戦,2.0,2回裏,2,原,土山,白井,真鍋,,,1,4,中日,D,,5,阪神,T,,,,,,,2球目:内角高めの変化球をのけ反りながらよけてボール 2-0,2 Tamame: Naikaku Takame no Henka Kyuu wo Nokezorinagara Yokete Ball 2-0,,,,,2,,,,,,,,,,,,,,,,,,,,,,,,,,,,,,,,,,,,,,,,,,,,,,,,2019-02-24 06:56:26+00:00,2019-02-24 06:56:26+00:00,0,4145,20,北谷,2026-10-01T20:50:19.593663
2019,2019022403,2019-02-24 13:00:00+09:00,74740861,220203.0,1,5,オープン戦,2.0,2回裏,2,原,土山,白井,真鍋,,,1,4,中日,D,,5,阪神,T,,,,,,,3球目:レフトへのヒットで出塁 1塁,3 Tamame: Left e no Hit de Shutsurui 1 Rui,,,,,3,,,,,,,,,,,,,,,,,,,,,,,,,,,,,,,,,,,,,,,,,,,,,,,,2019-02-24 06:56:26+00:00,2019-02-24 06:56:26+00:00,0,4145,20,北谷,2026-10-01T20:50:19.593663
2019,2019022403,2019-02-24 13:00:00+09:00,74740862,220300.0,1,5,オープン戦,2.0,2回裏,3,原,土山,白井,真鍋,,,1,4,中日,D,,5,阪神,T,,,,,,,＜6番：井領＞一死1塁,<6 Ban: Iryou> Ichi Shi 1 Rui,,,,,0,,,,,,,,,,,,,,,,,,,,,,,,,,,,,,,,,,,,,,,,,,,,,,,,2019-02-24 06:56:26+00:00,2019-02-24 06:56:26+00:00,0,4145,20,北谷,2026-10-01T20:50:19.593663
2019,2019022403,2019-02-24 13:00:00+09:00,74740863,220301.0,1,5,オープン戦,2.0,2回裏,3,原,土山,白井,真鍋,,,1,4,中日,D,,5,阪神,T,,,,,,,1球目:内角低めのストレートを見逃してストライク 0-1,1 Tamame: Naikaku Hikume no Straight wo Minogashite Strike 0-1,,,,,1,,,,,,,,,,,,,,,,,,,,,,,,,,,,,,,,,,,,,,,,,,,,,,,,2019-02-24 06:56:26+00:00,2019-02-24 06:56:26+00:00,0,4145,20,北谷,2026-10-01T20:50:19.593663
2019,2019022403,2019-02-24 13:00:00+09:00,74740864,220302.0,1,5,オープン戦,2.0,2回裏,3,原,土山,白井,真鍋,,,1,4,中日,D,,5,阪神,T,,,,,,,2球目:内角高めのストレートを見逃してボール 1-1,2 Tamame: Naikaku Takame no Straight wo Minogashite Ball 1-1,,,,,2,,,,,,,,,,,,,,,,,,,,,,,,,,,,,,,,,,,,,,,,,,,,,,,,2019-02-24 06:56:26+00:00,2019-02-24 06:56:26+00:00,0,4145,20,北谷,2026-10-01T20:50:19.593663
2019,2019022403,2019-02-24 13:00:00+09:00,74740865,220303.0,1,5,オープン戦,2.0,2回裏,3,原,土山,白井,真鍋,,,1,4,中日,D,,5,阪神,T,,,,,,,3球目:外角高めのストレートを見逃してボール 2-1,3 Tamame: Gaikaku Takame no Straight wo Minogashite Ball 2-1,,,,,3,,,,,,,,,,,,,,,,,,,,,,,,,,,,,,,,,,,,,,,,,,,,,,,,2019-02-24 06:56:26+00:00,2019-02-24 06:56:26+00:00,0,4145,20,北谷,2026-10-01T20:50:19.593663
2019,2019022403,2019-02-24 13:00:00+09:00,74740866,220304.0,1,5,オープン戦,2.0,2回裏,3,原,土山,白井,真鍋,,,1,4,中日,D,,5,阪神,T,,,,,,,"4球目:ライトへのヒット 1,2塁","4 Tamame: Raito e no Hit 1,2 Rui",,,,,4,,,,,,,,,,,,,,,,,,,,,,,,,,,,,,,,,,,,,,,,,,,,,,,,2019-02-24 06:56:26+00:00,2019-02-24 06:56:26+00:00,0,4145,20,北谷,2026-10-01T20:50:19.593663
2019,2019022403,2019-02-24 13:00:00+09:00,74740867,220400.0,1,5,オープン戦,2.0,2回裏,4,原,土山,白井,真鍋,,,1,4,中日,D,,5,阪神,T,,,,,,,"＜7番：石川駿＞一死1,2塁","<7 Ban: Ishikawa Shun> Ichi Shi 1,2 Rui",,,,,0,,,,,,,,,,,,,,,,,,,,,,,,,,,,,,,,,,,,,,,,,,,,,,,,2019-02-24 06:56:26+00:00,2019-02-24 06:56:26+00:00,0,4145,20,北谷,2026-10-01T20:50:19.593663
2019,2019022403,2019-02-24 13:00:00+09:00,74740868,220401.0,1,5,オープン戦,2.0,2回裏,4,原,土山,白井,真鍋,,,1,4,中日,D,,5,阪神,T,,,,,,,1球目:甘い変化球を見逃してストライク 0-1,1 Tamame: Amai Henka Kyuu wo Minogashite Strike 0-1,,,,,1,,,,,,,,,,,,,,,,,,,,,,,,,,,,,,,,,,,,,,,,,,,,,,,,2019-02-24 06:56:26+00:00,2019-02-24 06:56:26+00:00,0,4145,20,北谷,2026-10-01T20:50:19.593663
2019,2019022403,2019-02-24 13:00:00+09:00,74740869,220402.0,1,5,オープン戦,2.0,2回裏,4,原,土山,白井,真鍋,,,1,4,中日,D,,5,阪神,T,,,,,,,2球目:外角低めのカットボールを見逃してボール 1-1,2 Tamame: Gaikaku Hikume no Cut Ball wo Minogashite Ball 1-1,,,,,2,,,,,,,,,,,,,,,,,,,,,,,,,,,,,,,,,,,,,,,,,,,,,,,,2019-02-24 06:56:26+00:00,2019-02-24 06:56:26+00:00,0,4145,20,北谷,2026-10-01T20:50:19.593663
2019,2019022403,2019-02-24 13:00:00+09:00,74740870,220403.0,1,5,オープン戦,2.0,2回裏,4,原,土山,白井,真鍋,,,1,4,中日,D,,5,阪神,T,,,,,,,3球目:外角高めのストレートを打つもセンターフライ 2アウト,3 Tamame: Gaikaku Takame no Straight wo Utsu mo Center Fly 2 Out,,,,,3,,,,,,,,,,,,,,,,,,,,,,,,,,,,,,,,,,,,,,,,,,,,,,,,2019-02-24 06:56:26+00:00,2019-02-24 06:56:26+00:00,0,4145,20,北谷,2026-10-01T20:50:19.593663
2019,2019022403,2019-02-24 13:00:00+09:00,74740871,220500.0,1,5,オープン戦,2.0,2回裏,5,原,土山,白井,真鍋,,,1,4,中日,D,,5,阪神,T,,,,,,,"＜8番：木下拓＞二死1,2塁","<8 Ban: Kinoshita Taku> Ni Shi 1,2 Rui",,,,,0,,,,,,,,,,,,,,,,,,,,,,,,,,,,,,,,,,,,,,,,,,,,,,,,2019-02-24 06:56:26+00:00,2019-02-24 06:56:26+00:00,0,4145,20,北谷,2026-10-01T20:50:19.593663
2019,2019022403,2019-02-24 13:00:00+09:00,74740872,220501.0,1,5,オープン戦,2.0,2回裏,5,原,土山,白井,真鍋,,,1,4,中日,D,,5,阪神,T,,,,,,,1球目:外角低めのカットボールを見逃してボール 1-0,1 Tamame: Gaikaku Hikume no Cut Ball wo Minogashite Ball 1-0,,,,,1,,,,,,,,,,,,,,,,,,,,,,,,,,,,,,,,,,,,,,,,,,,,,,,,2019-02-24 06:56:26+00:00,2019-02-24 06:56:26+00:00,0,4145,20,北谷,2026-10-01T20:50:19.593663
2019,2019022403,2019-02-24 13:00:00+09:00,74740873,220502.0,1,5,オープン戦,2.0,2回裏,5,原,土山,白井,真鍋,,,1,4,中日,D,,5,阪神,T,,,,,,,2球目:外角低めの変化球を見逃してストライク 1-1,2 Tamame: Gaikaku Hikume no Henka Kyuu wo Minogashite Strike 1-1,,,,,2,,,,,,,,,,,,,,,,,,,,,,,,,,,,,,,,,,,,,,,,,,,,,,,,2019-02-24 06:56:26+00:00,2019-02-24 06:56:26+00:00,0,4145,20,北谷,2026-10-01T20:50:19.593663
2019,2019022403,2019-02-24 13:00:00+09:00,74740874,220500.0,1,5,オープン戦,2.0,2回裏,5,原,土山,白井,真鍋,,,1,4,中日,D,,5,阪神,T,,,,,,,2塁けん制:ランナー阿部帰塁,2 Rui Kensei: Runner Abe Kirui,,,,,0,,,,,,,,,,,,,,,,,,,,,,,,,,,,,,,,,,,,,,,,,,,,,,,,2019-02-24 06:56:26+00:00,2019-02-24 06:56:26+00:00,0,4145,20,北谷,2026-10-01T20:50:19.593663
2019,2019022403,2019-02-24 13:00:00+09:00,74740875,220503.0,1,5,オープン戦,2.0,2回裏,5,原,土山,白井,真鍋,,,1,4,中日,D,,5,阪神,T,,,,,,,3球目:外角のカットボールを見逃してストライク 1-2,3 Tamame: Gaikaku no Cut Ball wo Minogashite Strike 1-2,,,,,3,,,,,,,,,,,,,,,,,,,,,,,,,,,,,,,,,,,,,,,,,,,,,,,,2019-02-24 06:56:26+00:00,2019-02-24 06:56:26+00:00,0,4145,20,北谷,2026-10-01T20:50:19.593663
2019,2019022403,2019-02-24 13:00:00+09:00,74740876,220504.0,1,5,オープン戦,2.0,2回裏,5,原,土山,白井,真鍋,,,1,4,中日,D,,5,阪神,T,,,,,,,4球目:ワンバウンドのフォークを見逃してボール 2-2,4 Tamame: One Bound no Fork wo Minogashite Ball 2-2,,,,,4,,,,,,,,,,,,,,,,,,,,,,,,,,,,,,,,,,,,,,,,,,,,,,,,2019-02-24 06:56:26+00:00,2019-02-24 06:56:26+00:00,0,4145,20,北谷,2026-10-01T20:50:19.593663
2019,2019022403,2019-02-24 13:00:00+09:00,74740877,220505.0,1,5,オープン戦,2.0,2回裏,5,原,土山,白井,真鍋,,,1,4,中日,D,,5,阪神,T,,,,,,,5球目:外角高めのストレートを見逃してボール 3-2,5 Tamame: Gaikaku Takame no Straight wo Minogashite Ball 3-2,,,,,5,,,,,,,,,,,,,,,,,,,,,,,,,,,,,,,,,,,,,,,,,,,,,,,,2019-02-24 06:56:26+00:00,2019-02-24 06:56:26+00:00,0,4145,20,北谷,2026-10-01T20:50:19.593663
2019,2019022403,2019-02-24 13:00:00+09:00,74740878,220506.0,1,5,オープン戦,2.0,2回裏,5,原,土山,白井,真鍋,,,1,4,中日,D,,5,阪神,T,,,,,,,6球目:一度もバットを振ることなくフォアボールを選ぶ 満塁,6 Tamame: Ichi Do mo Batto wo Furu Koto Naku Four Ball wo Erabu Manrui,,,,,6,,,,,,,,,,,,,,,,,,,,,,,,,,,,,,,,,,,,,,,,,,,,,,,,2019-02-24 06:56:26+00:00,2019-02-24 06:56:26+00:00,0,4145,20,北谷,2026-10-01T20:50:19.593663
2019,2019022403,2019-02-24 13:00:00+09:00,74740879,220600.0,1,5,オープン戦,2.0,2回裏,6,原,土山,白井,真鍋,,,1,4,中日,D,,5,阪神,T,,,,,,,＜9番：渡辺＞二死満塁,<9 Ban: Watanabe> Ni Shi Manrui,,,,,0,,,,,,,,,,,,,,,,,,,,,,,,,,,,,,,,,,,,,,,,,,,,,,,,2019-02-24 06:56:26+00:00,2019-02-24 06:56:26+00:00,0,4145,20,北谷,2026-10-01T20:50:19.593663
2019,2019022403,2019-02-24 13:00:00+09:00,74740880,220601.0,1,5,オープン戦,2.0,2回裏,6,原,土山,白井,真鍋,,,1,4,中日,D,,5,阪神,T,,,,,,,1球目:2アウト満塁からセカンドゴロ 3アウトチェンジ,1 Tamame:2 Out Manrui kara Sekando Grounder 3 Out Change,,,,,1,,,,,,,,,,,,,,,,,,,,,,,,,,,,,,,,,,,,,,,,,,,,,,,,2019-02-24 06:56:26+00:00,2019-02-24 06:56:26+00:00,0,4145,20,北谷,2026-10-01T20:50:19.593663
2019,2019022403,2019-02-24 13:00:00+09:00,74740881,310100.0,1,5,オープン戦,3.0,3回表,1,原,土山,白井,真鍋,,,1,4,中日,D,,5,阪神,T,,,,,,,3回表 中0-1神　阪神は9番近本からの攻撃,3 Kai Hyouchuu 0-1 Shin Hanshin wa 9 Ban Kin Hon kara no Kougeki,,,,,0,,,,,,,,,,,,,,,,,,,,,,,,,,,,,,,,,,,,,,,,,,,,,,,,2019-02-24 06:56:26+00:00,2019-02-24 06:56:26+00:00,0,4145,20,北谷,2026-10-01T20:50:19.593663
2019,2019022403,2019-02-24 13:00:00+09:00,74740882,310100.0,1,5,オープン戦,3.0,3回表,1,原,土山,白井,真鍋,,,1,4,中日,D,,5,阪神,T,,,,,,,＜9番：近本＞無死走者なし,<9 Ban: Kinhon> Mushi Sousha Nashi,,,,,0,,,,,,,,,,,,,,,,,,,,,,,,,,,,,,,,,,,,,,,,,,,,,,,,2019-02-24 06:56:26+00:00,2019-02-24 06:56:26+00:00,0,4145,20,北谷,2026-10-01T20:50:19.593663
2019,2019022403,2019-02-24 13:00:00+09:00,74740883,310101.0,1,5,オープン戦,3.0,3回表,1,原,土山,白井,真鍋,,,1,4,中日,D,,5,阪神,T,,,,,,,1球目:内角高めのストレートを見逃してストライク 0-1,1 Tamame: Naikaku Takame no Straight wo Minogashite Strike 0-1,,,,,1,,,,,,,,,,,,,,,,,,,,,,,,,,,,,,,,,,,,,,,,,,,,,,,,2019-02-24 06:56:26+00:00,2019-02-24 06:56:26+00:00,0,4145,20,北谷,2026-10-01T20:50:19.593663
2019,2019022403,2019-02-24 13:00:00+09:00,74740884,310102.0,1,5,オープン戦,3.0,3回表,1,原,土山,白井,真鍋,,,1,4,中日,D,,5,阪神,T,,,,,,,2球目:甘い変化球を空振りストライク 0-2,2 Tamame: Amai Henka Kyuu wo Karaburi Strike 0-2,,,,,2,,,,,,,,,,,,,,,,,,,,,,,,,,,,,,,,,,,,,,,,,,,,,,,,2019-02-24 06:56:26+00:00,2019-02-24 06:56:26+00:00,0,4145,20,北谷,2026-10-01T20:50:19.593663
2019,2019022403,2019-02-24 13:00:00+09:00,74740885,310103.0,1,5,オープン戦,3.0,3回表,1,原,土山,白井,真鍋,,,1,4,中日,D,,5,阪神,T,,,,,,,3球目:外角低めのチェンジアップを見逃してボール 1-2,3 Tamame: Gaikaku Hikume no Change Up wo Minogashite Ball 1-2,,,,,3,,,,,,,,,,,,,,,,,,,,,,,,,,,,,,,,,,,,,,,,,,,,,,,,2019-02-24 06:56:26+00:00,2019-02-24 06:56:26+00:00,0,4145,20,北谷,2026-10-01T20:50:19.593663
2019,2019022403,2019-02-24 13:00:00+09:00,74740886,310104.0,1,5,オープン戦,3.0,3回表,1,原,土山,白井,真鍋,,,1,4,中日,D,,5,阪神,T,,,,,,,4球目:レフトへのヒットで出塁 1塁,4 Tamame: Left e no Hit de Shutsurui 1 Rui,,,,,4,,,,,,,,,,,,,,,,,,,,,,,,,,,,,,,,,,,,,,,,,,,,,,,,2019-02-24 06:56:26+00:00,2019-02-24 06:56:26+00:00,0,4145,20,北谷,2026-10-01T20:50:19.593663
2019,2019022403,2019-02-24 13:00:00+09:00,74740887,310200.0,1,5,オープン戦,3.0,3回表,2,原,土山,白井,真鍋,,,1,4,中日,D,,5,阪神,T,,,,,,,＜1番：上本＞無死1塁,<1 Ban: Uemoto> Mushi 1 Rui,,,,,0,,,,,,,,,,,,,,,,,,,,,,,,,,,,,,,,,,,,,,,,,,,,,,,,2019-02-24 06:56:26+00:00,2019-02-24 06:56:26+00:00,0,4145,20,北谷,2026-10-01T20:50:19.593663
2019,2019022403,2019-02-24 13:00:00+09:00,74740888,310201.0,1,5,オープン戦,3.0,3回表,2,原,土山,白井,真鍋,,,1,4,中日,D,,5,阪神,T,,,,,,,1球目:際どいコースのストレートを見逃してストライク 0-1,1 Tamame: Kiwadoi Course no Straight wo Minogashite Strike 0-1,,,,,1,,,,,,,,,,,,,,,,,,,,,,,,,,,,,,,,,,,,,,,,,,,,,,,,2019-02-24 06:56:26+00:00,2019-02-24 06:56:26+00:00,0,4145,20,北谷,2026-10-01T20:50:19.593663
2019,2019022403,2019-02-24 13:00:00+09:00,74740889,310200.0,1,5,オープン戦,3.0,3回表,2,原,土山,白井,真鍋,,,1,4,中日,D,,5,阪神,T,,,,,,,1塁けん制:ランナー近本帰塁,1 Rui Kensei: Runner Kinhonkirui,,,,,0,,,,,,,,,,,,,,,,,,,,,,,,,,,,,,,,,,,,,,,,,,,,,,,,2019-02-24 06:56:26+00:00,2019-02-24 06:56:26+00:00,0,4145,20,北谷,2026-10-01T20:50:19.593663
2019,2019022403,2019-02-24 13:00:00+09:00,74740890,310200.0,1,5,オープン戦,3.0,3回表,2,原,土山,白井,真鍋,,,1,4,中日,D,,5,阪神,T,,,,,,,また1塁けん制:ランナー近本帰塁,Mata 1 Rui Kensei: Runner Kinhonkirui,,,,,0,,,,,,,,,,,,,,,,,,,,,,,,,,,,,,,,,,,,,,,,,,,,,,,,2019-02-24 06:56:26+00:00,2019-02-24 06:56:26+00:00,0,4145,20,北谷,2026-10-01T20:50:19.593663
2019,2019022403,2019-02-24 13:00:00+09:00,74740891,310202.0,1,5,オープン戦,3.0,3回表,2,原,土山,白井,真鍋,,,1,4,中日,D,,5,阪神,T,,,,,,,2球目:ショートゴロ 1アウト1塁,2 Tamame: Short Grounder 1 Out 1 Rui,,,,,2,,,,,,,,,,,,,,,,,,,,,,,,,,,,,,,,,,,,,,,,,,,,,,,,2019-02-24 06:56:26+00:00,2019-02-24 06:56:26+00:00,0,4145,20,北谷,2026-10-01T20:50:19.593663
2019,2019022403,2019-02-24 13:00:00+09:00,74740892,310300.0,1,5,オープン戦,3.0,3回表,3,原,土山,白井,真鍋,,,1,4,中日,D,,5,阪神,T,,,,,,,＜2番：鳥谷＞一死1塁,<2 Ban: Toritani> Ichi Shi 1 Rui,,,,,0,,,,,,,,,,,,,,,,,,,,,,,,,,,,,,,,,,,,,,,,,,,,,,,,2019-02-24 06:56:26+00:00,2019-02-24 06:56:26+00:00,0,4145,20,北谷,2026-10-01T20:50:19.593663
2019,2019022403,2019-02-24 13:00:00+09:00,74740893,310301.0,1,5,オープン戦,3.0,3回表,3,原,土山,白井,真鍋,,,1,4,中日,D,,5,阪神,T,,,,,,,1球目:ど真ん中の球を見逃してストライク 0-1,1 Tamame: Domannaka no Tama wo Minogashite Strike 0-1,,,,,1,,,,,,,,,,,,,,,,,,,,,,,,,,,,,,,,,,,,,,,,,,,,,,,,2019-02-24 06:56:26+00:00,2019-02-24 06:56:26+00:00,0,4145,20,北谷,2026-10-01T20:50:19.593663
2019,2019022403,2019-02-24 13:00:00+09:00,74740894,310300.0,1,5,オープン戦,3.0,3回表,3,原,土山,白井,真鍋,,,1,4,中日,D,,5,阪神,T,,,,,,,一塁走者上本:盗塁成功 2塁,Ichirui Soushajou Hon: Tourui Seikou 2 Rui,,,,,0,,,,,,,,,,,,,,,,,,,,,,,,,,,,,,,,,,,,,,,,,,,,,,,,2019-02-24 06:56:26+00:00,2019-02-24 06:56:26+00:00,0,4145,20,北谷,2026-10-01T20:50:19.593663
2019,2019022403,2019-02-24 13:00:00+09:00,74740895,310302.0,1,5,オープン戦,3.0,3回表,3,原,土山,白井,真鍋,,,1,4,中日,D,,5,阪神,T,,,,,,,2球目:外角高めのチェンジアップを見逃してボール 1-1,2 Tamame: Gaikaku Takame no Change Up wo Minogashite Ball 1-1,,,,,2,,,,,,,,,,,,,,,,,,,,,,,,,,,,,,,,,,,,,,,,,,,,,,,,2019-02-24 06:56:26+00:00,2019-02-24 06:56:26+00:00,0,4145,20,北谷,2026-10-01T20:50:19.593663
2019,2019022403,2019-02-24 13:00:00+09:00,74740896,310303.0,1,5,オープン戦,3.0,3回表,3,原,土山,白井,真鍋,,,1,4,中日,D,,5,阪神,T,,,,,,,3球目:高めのチェンジアップを見逃してストライク 1-2,3 Tamame: Takame no Change Up wo Minogashite Strike 1-2,,,,,3,,,,,,,,,,,,,,,,,,,,,,,,,,,,,,,,,,,,,,,,,,,,,,,,2019-02-24 06:56:26+00:00,2019-02-24 06:56:26+00:00,0,4145,20,北谷,2026-10-01T20:50:19.593663
2019,2019022403,2019-02-24 13:00:00+09:00,74740897,310304.0,1,5,オープン戦,3.0,3回表,3,原,土山,白井,真鍋,,,1,4,中日,D,,5,阪神,T,,,,,,,4球目:外角低めのストレートを打ってファウル 1-2,4 Tamame: Gaikaku Hikume no Straight wo Utte Foul 1-2,,,,,4,,,,,,,,,,,,,,,,,,,,,,,,,,,,,,,,,,,,,,,,,,,,,,,,2019-02-24 06:56:26+00:00,2019-02-24 06:56:26+00:00,0,4145,20,北谷,2026-10-01T20:50:19.593663
2019,2019022403,2019-02-24 13:00:00+09:00,74740898,310305.0,1,5,オープン戦,3.0,3回表,3,原,土山,白井,真鍋,,,1,4,中日,D,,5,阪神,T,,,,,,,5球目:ランナー2塁の1-2からライトへタイムリーツーベース！,5 Tamame: Runner 2 Rui no 1-2 kara Raito e Timely Two Base!,,,,,5,,,,,,,,,,,,,,,,,,,,,,,,,,,,,,,,,,,,,,,,,,,,,,,,2019-02-24 06:56:26+00:00,2019-02-24 06:56:26+00:00,0,4145,20,北谷,2026-10-01T20:50:19.593663
2019,2019022403,2019-02-24 13:00:00+09:00,74740899,310300.0,1,5,オープン戦,3.0,3回表,3,原,土山,白井,真鍋,,,1,4,中日,D,,5,阪神,T,,,,,,,打者鳥谷は走塁死 中0-2神 2アウト,Dasha Toritani wa Sourui Shichuu 0-2 Kami 2 Out,,,,,0,,,,,,,,,,,,,,,,,,,,,,,,,,,,,,,,,,,,,,,,,,,,,,,,2019-02-24 06:56:26+00:00,2019-02-24 06:56:26+00:00,0,4145,20,北谷,2026-10-01T20:50:19.593663
2019,2019022403,2019-02-24 13:00:00+09:00,74740900,310400.0,1,5,オープン戦,3.0,3回表,4,原,土山,白井,真鍋,,,1,4,中日,D,,5,阪神,T,,,,,,,＜3番：福留＞二死走者なし,<3 Ban: Fukutome> Ni Shi Sousha Nashi,,,,,0,,,,,,,,,,,,,,,,,,,,,,,,,,,,,,,,,,,,,,,,,,,,,,,,2019-02-24 06:56:26+00:00,2019-02-24 06:56:26+00:00,0,4145,20,北谷,2026-10-01T20:50:19.593663
2019,2019022403,2019-02-24 13:00:00+09:00,74740901,310401.0,1,5,オープン戦,3.0,3回表,4,原,土山,白井,真鍋,,,1,4,中日,D,,5,阪神,T,,,,,,,1球目:外角高めの変化球を見逃してボール 1-0,1 Tamame: Gaikaku Takame no Henka Kyuu wo Minogashite Ball 1-0,,,,,1,,,,,,,,,,,,,,,,,,,,,,,,,,,,,,,,,,,,,,,,,,,,,,,,2019-02-24 06:56:26+00:00,2019-02-24 06:56:26+00:00,0,4145,20,北谷,2026-10-01T20:50:19.593663
2019,2019022403,2019-02-24 13:00:00+09:00,74740902,310402.0,1,5,オープン戦,3.0,3回表,4,原,土山,白井,真鍋,,,1,4,中日,D,,5,阪神,T,,,,,,,2球目:外角高めのストレートを見逃してボール 2-0,2 Tamame: Gaikaku Takame no Straight wo Minogashite Ball 2-0,,,,,2,,,,,,,,,,,,,,,,,,,,,,,,,,,,,,,,,,,,,,,,,,,,,,,,2019-02-24 06:56:26+00:00,2019-02-24 06:56:26+00:00,0,4145,20,北谷,2026-10-01T20:50:19.593663
2019,2019022403,2019-02-24 13:00:00+09:00,74740903,310403.0,1,5,オープン戦,3.0,3回表,4,原,土山,白井,真鍋,,,1,4,中日,D,,5,阪神,T,,,,,,,3球目:低めの変化球を打つもセンターフライ 3アウトチェンジ,3 Tamame: Hikume no Henka Kyuu wo Utsu mo Center Fly 3 Out Change,,,,,3,,,,,,,,,,,,,,,,,,,,,,,,,,,,,,,,,,,,,,,,,,,,,,,,2019-02-24 06:56:26+00:00,2019-02-24 06:56:26+00:00,0,4145,20,北谷,2026-10-01T20:50:19.593663
2019,2019022403,2019-02-24 13:00:00+09:00,74740904,320100.0,1,5,オープン戦,3.0,3回裏,1,原,土山,白井,真鍋,,,1,4,中日,D,,5,阪神,T,,,,,,,3回裏 中0-2神　中日は1番京田からの攻撃,3 Kairichuu 0-2 Kami Chuunichi wa 1 Ban Kyouda kara no Kougeki,,,,,0,,,,,,,,,,,,,,,,,,,,,,,,,,,,,,,,,,,,,,,,,,,,,,,,2019-02-24 06:56:26+00:00,2019-02-24 06:56:26+00:00,0,4145,20,北谷,2026-10-01T20:50:19.593663
2019,2019022403,2019-02-24 13:00:00+09:00,74740905,320100.0,1,5,オープン戦,3.0,3回裏,1,原,土山,白井,真鍋,,,1,4,中日,D,,5,阪神,T,,,,,,,守備交代:レフト中谷,Shubi Koutai: Left Nakatani,,,,,0,,,,,,,,,,,,,,,,,,,,,,,,,,,,,,,,,,,,,,,,,,,,,,,,2019-02-24 06:56:26+00:00,2019-02-24 06:56:26+00:00,0,4145,20,北谷,2026-10-01T20:50:19.593663
2019,2019022403,2019-02-24 13:00:00+09:00,74740906,320100.0,1,5,オープン戦,3.0,3回裏,1,原,土山,白井,真鍋,,,1,4,中日,D,,5,阪神,T,,,,,,,＜1番：京田＞無死走者なし,<1 Ban: Kyouda> Mushi Sousha Nashi,,,,,0,,,,,,,,,,,,,,,,,,,,,,,,,,,,,,,,,,,,,,,,,,,,,,,,2019-02-24 06:56:26+00:00,2019-02-24 06:56:26+00:00,0,4145,20,北谷,2026-10-01T20:50:19.593663
2019,2019022403,2019-02-24 13:00:00+09:00,74740907,320101.0,1,5,オープン戦,3.0,3回裏,1,原,土山,白井,真鍋,,,1,4,中日,D,,5,阪神,T,,,,,,,1球目:外角高めのカットボールを見逃してボール 1-0,1 Tamame: Gaikaku Takame no Cut Ball wo Minogashite Ball 1-0,,,,,1,,,,,,,,,,,,,,,,,,,,,,,,,,,,,,,,,,,,,,,,,,,,,,,,2019-02-24 06:56:26+00:00,2019-02-24 06:56:26+00:00,0,4145,20,北谷,2026-10-01T20:50:19.593663
2019,2019022403,2019-02-24 13:00:00+09:00,74740908,320102.0,1,5,オープン戦,3.0,3回裏,1,原,土山,白井,真鍋,,,1,4,中日,D,,5,阪神,T,,,,,,,2球目:外角高めのカットボールを見逃してボール 2-0,2 Tamame: Gaikaku Takame no Cut Ball wo Minogashite Ball 2-0,,,,,2,,,,,,,,,,,,,,,,,,,,,,,,,,,,,,,,,,,,,,,,,,,,,,,,2019-02-24 06:56:26+00:00,2019-02-24 06:56:26+00:00,0,4145,20,北谷,2026-10-01T20:50:19.593663
2019,2019022403,2019-02-24 13:00:00+09:00,74740909,320103.0,1,5,オープン戦,3.0,3回裏,1,原,土山,白井,真鍋,,,1,4,中日,D,,5,阪神,T,,,,,,,3球目:ライトへのツーベース 2塁,3 Tamame: Raito e no Two Base 2 Rui,,,,,3,,,,,,,,,,,,,,,,,,,,,,,,,,,,,,,,,,,,,,,,,,,,,,,,2019-02-24 06:56:26+00:00,2019-02-24 06:56:26+00:00,0,4145,20,北谷,2026-10-01T20:50:19.593663
2019,2019022403,2019-02-24 13:00:00+09:00,74740910,320200.0,1,5,オープン戦,3.0,3回裏,2,原,土山,白井,真鍋,,,1,4,中日,D,,5,阪神,T,,,,,,,＜2番：亀澤＞無死2塁,<2 Ban: Kamezawa> Mushi 2 Rui,,,,,0,,,,,,,,,,,,,,,,,,,,,,,,,,,,,,,,,,,,,,,,,,,,,,,,2019-02-24 06:56:26+00:00,2019-02-24 06:56:26+00:00,0,4145,20,北谷,2026-10-01T20:50:19.593663
2019,2019022403,2019-02-24 13:00:00+09:00,74740911,320201.0,1,5,オープン戦,3.0,3回裏,2,原,土山,白井,真鍋,,,1,4,中日,D,,5,阪神,T,,,,,,,1球目:右打ちのバッティングを見せセカンドゴロ 1アウト3塁,1 Tamame: Migiuchi no Batting wo Mise Sekando Grounder 1 Out 3 Rui,,,,,1,,,,,,,,,,,,,,,,,,,,,,,,,,,,,,,,,,,,,,,,,,,,,,,,2019-02-24 06:56:26+00:00,2019-02-24 06:56:26+00:00,0,4145,20,北谷,2026-10-01T20:50:19.593663
2019,2019022403,2019-02-24 13:00:00+09:00,74740912,320300.0,1,5,オープン戦,3.0,3回裏,3,原,土山,白井,真鍋,,,1,4,中日,D,,5,阪神,T,,,,,,,＜3番：大島＞一死3塁,<3 Ban: Ooshima> Ichi Shi 3 Rui,,,,,0,,,,,,,,,,,,,,,,,,,,,,,,,,,,,,,,,,,,,,,,,,,,,,,,2019-02-24 06:56:26+00:00,2019-02-24 06:56:26+00:00,0,4145,20,北谷,2026-10-01T20:50:19.593663
2019,2019022403,2019-02-24 13:00:00+09:00,74740913,320301.0,1,5,オープン戦,3.0,3回裏,3,原,土山,白井,真鍋,,,1,4,中日,D,,5,阪神,T,,,,,,,1球目:外角高めのストレートを見逃してボール 1-0,1 Tamame: Gaikaku Takame no Straight wo Minogashite Ball 1-0,,,,,1,,,,,,,,,,,,,,,,,,,,,,,,,,,,,,,,,,,,,,,,,,,,,,,,2019-02-24 06:56:26+00:00,2019-02-24 06:56:26+00:00,0,4145,20,北谷,2026-10-01T20:50:19.593663
2019,2019022403,2019-02-24 13:00:00+09:00,74740914,320302.0,1,5,オープン戦,3.0,3回裏,3,原,土山,白井,真鍋,,,1,4,中日,D,,5,阪神,T,,,,,,,2球目:内角低めのストレートを見逃してストライク 1-1,2 Tamame: Naikaku Hikume no Straight wo Minogashite Strike 1-1,,,,,2,,,,,,,,,,,,,,,,,,,,,,,,,,,,,,,,,,,,,,,,,,,,,,,,2019-02-24 06:56:26+00:00,2019-02-24 06:56:26+00:00,0,4145,20,北谷,2026-10-01T20:50:19.593663
2019,2019022403,2019-02-24 13:00:00+09:00,74740915,320303.0,1,5,オープン戦,3.0,3回裏,3,原,土山,白井,真鍋,,,1,4,中日,D,,5,阪神,T,,,,,,,3球目:1アウト3塁の1-1から木浪(一)のフィルダースチョイスで中日1点をあげる 中1-2神 1塁,3 Tamame:1 Out 3 Rui no 1-1 kara Kirou (Ichi) no Firudaasuchoisu de Chuunichi 1 Ten wo Ageru Naka 1-2 Kami 1 Rui,,,,,3,,,,,,,,,,,,,,,,,,,,,,,,,,,,,,,,,,,,,,,,,,,,,,,,2019-02-24 06:56:26+00:00,2019-02-24 06:56:26+00:00,0,4145,20,北谷,2026-10-01T20:50:19.593663
2019,2019022403,2019-02-24 13:00:00+09:00,74740916,320400.0,1,5,オープン戦,3.0,3回裏,4,原,土山,白井,真鍋,,,1,4,中日,D,,5,阪神,T,,,,,,,＜4番：モヤ＞一死1塁,<4 Ban: Moya> Ichi Shi 1 Rui,,,,,0,,,,,,,,,,,,,,,,,,,,,,,,,,,,,,,,,,,,,,,,,,,,,,,,2019-02-24 06:56:26+00:00,2019-02-24 06:56:26+00:00,0,4145,20,北谷,2026-10-01T20:50:19.593663
2019,2019022403,2019-02-24 13:00:00+09:00,74740917,320401.0,1,5,オープン戦,3.0,3回裏,4,原,土山,白井,真鍋,,,1,4,中日,D,,5,阪神,T,,,,,,,1球目:外角高めのストレートを打ちにいくもファウル 0-1,1 Tamame: Gaikaku Takame no Straight wo Uchi ni Iku mo Foul 0-1,,,,,1,,,,,,,,,,,,,,,,,,,,,,,,,,,,,,,,,,,,,,,,,,,,,,,,2019-02-24 06:56:26+00:00,2019-02-24 06:56:26+00:00,0,4145,20,北谷,2026-10-01T20:50:19.593663
2019,2019022403,2019-02-24 13:00:00+09:00,74740918,320402.0,1,5,オープン戦,3.0,3回裏,4,原,土山,白井,真鍋,,,1,4,中日,D,,5,阪神,T,,,,,,,2球目:外角高めの変化球を見逃してボール 1-1,2 Tamame: Gaikaku Takame no Henka Kyuu wo Minogashite Ball 1-1,,,,,2,,,,,,,,,,,,,,,,,,,,,,,,,,,,,,,,,,,,,,,,,,,,,,,,2019-02-24 06:56:26+00:00,2019-02-24 06:56:26+00:00,0,4145,20,北谷,2026-10-01T20:50:19.593663
2019,2019022403,2019-02-24 13:00:00+09:00,74740919,320403.0,1,5,オープン戦,3.0,3回裏,4,原,土山,白井,真鍋,,,1,4,中日,D,,5,阪神,T,,,,,,,3球目:外角高めのストレートを打ってファウル 1-2,3 Tamame: Gaikaku Takame no Straight wo Utte Foul 1-2,,,,,3,,,,,,,,,,,,,,,,,,,,,,,,,,,,,,,,,,,,,,,,,,,,,,,,2019-02-24 06:56:26+00:00,2019-02-24 06:56:26+00:00,0,4145,20,北谷,2026-10-01T20:50:19.593663
2019,2019022403,2019-02-24 13:00:00+09:00,74740920,320404.0,1,5,オープン戦,3.0,3回裏,4,原,土山,白井,真鍋,,,1,4,中日,D,,5,阪神,T,,,,,,,4球目:ショートゴロ 2アウト2塁,4 Tamame: Short Grounder 2 Out 2 Rui,,,,,4,,,,,,,,,,,,,,,,,,,,,,,,,,,,,,,,,,,,,,,,,,,,,,,,2019-02-24 06:56:26+00:00,2019-02-24 06:56:26+00:00,0,4145,20,北谷,2026-10-01T20:50:19.593663
2019,2019022403,2019-02-24 13:00:00+09:00,74740921,320500.0,1,5,オープン戦,3.0,3回裏,5,原,土山,白井,真鍋,,,1,4,中日,D,,5,阪神,T,,,,,,,＜5番：阿部＞二死2塁,<5 Ban: Abe> Ni Shi 2 Rui,,,,,0,,,,,,,,,,,,,,,,,,,,,,,,,,,,,,,,,,,,,,,,,,,,,,,,2019-02-24 06:56:26+00:00,2019-02-24 06:56:26+00:00,0,4145,20,北谷,2026-10-01T20:50:19.593663
2019,2019022403,2019-02-24 13:00:00+09:00,74740922,320501.0,1,5,オープン戦,3.0,3回裏,5,原,土山,白井,真鍋,,,1,4,中日,D,,5,阪神,T,,,,,,,1球目:外角低めのカットボールを見逃してボール 1-0,1 Tamame: Gaikaku Hikume no Cut Ball wo Minogashite Ball 1-0,,,,,1,,,,,,,,,,,,,,,,,,,,,,,,,,,,,,,,,,,,,,,,,,,,,,,,2019-02-24 06:56:26+00:00,2019-02-24 06:56:26+00:00,0,4145,20,北谷,2026-10-01T20:50:19.593663
2019,2019022403,2019-02-24 13:00:00+09:00,74740923,320502.0,1,5,オープン戦,3.0,3回裏,5,原,土山,白井,真鍋,,,1,4,中日,D,,5,阪神,T,,,,,,,2球目:外角高めのストレートを見逃してボール 2-0,2 Tamame: Gaikaku Takame no Straight wo Minogashite Ball 2-0,,,,,2,,,,,,,,,,,,,,,,,,,,,,,,,,,,,,,,,,,,,,,,,,,,,,,,2019-02-24 06:56:26+00:00,2019-02-24 06:56:26+00:00,0,4145,20,北谷,2026-10-01T20:50:19.593663
2019,2019022403,2019-02-24 13:00:00+09:00,74740924,320503.0,1,5,オープン戦,3.0,3回裏,5,原,土山,白井,真鍋,,,1,4,中日,D,,5,阪神,T,,,,,,,3球目:内角高めのストレートを見逃してボール 3-0,3 Tamame: Naikaku Takame no Straight wo Minogashite Ball 3-0,,,,,3,,,,,,,,,,,,,,,,,,,,,,,,,,,,,,,,,,,,,,,,,,,,,,,,2019-02-24 06:56:26+00:00,2019-02-24 06:56:26+00:00,0,4145,20,北谷,2026-10-01T20:50:19.593663
2019,2019022403,2019-02-24 13:00:00+09:00,74740925,320504.0,1,5,オープン戦,3.0,3回裏,5,原,土山,白井,真鍋,,,1,4,中日,D,,5,阪神,T,,,,,,,4球目:外角のストレートを見逃してストライク 3-1,4 Tamame: Gaikaku no Straight wo Minogashite Strike 3-1,,,,,4,,,,,,,,,,,,,,,,,,,,,,,,,,,,,,,,,,,,,,,,,,,,,,,,2019-02-24 06:56:26+00:00,2019-02-24 06:56:26+00:00,0,4145,20,北谷,2026-10-01T20:50:19.593663
2019,2019022403,2019-02-24 13:00:00+09:00,74740926,320505.0,1,5,オープン戦,3.0,3回裏,5,原,土山,白井,真鍋,,,1,4,中日,D,,5,阪神,T,,,,,,,"5球目:一度もバットを振ることなくフォアボールを選ぶ 1,2塁","5 Tamame: Ichi Do mo Batto wo Furu Koto Naku Four Ball wo Erabu 1,2 Rui",,,,,5,,,,,,,,,,,,,,,,,,,,,,,,,,,,,,,,,,,,,,,,,,,,,,,,2019-02-24 06:56:26+00:00,2019-02-24 06:56:26+00:00,0,4145,20,北谷,2026-10-01T20:50:19.593663
2019,2019022403,2019-02-24 13:00:00+09:00,74740927,320600.0,1,5,オープン戦,3.0,3回裏,6,原,土山,白井,真鍋,,,1,4,中日,D,,5,阪神,T,,,,,,,－阪神:内野手マウンドへ集まる－,- Hanshin: Naiyashu Mound e Atsumaru -,,,,,0,,,,,,,,,,,,,,,,,,,,,,,,,,,,,,,,,,,,,,,,,,,,,,,,2019-02-24 06:56:26+00:00,2019-02-24 06:56:26+00:00,0,4145,20,北谷,2026-10-01T20:50:19.593663
2019,2019022403,2019-02-24 13:00:00+09:00,74740928,320600.0,1,5,オープン戦,3.0,3回裏,6,原,土山,白井,真鍋,,,1,4,中日,D,,5,阪神,T,,,,,,,"＜6番：井領＞二死1,2塁","<6 Ban: Iryou> Ni Shi 1,2 Rui",,,,,0,,,,,,,,,,,,,,,,,,,,,,,,,,,,,,,,,,,,,,,,,,,,,,,,2019-02-24 06:56:26+00:00,2019-02-24 06:56:26+00:00,0,4145,20,北谷,2026-10-01T20:50:19.593663
2019,2019022403,2019-02-24 13:00:00+09:00,74740929,320601.0,1,5,オープン戦,3.0,3回裏,6,原,土山,白井,真鍋,,,1,4,中日,D,,5,阪神,T,,,,,,,1球目:内角低めのストレートを見逃してボール 1-0,1 Tamame: Naikaku Hikume no Straight wo Minogashite Ball 1-0,,,,,1,,,,,,,,,,,,,,,,,,,,,,,,,,,,,,,,,,,,,,,,,,,,,,,,2019-02-24 06:56:26+00:00,2019-02-24 06:56:26+00:00,0,4145,20,北谷,2026-10-01T20:50:19.593663
2019,2019022403,2019-02-24 13:00:00+09:00,74740930,320602.0,1,5,オープン戦,3.0,3回裏,6,原,土山,白井,真鍋,,,1,4,中日,D,,5,阪神,T,,,,,,,2球目:内角低めの変化球を空振りストライク 1-1,2 Tamame: Naikaku Hikume no Henka Kyuu wo Karaburi Strike 1-1,,,,,2,,,,,,,,,,,,,,,,,,,,,,,,,,,,,,,,,,,,,,,,,,,,,,,,2019-02-24 06:56:26+00:00,2019-02-24 06:56:26+00:00,0,4145,20,北谷,2026-10-01T20:50:19.593663
2019,2019022403,2019-02-24 13:00:00+09:00,74740931,320603.0,1,5,オープン戦,3.0,3回裏,6,原,土山,白井,真鍋,,,1,4,中日,D,,5,阪神,T,,,,,,,3球目:内角低めのストレートを見逃してボール 2-1,3 Tamame: Naikaku Hikume no Straight wo Minogashite Ball 2-1,,,,,3,,,,,,,,,,,,,,,,,,,,,,,,,,,,,,,,,,,,,,,,,,,,,,,,2019-02-24 06:56:26+00:00,2019-02-24 06:56:26+00:00,0,4145,20,北谷,2026-10-01T20:50:19.593663
2019,2019022403,2019-02-24 13:00:00+09:00,74740932,320604.0,1,5,オープン戦,3.0,3回裏,6,原,土山,白井,真鍋,,,1,4,中日,D,,5,阪神,T,,,,,,,4球目:内角高めのストレートを見逃してボール 3-1,4 Tamame: Naikaku Takame no Straight wo Minogashite Ball 3-1,,,,,4,,,,,,,,,,,,,,,,,,,,,,,,,,,,,,,,,,,,,,,,,,,,,,,,2019-02-24 06:56:26+00:00,2019-02-24 06:56:26+00:00,0,4145,20,北谷,2026-10-01T20:50:19.593663
2019,2019022403,2019-02-24 13:00:00+09:00,74740933,320605.0,1,5,オープン戦,3.0,3回裏,6,原,土山,白井,真鍋,,,1,4,中日,D,,5,阪神,T,,,,,,,5球目:フォアボールを選ぶ 満塁,5 Tamame: Four Ball wo Erabu Manrui,,,,,5,,,,,,,,,,,,,,,,,,,,,,,,,,,,,,,,,,,,,,,,,,,,,,,,2019-02-24 06:56:26+00:00,2019-02-24 06:56:26+00:00,0,4145,20,北谷,2026-10-01T20:50:19.593663
2019,2019022403,2019-02-24 13:00:00+09:00,74740934,320700.0,1,5,オープン戦,3.0,3回裏,7,原,土山,白井,真鍋,,,1,4,中日,D,,5,阪神,T,,,,,,,＜7番：石川駿＞二死満塁,<7 Ban: Ishikawa Shun> Ni Shi Manrui,,,,,0,,,,,,,,,,,,,,,,,,,,,,,,,,,,,,,,,,,,,,,,,,,,,,,,2019-02-24 06:56:26+00:00,2019-02-24 06:56:26+00:00,0,4145,20,北谷,2026-10-01T20:50:19.593663
2019,2019022403,2019-02-24 13:00:00+09:00,74740935,320701.0,1,5,オープン戦,3.0,3回裏,7,原,土山,白井,真鍋,,,1,4,中日,D,,5,阪神,T,,,,,,,1球目:ランナーフルベースから外角のストレートを打つもライトフライ 3アウトチェンジ,1 Tamame: Runner Full Base kara Gaikaku no Straight wo Utsu mo Raito Fly 3 Out Change,,,,,1,,,,,,,,,,,,,,,,,,,,,,,,,,,,,,,,,,,,,,,,,,,,,,,,2019-02-24 06:56:26+00:00,2019-02-24 06:56:26+00:00,0,4145,20,北谷,2026-10-01T20:50:19.593663
2019,2019022403,2019-02-24 13:00:00+09:00,74740936,410100.0,1,5,オープン戦,4.0,4回表,1,原,土山,白井,真鍋,,,1,4,中日,D,,5,阪神,T,,,,,,,4回表 中1-2神　阪神は4番大山からの攻撃,4 Kai Hyouchuu 1-2 Shin Hanshin wa 4 Ban Taisan kara no Kougeki,,,,,0,,,,,,,,,,,,,,,,,,,,,,,,,,,,,,,,,,,,,,,,,,,,,,,,2019-02-24 06:56:26+00:00,2019-02-24 06:56:26+00:00,0,4145,20,北谷,2026-10-01T20:50:19.593663
2019,2019022403,2019-02-24 13:00:00+09:00,74740937,410100.0,1,5,オープン戦,4.0,4回表,1,原,土山,白井,真鍋,,,1,4,中日,D,,5,阪神,T,,,,,,,守備交代:センター遠藤,Shubi Koutai: Center Endou,,,,,0,,,,,,,,,,,,,,,,,,,,,,,,,,,,,,,,,,,,,,,,,,,,,,,,2019-02-24 06:56:26+00:00,2019-02-24 06:56:26+00:00,0,4145,20,北谷,2026-10-01T20:50:19.593663
2019,2019022403,2019-02-24 13:00:00+09:00,74740938,410100.0,1,5,オープン戦,4.0,4回表,1,原,土山,白井,真鍋,,,1,4,中日,D,,5,阪神,T,,,,,,,＜4番：大山＞無死走者なし,<4 Ban: Daisen> Mushi Sousha Nashi,,,,,0,,,,,,,,,,,,,,,,,,,,,,,,,,,,,,,,,,,,,,,,,,,,,,,,2019-02-24 06:56:26+00:00,2019-02-24 06:56:26+00:00,0,4145,20,北谷,2026-10-01T20:50:19.593663
2019,2019022403,2019-02-24 13:00:00+09:00,74740939,410101.0,1,5,オープン戦,4.0,4回表,1,原,土山,白井,真鍋,,,1,4,中日,D,,5,阪神,T,,,,,,,1球目:内角低めのストレートを見逃してボール 1-0,1 Tamame: Naikaku Hikume no Straight wo Minogashite Ball 1-0,,,,,1,,,,,,,,,,,,,,,,,,,,,,,,,,,,,,,,,,,,,,,,,,,,,,,,2019-02-24 06:56:26+00:00,2019-02-24 06:56:26+00:00,0,4145,20,北谷,2026-10-01T20:50:19.593663
2019,2019022403,2019-02-24 13:00:00+09:00,74740940,410102.0,1,5,オープン戦,4.0,4回表,1,原,土山,白井,真鍋,,,1,4,中日,D,,5,阪神,T,,,,,,,2球目:外角の変化球を見逃してストライク 1-1,2 Tamame: Gaikaku no Henka Kyuu wo Minogashite Strike 1-1,,,,,2,,,,,,,,,,,,,,,,,,,,,,,,,,,,,,,,,,,,,,,,,,,,,,,,2019-02-24 06:56:26+00:00,2019-02-24 06:56:26+00:00,0,4145,20,北谷,2026-10-01T20:50:19.593663
2019,2019022403,2019-02-24 13:00:00+09:00,74740941,410103.0,1,5,オープン戦,4.0,4回表,1,原,土山,白井,真鍋,,,1,4,中日,D,,5,阪神,T,,,,,,,3球目:外角低めのストレートを見逃してストライク 1-2,3 Tamame: Gaikaku Hikume no Straight wo Minogashite Strike 1-2,,,,,3,,,,,,,,,,,,,,,,,,,,,,,,,,,,,,,,,,,,,,,,,,,,,,,,2019-02-24 06:56:26+00:00,2019-02-24 06:56:26+00:00,0,4145,20,北谷,2026-10-01T20:50:19.593663
2019,2019022403,2019-02-24 13:00:00+09:00,74740942,410104.0,1,5,オープン戦,4.0,4回表,1,原,土山,白井,真鍋,,,1,4,中日,D,,5,阪神,T,,,,,,,4球目:低めのチェンジアップを打つもサードライナー 1アウト,4 Tamame: Hikume no Change Up wo Utsu mo Third Liner 1 Out,,,,,4,,,,,,,,,,,,,,,,,,,,,,,,,,,,,,,,,,,,,,,,,,,,,,,,2019-02-24 06:56:26+00:00,2019-02-24 06:56:26+00:00,0,4145,20,北谷,2026-10-01T20:50:19.593663
2019,2019022403,2019-02-24 13:00:00+09:00,74740943,410200.0,1,5,オープン戦,4.0,4回表,2,原,土山,白井,真鍋,,,1,4,中日,D,,5,阪神,T,,,,,,,＜5番：糸原＞一死走者なし,<5 Ban: Itohara> Ichi Shi Sousha Nashi,,,,,0,,,,,,,,,,,,,,,,,,,,,,,,,,,,,,,,,,,,,,,,,,,,,,,,2019-02-24 06:56:26+00:00,2019-02-24 06:56:26+00:00,0,4145,20,北谷,2026-10-01T20:50:19.593663
2019,2019022403,2019-02-24 13:00:00+09:00,74740944,410201.0,1,5,オープン戦,4.0,4回表,2,原,土山,白井,真鍋,,,1,4,中日,D,,5,阪神,T,,,,,,,1球目:外角低めのストレートを見逃してボール 1-0,1 Tamame: Gaikaku Hikume no Straight wo Minogashite Ball 1-0,,,,,1,,,,,,,,,,,,,,,,,,,,,,,,,,,,,,,,,,,,,,,,,,,,,,,,2019-02-24 06:56:26+00:00,2019-02-24 06:56:26+00:00,0,4145,20,北谷,2026-10-01T20:50:19.593663
2019,2019022403,2019-02-24 13:00:00+09:00,74740945,410202.0,1,5,オープン戦,4.0,4回表,2,原,土山,白井,真鍋,,,1,4,中日,D,,5,阪神,T,,,,,,,2球目:外角のカーブを見逃してストライク 1-1,2 Tamame: Gaikaku no Curve wo Minogashite Strike 1-1,,,,,2,,,,,,,,,,,,,,,,,,,,,,,,,,,,,,,,,,,,,,,,,,,,,,,,2019-02-24 06:56:26+00:00,2019-02-24 06:56:26+00:00,0,4145,20,北谷,2026-10-01T20:50:19.593663
2019,2019022403,2019-02-24 13:00:00+09:00,74740946,410203.0,1,5,オープン戦,4.0,4回表,2,原,土山,白井,真鍋,,,1,4,中日,D,,5,阪神,T,,,,,,,3球目:外角のストレートを打ってファウル 1-2,3 Tamame: Gaikaku no Straight wo Utte Foul 1-2,,,,,3,,,,,,,,,,,,,,,,,,,,,,,,,,,,,,,,,,,,,,,,,,,,,,,,2019-02-24 06:56:26+00:00,2019-02-24 06:56:26+00:00,0,4145,20,北谷,2026-10-01T20:50:19.593663
2019,2019022403,2019-02-24 13:00:00+09:00,74740947,410204.0,1,5,オープン戦,4.0,4回表,2,原,土山,白井,真鍋,,,1,4,中日,D,,5,阪神,T,,,,,,,4球目:内角低めのストレートを見逃してボール 2-2,4 Tamame: Naikaku Hikume no Straight wo Minogashite Ball 2-2,,,,,4,,,,,,,,,,,,,,,,,,,,,,,,,,,,,,,,,,,,,,,,,,,,,,,,2019-02-24 06:56:26+00:00,2019-02-24 06:56:26+00:00,0,4145,20,北谷,2026-10-01T20:50:19.593663
2019,2019022403,2019-02-24 13:00:00+09:00,74740948,410205.0,1,5,オープン戦,4.0,4回表,2,原,土山,白井,真鍋,,,1,4,中日,D,,5,阪神,T,,,,,,,5球目:ワンバウンドのチェンジアップを見逃してボール 3-2,5 Tamame: One Bound no Change Up wo Minogashite Ball 3-2,,,,,5,,,,,,,,,,,,,,,,,,,,,,,,,,,,,,,,,,,,,,,,,,,,,,,,2019-02-24 06:56:26+00:00,2019-02-24 06:56:26+00:00,0,4145,20,北谷,2026-10-01T20:50:19.593663
2019,2019022403,2019-02-24 13:00:00+09:00,74740949,410206.0,1,5,オープン戦,4.0,4回表,2,原,土山,白井,真鍋,,,1,4,中日,D,,5,阪神,T,,,,,,,6球目:センターへのヒットで出塁 1塁,6 Tamame: Center e no Hit de Shutsurui 1 Rui,,,,,6,,,,,,,,,,,,,,,,,,,,,,,,,,,,,,,,,,,,,,,,,,,,,,,,2019-02-24 06:56:26+00:00,2019-02-24 06:56:26+00:00,0,4145,20,北谷,2026-10-01T20:50:19.593663
2019,2019022403,2019-02-24 13:00:00+09:00,74740950,410300.0,1,5,オープン戦,4.0,4回表,3,原,土山,白井,真鍋,,,1,4,中日,D,,5,阪神,T,,,,,,,＜6番：高山＞一死1塁,<6 Ban: Kouzan> Ichi Shi 1 Rui,,,,,0,,,,,,,,,,,,,,,,,,,,,,,,,,,,,,,,,,,,,,,,,,,,,,,,2019-02-24 06:56:26+00:00,2019-02-24 06:56:26+00:00,0,4145,20,北谷,2026-10-01T20:50:19.593663
2019,2019022403,2019-02-24 13:00:00+09:00,74740951,410301.0,1,5,オープン戦,4.0,4回表,3,原,土山,白井,真鍋,,,1,4,中日,D,,5,阪神,T,,,,,,,1球目:外角低めのストレートを見逃してストライク 0-1,1 Tamame: Gaikaku Hikume no Straight wo Minogashite Strike 0-1,,,,,1,,,,,,,,,,,,,,,,,,,,,,,,,,,,,,,,,,,,,,,,,,,,,,,,2019-02-24 06:56:26+00:00,2019-02-24 06:56:26+00:00,0,4145,20,北谷,2026-10-01T20:50:19.593663
2019,2019022403,2019-02-24 13:00:00+09:00,74740952,410302.0,1,5,オープン戦,4.0,4回表,3,原,土山,白井,真鍋,,,1,4,中日,D,,5,阪神,T,,,,,,,2球目:高めの落ちる球を打ってファウル 0-2,2 Tamame: Takame no Ochiru Tama wo Utte Foul 0-2,,,,,2,,,,,,,,,,,,,,,,,,,,,,,,,,,,,,,,,,,,,,,,,,,,,,,,2019-02-24 06:56:26+00:00,2019-02-24 06:56:26+00:00,0,4145,20,北谷,2026-10-01T20:50:19.593663
2019,2019022403,2019-02-24 13:00:00+09:00,74740953,410303.0,1,5,オープン戦,4.0,4回表,3,原,土山,白井,真鍋,,,1,4,中日,D,,5,阪神,T,,,,,,,3球目:外角低めのストレートを打ってファウル 0-2,3 Tamame: Gaikaku Hikume no Straight wo Utte Foul 0-2,,,,,3,,,,,,,,,,,,,,,,,,,,,,,,,,,,,,,,,,,,,,,,,,,,,,,,2019-02-24 06:56:26+00:00,2019-02-24 06:56:26+00:00,0,4145,20,北谷,2026-10-01T20:50:19.593663
2019,2019022403,2019-02-24 13:00:00+09:00,74740954,410304.0,1,5,オープン戦,4.0,4回表,3,原,土山,白井,真鍋,,,1,4,中日,D,,5,阪神,T,,,,,,,4球目:空振りの三振を喫する 2アウト,4 Tamame: Karaburi no Sanshin wo Kissuru 2 Out,,,,,4,,,,,,,,,,,,,,,,,,,,,,,,,,,,,,,,,,,,,,,,,,,,,,,,2019-02-24 06:56:26+00:00,2019-02-24 06:56:26+00:00,0,4145,20,北谷,2026-10-01T20:50:19.593663
2019,2019022403,2019-02-24 13:00:00+09:00,74740955,410400.0,1,5,オープン戦,4.0,4回表,4,原,土山,白井,真鍋,,,1,4,中日,D,,5,阪神,T,,,,,,,＜7番：木浪＞二死1塁,<7 Ban: Mokurou> Ni Shi 1 Rui,,,,,0,,,,,,,,,,,,,,,,,,,,,,,,,,,,,,,,,,,,,,,,,,,,,,,,2019-02-24 06:56:26+00:00,2019-02-24 06:56:26+00:00,0,4145,20,北谷,2026-10-01T20:50:19.593663
2019,2019022403,2019-02-24 13:00:00+09:00,74740956,410401.0,1,5,オープン戦,4.0,4回表,4,原,土山,白井,真鍋,,,1,4,中日,D,,5,阪神,T,,,,,,,1球目:外角のストレートを見逃してストライク 0-1,1 Tamame: Gaikaku no Straight wo Minogashite Strike 0-1,,,,,1,,,,,,,,,,,,,,,,,,,,,,,,,,,,,,,,,,,,,,,,,,,,,,,,2019-02-24 06:56:26+00:00,2019-02-24 06:56:26+00:00,0,4145,20,北谷,2026-10-01T20:50:19.593663
2019,2019022403,2019-02-24 13:00:00+09:00,74740957,410402.0,1,5,オープン戦,4.0,4回表,4,原,土山,白井,真鍋,,,1,4,中日,D,,5,阪神,T,,,,,,,2球目:外角低めのストレートを見逃してボール 1-1,2 Tamame: Gaikaku Hikume no Straight wo Minogashite Ball 1-1,,,,,2,,,,,,,,,,,,,,,,,,,,,,,,,,,,,,,,,,,,,,,,,,,,,,,,2019-02-24 06:56:26+00:00,2019-02-24 06:56:26+00:00,0,4145,20,北谷,2026-10-01T20:50:19.593663
2019,2019022403,2019-02-24 13:00:00+09:00,74740958,410403.0,1,5,オープン戦,4.0,4回表,4,原,土山,白井,真鍋,,,1,4,中日,D,,5,阪神,T,,,,,,,3球目:外角高めの球を打つもレフトフライ 3アウトチェンジ,3 Tamame: Gaikaku Takame no Tama wo Utsu mo Left Fly 3 Out Change,,,,,3,,,,,,,,,,,,,,,,,,,,,,,,,,,,,,,,,,,,,,,,,,,,,,,,2019-02-24 06:56:26+00:00,2019-02-24 06:56:26+00:00,0,4145,20,北谷,2026-10-01T20:50:19.593663
2019,2019022403,2019-02-24 13:00:00+09:00,74740959,420100.0,1,5,オープン戦,4.0,4回裏,1,原,土山,白井,真鍋,,,1,4,中日,D,,5,阪神,T,,,,,,,4回裏 中1-2神　中日は8番木下拓からの攻撃,4 Kairichuu 1-2 Kami Chuunichi wa 8 Ban Kinoshita Taku kara no Kougeki,,,,,0,,,,,,,,,,,,,,,,,,,,,,,,,,,,,,,,,,,,,,,,,,,,,,,,2019-02-24 06:56:26+00:00,2019-02-24 06:56:26+00:00,0,4145,20,北谷,2026-10-01T20:50:19.593663
2019,2019022403,2019-02-24 13:00:00+09:00,74740960,420100.0,1,5,オープン戦,4.0,4回裏,1,原,土山,白井,真鍋,,,1,4,中日,D,,5,阪神,T,,,,,,,＜8番：木下拓＞無死走者なし,<8 Ban: Kinoshita Taku> Mushi Sousha Nashi,,,,,0,,,,,,,,,,,,,,,,,,,,,,,,,,,,,,,,,,,,,,,,,,,,,,,,2019-02-24 06:56:26+00:00,2019-02-24 06:56:26+00:00,0,4145,20,北谷,2026-10-01T20:50:19.593663
2019,2019022403,2019-02-24 13:00:00+09:00,74740961,420101.0,1,5,オープン戦,4.0,4回裏,1,原,土山,白井,真鍋,,,1,4,中日,D,,5,阪神,T,,,,,,,1球目:カットボールがすっぽ抜けてボール 1-0,1 Tamame: Cut Ball ga Supponukete Ball 1-0,,,,,1,,,,,,,,,,,,,,,,,,,,,,,,,,,,,,,,,,,,,,,,,,,,,,,,2019-02-24 06:56:26+00:00,2019-02-24 06:56:26+00:00,0,4145,20,北谷,2026-10-01T20:50:19.593663
2019,2019022403,2019-02-24 13:00:00+09:00,74740962,420102.0,1,5,オープン戦,4.0,4回裏,1,原,土山,白井,真鍋,,,1,4,中日,D,,5,阪神,T,,,,,,,2球目:死球を受ける 1塁,2 Tamame: Shikyuu wo Ukeru 1 Rui,,,,,2,,,,,,,,,,,,,,,,,,,,,,,,,,,,,,,,,,,,,,,,,,,,,,,,2019-02-24 06:56:26+00:00,2019-02-24 06:56:26+00:00,0,4145,20,北谷,2026-10-01T20:50:19.593663
2019,2019022403,2019-02-24 13:00:00+09:00,74740963,420200.0,1,5,オープン戦,4.0,4回裏,2,原,土山,白井,真鍋,,,1,4,中日,D,,5,阪神,T,,,,,,,＜9番：渡辺＞無死1塁,<9 Ban: Watanabe> Mushi 1 Rui,,,,,0,,,,,,,,,,,,,,,,,,,,,,,,,,,,,,,,,,,,,,,,,,,,,,,,2019-02-24 06:56:26+00:00,2019-02-24 06:56:26+00:00,0,4145,20,北谷,2026-10-01T20:50:19.593663
2019,2019022403,2019-02-24 13:00:00+09:00,74740964,420201.0,1,5,オープン戦,4.0,4回裏,2,原,土山,白井,真鍋,,,1,4,中日,D,,5,阪神,T,,,,,,,1球目:高めのストレートを見逃してボール 1-0,1 Tamame: Takame no Straight wo Minogashite Ball 1-0,,,,,1,,,,,,,,,,,,,,,,,,,,,,,,,,,,,,,,,,,,,,,,,,,,,,,,2019-02-24 06:56:26+00:00,2019-02-24 06:56:26+00:00,0,4145,20,北谷,2026-10-01T20:50:19.593663
2019,2019022403,2019-02-24 13:00:00+09:00,74740965,420202.0,1,5,オープン戦,4.0,4回裏,2,原,土山,白井,真鍋,,,1,4,中日,D,,5,阪神,T,,,,,,,2球目:外角高めのストレートを見逃してボール 2-0,2 Tamame: Gaikaku Takame no Straight wo Minogashite Ball 2-0,,,,,2,,,,,,,,,,,,,,,,,,,,,,,,,,,,,,,,,,,,,,,,,,,,,,,,2019-02-24 06:56:26+00:00,2019-02-24 06:56:26+00:00,0,4145,20,北谷,2026-10-01T20:50:19.593663
2019,2019022403,2019-02-24 13:00:00+09:00,74740966,420203.0,1,5,オープン戦,4.0,4回裏,2,原,土山,白井,真鍋,,,1,4,中日,D,,5,阪神,T,,,,,,,3球目:外角高めのストレートを見逃してボール 3-0,3 Tamame: Gaikaku Takame no Straight wo Minogashite Ball 3-0,,,,,3,,,,,,,,,,,,,,,,,,,,,,,,,,,,,,,,,,,,,,,,,,,,,,,,2019-02-24 06:56:26+00:00,2019-02-24 06:56:26+00:00,0,4145,20,北谷,2026-10-01T20:50:19.593663
2019,2019022403,2019-02-24 13:00:00+09:00,74740967,420204.0,1,5,オープン戦,4.0,4回裏,2,原,土山,白井,真鍋,,,1,4,中日,D,,5,阪神,T,,,,,,,"4球目:一度もバットを振ることなくストレートのフォアボールを選ぶ 1,2塁","4 Tamame: Ichi Do mo Batto wo Furu Koto Naku Straight no Four Ball wo Erabu 1,2 Rui",,,,,4,,,,,,,,,,,,,,,,,,,,,,,,,,,,,,,,,,,,,,,,,,,,,,,,2019-02-24 06:56:26+00:00,2019-02-24 06:56:26+00:00,0,4145,20,北谷,2026-10-01T20:50:19.593663
2019,2019022403,2019-02-24 13:00:00+09:00,74740968,420300.0,1,5,オープン戦,4.0,4回裏,3,原,土山,白井,真鍋,,,1,4,中日,D,,5,阪神,T,,,,,,,－阪神:内野手マウンドへ集まる－,- Hanshin: Naiyashu Mound e Atsumaru -,,,,,0,,,,,,,,,,,,,,,,,,,,,,,,,,,,,,,,,,,,,,,,,,,,,,,,2019-02-24 06:56:26+00:00,2019-02-24 06:56:26+00:00,0,4145,20,北谷,2026-10-01T20:50:19.593663
2019,2019022403,2019-02-24 13:00:00+09:00,74740969,420300.0,1,5,オープン戦,4.0,4回裏,3,原,土山,白井,真鍋,,,1,4,中日,D,,5,阪神,T,,,,,,,"＜1番：京田＞無死1,2塁","<1 Ban: Kyouda> Mushi 1,2 Rui",,,,,0,,,,,,,,,,,,,,,,,,,,,,,,,,,,,,,,,,,,,,,,,,,,,,,,2019-02-24 06:56:26+00:00,2019-02-24 06:56:26+00:00,0,4145,20,北谷,2026-10-01T20:50:19.593663
2019,2019022403,2019-02-24 13:00:00+09:00,74740970,420301.0,1,5,オープン戦,4.0,4回裏,3,原,土山,白井,真鍋,,,1,4,中日,D,,5,阪神,T,,,,,,,"1球目:0アウト1,2塁からライトへの同点タイムリーツーベース！ 中2-2神 2,3塁","1 Tamame:0 Out 1,2 Rui kara Raito e no Douten Timely Two Base! Chuu2-2 Kami 2,3 Rui",,,,,1,,,,,,,,,,,,,,,,,,,,,,,,,,,,,,,,,,,,,,,,,,,,,,,,2019-02-24 06:56:26+00:00,2019-02-24 06:56:26+00:00,0,4145,20,北谷,2026-10-01T20:50:19.593663
2019,2019022403,2019-02-24 13:00:00+09:00,74740971,420400.0,1,5,オープン戦,4.0,4回裏,4,原,土山,白井,真鍋,,,1,4,中日,D,,5,阪神,T,,,,,,,"＜2番：亀澤＞無死2,3塁","<2 Ban: Kamezawa> Mushi 2,3 Rui",,,,,0,,,,,,,,,,,,,,,,,,,,,,,,,,,,,,,,,,,,,,,,,,,,,,,,2019-02-24 06:56:26+00:00,2019-02-24 06:56:26+00:00,0,4145,20,北谷,2026-10-01T20:50:19.593663
2019,2019022403,2019-02-24 13:00:00+09:00,74740972,420401.0,1,5,オープン戦,4.0,4回裏,4,原,土山,白井,真鍋,,,1,4,中日,D,,5,阪神,T,,,,,,,1球目:外角低めのストレートを見逃してボール 1-0,1 Tamame: Gaikaku Hikume no Straight wo Minogashite Ball 1-0,,,,,1,,,,,,,,,,,,,,,,,,,,,,,,,,,,,,,,,,,,,,,,,,,,,,,,2019-02-24 06:56:26+00:00,2019-02-24 06:56:26+00:00,0,4145,20,北谷,2026-10-01T20:50:19.593663
2019,2019022403,2019-02-24 13:00:00+09:00,74740973,420402.0,1,5,オープン戦,4.0,4回裏,4,原,土山,白井,真鍋,,,1,4,中日,D,,5,阪神,T,,,,,,,2球目:サードゴロ 1アウト,2 Tamame: Third Grounder 1 Out,,,,,2,,,,,,,,,,,,,,,,,,,,,,,,,,,,,,,,,,,,,,,,,,,,,,,,2019-02-24 06:56:26+00:00,2019-02-24 06:56:26+00:00,0,4145,20,北谷,2026-10-01T20:50:19.593663
2019,2019022403,2019-02-24 13:00:00+09:00,74740974,420500.0,1,5,オープン戦,4.0,4回裏,5,原,土山,白井,真鍋,,,1,4,中日,D,,5,阪神,T,,,,,,,"＜3番：遠藤＞一死2,3塁","<3 Ban: Endou> Ichi Shi 2,3 Rui",,,,,0,,,,,,,,,,,,,,,,,,,,,,,,,,,,,,,,,,,,,,,,,,,,,,,,2019-02-24 06:56:26+00:00,2019-02-24 06:56:26+00:00,0,4145,20,北谷,2026-10-01T20:50:19.593663
2019,2019022403,2019-02-24 13:00:00+09:00,74740975,420501.0,1,5,オープン戦,4.0,4回裏,5,原,土山,白井,真鍋,,,1,4,中日,D,,5,阪神,T,,,,,,,1球目:内角低めのカットボールを見逃してボール 1-0,1 Tamame: Naikaku Hikume no Cut Ball wo Minogashite Ball 1-0,,,,,1,,,,,,,,,,,,,,,,,,,,,,,,,,,,,,,,,,,,,,,,,,,,,,,,2019-02-24 06:56:26+00:00,2019-02-24 06:56:26+00:00,0,4145,20,北谷,2026-10-01T20:50:19.593663
2019,2019022403,2019-02-24 13:00:00+09:00,74740976,420502.0,1,5,オープン戦,4.0,4回裏,5,原,土山,白井,真鍋,,,1,4,中日,D,,5,阪神,T,,,,,,,"2球目:ランナー2,3塁の1-0からライトへの犠牲フライを放つ","2 Tamame: Runner 2,3 Rui no 1-0 kara Raito e no Gisei Fly wo Hanatsu",,,,,2,,,,,,,,,,,,,,,,,,,,,,,,,,,,,,,,,,,,,,,,,,,,,,,,2019-02-24 06:56:26+00:00,2019-02-24 06:56:26+00:00,0,4145,20,北谷,2026-10-01T20:50:19.593663
2019,2019022403,2019-02-24 13:00:00+09:00,74740977,420500.0,1,5,オープン戦,4.0,4回裏,5,原,土山,白井,真鍋,,,1,4,中日,D,,5,阪神,T,,,,,,,中日勝ち越し！ 中3-2神 2アウト3塁,Chuunichi Kachikoshi! Chuu3-2 Kami 2 Out 3 Rui,,,,,0,,,,,,,,,,,,,,,,,,,,,,,,,,,,,,,,,,,,,,,,,,,,,,,,2019-02-24 06:56:26+00:00,2019-02-24 06:56:26+00:00,0,4145,20,北谷,2026-10-01T20:50:19.593663
2019,2019022403,2019-02-24 13:00:00+09:00,74740978,420600.0,1,5,オープン戦,4.0,4回裏,6,原,土山,白井,真鍋,,,1,4,中日,D,,5,阪神,T,,,,,,,＜4番：モヤ＞二死3塁,<4 Ban: Moya> Ni Shi 3 Rui,,,,,0,,,,,,,,,,,,,,,,,,,,,,,,,,,,,,,,,,,,,,,,,,,,,,,,2019-02-24 06:56:26+00:00,2019-02-24 06:56:26+00:00,0,4145,20,北谷,2026-10-01T20:50:19.593663
2019,2019022403,2019-02-24 13:00:00+09:00,74740979,420601.0,1,5,オープン戦,4.0,4回裏,6,原,土山,白井,真鍋,,,1,4,中日,D,,5,阪神,T,,,,,,,1球目:外角高めのストレートを見逃してボール 1-0,1 Tamame: Gaikaku Takame no Straight wo Minogashite Ball 1-0,,,,,1,,,,,,,,,,,,,,,,,,,,,,,,,,,,,,,,,,,,,,,,,,,,,,,,2019-02-24 06:56:26+00:00,2019-02-24 06:56:26+00:00,0,4145,20,北谷,2026-10-01T20:50:19.593663
2019,2019022403,2019-02-24 13:00:00+09:00,74740980,420602.0,1,5,オープン戦,4.0,4回裏,6,原,土山,白井,真鍋,,,1,4,中日,D,,5,阪神,T,,,,,,,2球目:内角のストレートを打ってファウル 1-1,2 Tamame: Naikaku no Straight wo Utte Foul 1-1,,,,,2,,,,,,,,,,,,,,,,,,,,,,,,,,,,,,,,,,,,,,,,,,,,,,,,2019-02-24 06:56:26+00:00,2019-02-24 06:56:26+00:00,0,4145,20,北谷,2026-10-01T20:50:19.593663
2019,2019022403,2019-02-24 13:00:00+09:00,74740981,420603.0,1,5,オープン戦,4.0,4回裏,6,原,土山,白井,真鍋,,,1,4,中日,D,,5,阪神,T,,,,,,,3球目:外角高めのストレートを空振りストライク 1-2,3 Tamame: Gaikaku Takame no Straight wo Karaburi Strike 1-2,,,,,3,,,,,,,,,,,,,,,,,,,,,,,,,,,,,,,,,,,,,,,,,,,,,,,,2019-02-24 06:56:26+00:00,2019-02-24 06:56:26+00:00,0,4145,20,北谷,2026-10-01T20:50:19.593663
2019,2019022403,2019-02-24 13:00:00+09:00,74740982,420604.0,1,5,オープン戦,4.0,4回裏,6,原,土山,白井,真鍋,,,1,4,中日,D,,5,阪神,T,,,,,,,4球目:カウント1-2からワンバウンドした球を空振り三振 3アウトチェンジ,4 Tamame: Count 1-2 kara One Bound Shita Tama wo Karaburi Sanshin 3 Out Change,,,,,4,,,,,,,,,,,,,,,,,,,,,,,,,,,,,,,,,,,,,,,,,,,,,,,,2019-02-24 06:56:26+00:00,2019-02-24 06:56:26+00:00,0,4145,20,北谷,2026-10-01T20:50:19.593663
2019,2019022403,2019-02-24 13:00:00+09:00,74740983,510100.0,1,5,オープン戦,5.0,5回表,1,原,土山,白井,真鍋,,,1,4,中日,D,,5,阪神,T,,,,,,,5回表 中3-2神　阪神は8番梅野からの攻撃,5 Kai Hyouchuu 3-2 Shin Hanshin wa 8 Ban Umeno kara no Kougeki,,,,,0,,,,,,,,,,,,,,,,,,,,,,,,,,,,,,,,,,,,,,,,,,,,,,,,2019-02-24 06:56:26+00:00,2019-02-24 06:56:26+00:00,0,4145,20,北谷,2026-10-01T20:50:19.593663
2019,2019022403,2019-02-24 13:00:00+09:00,74740984,510100.0,1,5,オープン戦,5.0,5回表,1,原,土山,白井,真鍋,,,1,4,中日,D,,5,阪神,T,,,,,,,＜8番：梅野＞無死走者なし,<8 Ban: Umeno> Mushi Sousha Nashi,,,,,0,,,,,,,,,,,,,,,,,,,,,,,,,,,,,,,,,,,,,,,,,,,,,,,,2019-02-24 06:56:26+00:00,2019-02-24 06:56:26+00:00,0,4145,20,北谷,2026-10-01T20:50:19.593663
2019,2019022403,2019-02-24 13:00:00+09:00,74740985,510101.0,1,5,オープン戦,5.0,5回表,1,原,土山,白井,真鍋,,,1,4,中日,D,,5,阪神,T,,,,,,,1球目:外角低めの変化球を見逃してストライク 0-1,1 Tamame: Gaikaku Hikume no Henka Kyuu wo Minogashite Strike 0-1,,,,,1,,,,,,,,,,,,,,,,,,,,,,,,,,,,,,,,,,,,,,,,,,,,,,,,2019-02-24 06:56:26+00:00,2019-02-24 06:56:26+00:00,0,4145,20,北谷,2026-10-01T20:50:19.593663
2019,2019022403,2019-02-24 13:00:00+09:00,74740986,510102.0,1,5,オープン戦,5.0,5回表,1,原,土山,白井,真鍋,,,1,4,中日,D,,5,阪神,T,,,,,,,2球目:外角のストレートを見逃してボール 1-1,2 Tamame: Gaikaku no Straight wo Minogashite Ball 1-1,,,,,2,,,,,,,,,,,,,,,,,,,,,,,,,,,,,,,,,,,,,,,,,,,,,,,,2019-02-24 06:56:26+00:00,2019-02-24 06:56:26+00:00,0,4145,20,北谷,2026-10-01T20:50:19.593663
2019,2019022403,2019-02-24 13:00:00+09:00,74740987,510103.0,1,5,オープン戦,5.0,5回表,1,原,土山,白井,真鍋,,,1,4,中日,D,,5,阪神,T,,,,,,,3球目:外角低めのスライダーを空振りストライク 1-2,3 Tamame: Gaikaku Hikume no Slider wo Karaburi Strike 1-2,,,,,3,,,,,,,,,,,,,,,,,,,,,,,,,,,,,,,,,,,,,,,,,,,,,,,,2019-02-24 06:56:26+00:00,2019-02-24 06:56:26+00:00,0,4145,20,北谷,2026-10-01T20:50:19.593663
2019,2019022403,2019-02-24 13:00:00+09:00,74740988,510104.0,1,5,オープン戦,5.0,5回表,1,原,土山,白井,真鍋,,,1,4,中日,D,,5,阪神,T,,,,,,,4球目:外角高めのストレートを打ってファウル 1-2,4 Tamame: Gaikaku Takame no Straight wo Utte Foul 1-2,,,,,4,,,,,,,,,,,,,,,,,,,,,,,,,,,,,,,,,,,,,,,,,,,,,,,,2019-02-24 06:56:26+00:00,2019-02-24 06:56:26+00:00,0,4145,20,北谷,2026-10-01T20:50:19.593663
2019,2019022403,2019-02-24 13:00:00+09:00,74740989,510105.0,1,5,オープン戦,5.0,5回表,1,原,土山,白井,真鍋,,,1,4,中日,D,,5,阪神,T,,,,,,,5球目:ワンバウンドのチェンジアップを見逃してボール 2-2,5 Tamame: One Bound no Change Up wo Minogashite Ball 2-2,,,,,5,,,,,,,,,,,,,,,,,,,,,,,,,,,,,,,,,,,,,,,,,,,,,,,,2019-02-24 06:56:26+00:00,2019-02-24 06:56:26+00:00,0,4145,20,北谷,2026-10-01T20:50:19.593663
2019,2019022403,2019-02-24 13:00:00+09:00,74740990,510106.0,1,5,オープン戦,5.0,5回表,1,原,土山,白井,真鍋,,,1,4,中日,D,,5,阪神,T,,,,,,,6球目:内角のストレートを見逃してボール 3-2,6 Tamame: Naikaku no Straight wo Minogashite Ball 3-2,,,,,6,,,,,,,,,,,,,,,,,,,,,,,,,,,,,,,,,,,,,,,,,,,,,,,,2019-02-24 06:56:26+00:00,2019-02-24 06:56:26+00:00,0,4145,20,北谷,2026-10-01T20:50:19.593663
2019,2019022403,2019-02-24 13:00:00+09:00,74740991,510107.0,1,5,オープン戦,5.0,5回表,1,原,土山,白井,真鍋,,,1,4,中日,D,,5,阪神,T,,,,,,,7球目:この球も粘ってファウル 3-2,7 Tamame: Kono Tama mo Nebatte Foul 3-2,,,,,7,,,,,,,,,,,,,,,,,,,,,,,,,,,,,,,,,,,,,,,,,,,,,,,,2019-02-24 06:56:26+00:00,2019-02-24 06:56:26+00:00,0,4145,20,北谷,2026-10-01T20:50:19.593663
2019,2019022403,2019-02-24 13:00:00+09:00,74740992,510108.0,1,5,オープン戦,5.0,5回表,1,原,土山,白井,真鍋,,,1,4,中日,D,,5,阪神,T,,,,,,,8球目:外角低めのスライダーを打ってファウル 3-2,8 Tamame: Gaikaku Hikume no Slider wo Utte Foul 3-2,,,,,8,,,,,,,,,,,,,,,,,,,,,,,,,,,,,,,,,,,,,,,,,,,,,,,,2019-02-24 06:56:26+00:00,2019-02-24 06:56:26+00:00,0,4145,20,北谷,2026-10-01T20:50:19.593663
2019,2019022403,2019-02-24 13:00:00+09:00,74740993,510109.0,1,5,オープン戦,5.0,5回表,1,原,土山,白井,真鍋,,,1,4,中日,D,,5,阪神,T,,,,,,,9球目:外角低めのストレートを打ってファウル 3-2,9 Tamame: Gaikaku Hikume no Straight wo Utte Foul 3-2,,,,,9,,,,,,,,,,,,,,,,,,,,,,,,,,,,,,,,,,,,,,,,,,,,,,,,2019-02-24 06:56:26+00:00,2019-02-24 06:56:26+00:00,0,4145,20,北谷,2026-10-01T20:50:19.593663
2019,2019022403,2019-02-24 13:00:00+09:00,74740994,510110.0,1,5,オープン戦,5.0,5回表,1,原,土山,白井,真鍋,,,1,4,中日,D,,5,阪神,T,,,,,,,10球目:9球粘った末に見逃し三振 1アウト,10 Tamame:9 Kyuu Nebatta Sue ni Minogashi Sanshin 1 Out,,,,,10,,,,,,,,,,,,,,,,,,,,,,,,,,,,,,,,,,,,,,,,,,,,,,,,2019-02-24 06:56:26+00:00,2019-02-24 06:56:26+00:00,0,4145,20,北谷,2026-10-01T20:50:19.593663
2019,2019022403,2019-02-24 13:00:00+09:00,74740995,510200.0,1,5,オープン戦,5.0,5回表,2,原,土山,白井,真鍋,,,1,4,中日,D,,5,阪神,T,,,,,,,＜9番：近本＞一死走者なし,<9 Ban: Kinhon> Ichi Shi Sousha Nashi,,,,,0,,,,,,,,,,,,,,,,,,,,,,,,,,,,,,,,,,,,,,,,,,,,,,,,2019-02-24 06:56:26+00:00,2019-02-24 06:56:26+00:00,0,4145,20,北谷,2026-10-01T20:50:19.593663
2019,2019022403,2019-02-24 13:00:00+09:00,74740996,510201.0,1,5,オープン戦,5.0,5回表,2,原,土山,白井,真鍋,,,1,4,中日,D,,5,阪神,T,,,,,,,1球目:内角低めのスライダーに反応するもバットが止まりボール 1-0,1 Tamame: Naikaku Hikume no Slider ni Hannou Suru mo Batto ga Tomari Ball 1-0,,,,,1,,,,,,,,,,,,,,,,,,,,,,,,,,,,,,,,,,,,,,,,,,,,,,,,2019-02-24 06:56:26+00:00,2019-02-24 06:56:26+00:00,0,4145,20,北谷,2026-10-01T20:50:19.593663
2019,2019022403,2019-02-24 13:00:00+09:00,74740997,510202.0,1,5,オープン戦,5.0,5回表,2,原,土山,白井,真鍋,,,1,4,中日,D,,5,阪神,T,,,,,,,2球目:際どいコースのストレートを見逃してストライク 1-1,2 Tamame: Kiwadoi Course no Straight wo Minogashite Strike 1-1,,,,,2,,,,,,,,,,,,,,,,,,,,,,,,,,,,,,,,,,,,,,,,,,,,,,,,2019-02-24 06:56:26+00:00,2019-02-24 06:56:26+00:00,0,4145,20,北谷,2026-10-01T20:50:19.593663
2019,2019022403,2019-02-24 13:00:00+09:00,74740998,510203.0,1,5,オープン戦,5.0,5回表,2,原,土山,白井,真鍋,,,1,4,中日,D,,5,阪神,T,,,,,,,3球目:ショートフライ 2アウト,3 Tamame: Short Fly 2 Out,,,,,3,,,,,,,,,,,,,,,,,,,,,,,,,,,,,,,,,,,,,,,,,,,,,,,,2019-02-24 06:56:26+00:00,2019-02-24 06:56:26+00:00,0,4145,20,北谷,2026-10-01T20:50:19.593663
2019,2019022403,2019-02-24 13:00:00+09:00,74740999,510300.0,1,5,オープン戦,5.0,5回表,3,原,土山,白井,真鍋,,,1,4,中日,D,,5,阪神,T,,,,,,,＜1番：上本＞二死走者なし,<1 Ban: Uemoto> Ni Shi Sousha Nashi,,,,,0,,,,,,,,,,,,,,,,,,,,,,,,,,,,,,,,,,,,,,,,,,,,,,,,2019-02-24 06:56:26+00:00,2019-02-24 06:56:26+00:00,0,4145,20,北谷,2026-10-01T20:50:19.593663
2019,2019022403,2019-02-24 13:00:00+09:00,74741000,510301.0,1,5,オープン戦,5.0,5回表,3,原,土山,白井,真鍋,,,1,4,中日,D,,5,阪神,T,,,,,,,1球目:ワンバウンドのカーブを見逃してボール 1-0,1 Tamame: One Bound no Curve wo Minogashite Ball 1-0,,,,,1,,,,,,,,,,,,,,,,,,,,,,,,,,,,,,,,,,,,,,,,,,,,,,,,2019-02-24 06:56:26+00:00,2019-02-24 06:56:26+00:00,0,4145,20,北谷,2026-10-01T20:50:19.593663
2019,2019022403,2019-02-24 13:00:00+09:00,74741001,510302.0,1,5,オープン戦,5.0,5回表,3,原,土山,白井,真鍋,,,1,4,中日,D,,5,阪神,T,,,,,,,2球目:ワンバウンドのカーブを見逃してボール 2-0,2 Tamame: One Bound no Curve wo Minogashite Ball 2-0,,,,,2,,,,,,,,,,,,,,,,,,,,,,,,,,,,,,,,,,,,,,,,,,,,,,,,2019-02-24 06:56:26+00:00,2019-02-24 06:56:26+00:00,0,4145,20,北谷,2026-10-01T20:50:19.593663
2019,2019022403,2019-02-24 13:00:00+09:00,74741002,510303.0,1,5,オープン戦,5.0,5回表,3,原,土山,白井,真鍋,,,1,4,中日,D,,5,阪神,T,,,,,,,3球目:外角低めの変化球を見逃してストライク 2-1,3 Tamame: Gaikaku Hikume no Henka Kyuu wo Minogashite Strike 2-1,,,,,3,,,,,,,,,,,,,,,,,,,,,,,,,,,,,,,,,,,,,,,,,,,,,,,,2019-02-24 06:56:26+00:00,2019-02-24 06:56:26+00:00,0,4145,20,北谷,2026-10-01T20:50:19.593663
2019,2019022403,2019-02-24 13:00:00+09:00,74741003,510304.0,1,5,オープン戦,5.0,5回表,3,原,土山,白井,真鍋,,,1,4,中日,D,,5,阪神,T,,,,,,,4球目:際どいコースのストレートを見逃してストライク 2-2,4 Tamame: Kiwadoi Course no Straight wo Minogashite Strike 2-2,,,,,4,,,,,,,,,,,,,,,,,,,,,,,,,,,,,,,,,,,,,,,,,,,,,,,,2019-02-24 06:56:26+00:00,2019-02-24 06:56:26+00:00,0,4145,20,北谷,2026-10-01T20:50:19.593663
2019,2019022403,2019-02-24 13:00:00+09:00,74741004,510305.0,1,5,オープン戦,5.0,5回表,3,原,土山,白井,真鍋,,,1,4,中日,D,,5,阪神,T,,,,,,,5球目:空振りの三振を喫する 3アウトチェンジ,5 Tamame: Karaburi no Sanshin wo Kissuru 3 Out Change,,,,,5,,,,,,,,,,,,,,,,,,,,,,,,,,,,,,,,,,,,,,,,,,,,,,,,2019-02-24 06:56:26+00:00,2019-02-24 06:56:26+00:00,0,4145,20,北谷,2026-10-01T20:50:19.593663
2019,2019022403,2019-02-24 13:00:00+09:00,74741005,520100.0,1,5,オープン戦,5.0,5回裏,1,原,土山,白井,真鍋,,,1,4,中日,D,,5,阪神,T,,,,,,,5回裏 中3-2神　中日は5番阿部からの攻撃,5 Kairichuu 3-2 Kami Chuunichi wa 5 Ban Abe kara no Kougeki,,,,,0,,,,,,,,,,,,,,,,,,,,,,,,,,,,,,,,,,,,,,,,,,,,,,,,2019-02-24 06:56:26+00:00,2019-02-24 06:56:26+00:00,0,4145,20,北谷,2026-10-01T20:50:19.593663
2019,2019022403,2019-02-24 13:00:00+09:00,74741006,520100.0,1,5,オープン戦,5.0,5回裏,1,原,土山,白井,真鍋,,,1,4,中日,D,,5,阪神,T,,,,,,,投手交代:藤浪→ドリス　守備交代:セカンド植田,Toushu Koutai: Fujinami Doris Shubi Koutai: Sekando Ueda,,,,,0,,,,,,,,,,,,,,,,,,,,,,,,,,,,,,,,,,,,,,,,,,,,,,,,2019-02-24 06:56:26+00:00,2019-02-24 06:56:26+00:00,0,4145,20,北谷,2026-10-01T20:50:19.593663
2019,2019022403,2019-02-24 13:00:00+09:00,74741007,520100.0,1,5,オープン戦,5.0,5回裏,1,原,土山,白井,真鍋,,,1,4,中日,D,,5,阪神,T,,,,,,,＜5番：阿部＞無死走者なし,<5 Ban: Abe> Mushi Sousha Nashi,,,,,0,,,,,,,,,,,,,,,,,,,,,,,,,,,,,,,,,,,,,,,,,,,,,,,,2019-02-24 06:56:26+00:00,2019-02-24 06:56:26+00:00,0,4145,20,北谷,2026-10-01T20:50:19.593663
2019,2019022403,2019-02-24 13:00:00+09:00,74741008,520101.0,1,5,オープン戦,5.0,5回裏,1,原,土山,白井,真鍋,,,1,4,中日,D,,5,阪神,T,,,,,,,1球目:ファーストフライ 1アウト,1 Tamame: First Fly 1 Out,,,,,1,,,,,,,,,,,,,,,,,,,,,,,,,,,,,,,,,,,,,,,,,,,,,,,,2019-02-24 06:56:26+00:00,2019-02-24 06:56:26+00:00,0,4145,20,北谷,2026-10-01T20:50:19.593663
2019,2019022403,2019-02-24 13:00:00+09:00,74741009,520200.0,1,5,オープン戦,5.0,5回裏,2,原,土山,白井,真鍋,,,1,4,中日,D,,5,阪神,T,,,,,,,＜6番：井領＞一死走者なし,<6 Ban: Iryou> Ichi Shi Sousha Nashi,,,,,0,,,,,,,,,,,,,,,,,,,,,,,,,,,,,,,,,,,,,,,,,,,,,,,,2019-02-24 06:56:26+00:00,2019-02-24 06:56:26+00:00,0,4145,20,北谷,2026-10-01T20:50:19.593663
2019,2019022403,2019-02-24 13:00:00+09:00,74741010,520201.0,1,5,オープン戦,5.0,5回裏,2,原,土山,白井,真鍋,,,1,4,中日,D,,5,阪神,T,,,,,,,1球目:内角低めのストレートを打つもレフトフライ 2アウト,1 Tamame: Naikaku Hikume no Straight wo Utsu mo Left Fly 2 Out,,,,,1,,,,,,,,,,,,,,,,,,,,,,,,,,,,,,,,,,,,,,,,,,,,,,,,2019-02-24 06:56:26+00:00,2019-02-24 06:56:26+00:00,0,4145,20,北谷,2026-10-01T20:50:19.593663
2019,2019022403,2019-02-24 13:00:00+09:00,74741011,520300.0,1,5,オープン戦,5.0,5回裏,3,原,土山,白井,真鍋,,,1,4,中日,D,,5,阪神,T,,,,,,,＜7番：石川駿＞二死走者なし,<7 Ban: Ishikawa Shun> Ni Shi Sousha Nashi,,,,,0,,,,,,,,,,,,,,,,,,,,,,,,,,,,,,,,,,,,,,,,,,,,,,,,2019-02-24 06:56:26+00:00,2019-02-24 06:56:26+00:00,0,4145,20,北谷,2026-10-01T20:50:19.593663
2019,2019022403,2019-02-24 13:00:00+09:00,74741012,520301.0,1,5,オープン戦,5.0,5回裏,3,原,土山,白井,真鍋,,,1,4,中日,D,,5,阪神,T,,,,,,,1球目:外角低めのスライダーを空振りストライク 0-1,1 Tamame: Gaikaku Hikume no Slider wo Karaburi Strike 0-1,,,,,1,,,,,,,,,,,,,,,,,,,,,,,,,,,,,,,,,,,,,,,,,,,,,,,,2019-02-24 06:56:26+00:00,2019-02-24 06:56:26+00:00,0,4145,20,北谷,2026-10-01T20:50:19.593663
2019,2019022403,2019-02-24 13:00:00+09:00,74741013,520302.0,1,5,オープン戦,5.0,5回裏,3,原,土山,白井,真鍋,,,1,4,中日,D,,5,阪神,T,,,,,,,2球目:低めのスプリットを打ってファウル 0-2,2 Tamame: Hikume no Split wo Utte Foul 0-2,,,,,2,,,,,,,,,,,,,,,,,,,,,,,,,,,,,,,,,,,,,,,,,,,,,,,,2019-02-24 06:56:26+00:00,2019-02-24 06:56:26+00:00,0,4145,20,北谷,2026-10-01T20:50:19.593663
2019,2019022403,2019-02-24 13:00:00+09:00,74741014,520303.0,1,5,オープン戦,5.0,5回裏,3,原,土山,白井,真鍋,,,1,4,中日,D,,5,阪神,T,,,,,,,3球目:つまった打球はサードへの平凡なゴロとなる 3アウトチェンジ,3 Tamame: Tsumatta Dakyuu wa Third e no Heibon na Grounder to Naru 3 Out Change,,,,,3,,,,,,,,,,,,,,,,,,,,,,,,,,,,,,,,,,,,,,,,,,,,,,,,2019-02-24 06:56:26+00:00,2019-02-24 06:56:26+00:00,0,4145,20,北谷,2026-10-01T20:50:19.593663
2019,2019022403,2019-02-24 13:00:00+09:00,74741015,610100.0,1,5,オープン戦,6.0,6回表,1,原,土山,白井,真鍋,,,1,4,中日,D,,5,阪神,T,,,,,,,6回表 中3-2神　阪神は2番鳥谷からの攻撃,6 Kai Hyouchuu 3-2 Shin Hanshin wa 2 Ban Toritani kara no Kougeki,,,,,0,,,,,,,,,,,,,,,,,,,,,,,,,,,,,,,,,,,,,,,,,,,,,,,,2019-02-24 06:56:26+00:00,2019-02-24 06:56:26+00:00,0,4145,20,北谷,2026-10-01T20:50:19.593663
2019,2019022403,2019-02-24 13:00:00+09:00,74741016,610100.0,1,5,オープン戦,6.0,6回表,1,原,土山,白井,真鍋,,,1,4,中日,D,,5,阪神,T,,,,,,,投手交代:柳→小熊　守備交代:キャッチャー杉山,Toushu Koutai: Yanagi Oguma Shubi Koutai: Catcher Sugiyama,,,,,0,,,,,,,,,,,,,,,,,,,,,,,,,,,,,,,,,,,,,,,,,,,,,,,,2019-02-24 06:56:26+00:00,2019-02-24 06:56:26+00:00,0,4145,20,北谷,2026-10-01T20:50:19.593663
2019,2019022403,2019-02-24 13:00:00+09:00,74741017,610100.0,1,5,オープン戦,6.0,6回表,1,原,土山,白井,真鍋,,,1,4,中日,D,,5,阪神,T,,,,,,,＜2番：鳥谷＞無死走者なし,<2 Ban: Toritani> Mushi Sousha Nashi,,,,,0,,,,,,,,,,,,,,,,,,,,,,,,,,,,,,,,,,,,,,,,,,,,,,,,2019-02-24 06:56:26+00:00,2019-02-24 06:56:26+00:00,0,4145,20,北谷,2026-10-01T20:50:19.593663
2019,2019022403,2019-02-24 13:00:00+09:00,74741018,610101.0,1,5,オープン戦,6.0,6回表,1,原,土山,白井,真鍋,,,1,4,中日,D,,5,阪神,T,,,,,,,1球目:甘いカーブを見逃してストライク 0-1,1 Tamame: Amai Curve wo Minogashite Strike 0-1,,,,,1,,,,,,,,,,,,,,,,,,,,,,,,,,,,,,,,,,,,,,,,,,,,,,,,2019-02-24 06:56:26+00:00,2019-02-24 06:56:26+00:00,0,4145,20,北谷,2026-10-01T20:50:19.593663
2019,2019022403,2019-02-24 13:00:00+09:00,74741019,610102.0,1,5,オープン戦,6.0,6回表,1,原,土山,白井,真鍋,,,1,4,中日,D,,5,阪神,T,,,,,,,2球目:外角低めのストレートを打ってファウル 0-2,2 Tamame: Gaikaku Hikume no Straight wo Utte Foul 0-2,,,,,2,,,,,,,,,,,,,,,,,,,,,,,,,,,,,,,,,,,,,,,,,,,,,,,,2019-02-24 06:56:26+00:00,2019-02-24 06:56:26+00:00,0,4145,20,北谷,2026-10-01T20:50:19.593663
2019,2019022403,2019-02-24 13:00:00+09:00,74741020,610103.0,1,5,オープン戦,6.0,6回表,1,原,土山,白井,真鍋,,,1,4,中日,D,,5,阪神,T,,,,,,,3球目:サードゴロ 1アウト,3 Tamame: Third Grounder 1 Out,,,,,3,,,,,,,,,,,,,,,,,,,,,,,,,,,,,,,,,,,,,,,,,,,,,,,,2019-02-24 06:56:26+00:00,2019-02-24 06:56:26+00:00,0,4145,20,北谷,2026-10-01T20:50:19.593663
2019,2019022403,2019-02-24 13:00:00+09:00,74741021,610200.0,1,5,オープン戦,6.0,6回表,2,原,土山,白井,真鍋,,,1,4,中日,D,,5,阪神,T,,,,,,,＜3番：中谷＞一死走者なし,<3 Ban: Nakatani> Ichi Shi Sousha Nashi,,,,,0,,,,,,,,,,,,,,,,,,,,,,,,,,,,,,,,,,,,,,,,,,,,,,,,2019-02-24 06:56:26+00:00,2019-02-24 06:56:26+00:00,0,4145,20,北谷,2026-10-01T20:50:19.593663
2019,2019022403,2019-02-24 13:00:00+09:00,74741022,610201.0,1,5,オープン戦,6.0,6回表,2,原,土山,白井,真鍋,,,1,4,中日,D,,5,阪神,T,,,,,,,1球目:外角のストレートを見逃してボール 1-0,1 Tamame: Gaikaku no Straight wo Minogashite Ball 1-0,,,,,1,,,,,,,,,,,,,,,,,,,,,,,,,,,,,,,,,,,,,,,,,,,,,,,,2019-02-24 06:56:26+00:00,2019-02-24 06:56:26+00:00,0,4145,20,北谷,2026-10-01T20:50:19.593663
2019,2019022403,2019-02-24 13:00:00+09:00,74741023,610202.0,1,5,オープン戦,6.0,6回表,2,原,土山,白井,真鍋,,,1,4,中日,D,,5,阪神,T,,,,,,,2球目:外角のストレートを打ってファウル 1-1,2 Tamame: Gaikaku no Straight wo Utte Foul 1-1,,,,,2,,,,,,,,,,,,,,,,,,,,,,,,,,,,,,,,,,,,,,,,,,,,,,,,2019-02-24 06:56:26+00:00,2019-02-24 06:56:26+00:00,0,4145,20,北谷,2026-10-01T20:50:19.593663
2019,2019022403,2019-02-24 13:00:00+09:00,74741024,610203.0,1,5,オープン戦,6.0,6回表,2,原,土山,白井,真鍋,,,1,4,中日,D,,5,阪神,T,,,,,,,3球目:ショートゴロ 2アウト,3 Tamame: Short Grounder 2 Out,,,,,3,,,,,,,,,,,,,,,,,,,,,,,,,,,,,,,,,,,,,,,,,,,,,,,,2019-02-24 06:56:26+00:00,2019-02-24 06:56:26+00:00,0,4145,20,北谷,2026-10-01T20:50:19.593663
2019,2019022403,2019-02-24 13:00:00+09:00,74741025,610300.0,1,5,オープン戦,6.0,6回表,3,原,土山,白井,真鍋,,,1,4,中日,D,,5,阪神,T,,,,,,,＜4番：大山＞二死走者なし,<4 Ban: Daisen> Ni Shi Sousha Nashi,,,,,0,,,,,,,,,,,,,,,,,,,,,,,,,,,,,,,,,,,,,,,,,,,,,,,,2019-02-24 06:56:26+00:00,2019-02-24 06:56:26+00:00,0,4145,20,北谷,2026-10-01T20:50:19.593663
2019,2019022403,2019-02-24 13:00:00+09:00,74741026,610301.0,1,5,オープン戦,6.0,6回表,3,原,土山,白井,真鍋,,,1,4,中日,D,,5,阪神,T,,,,,,,1球目:ファーストへのファウルフライに倒れる 3アウトチェンジ,1 Tamame: First e no Foul Fly ni Taoreru 3 Out Change,,,,,1,,,,,,,,,,,,,,,,,,,,,,,,,,,,,,,,,,,,,,,,,,,,,,,,2019-02-24 06:56:26+00:00,2019-02-24 06:56:26+00:00,0,4145,20,北谷,2026-10-01T20:50:19.593663
2019,2019022403,2019-02-24 13:00:00+09:00,74741027,620100.0,1,5,オープン戦,6.0,6回裏,1,原,土山,白井,真鍋,,,1,4,中日,D,,5,阪神,T,,,,,,,6回裏 中3-2神　中日は8番杉山からの攻撃,6 Kairichuu 3-2 Kami Chuunichi wa 8 Ban Sugiyama kara no Kougeki,,,,,0,,,,,,,,,,,,,,,,,,,,,,,,,,,,,,,,,,,,,,,,,,,,,,,,2019-02-24 06:56:26+00:00,2019-02-24 06:56:26+00:00,0,4145,20,北谷,2026-10-01T20:50:19.593663
2019,2019022403,2019-02-24 13:00:00+09:00,74741028,620100.0,1,5,オープン戦,6.0,6回裏,1,原,土山,白井,真鍋,,,1,4,中日,D,,5,阪神,T,,,,,,,投手交代:ドリス→齋藤　守備交代:レフト江越　守備交代:キャッチャー長坂　守備変更:中谷レフト→ファースト　守備変更:木浪ファースト→ショート,Toushu Koutai: Doris Saitou Shubi Koutai: Left Egoshi Shubi Koutai: Catcher Nagasaka Shubi Henkou: Nakatani Left First Shubi Henkou: Mokurou First Short,,,,,0,,,,,,,,,,,,,,,,,,,,,,,,,,,,,,,,,,,,,,,,,,,,,,,,2019-02-24 06:56:26+00:00,2019-02-24 06:56:26+00:00,0,4145,20,北谷,2026-10-01T20:50:19.593663
2019,2019022403,2019-02-24 13:00:00+09:00,74741029,620100.0,1,5,オープン戦,6.0,6回裏,1,原,土山,白井,真鍋,,,1,4,中日,D,,5,阪神,T,,,,,,,＜8番：杉山＞無死走者なし,<8 Ban: Sugiyama> Mushi Sousha Nashi,,,,,0,,,,,,,,,,,,,,,,,,,,,,,,,,,,,,,,,,,,,,,,,,,,,,,,2019-02-24 06:56:26+00:00,2019-02-24 06:56:26+00:00,0,4145,20,北谷,2026-10-01T20:50:19.593663
2019,2019022403,2019-02-24 13:00:00+09:00,74741030,620101.0,1,5,オープン戦,6.0,6回裏,1,原,土山,白井,真鍋,,,1,4,中日,D,,5,阪神,T,,,,,,,1球目:内角高めのストレートを見逃してボール 1-0,1 Tamame: Naikaku Takame no Straight wo Minogashite Ball 1-0,,,,,1,,,,,,,,,,,,,,,,,,,,,,,,,,,,,,,,,,,,,,,,,,,,,,,,2019-02-24 06:56:26+00:00,2019-02-24 06:56:26+00:00,0,4145,20,北谷,2026-10-01T20:50:19.593663
2019,2019022403,2019-02-24 13:00:00+09:00,74741031,620102.0,1,5,オープン戦,6.0,6回裏,1,原,土山,白井,真鍋,,,1,4,中日,D,,5,阪神,T,,,,,,,2球目:低めのストレートを見逃してボール 2-0,2 Tamame: Hikume no Straight wo Minogashite Ball 2-0,,,,,2,,,,,,,,,,,,,,,,,,,,,,,,,,,,,,,,,,,,,,,,,,,,,,,,2019-02-24 06:56:26+00:00,2019-02-24 06:56:26+00:00,0,4145,20,北谷,2026-10-01T20:50:19.593663
2019,2019022403,2019-02-24 13:00:00+09:00,74741032,620103.0,1,5,オープン戦,6.0,6回裏,1,原,土山,白井,真鍋,,,1,4,中日,D,,5,阪神,T,,,,,,,3球目:外角高めのストレートを見逃してボール 3-0,3 Tamame: Gaikaku Takame no Straight wo Minogashite Ball 3-0,,,,,3,,,,,,,,,,,,,,,,,,,,,,,,,,,,,,,,,,,,,,,,,,,,,,,,2019-02-24 06:56:26+00:00,2019-02-24 06:56:26+00:00,0,4145,20,北谷,2026-10-01T20:50:19.593663
2019,2019022403,2019-02-24 13:00:00+09:00,74741033,620104.0,1,5,オープン戦,6.0,6回裏,1,原,土山,白井,真鍋,,,1,4,中日,D,,5,阪神,T,,,,,,,4球目:ど真ん中の球を見逃してストライク 3-1,4 Tamame: Domannaka no Tama wo Minogashite Strike 3-1,,,,,4,,,,,,,,,,,,,,,,,,,,,,,,,,,,,,,,,,,,,,,,,,,,,,,,2019-02-24 06:56:26+00:00,2019-02-24 06:56:26+00:00,0,4145,20,北谷,2026-10-01T20:50:19.593663
2019,2019022403,2019-02-24 13:00:00+09:00,74741034,620105.0,1,5,オープン戦,6.0,6回裏,1,原,土山,白井,真鍋,,,1,4,中日,D,,5,阪神,T,,,,,,,5球目:一度もバットを振ることなく四球を選ぶ 1塁,5 Tamame: Ichi Do mo Batto wo Furu Koto Naku Shikyuu wo Erabu 1 Rui,,,,,5,,,,,,,,,,,,,,,,,,,,,,,,,,,,,,,,,,,,,,,,,,,,,,,,2019-02-24 06:56:26+00:00,2019-02-24 06:56:26+00:00,0,4145,20,北谷,2026-10-01T20:50:19.593663
2019,2019022403,2019-02-24 13:00:00+09:00,74741035,620200.0,1,5,オープン戦,6.0,6回裏,2,原,土山,白井,真鍋,,,1,4,中日,D,,5,阪神,T,,,,,,,＜9番：渡辺＞無死1塁,<9 Ban: Watanabe> Mushi 1 Rui,,,,,0,,,,,,,,,,,,,,,,,,,,,,,,,,,,,,,,,,,,,,,,,,,,,,,,2019-02-24 06:56:26+00:00,2019-02-24 06:56:26+00:00,0,4145,20,北谷,2026-10-01T20:50:19.593663
2019,2019022403,2019-02-24 13:00:00+09:00,74741036,620201.0,1,5,オープン戦,6.0,6回裏,2,原,土山,白井,真鍋,,,1,4,中日,D,,5,阪神,T,,,,,,,1球目:セカンドゴロ 1アウト1塁,1 Tamame: Sekando Grounder 1 Out 1 Rui,,,,,1,,,,,,,,,,,,,,,,,,,,,,,,,,,,,,,,,,,,,,,,,,,,,,,,2019-02-24 06:56:26+00:00,2019-02-24 06:56:26+00:00,0,4145,20,北谷,2026-10-01T20:50:19.593663
2019,2019022403,2019-02-24 13:00:00+09:00,74741037,620300.0,1,5,オープン戦,6.0,6回裏,3,原,土山,白井,真鍋,,,1,4,中日,D,,5,阪神,T,,,,,,,＜1番：京田＞一死1塁,<1 Ban: Kyouda> Ichi Shi 1 Rui,,,,,0,,,,,,,,,,,,,,,,,,,,,,,,,,,,,,,,,,,,,,,,,,,,,,,,2019-02-24 06:56:26+00:00,2019-02-24 06:56:26+00:00,0,4145,20,北谷,2026-10-01T20:50:19.593663
2019,2019022403,2019-02-24 13:00:00+09:00,74741038,620301.0,1,5,オープン戦,6.0,6回裏,3,原,土山,白井,真鍋,,,1,4,中日,D,,5,阪神,T,,,,,,,1球目:高めのストレートを見逃してストライク 0-1,1 Tamame: Takame no Straight wo Minogashite Strike 0-1,,,,,1,,,,,,,,,,,,,,,,,,,,,,,,,,,,,,,,,,,,,,,,,,,,,,,,2019-02-24 06:56:26+00:00,2019-02-24 06:56:26+00:00,0,4145,20,北谷,2026-10-01T20:50:19.593663
2019,2019022403,2019-02-24 13:00:00+09:00,74741039,620300.0,1,5,オープン戦,6.0,6回裏,3,原,土山,白井,真鍋,,,1,4,中日,D,,5,阪神,T,,,,,,,一塁走者渡辺:盗塁成功 2塁,Ichirui Sousha Watanabe: Tourui Seikou 2 Rui,,,,,0,,,,,,,,,,,,,,,,,,,,,,,,,,,,,,,,,,,,,,,,,,,,,,,,2019-02-24 06:56:26+00:00,2019-02-24 06:56:26+00:00,0,4145,20,北谷,2026-10-01T20:50:19.593663
2019,2019022403,2019-02-24 13:00:00+09:00,74741040,620302.0,1,5,オープン戦,6.0,6回裏,3,原,土山,白井,真鍋,,,1,4,中日,D,,5,阪神,T,,,,,,,2球目:外角高めのスライダーを見逃してボール 1-1,2 Tamame: Gaikaku Takame no Slider wo Minogashite Ball 1-1,,,,,2,,,,,,,,,,,,,,,,,,,,,,,,,,,,,,,,,,,,,,,,,,,,,,,,2019-02-24 06:56:26+00:00,2019-02-24 06:56:26+00:00,0,4145,20,北谷,2026-10-01T20:50:19.593663
2019,2019022403,2019-02-24 13:00:00+09:00,74741041,620303.0,1,5,オープン戦,6.0,6回裏,3,原,土山,白井,真鍋,,,1,4,中日,D,,5,阪神,T,,,,,,,3球目:外角のストレートを打ってファウル 1-2,3 Tamame: Gaikaku no Straight wo Utte Foul 1-2,,,,,3,,,,,,,,,,,,,,,,,,,,,,,,,,,,,,,,,,,,,,,,,,,,,,,,2019-02-24 06:56:26+00:00,2019-02-24 06:56:26+00:00,0,4145,20,北谷,2026-10-01T20:50:19.593663
2019,2019022403,2019-02-24 13:00:00+09:00,74741042,620304.0,1,5,オープン戦,6.0,6回裏,3,原,土山,白井,真鍋,,,1,4,中日,D,,5,阪神,T,,,,,,,4球目:サードフライ 2アウト,4 Tamame: Third Fly 2 Out,,,,,4,,,,,,,,,,,,,,,,,,,,,,,,,,,,,,,,,,,,,,,,,,,,,,,,2019-02-24 06:56:26+00:00,2019-02-24 06:56:26+00:00,0,4145,20,北谷,2026-10-01T20:50:19.593663
2019,2019022403,2019-02-24 13:00:00+09:00,74741043,620400.0,1,5,オープン戦,6.0,6回裏,4,原,土山,白井,真鍋,,,1,4,中日,D,,5,阪神,T,,,,,,,＜2番：亀澤＞二死2塁,<2 Ban: Kamezawa> Ni Shi 2 Rui,,,,,0,,,,,,,,,,,,,,,,,,,,,,,,,,,,,,,,,,,,,,,,,,,,,,,,2019-02-24 06:56:26+00:00,2019-02-24 06:56:26+00:00,0,4145,20,北谷,2026-10-01T20:50:19.593663
2019,2019022403,2019-02-24 13:00:00+09:00,74741044,620401.0,1,5,オープン戦,6.0,6回裏,4,原,土山,白井,真鍋,,,1,4,中日,D,,5,阪神,T,,,,,,,1球目:外角高めのスライダーを見逃してストライク 0-1,1 Tamame: Gaikaku Takame no Slider wo Minogashite Strike 0-1,,,,,1,,,,,,,,,,,,,,,,,,,,,,,,,,,,,,,,,,,,,,,,,,,,,,,,2019-02-24 06:56:26+00:00,2019-02-24 06:56:26+00:00,0,4145,20,北谷,2026-10-01T20:50:19.593663
2019,2019022403,2019-02-24 13:00:00+09:00,74741045,620402.0,1,5,オープン戦,6.0,6回裏,4,原,土山,白井,真鍋,,,1,4,中日,D,,5,阪神,T,,,,,,,2球目:低めのスライダーを見逃してボール 1-1,2 Tamame: Hikume no Slider wo Minogashite Ball 1-1,,,,,2,,,,,,,,,,,,,,,,,,,,,,,,,,,,,,,,,,,,,,,,,,,,,,,,2019-02-24 06:56:26+00:00,2019-02-24 06:56:26+00:00,0,4145,20,北谷,2026-10-01T20:50:19.593663
2019,2019022403,2019-02-24 13:00:00+09:00,74741046,620403.0,1,5,オープン戦,6.0,6回裏,4,原,土山,白井,真鍋,,,1,4,中日,D,,5,阪神,T,,,,,,,3球目:低めの変化球を見逃してストライク 1-2,3 Tamame: Hikume no Henka Kyuu wo Minogashite Strike 1-2,,,,,3,,,,,,,,,,,,,,,,,,,,,,,,,,,,,,,,,,,,,,,,,,,,,,,,2019-02-24 06:56:26+00:00,2019-02-24 06:56:26+00:00,0,4145,20,北谷,2026-10-01T20:50:19.593663
2019,2019022403,2019-02-24 13:00:00+09:00,74741047,620404.0,1,5,オープン戦,6.0,6回裏,4,原,土山,白井,真鍋,,,1,4,中日,D,,5,阪神,T,,,,,,,4球目:セカンドゴロ 3アウトチェンジ,4 Tamame: Sekando Grounder 3 Out Change,,,,,4,,,,,,,,,,,,,,,,,,,,,,,,,,,,,,,,,,,,,,,,,,,,,,,,2019-02-24 06:56:26+00:00,2019-02-24 06:56:26+00:00,0,4145,20,北谷,2026-10-01T20:50:19.593663
2019,2019022403,2019-02-24 13:00:00+09:00,74741048,710100.0,1,5,オープン戦,7.0,7回表,1,原,土山,白井,真鍋,,,1,4,中日,D,,5,阪神,T,,,,,,,7回表 中3-2神　阪神は5番糸原からの攻撃,7 Kai Hyouchuu 3-2 Shin Hanshin wa 5 Ban Itohara kara no Kougeki,,,,,0,,,,,,,,,,,,,,,,,,,,,,,,,,,,,,,,,,,,,,,,,,,,,,,,2019-02-24 06:56:26+00:00,2019-02-24 06:56:26+00:00,0,4145,20,北谷,2026-10-01T20:50:19.593663
2019,2019022403,2019-02-24 13:00:00+09:00,74741049,710100.0,1,5,オープン戦,7.0,7回表,1,原,土山,白井,真鍋,,,1,4,中日,D,,5,阪神,T,,,,,,,ピッチャー小熊に代わって田島がマウンドにあがる,Pitcher Koguma ni Kawatte Tajima ga Mound ni Agaru,,,,,0,,,,,,,,,,,,,,,,,,,,,,,,,,,,,,,,,,,,,,,,,,,,,,,,2019-02-24 06:56:26+00:00,2019-02-24 06:56:26+00:00,0,4145,20,北谷,2026-10-01T20:50:19.593663
2019,2019022403,2019-02-24 13:00:00+09:00,74741050,710100.0,1,5,オープン戦,7.0,7回表,1,原,土山,白井,真鍋,,,1,4,中日,D,,5,阪神,T,,,,,,,糸原→代打:北條,Itohara Daida: Houjou,,,,,0,,,,,,,,,,,,,,,,,,,,,,,,,,,,,,,,,,,,,,,,,,,,,,,,2019-02-24 06:56:26+00:00,2019-02-24 06:56:26+00:00,0,4145,20,北谷,2026-10-01T20:50:19.593663
2019,2019022403,2019-02-24 13:00:00+09:00,74741051,710100.0,1,5,オープン戦,7.0,7回表,1,原,土山,白井,真鍋,,,1,4,中日,D,,5,阪神,T,,,,,,,＜代打：北條＞無死走者なし,< Daida: Houjou> Mushi Sousha Nashi,,,,,0,,,,,,,,,,,,,,,,,,,,,,,,,,,,,,,,,,,,,,,,,,,,,,,,2019-02-24 06:56:26+00:00,2019-02-24 06:56:26+00:00,0,4145,20,北谷,2026-10-01T20:50:19.593663
2019,2019022403,2019-02-24 13:00:00+09:00,74741052,710101.0,1,5,オープン戦,7.0,7回表,1,原,土山,白井,真鍋,,,1,4,中日,D,,5,阪神,T,,,,,,,1球目:外角低めのストレートを空振りストライク 0-1,1 Tamame: Gaikaku Hikume no Straight wo Karaburi Strike 0-1,,,,,1,,,,,,,,,,,,,,,,,,,,,,,,,,,,,,,,,,,,,,,,,,,,,,,,2019-02-24 06:56:26+00:00,2019-02-24 06:56:26+00:00,0,4145,20,北谷,2026-10-01T20:50:19.593663
2019,2019022403,2019-02-24 13:00:00+09:00,74741053,710102.0,1,5,オープン戦,7.0,7回表,1,原,土山,白井,真鍋,,,1,4,中日,D,,5,阪神,T,,,,,,,2球目:内角低めのシュートを打ってファウル 0-2,2 Tamame: Naikaku Hikume no Shoot wo Utte Foul 0-2,,,,,2,,,,,,,,,,,,,,,,,,,,,,,,,,,,,,,,,,,,,,,,,,,,,,,,2019-02-24 06:56:26+00:00,2019-02-24 06:56:26+00:00,0,4145,20,北谷,2026-10-01T20:50:19.593663
2019,2019022403,2019-02-24 13:00:00+09:00,74741054,710103.0,1,5,オープン戦,7.0,7回表,1,原,土山,白井,真鍋,,,1,4,中日,D,,5,阪神,T,,,,,,,3球目:高めのスライダーに反応するもバットが止まりボール 1-2,3 Tamame: Takame no Slider ni Hannou Suru mo Batto ga Tomari Ball 1-2,,,,,3,,,,,,,,,,,,,,,,,,,,,,,,,,,,,,,,,,,,,,,,,,,,,,,,2019-02-24 06:56:26+00:00,2019-02-24 06:56:26+00:00,0,4145,20,北谷,2026-10-01T20:50:19.593663
2019,2019022403,2019-02-24 13:00:00+09:00,74741055,710104.0,1,5,オープン戦,7.0,7回表,1,原,土山,白井,真鍋,,,1,4,中日,D,,5,阪神,T,,,,,,,4球目:ファウルフライを京田(遊)がつかんでバッターアウト 1アウト,4 Tamame: Foul Fly wo Kyouda (Yuu) ga Tsukande Batter Out 1 Out,,,,,4,,,,,,,,,,,,,,,,,,,,,,,,,,,,,,,,,,,,,,,,,,,,,,,,2019-02-24 06:56:26+00:00,2019-02-24 06:56:26+00:00,0,4145,20,北谷,2026-10-01T20:50:19.593663
2019,2019022403,2019-02-24 13:00:00+09:00,74741056,710200.0,1,5,オープン戦,7.0,7回表,2,原,土山,白井,真鍋,,,1,4,中日,D,,5,阪神,T,,,,,,,＜6番：高山＞一死走者なし,<6 Ban: Kouzan> Ichi Shi Sousha Nashi,,,,,0,,,,,,,,,,,,,,,,,,,,,,,,,,,,,,,,,,,,,,,,,,,,,,,,2019-02-24 06:56:26+00:00,2019-02-24 06:56:26+00:00,0,4145,20,北谷,2026-10-01T20:50:19.593663
2019,2019022403,2019-02-24 13:00:00+09:00,74741057,710201.0,1,5,オープン戦,7.0,7回表,2,原,土山,白井,真鍋,,,1,4,中日,D,,5,阪神,T,,,,,,,1球目:高めのストレートを打ちにいくもファウル 0-1,1 Tamame: Takame no Straight wo Uchi ni Iku mo Foul 0-1,,,,,1,,,,,,,,,,,,,,,,,,,,,,,,,,,,,,,,,,,,,,,,,,,,,,,,2019-02-24 06:56:26+00:00,2019-02-24 06:56:26+00:00,0,4145,20,北谷,2026-10-01T20:50:19.593663
2019,2019022403,2019-02-24 13:00:00+09:00,74741058,710202.0,1,5,オープン戦,7.0,7回表,2,原,土山,白井,真鍋,,,1,4,中日,D,,5,阪神,T,,,,,,,2球目:外角のスライダーを見逃してストライク 0-2,2 Tamame: Gaikaku no Slider wo Minogashite Strike 0-2,,,,,2,,,,,,,,,,,,,,,,,,,,,,,,,,,,,,,,,,,,,,,,,,,,,,,,2019-02-24 06:56:26+00:00,2019-02-24 06:56:26+00:00,0,4145,20,北谷,2026-10-01T20:50:19.593663
2019,2019022403,2019-02-24 13:00:00+09:00,74741059,710203.0,1,5,オープン戦,7.0,7回表,2,原,土山,白井,真鍋,,,1,4,中日,D,,5,阪神,T,,,,,,,3球目:全く反応できず3球三振 2アウト,3 Tamame: Mattaku Hannou Dekizu 3 Kyuu Sanshin 2 Out,,,,,3,,,,,,,,,,,,,,,,,,,,,,,,,,,,,,,,,,,,,,,,,,,,,,,,2019-02-24 06:56:26+00:00,2019-02-24 06:56:26+00:00,0,4145,20,北谷,2026-10-01T20:50:19.593663
2019,2019022403,2019-02-24 13:00:00+09:00,74741060,710300.0,1,5,オープン戦,7.0,7回表,3,原,土山,白井,真鍋,,,1,4,中日,D,,5,阪神,T,,,,,,,＜7番：木浪＞二死走者なし,<7 Ban: Mokurou> Ni Shi Sousha Nashi,,,,,0,,,,,,,,,,,,,,,,,,,,,,,,,,,,,,,,,,,,,,,,,,,,,,,,2019-02-24 06:56:26+00:00,2019-02-24 06:56:26+00:00,0,4145,20,北谷,2026-10-01T20:50:19.593663
2019,2019022403,2019-02-24 13:00:00+09:00,74741061,710301.0,1,5,オープン戦,7.0,7回表,3,原,土山,白井,真鍋,,,1,4,中日,D,,5,阪神,T,,,,,,,1球目:内角低めのストレートを見逃してストライク 0-1,1 Tamame: Naikaku Hikume no Straight wo Minogashite Strike 0-1,,,,,1,,,,,,,,,,,,,,,,,,,,,,,,,,,,,,,,,,,,,,,,,,,,,,,,2019-02-24 06:56:26+00:00,2019-02-24 06:56:26+00:00,0,4145,20,北谷,2026-10-01T20:50:19.593663
2019,2019022403,2019-02-24 13:00:00+09:00,74741062,710302.0,1,5,オープン戦,7.0,7回表,3,原,土山,白井,真鍋,,,1,4,中日,D,,5,阪神,T,,,,,,,2球目:内角低めのスライダーを空振りストライク 0-2,2 Tamame: Naikaku Hikume no Slider wo Karaburi Strike 0-2,,,,,2,,,,,,,,,,,,,,,,,,,,,,,,,,,,,,,,,,,,,,,,,,,,,,,,2019-02-24 06:56:26+00:00,2019-02-24 06:56:26+00:00,0,4145,20,北谷,2026-10-01T20:50:19.593663
2019,2019022403,2019-02-24 13:00:00+09:00,74741063,710303.0,1,5,オープン戦,7.0,7回表,3,原,土山,白井,真鍋,,,1,4,中日,D,,5,阪神,T,,,,,,,3球目:際どいコースのストレートを見極めてボール 1-2,3 Tamame: Kiwadoi Course no Straight wo Mikiwamete Ball 1-2,,,,,3,,,,,,,,,,,,,,,,,,,,,,,,,,,,,,,,,,,,,,,,,,,,,,,,2019-02-24 06:56:26+00:00,2019-02-24 06:56:26+00:00,0,4145,20,北谷,2026-10-01T20:50:19.593663
2019,2019022403,2019-02-24 13:00:00+09:00,74741064,710304.0,1,5,オープン戦,7.0,7回表,3,原,土山,白井,真鍋,,,1,4,中日,D,,5,阪神,T,,,,,,,4球目:内角低めの落ちる球を打ってファウル 1-2,4 Tamame: Naikaku Hikume no Ochiru Tama wo Utte Foul 1-2,,,,,4,,,,,,,,,,,,,,,,,,,,,,,,,,,,,,,,,,,,,,,,,,,,,,,,2019-02-24 06:56:26+00:00,2019-02-24 06:56:26+00:00,0,4145,20,北谷,2026-10-01T20:50:19.593663
2019,2019022403,2019-02-24 13:00:00+09:00,74741065,710305.0,1,5,オープン戦,7.0,7回表,3,原,土山,白井,真鍋,,,1,4,中日,D,,5,阪神,T,,,,,,,5球目:ワンバウンドした球に空振り、三振を喫する 3アウトチェンジ,"5 Tamame: One Bound Shita Tama ni Karaburi, Sanshin wo Kissuru 3 Out Change",,,,,5,,,,,,,,,,,,,,,,,,,,,,,,,,,,,,,,,,,,,,,,,,,,,,,,2019-02-24 06:56:26+00:00,2019-02-24 06:56:26+00:00,0,4145,20,北谷,2026-10-01T20:50:19.593663
2019,2019022403,2019-02-24 13:00:00+09:00,74741066,720100.0,1,5,オープン戦,7.0,7回裏,1,原,土山,白井,真鍋,,,1,4,中日,D,,5,阪神,T,,,,,,,7回裏 中3-2神　中日は3番遠藤からの攻撃,7 Kairichuu 3-2 Kami Chuunichi wa 3 Ban Endou kara no Kougeki,,,,,0,,,,,,,,,,,,,,,,,,,,,,,,,,,,,,,,,,,,,,,,,,,,,,,,2019-02-24 06:56:26+00:00,2019-02-24 06:56:26+00:00,0,4145,20,北谷,2026-10-01T20:50:19.593663
2019,2019022403,2019-02-24 13:00:00+09:00,74741067,720100.0,1,5,オープン戦,7.0,7回裏,1,原,土山,白井,真鍋,,,1,4,中日,D,,5,阪神,T,,,,,,,投手交代:齋藤→青柳　守備交代:ライト板山,Toushu Koutai: Saitou Aoyagi Shubi Koutai: Raito Itayama,,,,,0,,,,,,,,,,,,,,,,,,,,,,,,,,,,,,,,,,,,,,,,,,,,,,,,2019-02-24 06:56:26+00:00,2019-02-24 06:56:26+00:00,0,4145,20,北谷,2026-10-01T20:50:19.593663
2019,2019022403,2019-02-24 13:00:00+09:00,74741068,720100.0,1,5,オープン戦,7.0,7回裏,1,原,土山,白井,真鍋,,,1,4,中日,D,,5,阪神,T,,,,,,,＜3番：遠藤＞無死走者なし,<3 Ban: Endou> Mushi Sousha Nashi,,,,,0,,,,,,,,,,,,,,,,,,,,,,,,,,,,,,,,,,,,,,,,,,,,,,,,2019-02-24 06:56:26+00:00,2019-02-24 06:56:26+00:00,0,4145,20,北谷,2026-10-01T20:50:19.593663
2019,2019022403,2019-02-24 13:00:00+09:00,74741069,720101.0,1,5,オープン戦,7.0,7回裏,1,原,土山,白井,真鍋,,,1,4,中日,D,,5,阪神,T,,,,,,,1球目:内角低めのスライダーを見逃してストライク 0-1,1 Tamame: Naikaku Hikume no Slider wo Minogashite Strike 0-1,,,,,1,,,,,,,,,,,,,,,,,,,,,,,,,,,,,,,,,,,,,,,,,,,,,,,,2019-02-24 06:56:26+00:00,2019-02-24 06:56:26+00:00,0,4145,20,北谷,2026-10-01T20:50:19.593663
2019,2019022403,2019-02-24 13:00:00+09:00,74741070,720102.0,1,5,オープン戦,7.0,7回裏,1,原,土山,白井,真鍋,,,1,4,中日,D,,5,阪神,T,,,,,,,2球目:ライトへのヒット 1塁,2 Tamame: Raito e no Hit 1 Rui,,,,,2,,,,,,,,,,,,,,,,,,,,,,,,,,,,,,,,,,,,,,,,,,,,,,,,2019-02-24 06:56:26+00:00,2019-02-24 06:56:26+00:00,0,4145,20,北谷,2026-10-01T20:50:19.593663
2019,2019022403,2019-02-24 13:00:00+09:00,74741071,720200.0,1,5,オープン戦,7.0,7回裏,2,原,土山,白井,真鍋,,,1,4,中日,D,,5,阪神,T,,,,,,,モヤ→代打:福田,Moya Daida: Fukuda,,,,,0,,,,,,,,,,,,,,,,,,,,,,,,,,,,,,,,,,,,,,,,,,,,,,,,2019-02-24 06:56:26+00:00,2019-02-24 06:56:26+00:00,0,4145,20,北谷,2026-10-01T20:50:19.593663
2019,2019022403,2019-02-24 13:00:00+09:00,74741072,720200.0,1,5,オープン戦,7.0,7回裏,2,原,土山,白井,真鍋,,,1,4,中日,D,,5,阪神,T,,,,,,,＜代打：福田＞無死1塁,< Daida: Fukuda> Mushi 1 Rui,,,,,0,,,,,,,,,,,,,,,,,,,,,,,,,,,,,,,,,,,,,,,,,,,,,,,,2019-02-24 06:56:26+00:00,2019-02-24 06:56:26+00:00,0,4145,20,北谷,2026-10-01T20:50:19.593663
2019,2019022403,2019-02-24 13:00:00+09:00,74741073,720201.0,1,5,オープン戦,7.0,7回裏,2,原,土山,白井,真鍋,,,1,4,中日,D,,5,阪神,T,,,,,,,1球目:外角低めのスライダーを見逃してストライク 0-1,1 Tamame: Gaikaku Hikume no Slider wo Minogashite Strike 0-1,,,,,1,,,,,,,,,,,,,,,,,,,,,,,,,,,,,,,,,,,,,,,,,,,,,,,,2019-02-24 06:56:26+00:00,2019-02-24 06:56:26+00:00,0,4145,20,北谷,2026-10-01T20:50:19.593663
2019,2019022403,2019-02-24 13:00:00+09:00,74741074,720200.0,1,5,オープン戦,7.0,7回裏,2,原,土山,白井,真鍋,,,1,4,中日,D,,5,阪神,T,,,,,,,一塁走者遠藤:すかさず初球から盗塁を試みるもアウト 1アウト,Ichirui Sousha Endou: Sukasazu Shokyuu kara Tourui wo Kokoromiru mo Out 1 Out,,,,,0,,,,,,,,,,,,,,,,,,,,,,,,,,,,,,,,,,,,,,,,,,,,,,,,2019-02-24 06:56:26+00:00,2019-02-24 06:56:26+00:00,0,4145,20,北谷,2026-10-01T20:50:19.593663
2019,2019022403,2019-02-24 13:00:00+09:00,74741075,720202.0,1,5,オープン戦,7.0,7回裏,2,原,土山,白井,真鍋,,,1,4,中日,D,,5,阪神,T,,,,,,,2球目:内角低めのツーシームを見逃してボール 1-1,2 Tamame: Naikaku Hikume no Two Seam wo Minogashite Ball 1-1,,,,,2,,,,,,,,,,,,,,,,,,,,,,,,,,,,,,,,,,,,,,,,,,,,,,,,2019-02-24 06:56:26+00:00,2019-02-24 06:56:26+00:00,0,4145,20,北谷,2026-10-01T20:50:19.593663
2019,2019022403,2019-02-24 13:00:00+09:00,74741076,720203.0,1,5,オープン戦,7.0,7回裏,2,原,土山,白井,真鍋,,,1,4,中日,D,,5,阪神,T,,,,,,,3球目:内角低めのツーシームを見逃してボール 2-1,3 Tamame: Naikaku Hikume no Two Seam wo Minogashite Ball 2-1,,,,,3,,,,,,,,,,,,,,,,,,,,,,,,,,,,,,,,,,,,,,,,,,,,,,,,2019-02-24 06:56:26+00:00,2019-02-24 06:56:26+00:00,0,4145,20,北谷,2026-10-01T20:50:19.593663
2019,2019022403,2019-02-24 13:00:00+09:00,74741077,720204.0,1,5,オープン戦,7.0,7回裏,2,原,土山,白井,真鍋,,,1,4,中日,D,,5,阪神,T,,,,,,,4球目:内角低めのツーシームを打ってファウル 2-2,4 Tamame: Naikaku Hikume no Two Seam wo Utte Foul 2-2,,,,,4,,,,,,,,,,,,,,,,,,,,,,,,,,,,,,,,,,,,,,,,,,,,,,,,2019-02-24 06:56:26+00:00,2019-02-24 06:56:26+00:00,0,4145,20,北谷,2026-10-01T20:50:19.593663
2019,2019022403,2019-02-24 13:00:00+09:00,74741078,720205.0,1,5,オープン戦,7.0,7回裏,2,原,土山,白井,真鍋,,,1,4,中日,D,,5,阪神,T,,,,,,,5球目:空振り三振でバッターアウト 2アウト,5 Tamame: Karaburi Sanshin de Batter Out 2 Out,,,,,5,,,,,,,,,,,,,,,,,,,,,,,,,,,,,,,,,,,,,,,,,,,,,,,,2019-02-24 06:56:26+00:00,2019-02-24 06:56:26+00:00,0,4145,20,北谷,2026-10-01T20:50:19.593663
2019,2019022403,2019-02-24 13:00:00+09:00,74741079,720300.0,1,5,オープン戦,7.0,7回裏,3,原,土山,白井,真鍋,,,1,4,中日,D,,5,阪神,T,,,,,,,＜5番：阿部＞二死走者なし,<5 Ban: Abe> Ni Shi Sousha Nashi,,,,,0,,,,,,,,,,,,,,,,,,,,,,,,,,,,,,,,,,,,,,,,,,,,,,,,2019-02-24 06:56:26+00:00,2019-02-24 06:56:26+00:00,0,4145,20,北谷,2026-10-01T20:50:19.593663
2019,2019022403,2019-02-24 13:00:00+09:00,74741080,720301.0,1,5,オープン戦,7.0,7回裏,3,原,土山,白井,真鍋,,,1,4,中日,D,,5,阪神,T,,,,,,,1球目:甘いストレートを見逃してストライク 0-1,1 Tamame: Amai Straight wo Minogashite Strike 0-1,,,,,1,,,,,,,,,,,,,,,,,,,,,,,,,,,,,,,,,,,,,,,,,,,,,,,,2019-02-24 06:56:26+00:00,2019-02-24 06:56:26+00:00,0,4145,20,北谷,2026-10-01T20:50:19.593663
2019,2019022403,2019-02-24 13:00:00+09:00,74741081,720302.0,1,5,オープン戦,7.0,7回裏,3,原,土山,白井,真鍋,,,1,4,中日,D,,5,阪神,T,,,,,,,2球目:外角高めのストレートを打ってファウル 0-2,2 Tamame: Gaikaku Takame no Straight wo Utte Foul 0-2,,,,,2,,,,,,,,,,,,,,,,,,,,,,,,,,,,,,,,,,,,,,,,,,,,,,,,2019-02-24 06:56:26+00:00,2019-02-24 06:56:26+00:00,0,4145,20,北谷,2026-10-01T20:50:19.593663
2019,2019022403,2019-02-24 13:00:00+09:00,74741082,720303.0,1,5,オープン戦,7.0,7回裏,3,原,土山,白井,真鍋,,,1,4,中日,D,,5,阪神,T,,,,,,,3球目:外角低めのスライダーを見逃してボール 1-2,3 Tamame: Gaikaku Hikume no Slider wo Minogashite Ball 1-2,,,,,3,,,,,,,,,,,,,,,,,,,,,,,,,,,,,,,,,,,,,,,,,,,,,,,,2019-02-24 06:56:26+00:00,2019-02-24 06:56:26+00:00,0,4145,20,北谷,2026-10-01T20:50:19.593663
2019,2019022403,2019-02-24 13:00:00+09:00,74741083,720304.0,1,5,オープン戦,7.0,7回裏,3,原,土山,白井,真鍋,,,1,4,中日,D,,5,阪神,T,,,,,,,4球目:空振り三振でバッターアウト 3アウトチェンジ,4 Tamame: Karaburi Sanshin de Batter Out 3 Out Change,,,,,4,,,,,,,,,,,,,,,,,,,,,,,,,,,,,,,,,,,,,,,,,,,,,,,,2019-02-24 06:56:26+00:00,2019-02-24 06:56:26+00:00,0,4145,20,北谷,2026-10-01T20:50:19.593663
2019,2019022403,2019-02-24 13:00:00+09:00,74741084,810100.0,1,5,オープン戦,8.0,8回表,1,原,土山,白井,真鍋,,,1,4,中日,D,,5,阪神,T,,,,,,,8回表 中3-2神　阪神は8番長坂からの攻撃,8 Kai Hyouchuu 3-2 Shin Hanshin wa 8 Ban Nagasaka kara no Kougeki,,,,,0,,,,,,,,,,,,,,,,,,,,,,,,,,,,,,,,,,,,,,,,,,,,,,,,2019-02-24 06:56:26+00:00,2019-02-24 06:56:26+00:00,0,4145,20,北谷,2026-10-01T20:50:19.593663
2019,2019022403,2019-02-24 13:00:00+09:00,74741085,810100.0,1,5,オープン戦,8.0,8回表,1,原,土山,白井,真鍋,,,1,4,中日,D,,5,阪神,T,,,,,,,ピッチャー田島に代わって祖父江がマウンドにあがる,Pitcher Tajima ni Kawatte Sobue ga Mound ni Agaru,,,,,0,,,,,,,,,,,,,,,,,,,,,,,,,,,,,,,,,,,,,,,,,,,,,,,,2019-02-24 06:56:26+00:00,2019-02-24 06:56:26+00:00,0,4145,20,北谷,2026-10-01T20:50:19.593663
2019,2019022403,2019-02-24 13:00:00+09:00,74741086,810100.0,1,5,オープン戦,8.0,8回表,1,原,土山,白井,真鍋,,,1,4,中日,D,,5,阪神,T,,,,,,,＜8番：長坂＞無死走者なし,<8 Ban: Nagasaka> Mushi Sousha Nashi,,,,,0,,,,,,,,,,,,,,,,,,,,,,,,,,,,,,,,,,,,,,,,,,,,,,,,2019-02-24 06:56:26+00:00,2019-02-24 06:56:26+00:00,0,4145,20,北谷,2026-10-01T20:50:19.593663
2019,2019022403,2019-02-24 13:00:00+09:00,74741087,810101.0,1,5,オープン戦,8.0,8回表,1,原,土山,白井,真鍋,,,1,4,中日,D,,5,阪神,T,,,,,,,1球目:初球から打ちにいくもファウル 0-1,1 Tamame: Shokyuu kara Uchi ni Iku mo Foul 0-1,,,,,1,,,,,,,,,,,,,,,,,,,,,,,,,,,,,,,,,,,,,,,,,,,,,,,,2019-02-24 06:56:26+00:00,2019-02-24 06:56:26+00:00,0,4145,20,北谷,2026-10-01T20:50:19.593663
2019,2019022403,2019-02-24 13:00:00+09:00,74741088,810102.0,1,5,オープン戦,8.0,8回表,1,原,土山,白井,真鍋,,,1,4,中日,D,,5,阪神,T,,,,,,,2球目:高めのスライダーを見逃してストライク 0-2,2 Tamame: Takame no Slider wo Minogashite Strike 0-2,,,,,2,,,,,,,,,,,,,,,,,,,,,,,,,,,,,,,,,,,,,,,,,,,,,,,,2019-02-24 06:56:26+00:00,2019-02-24 06:56:26+00:00,0,4145,20,北谷,2026-10-01T20:50:19.593663
2019,2019022403,2019-02-24 13:00:00+09:00,74741089,810103.0,1,5,オープン戦,8.0,8回表,1,原,土山,白井,真鍋,,,1,4,中日,D,,5,阪神,T,,,,,,,3球目:外角高めのストレートを見逃してボール 1-2,3 Tamame: Gaikaku Takame no Straight wo Minogashite Ball 1-2,,,,,3,,,,,,,,,,,,,,,,,,,,,,,,,,,,,,,,,,,,,,,,,,,,,,,,2019-02-24 06:56:26+00:00,2019-02-24 06:56:26+00:00,0,4145,20,北谷,2026-10-01T20:50:19.593663
2019,2019022403,2019-02-24 13:00:00+09:00,74741090,810104.0,1,5,オープン戦,8.0,8回表,1,原,土山,白井,真鍋,,,1,4,中日,D,,5,阪神,T,,,,,,,4球目:ワンバウンドした球を空振り三振 1アウト,4 Tamame: One Bound Shita Tama wo Karaburi Sanshin 1 Out,,,,,4,,,,,,,,,,,,,,,,,,,,,,,,,,,,,,,,,,,,,,,,,,,,,,,,2019-02-24 06:56:26+00:00,2019-02-24 06:56:26+00:00,0,4145,20,北谷,2026-10-01T20:50:19.593663
2019,2019022403,2019-02-24 13:00:00+09:00,74741091,810200.0,1,5,オープン戦,8.0,8回表,2,原,土山,白井,真鍋,,,1,4,中日,D,,5,阪神,T,,,,,,,＜9番：近本＞一死走者なし,<9 Ban: Kinhon> Ichi Shi Sousha Nashi,,,,,0,,,,,,,,,,,,,,,,,,,,,,,,,,,,,,,,,,,,,,,,,,,,,,,,2019-02-24 06:56:26+00:00,2019-02-24 06:56:26+00:00,0,4145,20,北谷,2026-10-01T20:50:19.593663
2019,2019022403,2019-02-24 13:00:00+09:00,74741092,810201.0,1,5,オープン戦,8.0,8回表,2,原,土山,白井,真鍋,,,1,4,中日,D,,5,阪神,T,,,,,,,1球目:高めのストレートを打ちにいくもファウル 0-1,1 Tamame: Takame no Straight wo Uchi ni Iku mo Foul 0-1,,,,,1,,,,,,,,,,,,,,,,,,,,,,,,,,,,,,,,,,,,,,,,,,,,,,,,2019-02-24 06:56:26+00:00,2019-02-24 06:56:26+00:00,0,4145,20,北谷,2026-10-01T20:50:19.593663
2019,2019022403,2019-02-24 13:00:00+09:00,74741093,810202.0,1,5,オープン戦,8.0,8回表,2,原,土山,白井,真鍋,,,1,4,中日,D,,5,阪神,T,,,,,,,2球目:外角のストレートを打ってファウル 0-2,2 Tamame: Gaikaku no Straight wo Utte Foul 0-2,,,,,2,,,,,,,,,,,,,,,,,,,,,,,,,,,,,,,,,,,,,,,,,,,,,,,,2019-02-24 06:56:26+00:00,2019-02-24 06:56:26+00:00,0,4145,20,北谷,2026-10-01T20:50:19.593663
2019,2019022403,2019-02-24 13:00:00+09:00,74741094,810203.0,1,5,オープン戦,8.0,8回表,2,原,土山,白井,真鍋,,,1,4,中日,D,,5,阪神,T,,,,,,,3球目:全く反応できず3球三振 2アウト,3 Tamame: Mattaku Hannou Dekizu 3 Kyuu Sanshin 2 Out,,,,,3,,,,,,,,,,,,,,,,,,,,,,,,,,,,,,,,,,,,,,,,,,,,,,,,2019-02-24 06:56:26+00:00,2019-02-24 06:56:26+00:00,0,4145,20,北谷,2026-10-01T20:50:19.593663
2019,2019022403,2019-02-24 13:00:00+09:00,74741095,810300.0,1,5,オープン戦,8.0,8回表,3,原,土山,白井,真鍋,,,1,4,中日,D,,5,阪神,T,,,,,,,＜1番：植田＞二死走者なし,<1 Ban: Ueda> Ni Shi Sousha Nashi,,,,,0,,,,,,,,,,,,,,,,,,,,,,,,,,,,,,,,,,,,,,,,,,,,,,,,2019-02-24 06:56:26+00:00,2019-02-24 06:56:26+00:00,0,4145,20,北谷,2026-10-01T20:50:19.593663
2019,2019022403,2019-02-24 13:00:00+09:00,74741096,810301.0,1,5,オープン戦,8.0,8回表,3,原,土山,白井,真鍋,,,1,4,中日,D,,5,阪神,T,,,,,,,1球目:低めのストレートを見逃してボール 1-0,1 Tamame: Hikume no Straight wo Minogashite Ball 1-0,,,,,1,,,,,,,,,,,,,,,,,,,,,,,,,,,,,,,,,,,,,,,,,,,,,,,,2019-02-24 06:56:26+00:00,2019-02-24 06:56:26+00:00,0,4145,20,北谷,2026-10-01T20:50:19.593663
2019,2019022403,2019-02-24 13:00:00+09:00,74741097,810302.0,1,5,オープン戦,8.0,8回表,3,原,土山,白井,真鍋,,,1,4,中日,D,,5,阪神,T,,,,,,,2球目:外角低めのスライダーを見逃してボール 2-0,2 Tamame: Gaikaku Hikume no Slider wo Minogashite Ball 2-0,,,,,2,,,,,,,,,,,,,,,,,,,,,,,,,,,,,,,,,,,,,,,,,,,,,,,,2019-02-24 06:56:26+00:00,2019-02-24 06:56:26+00:00,0,4145,20,北谷,2026-10-01T20:50:19.593663
2019,2019022403,2019-02-24 13:00:00+09:00,74741098,810303.0,1,5,オープン戦,8.0,8回表,3,原,土山,白井,真鍋,,,1,4,中日,D,,5,阪神,T,,,,,,,3球目:内角低めのストレートを空振りストライク 2-1,3 Tamame: Naikaku Hikume no Straight wo Karaburi Strike 2-1,,,,,3,,,,,,,,,,,,,,,,,,,,,,,,,,,,,,,,,,,,,,,,,,,,,,,,2019-02-24 06:56:26+00:00,2019-02-24 06:56:26+00:00,0,4145,20,北谷,2026-10-01T20:50:19.593663
2019,2019022403,2019-02-24 13:00:00+09:00,74741099,810304.0,1,5,オープン戦,8.0,8回表,3,原,土山,白井,真鍋,,,1,4,中日,D,,5,阪神,T,,,,,,,4球目:ショートゴロ 3アウトチェンジ,4 Tamame: Short Grounder 3 Out Change,,,,,4,,,,,,,,,,,,,,,,,,,,,,,,,,,,,,,,,,,,,,,,,,,,,,,,2019-02-24 06:56:26+00:00,2019-02-24 06:56:26+00:00,0,4145,20,北谷,2026-10-01T20:50:19.593663
2019,2019022403,2019-02-24 13:00:00+09:00,74741100,820100.0,1,5,オープン戦,8.0,8回裏,1,原,土山,白井,真鍋,,,1,4,中日,D,,5,阪神,T,,,,,,,8回裏 中3-2神　中日は6番井領からの攻撃,8 Kairichuu 3-2 Kami Chuunichi wa 6 Ban Iryou kara no Kougeki,,,,,0,,,,,,,,,,,,,,,,,,,,,,,,,,,,,,,,,,,,,,,,,,,,,,,,2019-02-24 06:56:26+00:00,2019-02-24 06:56:26+00:00,0,4145,20,北谷,2026-10-01T20:50:19.593663
2019,2019022403,2019-02-24 13:00:00+09:00,74741101,820100.0,1,5,オープン戦,8.0,8回裏,1,原,土山,白井,真鍋,,,1,4,中日,D,,5,阪神,T,,,,,,,＜6番：井領＞無死走者なし,<6 Ban: Iryou> Mushi Sousha Nashi,,,,,0,,,,,,,,,,,,,,,,,,,,,,,,,,,,,,,,,,,,,,,,,,,,,,,,2019-02-24 06:56:26+00:00,2019-02-24 06:56:26+00:00,0,4145,20,北谷,2026-10-01T20:50:19.593663
2019,2019022403,2019-02-24 13:00:00+09:00,74741102,820101.0,1,5,オープン戦,8.0,8回裏,1,原,土山,白井,真鍋,,,1,4,中日,D,,5,阪神,T,,,,,,,1球目:外角のツーシームを見逃してストライク 0-1,1 Tamame: Gaikaku no Two Seam wo Minogashite Strike 0-1,,,,,1,,,,,,,,,,,,,,,,,,,,,,,,,,,,,,,,,,,,,,,,,,,,,,,,2019-02-24 06:56:26+00:00,2019-02-24 06:56:26+00:00,0,4145,20,北谷,2026-10-01T20:50:19.593663
2019,2019022403,2019-02-24 13:00:00+09:00,74741103,820102.0,1,5,オープン戦,8.0,8回裏,1,原,土山,白井,真鍋,,,1,4,中日,D,,5,阪神,T,,,,,,,2球目:外角低めのスライダーを見逃してボール 1-1,2 Tamame: Gaikaku Hikume no Slider wo Minogashite Ball 1-1,,,,,2,,,,,,,,,,,,,,,,,,,,,,,,,,,,,,,,,,,,,,,,,,,,,,,,2019-02-24 06:56:26+00:00,2019-02-24 06:56:26+00:00,0,4145,20,北谷,2026-10-01T20:50:19.593663
2019,2019022403,2019-02-24 13:00:00+09:00,74741104,820103.0,1,5,オープン戦,8.0,8回裏,1,原,土山,白井,真鍋,,,1,4,中日,D,,5,阪神,T,,,,,,,3球目:内角低めのツーシームを打ってファウル 1-2,3 Tamame: Naikaku Hikume no Two Seam wo Utte Foul 1-2,,,,,3,,,,,,,,,,,,,,,,,,,,,,,,,,,,,,,,,,,,,,,,,,,,,,,,2019-02-24 06:56:26+00:00,2019-02-24 06:56:26+00:00,0,4145,20,北谷,2026-10-01T20:50:19.593663
2019,2019022403,2019-02-24 13:00:00+09:00,74741105,820104.0,1,5,オープン戦,8.0,8回裏,1,原,土山,白井,真鍋,,,1,4,中日,D,,5,阪神,T,,,,,,,4球目:高めのストレートを打ってファウル 1-2,4 Tamame: Takame no Straight wo Utte Foul 1-2,,,,,4,,,,,,,,,,,,,,,,,,,,,,,,,,,,,,,,,,,,,,,,,,,,,,,,2019-02-24 06:56:26+00:00,2019-02-24 06:56:26+00:00,0,4145,20,北谷,2026-10-01T20:50:19.593663
2019,2019022403,2019-02-24 13:00:00+09:00,74741106,820105.0,1,5,オープン戦,8.0,8回裏,1,原,土山,白井,真鍋,,,1,4,中日,D,,5,阪神,T,,,,,,,5球目:内角低めのツーシームを見逃してボール 2-2,5 Tamame: Naikaku Hikume no Two Seam wo Minogashite Ball 2-2,,,,,5,,,,,,,,,,,,,,,,,,,,,,,,,,,,,,,,,,,,,,,,,,,,,,,,2019-02-24 06:56:26+00:00,2019-02-24 06:56:26+00:00,0,4145,20,北谷,2026-10-01T20:50:19.593663
2019,2019022403,2019-02-24 13:00:00+09:00,74741107,820106.0,1,5,オープン戦,8.0,8回裏,1,原,土山,白井,真鍋,,,1,4,中日,D,,5,阪神,T,,,,,,,6球目:外角高めのストレートを打ってファウル 2-2,6 Tamame: Gaikaku Takame no Straight wo Utte Foul 2-2,,,,,6,,,,,,,,,,,,,,,,,,,,,,,,,,,,,,,,,,,,,,,,,,,,,,,,2019-02-24 06:56:26+00:00,2019-02-24 06:56:26+00:00,0,4145,20,北谷,2026-10-01T20:50:19.593663
2019,2019022403,2019-02-24 13:00:00+09:00,74741108,820107.0,1,5,オープン戦,8.0,8回裏,1,原,土山,白井,真鍋,,,1,4,中日,D,,5,阪神,T,,,,,,,7球目:外角低めのスライダーを見逃してボール 3-2,7 Tamame: Gaikaku Hikume no Slider wo Minogashite Ball 3-2,,,,,7,,,,,,,,,,,,,,,,,,,,,,,,,,,,,,,,,,,,,,,,,,,,,,,,2019-02-24 06:56:26+00:00,2019-02-24 06:56:26+00:00,0,4145,20,北谷,2026-10-01T20:50:19.593663
2019,2019022403,2019-02-24 13:00:00+09:00,74741109,820108.0,1,5,オープン戦,8.0,8回裏,1,原,土山,白井,真鍋,,,1,4,中日,D,,5,阪神,T,,,,,,,8球目:粘りを見せて8球目に四球を選ぶ 1塁,8 Tamame: Nebari wo Misete 8 Tamame ni Shikyuu wo Erabu 1 Rui,,,,,8,,,,,,,,,,,,,,,,,,,,,,,,,,,,,,,,,,,,,,,,,,,,,,,,2019-02-24 06:56:26+00:00,2019-02-24 06:56:26+00:00,0,4145,20,北谷,2026-10-01T20:50:19.593663
2019,2019022403,2019-02-24 13:00:00+09:00,74741110,820200.0,1,5,オープン戦,8.0,8回裏,2,原,土山,白井,真鍋,,,1,4,中日,D,,5,阪神,T,,,,,,,＜7番：石川駿＞無死1塁,<7 Ban: Ishikawa Shun> Mushi 1 Rui,,,,,0,,,,,,,,,,,,,,,,,,,,,,,,,,,,,,,,,,,,,,,,,,,,,,,,2019-02-24 06:56:26+00:00,2019-02-24 06:56:26+00:00,0,4145,20,北谷,2026-10-01T20:50:19.593663
2019,2019022403,2019-02-24 13:00:00+09:00,74741111,820201.0,1,5,オープン戦,8.0,8回裏,2,原,土山,白井,真鍋,,,1,4,中日,D,,5,阪神,T,,,,,,,1球目:外角低めのスライダーを見逃してボール 1-0,1 Tamame: Gaikaku Hikume no Slider wo Minogashite Ball 1-0,,,,,1,,,,,,,,,,,,,,,,,,,,,,,,,,,,,,,,,,,,,,,,,,,,,,,,2019-02-24 06:56:26+00:00,2019-02-24 06:56:26+00:00,0,4145,20,北谷,2026-10-01T20:50:19.593663
2019,2019022403,2019-02-24 13:00:00+09:00,74741112,820202.0,1,5,オープン戦,8.0,8回裏,2,原,土山,白井,真鍋,,,1,4,中日,D,,5,阪神,T,,,,,,,2球目:セカンドゴロ 1アウト2塁,2 Tamame: Sekando Grounder 1 Out 2 Rui,,,,,2,,,,,,,,,,,,,,,,,,,,,,,,,,,,,,,,,,,,,,,,,,,,,,,,2019-02-24 06:56:26+00:00,2019-02-24 06:56:26+00:00,0,4145,20,北谷,2026-10-01T20:50:19.593663
2019,2019022403,2019-02-24 13:00:00+09:00,74741113,820300.0,1,5,オープン戦,8.0,8回裏,3,原,土山,白井,真鍋,,,1,4,中日,D,,5,阪神,T,,,,,,,＜8番：杉山＞一死2塁,<8 Ban: Sugiyama> Ichi Shi 2 Rui,,,,,0,,,,,,,,,,,,,,,,,,,,,,,,,,,,,,,,,,,,,,,,,,,,,,,,2019-02-24 06:56:26+00:00,2019-02-24 06:56:26+00:00,0,4145,20,北谷,2026-10-01T20:50:19.593663
2019,2019022403,2019-02-24 13:00:00+09:00,74741114,820301.0,1,5,オープン戦,8.0,8回裏,3,原,土山,白井,真鍋,,,1,4,中日,D,,5,阪神,T,,,,,,,1球目:内角低めの変化球を見逃してストライク 0-1,1 Tamame: Naikaku Hikume no Henka Kyuu wo Minogashite Strike 0-1,,,,,1,,,,,,,,,,,,,,,,,,,,,,,,,,,,,,,,,,,,,,,,,,,,,,,,2019-02-24 06:56:26+00:00,2019-02-24 06:56:26+00:00,0,4145,20,北谷,2026-10-01T20:50:19.593663
2019,2019022403,2019-02-24 13:00:00+09:00,74741115,820302.0,1,5,オープン戦,8.0,8回裏,3,原,土山,白井,真鍋,,,1,4,中日,D,,5,阪神,T,,,,,,,2球目:外角低めのスライダーを見逃してボール 1-1,2 Tamame: Gaikaku Hikume no Slider wo Minogashite Ball 1-1,,,,,2,,,,,,,,,,,,,,,,,,,,,,,,,,,,,,,,,,,,,,,,,,,,,,,,2019-02-24 06:56:26+00:00,2019-02-24 06:56:26+00:00,0,4145,20,北谷,2026-10-01T20:50:19.593663
2019,2019022403,2019-02-24 13:00:00+09:00,74741116,820303.0,1,5,オープン戦,8.0,8回裏,3,原,土山,白井,真鍋,,,1,4,中日,D,,5,阪神,T,,,,,,,3球目:低めのツーシームを打ってファウル 1-2,3 Tamame: Hikume no Two Seam wo Utte Foul 1-2,,,,,3,,,,,,,,,,,,,,,,,,,,,,,,,,,,,,,,,,,,,,,,,,,,,,,,2019-02-24 06:56:26+00:00,2019-02-24 06:56:26+00:00,0,4145,20,北谷,2026-10-01T20:50:19.593663
2019,2019022403,2019-02-24 13:00:00+09:00,74741117,820304.0,1,5,オープン戦,8.0,8回裏,3,原,土山,白井,真鍋,,,1,4,中日,D,,5,阪神,T,,,,,,,4球目:空振り三振 2アウト,4 Tamame: Karaburi Sanshin 2 Out,,,,,4,,,,,,,,,,,,,,,,,,,,,,,,,,,,,,,,,,,,,,,,,,,,,,,,2019-02-24 06:56:26+00:00,2019-02-24 06:56:26+00:00,0,4145,20,北谷,2026-10-01T20:50:19.593663
2019,2019022403,2019-02-24 13:00:00+09:00,74741118,820400.0,1,5,オープン戦,8.0,8回裏,4,原,土山,白井,真鍋,,,1,4,中日,D,,5,阪神,T,,,,,,,＜9番：渡辺＞二死2塁,<9 Ban: Watanabe> Ni Shi 2 Rui,,,,,0,,,,,,,,,,,,,,,,,,,,,,,,,,,,,,,,,,,,,,,,,,,,,,,,2019-02-24 06:56:26+00:00,2019-02-24 06:56:26+00:00,0,4145,20,北谷,2026-10-01T20:50:19.593663
2019,2019022403,2019-02-24 13:00:00+09:00,74741119,820401.0,1,5,オープン戦,8.0,8回裏,4,原,土山,白井,真鍋,,,1,4,中日,D,,5,阪神,T,,,,,,,1球目:内角低めのツーシームを見逃してボール 1-0,1 Tamame: Naikaku Hikume no Two Seam wo Minogashite Ball 1-0,,,,,1,,,,,,,,,,,,,,,,,,,,,,,,,,,,,,,,,,,,,,,,,,,,,,,,2019-02-24 06:56:26+00:00,2019-02-24 06:56:26+00:00,0,4145,20,北谷,2026-10-01T20:50:19.593663
2019,2019022403,2019-02-24 13:00:00+09:00,74741120,820402.0,1,5,オープン戦,8.0,8回裏,4,原,土山,白井,真鍋,,,1,4,中日,D,,5,阪神,T,,,,,,,2球目:低めのストレートを見逃してボール 2-0,2 Tamame: Hikume no Straight wo Minogashite Ball 2-0,,,,,2,,,,,,,,,,,,,,,,,,,,,,,,,,,,,,,,,,,,,,,,,,,,,,,,2019-02-24 06:56:26+00:00,2019-02-24 06:56:26+00:00,0,4145,20,北谷,2026-10-01T20:50:19.593663
2019,2019022403,2019-02-24 13:00:00+09:00,74741121,820403.0,1,5,オープン戦,8.0,8回裏,4,原,土山,白井,真鍋,,,1,4,中日,D,,5,阪神,T,,,,,,,3球目:内角低めのストレートを打ってファウル 2-1,3 Tamame: Naikaku Hikume no Straight wo Utte Foul 2-1,,,,,3,,,,,,,,,,,,,,,,,,,,,,,,,,,,,,,,,,,,,,,,,,,,,,,,2019-02-24 06:56:26+00:00,2019-02-24 06:56:26+00:00,0,4145,20,北谷,2026-10-01T20:50:19.593663
2019,2019022403,2019-02-24 13:00:00+09:00,74741122,820404.0,1,5,オープン戦,8.0,8回裏,4,原,土山,白井,真鍋,,,1,4,中日,D,,5,阪神,T,,,,,,,4球目:ランナー2塁の2-1からセンターへのタイムリーヒット 中4-2神 1塁,4 Tamame: Runner 2 Rui no 2-1 kara Center e no Timely Hitchuu 4-2 Kami 1 Rui,,,,,4,,,,,,,,,,,,,,,,,,,,,,,,,,,,,,,,,,,,,,,,,,,,,,,,2019-02-24 06:56:26+00:00,2019-02-24 06:56:26+00:00,0,4145,20,北谷,2026-10-01T20:50:19.593663
2019,2019022403,2019-02-24 13:00:00+09:00,74741123,820500.0,1,5,オープン戦,8.0,8回裏,5,原,土山,白井,真鍋,,,1,4,中日,D,,5,阪神,T,,,,,,,＜1番：京田＞二死1塁,<1 Ban: Kyouda> Ni Shi 1 Rui,,,,,0,,,,,,,,,,,,,,,,,,,,,,,,,,,,,,,,,,,,,,,,,,,,,,,,2019-02-24 06:56:26+00:00,2019-02-24 06:56:26+00:00,0,4145,20,北谷,2026-10-01T20:50:19.593663
2019,2019022403,2019-02-24 13:00:00+09:00,74741124,820501.0,1,5,オープン戦,8.0,8回裏,5,原,土山,白井,真鍋,,,1,4,中日,D,,5,阪神,T,,,,,,,1球目:外角のストレートを見逃してボール 1-0,1 Tamame: Gaikaku no Straight wo Minogashite Ball 1-0,,,,,1,,,,,,,,,,,,,,,,,,,,,,,,,,,,,,,,,,,,,,,,,,,,,,,,2019-02-24 06:56:26+00:00,2019-02-24 06:56:26+00:00,0,4145,20,北谷,2026-10-01T20:50:19.593663
2019,2019022403,2019-02-24 13:00:00+09:00,74741125,820500.0,1,5,オープン戦,8.0,8回裏,5,原,土山,白井,真鍋,,,1,4,中日,D,,5,阪神,T,,,,,,,1塁けん制:ランナー渡辺帰塁,1 Rui Kensei: Runner Watanabe Kirui,,,,,0,,,,,,,,,,,,,,,,,,,,,,,,,,,,,,,,,,,,,,,,,,,,,,,,2019-02-24 06:56:26+00:00,2019-02-24 06:56:26+00:00,0,4145,20,北谷,2026-10-01T20:50:19.593663
2019,2019022403,2019-02-24 13:00:00+09:00,74741126,820502.0,1,5,オープン戦,8.0,8回裏,5,原,土山,白井,真鍋,,,1,4,中日,D,,5,阪神,T,,,,,,,2球目:ファウルフライを長坂(捕)がつかんでバッターアウト 3アウトチェンジ,2 Tamame: Foul Fly wo Nagasaka (Ho) ga Tsukande Batter Out 3 Out Change,,,,,2,,,,,,,,,,,,,,,,,,,,,,,,,,,,,,,,,,,,,,,,,,,,,,,,2019-02-24 06:56:26+00:00,2019-02-24 06:56:26+00:00,0,4145,20,北谷,2026-10-01T20:50:19.593663
2019,2019022403,2019-02-24 13:00:00+09:00,74741127,910100.0,1,5,オープン戦,9.0,9回表,1,原,土山,白井,真鍋,,,1,4,中日,D,,5,阪神,T,,,,,,,9回表 中4-2神　阪神は2番江越からの攻撃,9 Kai Hyouchuu 4-2 Shin Hanshin wa 2 Ban Egoshi kara no Kougeki,,,,,0,,,,,,,,,,,,,,,,,,,,,,,,,,,,,,,,,,,,,,,,,,,,,,,,2019-02-24 06:56:26+00:00,2019-02-24 06:56:26+00:00,0,4145,20,北谷,2026-10-01T20:50:19.593663
2019,2019022403,2019-02-24 13:00:00+09:00,74741128,910100.0,1,5,オープン戦,9.0,9回表,1,原,土山,白井,真鍋,,,1,4,中日,D,,5,阪神,T,,,,,,,ピッチャー祖父江に代わって鈴木博がマウンドにあがる,Pitcher Sobue ni Kawatte Suzuki Hiroshi ga Mound ni Agaru,,,,,0,,,,,,,,,,,,,,,,,,,,,,,,,,,,,,,,,,,,,,,,,,,,,,,,2019-02-24 06:56:26+00:00,2019-02-24 06:56:26+00:00,0,4145,20,北谷,2026-10-01T20:50:19.593663
2019,2019022403,2019-02-24 13:00:00+09:00,74741129,910100.0,1,5,オープン戦,9.0,9回表,1,原,土山,白井,真鍋,,,1,4,中日,D,,5,阪神,T,,,,,,,＜2番：江越＞無死走者なし,<2 Ban: Egoshi> Mushi Sousha Nashi,,,,,0,,,,,,,,,,,,,,,,,,,,,,,,,,,,,,,,,,,,,,,,,,,,,,,,2019-02-24 06:56:26+00:00,2019-02-24 06:56:26+00:00,0,4145,20,北谷,2026-10-01T20:50:19.593663
2019,2019022403,2019-02-24 13:00:00+09:00,74741130,910101.0,1,5,オープン戦,9.0,9回表,1,原,土山,白井,真鍋,,,1,4,中日,D,,5,阪神,T,,,,,,,1球目:外角高めのストレートを空振りストライク 0-1,1 Tamame: Gaikaku Takame no Straight wo Karaburi Strike 0-1,,,,,1,,,,,,,,,,,,,,,,,,,,,,,,,,,,,,,,,,,,,,,,,,,,,,,,2019-02-24 06:56:26+00:00,2019-02-24 06:56:26+00:00,0,4145,20,北谷,2026-10-01T20:50:19.593663
2019,2019022403,2019-02-24 13:00:00+09:00,74741131,910102.0,1,5,オープン戦,9.0,9回表,1,原,土山,白井,真鍋,,,1,4,中日,D,,5,阪神,T,,,,,,,2球目:外角低めのストレートを見逃してボール 1-1,2 Tamame: Gaikaku Hikume no Straight wo Minogashite Ball 1-1,,,,,2,,,,,,,,,,,,,,,,,,,,,,,,,,,,,,,,,,,,,,,,,,,,,,,,2019-02-24 06:56:26+00:00,2019-02-24 06:56:26+00:00,0,4145,20,北谷,2026-10-01T20:50:19.593663
2019,2019022403,2019-02-24 13:00:00+09:00,74741132,910103.0,1,5,オープン戦,9.0,9回表,1,原,土山,白井,真鍋,,,1,4,中日,D,,5,阪神,T,,,,,,,3球目:外角の変化球を見逃してストライク 1-2,3 Tamame: Gaikaku no Henka Kyuu wo Minogashite Strike 1-2,,,,,3,,,,,,,,,,,,,,,,,,,,,,,,,,,,,,,,,,,,,,,,,,,,,,,,2019-02-24 06:56:26+00:00,2019-02-24 06:56:26+00:00,0,4145,20,北谷,2026-10-01T20:50:19.593663
2019,2019022403,2019-02-24 13:00:00+09:00,74741133,910104.0,1,5,オープン戦,9.0,9回表,1,原,土山,白井,真鍋,,,1,4,中日,D,,5,阪神,T,,,,,,,4球目:全く手が出ず見逃し三振でバッターアウト 1アウト,4 Tamame: Mattaku Te ga Dezu Minogashi Sanshin de Batter Out 1 Out,,,,,4,,,,,,,,,,,,,,,,,,,,,,,,,,,,,,,,,,,,,,,,,,,,,,,,2019-02-24 06:56:26+00:00,2019-02-24 06:56:26+00:00,0,4145,20,北谷,2026-10-01T20:50:19.593663
2019,2019022403,2019-02-24 13:00:00+09:00,74741134,910200.0,1,5,オープン戦,9.0,9回表,2,原,土山,白井,真鍋,,,1,4,中日,D,,5,阪神,T,,,,,,,＜3番：中谷＞一死走者なし,<3 Ban: Nakatani> Ichi Shi Sousha Nashi,,,,,0,,,,,,,,,,,,,,,,,,,,,,,,,,,,,,,,,,,,,,,,,,,,,,,,2019-02-24 06:56:26+00:00,2019-02-24 06:56:26+00:00,0,4145,20,北谷,2026-10-01T20:50:19.593663
2019,2019022403,2019-02-24 13:00:00+09:00,74741135,910201.0,1,5,オープン戦,9.0,9回表,2,原,土山,白井,真鍋,,,1,4,中日,D,,5,阪神,T,,,,,,,1球目:外角のストレートを打ちにいくもファウル 0-1,1 Tamame: Gaikaku no Straight wo Uchi ni Iku mo Foul 0-1,,,,,1,,,,,,,,,,,,,,,,,,,,,,,,,,,,,,,,,,,,,,,,,,,,,,,,2019-02-24 06:56:26+00:00,2019-02-24 06:56:26+00:00,0,4145,20,北谷,2026-10-01T20:50:19.593663
2019,2019022403,2019-02-24 13:00:00+09:00,74741136,910202.0,1,5,オープン戦,9.0,9回表,2,原,土山,白井,真鍋,,,1,4,中日,D,,5,阪神,T,,,,,,,2球目:ピッチャーゴロ 2アウト,2 Tamame: Pitcher Grounder 2 Out,,,,,2,,,,,,,,,,,,,,,,,,,,,,,,,,,,,,,,,,,,,,,,,,,,,,,,2019-02-24 06:56:26+00:00,2019-02-24 06:56:26+00:00,0,4145,20,北谷,2026-10-01T20:50:19.593663
2019,2019022403,2019-02-24 13:00:00+09:00,74741137,910300.0,1,5,オープン戦,9.0,9回表,3,原,土山,白井,真鍋,,,1,4,中日,D,,5,阪神,T,,,,,,,＜4番：大山＞二死走者なし,<4 Ban: Daisen> Ni Shi Sousha Nashi,,,,,0,,,,,,,,,,,,,,,,,,,,,,,,,,,,,,,,,,,,,,,,,,,,,,,,2019-02-24 06:56:26+00:00,2019-02-24 06:56:26+00:00,0,4145,20,北谷,2026-10-01T20:50:19.593663
2019,2019022403,2019-02-24 13:00:00+09:00,74741138,910301.0,1,5,オープン戦,9.0,9回表,3,原,土山,白井,真鍋,,,1,4,中日,D,,5,阪神,T,,,,,,,1球目:外角低めのストレートを見逃してボール 1-0,1 Tamame: Gaikaku Hikume no Straight wo Minogashite Ball 1-0,,,,,1,,,,,,,,,,,,,,,,,,,,,,,,,,,,,,,,,,,,,,,,,,,,,,,,2019-02-24 06:56:26+00:00,2019-02-24 06:56:26+00:00,0,4145,20,北谷,2026-10-01T20:50:19.593663
2019,2019022403,2019-02-24 13:00:00+09:00,74741139,910302.0,1,5,オープン戦,9.0,9回表,3,原,土山,白井,真鍋,,,1,4,中日,D,,5,阪神,T,,,,,,,2球目:レフトへのヒットで出塁 1塁,2 Tamame: Left e no Hit de Shutsurui 1 Rui,,,,,2,,,,,,,,,,,,,,,,,,,,,,,,,,,,,,,,,,,,,,,,,,,,,,,,2019-02-24 06:56:26+00:00,2019-02-24 06:56:26+00:00,0,4145,20,北谷,2026-10-01T20:50:19.593663
2019,2019022403,2019-02-24 13:00:00+09:00,74741140,910400.0,1,5,オープン戦,9.0,9回表,4,原,土山,白井,真鍋,,,1,4,中日,D,,5,阪神,T,,,,,,,＜5番：北條＞二死1塁,<5 Ban: Houjou> Ni Shi 1 Rui,,,,,0,,,,,,,,,,,,,,,,,,,,,,,,,,,,,,,,,,,,,,,,,,,,,,,,2019-02-24 06:56:26+00:00,2019-02-24 06:56:26+00:00,0,4145,20,北谷,2026-10-01T20:50:19.593663
2019,2019022403,2019-02-24 13:00:00+09:00,74741141,910401.0,1,5,オープン戦,9.0,9回表,4,原,土山,白井,真鍋,,,1,4,中日,D,,5,阪神,T,,,,,,,1球目:際どいコースのストレートを見逃してボール 1-0,1 Tamame: Kiwadoi Course no Straight wo Minogashite Ball 1-0,,,,,1,,,,,,,,,,,,,,,,,,,,,,,,,,,,,,,,,,,,,,,,,,,,,,,,2019-02-24 06:56:26+00:00,2019-02-24 06:56:26+00:00,0,4145,20,北谷,2026-10-01T20:50:19.593663
2019,2019022403,2019-02-24 13:00:00+09:00,74741142,910402.0,1,5,オープン戦,9.0,9回表,4,原,土山,白井,真鍋,,,1,4,中日,D,,5,阪神,T,,,,,,,"2球目:ライトへのヒット 1,2塁","2 Tamame: Raito e no Hit 1,2 Rui",,,,,2,,,,,,,,,,,,,,,,,,,,,,,,,,,,,,,,,,,,,,,,,,,,,,,,2019-02-24 06:56:26+00:00,2019-02-24 06:56:26+00:00,0,4145,20,北谷,2026-10-01T20:50:19.593663
2019,2019022403,2019-02-24 13:00:00+09:00,74741143,910500.0,1,5,オープン戦,9.0,9回表,5,原,土山,白井,真鍋,,,1,4,中日,D,,5,阪神,T,,,,,,,1塁北條→代走:島田,1 Rui Houjou Daisou: Shimada,,,,,0,,,,,,,,,,,,,,,,,,,,,,,,,,,,,,,,,,,,,,,,,,,,,,,,2019-02-24 06:56:26+00:00,2019-02-24 06:56:26+00:00,0,4145,20,北谷,2026-10-01T20:50:19.593663
2019,2019022403,2019-02-24 13:00:00+09:00,74741144,910500.0,1,5,オープン戦,9.0,9回表,5,原,土山,白井,真鍋,,,1,4,中日,D,,5,阪神,T,,,,,,,"＜6番：板山＞二死1,2塁","<6 Ban: Itayama> Ni Shi 1,2 Rui",,,,,0,,,,,,,,,,,,,,,,,,,,,,,,,,,,,,,,,,,,,,,,,,,,,,,,2019-02-24 06:56:26+00:00,2019-02-24 06:56:26+00:00,0,4145,20,北谷,2026-10-01T20:50:19.593663
2019,2019022403,2019-02-24 13:00:00+09:00,74741145,910501.0,1,5,オープン戦,9.0,9回表,5,原,土山,白井,真鍋,,,1,4,中日,D,,5,阪神,T,,,,,,,1球目:内角低めの変化球にバットが止まりボール 1-0,1 Tamame: Naikaku Hikume no Henka Kyuu ni Batto ga Tomari Ball 1-0,,,,,1,,,,,,,,,,,,,,,,,,,,,,,,,,,,,,,,,,,,,,,,,,,,,,,,2019-02-24 06:56:26+00:00,2019-02-24 06:56:26+00:00,0,4145,20,北谷,2026-10-01T20:50:19.593663
2019,2019022403,2019-02-24 13:00:00+09:00,74741146,910502.0,1,5,オープン戦,9.0,9回表,5,原,土山,白井,真鍋,,,1,4,中日,D,,5,阪神,T,,,,,,,2球目:一発出れば逆転の場面で内角高めのストレートを打つもレフトフライ ゲームセット,2 Tamame: Ichihatsu Dereba Gyakuten no Bamen de Naikaku Takame no Straight wo Utsu mo Left Fly Game Set,,,,,2,,,,,,,,,,,,,,,,,,,,,,,,,,,,,,,,,,,,,,,,,,,,,,,,2019-02-24 06:56:26+00:00,2019-02-24 06:56:26+00:00,0,4145,20,北谷,2026-10-01T20:50:19.593663
2019,2019022403,2019-02-24 13:00:00+09:00,74741147,910500.0,1,5,オープン戦,9.0,9回表,5,原,土山,白井,真鍋,,,1,4,中日,D,,5,阪神,T,,,,,,,試合終了,Shiai Shuuryou,,,,,0,,,,,,,,,,,,,,,,,,,,,,,,,,,,,,,,,,,,,,,,,,,,,,,,2019-02-24 06:56:26+00:00,2019-02-24 06:56:26+00:00,0,4145,20,北谷,2026-10-01T20:50:19.593663
2019,2019022302,2019-02-23 13:00:00+09:00,74431835,,1,5,オープン戦,,試合前情報,1,長井,石山,吉本,佐藤,,,1,2,ヤクルト,S,,5,阪神,T,,,,,,,先発ピッチャーはヤクルトがブキャナン、阪神が才木,"Senpatsu Pitcher wa Yakuruto ga Buchanan, Hanshin ga Sai Moku",,,,,0,,,,,,,,,,,,,,,,,,,,,,,,,,,,,,,,,,,,,,,,,,,,,,,,2019-02-23 08:00:51+00:00,2019-02-23 08:00:51+00:00,0,7554,139,浦添,2026-10-01T20:50:19.593663
2019,2019022302,2019-02-23 13:00:00+09:00,74431836,,1,5,オープン戦,,試合前情報,1,長井,石山,吉本,佐藤,,,1,2,ヤクルト,S,,5,阪神,T,,,,,,,先攻:阪神のスターティングラインナップは1番:北條(遊)、2番:糸原(二)、3番:ナバーロ(指)、4番:大山(三)、5番:マルテ(一)、6番:中谷(左)、7番:高山(中)、8番:坂本(捕)、9番:江越(右),"Senkou: Hanshin no Starting Lineup wa 1 Ban: Houjou (Yuu), 2 Ban: Itohara (Ni), 3 Ban: Nabaaro (Yubi), 4 Ban: Daisen (San), 5 Ban: Malte (Ichi), 6 Ban: Nakatani (Hidari), 7 Ban: Takayama (Chuu), 8 Ban: Sakamoto (Ho), 9 Ban: Egoshi (Migi)",,,,,0,,,,,,,,,,,,,,,,,,,,,,,,,,,,,,,,,,,,,,,,,,,,,,,,2019-02-23 08:00:51+00:00,2019-02-23 08:00:51+00:00,0,7554,139,浦添,2026-10-01T20:50:19.593663
2019,2019022302,2019-02-23 13:00:00+09:00,74431837,,1,5,オープン戦,,試合前情報,1,長井,石山,吉本,佐藤,,,1,2,ヤクルト,S,,5,阪神,T,,,,,,,後攻:ヤクルトのスターティングラインナップは1番:坂口(一)、2番:青木(中)、3番:山田哲(二)、4番:バレンティン(指)、5番:雄平(右)、6番:村上(三)、7番:西浦(遊)、8番:中村(捕)、9番:塩見(左),"Koukou: Yakuruto no Starting Lineup wa 1 Ban: Sakaguchi (Ichi), 2 Ban: Aoki (Chuu), 3 Ban: Yamada Akira (Ni), 4 Ban: Barentin (Yubi), 5 Ban: Yuuhei (Migi), 6 Ban: Murakami (San), 7 Ban: Nishiura (Yuu), 8 Ban: Nakamura (Ho), 9 Ban: Shiomi (Hidari)",,,,,0,,,,,,,,,,,,,,,,,,,,,,,,,,,,,,,,,,,,,,,,,,,,,,,,2019-02-23 08:00:51+00:00,2019-02-23 08:00:51+00:00,0,7554,139,浦添,2026-10-01T20:50:19.593663
2019,2019022302,2019-02-23 13:00:00+09:00,74431838,110100.0,1,5,オープン戦,1.0,1回表,1,長井,石山,吉本,佐藤,,,1,2,ヤクルト,S,,5,阪神,T,,,,,,,試合開始 1回表 ヤ0-0神　阪神は1番北條からの攻撃,Shiai Kaishi 1 Kai Hyouya 0-0 Shin Hanshin wa 1 Ban Houjou kara no Kougeki,,,,,0,,,,,,,,,,,,,,,,,,,,,,,,,,,,,,,,,,,,,,,,,,,,,,,,2019-02-23 08:00:51+00:00,2019-02-23 08:00:51+00:00,0,7554,139,浦添,2026-10-01T20:50:19.593663
2019,2019022302,2019-02-23 13:00:00+09:00,74431839,110100.0,1,5,オープン戦,1.0,1回表,1,長井,石山,吉本,佐藤,,,1,2,ヤクルト,S,,5,阪神,T,,,,,,,＜1番：北條＞無死走者なし,<1 Ban: Houjou> Mushi Sousha Nashi,,,,,0,,,,,,,,,,,,,,,,,,,,,,,,,,,,,,,,,,,,,,,,,,,,,,,,2019-02-23 08:00:51+00:00,2019-02-23 08:00:51+00:00,0,7554,139,浦添,2026-10-01T20:50:19.593663
2019,2019022302,2019-02-23 13:00:00+09:00,74431840,110101.0,1,5,オープン戦,1.0,1回表,1,長井,石山,吉本,佐藤,,,1,2,ヤクルト,S,,5,阪神,T,,,,,,,1球目:内角高めのストレートを見逃してボール 1-0,1 Tamame: Naikaku Takame no Straight wo Minogashite Ball 1-0,,,,,1,,,,,,,,,,,,,,,,,,,,,,,,,,,,,,,,,,,,,,,,,,,,,,,,2019-02-23 08:00:51+00:00,2019-02-23 08:00:51+00:00,0,7554,139,浦添,2026-10-01T20:50:19.593663
2019,2019022302,2019-02-23 13:00:00+09:00,74431841,110102.0,1,5,オープン戦,1.0,1回表,1,長井,石山,吉本,佐藤,,,1,2,ヤクルト,S,,5,阪神,T,,,,,,,2球目:サードへの内野安打 1塁,2 Tamame: Third e no Naiya Anda 1 Rui,,,,,2,,,,,,,,,,,,,,,,,,,,,,,,,,,,,,,,,,,,,,,,,,,,,,,,2019-02-23 08:00:51+00:00,2019-02-23 08:00:51+00:00,0,7554,139,浦添,2026-10-01T20:50:19.593663
2019,2019022302,2019-02-23 13:00:00+09:00,74431842,110200.0,1,5,オープン戦,1.0,1回表,2,長井,石山,吉本,佐藤,,,1,2,ヤクルト,S,,5,阪神,T,,,,,,,＜2番：糸原＞無死1塁,<2 Ban: Itohara> Mushi 1 Rui,,,,,0,,,,,,,,,,,,,,,,,,,,,,,,,,,,,,,,,,,,,,,,,,,,,,,,2019-02-23 08:00:51+00:00,2019-02-23 08:00:51+00:00,0,7554,139,浦添,2026-10-01T20:50:19.593663
2019,2019022302,2019-02-23 13:00:00+09:00,74431843,110201.0,1,5,オープン戦,1.0,1回表,2,長井,石山,吉本,佐藤,,,1,2,ヤクルト,S,,5,阪神,T,,,,,,,1球目:内角の落ちる球を見逃してストライク 0-1,1 Tamame: Naikaku no Ochiru Tama wo Minogashite Strike 0-1,,,,,1,,,,,,,,,,,,,,,,,,,,,,,,,,,,,,,,,,,,,,,,,,,,,,,,2019-02-23 08:00:51+00:00,2019-02-23 08:00:51+00:00,0,7554,139,浦添,2026-10-01T20:50:19.593663
2019,2019022302,2019-02-23 13:00:00+09:00,74431844,110202.0,1,5,オープン戦,1.0,1回表,2,長井,石山,吉本,佐藤,,,1,2,ヤクルト,S,,5,阪神,T,,,,,,,2球目:ワンバウンドのチェンジアップを見逃してボール 1-1,2 Tamame: One Bound no Change Up wo Minogashite Ball 1-1,,,,,2,,,,,,,,,,,,,,,,,,,,,,,,,,,,,,,,,,,,,,,,,,,,,,,,2019-02-23 08:00:51+00:00,2019-02-23 08:00:51+00:00,0,7554,139,浦添,2026-10-01T20:50:19.593663
2019,2019022302,2019-02-23 13:00:00+09:00,74431845,110203.0,1,5,オープン戦,1.0,1回表,2,長井,石山,吉本,佐藤,,,1,2,ヤクルト,S,,5,阪神,T,,,,,,,"3球目:センターへのヒットを放つ 1,2塁","3 Tamame: Center e no Hit wo Hanatsu 1,2 Rui",,,,,3,,,,,,,,,,,,,,,,,,,,,,,,,,,,,,,,,,,,,,,,,,,,,,,,2019-02-23 08:00:51+00:00,2019-02-23 08:00:51+00:00,0,7554,139,浦添,2026-10-01T20:50:19.593663
2019,2019022302,2019-02-23 13:00:00+09:00,74431846,110300.0,1,5,オープン戦,1.0,1回表,3,長井,石山,吉本,佐藤,,,1,2,ヤクルト,S,,5,阪神,T,,,,,,,"＜3番：ナバーロ＞無死1,2塁","<3 Ban: Nabaaro> Mushi 1,2 Rui",,,,,0,,,,,,,,,,,,,,,,,,,,,,,,,,,,,,,,,,,,,,,,,,,,,,,,2019-02-23 08:00:51+00:00,2019-02-23 08:00:51+00:00,0,7554,139,浦添,2026-10-01T20:50:19.593663
2019,2019022302,2019-02-23 13:00:00+09:00,74431847,110301.0,1,5,オープン戦,1.0,1回表,3,長井,石山,吉本,佐藤,,,1,2,ヤクルト,S,,5,阪神,T,,,,,,,1球目:内角低め140キロのカットボールを見逃してボール 1-0,1 Tamame: Naikaku Hikume 140 Kilo no Cut Ball wo Minogashite Ball 1-0,,,,,1,,,,,,,,,,,,,,,,,,,,,,,,,,,,,,,,,,,,,,,,,,,,,,,,2019-02-23 08:00:51+00:00,2019-02-23 08:00:51+00:00,0,7554,139,浦添,2026-10-01T20:50:19.593663
2019,2019022302,2019-02-23 13:00:00+09:00,74431848,110302.0,1,5,オープン戦,1.0,1回表,3,長井,石山,吉本,佐藤,,,1,2,ヤクルト,S,,5,阪神,T,,,,,,,"2球目:0アウト1,2塁の1-0から先制のタイムリーヒット！ ヤ0-1神 1,3塁","2 Tamame:0 Out 1,2 Rui no 1-0 kara Sensei no Timely Hit! Ya 0-1 Kami 1,3 Rui",,,,,2,,,,,,,,,,,,,,,,,,,,,,,,,,,,,,,,,,,,,,,,,,,,,,,,2019-02-23 08:00:51+00:00,2019-02-23 08:00:51+00:00,0,7554,139,浦添,2026-10-01T20:50:19.593663
2019,2019022302,2019-02-23 13:00:00+09:00,74431849,110400.0,1,5,オープン戦,1.0,1回表,4,長井,石山,吉本,佐藤,,,1,2,ヤクルト,S,,5,阪神,T,,,,,,,"＜4番：大山＞無死1,3塁","<4 Ban: Daisen> Mushi 1,3 Rui",,,,,0,,,,,,,,,,,,,,,,,,,,,,,,,,,,,,,,,,,,,,,,,,,,,,,,2019-02-23 08:00:51+00:00,2019-02-23 08:00:51+00:00,0,7554,139,浦添,2026-10-01T20:50:19.593663
2019,2019022302,2019-02-23 13:00:00+09:00,74431850,110401.0,1,5,オープン戦,1.0,1回表,4,長井,石山,吉本,佐藤,,,1,2,ヤクルト,S,,5,阪神,T,,,,,,,"1球目:0アウト1,3塁から併殺打の間に一人ランナーがかえり阪神1点をあげる ヤ0-2神 2アウト","1 Tamame:0 Out 1,3 Rui kara Heisatsuda no Aida ni Hitori Runner ga Kaeri Hanshin 1 Ten wo Ageruya 0-2 Kami 2 Out",,,,,1,,,,,,,,,,,,,,,,,,,,,,,,,,,,,,,,,,,,,,,,,,,,,,,,2019-02-23 08:00:51+00:00,2019-02-23 08:00:51+00:00,0,7554,139,浦添,2026-10-01T20:50:19.593663
2019,2019022302,2019-02-23 13:00:00+09:00,74431851,110500.0,1,5,オープン戦,1.0,1回表,5,長井,石山,吉本,佐藤,,,1,2,ヤクルト,S,,5,阪神,T,,,,,,,＜5番：マルテ＞二死走者なし,<5 Ban: Malte> Ni Shi Sousha Nashi,,,,,0,,,,,,,,,,,,,,,,,,,,,,,,,,,,,,,,,,,,,,,,,,,,,,,,2019-02-23 08:00:51+00:00,2019-02-23 08:00:51+00:00,0,7554,139,浦添,2026-10-01T20:50:19.593663
2019,2019022302,2019-02-23 13:00:00+09:00,74431852,110501.0,1,5,オープン戦,1.0,1回表,5,長井,石山,吉本,佐藤,,,1,2,ヤクルト,S,,5,阪神,T,,,,,,,1球目:内角高めのストレートを見逃してストライク 0-1,1 Tamame: Naikaku Takame no Straight wo Minogashite Strike 0-1,,,,,1,,,,,,,,,,,,,,,,,,,,,,,,,,,,,,,,,,,,,,,,,,,,,,,,2019-02-23 08:00:51+00:00,2019-02-23 08:00:51+00:00,0,7554,139,浦添,2026-10-01T20:50:19.593663
2019,2019022302,2019-02-23 13:00:00+09:00,74431853,110502.0,1,5,オープン戦,1.0,1回表,5,長井,石山,吉本,佐藤,,,1,2,ヤクルト,S,,5,阪神,T,,,,,,,2球目:ど真ん中のチェンジアップを打つもセンターフライ 3アウトチェンジ,2 Tamame: Domannaka no Change Up wo Utsu mo Center Fly 3 Out Change,,,,,2,,,,,,,,,,,,,,,,,,,,,,,,,,,,,,,,,,,,,,,,,,,,,,,,2019-02-23 08:00:51+00:00,2019-02-23 08:00:51+00:00,0,7554,139,浦添,2026-10-01T20:50:19.593663
2019,2019022302,2019-02-23 13:00:00+09:00,74431854,120100.0,1,5,オープン戦,1.0,1回裏,1,長井,石山,吉本,佐藤,,,1,2,ヤクルト,S,,5,阪神,T,,,,,,,1回裏 ヤ0-2神　ヤクルトは1番坂口からの攻撃,1 Kai Uraya 0-2 Kami Yakuruto wa 1 Ban Sakaguchi kara no Kougeki,,,,,0,,,,,,,,,,,,,,,,,,,,,,,,,,,,,,,,,,,,,,,,,,,,,,,,2019-02-23 08:00:51+00:00,2019-02-23 08:00:51+00:00,0,7554,139,浦添,2026-10-01T20:50:19.593663
2019,2019022302,2019-02-23 13:00:00+09:00,74431855,120100.0,1,5,オープン戦,1.0,1回裏,1,長井,石山,吉本,佐藤,,,1,2,ヤクルト,S,,5,阪神,T,,,,,,,＜1番：坂口＞無死走者なし,<1 Ban: Sakaguchi> Mushi Sousha Nashi,,,,,0,,,,,,,,,,,,,,,,,,,,,,,,,,,,,,,,,,,,,,,,,,,,,,,,2019-02-23 08:00:51+00:00,2019-02-23 08:00:51+00:00,0,7554,139,浦添,2026-10-01T20:50:19.593663
2019,2019022302,2019-02-23 13:00:00+09:00,74431856,120101.0,1,5,オープン戦,1.0,1回裏,1,長井,石山,吉本,佐藤,,,1,2,ヤクルト,S,,5,阪神,T,,,,,,,1球目:外角低めのストレートを見逃してストライク 0-1,1 Tamame: Gaikaku Hikume no Straight wo Minogashite Strike 0-1,,,,,1,,,,,,,,,,,,,,,,,,,,,,,,,,,,,,,,,,,,,,,,,,,,,,,,2019-02-23 08:00:51+00:00,2019-02-23 08:00:51+00:00,0,7554,139,浦添,2026-10-01T20:50:19.593663
2019,2019022302,2019-02-23 13:00:00+09:00,74431857,120102.0,1,5,オープン戦,1.0,1回裏,1,長井,石山,吉本,佐藤,,,1,2,ヤクルト,S,,5,阪神,T,,,,,,,2球目:高めのストレートを打ってファウル 0-2,2 Tamame: Takame no Straight wo Utte Foul 0-2,,,,,2,,,,,,,,,,,,,,,,,,,,,,,,,,,,,,,,,,,,,,,,,,,,,,,,2019-02-23 08:00:51+00:00,2019-02-23 08:00:51+00:00,0,7554,139,浦添,2026-10-01T20:50:19.593663
2019,2019022302,2019-02-23 13:00:00+09:00,74431858,120103.0,1,5,オープン戦,1.0,1回裏,1,長井,石山,吉本,佐藤,,,1,2,ヤクルト,S,,5,阪神,T,,,,,,,3球目:内角低めの落ちる球を打ってファウル 0-2,3 Tamame: Naikaku Hikume no Ochiru Tama wo Utte Foul 0-2,,,,,3,,,,,,,,,,,,,,,,,,,,,,,,,,,,,,,,,,,,,,,,,,,,,,,,2019-02-23 08:00:51+00:00,2019-02-23 08:00:51+00:00,0,7554,139,浦添,2026-10-01T20:50:19.593663
2019,2019022302,2019-02-23 13:00:00+09:00,74431859,120104.0,1,5,オープン戦,1.0,1回裏,1,長井,石山,吉本,佐藤,,,1,2,ヤクルト,S,,5,阪神,T,,,,,,,4球目:外角144キロのストレートを見逃してボール 1-2,4 Tamame: Gaikaku 144 Kilo no Straight wo Minogashite Ball 1-2,,,,,4,,,,,,,,,,,,,,,,,,,,,,,,,,,,,,,,,,,,,,,,,,,,,,,,2019-02-23 08:00:51+00:00,2019-02-23 08:00:51+00:00,0,7554,139,浦添,2026-10-01T20:50:19.593663
2019,2019022302,2019-02-23 13:00:00+09:00,74431860,120105.0,1,5,オープン戦,1.0,1回裏,1,長井,石山,吉本,佐藤,,,1,2,ヤクルト,S,,5,阪神,T,,,,,,,5球目:レフトへポテンヒットを放つ 1塁,5 Tamame: Left e Potenhitto wo Hanatsu 1 Rui,,,,,5,,,,,,,,,,,,,,,,,,,,,,,,,,,,,,,,,,,,,,,,,,,,,,,,2019-02-23 08:00:51+00:00,2019-02-23 08:00:51+00:00,0,7554,139,浦添,2026-10-01T20:50:19.593663
2019,2019022302,2019-02-23 13:00:00+09:00,74431861,120200.0,1,5,オープン戦,1.0,1回裏,2,長井,石山,吉本,佐藤,,,1,2,ヤクルト,S,,5,阪神,T,,,,,,,＜2番：青木＞無死1塁,<2 Ban: Aoki> Mushi 1 Rui,,,,,0,,,,,,,,,,,,,,,,,,,,,,,,,,,,,,,,,,,,,,,,,,,,,,,,2019-02-23 08:00:51+00:00,2019-02-23 08:00:51+00:00,0,7554,139,浦添,2026-10-01T20:50:19.593663
2019,2019022302,2019-02-23 13:00:00+09:00,74431862,120201.0,1,5,オープン戦,1.0,1回裏,2,長井,石山,吉本,佐藤,,,1,2,ヤクルト,S,,5,阪神,T,,,,,,,1球目:外角低めのストレートを見逃してストライク 0-1,1 Tamame: Gaikaku Hikume no Straight wo Minogashite Strike 0-1,,,,,1,,,,,,,,,,,,,,,,,,,,,,,,,,,,,,,,,,,,,,,,,,,,,,,,2019-02-23 08:00:51+00:00,2019-02-23 08:00:51+00:00,0,7554,139,浦添,2026-10-01T20:50:19.593663
2019,2019022302,2019-02-23 13:00:00+09:00,74431863,120202.0,1,5,オープン戦,1.0,1回裏,2,長井,石山,吉本,佐藤,,,1,2,ヤクルト,S,,5,阪神,T,,,,,,,2球目:外角高めのカーブを見逃してボール 1-1,2 Tamame: Gaikaku Takame no Curve wo Minogashite Ball 1-1,,,,,2,,,,,,,,,,,,,,,,,,,,,,,,,,,,,,,,,,,,,,,,,,,,,,,,2019-02-23 08:00:51+00:00,2019-02-23 08:00:51+00:00,0,7554,139,浦添,2026-10-01T20:50:19.593663
2019,2019022302,2019-02-23 13:00:00+09:00,74431864,120203.0,1,5,オープン戦,1.0,1回裏,2,長井,石山,吉本,佐藤,,,1,2,ヤクルト,S,,5,阪神,T,,,,,,,3球目:外角高め143キロのストレートを見逃してボール 2-1,3 Tamame: Gaikaku Takame 143 Kilo no Straight wo Minogashite Ball 2-1,,,,,3,,,,,,,,,,,,,,,,,,,,,,,,,,,,,,,,,,,,,,,,,,,,,,,,2019-02-23 08:00:51+00:00,2019-02-23 08:00:51+00:00,0,7554,139,浦添,2026-10-01T20:50:19.593663
2019,2019022302,2019-02-23 13:00:00+09:00,74431865,120200.0,1,5,オープン戦,1.0,1回裏,2,長井,石山,吉本,佐藤,,,1,2,ヤクルト,S,,5,阪神,T,,,,,,,1塁けん制:ランナー坂口帰塁,1 Rui Kensei: Runner Sakaguchi Kirui,,,,,0,,,,,,,,,,,,,,,,,,,,,,,,,,,,,,,,,,,,,,,,,,,,,,,,2019-02-23 08:00:51+00:00,2019-02-23 08:00:51+00:00,0,7554,139,浦添,2026-10-01T20:50:19.593663
2019,2019022302,2019-02-23 13:00:00+09:00,74431866,120204.0,1,5,オープン戦,1.0,1回裏,2,長井,石山,吉本,佐藤,,,1,2,ヤクルト,S,,5,阪神,T,,,,,,,4球目:外角142キロのストレートを打ってファウル 2-2,4 Tamame: Gaikaku 142 Kilo no Straight wo Utte Foul 2-2,,,,,4,,,,,,,,,,,,,,,,,,,,,,,,,,,,,,,,,,,,,,,,,,,,,,,,2019-02-23 08:00:51+00:00,2019-02-23 08:00:51+00:00,0,7554,139,浦添,2026-10-01T20:50:19.593663
2019,2019022302,2019-02-23 13:00:00+09:00,74431867,120205.0,1,5,オープン戦,1.0,1回裏,2,長井,石山,吉本,佐藤,,,1,2,ヤクルト,S,,5,阪神,T,,,,,,,5球目:外角低めのストレートを見逃してボール 3-2,5 Tamame: Gaikaku Hikume no Straight wo Minogashite Ball 3-2,,,,,5,,,,,,,,,,,,,,,,,,,,,,,,,,,,,,,,,,,,,,,,,,,,,,,,2019-02-23 08:00:51+00:00,2019-02-23 08:00:51+00:00,0,7554,139,浦添,2026-10-01T20:50:19.593663
2019,2019022302,2019-02-23 13:00:00+09:00,74431868,120206.0,1,5,オープン戦,1.0,1回裏,2,長井,石山,吉本,佐藤,,,1,2,ヤクルト,S,,5,阪神,T,,,,,,,6球目:外角の真っ直ぐを打つもセカンドゴロ 1アウト2塁,6 Tamame: Gaikaku no Massugu wo Utsu mo Sekando Grounder 1 Out 2 Rui,,,,,6,,,,,,,,,,,,,,,,,,,,,,,,,,,,,,,,,,,,,,,,,,,,,,,,2019-02-23 08:00:51+00:00,2019-02-23 08:00:51+00:00,0,7554,139,浦添,2026-10-01T20:50:19.593663
2019,2019022302,2019-02-23 13:00:00+09:00,74431869,120300.0,1,5,オープン戦,1.0,1回裏,3,長井,石山,吉本,佐藤,,,1,2,ヤクルト,S,,5,阪神,T,,,,,,,＜3番：山田哲＞一死2塁,<3 Ban: Yamada Akira> Ichi Shi 2 Rui,,,,,0,,,,,,,,,,,,,,,,,,,,,,,,,,,,,,,,,,,,,,,,,,,,,,,,2019-02-23 08:00:51+00:00,2019-02-23 08:00:51+00:00,0,7554,139,浦添,2026-10-01T20:50:19.593663
2019,2019022302,2019-02-23 13:00:00+09:00,74431870,120301.0,1,5,オープン戦,1.0,1回裏,3,長井,石山,吉本,佐藤,,,1,2,ヤクルト,S,,5,阪神,T,,,,,,,1球目:ワンバウンドのカーブを見逃してボール 1-0,1 Tamame: One Bound no Curve wo Minogashite Ball 1-0,,,,,1,,,,,,,,,,,,,,,,,,,,,,,,,,,,,,,,,,,,,,,,,,,,,,,,2019-02-23 08:00:51+00:00,2019-02-23 08:00:51+00:00,0,7554,139,浦添,2026-10-01T20:50:19.593663
2019,2019022302,2019-02-23 13:00:00+09:00,74431871,120302.0,1,5,オープン戦,1.0,1回裏,3,長井,石山,吉本,佐藤,,,1,2,ヤクルト,S,,5,阪神,T,,,,,,,2球目:外角高め142キロのストレートを見逃してボール 2-0,2 Tamame: Gaikaku Takame 142 Kilo no Straight wo Minogashite Ball 2-0,,,,,2,,,,,,,,,,,,,,,,,,,,,,,,,,,,,,,,,,,,,,,,,,,,,,,,2019-02-23 08:00:51+00:00,2019-02-23 08:00:51+00:00,0,7554,139,浦添,2026-10-01T20:50:19.593663
2019,2019022302,2019-02-23 13:00:00+09:00,74431872,120303.0,1,5,オープン戦,1.0,1回裏,3,長井,石山,吉本,佐藤,,,1,2,ヤクルト,S,,5,阪神,T,,,,,,,3球目:低めの変化球を見逃してストライク 2-1,3 Tamame: Hikume no Henka Kyuu wo Minogashite Strike 2-1,,,,,3,,,,,,,,,,,,,,,,,,,,,,,,,,,,,,,,,,,,,,,,,,,,,,,,2019-02-23 08:00:51+00:00,2019-02-23 08:00:51+00:00,0,7554,139,浦添,2026-10-01T20:50:19.593663
2019,2019022302,2019-02-23 13:00:00+09:00,74431873,120304.0,1,5,オープン戦,1.0,1回裏,3,長井,石山,吉本,佐藤,,,1,2,ヤクルト,S,,5,阪神,T,,,,,,,4球目:内角高め142キロのストレートを打ってファウル 2-2,4 Tamame: Naikaku Takame 142 Kilo no Straight wo Utte Foul 2-2,,,,,4,,,,,,,,,,,,,,,,,,,,,,,,,,,,,,,,,,,,,,,,,,,,,,,,2019-02-23 08:00:51+00:00,2019-02-23 08:00:51+00:00,0,7554,139,浦添,2026-10-01T20:50:19.593663
2019,2019022302,2019-02-23 13:00:00+09:00,74431874,120305.0,1,5,オープン戦,1.0,1回裏,3,長井,石山,吉本,佐藤,,,1,2,ヤクルト,S,,5,阪神,T,,,,,,,5球目:内角139キロのストレートを見逃してボール 3-2,5 Tamame: Naikaku 139 Kilo no Straight wo Minogashite Ball 3-2,,,,,5,,,,,,,,,,,,,,,,,,,,,,,,,,,,,,,,,,,,,,,,,,,,,,,,2019-02-23 08:00:51+00:00,2019-02-23 08:00:51+00:00,0,7554,139,浦添,2026-10-01T20:50:19.593663
2019,2019022302,2019-02-23 13:00:00+09:00,74431875,120306.0,1,5,オープン戦,1.0,1回裏,3,長井,石山,吉本,佐藤,,,1,2,ヤクルト,S,,5,阪神,T,,,,,,,6球目:ランナー2塁から外角のストレートを打つもショートゴロ 2アウト3塁,6 Tamame: Runner 2 Rui kara Gaikaku no Straight wo Utsu mo Short Grounder 2 Out 3 Rui,,,,,6,,,,,,,,,,,,,,,,,,,,,,,,,,,,,,,,,,,,,,,,,,,,,,,,2019-02-23 08:00:51+00:00,2019-02-23 08:00:51+00:00,0,7554,139,浦添,2026-10-01T20:50:19.593663
2019,2019022302,2019-02-23 13:00:00+09:00,74431876,120400.0,1,5,オープン戦,1.0,1回裏,4,長井,石山,吉本,佐藤,,,1,2,ヤクルト,S,,5,阪神,T,,,,,,,＜4番：バレンティン＞二死3塁,<4 Ban: Barentin> Ni Shi 3 Rui,,,,,0,,,,,,,,,,,,,,,,,,,,,,,,,,,,,,,,,,,,,,,,,,,,,,,,2019-02-23 08:00:51+00:00,2019-02-23 08:00:51+00:00,0,7554,139,浦添,2026-10-01T20:50:19.593663
2019,2019022302,2019-02-23 13:00:00+09:00,74431877,120401.0,1,5,オープン戦,1.0,1回裏,4,長井,石山,吉本,佐藤,,,1,2,ヤクルト,S,,5,阪神,T,,,,,,,1球目:高めのつり球には反応せずボール 1-0,1 Tamame: Takame no Tsuri Tama ni wa Hannou Sezu Ball 1-0,,,,,1,,,,,,,,,,,,,,,,,,,,,,,,,,,,,,,,,,,,,,,,,,,,,,,,2019-02-23 08:00:51+00:00,2019-02-23 08:00:51+00:00,0,7554,139,浦添,2026-10-01T20:50:19.593663
2019,2019022302,2019-02-23 13:00:00+09:00,74431878,120402.0,1,5,オープン戦,1.0,1回裏,4,長井,石山,吉本,佐藤,,,1,2,ヤクルト,S,,5,阪神,T,,,,,,,2球目:外角低めのストレートを見逃してストライク 1-1,2 Tamame: Gaikaku Hikume no Straight wo Minogashite Strike 1-1,,,,,2,,,,,,,,,,,,,,,,,,,,,,,,,,,,,,,,,,,,,,,,,,,,,,,,2019-02-23 08:00:51+00:00,2019-02-23 08:00:51+00:00,0,7554,139,浦添,2026-10-01T20:50:19.593663
2019,2019022302,2019-02-23 13:00:00+09:00,74431879,120403.0,1,5,オープン戦,1.0,1回裏,4,長井,石山,吉本,佐藤,,,1,2,ヤクルト,S,,5,阪神,T,,,,,,,3球目:外角のカーブを打つもショートゴロ 3アウトチェンジ,3 Tamame: Gaikaku no Curve wo Utsu mo Short Grounder 3 Out Change,,,,,3,,,,,,,,,,,,,,,,,,,,,,,,,,,,,,,,,,,,,,,,,,,,,,,,2019-02-23 08:00:51+00:00,2019-02-23 08:00:51+00:00,0,7554,139,浦添,2026-10-01T20:50:19.593663
2019,2019022302,2019-02-23 13:00:00+09:00,74431880,210100.0,1,5,オープン戦,2.0,2回表,1,長井,石山,吉本,佐藤,,,1,2,ヤクルト,S,,5,阪神,T,,,,,,,2回表 ヤ0-2神　阪神は6番中谷からの攻撃,2 Kai Hyouya 0-2 Shin Hanshin wa 6 Ban Nakatani kara no Kougeki,,,,,0,,,,,,,,,,,,,,,,,,,,,,,,,,,,,,,,,,,,,,,,,,,,,,,,2019-02-23 08:00:51+00:00,2019-02-23 08:00:51+00:00,0,7554,139,浦添,2026-10-01T20:50:19.593663
2019,2019022302,2019-02-23 13:00:00+09:00,74431881,210100.0,1,5,オープン戦,2.0,2回表,1,長井,石山,吉本,佐藤,,,1,2,ヤクルト,S,,5,阪神,T,,,,,,,＜6番：中谷＞無死走者なし,<6 Ban: Nakatani> Mushi Sousha Nashi,,,,,0,,,,,,,,,,,,,,,,,,,,,,,,,,,,,,,,,,,,,,,,,,,,,,,,2019-02-23 08:00:51+00:00,2019-02-23 08:00:51+00:00,0,7554,139,浦添,2026-10-01T20:50:19.593663
2019,2019022302,2019-02-23 13:00:00+09:00,74431882,210101.0,1,5,オープン戦,2.0,2回表,1,長井,石山,吉本,佐藤,,,1,2,ヤクルト,S,,5,阪神,T,,,,,,,1球目:初球から打ちにいくもファウル 0-1,1 Tamame: Shokyuu kara Uchi ni Iku mo Foul 0-1,,,,,1,,,,,,,,,,,,,,,,,,,,,,,,,,,,,,,,,,,,,,,,,,,,,,,,2019-02-23 08:00:51+00:00,2019-02-23 08:00:51+00:00,0,7554,139,浦添,2026-10-01T20:50:19.593663
2019,2019022302,2019-02-23 13:00:00+09:00,74431883,210102.0,1,5,オープン戦,2.0,2回表,1,長井,石山,吉本,佐藤,,,1,2,ヤクルト,S,,5,阪神,T,,,,,,,2球目:高めのナックルカーブを打ってファウル 0-2,2 Tamame: Takame no Knuckle Curve wo Utte Foul 0-2,,,,,2,,,,,,,,,,,,,,,,,,,,,,,,,,,,,,,,,,,,,,,,,,,,,,,,2019-02-23 08:00:51+00:00,2019-02-23 08:00:51+00:00,0,7554,139,浦添,2026-10-01T20:50:19.593663
2019,2019022302,2019-02-23 13:00:00+09:00,74431884,210103.0,1,5,オープン戦,2.0,2回表,1,長井,石山,吉本,佐藤,,,1,2,ヤクルト,S,,5,阪神,T,,,,,,,3球目:ワンバウンドのチェンジアップを見逃してボール 1-2,3 Tamame: One Bound no Change Up wo Minogashite Ball 1-2,,,,,3,,,,,,,,,,,,,,,,,,,,,,,,,,,,,,,,,,,,,,,,,,,,,,,,2019-02-23 08:00:51+00:00,2019-02-23 08:00:51+00:00,0,7554,139,浦添,2026-10-01T20:50:19.593663
2019,2019022302,2019-02-23 13:00:00+09:00,74431885,210104.0,1,5,オープン戦,2.0,2回表,1,長井,石山,吉本,佐藤,,,1,2,ヤクルト,S,,5,阪神,T,,,,,,,4球目:ワンバウンドのカットボールを見逃してボール 2-2,4 Tamame: One Bound no Cut Ball wo Minogashite Ball 2-2,,,,,4,,,,,,,,,,,,,,,,,,,,,,,,,,,,,,,,,,,,,,,,,,,,,,,,2019-02-23 08:00:51+00:00,2019-02-23 08:00:51+00:00,0,7554,139,浦添,2026-10-01T20:50:19.593663
2019,2019022302,2019-02-23 13:00:00+09:00,74431886,210105.0,1,5,オープン戦,2.0,2回表,1,長井,石山,吉本,佐藤,,,1,2,ヤクルト,S,,5,阪神,T,,,,,,,5球目:内角のカットボールを見逃してボール 3-2,5 Tamame: Naikaku no Cut Ball wo Minogashite Ball 3-2,,,,,5,,,,,,,,,,,,,,,,,,,,,,,,,,,,,,,,,,,,,,,,,,,,,,,,2019-02-23 08:00:51+00:00,2019-02-23 08:00:51+00:00,0,7554,139,浦添,2026-10-01T20:50:19.593663
2019,2019022302,2019-02-23 13:00:00+09:00,74431887,210106.0,1,5,オープン戦,2.0,2回表,1,長井,石山,吉本,佐藤,,,1,2,ヤクルト,S,,5,阪神,T,,,,,,,6球目:ファウルフライを坂口(一)がつかんでバッターアウト 1アウト,6 Tamame: Foul Fly wo Sakaguchi (Ichi) ga Tsukande Batter Out 1 Out,,,,,6,,,,,,,,,,,,,,,,,,,,,,,,,,,,,,,,,,,,,,,,,,,,,,,,2019-02-23 08:00:51+00:00,2019-02-23 08:00:51+00:00,0,7554,139,浦添,2026-10-01T20:50:19.593663
2019,2019022302,2019-02-23 13:00:00+09:00,74431888,210200.0,1,5,オープン戦,2.0,2回表,2,長井,石山,吉本,佐藤,,,1,2,ヤクルト,S,,5,阪神,T,,,,,,,＜7番：高山＞一死走者なし,<7 Ban: Kouzan> Ichi Shi Sousha Nashi,,,,,0,,,,,,,,,,,,,,,,,,,,,,,,,,,,,,,,,,,,,,,,,,,,,,,,2019-02-23 08:00:51+00:00,2019-02-23 08:00:51+00:00,0,7554,139,浦添,2026-10-01T20:50:19.593663
2019,2019022302,2019-02-23 13:00:00+09:00,74431889,210201.0,1,5,オープン戦,2.0,2回表,2,長井,石山,吉本,佐藤,,,1,2,ヤクルト,S,,5,阪神,T,,,,,,,1球目:外角のストレートを打つもサードフライ 2アウト,1 Tamame: Gaikaku no Straight wo Utsu mo Third Fly 2 Out,,,,,1,,,,,,,,,,,,,,,,,,,,,,,,,,,,,,,,,,,,,,,,,,,,,,,,2019-02-23 08:00:51+00:00,2019-02-23 08:00:51+00:00,0,7554,139,浦添,2026-10-01T20:50:19.593663
2019,2019022302,2019-02-23 13:00:00+09:00,74431890,210300.0,1,5,オープン戦,2.0,2回表,3,長井,石山,吉本,佐藤,,,1,2,ヤクルト,S,,5,阪神,T,,,,,,,＜8番：坂本＞二死走者なし,<8 Ban: Sakamoto> Ni Shi Sousha Nashi,,,,,0,,,,,,,,,,,,,,,,,,,,,,,,,,,,,,,,,,,,,,,,,,,,,,,,2019-02-23 08:00:51+00:00,2019-02-23 08:00:51+00:00,0,7554,139,浦添,2026-10-01T20:50:19.593663
2019,2019022302,2019-02-23 13:00:00+09:00,74431891,210301.0,1,5,オープン戦,2.0,2回表,3,長井,石山,吉本,佐藤,,,1,2,ヤクルト,S,,5,阪神,T,,,,,,,1球目:外角低め119キロのナックルカーブを見逃してボール 1-0,1 Tamame: Gaikaku Hikume 119 Kilo no Knuckle Curve wo Minogashite Ball 1-0,,,,,1,,,,,,,,,,,,,,,,,,,,,,,,,,,,,,,,,,,,,,,,,,,,,,,,2019-02-23 08:00:51+00:00,2019-02-23 08:00:51+00:00,0,7554,139,浦添,2026-10-01T20:50:19.593663
2019,2019022302,2019-02-23 13:00:00+09:00,74431892,210302.0,1,5,オープン戦,2.0,2回表,3,長井,石山,吉本,佐藤,,,1,2,ヤクルト,S,,5,阪神,T,,,,,,,2球目:際どいコースのストレートを見逃してボール 2-0,2 Tamame: Kiwadoi Course no Straight wo Minogashite Ball 2-0,,,,,2,,,,,,,,,,,,,,,,,,,,,,,,,,,,,,,,,,,,,,,,,,,,,,,,2019-02-23 08:00:51+00:00,2019-02-23 08:00:51+00:00,0,7554,139,浦添,2026-10-01T20:50:19.593663
2019,2019022302,2019-02-23 13:00:00+09:00,74431893,210303.0,1,5,オープン戦,2.0,2回表,3,長井,石山,吉本,佐藤,,,1,2,ヤクルト,S,,5,阪神,T,,,,,,,3球目:外角低めのストレートを見逃してストライク 2-1,3 Tamame: Gaikaku Hikume no Straight wo Minogashite Strike 2-1,,,,,3,,,,,,,,,,,,,,,,,,,,,,,,,,,,,,,,,,,,,,,,,,,,,,,,2019-02-23 08:00:51+00:00,2019-02-23 08:00:51+00:00,0,7554,139,浦添,2026-10-01T20:50:19.593663
2019,2019022302,2019-02-23 13:00:00+09:00,74431894,210304.0,1,5,オープン戦,2.0,2回表,3,長井,石山,吉本,佐藤,,,1,2,ヤクルト,S,,5,阪神,T,,,,,,,4球目:ど真ん中のカットボールを打つもショートゴロ 3アウトチェンジ,4 Tamame: Domannaka no Cut Ball wo Utsu mo Short Grounder 3 Out Change,,,,,4,,,,,,,,,,,,,,,,,,,,,,,,,,,,,,,,,,,,,,,,,,,,,,,,2019-02-23 08:00:51+00:00,2019-02-23 08:00:51+00:00,0,7554,139,浦添,2026-10-01T20:50:19.593663
2019,2019022302,2019-02-23 13:00:00+09:00,74431895,220100.0,1,5,オープン戦,2.0,2回裏,1,長井,石山,吉本,佐藤,,,1,2,ヤクルト,S,,5,阪神,T,,,,,,,2回裏 ヤ0-2神　ヤクルトは5番雄平からの攻撃,2 Kai Uraya 0-2 Kami Yakuruto wa 5 Ban Yuuhei kara no Kougeki,,,,,0,,,,,,,,,,,,,,,,,,,,,,,,,,,,,,,,,,,,,,,,,,,,,,,,2019-02-23 08:00:51+00:00,2019-02-23 08:00:51+00:00,0,7554,139,浦添,2026-10-01T20:50:19.593663
2019,2019022302,2019-02-23 13:00:00+09:00,74431896,220100.0,1,5,オープン戦,2.0,2回裏,1,長井,石山,吉本,佐藤,,,1,2,ヤクルト,S,,5,阪神,T,,,,,,,＜5番：雄平＞無死走者なし,<5 Ban: Yuuhei> Mushi Sousha Nashi,,,,,0,,,,,,,,,,,,,,,,,,,,,,,,,,,,,,,,,,,,,,,,,,,,,,,,2019-02-23 08:00:51+00:00,2019-02-23 08:00:51+00:00,0,7554,139,浦添,2026-10-01T20:50:19.593663
2019,2019022302,2019-02-23 13:00:00+09:00,74431897,220101.0,1,5,オープン戦,2.0,2回裏,1,長井,石山,吉本,佐藤,,,1,2,ヤクルト,S,,5,阪神,T,,,,,,,1球目:外角110キロのカーブを見逃してストライク 0-1,1 Tamame: Gaikaku 110 Kilo no Curve wo Minogashite Strike 0-1,,,,,1,,,,,,,,,,,,,,,,,,,,,,,,,,,,,,,,,,,,,,,,,,,,,,,,2019-02-23 08:00:51+00:00,2019-02-23 08:00:51+00:00,0,7554,139,浦添,2026-10-01T20:50:19.593663
2019,2019022302,2019-02-23 13:00:00+09:00,74431898,220102.0,1,5,オープン戦,2.0,2回裏,1,長井,石山,吉本,佐藤,,,1,2,ヤクルト,S,,5,阪神,T,,,,,,,2球目:ライトへのヒットを放つ 1塁,2 Tamame: Raito e no Hit wo Hanatsu 1 Rui,,,,,2,,,,,,,,,,,,,,,,,,,,,,,,,,,,,,,,,,,,,,,,,,,,,,,,2019-02-23 08:00:51+00:00,2019-02-23 08:00:51+00:00,0,7554,139,浦添,2026-10-01T20:50:19.593663
2019,2019022302,2019-02-23 13:00:00+09:00,74431899,220200.0,1,5,オープン戦,2.0,2回裏,2,長井,石山,吉本,佐藤,,,1,2,ヤクルト,S,,5,阪神,T,,,,,,,＜6番：村上＞無死1塁,<6 Ban: Murakami> Mushi 1 Rui,,,,,0,,,,,,,,,,,,,,,,,,,,,,,,,,,,,,,,,,,,,,,,,,,,,,,,2019-02-23 08:00:51+00:00,2019-02-23 08:00:51+00:00,0,7554,139,浦添,2026-10-01T20:50:19.593663
2019,2019022302,2019-02-23 13:00:00+09:00,74431900,220201.0,1,5,オープン戦,2.0,2回裏,2,長井,石山,吉本,佐藤,,,1,2,ヤクルト,S,,5,阪神,T,,,,,,,1球目:内角高めのストレートを見逃してボール 1-0,1 Tamame: Naikaku Takame no Straight wo Minogashite Ball 1-0,,,,,1,,,,,,,,,,,,,,,,,,,,,,,,,,,,,,,,,,,,,,,,,,,,,,,,2019-02-23 08:00:51+00:00,2019-02-23 08:00:51+00:00,0,7554,139,浦添,2026-10-01T20:50:19.593663
2019,2019022302,2019-02-23 13:00:00+09:00,74431901,220202.0,1,5,オープン戦,2.0,2回裏,2,長井,石山,吉本,佐藤,,,1,2,ヤクルト,S,,5,阪神,T,,,,,,,2球目:内角高めのストレートを見逃してボール 2-0,2 Tamame: Naikaku Takame no Straight wo Minogashite Ball 2-0,,,,,2,,,,,,,,,,,,,,,,,,,,,,,,,,,,,,,,,,,,,,,,,,,,,,,,2019-02-23 08:00:51+00:00,2019-02-23 08:00:51+00:00,0,7554,139,浦添,2026-10-01T20:50:19.593663
2019,2019022302,2019-02-23 13:00:00+09:00,74431902,220203.0,1,5,オープン戦,2.0,2回裏,2,長井,石山,吉本,佐藤,,,1,2,ヤクルト,S,,5,阪神,T,,,,,,,3球目:内角143キロのストレートを打ってファウル 2-1,3 Tamame: Naikaku 143 Kilo no Straight wo Utte Foul 2-1,,,,,3,,,,,,,,,,,,,,,,,,,,,,,,,,,,,,,,,,,,,,,,,,,,,,,,2019-02-23 08:00:51+00:00,2019-02-23 08:00:51+00:00,0,7554,139,浦添,2026-10-01T20:50:19.593663
2019,2019022302,2019-02-23 13:00:00+09:00,74431903,220200.0,1,5,オープン戦,2.0,2回裏,2,長井,石山,吉本,佐藤,,,1,2,ヤクルト,S,,5,阪神,T,,,,,,,1塁けん制:ランナー雄平帰塁,1 Rui Kensei: Runner Yuuhei Kirui,,,,,0,,,,,,,,,,,,,,,,,,,,,,,,,,,,,,,,,,,,,,,,,,,,,,,,2019-02-23 08:00:51+00:00,2019-02-23 08:00:51+00:00,0,7554,139,浦添,2026-10-01T20:50:19.593663
2019,2019022302,2019-02-23 13:00:00+09:00,74431904,220204.0,1,5,オープン戦,2.0,2回裏,2,長井,石山,吉本,佐藤,,,1,2,ヤクルト,S,,5,阪神,T,,,,,,,4球目:内角低め130キロのスライダーを見逃してボール 3-1,4 Tamame: Naikaku Hikume 130 Kilo no Slider wo Minogashite Ball 3-1,,,,,4,,,,,,,,,,,,,,,,,,,,,,,,,,,,,,,,,,,,,,,,,,,,,,,,2019-02-23 08:00:51+00:00,2019-02-23 08:00:51+00:00,0,7554,139,浦添,2026-10-01T20:50:19.593663
2019,2019022302,2019-02-23 13:00:00+09:00,74431905,220205.0,1,5,オープン戦,2.0,2回裏,2,長井,石山,吉本,佐藤,,,1,2,ヤクルト,S,,5,阪神,T,,,,,,,"5球目:外角のストレートを見逃しフォアボールを選ぶ 1,2塁","5 Tamame: Gaikaku no Straight wo Minogashi Four Ball wo Erabu 1,2 Rui",,,,,5,,,,,,,,,,,,,,,,,,,,,,,,,,,,,,,,,,,,,,,,,,,,,,,,2019-02-23 08:00:51+00:00,2019-02-23 08:00:51+00:00,0,7554,139,浦添,2026-10-01T20:50:19.593663
2019,2019022302,2019-02-23 13:00:00+09:00,74431906,220300.0,1,5,オープン戦,2.0,2回裏,3,長井,石山,吉本,佐藤,,,1,2,ヤクルト,S,,5,阪神,T,,,,,,,"＜7番：西浦＞無死1,2塁","<7 Ban: Nishinoura> Mushi 1,2 Rui",,,,,0,,,,,,,,,,,,,,,,,,,,,,,,,,,,,,,,,,,,,,,,,,,,,,,,2019-02-23 08:00:51+00:00,2019-02-23 08:00:51+00:00,0,7554,139,浦添,2026-10-01T20:50:19.593663
2019,2019022302,2019-02-23 13:00:00+09:00,74431907,220301.0,1,5,オープン戦,2.0,2回裏,3,長井,石山,吉本,佐藤,,,1,2,ヤクルト,S,,5,阪神,T,,,,,,,1球目:ワンバウンドのスライダーを見逃してボール 1-0,1 Tamame: One Bound no Slider wo Minogashite Ball 1-0,,,,,1,,,,,,,,,,,,,,,,,,,,,,,,,,,,,,,,,,,,,,,,,,,,,,,,2019-02-23 08:00:51+00:00,2019-02-23 08:00:51+00:00,0,7554,139,浦添,2026-10-01T20:50:19.593663
2019,2019022302,2019-02-23 13:00:00+09:00,74431908,220302.0,1,5,オープン戦,2.0,2回裏,3,長井,石山,吉本,佐藤,,,1,2,ヤクルト,S,,5,阪神,T,,,,,,,2球目:高めのストレートを打ってファウル 1-1,2 Tamame: Takame no Straight wo Utte Foul 1-1,,,,,2,,,,,,,,,,,,,,,,,,,,,,,,,,,,,,,,,,,,,,,,,,,,,,,,2019-02-23 08:00:51+00:00,2019-02-23 08:00:51+00:00,0,7554,139,浦添,2026-10-01T20:50:19.593663
2019,2019022302,2019-02-23 13:00:00+09:00,74431909,220303.0,1,5,オープン戦,2.0,2回裏,3,長井,石山,吉本,佐藤,,,1,2,ヤクルト,S,,5,阪神,T,,,,,,,3球目:外角低め138キロのストレートを打ってファウル 1-2,3 Tamame: Gaikaku Hikume 138 Kilo no Straight wo Utte Foul 1-2,,,,,3,,,,,,,,,,,,,,,,,,,,,,,,,,,,,,,,,,,,,,,,,,,,,,,,2019-02-23 08:00:51+00:00,2019-02-23 08:00:51+00:00,0,7554,139,浦添,2026-10-01T20:50:19.593663
2019,2019022302,2019-02-23 13:00:00+09:00,74431910,220304.0,1,5,オープン戦,2.0,2回裏,3,長井,石山,吉本,佐藤,,,1,2,ヤクルト,S,,5,阪神,T,,,,,,,4球目:内角低め131キロのフォークを見逃してボール 2-2,4 Tamame: Naikaku Hikume 131 Kilo no Fork wo Minogashite Ball 2-2,,,,,4,,,,,,,,,,,,,,,,,,,,,,,,,,,,,,,,,,,,,,,,,,,,,,,,2019-02-23 08:00:51+00:00,2019-02-23 08:00:51+00:00,0,7554,139,浦添,2026-10-01T20:50:19.593663
2019,2019022302,2019-02-23 13:00:00+09:00,74431911,220305.0,1,5,オープン戦,2.0,2回裏,3,長井,石山,吉本,佐藤,,,1,2,ヤクルト,S,,5,阪神,T,,,,,,,5球目:内角高め141キロのストレートを見逃してボール 3-2,5 Tamame: Naikaku Takame 141 Kilo no Straight wo Minogashite Ball 3-2,,,,,5,,,,,,,,,,,,,,,,,,,,,,,,,,,,,,,,,,,,,,,,,,,,,,,,2019-02-23 08:00:51+00:00,2019-02-23 08:00:51+00:00,0,7554,139,浦添,2026-10-01T20:50:19.593663
2019,2019022302,2019-02-23 13:00:00+09:00,74431912,220306.0,1,5,オープン戦,2.0,2回裏,3,長井,石山,吉本,佐藤,,,1,2,ヤクルト,S,,5,阪神,T,,,,,,,6球目:内角142キロのストレートを打つも自打球となりファウル 3-2,6 Tamame: Naikaku 142 Kilo no Straight wo Utsu mo Ji Dakyuu to Nari Foul 3-2,,,,,6,,,,,,,,,,,,,,,,,,,,,,,,,,,,,,,,,,,,,,,,,,,,,,,,2019-02-23 08:00:51+00:00,2019-02-23 08:00:51+00:00,0,7554,139,浦添,2026-10-01T20:50:19.593663
2019,2019022302,2019-02-23 13:00:00+09:00,74431913,220307.0,1,5,オープン戦,2.0,2回裏,3,長井,石山,吉本,佐藤,,,1,2,ヤクルト,S,,5,阪神,T,,,,,,,7球目:外角のフォークを見逃しフォアボール。阪神、満塁のピンチをまねく 満塁,"7 Tamame: Gaikaku no Fork wo Minogashi Four Ball. Hanshin, Manrui no Pinch  wo Maneku Manrui",,,,,7,,,,,,,,,,,,,,,,,,,,,,,,,,,,,,,,,,,,,,,,,,,,,,,,2019-02-23 08:00:51+00:00,2019-02-23 08:00:51+00:00,0,7554,139,浦添,2026-10-01T20:50:19.593663
2019,2019022302,2019-02-23 13:00:00+09:00,74431914,220400.0,1,5,オープン戦,2.0,2回裏,4,長井,石山,吉本,佐藤,,,1,2,ヤクルト,S,,5,阪神,T,,,,,,,－阪神:内野手マウンドへ集まる－,- Hanshin: Naiyashu Mound e Atsumaru -,,,,,0,,,,,,,,,,,,,,,,,,,,,,,,,,,,,,,,,,,,,,,,,,,,,,,,2019-02-23 08:00:51+00:00,2019-02-23 08:00:51+00:00,0,7554,139,浦添,2026-10-01T20:50:19.593663
2019,2019022302,2019-02-23 13:00:00+09:00,74431915,220400.0,1,5,オープン戦,2.0,2回裏,4,長井,石山,吉本,佐藤,,,1,2,ヤクルト,S,,5,阪神,T,,,,,,,＜8番：中村＞無死満塁,<8 Ban: Nakamura> Mushi Manrui,,,,,0,,,,,,,,,,,,,,,,,,,,,,,,,,,,,,,,,,,,,,,,,,,,,,,,2019-02-23 08:00:51+00:00,2019-02-23 08:00:51+00:00,0,7554,139,浦添,2026-10-01T20:50:19.593663
2019,2019022302,2019-02-23 13:00:00+09:00,74431916,220401.0,1,5,オープン戦,2.0,2回裏,4,長井,石山,吉本,佐藤,,,1,2,ヤクルト,S,,5,阪神,T,,,,,,,"1球目:ランナーフルベースから犠牲フライ ヤ1-2神 1アウト1,2塁","1 Tamame: Runner Full Base kara Gisei Flyya 1-2 Kami 1 Out 1,2 Rui",,,,,1,,,,,,,,,,,,,,,,,,,,,,,,,,,,,,,,,,,,,,,,,,,,,,,,2019-02-23 08:00:51+00:00,2019-02-23 08:00:51+00:00,0,7554,139,浦添,2026-10-01T20:50:19.593663
2019,2019022302,2019-02-23 13:00:00+09:00,74431917,220500.0,1,5,オープン戦,2.0,2回裏,5,長井,石山,吉本,佐藤,,,1,2,ヤクルト,S,,5,阪神,T,,,,,,,"＜9番：塩見＞一死1,2塁","<9 Ban: Shiomi> Ichi Shi 1,2 Rui",,,,,0,,,,,,,,,,,,,,,,,,,,,,,,,,,,,,,,,,,,,,,,,,,,,,,,2019-02-23 08:00:51+00:00,2019-02-23 08:00:51+00:00,0,7554,139,浦添,2026-10-01T20:50:19.593663
2019,2019022302,2019-02-23 13:00:00+09:00,74431918,220501.0,1,5,オープン戦,2.0,2回裏,5,長井,石山,吉本,佐藤,,,1,2,ヤクルト,S,,5,阪神,T,,,,,,,1球目:外角高め115キロのカーブを見逃してストライク 0-1,1 Tamame: Gaikaku Takame 115 Kilo no Curve wo Minogashite Strike 0-1,,,,,1,,,,,,,,,,,,,,,,,,,,,,,,,,,,,,,,,,,,,,,,,,,,,,,,2019-02-23 08:00:51+00:00,2019-02-23 08:00:51+00:00,0,7554,139,浦添,2026-10-01T20:50:19.593663
2019,2019022302,2019-02-23 13:00:00+09:00,74431919,220502.0,1,5,オープン戦,2.0,2回裏,5,長井,石山,吉本,佐藤,,,1,2,ヤクルト,S,,5,阪神,T,,,,,,,2球目:ど真ん中の球を打ってファウル 0-2,2 Tamame: Domannaka no Tama wo Utte Foul 0-2,,,,,2,,,,,,,,,,,,,,,,,,,,,,,,,,,,,,,,,,,,,,,,,,,,,,,,2019-02-23 08:00:51+00:00,2019-02-23 08:00:51+00:00,0,7554,139,浦添,2026-10-01T20:50:19.593663
2019,2019022302,2019-02-23 13:00:00+09:00,74431920,220503.0,1,5,オープン戦,2.0,2回裏,5,長井,石山,吉本,佐藤,,,1,2,ヤクルト,S,,5,阪神,T,,,,,,,3球目:ワンバウンドのフォークを見逃してボール 1-2,3 Tamame: One Bound no Fork wo Minogashite Ball 1-2,,,,,3,,,,,,,,,,,,,,,,,,,,,,,,,,,,,,,,,,,,,,,,,,,,,,,,2019-02-23 08:00:51+00:00,2019-02-23 08:00:51+00:00,0,7554,139,浦添,2026-10-01T20:50:19.593663
2019,2019022302,2019-02-23 13:00:00+09:00,74431921,220504.0,1,5,オープン戦,2.0,2回裏,5,長井,石山,吉本,佐藤,,,1,2,ヤクルト,S,,5,阪神,T,,,,,,,4球目:内角のフォークを打つもレフトフライ 2アウト,4 Tamame: Naikaku no Fork wo Utsu mo Left Fly 2 Out,,,,,4,,,,,,,,,,,,,,,,,,,,,,,,,,,,,,,,,,,,,,,,,,,,,,,,2019-02-23 08:00:51+00:00,2019-02-23 08:00:51+00:00,0,7554,139,浦添,2026-10-01T20:50:19.593663
2019,2019022302,2019-02-23 13:00:00+09:00,74431922,220600.0,1,5,オープン戦,2.0,2回裏,6,長井,石山,吉本,佐藤,,,1,2,ヤクルト,S,,5,阪神,T,,,,,,,"＜1番：坂口＞二死1,2塁","<1 Ban: Sakaguchi> Ni Shi 1,2 Rui",,,,,0,,,,,,,,,,,,,,,,,,,,,,,,,,,,,,,,,,,,,,,,,,,,,,,,2019-02-23 08:00:51+00:00,2019-02-23 08:00:51+00:00,0,7554,139,浦添,2026-10-01T20:50:19.593663
2019,2019022302,2019-02-23 13:00:00+09:00,74431923,220601.0,1,5,オープン戦,2.0,2回裏,6,長井,石山,吉本,佐藤,,,1,2,ヤクルト,S,,5,阪神,T,,,,,,,1球目:外角高めのストレートを見逃してストライク 0-1,1 Tamame: Gaikaku Takame no Straight wo Minogashite Strike 0-1,,,,,1,,,,,,,,,,,,,,,,,,,,,,,,,,,,,,,,,,,,,,,,,,,,,,,,2019-02-23 08:00:51+00:00,2019-02-23 08:00:51+00:00,0,7554,139,浦添,2026-10-01T20:50:19.593663
2019,2019022302,2019-02-23 13:00:00+09:00,74431924,220602.0,1,5,オープン戦,2.0,2回裏,6,長井,石山,吉本,佐藤,,,1,2,ヤクルト,S,,5,阪神,T,,,,,,,2球目:外角146キロのストレートを打ってファウル 0-2,2 Tamame: Gaikaku 146 Kilo no Straight wo Utte Foul 0-2,,,,,2,,,,,,,,,,,,,,,,,,,,,,,,,,,,,,,,,,,,,,,,,,,,,,,,2019-02-23 08:00:51+00:00,2019-02-23 08:00:51+00:00,0,7554,139,浦添,2026-10-01T20:50:19.593663
2019,2019022302,2019-02-23 13:00:00+09:00,74431925,220603.0,1,5,オープン戦,2.0,2回裏,6,長井,石山,吉本,佐藤,,,1,2,ヤクルト,S,,5,阪神,T,,,,,,,3球目:外角低めのストレートを見逃してボール 1-2,3 Tamame: Gaikaku Hikume no Straight wo Minogashite Ball 1-2,,,,,3,,,,,,,,,,,,,,,,,,,,,,,,,,,,,,,,,,,,,,,,,,,,,,,,2019-02-23 08:00:51+00:00,2019-02-23 08:00:51+00:00,0,7554,139,浦添,2026-10-01T20:50:19.593663
2019,2019022302,2019-02-23 13:00:00+09:00,74431926,220604.0,1,5,オープン戦,2.0,2回裏,6,長井,石山,吉本,佐藤,,,1,2,ヤクルト,S,,5,阪神,T,,,,,,,"4球目:2アウト1,2塁の1-2から同点のタイムリーヒット！ ヤ2-2神 1,2塁","4 Tamame:2 Out 1,2 Rui no 1-2 kara Douten no Timely Hit! Ya 2-2 Kami 1,2 Rui",,,,,4,,,,,,,,,,,,,,,,,,,,,,,,,,,,,,,,,,,,,,,,,,,,,,,,2019-02-23 08:00:51+00:00,2019-02-23 08:00:51+00:00,0,7554,139,浦添,2026-10-01T20:50:19.593663
2019,2019022302,2019-02-23 13:00:00+09:00,74431927,220700.0,1,5,オープン戦,2.0,2回裏,7,長井,石山,吉本,佐藤,,,1,2,ヤクルト,S,,5,阪神,T,,,,,,,"＜2番：青木＞二死1,2塁","<2 Ban: Aoki> Ni Shi 1,2 Rui",,,,,0,,,,,,,,,,,,,,,,,,,,,,,,,,,,,,,,,,,,,,,,,,,,,,,,2019-02-23 08:00:51+00:00,2019-02-23 08:00:51+00:00,0,7554,139,浦添,2026-10-01T20:50:19.593663
2019,2019022302,2019-02-23 13:00:00+09:00,74431928,220701.0,1,5,オープン戦,2.0,2回裏,7,長井,石山,吉本,佐藤,,,1,2,ヤクルト,S,,5,阪神,T,,,,,,,"1球目:2アウト1,2塁からレフトへのヒット 満塁","1 Tamame:2 Out 1,2 Rui kara Left e no Hit Manrui",,,,,1,,,,,,,,,,,,,,,,,,,,,,,,,,,,,,,,,,,,,,,,,,,,,,,,2019-02-23 08:00:51+00:00,2019-02-23 08:00:51+00:00,0,7554,139,浦添,2026-10-01T20:50:19.593663
2019,2019022302,2019-02-23 13:00:00+09:00,74431929,220800.0,1,5,オープン戦,2.0,2回裏,8,長井,石山,吉本,佐藤,,,1,2,ヤクルト,S,,5,阪神,T,,,,,,,1塁青木→代走:奥村,1 Rui Aoki Daisou: Okumura,,,,,0,,,,,,,,,,,,,,,,,,,,,,,,,,,,,,,,,,,,,,,,,,,,,,,,2019-02-23 08:00:51+00:00,2019-02-23 08:00:51+00:00,0,7554,139,浦添,2026-10-01T20:50:19.593663
2019,2019022302,2019-02-23 13:00:00+09:00,74431930,220800.0,1,5,オープン戦,2.0,2回裏,8,長井,石山,吉本,佐藤,,,1,2,ヤクルト,S,,5,阪神,T,,,,,,,＜3番：山田哲＞二死満塁,<3 Ban: Yamada Akira> Ni Shi Manrui,,,,,0,,,,,,,,,,,,,,,,,,,,,,,,,,,,,,,,,,,,,,,,,,,,,,,,2019-02-23 08:00:51+00:00,2019-02-23 08:00:51+00:00,0,7554,139,浦添,2026-10-01T20:50:19.593663
2019,2019022302,2019-02-23 13:00:00+09:00,74431931,220801.0,1,5,オープン戦,2.0,2回裏,8,長井,石山,吉本,佐藤,,,1,2,ヤクルト,S,,5,阪神,T,,,,,,,1球目:外角高めのストレートを見逃してボール 1-0,1 Tamame: Gaikaku Takame no Straight wo Minogashite Ball 1-0,,,,,1,,,,,,,,,,,,,,,,,,,,,,,,,,,,,,,,,,,,,,,,,,,,,,,,2019-02-23 08:00:51+00:00,2019-02-23 08:00:51+00:00,0,7554,139,浦添,2026-10-01T20:50:19.593663
2019,2019022302,2019-02-23 13:00:00+09:00,74431932,220802.0,1,5,オープン戦,2.0,2回裏,8,長井,石山,吉本,佐藤,,,1,2,ヤクルト,S,,5,阪神,T,,,,,,,2球目:外角のスライダーを見逃してストライク 1-1,2 Tamame: Gaikaku no Slider wo Minogashite Strike 1-1,,,,,2,,,,,,,,,,,,,,,,,,,,,,,,,,,,,,,,,,,,,,,,,,,,,,,,2019-02-23 08:00:51+00:00,2019-02-23 08:00:51+00:00,0,7554,139,浦添,2026-10-01T20:50:19.593663
2019,2019022302,2019-02-23 13:00:00+09:00,74431933,220803.0,1,5,オープン戦,2.0,2回裏,8,長井,石山,吉本,佐藤,,,1,2,ヤクルト,S,,5,阪神,T,,,,,,,3球目:高め142キロのストレートを見逃してボール 2-1,3 Tamame: Takame 142 Kilo no Straight wo Minogashite Ball 2-1,,,,,3,,,,,,,,,,,,,,,,,,,,,,,,,,,,,,,,,,,,,,,,,,,,,,,,2019-02-23 08:00:51+00:00,2019-02-23 08:00:51+00:00,0,7554,139,浦添,2026-10-01T20:50:19.593663
2019,2019022302,2019-02-23 13:00:00+09:00,74431934,220804.0,1,5,オープン戦,2.0,2回裏,8,長井,石山,吉本,佐藤,,,1,2,ヤクルト,S,,5,阪神,T,,,,,,,4球目:高めの真っ直ぐを打つもレフトフライ 3アウトチェンジ,4 Tamame: Takame no Massugu wo Utsu mo Left Fly 3 Out Change,,,,,4,,,,,,,,,,,,,,,,,,,,,,,,,,,,,,,,,,,,,,,,,,,,,,,,2019-02-23 08:00:51+00:00,2019-02-23 08:00:51+00:00,0,7554,139,浦添,2026-10-01T20:50:19.593663
2019,2019022302,2019-02-23 13:00:00+09:00,74431935,310100.0,1,5,オープン戦,3.0,3回表,1,長井,石山,吉本,佐藤,,,1,2,ヤクルト,S,,5,阪神,T,,,,,,,3回表 ヤ2-2神　阪神は9番江越からの攻撃,3 Kai Hyouya 2-2 Shin Hanshin wa 9 Ban Egoshi kara no Kougeki,,,,,0,,,,,,,,,,,,,,,,,,,,,,,,,,,,,,,,,,,,,,,,,,,,,,,,2019-02-23 08:00:51+00:00,2019-02-23 08:00:51+00:00,0,7554,139,浦添,2026-10-01T20:50:19.593663
2019,2019022302,2019-02-23 13:00:00+09:00,74431936,310100.0,1,5,オープン戦,3.0,3回表,1,長井,石山,吉本,佐藤,,,1,2,ヤクルト,S,,5,阪神,T,,,,,,,投手交代:ブキャナン→高梨　守備変更:奥村→レフト　守備変更:塩見レフト→センター,Toushu Koutai: Buchanan Takanashi Shubi Henkou: Okumura Left Shubi Henkou: Shiomi Left Center,,,,,0,,,,,,,,,,,,,,,,,,,,,,,,,,,,,,,,,,,,,,,,,,,,,,,,2019-02-23 08:00:51+00:00,2019-02-23 08:00:51+00:00,0,7554,139,浦添,2026-10-01T20:50:19.593663
2019,2019022302,2019-02-23 13:00:00+09:00,74431937,310100.0,1,5,オープン戦,3.0,3回表,1,長井,石山,吉本,佐藤,,,1,2,ヤクルト,S,,5,阪神,T,,,,,,,＜9番：江越＞無死走者なし,<9 Ban: Egoshi> Mushi Sousha Nashi,,,,,0,,,,,,,,,,,,,,,,,,,,,,,,,,,,,,,,,,,,,,,,,,,,,,,,2019-02-23 08:00:51+00:00,2019-02-23 08:00:51+00:00,0,7554,139,浦添,2026-10-01T20:50:19.593663
2019,2019022302,2019-02-23 13:00:00+09:00,74431938,310101.0,1,5,オープン戦,3.0,3回表,1,長井,石山,吉本,佐藤,,,1,2,ヤクルト,S,,5,阪神,T,,,,,,,1球目:レフトへのツーベース 2塁,1 Tamame: Left e no Two Base 2 Rui,,,,,1,,,,,,,,,,,,,,,,,,,,,,,,,,,,,,,,,,,,,,,,,,,,,,,,2019-02-23 08:00:51+00:00,2019-02-23 08:00:51+00:00,0,7554,139,浦添,2026-10-01T20:50:19.593663
2019,2019022302,2019-02-23 13:00:00+09:00,74431939,310200.0,1,5,オープン戦,3.0,3回表,2,長井,石山,吉本,佐藤,,,1,2,ヤクルト,S,,5,阪神,T,,,,,,,＜1番：北條＞無死2塁,<1 Ban: Houjou> Mushi 2 Rui,,,,,0,,,,,,,,,,,,,,,,,,,,,,,,,,,,,,,,,,,,,,,,,,,,,,,,2019-02-23 08:00:51+00:00,2019-02-23 08:00:51+00:00,0,7554,139,浦添,2026-10-01T20:50:19.593663
2019,2019022302,2019-02-23 13:00:00+09:00,74431940,310201.0,1,5,オープン戦,3.0,3回表,2,長井,石山,吉本,佐藤,,,1,2,ヤクルト,S,,5,阪神,T,,,,,,,1球目:際どいコースのストレートを見逃してボール 1-0,1 Tamame: Kiwadoi Course no Straight wo Minogashite Ball 1-0,,,,,1,,,,,,,,,,,,,,,,,,,,,,,,,,,,,,,,,,,,,,,,,,,,,,,,2019-02-23 08:00:51+00:00,2019-02-23 08:00:51+00:00,0,7554,139,浦添,2026-10-01T20:50:19.593663
2019,2019022302,2019-02-23 13:00:00+09:00,74431941,310202.0,1,5,オープン戦,3.0,3回表,2,長井,石山,吉本,佐藤,,,1,2,ヤクルト,S,,5,阪神,T,,,,,,,2球目:123キロのスライダーを見逃してボール 2-0,2 Tamame:123 Kilo no Slider wo Minogashite Ball 2-0,,,,,2,,,,,,,,,,,,,,,,,,,,,,,,,,,,,,,,,,,,,,,,,,,,,,,,2019-02-23 08:00:51+00:00,2019-02-23 08:00:51+00:00,0,7554,139,浦添,2026-10-01T20:50:19.593663
2019,2019022302,2019-02-23 13:00:00+09:00,74431942,310203.0,1,5,オープン戦,3.0,3回表,2,長井,石山,吉本,佐藤,,,1,2,ヤクルト,S,,5,阪神,T,,,,,,,3球目:ど真ん中の球を打ってファウル 2-1,3 Tamame: Domannaka no Tama wo Utte Foul 2-1,,,,,3,,,,,,,,,,,,,,,,,,,,,,,,,,,,,,,,,,,,,,,,,,,,,,,,2019-02-23 08:00:51+00:00,2019-02-23 08:00:51+00:00,0,7554,139,浦添,2026-10-01T20:50:19.593663
2019,2019022302,2019-02-23 13:00:00+09:00,74431943,310200.0,1,5,オープン戦,3.0,3回表,2,長井,石山,吉本,佐藤,,,1,2,ヤクルト,S,,5,阪神,T,,,,,,,2塁けん制:ランナー江越帰塁,2 Rui Kensei: Runner Egoshi Kirui,,,,,0,,,,,,,,,,,,,,,,,,,,,,,,,,,,,,,,,,,,,,,,,,,,,,,,2019-02-23 08:00:51+00:00,2019-02-23 08:00:51+00:00,0,7554,139,浦添,2026-10-01T20:50:19.593663
2019,2019022302,2019-02-23 13:00:00+09:00,74431944,310204.0,1,5,オープン戦,3.0,3回表,2,長井,石山,吉本,佐藤,,,1,2,ヤクルト,S,,5,阪神,T,,,,,,,4球目:内角高めの落ちる球を見逃してボール 3-1,4 Tamame: Naikaku Takame no Ochiru Tama wo Minogashite Ball 3-1,,,,,4,,,,,,,,,,,,,,,,,,,,,,,,,,,,,,,,,,,,,,,,,,,,,,,,2019-02-23 08:00:51+00:00,2019-02-23 08:00:51+00:00,0,7554,139,浦添,2026-10-01T20:50:19.593663
2019,2019022302,2019-02-23 13:00:00+09:00,74431945,310205.0,1,5,オープン戦,3.0,3回表,2,長井,石山,吉本,佐藤,,,1,2,ヤクルト,S,,5,阪神,T,,,,,,,5球目:ど真ん中の球を打ってファウル 3-2,5 Tamame: Domannaka no Tama wo Utte Foul 3-2,,,,,5,,,,,,,,,,,,,,,,,,,,,,,,,,,,,,,,,,,,,,,,,,,,,,,,2019-02-23 08:00:51+00:00,2019-02-23 08:00:51+00:00,0,7554,139,浦添,2026-10-01T20:50:19.593663
2019,2019022302,2019-02-23 13:00:00+09:00,74431946,310206.0,1,5,オープン戦,3.0,3回表,2,長井,石山,吉本,佐藤,,,1,2,ヤクルト,S,,5,阪神,T,,,,,,,6球目:ランナー2塁から低めの真っ直ぐを打つもライトフライ,6 Tamame: Runner 2 Rui kara Hikume no Massugu wo Utsu mo Raito Fly,,,,,6,,,,,,,,,,,,,,,,,,,,,,,,,,,,,,,,,,,,,,,,,,,,,,,,2019-02-23 08:00:51+00:00,2019-02-23 08:00:51+00:00,0,7554,139,浦添,2026-10-01T20:50:19.593663
2019,2019022302,2019-02-23 13:00:00+09:00,74431947,310200.0,1,5,オープン戦,3.0,3回表,2,長井,石山,吉本,佐藤,,,1,2,ヤクルト,S,,5,阪神,T,,,,,,,2塁走者江越はタッチアップで3塁をねらうもアウトとなってしまいダブルプレー！ 2アウト,2 Rui Sousha Egoshi wa Touch Up de 3 Rui wo Nerau mo Out to Natte Shimai Double Play! 2 Out,,,,,0,,,,,,,,,,,,,,,,,,,,,,,,,,,,,,,,,,,,,,,,,,,,,,,,2019-02-23 08:00:51+00:00,2019-02-23 08:00:51+00:00,0,7554,139,浦添,2026-10-01T20:50:19.593663
2019,2019022302,2019-02-23 13:00:00+09:00,74431948,310300.0,1,5,オープン戦,3.0,3回表,3,長井,石山,吉本,佐藤,,,1,2,ヤクルト,S,,5,阪神,T,,,,,,,＜2番：糸原＞二死走者なし,<2 Ban: Itohara> Ni Shi Sousha Nashi,,,,,0,,,,,,,,,,,,,,,,,,,,,,,,,,,,,,,,,,,,,,,,,,,,,,,,2019-02-23 08:00:51+00:00,2019-02-23 08:00:51+00:00,0,7554,139,浦添,2026-10-01T20:50:19.593663
2019,2019022302,2019-02-23 13:00:00+09:00,74431949,310301.0,1,5,オープン戦,3.0,3回表,3,長井,石山,吉本,佐藤,,,1,2,ヤクルト,S,,5,阪神,T,,,,,,,1球目:外角高め116キロのカーブを見逃してボール 1-0,1 Tamame: Gaikaku Takame 116 Kilo no Curve wo Minogashite Ball 1-0,,,,,1,,,,,,,,,,,,,,,,,,,,,,,,,,,,,,,,,,,,,,,,,,,,,,,,2019-02-23 08:00:51+00:00,2019-02-23 08:00:51+00:00,0,7554,139,浦添,2026-10-01T20:50:19.593663
2019,2019022302,2019-02-23 13:00:00+09:00,74431950,310302.0,1,5,オープン戦,3.0,3回表,3,長井,石山,吉本,佐藤,,,1,2,ヤクルト,S,,5,阪神,T,,,,,,,2球目:外角高め143キロのストレートを見逃してボール 2-0,2 Tamame: Gaikaku Takame 143 Kilo no Straight wo Minogashite Ball 2-0,,,,,2,,,,,,,,,,,,,,,,,,,,,,,,,,,,,,,,,,,,,,,,,,,,,,,,2019-02-23 08:00:51+00:00,2019-02-23 08:00:51+00:00,0,7554,139,浦添,2026-10-01T20:50:19.593663
2019,2019022302,2019-02-23 13:00:00+09:00,74431951,310303.0,1,5,オープン戦,3.0,3回表,3,長井,石山,吉本,佐藤,,,1,2,ヤクルト,S,,5,阪神,T,,,,,,,3球目:外角のストレートを打つもセカンドゴロ 3アウトチェンジ,3 Tamame: Gaikaku no Straight wo Utsu mo Sekando Grounder 3 Out Change,,,,,3,,,,,,,,,,,,,,,,,,,,,,,,,,,,,,,,,,,,,,,,,,,,,,,,2019-02-23 08:00:51+00:00,2019-02-23 08:00:51+00:00,0,7554,139,浦添,2026-10-01T20:50:19.593663
2019,2019022302,2019-02-23 13:00:00+09:00,74431952,320100.0,1,5,オープン戦,3.0,3回裏,1,長井,石山,吉本,佐藤,,,1,2,ヤクルト,S,,5,阪神,T,,,,,,,3回裏 ヤ2-2神　ヤクルトは4番バレンティンからの攻撃,3 Kai Uraya 2-2 Kami Yakuruto wa 4 Ban Barentin kara no Kougeki,,,,,0,,,,,,,,,,,,,,,,,,,,,,,,,,,,,,,,,,,,,,,,,,,,,,,,2019-02-23 08:00:51+00:00,2019-02-23 08:00:51+00:00,0,7554,139,浦添,2026-10-01T20:50:19.593663
2019,2019022302,2019-02-23 13:00:00+09:00,74431953,320100.0,1,5,オープン戦,3.0,3回裏,1,長井,石山,吉本,佐藤,,,1,2,ヤクルト,S,,5,阪神,T,,,,,,,＜4番：バレンティン＞無死走者なし,<4 Ban: Barentin> Mushi Sousha Nashi,,,,,0,,,,,,,,,,,,,,,,,,,,,,,,,,,,,,,,,,,,,,,,,,,,,,,,2019-02-23 08:00:51+00:00,2019-02-23 08:00:51+00:00,0,7554,139,浦添,2026-10-01T20:50:19.593663
2019,2019022302,2019-02-23 13:00:00+09:00,74431954,320101.0,1,5,オープン戦,3.0,3回裏,1,長井,石山,吉本,佐藤,,,1,2,ヤクルト,S,,5,阪神,T,,,,,,,1球目:外角低めのストレートを見逃してストライク 0-1,1 Tamame: Gaikaku Hikume no Straight wo Minogashite Strike 0-1,,,,,1,,,,,,,,,,,,,,,,,,,,,,,,,,,,,,,,,,,,,,,,,,,,,,,,2019-02-23 08:00:51+00:00,2019-02-23 08:00:51+00:00,0,7554,139,浦添,2026-10-01T20:50:19.593663
2019,2019022302,2019-02-23 13:00:00+09:00,74431955,320102.0,1,5,オープン戦,3.0,3回裏,1,長井,石山,吉本,佐藤,,,1,2,ヤクルト,S,,5,阪神,T,,,,,,,2球目:外角のストレートを打ってファウル 0-2,2 Tamame: Gaikaku no Straight wo Utte Foul 0-2,,,,,2,,,,,,,,,,,,,,,,,,,,,,,,,,,,,,,,,,,,,,,,,,,,,,,,2019-02-23 08:00:51+00:00,2019-02-23 08:00:51+00:00,0,7554,139,浦添,2026-10-01T20:50:19.593663
2019,2019022302,2019-02-23 13:00:00+09:00,74431956,320103.0,1,5,オープン戦,3.0,3回裏,1,長井,石山,吉本,佐藤,,,1,2,ヤクルト,S,,5,阪神,T,,,,,,,3球目:外角低めのストレートを見逃してボール 1-2,3 Tamame: Gaikaku Hikume no Straight wo Minogashite Ball 1-2,,,,,3,,,,,,,,,,,,,,,,,,,,,,,,,,,,,,,,,,,,,,,,,,,,,,,,2019-02-23 08:00:51+00:00,2019-02-23 08:00:51+00:00,0,7554,139,浦添,2026-10-01T20:50:19.593663
2019,2019022302,2019-02-23 13:00:00+09:00,74431957,320104.0,1,5,オープン戦,3.0,3回裏,1,長井,石山,吉本,佐藤,,,1,2,ヤクルト,S,,5,阪神,T,,,,,,,4球目:レフトへのツーベース 2塁,4 Tamame: Left e no Two Base 2 Rui,,,,,4,,,,,,,,,,,,,,,,,,,,,,,,,,,,,,,,,,,,,,,,,,,,,,,,2019-02-23 08:00:51+00:00,2019-02-23 08:00:51+00:00,0,7554,139,浦添,2026-10-01T20:50:19.593663
2019,2019022302,2019-02-23 13:00:00+09:00,74431958,320200.0,1,5,オープン戦,3.0,3回裏,2,長井,石山,吉本,佐藤,,,1,2,ヤクルト,S,,5,阪神,T,,,,,,,2塁バレンティン→代走:渡邉,2 Rui Barentin Daisou: Watanabe,,,,,0,,,,,,,,,,,,,,,,,,,,,,,,,,,,,,,,,,,,,,,,,,,,,,,,2019-02-23 08:00:51+00:00,2019-02-23 08:00:51+00:00,0,7554,139,浦添,2026-10-01T20:50:19.593663
2019,2019022302,2019-02-23 13:00:00+09:00,74431959,320200.0,1,5,オープン戦,3.0,3回裏,2,長井,石山,吉本,佐藤,,,1,2,ヤクルト,S,,5,阪神,T,,,,,,,＜5番：雄平＞無死2塁,<5 Ban: Yuuhei> Mushi 2 Rui,,,,,0,,,,,,,,,,,,,,,,,,,,,,,,,,,,,,,,,,,,,,,,,,,,,,,,2019-02-23 08:00:51+00:00,2019-02-23 08:00:51+00:00,0,7554,139,浦添,2026-10-01T20:50:19.593663
2019,2019022302,2019-02-23 13:00:00+09:00,74431960,320201.0,1,5,オープン戦,3.0,3回裏,2,長井,石山,吉本,佐藤,,,1,2,ヤクルト,S,,5,阪神,T,,,,,,,1球目:外角のストレートを見逃してボール 1-0,1 Tamame: Gaikaku no Straight wo Minogashite Ball 1-0,,,,,1,,,,,,,,,,,,,,,,,,,,,,,,,,,,,,,,,,,,,,,,,,,,,,,,2019-02-23 08:00:51+00:00,2019-02-23 08:00:51+00:00,0,7554,139,浦添,2026-10-01T20:50:19.593663
2019,2019022302,2019-02-23 13:00:00+09:00,74431961,320202.0,1,5,オープン戦,3.0,3回裏,2,長井,石山,吉本,佐藤,,,1,2,ヤクルト,S,,5,阪神,T,,,,,,,"2球目:ランナー2塁からライトへのヒットを放つ 1,3塁","2 Tamame: Runner 2 Rui kara Raito e no Hit wo Hanatsu 1,3 Rui",,,,,2,,,,,,,,,,,,,,,,,,,,,,,,,,,,,,,,,,,,,,,,,,,,,,,,2019-02-23 08:00:51+00:00,2019-02-23 08:00:51+00:00,0,7554,139,浦添,2026-10-01T20:50:19.593663
2019,2019022302,2019-02-23 13:00:00+09:00,74431962,320300.0,1,5,オープン戦,3.0,3回裏,3,長井,石山,吉本,佐藤,,,1,2,ヤクルト,S,,5,阪神,T,,,,,,,1塁雄平→代走:上田,1 Rui Yuuhei Daisou: Ueda,,,,,0,,,,,,,,,,,,,,,,,,,,,,,,,,,,,,,,,,,,,,,,,,,,,,,,2019-02-23 08:00:51+00:00,2019-02-23 08:00:51+00:00,0,7554,139,浦添,2026-10-01T20:50:19.593663
2019,2019022302,2019-02-23 13:00:00+09:00,74431963,320300.0,1,5,オープン戦,3.0,3回裏,3,長井,石山,吉本,佐藤,,,1,2,ヤクルト,S,,5,阪神,T,,,,,,,"＜6番：村上＞無死1,3塁","<6 Ban: Murakami> Mushi 1,3 Rui",,,,,0,,,,,,,,,,,,,,,,,,,,,,,,,,,,,,,,,,,,,,,,,,,,,,,,2019-02-23 08:00:51+00:00,2019-02-23 08:00:51+00:00,0,7554,139,浦添,2026-10-01T20:50:19.593663
2019,2019022302,2019-02-23 13:00:00+09:00,74431964,320300.0,1,5,オープン戦,3.0,3回裏,3,長井,石山,吉本,佐藤,,,1,2,ヤクルト,S,,5,阪神,T,,,,,,,1塁けん制:ランナー上田帰塁,1 Rui Kensei: Runner Ueda Kirui,,,,,0,,,,,,,,,,,,,,,,,,,,,,,,,,,,,,,,,,,,,,,,,,,,,,,,2019-02-23 08:00:51+00:00,2019-02-23 08:00:51+00:00,0,7554,139,浦添,2026-10-01T20:50:19.593663
2019,2019022302,2019-02-23 13:00:00+09:00,74431965,320301.0,1,5,オープン戦,3.0,3回裏,3,長井,石山,吉本,佐藤,,,1,2,ヤクルト,S,,5,阪神,T,,,,,,,1球目:初球から打ちにいくもファウル 0-1,1 Tamame: Shokyuu kara Uchi ni Iku mo Foul 0-1,,,,,1,,,,,,,,,,,,,,,,,,,,,,,,,,,,,,,,,,,,,,,,,,,,,,,,2019-02-23 08:00:51+00:00,2019-02-23 08:00:51+00:00,0,7554,139,浦添,2026-10-01T20:50:19.593663
2019,2019022302,2019-02-23 13:00:00+09:00,74431966,320302.0,1,5,オープン戦,3.0,3回裏,3,長井,石山,吉本,佐藤,,,1,2,ヤクルト,S,,5,阪神,T,,,,,,,2球目:ランナーがスタートを切るも打球はファウルゾーンへ 0-2,2 Tamame: Runner ga Start wo Kiru mo Dakyuu wa Foul Zone e 0-2,,,,,2,,,,,,,,,,,,,,,,,,,,,,,,,,,,,,,,,,,,,,,,,,,,,,,,2019-02-23 08:00:51+00:00,2019-02-23 08:00:51+00:00,0,7554,139,浦添,2026-10-01T20:50:19.593663
2019,2019022302,2019-02-23 13:00:00+09:00,74431967,320303.0,1,5,オープン戦,3.0,3回裏,3,長井,石山,吉本,佐藤,,,1,2,ヤクルト,S,,5,阪神,T,,,,,,,3球目:外角低めの落ちる球を見逃してボール 1-2,3 Tamame: Gaikaku Hikume no Ochiru Tama wo Minogashite Ball 1-2,,,,,3,,,,,,,,,,,,,,,,,,,,,,,,,,,,,,,,,,,,,,,,,,,,,,,,2019-02-23 08:00:51+00:00,2019-02-23 08:00:51+00:00,0,7554,139,浦添,2026-10-01T20:50:19.593663
2019,2019022302,2019-02-23 13:00:00+09:00,74431968,320304.0,1,5,オープン戦,3.0,3回裏,3,長井,石山,吉本,佐藤,,,1,2,ヤクルト,S,,5,阪神,T,,,,,,,4球目:甘い変化球を打ってファウル 1-2,4 Tamame: Amai Henka Kyuu wo Utte Foul 1-2,,,,,4,,,,,,,,,,,,,,,,,,,,,,,,,,,,,,,,,,,,,,,,,,,,,,,,2019-02-23 08:00:51+00:00,2019-02-23 08:00:51+00:00,0,7554,139,浦添,2026-10-01T20:50:19.593663
2019,2019022302,2019-02-23 13:00:00+09:00,74431969,320300.0,1,5,オープン戦,3.0,3回裏,3,長井,石山,吉本,佐藤,,,1,2,ヤクルト,S,,5,阪神,T,,,,,,,1塁けん制:ランナー上田帰塁,1 Rui Kensei: Runner Ueda Kirui,,,,,0,,,,,,,,,,,,,,,,,,,,,,,,,,,,,,,,,,,,,,,,,,,,,,,,2019-02-23 08:00:51+00:00,2019-02-23 08:00:51+00:00,0,7554,139,浦添,2026-10-01T20:50:19.593663
2019,2019022302,2019-02-23 13:00:00+09:00,74431970,320305.0,1,5,オープン戦,3.0,3回裏,3,長井,石山,吉本,佐藤,,,1,2,ヤクルト,S,,5,阪神,T,,,,,,,5球目:高め141キロのストレートを見逃してボール 2-2,5 Tamame: Takame 141 Kilo no Straight wo Minogashite Ball 2-2,,,,,5,,,,,,,,,,,,,,,,,,,,,,,,,,,,,,,,,,,,,,,,,,,,,,,,2019-02-23 08:00:51+00:00,2019-02-23 08:00:51+00:00,0,7554,139,浦添,2026-10-01T20:50:19.593663
2019,2019022302,2019-02-23 13:00:00+09:00,74431971,320306.0,1,5,オープン戦,3.0,3回裏,3,長井,石山,吉本,佐藤,,,1,2,ヤクルト,S,,5,阪神,T,,,,,,,6球目:内角144キロのストレートを打ってファウル 2-2,6 Tamame: Naikaku 144 Kilo no Straight wo Utte Foul 2-2,,,,,6,,,,,,,,,,,,,,,,,,,,,,,,,,,,,,,,,,,,,,,,,,,,,,,,2019-02-23 08:00:51+00:00,2019-02-23 08:00:51+00:00,0,7554,139,浦添,2026-10-01T20:50:19.593663
2019,2019022302,2019-02-23 13:00:00+09:00,74431972,320307.0,1,5,オープン戦,3.0,3回裏,3,長井,石山,吉本,佐藤,,,1,2,ヤクルト,S,,5,阪神,T,,,,,,,7球目:外角のストレートを見逃してボール 3-2,7 Tamame: Gaikaku no Straight wo Minogashite Ball 3-2,,,,,7,,,,,,,,,,,,,,,,,,,,,,,,,,,,,,,,,,,,,,,,,,,,,,,,2019-02-23 08:00:51+00:00,2019-02-23 08:00:51+00:00,0,7554,139,浦添,2026-10-01T20:50:19.593663
2019,2019022302,2019-02-23 13:00:00+09:00,74431973,320308.0,1,5,オープン戦,3.0,3回裏,3,長井,石山,吉本,佐藤,,,1,2,ヤクルト,S,,5,阪神,T,,,,,,,8球目:ランナーがスタートを切るも打球はファウルゾーンへ 3-2,8 Tamame: Runner ga Start wo Kiru mo Dakyuu wa Foul Zone e 3-2,,,,,8,,,,,,,,,,,,,,,,,,,,,,,,,,,,,,,,,,,,,,,,,,,,,,,,2019-02-23 08:00:51+00:00,2019-02-23 08:00:51+00:00,0,7554,139,浦添,2026-10-01T20:50:19.593663
2019,2019022302,2019-02-23 13:00:00+09:00,74431974,320309.0,1,5,オープン戦,3.0,3回裏,3,長井,石山,吉本,佐藤,,,1,2,ヤクルト,S,,5,阪神,T,,,,,,,"9球目:空振り三振に倒れるもスタートを切っていた一塁走者上田が盗塁成功 1アウト2,3塁","9 Tamame: Karaburi Sanshin ni Taoreru mo Start wo Kitte Ita Ichirui Sousha Ueda ga Tourui Seikou 1 Out 2,3 Rui",,,,,9,,,,,,,,,,,,,,,,,,,,,,,,,,,,,,,,,,,,,,,,,,,,,,,,2019-02-23 08:00:51+00:00,2019-02-23 08:00:51+00:00,0,7554,139,浦添,2026-10-01T20:50:19.593663
2019,2019022302,2019-02-23 13:00:00+09:00,74431975,320400.0,1,5,オープン戦,3.0,3回裏,4,長井,石山,吉本,佐藤,,,1,2,ヤクルト,S,,5,阪神,T,,,,,,,"＜7番：西浦＞一死2,3塁","<7 Ban: Nishinoura> Ichi Shi 2,3 Rui",,,,,0,,,,,,,,,,,,,,,,,,,,,,,,,,,,,,,,,,,,,,,,,,,,,,,,2019-02-23 08:00:51+00:00,2019-02-23 08:00:51+00:00,0,7554,139,浦添,2026-10-01T20:50:19.593663
2019,2019022302,2019-02-23 13:00:00+09:00,74431976,320401.0,1,5,オープン戦,3.0,3回裏,4,長井,石山,吉本,佐藤,,,1,2,ヤクルト,S,,5,阪神,T,,,,,,,1球目:内角低め130キロのフォークにハーフスイングをとられストライク 0-1,1 Tamame: Naikaku Hikume 130 Kilo no Fork ni Half Swing wo Torare Strike 0-1,,,,,1,,,,,,,,,,,,,,,,,,,,,,,,,,,,,,,,,,,,,,,,,,,,,,,,2019-02-23 08:00:51+00:00,2019-02-23 08:00:51+00:00,0,7554,139,浦添,2026-10-01T20:50:19.593663
2019,2019022302,2019-02-23 13:00:00+09:00,74431977,320402.0,1,5,オープン戦,3.0,3回裏,4,長井,石山,吉本,佐藤,,,1,2,ヤクルト,S,,5,阪神,T,,,,,,,2球目:ワンバウンドのフォークを見逃してボール 1-1,2 Tamame: One Bound no Fork wo Minogashite Ball 1-1,,,,,2,,,,,,,,,,,,,,,,,,,,,,,,,,,,,,,,,,,,,,,,,,,,,,,,2019-02-23 08:00:51+00:00,2019-02-23 08:00:51+00:00,0,7554,139,浦添,2026-10-01T20:50:19.593663
2019,2019022302,2019-02-23 13:00:00+09:00,74431978,320403.0,1,5,オープン戦,3.0,3回裏,4,長井,石山,吉本,佐藤,,,1,2,ヤクルト,S,,5,阪神,T,,,,,,,3球目:外角134キロのスライダーを打ってファウル 1-2,3 Tamame: Gaikaku 134 Kilo no Slider wo Utte Foul 1-2,,,,,3,,,,,,,,,,,,,,,,,,,,,,,,,,,,,,,,,,,,,,,,,,,,,,,,2019-02-23 08:00:51+00:00,2019-02-23 08:00:51+00:00,0,7554,139,浦添,2026-10-01T20:50:19.593663
2019,2019022302,2019-02-23 13:00:00+09:00,74431979,320404.0,1,5,オープン戦,3.0,3回裏,4,長井,石山,吉本,佐藤,,,1,2,ヤクルト,S,,5,阪神,T,,,,,,,4球目:ファーストゴロの間にヤクルト1点をあげる ヤ3-2神 2アウト3塁,4 Tamame: First Grounder no Aida ni Yakuruto 1 Ten wo Ageruya 3-2 Kami 2 Out 3 Rui,,,,,4,,,,,,,,,,,,,,,,,,,,,,,,,,,,,,,,,,,,,,,,,,,,,,,,2019-02-23 08:00:51+00:00,2019-02-23 08:00:51+00:00,0,7554,139,浦添,2026-10-01T20:50:19.593663
2019,2019022302,2019-02-23 13:00:00+09:00,74431980,320500.0,1,5,オープン戦,3.0,3回裏,5,長井,石山,吉本,佐藤,,,1,2,ヤクルト,S,,5,阪神,T,,,,,,,＜8番：中村＞二死3塁,<8 Ban: Nakamura> Ni Shi 3 Rui,,,,,0,,,,,,,,,,,,,,,,,,,,,,,,,,,,,,,,,,,,,,,,,,,,,,,,2019-02-23 08:00:51+00:00,2019-02-23 08:00:51+00:00,0,7554,139,浦添,2026-10-01T20:50:19.593663
2019,2019022302,2019-02-23 13:00:00+09:00,74431981,320501.0,1,5,オープン戦,3.0,3回裏,5,長井,石山,吉本,佐藤,,,1,2,ヤクルト,S,,5,阪神,T,,,,,,,1球目:ファウルフライを坂本(捕)がつかんでバッターアウト 3アウトチェンジ,1 Tamame: Foul Fly wo Sakamoto (Ho) ga Tsukande Batter Out 3 Out Change,,,,,1,,,,,,,,,,,,,,,,,,,,,,,,,,,,,,,,,,,,,,,,,,,,,,,,2019-02-23 08:00:51+00:00,2019-02-23 08:00:51+00:00,0,7554,139,浦添,2026-10-01T20:50:19.593663
2019,2019022302,2019-02-23 13:00:00+09:00,74431982,410100.0,1,5,オープン戦,4.0,4回表,1,長井,石山,吉本,佐藤,,,1,2,ヤクルト,S,,5,阪神,T,,,,,,,4回表 ヤ3-2神　阪神は3番ナバーロからの攻撃,4 Kai Hyouya 3-2 Shin Hanshin wa 3 Ban Nabaaro kara no Kougeki,,,,,0,,,,,,,,,,,,,,,,,,,,,,,,,,,,,,,,,,,,,,,,,,,,,,,,2019-02-23 08:00:51+00:00,2019-02-23 08:00:51+00:00,0,7554,139,浦添,2026-10-01T20:50:19.593663
2019,2019022302,2019-02-23 13:00:00+09:00,74431983,410100.0,1,5,オープン戦,4.0,4回表,1,長井,石山,吉本,佐藤,,,1,2,ヤクルト,S,,5,阪神,T,,,,,,,守備変更:上田→ライト,Shubi Henkou: Ueda Raito,,,,,0,,,,,,,,,,,,,,,,,,,,,,,,,,,,,,,,,,,,,,,,,,,,,,,,2019-02-23 08:00:51+00:00,2019-02-23 08:00:51+00:00,0,7554,139,浦添,2026-10-01T20:50:19.593663
2019,2019022302,2019-02-23 13:00:00+09:00,74431984,410100.0,1,5,オープン戦,4.0,4回表,1,長井,石山,吉本,佐藤,,,1,2,ヤクルト,S,,5,阪神,T,,,,,,,＜3番：ナバーロ＞無死走者なし,<3 Ban: Nabaaro> Mushi Sousha Nashi,,,,,0,,,,,,,,,,,,,,,,,,,,,,,,,,,,,,,,,,,,,,,,,,,,,,,,2019-02-23 08:00:51+00:00,2019-02-23 08:00:51+00:00,0,7554,139,浦添,2026-10-01T20:50:19.593663
2019,2019022302,2019-02-23 13:00:00+09:00,74431985,410101.0,1,5,オープン戦,4.0,4回表,1,長井,石山,吉本,佐藤,,,1,2,ヤクルト,S,,5,阪神,T,,,,,,,1球目:外角高めのストレートを見逃してボール 1-0,1 Tamame: Gaikaku Takame no Straight wo Minogashite Ball 1-0,,,,,1,,,,,,,,,,,,,,,,,,,,,,,,,,,,,,,,,,,,,,,,,,,,,,,,2019-02-23 08:00:51+00:00,2019-02-23 08:00:51+00:00,0,7554,139,浦添,2026-10-01T20:50:19.593663
2019,2019022302,2019-02-23 13:00:00+09:00,74431986,410102.0,1,5,オープン戦,4.0,4回表,1,長井,石山,吉本,佐藤,,,1,2,ヤクルト,S,,5,阪神,T,,,,,,,2球目:外角高め138キロのストレートを見逃してボール 2-0,2 Tamame: Gaikaku Takame 138 Kilo no Straight wo Minogashite Ball 2-0,,,,,2,,,,,,,,,,,,,,,,,,,,,,,,,,,,,,,,,,,,,,,,,,,,,,,,2019-02-23 08:00:51+00:00,2019-02-23 08:00:51+00:00,0,7554,139,浦添,2026-10-01T20:50:19.593663
2019,2019022302,2019-02-23 13:00:00+09:00,74431987,410103.0,1,5,オープン戦,4.0,4回表,1,長井,石山,吉本,佐藤,,,1,2,ヤクルト,S,,5,阪神,T,,,,,,,3球目:ど真ん中のストレートを打つもライトフライ 1アウト,3 Tamame: Domannaka no Straight wo Utsu mo Raito Fly 1 Out,,,,,3,,,,,,,,,,,,,,,,,,,,,,,,,,,,,,,,,,,,,,,,,,,,,,,,2019-02-23 08:00:51+00:00,2019-02-23 08:00:51+00:00,0,7554,139,浦添,2026-10-01T20:50:19.593663
2019,2019022302,2019-02-23 13:00:00+09:00,74431988,410200.0,1,5,オープン戦,4.0,4回表,2,長井,石山,吉本,佐藤,,,1,2,ヤクルト,S,,5,阪神,T,,,,,,,＜4番：大山＞一死走者なし,<4 Ban: Daisen> Ichi Shi Sousha Nashi,,,,,0,,,,,,,,,,,,,,,,,,,,,,,,,,,,,,,,,,,,,,,,,,,,,,,,2019-02-23 08:00:51+00:00,2019-02-23 08:00:51+00:00,0,7554,139,浦添,2026-10-01T20:50:19.593663
2019,2019022302,2019-02-23 13:00:00+09:00,74431989,410201.0,1,5,オープン戦,4.0,4回表,2,長井,石山,吉本,佐藤,,,1,2,ヤクルト,S,,5,阪神,T,,,,,,,1球目:内角高めのストレートを見逃してボール 1-0,1 Tamame: Naikaku Takame no Straight wo Minogashite Ball 1-0,,,,,1,,,,,,,,,,,,,,,,,,,,,,,,,,,,,,,,,,,,,,,,,,,,,,,,2019-02-23 08:00:51+00:00,2019-02-23 08:00:51+00:00,0,7554,139,浦添,2026-10-01T20:50:19.593663
2019,2019022302,2019-02-23 13:00:00+09:00,74431990,410202.0,1,5,オープン戦,4.0,4回表,2,長井,石山,吉本,佐藤,,,1,2,ヤクルト,S,,5,阪神,T,,,,,,,2球目:低め126キロのスライダーを見逃してボール 2-0,2 Tamame: Hikume 126 Kilo no Slider wo Minogashite Ball 2-0,,,,,2,,,,,,,,,,,,,,,,,,,,,,,,,,,,,,,,,,,,,,,,,,,,,,,,2019-02-23 08:00:51+00:00,2019-02-23 08:00:51+00:00,0,7554,139,浦添,2026-10-01T20:50:19.593663
2019,2019022302,2019-02-23 13:00:00+09:00,74431991,410203.0,1,5,オープン戦,4.0,4回表,2,長井,石山,吉本,佐藤,,,1,2,ヤクルト,S,,5,阪神,T,,,,,,,3球目:外角125キロのスライダーを見逃してボール 3-0,3 Tamame: Gaikaku 125 Kilo no Slider wo Minogashite Ball 3-0,,,,,3,,,,,,,,,,,,,,,,,,,,,,,,,,,,,,,,,,,,,,,,,,,,,,,,2019-02-23 08:00:51+00:00,2019-02-23 08:00:51+00:00,0,7554,139,浦添,2026-10-01T20:50:19.593663
2019,2019022302,2019-02-23 13:00:00+09:00,74431992,410204.0,1,5,オープン戦,4.0,4回表,2,長井,石山,吉本,佐藤,,,1,2,ヤクルト,S,,5,阪神,T,,,,,,,4球目:高めのストレートを打ってファウル 3-1,4 Tamame: Takame no Straight wo Utte Foul 3-1,,,,,4,,,,,,,,,,,,,,,,,,,,,,,,,,,,,,,,,,,,,,,,,,,,,,,,2019-02-23 08:00:51+00:00,2019-02-23 08:00:51+00:00,0,7554,139,浦添,2026-10-01T20:50:19.593663
2019,2019022302,2019-02-23 13:00:00+09:00,74431993,410205.0,1,5,オープン戦,4.0,4回表,2,長井,石山,吉本,佐藤,,,1,2,ヤクルト,S,,5,阪神,T,,,,,,,5球目:内角の落ちる球を見逃し四球を選ぶ 1塁,5 Tamame: Naikaku no Ochiru Tama wo Minogashi Shikyuu wo Erabu 1 Rui,,,,,5,,,,,,,,,,,,,,,,,,,,,,,,,,,,,,,,,,,,,,,,,,,,,,,,2019-02-23 08:00:51+00:00,2019-02-23 08:00:51+00:00,0,7554,139,浦添,2026-10-01T20:50:19.593663
2019,2019022302,2019-02-23 13:00:00+09:00,74431994,410300.0,1,5,オープン戦,4.0,4回表,3,長井,石山,吉本,佐藤,,,1,2,ヤクルト,S,,5,阪神,T,,,,,,,＜5番：マルテ＞一死1塁,<5 Ban: Malte> Ichi Shi 1 Rui,,,,,0,,,,,,,,,,,,,,,,,,,,,,,,,,,,,,,,,,,,,,,,,,,,,,,,2019-02-23 08:00:51+00:00,2019-02-23 08:00:51+00:00,0,7554,139,浦添,2026-10-01T20:50:19.593663
2019,2019022302,2019-02-23 13:00:00+09:00,74431995,410301.0,1,5,オープン戦,4.0,4回表,3,長井,石山,吉本,佐藤,,,1,2,ヤクルト,S,,5,阪神,T,,,,,,,1球目:内角高めのストレートを見逃してストライク 0-1,1 Tamame: Naikaku Takame no Straight wo Minogashite Strike 0-1,,,,,1,,,,,,,,,,,,,,,,,,,,,,,,,,,,,,,,,,,,,,,,,,,,,,,,2019-02-23 08:00:51+00:00,2019-02-23 08:00:51+00:00,0,7554,139,浦添,2026-10-01T20:50:19.593663
2019,2019022302,2019-02-23 13:00:00+09:00,74431996,410300.0,1,5,オープン戦,4.0,4回表,3,長井,石山,吉本,佐藤,,,1,2,ヤクルト,S,,5,阪神,T,,,,,,,1塁けん制:ランナー大山帰塁,1 Rui Kensei: Runner Daisen Kirui,,,,,0,,,,,,,,,,,,,,,,,,,,,,,,,,,,,,,,,,,,,,,,,,,,,,,,2019-02-23 08:00:51+00:00,2019-02-23 08:00:51+00:00,0,7554,139,浦添,2026-10-01T20:50:19.593663
2019,2019022302,2019-02-23 13:00:00+09:00,74431997,410302.0,1,5,オープン戦,4.0,4回表,3,長井,石山,吉本,佐藤,,,1,2,ヤクルト,S,,5,阪神,T,,,,,,,2球目:内角低め136キロのストレートを見逃してストライク 0-2,2 Tamame: Naikaku Hikume 136 Kilo no Straight wo Minogashite Strike 0-2,,,,,2,,,,,,,,,,,,,,,,,,,,,,,,,,,,,,,,,,,,,,,,,,,,,,,,2019-02-23 08:00:51+00:00,2019-02-23 08:00:51+00:00,0,7554,139,浦添,2026-10-01T20:50:19.593663
2019,2019022302,2019-02-23 13:00:00+09:00,74431998,410303.0,1,5,オープン戦,4.0,4回表,3,長井,石山,吉本,佐藤,,,1,2,ヤクルト,S,,5,阪神,T,,,,,,,3球目:高めのストレートを見逃してボール 1-2,3 Tamame: Takame no Straight wo Minogashite Ball 1-2,,,,,3,,,,,,,,,,,,,,,,,,,,,,,,,,,,,,,,,,,,,,,,,,,,,,,,2019-02-23 08:00:51+00:00,2019-02-23 08:00:51+00:00,0,7554,139,浦添,2026-10-01T20:50:19.593663
2019,2019022302,2019-02-23 13:00:00+09:00,74431999,410304.0,1,5,オープン戦,4.0,4回表,3,長井,石山,吉本,佐藤,,,1,2,ヤクルト,S,,5,阪神,T,,,,,,,4球目:内角のスライダーに空振り三振でバッターアウト 2アウト,4 Tamame: Naikaku no Slider ni Karaburi Sanshin de Batter Out 2 Out,,,,,4,,,,,,,,,,,,,,,,,,,,,,,,,,,,,,,,,,,,,,,,,,,,,,,,2019-02-23 08:00:51+00:00,2019-02-23 08:00:51+00:00,0,7554,139,浦添,2026-10-01T20:50:19.593663
2019,2019022302,2019-02-23 13:00:00+09:00,74432000,410400.0,1,5,オープン戦,4.0,4回表,4,長井,石山,吉本,佐藤,,,1,2,ヤクルト,S,,5,阪神,T,,,,,,,＜6番：中谷＞二死1塁,<6 Ban: Nakatani> Ni Shi 1 Rui,,,,,0,,,,,,,,,,,,,,,,,,,,,,,,,,,,,,,,,,,,,,,,,,,,,,,,2019-02-23 08:00:51+00:00,2019-02-23 08:00:51+00:00,0,7554,139,浦添,2026-10-01T20:50:19.593663
2019,2019022302,2019-02-23 13:00:00+09:00,74432001,410400.0,1,5,オープン戦,4.0,4回表,4,長井,石山,吉本,佐藤,,,1,2,ヤクルト,S,,5,阪神,T,,,,,,,1塁けん制:ランナー大山帰塁,1 Rui Kensei: Runner Daisen Kirui,,,,,0,,,,,,,,,,,,,,,,,,,,,,,,,,,,,,,,,,,,,,,,,,,,,,,,2019-02-23 08:00:51+00:00,2019-02-23 08:00:51+00:00,0,7554,139,浦添,2026-10-01T20:50:19.593663
2019,2019022302,2019-02-23 13:00:00+09:00,74432002,410401.0,1,5,オープン戦,4.0,4回表,4,長井,石山,吉本,佐藤,,,1,2,ヤクルト,S,,5,阪神,T,,,,,,,1球目:高めのカーブを打ちにいくもファウル 0-1,1 Tamame: Takame no Curve wo Uchi ni Iku mo Foul 0-1,,,,,1,,,,,,,,,,,,,,,,,,,,,,,,,,,,,,,,,,,,,,,,,,,,,,,,2019-02-23 08:00:51+00:00,2019-02-23 08:00:51+00:00,0,7554,139,浦添,2026-10-01T20:50:19.593663
2019,2019022302,2019-02-23 13:00:00+09:00,74432003,410402.0,1,5,オープン戦,4.0,4回表,4,長井,石山,吉本,佐藤,,,1,2,ヤクルト,S,,5,阪神,T,,,,,,,2球目:外角高め128キロのフォークにハーフスイングをとられストライク 0-2,2 Tamame: Gaikaku Takame 128 Kilo no Fork ni Half Swing wo Torare Strike 0-2,,,,,2,,,,,,,,,,,,,,,,,,,,,,,,,,,,,,,,,,,,,,,,,,,,,,,,2019-02-23 08:00:51+00:00,2019-02-23 08:00:51+00:00,0,7554,139,浦添,2026-10-01T20:50:19.593663
2019,2019022302,2019-02-23 13:00:00+09:00,74432004,410403.0,1,5,オープン戦,4.0,4回表,4,長井,石山,吉本,佐藤,,,1,2,ヤクルト,S,,5,阪神,T,,,,,,,3球目:低めのフォークを打ってファウル 0-2,3 Tamame: Hikume no Fork wo Utte Foul 0-2,,,,,3,,,,,,,,,,,,,,,,,,,,,,,,,,,,,,,,,,,,,,,,,,,,,,,,2019-02-23 08:00:51+00:00,2019-02-23 08:00:51+00:00,0,7554,139,浦添,2026-10-01T20:50:19.593663
2019,2019022302,2019-02-23 13:00:00+09:00,74432005,410404.0,1,5,オープン戦,4.0,4回表,4,長井,石山,吉本,佐藤,,,1,2,ヤクルト,S,,5,阪神,T,,,,,,,4球目:ワンバウンドのフォークを見逃してボール 1-2,4 Tamame: One Bound no Fork wo Minogashite Ball 1-2,,,,,4,,,,,,,,,,,,,,,,,,,,,,,,,,,,,,,,,,,,,,,,,,,,,,,,2019-02-23 08:00:51+00:00,2019-02-23 08:00:51+00:00,0,7554,139,浦添,2026-10-01T20:50:19.593663
2019,2019022302,2019-02-23 13:00:00+09:00,74432006,410400.0,1,5,オープン戦,4.0,4回表,4,長井,石山,吉本,佐藤,,,1,2,ヤクルト,S,,5,阪神,T,,,,,,,1塁けん制:ランナー大山帰塁,1 Rui Kensei: Runner Daisen Kirui,,,,,0,,,,,,,,,,,,,,,,,,,,,,,,,,,,,,,,,,,,,,,,,,,,,,,,2019-02-23 08:00:51+00:00,2019-02-23 08:00:51+00:00,0,7554,139,浦添,2026-10-01T20:50:19.593663
2019,2019022302,2019-02-23 13:00:00+09:00,74432007,410405.0,1,5,オープン戦,4.0,4回表,4,長井,石山,吉本,佐藤,,,1,2,ヤクルト,S,,5,阪神,T,,,,,,,5球目:内角低めの落ちる球を見逃してボール 2-2,5 Tamame: Naikaku Hikume no Ochiru Tama wo Minogashite Ball 2-2,,,,,5,,,,,,,,,,,,,,,,,,,,,,,,,,,,,,,,,,,,,,,,,,,,,,,,2019-02-23 08:00:51+00:00,2019-02-23 08:00:51+00:00,0,7554,139,浦添,2026-10-01T20:50:19.593663
2019,2019022302,2019-02-23 13:00:00+09:00,74432008,410400.0,1,5,オープン戦,4.0,4回表,4,長井,石山,吉本,佐藤,,,1,2,ヤクルト,S,,5,阪神,T,,,,,,,一塁走者大山:盗塁を試みるもアウト 3アウトチェンジ,Ichirui Sousha Daisen: Tourui wo Kokoromiru mo Out 3 Out Change,,,,,0,,,,,,,,,,,,,,,,,,,,,,,,,,,,,,,,,,,,,,,,,,,,,,,,2019-02-23 08:00:51+00:00,2019-02-23 08:00:51+00:00,0,7554,139,浦添,2026-10-01T20:50:19.593663
2019,2019022302,2019-02-23 13:00:00+09:00,74432009,420100.0,1,5,オープン戦,4.0,4回裏,1,長井,石山,吉本,佐藤,,,1,2,ヤクルト,S,,5,阪神,T,,,,,,,4回裏 ヤ3-2神　ヤクルトは9番塩見からの攻撃,4 Kai Uraya 3-2 Kami Yakuruto wa 9 Ban Shiomi kara no Kougeki,,,,,0,,,,,,,,,,,,,,,,,,,,,,,,,,,,,,,,,,,,,,,,,,,,,,,,2019-02-23 08:00:51+00:00,2019-02-23 08:00:51+00:00,0,7554,139,浦添,2026-10-01T20:50:19.593663
2019,2019022302,2019-02-23 13:00:00+09:00,74432010,420100.0,1,5,オープン戦,4.0,4回裏,1,長井,石山,吉本,佐藤,,,1,2,ヤクルト,S,,5,阪神,T,,,,,,,守備交代:レフト近本　守備変更:中谷レフト→ファースト,Shubi Koutai: Left Kinhonshubi Henkou: Nakatani Left First,,,,,0,,,,,,,,,,,,,,,,,,,,,,,,,,,,,,,,,,,,,,,,,,,,,,,,2019-02-23 08:00:51+00:00,2019-02-23 08:00:51+00:00,0,7554,139,浦添,2026-10-01T20:50:19.593663
2019,2019022302,2019-02-23 13:00:00+09:00,74432011,420100.0,1,5,オープン戦,4.0,4回裏,1,長井,石山,吉本,佐藤,,,1,2,ヤクルト,S,,5,阪神,T,,,,,,,＜9番：塩見＞無死走者なし,<9 Ban: Shiomi> Mushi Sousha Nashi,,,,,0,,,,,,,,,,,,,,,,,,,,,,,,,,,,,,,,,,,,,,,,,,,,,,,,2019-02-23 08:00:51+00:00,2019-02-23 08:00:51+00:00,0,7554,139,浦添,2026-10-01T20:50:19.593663
2019,2019022302,2019-02-23 13:00:00+09:00,74432012,420101.0,1,5,オープン戦,4.0,4回裏,1,長井,石山,吉本,佐藤,,,1,2,ヤクルト,S,,5,阪神,T,,,,,,,1球目:外角132キロのストレートを見逃してストライク 0-1,1 Tamame: Gaikaku 132 Kilo no Straight wo Minogashite Strike 0-1,,,,,1,,,,,,,,,,,,,,,,,,,,,,,,,,,,,,,,,,,,,,,,,,,,,,,,2019-02-23 08:00:51+00:00,2019-02-23 08:00:51+00:00,0,7554,139,浦添,2026-10-01T20:50:19.593663
2019,2019022302,2019-02-23 13:00:00+09:00,74432013,420102.0,1,5,オープン戦,4.0,4回裏,1,長井,石山,吉本,佐藤,,,1,2,ヤクルト,S,,5,阪神,T,,,,,,,2球目:高め111キロのカーブを打ってファウル 0-2,2 Tamame: Takame 111 Kilo no Curve wo Utte Foul 0-2,,,,,2,,,,,,,,,,,,,,,,,,,,,,,,,,,,,,,,,,,,,,,,,,,,,,,,2019-02-23 08:00:51+00:00,2019-02-23 08:00:51+00:00,0,7554,139,浦添,2026-10-01T20:50:19.593663
2019,2019022302,2019-02-23 13:00:00+09:00,74432014,420103.0,1,5,オープン戦,4.0,4回裏,1,長井,石山,吉本,佐藤,,,1,2,ヤクルト,S,,5,阪神,T,,,,,,,3球目:外角低めのストレートを見逃してボール 1-2,3 Tamame: Gaikaku Hikume no Straight wo Minogashite Ball 1-2,,,,,3,,,,,,,,,,,,,,,,,,,,,,,,,,,,,,,,,,,,,,,,,,,,,,,,2019-02-23 08:00:51+00:00,2019-02-23 08:00:51+00:00,0,7554,139,浦添,2026-10-01T20:50:19.593663
2019,2019022302,2019-02-23 13:00:00+09:00,74432015,420104.0,1,5,オープン戦,4.0,4回裏,1,長井,石山,吉本,佐藤,,,1,2,ヤクルト,S,,5,阪神,T,,,,,,,4球目:低め138キロのストレートを見逃してボール 2-2,4 Tamame: Hikume 138 Kilo no Straight wo Minogashite Ball 2-2,,,,,4,,,,,,,,,,,,,,,,,,,,,,,,,,,,,,,,,,,,,,,,,,,,,,,,2019-02-23 08:00:51+00:00,2019-02-23 08:00:51+00:00,0,7554,139,浦添,2026-10-01T20:50:19.593663
2019,2019022302,2019-02-23 13:00:00+09:00,74432016,420105.0,1,5,オープン戦,4.0,4回裏,1,長井,石山,吉本,佐藤,,,1,2,ヤクルト,S,,5,阪神,T,,,,,,,5球目:内角低め127キロのフォークを見逃してボール 3-2,5 Tamame: Naikaku Hikume 127 Kilo no Fork wo Minogashite Ball 3-2,,,,,5,,,,,,,,,,,,,,,,,,,,,,,,,,,,,,,,,,,,,,,,,,,,,,,,2019-02-23 08:00:51+00:00,2019-02-23 08:00:51+00:00,0,7554,139,浦添,2026-10-01T20:50:19.593663
2019,2019022302,2019-02-23 13:00:00+09:00,74432017,420106.0,1,5,オープン戦,4.0,4回裏,1,長井,石山,吉本,佐藤,,,1,2,ヤクルト,S,,5,阪神,T,,,,,,,6球目:センターへのヒットを放つ 1塁,6 Tamame: Center e no Hit wo Hanatsu 1 Rui,,,,,6,,,,,,,,,,,,,,,,,,,,,,,,,,,,,,,,,,,,,,,,,,,,,,,,2019-02-23 08:00:51+00:00,2019-02-23 08:00:51+00:00,0,7554,139,浦添,2026-10-01T20:50:19.593663
2019,2019022302,2019-02-23 13:00:00+09:00,74432018,420200.0,1,5,オープン戦,4.0,4回裏,2,長井,石山,吉本,佐藤,,,1,2,ヤクルト,S,,5,阪神,T,,,,,,,坂口→代打:廣岡,Sakaguchi Daida: Hirooka,,,,,0,,,,,,,,,,,,,,,,,,,,,,,,,,,,,,,,,,,,,,,,,,,,,,,,2019-02-23 08:00:51+00:00,2019-02-23 08:00:51+00:00,0,7554,139,浦添,2026-10-01T20:50:19.593663
2019,2019022302,2019-02-23 13:00:00+09:00,74432019,420200.0,1,5,オープン戦,4.0,4回裏,2,長井,石山,吉本,佐藤,,,1,2,ヤクルト,S,,5,阪神,T,,,,,,,＜代打：廣岡＞無死1塁,< Daida: Hirooka> Mushi 1 Rui,,,,,0,,,,,,,,,,,,,,,,,,,,,,,,,,,,,,,,,,,,,,,,,,,,,,,,2019-02-23 08:00:51+00:00,2019-02-23 08:00:51+00:00,0,7554,139,浦添,2026-10-01T20:50:19.593663
2019,2019022302,2019-02-23 13:00:00+09:00,74432020,420201.0,1,5,オープン戦,4.0,4回裏,2,長井,石山,吉本,佐藤,,,1,2,ヤクルト,S,,5,阪神,T,,,,,,,1球目:高め142キロのストレートを見逃してストライク 0-1,1 Tamame: Takame 142 Kilo no Straight wo Minogashite Strike 0-1,,,,,1,,,,,,,,,,,,,,,,,,,,,,,,,,,,,,,,,,,,,,,,,,,,,,,,2019-02-23 08:00:51+00:00,2019-02-23 08:00:51+00:00,0,7554,139,浦添,2026-10-01T20:50:19.593663
2019,2019022302,2019-02-23 13:00:00+09:00,74432021,420202.0,1,5,オープン戦,4.0,4回裏,2,長井,石山,吉本,佐藤,,,1,2,ヤクルト,S,,5,阪神,T,,,,,,,2球目:内角のストレートを見逃してボール 1-1,2 Tamame: Naikaku no Straight wo Minogashite Ball 1-1,,,,,2,,,,,,,,,,,,,,,,,,,,,,,,,,,,,,,,,,,,,,,,,,,,,,,,2019-02-23 08:00:51+00:00,2019-02-23 08:00:51+00:00,0,7554,139,浦添,2026-10-01T20:50:19.593663
2019,2019022302,2019-02-23 13:00:00+09:00,74432022,420200.0,1,5,オープン戦,4.0,4回裏,2,長井,石山,吉本,佐藤,,,1,2,ヤクルト,S,,5,阪神,T,,,,,,,1塁けん制:ランナー塩見帰塁,1 Rui Kensei: Runner Shiomi Kirui,,,,,0,,,,,,,,,,,,,,,,,,,,,,,,,,,,,,,,,,,,,,,,,,,,,,,,2019-02-23 08:00:51+00:00,2019-02-23 08:00:51+00:00,0,7554,139,浦添,2026-10-01T20:50:19.593663
2019,2019022302,2019-02-23 13:00:00+09:00,74432023,420203.0,1,5,オープン戦,4.0,4回裏,2,長井,石山,吉本,佐藤,,,1,2,ヤクルト,S,,5,阪神,T,,,,,,,3球目:外角高めの変化球を見逃してボール 2-1,3 Tamame: Gaikaku Takame no Henka Kyuu wo Minogashite Ball 2-1,,,,,3,,,,,,,,,,,,,,,,,,,,,,,,,,,,,,,,,,,,,,,,,,,,,,,,2019-02-23 08:00:51+00:00,2019-02-23 08:00:51+00:00,0,7554,139,浦添,2026-10-01T20:50:19.593663
2019,2019022302,2019-02-23 13:00:00+09:00,74432024,420200.0,1,5,オープン戦,4.0,4回裏,2,長井,石山,吉本,佐藤,,,1,2,ヤクルト,S,,5,阪神,T,,,,,,,一塁走者塩見:盗塁成功 2塁,Ichirui Sousha Shiomi: Tourui Seikou 2 Rui,,,,,0,,,,,,,,,,,,,,,,,,,,,,,,,,,,,,,,,,,,,,,,,,,,,,,,2019-02-23 08:00:51+00:00,2019-02-23 08:00:51+00:00,0,7554,139,浦添,2026-10-01T20:50:19.593663
2019,2019022302,2019-02-23 13:00:00+09:00,74432025,420204.0,1,5,オープン戦,4.0,4回裏,2,長井,石山,吉本,佐藤,,,1,2,ヤクルト,S,,5,阪神,T,,,,,,,4球目:高めの変化球を見逃してボール 3-1,4 Tamame: Takame no Henka Kyuu wo Minogashite Ball 3-1,,,,,4,,,,,,,,,,,,,,,,,,,,,,,,,,,,,,,,,,,,,,,,,,,,,,,,2019-02-23 08:00:51+00:00,2019-02-23 08:00:51+00:00,0,7554,139,浦添,2026-10-01T20:50:19.593663
2019,2019022302,2019-02-23 13:00:00+09:00,74432026,420205.0,1,5,オープン戦,4.0,4回裏,2,長井,石山,吉本,佐藤,,,1,2,ヤクルト,S,,5,阪神,T,,,,,,,5球目:ランナー2塁の3-1からバックスクリーンに飛び込む２ランホームランを放つ ヤ5-2神 ,5 Tamame: Runner 2 Rui no 3-1 kara Back Screen ni Tobikomu 2 Run Home Run wo Hanatsu ya 5-2 Kami,,,,,5,,,,,,,,,,,,,,,,,,,,,,,,,,,,,,,,,,,,,,,,,,,,,,,,2019-02-23 08:00:51+00:00,2019-02-23 08:00:51+00:00,0,7554,139,浦添,2026-10-01T20:50:19.593663
2019,2019022302,2019-02-23 13:00:00+09:00,74432027,420300.0,1,5,オープン戦,4.0,4回裏,3,長井,石山,吉本,佐藤,,,1,2,ヤクルト,S,,5,阪神,T,,,,,,,＜2番：奥村＞無死走者なし,<2 Ban: Okumura> Mushi Sousha Nashi,,,,,0,,,,,,,,,,,,,,,,,,,,,,,,,,,,,,,,,,,,,,,,,,,,,,,,2019-02-23 08:00:51+00:00,2019-02-23 08:00:51+00:00,0,7554,139,浦添,2026-10-01T20:50:19.593663
2019,2019022302,2019-02-23 13:00:00+09:00,74432028,420301.0,1,5,オープン戦,4.0,4回裏,3,長井,石山,吉本,佐藤,,,1,2,ヤクルト,S,,5,阪神,T,,,,,,,1球目:外角高めのストレートを打ちにいくもファウル 0-1,1 Tamame: Gaikaku Takame no Straight wo Uchi ni Iku mo Foul 0-1,,,,,1,,,,,,,,,,,,,,,,,,,,,,,,,,,,,,,,,,,,,,,,,,,,,,,,2019-02-23 08:00:51+00:00,2019-02-23 08:00:51+00:00,0,7554,139,浦添,2026-10-01T20:50:19.593663
2019,2019022302,2019-02-23 13:00:00+09:00,74432029,420302.0,1,5,オープン戦,4.0,4回裏,3,長井,石山,吉本,佐藤,,,1,2,ヤクルト,S,,5,阪神,T,,,,,,,2球目:高めのストレートを打つもサードフライ 1アウト,2 Tamame: Takame no Straight wo Utsu mo Third Fly 1 Out,,,,,2,,,,,,,,,,,,,,,,,,,,,,,,,,,,,,,,,,,,,,,,,,,,,,,,2019-02-23 08:00:51+00:00,2019-02-23 08:00:51+00:00,0,7554,139,浦添,2026-10-01T20:50:19.593663
2019,2019022302,2019-02-23 13:00:00+09:00,74432030,420400.0,1,5,オープン戦,4.0,4回裏,4,長井,石山,吉本,佐藤,,,1,2,ヤクルト,S,,5,阪神,T,,,,,,,山田哲→代打:太田,Yamada Akira Daida: Oota,,,,,0,,,,,,,,,,,,,,,,,,,,,,,,,,,,,,,,,,,,,,,,,,,,,,,,2019-02-23 08:00:51+00:00,2019-02-23 08:00:51+00:00,0,7554,139,浦添,2026-10-01T20:50:19.593663
2019,2019022302,2019-02-23 13:00:00+09:00,74432031,420400.0,1,5,オープン戦,4.0,4回裏,4,長井,石山,吉本,佐藤,,,1,2,ヤクルト,S,,5,阪神,T,,,,,,,＜代打：太田＞一死走者なし,< Daida: Oota> Ichi Shi Sousha Nashi,,,,,0,,,,,,,,,,,,,,,,,,,,,,,,,,,,,,,,,,,,,,,,,,,,,,,,2019-02-23 08:00:51+00:00,2019-02-23 08:00:51+00:00,0,7554,139,浦添,2026-10-01T20:50:19.593663
2019,2019022302,2019-02-23 13:00:00+09:00,74432032,420401.0,1,5,オープン戦,4.0,4回裏,4,長井,石山,吉本,佐藤,,,1,2,ヤクルト,S,,5,阪神,T,,,,,,,1球目:外角高め139キロのストレートを見逃してストライク 0-1,1 Tamame: Gaikaku Takame 139 Kilo no Straight wo Minogashite Strike 0-1,,,,,1,,,,,,,,,,,,,,,,,,,,,,,,,,,,,,,,,,,,,,,,,,,,,,,,2019-02-23 08:00:51+00:00,2019-02-23 08:00:51+00:00,0,7554,139,浦添,2026-10-01T20:50:19.593663
2019,2019022302,2019-02-23 13:00:00+09:00,74432033,420402.0,1,5,オープン戦,4.0,4回裏,4,長井,石山,吉本,佐藤,,,1,2,ヤクルト,S,,5,阪神,T,,,,,,,2球目:外角のスライダーを打ってファウル 0-2,2 Tamame: Gaikaku no Slider wo Utte Foul 0-2,,,,,2,,,,,,,,,,,,,,,,,,,,,,,,,,,,,,,,,,,,,,,,,,,,,,,,2019-02-23 08:00:51+00:00,2019-02-23 08:00:51+00:00,0,7554,139,浦添,2026-10-01T20:50:19.593663
2019,2019022302,2019-02-23 13:00:00+09:00,74432034,420403.0,1,5,オープン戦,4.0,4回裏,4,長井,石山,吉本,佐藤,,,1,2,ヤクルト,S,,5,阪神,T,,,,,,,3球目:内角低め142キロのストレートを打ってファウル 0-2,3 Tamame: Naikaku Hikume 142 Kilo no Straight wo Utte Foul 0-2,,,,,3,,,,,,,,,,,,,,,,,,,,,,,,,,,,,,,,,,,,,,,,,,,,,,,,2019-02-23 08:00:51+00:00,2019-02-23 08:00:51+00:00,0,7554,139,浦添,2026-10-01T20:50:19.593663
2019,2019022302,2019-02-23 13:00:00+09:00,74432035,420404.0,1,5,オープン戦,4.0,4回裏,4,長井,石山,吉本,佐藤,,,1,2,ヤクルト,S,,5,阪神,T,,,,,,,4球目:ワンバウンドのフォークを見逃してボール 1-2,4 Tamame: One Bound no Fork wo Minogashite Ball 1-2,,,,,4,,,,,,,,,,,,,,,,,,,,,,,,,,,,,,,,,,,,,,,,,,,,,,,,2019-02-23 08:00:51+00:00,2019-02-23 08:00:51+00:00,0,7554,139,浦添,2026-10-01T20:50:19.593663
2019,2019022302,2019-02-23 13:00:00+09:00,74432036,420405.0,1,5,オープン戦,4.0,4回裏,4,長井,石山,吉本,佐藤,,,1,2,ヤクルト,S,,5,阪神,T,,,,,,,5球目:外角低めのストレートを見逃してボール 2-2,5 Tamame: Gaikaku Hikume no Straight wo Minogashite Ball 2-2,,,,,5,,,,,,,,,,,,,,,,,,,,,,,,,,,,,,,,,,,,,,,,,,,,,,,,2019-02-23 08:00:51+00:00,2019-02-23 08:00:51+00:00,0,7554,139,浦添,2026-10-01T20:50:19.593663
2019,2019022302,2019-02-23 13:00:00+09:00,74432037,420406.0,1,5,オープン戦,4.0,4回裏,4,長井,石山,吉本,佐藤,,,1,2,ヤクルト,S,,5,阪神,T,,,,,,,6球目:ライトへのスリーベース 3塁,6 Tamame: Raito e no Three Base 3 Rui,,,,,6,,,,,,,,,,,,,,,,,,,,,,,,,,,,,,,,,,,,,,,,,,,,,,,,2019-02-23 08:00:51+00:00,2019-02-23 08:00:51+00:00,0,7554,139,浦添,2026-10-01T20:50:19.593663
2019,2019022302,2019-02-23 13:00:00+09:00,74432038,420500.0,1,5,オープン戦,4.0,4回裏,5,長井,石山,吉本,佐藤,,,1,2,ヤクルト,S,,5,阪神,T,,,,,,,＜4番：渡邉＞一死3塁,<4 Ban: Watanabe> Ichi Shi 3 Rui,,,,,0,,,,,,,,,,,,,,,,,,,,,,,,,,,,,,,,,,,,,,,,,,,,,,,,2019-02-23 08:00:51+00:00,2019-02-23 08:00:51+00:00,0,7554,139,浦添,2026-10-01T20:50:19.593663
2019,2019022302,2019-02-23 13:00:00+09:00,74432039,420501.0,1,5,オープン戦,4.0,4回裏,5,長井,石山,吉本,佐藤,,,1,2,ヤクルト,S,,5,阪神,T,,,,,,,1球目:高め138キロのストレートを見逃してボール 1-0,1 Tamame: Takame 138 Kilo no Straight wo Minogashite Ball 1-0,,,,,1,,,,,,,,,,,,,,,,,,,,,,,,,,,,,,,,,,,,,,,,,,,,,,,,2019-02-23 08:00:51+00:00,2019-02-23 08:00:51+00:00,0,7554,139,浦添,2026-10-01T20:50:19.593663
2019,2019022302,2019-02-23 13:00:00+09:00,74432040,420502.0,1,5,オープン戦,4.0,4回裏,5,長井,石山,吉本,佐藤,,,1,2,ヤクルト,S,,5,阪神,T,,,,,,,2球目:137キロのストレートを見逃してボール 2-0,2 Tamame:137 Kilo no Straight wo Minogashite Ball 2-0,,,,,2,,,,,,,,,,,,,,,,,,,,,,,,,,,,,,,,,,,,,,,,,,,,,,,,2019-02-23 08:00:51+00:00,2019-02-23 08:00:51+00:00,0,7554,139,浦添,2026-10-01T20:50:19.593663
2019,2019022302,2019-02-23 13:00:00+09:00,74432041,420503.0,1,5,オープン戦,4.0,4回裏,5,長井,石山,吉本,佐藤,,,1,2,ヤクルト,S,,5,阪神,T,,,,,,,3球目:高めのストレートを空振りストライク 2-1,3 Tamame: Takame no Straight wo Karaburi Strike 2-1,,,,,3,,,,,,,,,,,,,,,,,,,,,,,,,,,,,,,,,,,,,,,,,,,,,,,,2019-02-23 08:00:51+00:00,2019-02-23 08:00:51+00:00,0,7554,139,浦添,2026-10-01T20:50:19.593663
2019,2019022302,2019-02-23 13:00:00+09:00,74432042,420504.0,1,5,オープン戦,4.0,4回裏,5,長井,石山,吉本,佐藤,,,1,2,ヤクルト,S,,5,阪神,T,,,,,,,4球目:低めの変化球を見逃してストライク 2-2,4 Tamame: Hikume no Henka Kyuu wo Minogashite Strike 2-2,,,,,4,,,,,,,,,,,,,,,,,,,,,,,,,,,,,,,,,,,,,,,,,,,,,,,,2019-02-23 08:00:51+00:00,2019-02-23 08:00:51+00:00,0,7554,139,浦添,2026-10-01T20:50:19.593663
2019,2019022302,2019-02-23 13:00:00+09:00,74432043,420505.0,1,5,オープン戦,4.0,4回裏,5,長井,石山,吉本,佐藤,,,1,2,ヤクルト,S,,5,阪神,T,,,,,,,5球目:ワンバウンドのフォークを見逃してボール 3-2,5 Tamame: One Bound no Fork wo Minogashite Ball 3-2,,,,,5,,,,,,,,,,,,,,,,,,,,,,,,,,,,,,,,,,,,,,,,,,,,,,,,2019-02-23 08:00:51+00:00,2019-02-23 08:00:51+00:00,0,7554,139,浦添,2026-10-01T20:50:19.593663
2019,2019022302,2019-02-23 13:00:00+09:00,74432044,420506.0,1,5,オープン戦,4.0,4回裏,5,長井,石山,吉本,佐藤,,,1,2,ヤクルト,S,,5,阪神,T,,,,,,,6球目:高めの落ちる球を打ってファウル 3-2,6 Tamame: Takame no Ochiru Tama wo Utte Foul 3-2,,,,,6,,,,,,,,,,,,,,,,,,,,,,,,,,,,,,,,,,,,,,,,,,,,,,,,2019-02-23 08:00:51+00:00,2019-02-23 08:00:51+00:00,0,7554,139,浦添,2026-10-01T20:50:19.593663
2019,2019022302,2019-02-23 13:00:00+09:00,74432045,420507.0,1,5,オープン戦,4.0,4回裏,5,長井,石山,吉本,佐藤,,,1,2,ヤクルト,S,,5,阪神,T,,,,,,,7球目:この球も粘ってファウル 3-2,7 Tamame: Kono Tama mo Nebatte Foul 3-2,,,,,7,,,,,,,,,,,,,,,,,,,,,,,,,,,,,,,,,,,,,,,,,,,,,,,,2019-02-23 08:00:51+00:00,2019-02-23 08:00:51+00:00,0,7554,139,浦添,2026-10-01T20:50:19.593663
2019,2019022302,2019-02-23 13:00:00+09:00,74432046,420508.0,1,5,オープン戦,4.0,4回裏,5,長井,石山,吉本,佐藤,,,1,2,ヤクルト,S,,5,阪神,T,,,,,,,8球目:ランナー3塁の3-2からレフトへの犠牲フライを放つ ヤ6-2神 2アウト,8 Tamame: Runner 3 Rui no 3-2 kara Left e no Gisei Fly wo Hanatsu ya 6-2 Kami 2 Out,,,,,8,,,,,,,,,,,,,,,,,,,,,,,,,,,,,,,,,,,,,,,,,,,,,,,,2019-02-23 08:00:51+00:00,2019-02-23 08:00:51+00:00,0,7554,139,浦添,2026-10-01T20:50:19.593663
2019,2019022302,2019-02-23 13:00:00+09:00,74432047,420600.0,1,5,オープン戦,4.0,4回裏,6,長井,石山,吉本,佐藤,,,1,2,ヤクルト,S,,5,阪神,T,,,,,,,＜5番：上田＞二死走者なし,<5 Ban: Ueda> Ni Shi Sousha Nashi,,,,,0,,,,,,,,,,,,,,,,,,,,,,,,,,,,,,,,,,,,,,,,,,,,,,,,2019-02-23 08:00:51+00:00,2019-02-23 08:00:51+00:00,0,7554,139,浦添,2026-10-01T20:50:19.593663
2019,2019022302,2019-02-23 13:00:00+09:00,74432048,420601.0,1,5,オープン戦,4.0,4回裏,6,長井,石山,吉本,佐藤,,,1,2,ヤクルト,S,,5,阪神,T,,,,,,,1球目:外角高め131キロのスライダーを見逃してストライク 0-1,1 Tamame: Gaikaku Takame 131 Kilo no Slider wo Minogashite Strike 0-1,,,,,1,,,,,,,,,,,,,,,,,,,,,,,,,,,,,,,,,,,,,,,,,,,,,,,,2019-02-23 08:00:51+00:00,2019-02-23 08:00:51+00:00,0,7554,139,浦添,2026-10-01T20:50:19.593663
2019,2019022302,2019-02-23 13:00:00+09:00,74432049,420602.0,1,5,オープン戦,4.0,4回裏,6,長井,石山,吉本,佐藤,,,1,2,ヤクルト,S,,5,阪神,T,,,,,,,2球目:外角のカーブを打つもレフトフライ 3アウトチェンジ,2 Tamame: Gaikaku no Curve wo Utsu mo Left Fly 3 Out Change,,,,,2,,,,,,,,,,,,,,,,,,,,,,,,,,,,,,,,,,,,,,,,,,,,,,,,2019-02-23 08:00:51+00:00,2019-02-23 08:00:51+00:00,0,7554,139,浦添,2026-10-01T20:50:19.593663
2019,2019022302,2019-02-23 13:00:00+09:00,74432050,510100.0,1,5,オープン戦,5.0,5回表,1,長井,石山,吉本,佐藤,,,1,2,ヤクルト,S,,5,阪神,T,,,,,,,5回表 ヤ6-2神　阪神は6番中谷からの攻撃,5 Kai Hyouya 6-2 Shin Hanshin wa 6 Ban Nakatani kara no Kougeki,,,,,0,,,,,,,,,,,,,,,,,,,,,,,,,,,,,,,,,,,,,,,,,,,,,,,,2019-02-23 08:00:51+00:00,2019-02-23 08:00:51+00:00,0,7554,139,浦添,2026-10-01T20:50:19.593663
2019,2019022302,2019-02-23 13:00:00+09:00,74432051,510100.0,1,5,オープン戦,5.0,5回表,1,長井,石山,吉本,佐藤,,,1,2,ヤクルト,S,,5,阪神,T,,,,,,,守備変更:廣岡→ファースト　守備変更:太田→セカンド,Shubi Henkou: Hirooka First Shubi Henkou: Oota Sekando,,,,,0,,,,,,,,,,,,,,,,,,,,,,,,,,,,,,,,,,,,,,,,,,,,,,,,2019-02-23 08:00:51+00:00,2019-02-23 08:00:51+00:00,0,7554,139,浦添,2026-10-01T20:50:19.593663
2019,2019022302,2019-02-23 13:00:00+09:00,74432052,510100.0,1,5,オープン戦,5.0,5回表,1,長井,石山,吉本,佐藤,,,1,2,ヤクルト,S,,5,阪神,T,,,,,,,＜6番：中谷＞無死走者なし,<6 Ban: Nakatani> Mushi Sousha Nashi,,,,,0,,,,,,,,,,,,,,,,,,,,,,,,,,,,,,,,,,,,,,,,,,,,,,,,2019-02-23 08:00:51+00:00,2019-02-23 08:00:51+00:00,0,7554,139,浦添,2026-10-01T20:50:19.593663
2019,2019022302,2019-02-23 13:00:00+09:00,74432053,510101.0,1,5,オープン戦,5.0,5回表,1,長井,石山,吉本,佐藤,,,1,2,ヤクルト,S,,5,阪神,T,,,,,,,1球目:高めのストレートを空振りストライク 0-1,1 Tamame: Takame no Straight wo Karaburi Strike 0-1,,,,,1,,,,,,,,,,,,,,,,,,,,,,,,,,,,,,,,,,,,,,,,,,,,,,,,2019-02-23 08:00:51+00:00,2019-02-23 08:00:51+00:00,0,7554,139,浦添,2026-10-01T20:50:19.593663
2019,2019022302,2019-02-23 13:00:00+09:00,74432054,510102.0,1,5,オープン戦,5.0,5回表,1,長井,石山,吉本,佐藤,,,1,2,ヤクルト,S,,5,阪神,T,,,,,,,2球目:外角のカーブを見逃してストライク 0-2,2 Tamame: Gaikaku no Curve wo Minogashite Strike 0-2,,,,,2,,,,,,,,,,,,,,,,,,,,,,,,,,,,,,,,,,,,,,,,,,,,,,,,2019-02-23 08:00:51+00:00,2019-02-23 08:00:51+00:00,0,7554,139,浦添,2026-10-01T20:50:19.593663
2019,2019022302,2019-02-23 13:00:00+09:00,74432055,510103.0,1,5,オープン戦,5.0,5回表,1,長井,石山,吉本,佐藤,,,1,2,ヤクルト,S,,5,阪神,T,,,,,,,3球目:ワンバウンドのフォークを見逃してボール 1-2,3 Tamame: One Bound no Fork wo Minogashite Ball 1-2,,,,,3,,,,,,,,,,,,,,,,,,,,,,,,,,,,,,,,,,,,,,,,,,,,,,,,2019-02-23 08:00:51+00:00,2019-02-23 08:00:51+00:00,0,7554,139,浦添,2026-10-01T20:50:19.593663
2019,2019022302,2019-02-23 13:00:00+09:00,74432056,510104.0,1,5,オープン戦,5.0,5回表,1,長井,石山,吉本,佐藤,,,1,2,ヤクルト,S,,5,阪神,T,,,,,,,4球目:際どいコースのストレートに反応するもバットが止まりボール 2-2,4 Tamame: Kiwadoi Course no Straight ni Hannou Suru mo Batto ga Tomari Ball 2-2,,,,,4,,,,,,,,,,,,,,,,,,,,,,,,,,,,,,,,,,,,,,,,,,,,,,,,2019-02-23 08:00:51+00:00,2019-02-23 08:00:51+00:00,0,7554,139,浦添,2026-10-01T20:50:19.593663
2019,2019022302,2019-02-23 13:00:00+09:00,74432057,510105.0,1,5,オープン戦,5.0,5回表,1,長井,石山,吉本,佐藤,,,1,2,ヤクルト,S,,5,阪神,T,,,,,,,5球目:外角高めの落ちる球を見逃してボール 3-2,5 Tamame: Gaikaku Takame no Ochiru Tama wo Minogashite Ball 3-2,,,,,5,,,,,,,,,,,,,,,,,,,,,,,,,,,,,,,,,,,,,,,,,,,,,,,,2019-02-23 08:00:51+00:00,2019-02-23 08:00:51+00:00,0,7554,139,浦添,2026-10-01T20:50:19.593663
2019,2019022302,2019-02-23 13:00:00+09:00,74432058,510106.0,1,5,オープン戦,5.0,5回表,1,長井,石山,吉本,佐藤,,,1,2,ヤクルト,S,,5,阪神,T,,,,,,,6球目:高め142キロのストレートを打ってファウル 3-2,6 Tamame: Takame 142 Kilo no Straight wo Utte Foul 3-2,,,,,6,,,,,,,,,,,,,,,,,,,,,,,,,,,,,,,,,,,,,,,,,,,,,,,,2019-02-23 08:00:51+00:00,2019-02-23 08:00:51+00:00,0,7554,139,浦添,2026-10-01T20:50:19.593663
2019,2019022302,2019-02-23 13:00:00+09:00,74432059,510107.0,1,5,オープン戦,5.0,5回表,1,長井,石山,吉本,佐藤,,,1,2,ヤクルト,S,,5,阪神,T,,,,,,,7球目:高め146キロのストレートを打ってファウル 3-2,7 Tamame: Takame 146 Kilo no Straight wo Utte Foul 3-2,,,,,7,,,,,,,,,,,,,,,,,,,,,,,,,,,,,,,,,,,,,,,,,,,,,,,,2019-02-23 08:00:51+00:00,2019-02-23 08:00:51+00:00,0,7554,139,浦添,2026-10-01T20:50:19.593663
2019,2019022302,2019-02-23 13:00:00+09:00,74432060,510108.0,1,5,オープン戦,5.0,5回表,1,長井,石山,吉本,佐藤,,,1,2,ヤクルト,S,,5,阪神,T,,,,,,,8球目:甘いフォークを打ってファウル 3-2,8 Tamame: Amai Fork wo Utte Foul 3-2,,,,,8,,,,,,,,,,,,,,,,,,,,,,,,,,,,,,,,,,,,,,,,,,,,,,,,2019-02-23 08:00:51+00:00,2019-02-23 08:00:51+00:00,0,7554,139,浦添,2026-10-01T20:50:19.593663
2019,2019022302,2019-02-23 13:00:00+09:00,74432061,510109.0,1,5,オープン戦,5.0,5回表,1,長井,石山,吉本,佐藤,,,1,2,ヤクルト,S,,5,阪神,T,,,,,,,9球目:8球粘った末にフォアボールを選ぶ 1塁,9 Tamame:8 Kyuu Nebatta Sue ni Four Ball wo Erabu 1 Rui,,,,,9,,,,,,,,,,,,,,,,,,,,,,,,,,,,,,,,,,,,,,,,,,,,,,,,2019-02-23 08:00:51+00:00,2019-02-23 08:00:51+00:00,0,7554,139,浦添,2026-10-01T20:50:19.593663
2019,2019022302,2019-02-23 13:00:00+09:00,74432062,510200.0,1,5,オープン戦,5.0,5回表,2,長井,石山,吉本,佐藤,,,1,2,ヤクルト,S,,5,阪神,T,,,,,,,＜7番：高山＞無死1塁,<7 Ban: Kouzan> Mushi 1 Rui,,,,,0,,,,,,,,,,,,,,,,,,,,,,,,,,,,,,,,,,,,,,,,,,,,,,,,2019-02-23 08:00:51+00:00,2019-02-23 08:00:51+00:00,0,7554,139,浦添,2026-10-01T20:50:19.593663
2019,2019022302,2019-02-23 13:00:00+09:00,74432063,510201.0,1,5,オープン戦,5.0,5回表,2,長井,石山,吉本,佐藤,,,1,2,ヤクルト,S,,5,阪神,T,,,,,,,1球目:外角低めのフォークにバットが止まらずストライク 0-1,1 Tamame: Gaikaku Hikume no Fork ni Batto ga Tomarazu Strike 0-1,,,,,1,,,,,,,,,,,,,,,,,,,,,,,,,,,,,,,,,,,,,,,,,,,,,,,,2019-02-23 08:00:51+00:00,2019-02-23 08:00:51+00:00,0,7554,139,浦添,2026-10-01T20:50:19.593663
2019,2019022302,2019-02-23 13:00:00+09:00,74432064,510202.0,1,5,オープン戦,5.0,5回表,2,長井,石山,吉本,佐藤,,,1,2,ヤクルト,S,,5,阪神,T,,,,,,,2球目:142キロのストレートを見逃してボール 1-1,2 Tamame:142 Kilo no Straight wo Minogashite Ball 1-1,,,,,2,,,,,,,,,,,,,,,,,,,,,,,,,,,,,,,,,,,,,,,,,,,,,,,,2019-02-23 08:00:51+00:00,2019-02-23 08:00:51+00:00,0,7554,139,浦添,2026-10-01T20:50:19.593663
2019,2019022302,2019-02-23 13:00:00+09:00,74432065,510203.0,1,5,オープン戦,5.0,5回表,2,長井,石山,吉本,佐藤,,,1,2,ヤクルト,S,,5,阪神,T,,,,,,,3球目:外角高め112キロのカーブを見逃してストライク 1-2,3 Tamame: Gaikaku Takame 112 Kilo no Curve wo Minogashite Strike 1-2,,,,,3,,,,,,,,,,,,,,,,,,,,,,,,,,,,,,,,,,,,,,,,,,,,,,,,2019-02-23 08:00:51+00:00,2019-02-23 08:00:51+00:00,0,7554,139,浦添,2026-10-01T20:50:19.593663
2019,2019022302,2019-02-23 13:00:00+09:00,74432066,510204.0,1,5,オープン戦,5.0,5回表,2,長井,石山,吉本,佐藤,,,1,2,ヤクルト,S,,5,阪神,T,,,,,,,4球目:外角のフォークを打つもレフトフライ 1アウト,4 Tamame: Gaikaku no Fork wo Utsu mo Left Fly 1 Out,,,,,4,,,,,,,,,,,,,,,,,,,,,,,,,,,,,,,,,,,,,,,,,,,,,,,,2019-02-23 08:00:51+00:00,2019-02-23 08:00:51+00:00,0,7554,139,浦添,2026-10-01T20:50:19.593663
2019,2019022302,2019-02-23 13:00:00+09:00,74432067,510300.0,1,5,オープン戦,5.0,5回表,3,長井,石山,吉本,佐藤,,,1,2,ヤクルト,S,,5,阪神,T,,,,,,,＜8番：坂本＞一死1塁,<8 Ban: Sakamoto> Ichi Shi 1 Rui,,,,,0,,,,,,,,,,,,,,,,,,,,,,,,,,,,,,,,,,,,,,,,,,,,,,,,2019-02-23 08:00:51+00:00,2019-02-23 08:00:51+00:00,0,7554,139,浦添,2026-10-01T20:50:19.593663
2019,2019022302,2019-02-23 13:00:00+09:00,74432068,510301.0,1,5,オープン戦,5.0,5回表,3,長井,石山,吉本,佐藤,,,1,2,ヤクルト,S,,5,阪神,T,,,,,,,1球目:ワンバウンドの球を見逃してボール 1-0,1 Tamame: One Bound no Tama wo Minogashite Ball 1-0,,,,,1,,,,,,,,,,,,,,,,,,,,,,,,,,,,,,,,,,,,,,,,,,,,,,,,2019-02-23 08:00:51+00:00,2019-02-23 08:00:51+00:00,0,7554,139,浦添,2026-10-01T20:50:19.593663
2019,2019022302,2019-02-23 13:00:00+09:00,74432069,510302.0,1,5,オープン戦,5.0,5回表,3,長井,石山,吉本,佐藤,,,1,2,ヤクルト,S,,5,阪神,T,,,,,,,2球目:ど真ん中のストレートを打つもショートゴロ 2アウト1塁,2 Tamame: Domannaka no Straight wo Utsu mo Short Grounder 2 Out 1 Rui,,,,,2,,,,,,,,,,,,,,,,,,,,,,,,,,,,,,,,,,,,,,,,,,,,,,,,2019-02-23 08:00:51+00:00,2019-02-23 08:00:51+00:00,0,7554,139,浦添,2026-10-01T20:50:19.593663
2019,2019022302,2019-02-23 13:00:00+09:00,74432070,510400.0,1,5,オープン戦,5.0,5回表,4,長井,石山,吉本,佐藤,,,1,2,ヤクルト,S,,5,阪神,T,,,,,,,＜9番：江越＞二死1塁,<9 Ban: Egoshi> Ni Shi 1 Rui,,,,,0,,,,,,,,,,,,,,,,,,,,,,,,,,,,,,,,,,,,,,,,,,,,,,,,2019-02-23 08:00:51+00:00,2019-02-23 08:00:51+00:00,0,7554,139,浦添,2026-10-01T20:50:19.593663
2019,2019022302,2019-02-23 13:00:00+09:00,74432071,510401.0,1,5,オープン戦,5.0,5回表,4,長井,石山,吉本,佐藤,,,1,2,ヤクルト,S,,5,阪神,T,,,,,,,1球目:低め139キロのストレートを空振りストライク 0-1,1 Tamame: Hikume 139 Kilo no Straight wo Karaburi Strike 0-1,,,,,1,,,,,,,,,,,,,,,,,,,,,,,,,,,,,,,,,,,,,,,,,,,,,,,,2019-02-23 08:00:51+00:00,2019-02-23 08:00:51+00:00,0,7554,139,浦添,2026-10-01T20:50:19.593663
2019,2019022302,2019-02-23 13:00:00+09:00,74432072,510402.0,1,5,オープン戦,5.0,5回表,4,長井,石山,吉本,佐藤,,,1,2,ヤクルト,S,,5,阪神,T,,,,,,,2球目:甘い変化球を見逃してストライク 0-2,2 Tamame: Amai Henka Kyuu wo Minogashite Strike 0-2,,,,,2,,,,,,,,,,,,,,,,,,,,,,,,,,,,,,,,,,,,,,,,,,,,,,,,2019-02-23 08:00:51+00:00,2019-02-23 08:00:51+00:00,0,7554,139,浦添,2026-10-01T20:50:19.593663
2019,2019022302,2019-02-23 13:00:00+09:00,74432073,510403.0,1,5,オープン戦,5.0,5回表,4,長井,石山,吉本,佐藤,,,1,2,ヤクルト,S,,5,阪神,T,,,,,,,3球目:外角高めのストレートを見逃してボール 1-2,3 Tamame: Gaikaku Takame no Straight wo Minogashite Ball 1-2,,,,,3,,,,,,,,,,,,,,,,,,,,,,,,,,,,,,,,,,,,,,,,,,,,,,,,2019-02-23 08:00:51+00:00,2019-02-23 08:00:51+00:00,0,7554,139,浦添,2026-10-01T20:50:19.593663
2019,2019022302,2019-02-23 13:00:00+09:00,74432074,510404.0,1,5,オープン戦,5.0,5回表,4,長井,石山,吉本,佐藤,,,1,2,ヤクルト,S,,5,阪神,T,,,,,,,4球目:ワンバウンドのフォークを見逃してボール 2-2,4 Tamame: One Bound no Fork wo Minogashite Ball 2-2,,,,,4,,,,,,,,,,,,,,,,,,,,,,,,,,,,,,,,,,,,,,,,,,,,,,,,2019-02-23 08:00:51+00:00,2019-02-23 08:00:51+00:00,0,7554,139,浦添,2026-10-01T20:50:19.593663
2019,2019022302,2019-02-23 13:00:00+09:00,74432075,510405.0,1,5,オープン戦,5.0,5回表,4,長井,石山,吉本,佐藤,,,1,2,ヤクルト,S,,5,阪神,T,,,,,,,5球目:セカンドへのファウルフライに倒れる 3アウトチェンジ,5 Tamame: Sekando e no Foul Fly ni Taoreru 3 Out Change,,,,,5,,,,,,,,,,,,,,,,,,,,,,,,,,,,,,,,,,,,,,,,,,,,,,,,2019-02-23 08:00:51+00:00,2019-02-23 08:00:51+00:00,0,7554,139,浦添,2026-10-01T20:50:19.593663
2019,2019022302,2019-02-23 13:00:00+09:00,74432076,520100.0,1,5,オープン戦,5.0,5回裏,1,長井,石山,吉本,佐藤,,,1,2,ヤクルト,S,,5,阪神,T,,,,,,,5回裏 ヤ6-2神　ヤクルトは6番村上からの攻撃,5 Kai Uraya 6-2 Kami Yakuruto wa 6 Ban Murakami kara no Kougeki,,,,,0,,,,,,,,,,,,,,,,,,,,,,,,,,,,,,,,,,,,,,,,,,,,,,,,2019-02-23 08:00:51+00:00,2019-02-23 08:00:51+00:00,0,7554,139,浦添,2026-10-01T20:50:19.593663
2019,2019022302,2019-02-23 13:00:00+09:00,74432077,520100.0,1,5,オープン戦,5.0,5回裏,1,長井,石山,吉本,佐藤,,,1,2,ヤクルト,S,,5,阪神,T,,,,,,,投手交代:才木→飯田　守備交代:ファースト板山　守備交代:キャッチャー梅野,Toushu Koutai: Sai Ki Iida Shubi Koutai: First Itayama Shubi Koutai: Catcher Umeno,,,,,0,,,,,,,,,,,,,,,,,,,,,,,,,,,,,,,,,,,,,,,,,,,,,,,,2019-02-23 08:00:51+00:00,2019-02-23 08:00:51+00:00,0,7554,139,浦添,2026-10-01T20:50:19.593663
2019,2019022302,2019-02-23 13:00:00+09:00,74432078,520100.0,1,5,オープン戦,5.0,5回裏,1,長井,石山,吉本,佐藤,,,1,2,ヤクルト,S,,5,阪神,T,,,,,,,＜6番：村上＞無死走者なし,<6 Ban: Murakami> Mushi Sousha Nashi,,,,,0,,,,,,,,,,,,,,,,,,,,,,,,,,,,,,,,,,,,,,,,,,,,,,,,2019-02-23 08:00:51+00:00,2019-02-23 08:00:51+00:00,0,7554,139,浦添,2026-10-01T20:50:19.593663
2019,2019022302,2019-02-23 13:00:00+09:00,74432079,520101.0,1,5,オープン戦,5.0,5回裏,1,長井,石山,吉本,佐藤,,,1,2,ヤクルト,S,,5,阪神,T,,,,,,,1球目:低めのストレートを打ちにいくもファウル 0-1,1 Tamame: Hikume no Straight wo Uchi ni Iku mo Foul 0-1,,,,,1,,,,,,,,,,,,,,,,,,,,,,,,,,,,,,,,,,,,,,,,,,,,,,,,2019-02-23 08:00:51+00:00,2019-02-23 08:00:51+00:00,0,7554,139,浦添,2026-10-01T20:50:19.593663
2019,2019022302,2019-02-23 13:00:00+09:00,74432080,520102.0,1,5,オープン戦,5.0,5回裏,1,長井,石山,吉本,佐藤,,,1,2,ヤクルト,S,,5,阪神,T,,,,,,,2球目:外角低めのストレートを打ってファウル 0-2,2 Tamame: Gaikaku Hikume no Straight wo Utte Foul 0-2,,,,,2,,,,,,,,,,,,,,,,,,,,,,,,,,,,,,,,,,,,,,,,,,,,,,,,2019-02-23 08:00:51+00:00,2019-02-23 08:00:51+00:00,0,7554,139,浦添,2026-10-01T20:50:19.593663
2019,2019022302,2019-02-23 13:00:00+09:00,74432081,520103.0,1,5,オープン戦,5.0,5回裏,1,長井,石山,吉本,佐藤,,,1,2,ヤクルト,S,,5,阪神,T,,,,,,,3球目:138キロのストレートを打ってファウル 0-2,3 Tamame:138 Kilo no Straight wo Utte Foul 0-2,,,,,3,,,,,,,,,,,,,,,,,,,,,,,,,,,,,,,,,,,,,,,,,,,,,,,,2019-02-23 08:00:51+00:00,2019-02-23 08:00:51+00:00,0,7554,139,浦添,2026-10-01T20:50:19.593663
2019,2019022302,2019-02-23 13:00:00+09:00,74432082,520104.0,1,5,オープン戦,5.0,5回裏,1,長井,石山,吉本,佐藤,,,1,2,ヤクルト,S,,5,阪神,T,,,,,,,4球目:外角の変化球に見逃し三振 1アウト,4 Tamame: Gaikaku no Henka Kyuu ni Minogashi Sanshin 1 Out,,,,,4,,,,,,,,,,,,,,,,,,,,,,,,,,,,,,,,,,,,,,,,,,,,,,,,2019-02-23 08:00:51+00:00,2019-02-23 08:00:51+00:00,0,7554,139,浦添,2026-10-01T20:50:19.593663
2019,2019022302,2019-02-23 13:00:00+09:00,74432083,520200.0,1,5,オープン戦,5.0,5回裏,2,長井,石山,吉本,佐藤,,,1,2,ヤクルト,S,,5,阪神,T,,,,,,,＜7番：西浦＞一死走者なし,<7 Ban: Nishinoura> Ichi Shi Sousha Nashi,,,,,0,,,,,,,,,,,,,,,,,,,,,,,,,,,,,,,,,,,,,,,,,,,,,,,,2019-02-23 08:00:51+00:00,2019-02-23 08:00:51+00:00,0,7554,139,浦添,2026-10-01T20:50:19.593663
2019,2019022302,2019-02-23 13:00:00+09:00,74432084,520201.0,1,5,オープン戦,5.0,5回裏,2,長井,石山,吉本,佐藤,,,1,2,ヤクルト,S,,5,阪神,T,,,,,,,1球目:内角125キロのスライダーを見逃してストライク 0-1,1 Tamame: Naikaku 125 Kilo no Slider wo Minogashite Strike 0-1,,,,,1,,,,,,,,,,,,,,,,,,,,,,,,,,,,,,,,,,,,,,,,,,,,,,,,2019-02-23 08:00:51+00:00,2019-02-23 08:00:51+00:00,0,7554,139,浦添,2026-10-01T20:50:19.593663
2019,2019022302,2019-02-23 13:00:00+09:00,74432085,520202.0,1,5,オープン戦,5.0,5回裏,2,長井,石山,吉本,佐藤,,,1,2,ヤクルト,S,,5,阪神,T,,,,,,,2球目:外角低め111キロのカーブを見逃してボール 1-1,2 Tamame: Gaikaku Hikume 111 Kilo no Curve wo Minogashite Ball 1-1,,,,,2,,,,,,,,,,,,,,,,,,,,,,,,,,,,,,,,,,,,,,,,,,,,,,,,2019-02-23 08:00:51+00:00,2019-02-23 08:00:51+00:00,0,7554,139,浦添,2026-10-01T20:50:19.593663
2019,2019022302,2019-02-23 13:00:00+09:00,74432086,520203.0,1,5,オープン戦,5.0,5回裏,2,長井,石山,吉本,佐藤,,,1,2,ヤクルト,S,,5,阪神,T,,,,,,,3球目:内角高め111キロのカーブを見逃してボール 2-1,3 Tamame: Naikaku Takame 111 Kilo no Curve wo Minogashite Ball 2-1,,,,,3,,,,,,,,,,,,,,,,,,,,,,,,,,,,,,,,,,,,,,,,,,,,,,,,2019-02-23 08:00:51+00:00,2019-02-23 08:00:51+00:00,0,7554,139,浦添,2026-10-01T20:50:19.593663
2019,2019022302,2019-02-23 13:00:00+09:00,74432087,520204.0,1,5,オープン戦,5.0,5回裏,2,長井,石山,吉本,佐藤,,,1,2,ヤクルト,S,,5,阪神,T,,,,,,,4球目:レフトへのヒットで出塁 1塁,4 Tamame: Left e no Hit de Shutsurui 1 Rui,,,,,4,,,,,,,,,,,,,,,,,,,,,,,,,,,,,,,,,,,,,,,,,,,,,,,,2019-02-23 08:00:51+00:00,2019-02-23 08:00:51+00:00,0,7554,139,浦添,2026-10-01T20:50:19.593663
2019,2019022302,2019-02-23 13:00:00+09:00,74432088,520300.0,1,5,オープン戦,5.0,5回裏,3,長井,石山,吉本,佐藤,,,1,2,ヤクルト,S,,5,阪神,T,,,,,,,＜8番：中村＞一死1塁,<8 Ban: Nakamura> Ichi Shi 1 Rui,,,,,0,,,,,,,,,,,,,,,,,,,,,,,,,,,,,,,,,,,,,,,,,,,,,,,,2019-02-23 08:00:51+00:00,2019-02-23 08:00:51+00:00,0,7554,139,浦添,2026-10-01T20:50:19.593663
2019,2019022302,2019-02-23 13:00:00+09:00,74432089,520301.0,1,5,オープン戦,5.0,5回裏,3,長井,石山,吉本,佐藤,,,1,2,ヤクルト,S,,5,阪神,T,,,,,,,1球目:内角のストレートを見逃してストライク 0-1,1 Tamame: Naikaku no Straight wo Minogashite Strike 0-1,,,,,1,,,,,,,,,,,,,,,,,,,,,,,,,,,,,,,,,,,,,,,,,,,,,,,,2019-02-23 08:00:51+00:00,2019-02-23 08:00:51+00:00,0,7554,139,浦添,2026-10-01T20:50:19.593663
2019,2019022302,2019-02-23 13:00:00+09:00,74432090,520302.0,1,5,オープン戦,5.0,5回裏,3,長井,石山,吉本,佐藤,,,1,2,ヤクルト,S,,5,阪神,T,,,,,,,2球目:内角高めのスライダーを見逃してボール 1-1,2 Tamame: Naikaku Takame no Slider wo Minogashite Ball 1-1,,,,,2,,,,,,,,,,,,,,,,,,,,,,,,,,,,,,,,,,,,,,,,,,,,,,,,2019-02-23 08:00:51+00:00,2019-02-23 08:00:51+00:00,0,7554,139,浦添,2026-10-01T20:50:19.593663
2019,2019022302,2019-02-23 13:00:00+09:00,74432091,520303.0,1,5,オープン戦,5.0,5回裏,3,長井,石山,吉本,佐藤,,,1,2,ヤクルト,S,,5,阪神,T,,,,,,,3球目:低めのチェンジアップを見逃してストライク 1-2,3 Tamame: Hikume no Change Up wo Minogashite Strike 1-2,,,,,3,,,,,,,,,,,,,,,,,,,,,,,,,,,,,,,,,,,,,,,,,,,,,,,,2019-02-23 08:00:51+00:00,2019-02-23 08:00:51+00:00,0,7554,139,浦添,2026-10-01T20:50:19.593663
2019,2019022302,2019-02-23 13:00:00+09:00,74432092,520304.0,1,5,オープン戦,5.0,5回裏,3,長井,石山,吉本,佐藤,,,1,2,ヤクルト,S,,5,阪神,T,,,,,,,4球目:甘いスライダーを打ってファウル 1-2,4 Tamame: Amai Slider wo Utte Foul 1-2,,,,,4,,,,,,,,,,,,,,,,,,,,,,,,,,,,,,,,,,,,,,,,,,,,,,,,2019-02-23 08:00:51+00:00,2019-02-23 08:00:51+00:00,0,7554,139,浦添,2026-10-01T20:50:19.593663
2019,2019022302,2019-02-23 13:00:00+09:00,74432093,520300.0,1,5,オープン戦,5.0,5回裏,3,長井,石山,吉本,佐藤,,,1,2,ヤクルト,S,,5,阪神,T,,,,,,,1塁けん制:ランナー西浦帰塁,1 Rui Kensei: Runner Nishinoura Kirui,,,,,0,,,,,,,,,,,,,,,,,,,,,,,,,,,,,,,,,,,,,,,,,,,,,,,,2019-02-23 08:00:51+00:00,2019-02-23 08:00:51+00:00,0,7554,139,浦添,2026-10-01T20:50:19.593663
2019,2019022302,2019-02-23 13:00:00+09:00,74432094,520305.0,1,5,オープン戦,5.0,5回裏,3,長井,石山,吉本,佐藤,,,1,2,ヤクルト,S,,5,阪神,T,,,,,,,5球目:外角低め130キロのチェンジアップを見逃してボール 2-2,5 Tamame: Gaikaku Hikume 130 Kilo no Change Up wo Minogashite Ball 2-2,,,,,5,,,,,,,,,,,,,,,,,,,,,,,,,,,,,,,,,,,,,,,,,,,,,,,,2019-02-23 08:00:51+00:00,2019-02-23 08:00:51+00:00,0,7554,139,浦添,2026-10-01T20:50:19.593663
2019,2019022302,2019-02-23 13:00:00+09:00,74432095,520306.0,1,5,オープン戦,5.0,5回裏,3,長井,石山,吉本,佐藤,,,1,2,ヤクルト,S,,5,阪神,T,,,,,,,6球目:外角高めのストレートを打ってファウル 2-2,6 Tamame: Gaikaku Takame no Straight wo Utte Foul 2-2,,,,,6,,,,,,,,,,,,,,,,,,,,,,,,,,,,,,,,,,,,,,,,,,,,,,,,2019-02-23 08:00:51+00:00,2019-02-23 08:00:51+00:00,0,7554,139,浦添,2026-10-01T20:50:19.593663
2019,2019022302,2019-02-23 13:00:00+09:00,74432096,520307.0,1,5,オープン戦,5.0,5回裏,3,長井,石山,吉本,佐藤,,,1,2,ヤクルト,S,,5,阪神,T,,,,,,,7球目:高めのストレートを打つも1-6-3のダブルプレー 3アウトチェンジ,7 Tamame: Takame no Straight wo Utsu mo 1-6-3 no Double Play 3 Out Change,,,,,7,,,,,,,,,,,,,,,,,,,,,,,,,,,,,,,,,,,,,,,,,,,,,,,,2019-02-23 08:00:51+00:00,2019-02-23 08:00:51+00:00,0,7554,139,浦添,2026-10-01T20:50:19.593663
2019,2019022302,2019-02-23 13:00:00+09:00,74432097,610100.0,1,5,オープン戦,6.0,6回表,1,長井,石山,吉本,佐藤,,,1,2,ヤクルト,S,,5,阪神,T,,,,,,,6回表 ヤ6-2神　阪神は1番北條からの攻撃,6 Kai Hyouya 6-2 Shin Hanshin wa 1 Ban Houjou kara no Kougeki,,,,,0,,,,,,,,,,,,,,,,,,,,,,,,,,,,,,,,,,,,,,,,,,,,,,,,2019-02-23 08:00:51+00:00,2019-02-23 08:00:51+00:00,0,7554,139,浦添,2026-10-01T20:50:19.593663
2019,2019022302,2019-02-23 13:00:00+09:00,74432098,610100.0,1,5,オープン戦,6.0,6回表,1,長井,石山,吉本,佐藤,,,1,2,ヤクルト,S,,5,阪神,T,,,,,,,投手交代:高梨→近藤,Toushu Koutai: Takanashi Kondou,,,,,0,,,,,,,,,,,,,,,,,,,,,,,,,,,,,,,,,,,,,,,,,,,,,,,,2019-02-23 08:00:51+00:00,2019-02-23 08:00:51+00:00,0,7554,139,浦添,2026-10-01T20:50:19.593663
2019,2019022302,2019-02-23 13:00:00+09:00,74432099,610100.0,1,5,オープン戦,6.0,6回表,1,長井,石山,吉本,佐藤,,,1,2,ヤクルト,S,,5,阪神,T,,,,,,,＜1番：北條＞無死走者なし,<1 Ban: Houjou> Mushi Sousha Nashi,,,,,0,,,,,,,,,,,,,,,,,,,,,,,,,,,,,,,,,,,,,,,,,,,,,,,,2019-02-23 08:00:51+00:00,2019-02-23 08:00:51+00:00,0,7554,139,浦添,2026-10-01T20:50:19.593663
2019,2019022302,2019-02-23 13:00:00+09:00,74432100,610101.0,1,5,オープン戦,6.0,6回表,1,長井,石山,吉本,佐藤,,,1,2,ヤクルト,S,,5,阪神,T,,,,,,,1球目:高めのストレートを見逃してストライク 0-1,1 Tamame: Takame no Straight wo Minogashite Strike 0-1,,,,,1,,,,,,,,,,,,,,,,,,,,,,,,,,,,,,,,,,,,,,,,,,,,,,,,2019-02-23 08:00:51+00:00,2019-02-23 08:00:51+00:00,0,7554,139,浦添,2026-10-01T20:50:19.593663
2019,2019022302,2019-02-23 13:00:00+09:00,74432101,610102.0,1,5,オープン戦,6.0,6回表,1,長井,石山,吉本,佐藤,,,1,2,ヤクルト,S,,5,阪神,T,,,,,,,2球目:内角のストレートを打ってファウル 0-2,2 Tamame: Naikaku no Straight wo Utte Foul 0-2,,,,,2,,,,,,,,,,,,,,,,,,,,,,,,,,,,,,,,,,,,,,,,,,,,,,,,2019-02-23 08:00:51+00:00,2019-02-23 08:00:51+00:00,0,7554,139,浦添,2026-10-01T20:50:19.593663
2019,2019022302,2019-02-23 13:00:00+09:00,74432102,610103.0,1,5,オープン戦,6.0,6回表,1,長井,石山,吉本,佐藤,,,1,2,ヤクルト,S,,5,阪神,T,,,,,,,3球目:ハーフスイングを取られて3球三振 1アウト,3 Tamame: Half Swing wo Torarete 3 Kyuu Sanshin 1 Out,,,,,3,,,,,,,,,,,,,,,,,,,,,,,,,,,,,,,,,,,,,,,,,,,,,,,,2019-02-23 08:00:51+00:00,2019-02-23 08:00:51+00:00,0,7554,139,浦添,2026-10-01T20:50:19.593663
2019,2019022302,2019-02-23 13:00:00+09:00,74432103,610200.0,1,5,オープン戦,6.0,6回表,2,長井,石山,吉本,佐藤,,,1,2,ヤクルト,S,,5,阪神,T,,,,,,,＜2番：糸原＞一死走者なし,<2 Ban: Itohara> Ichi Shi Sousha Nashi,,,,,0,,,,,,,,,,,,,,,,,,,,,,,,,,,,,,,,,,,,,,,,,,,,,,,,2019-02-23 08:00:51+00:00,2019-02-23 08:00:51+00:00,0,7554,139,浦添,2026-10-01T20:50:19.593663
2019,2019022302,2019-02-23 13:00:00+09:00,74432104,610201.0,1,5,オープン戦,6.0,6回表,2,長井,石山,吉本,佐藤,,,1,2,ヤクルト,S,,5,阪神,T,,,,,,,1球目:内角高め142キロのストレートを見逃してストライク 0-1,1 Tamame: Naikaku Takame 142 Kilo no Straight wo Minogashite Strike 0-1,,,,,1,,,,,,,,,,,,,,,,,,,,,,,,,,,,,,,,,,,,,,,,,,,,,,,,2019-02-23 08:00:51+00:00,2019-02-23 08:00:51+00:00,0,7554,139,浦添,2026-10-01T20:50:19.593663
2019,2019022302,2019-02-23 13:00:00+09:00,74432105,610202.0,1,5,オープン戦,6.0,6回表,2,長井,石山,吉本,佐藤,,,1,2,ヤクルト,S,,5,阪神,T,,,,,,,2球目:外角低め133キロのフォークを見逃してボール 1-1,2 Tamame: Gaikaku Hikume 133 Kilo no Fork wo Minogashite Ball 1-1,,,,,2,,,,,,,,,,,,,,,,,,,,,,,,,,,,,,,,,,,,,,,,,,,,,,,,2019-02-23 08:00:51+00:00,2019-02-23 08:00:51+00:00,0,7554,139,浦添,2026-10-01T20:50:19.593663
2019,2019022302,2019-02-23 13:00:00+09:00,74432106,610203.0,1,5,オープン戦,6.0,6回表,2,長井,石山,吉本,佐藤,,,1,2,ヤクルト,S,,5,阪神,T,,,,,,,3球目:際どいコースのストレートを見逃してストライク 1-2,3 Tamame: Kiwadoi Course no Straight wo Minogashite Strike 1-2,,,,,3,,,,,,,,,,,,,,,,,,,,,,,,,,,,,,,,,,,,,,,,,,,,,,,,2019-02-23 08:00:51+00:00,2019-02-23 08:00:51+00:00,0,7554,139,浦添,2026-10-01T20:50:19.593663
2019,2019022302,2019-02-23 13:00:00+09:00,74432107,610204.0,1,5,オープン戦,6.0,6回表,2,長井,石山,吉本,佐藤,,,1,2,ヤクルト,S,,5,阪神,T,,,,,,,4球目:ど真ん中の真っ直ぐを打つもセンターフライ 2アウト,4 Tamame: Domannaka no Massugu wo Utsu mo Center Fly 2 Out,,,,,4,,,,,,,,,,,,,,,,,,,,,,,,,,,,,,,,,,,,,,,,,,,,,,,,2019-02-23 08:00:51+00:00,2019-02-23 08:00:51+00:00,0,7554,139,浦添,2026-10-01T20:50:19.593663
2019,2019022302,2019-02-23 13:00:00+09:00,74432108,610300.0,1,5,オープン戦,6.0,6回表,3,長井,石山,吉本,佐藤,,,1,2,ヤクルト,S,,5,阪神,T,,,,,,,ナバーロ→代打:木浪,Nabaaro Daida: Mokurou,,,,,0,,,,,,,,,,,,,,,,,,,,,,,,,,,,,,,,,,,,,,,,,,,,,,,,2019-02-23 08:00:51+00:00,2019-02-23 08:00:51+00:00,0,7554,139,浦添,2026-10-01T20:50:19.593663
2019,2019022302,2019-02-23 13:00:00+09:00,74432109,610300.0,1,5,オープン戦,6.0,6回表,3,長井,石山,吉本,佐藤,,,1,2,ヤクルト,S,,5,阪神,T,,,,,,,＜代打：木浪＞二死走者なし,< Daida: Mokurou> Ni Shi Sousha Nashi,,,,,0,,,,,,,,,,,,,,,,,,,,,,,,,,,,,,,,,,,,,,,,,,,,,,,,2019-02-23 08:00:51+00:00,2019-02-23 08:00:51+00:00,0,7554,139,浦添,2026-10-01T20:50:19.593663
2019,2019022302,2019-02-23 13:00:00+09:00,74432110,610301.0,1,5,オープン戦,6.0,6回表,3,長井,石山,吉本,佐藤,,,1,2,ヤクルト,S,,5,阪神,T,,,,,,,1球目:外角高めの変化球を見逃してストライク 0-1,1 Tamame: Gaikaku Takame no Henka Kyuu wo Minogashite Strike 0-1,,,,,1,,,,,,,,,,,,,,,,,,,,,,,,,,,,,,,,,,,,,,,,,,,,,,,,2019-02-23 08:00:51+00:00,2019-02-23 08:00:51+00:00,0,7554,139,浦添,2026-10-01T20:50:19.593663
2019,2019022302,2019-02-23 13:00:00+09:00,74432111,610302.0,1,5,オープン戦,6.0,6回表,3,長井,石山,吉本,佐藤,,,1,2,ヤクルト,S,,5,阪神,T,,,,,,,2球目:内角のストレートを見逃してストライク 0-2,2 Tamame: Naikaku no Straight wo Minogashite Strike 0-2,,,,,2,,,,,,,,,,,,,,,,,,,,,,,,,,,,,,,,,,,,,,,,,,,,,,,,2019-02-23 08:00:51+00:00,2019-02-23 08:00:51+00:00,0,7554,139,浦添,2026-10-01T20:50:19.593663
2019,2019022302,2019-02-23 13:00:00+09:00,74432112,610303.0,1,5,オープン戦,6.0,6回表,3,長井,石山,吉本,佐藤,,,1,2,ヤクルト,S,,5,阪神,T,,,,,,,3球目:際どいコースのストレートを見極めてボール 1-2,3 Tamame: Kiwadoi Course no Straight wo Mikiwamete Ball 1-2,,,,,3,,,,,,,,,,,,,,,,,,,,,,,,,,,,,,,,,,,,,,,,,,,,,,,,2019-02-23 08:00:51+00:00,2019-02-23 08:00:51+00:00,0,7554,139,浦添,2026-10-01T20:50:19.593663
2019,2019022302,2019-02-23 13:00:00+09:00,74432113,610304.0,1,5,オープン戦,6.0,6回表,3,長井,石山,吉本,佐藤,,,1,2,ヤクルト,S,,5,阪神,T,,,,,,,4球目:甘い変化球を打ってファウル 1-2,4 Tamame: Amai Henka Kyuu wo Utte Foul 1-2,,,,,4,,,,,,,,,,,,,,,,,,,,,,,,,,,,,,,,,,,,,,,,,,,,,,,,2019-02-23 08:00:51+00:00,2019-02-23 08:00:51+00:00,0,7554,139,浦添,2026-10-01T20:50:19.593663
2019,2019022302,2019-02-23 13:00:00+09:00,74432114,610305.0,1,5,オープン戦,6.0,6回表,3,長井,石山,吉本,佐藤,,,1,2,ヤクルト,S,,5,阪神,T,,,,,,,5球目:外角のスライダーを打つもライトフライ 3アウトチェンジ,5 Tamame: Gaikaku no Slider wo Utsu mo Raito Fly 3 Out Change,,,,,5,,,,,,,,,,,,,,,,,,,,,,,,,,,,,,,,,,,,,,,,,,,,,,,,2019-02-23 08:00:51+00:00,2019-02-23 08:00:51+00:00,0,7554,139,浦添,2026-10-01T20:50:19.593663
2019,2019022302,2019-02-23 13:00:00+09:00,74432115,620100.0,1,5,オープン戦,6.0,6回裏,1,長井,石山,吉本,佐藤,,,1,2,ヤクルト,S,,5,阪神,T,,,,,,,6回裏 ヤ6-2神　ヤクルトは9番塩見からの攻撃,6 Kai Uraya 6-2 Kami Yakuruto wa 9 Ban Shiomi kara no Kougeki,,,,,0,,,,,,,,,,,,,,,,,,,,,,,,,,,,,,,,,,,,,,,,,,,,,,,,2019-02-23 08:00:51+00:00,2019-02-23 08:00:51+00:00,0,7554,139,浦添,2026-10-01T20:50:19.593663
2019,2019022302,2019-02-23 13:00:00+09:00,74432116,620100.0,1,5,オープン戦,6.0,6回裏,1,長井,石山,吉本,佐藤,,,1,2,ヤクルト,S,,5,阪神,T,,,,,,,投手交代:飯田→伊藤和,Toushu Koutai: Iida Itou Wa,,,,,0,,,,,,,,,,,,,,,,,,,,,,,,,,,,,,,,,,,,,,,,,,,,,,,,2019-02-23 08:00:51+00:00,2019-02-23 08:00:51+00:00,0,7554,139,浦添,2026-10-01T20:50:19.593663
2019,2019022302,2019-02-23 13:00:00+09:00,74432117,620100.0,1,5,オープン戦,6.0,6回裏,1,長井,石山,吉本,佐藤,,,1,2,ヤクルト,S,,5,阪神,T,,,,,,,＜9番：塩見＞無死走者なし,<9 Ban: Shiomi> Mushi Sousha Nashi,,,,,0,,,,,,,,,,,,,,,,,,,,,,,,,,,,,,,,,,,,,,,,,,,,,,,,2019-02-23 08:00:51+00:00,2019-02-23 08:00:51+00:00,0,7554,139,浦添,2026-10-01T20:50:19.593663
2019,2019022302,2019-02-23 13:00:00+09:00,74432118,620101.0,1,5,オープン戦,6.0,6回裏,1,長井,石山,吉本,佐藤,,,1,2,ヤクルト,S,,5,阪神,T,,,,,,,1球目:外角低めのストレートを見逃してボール 1-0,1 Tamame: Gaikaku Hikume no Straight wo Minogashite Ball 1-0,,,,,1,,,,,,,,,,,,,,,,,,,,,,,,,,,,,,,,,,,,,,,,,,,,,,,,2019-02-23 08:00:51+00:00,2019-02-23 08:00:51+00:00,0,7554,139,浦添,2026-10-01T20:50:19.593663
2019,2019022302,2019-02-23 13:00:00+09:00,74432119,620102.0,1,5,オープン戦,6.0,6回裏,1,長井,石山,吉本,佐藤,,,1,2,ヤクルト,S,,5,阪神,T,,,,,,,2球目:内角高めのストレートを打ってファウル 1-1,2 Tamame: Naikaku Takame no Straight wo Utte Foul 1-1,,,,,2,,,,,,,,,,,,,,,,,,,,,,,,,,,,,,,,,,,,,,,,,,,,,,,,2019-02-23 08:00:51+00:00,2019-02-23 08:00:51+00:00,0,7554,139,浦添,2026-10-01T20:50:19.593663
2019,2019022302,2019-02-23 13:00:00+09:00,74432120,620103.0,1,5,オープン戦,6.0,6回裏,1,長井,石山,吉本,佐藤,,,1,2,ヤクルト,S,,5,阪神,T,,,,,,,3球目:高めのストレートを打ってファウル 1-2,3 Tamame: Takame no Straight wo Utte Foul 1-2,,,,,3,,,,,,,,,,,,,,,,,,,,,,,,,,,,,,,,,,,,,,,,,,,,,,,,2019-02-23 08:00:51+00:00,2019-02-23 08:00:51+00:00,0,7554,139,浦添,2026-10-01T20:50:19.593663
2019,2019022302,2019-02-23 13:00:00+09:00,74432121,620104.0,1,5,オープン戦,6.0,6回裏,1,長井,石山,吉本,佐藤,,,1,2,ヤクルト,S,,5,阪神,T,,,,,,,4球目:空振り三振 1アウト,4 Tamame: Karaburi Sanshin 1 Out,,,,,4,,,,,,,,,,,,,,,,,,,,,,,,,,,,,,,,,,,,,,,,,,,,,,,,2019-02-23 08:00:51+00:00,2019-02-23 08:00:51+00:00,0,7554,139,浦添,2026-10-01T20:50:19.593663
2019,2019022302,2019-02-23 13:00:00+09:00,74432122,620200.0,1,5,オープン戦,6.0,6回裏,2,長井,石山,吉本,佐藤,,,1,2,ヤクルト,S,,5,阪神,T,,,,,,,＜1番：廣岡＞一死走者なし,<1 Ban: Hirooka> Ichi Shi Sousha Nashi,,,,,0,,,,,,,,,,,,,,,,,,,,,,,,,,,,,,,,,,,,,,,,,,,,,,,,2019-02-23 08:00:51+00:00,2019-02-23 08:00:51+00:00,0,7554,139,浦添,2026-10-01T20:50:19.593663
2019,2019022302,2019-02-23 13:00:00+09:00,74432123,620201.0,1,5,オープン戦,6.0,6回裏,2,長井,石山,吉本,佐藤,,,1,2,ヤクルト,S,,5,阪神,T,,,,,,,1球目:ど真ん中の球を見逃してストライク 0-1,1 Tamame: Domannaka no Tama wo Minogashite Strike 0-1,,,,,1,,,,,,,,,,,,,,,,,,,,,,,,,,,,,,,,,,,,,,,,,,,,,,,,2019-02-23 08:00:51+00:00,2019-02-23 08:00:51+00:00,0,7554,139,浦添,2026-10-01T20:50:19.593663
2019,2019022302,2019-02-23 13:00:00+09:00,74432124,620202.0,1,5,オープン戦,6.0,6回裏,2,長井,石山,吉本,佐藤,,,1,2,ヤクルト,S,,5,阪神,T,,,,,,,2球目:外角低め131キロのスライダーを見逃してボール 1-1,2 Tamame: Gaikaku Hikume 131 Kilo no Slider wo Minogashite Ball 1-1,,,,,2,,,,,,,,,,,,,,,,,,,,,,,,,,,,,,,,,,,,,,,,,,,,,,,,2019-02-23 08:00:51+00:00,2019-02-23 08:00:51+00:00,0,7554,139,浦添,2026-10-01T20:50:19.593663
2019,2019022302,2019-02-23 13:00:00+09:00,74432125,620203.0,1,5,オープン戦,6.0,6回裏,2,長井,石山,吉本,佐藤,,,1,2,ヤクルト,S,,5,阪神,T,,,,,,,3球目:外角低めのストレートを見逃してボール 2-1,3 Tamame: Gaikaku Hikume no Straight wo Minogashite Ball 2-1,,,,,3,,,,,,,,,,,,,,,,,,,,,,,,,,,,,,,,,,,,,,,,,,,,,,,,2019-02-23 08:00:51+00:00,2019-02-23 08:00:51+00:00,0,7554,139,浦添,2026-10-01T20:50:19.593663
2019,2019022302,2019-02-23 13:00:00+09:00,74432126,620204.0,1,5,オープン戦,6.0,6回裏,2,長井,石山,吉本,佐藤,,,1,2,ヤクルト,S,,5,阪神,T,,,,,,,4球目:外角低めの変化球を見逃してストライク 2-2,4 Tamame: Gaikaku Hikume no Henka Kyuu wo Minogashite Strike 2-2,,,,,4,,,,,,,,,,,,,,,,,,,,,,,,,,,,,,,,,,,,,,,,,,,,,,,,2019-02-23 08:00:51+00:00,2019-02-23 08:00:51+00:00,0,7554,139,浦添,2026-10-01T20:50:19.593663
2019,2019022302,2019-02-23 13:00:00+09:00,74432127,620205.0,1,5,オープン戦,6.0,6回裏,2,長井,石山,吉本,佐藤,,,1,2,ヤクルト,S,,5,阪神,T,,,,,,,5球目:外角の真っ直ぐを打つもライトフライ 2アウト,5 Tamame: Gaikaku no Massugu wo Utsu mo Raito Fly 2 Out,,,,,5,,,,,,,,,,,,,,,,,,,,,,,,,,,,,,,,,,,,,,,,,,,,,,,,2019-02-23 08:00:51+00:00,2019-02-23 08:00:51+00:00,0,7554,139,浦添,2026-10-01T20:50:19.593663
2019,2019022302,2019-02-23 13:00:00+09:00,74432128,620300.0,1,5,オープン戦,6.0,6回裏,3,長井,石山,吉本,佐藤,,,1,2,ヤクルト,S,,5,阪神,T,,,,,,,＜2番：奥村＞二死走者なし,<2 Ban: Okumura> Ni Shi Sousha Nashi,,,,,0,,,,,,,,,,,,,,,,,,,,,,,,,,,,,,,,,,,,,,,,,,,,,,,,2019-02-23 08:00:51+00:00,2019-02-23 08:00:51+00:00,0,7554,139,浦添,2026-10-01T20:50:19.593663
2019,2019022302,2019-02-23 13:00:00+09:00,74432129,620301.0,1,5,オープン戦,6.0,6回裏,3,長井,石山,吉本,佐藤,,,1,2,ヤクルト,S,,5,阪神,T,,,,,,,1球目:外角142キロのストレートを見逃してボール 1-0,1 Tamame: Gaikaku 142 Kilo no Straight wo Minogashite Ball 1-0,,,,,1,,,,,,,,,,,,,,,,,,,,,,,,,,,,,,,,,,,,,,,,,,,,,,,,2019-02-23 08:00:51+00:00,2019-02-23 08:00:51+00:00,0,7554,139,浦添,2026-10-01T20:50:19.593663
2019,2019022302,2019-02-23 13:00:00+09:00,74432130,620302.0,1,5,オープン戦,6.0,6回裏,3,長井,石山,吉本,佐藤,,,1,2,ヤクルト,S,,5,阪神,T,,,,,,,2球目:甘い変化球を見逃してストライク 1-1,2 Tamame: Amai Henka Kyuu wo Minogashite Strike 1-1,,,,,2,,,,,,,,,,,,,,,,,,,,,,,,,,,,,,,,,,,,,,,,,,,,,,,,2019-02-23 08:00:51+00:00,2019-02-23 08:00:51+00:00,0,7554,139,浦添,2026-10-01T20:50:19.593663
2019,2019022302,2019-02-23 13:00:00+09:00,74432131,620303.0,1,5,オープン戦,6.0,6回裏,3,長井,石山,吉本,佐藤,,,1,2,ヤクルト,S,,5,阪神,T,,,,,,,3球目:低めの落ちる球を打つもセカンドゴロ 3アウトチェンジ,3 Tamame: Hikume no Ochiru Tama wo Utsu mo Sekando Grounder 3 Out Change,,,,,3,,,,,,,,,,,,,,,,,,,,,,,,,,,,,,,,,,,,,,,,,,,,,,,,2019-02-23 08:00:51+00:00,2019-02-23 08:00:51+00:00,0,7554,139,浦添,2026-10-01T20:50:19.593663
2019,2019022302,2019-02-23 13:00:00+09:00,74432132,710100.0,1,5,オープン戦,7.0,7回表,1,長井,石山,吉本,佐藤,,,1,2,ヤクルト,S,,5,阪神,T,,,,,,,7回表 ヤ6-2神　阪神は4番大山からの攻撃,7 Kai Hyouya 6-2 Shin Hanshin wa 4 Ban Taisan kara no Kougeki,,,,,0,,,,,,,,,,,,,,,,,,,,,,,,,,,,,,,,,,,,,,,,,,,,,,,,2019-02-23 08:00:51+00:00,2019-02-23 08:00:51+00:00,0,7554,139,浦添,2026-10-01T20:50:19.593663
2019,2019022302,2019-02-23 13:00:00+09:00,74432133,710100.0,1,5,オープン戦,7.0,7回表,1,長井,石山,吉本,佐藤,,,1,2,ヤクルト,S,,5,阪神,T,,,,,,,投手交代:近藤→石山,Toushu Koutai: Kondou Ishiyama,,,,,0,,,,,,,,,,,,,,,,,,,,,,,,,,,,,,,,,,,,,,,,,,,,,,,,2019-02-23 08:00:51+00:00,2019-02-23 08:00:51+00:00,0,7554,139,浦添,2026-10-01T20:50:19.593663
2019,2019022302,2019-02-23 13:00:00+09:00,74432134,710100.0,1,5,オープン戦,7.0,7回表,1,長井,石山,吉本,佐藤,,,1,2,ヤクルト,S,,5,阪神,T,,,,,,,＜4番：大山＞無死走者なし,<4 Ban: Daisen> Mushi Sousha Nashi,,,,,0,,,,,,,,,,,,,,,,,,,,,,,,,,,,,,,,,,,,,,,,,,,,,,,,2019-02-23 08:00:51+00:00,2019-02-23 08:00:51+00:00,0,7554,139,浦添,2026-10-01T20:50:19.593663
2019,2019022302,2019-02-23 13:00:00+09:00,74432135,710101.0,1,5,オープン戦,7.0,7回表,1,長井,石山,吉本,佐藤,,,1,2,ヤクルト,S,,5,阪神,T,,,,,,,1球目:高め141キロのストレートを見逃してストライク 0-1,1 Tamame: Takame 141 Kilo no Straight wo Minogashite Strike 0-1,,,,,1,,,,,,,,,,,,,,,,,,,,,,,,,,,,,,,,,,,,,,,,,,,,,,,,2019-02-23 08:00:51+00:00,2019-02-23 08:00:51+00:00,0,7554,139,浦添,2026-10-01T20:50:19.593663
2019,2019022302,2019-02-23 13:00:00+09:00,74432136,710102.0,1,5,オープン戦,7.0,7回表,1,長井,石山,吉本,佐藤,,,1,2,ヤクルト,S,,5,阪神,T,,,,,,,2球目:内角のストレートを打つもセンターフライ 1アウト,2 Tamame: Naikaku no Straight wo Utsu mo Center Fly 1 Out,,,,,2,,,,,,,,,,,,,,,,,,,,,,,,,,,,,,,,,,,,,,,,,,,,,,,,2019-02-23 08:00:51+00:00,2019-02-23 08:00:51+00:00,0,7554,139,浦添,2026-10-01T20:50:19.593663
2019,2019022302,2019-02-23 13:00:00+09:00,74432137,710200.0,1,5,オープン戦,7.0,7回表,2,長井,石山,吉本,佐藤,,,1,2,ヤクルト,S,,5,阪神,T,,,,,,,＜5番：近本＞一死走者なし,<5 Ban: Kinhon> Ichi Shi Sousha Nashi,,,,,0,,,,,,,,,,,,,,,,,,,,,,,,,,,,,,,,,,,,,,,,,,,,,,,,2019-02-23 08:00:51+00:00,2019-02-23 08:00:51+00:00,0,7554,139,浦添,2026-10-01T20:50:19.593663
2019,2019022302,2019-02-23 13:00:00+09:00,74432138,710201.0,1,5,オープン戦,7.0,7回表,2,長井,石山,吉本,佐藤,,,1,2,ヤクルト,S,,5,阪神,T,,,,,,,1球目:外角高めのストレートを見逃してボール 1-0,1 Tamame: Gaikaku Takame no Straight wo Minogashite Ball 1-0,,,,,1,,,,,,,,,,,,,,,,,,,,,,,,,,,,,,,,,,,,,,,,,,,,,,,,2019-02-23 08:00:51+00:00,2019-02-23 08:00:51+00:00,0,7554,139,浦添,2026-10-01T20:50:19.593663
2019,2019022302,2019-02-23 13:00:00+09:00,74432139,710202.0,1,5,オープン戦,7.0,7回表,2,長井,石山,吉本,佐藤,,,1,2,ヤクルト,S,,5,阪神,T,,,,,,,2球目:高めの真っ直ぐを打つもショートフライ 2アウト,2 Tamame: Takame no Massugu wo Utsu mo Short Fly 2 Out,,,,,2,,,,,,,,,,,,,,,,,,,,,,,,,,,,,,,,,,,,,,,,,,,,,,,,2019-02-23 08:00:51+00:00,2019-02-23 08:00:51+00:00,0,7554,139,浦添,2026-10-01T20:50:19.593663
2019,2019022302,2019-02-23 13:00:00+09:00,74432140,710300.0,1,5,オープン戦,7.0,7回表,3,長井,石山,吉本,佐藤,,,1,2,ヤクルト,S,,5,阪神,T,,,,,,,＜6番：板山＞二死走者なし,<6 Ban: Itayama> Ni Shi Sousha Nashi,,,,,0,,,,,,,,,,,,,,,,,,,,,,,,,,,,,,,,,,,,,,,,,,,,,,,,2019-02-23 08:00:51+00:00,2019-02-23 08:00:51+00:00,0,7554,139,浦添,2026-10-01T20:50:19.593663
2019,2019022302,2019-02-23 13:00:00+09:00,74432141,710301.0,1,5,オープン戦,7.0,7回表,3,長井,石山,吉本,佐藤,,,1,2,ヤクルト,S,,5,阪神,T,,,,,,,1球目:内角高め132キロのスライダーを見逃してストライク 0-1,1 Tamame: Naikaku Takame 132 Kilo no Slider wo Minogashite Strike 0-1,,,,,1,,,,,,,,,,,,,,,,,,,,,,,,,,,,,,,,,,,,,,,,,,,,,,,,2019-02-23 08:00:51+00:00,2019-02-23 08:00:51+00:00,0,7554,139,浦添,2026-10-01T20:50:19.593663
2019,2019022302,2019-02-23 13:00:00+09:00,74432142,710302.0,1,5,オープン戦,7.0,7回表,3,長井,石山,吉本,佐藤,,,1,2,ヤクルト,S,,5,阪神,T,,,,,,,2球目:ワンバウンドのフォークを見逃してボール 1-1,2 Tamame: One Bound no Fork wo Minogashite Ball 1-1,,,,,2,,,,,,,,,,,,,,,,,,,,,,,,,,,,,,,,,,,,,,,,,,,,,,,,2019-02-23 08:00:51+00:00,2019-02-23 08:00:51+00:00,0,7554,139,浦添,2026-10-01T20:50:19.593663
2019,2019022302,2019-02-23 13:00:00+09:00,74432143,710303.0,1,5,オープン戦,7.0,7回表,3,長井,石山,吉本,佐藤,,,1,2,ヤクルト,S,,5,阪神,T,,,,,,,3球目:外角高めのストレートを打ってファウル 1-2,3 Tamame: Gaikaku Takame no Straight wo Utte Foul 1-2,,,,,3,,,,,,,,,,,,,,,,,,,,,,,,,,,,,,,,,,,,,,,,,,,,,,,,2019-02-23 08:00:51+00:00,2019-02-23 08:00:51+00:00,0,7554,139,浦添,2026-10-01T20:50:19.593663
2019,2019022302,2019-02-23 13:00:00+09:00,74432144,710304.0,1,5,オープン戦,7.0,7回表,3,長井,石山,吉本,佐藤,,,1,2,ヤクルト,S,,5,阪神,T,,,,,,,4球目:ど真ん中のスライダーを打つもレフトフライ 3アウトチェンジ,4 Tamame: Domannaka no Slider wo Utsu mo Left Fly 3 Out Change,,,,,4,,,,,,,,,,,,,,,,,,,,,,,,,,,,,,,,,,,,,,,,,,,,,,,,2019-02-23 08:00:51+00:00,2019-02-23 08:00:51+00:00,0,7554,139,浦添,2026-10-01T20:50:19.593663
2019,2019022302,2019-02-23 13:00:00+09:00,74432145,720100.0,1,5,オープン戦,7.0,7回裏,1,長井,石山,吉本,佐藤,,,1,2,ヤクルト,S,,5,阪神,T,,,,,,,7回裏 ヤ6-2神　ヤクルトは3番太田からの攻撃,7 Kai Uraya 6-2 Kami Yakuruto wa 3 Ban Oota kara no Kougeki,,,,,0,,,,,,,,,,,,,,,,,,,,,,,,,,,,,,,,,,,,,,,,,,,,,,,,2019-02-23 08:00:51+00:00,2019-02-23 08:00:51+00:00,0,7554,139,浦添,2026-10-01T20:50:19.593663
2019,2019022302,2019-02-23 13:00:00+09:00,74432146,720100.0,1,5,オープン戦,7.0,7回裏,1,長井,石山,吉本,佐藤,,,1,2,ヤクルト,S,,5,阪神,T,,,,,,,投手交代:伊藤和→馬場,Toushu Koutai: Itou Wa Baba,,,,,0,,,,,,,,,,,,,,,,,,,,,,,,,,,,,,,,,,,,,,,,,,,,,,,,2019-02-23 08:00:51+00:00,2019-02-23 08:00:51+00:00,0,7554,139,浦添,2026-10-01T20:50:19.593663
2019,2019022302,2019-02-23 13:00:00+09:00,74432147,720100.0,1,5,オープン戦,7.0,7回裏,1,長井,石山,吉本,佐藤,,,1,2,ヤクルト,S,,5,阪神,T,,,,,,,＜3番：太田＞無死走者なし,<3 Ban: Oota> Mushi Sousha Nashi,,,,,0,,,,,,,,,,,,,,,,,,,,,,,,,,,,,,,,,,,,,,,,,,,,,,,,2019-02-23 08:00:51+00:00,2019-02-23 08:00:51+00:00,0,7554,139,浦添,2026-10-01T20:50:19.593663
2019,2019022302,2019-02-23 13:00:00+09:00,74432148,720101.0,1,5,オープン戦,7.0,7回裏,1,長井,石山,吉本,佐藤,,,1,2,ヤクルト,S,,5,阪神,T,,,,,,,1球目:内角高めのカットボールを打ちにいくもファウル 0-1,1 Tamame: Naikaku Takame no Cut Ball wo Uchi ni Iku mo Foul 0-1,,,,,1,,,,,,,,,,,,,,,,,,,,,,,,,,,,,,,,,,,,,,,,,,,,,,,,2019-02-23 08:00:51+00:00,2019-02-23 08:00:51+00:00,0,7554,139,浦添,2026-10-01T20:50:19.593663
2019,2019022302,2019-02-23 13:00:00+09:00,74432149,720102.0,1,5,オープン戦,7.0,7回裏,1,長井,石山,吉本,佐藤,,,1,2,ヤクルト,S,,5,阪神,T,,,,,,,2球目:内角のストレートを打つもファーストゴロ 1アウト,2 Tamame: Naikaku no Straight wo Utsu mo First Grounder 1 Out,,,,,2,,,,,,,,,,,,,,,,,,,,,,,,,,,,,,,,,,,,,,,,,,,,,,,,2019-02-23 08:00:51+00:00,2019-02-23 08:00:51+00:00,0,7554,139,浦添,2026-10-01T20:50:19.593663
2019,2019022302,2019-02-23 13:00:00+09:00,74432150,720200.0,1,5,オープン戦,7.0,7回裏,2,長井,石山,吉本,佐藤,,,1,2,ヤクルト,S,,5,阪神,T,,,,,,,渡邉→代打:宮本,Watanabe Daida: Miyamoto,,,,,0,,,,,,,,,,,,,,,,,,,,,,,,,,,,,,,,,,,,,,,,,,,,,,,,2019-02-23 08:00:51+00:00,2019-02-23 08:00:51+00:00,0,7554,139,浦添,2026-10-01T20:50:19.593663
2019,2019022302,2019-02-23 13:00:00+09:00,74432151,720200.0,1,5,オープン戦,7.0,7回裏,2,長井,石山,吉本,佐藤,,,1,2,ヤクルト,S,,5,阪神,T,,,,,,,＜代打：宮本＞一死走者なし,< Daida: Miyamoto> Ichi Shi Sousha Nashi,,,,,0,,,,,,,,,,,,,,,,,,,,,,,,,,,,,,,,,,,,,,,,,,,,,,,,2019-02-23 08:00:51+00:00,2019-02-23 08:00:51+00:00,0,7554,139,浦添,2026-10-01T20:50:19.593663
2019,2019022302,2019-02-23 13:00:00+09:00,74432152,720201.0,1,5,オープン戦,7.0,7回裏,2,長井,石山,吉本,佐藤,,,1,2,ヤクルト,S,,5,阪神,T,,,,,,,1球目:内角低めのストレートを見逃してボール 1-0,1 Tamame: Naikaku Hikume no Straight wo Minogashite Ball 1-0,,,,,1,,,,,,,,,,,,,,,,,,,,,,,,,,,,,,,,,,,,,,,,,,,,,,,,2019-02-23 08:00:51+00:00,2019-02-23 08:00:51+00:00,0,7554,139,浦添,2026-10-01T20:50:19.593663
2019,2019022302,2019-02-23 13:00:00+09:00,74432153,720202.0,1,5,オープン戦,7.0,7回裏,2,長井,石山,吉本,佐藤,,,1,2,ヤクルト,S,,5,阪神,T,,,,,,,2球目:外角高めのストレートを見逃してボール 2-0,2 Tamame: Gaikaku Takame no Straight wo Minogashite Ball 2-0,,,,,2,,,,,,,,,,,,,,,,,,,,,,,,,,,,,,,,,,,,,,,,,,,,,,,,2019-02-23 08:00:51+00:00,2019-02-23 08:00:51+00:00,0,7554,139,浦添,2026-10-01T20:50:19.593663
2019,2019022302,2019-02-23 13:00:00+09:00,74432154,720203.0,1,5,オープン戦,7.0,7回裏,2,長井,石山,吉本,佐藤,,,1,2,ヤクルト,S,,5,阪神,T,,,,,,,3球目:際どいコースのストレートを見逃してボール 3-0,3 Tamame: Kiwadoi Course no Straight wo Minogashite Ball 3-0,,,,,3,,,,,,,,,,,,,,,,,,,,,,,,,,,,,,,,,,,,,,,,,,,,,,,,2019-02-23 08:00:51+00:00,2019-02-23 08:00:51+00:00,0,7554,139,浦添,2026-10-01T20:50:19.593663
2019,2019022302,2019-02-23 13:00:00+09:00,74432155,720204.0,1,5,オープン戦,7.0,7回裏,2,長井,石山,吉本,佐藤,,,1,2,ヤクルト,S,,5,阪神,T,,,,,,,4球目:129キロのスライダーを見逃してストライク 3-1,4 Tamame:129 Kilo no Slider wo Minogashite Strike 3-1,,,,,4,,,,,,,,,,,,,,,,,,,,,,,,,,,,,,,,,,,,,,,,,,,,,,,,2019-02-23 08:00:51+00:00,2019-02-23 08:00:51+00:00,0,7554,139,浦添,2026-10-01T20:50:19.593663
2019,2019022302,2019-02-23 13:00:00+09:00,74432156,720205.0,1,5,オープン戦,7.0,7回裏,2,長井,石山,吉本,佐藤,,,1,2,ヤクルト,S,,5,阪神,T,,,,,,,5球目:外角131キロのカットボールを見逃してストライク 3-2,5 Tamame: Gaikaku 131 Kilo no Cut Ball wo Minogashite Strike 3-2,,,,,5,,,,,,,,,,,,,,,,,,,,,,,,,,,,,,,,,,,,,,,,,,,,,,,,2019-02-23 08:00:51+00:00,2019-02-23 08:00:51+00:00,0,7554,139,浦添,2026-10-01T20:50:19.593663
2019,2019022302,2019-02-23 13:00:00+09:00,74432157,720206.0,1,5,オープン戦,7.0,7回裏,2,長井,石山,吉本,佐藤,,,1,2,ヤクルト,S,,5,阪神,T,,,,,,,6球目:甘い変化球を打ってファウル 3-2,6 Tamame: Amai Henka Kyuu wo Utte Foul 3-2,,,,,6,,,,,,,,,,,,,,,,,,,,,,,,,,,,,,,,,,,,,,,,,,,,,,,,2019-02-23 08:00:51+00:00,2019-02-23 08:00:51+00:00,0,7554,139,浦添,2026-10-01T20:50:19.593663
2019,2019022302,2019-02-23 13:00:00+09:00,74432158,720207.0,1,5,オープン戦,7.0,7回裏,2,長井,石山,吉本,佐藤,,,1,2,ヤクルト,S,,5,阪神,T,,,,,,,7球目:高めのストレートを見逃しフォアボールを選ぶ 1塁,7 Tamame: Takame no Straight wo Minogashi Four Ball wo Erabu 1 Rui,,,,,7,,,,,,,,,,,,,,,,,,,,,,,,,,,,,,,,,,,,,,,,,,,,,,,,2019-02-23 08:00:51+00:00,2019-02-23 08:00:51+00:00,0,7554,139,浦添,2026-10-01T20:50:19.593663
2019,2019022302,2019-02-23 13:00:00+09:00,74432159,720300.0,1,5,オープン戦,7.0,7回裏,3,長井,石山,吉本,佐藤,,,1,2,ヤクルト,S,,5,阪神,T,,,,,,,上田→代打:荒木,Ueda Daida: Araki,,,,,0,,,,,,,,,,,,,,,,,,,,,,,,,,,,,,,,,,,,,,,,,,,,,,,,2019-02-23 08:00:51+00:00,2019-02-23 08:00:51+00:00,0,7554,139,浦添,2026-10-01T20:50:19.593663
2019,2019022302,2019-02-23 13:00:00+09:00,74432160,720300.0,1,5,オープン戦,7.0,7回裏,3,長井,石山,吉本,佐藤,,,1,2,ヤクルト,S,,5,阪神,T,,,,,,,＜代打：荒木＞一死1塁,< Daida: Araki> Ichi Shi 1 Rui,,,,,0,,,,,,,,,,,,,,,,,,,,,,,,,,,,,,,,,,,,,,,,,,,,,,,,2019-02-23 08:00:51+00:00,2019-02-23 08:00:51+00:00,0,7554,139,浦添,2026-10-01T20:50:19.593663
2019,2019022302,2019-02-23 13:00:00+09:00,74432161,720300.0,1,5,オープン戦,7.0,7回裏,3,長井,石山,吉本,佐藤,,,1,2,ヤクルト,S,,5,阪神,T,,,,,,,1塁けん制:ランナー宮本帰塁,1 Rui Kensei: Runner Miyamoto Kirui,,,,,0,,,,,,,,,,,,,,,,,,,,,,,,,,,,,,,,,,,,,,,,,,,,,,,,2019-02-23 08:00:51+00:00,2019-02-23 08:00:51+00:00,0,7554,139,浦添,2026-10-01T20:50:19.593663
2019,2019022302,2019-02-23 13:00:00+09:00,74432162,720301.0,1,5,オープン戦,7.0,7回裏,3,長井,石山,吉本,佐藤,,,1,2,ヤクルト,S,,5,阪神,T,,,,,,,1球目:外角低めのカットボールを見逃してボール 1-0,1 Tamame: Gaikaku Hikume no Cut Ball wo Minogashite Ball 1-0,,,,,1,,,,,,,,,,,,,,,,,,,,,,,,,,,,,,,,,,,,,,,,,,,,,,,,2019-02-23 08:00:51+00:00,2019-02-23 08:00:51+00:00,0,7554,139,浦添,2026-10-01T20:50:19.593663
2019,2019022302,2019-02-23 13:00:00+09:00,74432163,720302.0,1,5,オープン戦,7.0,7回裏,3,長井,石山,吉本,佐藤,,,1,2,ヤクルト,S,,5,阪神,T,,,,,,,2球目:外角低め132キロのカットボールを見逃してボール 2-0,2 Tamame: Gaikaku Hikume 132 Kilo no Cut Ball wo Minogashite Ball 2-0,,,,,2,,,,,,,,,,,,,,,,,,,,,,,,,,,,,,,,,,,,,,,,,,,,,,,,2019-02-23 08:00:51+00:00,2019-02-23 08:00:51+00:00,0,7554,139,浦添,2026-10-01T20:50:19.593663
2019,2019022302,2019-02-23 13:00:00+09:00,74432164,720300.0,1,5,オープン戦,7.0,7回裏,3,長井,石山,吉本,佐藤,,,1,2,ヤクルト,S,,5,阪神,T,,,,,,,1塁けん制:ランナー宮本帰塁,1 Rui Kensei: Runner Miyamoto Kirui,,,,,0,,,,,,,,,,,,,,,,,,,,,,,,,,,,,,,,,,,,,,,,,,,,,,,,2019-02-23 08:00:51+00:00,2019-02-23 08:00:51+00:00,0,7554,139,浦添,2026-10-01T20:50:19.593663
2019,2019022302,2019-02-23 13:00:00+09:00,74432165,720303.0,1,5,オープン戦,7.0,7回裏,3,長井,石山,吉本,佐藤,,,1,2,ヤクルト,S,,5,阪神,T,,,,,,,3球目:2-0から左中間への２ランホームラン ヤ8-2神 ,3 Tamame:2-0 kara Sachuukan e no 2 Run Home Runya 8-2 Kami,,,,,3,,,,,,,,,,,,,,,,,,,,,,,,,,,,,,,,,,,,,,,,,,,,,,,,2019-02-23 08:00:51+00:00,2019-02-23 08:00:51+00:00,0,7554,139,浦添,2026-10-01T20:50:19.593663
2019,2019022302,2019-02-23 13:00:00+09:00,74432166,720400.0,1,5,オープン戦,7.0,7回裏,4,長井,石山,吉本,佐藤,,,1,2,ヤクルト,S,,5,阪神,T,,,,,,,＜6番：村上＞一死走者なし,<6 Ban: Murakami> Ichi Shi Sousha Nashi,,,,,0,,,,,,,,,,,,,,,,,,,,,,,,,,,,,,,,,,,,,,,,,,,,,,,,2019-02-23 08:00:51+00:00,2019-02-23 08:00:51+00:00,0,7554,139,浦添,2026-10-01T20:50:19.593663
2019,2019022302,2019-02-23 13:00:00+09:00,74432167,720401.0,1,5,オープン戦,7.0,7回裏,4,長井,石山,吉本,佐藤,,,1,2,ヤクルト,S,,5,阪神,T,,,,,,,1球目:外角の変化球を空振りストライク 0-1,1 Tamame: Gaikaku no Henka Kyuu wo Karaburi Strike 0-1,,,,,1,,,,,,,,,,,,,,,,,,,,,,,,,,,,,,,,,,,,,,,,,,,,,,,,2019-02-23 08:00:51+00:00,2019-02-23 08:00:51+00:00,0,7554,139,浦添,2026-10-01T20:50:19.593663
2019,2019022302,2019-02-23 13:00:00+09:00,74432168,720402.0,1,5,オープン戦,7.0,7回裏,4,長井,石山,吉本,佐藤,,,1,2,ヤクルト,S,,5,阪神,T,,,,,,,2球目:外角高めのカットボールを見逃してボール 1-1,2 Tamame: Gaikaku Takame no Cut Ball wo Minogashite Ball 1-1,,,,,2,,,,,,,,,,,,,,,,,,,,,,,,,,,,,,,,,,,,,,,,,,,,,,,,2019-02-23 08:00:51+00:00,2019-02-23 08:00:51+00:00,0,7554,139,浦添,2026-10-01T20:50:19.593663
2019,2019022302,2019-02-23 13:00:00+09:00,74432169,720403.0,1,5,オープン戦,7.0,7回裏,4,長井,石山,吉本,佐藤,,,1,2,ヤクルト,S,,5,阪神,T,,,,,,,3球目:ど真ん中のカットボールを打つもレフトフライ 2アウト,3 Tamame: Domannaka no Cut Ball wo Utsu mo Left Fly 2 Out,,,,,3,,,,,,,,,,,,,,,,,,,,,,,,,,,,,,,,,,,,,,,,,,,,,,,,2019-02-23 08:00:51+00:00,2019-02-23 08:00:51+00:00,0,7554,139,浦添,2026-10-01T20:50:19.593663
2019,2019022302,2019-02-23 13:00:00+09:00,74432170,720500.0,1,5,オープン戦,7.0,7回裏,5,長井,石山,吉本,佐藤,,,1,2,ヤクルト,S,,5,阪神,T,,,,,,,＜7番：西浦＞二死走者なし,<7 Ban: Nishinoura> Ni Shi Sousha Nashi,,,,,0,,,,,,,,,,,,,,,,,,,,,,,,,,,,,,,,,,,,,,,,,,,,,,,,2019-02-23 08:00:51+00:00,2019-02-23 08:00:51+00:00,0,7554,139,浦添,2026-10-01T20:50:19.593663
2019,2019022302,2019-02-23 13:00:00+09:00,74432171,720501.0,1,5,オープン戦,7.0,7回裏,5,長井,石山,吉本,佐藤,,,1,2,ヤクルト,S,,5,阪神,T,,,,,,,1球目:外角低め134キロのカットボールを見逃してボール 1-0,1 Tamame: Gaikaku Hikume 134 Kilo no Cut Ball wo Minogashite Ball 1-0,,,,,1,,,,,,,,,,,,,,,,,,,,,,,,,,,,,,,,,,,,,,,,,,,,,,,,2019-02-23 08:00:51+00:00,2019-02-23 08:00:51+00:00,0,7554,139,浦添,2026-10-01T20:50:19.593663
2019,2019022302,2019-02-23 13:00:00+09:00,74432172,720502.0,1,5,オープン戦,7.0,7回裏,5,長井,石山,吉本,佐藤,,,1,2,ヤクルト,S,,5,阪神,T,,,,,,,2球目:外角高めのカットボールを空振りストライク 1-1,2 Tamame: Gaikaku Takame no Cut Ball wo Karaburi Strike 1-1,,,,,2,,,,,,,,,,,,,,,,,,,,,,,,,,,,,,,,,,,,,,,,,,,,,,,,2019-02-23 08:00:51+00:00,2019-02-23 08:00:51+00:00,0,7554,139,浦添,2026-10-01T20:50:19.593663
2019,2019022302,2019-02-23 13:00:00+09:00,74432173,720503.0,1,5,オープン戦,7.0,7回裏,5,長井,石山,吉本,佐藤,,,1,2,ヤクルト,S,,5,阪神,T,,,,,,,3球目:内角高めの変化球を見逃してボール 2-1,3 Tamame: Naikaku Takame no Henka Kyuu wo Minogashite Ball 2-1,,,,,3,,,,,,,,,,,,,,,,,,,,,,,,,,,,,,,,,,,,,,,,,,,,,,,,2019-02-23 08:00:51+00:00,2019-02-23 08:00:51+00:00,0,7554,139,浦添,2026-10-01T20:50:19.593663
2019,2019022302,2019-02-23 13:00:00+09:00,74432174,720504.0,1,5,オープン戦,7.0,7回裏,5,長井,石山,吉本,佐藤,,,1,2,ヤクルト,S,,5,阪神,T,,,,,,,4球目:外角のストレートを打ってファウル 2-2,4 Tamame: Gaikaku no Straight wo Utte Foul 2-2,,,,,4,,,,,,,,,,,,,,,,,,,,,,,,,,,,,,,,,,,,,,,,,,,,,,,,2019-02-23 08:00:51+00:00,2019-02-23 08:00:51+00:00,0,7554,139,浦添,2026-10-01T20:50:19.593663
2019,2019022302,2019-02-23 13:00:00+09:00,74432175,720505.0,1,5,オープン戦,7.0,7回裏,5,長井,石山,吉本,佐藤,,,1,2,ヤクルト,S,,5,阪神,T,,,,,,,5球目:センターへのヒットで出塁 1塁,5 Tamame: Center e no Hit de Shutsurui 1 Rui,,,,,5,,,,,,,,,,,,,,,,,,,,,,,,,,,,,,,,,,,,,,,,,,,,,,,,2019-02-23 08:00:51+00:00,2019-02-23 08:00:51+00:00,0,7554,139,浦添,2026-10-01T20:50:19.593663
2019,2019022302,2019-02-23 13:00:00+09:00,74432176,720600.0,1,5,オープン戦,7.0,7回裏,6,長井,石山,吉本,佐藤,,,1,2,ヤクルト,S,,5,阪神,T,,,,,,,中村→代打:西田,Nakamura Daida: Nishida,,,,,0,,,,,,,,,,,,,,,,,,,,,,,,,,,,,,,,,,,,,,,,,,,,,,,,2019-02-23 08:00:51+00:00,2019-02-23 08:00:51+00:00,0,7554,139,浦添,2026-10-01T20:50:19.593663
2019,2019022302,2019-02-23 13:00:00+09:00,74432177,720600.0,1,5,オープン戦,7.0,7回裏,6,長井,石山,吉本,佐藤,,,1,2,ヤクルト,S,,5,阪神,T,,,,,,,＜代打：西田＞二死1塁,< Daida: Nishita> Ni Shi 1 Rui,,,,,0,,,,,,,,,,,,,,,,,,,,,,,,,,,,,,,,,,,,,,,,,,,,,,,,2019-02-23 08:00:51+00:00,2019-02-23 08:00:51+00:00,0,7554,139,浦添,2026-10-01T20:50:19.593663
2019,2019022302,2019-02-23 13:00:00+09:00,74432178,720601.0,1,5,オープン戦,7.0,7回裏,6,長井,石山,吉本,佐藤,,,1,2,ヤクルト,S,,5,阪神,T,,,,,,,1球目:ど真ん中のストレートを打つもサードフライ 3アウトチェンジ,1 Tamame: Domannaka no Straight wo Utsu mo Third Fly 3 Out Change,,,,,1,,,,,,,,,,,,,,,,,,,,,,,,,,,,,,,,,,,,,,,,,,,,,,,,2019-02-23 08:00:51+00:00,2019-02-23 08:00:51+00:00,0,7554,139,浦添,2026-10-01T20:50:19.593663
2019,2019022302,2019-02-23 13:00:00+09:00,74432179,810100.0,1,5,オープン戦,8.0,8回表,1,長井,石山,吉本,佐藤,,,1,2,ヤクルト,S,,5,阪神,T,,,,,,,8回表 ヤ8-2神　阪神は7番高山からの攻撃,8 Kai Hyouya 8-2 Shin Hanshin wa 7 Ban Kouzan kara no Kougeki,,,,,0,,,,,,,,,,,,,,,,,,,,,,,,,,,,,,,,,,,,,,,,,,,,,,,,2019-02-23 08:00:51+00:00,2019-02-23 08:00:51+00:00,0,7554,139,浦添,2026-10-01T20:50:19.593663
2019,2019022302,2019-02-23 13:00:00+09:00,74432180,810100.0,1,5,オープン戦,8.0,8回表,1,長井,石山,吉本,佐藤,,,1,2,ヤクルト,S,,5,阪神,T,,,,,,,投手交代:石山→大下　守備交代:サード吉田　守備変更:荒木→ライト　守備変更:西田→キャッチャー,Toushu Koutai: Ishiyama Ooshita Shubi Koutai: Third Yoshida Shubi Henkou: Araki Raito Shubi Henkou: Nishida Catcher,,,,,0,,,,,,,,,,,,,,,,,,,,,,,,,,,,,,,,,,,,,,,,,,,,,,,,2019-02-23 08:00:51+00:00,2019-02-23 08:00:51+00:00,0,7554,139,浦添,2026-10-01T20:50:19.593663
2019,2019022302,2019-02-23 13:00:00+09:00,74432181,810100.0,1,5,オープン戦,8.0,8回表,1,長井,石山,吉本,佐藤,,,1,2,ヤクルト,S,,5,阪神,T,,,,,,,＜7番：高山＞無死走者なし,<7 Ban: Kouzan> Mushi Sousha Nashi,,,,,0,,,,,,,,,,,,,,,,,,,,,,,,,,,,,,,,,,,,,,,,,,,,,,,,2019-02-23 08:00:51+00:00,2019-02-23 08:00:51+00:00,0,7554,139,浦添,2026-10-01T20:50:19.593663
2019,2019022302,2019-02-23 13:00:00+09:00,74432182,810101.0,1,5,オープン戦,8.0,8回表,1,長井,石山,吉本,佐藤,,,1,2,ヤクルト,S,,5,阪神,T,,,,,,,1球目:バックスクリーンに飛び込むホームランを放つ ヤ8-3神,1 Tamame: Back Screen ni Tobikomu Home Run wo Hanatsu ya 8-3 Kami,,,,,1,,,,,,,,,,,,,,,,,,,,,,,,,,,,,,,,,,,,,,,,,,,,,,,,2019-02-23 08:00:51+00:00,2019-02-23 08:00:51+00:00,0,7554,139,浦添,2026-10-01T20:50:19.593663
2019,2019022302,2019-02-23 13:00:00+09:00,74432183,810200.0,1,5,オープン戦,8.0,8回表,2,長井,石山,吉本,佐藤,,,1,2,ヤクルト,S,,5,阪神,T,,,,,,,＜8番：梅野＞無死走者なし,<8 Ban: Umeno> Mushi Sousha Nashi,,,,,0,,,,,,,,,,,,,,,,,,,,,,,,,,,,,,,,,,,,,,,,,,,,,,,,2019-02-23 08:00:51+00:00,2019-02-23 08:00:51+00:00,0,7554,139,浦添,2026-10-01T20:50:19.593663
2019,2019022302,2019-02-23 13:00:00+09:00,74432184,810201.0,1,5,オープン戦,8.0,8回表,2,長井,石山,吉本,佐藤,,,1,2,ヤクルト,S,,5,阪神,T,,,,,,,1球目:ファウルフライを廣岡(一)が捕球してバッターアウト 1アウト,1 Tamame: Foul Fly wo Hirooka (Ichi) ga Hokyuu Shite Batter Out 1 Out,,,,,1,,,,,,,,,,,,,,,,,,,,,,,,,,,,,,,,,,,,,,,,,,,,,,,,2019-02-23 08:00:51+00:00,2019-02-23 08:00:51+00:00,0,7554,139,浦添,2026-10-01T20:50:19.593663
2019,2019022302,2019-02-23 13:00:00+09:00,74432185,810300.0,1,5,オープン戦,8.0,8回表,3,長井,石山,吉本,佐藤,,,1,2,ヤクルト,S,,5,阪神,T,,,,,,,＜9番：江越＞一死走者なし,<9 Ban: Egoshi> Ichi Shi Sousha Nashi,,,,,0,,,,,,,,,,,,,,,,,,,,,,,,,,,,,,,,,,,,,,,,,,,,,,,,2019-02-23 08:00:51+00:00,2019-02-23 08:00:51+00:00,0,7554,139,浦添,2026-10-01T20:50:19.593663
2019,2019022302,2019-02-23 13:00:00+09:00,74432186,810301.0,1,5,オープン戦,8.0,8回表,3,長井,石山,吉本,佐藤,,,1,2,ヤクルト,S,,5,阪神,T,,,,,,,1球目:内角の変化球を見逃してストライク 0-1,1 Tamame: Naikaku no Henka Kyuu wo Minogashite Strike 0-1,,,,,1,,,,,,,,,,,,,,,,,,,,,,,,,,,,,,,,,,,,,,,,,,,,,,,,2019-02-23 08:00:51+00:00,2019-02-23 08:00:51+00:00,0,7554,139,浦添,2026-10-01T20:50:19.593663
2019,2019022302,2019-02-23 13:00:00+09:00,74432187,810302.0,1,5,オープン戦,8.0,8回表,3,長井,石山,吉本,佐藤,,,1,2,ヤクルト,S,,5,阪神,T,,,,,,,2球目:外角低め137キロのスライダーを空振りストライク 0-2,2 Tamame: Gaikaku Hikume 137 Kilo no Slider wo Karaburi Strike 0-2,,,,,2,,,,,,,,,,,,,,,,,,,,,,,,,,,,,,,,,,,,,,,,,,,,,,,,2019-02-23 08:00:51+00:00,2019-02-23 08:00:51+00:00,0,7554,139,浦添,2026-10-01T20:50:19.593663
2019,2019022302,2019-02-23 13:00:00+09:00,74432188,810303.0,1,5,オープン戦,8.0,8回表,3,長井,石山,吉本,佐藤,,,1,2,ヤクルト,S,,5,阪神,T,,,,,,,3球目:外角低め138キロのストレートを見逃してボール 1-2,3 Tamame: Gaikaku Hikume 138 Kilo no Straight wo Minogashite Ball 1-2,,,,,3,,,,,,,,,,,,,,,,,,,,,,,,,,,,,,,,,,,,,,,,,,,,,,,,2019-02-23 08:00:51+00:00,2019-02-23 08:00:51+00:00,0,7554,139,浦添,2026-10-01T20:50:19.593663
2019,2019022302,2019-02-23 13:00:00+09:00,74432189,810304.0,1,5,オープン戦,8.0,8回表,3,長井,石山,吉本,佐藤,,,1,2,ヤクルト,S,,5,阪神,T,,,,,,,4球目:ワンバウンドのスライダーに反応するもバットが止まりボール 2-2,4 Tamame: One Bound no Slider ni Hannou Suru mo Batto ga Tomari Ball 2-2,,,,,4,,,,,,,,,,,,,,,,,,,,,,,,,,,,,,,,,,,,,,,,,,,,,,,,2019-02-23 08:00:51+00:00,2019-02-23 08:00:51+00:00,0,7554,139,浦添,2026-10-01T20:50:19.593663
2019,2019022302,2019-02-23 13:00:00+09:00,74432190,810305.0,1,5,オープン戦,8.0,8回表,3,長井,石山,吉本,佐藤,,,1,2,ヤクルト,S,,5,阪神,T,,,,,,,5球目:外角のスライダーを打ってファウル 2-2,5 Tamame: Gaikaku no Slider wo Utte Foul 2-2,,,,,5,,,,,,,,,,,,,,,,,,,,,,,,,,,,,,,,,,,,,,,,,,,,,,,,2019-02-23 08:00:51+00:00,2019-02-23 08:00:51+00:00,0,7554,139,浦添,2026-10-01T20:50:19.593663
2019,2019022302,2019-02-23 13:00:00+09:00,74432191,810306.0,1,5,オープン戦,8.0,8回表,3,長井,石山,吉本,佐藤,,,1,2,ヤクルト,S,,5,阪神,T,,,,,,,6球目:ナックルカーブがすっぽ抜けてボール 3-2,6 Tamame: Knuckle Curve ga Supponukete Ball 3-2,,,,,6,,,,,,,,,,,,,,,,,,,,,,,,,,,,,,,,,,,,,,,,,,,,,,,,2019-02-23 08:00:51+00:00,2019-02-23 08:00:51+00:00,0,7554,139,浦添,2026-10-01T20:50:19.593663
2019,2019022302,2019-02-23 13:00:00+09:00,74432192,810307.0,1,5,オープン戦,8.0,8回表,3,長井,石山,吉本,佐藤,,,1,2,ヤクルト,S,,5,阪神,T,,,,,,,7球目:高めの真っ直ぐを打つもサードゴロ 2アウト,7 Tamame: Takame no Massugu wo Utsu mo Third Grounder 2 Out,,,,,7,,,,,,,,,,,,,,,,,,,,,,,,,,,,,,,,,,,,,,,,,,,,,,,,2019-02-23 08:00:51+00:00,2019-02-23 08:00:51+00:00,0,7554,139,浦添,2026-10-01T20:50:19.593663
2019,2019022302,2019-02-23 13:00:00+09:00,74432193,810400.0,1,5,オープン戦,8.0,8回表,4,長井,石山,吉本,佐藤,,,1,2,ヤクルト,S,,5,阪神,T,,,,,,,＜1番：北條＞二死走者なし,<1 Ban: Houjou> Ni Shi Sousha Nashi,,,,,0,,,,,,,,,,,,,,,,,,,,,,,,,,,,,,,,,,,,,,,,,,,,,,,,2019-02-23 08:00:51+00:00,2019-02-23 08:00:51+00:00,0,7554,139,浦添,2026-10-01T20:50:19.593663
2019,2019022302,2019-02-23 13:00:00+09:00,74432194,810401.0,1,5,オープン戦,8.0,8回表,4,長井,石山,吉本,佐藤,,,1,2,ヤクルト,S,,5,阪神,T,,,,,,,1球目:内角低めのシュートを見逃してストライク 0-1,1 Tamame: Naikaku Hikume no Shoot wo Minogashite Strike 0-1,,,,,1,,,,,,,,,,,,,,,,,,,,,,,,,,,,,,,,,,,,,,,,,,,,,,,,2019-02-23 08:00:51+00:00,2019-02-23 08:00:51+00:00,0,7554,139,浦添,2026-10-01T20:50:19.593663
2019,2019022302,2019-02-23 13:00:00+09:00,74432195,810402.0,1,5,オープン戦,8.0,8回表,4,長井,石山,吉本,佐藤,,,1,2,ヤクルト,S,,5,阪神,T,,,,,,,2球目:外角のナックルカーブを打つもサードゴロ 3アウトチェンジ,2 Tamame: Gaikaku no Knuckle Curve wo Utsu mo Third Grounder 3 Out Change,,,,,2,,,,,,,,,,,,,,,,,,,,,,,,,,,,,,,,,,,,,,,,,,,,,,,,2019-02-23 08:00:51+00:00,2019-02-23 08:00:51+00:00,0,7554,139,浦添,2026-10-01T20:50:19.593663
2019,2019022302,2019-02-23 13:00:00+09:00,74432196,820100.0,1,5,オープン戦,8.0,8回裏,1,長井,石山,吉本,佐藤,,,1,2,ヤクルト,S,,5,阪神,T,,,,,,,8回裏 ヤ8-3神　ヤクルトは9番塩見からの攻撃,8 Kai Uraya 8-3 Kami Yakuruto wa 9 Ban Shiomi kara no Kougeki,,,,,0,,,,,,,,,,,,,,,,,,,,,,,,,,,,,,,,,,,,,,,,,,,,,,,,2019-02-23 08:00:51+00:00,2019-02-23 08:00:51+00:00,0,7554,139,浦添,2026-10-01T20:50:19.593663
2019,2019022302,2019-02-23 13:00:00+09:00,74432197,820100.0,1,5,オープン戦,8.0,8回裏,1,長井,石山,吉本,佐藤,,,1,2,ヤクルト,S,,5,阪神,T,,,,,,,守備交代:ショート植田　守備交代:センター島田,Shubi Koutai: Short Ueda Shubi Koutai: Center Shimada,,,,,0,,,,,,,,,,,,,,,,,,,,,,,,,,,,,,,,,,,,,,,,,,,,,,,,2019-02-23 08:00:51+00:00,2019-02-23 08:00:51+00:00,0,7554,139,浦添,2026-10-01T20:50:19.593663
2019,2019022302,2019-02-23 13:00:00+09:00,74432198,820100.0,1,5,オープン戦,8.0,8回裏,1,長井,石山,吉本,佐藤,,,1,2,ヤクルト,S,,5,阪神,T,,,,,,,＜9番：塩見＞無死走者なし,<9 Ban: Shiomi> Mushi Sousha Nashi,,,,,0,,,,,,,,,,,,,,,,,,,,,,,,,,,,,,,,,,,,,,,,,,,,,,,,2019-02-23 08:00:51+00:00,2019-02-23 08:00:51+00:00,0,7554,139,浦添,2026-10-01T20:50:19.593663
2019,2019022302,2019-02-23 13:00:00+09:00,74432199,820101.0,1,5,オープン戦,8.0,8回裏,1,長井,石山,吉本,佐藤,,,1,2,ヤクルト,S,,5,阪神,T,,,,,,,1球目:低め131キロのスライダーを見逃してストライク 0-1,1 Tamame: Hikume 131 Kilo no Slider wo Minogashite Strike 0-1,,,,,1,,,,,,,,,,,,,,,,,,,,,,,,,,,,,,,,,,,,,,,,,,,,,,,,2019-02-23 08:00:51+00:00,2019-02-23 08:00:51+00:00,0,7554,139,浦添,2026-10-01T20:50:19.593663
2019,2019022302,2019-02-23 13:00:00+09:00,74432200,820102.0,1,5,オープン戦,8.0,8回裏,1,長井,石山,吉本,佐藤,,,1,2,ヤクルト,S,,5,阪神,T,,,,,,,2球目:内角低め138キロのストレートを見逃してボール 1-1,2 Tamame: Naikaku Hikume 138 Kilo no Straight wo Minogashite Ball 1-1,,,,,2,,,,,,,,,,,,,,,,,,,,,,,,,,,,,,,,,,,,,,,,,,,,,,,,2019-02-23 08:00:51+00:00,2019-02-23 08:00:51+00:00,0,7554,139,浦添,2026-10-01T20:50:19.593663
2019,2019022302,2019-02-23 13:00:00+09:00,74432201,820103.0,1,5,オープン戦,8.0,8回裏,1,長井,石山,吉本,佐藤,,,1,2,ヤクルト,S,,5,阪神,T,,,,,,,3球目:センターへのヒット 1塁,3 Tamame: Center e no Hit 1 Rui,,,,,3,,,,,,,,,,,,,,,,,,,,,,,,,,,,,,,,,,,,,,,,,,,,,,,,2019-02-23 08:00:51+00:00,2019-02-23 08:00:51+00:00,0,7554,139,浦添,2026-10-01T20:50:19.593663
2019,2019022302,2019-02-23 13:00:00+09:00,74432202,820200.0,1,5,オープン戦,8.0,8回裏,2,長井,石山,吉本,佐藤,,,1,2,ヤクルト,S,,5,阪神,T,,,,,,,＜1番：廣岡＞無死1塁,<1 Ban: Hirooka> Mushi 1 Rui,,,,,0,,,,,,,,,,,,,,,,,,,,,,,,,,,,,,,,,,,,,,,,,,,,,,,,2019-02-23 08:00:51+00:00,2019-02-23 08:00:51+00:00,0,7554,139,浦添,2026-10-01T20:50:19.593663
2019,2019022302,2019-02-23 13:00:00+09:00,74432203,820200.0,1,5,オープン戦,8.0,8回裏,2,長井,石山,吉本,佐藤,,,1,2,ヤクルト,S,,5,阪神,T,,,,,,,1塁けん制:ランナー塩見スタート,1 Rui Kensei: Runner Shiomi Start,,,,,0,,,,,,,,,,,,,,,,,,,,,,,,,,,,,,,,,,,,,,,,,,,,,,,,2019-02-23 08:00:51+00:00,2019-02-23 08:00:51+00:00,0,7554,139,浦添,2026-10-01T20:50:19.593663
2019,2019022302,2019-02-23 13:00:00+09:00,74432204,820200.0,1,5,オープン戦,8.0,8回裏,2,長井,石山,吉本,佐藤,,,1,2,ヤクルト,S,,5,阪神,T,,,,,,,一塁走者塩見:積極的に初球から盗塁を試みるもアウト 1アウト,Ichirui Sousha Shiomi: Sekkyokuteki ni Shokyuu kara Tourui wo Kokoromiru mo Out 1 Out,,,,,0,,,,,,,,,,,,,,,,,,,,,,,,,,,,,,,,,,,,,,,,,,,,,,,,2019-02-23 08:00:51+00:00,2019-02-23 08:00:51+00:00,0,7554,139,浦添,2026-10-01T20:50:19.593663
2019,2019022302,2019-02-23 13:00:00+09:00,74432205,820202.0,1,5,オープン戦,8.0,8回裏,2,長井,石山,吉本,佐藤,,,1,2,ヤクルト,S,,5,阪神,T,,,,,,,2球目:外角のストレートを打ってファウル 0-2,2 Tamame: Gaikaku no Straight wo Utte Foul 0-2,,,,,2,,,,,,,,,,,,,,,,,,,,,,,,,,,,,,,,,,,,,,,,,,,,,,,,2019-02-23 08:00:51+00:00,2019-02-23 08:00:51+00:00,0,7554,139,浦添,2026-10-01T20:50:19.593663
2019,2019022302,2019-02-23 13:00:00+09:00,74432206,820203.0,1,5,オープン戦,8.0,8回裏,2,長井,石山,吉本,佐藤,,,1,2,ヤクルト,S,,5,阪神,T,,,,,,,3球目:高めのストレートを見逃してボール 1-2,3 Tamame: Takame no Straight wo Minogashite Ball 1-2,,,,,3,,,,,,,,,,,,,,,,,,,,,,,,,,,,,,,,,,,,,,,,,,,,,,,,2019-02-23 08:00:51+00:00,2019-02-23 08:00:51+00:00,0,7554,139,浦添,2026-10-01T20:50:19.593663
2019,2019022302,2019-02-23 13:00:00+09:00,74432207,820204.0,1,5,オープン戦,8.0,8回裏,2,長井,石山,吉本,佐藤,,,1,2,ヤクルト,S,,5,阪神,T,,,,,,,4球目:146キロのストレートを打ってファウル 1-2,4 Tamame:146 Kilo no Straight wo Utte Foul 1-2,,,,,4,,,,,,,,,,,,,,,,,,,,,,,,,,,,,,,,,,,,,,,,,,,,,,,,2019-02-23 08:00:51+00:00,2019-02-23 08:00:51+00:00,0,7554,139,浦添,2026-10-01T20:50:19.593663
2019,2019022302,2019-02-23 13:00:00+09:00,74432208,820205.0,1,5,オープン戦,8.0,8回裏,2,長井,石山,吉本,佐藤,,,1,2,ヤクルト,S,,5,阪神,T,,,,,,,5球目:高めの変化球に見逃し三振でバッターアウト！ 2アウト,5 Tamame: Takame no Henka Kyuu ni Minogashi Sanshin de Batter Out! 2 Out,,,,,5,,,,,,,,,,,,,,,,,,,,,,,,,,,,,,,,,,,,,,,,,,,,,,,,2019-02-23 08:00:51+00:00,2019-02-23 08:00:51+00:00,0,7554,139,浦添,2026-10-01T20:50:19.593663
2019,2019022302,2019-02-23 13:00:00+09:00,74432209,820300.0,1,5,オープン戦,8.0,8回裏,3,長井,石山,吉本,佐藤,,,1,2,ヤクルト,S,,5,阪神,T,,,,,,,＜2番：奥村＞二死走者なし,<2 Ban: Okumura> Ni Shi Sousha Nashi,,,,,0,,,,,,,,,,,,,,,,,,,,,,,,,,,,,,,,,,,,,,,,,,,,,,,,2019-02-23 08:00:51+00:00,2019-02-23 08:00:51+00:00,0,7554,139,浦添,2026-10-01T20:50:19.593663
2019,2019022302,2019-02-23 13:00:00+09:00,74432210,820301.0,1,5,オープン戦,8.0,8回裏,3,長井,石山,吉本,佐藤,,,1,2,ヤクルト,S,,5,阪神,T,,,,,,,1球目:内角低めのストレートを見逃してボール 1-0,1 Tamame: Naikaku Hikume no Straight wo Minogashite Ball 1-0,,,,,1,,,,,,,,,,,,,,,,,,,,,,,,,,,,,,,,,,,,,,,,,,,,,,,,2019-02-23 08:00:51+00:00,2019-02-23 08:00:51+00:00,0,7554,139,浦添,2026-10-01T20:50:19.593663
2019,2019022302,2019-02-23 13:00:00+09:00,74432211,820302.0,1,5,オープン戦,8.0,8回裏,3,長井,石山,吉本,佐藤,,,1,2,ヤクルト,S,,5,阪神,T,,,,,,,2球目:外角146キロのストレートを見逃してストライク 1-1,2 Tamame: Gaikaku 146 Kilo no Straight wo Minogashite Strike 1-1,,,,,2,,,,,,,,,,,,,,,,,,,,,,,,,,,,,,,,,,,,,,,,,,,,,,,,2019-02-23 08:00:51+00:00,2019-02-23 08:00:51+00:00,0,7554,139,浦添,2026-10-01T20:50:19.593663
2019,2019022302,2019-02-23 13:00:00+09:00,74432212,820303.0,1,5,オープン戦,8.0,8回裏,3,長井,石山,吉本,佐藤,,,1,2,ヤクルト,S,,5,阪神,T,,,,,,,3球目:内角135キロのカットボールを打ってファウル 1-2,3 Tamame: Naikaku 135 Kilo no Cut Ball wo Utte Foul 1-2,,,,,3,,,,,,,,,,,,,,,,,,,,,,,,,,,,,,,,,,,,,,,,,,,,,,,,2019-02-23 08:00:51+00:00,2019-02-23 08:00:51+00:00,0,7554,139,浦添,2026-10-01T20:50:19.593663
2019,2019022302,2019-02-23 13:00:00+09:00,74432213,820304.0,1,5,オープン戦,8.0,8回裏,3,長井,石山,吉本,佐藤,,,1,2,ヤクルト,S,,5,阪神,T,,,,,,,4球目:低めのストレートに空振り三振でバッターアウト 3アウトチェンジ,4 Tamame: Hikume no Straight ni Karaburi Sanshin de Batter Out 3 Out Change,,,,,4,,,,,,,,,,,,,,,,,,,,,,,,,,,,,,,,,,,,,,,,,,,,,,,,2019-02-23 08:00:51+00:00,2019-02-23 08:00:51+00:00,0,7554,139,浦添,2026-10-01T20:50:19.593663
2019,2019022302,2019-02-23 13:00:00+09:00,74432214,910100.0,1,5,オープン戦,9.0,9回表,1,長井,石山,吉本,佐藤,,,1,2,ヤクルト,S,,5,阪神,T,,,,,,,9回表 ヤ8-3神　阪神は2番糸原からの攻撃,9 Kai Hyouya 8-3 Shin Hanshin wa 2 Ban Itohara kara no Kougeki,,,,,0,,,,,,,,,,,,,,,,,,,,,,,,,,,,,,,,,,,,,,,,,,,,,,,,2019-02-23 08:00:51+00:00,2019-02-23 08:00:51+00:00,0,7554,139,浦添,2026-10-01T20:50:19.593663
2019,2019022302,2019-02-23 13:00:00+09:00,74432215,910100.0,1,5,オープン戦,9.0,9回表,1,長井,石山,吉本,佐藤,,,1,2,ヤクルト,S,,5,阪神,T,,,,,,,＜2番：糸原＞無死走者なし,<2 Ban: Itohara> Mushi Sousha Nashi,,,,,0,,,,,,,,,,,,,,,,,,,,,,,,,,,,,,,,,,,,,,,,,,,,,,,,2019-02-23 08:00:51+00:00,2019-02-23 08:00:51+00:00,0,7554,139,浦添,2026-10-01T20:50:19.593663
2019,2019022302,2019-02-23 13:00:00+09:00,74432216,910101.0,1,5,オープン戦,9.0,9回表,1,長井,石山,吉本,佐藤,,,1,2,ヤクルト,S,,5,阪神,T,,,,,,,1球目:外角のナックルカーブを見逃してストライク 0-1,1 Tamame: Gaikaku no Knuckle Curve wo Minogashite Strike 0-1,,,,,1,,,,,,,,,,,,,,,,,,,,,,,,,,,,,,,,,,,,,,,,,,,,,,,,2019-02-23 08:00:51+00:00,2019-02-23 08:00:51+00:00,0,7554,139,浦添,2026-10-01T20:50:19.593663
2019,2019022302,2019-02-23 13:00:00+09:00,74432217,910102.0,1,5,オープン戦,9.0,9回表,1,長井,石山,吉本,佐藤,,,1,2,ヤクルト,S,,5,阪神,T,,,,,,,2球目:外角の真っ直ぐを打つもレフトフライ 1アウト,2 Tamame: Gaikaku no Massugu wo Utsu mo Left Fly 1 Out,,,,,2,,,,,,,,,,,,,,,,,,,,,,,,,,,,,,,,,,,,,,,,,,,,,,,,2019-02-23 08:00:51+00:00,2019-02-23 08:00:51+00:00,0,7554,139,浦添,2026-10-01T20:50:19.593663
2019,2019022302,2019-02-23 13:00:00+09:00,74432218,910200.0,1,5,オープン戦,9.0,9回表,2,長井,石山,吉本,佐藤,,,1,2,ヤクルト,S,,5,阪神,T,,,,,,,＜3番：木浪＞一死走者なし,<3 Ban: Mokurou> Ichi Shi Sousha Nashi,,,,,0,,,,,,,,,,,,,,,,,,,,,,,,,,,,,,,,,,,,,,,,,,,,,,,,2019-02-23 08:00:51+00:00,2019-02-23 08:00:51+00:00,0,7554,139,浦添,2026-10-01T20:50:19.593663
2019,2019022302,2019-02-23 13:00:00+09:00,74432219,910201.0,1,5,オープン戦,9.0,9回表,2,長井,石山,吉本,佐藤,,,1,2,ヤクルト,S,,5,阪神,T,,,,,,,1球目:低めのフォークを空振りストライク 0-1,1 Tamame: Hikume no Fork wo Karaburi Strike 0-1,,,,,1,,,,,,,,,,,,,,,,,,,,,,,,,,,,,,,,,,,,,,,,,,,,,,,,2019-02-23 08:00:51+00:00,2019-02-23 08:00:51+00:00,0,7554,139,浦添,2026-10-01T20:50:19.593663
2019,2019022302,2019-02-23 13:00:00+09:00,74432220,910202.0,1,5,オープン戦,9.0,9回表,2,長井,石山,吉本,佐藤,,,1,2,ヤクルト,S,,5,阪神,T,,,,,,,2球目:外角の落ちる球を打ってファウル 0-2,2 Tamame: Gaikaku no Ochiru Tama wo Utte Foul 0-2,,,,,2,,,,,,,,,,,,,,,,,,,,,,,,,,,,,,,,,,,,,,,,,,,,,,,,2019-02-23 08:00:51+00:00,2019-02-23 08:00:51+00:00,0,7554,139,浦添,2026-10-01T20:50:19.593663
2019,2019022302,2019-02-23 13:00:00+09:00,74432221,910203.0,1,5,オープン戦,9.0,9回表,2,長井,石山,吉本,佐藤,,,1,2,ヤクルト,S,,5,阪神,T,,,,,,,3球目:ワンバウンドの球を見逃してボール 1-2,3 Tamame: One Bound no Tama wo Minogashite Ball 1-2,,,,,3,,,,,,,,,,,,,,,,,,,,,,,,,,,,,,,,,,,,,,,,,,,,,,,,2019-02-23 08:00:51+00:00,2019-02-23 08:00:51+00:00,0,7554,139,浦添,2026-10-01T20:50:19.593663
2019,2019022302,2019-02-23 13:00:00+09:00,74432222,910204.0,1,5,オープン戦,9.0,9回表,2,長井,石山,吉本,佐藤,,,1,2,ヤクルト,S,,5,阪神,T,,,,,,,4球目:レフトへの二塁打 2塁,4 Tamame: Left e no Niruida 2 Rui,,,,,4,,,,,,,,,,,,,,,,,,,,,,,,,,,,,,,,,,,,,,,,,,,,,,,,2019-02-23 08:00:51+00:00,2019-02-23 08:00:51+00:00,0,7554,139,浦添,2026-10-01T20:50:19.593663
2019,2019022302,2019-02-23 13:00:00+09:00,74432223,910300.0,1,5,オープン戦,9.0,9回表,3,長井,石山,吉本,佐藤,,,1,2,ヤクルト,S,,5,阪神,T,,,,,,,＜4番：大山＞一死2塁,<4 Ban: Daisen> Ichi Shi 2 Rui,,,,,0,,,,,,,,,,,,,,,,,,,,,,,,,,,,,,,,,,,,,,,,,,,,,,,,2019-02-23 08:00:51+00:00,2019-02-23 08:00:51+00:00,0,7554,139,浦添,2026-10-01T20:50:19.593663
2019,2019022302,2019-02-23 13:00:00+09:00,74432224,910301.0,1,5,オープン戦,9.0,9回表,3,長井,石山,吉本,佐藤,,,1,2,ヤクルト,S,,5,阪神,T,,,,,,,1球目:外角低めのストレートを見逃してボール 1-0,1 Tamame: Gaikaku Hikume no Straight wo Minogashite Ball 1-0,,,,,1,,,,,,,,,,,,,,,,,,,,,,,,,,,,,,,,,,,,,,,,,,,,,,,,2019-02-23 08:00:51+00:00,2019-02-23 08:00:51+00:00,0,7554,139,浦添,2026-10-01T20:50:19.593663
2019,2019022302,2019-02-23 13:00:00+09:00,74432225,910302.0,1,5,オープン戦,9.0,9回表,3,長井,石山,吉本,佐藤,,,1,2,ヤクルト,S,,5,阪神,T,,,,,,,2球目:内角低めのシュートを空振りストライク 1-1,2 Tamame: Naikaku Hikume no Shoot wo Karaburi Strike 1-1,,,,,2,,,,,,,,,,,,,,,,,,,,,,,,,,,,,,,,,,,,,,,,,,,,,,,,2019-02-23 08:00:51+00:00,2019-02-23 08:00:51+00:00,0,7554,139,浦添,2026-10-01T20:50:19.593663
2019,2019022302,2019-02-23 13:00:00+09:00,74432226,910303.0,1,5,オープン戦,9.0,9回表,3,長井,石山,吉本,佐藤,,,1,2,ヤクルト,S,,5,阪神,T,,,,,,,3球目:甘いスライダーを打ってファウル 1-2,3 Tamame: Amai Slider wo Utte Foul 1-2,,,,,3,,,,,,,,,,,,,,,,,,,,,,,,,,,,,,,,,,,,,,,,,,,,,,,,2019-02-23 08:00:51+00:00,2019-02-23 08:00:51+00:00,0,7554,139,浦添,2026-10-01T20:50:19.593663
2019,2019022302,2019-02-23 13:00:00+09:00,74432227,910304.0,1,5,オープン戦,9.0,9回表,3,長井,石山,吉本,佐藤,,,1,2,ヤクルト,S,,5,阪神,T,,,,,,,4球目:外角のフォークを打ってファウル 1-2,4 Tamame: Gaikaku no Fork wo Utte Foul 1-2,,,,,4,,,,,,,,,,,,,,,,,,,,,,,,,,,,,,,,,,,,,,,,,,,,,,,,2019-02-23 08:00:51+00:00,2019-02-23 08:00:51+00:00,0,7554,139,浦添,2026-10-01T20:50:19.593663
2019,2019022302,2019-02-23 13:00:00+09:00,74432228,910305.0,1,5,オープン戦,9.0,9回表,3,長井,石山,吉本,佐藤,,,1,2,ヤクルト,S,,5,阪神,T,,,,,,,5球目:低めの落ちる球を打つもショートゴロ 2アウト,5 Tamame: Hikume no Ochiru Tama wo Utsu mo Short Grounder 2 Out,,,,,5,,,,,,,,,,,,,,,,,,,,,,,,,,,,,,,,,,,,,,,,,,,,,,,,2019-02-23 08:00:51+00:00,2019-02-23 08:00:51+00:00,0,7554,139,浦添,2026-10-01T20:50:19.593663
2019,2019022302,2019-02-23 13:00:00+09:00,74432229,910400.0,1,5,オープン戦,9.0,9回表,4,長井,石山,吉本,佐藤,,,1,2,ヤクルト,S,,5,阪神,T,,,,,,,＜5番：近本＞二死2塁,<5 Ban: Kinhon> Ni Shi 2 Rui,,,,,0,,,,,,,,,,,,,,,,,,,,,,,,,,,,,,,,,,,,,,,,,,,,,,,,2019-02-23 08:00:51+00:00,2019-02-23 08:00:51+00:00,0,7554,139,浦添,2026-10-01T20:50:19.593663
2019,2019022302,2019-02-23 13:00:00+09:00,74432230,910401.0,1,5,オープン戦,9.0,9回表,4,長井,石山,吉本,佐藤,,,1,2,ヤクルト,S,,5,阪神,T,,,,,,,1球目:内角低めのスライダーを見逃してボール 1-0,1 Tamame: Naikaku Hikume no Slider wo Minogashite Ball 1-0,,,,,1,,,,,,,,,,,,,,,,,,,,,,,,,,,,,,,,,,,,,,,,,,,,,,,,2019-02-23 08:00:51+00:00,2019-02-23 08:00:51+00:00,0,7554,139,浦添,2026-10-01T20:50:19.593663
2019,2019022302,2019-02-23 13:00:00+09:00,74432231,910402.0,1,5,オープン戦,9.0,9回表,4,長井,石山,吉本,佐藤,,,1,2,ヤクルト,S,,5,阪神,T,,,,,,,2球目:内角高め140キロのストレートを打ってファウル 1-1,2 Tamame: Naikaku Takame 140 Kilo no Straight wo Utte Foul 1-1,,,,,2,,,,,,,,,,,,,,,,,,,,,,,,,,,,,,,,,,,,,,,,,,,,,,,,2019-02-23 08:00:51+00:00,2019-02-23 08:00:51+00:00,0,7554,139,浦添,2026-10-01T20:50:19.593663
2019,2019022302,2019-02-23 13:00:00+09:00,74432232,910403.0,1,5,オープン戦,9.0,9回表,4,長井,石山,吉本,佐藤,,,1,2,ヤクルト,S,,5,阪神,T,,,,,,,3球目:内角低め137キロのスライダーを見逃してボール 2-1,3 Tamame: Naikaku Hikume 137 Kilo no Slider wo Minogashite Ball 2-1,,,,,3,,,,,,,,,,,,,,,,,,,,,,,,,,,,,,,,,,,,,,,,,,,,,,,,2019-02-23 08:00:51+00:00,2019-02-23 08:00:51+00:00,0,7554,139,浦添,2026-10-01T20:50:19.593663
2019,2019022302,2019-02-23 13:00:00+09:00,74432233,910404.0,1,5,オープン戦,9.0,9回表,4,長井,石山,吉本,佐藤,,,1,2,ヤクルト,S,,5,阪神,T,,,,,,,4球目:内角136キロのスライダーを打ってファウル 2-2,4 Tamame: Naikaku 136 Kilo no Slider wo Utte Foul 2-2,,,,,4,,,,,,,,,,,,,,,,,,,,,,,,,,,,,,,,,,,,,,,,,,,,,,,,2019-02-23 08:00:51+00:00,2019-02-23 08:00:51+00:00,0,7554,139,浦添,2026-10-01T20:50:19.593663
2019,2019022302,2019-02-23 13:00:00+09:00,74432234,910405.0,1,5,オープン戦,9.0,9回表,4,長井,石山,吉本,佐藤,,,1,2,ヤクルト,S,,5,阪神,T,,,,,,,"5球目:2アウト2塁からライトへのヒットで出塁 1,3塁","5 Tamame:2 Out 2 Rui kara Raito e no Hit de Shutsurui 1,3 Rui",,,,,5,,,,,,,,,,,,,,,,,,,,,,,,,,,,,,,,,,,,,,,,,,,,,,,,2019-02-23 08:00:51+00:00,2019-02-23 08:00:51+00:00,0,7554,139,浦添,2026-10-01T20:50:19.593663
2019,2019022302,2019-02-23 13:00:00+09:00,74432235,910500.0,1,5,オープン戦,9.0,9回表,5,長井,石山,吉本,佐藤,,,1,2,ヤクルト,S,,5,阪神,T,,,,,,,"＜6番：板山＞二死1,3塁","<6 Ban: Itayama> Ni Shi 1,3 Rui",,,,,0,,,,,,,,,,,,,,,,,,,,,,,,,,,,,,,,,,,,,,,,,,,,,,,,2019-02-23 08:00:51+00:00,2019-02-23 08:00:51+00:00,0,7554,139,浦添,2026-10-01T20:50:19.593663
2019,2019022302,2019-02-23 13:00:00+09:00,74432236,910501.0,1,5,オープン戦,9.0,9回表,5,長井,石山,吉本,佐藤,,,1,2,ヤクルト,S,,5,阪神,T,,,,,,,"1球目:高め114キロのナックルカーブを見逃してストライク 0-1 2,3塁","1 Tamame: Takame 114 Kilo no Knuckle Curve wo Minogashite Strike 0-1 2,3 Rui",,,,,1,,,,,,,,,,,,,,,,,,,,,,,,,,,,,,,,,,,,,,,,,,,,,,,,2019-02-23 08:00:51+00:00,2019-02-23 08:00:51+00:00,0,7554,139,浦添,2026-10-01T20:50:19.593663
2019,2019022302,2019-02-23 13:00:00+09:00,74432237,910502.0,1,5,オープン戦,9.0,9回表,5,長井,石山,吉本,佐藤,,,1,2,ヤクルト,S,,5,阪神,T,,,,,,,2球目:ワンバウンドの球を見逃してボール 1-1,2 Tamame: One Bound no Tama wo Minogashite Ball 1-1,,,,,2,,,,,,,,,,,,,,,,,,,,,,,,,,,,,,,,,,,,,,,,,,,,,,,,2019-02-23 08:00:51+00:00,2019-02-23 08:00:51+00:00,0,7554,139,浦添,2026-10-01T20:50:19.593663
2019,2019022302,2019-02-23 13:00:00+09:00,74432238,910503.0,1,5,オープン戦,9.0,9回表,5,長井,石山,吉本,佐藤,,,1,2,ヤクルト,S,,5,阪神,T,,,,,,,3球目:外角高めのフォークを見逃してボール 2-1,3 Tamame: Gaikaku Takame no Fork wo Minogashite Ball 2-1,,,,,3,,,,,,,,,,,,,,,,,,,,,,,,,,,,,,,,,,,,,,,,,,,,,,,,2019-02-23 08:00:51+00:00,2019-02-23 08:00:51+00:00,0,7554,139,浦添,2026-10-01T20:50:19.593663
2019,2019022302,2019-02-23 13:00:00+09:00,74432239,910504.0,1,5,オープン戦,9.0,9回表,5,長井,石山,吉本,佐藤,,,1,2,ヤクルト,S,,5,阪神,T,,,,,,,4球目:外角高めのナックルカーブを見逃してボール 3-1,4 Tamame: Gaikaku Takame no Knuckle Curve wo Minogashite Ball 3-1,,,,,4,,,,,,,,,,,,,,,,,,,,,,,,,,,,,,,,,,,,,,,,,,,,,,,,2019-02-23 08:00:51+00:00,2019-02-23 08:00:51+00:00,0,7554,139,浦添,2026-10-01T20:50:19.593663
2019,2019022302,2019-02-23 13:00:00+09:00,74432240,910505.0,1,5,オープン戦,9.0,9回表,5,長井,石山,吉本,佐藤,,,1,2,ヤクルト,S,,5,阪神,T,,,,,,,5球目:内角のスライダーを空振りストライク 3-2,5 Tamame: Naikaku no Slider wo Karaburi Strike 3-2,,,,,5,,,,,,,,,,,,,,,,,,,,,,,,,,,,,,,,,,,,,,,,,,,,,,,,2019-02-23 08:00:51+00:00,2019-02-23 08:00:51+00:00,0,7554,139,浦添,2026-10-01T20:50:19.593663
2019,2019022302,2019-02-23 13:00:00+09:00,74432241,910506.0,1,5,オープン戦,9.0,9回表,5,長井,石山,吉本,佐藤,,,1,2,ヤクルト,S,,5,阪神,T,,,,,,,6球目:外角低めのフォークを打ってファウル 3-2,6 Tamame: Gaikaku Hikume no Fork wo Utte Foul 3-2,,,,,6,,,,,,,,,,,,,,,,,,,,,,,,,,,,,,,,,,,,,,,,,,,,,,,,2019-02-23 08:00:51+00:00,2019-02-23 08:00:51+00:00,0,7554,139,浦添,2026-10-01T20:50:19.593663
2019,2019022302,2019-02-23 13:00:00+09:00,74432242,910507.0,1,5,オープン戦,9.0,9回表,5,長井,石山,吉本,佐藤,,,1,2,ヤクルト,S,,5,阪神,T,,,,,,,7球目:外角のストレートを見逃し四球を選ぶ 満塁,7 Tamame: Gaikaku no Straight wo Minogashi Shikyuu wo Erabu Manrui,,,,,7,,,,,,,,,,,,,,,,,,,,,,,,,,,,,,,,,,,,,,,,,,,,,,,,2019-02-23 08:00:51+00:00,2019-02-23 08:00:51+00:00,0,7554,139,浦添,2026-10-01T20:50:19.593663
2019,2019022302,2019-02-23 13:00:00+09:00,74432243,910600.0,1,5,オープン戦,9.0,9回表,6,長井,石山,吉本,佐藤,,,1,2,ヤクルト,S,,5,阪神,T,,,,,,,－ヤクルト:内野手マウンドへ集まる－,- Yakuruto: Naiyashu Mound e Atsumaru -,,,,,0,,,,,,,,,,,,,,,,,,,,,,,,,,,,,,,,,,,,,,,,,,,,,,,,2019-02-23 08:00:51+00:00,2019-02-23 08:00:51+00:00,0,7554,139,浦添,2026-10-01T20:50:19.593663
2019,2019022302,2019-02-23 13:00:00+09:00,74432244,910600.0,1,5,オープン戦,9.0,9回表,6,長井,石山,吉本,佐藤,,,1,2,ヤクルト,S,,5,阪神,T,,,,,,,＜7番：島田＞二死満塁,<7 Ban: Shimada> Ni Shi Manrui,,,,,0,,,,,,,,,,,,,,,,,,,,,,,,,,,,,,,,,,,,,,,,,,,,,,,,2019-02-23 08:00:51+00:00,2019-02-23 08:00:51+00:00,0,7554,139,浦添,2026-10-01T20:50:19.593663
2019,2019022302,2019-02-23 13:00:00+09:00,74432245,910601.0,1,5,オープン戦,9.0,9回表,6,長井,石山,吉本,佐藤,,,1,2,ヤクルト,S,,5,阪神,T,,,,,,,1球目:ワンバウンドの球を見逃してボール 1-0,1 Tamame: One Bound no Tama wo Minogashite Ball 1-0,,,,,1,,,,,,,,,,,,,,,,,,,,,,,,,,,,,,,,,,,,,,,,,,,,,,,,2019-02-23 08:00:51+00:00,2019-02-23 08:00:51+00:00,0,7554,139,浦添,2026-10-01T20:50:19.593663
2019,2019022302,2019-02-23 13:00:00+09:00,74432246,910602.0,1,5,オープン戦,9.0,9回表,6,長井,石山,吉本,佐藤,,,1,2,ヤクルト,S,,5,阪神,T,,,,,,,2球目:外角高め140キロのストレートを打ってファウル 1-1,2 Tamame: Gaikaku Takame 140 Kilo no Straight wo Utte Foul 1-1,,,,,2,,,,,,,,,,,,,,,,,,,,,,,,,,,,,,,,,,,,,,,,,,,,,,,,2019-02-23 08:00:51+00:00,2019-02-23 08:00:51+00:00,0,7554,139,浦添,2026-10-01T20:50:19.593663
2019,2019022302,2019-02-23 13:00:00+09:00,74432247,910603.0,1,5,オープン戦,9.0,9回表,6,長井,石山,吉本,佐藤,,,1,2,ヤクルト,S,,5,阪神,T,,,,,,,3球目:ど真ん中の球を打ってファウル 1-2,3 Tamame: Domannaka no Tama wo Utte Foul 1-2,,,,,3,,,,,,,,,,,,,,,,,,,,,,,,,,,,,,,,,,,,,,,,,,,,,,,,2019-02-23 08:00:51+00:00,2019-02-23 08:00:51+00:00,0,7554,139,浦添,2026-10-01T20:50:19.593663
2019,2019022302,2019-02-23 13:00:00+09:00,74432248,910604.0,1,5,オープン戦,9.0,9回表,6,長井,石山,吉本,佐藤,,,1,2,ヤクルト,S,,5,阪神,T,,,,,,,4球目:低めのストレートを打つもセンターフライ ゲームセット,4 Tamame: Hikume no Straight wo Utsu mo Center Fly Game Set,,,,,4,,,,,,,,,,,,,,,,,,,,,,,,,,,,,,,,,,,,,,,,,,,,,,,,2019-02-23 08:00:51+00:00,2019-02-23 08:00:51+00:00,0,7554,139,浦添,2026-10-01T20:50:19.593663
2019,2019022302,2019-02-23 13:00:00+09:00,74432249,910600.0,1,5,オープン戦,9.0,9回表,6,長井,石山,吉本,佐藤,,,1,2,ヤクルト,S,,5,阪神,T,,,,,,,試合終了,Shiai Shuuryou,,,,,0,,,,,,,,,,,,,,,,,,,,,,,,,,,,,,,,,,,,,,,,,,,,,,,,2019-02-23 08:00:51+00:00,2019-02-23 08:00:51+00:00,0,7554,139,浦添,2026-10-01T20:50:19.593663
2019,2019022303,2019-02-23 13:01:00+09:00,74418555,,1,5,オープン戦,,試合前情報,1,梅木,川口,名幸,秋村,,,1,1,巨人,G,,376,楽天,E,,,,,,,先発ピッチャーは巨人が菅野、楽天が森,"Senpatsu Pitcher wa Kyojin ga Kanno, Rakuten ga Mori",,,,,0,,,,,,,,,,,,,,,,,,,,,,,,,,,,,,,,,,,,,,,,,,,,,,,,2019-02-23 07:19:20+00:00,2019-02-23 07:19:20+00:00,0,9287,88,那覇,2026-10-01T20:50:19.593663
2019,2019022303,2019-02-23 13:01:00+09:00,74418556,,1,5,オープン戦,,試合前情報,1,梅木,川口,名幸,秋村,,,1,1,巨人,G,,376,楽天,E,,,,,,,先攻:楽天のスターティングラインナップは1番:オコエ(右)、2番:田中(中)、3番:浅村(二)、4番:ブラッシュ(指)、5番:島内(左)、6番:ウィーラー(三)、7番:銀次(一)、8番:太田(捕)、9番:藤田(遊),"Senkou: Rakuten no Starting Lineup wa 1 Ban: Okoe (Migi), 2 Ban: Tanaka (Chuu), 3 Ban: Asa Mura (Ni), 4 Ban: Blush (Yubi), 5 Ban: Shimauchi (Hidari), 6 Ban: Wheeler (San), 7 Ban: Ginji (Ichi), 8 Ban: Oota (Ho), 9 Ban: Fujita (Yuu)",,,,,0,,,,,,,,,,,,,,,,,,,,,,,,,,,,,,,,,,,,,,,,,,,,,,,,2019-02-23 07:19:20+00:00,2019-02-23 07:19:20+00:00,0,9287,88,那覇,2026-10-01T20:50:19.593663
2019,2019022303,2019-02-23 13:01:00+09:00,74418557,,1,5,オープン戦,,試合前情報,1,梅木,川口,名幸,秋村,,,1,1,巨人,G,,376,楽天,E,,,,,,,後攻:巨人のスターティングラインナップは1番:吉川尚(二)、2番:丸(中)、3番:坂本勇(遊)、4番:ゲレーロ(指)、5番:ビヤヌエバ(三)、6番:陽(右)、7番:亀井(左)、8番:中島(一)、9番:炭谷(捕),"Koukou: Kyojin no Starting Lineup wa 1 Ban: Yoshikawa Nao (Ni), 2 Ban: Maru (Chuu), 3 Ban: Sakamoto Isamu (Yuu), 4 Ban: Gereero (Yubi), 5 Ban: Beer Nueva (San), 6 Ban: You (Migi), 7 Ban: Kamei (Hidari), 8 Ban: Nakajima (Ichi), 9 Ban: Sumitani (Ho)",,,,,0,,,,,,,,,,,,,,,,,,,,,,,,,,,,,,,,,,,,,,,,,,,,,,,,2019-02-23 07:19:20+00:00,2019-02-23 07:19:20+00:00,0,9287,88,那覇,2026-10-01T20:50:19.593663
2019,2019022303,2019-02-23 13:01:00+09:00,74418558,110100.0,1,5,オープン戦,1.0,1回表,1,梅木,川口,名幸,秋村,,,1,1,巨人,G,,376,楽天,E,,,,,,,試合開始 1回表 巨0-0楽　楽天は1番オコエからの攻撃,Shiai Kaishi 1 Kai Hyou Kyo 0-0 Raku Rakuten wa 1 Ban Okoe kara no Kougeki,,,,,0,,,,,,,,,,,,,,,,,,,,,,,,,,,,,,,,,,,,,,,,,,,,,,,,2019-02-23 07:19:20+00:00,2019-02-23 07:19:20+00:00,0,9287,88,那覇,2026-10-01T20:50:19.593663
2019,2019022303,2019-02-23 13:01:00+09:00,74418559,110100.0,1,5,オープン戦,1.0,1回表,1,梅木,川口,名幸,秋村,,,1,1,巨人,G,,376,楽天,E,,,,,,,＜1番：オコエ＞無死走者なし,<1 Ban: Okoe> Mushi Sousha Nashi,,,,,0,,,,,,,,,,,,,,,,,,,,,,,,,,,,,,,,,,,,,,,,,,,,,,,,2019-02-23 07:19:20+00:00,2019-02-23 07:19:20+00:00,0,9287,88,那覇,2026-10-01T20:50:19.593663
2019,2019022303,2019-02-23 13:01:00+09:00,74418560,110101.0,1,5,オープン戦,1.0,1回表,1,梅木,川口,名幸,秋村,,,1,1,巨人,G,,376,楽天,E,,,,,,,1球目:146キロのストレートを見逃してボール 1-0,1 Tamame:146 Kilo no Straight wo Minogashite Ball 1-0,,,,,1,,,,,,,,,,,,,,,,,,,,,,,,,,,,,,,,,,,,,,,,,,,,,,,,2019-02-23 07:19:20+00:00,2019-02-23 07:19:20+00:00,0,9287,88,那覇,2026-10-01T20:50:19.593663
2019,2019022303,2019-02-23 13:01:00+09:00,74418561,110102.0,1,5,オープン戦,1.0,1回表,1,梅木,川口,名幸,秋村,,,1,1,巨人,G,,376,楽天,E,,,,,,,2球目:147キロのストレートを打ってファウル 1-1,2 Tamame:147 Kilo no Straight wo Utte Foul 1-1,,,,,2,,,,,,,,,,,,,,,,,,,,,,,,,,,,,,,,,,,,,,,,,,,,,,,,2019-02-23 07:19:20+00:00,2019-02-23 07:19:20+00:00,0,9287,88,那覇,2026-10-01T20:50:19.593663
2019,2019022303,2019-02-23 13:01:00+09:00,74418562,110103.0,1,5,オープン戦,1.0,1回表,1,梅木,川口,名幸,秋村,,,1,1,巨人,G,,376,楽天,E,,,,,,,3球目:外角のストレートを打つもセンターフライ 1アウト,3 Tamame: Gaikaku no Straight wo Utsu mo Center Fly 1 Out,,,,,3,,,,,,,,,,,,,,,,,,,,,,,,,,,,,,,,,,,,,,,,,,,,,,,,2019-02-23 07:19:20+00:00,2019-02-23 07:19:20+00:00,0,9287,88,那覇,2026-10-01T20:50:19.593663
2019,2019022303,2019-02-23 13:01:00+09:00,74418563,110200.0,1,5,オープン戦,1.0,1回表,2,梅木,川口,名幸,秋村,,,1,1,巨人,G,,376,楽天,E,,,,,,,＜2番：田中＞一死走者なし,<2 Ban: Tanaka> Ichi Shi Sousha Nashi,,,,,0,,,,,,,,,,,,,,,,,,,,,,,,,,,,,,,,,,,,,,,,,,,,,,,,2019-02-23 07:19:20+00:00,2019-02-23 07:19:20+00:00,0,9287,88,那覇,2026-10-01T20:50:19.593663
2019,2019022303,2019-02-23 13:01:00+09:00,74418564,110201.0,1,5,オープン戦,1.0,1回表,2,梅木,川口,名幸,秋村,,,1,1,巨人,G,,376,楽天,E,,,,,,,1球目:内角低めの変化球を空振りストライク 0-1,1 Tamame: Naikaku Hikume no Henka Kyuu wo Karaburi Strike 0-1,,,,,1,,,,,,,,,,,,,,,,,,,,,,,,,,,,,,,,,,,,,,,,,,,,,,,,2019-02-23 07:19:20+00:00,2019-02-23 07:19:20+00:00,0,9287,88,那覇,2026-10-01T20:50:19.593663
2019,2019022303,2019-02-23 13:01:00+09:00,74418565,110202.0,1,5,オープン戦,1.0,1回表,2,梅木,川口,名幸,秋村,,,1,1,巨人,G,,376,楽天,E,,,,,,,2球目:内角132キロのスライダーを打ってファウル 0-2,2 Tamame: Naikaku 132 Kilo no Slider wo Utte Foul 0-2,,,,,2,,,,,,,,,,,,,,,,,,,,,,,,,,,,,,,,,,,,,,,,,,,,,,,,2019-02-23 07:19:20+00:00,2019-02-23 07:19:20+00:00,0,9287,88,那覇,2026-10-01T20:50:19.593663
2019,2019022303,2019-02-23 13:01:00+09:00,74418566,110203.0,1,5,オープン戦,1.0,1回表,2,梅木,川口,名幸,秋村,,,1,1,巨人,G,,376,楽天,E,,,,,,,3球目:高めのつり球に手を出しファウル 0-2,3 Tamame: Takame no Tsuri Tama ni Te wo Dashi Foul 0-2,,,,,3,,,,,,,,,,,,,,,,,,,,,,,,,,,,,,,,,,,,,,,,,,,,,,,,2019-02-23 07:19:20+00:00,2019-02-23 07:19:20+00:00,0,9287,88,那覇,2026-10-01T20:50:19.593663
2019,2019022303,2019-02-23 13:01:00+09:00,74418567,110204.0,1,5,オープン戦,1.0,1回表,2,梅木,川口,名幸,秋村,,,1,1,巨人,G,,376,楽天,E,,,,,,,4球目:外角高めのストレートを打ってファウル 0-2,4 Tamame: Gaikaku Takame no Straight wo Utte Foul 0-2,,,,,4,,,,,,,,,,,,,,,,,,,,,,,,,,,,,,,,,,,,,,,,,,,,,,,,2019-02-23 07:19:20+00:00,2019-02-23 07:19:20+00:00,0,9287,88,那覇,2026-10-01T20:50:19.593663
2019,2019022303,2019-02-23 13:01:00+09:00,74418568,110205.0,1,5,オープン戦,1.0,1回表,2,梅木,川口,名幸,秋村,,,1,1,巨人,G,,376,楽天,E,,,,,,,5球目:外角のカーブを打つもサードゴロ 2アウト,5 Tamame: Gaikaku no Curve wo Utsu mo Third Grounder 2 Out,,,,,5,,,,,,,,,,,,,,,,,,,,,,,,,,,,,,,,,,,,,,,,,,,,,,,,2019-02-23 07:19:20+00:00,2019-02-23 07:19:20+00:00,0,9287,88,那覇,2026-10-01T20:50:19.593663
2019,2019022303,2019-02-23 13:01:00+09:00,74418569,110300.0,1,5,オープン戦,1.0,1回表,3,梅木,川口,名幸,秋村,,,1,1,巨人,G,,376,楽天,E,,,,,,,＜3番：浅村＞二死走者なし,<3 Ban: Asa Mura> Ni Shi Sousha Nashi,,,,,0,,,,,,,,,,,,,,,,,,,,,,,,,,,,,,,,,,,,,,,,,,,,,,,,2019-02-23 07:19:20+00:00,2019-02-23 07:19:20+00:00,0,9287,88,那覇,2026-10-01T20:50:19.593663
2019,2019022303,2019-02-23 13:01:00+09:00,74418570,110301.0,1,5,オープン戦,1.0,1回表,3,梅木,川口,名幸,秋村,,,1,1,巨人,G,,376,楽天,E,,,,,,,1球目:内角低め148キロのストレートを見逃してストライク 0-1,1 Tamame: Naikaku Hikume 148 Kilo no Straight wo Minogashite Strike 0-1,,,,,1,,,,,,,,,,,,,,,,,,,,,,,,,,,,,,,,,,,,,,,,,,,,,,,,2019-02-23 07:19:20+00:00,2019-02-23 07:19:20+00:00,0,9287,88,那覇,2026-10-01T20:50:19.593663
2019,2019022303,2019-02-23 13:01:00+09:00,74418571,110302.0,1,5,オープン戦,1.0,1回表,3,梅木,川口,名幸,秋村,,,1,1,巨人,G,,376,楽天,E,,,,,,,2球目:外角のカットボールを打ってファウル 0-2,2 Tamame: Gaikaku no Cut Ball wo Utte Foul 0-2,,,,,2,,,,,,,,,,,,,,,,,,,,,,,,,,,,,,,,,,,,,,,,,,,,,,,,2019-02-23 07:19:20+00:00,2019-02-23 07:19:20+00:00,0,9287,88,那覇,2026-10-01T20:50:19.593663
2019,2019022303,2019-02-23 13:01:00+09:00,74418572,110303.0,1,5,オープン戦,1.0,1回表,3,梅木,川口,名幸,秋村,,,1,1,巨人,G,,376,楽天,E,,,,,,,3球目:外角高め149キロのストレートを見逃してボール 1-2,3 Tamame: Gaikaku Takame 149 Kilo no Straight wo Minogashite Ball 1-2,,,,,3,,,,,,,,,,,,,,,,,,,,,,,,,,,,,,,,,,,,,,,,,,,,,,,,2019-02-23 07:19:20+00:00,2019-02-23 07:19:20+00:00,0,9287,88,那覇,2026-10-01T20:50:19.593663
2019,2019022303,2019-02-23 13:01:00+09:00,74418573,110304.0,1,5,オープン戦,1.0,1回表,3,梅木,川口,名幸,秋村,,,1,1,巨人,G,,376,楽天,E,,,,,,,4球目:外角のスライダーを打つもショートフライ 3アウトチェンジ,4 Tamame: Gaikaku no Slider wo Utsu mo Short Fly 3 Out Change,,,,,4,,,,,,,,,,,,,,,,,,,,,,,,,,,,,,,,,,,,,,,,,,,,,,,,2019-02-23 07:19:20+00:00,2019-02-23 07:19:20+00:00,0,9287,88,那覇,2026-10-01T20:50:19.593663
2019,2019022303,2019-02-23 13:01:00+09:00,74418574,120100.0,1,5,オープン戦,1.0,1回裏,1,梅木,川口,名幸,秋村,,,1,1,巨人,G,,376,楽天,E,,,,,,,1回裏 巨0-0楽　巨人は1番吉川尚からの攻撃,1 Kai Ura Kyo 0-0 Raku Kyojin wa 1 Ban Yoshikawa Nao kara no Kougeki,,,,,0,,,,,,,,,,,,,,,,,,,,,,,,,,,,,,,,,,,,,,,,,,,,,,,,2019-02-23 07:19:20+00:00,2019-02-23 07:19:20+00:00,0,9287,88,那覇,2026-10-01T20:50:19.593663
2019,2019022303,2019-02-23 13:01:00+09:00,74418575,120100.0,1,5,オープン戦,1.0,1回裏,1,梅木,川口,名幸,秋村,,,1,1,巨人,G,,376,楽天,E,,,,,,,＜1番：吉川尚＞無死走者なし,<1 Ban: Yoshikawa Nao> Mushi Sousha Nashi,,,,,0,,,,,,,,,,,,,,,,,,,,,,,,,,,,,,,,,,,,,,,,,,,,,,,,2019-02-23 07:19:20+00:00,2019-02-23 07:19:20+00:00,0,9287,88,那覇,2026-10-01T20:50:19.593663
2019,2019022303,2019-02-23 13:01:00+09:00,74418576,120101.0,1,5,オープン戦,1.0,1回裏,1,梅木,川口,名幸,秋村,,,1,1,巨人,G,,376,楽天,E,,,,,,,1球目:外角低めのカットボールを空振りストライク 0-1,1 Tamame: Gaikaku Hikume no Cut Ball wo Karaburi Strike 0-1,,,,,1,,,,,,,,,,,,,,,,,,,,,,,,,,,,,,,,,,,,,,,,,,,,,,,,2019-02-23 07:19:20+00:00,2019-02-23 07:19:20+00:00,0,9287,88,那覇,2026-10-01T20:50:19.593663
2019,2019022303,2019-02-23 13:01:00+09:00,74418577,120102.0,1,5,オープン戦,1.0,1回裏,1,梅木,川口,名幸,秋村,,,1,1,巨人,G,,376,楽天,E,,,,,,,2球目:ピッチャーへの強烈な打球の内野安打 1塁,2 Tamame: Pitcher e no Kyouretsu na Dakyuu no Naiya Anda 1 Rui,,,,,2,,,,,,,,,,,,,,,,,,,,,,,,,,,,,,,,,,,,,,,,,,,,,,,,2019-02-23 07:19:20+00:00,2019-02-23 07:19:20+00:00,0,9287,88,那覇,2026-10-01T20:50:19.593663
2019,2019022303,2019-02-23 13:01:00+09:00,74418578,120200.0,1,5,オープン戦,1.0,1回裏,2,梅木,川口,名幸,秋村,,,1,1,巨人,G,,376,楽天,E,,,,,,,＜2番：丸＞無死1塁,<2 Ban: Maru> Mushi 1 Rui,,,,,0,,,,,,,,,,,,,,,,,,,,,,,,,,,,,,,,,,,,,,,,,,,,,,,,2019-02-23 07:19:20+00:00,2019-02-23 07:19:20+00:00,0,9287,88,那覇,2026-10-01T20:50:19.593663
2019,2019022303,2019-02-23 13:01:00+09:00,74418579,120201.0,1,5,オープン戦,1.0,1回裏,2,梅木,川口,名幸,秋村,,,1,1,巨人,G,,376,楽天,E,,,,,,,1球目:高め139キロのストレートを見逃してボール 1-0,1 Tamame: Takame 139 Kilo no Straight wo Minogashite Ball 1-0,,,,,1,,,,,,,,,,,,,,,,,,,,,,,,,,,,,,,,,,,,,,,,,,,,,,,,2019-02-23 07:19:20+00:00,2019-02-23 07:19:20+00:00,0,9287,88,那覇,2026-10-01T20:50:19.593663
2019,2019022303,2019-02-23 13:01:00+09:00,74418580,120202.0,1,5,オープン戦,1.0,1回裏,2,梅木,川口,名幸,秋村,,,1,1,巨人,G,,376,楽天,E,,,,,,,2球目:ワンバウンドの球を見逃してボール 2-0,2 Tamame: One Bound no Tama wo Minogashite Ball 2-0,,,,,2,,,,,,,,,,,,,,,,,,,,,,,,,,,,,,,,,,,,,,,,,,,,,,,,2019-02-23 07:19:20+00:00,2019-02-23 07:19:20+00:00,0,9287,88,那覇,2026-10-01T20:50:19.593663
2019,2019022303,2019-02-23 13:01:00+09:00,74418581,120203.0,1,5,オープン戦,1.0,1回裏,2,梅木,川口,名幸,秋村,,,1,1,巨人,G,,376,楽天,E,,,,,,,3球目:外角140キロのストレートを見逃してストライク 2-1,3 Tamame: Gaikaku 140 Kilo no Straight wo Minogashite Strike 2-1,,,,,3,,,,,,,,,,,,,,,,,,,,,,,,,,,,,,,,,,,,,,,,,,,,,,,,2019-02-23 07:19:20+00:00,2019-02-23 07:19:20+00:00,0,9287,88,那覇,2026-10-01T20:50:19.593663
2019,2019022303,2019-02-23 13:01:00+09:00,74418582,120204.0,1,5,オープン戦,1.0,1回裏,2,梅木,川口,名幸,秋村,,,1,1,巨人,G,,376,楽天,E,,,,,,,4球目:外角140キロのストレートを見逃してボール 3-1,4 Tamame: Gaikaku 140 Kilo no Straight wo Minogashite Ball 3-1,,,,,4,,,,,,,,,,,,,,,,,,,,,,,,,,,,,,,,,,,,,,,,,,,,,,,,2019-02-23 07:19:20+00:00,2019-02-23 07:19:20+00:00,0,9287,88,那覇,2026-10-01T20:50:19.593663
2019,2019022303,2019-02-23 13:01:00+09:00,74418583,120200.0,1,5,オープン戦,1.0,1回裏,2,梅木,川口,名幸,秋村,,,1,1,巨人,G,,376,楽天,E,,,,,,,一塁走者吉川尚:盗塁成功 2塁,Ichirui Sousha Yoshikawa Nao: Tourui Seikou 2 Rui,,,,,0,,,,,,,,,,,,,,,,,,,,,,,,,,,,,,,,,,,,,,,,,,,,,,,,2019-02-23 07:19:20+00:00,2019-02-23 07:19:20+00:00,0,9287,88,那覇,2026-10-01T20:50:19.593663
2019,2019022303,2019-02-23 13:01:00+09:00,74418584,120205.0,1,5,オープン戦,1.0,1回裏,2,梅木,川口,名幸,秋村,,,1,1,巨人,G,,376,楽天,E,,,,,,,5球目:際どいコースのストレートを見逃してストライク 3-2,5 Tamame: Kiwadoi Course no Straight wo Minogashite Strike 3-2,,,,,5,,,,,,,,,,,,,,,,,,,,,,,,,,,,,,,,,,,,,,,,,,,,,,,,2019-02-23 07:19:20+00:00,2019-02-23 07:19:20+00:00,0,9287,88,那覇,2026-10-01T20:50:19.593663
2019,2019022303,2019-02-23 13:01:00+09:00,74418585,120206.0,1,5,オープン戦,1.0,1回裏,2,梅木,川口,名幸,秋村,,,1,1,巨人,G,,376,楽天,E,,,,,,,"6球目:一度もバットを振ることなくフォアボールを選ぶ 1,2塁","6 Tamame: Ichi Do mo Batto wo Furu Koto Naku Four Ball wo Erabu 1,2 Rui",,,,,6,,,,,,,,,,,,,,,,,,,,,,,,,,,,,,,,,,,,,,,,,,,,,,,,2019-02-23 07:19:20+00:00,2019-02-23 07:19:20+00:00,0,9287,88,那覇,2026-10-01T20:50:19.593663
2019,2019022303,2019-02-23 13:01:00+09:00,74418586,120300.0,1,5,オープン戦,1.0,1回裏,3,梅木,川口,名幸,秋村,,,1,1,巨人,G,,376,楽天,E,,,,,,,"＜3番：坂本勇＞無死1,2塁","<3 Ban: Sakamoto Isamu> Mushi 1,2 Rui",,,,,0,,,,,,,,,,,,,,,,,,,,,,,,,,,,,,,,,,,,,,,,,,,,,,,,2019-02-23 07:19:20+00:00,2019-02-23 07:19:20+00:00,0,9287,88,那覇,2026-10-01T20:50:19.593663
2019,2019022303,2019-02-23 13:01:00+09:00,74418587,120301.0,1,5,オープン戦,1.0,1回裏,3,梅木,川口,名幸,秋村,,,1,1,巨人,G,,376,楽天,E,,,,,,,"1球目:ランナー1,2塁からど真ん中のストレートを打つも6-4-3のダブルプレー 2アウト3塁","1 Tamame: Runner 1,2 Rui kara Domannaka no Straight wo Utsu mo 6-4-3 no Double Play 2 Out 3 Rui",,,,,1,,,,,,,,,,,,,,,,,,,,,,,,,,,,,,,,,,,,,,,,,,,,,,,,2019-02-23 07:19:20+00:00,2019-02-23 07:19:20+00:00,0,9287,88,那覇,2026-10-01T20:50:19.593663
2019,2019022303,2019-02-23 13:01:00+09:00,74418588,120400.0,1,5,オープン戦,1.0,1回裏,4,梅木,川口,名幸,秋村,,,1,1,巨人,G,,376,楽天,E,,,,,,,＜4番：ゲレーロ＞二死3塁,<4 Ban: Gereero> Ni Shi 3 Rui,,,,,0,,,,,,,,,,,,,,,,,,,,,,,,,,,,,,,,,,,,,,,,,,,,,,,,2019-02-23 07:19:20+00:00,2019-02-23 07:19:20+00:00,0,9287,88,那覇,2026-10-01T20:50:19.593663
2019,2019022303,2019-02-23 13:01:00+09:00,74418589,120401.0,1,5,オープン戦,1.0,1回裏,4,梅木,川口,名幸,秋村,,,1,1,巨人,G,,376,楽天,E,,,,,,,1球目:甘い球を見逃してストライク 0-1,1 Tamame: Amai Tama wo Minogashite Strike 0-1,,,,,1,,,,,,,,,,,,,,,,,,,,,,,,,,,,,,,,,,,,,,,,,,,,,,,,2019-02-23 07:19:20+00:00,2019-02-23 07:19:20+00:00,0,9287,88,那覇,2026-10-01T20:50:19.593663
2019,2019022303,2019-02-23 13:01:00+09:00,74418590,120402.0,1,5,オープン戦,1.0,1回裏,4,梅木,川口,名幸,秋村,,,1,1,巨人,G,,376,楽天,E,,,,,,,2球目:外角130キロのチェンジアップを打ってファウル 0-2,2 Tamame: Gaikaku 130 Kilo no Change Up wo Utte Foul 0-2,,,,,2,,,,,,,,,,,,,,,,,,,,,,,,,,,,,,,,,,,,,,,,,,,,,,,,2019-02-23 07:19:20+00:00,2019-02-23 07:19:20+00:00,0,9287,88,那覇,2026-10-01T20:50:19.593663
2019,2019022303,2019-02-23 13:01:00+09:00,74418591,120403.0,1,5,オープン戦,1.0,1回裏,4,梅木,川口,名幸,秋村,,,1,1,巨人,G,,376,楽天,E,,,,,,,3球目:ワンバウンドのチェンジアップを見逃してボール 1-2,3 Tamame: One Bound no Change Up wo Minogashite Ball 1-2,,,,,3,,,,,,,,,,,,,,,,,,,,,,,,,,,,,,,,,,,,,,,,,,,,,,,,2019-02-23 07:19:20+00:00,2019-02-23 07:19:20+00:00,0,9287,88,那覇,2026-10-01T20:50:19.593663
2019,2019022303,2019-02-23 13:01:00+09:00,74418592,120404.0,1,5,オープン戦,1.0,1回裏,4,梅木,川口,名幸,秋村,,,1,1,巨人,G,,376,楽天,E,,,,,,,4球目:際どいコースのストレートを見極めてボール 2-2,4 Tamame: Kiwadoi Course no Straight wo Mikiwamete Ball 2-2,,,,,4,,,,,,,,,,,,,,,,,,,,,,,,,,,,,,,,,,,,,,,,,,,,,,,,2019-02-23 07:19:20+00:00,2019-02-23 07:19:20+00:00,0,9287,88,那覇,2026-10-01T20:50:19.593663
2019,2019022303,2019-02-23 13:01:00+09:00,74418593,120405.0,1,5,オープン戦,1.0,1回裏,4,梅木,川口,名幸,秋村,,,1,1,巨人,G,,376,楽天,E,,,,,,,5球目:一打先制の場面で内角のストレートを打つもサードゴロ 3アウトチェンジ,5 Tamame: Ichida Sensei no Bamen de Naikaku no Straight wo Utsu mo Third Grounder 3 Out Change,,,,,5,,,,,,,,,,,,,,,,,,,,,,,,,,,,,,,,,,,,,,,,,,,,,,,,2019-02-23 07:19:20+00:00,2019-02-23 07:19:20+00:00,0,9287,88,那覇,2026-10-01T20:50:19.593663
2019,2019022303,2019-02-23 13:01:00+09:00,74418594,210100.0,1,5,オープン戦,2.0,2回表,1,梅木,川口,名幸,秋村,,,1,1,巨人,G,,376,楽天,E,,,,,,,2回表 巨0-0楽　楽天は4番ブラッシュからの攻撃,2 Kai Hyou Kyo 0-0 Raku Rakuten wa 4 Ban Blush kara no Kougeki,,,,,0,,,,,,,,,,,,,,,,,,,,,,,,,,,,,,,,,,,,,,,,,,,,,,,,2019-02-23 07:19:20+00:00,2019-02-23 07:19:20+00:00,0,9287,88,那覇,2026-10-01T20:50:19.593663
2019,2019022303,2019-02-23 13:01:00+09:00,74418595,210100.0,1,5,オープン戦,2.0,2回表,1,梅木,川口,名幸,秋村,,,1,1,巨人,G,,376,楽天,E,,,,,,,＜4番：ブラッシュ＞無死走者なし,<4 Ban: Blush> Mushi Sousha Nashi,,,,,0,,,,,,,,,,,,,,,,,,,,,,,,,,,,,,,,,,,,,,,,,,,,,,,,2019-02-23 07:19:20+00:00,2019-02-23 07:19:20+00:00,0,9287,88,那覇,2026-10-01T20:50:19.593663
2019,2019022303,2019-02-23 13:01:00+09:00,74418596,210101.0,1,5,オープン戦,2.0,2回表,1,梅木,川口,名幸,秋村,,,1,1,巨人,G,,376,楽天,E,,,,,,,1球目:外角高め137キロのスライダーを見逃してボール 1-0,1 Tamame: Gaikaku Takame 137 Kilo no Slider wo Minogashite Ball 1-0,,,,,1,,,,,,,,,,,,,,,,,,,,,,,,,,,,,,,,,,,,,,,,,,,,,,,,2019-02-23 07:19:20+00:00,2019-02-23 07:19:20+00:00,0,9287,88,那覇,2026-10-01T20:50:19.593663
2019,2019022303,2019-02-23 13:01:00+09:00,74418597,210102.0,1,5,オープン戦,2.0,2回表,1,梅木,川口,名幸,秋村,,,1,1,巨人,G,,376,楽天,E,,,,,,,2球目:外角のストレートを打ってファウル 1-1,2 Tamame: Gaikaku no Straight wo Utte Foul 1-1,,,,,2,,,,,,,,,,,,,,,,,,,,,,,,,,,,,,,,,,,,,,,,,,,,,,,,2019-02-23 07:19:20+00:00,2019-02-23 07:19:20+00:00,0,9287,88,那覇,2026-10-01T20:50:19.593663
2019,2019022303,2019-02-23 13:01:00+09:00,74418598,210103.0,1,5,オープン戦,2.0,2回表,1,梅木,川口,名幸,秋村,,,1,1,巨人,G,,376,楽天,E,,,,,,,3球目:カウント1-1からセンターへの先制ホームラン！ 巨0-1楽,3 Tamame: Count 1-1 kara Center e no Sensei Home Run! Kyo 0-1gaku,,,,,3,,,,,,,,,,,,,,,,,,,,,,,,,,,,,,,,,,,,,,,,,,,,,,,,2019-02-23 07:19:20+00:00,2019-02-23 07:19:20+00:00,0,9287,88,那覇,2026-10-01T20:50:19.593663
2019,2019022303,2019-02-23 13:01:00+09:00,74418599,210200.0,1,5,オープン戦,2.0,2回表,2,梅木,川口,名幸,秋村,,,1,1,巨人,G,,376,楽天,E,,,,,,,＜5番：島内＞無死走者なし,<5 Ban: Tounai> Mushi Sousha Nashi,,,,,0,,,,,,,,,,,,,,,,,,,,,,,,,,,,,,,,,,,,,,,,,,,,,,,,2019-02-23 07:19:20+00:00,2019-02-23 07:19:20+00:00,0,9287,88,那覇,2026-10-01T20:50:19.593663
2019,2019022303,2019-02-23 13:01:00+09:00,74418600,210201.0,1,5,オープン戦,2.0,2回表,2,梅木,川口,名幸,秋村,,,1,1,巨人,G,,376,楽天,E,,,,,,,1球目:外角低めのストレートを見逃してストライク 0-1,1 Tamame: Gaikaku Hikume no Straight wo Minogashite Strike 0-1,,,,,1,,,,,,,,,,,,,,,,,,,,,,,,,,,,,,,,,,,,,,,,,,,,,,,,2019-02-23 07:19:20+00:00,2019-02-23 07:19:20+00:00,0,9287,88,那覇,2026-10-01T20:50:19.593663
2019,2019022303,2019-02-23 13:01:00+09:00,74418601,210202.0,1,5,オープン戦,2.0,2回表,2,梅木,川口,名幸,秋村,,,1,1,巨人,G,,376,楽天,E,,,,,,,2球目:内角低め141キロのカットボールを打ってファウル 0-2,2 Tamame: Naikaku Hikume 141 Kilo no Cut Ball wo Utte Foul 0-2,,,,,2,,,,,,,,,,,,,,,,,,,,,,,,,,,,,,,,,,,,,,,,,,,,,,,,2019-02-23 07:19:20+00:00,2019-02-23 07:19:20+00:00,0,9287,88,那覇,2026-10-01T20:50:19.593663
2019,2019022303,2019-02-23 13:01:00+09:00,74418602,210203.0,1,5,オープン戦,2.0,2回表,2,梅木,川口,名幸,秋村,,,1,1,巨人,G,,376,楽天,E,,,,,,,3球目:外角高めのフォークを見逃してボール 1-2,3 Tamame: Gaikaku Takame no Fork wo Minogashite Ball 1-2,,,,,3,,,,,,,,,,,,,,,,,,,,,,,,,,,,,,,,,,,,,,,,,,,,,,,,2019-02-23 07:19:20+00:00,2019-02-23 07:19:20+00:00,0,9287,88,那覇,2026-10-01T20:50:19.593663
2019,2019022303,2019-02-23 13:01:00+09:00,74418603,210204.0,1,5,オープン戦,2.0,2回表,2,梅木,川口,名幸,秋村,,,1,1,巨人,G,,376,楽天,E,,,,,,,4球目:内角の変化球を打ってファウル 1-2,4 Tamame: Naikaku no Henka Kyuu wo Utte Foul 1-2,,,,,4,,,,,,,,,,,,,,,,,,,,,,,,,,,,,,,,,,,,,,,,,,,,,,,,2019-02-23 07:19:20+00:00,2019-02-23 07:19:20+00:00,0,9287,88,那覇,2026-10-01T20:50:19.593663
2019,2019022303,2019-02-23 13:01:00+09:00,74418604,210205.0,1,5,オープン戦,2.0,2回表,2,梅木,川口,名幸,秋村,,,1,1,巨人,G,,376,楽天,E,,,,,,,5球目:外角低め147キロのシュートを見逃してボール 2-2,5 Tamame: Gaikaku Hikume 147 Kilo no Shoot wo Minogashite Ball 2-2,,,,,5,,,,,,,,,,,,,,,,,,,,,,,,,,,,,,,,,,,,,,,,,,,,,,,,2019-02-23 07:19:20+00:00,2019-02-23 07:19:20+00:00,0,9287,88,那覇,2026-10-01T20:50:19.593663
2019,2019022303,2019-02-23 13:01:00+09:00,74418605,210206.0,1,5,オープン戦,2.0,2回表,2,梅木,川口,名幸,秋村,,,1,1,巨人,G,,376,楽天,E,,,,,,,6球目:内角高めのスライダーを打ってファウル 2-2,6 Tamame: Naikaku Takame no Slider wo Utte Foul 2-2,,,,,6,,,,,,,,,,,,,,,,,,,,,,,,,,,,,,,,,,,,,,,,,,,,,,,,2019-02-23 07:19:20+00:00,2019-02-23 07:19:20+00:00,0,9287,88,那覇,2026-10-01T20:50:19.593663
2019,2019022303,2019-02-23 13:01:00+09:00,74418606,210207.0,1,5,オープン戦,2.0,2回表,2,梅木,川口,名幸,秋村,,,1,1,巨人,G,,376,楽天,E,,,,,,,7球目:レフトへのヒットを放つ 1塁,7 Tamame: Left e no Hit wo Hanatsu 1 Rui,,,,,7,,,,,,,,,,,,,,,,,,,,,,,,,,,,,,,,,,,,,,,,,,,,,,,,2019-02-23 07:19:20+00:00,2019-02-23 07:19:20+00:00,0,9287,88,那覇,2026-10-01T20:50:19.593663
2019,2019022303,2019-02-23 13:01:00+09:00,74418607,210300.0,1,5,オープン戦,2.0,2回表,3,梅木,川口,名幸,秋村,,,1,1,巨人,G,,376,楽天,E,,,,,,,＜6番：ウィーラー＞無死1塁,<6 Ban: Wheeler> Mushi 1 Rui,,,,,0,,,,,,,,,,,,,,,,,,,,,,,,,,,,,,,,,,,,,,,,,,,,,,,,2019-02-23 07:19:20+00:00,2019-02-23 07:19:20+00:00,0,9287,88,那覇,2026-10-01T20:50:19.593663
2019,2019022303,2019-02-23 13:01:00+09:00,74418608,210301.0,1,5,オープン戦,2.0,2回表,3,梅木,川口,名幸,秋村,,,1,1,巨人,G,,376,楽天,E,,,,,,,1球目:甘い球を見逃してストライク 0-1,1 Tamame: Amai Tama wo Minogashite Strike 0-1,,,,,1,,,,,,,,,,,,,,,,,,,,,,,,,,,,,,,,,,,,,,,,,,,,,,,,2019-02-23 07:19:20+00:00,2019-02-23 07:19:20+00:00,0,9287,88,那覇,2026-10-01T20:50:19.593663
2019,2019022303,2019-02-23 13:01:00+09:00,74418609,210302.0,1,5,オープン戦,2.0,2回表,3,梅木,川口,名幸,秋村,,,1,1,巨人,G,,376,楽天,E,,,,,,,2球目:外角低めのスライダーを空振りストライク 0-2,2 Tamame: Gaikaku Hikume no Slider wo Karaburi Strike 0-2,,,,,2,,,,,,,,,,,,,,,,,,,,,,,,,,,,,,,,,,,,,,,,,,,,,,,,2019-02-23 07:19:20+00:00,2019-02-23 07:19:20+00:00,0,9287,88,那覇,2026-10-01T20:50:19.593663
2019,2019022303,2019-02-23 13:01:00+09:00,74418610,210303.0,1,5,オープン戦,2.0,2回表,3,梅木,川口,名幸,秋村,,,1,1,巨人,G,,376,楽天,E,,,,,,,3球目:胸元えぐる球を見逃してボール 1-2,3 Tamame: Munamoto Eguru Tama wo Minogashite Ball 1-2,,,,,3,,,,,,,,,,,,,,,,,,,,,,,,,,,,,,,,,,,,,,,,,,,,,,,,2019-02-23 07:19:20+00:00,2019-02-23 07:19:20+00:00,0,9287,88,那覇,2026-10-01T20:50:19.593663
2019,2019022303,2019-02-23 13:01:00+09:00,74418611,210300.0,1,5,オープン戦,2.0,2回表,3,梅木,川口,名幸,秋村,,,1,1,巨人,G,,376,楽天,E,,,,,,,1塁けん制:ランナー島内帰塁,1 Rui Kensei: Runner Tounai Kirui,,,,,0,,,,,,,,,,,,,,,,,,,,,,,,,,,,,,,,,,,,,,,,,,,,,,,,2019-02-23 07:19:20+00:00,2019-02-23 07:19:20+00:00,0,9287,88,那覇,2026-10-01T20:50:19.593663
2019,2019022303,2019-02-23 13:01:00+09:00,74418612,210304.0,1,5,オープン戦,2.0,2回表,3,梅木,川口,名幸,秋村,,,1,1,巨人,G,,376,楽天,E,,,,,,,4球目:148キロのストレートを打ってファウル 1-2,4 Tamame:148 Kilo no Straight wo Utte Foul 1-2,,,,,4,,,,,,,,,,,,,,,,,,,,,,,,,,,,,,,,,,,,,,,,,,,,,,,,2019-02-23 07:19:20+00:00,2019-02-23 07:19:20+00:00,0,9287,88,那覇,2026-10-01T20:50:19.593663
2019,2019022303,2019-02-23 13:01:00+09:00,74418613,210305.0,1,5,オープン戦,2.0,2回表,3,梅木,川口,名幸,秋村,,,1,1,巨人,G,,376,楽天,E,,,,,,,5球目:内角高め141キロのカットボールを見逃してボール 2-2,5 Tamame: Naikaku Takame 141 Kilo no Cut Ball wo Minogashite Ball 2-2,,,,,5,,,,,,,,,,,,,,,,,,,,,,,,,,,,,,,,,,,,,,,,,,,,,,,,2019-02-23 07:19:20+00:00,2019-02-23 07:19:20+00:00,0,9287,88,那覇,2026-10-01T20:50:19.593663
2019,2019022303,2019-02-23 13:01:00+09:00,74418614,210306.0,1,5,オープン戦,2.0,2回表,3,梅木,川口,名幸,秋村,,,1,1,巨人,G,,376,楽天,E,,,,,,,6球目:外角136キロのカットボールを打ってファウル 2-2,6 Tamame: Gaikaku 136 Kilo no Cut Ball wo Utte Foul 2-2,,,,,6,,,,,,,,,,,,,,,,,,,,,,,,,,,,,,,,,,,,,,,,,,,,,,,,2019-02-23 07:19:20+00:00,2019-02-23 07:19:20+00:00,0,9287,88,那覇,2026-10-01T20:50:19.593663
2019,2019022303,2019-02-23 13:01:00+09:00,74418615,210307.0,1,5,オープン戦,2.0,2回表,3,梅木,川口,名幸,秋村,,,1,1,巨人,G,,376,楽天,E,,,,,,,7球目:ビヤヌエバ(三)のフィルダースチョイスによりオールセーフ！,7 Tamame: Beer Nueva (San) no Firudaasuchoisu ni Yori All Safe!,,,,,7,,,,,,,,,,,,,,,,,,,,,,,,,,,,,,,,,,,,,,,,,,,,,,,,2019-02-23 07:19:20+00:00,2019-02-23 07:19:20+00:00,0,9287,88,那覇,2026-10-01T20:50:19.593663
2019,2019022303,2019-02-23 13:01:00+09:00,74418616,210300.0,1,5,オープン戦,2.0,2回表,3,梅木,川口,名幸,秋村,,,1,1,巨人,G,,376,楽天,E,,,,,,,"吉川尚(二):捕球ミス 1,3塁","Yoshikawa Nao (Ni): Hokyuu Mistake 1,3 Rui",,,,,0,,,,,,,,,,,,,,,,,,,,,,,,,,,,,,,,,,,,,,,,,,,,,,,,2019-02-23 07:19:20+00:00,2019-02-23 07:19:20+00:00,0,9287,88,那覇,2026-10-01T20:50:19.593663
2019,2019022303,2019-02-23 13:01:00+09:00,74418617,210400.0,1,5,オープン戦,2.0,2回表,4,梅木,川口,名幸,秋村,,,1,1,巨人,G,,376,楽天,E,,,,,,,"＜7番：銀次＞無死1,3塁","<7 Ban: Ginji> Mushi 1,3 Rui",,,,,0,,,,,,,,,,,,,,,,,,,,,,,,,,,,,,,,,,,,,,,,,,,,,,,,2019-02-23 07:19:20+00:00,2019-02-23 07:19:20+00:00,0,9287,88,那覇,2026-10-01T20:50:19.593663
2019,2019022303,2019-02-23 13:01:00+09:00,74418618,210401.0,1,5,オープン戦,2.0,2回表,4,梅木,川口,名幸,秋村,,,1,1,巨人,G,,376,楽天,E,,,,,,,1球目:外角高めの変化球を見逃してストライク 0-1,1 Tamame: Gaikaku Takame no Henka Kyuu wo Minogashite Strike 0-1,,,,,1,,,,,,,,,,,,,,,,,,,,,,,,,,,,,,,,,,,,,,,,,,,,,,,,2019-02-23 07:19:20+00:00,2019-02-23 07:19:20+00:00,0,9287,88,那覇,2026-10-01T20:50:19.593663
2019,2019022303,2019-02-23 13:01:00+09:00,74418619,210402.0,1,5,オープン戦,2.0,2回表,4,梅木,川口,名幸,秋村,,,1,1,巨人,G,,376,楽天,E,,,,,,,2球目:外角のストレートを打ってファウル 0-2,2 Tamame: Gaikaku no Straight wo Utte Foul 0-2,,,,,2,,,,,,,,,,,,,,,,,,,,,,,,,,,,,,,,,,,,,,,,,,,,,,,,2019-02-23 07:19:20+00:00,2019-02-23 07:19:20+00:00,0,9287,88,那覇,2026-10-01T20:50:19.593663
2019,2019022303,2019-02-23 13:01:00+09:00,74418620,210403.0,1,5,オープン戦,2.0,2回表,4,梅木,川口,名幸,秋村,,,1,1,巨人,G,,376,楽天,E,,,,,,,3球目:セカンドゴロの間に楽天1点をあげる 巨0-2楽 1アウト2塁,3 Tamame: Sekando Grounder no Aida ni Rakuten 1 Ten wo Ageru Kyo 0-2gaku 1 Out 2 Rui,,,,,3,,,,,,,,,,,,,,,,,,,,,,,,,,,,,,,,,,,,,,,,,,,,,,,,2019-02-23 07:19:20+00:00,2019-02-23 07:19:20+00:00,0,9287,88,那覇,2026-10-01T20:50:19.593663
2019,2019022303,2019-02-23 13:01:00+09:00,74418621,210500.0,1,5,オープン戦,2.0,2回表,5,梅木,川口,名幸,秋村,,,1,1,巨人,G,,376,楽天,E,,,,,,,＜8番：太田＞一死2塁,<8 Ban: Oota> Ichi Shi 2 Rui,,,,,0,,,,,,,,,,,,,,,,,,,,,,,,,,,,,,,,,,,,,,,,,,,,,,,,2019-02-23 07:19:20+00:00,2019-02-23 07:19:20+00:00,0,9287,88,那覇,2026-10-01T20:50:19.593663
2019,2019022303,2019-02-23 13:01:00+09:00,74418622,210501.0,1,5,オープン戦,2.0,2回表,5,梅木,川口,名幸,秋村,,,1,1,巨人,G,,376,楽天,E,,,,,,,1球目:つまった打球はサードへの平凡なゴロとなる 2アウト,1 Tamame: Tsumatta Dakyuu wa Third e no Heibon na Grounder to Naru 2 Out,,,,,1,,,,,,,,,,,,,,,,,,,,,,,,,,,,,,,,,,,,,,,,,,,,,,,,2019-02-23 07:19:20+00:00,2019-02-23 07:19:20+00:00,0,9287,88,那覇,2026-10-01T20:50:19.593663
2019,2019022303,2019-02-23 13:01:00+09:00,74418623,210600.0,1,5,オープン戦,2.0,2回表,6,梅木,川口,名幸,秋村,,,1,1,巨人,G,,376,楽天,E,,,,,,,＜9番：藤田＞二死2塁,<9 Ban: Fujita> Ni Shi 2 Rui,,,,,0,,,,,,,,,,,,,,,,,,,,,,,,,,,,,,,,,,,,,,,,,,,,,,,,2019-02-23 07:19:20+00:00,2019-02-23 07:19:20+00:00,0,9287,88,那覇,2026-10-01T20:50:19.593663
2019,2019022303,2019-02-23 13:01:00+09:00,74418624,210601.0,1,5,オープン戦,2.0,2回表,6,梅木,川口,名幸,秋村,,,1,1,巨人,G,,376,楽天,E,,,,,,,1球目:内角低め124キロのカーブを見逃してボール 1-0,1 Tamame: Naikaku Hikume 124 Kilo no Curve wo Minogashite Ball 1-0,,,,,1,,,,,,,,,,,,,,,,,,,,,,,,,,,,,,,,,,,,,,,,,,,,,,,,2019-02-23 07:19:20+00:00,2019-02-23 07:19:20+00:00,0,9287,88,那覇,2026-10-01T20:50:19.593663
2019,2019022303,2019-02-23 13:01:00+09:00,74418625,210602.0,1,5,オープン戦,2.0,2回表,6,梅木,川口,名幸,秋村,,,1,1,巨人,G,,376,楽天,E,,,,,,,2球目:外角高めのスライダーを見逃してボール 2-0,2 Tamame: Gaikaku Takame no Slider wo Minogashite Ball 2-0,,,,,2,,,,,,,,,,,,,,,,,,,,,,,,,,,,,,,,,,,,,,,,,,,,,,,,2019-02-23 07:19:20+00:00,2019-02-23 07:19:20+00:00,0,9287,88,那覇,2026-10-01T20:50:19.593663
2019,2019022303,2019-02-23 13:01:00+09:00,74418626,210603.0,1,5,オープン戦,2.0,2回表,6,梅木,川口,名幸,秋村,,,1,1,巨人,G,,376,楽天,E,,,,,,,3球目:外角高めの変化球を打ってファウル 2-1,3 Tamame: Gaikaku Takame no Henka Kyuu wo Utte Foul 2-1,,,,,3,,,,,,,,,,,,,,,,,,,,,,,,,,,,,,,,,,,,,,,,,,,,,,,,2019-02-23 07:19:20+00:00,2019-02-23 07:19:20+00:00,0,9287,88,那覇,2026-10-01T20:50:19.593663
2019,2019022303,2019-02-23 13:01:00+09:00,74418627,210604.0,1,5,オープン戦,2.0,2回表,6,梅木,川口,名幸,秋村,,,1,1,巨人,G,,376,楽天,E,,,,,,,4球目:外角高めのストレートを見逃してボール 3-1,4 Tamame: Gaikaku Takame no Straight wo Minogashite Ball 3-1,,,,,4,,,,,,,,,,,,,,,,,,,,,,,,,,,,,,,,,,,,,,,,,,,,,,,,2019-02-23 07:19:20+00:00,2019-02-23 07:19:20+00:00,0,9287,88,那覇,2026-10-01T20:50:19.593663
2019,2019022303,2019-02-23 13:01:00+09:00,74418628,210605.0,1,5,オープン戦,2.0,2回表,6,梅木,川口,名幸,秋村,,,1,1,巨人,G,,376,楽天,E,,,,,,,"5球目:外角のストレートを見逃しフォアボールを選ぶ 1,2塁","5 Tamame: Gaikaku no Straight wo Minogashi Four Ball wo Erabu 1,2 Rui",,,,,5,,,,,,,,,,,,,,,,,,,,,,,,,,,,,,,,,,,,,,,,,,,,,,,,2019-02-23 07:19:20+00:00,2019-02-23 07:19:20+00:00,0,9287,88,那覇,2026-10-01T20:50:19.593663
2019,2019022303,2019-02-23 13:01:00+09:00,74418629,210700.0,1,5,オープン戦,2.0,2回表,7,梅木,川口,名幸,秋村,,,1,1,巨人,G,,376,楽天,E,,,,,,,－巨人:キャッチャー炭谷マウンドへむかう－,- Kyojin: Catcher Sumitani Mound e Mukau -,,,,,0,,,,,,,,,,,,,,,,,,,,,,,,,,,,,,,,,,,,,,,,,,,,,,,,2019-02-23 07:19:20+00:00,2019-02-23 07:19:20+00:00,0,9287,88,那覇,2026-10-01T20:50:19.593663
2019,2019022303,2019-02-23 13:01:00+09:00,74418630,210700.0,1,5,オープン戦,2.0,2回表,7,梅木,川口,名幸,秋村,,,1,1,巨人,G,,376,楽天,E,,,,,,,"＜1番：オコエ＞二死1,2塁","<1 Ban: Okoe> Ni Shi 1,2 Rui",,,,,0,,,,,,,,,,,,,,,,,,,,,,,,,,,,,,,,,,,,,,,,,,,,,,,,2019-02-23 07:19:20+00:00,2019-02-23 07:19:20+00:00,0,9287,88,那覇,2026-10-01T20:50:19.593663
2019,2019022303,2019-02-23 13:01:00+09:00,74418631,210701.0,1,5,オープン戦,2.0,2回表,7,梅木,川口,名幸,秋村,,,1,1,巨人,G,,376,楽天,E,,,,,,,1球目:内角145キロのストレートを打ちにいくもファウル 0-1,1 Tamame: Naikaku 145 Kilo no Straight wo Uchi ni Iku mo Foul 0-1,,,,,1,,,,,,,,,,,,,,,,,,,,,,,,,,,,,,,,,,,,,,,,,,,,,,,,2019-02-23 07:19:20+00:00,2019-02-23 07:19:20+00:00,0,9287,88,那覇,2026-10-01T20:50:19.593663
2019,2019022303,2019-02-23 13:01:00+09:00,74418632,210702.0,1,5,オープン戦,2.0,2回表,7,梅木,川口,名幸,秋村,,,1,1,巨人,G,,376,楽天,E,,,,,,,2球目:外角低めのストレートを打ってファウル 0-2,2 Tamame: Gaikaku Hikume no Straight wo Utte Foul 0-2,,,,,2,,,,,,,,,,,,,,,,,,,,,,,,,,,,,,,,,,,,,,,,,,,,,,,,2019-02-23 07:19:20+00:00,2019-02-23 07:19:20+00:00,0,9287,88,那覇,2026-10-01T20:50:19.593663
2019,2019022303,2019-02-23 13:01:00+09:00,74418633,210703.0,1,5,オープン戦,2.0,2回表,7,梅木,川口,名幸,秋村,,,1,1,巨人,G,,376,楽天,E,,,,,,,3球目:カウント0-2から空振りの三振を喫する 3アウトチェンジ,3 Tamame: Count 0-2 kara Karaburi no Sanshin wo Kissuru 3 Out Change,,,,,3,,,,,,,,,,,,,,,,,,,,,,,,,,,,,,,,,,,,,,,,,,,,,,,,2019-02-23 07:19:20+00:00,2019-02-23 07:19:20+00:00,0,9287,88,那覇,2026-10-01T20:50:19.593663
2019,2019022303,2019-02-23 13:01:00+09:00,74418634,220100.0,1,5,オープン戦,2.0,2回裏,1,梅木,川口,名幸,秋村,,,1,1,巨人,G,,376,楽天,E,,,,,,,2回裏 巨0-2楽　巨人は5番ビヤヌエバからの攻撃,2 Kai Ura Kyo 0-2 Raku Kyojin wa 5 Ban Beer Nueva kara no Kougeki,,,,,0,,,,,,,,,,,,,,,,,,,,,,,,,,,,,,,,,,,,,,,,,,,,,,,,2019-02-23 07:19:20+00:00,2019-02-23 07:19:20+00:00,0,9287,88,那覇,2026-10-01T20:50:19.593663
2019,2019022303,2019-02-23 13:01:00+09:00,74418635,220100.0,1,5,オープン戦,2.0,2回裏,1,梅木,川口,名幸,秋村,,,1,1,巨人,G,,376,楽天,E,,,,,,,＜5番：ビヤヌエバ＞無死走者なし,<5 Ban: Beer Nueva> Mushi Sousha Nashi,,,,,0,,,,,,,,,,,,,,,,,,,,,,,,,,,,,,,,,,,,,,,,,,,,,,,,2019-02-23 07:19:20+00:00,2019-02-23 07:19:20+00:00,0,9287,88,那覇,2026-10-01T20:50:19.593663
2019,2019022303,2019-02-23 13:01:00+09:00,74418636,220101.0,1,5,オープン戦,2.0,2回裏,1,梅木,川口,名幸,秋村,,,1,1,巨人,G,,376,楽天,E,,,,,,,1球目:内角高め139キロのストレートを見逃してボール 1-0,1 Tamame: Naikaku Takame 139 Kilo no Straight wo Minogashite Ball 1-0,,,,,1,,,,,,,,,,,,,,,,,,,,,,,,,,,,,,,,,,,,,,,,,,,,,,,,2019-02-23 07:19:20+00:00,2019-02-23 07:19:20+00:00,0,9287,88,那覇,2026-10-01T20:50:19.593663
2019,2019022303,2019-02-23 13:01:00+09:00,74418637,220102.0,1,5,オープン戦,2.0,2回裏,1,梅木,川口,名幸,秋村,,,1,1,巨人,G,,376,楽天,E,,,,,,,2球目:外角高めのストレートを見逃してボール 2-0,2 Tamame: Gaikaku Takame no Straight wo Minogashite Ball 2-0,,,,,2,,,,,,,,,,,,,,,,,,,,,,,,,,,,,,,,,,,,,,,,,,,,,,,,2019-02-23 07:19:20+00:00,2019-02-23 07:19:20+00:00,0,9287,88,那覇,2026-10-01T20:50:19.593663
2019,2019022303,2019-02-23 13:01:00+09:00,74418638,220103.0,1,5,オープン戦,2.0,2回裏,1,梅木,川口,名幸,秋村,,,1,1,巨人,G,,376,楽天,E,,,,,,,3球目:レフトへのヒットで出塁 1塁,3 Tamame: Left e no Hit de Shutsurui 1 Rui,,,,,3,,,,,,,,,,,,,,,,,,,,,,,,,,,,,,,,,,,,,,,,,,,,,,,,2019-02-23 07:19:20+00:00,2019-02-23 07:19:20+00:00,0,9287,88,那覇,2026-10-01T20:50:19.593663
2019,2019022303,2019-02-23 13:01:00+09:00,74418639,220200.0,1,5,オープン戦,2.0,2回裏,2,梅木,川口,名幸,秋村,,,1,1,巨人,G,,376,楽天,E,,,,,,,＜6番：陽＞無死1塁,<6 Ban: You> Mushi 1 Rui,,,,,0,,,,,,,,,,,,,,,,,,,,,,,,,,,,,,,,,,,,,,,,,,,,,,,,2019-02-23 07:19:20+00:00,2019-02-23 07:19:20+00:00,0,9287,88,那覇,2026-10-01T20:50:19.593663
2019,2019022303,2019-02-23 13:01:00+09:00,74418640,220201.0,1,5,オープン戦,2.0,2回裏,2,梅木,川口,名幸,秋村,,,1,1,巨人,G,,376,楽天,E,,,,,,,1球目:ど真ん中の球を打ちにいくもファウル 0-1,1 Tamame: Domannaka no Tama wo Uchi ni Iku mo Foul 0-1,,,,,1,,,,,,,,,,,,,,,,,,,,,,,,,,,,,,,,,,,,,,,,,,,,,,,,2019-02-23 07:19:20+00:00,2019-02-23 07:19:20+00:00,0,9287,88,那覇,2026-10-01T20:50:19.593663
2019,2019022303,2019-02-23 13:01:00+09:00,74418641,220202.0,1,5,オープン戦,2.0,2回裏,2,梅木,川口,名幸,秋村,,,1,1,巨人,G,,376,楽天,E,,,,,,,2球目:内角低めのカーブを見逃してボール 1-1,2 Tamame: Naikaku Hikume no Curve wo Minogashite Ball 1-1,,,,,2,,,,,,,,,,,,,,,,,,,,,,,,,,,,,,,,,,,,,,,,,,,,,,,,2019-02-23 07:19:20+00:00,2019-02-23 07:19:20+00:00,0,9287,88,那覇,2026-10-01T20:50:19.593663
2019,2019022303,2019-02-23 13:01:00+09:00,74418642,220203.0,1,5,オープン戦,2.0,2回裏,2,梅木,川口,名幸,秋村,,,1,1,巨人,G,,376,楽天,E,,,,,,,3球目:内角のストレートを打つもサードライナー 1アウト,3 Tamame: Naikaku no Straight wo Utsu mo Third Liner 1 Out,,,,,3,,,,,,,,,,,,,,,,,,,,,,,,,,,,,,,,,,,,,,,,,,,,,,,,2019-02-23 07:19:20+00:00,2019-02-23 07:19:20+00:00,0,9287,88,那覇,2026-10-01T20:50:19.593663
2019,2019022303,2019-02-23 13:01:00+09:00,74418643,220300.0,1,5,オープン戦,2.0,2回裏,3,梅木,川口,名幸,秋村,,,1,1,巨人,G,,376,楽天,E,,,,,,,＜7番：亀井＞一死1塁,<7 Ban: Kamei> Ichi Shi 1 Rui,,,,,0,,,,,,,,,,,,,,,,,,,,,,,,,,,,,,,,,,,,,,,,,,,,,,,,2019-02-23 07:19:20+00:00,2019-02-23 07:19:20+00:00,0,9287,88,那覇,2026-10-01T20:50:19.593663
2019,2019022303,2019-02-23 13:01:00+09:00,74418644,220301.0,1,5,オープン戦,2.0,2回裏,3,梅木,川口,名幸,秋村,,,1,1,巨人,G,,376,楽天,E,,,,,,,1球目:ワンバウンドのカーブを見逃してボール 1-0,1 Tamame: One Bound no Curve wo Minogashite Ball 1-0,,,,,1,,,,,,,,,,,,,,,,,,,,,,,,,,,,,,,,,,,,,,,,,,,,,,,,2019-02-23 07:19:20+00:00,2019-02-23 07:19:20+00:00,0,9287,88,那覇,2026-10-01T20:50:19.593663
2019,2019022303,2019-02-23 13:01:00+09:00,74418645,220302.0,1,5,オープン戦,2.0,2回裏,3,梅木,川口,名幸,秋村,,,1,1,巨人,G,,376,楽天,E,,,,,,,2球目:ボテボテのピッチャーゴロ 2アウト2塁,2 Tamame: Botebote no Pitcher Grounder 2 Out 2 Rui,,,,,2,,,,,,,,,,,,,,,,,,,,,,,,,,,,,,,,,,,,,,,,,,,,,,,,2019-02-23 07:19:20+00:00,2019-02-23 07:19:20+00:00,0,9287,88,那覇,2026-10-01T20:50:19.593663
2019,2019022303,2019-02-23 13:01:00+09:00,74418646,220400.0,1,5,オープン戦,2.0,2回裏,4,梅木,川口,名幸,秋村,,,1,1,巨人,G,,376,楽天,E,,,,,,,＜8番：中島＞二死2塁,<8 Ban: Nakajima> Ni Shi 2 Rui,,,,,0,,,,,,,,,,,,,,,,,,,,,,,,,,,,,,,,,,,,,,,,,,,,,,,,2019-02-23 07:19:20+00:00,2019-02-23 07:19:20+00:00,0,9287,88,那覇,2026-10-01T20:50:19.593663
2019,2019022303,2019-02-23 13:01:00+09:00,74418647,220401.0,1,5,オープン戦,2.0,2回裏,4,梅木,川口,名幸,秋村,,,1,1,巨人,G,,376,楽天,E,,,,,,,1球目:ワンバウンドのカットボールを見逃してボール 1-0,1 Tamame: One Bound no Cut Ball wo Minogashite Ball 1-0,,,,,1,,,,,,,,,,,,,,,,,,,,,,,,,,,,,,,,,,,,,,,,,,,,,,,,2019-02-23 07:19:20+00:00,2019-02-23 07:19:20+00:00,0,9287,88,那覇,2026-10-01T20:50:19.593663
2019,2019022303,2019-02-23 13:01:00+09:00,74418648,220402.0,1,5,オープン戦,2.0,2回裏,4,梅木,川口,名幸,秋村,,,1,1,巨人,G,,376,楽天,E,,,,,,,2球目:高め139キロのストレートを見逃してボール 2-0,2 Tamame: Takame 139 Kilo no Straight wo Minogashite Ball 2-0,,,,,2,,,,,,,,,,,,,,,,,,,,,,,,,,,,,,,,,,,,,,,,,,,,,,,,2019-02-23 07:19:20+00:00,2019-02-23 07:19:20+00:00,0,9287,88,那覇,2026-10-01T20:50:19.593663
2019,2019022303,2019-02-23 13:01:00+09:00,74418649,220403.0,1,5,オープン戦,2.0,2回裏,4,梅木,川口,名幸,秋村,,,1,1,巨人,G,,376,楽天,E,,,,,,,3球目:140キロのストレートを見逃してボール 3-0,3 Tamame:140 Kilo no Straight wo Minogashite Ball 3-0,,,,,3,,,,,,,,,,,,,,,,,,,,,,,,,,,,,,,,,,,,,,,,,,,,,,,,2019-02-23 07:19:20+00:00,2019-02-23 07:19:20+00:00,0,9287,88,那覇,2026-10-01T20:50:19.593663
2019,2019022303,2019-02-23 13:01:00+09:00,74418650,220404.0,1,5,オープン戦,2.0,2回裏,4,梅木,川口,名幸,秋村,,,1,1,巨人,G,,376,楽天,E,,,,,,,"4球目:デッドボールを受ける 1,2塁","4 Tamame: Dead Ball wo Ukeru 1,2 Rui",,,,,4,,,,,,,,,,,,,,,,,,,,,,,,,,,,,,,,,,,,,,,,,,,,,,,,2019-02-23 07:19:20+00:00,2019-02-23 07:19:20+00:00,0,9287,88,那覇,2026-10-01T20:50:19.593663
2019,2019022303,2019-02-23 13:01:00+09:00,74418651,220500.0,1,5,オープン戦,2.0,2回裏,5,梅木,川口,名幸,秋村,,,1,1,巨人,G,,376,楽天,E,,,,,,,"＜9番：炭谷＞二死1,2塁","<9 Ban: Sumitani> Ni Shi 1,2 Rui",,,,,0,,,,,,,,,,,,,,,,,,,,,,,,,,,,,,,,,,,,,,,,,,,,,,,,2019-02-23 07:19:20+00:00,2019-02-23 07:19:20+00:00,0,9287,88,那覇,2026-10-01T20:50:19.593663
2019,2019022303,2019-02-23 13:01:00+09:00,74418652,220501.0,1,5,オープン戦,2.0,2回裏,5,梅木,川口,名幸,秋村,,,1,1,巨人,G,,376,楽天,E,,,,,,,1球目:内角のストレートを打ちにいくもファウル 0-1,1 Tamame: Naikaku no Straight wo Uchi ni Iku mo Foul 0-1,,,,,1,,,,,,,,,,,,,,,,,,,,,,,,,,,,,,,,,,,,,,,,,,,,,,,,2019-02-23 07:19:20+00:00,2019-02-23 07:19:20+00:00,0,9287,88,那覇,2026-10-01T20:50:19.593663
2019,2019022303,2019-02-23 13:01:00+09:00,74418653,220502.0,1,5,オープン戦,2.0,2回裏,5,梅木,川口,名幸,秋村,,,1,1,巨人,G,,376,楽天,E,,,,,,,2球目:際どいコースのストレートを見逃してストライク 0-2,2 Tamame: Kiwadoi Course no Straight wo Minogashite Strike 0-2,,,,,2,,,,,,,,,,,,,,,,,,,,,,,,,,,,,,,,,,,,,,,,,,,,,,,,2019-02-23 07:19:20+00:00,2019-02-23 07:19:20+00:00,0,9287,88,那覇,2026-10-01T20:50:19.593663
2019,2019022303,2019-02-23 13:01:00+09:00,74418654,220503.0,1,5,オープン戦,2.0,2回裏,5,梅木,川口,名幸,秋村,,,1,1,巨人,G,,376,楽天,E,,,,,,,3球目:外角の落ちる球を打つもセカンドゴロ 3アウトチェンジ,3 Tamame: Gaikaku no Ochiru Tama wo Utsu mo Sekando Grounder 3 Out Change,,,,,3,,,,,,,,,,,,,,,,,,,,,,,,,,,,,,,,,,,,,,,,,,,,,,,,2019-02-23 07:19:20+00:00,2019-02-23 07:19:20+00:00,0,9287,88,那覇,2026-10-01T20:50:19.593663
2019,2019022303,2019-02-23 13:01:00+09:00,74418655,310100.0,1,5,オープン戦,3.0,3回表,1,梅木,川口,名幸,秋村,,,1,1,巨人,G,,376,楽天,E,,,,,,,3回表 巨0-2楽　楽天は2番田中からの攻撃,3 Kai Hyou Kyo 0-2 Raku Rakuten wa 2 Ban Tanaka kara no Kougeki,,,,,0,,,,,,,,,,,,,,,,,,,,,,,,,,,,,,,,,,,,,,,,,,,,,,,,2019-02-23 07:19:20+00:00,2019-02-23 07:19:20+00:00,0,9287,88,那覇,2026-10-01T20:50:19.593663
2019,2019022303,2019-02-23 13:01:00+09:00,74418656,310100.0,1,5,オープン戦,3.0,3回表,1,梅木,川口,名幸,秋村,,,1,1,巨人,G,,376,楽天,E,,,,,,,投手交代:菅野→野上,Toushu Koutai: Kanno Nokami,,,,,0,,,,,,,,,,,,,,,,,,,,,,,,,,,,,,,,,,,,,,,,,,,,,,,,2019-02-23 07:19:20+00:00,2019-02-23 07:19:20+00:00,0,9287,88,那覇,2026-10-01T20:50:19.593663
2019,2019022303,2019-02-23 13:01:00+09:00,74418657,310100.0,1,5,オープン戦,3.0,3回表,1,梅木,川口,名幸,秋村,,,1,1,巨人,G,,376,楽天,E,,,,,,,＜2番：田中＞無死走者なし,<2 Ban: Tanaka> Mushi Sousha Nashi,,,,,0,,,,,,,,,,,,,,,,,,,,,,,,,,,,,,,,,,,,,,,,,,,,,,,,2019-02-23 07:19:20+00:00,2019-02-23 07:19:20+00:00,0,9287,88,那覇,2026-10-01T20:50:19.593663
2019,2019022303,2019-02-23 13:01:00+09:00,74418658,310101.0,1,5,オープン戦,3.0,3回表,1,梅木,川口,名幸,秋村,,,1,1,巨人,G,,376,楽天,E,,,,,,,1球目:バックスクリーンに飛び込むホームランを放つ 巨0-3楽,1 Tamame: Back Screen ni Tobikomu Home Run wo Hanatsu Kyo 0-3gaku,,,,,1,,,,,,,,,,,,,,,,,,,,,,,,,,,,,,,,,,,,,,,,,,,,,,,,2019-02-23 07:19:20+00:00,2019-02-23 07:19:20+00:00,0,9287,88,那覇,2026-10-01T20:50:19.593663
2019,2019022303,2019-02-23 13:01:00+09:00,74418659,310200.0,1,5,オープン戦,3.0,3回表,2,梅木,川口,名幸,秋村,,,1,1,巨人,G,,376,楽天,E,,,,,,,＜3番：浅村＞無死走者なし,<3 Ban: Asa Mura> Mushi Sousha Nashi,,,,,0,,,,,,,,,,,,,,,,,,,,,,,,,,,,,,,,,,,,,,,,,,,,,,,,2019-02-23 07:19:20+00:00,2019-02-23 07:19:20+00:00,0,9287,88,那覇,2026-10-01T20:50:19.593663
2019,2019022303,2019-02-23 13:01:00+09:00,74418660,310201.0,1,5,オープン戦,3.0,3回表,2,梅木,川口,名幸,秋村,,,1,1,巨人,G,,376,楽天,E,,,,,,,1球目:甘いチェンジアップを見逃してストライク 0-1,1 Tamame: Amai Change Up wo Minogashite Strike 0-1,,,,,1,,,,,,,,,,,,,,,,,,,,,,,,,,,,,,,,,,,,,,,,,,,,,,,,2019-02-23 07:19:20+00:00,2019-02-23 07:19:20+00:00,0,9287,88,那覇,2026-10-01T20:50:19.593663
2019,2019022303,2019-02-23 13:01:00+09:00,74418661,310202.0,1,5,オープン戦,3.0,3回表,2,梅木,川口,名幸,秋村,,,1,1,巨人,G,,376,楽天,E,,,,,,,2球目:外角低めの変化球を見逃してストライク 0-2,2 Tamame: Gaikaku Hikume no Henka Kyuu wo Minogashite Strike 0-2,,,,,2,,,,,,,,,,,,,,,,,,,,,,,,,,,,,,,,,,,,,,,,,,,,,,,,2019-02-23 07:19:20+00:00,2019-02-23 07:19:20+00:00,0,9287,88,那覇,2026-10-01T20:50:19.593663
2019,2019022303,2019-02-23 13:01:00+09:00,74418662,310203.0,1,5,オープン戦,3.0,3回表,2,梅木,川口,名幸,秋村,,,1,1,巨人,G,,376,楽天,E,,,,,,,3球目:ワンバウンドのフォークを見逃してボール 1-2,3 Tamame: One Bound no Fork wo Minogashite Ball 1-2,,,,,3,,,,,,,,,,,,,,,,,,,,,,,,,,,,,,,,,,,,,,,,,,,,,,,,2019-02-23 07:19:20+00:00,2019-02-23 07:19:20+00:00,0,9287,88,那覇,2026-10-01T20:50:19.593663
2019,2019022303,2019-02-23 13:01:00+09:00,74418663,310204.0,1,5,オープン戦,3.0,3回表,2,梅木,川口,名幸,秋村,,,1,1,巨人,G,,376,楽天,E,,,,,,,4球目:外角のスライダーに空振り三振 1アウト,4 Tamame: Gaikaku no Slider ni Karaburi Sanshin 1 Out,,,,,4,,,,,,,,,,,,,,,,,,,,,,,,,,,,,,,,,,,,,,,,,,,,,,,,2019-02-23 07:19:20+00:00,2019-02-23 07:19:20+00:00,0,9287,88,那覇,2026-10-01T20:50:19.593663
2019,2019022303,2019-02-23 13:01:00+09:00,74418664,310300.0,1,5,オープン戦,3.0,3回表,3,梅木,川口,名幸,秋村,,,1,1,巨人,G,,376,楽天,E,,,,,,,＜4番：ブラッシュ＞一死走者なし,<4 Ban: Blush> Ichi Shi Sousha Nashi,,,,,0,,,,,,,,,,,,,,,,,,,,,,,,,,,,,,,,,,,,,,,,,,,,,,,,2019-02-23 07:19:20+00:00,2019-02-23 07:19:20+00:00,0,9287,88,那覇,2026-10-01T20:50:19.593663
2019,2019022303,2019-02-23 13:01:00+09:00,74418665,310301.0,1,5,オープン戦,3.0,3回表,3,梅木,川口,名幸,秋村,,,1,1,巨人,G,,376,楽天,E,,,,,,,1球目:甘い球を見逃してストライク 0-1,1 Tamame: Amai Tama wo Minogashite Strike 0-1,,,,,1,,,,,,,,,,,,,,,,,,,,,,,,,,,,,,,,,,,,,,,,,,,,,,,,2019-02-23 07:19:20+00:00,2019-02-23 07:19:20+00:00,0,9287,88,那覇,2026-10-01T20:50:19.593663
2019,2019022303,2019-02-23 13:01:00+09:00,74418666,310302.0,1,5,オープン戦,3.0,3回表,3,梅木,川口,名幸,秋村,,,1,1,巨人,G,,376,楽天,E,,,,,,,2球目:内角137キロのストレートを見逃してボール 1-1,2 Tamame: Naikaku 137 Kilo no Straight wo Minogashite Ball 1-1,,,,,2,,,,,,,,,,,,,,,,,,,,,,,,,,,,,,,,,,,,,,,,,,,,,,,,2019-02-23 07:19:20+00:00,2019-02-23 07:19:20+00:00,0,9287,88,那覇,2026-10-01T20:50:19.593663
2019,2019022303,2019-02-23 13:01:00+09:00,74418667,310303.0,1,5,オープン戦,3.0,3回表,3,梅木,川口,名幸,秋村,,,1,1,巨人,G,,376,楽天,E,,,,,,,3球目:甘い変化球を見逃してストライク 1-2,3 Tamame: Amai Henka Kyuu wo Minogashite Strike 1-2,,,,,3,,,,,,,,,,,,,,,,,,,,,,,,,,,,,,,,,,,,,,,,,,,,,,,,2019-02-23 07:19:20+00:00,2019-02-23 07:19:20+00:00,0,9287,88,那覇,2026-10-01T20:50:19.593663
2019,2019022303,2019-02-23 13:01:00+09:00,74418668,310304.0,1,5,オープン戦,3.0,3回表,3,梅木,川口,名幸,秋村,,,1,1,巨人,G,,376,楽天,E,,,,,,,4球目:外角のカーブをレフトへ打ってヒット 1塁,4 Tamame: Gaikaku no Curve wo Left e Utte Hit 1 Rui,,,,,4,,,,,,,,,,,,,,,,,,,,,,,,,,,,,,,,,,,,,,,,,,,,,,,,2019-02-23 07:19:20+00:00,2019-02-23 07:19:20+00:00,0,9287,88,那覇,2026-10-01T20:50:19.593663
2019,2019022303,2019-02-23 13:01:00+09:00,74418669,310400.0,1,5,オープン戦,3.0,3回表,4,梅木,川口,名幸,秋村,,,1,1,巨人,G,,376,楽天,E,,,,,,,＜5番：島内＞一死1塁,<5 Ban: Tounai> Ichi Shi 1 Rui,,,,,0,,,,,,,,,,,,,,,,,,,,,,,,,,,,,,,,,,,,,,,,,,,,,,,,2019-02-23 07:19:20+00:00,2019-02-23 07:19:20+00:00,0,9287,88,那覇,2026-10-01T20:50:19.593663
2019,2019022303,2019-02-23 13:01:00+09:00,74418670,310401.0,1,5,オープン戦,3.0,3回表,4,梅木,川口,名幸,秋村,,,1,1,巨人,G,,376,楽天,E,,,,,,,1球目:ワンバウンドのチェンジアップを見逃してボール 1-0,1 Tamame: One Bound no Change Up wo Minogashite Ball 1-0,,,,,1,,,,,,,,,,,,,,,,,,,,,,,,,,,,,,,,,,,,,,,,,,,,,,,,2019-02-23 07:19:20+00:00,2019-02-23 07:19:20+00:00,0,9287,88,那覇,2026-10-01T20:50:19.593663
2019,2019022303,2019-02-23 13:01:00+09:00,74418671,310402.0,1,5,オープン戦,3.0,3回表,4,梅木,川口,名幸,秋村,,,1,1,巨人,G,,376,楽天,E,,,,,,,2球目:外角のスライダーを打つも6-4-3のダブルプレー 3アウトチェンジ,2 Tamame: Gaikaku no Slider wo Utsu mo 6-4-3 no Double Play 3 Out Change,,,,,2,,,,,,,,,,,,,,,,,,,,,,,,,,,,,,,,,,,,,,,,,,,,,,,,2019-02-23 07:19:20+00:00,2019-02-23 07:19:20+00:00,0,9287,88,那覇,2026-10-01T20:50:19.593663
2019,2019022303,2019-02-23 13:01:00+09:00,74418672,320100.0,1,5,オープン戦,3.0,3回裏,1,梅木,川口,名幸,秋村,,,1,1,巨人,G,,376,楽天,E,,,,,,,3回裏 巨0-3楽　巨人は1番吉川尚からの攻撃,3 Kai Ura Kyo 0-3 Raku Kyojin wa 1 Ban Yoshikawa Nao kara no Kougeki,,,,,0,,,,,,,,,,,,,,,,,,,,,,,,,,,,,,,,,,,,,,,,,,,,,,,,2019-02-23 07:19:20+00:00,2019-02-23 07:19:20+00:00,0,9287,88,那覇,2026-10-01T20:50:19.593663
2019,2019022303,2019-02-23 13:01:00+09:00,74418673,320100.0,1,5,オープン戦,3.0,3回裏,1,梅木,川口,名幸,秋村,,,1,1,巨人,G,,376,楽天,E,,,,,,,守備交代:セカンド山崎,Shubi Koutai: Sekando Yamazaki,,,,,0,,,,,,,,,,,,,,,,,,,,,,,,,,,,,,,,,,,,,,,,,,,,,,,,2019-02-23 07:19:20+00:00,2019-02-23 07:19:20+00:00,0,9287,88,那覇,2026-10-01T20:50:19.593663
2019,2019022303,2019-02-23 13:01:00+09:00,74418674,320100.0,1,5,オープン戦,3.0,3回裏,1,梅木,川口,名幸,秋村,,,1,1,巨人,G,,376,楽天,E,,,,,,,＜1番：吉川尚＞無死走者なし,<1 Ban: Yoshikawa Nao> Mushi Sousha Nashi,,,,,0,,,,,,,,,,,,,,,,,,,,,,,,,,,,,,,,,,,,,,,,,,,,,,,,2019-02-23 07:19:20+00:00,2019-02-23 07:19:20+00:00,0,9287,88,那覇,2026-10-01T20:50:19.593663
2019,2019022303,2019-02-23 13:01:00+09:00,74418675,320101.0,1,5,オープン戦,3.0,3回裏,1,梅木,川口,名幸,秋村,,,1,1,巨人,G,,376,楽天,E,,,,,,,1球目:センターへのヒットで出塁 1塁,1 Tamame: Center e no Hit de Shutsurui 1 Rui,,,,,1,,,,,,,,,,,,,,,,,,,,,,,,,,,,,,,,,,,,,,,,,,,,,,,,2019-02-23 07:19:20+00:00,2019-02-23 07:19:20+00:00,0,9287,88,那覇,2026-10-01T20:50:19.593663
2019,2019022303,2019-02-23 13:01:00+09:00,74418676,320200.0,1,5,オープン戦,3.0,3回裏,2,梅木,川口,名幸,秋村,,,1,1,巨人,G,,376,楽天,E,,,,,,,＜2番：丸＞無死1塁,<2 Ban: Maru> Mushi 1 Rui,,,,,0,,,,,,,,,,,,,,,,,,,,,,,,,,,,,,,,,,,,,,,,,,,,,,,,2019-02-23 07:19:20+00:00,2019-02-23 07:19:20+00:00,0,9287,88,那覇,2026-10-01T20:50:19.593663
2019,2019022303,2019-02-23 13:01:00+09:00,74418677,320200.0,1,5,オープン戦,3.0,3回裏,2,梅木,川口,名幸,秋村,,,1,1,巨人,G,,376,楽天,E,,,,,,,1塁けん制:ランナー吉川尚帰塁,1 Rui Kensei: Runner Yoshikawa Nao Kirui,,,,,0,,,,,,,,,,,,,,,,,,,,,,,,,,,,,,,,,,,,,,,,,,,,,,,,2019-02-23 07:19:20+00:00,2019-02-23 07:19:20+00:00,0,9287,88,那覇,2026-10-01T20:50:19.593663
2019,2019022303,2019-02-23 13:01:00+09:00,74418678,320201.0,1,5,オープン戦,3.0,3回裏,2,梅木,川口,名幸,秋村,,,1,1,巨人,G,,376,楽天,E,,,,,,,1球目:内角低めのストレートを見逃してボール 1-0,1 Tamame: Naikaku Hikume no Straight wo Minogashite Ball 1-0,,,,,1,,,,,,,,,,,,,,,,,,,,,,,,,,,,,,,,,,,,,,,,,,,,,,,,2019-02-23 07:19:20+00:00,2019-02-23 07:19:20+00:00,0,9287,88,那覇,2026-10-01T20:50:19.593663
2019,2019022303,2019-02-23 13:01:00+09:00,74418679,320202.0,1,5,オープン戦,3.0,3回裏,2,梅木,川口,名幸,秋村,,,1,1,巨人,G,,376,楽天,E,,,,,,,2球目:内角高め143キロのストレートを見逃してボール 2-0,2 Tamame: Naikaku Takame 143 Kilo no Straight wo Minogashite Ball 2-0,,,,,2,,,,,,,,,,,,,,,,,,,,,,,,,,,,,,,,,,,,,,,,,,,,,,,,2019-02-23 07:19:20+00:00,2019-02-23 07:19:20+00:00,0,9287,88,那覇,2026-10-01T20:50:19.593663
2019,2019022303,2019-02-23 13:01:00+09:00,74418680,320200.0,1,5,オープン戦,3.0,3回裏,2,梅木,川口,名幸,秋村,,,1,1,巨人,G,,376,楽天,E,,,,,,,一塁走者吉川尚:盗塁成功 2塁,Ichirui Sousha Yoshikawa Nao: Tourui Seikou 2 Rui,,,,,0,,,,,,,,,,,,,,,,,,,,,,,,,,,,,,,,,,,,,,,,,,,,,,,,2019-02-23 07:19:20+00:00,2019-02-23 07:19:20+00:00,0,9287,88,那覇,2026-10-01T20:50:19.593663
2019,2019022303,2019-02-23 13:01:00+09:00,74418681,320203.0,1,5,オープン戦,3.0,3回裏,2,梅木,川口,名幸,秋村,,,1,1,巨人,G,,376,楽天,E,,,,,,,3球目:甘いストレートを打ってファウル 2-1,3 Tamame: Amai Straight wo Utte Foul 2-1,,,,,3,,,,,,,,,,,,,,,,,,,,,,,,,,,,,,,,,,,,,,,,,,,,,,,,2019-02-23 07:19:20+00:00,2019-02-23 07:19:20+00:00,0,9287,88,那覇,2026-10-01T20:50:19.593663
2019,2019022303,2019-02-23 13:01:00+09:00,74418682,320204.0,1,5,オープン戦,3.0,3回裏,2,梅木,川口,名幸,秋村,,,1,1,巨人,G,,376,楽天,E,,,,,,,4球目:外角高め142キロのストレートを見逃してストライク 2-2,4 Tamame: Gaikaku Takame 142 Kilo no Straight wo Minogashite Strike 2-2,,,,,4,,,,,,,,,,,,,,,,,,,,,,,,,,,,,,,,,,,,,,,,,,,,,,,,2019-02-23 07:19:20+00:00,2019-02-23 07:19:20+00:00,0,9287,88,那覇,2026-10-01T20:50:19.593663
2019,2019022303,2019-02-23 13:01:00+09:00,74418683,320205.0,1,5,オープン戦,3.0,3回裏,2,梅木,川口,名幸,秋村,,,1,1,巨人,G,,376,楽天,E,,,,,,,5球目:外角低め125キロのカットボールを打ってファウル 2-2,5 Tamame: Gaikaku Hikume 125 Kilo no Cut Ball wo Utte Foul 2-2,,,,,5,,,,,,,,,,,,,,,,,,,,,,,,,,,,,,,,,,,,,,,,,,,,,,,,2019-02-23 07:19:20+00:00,2019-02-23 07:19:20+00:00,0,9287,88,那覇,2026-10-01T20:50:19.593663
2019,2019022303,2019-02-23 13:01:00+09:00,74418684,320206.0,1,5,オープン戦,3.0,3回裏,2,梅木,川口,名幸,秋村,,,1,1,巨人,G,,376,楽天,E,,,,,,,6球目:ワンバウンドのカットボールを見逃してボール 3-2,6 Tamame: One Bound no Cut Ball wo Minogashite Ball 3-2,,,,,6,,,,,,,,,,,,,,,,,,,,,,,,,,,,,,,,,,,,,,,,,,,,,,,,2019-02-23 07:19:20+00:00,2019-02-23 07:19:20+00:00,0,9287,88,那覇,2026-10-01T20:50:19.593663
2019,2019022303,2019-02-23 13:01:00+09:00,74418685,320200.0,1,5,オープン戦,3.0,3回裏,2,梅木,川口,名幸,秋村,,,1,1,巨人,G,,376,楽天,E,,,,,,,森(投):暴投 3塁,Mori (Nage): Boutou 3 Rui,,,,,0,,,,,,,,,,,,,,,,,,,,,,,,,,,,,,,,,,,,,,,,,,,,,,,,2019-02-23 07:19:20+00:00,2019-02-23 07:19:20+00:00,0,9287,88,那覇,2026-10-01T20:50:19.593663
2019,2019022303,2019-02-23 13:01:00+09:00,74418686,320207.0,1,5,オープン戦,3.0,3回裏,2,梅木,川口,名幸,秋村,,,1,1,巨人,G,,376,楽天,E,,,,,,,7球目:外角のストレートに見逃し三振 1アウト,7 Tamame: Gaikaku no Straight ni Minogashi Sanshin 1 Out,,,,,7,,,,,,,,,,,,,,,,,,,,,,,,,,,,,,,,,,,,,,,,,,,,,,,,2019-02-23 07:19:20+00:00,2019-02-23 07:19:20+00:00,0,9287,88,那覇,2026-10-01T20:50:19.593663
2019,2019022303,2019-02-23 13:01:00+09:00,74418687,320300.0,1,5,オープン戦,3.0,3回裏,3,梅木,川口,名幸,秋村,,,1,1,巨人,G,,376,楽天,E,,,,,,,＜3番：坂本勇＞一死3塁,<3 Ban: Sakamoto Isamu> Ichi Shi 3 Rui,,,,,0,,,,,,,,,,,,,,,,,,,,,,,,,,,,,,,,,,,,,,,,,,,,,,,,2019-02-23 07:19:20+00:00,2019-02-23 07:19:20+00:00,0,9287,88,那覇,2026-10-01T20:50:19.593663
2019,2019022303,2019-02-23 13:01:00+09:00,74418688,320301.0,1,5,オープン戦,3.0,3回裏,3,梅木,川口,名幸,秋村,,,1,1,巨人,G,,376,楽天,E,,,,,,,1球目:内角高め138キロのストレートを見逃してボール 1-0,1 Tamame: Naikaku Takame 138 Kilo no Straight wo Minogashite Ball 1-0,,,,,1,,,,,,,,,,,,,,,,,,,,,,,,,,,,,,,,,,,,,,,,,,,,,,,,2019-02-23 07:19:20+00:00,2019-02-23 07:19:20+00:00,0,9287,88,那覇,2026-10-01T20:50:19.593663
2019,2019022303,2019-02-23 13:01:00+09:00,74418689,320302.0,1,5,オープン戦,3.0,3回裏,3,梅木,川口,名幸,秋村,,,1,1,巨人,G,,376,楽天,E,,,,,,,2球目:内角高め138キロのストレートを打ってファウル 1-1,2 Tamame: Naikaku Takame 138 Kilo no Straight wo Utte Foul 1-1,,,,,2,,,,,,,,,,,,,,,,,,,,,,,,,,,,,,,,,,,,,,,,,,,,,,,,2019-02-23 07:19:20+00:00,2019-02-23 07:19:20+00:00,0,9287,88,那覇,2026-10-01T20:50:19.593663
2019,2019022303,2019-02-23 13:01:00+09:00,74418690,320303.0,1,5,オープン戦,3.0,3回裏,3,梅木,川口,名幸,秋村,,,1,1,巨人,G,,376,楽天,E,,,,,,,3球目:外角低めの落ちる球を見逃してボール 2-1,3 Tamame: Gaikaku Hikume no Ochiru Tama wo Minogashite Ball 2-1,,,,,3,,,,,,,,,,,,,,,,,,,,,,,,,,,,,,,,,,,,,,,,,,,,,,,,2019-02-23 07:19:20+00:00,2019-02-23 07:19:20+00:00,0,9287,88,那覇,2026-10-01T20:50:19.593663
2019,2019022303,2019-02-23 13:01:00+09:00,74418691,320304.0,1,5,オープン戦,3.0,3回裏,3,梅木,川口,名幸,秋村,,,1,1,巨人,G,,376,楽天,E,,,,,,,4球目:ワンバウンドのカットボールを見逃してボール 3-1,4 Tamame: One Bound no Cut Ball wo Minogashite Ball 3-1,,,,,4,,,,,,,,,,,,,,,,,,,,,,,,,,,,,,,,,,,,,,,,,,,,,,,,2019-02-23 07:19:20+00:00,2019-02-23 07:19:20+00:00,0,9287,88,那覇,2026-10-01T20:50:19.593663
2019,2019022303,2019-02-23 13:01:00+09:00,74418692,320305.0,1,5,オープン戦,3.0,3回裏,3,梅木,川口,名幸,秋村,,,1,1,巨人,G,,376,楽天,E,,,,,,,5球目:内角のストレートを打ってファウル 3-2,5 Tamame: Naikaku no Straight wo Utte Foul 3-2,,,,,5,,,,,,,,,,,,,,,,,,,,,,,,,,,,,,,,,,,,,,,,,,,,,,,,2019-02-23 07:19:20+00:00,2019-02-23 07:19:20+00:00,0,9287,88,那覇,2026-10-01T20:50:19.593663
2019,2019022303,2019-02-23 13:01:00+09:00,74418693,320306.0,1,5,オープン戦,3.0,3回裏,3,梅木,川口,名幸,秋村,,,1,1,巨人,G,,376,楽天,E,,,,,,,6球目:内角137キロのストレートを打つも自打球となりファウル 3-2,6 Tamame: Naikaku 137 Kilo no Straight wo Utsu mo Ji Dakyuu to Nari Foul 3-2,,,,,6,,,,,,,,,,,,,,,,,,,,,,,,,,,,,,,,,,,,,,,,,,,,,,,,2019-02-23 07:19:20+00:00,2019-02-23 07:19:20+00:00,0,9287,88,那覇,2026-10-01T20:50:19.593663
2019,2019022303,2019-02-23 13:01:00+09:00,74418694,320307.0,1,5,オープン戦,3.0,3回裏,3,梅木,川口,名幸,秋村,,,1,1,巨人,G,,376,楽天,E,,,,,,,"7球目:内角のストレートを見逃しフォアボールを選ぶ 1,3塁","7 Tamame: Naikaku no Straight wo Minogashi Four Ball wo Erabu 1,3 Rui",,,,,7,,,,,,,,,,,,,,,,,,,,,,,,,,,,,,,,,,,,,,,,,,,,,,,,2019-02-23 07:19:20+00:00,2019-02-23 07:19:20+00:00,0,9287,88,那覇,2026-10-01T20:50:19.593663
2019,2019022303,2019-02-23 13:01:00+09:00,74418695,320400.0,1,5,オープン戦,3.0,3回裏,4,梅木,川口,名幸,秋村,,,1,1,巨人,G,,376,楽天,E,,,,,,,"＜4番：ゲレーロ＞一死1,3塁","<4 Ban: Gereero> Ichi Shi 1,3 Rui",,,,,0,,,,,,,,,,,,,,,,,,,,,,,,,,,,,,,,,,,,,,,,,,,,,,,,2019-02-23 07:19:20+00:00,2019-02-23 07:19:20+00:00,0,9287,88,那覇,2026-10-01T20:50:19.593663
2019,2019022303,2019-02-23 13:01:00+09:00,74418696,320401.0,1,5,オープン戦,3.0,3回裏,4,梅木,川口,名幸,秋村,,,1,1,巨人,G,,376,楽天,E,,,,,,,"1球目:ランナー1,3塁からレフトへのタイムリーヒット 巨1-3楽 1,2塁","1 Tamame: Runner 1,3 Rui kara Left e no Timely Hit Kyo 1-3gaku 1,2 Rui",,,,,1,,,,,,,,,,,,,,,,,,,,,,,,,,,,,,,,,,,,,,,,,,,,,,,,2019-02-23 07:19:20+00:00,2019-02-23 07:19:20+00:00,0,9287,88,那覇,2026-10-01T20:50:19.593663
2019,2019022303,2019-02-23 13:01:00+09:00,74418697,320500.0,1,5,オープン戦,3.0,3回裏,5,梅木,川口,名幸,秋村,,,1,1,巨人,G,,376,楽天,E,,,,,,,"＜5番：ビヤヌエバ＞一死1,2塁","<5 Ban: Beer Nueva> Ichi Shi 1,2 Rui",,,,,0,,,,,,,,,,,,,,,,,,,,,,,,,,,,,,,,,,,,,,,,,,,,,,,,2019-02-23 07:19:20+00:00,2019-02-23 07:19:20+00:00,0,9287,88,那覇,2026-10-01T20:50:19.593663
2019,2019022303,2019-02-23 13:01:00+09:00,74418698,320501.0,1,5,オープン戦,3.0,3回裏,5,梅木,川口,名幸,秋村,,,1,1,巨人,G,,376,楽天,E,,,,,,,1球目:外角高めのカーブを見逃してボール 1-0,1 Tamame: Gaikaku Takame no Curve wo Minogashite Ball 1-0,,,,,1,,,,,,,,,,,,,,,,,,,,,,,,,,,,,,,,,,,,,,,,,,,,,,,,2019-02-23 07:19:20+00:00,2019-02-23 07:19:20+00:00,0,9287,88,那覇,2026-10-01T20:50:19.593663
2019,2019022303,2019-02-23 13:01:00+09:00,74418699,320502.0,1,5,オープン戦,3.0,3回裏,5,梅木,川口,名幸,秋村,,,1,1,巨人,G,,376,楽天,E,,,,,,,2球目:際どいコースのストレートを見逃してストライク 1-1,2 Tamame: Kiwadoi Course no Straight wo Minogashite Strike 1-1,,,,,2,,,,,,,,,,,,,,,,,,,,,,,,,,,,,,,,,,,,,,,,,,,,,,,,2019-02-23 07:19:20+00:00,2019-02-23 07:19:20+00:00,0,9287,88,那覇,2026-10-01T20:50:19.593663
2019,2019022303,2019-02-23 13:01:00+09:00,74418700,320503.0,1,5,オープン戦,3.0,3回裏,5,梅木,川口,名幸,秋村,,,1,1,巨人,G,,376,楽天,E,,,,,,,"3球目:低めのストレートを打つもセンターフライ 2アウト1,3塁","3 Tamame: Hikume no Straight wo Utsu mo Center Fly 2 Out 1,3 Rui",,,,,3,,,,,,,,,,,,,,,,,,,,,,,,,,,,,,,,,,,,,,,,,,,,,,,,2019-02-23 07:19:20+00:00,2019-02-23 07:19:20+00:00,0,9287,88,那覇,2026-10-01T20:50:19.593663
2019,2019022303,2019-02-23 13:01:00+09:00,74418701,320600.0,1,5,オープン戦,3.0,3回裏,6,梅木,川口,名幸,秋村,,,1,1,巨人,G,,376,楽天,E,,,,,,,"＜6番：陽＞二死1,3塁","<6 Ban: You> Ni Shi 1,3 Rui",,,,,0,,,,,,,,,,,,,,,,,,,,,,,,,,,,,,,,,,,,,,,,,,,,,,,,2019-02-23 07:19:20+00:00,2019-02-23 07:19:20+00:00,0,9287,88,那覇,2026-10-01T20:50:19.593663
2019,2019022303,2019-02-23 13:01:00+09:00,74418702,320601.0,1,5,オープン戦,3.0,3回裏,6,梅木,川口,名幸,秋村,,,1,1,巨人,G,,376,楽天,E,,,,,,,1球目:外角125キロのチェンジアップを見逃してボール 1-0,1 Tamame: Gaikaku 125 Kilo no Change Up wo Minogashite Ball 1-0,,,,,1,,,,,,,,,,,,,,,,,,,,,,,,,,,,,,,,,,,,,,,,,,,,,,,,2019-02-23 07:19:20+00:00,2019-02-23 07:19:20+00:00,0,9287,88,那覇,2026-10-01T20:50:19.593663
2019,2019022303,2019-02-23 13:01:00+09:00,74418703,320602.0,1,5,オープン戦,3.0,3回裏,6,梅木,川口,名幸,秋村,,,1,1,巨人,G,,376,楽天,E,,,,,,,2球目:低めのストレートを打ってファウル 1-1,2 Tamame: Hikume no Straight wo Utte Foul 1-1,,,,,2,,,,,,,,,,,,,,,,,,,,,,,,,,,,,,,,,,,,,,,,,,,,,,,,2019-02-23 07:19:20+00:00,2019-02-23 07:19:20+00:00,0,9287,88,那覇,2026-10-01T20:50:19.593663
2019,2019022303,2019-02-23 13:01:00+09:00,74418704,320603.0,1,5,オープン戦,3.0,3回裏,6,梅木,川口,名幸,秋村,,,1,1,巨人,G,,376,楽天,E,,,,,,,3球目:内角低めのストレートを空振りストライク 1-2,3 Tamame: Naikaku Hikume no Straight wo Karaburi Strike 1-2,,,,,3,,,,,,,,,,,,,,,,,,,,,,,,,,,,,,,,,,,,,,,,,,,,,,,,2019-02-23 07:19:20+00:00,2019-02-23 07:19:20+00:00,0,9287,88,那覇,2026-10-01T20:50:19.593663
2019,2019022303,2019-02-23 13:01:00+09:00,74418705,320604.0,1,5,オープン戦,3.0,3回裏,6,梅木,川口,名幸,秋村,,,1,1,巨人,G,,376,楽天,E,,,,,,,4球目:カウント1-2から外角のチェンジアップに見逃し三振 3アウトチェンジ,4 Tamame: Count 1-2 kara Gaikaku no Change Up ni Minogashi Sanshin 3 Out Change,,,,,4,,,,,,,,,,,,,,,,,,,,,,,,,,,,,,,,,,,,,,,,,,,,,,,,2019-02-23 07:19:20+00:00,2019-02-23 07:19:20+00:00,0,9287,88,那覇,2026-10-01T20:50:19.593663
2019,2019022303,2019-02-23 13:01:00+09:00,74418706,410100.0,1,5,オープン戦,4.0,4回表,1,梅木,川口,名幸,秋村,,,1,1,巨人,G,,376,楽天,E,,,,,,,4回表 巨1-3楽　楽天は6番ウィーラーからの攻撃,4 Kai Hyou Kyo 1-3 Raku Rakuten wa 6 Ban Wheeler kara no Kougeki,,,,,0,,,,,,,,,,,,,,,,,,,,,,,,,,,,,,,,,,,,,,,,,,,,,,,,2019-02-23 07:19:20+00:00,2019-02-23 07:19:20+00:00,0,9287,88,那覇,2026-10-01T20:50:19.593663
2019,2019022303,2019-02-23 13:01:00+09:00,74418707,410100.0,1,5,オープン戦,4.0,4回表,1,梅木,川口,名幸,秋村,,,1,1,巨人,G,,376,楽天,E,,,,,,,＜6番：ウィーラー＞無死走者なし,<6 Ban: Wheeler> Mushi Sousha Nashi,,,,,0,,,,,,,,,,,,,,,,,,,,,,,,,,,,,,,,,,,,,,,,,,,,,,,,2019-02-23 07:19:20+00:00,2019-02-23 07:19:20+00:00,0,9287,88,那覇,2026-10-01T20:50:19.593663
2019,2019022303,2019-02-23 13:01:00+09:00,74418708,410101.0,1,5,オープン戦,4.0,4回表,1,梅木,川口,名幸,秋村,,,1,1,巨人,G,,376,楽天,E,,,,,,,1球目:外角高めのストレートを見逃してボール 1-0,1 Tamame: Gaikaku Takame no Straight wo Minogashite Ball 1-0,,,,,1,,,,,,,,,,,,,,,,,,,,,,,,,,,,,,,,,,,,,,,,,,,,,,,,2019-02-23 07:19:20+00:00,2019-02-23 07:19:20+00:00,0,9287,88,那覇,2026-10-01T20:50:19.593663
2019,2019022303,2019-02-23 13:01:00+09:00,74418709,410102.0,1,5,オープン戦,4.0,4回表,1,梅木,川口,名幸,秋村,,,1,1,巨人,G,,376,楽天,E,,,,,,,2球目:外角のチェンジアップを打ってファウル 1-1,2 Tamame: Gaikaku no Change Up wo Utte Foul 1-1,,,,,2,,,,,,,,,,,,,,,,,,,,,,,,,,,,,,,,,,,,,,,,,,,,,,,,2019-02-23 07:19:20+00:00,2019-02-23 07:19:20+00:00,0,9287,88,那覇,2026-10-01T20:50:19.593663
2019,2019022303,2019-02-23 13:01:00+09:00,74418710,410103.0,1,5,オープン戦,4.0,4回表,1,梅木,川口,名幸,秋村,,,1,1,巨人,G,,376,楽天,E,,,,,,,3球目:外角のフォークを打つもセンターフライ 1アウト,3 Tamame: Gaikaku no Fork wo Utsu mo Center Fly 1 Out,,,,,3,,,,,,,,,,,,,,,,,,,,,,,,,,,,,,,,,,,,,,,,,,,,,,,,2019-02-23 07:19:20+00:00,2019-02-23 07:19:20+00:00,0,9287,88,那覇,2026-10-01T20:50:19.593663
2019,2019022303,2019-02-23 13:01:00+09:00,74418711,410200.0,1,5,オープン戦,4.0,4回表,2,梅木,川口,名幸,秋村,,,1,1,巨人,G,,376,楽天,E,,,,,,,＜7番：銀次＞一死走者なし,<7 Ban: Ginji> Ichi Shi Sousha Nashi,,,,,0,,,,,,,,,,,,,,,,,,,,,,,,,,,,,,,,,,,,,,,,,,,,,,,,2019-02-23 07:19:20+00:00,2019-02-23 07:19:20+00:00,0,9287,88,那覇,2026-10-01T20:50:19.593663
2019,2019022303,2019-02-23 13:01:00+09:00,74418712,410201.0,1,5,オープン戦,4.0,4回表,2,梅木,川口,名幸,秋村,,,1,1,巨人,G,,376,楽天,E,,,,,,,1球目:初球から打ちにいくもファウル 0-1,1 Tamame: Shokyuu kara Uchi ni Iku mo Foul 0-1,,,,,1,,,,,,,,,,,,,,,,,,,,,,,,,,,,,,,,,,,,,,,,,,,,,,,,2019-02-23 07:19:20+00:00,2019-02-23 07:19:20+00:00,0,9287,88,那覇,2026-10-01T20:50:19.593663
2019,2019022303,2019-02-23 13:01:00+09:00,74418713,410202.0,1,5,オープン戦,4.0,4回表,2,梅木,川口,名幸,秋村,,,1,1,巨人,G,,376,楽天,E,,,,,,,2球目:高めのストレートを見逃してボール 1-1,2 Tamame: Takame no Straight wo Minogashite Ball 1-1,,,,,2,,,,,,,,,,,,,,,,,,,,,,,,,,,,,,,,,,,,,,,,,,,,,,,,2019-02-23 07:19:20+00:00,2019-02-23 07:19:20+00:00,0,9287,88,那覇,2026-10-01T20:50:19.593663
2019,2019022303,2019-02-23 13:01:00+09:00,74418714,410203.0,1,5,オープン戦,4.0,4回表,2,梅木,川口,名幸,秋村,,,1,1,巨人,G,,376,楽天,E,,,,,,,3球目:センターへのヒットを放つ 1塁,3 Tamame: Center e no Hit wo Hanatsu 1 Rui,,,,,3,,,,,,,,,,,,,,,,,,,,,,,,,,,,,,,,,,,,,,,,,,,,,,,,2019-02-23 07:19:20+00:00,2019-02-23 07:19:20+00:00,0,9287,88,那覇,2026-10-01T20:50:19.593663
2019,2019022303,2019-02-23 13:01:00+09:00,74418715,410300.0,1,5,オープン戦,4.0,4回表,3,梅木,川口,名幸,秋村,,,1,1,巨人,G,,376,楽天,E,,,,,,,＜8番：太田＞一死1塁,<8 Ban: Oota> Ichi Shi 1 Rui,,,,,0,,,,,,,,,,,,,,,,,,,,,,,,,,,,,,,,,,,,,,,,,,,,,,,,2019-02-23 07:19:20+00:00,2019-02-23 07:19:20+00:00,0,9287,88,那覇,2026-10-01T20:50:19.593663
2019,2019022303,2019-02-23 13:01:00+09:00,74418716,410301.0,1,5,オープン戦,4.0,4回表,3,梅木,川口,名幸,秋村,,,1,1,巨人,G,,376,楽天,E,,,,,,,1球目:外角低めの変化球を見逃してボール 1-0,1 Tamame: Gaikaku Hikume no Henka Kyuu wo Minogashite Ball 1-0,,,,,1,,,,,,,,,,,,,,,,,,,,,,,,,,,,,,,,,,,,,,,,,,,,,,,,2019-02-23 07:19:20+00:00,2019-02-23 07:19:20+00:00,0,9287,88,那覇,2026-10-01T20:50:19.593663
2019,2019022303,2019-02-23 13:01:00+09:00,74418717,410302.0,1,5,オープン戦,4.0,4回表,3,梅木,川口,名幸,秋村,,,1,1,巨人,G,,376,楽天,E,,,,,,,2球目:内角のストレートを打つもショートフライ 2アウト,2 Tamame: Naikaku no Straight wo Utsu mo Short Fly 2 Out,,,,,2,,,,,,,,,,,,,,,,,,,,,,,,,,,,,,,,,,,,,,,,,,,,,,,,2019-02-23 07:19:20+00:00,2019-02-23 07:19:20+00:00,0,9287,88,那覇,2026-10-01T20:50:19.593663
2019,2019022303,2019-02-23 13:01:00+09:00,74418718,410400.0,1,5,オープン戦,4.0,4回表,4,梅木,川口,名幸,秋村,,,1,1,巨人,G,,376,楽天,E,,,,,,,＜9番：藤田＞二死1塁,<9 Ban: Fujita> Ni Shi 1 Rui,,,,,0,,,,,,,,,,,,,,,,,,,,,,,,,,,,,,,,,,,,,,,,,,,,,,,,2019-02-23 07:19:20+00:00,2019-02-23 07:19:20+00:00,0,9287,88,那覇,2026-10-01T20:50:19.593663
2019,2019022303,2019-02-23 13:01:00+09:00,74418719,410401.0,1,5,オープン戦,4.0,4回表,4,梅木,川口,名幸,秋村,,,1,1,巨人,G,,376,楽天,E,,,,,,,1球目:外角135キロのストレートを見逃してストライク 0-1,1 Tamame: Gaikaku 135 Kilo no Straight wo Minogashite Strike 0-1,,,,,1,,,,,,,,,,,,,,,,,,,,,,,,,,,,,,,,,,,,,,,,,,,,,,,,2019-02-23 07:19:20+00:00,2019-02-23 07:19:20+00:00,0,9287,88,那覇,2026-10-01T20:50:19.593663
2019,2019022303,2019-02-23 13:01:00+09:00,74418720,410402.0,1,5,オープン戦,4.0,4回表,4,梅木,川口,名幸,秋村,,,1,1,巨人,G,,376,楽天,E,,,,,,,2球目:外角低めのスライダーを見逃してボール 1-1,2 Tamame: Gaikaku Hikume no Slider wo Minogashite Ball 1-1,,,,,2,,,,,,,,,,,,,,,,,,,,,,,,,,,,,,,,,,,,,,,,,,,,,,,,2019-02-23 07:19:20+00:00,2019-02-23 07:19:20+00:00,0,9287,88,那覇,2026-10-01T20:50:19.593663
2019,2019022303,2019-02-23 13:01:00+09:00,74418721,410400.0,1,5,オープン戦,4.0,4回表,4,梅木,川口,名幸,秋村,,,1,1,巨人,G,,376,楽天,E,,,,,,,1塁けん制:ランナー銀次帰塁,1 Rui Kensei: Runner Ginji Kirui,,,,,0,,,,,,,,,,,,,,,,,,,,,,,,,,,,,,,,,,,,,,,,,,,,,,,,2019-02-23 07:19:20+00:00,2019-02-23 07:19:20+00:00,0,9287,88,那覇,2026-10-01T20:50:19.593663
2019,2019022303,2019-02-23 13:01:00+09:00,74418722,410403.0,1,5,オープン戦,4.0,4回表,4,梅木,川口,名幸,秋村,,,1,1,巨人,G,,376,楽天,E,,,,,,,3球目:セカンドへのファウルフライに倒れる 3アウトチェンジ,3 Tamame: Sekando e no Foul Fly ni Taoreru 3 Out Change,,,,,3,,,,,,,,,,,,,,,,,,,,,,,,,,,,,,,,,,,,,,,,,,,,,,,,2019-02-23 07:19:20+00:00,2019-02-23 07:19:20+00:00,0,9287,88,那覇,2026-10-01T20:50:19.593663
2019,2019022303,2019-02-23 13:01:00+09:00,74418723,420100.0,1,5,オープン戦,4.0,4回裏,1,梅木,川口,名幸,秋村,,,1,1,巨人,G,,376,楽天,E,,,,,,,4回裏 巨1-3楽　巨人は7番亀井からの攻撃,4 Kai Ura Kyo 1-3 Raku Kyojin wa 7 Ban Kamei kara no Kougeki,,,,,0,,,,,,,,,,,,,,,,,,,,,,,,,,,,,,,,,,,,,,,,,,,,,,,,2019-02-23 07:19:20+00:00,2019-02-23 07:19:20+00:00,0,9287,88,那覇,2026-10-01T20:50:19.593663
2019,2019022303,2019-02-23 13:01:00+09:00,74418724,420100.0,1,5,オープン戦,4.0,4回裏,1,梅木,川口,名幸,秋村,,,1,1,巨人,G,,376,楽天,E,,,,,,,投手交代:森→石橋　守備交代:ファースト内田　守備交代:ショート渡邊佳　守備変更:銀次ファースト→サード,Toushu Koutai: Mori Ishibashi Shubi Koutai: First Uchida Shubi Koutai: Short Watanabe Kei Shubi Henkou: Ginji First Third,,,,,0,,,,,,,,,,,,,,,,,,,,,,,,,,,,,,,,,,,,,,,,,,,,,,,,2019-02-23 07:19:20+00:00,2019-02-23 07:19:20+00:00,0,9287,88,那覇,2026-10-01T20:50:19.593663
2019,2019022303,2019-02-23 13:01:00+09:00,74418725,420100.0,1,5,オープン戦,4.0,4回裏,1,梅木,川口,名幸,秋村,,,1,1,巨人,G,,376,楽天,E,,,,,,,＜7番：亀井＞無死走者なし,<7 Ban: Kamei> Mushi Sousha Nashi,,,,,0,,,,,,,,,,,,,,,,,,,,,,,,,,,,,,,,,,,,,,,,,,,,,,,,2019-02-23 07:19:20+00:00,2019-02-23 07:19:20+00:00,0,9287,88,那覇,2026-10-01T20:50:19.593663
2019,2019022303,2019-02-23 13:01:00+09:00,74418726,420101.0,1,5,オープン戦,4.0,4回裏,1,梅木,川口,名幸,秋村,,,1,1,巨人,G,,376,楽天,E,,,,,,,1球目:外角低め142キロのストレートを見逃してストライク 0-1,1 Tamame: Gaikaku Hikume 142 Kilo no Straight wo Minogashite Strike 0-1,,,,,1,,,,,,,,,,,,,,,,,,,,,,,,,,,,,,,,,,,,,,,,,,,,,,,,2019-02-23 07:19:20+00:00,2019-02-23 07:19:20+00:00,0,9287,88,那覇,2026-10-01T20:50:19.593663
2019,2019022303,2019-02-23 13:01:00+09:00,74418727,420102.0,1,5,オープン戦,4.0,4回裏,1,梅木,川口,名幸,秋村,,,1,1,巨人,G,,376,楽天,E,,,,,,,2球目:外角低め128キロのフォークを空振りストライク 0-2,2 Tamame: Gaikaku Hikume 128 Kilo no Fork wo Karaburi Strike 0-2,,,,,2,,,,,,,,,,,,,,,,,,,,,,,,,,,,,,,,,,,,,,,,,,,,,,,,2019-02-23 07:19:20+00:00,2019-02-23 07:19:20+00:00,0,9287,88,那覇,2026-10-01T20:50:19.593663
2019,2019022303,2019-02-23 13:01:00+09:00,74418728,420103.0,1,5,オープン戦,4.0,4回裏,1,梅木,川口,名幸,秋村,,,1,1,巨人,G,,376,楽天,E,,,,,,,3球目:ワンバウンドの球を見逃してボール 1-2,3 Tamame: One Bound no Tama wo Minogashite Ball 1-2,,,,,3,,,,,,,,,,,,,,,,,,,,,,,,,,,,,,,,,,,,,,,,,,,,,,,,2019-02-23 07:19:20+00:00,2019-02-23 07:19:20+00:00,0,9287,88,那覇,2026-10-01T20:50:19.593663
2019,2019022303,2019-02-23 13:01:00+09:00,74418729,420104.0,1,5,オープン戦,4.0,4回裏,1,梅木,川口,名幸,秋村,,,1,1,巨人,G,,376,楽天,E,,,,,,,4球目:レフトへのヒットを放つ,4 Tamame: Left e no Hit wo Hanatsu,,,,,4,,,,,,,,,,,,,,,,,,,,,,,,,,,,,,,,,,,,,,,,,,,,,,,,2019-02-23 07:19:20+00:00,2019-02-23 07:19:20+00:00,0,9287,88,那覇,2026-10-01T20:50:19.593663
2019,2019022303,2019-02-23 13:01:00+09:00,74418730,420100.0,1,5,オープン戦,4.0,4回裏,1,梅木,川口,名幸,秋村,,,1,1,巨人,G,,376,楽天,E,,,,,,,打者亀井は1塁を回って2塁に向かうもアウト！ 1アウト,Dasha Kamei wa 1 Rui wo Mawatte 2 Rui ni Mukau mo Out! 1 Out,,,,,0,,,,,,,,,,,,,,,,,,,,,,,,,,,,,,,,,,,,,,,,,,,,,,,,2019-02-23 07:19:20+00:00,2019-02-23 07:19:20+00:00,0,9287,88,那覇,2026-10-01T20:50:19.593663
2019,2019022303,2019-02-23 13:01:00+09:00,74418731,420200.0,1,5,オープン戦,4.0,4回裏,2,梅木,川口,名幸,秋村,,,1,1,巨人,G,,376,楽天,E,,,,,,,＜8番：中島＞一死走者なし,<8 Ban: Nakajima> Ichi Shi Sousha Nashi,,,,,0,,,,,,,,,,,,,,,,,,,,,,,,,,,,,,,,,,,,,,,,,,,,,,,,2019-02-23 07:19:20+00:00,2019-02-23 07:19:20+00:00,0,9287,88,那覇,2026-10-01T20:50:19.593663
2019,2019022303,2019-02-23 13:01:00+09:00,74418732,420201.0,1,5,オープン戦,4.0,4回裏,2,梅木,川口,名幸,秋村,,,1,1,巨人,G,,376,楽天,E,,,,,,,1球目:内角低めのストレートを打ちにいくもファウル 0-1,1 Tamame: Naikaku Hikume no Straight wo Uchi ni Iku mo Foul 0-1,,,,,1,,,,,,,,,,,,,,,,,,,,,,,,,,,,,,,,,,,,,,,,,,,,,,,,2019-02-23 07:19:20+00:00,2019-02-23 07:19:20+00:00,0,9287,88,那覇,2026-10-01T20:50:19.593663
2019,2019022303,2019-02-23 13:01:00+09:00,74418733,420202.0,1,5,オープン戦,4.0,4回裏,2,梅木,川口,名幸,秋村,,,1,1,巨人,G,,376,楽天,E,,,,,,,2球目:内角高めのストレートを見逃してボール 1-1,2 Tamame: Naikaku Takame no Straight wo Minogashite Ball 1-1,,,,,2,,,,,,,,,,,,,,,,,,,,,,,,,,,,,,,,,,,,,,,,,,,,,,,,2019-02-23 07:19:20+00:00,2019-02-23 07:19:20+00:00,0,9287,88,那覇,2026-10-01T20:50:19.593663
2019,2019022303,2019-02-23 13:01:00+09:00,74418734,420203.0,1,5,オープン戦,4.0,4回裏,2,梅木,川口,名幸,秋村,,,1,1,巨人,G,,376,楽天,E,,,,,,,3球目:高めのストレートを打つもショートゴロ 2アウト,3 Tamame: Takame no Straight wo Utsu mo Short Grounder 2 Out,,,,,3,,,,,,,,,,,,,,,,,,,,,,,,,,,,,,,,,,,,,,,,,,,,,,,,2019-02-23 07:19:20+00:00,2019-02-23 07:19:20+00:00,0,9287,88,那覇,2026-10-01T20:50:19.593663
2019,2019022303,2019-02-23 13:01:00+09:00,74418735,420300.0,1,5,オープン戦,4.0,4回裏,3,梅木,川口,名幸,秋村,,,1,1,巨人,G,,376,楽天,E,,,,,,,＜9番：炭谷＞二死走者なし,<9 Ban: Sumitani> Ni Shi Sousha Nashi,,,,,0,,,,,,,,,,,,,,,,,,,,,,,,,,,,,,,,,,,,,,,,,,,,,,,,2019-02-23 07:19:20+00:00,2019-02-23 07:19:20+00:00,0,9287,88,那覇,2026-10-01T20:50:19.593663
2019,2019022303,2019-02-23 13:01:00+09:00,74418736,420301.0,1,5,オープン戦,4.0,4回裏,3,梅木,川口,名幸,秋村,,,1,1,巨人,G,,376,楽天,E,,,,,,,1球目:低めのストレートを見逃してストライク 0-1,1 Tamame: Hikume no Straight wo Minogashite Strike 0-1,,,,,1,,,,,,,,,,,,,,,,,,,,,,,,,,,,,,,,,,,,,,,,,,,,,,,,2019-02-23 07:19:20+00:00,2019-02-23 07:19:20+00:00,0,9287,88,那覇,2026-10-01T20:50:19.593663
2019,2019022303,2019-02-23 13:01:00+09:00,74418737,420302.0,1,5,オープン戦,4.0,4回裏,3,梅木,川口,名幸,秋村,,,1,1,巨人,G,,376,楽天,E,,,,,,,2球目:外角低め134キロのカットボールを打ってファウル 0-2,2 Tamame: Gaikaku Hikume 134 Kilo no Cut Ball wo Utte Foul 0-2,,,,,2,,,,,,,,,,,,,,,,,,,,,,,,,,,,,,,,,,,,,,,,,,,,,,,,2019-02-23 07:19:20+00:00,2019-02-23 07:19:20+00:00,0,9287,88,那覇,2026-10-01T20:50:19.593663
2019,2019022303,2019-02-23 13:01:00+09:00,74418738,420303.0,1,5,オープン戦,4.0,4回裏,3,梅木,川口,名幸,秋村,,,1,1,巨人,G,,376,楽天,E,,,,,,,3球目:ワンバウンドのフォークを見逃してボール 1-2,3 Tamame: One Bound no Fork wo Minogashite Ball 1-2,,,,,3,,,,,,,,,,,,,,,,,,,,,,,,,,,,,,,,,,,,,,,,,,,,,,,,2019-02-23 07:19:20+00:00,2019-02-23 07:19:20+00:00,0,9287,88,那覇,2026-10-01T20:50:19.593663
2019,2019022303,2019-02-23 13:01:00+09:00,74418739,420304.0,1,5,オープン戦,4.0,4回裏,3,梅木,川口,名幸,秋村,,,1,1,巨人,G,,376,楽天,E,,,,,,,4球目:ハーフスイングを取られて空振り三振 3アウトチェンジ,4 Tamame: Half Swing wo Torarete Karaburi Sanshin 3 Out Change,,,,,4,,,,,,,,,,,,,,,,,,,,,,,,,,,,,,,,,,,,,,,,,,,,,,,,2019-02-23 07:19:20+00:00,2019-02-23 07:19:20+00:00,0,9287,88,那覇,2026-10-01T20:50:19.593663
2019,2019022303,2019-02-23 13:01:00+09:00,74418740,510100.0,1,5,オープン戦,5.0,5回表,1,梅木,川口,名幸,秋村,,,1,1,巨人,G,,376,楽天,E,,,,,,,5回表 巨1-3楽　楽天は1番オコエからの攻撃,5 Kai Hyou Kyo 1-3 Raku Rakuten wa 1 Ban Okoe kara no Kougeki,,,,,0,,,,,,,,,,,,,,,,,,,,,,,,,,,,,,,,,,,,,,,,,,,,,,,,2019-02-23 07:19:20+00:00,2019-02-23 07:19:20+00:00,0,9287,88,那覇,2026-10-01T20:50:19.593663
2019,2019022303,2019-02-23 13:01:00+09:00,74418741,510100.0,1,5,オープン戦,5.0,5回表,1,梅木,川口,名幸,秋村,,,1,1,巨人,G,,376,楽天,E,,,,,,,投手交代:野上→今村　守備交代:レフト石川　守備交代:ファースト北村,Toushu Koutai: Nokami Imamura Shubi Koutai: Left Ishikawa Shubi Koutai: First Kitamura,,,,,0,,,,,,,,,,,,,,,,,,,,,,,,,,,,,,,,,,,,,,,,,,,,,,,,2019-02-23 07:19:20+00:00,2019-02-23 07:19:20+00:00,0,9287,88,那覇,2026-10-01T20:50:19.593663
2019,2019022303,2019-02-23 13:01:00+09:00,74418742,510100.0,1,5,オープン戦,5.0,5回表,1,梅木,川口,名幸,秋村,,,1,1,巨人,G,,376,楽天,E,,,,,,,＜1番：オコエ＞無死走者なし,<1 Ban: Okoe> Mushi Sousha Nashi,,,,,0,,,,,,,,,,,,,,,,,,,,,,,,,,,,,,,,,,,,,,,,,,,,,,,,2019-02-23 07:19:20+00:00,2019-02-23 07:19:20+00:00,0,9287,88,那覇,2026-10-01T20:50:19.593663
2019,2019022303,2019-02-23 13:01:00+09:00,74418743,510101.0,1,5,オープン戦,5.0,5回表,1,梅木,川口,名幸,秋村,,,1,1,巨人,G,,376,楽天,E,,,,,,,1球目:内角低め118キロのスライダーを見逃してボール 1-0,1 Tamame: Naikaku Hikume 118 Kilo no Slider wo Minogashite Ball 1-0,,,,,1,,,,,,,,,,,,,,,,,,,,,,,,,,,,,,,,,,,,,,,,,,,,,,,,2019-02-23 07:19:20+00:00,2019-02-23 07:19:20+00:00,0,9287,88,那覇,2026-10-01T20:50:19.593663
2019,2019022303,2019-02-23 13:01:00+09:00,74418744,510102.0,1,5,オープン戦,5.0,5回表,1,梅木,川口,名幸,秋村,,,1,1,巨人,G,,376,楽天,E,,,,,,,2球目:内角118キロのスライダーを打ってファウル 1-1,2 Tamame: Naikaku 118 Kilo no Slider wo Utte Foul 1-1,,,,,2,,,,,,,,,,,,,,,,,,,,,,,,,,,,,,,,,,,,,,,,,,,,,,,,2019-02-23 07:19:20+00:00,2019-02-23 07:19:20+00:00,0,9287,88,那覇,2026-10-01T20:50:19.593663
2019,2019022303,2019-02-23 13:01:00+09:00,74418745,510103.0,1,5,オープン戦,5.0,5回表,1,梅木,川口,名幸,秋村,,,1,1,巨人,G,,376,楽天,E,,,,,,,3球目:内角高めのスライダーを打ってファウル 1-2,3 Tamame: Naikaku Takame no Slider wo Utte Foul 1-2,,,,,3,,,,,,,,,,,,,,,,,,,,,,,,,,,,,,,,,,,,,,,,,,,,,,,,2019-02-23 07:19:20+00:00,2019-02-23 07:19:20+00:00,0,9287,88,那覇,2026-10-01T20:50:19.593663
2019,2019022303,2019-02-23 13:01:00+09:00,74418746,510104.0,1,5,オープン戦,5.0,5回表,1,梅木,川口,名幸,秋村,,,1,1,巨人,G,,376,楽天,E,,,,,,,4球目:高めの落ちる球を打つもセカンドゴロ 1アウト,4 Tamame: Takame no Ochiru Tama wo Utsu mo Sekando Grounder 1 Out,,,,,4,,,,,,,,,,,,,,,,,,,,,,,,,,,,,,,,,,,,,,,,,,,,,,,,2019-02-23 07:19:20+00:00,2019-02-23 07:19:20+00:00,0,9287,88,那覇,2026-10-01T20:50:19.593663
2019,2019022303,2019-02-23 13:01:00+09:00,74418747,510200.0,1,5,オープン戦,5.0,5回表,2,梅木,川口,名幸,秋村,,,1,1,巨人,G,,376,楽天,E,,,,,,,＜2番：田中＞一死走者なし,<2 Ban: Tanaka> Ichi Shi Sousha Nashi,,,,,0,,,,,,,,,,,,,,,,,,,,,,,,,,,,,,,,,,,,,,,,,,,,,,,,2019-02-23 07:19:20+00:00,2019-02-23 07:19:20+00:00,0,9287,88,那覇,2026-10-01T20:50:19.593663
2019,2019022303,2019-02-23 13:01:00+09:00,74418748,510201.0,1,5,オープン戦,5.0,5回表,2,梅木,川口,名幸,秋村,,,1,1,巨人,G,,376,楽天,E,,,,,,,1球目:内角低め137キロのストレートを見逃してボール 1-0,1 Tamame: Naikaku Hikume 137 Kilo no Straight wo Minogashite Ball 1-0,,,,,1,,,,,,,,,,,,,,,,,,,,,,,,,,,,,,,,,,,,,,,,,,,,,,,,2019-02-23 07:19:20+00:00,2019-02-23 07:19:20+00:00,0,9287,88,那覇,2026-10-01T20:50:19.593663
2019,2019022303,2019-02-23 13:01:00+09:00,74418749,510202.0,1,5,オープン戦,5.0,5回表,2,梅木,川口,名幸,秋村,,,1,1,巨人,G,,376,楽天,E,,,,,,,2球目:96キロのスローカーブを見逃してボール 2-0,2 Tamame:96 Kilo no Slow Curve wo Minogashite Ball 2-0,,,,,2,,,,,,,,,,,,,,,,,,,,,,,,,,,,,,,,,,,,,,,,,,,,,,,,2019-02-23 07:19:20+00:00,2019-02-23 07:19:20+00:00,0,9287,88,那覇,2026-10-01T20:50:19.593663
2019,2019022303,2019-02-23 13:01:00+09:00,74418750,510203.0,1,5,オープン戦,5.0,5回表,2,梅木,川口,名幸,秋村,,,1,1,巨人,G,,376,楽天,E,,,,,,,3球目:際どいコースのストレートを見逃してボール 3-0,3 Tamame: Kiwadoi Course no Straight wo Minogashite Ball 3-0,,,,,3,,,,,,,,,,,,,,,,,,,,,,,,,,,,,,,,,,,,,,,,,,,,,,,,2019-02-23 07:19:20+00:00,2019-02-23 07:19:20+00:00,0,9287,88,那覇,2026-10-01T20:50:19.593663
2019,2019022303,2019-02-23 13:01:00+09:00,74418751,510204.0,1,5,オープン戦,5.0,5回表,2,梅木,川口,名幸,秋村,,,1,1,巨人,G,,376,楽天,E,,,,,,,4球目:内角143キロのストレートを見逃してストライク 3-1,4 Tamame: Naikaku 143 Kilo no Straight wo Minogashite Strike 3-1,,,,,4,,,,,,,,,,,,,,,,,,,,,,,,,,,,,,,,,,,,,,,,,,,,,,,,2019-02-23 07:19:20+00:00,2019-02-23 07:19:20+00:00,0,9287,88,那覇,2026-10-01T20:50:19.593663
2019,2019022303,2019-02-23 13:01:00+09:00,74418752,510205.0,1,5,オープン戦,5.0,5回表,2,梅木,川口,名幸,秋村,,,1,1,巨人,G,,376,楽天,E,,,,,,,5球目:内角高めのスライダーを空振りストライク 3-2,5 Tamame: Naikaku Takame no Slider wo Karaburi Strike 3-2,,,,,5,,,,,,,,,,,,,,,,,,,,,,,,,,,,,,,,,,,,,,,,,,,,,,,,2019-02-23 07:19:20+00:00,2019-02-23 07:19:20+00:00,0,9287,88,那覇,2026-10-01T20:50:19.593663
2019,2019022303,2019-02-23 13:01:00+09:00,74418753,510206.0,1,5,オープン戦,5.0,5回表,2,梅木,川口,名幸,秋村,,,1,1,巨人,G,,376,楽天,E,,,,,,,6球目:内角低めのスライダーを打ってファウル 3-2,6 Tamame: Naikaku Hikume no Slider wo Utte Foul 3-2,,,,,6,,,,,,,,,,,,,,,,,,,,,,,,,,,,,,,,,,,,,,,,,,,,,,,,2019-02-23 07:19:20+00:00,2019-02-23 07:19:20+00:00,0,9287,88,那覇,2026-10-01T20:50:19.593663
2019,2019022303,2019-02-23 13:01:00+09:00,74418754,510207.0,1,5,オープン戦,5.0,5回表,2,梅木,川口,名幸,秋村,,,1,1,巨人,G,,376,楽天,E,,,,,,,7球目:高めのストレートに空振り三振でバッターアウト 2アウト,7 Tamame: Takame no Straight ni Karaburi Sanshin de Batter Out 2 Out,,,,,7,,,,,,,,,,,,,,,,,,,,,,,,,,,,,,,,,,,,,,,,,,,,,,,,2019-02-23 07:19:20+00:00,2019-02-23 07:19:20+00:00,0,9287,88,那覇,2026-10-01T20:50:19.593663
2019,2019022303,2019-02-23 13:01:00+09:00,74418755,510300.0,1,5,オープン戦,5.0,5回表,3,梅木,川口,名幸,秋村,,,1,1,巨人,G,,376,楽天,E,,,,,,,＜3番：山崎＞二死走者なし,<3 Ban: Yamazaki> Ni Shi Sousha Nashi,,,,,0,,,,,,,,,,,,,,,,,,,,,,,,,,,,,,,,,,,,,,,,,,,,,,,,2019-02-23 07:19:20+00:00,2019-02-23 07:19:20+00:00,0,9287,88,那覇,2026-10-01T20:50:19.593663
2019,2019022303,2019-02-23 13:01:00+09:00,74418756,510301.0,1,5,オープン戦,5.0,5回表,3,梅木,川口,名幸,秋村,,,1,1,巨人,G,,376,楽天,E,,,,,,,1球目:外角のスローカーブを打つもセカンドゴロ 3アウトチェンジ,1 Tamame: Gaikaku no Slow Curve wo Utsu mo Sekando Grounder 3 Out Change,,,,,1,,,,,,,,,,,,,,,,,,,,,,,,,,,,,,,,,,,,,,,,,,,,,,,,2019-02-23 07:19:20+00:00,2019-02-23 07:19:20+00:00,0,9287,88,那覇,2026-10-01T20:50:19.593663
2019,2019022303,2019-02-23 13:01:00+09:00,74418757,520100.0,1,5,オープン戦,5.0,5回裏,1,梅木,川口,名幸,秋村,,,1,1,巨人,G,,376,楽天,E,,,,,,,5回裏 巨1-3楽　巨人は1番吉川尚からの攻撃,5 Kai Ura Kyo 1-3 Raku Kyojin wa 1 Ban Yoshikawa Nao kara no Kougeki,,,,,0,,,,,,,,,,,,,,,,,,,,,,,,,,,,,,,,,,,,,,,,,,,,,,,,2019-02-23 07:19:20+00:00,2019-02-23 07:19:20+00:00,0,9287,88,那覇,2026-10-01T20:50:19.593663
2019,2019022303,2019-02-23 13:01:00+09:00,74418758,520100.0,1,5,オープン戦,5.0,5回裏,1,梅木,川口,名幸,秋村,,,1,1,巨人,G,,376,楽天,E,,,,,,,＜1番：吉川尚＞無死走者なし,<1 Ban: Yoshikawa Nao> Mushi Sousha Nashi,,,,,0,,,,,,,,,,,,,,,,,,,,,,,,,,,,,,,,,,,,,,,,,,,,,,,,2019-02-23 07:19:20+00:00,2019-02-23 07:19:20+00:00,0,9287,88,那覇,2026-10-01T20:50:19.593663
2019,2019022303,2019-02-23 13:01:00+09:00,74418759,520101.0,1,5,オープン戦,5.0,5回裏,1,梅木,川口,名幸,秋村,,,1,1,巨人,G,,376,楽天,E,,,,,,,1球目:甘い変化球を見逃してストライク 0-1,1 Tamame: Amai Henka Kyuu wo Minogashite Strike 0-1,,,,,1,,,,,,,,,,,,,,,,,,,,,,,,,,,,,,,,,,,,,,,,,,,,,,,,2019-02-23 07:19:20+00:00,2019-02-23 07:19:20+00:00,0,9287,88,那覇,2026-10-01T20:50:19.593663
2019,2019022303,2019-02-23 13:01:00+09:00,74418760,520102.0,1,5,オープン戦,5.0,5回裏,1,梅木,川口,名幸,秋村,,,1,1,巨人,G,,376,楽天,E,,,,,,,2球目:内角高め117キロのカーブを見逃してストライク 0-2,2 Tamame: Naikaku Takame 117 Kilo no Curve wo Minogashite Strike 0-2,,,,,2,,,,,,,,,,,,,,,,,,,,,,,,,,,,,,,,,,,,,,,,,,,,,,,,2019-02-23 07:19:20+00:00,2019-02-23 07:19:20+00:00,0,9287,88,那覇,2026-10-01T20:50:19.593663
2019,2019022303,2019-02-23 13:01:00+09:00,74418761,520103.0,1,5,オープン戦,5.0,5回裏,1,梅木,川口,名幸,秋村,,,1,1,巨人,G,,376,楽天,E,,,,,,,3球目:ワンバウンドの球を見逃してボール 1-2,3 Tamame: One Bound no Tama wo Minogashite Ball 1-2,,,,,3,,,,,,,,,,,,,,,,,,,,,,,,,,,,,,,,,,,,,,,,,,,,,,,,2019-02-23 07:19:20+00:00,2019-02-23 07:19:20+00:00,0,9287,88,那覇,2026-10-01T20:50:19.593663
2019,2019022303,2019-02-23 13:01:00+09:00,74418762,520104.0,1,5,オープン戦,5.0,5回裏,1,梅木,川口,名幸,秋村,,,1,1,巨人,G,,376,楽天,E,,,,,,,4球目:外角高め133キロのツーシームを見逃してボール 2-2,4 Tamame: Gaikaku Takame 133 Kilo no Two Seam wo Minogashite Ball 2-2,,,,,4,,,,,,,,,,,,,,,,,,,,,,,,,,,,,,,,,,,,,,,,,,,,,,,,2019-02-23 07:19:20+00:00,2019-02-23 07:19:20+00:00,0,9287,88,那覇,2026-10-01T20:50:19.593663
2019,2019022303,2019-02-23 13:01:00+09:00,74418763,520105.0,1,5,オープン戦,5.0,5回裏,1,梅木,川口,名幸,秋村,,,1,1,巨人,G,,376,楽天,E,,,,,,,5球目:空振りの三振を喫する 1アウト,5 Tamame: Karaburi no Sanshin wo Kissuru 1 Out,,,,,5,,,,,,,,,,,,,,,,,,,,,,,,,,,,,,,,,,,,,,,,,,,,,,,,2019-02-23 07:19:20+00:00,2019-02-23 07:19:20+00:00,0,9287,88,那覇,2026-10-01T20:50:19.593663
2019,2019022303,2019-02-23 13:01:00+09:00,74418764,520200.0,1,5,オープン戦,5.0,5回裏,2,梅木,川口,名幸,秋村,,,1,1,巨人,G,,376,楽天,E,,,,,,,＜2番：丸＞一死走者なし,<2 Ban: Maru> Ichi Shi Sousha Nashi,,,,,0,,,,,,,,,,,,,,,,,,,,,,,,,,,,,,,,,,,,,,,,,,,,,,,,2019-02-23 07:19:20+00:00,2019-02-23 07:19:20+00:00,0,9287,88,那覇,2026-10-01T20:50:19.593663
2019,2019022303,2019-02-23 13:01:00+09:00,74418765,520201.0,1,5,オープン戦,5.0,5回裏,2,梅木,川口,名幸,秋村,,,1,1,巨人,G,,376,楽天,E,,,,,,,1球目:ライトへのヒットを放つ 1塁,1 Tamame: Raito e no Hit wo Hanatsu 1 Rui,,,,,1,,,,,,,,,,,,,,,,,,,,,,,,,,,,,,,,,,,,,,,,,,,,,,,,2019-02-23 07:19:20+00:00,2019-02-23 07:19:20+00:00,0,9287,88,那覇,2026-10-01T20:50:19.593663
2019,2019022303,2019-02-23 13:01:00+09:00,74418766,520300.0,1,5,オープン戦,5.0,5回裏,3,梅木,川口,名幸,秋村,,,1,1,巨人,G,,376,楽天,E,,,,,,,1塁丸→代走:立岡,1 Ruimaru Daisou: Tate Oka,,,,,0,,,,,,,,,,,,,,,,,,,,,,,,,,,,,,,,,,,,,,,,,,,,,,,,2019-02-23 07:19:20+00:00,2019-02-23 07:19:20+00:00,0,9287,88,那覇,2026-10-01T20:50:19.593663
2019,2019022303,2019-02-23 13:01:00+09:00,74418767,520300.0,1,5,オープン戦,5.0,5回裏,3,梅木,川口,名幸,秋村,,,1,1,巨人,G,,376,楽天,E,,,,,,,＜3番：坂本勇＞一死1塁,<3 Ban: Sakamoto Isamu> Ichi Shi 1 Rui,,,,,0,,,,,,,,,,,,,,,,,,,,,,,,,,,,,,,,,,,,,,,,,,,,,,,,2019-02-23 07:19:20+00:00,2019-02-23 07:19:20+00:00,0,9287,88,那覇,2026-10-01T20:50:19.593663
2019,2019022303,2019-02-23 13:01:00+09:00,74418768,520301.0,1,5,オープン戦,5.0,5回裏,3,梅木,川口,名幸,秋村,,,1,1,巨人,G,,376,楽天,E,,,,,,,1球目:外角132キロのカットボールを見逃してストライク 0-1,1 Tamame: Gaikaku 132 Kilo no Cut Ball wo Minogashite Strike 0-1,,,,,1,,,,,,,,,,,,,,,,,,,,,,,,,,,,,,,,,,,,,,,,,,,,,,,,2019-02-23 07:19:20+00:00,2019-02-23 07:19:20+00:00,0,9287,88,那覇,2026-10-01T20:50:19.593663
2019,2019022303,2019-02-23 13:01:00+09:00,74418769,520302.0,1,5,オープン戦,5.0,5回裏,3,梅木,川口,名幸,秋村,,,1,1,巨人,G,,376,楽天,E,,,,,,,2球目:143キロのストレートを打ってファウル 0-2,2 Tamame:143 Kilo no Straight wo Utte Foul 0-2,,,,,2,,,,,,,,,,,,,,,,,,,,,,,,,,,,,,,,,,,,,,,,,,,,,,,,2019-02-23 07:19:20+00:00,2019-02-23 07:19:20+00:00,0,9287,88,那覇,2026-10-01T20:50:19.593663
2019,2019022303,2019-02-23 13:01:00+09:00,74418770,520303.0,1,5,オープン戦,5.0,5回裏,3,梅木,川口,名幸,秋村,,,1,1,巨人,G,,376,楽天,E,,,,,,,3球目:外角のカットボールを打つもピッチャーゴロ 2アウト1塁,3 Tamame: Gaikaku no Cut Ball wo Utsu mo Pitcher Grounder 2 Out 1 Rui,,,,,3,,,,,,,,,,,,,,,,,,,,,,,,,,,,,,,,,,,,,,,,,,,,,,,,2019-02-23 07:19:20+00:00,2019-02-23 07:19:20+00:00,0,9287,88,那覇,2026-10-01T20:50:19.593663
2019,2019022303,2019-02-23 13:01:00+09:00,74418771,520400.0,1,5,オープン戦,5.0,5回裏,4,梅木,川口,名幸,秋村,,,1,1,巨人,G,,376,楽天,E,,,,,,,＜4番：ゲレーロ＞二死1塁,<4 Ban: Gereero> Ni Shi 1 Rui,,,,,0,,,,,,,,,,,,,,,,,,,,,,,,,,,,,,,,,,,,,,,,,,,,,,,,2019-02-23 07:19:20+00:00,2019-02-23 07:19:20+00:00,0,9287,88,那覇,2026-10-01T20:50:19.593663
2019,2019022303,2019-02-23 13:01:00+09:00,74418772,520401.0,1,5,オープン戦,5.0,5回裏,4,梅木,川口,名幸,秋村,,,1,1,巨人,G,,376,楽天,E,,,,,,,1球目:内角高めのストレートを空振りストライク 0-1,1 Tamame: Naikaku Takame no Straight wo Karaburi Strike 0-1,,,,,1,,,,,,,,,,,,,,,,,,,,,,,,,,,,,,,,,,,,,,,,,,,,,,,,2019-02-23 07:19:20+00:00,2019-02-23 07:19:20+00:00,0,9287,88,那覇,2026-10-01T20:50:19.593663
2019,2019022303,2019-02-23 13:01:00+09:00,74418773,520402.0,1,5,オープン戦,5.0,5回裏,4,梅木,川口,名幸,秋村,,,1,1,巨人,G,,376,楽天,E,,,,,,,2球目:外角のカットボールを見逃してストライク 0-2,2 Tamame: Gaikaku no Cut Ball wo Minogashite Strike 0-2,,,,,2,,,,,,,,,,,,,,,,,,,,,,,,,,,,,,,,,,,,,,,,,,,,,,,,2019-02-23 07:19:20+00:00,2019-02-23 07:19:20+00:00,0,9287,88,那覇,2026-10-01T20:50:19.593663
2019,2019022303,2019-02-23 13:01:00+09:00,74418774,520403.0,1,5,オープン戦,5.0,5回裏,4,梅木,川口,名幸,秋村,,,1,1,巨人,G,,376,楽天,E,,,,,,,3球目:143キロのストレートを見逃してボール 1-2,3 Tamame:143 Kilo no Straight wo Minogashite Ball 1-2,,,,,3,,,,,,,,,,,,,,,,,,,,,,,,,,,,,,,,,,,,,,,,,,,,,,,,2019-02-23 07:19:20+00:00,2019-02-23 07:19:20+00:00,0,9287,88,那覇,2026-10-01T20:50:19.593663
2019,2019022303,2019-02-23 13:01:00+09:00,74418775,520404.0,1,5,オープン戦,5.0,5回裏,4,梅木,川口,名幸,秋村,,,1,1,巨人,G,,376,楽天,E,,,,,,,4球目:ランナーがスタートを切るもファウル 1-2,4 Tamame: Runner ga Start wo Kiru mo Foul 1-2,,,,,4,,,,,,,,,,,,,,,,,,,,,,,,,,,,,,,,,,,,,,,,,,,,,,,,2019-02-23 07:19:20+00:00,2019-02-23 07:19:20+00:00,0,9287,88,那覇,2026-10-01T20:50:19.593663
2019,2019022303,2019-02-23 13:01:00+09:00,74418776,520405.0,1,5,オープン戦,5.0,5回裏,4,梅木,川口,名幸,秋村,,,1,1,巨人,G,,376,楽天,E,,,,,,,5球目:ワンバウンドした球を空振り三振 3アウトチェンジ,5 Tamame: One Bound Shita Tama wo Karaburi Sanshin 3 Out Change,,,,,5,,,,,,,,,,,,,,,,,,,,,,,,,,,,,,,,,,,,,,,,,,,,,,,,2019-02-23 07:19:20+00:00,2019-02-23 07:19:20+00:00,0,9287,88,那覇,2026-10-01T20:50:19.593663
2019,2019022303,2019-02-23 13:01:00+09:00,74418777,610100.0,1,5,オープン戦,6.0,6回表,1,梅木,川口,名幸,秋村,,,1,1,巨人,G,,376,楽天,E,,,,,,,6回表 巨1-3楽　楽天は4番ブラッシュからの攻撃,6 Kai Hyou Kyo 1-3 Raku Rakuten wa 4 Ban Blush kara no Kougeki,,,,,0,,,,,,,,,,,,,,,,,,,,,,,,,,,,,,,,,,,,,,,,,,,,,,,,2019-02-23 07:19:20+00:00,2019-02-23 07:19:20+00:00,0,9287,88,那覇,2026-10-01T20:50:19.593663
2019,2019022303,2019-02-23 13:01:00+09:00,74418778,610100.0,1,5,オープン戦,6.0,6回表,1,梅木,川口,名幸,秋村,,,1,1,巨人,G,,376,楽天,E,,,,,,,守備交代:セカンド田中俊　守備交代:キャッチャー小林　守備交代:ショート山本　守備変更:立岡→センター,Shubi Koutai: Sekando Tanaka Shun Shubi Koutai: Catcher Kobayashi Shubi Koutai: Short Yamamoto Shubi Henkou: RioOka Center,,,,,0,,,,,,,,,,,,,,,,,,,,,,,,,,,,,,,,,,,,,,,,,,,,,,,,2019-02-23 07:19:20+00:00,2019-02-23 07:19:20+00:00,0,9287,88,那覇,2026-10-01T20:50:19.593663
2019,2019022303,2019-02-23 13:01:00+09:00,74418779,610100.0,1,5,オープン戦,6.0,6回表,1,梅木,川口,名幸,秋村,,,1,1,巨人,G,,376,楽天,E,,,,,,,＜4番：ブラッシュ＞無死走者なし,<4 Ban: Blush> Mushi Sousha Nashi,,,,,0,,,,,,,,,,,,,,,,,,,,,,,,,,,,,,,,,,,,,,,,,,,,,,,,2019-02-23 07:19:20+00:00,2019-02-23 07:19:20+00:00,0,9287,88,那覇,2026-10-01T20:50:19.593663
2019,2019022303,2019-02-23 13:01:00+09:00,74418780,610101.0,1,5,オープン戦,6.0,6回表,1,梅木,川口,名幸,秋村,,,1,1,巨人,G,,376,楽天,E,,,,,,,1球目:つまった打球はショートへの平凡なゴロとなる 1アウト,1 Tamame: Tsumatta Dakyuu wa Short e no Heibon na Grounder to Naru 1 Out,,,,,1,,,,,,,,,,,,,,,,,,,,,,,,,,,,,,,,,,,,,,,,,,,,,,,,2019-02-23 07:19:20+00:00,2019-02-23 07:19:20+00:00,0,9287,88,那覇,2026-10-01T20:50:19.593663
2019,2019022303,2019-02-23 13:01:00+09:00,74418781,610200.0,1,5,オープン戦,6.0,6回表,2,梅木,川口,名幸,秋村,,,1,1,巨人,G,,376,楽天,E,,,,,,,＜5番：島内＞一死走者なし,<5 Ban: Tounai> Ichi Shi Sousha Nashi,,,,,0,,,,,,,,,,,,,,,,,,,,,,,,,,,,,,,,,,,,,,,,,,,,,,,,2019-02-23 07:19:20+00:00,2019-02-23 07:19:20+00:00,0,9287,88,那覇,2026-10-01T20:50:19.593663
2019,2019022303,2019-02-23 13:01:00+09:00,74418782,610201.0,1,5,オープン戦,6.0,6回表,2,梅木,川口,名幸,秋村,,,1,1,巨人,G,,376,楽天,E,,,,,,,1球目:外角高めのストレートを見逃してボール 1-0,1 Tamame: Gaikaku Takame no Straight wo Minogashite Ball 1-0,,,,,1,,,,,,,,,,,,,,,,,,,,,,,,,,,,,,,,,,,,,,,,,,,,,,,,2019-02-23 07:19:20+00:00,2019-02-23 07:19:20+00:00,0,9287,88,那覇,2026-10-01T20:50:19.593663
2019,2019022303,2019-02-23 13:01:00+09:00,74418783,610202.0,1,5,オープン戦,6.0,6回表,2,梅木,川口,名幸,秋村,,,1,1,巨人,G,,376,楽天,E,,,,,,,2球目:サードへの内野安打 1塁,2 Tamame: Third e no Naiya Anda 1 Rui,,,,,2,,,,,,,,,,,,,,,,,,,,,,,,,,,,,,,,,,,,,,,,,,,,,,,,2019-02-23 07:19:20+00:00,2019-02-23 07:19:20+00:00,0,9287,88,那覇,2026-10-01T20:50:19.593663
2019,2019022303,2019-02-23 13:01:00+09:00,74418784,610300.0,1,5,オープン戦,6.0,6回表,3,梅木,川口,名幸,秋村,,,1,1,巨人,G,,376,楽天,E,,,,,,,1塁島内→代走:辰己,1 Rui Tounai Daisou: Tatsumi,,,,,0,,,,,,,,,,,,,,,,,,,,,,,,,,,,,,,,,,,,,,,,,,,,,,,,2019-02-23 07:19:20+00:00,2019-02-23 07:19:20+00:00,0,9287,88,那覇,2026-10-01T20:50:19.593663
2019,2019022303,2019-02-23 13:01:00+09:00,74418785,610300.0,1,5,オープン戦,6.0,6回表,3,梅木,川口,名幸,秋村,,,1,1,巨人,G,,376,楽天,E,,,,,,,＜6番：内田＞一死1塁,<6 Ban: Uchida> Ichi Shi 1 Rui,,,,,0,,,,,,,,,,,,,,,,,,,,,,,,,,,,,,,,,,,,,,,,,,,,,,,,2019-02-23 07:19:20+00:00,2019-02-23 07:19:20+00:00,0,9287,88,那覇,2026-10-01T20:50:19.593663
2019,2019022303,2019-02-23 13:01:00+09:00,74418786,610300.0,1,5,オープン戦,6.0,6回表,3,梅木,川口,名幸,秋村,,,1,1,巨人,G,,376,楽天,E,,,,,,,1塁けん制:ランナー辰己帰塁,1 Rui Kensei: Runner Tatsumi Kirui,,,,,0,,,,,,,,,,,,,,,,,,,,,,,,,,,,,,,,,,,,,,,,,,,,,,,,2019-02-23 07:19:20+00:00,2019-02-23 07:19:20+00:00,0,9287,88,那覇,2026-10-01T20:50:19.593663
2019,2019022303,2019-02-23 13:01:00+09:00,74418787,610301.0,1,5,オープン戦,6.0,6回表,3,梅木,川口,名幸,秋村,,,1,1,巨人,G,,376,楽天,E,,,,,,,1球目:97キロのスローカーブを見逃してボール 1-0,1 Tamame:97 Kilo no Slow Curve wo Minogashite Ball 1-0,,,,,1,,,,,,,,,,,,,,,,,,,,,,,,,,,,,,,,,,,,,,,,,,,,,,,,2019-02-23 07:19:20+00:00,2019-02-23 07:19:20+00:00,0,9287,88,那覇,2026-10-01T20:50:19.593663
2019,2019022303,2019-02-23 13:01:00+09:00,74418788,610302.0,1,5,オープン戦,6.0,6回表,3,梅木,川口,名幸,秋村,,,1,1,巨人,G,,376,楽天,E,,,,,,,2球目:外角高め117キロのスライダーを見逃してボール 2-0,2 Tamame: Gaikaku Takame 117 Kilo no Slider wo Minogashite Ball 2-0,,,,,2,,,,,,,,,,,,,,,,,,,,,,,,,,,,,,,,,,,,,,,,,,,,,,,,2019-02-23 07:19:20+00:00,2019-02-23 07:19:20+00:00,0,9287,88,那覇,2026-10-01T20:50:19.593663
2019,2019022303,2019-02-23 13:01:00+09:00,74418789,610300.0,1,5,オープン戦,6.0,6回表,3,梅木,川口,名幸,秋村,,,1,1,巨人,G,,376,楽天,E,,,,,,,1塁けん制:ランナー辰己帰塁,1 Rui Kensei: Runner Tatsumi Kirui,,,,,0,,,,,,,,,,,,,,,,,,,,,,,,,,,,,,,,,,,,,,,,,,,,,,,,2019-02-23 07:19:20+00:00,2019-02-23 07:19:20+00:00,0,9287,88,那覇,2026-10-01T20:50:19.593663
2019,2019022303,2019-02-23 13:01:00+09:00,74418790,610303.0,1,5,オープン戦,6.0,6回表,3,梅木,川口,名幸,秋村,,,1,1,巨人,G,,376,楽天,E,,,,,,,3球目:2-0からレフトへタイムリーツーベース！ 巨1-4楽 2塁,3 Tamame:2-0 kara Left e Timely Two Base! Kyo 1-4gaku 2 Rui,,,,,3,,,,,,,,,,,,,,,,,,,,,,,,,,,,,,,,,,,,,,,,,,,,,,,,2019-02-23 07:19:20+00:00,2019-02-23 07:19:20+00:00,0,9287,88,那覇,2026-10-01T20:50:19.593663
2019,2019022303,2019-02-23 13:01:00+09:00,74418791,610400.0,1,5,オープン戦,6.0,6回表,4,梅木,川口,名幸,秋村,,,1,1,巨人,G,,376,楽天,E,,,,,,,＜7番：銀次＞一死2塁,<7 Ban: Ginji> Ichi Shi 2 Rui,,,,,0,,,,,,,,,,,,,,,,,,,,,,,,,,,,,,,,,,,,,,,,,,,,,,,,2019-02-23 07:19:20+00:00,2019-02-23 07:19:20+00:00,0,9287,88,那覇,2026-10-01T20:50:19.593663
2019,2019022303,2019-02-23 13:01:00+09:00,74418792,610401.0,1,5,オープン戦,6.0,6回表,4,梅木,川口,名幸,秋村,,,1,1,巨人,G,,376,楽天,E,,,,,,,1球目:内角高めのシュートを見逃してボール 1-0,1 Tamame: Naikaku Takame no Shoot wo Minogashite Ball 1-0,,,,,1,,,,,,,,,,,,,,,,,,,,,,,,,,,,,,,,,,,,,,,,,,,,,,,,2019-02-23 07:19:20+00:00,2019-02-23 07:19:20+00:00,0,9287,88,那覇,2026-10-01T20:50:19.593663
2019,2019022303,2019-02-23 13:01:00+09:00,74418793,610402.0,1,5,オープン戦,6.0,6回表,4,梅木,川口,名幸,秋村,,,1,1,巨人,G,,376,楽天,E,,,,,,,2球目:内角高めのシュートを空振りストライク 1-1,2 Tamame: Naikaku Takame no Shoot wo Karaburi Strike 1-1,,,,,2,,,,,,,,,,,,,,,,,,,,,,,,,,,,,,,,,,,,,,,,,,,,,,,,2019-02-23 07:19:20+00:00,2019-02-23 07:19:20+00:00,0,9287,88,那覇,2026-10-01T20:50:19.593663
2019,2019022303,2019-02-23 13:01:00+09:00,74418794,610403.0,1,5,オープン戦,6.0,6回表,4,梅木,川口,名幸,秋村,,,1,1,巨人,G,,376,楽天,E,,,,,,,3球目:内角高め135キロのシュートを打ってファウル 1-2,3 Tamame: Naikaku Takame 135 Kilo no Shoot wo Utte Foul 1-2,,,,,3,,,,,,,,,,,,,,,,,,,,,,,,,,,,,,,,,,,,,,,,,,,,,,,,2019-02-23 07:19:20+00:00,2019-02-23 07:19:20+00:00,0,9287,88,那覇,2026-10-01T20:50:19.593663
2019,2019022303,2019-02-23 13:01:00+09:00,74418795,610404.0,1,5,オープン戦,6.0,6回表,4,梅木,川口,名幸,秋村,,,1,1,巨人,G,,376,楽天,E,,,,,,,4球目:ハーフスイングを取られて空振り三振でバッターアウト 2アウト,4 Tamame: Half Swing wo Torarete Karaburi Sanshin de Batter Out 2 Out,,,,,4,,,,,,,,,,,,,,,,,,,,,,,,,,,,,,,,,,,,,,,,,,,,,,,,2019-02-23 07:19:20+00:00,2019-02-23 07:19:20+00:00,0,9287,88,那覇,2026-10-01T20:50:19.593663
2019,2019022303,2019-02-23 13:01:00+09:00,74418796,610500.0,1,5,オープン戦,6.0,6回表,5,梅木,川口,名幸,秋村,,,1,1,巨人,G,,376,楽天,E,,,,,,,＜8番：太田＞二死2塁,<8 Ban: Oota> Ni Shi 2 Rui,,,,,0,,,,,,,,,,,,,,,,,,,,,,,,,,,,,,,,,,,,,,,,,,,,,,,,2019-02-23 07:19:20+00:00,2019-02-23 07:19:20+00:00,0,9287,88,那覇,2026-10-01T20:50:19.593663
2019,2019022303,2019-02-23 13:01:00+09:00,74418797,610501.0,1,5,オープン戦,6.0,6回表,5,梅木,川口,名幸,秋村,,,1,1,巨人,G,,376,楽天,E,,,,,,,1球目:93キロのスローカーブを見逃してボール 1-0,1 Tamame:93 Kilo no Slow Curve wo Minogashite Ball 1-0,,,,,1,,,,,,,,,,,,,,,,,,,,,,,,,,,,,,,,,,,,,,,,,,,,,,,,2019-02-23 07:19:20+00:00,2019-02-23 07:19:20+00:00,0,9287,88,那覇,2026-10-01T20:50:19.593663
2019,2019022303,2019-02-23 13:01:00+09:00,74418798,610502.0,1,5,オープン戦,6.0,6回表,5,梅木,川口,名幸,秋村,,,1,1,巨人,G,,376,楽天,E,,,,,,,2球目:内角高めの変化球を見逃してストライク 1-1,2 Tamame: Naikaku Takame no Henka Kyuu wo Minogashite Strike 1-1,,,,,2,,,,,,,,,,,,,,,,,,,,,,,,,,,,,,,,,,,,,,,,,,,,,,,,2019-02-23 07:19:20+00:00,2019-02-23 07:19:20+00:00,0,9287,88,那覇,2026-10-01T20:50:19.593663
2019,2019022303,2019-02-23 13:01:00+09:00,74418799,610503.0,1,5,オープン戦,6.0,6回表,5,梅木,川口,名幸,秋村,,,1,1,巨人,G,,376,楽天,E,,,,,,,3球目:ランナー2塁の1-1からセンターへのタイムリーヒット 巨1-5楽 1塁,3 Tamame: Runner 2 Rui no 1-1 kara Center e no Timely Hit Kyo 1-5gaku 1 Rui,,,,,3,,,,,,,,,,,,,,,,,,,,,,,,,,,,,,,,,,,,,,,,,,,,,,,,2019-02-23 07:19:20+00:00,2019-02-23 07:19:20+00:00,0,9287,88,那覇,2026-10-01T20:50:19.593663
2019,2019022303,2019-02-23 13:01:00+09:00,74418800,610600.0,1,5,オープン戦,6.0,6回表,6,梅木,川口,名幸,秋村,,,1,1,巨人,G,,376,楽天,E,,,,,,,＜9番：渡邊佳＞二死1塁,<9 Ban: Watanabe Kei> Ni Shi 1 Rui,,,,,0,,,,,,,,,,,,,,,,,,,,,,,,,,,,,,,,,,,,,,,,,,,,,,,,2019-02-23 07:19:20+00:00,2019-02-23 07:19:20+00:00,0,9287,88,那覇,2026-10-01T20:50:19.593663
2019,2019022303,2019-02-23 13:01:00+09:00,74418801,610601.0,1,5,オープン戦,6.0,6回表,6,梅木,川口,名幸,秋村,,,1,1,巨人,G,,376,楽天,E,,,,,,,1球目:138キロのストレートを見逃してストライク 0-1,1 Tamame:138 Kilo no Straight wo Minogashite Strike 0-1,,,,,1,,,,,,,,,,,,,,,,,,,,,,,,,,,,,,,,,,,,,,,,,,,,,,,,2019-02-23 07:19:20+00:00,2019-02-23 07:19:20+00:00,0,9287,88,那覇,2026-10-01T20:50:19.593663
2019,2019022303,2019-02-23 13:01:00+09:00,74418802,610602.0,1,5,オープン戦,6.0,6回表,6,梅木,川口,名幸,秋村,,,1,1,巨人,G,,376,楽天,E,,,,,,,2球目:外角低めのストレートを見逃してボール 1-1,2 Tamame: Gaikaku Hikume no Straight wo Minogashite Ball 1-1,,,,,2,,,,,,,,,,,,,,,,,,,,,,,,,,,,,,,,,,,,,,,,,,,,,,,,2019-02-23 07:19:20+00:00,2019-02-23 07:19:20+00:00,0,9287,88,那覇,2026-10-01T20:50:19.593663
2019,2019022303,2019-02-23 13:01:00+09:00,74418803,610603.0,1,5,オープン戦,6.0,6回表,6,梅木,川口,名幸,秋村,,,1,1,巨人,G,,376,楽天,E,,,,,,,3球目:外角低めのシュートを打ってファウル 1-2,3 Tamame: Gaikaku Hikume no Shoot wo Utte Foul 1-2,,,,,3,,,,,,,,,,,,,,,,,,,,,,,,,,,,,,,,,,,,,,,,,,,,,,,,2019-02-23 07:19:20+00:00,2019-02-23 07:19:20+00:00,0,9287,88,那覇,2026-10-01T20:50:19.593663
2019,2019022303,2019-02-23 13:01:00+09:00,74418804,610604.0,1,5,オープン戦,6.0,6回表,6,梅木,川口,名幸,秋村,,,1,1,巨人,G,,376,楽天,E,,,,,,,4球目:外角のスライダーを打ってファウル 1-2,4 Tamame: Gaikaku no Slider wo Utte Foul 1-2,,,,,4,,,,,,,,,,,,,,,,,,,,,,,,,,,,,,,,,,,,,,,,,,,,,,,,2019-02-23 07:19:20+00:00,2019-02-23 07:19:20+00:00,0,9287,88,那覇,2026-10-01T20:50:19.593663
2019,2019022303,2019-02-23 13:01:00+09:00,74418805,610605.0,1,5,オープン戦,6.0,6回表,6,梅木,川口,名幸,秋村,,,1,1,巨人,G,,376,楽天,E,,,,,,,5球目:見逃し三振 3アウトチェンジ,5 Tamame: Minogashi Sanshin 3 Out Change,,,,,5,,,,,,,,,,,,,,,,,,,,,,,,,,,,,,,,,,,,,,,,,,,,,,,,2019-02-23 07:19:20+00:00,2019-02-23 07:19:20+00:00,0,9287,88,那覇,2026-10-01T20:50:19.593663
2019,2019022303,2019-02-23 13:01:00+09:00,74418806,620100.0,1,5,オープン戦,6.0,6回裏,1,梅木,川口,名幸,秋村,,,1,1,巨人,G,,376,楽天,E,,,,,,,6回裏 巨1-5楽　巨人は5番ビヤヌエバからの攻撃,6 Kai Ura Kyo 1-5 Raku Kyojin wa 5 Ban Beer Nueva kara no Kougeki,,,,,0,,,,,,,,,,,,,,,,,,,,,,,,,,,,,,,,,,,,,,,,,,,,,,,,2019-02-23 07:19:20+00:00,2019-02-23 07:19:20+00:00,0,9287,88,那覇,2026-10-01T20:50:19.593663
2019,2019022303,2019-02-23 13:01:00+09:00,74418807,620100.0,1,5,オープン戦,6.0,6回裏,1,梅木,川口,名幸,秋村,,,1,1,巨人,G,,376,楽天,E,,,,,,,投手交代:石橋→濱矢　守備変更:オコエライト→レフト　守備変更:辰己→ライト,Toushu Koutai: Ishibashi Hama Ya Shubi Henkou: Okoeraito Left Shubi Henkou: Tatsumi Raito,,,,,0,,,,,,,,,,,,,,,,,,,,,,,,,,,,,,,,,,,,,,,,,,,,,,,,2019-02-23 07:19:20+00:00,2019-02-23 07:19:20+00:00,0,9287,88,那覇,2026-10-01T20:50:19.593663
2019,2019022303,2019-02-23 13:01:00+09:00,74418808,620100.0,1,5,オープン戦,6.0,6回裏,1,梅木,川口,名幸,秋村,,,1,1,巨人,G,,376,楽天,E,,,,,,,＜5番：ビヤヌエバ＞無死走者なし,<5 Ban: Beer Nueva> Mushi Sousha Nashi,,,,,0,,,,,,,,,,,,,,,,,,,,,,,,,,,,,,,,,,,,,,,,,,,,,,,,2019-02-23 07:19:20+00:00,2019-02-23 07:19:20+00:00,0,9287,88,那覇,2026-10-01T20:50:19.593663
2019,2019022303,2019-02-23 13:01:00+09:00,74418809,620101.0,1,5,オープン戦,6.0,6回裏,1,梅木,川口,名幸,秋村,,,1,1,巨人,G,,376,楽天,E,,,,,,,1球目:ワンバウンドのフォークを見逃してボール 1-0,1 Tamame: One Bound no Fork wo Minogashite Ball 1-0,,,,,1,,,,,,,,,,,,,,,,,,,,,,,,,,,,,,,,,,,,,,,,,,,,,,,,2019-02-23 07:19:20+00:00,2019-02-23 07:19:20+00:00,0,9287,88,那覇,2026-10-01T20:50:19.593663
2019,2019022303,2019-02-23 13:01:00+09:00,74418810,620102.0,1,5,オープン戦,6.0,6回裏,1,梅木,川口,名幸,秋村,,,1,1,巨人,G,,376,楽天,E,,,,,,,2球目:内角高め134キロのストレートを見逃してボール 2-0,2 Tamame: Naikaku Takame 134 Kilo no Straight wo Minogashite Ball 2-0,,,,,2,,,,,,,,,,,,,,,,,,,,,,,,,,,,,,,,,,,,,,,,,,,,,,,,2019-02-23 07:19:20+00:00,2019-02-23 07:19:20+00:00,0,9287,88,那覇,2026-10-01T20:50:19.593663
2019,2019022303,2019-02-23 13:01:00+09:00,74418811,620103.0,1,5,オープン戦,6.0,6回裏,1,梅木,川口,名幸,秋村,,,1,1,巨人,G,,376,楽天,E,,,,,,,3球目:外角低め141キロのストレートを打ってファウル 2-1,3 Tamame: Gaikaku Hikume 141 Kilo no Straight wo Utte Foul 2-1,,,,,3,,,,,,,,,,,,,,,,,,,,,,,,,,,,,,,,,,,,,,,,,,,,,,,,2019-02-23 07:19:20+00:00,2019-02-23 07:19:20+00:00,0,9287,88,那覇,2026-10-01T20:50:19.593663
2019,2019022303,2019-02-23 13:01:00+09:00,74418812,620104.0,1,5,オープン戦,6.0,6回裏,1,梅木,川口,名幸,秋村,,,1,1,巨人,G,,376,楽天,E,,,,,,,4球目:内角低め136キロのストレートを見逃してボール 3-1,4 Tamame: Naikaku Hikume 136 Kilo no Straight wo Minogashite Ball 3-1,,,,,4,,,,,,,,,,,,,,,,,,,,,,,,,,,,,,,,,,,,,,,,,,,,,,,,2019-02-23 07:19:20+00:00,2019-02-23 07:19:20+00:00,0,9287,88,那覇,2026-10-01T20:50:19.593663
2019,2019022303,2019-02-23 13:01:00+09:00,74418813,620105.0,1,5,オープン戦,6.0,6回裏,1,梅木,川口,名幸,秋村,,,1,1,巨人,G,,376,楽天,E,,,,,,,5球目:内角のストレートを打つもレフトフライ 1アウト,5 Tamame: Naikaku no Straight wo Utsu mo Left Fly 1 Out,,,,,5,,,,,,,,,,,,,,,,,,,,,,,,,,,,,,,,,,,,,,,,,,,,,,,,2019-02-23 07:19:20+00:00,2019-02-23 07:19:20+00:00,0,9287,88,那覇,2026-10-01T20:50:19.593663
2019,2019022303,2019-02-23 13:01:00+09:00,74418814,620200.0,1,5,オープン戦,6.0,6回裏,2,梅木,川口,名幸,秋村,,,1,1,巨人,G,,376,楽天,E,,,,,,,＜6番：陽＞一死走者なし,<6 Ban: You> Ichi Shi Sousha Nashi,,,,,0,,,,,,,,,,,,,,,,,,,,,,,,,,,,,,,,,,,,,,,,,,,,,,,,2019-02-23 07:19:20+00:00,2019-02-23 07:19:20+00:00,0,9287,88,那覇,2026-10-01T20:50:19.593663
2019,2019022303,2019-02-23 13:01:00+09:00,74418815,620201.0,1,5,オープン戦,6.0,6回裏,2,梅木,川口,名幸,秋村,,,1,1,巨人,G,,376,楽天,E,,,,,,,1球目:甘いストレートを見逃してストライク 0-1,1 Tamame: Amai Straight wo Minogashite Strike 0-1,,,,,1,,,,,,,,,,,,,,,,,,,,,,,,,,,,,,,,,,,,,,,,,,,,,,,,2019-02-23 07:19:20+00:00,2019-02-23 07:19:20+00:00,0,9287,88,那覇,2026-10-01T20:50:19.593663
2019,2019022303,2019-02-23 13:01:00+09:00,74418816,620202.0,1,5,オープン戦,6.0,6回裏,2,梅木,川口,名幸,秋村,,,1,1,巨人,G,,376,楽天,E,,,,,,,2球目:内角低めのスライダーを見逃してボール 1-1,2 Tamame: Naikaku Hikume no Slider wo Minogashite Ball 1-1,,,,,2,,,,,,,,,,,,,,,,,,,,,,,,,,,,,,,,,,,,,,,,,,,,,,,,2019-02-23 07:19:20+00:00,2019-02-23 07:19:20+00:00,0,9287,88,那覇,2026-10-01T20:50:19.593663
2019,2019022303,2019-02-23 13:01:00+09:00,74418817,620203.0,1,5,オープン戦,6.0,6回裏,2,梅木,川口,名幸,秋村,,,1,1,巨人,G,,376,楽天,E,,,,,,,3球目:カウント1-1から右中間へのホームラン 巨2-5楽,3 Tamame: Count 1-1 kara Uchuukan e no Home Run Kyo 2-5gaku,,,,,3,,,,,,,,,,,,,,,,,,,,,,,,,,,,,,,,,,,,,,,,,,,,,,,,2019-02-23 07:19:20+00:00,2019-02-23 07:19:20+00:00,0,9287,88,那覇,2026-10-01T20:50:19.593663
2019,2019022303,2019-02-23 13:01:00+09:00,74418818,620300.0,1,5,オープン戦,6.0,6回裏,3,梅木,川口,名幸,秋村,,,1,1,巨人,G,,376,楽天,E,,,,,,,＜7番：石川＞一死走者なし,<7 Ban: Ishikawa> Ichi Shi Sousha Nashi,,,,,0,,,,,,,,,,,,,,,,,,,,,,,,,,,,,,,,,,,,,,,,,,,,,,,,2019-02-23 07:19:20+00:00,2019-02-23 07:19:20+00:00,0,9287,88,那覇,2026-10-01T20:50:19.593663
2019,2019022303,2019-02-23 13:01:00+09:00,74418819,620301.0,1,5,オープン戦,6.0,6回裏,3,梅木,川口,名幸,秋村,,,1,1,巨人,G,,376,楽天,E,,,,,,,1球目:外角高め140キロのストレートを見逃してボール 1-0,1 Tamame: Gaikaku Takame 140 Kilo no Straight wo Minogashite Ball 1-0,,,,,1,,,,,,,,,,,,,,,,,,,,,,,,,,,,,,,,,,,,,,,,,,,,,,,,2019-02-23 07:19:20+00:00,2019-02-23 07:19:20+00:00,0,9287,88,那覇,2026-10-01T20:50:19.593663
2019,2019022303,2019-02-23 13:01:00+09:00,74418820,620302.0,1,5,オープン戦,6.0,6回裏,3,梅木,川口,名幸,秋村,,,1,1,巨人,G,,376,楽天,E,,,,,,,2球目:レフトへのヒットで出塁 1塁,2 Tamame: Left e no Hit de Shutsurui 1 Rui,,,,,2,,,,,,,,,,,,,,,,,,,,,,,,,,,,,,,,,,,,,,,,,,,,,,,,2019-02-23 07:19:20+00:00,2019-02-23 07:19:20+00:00,0,9287,88,那覇,2026-10-01T20:50:19.593663
2019,2019022303,2019-02-23 13:01:00+09:00,74418821,620400.0,1,5,オープン戦,6.0,6回裏,4,梅木,川口,名幸,秋村,,,1,1,巨人,G,,376,楽天,E,,,,,,,＜8番：北村＞一死1塁,<8 Ban: Kitamura> Ichi Shi 1 Rui,,,,,0,,,,,,,,,,,,,,,,,,,,,,,,,,,,,,,,,,,,,,,,,,,,,,,,2019-02-23 07:19:20+00:00,2019-02-23 07:19:20+00:00,0,9287,88,那覇,2026-10-01T20:50:19.593663
2019,2019022303,2019-02-23 13:01:00+09:00,74418822,620401.0,1,5,オープン戦,6.0,6回裏,4,梅木,川口,名幸,秋村,,,1,1,巨人,G,,376,楽天,E,,,,,,,1球目:高め134キロのストレートを見逃してボール 1-0,1 Tamame: Takame 134 Kilo no Straight wo Minogashite Ball 1-0,,,,,1,,,,,,,,,,,,,,,,,,,,,,,,,,,,,,,,,,,,,,,,,,,,,,,,2019-02-23 07:19:20+00:00,2019-02-23 07:19:20+00:00,0,9287,88,那覇,2026-10-01T20:50:19.593663
2019,2019022303,2019-02-23 13:01:00+09:00,74418823,620402.0,1,5,オープン戦,6.0,6回裏,4,梅木,川口,名幸,秋村,,,1,1,巨人,G,,376,楽天,E,,,,,,,2球目:内角のストレートを打ってファウル 1-1,2 Tamame: Naikaku no Straight wo Utte Foul 1-1,,,,,2,,,,,,,,,,,,,,,,,,,,,,,,,,,,,,,,,,,,,,,,,,,,,,,,2019-02-23 07:19:20+00:00,2019-02-23 07:19:20+00:00,0,9287,88,那覇,2026-10-01T20:50:19.593663
2019,2019022303,2019-02-23 13:01:00+09:00,74418824,620403.0,1,5,オープン戦,6.0,6回裏,4,梅木,川口,名幸,秋村,,,1,1,巨人,G,,376,楽天,E,,,,,,,3球目:外角低め136キロのストレートを見逃してストライク 1-2,3 Tamame: Gaikaku Hikume 136 Kilo no Straight wo Minogashite Strike 1-2,,,,,3,,,,,,,,,,,,,,,,,,,,,,,,,,,,,,,,,,,,,,,,,,,,,,,,2019-02-23 07:19:20+00:00,2019-02-23 07:19:20+00:00,0,9287,88,那覇,2026-10-01T20:50:19.593663
2019,2019022303,2019-02-23 13:01:00+09:00,74418825,620404.0,1,5,オープン戦,6.0,6回裏,4,梅木,川口,名幸,秋村,,,1,1,巨人,G,,376,楽天,E,,,,,,,4球目:外角低めのフォークを見逃してボール 2-2,4 Tamame: Gaikaku Hikume no Fork wo Minogashite Ball 2-2,,,,,4,,,,,,,,,,,,,,,,,,,,,,,,,,,,,,,,,,,,,,,,,,,,,,,,2019-02-23 07:19:20+00:00,2019-02-23 07:19:20+00:00,0,9287,88,那覇,2026-10-01T20:50:19.593663
2019,2019022303,2019-02-23 13:01:00+09:00,74418826,620405.0,1,5,オープン戦,6.0,6回裏,4,梅木,川口,名幸,秋村,,,1,1,巨人,G,,376,楽天,E,,,,,,,5球目:外角低めの落ちる球を見逃してボール 3-2,5 Tamame: Gaikaku Hikume no Ochiru Tama wo Minogashite Ball 3-2,,,,,5,,,,,,,,,,,,,,,,,,,,,,,,,,,,,,,,,,,,,,,,,,,,,,,,2019-02-23 07:19:20+00:00,2019-02-23 07:19:20+00:00,0,9287,88,那覇,2026-10-01T20:50:19.593663
2019,2019022303,2019-02-23 13:01:00+09:00,74418827,620400.0,1,5,オープン戦,6.0,6回裏,4,梅木,川口,名幸,秋村,,,1,1,巨人,G,,376,楽天,E,,,,,,,1塁けん制:ランナー石川帰塁,1 Rui Kensei: Runner Ishikawa Kirui,,,,,0,,,,,,,,,,,,,,,,,,,,,,,,,,,,,,,,,,,,,,,,,,,,,,,,2019-02-23 07:19:20+00:00,2019-02-23 07:19:20+00:00,0,9287,88,那覇,2026-10-01T20:50:19.593663
2019,2019022303,2019-02-23 13:01:00+09:00,74418828,620406.0,1,5,オープン戦,6.0,6回裏,4,梅木,川口,名幸,秋村,,,1,1,巨人,G,,376,楽天,E,,,,,,,"6球目:ライトへのヒットを放つ 1,3塁","6 Tamame: Raito e no Hit wo Hanatsu 1,3 Rui",,,,,6,,,,,,,,,,,,,,,,,,,,,,,,,,,,,,,,,,,,,,,,,,,,,,,,2019-02-23 07:19:20+00:00,2019-02-23 07:19:20+00:00,0,9287,88,那覇,2026-10-01T20:50:19.593663
2019,2019022303,2019-02-23 13:01:00+09:00,74418829,620500.0,1,5,オープン戦,6.0,6回裏,5,梅木,川口,名幸,秋村,,,1,1,巨人,G,,376,楽天,E,,,,,,,"＜9番：山本＞一死1,3塁","<9 Ban: Yamamoto> Ichi Shi 1,3 Rui",,,,,0,,,,,,,,,,,,,,,,,,,,,,,,,,,,,,,,,,,,,,,,,,,,,,,,2019-02-23 07:19:20+00:00,2019-02-23 07:19:20+00:00,0,9287,88,那覇,2026-10-01T20:50:19.593663
2019,2019022303,2019-02-23 13:01:00+09:00,74418830,620501.0,1,5,オープン戦,6.0,6回裏,5,梅木,川口,名幸,秋村,,,1,1,巨人,G,,376,楽天,E,,,,,,,1球目:内角低めのストレートを見逃してストライク 0-1,1 Tamame: Naikaku Hikume no Straight wo Minogashite Strike 0-1,,,,,1,,,,,,,,,,,,,,,,,,,,,,,,,,,,,,,,,,,,,,,,,,,,,,,,2019-02-23 07:19:20+00:00,2019-02-23 07:19:20+00:00,0,9287,88,那覇,2026-10-01T20:50:19.593663
2019,2019022303,2019-02-23 13:01:00+09:00,74418831,620502.0,1,5,オープン戦,6.0,6回裏,5,梅木,川口,名幸,秋村,,,1,1,巨人,G,,376,楽天,E,,,,,,,2球目:高め137キロのストレートを空振りストライク 0-2,2 Tamame: Takame 137 Kilo no Straight wo Karaburi Strike 0-2,,,,,2,,,,,,,,,,,,,,,,,,,,,,,,,,,,,,,,,,,,,,,,,,,,,,,,2019-02-23 07:19:20+00:00,2019-02-23 07:19:20+00:00,0,9287,88,那覇,2026-10-01T20:50:19.593663
2019,2019022303,2019-02-23 13:01:00+09:00,74418832,620503.0,1,5,オープン戦,6.0,6回裏,5,梅木,川口,名幸,秋村,,,1,1,巨人,G,,376,楽天,E,,,,,,,3球目:外角のフォークを見逃してボール 1-2,3 Tamame: Gaikaku no Fork wo Minogashite Ball 1-2,,,,,3,,,,,,,,,,,,,,,,,,,,,,,,,,,,,,,,,,,,,,,,,,,,,,,,2019-02-23 07:19:20+00:00,2019-02-23 07:19:20+00:00,0,9287,88,那覇,2026-10-01T20:50:19.593663
2019,2019022303,2019-02-23 13:01:00+09:00,74418833,620504.0,1,5,オープン戦,6.0,6回裏,5,梅木,川口,名幸,秋村,,,1,1,巨人,G,,376,楽天,E,,,,,,,"4球目:1アウト1,3塁の1-2からライトへの犠牲フライを放つ 巨3-5楽 2アウト1塁","4 Tamame:1 Out 1,3 Rui no 1-2 kara Raito e no Gisei Fly wo Hanatsu Kyo 3-5gaku 2 Out 1 Rui",,,,,4,,,,,,,,,,,,,,,,,,,,,,,,,,,,,,,,,,,,,,,,,,,,,,,,2019-02-23 07:19:20+00:00,2019-02-23 07:19:20+00:00,0,9287,88,那覇,2026-10-01T20:50:19.593663
2019,2019022303,2019-02-23 13:01:00+09:00,74418834,620600.0,1,5,オープン戦,6.0,6回裏,6,梅木,川口,名幸,秋村,,,1,1,巨人,G,,376,楽天,E,,,,,,,＜1番：田中俊＞二死1塁,<1 Ban: Tanaka Shun> Ni Shi 1 Rui,,,,,0,,,,,,,,,,,,,,,,,,,,,,,,,,,,,,,,,,,,,,,,,,,,,,,,2019-02-23 07:19:20+00:00,2019-02-23 07:19:20+00:00,0,9287,88,那覇,2026-10-01T20:50:19.593663
2019,2019022303,2019-02-23 13:01:00+09:00,74418835,620601.0,1,5,オープン戦,6.0,6回裏,6,梅木,川口,名幸,秋村,,,1,1,巨人,G,,376,楽天,E,,,,,,,1球目:外角低めの変化球を見逃してボール 1-0,1 Tamame: Gaikaku Hikume no Henka Kyuu wo Minogashite Ball 1-0,,,,,1,,,,,,,,,,,,,,,,,,,,,,,,,,,,,,,,,,,,,,,,,,,,,,,,2019-02-23 07:19:20+00:00,2019-02-23 07:19:20+00:00,0,9287,88,那覇,2026-10-01T20:50:19.593663
2019,2019022303,2019-02-23 13:01:00+09:00,74418836,620602.0,1,5,オープン戦,6.0,6回裏,6,梅木,川口,名幸,秋村,,,1,1,巨人,G,,376,楽天,E,,,,,,,2球目:外角のストレートを打ってファウル 1-1,2 Tamame: Gaikaku no Straight wo Utte Foul 1-1,,,,,2,,,,,,,,,,,,,,,,,,,,,,,,,,,,,,,,,,,,,,,,,,,,,,,,2019-02-23 07:19:20+00:00,2019-02-23 07:19:20+00:00,0,9287,88,那覇,2026-10-01T20:50:19.593663
2019,2019022303,2019-02-23 13:01:00+09:00,74418837,620603.0,1,5,オープン戦,6.0,6回裏,6,梅木,川口,名幸,秋村,,,1,1,巨人,G,,376,楽天,E,,,,,,,3球目:高め133キロのストレートを空振りストライク 1-2,3 Tamame: Takame 133 Kilo no Straight wo Karaburi Strike 1-2,,,,,3,,,,,,,,,,,,,,,,,,,,,,,,,,,,,,,,,,,,,,,,,,,,,,,,2019-02-23 07:19:20+00:00,2019-02-23 07:19:20+00:00,0,9287,88,那覇,2026-10-01T20:50:19.593663
2019,2019022303,2019-02-23 13:01:00+09:00,74418838,620604.0,1,5,オープン戦,6.0,6回裏,6,梅木,川口,名幸,秋村,,,1,1,巨人,G,,376,楽天,E,,,,,,,4球目:ワンバウンドのスライダーを見逃してボール 2-2,4 Tamame: One Bound no Slider wo Minogashite Ball 2-2,,,,,4,,,,,,,,,,,,,,,,,,,,,,,,,,,,,,,,,,,,,,,,,,,,,,,,2019-02-23 07:19:20+00:00,2019-02-23 07:19:20+00:00,0,9287,88,那覇,2026-10-01T20:50:19.593663
2019,2019022303,2019-02-23 13:01:00+09:00,74418839,620605.0,1,5,オープン戦,6.0,6回裏,6,梅木,川口,名幸,秋村,,,1,1,巨人,G,,376,楽天,E,,,,,,,5球目:内角高め134キロのストレートを打ってファウル 2-2,5 Tamame: Naikaku Takame 134 Kilo no Straight wo Utte Foul 2-2,,,,,5,,,,,,,,,,,,,,,,,,,,,,,,,,,,,,,,,,,,,,,,,,,,,,,,2019-02-23 07:19:20+00:00,2019-02-23 07:19:20+00:00,0,9287,88,那覇,2026-10-01T20:50:19.593663
2019,2019022303,2019-02-23 13:01:00+09:00,74418840,620606.0,1,5,オープン戦,6.0,6回裏,6,梅木,川口,名幸,秋村,,,1,1,巨人,G,,376,楽天,E,,,,,,,6球目:高めの変化球を見逃してボール 3-2,6 Tamame: Takame no Henka Kyuu wo Minogashite Ball 3-2,,,,,6,,,,,,,,,,,,,,,,,,,,,,,,,,,,,,,,,,,,,,,,,,,,,,,,2019-02-23 07:19:20+00:00,2019-02-23 07:19:20+00:00,0,9287,88,那覇,2026-10-01T20:50:19.593663
2019,2019022303,2019-02-23 13:01:00+09:00,74418841,620607.0,1,5,オープン戦,6.0,6回裏,6,梅木,川口,名幸,秋村,,,1,1,巨人,G,,376,楽天,E,,,,,,,7球目:ショートゴロ 3アウトチェンジ,7 Tamame: Short Grounder 3 Out Change,,,,,7,,,,,,,,,,,,,,,,,,,,,,,,,,,,,,,,,,,,,,,,,,,,,,,,2019-02-23 07:19:20+00:00,2019-02-23 07:19:20+00:00,0,9287,88,那覇,2026-10-01T20:50:19.593663
2019,2019022303,2019-02-23 13:01:00+09:00,74418842,710100.0,1,5,オープン戦,7.0,7回表,1,梅木,川口,名幸,秋村,,,1,1,巨人,G,,376,楽天,E,,,,,,,7回表 巨3-5楽　楽天は1番オコエからの攻撃,7 Kai Hyou Kyo 3-5 Raku Rakuten wa 1 Ban Okoe kara no Kougeki,,,,,0,,,,,,,,,,,,,,,,,,,,,,,,,,,,,,,,,,,,,,,,,,,,,,,,2019-02-23 07:19:20+00:00,2019-02-23 07:19:20+00:00,0,9287,88,那覇,2026-10-01T20:50:19.593663
2019,2019022303,2019-02-23 13:01:00+09:00,74418843,710100.0,1,5,オープン戦,7.0,7回表,1,梅木,川口,名幸,秋村,,,1,1,巨人,G,,376,楽天,E,,,,,,,投手交代:今村→坂本工　守備変更:ビヤヌエバサード→ファースト　守備変更:北村ファースト→サード,Toushu Koutai: Imamura Sakamoto Takumi Shubi Henkou: Biyanuebasaado First Shubi Henkou: Kitamura First Third,,,,,0,,,,,,,,,,,,,,,,,,,,,,,,,,,,,,,,,,,,,,,,,,,,,,,,2019-02-23 07:19:20+00:00,2019-02-23 07:19:20+00:00,0,9287,88,那覇,2026-10-01T20:50:19.593663
2019,2019022303,2019-02-23 13:01:00+09:00,74418844,710100.0,1,5,オープン戦,7.0,7回表,1,梅木,川口,名幸,秋村,,,1,1,巨人,G,,376,楽天,E,,,,,,,＜1番：オコエ＞無死走者なし,<1 Ban: Okoe> Mushi Sousha Nashi,,,,,0,,,,,,,,,,,,,,,,,,,,,,,,,,,,,,,,,,,,,,,,,,,,,,,,2019-02-23 07:19:20+00:00,2019-02-23 07:19:20+00:00,0,9287,88,那覇,2026-10-01T20:50:19.593663
2019,2019022303,2019-02-23 13:01:00+09:00,74418845,710101.0,1,5,オープン戦,7.0,7回表,1,梅木,川口,名幸,秋村,,,1,1,巨人,G,,376,楽天,E,,,,,,,1球目:内角低めの落ちる球を見逃してボール 1-0,1 Tamame: Naikaku Hikume no Ochiru Tama wo Minogashite Ball 1-0,,,,,1,,,,,,,,,,,,,,,,,,,,,,,,,,,,,,,,,,,,,,,,,,,,,,,,2019-02-23 07:19:20+00:00,2019-02-23 07:19:20+00:00,0,9287,88,那覇,2026-10-01T20:50:19.593663
2019,2019022303,2019-02-23 13:01:00+09:00,74418846,710102.0,1,5,オープン戦,7.0,7回表,1,梅木,川口,名幸,秋村,,,1,1,巨人,G,,376,楽天,E,,,,,,,2球目:内角低めのスライダーを見逃してストライク 1-1,2 Tamame: Naikaku Hikume no Slider wo Minogashite Strike 1-1,,,,,2,,,,,,,,,,,,,,,,,,,,,,,,,,,,,,,,,,,,,,,,,,,,,,,,2019-02-23 07:19:20+00:00,2019-02-23 07:19:20+00:00,0,9287,88,那覇,2026-10-01T20:50:19.593663
2019,2019022303,2019-02-23 13:01:00+09:00,74418847,710103.0,1,5,オープン戦,7.0,7回表,1,梅木,川口,名幸,秋村,,,1,1,巨人,G,,376,楽天,E,,,,,,,3球目:ワンバウンドのスライダーを見逃してボール 2-1,3 Tamame: One Bound no Slider wo Minogashite Ball 2-1,,,,,3,,,,,,,,,,,,,,,,,,,,,,,,,,,,,,,,,,,,,,,,,,,,,,,,2019-02-23 07:19:20+00:00,2019-02-23 07:19:20+00:00,0,9287,88,那覇,2026-10-01T20:50:19.593663
2019,2019022303,2019-02-23 13:01:00+09:00,74418848,710104.0,1,5,オープン戦,7.0,7回表,1,梅木,川口,名幸,秋村,,,1,1,巨人,G,,376,楽天,E,,,,,,,4球目:内角低め123キロのスライダーを空振りストライク 2-2,4 Tamame: Naikaku Hikume 123 Kilo no Slider wo Karaburi Strike 2-2,,,,,4,,,,,,,,,,,,,,,,,,,,,,,,,,,,,,,,,,,,,,,,,,,,,,,,2019-02-23 07:19:20+00:00,2019-02-23 07:19:20+00:00,0,9287,88,那覇,2026-10-01T20:50:19.593663
2019,2019022303,2019-02-23 13:01:00+09:00,74418849,710105.0,1,5,オープン戦,7.0,7回表,1,梅木,川口,名幸,秋村,,,1,1,巨人,G,,376,楽天,E,,,,,,,5球目:内角のストレートを打つもレフトフライ 1アウト,5 Tamame: Naikaku no Straight wo Utsu mo Left Fly 1 Out,,,,,5,,,,,,,,,,,,,,,,,,,,,,,,,,,,,,,,,,,,,,,,,,,,,,,,2019-02-23 07:19:20+00:00,2019-02-23 07:19:20+00:00,0,9287,88,那覇,2026-10-01T20:50:19.593663
2019,2019022303,2019-02-23 13:01:00+09:00,74418850,710200.0,1,5,オープン戦,7.0,7回表,2,梅木,川口,名幸,秋村,,,1,1,巨人,G,,376,楽天,E,,,,,,,＜2番：田中＞一死走者なし,<2 Ban: Tanaka> Ichi Shi Sousha Nashi,,,,,0,,,,,,,,,,,,,,,,,,,,,,,,,,,,,,,,,,,,,,,,,,,,,,,,2019-02-23 07:19:20+00:00,2019-02-23 07:19:20+00:00,0,9287,88,那覇,2026-10-01T20:50:19.593663
2019,2019022303,2019-02-23 13:01:00+09:00,74418851,710201.0,1,5,オープン戦,7.0,7回表,2,梅木,川口,名幸,秋村,,,1,1,巨人,G,,376,楽天,E,,,,,,,1球目:セーフティバントを狙うもファウル 0-1,1 Tamame: Safety Bunt wo Nerau mo Foul 0-1,,,,,1,,,,,,,,,,,,,,,,,,,,,,,,,,,,,,,,,,,,,,,,,,,,,,,,2019-02-23 07:19:20+00:00,2019-02-23 07:19:20+00:00,0,9287,88,那覇,2026-10-01T20:50:19.593663
2019,2019022303,2019-02-23 13:01:00+09:00,74418852,710202.0,1,5,オープン戦,7.0,7回表,2,梅木,川口,名幸,秋村,,,1,1,巨人,G,,376,楽天,E,,,,,,,2球目:内角143キロのストレートを空振りストライク 0-2,2 Tamame: Naikaku 143 Kilo no Straight wo Karaburi Strike 0-2,,,,,2,,,,,,,,,,,,,,,,,,,,,,,,,,,,,,,,,,,,,,,,,,,,,,,,2019-02-23 07:19:20+00:00,2019-02-23 07:19:20+00:00,0,9287,88,那覇,2026-10-01T20:50:19.593663
2019,2019022303,2019-02-23 13:01:00+09:00,74418853,710203.0,1,5,オープン戦,7.0,7回表,2,梅木,川口,名幸,秋村,,,1,1,巨人,G,,376,楽天,E,,,,,,,3球目:ビヤヌエバ(一)のファンブルにより出塁する 1塁,3 Tamame: Beer Nueva (Ichi) no Fumble ni Yori Shutsurui Suru 1 Rui,,,,,3,,,,,,,,,,,,,,,,,,,,,,,,,,,,,,,,,,,,,,,,,,,,,,,,2019-02-23 07:19:20+00:00,2019-02-23 07:19:20+00:00,0,9287,88,那覇,2026-10-01T20:50:19.593663
2019,2019022303,2019-02-23 13:01:00+09:00,74418854,710300.0,1,5,オープン戦,7.0,7回表,3,梅木,川口,名幸,秋村,,,1,1,巨人,G,,376,楽天,E,,,,,,,＜3番：山崎＞一死1塁,<3 Ban: Yamazaki> Ichi Shi 1 Rui,,,,,0,,,,,,,,,,,,,,,,,,,,,,,,,,,,,,,,,,,,,,,,,,,,,,,,2019-02-23 07:19:20+00:00,2019-02-23 07:19:20+00:00,0,9287,88,那覇,2026-10-01T20:50:19.593663
2019,2019022303,2019-02-23 13:01:00+09:00,74418855,710301.0,1,5,オープン戦,7.0,7回表,3,梅木,川口,名幸,秋村,,,1,1,巨人,G,,376,楽天,E,,,,,,,1球目:内角高め142キロのストレートを見逃してストライク 0-1,1 Tamame: Naikaku Takame 142 Kilo no Straight wo Minogashite Strike 0-1,,,,,1,,,,,,,,,,,,,,,,,,,,,,,,,,,,,,,,,,,,,,,,,,,,,,,,2019-02-23 07:19:20+00:00,2019-02-23 07:19:20+00:00,0,9287,88,那覇,2026-10-01T20:50:19.593663
2019,2019022303,2019-02-23 13:01:00+09:00,74418856,710302.0,1,5,オープン戦,7.0,7回表,3,梅木,川口,名幸,秋村,,,1,1,巨人,G,,376,楽天,E,,,,,,,2球目:143キロのストレートを打つも自打球となりファウル 0-2,2 Tamame:143 Kilo no Straight wo Utsu mo Ji Dakyuu to Nari Foul 0-2,,,,,2,,,,,,,,,,,,,,,,,,,,,,,,,,,,,,,,,,,,,,,,,,,,,,,,2019-02-23 07:19:20+00:00,2019-02-23 07:19:20+00:00,0,9287,88,那覇,2026-10-01T20:50:19.593663
2019,2019022303,2019-02-23 13:01:00+09:00,74418857,710303.0,1,5,オープン戦,7.0,7回表,3,梅木,川口,名幸,秋村,,,1,1,巨人,G,,376,楽天,E,,,,,,,3球目:内角のスライダーに見逃し三振でバッターアウト！ 2アウト,3 Tamame: Naikaku no Slider ni Minogashi Sanshin de Batter Out! 2 Out,,,,,3,,,,,,,,,,,,,,,,,,,,,,,,,,,,,,,,,,,,,,,,,,,,,,,,2019-02-23 07:19:20+00:00,2019-02-23 07:19:20+00:00,0,9287,88,那覇,2026-10-01T20:50:19.593663
2019,2019022303,2019-02-23 13:01:00+09:00,74418858,710400.0,1,5,オープン戦,7.0,7回表,4,梅木,川口,名幸,秋村,,,1,1,巨人,G,,376,楽天,E,,,,,,,ブラッシュ→代打:卓丸,Blush Daida: Takumaru,,,,,0,,,,,,,,,,,,,,,,,,,,,,,,,,,,,,,,,,,,,,,,,,,,,,,,2019-02-23 07:19:20+00:00,2019-02-23 07:19:20+00:00,0,9287,88,那覇,2026-10-01T20:50:19.593663
2019,2019022303,2019-02-23 13:01:00+09:00,74418859,710400.0,1,5,オープン戦,7.0,7回表,4,梅木,川口,名幸,秋村,,,1,1,巨人,G,,376,楽天,E,,,,,,,＜代打：卓丸＞二死1塁,< Daida: Takumaru> Ni Shi 1 Rui,,,,,0,,,,,,,,,,,,,,,,,,,,,,,,,,,,,,,,,,,,,,,,,,,,,,,,2019-02-23 07:19:20+00:00,2019-02-23 07:19:20+00:00,0,9287,88,那覇,2026-10-01T20:50:19.593663
2019,2019022303,2019-02-23 13:01:00+09:00,74418860,710401.0,1,5,オープン戦,7.0,7回表,4,梅木,川口,名幸,秋村,,,1,1,巨人,G,,376,楽天,E,,,,,,,1球目:高めの変化球を見逃してストライク 0-1,1 Tamame: Takame no Henka Kyuu wo Minogashite Strike 0-1,,,,,1,,,,,,,,,,,,,,,,,,,,,,,,,,,,,,,,,,,,,,,,,,,,,,,,2019-02-23 07:19:20+00:00,2019-02-23 07:19:20+00:00,0,9287,88,那覇,2026-10-01T20:50:19.593663
2019,2019022303,2019-02-23 13:01:00+09:00,74418861,710400.0,1,5,オープン戦,7.0,7回表,4,梅木,川口,名幸,秋村,,,1,1,巨人,G,,376,楽天,E,,,,,,,1塁けん制:ランナー田中帰塁,1 Rui Kensei: Runner Tanaka Kirui,,,,,0,,,,,,,,,,,,,,,,,,,,,,,,,,,,,,,,,,,,,,,,,,,,,,,,2019-02-23 07:19:20+00:00,2019-02-23 07:19:20+00:00,0,9287,88,那覇,2026-10-01T20:50:19.593663
2019,2019022303,2019-02-23 13:01:00+09:00,74418862,710400.0,1,5,オープン戦,7.0,7回表,4,梅木,川口,名幸,秋村,,,1,1,巨人,G,,376,楽天,E,,,,,,,また1塁けん制:ランナー田中帰塁,Mata 1 Rui Kensei: Runner Tanaka Kirui,,,,,0,,,,,,,,,,,,,,,,,,,,,,,,,,,,,,,,,,,,,,,,,,,,,,,,2019-02-23 07:19:20+00:00,2019-02-23 07:19:20+00:00,0,9287,88,那覇,2026-10-01T20:50:19.593663
2019,2019022303,2019-02-23 13:01:00+09:00,74418863,710402.0,1,5,オープン戦,7.0,7回表,4,梅木,川口,名幸,秋村,,,1,1,巨人,G,,376,楽天,E,,,,,,,2球目:外角141キロのストレートを見逃してボール 1-1,2 Tamame: Gaikaku 141 Kilo no Straight wo Minogashite Ball 1-1,,,,,2,,,,,,,,,,,,,,,,,,,,,,,,,,,,,,,,,,,,,,,,,,,,,,,,2019-02-23 07:19:20+00:00,2019-02-23 07:19:20+00:00,0,9287,88,那覇,2026-10-01T20:50:19.593663
2019,2019022303,2019-02-23 13:01:00+09:00,74418864,710400.0,1,5,オープン戦,7.0,7回表,4,梅木,川口,名幸,秋村,,,1,1,巨人,G,,376,楽天,E,,,,,,,一塁走者田中:盗塁を試みるもアウト 3アウトチェンジ,Ichirui Sousha Tanaka: Tourui wo Kokoromiru mo Out 3 Out Change,,,,,0,,,,,,,,,,,,,,,,,,,,,,,,,,,,,,,,,,,,,,,,,,,,,,,,2019-02-23 07:19:20+00:00,2019-02-23 07:19:20+00:00,0,9287,88,那覇,2026-10-01T20:50:19.593663
2019,2019022303,2019-02-23 13:01:00+09:00,74418865,720100.0,1,5,オープン戦,7.0,7回裏,1,梅木,川口,名幸,秋村,,,1,1,巨人,G,,376,楽天,E,,,,,,,7回裏 巨3-5楽　巨人は2番立岡からの攻撃,7 Kai Ura Kyo 3-5 Raku Kyojin wa 2 Banritsu Oka kara no Kougeki,,,,,0,,,,,,,,,,,,,,,,,,,,,,,,,,,,,,,,,,,,,,,,,,,,,,,,2019-02-23 07:19:20+00:00,2019-02-23 07:19:20+00:00,0,9287,88,那覇,2026-10-01T20:50:19.593663
2019,2019022303,2019-02-23 13:01:00+09:00,74418866,720100.0,1,5,オープン戦,7.0,7回裏,1,梅木,川口,名幸,秋村,,,1,1,巨人,G,,376,楽天,E,,,,,,,＜2番：立岡＞無死走者なし,<2 Ban: RioOka> Mushi Sousha Nashi,,,,,0,,,,,,,,,,,,,,,,,,,,,,,,,,,,,,,,,,,,,,,,,,,,,,,,2019-02-23 07:19:20+00:00,2019-02-23 07:19:20+00:00,0,9287,88,那覇,2026-10-01T20:50:19.593663
2019,2019022303,2019-02-23 13:01:00+09:00,74418867,720101.0,1,5,オープン戦,7.0,7回裏,1,梅木,川口,名幸,秋村,,,1,1,巨人,G,,376,楽天,E,,,,,,,1球目:外角のストレートを見逃してストライク 0-1,1 Tamame: Gaikaku no Straight wo Minogashite Strike 0-1,,,,,1,,,,,,,,,,,,,,,,,,,,,,,,,,,,,,,,,,,,,,,,,,,,,,,,2019-02-23 07:19:20+00:00,2019-02-23 07:19:20+00:00,0,9287,88,那覇,2026-10-01T20:50:19.593663
2019,2019022303,2019-02-23 13:01:00+09:00,74418868,720102.0,1,5,オープン戦,7.0,7回裏,1,梅木,川口,名幸,秋村,,,1,1,巨人,G,,376,楽天,E,,,,,,,2球目:ど真ん中のフォークを打つもセカンドゴロ 1アウト,2 Tamame: Domannaka no Fork wo Utsu mo Sekando Grounder 1 Out,,,,,2,,,,,,,,,,,,,,,,,,,,,,,,,,,,,,,,,,,,,,,,,,,,,,,,2019-02-23 07:19:20+00:00,2019-02-23 07:19:20+00:00,0,9287,88,那覇,2026-10-01T20:50:19.593663
2019,2019022303,2019-02-23 13:01:00+09:00,74418869,720200.0,1,5,オープン戦,7.0,7回裏,2,梅木,川口,名幸,秋村,,,1,1,巨人,G,,376,楽天,E,,,,,,,＜3番：小林＞一死走者なし,<3 Ban: Kobayashi> Ichi Shi Sousha Nashi,,,,,0,,,,,,,,,,,,,,,,,,,,,,,,,,,,,,,,,,,,,,,,,,,,,,,,2019-02-23 07:19:20+00:00,2019-02-23 07:19:20+00:00,0,9287,88,那覇,2026-10-01T20:50:19.593663
2019,2019022303,2019-02-23 13:01:00+09:00,74418870,720201.0,1,5,オープン戦,7.0,7回裏,2,梅木,川口,名幸,秋村,,,1,1,巨人,G,,376,楽天,E,,,,,,,1球目:内角低めの変化球を見逃してボール 1-0,1 Tamame: Naikaku Hikume no Henka Kyuu wo Minogashite Ball 1-0,,,,,1,,,,,,,,,,,,,,,,,,,,,,,,,,,,,,,,,,,,,,,,,,,,,,,,2019-02-23 07:19:20+00:00,2019-02-23 07:19:20+00:00,0,9287,88,那覇,2026-10-01T20:50:19.593663
2019,2019022303,2019-02-23 13:01:00+09:00,74418871,720202.0,1,5,オープン戦,7.0,7回裏,2,梅木,川口,名幸,秋村,,,1,1,巨人,G,,376,楽天,E,,,,,,,2球目:外角のストレートを見逃してボール 2-0,2 Tamame: Gaikaku no Straight wo Minogashite Ball 2-0,,,,,2,,,,,,,,,,,,,,,,,,,,,,,,,,,,,,,,,,,,,,,,,,,,,,,,2019-02-23 07:19:20+00:00,2019-02-23 07:19:20+00:00,0,9287,88,那覇,2026-10-01T20:50:19.593663
2019,2019022303,2019-02-23 13:01:00+09:00,74418872,720203.0,1,5,オープン戦,7.0,7回裏,2,梅木,川口,名幸,秋村,,,1,1,巨人,G,,376,楽天,E,,,,,,,3球目:ショートゴロ 2アウト,3 Tamame: Short Grounder 2 Out,,,,,3,,,,,,,,,,,,,,,,,,,,,,,,,,,,,,,,,,,,,,,,,,,,,,,,2019-02-23 07:19:20+00:00,2019-02-23 07:19:20+00:00,0,9287,88,那覇,2026-10-01T20:50:19.593663
2019,2019022303,2019-02-23 13:01:00+09:00,74418873,720300.0,1,5,オープン戦,7.0,7回裏,3,梅木,川口,名幸,秋村,,,1,1,巨人,G,,376,楽天,E,,,,,,,ゲレーロ→代打:阿部,Gereero Daida: Abe,,,,,0,,,,,,,,,,,,,,,,,,,,,,,,,,,,,,,,,,,,,,,,,,,,,,,,2019-02-23 07:19:20+00:00,2019-02-23 07:19:20+00:00,0,9287,88,那覇,2026-10-01T20:50:19.593663
2019,2019022303,2019-02-23 13:01:00+09:00,74418874,720300.0,1,5,オープン戦,7.0,7回裏,3,梅木,川口,名幸,秋村,,,1,1,巨人,G,,376,楽天,E,,,,,,,＜代打：阿部＞二死走者なし,< Daida: Abe> Ni Shi Sousha Nashi,,,,,0,,,,,,,,,,,,,,,,,,,,,,,,,,,,,,,,,,,,,,,,,,,,,,,,2019-02-23 07:19:20+00:00,2019-02-23 07:19:20+00:00,0,9287,88,那覇,2026-10-01T20:50:19.593663
2019,2019022303,2019-02-23 13:01:00+09:00,74418875,720301.0,1,5,オープン戦,7.0,7回裏,3,梅木,川口,名幸,秋村,,,1,1,巨人,G,,376,楽天,E,,,,,,,1球目:内角の真っ直ぐを打つもセンターフライ 3アウトチェンジ,1 Tamame: Naikaku no Massugu wo Utsu mo Center Fly 3 Out Change,,,,,1,,,,,,,,,,,,,,,,,,,,,,,,,,,,,,,,,,,,,,,,,,,,,,,,2019-02-23 07:19:20+00:00,2019-02-23 07:19:20+00:00,0,9287,88,那覇,2026-10-01T20:50:19.593663
2019,2019022303,2019-02-23 13:01:00+09:00,74418876,810100.0,1,5,オープン戦,8.0,8回表,1,梅木,川口,名幸,秋村,,,1,1,巨人,G,,376,楽天,E,,,,,,,8回表 巨3-5楽　楽天は4番卓丸からの攻撃,8 Kai Hyou Kyo 3-5 Raku Rakuten wa 4 Ban Takumaru kara no Kougeki,,,,,0,,,,,,,,,,,,,,,,,,,,,,,,,,,,,,,,,,,,,,,,,,,,,,,,2019-02-23 07:19:20+00:00,2019-02-23 07:19:20+00:00,0,9287,88,那覇,2026-10-01T20:50:19.593663
2019,2019022303,2019-02-23 13:01:00+09:00,74418877,810100.0,1,5,オープン戦,8.0,8回表,1,梅木,川口,名幸,秋村,,,1,1,巨人,G,,376,楽天,E,,,,,,,＜4番：卓丸＞無死走者なし,<4 Ban: Takumaru> Mushi Sousha Nashi,,,,,0,,,,,,,,,,,,,,,,,,,,,,,,,,,,,,,,,,,,,,,,,,,,,,,,2019-02-23 07:19:20+00:00,2019-02-23 07:19:20+00:00,0,9287,88,那覇,2026-10-01T20:50:19.593663
2019,2019022303,2019-02-23 13:01:00+09:00,74418878,810101.0,1,5,オープン戦,8.0,8回表,1,梅木,川口,名幸,秋村,,,1,1,巨人,G,,376,楽天,E,,,,,,,1球目:高め140キロのストレートにバットが止まらずストライク 0-1,1 Tamame: Takame 140 Kilo no Straight ni Batto ga Tomarazu Strike 0-1,,,,,1,,,,,,,,,,,,,,,,,,,,,,,,,,,,,,,,,,,,,,,,,,,,,,,,2019-02-23 07:19:20+00:00,2019-02-23 07:19:20+00:00,0,9287,88,那覇,2026-10-01T20:50:19.593663
2019,2019022303,2019-02-23 13:01:00+09:00,74418879,810102.0,1,5,オープン戦,8.0,8回表,1,梅木,川口,名幸,秋村,,,1,1,巨人,G,,376,楽天,E,,,,,,,2球目:内角低めのフォークを見逃してストライク 0-2,2 Tamame: Naikaku Hikume no Fork wo Minogashite Strike 0-2,,,,,2,,,,,,,,,,,,,,,,,,,,,,,,,,,,,,,,,,,,,,,,,,,,,,,,2019-02-23 07:19:20+00:00,2019-02-23 07:19:20+00:00,0,9287,88,那覇,2026-10-01T20:50:19.593663
2019,2019022303,2019-02-23 13:01:00+09:00,74418880,810103.0,1,5,オープン戦,8.0,8回表,1,梅木,川口,名幸,秋村,,,1,1,巨人,G,,376,楽天,E,,,,,,,3球目:外角高め123キロのスライダーを見逃してボール 1-2,3 Tamame: Gaikaku Takame 123 Kilo no Slider wo Minogashite Ball 1-2,,,,,3,,,,,,,,,,,,,,,,,,,,,,,,,,,,,,,,,,,,,,,,,,,,,,,,2019-02-23 07:19:20+00:00,2019-02-23 07:19:20+00:00,0,9287,88,那覇,2026-10-01T20:50:19.593663
2019,2019022303,2019-02-23 13:01:00+09:00,74418881,810104.0,1,5,オープン戦,8.0,8回表,1,梅木,川口,名幸,秋村,,,1,1,巨人,G,,376,楽天,E,,,,,,,4球目:空振りの三振を喫する 1アウト,4 Tamame: Karaburi no Sanshin wo Kissuru 1 Out,,,,,4,,,,,,,,,,,,,,,,,,,,,,,,,,,,,,,,,,,,,,,,,,,,,,,,2019-02-23 07:19:20+00:00,2019-02-23 07:19:20+00:00,0,9287,88,那覇,2026-10-01T20:50:19.593663
2019,2019022303,2019-02-23 13:01:00+09:00,74418882,810200.0,1,5,オープン戦,8.0,8回表,2,梅木,川口,名幸,秋村,,,1,1,巨人,G,,376,楽天,E,,,,,,,投手交代:坂本工→吉川光,Toushu Koutai: Sakamoto Takumi Yoshikawa Hikari,,,,,0,,,,,,,,,,,,,,,,,,,,,,,,,,,,,,,,,,,,,,,,,,,,,,,,2019-02-23 07:19:20+00:00,2019-02-23 07:19:20+00:00,0,9287,88,那覇,2026-10-01T20:50:19.593663
2019,2019022303,2019-02-23 13:01:00+09:00,74418883,810200.0,1,5,オープン戦,8.0,8回表,2,梅木,川口,名幸,秋村,,,1,1,巨人,G,,376,楽天,E,,,,,,,＜5番：辰己＞一死走者なし,<5 Ban: Tatsumi> Ichi Shi Sousha Nashi,,,,,0,,,,,,,,,,,,,,,,,,,,,,,,,,,,,,,,,,,,,,,,,,,,,,,,2019-02-23 07:19:20+00:00,2019-02-23 07:19:20+00:00,0,9287,88,那覇,2026-10-01T20:50:19.593663
2019,2019022303,2019-02-23 13:01:00+09:00,74418884,810201.0,1,5,オープン戦,8.0,8回表,2,梅木,川口,名幸,秋村,,,1,1,巨人,G,,376,楽天,E,,,,,,,1球目:高めのストレートを打ちにいくもファウル 0-1,1 Tamame: Takame no Straight wo Uchi ni Iku mo Foul 0-1,,,,,1,,,,,,,,,,,,,,,,,,,,,,,,,,,,,,,,,,,,,,,,,,,,,,,,2019-02-23 07:19:20+00:00,2019-02-23 07:19:20+00:00,0,9287,88,那覇,2026-10-01T20:50:19.593663
2019,2019022303,2019-02-23 13:01:00+09:00,74418885,810202.0,1,5,オープン戦,8.0,8回表,2,梅木,川口,名幸,秋村,,,1,1,巨人,G,,376,楽天,E,,,,,,,2球目:外角143キロのストレートを見逃してストライク 0-2,2 Tamame: Gaikaku 143 Kilo no Straight wo Minogashite Strike 0-2,,,,,2,,,,,,,,,,,,,,,,,,,,,,,,,,,,,,,,,,,,,,,,,,,,,,,,2019-02-23 07:19:20+00:00,2019-02-23 07:19:20+00:00,0,9287,88,那覇,2026-10-01T20:50:19.593663
2019,2019022303,2019-02-23 13:01:00+09:00,74418886,810203.0,1,5,オープン戦,8.0,8回表,2,梅木,川口,名幸,秋村,,,1,1,巨人,G,,376,楽天,E,,,,,,,3球目:高めのつり球には反応せずボール 1-2,3 Tamame: Takame no Tsuri Tama ni wa Hannou Sezu Ball 1-2,,,,,3,,,,,,,,,,,,,,,,,,,,,,,,,,,,,,,,,,,,,,,,,,,,,,,,2019-02-23 07:19:20+00:00,2019-02-23 07:19:20+00:00,0,9287,88,那覇,2026-10-01T20:50:19.593663
2019,2019022303,2019-02-23 13:01:00+09:00,74418887,810204.0,1,5,オープン戦,8.0,8回表,2,梅木,川口,名幸,秋村,,,1,1,巨人,G,,376,楽天,E,,,,,,,4球目:高めのカーブに見逃し三振 2アウト,4 Tamame: Takame no Curve ni Minogashi Sanshin 2 Out,,,,,4,,,,,,,,,,,,,,,,,,,,,,,,,,,,,,,,,,,,,,,,,,,,,,,,2019-02-23 07:19:20+00:00,2019-02-23 07:19:20+00:00,0,9287,88,那覇,2026-10-01T20:50:19.593663
2019,2019022303,2019-02-23 13:01:00+09:00,74418888,810300.0,1,5,オープン戦,8.0,8回表,3,梅木,川口,名幸,秋村,,,1,1,巨人,G,,376,楽天,E,,,,,,,＜6番：内田＞二死走者なし,<6 Ban: Uchida> Ni Shi Sousha Nashi,,,,,0,,,,,,,,,,,,,,,,,,,,,,,,,,,,,,,,,,,,,,,,,,,,,,,,2019-02-23 07:19:20+00:00,2019-02-23 07:19:20+00:00,0,9287,88,那覇,2026-10-01T20:50:19.593663
2019,2019022303,2019-02-23 13:01:00+09:00,74418889,810301.0,1,5,オープン戦,8.0,8回表,3,梅木,川口,名幸,秋村,,,1,1,巨人,G,,376,楽天,E,,,,,,,1球目:甘いカーブを見逃してストライク 0-1,1 Tamame: Amai Curve wo Minogashite Strike 0-1,,,,,1,,,,,,,,,,,,,,,,,,,,,,,,,,,,,,,,,,,,,,,,,,,,,,,,2019-02-23 07:19:20+00:00,2019-02-23 07:19:20+00:00,0,9287,88,那覇,2026-10-01T20:50:19.593663
2019,2019022303,2019-02-23 13:01:00+09:00,74418890,810302.0,1,5,オープン戦,8.0,8回表,3,梅木,川口,名幸,秋村,,,1,1,巨人,G,,376,楽天,E,,,,,,,2球目:外角高めのストレートを見逃してボール 1-1,2 Tamame: Gaikaku Takame no Straight wo Minogashite Ball 1-1,,,,,2,,,,,,,,,,,,,,,,,,,,,,,,,,,,,,,,,,,,,,,,,,,,,,,,2019-02-23 07:19:20+00:00,2019-02-23 07:19:20+00:00,0,9287,88,那覇,2026-10-01T20:50:19.593663
2019,2019022303,2019-02-23 13:01:00+09:00,74418891,810303.0,1,5,オープン戦,8.0,8回表,3,梅木,川口,名幸,秋村,,,1,1,巨人,G,,376,楽天,E,,,,,,,3球目:121キロのカーブを見逃してストライク 1-2,3 Tamame:121 Kilo no Curve wo Minogashite Strike 1-2,,,,,3,,,,,,,,,,,,,,,,,,,,,,,,,,,,,,,,,,,,,,,,,,,,,,,,2019-02-23 07:19:20+00:00,2019-02-23 07:19:20+00:00,0,9287,88,那覇,2026-10-01T20:50:19.593663
2019,2019022303,2019-02-23 13:01:00+09:00,74418892,810304.0,1,5,オープン戦,8.0,8回表,3,梅木,川口,名幸,秋村,,,1,1,巨人,G,,376,楽天,E,,,,,,,4球目:外角の真っ直ぐに空振り三振 3アウトチェンジ,4 Tamame: Gaikaku no Massugu ni Karaburi Sanshin 3 Out Change,,,,,4,,,,,,,,,,,,,,,,,,,,,,,,,,,,,,,,,,,,,,,,,,,,,,,,2019-02-23 07:19:20+00:00,2019-02-23 07:19:20+00:00,0,9287,88,那覇,2026-10-01T20:50:19.593663
2019,2019022303,2019-02-23 13:01:00+09:00,74418893,820100.0,1,5,オープン戦,8.0,8回裏,1,梅木,川口,名幸,秋村,,,1,1,巨人,G,,376,楽天,E,,,,,,,8回裏 巨3-5楽　巨人は5番ビヤヌエバからの攻撃,8 Kai Ura Kyo 3-5 Raku Kyojin wa 5 Ban Beer Nueva kara no Kougeki,,,,,0,,,,,,,,,,,,,,,,,,,,,,,,,,,,,,,,,,,,,,,,,,,,,,,,2019-02-23 07:19:20+00:00,2019-02-23 07:19:20+00:00,0,9287,88,那覇,2026-10-01T20:50:19.593663
2019,2019022303,2019-02-23 13:01:00+09:00,74418894,820100.0,1,5,オープン戦,8.0,8回裏,1,梅木,川口,名幸,秋村,,,1,1,巨人,G,,376,楽天,E,,,,,,,ピッチャー濱矢に代わって宋家豪がマウンドにあがる,Pitcher Hama Ya ni Kawatte Souka Gou ga Mound ni Agaru,,,,,0,,,,,,,,,,,,,,,,,,,,,,,,,,,,,,,,,,,,,,,,,,,,,,,,2019-02-23 07:19:20+00:00,2019-02-23 07:19:20+00:00,0,9287,88,那覇,2026-10-01T20:50:19.593663
2019,2019022303,2019-02-23 13:01:00+09:00,74418895,820100.0,1,5,オープン戦,8.0,8回裏,1,梅木,川口,名幸,秋村,,,1,1,巨人,G,,376,楽天,E,,,,,,,＜5番：ビヤヌエバ＞無死走者なし,<5 Ban: Beer Nueva> Mushi Sousha Nashi,,,,,0,,,,,,,,,,,,,,,,,,,,,,,,,,,,,,,,,,,,,,,,,,,,,,,,2019-02-23 07:19:20+00:00,2019-02-23 07:19:20+00:00,0,9287,88,那覇,2026-10-01T20:50:19.593663
2019,2019022303,2019-02-23 13:01:00+09:00,74418896,820101.0,1,5,オープン戦,8.0,8回裏,1,梅木,川口,名幸,秋村,,,1,1,巨人,G,,376,楽天,E,,,,,,,1球目:内角高めの落ちる球を見逃してボール 1-0,1 Tamame: Naikaku Takame no Ochiru Tama wo Minogashite Ball 1-0,,,,,1,,,,,,,,,,,,,,,,,,,,,,,,,,,,,,,,,,,,,,,,,,,,,,,,2019-02-23 07:19:20+00:00,2019-02-23 07:19:20+00:00,0,9287,88,那覇,2026-10-01T20:50:19.593663
2019,2019022303,2019-02-23 13:01:00+09:00,74418897,820102.0,1,5,オープン戦,8.0,8回裏,1,梅木,川口,名幸,秋村,,,1,1,巨人,G,,376,楽天,E,,,,,,,2球目:内角142キロのストレートを打ってファウル 1-1,2 Tamame: Naikaku 142 Kilo no Straight wo Utte Foul 1-1,,,,,2,,,,,,,,,,,,,,,,,,,,,,,,,,,,,,,,,,,,,,,,,,,,,,,,2019-02-23 07:19:20+00:00,2019-02-23 07:19:20+00:00,0,9287,88,那覇,2026-10-01T20:50:19.593663
2019,2019022303,2019-02-23 13:01:00+09:00,74418898,820103.0,1,5,オープン戦,8.0,8回裏,1,梅木,川口,名幸,秋村,,,1,1,巨人,G,,376,楽天,E,,,,,,,3球目:外角低めのスライダーを空振りストライク 1-2,3 Tamame: Gaikaku Hikume no Slider wo Karaburi Strike 1-2,,,,,3,,,,,,,,,,,,,,,,,,,,,,,,,,,,,,,,,,,,,,,,,,,,,,,,2019-02-23 07:19:20+00:00,2019-02-23 07:19:20+00:00,0,9287,88,那覇,2026-10-01T20:50:19.593663
2019,2019022303,2019-02-23 13:01:00+09:00,74418899,820104.0,1,5,オープン戦,8.0,8回裏,1,梅木,川口,名幸,秋村,,,1,1,巨人,G,,376,楽天,E,,,,,,,4球目:外角145キロのストレートを見逃してボール 2-2,4 Tamame: Gaikaku 145 Kilo no Straight wo Minogashite Ball 2-2,,,,,4,,,,,,,,,,,,,,,,,,,,,,,,,,,,,,,,,,,,,,,,,,,,,,,,2019-02-23 07:19:20+00:00,2019-02-23 07:19:20+00:00,0,9287,88,那覇,2026-10-01T20:50:19.593663
2019,2019022303,2019-02-23 13:01:00+09:00,74418900,820105.0,1,5,オープン戦,8.0,8回裏,1,梅木,川口,名幸,秋村,,,1,1,巨人,G,,376,楽天,E,,,,,,,5球目:内角の落ちる球を打つもサードゴロ 1アウト,5 Tamame: Naikaku no Ochiru Tama wo Utsu mo Third Grounder 1 Out,,,,,5,,,,,,,,,,,,,,,,,,,,,,,,,,,,,,,,,,,,,,,,,,,,,,,,2019-02-23 07:19:20+00:00,2019-02-23 07:19:20+00:00,0,9287,88,那覇,2026-10-01T20:50:19.593663
2019,2019022303,2019-02-23 13:01:00+09:00,74418901,820200.0,1,5,オープン戦,8.0,8回裏,2,梅木,川口,名幸,秋村,,,1,1,巨人,G,,376,楽天,E,,,,,,,＜6番：陽＞一死走者なし,<6 Ban: You> Ichi Shi Sousha Nashi,,,,,0,,,,,,,,,,,,,,,,,,,,,,,,,,,,,,,,,,,,,,,,,,,,,,,,2019-02-23 07:19:20+00:00,2019-02-23 07:19:20+00:00,0,9287,88,那覇,2026-10-01T20:50:19.593663
2019,2019022303,2019-02-23 13:01:00+09:00,74418902,820201.0,1,5,オープン戦,8.0,8回裏,2,梅木,川口,名幸,秋村,,,1,1,巨人,G,,376,楽天,E,,,,,,,1球目:内角高め145キロのストレートを空振りストライク 0-1,1 Tamame: Naikaku Takame 145 Kilo no Straight wo Karaburi Strike 0-1,,,,,1,,,,,,,,,,,,,,,,,,,,,,,,,,,,,,,,,,,,,,,,,,,,,,,,2019-02-23 07:19:20+00:00,2019-02-23 07:19:20+00:00,0,9287,88,那覇,2026-10-01T20:50:19.593663
2019,2019022303,2019-02-23 13:01:00+09:00,74418903,820202.0,1,5,オープン戦,8.0,8回裏,2,梅木,川口,名幸,秋村,,,1,1,巨人,G,,376,楽天,E,,,,,,,2球目:高め141キロのストレートを打ってファウル 0-2,2 Tamame: Takame 141 Kilo no Straight wo Utte Foul 0-2,,,,,2,,,,,,,,,,,,,,,,,,,,,,,,,,,,,,,,,,,,,,,,,,,,,,,,2019-02-23 07:19:20+00:00,2019-02-23 07:19:20+00:00,0,9287,88,那覇,2026-10-01T20:50:19.593663
2019,2019022303,2019-02-23 13:01:00+09:00,74418904,820203.0,1,5,オープン戦,8.0,8回裏,2,梅木,川口,名幸,秋村,,,1,1,巨人,G,,376,楽天,E,,,,,,,3球目:外角低め134キロのスライダーを見逃してボール 1-2,3 Tamame: Gaikaku Hikume 134 Kilo no Slider wo Minogashite Ball 1-2,,,,,3,,,,,,,,,,,,,,,,,,,,,,,,,,,,,,,,,,,,,,,,,,,,,,,,2019-02-23 07:19:20+00:00,2019-02-23 07:19:20+00:00,0,9287,88,那覇,2026-10-01T20:50:19.593663
2019,2019022303,2019-02-23 13:01:00+09:00,74418905,820204.0,1,5,オープン戦,8.0,8回裏,2,梅木,川口,名幸,秋村,,,1,1,巨人,G,,376,楽天,E,,,,,,,4球目:レフトへのヒットを放つ 1塁,4 Tamame: Left e no Hit wo Hanatsu 1 Rui,,,,,4,,,,,,,,,,,,,,,,,,,,,,,,,,,,,,,,,,,,,,,,,,,,,,,,2019-02-23 07:19:20+00:00,2019-02-23 07:19:20+00:00,0,9287,88,那覇,2026-10-01T20:50:19.593663
2019,2019022303,2019-02-23 13:01:00+09:00,74418906,820300.0,1,5,オープン戦,8.0,8回裏,3,梅木,川口,名幸,秋村,,,1,1,巨人,G,,376,楽天,E,,,,,,,＜7番：石川＞一死1塁,<7 Ban: Ishikawa> Ichi Shi 1 Rui,,,,,0,,,,,,,,,,,,,,,,,,,,,,,,,,,,,,,,,,,,,,,,,,,,,,,,2019-02-23 07:19:20+00:00,2019-02-23 07:19:20+00:00,0,9287,88,那覇,2026-10-01T20:50:19.593663
2019,2019022303,2019-02-23 13:01:00+09:00,74418907,820301.0,1,5,オープン戦,8.0,8回裏,3,梅木,川口,名幸,秋村,,,1,1,巨人,G,,376,楽天,E,,,,,,,1球目:外角低め142キロのストレートを見逃してボール 1-0,1 Tamame: Gaikaku Hikume 142 Kilo no Straight wo Minogashite Ball 1-0,,,,,1,,,,,,,,,,,,,,,,,,,,,,,,,,,,,,,,,,,,,,,,,,,,,,,,2019-02-23 07:19:20+00:00,2019-02-23 07:19:20+00:00,0,9287,88,那覇,2026-10-01T20:50:19.593663
2019,2019022303,2019-02-23 13:01:00+09:00,74418908,820302.0,1,5,オープン戦,8.0,8回裏,3,梅木,川口,名幸,秋村,,,1,1,巨人,G,,376,楽天,E,,,,,,,2球目:ワンバウンドのスライダーを見逃してボール 2-0,2 Tamame: One Bound no Slider wo Minogashite Ball 2-0,,,,,2,,,,,,,,,,,,,,,,,,,,,,,,,,,,,,,,,,,,,,,,,,,,,,,,2019-02-23 07:19:20+00:00,2019-02-23 07:19:20+00:00,0,9287,88,那覇,2026-10-01T20:50:19.593663
2019,2019022303,2019-02-23 13:01:00+09:00,74418909,820303.0,1,5,オープン戦,8.0,8回裏,3,梅木,川口,名幸,秋村,,,1,1,巨人,G,,376,楽天,E,,,,,,,3球目:外角低めのスライダーを見逃してストライク 2-1,3 Tamame: Gaikaku Hikume no Slider wo Minogashite Strike 2-1,,,,,3,,,,,,,,,,,,,,,,,,,,,,,,,,,,,,,,,,,,,,,,,,,,,,,,2019-02-23 07:19:20+00:00,2019-02-23 07:19:20+00:00,0,9287,88,那覇,2026-10-01T20:50:19.593663
2019,2019022303,2019-02-23 13:01:00+09:00,74418910,820300.0,1,5,オープン戦,8.0,8回裏,3,梅木,川口,名幸,秋村,,,1,1,巨人,G,,376,楽天,E,,,,,,,1塁けん制:ランナー陽帰塁,1 Rui Kensei: Runner Hi Kirui,,,,,0,,,,,,,,,,,,,,,,,,,,,,,,,,,,,,,,,,,,,,,,,,,,,,,,2019-02-23 07:19:20+00:00,2019-02-23 07:19:20+00:00,0,9287,88,那覇,2026-10-01T20:50:19.593663
2019,2019022303,2019-02-23 13:01:00+09:00,74418911,820304.0,1,5,オープン戦,8.0,8回裏,3,梅木,川口,名幸,秋村,,,1,1,巨人,G,,376,楽天,E,,,,,,,4球目:外角低め129キロのスライダーを見逃してボール 3-1,4 Tamame: Gaikaku Hikume 129 Kilo no Slider wo Minogashite Ball 3-1,,,,,4,,,,,,,,,,,,,,,,,,,,,,,,,,,,,,,,,,,,,,,,,,,,,,,,2019-02-23 07:19:20+00:00,2019-02-23 07:19:20+00:00,0,9287,88,那覇,2026-10-01T20:50:19.593663
2019,2019022303,2019-02-23 13:01:00+09:00,74418912,820305.0,1,5,オープン戦,8.0,8回裏,3,梅木,川口,名幸,秋村,,,1,1,巨人,G,,376,楽天,E,,,,,,,5球目:外角高めのストレートを見逃してストライク 3-2,5 Tamame: Gaikaku Takame no Straight wo Minogashite Strike 3-2,,,,,5,,,,,,,,,,,,,,,,,,,,,,,,,,,,,,,,,,,,,,,,,,,,,,,,2019-02-23 07:19:20+00:00,2019-02-23 07:19:20+00:00,0,9287,88,那覇,2026-10-01T20:50:19.593663
2019,2019022303,2019-02-23 13:01:00+09:00,74418913,820306.0,1,5,オープン戦,8.0,8回裏,3,梅木,川口,名幸,秋村,,,1,1,巨人,G,,376,楽天,E,,,,,,,6球目:外角のストレートを打つもセカンドゴロ 2アウト2塁,6 Tamame: Gaikaku no Straight wo Utsu mo Sekando Grounder 2 Out 2 Rui,,,,,6,,,,,,,,,,,,,,,,,,,,,,,,,,,,,,,,,,,,,,,,,,,,,,,,2019-02-23 07:19:20+00:00,2019-02-23 07:19:20+00:00,0,9287,88,那覇,2026-10-01T20:50:19.593663
2019,2019022303,2019-02-23 13:01:00+09:00,74418914,820400.0,1,5,オープン戦,8.0,8回裏,4,梅木,川口,名幸,秋村,,,1,1,巨人,G,,376,楽天,E,,,,,,,＜8番：北村＞二死2塁,<8 Ban: Kitamura> Ni Shi 2 Rui,,,,,0,,,,,,,,,,,,,,,,,,,,,,,,,,,,,,,,,,,,,,,,,,,,,,,,2019-02-23 07:19:20+00:00,2019-02-23 07:19:20+00:00,0,9287,88,那覇,2026-10-01T20:50:19.593663
2019,2019022303,2019-02-23 13:01:00+09:00,74418915,820401.0,1,5,オープン戦,8.0,8回裏,4,梅木,川口,名幸,秋村,,,1,1,巨人,G,,376,楽天,E,,,,,,,1球目:2アウト2塁から外角のチェンジアップを打つもライトフライ 3アウトチェンジ,1 Tamame:2 Out 2 Rui kara Gaikaku no Change Up wo Utsu mo Raito Fly 3 Out Change,,,,,1,,,,,,,,,,,,,,,,,,,,,,,,,,,,,,,,,,,,,,,,,,,,,,,,2019-02-23 07:19:20+00:00,2019-02-23 07:19:20+00:00,0,9287,88,那覇,2026-10-01T20:50:19.593663
2019,2019022303,2019-02-23 13:01:00+09:00,74418916,910100.0,1,5,オープン戦,9.0,9回表,1,梅木,川口,名幸,秋村,,,1,1,巨人,G,,376,楽天,E,,,,,,,9回表 巨3-5楽　楽天は7番銀次からの攻撃,9 Kai Hyou Kyo 3-5 Raku Rakuten wa 7 Ban Ginji kara no Kougeki,,,,,0,,,,,,,,,,,,,,,,,,,,,,,,,,,,,,,,,,,,,,,,,,,,,,,,2019-02-23 07:19:20+00:00,2019-02-23 07:19:20+00:00,0,9287,88,那覇,2026-10-01T20:50:19.593663
2019,2019022303,2019-02-23 13:01:00+09:00,74418917,910100.0,1,5,オープン戦,9.0,9回表,1,梅木,川口,名幸,秋村,,,1,1,巨人,G,,376,楽天,E,,,,,,,守備交代:サード吉川大　守備変更:北村サード→ファースト,Shubi Koutai: Third Yoshikawa Daishubi Henkou: Kitamura Third First,,,,,0,,,,,,,,,,,,,,,,,,,,,,,,,,,,,,,,,,,,,,,,,,,,,,,,2019-02-23 07:19:20+00:00,2019-02-23 07:19:20+00:00,0,9287,88,那覇,2026-10-01T20:50:19.593663
2019,2019022303,2019-02-23 13:01:00+09:00,74418918,910100.0,1,5,オープン戦,9.0,9回表,1,梅木,川口,名幸,秋村,,,1,1,巨人,G,,376,楽天,E,,,,,,,＜7番：銀次＞無死走者なし,<7 Ban: Ginji> Mushi Sousha Nashi,,,,,0,,,,,,,,,,,,,,,,,,,,,,,,,,,,,,,,,,,,,,,,,,,,,,,,2019-02-23 07:19:20+00:00,2019-02-23 07:19:20+00:00,0,9287,88,那覇,2026-10-01T20:50:19.593663
2019,2019022303,2019-02-23 13:01:00+09:00,74418919,910101.0,1,5,オープン戦,9.0,9回表,1,梅木,川口,名幸,秋村,,,1,1,巨人,G,,376,楽天,E,,,,,,,1球目:外角低め128キロのスライダーを見逃してボール 1-0,1 Tamame: Gaikaku Hikume 128 Kilo no Slider wo Minogashite Ball 1-0,,,,,1,,,,,,,,,,,,,,,,,,,,,,,,,,,,,,,,,,,,,,,,,,,,,,,,2019-02-23 07:19:20+00:00,2019-02-23 07:19:20+00:00,0,9287,88,那覇,2026-10-01T20:50:19.593663
2019,2019022303,2019-02-23 13:01:00+09:00,74418920,910102.0,1,5,オープン戦,9.0,9回表,1,梅木,川口,名幸,秋村,,,1,1,巨人,G,,376,楽天,E,,,,,,,2球目:内角高めの変化球を見逃してボール 2-0,2 Tamame: Naikaku Takame no Henka Kyuu wo Minogashite Ball 2-0,,,,,2,,,,,,,,,,,,,,,,,,,,,,,,,,,,,,,,,,,,,,,,,,,,,,,,2019-02-23 07:19:20+00:00,2019-02-23 07:19:20+00:00,0,9287,88,那覇,2026-10-01T20:50:19.593663
2019,2019022303,2019-02-23 13:01:00+09:00,74418921,910103.0,1,5,オープン戦,9.0,9回表,1,梅木,川口,名幸,秋村,,,1,1,巨人,G,,376,楽天,E,,,,,,,3球目:外角145キロのストレートを見逃してストライク 2-1,3 Tamame: Gaikaku 145 Kilo no Straight wo Minogashite Strike 2-1,,,,,3,,,,,,,,,,,,,,,,,,,,,,,,,,,,,,,,,,,,,,,,,,,,,,,,2019-02-23 07:19:20+00:00,2019-02-23 07:19:20+00:00,0,9287,88,那覇,2026-10-01T20:50:19.593663
2019,2019022303,2019-02-23 13:01:00+09:00,74418922,910104.0,1,5,オープン戦,9.0,9回表,1,梅木,川口,名幸,秋村,,,1,1,巨人,G,,376,楽天,E,,,,,,,4球目:高めのストレートを打つもショートゴロ 1アウト,4 Tamame: Takame no Straight wo Utsu mo Short Grounder 1 Out,,,,,4,,,,,,,,,,,,,,,,,,,,,,,,,,,,,,,,,,,,,,,,,,,,,,,,2019-02-23 07:19:20+00:00,2019-02-23 07:19:20+00:00,0,9287,88,那覇,2026-10-01T20:50:19.593663
2019,2019022303,2019-02-23 13:01:00+09:00,74418923,910200.0,1,5,オープン戦,9.0,9回表,2,梅木,川口,名幸,秋村,,,1,1,巨人,G,,376,楽天,E,,,,,,,投手交代:吉川光→鍬原,Toushu Koutai: Yoshikawa Hikari Kuwa Hara,,,,,0,,,,,,,,,,,,,,,,,,,,,,,,,,,,,,,,,,,,,,,,,,,,,,,,2019-02-23 07:19:20+00:00,2019-02-23 07:19:20+00:00,0,9287,88,那覇,2026-10-01T20:50:19.593663
2019,2019022303,2019-02-23 13:01:00+09:00,74418924,910200.0,1,5,オープン戦,9.0,9回表,2,梅木,川口,名幸,秋村,,,1,1,巨人,G,,376,楽天,E,,,,,,,＜8番：太田＞一死走者なし,<8 Ban: Oota> Ichi Shi Sousha Nashi,,,,,0,,,,,,,,,,,,,,,,,,,,,,,,,,,,,,,,,,,,,,,,,,,,,,,,2019-02-23 07:19:20+00:00,2019-02-23 07:19:20+00:00,0,9287,88,那覇,2026-10-01T20:50:19.593663
2019,2019022303,2019-02-23 13:01:00+09:00,74418925,910201.0,1,5,オープン戦,9.0,9回表,2,梅木,川口,名幸,秋村,,,1,1,巨人,G,,376,楽天,E,,,,,,,1球目:内角低め139キロのストレートを見逃してボール 1-0,1 Tamame: Naikaku Hikume 139 Kilo no Straight wo Minogashite Ball 1-0,,,,,1,,,,,,,,,,,,,,,,,,,,,,,,,,,,,,,,,,,,,,,,,,,,,,,,2019-02-23 07:19:20+00:00,2019-02-23 07:19:20+00:00,0,9287,88,那覇,2026-10-01T20:50:19.593663
2019,2019022303,2019-02-23 13:01:00+09:00,74418926,910202.0,1,5,オープン戦,9.0,9回表,2,梅木,川口,名幸,秋村,,,1,1,巨人,G,,376,楽天,E,,,,,,,2球目:内角高め140キロのストレートを見逃してボール 2-0,2 Tamame: Naikaku Takame 140 Kilo no Straight wo Minogashite Ball 2-0,,,,,2,,,,,,,,,,,,,,,,,,,,,,,,,,,,,,,,,,,,,,,,,,,,,,,,2019-02-23 07:19:20+00:00,2019-02-23 07:19:20+00:00,0,9287,88,那覇,2026-10-01T20:50:19.593663
2019,2019022303,2019-02-23 13:01:00+09:00,74418927,910203.0,1,5,オープン戦,9.0,9回表,2,梅木,川口,名幸,秋村,,,1,1,巨人,G,,376,楽天,E,,,,,,,3球目:レフトへのエンタイトルツーベース 2塁,3 Tamame: Left e no Entitle Two Base 2 Rui,,,,,3,,,,,,,,,,,,,,,,,,,,,,,,,,,,,,,,,,,,,,,,,,,,,,,,2019-02-23 07:19:20+00:00,2019-02-23 07:19:20+00:00,0,9287,88,那覇,2026-10-01T20:50:19.593663
2019,2019022303,2019-02-23 13:01:00+09:00,74418928,910300.0,1,5,オープン戦,9.0,9回表,3,梅木,川口,名幸,秋村,,,1,1,巨人,G,,376,楽天,E,,,,,,,＜9番：渡邊佳＞一死2塁,<9 Ban: Watanabe Kei> Ichi Shi 2 Rui,,,,,0,,,,,,,,,,,,,,,,,,,,,,,,,,,,,,,,,,,,,,,,,,,,,,,,2019-02-23 07:19:20+00:00,2019-02-23 07:19:20+00:00,0,9287,88,那覇,2026-10-01T20:50:19.593663
2019,2019022303,2019-02-23 13:01:00+09:00,74418929,910301.0,1,5,オープン戦,9.0,9回表,3,梅木,川口,名幸,秋村,,,1,1,巨人,G,,376,楽天,E,,,,,,,1球目:ランナー2塁から外角のシンカーを打つもセカンドゴロ 2アウト3塁,1 Tamame: Runner 2 Rui kara Gaikaku no Sinker wo Utsu mo Sekando Grounder 2 Out 3 Rui,,,,,1,,,,,,,,,,,,,,,,,,,,,,,,,,,,,,,,,,,,,,,,,,,,,,,,2019-02-23 07:19:20+00:00,2019-02-23 07:19:20+00:00,0,9287,88,那覇,2026-10-01T20:50:19.593663
2019,2019022303,2019-02-23 13:01:00+09:00,74418930,910400.0,1,5,オープン戦,9.0,9回表,4,梅木,川口,名幸,秋村,,,1,1,巨人,G,,376,楽天,E,,,,,,,＜1番：オコエ＞二死3塁,<1 Ban: Okoe> Ni Shi 3 Rui,,,,,0,,,,,,,,,,,,,,,,,,,,,,,,,,,,,,,,,,,,,,,,,,,,,,,,2019-02-23 07:19:20+00:00,2019-02-23 07:19:20+00:00,0,9287,88,那覇,2026-10-01T20:50:19.593663
2019,2019022303,2019-02-23 13:01:00+09:00,74418931,910401.0,1,5,オープン戦,9.0,9回表,4,梅木,川口,名幸,秋村,,,1,1,巨人,G,,376,楽天,E,,,,,,,1球目:内角のスライダーを見逃してストライク 0-1,1 Tamame: Naikaku no Slider wo Minogashite Strike 0-1,,,,,1,,,,,,,,,,,,,,,,,,,,,,,,,,,,,,,,,,,,,,,,,,,,,,,,2019-02-23 07:19:20+00:00,2019-02-23 07:19:20+00:00,0,9287,88,那覇,2026-10-01T20:50:19.593663
2019,2019022303,2019-02-23 13:01:00+09:00,74418932,910402.0,1,5,オープン戦,9.0,9回表,4,梅木,川口,名幸,秋村,,,1,1,巨人,G,,376,楽天,E,,,,,,,2球目:内角高めの落ちる球を見逃してボール 1-1,2 Tamame: Naikaku Takame no Ochiru Tama wo Minogashite Ball 1-1,,,,,2,,,,,,,,,,,,,,,,,,,,,,,,,,,,,,,,,,,,,,,,,,,,,,,,2019-02-23 07:19:20+00:00,2019-02-23 07:19:20+00:00,0,9287,88,那覇,2026-10-01T20:50:19.593663
2019,2019022303,2019-02-23 13:01:00+09:00,74418933,910403.0,1,5,オープン戦,9.0,9回表,4,梅木,川口,名幸,秋村,,,1,1,巨人,G,,376,楽天,E,,,,,,,3球目:低めの落ちる球を打ってファウル 1-2,3 Tamame: Hikume no Ochiru Tama wo Utte Foul 1-2,,,,,3,,,,,,,,,,,,,,,,,,,,,,,,,,,,,,,,,,,,,,,,,,,,,,,,2019-02-23 07:19:20+00:00,2019-02-23 07:19:20+00:00,0,9287,88,那覇,2026-10-01T20:50:19.593663
2019,2019022303,2019-02-23 13:01:00+09:00,74418934,910404.0,1,5,オープン戦,9.0,9回表,4,梅木,川口,名幸,秋村,,,1,1,巨人,G,,376,楽天,E,,,,,,,4球目:内角146キロのストレートを打ってファウル 1-2,4 Tamame: Naikaku 146 Kilo no Straight wo Utte Foul 1-2,,,,,4,,,,,,,,,,,,,,,,,,,,,,,,,,,,,,,,,,,,,,,,,,,,,,,,2019-02-23 07:19:20+00:00,2019-02-23 07:19:20+00:00,0,9287,88,那覇,2026-10-01T20:50:19.593663
2019,2019022303,2019-02-23 13:01:00+09:00,74418935,910405.0,1,5,オープン戦,9.0,9回表,4,梅木,川口,名幸,秋村,,,1,1,巨人,G,,376,楽天,E,,,,,,,5球目:2アウト3塁の1-2からライトへのタイムリーヒット 巨3-6楽 1塁,5 Tamame:2 Out 3 Rui no 1-2 kara Raito e no Timely Hit Kyo 3-6gaku 1 Rui,,,,,5,,,,,,,,,,,,,,,,,,,,,,,,,,,,,,,,,,,,,,,,,,,,,,,,2019-02-23 07:19:20+00:00,2019-02-23 07:19:20+00:00,0,9287,88,那覇,2026-10-01T20:50:19.593663
2019,2019022303,2019-02-23 13:01:00+09:00,74418936,910500.0,1,5,オープン戦,9.0,9回表,5,梅木,川口,名幸,秋村,,,1,1,巨人,G,,376,楽天,E,,,,,,,＜2番：田中＞二死1塁,<2 Ban: Tanaka> Ni Shi 1 Rui,,,,,0,,,,,,,,,,,,,,,,,,,,,,,,,,,,,,,,,,,,,,,,,,,,,,,,2019-02-23 07:19:20+00:00,2019-02-23 07:19:20+00:00,0,9287,88,那覇,2026-10-01T20:50:19.593663
2019,2019022303,2019-02-23 13:01:00+09:00,74418937,910501.0,1,5,オープン戦,9.0,9回表,5,梅木,川口,名幸,秋村,,,1,1,巨人,G,,376,楽天,E,,,,,,,1球目:内角低めのスライダーを見逃してボール 1-0,1 Tamame: Naikaku Hikume no Slider wo Minogashite Ball 1-0,,,,,1,,,,,,,,,,,,,,,,,,,,,,,,,,,,,,,,,,,,,,,,,,,,,,,,2019-02-23 07:19:20+00:00,2019-02-23 07:19:20+00:00,0,9287,88,那覇,2026-10-01T20:50:19.593663
2019,2019022303,2019-02-23 13:01:00+09:00,74418938,910502.0,1,5,オープン戦,9.0,9回表,5,梅木,川口,名幸,秋村,,,1,1,巨人,G,,376,楽天,E,,,,,,,2球目:際どいコースのストレートを見逃してボール 2-0,2 Tamame: Kiwadoi Course no Straight wo Minogashite Ball 2-0,,,,,2,,,,,,,,,,,,,,,,,,,,,,,,,,,,,,,,,,,,,,,,,,,,,,,,2019-02-23 07:19:20+00:00,2019-02-23 07:19:20+00:00,0,9287,88,那覇,2026-10-01T20:50:19.593663
2019,2019022303,2019-02-23 13:01:00+09:00,74418939,910503.0,1,5,オープン戦,9.0,9回表,5,梅木,川口,名幸,秋村,,,1,1,巨人,G,,376,楽天,E,,,,,,,3球目:低め145キロのストレートを打ってファウル 2-1,3 Tamame: Hikume 145 Kilo no Straight wo Utte Foul 2-1,,,,,3,,,,,,,,,,,,,,,,,,,,,,,,,,,,,,,,,,,,,,,,,,,,,,,,2019-02-23 07:19:20+00:00,2019-02-23 07:19:20+00:00,0,9287,88,那覇,2026-10-01T20:50:19.593663
2019,2019022303,2019-02-23 13:01:00+09:00,74418940,910504.0,1,5,オープン戦,9.0,9回表,5,梅木,川口,名幸,秋村,,,1,1,巨人,G,,376,楽天,E,,,,,,,4球目:高めのストレートを打つもショートフライ 3アウトチェンジ,4 Tamame: Takame no Straight wo Utsu mo Short Fly 3 Out Change,,,,,4,,,,,,,,,,,,,,,,,,,,,,,,,,,,,,,,,,,,,,,,,,,,,,,,2019-02-23 07:19:20+00:00,2019-02-23 07:19:20+00:00,0,9287,88,那覇,2026-10-01T20:50:19.593663
2019,2019022303,2019-02-23 13:01:00+09:00,74418941,920100.0,1,5,オープン戦,9.0,9回裏,1,梅木,川口,名幸,秋村,,,1,1,巨人,G,,376,楽天,E,,,,,,,9回裏 巨3-6楽　巨人は9番山本からの攻撃,9 Kai Ura Kyo 3-6 Raku Kyojin wa 9 Ban Yamamoto kara no Kougeki,,,,,0,,,,,,,,,,,,,,,,,,,,,,,,,,,,,,,,,,,,,,,,,,,,,,,,2019-02-23 07:19:20+00:00,2019-02-23 07:19:20+00:00,0,9287,88,那覇,2026-10-01T20:50:19.593663
2019,2019022303,2019-02-23 13:01:00+09:00,74418942,920100.0,1,5,オープン戦,9.0,9回裏,1,梅木,川口,名幸,秋村,,,1,1,巨人,G,,376,楽天,E,,,,,,,守備交代:ショート村林　守備変更:渡邊佳ショート→サード,Shubi Koutai: Shooto Sonrin Shubi Henkou: Watanabe Kei Shooto Third,,,,,0,,,,,,,,,,,,,,,,,,,,,,,,,,,,,,,,,,,,,,,,,,,,,,,,2019-02-23 07:19:20+00:00,2019-02-23 07:19:20+00:00,0,9287,88,那覇,2026-10-01T20:50:19.593663
2019,2019022303,2019-02-23 13:01:00+09:00,74418943,920100.0,1,5,オープン戦,9.0,9回裏,1,梅木,川口,名幸,秋村,,,1,1,巨人,G,,376,楽天,E,,,,,,,＜9番：山本＞無死走者なし,<9 Ban: Yamamoto> Mushi Sousha Nashi,,,,,0,,,,,,,,,,,,,,,,,,,,,,,,,,,,,,,,,,,,,,,,,,,,,,,,2019-02-23 07:19:20+00:00,2019-02-23 07:19:20+00:00,0,9287,88,那覇,2026-10-01T20:50:19.593663
2019,2019022303,2019-02-23 13:01:00+09:00,74418944,920101.0,1,5,オープン戦,9.0,9回裏,1,梅木,川口,名幸,秋村,,,1,1,巨人,G,,376,楽天,E,,,,,,,1球目:甘い変化球を見逃してストライク 0-1,1 Tamame: Amai Henka Kyuu wo Minogashite Strike 0-1,,,,,1,,,,,,,,,,,,,,,,,,,,,,,,,,,,,,,,,,,,,,,,,,,,,,,,2019-02-23 07:19:20+00:00,2019-02-23 07:19:20+00:00,0,9287,88,那覇,2026-10-01T20:50:19.593663
2019,2019022303,2019-02-23 13:01:00+09:00,74418945,920102.0,1,5,オープン戦,9.0,9回裏,1,梅木,川口,名幸,秋村,,,1,1,巨人,G,,376,楽天,E,,,,,,,2球目:外角高めのスライダーを見逃してボール 1-1,2 Tamame: Gaikaku Takame no Slider wo Minogashite Ball 1-1,,,,,2,,,,,,,,,,,,,,,,,,,,,,,,,,,,,,,,,,,,,,,,,,,,,,,,2019-02-23 07:19:20+00:00,2019-02-23 07:19:20+00:00,0,9287,88,那覇,2026-10-01T20:50:19.593663
2019,2019022303,2019-02-23 13:01:00+09:00,74418946,920103.0,1,5,オープン戦,9.0,9回裏,1,梅木,川口,名幸,秋村,,,1,1,巨人,G,,376,楽天,E,,,,,,,3球目:内角のチェンジアップを打つもレフトフライ 1アウト,3 Tamame: Naikaku no Change Up wo Utsu mo Left Fly 1 Out,,,,,3,,,,,,,,,,,,,,,,,,,,,,,,,,,,,,,,,,,,,,,,,,,,,,,,2019-02-23 07:19:20+00:00,2019-02-23 07:19:20+00:00,0,9287,88,那覇,2026-10-01T20:50:19.593663
2019,2019022303,2019-02-23 13:01:00+09:00,74418947,920200.0,1,5,オープン戦,9.0,9回裏,2,梅木,川口,名幸,秋村,,,1,1,巨人,G,,376,楽天,E,,,,,,,＜1番：田中俊＞一死走者なし,<1 Ban: Tanaka Shun> Ichi Shi Sousha Nashi,,,,,0,,,,,,,,,,,,,,,,,,,,,,,,,,,,,,,,,,,,,,,,,,,,,,,,2019-02-23 07:19:20+00:00,2019-02-23 07:19:20+00:00,0,9287,88,那覇,2026-10-01T20:50:19.593663
2019,2019022303,2019-02-23 13:01:00+09:00,74418948,920201.0,1,5,オープン戦,9.0,9回裏,2,梅木,川口,名幸,秋村,,,1,1,巨人,G,,376,楽天,E,,,,,,,1球目:内角のストレートを見逃してストライク 0-1,1 Tamame: Naikaku no Straight wo Minogashite Strike 0-1,,,,,1,,,,,,,,,,,,,,,,,,,,,,,,,,,,,,,,,,,,,,,,,,,,,,,,2019-02-23 07:19:20+00:00,2019-02-23 07:19:20+00:00,0,9287,88,那覇,2026-10-01T20:50:19.593663
2019,2019022303,2019-02-23 13:01:00+09:00,74418949,920202.0,1,5,オープン戦,9.0,9回裏,2,梅木,川口,名幸,秋村,,,1,1,巨人,G,,376,楽天,E,,,,,,,2球目:内角高め132キロのスライダーを見逃してボール 1-1,2 Tamame: Naikaku Takame 132 Kilo no Slider wo Minogashite Ball 1-1,,,,,2,,,,,,,,,,,,,,,,,,,,,,,,,,,,,,,,,,,,,,,,,,,,,,,,2019-02-23 07:19:20+00:00,2019-02-23 07:19:20+00:00,0,9287,88,那覇,2026-10-01T20:50:19.593663
2019,2019022303,2019-02-23 13:01:00+09:00,74418950,920203.0,1,5,オープン戦,9.0,9回裏,2,梅木,川口,名幸,秋村,,,1,1,巨人,G,,376,楽天,E,,,,,,,3球目:低めの落ちる球を空振りストライク 1-2,3 Tamame: Hikume no Ochiru Tama wo Karaburi Strike 1-2,,,,,3,,,,,,,,,,,,,,,,,,,,,,,,,,,,,,,,,,,,,,,,,,,,,,,,2019-02-23 07:19:20+00:00,2019-02-23 07:19:20+00:00,0,9287,88,那覇,2026-10-01T20:50:19.593663
2019,2019022303,2019-02-23 13:01:00+09:00,74418951,920204.0,1,5,オープン戦,9.0,9回裏,2,梅木,川口,名幸,秋村,,,1,1,巨人,G,,376,楽天,E,,,,,,,4球目:外角のチェンジアップを打つもファーストゴロ 2アウト,4 Tamame: Gaikaku no Change Up wo Utsu mo First Grounder 2 Out,,,,,4,,,,,,,,,,,,,,,,,,,,,,,,,,,,,,,,,,,,,,,,,,,,,,,,2019-02-23 07:19:20+00:00,2019-02-23 07:19:20+00:00,0,9287,88,那覇,2026-10-01T20:50:19.593663
2019,2019022303,2019-02-23 13:01:00+09:00,74418952,920300.0,1,5,オープン戦,9.0,9回裏,3,梅木,川口,名幸,秋村,,,1,1,巨人,G,,376,楽天,E,,,,,,,＜2番：立岡＞二死走者なし,<2 Ban: RioOka> Ni Shi Sousha Nashi,,,,,0,,,,,,,,,,,,,,,,,,,,,,,,,,,,,,,,,,,,,,,,,,,,,,,,2019-02-23 07:19:20+00:00,2019-02-23 07:19:20+00:00,0,9287,88,那覇,2026-10-01T20:50:19.593663
2019,2019022303,2019-02-23 13:01:00+09:00,74418953,920301.0,1,5,オープン戦,9.0,9回裏,3,梅木,川口,名幸,秋村,,,1,1,巨人,G,,376,楽天,E,,,,,,,1球目:高め144キロのストレートを打ちにいくもファウル 0-1,1 Tamame: Takame 144 Kilo no Straight wo Uchi ni Iku mo Foul 0-1,,,,,1,,,,,,,,,,,,,,,,,,,,,,,,,,,,,,,,,,,,,,,,,,,,,,,,2019-02-23 07:19:20+00:00,2019-02-23 07:19:20+00:00,0,9287,88,那覇,2026-10-01T20:50:19.593663
2019,2019022303,2019-02-23 13:01:00+09:00,74418954,920302.0,1,5,オープン戦,9.0,9回裏,3,梅木,川口,名幸,秋村,,,1,1,巨人,G,,376,楽天,E,,,,,,,2球目:内角高め130キロのスライダーを見逃してストライク 0-2,2 Tamame: Naikaku Takame 130 Kilo no Slider wo Minogashite Strike 0-2,,,,,2,,,,,,,,,,,,,,,,,,,,,,,,,,,,,,,,,,,,,,,,,,,,,,,,2019-02-23 07:19:20+00:00,2019-02-23 07:19:20+00:00,0,9287,88,那覇,2026-10-01T20:50:19.593663
2019,2019022303,2019-02-23 13:01:00+09:00,74418955,920303.0,1,5,オープン戦,9.0,9回裏,3,梅木,川口,名幸,秋村,,,1,1,巨人,G,,376,楽天,E,,,,,,,3球目:内角のチェンジアップに空振り三振でバッターアウト ゲームセット,3 Tamame: Naikaku no Change Up ni Karaburi Sanshin de Batter Out Game Set,,,,,3,,,,,,,,,,,,,,,,,,,,,,,,,,,,,,,,,,,,,,,,,,,,,,,,2019-02-23 07:19:20+00:00,2019-02-23 07:19:20+00:00,0,9287,88,那覇,2026-10-01T20:50:19.593663
2019,2019022303,2019-02-23 13:01:00+09:00,74418956,920300.0,1,5,オープン戦,9.0,9回裏,3,梅木,川口,名幸,秋村,,,1,1,巨人,G,,376,楽天,E,,,,,,,試合終了,Shiai Shuuryou,,,,,0,,,,,,,,,,,,,,,,,,,,,,,,,,,,,,,,,,,,,,,,,,,,,,,,2019-02-23 07:19:20+00:00,2019-02-23 07:19:20+00:00,0,9287,88,那覇,2026-10-01T20:50:19.593663
2019,2019022404,2019-02-24 13:00:00+09:00,74788274,,1,5,オープン戦,,試合前情報,1,村山,嶋田,本田,笠原,,,1,2,ヤクルト,S,,376,楽天,E,,,,,,,先発ピッチャーはヤクルトがスアレス、楽天が美馬,"Senpatsu Pitcher wa Yakuruto ga Suaresu, Rakuten ga Mima",,,,,0,,,,,,,,,,,,,,,,,,,,,,,,,,,,,,,,,,,,,,,,,,,,,,,,2019-02-24 07:35:22+00:00,2019-02-24 07:35:22+00:00,0,3721,139,浦添,2026-10-01T20:50:19.593663
2019,2019022404,2019-02-24 13:00:00+09:00,74788275,,1,5,オープン戦,,試合前情報,1,村山,嶋田,本田,笠原,,,1,2,ヤクルト,S,,376,楽天,E,,,,,,,先攻:楽天のスターティングラインナップは1番:オコエ(右)、2番:田中(中)、3番:島内(左)、4番:浅村(二)、5番:ブラッシュ(一)、6番:銀次(三)、7番:ウィーラー(指)、8番:堀内(捕)、9番:藤田(遊),"Senkou: Rakuten no Starting Lineup wa 1 Ban: Okoe (Migi), 2 Ban: Tanaka (Chuu), 3 Ban: Shimauchi (Hidari), 4 Ban: Asa Mura (Ni), 5 Ban: Blush (Ichi), 6 Ban: Ginji (San), 7 Ban: Wheeler (Yubi), 8 Ban: Horiuchi (Ho), 9 Ban: Fujita (Yuu)",,,,,0,,,,,,,,,,,,,,,,,,,,,,,,,,,,,,,,,,,,,,,,,,,,,,,,2019-02-24 07:35:22+00:00,2019-02-24 07:35:22+00:00,0,3721,139,浦添,2026-10-01T20:50:19.593663
2019,2019022404,2019-02-24 13:00:00+09:00,74788276,,1,5,オープン戦,,試合前情報,1,村山,嶋田,本田,笠原,,,1,2,ヤクルト,S,,376,楽天,E,,,,,,,後攻:ヤクルトのスターティングラインナップは1番:坂口(一)、2番:青木(中)、3番:山田哲(二)、4番:バレンティン(指)、5番:雄平(右)、6番:村上(三)、7番:西浦(遊)、8番:中村(捕)、9番:塩見(左),"Koukou: Yakuruto no Starting Lineup wa 1 Ban: Sakaguchi (Ichi), 2 Ban: Aoki (Chuu), 3 Ban: Yamada Akira (Ni), 4 Ban: Barentin (Yubi), 5 Ban: Yuuhei (Migi), 6 Ban: Murakami (San), 7 Ban: Nishiura (Yuu), 8 Ban: Nakamura (Ho), 9 Ban: Shiomi (Hidari)",,,,,0,,,,,,,,,,,,,,,,,,,,,,,,,,,,,,,,,,,,,,,,,,,,,,,,2019-02-24 07:35:22+00:00,2019-02-24 07:35:22+00:00,0,3721,139,浦添,2026-10-01T20:50:19.593663
2019,2019022404,2019-02-24 13:00:00+09:00,74788277,110100.0,1,5,オープン戦,1.0,1回表,1,村山,嶋田,本田,笠原,,,1,2,ヤクルト,S,,376,楽天,E,,,,,,,試合開始 1回表 ヤ0-0楽　楽天は1番オコエからの攻撃,Shiai Kaishi 1 Kai Hyouya 0-0 Raku Rakuten wa 1 Ban Okoe kara no Kougeki,,,,,0,,,,,,,,,,,,,,,,,,,,,,,,,,,,,,,,,,,,,,,,,,,,,,,,2019-02-24 07:35:22+00:00,2019-02-24 07:35:22+00:00,0,3721,139,浦添,2026-10-01T20:50:19.593663
2019,2019022404,2019-02-24 13:00:00+09:00,74788278,110100.0,1,5,オープン戦,1.0,1回表,1,村山,嶋田,本田,笠原,,,1,2,ヤクルト,S,,376,楽天,E,,,,,,,＜1番：オコエ＞無死走者なし,<1 Ban: Okoe> Mushi Sousha Nashi,,,,,0,,,,,,,,,,,,,,,,,,,,,,,,,,,,,,,,,,,,,,,,,,,,,,,,2019-02-24 07:35:22+00:00,2019-02-24 07:35:22+00:00,0,3721,139,浦添,2026-10-01T20:50:19.593663
2019,2019022404,2019-02-24 13:00:00+09:00,74788279,110101.0,1,5,オープン戦,1.0,1回表,1,村山,嶋田,本田,笠原,,,1,2,ヤクルト,S,,376,楽天,E,,,,,,,1球目:ワンバウンドの球を見逃してボール 1-0,1 Tamame: One Bound no Tama wo Minogashite Ball 1-0,,,,,1,,,,,,,,,,,,,,,,,,,,,,,,,,,,,,,,,,,,,,,,,,,,,,,,2019-02-24 07:35:22+00:00,2019-02-24 07:35:22+00:00,0,3721,139,浦添,2026-10-01T20:50:19.593663
2019,2019022404,2019-02-24 13:00:00+09:00,74788280,110102.0,1,5,オープン戦,1.0,1回表,1,村山,嶋田,本田,笠原,,,1,2,ヤクルト,S,,376,楽天,E,,,,,,,2球目:内角147キロのストレートを見逃してストライク 1-1,2 Tamame: Naikaku 147 Kilo no Straight wo Minogashite Strike 1-1,,,,,2,,,,,,,,,,,,,,,,,,,,,,,,,,,,,,,,,,,,,,,,,,,,,,,,2019-02-24 07:35:22+00:00,2019-02-24 07:35:22+00:00,0,3721,139,浦添,2026-10-01T20:50:19.593663
2019,2019022404,2019-02-24 13:00:00+09:00,74788281,110103.0,1,5,オープン戦,1.0,1回表,1,村山,嶋田,本田,笠原,,,1,2,ヤクルト,S,,376,楽天,E,,,,,,,3球目:外角低め135キロのスライダーを見逃してボール 2-1,3 Tamame: Gaikaku Hikume 135 Kilo no Slider wo Minogashite Ball 2-1,,,,,3,,,,,,,,,,,,,,,,,,,,,,,,,,,,,,,,,,,,,,,,,,,,,,,,2019-02-24 07:35:22+00:00,2019-02-24 07:35:22+00:00,0,3721,139,浦添,2026-10-01T20:50:19.593663
2019,2019022404,2019-02-24 13:00:00+09:00,74788282,110104.0,1,5,オープン戦,1.0,1回表,1,村山,嶋田,本田,笠原,,,1,2,ヤクルト,S,,376,楽天,E,,,,,,,4球目:カウント2-1からレフトスタンドへの先制ホームラン！ ヤ0-1楽,4 Tamame: Count 2-1 kara Left Stand e no Sensei Home Run! Ya 0-1gaku,,,,,4,,,,,,,,,,,,,,,,,,,,,,,,,,,,,,,,,,,,,,,,,,,,,,,,2019-02-24 07:35:22+00:00,2019-02-24 07:35:22+00:00,0,3721,139,浦添,2026-10-01T20:50:19.593663
2019,2019022404,2019-02-24 13:00:00+09:00,74788283,110200.0,1,5,オープン戦,1.0,1回表,2,村山,嶋田,本田,笠原,,,1,2,ヤクルト,S,,376,楽天,E,,,,,,,＜2番：田中＞無死走者なし,<2 Ban: Tanaka> Mushi Sousha Nashi,,,,,0,,,,,,,,,,,,,,,,,,,,,,,,,,,,,,,,,,,,,,,,,,,,,,,,2019-02-24 07:35:22+00:00,2019-02-24 07:35:22+00:00,0,3721,139,浦添,2026-10-01T20:50:19.593663
2019,2019022404,2019-02-24 13:00:00+09:00,74788284,110201.0,1,5,オープン戦,1.0,1回表,2,村山,嶋田,本田,笠原,,,1,2,ヤクルト,S,,376,楽天,E,,,,,,,1球目:左中間へのホームラン ヤ0-2楽,1 Tamame: Sachuukan e no Home Runya 0-2gaku,,,,,1,,,,,,,,,,,,,,,,,,,,,,,,,,,,,,,,,,,,,,,,,,,,,,,,2019-02-24 07:35:22+00:00,2019-02-24 07:35:22+00:00,0,3721,139,浦添,2026-10-01T20:50:19.593663
2019,2019022404,2019-02-24 13:00:00+09:00,74788285,110300.0,1,5,オープン戦,1.0,1回表,3,村山,嶋田,本田,笠原,,,1,2,ヤクルト,S,,376,楽天,E,,,,,,,＜3番：島内＞無死走者なし,<3 Ban: Tounai> Mushi Sousha Nashi,,,,,0,,,,,,,,,,,,,,,,,,,,,,,,,,,,,,,,,,,,,,,,,,,,,,,,2019-02-24 07:35:22+00:00,2019-02-24 07:35:22+00:00,0,3721,139,浦添,2026-10-01T20:50:19.593663
2019,2019022404,2019-02-24 13:00:00+09:00,74788286,110301.0,1,5,オープン戦,1.0,1回表,3,村山,嶋田,本田,笠原,,,1,2,ヤクルト,S,,376,楽天,E,,,,,,,1球目:外角高め123キロのカーブを見逃してボール 1-0,1 Tamame: Gaikaku Takame 123 Kilo no Curve wo Minogashite Ball 1-0,,,,,1,,,,,,,,,,,,,,,,,,,,,,,,,,,,,,,,,,,,,,,,,,,,,,,,2019-02-24 07:35:22+00:00,2019-02-24 07:35:22+00:00,0,3721,139,浦添,2026-10-01T20:50:19.593663
2019,2019022404,2019-02-24 13:00:00+09:00,74788287,110302.0,1,5,オープン戦,1.0,1回表,3,村山,嶋田,本田,笠原,,,1,2,ヤクルト,S,,376,楽天,E,,,,,,,2球目:外角高め151キロのストレートを見逃してボール 2-0,2 Tamame: Gaikaku Takame 151 Kilo no Straight wo Minogashite Ball 2-0,,,,,2,,,,,,,,,,,,,,,,,,,,,,,,,,,,,,,,,,,,,,,,,,,,,,,,2019-02-24 07:35:22+00:00,2019-02-24 07:35:22+00:00,0,3721,139,浦添,2026-10-01T20:50:19.593663
2019,2019022404,2019-02-24 13:00:00+09:00,74788288,110303.0,1,5,オープン戦,1.0,1回表,3,村山,嶋田,本田,笠原,,,1,2,ヤクルト,S,,376,楽天,E,,,,,,,3球目:外角高め151キロのストレートを見逃してボール 3-0,3 Tamame: Gaikaku Takame 151 Kilo no Straight wo Minogashite Ball 3-0,,,,,3,,,,,,,,,,,,,,,,,,,,,,,,,,,,,,,,,,,,,,,,,,,,,,,,2019-02-24 07:35:22+00:00,2019-02-24 07:35:22+00:00,0,3721,139,浦添,2026-10-01T20:50:19.593663
2019,2019022404,2019-02-24 13:00:00+09:00,74788289,110304.0,1,5,オープン戦,1.0,1回表,3,村山,嶋田,本田,笠原,,,1,2,ヤクルト,S,,376,楽天,E,,,,,,,4球目:外角高め149キロのストレートを見逃してストライク 3-1,4 Tamame: Gaikaku Takame 149 Kilo no Straight wo Minogashite Strike 3-1,,,,,4,,,,,,,,,,,,,,,,,,,,,,,,,,,,,,,,,,,,,,,,,,,,,,,,2019-02-24 07:35:22+00:00,2019-02-24 07:35:22+00:00,0,3721,139,浦添,2026-10-01T20:50:19.593663
2019,2019022404,2019-02-24 13:00:00+09:00,74788290,110305.0,1,5,オープン戦,1.0,1回表,3,村山,嶋田,本田,笠原,,,1,2,ヤクルト,S,,376,楽天,E,,,,,,,5球目:内角のチェンジアップを見逃してストライク 3-2,5 Tamame: Naikaku no Change Up wo Minogashite Strike 3-2,,,,,5,,,,,,,,,,,,,,,,,,,,,,,,,,,,,,,,,,,,,,,,,,,,,,,,2019-02-24 07:35:22+00:00,2019-02-24 07:35:22+00:00,0,3721,139,浦添,2026-10-01T20:50:19.593663
2019,2019022404,2019-02-24 13:00:00+09:00,74788291,110306.0,1,5,オープン戦,1.0,1回表,3,村山,嶋田,本田,笠原,,,1,2,ヤクルト,S,,376,楽天,E,,,,,,,6球目:低めのチェンジアップに空振り三振 1アウト,6 Tamame: Hikume no Change Up ni Karaburi Sanshin 1 Out,,,,,6,,,,,,,,,,,,,,,,,,,,,,,,,,,,,,,,,,,,,,,,,,,,,,,,2019-02-24 07:35:22+00:00,2019-02-24 07:35:22+00:00,0,3721,139,浦添,2026-10-01T20:50:19.593663
2019,2019022404,2019-02-24 13:00:00+09:00,74788292,110400.0,1,5,オープン戦,1.0,1回表,4,村山,嶋田,本田,笠原,,,1,2,ヤクルト,S,,376,楽天,E,,,,,,,＜4番：浅村＞一死走者なし,<4 Ban: Asa Mura> Ichi Shi Sousha Nashi,,,,,0,,,,,,,,,,,,,,,,,,,,,,,,,,,,,,,,,,,,,,,,,,,,,,,,2019-02-24 07:35:22+00:00,2019-02-24 07:35:22+00:00,0,3721,139,浦添,2026-10-01T20:50:19.593663
2019,2019022404,2019-02-24 13:00:00+09:00,74788293,110401.0,1,5,オープン戦,1.0,1回表,4,村山,嶋田,本田,笠原,,,1,2,ヤクルト,S,,376,楽天,E,,,,,,,1球目:外角高めのスライダーを見逃してストライク 0-1,1 Tamame: Gaikaku Takame no Slider wo Minogashite Strike 0-1,,,,,1,,,,,,,,,,,,,,,,,,,,,,,,,,,,,,,,,,,,,,,,,,,,,,,,2019-02-24 07:35:22+00:00,2019-02-24 07:35:22+00:00,0,3721,139,浦添,2026-10-01T20:50:19.593663
2019,2019022404,2019-02-24 13:00:00+09:00,74788294,110402.0,1,5,オープン戦,1.0,1回表,4,村山,嶋田,本田,笠原,,,1,2,ヤクルト,S,,376,楽天,E,,,,,,,2球目:内角低めにズバっと決まりストライク 0-2,2 Tamame: Naikaku Hikume ni Zubat to Kimari Strike 0-2,,,,,2,,,,,,,,,,,,,,,,,,,,,,,,,,,,,,,,,,,,,,,,,,,,,,,,2019-02-24 07:35:22+00:00,2019-02-24 07:35:22+00:00,0,3721,139,浦添,2026-10-01T20:50:19.593663
2019,2019022404,2019-02-24 13:00:00+09:00,74788295,110403.0,1,5,オープン戦,1.0,1回表,4,村山,嶋田,本田,笠原,,,1,2,ヤクルト,S,,376,楽天,E,,,,,,,3球目:ワンバウンドのスライダーを見逃してボール 1-2,3 Tamame: One Bound no Slider wo Minogashite Ball 1-2,,,,,3,,,,,,,,,,,,,,,,,,,,,,,,,,,,,,,,,,,,,,,,,,,,,,,,2019-02-24 07:35:22+00:00,2019-02-24 07:35:22+00:00,0,3721,139,浦添,2026-10-01T20:50:19.593663
2019,2019022404,2019-02-24 13:00:00+09:00,74788296,110404.0,1,5,オープン戦,1.0,1回表,4,村山,嶋田,本田,笠原,,,1,2,ヤクルト,S,,376,楽天,E,,,,,,,4球目:143キロのストレートを見逃してボール 2-2,4 Tamame:143 Kilo no Straight wo Minogashite Ball 2-2,,,,,4,,,,,,,,,,,,,,,,,,,,,,,,,,,,,,,,,,,,,,,,,,,,,,,,2019-02-24 07:35:22+00:00,2019-02-24 07:35:22+00:00,0,3721,139,浦添,2026-10-01T20:50:19.593663
2019,2019022404,2019-02-24 13:00:00+09:00,74788297,110405.0,1,5,オープン戦,1.0,1回表,4,村山,嶋田,本田,笠原,,,1,2,ヤクルト,S,,376,楽天,E,,,,,,,5球目:ワンバウンドのスライダーを見逃してボール 3-2,5 Tamame: One Bound no Slider wo Minogashite Ball 3-2,,,,,5,,,,,,,,,,,,,,,,,,,,,,,,,,,,,,,,,,,,,,,,,,,,,,,,2019-02-24 07:35:22+00:00,2019-02-24 07:35:22+00:00,0,3721,139,浦添,2026-10-01T20:50:19.593663
2019,2019022404,2019-02-24 13:00:00+09:00,74788298,110406.0,1,5,オープン戦,1.0,1回表,4,村山,嶋田,本田,笠原,,,1,2,ヤクルト,S,,376,楽天,E,,,,,,,6球目:甘い変化球を打ってファウル 3-2,6 Tamame: Amai Henka Kyuu wo Utte Foul 3-2,,,,,6,,,,,,,,,,,,,,,,,,,,,,,,,,,,,,,,,,,,,,,,,,,,,,,,2019-02-24 07:35:22+00:00,2019-02-24 07:35:22+00:00,0,3721,139,浦添,2026-10-01T20:50:19.593663
2019,2019022404,2019-02-24 13:00:00+09:00,74788299,110407.0,1,5,オープン戦,1.0,1回表,4,村山,嶋田,本田,笠原,,,1,2,ヤクルト,S,,376,楽天,E,,,,,,,7球目:低めの真っ直ぐを打つもセカンドゴロ 2アウト,7 Tamame: Hikume no Massugu wo Utsu mo Sekando Grounder 2 Out,,,,,7,,,,,,,,,,,,,,,,,,,,,,,,,,,,,,,,,,,,,,,,,,,,,,,,2019-02-24 07:35:22+00:00,2019-02-24 07:35:22+00:00,0,3721,139,浦添,2026-10-01T20:50:19.593663
2019,2019022404,2019-02-24 13:00:00+09:00,74788300,110500.0,1,5,オープン戦,1.0,1回表,5,村山,嶋田,本田,笠原,,,1,2,ヤクルト,S,,376,楽天,E,,,,,,,＜5番：ブラッシュ＞二死走者なし,<5 Ban: Blush> Ni Shi Sousha Nashi,,,,,0,,,,,,,,,,,,,,,,,,,,,,,,,,,,,,,,,,,,,,,,,,,,,,,,2019-02-24 07:35:22+00:00,2019-02-24 07:35:22+00:00,0,3721,139,浦添,2026-10-01T20:50:19.593663
2019,2019022404,2019-02-24 13:00:00+09:00,74788301,110501.0,1,5,オープン戦,1.0,1回表,5,村山,嶋田,本田,笠原,,,1,2,ヤクルト,S,,376,楽天,E,,,,,,,1球目:内角低め143キロのストレートを見逃してボール 1-0,1 Tamame: Naikaku Hikume 143 Kilo no Straight wo Minogashite Ball 1-0,,,,,1,,,,,,,,,,,,,,,,,,,,,,,,,,,,,,,,,,,,,,,,,,,,,,,,2019-02-24 07:35:22+00:00,2019-02-24 07:35:22+00:00,0,3721,139,浦添,2026-10-01T20:50:19.593663
2019,2019022404,2019-02-24 13:00:00+09:00,74788302,110502.0,1,5,オープン戦,1.0,1回表,5,村山,嶋田,本田,笠原,,,1,2,ヤクルト,S,,376,楽天,E,,,,,,,2球目:外角低めの変化球にバットが止まらずストライク 1-1,2 Tamame: Gaikaku Hikume no Henka Kyuu ni Batto ga Tomarazu Strike 1-1,,,,,2,,,,,,,,,,,,,,,,,,,,,,,,,,,,,,,,,,,,,,,,,,,,,,,,2019-02-24 07:35:22+00:00,2019-02-24 07:35:22+00:00,0,3721,139,浦添,2026-10-01T20:50:19.593663
2019,2019022404,2019-02-24 13:00:00+09:00,74788303,110503.0,1,5,オープン戦,1.0,1回表,5,村山,嶋田,本田,笠原,,,1,2,ヤクルト,S,,376,楽天,E,,,,,,,3球目:高めのチェンジアップを空振りストライク 1-2,3 Tamame: Takame no Change Up wo Karaburi Strike 1-2,,,,,3,,,,,,,,,,,,,,,,,,,,,,,,,,,,,,,,,,,,,,,,,,,,,,,,2019-02-24 07:35:22+00:00,2019-02-24 07:35:22+00:00,0,3721,139,浦添,2026-10-01T20:50:19.593663
2019,2019022404,2019-02-24 13:00:00+09:00,74788304,110504.0,1,5,オープン戦,1.0,1回表,5,村山,嶋田,本田,笠原,,,1,2,ヤクルト,S,,376,楽天,E,,,,,,,4球目:外角のストレートを打つもセンターフライ 3アウトチェンジ,4 Tamame: Gaikaku no Straight wo Utsu mo Center Fly 3 Out Change,,,,,4,,,,,,,,,,,,,,,,,,,,,,,,,,,,,,,,,,,,,,,,,,,,,,,,2019-02-24 07:35:22+00:00,2019-02-24 07:35:22+00:00,0,3721,139,浦添,2026-10-01T20:50:19.593663
2019,2019022404,2019-02-24 13:00:00+09:00,74788305,120100.0,1,5,オープン戦,1.0,1回裏,1,村山,嶋田,本田,笠原,,,1,2,ヤクルト,S,,376,楽天,E,,,,,,,1回裏 ヤ0-2楽　ヤクルトは1番坂口からの攻撃,1 Kai Uraya 0-2gaku Yakuruto wa 1 Ban Sakaguchi kara no Kougeki,,,,,0,,,,,,,,,,,,,,,,,,,,,,,,,,,,,,,,,,,,,,,,,,,,,,,,2019-02-24 07:35:22+00:00,2019-02-24 07:35:22+00:00,0,3721,139,浦添,2026-10-01T20:50:19.593663
2019,2019022404,2019-02-24 13:00:00+09:00,74788306,120100.0,1,5,オープン戦,1.0,1回裏,1,村山,嶋田,本田,笠原,,,1,2,ヤクルト,S,,376,楽天,E,,,,,,,＜1番：坂口＞無死走者なし,<1 Ban: Sakaguchi> Mushi Sousha Nashi,,,,,0,,,,,,,,,,,,,,,,,,,,,,,,,,,,,,,,,,,,,,,,,,,,,,,,2019-02-24 07:35:22+00:00,2019-02-24 07:35:22+00:00,0,3721,139,浦添,2026-10-01T20:50:19.593663
2019,2019022404,2019-02-24 13:00:00+09:00,74788307,120101.0,1,5,オープン戦,1.0,1回裏,1,村山,嶋田,本田,笠原,,,1,2,ヤクルト,S,,376,楽天,E,,,,,,,1球目:外角低めのシュートを見逃してストライク 0-1,1 Tamame: Gaikaku Hikume no Shoot wo Minogashite Strike 0-1,,,,,1,,,,,,,,,,,,,,,,,,,,,,,,,,,,,,,,,,,,,,,,,,,,,,,,2019-02-24 07:35:22+00:00,2019-02-24 07:35:22+00:00,0,3721,139,浦添,2026-10-01T20:50:19.593663
2019,2019022404,2019-02-24 13:00:00+09:00,74788308,120102.0,1,5,オープン戦,1.0,1回裏,1,村山,嶋田,本田,笠原,,,1,2,ヤクルト,S,,376,楽天,E,,,,,,,2球目:ファウルフライを島内(左)が捕球してバッターアウト 1アウト,2 Tamame: Foul Fly wo Tounai (Hidari) ga Hokyuu Shite Batter Out 1 Out,,,,,2,,,,,,,,,,,,,,,,,,,,,,,,,,,,,,,,,,,,,,,,,,,,,,,,2019-02-24 07:35:22+00:00,2019-02-24 07:35:22+00:00,0,3721,139,浦添,2026-10-01T20:50:19.593663
2019,2019022404,2019-02-24 13:00:00+09:00,74788309,120200.0,1,5,オープン戦,1.0,1回裏,2,村山,嶋田,本田,笠原,,,1,2,ヤクルト,S,,376,楽天,E,,,,,,,＜2番：青木＞一死走者なし,<2 Ban: Aoki> Ichi Shi Sousha Nashi,,,,,0,,,,,,,,,,,,,,,,,,,,,,,,,,,,,,,,,,,,,,,,,,,,,,,,2019-02-24 07:35:22+00:00,2019-02-24 07:35:22+00:00,0,3721,139,浦添,2026-10-01T20:50:19.593663
2019,2019022404,2019-02-24 13:00:00+09:00,74788310,120201.0,1,5,オープン戦,1.0,1回裏,2,村山,嶋田,本田,笠原,,,1,2,ヤクルト,S,,376,楽天,E,,,,,,,1球目:内角低めのストレートを見逃してボール 1-0,1 Tamame: Naikaku Hikume no Straight wo Minogashite Ball 1-0,,,,,1,,,,,,,,,,,,,,,,,,,,,,,,,,,,,,,,,,,,,,,,,,,,,,,,2019-02-24 07:35:22+00:00,2019-02-24 07:35:22+00:00,0,3721,139,浦添,2026-10-01T20:50:19.593663
2019,2019022404,2019-02-24 13:00:00+09:00,74788311,120202.0,1,5,オープン戦,1.0,1回裏,2,村山,嶋田,本田,笠原,,,1,2,ヤクルト,S,,376,楽天,E,,,,,,,2球目:外角のストレートを見逃してストライク 1-1,2 Tamame: Gaikaku no Straight wo Minogashite Strike 1-1,,,,,2,,,,,,,,,,,,,,,,,,,,,,,,,,,,,,,,,,,,,,,,,,,,,,,,2019-02-24 07:35:22+00:00,2019-02-24 07:35:22+00:00,0,3721,139,浦添,2026-10-01T20:50:19.593663
2019,2019022404,2019-02-24 13:00:00+09:00,74788312,120203.0,1,5,オープン戦,1.0,1回裏,2,村山,嶋田,本田,笠原,,,1,2,ヤクルト,S,,376,楽天,E,,,,,,,3球目:高めの変化球を打ってファウル 1-2,3 Tamame: Takame no Henka Kyuu wo Utte Foul 1-2,,,,,3,,,,,,,,,,,,,,,,,,,,,,,,,,,,,,,,,,,,,,,,,,,,,,,,2019-02-24 07:35:22+00:00,2019-02-24 07:35:22+00:00,0,3721,139,浦添,2026-10-01T20:50:19.593663
2019,2019022404,2019-02-24 13:00:00+09:00,74788313,120204.0,1,5,オープン戦,1.0,1回裏,2,村山,嶋田,本田,笠原,,,1,2,ヤクルト,S,,376,楽天,E,,,,,,,4球目:見逃し三振 2アウト,4 Tamame: Minogashi Sanshin 2 Out,,,,,4,,,,,,,,,,,,,,,,,,,,,,,,,,,,,,,,,,,,,,,,,,,,,,,,2019-02-24 07:35:22+00:00,2019-02-24 07:35:22+00:00,0,3721,139,浦添,2026-10-01T20:50:19.593663
2019,2019022404,2019-02-24 13:00:00+09:00,74788314,120300.0,1,5,オープン戦,1.0,1回裏,3,村山,嶋田,本田,笠原,,,1,2,ヤクルト,S,,376,楽天,E,,,,,,,＜3番：山田哲＞二死走者なし,<3 Ban: Yamada Akira> Ni Shi Sousha Nashi,,,,,0,,,,,,,,,,,,,,,,,,,,,,,,,,,,,,,,,,,,,,,,,,,,,,,,2019-02-24 07:35:22+00:00,2019-02-24 07:35:22+00:00,0,3721,139,浦添,2026-10-01T20:50:19.593663
2019,2019022404,2019-02-24 13:00:00+09:00,74788315,120301.0,1,5,オープン戦,1.0,1回裏,3,村山,嶋田,本田,笠原,,,1,2,ヤクルト,S,,376,楽天,E,,,,,,,1球目:高めのストレートを見逃してストライク 0-1,1 Tamame: Takame no Straight wo Minogashite Strike 0-1,,,,,1,,,,,,,,,,,,,,,,,,,,,,,,,,,,,,,,,,,,,,,,,,,,,,,,2019-02-24 07:35:22+00:00,2019-02-24 07:35:22+00:00,0,3721,139,浦添,2026-10-01T20:50:19.593663
2019,2019022404,2019-02-24 13:00:00+09:00,74788316,120302.0,1,5,オープン戦,1.0,1回裏,3,村山,嶋田,本田,笠原,,,1,2,ヤクルト,S,,376,楽天,E,,,,,,,2球目:ど真ん中のカーブを打つもレフトフライ 3アウトチェンジ,2 Tamame: Domannaka no Curve wo Utsu mo Left Fly 3 Out Change,,,,,2,,,,,,,,,,,,,,,,,,,,,,,,,,,,,,,,,,,,,,,,,,,,,,,,2019-02-24 07:35:22+00:00,2019-02-24 07:35:22+00:00,0,3721,139,浦添,2026-10-01T20:50:19.593663
2019,2019022404,2019-02-24 13:00:00+09:00,74788317,210100.0,1,5,オープン戦,2.0,2回表,1,村山,嶋田,本田,笠原,,,1,2,ヤクルト,S,,376,楽天,E,,,,,,,2回表 ヤ0-2楽　楽天は6番銀次からの攻撃,2 Kai Hyouya 0-2 Raku Rakuten wa 6 Ban Ginji kara no Kougeki,,,,,0,,,,,,,,,,,,,,,,,,,,,,,,,,,,,,,,,,,,,,,,,,,,,,,,2019-02-24 07:35:22+00:00,2019-02-24 07:35:22+00:00,0,3721,139,浦添,2026-10-01T20:50:19.593663
2019,2019022404,2019-02-24 13:00:00+09:00,74788318,210100.0,1,5,オープン戦,2.0,2回表,1,村山,嶋田,本田,笠原,,,1,2,ヤクルト,S,,376,楽天,E,,,,,,,＜6番：銀次＞無死走者なし,<6 Ban: Ginji> Mushi Sousha Nashi,,,,,0,,,,,,,,,,,,,,,,,,,,,,,,,,,,,,,,,,,,,,,,,,,,,,,,2019-02-24 07:35:22+00:00,2019-02-24 07:35:22+00:00,0,3721,139,浦添,2026-10-01T20:50:19.593663
2019,2019022404,2019-02-24 13:00:00+09:00,74788319,210101.0,1,5,オープン戦,2.0,2回表,1,村山,嶋田,本田,笠原,,,1,2,ヤクルト,S,,376,楽天,E,,,,,,,1球目:内角の変化球を見逃してストライク 0-1,1 Tamame: Naikaku no Henka Kyuu wo Minogashite Strike 0-1,,,,,1,,,,,,,,,,,,,,,,,,,,,,,,,,,,,,,,,,,,,,,,,,,,,,,,2019-02-24 07:35:22+00:00,2019-02-24 07:35:22+00:00,0,3721,139,浦添,2026-10-01T20:50:19.593663
2019,2019022404,2019-02-24 13:00:00+09:00,74788320,210102.0,1,5,オープン戦,2.0,2回表,1,村山,嶋田,本田,笠原,,,1,2,ヤクルト,S,,376,楽天,E,,,,,,,2球目:内角高め149キロのストレートを見逃してボール 1-1,2 Tamame: Naikaku Takame 149 Kilo no Straight wo Minogashite Ball 1-1,,,,,2,,,,,,,,,,,,,,,,,,,,,,,,,,,,,,,,,,,,,,,,,,,,,,,,2019-02-24 07:35:22+00:00,2019-02-24 07:35:22+00:00,0,3721,139,浦添,2026-10-01T20:50:19.593663
2019,2019022404,2019-02-24 13:00:00+09:00,74788321,210103.0,1,5,オープン戦,2.0,2回表,1,村山,嶋田,本田,笠原,,,1,2,ヤクルト,S,,376,楽天,E,,,,,,,3球目:外角低め132キロのチェンジアップを見逃してボール 2-1,3 Tamame: Gaikaku Hikume 132 Kilo no Change Up wo Minogashite Ball 2-1,,,,,3,,,,,,,,,,,,,,,,,,,,,,,,,,,,,,,,,,,,,,,,,,,,,,,,2019-02-24 07:35:22+00:00,2019-02-24 07:35:22+00:00,0,3721,139,浦添,2026-10-01T20:50:19.593663
2019,2019022404,2019-02-24 13:00:00+09:00,74788322,210104.0,1,5,オープン戦,2.0,2回表,1,村山,嶋田,本田,笠原,,,1,2,ヤクルト,S,,376,楽天,E,,,,,,,4球目:内角低めのスライダーを見逃してボール 3-1,4 Tamame: Naikaku Hikume no Slider wo Minogashite Ball 3-1,,,,,4,,,,,,,,,,,,,,,,,,,,,,,,,,,,,,,,,,,,,,,,,,,,,,,,2019-02-24 07:35:22+00:00,2019-02-24 07:35:22+00:00,0,3721,139,浦添,2026-10-01T20:50:19.593663
2019,2019022404,2019-02-24 13:00:00+09:00,74788323,210105.0,1,5,オープン戦,2.0,2回表,1,村山,嶋田,本田,笠原,,,1,2,ヤクルト,S,,376,楽天,E,,,,,,,5球目:ライトへのヒットを放つ 1塁,5 Tamame: Raito e no Hit wo Hanatsu 1 Rui,,,,,5,,,,,,,,,,,,,,,,,,,,,,,,,,,,,,,,,,,,,,,,,,,,,,,,2019-02-24 07:35:22+00:00,2019-02-24 07:35:22+00:00,0,3721,139,浦添,2026-10-01T20:50:19.593663
2019,2019022404,2019-02-24 13:00:00+09:00,74788324,210200.0,1,5,オープン戦,2.0,2回表,2,村山,嶋田,本田,笠原,,,1,2,ヤクルト,S,,376,楽天,E,,,,,,,＜7番：ウィーラー＞無死1塁,<7 Ban: Wheeler> Mushi 1 Rui,,,,,0,,,,,,,,,,,,,,,,,,,,,,,,,,,,,,,,,,,,,,,,,,,,,,,,2019-02-24 07:35:22+00:00,2019-02-24 07:35:22+00:00,0,3721,139,浦添,2026-10-01T20:50:19.593663
2019,2019022404,2019-02-24 13:00:00+09:00,74788325,210201.0,1,5,オープン戦,2.0,2回表,2,村山,嶋田,本田,笠原,,,1,2,ヤクルト,S,,376,楽天,E,,,,,,,1球目:外角低め133キロのスライダーを見逃してボール 1-0,1 Tamame: Gaikaku Hikume 133 Kilo no Slider wo Minogashite Ball 1-0,,,,,1,,,,,,,,,,,,,,,,,,,,,,,,,,,,,,,,,,,,,,,,,,,,,,,,2019-02-24 07:35:22+00:00,2019-02-24 07:35:22+00:00,0,3721,139,浦添,2026-10-01T20:50:19.593663
2019,2019022404,2019-02-24 13:00:00+09:00,74788326,210202.0,1,5,オープン戦,2.0,2回表,2,村山,嶋田,本田,笠原,,,1,2,ヤクルト,S,,376,楽天,E,,,,,,,2球目:外角のストレートを見逃してストライク 1-1,2 Tamame: Gaikaku no Straight wo Minogashite Strike 1-1,,,,,2,,,,,,,,,,,,,,,,,,,,,,,,,,,,,,,,,,,,,,,,,,,,,,,,2019-02-24 07:35:22+00:00,2019-02-24 07:35:22+00:00,0,3721,139,浦添,2026-10-01T20:50:19.593663
2019,2019022404,2019-02-24 13:00:00+09:00,74788327,210203.0,1,5,オープン戦,2.0,2回表,2,村山,嶋田,本田,笠原,,,1,2,ヤクルト,S,,376,楽天,E,,,,,,,3球目:135キロのスライダーを空振りストライク 1-2,3 Tamame:135 Kilo no Slider wo Karaburi Strike 1-2,,,,,3,,,,,,,,,,,,,,,,,,,,,,,,,,,,,,,,,,,,,,,,,,,,,,,,2019-02-24 07:35:22+00:00,2019-02-24 07:35:22+00:00,0,3721,139,浦添,2026-10-01T20:50:19.593663
2019,2019022404,2019-02-24 13:00:00+09:00,74788328,210204.0,1,5,オープン戦,2.0,2回表,2,村山,嶋田,本田,笠原,,,1,2,ヤクルト,S,,376,楽天,E,,,,,,,4球目:外角148キロのストレートを見逃してボール 2-2,4 Tamame: Gaikaku 148 Kilo no Straight wo Minogashite Ball 2-2,,,,,4,,,,,,,,,,,,,,,,,,,,,,,,,,,,,,,,,,,,,,,,,,,,,,,,2019-02-24 07:35:22+00:00,2019-02-24 07:35:22+00:00,0,3721,139,浦添,2026-10-01T20:50:19.593663
2019,2019022404,2019-02-24 13:00:00+09:00,74788329,210205.0,1,5,オープン戦,2.0,2回表,2,村山,嶋田,本田,笠原,,,1,2,ヤクルト,S,,376,楽天,E,,,,,,,5球目:外角低めのカーブを見逃してボール 3-2,5 Tamame: Gaikaku Hikume no Curve wo Minogashite Ball 3-2,,,,,5,,,,,,,,,,,,,,,,,,,,,,,,,,,,,,,,,,,,,,,,,,,,,,,,2019-02-24 07:35:22+00:00,2019-02-24 07:35:22+00:00,0,3721,139,浦添,2026-10-01T20:50:19.593663
2019,2019022404,2019-02-24 13:00:00+09:00,74788330,210206.0,1,5,オープン戦,2.0,2回表,2,村山,嶋田,本田,笠原,,,1,2,ヤクルト,S,,376,楽天,E,,,,,,,6球目:外角の変化球を打つもライトフライ 1アウト,6 Tamame: Gaikaku no Henka Kyuu wo Utsu mo Raito Fly 1 Out,,,,,6,,,,,,,,,,,,,,,,,,,,,,,,,,,,,,,,,,,,,,,,,,,,,,,,2019-02-24 07:35:22+00:00,2019-02-24 07:35:22+00:00,0,3721,139,浦添,2026-10-01T20:50:19.593663
2019,2019022404,2019-02-24 13:00:00+09:00,74788331,210300.0,1,5,オープン戦,2.0,2回表,3,村山,嶋田,本田,笠原,,,1,2,ヤクルト,S,,376,楽天,E,,,,,,,＜8番：堀内＞一死1塁,<8 Ban: Horiuchi> Ichi Shi 1 Rui,,,,,0,,,,,,,,,,,,,,,,,,,,,,,,,,,,,,,,,,,,,,,,,,,,,,,,2019-02-24 07:35:22+00:00,2019-02-24 07:35:22+00:00,0,3721,139,浦添,2026-10-01T20:50:19.593663
2019,2019022404,2019-02-24 13:00:00+09:00,74788332,210301.0,1,5,オープン戦,2.0,2回表,3,村山,嶋田,本田,笠原,,,1,2,ヤクルト,S,,376,楽天,E,,,,,,,1球目:外角低めのストレートを見逃してボール 1-0,1 Tamame: Gaikaku Hikume no Straight wo Minogashite Ball 1-0,,,,,1,,,,,,,,,,,,,,,,,,,,,,,,,,,,,,,,,,,,,,,,,,,,,,,,2019-02-24 07:35:22+00:00,2019-02-24 07:35:22+00:00,0,3721,139,浦添,2026-10-01T20:50:19.593663
2019,2019022404,2019-02-24 13:00:00+09:00,74788333,210302.0,1,5,オープン戦,2.0,2回表,3,村山,嶋田,本田,笠原,,,1,2,ヤクルト,S,,376,楽天,E,,,,,,,2球目:外角のストレートを打ってファウル 1-1,2 Tamame: Gaikaku no Straight wo Utte Foul 1-1,,,,,2,,,,,,,,,,,,,,,,,,,,,,,,,,,,,,,,,,,,,,,,,,,,,,,,2019-02-24 07:35:22+00:00,2019-02-24 07:35:22+00:00,0,3721,139,浦添,2026-10-01T20:50:19.593663
2019,2019022404,2019-02-24 13:00:00+09:00,74788334,210303.0,1,5,オープン戦,2.0,2回表,3,村山,嶋田,本田,笠原,,,1,2,ヤクルト,S,,376,楽天,E,,,,,,,3球目:内角高め124キロのカーブを見逃してボール 2-1,3 Tamame: Naikaku Takame 124 Kilo no Curve wo Minogashite Ball 2-1,,,,,3,,,,,,,,,,,,,,,,,,,,,,,,,,,,,,,,,,,,,,,,,,,,,,,,2019-02-24 07:35:22+00:00,2019-02-24 07:35:22+00:00,0,3721,139,浦添,2026-10-01T20:50:19.593663
2019,2019022404,2019-02-24 13:00:00+09:00,74788335,210300.0,1,5,オープン戦,2.0,2回表,3,村山,嶋田,本田,笠原,,,1,2,ヤクルト,S,,376,楽天,E,,,,,,,1塁けん制:ランナー銀次帰塁,1 Rui Kensei: Runner Ginji Kirui,,,,,0,,,,,,,,,,,,,,,,,,,,,,,,,,,,,,,,,,,,,,,,,,,,,,,,2019-02-24 07:35:22+00:00,2019-02-24 07:35:22+00:00,0,3721,139,浦添,2026-10-01T20:50:19.593663
2019,2019022404,2019-02-24 13:00:00+09:00,74788336,210304.0,1,5,オープン戦,2.0,2回表,3,村山,嶋田,本田,笠原,,,1,2,ヤクルト,S,,376,楽天,E,,,,,,,"4球目:ライトへのヒット 1,3塁","4 Tamame: Raito e no Hit 1,3 Rui",,,,,4,,,,,,,,,,,,,,,,,,,,,,,,,,,,,,,,,,,,,,,,,,,,,,,,2019-02-24 07:35:22+00:00,2019-02-24 07:35:22+00:00,0,3721,139,浦添,2026-10-01T20:50:19.593663
2019,2019022404,2019-02-24 13:00:00+09:00,74788337,210400.0,1,5,オープン戦,2.0,2回表,4,村山,嶋田,本田,笠原,,,1,2,ヤクルト,S,,376,楽天,E,,,,,,,"＜9番：藤田＞一死1,3塁","<9 Ban: Fujita> Ichi Shi 1,3 Rui",,,,,0,,,,,,,,,,,,,,,,,,,,,,,,,,,,,,,,,,,,,,,,,,,,,,,,2019-02-24 07:35:22+00:00,2019-02-24 07:35:22+00:00,0,3721,139,浦添,2026-10-01T20:50:19.593663
2019,2019022404,2019-02-24 13:00:00+09:00,74788338,210401.0,1,5,オープン戦,2.0,2回表,4,村山,嶋田,本田,笠原,,,1,2,ヤクルト,S,,376,楽天,E,,,,,,,1球目:外角高め134キロのチェンジアップを見逃してストライク 0-1,1 Tamame: Gaikaku Takame 134 Kilo no Change Up wo Minogashite Strike 0-1,,,,,1,,,,,,,,,,,,,,,,,,,,,,,,,,,,,,,,,,,,,,,,,,,,,,,,2019-02-24 07:35:22+00:00,2019-02-24 07:35:22+00:00,0,3721,139,浦添,2026-10-01T20:50:19.593663
2019,2019022404,2019-02-24 13:00:00+09:00,74788339,210402.0,1,5,オープン戦,2.0,2回表,4,村山,嶋田,本田,笠原,,,1,2,ヤクルト,S,,376,楽天,E,,,,,,,2球目:内角132キロのスライダーを打ってファウル 0-2,2 Tamame: Naikaku 132 Kilo no Slider wo Utte Foul 0-2,,,,,2,,,,,,,,,,,,,,,,,,,,,,,,,,,,,,,,,,,,,,,,,,,,,,,,2019-02-24 07:35:22+00:00,2019-02-24 07:35:22+00:00,0,3721,139,浦添,2026-10-01T20:50:19.593663
2019,2019022404,2019-02-24 13:00:00+09:00,74788340,210403.0,1,5,オープン戦,2.0,2回表,4,村山,嶋田,本田,笠原,,,1,2,ヤクルト,S,,376,楽天,E,,,,,,,"3球目:ランナー1,3塁の0-2からセンターへのタイムリーヒット ヤ0-3楽 1,2塁","3 Tamame: Runner 1,3 Rui no 0-2 kara Center e no Timely Hitya 0-3gaku 1,2 Rui",,,,,3,,,,,,,,,,,,,,,,,,,,,,,,,,,,,,,,,,,,,,,,,,,,,,,,2019-02-24 07:35:22+00:00,2019-02-24 07:35:22+00:00,0,3721,139,浦添,2026-10-01T20:50:19.593663
2019,2019022404,2019-02-24 13:00:00+09:00,74788341,210500.0,1,5,オープン戦,2.0,2回表,5,村山,嶋田,本田,笠原,,,1,2,ヤクルト,S,,376,楽天,E,,,,,,,"＜1番：オコエ＞一死1,2塁","<1 Ban: Okoe> Ichi Shi 1,2 Rui",,,,,0,,,,,,,,,,,,,,,,,,,,,,,,,,,,,,,,,,,,,,,,,,,,,,,,2019-02-24 07:35:22+00:00,2019-02-24 07:35:22+00:00,0,3721,139,浦添,2026-10-01T20:50:19.593663
2019,2019022404,2019-02-24 13:00:00+09:00,74788342,210501.0,1,5,オープン戦,2.0,2回表,5,村山,嶋田,本田,笠原,,,1,2,ヤクルト,S,,376,楽天,E,,,,,,,1球目:内角高め132キロのスライダーを見逃してボール 1-0,1 Tamame: Naikaku Takame 132 Kilo no Slider wo Minogashite Ball 1-0,,,,,1,,,,,,,,,,,,,,,,,,,,,,,,,,,,,,,,,,,,,,,,,,,,,,,,2019-02-24 07:35:22+00:00,2019-02-24 07:35:22+00:00,0,3721,139,浦添,2026-10-01T20:50:19.593663
2019,2019022404,2019-02-24 13:00:00+09:00,74788343,210502.0,1,5,オープン戦,2.0,2回表,5,村山,嶋田,本田,笠原,,,1,2,ヤクルト,S,,376,楽天,E,,,,,,,2球目:死球を受ける。ピッチャースアレスにとって痛いデッドボールとなる 満塁,2 Tamame: Shikyuu wo Ukeru. Pitchaasuaresu ni Totte Itai Dead Ball to Naru Manrui,,,,,2,,,,,,,,,,,,,,,,,,,,,,,,,,,,,,,,,,,,,,,,,,,,,,,,2019-02-24 07:35:22+00:00,2019-02-24 07:35:22+00:00,0,3721,139,浦添,2026-10-01T20:50:19.593663
2019,2019022404,2019-02-24 13:00:00+09:00,74788344,210600.0,1,5,オープン戦,2.0,2回表,6,村山,嶋田,本田,笠原,,,1,2,ヤクルト,S,,376,楽天,E,,,,,,,＜2番：田中＞一死満塁,<2 Ban: Tanaka> Ichi Shi Manrui,,,,,0,,,,,,,,,,,,,,,,,,,,,,,,,,,,,,,,,,,,,,,,,,,,,,,,2019-02-24 07:35:22+00:00,2019-02-24 07:35:22+00:00,0,3721,139,浦添,2026-10-01T20:50:19.593663
2019,2019022404,2019-02-24 13:00:00+09:00,74788345,210601.0,1,5,オープン戦,2.0,2回表,6,村山,嶋田,本田,笠原,,,1,2,ヤクルト,S,,376,楽天,E,,,,,,,1球目:初球から打ちにいくもファウル 0-1,1 Tamame: Shokyuu kara Uchi ni Iku mo Foul 0-1,,,,,1,,,,,,,,,,,,,,,,,,,,,,,,,,,,,,,,,,,,,,,,,,,,,,,,2019-02-24 07:35:22+00:00,2019-02-24 07:35:22+00:00,0,3721,139,浦添,2026-10-01T20:50:19.593663
2019,2019022404,2019-02-24 13:00:00+09:00,74788346,210602.0,1,5,オープン戦,2.0,2回表,6,村山,嶋田,本田,笠原,,,1,2,ヤクルト,S,,376,楽天,E,,,,,,,2球目:外角低め135キロのチェンジアップを見逃してボール 1-1,2 Tamame: Gaikaku Hikume 135 Kilo no Change Up wo Minogashite Ball 1-1,,,,,2,,,,,,,,,,,,,,,,,,,,,,,,,,,,,,,,,,,,,,,,,,,,,,,,2019-02-24 07:35:22+00:00,2019-02-24 07:35:22+00:00,0,3721,139,浦添,2026-10-01T20:50:19.593663
2019,2019022404,2019-02-24 13:00:00+09:00,74788347,210603.0,1,5,オープン戦,2.0,2回表,6,村山,嶋田,本田,笠原,,,1,2,ヤクルト,S,,376,楽天,E,,,,,,,3球目:外角の落ちる球を打つもファーストゴロ 2アウト満塁,3 Tamame: Gaikaku no Ochiru Tama wo Utsu mo First Grounder 2 Out Manrui,,,,,3,,,,,,,,,,,,,,,,,,,,,,,,,,,,,,,,,,,,,,,,,,,,,,,,2019-02-24 07:35:22+00:00,2019-02-24 07:35:22+00:00,0,3721,139,浦添,2026-10-01T20:50:19.593663
2019,2019022404,2019-02-24 13:00:00+09:00,74788348,210700.0,1,5,オープン戦,2.0,2回表,7,村山,嶋田,本田,笠原,,,1,2,ヤクルト,S,,376,楽天,E,,,,,,,＜3番：島内＞二死満塁,<3 Ban: Tounai> Ni Shi Manrui,,,,,0,,,,,,,,,,,,,,,,,,,,,,,,,,,,,,,,,,,,,,,,,,,,,,,,2019-02-24 07:35:22+00:00,2019-02-24 07:35:22+00:00,0,3721,139,浦添,2026-10-01T20:50:19.593663
2019,2019022404,2019-02-24 13:00:00+09:00,74788349,210701.0,1,5,オープン戦,2.0,2回表,7,村山,嶋田,本田,笠原,,,1,2,ヤクルト,S,,376,楽天,E,,,,,,,1球目:外角のストレートを見逃してストライク 0-1,1 Tamame: Gaikaku no Straight wo Minogashite Strike 0-1,,,,,1,,,,,,,,,,,,,,,,,,,,,,,,,,,,,,,,,,,,,,,,,,,,,,,,2019-02-24 07:35:22+00:00,2019-02-24 07:35:22+00:00,0,3721,139,浦添,2026-10-01T20:50:19.593663
2019,2019022404,2019-02-24 13:00:00+09:00,74788350,210702.0,1,5,オープン戦,2.0,2回表,7,村山,嶋田,本田,笠原,,,1,2,ヤクルト,S,,376,楽天,E,,,,,,,2球目:外角低めの落ちる球を空振りストライク 0-2,2 Tamame: Gaikaku Hikume no Ochiru Tama wo Karaburi Strike 0-2,,,,,2,,,,,,,,,,,,,,,,,,,,,,,,,,,,,,,,,,,,,,,,,,,,,,,,2019-02-24 07:35:22+00:00,2019-02-24 07:35:22+00:00,0,3721,139,浦添,2026-10-01T20:50:19.593663
2019,2019022404,2019-02-24 13:00:00+09:00,74788351,210703.0,1,5,オープン戦,2.0,2回表,7,村山,嶋田,本田,笠原,,,1,2,ヤクルト,S,,376,楽天,E,,,,,,,3球目:外角低めの落ちる球を見逃してボール 1-2,3 Tamame: Gaikaku Hikume no Ochiru Tama wo Minogashite Ball 1-2,,,,,3,,,,,,,,,,,,,,,,,,,,,,,,,,,,,,,,,,,,,,,,,,,,,,,,2019-02-24 07:35:22+00:00,2019-02-24 07:35:22+00:00,0,3721,139,浦添,2026-10-01T20:50:19.593663
2019,2019022404,2019-02-24 13:00:00+09:00,74788352,210704.0,1,5,オープン戦,2.0,2回表,7,村山,嶋田,本田,笠原,,,1,2,ヤクルト,S,,376,楽天,E,,,,,,,4球目:内角高めのストレートを見逃してボール 2-2,4 Tamame: Naikaku Takame no Straight wo Minogashite Ball 2-2,,,,,4,,,,,,,,,,,,,,,,,,,,,,,,,,,,,,,,,,,,,,,,,,,,,,,,2019-02-24 07:35:22+00:00,2019-02-24 07:35:22+00:00,0,3721,139,浦添,2026-10-01T20:50:19.593663
2019,2019022404,2019-02-24 13:00:00+09:00,74788353,210705.0,1,5,オープン戦,2.0,2回表,7,村山,嶋田,本田,笠原,,,1,2,ヤクルト,S,,376,楽天,E,,,,,,,5球目:内角のストレートを打ってファウル 2-2,5 Tamame: Naikaku no Straight wo Utte Foul 2-2,,,,,5,,,,,,,,,,,,,,,,,,,,,,,,,,,,,,,,,,,,,,,,,,,,,,,,2019-02-24 07:35:22+00:00,2019-02-24 07:35:22+00:00,0,3721,139,浦添,2026-10-01T20:50:19.593663
2019,2019022404,2019-02-24 13:00:00+09:00,74788354,210706.0,1,5,オープン戦,2.0,2回表,7,村山,嶋田,本田,笠原,,,1,2,ヤクルト,S,,376,楽天,E,,,,,,,6球目:内角低めの変化球を見逃してボール 3-2,6 Tamame: Naikaku Hikume no Henka Kyuu wo Minogashite Ball 3-2,,,,,6,,,,,,,,,,,,,,,,,,,,,,,,,,,,,,,,,,,,,,,,,,,,,,,,2019-02-24 07:35:22+00:00,2019-02-24 07:35:22+00:00,0,3721,139,浦添,2026-10-01T20:50:19.593663
2019,2019022404,2019-02-24 13:00:00+09:00,74788355,210707.0,1,5,オープン戦,2.0,2回表,7,村山,嶋田,本田,笠原,,,1,2,ヤクルト,S,,376,楽天,E,,,,,,,7球目:2アウト満塁の3-2から押し出しのフォアボール ヤ0-4楽 満塁,7 Tamame:2 Out Manrui no 3-2 kara Oshidashi no Four Ballya 0-4 Raku Manrui,,,,,7,,,,,,,,,,,,,,,,,,,,,,,,,,,,,,,,,,,,,,,,,,,,,,,,2019-02-24 07:35:22+00:00,2019-02-24 07:35:22+00:00,0,3721,139,浦添,2026-10-01T20:50:19.593663
2019,2019022404,2019-02-24 13:00:00+09:00,74788356,210800.0,1,5,オープン戦,2.0,2回表,8,村山,嶋田,本田,笠原,,,1,2,ヤクルト,S,,376,楽天,E,,,,,,,＜4番：浅村＞二死満塁,<4 Ban: Asa Mura> Ni Shi Manrui,,,,,0,,,,,,,,,,,,,,,,,,,,,,,,,,,,,,,,,,,,,,,,,,,,,,,,2019-02-24 07:35:22+00:00,2019-02-24 07:35:22+00:00,0,3721,139,浦添,2026-10-01T20:50:19.593663
2019,2019022404,2019-02-24 13:00:00+09:00,74788357,210801.0,1,5,オープン戦,2.0,2回表,8,村山,嶋田,本田,笠原,,,1,2,ヤクルト,S,,376,楽天,E,,,,,,,1球目:外角低め133キロのチェンジアップを見逃してボール 1-0,1 Tamame: Gaikaku Hikume 133 Kilo no Change Up wo Minogashite Ball 1-0,,,,,1,,,,,,,,,,,,,,,,,,,,,,,,,,,,,,,,,,,,,,,,,,,,,,,,2019-02-24 07:35:22+00:00,2019-02-24 07:35:22+00:00,0,3721,139,浦添,2026-10-01T20:50:19.593663
2019,2019022404,2019-02-24 13:00:00+09:00,74788358,210802.0,1,5,オープン戦,2.0,2回表,8,村山,嶋田,本田,笠原,,,1,2,ヤクルト,S,,376,楽天,E,,,,,,,2球目:外角のストレートを打ってファウル 1-1,2 Tamame: Gaikaku no Straight wo Utte Foul 1-1,,,,,2,,,,,,,,,,,,,,,,,,,,,,,,,,,,,,,,,,,,,,,,,,,,,,,,2019-02-24 07:35:22+00:00,2019-02-24 07:35:22+00:00,0,3721,139,浦添,2026-10-01T20:50:19.593663
2019,2019022404,2019-02-24 13:00:00+09:00,74788359,210803.0,1,5,オープン戦,2.0,2回表,8,村山,嶋田,本田,笠原,,,1,2,ヤクルト,S,,376,楽天,E,,,,,,,3球目:外角高めのストレートを見逃してボール 2-1,3 Tamame: Gaikaku Takame no Straight wo Minogashite Ball 2-1,,,,,3,,,,,,,,,,,,,,,,,,,,,,,,,,,,,,,,,,,,,,,,,,,,,,,,2019-02-24 07:35:22+00:00,2019-02-24 07:35:22+00:00,0,3721,139,浦添,2026-10-01T20:50:19.593663
2019,2019022404,2019-02-24 13:00:00+09:00,74788360,210804.0,1,5,オープン戦,2.0,2回表,8,村山,嶋田,本田,笠原,,,1,2,ヤクルト,S,,376,楽天,E,,,,,,,4球目:外角の変化球を打つもファーストゴロ 3アウトチェンジ,4 Tamame: Gaikaku no Henka Kyuu wo Utsu mo First Grounder 3 Out Change,,,,,4,,,,,,,,,,,,,,,,,,,,,,,,,,,,,,,,,,,,,,,,,,,,,,,,2019-02-24 07:35:22+00:00,2019-02-24 07:35:22+00:00,0,3721,139,浦添,2026-10-01T20:50:19.593663
2019,2019022404,2019-02-24 13:00:00+09:00,74788361,220100.0,1,5,オープン戦,2.0,2回裏,1,村山,嶋田,本田,笠原,,,1,2,ヤクルト,S,,376,楽天,E,,,,,,,2回裏 ヤ0-4楽　ヤクルトは4番バレンティンからの攻撃,2 Kai Uraya 0-4gaku Yakuruto wa 4 Ban Barentin kara no Kougeki,,,,,0,,,,,,,,,,,,,,,,,,,,,,,,,,,,,,,,,,,,,,,,,,,,,,,,2019-02-24 07:35:22+00:00,2019-02-24 07:35:22+00:00,0,3721,139,浦添,2026-10-01T20:50:19.593663
2019,2019022404,2019-02-24 13:00:00+09:00,74788362,220100.0,1,5,オープン戦,2.0,2回裏,1,村山,嶋田,本田,笠原,,,1,2,ヤクルト,S,,376,楽天,E,,,,,,,＜4番：バレンティン＞無死走者なし,<4 Ban: Barentin> Mushi Sousha Nashi,,,,,0,,,,,,,,,,,,,,,,,,,,,,,,,,,,,,,,,,,,,,,,,,,,,,,,2019-02-24 07:35:22+00:00,2019-02-24 07:35:22+00:00,0,3721,139,浦添,2026-10-01T20:50:19.593663
2019,2019022404,2019-02-24 13:00:00+09:00,74788363,220101.0,1,5,オープン戦,2.0,2回裏,1,村山,嶋田,本田,笠原,,,1,2,ヤクルト,S,,376,楽天,E,,,,,,,1球目:甘いカーブを見逃してストライク 0-1,1 Tamame: Amai Curve wo Minogashite Strike 0-1,,,,,1,,,,,,,,,,,,,,,,,,,,,,,,,,,,,,,,,,,,,,,,,,,,,,,,2019-02-24 07:35:22+00:00,2019-02-24 07:35:22+00:00,0,3721,139,浦添,2026-10-01T20:50:19.593663
2019,2019022404,2019-02-24 13:00:00+09:00,74788364,220102.0,1,5,オープン戦,2.0,2回裏,1,村山,嶋田,本田,笠原,,,1,2,ヤクルト,S,,376,楽天,E,,,,,,,2球目:高めのストレートを打つもサードゴロ 1アウト,2 Tamame: Takame no Straight wo Utsu mo Third Grounder 1 Out,,,,,2,,,,,,,,,,,,,,,,,,,,,,,,,,,,,,,,,,,,,,,,,,,,,,,,2019-02-24 07:35:22+00:00,2019-02-24 07:35:22+00:00,0,3721,139,浦添,2026-10-01T20:50:19.593663
2019,2019022404,2019-02-24 13:00:00+09:00,74788365,220200.0,1,5,オープン戦,2.0,2回裏,2,村山,嶋田,本田,笠原,,,1,2,ヤクルト,S,,376,楽天,E,,,,,,,＜5番：雄平＞一死走者なし,<5 Ban: Yuuhei> Ichi Shi Sousha Nashi,,,,,0,,,,,,,,,,,,,,,,,,,,,,,,,,,,,,,,,,,,,,,,,,,,,,,,2019-02-24 07:35:22+00:00,2019-02-24 07:35:22+00:00,0,3721,139,浦添,2026-10-01T20:50:19.593663
2019,2019022404,2019-02-24 13:00:00+09:00,74788366,220201.0,1,5,オープン戦,2.0,2回裏,2,村山,嶋田,本田,笠原,,,1,2,ヤクルト,S,,376,楽天,E,,,,,,,1球目:138キロのシュートを見逃してストライク 0-1,1 Tamame:138 Kilo no Shoot wo Minogashite Strike 0-1,,,,,1,,,,,,,,,,,,,,,,,,,,,,,,,,,,,,,,,,,,,,,,,,,,,,,,2019-02-24 07:35:22+00:00,2019-02-24 07:35:22+00:00,0,3721,139,浦添,2026-10-01T20:50:19.593663
2019,2019022404,2019-02-24 13:00:00+09:00,74788367,220202.0,1,5,オープン戦,2.0,2回裏,2,村山,嶋田,本田,笠原,,,1,2,ヤクルト,S,,376,楽天,E,,,,,,,2球目:ワンバウンドのフォークを見逃してボール 1-1,2 Tamame: One Bound no Fork wo Minogashite Ball 1-1,,,,,2,,,,,,,,,,,,,,,,,,,,,,,,,,,,,,,,,,,,,,,,,,,,,,,,2019-02-24 07:35:22+00:00,2019-02-24 07:35:22+00:00,0,3721,139,浦添,2026-10-01T20:50:19.593663
2019,2019022404,2019-02-24 13:00:00+09:00,74788368,220203.0,1,5,オープン戦,2.0,2回裏,2,村山,嶋田,本田,笠原,,,1,2,ヤクルト,S,,376,楽天,E,,,,,,,3球目:外角のフォークを打つもセカンドゴロ 2アウト,3 Tamame: Gaikaku no Fork wo Utsu mo Sekando Grounder 2 Out,,,,,3,,,,,,,,,,,,,,,,,,,,,,,,,,,,,,,,,,,,,,,,,,,,,,,,2019-02-24 07:35:22+00:00,2019-02-24 07:35:22+00:00,0,3721,139,浦添,2026-10-01T20:50:19.593663
2019,2019022404,2019-02-24 13:00:00+09:00,74788369,220300.0,1,5,オープン戦,2.0,2回裏,3,村山,嶋田,本田,笠原,,,1,2,ヤクルト,S,,376,楽天,E,,,,,,,＜6番：村上＞二死走者なし,<6 Ban: Murakami> Ni Shi Sousha Nashi,,,,,0,,,,,,,,,,,,,,,,,,,,,,,,,,,,,,,,,,,,,,,,,,,,,,,,2019-02-24 07:35:22+00:00,2019-02-24 07:35:22+00:00,0,3721,139,浦添,2026-10-01T20:50:19.593663
2019,2019022404,2019-02-24 13:00:00+09:00,74788370,220301.0,1,5,オープン戦,2.0,2回裏,3,村山,嶋田,本田,笠原,,,1,2,ヤクルト,S,,376,楽天,E,,,,,,,1球目:低めのカーブを見逃してボール 1-0,1 Tamame: Hikume no Curve wo Minogashite Ball 1-0,,,,,1,,,,,,,,,,,,,,,,,,,,,,,,,,,,,,,,,,,,,,,,,,,,,,,,2019-02-24 07:35:22+00:00,2019-02-24 07:35:22+00:00,0,3721,139,浦添,2026-10-01T20:50:19.593663
2019,2019022404,2019-02-24 13:00:00+09:00,74788371,220302.0,1,5,オープン戦,2.0,2回裏,3,村山,嶋田,本田,笠原,,,1,2,ヤクルト,S,,376,楽天,E,,,,,,,2球目:内角高め138キロのストレートを打ってファウル 1-1,2 Tamame: Naikaku Takame 138 Kilo no Straight wo Utte Foul 1-1,,,,,2,,,,,,,,,,,,,,,,,,,,,,,,,,,,,,,,,,,,,,,,,,,,,,,,2019-02-24 07:35:22+00:00,2019-02-24 07:35:22+00:00,0,3721,139,浦添,2026-10-01T20:50:19.593663
2019,2019022404,2019-02-24 13:00:00+09:00,74788372,220303.0,1,5,オープン戦,2.0,2回裏,3,村山,嶋田,本田,笠原,,,1,2,ヤクルト,S,,376,楽天,E,,,,,,,3球目:外角低めの落ちる球を空振りストライク 1-2,3 Tamame: Gaikaku Hikume no Ochiru Tama wo Karaburi Strike 1-2,,,,,3,,,,,,,,,,,,,,,,,,,,,,,,,,,,,,,,,,,,,,,,,,,,,,,,2019-02-24 07:35:22+00:00,2019-02-24 07:35:22+00:00,0,3721,139,浦添,2026-10-01T20:50:19.593663
2019,2019022404,2019-02-24 13:00:00+09:00,74788373,220304.0,1,5,オープン戦,2.0,2回裏,3,村山,嶋田,本田,笠原,,,1,2,ヤクルト,S,,376,楽天,E,,,,,,,4球目:際どいコースのストレートを見極めてボール 2-2,4 Tamame: Kiwadoi Course no Straight wo Mikiwamete Ball 2-2,,,,,4,,,,,,,,,,,,,,,,,,,,,,,,,,,,,,,,,,,,,,,,,,,,,,,,2019-02-24 07:35:22+00:00,2019-02-24 07:35:22+00:00,0,3721,139,浦添,2026-10-01T20:50:19.593663
2019,2019022404,2019-02-24 13:00:00+09:00,74788374,220305.0,1,5,オープン戦,2.0,2回裏,3,村山,嶋田,本田,笠原,,,1,2,ヤクルト,S,,376,楽天,E,,,,,,,5球目:内角高め138キロのストレートを見逃してボール 3-2,5 Tamame: Naikaku Takame 138 Kilo no Straight wo Minogashite Ball 3-2,,,,,5,,,,,,,,,,,,,,,,,,,,,,,,,,,,,,,,,,,,,,,,,,,,,,,,2019-02-24 07:35:22+00:00,2019-02-24 07:35:22+00:00,0,3721,139,浦添,2026-10-01T20:50:19.593663
2019,2019022404,2019-02-24 13:00:00+09:00,74788375,220306.0,1,5,オープン戦,2.0,2回裏,3,村山,嶋田,本田,笠原,,,1,2,ヤクルト,S,,376,楽天,E,,,,,,,6球目:外角139キロのシュートを打ってファウル 3-2,6 Tamame: Gaikaku 139 Kilo no Shoot wo Utte Foul 3-2,,,,,6,,,,,,,,,,,,,,,,,,,,,,,,,,,,,,,,,,,,,,,,,,,,,,,,2019-02-24 07:35:22+00:00,2019-02-24 07:35:22+00:00,0,3721,139,浦添,2026-10-01T20:50:19.593663
2019,2019022404,2019-02-24 13:00:00+09:00,74788376,220307.0,1,5,オープン戦,2.0,2回裏,3,村山,嶋田,本田,笠原,,,1,2,ヤクルト,S,,376,楽天,E,,,,,,,7球目:高めのスライダーを打つもライトフライ 3アウトチェンジ,7 Tamame: Takame no Slider wo Utsu mo Raito Fly 3 Out Change,,,,,7,,,,,,,,,,,,,,,,,,,,,,,,,,,,,,,,,,,,,,,,,,,,,,,,2019-02-24 07:35:22+00:00,2019-02-24 07:35:22+00:00,0,3721,139,浦添,2026-10-01T20:50:19.593663
2019,2019022404,2019-02-24 13:00:00+09:00,74788377,310100.0,1,5,オープン戦,3.0,3回表,1,村山,嶋田,本田,笠原,,,1,2,ヤクルト,S,,376,楽天,E,,,,,,,3回表 ヤ0-4楽　楽天は5番ブラッシュからの攻撃,3 Kai Hyouya 0-4 Raku Rakuten wa 5 Ban Blush kara no Kougeki,,,,,0,,,,,,,,,,,,,,,,,,,,,,,,,,,,,,,,,,,,,,,,,,,,,,,,2019-02-24 07:35:22+00:00,2019-02-24 07:35:22+00:00,0,3721,139,浦添,2026-10-01T20:50:19.593663
2019,2019022404,2019-02-24 13:00:00+09:00,74788378,310100.0,1,5,オープン戦,3.0,3回表,1,村山,嶋田,本田,笠原,,,1,2,ヤクルト,S,,376,楽天,E,,,,,,,投手交代:スアレス→石川,Toushu Koutai: Suaresu Ishikawa,,,,,0,,,,,,,,,,,,,,,,,,,,,,,,,,,,,,,,,,,,,,,,,,,,,,,,2019-02-24 07:35:22+00:00,2019-02-24 07:35:22+00:00,0,3721,139,浦添,2026-10-01T20:50:19.593663
2019,2019022404,2019-02-24 13:00:00+09:00,74788379,310100.0,1,5,オープン戦,3.0,3回表,1,村山,嶋田,本田,笠原,,,1,2,ヤクルト,S,,376,楽天,E,,,,,,,＜5番：ブラッシュ＞無死走者なし,<5 Ban: Blush> Mushi Sousha Nashi,,,,,0,,,,,,,,,,,,,,,,,,,,,,,,,,,,,,,,,,,,,,,,,,,,,,,,2019-02-24 07:35:22+00:00,2019-02-24 07:35:22+00:00,0,3721,139,浦添,2026-10-01T20:50:19.593663
2019,2019022404,2019-02-24 13:00:00+09:00,74788380,310101.0,1,5,オープン戦,3.0,3回表,1,村山,嶋田,本田,笠原,,,1,2,ヤクルト,S,,376,楽天,E,,,,,,,1球目:内角高め129キロのストレートを打ちにいくもファウル 0-1,1 Tamame: Naikaku Takame 129 Kilo no Straight wo Uchi ni Iku mo Foul 0-1,,,,,1,,,,,,,,,,,,,,,,,,,,,,,,,,,,,,,,,,,,,,,,,,,,,,,,2019-02-24 07:35:22+00:00,2019-02-24 07:35:22+00:00,0,3721,139,浦添,2026-10-01T20:50:19.593663
2019,2019022404,2019-02-24 13:00:00+09:00,74788381,310102.0,1,5,オープン戦,3.0,3回表,1,村山,嶋田,本田,笠原,,,1,2,ヤクルト,S,,376,楽天,E,,,,,,,2球目:外角112キロのチェンジアップを見逃してストライク 0-2,2 Tamame: Gaikaku 112 Kilo no Change Up wo Minogashite Strike 0-2,,,,,2,,,,,,,,,,,,,,,,,,,,,,,,,,,,,,,,,,,,,,,,,,,,,,,,2019-02-24 07:35:22+00:00,2019-02-24 07:35:22+00:00,0,3721,139,浦添,2026-10-01T20:50:19.593663
2019,2019022404,2019-02-24 13:00:00+09:00,74788382,310103.0,1,5,オープン戦,3.0,3回表,1,村山,嶋田,本田,笠原,,,1,2,ヤクルト,S,,376,楽天,E,,,,,,,3球目:甘いシンカーを打ってファウル 0-2,3 Tamame: Amai Sinker wo Utte Foul 0-2,,,,,3,,,,,,,,,,,,,,,,,,,,,,,,,,,,,,,,,,,,,,,,,,,,,,,,2019-02-24 07:35:22+00:00,2019-02-24 07:35:22+00:00,0,3721,139,浦添,2026-10-01T20:50:19.593663
2019,2019022404,2019-02-24 13:00:00+09:00,74788383,310104.0,1,5,オープン戦,3.0,3回表,1,村山,嶋田,本田,笠原,,,1,2,ヤクルト,S,,376,楽天,E,,,,,,,4球目:ワンバウンドした球に空振り、三振を喫する 1アウト,"4 Tamame: One Bound Shita Tama ni Karaburi, Sanshin wo Kissuru 1 Out",,,,,4,,,,,,,,,,,,,,,,,,,,,,,,,,,,,,,,,,,,,,,,,,,,,,,,2019-02-24 07:35:22+00:00,2019-02-24 07:35:22+00:00,0,3721,139,浦添,2026-10-01T20:50:19.593663
2019,2019022404,2019-02-24 13:00:00+09:00,74788384,310200.0,1,5,オープン戦,3.0,3回表,2,村山,嶋田,本田,笠原,,,1,2,ヤクルト,S,,376,楽天,E,,,,,,,＜6番：銀次＞一死走者なし,<6 Ban: Ginji> Ichi Shi Sousha Nashi,,,,,0,,,,,,,,,,,,,,,,,,,,,,,,,,,,,,,,,,,,,,,,,,,,,,,,2019-02-24 07:35:22+00:00,2019-02-24 07:35:22+00:00,0,3721,139,浦添,2026-10-01T20:50:19.593663
2019,2019022404,2019-02-24 13:00:00+09:00,74788385,310201.0,1,5,オープン戦,3.0,3回表,2,村山,嶋田,本田,笠原,,,1,2,ヤクルト,S,,376,楽天,E,,,,,,,1球目:西浦(遊)のファンブルにより出塁する 1塁,1 Tamame: Nishiura (Yuu) no Fumble ni Yori Shutsurui Suru 1 Rui,,,,,1,,,,,,,,,,,,,,,,,,,,,,,,,,,,,,,,,,,,,,,,,,,,,,,,2019-02-24 07:35:22+00:00,2019-02-24 07:35:22+00:00,0,3721,139,浦添,2026-10-01T20:50:19.593663
2019,2019022404,2019-02-24 13:00:00+09:00,74788386,310300.0,1,5,オープン戦,3.0,3回表,3,村山,嶋田,本田,笠原,,,1,2,ヤクルト,S,,376,楽天,E,,,,,,,＜7番：ウィーラー＞一死1塁,<7 Ban: Wheeler> Ichi Shi 1 Rui,,,,,0,,,,,,,,,,,,,,,,,,,,,,,,,,,,,,,,,,,,,,,,,,,,,,,,2019-02-24 07:35:22+00:00,2019-02-24 07:35:22+00:00,0,3721,139,浦添,2026-10-01T20:50:19.593663
2019,2019022404,2019-02-24 13:00:00+09:00,74788387,310301.0,1,5,オープン戦,3.0,3回表,3,村山,嶋田,本田,笠原,,,1,2,ヤクルト,S,,376,楽天,E,,,,,,,1球目:外角低め127キロのシュートを見逃してボール 1-0,1 Tamame: Gaikaku Hikume 127 Kilo no Shoot wo Minogashite Ball 1-0,,,,,1,,,,,,,,,,,,,,,,,,,,,,,,,,,,,,,,,,,,,,,,,,,,,,,,2019-02-24 07:35:22+00:00,2019-02-24 07:35:22+00:00,0,3721,139,浦添,2026-10-01T20:50:19.593663
2019,2019022404,2019-02-24 13:00:00+09:00,74788388,310302.0,1,5,オープン戦,3.0,3回表,3,村山,嶋田,本田,笠原,,,1,2,ヤクルト,S,,376,楽天,E,,,,,,,2球目:外角高め119キロのスライダーを打ってファウル 1-1,2 Tamame: Gaikaku Takame 119 Kilo no Slider wo Utte Foul 1-1,,,,,2,,,,,,,,,,,,,,,,,,,,,,,,,,,,,,,,,,,,,,,,,,,,,,,,2019-02-24 07:35:22+00:00,2019-02-24 07:35:22+00:00,0,3721,139,浦添,2026-10-01T20:50:19.593663
2019,2019022404,2019-02-24 13:00:00+09:00,74788389,310303.0,1,5,オープン戦,3.0,3回表,3,村山,嶋田,本田,笠原,,,1,2,ヤクルト,S,,376,楽天,E,,,,,,,3球目:内角128キロのストレートを打ってファウル 1-2,3 Tamame: Naikaku 128 Kilo no Straight wo Utte Foul 1-2,,,,,3,,,,,,,,,,,,,,,,,,,,,,,,,,,,,,,,,,,,,,,,,,,,,,,,2019-02-24 07:35:22+00:00,2019-02-24 07:35:22+00:00,0,3721,139,浦添,2026-10-01T20:50:19.593663
2019,2019022404,2019-02-24 13:00:00+09:00,74788390,310304.0,1,5,オープン戦,3.0,3回表,3,村山,嶋田,本田,笠原,,,1,2,ヤクルト,S,,376,楽天,E,,,,,,,4球目:外角低めのシンカーを見逃してボール 2-2,4 Tamame: Gaikaku Hikume no Sinker wo Minogashite Ball 2-2,,,,,4,,,,,,,,,,,,,,,,,,,,,,,,,,,,,,,,,,,,,,,,,,,,,,,,2019-02-24 07:35:22+00:00,2019-02-24 07:35:22+00:00,0,3721,139,浦添,2026-10-01T20:50:19.593663
2019,2019022404,2019-02-24 13:00:00+09:00,74788391,310300.0,1,5,オープン戦,3.0,3回表,3,村山,嶋田,本田,笠原,,,1,2,ヤクルト,S,,376,楽天,E,,,,,,,1塁けん制:ランナー銀次帰塁,1 Rui Kensei: Runner Ginji Kirui,,,,,0,,,,,,,,,,,,,,,,,,,,,,,,,,,,,,,,,,,,,,,,,,,,,,,,2019-02-24 07:35:22+00:00,2019-02-24 07:35:22+00:00,0,3721,139,浦添,2026-10-01T20:50:19.593663
2019,2019022404,2019-02-24 13:00:00+09:00,74788392,310300.0,1,5,オープン戦,3.0,3回表,3,村山,嶋田,本田,笠原,,,1,2,ヤクルト,S,,376,楽天,E,,,,,,,また1塁けん制:ランナー銀次帰塁,Mata 1 Rui Kensei: Runner Ginji Kirui,,,,,0,,,,,,,,,,,,,,,,,,,,,,,,,,,,,,,,,,,,,,,,,,,,,,,,2019-02-24 07:35:22+00:00,2019-02-24 07:35:22+00:00,0,3721,139,浦添,2026-10-01T20:50:19.593663
2019,2019022404,2019-02-24 13:00:00+09:00,74788393,310300.0,1,5,オープン戦,3.0,3回表,3,村山,嶋田,本田,笠原,,,1,2,ヤクルト,S,,376,楽天,E,,,,,,,またも1塁けん制:ランナー銀次帰塁,Mata mo 1 Rui Kensei: Runner Ginji Kirui,,,,,0,,,,,,,,,,,,,,,,,,,,,,,,,,,,,,,,,,,,,,,,,,,,,,,,2019-02-24 07:35:22+00:00,2019-02-24 07:35:22+00:00,0,3721,139,浦添,2026-10-01T20:50:19.593663
2019,2019022404,2019-02-24 13:00:00+09:00,74788394,310305.0,1,5,オープン戦,3.0,3回表,3,村山,嶋田,本田,笠原,,,1,2,ヤクルト,S,,376,楽天,E,,,,,,,5球目:低めの落ちる球を打つもファーストゴロ 2アウト2塁,5 Tamame: Hikume no Ochiru Tama wo Utsu mo First Grounder 2 Out 2 Rui,,,,,5,,,,,,,,,,,,,,,,,,,,,,,,,,,,,,,,,,,,,,,,,,,,,,,,2019-02-24 07:35:22+00:00,2019-02-24 07:35:22+00:00,0,3721,139,浦添,2026-10-01T20:50:19.593663
2019,2019022404,2019-02-24 13:00:00+09:00,74788395,310400.0,1,5,オープン戦,3.0,3回表,4,村山,嶋田,本田,笠原,,,1,2,ヤクルト,S,,376,楽天,E,,,,,,,＜8番：堀内＞二死2塁,<8 Ban: Horiuchi> Ni Shi 2 Rui,,,,,0,,,,,,,,,,,,,,,,,,,,,,,,,,,,,,,,,,,,,,,,,,,,,,,,2019-02-24 07:35:22+00:00,2019-02-24 07:35:22+00:00,0,3721,139,浦添,2026-10-01T20:50:19.593663
2019,2019022404,2019-02-24 13:00:00+09:00,74788396,310401.0,1,5,オープン戦,3.0,3回表,4,村山,嶋田,本田,笠原,,,1,2,ヤクルト,S,,376,楽天,E,,,,,,,1球目:外角低め119キロのスライダーを見逃してストライク 0-1,1 Tamame: Gaikaku Hikume 119 Kilo no Slider wo Minogashite Strike 0-1,,,,,1,,,,,,,,,,,,,,,,,,,,,,,,,,,,,,,,,,,,,,,,,,,,,,,,2019-02-24 07:35:22+00:00,2019-02-24 07:35:22+00:00,0,3721,139,浦添,2026-10-01T20:50:19.593663
2019,2019022404,2019-02-24 13:00:00+09:00,74788397,310402.0,1,5,オープン戦,3.0,3回表,4,村山,嶋田,本田,笠原,,,1,2,ヤクルト,S,,376,楽天,E,,,,,,,2球目:内角低め128キロのシュートを見逃してボール 1-1,2 Tamame: Naikaku Hikume 128 Kilo no Shoot wo Minogashite Ball 1-1,,,,,2,,,,,,,,,,,,,,,,,,,,,,,,,,,,,,,,,,,,,,,,,,,,,,,,2019-02-24 07:35:22+00:00,2019-02-24 07:35:22+00:00,0,3721,139,浦添,2026-10-01T20:50:19.593663
2019,2019022404,2019-02-24 13:00:00+09:00,74788398,310403.0,1,5,オープン戦,3.0,3回表,4,村山,嶋田,本田,笠原,,,1,2,ヤクルト,S,,376,楽天,E,,,,,,,3球目:内角低めのシュートを空振りストライク 1-2,3 Tamame: Naikaku Hikume no Shoot wo Karaburi Strike 1-2,,,,,3,,,,,,,,,,,,,,,,,,,,,,,,,,,,,,,,,,,,,,,,,,,,,,,,2019-02-24 07:35:22+00:00,2019-02-24 07:35:22+00:00,0,3721,139,浦添,2026-10-01T20:50:19.593663
2019,2019022404,2019-02-24 13:00:00+09:00,74788399,310404.0,1,5,オープン戦,3.0,3回表,4,村山,嶋田,本田,笠原,,,1,2,ヤクルト,S,,376,楽天,E,,,,,,,4球目:低めのスライダーを打つもセカンドゴロ 3アウトチェンジ,4 Tamame: Hikume no Slider wo Utsu mo Sekando Grounder 3 Out Change,,,,,4,,,,,,,,,,,,,,,,,,,,,,,,,,,,,,,,,,,,,,,,,,,,,,,,2019-02-24 07:35:22+00:00,2019-02-24 07:35:22+00:00,0,3721,139,浦添,2026-10-01T20:50:19.593663
2019,2019022404,2019-02-24 13:00:00+09:00,74788400,320100.0,1,5,オープン戦,3.0,3回裏,1,村山,嶋田,本田,笠原,,,1,2,ヤクルト,S,,376,楽天,E,,,,,,,3回裏 ヤ0-4楽　ヤクルトは7番西浦からの攻撃,3 Kai Uraya 0-4gaku Yakuruto wa 7 Ban Nishinoura kara no Kougeki,,,,,0,,,,,,,,,,,,,,,,,,,,,,,,,,,,,,,,,,,,,,,,,,,,,,,,2019-02-24 07:35:22+00:00,2019-02-24 07:35:22+00:00,0,3721,139,浦添,2026-10-01T20:50:19.593663
2019,2019022404,2019-02-24 13:00:00+09:00,74788401,320100.0,1,5,オープン戦,3.0,3回裏,1,村山,嶋田,本田,笠原,,,1,2,ヤクルト,S,,376,楽天,E,,,,,,,投手交代:美馬→藤平,Toushu Koutai: Mima Fujihira,,,,,0,,,,,,,,,,,,,,,,,,,,,,,,,,,,,,,,,,,,,,,,,,,,,,,,2019-02-24 07:35:22+00:00,2019-02-24 07:35:22+00:00,0,3721,139,浦添,2026-10-01T20:50:19.593663
2019,2019022404,2019-02-24 13:00:00+09:00,74788402,320100.0,1,5,オープン戦,3.0,3回裏,1,村山,嶋田,本田,笠原,,,1,2,ヤクルト,S,,376,楽天,E,,,,,,,＜7番：西浦＞無死走者なし,<7 Ban: Nishinoura> Mushi Sousha Nashi,,,,,0,,,,,,,,,,,,,,,,,,,,,,,,,,,,,,,,,,,,,,,,,,,,,,,,2019-02-24 07:35:22+00:00,2019-02-24 07:35:22+00:00,0,3721,139,浦添,2026-10-01T20:50:19.593663
2019,2019022404,2019-02-24 13:00:00+09:00,74788403,320101.0,1,5,オープン戦,3.0,3回裏,1,村山,嶋田,本田,笠原,,,1,2,ヤクルト,S,,376,楽天,E,,,,,,,1球目:外角高めのストレートを見逃してストライク 0-1,1 Tamame: Gaikaku Takame no Straight wo Minogashite Strike 0-1,,,,,1,,,,,,,,,,,,,,,,,,,,,,,,,,,,,,,,,,,,,,,,,,,,,,,,2019-02-24 07:35:22+00:00,2019-02-24 07:35:22+00:00,0,3721,139,浦添,2026-10-01T20:50:19.593663
2019,2019022404,2019-02-24 13:00:00+09:00,74788404,320102.0,1,5,オープン戦,3.0,3回裏,1,村山,嶋田,本田,笠原,,,1,2,ヤクルト,S,,376,楽天,E,,,,,,,2球目:外角高めのストレートを空振りストライク 0-2,2 Tamame: Gaikaku Takame no Straight wo Karaburi Strike 0-2,,,,,2,,,,,,,,,,,,,,,,,,,,,,,,,,,,,,,,,,,,,,,,,,,,,,,,2019-02-24 07:35:22+00:00,2019-02-24 07:35:22+00:00,0,3721,139,浦添,2026-10-01T20:50:19.593663
2019,2019022404,2019-02-24 13:00:00+09:00,74788405,320103.0,1,5,オープン戦,3.0,3回裏,1,村山,嶋田,本田,笠原,,,1,2,ヤクルト,S,,376,楽天,E,,,,,,,3球目:外角のストレートを打つもショートゴロ 1アウト,3 Tamame: Gaikaku no Straight wo Utsu mo Short Grounder 1 Out,,,,,3,,,,,,,,,,,,,,,,,,,,,,,,,,,,,,,,,,,,,,,,,,,,,,,,2019-02-24 07:35:22+00:00,2019-02-24 07:35:22+00:00,0,3721,139,浦添,2026-10-01T20:50:19.593663
2019,2019022404,2019-02-24 13:00:00+09:00,74788406,320200.0,1,5,オープン戦,3.0,3回裏,2,村山,嶋田,本田,笠原,,,1,2,ヤクルト,S,,376,楽天,E,,,,,,,＜8番：中村＞一死走者なし,<8 Ban: Nakamura> Ichi Shi Sousha Nashi,,,,,0,,,,,,,,,,,,,,,,,,,,,,,,,,,,,,,,,,,,,,,,,,,,,,,,2019-02-24 07:35:22+00:00,2019-02-24 07:35:22+00:00,0,3721,139,浦添,2026-10-01T20:50:19.593663
2019,2019022404,2019-02-24 13:00:00+09:00,74788407,320201.0,1,5,オープン戦,3.0,3回裏,2,村山,嶋田,本田,笠原,,,1,2,ヤクルト,S,,376,楽天,E,,,,,,,1球目:甘いスライダーを見逃してストライク 0-1,1 Tamame: Amai Slider wo Minogashite Strike 0-1,,,,,1,,,,,,,,,,,,,,,,,,,,,,,,,,,,,,,,,,,,,,,,,,,,,,,,2019-02-24 07:35:22+00:00,2019-02-24 07:35:22+00:00,0,3721,139,浦添,2026-10-01T20:50:19.593663
2019,2019022404,2019-02-24 13:00:00+09:00,74788408,320202.0,1,5,オープン戦,3.0,3回裏,2,村山,嶋田,本田,笠原,,,1,2,ヤクルト,S,,376,楽天,E,,,,,,,2球目:外角127キロのスライダーを見逃してボール 1-1,2 Tamame: Gaikaku 127 Kilo no Slider wo Minogashite Ball 1-1,,,,,2,,,,,,,,,,,,,,,,,,,,,,,,,,,,,,,,,,,,,,,,,,,,,,,,2019-02-24 07:35:22+00:00,2019-02-24 07:35:22+00:00,0,3721,139,浦添,2026-10-01T20:50:19.593663
2019,2019022404,2019-02-24 13:00:00+09:00,74788409,320203.0,1,5,オープン戦,3.0,3回裏,2,村山,嶋田,本田,笠原,,,1,2,ヤクルト,S,,376,楽天,E,,,,,,,3球目:内角高めのストレートを見逃してボール 2-1,3 Tamame: Naikaku Takame no Straight wo Minogashite Ball 2-1,,,,,3,,,,,,,,,,,,,,,,,,,,,,,,,,,,,,,,,,,,,,,,,,,,,,,,2019-02-24 07:35:22+00:00,2019-02-24 07:35:22+00:00,0,3721,139,浦添,2026-10-01T20:50:19.593663
2019,2019022404,2019-02-24 13:00:00+09:00,74788410,320204.0,1,5,オープン戦,3.0,3回裏,2,村山,嶋田,本田,笠原,,,1,2,ヤクルト,S,,376,楽天,E,,,,,,,4球目:ライトへのヒットを放つ 1塁,4 Tamame: Raito e no Hit wo Hanatsu 1 Rui,,,,,4,,,,,,,,,,,,,,,,,,,,,,,,,,,,,,,,,,,,,,,,,,,,,,,,2019-02-24 07:35:22+00:00,2019-02-24 07:35:22+00:00,0,3721,139,浦添,2026-10-01T20:50:19.593663
2019,2019022404,2019-02-24 13:00:00+09:00,74788411,320300.0,1,5,オープン戦,3.0,3回裏,3,村山,嶋田,本田,笠原,,,1,2,ヤクルト,S,,376,楽天,E,,,,,,,＜9番：塩見＞一死1塁,<9 Ban: Shiomi> Ichi Shi 1 Rui,,,,,0,,,,,,,,,,,,,,,,,,,,,,,,,,,,,,,,,,,,,,,,,,,,,,,,2019-02-24 07:35:22+00:00,2019-02-24 07:35:22+00:00,0,3721,139,浦添,2026-10-01T20:50:19.593663
2019,2019022404,2019-02-24 13:00:00+09:00,74788412,320301.0,1,5,オープン戦,3.0,3回裏,3,村山,嶋田,本田,笠原,,,1,2,ヤクルト,S,,376,楽天,E,,,,,,,1球目:高め127キロのスライダーを見逃してボール 1-0,1 Tamame: Takame 127 Kilo no Slider wo Minogashite Ball 1-0,,,,,1,,,,,,,,,,,,,,,,,,,,,,,,,,,,,,,,,,,,,,,,,,,,,,,,2019-02-24 07:35:22+00:00,2019-02-24 07:35:22+00:00,0,3721,139,浦添,2026-10-01T20:50:19.593663
2019,2019022404,2019-02-24 13:00:00+09:00,74788413,320302.0,1,5,オープン戦,3.0,3回裏,3,村山,嶋田,本田,笠原,,,1,2,ヤクルト,S,,376,楽天,E,,,,,,,2球目:外角高め126キロのスライダーを空振りストライク 1-1,2 Tamame: Gaikaku Takame 126 Kilo no Slider wo Karaburi Strike 1-1,,,,,2,,,,,,,,,,,,,,,,,,,,,,,,,,,,,,,,,,,,,,,,,,,,,,,,2019-02-24 07:35:22+00:00,2019-02-24 07:35:22+00:00,0,3721,139,浦添,2026-10-01T20:50:19.593663
2019,2019022404,2019-02-24 13:00:00+09:00,74788414,320303.0,1,5,オープン戦,3.0,3回裏,3,村山,嶋田,本田,笠原,,,1,2,ヤクルト,S,,376,楽天,E,,,,,,,3球目:高めのスライダーを見逃してボール 2-1,3 Tamame: Takame no Slider wo Minogashite Ball 2-1,,,,,3,,,,,,,,,,,,,,,,,,,,,,,,,,,,,,,,,,,,,,,,,,,,,,,,2019-02-24 07:35:22+00:00,2019-02-24 07:35:22+00:00,0,3721,139,浦添,2026-10-01T20:50:19.593663
2019,2019022404,2019-02-24 13:00:00+09:00,74788415,320304.0,1,5,オープン戦,3.0,3回裏,3,村山,嶋田,本田,笠原,,,1,2,ヤクルト,S,,376,楽天,E,,,,,,,4球目:内角高めのストレートに反応するもバットが止まりボール 3-1,4 Tamame: Naikaku Takame no Straight ni Hannou Suru mo Batto ga Tomari Ball 3-1,,,,,4,,,,,,,,,,,,,,,,,,,,,,,,,,,,,,,,,,,,,,,,,,,,,,,,2019-02-24 07:35:22+00:00,2019-02-24 07:35:22+00:00,0,3721,139,浦添,2026-10-01T20:50:19.593663
2019,2019022404,2019-02-24 13:00:00+09:00,74788416,320305.0,1,5,オープン戦,3.0,3回裏,3,村山,嶋田,本田,笠原,,,1,2,ヤクルト,S,,376,楽天,E,,,,,,,5球目:ど真ん中の球を見逃してストライク 3-2,5 Tamame: Domannaka no Tama wo Minogashite Strike 3-2,,,,,5,,,,,,,,,,,,,,,,,,,,,,,,,,,,,,,,,,,,,,,,,,,,,,,,2019-02-24 07:35:22+00:00,2019-02-24 07:35:22+00:00,0,3721,139,浦添,2026-10-01T20:50:19.593663
2019,2019022404,2019-02-24 13:00:00+09:00,74788417,320306.0,1,5,オープン戦,3.0,3回裏,3,村山,嶋田,本田,笠原,,,1,2,ヤクルト,S,,376,楽天,E,,,,,,,6球目:見逃し三振！一塁走者中村も盗塁失敗でダブルプレー 3アウトチェンジ,6 Tamame: Minogashi Sanshin! Ichirui Sousha Nakamura mo Tourui Shippai de Double Play 3 Out Change,,,,,6,,,,,,,,,,,,,,,,,,,,,,,,,,,,,,,,,,,,,,,,,,,,,,,,2019-02-24 07:35:22+00:00,2019-02-24 07:35:22+00:00,0,3721,139,浦添,2026-10-01T20:50:19.593663
2019,2019022404,2019-02-24 13:00:00+09:00,74788418,410100.0,1,5,オープン戦,4.0,4回表,1,村山,嶋田,本田,笠原,,,1,2,ヤクルト,S,,376,楽天,E,,,,,,,4回表 ヤ0-4楽　楽天は9番藤田からの攻撃,4 Kai Hyouya 0-4 Raku Rakuten wa 9 Ban Fujita kara no Kougeki,,,,,0,,,,,,,,,,,,,,,,,,,,,,,,,,,,,,,,,,,,,,,,,,,,,,,,2019-02-24 07:35:22+00:00,2019-02-24 07:35:22+00:00,0,3721,139,浦添,2026-10-01T20:50:19.593663
2019,2019022404,2019-02-24 13:00:00+09:00,74788419,410100.0,1,5,オープン戦,4.0,4回表,1,村山,嶋田,本田,笠原,,,1,2,ヤクルト,S,,376,楽天,E,,,,,,,＜9番：藤田＞無死走者なし,<9 Ban: Fujita> Mushi Sousha Nashi,,,,,0,,,,,,,,,,,,,,,,,,,,,,,,,,,,,,,,,,,,,,,,,,,,,,,,2019-02-24 07:35:22+00:00,2019-02-24 07:35:22+00:00,0,3721,139,浦添,2026-10-01T20:50:19.593663
2019,2019022404,2019-02-24 13:00:00+09:00,74788420,410101.0,1,5,オープン戦,4.0,4回表,1,村山,嶋田,本田,笠原,,,1,2,ヤクルト,S,,376,楽天,E,,,,,,,1球目:外角高め101キロのカーブを見逃してボール 1-0,1 Tamame: Gaikaku Takame 101 Kilo no Curve wo Minogashite Ball 1-0,,,,,1,,,,,,,,,,,,,,,,,,,,,,,,,,,,,,,,,,,,,,,,,,,,,,,,2019-02-24 07:35:22+00:00,2019-02-24 07:35:22+00:00,0,3721,139,浦添,2026-10-01T20:50:19.593663
2019,2019022404,2019-02-24 13:00:00+09:00,74788421,410102.0,1,5,オープン戦,4.0,4回表,1,村山,嶋田,本田,笠原,,,1,2,ヤクルト,S,,376,楽天,E,,,,,,,2球目:レフトへのヒットで出塁 1塁,2 Tamame: Left e no Hit de Shutsurui 1 Rui,,,,,2,,,,,,,,,,,,,,,,,,,,,,,,,,,,,,,,,,,,,,,,,,,,,,,,2019-02-24 07:35:22+00:00,2019-02-24 07:35:22+00:00,0,3721,139,浦添,2026-10-01T20:50:19.593663
2019,2019022404,2019-02-24 13:00:00+09:00,74788422,410200.0,1,5,オープン戦,4.0,4回表,2,村山,嶋田,本田,笠原,,,1,2,ヤクルト,S,,376,楽天,E,,,,,,,＜1番：オコエ＞無死1塁,<1 Ban: Okoe> Mushi 1 Rui,,,,,0,,,,,,,,,,,,,,,,,,,,,,,,,,,,,,,,,,,,,,,,,,,,,,,,2019-02-24 07:35:22+00:00,2019-02-24 07:35:22+00:00,0,3721,139,浦添,2026-10-01T20:50:19.593663
2019,2019022404,2019-02-24 13:00:00+09:00,74788423,410201.0,1,5,オープン戦,4.0,4回表,2,村山,嶋田,本田,笠原,,,1,2,ヤクルト,S,,376,楽天,E,,,,,,,1球目:甘いストレートを見逃してストライク 0-1,1 Tamame: Amai Straight wo Minogashite Strike 0-1,,,,,1,,,,,,,,,,,,,,,,,,,,,,,,,,,,,,,,,,,,,,,,,,,,,,,,2019-02-24 07:35:22+00:00,2019-02-24 07:35:22+00:00,0,3721,139,浦添,2026-10-01T20:50:19.593663
2019,2019022404,2019-02-24 13:00:00+09:00,74788424,410202.0,1,5,オープン戦,4.0,4回表,2,村山,嶋田,本田,笠原,,,1,2,ヤクルト,S,,376,楽天,E,,,,,,,2球目:内角低め127キロのストレートを見逃してボール 1-1,2 Tamame: Naikaku Hikume 127 Kilo no Straight wo Minogashite Ball 1-1,,,,,2,,,,,,,,,,,,,,,,,,,,,,,,,,,,,,,,,,,,,,,,,,,,,,,,2019-02-24 07:35:22+00:00,2019-02-24 07:35:22+00:00,0,3721,139,浦添,2026-10-01T20:50:19.593663
2019,2019022404,2019-02-24 13:00:00+09:00,74788425,410203.0,1,5,オープン戦,4.0,4回表,2,村山,嶋田,本田,笠原,,,1,2,ヤクルト,S,,376,楽天,E,,,,,,,3球目:内角の真っ直ぐを打つもセンターフライ 1アウト,3 Tamame: Naikaku no Massugu wo Utsu mo Center Fly 1 Out,,,,,3,,,,,,,,,,,,,,,,,,,,,,,,,,,,,,,,,,,,,,,,,,,,,,,,2019-02-24 07:35:22+00:00,2019-02-24 07:35:22+00:00,0,3721,139,浦添,2026-10-01T20:50:19.593663
2019,2019022404,2019-02-24 13:00:00+09:00,74788426,410300.0,1,5,オープン戦,4.0,4回表,3,村山,嶋田,本田,笠原,,,1,2,ヤクルト,S,,376,楽天,E,,,,,,,＜2番：田中＞一死1塁,<2 Ban: Tanaka> Ichi Shi 1 Rui,,,,,0,,,,,,,,,,,,,,,,,,,,,,,,,,,,,,,,,,,,,,,,,,,,,,,,2019-02-24 07:35:22+00:00,2019-02-24 07:35:22+00:00,0,3721,139,浦添,2026-10-01T20:50:19.593663
2019,2019022404,2019-02-24 13:00:00+09:00,74788427,410301.0,1,5,オープン戦,4.0,4回表,3,村山,嶋田,本田,笠原,,,1,2,ヤクルト,S,,376,楽天,E,,,,,,,1球目:甘いカーブを見逃してストライク 0-1,1 Tamame: Amai Curve wo Minogashite Strike 0-1,,,,,1,,,,,,,,,,,,,,,,,,,,,,,,,,,,,,,,,,,,,,,,,,,,,,,,2019-02-24 07:35:22+00:00,2019-02-24 07:35:22+00:00,0,3721,139,浦添,2026-10-01T20:50:19.593663
2019,2019022404,2019-02-24 13:00:00+09:00,74788428,410302.0,1,5,オープン戦,4.0,4回表,3,村山,嶋田,本田,笠原,,,1,2,ヤクルト,S,,376,楽天,E,,,,,,,"2球目:レフトへのヒットで出塁 1,2塁","2 Tamame: Left e no Hit de Shutsurui 1,2 Rui",,,,,2,,,,,,,,,,,,,,,,,,,,,,,,,,,,,,,,,,,,,,,,,,,,,,,,2019-02-24 07:35:22+00:00,2019-02-24 07:35:22+00:00,0,3721,139,浦添,2026-10-01T20:50:19.593663
2019,2019022404,2019-02-24 13:00:00+09:00,74788429,410400.0,1,5,オープン戦,4.0,4回表,4,村山,嶋田,本田,笠原,,,1,2,ヤクルト,S,,376,楽天,E,,,,,,,"＜3番：島内＞一死1,2塁","<3 Ban: Tounai> Ichi Shi 1,2 Rui",,,,,0,,,,,,,,,,,,,,,,,,,,,,,,,,,,,,,,,,,,,,,,,,,,,,,,2019-02-24 07:35:22+00:00,2019-02-24 07:35:22+00:00,0,3721,139,浦添,2026-10-01T20:50:19.593663
2019,2019022404,2019-02-24 13:00:00+09:00,74788430,410401.0,1,5,オープン戦,4.0,4回表,4,村山,嶋田,本田,笠原,,,1,2,ヤクルト,S,,376,楽天,E,,,,,,,1球目:外角高め128キロのストレートを見逃してストライク 0-1,1 Tamame: Gaikaku Takame 128 Kilo no Straight wo Minogashite Strike 0-1,,,,,1,,,,,,,,,,,,,,,,,,,,,,,,,,,,,,,,,,,,,,,,,,,,,,,,2019-02-24 07:35:22+00:00,2019-02-24 07:35:22+00:00,0,3721,139,浦添,2026-10-01T20:50:19.593663
2019,2019022404,2019-02-24 13:00:00+09:00,74788431,410402.0,1,5,オープン戦,4.0,4回表,4,村山,嶋田,本田,笠原,,,1,2,ヤクルト,S,,376,楽天,E,,,,,,,2球目:低めのシュートを見逃してボール 1-1,2 Tamame: Hikume no Shoot wo Minogashite Ball 1-1,,,,,2,,,,,,,,,,,,,,,,,,,,,,,,,,,,,,,,,,,,,,,,,,,,,,,,2019-02-24 07:35:22+00:00,2019-02-24 07:35:22+00:00,0,3721,139,浦添,2026-10-01T20:50:19.593663
2019,2019022404,2019-02-24 13:00:00+09:00,74788432,410403.0,1,5,オープン戦,4.0,4回表,4,村山,嶋田,本田,笠原,,,1,2,ヤクルト,S,,376,楽天,E,,,,,,,3球目:ワンバウンドのシンカーを見逃してボール 2-1,3 Tamame: One Bound no Sinker wo Minogashite Ball 2-1,,,,,3,,,,,,,,,,,,,,,,,,,,,,,,,,,,,,,,,,,,,,,,,,,,,,,,2019-02-24 07:35:22+00:00,2019-02-24 07:35:22+00:00,0,3721,139,浦添,2026-10-01T20:50:19.593663
2019,2019022404,2019-02-24 13:00:00+09:00,74788433,410404.0,1,5,オープン戦,4.0,4回表,4,村山,嶋田,本田,笠原,,,1,2,ヤクルト,S,,376,楽天,E,,,,,,,"4球目:1アウト1,2塁の2-1からセンターへのタイムリーヒット ヤ0-5楽 1,2塁","4 Tamame:1 Out 1,2 Rui no 2-1 kara Center e no Timely Hitya 0-5gaku 1,2 Rui",,,,,4,,,,,,,,,,,,,,,,,,,,,,,,,,,,,,,,,,,,,,,,,,,,,,,,2019-02-24 07:35:22+00:00,2019-02-24 07:35:22+00:00,0,3721,139,浦添,2026-10-01T20:50:19.593663
2019,2019022404,2019-02-24 13:00:00+09:00,74788434,410500.0,1,5,オープン戦,4.0,4回表,5,村山,嶋田,本田,笠原,,,1,2,ヤクルト,S,,376,楽天,E,,,,,,,"＜4番：浅村＞一死1,2塁","<4 Ban: Asa Mura> Ichi Shi 1,2 Rui",,,,,0,,,,,,,,,,,,,,,,,,,,,,,,,,,,,,,,,,,,,,,,,,,,,,,,2019-02-24 07:35:22+00:00,2019-02-24 07:35:22+00:00,0,3721,139,浦添,2026-10-01T20:50:19.593663
2019,2019022404,2019-02-24 13:00:00+09:00,74788435,410501.0,1,5,オープン戦,4.0,4回表,5,村山,嶋田,本田,笠原,,,1,2,ヤクルト,S,,376,楽天,E,,,,,,,1球目:低めのシンカーを見逃してストライク 0-1,1 Tamame: Hikume no Sinker wo Minogashite Strike 0-1,,,,,1,,,,,,,,,,,,,,,,,,,,,,,,,,,,,,,,,,,,,,,,,,,,,,,,2019-02-24 07:35:22+00:00,2019-02-24 07:35:22+00:00,0,3721,139,浦添,2026-10-01T20:50:19.593663
2019,2019022404,2019-02-24 13:00:00+09:00,74788436,410502.0,1,5,オープン戦,4.0,4回表,5,村山,嶋田,本田,笠原,,,1,2,ヤクルト,S,,376,楽天,E,,,,,,,2球目:外角低めの落ちる球を見逃してボール 1-1,2 Tamame: Gaikaku Hikume no Ochiru Tama wo Minogashite Ball 1-1,,,,,2,,,,,,,,,,,,,,,,,,,,,,,,,,,,,,,,,,,,,,,,,,,,,,,,2019-02-24 07:35:22+00:00,2019-02-24 07:35:22+00:00,0,3721,139,浦添,2026-10-01T20:50:19.593663
2019,2019022404,2019-02-24 13:00:00+09:00,74788437,410503.0,1,5,オープン戦,4.0,4回表,5,村山,嶋田,本田,笠原,,,1,2,ヤクルト,S,,376,楽天,E,,,,,,,3球目:内角のカットボールを打つもファーストライナー 2アウト,3 Tamame: Naikaku no Cut Ball wo Utsu mo First Liner 2 Out,,,,,3,,,,,,,,,,,,,,,,,,,,,,,,,,,,,,,,,,,,,,,,,,,,,,,,2019-02-24 07:35:22+00:00,2019-02-24 07:35:22+00:00,0,3721,139,浦添,2026-10-01T20:50:19.593663
2019,2019022404,2019-02-24 13:00:00+09:00,74788438,410600.0,1,5,オープン戦,4.0,4回表,6,村山,嶋田,本田,笠原,,,1,2,ヤクルト,S,,376,楽天,E,,,,,,,"＜5番：ブラッシュ＞二死1,2塁","<5 Ban: Blush> Ni Shi 1,2 Rui",,,,,0,,,,,,,,,,,,,,,,,,,,,,,,,,,,,,,,,,,,,,,,,,,,,,,,2019-02-24 07:35:22+00:00,2019-02-24 07:35:22+00:00,0,3721,139,浦添,2026-10-01T20:50:19.593663
2019,2019022404,2019-02-24 13:00:00+09:00,74788439,410601.0,1,5,オープン戦,4.0,4回表,6,村山,嶋田,本田,笠原,,,1,2,ヤクルト,S,,376,楽天,E,,,,,,,1球目:ワンバウンドのシンカーを見逃してボール 1-0,1 Tamame: One Bound no Sinker wo Minogashite Ball 1-0,,,,,1,,,,,,,,,,,,,,,,,,,,,,,,,,,,,,,,,,,,,,,,,,,,,,,,2019-02-24 07:35:22+00:00,2019-02-24 07:35:22+00:00,0,3721,139,浦添,2026-10-01T20:50:19.593663
2019,2019022404,2019-02-24 13:00:00+09:00,74788440,410602.0,1,5,オープン戦,4.0,4回表,6,村山,嶋田,本田,笠原,,,1,2,ヤクルト,S,,376,楽天,E,,,,,,,2球目:外角低め120キロのシンカーを空振りストライク 1-1,2 Tamame: Gaikaku Hikume 120 Kilo no Sinker wo Karaburi Strike 1-1,,,,,2,,,,,,,,,,,,,,,,,,,,,,,,,,,,,,,,,,,,,,,,,,,,,,,,2019-02-24 07:35:22+00:00,2019-02-24 07:35:22+00:00,0,3721,139,浦添,2026-10-01T20:50:19.593663
2019,2019022404,2019-02-24 13:00:00+09:00,74788441,410603.0,1,5,オープン戦,4.0,4回表,6,村山,嶋田,本田,笠原,,,1,2,ヤクルト,S,,376,楽天,E,,,,,,,3球目:デッドボールを受ける 満塁,3 Tamame: Dead Ball wo Ukeru Manrui,,,,,3,,,,,,,,,,,,,,,,,,,,,,,,,,,,,,,,,,,,,,,,,,,,,,,,2019-02-24 07:35:22+00:00,2019-02-24 07:35:22+00:00,0,3721,139,浦添,2026-10-01T20:50:19.593663
2019,2019022404,2019-02-24 13:00:00+09:00,74788442,410700.0,1,5,オープン戦,4.0,4回表,7,村山,嶋田,本田,笠原,,,1,2,ヤクルト,S,,376,楽天,E,,,,,,,1塁ブラッシュ→代走:内田,1 Rui Blush Daisou: Uchida,,,,,0,,,,,,,,,,,,,,,,,,,,,,,,,,,,,,,,,,,,,,,,,,,,,,,,2019-02-24 07:35:22+00:00,2019-02-24 07:35:22+00:00,0,3721,139,浦添,2026-10-01T20:50:19.593663
2019,2019022404,2019-02-24 13:00:00+09:00,74788443,410700.0,1,5,オープン戦,4.0,4回表,7,村山,嶋田,本田,笠原,,,1,2,ヤクルト,S,,376,楽天,E,,,,,,,＜6番：銀次＞二死満塁,<6 Ban: Ginji> Ni Shi Manrui,,,,,0,,,,,,,,,,,,,,,,,,,,,,,,,,,,,,,,,,,,,,,,,,,,,,,,2019-02-24 07:35:22+00:00,2019-02-24 07:35:22+00:00,0,3721,139,浦添,2026-10-01T20:50:19.593663
2019,2019022404,2019-02-24 13:00:00+09:00,74788444,410701.0,1,5,オープン戦,4.0,4回表,7,村山,嶋田,本田,笠原,,,1,2,ヤクルト,S,,376,楽天,E,,,,,,,1球目:外角低めの変化球を見逃してボール 1-0,1 Tamame: Gaikaku Hikume no Henka Kyuu wo Minogashite Ball 1-0,,,,,1,,,,,,,,,,,,,,,,,,,,,,,,,,,,,,,,,,,,,,,,,,,,,,,,2019-02-24 07:35:22+00:00,2019-02-24 07:35:22+00:00,0,3721,139,浦添,2026-10-01T20:50:19.593663
2019,2019022404,2019-02-24 13:00:00+09:00,74788445,410702.0,1,5,オープン戦,4.0,4回表,7,村山,嶋田,本田,笠原,,,1,2,ヤクルト,S,,376,楽天,E,,,,,,,2球目:際どいコースのストレートを見逃してボール 2-0,2 Tamame: Kiwadoi Course no Straight wo Minogashite Ball 2-0,,,,,2,,,,,,,,,,,,,,,,,,,,,,,,,,,,,,,,,,,,,,,,,,,,,,,,2019-02-24 07:35:22+00:00,2019-02-24 07:35:22+00:00,0,3721,139,浦添,2026-10-01T20:50:19.593663
2019,2019022404,2019-02-24 13:00:00+09:00,74788446,410703.0,1,5,オープン戦,4.0,4回表,7,村山,嶋田,本田,笠原,,,1,2,ヤクルト,S,,376,楽天,E,,,,,,,3球目:外角低め127キロのカットボールを見逃してボール 3-0,3 Tamame: Gaikaku Hikume 127 Kilo no Cut Ball wo Minogashite Ball 3-0,,,,,3,,,,,,,,,,,,,,,,,,,,,,,,,,,,,,,,,,,,,,,,,,,,,,,,2019-02-24 07:35:22+00:00,2019-02-24 07:35:22+00:00,0,3721,139,浦添,2026-10-01T20:50:19.593663
2019,2019022404,2019-02-24 13:00:00+09:00,74788447,410704.0,1,5,オープン戦,4.0,4回表,7,村山,嶋田,本田,笠原,,,1,2,ヤクルト,S,,376,楽天,E,,,,,,,4球目:ど真ん中の球を打ってファウル 3-1,4 Tamame: Domannaka no Tama wo Utte Foul 3-1,,,,,4,,,,,,,,,,,,,,,,,,,,,,,,,,,,,,,,,,,,,,,,,,,,,,,,2019-02-24 07:35:22+00:00,2019-02-24 07:35:22+00:00,0,3721,139,浦添,2026-10-01T20:50:19.593663
2019,2019022404,2019-02-24 13:00:00+09:00,74788448,410705.0,1,5,オープン戦,4.0,4回表,7,村山,嶋田,本田,笠原,,,1,2,ヤクルト,S,,376,楽天,E,,,,,,,5球目:甘い変化球を見逃してストライク 3-2,5 Tamame: Amai Henka Kyuu wo Minogashite Strike 3-2,,,,,5,,,,,,,,,,,,,,,,,,,,,,,,,,,,,,,,,,,,,,,,,,,,,,,,2019-02-24 07:35:22+00:00,2019-02-24 07:35:22+00:00,0,3721,139,浦添,2026-10-01T20:50:19.593663
2019,2019022404,2019-02-24 13:00:00+09:00,74788449,410706.0,1,5,オープン戦,4.0,4回表,7,村山,嶋田,本田,笠原,,,1,2,ヤクルト,S,,376,楽天,E,,,,,,,6球目:二死満塁フルカウントの場面で内角のシュートに空振り三振 3アウトチェンジ,6 Tamame: Ni Shi Manrui Full Count no Bamen de Naikaku no Shoot ni Karaburi Sanshin 3 Out Change,,,,,6,,,,,,,,,,,,,,,,,,,,,,,,,,,,,,,,,,,,,,,,,,,,,,,,2019-02-24 07:35:22+00:00,2019-02-24 07:35:22+00:00,0,3721,139,浦添,2026-10-01T20:50:19.593663
2019,2019022404,2019-02-24 13:00:00+09:00,74788450,420100.0,1,5,オープン戦,4.0,4回裏,1,村山,嶋田,本田,笠原,,,1,2,ヤクルト,S,,376,楽天,E,,,,,,,4回裏 ヤ0-5楽　ヤクルトは1番坂口からの攻撃,4 Kai Uraya 0-5gaku Yakuruto wa 1 Ban Sakaguchi kara no Kougeki,,,,,0,,,,,,,,,,,,,,,,,,,,,,,,,,,,,,,,,,,,,,,,,,,,,,,,2019-02-24 07:35:22+00:00,2019-02-24 07:35:22+00:00,0,3721,139,浦添,2026-10-01T20:50:19.593663
2019,2019022404,2019-02-24 13:00:00+09:00,74788451,420100.0,1,5,オープン戦,4.0,4回裏,1,村山,嶋田,本田,笠原,,,1,2,ヤクルト,S,,376,楽天,E,,,,,,,守備変更:内田→ファースト,Shubi Henkou: Uchida First,,,,,0,,,,,,,,,,,,,,,,,,,,,,,,,,,,,,,,,,,,,,,,,,,,,,,,2019-02-24 07:35:22+00:00,2019-02-24 07:35:22+00:00,0,3721,139,浦添,2026-10-01T20:50:19.593663
2019,2019022404,2019-02-24 13:00:00+09:00,74788452,420100.0,1,5,オープン戦,4.0,4回裏,1,村山,嶋田,本田,笠原,,,1,2,ヤクルト,S,,376,楽天,E,,,,,,,守備交代:セカンド渡邊佳,Shubi Koutai: Sekando Watanabe Kei,,,,,0,,,,,,,,,,,,,,,,,,,,,,,,,,,,,,,,,,,,,,,,,,,,,,,,2019-02-24 07:35:22+00:00,2019-02-24 07:35:22+00:00,0,3721,139,浦添,2026-10-01T20:50:19.593663
2019,2019022404,2019-02-24 13:00:00+09:00,74788453,420100.0,1,5,オープン戦,4.0,4回裏,1,村山,嶋田,本田,笠原,,,1,2,ヤクルト,S,,376,楽天,E,,,,,,,＜1番：坂口＞無死走者なし,<1 Ban: Sakaguchi> Mushi Sousha Nashi,,,,,0,,,,,,,,,,,,,,,,,,,,,,,,,,,,,,,,,,,,,,,,,,,,,,,,2019-02-24 07:35:22+00:00,2019-02-24 07:35:22+00:00,0,3721,139,浦添,2026-10-01T20:50:19.593663
2019,2019022404,2019-02-24 13:00:00+09:00,74788454,420101.0,1,5,オープン戦,4.0,4回裏,1,村山,嶋田,本田,笠原,,,1,2,ヤクルト,S,,376,楽天,E,,,,,,,1球目:外角高めのストレートを見逃してストライク 0-1,1 Tamame: Gaikaku Takame no Straight wo Minogashite Strike 0-1,,,,,1,,,,,,,,,,,,,,,,,,,,,,,,,,,,,,,,,,,,,,,,,,,,,,,,2019-02-24 07:35:22+00:00,2019-02-24 07:35:22+00:00,0,3721,139,浦添,2026-10-01T20:50:19.593663
2019,2019022404,2019-02-24 13:00:00+09:00,74788455,420102.0,1,5,オープン戦,4.0,4回裏,1,村山,嶋田,本田,笠原,,,1,2,ヤクルト,S,,376,楽天,E,,,,,,,2球目:高めのつり球には反応せずボール 1-1,2 Tamame: Takame no Tsuri Tama ni wa Hannou Sezu Ball 1-1,,,,,2,,,,,,,,,,,,,,,,,,,,,,,,,,,,,,,,,,,,,,,,,,,,,,,,2019-02-24 07:35:22+00:00,2019-02-24 07:35:22+00:00,0,3721,139,浦添,2026-10-01T20:50:19.593663
2019,2019022404,2019-02-24 13:00:00+09:00,74788456,420103.0,1,5,オープン戦,4.0,4回裏,1,村山,嶋田,本田,笠原,,,1,2,ヤクルト,S,,376,楽天,E,,,,,,,3球目:外角高めのストレートを見逃してストライク 1-2,3 Tamame: Gaikaku Takame no Straight wo Minogashite Strike 1-2,,,,,3,,,,,,,,,,,,,,,,,,,,,,,,,,,,,,,,,,,,,,,,,,,,,,,,2019-02-24 07:35:22+00:00,2019-02-24 07:35:22+00:00,0,3721,139,浦添,2026-10-01T20:50:19.593663
2019,2019022404,2019-02-24 13:00:00+09:00,74788457,420104.0,1,5,オープン戦,4.0,4回裏,1,村山,嶋田,本田,笠原,,,1,2,ヤクルト,S,,376,楽天,E,,,,,,,4球目:内角の真っ直ぐを打つもファーストフライ 1アウト,4 Tamame: Naikaku no Massugu wo Utsu mo First Fly 1 Out,,,,,4,,,,,,,,,,,,,,,,,,,,,,,,,,,,,,,,,,,,,,,,,,,,,,,,2019-02-24 07:35:22+00:00,2019-02-24 07:35:22+00:00,0,3721,139,浦添,2026-10-01T20:50:19.593663
2019,2019022404,2019-02-24 13:00:00+09:00,74788458,420200.0,1,5,オープン戦,4.0,4回裏,2,村山,嶋田,本田,笠原,,,1,2,ヤクルト,S,,376,楽天,E,,,,,,,＜2番：青木＞一死走者なし,<2 Ban: Aoki> Ichi Shi Sousha Nashi,,,,,0,,,,,,,,,,,,,,,,,,,,,,,,,,,,,,,,,,,,,,,,,,,,,,,,2019-02-24 07:35:22+00:00,2019-02-24 07:35:22+00:00,0,3721,139,浦添,2026-10-01T20:50:19.593663
2019,2019022404,2019-02-24 13:00:00+09:00,74788459,420201.0,1,5,オープン戦,4.0,4回裏,2,村山,嶋田,本田,笠原,,,1,2,ヤクルト,S,,376,楽天,E,,,,,,,1球目:内角高めのストレートを見逃してボール 1-0,1 Tamame: Naikaku Takame no Straight wo Minogashite Ball 1-0,,,,,1,,,,,,,,,,,,,,,,,,,,,,,,,,,,,,,,,,,,,,,,,,,,,,,,2019-02-24 07:35:22+00:00,2019-02-24 07:35:22+00:00,0,3721,139,浦添,2026-10-01T20:50:19.593663
2019,2019022404,2019-02-24 13:00:00+09:00,74788460,420202.0,1,5,オープン戦,4.0,4回裏,2,村山,嶋田,本田,笠原,,,1,2,ヤクルト,S,,376,楽天,E,,,,,,,2球目:外角高めのストレートを打ってファウル 1-1,2 Tamame: Gaikaku Takame no Straight wo Utte Foul 1-1,,,,,2,,,,,,,,,,,,,,,,,,,,,,,,,,,,,,,,,,,,,,,,,,,,,,,,2019-02-24 07:35:22+00:00,2019-02-24 07:35:22+00:00,0,3721,139,浦添,2026-10-01T20:50:19.593663
2019,2019022404,2019-02-24 13:00:00+09:00,74788461,420203.0,1,5,オープン戦,4.0,4回裏,2,村山,嶋田,本田,笠原,,,1,2,ヤクルト,S,,376,楽天,E,,,,,,,3球目:内角高め114キロのカーブを見逃してストライク 1-2,3 Tamame: Naikaku Takame 114 Kilo no Curve wo Minogashite Strike 1-2,,,,,3,,,,,,,,,,,,,,,,,,,,,,,,,,,,,,,,,,,,,,,,,,,,,,,,2019-02-24 07:35:22+00:00,2019-02-24 07:35:22+00:00,0,3721,139,浦添,2026-10-01T20:50:19.593663
2019,2019022404,2019-02-24 13:00:00+09:00,74788462,420204.0,1,5,オープン戦,4.0,4回裏,2,村山,嶋田,本田,笠原,,,1,2,ヤクルト,S,,376,楽天,E,,,,,,,4球目:高めのスライダーを打ってファウル 1-2,4 Tamame: Takame no Slider wo Utte Foul 1-2,,,,,4,,,,,,,,,,,,,,,,,,,,,,,,,,,,,,,,,,,,,,,,,,,,,,,,2019-02-24 07:35:22+00:00,2019-02-24 07:35:22+00:00,0,3721,139,浦添,2026-10-01T20:50:19.593663
2019,2019022404,2019-02-24 13:00:00+09:00,74788463,420205.0,1,5,オープン戦,4.0,4回裏,2,村山,嶋田,本田,笠原,,,1,2,ヤクルト,S,,376,楽天,E,,,,,,,5球目:高めのストレートに反応するもバットが止まりボール 2-2,5 Tamame: Takame no Straight ni Hannou Suru mo Batto ga Tomari Ball 2-2,,,,,5,,,,,,,,,,,,,,,,,,,,,,,,,,,,,,,,,,,,,,,,,,,,,,,,2019-02-24 07:35:22+00:00,2019-02-24 07:35:22+00:00,0,3721,139,浦添,2026-10-01T20:50:19.593663
2019,2019022404,2019-02-24 13:00:00+09:00,74788464,420206.0,1,5,オープン戦,4.0,4回裏,2,村山,嶋田,本田,笠原,,,1,2,ヤクルト,S,,376,楽天,E,,,,,,,6球目:外角高め138キロのストレートを見逃してボール 3-2,6 Tamame: Gaikaku Takame 138 Kilo no Straight wo Minogashite Ball 3-2,,,,,6,,,,,,,,,,,,,,,,,,,,,,,,,,,,,,,,,,,,,,,,,,,,,,,,2019-02-24 07:35:22+00:00,2019-02-24 07:35:22+00:00,0,3721,139,浦添,2026-10-01T20:50:19.593663
2019,2019022404,2019-02-24 13:00:00+09:00,74788465,420207.0,1,5,オープン戦,4.0,4回裏,2,村山,嶋田,本田,笠原,,,1,2,ヤクルト,S,,376,楽天,E,,,,,,,7球目:高めの真っ直ぐを打つもセカンドフライ 2アウト,7 Tamame: Takame no Massugu wo Utsu mo Sekando Fly 2 Out,,,,,7,,,,,,,,,,,,,,,,,,,,,,,,,,,,,,,,,,,,,,,,,,,,,,,,2019-02-24 07:35:22+00:00,2019-02-24 07:35:22+00:00,0,3721,139,浦添,2026-10-01T20:50:19.593663
2019,2019022404,2019-02-24 13:00:00+09:00,74788466,420300.0,1,5,オープン戦,4.0,4回裏,3,村山,嶋田,本田,笠原,,,1,2,ヤクルト,S,,376,楽天,E,,,,,,,＜3番：山田哲＞二死走者なし,<3 Ban: Yamada Akira> Ni Shi Sousha Nashi,,,,,0,,,,,,,,,,,,,,,,,,,,,,,,,,,,,,,,,,,,,,,,,,,,,,,,2019-02-24 07:35:22+00:00,2019-02-24 07:35:22+00:00,0,3721,139,浦添,2026-10-01T20:50:19.593663
2019,2019022404,2019-02-24 13:00:00+09:00,74788467,420301.0,1,5,オープン戦,4.0,4回裏,3,村山,嶋田,本田,笠原,,,1,2,ヤクルト,S,,376,楽天,E,,,,,,,1球目:内角高め137キロのストレートを見逃してボール 1-0,1 Tamame: Naikaku Takame 137 Kilo no Straight wo Minogashite Ball 1-0,,,,,1,,,,,,,,,,,,,,,,,,,,,,,,,,,,,,,,,,,,,,,,,,,,,,,,2019-02-24 07:35:22+00:00,2019-02-24 07:35:22+00:00,0,3721,139,浦添,2026-10-01T20:50:19.593663
2019,2019022404,2019-02-24 13:00:00+09:00,74788468,420302.0,1,5,オープン戦,4.0,4回裏,3,村山,嶋田,本田,笠原,,,1,2,ヤクルト,S,,376,楽天,E,,,,,,,2球目:高め125キロのスライダーを見逃してストライク 1-1,2 Tamame: Takame 125 Kilo no Slider wo Minogashite Strike 1-1,,,,,2,,,,,,,,,,,,,,,,,,,,,,,,,,,,,,,,,,,,,,,,,,,,,,,,2019-02-24 07:35:22+00:00,2019-02-24 07:35:22+00:00,0,3721,139,浦添,2026-10-01T20:50:19.593663
2019,2019022404,2019-02-24 13:00:00+09:00,74788469,420303.0,1,5,オープン戦,4.0,4回裏,3,村山,嶋田,本田,笠原,,,1,2,ヤクルト,S,,376,楽天,E,,,,,,,3球目:甘い変化球を空振りストライク 1-2,3 Tamame: Amai Henka Kyuu wo Karaburi Strike 1-2,,,,,3,,,,,,,,,,,,,,,,,,,,,,,,,,,,,,,,,,,,,,,,,,,,,,,,2019-02-24 07:35:22+00:00,2019-02-24 07:35:22+00:00,0,3721,139,浦添,2026-10-01T20:50:19.593663
2019,2019022404,2019-02-24 13:00:00+09:00,74788470,420304.0,1,5,オープン戦,4.0,4回裏,3,村山,嶋田,本田,笠原,,,1,2,ヤクルト,S,,376,楽天,E,,,,,,,4球目:高めのストレートを見逃してボール 2-2,4 Tamame: Takame no Straight wo Minogashite Ball 2-2,,,,,4,,,,,,,,,,,,,,,,,,,,,,,,,,,,,,,,,,,,,,,,,,,,,,,,2019-02-24 07:35:22+00:00,2019-02-24 07:35:22+00:00,0,3721,139,浦添,2026-10-01T20:50:19.593663
2019,2019022404,2019-02-24 13:00:00+09:00,74788471,420305.0,1,5,オープン戦,4.0,4回裏,3,村山,嶋田,本田,笠原,,,1,2,ヤクルト,S,,376,楽天,E,,,,,,,5球目:外角高めのストレートを打ってファウル 2-2,5 Tamame: Gaikaku Takame no Straight wo Utte Foul 2-2,,,,,5,,,,,,,,,,,,,,,,,,,,,,,,,,,,,,,,,,,,,,,,,,,,,,,,2019-02-24 07:35:22+00:00,2019-02-24 07:35:22+00:00,0,3721,139,浦添,2026-10-01T20:50:19.593663
2019,2019022404,2019-02-24 13:00:00+09:00,74788472,420306.0,1,5,オープン戦,4.0,4回裏,3,村山,嶋田,本田,笠原,,,1,2,ヤクルト,S,,376,楽天,E,,,,,,,6球目:外角低めのスライダーを見逃してボール 3-2,6 Tamame: Gaikaku Hikume no Slider wo Minogashite Ball 3-2,,,,,6,,,,,,,,,,,,,,,,,,,,,,,,,,,,,,,,,,,,,,,,,,,,,,,,2019-02-24 07:35:22+00:00,2019-02-24 07:35:22+00:00,0,3721,139,浦添,2026-10-01T20:50:19.593663
2019,2019022404,2019-02-24 13:00:00+09:00,74788473,420307.0,1,5,オープン戦,4.0,4回裏,3,村山,嶋田,本田,笠原,,,1,2,ヤクルト,S,,376,楽天,E,,,,,,,7球目:外角高めのストレートを打ってファウル 3-2,7 Tamame: Gaikaku Takame no Straight wo Utte Foul 3-2,,,,,7,,,,,,,,,,,,,,,,,,,,,,,,,,,,,,,,,,,,,,,,,,,,,,,,2019-02-24 07:35:22+00:00,2019-02-24 07:35:22+00:00,0,3721,139,浦添,2026-10-01T20:50:19.593663
2019,2019022404,2019-02-24 13:00:00+09:00,74788474,420308.0,1,5,オープン戦,4.0,4回裏,3,村山,嶋田,本田,笠原,,,1,2,ヤクルト,S,,376,楽天,E,,,,,,,8球目:外角のストレートを打つもショートライナー 3アウトチェンジ,8 Tamame: Gaikaku no Straight wo Utsu mo Short Liner 3 Out Change,,,,,8,,,,,,,,,,,,,,,,,,,,,,,,,,,,,,,,,,,,,,,,,,,,,,,,2019-02-24 07:35:22+00:00,2019-02-24 07:35:22+00:00,0,3721,139,浦添,2026-10-01T20:50:19.593663
2019,2019022404,2019-02-24 13:00:00+09:00,74788475,510100.0,1,5,オープン戦,5.0,5回表,1,村山,嶋田,本田,笠原,,,1,2,ヤクルト,S,,376,楽天,E,,,,,,,5回表 ヤ0-5楽　楽天は7番ウィーラーからの攻撃,5 Kai Hyouya 0-5 Raku Rakuten wa 7 Ban Wheeler kara no Kougeki,,,,,0,,,,,,,,,,,,,,,,,,,,,,,,,,,,,,,,,,,,,,,,,,,,,,,,2019-02-24 07:35:22+00:00,2019-02-24 07:35:22+00:00,0,3721,139,浦添,2026-10-01T20:50:19.593663
2019,2019022404,2019-02-24 13:00:00+09:00,74788476,510100.0,1,5,オープン戦,5.0,5回表,1,村山,嶋田,本田,笠原,,,1,2,ヤクルト,S,,376,楽天,E,,,,,,,投手交代:石川→マクガフ　守備交代:ファースト廣岡　守備交代:センター上田　守備交代:セカンド吉田,Toushu Koutai: Ishikawa Makugafu Shubi Koutai: First Hirooka Shubi Koutai: Center Ueda Shubi Koutai: Sekando Yoshida,,,,,0,,,,,,,,,,,,,,,,,,,,,,,,,,,,,,,,,,,,,,,,,,,,,,,,2019-02-24 07:35:22+00:00,2019-02-24 07:35:22+00:00,0,3721,139,浦添,2026-10-01T20:50:19.593663
2019,2019022404,2019-02-24 13:00:00+09:00,74788477,510100.0,1,5,オープン戦,5.0,5回表,1,村山,嶋田,本田,笠原,,,1,2,ヤクルト,S,,376,楽天,E,,,,,,,＜7番：ウィーラー＞無死走者なし,<7 Ban: Wheeler> Mushi Sousha Nashi,,,,,0,,,,,,,,,,,,,,,,,,,,,,,,,,,,,,,,,,,,,,,,,,,,,,,,2019-02-24 07:35:22+00:00,2019-02-24 07:35:22+00:00,0,3721,139,浦添,2026-10-01T20:50:19.593663
2019,2019022404,2019-02-24 13:00:00+09:00,74788478,510101.0,1,5,オープン戦,5.0,5回表,1,村山,嶋田,本田,笠原,,,1,2,ヤクルト,S,,376,楽天,E,,,,,,,1球目:外角高めのストレートを見逃してストライク 0-1,1 Tamame: Gaikaku Takame no Straight wo Minogashite Strike 0-1,,,,,1,,,,,,,,,,,,,,,,,,,,,,,,,,,,,,,,,,,,,,,,,,,,,,,,2019-02-24 07:35:22+00:00,2019-02-24 07:35:22+00:00,0,3721,139,浦添,2026-10-01T20:50:19.593663
2019,2019022404,2019-02-24 13:00:00+09:00,74788479,510102.0,1,5,オープン戦,5.0,5回表,1,村山,嶋田,本田,笠原,,,1,2,ヤクルト,S,,376,楽天,E,,,,,,,2球目:外角低めのストレートを打ってファウル 0-2,2 Tamame: Gaikaku Hikume no Straight wo Utte Foul 0-2,,,,,2,,,,,,,,,,,,,,,,,,,,,,,,,,,,,,,,,,,,,,,,,,,,,,,,2019-02-24 07:35:22+00:00,2019-02-24 07:35:22+00:00,0,3721,139,浦添,2026-10-01T20:50:19.593663
2019,2019022404,2019-02-24 13:00:00+09:00,74788480,510103.0,1,5,オープン戦,5.0,5回表,1,村山,嶋田,本田,笠原,,,1,2,ヤクルト,S,,376,楽天,E,,,,,,,3球目:ど真ん中の球を打ってファウル 0-2,3 Tamame: Domannaka no Tama wo Utte Foul 0-2,,,,,3,,,,,,,,,,,,,,,,,,,,,,,,,,,,,,,,,,,,,,,,,,,,,,,,2019-02-24 07:35:22+00:00,2019-02-24 07:35:22+00:00,0,3721,139,浦添,2026-10-01T20:50:19.593663
2019,2019022404,2019-02-24 13:00:00+09:00,74788481,510104.0,1,5,オープン戦,5.0,5回表,1,村山,嶋田,本田,笠原,,,1,2,ヤクルト,S,,376,楽天,E,,,,,,,4球目:際どいコースのストレートを見極めてボール 1-2,4 Tamame: Kiwadoi Course no Straight wo Mikiwamete Ball 1-2,,,,,4,,,,,,,,,,,,,,,,,,,,,,,,,,,,,,,,,,,,,,,,,,,,,,,,2019-02-24 07:35:22+00:00,2019-02-24 07:35:22+00:00,0,3721,139,浦添,2026-10-01T20:50:19.593663
2019,2019022404,2019-02-24 13:00:00+09:00,74788482,510105.0,1,5,オープン戦,5.0,5回表,1,村山,嶋田,本田,笠原,,,1,2,ヤクルト,S,,376,楽天,E,,,,,,,5球目:外角137キロのスライダーを打ってファウル 1-2,5 Tamame: Gaikaku 137 Kilo no Slider wo Utte Foul 1-2,,,,,5,,,,,,,,,,,,,,,,,,,,,,,,,,,,,,,,,,,,,,,,,,,,,,,,2019-02-24 07:35:22+00:00,2019-02-24 07:35:22+00:00,0,3721,139,浦添,2026-10-01T20:50:19.593663
2019,2019022404,2019-02-24 13:00:00+09:00,74788483,510106.0,1,5,オープン戦,5.0,5回表,1,村山,嶋田,本田,笠原,,,1,2,ヤクルト,S,,376,楽天,E,,,,,,,6球目:レフトへのヒットを放つ 1塁,6 Tamame: Left e no Hit wo Hanatsu 1 Rui,,,,,6,,,,,,,,,,,,,,,,,,,,,,,,,,,,,,,,,,,,,,,,,,,,,,,,2019-02-24 07:35:22+00:00,2019-02-24 07:35:22+00:00,0,3721,139,浦添,2026-10-01T20:50:19.593663
2019,2019022404,2019-02-24 13:00:00+09:00,74788484,510200.0,1,5,オープン戦,5.0,5回表,2,村山,嶋田,本田,笠原,,,1,2,ヤクルト,S,,376,楽天,E,,,,,,,＜8番：堀内＞無死1塁,<8 Ban: Horiuchi> Mushi 1 Rui,,,,,0,,,,,,,,,,,,,,,,,,,,,,,,,,,,,,,,,,,,,,,,,,,,,,,,2019-02-24 07:35:22+00:00,2019-02-24 07:35:22+00:00,0,3721,139,浦添,2026-10-01T20:50:19.593663
2019,2019022404,2019-02-24 13:00:00+09:00,74788485,510201.0,1,5,オープン戦,5.0,5回表,2,村山,嶋田,本田,笠原,,,1,2,ヤクルト,S,,376,楽天,E,,,,,,,1球目:バントの構えを見せるも外角低めの球を見逃しボール 1-0,1 Tamame: Bunt no Kamae wo Miseru mo Gaikaku Hikume no Tama wo Minogashi Ball 1-0,,,,,1,,,,,,,,,,,,,,,,,,,,,,,,,,,,,,,,,,,,,,,,,,,,,,,,2019-02-24 07:35:22+00:00,2019-02-24 07:35:22+00:00,0,3721,139,浦添,2026-10-01T20:50:19.593663
2019,2019022404,2019-02-24 13:00:00+09:00,74788486,510200.0,1,5,オープン戦,5.0,5回表,2,村山,嶋田,本田,笠原,,,1,2,ヤクルト,S,,376,楽天,E,,,,,,,1塁けん制:ランナーウィーラー帰塁,1 Rui Kensei: Runner Wheeler Kirui,,,,,0,,,,,,,,,,,,,,,,,,,,,,,,,,,,,,,,,,,,,,,,,,,,,,,,2019-02-24 07:35:22+00:00,2019-02-24 07:35:22+00:00,0,3721,139,浦添,2026-10-01T20:50:19.593663
2019,2019022404,2019-02-24 13:00:00+09:00,74788487,510202.0,1,5,オープン戦,5.0,5回表,2,村山,嶋田,本田,笠原,,,1,2,ヤクルト,S,,376,楽天,E,,,,,,,2球目:バントの構えを見せるも外角低めの球を見逃しボール 2-0,2 Tamame: Bunt no Kamae wo Miseru mo Gaikaku Hikume no Tama wo Minogashi Ball 2-0,,,,,2,,,,,,,,,,,,,,,,,,,,,,,,,,,,,,,,,,,,,,,,,,,,,,,,2019-02-24 07:35:22+00:00,2019-02-24 07:35:22+00:00,0,3721,139,浦添,2026-10-01T20:50:19.593663
2019,2019022404,2019-02-24 13:00:00+09:00,74788488,510203.0,1,5,オープン戦,5.0,5回表,2,村山,嶋田,本田,笠原,,,1,2,ヤクルト,S,,376,楽天,E,,,,,,,3球目:バントの構えを見せるも内角低めの球を見逃しボール 3-0,3 Tamame: Bunt no Kamae wo Miseru mo Naikaku Hikume no Tama wo Minogashi Ball 3-0,,,,,3,,,,,,,,,,,,,,,,,,,,,,,,,,,,,,,,,,,,,,,,,,,,,,,,2019-02-24 07:35:22+00:00,2019-02-24 07:35:22+00:00,0,3721,139,浦添,2026-10-01T20:50:19.593663
2019,2019022404,2019-02-24 13:00:00+09:00,74788489,510204.0,1,5,オープン戦,5.0,5回表,2,村山,嶋田,本田,笠原,,,1,2,ヤクルト,S,,376,楽天,E,,,,,,,"4球目:一度もバットを振ることなくストレートのフォアボールを選ぶ 1,2塁","4 Tamame: Ichi Do mo Batto wo Furu Koto Naku Straight no Four Ball wo Erabu 1,2 Rui",,,,,4,,,,,,,,,,,,,,,,,,,,,,,,,,,,,,,,,,,,,,,,,,,,,,,,2019-02-24 07:35:22+00:00,2019-02-24 07:35:22+00:00,0,3721,139,浦添,2026-10-01T20:50:19.593663
2019,2019022404,2019-02-24 13:00:00+09:00,74788490,510300.0,1,5,オープン戦,5.0,5回表,3,村山,嶋田,本田,笠原,,,1,2,ヤクルト,S,,376,楽天,E,,,,,,,"＜9番：藤田＞無死1,2塁","<9 Ban: Fujita> Mushi 1,2 Rui",,,,,0,,,,,,,,,,,,,,,,,,,,,,,,,,,,,,,,,,,,,,,,,,,,,,,,2019-02-24 07:35:22+00:00,2019-02-24 07:35:22+00:00,0,3721,139,浦添,2026-10-01T20:50:19.593663
2019,2019022404,2019-02-24 13:00:00+09:00,74788491,510300.0,1,5,オープン戦,5.0,5回表,3,村山,嶋田,本田,笠原,,,1,2,ヤクルト,S,,376,楽天,E,,,,,,,2塁けん制:ランナーウィーラー帰塁,2 Rui Kensei: Runner Wheeler Kirui,,,,,0,,,,,,,,,,,,,,,,,,,,,,,,,,,,,,,,,,,,,,,,,,,,,,,,2019-02-24 07:35:22+00:00,2019-02-24 07:35:22+00:00,0,3721,139,浦添,2026-10-01T20:50:19.593663
2019,2019022404,2019-02-24 13:00:00+09:00,74788492,510301.0,1,5,オープン戦,5.0,5回表,3,村山,嶋田,本田,笠原,,,1,2,ヤクルト,S,,376,楽天,E,,,,,,,"1球目:見事送りバントを成功させる 1アウト2,3塁","1 Tamame: Migoto Okuri Bunt wo Seikou Saseru 1 Out 2,3 Rui",,,,,1,,,,,,,,,,,,,,,,,,,,,,,,,,,,,,,,,,,,,,,,,,,,,,,,2019-02-24 07:35:22+00:00,2019-02-24 07:35:22+00:00,0,3721,139,浦添,2026-10-01T20:50:19.593663
2019,2019022404,2019-02-24 13:00:00+09:00,74788493,510400.0,1,5,オープン戦,5.0,5回表,4,村山,嶋田,本田,笠原,,,1,2,ヤクルト,S,,376,楽天,E,,,,,,,3塁ウィーラー→代走:小郷,3 Rui Wheeler Daisou: Ogou,,,,,0,,,,,,,,,,,,,,,,,,,,,,,,,,,,,,,,,,,,,,,,,,,,,,,,2019-02-24 07:35:22+00:00,2019-02-24 07:35:22+00:00,0,3721,139,浦添,2026-10-01T20:50:19.593663
2019,2019022404,2019-02-24 13:00:00+09:00,74788494,510400.0,1,5,オープン戦,5.0,5回表,4,村山,嶋田,本田,笠原,,,1,2,ヤクルト,S,,376,楽天,E,,,,,,,"＜1番：オコエ＞一死2,3塁","<1 Ban: Okoe> Ichi Shi 2,3 Rui",,,,,0,,,,,,,,,,,,,,,,,,,,,,,,,,,,,,,,,,,,,,,,,,,,,,,,2019-02-24 07:35:22+00:00,2019-02-24 07:35:22+00:00,0,3721,139,浦添,2026-10-01T20:50:19.593663
2019,2019022404,2019-02-24 13:00:00+09:00,74788495,510401.0,1,5,オープン戦,5.0,5回表,4,村山,嶋田,本田,笠原,,,1,2,ヤクルト,S,,376,楽天,E,,,,,,,1球目:外角低めの変化球を見逃してボール 1-0,1 Tamame: Gaikaku Hikume no Henka Kyuu wo Minogashite Ball 1-0,,,,,1,,,,,,,,,,,,,,,,,,,,,,,,,,,,,,,,,,,,,,,,,,,,,,,,2019-02-24 07:35:22+00:00,2019-02-24 07:35:22+00:00,0,3721,139,浦添,2026-10-01T20:50:19.593663
2019,2019022404,2019-02-24 13:00:00+09:00,74788496,510402.0,1,5,オープン戦,5.0,5回表,4,村山,嶋田,本田,笠原,,,1,2,ヤクルト,S,,376,楽天,E,,,,,,,2球目:外角高め145キロのストレートを見逃してボール 2-0,2 Tamame: Gaikaku Takame 145 Kilo no Straight wo Minogashite Ball 2-0,,,,,2,,,,,,,,,,,,,,,,,,,,,,,,,,,,,,,,,,,,,,,,,,,,,,,,2019-02-24 07:35:22+00:00,2019-02-24 07:35:22+00:00,0,3721,139,浦添,2026-10-01T20:50:19.593663
2019,2019022404,2019-02-24 13:00:00+09:00,74788497,510403.0,1,5,オープン戦,5.0,5回表,4,村山,嶋田,本田,笠原,,,1,2,ヤクルト,S,,376,楽天,E,,,,,,,3球目:内角のストレートを打ってファウル 2-1,3 Tamame: Naikaku no Straight wo Utte Foul 2-1,,,,,3,,,,,,,,,,,,,,,,,,,,,,,,,,,,,,,,,,,,,,,,,,,,,,,,2019-02-24 07:35:22+00:00,2019-02-24 07:35:22+00:00,0,3721,139,浦添,2026-10-01T20:50:19.593663
2019,2019022404,2019-02-24 13:00:00+09:00,74788498,510404.0,1,5,オープン戦,5.0,5回表,4,村山,嶋田,本田,笠原,,,1,2,ヤクルト,S,,376,楽天,E,,,,,,,4球目:高めのストレートを打ってファウル 2-2,4 Tamame: Takame no Straight wo Utte Foul 2-2,,,,,4,,,,,,,,,,,,,,,,,,,,,,,,,,,,,,,,,,,,,,,,,,,,,,,,2019-02-24 07:35:22+00:00,2019-02-24 07:35:22+00:00,0,3721,139,浦添,2026-10-01T20:50:19.593663
2019,2019022404,2019-02-24 13:00:00+09:00,74788499,510405.0,1,5,オープン戦,5.0,5回表,4,村山,嶋田,本田,笠原,,,1,2,ヤクルト,S,,376,楽天,E,,,,,,,"5球目:ランナー2,3塁の2-2からライトへの犠牲フライを放つ ヤ0-6楽 2アウト3塁","5 Tamame: Runner 2,3 Rui no 2-2 kara Raito e no Gisei Fly wo Hanatsu ya 0-6gaku 2 Out 3 Rui",,,,,5,,,,,,,,,,,,,,,,,,,,,,,,,,,,,,,,,,,,,,,,,,,,,,,,2019-02-24 07:35:22+00:00,2019-02-24 07:35:22+00:00,0,3721,139,浦添,2026-10-01T20:50:19.593663
2019,2019022404,2019-02-24 13:00:00+09:00,74788500,510500.0,1,5,オープン戦,5.0,5回表,5,村山,嶋田,本田,笠原,,,1,2,ヤクルト,S,,376,楽天,E,,,,,,,＜2番：田中＞二死3塁,<2 Ban: Tanaka> Ni Shi 3 Rui,,,,,0,,,,,,,,,,,,,,,,,,,,,,,,,,,,,,,,,,,,,,,,,,,,,,,,2019-02-24 07:35:22+00:00,2019-02-24 07:35:22+00:00,0,3721,139,浦添,2026-10-01T20:50:19.593663
2019,2019022404,2019-02-24 13:00:00+09:00,74788501,510501.0,1,5,オープン戦,5.0,5回表,5,村山,嶋田,本田,笠原,,,1,2,ヤクルト,S,,376,楽天,E,,,,,,,1球目:際どいコースのストレートを見逃してボール 1-0,1 Tamame: Kiwadoi Course no Straight wo Minogashite Ball 1-0,,,,,1,,,,,,,,,,,,,,,,,,,,,,,,,,,,,,,,,,,,,,,,,,,,,,,,2019-02-24 07:35:22+00:00,2019-02-24 07:35:22+00:00,0,3721,139,浦添,2026-10-01T20:50:19.593663
2019,2019022404,2019-02-24 13:00:00+09:00,74788502,510502.0,1,5,オープン戦,5.0,5回表,5,村山,嶋田,本田,笠原,,,1,2,ヤクルト,S,,376,楽天,E,,,,,,,2球目:146キロのストレートを空振りストライク 1-1,2 Tamame:146 Kilo no Straight wo Karaburi Strike 1-1,,,,,2,,,,,,,,,,,,,,,,,,,,,,,,,,,,,,,,,,,,,,,,,,,,,,,,2019-02-24 07:35:22+00:00,2019-02-24 07:35:22+00:00,0,3721,139,浦添,2026-10-01T20:50:19.593663
2019,2019022404,2019-02-24 13:00:00+09:00,74788503,510503.0,1,5,オープン戦,5.0,5回表,5,村山,嶋田,本田,笠原,,,1,2,ヤクルト,S,,376,楽天,E,,,,,,,3球目:外角高めのスライダーを見逃してボール 2-1,3 Tamame: Gaikaku Takame no Slider wo Minogashite Ball 2-1,,,,,3,,,,,,,,,,,,,,,,,,,,,,,,,,,,,,,,,,,,,,,,,,,,,,,,2019-02-24 07:35:22+00:00,2019-02-24 07:35:22+00:00,0,3721,139,浦添,2026-10-01T20:50:19.593663
2019,2019022404,2019-02-24 13:00:00+09:00,74788504,510504.0,1,5,オープン戦,5.0,5回表,5,村山,嶋田,本田,笠原,,,1,2,ヤクルト,S,,376,楽天,E,,,,,,,4球目:内角低めの落ちる球を見逃してストライク 2-2,4 Tamame: Naikaku Hikume no Ochiru Tama wo Minogashite Strike 2-2,,,,,4,,,,,,,,,,,,,,,,,,,,,,,,,,,,,,,,,,,,,,,,,,,,,,,,2019-02-24 07:35:22+00:00,2019-02-24 07:35:22+00:00,0,3721,139,浦添,2026-10-01T20:50:19.593663
2019,2019022404,2019-02-24 13:00:00+09:00,74788505,510505.0,1,5,オープン戦,5.0,5回表,5,村山,嶋田,本田,笠原,,,1,2,ヤクルト,S,,376,楽天,E,,,,,,,5球目:内角低め150キロのストレートを見逃してボール 3-2,5 Tamame: Naikaku Hikume 150 Kilo no Straight wo Minogashite Ball 3-2,,,,,5,,,,,,,,,,,,,,,,,,,,,,,,,,,,,,,,,,,,,,,,,,,,,,,,2019-02-24 07:35:22+00:00,2019-02-24 07:35:22+00:00,0,3721,139,浦添,2026-10-01T20:50:19.593663
2019,2019022404,2019-02-24 13:00:00+09:00,74788506,510506.0,1,5,オープン戦,5.0,5回表,5,村山,嶋田,本田,笠原,,,1,2,ヤクルト,S,,376,楽天,E,,,,,,,6球目:外角低め135キロのフォークを打ってファウル 3-2,6 Tamame: Gaikaku Hikume 135 Kilo no Fork wo Utte Foul 3-2,,,,,6,,,,,,,,,,,,,,,,,,,,,,,,,,,,,,,,,,,,,,,,,,,,,,,,2019-02-24 07:35:22+00:00,2019-02-24 07:35:22+00:00,0,3721,139,浦添,2026-10-01T20:50:19.593663
2019,2019022404,2019-02-24 13:00:00+09:00,74788507,510507.0,1,5,オープン戦,5.0,5回表,5,村山,嶋田,本田,笠原,,,1,2,ヤクルト,S,,376,楽天,E,,,,,,,7球目:この球も粘ってファウル 3-2,7 Tamame: Kono Tama mo Nebatte Foul 3-2,,,,,7,,,,,,,,,,,,,,,,,,,,,,,,,,,,,,,,,,,,,,,,,,,,,,,,2019-02-24 07:35:22+00:00,2019-02-24 07:35:22+00:00,0,3721,139,浦添,2026-10-01T20:50:19.593663
2019,2019022404,2019-02-24 13:00:00+09:00,74788508,510508.0,1,5,オープン戦,5.0,5回表,5,村山,嶋田,本田,笠原,,,1,2,ヤクルト,S,,376,楽天,E,,,,,,,8球目:この球も粘ってファウル 3-2,8 Tamame: Kono Tama mo Nebatte Foul 3-2,,,,,8,,,,,,,,,,,,,,,,,,,,,,,,,,,,,,,,,,,,,,,,,,,,,,,,2019-02-24 07:35:22+00:00,2019-02-24 07:35:22+00:00,0,3721,139,浦添,2026-10-01T20:50:19.593663
2019,2019022404,2019-02-24 13:00:00+09:00,74788509,510509.0,1,5,オープン戦,5.0,5回表,5,村山,嶋田,本田,笠原,,,1,2,ヤクルト,S,,376,楽天,E,,,,,,,9球目:この球も粘ってファウル 3-2,9 Tamame: Kono Tama mo Nebatte Foul 3-2,,,,,9,,,,,,,,,,,,,,,,,,,,,,,,,,,,,,,,,,,,,,,,,,,,,,,,2019-02-24 07:35:22+00:00,2019-02-24 07:35:22+00:00,0,3721,139,浦添,2026-10-01T20:50:19.593663
2019,2019022404,2019-02-24 13:00:00+09:00,74788510,510510.0,1,5,オープン戦,5.0,5回表,5,村山,嶋田,本田,笠原,,,1,2,ヤクルト,S,,376,楽天,E,,,,,,,10球目:2アウト3塁から10球目のフォークを打つもショートゴロ 3アウトチェンジ,10 Tamame:2 Out 3 Rui kara 10 Tamame no Fork wo Utsu mo Short Grounder 3 Out Change,,,,,10,,,,,,,,,,,,,,,,,,,,,,,,,,,,,,,,,,,,,,,,,,,,,,,,2019-02-24 07:35:22+00:00,2019-02-24 07:35:22+00:00,0,3721,139,浦添,2026-10-01T20:50:19.593663
2019,2019022404,2019-02-24 13:00:00+09:00,74788511,520100.0,1,5,オープン戦,5.0,5回裏,1,村山,嶋田,本田,笠原,,,1,2,ヤクルト,S,,376,楽天,E,,,,,,,5回裏 ヤ0-6楽　ヤクルトは4番バレンティンからの攻撃,5 Kai Uraya 0-6gaku Yakuruto wa 4 Ban Barentin kara no Kougeki,,,,,0,,,,,,,,,,,,,,,,,,,,,,,,,,,,,,,,,,,,,,,,,,,,,,,,2019-02-24 07:35:22+00:00,2019-02-24 07:35:22+00:00,0,3721,139,浦添,2026-10-01T20:50:19.593663
2019,2019022404,2019-02-24 13:00:00+09:00,74788512,520100.0,1,5,オープン戦,5.0,5回裏,1,村山,嶋田,本田,笠原,,,1,2,ヤクルト,S,,376,楽天,E,,,,,,,守備交代:ショート村林,Shubi Koutai: Shooto Sonrin,,,,,0,,,,,,,,,,,,,,,,,,,,,,,,,,,,,,,,,,,,,,,,,,,,,,,,2019-02-24 07:35:22+00:00,2019-02-24 07:35:22+00:00,0,3721,139,浦添,2026-10-01T20:50:19.593663
2019,2019022404,2019-02-24 13:00:00+09:00,74788513,520100.0,1,5,オープン戦,5.0,5回裏,1,村山,嶋田,本田,笠原,,,1,2,ヤクルト,S,,376,楽天,E,,,,,,,＜4番：バレンティン＞無死走者なし,<4 Ban: Barentin> Mushi Sousha Nashi,,,,,0,,,,,,,,,,,,,,,,,,,,,,,,,,,,,,,,,,,,,,,,,,,,,,,,2019-02-24 07:35:22+00:00,2019-02-24 07:35:22+00:00,0,3721,139,浦添,2026-10-01T20:50:19.593663
2019,2019022404,2019-02-24 13:00:00+09:00,74788514,520101.0,1,5,オープン戦,5.0,5回裏,1,村山,嶋田,本田,笠原,,,1,2,ヤクルト,S,,376,楽天,E,,,,,,,1球目:高めのつり球には反応せずボール 1-0,1 Tamame: Takame no Tsuri Tama ni wa Hannou Sezu Ball 1-0,,,,,1,,,,,,,,,,,,,,,,,,,,,,,,,,,,,,,,,,,,,,,,,,,,,,,,2019-02-24 07:35:22+00:00,2019-02-24 07:35:22+00:00,0,3721,139,浦添,2026-10-01T20:50:19.593663
2019,2019022404,2019-02-24 13:00:00+09:00,74788515,520102.0,1,5,オープン戦,5.0,5回裏,1,村山,嶋田,本田,笠原,,,1,2,ヤクルト,S,,376,楽天,E,,,,,,,2球目:高め131キロのストレートを打ってファウル 1-1,2 Tamame: Takame 131 Kilo no Straight wo Utte Foul 1-1,,,,,2,,,,,,,,,,,,,,,,,,,,,,,,,,,,,,,,,,,,,,,,,,,,,,,,2019-02-24 07:35:22+00:00,2019-02-24 07:35:22+00:00,0,3721,139,浦添,2026-10-01T20:50:19.593663
2019,2019022404,2019-02-24 13:00:00+09:00,74788516,520103.0,1,5,オープン戦,5.0,5回裏,1,村山,嶋田,本田,笠原,,,1,2,ヤクルト,S,,376,楽天,E,,,,,,,3球目:ワンバウンドのカーブを見逃してボール 2-1,3 Tamame: One Bound no Curve wo Minogashite Ball 2-1,,,,,3,,,,,,,,,,,,,,,,,,,,,,,,,,,,,,,,,,,,,,,,,,,,,,,,2019-02-24 07:35:22+00:00,2019-02-24 07:35:22+00:00,0,3721,139,浦添,2026-10-01T20:50:19.593663
2019,2019022404,2019-02-24 13:00:00+09:00,74788517,520104.0,1,5,オープン戦,5.0,5回裏,1,村山,嶋田,本田,笠原,,,1,2,ヤクルト,S,,376,楽天,E,,,,,,,4球目:カウント2-1からレフトスタンドへのホームラン ヤ1-6楽,4 Tamame: Count 2-1 kara Left Stand e no Home Runya 1-6gaku,,,,,4,,,,,,,,,,,,,,,,,,,,,,,,,,,,,,,,,,,,,,,,,,,,,,,,2019-02-24 07:35:22+00:00,2019-02-24 07:35:22+00:00,0,3721,139,浦添,2026-10-01T20:50:19.593663
2019,2019022404,2019-02-24 13:00:00+09:00,74788518,520200.0,1,5,オープン戦,5.0,5回裏,2,村山,嶋田,本田,笠原,,,1,2,ヤクルト,S,,376,楽天,E,,,,,,,＜5番：雄平＞無死走者なし,<5 Ban: Yuuhei> Mushi Sousha Nashi,,,,,0,,,,,,,,,,,,,,,,,,,,,,,,,,,,,,,,,,,,,,,,,,,,,,,,2019-02-24 07:35:22+00:00,2019-02-24 07:35:22+00:00,0,3721,139,浦添,2026-10-01T20:50:19.593663
2019,2019022404,2019-02-24 13:00:00+09:00,74788519,520201.0,1,5,オープン戦,5.0,5回裏,2,村山,嶋田,本田,笠原,,,1,2,ヤクルト,S,,376,楽天,E,,,,,,,1球目:ワンバウンドの球を見逃してボール 1-0,1 Tamame: One Bound no Tama wo Minogashite Ball 1-0,,,,,1,,,,,,,,,,,,,,,,,,,,,,,,,,,,,,,,,,,,,,,,,,,,,,,,2019-02-24 07:35:22+00:00,2019-02-24 07:35:22+00:00,0,3721,139,浦添,2026-10-01T20:50:19.593663
2019,2019022404,2019-02-24 13:00:00+09:00,74788520,520202.0,1,5,オープン戦,5.0,5回裏,2,村山,嶋田,本田,笠原,,,1,2,ヤクルト,S,,376,楽天,E,,,,,,,2球目:ファウルフライを渡邊佳(二)がつかんでバッターアウト 1アウト,2 Tamame: Foul Fly wo Watanabe Kei (Ni) ga Tsukande Batter Out 1 Out,,,,,2,,,,,,,,,,,,,,,,,,,,,,,,,,,,,,,,,,,,,,,,,,,,,,,,2019-02-24 07:35:22+00:00,2019-02-24 07:35:22+00:00,0,3721,139,浦添,2026-10-01T20:50:19.593663
2019,2019022404,2019-02-24 13:00:00+09:00,74788521,520300.0,1,5,オープン戦,5.0,5回裏,3,村山,嶋田,本田,笠原,,,1,2,ヤクルト,S,,376,楽天,E,,,,,,,＜6番：村上＞一死走者なし,<6 Ban: Murakami> Ichi Shi Sousha Nashi,,,,,0,,,,,,,,,,,,,,,,,,,,,,,,,,,,,,,,,,,,,,,,,,,,,,,,2019-02-24 07:35:22+00:00,2019-02-24 07:35:22+00:00,0,3721,139,浦添,2026-10-01T20:50:19.593663
2019,2019022404,2019-02-24 13:00:00+09:00,74788522,520301.0,1,5,オープン戦,5.0,5回裏,3,村山,嶋田,本田,笠原,,,1,2,ヤクルト,S,,376,楽天,E,,,,,,,1球目:外角高めの変化球を見逃してストライク 0-1,1 Tamame: Gaikaku Takame no Henka Kyuu wo Minogashite Strike 0-1,,,,,1,,,,,,,,,,,,,,,,,,,,,,,,,,,,,,,,,,,,,,,,,,,,,,,,2019-02-24 07:35:22+00:00,2019-02-24 07:35:22+00:00,0,3721,139,浦添,2026-10-01T20:50:19.593663
2019,2019022404,2019-02-24 13:00:00+09:00,74788523,520302.0,1,5,オープン戦,5.0,5回裏,3,村山,嶋田,本田,笠原,,,1,2,ヤクルト,S,,376,楽天,E,,,,,,,2球目:高め110キロのカーブを見逃してストライク 0-2,2 Tamame: Takame 110 Kilo no Curve wo Minogashite Strike 0-2,,,,,2,,,,,,,,,,,,,,,,,,,,,,,,,,,,,,,,,,,,,,,,,,,,,,,,2019-02-24 07:35:22+00:00,2019-02-24 07:35:22+00:00,0,3721,139,浦添,2026-10-01T20:50:19.593663
2019,2019022404,2019-02-24 13:00:00+09:00,74788524,520303.0,1,5,オープン戦,5.0,5回裏,3,村山,嶋田,本田,笠原,,,1,2,ヤクルト,S,,376,楽天,E,,,,,,,3球目:高め139キロのストレートを打ってファウル 0-2,3 Tamame: Takame 139 Kilo no Straight wo Utte Foul 0-2,,,,,3,,,,,,,,,,,,,,,,,,,,,,,,,,,,,,,,,,,,,,,,,,,,,,,,2019-02-24 07:35:22+00:00,2019-02-24 07:35:22+00:00,0,3721,139,浦添,2026-10-01T20:50:19.593663
2019,2019022404,2019-02-24 13:00:00+09:00,74788525,520304.0,1,5,オープン戦,5.0,5回裏,3,村山,嶋田,本田,笠原,,,1,2,ヤクルト,S,,376,楽天,E,,,,,,,4球目:内角高めのストレートを見逃してボール 1-2,4 Tamame: Naikaku Takame no Straight wo Minogashite Ball 1-2,,,,,4,,,,,,,,,,,,,,,,,,,,,,,,,,,,,,,,,,,,,,,,,,,,,,,,2019-02-24 07:35:22+00:00,2019-02-24 07:35:22+00:00,0,3721,139,浦添,2026-10-01T20:50:19.593663
2019,2019022404,2019-02-24 13:00:00+09:00,74788526,520305.0,1,5,オープン戦,5.0,5回裏,3,村山,嶋田,本田,笠原,,,1,2,ヤクルト,S,,376,楽天,E,,,,,,,5球目:外角高めのストレートを見逃してボール 2-2,5 Tamame: Gaikaku Takame no Straight wo Minogashite Ball 2-2,,,,,5,,,,,,,,,,,,,,,,,,,,,,,,,,,,,,,,,,,,,,,,,,,,,,,,2019-02-24 07:35:22+00:00,2019-02-24 07:35:22+00:00,0,3721,139,浦添,2026-10-01T20:50:19.593663
2019,2019022404,2019-02-24 13:00:00+09:00,74788527,520306.0,1,5,オープン戦,5.0,5回裏,3,村山,嶋田,本田,笠原,,,1,2,ヤクルト,S,,376,楽天,E,,,,,,,6球目:内角低め122キロのスライダーにバットが止まりボール 3-2,6 Tamame: Naikaku Hikume 122 Kilo no Slider ni Batto ga Tomari Ball 3-2,,,,,6,,,,,,,,,,,,,,,,,,,,,,,,,,,,,,,,,,,,,,,,,,,,,,,,2019-02-24 07:35:22+00:00,2019-02-24 07:35:22+00:00,0,3721,139,浦添,2026-10-01T20:50:19.593663
2019,2019022404,2019-02-24 13:00:00+09:00,74788528,520307.0,1,5,オープン戦,5.0,5回裏,3,村山,嶋田,本田,笠原,,,1,2,ヤクルト,S,,376,楽天,E,,,,,,,7球目:ど真ん中のスライダーを打つもセカンドゴロ 2アウト,7 Tamame: Domannaka no Slider wo Utsu mo Sekando Grounder 2 Out,,,,,7,,,,,,,,,,,,,,,,,,,,,,,,,,,,,,,,,,,,,,,,,,,,,,,,2019-02-24 07:35:22+00:00,2019-02-24 07:35:22+00:00,0,3721,139,浦添,2026-10-01T20:50:19.593663
2019,2019022404,2019-02-24 13:00:00+09:00,74788529,520400.0,1,5,オープン戦,5.0,5回裏,4,村山,嶋田,本田,笠原,,,1,2,ヤクルト,S,,376,楽天,E,,,,,,,＜7番：西浦＞二死走者なし,<7 Ban: Nishinoura> Ni Shi Sousha Nashi,,,,,0,,,,,,,,,,,,,,,,,,,,,,,,,,,,,,,,,,,,,,,,,,,,,,,,2019-02-24 07:35:22+00:00,2019-02-24 07:35:22+00:00,0,3721,139,浦添,2026-10-01T20:50:19.593663
2019,2019022404,2019-02-24 13:00:00+09:00,74788530,520401.0,1,5,オープン戦,5.0,5回裏,4,村山,嶋田,本田,笠原,,,1,2,ヤクルト,S,,376,楽天,E,,,,,,,1球目:外角高めのスライダーを見逃してストライク 0-1,1 Tamame: Gaikaku Takame no Slider wo Minogashite Strike 0-1,,,,,1,,,,,,,,,,,,,,,,,,,,,,,,,,,,,,,,,,,,,,,,,,,,,,,,2019-02-24 07:35:22+00:00,2019-02-24 07:35:22+00:00,0,3721,139,浦添,2026-10-01T20:50:19.593663
2019,2019022404,2019-02-24 13:00:00+09:00,74788531,520402.0,1,5,オープン戦,5.0,5回裏,4,村山,嶋田,本田,笠原,,,1,2,ヤクルト,S,,376,楽天,E,,,,,,,2球目:外角低め133キロのストレートを見逃してボール 1-1,2 Tamame: Gaikaku Hikume 133 Kilo no Straight wo Minogashite Ball 1-1,,,,,2,,,,,,,,,,,,,,,,,,,,,,,,,,,,,,,,,,,,,,,,,,,,,,,,2019-02-24 07:35:22+00:00,2019-02-24 07:35:22+00:00,0,3721,139,浦添,2026-10-01T20:50:19.593663
2019,2019022404,2019-02-24 13:00:00+09:00,74788532,520403.0,1,5,オープン戦,5.0,5回裏,4,村山,嶋田,本田,笠原,,,1,2,ヤクルト,S,,376,楽天,E,,,,,,,3球目:外角低め124キロのスライダーを見逃してボール 2-1,3 Tamame: Gaikaku Hikume 124 Kilo no Slider wo Minogashite Ball 2-1,,,,,3,,,,,,,,,,,,,,,,,,,,,,,,,,,,,,,,,,,,,,,,,,,,,,,,2019-02-24 07:35:22+00:00,2019-02-24 07:35:22+00:00,0,3721,139,浦添,2026-10-01T20:50:19.593663
2019,2019022404,2019-02-24 13:00:00+09:00,74788533,520404.0,1,5,オープン戦,5.0,5回裏,4,村山,嶋田,本田,笠原,,,1,2,ヤクルト,S,,376,楽天,E,,,,,,,4球目:124キロのスライダーを打ってファウル 2-2,4 Tamame:124 Kilo no Slider wo Utte Foul 2-2,,,,,4,,,,,,,,,,,,,,,,,,,,,,,,,,,,,,,,,,,,,,,,,,,,,,,,2019-02-24 07:35:22+00:00,2019-02-24 07:35:22+00:00,0,3721,139,浦添,2026-10-01T20:50:19.593663
2019,2019022404,2019-02-24 13:00:00+09:00,74788534,520405.0,1,5,オープン戦,5.0,5回裏,4,村山,嶋田,本田,笠原,,,1,2,ヤクルト,S,,376,楽天,E,,,,,,,5球目:内角の真っ直ぐを打つもセンターフライ 3アウトチェンジ,5 Tamame: Naikaku no Massugu wo Utsu mo Center Fly 3 Out Change,,,,,5,,,,,,,,,,,,,,,,,,,,,,,,,,,,,,,,,,,,,,,,,,,,,,,,2019-02-24 07:35:22+00:00,2019-02-24 07:35:22+00:00,0,3721,139,浦添,2026-10-01T20:50:19.593663
2019,2019022404,2019-02-24 13:00:00+09:00,74788535,610100.0,1,5,オープン戦,6.0,6回表,1,村山,嶋田,本田,笠原,,,1,2,ヤクルト,S,,376,楽天,E,,,,,,,6回表 ヤ1-6楽　楽天は3番島内からの攻撃,6 Kai Hyouya 1-6 Raku Rakuten wa 3 Ban Tounai kara no Kougeki,,,,,0,,,,,,,,,,,,,,,,,,,,,,,,,,,,,,,,,,,,,,,,,,,,,,,,2019-02-24 07:35:22+00:00,2019-02-24 07:35:22+00:00,0,3721,139,浦添,2026-10-01T20:50:19.593663
2019,2019022404,2019-02-24 13:00:00+09:00,74788536,610100.0,1,5,オープン戦,6.0,6回表,1,村山,嶋田,本田,笠原,,,1,2,ヤクルト,S,,376,楽天,E,,,,,,,投手交代:マクガフ→星　守備交代:キャッチャー松本直　守備交代:レフト渡邉　守備変更:上田センター→ライト　守備変更:塩見レフト→センター,Toushu Koutai: Makugafu Hoshi Shubi Koutai: Catcher Matsumoto Jika Shubi Koutai: Left Watanabe Shubi Henkou: Ueda Center Raito Shubi Henkou: Shiomi Left Center,,,,,0,,,,,,,,,,,,,,,,,,,,,,,,,,,,,,,,,,,,,,,,,,,,,,,,2019-02-24 07:35:22+00:00,2019-02-24 07:35:22+00:00,0,3721,139,浦添,2026-10-01T20:50:19.593663
2019,2019022404,2019-02-24 13:00:00+09:00,74788537,610100.0,1,5,オープン戦,6.0,6回表,1,村山,嶋田,本田,笠原,,,1,2,ヤクルト,S,,376,楽天,E,,,,,,,＜3番：島内＞無死走者なし,<3 Ban: Tounai> Mushi Sousha Nashi,,,,,0,,,,,,,,,,,,,,,,,,,,,,,,,,,,,,,,,,,,,,,,,,,,,,,,2019-02-24 07:35:22+00:00,2019-02-24 07:35:22+00:00,0,3721,139,浦添,2026-10-01T20:50:19.593663
2019,2019022404,2019-02-24 13:00:00+09:00,74788538,610101.0,1,5,オープン戦,6.0,6回表,1,村山,嶋田,本田,笠原,,,1,2,ヤクルト,S,,376,楽天,E,,,,,,,1球目:外角のストレートを見逃してストライク 0-1,1 Tamame: Gaikaku no Straight wo Minogashite Strike 0-1,,,,,1,,,,,,,,,,,,,,,,,,,,,,,,,,,,,,,,,,,,,,,,,,,,,,,,2019-02-24 07:35:22+00:00,2019-02-24 07:35:22+00:00,0,3721,139,浦添,2026-10-01T20:50:19.593663
2019,2019022404,2019-02-24 13:00:00+09:00,74788539,610102.0,1,5,オープン戦,6.0,6回表,1,村山,嶋田,本田,笠原,,,1,2,ヤクルト,S,,376,楽天,E,,,,,,,2球目:甘い球を打ってファウル 0-2,2 Tamame: Amai Tama wo Utte Foul 0-2,,,,,2,,,,,,,,,,,,,,,,,,,,,,,,,,,,,,,,,,,,,,,,,,,,,,,,2019-02-24 07:35:22+00:00,2019-02-24 07:35:22+00:00,0,3721,139,浦添,2026-10-01T20:50:19.593663
2019,2019022404,2019-02-24 13:00:00+09:00,74788540,610103.0,1,5,オープン戦,6.0,6回表,1,村山,嶋田,本田,笠原,,,1,2,ヤクルト,S,,376,楽天,E,,,,,,,3球目:ライトへのヒットを放つ 1塁,3 Tamame: Raito e no Hit wo Hanatsu 1 Rui,,,,,3,,,,,,,,,,,,,,,,,,,,,,,,,,,,,,,,,,,,,,,,,,,,,,,,2019-02-24 07:35:22+00:00,2019-02-24 07:35:22+00:00,0,3721,139,浦添,2026-10-01T20:50:19.593663
2019,2019022404,2019-02-24 13:00:00+09:00,74788541,610200.0,1,5,オープン戦,6.0,6回表,2,村山,嶋田,本田,笠原,,,1,2,ヤクルト,S,,376,楽天,E,,,,,,,1塁島内→代走:辰己,1 Rui Tounai Daisou: Tatsumi,,,,,0,,,,,,,,,,,,,,,,,,,,,,,,,,,,,,,,,,,,,,,,,,,,,,,,2019-02-24 07:35:22+00:00,2019-02-24 07:35:22+00:00,0,3721,139,浦添,2026-10-01T20:50:19.593663
2019,2019022404,2019-02-24 13:00:00+09:00,74788542,610200.0,1,5,オープン戦,6.0,6回表,2,村山,嶋田,本田,笠原,,,1,2,ヤクルト,S,,376,楽天,E,,,,,,,＜4番：渡邊佳＞無死1塁,<4 Ban: Watanabe Kei> Mushi 1 Rui,,,,,0,,,,,,,,,,,,,,,,,,,,,,,,,,,,,,,,,,,,,,,,,,,,,,,,2019-02-24 07:35:22+00:00,2019-02-24 07:35:22+00:00,0,3721,139,浦添,2026-10-01T20:50:19.593663
2019,2019022404,2019-02-24 13:00:00+09:00,74788543,610200.0,1,5,オープン戦,6.0,6回表,2,村山,嶋田,本田,笠原,,,1,2,ヤクルト,S,,376,楽天,E,,,,,,,1塁けん制:ランナー辰己帰塁,1 Rui Kensei: Runner Tatsumi Kirui,,,,,0,,,,,,,,,,,,,,,,,,,,,,,,,,,,,,,,,,,,,,,,,,,,,,,,2019-02-24 07:35:22+00:00,2019-02-24 07:35:22+00:00,0,3721,139,浦添,2026-10-01T20:50:19.593663
2019,2019022404,2019-02-24 13:00:00+09:00,74788544,610200.0,1,5,オープン戦,6.0,6回表,2,村山,嶋田,本田,笠原,,,1,2,ヤクルト,S,,376,楽天,E,,,,,,,また1塁けん制:ランナー辰己帰塁,Mata 1 Rui Kensei: Runner Tatsumi Kirui,,,,,0,,,,,,,,,,,,,,,,,,,,,,,,,,,,,,,,,,,,,,,,,,,,,,,,2019-02-24 07:35:22+00:00,2019-02-24 07:35:22+00:00,0,3721,139,浦添,2026-10-01T20:50:19.593663
2019,2019022404,2019-02-24 13:00:00+09:00,74788545,610201.0,1,5,オープン戦,6.0,6回表,2,村山,嶋田,本田,笠原,,,1,2,ヤクルト,S,,376,楽天,E,,,,,,,1球目:内角低めのストレートを見逃してボール 1-0,1 Tamame: Naikaku Hikume no Straight wo Minogashite Ball 1-0,,,,,1,,,,,,,,,,,,,,,,,,,,,,,,,,,,,,,,,,,,,,,,,,,,,,,,2019-02-24 07:35:22+00:00,2019-02-24 07:35:22+00:00,0,3721,139,浦添,2026-10-01T20:50:19.593663
2019,2019022404,2019-02-24 13:00:00+09:00,74788546,610200.0,1,5,オープン戦,6.0,6回表,2,村山,嶋田,本田,笠原,,,1,2,ヤクルト,S,,376,楽天,E,,,,,,,一塁走者辰己:積極的に初球から盗塁を試みるもアウト 1アウト,Ichirui Sousha Tatsumi: Sekkyokuteki ni Shokyuu kara Tourui wo Kokoromiru mo Out 1 Out,,,,,0,,,,,,,,,,,,,,,,,,,,,,,,,,,,,,,,,,,,,,,,,,,,,,,,2019-02-24 07:35:22+00:00,2019-02-24 07:35:22+00:00,0,3721,139,浦添,2026-10-01T20:50:19.593663
2019,2019022404,2019-02-24 13:00:00+09:00,74788547,610202.0,1,5,オープン戦,6.0,6回表,2,村山,嶋田,本田,笠原,,,1,2,ヤクルト,S,,376,楽天,E,,,,,,,2球目:外角高め122キロのカーブを見逃してボール 2-0,2 Tamame: Gaikaku Takame 122 Kilo no Curve wo Minogashite Ball 2-0,,,,,2,,,,,,,,,,,,,,,,,,,,,,,,,,,,,,,,,,,,,,,,,,,,,,,,2019-02-24 07:35:22+00:00,2019-02-24 07:35:22+00:00,0,3721,139,浦添,2026-10-01T20:50:19.593663
2019,2019022404,2019-02-24 13:00:00+09:00,74788548,610203.0,1,5,オープン戦,6.0,6回表,2,村山,嶋田,本田,笠原,,,1,2,ヤクルト,S,,376,楽天,E,,,,,,,3球目:外角低めのストレートを見逃してストライク 2-1,3 Tamame: Gaikaku Hikume no Straight wo Minogashite Strike 2-1,,,,,3,,,,,,,,,,,,,,,,,,,,,,,,,,,,,,,,,,,,,,,,,,,,,,,,2019-02-24 07:35:22+00:00,2019-02-24 07:35:22+00:00,0,3721,139,浦添,2026-10-01T20:50:19.593663
2019,2019022404,2019-02-24 13:00:00+09:00,74788549,610204.0,1,5,オープン戦,6.0,6回表,2,村山,嶋田,本田,笠原,,,1,2,ヤクルト,S,,376,楽天,E,,,,,,,4球目:外角高めのストレートを見逃してボール 3-1,4 Tamame: Gaikaku Takame no Straight wo Minogashite Ball 3-1,,,,,4,,,,,,,,,,,,,,,,,,,,,,,,,,,,,,,,,,,,,,,,,,,,,,,,2019-02-24 07:35:22+00:00,2019-02-24 07:35:22+00:00,0,3721,139,浦添,2026-10-01T20:50:19.593663
2019,2019022404,2019-02-24 13:00:00+09:00,74788550,610205.0,1,5,オープン戦,6.0,6回表,2,村山,嶋田,本田,笠原,,,1,2,ヤクルト,S,,376,楽天,E,,,,,,,5球目:一度もバットを振ることなくフォアボールを選ぶ 1塁,5 Tamame: Ichi Do mo Batto wo Furu Koto Naku Four Ball wo Erabu 1 Rui,,,,,5,,,,,,,,,,,,,,,,,,,,,,,,,,,,,,,,,,,,,,,,,,,,,,,,2019-02-24 07:35:22+00:00,2019-02-24 07:35:22+00:00,0,3721,139,浦添,2026-10-01T20:50:19.593663
2019,2019022404,2019-02-24 13:00:00+09:00,74788551,610300.0,1,5,オープン戦,6.0,6回表,3,村山,嶋田,本田,笠原,,,1,2,ヤクルト,S,,376,楽天,E,,,,,,,＜5番：内田＞一死1塁,<5 Ban: Uchida> Ichi Shi 1 Rui,,,,,0,,,,,,,,,,,,,,,,,,,,,,,,,,,,,,,,,,,,,,,,,,,,,,,,2019-02-24 07:35:22+00:00,2019-02-24 07:35:22+00:00,0,3721,139,浦添,2026-10-01T20:50:19.593663
2019,2019022404,2019-02-24 13:00:00+09:00,74788552,610301.0,1,5,オープン戦,6.0,6回表,3,村山,嶋田,本田,笠原,,,1,2,ヤクルト,S,,376,楽天,E,,,,,,,1球目:高めのストレートを打ちにいくもファウル 0-1,1 Tamame: Takame no Straight wo Uchi ni Iku mo Foul 0-1,,,,,1,,,,,,,,,,,,,,,,,,,,,,,,,,,,,,,,,,,,,,,,,,,,,,,,2019-02-24 07:35:22+00:00,2019-02-24 07:35:22+00:00,0,3721,139,浦添,2026-10-01T20:50:19.593663
2019,2019022404,2019-02-24 13:00:00+09:00,74788553,610302.0,1,5,オープン戦,6.0,6回表,3,村山,嶋田,本田,笠原,,,1,2,ヤクルト,S,,376,楽天,E,,,,,,,2球目:内角低めのストレートを見逃してストライク 0-2,2 Tamame: Naikaku Hikume no Straight wo Minogashite Strike 0-2,,,,,2,,,,,,,,,,,,,,,,,,,,,,,,,,,,,,,,,,,,,,,,,,,,,,,,2019-02-24 07:35:22+00:00,2019-02-24 07:35:22+00:00,0,3721,139,浦添,2026-10-01T20:50:19.593663
2019,2019022404,2019-02-24 13:00:00+09:00,74788554,610303.0,1,5,オープン戦,6.0,6回表,3,村山,嶋田,本田,笠原,,,1,2,ヤクルト,S,,376,楽天,E,,,,,,,3球目:ワンバウンドのスライダーを見逃してボール 1-2,3 Tamame: One Bound no Slider wo Minogashite Ball 1-2,,,,,3,,,,,,,,,,,,,,,,,,,,,,,,,,,,,,,,,,,,,,,,,,,,,,,,2019-02-24 07:35:22+00:00,2019-02-24 07:35:22+00:00,0,3721,139,浦添,2026-10-01T20:50:19.593663
2019,2019022404,2019-02-24 13:00:00+09:00,74788555,610300.0,1,5,オープン戦,6.0,6回表,3,村山,嶋田,本田,笠原,,,1,2,ヤクルト,S,,376,楽天,E,,,,,,,1塁けん制:ランナー渡邊佳帰塁,1 Rui Kensei: Runner Watanabe Kei Kirui,,,,,0,,,,,,,,,,,,,,,,,,,,,,,,,,,,,,,,,,,,,,,,,,,,,,,,2019-02-24 07:35:22+00:00,2019-02-24 07:35:22+00:00,0,3721,139,浦添,2026-10-01T20:50:19.593663
2019,2019022404,2019-02-24 13:00:00+09:00,74788556,610304.0,1,5,オープン戦,6.0,6回表,3,村山,嶋田,本田,笠原,,,1,2,ヤクルト,S,,376,楽天,E,,,,,,,4球目:内角の真っ直ぐを打つもレフトフライ 2アウト,4 Tamame: Naikaku no Massugu wo Utsu mo Left Fly 2 Out,,,,,4,,,,,,,,,,,,,,,,,,,,,,,,,,,,,,,,,,,,,,,,,,,,,,,,2019-02-24 07:35:22+00:00,2019-02-24 07:35:22+00:00,0,3721,139,浦添,2026-10-01T20:50:19.593663
2019,2019022404,2019-02-24 13:00:00+09:00,74788557,610400.0,1,5,オープン戦,6.0,6回表,4,村山,嶋田,本田,笠原,,,1,2,ヤクルト,S,,376,楽天,E,,,,,,,銀次→代打:渡辺直,Ginji Daida: Watanabe Tadashi,,,,,0,,,,,,,,,,,,,,,,,,,,,,,,,,,,,,,,,,,,,,,,,,,,,,,,2019-02-24 07:35:22+00:00,2019-02-24 07:35:22+00:00,0,3721,139,浦添,2026-10-01T20:50:19.593663
2019,2019022404,2019-02-24 13:00:00+09:00,74788558,610400.0,1,5,オープン戦,6.0,6回表,4,村山,嶋田,本田,笠原,,,1,2,ヤクルト,S,,376,楽天,E,,,,,,,＜代打：渡辺直＞二死1塁,< Daida: Watanabe Tadashi> Ni Shi 1 Rui,,,,,0,,,,,,,,,,,,,,,,,,,,,,,,,,,,,,,,,,,,,,,,,,,,,,,,2019-02-24 07:35:22+00:00,2019-02-24 07:35:22+00:00,0,3721,139,浦添,2026-10-01T20:50:19.593663
2019,2019022404,2019-02-24 13:00:00+09:00,74788559,610401.0,1,5,オープン戦,6.0,6回表,4,村山,嶋田,本田,笠原,,,1,2,ヤクルト,S,,376,楽天,E,,,,,,,1球目:外角低めのカットボールを見逃してボール 1-0,1 Tamame: Gaikaku Hikume no Cut Ball wo Minogashite Ball 1-0,,,,,1,,,,,,,,,,,,,,,,,,,,,,,,,,,,,,,,,,,,,,,,,,,,,,,,2019-02-24 07:35:22+00:00,2019-02-24 07:35:22+00:00,0,3721,139,浦添,2026-10-01T20:50:19.593663
2019,2019022404,2019-02-24 13:00:00+09:00,74788560,610402.0,1,5,オープン戦,6.0,6回表,4,村山,嶋田,本田,笠原,,,1,2,ヤクルト,S,,376,楽天,E,,,,,,,2球目:外角高め143キロのストレートを打ってファウル 1-1,2 Tamame: Gaikaku Takame 143 Kilo no Straight wo Utte Foul 1-1,,,,,2,,,,,,,,,,,,,,,,,,,,,,,,,,,,,,,,,,,,,,,,,,,,,,,,2019-02-24 07:35:22+00:00,2019-02-24 07:35:22+00:00,0,3721,139,浦添,2026-10-01T20:50:19.593663
2019,2019022404,2019-02-24 13:00:00+09:00,74788561,610403.0,1,5,オープン戦,6.0,6回表,4,村山,嶋田,本田,笠原,,,1,2,ヤクルト,S,,376,楽天,E,,,,,,,"3球目:死球を受ける 1,2塁","3 Tamame: Shikyuu wo Ukeru 1,2 Rui",,,,,3,,,,,,,,,,,,,,,,,,,,,,,,,,,,,,,,,,,,,,,,,,,,,,,,2019-02-24 07:35:22+00:00,2019-02-24 07:35:22+00:00,0,3721,139,浦添,2026-10-01T20:50:19.593663
2019,2019022404,2019-02-24 13:00:00+09:00,74788562,610500.0,1,5,オープン戦,6.0,6回表,5,村山,嶋田,本田,笠原,,,1,2,ヤクルト,S,,376,楽天,E,,,,,,,1塁渡辺直→代走:山崎,1 Rui Watanabe Tadashi Daisou: Yamazaki,,,,,0,,,,,,,,,,,,,,,,,,,,,,,,,,,,,,,,,,,,,,,,,,,,,,,,2019-02-24 07:35:22+00:00,2019-02-24 07:35:22+00:00,0,3721,139,浦添,2026-10-01T20:50:19.593663
2019,2019022404,2019-02-24 13:00:00+09:00,74788563,610500.0,1,5,オープン戦,6.0,6回表,5,村山,嶋田,本田,笠原,,,1,2,ヤクルト,S,,376,楽天,E,,,,,,,"＜7番：小郷＞二死1,2塁","<7 Ban: Ogou> Ni Shi 1,2 Rui",,,,,0,,,,,,,,,,,,,,,,,,,,,,,,,,,,,,,,,,,,,,,,,,,,,,,,2019-02-24 07:35:22+00:00,2019-02-24 07:35:22+00:00,0,3721,139,浦添,2026-10-01T20:50:19.593663
2019,2019022404,2019-02-24 13:00:00+09:00,74788564,610501.0,1,5,オープン戦,6.0,6回表,5,村山,嶋田,本田,笠原,,,1,2,ヤクルト,S,,376,楽天,E,,,,,,,1球目:115キロのカーブを見逃してストライク 0-1,1 Tamame:115 Kilo no Curve wo Minogashite Strike 0-1,,,,,1,,,,,,,,,,,,,,,,,,,,,,,,,,,,,,,,,,,,,,,,,,,,,,,,2019-02-24 07:35:22+00:00,2019-02-24 07:35:22+00:00,0,3721,139,浦添,2026-10-01T20:50:19.593663
2019,2019022404,2019-02-24 13:00:00+09:00,74788565,610502.0,1,5,オープン戦,6.0,6回表,5,村山,嶋田,本田,笠原,,,1,2,ヤクルト,S,,376,楽天,E,,,,,,,2球目:外角のフォークを見逃してボール 1-1,2 Tamame: Gaikaku no Fork wo Minogashite Ball 1-1,,,,,2,,,,,,,,,,,,,,,,,,,,,,,,,,,,,,,,,,,,,,,,,,,,,,,,2019-02-24 07:35:22+00:00,2019-02-24 07:35:22+00:00,0,3721,139,浦添,2026-10-01T20:50:19.593663
2019,2019022404,2019-02-24 13:00:00+09:00,74788566,610500.0,1,5,オープン戦,6.0,6回表,5,村山,嶋田,本田,笠原,,,1,2,ヤクルト,S,,376,楽天,E,,,,,,,2塁けん制:ランナー渡邊佳帰塁,2 Rui Kensei: Runner Watanabe Kei Kirui,,,,,0,,,,,,,,,,,,,,,,,,,,,,,,,,,,,,,,,,,,,,,,,,,,,,,,2019-02-24 07:35:22+00:00,2019-02-24 07:35:22+00:00,0,3721,139,浦添,2026-10-01T20:50:19.593663
2019,2019022404,2019-02-24 13:00:00+09:00,74788567,610503.0,1,5,オープン戦,6.0,6回表,5,村山,嶋田,本田,笠原,,,1,2,ヤクルト,S,,376,楽天,E,,,,,,,3球目:ど真ん中のストレートを打つもレフトフライ 3アウトチェンジ,3 Tamame: Domannaka no Straight wo Utsu mo Left Fly 3 Out Change,,,,,3,,,,,,,,,,,,,,,,,,,,,,,,,,,,,,,,,,,,,,,,,,,,,,,,2019-02-24 07:35:22+00:00,2019-02-24 07:35:22+00:00,0,3721,139,浦添,2026-10-01T20:50:19.593663
2019,2019022404,2019-02-24 13:00:00+09:00,74788568,620100.0,1,5,オープン戦,6.0,6回裏,1,村山,嶋田,本田,笠原,,,1,2,ヤクルト,S,,376,楽天,E,,,,,,,6回裏 ヤ1-6楽　ヤクルトは8番渡邉からの攻撃,6 Kai Uraya 1-6gaku Yakuruto wa 8 Ban Watanabe kara no Kougeki,,,,,0,,,,,,,,,,,,,,,,,,,,,,,,,,,,,,,,,,,,,,,,,,,,,,,,2019-02-24 07:35:22+00:00,2019-02-24 07:35:22+00:00,0,3721,139,浦添,2026-10-01T20:50:19.593663
2019,2019022404,2019-02-24 13:00:00+09:00,74788569,620100.0,1,5,オープン戦,6.0,6回裏,1,村山,嶋田,本田,笠原,,,1,2,ヤクルト,S,,376,楽天,E,,,,,,,投手交代:藤平→ハーマン　守備変更:オコエライト→レフト　守備変更:田中センター→ライト　守備変更:辰己→センター　守備変更:渡邊佳セカンド→サード　守備変更:山崎→セカンド,Toushu Koutai: Fujihira Hamann Shubi Henkou: Okoeraito Left Shubi Henkou: Tanaka Center Raito Shubi Henkou: Tatsumi Center Shubi Henkou: Watanabe Kei Sekando Third Shubi Henkou: Yamazaki Sekando,,,,,0,,,,,,,,,,,,,,,,,,,,,,,,,,,,,,,,,,,,,,,,,,,,,,,,2019-02-24 07:35:22+00:00,2019-02-24 07:35:22+00:00,0,3721,139,浦添,2026-10-01T20:50:19.593663
2019,2019022404,2019-02-24 13:00:00+09:00,74788570,620100.0,1,5,オープン戦,6.0,6回裏,1,村山,嶋田,本田,笠原,,,1,2,ヤクルト,S,,376,楽天,E,,,,,,,＜8番：渡邉＞無死走者なし,<8 Ban: Watanabe> Mushi Sousha Nashi,,,,,0,,,,,,,,,,,,,,,,,,,,,,,,,,,,,,,,,,,,,,,,,,,,,,,,2019-02-24 07:35:22+00:00,2019-02-24 07:35:22+00:00,0,3721,139,浦添,2026-10-01T20:50:19.593663
2019,2019022404,2019-02-24 13:00:00+09:00,74788571,620101.0,1,5,オープン戦,6.0,6回裏,1,村山,嶋田,本田,笠原,,,1,2,ヤクルト,S,,376,楽天,E,,,,,,,1球目:外角低め142キロのストレートを見逃してストライク 0-1,1 Tamame: Gaikaku Hikume 142 Kilo no Straight wo Minogashite Strike 0-1,,,,,1,,,,,,,,,,,,,,,,,,,,,,,,,,,,,,,,,,,,,,,,,,,,,,,,2019-02-24 07:35:22+00:00,2019-02-24 07:35:22+00:00,0,3721,139,浦添,2026-10-01T20:50:19.593663
2019,2019022404,2019-02-24 13:00:00+09:00,74788572,620102.0,1,5,オープン戦,6.0,6回裏,1,村山,嶋田,本田,笠原,,,1,2,ヤクルト,S,,376,楽天,E,,,,,,,2球目:外角高め145キロのストレートを空振りストライク 0-2,2 Tamame: Gaikaku Takame 145 Kilo no Straight wo Karaburi Strike 0-2,,,,,2,,,,,,,,,,,,,,,,,,,,,,,,,,,,,,,,,,,,,,,,,,,,,,,,2019-02-24 07:35:22+00:00,2019-02-24 07:35:22+00:00,0,3721,139,浦添,2026-10-01T20:50:19.593663
2019,2019022404,2019-02-24 13:00:00+09:00,74788573,620103.0,1,5,オープン戦,6.0,6回裏,1,村山,嶋田,本田,笠原,,,1,2,ヤクルト,S,,376,楽天,E,,,,,,,3球目:低め144キロのストレートを見逃してボール 1-2,3 Tamame: Hikume 144 Kilo no Straight wo Minogashite Ball 1-2,,,,,3,,,,,,,,,,,,,,,,,,,,,,,,,,,,,,,,,,,,,,,,,,,,,,,,2019-02-24 07:35:22+00:00,2019-02-24 07:35:22+00:00,0,3721,139,浦添,2026-10-01T20:50:19.593663
2019,2019022404,2019-02-24 13:00:00+09:00,74788574,620104.0,1,5,オープン戦,6.0,6回裏,1,村山,嶋田,本田,笠原,,,1,2,ヤクルト,S,,376,楽天,E,,,,,,,4球目:高めのナックルカーブを打つもセカンドゴロ 1アウト,4 Tamame: Takame no Knuckle Curve wo Utsu mo Sekando Grounder 1 Out,,,,,4,,,,,,,,,,,,,,,,,,,,,,,,,,,,,,,,,,,,,,,,,,,,,,,,2019-02-24 07:35:22+00:00,2019-02-24 07:35:22+00:00,0,3721,139,浦添,2026-10-01T20:50:19.593663
2019,2019022404,2019-02-24 13:00:00+09:00,74788575,620200.0,1,5,オープン戦,6.0,6回裏,2,村山,嶋田,本田,笠原,,,1,2,ヤクルト,S,,376,楽天,E,,,,,,,＜9番：塩見＞一死走者なし,<9 Ban: Shiomi> Ichi Shi Sousha Nashi,,,,,0,,,,,,,,,,,,,,,,,,,,,,,,,,,,,,,,,,,,,,,,,,,,,,,,2019-02-24 07:35:22+00:00,2019-02-24 07:35:22+00:00,0,3721,139,浦添,2026-10-01T20:50:19.593663
2019,2019022404,2019-02-24 13:00:00+09:00,74788576,620201.0,1,5,オープン戦,6.0,6回裏,2,村山,嶋田,本田,笠原,,,1,2,ヤクルト,S,,376,楽天,E,,,,,,,1球目:外角138キロのカットボールを見逃してボール 1-0,1 Tamame: Gaikaku 138 Kilo no Cut Ball wo Minogashite Ball 1-0,,,,,1,,,,,,,,,,,,,,,,,,,,,,,,,,,,,,,,,,,,,,,,,,,,,,,,2019-02-24 07:35:22+00:00,2019-02-24 07:35:22+00:00,0,3721,139,浦添,2026-10-01T20:50:19.593663
2019,2019022404,2019-02-24 13:00:00+09:00,74788577,620202.0,1,5,オープン戦,6.0,6回裏,2,村山,嶋田,本田,笠原,,,1,2,ヤクルト,S,,376,楽天,E,,,,,,,2球目:外角145キロのストレートを見逃してストライク 1-1,2 Tamame: Gaikaku 145 Kilo no Straight wo Minogashite Strike 1-1,,,,,2,,,,,,,,,,,,,,,,,,,,,,,,,,,,,,,,,,,,,,,,,,,,,,,,2019-02-24 07:35:22+00:00,2019-02-24 07:35:22+00:00,0,3721,139,浦添,2026-10-01T20:50:19.593663
2019,2019022404,2019-02-24 13:00:00+09:00,74788578,620203.0,1,5,オープン戦,6.0,6回裏,2,村山,嶋田,本田,笠原,,,1,2,ヤクルト,S,,376,楽天,E,,,,,,,3球目:高めのナックルカーブをライトへ打ってヒット 1塁,3 Tamame: Takame no Knuckle Curve wo Raito e Utte Hit 1 Rui,,,,,3,,,,,,,,,,,,,,,,,,,,,,,,,,,,,,,,,,,,,,,,,,,,,,,,2019-02-24 07:35:22+00:00,2019-02-24 07:35:22+00:00,0,3721,139,浦添,2026-10-01T20:50:19.593663
2019,2019022404,2019-02-24 13:00:00+09:00,74788579,620300.0,1,5,オープン戦,6.0,6回裏,3,村山,嶋田,本田,笠原,,,1,2,ヤクルト,S,,376,楽天,E,,,,,,,＜1番：廣岡＞一死1塁,<1 Ban: Hirooka> Ichi Shi 1 Rui,,,,,0,,,,,,,,,,,,,,,,,,,,,,,,,,,,,,,,,,,,,,,,,,,,,,,,2019-02-24 07:35:22+00:00,2019-02-24 07:35:22+00:00,0,3721,139,浦添,2026-10-01T20:50:19.593663
2019,2019022404,2019-02-24 13:00:00+09:00,74788580,620301.0,1,5,オープン戦,6.0,6回裏,3,村山,嶋田,本田,笠原,,,1,2,ヤクルト,S,,376,楽天,E,,,,,,,1球目:137キロのカットボールを見逃してストライク 0-1,1 Tamame:137 Kilo no Cut Ball wo Minogashite Strike 0-1,,,,,1,,,,,,,,,,,,,,,,,,,,,,,,,,,,,,,,,,,,,,,,,,,,,,,,2019-02-24 07:35:22+00:00,2019-02-24 07:35:22+00:00,0,3721,139,浦添,2026-10-01T20:50:19.593663
2019,2019022404,2019-02-24 13:00:00+09:00,74788581,620302.0,1,5,オープン戦,6.0,6回裏,3,村山,嶋田,本田,笠原,,,1,2,ヤクルト,S,,376,楽天,E,,,,,,,2球目:甘いストレートを打ってファウル 0-2,2 Tamame: Amai Straight wo Utte Foul 0-2,,,,,2,,,,,,,,,,,,,,,,,,,,,,,,,,,,,,,,,,,,,,,,,,,,,,,,2019-02-24 07:35:22+00:00,2019-02-24 07:35:22+00:00,0,3721,139,浦添,2026-10-01T20:50:19.593663
2019,2019022404,2019-02-24 13:00:00+09:00,74788582,620303.0,1,5,オープン戦,6.0,6回裏,3,村山,嶋田,本田,笠原,,,1,2,ヤクルト,S,,376,楽天,E,,,,,,,3球目:高めのつり球には反応せずボール 1-2,3 Tamame: Takame no Tsuri Tama ni wa Hannou Sezu Ball 1-2,,,,,3,,,,,,,,,,,,,,,,,,,,,,,,,,,,,,,,,,,,,,,,,,,,,,,,2019-02-24 07:35:22+00:00,2019-02-24 07:35:22+00:00,0,3721,139,浦添,2026-10-01T20:50:19.593663
2019,2019022404,2019-02-24 13:00:00+09:00,74788583,620300.0,1,5,オープン戦,6.0,6回裏,3,村山,嶋田,本田,笠原,,,1,2,ヤクルト,S,,376,楽天,E,,,,,,,一塁走者塩見:盗塁成功 2塁,Ichirui Sousha Shiomi: Tourui Seikou 2 Rui,,,,,0,,,,,,,,,,,,,,,,,,,,,,,,,,,,,,,,,,,,,,,,,,,,,,,,2019-02-24 07:35:22+00:00,2019-02-24 07:35:22+00:00,0,3721,139,浦添,2026-10-01T20:50:19.593663
2019,2019022404,2019-02-24 13:00:00+09:00,74788584,620304.0,1,5,オープン戦,6.0,6回裏,3,村山,嶋田,本田,笠原,,,1,2,ヤクルト,S,,376,楽天,E,,,,,,,4球目:外角のナックルカーブに空振り三振でバッターアウト 2アウト,4 Tamame: Gaikaku no Knuckle Curve ni Karaburi Sanshin de Batter Out 2 Out,,,,,4,,,,,,,,,,,,,,,,,,,,,,,,,,,,,,,,,,,,,,,,,,,,,,,,2019-02-24 07:35:22+00:00,2019-02-24 07:35:22+00:00,0,3721,139,浦添,2026-10-01T20:50:19.593663
2019,2019022404,2019-02-24 13:00:00+09:00,74788585,620400.0,1,5,オープン戦,6.0,6回裏,4,村山,嶋田,本田,笠原,,,1,2,ヤクルト,S,,376,楽天,E,,,,,,,＜2番：上田＞二死2塁,<2 Ban: Ueda> Ni Shi 2 Rui,,,,,0,,,,,,,,,,,,,,,,,,,,,,,,,,,,,,,,,,,,,,,,,,,,,,,,2019-02-24 07:35:22+00:00,2019-02-24 07:35:22+00:00,0,3721,139,浦添,2026-10-01T20:50:19.593663
2019,2019022404,2019-02-24 13:00:00+09:00,74788586,620401.0,1,5,オープン戦,6.0,6回裏,4,村山,嶋田,本田,笠原,,,1,2,ヤクルト,S,,376,楽天,E,,,,,,,1球目:際どいコースのストレートを見逃してストライク 0-1,1 Tamame: Kiwadoi Course no Straight wo Minogashite Strike 0-1,,,,,1,,,,,,,,,,,,,,,,,,,,,,,,,,,,,,,,,,,,,,,,,,,,,,,,2019-02-24 07:35:22+00:00,2019-02-24 07:35:22+00:00,0,3721,139,浦添,2026-10-01T20:50:19.593663
2019,2019022404,2019-02-24 13:00:00+09:00,74788587,620402.0,1,5,オープン戦,6.0,6回裏,4,村山,嶋田,本田,笠原,,,1,2,ヤクルト,S,,376,楽天,E,,,,,,,2球目:外角145キロのストレートを打ってファウル 0-2,2 Tamame: Gaikaku 145 Kilo no Straight wo Utte Foul 0-2,,,,,2,,,,,,,,,,,,,,,,,,,,,,,,,,,,,,,,,,,,,,,,,,,,,,,,2019-02-24 07:35:22+00:00,2019-02-24 07:35:22+00:00,0,3721,139,浦添,2026-10-01T20:50:19.593663
2019,2019022404,2019-02-24 13:00:00+09:00,74788588,620403.0,1,5,オープン戦,6.0,6回裏,4,村山,嶋田,本田,笠原,,,1,2,ヤクルト,S,,376,楽天,E,,,,,,,3球目:高めのつり球に手を出しファウル 0-2,3 Tamame: Takame no Tsuri Tama ni Te wo Dashi Foul 0-2,,,,,3,,,,,,,,,,,,,,,,,,,,,,,,,,,,,,,,,,,,,,,,,,,,,,,,2019-02-24 07:35:22+00:00,2019-02-24 07:35:22+00:00,0,3721,139,浦添,2026-10-01T20:50:19.593663
2019,2019022404,2019-02-24 13:00:00+09:00,74788589,620404.0,1,5,オープン戦,6.0,6回裏,4,村山,嶋田,本田,笠原,,,1,2,ヤクルト,S,,376,楽天,E,,,,,,,4球目:甘いナックルカーブを打ってファウル 0-2,4 Tamame: Amai Knuckle Curve wo Utte Foul 0-2,,,,,4,,,,,,,,,,,,,,,,,,,,,,,,,,,,,,,,,,,,,,,,,,,,,,,,2019-02-24 07:35:22+00:00,2019-02-24 07:35:22+00:00,0,3721,139,浦添,2026-10-01T20:50:19.593663
2019,2019022404,2019-02-24 13:00:00+09:00,74788590,620405.0,1,5,オープン戦,6.0,6回裏,4,村山,嶋田,本田,笠原,,,1,2,ヤクルト,S,,376,楽天,E,,,,,,,5球目:外角高めのストレートを打ってファウル 0-2,5 Tamame: Gaikaku Takame no Straight wo Utte Foul 0-2,,,,,5,,,,,,,,,,,,,,,,,,,,,,,,,,,,,,,,,,,,,,,,,,,,,,,,2019-02-24 07:35:22+00:00,2019-02-24 07:35:22+00:00,0,3721,139,浦添,2026-10-01T20:50:19.593663
2019,2019022404,2019-02-24 13:00:00+09:00,74788591,620406.0,1,5,オープン戦,6.0,6回裏,4,村山,嶋田,本田,笠原,,,1,2,ヤクルト,S,,376,楽天,E,,,,,,,6球目:外角高めのナックルカーブを見逃してボール 1-2,6 Tamame: Gaikaku Takame no Knuckle Curve wo Minogashite Ball 1-2,,,,,6,,,,,,,,,,,,,,,,,,,,,,,,,,,,,,,,,,,,,,,,,,,,,,,,2019-02-24 07:35:22+00:00,2019-02-24 07:35:22+00:00,0,3721,139,浦添,2026-10-01T20:50:19.593663
2019,2019022404,2019-02-24 13:00:00+09:00,74788592,620407.0,1,5,オープン戦,6.0,6回裏,4,村山,嶋田,本田,笠原,,,1,2,ヤクルト,S,,376,楽天,E,,,,,,,7球目:内角のストレートを打ってファウル 1-2,7 Tamame: Naikaku no Straight wo Utte Foul 1-2,,,,,7,,,,,,,,,,,,,,,,,,,,,,,,,,,,,,,,,,,,,,,,,,,,,,,,2019-02-24 07:35:22+00:00,2019-02-24 07:35:22+00:00,0,3721,139,浦添,2026-10-01T20:50:19.593663
2019,2019022404,2019-02-24 13:00:00+09:00,74788593,620408.0,1,5,オープン戦,6.0,6回裏,4,村山,嶋田,本田,笠原,,,1,2,ヤクルト,S,,376,楽天,E,,,,,,,8球目:ワンバウンドのナックルカーブを見逃してボール 2-2,8 Tamame: One Bound no Knuckle Curve wo Minogashite Ball 2-2,,,,,8,,,,,,,,,,,,,,,,,,,,,,,,,,,,,,,,,,,,,,,,,,,,,,,,2019-02-24 07:35:22+00:00,2019-02-24 07:35:22+00:00,0,3721,139,浦添,2026-10-01T20:50:19.593663
2019,2019022404,2019-02-24 13:00:00+09:00,74788594,620409.0,1,5,オープン戦,6.0,6回裏,4,村山,嶋田,本田,笠原,,,1,2,ヤクルト,S,,376,楽天,E,,,,,,,9球目:内角高めの変化球を見逃してボール 3-2,9 Tamame: Naikaku Takame no Henka Kyuu wo Minogashite Ball 3-2,,,,,9,,,,,,,,,,,,,,,,,,,,,,,,,,,,,,,,,,,,,,,,,,,,,,,,2019-02-24 07:35:22+00:00,2019-02-24 07:35:22+00:00,0,3721,139,浦添,2026-10-01T20:50:19.593663
2019,2019022404,2019-02-24 13:00:00+09:00,74788595,620410.0,1,5,オープン戦,6.0,6回裏,4,村山,嶋田,本田,笠原,,,1,2,ヤクルト,S,,376,楽天,E,,,,,,,10球目:9球粘るも外角低めの真っ直ぐに空振り三振 3アウトチェンジ,10 Tamame:9 Kyuu Nebaru mo Gaikaku Hikume no Massugu ni Karaburi Sanshin 3 Out Change,,,,,10,,,,,,,,,,,,,,,,,,,,,,,,,,,,,,,,,,,,,,,,,,,,,,,,2019-02-24 07:35:22+00:00,2019-02-24 07:35:22+00:00,0,3721,139,浦添,2026-10-01T20:50:19.593663
2019,2019022404,2019-02-24 13:00:00+09:00,74788596,710100.0,1,5,オープン戦,7.0,7回表,1,村山,嶋田,本田,笠原,,,1,2,ヤクルト,S,,376,楽天,E,,,,,,,7回表 ヤ1-6楽　楽天は8番堀内からの攻撃,7 Kai Hyouya 1-6 Raku Rakuten wa 8 Ban Horiuchi kara no Kougeki,,,,,0,,,,,,,,,,,,,,,,,,,,,,,,,,,,,,,,,,,,,,,,,,,,,,,,2019-02-24 07:35:22+00:00,2019-02-24 07:35:22+00:00,0,3721,139,浦添,2026-10-01T20:50:19.593663
2019,2019022404,2019-02-24 13:00:00+09:00,74788597,710100.0,1,5,オープン戦,7.0,7回表,1,村山,嶋田,本田,笠原,,,1,2,ヤクルト,S,,376,楽天,E,,,,,,,＜8番：堀内＞無死走者なし,<8 Ban: Horiuchi> Mushi Sousha Nashi,,,,,0,,,,,,,,,,,,,,,,,,,,,,,,,,,,,,,,,,,,,,,,,,,,,,,,2019-02-24 07:35:22+00:00,2019-02-24 07:35:22+00:00,0,3721,139,浦添,2026-10-01T20:50:19.593663
2019,2019022404,2019-02-24 13:00:00+09:00,74788598,710101.0,1,5,オープン戦,7.0,7回表,1,村山,嶋田,本田,笠原,,,1,2,ヤクルト,S,,376,楽天,E,,,,,,,1球目:外角高め143キロのストレートを打ちにいくもファウル 0-1,1 Tamame: Gaikaku Takame 143 Kilo no Straight wo Uchi ni Iku mo Foul 0-1,,,,,1,,,,,,,,,,,,,,,,,,,,,,,,,,,,,,,,,,,,,,,,,,,,,,,,2019-02-24 07:35:22+00:00,2019-02-24 07:35:22+00:00,0,3721,139,浦添,2026-10-01T20:50:19.593663
2019,2019022404,2019-02-24 13:00:00+09:00,74788599,710102.0,1,5,オープン戦,7.0,7回表,1,村山,嶋田,本田,笠原,,,1,2,ヤクルト,S,,376,楽天,E,,,,,,,2球目:外角低めのツーシームを見逃してボール 1-1,2 Tamame: Gaikaku Hikume no Two Seam wo Minogashite Ball 1-1,,,,,2,,,,,,,,,,,,,,,,,,,,,,,,,,,,,,,,,,,,,,,,,,,,,,,,2019-02-24 07:35:22+00:00,2019-02-24 07:35:22+00:00,0,3721,139,浦添,2026-10-01T20:50:19.593663
2019,2019022404,2019-02-24 13:00:00+09:00,74788600,710103.0,1,5,オープン戦,7.0,7回表,1,村山,嶋田,本田,笠原,,,1,2,ヤクルト,S,,376,楽天,E,,,,,,,3球目:ど真ん中の球を打ってファウル 1-2,3 Tamame: Domannaka no Tama wo Utte Foul 1-2,,,,,3,,,,,,,,,,,,,,,,,,,,,,,,,,,,,,,,,,,,,,,,,,,,,,,,2019-02-24 07:35:22+00:00,2019-02-24 07:35:22+00:00,0,3721,139,浦添,2026-10-01T20:50:19.593663
2019,2019022404,2019-02-24 13:00:00+09:00,74788601,710104.0,1,5,オープン戦,7.0,7回表,1,村山,嶋田,本田,笠原,,,1,2,ヤクルト,S,,376,楽天,E,,,,,,,4球目:高めのフォークを見逃してボール 2-2,4 Tamame: Takame no Fork wo Minogashite Ball 2-2,,,,,4,,,,,,,,,,,,,,,,,,,,,,,,,,,,,,,,,,,,,,,,,,,,,,,,2019-02-24 07:35:22+00:00,2019-02-24 07:35:22+00:00,0,3721,139,浦添,2026-10-01T20:50:19.593663
2019,2019022404,2019-02-24 13:00:00+09:00,74788602,710105.0,1,5,オープン戦,7.0,7回表,1,村山,嶋田,本田,笠原,,,1,2,ヤクルト,S,,376,楽天,E,,,,,,,5球目:外角の真っ直ぐを打つもセンターフライ 1アウト,5 Tamame: Gaikaku no Massugu wo Utsu mo Center Fly 1 Out,,,,,5,,,,,,,,,,,,,,,,,,,,,,,,,,,,,,,,,,,,,,,,,,,,,,,,2019-02-24 07:35:22+00:00,2019-02-24 07:35:22+00:00,0,3721,139,浦添,2026-10-01T20:50:19.593663
2019,2019022404,2019-02-24 13:00:00+09:00,74788603,710200.0,1,5,オープン戦,7.0,7回表,2,村山,嶋田,本田,笠原,,,1,2,ヤクルト,S,,376,楽天,E,,,,,,,＜9番：村林＞一死走者なし,<9 Ban: Murabayashi> Ichi Shi Sousha Nashi,,,,,0,,,,,,,,,,,,,,,,,,,,,,,,,,,,,,,,,,,,,,,,,,,,,,,,2019-02-24 07:35:22+00:00,2019-02-24 07:35:22+00:00,0,3721,139,浦添,2026-10-01T20:50:19.593663
2019,2019022404,2019-02-24 13:00:00+09:00,74788604,710201.0,1,5,オープン戦,7.0,7回表,2,村山,嶋田,本田,笠原,,,1,2,ヤクルト,S,,376,楽天,E,,,,,,,1球目:高めの変化球を見逃してボール 1-0,1 Tamame: Takame no Henka Kyuu wo Minogashite Ball 1-0,,,,,1,,,,,,,,,,,,,,,,,,,,,,,,,,,,,,,,,,,,,,,,,,,,,,,,2019-02-24 07:35:22+00:00,2019-02-24 07:35:22+00:00,0,3721,139,浦添,2026-10-01T20:50:19.593663
2019,2019022404,2019-02-24 13:00:00+09:00,74788605,710202.0,1,5,オープン戦,7.0,7回表,2,村山,嶋田,本田,笠原,,,1,2,ヤクルト,S,,376,楽天,E,,,,,,,2球目:ど真ん中のストレートを打つもサードゴロ 2アウト,2 Tamame: Domannaka no Straight wo Utsu mo Third Grounder 2 Out,,,,,2,,,,,,,,,,,,,,,,,,,,,,,,,,,,,,,,,,,,,,,,,,,,,,,,2019-02-24 07:35:22+00:00,2019-02-24 07:35:22+00:00,0,3721,139,浦添,2026-10-01T20:50:19.593663
2019,2019022404,2019-02-24 13:00:00+09:00,74788606,710300.0,1,5,オープン戦,7.0,7回表,3,村山,嶋田,本田,笠原,,,1,2,ヤクルト,S,,376,楽天,E,,,,,,,＜1番：オコエ＞二死走者なし,<1 Ban: Okoe> Ni Shi Sousha Nashi,,,,,0,,,,,,,,,,,,,,,,,,,,,,,,,,,,,,,,,,,,,,,,,,,,,,,,2019-02-24 07:35:22+00:00,2019-02-24 07:35:22+00:00,0,3721,139,浦添,2026-10-01T20:50:19.593663
2019,2019022404,2019-02-24 13:00:00+09:00,74788607,710301.0,1,5,オープン戦,7.0,7回表,3,村山,嶋田,本田,笠原,,,1,2,ヤクルト,S,,376,楽天,E,,,,,,,1球目:内角142キロのストレートを見逃してストライク 0-1,1 Tamame: Naikaku 142 Kilo no Straight wo Minogashite Strike 0-1,,,,,1,,,,,,,,,,,,,,,,,,,,,,,,,,,,,,,,,,,,,,,,,,,,,,,,2019-02-24 07:35:22+00:00,2019-02-24 07:35:22+00:00,0,3721,139,浦添,2026-10-01T20:50:19.593663
2019,2019022404,2019-02-24 13:00:00+09:00,74788608,710302.0,1,5,オープン戦,7.0,7回表,3,村山,嶋田,本田,笠原,,,1,2,ヤクルト,S,,376,楽天,E,,,,,,,2球目:外角高めのカットボールを見逃してストライク 0-2,2 Tamame: Gaikaku Takame no Cut Ball wo Minogashite Strike 0-2,,,,,2,,,,,,,,,,,,,,,,,,,,,,,,,,,,,,,,,,,,,,,,,,,,,,,,2019-02-24 07:35:22+00:00,2019-02-24 07:35:22+00:00,0,3721,139,浦添,2026-10-01T20:50:19.593663
2019,2019022404,2019-02-24 13:00:00+09:00,74788609,710303.0,1,5,オープン戦,7.0,7回表,3,村山,嶋田,本田,笠原,,,1,2,ヤクルト,S,,376,楽天,E,,,,,,,3球目:際どいコースのストレートを見極めてボール 1-2,3 Tamame: Kiwadoi Course no Straight wo Mikiwamete Ball 1-2,,,,,3,,,,,,,,,,,,,,,,,,,,,,,,,,,,,,,,,,,,,,,,,,,,,,,,2019-02-24 07:35:22+00:00,2019-02-24 07:35:22+00:00,0,3721,139,浦添,2026-10-01T20:50:19.593663
2019,2019022404,2019-02-24 13:00:00+09:00,74788610,710304.0,1,5,オープン戦,7.0,7回表,3,村山,嶋田,本田,笠原,,,1,2,ヤクルト,S,,376,楽天,E,,,,,,,4球目:外角低めの変化球を見逃してボール 2-2,4 Tamame: Gaikaku Hikume no Henka Kyuu wo Minogashite Ball 2-2,,,,,4,,,,,,,,,,,,,,,,,,,,,,,,,,,,,,,,,,,,,,,,,,,,,,,,2019-02-24 07:35:22+00:00,2019-02-24 07:35:22+00:00,0,3721,139,浦添,2026-10-01T20:50:19.593663
2019,2019022404,2019-02-24 13:00:00+09:00,74788611,710305.0,1,5,オープン戦,7.0,7回表,3,村山,嶋田,本田,笠原,,,1,2,ヤクルト,S,,376,楽天,E,,,,,,,5球目:内角高め144キロのストレートを打ってファウル 2-2,5 Tamame: Naikaku Takame 144 Kilo no Straight wo Utte Foul 2-2,,,,,5,,,,,,,,,,,,,,,,,,,,,,,,,,,,,,,,,,,,,,,,,,,,,,,,2019-02-24 07:35:22+00:00,2019-02-24 07:35:22+00:00,0,3721,139,浦添,2026-10-01T20:50:19.593663
2019,2019022404,2019-02-24 13:00:00+09:00,74788612,710306.0,1,5,オープン戦,7.0,7回表,3,村山,嶋田,本田,笠原,,,1,2,ヤクルト,S,,376,楽天,E,,,,,,,6球目:低めのストレートに空振り三振 3アウトチェンジ,6 Tamame: Hikume no Straight ni Karaburi Sanshin 3 Out Change,,,,,6,,,,,,,,,,,,,,,,,,,,,,,,,,,,,,,,,,,,,,,,,,,,,,,,2019-02-24 07:35:22+00:00,2019-02-24 07:35:22+00:00,0,3721,139,浦添,2026-10-01T20:50:19.593663
2019,2019022404,2019-02-24 13:00:00+09:00,74788613,720100.0,1,5,オープン戦,7.0,7回裏,1,村山,嶋田,本田,笠原,,,1,2,ヤクルト,S,,376,楽天,E,,,,,,,7回裏 ヤ1-6楽　ヤクルトは3番吉田からの攻撃,7 Kai Uraya 1-6gaku Yakuruto wa 3 Ban Yoshida kara no Kougeki,,,,,0,,,,,,,,,,,,,,,,,,,,,,,,,,,,,,,,,,,,,,,,,,,,,,,,2019-02-24 07:35:22+00:00,2019-02-24 07:35:22+00:00,0,3721,139,浦添,2026-10-01T20:50:19.593663
2019,2019022404,2019-02-24 13:00:00+09:00,74788614,720100.0,1,5,オープン戦,7.0,7回裏,1,村山,嶋田,本田,笠原,,,1,2,ヤクルト,S,,376,楽天,E,,,,,,,投手交代:ハーマン→ブセニッツ,Toushu Koutai: Hamann Busenittsu,,,,,0,,,,,,,,,,,,,,,,,,,,,,,,,,,,,,,,,,,,,,,,,,,,,,,,2019-02-24 07:35:22+00:00,2019-02-24 07:35:22+00:00,0,3721,139,浦添,2026-10-01T20:50:19.593663
2019,2019022404,2019-02-24 13:00:00+09:00,74788615,720100.0,1,5,オープン戦,7.0,7回裏,1,村山,嶋田,本田,笠原,,,1,2,ヤクルト,S,,376,楽天,E,,,,,,,＜3番：吉田＞無死走者なし,<3 Ban: Yoshida> Mushi Sousha Nashi,,,,,0,,,,,,,,,,,,,,,,,,,,,,,,,,,,,,,,,,,,,,,,,,,,,,,,2019-02-24 07:35:22+00:00,2019-02-24 07:35:22+00:00,0,3721,139,浦添,2026-10-01T20:50:19.593663
2019,2019022404,2019-02-24 13:00:00+09:00,74788616,720101.0,1,5,オープン戦,7.0,7回裏,1,村山,嶋田,本田,笠原,,,1,2,ヤクルト,S,,376,楽天,E,,,,,,,1球目:外角高めのストレートを見逃してストライク 0-1,1 Tamame: Gaikaku Takame no Straight wo Minogashite Strike 0-1,,,,,1,,,,,,,,,,,,,,,,,,,,,,,,,,,,,,,,,,,,,,,,,,,,,,,,2019-02-24 07:35:22+00:00,2019-02-24 07:35:22+00:00,0,3721,139,浦添,2026-10-01T20:50:19.593663
2019,2019022404,2019-02-24 13:00:00+09:00,74788617,720102.0,1,5,オープン戦,7.0,7回裏,1,村山,嶋田,本田,笠原,,,1,2,ヤクルト,S,,376,楽天,E,,,,,,,2球目:内角のストレートを打つもファーストゴロ 1アウト,2 Tamame: Naikaku no Straight wo Utsu mo First Grounder 1 Out,,,,,2,,,,,,,,,,,,,,,,,,,,,,,,,,,,,,,,,,,,,,,,,,,,,,,,2019-02-24 07:35:22+00:00,2019-02-24 07:35:22+00:00,0,3721,139,浦添,2026-10-01T20:50:19.593663
2019,2019022404,2019-02-24 13:00:00+09:00,74788618,720200.0,1,5,オープン戦,7.0,7回裏,2,村山,嶋田,本田,笠原,,,1,2,ヤクルト,S,,376,楽天,E,,,,,,,バレンティン→代打:荒木,Barentin Daida: Araki,,,,,0,,,,,,,,,,,,,,,,,,,,,,,,,,,,,,,,,,,,,,,,,,,,,,,,2019-02-24 07:35:22+00:00,2019-02-24 07:35:22+00:00,0,3721,139,浦添,2026-10-01T20:50:19.593663
2019,2019022404,2019-02-24 13:00:00+09:00,74788619,720200.0,1,5,オープン戦,7.0,7回裏,2,村山,嶋田,本田,笠原,,,1,2,ヤクルト,S,,376,楽天,E,,,,,,,＜代打：荒木＞一死走者なし,< Daida: Araki> Ichi Shi Sousha Nashi,,,,,0,,,,,,,,,,,,,,,,,,,,,,,,,,,,,,,,,,,,,,,,,,,,,,,,2019-02-24 07:35:22+00:00,2019-02-24 07:35:22+00:00,0,3721,139,浦添,2026-10-01T20:50:19.593663
2019,2019022404,2019-02-24 13:00:00+09:00,74788620,720201.0,1,5,オープン戦,7.0,7回裏,2,村山,嶋田,本田,笠原,,,1,2,ヤクルト,S,,376,楽天,E,,,,,,,1球目:低めの変化球を見逃してボール 1-0,1 Tamame: Hikume no Henka Kyuu wo Minogashite Ball 1-0,,,,,1,,,,,,,,,,,,,,,,,,,,,,,,,,,,,,,,,,,,,,,,,,,,,,,,2019-02-24 07:35:22+00:00,2019-02-24 07:35:22+00:00,0,3721,139,浦添,2026-10-01T20:50:19.593663
2019,2019022404,2019-02-24 13:00:00+09:00,74788621,720202.0,1,5,オープン戦,7.0,7回裏,2,村山,嶋田,本田,笠原,,,1,2,ヤクルト,S,,376,楽天,E,,,,,,,2球目:低め129キロのカーブを見逃してストライク 1-1,2 Tamame: Hikume 129 Kilo no Curve wo Minogashite Strike 1-1,,,,,2,,,,,,,,,,,,,,,,,,,,,,,,,,,,,,,,,,,,,,,,,,,,,,,,2019-02-24 07:35:22+00:00,2019-02-24 07:35:22+00:00,0,3721,139,浦添,2026-10-01T20:50:19.593663
2019,2019022404,2019-02-24 13:00:00+09:00,74788622,720203.0,1,5,オープン戦,7.0,7回裏,2,村山,嶋田,本田,笠原,,,1,2,ヤクルト,S,,376,楽天,E,,,,,,,3球目:外角低め150キロのストレートを見逃してボール 2-1,3 Tamame: Gaikaku Hikume 150 Kilo no Straight wo Minogashite Ball 2-1,,,,,3,,,,,,,,,,,,,,,,,,,,,,,,,,,,,,,,,,,,,,,,,,,,,,,,2019-02-24 07:35:22+00:00,2019-02-24 07:35:22+00:00,0,3721,139,浦添,2026-10-01T20:50:19.593663
2019,2019022404,2019-02-24 13:00:00+09:00,74788623,720204.0,1,5,オープン戦,7.0,7回裏,2,村山,嶋田,本田,笠原,,,1,2,ヤクルト,S,,376,楽天,E,,,,,,,4球目:高め149キロのストレートを見逃してボール 3-1,4 Tamame: Takame 149 Kilo no Straight wo Minogashite Ball 3-1,,,,,4,,,,,,,,,,,,,,,,,,,,,,,,,,,,,,,,,,,,,,,,,,,,,,,,2019-02-24 07:35:22+00:00,2019-02-24 07:35:22+00:00,0,3721,139,浦添,2026-10-01T20:50:19.593663
2019,2019022404,2019-02-24 13:00:00+09:00,74788624,720205.0,1,5,オープン戦,7.0,7回裏,2,村山,嶋田,本田,笠原,,,1,2,ヤクルト,S,,376,楽天,E,,,,,,,5球目:一度もバットを振ることなくフォアボールを選ぶ 1塁,5 Tamame: Ichi Do mo Batto wo Furu Koto Naku Four Ball wo Erabu 1 Rui,,,,,5,,,,,,,,,,,,,,,,,,,,,,,,,,,,,,,,,,,,,,,,,,,,,,,,2019-02-24 07:35:22+00:00,2019-02-24 07:35:22+00:00,0,3721,139,浦添,2026-10-01T20:50:19.593663
2019,2019022404,2019-02-24 13:00:00+09:00,74788625,720300.0,1,5,オープン戦,7.0,7回裏,3,村山,嶋田,本田,笠原,,,1,2,ヤクルト,S,,376,楽天,E,,,,,,,＜5番：松本直＞一死1塁,<5 Ban: Matsumoto Tadashi> Ichi Shi 1 Rui,,,,,0,,,,,,,,,,,,,,,,,,,,,,,,,,,,,,,,,,,,,,,,,,,,,,,,2019-02-24 07:35:22+00:00,2019-02-24 07:35:22+00:00,0,3721,139,浦添,2026-10-01T20:50:19.593663
2019,2019022404,2019-02-24 13:00:00+09:00,74788626,720301.0,1,5,オープン戦,7.0,7回裏,3,村山,嶋田,本田,笠原,,,1,2,ヤクルト,S,,376,楽天,E,,,,,,,1球目:外角148キロのストレートを見逃してストライク 0-1,1 Tamame: Gaikaku 148 Kilo no Straight wo Minogashite Strike 0-1,,,,,1,,,,,,,,,,,,,,,,,,,,,,,,,,,,,,,,,,,,,,,,,,,,,,,,2019-02-24 07:35:22+00:00,2019-02-24 07:35:22+00:00,0,3721,139,浦添,2026-10-01T20:50:19.593663
2019,2019022404,2019-02-24 13:00:00+09:00,74788627,720302.0,1,5,オープン戦,7.0,7回裏,3,村山,嶋田,本田,笠原,,,1,2,ヤクルト,S,,376,楽天,E,,,,,,,2球目:高めのストレートを打ってファウル 0-2,2 Tamame: Takame no Straight wo Utte Foul 0-2,,,,,2,,,,,,,,,,,,,,,,,,,,,,,,,,,,,,,,,,,,,,,,,,,,,,,,2019-02-24 07:35:22+00:00,2019-02-24 07:35:22+00:00,0,3721,139,浦添,2026-10-01T20:50:19.593663
2019,2019022404,2019-02-24 13:00:00+09:00,74788628,720303.0,1,5,オープン戦,7.0,7回裏,3,村山,嶋田,本田,笠原,,,1,2,ヤクルト,S,,376,楽天,E,,,,,,,3球目:内角のストレートを打つも4-6-3のダブルプレー 3アウトチェンジ,3 Tamame: Naikaku no Straight wo Utsu mo 4-6-3 no Double Play 3 Out Change,,,,,3,,,,,,,,,,,,,,,,,,,,,,,,,,,,,,,,,,,,,,,,,,,,,,,,2019-02-24 07:35:22+00:00,2019-02-24 07:35:22+00:00,0,3721,139,浦添,2026-10-01T20:50:19.593663
2019,2019022404,2019-02-24 13:00:00+09:00,74788629,810100.0,1,5,オープン戦,8.0,8回表,1,村山,嶋田,本田,笠原,,,1,2,ヤクルト,S,,376,楽天,E,,,,,,,8回表 ヤ1-6楽　楽天は2番田中からの攻撃,8 Kai Hyouya 1-6 Raku Rakuten wa 2 Ban Tanaka kara no Kougeki,,,,,0,,,,,,,,,,,,,,,,,,,,,,,,,,,,,,,,,,,,,,,,,,,,,,,,2019-02-24 07:35:22+00:00,2019-02-24 07:35:22+00:00,0,3721,139,浦添,2026-10-01T20:50:19.593663
2019,2019022404,2019-02-24 13:00:00+09:00,74788630,810100.0,1,5,オープン戦,8.0,8回表,1,村山,嶋田,本田,笠原,,,1,2,ヤクルト,S,,376,楽天,E,,,,,,,＜2番：田中＞無死走者なし,<2 Ban: Tanaka> Mushi Sousha Nashi,,,,,0,,,,,,,,,,,,,,,,,,,,,,,,,,,,,,,,,,,,,,,,,,,,,,,,2019-02-24 07:35:22+00:00,2019-02-24 07:35:22+00:00,0,3721,139,浦添,2026-10-01T20:50:19.593663
2019,2019022404,2019-02-24 13:00:00+09:00,74788631,810101.0,1,5,オープン戦,8.0,8回表,1,村山,嶋田,本田,笠原,,,1,2,ヤクルト,S,,376,楽天,E,,,,,,,1球目:内角高め143キロのストレートを打ちにいくもファウル 0-1,1 Tamame: Naikaku Takame 143 Kilo no Straight wo Uchi ni Iku mo Foul 0-1,,,,,1,,,,,,,,,,,,,,,,,,,,,,,,,,,,,,,,,,,,,,,,,,,,,,,,2019-02-24 07:35:22+00:00,2019-02-24 07:35:22+00:00,0,3721,139,浦添,2026-10-01T20:50:19.593663
2019,2019022404,2019-02-24 13:00:00+09:00,74788632,810102.0,1,5,オープン戦,8.0,8回表,1,村山,嶋田,本田,笠原,,,1,2,ヤクルト,S,,376,楽天,E,,,,,,,2球目:ライトへのヒット 1塁,2 Tamame: Raito e no Hit 1 Rui,,,,,2,,,,,,,,,,,,,,,,,,,,,,,,,,,,,,,,,,,,,,,,,,,,,,,,2019-02-24 07:35:22+00:00,2019-02-24 07:35:22+00:00,0,3721,139,浦添,2026-10-01T20:50:19.593663
2019,2019022404,2019-02-24 13:00:00+09:00,74788633,810200.0,1,5,オープン戦,8.0,8回表,2,村山,嶋田,本田,笠原,,,1,2,ヤクルト,S,,376,楽天,E,,,,,,,＜3番：辰己＞無死1塁,<3 Ban: Tatsumi> Mushi 1 Rui,,,,,0,,,,,,,,,,,,,,,,,,,,,,,,,,,,,,,,,,,,,,,,,,,,,,,,2019-02-24 07:35:22+00:00,2019-02-24 07:35:22+00:00,0,3721,139,浦添,2026-10-01T20:50:19.593663
2019,2019022404,2019-02-24 13:00:00+09:00,74788634,810201.0,1,5,オープン戦,8.0,8回表,2,村山,嶋田,本田,笠原,,,1,2,ヤクルト,S,,376,楽天,E,,,,,,,1球目:外角高めのカーブを見逃してボール 1-0,1 Tamame: Gaikaku Takame no Curve wo Minogashite Ball 1-0,,,,,1,,,,,,,,,,,,,,,,,,,,,,,,,,,,,,,,,,,,,,,,,,,,,,,,2019-02-24 07:35:22+00:00,2019-02-24 07:35:22+00:00,0,3721,139,浦添,2026-10-01T20:50:19.593663
2019,2019022404,2019-02-24 13:00:00+09:00,74788635,810202.0,1,5,オープン戦,8.0,8回表,2,村山,嶋田,本田,笠原,,,1,2,ヤクルト,S,,376,楽天,E,,,,,,,2球目:1-0からレフトスタンドへの２ランホームラン ヤ1-8楽 ,2 Tamame:1-0 kara Left Stand e no 2 Run Home Runya 1-8gaku,,,,,2,,,,,,,,,,,,,,,,,,,,,,,,,,,,,,,,,,,,,,,,,,,,,,,,2019-02-24 07:35:22+00:00,2019-02-24 07:35:22+00:00,0,3721,139,浦添,2026-10-01T20:50:19.593663
2019,2019022404,2019-02-24 13:00:00+09:00,74788636,810300.0,1,5,オープン戦,8.0,8回表,3,村山,嶋田,本田,笠原,,,1,2,ヤクルト,S,,376,楽天,E,,,,,,,＜4番：渡邊佳＞無死走者なし,<4 Ban: Watanabe Kei> Mushi Sousha Nashi,,,,,0,,,,,,,,,,,,,,,,,,,,,,,,,,,,,,,,,,,,,,,,,,,,,,,,2019-02-24 07:35:22+00:00,2019-02-24 07:35:22+00:00,0,3721,139,浦添,2026-10-01T20:50:19.593663
2019,2019022404,2019-02-24 13:00:00+09:00,74788637,810301.0,1,5,オープン戦,8.0,8回表,3,村山,嶋田,本田,笠原,,,1,2,ヤクルト,S,,376,楽天,E,,,,,,,1球目:外角高めのストレートを見逃してボール 1-0,1 Tamame: Gaikaku Takame no Straight wo Minogashite Ball 1-0,,,,,1,,,,,,,,,,,,,,,,,,,,,,,,,,,,,,,,,,,,,,,,,,,,,,,,2019-02-24 07:35:22+00:00,2019-02-24 07:35:22+00:00,0,3721,139,浦添,2026-10-01T20:50:19.593663
2019,2019022404,2019-02-24 13:00:00+09:00,74788638,810302.0,1,5,オープン戦,8.0,8回表,3,村山,嶋田,本田,笠原,,,1,2,ヤクルト,S,,376,楽天,E,,,,,,,2球目:外角高めのストレートを見逃してストライク 1-1,2 Tamame: Gaikaku Takame no Straight wo Minogashite Strike 1-1,,,,,2,,,,,,,,,,,,,,,,,,,,,,,,,,,,,,,,,,,,,,,,,,,,,,,,2019-02-24 07:35:22+00:00,2019-02-24 07:35:22+00:00,0,3721,139,浦添,2026-10-01T20:50:19.593663
2019,2019022404,2019-02-24 13:00:00+09:00,74788639,810303.0,1,5,オープン戦,8.0,8回表,3,村山,嶋田,本田,笠原,,,1,2,ヤクルト,S,,376,楽天,E,,,,,,,3球目:外角低めのカーブを見逃してボール 2-1,3 Tamame: Gaikaku Hikume no Curve wo Minogashite Ball 2-1,,,,,3,,,,,,,,,,,,,,,,,,,,,,,,,,,,,,,,,,,,,,,,,,,,,,,,2019-02-24 07:35:22+00:00,2019-02-24 07:35:22+00:00,0,3721,139,浦添,2026-10-01T20:50:19.593663
2019,2019022404,2019-02-24 13:00:00+09:00,74788640,810304.0,1,5,オープン戦,8.0,8回表,3,村山,嶋田,本田,笠原,,,1,2,ヤクルト,S,,376,楽天,E,,,,,,,4球目:内角高めのカットボールを見逃してストライク 2-2,4 Tamame: Naikaku Takame no Cut Ball wo Minogashite Strike 2-2,,,,,4,,,,,,,,,,,,,,,,,,,,,,,,,,,,,,,,,,,,,,,,,,,,,,,,2019-02-24 07:35:22+00:00,2019-02-24 07:35:22+00:00,0,3721,139,浦添,2026-10-01T20:50:19.593663
2019,2019022404,2019-02-24 13:00:00+09:00,74788641,810305.0,1,5,オープン戦,8.0,8回表,3,村山,嶋田,本田,笠原,,,1,2,ヤクルト,S,,376,楽天,E,,,,,,,5球目:外角低め145キロのストレートを見逃してボール 3-2,5 Tamame: Gaikaku Hikume 145 Kilo no Straight wo Minogashite Ball 3-2,,,,,5,,,,,,,,,,,,,,,,,,,,,,,,,,,,,,,,,,,,,,,,,,,,,,,,2019-02-24 07:35:22+00:00,2019-02-24 07:35:22+00:00,0,3721,139,浦添,2026-10-01T20:50:19.593663
2019,2019022404,2019-02-24 13:00:00+09:00,74788642,810306.0,1,5,オープン戦,8.0,8回表,3,村山,嶋田,本田,笠原,,,1,2,ヤクルト,S,,376,楽天,E,,,,,,,6球目:外角のストレートを打ってファウル 3-2,6 Tamame: Gaikaku no Straight wo Utte Foul 3-2,,,,,6,,,,,,,,,,,,,,,,,,,,,,,,,,,,,,,,,,,,,,,,,,,,,,,,2019-02-24 07:35:22+00:00,2019-02-24 07:35:22+00:00,0,3721,139,浦添,2026-10-01T20:50:19.593663
2019,2019022404,2019-02-24 13:00:00+09:00,74788643,810307.0,1,5,オープン戦,8.0,8回表,3,村山,嶋田,本田,笠原,,,1,2,ヤクルト,S,,376,楽天,E,,,,,,,7球目:内角のストレートを見逃しフォアボールを選ぶ 1塁,7 Tamame: Naikaku no Straight wo Minogashi Four Ball wo Erabu 1 Rui,,,,,7,,,,,,,,,,,,,,,,,,,,,,,,,,,,,,,,,,,,,,,,,,,,,,,,2019-02-24 07:35:22+00:00,2019-02-24 07:35:22+00:00,0,3721,139,浦添,2026-10-01T20:50:19.593663
2019,2019022404,2019-02-24 13:00:00+09:00,74788644,810400.0,1,5,オープン戦,8.0,8回表,4,村山,嶋田,本田,笠原,,,1,2,ヤクルト,S,,376,楽天,E,,,,,,,＜5番：内田＞無死1塁,<5 Ban: Uchida> Mushi 1 Rui,,,,,0,,,,,,,,,,,,,,,,,,,,,,,,,,,,,,,,,,,,,,,,,,,,,,,,2019-02-24 07:35:22+00:00,2019-02-24 07:35:22+00:00,0,3721,139,浦添,2026-10-01T20:50:19.593663
2019,2019022404,2019-02-24 13:00:00+09:00,74788645,810401.0,1,5,オープン戦,8.0,8回表,4,村山,嶋田,本田,笠原,,,1,2,ヤクルト,S,,376,楽天,E,,,,,,,1球目:内角高めのストレートを見逃してボール 1-0,1 Tamame: Naikaku Takame no Straight wo Minogashite Ball 1-0,,,,,1,,,,,,,,,,,,,,,,,,,,,,,,,,,,,,,,,,,,,,,,,,,,,,,,2019-02-24 07:35:22+00:00,2019-02-24 07:35:22+00:00,0,3721,139,浦添,2026-10-01T20:50:19.593663
2019,2019022404,2019-02-24 13:00:00+09:00,74788646,810402.0,1,5,オープン戦,8.0,8回表,4,村山,嶋田,本田,笠原,,,1,2,ヤクルト,S,,376,楽天,E,,,,,,,2球目:外角のカットボールを見逃してボール 2-0,2 Tamame: Gaikaku no Cut Ball wo Minogashite Ball 2-0,,,,,2,,,,,,,,,,,,,,,,,,,,,,,,,,,,,,,,,,,,,,,,,,,,,,,,2019-02-24 07:35:22+00:00,2019-02-24 07:35:22+00:00,0,3721,139,浦添,2026-10-01T20:50:19.593663
2019,2019022404,2019-02-24 13:00:00+09:00,74788647,810403.0,1,5,オープン戦,8.0,8回表,4,村山,嶋田,本田,笠原,,,1,2,ヤクルト,S,,376,楽天,E,,,,,,,3球目:高め142キロのストレートを見逃してボール 3-0,3 Tamame: Takame 142 Kilo no Straight wo Minogashite Ball 3-0,,,,,3,,,,,,,,,,,,,,,,,,,,,,,,,,,,,,,,,,,,,,,,,,,,,,,,2019-02-24 07:35:22+00:00,2019-02-24 07:35:22+00:00,0,3721,139,浦添,2026-10-01T20:50:19.593663
2019,2019022404,2019-02-24 13:00:00+09:00,74788648,810404.0,1,5,オープン戦,8.0,8回表,4,村山,嶋田,本田,笠原,,,1,2,ヤクルト,S,,376,楽天,E,,,,,,,4球目:外角142キロのストレートを見逃してストライク 3-1,4 Tamame: Gaikaku 142 Kilo no Straight wo Minogashite Strike 3-1,,,,,4,,,,,,,,,,,,,,,,,,,,,,,,,,,,,,,,,,,,,,,,,,,,,,,,2019-02-24 07:35:22+00:00,2019-02-24 07:35:22+00:00,0,3721,139,浦添,2026-10-01T20:50:19.593663
2019,2019022404,2019-02-24 13:00:00+09:00,74788649,810405.0,1,5,オープン戦,8.0,8回表,4,村山,嶋田,本田,笠原,,,1,2,ヤクルト,S,,376,楽天,E,,,,,,,5球目:ど真ん中の真っ直ぐを打つもライトフライ 1アウト,5 Tamame: Domannaka no Massugu wo Utsu mo Raito Fly 1 Out,,,,,5,,,,,,,,,,,,,,,,,,,,,,,,,,,,,,,,,,,,,,,,,,,,,,,,2019-02-24 07:35:22+00:00,2019-02-24 07:35:22+00:00,0,3721,139,浦添,2026-10-01T20:50:19.593663
2019,2019022404,2019-02-24 13:00:00+09:00,74788650,810500.0,1,5,オープン戦,8.0,8回表,5,村山,嶋田,本田,笠原,,,1,2,ヤクルト,S,,376,楽天,E,,,,,,,＜6番：山崎＞一死1塁,<6 Ban: Yamazaki> Ichi Shi 1 Rui,,,,,0,,,,,,,,,,,,,,,,,,,,,,,,,,,,,,,,,,,,,,,,,,,,,,,,2019-02-24 07:35:22+00:00,2019-02-24 07:35:22+00:00,0,3721,139,浦添,2026-10-01T20:50:19.593663
2019,2019022404,2019-02-24 13:00:00+09:00,74788651,810501.0,1,5,オープン戦,8.0,8回表,5,村山,嶋田,本田,笠原,,,1,2,ヤクルト,S,,376,楽天,E,,,,,,,1球目:外角高め130キロのフォークを見逃してボール 1-0,1 Tamame: Gaikaku Takame 130 Kilo no Fork wo Minogashite Ball 1-0,,,,,1,,,,,,,,,,,,,,,,,,,,,,,,,,,,,,,,,,,,,,,,,,,,,,,,2019-02-24 07:35:22+00:00,2019-02-24 07:35:22+00:00,0,3721,139,浦添,2026-10-01T20:50:19.593663
2019,2019022404,2019-02-24 13:00:00+09:00,74788652,810502.0,1,5,オープン戦,8.0,8回表,5,村山,嶋田,本田,笠原,,,1,2,ヤクルト,S,,376,楽天,E,,,,,,,2球目:外角低め141キロのストレートを打ってファウル 1-1,2 Tamame: Gaikaku Hikume 141 Kilo no Straight wo Utte Foul 1-1,,,,,2,,,,,,,,,,,,,,,,,,,,,,,,,,,,,,,,,,,,,,,,,,,,,,,,2019-02-24 07:35:22+00:00,2019-02-24 07:35:22+00:00,0,3721,139,浦添,2026-10-01T20:50:19.593663
2019,2019022404,2019-02-24 13:00:00+09:00,74788653,810503.0,1,5,オープン戦,8.0,8回表,5,村山,嶋田,本田,笠原,,,1,2,ヤクルト,S,,376,楽天,E,,,,,,,3球目:外角低め134キロのフォークを見逃してボール 2-1,3 Tamame: Gaikaku Hikume 134 Kilo no Fork wo Minogashite Ball 2-1,,,,,3,,,,,,,,,,,,,,,,,,,,,,,,,,,,,,,,,,,,,,,,,,,,,,,,2019-02-24 07:35:22+00:00,2019-02-24 07:35:22+00:00,0,3721,139,浦添,2026-10-01T20:50:19.593663
2019,2019022404,2019-02-24 13:00:00+09:00,74788654,810504.0,1,5,オープン戦,8.0,8回表,5,村山,嶋田,本田,笠原,,,1,2,ヤクルト,S,,376,楽天,E,,,,,,,4球目:高め132キロのフォークを空振りストライク 2-2,4 Tamame: Takame 132 Kilo no Fork wo Karaburi Strike 2-2,,,,,4,,,,,,,,,,,,,,,,,,,,,,,,,,,,,,,,,,,,,,,,,,,,,,,,2019-02-24 07:35:22+00:00,2019-02-24 07:35:22+00:00,0,3721,139,浦添,2026-10-01T20:50:19.593663
2019,2019022404,2019-02-24 13:00:00+09:00,74788655,810505.0,1,5,オープン戦,8.0,8回表,5,村山,嶋田,本田,笠原,,,1,2,ヤクルト,S,,376,楽天,E,,,,,,,5球目:高めのストレートを打ってファウル 2-2,5 Tamame: Takame no Straight wo Utte Foul 2-2,,,,,5,,,,,,,,,,,,,,,,,,,,,,,,,,,,,,,,,,,,,,,,,,,,,,,,2019-02-24 07:35:22+00:00,2019-02-24 07:35:22+00:00,0,3721,139,浦添,2026-10-01T20:50:19.593663
2019,2019022404,2019-02-24 13:00:00+09:00,74788656,810500.0,1,5,オープン戦,8.0,8回表,5,村山,嶋田,本田,笠原,,,1,2,ヤクルト,S,,376,楽天,E,,,,,,,1塁けん制:ランナー渡邊佳帰塁,1 Rui Kensei: Runner Watanabe Kei Kirui,,,,,0,,,,,,,,,,,,,,,,,,,,,,,,,,,,,,,,,,,,,,,,,,,,,,,,2019-02-24 07:35:22+00:00,2019-02-24 07:35:22+00:00,0,3721,139,浦添,2026-10-01T20:50:19.593663
2019,2019022404,2019-02-24 13:00:00+09:00,74788657,810506.0,1,5,オープン戦,8.0,8回表,5,村山,嶋田,本田,笠原,,,1,2,ヤクルト,S,,376,楽天,E,,,,,,,6球目:外角低め133キロのフォークを見逃してボール 3-2,6 Tamame: Gaikaku Hikume 133 Kilo no Fork wo Minogashite Ball 3-2,,,,,6,,,,,,,,,,,,,,,,,,,,,,,,,,,,,,,,,,,,,,,,,,,,,,,,2019-02-24 07:35:22+00:00,2019-02-24 07:35:22+00:00,0,3721,139,浦添,2026-10-01T20:50:19.593663
2019,2019022404,2019-02-24 13:00:00+09:00,74788658,810507.0,1,5,オープン戦,8.0,8回表,5,村山,嶋田,本田,笠原,,,1,2,ヤクルト,S,,376,楽天,E,,,,,,,7球目:高めのつり球に手を出しファウル 3-2,7 Tamame: Takame no Tsuri Tama ni Te wo Dashi Foul 3-2,,,,,7,,,,,,,,,,,,,,,,,,,,,,,,,,,,,,,,,,,,,,,,,,,,,,,,2019-02-24 07:35:22+00:00,2019-02-24 07:35:22+00:00,0,3721,139,浦添,2026-10-01T20:50:19.593663
2019,2019022404,2019-02-24 13:00:00+09:00,74788659,810508.0,1,5,オープン戦,8.0,8回表,5,村山,嶋田,本田,笠原,,,1,2,ヤクルト,S,,376,楽天,E,,,,,,,8球目:この球も粘ってファウル 3-2,8 Tamame: Kono Tama mo Nebatte Foul 3-2,,,,,8,,,,,,,,,,,,,,,,,,,,,,,,,,,,,,,,,,,,,,,,,,,,,,,,2019-02-24 07:35:22+00:00,2019-02-24 07:35:22+00:00,0,3721,139,浦添,2026-10-01T20:50:19.593663
2019,2019022404,2019-02-24 13:00:00+09:00,74788660,810509.0,1,5,オープン戦,8.0,8回表,5,村山,嶋田,本田,笠原,,,1,2,ヤクルト,S,,376,楽天,E,,,,,,,9球目:外角のストレートを打つもレフトフライ 2アウト,9 Tamame: Gaikaku no Straight wo Utsu mo Left Fly 2 Out,,,,,9,,,,,,,,,,,,,,,,,,,,,,,,,,,,,,,,,,,,,,,,,,,,,,,,2019-02-24 07:35:22+00:00,2019-02-24 07:35:22+00:00,0,3721,139,浦添,2026-10-01T20:50:19.593663
2019,2019022404,2019-02-24 13:00:00+09:00,74788661,810600.0,1,5,オープン戦,8.0,8回表,6,村山,嶋田,本田,笠原,,,1,2,ヤクルト,S,,376,楽天,E,,,,,,,＜7番：小郷＞二死1塁,<7 Ban: Ogou> Ni Shi 1 Rui,,,,,0,,,,,,,,,,,,,,,,,,,,,,,,,,,,,,,,,,,,,,,,,,,,,,,,2019-02-24 07:35:22+00:00,2019-02-24 07:35:22+00:00,0,3721,139,浦添,2026-10-01T20:50:19.593663
2019,2019022404,2019-02-24 13:00:00+09:00,74788662,810601.0,1,5,オープン戦,8.0,8回表,6,村山,嶋田,本田,笠原,,,1,2,ヤクルト,S,,376,楽天,E,,,,,,,1球目:低めの変化球を打つもセカンドゴロ 3アウトチェンジ,1 Tamame: Hikume no Henka Kyuu wo Utsu mo Sekando Grounder 3 Out Change,,,,,1,,,,,,,,,,,,,,,,,,,,,,,,,,,,,,,,,,,,,,,,,,,,,,,,2019-02-24 07:35:22+00:00,2019-02-24 07:35:22+00:00,0,3721,139,浦添,2026-10-01T20:50:19.593663
2019,2019022404,2019-02-24 13:00:00+09:00,74788663,820100.0,1,5,オープン戦,8.0,8回裏,1,村山,嶋田,本田,笠原,,,1,2,ヤクルト,S,,376,楽天,E,,,,,,,8回裏 ヤ1-8楽　ヤクルトは6番村上からの攻撃,8 Kai Uraya 1-8gaku Yakuruto wa 6 Ban Murakami kara no Kougeki,,,,,0,,,,,,,,,,,,,,,,,,,,,,,,,,,,,,,,,,,,,,,,,,,,,,,,2019-02-24 07:35:22+00:00,2019-02-24 07:35:22+00:00,0,3721,139,浦添,2026-10-01T20:50:19.593663
2019,2019022404,2019-02-24 13:00:00+09:00,74788664,820100.0,1,5,オープン戦,8.0,8回裏,1,村山,嶋田,本田,笠原,,,1,2,ヤクルト,S,,376,楽天,E,,,,,,,投手交代:ブセニッツ→森原,Toushu Koutai: Busenittsu Morihara,,,,,0,,,,,,,,,,,,,,,,,,,,,,,,,,,,,,,,,,,,,,,,,,,,,,,,2019-02-24 07:35:22+00:00,2019-02-24 07:35:22+00:00,0,3721,139,浦添,2026-10-01T20:50:19.593663
2019,2019022404,2019-02-24 13:00:00+09:00,74788665,820100.0,1,5,オープン戦,8.0,8回裏,1,村山,嶋田,本田,笠原,,,1,2,ヤクルト,S,,376,楽天,E,,,,,,,＜6番：村上＞無死走者なし,<6 Ban: Murakami> Mushi Sousha Nashi,,,,,0,,,,,,,,,,,,,,,,,,,,,,,,,,,,,,,,,,,,,,,,,,,,,,,,2019-02-24 07:35:22+00:00,2019-02-24 07:35:22+00:00,0,3721,139,浦添,2026-10-01T20:50:19.593663
2019,2019022404,2019-02-24 13:00:00+09:00,74788666,820101.0,1,5,オープン戦,8.0,8回裏,1,村山,嶋田,本田,笠原,,,1,2,ヤクルト,S,,376,楽天,E,,,,,,,1球目:外角高めのストレートを空振りストライク 0-1,1 Tamame: Gaikaku Takame no Straight wo Karaburi Strike 0-1,,,,,1,,,,,,,,,,,,,,,,,,,,,,,,,,,,,,,,,,,,,,,,,,,,,,,,2019-02-24 07:35:22+00:00,2019-02-24 07:35:22+00:00,0,3721,139,浦添,2026-10-01T20:50:19.593663
2019,2019022404,2019-02-24 13:00:00+09:00,74788667,820102.0,1,5,オープン戦,8.0,8回裏,1,村山,嶋田,本田,笠原,,,1,2,ヤクルト,S,,376,楽天,E,,,,,,,2球目:高め148キロのストレートを打ってファウル 0-2,2 Tamame: Takame 148 Kilo no Straight wo Utte Foul 0-2,,,,,2,,,,,,,,,,,,,,,,,,,,,,,,,,,,,,,,,,,,,,,,,,,,,,,,2019-02-24 07:35:22+00:00,2019-02-24 07:35:22+00:00,0,3721,139,浦添,2026-10-01T20:50:19.593663
2019,2019022404,2019-02-24 13:00:00+09:00,74788668,820103.0,1,5,オープン戦,8.0,8回裏,1,村山,嶋田,本田,笠原,,,1,2,ヤクルト,S,,376,楽天,E,,,,,,,3球目:外角低めのフォークに反応するもバットが止まりボール 1-2,3 Tamame: Gaikaku Hikume no Fork ni Hannou Suru mo Batto ga Tomari Ball 1-2,,,,,3,,,,,,,,,,,,,,,,,,,,,,,,,,,,,,,,,,,,,,,,,,,,,,,,2019-02-24 07:35:22+00:00,2019-02-24 07:35:22+00:00,0,3721,139,浦添,2026-10-01T20:50:19.593663
2019,2019022404,2019-02-24 13:00:00+09:00,74788669,820104.0,1,5,オープン戦,8.0,8回裏,1,村山,嶋田,本田,笠原,,,1,2,ヤクルト,S,,376,楽天,E,,,,,,,4球目:ハーフスイングを取られて空振り三振でバッターアウト 1アウト,4 Tamame: Half Swing wo Torarete Karaburi Sanshin de Batter Out 1 Out,,,,,4,,,,,,,,,,,,,,,,,,,,,,,,,,,,,,,,,,,,,,,,,,,,,,,,2019-02-24 07:35:22+00:00,2019-02-24 07:35:22+00:00,0,3721,139,浦添,2026-10-01T20:50:19.593663
2019,2019022404,2019-02-24 13:00:00+09:00,74788670,820200.0,1,5,オープン戦,8.0,8回裏,2,村山,嶋田,本田,笠原,,,1,2,ヤクルト,S,,376,楽天,E,,,,,,,＜7番：西浦＞一死走者なし,<7 Ban: Nishinoura> Ichi Shi Sousha Nashi,,,,,0,,,,,,,,,,,,,,,,,,,,,,,,,,,,,,,,,,,,,,,,,,,,,,,,2019-02-24 07:35:22+00:00,2019-02-24 07:35:22+00:00,0,3721,139,浦添,2026-10-01T20:50:19.593663
2019,2019022404,2019-02-24 13:00:00+09:00,74788671,820201.0,1,5,オープン戦,8.0,8回裏,2,村山,嶋田,本田,笠原,,,1,2,ヤクルト,S,,376,楽天,E,,,,,,,1球目:低めのストレートを打ちにいくもファウル 0-1,1 Tamame: Hikume no Straight wo Uchi ni Iku mo Foul 0-1,,,,,1,,,,,,,,,,,,,,,,,,,,,,,,,,,,,,,,,,,,,,,,,,,,,,,,2019-02-24 07:35:22+00:00,2019-02-24 07:35:22+00:00,0,3721,139,浦添,2026-10-01T20:50:19.593663
2019,2019022404,2019-02-24 13:00:00+09:00,74788672,820202.0,1,5,オープン戦,8.0,8回裏,2,村山,嶋田,本田,笠原,,,1,2,ヤクルト,S,,376,楽天,E,,,,,,,2球目:内角高め134キロのスライダーを見逃してボール 1-1,2 Tamame: Naikaku Takame 134 Kilo no Slider wo Minogashite Ball 1-1,,,,,2,,,,,,,,,,,,,,,,,,,,,,,,,,,,,,,,,,,,,,,,,,,,,,,,2019-02-24 07:35:22+00:00,2019-02-24 07:35:22+00:00,0,3721,139,浦添,2026-10-01T20:50:19.593663
2019,2019022404,2019-02-24 13:00:00+09:00,74788673,820203.0,1,5,オープン戦,8.0,8回裏,2,村山,嶋田,本田,笠原,,,1,2,ヤクルト,S,,376,楽天,E,,,,,,,3球目:外角のスライダーを打つもショートゴロ 2アウト,3 Tamame: Gaikaku no Slider wo Utsu mo Short Grounder 2 Out,,,,,3,,,,,,,,,,,,,,,,,,,,,,,,,,,,,,,,,,,,,,,,,,,,,,,,2019-02-24 07:35:22+00:00,2019-02-24 07:35:22+00:00,0,3721,139,浦添,2026-10-01T20:50:19.593663
2019,2019022404,2019-02-24 13:00:00+09:00,74788674,820300.0,1,5,オープン戦,8.0,8回裏,3,村山,嶋田,本田,笠原,,,1,2,ヤクルト,S,,376,楽天,E,,,,,,,渡邉→代打:宮本,Watanabe Daida: Miyamoto,,,,,0,,,,,,,,,,,,,,,,,,,,,,,,,,,,,,,,,,,,,,,,,,,,,,,,2019-02-24 07:35:22+00:00,2019-02-24 07:35:22+00:00,0,3721,139,浦添,2026-10-01T20:50:19.593663
2019,2019022404,2019-02-24 13:00:00+09:00,74788675,820300.0,1,5,オープン戦,8.0,8回裏,3,村山,嶋田,本田,笠原,,,1,2,ヤクルト,S,,376,楽天,E,,,,,,,＜代打：宮本＞二死走者なし,< Daida: Miyamoto> Ni Shi Sousha Nashi,,,,,0,,,,,,,,,,,,,,,,,,,,,,,,,,,,,,,,,,,,,,,,,,,,,,,,2019-02-24 07:35:22+00:00,2019-02-24 07:35:22+00:00,0,3721,139,浦添,2026-10-01T20:50:19.593663
2019,2019022404,2019-02-24 13:00:00+09:00,74788676,820301.0,1,5,オープン戦,8.0,8回裏,3,村山,嶋田,本田,笠原,,,1,2,ヤクルト,S,,376,楽天,E,,,,,,,1球目:外角低めのストレートを見逃してストライク 0-1,1 Tamame: Gaikaku Hikume no Straight wo Minogashite Strike 0-1,,,,,1,,,,,,,,,,,,,,,,,,,,,,,,,,,,,,,,,,,,,,,,,,,,,,,,2019-02-24 07:35:22+00:00,2019-02-24 07:35:22+00:00,0,3721,139,浦添,2026-10-01T20:50:19.593663
2019,2019022404,2019-02-24 13:00:00+09:00,74788677,820302.0,1,5,オープン戦,8.0,8回裏,3,村山,嶋田,本田,笠原,,,1,2,ヤクルト,S,,376,楽天,E,,,,,,,2球目:内角低め137キロのフォークを空振りストライク 0-2,2 Tamame: Naikaku Hikume 137 Kilo no Fork wo Karaburi Strike 0-2,,,,,2,,,,,,,,,,,,,,,,,,,,,,,,,,,,,,,,,,,,,,,,,,,,,,,,2019-02-24 07:35:22+00:00,2019-02-24 07:35:22+00:00,0,3721,139,浦添,2026-10-01T20:50:19.593663
2019,2019022404,2019-02-24 13:00:00+09:00,74788678,820303.0,1,5,オープン戦,8.0,8回裏,3,村山,嶋田,本田,笠原,,,1,2,ヤクルト,S,,376,楽天,E,,,,,,,3球目:高め148キロのストレートを打ってファウル 0-2,3 Tamame: Takame 148 Kilo no Straight wo Utte Foul 0-2,,,,,3,,,,,,,,,,,,,,,,,,,,,,,,,,,,,,,,,,,,,,,,,,,,,,,,2019-02-24 07:35:22+00:00,2019-02-24 07:35:22+00:00,0,3721,139,浦添,2026-10-01T20:50:19.593663
2019,2019022404,2019-02-24 13:00:00+09:00,74788679,820304.0,1,5,オープン戦,8.0,8回裏,3,村山,嶋田,本田,笠原,,,1,2,ヤクルト,S,,376,楽天,E,,,,,,,4球目:外角の落ちる球を打ってファウル 0-2,4 Tamame: Gaikaku no Ochiru Tama wo Utte Foul 0-2,,,,,4,,,,,,,,,,,,,,,,,,,,,,,,,,,,,,,,,,,,,,,,,,,,,,,,2019-02-24 07:35:22+00:00,2019-02-24 07:35:22+00:00,0,3721,139,浦添,2026-10-01T20:50:19.593663
2019,2019022404,2019-02-24 13:00:00+09:00,74788680,820305.0,1,5,オープン戦,8.0,8回裏,3,村山,嶋田,本田,笠原,,,1,2,ヤクルト,S,,376,楽天,E,,,,,,,5球目:内角低め148キロのストレートを見逃してボール 1-2,5 Tamame: Naikaku Hikume 148 Kilo no Straight wo Minogashite Ball 1-2,,,,,5,,,,,,,,,,,,,,,,,,,,,,,,,,,,,,,,,,,,,,,,,,,,,,,,2019-02-24 07:35:22+00:00,2019-02-24 07:35:22+00:00,0,3721,139,浦添,2026-10-01T20:50:19.593663
2019,2019022404,2019-02-24 13:00:00+09:00,74788681,820306.0,1,5,オープン戦,8.0,8回裏,3,村山,嶋田,本田,笠原,,,1,2,ヤクルト,S,,376,楽天,E,,,,,,,6球目:内角低め148キロのストレートを打ってファウル 1-2,6 Tamame: Naikaku Hikume 148 Kilo no Straight wo Utte Foul 1-2,,,,,6,,,,,,,,,,,,,,,,,,,,,,,,,,,,,,,,,,,,,,,,,,,,,,,,2019-02-24 07:35:22+00:00,2019-02-24 07:35:22+00:00,0,3721,139,浦添,2026-10-01T20:50:19.593663
2019,2019022404,2019-02-24 13:00:00+09:00,74788682,820307.0,1,5,オープン戦,8.0,8回裏,3,村山,嶋田,本田,笠原,,,1,2,ヤクルト,S,,376,楽天,E,,,,,,,7球目:際どいコースのストレートを見極めてボール 2-2,7 Tamame: Kiwadoi Course no Straight wo Mikiwamete Ball 2-2,,,,,7,,,,,,,,,,,,,,,,,,,,,,,,,,,,,,,,,,,,,,,,,,,,,,,,2019-02-24 07:35:22+00:00,2019-02-24 07:35:22+00:00,0,3721,139,浦添,2026-10-01T20:50:19.593663
2019,2019022404,2019-02-24 13:00:00+09:00,74788683,820308.0,1,5,オープン戦,8.0,8回裏,3,村山,嶋田,本田,笠原,,,1,2,ヤクルト,S,,376,楽天,E,,,,,,,8球目:この球も粘ってファウル 2-2,8 Tamame: Kono Tama mo Nebatte Foul 2-2,,,,,8,,,,,,,,,,,,,,,,,,,,,,,,,,,,,,,,,,,,,,,,,,,,,,,,2019-02-24 07:35:22+00:00,2019-02-24 07:35:22+00:00,0,3721,139,浦添,2026-10-01T20:50:19.593663
2019,2019022404,2019-02-24 13:00:00+09:00,74788684,820309.0,1,5,オープン戦,8.0,8回裏,3,村山,嶋田,本田,笠原,,,1,2,ヤクルト,S,,376,楽天,E,,,,,,,9球目:デッドボールを受ける 1塁,9 Tamame: Dead Ball wo Ukeru 1 Rui,,,,,9,,,,,,,,,,,,,,,,,,,,,,,,,,,,,,,,,,,,,,,,,,,,,,,,2019-02-24 07:35:22+00:00,2019-02-24 07:35:22+00:00,0,3721,139,浦添,2026-10-01T20:50:19.593663
2019,2019022404,2019-02-24 13:00:00+09:00,74788685,820400.0,1,5,オープン戦,8.0,8回裏,4,村山,嶋田,本田,笠原,,,1,2,ヤクルト,S,,376,楽天,E,,,,,,,＜9番：塩見＞二死1塁,<9 Ban: Shiomi> Ni Shi 1 Rui,,,,,0,,,,,,,,,,,,,,,,,,,,,,,,,,,,,,,,,,,,,,,,,,,,,,,,2019-02-24 07:35:22+00:00,2019-02-24 07:35:22+00:00,0,3721,139,浦添,2026-10-01T20:50:19.593663
2019,2019022404,2019-02-24 13:00:00+09:00,74788686,820401.0,1,5,オープン戦,8.0,8回裏,4,村山,嶋田,本田,笠原,,,1,2,ヤクルト,S,,376,楽天,E,,,,,,,1球目:ワンバウンドのスライダーを見逃してボール 1-0,1 Tamame: One Bound no Slider wo Minogashite Ball 1-0,,,,,1,,,,,,,,,,,,,,,,,,,,,,,,,,,,,,,,,,,,,,,,,,,,,,,,2019-02-24 07:35:22+00:00,2019-02-24 07:35:22+00:00,0,3721,139,浦添,2026-10-01T20:50:19.593663
2019,2019022404,2019-02-24 13:00:00+09:00,74788687,820402.0,1,5,オープン戦,8.0,8回裏,4,村山,嶋田,本田,笠原,,,1,2,ヤクルト,S,,376,楽天,E,,,,,,,2球目:低め141キロのストレートを見逃してボール 2-0,2 Tamame: Hikume 141 Kilo no Straight wo Minogashite Ball 2-0,,,,,2,,,,,,,,,,,,,,,,,,,,,,,,,,,,,,,,,,,,,,,,,,,,,,,,2019-02-24 07:35:22+00:00,2019-02-24 07:35:22+00:00,0,3721,139,浦添,2026-10-01T20:50:19.593663
2019,2019022404,2019-02-24 13:00:00+09:00,74788688,820403.0,1,5,オープン戦,8.0,8回裏,4,村山,嶋田,本田,笠原,,,1,2,ヤクルト,S,,376,楽天,E,,,,,,,3球目:甘い球を見逃してストライク 2-1,3 Tamame: Amai Tama wo Minogashite Strike 2-1,,,,,3,,,,,,,,,,,,,,,,,,,,,,,,,,,,,,,,,,,,,,,,,,,,,,,,2019-02-24 07:35:22+00:00,2019-02-24 07:35:22+00:00,0,3721,139,浦添,2026-10-01T20:50:19.593663
2019,2019022404,2019-02-24 13:00:00+09:00,74788689,820404.0,1,5,オープン戦,8.0,8回裏,4,村山,嶋田,本田,笠原,,,1,2,ヤクルト,S,,376,楽天,E,,,,,,,4球目:ど真ん中のストレートを打つもライトフライ 3アウトチェンジ,4 Tamame: Domannaka no Straight wo Utsu mo Raito Fly 3 Out Change,,,,,4,,,,,,,,,,,,,,,,,,,,,,,,,,,,,,,,,,,,,,,,,,,,,,,,2019-02-24 07:35:22+00:00,2019-02-24 07:35:22+00:00,0,3721,139,浦添,2026-10-01T20:50:19.593663
2019,2019022404,2019-02-24 13:00:00+09:00,74788690,910100.0,1,5,オープン戦,9.0,9回表,1,村山,嶋田,本田,笠原,,,1,2,ヤクルト,S,,376,楽天,E,,,,,,,9回表 ヤ1-8楽　楽天は8番堀内からの攻撃,9 Kai Hyouya 1-8 Raku Rakuten wa 8 Ban Horiuchi kara no Kougeki,,,,,0,,,,,,,,,,,,,,,,,,,,,,,,,,,,,,,,,,,,,,,,,,,,,,,,2019-02-24 07:35:22+00:00,2019-02-24 07:35:22+00:00,0,3721,139,浦添,2026-10-01T20:50:19.593663
2019,2019022404,2019-02-24 13:00:00+09:00,74788691,910100.0,1,5,オープン戦,9.0,9回表,1,村山,嶋田,本田,笠原,,,1,2,ヤクルト,S,,376,楽天,E,,,,,,,投手交代:星→梅野　守備変更:宮本→レフト,Toushu Koutai: Hoshi Umeno Shubi Henkou: Miyamoto Left,,,,,0,,,,,,,,,,,,,,,,,,,,,,,,,,,,,,,,,,,,,,,,,,,,,,,,2019-02-24 07:35:22+00:00,2019-02-24 07:35:22+00:00,0,3721,139,浦添,2026-10-01T20:50:19.593663
2019,2019022404,2019-02-24 13:00:00+09:00,74788692,910100.0,1,5,オープン戦,9.0,9回表,1,村山,嶋田,本田,笠原,,,1,2,ヤクルト,S,,376,楽天,E,,,,,,,＜8番：堀内＞無死走者なし,<8 Ban: Horiuchi> Mushi Sousha Nashi,,,,,0,,,,,,,,,,,,,,,,,,,,,,,,,,,,,,,,,,,,,,,,,,,,,,,,2019-02-24 07:35:22+00:00,2019-02-24 07:35:22+00:00,0,3721,139,浦添,2026-10-01T20:50:19.593663
2019,2019022404,2019-02-24 13:00:00+09:00,74788693,910101.0,1,5,オープン戦,9.0,9回表,1,村山,嶋田,本田,笠原,,,1,2,ヤクルト,S,,376,楽天,E,,,,,,,1球目:甘いストレートを空振りストライク 0-1,1 Tamame: Amai Straight wo Karaburi Strike 0-1,,,,,1,,,,,,,,,,,,,,,,,,,,,,,,,,,,,,,,,,,,,,,,,,,,,,,,2019-02-24 07:35:22+00:00,2019-02-24 07:35:22+00:00,0,3721,139,浦添,2026-10-01T20:50:19.593663
2019,2019022404,2019-02-24 13:00:00+09:00,74788694,910102.0,1,5,オープン戦,9.0,9回表,1,村山,嶋田,本田,笠原,,,1,2,ヤクルト,S,,376,楽天,E,,,,,,,2球目:外角低めのストレートを空振りストライク 0-2,2 Tamame: Gaikaku Hikume no Straight wo Karaburi Strike 0-2,,,,,2,,,,,,,,,,,,,,,,,,,,,,,,,,,,,,,,,,,,,,,,,,,,,,,,2019-02-24 07:35:22+00:00,2019-02-24 07:35:22+00:00,0,3721,139,浦添,2026-10-01T20:50:19.593663
2019,2019022404,2019-02-24 13:00:00+09:00,74788695,910103.0,1,5,オープン戦,9.0,9回表,1,村山,嶋田,本田,笠原,,,1,2,ヤクルト,S,,376,楽天,E,,,,,,,3球目:センターへのヒットで出塁 1塁,3 Tamame: Center e no Hit de Shutsurui 1 Rui,,,,,3,,,,,,,,,,,,,,,,,,,,,,,,,,,,,,,,,,,,,,,,,,,,,,,,2019-02-24 07:35:22+00:00,2019-02-24 07:35:22+00:00,0,3721,139,浦添,2026-10-01T20:50:19.593663
2019,2019022404,2019-02-24 13:00:00+09:00,74788696,910200.0,1,5,オープン戦,9.0,9回表,2,村山,嶋田,本田,笠原,,,1,2,ヤクルト,S,,376,楽天,E,,,,,,,＜9番：村林＞無死1塁,<9 Ban: Murabayashi> Mushi 1 Rui,,,,,0,,,,,,,,,,,,,,,,,,,,,,,,,,,,,,,,,,,,,,,,,,,,,,,,2019-02-24 07:35:22+00:00,2019-02-24 07:35:22+00:00,0,3721,139,浦添,2026-10-01T20:50:19.593663
2019,2019022404,2019-02-24 13:00:00+09:00,74788697,910201.0,1,5,オープン戦,9.0,9回表,2,村山,嶋田,本田,笠原,,,1,2,ヤクルト,S,,376,楽天,E,,,,,,,1球目:初球から打ちにいくもファウル 0-1,1 Tamame: Shokyuu kara Uchi ni Iku mo Foul 0-1,,,,,1,,,,,,,,,,,,,,,,,,,,,,,,,,,,,,,,,,,,,,,,,,,,,,,,2019-02-24 07:35:22+00:00,2019-02-24 07:35:22+00:00,0,3721,139,浦添,2026-10-01T20:50:19.593663
2019,2019022404,2019-02-24 13:00:00+09:00,74788698,910202.0,1,5,オープン戦,9.0,9回表,2,村山,嶋田,本田,笠原,,,1,2,ヤクルト,S,,376,楽天,E,,,,,,,2球目:144キロのストレートを打ってファウル 0-2,2 Tamame:144 Kilo no Straight wo Utte Foul 0-2,,,,,2,,,,,,,,,,,,,,,,,,,,,,,,,,,,,,,,,,,,,,,,,,,,,,,,2019-02-24 07:35:22+00:00,2019-02-24 07:35:22+00:00,0,3721,139,浦添,2026-10-01T20:50:19.593663
2019,2019022404,2019-02-24 13:00:00+09:00,74788699,910203.0,1,5,オープン戦,9.0,9回表,2,村山,嶋田,本田,笠原,,,1,2,ヤクルト,S,,376,楽天,E,,,,,,,3球目:際どいコースのストレートを見極めてボール 1-2,3 Tamame: Kiwadoi Course no Straight wo Mikiwamete Ball 1-2,,,,,3,,,,,,,,,,,,,,,,,,,,,,,,,,,,,,,,,,,,,,,,,,,,,,,,2019-02-24 07:35:22+00:00,2019-02-24 07:35:22+00:00,0,3721,139,浦添,2026-10-01T20:50:19.593663
2019,2019022404,2019-02-24 13:00:00+09:00,74788700,910204.0,1,5,オープン戦,9.0,9回表,2,村山,嶋田,本田,笠原,,,1,2,ヤクルト,S,,376,楽天,E,,,,,,,"4球目:廣岡(一)の悪送球により出塁する 1,2塁","4 Tamame: Hirooka (Ichi) no Akusoukyuu ni Yori Shutsurui Suru 1,2 Rui",,,,,4,,,,,,,,,,,,,,,,,,,,,,,,,,,,,,,,,,,,,,,,,,,,,,,,2019-02-24 07:35:22+00:00,2019-02-24 07:35:22+00:00,0,3721,139,浦添,2026-10-01T20:50:19.593663
2019,2019022404,2019-02-24 13:00:00+09:00,74788701,910300.0,1,5,オープン戦,9.0,9回表,3,村山,嶋田,本田,笠原,,,1,2,ヤクルト,S,,376,楽天,E,,,,,,,"＜1番：オコエ＞無死1,2塁","<1 Ban: Okoe> Mushi 1,2 Rui",,,,,0,,,,,,,,,,,,,,,,,,,,,,,,,,,,,,,,,,,,,,,,,,,,,,,,2019-02-24 07:35:22+00:00,2019-02-24 07:35:22+00:00,0,3721,139,浦添,2026-10-01T20:50:19.593663
2019,2019022404,2019-02-24 13:00:00+09:00,74788702,910301.0,1,5,オープン戦,9.0,9回表,3,村山,嶋田,本田,笠原,,,1,2,ヤクルト,S,,376,楽天,E,,,,,,,1球目:内角高めのストレートを見逃してストライク 0-1,1 Tamame: Naikaku Takame no Straight wo Minogashite Strike 0-1,,,,,1,,,,,,,,,,,,,,,,,,,,,,,,,,,,,,,,,,,,,,,,,,,,,,,,2019-02-24 07:35:22+00:00,2019-02-24 07:35:22+00:00,0,3721,139,浦添,2026-10-01T20:50:19.593663
2019,2019022404,2019-02-24 13:00:00+09:00,74788703,910302.0,1,5,オープン戦,9.0,9回表,3,村山,嶋田,本田,笠原,,,1,2,ヤクルト,S,,376,楽天,E,,,,,,,2球目:甘いストレートを見逃してストライク 0-2,2 Tamame: Amai Straight wo Minogashite Strike 0-2,,,,,2,,,,,,,,,,,,,,,,,,,,,,,,,,,,,,,,,,,,,,,,,,,,,,,,2019-02-24 07:35:22+00:00,2019-02-24 07:35:22+00:00,0,3721,139,浦添,2026-10-01T20:50:19.593663
2019,2019022404,2019-02-24 13:00:00+09:00,74788704,910303.0,1,5,オープン戦,9.0,9回表,3,村山,嶋田,本田,笠原,,,1,2,ヤクルト,S,,376,楽天,E,,,,,,,"3球目:高めのフォークを打つもサードゴロ 1アウト1,3塁","3 Tamame: Takame no Fork wo Utsu mo Third Grounder 1 Out 1,3 Rui",,,,,3,,,,,,,,,,,,,,,,,,,,,,,,,,,,,,,,,,,,,,,,,,,,,,,,2019-02-24 07:35:22+00:00,2019-02-24 07:35:22+00:00,0,3721,139,浦添,2026-10-01T20:50:19.593663
2019,2019022404,2019-02-24 13:00:00+09:00,74788705,910400.0,1,5,オープン戦,9.0,9回表,4,村山,嶋田,本田,笠原,,,1,2,ヤクルト,S,,376,楽天,E,,,,,,,田中→代打:卓丸,Tanaka Daida: Takumaru,,,,,0,,,,,,,,,,,,,,,,,,,,,,,,,,,,,,,,,,,,,,,,,,,,,,,,2019-02-24 07:35:22+00:00,2019-02-24 07:35:22+00:00,0,3721,139,浦添,2026-10-01T20:50:19.593663
2019,2019022404,2019-02-24 13:00:00+09:00,74788706,910400.0,1,5,オープン戦,9.0,9回表,4,村山,嶋田,本田,笠原,,,1,2,ヤクルト,S,,376,楽天,E,,,,,,,"＜代打：卓丸＞一死1,3塁","< Daida: Takumaru> Ichi Shi 1,3 Rui",,,,,0,,,,,,,,,,,,,,,,,,,,,,,,,,,,,,,,,,,,,,,,,,,,,,,,2019-02-24 07:35:22+00:00,2019-02-24 07:35:22+00:00,0,3721,139,浦添,2026-10-01T20:50:19.593663
2019,2019022404,2019-02-24 13:00:00+09:00,74788707,910401.0,1,5,オープン戦,9.0,9回表,4,村山,嶋田,本田,笠原,,,1,2,ヤクルト,S,,376,楽天,E,,,,,,,1球目:外角高めのストレートを空振りストライク 0-1,1 Tamame: Gaikaku Takame no Straight wo Karaburi Strike 0-1,,,,,1,,,,,,,,,,,,,,,,,,,,,,,,,,,,,,,,,,,,,,,,,,,,,,,,2019-02-24 07:35:22+00:00,2019-02-24 07:35:22+00:00,0,3721,139,浦添,2026-10-01T20:50:19.593663
2019,2019022404,2019-02-24 13:00:00+09:00,74788708,910402.0,1,5,オープン戦,9.0,9回表,4,村山,嶋田,本田,笠原,,,1,2,ヤクルト,S,,376,楽天,E,,,,,,,2球目:外角高め146キロのストレートを見逃してボール 1-1,2 Tamame: Gaikaku Takame 146 Kilo no Straight wo Minogashite Ball 1-1,,,,,2,,,,,,,,,,,,,,,,,,,,,,,,,,,,,,,,,,,,,,,,,,,,,,,,2019-02-24 07:35:22+00:00,2019-02-24 07:35:22+00:00,0,3721,139,浦添,2026-10-01T20:50:19.593663
2019,2019022404,2019-02-24 13:00:00+09:00,74788709,910403.0,1,5,オープン戦,9.0,9回表,4,村山,嶋田,本田,笠原,,,1,2,ヤクルト,S,,376,楽天,E,,,,,,,3球目:外角147キロのストレートを見逃してストライク 1-2,3 Tamame: Gaikaku 147 Kilo no Straight wo Minogashite Strike 1-2,,,,,3,,,,,,,,,,,,,,,,,,,,,,,,,,,,,,,,,,,,,,,,,,,,,,,,2019-02-24 07:35:22+00:00,2019-02-24 07:35:22+00:00,0,3721,139,浦添,2026-10-01T20:50:19.593663
2019,2019022404,2019-02-24 13:00:00+09:00,74788710,910404.0,1,5,オープン戦,9.0,9回表,4,村山,嶋田,本田,笠原,,,1,2,ヤクルト,S,,376,楽天,E,,,,,,,4球目:外角の落ちる球に空振り三振 2アウト,4 Tamame: Gaikaku no Ochiru Tama ni Karaburi Sanshin 2 Out,,,,,4,,,,,,,,,,,,,,,,,,,,,,,,,,,,,,,,,,,,,,,,,,,,,,,,2019-02-24 07:35:22+00:00,2019-02-24 07:35:22+00:00,0,3721,139,浦添,2026-10-01T20:50:19.593663
2019,2019022404,2019-02-24 13:00:00+09:00,74788711,910500.0,1,5,オープン戦,9.0,9回表,5,村山,嶋田,本田,笠原,,,1,2,ヤクルト,S,,376,楽天,E,,,,,,,"＜3番：辰己＞二死1,3塁","<3 Ban: Tatsumi> Ni Shi 1,3 Rui",,,,,0,,,,,,,,,,,,,,,,,,,,,,,,,,,,,,,,,,,,,,,,,,,,,,,,2019-02-24 07:35:22+00:00,2019-02-24 07:35:22+00:00,0,3721,139,浦添,2026-10-01T20:50:19.593663
2019,2019022404,2019-02-24 13:00:00+09:00,74788712,910501.0,1,5,オープン戦,9.0,9回表,5,村山,嶋田,本田,笠原,,,1,2,ヤクルト,S,,376,楽天,E,,,,,,,1球目:外角低め132キロのフォークを見逃してボール 1-0,1 Tamame: Gaikaku Hikume 132 Kilo no Fork wo Minogashite Ball 1-0,,,,,1,,,,,,,,,,,,,,,,,,,,,,,,,,,,,,,,,,,,,,,,,,,,,,,,2019-02-24 07:35:22+00:00,2019-02-24 07:35:22+00:00,0,3721,139,浦添,2026-10-01T20:50:19.593663
2019,2019022404,2019-02-24 13:00:00+09:00,74788713,910502.0,1,5,オープン戦,9.0,9回表,5,村山,嶋田,本田,笠原,,,1,2,ヤクルト,S,,376,楽天,E,,,,,,,2球目:高めのストレートを打つもレフトフライ 3アウトチェンジ,2 Tamame: Takame no Straight wo Utsu mo Left Fly 3 Out Change,,,,,2,,,,,,,,,,,,,,,,,,,,,,,,,,,,,,,,,,,,,,,,,,,,,,,,2019-02-24 07:35:22+00:00,2019-02-24 07:35:22+00:00,0,3721,139,浦添,2026-10-01T20:50:19.593663
2019,2019022404,2019-02-24 13:00:00+09:00,74788714,920100.0,1,5,オープン戦,9.0,9回裏,1,村山,嶋田,本田,笠原,,,1,2,ヤクルト,S,,376,楽天,E,,,,,,,9回裏 ヤ1-8楽　ヤクルトは1番廣岡からの攻撃,9 Kai Uraya 1-8gaku Yakuruto wa 1 Ban Hirooka kara no Kougeki,,,,,0,,,,,,,,,,,,,,,,,,,,,,,,,,,,,,,,,,,,,,,,,,,,,,,,2019-02-24 07:35:22+00:00,2019-02-24 07:35:22+00:00,0,3721,139,浦添,2026-10-01T20:50:19.593663
2019,2019022404,2019-02-24 13:00:00+09:00,74788715,920100.0,1,5,オープン戦,9.0,9回裏,1,村山,嶋田,本田,笠原,,,1,2,ヤクルト,S,,376,楽天,E,,,,,,,投手交代:森原→高梨　守備変更:卓丸→ライト,Toushu Koutai: Morihara Takanashi Shubi Henkou: Takumaru Raito,,,,,0,,,,,,,,,,,,,,,,,,,,,,,,,,,,,,,,,,,,,,,,,,,,,,,,2019-02-24 07:35:22+00:00,2019-02-24 07:35:22+00:00,0,3721,139,浦添,2026-10-01T20:50:19.593663
2019,2019022404,2019-02-24 13:00:00+09:00,74788716,920100.0,1,5,オープン戦,9.0,9回裏,1,村山,嶋田,本田,笠原,,,1,2,ヤクルト,S,,376,楽天,E,,,,,,,＜1番：廣岡＞無死走者なし,<1 Ban: Hirooka> Mushi Sousha Nashi,,,,,0,,,,,,,,,,,,,,,,,,,,,,,,,,,,,,,,,,,,,,,,,,,,,,,,2019-02-24 07:35:22+00:00,2019-02-24 07:35:22+00:00,0,3721,139,浦添,2026-10-01T20:50:19.593663
2019,2019022404,2019-02-24 13:00:00+09:00,74788717,920101.0,1,5,オープン戦,9.0,9回裏,1,村山,嶋田,本田,笠原,,,1,2,ヤクルト,S,,376,楽天,E,,,,,,,1球目:内角120キロのスライダーを見逃してストライク 0-1,1 Tamame: Naikaku 120 Kilo no Slider wo Minogashite Strike 0-1,,,,,1,,,,,,,,,,,,,,,,,,,,,,,,,,,,,,,,,,,,,,,,,,,,,,,,2019-02-24 07:35:22+00:00,2019-02-24 07:35:22+00:00,0,3721,139,浦添,2026-10-01T20:50:19.593663
2019,2019022404,2019-02-24 13:00:00+09:00,74788718,920102.0,1,5,オープン戦,9.0,9回裏,1,村山,嶋田,本田,笠原,,,1,2,ヤクルト,S,,376,楽天,E,,,,,,,2球目:内角低めの変化球を見逃してボール 1-1,2 Tamame: Naikaku Hikume no Henka Kyuu wo Minogashite Ball 1-1,,,,,2,,,,,,,,,,,,,,,,,,,,,,,,,,,,,,,,,,,,,,,,,,,,,,,,2019-02-24 07:35:22+00:00,2019-02-24 07:35:22+00:00,0,3721,139,浦添,2026-10-01T20:50:19.593663
2019,2019022404,2019-02-24 13:00:00+09:00,74788719,920103.0,1,5,オープン戦,9.0,9回裏,1,村山,嶋田,本田,笠原,,,1,2,ヤクルト,S,,376,楽天,E,,,,,,,3球目:内角高め135キロのストレートを見逃してボール 2-1,3 Tamame: Naikaku Takame 135 Kilo no Straight wo Minogashite Ball 2-1,,,,,3,,,,,,,,,,,,,,,,,,,,,,,,,,,,,,,,,,,,,,,,,,,,,,,,2019-02-24 07:35:22+00:00,2019-02-24 07:35:22+00:00,0,3721,139,浦添,2026-10-01T20:50:19.593663
2019,2019022404,2019-02-24 13:00:00+09:00,74788720,920104.0,1,5,オープン戦,9.0,9回裏,1,村山,嶋田,本田,笠原,,,1,2,ヤクルト,S,,376,楽天,E,,,,,,,4球目:際どいコースのストレートを見逃してボール 3-1,4 Tamame: Kiwadoi Course no Straight wo Minogashite Ball 3-1,,,,,4,,,,,,,,,,,,,,,,,,,,,,,,,,,,,,,,,,,,,,,,,,,,,,,,2019-02-24 07:35:22+00:00,2019-02-24 07:35:22+00:00,0,3721,139,浦添,2026-10-01T20:50:19.593663
2019,2019022404,2019-02-24 13:00:00+09:00,74788721,920105.0,1,5,オープン戦,9.0,9回裏,1,村山,嶋田,本田,笠原,,,1,2,ヤクルト,S,,376,楽天,E,,,,,,,5球目:一度もバットを振ることなく四球を選ぶ 1塁,5 Tamame: Ichi Do mo Batto wo Furu Koto Naku Shikyuu wo Erabu 1 Rui,,,,,5,,,,,,,,,,,,,,,,,,,,,,,,,,,,,,,,,,,,,,,,,,,,,,,,2019-02-24 07:35:22+00:00,2019-02-24 07:35:22+00:00,0,3721,139,浦添,2026-10-01T20:50:19.593663
2019,2019022404,2019-02-24 13:00:00+09:00,74788722,920200.0,1,5,オープン戦,9.0,9回裏,2,村山,嶋田,本田,笠原,,,1,2,ヤクルト,S,,376,楽天,E,,,,,,,上田→代打:西田,Ueda Daida: Nishida,,,,,0,,,,,,,,,,,,,,,,,,,,,,,,,,,,,,,,,,,,,,,,,,,,,,,,2019-02-24 07:35:22+00:00,2019-02-24 07:35:22+00:00,0,3721,139,浦添,2026-10-01T20:50:19.593663
2019,2019022404,2019-02-24 13:00:00+09:00,74788723,920200.0,1,5,オープン戦,9.0,9回裏,2,村山,嶋田,本田,笠原,,,1,2,ヤクルト,S,,376,楽天,E,,,,,,,＜代打：西田＞無死1塁,< Daida: Nishita> Mushi 1 Rui,,,,,0,,,,,,,,,,,,,,,,,,,,,,,,,,,,,,,,,,,,,,,,,,,,,,,,2019-02-24 07:35:22+00:00,2019-02-24 07:35:22+00:00,0,3721,139,浦添,2026-10-01T20:50:19.593663
2019,2019022404,2019-02-24 13:00:00+09:00,74788724,920201.0,1,5,オープン戦,9.0,9回裏,2,村山,嶋田,本田,笠原,,,1,2,ヤクルト,S,,376,楽天,E,,,,,,,"1球目:センターへのヒットを放つ 1,2塁","1 Tamame: Center e no Hit wo Hanatsu 1,2 Rui",,,,,1,,,,,,,,,,,,,,,,,,,,,,,,,,,,,,,,,,,,,,,,,,,,,,,,2019-02-24 07:35:22+00:00,2019-02-24 07:35:22+00:00,0,3721,139,浦添,2026-10-01T20:50:19.593663
2019,2019022404,2019-02-24 13:00:00+09:00,74788725,920300.0,1,5,オープン戦,9.0,9回裏,3,村山,嶋田,本田,笠原,,,1,2,ヤクルト,S,,376,楽天,E,,,,,,,"＜3番：吉田＞無死1,2塁","<3 Ban: Yoshida> Mushi 1,2 Rui",,,,,0,,,,,,,,,,,,,,,,,,,,,,,,,,,,,,,,,,,,,,,,,,,,,,,,2019-02-24 07:35:22+00:00,2019-02-24 07:35:22+00:00,0,3721,139,浦添,2026-10-01T20:50:19.593663
2019,2019022404,2019-02-24 13:00:00+09:00,74788726,920301.0,1,5,オープン戦,9.0,9回裏,3,村山,嶋田,本田,笠原,,,1,2,ヤクルト,S,,376,楽天,E,,,,,,,1球目:内角高めのシュートを見逃してストライク 0-1,1 Tamame: Naikaku Takame no Shoot wo Minogashite Strike 0-1,,,,,1,,,,,,,,,,,,,,,,,,,,,,,,,,,,,,,,,,,,,,,,,,,,,,,,2019-02-24 07:35:22+00:00,2019-02-24 07:35:22+00:00,0,3721,139,浦添,2026-10-01T20:50:19.593663
2019,2019022404,2019-02-24 13:00:00+09:00,74788727,920302.0,1,5,オープン戦,9.0,9回裏,3,村山,嶋田,本田,笠原,,,1,2,ヤクルト,S,,376,楽天,E,,,,,,,2球目:外角低めの変化球にバットが止まらずストライク 0-2,2 Tamame: Gaikaku Hikume no Henka Kyuu ni Batto ga Tomarazu Strike 0-2,,,,,2,,,,,,,,,,,,,,,,,,,,,,,,,,,,,,,,,,,,,,,,,,,,,,,,2019-02-24 07:35:22+00:00,2019-02-24 07:35:22+00:00,0,3721,139,浦添,2026-10-01T20:50:19.593663
2019,2019022404,2019-02-24 13:00:00+09:00,74788728,920303.0,1,5,オープン戦,9.0,9回裏,3,村山,嶋田,本田,笠原,,,1,2,ヤクルト,S,,376,楽天,E,,,,,,,3球目:外角のスライダーを打ってファウル 0-2,3 Tamame: Gaikaku no Slider wo Utte Foul 0-2,,,,,3,,,,,,,,,,,,,,,,,,,,,,,,,,,,,,,,,,,,,,,,,,,,,,,,2019-02-24 07:35:22+00:00,2019-02-24 07:35:22+00:00,0,3721,139,浦添,2026-10-01T20:50:19.593663
2019,2019022404,2019-02-24 13:00:00+09:00,74788729,920304.0,1,5,オープン戦,9.0,9回裏,3,村山,嶋田,本田,笠原,,,1,2,ヤクルト,S,,376,楽天,E,,,,,,,4球目:外角の真っ直ぐに見逃し三振でバッターアウト！ 1アウト,4 Tamame: Gaikaku no Massugu ni Minogashi Sanshin de Batter Out! 1 Out,,,,,4,,,,,,,,,,,,,,,,,,,,,,,,,,,,,,,,,,,,,,,,,,,,,,,,2019-02-24 07:35:22+00:00,2019-02-24 07:35:22+00:00,0,3721,139,浦添,2026-10-01T20:50:19.593663
2019,2019022404,2019-02-24 13:00:00+09:00,74788730,920400.0,1,5,オープン戦,9.0,9回裏,4,村山,嶋田,本田,笠原,,,1,2,ヤクルト,S,,376,楽天,E,,,,,,,"＜4番：荒木＞一死1,2塁","<4 Ban: Araki> Ichi Shi 1,2 Rui",,,,,0,,,,,,,,,,,,,,,,,,,,,,,,,,,,,,,,,,,,,,,,,,,,,,,,2019-02-24 07:35:22+00:00,2019-02-24 07:35:22+00:00,0,3721,139,浦添,2026-10-01T20:50:19.593663
2019,2019022404,2019-02-24 13:00:00+09:00,74788731,920401.0,1,5,オープン戦,9.0,9回裏,4,村山,嶋田,本田,笠原,,,1,2,ヤクルト,S,,376,楽天,E,,,,,,,1球目:際どいコースのストレートを見逃してストライク 0-1,1 Tamame: Kiwadoi Course no Straight wo Minogashite Strike 0-1,,,,,1,,,,,,,,,,,,,,,,,,,,,,,,,,,,,,,,,,,,,,,,,,,,,,,,2019-02-24 07:35:22+00:00,2019-02-24 07:35:22+00:00,0,3721,139,浦添,2026-10-01T20:50:19.593663
2019,2019022404,2019-02-24 13:00:00+09:00,74788732,920402.0,1,5,オープン戦,9.0,9回裏,4,村山,嶋田,本田,笠原,,,1,2,ヤクルト,S,,376,楽天,E,,,,,,,2球目:外角低め118キロのシンカーを見逃してボール 1-1,2 Tamame: Gaikaku Hikume 118 Kilo no Sinker wo Minogashite Ball 1-1,,,,,2,,,,,,,,,,,,,,,,,,,,,,,,,,,,,,,,,,,,,,,,,,,,,,,,2019-02-24 07:35:22+00:00,2019-02-24 07:35:22+00:00,0,3721,139,浦添,2026-10-01T20:50:19.593663
2019,2019022404,2019-02-24 13:00:00+09:00,74788733,920403.0,1,5,オープン戦,9.0,9回裏,4,村山,嶋田,本田,笠原,,,1,2,ヤクルト,S,,376,楽天,E,,,,,,,3球目:内角低めのストレートを見逃してボール 2-1,3 Tamame: Naikaku Hikume no Straight wo Minogashite Ball 2-1,,,,,3,,,,,,,,,,,,,,,,,,,,,,,,,,,,,,,,,,,,,,,,,,,,,,,,2019-02-24 07:35:22+00:00,2019-02-24 07:35:22+00:00,0,3721,139,浦添,2026-10-01T20:50:19.593663
2019,2019022404,2019-02-24 13:00:00+09:00,74788734,920404.0,1,5,オープン戦,9.0,9回裏,4,村山,嶋田,本田,笠原,,,1,2,ヤクルト,S,,376,楽天,E,,,,,,,4球目:高めの変化球を見逃してストライク 2-2,4 Tamame: Takame no Henka Kyuu wo Minogashite Strike 2-2,,,,,4,,,,,,,,,,,,,,,,,,,,,,,,,,,,,,,,,,,,,,,,,,,,,,,,2019-02-24 07:35:22+00:00,2019-02-24 07:35:22+00:00,0,3721,139,浦添,2026-10-01T20:50:19.593663
2019,2019022404,2019-02-24 13:00:00+09:00,74788735,920405.0,1,5,オープン戦,9.0,9回裏,4,村山,嶋田,本田,笠原,,,1,2,ヤクルト,S,,376,楽天,E,,,,,,,5球目:内田(一)のファンブルにより出塁する 満塁,5 Tamame: Uchida (Ichi) no Fumble ni Yori Shutsurui Suru Manrui,,,,,5,,,,,,,,,,,,,,,,,,,,,,,,,,,,,,,,,,,,,,,,,,,,,,,,2019-02-24 07:35:22+00:00,2019-02-24 07:35:22+00:00,0,3721,139,浦添,2026-10-01T20:50:19.593663
2019,2019022404,2019-02-24 13:00:00+09:00,74788736,920500.0,1,5,オープン戦,9.0,9回裏,5,村山,嶋田,本田,笠原,,,1,2,ヤクルト,S,,376,楽天,E,,,,,,,＜5番：松本直＞一死満塁,<5 Ban: Matsumoto Tadashi> Ichi Shi Manrui,,,,,0,,,,,,,,,,,,,,,,,,,,,,,,,,,,,,,,,,,,,,,,,,,,,,,,2019-02-24 07:35:22+00:00,2019-02-24 07:35:22+00:00,0,3721,139,浦添,2026-10-01T20:50:19.593663
2019,2019022404,2019-02-24 13:00:00+09:00,74788737,920501.0,1,5,オープン戦,9.0,9回裏,5,村山,嶋田,本田,笠原,,,1,2,ヤクルト,S,,376,楽天,E,,,,,,,1球目:外角低めのシュートを見逃してボール 1-0,1 Tamame: Gaikaku Hikume no Shoot wo Minogashite Ball 1-0,,,,,1,,,,,,,,,,,,,,,,,,,,,,,,,,,,,,,,,,,,,,,,,,,,,,,,2019-02-24 07:35:22+00:00,2019-02-24 07:35:22+00:00,0,3721,139,浦添,2026-10-01T20:50:19.593663
2019,2019022404,2019-02-24 13:00:00+09:00,74788738,920502.0,1,5,オープン戦,9.0,9回裏,5,村山,嶋田,本田,笠原,,,1,2,ヤクルト,S,,376,楽天,E,,,,,,,2球目:内角高め134キロのストレートを見逃してストライク 1-1,2 Tamame: Naikaku Takame 134 Kilo no Straight wo Minogashite Strike 1-1,,,,,2,,,,,,,,,,,,,,,,,,,,,,,,,,,,,,,,,,,,,,,,,,,,,,,,2019-02-24 07:35:22+00:00,2019-02-24 07:35:22+00:00,0,3721,139,浦添,2026-10-01T20:50:19.593663
2019,2019022404,2019-02-24 13:00:00+09:00,74788739,920503.0,1,5,オープン戦,9.0,9回裏,5,村山,嶋田,本田,笠原,,,1,2,ヤクルト,S,,376,楽天,E,,,,,,,3球目:1アウト満塁の1-1からレフトへのタイムリーヒット ヤ2-8楽 満塁,3 Tamame:1 Out Manrui no 1-1 kara Left e no Timely Hitya 2-8 Raku Manrui,,,,,3,,,,,,,,,,,,,,,,,,,,,,,,,,,,,,,,,,,,,,,,,,,,,,,,2019-02-24 07:35:22+00:00,2019-02-24 07:35:22+00:00,0,3721,139,浦添,2026-10-01T20:50:19.593663
2019,2019022404,2019-02-24 13:00:00+09:00,74788740,920600.0,1,5,オープン戦,9.0,9回裏,6,村山,嶋田,本田,笠原,,,1,2,ヤクルト,S,,376,楽天,E,,,,,,,＜6番：村上＞一死満塁,<6 Ban: Murakami> Ichi Shi Manrui,,,,,0,,,,,,,,,,,,,,,,,,,,,,,,,,,,,,,,,,,,,,,,,,,,,,,,2019-02-24 07:35:22+00:00,2019-02-24 07:35:22+00:00,0,3721,139,浦添,2026-10-01T20:50:19.593663
2019,2019022404,2019-02-24 13:00:00+09:00,74788741,920601.0,1,5,オープン戦,9.0,9回裏,6,村山,嶋田,本田,笠原,,,1,2,ヤクルト,S,,376,楽天,E,,,,,,,1球目:高めのスライダーを空振りストライク 0-1,1 Tamame: Takame no Slider wo Karaburi Strike 0-1,,,,,1,,,,,,,,,,,,,,,,,,,,,,,,,,,,,,,,,,,,,,,,,,,,,,,,2019-02-24 07:35:22+00:00,2019-02-24 07:35:22+00:00,0,3721,139,浦添,2026-10-01T20:50:19.593663
2019,2019022404,2019-02-24 13:00:00+09:00,74788742,920602.0,1,5,オープン戦,9.0,9回裏,6,村山,嶋田,本田,笠原,,,1,2,ヤクルト,S,,376,楽天,E,,,,,,,"2球目:セカンドゴロの間にヤクルト1点をあげる ヤ3-8楽 2アウト1,3塁","2 Tamame: Sekando Grounder no Aida ni Yakuruto 1 Ten wo Ageruya 3-8gaku 2 Out 1,3 Rui",,,,,2,,,,,,,,,,,,,,,,,,,,,,,,,,,,,,,,,,,,,,,,,,,,,,,,2019-02-24 07:35:22+00:00,2019-02-24 07:35:22+00:00,0,3721,139,浦添,2026-10-01T20:50:19.593663
2019,2019022404,2019-02-24 13:00:00+09:00,74788743,920700.0,1,5,オープン戦,9.0,9回裏,7,村山,嶋田,本田,笠原,,,1,2,ヤクルト,S,,376,楽天,E,,,,,,,"＜7番：西浦＞二死1,3塁","<7 Ban: Nishinoura> Ni Shi 1,3 Rui",,,,,0,,,,,,,,,,,,,,,,,,,,,,,,,,,,,,,,,,,,,,,,,,,,,,,,2019-02-24 07:35:22+00:00,2019-02-24 07:35:22+00:00,0,3721,139,浦添,2026-10-01T20:50:19.593663
2019,2019022404,2019-02-24 13:00:00+09:00,74788744,920701.0,1,5,オープン戦,9.0,9回裏,7,村山,嶋田,本田,笠原,,,1,2,ヤクルト,S,,376,楽天,E,,,,,,,1球目:初球から打ちにいくもファウル 0-1,1 Tamame: Shokyuu kara Uchi ni Iku mo Foul 0-1,,,,,1,,,,,,,,,,,,,,,,,,,,,,,,,,,,,,,,,,,,,,,,,,,,,,,,2019-02-24 07:35:22+00:00,2019-02-24 07:35:22+00:00,0,3721,139,浦添,2026-10-01T20:50:19.593663
2019,2019022404,2019-02-24 13:00:00+09:00,74788745,920702.0,1,5,オープン戦,9.0,9回裏,7,村山,嶋田,本田,笠原,,,1,2,ヤクルト,S,,376,楽天,E,,,,,,,2球目:内角低めのスライダーを見逃してボール 1-1,2 Tamame: Naikaku Hikume no Slider wo Minogashite Ball 1-1,,,,,2,,,,,,,,,,,,,,,,,,,,,,,,,,,,,,,,,,,,,,,,,,,,,,,,2019-02-24 07:35:22+00:00,2019-02-24 07:35:22+00:00,0,3721,139,浦添,2026-10-01T20:50:19.593663
2019,2019022404,2019-02-24 13:00:00+09:00,74788746,920703.0,1,5,オープン戦,9.0,9回裏,7,村山,嶋田,本田,笠原,,,1,2,ヤクルト,S,,376,楽天,E,,,,,,,3球目:内角低め136キロのストレートを打ってファウル 1-2,3 Tamame: Naikaku Hikume 136 Kilo no Straight wo Utte Foul 1-2,,,,,3,,,,,,,,,,,,,,,,,,,,,,,,,,,,,,,,,,,,,,,,,,,,,,,,2019-02-24 07:35:22+00:00,2019-02-24 07:35:22+00:00,0,3721,139,浦添,2026-10-01T20:50:19.593663
2019,2019022404,2019-02-24 13:00:00+09:00,74788747,920704.0,1,5,オープン戦,9.0,9回裏,7,村山,嶋田,本田,笠原,,,1,2,ヤクルト,S,,376,楽天,E,,,,,,,4球目:甘い変化球を打ってファウル 1-2,4 Tamame: Amai Henka Kyuu wo Utte Foul 1-2,,,,,4,,,,,,,,,,,,,,,,,,,,,,,,,,,,,,,,,,,,,,,,,,,,,,,,2019-02-24 07:35:22+00:00,2019-02-24 07:35:22+00:00,0,3721,139,浦添,2026-10-01T20:50:19.593663
2019,2019022404,2019-02-24 13:00:00+09:00,74788748,920705.0,1,5,オープン戦,9.0,9回裏,7,村山,嶋田,本田,笠原,,,1,2,ヤクルト,S,,376,楽天,E,,,,,,,5球目:カウント1-2からハーフスイングを取られて空振り三振 ゲームセット,5 Tamame: Count 1-2 kara Half Swing wo Torarete Karaburi Sanshin Game Set,,,,,5,,,,,,,,,,,,,,,,,,,,,,,,,,,,,,,,,,,,,,,,,,,,,,,,2019-02-24 07:35:22+00:00,2019-02-24 07:35:22+00:00,0,3721,139,浦添,2026-10-01T20:50:19.593663
2019,2019022404,2019-02-24 13:00:00+09:00,74788749,920700.0,1,5,オープン戦,9.0,9回裏,7,村山,嶋田,本田,笠原,,,1,2,ヤクルト,S,,376,楽天,E,,,,,,,試合終了,Shiai Shuuryou,,,,,0,,,,,,,,,,,,,,,,,,,,,,,,,,,,,,,,,,,,,,,,,,,,,,,,2019-02-24 07:35:22+00:00,2019-02-24 07:35:22+00:00,0,3721,139,浦添,2026-10-01T20:50:19.593663
