season,game_id,game_date,player_id,player_name_jap,player_jersey_number,position,team_id,batting_G,batting_GS,batting_PA,batting_AB,batting_R,batting_H,batting_2B,batting_3B,batting_HR,batting_RBI,batting_SB,batting_CS,batting_BB,batting_SO,batting_HBP,batting_SH,batting_SF,batting_E,pitcher_order_number,pitching_G,pitching_GS,pitching_W,pitching_L,pitching_ERA,pitching_IP,pitching_IP_str,pitching_CG,pitching_SHO,pitching_SV,pitching_H,pitching_R,pitching_ER,pitching_HR,pitching_IBB,pitching_BB,pitching_SO,pitching_HBP,pitching_BK,pitching_BF,pitching_PI
2023,2021012964,2023-06-01,400021.0,青木 宣親,23.0,左,2,1.0,1.0,4.0,4.0,1.0,1.0,0.0,0.0,0.0,0.0,0.0,,0.0,1.0,0.0,0.0,0.0,0.0,,,,,,,,,,,,,,,,,,,,,,
2023,2021012964,2023-06-01,600011.0,川端 慎吾,5.0,指,2,1.0,1.0,5.0,5.0,1.0,3.0,0.0,0.0,0.0,1.0,0.0,,0.0,0.0,0.0,0.0,0.0,0.0,,,,,,,,,,,,,,,,,,,,,,
2023,2021012964,2023-06-01,900044.0,中村 悠平,27.0,捕,2,1.0,1.0,4.0,3.0,0.0,1.0,0.0,0.0,0.0,0.0,0.0,,0.0,0.0,0.0,1.0,0.0,0.0,,,,,,,,,,,,,,,,,,,,,,
2023,2021012964,2023-06-01,1000132.0,山田 哲人,1.0,二,2,1.0,1.0,5.0,4.0,0.0,0.0,0.0,0.0,0.0,0.0,0.0,,1.0,1.0,0.0,0.0,0.0,1.0,,,,,,,,,,,,,,,,,,,,,,
2023,2021012964,2023-06-01,1100095.0,松本 剛,7.0,左,8,1.0,1.0,4.0,4.0,0.0,1.0,0.0,0.0,0.0,0.0,0.0,,0.0,1.0,0.0,0.0,0.0,0.0,,,,,,,,,,,,,,,,,,,,,,
2023,2021012964,2023-06-01,1200100.0,伏見 寅威,23.0,捕,8,1.0,1.0,3.0,3.0,0.0,1.0,0.0,0.0,0.0,0.0,0.0,,0.0,1.0,0.0,0.0,0.0,0.0,,,,,,,,,,,,,,,,,,,,,,
2023,2021012964,2023-06-01,1251037.0,上川畑 大悟,4.0,遊,8,1.0,1.0,3.0,3.0,0.0,0.0,0.0,0.0,0.0,0.0,0.0,,0.0,1.0,0.0,0.0,0.0,1.0,,,,,,,,,,,,,,,,,,,,,,
2023,2021012964,2023-06-01,1300029.0,田口 麗斗,34.0,,2,,,,,,,,,,,,,,,,,,,3.0,1.0,0.0,0.0,2.0,1.93,1.0,1.0,,,11.0,2.0,0.0,0.0,0.0,,0.0,2.0,0.0,,5.0,14.0
2023,2021012964,2023-06-01,1300094.0,杉浦 稔大,22.0,,8,,,,,,,,,,,,,,,,,,,2.0,1.0,0.0,0.0,1.0,2.45,0.3333333333333333,0.1,,,0.0,0.0,0.0,0.0,0.0,,0.0,0.0,0.0,,1.0,2.0
2023,2021012964,2023-06-01,1400170.0,江越 大賀,37.0,打,8,1.0,0.0,1.0,1.0,0.0,0.0,0.0,0.0,0.0,0.0,0.0,,0.0,1.0,0.0,0.0,0.0,0.0,,,,,,,,,,,,,,,,,,,,,,
2023,2021012964,2023-06-01,1460315.0,アルカンタラ,6.0,打二,8,1.0,0.0,2.0,2.0,0.0,2.0,0.0,0.0,0.0,0.0,0.0,,0.0,0.0,0.0,0.0,0.0,0.0,,,,,,,,,,,,,,,,,,,,,,
2023,2021012964,2023-06-01,1500044.0,山崎 晃大朗,31.0,中右,2,1.0,1.0,4.0,3.0,0.0,1.0,0.0,0.0,0.0,0.0,0.0,,0.0,1.0,0.0,1.0,0.0,0.0,,,,,,,,,,,,,,,,,,,,,,
2023,2021012964,2023-06-01,1500110.0,加藤 貴之,14.0,,8,,,,,,,,,,,,,,,,,,,1.0,1.0,,4.0,3.0,2.25,6.666666666666667,6.2,,,0.0,10.0,4.0,3.0,1.0,,1.0,2.0,0.0,,30.0,105.0
2023,2021012964,2023-06-01,1560396.0,ハンソン,94.0,指,8,1.0,1.0,4.0,4.0,0.0,0.0,0.0,0.0,0.0,0.0,0.0,,0.0,1.0,0.0,0.0,0.0,0.0,,,,,,,,,,,,,,,,,,,,,,
2023,2021012964,2023-06-01,1700084.0,村上 宗隆,55.0,三,2,1.0,1.0,4.0,4.0,1.0,2.0,0.0,0.0,1.0,3.0,0.0,,0.0,0.0,0.0,0.0,0.0,0.0,,,,,,,,,,,,,,,,,,,,,,
2023,2021012964,2023-06-01,1800008.0,マルティネス,2.0,打,8,1.0,0.0,1.0,1.0,0.0,0.0,0.0,0.0,0.0,0.0,0.0,,0.0,0.0,0.0,0.0,0.0,0.0,,,,,,,,,,,,,,,,,,,,,,
2023,2021012964,2023-06-01,1800033.0,清水 昇,17.0,,2,,,,,,,,,,,,,,,,,,,2.0,1.0,0.0,0.0,1.0,1.71,1.0,1.0,,,0.0,1.0,0.0,0.0,0.0,,0.0,3.0,0.0,,4.0,15.0
2023,2021012964,2023-06-01,1800036.0,濱田 太貴,51.0,走左,2,1.0,0.0,1.0,1.0,0.0,0.0,0.0,0.0,0.0,0.0,0.0,,0.0,1.0,0.0,0.0,0.0,0.0,,,,,,,,,,,,,,,,,,,,,,
2023,2021012964,2023-06-01,1800091.0,野村 佑希,5.0,一三,8,1.0,1.0,4.0,4.0,0.0,0.0,0.0,0.0,0.0,0.0,0.0,,0.0,1.0,0.0,0.0,0.0,0.0,,,,,,,,,,,,,,,,,,,,,,
2023,2021012964,2023-06-01,1800093.0,万波 中正,66.0,右,8,1.0,1.0,4.0,3.0,0.0,0.0,0.0,0.0,0.0,0.0,0.0,,0.0,1.0,1.0,0.0,0.0,0.0,,,,,,,,,,,,,,,,,,,,,,
2023,2021012964,2023-06-01,1900028.0,長岡 秀樹,7.0,遊,2,1.0,1.0,4.0,3.0,0.0,1.0,0.0,0.0,0.0,0.0,0.0,,1.0,0.0,0.0,0.0,0.0,0.0,,,,,,,,,,,,,,,,,,,,,,
2023,2021012964,2023-06-01,1900029.0,武岡 龍世,60.0,二,2,1.0,0.0,0.0,0.0,0.0,0.0,0.0,0.0,0.0,0.0,0.0,,0.0,0.0,0.0,0.0,0.0,0.0,,,,,,,,,,,,,,,,,,,,,,
2023,2021012964,2023-06-01,1900084.0,福田 光輝,35.0,三二,8,1.0,1.0,2.0,2.0,0.0,0.0,0.0,0.0,0.0,0.0,0.0,,0.0,1.0,0.0,0.0,0.0,0.0,,,,,,,,,,,,,,,,,,,,,,
2023,2021012964,2023-06-01,1961860.0,加藤 豪将,3.0,二一,8,1.0,1.0,4.0,3.0,0.0,2.0,1.0,0.0,0.0,0.0,0.0,,1.0,0.0,0.0,0.0,0.0,1.0,,,,,,,,,,,,,,,,,,,,,,
2023,2021012964,2023-06-01,2000028.0,並木 秀尊,0.0,走中,2,1.0,0.0,0.0,0.0,1.0,0.0,0.0,0.0,0.0,0.0,0.0,,0.0,0.0,0.0,0.0,0.0,0.0,,,,,,,,,,,,,,,,,,,,,,
2023,2021012964,2023-06-01,2000133.0,オスナ,13.0,一,2,1.0,1.0,4.0,3.0,1.0,1.0,0.0,0.0,0.0,1.0,0.0,,0.0,0.0,0.0,0.0,1.0,0.0,,,,,,,,,,,,,,,,,,,,,,
2023,2021012964,2023-06-01,2000135.0,サンタナ,25.0,右,2,1.0,1.0,4.0,4.0,0.0,1.0,1.0,0.0,0.0,0.0,0.0,,0.0,0.0,0.0,0.0,0.0,0.0,,,,,,,,,,,,,,,,,,,,,,
2023,2021012964,2023-06-01,2000139.0,サイスニード,54.0,,2,,,,,,,,,,,,,,,,,,,1.0,1.0,,4.0,2.0,2.15,7.0,7.0,,,0.0,3.0,0.0,0.0,0.0,,1.0,6.0,1.0,,27.0,95.0
2023,2021012964,2023-06-01,2103731.0,長谷川 威展,53.0,,8,,,,,,,,,,,,,,,,,,,4.0,1.0,0.0,0.0,0.0,0.0,1.0,1.0,,,0.0,0.0,0.0,0.0,0.0,,1.0,1.0,0.0,,4.0,17.0
2023,2021012964,2023-06-01,2106284.0,矢澤 宏太,12.0,中,8,1.0,1.0,4.0,4.0,0.0,0.0,0.0,0.0,0.0,0.0,0.0,,0.0,3.0,0.0,0.0,0.0,0.0,,,,,,,,,,,,,,,,,,,,,,
2023,2021012964,2023-06-01,2107958.0,宮内 春輝,62.0,,8,,,,,,,,,,,,,,,,,,,3.0,1.0,0.0,1.0,0.0,5.84,1.0,1.0,,,0.0,1.0,1.0,1.0,0.0,,0.0,1.0,0.0,,4.0,17.0
2023,2021012965,2023-06-01,600003.0,大和,9.0,打遊,3,1.0,0.0,2.0,2.0,1.0,1.0,0.0,0.0,0.0,0.0,0.0,,0.0,0.0,0.0,0.0,0.0,0.0,,,,,,,,,,,,,,,,,,,,,,
2023,2021012965,2023-06-01,900011.0,大田 泰示,0.0,打指,3,1.0,0.0,1.0,1.0,0.0,0.0,0.0,0.0,0.0,0.0,0.0,,0.0,0.0,0.0,0.0,0.0,0.0,,,,,,,,,,,,,,,,,,,,,,
2023,2021012965,2023-06-01,900056.0,浅村 栄斗,3.0,二,376,1.0,1.0,3.0,3.0,0.0,0.0,0.0,0.0,0.0,0.0,0.0,,0.0,1.0,0.0,0.0,0.0,0.0,,,,,,,,,,,,,,,,,,,,,,
2023,2021012965,2023-06-01,1100061.0,桑原 将志,1.0,中,3,1.0,1.0,5.0,3.0,1.0,2.0,0.0,0.0,0.0,3.0,0.0,,0.0,0.0,0.0,0.0,2.0,1.0,,,,,,,,,,,,,,,,,,,,,,
2023,2021012965,2023-06-01,1100130.0,岡島 豪郎,27.0,右,376,1.0,1.0,3.0,3.0,0.0,1.0,0.0,0.0,0.0,0.0,0.0,,0.0,1.0,0.0,0.0,0.0,0.0,,,,,,,,,,,,,,,,,,,,,,
2023,2021012965,2023-06-01,1200053.0,宮崎 敏郎,51.0,三,3,1.0,1.0,5.0,5.0,1.0,1.0,0.0,0.0,0.0,1.0,0.0,,0.0,0.0,0.0,0.0,0.0,0.0,,,,,,,,,,,,,,,,,,,,,,
2023,2021012965,2023-06-01,1300038.0,関根 大気,63.0,右左,3,1.0,1.0,6.0,5.0,3.0,3.0,0.0,0.0,1.0,2.0,0.0,,1.0,0.0,0.0,0.0,0.0,0.0,,,,,,,,,,,,,,,,,,,,,,
2023,2021012965,2023-06-01,1400139.0,安樂 智大,20.0,,376,,,,,,,,,,,,,,,,,,,5.0,1.0,0.0,0.0,0.0,2.84,1.0,1.0,,,0.0,1.0,0.0,0.0,0.0,,0.0,0.0,0.0,,4.0,18.0
2023,2021012965,2023-06-01,1460250.0,フランコ,23.0,指,376,1.0,1.0,4.0,4.0,1.0,2.0,0.0,0.0,0.0,1.0,0.0,,0.0,0.0,0.0,0.0,0.0,0.0,,,,,,,,,,,,,,,,,,,,,,
2023,2021012965,2023-06-01,1500063.0,柴田 竜拓,31.0,三,3,1.0,0.0,1.0,1.0,0.0,0.0,0.0,0.0,0.0,0.0,0.0,,0.0,0.0,0.0,0.0,0.0,0.0,,,,,,,,,,,,,,,,,,,,,,
2023,2021012965,2023-06-01,1500078.0,阿部 寿樹,4.0,一左,376,1.0,1.0,4.0,4.0,0.0,1.0,0.0,0.0,0.0,0.0,0.0,,0.0,2.0,0.0,0.0,0.0,0.0,,,,,,,,,,,,,,,,,,,,,,
2023,2021012965,2023-06-01,1551037.0,小孫 竜二,22.0,,376,,,,,,,,,,,,,,,,,,,4.0,1.0,0.0,0.0,0.0,6.0,2.0,2.0,,,0.0,0.0,0.0,0.0,0.0,,1.0,1.0,0.0,,8.0,33.0
2023,2021012965,2023-06-01,1600089.0,佐野 恵太,7.0,左,3,1.0,1.0,5.0,5.0,1.0,1.0,0.0,0.0,0.0,0.0,0.0,,0.0,0.0,0.0,0.0,0.0,0.0,,,,,,,,,,,,,,,,,,,,,,
2023,2021012965,2023-06-01,1600101.0,西口 直人,62.0,,376,,,,,,,,,,,,,,,,,,,7.0,1.0,0.0,0.0,4.0,3.74,2.0,2.0,,,0.0,3.0,0.0,0.0,0.0,,1.0,1.0,0.0,,10.0,34.0
2023,2021012965,2023-06-01,1600107.0,京田 陽太,98.0,遊,3,1.0,1.0,3.0,3.0,0.0,1.0,0.0,0.0,0.0,1.0,0.0,,0.0,1.0,0.0,0.0,0.0,0.0,,,,,,,,,,,,,,,,,,,,,,
2023,2021012965,2023-06-01,1700020.0,ソト,99.0,一,3,1.0,1.0,5.0,3.0,1.0,1.0,1.0,0.0,0.0,1.0,0.0,,2.0,0.0,0.0,0.0,0.0,0.0,,,,,,,,,,,,,,,,,,,,,,
2023,2021012965,2023-06-01,1700034.0,山崎 剛,34.0,遊,376,1.0,1.0,4.0,4.0,1.0,0.0,0.0,0.0,0.0,0.0,1.0,,0.0,1.0,0.0,0.0,0.0,1.0,,,,,,,,,,,,,,,,,,,,,,
2023,2021012965,2023-06-01,1700058.0,東 克樹,11.0,,3,,,,,,,,,,,,,,,,,,,1.0,1.0,,5.0,2.0,2.35,7.0,7.0,,,0.0,5.0,1.0,0.0,0.0,,0.0,7.0,1.0,,27.0,108.0
2023,2021012965,2023-06-01,1700059.0,神里 和毅,8.0,右,3,1.0,0.0,1.0,1.0,0.0,0.0,0.0,0.0,0.0,0.0,0.0,,0.0,0.0,0.0,0.0,0.0,0.0,,,,,,,,,,,,,,,,,,,,,,
2023,2021012965,2023-06-01,1700066.0,山本 祐大,50.0,捕,3,1.0,1.0,5.0,5.0,1.0,1.0,0.0,0.0,0.0,0.0,0.0,,0.0,1.0,0.0,0.0,0.0,0.0,,,,,,,,,,,,,,,,,,,,,,
2023,2021012965,2023-06-01,1800044.0,伊藤 裕季也,39.0,三,376,1.0,1.0,4.0,4.0,0.0,0.0,0.0,0.0,0.0,0.0,0.0,,0.0,1.0,0.0,0.0,0.0,0.0,,,,,,,,,,,,,,,,,,,,,,
2023,2021012965,2023-06-01,1800117.0,辰己 涼介,8.0,中,376,1.0,1.0,1.0,0.0,0.0,0.0,0.0,0.0,0.0,0.0,0.0,,0.0,0.0,1.0,0.0,0.0,0.0,,,,,,,,,,,,,,,,,,,,,,
2023,2021012965,2023-06-01,1800118.0,太田 光,2.0,走捕,376,1.0,0.0,1.0,1.0,0.0,1.0,0.0,0.0,0.0,0.0,0.0,,0.0,0.0,0.0,0.0,0.0,0.0,,,,,,,,,,,,,,,,,,,,,,
2023,2021012965,2023-06-01,1800123.0,小郷 裕哉,51.0,右,376,1.0,0.0,1.0,1.0,1.0,1.0,1.0,0.0,0.0,0.0,0.0,,0.0,0.0,0.0,0.0,0.0,0.0,,,,,,,,,,,,,,,,,,,,,,
2023,2021012965,2023-06-01,1850208.0,林 琢真,0.0,二,3,1.0,0.0,0.0,0.0,0.0,0.0,0.0,0.0,0.0,0.0,0.0,,0.0,0.0,0.0,0.0,0.0,0.0,,,,,,,,,,,,,,,,,,,,,,
2023,2021012965,2023-06-01,1900112.0,小深田 大翔,0.0,左中,376,1.0,1.0,4.0,3.0,0.0,0.0,0.0,0.0,0.0,0.0,0.0,,0.0,2.0,0.0,1.0,0.0,1.0,,,,,,,,,,,,,,,,,,,,,,
2023,2021012965,2023-06-01,1900113.0,黒川 史陽,24.0,打一二,376,1.0,0.0,3.0,3.0,0.0,0.0,0.0,0.0,0.0,0.0,0.0,,0.0,1.0,0.0,0.0,0.0,0.0,,,,,,,,,,,,,,,,,,,,,,
2023,2021012965,2023-06-01,1900117.0,瀧中 瞭太,57.0,,376,,,,,,,,,,,,,,,,,,,1.0,1.0,,2.0,3.0,3.13,2.333333333333333,2.1,,,0.0,7.0,5.0,4.0,0.0,,0.0,0.0,0.0,,14.0,49.0
2023,2021012965,2023-06-01,1900126.0,オースティン,3.0,指,3,1.0,1.0,4.0,3.0,1.0,2.0,1.0,0.0,0.0,1.0,0.0,,1.0,0.0,0.0,0.0,0.0,0.0,,,,,,,,,,,,,,,,,,,,,,
2023,2021012965,2023-06-01,2000035.0,牧 秀悟,2.0,二,3,1.0,1.0,6.0,6.0,1.0,4.0,0.0,0.0,0.0,2.0,0.0,,0.0,0.0,0.0,0.0,0.0,1.0,,,,,,,,,,,,,,,,,,,,,,
2023,2021012965,2023-06-01,2000040.0,石川 達也,95.0,,3,,,,,,,,,,,,,,,,,,,2.0,1.0,0.0,0.0,0.0,1.2,2.0,2.0,,,0.0,3.0,2.0,0.0,0.0,,0.0,3.0,0.0,,9.0,27.0
2023,2021012965,2023-06-01,2000126.0,内 星龍,69.0,,376,,,,,,,,,,,,,,,,,,,6.0,1.0,0.0,2.0,1.0,2.25,1.0,1.0,,,0.0,2.0,2.0,2.0,1.0,,0.0,0.0,0.0,,5.0,11.0
2023,2021012965,2023-06-01,2103740.0,安田 悠馬,55.0,捕一,376,1.0,1.0,4.0,4.0,0.0,2.0,0.0,0.0,0.0,0.0,0.0,,0.0,1.0,0.0,0.0,0.0,0.0,,,,,,,,,,,,,,,,,,,,,,
2023,2021012965,2023-06-01,2103955.0,宮森 智志,72.0,,376,,,,,,,,,,,,,,,,,,,3.0,1.0,0.0,0.0,2.0,7.07,0.0,0.0,,,0.0,4.0,4.0,4.0,0.0,,1.0,0.0,0.0,,5.0,26.0
2023,2021012965,2023-06-01,2105038.0,伊藤 茉央,41.0,,376,,,,,,,,,,,,,,,,,,,2.0,1.0,0.0,1.0,0.0,3.38,0.6666666666666666,0.2,,,0.0,0.0,0.0,0.0,0.0,,1.0,0.0,0.0,,3.0,9.0
2023,2021012966,2023-06-01,12102.0,栗山 巧,1.0,指,7,1.0,1.0,4.0,4.0,0.0,0.0,0.0,0.0,0.0,0.0,0.0,,0.0,1.0,0.0,0.0,0.0,0.0,,,,,,,,,,,,,,,,,,,,,,
2023,2021012966,2023-06-01,1200082.0,増田 達至,14.0,,7,,,,,,,,,,,,,,,,,,,5.0,1.0,0.0,1.0,1.0,5.52,1.0,1.0,,,8.0,0.0,0.0,0.0,0.0,,1.0,1.0,0.0,,4.0,12.0
2023,2021012966,2023-06-01,1300042.0,渡邉 諒,25.0,指,5,1.0,1.0,4.0,4.0,0.0,1.0,0.0,0.0,0.0,1.0,0.0,,0.0,0.0,0.0,0.0,0.0,0.0,,,,,,,,,,,,,,,,,,,,,,
2023,2021012966,2023-06-01,1300073.0,梅野 隆太郎,2.0,捕,5,1.0,0.0,1.0,0.0,0.0,0.0,0.0,0.0,0.0,0.0,0.0,,1.0,0.0,0.0,0.0,0.0,0.0,,,,,,,,,,,,,,,,,,,,,,
2023,2021012966,2023-06-01,1300076.0,加治屋 蓮,54.0,,5,,,,,,,,,,,,,,,,,,,3.0,1.0,0.0,0.0,0.0,0.0,1.0,1.0,,,1.0,1.0,0.0,0.0,0.0,,0.0,1.0,0.0,,4.0,13.0
2023,2021012966,2023-06-01,1400184.0,外崎 修汰,5.0,二,7,1.0,1.0,4.0,3.0,0.0,0.0,0.0,0.0,0.0,0.0,2.0,,1.0,2.0,0.0,0.0,0.0,0.0,,,,,,,,,,,,,,,,,,,,,,
2023,2021012966,2023-06-01,1500087.0,坂本 誠志郎,12.0,捕,5,1.0,1.0,2.0,1.0,0.0,0.0,0.0,0.0,0.0,0.0,0.0,,1.0,0.0,0.0,0.0,0.0,0.0,,,,,,,,,,,,,,,,,,,,,,
2023,2021012966,2023-06-01,1500100.0,川越 誠司,72.0,右,7,1.0,1.0,4.0,4.0,1.0,1.0,0.0,0.0,1.0,2.0,0.0,,0.0,1.0,0.0,0.0,0.0,0.0,,,,,,,,,,,,,,,,,,,,,,
2023,2021012966,2023-06-01,1600113.0,大山 悠輔,3.0,一,5,1.0,1.0,4.0,3.0,1.0,1.0,1.0,0.0,0.0,0.0,0.0,,1.0,1.0,0.0,0.0,0.0,0.0,,,,,,,,,,,,,,,,,,,,,,
2023,2021012966,2023-06-01,1600116.0,浜地 真澄,36.0,,5,,,,,,,,,,,,,,,,,,,4.0,1.0,0.0,1.0,1.0,7.5,1.0,1.0,,,0.0,0.0,0.0,0.0,0.0,,1.0,1.0,0.0,,4.0,13.0
2023,2021012966,2023-06-01,1600129.0,源田 壮亮,6.0,遊,7,1.0,1.0,4.0,3.0,1.0,1.0,1.0,0.0,0.0,0.0,0.0,,1.0,0.0,0.0,0.0,0.0,0.0,,,,,,,,,,,,,,,,,,,,,,
2023,2021012966,2023-06-01,1600130.0,鈴木 将平,46.0,左,7,1.0,1.0,3.0,3.0,1.0,1.0,0.0,0.0,0.0,0.0,0.0,,0.0,1.0,0.0,0.0,0.0,0.0,,,,,,,,,,,,,,,,,,,,,,
2023,2021012966,2023-06-01,1600131.0,平井 克典,25.0,,7,,,,,,,,,,,,,,,,,,,3.0,1.0,0.0,2.0,1.0,1.4,1.0,1.0,,,0.0,1.0,1.0,1.0,0.0,,0.0,0.0,0.0,,4.0,18.0
2023,2021012966,2023-06-01,1800065.0,近本 光司,5.0,中,5,1.0,1.0,5.0,5.0,0.0,1.0,0.0,0.0,0.0,0.0,1.0,,0.0,1.0,0.0,0.0,0.0,0.0,,,,,,,,,,,,,,,,,,,,,,
2023,2021012966,2023-06-01,1800067.0,木浪 聖也,0.0,遊,5,1.0,1.0,4.0,4.0,0.0,0.0,0.0,0.0,0.0,0.0,0.0,,0.0,1.0,0.0,0.0,0.0,0.0,,,,,,,,,,,,,,,,,,,,,,
2023,2021012966,2023-06-01,1800086.0,佐藤 龍世,58.0,三,7,1.0,0.0,0.0,0.0,0.0,0.0,0.0,0.0,0.0,0.0,0.0,,0.0,0.0,0.0,0.0,0.0,0.0,,,,,,,,,,,,,,,,,,,,,,
2023,2021012966,2023-06-01,1850183.0,森下 翔太,1.0,右,5,1.0,1.0,4.0,4.0,1.0,2.0,1.0,0.0,0.0,0.0,0.0,,0.0,0.0,0.0,0.0,0.0,0.0,,,,,,,,,,,,,,,,,,,,,,
2023,2021012966,2023-06-01,1900061.0,宮川 哲,15.0,,7,,,,,,,,,,,,,,,,,,,1.0,1.0,,1.0,0.0,1.8,5.0,5.0,,,0.0,5.0,1.0,1.0,0.0,,4.0,3.0,0.0,,21.0,74.0
2023,2021012966,2023-06-01,1900065.0,柘植 世那,37.0,捕,7,1.0,1.0,3.0,3.0,0.0,1.0,1.0,0.0,0.0,2.0,0.0,,0.0,0.0,0.0,0.0,0.0,0.0,,,,,,,,,,,,,,,,,,,,,,
2023,2021012966,2023-06-01,1961030.0,ティノコ,54.0,,7,,,,,,,,,,,,,,,,,,,2.0,1.0,0.0,0.0,1.0,2.89,1.0,1.0,,,0.0,0.0,0.0,0.0,0.0,,0.0,2.0,0.0,,3.0,16.0
2023,2021012966,2023-06-01,1961194.0,K.ケラー,42.0,,5,,,,,,,,,,,,,,,,,,,2.0,1.0,0.0,1.0,0.0,2.31,1.0,1.0,,,0.0,0.0,0.0,0.0,0.0,,0.0,2.0,0.0,,3.0,15.0
2023,2021012966,2023-06-01,1961251.0,ミエセス,55.0,打,5,1.0,0.0,1.0,0.0,0.0,0.0,0.0,0.0,0.0,1.0,0.0,,0.0,0.0,0.0,0.0,1.0,0.0,,,,,,,,,,,,,,,,,,,,,,
2023,2021012966,2023-06-01,1961285.0,ノイジー,7.0,左,5,1.0,1.0,4.0,4.0,0.0,0.0,0.0,0.0,0.0,0.0,0.0,,0.0,1.0,0.0,0.0,0.0,0.0,,,,,,,,,,,,,,,,,,,,,,
2023,2021012966,2023-06-01,2000051.0,佐藤 輝明,8.0,三,5,1.0,1.0,4.0,3.0,0.0,0.0,0.0,0.0,0.0,0.0,0.0,,1.0,1.0,0.0,0.0,0.0,0.0,,,,,,,,,,,,,,,,,,,,,,
2023,2021012966,2023-06-01,2000052.0,伊藤 将司,27.0,,5,,,,,,,,,,,,,,,,,,,1.0,1.0,,2.0,1.0,2.43,5.0,5.0,,,0.0,5.0,4.0,4.0,1.0,,2.0,4.0,0.0,,22.0,92.0
2023,2021012966,2023-06-01,2000056.0,中野 拓夢,51.0,二,5,1.0,1.0,4.0,2.0,0.0,1.0,0.0,0.0,0.0,0.0,0.0,,2.0,1.0,0.0,0.0,0.0,0.0,,,,,,,,,,,,,,,,,,,,,,
2023,2021012966,2023-06-01,2000067.0,渡部 健人,8.0,一,7,1.0,1.0,4.0,4.0,0.0,0.0,0.0,0.0,0.0,0.0,0.0,,0.0,1.0,0.0,0.0,0.0,1.0,,,,,,,,,,,,,,,,,,,,,,
2023,2021012966,2023-06-01,2000070.0,若林 楽人,35.0,中,7,1.0,1.0,3.0,3.0,0.0,1.0,1.0,0.0,0.0,0.0,0.0,,0.0,2.0,0.0,0.0,0.0,0.0,,,,,,,,,,,,,,,,,,,,,,
2023,2021012966,2023-06-01,2103714.0,佐藤 隼輔,19.0,,7,,,,,,,,,,,,,,,,,,,4.0,1.0,0.0,1.0,1.0,1.5,1.0,1.0,,,0.0,0.0,0.0,0.0,0.0,,1.0,0.0,0.0,,5.0,12.0
2023,2021012966,2023-06-01,2108196.0,マキノン,30.0,三,7,1.0,1.0,4.0,3.0,1.0,1.0,0.0,0.0,0.0,0.0,0.0,,1.0,0.0,0.0,0.0,0.0,0.0,,,,,,,,,,,,,,,,,,,,,,
2023,2021012967,2023-06-01,700003.0,坂本 勇人,6.0,遊,1,1.0,1.0,5.0,4.0,0.0,2.0,0.0,0.0,0.0,0.0,0.0,,1.0,2.0,0.0,0.0,0.0,1.0,,,,,,,,,,,,,,,,,,,,,,
2023,2021012967,2023-06-01,700027.0,梶谷 隆幸,13.0,打右,1,1.0,0.0,1.0,1.0,0.0,0.0,0.0,0.0,0.0,0.0,0.0,,0.0,0.0,0.0,0.0,0.0,0.0,,,,,,,,,,,,,,,,,,,,,,
2023,2021012967,2023-06-01,700087.0,角中 勝也,3.0,右,9,1.0,1.0,4.0,4.0,0.0,0.0,0.0,0.0,0.0,0.0,0.0,,0.0,1.0,0.0,0.0,0.0,0.0,,,,,,,,,,,,,,,,,,,,,,
2023,2021012967,2023-06-01,800043.0,丸 佳浩,8.0,右中,1,1.0,1.0,5.0,5.0,1.0,2.0,0.0,0.0,0.0,0.0,0.0,,0.0,2.0,0.0,0.0,0.0,0.0,,,,,,,,,,,,,,,,,,,,,,
2023,2021012967,2023-06-01,800054.0,中田 翔,10.0,指,1,1.0,1.0,5.0,5.0,0.0,1.0,0.0,0.0,0.0,0.0,0.0,,0.0,0.0,0.0,0.0,0.0,0.0,,,,,,,,,,,,,,,,,,,,,,
2023,2021012967,2023-06-01,1300044.0,岡 大海,25.0,中,9,1.0,1.0,5.0,3.0,1.0,2.0,0.0,0.0,0.0,0.0,0.0,,2.0,0.0,0.0,0.0,0.0,0.0,,,,,,,,,,,,,,,,,,,,,,
2023,2021012967,2023-06-01,1400101.0,岡本 和真,25.0,一,1,1.0,1.0,5.0,4.0,1.0,2.0,1.0,0.0,1.0,3.0,0.0,,1.0,1.0,0.0,0.0,0.0,0.0,,,,,,,,,,,,,,,,,,,,,,
2023,2021012967,2023-06-01,1400188.0,中村 奨吾,8.0,二,9,1.0,1.0,4.0,2.0,0.0,0.0,0.0,0.0,0.0,0.0,1.0,,1.0,1.0,0.0,1.0,0.0,0.0,,,,,,,,,,,,,,,,,,,,,,
2023,2021012967,2023-06-01,1400190.0,岩下 大輝,46.0,,9,,,,,,,,,,,,,,,,,,,2.0,1.0,0.0,1.0,0.0,0.0,2.0,2.0,,,0.0,2.0,0.0,0.0,0.0,,0.0,4.0,0.0,,8.0,37.0
2023,2021012967,2023-06-01,1460080.0,ポランコ,22.0,指,9,1.0,1.0,4.0,3.0,0.0,0.0,0.0,0.0,0.0,1.0,0.0,,0.0,2.0,0.0,0.0,1.0,0.0,,,,,,,,,,,,,,,,,,,,,,
2023,2021012967,2023-06-01,1500047.0,重信 慎之介,43.0,左,1,1.0,0.0,1.0,1.0,0.0,1.0,0.0,0.0,0.0,0.0,0.0,,0.0,0.0,0.0,0.0,0.0,0.0,,,,,,,,,,,,,,,,,,,,,,
2023,2021012967,2023-06-01,1500052.0,中川 皓太,41.0,,1,,,,,,,,,,,,,,,,,,,2.0,1.0,0.0,0.0,0.0,5.79,1.0,1.0,,,0.0,0.0,0.0,0.0,0.0,,0.0,1.0,0.0,,3.0,18.0
2023,2021012967,2023-06-01,1500141.0,茶谷 健太,67.0,打一,9,1.0,0.0,3.0,3.0,1.0,1.0,0.0,1.0,0.0,0.0,0.0,,0.0,1.0,0.0,0.0,0.0,0.0,,,,,,,,,,,,,,,,,,,,,,
2023,2021012967,2023-06-01,1600059.0,吉川 尚輝,2.0,二,1,1.0,1.0,4.0,4.0,0.0,0.0,0.0,0.0,0.0,0.0,0.0,,0.0,0.0,0.0,0.0,0.0,0.0,,,,,,,,,,,,,,,,,,,,,,
2023,2021012967,2023-06-01,1700026.0,西村 天裕,40.0,,9,,,,,,,,,,,,,,,,,,,5.0,1.0,0.0,0.0,0.0,0.0,2.0,2.0,,,0.0,1.0,0.0,0.0,0.0,,1.0,0.0,0.0,,7.0,29.0
2023,2021012967,2023-06-01,1700044.0,大城 卓三,24.0,捕,1,1.0,1.0,4.0,3.0,0.0,1.0,0.0,0.0,0.0,0.0,0.0,,1.0,0.0,0.0,0.0,0.0,0.0,,,,,,,,,,,,,,,,,,,,,,
2023,2021012967,2023-06-01,1700092.0,安田 尚憲,5.0,三,9,1.0,1.0,4.0,4.0,0.0,2.0,1.0,0.0,0.0,0.0,0.0,,0.0,0.0,0.0,0.0,0.0,0.0,,,,,,,,,,,,,,,,,,,,,,
2023,2021012967,2023-06-01,1700093.0,藤岡 裕大,4.0,遊,9,1.0,1.0,5.0,3.0,0.0,1.0,0.0,0.0,0.0,0.0,0.0,,2.0,1.0,0.0,0.0,0.0,0.0,,,,,,,,,,,,,,,,,,,,,,
2023,2021012967,2023-06-01,1800037.0,坂本 光士郎,36.0,,9,,,,,,,,,,,,,,,,,,,3.0,1.0,0.0,0.0,0.0,2.16,1.3333333333333333,1.1,,,0.0,1.0,0.0,0.0,0.0,,1.0,2.0,0.0,,6.0,29.0
2023,2021012967,2023-06-01,1800051.0,東妻 勇輔,24.0,,9,,,,,,,,,,,,,,,,,,,4.0,1.0,0.0,0.0,1.0,2.08,0.6666666666666666,0.2,,,0.0,0.0,0.0,0.0,0.0,,1.0,0.0,0.0,,3.0,9.0
2023,2021012967,2023-06-01,1800053.0,山口 航輝,51.0,左,9,1.0,1.0,4.0,4.0,0.0,0.0,0.0,0.0,0.0,0.0,0.0,,0.0,1.0,0.0,0.0,0.0,0.0,,,,,,,,,,,,,,,,,,,,,,
2023,2021012967,2023-06-01,1860031.0,ブリンソン,42.0,中,1,1.0,1.0,3.0,3.0,0.0,0.0,0.0,0.0,0.0,0.0,0.0,,0.0,1.0,0.0,0.0,0.0,0.0,,,,,,,,,,,,,,,,,,,,,,
2023,2021012967,2023-06-01,1900081.0,佐藤 都志也,32.0,一捕,9,1.0,1.0,4.0,4.0,0.0,0.0,0.0,0.0,0.0,0.0,0.0,,0.0,1.0,0.0,0.0,0.0,0.0,,,,,,,,,,,,,,,,,,,,,,
2023,2021012967,2023-06-01,1900086.0,植田 将太,45.0,捕,9,1.0,1.0,1.0,1.0,0.0,0.0,0.0,0.0,0.0,0.0,0.0,,0.0,1.0,0.0,0.0,0.0,0.0,,,,,,,,,,,,,,,,,,,,,,
2023,2021012967,2023-06-01,2000006.0,山崎 伊織,19.0,,1,,,,,,,,,,,,,,,,,,,1.0,1.0,,4.0,1.0,3.86,7.0,7.0,,,0.0,5.0,1.0,1.0,0.0,,4.0,6.0,0.0,,30.0,119.0
2023,2021012967,2023-06-01,2000009.0,秋広 優人,55.0,左,1,1.0,1.0,4.0,4.0,1.0,2.0,0.0,0.0,0.0,0.0,0.0,,0.0,0.0,0.0,0.0,0.0,0.0,,,,,,,,,,,,,,,,,,,,,,
2023,2021012967,2023-06-01,2101291.0,カスティーヨ,41.0,,9,,,,,,,,,,,,,,,,,,,1.0,1.0,,0.0,1.0,8.31,3.0,3.0,,,0.0,8.0,3.0,3.0,1.0,,0.0,1.0,0.0,,17.0,62.0
2023,2021012967,2023-06-01,2103697.0,大勢,15.0,,1,,,,,,,,,,,,,,,,,,,3.0,1.0,0.0,1.0,0.0,3.0,1.0,1.0,,,11.0,1.0,1.0,1.0,0.0,,1.0,2.0,0.0,,5.0,21.0
2023,2021012967,2023-06-01,2107874.0,門脇 誠,35.0,三,1,1.0,1.0,4.0,4.0,0.0,1.0,0.0,0.0,0.0,0.0,0.0,,0.0,1.0,0.0,0.0,0.0,0.0,,,,,,,,,,,,,,,,,,,,,,
2023,2021012968,2023-06-01,800041.0,松山 竜平,55.0,指,6,1.0,1.0,4.0,4.0,0.0,1.0,0.0,0.0,0.0,0.0,0.0,,0.0,0.0,0.0,0.0,0.0,0.0,,,,,,,,,,,,,,,,,,,,,,
2023,2021012968,2023-06-01,900430.0,堂林 翔太,7.0,右,6,1.0,1.0,3.0,3.0,0.0,0.0,0.0,0.0,0.0,0.0,0.0,,0.0,2.0,0.0,0.0,0.0,0.0,,,,,,,,,,,,,,,,,,,,,,
2023,2021012968,2023-06-01,1000150.0,秋山 翔吾,9.0,中,6,1.0,1.0,4.0,4.0,1.0,0.0,0.0,0.0,0.0,0.0,0.0,,0.0,0.0,0.0,0.0,0.0,0.0,,,,,,,,,,,,,,,,,,,,,,
2023,2021012968,2023-06-01,1100105.0,安達 了一,3.0,打二,11,1.0,0.0,1.0,1.0,1.0,1.0,0.0,0.0,0.0,0.0,0.0,,0.0,0.0,0.0,0.0,0.0,0.0,,,,,,,,,,,,,,,,,,,,,,
2023,2021012968,2023-06-01,1160424.0,ゴンザレス,8.0,三,11,1.0,1.0,4.0,4.0,0.0,2.0,0.0,0.0,0.0,0.0,0.0,,0.0,0.0,0.0,0.0,0.0,0.0,,,,,,,,,,,,,,,,,,,,,,
2023,2021012968,2023-06-01,1300049.0,石川 亮,37.0,捕,11,1.0,0.0,0.0,0.0,0.0,0.0,0.0,0.0,0.0,0.0,0.0,,0.0,0.0,0.0,0.0,0.0,0.0,,,,,,,,,,,,,,,,,,,,,,
2023,2021012968,2023-06-01,1300059.0,田中 広輔,2.0,遊,6,1.0,1.0,4.0,4.0,0.0,2.0,0.0,0.0,0.0,0.0,0.0,,0.0,0.0,0.0,0.0,0.0,0.0,,,,,,,,,,,,,,,,,,,,,,
2023,2021012968,2023-06-01,1300100.0,森 友哉,4.0,指,11,1.0,1.0,5.0,4.0,0.0,2.0,1.0,0.0,0.0,2.0,1.0,,0.0,0.0,1.0,0.0,0.0,0.0,,,,,,,,,,,,,,,,,,,,,,
2023,2021012968,2023-06-01,1300109.0,若月 健矢,2.0,捕,11,1.0,1.0,4.0,4.0,2.0,1.0,0.0,0.0,0.0,0.0,0.0,,0.0,0.0,0.0,0.0,0.0,0.0,,,,,,,,,,,,,,,,,,,,,,
2023,2021012968,2023-06-01,1400102.0,戸根 千明,49.0,,6,,,,,,,,,,,,,,,,,,,4.0,1.0,0.0,1.0,0.0,2.63,1.0,1.0,,,0.0,2.0,1.0,0.0,0.0,,0.0,0.0,0.0,,5.0,24.0
2023,2021012968,2023-06-01,1400174.0,薮田 和樹,23.0,,6,,,,,,,,,,,,,,,,,,,5.0,1.0,0.0,0.0,0.0,9.0,1.0,1.0,,,0.0,4.0,4.0,4.0,1.0,,2.0,0.0,2.0,,10.0,47.0
2023,2021012968,2023-06-01,1400197.0,佐野 皓大,41.0,中,11,1.0,0.0,0.0,0.0,0.0,0.0,0.0,0.0,0.0,0.0,0.0,,0.0,0.0,0.0,0.0,0.0,0.0,,,,,,,,,,,,,,,,,,,,,,
2023,2021012968,2023-06-01,1400202.0,小田 裕也,50.0,左,11,1.0,0.0,2.0,1.0,0.0,1.0,1.0,0.0,0.0,1.0,0.0,,0.0,0.0,1.0,0.0,0.0,0.0,,,,,,,,,,,,,,,,,,,,,,
2023,2021012968,2023-06-01,1450639.0,小木田 敦也,56.0,,11,,,,,,,,,,,,,,,,,,,4.0,1.0,0.0,1.0,0.0,3.6,1.0,1.0,,,0.0,2.0,1.0,1.0,0.0,,0.0,1.0,0.0,,5.0,16.0
2023,2021012968,2023-06-01,1500041.0,廣岡 大志,30.0,中三,11,1.0,1.0,5.0,3.0,2.0,0.0,0.0,0.0,0.0,0.0,0.0,,2.0,0.0,0.0,0.0,0.0,0.0,,,,,,,,,,,,,,,,,,,,,,
2023,2021012968,2023-06-01,1500096.0,西川 龍馬,5.0,左,6,1.0,1.0,4.0,4.0,0.0,1.0,0.0,0.0,0.0,0.0,1.0,,0.0,1.0,0.0,0.0,0.0,0.0,,,,,,,,,,,,,,,,,,,,,,
2023,2021012968,2023-06-01,1600124.0,坂倉 将吾,31.0,捕,6,1.0,1.0,4.0,3.0,0.0,2.0,0.0,0.0,0.0,1.0,0.0,,1.0,0.0,0.0,0.0,0.0,0.0,,,,,,,,,,,,,,,,,,,,,,
2023,2021012968,2023-06-01,1600155.0,山崎 颯一郎,63.0,,11,,,,,,,,,,,,,,,,,,,3.0,1.0,0.0,0.0,0.0,1.99,1.0,1.0,,,0.0,0.0,0.0,0.0,0.0,,0.0,1.0,0.0,,3.0,11.0
2023,2021012968,2023-06-01,1650187.0,中村 貴浩,97.0,打,6,1.0,0.0,1.0,0.0,0.0,0.0,0.0,0.0,0.0,1.0,0.0,,0.0,0.0,0.0,0.0,1.0,0.0,,,,,,,,,,,,,,,,,,,,,,
2023,2021012968,2023-06-01,1700112.0,本田 仁海,46.0,,11,,,,,,,,,,,,,,,,,,,2.0,1.0,0.0,1.0,0.0,2.95,1.0,1.0,,,0.0,0.0,0.0,0.0,0.0,,0.0,1.0,0.0,,3.0,11.0
2023,2021012968,2023-06-01,1800074.0,林 晃汰,44.0,一,6,1.0,1.0,4.0,4.0,0.0,0.0,0.0,0.0,0.0,0.0,0.0,,0.0,3.0,0.0,0.0,0.0,0.0,,,,,,,,,,,,,,,,,,,,,,
2023,2021012968,2023-06-01,1800078.0,羽月 隆太郎,69.0,二,6,1.0,1.0,3.0,3.0,0.0,0.0,0.0,0.0,0.0,0.0,0.0,,0.0,2.0,0.0,0.0,0.0,0.0,,,,,,,,,,,,,,,,,,,,,,
2023,2021012968,2023-06-01,1800099.0,頓宮 裕真,44.0,一,11,1.0,1.0,5.0,4.0,0.0,0.0,0.0,0.0,0.0,0.0,0.0,,1.0,0.0,0.0,0.0,0.0,0.0,,,,,,,,,,,,,,,,,,,,,,
2023,2021012968,2023-06-01,1800102.0,宜保 翔,53.0,二,11,1.0,1.0,3.0,2.0,0.0,1.0,0.0,0.0,0.0,0.0,0.0,,0.0,0.0,0.0,1.0,0.0,1.0,,,,,,,,,,,,,,,,,,,,,,
2023,2021012968,2023-06-01,1800104.0,中川 圭太,67.0,左,11,1.0,1.0,3.0,2.0,0.0,1.0,0.0,0.0,0.0,0.0,0.0,,1.0,0.0,0.0,0.0,0.0,0.0,,,,,,,,,,,,,,,,,,,,,,
2023,2021012968,2023-06-01,1900055.0,韮澤 雄也,54.0,三,6,1.0,1.0,4.0,4.0,0.0,0.0,0.0,0.0,0.0,0.0,0.0,,0.0,1.0,0.0,0.0,0.0,1.0,,,,,,,,,,,,,,,,,,,,,,
2023,2021012968,2023-06-01,1900088.0,紅林 弘太郎,24.0,遊,11,1.0,1.0,4.0,3.0,1.0,2.0,0.0,0.0,0.0,0.0,0.0,,1.0,0.0,0.0,0.0,0.0,0.0,,,,,,,,,,,,,,,,,,,,,,
2023,2021012968,2023-06-01,1900134.0,コルニエル,98.0,,6,,,,,,,,,,,,,,,,,,,1.0,1.0,,0.0,4.0,4.86,4.666666666666667,4.2,,,0.0,6.0,4.0,4.0,0.0,,1.0,1.0,0.0,,20.0,85.0
2023,2021012968,2023-06-01,2000061.0,森浦 大輔,13.0,,6,,,,,,,,,,,,,,,,,,,3.0,1.0,0.0,0.0,0.0,0.0,1.0,1.0,,,0.0,1.0,0.0,0.0,0.0,,1.0,0.0,0.0,,4.0,16.0
2023,2021012968,2023-06-01,2000062.0,大道 温貴,12.0,,6,,,,,,,,,,,,,,,,,,,2.0,1.0,0.0,0.0,0.0,6.17,0.3333333333333333,0.1,,,0.0,1.0,0.0,0.0,0.0,,1.0,0.0,0.0,,3.0,20.0
2023,2021012968,2023-06-01,2000065.0,矢野 雅哉,61.0,走指,6,1.0,0.0,0.0,0.0,1.0,0.0,0.0,0.0,0.0,0.0,0.0,,0.0,0.0,0.0,0.0,0.0,0.0,,,,,,,,,,,,,,,,,,,,,,
2023,2021012968,2023-06-01,2000096.0,山下 舜平大,12.0,,11,,,,,,,,,,,,,,,,,,,1.0,1.0,,5.0,0.0,0.84,6.0,6.0,,,0.0,4.0,1.0,0.0,0.0,,1.0,6.0,0.0,,24.0,99.0
2023,2021012968,2023-06-01,2107897.0,茶野 篤政,61.0,右,11,1.0,1.0,5.0,5.0,3.0,3.0,0.0,0.0,1.0,6.0,1.0,,0.0,1.0,0.0,0.0,0.0,0.0,,,,,,,,,,,,,,,,,,,,,,
2023,2021012968,2023-06-01,2108913.0,セデーニョ,40.0,打,11,1.0,0.0,1.0,1.0,0.0,0.0,0.0,0.0,0.0,0.0,0.0,,0.0,0.0,0.0,0.0,0.0,0.0,,,,,,,,,,,,,,,,,,,,,,
2023,2021012969,2023-06-01,800081.0,中村 晃,7.0,一,12,1.0,1.0,5.0,5.0,1.0,2.0,0.0,0.0,0.0,0.0,0.0,,0.0,0.0,0.0,0.0,0.0,0.0,,,,,,,,,,,,,,,,,,,,,,
2023,2021012969,2023-06-01,900410.0,大島 洋平,8.0,指,4,1.0,1.0,4.0,4.0,1.0,1.0,0.0,0.0,0.0,0.0,0.0,,0.0,0.0,0.0,0.0,0.0,0.0,,,,,,,,,,,,,,,,,,,,,,
2023,2021012969,2023-06-01,1000128.0,柳田 悠岐,9.0,指,12,1.0,1.0,5.0,4.0,1.0,1.0,1.0,0.0,0.0,1.0,0.0,,1.0,1.0,0.0,0.0,0.0,0.0,,,,,,,,,,,,,,,,,,,,,,
2023,2021012969,2023-06-01,1000175.0,牧原 大成,8.0,二,12,1.0,1.0,5.0,5.0,1.0,1.0,0.0,0.0,0.0,0.0,0.0,,0.0,1.0,0.0,0.0,0.0,0.0,,,,,,,,,,,,,,,,,,,,,,
2023,2021012969,2023-06-01,1000176.0,甲斐 拓也,19.0,捕,12,1.0,1.0,3.0,3.0,0.0,0.0,0.0,0.0,0.0,0.0,0.0,,0.0,2.0,0.0,0.0,0.0,0.0,,,,,,,,,,,,,,,,,,,,,,
2023,2021012969,2023-06-01,1100069.0,高橋 周平,3.0,三,4,1.0,0.0,1.0,1.0,0.0,1.0,1.0,0.0,0.0,1.0,0.0,,0.0,0.0,0.0,0.0,0.0,0.0,,,,,,,,,,,,,,,,,,,,,,
2023,2021012969,2023-06-01,1100097.0,近藤 健介,3.0,左,12,1.0,1.0,5.0,4.0,2.0,2.0,1.0,0.0,0.0,0.0,0.0,,1.0,1.0,0.0,0.0,0.0,0.0,,,,,,,,,,,,,,,,,,,,,,
2023,2021012969,2023-06-01,1100119.0,嘉弥真 新也,57.0,,12,,,,,,,,,,,,,,,,,,,6.0,1.0,0.0,0.0,0.0,6.14,0.3333333333333333,0.1,,,0.0,0.0,0.0,0.0,0.0,,0.0,0.0,0.0,,1.0,4.0
2023,2021012969,2023-06-01,1200097.0,加藤 翔平,52.0,走左,4,1.0,0.0,1.0,1.0,0.0,0.0,0.0,0.0,0.0,0.0,0.0,,0.0,0.0,0.0,0.0,0.0,0.0,,,,,,,,,,,,,,,,,,,,,,
2023,2021012969,2023-06-01,1300066.0,祖父江 大輔,33.0,,4,,,,,,,,,,,,,,,,,,,4.0,1.0,0.0,2.0,1.0,0.87,1.0,1.0,,,0.0,0.0,0.0,0.0,0.0,,0.0,1.0,0.0,,3.0,11.0
2023,2021012969,2023-06-01,1400126.0,松本 裕樹,66.0,,12,,,,,,,,,,,,,,,,,,,2.0,1.0,0.0,0.0,1.0,4.2,0.6666666666666666,0.2,,,0.0,0.0,0.0,0.0,0.0,,0.0,1.0,0.0,,2.0,8.0
2023,2021012969,2023-06-01,1400127.0,栗原 陵矢,24.0,三,12,1.0,1.0,4.0,4.0,0.0,2.0,0.0,0.0,0.0,0.0,0.0,,0.0,0.0,0.0,0.0,0.0,0.0,,,,,,,,,,,,,,,,,,,,,,
2023,2021012969,2023-06-01,1500076.0,木下 拓哉,35.0,捕,4,1.0,1.0,4.0,4.0,0.0,1.0,0.0,0.0,0.0,0.0,0.0,,0.0,0.0,0.0,0.0,0.0,0.0,,,,,,,,,,,,,,,,,,,,,,
2023,2021012969,2023-06-01,1500077.0,福 敬登,34.0,,4,,,,,,,,,,,,,,,,,,,2.0,1.0,0.0,1.0,0.0,1.93,0.3333333333333333,0.1,,,0.0,1.0,2.0,1.0,0.0,,1.0,0.0,0.0,,3.0,10.0
2023,2021012969,2023-06-01,1500140.0,谷川原 健太,45.0,打捕,12,1.0,0.0,1.0,1.0,0.0,0.0,0.0,0.0,0.0,0.0,0.0,,0.0,0.0,0.0,0.0,0.0,0.0,,,,,,,,,,,,,,,,,,,,,,
2023,2021012969,2023-06-01,1500143.0,川瀬 晃,0.0,遊,12,1.0,1.0,4.0,4.0,0.0,0.0,0.0,0.0,0.0,0.0,0.0,,0.0,0.0,0.0,0.0,0.0,0.0,,,,,,,,,,,,,,,,,,,,,,
2023,2021012969,2023-06-01,1550517.0,大津 亮介,26.0,,12,,,,,,,,,,,,,,,,,,,4.0,1.0,0.0,0.0,0.0,3.12,1.0,1.0,,,0.0,4.0,1.0,1.0,1.0,,0.0,0.0,0.0,,6.0,27.0
2023,2021012969,2023-06-01,1600021.0,ビシエド,66.0,一,4,1.0,1.0,4.0,3.0,1.0,0.0,0.0,0.0,0.0,0.0,0.0,,1.0,0.0,0.0,0.0,0.0,0.0,,,,,,,,,,,,,,,,,,,,,,
2023,2021012969,2023-06-01,1600085.0,細川 成也,0.0,右,4,1.0,1.0,5.0,5.0,0.0,2.0,1.0,0.0,0.0,2.0,0.0,,0.0,2.0,0.0,0.0,0.0,0.0,,,,,,,,,,,,,,,,,,,,,,
2023,2021012969,2023-06-01,1600106.0,柳 裕也,17.0,,4,,,,,,,,,,,,,,,,,,,1.0,1.0,,1.0,4.0,2.78,6.0,6.0,,,0.0,8.0,3.0,3.0,0.0,,1.0,3.0,1.0,,28.0,110.0
2023,2021012969,2023-06-01,1700010.0,マルティネス,92.0,,4,,,,,,,,,,,,,,,,,,,5.0,1.0,0.0,1.0,1.0,0.0,1.0,1.0,,,13.0,1.0,0.0,0.0,0.0,,0.0,2.0,0.0,,4.0,13.0
2023,2021012969,2023-06-01,1700104.0,清水 達也,50.0,,4,,,,,,,,,,,,,,,,,,,3.0,1.0,0.0,1.0,1.0,2.16,0.6666666666666666,0.2,,,0.0,1.0,0.0,0.0,0.0,,0.0,1.0,0.0,,2.0,8.0
2023,2021012969,2023-06-01,1700135.0,周東 佑京,23.0,中,12,1.0,1.0,4.0,3.0,0.0,1.0,0.0,0.0,0.0,0.0,2.0,,0.0,1.0,1.0,0.0,0.0,0.0,,,,,,,,,,,,,,,,,,,,,,
2023,2021012969,2023-06-01,1750223.0,村松 開人,5.0,遊二,4,1.0,1.0,4.0,3.0,1.0,0.0,0.0,0.0,0.0,1.0,0.0,,1.0,0.0,0.0,0.0,0.0,0.0,,,,,,,,,,,,,,,,,,,,,,
2023,2021012969,2023-06-01,1800106.0,甲斐野 央,20.0,,12,,,,,,,,,,,,,,,,,,,3.0,1.0,0.0,0.0,0.0,0.0,1.0,1.0,,,0.0,0.0,0.0,0.0,0.0,,0.0,0.0,0.0,,3.0,12.0
2023,2021012969,2023-06-01,1800109.0,板東 湧梧,50.0,,12,,,,,,,,,,,,,,,,,,,7.0,1.0,0.0,1.0,0.0,2.7,1.0,1.0,,,0.0,0.0,0.0,0.0,0.0,,0.0,0.0,0.0,,3.0,7.0
2023,2021012969,2023-06-01,1900037.0,石川 昂弥,25.0,三,4,1.0,1.0,4.0,4.0,0.0,0.0,0.0,0.0,0.0,0.0,0.0,,0.0,1.0,0.0,0.0,0.0,0.0,,,,,,,,,,,,,,,,,,,,,,
2023,2021012969,2023-06-01,1900041.0,岡林 勇希,60.0,中,4,1.0,1.0,5.0,4.0,1.0,2.0,1.0,0.0,0.0,0.0,0.0,,1.0,1.0,0.0,0.0,0.0,1.0,,,,,,,,,,,,,,,,,,,,,,
2023,2021012969,2023-06-01,1900100.0,佐藤 直樹,30.0,走,12,1.0,0.0,0.0,0.0,0.0,0.0,0.0,0.0,0.0,0.0,0.0,,0.0,0.0,0.0,0.0,0.0,0.0,,,,,,,,,,,,,,,,,,,,,,
2023,2021012969,2023-06-01,1900102.0,津森 宥紀,11.0,,12,,,,,,,,,,,,,,,,,,,5.0,1.0,0.0,3.0,1.0,3.6,0.6666666666666666,0.2,,,0.0,1.0,1.0,1.0,0.0,,1.0,0.0,0.0,,4.0,19.0
2023,2021012969,2023-06-01,1900104.0,柳町 達,32.0,右,12,1.0,1.0,4.0,4.0,0.0,2.0,0.0,0.0,0.0,3.0,0.0,,0.0,1.0,0.0,0.0,0.0,0.0,,,,,,,,,,,,,,,,,,,,,,
2023,2021012969,2023-06-01,1900147.0,ガンケル,27.0,,12,,,,,,,,,,,,,,,,,,,1.0,1.0,,0.0,1.0,6.32,4.333333333333333,4.1,,,0.0,5.0,4.0,4.0,0.0,,2.0,3.0,1.0,,21.0,69.0
2023,2021012969,2023-06-01,2000044.0,龍空,45.0,遊,4,1.0,0.0,1.0,1.0,0.0,0.0,0.0,0.0,0.0,0.0,0.0,,0.0,0.0,0.0,0.0,0.0,0.0,,,,,,,,,,,,,,,,,,,,,,
2023,2021012969,2023-06-01,2103780.0,福永 裕基,68.0,二,4,1.0,1.0,3.0,2.0,2.0,2.0,0.0,0.0,1.0,2.0,0.0,,0.0,0.0,0.0,0.0,1.0,0.0,,,,,,,,,,,,,,,,,,,,,,
2023,2021012969,2023-06-01,2103840.0,ブライト 健太,42.0,左,4,1.0,1.0,4.0,2.0,0.0,1.0,0.0,0.0,0.0,0.0,0.0,,0.0,0.0,1.0,1.0,0.0,0.0,,,,,,,,,,,,,,,,,,,,,,
2023,2021012970,2023-06-02,700003.0,坂本 勇人,6.0,打遊,1,1.0,0.0,2.0,2.0,0.0,0.0,0.0,0.0,0.0,0.0,0.0,,0.0,0.0,0.0,0.0,0.0,0.0,,,,,,,,,,,,,,,,,,,,,,
2023,2021012970,2023-06-02,700027.0,梶谷 隆幸,13.0,右,1,1.0,1.0,4.0,4.0,1.0,2.0,0.0,0.0,1.0,1.0,0.0,,0.0,1.0,0.0,0.0,0.0,0.0,,,,,,,,,,,,,,,,,,,,,,
2023,2021012970,2023-06-02,800043.0,丸 佳浩,8.0,中,1,1.0,1.0,5.0,5.0,1.0,2.0,2.0,0.0,0.0,0.0,0.0,,0.0,0.0,0.0,0.0,0.0,0.0,,,,,,,,,,,,,,,,,,,,,,
2023,2021012970,2023-06-02,1100095.0,松本 剛,7.0,左,8,1.0,1.0,5.0,5.0,0.0,0.0,0.0,0.0,0.0,0.0,0.0,,0.0,0.0,0.0,0.0,0.0,0.0,,,,,,,,,,,,,,,,,,,,,,
2023,2021012970,2023-06-02,1200080.0,谷内 亮太,32.0,二,8,1.0,0.0,1.0,1.0,0.0,0.0,0.0,0.0,0.0,0.0,0.0,,0.0,0.0,0.0,0.0,0.0,0.0,,,,,,,,,,,,,,,,,,,,,,
2023,2021012970,2023-06-02,1251037.0,上川畑 大悟,4.0,遊,8,1.0,1.0,4.0,4.0,0.0,1.0,0.0,0.0,0.0,1.0,1.0,,0.0,2.0,0.0,0.0,0.0,0.0,,,,,,,,,,,,,,,,,,,,,,
2023,2021012970,2023-06-02,1400101.0,岡本 和真,25.0,一,1,1.0,1.0,4.0,3.0,0.0,0.0,0.0,0.0,0.0,0.0,0.0,,1.0,1.0,0.0,0.0,0.0,0.0,,,,,,,,,,,,,,,,,,,,,,
2023,2021012970,2023-06-02,1400170.0,江越 大賀,37.0,走中,8,1.0,0.0,1.0,1.0,0.0,1.0,1.0,0.0,0.0,0.0,0.0,,0.0,0.0,0.0,0.0,0.0,0.0,,,,,,,,,,,,,,,,,,,,,,
2023,2021012970,2023-06-02,1460315.0,アルカンタラ,6.0,二,8,1.0,1.0,4.0,4.0,1.0,2.0,0.0,0.0,0.0,0.0,1.0,,0.0,1.0,0.0,0.0,0.0,0.0,,,,,,,,,,,,,,,,,,,,,,
2023,2021012970,2023-06-02,1560396.0,ハンソン,94.0,打,8,1.0,0.0,1.0,1.0,1.0,1.0,0.0,0.0,1.0,1.0,0.0,,0.0,0.0,0.0,0.0,0.0,0.0,,,,,,,,,,,,,,,,,,,,,,
2023,2021012970,2023-06-02,1600059.0,吉川 尚輝,2.0,二,1,1.0,1.0,4.0,4.0,0.0,2.0,1.0,0.0,0.0,0.0,0.0,,0.0,0.0,0.0,0.0,0.0,1.0,,,,,,,,,,,,,,,,,,,,,,
2023,2021012970,2023-06-02,1600093.0,池田 隆英,52.0,投,8,1.0,0.0,0.0,0.0,0.0,0.0,0.0,0.0,0.0,0.0,0.0,,0.0,0.0,0.0,0.0,0.0,0.0,3.0,1.0,0.0,0.0,1.0,3.05,1.0,1.0,,,0.0,0.0,0.0,0.0,0.0,,0.0,1.0,0.0,,3.0,9.0
2023,2021012970,2023-06-02,1700043.0,岸田 行倫,27.0,走捕,1,1.0,0.0,0.0,0.0,0.0,0.0,0.0,0.0,0.0,0.0,0.0,,0.0,0.0,0.0,0.0,0.0,0.0,,,,,,,,,,,,,,,,,,,,,,
2023,2021012970,2023-06-02,1700044.0,大城 卓三,24.0,捕,1,1.0,1.0,4.0,4.0,0.0,1.0,0.0,0.0,0.0,0.0,0.0,,0.0,1.0,0.0,0.0,0.0,0.0,,,,,,,,,,,,,,,,,,,,,,
2023,2021012970,2023-06-02,1700140.0,ロドリゲス,41.0,投,8,1.0,0.0,0.0,0.0,0.0,0.0,0.0,0.0,0.0,0.0,0.0,,0.0,0.0,0.0,0.0,0.0,0.0,4.0,1.0,0.0,0.0,3.0,1.53,1.0,1.0,,,0.0,1.0,0.0,0.0,0.0,,0.0,0.0,0.0,,3.0,10.0
2023,2021012970,2023-06-02,1800008.0,マルティネス,2.0,捕,8,1.0,1.0,5.0,4.0,2.0,3.0,1.0,0.0,1.0,3.0,0.0,,1.0,0.0,0.0,0.0,0.0,0.0,,,,,,,,,,,,,,,,,,,,,,
2023,2021012970,2023-06-02,1800026.0,横川 凱,62.0,投,1,1.0,1.0,2.0,2.0,0.0,0.0,0.0,0.0,0.0,0.0,0.0,,0.0,1.0,0.0,0.0,0.0,0.0,1.0,1.0,,3.0,3.0,3.11,5.0,5.0,,,0.0,9.0,5.0,5.0,1.0,,0.0,2.0,0.0,,24.0,88.0
2023,2021012970,2023-06-02,1800091.0,野村 佑希,5.0,三,8,1.0,1.0,4.0,4.0,0.0,1.0,0.0,0.0,0.0,1.0,0.0,,0.0,0.0,0.0,0.0,0.0,0.0,,,,,,,,,,,,,,,,,,,,,,
2023,2021012970,2023-06-02,1800093.0,万波 中正,66.0,右,8,1.0,1.0,5.0,4.0,3.0,3.0,1.0,0.0,0.0,0.0,1.0,,1.0,0.0,0.0,0.0,0.0,0.0,,,,,,,,,,,,,,,,,,,,,,
2023,2021012970,2023-06-02,1860031.0,ブリンソン,42.0,打,1,1.0,0.0,1.0,1.0,0.0,0.0,0.0,0.0,0.0,0.0,0.0,,0.0,0.0,0.0,0.0,0.0,0.0,,,,,,,,,,,,,,,,,,,,,,
2023,2021012970,2023-06-02,1900070.0,河野 竜生,28.0,投,8,1.0,0.0,0.0,0.0,0.0,0.0,0.0,0.0,0.0,0.0,0.0,,0.0,0.0,0.0,0.0,0.0,0.0,2.0,1.0,0.0,0.0,1.0,1.1,0.3333333333333333,0.1,,,0.0,0.0,0.0,0.0,0.0,,0.0,0.0,0.0,,1.0,6.0
2023,2021012970,2023-06-02,1900073.0,鈴木 健矢,47.0,投,8,1.0,1.0,3.0,3.0,0.0,0.0,0.0,0.0,0.0,1.0,0.0,,0.0,1.0,0.0,0.0,0.0,0.0,1.0,1.0,,5.0,2.0,1.75,5.666666666666667,5.2,,,0.0,9.0,2.0,2.0,1.0,,1.0,3.0,0.0,,27.0,102.0
2023,2021012970,2023-06-02,1900084.0,福田 光輝,35.0,三,8,1.0,0.0,0.0,0.0,0.0,0.0,0.0,0.0,0.0,0.0,0.0,,0.0,0.0,0.0,0.0,0.0,0.0,,,,,,,,,,,,,,,,,,,,,,
2023,2021012970,2023-06-02,1961860.0,加藤 豪将,3.0,一,8,1.0,1.0,5.0,4.0,1.0,1.0,0.0,0.0,1.0,1.0,0.0,,1.0,0.0,0.0,0.0,0.0,0.0,,,,,,,,,,,,,,,,,,,,,,
2023,2021012970,2023-06-02,2000005.0,平内 龍太,11.0,投,1,1.0,0.0,0.0,0.0,0.0,0.0,0.0,0.0,0.0,0.0,0.0,,0.0,0.0,0.0,0.0,0.0,0.0,3.0,1.0,0.0,0.0,1.0,5.79,2.0,2.0,,,0.0,3.0,3.0,3.0,2.0,,1.0,1.0,0.0,,10.0,35.0
2023,2021012970,2023-06-02,2000007.0,中山 礼都,40.0,遊三,1,1.0,1.0,4.0,4.0,0.0,2.0,0.0,0.0,0.0,0.0,0.0,,0.0,0.0,0.0,0.0,0.0,0.0,,,,,,,,,,,,,,,,,,,,,,
2023,2021012970,2023-06-02,2000009.0,秋広 優人,55.0,左,1,1.0,1.0,4.0,4.0,0.0,2.0,1.0,0.0,0.0,1.0,0.0,,0.0,0.0,0.0,0.0,0.0,0.0,,,,,,,,,,,,,,,,,,,,,,
2023,2021012970,2023-06-02,2000082.0,細川 凌平,56.0,中三左,8,1.0,1.0,5.0,5.0,0.0,1.0,0.0,0.0,0.0,0.0,0.0,,0.0,0.0,0.0,0.0,0.0,0.0,,,,,,,,,,,,,,,,,,,,,,
2023,2021012970,2023-06-02,2103705.0,菊地 大稀,96.0,投,1,1.0,0.0,0.0,0.0,0.0,0.0,0.0,0.0,0.0,0.0,0.0,,0.0,0.0,0.0,0.0,0.0,0.0,4.0,1.0,0.0,1.0,1.0,6.1,1.0,1.0,,,0.0,1.0,0.0,0.0,0.0,,2.0,0.0,0.0,,5.0,20.0
2023,2021012970,2023-06-02,2105013.0,萩尾 匡也,12.0,打,1,1.0,0.0,1.0,1.0,0.0,0.0,0.0,0.0,0.0,0.0,0.0,,0.0,1.0,0.0,0.0,0.0,0.0,,,,,,,,,,,,,,,,,,,,,,
2023,2021012970,2023-06-02,2106284.0,矢澤 宏太,12.0,左投,8,1.0,0.0,0.0,0.0,0.0,0.0,0.0,0.0,0.0,0.0,0.0,,0.0,0.0,0.0,0.0,0.0,0.0,5.0,1.0,0.0,0.0,0.0,0.0,1.0,1.0,,,0.0,1.0,0.0,0.0,0.0,,0.0,1.0,0.0,,4.0,11.0
2023,2021012970,2023-06-02,2107874.0,門脇 誠,35.0,三,1,1.0,1.0,3.0,3.0,0.0,0.0,0.0,0.0,0.0,0.0,0.0,,0.0,0.0,0.0,0.0,0.0,0.0,,,,,,,,,,,,,,,,,,,,,,
2023,2021012970,2023-06-02,2107899.0,田中 千晴,48.0,投,1,1.0,0.0,0.0,0.0,0.0,0.0,0.0,0.0,0.0,0.0,0.0,,0.0,0.0,0.0,0.0,0.0,0.0,2.0,1.0,0.0,1.0,3.0,5.93,1.0,1.0,,,0.0,1.0,0.0,0.0,0.0,,0.0,1.0,0.0,,4.0,15.0
2023,2021012973,2023-06-02,900410.0,大島 洋平,8.0,左,4,1.0,1.0,5.0,4.0,0.0,0.0,0.0,0.0,0.0,0.0,0.0,,1.0,2.0,0.0,0.0,0.0,0.0,,,,,,,,,,,,,,,,,,,,,,
2023,2021012973,2023-06-02,1000010.0,比嘉 幹貴,35.0,投,11,1.0,0.0,0.0,0.0,0.0,0.0,0.0,0.0,0.0,0.0,0.0,,0.0,0.0,0.0,0.0,0.0,0.0,2.0,1.0,0.0,2.0,0.0,2.7,0.6666666666666666,0.2,,,0.0,1.0,0.0,0.0,0.0,,0.0,0.0,0.0,,3.0,8.0
2023,2021012973,2023-06-02,1000011.0,山田 修義,57.0,投,11,1.0,0.0,0.0,0.0,0.0,0.0,0.0,0.0,0.0,0.0,0.0,,0.0,0.0,0.0,0.0,0.0,0.0,3.0,1.0,0.0,0.0,0.0,2.08,1.0,1.0,,,0.0,0.0,0.0,0.0,0.0,,0.0,1.0,0.0,,2.0,17.0
2023,2021012973,2023-06-02,1100069.0,高橋 周平,3.0,三,4,1.0,1.0,4.0,3.0,0.0,2.0,0.0,0.0,0.0,0.0,0.0,,1.0,0.0,0.0,0.0,0.0,0.0,,,,,,,,,,,,,,,,,,,,,,
2023,2021012973,2023-06-02,1160424.0,ゴンザレス,8.0,二,11,1.0,1.0,4.0,4.0,0.0,0.0,0.0,0.0,0.0,0.0,0.0,,0.0,2.0,0.0,0.0,0.0,0.0,,,,,,,,,,,,,,,,,,,,,,
2023,2021012973,2023-06-02,1200059.0,溝脇 隼人,48.0,打,4,1.0,0.0,1.0,1.0,0.0,0.0,0.0,0.0,0.0,0.0,0.0,,0.0,1.0,0.0,0.0,0.0,0.0,,,,,,,,,,,,,,,,,,,,,,
2023,2021012973,2023-06-02,1200097.0,加藤 翔平,52.0,打,4,1.0,0.0,1.0,1.0,0.0,1.0,0.0,0.0,0.0,0.0,0.0,,0.0,0.0,0.0,0.0,0.0,0.0,,,,,,,,,,,,,,,,,,,,,,
2023,2021012973,2023-06-02,1300066.0,祖父江 大輔,33.0,投,4,1.0,0.0,0.0,0.0,0.0,0.0,0.0,0.0,0.0,0.0,0.0,,0.0,0.0,0.0,0.0,0.0,0.0,2.0,1.0,0.0,2.0,1.0,0.83,1.0,1.0,,,0.0,1.0,0.0,0.0,0.0,,0.0,1.0,0.0,,4.0,12.0
2023,2021012973,2023-06-02,1300100.0,森 友哉,4.0,捕,11,1.0,1.0,5.0,5.0,0.0,1.0,0.0,0.0,0.0,0.0,0.0,,0.0,0.0,0.0,0.0,0.0,0.0,,,,,,,,,,,,,,,,,,,,,,
2023,2021012973,2023-06-02,1400201.0,西野 真弘,5.0,三,11,1.0,0.0,1.0,1.0,0.0,0.0,0.0,0.0,0.0,0.0,0.0,,0.0,1.0,0.0,0.0,0.0,0.0,,,,,,,,,,,,,,,,,,,,,,
2023,2021012973,2023-06-02,1400202.0,小田 裕也,50.0,左,11,1.0,0.0,1.0,1.0,0.0,0.0,0.0,0.0,0.0,0.0,0.0,,0.0,0.0,0.0,0.0,0.0,0.0,,,,,,,,,,,,,,,,,,,,,,
2023,2021012973,2023-06-02,1500041.0,廣岡 大志,30.0,三一,11,1.0,1.0,5.0,5.0,0.0,1.0,0.0,0.0,0.0,0.0,0.0,,0.0,3.0,0.0,0.0,0.0,0.0,,,,,,,,,,,,,,,,,,,,,,
2023,2021012973,2023-06-02,1500074.0,小笠原 慎之介,11.0,投,4,1.0,1.0,2.0,2.0,0.0,0.0,0.0,0.0,0.0,0.0,0.0,,0.0,1.0,0.0,0.0,0.0,0.0,1.0,1.0,,4.0,2.0,2.59,7.0,7.0,,,0.0,6.0,1.0,1.0,0.0,,1.0,7.0,0.0,,28.0,115.0
2023,2021012973,2023-06-02,1500076.0,木下 拓哉,35.0,捕,4,1.0,1.0,5.0,5.0,0.0,1.0,0.0,0.0,0.0,0.0,0.0,,0.0,0.0,0.0,0.0,0.0,0.0,,,,,,,,,,,,,,,,,,,,,,
2023,2021012973,2023-06-02,1500135.0,杉本 裕太郎,99.0,左,11,1.0,1.0,4.0,3.0,0.0,0.0,0.0,0.0,0.0,0.0,0.0,,1.0,0.0,0.0,0.0,0.0,0.0,,,,,,,,,,,,,,,,,,,,,,
2023,2021012973,2023-06-02,1600021.0,ビシエド,66.0,打一,4,1.0,0.0,2.0,1.0,0.0,0.0,0.0,0.0,0.0,0.0,0.0,,1.0,0.0,0.0,0.0,0.0,0.0,,,,,,,,,,,,,,,,,,,,,,
2023,2021012973,2023-06-02,1600085.0,細川 成也,0.0,右,4,1.0,1.0,5.0,3.0,0.0,0.0,0.0,0.0,0.0,0.0,0.0,,2.0,2.0,0.0,0.0,0.0,0.0,,,,,,,,,,,,,,,,,,,,,,
2023,2021012973,2023-06-02,1600150.0,山岡 泰輔,19.0,投,11,1.0,1.0,2.0,2.0,0.0,0.0,0.0,0.0,0.0,0.0,0.0,,0.0,1.0,0.0,0.0,0.0,0.0,1.0,1.0,,1.0,0.0,1.97,6.0,6.0,,,0.0,3.0,1.0,1.0,0.0,,3.0,6.0,0.0,,24.0,90.0
2023,2021012973,2023-06-02,1700010.0,マルティネス,92.0,投,4,1.0,0.0,0.0,0.0,0.0,0.0,0.0,0.0,0.0,0.0,0.0,,0.0,0.0,0.0,0.0,0.0,0.0,3.0,1.0,0.0,1.0,1.0,0.0,1.0,1.0,,,13.0,1.0,0.0,0.0,0.0,,0.0,2.0,0.0,,4.0,13.0
2023,2021012973,2023-06-02,1700104.0,清水 達也,50.0,投,4,1.0,0.0,0.0,0.0,0.0,0.0,0.0,0.0,0.0,0.0,0.0,,0.0,0.0,0.0,0.0,0.0,0.0,4.0,1.0,0.0,1.0,1.0,2.04,1.0,1.0,,,0.0,0.0,0.0,0.0,0.0,,1.0,1.0,0.0,,3.0,15.0
2023,2021012973,2023-06-02,1700105.0,伊藤 康祐,49.0,走,4,1.0,0.0,0.0,0.0,0.0,0.0,0.0,0.0,0.0,0.0,0.0,,0.0,0.0,0.0,0.0,0.0,0.0,,,,,,,,,,,,,,,,,,,,,,
2023,2021012973,2023-06-02,1700112.0,本田 仁海,46.0,投,11,1.0,0.0,0.0,0.0,0.0,0.0,0.0,0.0,0.0,0.0,0.0,,0.0,0.0,0.0,0.0,0.0,0.0,5.0,1.0,0.0,1.0,0.0,2.82,1.0,1.0,,,0.0,1.0,0.0,0.0,0.0,,1.0,1.0,0.0,,5.0,16.0
2023,2021012973,2023-06-02,1750223.0,村松 開人,5.0,遊二,4,1.0,1.0,6.0,5.0,0.0,1.0,0.0,0.0,0.0,1.0,0.0,,0.0,1.0,0.0,1.0,0.0,0.0,,,,,,,,,,,,,,,,,,,,,,
2023,2021012973,2023-06-02,1751068.0,野口 智哉,9.0,中,11,1.0,1.0,4.0,4.0,1.0,2.0,2.0,0.0,0.0,0.0,0.0,,0.0,1.0,0.0,0.0,0.0,0.0,,,,,,,,,,,,,,,,,,,,,,
2023,2021012973,2023-06-02,1800061.0,勝野 昌慶,41.0,投,4,1.0,0.0,0.0,0.0,0.0,0.0,0.0,0.0,0.0,0.0,0.0,,0.0,0.0,0.0,0.0,0.0,0.0,5.0,1.0,0.0,3.0,0.0,0.83,1.0,1.0,,,0.0,0.0,0.0,0.0,0.0,,0.0,0.0,0.0,,3.0,13.0
2023,2021012973,2023-06-02,1800099.0,頓宮 裕真,44.0,一,11,1.0,1.0,4.0,4.0,0.0,1.0,1.0,0.0,0.0,0.0,0.0,,0.0,1.0,0.0,0.0,0.0,0.0,,,,,,,,,,,,,,,,,,,,,,
2023,2021012973,2023-06-02,1800104.0,中川 圭太,67.0,打,11,1.0,0.0,1.0,1.0,0.0,0.0,0.0,0.0,0.0,0.0,0.0,,0.0,0.0,0.0,0.0,0.0,0.0,,,,,,,,,,,,,,,,,,,,,,
2023,2021012973,2023-06-02,1900037.0,石川 昂弥,25.0,一,4,1.0,1.0,4.0,4.0,0.0,0.0,0.0,0.0,0.0,0.0,0.0,,0.0,0.0,0.0,0.0,0.0,0.0,,,,,,,,,,,,,,,,,,,,,,
2023,2021012973,2023-06-02,1900041.0,岡林 勇希,60.0,中,4,1.0,1.0,6.0,6.0,1.0,3.0,0.0,1.0,0.0,0.0,0.0,,0.0,1.0,0.0,0.0,0.0,0.0,,,,,,,,,,,,,,,,,,,,,,
2023,2021012973,2023-06-02,1900088.0,紅林 弘太郎,24.0,遊,11,1.0,1.0,5.0,5.0,0.0,1.0,0.0,0.0,0.0,0.0,0.0,,0.0,1.0,0.0,0.0,0.0,0.0,,,,,,,,,,,,,,,,,,,,,,
2023,2021012973,2023-06-02,1961077.0,ワゲスパック,58.0,投,11,1.0,0.0,0.0,0.0,0.0,0.0,0.0,0.0,0.0,0.0,0.0,,0.0,0.0,0.0,0.0,0.0,0.0,6.0,1.0,0.0,2.0,3.0,3.86,0.6666666666666666,0.2,,,2.0,3.0,1.0,1.0,0.0,,1.0,1.0,0.0,,6.0,26.0
2023,2021012973,2023-06-02,2000044.0,龍空,45.0,遊,4,1.0,0.0,1.0,1.0,0.0,0.0,0.0,0.0,0.0,0.0,0.0,,0.0,0.0,0.0,0.0,0.0,0.0,,,,,,,,,,,,,,,,,,,,,,
2023,2021012973,2023-06-02,2000101.0,阿部 翔太,45.0,投,11,1.0,0.0,0.0,0.0,0.0,0.0,0.0,0.0,0.0,0.0,0.0,,0.0,0.0,0.0,0.0,0.0,0.0,4.0,1.0,0.0,0.0,2.0,3.44,1.3333333333333333,1.1,,,1.0,2.0,0.0,0.0,0.0,,1.0,0.0,0.0,,7.0,18.0
2023,2021012973,2023-06-02,2103780.0,福永 裕基,68.0,二三,4,1.0,1.0,5.0,4.0,1.0,2.0,0.0,0.0,0.0,0.0,1.0,,1.0,1.0,0.0,0.0,0.0,0.0,,,,,,,,,,,,,,,,,,,,,,
2023,2021012973,2023-06-02,2107897.0,茶野 篤政,61.0,右,11,1.0,1.0,5.0,4.0,0.0,2.0,1.0,0.0,0.0,1.0,0.0,,1.0,1.0,0.0,0.0,0.0,0.0,,,,,,,,,,,,,,,,,,,,,,
2023,2021012973,2023-06-02,2108913.0,セデーニョ,40.0,打,11,1.0,0.0,1.0,1.0,0.0,0.0,0.0,0.0,0.0,0.0,0.0,,0.0,0.0,0.0,0.0,0.0,0.0,,,,,,,,,,,,,,,,,,,,,,
2023,2021012975,2023-06-02,20204.0,和田 毅,21.0,投,12,1.0,1.0,0.0,0.0,0.0,0.0,0.0,0.0,0.0,0.0,0.0,,0.0,0.0,0.0,0.0,0.0,0.0,1.0,1.0,,4.0,1.0,2.64,1.0,1.0,,,0.0,1.0,0.0,0.0,0.0,,0.0,2.0,0.0,,4.0,15.0
2023,2021012975,2023-06-02,700050.0,會澤 翼,27.0,打,6,1.0,0.0,1.0,1.0,0.0,0.0,0.0,0.0,0.0,0.0,0.0,,0.0,1.0,0.0,0.0,0.0,0.0,,,,,,,,,,,,,,,,,,,,,,
2023,2021012975,2023-06-02,800081.0,中村 晃,7.0,一,12,1.0,1.0,5.0,5.0,0.0,4.0,0.0,0.0,0.0,1.0,0.0,,0.0,0.0,0.0,0.0,0.0,0.0,,,,,,,,,,,,,,,,,,,,,,
2023,2021012975,2023-06-02,900430.0,堂林 翔太,7.0,右,6,1.0,1.0,4.0,3.0,0.0,1.0,0.0,0.0,0.0,0.0,0.0,,1.0,2.0,0.0,0.0,0.0,0.0,,,,,,,,,,,,,,,,,,,,,,
2023,2021012975,2023-06-02,1000116.0,中崎 翔太,21.0,投,6,1.0,0.0,0.0,0.0,0.0,0.0,0.0,0.0,0.0,0.0,0.0,,0.0,0.0,0.0,0.0,0.0,0.0,4.0,1.0,0.0,0.0,0.0,3.6,1.0,1.0,,,0.0,0.0,0.0,0.0,0.0,,1.0,0.0,0.0,,4.0,16.0
2023,2021012975,2023-06-02,1000128.0,柳田 悠岐,9.0,右,12,1.0,1.0,5.0,5.0,1.0,3.0,1.0,0.0,1.0,2.0,0.0,,0.0,0.0,0.0,0.0,0.0,0.0,,,,,,,,,,,,,,,,,,,,,,
2023,2021012975,2023-06-02,1000150.0,秋山 翔吾,9.0,中,6,1.0,1.0,4.0,4.0,0.0,1.0,0.0,0.0,0.0,0.0,0.0,,0.0,1.0,0.0,0.0,0.0,0.0,,,,,,,,,,,,,,,,,,,,,,
2023,2021012975,2023-06-02,1000175.0,牧原 大成,8.0,二三,12,1.0,1.0,4.0,4.0,0.0,1.0,0.0,0.0,0.0,1.0,0.0,,0.0,0.0,0.0,0.0,0.0,0.0,,,,,,,,,,,,,,,,,,,,,,
2023,2021012975,2023-06-02,1000176.0,甲斐 拓也,19.0,捕,12,1.0,1.0,4.0,4.0,0.0,1.0,0.0,0.0,0.0,0.0,0.0,,0.0,1.0,0.0,0.0,0.0,0.0,,,,,,,,,,,,,,,,,,,,,,
2023,2021012975,2023-06-02,1100082.0,菊池 涼介,33.0,二,6,1.0,1.0,5.0,5.0,0.0,1.0,0.0,0.0,0.0,0.0,1.0,,0.0,2.0,0.0,0.0,0.0,0.0,,,,,,,,,,,,,,,,,,,,,,
2023,2021012975,2023-06-02,1100097.0,近藤 健介,3.0,中左,12,1.0,1.0,4.0,4.0,1.0,2.0,1.0,0.0,0.0,0.0,0.0,,0.0,0.0,0.0,0.0,0.0,0.0,,,,,,,,,,,,,,,,,,,,,,
2023,2021012975,2023-06-02,1200070.0,上本 崇司,0.0,打,6,1.0,0.0,1.0,1.0,0.0,0.0,0.0,0.0,0.0,0.0,0.0,,0.0,1.0,0.0,0.0,0.0,0.0,,,,,,,,,,,,,,,,,,,,,,
2023,2021012975,2023-06-02,1300059.0,田中 広輔,2.0,三,6,1.0,1.0,4.0,4.0,0.0,0.0,0.0,0.0,0.0,0.0,0.0,,0.0,2.0,0.0,0.0,0.0,0.0,,,,,,,,,,,,,,,,,,,,,,
2023,2021012975,2023-06-02,1400102.0,戸根 千明,49.0,投,6,1.0,0.0,0.0,0.0,0.0,0.0,0.0,0.0,0.0,0.0,0.0,,0.0,0.0,0.0,0.0,0.0,0.0,3.0,1.0,0.0,1.0,0.0,3.68,1.0,1.0,,,0.0,4.0,2.0,2.0,0.0,,0.0,1.0,0.0,,7.0,29.0
2023,2021012975,2023-06-02,1400126.0,松本 裕樹,66.0,投,12,1.0,0.0,0.0,0.0,0.0,0.0,0.0,0.0,0.0,0.0,0.0,,0.0,0.0,0.0,0.0,0.0,0.0,6.0,1.0,0.0,0.0,1.0,3.94,1.0,1.0,,,0.0,0.0,0.0,0.0,0.0,,0.0,2.0,0.0,,3.0,16.0
2023,2021012975,2023-06-02,1400127.0,栗原 陵矢,24.0,三,12,1.0,1.0,4.0,4.0,0.0,0.0,0.0,0.0,0.0,0.0,0.0,,0.0,3.0,0.0,0.0,0.0,0.0,,,,,,,,,,,,,,,,,,,,,,
2023,2021012975,2023-06-02,1500096.0,西川 龍馬,5.0,左,6,1.0,1.0,4.0,4.0,0.0,1.0,0.0,0.0,0.0,0.0,0.0,,0.0,0.0,0.0,0.0,0.0,0.0,,,,,,,,,,,,,,,,,,,,,,
2023,2021012975,2023-06-02,1500140.0,谷川原 健太,45.0,右,12,1.0,0.0,0.0,0.0,0.0,0.0,0.0,0.0,0.0,0.0,0.0,,0.0,0.0,0.0,0.0,0.0,0.0,,,,,,,,,,,,,,,,,,,,,,
2023,2021012975,2023-06-02,1500143.0,川瀬 晃,0.0,遊,12,1.0,1.0,4.0,4.0,1.0,2.0,1.0,0.0,0.0,1.0,0.0,,0.0,0.0,0.0,0.0,0.0,1.0,,,,,,,,,,,,,,,,,,,,,,
2023,2021012975,2023-06-02,1600123.0,床田 寛樹,28.0,投,6,1.0,1.0,2.0,1.0,0.0,0.0,0.0,0.0,0.0,0.0,0.0,,0.0,0.0,0.0,1.0,0.0,0.0,1.0,1.0,,4.0,1.0,2.06,6.0,6.0,,,0.0,8.0,3.0,3.0,1.0,,0.0,5.0,0.0,,25.0,91.0
2023,2021012975,2023-06-02,1600124.0,坂倉 将吾,31.0,捕,6,1.0,1.0,4.0,4.0,0.0,1.0,0.0,0.0,0.0,0.0,0.0,,0.0,0.0,0.0,0.0,0.0,0.0,,,,,,,,,,,,,,,,,,,,,,
2023,2021012975,2023-06-02,1600167.0,三森 大貴,13.0,走二,12,1.0,0.0,0.0,0.0,1.0,0.0,0.0,0.0,0.0,0.0,0.0,,0.0,0.0,0.0,0.0,0.0,0.0,,,,,,,,,,,,,,,,,,,,,,
2023,2021012975,2023-06-02,1650187.0,中村 貴浩,97.0,打,6,1.0,0.0,1.0,1.0,0.0,0.0,0.0,0.0,0.0,0.0,0.0,,0.0,1.0,0.0,0.0,0.0,0.0,,,,,,,,,,,,,,,,,,,,,,
2023,2021012975,2023-06-02,1700011.0,モイネロ,35.0,投,12,1.0,0.0,0.0,0.0,0.0,0.0,0.0,0.0,0.0,0.0,0.0,,0.0,0.0,0.0,0.0,0.0,0.0,7.0,1.0,0.0,1.0,0.0,1.06,1.0,1.0,,,1.0,0.0,0.0,0.0,0.0,,0.0,2.0,0.0,,3.0,10.0
2023,2021012975,2023-06-02,1700131.0,増田 珠,33.0,左,12,1.0,1.0,3.0,3.0,0.0,0.0,0.0,0.0,0.0,0.0,0.0,,0.0,0.0,0.0,0.0,0.0,0.0,,,,,,,,,,,,,,,,,,,,,,
2023,2021012975,2023-06-02,1700133.0,田浦 文丸,56.0,投,12,1.0,0.0,0.0,0.0,0.0,0.0,0.0,0.0,0.0,0.0,0.0,,0.0,0.0,0.0,0.0,0.0,0.0,3.0,1.0,0.0,0.0,0.0,0.56,1.0,1.0,,,0.0,1.0,0.0,0.0,0.0,,0.0,0.0,0.0,,5.0,11.0
2023,2021012975,2023-06-02,1700135.0,周東 佑京,23.0,走中,12,1.0,0.0,1.0,1.0,1.0,0.0,0.0,0.0,0.0,0.0,0.0,,0.0,0.0,0.0,0.0,0.0,0.0,,,,,,,,,,,,,,,,,,,,,,
2023,2021012975,2023-06-02,1700136.0,リチャード,52.0,打,12,1.0,0.0,1.0,1.0,0.0,0.0,0.0,0.0,0.0,0.0,0.0,,0.0,1.0,0.0,0.0,0.0,0.0,,,,,,,,,,,,,,,,,,,,,,
2023,2021012975,2023-06-02,1800106.0,甲斐野 央,20.0,投,12,1.0,0.0,0.0,0.0,0.0,0.0,0.0,0.0,0.0,0.0,0.0,,0.0,0.0,0.0,0.0,0.0,0.0,4.0,1.0,0.0,0.0,0.0,1.5,1.0,1.0,,,0.0,2.0,1.0,1.0,1.0,,0.0,2.0,0.0,,5.0,19.0
2023,2021012975,2023-06-02,1800108.0,野村 大樹,55.0,打,12,1.0,0.0,1.0,1.0,0.0,0.0,0.0,0.0,0.0,0.0,0.0,,0.0,0.0,0.0,0.0,0.0,0.0,,,,,,,,,,,,,,,,,,,,,,
2023,2021012975,2023-06-02,1800109.0,板東 湧梧,50.0,投,12,1.0,0.0,1.0,1.0,0.0,0.0,0.0,0.0,0.0,0.0,0.0,,0.0,1.0,0.0,0.0,0.0,0.0,2.0,1.0,0.0,2.0,0.0,2.35,3.0,3.0,,,0.0,2.0,0.0,0.0,0.0,,2.0,1.0,0.0,,12.0,52.0
2023,2021012975,2023-06-02,1900100.0,佐藤 直樹,30.0,打,12,1.0,0.0,1.0,1.0,0.0,0.0,0.0,0.0,0.0,0.0,0.0,,0.0,1.0,0.0,0.0,0.0,0.0,,,,,,,,,,,,,,,,,,,,,,
2023,2021012975,2023-06-02,1900102.0,津森 宥紀,11.0,投,12,1.0,0.0,0.0,0.0,0.0,0.0,0.0,0.0,0.0,0.0,0.0,,0.0,0.0,0.0,0.0,0.0,0.0,5.0,1.0,0.0,3.0,1.0,3.43,1.0,1.0,,,0.0,2.0,0.0,0.0,0.0,,0.0,2.0,0.0,,5.0,20.0
2023,2021012975,2023-06-02,1900104.0,柳町 達,32.0,打中左,12,1.0,0.0,2.0,1.0,0.0,0.0,0.0,0.0,0.0,0.0,0.0,,1.0,1.0,0.0,0.0,0.0,0.0,,,,,,,,,,,,,,,,,,,,,,
2023,2021012975,2023-06-02,1961166.0,マクブルーム,10.0,一,6,1.0,1.0,4.0,4.0,1.0,2.0,0.0,0.0,1.0,1.0,0.0,,0.0,0.0,0.0,0.0,0.0,0.0,,,,,,,,,,,,,,,,,,,,,,
2023,2021012975,2023-06-02,2000060.0,栗林 良吏,20.0,投,6,1.0,0.0,0.0,0.0,0.0,0.0,0.0,0.0,0.0,0.0,0.0,,0.0,0.0,0.0,0.0,0.0,0.0,2.0,1.0,0.0,0.0,4.0,5.11,1.0,1.0,,,7.0,1.0,0.0,0.0,0.0,,0.0,2.0,0.0,,4.0,19.0
2023,2021012975,2023-06-02,2000065.0,矢野 雅哉,61.0,遊,6,1.0,1.0,3.0,2.0,0.0,1.0,0.0,0.0,0.0,0.0,0.0,,1.0,1.0,0.0,0.0,0.0,0.0,,,,,,,,,,,,,,,,,,,,,,
2023,2021012976,2023-06-03,700003.0,坂本 勇人,6.0,遊,1,1.0,1.0,5.0,5.0,0.0,2.0,1.0,0.0,0.0,1.0,0.0,,0.0,2.0,0.0,0.0,0.0,0.0,,,,,,,,,,,,,,,,,,,,,,
2023,2021012976,2023-06-03,700027.0,梶谷 隆幸,13.0,打,1,1.0,0.0,1.0,1.0,0.0,0.0,0.0,0.0,0.0,0.0,0.0,,0.0,0.0,0.0,0.0,0.0,0.0,,,,,,,,,,,,,,,,,,,,,,
2023,2021012976,2023-06-03,800043.0,丸 佳浩,8.0,右,1,1.0,1.0,5.0,5.0,1.0,1.0,0.0,0.0,0.0,0.0,1.0,,0.0,1.0,0.0,0.0,0.0,0.0,,,,,,,,,,,,,,,,,,,,,,
2023,2021012976,2023-06-03,800052.0,宮西 尚生,25.0,投,8,1.0,0.0,0.0,0.0,0.0,0.0,0.0,0.0,0.0,0.0,0.0,,0.0,0.0,0.0,0.0,0.0,0.0,3.0,1.0,0.0,0.0,0.0,0.54,0.6666666666666666,0.2,,,1.0,1.0,0.0,0.0,0.0,,1.0,0.0,0.0,,4.0,13.0
2023,2021012976,2023-06-03,800054.0,中田 翔,10.0,打,1,1.0,0.0,1.0,0.0,0.0,0.0,0.0,0.0,0.0,0.0,0.0,,1.0,0.0,0.0,0.0,0.0,0.0,,,,,,,,,,,,,,,,,,,,,,
2023,2021012976,2023-06-03,1100095.0,松本 剛,7.0,左,8,1.0,1.0,5.0,5.0,0.0,2.0,1.0,0.0,0.0,0.0,0.0,,0.0,1.0,0.0,0.0,0.0,0.0,,,,,,,,,,,,,,,,,,,,,,
2023,2021012976,2023-06-03,1200100.0,伏見 寅威,23.0,捕,8,1.0,1.0,2.0,2.0,0.0,0.0,0.0,0.0,0.0,0.0,0.0,,0.0,0.0,0.0,0.0,0.0,0.0,,,,,,,,,,,,,,,,,,,,,,
2023,2021012976,2023-06-03,1251037.0,上川畑 大悟,4.0,遊,8,1.0,1.0,4.0,4.0,0.0,1.0,0.0,0.0,0.0,0.0,0.0,,0.0,0.0,0.0,0.0,0.0,0.0,,,,,,,,,,,,,,,,,,,,,,
2023,2021012976,2023-06-03,1300027.0,小林 誠司,22.0,走捕,1,1.0,0.0,0.0,0.0,0.0,0.0,0.0,0.0,0.0,0.0,0.0,,0.0,0.0,0.0,0.0,0.0,0.0,,,,,,,,,,,,,,,,,,,,,,
2023,2021012976,2023-06-03,1400101.0,岡本 和真,25.0,一,1,1.0,1.0,5.0,5.0,0.0,2.0,1.0,0.0,0.0,1.0,0.0,,0.0,1.0,0.0,0.0,0.0,0.0,,,,,,,,,,,,,,,,,,,,,,
2023,2021012976,2023-06-03,1400118.0,清水 優心,10.0,捕,8,1.0,0.0,1.0,0.0,0.0,0.0,0.0,0.0,0.0,1.0,0.0,,0.0,0.0,0.0,1.0,0.0,1.0,,,,,,,,,,,,,,,,,,,,,,
2023,2021012976,2023-06-03,1400170.0,江越 大賀,37.0,中,8,1.0,1.0,5.0,4.0,0.0,0.0,0.0,0.0,0.0,0.0,0.0,,0.0,2.0,0.0,1.0,0.0,0.0,,,,,,,,,,,,,,,,,,,,,,
2023,2021012976,2023-06-03,1460315.0,アルカンタラ,6.0,三,8,1.0,1.0,3.0,2.0,0.0,1.0,1.0,0.0,0.0,0.0,0.0,,0.0,1.0,0.0,1.0,0.0,0.0,,,,,,,,,,,,,,,,,,,,,,
2023,2021012976,2023-06-03,1500047.0,重信 慎之介,43.0,走左,1,1.0,0.0,1.0,1.0,2.0,1.0,0.0,0.0,0.0,0.0,1.0,,0.0,0.0,0.0,0.0,0.0,0.0,,,,,,,,,,,,,,,,,,,,,,
2023,2021012976,2023-06-03,1500052.0,中川 皓太,41.0,投,1,1.0,0.0,0.0,0.0,0.0,0.0,0.0,0.0,0.0,0.0,0.0,,0.0,0.0,0.0,0.0,0.0,0.0,3.0,1.0,0.0,0.0,0.0,5.4,0.3333333333333333,0.1,,,0.0,0.0,0.0,0.0,0.0,,0.0,0.0,0.0,,1.0,5.0
2023,2021012976,2023-06-03,1560396.0,ハンソン,94.0,打,8,1.0,0.0,1.0,1.0,0.0,0.0,0.0,0.0,0.0,0.0,0.0,,0.0,0.0,0.0,0.0,0.0,0.0,,,,,,,,,,,,,,,,,,,,,,
2023,2021012976,2023-06-03,1600059.0,吉川 尚輝,2.0,二,1,1.0,1.0,4.0,4.0,0.0,2.0,1.0,0.0,0.0,0.0,0.0,,0.0,0.0,0.0,0.0,0.0,0.0,,,,,,,,,,,,,,,,,,,,,,
2023,2021012976,2023-06-03,1600093.0,池田 隆英,52.0,投,8,1.0,0.0,0.0,0.0,0.0,0.0,0.0,0.0,0.0,0.0,0.0,,0.0,0.0,0.0,0.0,0.0,0.0,2.0,1.0,0.0,0.0,1.0,3.43,0.3333333333333333,0.1,,,0.0,2.0,1.0,1.0,0.0,,0.0,1.0,0.0,,3.0,9.0
2023,2021012976,2023-06-03,1600139.0,玉井 大翔,19.0,投,8,1.0,0.0,0.0,0.0,0.0,0.0,0.0,0.0,0.0,0.0,0.0,,0.0,0.0,0.0,0.0,0.0,0.0,5.0,1.0,0.0,0.0,2.0,2.45,0.0,0.0,,,1.0,2.0,1.0,1.0,0.0,,0.0,0.0,0.0,,2.0,2.0
2023,2021012976,2023-06-03,1600164.0,田中 正義,26.0,投,8,1.0,0.0,0.0,0.0,0.0,0.0,0.0,0.0,0.0,0.0,0.0,,0.0,0.0,0.0,0.0,0.0,0.0,4.0,1.0,0.0,1.0,1.0,2.7,1.0,1.0,,,8.0,0.0,0.0,0.0,0.0,,0.0,1.0,0.0,,3.0,11.0
2023,2021012976,2023-06-03,1700044.0,大城 卓三,24.0,捕,1,1.0,1.0,3.0,3.0,0.0,0.0,0.0,0.0,0.0,0.0,0.0,,0.0,0.0,0.0,0.0,0.0,0.0,,,,,,,,,,,,,,,,,,,,,,
2023,2021012976,2023-06-03,1700045.0,北村 拓己,52.0,三,1,1.0,0.0,1.0,1.0,0.0,0.0,0.0,0.0,0.0,0.0,0.0,,0.0,1.0,0.0,0.0,0.0,0.0,,,,,,,,,,,,,,,,,,,,,,
2023,2021012976,2023-06-03,1700110.0,鈴木 康平,32.0,投,1,1.0,0.0,0.0,0.0,0.0,0.0,0.0,0.0,0.0,0.0,0.0,,0.0,0.0,0.0,0.0,0.0,0.0,2.0,1.0,0.0,0.0,1.0,4.15,0.6666666666666666,0.2,,,0.0,1.0,0.0,0.0,0.0,,0.0,1.0,0.0,,3.0,13.0
2023,2021012976,2023-06-03,1800008.0,マルティネス,2.0,一,8,1.0,1.0,4.0,3.0,0.0,1.0,0.0,0.0,0.0,0.0,0.0,,1.0,0.0,0.0,0.0,0.0,0.0,,,,,,,,,,,,,,,,,,,,,,
2023,2021012976,2023-06-03,1800091.0,野村 佑希,5.0,打三,8,1.0,0.0,2.0,2.0,0.0,0.0,0.0,0.0,0.0,0.0,0.0,,0.0,2.0,0.0,0.0,0.0,0.0,,,,,,,,,,,,,,,,,,,,,,
2023,2021012976,2023-06-03,1800093.0,万波 中正,66.0,右,8,1.0,1.0,4.0,4.0,0.0,2.0,0.0,0.0,0.0,0.0,0.0,,0.0,1.0,0.0,0.0,0.0,0.0,,,,,,,,,,,,,,,,,,,,,,
2023,2021012976,2023-06-03,1851204.0,水野 達稀,43.0,打,8,1.0,0.0,1.0,1.0,0.0,0.0,0.0,0.0,0.0,0.0,0.0,,0.0,0.0,0.0,0.0,0.0,0.0,,,,,,,,,,,,,,,,,,,,,,
2023,2021012976,2023-06-03,1860031.0,ブリンソン,42.0,中,1,1.0,1.0,4.0,4.0,0.0,1.0,0.0,0.0,0.0,1.0,0.0,,0.0,0.0,0.0,0.0,0.0,0.0,,,,,,,,,,,,,,,,,,,,,,
2023,2021012976,2023-06-03,1900084.0,福田 光輝,35.0,打,8,1.0,0.0,1.0,1.0,0.0,0.0,0.0,0.0,0.0,0.0,0.0,,0.0,1.0,0.0,0.0,0.0,0.0,,,,,,,,,,,,,,,,,,,,,,
2023,2021012976,2023-06-03,1961407.0,グリフィン,29.0,投,1,1.0,1.0,2.0,2.0,0.0,0.0,0.0,0.0,0.0,0.0,0.0,,0.0,1.0,0.0,0.0,0.0,0.0,1.0,1.0,,4.0,2.0,2.52,7.0,7.0,,,0.0,4.0,1.0,1.0,1.0,,1.0,6.0,0.0,,26.0,106.0
2023,2021012976,2023-06-03,1961860.0,加藤 豪将,3.0,二一,8,1.0,1.0,5.0,5.0,1.0,2.0,0.0,0.0,1.0,1.0,0.0,,0.0,1.0,0.0,0.0,0.0,0.0,,,,,,,,,,,,,,,,,,,,,,
2023,2021012976,2023-06-03,2000009.0,秋広 優人,55.0,左,1,1.0,1.0,4.0,3.0,0.0,2.0,0.0,0.0,0.0,0.0,0.0,,1.0,0.0,0.0,0.0,0.0,0.0,,,,,,,,,,,,,,,,,,,,,,
2023,2021012976,2023-06-03,2000079.0,伊藤 大海,17.0,投,8,1.0,1.0,2.0,2.0,0.0,0.0,0.0,0.0,0.0,0.0,0.0,,0.0,1.0,0.0,0.0,0.0,0.0,1.0,1.0,,2.0,4.0,3.49,7.0,7.0,,,0.0,7.0,1.0,1.0,0.0,,1.0,5.0,0.0,,28.0,104.0
2023,2021012976,2023-06-03,2000082.0,細川 凌平,56.0,走二,8,1.0,0.0,1.0,1.0,0.0,1.0,0.0,0.0,0.0,0.0,0.0,,0.0,0.0,0.0,0.0,0.0,0.0,,,,,,,,,,,,,,,,,,,,,,
2023,2021012976,2023-06-03,2103697.0,大勢,15.0,投,1,1.0,0.0,0.0,0.0,0.0,0.0,0.0,0.0,0.0,0.0,0.0,,0.0,0.0,0.0,0.0,0.0,0.0,4.0,1.0,0.0,2.0,0.0,3.15,2.0,2.0,,,11.0,5.0,1.0,1.0,0.0,,0.0,3.0,0.0,,12.0,44.0
2023,2021012976,2023-06-03,2105889.0,ウォーカー,44.0,打,1,1.0,0.0,1.0,1.0,0.0,0.0,0.0,0.0,0.0,0.0,0.0,,0.0,0.0,0.0,0.0,0.0,0.0,,,,,,,,,,,,,,,,,,,,,,
2023,2021012976,2023-06-03,2106284.0,矢澤 宏太,12.0,走右,8,1.0,0.0,1.0,1.0,1.0,0.0,0.0,0.0,0.0,0.0,0.0,,0.0,0.0,0.0,0.0,0.0,0.0,,,,,,,,,,,,,,,,,,,,,,
2023,2021012976,2023-06-03,2107874.0,門脇 誠,35.0,三,1,1.0,1.0,3.0,3.0,0.0,1.0,0.0,0.0,0.0,0.0,0.0,,0.0,1.0,0.0,0.0,0.0,1.0,,,,,,,,,,,,,,,,,,,,,,
2023,2021012977,2023-06-03,400021.0,青木 宣親,23.0,左,2,1.0,1.0,4.0,4.0,1.0,2.0,0.0,0.0,1.0,2.0,0.0,,0.0,0.0,0.0,0.0,0.0,0.0,,,,,,,,,,,,,,,,,,,,,,
2023,2021012977,2023-06-03,600011.0,川端 慎吾,5.0,打,2,1.0,0.0,1.0,0.0,0.0,0.0,0.0,0.0,0.0,0.0,0.0,,1.0,0.0,0.0,0.0,0.0,0.0,,,,,,,,,,,,,,,,,,,,,,
2023,2021012977,2023-06-03,600026.0,炭谷 銀仁朗,26.0,捕,376,1.0,1.0,3.0,3.0,0.0,1.0,0.0,0.0,0.0,0.0,0.0,,0.0,0.0,0.0,0.0,0.0,0.0,,,,,,,,,,,,,,,,,,,,,,
2023,2021012977,2023-06-03,900044.0,中村 悠平,27.0,捕,2,1.0,1.0,4.0,3.0,1.0,1.0,1.0,0.0,0.0,0.0,0.0,,0.0,0.0,0.0,1.0,0.0,0.0,,,,,,,,,,,,,,,,,,,,,,
2023,2021012977,2023-06-03,900056.0,浅村 栄斗,3.0,二,376,1.0,1.0,4.0,4.0,0.0,1.0,0.0,0.0,0.0,2.0,0.0,,0.0,1.0,0.0,0.0,0.0,0.0,,,,,,,,,,,,,,,,,,,,,,
2023,2021012977,2023-06-03,1000132.0,山田 哲人,1.0,二,2,1.0,1.0,5.0,5.0,1.0,2.0,0.0,0.0,1.0,3.0,0.0,,0.0,1.0,0.0,0.0,0.0,0.0,,,,,,,,,,,,,,,,,,,,,,
2023,2021012977,2023-06-03,1100103.0,鈴木 大地,7.0,打,376,1.0,0.0,1.0,1.0,0.0,0.0,0.0,0.0,0.0,0.0,0.0,,0.0,0.0,0.0,0.0,0.0,0.0,,,,,,,,,,,,,,,,,,,,,,
2023,2021012977,2023-06-03,1100130.0,岡島 豪郎,27.0,右,376,1.0,1.0,4.0,2.0,2.0,1.0,1.0,0.0,0.0,0.0,0.0,,2.0,0.0,0.0,0.0,0.0,0.0,,,,,,,,,,,,,,,,,,,,,,
2023,2021012977,2023-06-03,1100132.0,島内 宏明,35.0,打,376,1.0,0.0,1.0,1.0,0.0,0.0,0.0,0.0,0.0,0.0,0.0,,0.0,0.0,0.0,0.0,0.0,0.0,,,,,,,,,,,,,,,,,,,,,,
2023,2021012977,2023-06-03,1300028.0,和田 恋,54.0,左,376,1.0,1.0,4.0,3.0,0.0,1.0,0.0,0.0,0.0,2.0,0.0,,0.0,1.0,0.0,0.0,1.0,0.0,,,,,,,,,,,,,,,,,,,,,,
2023,2021012977,2023-06-03,1400139.0,安樂 智大,20.0,投,376,1.0,0.0,0.0,0.0,0.0,0.0,0.0,0.0,0.0,0.0,0.0,,0.0,0.0,0.0,0.0,0.0,0.0,4.0,1.0,0.0,0.0,0.0,2.7,1.0,1.0,,,0.0,1.0,0.0,0.0,0.0,,0.0,0.0,0.0,,4.0,15.0
2023,2021012977,2023-06-03,1460250.0,フランコ,23.0,三一,376,1.0,1.0,4.0,3.0,0.0,0.0,0.0,0.0,0.0,0.0,0.0,,1.0,2.0,0.0,0.0,0.0,0.0,,,,,,,,,,,,,,,,,,,,,,
2023,2021012977,2023-06-03,1500044.0,山崎 晃大朗,31.0,中右,2,1.0,1.0,5.0,5.0,1.0,1.0,0.0,0.0,0.0,0.0,0.0,,0.0,0.0,0.0,0.0,0.0,0.0,,,,,,,,,,,,,,,,,,,,,,
2023,2021012977,2023-06-03,1500078.0,阿部 寿樹,4.0,一,376,1.0,1.0,3.0,3.0,0.0,0.0,0.0,0.0,0.0,0.0,0.0,,0.0,2.0,0.0,0.0,0.0,0.0,,,,,,,,,,,,,,,,,,,,,,
2023,2021012977,2023-06-03,1551037.0,小孫 竜二,22.0,投,376,1.0,0.0,0.0,0.0,0.0,0.0,0.0,0.0,0.0,0.0,0.0,,0.0,0.0,0.0,0.0,0.0,0.0,2.0,1.0,0.0,0.0,0.0,9.0,1.0,1.0,,,0.0,3.0,2.0,2.0,0.0,,1.0,1.0,0.0,,7.0,25.0
2023,2021012977,2023-06-03,1600075.0,星 知弥,24.0,投,2,1.0,0.0,0.0,0.0,0.0,0.0,0.0,0.0,0.0,0.0,0.0,,0.0,0.0,0.0,0.0,0.0,0.0,3.0,1.0,0.0,1.0,1.0,4.5,1.0,1.0,,,0.0,0.0,0.0,0.0,0.0,,0.0,2.0,0.0,,3.0,12.0
2023,2021012977,2023-06-03,1600101.0,西口 直人,62.0,投,376,1.0,0.0,0.0,0.0,0.0,0.0,0.0,0.0,0.0,0.0,0.0,,0.0,0.0,0.0,0.0,0.0,0.0,6.0,1.0,0.0,0.0,4.0,3.57,1.0,1.0,,,0.0,1.0,0.0,0.0,0.0,,1.0,0.0,0.0,,4.0,18.0
2023,2021012977,2023-06-03,1700034.0,山崎 剛,34.0,遊,376,1.0,1.0,5.0,5.0,1.0,1.0,0.0,0.0,0.0,0.0,0.0,,0.0,0.0,0.0,0.0,0.0,0.0,,,,,,,,,,,,,,,,,,,,,,
2023,2021012977,2023-06-03,1700084.0,村上 宗隆,55.0,三,2,1.0,1.0,4.0,4.0,1.0,1.0,0.0,0.0,0.0,0.0,0.0,,0.0,0.0,0.0,0.0,0.0,0.0,,,,,,,,,,,,,,,,,,,,,,
2023,2021012977,2023-06-03,1700094.0,山本 大貴,43.0,投,2,1.0,0.0,0.0,0.0,0.0,0.0,0.0,0.0,0.0,0.0,0.0,,0.0,0.0,0.0,0.0,0.0,0.0,5.0,1.0,0.0,0.0,0.0,5.4,1.0,1.0,,,0.0,1.0,0.0,0.0,0.0,,0.0,0.0,0.0,,4.0,15.0
2023,2021012977,2023-06-03,1760587.0,ピーターズ,63.0,投,2,1.0,1.0,2.0,0.0,0.0,0.0,0.0,0.0,0.0,0.0,0.0,,1.0,0.0,0.0,1.0,0.0,0.0,1.0,1.0,,2.0,1.0,2.29,5.0,5.0,,,0.0,7.0,4.0,4.0,0.0,,2.0,3.0,0.0,,24.0,89.0
2023,2021012977,2023-06-03,1800036.0,濱田 太貴,51.0,走左,2,1.0,0.0,0.0,0.0,0.0,0.0,0.0,0.0,0.0,0.0,0.0,,0.0,0.0,0.0,0.0,0.0,0.0,,,,,,,,,,,,,,,,,,,,,,
2023,2021012977,2023-06-03,1800044.0,伊藤 裕季也,39.0,打,376,1.0,0.0,1.0,1.0,0.0,0.0,0.0,0.0,0.0,0.0,0.0,,0.0,0.0,0.0,0.0,0.0,0.0,,,,,,,,,,,,,,,,,,,,,,
2023,2021012977,2023-06-03,1800117.0,辰己 涼介,8.0,中,376,1.0,1.0,1.0,1.0,0.0,0.0,0.0,0.0,0.0,0.0,0.0,,0.0,0.0,0.0,0.0,0.0,0.0,,,,,,,,,,,,,,,,,,,,,,
2023,2021012977,2023-06-03,1800123.0,小郷 裕哉,51.0,打中,376,1.0,0.0,4.0,4.0,1.0,3.0,1.0,0.0,0.0,1.0,0.0,,0.0,0.0,0.0,0.0,0.0,0.0,,,,,,,,,,,,,,,,,,,,,,
2023,2021012977,2023-06-03,1900027.0,大西 広樹,44.0,投,2,1.0,0.0,0.0,0.0,0.0,0.0,0.0,0.0,0.0,0.0,0.0,,0.0,0.0,0.0,0.0,0.0,0.0,4.0,1.0,0.0,1.0,1.0,4.37,1.0,1.0,,,0.0,0.0,0.0,0.0,0.0,,1.0,0.0,0.0,,3.0,16.0
2023,2021012977,2023-06-03,1900028.0,長岡 秀樹,7.0,遊,2,1.0,1.0,4.0,4.0,1.0,2.0,0.0,0.0,0.0,2.0,0.0,,0.0,0.0,0.0,0.0,0.0,0.0,,,,,,,,,,,,,,,,,,,,,,
2023,2021012977,2023-06-03,1900029.0,武岡 龍世,60.0,二,2,1.0,0.0,0.0,0.0,0.0,0.0,0.0,0.0,0.0,0.0,0.0,,0.0,0.0,0.0,0.0,0.0,0.0,,,,,,,,,,,,,,,,,,,,,,
2023,2021012977,2023-06-03,1900112.0,小深田 大翔,0.0,打三,376,1.0,0.0,2.0,2.0,1.0,1.0,0.0,1.0,0.0,0.0,0.0,,0.0,0.0,0.0,0.0,0.0,0.0,,,,,,,,,,,,,,,,,,,,,,
2023,2021012977,2023-06-03,2000024.0,木澤 尚文,20.0,投,2,1.0,0.0,0.0,0.0,0.0,0.0,0.0,0.0,0.0,0.0,0.0,,0.0,0.0,0.0,0.0,0.0,0.0,2.0,1.0,0.0,1.0,1.0,3.72,1.0,1.0,,,0.0,1.0,1.0,1.0,0.0,,0.0,1.0,0.0,,4.0,16.0
2023,2021012977,2023-06-03,2000026.0,内山 壮真,33.0,打,2,1.0,0.0,1.0,1.0,0.0,0.0,0.0,0.0,0.0,0.0,0.0,,0.0,0.0,0.0,0.0,0.0,0.0,,,,,,,,,,,,,,,,,,,,,,
2023,2021012977,2023-06-03,2000028.0,並木 秀尊,0.0,走中,2,1.0,0.0,0.0,0.0,1.0,0.0,0.0,0.0,0.0,0.0,0.0,,0.0,0.0,0.0,0.0,0.0,0.0,,,,,,,,,,,,,,,,,,,,,,
2023,2021012977,2023-06-03,2000121.0,早川 隆久,21.0,投,376,1.0,1.0,0.0,0.0,0.0,0.0,0.0,0.0,0.0,0.0,0.0,,0.0,0.0,0.0,0.0,0.0,0.0,1.0,1.0,,2.0,4.0,2.66,2.0,2.0,,,0.0,6.0,6.0,6.0,2.0,,0.0,1.0,0.0,,12.0,42.0
2023,2021012977,2023-06-03,2000126.0,内 星龍,69.0,投,376,1.0,0.0,0.0,0.0,0.0,0.0,0.0,0.0,0.0,0.0,0.0,,0.0,0.0,0.0,0.0,0.0,0.0,5.0,1.0,0.0,2.0,1.0,2.65,1.0,1.0,,,0.0,2.0,1.0,1.0,0.0,,0.0,0.0,0.0,,5.0,15.0
2023,2021012977,2023-06-03,2000133.0,オスナ,13.0,一,2,1.0,1.0,4.0,4.0,1.0,2.0,0.0,0.0,0.0,1.0,0.0,,0.0,0.0,0.0,0.0,0.0,0.0,,,,,,,,,,,,,,,,,,,,,,
2023,2021012977,2023-06-03,2000135.0,サンタナ,25.0,右,2,1.0,1.0,4.0,4.0,1.0,2.0,0.0,0.0,0.0,1.0,0.0,,0.0,1.0,0.0,0.0,0.0,0.0,,,,,,,,,,,,,,,,,,,,,,
2023,2021012977,2023-06-03,2103740.0,安田 悠馬,55.0,打捕,376,1.0,0.0,1.0,1.0,0.0,0.0,0.0,0.0,0.0,0.0,0.0,,0.0,0.0,0.0,0.0,0.0,0.0,,,,,,,,,,,,,,,,,,,,,,
2023,2021012977,2023-06-03,2105140.0,渡辺 翔太,31.0,投,376,1.0,0.0,0.0,0.0,0.0,0.0,0.0,0.0,0.0,0.0,0.0,,0.0,0.0,0.0,0.0,0.0,0.0,3.0,1.0,0.0,0.0,0.0,0.0,2.0,2.0,,,0.0,0.0,0.0,0.0,0.0,,0.0,0.0,0.0,,6.0,24.0
2023,2021012978,2023-06-03,800075.0,伊藤 光,29.0,捕,3,1.0,1.0,4.0,2.0,1.0,0.0,0.0,0.0,0.0,0.0,0.0,,2.0,1.0,0.0,0.0,0.0,0.0,,,,,,,,,,,,,,,,,,,,,,
2023,2021012978,2023-06-03,900011.0,大田 泰示,0.0,打,3,1.0,0.0,1.0,1.0,0.0,0.0,0.0,0.0,0.0,0.0,0.0,,0.0,0.0,0.0,0.0,0.0,0.0,,,,,,,,,,,,,,,,,,,,,,
2023,2021012978,2023-06-03,1100061.0,桑原 将志,1.0,中,3,1.0,1.0,4.0,4.0,0.0,1.0,0.0,0.0,0.0,0.0,0.0,,0.0,1.0,0.0,0.0,0.0,0.0,,,,,,,,,,,,,,,,,,,,,,
2023,2021012978,2023-06-03,1200053.0,宮崎 敏郎,51.0,三,3,1.0,1.0,4.0,3.0,0.0,1.0,0.0,0.0,0.0,1.0,0.0,,0.0,0.0,0.0,0.0,1.0,0.0,,,,,,,,,,,,,,,,,,,,,,
2023,2021012978,2023-06-03,1300038.0,関根 大気,63.0,右左,3,1.0,1.0,4.0,4.0,1.0,2.0,1.0,0.0,0.0,1.0,0.0,,0.0,0.0,0.0,0.0,0.0,0.0,,,,,,,,,,,,,,,,,,,,,,
2023,2021012978,2023-06-03,1400182.0,高橋 光成,13.0,投,7,1.0,1.0,2.0,2.0,0.0,0.0,0.0,0.0,0.0,0.0,0.0,,0.0,2.0,0.0,0.0,0.0,1.0,1.0,1.0,,4.0,3.0,1.93,6.0,6.0,,,0.0,8.0,4.0,3.0,0.0,,2.0,4.0,0.0,,27.0,101.0
2023,2021012978,2023-06-03,1400184.0,外崎 修汰,5.0,二,7,1.0,1.0,4.0,4.0,1.0,1.0,0.0,0.0,1.0,1.0,0.0,,0.0,2.0,0.0,0.0,0.0,0.0,,,,,,,,,,,,,,,,,,,,,,
2023,2021012978,2023-06-03,1460045.0,バウアー,96.0,投,3,1.0,1.0,3.0,2.0,1.0,0.0,0.0,0.0,0.0,0.0,0.0,,0.0,1.0,0.0,1.0,0.0,0.0,1.0,1.0,,2.0,2.0,5.59,8.0,8.0,,,0.0,3.0,2.0,2.0,2.0,,3.0,10.0,0.0,,29.0,109.0
2023,2021012978,2023-06-03,1500063.0,柴田 竜拓,31.0,三,3,1.0,0.0,0.0,0.0,0.0,0.0,0.0,0.0,0.0,0.0,0.0,,0.0,0.0,0.0,0.0,0.0,0.0,,,,,,,,,,,,,,,,,,,,,,
2023,2021012978,2023-06-03,1500100.0,川越 誠司,72.0,右,7,1.0,1.0,4.0,3.0,0.0,0.0,0.0,0.0,0.0,0.0,0.0,,1.0,3.0,0.0,0.0,0.0,0.0,,,,,,,,,,,,,,,,,,,,,,
2023,2021012978,2023-06-03,1500102.0,愛斗,53.0,打右,7,1.0,0.0,1.0,1.0,0.0,0.0,0.0,0.0,0.0,0.0,0.0,,0.0,0.0,0.0,0.0,0.0,0.0,,,,,,,,,,,,,,,,,,,,,,
2023,2021012978,2023-06-03,1500112.0,平沼 翔太,31.0,打,7,1.0,0.0,1.0,1.0,1.0,1.0,0.0,0.0,1.0,1.0,0.0,,0.0,0.0,0.0,0.0,0.0,0.0,,,,,,,,,,,,,,,,,,,,,,
2023,2021012978,2023-06-03,1561880.0,ウェンデルケン,49.0,投,3,1.0,0.0,0.0,0.0,0.0,0.0,0.0,0.0,0.0,0.0,0.0,,0.0,0.0,0.0,0.0,0.0,0.0,2.0,1.0,0.0,1.0,1.0,1.5,1.0,1.0,,,0.0,0.0,0.0,0.0,0.0,,0.0,0.0,0.0,,3.0,9.0
2023,2021012978,2023-06-03,1600089.0,佐野 恵太,7.0,左,3,1.0,1.0,4.0,3.0,1.0,1.0,0.0,0.0,0.0,2.0,0.0,,1.0,1.0,0.0,0.0,0.0,0.0,,,,,,,,,,,,,,,,,,,,,,
2023,2021012978,2023-06-03,1600107.0,京田 陽太,98.0,遊,3,1.0,1.0,4.0,4.0,1.0,4.0,1.0,0.0,0.0,1.0,0.0,,0.0,0.0,0.0,0.0,0.0,0.0,,,,,,,,,,,,,,,,,,,,,,
2023,2021012978,2023-06-03,1600129.0,源田 壮亮,6.0,遊,7,1.0,1.0,4.0,3.0,0.0,0.0,0.0,0.0,0.0,0.0,1.0,,1.0,0.0,0.0,0.0,0.0,0.0,,,,,,,,,,,,,,,,,,,,,,
2023,2021012978,2023-06-03,1600130.0,鈴木 将平,46.0,左,7,1.0,1.0,3.0,3.0,0.0,0.0,0.0,0.0,0.0,0.0,0.0,,0.0,0.0,0.0,0.0,0.0,0.0,,,,,,,,,,,,,,,,,,,,,,
2023,2021012978,2023-06-03,1660539.0,ボー・タカハシ,42.0,投,7,1.0,0.0,0.0,0.0,0.0,0.0,0.0,0.0,0.0,0.0,0.0,,0.0,0.0,0.0,0.0,0.0,0.0,2.0,1.0,0.0,0.0,0.0,2.92,1.0,1.0,,,0.0,1.0,2.0,2.0,0.0,,1.0,1.0,0.0,,5.0,26.0
2023,2021012978,2023-06-03,1700059.0,神里 和毅,8.0,右,3,1.0,0.0,0.0,0.0,0.0,0.0,0.0,0.0,0.0,0.0,0.0,,0.0,0.0,0.0,0.0,0.0,0.0,,,,,,,,,,,,,,,,,,,,,,
2023,2021012978,2023-06-03,1750472.0,古賀 悠斗,22.0,捕,7,1.0,0.0,0.0,0.0,0.0,0.0,0.0,0.0,0.0,0.0,0.0,,0.0,0.0,0.0,0.0,0.0,0.0,,,,,,,,,,,,,,,,,,,,,,
2023,2021012978,2023-06-03,1900065.0,柘植 世那,37.0,捕,7,1.0,1.0,2.0,2.0,0.0,0.0,0.0,0.0,0.0,0.0,0.0,,0.0,0.0,0.0,0.0,0.0,0.0,,,,,,,,,,,,,,,,,,,,,,
2023,2021012978,2023-06-03,1900126.0,オースティン,3.0,一,3,1.0,1.0,4.0,4.0,1.0,1.0,1.0,0.0,0.0,0.0,0.0,,0.0,1.0,0.0,0.0,0.0,0.0,,,,,,,,,,,,,,,,,,,,,,
2023,2021012978,2023-06-03,2000035.0,牧 秀悟,2.0,二,3,1.0,1.0,4.0,3.0,0.0,0.0,0.0,0.0,0.0,1.0,0.0,,0.0,1.0,0.0,0.0,1.0,0.0,,,,,,,,,,,,,,,,,,,,,,
2023,2021012978,2023-06-03,2000067.0,渡部 健人,8.0,一,7,1.0,1.0,4.0,4.0,0.0,1.0,0.0,0.0,0.0,0.0,1.0,,0.0,1.0,0.0,0.0,0.0,0.0,,,,,,,,,,,,,,,,,,,,,,
2023,2021012978,2023-06-03,2000068.0,佐々木 健,26.0,投,7,1.0,0.0,0.0,0.0,0.0,0.0,0.0,0.0,0.0,0.0,0.0,,0.0,0.0,0.0,0.0,0.0,0.0,3.0,1.0,0.0,0.0,0.0,0.0,1.0,1.0,,,0.0,1.0,0.0,0.0,0.0,,0.0,1.0,0.0,,4.0,17.0
2023,2021012978,2023-06-03,2000070.0,若林 楽人,35.0,中,7,1.0,1.0,3.0,3.0,0.0,0.0,0.0,0.0,0.0,0.0,0.0,,0.0,2.0,0.0,0.0,0.0,0.0,,,,,,,,,,,,,,,,,,,,,,
2023,2021012978,2023-06-03,2108196.0,マキノン,30.0,三,7,1.0,1.0,4.0,3.0,0.0,0.0,0.0,0.0,0.0,0.0,0.0,,1.0,0.0,0.0,0.0,0.0,0.0,,,,,,,,,,,,,,,,,,,,,,
2023,2021012979,2023-06-03,1100105.0,安達 了一,3.0,二,11,1.0,1.0,4.0,3.0,1.0,0.0,0.0,0.0,0.0,0.0,0.0,,1.0,2.0,0.0,0.0,0.0,0.0,,,,,,,,,,,,,,,,,,,,,,
2023,2021012979,2023-06-03,1160424.0,ゴンザレス,8.0,打三,11,1.0,0.0,2.0,2.0,1.0,1.0,0.0,0.0,0.0,1.0,0.0,,0.0,0.0,0.0,0.0,0.0,0.0,,,,,,,,,,,,,,,,,,,,,,
2023,2021012979,2023-06-03,1200097.0,加藤 翔平,52.0,左,4,1.0,0.0,1.0,1.0,0.0,0.0,0.0,0.0,0.0,0.0,0.0,,0.0,0.0,0.0,0.0,0.0,1.0,,,,,,,,,,,,,,,,,,,,,,
2023,2021012979,2023-06-03,1200098.0,松葉 貴大,38.0,投,4,1.0,1.0,1.0,1.0,0.0,0.0,0.0,0.0,0.0,0.0,0.0,,0.0,1.0,0.0,0.0,0.0,0.0,1.0,1.0,,0.0,0.0,2.14,5.0,5.0,,,0.0,1.0,0.0,0.0,0.0,,0.0,3.0,0.0,,16.0,63.0
2023,2021012979,2023-06-03,1300100.0,森 友哉,4.0,打,11,1.0,0.0,1.0,1.0,0.0,0.0,0.0,0.0,0.0,0.0,0.0,,0.0,0.0,0.0,0.0,0.0,0.0,,,,,,,,,,,,,,,,,,,,,,
2023,2021012979,2023-06-03,1300109.0,若月 健矢,2.0,捕,11,1.0,1.0,4.0,4.0,0.0,1.0,1.0,0.0,0.0,0.0,0.0,,0.0,1.0,0.0,0.0,0.0,0.0,,,,,,,,,,,,,,,,,,,,,,
2023,2021012979,2023-06-03,1400195.0,山崎 福也,11.0,投,11,1.0,1.0,2.0,2.0,0.0,0.0,0.0,0.0,0.0,0.0,0.0,,0.0,0.0,0.0,0.0,0.0,0.0,1.0,1.0,,3.0,2.0,2.95,6.0,6.0,,,0.0,4.0,1.0,1.0,0.0,,1.0,6.0,0.0,,23.0,100.0
2023,2021012979,2023-06-03,1400202.0,小田 裕也,50.0,打左,11,1.0,0.0,1.0,1.0,0.0,0.0,0.0,0.0,0.0,0.0,0.0,,0.0,0.0,0.0,0.0,0.0,0.0,,,,,,,,,,,,,,,,,,,,,,
2023,2021012979,2023-06-03,1450639.0,小木田 敦也,56.0,投,11,1.0,0.0,0.0,0.0,0.0,0.0,0.0,0.0,0.0,0.0,0.0,,0.0,0.0,0.0,0.0,0.0,0.0,2.0,1.0,0.0,1.0,0.0,3.27,1.0,1.0,,,0.0,1.0,0.0,0.0,0.0,,0.0,1.0,0.0,,4.0,16.0
2023,2021012979,2023-06-03,1500041.0,廣岡 大志,30.0,三,11,1.0,1.0,3.0,3.0,0.0,1.0,0.0,0.0,0.0,2.0,0.0,,0.0,0.0,0.0,0.0,0.0,0.0,,,,,,,,,,,,,,,,,,,,,,
2023,2021012979,2023-06-03,1500076.0,木下 拓哉,35.0,捕,4,1.0,1.0,4.0,4.0,0.0,1.0,0.0,0.0,0.0,0.0,0.0,,0.0,2.0,0.0,0.0,0.0,0.0,,,,,,,,,,,,,,,,,,,,,,
2023,2021012979,2023-06-03,1500077.0,福 敬登,34.0,投,4,1.0,0.0,0.0,0.0,0.0,0.0,0.0,0.0,0.0,0.0,0.0,,0.0,0.0,0.0,0.0,0.0,0.0,4.0,1.0,0.0,1.0,0.0,3.72,0.3333333333333333,0.1,,,0.0,1.0,2.0,2.0,0.0,,1.0,0.0,0.0,,3.0,10.0
2023,2021012979,2023-06-03,1500127.0,近藤 大亮,20.0,投,11,1.0,0.0,0.0,0.0,0.0,0.0,0.0,0.0,0.0,0.0,0.0,,0.0,0.0,0.0,0.0,0.0,0.0,3.0,1.0,0.0,0.0,1.0,4.32,1.0,1.0,,,0.0,0.0,0.0,0.0,0.0,,1.0,1.0,0.0,,4.0,21.0
2023,2021012979,2023-06-03,1500135.0,杉本 裕太郎,99.0,左,11,1.0,1.0,2.0,2.0,0.0,0.0,0.0,0.0,0.0,0.0,0.0,,0.0,0.0,0.0,0.0,0.0,0.0,,,,,,,,,,,,,,,,,,,,,,
2023,2021012979,2023-06-03,1600021.0,ビシエド,66.0,一,4,1.0,1.0,4.0,4.0,0.0,0.0,0.0,0.0,0.0,0.0,0.0,,0.0,2.0,0.0,0.0,0.0,0.0,,,,,,,,,,,,,,,,,,,,,,
2023,2021012979,2023-06-03,1600085.0,細川 成也,0.0,右,4,1.0,1.0,4.0,2.0,0.0,1.0,0.0,0.0,0.0,0.0,0.0,,2.0,0.0,0.0,0.0,0.0,0.0,,,,,,,,,,,,,,,,,,,,,,
2023,2021012979,2023-06-03,1600110.0,藤嶋 健人,54.0,投,4,1.0,0.0,0.0,0.0,0.0,0.0,0.0,0.0,0.0,0.0,0.0,,0.0,0.0,0.0,0.0,0.0,0.0,2.0,1.0,0.0,0.0,0.0,0.73,1.0,1.0,,,0.0,0.0,0.0,0.0,0.0,,0.0,1.0,0.0,,3.0,17.0
2023,2021012979,2023-06-03,1600155.0,山崎 颯一郎,63.0,投,11,1.0,0.0,0.0,0.0,0.0,0.0,0.0,0.0,0.0,0.0,0.0,,0.0,0.0,0.0,0.0,0.0,0.0,4.0,1.0,0.0,0.0,0.0,1.9,1.0,1.0,,,0.0,1.0,0.0,0.0,0.0,,0.0,2.0,0.0,,4.0,13.0
2023,2021012979,2023-06-03,1700101.0,鈴木 博志,46.0,投,4,1.0,0.0,0.0,0.0,0.0,0.0,0.0,0.0,0.0,0.0,0.0,,0.0,0.0,0.0,0.0,0.0,0.0,6.0,1.0,0.0,0.0,1.0,4.8,2.0,2.0,,,0.0,1.0,0.0,0.0,0.0,,1.0,0.0,0.0,,8.0,24.0
2023,2021012979,2023-06-03,1700105.0,伊藤 康祐,49.0,打,4,1.0,0.0,1.0,1.0,0.0,0.0,0.0,0.0,0.0,0.0,0.0,,0.0,0.0,0.0,0.0,0.0,0.0,,,,,,,,,,,,,,,,,,,,,,
2023,2021012979,2023-06-03,1700106.0,山本 拓実,59.0,投,4,1.0,0.0,0.0,0.0,0.0,0.0,0.0,0.0,0.0,0.0,0.0,,0.0,0.0,0.0,0.0,0.0,0.0,5.0,1.0,0.0,0.0,1.0,5.54,0.3333333333333333,0.1,,,0.0,2.0,1.0,1.0,0.0,,0.0,0.0,0.0,,3.0,6.0
2023,2021012979,2023-06-03,1750223.0,村松 開人,5.0,遊二,4,1.0,1.0,4.0,4.0,0.0,1.0,0.0,0.0,0.0,0.0,0.0,,0.0,1.0,0.0,0.0,0.0,0.0,,,,,,,,,,,,,,,,,,,,,,
2023,2021012979,2023-06-03,1751068.0,野口 智哉,9.0,中,11,1.0,1.0,4.0,3.0,1.0,0.0,0.0,0.0,0.0,0.0,0.0,,1.0,1.0,0.0,0.0,0.0,0.0,,,,,,,,,,,,,,,,,,,,,,
2023,2021012979,2023-06-03,1800061.0,勝野 昌慶,41.0,投,4,1.0,0.0,0.0,0.0,0.0,0.0,0.0,0.0,0.0,0.0,0.0,,0.0,0.0,0.0,0.0,0.0,0.0,3.0,1.0,0.0,3.0,1.0,1.64,0.3333333333333333,0.1,,,0.0,1.0,2.0,2.0,0.0,,1.0,1.0,0.0,,3.0,14.0
2023,2021012979,2023-06-03,1800099.0,頓宮 裕真,44.0,一,11,1.0,1.0,4.0,4.0,1.0,2.0,0.0,0.0,0.0,0.0,0.0,,0.0,0.0,0.0,0.0,0.0,0.0,,,,,,,,,,,,,,,,,,,,,,
2023,2021012979,2023-06-03,1800102.0,宜保 翔,53.0,遊,11,1.0,0.0,1.0,1.0,0.0,0.0,0.0,0.0,0.0,0.0,0.0,,0.0,0.0,0.0,0.0,0.0,0.0,,,,,,,,,,,,,,,,,,,,,,
2023,2021012979,2023-06-03,1800104.0,中川 圭太,67.0,打左,11,1.0,0.0,2.0,1.0,1.0,1.0,1.0,0.0,0.0,2.0,0.0,,1.0,0.0,0.0,0.0,0.0,0.0,,,,,,,,,,,,,,,,,,,,,,
2023,2021012979,2023-06-03,1900037.0,石川 昂弥,25.0,三,4,1.0,1.0,4.0,4.0,0.0,1.0,1.0,0.0,0.0,1.0,0.0,,0.0,0.0,0.0,0.0,0.0,0.0,,,,,,,,,,,,,,,,,,,,,,
2023,2021012979,2023-06-03,1900041.0,岡林 勇希,60.0,中,4,1.0,1.0,4.0,4.0,0.0,0.0,0.0,0.0,0.0,0.0,0.0,,0.0,1.0,0.0,0.0,0.0,0.0,,,,,,,,,,,,,,,,,,,,,,
2023,2021012979,2023-06-03,1900088.0,紅林 弘太郎,24.0,遊,11,1.0,1.0,2.0,2.0,0.0,0.0,0.0,0.0,0.0,0.0,0.0,,0.0,0.0,0.0,0.0,0.0,0.0,,,,,,,,,,,,,,,,,,,,,,
2023,2021012979,2023-06-03,2000044.0,龍空,45.0,遊,4,1.0,0.0,0.0,0.0,0.0,0.0,0.0,0.0,0.0,0.0,0.0,,0.0,0.0,0.0,0.0,0.0,0.0,,,,,,,,,,,,,,,,,,,,,,
2023,2021012979,2023-06-03,2103780.0,福永 裕基,68.0,二三,4,1.0,1.0,4.0,4.0,0.0,1.0,0.0,0.0,0.0,0.0,0.0,,0.0,1.0,0.0,0.0,0.0,0.0,,,,,,,,,,,,,,,,,,,,,,
2023,2021012979,2023-06-03,2103840.0,ブライト 健太,42.0,左,4,1.0,1.0,3.0,3.0,1.0,1.0,0.0,0.0,0.0,0.0,0.0,,0.0,2.0,0.0,0.0,0.0,0.0,,,,,,,,,,,,,,,,,,,,,,
2023,2021012979,2023-06-03,2103845.0,鵜飼 航丞,4.0,打,4,1.0,0.0,1.0,1.0,0.0,0.0,0.0,0.0,0.0,0.0,0.0,,0.0,0.0,0.0,0.0,0.0,0.0,,,,,,,,,,,,,,,,,,,,,,
2023,2021012979,2023-06-03,2107897.0,茶野 篤政,61.0,右,11,1.0,1.0,4.0,4.0,0.0,0.0,0.0,0.0,0.0,0.0,0.0,,0.0,1.0,0.0,0.0,0.0,0.0,,,,,,,,,,,,,,,,,,,,,,
2023,2021012980,2023-06-03,1000083.0,澤村 拓一,54.0,投,9,1.0,0.0,0.0,0.0,0.0,0.0,0.0,0.0,0.0,0.0,0.0,,0.0,0.0,0.0,0.0,0.0,0.0,3.0,1.0,0.0,3.0,2.0,6.52,1.0,1.0,,,2.0,2.0,2.0,2.0,0.0,,2.0,2.0,0.0,,7.0,32.0
2023,2021012980,2023-06-03,1100104.0,益田 直也,52.0,投,9,1.0,0.0,0.0,0.0,0.0,0.0,0.0,0.0,0.0,0.0,0.0,,0.0,0.0,0.0,0.0,0.0,0.0,5.0,1.0,0.0,0.0,0.0,0.92,1.0,1.0,,,14.0,0.0,0.0,0.0,0.0,,0.0,2.0,0.0,,3.0,20.0
2023,2021012980,2023-06-03,1200096.0,田村 龍弘,27.0,打,9,1.0,0.0,1.0,1.0,0.0,0.0,0.0,0.0,0.0,0.0,0.0,,0.0,0.0,0.0,0.0,0.0,0.0,,,,,,,,,,,,,,,,,,,,,,
2023,2021012980,2023-06-03,1300042.0,渡邉 諒,25.0,打,5,1.0,0.0,1.0,1.0,0.0,0.0,0.0,0.0,0.0,0.0,0.0,,0.0,0.0,0.0,0.0,0.0,0.0,,,,,,,,,,,,,,,,,,,,,,
2023,2021012980,2023-06-03,1300044.0,岡 大海,25.0,中右左,9,1.0,1.0,6.0,6.0,1.0,1.0,1.0,0.0,0.0,1.0,0.0,,0.0,2.0,0.0,0.0,0.0,0.0,,,,,,,,,,,,,,,,,,,,,,
2023,2021012980,2023-06-03,1300073.0,梅野 隆太郎,2.0,打,5,1.0,0.0,1.0,1.0,0.0,1.0,0.0,0.0,0.0,0.0,0.0,,0.0,0.0,0.0,0.0,0.0,0.0,,,,,,,,,,,,,,,,,,,,,,
2023,2021012980,2023-06-03,1300075.0,岩崎 優,13.0,投,5,1.0,0.0,0.0,0.0,0.0,0.0,0.0,0.0,0.0,0.0,0.0,,0.0,0.0,0.0,0.0,0.0,0.0,3.0,1.0,0.0,2.0,0.0,0.52,1.0,1.0,,,9.0,0.0,0.0,0.0,0.0,,0.0,2.0,0.0,,3.0,16.0
2023,2021012980,2023-06-03,1300076.0,加治屋 蓮,54.0,投,5,1.0,0.0,0.0,0.0,0.0,0.0,0.0,0.0,0.0,0.0,0.0,,0.0,0.0,0.0,0.0,0.0,0.0,2.0,1.0,0.0,0.0,0.0,0.0,0.6666666666666666,0.2,,,1.0,1.0,0.0,0.0,0.0,,0.0,2.0,0.0,,3.0,9.0
2023,2021012980,2023-06-03,1400172.0,植田 海,62.0,走右,5,1.0,0.0,0.0,0.0,0.0,0.0,0.0,0.0,0.0,0.0,0.0,,0.0,0.0,0.0,0.0,0.0,0.0,,,,,,,,,,,,,,,,,,,,,,
2023,2021012980,2023-06-03,1400188.0,中村 奨吾,8.0,二,9,1.0,1.0,6.0,6.0,0.0,1.0,0.0,0.0,0.0,0.0,0.0,,0.0,2.0,0.0,0.0,0.0,0.0,,,,,,,,,,,,,,,,,,,,,,
2023,2021012980,2023-06-03,1460080.0,ポランコ,22.0,左,9,1.0,1.0,5.0,5.0,0.0,2.0,0.0,0.0,0.0,0.0,0.0,,0.0,0.0,0.0,0.0,0.0,0.0,,,,,,,,,,,,,,,,,,,,,,
2023,2021012980,2023-06-03,1500087.0,坂本 誠志郎,12.0,捕,5,1.0,1.0,5.0,3.0,0.0,0.0,0.0,0.0,0.0,0.0,0.0,,2.0,2.0,0.0,0.0,0.0,0.0,,,,,,,,,,,,,,,,,,,,,,
2023,2021012980,2023-06-03,1500117.0,平沢 大河,13.0,右,9,1.0,0.0,0.0,0.0,0.0,0.0,0.0,0.0,0.0,0.0,0.0,,0.0,0.0,0.0,0.0,0.0,0.0,,,,,,,,,,,,,,,,,,,,,,
2023,2021012980,2023-06-03,1500141.0,茶谷 健太,67.0,一遊一,9,1.0,1.0,5.0,5.0,0.0,1.0,0.0,0.0,0.0,0.0,0.0,,0.0,1.0,0.0,0.0,0.0,0.0,,,,,,,,,,,,,,,,,,,,,,
2023,2021012980,2023-06-03,1600113.0,大山 悠輔,3.0,一,5,1.0,1.0,5.0,3.0,1.0,1.0,0.0,0.0,1.0,3.0,0.0,,2.0,1.0,0.0,0.0,0.0,0.0,,,,,,,,,,,,,,,,,,,,,,
2023,2021012980,2023-06-03,1600116.0,浜地 真澄,36.0,投,5,1.0,0.0,0.0,0.0,0.0,0.0,0.0,0.0,0.0,0.0,0.0,,0.0,0.0,0.0,0.0,0.0,0.0,6.0,1.0,0.0,2.0,1.0,6.92,1.0,1.0,,,0.0,0.0,0.0,0.0,0.0,,0.0,0.0,0.0,,3.0,10.0
2023,2021012980,2023-06-03,1600146.0,種市 篤暉,16.0,投,9,1.0,1.0,2.0,1.0,0.0,0.0,0.0,0.0,0.0,0.0,0.0,,0.0,0.0,0.0,1.0,0.0,0.0,1.0,1.0,,3.0,2.0,2.56,6.0,6.0,,,0.0,2.0,3.0,3.0,1.0,,3.0,7.0,1.0,,23.0,109.0
2023,2021012980,2023-06-03,1660014.0,ペルドモ,55.0,投,9,1.0,0.0,0.0,0.0,0.0,0.0,0.0,0.0,0.0,0.0,0.0,,0.0,0.0,0.0,0.0,0.0,0.0,4.0,1.0,0.0,0.0,0.0,1.66,1.0,1.0,,,1.0,1.0,0.0,0.0,0.0,,0.0,1.0,0.0,,3.0,14.0
2023,2021012980,2023-06-03,1700092.0,安田 尚憲,5.0,三,9,1.0,1.0,5.0,5.0,0.0,1.0,0.0,0.0,0.0,0.0,0.0,,0.0,3.0,0.0,0.0,0.0,0.0,,,,,,,,,,,,,,,,,,,,,,
2023,2021012980,2023-06-03,1700093.0,藤岡 裕大,4.0,遊,9,1.0,1.0,5.0,5.0,0.0,2.0,0.0,0.0,0.0,2.0,0.0,,0.0,1.0,0.0,0.0,0.0,0.0,,,,,,,,,,,,,,,,,,,,,,
2023,2021012980,2023-06-03,1700098.0,和田 康士朗,63.0,走中,9,1.0,0.0,1.0,1.0,0.0,0.0,0.0,0.0,0.0,0.0,0.0,,0.0,0.0,0.0,0.0,0.0,0.0,,,,,,,,,,,,,,,,,,,,,,
2023,2021012980,2023-06-03,1700137.0,大竹 耕太郎,49.0,投,5,1.0,1.0,2.0,2.0,0.0,0.0,0.0,0.0,0.0,0.0,0.0,,0.0,2.0,0.0,0.0,0.0,0.0,1.0,1.0,,6.0,0.0,0.71,6.333333333333333,6.1,,,0.0,8.0,2.0,2.0,1.0,,0.0,7.0,0.0,,27.0,104.0
2023,2021012980,2023-06-03,1800051.0,東妻 勇輔,24.0,投,9,1.0,0.0,0.0,0.0,0.0,0.0,0.0,0.0,0.0,0.0,0.0,,0.0,0.0,0.0,0.0,0.0,0.0,2.0,1.0,0.0,0.0,1.0,1.86,1.0,1.0,,,0.0,0.0,0.0,0.0,0.0,,1.0,1.0,0.0,,4.0,14.0
2023,2021012980,2023-06-03,1800053.0,山口 航輝,51.0,右一,9,1.0,1.0,5.0,5.0,1.0,1.0,0.0,0.0,0.0,0.0,0.0,,0.0,3.0,0.0,0.0,0.0,0.0,,,,,,,,,,,,,,,,,,,,,,
2023,2021012980,2023-06-03,1800065.0,近本 光司,5.0,中,5,1.0,1.0,5.0,3.0,2.0,1.0,1.0,0.0,0.0,0.0,0.0,,2.0,0.0,0.0,0.0,0.0,0.0,,,,,,,,,,,,,,,,,,,,,,
2023,2021012980,2023-06-03,1800066.0,小幡 竜平,38.0,打遊,5,1.0,0.0,2.0,2.0,0.0,1.0,0.0,0.0,0.0,1.0,0.0,,0.0,1.0,0.0,0.0,0.0,0.0,,,,,,,,,,,,,,,,,,,,,,
2023,2021012980,2023-06-03,1800067.0,木浪 聖也,0.0,遊,5,1.0,1.0,4.0,4.0,0.0,1.0,0.0,0.0,0.0,0.0,0.0,,0.0,1.0,0.0,0.0,0.0,1.0,,,,,,,,,,,,,,,,,,,,,,
2023,2021012980,2023-06-03,1800070.0,湯浅 京己,65.0,投,5,1.0,0.0,0.0,0.0,0.0,0.0,0.0,0.0,0.0,0.0,0.0,,0.0,0.0,0.0,0.0,0.0,0.0,4.0,1.0,0.0,0.0,0.0,1.64,1.0,1.0,,,7.0,3.0,3.0,2.0,0.0,,0.0,0.0,0.0,,8.0,30.0
2023,2021012980,2023-06-03,1850183.0,森下 翔太,1.0,右,5,1.0,1.0,4.0,4.0,0.0,1.0,1.0,0.0,0.0,0.0,0.0,,0.0,2.0,0.0,0.0,0.0,0.0,,,,,,,,,,,,,,,,,,,,,,
2023,2021012980,2023-06-03,1900046.0,及川 雅貴,37.0,投,5,1.0,0.0,0.0,0.0,0.0,0.0,0.0,0.0,0.0,0.0,0.0,,0.0,0.0,0.0,0.0,0.0,0.0,5.0,1.0,0.0,2.0,1.0,1.59,1.0,1.0,,,0.0,1.0,0.0,0.0,0.0,,0.0,2.0,0.0,,4.0,16.0
2023,2021012980,2023-06-03,1900081.0,佐藤 都志也,32.0,捕,9,1.0,1.0,5.0,5.0,2.0,3.0,0.0,0.0,0.0,0.0,0.0,,0.0,1.0,0.0,0.0,0.0,0.0,,,,,,,,,,,,,,,,,,,,,,
2023,2021012980,2023-06-03,1900097.0,大下 誠一郎,39.0,打,9,1.0,0.0,1.0,1.0,1.0,1.0,0.0,0.0,1.0,2.0,0.0,,0.0,0.0,0.0,0.0,0.0,0.0,,,,,,,,,,,,,,,,,,,,,,
2023,2021012980,2023-06-03,1961251.0,ミエセス,55.0,打,5,1.0,0.0,1.0,1.0,0.0,0.0,0.0,0.0,0.0,0.0,0.0,,0.0,1.0,0.0,0.0,0.0,0.0,,,,,,,,,,,,,,,,,,,,,,
2023,2021012980,2023-06-03,1961285.0,ノイジー,7.0,左,5,1.0,1.0,5.0,3.0,1.0,0.0,0.0,0.0,0.0,1.0,0.0,,1.0,0.0,0.0,0.0,1.0,0.0,,,,,,,,,,,,,,,,,,,,,,
2023,2021012980,2023-06-03,2000051.0,佐藤 輝明,8.0,三,5,1.0,1.0,5.0,5.0,1.0,1.0,0.0,0.0,0.0,0.0,0.0,,0.0,3.0,0.0,0.0,0.0,0.0,,,,,,,,,,,,,,,,,,,,,,
2023,2021012980,2023-06-03,2000056.0,中野 拓夢,51.0,二,5,1.0,1.0,5.0,4.0,1.0,1.0,0.0,1.0,0.0,1.0,0.0,,0.0,1.0,1.0,0.0,0.0,1.0,,,,,,,,,,,,,,,,,,,,,,
2023,2021012980,2023-06-03,2103693.0,池田 来翔,0.0,打,9,1.0,0.0,1.0,1.0,0.0,0.0,0.0,0.0,0.0,0.0,0.0,,0.0,0.0,0.0,0.0,0.0,0.0,,,,,,,,,,,,,,,,,,,,,,
2023,2021012980,2023-06-03,2103779.0,廣畑 敦也,30.0,投,9,1.0,0.0,0.0,0.0,0.0,0.0,0.0,0.0,0.0,0.0,0.0,,0.0,0.0,0.0,0.0,0.0,0.0,6.0,1.0,0.0,1.0,1.0,5.73,0.3333333333333333,0.1,,,0.0,3.0,1.0,1.0,0.0,,1.0,1.0,0.0,,5.0,17.0
2023,2021012980,2023-06-03,2106798.0,友杉 篤輝,10.0,走遊,9,1.0,0.0,0.0,0.0,0.0,0.0,0.0,0.0,0.0,0.0,1.0,,0.0,0.0,0.0,0.0,0.0,0.0,,,,,,,,,,,,,,,,,,,,,,
2023,2021012981,2023-06-03,700050.0,會澤 翼,27.0,捕,6,1.0,1.0,4.0,3.0,0.0,0.0,0.0,0.0,0.0,0.0,0.0,,0.0,1.0,0.0,1.0,0.0,0.0,,,,,,,,,,,,,,,,,,,,,,
2023,2021012981,2023-06-03,800041.0,松山 竜平,55.0,打,6,1.0,0.0,1.0,1.0,0.0,0.0,0.0,0.0,0.0,0.0,0.0,,0.0,0.0,0.0,0.0,0.0,0.0,,,,,,,,,,,,,,,,,,,,,,
2023,2021012981,2023-06-03,800081.0,中村 晃,7.0,一,12,1.0,1.0,5.0,3.0,0.0,0.0,0.0,0.0,0.0,1.0,0.0,,1.0,0.0,0.0,0.0,1.0,0.0,,,,,,,,,,,,,,,,,,,,,,
2023,2021012981,2023-06-03,1000128.0,柳田 悠岐,9.0,右,12,1.0,1.0,5.0,4.0,0.0,0.0,0.0,0.0,0.0,0.0,0.0,,0.0,0.0,1.0,0.0,0.0,0.0,,,,,,,,,,,,,,,,,,,,,,
2023,2021012981,2023-06-03,1000150.0,秋山 翔吾,9.0,中,6,1.0,1.0,4.0,2.0,0.0,0.0,0.0,0.0,0.0,0.0,0.0,,1.0,0.0,0.0,1.0,0.0,0.0,,,,,,,,,,,,,,,,,,,,,,
2023,2021012981,2023-06-03,1000175.0,牧原 大成,8.0,二,12,1.0,1.0,5.0,5.0,0.0,2.0,0.0,0.0,0.0,0.0,0.0,,0.0,1.0,0.0,0.0,0.0,0.0,,,,,,,,,,,,,,,,,,,,,,
2023,2021012981,2023-06-03,1000176.0,甲斐 拓也,19.0,捕,12,1.0,1.0,3.0,3.0,0.0,2.0,0.0,0.0,0.0,0.0,0.0,,0.0,1.0,0.0,0.0,0.0,0.0,,,,,,,,,,,,,,,,,,,,,,
2023,2021012981,2023-06-03,1100082.0,菊池 涼介,33.0,二,6,1.0,1.0,5.0,5.0,0.0,0.0,0.0,0.0,0.0,0.0,0.0,,0.0,1.0,0.0,0.0,0.0,1.0,,,,,,,,,,,,,,,,,,,,,,
2023,2021012981,2023-06-03,1100097.0,近藤 健介,3.0,左,12,1.0,1.0,5.0,4.0,0.0,1.0,0.0,0.0,0.0,0.0,0.0,,1.0,1.0,0.0,0.0,0.0,0.0,,,,,,,,,,,,,,,,,,,,,,
2023,2021012981,2023-06-03,1100119.0,嘉弥真 新也,57.0,投,12,1.0,0.0,0.0,0.0,0.0,0.0,0.0,0.0,0.0,0.0,0.0,,0.0,0.0,0.0,0.0,0.0,0.0,2.0,1.0,0.0,0.0,0.0,7.56,1.0,1.0,,,0.0,1.0,2.0,2.0,0.0,,2.0,0.0,0.0,,6.0,18.0
2023,2021012981,2023-06-03,1300059.0,田中 広輔,2.0,走三,6,1.0,0.0,1.0,0.0,1.0,0.0,0.0,0.0,0.0,1.0,0.0,,0.0,0.0,0.0,1.0,0.0,0.0,,,,,,,,,,,,,,,,,,,,,,
2023,2021012981,2023-06-03,1300080.0,石川 柊太,29.0,投,12,1.0,1.0,2.0,2.0,0.0,0.0,0.0,0.0,0.0,0.0,0.0,,0.0,1.0,0.0,0.0,0.0,0.0,1.0,1.0,,3.0,2.0,3.44,6.0,6.0,,,0.0,7.0,2.0,2.0,0.0,,2.0,6.0,0.0,,28.0,102.0
2023,2021012981,2023-06-03,1300082.0,曽根 海成,0.0,右,6,1.0,1.0,4.0,4.0,0.0,0.0,0.0,0.0,0.0,0.0,0.0,,0.0,1.0,0.0,0.0,0.0,0.0,,,,,,,,,,,,,,,,,,,,,,
2023,2021012981,2023-06-03,1400127.0,栗原 陵矢,24.0,三,12,1.0,1.0,4.0,4.0,0.0,0.0,0.0,0.0,0.0,0.0,0.0,,0.0,2.0,0.0,0.0,0.0,0.0,,,,,,,,,,,,,,,,,,,,,,
2023,2021012981,2023-06-03,1500096.0,西川 龍馬,5.0,左,6,1.0,1.0,4.0,4.0,0.0,3.0,0.0,0.0,0.0,2.0,0.0,,0.0,1.0,0.0,0.0,0.0,0.0,,,,,,,,,,,,,,,,,,,,,,
2023,2021012981,2023-06-03,1500140.0,谷川原 健太,45.0,打,12,1.0,0.0,1.0,0.0,0.0,0.0,0.0,0.0,0.0,0.0,0.0,,1.0,0.0,0.0,0.0,0.0,0.0,,,,,,,,,,,,,,,,,,,,,,
2023,2021012981,2023-06-03,1500143.0,川瀬 晃,0.0,遊,12,1.0,1.0,4.0,4.0,1.0,1.0,0.0,0.0,0.0,0.0,0.0,,0.0,1.0,0.0,0.0,0.0,0.0,,,,,,,,,,,,,,,,,,,,,,
2023,2021012981,2023-06-03,1560685.0,ターリー,68.0,投,6,1.0,0.0,0.0,0.0,0.0,0.0,0.0,0.0,0.0,0.0,0.0,,0.0,0.0,0.0,0.0,0.0,0.0,2.0,1.0,0.0,2.0,0.0,1.27,1.0,1.0,,,1.0,2.0,0.0,0.0,0.0,,0.0,0.0,0.0,,6.0,19.0
2023,2021012981,2023-06-03,1600121.0,矢崎 拓也,41.0,投,6,1.0,0.0,0.0,0.0,0.0,0.0,0.0,0.0,0.0,0.0,0.0,,0.0,0.0,0.0,0.0,0.0,0.0,3.0,1.0,0.0,3.0,0.0,2.03,0.0,0.0,,,5.0,3.0,2.0,2.0,0.0,,1.0,0.0,0.0,,4.0,19.0
2023,2021012981,2023-06-03,1600167.0,三森 大貴,13.0,打,12,1.0,0.0,1.0,1.0,0.0,1.0,0.0,0.0,0.0,1.0,0.0,,0.0,0.0,0.0,0.0,0.0,0.0,,,,,,,,,,,,,,,,,,,,,,
2023,2021012981,2023-06-03,1700134.0,尾形 崇斗,39.0,投,12,1.0,0.0,0.0,0.0,0.0,0.0,0.0,0.0,0.0,0.0,0.0,,0.0,0.0,0.0,0.0,0.0,0.0,3.0,1.0,0.0,0.0,0.0,0.0,1.0,1.0,,,0.0,0.0,0.0,0.0,0.0,,0.0,0.0,0.0,,3.0,11.0
2023,2021012981,2023-06-03,1800073.0,島内 颯太郎,43.0,投,6,1.0,0.0,0.0,0.0,0.0,0.0,0.0,0.0,0.0,0.0,0.0,,0.0,0.0,0.0,0.0,0.0,0.0,4.0,1.0,0.0,1.0,1.0,1.56,1.0,1.0,,,2.0,1.0,0.0,0.0,0.0,,0.0,0.0,0.0,,4.0,19.0
2023,2021012981,2023-06-03,1800074.0,林 晃汰,44.0,三,6,1.0,1.0,3.0,3.0,0.0,2.0,1.0,0.0,0.0,0.0,0.0,,0.0,0.0,0.0,0.0,0.0,1.0,,,,,,,,,,,,,,,,,,,,,,
2023,2021012981,2023-06-03,1900052.0,森下 暢仁,18.0,投,6,1.0,1.0,3.0,2.0,0.0,2.0,0.0,0.0,0.0,1.0,0.0,,0.0,0.0,0.0,1.0,0.0,0.0,1.0,1.0,,2.0,1.0,1.3,7.0,7.0,,,0.0,2.0,0.0,0.0,0.0,,2.0,7.0,1.0,,26.0,108.0
2023,2021012981,2023-06-03,1900055.0,韮澤 雄也,54.0,走一,6,1.0,0.0,0.0,0.0,1.0,0.0,0.0,0.0,0.0,0.0,0.0,,0.0,0.0,0.0,0.0,0.0,0.0,,,,,,,,,,,,,,,,,,,,,,
2023,2021012981,2023-06-03,1900104.0,柳町 達,32.0,中,12,1.0,1.0,4.0,4.0,1.0,1.0,0.0,0.0,0.0,0.0,0.0,,0.0,0.0,0.0,0.0,0.0,0.0,,,,,,,,,,,,,,,,,,,,,,
2023,2021012981,2023-06-03,1961166.0,マクブルーム,10.0,一,6,1.0,1.0,4.0,2.0,0.0,0.0,0.0,0.0,0.0,0.0,0.0,,2.0,0.0,0.0,0.0,0.0,1.0,,,,,,,,,,,,,,,,,,,,,,
2023,2021012981,2023-06-03,2000065.0,矢野 雅哉,61.0,遊,6,1.0,1.0,4.0,3.0,2.0,1.0,0.0,0.0,0.0,0.0,0.0,,1.0,2.0,0.0,0.0,0.0,0.0,,,,,,,,,,,,,,,,,,,,,,
2023,2021012981,2023-06-03,2103735.0,正木 智也,31.0,打,12,1.0,0.0,1.0,1.0,0.0,0.0,0.0,0.0,0.0,0.0,0.0,,0.0,0.0,0.0,0.0,0.0,0.0,,,,,,,,,,,,,,,,,,,,,,
2023,2021012982,2023-06-04,700003.0,坂本 勇人,6.0,遊,1,1.0,1.0,4.0,4.0,0.0,2.0,0.0,0.0,0.0,1.0,0.0,,0.0,2.0,0.0,0.0,0.0,0.0,,,,,,,,,,,,,,,,,,,,,,
2023,2021012982,2023-06-04,700027.0,梶谷 隆幸,13.0,打右,1,1.0,0.0,2.0,2.0,0.0,1.0,0.0,0.0,0.0,0.0,0.0,,0.0,1.0,0.0,0.0,0.0,0.0,,,,,,,,,,,,,,,,,,,,,,
2023,2021012982,2023-06-04,800043.0,丸 佳浩,8.0,右,1,1.0,1.0,4.0,4.0,1.0,1.0,0.0,0.0,1.0,1.0,0.0,,0.0,1.0,0.0,0.0,0.0,0.0,,,,,,,,,,,,,,,,,,,,,,
2023,2021012982,2023-06-04,800054.0,中田 翔,10.0,一,1,1.0,1.0,4.0,3.0,0.0,0.0,0.0,0.0,0.0,0.0,0.0,,1.0,2.0,0.0,0.0,0.0,0.0,,,,,,,,,,,,,,,,,,,,,,
2023,2021012982,2023-06-04,1100095.0,松本 剛,7.0,左,8,1.0,1.0,5.0,5.0,1.0,1.0,0.0,0.0,0.0,0.0,0.0,,0.0,1.0,0.0,0.0,0.0,0.0,,,,,,,,,,,,,,,,,,,,,,
2023,2021012982,2023-06-04,1200080.0,谷内 亮太,32.0,遊,8,1.0,0.0,1.0,1.0,0.0,0.0,0.0,0.0,0.0,0.0,0.0,,0.0,0.0,0.0,0.0,0.0,0.0,,,,,,,,,,,,,,,,,,,,,,
2023,2021012982,2023-06-04,1251037.0,上川畑 大悟,4.0,遊,8,1.0,1.0,4.0,4.0,0.0,0.0,0.0,0.0,0.0,0.0,0.0,,0.0,0.0,0.0,0.0,0.0,0.0,,,,,,,,,,,,,,,,,,,,,,
2023,2021012982,2023-06-04,1300037.0,三上 朋也,69.0,投,1,1.0,0.0,0.0,0.0,0.0,0.0,0.0,0.0,0.0,0.0,0.0,,0.0,0.0,0.0,0.0,0.0,0.0,5.0,1.0,0.0,0.0,1.0,3.0,2.0,2.0,,,0.0,2.0,1.0,1.0,0.0,,0.0,1.0,0.0,,8.0,28.0
2023,2021012982,2023-06-04,1300094.0,杉浦 稔大,22.0,投,8,1.0,0.0,0.0,0.0,0.0,0.0,0.0,0.0,0.0,0.0,0.0,,0.0,0.0,0.0,0.0,0.0,0.0,2.0,1.0,0.0,0.0,1.0,2.16,1.0,1.0,,,0.0,1.0,0.0,0.0,0.0,,0.0,1.0,0.0,,4.0,21.0
2023,2021012982,2023-06-04,1400101.0,岡本 和真,25.0,三,1,1.0,1.0,4.0,4.0,1.0,2.0,0.0,0.0,1.0,1.0,0.0,,0.0,0.0,0.0,0.0,0.0,0.0,,,,,,,,,,,,,,,,,,,,,,
2023,2021012982,2023-06-04,1400118.0,清水 優心,10.0,打捕,8,1.0,0.0,1.0,1.0,0.0,0.0,0.0,0.0,0.0,0.0,0.0,,0.0,1.0,0.0,0.0,0.0,0.0,,,,,,,,,,,,,,,,,,,,,,
2023,2021012982,2023-06-04,1400170.0,江越 大賀,37.0,左,8,1.0,0.0,1.0,1.0,0.0,0.0,0.0,0.0,0.0,0.0,0.0,,0.0,0.0,0.0,0.0,0.0,0.0,,,,,,,,,,,,,,,,,,,,,,
2023,2021012982,2023-06-04,1600059.0,吉川 尚輝,2.0,二,1,1.0,1.0,4.0,4.0,0.0,0.0,0.0,0.0,0.0,0.0,0.0,,0.0,1.0,0.0,0.0,0.0,0.0,,,,,,,,,,,,,,,,,,,,,,
2023,2021012982,2023-06-04,1600070.0,松原 聖弥,59.0,打,1,1.0,0.0,1.0,1.0,0.0,0.0,0.0,0.0,0.0,0.0,0.0,,0.0,0.0,0.0,0.0,0.0,0.0,,,,,,,,,,,,,,,,,,,,,,
2023,2021012982,2023-06-04,1700042.0,鍬原 拓也,46.0,投,1,1.0,0.0,0.0,0.0,0.0,0.0,0.0,0.0,0.0,0.0,0.0,,0.0,0.0,0.0,0.0,0.0,0.0,3.0,1.0,0.0,0.0,0.0,9.0,0.6666666666666666,0.2,,,0.0,5.0,4.0,4.0,0.0,,1.0,0.0,1.0,,9.0,26.0
2023,2021012982,2023-06-04,1700043.0,岸田 行倫,27.0,走捕,1,1.0,0.0,0.0,0.0,0.0,0.0,0.0,0.0,0.0,0.0,0.0,,0.0,0.0,0.0,0.0,0.0,0.0,,,,,,,,,,,,,,,,,,,,,,
2023,2021012982,2023-06-04,1700044.0,大城 卓三,24.0,捕,1,1.0,1.0,3.0,3.0,0.0,1.0,0.0,0.0,0.0,0.0,0.0,,0.0,1.0,0.0,0.0,0.0,0.0,,,,,,,,,,,,,,,,,,,,,,
2023,2021012982,2023-06-04,1700047.0,若林 晃弘,37.0,打,1,1.0,0.0,1.0,1.0,0.0,0.0,0.0,0.0,0.0,0.0,0.0,,0.0,1.0,0.0,0.0,0.0,0.0,,,,,,,,,,,,,,,,,,,,,,
2023,2021012982,2023-06-04,1750903.0,北山 亘基,57.0,投,8,1.0,1.0,4.0,4.0,1.0,2.0,0.0,0.0,0.0,2.0,0.0,,0.0,2.0,0.0,0.0,0.0,0.0,1.0,1.0,,3.0,2.0,2.45,7.0,7.0,,,0.0,8.0,3.0,3.0,2.0,,1.0,6.0,0.0,,28.0,101.0
2023,2021012982,2023-06-04,1800008.0,マルティネス,2.0,捕,8,1.0,1.0,4.0,3.0,0.0,0.0,0.0,0.0,0.0,1.0,0.0,,1.0,1.0,0.0,0.0,0.0,0.0,,,,,,,,,,,,,,,,,,,,,,
2023,2021012982,2023-06-04,1800091.0,野村 佑希,5.0,三一,8,1.0,1.0,5.0,4.0,3.0,2.0,0.0,0.0,1.0,3.0,0.0,,1.0,1.0,0.0,0.0,0.0,0.0,,,,,,,,,,,,,,,,,,,,,,
2023,2021012982,2023-06-04,1800093.0,万波 中正,66.0,右,8,1.0,1.0,5.0,4.0,2.0,3.0,1.0,0.0,0.0,1.0,0.0,,0.0,1.0,1.0,0.0,0.0,0.0,,,,,,,,,,,,,,,,,,,,,,
2023,2021012982,2023-06-04,1850809.0,松井 颯,93.0,投,1,1.0,1.0,0.0,0.0,0.0,0.0,0.0,0.0,0.0,0.0,0.0,,0.0,0.0,0.0,0.0,0.0,0.0,1.0,1.0,,1.0,1.0,4.15,3.0,3.0,,,0.0,7.0,5.0,5.0,1.0,,1.0,4.0,0.0,,17.0,66.0
2023,2021012982,2023-06-04,1860031.0,ブリンソン,42.0,中,1,1.0,1.0,3.0,3.0,0.0,0.0,0.0,0.0,0.0,0.0,0.0,,0.0,1.0,0.0,0.0,0.0,0.0,,,,,,,,,,,,,,,,,,,,,,
2023,2021012982,2023-06-04,1900084.0,福田 光輝,35.0,二,8,1.0,1.0,5.0,5.0,1.0,2.0,1.0,0.0,0.0,0.0,0.0,,0.0,1.0,0.0,0.0,0.0,0.0,,,,,,,,,,,,,,,,,,,,,,
2023,2021012982,2023-06-04,1961860.0,加藤 豪将,3.0,一三,8,1.0,1.0,5.0,5.0,2.0,3.0,1.0,0.0,0.0,1.0,0.0,,0.0,1.0,0.0,0.0,0.0,0.0,,,,,,,,,,,,,,,,,,,,,,
2023,2021012982,2023-06-04,2000007.0,中山 礼都,40.0,打,1,1.0,0.0,1.0,1.0,1.0,1.0,1.0,0.0,0.0,0.0,0.0,,0.0,0.0,0.0,0.0,0.0,0.0,,,,,,,,,,,,,,,,,,,,,,
2023,2021012982,2023-06-04,2000009.0,秋広 優人,55.0,左,1,1.0,1.0,4.0,4.0,0.0,1.0,0.0,0.0,0.0,0.0,0.0,,0.0,0.0,0.0,0.0,0.0,0.0,,,,,,,,,,,,,,,,,,,,,,
2023,2021012982,2023-06-04,2000082.0,細川 凌平,56.0,中,8,1.0,1.0,4.0,3.0,0.0,1.0,1.0,0.0,0.0,2.0,0.0,,0.0,2.0,0.0,1.0,0.0,0.0,,,,,,,,,,,,,,,,,,,,,,
2023,2021012982,2023-06-04,2103705.0,菊地 大稀,96.0,投,1,1.0,0.0,0.0,0.0,0.0,0.0,0.0,0.0,0.0,0.0,0.0,,0.0,0.0,0.0,0.0,0.0,0.0,2.0,1.0,0.0,1.0,1.0,5.11,2.0,2.0,,,0.0,0.0,0.0,0.0,0.0,,0.0,3.0,0.0,,6.0,32.0
2023,2021012982,2023-06-04,2107874.0,門脇 誠,35.0,打,1,1.0,0.0,1.0,1.0,0.0,1.0,1.0,0.0,0.0,0.0,0.0,,0.0,0.0,0.0,0.0,0.0,0.0,,,,,,,,,,,,,,,,,,,,,,
2023,2021012982,2023-06-04,2107899.0,田中 千晴,48.0,投,1,1.0,0.0,0.0,0.0,0.0,0.0,0.0,0.0,0.0,0.0,0.0,,0.0,0.0,0.0,0.0,0.0,0.0,4.0,1.0,0.0,1.0,3.0,5.4,1.3333333333333333,1.1,,,0.0,0.0,0.0,0.0,0.0,,0.0,3.0,0.0,,4.0,19.0
2023,2021012982,2023-06-04,2107958.0,宮内 春輝,62.0,投,8,1.0,0.0,0.0,0.0,0.0,0.0,0.0,0.0,0.0,0.0,0.0,,0.0,0.0,0.0,0.0,0.0,0.0,3.0,1.0,0.0,1.0,0.0,5.4,1.0,1.0,,,0.0,1.0,0.0,0.0,0.0,,0.0,3.0,0.0,,4.0,16.0
2023,2021012983,2023-06-04,400021.0,青木 宣親,23.0,左,2,1.0,1.0,4.0,3.0,1.0,2.0,1.0,0.0,0.0,0.0,0.0,,1.0,0.0,0.0,0.0,0.0,0.0,,,,,,,,,,,,,,,,,,,,,,
2023,2021012983,2023-06-04,600026.0,炭谷 銀仁朗,26.0,打,376,1.0,0.0,1.0,1.0,0.0,0.0,0.0,0.0,0.0,0.0,0.0,,0.0,0.0,0.0,0.0,0.0,0.0,,,,,,,,,,,,,,,,,,,,,,
2023,2021012983,2023-06-04,900044.0,中村 悠平,27.0,捕,2,1.0,1.0,4.0,3.0,0.0,1.0,0.0,0.0,0.0,2.0,0.0,,1.0,0.0,0.0,0.0,0.0,0.0,,,,,,,,,,,,,,,,,,,,,,
2023,2021012983,2023-06-04,900056.0,浅村 栄斗,3.0,二,376,1.0,1.0,4.0,4.0,0.0,0.0,0.0,0.0,0.0,0.0,0.0,,0.0,1.0,0.0,0.0,0.0,0.0,,,,,,,,,,,,,,,,,,,,,,
2023,2021012983,2023-06-04,1000132.0,山田 哲人,1.0,二,2,1.0,1.0,5.0,5.0,0.0,1.0,1.0,0.0,0.0,0.0,0.0,,0.0,0.0,0.0,0.0,0.0,0.0,,,,,,,,,,,,,,,,,,,,,,
2023,2021012983,2023-06-04,1100103.0,鈴木 大地,7.0,一,376,1.0,1.0,3.0,3.0,0.0,0.0,0.0,0.0,0.0,0.0,0.0,,0.0,1.0,0.0,0.0,0.0,0.0,,,,,,,,,,,,,,,,,,,,,,
2023,2021012983,2023-06-04,1100130.0,岡島 豪郎,27.0,右,376,1.0,1.0,4.0,3.0,0.0,0.0,0.0,0.0,0.0,0.0,0.0,,1.0,1.0,0.0,0.0,0.0,0.0,,,,,,,,,,,,,,,,,,,,,,
2023,2021012983,2023-06-04,1100132.0,島内 宏明,35.0,打,376,1.0,0.0,1.0,1.0,0.0,0.0,0.0,0.0,0.0,0.0,0.0,,0.0,0.0,0.0,0.0,0.0,0.0,,,,,,,,,,,,,,,,,,,,,,
2023,2021012983,2023-06-04,1300029.0,田口 麗斗,34.0,投,2,1.0,0.0,0.0,0.0,0.0,0.0,0.0,0.0,0.0,0.0,0.0,,0.0,0.0,0.0,0.0,0.0,0.0,5.0,1.0,0.0,0.0,2.0,1.83,1.0,1.0,,,12.0,1.0,0.0,0.0,0.0,,0.0,1.0,0.0,,4.0,12.0
2023,2021012983,2023-06-04,1300092.0,今野 龍太,69.0,投,2,1.0,0.0,0.0,0.0,0.0,0.0,0.0,0.0,0.0,0.0,0.0,,0.0,0.0,0.0,0.0,0.0,0.0,2.0,1.0,0.0,0.0,0.0,0.0,1.0,1.0,,,0.0,0.0,0.0,0.0,0.0,,1.0,0.0,0.0,,3.0,14.0
2023,2021012983,2023-06-04,1400139.0,安樂 智大,20.0,投,376,1.0,0.0,0.0,0.0,0.0,0.0,0.0,0.0,0.0,0.0,0.0,,0.0,0.0,0.0,0.0,0.0,0.0,3.0,1.0,0.0,0.0,0.0,2.57,1.0,1.0,,,0.0,1.0,0.0,0.0,0.0,,0.0,1.0,0.0,,4.0,15.0
2023,2021012983,2023-06-04,1460250.0,フランコ,23.0,三,376,1.0,1.0,4.0,4.0,0.0,0.0,0.0,0.0,0.0,0.0,0.0,,0.0,1.0,0.0,0.0,0.0,0.0,,,,,,,,,,,,,,,,,,,,,,
2023,2021012983,2023-06-04,1500044.0,山崎 晃大朗,31.0,中右,2,1.0,1.0,5.0,3.0,1.0,0.0,0.0,0.0,0.0,0.0,0.0,,2.0,0.0,0.0,0.0,0.0,0.0,,,,,,,,,,,,,,,,,,,,,,
2023,2021012983,2023-06-04,1500139.0,小澤 怜史,45.0,投,2,1.0,1.0,2.0,2.0,0.0,0.0,0.0,0.0,0.0,0.0,0.0,,0.0,2.0,0.0,0.0,0.0,0.0,1.0,1.0,,1.0,1.0,2.83,5.0,5.0,,,0.0,2.0,1.0,1.0,0.0,,3.0,1.0,1.0,,19.0,71.0
2023,2021012983,2023-06-04,1600012.0,宋 家豪,43.0,投,376,1.0,0.0,0.0,0.0,0.0,0.0,0.0,0.0,0.0,0.0,0.0,,0.0,0.0,0.0,0.0,0.0,0.0,6.0,1.0,0.0,1.0,0.0,3.65,1.0,1.0,,,0.0,1.0,0.0,0.0,0.0,,0.0,1.0,0.0,,4.0,14.0
2023,2021012983,2023-06-04,1600075.0,星 知弥,24.0,投,2,1.0,0.0,0.0,0.0,0.0,0.0,0.0,0.0,0.0,0.0,0.0,,0.0,0.0,0.0,0.0,0.0,0.0,3.0,1.0,0.0,1.0,1.0,4.24,1.0,1.0,,,0.0,1.0,0.0,0.0,0.0,,0.0,2.0,0.0,,4.0,13.0
2023,2021012983,2023-06-04,1600101.0,西口 直人,62.0,投,376,1.0,0.0,0.0,0.0,0.0,0.0,0.0,0.0,0.0,0.0,0.0,,0.0,0.0,0.0,0.0,0.0,0.0,4.0,1.0,0.0,0.0,4.0,3.8,1.0,1.0,,,0.0,2.0,1.0,1.0,1.0,,1.0,0.0,0.0,,6.0,29.0
2023,2021012983,2023-06-04,1700034.0,山崎 剛,34.0,遊,376,1.0,1.0,4.0,3.0,0.0,1.0,0.0,0.0,0.0,1.0,0.0,,1.0,0.0,0.0,0.0,0.0,0.0,,,,,,,,,,,,,,,,,,,,,,
2023,2021012983,2023-06-04,1700084.0,村上 宗隆,55.0,三,2,1.0,1.0,4.0,4.0,1.0,1.0,0.0,0.0,0.0,1.0,0.0,,0.0,1.0,0.0,0.0,0.0,0.0,,,,,,,,,,,,,,,,,,,,,,
2023,2021012983,2023-06-04,1800033.0,清水 昇,17.0,投,2,1.0,0.0,0.0,0.0,0.0,0.0,0.0,0.0,0.0,0.0,0.0,,0.0,0.0,0.0,0.0,0.0,0.0,4.0,1.0,0.0,0.0,1.0,2.05,1.0,1.0,,,0.0,3.0,1.0,1.0,0.0,,0.0,3.0,0.0,,6.0,25.0
2023,2021012983,2023-06-04,1800036.0,濱田 太貴,51.0,打,2,1.0,0.0,1.0,0.0,0.0,0.0,0.0,0.0,0.0,0.0,0.0,,1.0,0.0,0.0,0.0,0.0,0.0,,,,,,,,,,,,,,,,,,,,,,
2023,2021012983,2023-06-04,1800044.0,伊藤 裕季也,39.0,打,376,1.0,0.0,1.0,1.0,0.0,0.0,0.0,0.0,0.0,0.0,0.0,,0.0,1.0,0.0,0.0,0.0,0.0,,,,,,,,,,,,,,,,,,,,,,
2023,2021012983,2023-06-04,1800117.0,辰己 涼介,8.0,打中,376,1.0,0.0,1.0,1.0,1.0,1.0,1.0,0.0,0.0,0.0,0.0,,0.0,0.0,0.0,0.0,0.0,0.0,,,,,,,,,,,,,,,,,,,,,,
2023,2021012983,2023-06-04,1800118.0,太田 光,2.0,捕,376,1.0,1.0,4.0,2.0,1.0,0.0,0.0,0.0,0.0,0.0,0.0,,1.0,1.0,0.0,1.0,0.0,0.0,,,,,,,,,,,,,,,,,,,,,,
2023,2021012983,2023-06-04,1800123.0,小郷 裕哉,51.0,中右,376,1.0,1.0,4.0,4.0,0.0,3.0,0.0,0.0,0.0,0.0,0.0,,0.0,1.0,0.0,0.0,0.0,0.0,,,,,,,,,,,,,,,,,,,,,,
2023,2021012983,2023-06-04,1900028.0,長岡 秀樹,7.0,遊,2,1.0,1.0,4.0,3.0,0.0,1.0,0.0,0.0,0.0,0.0,0.0,,1.0,0.0,0.0,0.0,0.0,0.0,,,,,,,,,,,,,,,,,,,,,,
2023,2021012983,2023-06-04,1900029.0,武岡 龍世,60.0,走二,2,1.0,0.0,0.0,0.0,0.0,0.0,0.0,0.0,0.0,0.0,0.0,,0.0,0.0,0.0,0.0,0.0,0.0,,,,,,,,,,,,,,,,,,,,,,
2023,2021012983,2023-06-04,1900112.0,小深田 大翔,0.0,左,376,1.0,1.0,4.0,2.0,0.0,2.0,0.0,0.0,0.0,1.0,0.0,,1.0,0.0,1.0,0.0,0.0,0.0,,,,,,,,,,,,,,,,,,,,,,
2023,2021012983,2023-06-04,1900114.0,津留崎 大成,52.0,投,376,1.0,0.0,0.0,0.0,0.0,0.0,0.0,0.0,0.0,0.0,0.0,,0.0,0.0,0.0,0.0,0.0,0.0,2.0,1.0,0.0,0.0,0.0,0.0,2.0,2.0,,,0.0,1.0,0.0,0.0,0.0,,0.0,1.0,0.0,,7.0,23.0
2023,2021012983,2023-06-04,2000026.0,内山 壮真,33.0,左,2,1.0,0.0,1.0,1.0,0.0,0.0,0.0,0.0,0.0,0.0,0.0,,0.0,1.0,0.0,0.0,0.0,0.0,,,,,,,,,,,,,,,,,,,,,,
2023,2021012983,2023-06-04,2000028.0,並木 秀尊,0.0,走中,2,1.0,0.0,0.0,0.0,1.0,0.0,0.0,0.0,0.0,0.0,0.0,,0.0,0.0,0.0,0.0,0.0,0.0,,,,,,,,,,,,,,,,,,,,,,
2023,2021012983,2023-06-04,2000126.0,内 星龍,69.0,投,376,1.0,0.0,0.0,0.0,0.0,0.0,0.0,0.0,0.0,0.0,0.0,,0.0,0.0,0.0,0.0,0.0,0.0,5.0,1.0,0.0,2.0,1.0,3.0,1.0,1.0,,,0.0,1.0,1.0,1.0,0.0,,1.0,0.0,0.0,,5.0,18.0
2023,2021012983,2023-06-04,2000133.0,オスナ,13.0,一,2,1.0,1.0,4.0,4.0,1.0,1.0,0.0,0.0,1.0,1.0,0.0,,0.0,0.0,0.0,0.0,0.0,0.0,,,,,,,,,,,,,,,,,,,,,,
2023,2021012983,2023-06-04,2000135.0,サンタナ,25.0,右,2,1.0,1.0,4.0,3.0,0.0,2.0,0.0,0.0,0.0,1.0,0.0,,0.0,0.0,0.0,0.0,1.0,0.0,,,,,,,,,,,,,,,,,,,,,,
2023,2021012983,2023-06-04,2103740.0,安田 悠馬,55.0,打,376,1.0,0.0,1.0,1.0,0.0,0.0,0.0,0.0,0.0,0.0,0.0,,0.0,0.0,0.0,0.0,0.0,0.0,,,,,,,,,,,,,,,,,,,,,,
2023,2021012983,2023-06-04,2106793.0,荘司 康誠,19.0,投,376,1.0,1.0,0.0,0.0,0.0,0.0,0.0,0.0,0.0,0.0,0.0,,0.0,0.0,0.0,0.0,0.0,0.0,1.0,1.0,,0.0,3.0,3.67,2.0,2.0,,,0.0,3.0,3.0,3.0,0.0,,4.0,1.0,0.0,,12.0,55.0
2023,2021012984,2023-06-04,12102.0,栗山 巧,1.0,打,7,1.0,0.0,1.0,1.0,0.0,0.0,0.0,0.0,0.0,0.0,0.0,,0.0,0.0,0.0,0.0,0.0,0.0,,,,,,,,,,,,,,,,,,,,,,
2023,2021012984,2023-06-04,600003.0,大和,9.0,打,3,1.0,0.0,2.0,2.0,1.0,1.0,1.0,0.0,0.0,0.0,0.0,,0.0,0.0,0.0,0.0,0.0,0.0,,,,,,,,,,,,,,,,,,,,,,
2023,2021012984,2023-06-04,800075.0,伊藤 光,29.0,捕,3,1.0,1.0,2.0,2.0,0.0,0.0,0.0,0.0,0.0,0.0,0.0,,0.0,0.0,0.0,0.0,0.0,0.0,,,,,,,,,,,,,,,,,,,,,,
2023,2021012984,2023-06-04,1100061.0,桑原 将志,1.0,中,3,1.0,1.0,4.0,4.0,0.0,0.0,0.0,0.0,0.0,0.0,0.0,,0.0,0.0,0.0,0.0,0.0,0.0,,,,,,,,,,,,,,,,,,,,,,
2023,2021012984,2023-06-04,1200044.0,公文 克彦,23.0,投,7,1.0,0.0,0.0,0.0,0.0,0.0,0.0,0.0,0.0,0.0,0.0,,0.0,0.0,0.0,0.0,0.0,0.0,4.0,1.0,0.0,0.0,0.0,0.0,0.3333333333333333,0.1,,,0.0,1.0,0.0,0.0,0.0,,0.0,0.0,0.0,,2.0,8.0
2023,2021012984,2023-06-04,1200053.0,宮崎 敏郎,51.0,三,3,1.0,1.0,4.0,4.0,0.0,1.0,1.0,0.0,0.0,1.0,0.0,,0.0,0.0,0.0,0.0,0.0,0.0,,,,,,,,,,,,,,,,,,,,,,
2023,2021012984,2023-06-04,1200083.0,金子 侑司,7.0,打,7,1.0,0.0,1.0,1.0,0.0,0.0,0.0,0.0,0.0,0.0,0.0,,0.0,0.0,0.0,0.0,0.0,0.0,,,,,,,,,,,,,,,,,,,,,,
2023,2021012984,2023-06-04,1300038.0,関根 大気,63.0,右左,3,1.0,1.0,4.0,4.0,1.0,0.0,0.0,0.0,0.0,0.0,0.0,,0.0,0.0,0.0,0.0,0.0,0.0,,,,,,,,,,,,,,,,,,,,,,
2023,2021012984,2023-06-04,1400109.0,山崎 康晃,19.0,投,3,1.0,0.0,0.0,0.0,0.0,0.0,0.0,0.0,0.0,0.0,0.0,,0.0,0.0,0.0,0.0,0.0,0.0,4.0,1.0,0.0,0.0,3.0,5.0,1.0,1.0,,,13.0,0.0,0.0,0.0,0.0,,0.0,1.0,0.0,,3.0,11.0
2023,2021012984,2023-06-04,1400184.0,外崎 修汰,5.0,二,7,1.0,1.0,5.0,4.0,1.0,0.0,0.0,0.0,0.0,0.0,0.0,,1.0,1.0,0.0,0.0,0.0,1.0,,,,,,,,,,,,,,,,,,,,,,
2023,2021012984,2023-06-04,1500063.0,柴田 竜拓,31.0,走三,3,1.0,0.0,0.0,0.0,1.0,0.0,0.0,0.0,0.0,0.0,0.0,,0.0,0.0,0.0,0.0,0.0,0.0,,,,,,,,,,,,,,,,,,,,,,
2023,2021012984,2023-06-04,1500064.0,戸柱 恭孝,10.0,捕,3,1.0,0.0,2.0,2.0,0.0,1.0,0.0,0.0,0.0,1.0,0.0,,0.0,0.0,0.0,0.0,0.0,0.0,,,,,,,,,,,,,,,,,,,,,,
2023,2021012984,2023-06-04,1500100.0,川越 誠司,72.0,左,7,1.0,1.0,4.0,3.0,1.0,1.0,0.0,0.0,0.0,2.0,0.0,,0.0,1.0,1.0,0.0,0.0,0.0,,,,,,,,,,,,,,,,,,,,,,
2023,2021012984,2023-06-04,1600089.0,佐野 恵太,7.0,左一,3,1.0,1.0,4.0,4.0,1.0,2.0,1.0,0.0,0.0,0.0,0.0,,0.0,0.0,0.0,0.0,0.0,0.0,,,,,,,,,,,,,,,,,,,,,,
2023,2021012984,2023-06-04,1600107.0,京田 陽太,98.0,遊,3,1.0,1.0,4.0,3.0,0.0,1.0,0.0,0.0,0.0,0.0,0.0,,1.0,0.0,0.0,0.0,0.0,0.0,,,,,,,,,,,,,,,,,,,,,,
2023,2021012984,2023-06-04,1600129.0,源田 壮亮,6.0,遊,7,1.0,1.0,5.0,5.0,0.0,2.0,0.0,0.0,0.0,0.0,0.0,,0.0,1.0,0.0,0.0,0.0,0.0,,,,,,,,,,,,,,,,,,,,,,
2023,2021012984,2023-06-04,1660377.0,ガゼルマン,45.0,投,3,1.0,1.0,2.0,1.0,0.0,0.0,0.0,0.0,0.0,0.0,0.0,,0.0,0.0,0.0,1.0,0.0,0.0,1.0,1.0,,3.0,2.0,3.61,5.333333333333333,5.1,,,0.0,9.0,4.0,4.0,0.0,,2.0,4.0,1.0,,26.0,102.0
2023,2021012984,2023-06-04,1700020.0,ソト,99.0,一,3,1.0,1.0,3.0,2.0,0.0,0.0,0.0,0.0,0.0,0.0,0.0,,1.0,1.0,0.0,0.0,0.0,0.0,,,,,,,,,,,,,,,,,,,,,,
2023,2021012984,2023-06-04,1700059.0,神里 和毅,8.0,走右,3,1.0,0.0,0.0,0.0,1.0,0.0,0.0,0.0,0.0,0.0,0.0,,0.0,0.0,0.0,0.0,0.0,0.0,,,,,,,,,,,,,,,,,,,,,,
2023,2021012984,2023-06-04,1700065.0,楠本 泰史,37.0,打,3,1.0,0.0,1.0,1.0,0.0,1.0,1.0,0.0,0.0,1.0,0.0,,0.0,0.0,0.0,0.0,0.0,0.0,,,,,,,,,,,,,,,,,,,,,,
2023,2021012984,2023-06-04,1700124.0,平良 海馬,61.0,投,7,1.0,1.0,3.0,3.0,0.0,0.0,0.0,0.0,0.0,0.0,0.0,,0.0,3.0,0.0,0.0,0.0,0.0,1.0,1.0,,4.0,1.0,1.98,7.0,7.0,,,0.0,3.0,0.0,0.0,0.0,,2.0,2.0,0.0,,26.0,96.0
2023,2021012984,2023-06-04,1750472.0,古賀 悠斗,22.0,捕,7,1.0,1.0,4.0,2.0,0.0,1.0,1.0,0.0,0.0,2.0,0.0,,1.0,0.0,0.0,1.0,0.0,0.0,,,,,,,,,,,,,,,,,,,,,,
2023,2021012984,2023-06-04,1800043.0,上茶谷 大河,27.0,投,3,1.0,0.0,0.0,0.0,0.0,0.0,0.0,0.0,0.0,0.0,0.0,,0.0,0.0,0.0,0.0,0.0,0.0,2.0,1.0,0.0,1.0,0.0,0.84,1.6666666666666663,1.2,,,0.0,0.0,0.0,0.0,0.0,,0.0,3.0,0.0,,5.0,28.0
2023,2021012984,2023-06-04,1800086.0,佐藤 龍世,58.0,三,7,1.0,0.0,0.0,0.0,0.0,0.0,0.0,0.0,0.0,0.0,0.0,,0.0,0.0,0.0,0.0,0.0,0.0,,,,,,,,,,,,,,,,,,,,,,
2023,2021012984,2023-06-04,1961030.0,ティノコ,54.0,投,7,1.0,0.0,0.0,0.0,0.0,0.0,0.0,0.0,0.0,0.0,0.0,,0.0,0.0,0.0,0.0,0.0,0.0,3.0,1.0,0.0,0.0,2.0,3.72,0.6666666666666666,0.2,,,0.0,2.0,2.0,2.0,0.0,,1.0,0.0,0.0,,5.0,21.0
2023,2021012984,2023-06-04,2000034.0,入江 大生,22.0,投,3,1.0,0.0,0.0,0.0,0.0,0.0,0.0,0.0,0.0,0.0,0.0,,0.0,0.0,0.0,0.0,0.0,0.0,3.0,1.0,0.0,1.0,0.0,2.87,1.0,1.0,,,0.0,1.0,0.0,0.0,0.0,,1.0,1.0,0.0,,5.0,25.0
2023,2021012984,2023-06-04,2000035.0,牧 秀悟,2.0,二,3,1.0,1.0,4.0,3.0,0.0,1.0,0.0,0.0,0.0,1.0,0.0,,1.0,1.0,0.0,0.0,0.0,0.0,,,,,,,,,,,,,,,,,,,,,,
2023,2021012984,2023-06-04,2000067.0,渡部 健人,8.0,一,7,1.0,1.0,4.0,4.0,1.0,2.0,0.0,0.0,0.0,0.0,0.0,,0.0,2.0,0.0,0.0,0.0,0.0,,,,,,,,,,,,,,,,,,,,,,
2023,2021012984,2023-06-04,2000070.0,若林 楽人,35.0,右,7,1.0,1.0,4.0,4.0,0.0,4.0,1.0,0.0,0.0,0.0,0.0,,0.0,0.0,0.0,0.0,0.0,0.0,,,,,,,,,,,,,,,,,,,,,,
2023,2021012984,2023-06-04,2000075.0,長谷川 信哉,63.0,中,7,1.0,1.0,4.0,4.0,0.0,0.0,0.0,0.0,0.0,0.0,0.0,,0.0,1.0,0.0,0.0,0.0,0.0,,,,,,,,,,,,,,,,,,,,,,
2023,2021012984,2023-06-04,2103714.0,佐藤 隼輔,19.0,投,7,1.0,0.0,0.0,0.0,0.0,0.0,0.0,0.0,0.0,0.0,0.0,,0.0,0.0,0.0,0.0,0.0,1.0,2.0,1.0,0.0,1.0,1.0,2.0,0.0,0.0,,,0.0,2.0,3.0,1.0,0.0,,0.0,0.0,0.0,,3.0,9.0
2023,2021012984,2023-06-04,2108196.0,マキノン,30.0,三,7,1.0,1.0,4.0,3.0,1.0,0.0,0.0,0.0,0.0,0.0,0.0,,1.0,0.0,0.0,0.0,0.0,0.0,,,,,,,,,,,,,,,,,,,,,,
2023,2021012985,2023-06-04,1100069.0,高橋 周平,3.0,三,4,1.0,1.0,3.0,3.0,0.0,0.0,0.0,0.0,0.0,0.0,0.0,,0.0,2.0,0.0,0.0,0.0,0.0,,,,,,,,,,,,,,,,,,,,,,
2023,2021012985,2023-06-04,1160424.0,ゴンザレス,8.0,三,11,1.0,1.0,4.0,4.0,1.0,2.0,1.0,0.0,0.0,1.0,0.0,,0.0,1.0,0.0,0.0,0.0,0.0,,,,,,,,,,,,,,,,,,,,,,
2023,2021012985,2023-06-04,1300066.0,祖父江 大輔,33.0,投,4,1.0,0.0,0.0,0.0,0.0,0.0,0.0,0.0,0.0,0.0,0.0,,0.0,0.0,0.0,0.0,0.0,0.0,2.0,1.0,0.0,2.0,2.0,2.05,0.3333333333333333,0.1,,,0.0,1.0,3.0,3.0,1.0,,2.0,0.0,0.0,,4.0,15.0
2023,2021012985,2023-06-04,1300100.0,森 友哉,4.0,捕,11,1.0,1.0,5.0,5.0,1.0,2.0,1.0,0.0,1.0,3.0,0.0,,0.0,2.0,0.0,0.0,0.0,0.0,,,,,,,,,,,,,,,,,,,,,,
2023,2021012985,2023-06-04,1400197.0,佐野 皓大,41.0,走中,11,1.0,0.0,0.0,0.0,0.0,0.0,0.0,0.0,0.0,0.0,0.0,,0.0,0.0,0.0,0.0,0.0,0.0,,,,,,,,,,,,,,,,,,,,,,
2023,2021012985,2023-06-04,1400201.0,西野 真弘,5.0,二,11,1.0,1.0,4.0,3.0,1.0,0.0,0.0,0.0,0.0,0.0,0.0,,1.0,0.0,0.0,0.0,0.0,0.0,,,,,,,,,,,,,,,,,,,,,,
2023,2021012985,2023-06-04,1400202.0,小田 裕也,50.0,左,11,1.0,0.0,1.0,1.0,0.0,0.0,0.0,0.0,0.0,0.0,0.0,,0.0,0.0,0.0,0.0,0.0,0.0,,,,,,,,,,,,,,,,,,,,,,
2023,2021012985,2023-06-04,1500041.0,廣岡 大志,30.0,打一,11,1.0,0.0,1.0,1.0,0.0,0.0,0.0,0.0,0.0,0.0,0.0,,0.0,0.0,0.0,0.0,0.0,0.0,,,,,,,,,,,,,,,,,,,,,,
2023,2021012985,2023-06-04,1500076.0,木下 拓哉,35.0,捕,4,1.0,1.0,3.0,3.0,0.0,0.0,0.0,0.0,0.0,0.0,0.0,,0.0,0.0,0.0,0.0,0.0,0.0,,,,,,,,,,,,,,,,,,,,,,
2023,2021012985,2023-06-04,1500135.0,杉本 裕太郎,99.0,左,11,1.0,1.0,4.0,3.0,0.0,1.0,0.0,0.0,0.0,0.0,0.0,,1.0,1.0,0.0,0.0,0.0,0.0,,,,,,,,,,,,,,,,,,,,,,
2023,2021012985,2023-06-04,1600085.0,細川 成也,0.0,右,4,1.0,1.0,3.0,3.0,0.0,0.0,0.0,0.0,0.0,0.0,0.0,,0.0,3.0,0.0,0.0,0.0,0.0,,,,,,,,,,,,,,,,,,,,,,
2023,2021012985,2023-06-04,1600110.0,藤嶋 健人,54.0,投,4,1.0,0.0,0.0,0.0,0.0,0.0,0.0,0.0,0.0,0.0,0.0,,0.0,0.0,0.0,0.0,0.0,0.0,3.0,1.0,0.0,0.0,0.0,2.08,0.6666666666666666,0.2,,,0.0,3.0,2.0,2.0,0.0,,2.0,0.0,0.0,,6.0,31.0
2023,2021012985,2023-06-04,1750223.0,村松 開人,5.0,遊,4,1.0,1.0,3.0,3.0,0.0,0.0,0.0,0.0,0.0,0.0,0.0,,0.0,0.0,0.0,0.0,0.0,0.0,,,,,,,,,,,,,,,,,,,,,,
2023,2021012985,2023-06-04,1751068.0,野口 智哉,9.0,走三,11,1.0,0.0,0.0,0.0,0.0,0.0,0.0,0.0,0.0,0.0,0.0,,0.0,0.0,0.0,0.0,0.0,0.0,,,,,,,,,,,,,,,,,,,,,,
2023,2021012985,2023-06-04,1800099.0,頓宮 裕真,44.0,一,11,1.0,1.0,5.0,3.0,1.0,3.0,2.0,0.0,0.0,0.0,0.0,,2.0,0.0,0.0,0.0,0.0,0.0,,,,,,,,,,,,,,,,,,,,,,
2023,2021012985,2023-06-04,1800102.0,宜保 翔,53.0,二,11,1.0,0.0,1.0,1.0,0.0,1.0,0.0,0.0,0.0,0.0,0.0,,0.0,0.0,0.0,0.0,0.0,0.0,,,,,,,,,,,,,,,,,,,,,,
2023,2021012985,2023-06-04,1800104.0,中川 圭太,67.0,中,11,1.0,1.0,4.0,4.0,1.0,0.0,0.0,0.0,0.0,0.0,0.0,,0.0,2.0,0.0,0.0,0.0,0.0,,,,,,,,,,,,,,,,,,,,,,
2023,2021012985,2023-06-04,1900037.0,石川 昂弥,25.0,一,4,1.0,1.0,3.0,3.0,0.0,0.0,0.0,0.0,0.0,0.0,0.0,,0.0,2.0,0.0,0.0,0.0,0.0,,,,,,,,,,,,,,,,,,,,,,
2023,2021012985,2023-06-04,1900040.0,郡司 裕也,44.0,捕,4,1.0,0.0,1.0,1.0,0.0,0.0,0.0,0.0,0.0,0.0,0.0,,0.0,0.0,0.0,0.0,0.0,0.0,,,,,,,,,,,,,,,,,,,,,,
2023,2021012985,2023-06-04,1900041.0,岡林 勇希,60.0,中,4,1.0,1.0,4.0,4.0,0.0,1.0,0.0,0.0,0.0,0.0,0.0,,0.0,1.0,0.0,0.0,0.0,0.0,,,,,,,,,,,,,,,,,,,,,,
2023,2021012985,2023-06-04,1900087.0,宮城 大弥,13.0,投,11,1.0,1.0,4.0,4.0,0.0,1.0,0.0,0.0,0.0,1.0,0.0,,0.0,3.0,0.0,0.0,0.0,0.0,1.0,1.0,,5.0,1.0,1.68,9.0,9.0,,,0.0,2.0,0.0,0.0,0.0,,0.0,10.0,0.0,,29.0,108.0
2023,2021012985,2023-06-04,1900088.0,紅林 弘太郎,24.0,遊,11,1.0,1.0,4.0,4.0,0.0,0.0,0.0,0.0,0.0,0.0,0.0,,0.0,2.0,0.0,0.0,0.0,0.0,,,,,,,,,,,,,,,,,,,,,,
2023,2021012985,2023-06-04,2000042.0,高橋 宏斗,19.0,投,4,1.0,1.0,2.0,2.0,0.0,0.0,0.0,0.0,0.0,0.0,0.0,,0.0,1.0,0.0,0.0,0.0,0.0,1.0,1.0,,1.0,6.0,2.47,7.0,7.0,,,0.0,5.0,0.0,0.0,0.0,,1.0,13.0,0.0,,27.0,118.0
2023,2021012985,2023-06-04,2000049.0,上田 洸太朗,67.0,投,4,1.0,0.0,0.0,0.0,0.0,0.0,0.0,0.0,0.0,0.0,0.0,,0.0,0.0,0.0,0.0,0.0,0.0,4.0,1.0,0.0,0.0,0.0,0.0,1.0,1.0,,,0.0,2.0,0.0,0.0,0.0,,0.0,0.0,0.0,,5.0,16.0
2023,2021012985,2023-06-04,2103780.0,福永 裕基,68.0,二,4,1.0,1.0,3.0,3.0,0.0,1.0,0.0,0.0,0.0,0.0,0.0,,0.0,0.0,0.0,0.0,0.0,0.0,,,,,,,,,,,,,,,,,,,,,,
2023,2021012985,2023-06-04,2103845.0,鵜飼 航丞,4.0,左,4,1.0,1.0,4.0,4.0,0.0,0.0,0.0,0.0,0.0,0.0,0.0,,0.0,1.0,0.0,0.0,0.0,0.0,,,,,,,,,,,,,,,,,,,,,,
2023,2021012985,2023-06-04,2107897.0,茶野 篤政,61.0,右,11,1.0,1.0,5.0,4.0,0.0,1.0,0.0,0.0,0.0,0.0,0.0,,1.0,2.0,0.0,0.0,0.0,0.0,,,,,,,,,,,,,,,,,,,,,,
2023,2021012986,2023-06-04,700087.0,角中 勝也,3.0,打,9,1.0,0.0,1.0,1.0,0.0,0.0,0.0,0.0,0.0,0.0,0.0,,0.0,1.0,0.0,0.0,0.0,0.0,,,,,,,,,,,,,,,,,,,,,,
2023,2021012986,2023-06-04,1300044.0,岡 大海,25.0,中,9,1.0,1.0,4.0,3.0,0.0,1.0,1.0,0.0,0.0,0.0,0.0,,1.0,1.0,0.0,0.0,0.0,0.0,,,,,,,,,,,,,,,,,,,,,,
2023,2021012986,2023-06-04,1300073.0,梅野 隆太郎,2.0,捕,5,1.0,1.0,4.0,4.0,1.0,1.0,0.0,0.0,1.0,1.0,0.0,,0.0,2.0,0.0,0.0,0.0,0.0,,,,,,,,,,,,,,,,,,,,,,
2023,2021012986,2023-06-04,1400188.0,中村 奨吾,8.0,二,9,1.0,1.0,4.0,4.0,0.0,0.0,0.0,0.0,0.0,0.0,0.0,,0.0,1.0,0.0,0.0,0.0,0.0,,,,,,,,,,,,,,,,,,,,,,
2023,2021012986,2023-06-04,1450608.0,八木 彬,33.0,投,9,1.0,0.0,0.0,0.0,0.0,0.0,0.0,0.0,0.0,0.0,0.0,,0.0,0.0,0.0,0.0,0.0,0.0,2.0,1.0,0.0,0.0,0.0,9.0,1.0,1.0,,,0.0,3.0,1.0,1.0,1.0,,0.0,1.0,0.0,,6.0,15.0
2023,2021012986,2023-06-04,1460080.0,ポランコ,22.0,左,9,1.0,1.0,3.0,3.0,0.0,1.0,0.0,0.0,0.0,0.0,0.0,,0.0,1.0,0.0,0.0,0.0,0.0,,,,,,,,,,,,,,,,,,,,,,
2023,2021012986,2023-06-04,1500117.0,平沢 大河,13.0,右,9,1.0,1.0,3.0,3.0,0.0,0.0,0.0,0.0,0.0,0.0,0.0,,0.0,2.0,0.0,0.0,0.0,0.0,,,,,,,,,,,,,,,,,,,,,,
2023,2021012986,2023-06-04,1600113.0,大山 悠輔,3.0,一,5,1.0,1.0,4.0,3.0,0.0,2.0,0.0,0.0,0.0,1.0,0.0,,1.0,0.0,0.0,0.0,0.0,0.0,,,,,,,,,,,,,,,,,,,,,,
2023,2021012986,2023-06-04,1600115.0,才木 浩人,35.0,投,5,1.0,1.0,3.0,3.0,0.0,0.0,0.0,0.0,0.0,0.0,0.0,,0.0,3.0,0.0,0.0,0.0,0.0,1.0,1.0,,4.0,3.0,1.74,9.0,9.0,,,0.0,3.0,0.0,0.0,0.0,,1.0,12.0,0.0,,30.0,101.0
2023,2021012986,2023-06-04,1700092.0,安田 尚憲,5.0,三,9,1.0,1.0,3.0,3.0,0.0,0.0,0.0,0.0,0.0,0.0,0.0,,0.0,1.0,0.0,0.0,0.0,0.0,,,,,,,,,,,,,,,,,,,,,,
2023,2021012986,2023-06-04,1800053.0,山口 航輝,51.0,一,9,1.0,1.0,3.0,3.0,0.0,0.0,0.0,0.0,0.0,0.0,0.0,,0.0,1.0,0.0,0.0,0.0,0.0,,,,,,,,,,,,,,,,,,,,,,
2023,2021012986,2023-06-04,1800065.0,近本 光司,5.0,中,5,1.0,1.0,4.0,3.0,0.0,1.0,0.0,0.0,0.0,0.0,0.0,,1.0,2.0,0.0,0.0,0.0,0.0,,,,,,,,,,,,,,,,,,,,,,
2023,2021012986,2023-06-04,1800067.0,木浪 聖也,0.0,遊,5,1.0,1.0,3.0,3.0,0.0,0.0,0.0,0.0,0.0,0.0,0.0,,0.0,0.0,0.0,0.0,0.0,0.0,,,,,,,,,,,,,,,,,,,,,,
2023,2021012986,2023-06-04,1850183.0,森下 翔太,1.0,右,5,1.0,1.0,4.0,3.0,0.0,0.0,0.0,0.0,0.0,0.0,0.0,,0.0,1.0,1.0,0.0,0.0,0.0,,,,,,,,,,,,,,,,,,,,,,
2023,2021012986,2023-06-04,1900080.0,佐々木 朗希,17.0,投,9,1.0,1.0,2.0,2.0,0.0,0.0,0.0,0.0,0.0,0.0,0.0,,0.0,2.0,0.0,0.0,0.0,0.0,1.0,1.0,,4.0,1.0,1.23,6.0,6.0,,,0.0,1.0,1.0,1.0,0.0,,4.0,10.0,1.0,,24.0,102.0
2023,2021012986,2023-06-04,1900081.0,佐藤 都志也,32.0,捕,9,1.0,1.0,3.0,3.0,0.0,0.0,0.0,0.0,0.0,0.0,0.0,,0.0,1.0,0.0,0.0,0.0,0.0,,,,,,,,,,,,,,,,,,,,,,
2023,2021012986,2023-06-04,1900083.0,横山 陸人,60.0,投,9,1.0,0.0,0.0,0.0,0.0,0.0,0.0,0.0,0.0,0.0,0.0,,0.0,0.0,0.0,0.0,0.0,0.0,3.0,1.0,0.0,0.0,0.0,9.0,1.0,1.0,,,0.0,1.0,0.0,0.0,0.0,,0.0,1.0,0.0,,4.0,19.0
2023,2021012986,2023-06-04,1961285.0,ノイジー,7.0,左,5,1.0,1.0,4.0,4.0,0.0,0.0,0.0,0.0,0.0,0.0,0.0,,0.0,1.0,0.0,0.0,0.0,0.0,,,,,,,,,,,,,,,,,,,,,,
2023,2021012986,2023-06-04,2000051.0,佐藤 輝明,8.0,三,5,1.0,1.0,4.0,3.0,0.0,0.0,0.0,0.0,0.0,0.0,0.0,,1.0,2.0,0.0,0.0,0.0,0.0,,,,,,,,,,,,,,,,,,,,,,
2023,2021012986,2023-06-04,2000056.0,中野 拓夢,51.0,二,5,1.0,1.0,4.0,3.0,1.0,1.0,0.0,0.0,0.0,0.0,1.0,,1.0,1.0,0.0,0.0,0.0,0.0,,,,,,,,,,,,,,,,,,,,,,
2023,2021012986,2023-06-04,2106798.0,友杉 篤輝,10.0,遊,9,1.0,1.0,4.0,4.0,0.0,1.0,0.0,0.0,0.0,0.0,0.0,,0.0,1.0,0.0,0.0,0.0,0.0,,,,,,,,,,,,,,,,,,,,,,
2023,2021012987,2023-06-04,800041.0,松山 竜平,55.0,打,6,1.0,0.0,1.0,1.0,0.0,0.0,0.0,0.0,0.0,0.0,0.0,,0.0,0.0,0.0,0.0,0.0,0.0,,,,,,,,,,,,,,,,,,,,,,
2023,2021012987,2023-06-04,800081.0,中村 晃,7.0,一,12,1.0,1.0,5.0,3.0,1.0,1.0,1.0,0.0,0.0,0.0,0.0,,0.0,1.0,0.0,2.0,0.0,0.0,,,,,,,,,,,,,,,,,,,,,,
2023,2021012987,2023-06-04,900430.0,堂林 翔太,7.0,打,6,1.0,0.0,0.0,0.0,0.0,0.0,0.0,0.0,0.0,0.0,0.0,,0.0,0.0,0.0,0.0,0.0,0.0,,,,,,,,,,,,,,,,,,,,,,
2023,2021012987,2023-06-04,1000098.0,磯村 嘉孝,40.0,打,6,1.0,0.0,1.0,1.0,0.0,0.0,0.0,0.0,0.0,0.0,0.0,,0.0,0.0,0.0,0.0,0.0,0.0,,,,,,,,,,,,,,,,,,,,,,
2023,2021012987,2023-06-04,1000128.0,柳田 悠岐,9.0,右,12,1.0,1.0,4.0,3.0,1.0,1.0,1.0,0.0,0.0,1.0,0.0,,1.0,0.0,0.0,0.0,0.0,0.0,,,,,,,,,,,,,,,,,,,,,,
2023,2021012987,2023-06-04,1000150.0,秋山 翔吾,9.0,中,6,1.0,1.0,4.0,2.0,1.0,1.0,0.0,0.0,0.0,1.0,0.0,,2.0,0.0,0.0,0.0,0.0,0.0,,,,,,,,,,,,,,,,,,,,,,
2023,2021012987,2023-06-04,1000175.0,牧原 大成,8.0,二遊,12,1.0,1.0,5.0,5.0,1.0,1.0,0.0,0.0,0.0,0.0,0.0,,0.0,1.0,0.0,0.0,0.0,0.0,,,,,,,,,,,,,,,,,,,,,,
2023,2021012987,2023-06-04,1000176.0,甲斐 拓也,19.0,捕,12,1.0,1.0,4.0,4.0,0.0,0.0,0.0,0.0,0.0,0.0,0.0,,0.0,0.0,0.0,0.0,0.0,1.0,,,,,,,,,,,,,,,,,,,,,,
2023,2021012987,2023-06-04,1100082.0,菊池 涼介,33.0,二,6,1.0,1.0,5.0,5.0,0.0,1.0,0.0,0.0,0.0,0.0,0.0,,0.0,1.0,0.0,0.0,0.0,0.0,,,,,,,,,,,,,,,,,,,,,,
2023,2021012987,2023-06-04,1100097.0,近藤 健介,3.0,左,12,1.0,1.0,5.0,4.0,0.0,1.0,0.0,0.0,0.0,1.0,0.0,,1.0,2.0,0.0,0.0,0.0,0.0,,,,,,,,,,,,,,,,,,,,,,
2023,2021012987,2023-06-04,1200070.0,上本 崇司,0.0,打三,6,1.0,0.0,2.0,2.0,0.0,1.0,0.0,0.0,0.0,1.0,0.0,,0.0,0.0,0.0,0.0,0.0,0.0,,,,,,,,,,,,,,,,,,,,,,
2023,2021012987,2023-06-04,1300082.0,曽根 海成,0.0,右,6,1.0,1.0,2.0,2.0,0.0,1.0,0.0,0.0,0.0,0.0,0.0,,0.0,0.0,0.0,0.0,0.0,0.0,,,,,,,,,,,,,,,,,,,,,,
2023,2021012987,2023-06-04,1400126.0,松本 裕樹,66.0,投,12,1.0,0.0,0.0,0.0,0.0,0.0,0.0,0.0,0.0,0.0,0.0,,0.0,0.0,0.0,0.0,0.0,0.0,5.0,1.0,0.0,0.0,1.0,3.71,1.0,1.0,,,0.0,0.0,0.0,0.0,0.0,,0.0,0.0,0.0,,3.0,9.0
2023,2021012987,2023-06-04,1400127.0,栗原 陵矢,24.0,三,12,1.0,1.0,4.0,3.0,0.0,0.0,0.0,0.0,0.0,0.0,0.0,,1.0,1.0,0.0,0.0,0.0,0.0,,,,,,,,,,,,,,,,,,,,,,
2023,2021012987,2023-06-04,1400176.0,藤井 皓哉,48.0,投,12,1.0,1.0,2.0,2.0,0.0,0.0,0.0,0.0,0.0,0.0,0.0,,0.0,1.0,0.0,0.0,0.0,0.0,1.0,1.0,,5.0,3.0,2.51,5.333333333333333,5.1,,,0.0,5.0,2.0,1.0,0.0,,4.0,4.0,0.0,,24.0,85.0
2023,2021012987,2023-06-04,1500096.0,西川 龍馬,5.0,左,6,1.0,1.0,4.0,3.0,0.0,1.0,0.0,0.0,0.0,0.0,0.0,,1.0,0.0,0.0,0.0,0.0,0.0,,,,,,,,,,,,,,,,,,,,,,
2023,2021012987,2023-06-04,1500140.0,谷川原 健太,45.0,打左,12,1.0,0.0,1.0,1.0,0.0,1.0,0.0,0.0,0.0,0.0,0.0,,0.0,0.0,0.0,0.0,0.0,0.0,,,,,,,,,,,,,,,,,,,,,,
2023,2021012987,2023-06-04,1500143.0,川瀬 晃,0.0,遊,12,1.0,1.0,2.0,2.0,0.0,0.0,0.0,0.0,0.0,0.0,0.0,,0.0,0.0,0.0,0.0,0.0,0.0,,,,,,,,,,,,,,,,,,,,,,
2023,2021012987,2023-06-04,1550517.0,大津 亮介,26.0,投,12,1.0,0.0,0.0,0.0,0.0,0.0,0.0,0.0,0.0,0.0,0.0,,0.0,0.0,0.0,0.0,0.0,0.0,3.0,1.0,0.0,0.0,0.0,3.0,0.6666666666666666,0.2,,,0.0,0.0,0.0,0.0,0.0,,0.0,0.0,0.0,,2.0,7.0
2023,2021012987,2023-06-04,1560685.0,ターリー,68.0,投,6,1.0,0.0,0.0,0.0,0.0,0.0,0.0,0.0,0.0,0.0,0.0,,0.0,0.0,0.0,0.0,0.0,0.0,4.0,1.0,0.0,2.0,0.0,1.21,1.0,1.0,,,1.0,1.0,0.0,0.0,0.0,,0.0,0.0,0.0,,4.0,8.0
2023,2021012987,2023-06-04,1600121.0,矢崎 拓也,41.0,投,6,1.0,0.0,0.0,0.0,0.0,0.0,0.0,0.0,0.0,0.0,0.0,,0.0,0.0,0.0,0.0,0.0,0.0,5.0,1.0,0.0,3.0,0.0,1.88,1.0,1.0,,,5.0,1.0,0.0,0.0,0.0,,0.0,1.0,0.0,,4.0,16.0
2023,2021012987,2023-06-04,1600124.0,坂倉 将吾,31.0,捕,6,1.0,1.0,4.0,3.0,0.0,1.0,1.0,0.0,0.0,0.0,0.0,,1.0,0.0,0.0,0.0,0.0,1.0,,,,,,,,,,,,,,,,,,,,,,
2023,2021012987,2023-06-04,1600167.0,三森 大貴,13.0,二,12,1.0,0.0,2.0,2.0,0.0,0.0,0.0,0.0,0.0,0.0,0.0,,0.0,0.0,0.0,0.0,0.0,0.0,,,,,,,,,,,,,,,,,,,,,,
2023,2021012987,2023-06-04,1650187.0,中村 貴浩,97.0,右,6,1.0,0.0,1.0,1.0,0.0,0.0,0.0,0.0,0.0,0.0,0.0,,0.0,1.0,0.0,0.0,0.0,0.0,,,,,,,,,,,,,,,,,,,,,,
2023,2021012987,2023-06-04,1700011.0,モイネロ,35.0,投,12,1.0,0.0,0.0,0.0,0.0,0.0,0.0,0.0,0.0,0.0,0.0,,0.0,0.0,0.0,0.0,0.0,0.0,6.0,1.0,0.0,1.0,0.0,1.0,1.0,1.0,,,2.0,0.0,0.0,0.0,0.0,,1.0,1.0,0.0,,3.0,25.0
2023,2021012987,2023-06-04,1700133.0,田浦 文丸,56.0,投,12,1.0,0.0,0.0,0.0,0.0,0.0,0.0,0.0,0.0,0.0,0.0,,0.0,0.0,0.0,0.0,0.0,0.0,2.0,1.0,0.0,0.0,0.0,0.56,0.0,0.0,,,0.0,1.0,0.0,0.0,0.0,,0.0,0.0,0.0,,1.0,5.0
2023,2021012987,2023-06-04,1700135.0,周東 佑京,23.0,走三,12,1.0,0.0,0.0,0.0,0.0,0.0,0.0,0.0,0.0,0.0,0.0,,0.0,0.0,0.0,0.0,0.0,0.0,,,,,,,,,,,,,,,,,,,,,,
2023,2021012987,2023-06-04,1800074.0,林 晃汰,44.0,三,6,1.0,1.0,2.0,2.0,0.0,0.0,0.0,0.0,0.0,0.0,0.0,,0.0,1.0,0.0,0.0,0.0,0.0,,,,,,,,,,,,,,,,,,,,,,
2023,2021012987,2023-06-04,1800078.0,羽月 隆太郎,69.0,打,6,1.0,0.0,1.0,0.0,0.0,0.0,0.0,0.0,0.0,0.0,0.0,,1.0,0.0,0.0,0.0,0.0,0.0,,,,,,,,,,,,,,,,,,,,,,
2023,2021012987,2023-06-04,1860147.0,アンダーソン,42.0,投,6,1.0,1.0,1.0,1.0,0.0,0.0,0.0,0.0,0.0,0.0,0.0,,0.0,0.0,0.0,0.0,0.0,0.0,1.0,1.0,,3.0,1.0,2.67,5.0,5.0,,,0.0,0.0,0.0,0.0,0.0,,3.0,5.0,0.0,,18.0,86.0
2023,2021012987,2023-06-04,1900055.0,韮澤 雄也,54.0,打,6,1.0,0.0,1.0,0.0,0.0,0.0,0.0,0.0,0.0,0.0,0.0,,1.0,0.0,0.0,0.0,0.0,0.0,,,,,,,,,,,,,,,,,,,,,,
2023,2021012987,2023-06-04,1900100.0,佐藤 直樹,30.0,中,12,1.0,0.0,0.0,0.0,0.0,0.0,0.0,0.0,0.0,0.0,0.0,,0.0,0.0,0.0,0.0,0.0,0.0,,,,,,,,,,,,,,,,,,,,,,
2023,2021012987,2023-06-04,1900102.0,津森 宥紀,11.0,投,12,1.0,0.0,0.0,0.0,0.0,0.0,0.0,0.0,0.0,0.0,0.0,,0.0,0.0,0.0,0.0,0.0,0.0,4.0,1.0,0.0,3.0,1.0,3.27,1.0,1.0,,,0.0,1.0,0.0,0.0,0.0,,1.0,0.0,0.0,,4.0,12.0
2023,2021012987,2023-06-04,1900104.0,柳町 達,32.0,中,12,1.0,1.0,4.0,3.0,0.0,2.0,1.0,0.0,0.0,1.0,0.0,,1.0,1.0,0.0,0.0,0.0,0.0,,,,,,,,,,,,,,,,,,,,,,
2023,2021012987,2023-06-04,1961166.0,マクブルーム,10.0,一,6,1.0,1.0,4.0,4.0,0.0,0.0,0.0,0.0,0.0,0.0,0.0,,0.0,1.0,0.0,0.0,0.0,0.0,,,,,,,,,,,,,,,,,,,,,,
2023,2021012987,2023-06-04,2000060.0,栗林 良吏,20.0,投,6,1.0,0.0,0.0,0.0,0.0,0.0,0.0,0.0,0.0,0.0,0.0,,0.0,0.0,0.0,0.0,0.0,0.0,2.0,1.0,0.0,0.0,5.0,6.75,1.0,1.0,,,7.0,5.0,3.0,3.0,0.0,,0.0,1.0,0.0,,8.0,24.0
2023,2021012987,2023-06-04,2000061.0,森浦 大輔,13.0,投,6,1.0,0.0,0.0,0.0,0.0,0.0,0.0,0.0,0.0,0.0,0.0,,0.0,0.0,0.0,0.0,0.0,0.0,3.0,1.0,0.0,0.0,0.0,0.0,1.0,1.0,,,0.0,1.0,0.0,0.0,0.0,,1.0,0.0,0.0,,5.0,18.0
2023,2021012987,2023-06-04,2000065.0,矢野 雅哉,61.0,遊,6,1.0,1.0,4.0,3.0,1.0,1.0,0.0,0.0,0.0,0.0,1.0,,0.0,1.0,0.0,1.0,0.0,0.0,,,,,,,,,,,,,,,,,,,,,,
2023,2021012987,2023-06-04,2103735.0,正木 智也,31.0,打,12,1.0,0.0,1.0,1.0,0.0,1.0,0.0,0.0,0.0,0.0,0.0,,0.0,0.0,0.0,0.0,0.0,0.0,,,,,,,,,,,,,,,,,,,,,,
2023,2021012988,2023-06-06,700050.0,會澤 翼,27.0,捕,6,1.0,1.0,2.0,2.0,0.0,0.0,0.0,0.0,0.0,0.0,0.0,,0.0,1.0,0.0,0.0,0.0,0.0,,,,,,,,,,,,,,,,,,,,,,
2023,2021012988,2023-06-06,800041.0,松山 竜平,55.0,打,6,1.0,0.0,1.0,1.0,0.0,1.0,0.0,0.0,0.0,1.0,0.0,,0.0,0.0,0.0,0.0,0.0,0.0,,,,,,,,,,,,,,,,,,,,,,
2023,2021012988,2023-06-06,800052.0,宮西 尚生,25.0,,8,,,,,,,,,,,,,,,,,,,3.0,1.0,0.0,0.0,1.0,1.56,0.6666666666666666,0.2,,,1.0,2.0,2.0,2.0,0.0,,1.0,1.0,0.0,,5.0,25.0
2023,2021012988,2023-06-06,900430.0,堂林 翔太,7.0,一,6,1.0,1.0,4.0,4.0,0.0,1.0,1.0,0.0,0.0,1.0,0.0,,0.0,0.0,0.0,0.0,0.0,0.0,,,,,,,,,,,,,,,,,,,,,,
2023,2021012988,2023-06-06,1000150.0,秋山 翔吾,9.0,中,6,1.0,1.0,4.0,4.0,1.0,1.0,0.0,0.0,0.0,0.0,0.0,,0.0,0.0,0.0,0.0,0.0,0.0,,,,,,,,,,,,,,,,,,,,,,
2023,2021012988,2023-06-06,1100082.0,菊池 涼介,33.0,二,6,1.0,1.0,5.0,5.0,0.0,0.0,0.0,0.0,0.0,0.0,0.0,,0.0,0.0,0.0,0.0,0.0,0.0,,,,,,,,,,,,,,,,,,,,,,
2023,2021012988,2023-06-06,1100095.0,松本 剛,7.0,左,8,1.0,1.0,4.0,4.0,1.0,1.0,0.0,0.0,1.0,2.0,0.0,,0.0,2.0,0.0,0.0,0.0,0.0,,,,,,,,,,,,,,,,,,,,,,
2023,2021012988,2023-06-06,1200070.0,上本 崇司,0.0,三,6,1.0,1.0,3.0,3.0,0.0,1.0,0.0,0.0,0.0,0.0,0.0,,0.0,1.0,0.0,0.0,0.0,0.0,,,,,,,,,,,,,,,,,,,,,,
2023,2021012988,2023-06-06,1200100.0,伏見 寅威,23.0,捕,8,1.0,0.0,2.0,2.0,0.0,1.0,1.0,0.0,0.0,0.0,0.0,,0.0,1.0,0.0,0.0,0.0,0.0,,,,,,,,,,,,,,,,,,,,,,
2023,2021012988,2023-06-06,1251037.0,上川畑 大悟,4.0,遊,8,1.0,1.0,4.0,3.0,0.0,1.0,0.0,0.0,0.0,0.0,0.0,,0.0,0.0,0.0,1.0,0.0,0.0,,,,,,,,,,,,,,,,,,,,,,
2023,2021012988,2023-06-06,1300057.0,大瀬良 大地,14.0,,6,,,,,,,,,,,,,,,,,,,1.0,1.0,,2.0,4.0,2.83,6.0,6.0,,,0.0,7.0,2.0,2.0,1.0,,2.0,6.0,1.0,,27.0,115.0
2023,2021012988,2023-06-06,1300059.0,田中 広輔,2.0,走三,6,1.0,0.0,0.0,0.0,0.0,0.0,0.0,0.0,0.0,0.0,0.0,,0.0,0.0,0.0,0.0,0.0,0.0,,,,,,,,,,,,,,,,,,,,,,
2023,2021012988,2023-06-06,1300082.0,曽根 海成,0.0,走指,6,1.0,0.0,0.0,0.0,1.0,0.0,0.0,0.0,0.0,0.0,0.0,,0.0,0.0,0.0,0.0,0.0,0.0,,,,,,,,,,,,,,,,,,,,,,
2023,2021012988,2023-06-06,1400118.0,清水 優心,10.0,捕,8,1.0,0.0,0.0,0.0,0.0,0.0,0.0,0.0,0.0,0.0,0.0,,0.0,0.0,0.0,0.0,0.0,0.0,,,,,,,,,,,,,,,,,,,,,,
2023,2021012988,2023-06-06,1400170.0,江越 大賀,37.0,中,8,1.0,0.0,0.0,0.0,0.0,0.0,0.0,0.0,0.0,0.0,0.0,,0.0,0.0,0.0,0.0,0.0,0.0,,,,,,,,,,,,,,,,,,,,,,
2023,2021012988,2023-06-06,1400173.0,野間 峻祥,37.0,右,6,1.0,1.0,4.0,4.0,0.0,1.0,0.0,0.0,0.0,0.0,0.0,,0.0,2.0,0.0,0.0,0.0,0.0,,,,,,,,,,,,,,,,,,,,,,
2023,2021012988,2023-06-06,1460315.0,アルカンタラ,6.0,打,8,1.0,0.0,1.0,1.0,0.0,0.0,0.0,0.0,0.0,0.0,0.0,,0.0,1.0,0.0,0.0,0.0,0.0,,,,,,,,,,,,,,,,,,,,,,
2023,2021012988,2023-06-06,1500096.0,西川 龍馬,5.0,左,6,1.0,1.0,4.0,3.0,1.0,2.0,1.0,0.0,0.0,1.0,0.0,,1.0,0.0,0.0,0.0,0.0,0.0,,,,,,,,,,,,,,,,,,,,,,
2023,2021012988,2023-06-06,1500109.0,上原 健太,20.0,,8,,,,,,,,,,,,,,,,,,,1.0,1.0,,1.0,2.0,3.42,6.0,6.0,,,0.0,6.0,1.0,1.0,0.0,,1.0,4.0,0.0,,24.0,93.0
2023,2021012988,2023-06-06,1560396.0,ハンソン,94.0,打,8,1.0,0.0,1.0,1.0,0.0,0.0,0.0,0.0,0.0,0.0,0.0,,0.0,1.0,0.0,0.0,0.0,0.0,,,,,,,,,,,,,,,,,,,,,,
2023,2021012988,2023-06-06,1600093.0,池田 隆英,52.0,,8,,,,,,,,,,,,,,,,,,,2.0,1.0,0.0,0.0,1.0,3.27,1.0,1.0,,,0.0,0.0,0.0,0.0,0.0,,0.0,1.0,0.0,,3.0,9.0
2023,2021012988,2023-06-06,1600121.0,矢崎 拓也,41.0,,6,,,,,,,,,,,,,,,,,,,4.0,1.0,0.0,3.0,0.0,1.76,1.0,1.0,,,6.0,0.0,0.0,0.0,0.0,,0.0,2.0,0.0,,3.0,13.0
2023,2021012988,2023-06-06,1600124.0,坂倉 将吾,31.0,打捕,6,1.0,0.0,2.0,2.0,0.0,0.0,0.0,0.0,0.0,0.0,0.0,,0.0,1.0,0.0,0.0,0.0,0.0,,,,,,,,,,,,,,,,,,,,,,
2023,2021012988,2023-06-06,1600138.0,郡 拓也,60.0,指,8,1.0,1.0,4.0,4.0,1.0,1.0,0.0,0.0,0.0,0.0,0.0,,0.0,1.0,0.0,0.0,0.0,0.0,,,,,,,,,,,,,,,,,,,,,,
2023,2021012988,2023-06-06,1600139.0,玉井 大翔,19.0,,8,,,,,,,,,,,,,,,,,,,4.0,1.0,0.0,0.0,2.0,2.4,0.3333333333333333,0.1,,,1.0,1.0,0.0,0.0,0.0,,0.0,0.0,0.0,,2.0,4.0
2023,2021012988,2023-06-06,1800008.0,マルティネス,2.0,捕,8,1.0,1.0,1.0,0.0,0.0,0.0,0.0,0.0,0.0,0.0,0.0,,0.0,0.0,1.0,0.0,0.0,0.0,,,,,,,,,,,,,,,,,,,,,,
2023,2021012988,2023-06-06,1800073.0,島内 颯太郎,43.0,,6,,,,,,,,,,,,,,,,,,,3.0,1.0,0.0,1.0,1.0,1.47,1.0,1.0,,,2.0,0.0,0.0,0.0,0.0,,1.0,2.0,0.0,,3.0,20.0
2023,2021012988,2023-06-06,1800091.0,野村 佑希,5.0,三,8,1.0,1.0,4.0,2.0,0.0,2.0,1.0,0.0,0.0,0.0,0.0,,2.0,0.0,0.0,0.0,0.0,0.0,,,,,,,,,,,,,,,,,,,,,,
2023,2021012988,2023-06-06,1800093.0,万波 中正,66.0,右,8,1.0,1.0,4.0,4.0,0.0,0.0,0.0,0.0,0.0,0.0,0.0,,0.0,1.0,0.0,0.0,0.0,0.0,,,,,,,,,,,,,,,,,,,,,,
2023,2021012988,2023-06-06,1851204.0,水野 達稀,43.0,走二,8,1.0,0.0,0.0,0.0,0.0,0.0,0.0,0.0,0.0,0.0,0.0,,0.0,0.0,0.0,0.0,0.0,0.0,,,,,,,,,,,,,,,,,,,,,,
2023,2021012988,2023-06-06,1900070.0,河野 竜生,28.0,,8,,,,,,,,,,,,,,,,,,,5.0,1.0,0.0,0.0,1.0,1.04,1.0,1.0,,,0.0,0.0,0.0,0.0,0.0,,0.0,1.0,0.0,,3.0,11.0
2023,2021012988,2023-06-06,1900084.0,福田 光輝,35.0,二三,8,1.0,1.0,4.0,3.0,0.0,0.0,0.0,0.0,0.0,0.0,0.0,,1.0,2.0,0.0,0.0,0.0,0.0,,,,,,,,,,,,,,,,,,,,,,
2023,2021012988,2023-06-06,1961166.0,マクブルーム,10.0,指,6,1.0,1.0,4.0,3.0,0.0,1.0,0.0,0.0,0.0,0.0,0.0,,1.0,1.0,0.0,0.0,0.0,0.0,,,,,,,,,,,,,,,,,,,,,,
2023,2021012988,2023-06-06,1961860.0,加藤 豪将,3.0,一,8,1.0,1.0,4.0,4.0,0.0,2.0,0.0,0.0,0.0,0.0,0.0,,0.0,0.0,0.0,0.0,0.0,0.0,,,,,,,,,,,,,,,,,,,,,,
2023,2021012988,2023-06-06,2000060.0,栗林 良吏,20.0,,6,,,,,,,,,,,,,,,,,,,2.0,1.0,0.0,1.0,5.0,6.28,1.0,1.0,,,7.0,1.0,0.0,0.0,0.0,,0.0,1.0,0.0,,4.0,19.0
2023,2021012988,2023-06-06,2000065.0,矢野 雅哉,61.0,遊,6,1.0,1.0,4.0,4.0,0.0,1.0,0.0,0.0,0.0,0.0,0.0,,0.0,1.0,0.0,0.0,0.0,0.0,,,,,,,,,,,,,,,,,,,,,,
2023,2021012988,2023-06-06,2000082.0,細川 凌平,56.0,中右,8,1.0,1.0,4.0,3.0,0.0,0.0,0.0,0.0,0.0,0.0,0.0,,0.0,2.0,0.0,1.0,0.0,0.0,,,,,,,,,,,,,,,,,,,,,,
2023,2021012989,2023-06-06,900056.0,浅村 栄斗,3.0,二,376,1.0,1.0,4.0,4.0,0.0,0.0,0.0,0.0,0.0,0.0,0.0,,0.0,2.0,0.0,0.0,0.0,0.0,,,,,,,,,,,,,,,,,,,,,,
2023,2021012989,2023-06-06,1100103.0,鈴木 大地,7.0,三,376,1.0,1.0,4.0,4.0,2.0,2.0,1.0,0.0,0.0,0.0,0.0,,0.0,0.0,0.0,0.0,0.0,0.0,,,,,,,,,,,,,,,,,,,,,,
2023,2021012989,2023-06-06,1100130.0,岡島 豪郎,27.0,右,376,1.0,1.0,4.0,4.0,1.0,1.0,0.0,0.0,0.0,0.0,0.0,,0.0,1.0,0.0,0.0,0.0,0.0,,,,,,,,,,,,,,,,,,,,,,
2023,2021012989,2023-06-06,1200117.0,則本 昂大,14.0,,376,,,,,,,,,,,,,,,,,,,1.0,1.0,,2.0,4.0,1.98,6.0,6.0,,,0.0,4.0,1.0,1.0,0.0,,2.0,3.0,0.0,,24.0,98.0
2023,2021012989,2023-06-06,1300042.0,渡邉 諒,25.0,打,5,1.0,0.0,1.0,1.0,0.0,0.0,0.0,0.0,0.0,0.0,0.0,,0.0,0.0,0.0,0.0,0.0,0.0,,,,,,,,,,,,,,,,,,,,,,
2023,2021012989,2023-06-06,1300084.0,松井 裕樹,1.0,,376,,,,,,,,,,,,,,,,,,,4.0,1.0,0.0,1.0,1.0,0.53,1.0,1.0,,,9.0,0.0,0.0,0.0,0.0,,0.0,1.0,0.0,,3.0,14.0
2023,2021012989,2023-06-06,1460250.0,フランコ,23.0,指,376,1.0,1.0,3.0,2.0,0.0,0.0,0.0,0.0,0.0,0.0,0.0,,1.0,0.0,0.0,0.0,0.0,0.0,,,,,,,,,,,,,,,,,,,,,,
2023,2021012989,2023-06-06,1500078.0,阿部 寿樹,4.0,一,376,1.0,0.0,0.0,0.0,0.0,0.0,0.0,0.0,0.0,0.0,0.0,,0.0,0.0,0.0,0.0,0.0,0.0,,,,,,,,,,,,,,,,,,,,,,
2023,2021012989,2023-06-06,1500087.0,坂本 誠志郎,12.0,捕,5,1.0,1.0,3.0,3.0,0.0,0.0,0.0,0.0,0.0,0.0,0.0,,0.0,0.0,0.0,0.0,0.0,0.0,,,,,,,,,,,,,,,,,,,,,,
2023,2021012989,2023-06-06,1600012.0,宋 家豪,43.0,,376,,,,,,,,,,,,,,,,,,,2.0,1.0,0.0,1.0,0.0,3.38,1.0,1.0,,,0.0,1.0,0.0,0.0,0.0,,0.0,0.0,0.0,,4.0,10.0
2023,2021012989,2023-06-06,1600094.0,田中 和基,25.0,右,376,1.0,0.0,0.0,0.0,0.0,0.0,0.0,0.0,0.0,0.0,0.0,,0.0,0.0,0.0,0.0,0.0,0.0,,,,,,,,,,,,,,,,,,,,,,
2023,2021012989,2023-06-06,1600113.0,大山 悠輔,3.0,一,5,1.0,1.0,4.0,3.0,0.0,2.0,0.0,0.0,0.0,1.0,0.0,,1.0,0.0,0.0,0.0,0.0,0.0,,,,,,,,,,,,,,,,,,,,,,
2023,2021012989,2023-06-06,1600142.0,酒居 知史,28.0,,376,,,,,,,,,,,,,,,,,,,3.0,1.0,0.0,0.0,0.0,0.0,1.0,1.0,,,1.0,1.0,0.0,0.0,0.0,,0.0,0.0,0.0,,4.0,17.0
2023,2021012989,2023-06-06,1700034.0,山崎 剛,34.0,遊,376,1.0,1.0,3.0,2.0,0.0,0.0,0.0,0.0,0.0,0.0,0.0,,1.0,1.0,0.0,0.0,0.0,0.0,,,,,,,,,,,,,,,,,,,,,,
2023,2021012989,2023-06-06,1700080.0,島田 海吏,53.0,右,5,1.0,1.0,3.0,3.0,0.0,0.0,0.0,0.0,0.0,0.0,0.0,,0.0,0.0,0.0,0.0,0.0,0.0,,,,,,,,,,,,,,,,,,,,,,
2023,2021012989,2023-06-06,1800065.0,近本 光司,5.0,中,5,1.0,1.0,4.0,3.0,0.0,0.0,0.0,0.0,0.0,0.0,0.0,,1.0,0.0,0.0,0.0,0.0,0.0,,,,,,,,,,,,,,,,,,,,,,
2023,2021012989,2023-06-06,1800067.0,木浪 聖也,0.0,遊,5,1.0,1.0,3.0,3.0,0.0,0.0,0.0,0.0,0.0,0.0,0.0,,0.0,1.0,0.0,0.0,0.0,0.0,,,,,,,,,,,,,,,,,,,,,,
2023,2021012989,2023-06-06,1800117.0,辰己 涼介,8.0,中,376,1.0,0.0,1.0,1.0,1.0,1.0,0.0,0.0,1.0,1.0,0.0,,0.0,0.0,0.0,0.0,0.0,0.0,,,,,,,,,,,,,,,,,,,,,,
2023,2021012989,2023-06-06,1800118.0,太田 光,2.0,捕,376,1.0,1.0,3.0,2.0,0.0,2.0,1.0,0.0,0.0,3.0,0.0,,0.0,0.0,0.0,1.0,0.0,0.0,,,,,,,,,,,,,,,,,,,,,,
2023,2021012989,2023-06-06,1800122.0,渡邊 佳明,48.0,一,376,1.0,1.0,4.0,4.0,0.0,0.0,0.0,0.0,0.0,0.0,0.0,,0.0,1.0,0.0,0.0,0.0,0.0,,,,,,,,,,,,,,,,,,,,,,
2023,2021012989,2023-06-06,1800123.0,小郷 裕哉,51.0,中,376,1.0,1.0,3.0,3.0,0.0,0.0,0.0,0.0,0.0,0.0,0.0,,0.0,0.0,0.0,0.0,0.0,0.0,,,,,,,,,,,,,,,,,,,,,,
2023,2021012989,2023-06-06,1850183.0,森下 翔太,1.0,打,5,1.0,0.0,1.0,1.0,0.0,0.0,0.0,0.0,0.0,0.0,0.0,,0.0,1.0,0.0,0.0,0.0,0.0,,,,,,,,,,,,,,,,,,,,,,
2023,2021012989,2023-06-06,1900050.0,小野寺 暖,60.0,打指,5,1.0,0.0,1.0,1.0,0.0,0.0,0.0,0.0,0.0,0.0,0.0,,0.0,0.0,0.0,0.0,0.0,0.0,,,,,,,,,,,,,,,,,,,,,,
2023,2021012989,2023-06-06,1900112.0,小深田 大翔,0.0,左,376,1.0,1.0,4.0,4.0,0.0,1.0,0.0,0.0,0.0,0.0,0.0,,0.0,1.0,0.0,0.0,0.0,0.0,,,,,,,,,,,,,,,,,,,,,,
2023,2021012989,2023-06-06,1950996.0,前川 右京,58.0,指,5,1.0,1.0,3.0,3.0,0.0,1.0,0.0,0.0,0.0,0.0,0.0,,0.0,0.0,0.0,0.0,0.0,0.0,,,,,,,,,,,,,,,,,,,,,,
2023,2021012989,2023-06-06,1961285.0,ノイジー,7.0,左,5,1.0,1.0,4.0,4.0,0.0,0.0,0.0,0.0,0.0,0.0,0.0,,0.0,1.0,0.0,0.0,0.0,0.0,,,,,,,,,,,,,,,,,,,,,,
2023,2021012989,2023-06-06,2000051.0,佐藤 輝明,8.0,三,5,1.0,1.0,4.0,4.0,0.0,0.0,0.0,0.0,0.0,0.0,0.0,,0.0,1.0,0.0,0.0,0.0,0.0,,,,,,,,,,,,,,,,,,,,,,
2023,2021012989,2023-06-06,2000055.0,村上 頌樹,41.0,,5,,,,,,,,,,,,,,,,,,,1.0,1.0,,5.0,2.0,1.83,8.0,8.0,,,0.0,7.0,4.0,4.0,1.0,,2.0,6.0,0.0,,33.0,116.0
2023,2021012989,2023-06-06,2000056.0,中野 拓夢,51.0,二,5,1.0,1.0,4.0,4.0,1.0,3.0,0.0,1.0,0.0,0.0,0.0,,0.0,0.0,0.0,0.0,0.0,0.0,,,,,,,,,,,,,,,,,,,,,,
2023,2021012990,2023-06-06,12102.0,栗山 巧,1.0,指,7,1.0,1.0,4.0,4.0,0.0,1.0,0.0,0.0,0.0,0.0,0.0,,0.0,0.0,0.0,0.0,0.0,0.0,,,,,,,,,,,,,,,,,,,,,,
2023,2021012990,2023-06-06,900410.0,大島 洋平,8.0,左,4,1.0,1.0,4.0,4.0,0.0,1.0,0.0,0.0,0.0,0.0,0.0,,0.0,0.0,0.0,0.0,0.0,0.0,,,,,,,,,,,,,,,,,,,,,,
2023,2021012990,2023-06-06,1100069.0,高橋 周平,3.0,三,4,1.0,1.0,4.0,4.0,0.0,0.0,0.0,0.0,0.0,0.0,0.0,,0.0,0.0,0.0,0.0,0.0,0.0,,,,,,,,,,,,,,,,,,,,,,
2023,2021012990,2023-06-06,1200059.0,溝脇 隼人,48.0,遊,4,1.0,0.0,0.0,0.0,0.0,0.0,0.0,0.0,0.0,0.0,0.0,,0.0,0.0,0.0,0.0,0.0,0.0,,,,,,,,,,,,,,,,,,,,,,
2023,2021012990,2023-06-06,1400184.0,外崎 修汰,5.0,二,7,1.0,1.0,4.0,3.0,0.0,2.0,0.0,0.0,0.0,0.0,0.0,,1.0,0.0,0.0,0.0,0.0,0.0,,,,,,,,,,,,,,,,,,,,,,
2023,2021012990,2023-06-06,1500076.0,木下 拓哉,35.0,捕,4,1.0,1.0,4.0,3.0,1.0,1.0,0.0,0.0,0.0,0.0,0.0,,1.0,2.0,0.0,0.0,0.0,0.0,,,,,,,,,,,,,,,,,,,,,,
2023,2021012990,2023-06-06,1500077.0,福 敬登,34.0,,4,,,,,,,,,,,,,,,,,,,2.0,1.0,0.0,1.0,0.0,3.6,0.3333333333333333,0.1,,,0.0,0.0,0.0,0.0,0.0,,0.0,0.0,0.0,,1.0,3.0
2023,2021012990,2023-06-06,1500100.0,川越 誠司,72.0,右,7,1.0,1.0,4.0,4.0,0.0,1.0,0.0,0.0,0.0,0.0,0.0,,0.0,2.0,0.0,0.0,0.0,0.0,,,,,,,,,,,,,,,,,,,,,,
2023,2021012990,2023-06-06,1500112.0,平沼 翔太,31.0,打,7,1.0,0.0,1.0,1.0,0.0,0.0,0.0,0.0,0.0,0.0,0.0,,0.0,0.0,0.0,0.0,0.0,0.0,,,,,,,,,,,,,,,,,,,,,,
2023,2021012990,2023-06-06,1600021.0,ビシエド,66.0,一,4,1.0,1.0,4.0,4.0,0.0,3.0,1.0,0.0,0.0,0.0,0.0,,0.0,1.0,0.0,0.0,0.0,0.0,,,,,,,,,,,,,,,,,,,,,,
2023,2021012990,2023-06-06,1600085.0,細川 成也,0.0,右,4,1.0,1.0,4.0,4.0,0.0,1.0,1.0,0.0,0.0,1.0,0.0,,0.0,2.0,0.0,0.0,0.0,0.0,,,,,,,,,,,,,,,,,,,,,,
2023,2021012990,2023-06-06,1600129.0,源田 壮亮,6.0,遊,7,1.0,1.0,4.0,3.0,1.0,1.0,0.0,0.0,0.0,0.0,0.0,,1.0,0.0,0.0,0.0,0.0,0.0,,,,,,,,,,,,,,,,,,,,,,
2023,2021012990,2023-06-06,1600130.0,鈴木 将平,46.0,左,7,1.0,1.0,4.0,4.0,0.0,1.0,1.0,0.0,0.0,1.0,0.0,,0.0,0.0,0.0,0.0,0.0,0.0,,,,,,,,,,,,,,,,,,,,,,
2023,2021012990,2023-06-06,1700010.0,マルティネス,92.0,,4,,,,,,,,,,,,,,,,,,,5.0,1.0,0.0,1.0,1.0,0.0,1.0,1.0,,,14.0,0.0,0.0,0.0,0.0,,0.0,2.0,0.0,,3.0,12.0
2023,2021012990,2023-06-06,1700101.0,鈴木 博志,46.0,,4,,,,,,,,,,,,,,,,,,,1.0,1.0,,1.0,1.0,3.48,5.666666666666667,5.2,,,0.0,5.0,0.0,0.0,0.0,,1.0,0.0,0.0,,23.0,89.0
2023,2021012990,2023-06-06,1700104.0,清水 達也,50.0,,4,,,,,,,,,,,,,,,,,,,4.0,1.0,0.0,1.0,1.0,2.41,1.0,1.0,,,0.0,1.0,1.0,1.0,0.0,,2.0,1.0,0.0,,6.0,24.0
2023,2021012990,2023-06-06,1700125.0,與座 海人,44.0,,7,,,,,,,,,,,,,,,,,,,1.0,1.0,,0.0,2.0,5.85,7.0,7.0,,,0.0,7.0,2.0,2.0,0.0,,0.0,6.0,0.0,,28.0,95.0
2023,2021012990,2023-06-06,1750223.0,村松 開人,5.0,二,4,1.0,1.0,4.0,3.0,0.0,1.0,0.0,0.0,0.0,0.0,0.0,,0.0,0.0,0.0,1.0,0.0,1.0,,,,,,,,,,,,,,,,,,,,,,
2023,2021012990,2023-06-06,1750472.0,古賀 悠斗,22.0,捕,7,1.0,1.0,2.0,2.0,0.0,0.0,0.0,0.0,0.0,0.0,0.0,,0.0,0.0,0.0,0.0,0.0,0.0,,,,,,,,,,,,,,,,,,,,,,
2023,2021012990,2023-06-06,1800061.0,勝野 昌慶,41.0,,4,,,,,,,,,,,,,,,,,,,3.0,1.0,0.0,3.0,1.0,1.57,1.0,1.0,,,0.0,0.0,0.0,0.0,0.0,,0.0,2.0,0.0,,3.0,16.0
2023,2021012990,2023-06-06,1900037.0,石川 昂弥,25.0,指,4,1.0,1.0,4.0,4.0,0.0,0.0,0.0,0.0,0.0,0.0,0.0,,0.0,2.0,0.0,0.0,0.0,0.0,,,,,,,,,,,,,,,,,,,,,,
2023,2021012990,2023-06-06,1900041.0,岡林 勇希,60.0,中,4,1.0,1.0,4.0,4.0,1.0,1.0,0.0,0.0,0.0,1.0,0.0,,0.0,0.0,0.0,0.0,0.0,0.0,,,,,,,,,,,,,,,,,,,,,,
2023,2021012990,2023-06-06,1900065.0,柘植 世那,37.0,捕,7,1.0,0.0,1.0,1.0,0.0,0.0,0.0,0.0,0.0,0.0,0.0,,0.0,0.0,0.0,0.0,0.0,0.0,,,,,,,,,,,,,,,,,,,,,,
2023,2021012990,2023-06-06,1961030.0,ティノコ,54.0,,7,,,,,,,,,,,,,,,,,,,4.0,1.0,0.0,0.0,2.0,3.66,0.3333333333333333,0.1,,,0.0,0.0,0.0,0.0,0.0,,0.0,0.0,0.0,,1.0,3.0
2023,2021012990,2023-06-06,2000044.0,龍空,45.0,遊,4,1.0,1.0,3.0,2.0,0.0,0.0,0.0,0.0,0.0,0.0,0.0,,0.0,0.0,0.0,1.0,0.0,0.0,,,,,,,,,,,,,,,,,,,,,,
2023,2021012990,2023-06-06,2000067.0,渡部 健人,8.0,一,7,1.0,1.0,4.0,4.0,0.0,0.0,0.0,0.0,0.0,0.0,0.0,,0.0,1.0,0.0,0.0,0.0,0.0,,,,,,,,,,,,,,,,,,,,,,
2023,2021012990,2023-06-06,2000068.0,佐々木 健,26.0,,7,,,,,,,,,,,,,,,,,,,3.0,1.0,0.0,0.0,0.0,0.0,0.6666666666666666,0.2,,,0.0,1.0,0.0,0.0,0.0,,1.0,0.0,0.0,,4.0,13.0
2023,2021012990,2023-06-06,2000070.0,若林 楽人,35.0,中,7,1.0,1.0,4.0,4.0,0.0,0.0,0.0,0.0,0.0,0.0,0.0,,0.0,2.0,0.0,0.0,0.0,0.0,,,,,,,,,,,,,,,,,,,,,,
2023,2021012990,2023-06-06,2103840.0,ブライト 健太,42.0,打,4,1.0,0.0,1.0,1.0,0.0,0.0,0.0,0.0,0.0,0.0,0.0,,0.0,0.0,0.0,0.0,0.0,0.0,,,,,,,,,,,,,,,,,,,,,,
2023,2021012990,2023-06-06,2106286.0,青山 美夏人,29.0,,7,,,,,,,,,,,,,,,,,,,2.0,1.0,0.0,0.0,0.0,2.84,1.0,1.0,,,2.0,0.0,0.0,0.0,0.0,,0.0,1.0,0.0,,3.0,15.0
2023,2021012990,2023-06-06,2108196.0,マキノン,30.0,三,7,1.0,1.0,4.0,3.0,0.0,0.0,0.0,0.0,0.0,0.0,0.0,,1.0,0.0,0.0,0.0,0.0,0.0,,,,,,,,,,,,,,,,,,,,,,
2023,2021012991,2023-06-06,400021.0,青木 宣親,23.0,左,2,1.0,1.0,4.0,3.0,0.0,0.0,0.0,0.0,0.0,0.0,0.0,,1.0,1.0,0.0,0.0,0.0,0.0,,,,,,,,,,,,,,,,,,,,,,
2023,2021012991,2023-06-06,600011.0,川端 慎吾,5.0,指,2,1.0,1.0,5.0,5.0,0.0,1.0,0.0,0.0,0.0,1.0,0.0,,0.0,0.0,0.0,0.0,0.0,0.0,,,,,,,,,,,,,,,,,,,,,,
2023,2021012991,2023-06-06,700087.0,角中 勝也,3.0,打,9,1.0,0.0,1.0,1.0,0.0,1.0,0.0,0.0,0.0,0.0,0.0,,0.0,0.0,0.0,0.0,0.0,0.0,,,,,,,,,,,,,,,,,,,,,,
2023,2021012991,2023-06-06,900044.0,中村 悠平,27.0,捕,2,1.0,1.0,5.0,4.0,1.0,0.0,0.0,0.0,0.0,0.0,0.0,,1.0,1.0,0.0,0.0,0.0,0.0,,,,,,,,,,,,,,,,,,,,,,
2023,2021012991,2023-06-06,1000132.0,山田 哲人,1.0,二,2,1.0,1.0,5.0,3.0,1.0,0.0,0.0,0.0,0.0,1.0,0.0,,1.0,2.0,0.0,0.0,1.0,0.0,,,,,,,,,,,,,,,,,,,,,,
2023,2021012991,2023-06-06,1000155.0,美馬 学,15.0,,9,,,,,,,,,,,,,,,,,,,1.0,1.0,,0.0,4.0,6.75,6.333333333333333,6.1,,,0.0,4.0,4.0,4.0,0.0,,4.0,6.0,0.0,,26.0,100.0
2023,2021012991,2023-06-06,1200076.0,小川 泰弘,29.0,,2,,,,,,,,,,,,,,,,,,,1.0,1.0,,3.0,5.0,4.19,6.0,6.0,,,0.0,4.0,3.0,3.0,1.0,,3.0,5.0,0.0,,25.0,105.0
2023,2021012991,2023-06-06,1200096.0,田村 龍弘,27.0,捕,9,1.0,1.0,2.0,2.0,0.0,0.0,0.0,0.0,0.0,0.0,0.0,,0.0,0.0,0.0,0.0,0.0,0.0,,,,,,,,,,,,,,,,,,,,,,
2023,2021012991,2023-06-06,1300044.0,岡 大海,25.0,右中,9,1.0,1.0,4.0,4.0,0.0,0.0,0.0,0.0,0.0,0.0,0.0,,0.0,2.0,0.0,0.0,0.0,0.0,,,,,,,,,,,,,,,,,,,,,,
2023,2021012991,2023-06-06,1400124.0,太田 賢吾,46.0,走指,2,1.0,0.0,0.0,0.0,1.0,0.0,0.0,0.0,0.0,0.0,0.0,,0.0,0.0,0.0,0.0,0.0,0.0,,,,,,,,,,,,,,,,,,,,,,
2023,2021012991,2023-06-06,1400188.0,中村 奨吾,8.0,二,9,1.0,1.0,4.0,3.0,0.0,0.0,0.0,0.0,0.0,1.0,0.0,,0.0,0.0,0.0,0.0,1.0,0.0,,,,,,,,,,,,,,,,,,,,,,
2023,2021012991,2023-06-06,1400190.0,岩下 大輝,46.0,,9,,,,,,,,,,,,,,,,,,,3.0,1.0,0.0,1.0,0.0,1.5,1.0,1.0,,,0.0,2.0,2.0,2.0,1.0,,0.0,0.0,0.0,,5.0,17.0
2023,2021012991,2023-06-06,1450608.0,八木 彬,33.0,,9,,,,,,,,,,,,,,,,,,,4.0,1.0,0.0,0.0,0.0,22.5,1.0,1.0,,,0.0,4.0,4.0,4.0,0.0,,2.0,1.0,0.0,,9.0,39.0
2023,2021012991,2023-06-06,1460080.0,ポランコ,22.0,指,9,1.0,1.0,4.0,4.0,1.0,3.0,0.0,0.0,1.0,1.0,0.0,,0.0,1.0,0.0,0.0,0.0,0.0,,,,,,,,,,,,,,,,,,,,,,
2023,2021012991,2023-06-06,1500044.0,山崎 晃大朗,31.0,右,2,1.0,0.0,1.0,0.0,1.0,0.0,0.0,0.0,0.0,0.0,0.0,,1.0,0.0,0.0,0.0,0.0,0.0,,,,,,,,,,,,,,,,,,,,,,
2023,2021012991,2023-06-06,1600075.0,星 知弥,24.0,,2,,,,,,,,,,,,,,,,,,,2.0,1.0,0.0,1.0,1.0,4.0,1.0,1.0,,,0.0,1.0,0.0,0.0,0.0,,0.0,1.0,0.0,,3.0,20.0
2023,2021012991,2023-06-06,1600078.0,古賀 優大,57.0,捕,2,1.0,0.0,0.0,0.0,0.0,0.0,0.0,0.0,0.0,0.0,0.0,,0.0,0.0,0.0,0.0,0.0,0.0,,,,,,,,,,,,,,,,,,,,,,
2023,2021012991,2023-06-06,1700084.0,村上 宗隆,55.0,三,2,1.0,1.0,5.0,4.0,2.0,1.0,0.0,0.0,0.0,1.0,0.0,,1.0,1.0,0.0,0.0,0.0,0.0,,,,,,,,,,,,,,,,,,,,,,
2023,2021012991,2023-06-06,1700092.0,安田 尚憲,5.0,三,9,1.0,1.0,4.0,3.0,0.0,0.0,0.0,0.0,0.0,1.0,0.0,,0.0,0.0,0.0,0.0,1.0,0.0,,,,,,,,,,,,,,,,,,,,,,
2023,2021012991,2023-06-06,1700093.0,藤岡 裕大,4.0,遊,9,1.0,1.0,4.0,2.0,1.0,0.0,0.0,0.0,0.0,0.0,0.0,,2.0,1.0,0.0,0.0,0.0,0.0,,,,,,,,,,,,,,,,,,,,,,
2023,2021012991,2023-06-06,1700098.0,和田 康士朗,63.0,中,9,1.0,1.0,2.0,2.0,0.0,1.0,0.0,0.0,0.0,0.0,0.0,,0.0,0.0,0.0,0.0,0.0,0.0,,,,,,,,,,,,,,,,,,,,,,
2023,2021012991,2023-06-06,1800033.0,清水 昇,17.0,,2,,,,,,,,,,,,,,,,,,,3.0,1.0,0.0,0.0,1.0,1.96,1.0,1.0,,,0.0,1.0,0.0,0.0,0.0,,0.0,0.0,0.0,,4.0,21.0
2023,2021012991,2023-06-06,1800036.0,濱田 太貴,51.0,左,2,1.0,0.0,1.0,1.0,1.0,1.0,0.0,0.0,0.0,0.0,0.0,,0.0,0.0,0.0,0.0,0.0,0.0,,,,,,,,,,,,,,,,,,,,,,
2023,2021012991,2023-06-06,1800037.0,坂本 光士郎,36.0,,9,,,,,,,,,,,,,,,,,,,2.0,1.0,0.0,0.0,0.0,1.96,0.6666666666666666,0.2,,,0.0,0.0,0.0,0.0,0.0,,0.0,2.0,0.0,,2.0,9.0
2023,2021012991,2023-06-06,1800053.0,山口 航輝,51.0,左,9,1.0,1.0,4.0,3.0,0.0,0.0,0.0,0.0,0.0,0.0,0.0,,1.0,2.0,0.0,0.0,0.0,0.0,,,,,,,,,,,,,,,,,,,,,,
2023,2021012991,2023-06-06,1900028.0,長岡 秀樹,7.0,遊,2,1.0,1.0,4.0,4.0,1.0,1.0,1.0,0.0,0.0,0.0,0.0,,0.0,2.0,0.0,0.0,0.0,1.0,,,,,,,,,,,,,,,,,,,,,,
2023,2021012991,2023-06-06,1900029.0,武岡 龍世,60.0,二,2,1.0,0.0,0.0,0.0,0.0,0.0,0.0,0.0,0.0,0.0,0.0,,0.0,0.0,0.0,0.0,0.0,0.0,,,,,,,,,,,,,,,,,,,,,,
2023,2021012991,2023-06-06,1900081.0,佐藤 都志也,32.0,打捕,9,1.0,0.0,2.0,2.0,0.0,0.0,0.0,0.0,0.0,0.0,0.0,,0.0,1.0,0.0,0.0,0.0,0.0,,,,,,,,,,,,,,,,,,,,,,
2023,2021012991,2023-06-06,2000026.0,内山 壮真,33.0,中,2,1.0,1.0,3.0,3.0,0.0,2.0,1.0,0.0,0.0,2.0,0.0,,0.0,0.0,0.0,0.0,0.0,0.0,,,,,,,,,,,,,,,,,,,,,,
2023,2021012991,2023-06-06,2000028.0,並木 秀尊,0.0,中,2,1.0,0.0,1.0,1.0,0.0,1.0,0.0,0.0,0.0,2.0,0.0,,0.0,0.0,0.0,0.0,0.0,0.0,,,,,,,,,,,,,,,,,,,,,,
2023,2021012991,2023-06-06,2000033.0,丸山 翔大,68.0,,2,,,,,,,,,,,,,,,,,,,4.0,1.0,0.0,0.0,0.0,2.77,1.0,1.0,,,0.0,0.0,0.0,0.0,0.0,,0.0,1.0,0.0,,3.0,11.0
2023,2021012991,2023-06-06,2000089.0,小川 龍成,57.0,走右,9,1.0,0.0,0.0,0.0,0.0,0.0,0.0,0.0,0.0,0.0,0.0,,0.0,0.0,0.0,0.0,0.0,0.0,,,,,,,,,,,,,,,,,,,,,,
2023,2021012991,2023-06-06,2000133.0,オスナ,13.0,一,2,1.0,1.0,4.0,3.0,1.0,1.0,1.0,0.0,0.0,0.0,0.0,,1.0,1.0,0.0,0.0,0.0,0.0,,,,,,,,,,,,,,,,,,,,,,
2023,2021012991,2023-06-06,2000135.0,サンタナ,25.0,右,2,1.0,1.0,4.0,4.0,1.0,2.0,1.0,0.0,1.0,3.0,0.0,,0.0,1.0,0.0,0.0,0.0,0.0,,,,,,,,,,,,,,,,,,,,,,
2023,2021012991,2023-06-06,2103693.0,池田 来翔,0.0,一,9,1.0,1.0,4.0,4.0,1.0,1.0,0.0,1.0,0.0,0.0,0.0,,0.0,0.0,0.0,0.0,0.0,0.0,,,,,,,,,,,,,,,,,,,,,,
2023,2021012992,2023-06-06,700003.0,坂本 勇人,6.0,遊,1,1.0,1.0,4.0,4.0,1.0,1.0,0.0,0.0,0.0,0.0,0.0,,0.0,0.0,0.0,0.0,0.0,0.0,,,,,,,,,,,,,,,,,,,,,,
2023,2021012992,2023-06-06,700027.0,梶谷 隆幸,13.0,打中,1,1.0,0.0,1.0,1.0,0.0,0.0,0.0,0.0,0.0,0.0,0.0,,0.0,0.0,0.0,0.0,0.0,0.0,,,,,,,,,,,,,,,,,,,,,,
2023,2021012992,2023-06-06,800043.0,丸 佳浩,8.0,右,1,1.0,1.0,4.0,4.0,0.0,0.0,0.0,0.0,0.0,0.0,0.0,,0.0,0.0,0.0,0.0,0.0,0.0,,,,,,,,,,,,,,,,,,,,,,
2023,2021012992,2023-06-06,800054.0,中田 翔,10.0,一,1,1.0,1.0,3.0,3.0,0.0,2.0,0.0,0.0,0.0,1.0,0.0,,0.0,0.0,0.0,0.0,0.0,0.0,,,,,,,,,,,,,,,,,,,,,,
2023,2021012992,2023-06-06,1160424.0,ゴンザレス,8.0,二三,11,1.0,1.0,3.0,3.0,0.0,0.0,0.0,0.0,0.0,0.0,0.0,,0.0,1.0,0.0,0.0,0.0,0.0,,,,,,,,,,,,,,,,,,,,,,
2023,2021012992,2023-06-06,1300037.0,三上 朋也,69.0,,1,,,,,,,,,,,,,,,,,,,3.0,1.0,0.0,0.0,1.0,2.7,1.0,1.0,,,0.0,0.0,0.0,0.0,0.0,,1.0,0.0,0.0,,3.0,15.0
2023,2021012992,2023-06-06,1300100.0,森 友哉,4.0,指,11,1.0,1.0,3.0,3.0,0.0,1.0,1.0,0.0,0.0,2.0,0.0,,0.0,1.0,0.0,0.0,0.0,0.0,,,,,,,,,,,,,,,,,,,,,,
2023,2021012992,2023-06-06,1300109.0,若月 健矢,2.0,捕,11,1.0,1.0,3.0,3.0,1.0,1.0,0.0,0.0,0.0,0.0,0.0,,0.0,0.0,0.0,0.0,0.0,0.0,,,,,,,,,,,,,,,,,,,,,,
2023,2021012992,2023-06-06,1400101.0,岡本 和真,25.0,三一,1,1.0,1.0,4.0,4.0,0.0,1.0,0.0,0.0,0.0,0.0,0.0,,0.0,2.0,0.0,0.0,0.0,0.0,,,,,,,,,,,,,,,,,,,,,,
2023,2021012992,2023-06-06,1400202.0,小田 裕也,50.0,走左,11,1.0,0.0,0.0,0.0,0.0,0.0,0.0,0.0,0.0,0.0,0.0,,0.0,0.0,0.0,0.0,0.0,0.0,,,,,,,,,,,,,,,,,,,,,,
2023,2021012992,2023-06-06,1500041.0,廣岡 大志,30.0,三,11,1.0,1.0,4.0,4.0,0.0,0.0,0.0,0.0,0.0,0.0,0.0,,0.0,1.0,0.0,0.0,0.0,1.0,,,,,,,,,,,,,,,,,,,,,,
2023,2021012992,2023-06-06,1500047.0,重信 慎之介,43.0,打指,1,1.0,0.0,2.0,2.0,0.0,0.0,0.0,0.0,0.0,0.0,0.0,,0.0,1.0,0.0,0.0,0.0,0.0,,,,,,,,,,,,,,,,,,,,,,
2023,2021012992,2023-06-06,1500135.0,杉本 裕太郎,99.0,左,11,1.0,1.0,3.0,1.0,0.0,0.0,0.0,0.0,0.0,0.0,0.0,,1.0,0.0,1.0,0.0,0.0,0.0,,,,,,,,,,,,,,,,,,,,,,
2023,2021012992,2023-06-06,1600059.0,吉川 尚輝,2.0,走二,1,1.0,0.0,1.0,1.0,0.0,0.0,0.0,0.0,0.0,0.0,0.0,,0.0,1.0,0.0,0.0,0.0,0.0,,,,,,,,,,,,,,,,,,,,,,
2023,2021012992,2023-06-06,1600153.0,山本 由伸,18.0,,11,,,,,,,,,,,,,,,,,,,1.0,1.0,,5.0,2.0,1.82,8.0,8.0,,,0.0,4.0,1.0,1.0,0.0,,0.0,6.0,0.0,,29.0,96.0
2023,2021012992,2023-06-06,1600155.0,山崎 颯一郎,63.0,,11,,,,,,,,,,,,,,,,,,,2.0,1.0,0.0,0.0,0.0,1.82,1.0,1.0,,,1.0,1.0,0.0,0.0,0.0,,0.0,3.0,0.0,,4.0,18.0
2023,2021012992,2023-06-06,1700044.0,大城 卓三,24.0,捕,1,1.0,1.0,3.0,3.0,0.0,1.0,0.0,0.0,0.0,0.0,0.0,,0.0,0.0,0.0,0.0,0.0,0.0,,,,,,,,,,,,,,,,,,,,,,
2023,2021012992,2023-06-06,1700047.0,若林 晃弘,37.0,走,1,1.0,0.0,0.0,0.0,0.0,0.0,0.0,0.0,0.0,0.0,0.0,,0.0,0.0,0.0,0.0,0.0,0.0,,,,,,,,,,,,,,,,,,,,,,
2023,2021012992,2023-06-06,1700110.0,鈴木 康平,32.0,,1,,,,,,,,,,,,,,,,,,,4.0,1.0,0.0,0.0,1.0,3.38,1.0,1.0,,,0.0,0.0,0.0,0.0,0.0,,0.0,2.0,0.0,,3.0,12.0
2023,2021012992,2023-06-06,1751068.0,野口 智哉,9.0,遊,11,1.0,1.0,3.0,3.0,0.0,0.0,0.0,0.0,0.0,0.0,0.0,,0.0,1.0,0.0,0.0,0.0,0.0,,,,,,,,,,,,,,,,,,,,,,
2023,2021012992,2023-06-06,1800023.0,高橋 優貴,47.0,,1,,,,,,,,,,,,,,,,,,,1.0,1.0,,0.0,1.0,6.35,2.333333333333333,2.1,,,0.0,4.0,2.0,2.0,0.0,,2.0,1.0,1.0,,13.0,56.0
2023,2021012992,2023-06-06,1800099.0,頓宮 裕真,44.0,一,11,1.0,1.0,3.0,2.0,0.0,0.0,0.0,0.0,0.0,0.0,0.0,,1.0,0.0,0.0,0.0,0.0,0.0,,,,,,,,,,,,,,,,,,,,,,
2023,2021012992,2023-06-06,1800102.0,宜保 翔,53.0,二,11,1.0,0.0,0.0,0.0,0.0,0.0,0.0,0.0,0.0,0.0,0.0,,0.0,0.0,0.0,0.0,0.0,0.0,,,,,,,,,,,,,,,,,,,,,,
2023,2021012992,2023-06-06,1800104.0,中川 圭太,67.0,中,11,1.0,1.0,4.0,4.0,0.0,2.0,1.0,0.0,0.0,0.0,0.0,,0.0,2.0,0.0,0.0,0.0,0.0,,,,,,,,,,,,,,,,,,,,,,
2023,2021012992,2023-06-06,1860031.0,ブリンソン,42.0,中,1,1.0,1.0,2.0,2.0,0.0,0.0,0.0,0.0,0.0,0.0,0.0,,0.0,1.0,0.0,0.0,0.0,0.0,,,,,,,,,,,,,,,,,,,,,,
2023,2021012992,2023-06-06,1900088.0,紅林 弘太郎,24.0,遊,11,1.0,0.0,0.0,0.0,0.0,0.0,0.0,0.0,0.0,0.0,0.0,,0.0,0.0,0.0,0.0,0.0,0.0,,,,,,,,,,,,,,,,,,,,,,
2023,2021012992,2023-06-06,2000009.0,秋広 優人,55.0,左,1,1.0,1.0,4.0,4.0,0.0,0.0,0.0,0.0,0.0,0.0,0.0,,0.0,2.0,0.0,0.0,0.0,0.0,,,,,,,,,,,,,,,,,,,,,,
2023,2021012992,2023-06-06,2103705.0,菊地 大稀,96.0,,1,,,,,,,,,,,,,,,,,,,2.0,1.0,0.0,1.0,1.0,3.94,3.6666666666666665,3.2,,,0.0,0.0,0.0,0.0,0.0,,0.0,5.0,0.0,,11.0,45.0
2023,2021012992,2023-06-06,2105889.0,ウォーカー,44.0,指,1,1.0,1.0,2.0,2.0,0.0,0.0,0.0,0.0,0.0,0.0,0.0,,0.0,2.0,0.0,0.0,0.0,0.0,,,,,,,,,,,,,,,,,,,,,,
2023,2021012992,2023-06-06,2107874.0,門脇 誠,35.0,二三,1,1.0,1.0,3.0,3.0,0.0,0.0,0.0,0.0,0.0,0.0,0.0,,0.0,0.0,0.0,0.0,0.0,0.0,,,,,,,,,,,,,,,,,,,,,,
2023,2021012992,2023-06-06,2107897.0,茶野 篤政,61.0,右,11,1.0,1.0,4.0,3.0,1.0,0.0,0.0,0.0,0.0,0.0,0.0,,1.0,2.0,0.0,0.0,0.0,0.0,,,,,,,,,,,,,,,,,,,,,,
2023,2021012993,2023-06-06,600003.0,大和,9.0,打遊,3,1.0,0.0,1.0,1.0,0.0,0.0,0.0,0.0,0.0,0.0,0.0,,0.0,1.0,0.0,0.0,0.0,0.0,,,,,,,,,,,,,,,,,,,,,,
2023,2021012993,2023-06-06,800081.0,中村 晃,7.0,一,12,1.0,1.0,4.0,4.0,0.0,0.0,0.0,0.0,0.0,0.0,0.0,,0.0,1.0,0.0,0.0,0.0,1.0,,,,,,,,,,,,,,,,,,,,,,
2023,2021012993,2023-06-06,1000035.0,今宮 健太,6.0,遊,12,1.0,1.0,4.0,3.0,1.0,2.0,0.0,0.0,1.0,1.0,0.0,,1.0,0.0,0.0,0.0,0.0,0.0,,,,,,,,,,,,,,,,,,,,,,
2023,2021012993,2023-06-06,1000128.0,柳田 悠岐,9.0,指,12,1.0,1.0,4.0,4.0,0.0,0.0,0.0,0.0,0.0,0.0,0.0,,0.0,0.0,0.0,0.0,0.0,0.0,,,,,,,,,,,,,,,,,,,,,,
2023,2021012993,2023-06-06,1000175.0,牧原 大成,8.0,二,12,1.0,1.0,4.0,4.0,0.0,1.0,1.0,0.0,0.0,1.0,0.0,,0.0,2.0,0.0,0.0,0.0,0.0,,,,,,,,,,,,,,,,,,,,,,
2023,2021012993,2023-06-06,1000176.0,甲斐 拓也,19.0,捕,12,1.0,1.0,3.0,3.0,0.0,0.0,0.0,0.0,0.0,0.0,0.0,,0.0,1.0,0.0,0.0,0.0,0.0,,,,,,,,,,,,,,,,,,,,,,
2023,2021012993,2023-06-06,1100061.0,桑原 将志,1.0,中,3,1.0,1.0,4.0,3.0,0.0,0.0,0.0,0.0,0.0,0.0,0.0,,0.0,1.0,0.0,1.0,0.0,0.0,,,,,,,,,,,,,,,,,,,,,,
2023,2021012993,2023-06-06,1100097.0,近藤 健介,3.0,左,12,1.0,1.0,4.0,3.0,0.0,0.0,0.0,0.0,0.0,0.0,0.0,,1.0,2.0,0.0,0.0,0.0,0.0,,,,,,,,,,,,,,,,,,,,,,
2023,2021012993,2023-06-06,1200053.0,宮崎 敏郎,51.0,打,3,1.0,0.0,1.0,1.0,0.0,0.0,0.0,0.0,0.0,0.0,0.0,,0.0,0.0,0.0,0.0,0.0,0.0,,,,,,,,,,,,,,,,,,,,,,
2023,2021012993,2023-06-06,1300038.0,関根 大気,63.0,右左,3,1.0,1.0,5.0,5.0,0.0,1.0,0.0,0.0,0.0,0.0,0.0,,0.0,2.0,0.0,0.0,0.0,0.0,,,,,,,,,,,,,,,,,,,,,,
2023,2021012993,2023-06-06,1400117.0,有原 航平,17.0,,12,,,,,,,,,,,,,,,,,,,1.0,1.0,,0.0,0.0,0.0,6.666666666666667,6.2,,,0.0,5.0,1.0,0.0,0.0,,2.0,2.0,0.0,,29.0,102.0
2023,2021012993,2023-06-06,1400126.0,松本 裕樹,66.0,,12,,,,,,,,,,,,,,,,,,,3.0,1.0,0.0,0.0,1.0,3.5,1.0,1.0,,,0.0,0.0,0.0,0.0,0.0,,0.0,3.0,0.0,,3.0,13.0
2023,2021012993,2023-06-06,1400127.0,栗原 陵矢,24.0,三,12,1.0,1.0,3.0,3.0,0.0,0.0,0.0,0.0,0.0,0.0,0.0,,0.0,0.0,0.0,0.0,0.0,1.0,,,,,,,,,,,,,,,,,,,,,,
2023,2021012993,2023-06-06,1500061.0,今永 昇太,21.0,,3,,,,,,,,,,,,,,,,,,,1.0,1.0,,3.0,1.0,2.81,8.0,8.0,,,0.0,1.0,1.0,1.0,1.0,,2.0,8.0,0.0,,27.0,114.0
2023,2021012993,2023-06-06,1500064.0,戸柱 恭孝,10.0,捕,3,1.0,1.0,4.0,4.0,0.0,1.0,1.0,0.0,0.0,0.0,0.0,,0.0,1.0,0.0,0.0,0.0,1.0,,,,,,,,,,,,,,,,,,,,,,
2023,2021012993,2023-06-06,1600089.0,佐野 恵太,7.0,左一,3,1.0,1.0,5.0,5.0,0.0,0.0,0.0,0.0,0.0,0.0,0.0,,0.0,2.0,0.0,0.0,0.0,0.0,,,,,,,,,,,,,,,,,,,,,,
2023,2021012993,2023-06-06,1600107.0,京田 陽太,98.0,遊三,3,1.0,1.0,4.0,4.0,1.0,1.0,1.0,0.0,0.0,0.0,0.0,,0.0,1.0,0.0,0.0,0.0,0.0,,,,,,,,,,,,,,,,,,,,,,
2023,2021012993,2023-06-06,1700011.0,モイネロ,35.0,,12,,,,,,,,,,,,,,,,,,,4.0,1.0,0.0,2.0,0.0,0.95,1.0,1.0,,,2.0,0.0,0.0,0.0,0.0,,0.0,3.0,0.0,,3.0,9.0
2023,2021012993,2023-06-06,1700020.0,ソト,99.0,一,3,1.0,1.0,3.0,2.0,0.0,0.0,0.0,0.0,0.0,0.0,0.0,,1.0,0.0,0.0,0.0,0.0,0.0,,,,,,,,,,,,,,,,,,,,,,
2023,2021012993,2023-06-06,1700059.0,神里 和毅,8.0,右,3,1.0,0.0,0.0,0.0,0.0,0.0,0.0,0.0,0.0,0.0,0.0,,0.0,0.0,0.0,0.0,0.0,0.0,,,,,,,,,,,,,,,,,,,,,,
2023,2021012993,2023-06-06,1700135.0,周東 佑京,23.0,走,12,1.0,0.0,0.0,0.0,1.0,0.0,0.0,0.0,0.0,0.0,0.0,,0.0,0.0,0.0,0.0,0.0,0.0,,,,,,,,,,,,,,,,,,,,,,
2023,2021012993,2023-06-06,1850208.0,林 琢真,0.0,三,3,1.0,1.0,3.0,2.0,0.0,1.0,0.0,0.0,0.0,1.0,0.0,,0.0,0.0,0.0,0.0,1.0,0.0,,,,,,,,,,,,,,,,,,,,,,
2023,2021012993,2023-06-06,1900032.0,伊勢 大夢,13.0,,3,,,,,,,,,,,,,,,,,,,2.0,1.0,0.0,2.0,1.0,0.96,0.6666666666666666,0.2,,,1.0,2.0,1.0,1.0,0.0,,1.0,0.0,0.0,,5.0,23.0
2023,2021012993,2023-06-06,1900100.0,佐藤 直樹,30.0,中,12,1.0,0.0,0.0,0.0,0.0,0.0,0.0,0.0,0.0,0.0,0.0,,0.0,0.0,0.0,0.0,0.0,0.0,,,,,,,,,,,,,,,,,,,,,,
2023,2021012993,2023-06-06,1900102.0,津森 宥紀,11.0,,12,,,,,,,,,,,,,,,,,,,2.0,1.0,0.0,3.0,1.0,3.22,0.3333333333333333,0.1,,,0.0,2.0,0.0,0.0,0.0,,0.0,0.0,0.0,,3.0,10.0
2023,2021012993,2023-06-06,1900104.0,柳町 達,32.0,右,12,1.0,1.0,3.0,2.0,0.0,0.0,0.0,0.0,0.0,0.0,0.0,,1.0,2.0,0.0,0.0,0.0,0.0,,,,,,,,,,,,,,,,,,,,,,
2023,2021012993,2023-06-06,1900126.0,オースティン,3.0,指,3,1.0,1.0,4.0,3.0,0.0,1.0,0.0,0.0,0.0,0.0,0.0,,1.0,0.0,0.0,0.0,0.0,0.0,,,,,,,,,,,,,,,,,,,,,,
2023,2021012993,2023-06-06,2000035.0,牧 秀悟,2.0,二,3,1.0,1.0,4.0,4.0,0.0,2.0,1.0,0.0,0.0,0.0,0.0,,0.0,0.0,0.0,0.0,0.0,0.0,,,,,,,,,,,,,,,,,,,,,,
2023,2021012993,2023-06-06,2103735.0,正木 智也,31.0,中,12,1.0,1.0,3.0,3.0,0.0,0.0,0.0,0.0,0.0,0.0,0.0,,0.0,0.0,0.0,0.0,0.0,0.0,,,,,,,,,,,,,,,,,,,,,,
2023,2021012994,2023-06-07,800041.0,松山 竜平,55.0,一,6,1.0,1.0,4.0,4.0,0.0,1.0,0.0,0.0,0.0,0.0,0.0,,0.0,1.0,0.0,0.0,0.0,0.0,,,,,,,,,,,,,,,,,,,,,,
2023,2021012994,2023-06-07,1000150.0,秋山 翔吾,9.0,中,6,1.0,1.0,4.0,4.0,0.0,0.0,0.0,0.0,0.0,0.0,0.0,,0.0,0.0,0.0,0.0,0.0,0.0,,,,,,,,,,,,,,,,,,,,,,
2023,2021012994,2023-06-07,1100082.0,菊池 涼介,33.0,二,6,1.0,1.0,4.0,4.0,0.0,0.0,0.0,0.0,0.0,0.0,0.0,,0.0,1.0,0.0,0.0,0.0,0.0,,,,,,,,,,,,,,,,,,,,,,
2023,2021012994,2023-06-07,1100095.0,松本 剛,7.0,指,8,1.0,1.0,4.0,4.0,0.0,0.0,0.0,0.0,0.0,0.0,0.0,,0.0,1.0,0.0,0.0,0.0,0.0,,,,,,,,,,,,,,,,,,,,,,
2023,2021012994,2023-06-07,1200070.0,上本 崇司,0.0,三,6,1.0,1.0,4.0,4.0,0.0,0.0,0.0,0.0,0.0,0.0,0.0,,0.0,0.0,0.0,0.0,0.0,0.0,,,,,,,,,,,,,,,,,,,,,,
2023,2021012994,2023-06-07,1200080.0,谷内 亮太,32.0,打,8,1.0,0.0,1.0,0.0,0.0,0.0,0.0,0.0,0.0,0.0,0.0,,1.0,0.0,0.0,0.0,0.0,0.0,,,,,,,,,,,,,,,,,,,,,,
2023,2021012994,2023-06-07,1200100.0,伏見 寅威,23.0,捕,8,1.0,1.0,2.0,1.0,0.0,0.0,0.0,0.0,0.0,0.0,0.0,,0.0,0.0,1.0,0.0,0.0,0.0,,,,,,,,,,,,,,,,,,,,,,
2023,2021012994,2023-06-07,1251037.0,上川畑 大悟,4.0,打遊,8,1.0,0.0,2.0,2.0,0.0,0.0,0.0,0.0,0.0,0.0,0.0,,0.0,0.0,0.0,0.0,0.0,0.0,,,,,,,,,,,,,,,,,,,,,,
2023,2021012994,2023-06-07,1300058.0,九里 亜蓮,11.0,,6,,,,,,,,,,,,,,,,,,,1.0,1.0,,5.0,2.0,1.83,7.0,7.0,,,0.0,2.0,0.0,0.0,0.0,,2.0,7.0,1.0,,26.0,101.0
2023,2021012994,2023-06-07,1300082.0,曽根 海成,0.0,走指,6,1.0,0.0,0.0,0.0,0.0,0.0,0.0,0.0,0.0,0.0,0.0,,0.0,0.0,0.0,0.0,0.0,0.0,,,,,,,,,,,,,,,,,,,,,,
2023,2021012994,2023-06-07,1300094.0,杉浦 稔大,22.0,,8,,,,,,,,,,,,,,,,,,,2.0,1.0,0.0,0.0,1.0,1.93,1.0,1.0,,,0.0,0.0,0.0,0.0,0.0,,0.0,1.0,0.0,,3.0,17.0
2023,2021012994,2023-06-07,1400118.0,清水 優心,10.0,捕,8,1.0,0.0,1.0,1.0,0.0,0.0,0.0,0.0,0.0,0.0,0.0,,0.0,0.0,0.0,0.0,0.0,0.0,,,,,,,,,,,,,,,,,,,,,,
2023,2021012994,2023-06-07,1400170.0,江越 大賀,37.0,中,8,1.0,1.0,3.0,3.0,0.0,1.0,0.0,0.0,0.0,0.0,0.0,,0.0,2.0,0.0,0.0,0.0,0.0,,,,,,,,,,,,,,,,,,,,,,
2023,2021012994,2023-06-07,1400173.0,野間 峻祥,37.0,右,6,1.0,1.0,3.0,3.0,0.0,0.0,0.0,0.0,0.0,0.0,0.0,,0.0,0.0,0.0,0.0,0.0,0.0,,,,,,,,,,,,,,,,,,,,,,
2023,2021012994,2023-06-07,1460315.0,アルカンタラ,6.0,左,8,1.0,1.0,3.0,3.0,0.0,0.0,0.0,0.0,0.0,0.0,0.0,,0.0,1.0,0.0,0.0,0.0,0.0,,,,,,,,,,,,,,,,,,,,,,
2023,2021012994,2023-06-07,1500096.0,西川 龍馬,5.0,左,6,1.0,1.0,4.0,4.0,0.0,0.0,0.0,0.0,0.0,0.0,0.0,,0.0,1.0,0.0,0.0,0.0,0.0,,,,,,,,,,,,,,,,,,,,,,
2023,2021012994,2023-06-07,1500110.0,加藤 貴之,14.0,,8,,,,,,,,,,,,,,,,,,,1.0,1.0,,4.0,4.0,2.14,8.0,8.0,,,0.0,3.0,1.0,1.0,1.0,,1.0,2.0,0.0,,29.0,122.0
2023,2021012994,2023-06-07,1560396.0,ハンソン,94.0,二,8,1.0,1.0,4.0,4.0,0.0,0.0,0.0,0.0,0.0,0.0,0.0,,0.0,1.0,0.0,0.0,0.0,0.0,,,,,,,,,,,,,,,,,,,,,,
2023,2021012994,2023-06-07,1560685.0,ターリー,68.0,,6,,,,,,,,,,,,,,,,,,,2.0,1.0,0.0,2.0,0.0,1.16,1.0,1.0,,,1.0,1.0,0.0,0.0,0.0,,0.0,1.0,0.0,,4.0,11.0
2023,2021012994,2023-06-07,1600121.0,矢崎 拓也,41.0,,6,,,,,,,,,,,,,,,,,,,3.0,1.0,0.0,3.0,0.0,1.65,1.0,1.0,,,7.0,1.0,0.0,0.0,0.0,,1.0,0.0,0.0,,5.0,14.0
2023,2021012994,2023-06-07,1600124.0,坂倉 将吾,31.0,捕,6,1.0,1.0,3.0,2.0,1.0,1.0,0.0,0.0,1.0,1.0,0.0,,1.0,0.0,0.0,0.0,0.0,0.0,,,,,,,,,,,,,,,,,,,,,,
2023,2021012994,2023-06-07,1800091.0,野村 佑希,5.0,三,8,1.0,1.0,3.0,2.0,0.0,0.0,0.0,0.0,0.0,0.0,0.0,,1.0,1.0,0.0,0.0,0.0,0.0,,,,,,,,,,,,,,,,,,,,,,
2023,2021012994,2023-06-07,1800093.0,万波 中正,66.0,右,8,1.0,1.0,4.0,4.0,0.0,1.0,0.0,0.0,0.0,0.0,0.0,,0.0,1.0,0.0,0.0,0.0,0.0,,,,,,,,,,,,,,,,,,,,,,
2023,2021012994,2023-06-07,1851204.0,水野 達稀,43.0,遊,8,1.0,1.0,3.0,1.0,0.0,0.0,0.0,0.0,0.0,0.0,0.0,,1.0,1.0,0.0,1.0,0.0,1.0,,,,,,,,,,,,,,,,,,,,,,
2023,2021012994,2023-06-07,1900055.0,韮澤 雄也,54.0,一,6,1.0,0.0,0.0,0.0,0.0,0.0,0.0,0.0,0.0,0.0,0.0,,0.0,0.0,0.0,0.0,0.0,0.0,,,,,,,,,,,,,,,,,,,,,,
2023,2021012994,2023-06-07,1961166.0,マクブルーム,10.0,指,6,1.0,1.0,3.0,3.0,0.0,1.0,1.0,0.0,0.0,0.0,0.0,,0.0,0.0,0.0,0.0,0.0,0.0,,,,,,,,,,,,,,,,,,,,,,
2023,2021012994,2023-06-07,1961860.0,加藤 豪将,3.0,一,8,1.0,1.0,4.0,4.0,0.0,2.0,0.0,0.0,0.0,0.0,0.0,,0.0,0.0,0.0,0.0,0.0,0.0,,,,,,,,,,,,,,,,,,,,,,
2023,2021012994,2023-06-07,2000065.0,矢野 雅哉,61.0,遊,6,1.0,1.0,3.0,3.0,0.0,0.0,0.0,0.0,0.0,0.0,0.0,,0.0,0.0,0.0,0.0,0.0,0.0,,,,,,,,,,,,,,,,,,,,,,
2023,2021012994,2023-06-07,2000082.0,細川 凌平,56.0,走三,8,1.0,0.0,1.0,0.0,0.0,0.0,0.0,0.0,0.0,0.0,0.0,,0.0,0.0,0.0,1.0,0.0,0.0,,,,,,,,,,,,,,,,,,,,,,
2023,2021012995,2023-06-07,600026.0,炭谷 銀仁朗,26.0,打指,376,1.0,0.0,1.0,1.0,0.0,0.0,0.0,0.0,0.0,0.0,0.0,,0.0,1.0,0.0,0.0,0.0,0.0,,,,,,,,,,,,,,,,,,,,,,
2023,2021012995,2023-06-07,700069.0,田中 将大,18.0,,376,,,,,,,,,,,,,,,,,,,1.0,1.0,,3.0,4.0,4.24,5.0,5.0,,,0.0,8.0,5.0,4.0,0.0,,3.0,3.0,1.0,,27.0,96.0
2023,2021012995,2023-06-07,900056.0,浅村 栄斗,3.0,二,376,1.0,1.0,4.0,4.0,0.0,1.0,0.0,0.0,0.0,0.0,0.0,,0.0,0.0,0.0,0.0,0.0,0.0,,,,,,,,,,,,,,,,,,,,,,
2023,2021012995,2023-06-07,900062.0,西 勇輝,16.0,,5,,,,,,,,,,,,,,,,,,,1.0,1.0,,3.0,4.0,4.3,5.666666666666667,5.2,,,0.0,8.0,2.0,2.0,2.0,,0.0,1.0,0.0,,23.0,89.0
2023,2021012995,2023-06-07,1100103.0,鈴木 大地,7.0,一三,376,1.0,1.0,3.0,2.0,0.0,1.0,0.0,0.0,0.0,0.0,0.0,,1.0,0.0,0.0,0.0,0.0,0.0,,,,,,,,,,,,,,,,,,,,,,
2023,2021012995,2023-06-07,1100130.0,岡島 豪郎,27.0,左,376,1.0,1.0,4.0,4.0,0.0,2.0,0.0,0.0,0.0,1.0,0.0,,0.0,1.0,0.0,0.0,0.0,0.0,,,,,,,,,,,,,,,,,,,,,,
2023,2021012995,2023-06-07,1100132.0,島内 宏明,35.0,指,376,1.0,1.0,2.0,2.0,0.0,0.0,0.0,0.0,0.0,0.0,0.0,,0.0,0.0,0.0,0.0,0.0,0.0,,,,,,,,,,,,,,,,,,,,,,
2023,2021012995,2023-06-07,1300028.0,和田 恋,54.0,打一,376,1.0,0.0,2.0,2.0,0.0,0.0,0.0,0.0,0.0,0.0,0.0,,0.0,2.0,0.0,0.0,0.0,0.0,,,,,,,,,,,,,,,,,,,,,,
2023,2021012995,2023-06-07,1300073.0,梅野 隆太郎,2.0,捕,5,1.0,1.0,5.0,5.0,2.0,2.0,0.0,0.0,0.0,1.0,0.0,,0.0,1.0,0.0,0.0,0.0,0.0,,,,,,,,,,,,,,,,,,,,,,
2023,2021012995,2023-06-07,1300075.0,岩崎 優,13.0,,5,,,,,,,,,,,,,,,,,,,3.0,1.0,0.0,2.0,0.0,0.47,1.0,1.0,,,9.0,3.0,1.0,0.0,0.0,,0.0,1.0,0.0,,5.0,19.0
2023,2021012995,2023-06-07,1460250.0,フランコ,23.0,打三,376,1.0,0.0,1.0,1.0,0.0,0.0,0.0,0.0,0.0,0.0,0.0,,0.0,0.0,0.0,0.0,0.0,0.0,,,,,,,,,,,,,,,,,,,,,,
2023,2021012995,2023-06-07,1600005.0,石橋 良太,60.0,,376,,,,,,,,,,,,,,,,,,,5.0,1.0,0.0,0.0,0.0,45.0,1.0,1.0,,,0.0,4.0,5.0,5.0,0.0,,1.0,0.0,0.0,,8.0,26.0
2023,2021012995,2023-06-07,1600113.0,大山 悠輔,3.0,一,5,1.0,1.0,5.0,3.0,2.0,0.0,0.0,0.0,0.0,0.0,0.0,,1.0,2.0,1.0,0.0,0.0,0.0,,,,,,,,,,,,,,,,,,,,,,
2023,2021012995,2023-06-07,1700034.0,山崎 剛,34.0,遊,376,1.0,1.0,2.0,2.0,0.0,0.0,0.0,0.0,0.0,0.0,0.0,,0.0,0.0,0.0,0.0,0.0,0.0,,,,,,,,,,,,,,,,,,,,,,
2023,2021012995,2023-06-07,1700080.0,島田 海吏,53.0,左右,5,1.0,1.0,5.0,5.0,1.0,2.0,0.0,1.0,0.0,2.0,0.0,,0.0,0.0,0.0,0.0,0.0,1.0,,,,,,,,,,,,,,,,,,,,,,
2023,2021012995,2023-06-07,1800065.0,近本 光司,5.0,中,5,1.0,1.0,6.0,2.0,1.0,0.0,0.0,0.0,0.0,1.0,0.0,,3.0,0.0,0.0,0.0,1.0,0.0,,,,,,,,,,,,,,,,,,,,,,
2023,2021012995,2023-06-07,1800066.0,小幡 竜平,38.0,遊,5,1.0,1.0,5.0,4.0,1.0,2.0,0.0,0.0,0.0,1.0,0.0,,0.0,0.0,0.0,1.0,0.0,0.0,,,,,,,,,,,,,,,,,,,,,,
2023,2021012995,2023-06-07,1800117.0,辰己 涼介,8.0,中,376,1.0,1.0,4.0,4.0,1.0,2.0,0.0,0.0,1.0,1.0,0.0,,0.0,1.0,0.0,0.0,0.0,0.0,,,,,,,,,,,,,,,,,,,,,,
2023,2021012995,2023-06-07,1800122.0,渡邊 佳明,48.0,打指,376,1.0,0.0,1.0,1.0,0.0,0.0,0.0,0.0,0.0,0.0,0.0,,0.0,0.0,0.0,0.0,0.0,0.0,,,,,,,,,,,,,,,,,,,,,,
2023,2021012995,2023-06-07,1800123.0,小郷 裕哉,51.0,右,376,1.0,1.0,4.0,4.0,0.0,2.0,0.0,0.0,0.0,0.0,1.0,,0.0,1.0,0.0,0.0,0.0,0.0,,,,,,,,,,,,,,,,,,,,,,
2023,2021012995,2023-06-07,1900044.0,西 純矢,15.0,,5,,,,,,,,,,,,,,,,,,,4.0,1.0,0.0,2.0,2.0,5.18,1.0,1.0,,,0.0,0.0,0.0,0.0,0.0,,0.0,1.0,0.0,,3.0,12.0
2023,2021012995,2023-06-07,1900046.0,及川 雅貴,37.0,,5,,,,,,,,,,,,,,,,,,,2.0,1.0,0.0,2.0,1.0,1.47,1.3333333333333333,1.1,,,0.0,0.0,0.0,0.0,0.0,,1.0,4.0,0.0,,5.0,24.0
2023,2021012995,2023-06-07,1900050.0,小野寺 暖,60.0,左,5,1.0,0.0,1.0,1.0,1.0,1.0,0.0,0.0,0.0,2.0,0.0,,0.0,0.0,0.0,0.0,0.0,0.0,,,,,,,,,,,,,,,,,,,,,,
2023,2021012995,2023-06-07,1900112.0,小深田 大翔,0.0,三遊,376,1.0,1.0,4.0,4.0,1.0,1.0,0.0,0.0,0.0,0.0,0.0,,0.0,0.0,0.0,0.0,0.0,2.0,,,,,,,,,,,,,,,,,,,,,,
2023,2021012995,2023-06-07,1900114.0,津留崎 大成,52.0,,376,,,,,,,,,,,,,,,,,,,3.0,1.0,0.0,0.0,0.0,3.0,1.0,1.0,,,0.0,1.0,1.0,1.0,1.0,,0.0,1.0,0.0,,4.0,11.0
2023,2021012995,2023-06-07,1950996.0,前川 右京,58.0,指,5,1.0,1.0,5.0,5.0,1.0,2.0,0.0,0.0,0.0,0.0,0.0,,0.0,1.0,0.0,0.0,0.0,0.0,,,,,,,,,,,,,,,,,,,,,,
2023,2021012995,2023-06-07,1961251.0,ミエセス,55.0,右,5,1.0,1.0,4.0,3.0,1.0,2.0,0.0,0.0,1.0,1.0,0.0,,1.0,0.0,0.0,0.0,0.0,0.0,,,,,,,,,,,,,,,,,,,,,,
2023,2021012995,2023-06-07,2000051.0,佐藤 輝明,8.0,三,5,1.0,1.0,5.0,5.0,1.0,2.0,0.0,2.0,0.0,3.0,0.0,,0.0,1.0,0.0,0.0,0.0,0.0,,,,,,,,,,,,,,,,,,,,,,
2023,2021012995,2023-06-07,2000056.0,中野 拓夢,51.0,二,5,1.0,1.0,6.0,6.0,0.0,1.0,0.0,0.0,0.0,0.0,0.0,,0.0,1.0,0.0,0.0,0.0,0.0,,,,,,,,,,,,,,,,,,,,,,
2023,2021012995,2023-06-07,2000126.0,内 星龍,69.0,,376,,,,,,,,,,,,,,,,,,,2.0,1.0,0.0,2.0,1.0,2.84,1.0,1.0,,,0.0,0.0,0.0,0.0,0.0,,1.0,1.0,0.0,,4.0,19.0
2023,2021012995,2023-06-07,2103740.0,安田 悠馬,55.0,捕,376,1.0,1.0,4.0,4.0,1.0,2.0,0.0,0.0,1.0,1.0,0.0,,0.0,1.0,0.0,0.0,0.0,0.0,,,,,,,,,,,,,,,,,,,,,,
2023,2021012995,2023-06-07,2105140.0,渡辺 翔太,31.0,,376,,,,,,,,,,,,,,,,,,,4.0,1.0,0.0,0.0,0.0,0.0,1.0,1.0,,,0.0,1.0,0.0,0.0,0.0,,0.0,1.0,0.0,,4.0,18.0
2023,2021012996,2023-06-07,12102.0,栗山 巧,1.0,指,7,1.0,1.0,4.0,4.0,0.0,0.0,0.0,0.0,0.0,0.0,0.0,,0.0,0.0,0.0,0.0,0.0,0.0,,,,,,,,,,,,,,,,,,,,,,
2023,2021012996,2023-06-07,500014.0,涌井 秀章,20.0,,4,,,,,,,,,,,,,,,,,,,1.0,1.0,,2.0,6.0,3.66,8.0,8.0,,,0.0,5.0,1.0,1.0,0.0,,2.0,2.0,0.0,,32.0,117.0
2023,2021012996,2023-06-07,900410.0,大島 洋平,8.0,左,4,1.0,1.0,4.0,3.0,0.0,1.0,0.0,0.0,0.0,0.0,0.0,,1.0,0.0,0.0,0.0,0.0,0.0,,,,,,,,,,,,,,,,,,,,,,
2023,2021012996,2023-06-07,1100069.0,高橋 周平,3.0,三,4,1.0,1.0,4.0,4.0,0.0,2.0,0.0,0.0,0.0,0.0,1.0,,0.0,1.0,0.0,0.0,0.0,1.0,,,,,,,,,,,,,,,,,,,,,,
2023,2021012996,2023-06-07,1200059.0,溝脇 隼人,48.0,遊,4,1.0,0.0,0.0,0.0,0.0,0.0,0.0,0.0,0.0,0.0,0.0,,0.0,0.0,0.0,0.0,0.0,0.0,,,,,,,,,,,,,,,,,,,,,,
2023,2021012996,2023-06-07,1200082.0,増田 達至,14.0,,7,,,,,,,,,,,,,,,,,,,6.0,1.0,0.0,2.0,1.0,6.48,1.0,1.0,,,8.0,2.0,1.0,1.0,0.0,,0.0,1.0,0.0,,5.0,20.0
2023,2021012996,2023-06-07,1200097.0,加藤 翔平,52.0,走,4,1.0,0.0,0.0,0.0,1.0,0.0,0.0,0.0,0.0,0.0,1.0,,0.0,0.0,0.0,0.0,0.0,0.0,,,,,,,,,,,,,,,,,,,,,,
2023,2021012996,2023-06-07,1300066.0,祖父江 大輔,33.0,,4,,,,,,,,,,,,,,,,,,,2.0,1.0,0.0,2.0,3.0,2.42,0.3333333333333333,0.1,,,0.0,1.0,1.0,1.0,1.0,,0.0,0.0,0.0,,2.0,8.0
2023,2021012996,2023-06-07,1400160.0,加藤 匠馬,69.0,捕,4,1.0,0.0,0.0,0.0,0.0,0.0,0.0,0.0,0.0,0.0,0.0,,0.0,0.0,0.0,0.0,0.0,0.0,,,,,,,,,,,,,,,,,,,,,,
2023,2021012996,2023-06-07,1400184.0,外崎 修汰,5.0,二,7,1.0,1.0,4.0,4.0,0.0,0.0,0.0,0.0,0.0,0.0,0.0,,0.0,0.0,0.0,0.0,0.0,0.0,,,,,,,,,,,,,,,,,,,,,,
2023,2021012996,2023-06-07,1500076.0,木下 拓哉,35.0,捕,4,1.0,1.0,4.0,4.0,0.0,2.0,0.0,0.0,0.0,0.0,0.0,,0.0,0.0,0.0,0.0,0.0,0.0,,,,,,,,,,,,,,,,,,,,,,
2023,2021012996,2023-06-07,1500100.0,川越 誠司,72.0,右,7,1.0,1.0,3.0,2.0,0.0,1.0,0.0,0.0,0.0,0.0,0.0,,1.0,1.0,0.0,0.0,0.0,0.0,,,,,,,,,,,,,,,,,,,,,,
2023,2021012996,2023-06-07,1500104.0,本田 圭佑,45.0,,7,,,,,,,,,,,,,,,,,,,1.0,1.0,,0.0,1.0,0.92,4.0,4.0,,,0.0,4.0,0.0,0.0,0.0,,2.0,4.0,0.0,,17.0,75.0
2023,2021012996,2023-06-07,1600021.0,ビシエド,66.0,一,4,1.0,1.0,4.0,4.0,0.0,0.0,0.0,0.0,0.0,0.0,0.0,,0.0,1.0,0.0,0.0,0.0,0.0,,,,,,,,,,,,,,,,,,,,,,
2023,2021012996,2023-06-07,1600085.0,細川 成也,0.0,右,4,1.0,1.0,4.0,3.0,0.0,0.0,0.0,0.0,0.0,0.0,0.0,,1.0,2.0,0.0,0.0,0.0,0.0,,,,,,,,,,,,,,,,,,,,,,
2023,2021012996,2023-06-07,1600129.0,源田 壮亮,6.0,遊,7,1.0,1.0,4.0,3.0,0.0,1.0,0.0,0.0,0.0,1.0,0.0,,1.0,0.0,0.0,0.0,0.0,0.0,,,,,,,,,,,,,,,,,,,,,,
2023,2021012996,2023-06-07,1600130.0,鈴木 将平,46.0,左,7,1.0,1.0,4.0,4.0,0.0,0.0,0.0,0.0,0.0,0.0,0.0,,0.0,0.0,0.0,0.0,0.0,0.0,,,,,,,,,,,,,,,,,,,,,,
2023,2021012996,2023-06-07,1600131.0,平井 克典,25.0,,7,,,,,,,,,,,,,,,,,,,4.0,1.0,0.0,2.0,1.0,1.27,1.0,1.0,,,0.0,1.0,0.0,0.0,0.0,,0.0,0.0,0.0,,3.0,14.0
2023,2021012996,2023-06-07,1700105.0,伊藤 康祐,49.0,走左,4,1.0,0.0,0.0,0.0,0.0,0.0,0.0,0.0,0.0,0.0,0.0,,0.0,0.0,0.0,0.0,0.0,0.0,,,,,,,,,,,,,,,,,,,,,,
2023,2021012996,2023-06-07,1750223.0,村松 開人,5.0,打二,4,1.0,0.0,1.0,0.0,0.0,0.0,0.0,0.0,0.0,1.0,0.0,,0.0,0.0,0.0,0.0,1.0,0.0,,,,,,,,,,,,,,,,,,,,,,
2023,2021012996,2023-06-07,1750472.0,古賀 悠斗,22.0,捕,7,1.0,1.0,3.0,1.0,0.0,0.0,0.0,0.0,0.0,0.0,0.0,,0.0,0.0,0.0,2.0,0.0,0.0,,,,,,,,,,,,,,,,,,,,,,
2023,2021012996,2023-06-07,1800085.0,森脇 亮介,28.0,,7,,,,,,,,,,,,,,,,,,,2.0,1.0,0.0,1.0,1.0,2.25,1.0,1.0,,,2.0,0.0,0.0,0.0,0.0,,0.0,1.0,0.0,,4.0,18.0
2023,2021012996,2023-06-07,1800086.0,佐藤 龍世,58.0,三,7,1.0,0.0,0.0,0.0,0.0,0.0,0.0,0.0,0.0,0.0,0.0,,0.0,0.0,0.0,0.0,0.0,0.0,,,,,,,,,,,,,,,,,,,,,,
2023,2021012996,2023-06-07,1900037.0,石川 昂弥,25.0,指,4,1.0,1.0,4.0,4.0,0.0,0.0,0.0,0.0,0.0,0.0,0.0,,0.0,1.0,0.0,0.0,0.0,0.0,,,,,,,,,,,,,,,,,,,,,,
2023,2021012996,2023-06-07,1900041.0,岡林 勇希,60.0,中,4,1.0,1.0,4.0,3.0,0.0,1.0,0.0,0.0,0.0,0.0,1.0,,0.0,1.0,0.0,1.0,0.0,0.0,,,,,,,,,,,,,,,,,,,,,,
2023,2021012996,2023-06-07,2000044.0,龍空,45.0,遊,4,1.0,1.0,3.0,3.0,0.0,2.0,0.0,0.0,0.0,0.0,0.0,,0.0,0.0,0.0,0.0,0.0,0.0,,,,,,,,,,,,,,,,,,,,,,
2023,2021012996,2023-06-07,2000067.0,渡部 健人,8.0,一,7,1.0,1.0,4.0,4.0,0.0,1.0,0.0,0.0,0.0,0.0,0.0,,0.0,0.0,0.0,0.0,0.0,1.0,,,,,,,,,,,,,,,,,,,,,,
2023,2021012996,2023-06-07,2000070.0,若林 楽人,35.0,中右,7,1.0,1.0,3.0,3.0,0.0,1.0,0.0,0.0,0.0,0.0,0.0,,0.0,1.0,0.0,0.0,0.0,0.0,,,,,,,,,,,,,,,,,,,,,,
2023,2021012996,2023-06-07,2000075.0,長谷川 信哉,63.0,走中,7,1.0,0.0,1.0,1.0,2.0,1.0,0.0,0.0,1.0,1.0,0.0,,0.0,0.0,0.0,0.0,0.0,0.0,,,,,,,,,,,,,,,,,,,,,,
2023,2021012996,2023-06-07,2103714.0,佐藤 隼輔,19.0,,7,,,,,,,,,,,,,,,,,,,5.0,1.0,0.0,1.0,1.0,1.8,1.0,1.0,,,0.0,1.0,0.0,0.0,0.0,,0.0,0.0,0.0,,4.0,8.0
2023,2021012996,2023-06-07,2103780.0,福永 裕基,68.0,二三,4,1.0,1.0,4.0,4.0,0.0,0.0,0.0,0.0,0.0,0.0,0.0,,0.0,2.0,0.0,0.0,0.0,0.0,,,,,,,,,,,,,,,,,,,,,,
2023,2021012996,2023-06-07,2103840.0,ブライト 健太,42.0,走,4,1.0,0.0,0.0,0.0,0.0,0.0,0.0,0.0,0.0,0.0,1.0,,0.0,0.0,0.0,0.0,0.0,0.0,,,,,,,,,,,,,,,,,,,,,,
2023,2021012996,2023-06-07,2106286.0,青山 美夏人,29.0,,7,,,,,,,,,,,,,,,,,,,3.0,1.0,0.0,0.0,0.0,2.7,1.0,1.0,,,2.0,0.0,0.0,0.0,0.0,,0.0,2.0,0.0,,3.0,13.0
2023,2021012996,2023-06-07,2108196.0,マキノン,30.0,三一,7,1.0,1.0,4.0,4.0,0.0,1.0,1.0,0.0,0.0,0.0,0.0,,0.0,0.0,0.0,0.0,0.0,0.0,,,,,,,,,,,,,,,,,,,,,,
2023,2021012997,2023-06-07,400021.0,青木 宣親,23.0,指,2,1.0,1.0,4.0,2.0,0.0,0.0,0.0,0.0,0.0,0.0,0.0,,2.0,1.0,0.0,0.0,0.0,0.0,,,,,,,,,,,,,,,,,,,,,,
2023,2021012997,2023-06-07,900044.0,中村 悠平,27.0,捕,2,1.0,1.0,3.0,3.0,0.0,0.0,0.0,0.0,0.0,0.0,0.0,,0.0,1.0,0.0,0.0,0.0,0.0,,,,,,,,,,,,,,,,,,,,,,
2023,2021012997,2023-06-07,1000132.0,山田 哲人,1.0,二,2,1.0,1.0,4.0,4.0,0.0,0.0,0.0,0.0,0.0,0.0,0.0,,0.0,1.0,0.0,0.0,0.0,0.0,,,,,,,,,,,,,,,,,,,,,,
2023,2021012997,2023-06-07,1200096.0,田村 龍弘,27.0,捕,9,1.0,1.0,4.0,3.0,0.0,0.0,0.0,0.0,0.0,1.0,0.0,,0.0,0.0,0.0,0.0,1.0,0.0,,,,,,,,,,,,,,,,,,,,,,
2023,2021012997,2023-06-07,1300044.0,岡 大海,25.0,中左,9,1.0,1.0,3.0,3.0,2.0,2.0,1.0,0.0,0.0,0.0,0.0,,0.0,1.0,0.0,0.0,0.0,0.0,,,,,,,,,,,,,,,,,,,,,,
2023,2021012997,2023-06-07,1300092.0,今野 龍太,69.0,,2,,,,,,,,,,,,,,,,,,,3.0,1.0,0.0,0.0,0.0,2.89,1.0,1.0,,,0.0,2.0,3.0,3.0,1.0,,1.0,2.0,0.0,,6.0,20.0
2023,2021012997,2023-06-07,1400188.0,中村 奨吾,8.0,指,9,1.0,1.0,4.0,3.0,1.0,0.0,0.0,0.0,0.0,0.0,0.0,,1.0,1.0,0.0,0.0,0.0,0.0,,,,,,,,,,,,,,,,,,,,,,
2023,2021012997,2023-06-07,1460080.0,ポランコ,22.0,左,9,1.0,1.0,3.0,2.0,0.0,1.0,0.0,0.0,0.0,0.0,0.0,,1.0,1.0,0.0,0.0,0.0,0.0,,,,,,,,,,,,,,,,,,,,,,
2023,2021012997,2023-06-07,1500042.0,高橋 奎二,47.0,,2,,,,,,,,,,,,,,,,,,,1.0,1.0,,2.0,3.0,4.25,4.666666666666667,4.2,,,0.0,5.0,3.0,3.0,0.0,,3.0,5.0,0.0,,20.0,83.0
2023,2021012997,2023-06-07,1500044.0,山崎 晃大朗,31.0,中,2,1.0,1.0,4.0,4.0,0.0,1.0,0.0,0.0,0.0,0.0,0.0,,0.0,0.0,0.0,0.0,0.0,0.0,,,,,,,,,,,,,,,,,,,,,,
2023,2021012997,2023-06-07,1500117.0,平沢 大河,13.0,走右,9,1.0,0.0,1.0,1.0,0.0,0.0,0.0,0.0,0.0,0.0,0.0,,0.0,1.0,0.0,0.0,0.0,0.0,,,,,,,,,,,,,,,,,,,,,,
2023,2021012997,2023-06-07,1500141.0,茶谷 健太,67.0,二,9,1.0,1.0,4.0,3.0,0.0,0.0,0.0,0.0,0.0,0.0,0.0,,0.0,2.0,0.0,1.0,0.0,0.0,,,,,,,,,,,,,,,,,,,,,,
2023,2021012997,2023-06-07,1600078.0,古賀 優大,57.0,捕,2,1.0,0.0,0.0,0.0,0.0,0.0,0.0,0.0,0.0,0.0,0.0,,0.0,0.0,0.0,0.0,0.0,0.0,,,,,,,,,,,,,,,,,,,,,,
2023,2021012997,2023-06-07,1600086.0,尾仲 祐哉,52.0,,2,,,,,,,,,,,,,,,,,,,4.0,1.0,0.0,0.0,1.0,5.06,1.0,1.0,,,0.0,0.0,0.0,0.0,0.0,,0.0,1.0,0.0,,3.0,9.0
2023,2021012997,2023-06-07,1700002.0,メルセデス,42.0,,9,,,,,,,,,,,,,,,,,,,1.0,1.0,,2.0,3.0,1.98,7.0,7.0,,,1.0,2.0,0.0,0.0,0.0,,2.0,4.0,0.0,,25.0,100.0
2023,2021012997,2023-06-07,1700026.0,西村 天裕,40.0,,9,,,,,,,,,,,,,,,,,,,2.0,1.0,0.0,0.0,0.0,0.0,1.0,1.0,,,0.0,0.0,0.0,0.0,0.0,,0.0,2.0,0.0,,3.0,11.0
2023,2021012997,2023-06-07,1700084.0,村上 宗隆,55.0,三,2,1.0,1.0,4.0,3.0,0.0,1.0,0.0,0.0,0.0,0.0,0.0,,1.0,1.0,0.0,0.0,0.0,0.0,,,,,,,,,,,,,,,,,,,,,,
2023,2021012997,2023-06-07,1700092.0,安田 尚憲,5.0,三,9,1.0,1.0,4.0,1.0,1.0,0.0,0.0,0.0,0.0,0.0,0.0,,3.0,0.0,0.0,0.0,0.0,0.0,,,,,,,,,,,,,,,,,,,,,,
2023,2021012997,2023-06-07,1700093.0,藤岡 裕大,4.0,遊,9,1.0,1.0,4.0,4.0,0.0,1.0,0.0,0.0,0.0,0.0,0.0,,0.0,1.0,0.0,0.0,0.0,0.0,,,,,,,,,,,,,,,,,,,,,,
2023,2021012997,2023-06-07,1700098.0,和田 康士朗,63.0,中,9,1.0,0.0,0.0,0.0,0.0,0.0,0.0,0.0,0.0,0.0,0.0,,0.0,0.0,0.0,0.0,0.0,0.0,,,,,,,,,,,,,,,,,,,,,,
2023,2021012997,2023-06-07,1800036.0,濱田 太貴,51.0,左,2,1.0,1.0,3.0,3.0,0.0,0.0,0.0,0.0,0.0,0.0,0.0,,0.0,0.0,0.0,0.0,0.0,0.0,,,,,,,,,,,,,,,,,,,,,,
2023,2021012997,2023-06-07,1800053.0,山口 航輝,51.0,右左,9,1.0,1.0,4.0,4.0,2.0,3.0,0.0,0.0,1.0,3.0,0.0,,0.0,1.0,0.0,0.0,0.0,0.0,,,,,,,,,,,,,,,,,,,,,,
2023,2021012997,2023-06-07,1900027.0,大西 広樹,44.0,,2,,,,,,,,,,,,,,,,,,,2.0,1.0,0.0,1.0,1.0,4.13,1.3333333333333333,1.1,,,0.0,2.0,0.0,0.0,0.0,,1.0,0.0,0.0,,6.0,24.0
2023,2021012997,2023-06-07,1900028.0,長岡 秀樹,7.0,遊,2,1.0,1.0,3.0,3.0,0.0,0.0,0.0,0.0,0.0,0.0,0.0,,0.0,2.0,0.0,0.0,0.0,0.0,,,,,,,,,,,,,,,,,,,,,,
2023,2021012997,2023-06-07,1900029.0,武岡 龍世,60.0,二,2,1.0,0.0,0.0,0.0,0.0,0.0,0.0,0.0,0.0,0.0,0.0,,0.0,0.0,0.0,0.0,0.0,0.0,,,,,,,,,,,,,,,,,,,,,,
2023,2021012997,2023-06-07,1900083.0,横山 陸人,60.0,,9,,,,,,,,,,,,,,,,,,,3.0,1.0,0.0,0.0,0.0,6.0,1.0,1.0,,,0.0,1.0,0.0,0.0,0.0,,1.0,1.0,0.0,,5.0,17.0
2023,2021012997,2023-06-07,2000133.0,オスナ,13.0,一,2,1.0,1.0,4.0,4.0,0.0,0.0,0.0,0.0,0.0,0.0,0.0,,0.0,0.0,0.0,0.0,0.0,0.0,,,,,,,,,,,,,,,,,,,,,,
2023,2021012997,2023-06-07,2000135.0,サンタナ,25.0,右,2,1.0,1.0,4.0,4.0,0.0,1.0,0.0,0.0,0.0,0.0,0.0,,0.0,1.0,0.0,0.0,0.0,0.0,,,,,,,,,,,,,,,,,,,,,,
2023,2021012997,2023-06-07,2103693.0,池田 来翔,0.0,一,9,1.0,1.0,4.0,3.0,0.0,2.0,0.0,0.0,0.0,2.0,0.0,,0.0,0.0,0.0,1.0,0.0,1.0,,,,,,,,,,,,,,,,,,,,,,
2023,2021012998,2023-06-07,700003.0,坂本 勇人,6.0,遊,1,1.0,1.0,5.0,4.0,0.0,1.0,0.0,0.0,0.0,1.0,0.0,,1.0,0.0,0.0,0.0,0.0,0.0,,,,,,,,,,,,,,,,,,,,,,
2023,2021012998,2023-06-07,800043.0,丸 佳浩,8.0,右,1,1.0,1.0,6.0,6.0,0.0,0.0,0.0,0.0,0.0,0.0,0.0,,0.0,0.0,0.0,0.0,0.0,0.0,,,,,,,,,,,,,,,,,,,,,,
2023,2021012998,2023-06-07,800054.0,中田 翔,10.0,一,1,1.0,1.0,4.0,4.0,0.0,2.0,1.0,0.0,0.0,0.0,0.0,,0.0,0.0,0.0,0.0,0.0,0.0,,,,,,,,,,,,,,,,,,,,,,
2023,2021012998,2023-06-07,1000010.0,比嘉 幹貴,35.0,,11,,,,,,,,,,,,,,,,,,,2.0,1.0,0.0,2.0,0.0,2.57,0.3333333333333333,0.1,,,0.0,0.0,0.0,0.0,0.0,,0.0,0.0,0.0,,1.0,4.0
2023,2021012998,2023-06-07,1000011.0,山田 修義,57.0,,11,,,,,,,,,,,,,,,,,,,4.0,1.0,0.0,0.0,0.0,1.69,1.0,1.0,,,0.0,0.0,0.0,0.0,0.0,,0.0,0.0,0.0,,3.0,10.0
2023,2021012998,2023-06-07,1100038.0,今村 信貴,26.0,,1,,,,,,,,,,,,,,,,,,,3.0,1.0,0.0,0.0,0.0,14.73,1.0,1.0,,,0.0,0.0,0.0,0.0,0.0,,0.0,0.0,0.0,,3.0,12.0
2023,2021012998,2023-06-07,1100105.0,安達 了一,3.0,二,11,1.0,1.0,4.0,3.0,0.0,0.0,0.0,0.0,0.0,0.0,0.0,,1.0,0.0,0.0,0.0,0.0,1.0,,,,,,,,,,,,,,,,,,,,,,
2023,2021012998,2023-06-07,1160424.0,ゴンザレス,8.0,三,11,1.0,1.0,4.0,4.0,0.0,1.0,0.0,0.0,0.0,0.0,0.0,,0.0,2.0,0.0,0.0,0.0,0.0,,,,,,,,,,,,,,,,,,,,,,
2023,2021012998,2023-06-07,1300100.0,森 友哉,4.0,捕,11,1.0,1.0,4.0,4.0,0.0,0.0,0.0,0.0,0.0,0.0,0.0,,0.0,0.0,0.0,0.0,0.0,0.0,,,,,,,,,,,,,,,,,,,,,,
2023,2021012998,2023-06-07,1400101.0,岡本 和真,25.0,三,1,1.0,1.0,4.0,3.0,1.0,2.0,0.0,0.0,0.0,0.0,0.0,,1.0,0.0,0.0,0.0,0.0,0.0,,,,,,,,,,,,,,,,,,,,,,
2023,2021012998,2023-06-07,1450639.0,小木田 敦也,56.0,,11,,,,,,,,,,,,,,,,,,,3.0,1.0,0.0,1.0,0.0,3.75,1.0,1.0,,,0.0,1.0,1.0,1.0,1.0,,1.0,0.0,0.0,,5.0,23.0
2023,2021012998,2023-06-07,1500041.0,廣岡 大志,30.0,中三,11,1.0,1.0,4.0,2.0,0.0,0.0,0.0,0.0,0.0,0.0,0.0,,2.0,0.0,0.0,0.0,0.0,1.0,,,,,,,,,,,,,,,,,,,,,,
2023,2021012998,2023-06-07,1500047.0,重信 慎之介,43.0,左,1,1.0,0.0,1.0,1.0,0.0,1.0,0.0,0.0,0.0,0.0,0.0,,0.0,0.0,0.0,0.0,0.0,0.0,,,,,,,,,,,,,,,,,,,,,,
2023,2021012998,2023-06-07,1500127.0,近藤 大亮,20.0,,11,,,,,,,,,,,,,,,,,,,6.0,1.0,0.0,0.0,1.0,5.79,1.0,1.0,,,0.0,2.0,2.0,2.0,0.0,,1.0,1.0,0.0,,6.0,34.0
2023,2021012998,2023-06-07,1500135.0,杉本 裕太郎,99.0,指,11,1.0,1.0,4.0,4.0,0.0,1.0,1.0,0.0,0.0,0.0,0.0,,0.0,2.0,0.0,0.0,0.0,0.0,,,,,,,,,,,,,,,,,,,,,,
2023,2021012998,2023-06-07,1600059.0,吉川 尚輝,2.0,二,1,1.0,1.0,5.0,5.0,1.0,3.0,1.0,0.0,0.0,2.0,0.0,,0.0,0.0,0.0,0.0,0.0,0.0,,,,,,,,,,,,,,,,,,,,,,
2023,2021012998,2023-06-07,1600070.0,松原 聖弥,59.0,中,1,1.0,0.0,3.0,2.0,0.0,0.0,0.0,0.0,0.0,0.0,0.0,,1.0,1.0,0.0,0.0,0.0,0.0,,,,,,,,,,,,,,,,,,,,,,
2023,2021012998,2023-06-07,1700043.0,岸田 行倫,27.0,打捕,1,1.0,0.0,1.0,1.0,0.0,0.0,0.0,0.0,0.0,0.0,0.0,,0.0,0.0,0.0,0.0,0.0,0.0,,,,,,,,,,,,,,,,,,,,,,
2023,2021012998,2023-06-07,1700044.0,大城 卓三,24.0,捕,1,1.0,1.0,4.0,4.0,1.0,1.0,0.0,0.0,1.0,3.0,0.0,,0.0,0.0,0.0,0.0,0.0,0.0,,,,,,,,,,,,,,,,,,,,,,
2023,2021012998,2023-06-07,1700047.0,若林 晃弘,37.0,走一,1,1.0,0.0,1.0,0.0,2.0,0.0,0.0,0.0,0.0,0.0,0.0,,1.0,0.0,0.0,0.0,0.0,0.0,,,,,,,,,,,,,,,,,,,,,,
2023,2021012998,2023-06-07,1750595.0,曽谷 龍平,17.0,,11,,,,,,,,,,,,,,,,,,,1.0,1.0,,0.0,1.0,2.84,4.666666666666667,4.2,,,0.0,7.0,2.0,1.0,0.0,,1.0,3.0,0.0,,21.0,65.0
2023,2021012998,2023-06-07,1751068.0,野口 智哉,9.0,遊中,11,1.0,1.0,4.0,4.0,0.0,0.0,0.0,0.0,0.0,0.0,0.0,,0.0,0.0,0.0,0.0,0.0,0.0,,,,,,,,,,,,,,,,,,,,,,
2023,2021012998,2023-06-07,1800028.0,戸郷 翔征,20.0,,1,,,,,,,,,,,,,,,,,,,1.0,1.0,,7.0,1.0,2.54,7.0,7.0,,,0.0,6.0,0.0,0.0,0.0,,4.0,5.0,0.0,,31.0,138.0
2023,2021012998,2023-06-07,1800099.0,頓宮 裕真,44.0,一,11,1.0,1.0,4.0,3.0,0.0,1.0,1.0,0.0,0.0,0.0,0.0,,1.0,0.0,0.0,0.0,0.0,0.0,,,,,,,,,,,,,,,,,,,,,,
2023,2021012998,2023-06-07,1800104.0,中川 圭太,67.0,左,11,1.0,1.0,4.0,4.0,0.0,1.0,0.0,0.0,0.0,0.0,0.0,,0.0,0.0,0.0,0.0,0.0,0.0,,,,,,,,,,,,,,,,,,,,,,
2023,2021012998,2023-06-07,1800105.0,漆原 大晟,65.0,,11,,,,,,,,,,,,,,,,,,,5.0,1.0,0.0,0.0,0.0,2.25,1.0,1.0,,,0.0,6.0,5.0,4.0,1.0,,1.0,0.0,0.0,,10.0,31.0
2023,2021012998,2023-06-07,1860031.0,ブリンソン,42.0,中,1,1.0,1.0,2.0,2.0,0.0,0.0,0.0,0.0,0.0,0.0,0.0,,0.0,1.0,0.0,0.0,0.0,0.0,,,,,,,,,,,,,,,,,,,,,,
2023,2021012998,2023-06-07,1900088.0,紅林 弘太郎,24.0,遊,11,1.0,0.0,0.0,0.0,0.0,0.0,0.0,0.0,0.0,0.0,0.0,,0.0,0.0,0.0,0.0,0.0,0.0,,,,,,,,,,,,,,,,,,,,,,
2023,2021012998,2023-06-07,2000009.0,秋広 優人,55.0,左,1,1.0,1.0,4.0,4.0,1.0,1.0,0.0,0.0,0.0,0.0,0.0,,0.0,2.0,0.0,0.0,0.0,0.0,,,,,,,,,,,,,,,,,,,,,,
2023,2021012998,2023-06-07,2105889.0,ウォーカー,44.0,指,1,1.0,1.0,5.0,5.0,3.0,5.0,0.0,1.0,1.0,3.0,0.0,,0.0,0.0,0.0,0.0,0.0,0.0,,,,,,,,,,,,,,,,,,,,,,
2023,2021012998,2023-06-07,2107874.0,門脇 誠,35.0,走三,1,1.0,0.0,1.0,1.0,1.0,0.0,0.0,0.0,0.0,0.0,0.0,,0.0,0.0,0.0,0.0,0.0,0.0,,,,,,,,,,,,,,,,,,,,,,
2023,2021012998,2023-06-07,2107897.0,茶野 篤政,61.0,右,11,1.0,1.0,5.0,5.0,0.0,2.0,0.0,0.0,0.0,0.0,0.0,,0.0,1.0,0.0,0.0,0.0,0.0,,,,,,,,,,,,,,,,,,,,,,
2023,2021012998,2023-06-07,2107899.0,田中 千晴,48.0,,1,,,,,,,,,,,,,,,,,,,2.0,1.0,0.0,1.0,3.0,5.06,1.0,1.0,,,0.0,0.0,0.0,0.0,0.0,,0.0,0.0,0.0,,3.0,7.0
2023,2021012999,2023-06-07,800081.0,中村 晃,7.0,一,12,1.0,1.0,4.0,4.0,0.0,2.0,0.0,0.0,0.0,0.0,0.0,,0.0,0.0,0.0,0.0,0.0,0.0,,,,,,,,,,,,,,,,,,,,,,
2023,2021012999,2023-06-07,1000035.0,今宮 健太,6.0,遊,12,1.0,1.0,4.0,4.0,1.0,1.0,1.0,0.0,0.0,0.0,0.0,,0.0,1.0,0.0,0.0,0.0,0.0,,,,,,,,,,,,,,,,,,,,,,
2023,2021012999,2023-06-07,1000128.0,柳田 悠岐,9.0,右,12,1.0,1.0,4.0,4.0,1.0,1.0,0.0,0.0,0.0,0.0,0.0,,0.0,2.0,0.0,0.0,0.0,0.0,,,,,,,,,,,,,,,,,,,,,,
2023,2021012999,2023-06-07,1000175.0,牧原 大成,8.0,二,12,1.0,1.0,4.0,3.0,0.0,0.0,0.0,0.0,0.0,0.0,0.0,,0.0,0.0,0.0,1.0,0.0,0.0,,,,,,,,,,,,,,,,,,,,,,
2023,2021012999,2023-06-07,1000176.0,甲斐 拓也,19.0,捕,12,1.0,1.0,3.0,3.0,1.0,2.0,0.0,0.0,1.0,1.0,0.0,,0.0,1.0,0.0,0.0,0.0,0.0,,,,,,,,,,,,,,,,,,,,,,
2023,2021012999,2023-06-07,1100097.0,近藤 健介,3.0,左,12,1.0,1.0,3.0,3.0,1.0,3.0,1.0,0.0,0.0,1.0,0.0,,0.0,0.0,0.0,0.0,0.0,0.0,,,,,,,,,,,,,,,,,,,,,,
2023,2021012999,2023-06-07,1200049.0,三嶋 一輝,17.0,,3,,,,,,,,,,,,,,,,,,,2.0,1.0,0.0,3.0,1.0,2.2,0.6666666666666666,0.2,,,0.0,0.0,0.0,0.0,0.0,,0.0,0.0,0.0,,3.0,9.0
2023,2021012999,2023-06-07,1200053.0,宮崎 敏郎,51.0,三,3,1.0,1.0,4.0,4.0,0.0,1.0,0.0,0.0,0.0,0.0,0.0,,0.0,1.0,0.0,0.0,0.0,0.0,,,,,,,,,,,,,,,,,,,,,,
2023,2021012999,2023-06-07,1200106.0,東浜 巨,16.0,,12,,,,,,,,,,,,,,,,,,,1.0,1.0,,4.0,5.0,3.68,7.0,7.0,,,0.0,2.0,0.0,0.0,0.0,,3.0,7.0,0.0,,25.0,99.0
2023,2021012999,2023-06-07,1300038.0,関根 大気,63.0,右,3,1.0,1.0,4.0,4.0,0.0,0.0,0.0,0.0,0.0,0.0,0.0,,0.0,1.0,0.0,0.0,0.0,0.0,,,,,,,,,,,,,,,,,,,,,,
2023,2021012999,2023-06-07,1400110.0,石田 健大,14.0,,3,,,,,,,,,,,,,,,,,,,1.0,1.0,,2.0,3.0,2.1,5.333333333333333,5.1,,,0.0,8.0,3.0,1.0,0.0,,1.0,4.0,0.0,,23.0,92.0
2023,2021012999,2023-06-07,1400127.0,栗原 陵矢,24.0,三,12,1.0,1.0,3.0,3.0,0.0,0.0,0.0,0.0,0.0,0.0,0.0,,0.0,0.0,0.0,0.0,0.0,0.0,,,,,,,,,,,,,,,,,,,,,,
2023,2021012999,2023-06-07,1500064.0,戸柱 恭孝,10.0,捕,3,1.0,1.0,4.0,4.0,0.0,0.0,0.0,0.0,0.0,0.0,0.0,,0.0,1.0,0.0,0.0,0.0,0.0,,,,,,,,,,,,,,,,,,,,,,
2023,2021012999,2023-06-07,1500140.0,谷川原 健太,45.0,打左右,12,1.0,0.0,1.0,1.0,0.0,0.0,0.0,0.0,0.0,0.0,0.0,,0.0,0.0,0.0,0.0,0.0,0.0,,,,,,,,,,,,,,,,,,,,,,
2023,2021012999,2023-06-07,1550517.0,大津 亮介,26.0,,12,,,,,,,,,,,,,,,,,,,3.0,1.0,0.0,0.0,0.0,2.95,0.3333333333333333,0.1,,,0.0,1.0,0.0,0.0,0.0,,0.0,0.0,1.0,,3.0,12.0
2023,2021012999,2023-06-07,1600089.0,佐野 恵太,7.0,左,3,1.0,1.0,4.0,4.0,0.0,1.0,0.0,0.0,0.0,0.0,0.0,,0.0,0.0,0.0,0.0,0.0,0.0,,,,,,,,,,,,,,,,,,,,,,
2023,2021012999,2023-06-07,1600107.0,京田 陽太,98.0,遊,3,1.0,1.0,3.0,3.0,0.0,1.0,0.0,0.0,0.0,0.0,0.0,,0.0,0.0,0.0,0.0,0.0,0.0,,,,,,,,,,,,,,,,,,,,,,
2023,2021012999,2023-06-07,1700011.0,モイネロ,35.0,,12,,,,,,,,,,,,,,,,,,,4.0,1.0,0.0,2.0,0.0,0.92,0.6666666666666666,0.2,,,3.0,0.0,0.0,0.0,0.0,,0.0,1.0,0.0,,2.0,5.0
2023,2021012999,2023-06-07,1700020.0,ソト,99.0,一,3,1.0,1.0,3.0,3.0,0.0,1.0,0.0,0.0,0.0,0.0,0.0,,0.0,1.0,0.0,0.0,0.0,1.0,,,,,,,,,,,,,,,,,,,,,,
2023,2021012999,2023-06-07,1700065.0,楠本 泰史,37.0,打,3,1.0,0.0,1.0,0.0,0.0,0.0,0.0,0.0,0.0,0.0,0.0,,0.0,0.0,1.0,0.0,0.0,0.0,,,,,,,,,,,,,,,,,,,,,,
2023,2021012999,2023-06-07,1700067.0,中川 虎大,64.0,,3,,,,,,,,,,,,,,,,,,,3.0,1.0,0.0,0.0,0.0,3.0,1.0,1.0,,,0.0,1.0,1.0,1.0,1.0,,0.0,0.0,0.0,,4.0,21.0
2023,2021012999,2023-06-07,1700135.0,周東 佑京,23.0,走中,12,1.0,0.0,0.0,0.0,0.0,0.0,0.0,0.0,0.0,0.0,0.0,,0.0,0.0,0.0,0.0,0.0,0.0,,,,,,,,,,,,,,,,,,,,,,
2023,2021012999,2023-06-07,1800106.0,甲斐野 央,20.0,,12,,,,,,,,,,,,,,,,,,,2.0,1.0,0.0,0.0,0.0,1.29,1.0,1.0,,,0.0,2.0,0.0,0.0,0.0,,0.0,1.0,0.0,,5.0,15.0
2023,2021012999,2023-06-07,1800108.0,野村 大樹,55.0,指,12,1.0,1.0,2.0,2.0,0.0,0.0,0.0,0.0,0.0,0.0,0.0,,0.0,0.0,0.0,0.0,0.0,0.0,,,,,,,,,,,,,,,,,,,,,,
2023,2021012999,2023-06-07,1900031.0,坂本 裕哉,20.0,,3,,,,,,,,,,,,,,,,,,,4.0,1.0,0.0,0.0,0.0,3.75,1.0,1.0,,,0.0,0.0,0.0,0.0,0.0,,0.0,2.0,0.0,,3.0,12.0
2023,2021012999,2023-06-07,1900100.0,佐藤 直樹,30.0,中左,12,1.0,0.0,1.0,1.0,0.0,0.0,0.0,0.0,0.0,0.0,0.0,,0.0,0.0,0.0,0.0,0.0,0.0,,,,,,,,,,,,,,,,,,,,,,
2023,2021012999,2023-06-07,1900104.0,柳町 達,32.0,打指,12,1.0,0.0,2.0,2.0,0.0,0.0,0.0,0.0,0.0,0.0,0.0,,0.0,1.0,0.0,0.0,0.0,0.0,,,,,,,,,,,,,,,,,,,,,,
2023,2021012999,2023-06-07,1900126.0,オースティン,3.0,指,3,1.0,1.0,4.0,2.0,0.0,0.0,0.0,0.0,0.0,0.0,0.0,,2.0,0.0,0.0,0.0,0.0,0.0,,,,,,,,,,,,,,,,,,,,,,
2023,2021012999,2023-06-07,2000035.0,牧 秀悟,2.0,二,3,1.0,1.0,4.0,4.0,0.0,1.0,0.0,0.0,0.0,0.0,0.0,,0.0,3.0,0.0,0.0,0.0,0.0,,,,,,,,,,,,,,,,,,,,,,
2023,2021012999,2023-06-07,2103703.0,梶原 昂希,58.0,中,3,1.0,1.0,4.0,3.0,0.0,0.0,0.0,0.0,0.0,0.0,0.0,,1.0,2.0,0.0,0.0,0.0,0.0,,,,,,,,,,,,,,,,,,,,,,
2023,2021012999,2023-06-07,2103735.0,正木 智也,31.0,中,12,1.0,1.0,2.0,1.0,0.0,0.0,0.0,0.0,0.0,0.0,0.0,,1.0,1.0,0.0,0.0,0.0,0.0,,,,,,,,,,,,,,,,,,,,,,
2023,2021013000,2023-06-08,800041.0,松山 竜平,55.0,一,6,1.0,1.0,4.0,4.0,0.0,0.0,0.0,0.0,0.0,0.0,0.0,,0.0,2.0,0.0,0.0,0.0,0.0,,,,,,,,,,,,,,,,,,,,,,
2023,2021013000,2023-06-08,1000116.0,中崎 翔太,21.0,,6,,,,,,,,,,,,,,,,,,,3.0,1.0,0.0,0.0,0.0,3.0,1.0,1.0,,,0.0,0.0,0.0,0.0,0.0,,0.0,1.0,0.0,,3.0,11.0
2023,2021013000,2023-06-08,1000150.0,秋山 翔吾,9.0,中,6,1.0,1.0,4.0,4.0,0.0,0.0,0.0,0.0,0.0,0.0,0.0,,0.0,2.0,0.0,0.0,0.0,0.0,,,,,,,,,,,,,,,,,,,,,,
2023,2021013000,2023-06-08,1100082.0,菊池 涼介,33.0,二,6,1.0,1.0,4.0,4.0,0.0,1.0,1.0,0.0,0.0,1.0,0.0,,0.0,2.0,0.0,0.0,0.0,0.0,,,,,,,,,,,,,,,,,,,,,,
2023,2021013000,2023-06-08,1100095.0,松本 剛,7.0,左,8,1.0,1.0,4.0,4.0,0.0,0.0,0.0,0.0,0.0,0.0,0.0,,0.0,0.0,0.0,0.0,0.0,0.0,,,,,,,,,,,,,,,,,,,,,,
2023,2021013000,2023-06-08,1100099.0,上沢 直之,15.0,,8,,,,,,,,,,,,,,,,,,,1.0,1.0,,5.0,4.0,3.13,8.0,8.0,,,0.0,5.0,4.0,1.0,0.0,,1.0,9.0,0.0,,30.0,121.0
2023,2021013000,2023-06-08,1200070.0,上本 崇司,0.0,三,6,1.0,1.0,2.0,1.0,1.0,0.0,0.0,0.0,0.0,0.0,0.0,,0.0,0.0,0.0,1.0,0.0,0.0,,,,,,,,,,,,,,,,,,,,,,
2023,2021013000,2023-06-08,1251037.0,上川畑 大悟,4.0,遊,8,1.0,1.0,3.0,2.0,1.0,0.0,0.0,0.0,0.0,0.0,0.0,,1.0,1.0,0.0,0.0,0.0,0.0,,,,,,,,,,,,,,,,,,,,,,
2023,2021013000,2023-06-08,1300059.0,田中 広輔,2.0,三,6,1.0,0.0,2.0,2.0,1.0,2.0,0.0,0.0,1.0,3.0,0.0,,0.0,0.0,0.0,0.0,0.0,0.0,,,,,,,,,,,,,,,,,,,,,,
2023,2021013000,2023-06-08,1400118.0,清水 優心,10.0,捕,8,1.0,1.0,3.0,2.0,0.0,1.0,0.0,0.0,0.0,1.0,0.0,,1.0,1.0,0.0,0.0,0.0,1.0,,,,,,,,,,,,,,,,,,,,,,
2023,2021013000,2023-06-08,1400173.0,野間 峻祥,37.0,右,6,1.0,1.0,4.0,4.0,0.0,1.0,0.0,0.0,0.0,2.0,0.0,,0.0,0.0,0.0,0.0,0.0,0.0,,,,,,,,,,,,,,,,,,,,,,
2023,2021013000,2023-06-08,1500096.0,西川 龍馬,5.0,左,6,1.0,1.0,4.0,4.0,0.0,0.0,0.0,0.0,0.0,0.0,0.0,,0.0,1.0,0.0,0.0,0.0,0.0,,,,,,,,,,,,,,,,,,,,,,
2023,2021013000,2023-06-08,1560396.0,ハンソン,94.0,二,8,1.0,1.0,4.0,3.0,0.0,0.0,0.0,0.0,0.0,1.0,0.0,,0.0,0.0,0.0,0.0,1.0,0.0,,,,,,,,,,,,,,,,,,,,,,
2023,2021013000,2023-06-08,1600124.0,坂倉 将吾,31.0,捕,6,1.0,1.0,4.0,2.0,3.0,1.0,0.0,1.0,0.0,0.0,0.0,,2.0,0.0,0.0,0.0,0.0,0.0,,,,,,,,,,,,,,,,,,,,,,
2023,2021013000,2023-06-08,1700140.0,ロドリゲス,41.0,,8,,,,,,,,,,,,,,,,,,,2.0,1.0,0.0,0.0,3.0,2.89,1.0,1.0,,,0.0,1.0,3.0,3.0,1.0,,2.0,0.0,0.0,,6.0,17.0
2023,2021013000,2023-06-08,1800008.0,マルティネス,2.0,指,8,1.0,1.0,4.0,4.0,0.0,1.0,0.0,0.0,0.0,0.0,0.0,,0.0,2.0,0.0,0.0,0.0,0.0,,,,,,,,,,,,,,,,,,,,,,
2023,2021013000,2023-06-08,1800073.0,島内 颯太郎,43.0,,6,,,,,,,,,,,,,,,,,,,2.0,1.0,0.0,1.0,1.0,1.4,1.0,1.0,,,2.0,0.0,0.0,0.0,0.0,,0.0,1.0,0.0,,3.0,13.0
2023,2021013000,2023-06-08,1800078.0,羽月 隆太郎,69.0,走指,6,1.0,0.0,0.0,0.0,1.0,0.0,0.0,0.0,0.0,0.0,1.0,,0.0,0.0,0.0,0.0,0.0,0.0,,,,,,,,,,,,,,,,,,,,,,
2023,2021013000,2023-06-08,1800091.0,野村 佑希,5.0,三,8,1.0,1.0,3.0,3.0,0.0,0.0,0.0,0.0,0.0,0.0,0.0,,0.0,0.0,0.0,0.0,0.0,0.0,,,,,,,,,,,,,,,,,,,,,,
2023,2021013000,2023-06-08,1800093.0,万波 中正,66.0,右,8,1.0,1.0,4.0,4.0,1.0,1.0,0.0,0.0,0.0,0.0,0.0,,0.0,0.0,0.0,0.0,0.0,0.0,,,,,,,,,,,,,,,,,,,,,,
2023,2021013000,2023-06-08,1900055.0,韮澤 雄也,54.0,一,6,1.0,0.0,0.0,0.0,0.0,0.0,0.0,0.0,0.0,0.0,0.0,,0.0,0.0,0.0,0.0,0.0,0.0,,,,,,,,,,,,,,,,,,,,,,
2023,2021013000,2023-06-08,1900134.0,コルニエル,98.0,,6,,,,,,,,,,,,,,,,,,,1.0,1.0,,1.0,4.0,4.46,7.0,7.0,,,0.0,3.0,2.0,2.0,0.0,,2.0,5.0,0.0,,26.0,95.0
2023,2021013000,2023-06-08,1961166.0,マクブルーム,10.0,指,6,1.0,1.0,4.0,3.0,0.0,1.0,0.0,0.0,0.0,0.0,0.0,,1.0,1.0,0.0,0.0,0.0,0.0,,,,,,,,,,,,,,,,,,,,,,
2023,2021013000,2023-06-08,1961860.0,加藤 豪将,3.0,一,8,1.0,1.0,4.0,4.0,0.0,0.0,0.0,0.0,0.0,0.0,0.0,,0.0,2.0,0.0,0.0,0.0,0.0,,,,,,,,,,,,,,,,,,,,,,
2023,2021013000,2023-06-08,2000065.0,矢野 雅哉,61.0,遊,6,1.0,1.0,4.0,4.0,1.0,0.0,0.0,0.0,0.0,0.0,0.0,,0.0,1.0,0.0,0.0,0.0,1.0,,,,,,,,,,,,,,,,,,,,,,
2023,2021013000,2023-06-08,2000082.0,細川 凌平,56.0,中,8,1.0,1.0,3.0,2.0,0.0,0.0,0.0,0.0,0.0,0.0,0.0,,0.0,1.0,0.0,1.0,0.0,0.0,,,,,,,,,,,,,,,,,,,,,,
2023,2021013001,2023-06-08,900056.0,浅村 栄斗,3.0,指,376,1.0,1.0,4.0,4.0,0.0,2.0,1.0,0.0,0.0,1.0,0.0,,0.0,1.0,0.0,0.0,0.0,0.0,,,,,,,,,,,,,,,,,,,,,,
2023,2021013001,2023-06-08,900090.0,辛島 航,58.0,,376,,,,,,,,,,,,,,,,,,,1.0,1.0,,0.0,0.0,0.0,6.666666666666667,6.2,,,0.0,3.0,1.0,0.0,0.0,,2.0,7.0,0.0,,26.0,98.0
2023,2021013001,2023-06-08,1100103.0,鈴木 大地,7.0,打,376,1.0,0.0,1.0,1.0,0.0,0.0,0.0,0.0,0.0,0.0,0.0,,0.0,0.0,0.0,0.0,0.0,0.0,,,,,,,,,,,,,,,,,,,,,,
2023,2021013001,2023-06-08,1100130.0,岡島 豪郎,27.0,左,376,1.0,1.0,4.0,4.0,0.0,1.0,0.0,0.0,0.0,0.0,0.0,,0.0,0.0,0.0,0.0,0.0,0.0,,,,,,,,,,,,,,,,,,,,,,
2023,2021013001,2023-06-08,1100132.0,島内 宏明,35.0,打,376,1.0,0.0,1.0,0.0,0.0,0.0,0.0,0.0,0.0,0.0,0.0,,1.0,0.0,0.0,0.0,0.0,0.0,,,,,,,,,,,,,,,,,,,,,,
2023,2021013001,2023-06-08,1300042.0,渡邉 諒,25.0,指,5,1.0,1.0,4.0,3.0,0.0,0.0,0.0,0.0,0.0,1.0,0.0,,0.0,1.0,0.0,0.0,1.0,0.0,,,,,,,,,,,,,,,,,,,,,,
2023,2021013001,2023-06-08,1300073.0,梅野 隆太郎,2.0,捕,5,1.0,1.0,4.0,3.0,0.0,0.0,0.0,0.0,0.0,0.0,0.0,,1.0,0.0,0.0,0.0,0.0,0.0,,,,,,,,,,,,,,,,,,,,,,
2023,2021013001,2023-06-08,1300075.0,岩崎 優,13.0,,5,,,,,,,,,,,,,,,,,,,2.0,1.0,0.0,2.0,0.0,0.44,1.0,1.0,,,9.0,1.0,0.0,0.0,0.0,,0.0,2.0,0.0,,5.0,18.0
2023,2021013001,2023-06-08,1400139.0,安樂 智大,20.0,,376,,,,,,,,,,,,,,,,,,,2.0,1.0,0.0,0.0,0.0,2.53,0.3333333333333333,0.1,,,0.0,0.0,0.0,0.0,0.0,,1.0,0.0,0.0,,2.0,13.0
2023,2021013001,2023-06-08,1400172.0,植田 海,62.0,走左,5,1.0,0.0,0.0,0.0,1.0,0.0,0.0,0.0,0.0,0.0,0.0,,0.0,0.0,0.0,0.0,0.0,0.0,,,,,,,,,,,,,,,,,,,,,,
2023,2021013001,2023-06-08,1460250.0,フランコ,23.0,三,376,1.0,1.0,3.0,2.0,0.0,0.0,0.0,0.0,0.0,0.0,0.0,,1.0,0.0,0.0,0.0,0.0,0.0,,,,,,,,,,,,,,,,,,,,,,
2023,2021013001,2023-06-08,1500078.0,阿部 寿樹,4.0,一,376,1.0,1.0,3.0,2.0,0.0,0.0,0.0,0.0,0.0,0.0,0.0,,0.0,0.0,0.0,1.0,0.0,0.0,,,,,,,,,,,,,,,,,,,,,,
2023,2021013001,2023-06-08,1600094.0,田中 和基,25.0,走,376,1.0,0.0,0.0,0.0,1.0,0.0,0.0,0.0,0.0,0.0,0.0,,0.0,0.0,0.0,0.0,0.0,0.0,,,,,,,,,,,,,,,,,,,,,,
2023,2021013001,2023-06-08,1600113.0,大山 悠輔,3.0,一,5,1.0,1.0,4.0,4.0,2.0,1.0,1.0,0.0,0.0,1.0,0.0,,0.0,0.0,0.0,0.0,0.0,0.0,,,,,,,,,,,,,,,,,,,,,,
2023,2021013001,2023-06-08,1600142.0,酒居 知史,28.0,,376,,,,,,,,,,,,,,,,,,,3.0,1.0,0.0,0.0,0.0,0.0,1.0,1.0,,,1.0,1.0,3.0,0.0,0.0,,1.0,0.0,0.0,,6.0,29.0
2023,2021013001,2023-06-08,1700034.0,山崎 剛,34.0,遊,376,1.0,1.0,4.0,3.0,1.0,1.0,0.0,1.0,0.0,0.0,0.0,,1.0,0.0,0.0,0.0,0.0,1.0,,,,,,,,,,,,,,,,,,,,,,
2023,2021013001,2023-06-08,1700080.0,島田 海吏,53.0,走右,5,1.0,0.0,1.0,1.0,0.0,0.0,0.0,0.0,0.0,0.0,0.0,,0.0,0.0,0.0,0.0,0.0,0.0,,,,,,,,,,,,,,,,,,,,,,
2023,2021013001,2023-06-08,1800044.0,伊藤 裕季也,39.0,走三,376,1.0,0.0,1.0,1.0,1.0,0.0,0.0,0.0,0.0,0.0,0.0,,0.0,1.0,0.0,0.0,0.0,0.0,,,,,,,,,,,,,,,,,,,,,,
2023,2021013001,2023-06-08,1800065.0,近本 光司,5.0,中,5,1.0,1.0,5.0,5.0,0.0,1.0,0.0,0.0,0.0,0.0,0.0,,0.0,1.0,0.0,0.0,0.0,0.0,,,,,,,,,,,,,,,,,,,,,,
2023,2021013001,2023-06-08,1800066.0,小幡 竜平,38.0,遊,5,1.0,1.0,4.0,4.0,0.0,0.0,0.0,0.0,0.0,1.0,0.0,,0.0,1.0,0.0,0.0,0.0,1.0,,,,,,,,,,,,,,,,,,,,,,
2023,2021013001,2023-06-08,1800070.0,湯浅 京己,65.0,,5,,,,,,,,,,,,,,,,,,,3.0,1.0,0.0,0.0,1.0,3.55,0.6666666666666666,0.2,,,7.0,1.0,3.0,3.0,1.0,,2.0,1.0,0.0,,5.0,18.0
2023,2021013001,2023-06-08,1800117.0,辰己 涼介,8.0,中,376,1.0,1.0,5.0,5.0,1.0,1.0,0.0,0.0,0.0,0.0,0.0,,0.0,2.0,0.0,0.0,0.0,0.0,,,,,,,,,,,,,,,,,,,,,,
2023,2021013001,2023-06-08,1800118.0,太田 光,2.0,捕,376,1.0,1.0,3.0,3.0,0.0,2.0,0.0,0.0,0.0,1.0,1.0,,0.0,1.0,0.0,0.0,0.0,0.0,,,,,,,,,,,,,,,,,,,,,,
2023,2021013001,2023-06-08,1800123.0,小郷 裕哉,51.0,右,376,1.0,1.0,4.0,3.0,1.0,1.0,0.0,0.0,0.0,1.0,0.0,,0.0,0.0,0.0,0.0,1.0,1.0,,,,,,,,,,,,,,,,,,,,,,
2023,2021013001,2023-06-08,1900112.0,小深田 大翔,0.0,二,376,1.0,1.0,5.0,4.0,1.0,1.0,0.0,0.0,1.0,3.0,0.0,,0.0,1.0,0.0,1.0,0.0,0.0,,,,,,,,,,,,,,,,,,,,,,
2023,2021013001,2023-06-08,1961251.0,ミエセス,55.0,右,5,1.0,1.0,3.0,2.0,0.0,0.0,0.0,0.0,0.0,0.0,0.0,,1.0,2.0,0.0,0.0,0.0,0.0,,,,,,,,,,,,,,,,,,,,,,
2023,2021013001,2023-06-08,1961285.0,ノイジー,7.0,左,5,1.0,1.0,4.0,4.0,0.0,1.0,0.0,0.0,0.0,0.0,0.0,,0.0,1.0,0.0,0.0,0.0,0.0,,,,,,,,,,,,,,,,,,,,,,
2023,2021013001,2023-06-08,2000051.0,佐藤 輝明,8.0,三,5,1.0,1.0,4.0,3.0,0.0,0.0,0.0,0.0,0.0,1.0,0.0,,1.0,0.0,0.0,0.0,0.0,0.0,,,,,,,,,,,,,,,,,,,,,,
2023,2021013001,2023-06-08,2000052.0,伊藤 将司,27.0,,5,,,,,,,,,,,,,,,,,,,1.0,1.0,,2.0,1.0,2.64,7.0,7.0,,,0.0,7.0,3.0,3.0,0.0,,1.0,3.0,0.0,,28.0,103.0
2023,2021013001,2023-06-08,2000056.0,中野 拓夢,51.0,二,5,1.0,1.0,4.0,3.0,1.0,1.0,0.0,0.0,0.0,0.0,0.0,,1.0,2.0,0.0,0.0,0.0,0.0,,,,,,,,,,,,,,,,,,,,,,
2023,2021013001,2023-06-08,2000126.0,内 星龍,69.0,,376,,,,,,,,,,,,,,,,,,,4.0,1.0,0.0,3.0,1.0,2.7,1.0,1.0,,,0.0,0.0,0.0,0.0,0.0,,0.0,1.0,0.0,,3.0,7.0
2023,2021013002,2023-06-08,900410.0,大島 洋平,8.0,左,4,1.0,1.0,5.0,5.0,2.0,3.0,0.0,1.0,0.0,0.0,1.0,,0.0,0.0,0.0,0.0,0.0,0.0,,,,,,,,,,,,,,,,,,,,,,
2023,2021013002,2023-06-08,1100069.0,高橋 周平,3.0,三,4,1.0,1.0,5.0,5.0,0.0,1.0,0.0,0.0,0.0,0.0,0.0,,0.0,1.0,0.0,0.0,0.0,0.0,,,,,,,,,,,,,,,,,,,,,,
2023,2021013002,2023-06-08,1200044.0,公文 克彦,23.0,,7,,,,,,,,,,,,,,,,,,,4.0,1.0,0.0,0.0,0.0,3.86,1.0,1.0,,,0.0,2.0,1.0,1.0,0.0,,1.0,0.0,0.0,,6.0,19.0
2023,2021013002,2023-06-08,1200059.0,溝脇 隼人,48.0,一,4,1.0,0.0,1.0,1.0,0.0,1.0,0.0,0.0,0.0,1.0,0.0,,0.0,0.0,0.0,0.0,0.0,0.0,,,,,,,,,,,,,,,,,,,,,,
2023,2021013002,2023-06-08,1400184.0,外崎 修汰,5.0,二,7,1.0,1.0,4.0,4.0,0.0,0.0,0.0,0.0,0.0,0.0,0.0,,0.0,1.0,0.0,0.0,0.0,0.0,,,,,,,,,,,,,,,,,,,,,,
2023,2021013002,2023-06-08,1500076.0,木下 拓哉,35.0,捕,4,1.0,1.0,4.0,3.0,0.0,1.0,0.0,0.0,0.0,0.0,0.0,,1.0,0.0,0.0,0.0,0.0,0.0,,,,,,,,,,,,,,,,,,,,,,
2023,2021013002,2023-06-08,1500102.0,愛斗,53.0,打右,7,1.0,0.0,1.0,1.0,0.0,0.0,0.0,0.0,0.0,0.0,0.0,,0.0,1.0,0.0,0.0,0.0,0.0,,,,,,,,,,,,,,,,,,,,,,
2023,2021013002,2023-06-08,1500112.0,平沼 翔太,31.0,打遊,7,1.0,0.0,1.0,1.0,1.0,1.0,0.0,1.0,0.0,0.0,0.0,,0.0,0.0,0.0,0.0,0.0,0.0,,,,,,,,,,,,,,,,,,,,,,
2023,2021013002,2023-06-08,1600021.0,ビシエド,66.0,一,4,1.0,1.0,4.0,3.0,0.0,1.0,0.0,0.0,0.0,0.0,0.0,,1.0,1.0,0.0,0.0,0.0,0.0,,,,,,,,,,,,,,,,,,,,,,
2023,2021013002,2023-06-08,1600085.0,細川 成也,0.0,右,4,1.0,1.0,5.0,5.0,2.0,3.0,1.0,0.0,1.0,3.0,0.0,,0.0,2.0,0.0,0.0,0.0,0.0,,,,,,,,,,,,,,,,,,,,,,
2023,2021013002,2023-06-08,1600106.0,柳 裕也,17.0,,4,,,,,,,,,,,,,,,,,,,1.0,1.0,,2.0,4.0,2.67,9.0,9.0,,,0.0,4.0,2.0,2.0,1.0,,0.0,7.0,0.0,,31.0,123.0
2023,2021013002,2023-06-08,1600129.0,源田 壮亮,6.0,指,7,1.0,1.0,4.0,4.0,0.0,0.0,0.0,0.0,0.0,0.0,0.0,,0.0,1.0,0.0,0.0,0.0,0.0,,,,,,,,,,,,,,,,,,,,,,
2023,2021013002,2023-06-08,1600130.0,鈴木 将平,46.0,左,7,1.0,1.0,4.0,4.0,0.0,0.0,0.0,0.0,0.0,0.0,0.0,,0.0,1.0,0.0,0.0,0.0,0.0,,,,,,,,,,,,,,,,,,,,,,
2023,2021013002,2023-06-08,1660539.0,ボー・タカハシ,42.0,,7,,,,,,,,,,,,,,,,,,,3.0,1.0,0.0,0.0,0.0,3.14,2.0,2.0,,,0.0,1.0,1.0,1.0,1.0,,0.0,1.0,0.0,,7.0,33.0
2023,2021013002,2023-06-08,1700105.0,伊藤 康祐,49.0,左,4,1.0,0.0,0.0,0.0,0.0,0.0,0.0,0.0,0.0,0.0,0.0,,0.0,0.0,0.0,0.0,0.0,0.0,,,,,,,,,,,,,,,,,,,,,,
2023,2021013002,2023-06-08,1750223.0,村松 開人,5.0,二,4,1.0,1.0,5.0,3.0,0.0,0.0,0.0,0.0,0.0,1.0,0.0,,1.0,0.0,0.0,0.0,1.0,0.0,,,,,,,,,,,,,,,,,,,,,,
2023,2021013002,2023-06-08,1900041.0,岡林 勇希,60.0,中,4,1.0,1.0,5.0,4.0,2.0,1.0,1.0,0.0,0.0,0.0,0.0,,1.0,0.0,0.0,0.0,0.0,0.0,,,,,,,,,,,,,,,,,,,,,,
2023,2021013002,2023-06-08,1900061.0,宮川 哲,15.0,,7,,,,,,,,,,,,,,,,,,,1.0,1.0,,1.0,1.0,6.3,5.0,5.0,,,0.0,9.0,6.0,6.0,1.0,,4.0,3.0,0.0,,27.0,102.0
2023,2021013002,2023-06-08,1900065.0,柘植 世那,37.0,捕,7,1.0,1.0,3.0,3.0,0.0,0.0,0.0,0.0,0.0,1.0,0.0,,0.0,0.0,0.0,0.0,0.0,0.0,,,,,,,,,,,,,,,,,,,,,,
2023,2021013002,2023-06-08,2000044.0,龍空,45.0,遊,4,1.0,1.0,4.0,4.0,0.0,0.0,0.0,0.0,0.0,0.0,0.0,,0.0,0.0,0.0,0.0,0.0,0.0,,,,,,,,,,,,,,,,,,,,,,
2023,2021013002,2023-06-08,2000067.0,渡部 健人,8.0,一,7,1.0,1.0,3.0,3.0,1.0,2.0,0.0,0.0,1.0,1.0,0.0,,0.0,1.0,0.0,0.0,0.0,0.0,,,,,,,,,,,,,,,,,,,,,,
2023,2021013002,2023-06-08,2000068.0,佐々木 健,26.0,,7,,,,,,,,,,,,,,,,,,,2.0,1.0,0.0,0.0,0.0,0.0,1.0,1.0,,,0.0,1.0,0.0,0.0,0.0,,0.0,0.0,0.0,,3.0,17.0
2023,2021013002,2023-06-08,2000070.0,若林 楽人,35.0,右,7,1.0,1.0,2.0,2.0,0.0,0.0,0.0,0.0,0.0,0.0,0.0,,0.0,0.0,0.0,0.0,0.0,0.0,,,,,,,,,,,,,,,,,,,,,,
2023,2021013002,2023-06-08,2000075.0,長谷川 信哉,63.0,中,7,1.0,1.0,3.0,3.0,0.0,0.0,0.0,0.0,0.0,0.0,0.0,,0.0,1.0,0.0,0.0,0.0,0.0,,,,,,,,,,,,,,,,,,,,,,
2023,2021013002,2023-06-08,2103845.0,鵜飼 航丞,4.0,指,4,1.0,1.0,5.0,4.0,2.0,2.0,0.0,0.0,1.0,2.0,1.0,,1.0,0.0,0.0,0.0,0.0,0.0,,,,,,,,,,,,,,,,,,,,,,
2023,2021013002,2023-06-08,2105684.0,児玉 亮涼,0.0,遊,7,1.0,1.0,2.0,2.0,0.0,0.0,0.0,0.0,0.0,0.0,0.0,,0.0,0.0,0.0,0.0,0.0,0.0,,,,,,,,,,,,,,,,,,,,,,
2023,2021013002,2023-06-08,2108196.0,マキノン,30.0,三,7,1.0,1.0,4.0,4.0,0.0,1.0,0.0,0.0,0.0,0.0,0.0,,0.0,1.0,0.0,0.0,0.0,0.0,,,,,,,,,,,,,,,,,,,,,,
2023,2021013003,2023-06-08,400021.0,青木 宣親,23.0,左,2,1.0,1.0,3.0,2.0,0.0,0.0,0.0,0.0,0.0,0.0,0.0,,1.0,0.0,0.0,0.0,0.0,0.0,,,,,,,,,,,,,,,,,,,,,,
2023,2021013003,2023-06-08,600011.0,川端 慎吾,5.0,指,2,1.0,1.0,4.0,4.0,0.0,2.0,1.0,0.0,0.0,0.0,0.0,,0.0,1.0,0.0,0.0,0.0,0.0,,,,,,,,,,,,,,,,,,,,,,
2023,2021013003,2023-06-08,700087.0,角中 勝也,3.0,左,9,1.0,1.0,3.0,3.0,0.0,2.0,0.0,0.0,0.0,0.0,0.0,,0.0,0.0,0.0,0.0,0.0,0.0,,,,,,,,,,,,,,,,,,,,,,
2023,2021013003,2023-06-08,900044.0,中村 悠平,27.0,捕,2,1.0,1.0,3.0,3.0,0.0,0.0,0.0,0.0,0.0,0.0,0.0,,0.0,1.0,0.0,0.0,0.0,0.0,,,,,,,,,,,,,,,,,,,,,,
2023,2021013003,2023-06-08,1000132.0,山田 哲人,1.0,二,2,1.0,1.0,4.0,4.0,0.0,0.0,0.0,0.0,0.0,0.0,0.0,,0.0,3.0,0.0,0.0,0.0,0.0,,,,,,,,,,,,,,,,,,,,,,
2023,2021013003,2023-06-08,1100104.0,益田 直也,52.0,,9,,,,,,,,,,,,,,,,,,,4.0,1.0,0.0,0.0,0.0,1.66,1.0,1.0,,,15.0,2.0,2.0,2.0,1.0,,0.0,3.0,0.0,,5.0,22.0
2023,2021013003,2023-06-08,1400188.0,中村 奨吾,8.0,二,9,1.0,1.0,4.0,3.0,1.0,1.0,0.0,0.0,1.0,1.0,0.0,,1.0,1.0,0.0,0.0,0.0,0.0,,,,,,,,,,,,,,,,,,,,,,
2023,2021013003,2023-06-08,1460080.0,ポランコ,22.0,指,9,1.0,1.0,4.0,4.0,0.0,0.0,0.0,0.0,0.0,0.0,0.0,,0.0,1.0,0.0,0.0,0.0,0.0,,,,,,,,,,,,,,,,,,,,,,
2023,2021013003,2023-06-08,1500044.0,山崎 晃大朗,31.0,中,2,1.0,1.0,3.0,3.0,0.0,0.0,0.0,0.0,0.0,0.0,0.0,,0.0,2.0,0.0,0.0,0.0,0.0,,,,,,,,,,,,,,,,,,,,,,
2023,2021013003,2023-06-08,1500117.0,平沢 大河,13.0,走右,9,1.0,0.0,1.0,1.0,1.0,0.0,0.0,0.0,0.0,0.0,1.0,,0.0,1.0,0.0,0.0,0.0,0.0,,,,,,,,,,,,,,,,,,,,,,
2023,2021013003,2023-06-08,1600078.0,古賀 優大,57.0,走指,2,1.0,0.0,0.0,0.0,1.0,0.0,0.0,0.0,0.0,0.0,0.0,,0.0,0.0,0.0,0.0,0.0,0.0,,,,,,,,,,,,,,,,,,,,,,
2023,2021013003,2023-06-08,1660014.0,ペルドモ,55.0,,9,,,,,,,,,,,,,,,,,,,3.0,1.0,0.0,0.0,0.0,1.9,1.0,1.0,,,1.0,0.0,0.0,0.0,0.0,,0.0,0.0,0.0,,3.0,8.0
2023,2021013003,2023-06-08,1700084.0,村上 宗隆,55.0,三,2,1.0,1.0,4.0,4.0,1.0,2.0,0.0,0.0,1.0,2.0,0.0,,0.0,1.0,0.0,0.0,0.0,1.0,,,,,,,,,,,,,,,,,,,,,,
2023,2021013003,2023-06-08,1700092.0,安田 尚憲,5.0,三,9,1.0,1.0,4.0,3.0,0.0,0.0,0.0,0.0,0.0,0.0,0.0,,1.0,1.0,0.0,0.0,0.0,0.0,,,,,,,,,,,,,,,,,,,,,,
2023,2021013003,2023-06-08,1700094.0,山本 大貴,43.0,,2,,,,,,,,,,,,,,,,,,,3.0,1.0,0.0,0.0,0.0,4.7,1.0,1.0,,,0.0,0.0,0.0,0.0,0.0,,0.0,2.0,0.0,,3.0,12.0
2023,2021013003,2023-06-08,1700098.0,和田 康士朗,63.0,中,9,1.0,1.0,3.0,3.0,0.0,1.0,0.0,0.0,0.0,0.0,0.0,,0.0,0.0,0.0,0.0,0.0,0.0,,,,,,,,,,,,,,,,,,,,,,
2023,2021013003,2023-06-08,1800051.0,東妻 勇輔,24.0,,9,,,,,,,,,,,,,,,,,,,2.0,1.0,0.0,0.0,1.0,1.54,1.0,1.0,,,0.0,0.0,0.0,0.0,0.0,,0.0,1.0,0.0,,2.0,8.0
2023,2021013003,2023-06-08,1800053.0,山口 航輝,51.0,右左,9,1.0,1.0,4.0,4.0,0.0,0.0,0.0,0.0,0.0,0.0,0.0,,0.0,2.0,0.0,0.0,0.0,0.0,,,,,,,,,,,,,,,,,,,,,,
2023,2021013003,2023-06-08,1900028.0,長岡 秀樹,7.0,遊,2,1.0,1.0,2.0,2.0,0.0,0.0,0.0,0.0,0.0,0.0,0.0,,0.0,0.0,0.0,0.0,0.0,0.0,,,,,,,,,,,,,,,,,,,,,,
2023,2021013003,2023-06-08,1900029.0,武岡 龍世,60.0,打遊,2,1.0,0.0,1.0,1.0,0.0,0.0,0.0,0.0,0.0,0.0,0.0,,0.0,0.0,0.0,0.0,0.0,0.0,,,,,,,,,,,,,,,,,,,,,,
2023,2021013003,2023-06-08,1900081.0,佐藤 都志也,32.0,捕,9,1.0,1.0,4.0,4.0,0.0,2.0,0.0,0.0,0.0,1.0,0.0,,0.0,0.0,0.0,0.0,0.0,0.0,,,,,,,,,,,,,,,,,,,,,,
2023,2021013003,2023-06-08,2000024.0,木澤 尚文,20.0,,2,,,,,,,,,,,,,,,,,,,2.0,1.0,0.0,1.0,1.0,3.54,1.0,1.0,,,0.0,1.0,1.0,0.0,0.0,,0.0,2.0,0.0,,5.0,16.0
2023,2021013003,2023-06-08,2000026.0,内山 壮真,33.0,打,2,1.0,0.0,1.0,1.0,0.0,0.0,0.0,0.0,0.0,0.0,0.0,,0.0,1.0,0.0,0.0,0.0,0.0,,,,,,,,,,,,,,,,,,,,,,
2023,2021013003,2023-06-08,2000133.0,オスナ,13.0,一,2,1.0,1.0,3.0,3.0,0.0,1.0,0.0,0.0,0.0,0.0,0.0,,0.0,0.0,0.0,0.0,0.0,0.0,,,,,,,,,,,,,,,,,,,,,,
2023,2021013003,2023-06-08,2000135.0,サンタナ,25.0,右,2,1.0,1.0,4.0,4.0,0.0,1.0,0.0,0.0,0.0,0.0,0.0,,0.0,2.0,0.0,0.0,0.0,0.0,,,,,,,,,,,,,,,,,,,,,,
2023,2021013003,2023-06-08,2000139.0,サイスニード,54.0,,2,,,,,,,,,,,,,,,,,,,1.0,1.0,,4.0,3.0,2.24,6.0,6.0,,,0.0,7.0,2.0,2.0,1.0,,2.0,3.0,0.0,,27.0,109.0
2023,2021013003,2023-06-08,2101291.0,カスティーヨ,41.0,,9,,,,,,,,,,,,,,,,,,,1.0,1.0,,1.0,1.0,3.48,6.0,6.0,,,0.0,4.0,0.0,0.0,0.0,,1.0,7.0,0.0,,22.0,88.0
2023,2021013003,2023-06-08,2103693.0,池田 来翔,0.0,一,9,1.0,1.0,4.0,4.0,1.0,2.0,1.0,0.0,0.0,0.0,0.0,,0.0,0.0,0.0,0.0,0.0,0.0,,,,,,,,,,,,,,,,,,,,,,
2023,2021013003,2023-06-08,2106798.0,友杉 篤輝,10.0,遊,9,1.0,1.0,4.0,3.0,0.0,0.0,0.0,0.0,0.0,0.0,0.0,,0.0,1.0,0.0,1.0,0.0,0.0,,,,,,,,,,,,,,,,,,,,,,
2023,2021013004,2023-06-08,700003.0,坂本 勇人,6.0,遊,1,1.0,1.0,5.0,4.0,0.0,0.0,0.0,0.0,0.0,0.0,0.0,,0.0,0.0,0.0,1.0,0.0,0.0,,,,,,,,,,,,,,,,,,,,,,
2023,2021013004,2023-06-08,700027.0,梶谷 隆幸,13.0,右,1,1.0,1.0,5.0,5.0,1.0,1.0,0.0,0.0,0.0,0.0,0.0,,0.0,2.0,0.0,0.0,0.0,0.0,,,,,,,,,,,,,,,,,,,,,,
2023,2021013004,2023-06-08,800043.0,丸 佳浩,8.0,打,1,1.0,0.0,1.0,1.0,1.0,1.0,0.0,0.0,1.0,4.0,0.0,,0.0,0.0,0.0,0.0,0.0,0.0,,,,,,,,,,,,,,,,,,,,,,
2023,2021013004,2023-06-08,800054.0,中田 翔,10.0,一,1,1.0,1.0,4.0,4.0,0.0,1.0,0.0,0.0,0.0,0.0,0.0,,0.0,0.0,0.0,0.0,0.0,0.0,,,,,,,,,,,,,,,,,,,,,,
2023,2021013004,2023-06-08,1100105.0,安達 了一,3.0,二,11,1.0,1.0,4.0,4.0,0.0,1.0,0.0,0.0,0.0,0.0,0.0,,0.0,1.0,0.0,0.0,0.0,0.0,,,,,,,,,,,,,,,,,,,,,,
2023,2021013004,2023-06-08,1160424.0,ゴンザレス,8.0,指,11,1.0,1.0,4.0,4.0,0.0,0.0,0.0,0.0,0.0,0.0,0.0,,0.0,2.0,0.0,0.0,0.0,0.0,,,,,,,,,,,,,,,,,,,,,,
2023,2021013004,2023-06-08,1300100.0,森 友哉,4.0,捕,11,1.0,1.0,4.0,3.0,0.0,1.0,0.0,0.0,0.0,0.0,0.0,,1.0,1.0,0.0,0.0,0.0,0.0,,,,,,,,,,,,,,,,,,,,,,
2023,2021013004,2023-06-08,1400101.0,岡本 和真,25.0,三一,1,1.0,1.0,5.0,4.0,1.0,1.0,0.0,0.0,0.0,0.0,0.0,,1.0,1.0,0.0,0.0,0.0,0.0,,,,,,,,,,,,,,,,,,,,,,
2023,2021013004,2023-06-08,1400197.0,佐野 皓大,41.0,打中,11,1.0,0.0,1.0,1.0,0.0,0.0,0.0,0.0,0.0,0.0,0.0,,0.0,0.0,0.0,0.0,0.0,0.0,,,,,,,,,,,,,,,,,,,,,,
2023,2021013004,2023-06-08,1400201.0,西野 真弘,5.0,三,11,1.0,1.0,3.0,3.0,0.0,0.0,0.0,0.0,0.0,0.0,0.0,,0.0,0.0,0.0,0.0,0.0,0.0,,,,,,,,,,,,,,,,,,,,,,
2023,2021013004,2023-06-08,1400202.0,小田 裕也,50.0,中,11,1.0,1.0,3.0,3.0,0.0,0.0,0.0,0.0,0.0,0.0,0.0,,0.0,1.0,0.0,0.0,0.0,0.0,,,,,,,,,,,,,,,,,,,,,,
2023,2021013004,2023-06-08,1500052.0,中川 皓太,41.0,,1,,,,,,,,,,,,,,,,,,,2.0,1.0,0.0,1.0,0.0,4.5,1.0,1.0,,,0.0,0.0,0.0,0.0,0.0,,0.0,0.0,0.0,,3.0,15.0
2023,2021013004,2023-06-08,1500135.0,杉本 裕太郎,99.0,左,11,1.0,1.0,4.0,4.0,0.0,0.0,0.0,0.0,0.0,0.0,0.0,,0.0,0.0,0.0,0.0,0.0,0.0,,,,,,,,,,,,,,,,,,,,,,
2023,2021013004,2023-06-08,1600001.0,オコエ 瑠偉,50.0,中,1,1.0,1.0,4.0,4.0,0.0,2.0,1.0,0.0,0.0,0.0,0.0,,0.0,0.0,0.0,0.0,0.0,0.0,,,,,,,,,,,,,,,,,,,,,,
2023,2021013004,2023-06-08,1600059.0,吉川 尚輝,2.0,二,1,1.0,1.0,5.0,4.0,0.0,0.0,0.0,0.0,0.0,0.0,0.0,,1.0,1.0,0.0,0.0,0.0,0.0,,,,,,,,,,,,,,,,,,,,,,
2023,2021013004,2023-06-08,1600070.0,松原 聖弥,59.0,走左,1,1.0,0.0,0.0,0.0,1.0,0.0,0.0,0.0,0.0,0.0,0.0,,0.0,0.0,0.0,0.0,0.0,0.0,,,,,,,,,,,,,,,,,,,,,,
2023,2021013004,2023-06-08,1600150.0,山岡 泰輔,19.0,,11,,,,,,,,,,,,,,,,,,,1.0,1.0,,1.0,0.0,1.71,7.0,7.0,,,0.0,3.0,0.0,0.0,0.0,,2.0,4.0,0.0,,26.0,94.0
2023,2021013004,2023-06-08,1600155.0,山崎 颯一郎,63.0,,11,,,,,,,,,,,,,,,,,,,3.0,1.0,0.0,0.0,0.0,1.75,1.0,1.0,,,1.0,2.0,0.0,0.0,0.0,,0.0,2.0,0.0,,5.0,22.0
2023,2021013004,2023-06-08,1700043.0,岸田 行倫,27.0,捕,1,1.0,0.0,0.0,0.0,0.0,0.0,0.0,0.0,0.0,0.0,0.0,,0.0,0.0,0.0,0.0,0.0,0.0,,,,,,,,,,,,,,,,,,,,,,
2023,2021013004,2023-06-08,1700044.0,大城 卓三,24.0,捕,1,1.0,1.0,5.0,4.0,1.0,1.0,0.0,0.0,0.0,0.0,0.0,,1.0,3.0,0.0,0.0,0.0,0.0,,,,,,,,,,,,,,,,,,,,,,
2023,2021013004,2023-06-08,1700110.0,鈴木 康平,32.0,,1,,,,,,,,,,,,,,,,,,,3.0,1.0,0.0,0.0,1.0,2.84,1.0,1.0,,,0.0,0.0,0.0,0.0,0.0,,0.0,2.0,0.0,,3.0,12.0
2023,2021013004,2023-06-08,1700112.0,本田 仁海,46.0,,11,,,,,,,,,,,,,,,,,,,4.0,1.0,0.0,1.0,1.0,5.01,1.0,1.0,,,0.0,5.0,6.0,6.0,2.0,,1.0,1.0,0.0,,9.0,33.0
2023,2021013004,2023-06-08,1751068.0,野口 智哉,9.0,三,11,1.0,0.0,0.0,0.0,0.0,0.0,0.0,0.0,0.0,0.0,0.0,,0.0,0.0,0.0,0.0,0.0,0.0,,,,,,,,,,,,,,,,,,,,,,
2023,2021013004,2023-06-08,1800099.0,頓宮 裕真,44.0,一,11,1.0,1.0,4.0,4.0,0.0,1.0,0.0,0.0,0.0,0.0,0.0,,0.0,1.0,0.0,0.0,0.0,0.0,,,,,,,,,,,,,,,,,,,,,,
2023,2021013004,2023-06-08,1900088.0,紅林 弘太郎,24.0,遊,11,1.0,1.0,3.0,3.0,0.0,2.0,0.0,0.0,0.0,0.0,0.0,,0.0,1.0,0.0,0.0,0.0,0.0,,,,,,,,,,,,,,,,,,,,,,
2023,2021013004,2023-06-08,2000006.0,山崎 伊織,19.0,,1,,,,,,,,,,,,,,,,,,,1.0,1.0,,4.0,1.0,3.21,8.0,8.0,,,0.0,5.0,0.0,0.0,0.0,,1.0,6.0,0.0,,28.0,120.0
2023,2021013004,2023-06-08,2000007.0,中山 礼都,40.0,三,1,1.0,0.0,0.0,0.0,0.0,0.0,0.0,0.0,0.0,0.0,0.0,,0.0,0.0,0.0,0.0,0.0,0.0,,,,,,,,,,,,,,,,,,,,,,
2023,2021013004,2023-06-08,2000009.0,秋広 優人,55.0,左,1,1.0,1.0,5.0,5.0,0.0,2.0,0.0,0.0,0.0,0.0,0.0,,0.0,0.0,0.0,0.0,0.0,0.0,,,,,,,,,,,,,,,,,,,,,,
2023,2021013004,2023-06-08,2000101.0,阿部 翔太,45.0,,11,,,,,,,,,,,,,,,,,,,2.0,1.0,0.0,0.0,2.0,3.26,1.0,1.0,,,1.0,1.0,0.0,0.0,0.0,,0.0,1.0,0.0,,4.0,15.0
2023,2021013004,2023-06-08,2105889.0,ウォーカー,44.0,指,1,1.0,1.0,5.0,5.0,1.0,2.0,0.0,0.0,1.0,2.0,0.0,,0.0,1.0,0.0,0.0,0.0,0.0,,,,,,,,,,,,,,,,,,,,,,
2023,2021013004,2023-06-08,2107874.0,門脇 誠,35.0,走三,1,1.0,0.0,0.0,0.0,0.0,0.0,0.0,0.0,0.0,0.0,0.0,,0.0,0.0,0.0,0.0,0.0,0.0,,,,,,,,,,,,,,,,,,,,,,
2023,2021013004,2023-06-08,2107897.0,茶野 篤政,61.0,右,11,1.0,1.0,4.0,4.0,0.0,0.0,0.0,0.0,0.0,0.0,0.0,,0.0,1.0,0.0,0.0,0.0,0.0,,,,,,,,,,,,,,,,,,,,,,
2023,2021013005,2023-06-08,800081.0,中村 晃,7.0,左一,12,1.0,1.0,5.0,3.0,0.0,0.0,0.0,0.0,0.0,0.0,0.0,,2.0,0.0,0.0,0.0,0.0,0.0,,,,,,,,,,,,,,,,,,,,,,
2023,2021013005,2023-06-08,900011.0,大田 泰示,0.0,打,3,1.0,0.0,1.0,1.0,0.0,0.0,0.0,0.0,0.0,0.0,0.0,,0.0,1.0,0.0,0.0,0.0,0.0,,,,,,,,,,,,,,,,,,,,,,
2023,2021013005,2023-06-08,1000035.0,今宮 健太,6.0,遊,12,1.0,1.0,4.0,4.0,0.0,0.0,0.0,0.0,0.0,0.0,0.0,,0.0,0.0,0.0,0.0,0.0,0.0,,,,,,,,,,,,,,,,,,,,,,
2023,2021013005,2023-06-08,1000128.0,柳田 悠岐,9.0,右,12,1.0,1.0,4.0,4.0,0.0,0.0,0.0,0.0,0.0,0.0,0.0,,0.0,1.0,0.0,0.0,0.0,0.0,,,,,,,,,,,,,,,,,,,,,,
2023,2021013005,2023-06-08,1000175.0,牧原 大成,8.0,二,12,1.0,1.0,4.0,4.0,1.0,3.0,0.0,0.0,0.0,0.0,0.0,,0.0,0.0,0.0,0.0,0.0,0.0,,,,,,,,,,,,,,,,,,,,,,
2023,2021013005,2023-06-08,1000176.0,甲斐 拓也,19.0,捕,12,1.0,1.0,2.0,2.0,0.0,0.0,0.0,0.0,0.0,0.0,0.0,,0.0,1.0,0.0,0.0,0.0,0.0,,,,,,,,,,,,,,,,,,,,,,
2023,2021013005,2023-06-08,1100061.0,桑原 将志,1.0,中,3,1.0,1.0,4.0,4.0,0.0,1.0,0.0,0.0,0.0,2.0,0.0,,0.0,0.0,0.0,0.0,0.0,0.0,,,,,,,,,,,,,,,,,,,,,,
2023,2021013005,2023-06-08,1100097.0,近藤 健介,3.0,指,12,1.0,1.0,4.0,4.0,1.0,1.0,0.0,0.0,1.0,2.0,0.0,,0.0,1.0,0.0,0.0,0.0,0.0,,,,,,,,,,,,,,,,,,,,,,
2023,2021013005,2023-06-08,1100115.0,武田 翔太,18.0,,12,,,,,,,,,,,,,,,,,,,3.0,1.0,0.0,0.0,2.0,11.05,1.0,1.0,,,0.0,1.0,0.0,0.0,0.0,,1.0,0.0,0.0,,5.0,25.0
2023,2021013005,2023-06-08,1300038.0,関根 大気,63.0,左,3,1.0,1.0,5.0,4.0,3.0,2.0,0.0,0.0,0.0,0.0,0.0,,1.0,0.0,0.0,0.0,0.0,0.0,,,,,,,,,,,,,,,,,,,,,,
2023,2021013005,2023-06-08,1300077.0,森 唯斗,38.0,,12,,,,,,,,,,,,,,,,,,,1.0,1.0,,1.0,1.0,3.95,2.6666666666666665,2.2,,,0.0,6.0,5.0,5.0,0.0,,1.0,2.0,0.0,,15.0,63.0
2023,2021013005,2023-06-08,1300093.0,嶺井 博希,12.0,捕,12,1.0,0.0,0.0,0.0,0.0,0.0,0.0,0.0,0.0,0.0,0.0,,0.0,0.0,0.0,0.0,0.0,0.0,,,,,,,,,,,,,,,,,,,,,,
2023,2021013005,2023-06-08,1400109.0,山崎 康晃,19.0,,3,,,,,,,,,,,,,,,,,,,3.0,1.0,0.0,0.0,3.0,5.21,1.0,1.0,,,14.0,2.0,1.0,1.0,0.0,,1.0,1.0,0.0,,6.0,30.0
2023,2021013005,2023-06-08,1400127.0,栗原 陵矢,24.0,三,12,1.0,1.0,4.0,4.0,1.0,3.0,0.0,0.0,1.0,3.0,0.0,,0.0,0.0,0.0,0.0,0.0,0.0,,,,,,,,,,,,,,,,,,,,,,
2023,2021013005,2023-06-08,1500063.0,柴田 竜拓,31.0,三,3,1.0,0.0,1.0,1.0,0.0,0.0,0.0,0.0,0.0,0.0,0.0,,0.0,0.0,0.0,0.0,0.0,0.0,,,,,,,,,,,,,,,,,,,,,,
2023,2021013005,2023-06-08,1500140.0,谷川原 健太,45.0,打,12,1.0,0.0,1.0,1.0,0.0,0.0,0.0,0.0,0.0,0.0,1.0,,0.0,0.0,0.0,0.0,0.0,0.0,,,,,,,,,,,,,,,,,,,,,,
2023,2021013005,2023-06-08,1600089.0,佐野 恵太,7.0,一,3,1.0,1.0,5.0,5.0,1.0,2.0,0.0,0.0,0.0,0.0,0.0,,0.0,1.0,0.0,0.0,0.0,0.0,,,,,,,,,,,,,,,,,,,,,,
2023,2021013005,2023-06-08,1600107.0,京田 陽太,98.0,遊,3,1.0,1.0,4.0,3.0,0.0,0.0,0.0,0.0,0.0,0.0,0.0,,1.0,0.0,0.0,0.0,0.0,0.0,,,,,,,,,,,,,,,,,,,,,,
2023,2021013005,2023-06-08,1600167.0,三森 大貴,13.0,走,12,1.0,0.0,0.0,0.0,0.0,0.0,0.0,0.0,0.0,0.0,1.0,,0.0,0.0,0.0,0.0,0.0,0.0,,,,,,,,,,,,,,,,,,,,,,
2023,2021013005,2023-06-08,1700058.0,東 克樹,11.0,,3,,,,,,,,,,,,,,,,,,,1.0,1.0,,6.0,2.0,2.52,7.0,7.0,,,0.0,6.0,3.0,3.0,1.0,,2.0,4.0,0.0,,28.0,86.0
2023,2021013005,2023-06-08,1700059.0,神里 和毅,8.0,右,3,1.0,0.0,0.0,0.0,0.0,0.0,0.0,0.0,0.0,0.0,0.0,,0.0,0.0,0.0,0.0,0.0,0.0,,,,,,,,,,,,,,,,,,,,,,
2023,2021013005,2023-06-08,1700066.0,山本 祐大,50.0,捕,3,1.0,1.0,4.0,4.0,0.0,1.0,0.0,0.0,0.0,0.0,0.0,,0.0,1.0,0.0,0.0,0.0,0.0,,,,,,,,,,,,,,,,,,,,,,
2023,2021013005,2023-06-08,1700133.0,田浦 文丸,56.0,,12,,,,,,,,,,,,,,,,,,,4.0,1.0,0.0,0.0,0.0,0.53,1.0,1.0,,,0.0,0.0,0.0,0.0,0.0,,0.0,2.0,0.0,,3.0,13.0
2023,2021013005,2023-06-08,1800108.0,野村 大樹,55.0,一,12,1.0,1.0,3.0,3.0,1.0,1.0,0.0,0.0,0.0,0.0,0.0,,0.0,1.0,0.0,0.0,0.0,0.0,,,,,,,,,,,,,,,,,,,,,,
2023,2021013005,2023-06-08,1800109.0,板東 湧梧,50.0,,12,,,,,,,,,,,,,,,,,,,2.0,1.0,0.0,2.0,0.0,2.3,4.333333333333333,4.1,,,0.0,2.0,1.0,1.0,0.0,,1.0,4.0,0.0,,16.0,67.0
2023,2021013005,2023-06-08,1850208.0,林 琢真,0.0,三,3,1.0,1.0,3.0,3.0,0.0,0.0,0.0,0.0,0.0,0.0,0.0,,0.0,2.0,0.0,0.0,0.0,0.0,,,,,,,,,,,,,,,,,,,,,,
2023,2021013005,2023-06-08,1900032.0,伊勢 大夢,13.0,,3,,,,,,,,,,,,,,,,,,,2.0,1.0,0.0,2.0,1.0,1.37,1.0,1.0,,,1.0,1.0,1.0,1.0,1.0,,0.0,0.0,0.0,,3.0,19.0
2023,2021013005,2023-06-08,1900100.0,佐藤 直樹,30.0,走,12,1.0,0.0,0.0,0.0,0.0,0.0,0.0,0.0,0.0,0.0,0.0,,0.0,0.0,0.0,0.0,0.0,0.0,,,,,,,,,,,,,,,,,,,,,,
2023,2021013005,2023-06-08,1900104.0,柳町 達,32.0,左,12,1.0,0.0,1.0,0.0,0.0,0.0,0.0,0.0,0.0,0.0,0.0,,1.0,0.0,0.0,0.0,0.0,0.0,,,,,,,,,,,,,,,,,,,,,,
2023,2021013005,2023-06-08,1900126.0,オースティン,3.0,指,3,1.0,1.0,4.0,3.0,0.0,1.0,0.0,0.0,0.0,3.0,0.0,,0.0,0.0,0.0,0.0,1.0,0.0,,,,,,,,,,,,,,,,,,,,,,
2023,2021013005,2023-06-08,2000035.0,牧 秀悟,2.0,二,3,1.0,1.0,4.0,3.0,2.0,2.0,1.0,0.0,0.0,1.0,0.0,,1.0,0.0,0.0,0.0,0.0,0.0,,,,,,,,,,,,,,,,,,,,,,
2023,2021013005,2023-06-08,2103703.0,梶原 昂希,58.0,右,3,1.0,1.0,4.0,4.0,0.0,0.0,0.0,0.0,0.0,0.0,0.0,,0.0,3.0,0.0,0.0,0.0,0.0,,,,,,,,,,,,,,,,,,,,,,
2023,2021013005,2023-06-08,2103735.0,正木 智也,31.0,中,12,1.0,1.0,3.0,3.0,0.0,0.0,0.0,0.0,0.0,0.0,0.0,,0.0,0.0,0.0,0.0,0.0,0.0,,,,,,,,,,,,,,,,,,,,,,
2023,2021013005,2023-06-08,2104035.0,野村 勇,99.0,打遊,12,1.0,0.0,2.0,2.0,1.0,1.0,0.0,0.0,0.0,0.0,0.0,,0.0,1.0,0.0,0.0,0.0,0.0,,,,,,,,,,,,,,,,,,,,,,
2023,2021013006,2023-06-09,900426.0,原口 文仁,94.0,打指,5,1.0,0.0,2.0,2.0,0.0,1.0,0.0,0.0,0.0,0.0,0.0,,0.0,1.0,0.0,0.0,0.0,0.0,,,,,,,,,,,,,,,,,,,,,,
2023,2021013006,2023-06-09,1000164.0,島本 浩也,46.0,,5,,,,,,,,,,,,,,,,,,,4.0,1.0,0.0,1.0,0.0,0.0,1.0,1.0,,,0.0,0.0,0.0,0.0,0.0,,0.0,1.0,0.0,,3.0,10.0
2023,2021013006,2023-06-09,1100095.0,松本 剛,7.0,左,8,1.0,1.0,4.0,3.0,1.0,1.0,0.0,0.0,0.0,0.0,0.0,,1.0,2.0,0.0,0.0,0.0,0.0,,,,,,,,,,,,,,,,,,,,,,
2023,2021013006,2023-06-09,1200080.0,谷内 亮太,32.0,三,8,1.0,0.0,0.0,0.0,0.0,0.0,0.0,0.0,0.0,0.0,0.0,,0.0,0.0,0.0,0.0,0.0,0.0,,,,,,,,,,,,,,,,,,,,,,
2023,2021013006,2023-06-09,1200100.0,伏見 寅威,23.0,捕,8,1.0,1.0,4.0,4.0,0.0,1.0,0.0,0.0,0.0,2.0,0.0,,0.0,2.0,0.0,0.0,0.0,0.0,,,,,,,,,,,,,,,,,,,,,,
2023,2021013006,2023-06-09,1300073.0,梅野 隆太郎,2.0,捕,5,1.0,1.0,4.0,3.0,0.0,1.0,0.0,0.0,0.0,0.0,0.0,,1.0,0.0,0.0,0.0,0.0,0.0,,,,,,,,,,,,,,,,,,,,,,
2023,2021013006,2023-06-09,1400170.0,江越 大賀,37.0,中,8,1.0,1.0,4.0,3.0,1.0,1.0,0.0,0.0,1.0,1.0,0.0,,1.0,1.0,0.0,0.0,0.0,0.0,,,,,,,,,,,,,,,,,,,,,,
2023,2021013006,2023-06-09,1560396.0,ハンソン,94.0,二,8,1.0,1.0,4.0,4.0,0.0,0.0,0.0,0.0,0.0,0.0,0.0,,0.0,0.0,0.0,0.0,0.0,0.0,,,,,,,,,,,,,,,,,,,,,,
2023,2021013006,2023-06-09,1600093.0,池田 隆英,52.0,,8,,,,,,,,,,,,,,,,,,,3.0,1.0,0.0,0.0,1.0,3.13,1.0,1.0,,,0.0,1.0,0.0,0.0,0.0,,0.0,2.0,0.0,,4.0,18.0
2023,2021013006,2023-06-09,1600113.0,大山 悠輔,3.0,一,5,1.0,1.0,4.0,4.0,0.0,1.0,0.0,0.0,0.0,0.0,0.0,,0.0,1.0,0.0,0.0,0.0,0.0,,,,,,,,,,,,,,,,,,,,,,
2023,2021013006,2023-06-09,1600116.0,浜地 真澄,36.0,,5,,,,,,,,,,,,,,,,,,,3.0,1.0,0.0,2.0,1.0,8.16,1.0,1.0,,,0.0,1.0,0.0,0.0,0.0,,0.0,1.0,0.0,,4.0,17.0
2023,2021013006,2023-06-09,1600117.0,糸原 健斗,33.0,指,5,1.0,1.0,2.0,2.0,0.0,1.0,0.0,0.0,0.0,0.0,0.0,,0.0,0.0,0.0,0.0,0.0,0.0,,,,,,,,,,,,,,,,,,,,,,
2023,2021013006,2023-06-09,1600164.0,田中 正義,26.0,,8,,,,,,,,,,,,,,,,,,,4.0,1.0,0.0,1.0,1.0,2.57,1.0,1.0,,,8.0,1.0,0.0,0.0,0.0,,1.0,0.0,0.0,,5.0,22.0
2023,2021013006,2023-06-09,1700080.0,島田 海吏,53.0,左,5,1.0,1.0,2.0,2.0,0.0,1.0,0.0,0.0,0.0,0.0,1.0,,0.0,0.0,0.0,0.0,0.0,1.0,,,,,,,,,,,,,,,,,,,,,,
2023,2021013006,2023-06-09,1800008.0,マルティネス,2.0,指,8,1.0,1.0,4.0,4.0,1.0,2.0,1.0,0.0,0.0,1.0,0.0,,0.0,1.0,0.0,0.0,0.0,0.0,,,,,,,,,,,,,,,,,,,,,,
2023,2021013006,2023-06-09,1800065.0,近本 光司,5.0,中,5,1.0,1.0,4.0,4.0,0.0,0.0,0.0,0.0,0.0,0.0,0.0,,0.0,1.0,0.0,0.0,0.0,0.0,,,,,,,,,,,,,,,,,,,,,,
2023,2021013006,2023-06-09,1800067.0,木浪 聖也,0.0,遊,5,1.0,1.0,4.0,4.0,0.0,0.0,0.0,0.0,0.0,0.0,0.0,,0.0,0.0,0.0,0.0,0.0,0.0,,,,,,,,,,,,,,,,,,,,,,
2023,2021013006,2023-06-09,1800091.0,野村 佑希,5.0,三一,8,1.0,1.0,4.0,4.0,0.0,1.0,1.0,0.0,0.0,0.0,0.0,,0.0,0.0,0.0,0.0,0.0,1.0,,,,,,,,,,,,,,,,,,,,,,
2023,2021013006,2023-06-09,1800093.0,万波 中正,66.0,右,8,1.0,1.0,4.0,4.0,1.0,2.0,0.0,0.0,0.0,0.0,0.0,,0.0,0.0,0.0,0.0,0.0,0.0,,,,,,,,,,,,,,,,,,,,,,
2023,2021013006,2023-06-09,1850932.0,奈良間 大己,58.0,遊,8,1.0,1.0,4.0,4.0,0.0,1.0,0.0,0.0,0.0,0.0,0.0,,0.0,1.0,0.0,0.0,0.0,0.0,,,,,,,,,,,,,,,,,,,,,,
2023,2021013006,2023-06-09,1900044.0,西 純矢,15.0,,5,,,,,,,,,,,,,,,,,,,2.0,1.0,0.0,2.0,2.0,4.94,3.0,3.0,,,0.0,3.0,1.0,1.0,1.0,,1.0,3.0,0.0,,13.0,42.0
2023,2021013006,2023-06-09,1900070.0,河野 竜生,28.0,,8,,,,,,,,,,,,,,,,,,,2.0,1.0,0.0,0.0,1.0,0.98,1.0,1.0,,,0.0,1.0,0.0,0.0,0.0,,0.0,2.0,0.0,,4.0,20.0
2023,2021013006,2023-06-09,1900073.0,鈴木 健矢,47.0,,8,,,,,,,,,,,,,,,,,,,1.0,1.0,,6.0,2.0,1.55,6.0,6.0,,,0.0,4.0,0.0,0.0,0.0,,1.0,1.0,0.0,,23.0,102.0
2023,2021013006,2023-06-09,1950996.0,前川 右京,58.0,右,5,1.0,1.0,4.0,4.0,0.0,2.0,1.0,0.0,0.0,0.0,0.0,,0.0,1.0,0.0,0.0,0.0,0.0,,,,,,,,,,,,,,,,,,,,,,
2023,2021013006,2023-06-09,1961251.0,ミエセス,55.0,打左,5,1.0,0.0,2.0,2.0,0.0,0.0,0.0,0.0,0.0,0.0,0.0,,0.0,1.0,0.0,0.0,0.0,0.0,,,,,,,,,,,,,,,,,,,,,,
2023,2021013006,2023-06-09,1961860.0,加藤 豪将,3.0,一,8,1.0,1.0,4.0,3.0,0.0,0.0,0.0,0.0,0.0,0.0,0.0,,1.0,0.0,0.0,0.0,0.0,0.0,,,,,,,,,,,,,,,,,,,,,,
2023,2021013006,2023-06-09,2000051.0,佐藤 輝明,8.0,三,5,1.0,1.0,4.0,4.0,0.0,0.0,0.0,0.0,0.0,0.0,0.0,,0.0,0.0,0.0,0.0,0.0,0.0,,,,,,,,,,,,,,,,,,,,,,
2023,2021013006,2023-06-09,2000056.0,中野 拓夢,51.0,二,5,1.0,1.0,4.0,3.0,0.0,0.0,0.0,0.0,0.0,0.0,1.0,,1.0,0.0,0.0,0.0,0.0,0.0,,,,,,,,,,,,,,,,,,,,,,
2023,2021013006,2023-06-09,2106172.0,富田 蓮,50.0,,5,,,,,,,,,,,,,,,,,,,1.0,1.0,,1.0,1.0,4.09,3.0,3.0,,,0.0,5.0,3.0,2.0,0.0,,2.0,2.0,0.0,,16.0,80.0
2023,2021013007,2023-06-09,900056.0,浅村 栄斗,3.0,二,376,1.0,1.0,4.0,4.0,1.0,3.0,0.0,0.0,0.0,1.0,0.0,,0.0,1.0,0.0,0.0,0.0,1.0,,,,,,,,,,,,,,,,,,,,,,
2023,2021013007,2023-06-09,900410.0,大島 洋平,8.0,左,4,1.0,1.0,5.0,5.0,1.0,2.0,0.0,0.0,0.0,0.0,0.0,,0.0,0.0,0.0,0.0,0.0,0.0,,,,,,,,,,,,,,,,,,,,,,
2023,2021013007,2023-06-09,1100069.0,高橋 周平,3.0,三,4,1.0,1.0,4.0,3.0,0.0,1.0,0.0,0.0,0.0,2.0,0.0,,1.0,1.0,0.0,0.0,0.0,0.0,,,,,,,,,,,,,,,,,,,,,,
2023,2021013007,2023-06-09,1100130.0,岡島 豪郎,27.0,左,376,1.0,1.0,4.0,3.0,1.0,1.0,1.0,0.0,0.0,1.0,0.0,,1.0,1.0,0.0,0.0,0.0,0.0,,,,,,,,,,,,,,,,,,,,,,
2023,2021013007,2023-06-09,1200059.0,溝脇 隼人,48.0,二,4,1.0,0.0,0.0,0.0,0.0,0.0,0.0,0.0,0.0,0.0,0.0,,0.0,0.0,0.0,0.0,0.0,0.0,,,,,,,,,,,,,,,,,,,,,,
2023,2021013007,2023-06-09,1300084.0,松井 裕樹,1.0,,376,,,,,,,,,,,,,,,,,,,5.0,1.0,0.0,1.0,1.0,0.5,1.0,1.0,,,10.0,1.0,0.0,0.0,0.0,,0.0,1.0,0.0,,3.0,12.0
2023,2021013007,2023-06-09,1460250.0,フランコ,23.0,指,376,1.0,1.0,4.0,4.0,0.0,1.0,0.0,0.0,0.0,0.0,0.0,,0.0,1.0,0.0,0.0,0.0,0.0,,,,,,,,,,,,,,,,,,,,,,
2023,2021013007,2023-06-09,1500074.0,小笠原 慎之介,11.0,,4,,,,,,,,,,,,,,,,,,,1.0,1.0,,4.0,3.0,2.88,6.666666666666667,6.2,,,0.0,10.0,5.0,4.0,0.0,,2.0,5.0,0.0,,32.0,131.0
2023,2021013007,2023-06-09,1500076.0,木下 拓哉,35.0,捕,4,1.0,1.0,4.0,4.0,0.0,1.0,0.0,0.0,0.0,0.0,0.0,,0.0,1.0,0.0,0.0,0.0,0.0,,,,,,,,,,,,,,,,,,,,,,
2023,2021013007,2023-06-09,1500078.0,阿部 寿樹,4.0,一,376,1.0,1.0,4.0,4.0,1.0,1.0,1.0,0.0,0.0,0.0,0.0,,0.0,1.0,0.0,0.0,0.0,0.0,,,,,,,,,,,,,,,,,,,,,,
2023,2021013007,2023-06-09,1600085.0,細川 成也,0.0,右,4,1.0,1.0,4.0,3.0,0.0,1.0,1.0,0.0,0.0,1.0,0.0,,1.0,0.0,0.0,0.0,0.0,0.0,,,,,,,,,,,,,,,,,,,,,,
2023,2021013007,2023-06-09,1600092.0,藤平 尚真,46.0,,376,,,,,,,,,,,,,,,,,,,1.0,1.0,,2.0,2.0,3.94,5.0,5.0,,,0.0,6.0,3.0,3.0,0.0,,1.0,6.0,0.0,,22.0,100.0
2023,2021013007,2023-06-09,1600094.0,田中 和基,25.0,走右,376,1.0,0.0,0.0,0.0,0.0,0.0,0.0,0.0,0.0,0.0,0.0,,0.0,0.0,0.0,0.0,0.0,0.0,,,,,,,,,,,,,,,,,,,,,,
2023,2021013007,2023-06-09,1600110.0,藤嶋 健人,54.0,,4,,,,,,,,,,,,,,,,,,,2.0,1.0,0.0,0.0,0.0,1.88,1.3333333333333333,1.1,,,0.0,1.0,0.0,0.0,0.0,,0.0,2.0,0.0,,5.0,17.0
2023,2021013007,2023-06-09,1600142.0,酒居 知史,28.0,,376,,,,,,,,,,,,,,,,,,,4.0,1.0,0.0,0.0,0.0,0.68,1.0,1.0,,,1.0,2.0,1.0,1.0,0.0,,1.0,0.0,0.0,,6.0,21.0
2023,2021013007,2023-06-09,1700034.0,山崎 剛,34.0,遊,376,1.0,1.0,4.0,4.0,0.0,2.0,0.0,0.0,0.0,1.0,0.0,,0.0,0.0,0.0,0.0,0.0,0.0,,,,,,,,,,,,,,,,,,,,,,
2023,2021013007,2023-06-09,1700105.0,伊藤 康祐,49.0,走,4,1.0,0.0,0.0,0.0,0.0,0.0,0.0,0.0,0.0,0.0,0.0,,0.0,0.0,0.0,0.0,0.0,0.0,,,,,,,,,,,,,,,,,,,,,,
2023,2021013007,2023-06-09,1750223.0,村松 開人,5.0,二遊,4,1.0,1.0,4.0,4.0,0.0,1.0,0.0,0.0,0.0,1.0,0.0,,0.0,0.0,0.0,0.0,0.0,0.0,,,,,,,,,,,,,,,,,,,,,,
2023,2021013007,2023-06-09,1800044.0,伊藤 裕季也,39.0,三,376,1.0,0.0,0.0,0.0,0.0,0.0,0.0,0.0,0.0,0.0,0.0,,0.0,0.0,0.0,0.0,0.0,0.0,,,,,,,,,,,,,,,,,,,,,,
2023,2021013007,2023-06-09,1800117.0,辰己 涼介,8.0,中,376,1.0,1.0,5.0,5.0,1.0,1.0,0.0,0.0,0.0,0.0,0.0,,0.0,3.0,0.0,0.0,0.0,0.0,,,,,,,,,,,,,,,,,,,,,,
2023,2021013007,2023-06-09,1800118.0,太田 光,2.0,捕,376,1.0,1.0,4.0,3.0,0.0,1.0,0.0,0.0,0.0,1.0,0.0,,0.0,0.0,0.0,1.0,0.0,0.0,,,,,,,,,,,,,,,,,,,,,,
2023,2021013007,2023-06-09,1800123.0,小郷 裕哉,51.0,右,376,1.0,1.0,4.0,3.0,1.0,1.0,1.0,0.0,0.0,1.0,0.0,,1.0,0.0,0.0,0.0,0.0,0.0,,,,,,,,,,,,,,,,,,,,,,
2023,2021013007,2023-06-09,1900037.0,石川 昂弥,25.0,一,4,1.0,1.0,4.0,4.0,0.0,0.0,0.0,0.0,0.0,0.0,0.0,,0.0,2.0,0.0,0.0,0.0,0.0,,,,,,,,,,,,,,,,,,,,,,
2023,2021013007,2023-06-09,1900041.0,岡林 勇希,60.0,中,4,1.0,1.0,4.0,4.0,3.0,3.0,0.0,0.0,0.0,0.0,1.0,,0.0,1.0,0.0,0.0,0.0,0.0,,,,,,,,,,,,,,,,,,,,,,
2023,2021013007,2023-06-09,1900112.0,小深田 大翔,0.0,三左,376,1.0,1.0,4.0,4.0,0.0,0.0,0.0,0.0,0.0,0.0,0.0,,0.0,0.0,0.0,0.0,0.0,0.0,,,,,,,,,,,,,,,,,,,,,,
2023,2021013007,2023-06-09,2000044.0,龍空,45.0,遊,4,1.0,1.0,2.0,2.0,0.0,0.0,0.0,0.0,0.0,0.0,0.0,,0.0,1.0,0.0,0.0,0.0,0.0,,,,,,,,,,,,,,,,,,,,,,
2023,2021013007,2023-06-09,2000126.0,内 星龍,69.0,,376,,,,,,,,,,,,,,,,,,,3.0,1.0,0.0,3.0,1.0,2.57,1.0,1.0,,,0.0,1.0,0.0,0.0,0.0,,0.0,2.0,0.0,,4.0,20.0
2023,2021013007,2023-06-09,2103780.0,福永 裕基,68.0,打二三,4,1.0,0.0,2.0,2.0,0.0,1.0,0.0,0.0,0.0,0.0,0.0,,0.0,0.0,0.0,0.0,0.0,0.0,,,,,,,,,,,,,,,,,,,,,,
2023,2021013007,2023-06-09,2103845.0,鵜飼 航丞,4.0,指,4,1.0,1.0,5.0,5.0,0.0,0.0,0.0,0.0,0.0,0.0,0.0,,0.0,4.0,0.0,0.0,0.0,0.0,,,,,,,,,,,,,,,,,,,,,,
2023,2021013007,2023-06-09,2105140.0,渡辺 翔太,31.0,,376,,,,,,,,,,,,,,,,,,,2.0,1.0,0.0,1.0,0.0,0.0,1.0,1.0,,,0.0,0.0,0.0,0.0,0.0,,0.0,1.0,0.0,,3.0,11.0
2023,2021013008,2023-06-09,400021.0,青木 宣親,23.0,左,2,1.0,1.0,4.0,3.0,0.0,1.0,0.0,0.0,0.0,1.0,1.0,,1.0,0.0,0.0,0.0,0.0,0.0,,,,,,,,,,,,,,,,,,,,,,
2023,2021013008,2023-06-09,600011.0,川端 慎吾,5.0,指,2,1.0,1.0,4.0,4.0,0.0,1.0,0.0,0.0,0.0,0.0,0.0,,0.0,2.0,0.0,0.0,0.0,0.0,,,,,,,,,,,,,,,,,,,,,,
2023,2021013008,2023-06-09,900044.0,中村 悠平,27.0,捕,2,1.0,0.0,0.0,0.0,0.0,0.0,0.0,0.0,0.0,0.0,0.0,,0.0,0.0,0.0,0.0,0.0,0.0,,,,,,,,,,,,,,,,,,,,,,
2023,2021013008,2023-06-09,1000109.0,三ツ俣 大樹,66.0,遊,2,1.0,1.0,2.0,2.0,0.0,0.0,0.0,0.0,0.0,0.0,0.0,,0.0,2.0,0.0,0.0,0.0,0.0,,,,,,,,,,,,,,,,,,,,,,
2023,2021013008,2023-06-09,1000132.0,山田 哲人,1.0,二,2,1.0,1.0,4.0,4.0,1.0,1.0,0.0,1.0,0.0,0.0,0.0,,0.0,2.0,0.0,0.0,0.0,0.0,,,,,,,,,,,,,,,,,,,,,,
2023,2021013008,2023-06-09,1200082.0,増田 達至,14.0,,7,,,,,,,,,,,,,,,,,,,5.0,1.0,0.0,2.0,1.0,6.11,1.0,1.0,,,9.0,0.0,0.0,0.0,0.0,,0.0,2.0,0.0,,3.0,19.0
2023,2021013008,2023-06-09,1400124.0,太田 賢吾,46.0,打,2,1.0,0.0,1.0,1.0,0.0,0.0,0.0,0.0,0.0,0.0,0.0,,0.0,0.0,0.0,0.0,0.0,0.0,,,,,,,,,,,,,,,,,,,,,,
2023,2021013008,2023-06-09,1400184.0,外崎 修汰,5.0,二,7,1.0,1.0,4.0,2.0,0.0,1.0,0.0,0.0,0.0,0.0,0.0,,2.0,0.0,0.0,0.0,0.0,0.0,,,,,,,,,,,,,,,,,,,,,,
2023,2021013008,2023-06-09,1500100.0,川越 誠司,72.0,右,7,1.0,1.0,3.0,3.0,0.0,0.0,0.0,0.0,0.0,0.0,0.0,,0.0,1.0,0.0,0.0,0.0,0.0,,,,,,,,,,,,,,,,,,,,,,
2023,2021013008,2023-06-09,1500102.0,愛斗,53.0,右,7,1.0,0.0,0.0,0.0,0.0,0.0,0.0,0.0,0.0,0.0,0.0,,0.0,0.0,0.0,0.0,0.0,0.0,,,,,,,,,,,,,,,,,,,,,,
2023,2021013008,2023-06-09,1500112.0,平沼 翔太,31.0,三,7,1.0,1.0,3.0,3.0,1.0,1.0,0.0,0.0,0.0,0.0,0.0,,0.0,0.0,0.0,0.0,0.0,0.0,,,,,,,,,,,,,,,,,,,,,,
2023,2021013008,2023-06-09,1600078.0,古賀 優大,57.0,捕,2,1.0,1.0,2.0,2.0,0.0,1.0,0.0,0.0,0.0,0.0,0.0,,0.0,0.0,0.0,0.0,0.0,0.0,,,,,,,,,,,,,,,,,,,,,,
2023,2021013008,2023-06-09,1600129.0,源田 壮亮,6.0,遊,7,1.0,1.0,4.0,4.0,0.0,1.0,0.0,0.0,0.0,1.0,0.0,,0.0,0.0,0.0,0.0,0.0,0.0,,,,,,,,,,,,,,,,,,,,,,
2023,2021013008,2023-06-09,1600131.0,平井 克典,25.0,,7,,,,,,,,,,,,,,,,,,,3.0,1.0,0.0,2.0,1.0,1.21,1.0,1.0,,,0.0,0.0,0.0,0.0,0.0,,0.0,0.0,0.0,,3.0,9.0
2023,2021013008,2023-06-09,1700084.0,村上 宗隆,55.0,三,2,1.0,1.0,4.0,3.0,0.0,0.0,0.0,0.0,0.0,0.0,0.0,,1.0,2.0,0.0,0.0,0.0,0.0,,,,,,,,,,,,,,,,,,,,,,
2023,2021013008,2023-06-09,1750472.0,古賀 悠斗,22.0,捕,7,1.0,1.0,3.0,1.0,0.0,0.0,0.0,0.0,0.0,0.0,0.0,,1.0,0.0,0.0,1.0,0.0,0.0,,,,,,,,,,,,,,,,,,,,,,
2023,2021013008,2023-06-09,1751148.0,隅田 知一郎,16.0,,7,,,,,,,,,,,,,,,,,,,1.0,1.0,,2.0,5.0,4.06,5.0,5.0,,,0.0,5.0,1.0,1.0,0.0,,2.0,7.0,0.0,,20.0,96.0
2023,2021013008,2023-06-09,1760587.0,ピーターズ,63.0,,2,,,,,,,,,,,,,,,,,,,1.0,1.0,,2.0,2.0,2.36,6.333333333333333,6.1,,,0.0,7.0,2.0,2.0,1.0,,1.0,1.0,0.0,,23.0,88.0
2023,2021013008,2023-06-09,1800085.0,森脇 亮介,28.0,,7,,,,,,,,,,,,,,,,,,,2.0,1.0,0.0,1.0,1.0,2.12,1.0,1.0,,,2.0,1.0,0.0,0.0,0.0,,0.0,2.0,0.0,,4.0,18.0
2023,2021013008,2023-06-09,1900027.0,大西 広樹,44.0,,2,,,,,,,,,,,,,,,,,,,2.0,1.0,0.0,1.0,1.0,4.01,0.6666666666666666,0.2,,,0.0,0.0,0.0,0.0,0.0,,0.0,0.0,0.0,,2.0,6.0
2023,2021013008,2023-06-09,1900029.0,武岡 龍世,60.0,打遊,2,1.0,0.0,1.0,1.0,0.0,0.0,0.0,0.0,0.0,0.0,0.0,,0.0,0.0,0.0,0.0,0.0,0.0,,,,,,,,,,,,,,,,,,,,,,
2023,2021013008,2023-06-09,2000026.0,内山 壮真,33.0,中,2,1.0,1.0,4.0,4.0,0.0,1.0,0.0,0.0,0.0,0.0,0.0,,0.0,0.0,0.0,0.0,0.0,0.0,,,,,,,,,,,,,,,,,,,,,,
2023,2021013008,2023-06-09,2000033.0,丸山 翔大,68.0,,2,,,,,,,,,,,,,,,,,,,3.0,1.0,0.0,0.0,0.0,2.57,1.0,1.0,,,0.0,0.0,0.0,0.0,0.0,,2.0,0.0,0.0,,5.0,23.0
2023,2021013008,2023-06-09,2000067.0,渡部 健人,8.0,一,7,1.0,1.0,3.0,3.0,0.0,0.0,0.0,0.0,0.0,0.0,0.0,,0.0,0.0,0.0,0.0,0.0,0.0,,,,,,,,,,,,,,,,,,,,,,
2023,2021013008,2023-06-09,2000070.0,若林 楽人,35.0,左,7,1.0,1.0,3.0,2.0,0.0,0.0,0.0,0.0,0.0,0.0,0.0,,0.0,0.0,0.0,1.0,0.0,0.0,,,,,,,,,,,,,,,,,,,,,,
2023,2021013008,2023-06-09,2000075.0,長谷川 信哉,63.0,中,7,1.0,1.0,3.0,3.0,1.0,2.0,0.0,0.0,1.0,1.0,0.0,,0.0,0.0,0.0,0.0,0.0,0.0,,,,,,,,,,,,,,,,,,,,,,
2023,2021013008,2023-06-09,2000133.0,オスナ,13.0,一,2,1.0,1.0,3.0,3.0,0.0,1.0,0.0,0.0,0.0,0.0,0.0,,0.0,1.0,0.0,0.0,0.0,0.0,,,,,,,,,,,,,,,,,,,,,,
2023,2021013008,2023-06-09,2000135.0,サンタナ,25.0,右,2,1.0,1.0,4.0,4.0,0.0,0.0,0.0,0.0,0.0,0.0,0.0,,0.0,3.0,0.0,0.0,0.0,0.0,,,,,,,,,,,,,,,,,,,,,,
2023,2021013008,2023-06-09,2103714.0,佐藤 隼輔,19.0,,7,,,,,,,,,,,,,,,,,,,4.0,1.0,0.0,1.0,1.0,1.71,1.0,1.0,,,0.0,0.0,0.0,0.0,0.0,,0.0,1.0,0.0,,3.0,12.0
2023,2021013008,2023-06-09,2108196.0,マキノン,30.0,指,7,1.0,1.0,4.0,4.0,0.0,2.0,0.0,0.0,0.0,0.0,0.0,,0.0,0.0,0.0,0.0,0.0,0.0,,,,,,,,,,,,,,,,,,,,,,
2023,2021013009,2023-06-09,800041.0,松山 竜平,55.0,指,6,1.0,1.0,4.0,4.0,0.0,0.0,0.0,0.0,0.0,0.0,0.0,,0.0,1.0,0.0,0.0,0.0,0.0,,,,,,,,,,,,,,,,,,,,,,
2023,2021013009,2023-06-09,900081.0,西野 勇士,29.0,,9,,,,,,,,,,,,,,,,,,,1.0,1.0,,6.0,2.0,2.61,6.666666666666667,6.2,,,0.0,9.0,3.0,3.0,0.0,,1.0,7.0,0.0,,29.0,114.0
2023,2021013009,2023-06-09,1000150.0,秋山 翔吾,9.0,中,6,1.0,1.0,4.0,4.0,0.0,1.0,0.0,0.0,0.0,1.0,0.0,,0.0,1.0,0.0,0.0,0.0,0.0,,,,,,,,,,,,,,,,,,,,,,
2023,2021013009,2023-06-09,1100082.0,菊池 涼介,33.0,二,6,1.0,1.0,4.0,3.0,0.0,1.0,0.0,0.0,0.0,0.0,0.0,,0.0,1.0,0.0,1.0,0.0,0.0,,,,,,,,,,,,,,,,,,,,,,
2023,2021013009,2023-06-09,1200096.0,田村 龍弘,27.0,捕,9,1.0,1.0,3.0,2.0,0.0,0.0,0.0,0.0,0.0,0.0,0.0,,1.0,0.0,0.0,0.0,0.0,0.0,,,,,,,,,,,,,,,,,,,,,,
2023,2021013009,2023-06-09,1300044.0,岡 大海,25.0,右中,9,1.0,1.0,4.0,4.0,0.0,0.0,0.0,0.0,0.0,0.0,0.0,,0.0,0.0,0.0,0.0,0.0,0.0,,,,,,,,,,,,,,,,,,,,,,
2023,2021013009,2023-06-09,1300059.0,田中 広輔,2.0,遊三,6,1.0,1.0,4.0,4.0,1.0,2.0,0.0,0.0,0.0,0.0,0.0,,0.0,0.0,0.0,0.0,0.0,0.0,,,,,,,,,,,,,,,,,,,,,,
2023,2021013009,2023-06-09,1400173.0,野間 峻祥,37.0,右,6,1.0,1.0,4.0,4.0,2.0,3.0,0.0,0.0,0.0,0.0,1.0,,0.0,0.0,0.0,0.0,0.0,0.0,,,,,,,,,,,,,,,,,,,,,,
2023,2021013009,2023-06-09,1400188.0,中村 奨吾,8.0,二,9,1.0,1.0,4.0,4.0,0.0,0.0,0.0,0.0,0.0,0.0,0.0,,0.0,1.0,0.0,0.0,0.0,0.0,,,,,,,,,,,,,,,,,,,,,,
2023,2021013009,2023-06-09,1400190.0,岩下 大輝,46.0,,9,,,,,,,,,,,,,,,,,,,3.0,1.0,0.0,1.0,0.0,1.38,1.0,1.0,,,0.0,0.0,0.0,0.0,0.0,,0.0,1.0,0.0,,3.0,10.0
2023,2021013009,2023-06-09,1460004.0,デビッドソン,95.0,三,6,1.0,1.0,4.0,4.0,0.0,0.0,0.0,0.0,0.0,0.0,0.0,,0.0,3.0,0.0,0.0,0.0,0.0,,,,,,,,,,,,,,,,,,,,,,
2023,2021013009,2023-06-09,1460080.0,ポランコ,22.0,指,9,1.0,1.0,4.0,4.0,0.0,1.0,1.0,0.0,0.0,1.0,0.0,,0.0,0.0,0.0,0.0,0.0,0.0,,,,,,,,,,,,,,,,,,,,,,
2023,2021013009,2023-06-09,1500096.0,西川 龍馬,5.0,左,6,1.0,1.0,4.0,4.0,0.0,2.0,0.0,0.0,0.0,2.0,0.0,,0.0,0.0,0.0,0.0,0.0,0.0,,,,,,,,,,,,,,,,,,,,,,
2023,2021013009,2023-06-09,1500117.0,平沢 大河,13.0,走右,9,1.0,0.0,0.0,0.0,0.0,0.0,0.0,0.0,0.0,0.0,0.0,,0.0,0.0,0.0,0.0,0.0,0.0,,,,,,,,,,,,,,,,,,,,,,
2023,2021013009,2023-06-09,1600121.0,矢崎 拓也,41.0,,6,,,,,,,,,,,,,,,,,,,2.0,1.0,0.0,3.0,0.0,2.08,1.0,1.0,,,8.0,1.0,1.0,1.0,0.0,,1.0,1.0,0.0,,5.0,16.0
2023,2021013009,2023-06-09,1600123.0,床田 寛樹,28.0,,6,,,,,,,,,,,,,,,,,,,1.0,1.0,,5.0,1.0,1.94,8.0,8.0,,,0.0,4.0,1.0,1.0,0.0,,1.0,4.0,0.0,,28.0,101.0
2023,2021013009,2023-06-09,1600124.0,坂倉 将吾,31.0,捕,6,1.0,1.0,4.0,2.0,0.0,0.0,0.0,0.0,0.0,0.0,0.0,,2.0,1.0,0.0,0.0,0.0,0.0,,,,,,,,,,,,,,,,,,,,,,
2023,2021013009,2023-06-09,1700092.0,安田 尚憲,5.0,三,9,1.0,1.0,3.0,3.0,0.0,1.0,0.0,0.0,0.0,0.0,0.0,,0.0,0.0,0.0,0.0,0.0,0.0,,,,,,,,,,,,,,,,,,,,,,
2023,2021013009,2023-06-09,1700093.0,藤岡 裕大,4.0,遊,9,1.0,1.0,4.0,3.0,2.0,2.0,1.0,0.0,0.0,0.0,0.0,,1.0,0.0,0.0,0.0,0.0,0.0,,,,,,,,,,,,,,,,,,,,,,
2023,2021013009,2023-06-09,1700098.0,和田 康士朗,63.0,中,9,1.0,1.0,2.0,2.0,0.0,0.0,0.0,0.0,0.0,0.0,0.0,,0.0,1.0,0.0,0.0,0.0,0.0,,,,,,,,,,,,,,,,,,,,,,
2023,2021013009,2023-06-09,1800037.0,坂本 光士郎,36.0,,9,,,,,,,,,,,,,,,,,,,2.0,1.0,0.0,0.0,0.0,1.83,1.3333333333333333,1.1,,,0.0,0.0,0.0,0.0,0.0,,1.0,2.0,0.0,,4.0,22.0
2023,2021013009,2023-06-09,1800053.0,山口 航輝,51.0,左,9,1.0,1.0,4.0,4.0,0.0,1.0,0.0,0.0,0.0,1.0,0.0,,0.0,1.0,0.0,0.0,0.0,0.0,,,,,,,,,,,,,,,,,,,,,,
2023,2021013009,2023-06-09,1900055.0,韮澤 雄也,54.0,一,6,1.0,0.0,0.0,0.0,0.0,0.0,0.0,0.0,0.0,0.0,0.0,,0.0,0.0,0.0,0.0,0.0,0.0,,,,,,,,,,,,,,,,,,,,,,
2023,2021013009,2023-06-09,1900081.0,佐藤 都志也,32.0,打捕,9,1.0,0.0,1.0,1.0,0.0,0.0,0.0,0.0,0.0,0.0,0.0,,0.0,0.0,0.0,0.0,0.0,0.0,,,,,,,,,,,,,,,,,,,,,,
2023,2021013009,2023-06-09,1961166.0,マクブルーム,10.0,一,6,1.0,1.0,4.0,4.0,0.0,0.0,0.0,0.0,0.0,0.0,0.0,,0.0,3.0,0.0,0.0,0.0,0.0,,,,,,,,,,,,,,,,,,,,,,
2023,2021013009,2023-06-09,2000065.0,矢野 雅哉,61.0,遊,6,1.0,0.0,0.0,0.0,0.0,0.0,0.0,0.0,0.0,0.0,0.0,,0.0,0.0,0.0,0.0,0.0,0.0,,,,,,,,,,,,,,,,,,,,,,
2023,2021013009,2023-06-09,2103693.0,池田 来翔,0.0,一,9,1.0,1.0,4.0,4.0,0.0,0.0,0.0,0.0,0.0,0.0,0.0,,0.0,2.0,0.0,0.0,0.0,0.0,,,,,,,,,,,,,,,,,,,,,,
2023,2021013009,2023-06-09,2106798.0,友杉 篤輝,10.0,走指,9,1.0,0.0,0.0,0.0,0.0,0.0,0.0,0.0,0.0,0.0,0.0,,0.0,0.0,0.0,0.0,0.0,0.0,,,,,,,,,,,,,,,,,,,,,,
2023,2021013010,2023-06-09,800075.0,伊藤 光,29.0,捕,3,1.0,1.0,3.0,3.0,0.0,0.0,0.0,0.0,0.0,0.0,0.0,,0.0,1.0,0.0,0.0,0.0,0.0,,,,,,,,,,,,,,,,,,,,,,
2023,2021013010,2023-06-09,900011.0,大田 泰示,0.0,右,3,1.0,1.0,3.0,3.0,0.0,0.0,0.0,0.0,0.0,0.0,0.0,,0.0,3.0,0.0,0.0,0.0,0.0,,,,,,,,,,,,,,,,,,,,,,
2023,2021013010,2023-06-09,1000010.0,比嘉 幹貴,35.0,,11,,,,,,,,,,,,,,,,,,,2.0,1.0,0.0,2.0,0.0,2.25,1.0,1.0,,,0.0,0.0,0.0,0.0,0.0,,0.0,1.0,0.0,,3.0,10.0
2023,2021013010,2023-06-09,1000011.0,山田 修義,57.0,,11,,,,,,,,,,,,,,,,,,,3.0,1.0,0.0,0.0,0.0,1.5,0.6666666666666666,0.2,,,0.0,2.0,0.0,0.0,0.0,,0.0,2.0,0.0,,4.0,17.0
2023,2021013010,2023-06-09,1100061.0,桑原 将志,1.0,中,3,1.0,1.0,4.0,4.0,0.0,0.0,0.0,0.0,0.0,0.0,0.0,,0.0,2.0,0.0,0.0,0.0,0.0,,,,,,,,,,,,,,,,,,,,,,
2023,2021013010,2023-06-09,1160424.0,ゴンザレス,8.0,二,11,1.0,1.0,4.0,4.0,0.0,0.0,0.0,0.0,0.0,0.0,0.0,,0.0,2.0,0.0,0.0,0.0,0.0,,,,,,,,,,,,,,,,,,,,,,
2023,2021013010,2023-06-09,1300038.0,関根 大気,63.0,左,3,1.0,1.0,4.0,3.0,1.0,1.0,0.0,0.0,0.0,0.0,0.0,,1.0,0.0,0.0,0.0,0.0,0.0,,,,,,,,,,,,,,,,,,,,,,
2023,2021013010,2023-06-09,1300100.0,森 友哉,4.0,捕,11,1.0,1.0,4.0,3.0,0.0,0.0,0.0,0.0,0.0,0.0,0.0,,1.0,0.0,0.0,0.0,0.0,0.0,,,,,,,,,,,,,,,,,,,,,,
2023,2021013010,2023-06-09,1400109.0,山崎 康晃,19.0,,3,,,,,,,,,,,,,,,,,,,3.0,1.0,0.0,0.0,3.0,4.95,1.0,1.0,,,15.0,1.0,0.0,0.0,0.0,,0.0,1.0,0.0,,4.0,13.0
2023,2021013010,2023-06-09,1400197.0,佐野 皓大,41.0,走,11,1.0,0.0,0.0,0.0,0.0,0.0,0.0,0.0,0.0,0.0,0.0,,0.0,0.0,0.0,0.0,0.0,0.0,,,,,,,,,,,,,,,,,,,,,,
2023,2021013010,2023-06-09,1450639.0,小木田 敦也,56.0,,11,,,,,,,,,,,,,,,,,,,4.0,1.0,0.0,1.0,0.0,3.38,1.3333333333333333,1.1,,,0.0,0.0,0.0,0.0,0.0,,0.0,0.0,0.0,,4.0,11.0
2023,2021013010,2023-06-09,1460045.0,バウアー,96.0,,3,,,,,,,,,,,,,,,,,,,1.0,1.0,,3.0,2.0,4.75,7.0,7.0,,,0.0,5.0,2.0,1.0,1.0,,4.0,9.0,0.0,,29.0,108.0
2023,2021013010,2023-06-09,1500041.0,廣岡 大志,30.0,三,11,1.0,1.0,5.0,5.0,0.0,1.0,0.0,0.0,0.0,0.0,0.0,,0.0,3.0,0.0,0.0,0.0,1.0,,,,,,,,,,,,,,,,,,,,,,
2023,2021013010,2023-06-09,1500063.0,柴田 竜拓,31.0,三,3,1.0,0.0,0.0,0.0,0.0,0.0,0.0,0.0,0.0,0.0,0.0,,0.0,0.0,0.0,0.0,0.0,0.0,,,,,,,,,,,,,,,,,,,,,,
2023,2021013010,2023-06-09,1500135.0,杉本 裕太郎,99.0,指,11,1.0,1.0,4.0,4.0,0.0,0.0,0.0,0.0,0.0,0.0,0.0,,0.0,1.0,0.0,0.0,0.0,0.0,,,,,,,,,,,,,,,,,,,,,,
2023,2021013010,2023-06-09,1600089.0,佐野 恵太,7.0,一,3,1.0,1.0,4.0,4.0,0.0,1.0,0.0,0.0,0.0,0.0,0.0,,0.0,0.0,0.0,0.0,0.0,0.0,,,,,,,,,,,,,,,,,,,,,,
2023,2021013010,2023-06-09,1600107.0,京田 陽太,98.0,遊,3,1.0,1.0,4.0,4.0,0.0,1.0,0.0,0.0,0.0,0.0,0.0,,0.0,0.0,0.0,0.0,0.0,1.0,,,,,,,,,,,,,,,,,,,,,,
2023,2021013010,2023-06-09,1700059.0,神里 和毅,8.0,打右,3,1.0,0.0,1.0,1.0,0.0,0.0,0.0,0.0,0.0,0.0,0.0,,0.0,1.0,0.0,0.0,0.0,0.0,,,,,,,,,,,,,,,,,,,,,,
2023,2021013010,2023-06-09,1751068.0,野口 智哉,9.0,右,11,1.0,1.0,4.0,2.0,0.0,0.0,0.0,0.0,0.0,0.0,1.0,,2.0,0.0,0.0,0.0,0.0,0.0,,,,,,,,,,,,,,,,,,,,,,
2023,2021013010,2023-06-09,1800099.0,頓宮 裕真,44.0,一,11,1.0,1.0,4.0,4.0,1.0,2.0,1.0,0.0,1.0,1.0,0.0,,0.0,2.0,0.0,0.0,0.0,0.0,,,,,,,,,,,,,,,,,,,,,,
2023,2021013010,2023-06-09,1800104.0,中川 圭太,67.0,中,11,1.0,1.0,4.0,4.0,1.0,1.0,0.0,0.0,0.0,0.0,1.0,,0.0,0.0,0.0,0.0,0.0,0.0,,,,,,,,,,,,,,,,,,,,,,
2023,2021013010,2023-06-09,1850208.0,林 琢真,0.0,三,3,1.0,1.0,3.0,2.0,1.0,0.0,0.0,0.0,0.0,0.0,1.0,,1.0,1.0,0.0,0.0,0.0,0.0,,,,,,,,,,,,,,,,,,,,,,
2023,2021013010,2023-06-09,1900032.0,伊勢 大夢,13.0,,3,,,,,,,,,,,,,,,,,,,2.0,1.0,0.0,2.0,1.0,1.31,1.0,1.0,,,1.0,1.0,0.0,0.0,0.0,,0.0,0.0,0.0,,4.0,22.0
2023,2021013010,2023-06-09,1900088.0,紅林 弘太郎,24.0,遊,11,1.0,1.0,4.0,4.0,0.0,3.0,1.0,0.0,0.0,0.0,0.0,,0.0,0.0,0.0,0.0,0.0,0.0,,,,,,,,,,,,,,,,,,,,,,
2023,2021013010,2023-06-09,1900126.0,オースティン,3.0,指,3,1.0,1.0,4.0,4.0,0.0,1.0,1.0,0.0,0.0,1.0,0.0,,0.0,2.0,0.0,0.0,0.0,0.0,,,,,,,,,,,,,,,,,,,,,,
2023,2021013010,2023-06-09,2000035.0,牧 秀悟,2.0,二,3,1.0,1.0,4.0,4.0,2.0,2.0,1.0,0.0,0.0,1.0,0.0,,0.0,0.0,0.0,0.0,0.0,1.0,,,,,,,,,,,,,,,,,,,,,,
2023,2021013010,2023-06-09,2000096.0,山下 舜平大,12.0,,11,,,,,,,,,,,,,,,,,,,1.0,1.0,,5.0,1.0,1.11,6.0,6.0,,,0.0,4.0,4.0,2.0,0.0,,2.0,7.0,0.0,,23.0,98.0
2023,2021013010,2023-06-09,2107897.0,茶野 篤政,61.0,左,11,1.0,1.0,4.0,3.0,0.0,0.0,0.0,0.0,0.0,0.0,0.0,,1.0,2.0,0.0,0.0,0.0,0.0,,,,,,,,,,,,,,,,,,,,,,
2023,2021013011,2023-06-09,20204.0,和田 毅,21.0,,12,,,,,,,,,,,,,,,,,,,1.0,1.0,,5.0,1.0,2.48,5.666666666666667,5.2,,,0.0,4.0,1.0,1.0,1.0,,1.0,6.0,0.0,,21.0,86.0
2023,2021013011,2023-06-09,700003.0,坂本 勇人,6.0,遊,1,1.0,1.0,4.0,4.0,0.0,1.0,0.0,0.0,0.0,0.0,0.0,,0.0,0.0,0.0,0.0,0.0,0.0,,,,,,,,,,,,,,,,,,,,,,
2023,2021013011,2023-06-09,700027.0,梶谷 隆幸,13.0,右,1,1.0,1.0,4.0,4.0,0.0,2.0,0.0,0.0,0.0,0.0,0.0,,0.0,1.0,0.0,0.0,0.0,0.0,,,,,,,,,,,,,,,,,,,,,,
2023,2021013011,2023-06-09,800054.0,中田 翔,10.0,一,1,1.0,1.0,4.0,4.0,0.0,1.0,0.0,0.0,0.0,0.0,0.0,,0.0,2.0,0.0,0.0,0.0,0.0,,,,,,,,,,,,,,,,,,,,,,
2023,2021013011,2023-06-09,800081.0,中村 晃,7.0,一,12,1.0,1.0,5.0,5.0,0.0,0.0,0.0,0.0,0.0,0.0,0.0,,0.0,0.0,0.0,0.0,0.0,0.0,,,,,,,,,,,,,,,,,,,,,,
2023,2021013011,2023-06-09,1000035.0,今宮 健太,6.0,遊,12,1.0,1.0,4.0,4.0,0.0,1.0,0.0,0.0,0.0,0.0,0.0,,0.0,0.0,0.0,0.0,0.0,0.0,,,,,,,,,,,,,,,,,,,,,,
2023,2021013011,2023-06-09,1000128.0,柳田 悠岐,9.0,右,12,1.0,1.0,4.0,3.0,0.0,0.0,0.0,0.0,0.0,0.0,0.0,,1.0,0.0,0.0,0.0,0.0,0.0,,,,,,,,,,,,,,,,,,,,,,
2023,2021013011,2023-06-09,1000175.0,牧原 大成,8.0,二,12,1.0,1.0,4.0,4.0,1.0,1.0,0.0,0.0,0.0,0.0,0.0,,0.0,0.0,0.0,0.0,0.0,0.0,,,,,,,,,,,,,,,,,,,,,,
2023,2021013011,2023-06-09,1000176.0,甲斐 拓也,19.0,捕,12,1.0,1.0,4.0,3.0,1.0,3.0,0.0,0.0,1.0,4.0,0.0,,1.0,0.0,0.0,0.0,0.0,0.0,,,,,,,,,,,,,,,,,,,,,,
2023,2021013011,2023-06-09,1100097.0,近藤 健介,3.0,左,12,1.0,1.0,4.0,2.0,1.0,1.0,0.0,0.0,1.0,1.0,0.0,,2.0,0.0,0.0,0.0,0.0,0.0,,,,,,,,,,,,,,,,,,,,,,
2023,2021013011,2023-06-09,1400101.0,岡本 和真,25.0,三,1,1.0,1.0,4.0,3.0,1.0,1.0,0.0,0.0,1.0,1.0,0.0,,1.0,1.0,0.0,0.0,0.0,0.0,,,,,,,,,,,,,,,,,,,,,,
2023,2021013011,2023-06-09,1400126.0,松本 裕樹,66.0,,12,,,,,,,,,,,,,,,,,,,3.0,1.0,0.0,0.0,1.0,3.32,1.0,1.0,,,0.0,0.0,0.0,0.0,0.0,,0.0,2.0,0.0,,3.0,12.0
2023,2021013011,2023-06-09,1400127.0,栗原 陵矢,24.0,三,12,1.0,1.0,4.0,3.0,1.0,2.0,1.0,0.0,0.0,0.0,0.0,,1.0,0.0,0.0,0.0,0.0,0.0,,,,,,,,,,,,,,,,,,,,,,
2023,2021013011,2023-06-09,1600001.0,オコエ 瑠偉,50.0,中,1,1.0,1.0,3.0,3.0,0.0,0.0,0.0,0.0,0.0,0.0,0.0,,0.0,1.0,0.0,0.0,0.0,0.0,,,,,,,,,,,,,,,,,,,,,,
2023,2021013011,2023-06-09,1600059.0,吉川 尚輝,2.0,二,1,1.0,1.0,3.0,3.0,0.0,0.0,0.0,0.0,0.0,0.0,0.0,,0.0,1.0,0.0,0.0,0.0,0.0,,,,,,,,,,,,,,,,,,,,,,
2023,2021013011,2023-06-09,1600064.0,大江 竜聖,64.0,,1,,,,,,,,,,,,,,,,,,,2.0,1.0,0.0,2.0,0.0,3.27,0.3333333333333333,0.1,,,0.0,0.0,0.0,0.0,0.0,,0.0,0.0,0.0,,1.0,6.0
2023,2021013011,2023-06-09,1600070.0,松原 聖弥,59.0,走,1,1.0,0.0,0.0,0.0,0.0,0.0,0.0,0.0,0.0,0.0,0.0,,0.0,0.0,0.0,0.0,0.0,0.0,,,,,,,,,,,,,,,,,,,,,,
2023,2021013011,2023-06-09,1600100.0,高梨 雄平,53.0,,1,,,,,,,,,,,,,,,,,,,4.0,1.0,0.0,0.0,0.0,5.19,1.0,1.0,,,0.0,1.0,1.0,1.0,1.0,,0.0,0.0,0.0,,4.0,15.0
2023,2021013011,2023-06-09,1700011.0,モイネロ,35.0,,12,,,,,,,,,,,,,,,,,,,4.0,1.0,0.0,2.0,0.0,0.87,1.0,1.0,,,3.0,0.0,0.0,0.0,0.0,,0.0,2.0,0.0,,3.0,18.0
2023,2021013011,2023-06-09,1700043.0,岸田 行倫,27.0,捕,1,1.0,1.0,3.0,3.0,0.0,0.0,0.0,0.0,0.0,0.0,0.0,,0.0,2.0,0.0,0.0,0.0,0.0,,,,,,,,,,,,,,,,,,,,,,
2023,2021013011,2023-06-09,1700135.0,周東 佑京,23.0,中三,12,1.0,1.0,4.0,3.0,0.0,0.0,0.0,0.0,0.0,0.0,0.0,,1.0,0.0,0.0,0.0,0.0,0.0,,,,,,,,,,,,,,,,,,,,,,
2023,2021013011,2023-06-09,1800026.0,横川 凱,62.0,,1,,,,,,,,,,,,,,,,,,,1.0,1.0,,3.0,4.0,3.35,4.666666666666667,4.2,,,0.0,4.0,3.0,3.0,1.0,,4.0,1.0,0.0,,21.0,88.0
2023,2021013011,2023-06-09,1800106.0,甲斐野 央,20.0,,12,,,,,,,,,,,,,,,,,,,5.0,1.0,0.0,0.0,0.0,1.13,1.0,1.0,,,0.0,1.0,0.0,0.0,0.0,,0.0,0.0,0.0,,4.0,18.0
2023,2021013011,2023-06-09,1900100.0,佐藤 直樹,30.0,走中,12,1.0,0.0,0.0,0.0,1.0,0.0,0.0,0.0,0.0,0.0,1.0,,0.0,0.0,0.0,0.0,0.0,0.0,,,,,,,,,,,,,,,,,,,,,,
2023,2021013011,2023-06-09,1900102.0,津森 宥紀,11.0,,12,,,,,,,,,,,,,,,,,,,2.0,1.0,0.0,3.0,1.0,3.18,0.3333333333333333,0.1,,,0.0,0.0,0.0,0.0,0.0,,1.0,1.0,0.0,,2.0,11.0
2023,2021013011,2023-06-09,1900104.0,柳町 達,32.0,打指,12,1.0,0.0,2.0,2.0,0.0,0.0,0.0,0.0,0.0,0.0,0.0,,0.0,1.0,0.0,0.0,0.0,0.0,,,,,,,,,,,,,,,,,,,,,,
2023,2021013011,2023-06-09,1960962.0,ビーディ,33.0,,1,,,,,,,,,,,,,,,,,,,3.0,1.0,0.0,0.0,4.0,5.26,1.0,1.0,,,0.0,1.0,0.0,0.0,0.0,,1.0,0.0,0.0,,5.0,16.0
2023,2021013011,2023-06-09,2000009.0,秋広 優人,55.0,左,1,1.0,1.0,4.0,3.0,0.0,0.0,0.0,0.0,0.0,0.0,0.0,,1.0,1.0,0.0,0.0,0.0,0.0,,,,,,,,,,,,,,,,,,,,,,
2023,2021013011,2023-06-09,2104035.0,野村 勇,99.0,指,12,1.0,1.0,2.0,2.0,0.0,0.0,0.0,0.0,0.0,0.0,0.0,,0.0,1.0,0.0,0.0,0.0,0.0,,,,,,,,,,,,,,,,,,,,,,
2023,2021013011,2023-06-09,2105889.0,ウォーカー,44.0,指,1,1.0,1.0,4.0,4.0,0.0,0.0,0.0,0.0,0.0,0.0,0.0,,0.0,2.0,0.0,0.0,0.0,0.0,,,,,,,,,,,,,,,,,,,,,,
2023,2021013011,2023-06-09,2107899.0,田中 千晴,48.0,,1,,,,,,,,,,,,,,,,,,,5.0,1.0,0.0,1.0,3.0,5.29,1.0,1.0,,,0.0,2.0,1.0,1.0,0.0,,1.0,1.0,0.0,,6.0,27.0
2023,2021013012,2023-06-10,800052.0,宮西 尚生,25.0,,8,,,,,,,,,,,,,,,,,,,2.0,1.0,0.0,1.0,1.0,1.47,1.0,1.0,,,1.0,0.0,0.0,0.0,0.0,,0.0,2.0,0.0,,3.0,13.0
2023,2021013012,2023-06-10,1100095.0,松本 剛,7.0,左,8,1.0,1.0,4.0,4.0,0.0,0.0,0.0,0.0,0.0,0.0,0.0,,0.0,0.0,0.0,0.0,0.0,0.0,,,,,,,,,,,,,,,,,,,,,,
2023,2021013012,2023-06-10,1200080.0,谷内 亮太,32.0,打二,8,1.0,0.0,1.0,1.0,0.0,0.0,0.0,0.0,0.0,0.0,0.0,,0.0,0.0,0.0,0.0,0.0,0.0,,,,,,,,,,,,,,,,,,,,,,
2023,2021013012,2023-06-10,1200100.0,伏見 寅威,23.0,捕,8,1.0,1.0,3.0,3.0,1.0,2.0,0.0,0.0,1.0,1.0,0.0,,0.0,0.0,0.0,0.0,0.0,0.0,,,,,,,,,,,,,,,,,,,,,,
2023,2021013012,2023-06-10,1251037.0,上川畑 大悟,4.0,遊,8,1.0,1.0,2.0,2.0,0.0,0.0,0.0,0.0,0.0,0.0,0.0,,0.0,0.0,0.0,0.0,0.0,0.0,,,,,,,,,,,,,,,,,,,,,,
2023,2021013012,2023-06-10,1300076.0,加治屋 蓮,54.0,,5,,,,,,,,,,,,,,,,,,,2.0,1.0,0.0,0.0,0.0,0.0,1.0,1.0,,,1.0,0.0,0.0,0.0,0.0,,0.0,0.0,0.0,,2.0,7.0
2023,2021013012,2023-06-10,1400170.0,江越 大賀,37.0,中,8,1.0,1.0,4.0,3.0,2.0,1.0,1.0,0.0,0.0,0.0,0.0,,1.0,2.0,0.0,0.0,0.0,0.0,,,,,,,,,,,,,,,,,,,,,,
2023,2021013012,2023-06-10,1500087.0,坂本 誠志郎,12.0,捕,5,1.0,1.0,3.0,1.0,0.0,0.0,0.0,0.0,0.0,0.0,0.0,,0.0,0.0,0.0,2.0,0.0,0.0,,,,,,,,,,,,,,,,,,,,,,
2023,2021013012,2023-06-10,1600113.0,大山 悠輔,3.0,一,5,1.0,1.0,4.0,4.0,1.0,1.0,1.0,0.0,0.0,0.0,0.0,,0.0,1.0,0.0,0.0,0.0,0.0,,,,,,,,,,,,,,,,,,,,,,
2023,2021013012,2023-06-10,1600164.0,田中 正義,26.0,,8,,,,,,,,,,,,,,,,,,,3.0,1.0,0.0,1.0,1.0,2.45,1.0,1.0,,,9.0,0.0,0.0,0.0,0.0,,0.0,0.0,0.0,,3.0,14.0
2023,2021013012,2023-06-10,1700137.0,大竹 耕太郎,49.0,,5,,,,,,,,,,,,,,,,,,,1.0,1.0,,6.0,1.0,1.24,7.0,7.0,,,0.0,7.0,4.0,4.0,2.0,,2.0,5.0,0.0,,30.0,111.0
2023,2021013012,2023-06-10,1800008.0,マルティネス,2.0,指,8,1.0,1.0,4.0,3.0,1.0,2.0,1.0,0.0,1.0,2.0,0.0,,1.0,1.0,0.0,0.0,0.0,0.0,,,,,,,,,,,,,,,,,,,,,,
2023,2021013012,2023-06-10,1800065.0,近本 光司,5.0,中,5,1.0,1.0,4.0,4.0,0.0,0.0,0.0,0.0,0.0,1.0,0.0,,0.0,0.0,0.0,0.0,0.0,0.0,,,,,,,,,,,,,,,,,,,,,,
2023,2021013012,2023-06-10,1800067.0,木浪 聖也,0.0,遊,5,1.0,1.0,3.0,3.0,0.0,3.0,0.0,0.0,0.0,0.0,0.0,,0.0,0.0,0.0,0.0,0.0,0.0,,,,,,,,,,,,,,,,,,,,,,
2023,2021013012,2023-06-10,1800091.0,野村 佑希,5.0,三,8,1.0,1.0,3.0,3.0,0.0,0.0,0.0,0.0,0.0,0.0,0.0,,0.0,0.0,0.0,0.0,0.0,0.0,,,,,,,,,,,,,,,,,,,,,,
2023,2021013012,2023-06-10,1800093.0,万波 中正,66.0,右,8,1.0,1.0,4.0,4.0,0.0,0.0,0.0,0.0,0.0,0.0,0.0,,0.0,1.0,0.0,0.0,0.0,0.0,,,,,,,,,,,,,,,,,,,,,,
2023,2021013012,2023-06-10,1850932.0,奈良間 大己,58.0,二遊,8,1.0,1.0,3.0,3.0,0.0,0.0,0.0,0.0,0.0,0.0,0.0,,0.0,1.0,0.0,0.0,0.0,0.0,,,,,,,,,,,,,,,,,,,,,,
2023,2021013012,2023-06-10,1950996.0,前川 右京,58.0,右,5,1.0,1.0,4.0,4.0,0.0,1.0,0.0,0.0,0.0,2.0,0.0,,0.0,0.0,0.0,0.0,0.0,0.0,,,,,,,,,,,,,,,,,,,,,,
2023,2021013012,2023-06-10,1961251.0,ミエセス,55.0,指,5,1.0,1.0,3.0,3.0,1.0,1.0,0.0,0.0,0.0,0.0,0.0,,0.0,1.0,0.0,0.0,0.0,0.0,,,,,,,,,,,,,,,,,,,,,,
2023,2021013012,2023-06-10,1961285.0,ノイジー,7.0,左,5,1.0,1.0,4.0,4.0,1.0,1.0,0.0,0.0,0.0,0.0,0.0,,0.0,2.0,0.0,0.0,0.0,0.0,,,,,,,,,,,,,,,,,,,,,,
2023,2021013012,2023-06-10,1961860.0,加藤 豪将,3.0,一,8,1.0,1.0,4.0,4.0,0.0,2.0,0.0,0.0,0.0,1.0,0.0,,0.0,0.0,0.0,0.0,0.0,0.0,,,,,,,,,,,,,,,,,,,,,,
2023,2021013012,2023-06-10,2000051.0,佐藤 輝明,8.0,三,5,1.0,1.0,4.0,4.0,0.0,0.0,0.0,0.0,0.0,0.0,0.0,,0.0,2.0,0.0,0.0,0.0,0.0,,,,,,,,,,,,,,,,,,,,,,
2023,2021013012,2023-06-10,2000056.0,中野 拓夢,51.0,二,5,1.0,1.0,4.0,4.0,0.0,1.0,0.0,0.0,0.0,0.0,0.0,,0.0,3.0,0.0,0.0,0.0,0.0,,,,,,,,,,,,,,,,,,,,,,
2023,2021013012,2023-06-10,2000079.0,伊藤 大海,17.0,,8,,,,,,,,,,,,,,,,,,,1.0,1.0,,2.0,4.0,3.53,7.0,7.0,,,0.0,8.0,3.0,3.0,0.0,,0.0,7.0,0.0,,27.0,111.0
2023,2021013012,2023-06-10,2000082.0,細川 凌平,56.0,走指,8,1.0,0.0,0.0,0.0,0.0,0.0,0.0,0.0,0.0,0.0,0.0,,0.0,0.0,0.0,0.0,0.0,0.0,,,,,,,,,,,,,,,,,,,,,,
2023,2021013013,2023-06-10,600026.0,炭谷 銀仁朗,26.0,捕,376,1.0,1.0,4.0,4.0,1.0,1.0,0.0,0.0,0.0,0.0,0.0,,0.0,0.0,0.0,0.0,0.0,0.0,,,,,,,,,,,,,,,,,,,,,,
2023,2021013013,2023-06-10,900056.0,浅村 栄斗,3.0,指,376,1.0,1.0,4.0,4.0,0.0,2.0,0.0,0.0,0.0,1.0,0.0,,0.0,0.0,0.0,0.0,0.0,0.0,,,,,,,,,,,,,,,,,,,,,,
2023,2021013013,2023-06-10,900410.0,大島 洋平,8.0,打左,4,1.0,0.0,1.0,1.0,0.0,0.0,0.0,0.0,0.0,0.0,0.0,,0.0,0.0,0.0,0.0,0.0,0.0,,,,,,,,,,,,,,,,,,,,,,
2023,2021013013,2023-06-10,1100069.0,高橋 周平,3.0,三,4,1.0,1.0,4.0,4.0,0.0,0.0,0.0,0.0,0.0,0.0,0.0,,0.0,1.0,0.0,0.0,0.0,0.0,,,,,,,,,,,,,,,,,,,,,,
2023,2021013013,2023-06-10,1100103.0,鈴木 大地,7.0,打一,376,1.0,0.0,2.0,1.0,0.0,1.0,0.0,0.0,0.0,0.0,0.0,,0.0,0.0,0.0,1.0,0.0,0.0,,,,,,,,,,,,,,,,,,,,,,
2023,2021013013,2023-06-10,1100130.0,岡島 豪郎,27.0,左,376,1.0,1.0,4.0,4.0,0.0,2.0,0.0,0.0,0.0,0.0,0.0,,0.0,0.0,0.0,0.0,0.0,0.0,,,,,,,,,,,,,,,,,,,,,,
2023,2021013013,2023-06-10,1200097.0,加藤 翔平,52.0,走,4,1.0,0.0,0.0,0.0,0.0,0.0,0.0,0.0,0.0,0.0,0.0,,0.0,0.0,0.0,0.0,0.0,0.0,,,,,,,,,,,,,,,,,,,,,,
2023,2021013013,2023-06-10,1200098.0,松葉 貴大,38.0,,4,,,,,,,,,,,,,,,,,,,1.0,1.0,,0.0,1.0,2.05,5.333333333333333,5.1,,,0.0,6.0,1.0,1.0,0.0,,2.0,0.0,0.0,,24.0,87.0
2023,2021013013,2023-06-10,1300066.0,祖父江 大輔,33.0,,4,,,,,,,,,,,,,,,,,,,2.0,1.0,0.0,2.0,3.0,2.35,0.6666666666666666,0.2,,,0.0,1.0,0.0,0.0,0.0,,0.0,0.0,0.0,,3.0,8.0
2023,2021013013,2023-06-10,1300084.0,松井 裕樹,1.0,,376,,,,,,,,,,,,,,,,,,,3.0,1.0,0.0,1.0,1.0,0.47,1.0,1.0,,,11.0,0.0,0.0,0.0,0.0,,0.0,1.0,0.0,,3.0,10.0
2023,2021013013,2023-06-10,1460250.0,フランコ,23.0,三,376,1.0,1.0,3.0,3.0,0.0,0.0,0.0,0.0,0.0,0.0,0.0,,0.0,0.0,0.0,0.0,0.0,0.0,,,,,,,,,,,,,,,,,,,,,,
2023,2021013013,2023-06-10,1500076.0,木下 拓哉,35.0,捕,4,1.0,1.0,3.0,3.0,0.0,1.0,0.0,0.0,0.0,0.0,0.0,,0.0,1.0,0.0,0.0,0.0,0.0,,,,,,,,,,,,,,,,,,,,,,
2023,2021013013,2023-06-10,1500077.0,福 敬登,34.0,,4,,,,,,,,,,,,,,,,,,,3.0,1.0,0.0,1.0,0.0,3.38,0.6666666666666666,0.2,,,0.0,0.0,0.0,0.0,0.0,,1.0,0.0,0.0,,3.0,13.0
2023,2021013013,2023-06-10,1500078.0,阿部 寿樹,4.0,一,376,1.0,1.0,2.0,2.0,0.0,0.0,0.0,0.0,0.0,0.0,0.0,,0.0,0.0,0.0,0.0,0.0,0.0,,,,,,,,,,,,,,,,,,,,,,
2023,2021013013,2023-06-10,1600007.0,村林 一輝,66.0,三,376,1.0,0.0,1.0,1.0,0.0,1.0,0.0,0.0,0.0,0.0,0.0,,0.0,0.0,0.0,0.0,0.0,0.0,,,,,,,,,,,,,,,,,,,,,,
2023,2021013013,2023-06-10,1600021.0,ビシエド,66.0,一,4,1.0,1.0,4.0,4.0,0.0,0.0,0.0,0.0,0.0,0.0,0.0,,0.0,0.0,0.0,0.0,0.0,0.0,,,,,,,,,,,,,,,,,,,,,,
2023,2021013013,2023-06-10,1600085.0,細川 成也,0.0,右,4,1.0,1.0,4.0,3.0,0.0,1.0,0.0,0.0,0.0,0.0,0.0,,0.0,2.0,1.0,0.0,0.0,0.0,,,,,,,,,,,,,,,,,,,,,,
2023,2021013013,2023-06-10,1600094.0,田中 和基,25.0,右,376,1.0,0.0,0.0,0.0,0.0,0.0,0.0,0.0,0.0,0.0,0.0,,0.0,0.0,0.0,0.0,0.0,0.0,,,,,,,,,,,,,,,,,,,,,,
2023,2021013013,2023-06-10,1600142.0,酒居 知史,28.0,,376,,,,,,,,,,,,,,,,,,,2.0,1.0,0.0,0.0,0.0,0.63,1.0,1.0,,,1.0,1.0,0.0,0.0,0.0,,0.0,1.0,0.0,,4.0,15.0
2023,2021013013,2023-06-10,1700034.0,山崎 剛,34.0,遊,376,1.0,1.0,4.0,4.0,0.0,0.0,0.0,0.0,0.0,0.0,0.0,,0.0,0.0,0.0,0.0,0.0,0.0,,,,,,,,,,,,,,,,,,,,,,
2023,2021013013,2023-06-10,1750223.0,村松 開人,5.0,遊二,4,1.0,1.0,3.0,2.0,0.0,1.0,0.0,0.0,0.0,0.0,0.0,,1.0,0.0,0.0,0.0,0.0,0.0,,,,,,,,,,,,,,,,,,,,,,
2023,2021013013,2023-06-10,1800061.0,勝野 昌慶,41.0,,4,,,,,,,,,,,,,,,,,,,4.0,1.0,0.0,3.0,1.0,1.48,1.3333333333333333,1.1,,,0.0,2.0,0.0,0.0,0.0,,0.0,0.0,0.0,,6.0,16.0
2023,2021013013,2023-06-10,1800117.0,辰己 涼介,8.0,中,376,1.0,1.0,4.0,3.0,0.0,1.0,0.0,0.0,0.0,0.0,0.0,,0.0,0.0,0.0,1.0,0.0,0.0,,,,,,,,,,,,,,,,,,,,,,
2023,2021013013,2023-06-10,1800123.0,小郷 裕哉,51.0,右,376,1.0,1.0,4.0,2.0,0.0,0.0,0.0,0.0,0.0,0.0,0.0,,2.0,0.0,0.0,0.0,0.0,0.0,,,,,,,,,,,,,,,,,,,,,,
2023,2021013013,2023-06-10,1900037.0,石川 昂弥,25.0,指,4,1.0,1.0,4.0,3.0,0.0,0.0,0.0,0.0,0.0,0.0,0.0,,1.0,1.0,0.0,0.0,0.0,0.0,,,,,,,,,,,,,,,,,,,,,,
2023,2021013013,2023-06-10,1900041.0,岡林 勇希,60.0,中,4,1.0,1.0,4.0,4.0,0.0,1.0,0.0,0.0,0.0,0.0,0.0,,0.0,0.0,0.0,0.0,0.0,0.0,,,,,,,,,,,,,,,,,,,,,,
2023,2021013013,2023-06-10,1900112.0,小深田 大翔,0.0,二,376,1.0,1.0,4.0,2.0,0.0,1.0,0.0,0.0,0.0,0.0,1.0,,1.0,0.0,0.0,1.0,0.0,0.0,,,,,,,,,,,,,,,,,,,,,,
2023,2021013013,2023-06-10,2000044.0,龍空,45.0,遊,4,1.0,0.0,0.0,0.0,0.0,0.0,0.0,0.0,0.0,0.0,0.0,,0.0,0.0,0.0,0.0,0.0,0.0,,,,,,,,,,,,,,,,,,,,,,
2023,2021013013,2023-06-10,2000121.0,早川 隆久,21.0,,376,,,,,,,,,,,,,,,,,,,1.0,1.0,,3.0,4.0,2.32,7.0,7.0,,,0.0,4.0,0.0,0.0,0.0,,2.0,4.0,1.0,,27.0,109.0
2023,2021013013,2023-06-10,2103780.0,福永 裕基,68.0,二,4,1.0,1.0,4.0,4.0,0.0,1.0,0.0,0.0,0.0,0.0,0.0,,0.0,0.0,0.0,0.0,0.0,0.0,,,,,,,,,,,,,,,,,,,,,,
2023,2021013013,2023-06-10,2103845.0,鵜飼 航丞,4.0,左,4,1.0,1.0,3.0,3.0,0.0,0.0,0.0,0.0,0.0,0.0,0.0,,0.0,1.0,0.0,0.0,0.0,0.0,,,,,,,,,,,,,,,,,,,,,,
2023,2021013014,2023-06-10,12102.0,栗山 巧,1.0,打,7,1.0,0.0,1.0,1.0,0.0,0.0,0.0,0.0,0.0,0.0,0.0,,0.0,0.0,0.0,0.0,0.0,0.0,,,,,,,,,,,,,,,,,,,,,,
2023,2021013014,2023-06-10,12113.0,石川 雅規,19.0,,2,,,,,,,,,,,,,,,,,,,1.0,1.0,,2.0,3.0,2.73,5.666666666666667,5.2,,,0.0,3.0,0.0,0.0,0.0,,1.0,2.0,0.0,,20.0,74.0
2023,2021013014,2023-06-10,400021.0,青木 宣親,23.0,左,2,1.0,1.0,4.0,2.0,1.0,0.0,0.0,0.0,0.0,0.0,0.0,,2.0,0.0,0.0,0.0,0.0,0.0,,,,,,,,,,,,,,,,,,,,,,
2023,2021013014,2023-06-10,600011.0,川端 慎吾,5.0,指,2,1.0,1.0,4.0,4.0,0.0,0.0,0.0,0.0,0.0,0.0,0.0,,0.0,1.0,0.0,0.0,0.0,0.0,,,,,,,,,,,,,,,,,,,,,,
2023,2021013014,2023-06-10,900044.0,中村 悠平,27.0,捕,2,1.0,1.0,4.0,3.0,0.0,1.0,0.0,0.0,0.0,1.0,0.0,,0.0,0.0,0.0,1.0,0.0,0.0,,,,,,,,,,,,,,,,,,,,,,
2023,2021013014,2023-06-10,1000132.0,山田 哲人,1.0,二,2,1.0,1.0,5.0,5.0,0.0,1.0,1.0,0.0,0.0,1.0,0.0,,0.0,1.0,0.0,0.0,0.0,0.0,,,,,,,,,,,,,,,,,,,,,,
2023,2021013014,2023-06-10,1300029.0,田口 麗斗,34.0,,2,,,,,,,,,,,,,,,,,,,5.0,1.0,0.0,0.0,2.0,1.74,1.0,1.0,,,13.0,0.0,0.0,0.0,0.0,,0.0,1.0,0.0,,3.0,11.0
2023,2021013014,2023-06-10,1400182.0,高橋 光成,13.0,,7,,,,,,,,,,,,,,,,,,,1.0,1.0,,4.0,4.0,1.87,7.0,7.0,,,0.0,5.0,1.0,1.0,0.0,,4.0,5.0,0.0,,29.0,111.0
2023,2021013014,2023-06-10,1400184.0,外崎 修汰,5.0,指,7,1.0,1.0,4.0,4.0,0.0,1.0,0.0,0.0,0.0,0.0,0.0,,0.0,0.0,0.0,0.0,0.0,0.0,,,,,,,,,,,,,,,,,,,,,,
2023,2021013014,2023-06-10,1500044.0,山崎 晃大朗,31.0,中右,2,1.0,0.0,0.0,0.0,0.0,0.0,0.0,0.0,0.0,0.0,0.0,,0.0,0.0,0.0,0.0,0.0,0.0,,,,,,,,,,,,,,,,,,,,,,
2023,2021013014,2023-06-10,1500100.0,川越 誠司,72.0,右,7,1.0,1.0,2.0,2.0,0.0,0.0,0.0,0.0,0.0,0.0,0.0,,0.0,1.0,0.0,0.0,0.0,0.0,,,,,,,,,,,,,,,,,,,,,,
2023,2021013014,2023-06-10,1500112.0,平沼 翔太,31.0,二,7,1.0,1.0,3.0,3.0,0.0,0.0,0.0,0.0,0.0,0.0,0.0,,0.0,0.0,0.0,0.0,0.0,0.0,,,,,,,,,,,,,,,,,,,,,,
2023,2021013014,2023-06-10,1600075.0,星 知弥,24.0,,2,,,,,,,,,,,,,,,,,,,3.0,1.0,0.0,1.0,1.0,3.79,1.0,1.0,,,0.0,0.0,0.0,0.0,0.0,,0.0,2.0,0.0,,3.0,19.0
2023,2021013014,2023-06-10,1600129.0,源田 壮亮,6.0,遊,7,1.0,1.0,4.0,4.0,0.0,0.0,0.0,0.0,0.0,0.0,0.0,,0.0,0.0,0.0,0.0,0.0,0.0,,,,,,,,,,,,,,,,,,,,,,
2023,2021013014,2023-06-10,1600130.0,鈴木 将平,46.0,打左,7,1.0,0.0,1.0,1.0,0.0,0.0,0.0,0.0,0.0,0.0,0.0,,0.0,0.0,0.0,0.0,0.0,0.0,,,,,,,,,,,,,,,,,,,,,,
2023,2021013014,2023-06-10,1700084.0,村上 宗隆,55.0,三,2,1.0,1.0,4.0,2.0,0.0,1.0,0.0,0.0,0.0,0.0,0.0,,2.0,1.0,0.0,0.0,0.0,0.0,,,,,,,,,,,,,,,,,,,,,,
2023,2021013014,2023-06-10,1750472.0,古賀 悠斗,22.0,捕,7,1.0,1.0,2.0,2.0,0.0,0.0,0.0,0.0,0.0,0.0,0.0,,0.0,1.0,0.0,0.0,0.0,0.0,,,,,,,,,,,,,,,,,,,,,,
2023,2021013014,2023-06-10,1800033.0,清水 昇,17.0,,2,,,,,,,,,,,,,,,,,,,4.0,1.0,0.0,0.0,1.0,1.88,1.0,1.0,,,0.0,1.0,0.0,0.0,0.0,,0.0,0.0,0.0,,4.0,10.0
2023,2021013014,2023-06-10,1900027.0,大西 広樹,44.0,,2,,,,,,,,,,,,,,,,,,,2.0,1.0,0.0,1.0,1.0,3.96,0.3333333333333333,0.1,,,0.0,0.0,0.0,0.0,0.0,,0.0,0.0,0.0,,1.0,1.0
2023,2021013014,2023-06-10,1900029.0,武岡 龍世,60.0,遊,2,1.0,1.0,4.0,4.0,0.0,2.0,0.0,0.0,0.0,0.0,0.0,,0.0,0.0,0.0,0.0,0.0,0.0,,,,,,,,,,,,,,,,,,,,,,
2023,2021013014,2023-06-10,1900065.0,柘植 世那,37.0,捕,7,1.0,0.0,0.0,0.0,0.0,0.0,0.0,0.0,0.0,0.0,0.0,,0.0,0.0,0.0,0.0,0.0,0.0,,,,,,,,,,,,,,,,,,,,,,
2023,2021013014,2023-06-10,1961030.0,ティノコ,54.0,,7,,,,,,,,,,,,,,,,,,,3.0,1.0,0.0,0.0,2.0,3.92,1.0,1.0,,,0.0,2.0,1.0,1.0,0.0,,1.0,1.0,0.0,,6.0,29.0
2023,2021013014,2023-06-10,2000026.0,内山 壮真,33.0,中左,2,1.0,1.0,5.0,5.0,0.0,1.0,0.0,0.0,0.0,0.0,0.0,,0.0,1.0,0.0,0.0,0.0,0.0,,,,,,,,,,,,,,,,,,,,,,
2023,2021013014,2023-06-10,2000028.0,並木 秀尊,0.0,中,2,1.0,0.0,0.0,0.0,0.0,0.0,0.0,0.0,0.0,0.0,0.0,,0.0,0.0,0.0,0.0,0.0,0.0,,,,,,,,,,,,,,,,,,,,,,
2023,2021013014,2023-06-10,2000067.0,渡部 健人,8.0,一,7,1.0,1.0,4.0,4.0,0.0,1.0,1.0,0.0,0.0,0.0,0.0,,0.0,2.0,0.0,0.0,0.0,0.0,,,,,,,,,,,,,,,,,,,,,,
2023,2021013014,2023-06-10,2000068.0,佐々木 健,26.0,,7,,,,,,,,,,,,,,,,,,,2.0,1.0,0.0,0.0,0.0,0.0,1.0,1.0,,,0.0,0.0,0.0,0.0,0.0,,1.0,0.0,0.0,,3.0,12.0
2023,2021013014,2023-06-10,2000070.0,若林 楽人,35.0,左右,7,1.0,1.0,3.0,3.0,0.0,1.0,1.0,0.0,0.0,0.0,0.0,,0.0,0.0,0.0,0.0,0.0,0.0,,,,,,,,,,,,,,,,,,,,,,
2023,2021013014,2023-06-10,2000075.0,長谷川 信哉,63.0,中,7,1.0,1.0,3.0,2.0,0.0,1.0,1.0,0.0,0.0,0.0,0.0,,1.0,1.0,0.0,0.0,0.0,0.0,,,,,,,,,,,,,,,,,,,,,,
2023,2021013014,2023-06-10,2000133.0,オスナ,13.0,一,2,1.0,1.0,4.0,3.0,1.0,0.0,0.0,0.0,0.0,0.0,0.0,,1.0,2.0,0.0,0.0,0.0,0.0,,,,,,,,,,,,,,,,,,,,,,
2023,2021013014,2023-06-10,2000135.0,サンタナ,25.0,右,2,1.0,1.0,4.0,3.0,0.0,1.0,1.0,0.0,0.0,0.0,0.0,,1.0,0.0,0.0,0.0,0.0,0.0,,,,,,,,,,,,,,,,,,,,,,
2023,2021013014,2023-06-10,2108196.0,マキノン,30.0,三,7,1.0,1.0,4.0,4.0,0.0,0.0,0.0,0.0,0.0,0.0,0.0,,0.0,0.0,0.0,0.0,0.0,0.0,,,,,,,,,,,,,,,,,,,,,,
2023,2021013015,2023-06-10,700050.0,會澤 翼,27.0,捕,6,1.0,1.0,2.0,1.0,1.0,1.0,0.0,0.0,1.0,1.0,0.0,,1.0,0.0,0.0,0.0,0.0,0.0,,,,,,,,,,,,,,,,,,,,,,
2023,2021013015,2023-06-10,700087.0,角中 勝也,3.0,左,9,1.0,1.0,4.0,3.0,1.0,3.0,1.0,0.0,1.0,3.0,0.0,,0.0,0.0,0.0,0.0,1.0,0.0,,,,,,,,,,,,,,,,,,,,,,
2023,2021013015,2023-06-10,800041.0,松山 竜平,55.0,一,6,1.0,1.0,5.0,4.0,0.0,1.0,0.0,0.0,0.0,0.0,0.0,,1.0,2.0,0.0,0.0,0.0,0.0,,,,,,,,,,,,,,,,,,,,,,
2023,2021013015,2023-06-10,900430.0,堂林 翔太,7.0,右左,6,1.0,1.0,4.0,4.0,0.0,1.0,0.0,0.0,0.0,0.0,0.0,,0.0,1.0,0.0,0.0,0.0,0.0,,,,,,,,,,,,,,,,,,,,,,
2023,2021013015,2023-06-10,1000150.0,秋山 翔吾,9.0,中,6,1.0,1.0,5.0,5.0,0.0,2.0,1.0,0.0,0.0,1.0,0.0,,0.0,1.0,0.0,0.0,0.0,0.0,,,,,,,,,,,,,,,,,,,,,,
2023,2021013015,2023-06-10,1100082.0,菊池 涼介,33.0,二,6,1.0,1.0,5.0,4.0,1.0,2.0,0.0,0.0,0.0,0.0,0.0,,1.0,1.0,0.0,0.0,0.0,0.0,,,,,,,,,,,,,,,,,,,,,,
2023,2021013015,2023-06-10,1100104.0,益田 直也,52.0,,9,,,,,,,,,,,,,,,,,,,5.0,1.0,0.0,1.0,0.0,1.59,1.0,1.0,,,15.0,1.0,0.0,0.0,0.0,,0.0,1.0,0.0,,5.0,15.0
2023,2021013015,2023-06-10,1300044.0,岡 大海,25.0,中左,9,1.0,1.0,4.0,3.0,1.0,1.0,0.0,0.0,0.0,0.0,1.0,,1.0,1.0,0.0,0.0,0.0,0.0,,,,,,,,,,,,,,,,,,,,,,
2023,2021013015,2023-06-10,1300059.0,田中 広輔,2.0,遊,6,1.0,1.0,4.0,2.0,1.0,0.0,0.0,0.0,0.0,0.0,0.0,,2.0,0.0,0.0,0.0,0.0,0.0,,,,,,,,,,,,,,,,,,,,,,
2023,2021013015,2023-06-10,1300082.0,曽根 海成,0.0,走右,6,1.0,0.0,1.0,1.0,0.0,0.0,0.0,0.0,0.0,0.0,1.0,,0.0,0.0,0.0,0.0,0.0,0.0,,,,,,,,,,,,,,,,,,,,,,
2023,2021013015,2023-06-10,1400173.0,野間 峻祥,37.0,打指,6,1.0,0.0,2.0,2.0,0.0,0.0,0.0,0.0,0.0,0.0,0.0,,0.0,0.0,0.0,0.0,0.0,0.0,,,,,,,,,,,,,,,,,,,,,,
2023,2021013015,2023-06-10,1400188.0,中村 奨吾,8.0,二,9,1.0,1.0,4.0,4.0,0.0,1.0,0.0,0.0,0.0,1.0,0.0,,0.0,1.0,0.0,0.0,0.0,0.0,,,,,,,,,,,,,,,,,,,,,,
2023,2021013015,2023-06-10,1460004.0,デビッドソン,95.0,三,6,1.0,1.0,4.0,3.0,0.0,0.0,0.0,0.0,0.0,0.0,0.0,,1.0,2.0,0.0,0.0,0.0,0.0,,,,,,,,,,,,,,,,,,,,,,
2023,2021013015,2023-06-10,1460080.0,ポランコ,22.0,指,9,1.0,1.0,3.0,3.0,0.0,1.0,0.0,0.0,0.0,0.0,0.0,,0.0,2.0,0.0,0.0,0.0,0.0,,,,,,,,,,,,,,,,,,,,,,
2023,2021013015,2023-06-10,1500096.0,西川 龍馬,5.0,左,6,1.0,1.0,4.0,4.0,0.0,1.0,0.0,0.0,0.0,2.0,0.0,,0.0,0.0,0.0,0.0,0.0,0.0,,,,,,,,,,,,,,,,,,,,,,
2023,2021013015,2023-06-10,1560685.0,ターリー,68.0,,6,,,,,,,,,,,,,,,,,,,2.0,1.0,0.0,2.0,0.0,1.48,1.0,1.0,,,1.0,2.0,1.0,1.0,0.0,,0.0,1.0,0.0,,5.0,19.0
2023,2021013015,2023-06-10,1600124.0,坂倉 将吾,31.0,打捕,6,1.0,0.0,2.0,2.0,1.0,1.0,0.0,0.0,0.0,0.0,0.0,,0.0,0.0,0.0,0.0,0.0,0.0,,,,,,,,,,,,,,,,,,,,,,
2023,2021013015,2023-06-10,1700026.0,西村 天裕,40.0,,9,,,,,,,,,,,,,,,,,,,3.0,1.0,0.0,0.0,0.0,0.82,1.0,1.0,,,0.0,4.0,2.0,2.0,0.0,,1.0,1.0,0.0,,8.0,23.0
2023,2021013015,2023-06-10,1700092.0,安田 尚憲,5.0,三,9,1.0,1.0,4.0,4.0,0.0,1.0,0.0,0.0,0.0,0.0,0.0,,0.0,0.0,0.0,0.0,0.0,0.0,,,,,,,,,,,,,,,,,,,,,,
2023,2021013015,2023-06-10,1700093.0,藤岡 裕大,4.0,遊,9,1.0,1.0,5.0,5.0,0.0,2.0,0.0,0.0,0.0,1.0,0.0,,0.0,1.0,0.0,0.0,0.0,0.0,,,,,,,,,,,,,,,,,,,,,,
2023,2021013015,2023-06-10,1700098.0,和田 康士朗,63.0,走中,9,1.0,0.0,0.0,0.0,0.0,0.0,0.0,0.0,0.0,0.0,0.0,,0.0,0.0,0.0,0.0,0.0,0.0,,,,,,,,,,,,,,,,,,,,,,
2023,2021013015,2023-06-10,1800051.0,東妻 勇輔,24.0,,9,,,,,,,,,,,,,,,,,,,2.0,1.0,0.0,0.0,1.0,1.42,1.0,1.0,,,0.0,0.0,0.0,0.0,0.0,,0.0,1.0,0.0,,3.0,9.0
2023,2021013015,2023-06-10,1800053.0,山口 航輝,51.0,右,9,1.0,1.0,3.0,2.0,0.0,0.0,0.0,0.0,0.0,0.0,0.0,,1.0,1.0,0.0,0.0,0.0,0.0,,,,,,,,,,,,,,,,,,,,,,
2023,2021013015,2023-06-10,1900052.0,森下 暢仁,18.0,,6,,,,,,,,,,,,,,,,,,,1.0,1.0,,2.0,1.0,1.73,7.0,7.0,,,0.0,6.0,3.0,3.0,1.0,,2.0,6.0,0.0,,29.0,105.0
2023,2021013015,2023-06-10,1900081.0,佐藤 都志也,32.0,捕,9,1.0,0.0,2.0,1.0,1.0,0.0,0.0,0.0,0.0,0.0,0.0,,1.0,0.0,0.0,0.0,0.0,0.0,,,,,,,,,,,,,,,,,,,,,,
2023,2021013015,2023-06-10,1900083.0,横山 陸人,60.0,,9,,,,,,,,,,,,,,,,,,,4.0,1.0,0.0,0.0,0.0,5.14,1.0,1.0,,,0.0,0.0,0.0,0.0,0.0,,1.0,1.0,0.0,,3.0,16.0
2023,2021013015,2023-06-10,1900085.0,本前 郁也,49.0,,9,,,,,,,,,,,,,,,,,,,1.0,1.0,,0.0,0.0,3.6,5.0,5.0,,,0.0,4.0,2.0,2.0,1.0,,4.0,5.0,0.0,,22.0,93.0
2023,2021013015,2023-06-10,1900086.0,植田 将太,45.0,捕,9,1.0,1.0,2.0,2.0,0.0,0.0,0.0,0.0,0.0,0.0,0.0,,0.0,1.0,0.0,0.0,0.0,0.0,,,,,,,,,,,,,,,,,,,,,,
2023,2021013015,2023-06-10,1961166.0,マクブルーム,10.0,指,6,1.0,1.0,3.0,3.0,0.0,0.0,0.0,0.0,0.0,0.0,0.0,,0.0,2.0,0.0,0.0,0.0,0.0,,,,,,,,,,,,,,,,,,,,,,
2023,2021013015,2023-06-10,2000060.0,栗林 良吏,20.0,,6,,,,,,,,,,,,,,,,,,,3.0,1.0,0.0,1.0,6.0,6.75,0.3333333333333333,0.1,,,7.0,2.0,1.0,1.0,0.0,,1.0,0.0,0.0,,4.0,13.0
2023,2021013015,2023-06-10,2000089.0,小川 龍成,57.0,走右,9,1.0,0.0,1.0,0.0,0.0,0.0,0.0,0.0,0.0,0.0,1.0,,0.0,0.0,0.0,1.0,0.0,0.0,,,,,,,,,,,,,,,,,,,,,,
2023,2021013015,2023-06-10,2103693.0,池田 来翔,0.0,一,9,1.0,1.0,5.0,4.0,0.0,0.0,0.0,0.0,0.0,0.0,0.0,,0.0,0.0,0.0,1.0,0.0,0.0,,,,,,,,,,,,,,,,,,,,,,
2023,2021013015,2023-06-10,2106798.0,友杉 篤輝,10.0,走指,9,1.0,0.0,1.0,1.0,2.0,1.0,0.0,0.0,0.0,0.0,1.0,,0.0,0.0,0.0,0.0,0.0,0.0,,,,,,,,,,,,,,,,,,,,,,
2023,2021013016,2023-06-10,600003.0,大和,9.0,遊,3,1.0,1.0,4.0,4.0,0.0,2.0,0.0,0.0,0.0,1.0,0.0,,0.0,0.0,0.0,0.0,0.0,0.0,,,,,,,,,,,,,,,,,,,,,,
2023,2021013016,2023-06-10,800075.0,伊藤 光,29.0,捕,3,1.0,1.0,4.0,2.0,0.0,0.0,0.0,0.0,0.0,0.0,0.0,,0.0,1.0,1.0,1.0,0.0,0.0,,,,,,,,,,,,,,,,,,,,,,
2023,2021013016,2023-06-10,1000010.0,比嘉 幹貴,35.0,,11,,,,,,,,,,,,,,,,,,,2.0,1.0,0.0,2.0,0.0,2.08,0.6666666666666666,0.2,,,0.0,1.0,0.0,0.0,0.0,,0.0,1.0,1.0,,4.0,13.0
2023,2021013016,2023-06-10,1100061.0,桑原 将志,1.0,中,3,1.0,1.0,3.0,2.0,0.0,0.0,0.0,0.0,0.0,0.0,0.0,,0.0,1.0,1.0,0.0,0.0,0.0,,,,,,,,,,,,,,,,,,,,,,
2023,2021013016,2023-06-10,1160424.0,ゴンザレス,8.0,三,11,1.0,1.0,5.0,5.0,0.0,1.0,1.0,0.0,0.0,0.0,0.0,,0.0,2.0,0.0,0.0,0.0,0.0,,,,,,,,,,,,,,,,,,,,,,
2023,2021013016,2023-06-10,1200049.0,三嶋 一輝,17.0,,3,,,,,,,,,,,,,,,,,,,4.0,1.0,0.0,3.0,1.0,3.63,1.0,1.0,,,0.0,4.0,3.0,3.0,0.0,,1.0,1.0,0.0,,8.0,25.0
2023,2021013016,2023-06-10,1200053.0,宮崎 敏郎,51.0,打三,3,1.0,0.0,1.0,1.0,0.0,0.0,0.0,0.0,0.0,0.0,0.0,,0.0,0.0,0.0,0.0,0.0,0.0,,,,,,,,,,,,,,,,,,,,,,
2023,2021013016,2023-06-10,1300038.0,関根 大気,63.0,右,3,1.0,1.0,5.0,5.0,0.0,1.0,0.0,0.0,0.0,0.0,0.0,,0.0,1.0,0.0,0.0,0.0,0.0,,,,,,,,,,,,,,,,,,,,,,
2023,2021013016,2023-06-10,1300100.0,森 友哉,4.0,指,11,1.0,1.0,5.0,4.0,3.0,2.0,0.0,0.0,2.0,4.0,0.0,,1.0,0.0,0.0,0.0,0.0,0.0,,,,,,,,,,,,,,,,,,,,,,
2023,2021013016,2023-06-10,1300109.0,若月 健矢,2.0,捕,11,1.0,1.0,4.0,4.0,0.0,0.0,0.0,0.0,0.0,0.0,0.0,,0.0,2.0,0.0,0.0,0.0,0.0,,,,,,,,,,,,,,,,,,,,,,
2023,2021013016,2023-06-10,1400195.0,山崎 福也,11.0,,11,,,,,,,,,,,,,,,,,,,1.0,1.0,,4.0,2.0,3.2,5.333333333333333,5.1,,,0.0,6.0,3.0,3.0,0.0,,0.0,2.0,1.0,,23.0,78.0
2023,2021013016,2023-06-10,1400197.0,佐野 皓大,41.0,走中,11,1.0,0.0,0.0,0.0,1.0,0.0,0.0,0.0,0.0,0.0,0.0,,0.0,0.0,0.0,0.0,0.0,0.0,,,,,,,,,,,,,,,,,,,,,,
2023,2021013016,2023-06-10,1400201.0,西野 真弘,5.0,二,11,1.0,1.0,4.0,4.0,0.0,0.0,0.0,0.0,0.0,0.0,0.0,,0.0,0.0,0.0,0.0,0.0,0.0,,,,,,,,,,,,,,,,,,,,,,
2023,2021013016,2023-06-10,1400202.0,小田 裕也,50.0,中左,11,1.0,0.0,2.0,2.0,0.0,1.0,0.0,0.0,0.0,1.0,0.0,,0.0,0.0,0.0,0.0,0.0,0.0,,,,,,,,,,,,,,,,,,,,,,
2023,2021013016,2023-06-10,1500041.0,廣岡 大志,30.0,走一,11,1.0,0.0,0.0,0.0,0.0,0.0,0.0,0.0,0.0,0.0,0.0,,0.0,0.0,0.0,0.0,0.0,0.0,,,,,,,,,,,,,,,,,,,,,,
2023,2021013016,2023-06-10,1500063.0,柴田 竜拓,31.0,三遊,3,1.0,0.0,0.0,0.0,0.0,0.0,0.0,0.0,0.0,0.0,0.0,,0.0,0.0,0.0,0.0,0.0,0.0,,,,,,,,,,,,,,,,,,,,,,
2023,2021013016,2023-06-10,1500064.0,戸柱 恭孝,10.0,打,3,1.0,0.0,1.0,1.0,0.0,0.0,0.0,0.0,0.0,0.0,0.0,,0.0,0.0,0.0,0.0,0.0,0.0,,,,,,,,,,,,,,,,,,,,,,
2023,2021013016,2023-06-10,1500135.0,杉本 裕太郎,99.0,左,11,1.0,1.0,5.0,5.0,1.0,2.0,0.0,0.0,0.0,0.0,0.0,,0.0,0.0,0.0,0.0,0.0,0.0,,,,,,,,,,,,,,,,,,,,,,
2023,2021013016,2023-06-10,1561880.0,ウェンデルケン,49.0,,3,,,,,,,,,,,,,,,,,,,3.0,1.0,0.0,1.0,1.0,1.42,1.0,1.0,,,0.0,1.0,0.0,0.0,0.0,,1.0,0.0,0.0,,5.0,20.0
2023,2021013016,2023-06-10,1600089.0,佐野 恵太,7.0,左,3,1.0,1.0,4.0,4.0,1.0,2.0,0.0,0.0,0.0,0.0,0.0,,0.0,0.0,0.0,0.0,0.0,0.0,,,,,,,,,,,,,,,,,,,,,,
2023,2021013016,2023-06-10,1600107.0,京田 陽太,98.0,三,3,1.0,1.0,2.0,2.0,0.0,0.0,0.0,0.0,0.0,0.0,0.0,,0.0,0.0,0.0,0.0,0.0,0.0,,,,,,,,,,,,,,,,,,,,,,
2023,2021013016,2023-06-10,1600155.0,山崎 颯一郎,63.0,,11,,,,,,,,,,,,,,,,,,,5.0,1.0,0.0,0.0,0.0,1.69,1.0,1.0,,,1.0,0.0,0.0,0.0,0.0,,0.0,1.0,0.0,,3.0,7.0
2023,2021013016,2023-06-10,1660377.0,ガゼルマン,45.0,,3,,,,,,,,,,,,,,,,,,,1.0,1.0,,3.0,3.0,3.78,5.0,5.0,,,0.0,8.0,4.0,3.0,2.0,,3.0,2.0,0.0,,26.0,100.0
2023,2021013016,2023-06-10,1700020.0,ソト,99.0,一,3,1.0,1.0,4.0,4.0,1.0,1.0,1.0,0.0,0.0,2.0,0.0,,0.0,1.0,0.0,0.0,0.0,1.0,,,,,,,,,,,,,,,,,,,,,,
2023,2021013016,2023-06-10,1700059.0,神里 和毅,8.0,中,3,1.0,0.0,0.0,0.0,0.0,0.0,0.0,0.0,0.0,0.0,0.0,,0.0,0.0,0.0,0.0,0.0,0.0,,,,,,,,,,,,,,,,,,,,,,
2023,2021013016,2023-06-10,1700065.0,楠本 泰史,37.0,打,3,1.0,0.0,1.0,1.0,0.0,0.0,0.0,0.0,0.0,0.0,0.0,,0.0,0.0,0.0,0.0,0.0,0.0,,,,,,,,,,,,,,,,,,,,,,
2023,2021013016,2023-06-10,1800099.0,頓宮 裕真,44.0,一,11,1.0,1.0,5.0,4.0,0.0,3.0,0.0,0.0,0.0,2.0,0.0,,1.0,0.0,0.0,0.0,0.0,0.0,,,,,,,,,,,,,,,,,,,,,,
2023,2021013016,2023-06-10,1800102.0,宜保 翔,53.0,二,11,1.0,0.0,0.0,0.0,0.0,0.0,0.0,0.0,0.0,0.0,0.0,,0.0,0.0,0.0,0.0,0.0,0.0,,,,,,,,,,,,,,,,,,,,,,
2023,2021013016,2023-06-10,1800104.0,中川 圭太,67.0,中,11,1.0,1.0,3.0,3.0,0.0,1.0,0.0,0.0,0.0,0.0,0.0,,0.0,0.0,0.0,0.0,0.0,0.0,,,,,,,,,,,,,,,,,,,,,,
2023,2021013016,2023-06-10,1900088.0,紅林 弘太郎,24.0,遊,11,1.0,1.0,5.0,2.0,0.0,1.0,0.0,0.0,0.0,0.0,0.0,,3.0,0.0,0.0,0.0,0.0,0.0,,,,,,,,,,,,,,,,,,,,,,
2023,2021013016,2023-06-10,1900126.0,オースティン,3.0,指,3,1.0,1.0,4.0,4.0,0.0,0.0,0.0,0.0,0.0,0.0,0.0,,0.0,1.0,0.0,0.0,0.0,0.0,,,,,,,,,,,,,,,,,,,,,,
2023,2021013016,2023-06-10,1961077.0,ワゲスパック,58.0,,11,,,,,,,,,,,,,,,,,,,4.0,1.0,0.0,2.0,3.0,3.6,1.0,1.0,,,2.0,1.0,0.0,0.0,0.0,,0.0,1.0,0.0,,4.0,10.0
2023,2021013016,2023-06-10,2000034.0,入江 大生,22.0,,3,,,,,,,,,,,,,,,,,,,2.0,1.0,0.0,1.0,0.0,2.55,1.0,1.0,,,0.0,0.0,0.0,0.0,0.0,,0.0,1.0,0.0,,4.0,14.0
2023,2021013016,2023-06-10,2000035.0,牧 秀悟,2.0,二,3,1.0,1.0,4.0,4.0,1.0,2.0,2.0,0.0,0.0,0.0,0.0,,0.0,1.0,0.0,0.0,0.0,1.0,,,,,,,,,,,,,,,,,,,,,,
2023,2021013016,2023-06-10,2000101.0,阿部 翔太,45.0,,11,,,,,,,,,,,,,,,,,,,3.0,1.0,0.0,0.0,2.0,3.1,1.0,1.0,,,1.0,0.0,0.0,0.0,0.0,,0.0,1.0,0.0,,3.0,7.0
2023,2021013016,2023-06-10,2107897.0,茶野 篤政,61.0,右,11,1.0,1.0,5.0,5.0,2.0,2.0,0.0,0.0,0.0,0.0,0.0,,0.0,0.0,0.0,0.0,0.0,0.0,,,,,,,,,,,,,,,,,,,,,,
2023,2021013017,2023-06-10,700003.0,坂本 勇人,6.0,遊,1,1.0,1.0,5.0,5.0,1.0,2.0,1.0,0.0,1.0,2.0,0.0,,0.0,1.0,0.0,0.0,0.0,0.0,,,,,,,,,,,,,,,,,,,,,,
2023,2021013017,2023-06-10,700027.0,梶谷 隆幸,13.0,右,1,1.0,1.0,5.0,5.0,1.0,3.0,0.0,0.0,0.0,2.0,0.0,,0.0,0.0,0.0,0.0,0.0,0.0,,,,,,,,,,,,,,,,,,,,,,
2023,2021013017,2023-06-10,800043.0,丸 佳浩,8.0,中右,1,1.0,1.0,5.0,5.0,2.0,2.0,0.0,0.0,0.0,0.0,0.0,,0.0,0.0,0.0,0.0,0.0,0.0,,,,,,,,,,,,,,,,,,,,,,
2023,2021013017,2023-06-10,800054.0,中田 翔,10.0,一,1,1.0,1.0,4.0,4.0,1.0,0.0,0.0,0.0,0.0,0.0,0.0,,0.0,1.0,0.0,0.0,0.0,0.0,,,,,,,,,,,,,,,,,,,,,,
2023,2021013017,2023-06-10,800081.0,中村 晃,7.0,一,12,1.0,1.0,5.0,5.0,1.0,1.0,1.0,0.0,0.0,1.0,0.0,,0.0,0.0,0.0,0.0,0.0,0.0,,,,,,,,,,,,,,,,,,,,,,
2023,2021013017,2023-06-10,1000035.0,今宮 健太,6.0,遊,12,1.0,1.0,4.0,3.0,0.0,2.0,0.0,0.0,0.0,0.0,0.0,,0.0,0.0,0.0,1.0,0.0,0.0,,,,,,,,,,,,,,,,,,,,,,
2023,2021013017,2023-06-10,1000128.0,柳田 悠岐,9.0,指,12,1.0,1.0,5.0,4.0,0.0,2.0,1.0,0.0,0.0,1.0,0.0,,1.0,1.0,0.0,0.0,0.0,0.0,,,,,,,,,,,,,,,,,,,,,,
2023,2021013017,2023-06-10,1000175.0,牧原 大成,8.0,二,12,1.0,1.0,5.0,5.0,0.0,1.0,0.0,0.0,0.0,1.0,0.0,,0.0,1.0,0.0,0.0,0.0,0.0,,,,,,,,,,,,,,,,,,,,,,
2023,2021013017,2023-06-10,1000176.0,甲斐 拓也,19.0,捕,12,1.0,1.0,4.0,4.0,1.0,1.0,0.0,0.0,1.0,1.0,0.0,,0.0,2.0,0.0,0.0,0.0,0.0,,,,,,,,,,,,,,,,,,,,,,
2023,2021013017,2023-06-10,1100038.0,今村 信貴,26.0,,1,,,,,,,,,,,,,,,,,,,1.0,1.0,,0.0,0.0,13.5,2.333333333333333,2.1,,,0.0,5.0,3.0,3.0,0.0,,1.0,1.0,0.0,,13.0,50.0
2023,2021013017,2023-06-10,1100097.0,近藤 健介,3.0,左,12,1.0,1.0,5.0,4.0,2.0,2.0,1.0,0.0,1.0,2.0,0.0,,1.0,2.0,0.0,0.0,0.0,0.0,,,,,,,,,,,,,,,,,,,,,,
2023,2021013017,2023-06-10,1100115.0,武田 翔太,18.0,,12,,,,,,,,,,,,,,,,,,,3.0,1.0,0.0,0.0,2.0,8.68,2.0,2.0,,,0.0,0.0,0.0,0.0,0.0,,0.0,2.0,0.0,,6.0,27.0
2023,2021013017,2023-06-10,1300027.0,小林 誠司,22.0,捕,1,1.0,0.0,0.0,0.0,0.0,0.0,0.0,0.0,0.0,0.0,0.0,,0.0,0.0,0.0,0.0,0.0,0.0,,,,,,,,,,,,,,,,,,,,,,
2023,2021013017,2023-06-10,1300080.0,石川 柊太,29.0,,12,,,,,,,,,,,,,,,,,,,1.0,1.0,,3.0,3.0,4.18,3.6666666666666665,3.2,,,0.0,7.0,6.0,6.0,2.0,,1.0,4.0,1.0,,20.0,73.0
2023,2021013017,2023-06-10,1400101.0,岡本 和真,25.0,三一,1,1.0,1.0,5.0,3.0,1.0,1.0,0.0,0.0,1.0,2.0,0.0,,1.0,1.0,1.0,0.0,0.0,0.0,,,,,,,,,,,,,,,,,,,,,,
2023,2021013017,2023-06-10,1400127.0,栗原 陵矢,24.0,三,12,1.0,1.0,4.0,4.0,0.0,0.0,0.0,0.0,0.0,0.0,0.0,,0.0,1.0,0.0,0.0,0.0,0.0,,,,,,,,,,,,,,,,,,,,,,
2023,2021013017,2023-06-10,1500047.0,重信 慎之介,43.0,左中,1,1.0,1.0,4.0,3.0,1.0,1.0,0.0,0.0,0.0,0.0,0.0,,1.0,1.0,0.0,0.0,0.0,0.0,,,,,,,,,,,,,,,,,,,,,,
2023,2021013017,2023-06-10,1500052.0,中川 皓太,41.0,,1,,,,,,,,,,,,,,,,,,,6.0,1.0,0.0,1.0,0.0,3.52,1.6666666666666663,1.2,,,0.0,2.0,0.0,0.0,0.0,,0.0,2.0,0.0,,7.0,28.0
2023,2021013017,2023-06-10,1550517.0,大津 亮介,26.0,,12,,,,,,,,,,,,,,,,,,,5.0,1.0,0.0,0.0,0.0,3.26,1.0,1.0,,,0.0,3.0,2.0,1.0,0.0,,0.0,0.0,1.0,,7.0,25.0
2023,2021013017,2023-06-10,1600001.0,オコエ 瑠偉,50.0,打左,1,1.0,0.0,1.0,1.0,0.0,0.0,0.0,0.0,0.0,0.0,0.0,,0.0,1.0,0.0,0.0,0.0,0.0,,,,,,,,,,,,,,,,,,,,,,
2023,2021013017,2023-06-10,1600059.0,吉川 尚輝,2.0,二,1,1.0,0.0,1.0,1.0,0.0,1.0,0.0,0.0,0.0,0.0,0.0,,0.0,0.0,0.0,0.0,0.0,0.0,,,,,,,,,,,,,,,,,,,,,,
2023,2021013017,2023-06-10,1600064.0,大江 竜聖,64.0,,1,,,,,,,,,,,,,,,,,,,2.0,1.0,0.0,3.0,0.0,3.55,1.6666666666666663,1.2,,,0.0,1.0,1.0,1.0,1.0,,0.0,2.0,0.0,,6.0,20.0
2023,2021013017,2023-06-10,1600070.0,松原 聖弥,59.0,走右,1,1.0,0.0,0.0,0.0,1.0,0.0,0.0,0.0,0.0,0.0,0.0,,0.0,0.0,0.0,0.0,0.0,0.0,,,,,,,,,,,,,,,,,,,,,,
2023,2021013017,2023-06-10,1600100.0,高梨 雄平,53.0,,1,,,,,,,,,,,,,,,,,,,4.0,1.0,0.0,0.0,0.0,4.82,1.3333333333333333,1.1,,,0.0,0.0,0.0,0.0,0.0,,0.0,1.0,0.0,,4.0,21.0
2023,2021013017,2023-06-10,1700044.0,大城 卓三,24.0,捕,1,1.0,1.0,4.0,3.0,1.0,2.0,0.0,0.0,1.0,3.0,0.0,,0.0,0.0,1.0,0.0,0.0,0.0,,,,,,,,,,,,,,,,,,,,,,
2023,2021013017,2023-06-10,1700047.0,若林 晃弘,37.0,走一,1,1.0,0.0,0.0,0.0,0.0,0.0,0.0,0.0,0.0,0.0,0.0,,0.0,0.0,0.0,0.0,0.0,0.0,,,,,,,,,,,,,,,,,,,,,,
2023,2021013017,2023-06-10,1700110.0,鈴木 康平,32.0,,1,,,,,,,,,,,,,,,,,,,5.0,1.0,0.0,0.0,1.0,5.4,0.3333333333333333,0.1,,,0.0,2.0,2.0,2.0,1.0,,0.0,0.0,0.0,,3.0,12.0
2023,2021013017,2023-06-10,1700133.0,田浦 文丸,56.0,,12,,,,,,,,,,,,,,,,,,,2.0,1.0,0.0,0.0,0.0,0.52,0.3333333333333333,0.1,,,0.0,0.0,0.0,0.0,0.0,,0.0,1.0,0.0,,1.0,4.0
2023,2021013017,2023-06-10,1700135.0,周東 佑京,23.0,中,12,1.0,1.0,3.0,3.0,1.0,1.0,0.0,0.0,0.0,0.0,0.0,,0.0,1.0,0.0,0.0,0.0,0.0,,,,,,,,,,,,,,,,,,,,,,
2023,2021013017,2023-06-10,1800106.0,甲斐野 央,20.0,,12,,,,,,,,,,,,,,,,,,,4.0,1.0,0.0,0.0,0.0,3.0,1.0,1.0,,,0.0,2.0,2.0,2.0,1.0,,0.0,2.0,0.0,,5.0,22.0
2023,2021013017,2023-06-10,1800108.0,野村 大樹,55.0,打,12,1.0,0.0,1.0,1.0,0.0,0.0,0.0,0.0,0.0,0.0,0.0,,0.0,0.0,0.0,0.0,0.0,0.0,,,,,,,,,,,,,,,,,,,,,,
2023,2021013017,2023-06-10,1900100.0,佐藤 直樹,30.0,中,12,1.0,0.0,0.0,0.0,0.0,0.0,0.0,0.0,0.0,0.0,0.0,,0.0,0.0,0.0,0.0,0.0,0.0,,,,,,,,,,,,,,,,,,,,,,
2023,2021013017,2023-06-10,1900104.0,柳町 達,32.0,右,12,1.0,1.0,4.0,4.0,0.0,2.0,0.0,0.0,0.0,0.0,0.0,,0.0,1.0,0.0,0.0,0.0,1.0,,,,,,,,,,,,,,,,,,,,,,
2023,2021013017,2023-06-10,2000007.0,中山 礼都,40.0,二三,1,1.0,1.0,5.0,5.0,1.0,1.0,0.0,0.0,0.0,0.0,1.0,,0.0,2.0,0.0,0.0,0.0,0.0,,,,,,,,,,,,,,,,,,,,,,
2023,2021013017,2023-06-10,2000009.0,秋広 優人,55.0,指,1,1.0,1.0,2.0,2.0,0.0,0.0,0.0,0.0,0.0,0.0,0.0,,0.0,1.0,0.0,0.0,0.0,0.0,,,,,,,,,,,,,,,,,,,,,,
2023,2021013017,2023-06-10,2103697.0,大勢,15.0,,1,,,,,,,,,,,,,,,,,,,7.0,1.0,0.0,2.0,0.0,3.0,1.0,1.0,,,11.0,0.0,0.0,0.0,0.0,,1.0,3.0,0.0,,4.0,22.0
2023,2021013017,2023-06-10,2103705.0,菊地 大稀,96.0,,1,,,,,,,,,,,,,,,,,,,3.0,1.0,0.0,1.0,1.0,3.78,0.6666666666666666,0.2,,,0.0,2.0,0.0,0.0,0.0,,0.0,1.0,0.0,,4.0,14.0
2023,2021013017,2023-06-10,2104035.0,野村 勇,99.0,走遊,12,1.0,0.0,1.0,1.0,1.0,0.0,0.0,0.0,0.0,0.0,0.0,,0.0,1.0,0.0,0.0,0.0,0.0,,,,,,,,,,,,,,,,,,,,,,
2023,2021013017,2023-06-10,2105889.0,ウォーカー,44.0,打指,1,1.0,0.0,3.0,3.0,0.0,0.0,0.0,0.0,0.0,0.0,0.0,,0.0,2.0,0.0,0.0,0.0,0.0,,,,,,,,,,,,,,,,,,,,,,
2023,2021013017,2023-06-10,2107909.0,松本 晴,49.0,,12,,,,,,,,,,,,,,,,,,,6.0,1.0,0.0,0.0,0.0,0.0,1.0,1.0,,,0.0,1.0,0.0,0.0,0.0,,1.0,1.0,0.0,,5.0,22.0
2023,2021013018,2023-06-11,900426.0,原口 文仁,94.0,打指,5,1.0,0.0,1.0,1.0,0.0,0.0,0.0,0.0,0.0,0.0,0.0,,0.0,0.0,0.0,0.0,0.0,0.0,,,,,,,,,,,,,,,,,,,,,,
2023,2021013018,2023-06-11,1100095.0,松本 剛,7.0,打左,8,1.0,0.0,1.0,1.0,0.0,0.0,0.0,0.0,0.0,0.0,0.0,,0.0,0.0,0.0,0.0,0.0,0.0,,,,,,,,,,,,,,,,,,,,,,
2023,2021013018,2023-06-11,1251037.0,上川畑 大悟,4.0,走,8,1.0,0.0,0.0,0.0,0.0,0.0,0.0,0.0,0.0,0.0,0.0,,0.0,0.0,0.0,0.0,0.0,0.0,,,,,,,,,,,,,,,,,,,,,,
2023,2021013018,2023-06-11,1300042.0,渡邉 諒,25.0,三,5,1.0,1.0,4.0,4.0,0.0,1.0,0.0,0.0,0.0,1.0,0.0,,0.0,1.0,0.0,0.0,0.0,0.0,,,,,,,,,,,,,,,,,,,,,,
2023,2021013018,2023-06-11,1300073.0,梅野 隆太郎,2.0,捕,5,1.0,1.0,4.0,3.0,0.0,1.0,0.0,0.0,0.0,0.0,1.0,,1.0,2.0,0.0,0.0,0.0,0.0,,,,,,,,,,,,,,,,,,,,,,
2023,2021013018,2023-06-11,1300075.0,岩崎 優,13.0,,5,,,,,,,,,,,,,,,,,,,2.0,1.0,0.0,2.0,0.0,0.42,1.0,1.0,,,9.0,0.0,0.0,0.0,0.0,,0.0,0.0,0.0,,4.0,10.0
2023,2021013018,2023-06-11,1300094.0,杉浦 稔大,22.0,,8,,,,,,,,,,,,,,,,,,,3.0,1.0,0.0,0.0,1.0,1.74,1.0,1.0,,,0.0,0.0,0.0,0.0,0.0,,1.0,1.0,1.0,,5.0,22.0
2023,2021013018,2023-06-11,1400170.0,江越 大賀,37.0,打中,8,1.0,0.0,1.0,0.0,0.0,0.0,0.0,0.0,0.0,0.0,0.0,,0.0,0.0,0.0,1.0,0.0,0.0,,,,,,,,,,,,,,,,,,,,,,
2023,2021013018,2023-06-11,1400172.0,植田 海,62.0,走,5,1.0,0.0,0.0,0.0,0.0,0.0,0.0,0.0,0.0,0.0,1.0,,0.0,0.0,0.0,0.0,0.0,0.0,,,,,,,,,,,,,,,,,,,,,,
2023,2021013018,2023-06-11,1460315.0,アルカンタラ,6.0,左,8,1.0,1.0,2.0,2.0,0.0,1.0,0.0,0.0,0.0,0.0,0.0,,0.0,0.0,0.0,0.0,0.0,0.0,,,,,,,,,,,,,,,,,,,,,,
2023,2021013018,2023-06-11,1560396.0,ハンソン,94.0,二,8,1.0,1.0,4.0,4.0,0.0,1.0,0.0,0.0,0.0,0.0,0.0,,0.0,0.0,0.0,0.0,0.0,0.0,,,,,,,,,,,,,,,,,,,,,,
2023,2021013018,2023-06-11,1600093.0,池田 隆英,52.0,,8,,,,,,,,,,,,,,,,,,,6.0,1.0,0.0,0.0,1.0,3.0,1.0,1.0,,,0.0,0.0,0.0,0.0,0.0,,1.0,0.0,0.0,,4.0,9.0
2023,2021013018,2023-06-11,1600113.0,大山 悠輔,3.0,一,5,1.0,1.0,5.0,2.0,0.0,0.0,0.0,0.0,0.0,0.0,0.0,,3.0,0.0,0.0,0.0,0.0,0.0,,,,,,,,,,,,,,,,,,,,,,
2023,2021013018,2023-06-11,1600115.0,才木 浩人,35.0,,5,,,,,,,,,,,,,,,,,,,1.0,1.0,,5.0,3.0,1.53,7.0,7.0,,,0.0,4.0,0.0,0.0,0.0,,2.0,5.0,0.0,,25.0,106.0
2023,2021013018,2023-06-11,1600117.0,糸原 健斗,33.0,指,5,1.0,1.0,3.0,2.0,0.0,0.0,0.0,0.0,0.0,0.0,0.0,,0.0,1.0,1.0,0.0,0.0,0.0,,,,,,,,,,,,,,,,,,,,,,
2023,2021013018,2023-06-11,1600138.0,郡 拓也,60.0,一,8,1.0,1.0,4.0,4.0,0.0,2.0,0.0,0.0,0.0,0.0,1.0,,0.0,0.0,0.0,0.0,0.0,0.0,,,,,,,,,,,,,,,,,,,,,,
2023,2021013018,2023-06-11,1700080.0,島田 海吏,53.0,右,5,1.0,0.0,0.0,0.0,0.0,0.0,0.0,0.0,0.0,0.0,0.0,,0.0,0.0,0.0,0.0,0.0,0.0,,,,,,,,,,,,,,,,,,,,,,
2023,2021013018,2023-06-11,1750903.0,北山 亘基,57.0,,8,,,,,,,,,,,,,,,,,,,1.0,1.0,,3.0,3.0,2.39,4.666666666666667,4.2,,,0.0,3.0,1.0,1.0,0.0,,6.0,6.0,0.0,,23.0,108.0
2023,2021013018,2023-06-11,1800008.0,マルティネス,2.0,捕,8,1.0,1.0,4.0,2.0,0.0,0.0,0.0,0.0,0.0,0.0,0.0,,2.0,0.0,0.0,0.0,0.0,0.0,,,,,,,,,,,,,,,,,,,,,,
2023,2021013018,2023-06-11,1800065.0,近本 光司,5.0,中,5,1.0,1.0,5.0,3.0,0.0,0.0,0.0,0.0,0.0,0.0,2.0,,2.0,2.0,0.0,0.0,0.0,0.0,,,,,,,,,,,,,,,,,,,,,,
2023,2021013018,2023-06-11,1800067.0,木浪 聖也,0.0,遊,5,1.0,1.0,4.0,3.0,0.0,1.0,0.0,0.0,0.0,0.0,0.0,,0.0,2.0,0.0,1.0,0.0,0.0,,,,,,,,,,,,,,,,,,,,,,
2023,2021013018,2023-06-11,1800070.0,湯浅 京己,65.0,,5,,,,,,,,,,,,,,,,,,,3.0,1.0,0.0,0.0,1.0,3.29,1.0,1.0,,,8.0,1.0,0.0,0.0,0.0,,1.0,1.0,0.0,,5.0,18.0
2023,2021013018,2023-06-11,1800091.0,野村 佑希,5.0,打三,8,1.0,0.0,1.0,1.0,0.0,0.0,0.0,0.0,0.0,0.0,0.0,,0.0,0.0,0.0,0.0,0.0,0.0,,,,,,,,,,,,,,,,,,,,,,
2023,2021013018,2023-06-11,1800093.0,万波 中正,66.0,右,8,1.0,1.0,4.0,4.0,0.0,0.0,0.0,0.0,0.0,0.0,0.0,,0.0,3.0,0.0,0.0,0.0,0.0,,,,,,,,,,,,,,,,,,,,,,
2023,2021013018,2023-06-11,1800096.0,福田 俊,40.0,,8,,,,,,,,,,,,,,,,,,,2.0,1.0,0.0,0.0,0.0,0.0,0.3333333333333333,0.1,,,0.0,0.0,0.0,0.0,0.0,,0.0,1.0,0.0,,1.0,6.0
2023,2021013018,2023-06-11,1850932.0,奈良間 大己,58.0,遊,8,1.0,1.0,4.0,4.0,0.0,0.0,0.0,0.0,0.0,0.0,0.0,,0.0,1.0,0.0,0.0,0.0,0.0,,,,,,,,,,,,,,,,,,,,,,
2023,2021013018,2023-06-11,1900050.0,小野寺 暖,60.0,左,5,1.0,0.0,1.0,1.0,0.0,0.0,0.0,0.0,0.0,0.0,0.0,,0.0,0.0,0.0,0.0,0.0,0.0,,,,,,,,,,,,,,,,,,,,,,
2023,2021013018,2023-06-11,1900070.0,河野 竜生,28.0,,8,,,,,,,,,,,,,,,,,,,5.0,1.0,0.0,0.0,1.0,0.93,1.0,1.0,,,0.0,1.0,0.0,0.0,0.0,,0.0,2.0,0.0,,4.0,19.0
2023,2021013018,2023-06-11,1900084.0,福田 光輝,35.0,三,8,1.0,1.0,2.0,1.0,0.0,0.0,0.0,0.0,0.0,0.0,0.0,,1.0,0.0,0.0,0.0,0.0,0.0,,,,,,,,,,,,,,,,,,,,,,
2023,2021013018,2023-06-11,1950996.0,前川 右京,58.0,右,5,1.0,1.0,5.0,4.0,1.0,1.0,0.0,1.0,0.0,0.0,0.0,,1.0,1.0,0.0,0.0,0.0,0.0,,,,,,,,,,,,,,,,,,,,,,
2023,2021013018,2023-06-11,1961285.0,ノイジー,7.0,左,5,1.0,1.0,4.0,2.0,0.0,0.0,0.0,0.0,0.0,0.0,0.0,,2.0,1.0,0.0,0.0,0.0,0.0,,,,,,,,,,,,,,,,,,,,,,
2023,2021013018,2023-06-11,1961860.0,加藤 豪将,3.0,指,8,1.0,1.0,4.0,4.0,0.0,1.0,0.0,0.0,0.0,0.0,0.0,,0.0,0.0,0.0,0.0,0.0,0.0,,,,,,,,,,,,,,,,,,,,,,
2023,2021013018,2023-06-11,2000056.0,中野 拓夢,51.0,二,5,1.0,1.0,5.0,5.0,0.0,0.0,0.0,0.0,0.0,0.0,0.0,,0.0,1.0,0.0,0.0,0.0,0.0,,,,,,,,,,,,,,,,,,,,,,
2023,2021013018,2023-06-11,2000082.0,細川 凌平,56.0,中,8,1.0,1.0,3.0,3.0,0.0,0.0,0.0,0.0,0.0,0.0,0.0,,0.0,2.0,0.0,0.0,0.0,0.0,,,,,,,,,,,,,,,,,,,,,,
2023,2021013018,2023-06-11,2107958.0,宮内 春輝,62.0,,8,,,,,,,,,,,,,,,,,,,4.0,1.0,0.0,1.0,0.0,5.02,1.0,1.0,,,0.0,0.0,0.0,0.0,0.0,,1.0,1.0,0.0,,4.0,19.0
2023,2021013020,2023-06-11,12102.0,栗山 巧,1.0,指,7,1.0,1.0,3.0,1.0,0.0,0.0,0.0,0.0,0.0,0.0,0.0,,2.0,0.0,0.0,0.0,0.0,0.0,,,,,,,,,,,,,,,,,,,,,,
2023,2021013020,2023-06-11,400021.0,青木 宣親,23.0,左,2,1.0,1.0,4.0,4.0,0.0,0.0,0.0,0.0,0.0,0.0,0.0,,0.0,3.0,0.0,0.0,0.0,0.0,,,,,,,,,,,,,,,,,,,,,,
2023,2021013020,2023-06-11,600011.0,川端 慎吾,5.0,指,2,1.0,1.0,4.0,4.0,1.0,2.0,0.0,0.0,0.0,0.0,0.0,,0.0,1.0,0.0,0.0,0.0,0.0,,,,,,,,,,,,,,,,,,,,,,
2023,2021013020,2023-06-11,900044.0,中村 悠平,27.0,捕,2,1.0,1.0,4.0,4.0,1.0,1.0,1.0,0.0,0.0,0.0,0.0,,0.0,2.0,0.0,0.0,0.0,0.0,,,,,,,,,,,,,,,,,,,,,,
2023,2021013020,2023-06-11,1300029.0,田口 麗斗,34.0,,2,,,,,,,,,,,,,,,,,,,5.0,1.0,0.0,0.0,2.0,1.66,1.0,1.0,,,14.0,1.0,0.0,0.0,0.0,,0.0,0.0,0.0,,3.0,9.0
2023,2021013020,2023-06-11,1400184.0,外崎 修汰,5.0,二,7,1.0,1.0,4.0,4.0,0.0,1.0,1.0,0.0,0.0,1.0,0.0,,0.0,1.0,0.0,0.0,0.0,0.0,,,,,,,,,,,,,,,,,,,,,,
2023,2021013020,2023-06-11,1500044.0,山崎 晃大朗,31.0,中右,2,1.0,0.0,0.0,0.0,0.0,0.0,0.0,0.0,0.0,0.0,0.0,,0.0,0.0,0.0,0.0,0.0,0.0,,,,,,,,,,,,,,,,,,,,,,
2023,2021013020,2023-06-11,1500112.0,平沼 翔太,31.0,打三,7,1.0,0.0,2.0,1.0,0.0,1.0,0.0,0.0,0.0,1.0,0.0,,0.0,0.0,0.0,0.0,1.0,0.0,,,,,,,,,,,,,,,,,,,,,,
2023,2021013020,2023-06-11,1500139.0,小澤 怜史,45.0,,2,,,,,,,,,,,,,,,,,,,1.0,1.0,,2.0,1.0,2.6,6.0,6.0,,,0.0,4.0,1.0,1.0,0.0,,1.0,4.0,0.0,,22.0,69.0
2023,2021013020,2023-06-11,1600075.0,星 知弥,24.0,,2,,,,,,,,,,,,,,,,,,,2.0,1.0,0.0,1.0,1.0,4.19,0.3333333333333333,0.1,,,0.0,2.0,1.0,1.0,0.0,,1.0,0.0,0.0,,4.0,15.0
2023,2021013020,2023-06-11,1600129.0,源田 壮亮,6.0,遊,7,1.0,1.0,4.0,3.0,0.0,0.0,0.0,0.0,0.0,0.0,0.0,,1.0,1.0,0.0,0.0,0.0,0.0,,,,,,,,,,,,,,,,,,,,,,
2023,2021013020,2023-06-11,1600130.0,鈴木 将平,46.0,左,7,1.0,1.0,4.0,4.0,1.0,2.0,0.0,0.0,0.0,0.0,0.0,,0.0,0.0,0.0,0.0,0.0,0.0,,,,,,,,,,,,,,,,,,,,,,
2023,2021013020,2023-06-11,1700084.0,村上 宗隆,55.0,三,2,1.0,1.0,4.0,4.0,0.0,1.0,0.0,0.0,0.0,0.0,0.0,,0.0,3.0,0.0,0.0,0.0,0.0,,,,,,,,,,,,,,,,,,,,,,
2023,2021013020,2023-06-11,1700124.0,平良 海馬,61.0,,7,,,,,,,,,,,,,,,,,,,1.0,1.0,,4.0,2.0,2.05,7.0,7.0,,,0.0,7.0,3.0,2.0,0.0,,0.0,12.0,0.0,,28.0,112.0
2023,2021013020,2023-06-11,1750472.0,古賀 悠斗,22.0,捕,7,1.0,1.0,2.0,2.0,0.0,0.0,0.0,0.0,0.0,0.0,0.0,,0.0,0.0,0.0,0.0,0.0,0.0,,,,,,,,,,,,,,,,,,,,,,
2023,2021013020,2023-06-11,1800033.0,清水 昇,17.0,,2,,,,,,,,,,,,,,,,,,,4.0,1.0,0.0,0.0,1.0,1.8,1.0,1.0,,,0.0,1.0,0.0,0.0,0.0,,0.0,1.0,0.0,,4.0,23.0
2023,2021013020,2023-06-11,1800085.0,森脇 亮介,28.0,,7,,,,,,,,,,,,,,,,,,,3.0,1.0,0.0,1.0,1.0,2.0,1.0,1.0,,,2.0,0.0,0.0,0.0,0.0,,1.0,1.0,0.0,,4.0,11.0
2023,2021013020,2023-06-11,1900028.0,長岡 秀樹,7.0,遊,2,1.0,1.0,4.0,4.0,1.0,1.0,0.0,0.0,0.0,0.0,0.0,,0.0,2.0,0.0,0.0,0.0,0.0,,,,,,,,,,,,,,,,,,,,,,
2023,2021013020,2023-06-11,1900029.0,武岡 龍世,60.0,二,2,1.0,1.0,4.0,3.0,0.0,1.0,0.0,0.0,0.0,0.0,0.0,,0.0,2.0,0.0,1.0,0.0,0.0,,,,,,,,,,,,,,,,,,,,,,
2023,2021013020,2023-06-11,2000024.0,木澤 尚文,20.0,,2,,,,,,,,,,,,,,,,,,,3.0,1.0,0.0,1.0,1.0,3.43,0.6666666666666666,0.2,,,0.0,0.0,0.0,0.0,0.0,,1.0,1.0,0.0,,3.0,20.0
2023,2021013020,2023-06-11,2000026.0,内山 壮真,33.0,中左,2,1.0,1.0,4.0,4.0,0.0,1.0,0.0,0.0,0.0,0.0,0.0,,0.0,0.0,0.0,0.0,0.0,0.0,,,,,,,,,,,,,,,,,,,,,,
2023,2021013020,2023-06-11,2000028.0,並木 秀尊,0.0,中,2,1.0,0.0,0.0,0.0,0.0,0.0,0.0,0.0,0.0,0.0,0.0,,0.0,0.0,0.0,0.0,0.0,0.0,,,,,,,,,,,,,,,,,,,,,,
2023,2021013020,2023-06-11,2000067.0,渡部 健人,8.0,一,7,1.0,1.0,2.0,2.0,0.0,1.0,0.0,0.0,0.0,0.0,0.0,,0.0,0.0,0.0,0.0,0.0,1.0,,,,,,,,,,,,,,,,,,,,,,
2023,2021013020,2023-06-11,2000070.0,若林 楽人,35.0,右,7,1.0,1.0,4.0,4.0,0.0,0.0,0.0,0.0,0.0,0.0,0.0,,0.0,1.0,0.0,0.0,0.0,0.0,,,,,,,,,,,,,,,,,,,,,,
2023,2021013020,2023-06-11,2000075.0,長谷川 信哉,63.0,中,7,1.0,1.0,4.0,4.0,0.0,1.0,0.0,0.0,0.0,0.0,0.0,,0.0,0.0,0.0,0.0,0.0,0.0,,,,,,,,,,,,,,,,,,,,,,
2023,2021013020,2023-06-11,2000133.0,オスナ,13.0,一,2,1.0,1.0,4.0,3.0,0.0,1.0,0.0,0.0,0.0,2.0,0.0,,1.0,1.0,0.0,0.0,0.0,0.0,,,,,,,,,,,,,,,,,,,,,,
2023,2021013020,2023-06-11,2000135.0,サンタナ,25.0,右,2,1.0,1.0,4.0,4.0,0.0,0.0,0.0,0.0,0.0,0.0,0.0,,0.0,0.0,0.0,0.0,0.0,0.0,,,,,,,,,,,,,,,,,,,,,,
2023,2021013020,2023-06-11,2103714.0,佐藤 隼輔,19.0,,7,,,,,,,,,,,,,,,,,,,2.0,1.0,0.0,1.0,1.0,1.64,1.0,1.0,,,0.0,1.0,0.0,0.0,0.0,,0.0,1.0,0.0,,4.0,14.0
2023,2021013020,2023-06-11,2103949.0,古市 尊,65.0,打捕,7,1.0,0.0,2.0,2.0,0.0,1.0,0.0,0.0,0.0,0.0,0.0,,0.0,0.0,0.0,0.0,0.0,0.0,,,,,,,,,,,,,,,,,,,,,,
2023,2021013020,2023-06-11,2105684.0,児玉 亮涼,0.0,走指,7,1.0,0.0,1.0,1.0,1.0,0.0,0.0,0.0,0.0,0.0,0.0,,0.0,1.0,0.0,0.0,0.0,0.0,,,,,,,,,,,,,,,,,,,,,,
2023,2021013020,2023-06-11,2108196.0,マキノン,30.0,三一,7,1.0,1.0,4.0,4.0,0.0,1.0,0.0,0.0,0.0,0.0,0.0,,0.0,2.0,0.0,0.0,0.0,0.0,,,,,,,,,,,,,,,,,,,,,,
2023,2021013021,2023-06-11,700087.0,角中 勝也,3.0,指,9,1.0,1.0,4.0,4.0,0.0,1.0,1.0,0.0,0.0,2.0,0.0,,0.0,1.0,0.0,0.0,0.0,0.0,,,,,,,,,,,,,,,,,,,,,,
2023,2021013021,2023-06-11,800041.0,松山 竜平,55.0,指,6,1.0,1.0,4.0,3.0,1.0,1.0,0.0,0.0,0.0,0.0,0.0,,1.0,1.0,0.0,0.0,0.0,0.0,,,,,,,,,,,,,,,,,,,,,,
2023,2021013021,2023-06-11,900430.0,堂林 翔太,7.0,打,6,1.0,0.0,0.0,0.0,0.0,0.0,0.0,0.0,0.0,0.0,0.0,,0.0,0.0,0.0,0.0,0.0,0.0,,,,,,,,,,,,,,,,,,,,,,
2023,2021013021,2023-06-11,1000150.0,秋山 翔吾,9.0,中,6,1.0,1.0,5.0,5.0,1.0,1.0,0.0,0.0,0.0,1.0,1.0,,0.0,2.0,0.0,0.0,0.0,1.0,,,,,,,,,,,,,,,,,,,,,,
2023,2021013021,2023-06-11,1100082.0,菊池 涼介,33.0,打指,6,1.0,0.0,1.0,0.0,0.0,0.0,0.0,0.0,0.0,0.0,0.0,,1.0,0.0,0.0,0.0,0.0,0.0,,,,,,,,,,,,,,,,,,,,,,
2023,2021013021,2023-06-11,1100104.0,益田 直也,52.0,,9,,,,,,,,,,,,,,,,,,,4.0,1.0,0.0,1.0,0.0,1.9,1.0,1.0,,,16.0,3.0,1.0,1.0,0.0,,1.0,2.0,0.0,,7.0,29.0
2023,2021013021,2023-06-11,1300044.0,岡 大海,25.0,右,9,1.0,1.0,4.0,4.0,1.0,2.0,0.0,0.0,0.0,0.0,0.0,,0.0,1.0,0.0,0.0,0.0,0.0,,,,,,,,,,,,,,,,,,,,,,
2023,2021013021,2023-06-11,1300059.0,田中 広輔,2.0,遊,6,1.0,1.0,5.0,4.0,1.0,1.0,0.0,0.0,0.0,2.0,0.0,,1.0,2.0,0.0,0.0,0.0,0.0,,,,,,,,,,,,,,,,,,,,,,
2023,2021013021,2023-06-11,1300061.0,中村 祐太,67.0,,6,,,,,,,,,,,,,,,,,,,4.0,1.0,0.0,0.0,0.0,0.0,2.0,2.0,,,0.0,1.0,0.0,0.0,0.0,,0.0,0.0,0.0,,7.0,31.0
2023,2021013021,2023-06-11,1300082.0,曽根 海成,0.0,走指,6,1.0,0.0,0.0,0.0,1.0,0.0,0.0,0.0,0.0,0.0,0.0,,0.0,0.0,0.0,0.0,0.0,0.0,,,,,,,,,,,,,,,,,,,,,,
2023,2021013021,2023-06-11,1400173.0,野間 峻祥,37.0,右,6,1.0,1.0,5.0,5.0,0.0,2.0,0.0,0.0,0.0,0.0,0.0,,0.0,2.0,0.0,0.0,0.0,0.0,,,,,,,,,,,,,,,,,,,,,,
2023,2021013021,2023-06-11,1400188.0,中村 奨吾,8.0,二,9,1.0,1.0,4.0,3.0,2.0,2.0,0.0,0.0,0.0,0.0,0.0,,1.0,1.0,0.0,0.0,0.0,0.0,,,,,,,,,,,,,,,,,,,,,,
2023,2021013021,2023-06-11,1460004.0,デビッドソン,95.0,三,6,1.0,1.0,4.0,4.0,0.0,2.0,0.0,0.0,0.0,0.0,0.0,,0.0,0.0,0.0,0.0,0.0,0.0,,,,,,,,,,,,,,,,,,,,,,
2023,2021013021,2023-06-11,1500096.0,西川 龍馬,5.0,左,6,1.0,1.0,5.0,5.0,1.0,1.0,0.0,0.0,0.0,0.0,0.0,,0.0,0.0,0.0,0.0,0.0,0.0,,,,,,,,,,,,,,,,,,,,,,
2023,2021013021,2023-06-11,1500141.0,茶谷 健太,67.0,一,9,1.0,1.0,4.0,2.0,0.0,0.0,0.0,0.0,0.0,0.0,0.0,,2.0,0.0,0.0,0.0,0.0,0.0,,,,,,,,,,,,,,,,,,,,,,
2023,2021013021,2023-06-11,1600124.0,坂倉 将吾,31.0,捕,6,1.0,1.0,5.0,5.0,0.0,1.0,0.0,0.0,0.0,0.0,0.0,,0.0,2.0,0.0,0.0,0.0,0.0,,,,,,,,,,,,,,,,,,,,,,
2023,2021013021,2023-06-11,1660014.0,ペルドモ,55.0,,9,,,,,,,,,,,,,,,,,,,3.0,1.0,0.0,0.0,0.0,1.88,0.3333333333333333,0.1,,,1.0,0.0,0.0,0.0,0.0,,1.0,0.0,0.0,,2.0,14.0
2023,2021013021,2023-06-11,1700092.0,安田 尚憲,5.0,三,9,1.0,0.0,0.0,0.0,0.0,0.0,0.0,0.0,0.0,0.0,0.0,,0.0,0.0,0.0,0.0,0.0,0.0,,,,,,,,,,,,,,,,,,,,,,
2023,2021013021,2023-06-11,1700093.0,藤岡 裕大,4.0,遊,9,1.0,1.0,4.0,3.0,0.0,1.0,0.0,0.0,0.0,0.0,0.0,,0.0,0.0,0.0,1.0,0.0,0.0,,,,,,,,,,,,,,,,,,,,,,
2023,2021013021,2023-06-11,1700095.0,菅野 剛士,31.0,打,9,1.0,0.0,1.0,1.0,0.0,0.0,0.0,0.0,0.0,0.0,0.0,,0.0,0.0,0.0,0.0,0.0,0.0,,,,,,,,,,,,,,,,,,,,,,
2023,2021013021,2023-06-11,1700098.0,和田 康士朗,63.0,中,9,1.0,0.0,0.0,0.0,0.0,0.0,0.0,0.0,0.0,0.0,0.0,,0.0,0.0,0.0,0.0,0.0,0.0,,,,,,,,,,,,,,,,,,,,,,
2023,2021013021,2023-06-11,1750941.0,黒原 拓未,24.0,,6,,,,,,,,,,,,,,,,,,,1.0,1.0,,0.0,1.0,10.24,4.333333333333333,4.1,,,0.0,6.0,5.0,5.0,1.0,,3.0,3.0,0.0,,21.0,80.0
2023,2021013021,2023-06-11,1800037.0,坂本 光士郎,36.0,,9,,,,,,,,,,,,,,,,,,,2.0,1.0,0.0,0.0,0.0,2.66,0.6666666666666666,0.2,,,0.0,2.0,2.0,2.0,0.0,,1.0,0.0,0.0,,5.0,20.0
2023,2021013021,2023-06-11,1800050.0,藤原 恭大,1.0,中,9,1.0,1.0,4.0,3.0,1.0,1.0,0.0,0.0,0.0,0.0,0.0,,1.0,0.0,0.0,0.0,0.0,0.0,,,,,,,,,,,,,,,,,,,,,,
2023,2021013021,2023-06-11,1800053.0,山口 航輝,51.0,左,9,1.0,1.0,4.0,3.0,2.0,1.0,0.0,0.0,1.0,4.0,0.0,,1.0,0.0,0.0,0.0,0.0,0.0,,,,,,,,,,,,,,,,,,,,,,
2023,2021013021,2023-06-11,1800074.0,林 晃汰,44.0,打一,6,1.0,0.0,1.0,0.0,0.0,0.0,0.0,0.0,0.0,0.0,0.0,,1.0,0.0,0.0,0.0,0.0,0.0,,,,,,,,,,,,,,,,,,,,,,
2023,2021013021,2023-06-11,1800078.0,羽月 隆太郎,69.0,二,6,1.0,1.0,4.0,4.0,0.0,1.0,0.0,0.0,0.0,2.0,0.0,,0.0,1.0,0.0,0.0,0.0,0.0,,,,,,,,,,,,,,,,,,,,,,
2023,2021013021,2023-06-11,1900055.0,韮澤 雄也,54.0,一,6,1.0,1.0,3.0,3.0,0.0,0.0,0.0,0.0,0.0,0.0,0.0,,0.0,2.0,0.0,0.0,0.0,0.0,,,,,,,,,,,,,,,,,,,,,,
2023,2021013021,2023-06-11,1900080.0,佐々木 朗希,17.0,,9,,,,,,,,,,,,,,,,,,,1.0,1.0,,5.0,1.0,1.41,7.0,7.0,,,0.0,5.0,2.0,2.0,0.0,,1.0,10.0,0.0,,28.0,109.0
2023,2021013021,2023-06-11,1900081.0,佐藤 都志也,32.0,捕,9,1.0,1.0,4.0,4.0,0.0,0.0,0.0,0.0,0.0,0.0,0.0,,0.0,0.0,0.0,0.0,0.0,0.0,,,,,,,,,,,,,,,,,,,,,,
2023,2021013021,2023-06-11,1900097.0,大下 誠一郎,39.0,三,9,1.0,1.0,3.0,3.0,0.0,0.0,0.0,0.0,0.0,0.0,0.0,,0.0,1.0,0.0,0.0,0.0,0.0,,,,,,,,,,,,,,,,,,,,,,
2023,2021013021,2023-06-11,2000061.0,森浦 大輔,13.0,,6,,,,,,,,,,,,,,,,,,,3.0,1.0,0.0,0.0,0.0,0.0,1.0,1.0,,,0.0,0.0,0.0,0.0,0.0,,0.0,0.0,0.0,,3.0,6.0
2023,2021013021,2023-06-11,2000062.0,大道 温貴,12.0,,6,,,,,,,,,,,,,,,,,,,2.0,1.0,0.0,0.0,0.0,6.57,0.6666666666666666,0.2,,,0.0,1.0,1.0,1.0,0.0,,2.0,1.0,0.0,,5.0,20.0
2023,2021013022,2023-06-11,600003.0,大和,9.0,遊,3,1.0,1.0,4.0,4.0,0.0,0.0,0.0,0.0,0.0,0.0,0.0,,0.0,1.0,0.0,0.0,0.0,0.0,,,,,,,,,,,,,,,,,,,,,,
2023,2021013022,2023-06-11,1000011.0,山田 修義,57.0,,11,,,,,,,,,,,,,,,,,,,4.0,1.0,0.0,0.0,0.0,1.29,1.0,1.0,,,0.0,0.0,0.0,0.0,0.0,,0.0,2.0,0.0,,3.0,7.0
2023,2021013022,2023-06-11,1100061.0,桑原 将志,1.0,中,3,1.0,1.0,4.0,4.0,1.0,1.0,0.0,0.0,1.0,1.0,0.0,,0.0,0.0,0.0,0.0,0.0,0.0,,,,,,,,,,,,,,,,,,,,,,
2023,2021013022,2023-06-11,1100105.0,安達 了一,3.0,二,11,1.0,1.0,3.0,3.0,0.0,0.0,0.0,0.0,0.0,0.0,0.0,,0.0,1.0,0.0,0.0,0.0,0.0,,,,,,,,,,,,,,,,,,,,,,
2023,2021013022,2023-06-11,1200053.0,宮崎 敏郎,51.0,三,3,1.0,1.0,4.0,4.0,2.0,2.0,1.0,0.0,1.0,4.0,0.0,,0.0,0.0,0.0,0.0,0.0,0.0,,,,,,,,,,,,,,,,,,,,,,
2023,2021013022,2023-06-11,1300038.0,関根 大気,63.0,右左,3,1.0,1.0,5.0,5.0,0.0,1.0,0.0,0.0,0.0,0.0,0.0,,0.0,1.0,0.0,0.0,0.0,0.0,,,,,,,,,,,,,,,,,,,,,,
2023,2021013022,2023-06-11,1300100.0,森 友哉,4.0,捕,11,1.0,1.0,4.0,4.0,0.0,0.0,0.0,0.0,0.0,0.0,0.0,,0.0,0.0,0.0,0.0,0.0,0.0,,,,,,,,,,,,,,,,,,,,,,
2023,2021013022,2023-06-11,1400196.0,宗 佑磨,6.0,三,11,1.0,1.0,4.0,4.0,0.0,0.0,0.0,0.0,0.0,0.0,0.0,,0.0,0.0,0.0,0.0,0.0,0.0,,,,,,,,,,,,,,,,,,,,,,
2023,2021013022,2023-06-11,1450639.0,小木田 敦也,56.0,,11,,,,,,,,,,,,,,,,,,,2.0,1.0,0.0,1.0,0.0,2.93,2.0,2.0,,,0.0,0.0,0.0,0.0,0.0,,0.0,1.0,0.0,,6.0,23.0
2023,2021013022,2023-06-11,1500063.0,柴田 竜拓,31.0,三,3,1.0,0.0,0.0,0.0,0.0,0.0,0.0,0.0,0.0,0.0,0.0,,0.0,0.0,0.0,0.0,0.0,0.0,,,,,,,,,,,,,,,,,,,,,,
2023,2021013022,2023-06-11,1500064.0,戸柱 恭孝,10.0,捕,3,1.0,1.0,4.0,4.0,0.0,0.0,0.0,0.0,0.0,0.0,0.0,,0.0,1.0,0.0,0.0,0.0,0.0,,,,,,,,,,,,,,,,,,,,,,
2023,2021013022,2023-06-11,1500135.0,杉本 裕太郎,99.0,左,11,1.0,1.0,4.0,3.0,0.0,1.0,0.0,0.0,0.0,0.0,0.0,,1.0,0.0,0.0,0.0,0.0,0.0,,,,,,,,,,,,,,,,,,,,,,
2023,2021013022,2023-06-11,1561880.0,ウェンデルケン,49.0,,3,,,,,,,,,,,,,,,,,,,2.0,1.0,0.0,1.0,1.0,1.35,1.0,1.0,,,0.0,0.0,0.0,0.0,0.0,,0.0,3.0,0.0,,3.0,16.0
2023,2021013022,2023-06-11,1600089.0,佐野 恵太,7.0,左一,3,1.0,1.0,4.0,4.0,2.0,0.0,0.0,0.0,0.0,0.0,0.0,,0.0,0.0,0.0,0.0,0.0,0.0,,,,,,,,,,,,,,,,,,,,,,
2023,2021013022,2023-06-11,1600107.0,京田 陽太,98.0,遊,3,1.0,0.0,0.0,0.0,0.0,0.0,0.0,0.0,0.0,0.0,0.0,,0.0,0.0,0.0,0.0,0.0,0.0,,,,,,,,,,,,,,,,,,,,,,
2023,2021013022,2023-06-11,1700020.0,ソト,99.0,一,3,1.0,1.0,4.0,3.0,0.0,1.0,1.0,0.0,0.0,1.0,0.0,,1.0,0.0,0.0,0.0,0.0,0.0,,,,,,,,,,,,,,,,,,,,,,
2023,2021013022,2023-06-11,1700059.0,神里 和毅,8.0,走右,3,1.0,0.0,0.0,0.0,0.0,0.0,0.0,0.0,0.0,0.0,0.0,,0.0,0.0,0.0,0.0,0.0,0.0,,,,,,,,,,,,,,,,,,,,,,
2023,2021013022,2023-06-11,1751068.0,野口 智哉,9.0,中,11,1.0,1.0,3.0,3.0,1.0,1.0,0.0,0.0,0.0,0.0,0.0,,0.0,1.0,0.0,0.0,0.0,0.0,,,,,,,,,,,,,,,,,,,,,,
2023,2021013022,2023-06-11,1800043.0,上茶谷 大河,27.0,,3,,,,,,,,,,,,,,,,,,,4.0,1.0,0.0,1.0,0.0,1.11,1.0,1.0,,,0.0,1.0,1.0,1.0,1.0,,0.0,2.0,0.0,,4.0,22.0
2023,2021013022,2023-06-11,1800045.0,大貫 晋一,16.0,,3,,,,,,,,,,,,,,,,,,,1.0,1.0,,2.0,1.0,3.38,6.0,6.0,,,0.0,6.0,3.0,3.0,1.0,,1.0,1.0,0.0,,24.0,80.0
2023,2021013022,2023-06-11,1800099.0,頓宮 裕真,44.0,一,11,1.0,1.0,4.0,4.0,2.0,2.0,0.0,0.0,2.0,2.0,0.0,,0.0,0.0,0.0,0.0,0.0,0.0,,,,,,,,,,,,,,,,,,,,,,
2023,2021013022,2023-06-11,1800104.0,中川 圭太,67.0,指,11,1.0,1.0,4.0,4.0,0.0,1.0,0.0,0.0,0.0,0.0,0.0,,0.0,2.0,0.0,0.0,0.0,0.0,,,,,,,,,,,,,,,,,,,,,,
2023,2021013022,2023-06-11,1900032.0,伊勢 大夢,13.0,,3,,,,,,,,,,,,,,,,,,,3.0,1.0,0.0,2.0,1.0,1.25,1.0,1.0,,,1.0,0.0,0.0,0.0,0.0,,0.0,1.0,0.0,,3.0,6.0
2023,2021013022,2023-06-11,1900087.0,宮城 大弥,13.0,,11,,,,,,,,,,,,,,,,,,,1.0,1.0,,5.0,2.0,2.76,5.0,5.0,,,0.0,7.0,8.0,8.0,3.0,,2.0,0.0,0.0,,24.0,83.0
2023,2021013022,2023-06-11,1900088.0,紅林 弘太郎,24.0,遊,11,1.0,1.0,4.0,4.0,1.0,1.0,0.0,0.0,0.0,0.0,0.0,,0.0,2.0,0.0,0.0,0.0,0.0,,,,,,,,,,,,,,,,,,,,,,
2023,2021013022,2023-06-11,1900090.0,前 佑囲斗,43.0,,11,,,,,,,,,,,,,,,,,,,3.0,1.0,0.0,0.0,0.0,0.0,1.0,1.0,,,0.0,0.0,0.0,0.0,0.0,,1.0,0.0,0.0,,4.0,13.0
2023,2021013022,2023-06-11,1900126.0,オースティン,3.0,指,3,1.0,1.0,4.0,3.0,1.0,1.0,1.0,0.0,0.0,0.0,0.0,,1.0,0.0,0.0,0.0,0.0,0.0,,,,,,,,,,,,,,,,,,,,,,
2023,2021013022,2023-06-11,2000035.0,牧 秀悟,2.0,二,3,1.0,1.0,4.0,3.0,2.0,1.0,0.0,0.0,1.0,2.0,0.0,,1.0,0.0,0.0,0.0,0.0,0.0,,,,,,,,,,,,,,,,,,,,,,
2023,2021013022,2023-06-11,2107897.0,茶野 篤政,61.0,右,11,1.0,1.0,4.0,4.0,0.0,1.0,1.0,0.0,0.0,2.0,0.0,,0.0,1.0,0.0,0.0,0.0,0.0,,,,,,,,,,,,,,,,,,,,,,
2023,2021013023,2023-06-11,700003.0,坂本 勇人,6.0,遊,1,1.0,1.0,5.0,3.0,1.0,0.0,0.0,0.0,0.0,0.0,0.0,,2.0,1.0,0.0,0.0,0.0,0.0,,,,,,,,,,,,,,,,,,,,,,
2023,2021013023,2023-06-11,700027.0,梶谷 隆幸,13.0,左,1,1.0,1.0,2.0,2.0,0.0,0.0,0.0,0.0,0.0,0.0,0.0,,0.0,1.0,0.0,0.0,0.0,0.0,,,,,,,,,,,,,,,,,,,,,,
2023,2021013023,2023-06-11,800043.0,丸 佳浩,8.0,右,1,1.0,1.0,4.0,3.0,2.0,2.0,0.0,0.0,2.0,2.0,0.0,,1.0,0.0,0.0,0.0,0.0,0.0,,,,,,,,,,,,,,,,,,,,,,
2023,2021013023,2023-06-11,800054.0,中田 翔,10.0,一,1,1.0,1.0,4.0,4.0,0.0,0.0,0.0,0.0,0.0,0.0,0.0,,0.0,3.0,0.0,0.0,0.0,0.0,,,,,,,,,,,,,,,,,,,,,,
2023,2021013023,2023-06-11,800081.0,中村 晃,7.0,一,12,1.0,1.0,5.0,5.0,0.0,1.0,0.0,0.0,0.0,2.0,0.0,,0.0,3.0,0.0,0.0,0.0,0.0,,,,,,,,,,,,,,,,,,,,,,
2023,2021013023,2023-06-11,1000035.0,今宮 健太,6.0,遊,12,1.0,0.0,0.0,0.0,0.0,0.0,0.0,0.0,0.0,0.0,0.0,,0.0,0.0,0.0,0.0,0.0,0.0,,,,,,,,,,,,,,,,,,,,,,
2023,2021013023,2023-06-11,1000128.0,柳田 悠岐,9.0,指,12,1.0,1.0,5.0,4.0,0.0,0.0,0.0,0.0,0.0,0.0,0.0,,1.0,1.0,0.0,0.0,0.0,0.0,,,,,,,,,,,,,,,,,,,,,,
2023,2021013023,2023-06-11,1000175.0,牧原 大成,8.0,中,12,1.0,1.0,5.0,5.0,0.0,2.0,0.0,0.0,0.0,0.0,0.0,,0.0,0.0,0.0,0.0,0.0,0.0,,,,,,,,,,,,,,,,,,,,,,
2023,2021013023,2023-06-11,1000176.0,甲斐 拓也,19.0,捕,12,1.0,1.0,4.0,4.0,0.0,1.0,0.0,0.0,0.0,0.0,0.0,,0.0,2.0,0.0,0.0,0.0,0.0,,,,,,,,,,,,,,,,,,,,,,
2023,2021013023,2023-06-11,1100097.0,近藤 健介,3.0,左,12,1.0,1.0,5.0,4.0,0.0,1.0,0.0,0.0,0.0,0.0,0.0,,1.0,2.0,0.0,0.0,0.0,0.0,,,,,,,,,,,,,,,,,,,,,,
2023,2021013023,2023-06-11,1100115.0,武田 翔太,18.0,,12,,,,,,,,,,,,,,,,,,,4.0,1.0,0.0,0.0,2.0,7.36,1.6666666666666663,1.2,,,0.0,0.0,0.0,0.0,0.0,,1.0,2.0,0.0,,6.0,27.0
2023,2021013023,2023-06-11,1200041.0,菅野 智之,18.0,,1,,,,,,,,,,,,,,,,,,,1.0,1.0,,1.0,0.0,3.6,5.0,5.0,,,0.0,4.0,2.0,2.0,0.0,,3.0,4.0,1.0,,23.0,93.0
2023,2021013023,2023-06-11,1400101.0,岡本 和真,25.0,三一,1,1.0,1.0,4.0,3.0,0.0,0.0,0.0,0.0,0.0,1.0,0.0,,0.0,1.0,0.0,0.0,1.0,0.0,,,,,,,,,,,,,,,,,,,,,,
2023,2021013023,2023-06-11,1400127.0,栗原 陵矢,24.0,三,12,1.0,1.0,4.0,3.0,0.0,0.0,0.0,0.0,0.0,0.0,0.0,,1.0,1.0,0.0,0.0,0.0,0.0,,,,,,,,,,,,,,,,,,,,,,
2023,2021013023,2023-06-11,1400176.0,藤井 皓哉,48.0,,12,,,,,,,,,,,,,,,,,,,1.0,1.0,,5.0,3.0,2.35,3.0,3.0,,,0.0,1.0,0.0,0.0,0.0,,1.0,4.0,1.0,,12.0,53.0
2023,2021013023,2023-06-11,1500047.0,重信 慎之介,43.0,中,1,1.0,1.0,4.0,4.0,1.0,1.0,0.0,0.0,0.0,0.0,1.0,,0.0,0.0,0.0,0.0,0.0,0.0,,,,,,,,,,,,,,,,,,,,,,
2023,2021013023,2023-06-11,1500052.0,中川 皓太,41.0,,1,,,,,,,,,,,,,,,,,,,5.0,1.0,0.0,1.0,0.0,3.12,1.0,1.0,,,0.0,1.0,0.0,0.0,0.0,,1.0,2.0,0.0,,5.0,18.0
2023,2021013023,2023-06-11,1500140.0,谷川原 健太,45.0,打,12,1.0,0.0,1.0,1.0,0.0,0.0,0.0,0.0,0.0,0.0,0.0,,0.0,0.0,0.0,0.0,0.0,0.0,,,,,,,,,,,,,,,,,,,,,,
2023,2021013023,2023-06-11,1560184.0,オスナ,54.0,,12,,,,,,,,,,,,,,,,,,,7.0,1.0,0.0,0.0,0.0,0.5,1.0,1.0,,,11.0,2.0,1.0,1.0,1.0,,0.0,0.0,0.0,,4.0,15.0
2023,2021013023,2023-06-11,1600001.0,オコエ 瑠偉,50.0,打左,1,1.0,0.0,2.0,2.0,0.0,1.0,0.0,0.0,0.0,0.0,0.0,,0.0,0.0,0.0,0.0,0.0,0.0,,,,,,,,,,,,,,,,,,,,,,
2023,2021013023,2023-06-11,1600064.0,大江 竜聖,64.0,,1,,,,,,,,,,,,,,,,,,,2.0,1.0,0.0,3.0,0.0,3.46,0.3333333333333333,0.1,,,0.0,0.0,0.0,0.0,0.0,,1.0,0.0,1.0,,3.0,12.0
2023,2021013023,2023-06-11,1600100.0,高梨 雄平,53.0,,1,,,,,,,,,,,,,,,,,,,4.0,1.0,0.0,0.0,0.0,4.74,0.3333333333333333,0.1,,,0.0,0.0,0.0,0.0,0.0,,0.0,1.0,0.0,,1.0,5.0
2023,2021013023,2023-06-11,1600167.0,三森 大貴,13.0,二,12,1.0,1.0,4.0,3.0,1.0,1.0,0.0,0.0,0.0,0.0,1.0,,0.0,0.0,0.0,1.0,0.0,0.0,,,,,,,,,,,,,,,,,,,,,,
2023,2021013023,2023-06-11,1700011.0,モイネロ,35.0,,12,,,,,,,,,,,,,,,,,,,6.0,1.0,0.0,2.0,0.0,0.83,1.0,1.0,,,3.0,0.0,0.0,0.0,0.0,,0.0,2.0,0.0,,3.0,15.0
2023,2021013023,2023-06-11,1700044.0,大城 卓三,24.0,捕,1,1.0,1.0,4.0,4.0,0.0,0.0,0.0,0.0,0.0,0.0,0.0,,0.0,2.0,0.0,0.0,0.0,0.0,,,,,,,,,,,,,,,,,,,,,,
2023,2021013023,2023-06-11,1700133.0,田浦 文丸,56.0,,12,,,,,,,,,,,,,,,,,,,3.0,1.0,0.0,0.0,0.0,0.52,0.0,0.0,,,0.0,2.0,0.0,0.0,0.0,,0.0,0.0,0.0,,2.0,3.0
2023,2021013023,2023-06-11,1700134.0,尾形 崇斗,39.0,,12,,,,,,,,,,,,,,,,,,,2.0,1.0,0.0,0.0,1.0,8.1,1.3333333333333333,1.1,,,0.0,2.0,3.0,3.0,1.0,,1.0,0.0,0.0,,7.0,36.0
2023,2021013023,2023-06-11,1900102.0,津森 宥紀,11.0,,12,,,,,,,,,,,,,,,,,,,5.0,1.0,0.0,3.0,1.0,3.04,1.0,1.0,,,0.0,0.0,0.0,0.0,0.0,,0.0,1.0,0.0,,3.0,15.0
2023,2021013023,2023-06-11,1900104.0,柳町 達,32.0,右,12,1.0,1.0,4.0,2.0,0.0,0.0,0.0,0.0,0.0,0.0,0.0,,2.0,1.0,0.0,0.0,0.0,0.0,,,,,,,,,,,,,,,,,,,,,,
2023,2021013023,2023-06-11,1960962.0,ビーディ,33.0,,1,,,,,,,,,,,,,,,,,,,6.0,1.0,0.0,0.0,4.0,5.06,1.0,1.0,,,0.0,0.0,0.0,0.0,0.0,,0.0,1.0,0.0,,3.0,13.0
2023,2021013023,2023-06-11,2000007.0,中山 礼都,40.0,二,1,1.0,1.0,4.0,4.0,0.0,2.0,0.0,0.0,0.0,0.0,1.0,,0.0,0.0,0.0,0.0,0.0,0.0,,,,,,,,,,,,,,,,,,,,,,
2023,2021013023,2023-06-11,2000009.0,秋広 優人,55.0,指,1,1.0,1.0,4.0,3.0,0.0,1.0,0.0,0.0,0.0,1.0,0.0,,0.0,1.0,1.0,0.0,0.0,0.0,,,,,,,,,,,,,,,,,,,,,,
2023,2021013023,2023-06-11,2103697.0,大勢,15.0,,1,,,,,,,,,,,,,,,,,,,7.0,1.0,0.0,2.0,0.0,2.86,1.0,1.0,,,12.0,1.0,0.0,0.0,0.0,,0.0,1.0,0.0,,4.0,8.0
2023,2021013023,2023-06-11,2103705.0,菊地 大稀,96.0,,1,,,,,,,,,,,,,,,,,,,3.0,1.0,0.0,1.0,1.0,3.71,0.3333333333333333,0.1,,,0.0,0.0,0.0,0.0,0.0,,0.0,1.0,0.0,,1.0,6.0
2023,2021013023,2023-06-11,2104035.0,野村 勇,99.0,遊,12,1.0,1.0,3.0,1.0,1.0,0.0,0.0,0.0,0.0,0.0,0.0,,0.0,0.0,2.0,0.0,0.0,0.0,,,,,,,,,,,,,,,,,,,,,,
2023,2021013023,2023-06-11,2107874.0,門脇 誠,35.0,三,1,1.0,0.0,0.0,0.0,0.0,0.0,0.0,0.0,0.0,0.0,0.0,,0.0,0.0,0.0,0.0,0.0,0.0,,,,,,,,,,,,,,,,,,,,,,
2023,2021013024,2023-06-13,700003.0,坂本 勇人,6.0,遊,1,1.0,1.0,4.0,4.0,0.0,1.0,0.0,0.0,0.0,0.0,0.0,,0.0,1.0,0.0,0.0,0.0,0.0,,,,,,,,,,,,,,,,,,,,,,
2023,2021013024,2023-06-13,700027.0,梶谷 隆幸,13.0,右,1,1.0,1.0,3.0,3.0,1.0,2.0,0.0,0.0,0.0,0.0,0.0,,0.0,1.0,0.0,0.0,0.0,0.0,,,,,,,,,,,,,,,,,,,,,,
2023,2021013024,2023-06-13,800043.0,丸 佳浩,8.0,中,1,1.0,1.0,4.0,4.0,1.0,1.0,0.0,0.0,1.0,1.0,0.0,,0.0,2.0,0.0,0.0,0.0,0.0,,,,,,,,,,,,,,,,,,,,,,
2023,2021013024,2023-06-13,800054.0,中田 翔,10.0,一,1,1.0,1.0,4.0,4.0,0.0,0.0,0.0,0.0,0.0,0.0,0.0,,0.0,0.0,0.0,0.0,0.0,0.0,,,,,,,,,,,,,,,,,,,,,,
2023,2021013024,2023-06-13,1200083.0,金子 侑司,7.0,打左,7,1.0,0.0,1.0,0.0,0.0,0.0,0.0,0.0,0.0,0.0,0.0,,1.0,0.0,0.0,0.0,0.0,0.0,,,,,,,,,,,,,,,,,,,,,,
2023,2021013024,2023-06-13,1400101.0,岡本 和真,25.0,三,1,1.0,1.0,4.0,3.0,0.0,1.0,1.0,0.0,0.0,1.0,0.0,,1.0,1.0,0.0,0.0,0.0,0.0,,,,,,,,,,,,,,,,,,,,,,
2023,2021013024,2023-06-13,1400184.0,外崎 修汰,5.0,二,7,1.0,1.0,4.0,2.0,0.0,2.0,0.0,0.0,0.0,0.0,0.0,,2.0,0.0,0.0,0.0,0.0,0.0,,,,,,,,,,,,,,,,,,,,,,
2023,2021013024,2023-06-13,1500100.0,川越 誠司,72.0,右,7,1.0,1.0,4.0,3.0,0.0,0.0,0.0,0.0,0.0,0.0,0.0,,1.0,1.0,0.0,0.0,0.0,0.0,,,,,,,,,,,,,,,,,,,,,,
2023,2021013024,2023-06-13,1500112.0,平沼 翔太,31.0,三,7,1.0,1.0,4.0,4.0,0.0,0.0,0.0,0.0,0.0,0.0,0.0,,0.0,1.0,0.0,0.0,0.0,0.0,,,,,,,,,,,,,,,,,,,,,,
2023,2021013024,2023-06-13,1600001.0,オコエ 瑠偉,50.0,右左,1,1.0,0.0,1.0,1.0,0.0,0.0,0.0,0.0,0.0,0.0,0.0,,0.0,1.0,0.0,0.0,0.0,0.0,,,,,,,,,,,,,,,,,,,,,,
2023,2021013024,2023-06-13,1600059.0,吉川 尚輝,2.0,打二,1,1.0,0.0,1.0,0.0,0.0,0.0,0.0,0.0,0.0,0.0,0.0,,1.0,0.0,0.0,0.0,0.0,0.0,,,,,,,,,,,,,,,,,,,,,,
2023,2021013024,2023-06-13,1600070.0,松原 聖弥,59.0,走右,1,1.0,0.0,0.0,0.0,0.0,0.0,0.0,0.0,0.0,0.0,0.0,,0.0,0.0,0.0,0.0,0.0,0.0,,,,,,,,,,,,,,,,,,,,,,
2023,2021013024,2023-06-13,1600100.0,高梨 雄平,53.0,投,1,1.0,0.0,0.0,0.0,0.0,0.0,0.0,0.0,0.0,0.0,0.0,,0.0,0.0,0.0,0.0,0.0,0.0,2.0,1.0,0.0,0.0,0.0,4.5,1.0,1.0,,,0.0,0.0,0.0,0.0,0.0,,0.0,2.0,0.0,,3.0,14.0
2023,2021013024,2023-06-13,1600129.0,源田 壮亮,6.0,遊,7,1.0,1.0,4.0,4.0,0.0,2.0,1.0,0.0,0.0,0.0,0.0,,0.0,2.0,0.0,0.0,0.0,0.0,,,,,,,,,,,,,,,,,,,,,,
2023,2021013024,2023-06-13,1600130.0,鈴木 将平,46.0,左,7,1.0,1.0,4.0,4.0,0.0,0.0,0.0,0.0,0.0,0.0,0.0,,0.0,0.0,0.0,0.0,0.0,0.0,,,,,,,,,,,,,,,,,,,,,,
2023,2021013024,2023-06-13,1660388.0,メンデス,65.0,投,1,1.0,1.0,2.0,2.0,0.0,1.0,0.0,0.0,0.0,0.0,0.0,,0.0,1.0,0.0,0.0,0.0,0.0,1.0,1.0,,1.0,1.0,1.56,6.0,6.0,,,0.0,4.0,0.0,0.0,0.0,,2.0,6.0,0.0,,23.0,96.0
2023,2021013024,2023-06-13,1660539.0,ボー・タカハシ,42.0,投,7,1.0,0.0,0.0,0.0,0.0,0.0,0.0,0.0,0.0,0.0,0.0,,0.0,0.0,0.0,0.0,0.0,0.0,2.0,1.0,0.0,0.0,0.0,2.93,1.0,1.0,,,0.0,1.0,0.0,0.0,0.0,,0.0,3.0,0.0,,4.0,23.0
2023,2021013024,2023-06-13,1700044.0,大城 卓三,24.0,捕,1,1.0,1.0,4.0,3.0,0.0,0.0,0.0,0.0,0.0,1.0,0.0,,0.0,3.0,0.0,1.0,0.0,0.0,,,,,,,,,,,,,,,,,,,,,,
2023,2021013024,2023-06-13,1800080.0,松本 航,17.0,投,7,1.0,1.0,2.0,1.0,0.0,0.0,0.0,0.0,0.0,0.0,0.0,,0.0,1.0,0.0,1.0,0.0,0.0,1.0,1.0,,3.0,5.0,3.88,6.0,6.0,,,0.0,7.0,3.0,3.0,1.0,,4.0,6.0,0.0,,27.0,109.0
2023,2021013024,2023-06-13,1960962.0,ビーディ,33.0,投,1,1.0,0.0,0.0,0.0,0.0,0.0,0.0,0.0,0.0,0.0,0.0,,0.0,0.0,0.0,0.0,0.0,0.0,3.0,1.0,0.0,0.0,4.0,4.88,1.0,1.0,,,0.0,1.0,0.0,0.0,0.0,,2.0,0.0,0.0,,5.0,27.0
2023,2021013024,2023-06-13,2000007.0,中山 礼都,40.0,二,1,1.0,1.0,3.0,3.0,0.0,0.0,0.0,0.0,0.0,0.0,0.0,,0.0,1.0,0.0,0.0,0.0,0.0,,,,,,,,,,,,,,,,,,,,,,
2023,2021013024,2023-06-13,2000009.0,秋広 優人,55.0,左,1,1.0,1.0,4.0,2.0,1.0,2.0,0.0,0.0,0.0,0.0,0.0,,2.0,0.0,0.0,0.0,0.0,0.0,,,,,,,,,,,,,,,,,,,,,,
2023,2021013024,2023-06-13,2000068.0,佐々木 健,26.0,投,7,1.0,0.0,0.0,0.0,0.0,0.0,0.0,0.0,0.0,0.0,0.0,,0.0,0.0,0.0,0.0,0.0,0.0,3.0,1.0,0.0,0.0,0.0,0.0,1.0,1.0,,,0.0,0.0,0.0,0.0,0.0,,0.0,2.0,0.0,,3.0,9.0
2023,2021013024,2023-06-13,2000075.0,長谷川 信哉,63.0,中,7,1.0,1.0,4.0,4.0,0.0,1.0,0.0,0.0,0.0,0.0,0.0,,0.0,2.0,0.0,0.0,0.0,0.0,,,,,,,,,,,,,,,,,,,,,,
2023,2021013024,2023-06-13,2103697.0,大勢,15.0,投,1,1.0,0.0,0.0,0.0,0.0,0.0,0.0,0.0,0.0,0.0,0.0,,0.0,0.0,0.0,0.0,0.0,0.0,4.0,1.0,0.0,2.0,0.0,2.74,1.0,1.0,,,13.0,0.0,0.0,0.0,0.0,,0.0,2.0,0.0,,3.0,15.0
2023,2021013024,2023-06-13,2103949.0,古市 尊,65.0,捕,7,1.0,1.0,3.0,3.0,0.0,0.0,0.0,0.0,0.0,0.0,0.0,,0.0,1.0,0.0,0.0,0.0,0.0,,,,,,,,,,,,,,,,,,,,,,
2023,2021013024,2023-06-13,2108196.0,マキノン,30.0,一,7,1.0,1.0,4.0,4.0,0.0,0.0,0.0,0.0,0.0,0.0,0.0,,0.0,2.0,0.0,0.0,0.0,0.0,,,,,,,,,,,,,,,,,,,,,,
2023,2021013025,2023-06-13,400021.0,青木 宣親,23.0,左,2,1.0,1.0,4.0,3.0,1.0,1.0,0.0,0.0,1.0,1.0,0.0,,1.0,0.0,0.0,0.0,0.0,0.0,,,,,,,,,,,,,,,,,,,,,,
2023,2021013025,2023-06-13,800081.0,中村 晃,7.0,一,12,1.0,1.0,5.0,5.0,2.0,2.0,0.0,0.0,1.0,1.0,0.0,,0.0,0.0,0.0,0.0,0.0,0.0,,,,,,,,,,,,,,,,,,,,,,
2023,2021013025,2023-06-13,900044.0,中村 悠平,27.0,捕,2,1.0,1.0,3.0,2.0,0.0,0.0,0.0,0.0,0.0,0.0,0.0,,0.0,1.0,0.0,1.0,0.0,0.0,,,,,,,,,,,,,,,,,,,,,,
2023,2021013025,2023-06-13,1000035.0,今宮 健太,6.0,遊,12,1.0,1.0,5.0,5.0,1.0,1.0,0.0,0.0,1.0,2.0,0.0,,0.0,0.0,0.0,0.0,0.0,0.0,,,,,,,,,,,,,,,,,,,,,,
2023,2021013025,2023-06-13,1000128.0,柳田 悠岐,9.0,右,12,1.0,1.0,4.0,4.0,0.0,3.0,1.0,0.0,0.0,0.0,0.0,,0.0,0.0,0.0,0.0,0.0,0.0,,,,,,,,,,,,,,,,,,,,,,
2023,2021013025,2023-06-13,1000132.0,山田 哲人,1.0,二,2,1.0,1.0,4.0,4.0,0.0,1.0,1.0,0.0,0.0,0.0,0.0,,0.0,0.0,0.0,0.0,0.0,0.0,,,,,,,,,,,,,,,,,,,,,,
2023,2021013025,2023-06-13,1000175.0,牧原 大成,8.0,二,12,1.0,1.0,4.0,4.0,0.0,1.0,0.0,0.0,0.0,0.0,0.0,,0.0,2.0,0.0,0.0,0.0,0.0,,,,,,,,,,,,,,,,,,,,,,
2023,2021013025,2023-06-13,1000176.0,甲斐 拓也,19.0,捕,12,1.0,1.0,4.0,4.0,0.0,0.0,0.0,0.0,0.0,0.0,0.0,,0.0,0.0,0.0,0.0,0.0,0.0,,,,,,,,,,,,,,,,,,,,,,
2023,2021013025,2023-06-13,1100097.0,近藤 健介,3.0,左,12,1.0,1.0,5.0,5.0,1.0,2.0,0.0,0.0,1.0,2.0,0.0,,0.0,0.0,0.0,0.0,0.0,0.0,,,,,,,,,,,,,,,,,,,,,,
2023,2021013025,2023-06-13,1200076.0,小川 泰弘,29.0,投,2,1.0,1.0,1.0,1.0,0.0,0.0,0.0,0.0,0.0,0.0,0.0,,0.0,0.0,0.0,0.0,0.0,0.0,1.0,1.0,,3.0,6.0,4.29,5.0,5.0,,,0.0,8.0,3.0,3.0,2.0,,1.0,3.0,0.0,,23.0,89.0
2023,2021013025,2023-06-13,1300079.0,上林 誠知,51.0,中右,12,1.0,0.0,1.0,1.0,0.0,0.0,0.0,0.0,0.0,0.0,0.0,,0.0,0.0,0.0,0.0,0.0,0.0,,,,,,,,,,,,,,,,,,,,,,
2023,2021013025,2023-06-13,1300092.0,今野 龍太,69.0,投,2,1.0,0.0,0.0,0.0,0.0,0.0,0.0,0.0,0.0,0.0,0.0,,0.0,0.0,0.0,0.0,0.0,0.0,3.0,1.0,0.0,0.0,0.0,2.38,2.0,2.0,,,0.0,0.0,0.0,0.0,0.0,,1.0,0.0,0.0,,7.0,27.0
2023,2021013025,2023-06-13,1400117.0,有原 航平,17.0,投,12,1.0,1.0,2.0,2.0,0.0,1.0,0.0,0.0,0.0,0.0,0.0,,0.0,1.0,0.0,0.0,0.0,0.0,1.0,1.0,,1.0,0.0,0.71,6.0,6.0,,,0.0,5.0,1.0,1.0,1.0,,1.0,2.0,0.0,,23.0,92.0
2023,2021013025,2023-06-13,1400124.0,太田 賢吾,46.0,打,2,1.0,0.0,1.0,1.0,0.0,0.0,0.0,0.0,0.0,0.0,0.0,,0.0,0.0,0.0,0.0,0.0,0.0,,,,,,,,,,,,,,,,,,,,,,
2023,2021013025,2023-06-13,1400127.0,栗原 陵矢,24.0,三,12,1.0,1.0,4.0,3.0,0.0,0.0,0.0,0.0,0.0,0.0,0.0,,1.0,1.0,0.0,0.0,0.0,0.0,,,,,,,,,,,,,,,,,,,,,,
2023,2021013025,2023-06-13,1500044.0,山崎 晃大朗,31.0,中,2,1.0,0.0,0.0,0.0,0.0,0.0,0.0,0.0,0.0,0.0,0.0,,0.0,0.0,0.0,0.0,0.0,0.0,,,,,,,,,,,,,,,,,,,,,,
2023,2021013025,2023-06-13,1500140.0,谷川原 健太,45.0,左,12,1.0,0.0,0.0,0.0,0.0,0.0,0.0,0.0,0.0,0.0,0.0,,0.0,0.0,0.0,0.0,0.0,0.0,,,,,,,,,,,,,,,,,,,,,,
2023,2021013025,2023-06-13,1550517.0,大津 亮介,26.0,投,12,1.0,0.0,0.0,0.0,0.0,0.0,0.0,0.0,0.0,0.0,0.0,,0.0,0.0,0.0,0.0,0.0,0.0,3.0,1.0,0.0,0.0,0.0,3.1,1.0,1.0,,,0.0,1.0,0.0,0.0,0.0,,0.0,0.0,0.0,,4.0,15.0
2023,2021013025,2023-06-13,1560184.0,オスナ,54.0,投,12,1.0,0.0,0.0,0.0,0.0,0.0,0.0,0.0,0.0,0.0,0.0,,0.0,0.0,0.0,0.0,0.0,0.0,4.0,1.0,0.0,0.0,0.0,0.47,1.0,1.0,,,11.0,0.0,0.0,0.0,0.0,,0.0,2.0,0.0,,3.0,21.0
2023,2021013025,2023-06-13,1700084.0,村上 宗隆,55.0,三,2,1.0,1.0,4.0,4.0,0.0,0.0,0.0,0.0,0.0,0.0,0.0,,0.0,2.0,0.0,0.0,0.0,0.0,,,,,,,,,,,,,,,,,,,,,,
2023,2021013025,2023-06-13,1700094.0,山本 大貴,43.0,投,2,1.0,0.0,0.0,0.0,0.0,0.0,0.0,0.0,0.0,0.0,0.0,,0.0,0.0,0.0,0.0,0.0,0.0,2.0,1.0,0.0,0.0,0.0,5.59,2.0,2.0,,,0.0,3.0,2.0,2.0,1.0,,0.0,2.0,0.0,,9.0,32.0
2023,2021013025,2023-06-13,1700135.0,周東 佑京,23.0,走中,12,1.0,0.0,1.0,1.0,1.0,0.0,0.0,0.0,0.0,0.0,0.0,,0.0,0.0,0.0,0.0,0.0,0.0,,,,,,,,,,,,,,,,,,,,,,
2023,2021013025,2023-06-13,1800108.0,野村 大樹,55.0,打,12,1.0,0.0,1.0,1.0,0.0,1.0,0.0,0.0,0.0,0.0,0.0,,0.0,0.0,0.0,0.0,0.0,0.0,,,,,,,,,,,,,,,,,,,,,,
2023,2021013025,2023-06-13,1900028.0,長岡 秀樹,7.0,遊,2,1.0,0.0,1.0,1.0,0.0,0.0,0.0,0.0,0.0,0.0,0.0,,0.0,0.0,0.0,0.0,0.0,0.0,,,,,,,,,,,,,,,,,,,,,,
2023,2021013025,2023-06-13,1900029.0,武岡 龍世,60.0,遊,2,1.0,1.0,3.0,3.0,0.0,0.0,0.0,0.0,0.0,0.0,0.0,,0.0,1.0,0.0,0.0,0.0,0.0,,,,,,,,,,,,,,,,,,,,,,
2023,2021013025,2023-06-13,1900102.0,津森 宥紀,11.0,投,12,1.0,0.0,0.0,0.0,0.0,0.0,0.0,0.0,0.0,0.0,0.0,,0.0,0.0,0.0,0.0,0.0,0.0,2.0,1.0,0.0,3.0,1.0,2.92,1.0,1.0,,,0.0,0.0,0.0,0.0,0.0,,0.0,2.0,0.0,,3.0,17.0
2023,2021013025,2023-06-13,1900104.0,柳町 達,32.0,中,12,1.0,1.0,3.0,2.0,0.0,0.0,0.0,0.0,0.0,0.0,0.0,,1.0,1.0,0.0,0.0,0.0,0.0,,,,,,,,,,,,,,,,,,,,,,
2023,2021013025,2023-06-13,2000026.0,内山 壮真,33.0,中左,2,1.0,1.0,4.0,4.0,0.0,2.0,0.0,0.0,0.0,0.0,0.0,,0.0,0.0,0.0,0.0,0.0,0.0,,,,,,,,,,,,,,,,,,,,,,
2023,2021013025,2023-06-13,2000133.0,オスナ,13.0,一,2,1.0,1.0,4.0,4.0,0.0,0.0,0.0,0.0,0.0,0.0,0.0,,0.0,1.0,0.0,0.0,0.0,0.0,,,,,,,,,,,,,,,,,,,,,,
2023,2021013025,2023-06-13,2000135.0,サンタナ,25.0,右,2,1.0,1.0,4.0,4.0,0.0,2.0,0.0,0.0,0.0,0.0,0.0,,0.0,1.0,0.0,0.0,0.0,0.0,,,,,,,,,,,,,,,,,,,,,,
2023,2021013025,2023-06-13,2104035.0,野村 勇,99.0,走三,12,1.0,0.0,0.0,0.0,0.0,0.0,0.0,0.0,0.0,0.0,0.0,,0.0,0.0,0.0,0.0,0.0,0.0,,,,,,,,,,,,,,,,,,,,,,
2023,2021013026,2023-06-13,600003.0,大和,9.0,遊,3,1.0,1.0,4.0,3.0,2.0,1.0,0.0,0.0,0.0,0.0,0.0,,1.0,0.0,0.0,0.0,0.0,0.0,,,,,,,,,,,,,,,,,,,,,,
2023,2021013026,2023-06-13,1100061.0,桑原 将志,1.0,中,3,1.0,1.0,4.0,4.0,0.0,3.0,2.0,0.0,0.0,2.0,0.0,,0.0,0.0,0.0,0.0,0.0,0.0,,,,,,,,,,,,,,,,,,,,,,
2023,2021013026,2023-06-13,1100095.0,松本 剛,7.0,左,8,1.0,1.0,4.0,4.0,1.0,3.0,1.0,0.0,1.0,1.0,0.0,,0.0,0.0,0.0,0.0,0.0,0.0,,,,,,,,,,,,,,,,,,,,,,
2023,2021013026,2023-06-13,1200053.0,宮崎 敏郎,51.0,三,3,1.0,1.0,4.0,4.0,0.0,0.0,0.0,0.0,0.0,0.0,0.0,,0.0,1.0,0.0,0.0,0.0,0.0,,,,,,,,,,,,,,,,,,,,,,
2023,2021013026,2023-06-13,1251037.0,上川畑 大悟,4.0,遊,8,1.0,1.0,4.0,4.0,0.0,2.0,0.0,0.0,0.0,0.0,0.0,,0.0,1.0,0.0,0.0,0.0,0.0,,,,,,,,,,,,,,,,,,,,,,
2023,2021013026,2023-06-13,1300038.0,関根 大気,63.0,右左,3,1.0,1.0,5.0,4.0,1.0,2.0,0.0,0.0,0.0,3.0,1.0,,0.0,0.0,0.0,0.0,1.0,0.0,,,,,,,,,,,,,,,,,,,,,,
2023,2021013026,2023-06-13,1300094.0,杉浦 稔大,22.0,投,8,1.0,0.0,0.0,0.0,0.0,0.0,0.0,0.0,0.0,0.0,0.0,,0.0,0.0,0.0,0.0,0.0,0.0,4.0,1.0,0.0,0.0,1.0,1.59,1.0,1.0,,,0.0,0.0,0.0,0.0,0.0,,0.0,0.0,0.0,,3.0,12.0
2023,2021013026,2023-06-13,1400109.0,山崎 康晃,19.0,投,3,1.0,0.0,0.0,0.0,0.0,0.0,0.0,0.0,0.0,0.0,0.0,,0.0,0.0,0.0,0.0,0.0,0.0,3.0,1.0,0.0,0.0,3.0,4.71,1.0,1.0,,,16.0,0.0,0.0,0.0,0.0,,0.0,2.0,0.0,,3.0,20.0
2023,2021013026,2023-06-13,1400170.0,江越 大賀,37.0,中,8,1.0,1.0,3.0,3.0,0.0,0.0,0.0,0.0,0.0,0.0,0.0,,0.0,2.0,0.0,0.0,0.0,0.0,,,,,,,,,,,,,,,,,,,,,,
2023,2021013026,2023-06-13,1460315.0,アルカンタラ,6.0,打中,8,1.0,0.0,2.0,1.0,1.0,0.0,0.0,0.0,0.0,0.0,0.0,,1.0,1.0,0.0,0.0,0.0,0.0,,,,,,,,,,,,,,,,,,,,,,
2023,2021013026,2023-06-13,1500061.0,今永 昇太,21.0,投,3,1.0,1.0,3.0,2.0,0.0,1.0,0.0,0.0,0.0,0.0,0.0,,0.0,1.0,0.0,1.0,0.0,0.0,1.0,1.0,,4.0,1.0,2.78,7.0,7.0,,,0.0,9.0,2.0,2.0,0.0,,2.0,5.0,0.0,,30.0,117.0
2023,2021013026,2023-06-13,1500063.0,柴田 竜拓,31.0,三,3,1.0,0.0,0.0,0.0,0.0,0.0,0.0,0.0,0.0,0.0,0.0,,0.0,0.0,0.0,0.0,0.0,0.0,,,,,,,,,,,,,,,,,,,,,,
2023,2021013026,2023-06-13,1500064.0,戸柱 恭孝,10.0,捕,3,1.0,1.0,4.0,3.0,2.0,3.0,2.0,0.0,0.0,0.0,0.0,,1.0,0.0,0.0,0.0,0.0,0.0,,,,,,,,,,,,,,,,,,,,,,
2023,2021013026,2023-06-13,1500109.0,上原 健太,20.0,投,8,1.0,1.0,2.0,2.0,0.0,0.0,0.0,0.0,0.0,0.0,0.0,,0.0,1.0,0.0,0.0,0.0,0.0,1.0,1.0,,1.0,3.0,4.23,4.0,4.0,,,0.0,9.0,4.0,4.0,0.0,,0.0,2.0,0.0,,21.0,69.0
2023,2021013026,2023-06-13,1560396.0,ハンソン,94.0,打,8,1.0,0.0,1.0,1.0,0.0,0.0,0.0,0.0,0.0,0.0,0.0,,0.0,0.0,0.0,0.0,0.0,0.0,,,,,,,,,,,,,,,,,,,,,,
2023,2021013026,2023-06-13,1600089.0,佐野 恵太,7.0,左一,3,1.0,1.0,4.0,4.0,0.0,0.0,0.0,0.0,0.0,0.0,0.0,,0.0,0.0,0.0,0.0,0.0,0.0,,,,,,,,,,,,,,,,,,,,,,
2023,2021013026,2023-06-13,1600107.0,京田 陽太,98.0,遊,3,1.0,0.0,0.0,0.0,0.0,0.0,0.0,0.0,0.0,0.0,0.0,,0.0,0.0,0.0,0.0,0.0,0.0,,,,,,,,,,,,,,,,,,,,,,
2023,2021013026,2023-06-13,1600134.0,石井 一成,38.0,打二,8,1.0,0.0,2.0,2.0,0.0,0.0,0.0,0.0,0.0,0.0,0.0,,0.0,1.0,0.0,0.0,0.0,0.0,,,,,,,,,,,,,,,,,,,,,,
2023,2021013026,2023-06-13,1600138.0,郡 拓也,60.0,一二,8,1.0,1.0,3.0,3.0,1.0,1.0,1.0,0.0,0.0,0.0,0.0,,0.0,0.0,0.0,0.0,0.0,0.0,,,,,,,,,,,,,,,,,,,,,,
2023,2021013026,2023-06-13,1700020.0,ソト,99.0,一,3,1.0,1.0,4.0,4.0,0.0,0.0,0.0,0.0,0.0,0.0,0.0,,0.0,1.0,0.0,0.0,0.0,0.0,,,,,,,,,,,,,,,,,,,,,,
2023,2021013026,2023-06-13,1700059.0,神里 和毅,8.0,右,3,1.0,0.0,0.0,0.0,0.0,0.0,0.0,0.0,0.0,0.0,0.0,,0.0,0.0,0.0,0.0,0.0,0.0,,,,,,,,,,,,,,,,,,,,,,
2023,2021013026,2023-06-13,1800008.0,マルティネス,2.0,捕,8,1.0,1.0,5.0,5.0,0.0,2.0,1.0,0.0,0.0,1.0,0.0,,0.0,1.0,0.0,0.0,0.0,0.0,,,,,,,,,,,,,,,,,,,,,,
2023,2021013026,2023-06-13,1800091.0,野村 佑希,5.0,三,8,1.0,1.0,4.0,4.0,0.0,3.0,0.0,0.0,0.0,0.0,0.0,,0.0,0.0,0.0,0.0,0.0,0.0,,,,,,,,,,,,,,,,,,,,,,
2023,2021013026,2023-06-13,1800093.0,万波 中正,66.0,右,8,1.0,1.0,4.0,4.0,0.0,0.0,0.0,0.0,0.0,0.0,0.0,,0.0,3.0,0.0,0.0,0.0,0.0,,,,,,,,,,,,,,,,,,,,,,
2023,2021013026,2023-06-13,1800096.0,福田 俊,40.0,投,8,1.0,0.0,0.0,0.0,0.0,0.0,0.0,0.0,0.0,0.0,0.0,,0.0,0.0,0.0,0.0,0.0,0.0,5.0,1.0,0.0,0.0,0.0,0.0,1.0,1.0,,,0.0,1.0,0.0,0.0,0.0,,1.0,0.0,0.0,,5.0,14.0
2023,2021013026,2023-06-13,1900032.0,伊勢 大夢,13.0,投,3,1.0,0.0,0.0,0.0,0.0,0.0,0.0,0.0,0.0,0.0,0.0,,0.0,0.0,0.0,0.0,0.0,0.0,2.0,1.0,0.0,2.0,1.0,1.59,1.0,1.0,,,1.0,2.0,1.0,1.0,1.0,,0.0,3.0,0.0,,5.0,16.0
2023,2021013026,2023-06-13,1900126.0,オースティン,3.0,打,3,1.0,0.0,1.0,1.0,0.0,1.0,0.0,0.0,0.0,0.0,0.0,,0.0,0.0,0.0,0.0,0.0,0.0,,,,,,,,,,,,,,,,,,,,,,
2023,2021013026,2023-06-13,1961860.0,加藤 豪将,3.0,二一,8,1.0,1.0,4.0,3.0,0.0,0.0,0.0,0.0,0.0,1.0,0.0,,1.0,0.0,0.0,0.0,0.0,0.0,,,,,,,,,,,,,,,,,,,,,,
2023,2021013026,2023-06-13,2000035.0,牧 秀悟,2.0,二,3,1.0,1.0,4.0,4.0,0.0,0.0,0.0,0.0,0.0,0.0,0.0,,0.0,0.0,0.0,0.0,0.0,0.0,,,,,,,,,,,,,,,,,,,,,,
2023,2021013026,2023-06-13,2103731.0,長谷川 威展,53.0,投,8,1.0,0.0,0.0,0.0,0.0,0.0,0.0,0.0,0.0,0.0,0.0,,0.0,0.0,0.0,0.0,0.0,0.0,3.0,1.0,0.0,0.0,0.0,0.0,0.6666666666666666,0.2,,,0.0,0.0,0.0,0.0,0.0,,0.0,0.0,0.0,,2.0,3.0
2023,2021013026,2023-06-13,2107958.0,宮内 春輝,62.0,投,8,1.0,0.0,0.0,0.0,0.0,0.0,0.0,0.0,0.0,0.0,0.0,,0.0,0.0,0.0,0.0,0.0,0.0,2.0,1.0,0.0,1.0,0.0,5.17,1.3333333333333333,1.1,,,0.0,1.0,1.0,1.0,0.0,,1.0,1.0,0.0,,6.0,30.0
2023,2021013027,2023-06-13,1200059.0,溝脇 隼人,48.0,一,4,1.0,0.0,1.0,1.0,0.0,0.0,0.0,0.0,0.0,0.0,0.0,,0.0,0.0,0.0,0.0,0.0,0.0,,,,,,,,,,,,,,,,,,,,,,
2023,2021013027,2023-06-13,1200096.0,田村 龍弘,27.0,捕,9,1.0,1.0,2.0,2.0,0.0,0.0,0.0,0.0,0.0,0.0,0.0,,0.0,0.0,0.0,0.0,0.0,0.0,,,,,,,,,,,,,,,,,,,,,,
2023,2021013027,2023-06-13,1200097.0,加藤 翔平,52.0,左,4,1.0,0.0,0.0,0.0,0.0,0.0,0.0,0.0,0.0,0.0,0.0,,0.0,0.0,0.0,0.0,0.0,0.0,,,,,,,,,,,,,,,,,,,,,,
2023,2021013027,2023-06-13,1300044.0,岡 大海,25.0,右,9,1.0,1.0,4.0,3.0,0.0,0.0,0.0,0.0,0.0,0.0,0.0,,1.0,0.0,0.0,0.0,0.0,0.0,,,,,,,,,,,,,,,,,,,,,,
2023,2021013027,2023-06-13,1400188.0,中村 奨吾,8.0,二,9,1.0,1.0,4.0,4.0,0.0,0.0,0.0,0.0,0.0,0.0,0.0,,0.0,0.0,0.0,0.0,0.0,0.0,,,,,,,,,,,,,,,,,,,,,,
2023,2021013027,2023-06-13,1450608.0,八木 彬,33.0,投,9,1.0,0.0,0.0,0.0,0.0,0.0,0.0,0.0,0.0,0.0,0.0,,0.0,0.0,0.0,0.0,0.0,0.0,2.0,1.0,0.0,0.0,0.0,18.0,1.0,1.0,,,0.0,2.0,1.0,1.0,0.0,,0.0,0.0,0.0,,5.0,13.0
2023,2021013027,2023-06-13,1500076.0,木下 拓哉,35.0,捕,4,1.0,1.0,4.0,4.0,0.0,1.0,0.0,0.0,0.0,1.0,0.0,,0.0,1.0,0.0,0.0,0.0,0.0,,,,,,,,,,,,,,,,,,,,,,
2023,2021013027,2023-06-13,1500141.0,茶谷 健太,67.0,一,9,1.0,1.0,3.0,3.0,0.0,0.0,0.0,0.0,0.0,0.0,0.0,,0.0,2.0,0.0,0.0,0.0,0.0,,,,,,,,,,,,,,,,,,,,,,
2023,2021013027,2023-06-13,1600021.0,ビシエド,66.0,一,4,1.0,1.0,3.0,3.0,2.0,2.0,1.0,0.0,1.0,1.0,0.0,,0.0,0.0,0.0,0.0,0.0,0.0,,,,,,,,,,,,,,,,,,,,,,
2023,2021013027,2023-06-13,1600085.0,細川 成也,0.0,右,4,1.0,1.0,4.0,3.0,2.0,2.0,0.0,0.0,1.0,2.0,0.0,,1.0,0.0,0.0,0.0,0.0,0.0,,,,,,,,,,,,,,,,,,,,,,
2023,2021013027,2023-06-13,1700092.0,安田 尚憲,5.0,三,9,1.0,1.0,3.0,3.0,0.0,2.0,1.0,0.0,0.0,0.0,0.0,,0.0,0.0,0.0,0.0,0.0,0.0,,,,,,,,,,,,,,,,,,,,,,
2023,2021013027,2023-06-13,1700093.0,藤岡 裕大,4.0,遊,9,1.0,1.0,4.0,3.0,0.0,1.0,0.0,0.0,0.0,0.0,0.0,,1.0,1.0,0.0,0.0,0.0,0.0,,,,,,,,,,,,,,,,,,,,,,
2023,2021013027,2023-06-13,1700095.0,菅野 剛士,31.0,打,9,1.0,0.0,1.0,1.0,0.0,0.0,0.0,0.0,0.0,0.0,0.0,,0.0,0.0,0.0,0.0,0.0,0.0,,,,,,,,,,,,,,,,,,,,,,
2023,2021013027,2023-06-13,1750223.0,村松 開人,5.0,二,4,1.0,1.0,4.0,4.0,0.0,1.0,0.0,0.0,0.0,0.0,0.0,,0.0,0.0,0.0,0.0,0.0,0.0,,,,,,,,,,,,,,,,,,,,,,
2023,2021013027,2023-06-13,1800050.0,藤原 恭大,1.0,中,9,1.0,1.0,4.0,4.0,0.0,1.0,0.0,0.0,0.0,0.0,0.0,,0.0,1.0,0.0,0.0,0.0,0.0,,,,,,,,,,,,,,,,,,,,,,
2023,2021013027,2023-06-13,1800052.0,小島 和哉,14.0,投,9,1.0,1.0,2.0,2.0,0.0,0.0,0.0,0.0,0.0,0.0,0.0,,0.0,1.0,0.0,0.0,0.0,0.0,1.0,1.0,,5.0,2.0,3.06,7.0,7.0,,,0.0,9.0,6.0,6.0,2.0,,2.0,6.0,0.0,,31.0,108.0
2023,2021013027,2023-06-13,1800053.0,山口 航輝,51.0,左,9,1.0,1.0,4.0,4.0,0.0,1.0,0.0,0.0,0.0,0.0,0.0,,0.0,3.0,0.0,0.0,0.0,0.0,,,,,,,,,,,,,,,,,,,,,,
2023,2021013027,2023-06-13,1900041.0,岡林 勇希,60.0,中,4,1.0,1.0,4.0,3.0,1.0,1.0,0.0,0.0,0.0,0.0,0.0,,1.0,0.0,0.0,0.0,0.0,0.0,,,,,,,,,,,,,,,,,,,,,,
2023,2021013027,2023-06-13,1900086.0,植田 将太,45.0,捕,9,1.0,0.0,0.0,0.0,0.0,0.0,0.0,0.0,0.0,0.0,0.0,,0.0,0.0,0.0,0.0,0.0,0.0,,,,,,,,,,,,,,,,,,,,,,
2023,2021013027,2023-06-13,1900097.0,大下 誠一郎,39.0,打,9,1.0,0.0,1.0,1.0,0.0,0.0,0.0,0.0,0.0,0.0,0.0,,0.0,1.0,0.0,0.0,0.0,0.0,,,,,,,,,,,,,,,,,,,,,,
2023,2021013027,2023-06-13,2000042.0,高橋 宏斗,19.0,投,4,1.0,1.0,4.0,4.0,0.0,0.0,0.0,0.0,0.0,0.0,0.0,,0.0,3.0,0.0,0.0,0.0,0.0,1.0,1.0,,2.0,6.0,2.1,9.0,9.0,,,0.0,5.0,0.0,0.0,0.0,,2.0,9.0,0.0,,33.0,125.0
2023,2021013027,2023-06-13,2000044.0,龍空,45.0,遊,4,1.0,1.0,4.0,4.0,0.0,1.0,0.0,1.0,0.0,1.0,0.0,,0.0,1.0,0.0,0.0,0.0,0.0,,,,,,,,,,,,,,,,,,,,,,
2023,2021013027,2023-06-13,2000089.0,小川 龍成,57.0,二,9,1.0,0.0,0.0,0.0,0.0,0.0,0.0,0.0,0.0,0.0,0.0,,0.0,0.0,0.0,0.0,0.0,0.0,,,,,,,,,,,,,,,,,,,,,,
2023,2021013027,2023-06-13,2103693.0,池田 来翔,0.0,打,9,1.0,0.0,1.0,1.0,0.0,0.0,0.0,0.0,0.0,0.0,0.0,,0.0,0.0,0.0,0.0,0.0,0.0,,,,,,,,,,,,,,,,,,,,,,
2023,2021013027,2023-06-13,2103780.0,福永 裕基,68.0,三,4,1.0,1.0,4.0,4.0,2.0,3.0,2.0,0.0,0.0,2.0,1.0,,0.0,0.0,0.0,0.0,0.0,0.0,,,,,,,,,,,,,,,,,,,,,,
2023,2021013027,2023-06-13,2103845.0,鵜飼 航丞,4.0,左,4,1.0,1.0,4.0,4.0,0.0,0.0,0.0,0.0,0.0,0.0,0.0,,0.0,1.0,0.0,0.0,0.0,0.0,,,,,,,,,,,,,,,,,,,,,,
2023,2021013028,2023-06-13,900426.0,原口 文仁,94.0,打,5,1.0,0.0,1.0,1.0,0.0,0.0,0.0,0.0,0.0,0.0,0.0,,0.0,1.0,0.0,0.0,0.0,0.0,,,,,,,,,,,,,,,,,,,,,,
2023,2021013028,2023-06-13,1160424.0,ゴンザレス,8.0,二一,11,1.0,1.0,4.0,4.0,1.0,1.0,0.0,0.0,1.0,1.0,0.0,,0.0,2.0,0.0,0.0,0.0,0.0,,,,,,,,,,,,,,,,,,,,,,
2023,2021013028,2023-06-13,1300042.0,渡邉 諒,25.0,三,5,1.0,1.0,3.0,3.0,0.0,0.0,0.0,0.0,0.0,0.0,0.0,,0.0,1.0,0.0,0.0,0.0,2.0,,,,,,,,,,,,,,,,,,,,,,
2023,2021013028,2023-06-13,1300109.0,若月 健矢,2.0,捕,11,1.0,1.0,3.0,3.0,0.0,0.0,0.0,0.0,0.0,0.0,0.0,,0.0,2.0,0.0,0.0,0.0,0.0,,,,,,,,,,,,,,,,,,,,,,
2023,2021013028,2023-06-13,1400172.0,植田 海,62.0,走,5,1.0,0.0,0.0,0.0,0.0,0.0,0.0,0.0,0.0,0.0,0.0,,0.0,0.0,0.0,0.0,0.0,0.0,,,,,,,,,,,,,,,,,,,,,,
2023,2021013028,2023-06-13,1400196.0,宗 佑磨,6.0,三,11,1.0,1.0,4.0,4.0,1.0,0.0,0.0,0.0,0.0,0.0,0.0,,0.0,0.0,0.0,0.0,0.0,0.0,,,,,,,,,,,,,,,,,,,,,,
2023,2021013028,2023-06-13,1400202.0,小田 裕也,50.0,左,11,1.0,0.0,0.0,0.0,0.0,0.0,0.0,0.0,0.0,0.0,0.0,,0.0,0.0,0.0,0.0,0.0,0.0,,,,,,,,,,,,,,,,,,,,,,
2023,2021013028,2023-06-13,1500087.0,坂本 誠志郎,12.0,捕,5,1.0,1.0,3.0,3.0,0.0,2.0,0.0,0.0,0.0,0.0,0.0,,0.0,0.0,0.0,0.0,0.0,0.0,,,,,,,,,,,,,,,,,,,,,,
2023,2021013028,2023-06-13,1500128.0,大城 滉二,10.0,二,11,1.0,0.0,0.0,0.0,0.0,0.0,0.0,0.0,0.0,0.0,0.0,,0.0,0.0,0.0,0.0,0.0,0.0,,,,,,,,,,,,,,,,,,,,,,
2023,2021013028,2023-06-13,1500135.0,杉本 裕太郎,99.0,左,11,1.0,1.0,4.0,4.0,0.0,2.0,0.0,0.0,0.0,0.0,0.0,,0.0,2.0,0.0,0.0,0.0,0.0,,,,,,,,,,,,,,,,,,,,,,
2023,2021013028,2023-06-13,1600113.0,大山 悠輔,3.0,一,5,1.0,1.0,4.0,4.0,0.0,0.0,0.0,0.0,0.0,0.0,0.0,,0.0,2.0,0.0,0.0,0.0,1.0,,,,,,,,,,,,,,,,,,,,,,
2023,2021013028,2023-06-13,1600117.0,糸原 健斗,33.0,打,5,1.0,0.0,1.0,1.0,0.0,0.0,0.0,0.0,0.0,0.0,0.0,,0.0,1.0,0.0,0.0,0.0,0.0,,,,,,,,,,,,,,,,,,,,,,
2023,2021013028,2023-06-13,1600153.0,山本 由伸,18.0,投,11,1.0,1.0,3.0,3.0,0.0,0.0,0.0,0.0,0.0,0.0,0.0,,0.0,2.0,0.0,0.0,0.0,0.0,1.0,1.0,,6.0,2.0,1.59,8.0,8.0,,,0.0,2.0,0.0,0.0,0.0,,1.0,11.0,1.0,,29.0,112.0
2023,2021013028,2023-06-13,1600155.0,山崎 颯一郎,63.0,投,11,1.0,0.0,0.0,0.0,0.0,0.0,0.0,0.0,0.0,0.0,0.0,,0.0,0.0,0.0,0.0,0.0,0.0,2.0,1.0,0.0,0.0,0.0,1.63,1.0,1.0,,,2.0,0.0,0.0,0.0,0.0,,2.0,1.0,0.0,,5.0,19.0
2023,2021013028,2023-06-13,1700080.0,島田 海吏,53.0,走,5,1.0,0.0,0.0,0.0,0.0,0.0,0.0,0.0,0.0,0.0,0.0,,0.0,0.0,0.0,0.0,0.0,0.0,,,,,,,,,,,,,,,,,,,,,,
2023,2021013028,2023-06-13,1800065.0,近本 光司,5.0,中,5,1.0,1.0,4.0,4.0,0.0,0.0,0.0,0.0,0.0,0.0,0.0,,0.0,2.0,0.0,0.0,0.0,0.0,,,,,,,,,,,,,,,,,,,,,,
2023,2021013028,2023-06-13,1800067.0,木浪 聖也,0.0,遊,5,1.0,1.0,3.0,3.0,0.0,0.0,0.0,0.0,0.0,0.0,0.0,,0.0,0.0,0.0,0.0,0.0,0.0,,,,,,,,,,,,,,,,,,,,,,
2023,2021013028,2023-06-13,1800099.0,頓宮 裕真,44.0,一,11,1.0,1.0,4.0,4.0,0.0,0.0,0.0,0.0,0.0,0.0,0.0,,0.0,1.0,0.0,0.0,0.0,1.0,,,,,,,,,,,,,,,,,,,,,,
2023,2021013028,2023-06-13,1800104.0,中川 圭太,67.0,中,11,1.0,1.0,4.0,4.0,0.0,1.0,0.0,0.0,0.0,1.0,0.0,,0.0,0.0,0.0,0.0,0.0,0.0,,,,,,,,,,,,,,,,,,,,,,
2023,2021013028,2023-06-13,1900088.0,紅林 弘太郎,24.0,遊,11,1.0,1.0,3.0,3.0,0.0,0.0,0.0,0.0,0.0,0.0,0.0,,0.0,0.0,0.0,0.0,0.0,0.0,,,,,,,,,,,,,,,,,,,,,,
2023,2021013028,2023-06-13,1950996.0,前川 右京,58.0,右,5,1.0,1.0,4.0,2.0,0.0,0.0,0.0,0.0,0.0,0.0,0.0,,1.0,1.0,1.0,0.0,0.0,0.0,,,,,,,,,,,,,,,,,,,,,,
2023,2021013028,2023-06-13,1961194.0,K.ケラー,42.0,投,5,1.0,0.0,0.0,0.0,0.0,0.0,0.0,0.0,0.0,0.0,0.0,,0.0,0.0,0.0,0.0,0.0,0.0,2.0,1.0,0.0,1.0,0.0,1.98,1.0,1.0,,,0.0,0.0,0.0,0.0,0.0,,0.0,1.0,0.0,,3.0,11.0
2023,2021013028,2023-06-13,1961285.0,ノイジー,7.0,左,5,1.0,1.0,4.0,2.0,0.0,0.0,0.0,0.0,0.0,0.0,0.0,,2.0,1.0,0.0,0.0,0.0,0.0,,,,,,,,,,,,,,,,,,,,,,
2023,2021013028,2023-06-13,2000051.0,佐藤 輝明,8.0,打,5,1.0,0.0,1.0,1.0,0.0,0.0,0.0,0.0,0.0,0.0,0.0,,0.0,0.0,0.0,0.0,0.0,0.0,,,,,,,,,,,,,,,,,,,,,,
2023,2021013028,2023-06-13,2000055.0,村上 頌樹,41.0,投,5,1.0,1.0,2.0,2.0,0.0,0.0,0.0,0.0,0.0,0.0,0.0,,0.0,1.0,0.0,0.0,0.0,0.0,1.0,1.0,,5.0,3.0,1.75,8.0,8.0,,,0.0,4.0,2.0,1.0,1.0,,0.0,9.0,0.0,,30.0,112.0
2023,2021013028,2023-06-13,2000056.0,中野 拓夢,51.0,二,5,1.0,1.0,4.0,4.0,0.0,0.0,0.0,0.0,0.0,0.0,0.0,,0.0,2.0,0.0,0.0,0.0,0.0,,,,,,,,,,,,,,,,,,,,,,
2023,2021013028,2023-06-13,2107897.0,茶野 篤政,61.0,右,11,1.0,1.0,4.0,4.0,0.0,0.0,0.0,0.0,0.0,0.0,0.0,,0.0,1.0,0.0,0.0,0.0,0.0,,,,,,,,,,,,,,,,,,,,,,
2023,2021013029,2023-06-13,700050.0,會澤 翼,27.0,捕,6,1.0,1.0,2.0,2.0,0.0,0.0,0.0,0.0,0.0,0.0,0.0,,0.0,1.0,0.0,0.0,0.0,0.0,,,,,,,,,,,,,,,,,,,,,,
2023,2021013029,2023-06-13,800041.0,松山 竜平,55.0,打,6,1.0,0.0,1.0,1.0,0.0,1.0,0.0,0.0,0.0,1.0,0.0,,0.0,0.0,0.0,0.0,0.0,0.0,,,,,,,,,,,,,,,,,,,,,,
2023,2021013029,2023-06-13,900056.0,浅村 栄斗,3.0,二,376,1.0,1.0,4.0,3.0,1.0,2.0,0.0,0.0,0.0,0.0,0.0,,1.0,0.0,0.0,0.0,0.0,0.0,,,,,,,,,,,,,,,,,,,,,,
2023,2021013029,2023-06-13,1000116.0,中崎 翔太,21.0,投,6,1.0,0.0,0.0,0.0,0.0,0.0,0.0,0.0,0.0,0.0,0.0,,0.0,0.0,0.0,0.0,0.0,0.0,4.0,1.0,0.0,0.0,0.0,2.57,1.0,1.0,,,0.0,0.0,0.0,0.0,0.0,,0.0,1.0,0.0,,3.0,14.0
2023,2021013029,2023-06-13,1000150.0,秋山 翔吾,9.0,中,6,1.0,1.0,4.0,4.0,0.0,1.0,0.0,0.0,0.0,0.0,0.0,,0.0,1.0,0.0,0.0,0.0,0.0,,,,,,,,,,,,,,,,,,,,,,
2023,2021013029,2023-06-13,1100082.0,菊池 涼介,33.0,二,6,1.0,1.0,5.0,4.0,0.0,0.0,0.0,0.0,0.0,1.0,0.0,,0.0,0.0,0.0,0.0,1.0,0.0,,,,,,,,,,,,,,,,,,,,,,
2023,2021013029,2023-06-13,1100103.0,鈴木 大地,7.0,一,376,1.0,1.0,4.0,4.0,1.0,2.0,1.0,0.0,0.0,0.0,0.0,,0.0,0.0,0.0,0.0,0.0,0.0,,,,,,,,,,,,,,,,,,,,,,
2023,2021013029,2023-06-13,1100130.0,岡島 豪郎,27.0,左,376,1.0,1.0,4.0,4.0,1.0,2.0,1.0,0.0,1.0,4.0,0.0,,0.0,0.0,0.0,0.0,0.0,0.0,,,,,,,,,,,,,,,,,,,,,,
2023,2021013029,2023-06-13,1100132.0,島内 宏明,35.0,打,376,1.0,0.0,1.0,1.0,0.0,0.0,0.0,0.0,0.0,0.0,0.0,,0.0,0.0,0.0,0.0,0.0,0.0,,,,,,,,,,,,,,,,,,,,,,
2023,2021013029,2023-06-13,1200070.0,上本 崇司,0.0,打,6,1.0,0.0,1.0,1.0,0.0,0.0,0.0,0.0,0.0,0.0,0.0,,0.0,0.0,0.0,0.0,0.0,0.0,,,,,,,,,,,,,,,,,,,,,,
2023,2021013029,2023-06-13,1200117.0,則本 昂大,14.0,投,376,1.0,1.0,3.0,3.0,0.0,0.0,0.0,0.0,0.0,0.0,0.0,,0.0,3.0,0.0,0.0,0.0,0.0,1.0,1.0,,3.0,4.0,2.29,5.0,5.0,,,0.0,8.0,3.0,3.0,0.0,,0.0,4.0,0.0,,23.0,80.0
2023,2021013029,2023-06-13,1300057.0,大瀬良 大地,14.0,投,6,1.0,1.0,1.0,1.0,0.0,0.0,0.0,0.0,0.0,0.0,0.0,,0.0,1.0,0.0,0.0,0.0,0.0,1.0,1.0,,2.0,5.0,3.42,5.0,5.0,,,0.0,9.0,5.0,5.0,1.0,,1.0,4.0,0.0,,25.0,97.0
2023,2021013029,2023-06-13,1300059.0,田中 広輔,2.0,遊,6,1.0,1.0,5.0,5.0,0.0,1.0,0.0,0.0,0.0,0.0,0.0,,0.0,2.0,0.0,0.0,0.0,0.0,,,,,,,,,,,,,,,,,,,,,,
2023,2021013029,2023-06-13,1300061.0,中村 祐太,67.0,投,6,1.0,0.0,0.0,0.0,0.0,0.0,0.0,0.0,0.0,0.0,0.0,,0.0,0.0,0.0,0.0,0.0,0.0,5.0,1.0,0.0,0.0,0.0,0.0,1.0,1.0,,,0.0,1.0,0.0,0.0,0.0,,0.0,0.0,0.0,,3.0,10.0
2023,2021013029,2023-06-13,1300084.0,松井 裕樹,1.0,投,376,1.0,0.0,0.0,0.0,0.0,0.0,0.0,0.0,0.0,0.0,0.0,,0.0,0.0,0.0,0.0,0.0,0.0,6.0,1.0,0.0,1.0,1.0,0.45,1.0,1.0,,,12.0,1.0,0.0,0.0,0.0,,0.0,2.0,0.0,,4.0,8.0
2023,2021013029,2023-06-13,1400139.0,安樂 智大,20.0,投,376,1.0,0.0,0.0,0.0,0.0,0.0,0.0,0.0,0.0,0.0,0.0,,0.0,0.0,0.0,0.0,0.0,0.0,3.0,1.0,0.0,0.0,0.0,2.49,0.3333333333333333,0.1,,,0.0,0.0,0.0,0.0,0.0,,1.0,0.0,0.0,,2.0,10.0
2023,2021013029,2023-06-13,1400173.0,野間 峻祥,37.0,右,6,1.0,1.0,4.0,3.0,1.0,1.0,0.0,0.0,0.0,0.0,0.0,,1.0,0.0,0.0,0.0,0.0,0.0,,,,,,,,,,,,,,,,,,,,,,
2023,2021013029,2023-06-13,1460004.0,デビッドソン,95.0,三,6,1.0,1.0,4.0,4.0,0.0,1.0,1.0,0.0,0.0,1.0,0.0,,0.0,1.0,0.0,0.0,0.0,0.0,,,,,,,,,,,,,,,,,,,,,,
2023,2021013029,2023-06-13,1500096.0,西川 龍馬,5.0,左,6,1.0,1.0,4.0,4.0,1.0,1.0,1.0,0.0,0.0,0.0,0.0,,0.0,0.0,0.0,0.0,0.0,0.0,,,,,,,,,,,,,,,,,,,,,,
2023,2021013029,2023-06-13,1600007.0,村林 一輝,66.0,三,376,1.0,0.0,0.0,0.0,0.0,0.0,0.0,0.0,0.0,0.0,0.0,,0.0,0.0,0.0,0.0,0.0,0.0,,,,,,,,,,,,,,,,,,,,,,
2023,2021013029,2023-06-13,1600094.0,田中 和基,25.0,右,376,1.0,0.0,0.0,0.0,0.0,0.0,0.0,0.0,0.0,0.0,0.0,,0.0,0.0,0.0,0.0,0.0,0.0,,,,,,,,,,,,,,,,,,,,,,
2023,2021013029,2023-06-13,1600124.0,坂倉 将吾,31.0,打捕,6,1.0,0.0,2.0,1.0,0.0,0.0,0.0,0.0,0.0,0.0,0.0,,1.0,1.0,0.0,0.0,0.0,0.0,,,,,,,,,,,,,,,,,,,,,,
2023,2021013029,2023-06-13,1600142.0,酒居 知史,28.0,投,376,1.0,0.0,0.0,0.0,0.0,0.0,0.0,0.0,0.0,0.0,0.0,,0.0,0.0,0.0,0.0,0.0,0.0,5.0,1.0,0.0,0.0,0.0,0.59,1.0,1.0,,,1.0,0.0,0.0,0.0,0.0,,1.0,2.0,0.0,,4.0,23.0
2023,2021013029,2023-06-13,1700034.0,山崎 剛,34.0,遊,376,1.0,1.0,4.0,4.0,0.0,1.0,0.0,0.0,0.0,1.0,0.0,,0.0,1.0,0.0,0.0,0.0,0.0,,,,,,,,,,,,,,,,,,,,,,
2023,2021013029,2023-06-13,1800074.0,林 晃汰,44.0,一,6,1.0,1.0,4.0,4.0,1.0,2.0,2.0,0.0,0.0,0.0,0.0,,0.0,2.0,0.0,0.0,0.0,0.0,,,,,,,,,,,,,,,,,,,,,,
2023,2021013029,2023-06-13,1800117.0,辰己 涼介,8.0,中,376,1.0,1.0,5.0,5.0,0.0,1.0,1.0,0.0,0.0,1.0,0.0,,0.0,1.0,0.0,0.0,0.0,0.0,,,,,,,,,,,,,,,,,,,,,,
2023,2021013029,2023-06-13,1800118.0,太田 光,2.0,捕,376,1.0,1.0,4.0,4.0,1.0,1.0,0.0,0.0,0.0,0.0,0.0,,0.0,0.0,0.0,0.0,0.0,0.0,,,,,,,,,,,,,,,,,,,,,,
2023,2021013029,2023-06-13,1800122.0,渡邊 佳明,48.0,打,376,1.0,0.0,1.0,1.0,0.0,0.0,0.0,0.0,0.0,0.0,0.0,,0.0,0.0,0.0,0.0,0.0,0.0,,,,,,,,,,,,,,,,,,,,,,
2023,2021013029,2023-06-13,1800123.0,小郷 裕哉,51.0,右,376,1.0,1.0,4.0,3.0,0.0,0.0,0.0,0.0,0.0,0.0,0.0,,0.0,1.0,0.0,1.0,0.0,0.0,,,,,,,,,,,,,,,,,,,,,,
2023,2021013029,2023-06-13,1800124.0,鈴木 翔天,56.0,投,376,1.0,0.0,0.0,0.0,0.0,0.0,0.0,0.0,0.0,0.0,0.0,,0.0,0.0,0.0,0.0,0.0,0.0,2.0,1.0,0.0,1.0,0.0,5.4,0.6666666666666666,0.2,,,0.0,0.0,0.0,0.0,0.0,,0.0,1.0,0.0,,2.0,7.0
2023,2021013029,2023-06-13,1900112.0,小深田 大翔,0.0,三二,376,1.0,1.0,5.0,4.0,2.0,2.0,0.0,0.0,0.0,0.0,0.0,,1.0,0.0,0.0,0.0,0.0,0.0,,,,,,,,,,,,,,,,,,,,,,
2023,2021013029,2023-06-13,2000061.0,森浦 大輔,13.0,投,6,1.0,0.0,0.0,0.0,0.0,0.0,0.0,0.0,0.0,0.0,0.0,,0.0,0.0,0.0,0.0,0.0,0.0,3.0,1.0,0.0,0.0,0.0,1.29,1.0,1.0,,,0.0,1.0,1.0,1.0,0.0,,1.0,0.0,0.0,,5.0,23.0
2023,2021013029,2023-06-13,2000062.0,大道 温貴,12.0,投,6,1.0,0.0,0.0,0.0,0.0,0.0,0.0,0.0,0.0,0.0,0.0,,0.0,0.0,0.0,0.0,0.0,0.0,2.0,1.0,0.0,0.0,0.0,6.08,1.0,1.0,,,0.0,0.0,0.0,0.0,0.0,,0.0,1.0,0.0,,3.0,15.0
2023,2021013029,2023-06-13,2000126.0,内 星龍,69.0,投,376,1.0,0.0,0.0,0.0,0.0,0.0,0.0,0.0,0.0,0.0,0.0,,0.0,0.0,0.0,0.0,0.0,0.0,4.0,1.0,0.0,3.0,1.0,2.45,1.0,1.0,,,0.0,0.0,0.0,0.0,0.0,,0.0,0.0,0.0,,3.0,7.0
2023,2021013029,2023-06-13,2103768.0,末包 昇大,52.0,打,6,1.0,0.0,1.0,1.0,0.0,1.0,1.0,0.0,0.0,0.0,0.0,,0.0,0.0,0.0,0.0,0.0,0.0,,,,,,,,,,,,,,,,,,,,,,
2023,2021013030,2023-06-14,700003.0,坂本 勇人,6.0,遊,1,1.0,1.0,5.0,5.0,0.0,2.0,0.0,0.0,0.0,0.0,0.0,,0.0,1.0,0.0,0.0,0.0,0.0,,,,,,,,,,,,,,,,,,,,,,
2023,2021013030,2023-06-14,700027.0,梶谷 隆幸,13.0,打左,1,1.0,0.0,2.0,2.0,0.0,1.0,0.0,0.0,0.0,0.0,0.0,,0.0,0.0,0.0,0.0,0.0,0.0,,,,,,,,,,,,,,,,,,,,,,
2023,2021013030,2023-06-14,800043.0,丸 佳浩,8.0,右,1,1.0,1.0,4.0,4.0,2.0,3.0,2.0,0.0,0.0,1.0,0.0,,0.0,0.0,0.0,0.0,0.0,0.0,,,,,,,,,,,,,,,,,,,,,,
2023,2021013030,2023-06-14,800054.0,中田 翔,10.0,一,1,1.0,1.0,4.0,3.0,1.0,2.0,0.0,0.0,0.0,1.0,0.0,,1.0,0.0,0.0,0.0,0.0,0.0,,,,,,,,,,,,,,,,,,,,,,
2023,2021013030,2023-06-14,1200083.0,金子 侑司,7.0,左,7,1.0,1.0,4.0,4.0,0.0,0.0,0.0,0.0,0.0,0.0,0.0,,0.0,1.0,0.0,0.0,0.0,0.0,,,,,,,,,,,,,,,,,,,,,,
2023,2021013030,2023-06-14,1400101.0,岡本 和真,25.0,三一,1,1.0,1.0,5.0,4.0,1.0,2.0,0.0,0.0,1.0,3.0,0.0,,1.0,0.0,0.0,0.0,0.0,0.0,,,,,,,,,,,,,,,,,,,,,,
2023,2021013030,2023-06-14,1400184.0,外崎 修汰,5.0,二,7,1.0,1.0,4.0,4.0,0.0,1.0,0.0,0.0,0.0,1.0,1.0,,0.0,1.0,0.0,0.0,0.0,0.0,,,,,,,,,,,,,,,,,,,,,,
2023,2021013030,2023-06-14,1500047.0,重信 慎之介,43.0,打中,1,1.0,0.0,2.0,2.0,0.0,0.0,0.0,0.0,0.0,0.0,0.0,,0.0,1.0,0.0,0.0,0.0,0.0,,,,,,,,,,,,,,,,,,,,,,
2023,2021013030,2023-06-14,1500100.0,川越 誠司,72.0,打,7,1.0,0.0,1.0,1.0,0.0,0.0,0.0,0.0,0.0,0.0,0.0,,0.0,1.0,0.0,0.0,0.0,0.0,,,,,,,,,,,,,,,,,,,,,,
2023,2021013030,2023-06-14,1500112.0,平沼 翔太,31.0,三,7,1.0,1.0,4.0,4.0,0.0,1.0,0.0,0.0,0.0,0.0,0.0,,0.0,1.0,0.0,0.0,0.0,0.0,,,,,,,,,,,,,,,,,,,,,,
2023,2021013030,2023-06-14,1600001.0,オコエ 瑠偉,50.0,中,1,1.0,1.0,3.0,3.0,0.0,1.0,0.0,0.0,0.0,0.0,1.0,,0.0,0.0,0.0,0.0,0.0,0.0,,,,,,,,,,,,,,,,,,,,,,
2023,2021013030,2023-06-14,1600059.0,吉川 尚輝,2.0,二,1,1.0,1.0,4.0,3.0,0.0,1.0,0.0,0.0,0.0,0.0,0.0,,1.0,1.0,0.0,0.0,0.0,0.0,,,,,,,,,,,,,,,,,,,,,,
2023,2021013030,2023-06-14,1600070.0,松原 聖弥,59.0,走右,1,1.0,0.0,0.0,0.0,0.0,0.0,0.0,0.0,0.0,0.0,0.0,,0.0,0.0,0.0,0.0,0.0,0.0,,,,,,,,,,,,,,,,,,,,,,
2023,2021013030,2023-06-14,1600129.0,源田 壮亮,6.0,遊,7,1.0,1.0,4.0,4.0,0.0,2.0,0.0,0.0,0.0,0.0,0.0,,0.0,1.0,0.0,0.0,0.0,0.0,,,,,,,,,,,,,,,,,,,,,,
2023,2021013030,2023-06-14,1700044.0,大城 卓三,24.0,捕,1,1.0,1.0,4.0,3.0,0.0,1.0,0.0,0.0,0.0,1.0,0.0,,0.0,0.0,0.0,1.0,0.0,0.0,,,,,,,,,,,,,,,,,,,,,,
2023,2021013030,2023-06-14,1700110.0,鈴木 康平,32.0,投,1,1.0,0.0,0.0,0.0,0.0,0.0,0.0,0.0,0.0,0.0,0.0,,0.0,0.0,0.0,0.0,0.0,0.0,3.0,1.0,0.0,0.0,1.0,4.7,1.0,1.0,,,0.0,0.0,0.0,0.0,0.0,,0.0,0.0,0.0,,3.0,7.0
2023,2021013030,2023-06-14,1750472.0,古賀 悠斗,22.0,捕,7,1.0,1.0,2.0,2.0,0.0,0.0,0.0,0.0,0.0,0.0,0.0,,0.0,1.0,0.0,0.0,0.0,0.0,,,,,,,,,,,,,,,,,,,,,,
2023,2021013030,2023-06-14,1800028.0,戸郷 翔征,20.0,投,1,1.0,1.0,2.0,1.0,0.0,0.0,0.0,0.0,0.0,1.0,0.0,,0.0,1.0,0.0,1.0,0.0,0.0,1.0,1.0,,8.0,1.0,2.45,6.0,6.0,,,0.0,7.0,1.0,1.0,0.0,,1.0,6.0,0.0,,26.0,116.0
2023,2021013030,2023-06-14,1800086.0,佐藤 龍世,58.0,打,7,1.0,0.0,1.0,1.0,0.0,0.0,0.0,0.0,0.0,0.0,0.0,,0.0,0.0,0.0,0.0,0.0,0.0,,,,,,,,,,,,,,,,,,,,,,
2023,2021013030,2023-06-14,1900068.0,岸 潤一郎,68.0,右,7,1.0,1.0,4.0,3.0,0.0,2.0,0.0,0.0,0.0,0.0,0.0,,1.0,1.0,0.0,0.0,0.0,0.0,,,,,,,,,,,,,,,,,,,,,,
2023,2021013030,2023-06-14,1961030.0,ティノコ,54.0,投,7,1.0,0.0,0.0,0.0,0.0,0.0,0.0,0.0,0.0,0.0,0.0,,0.0,0.0,0.0,0.0,0.0,0.0,4.0,1.0,0.0,0.0,2.0,3.74,1.0,1.0,,,0.0,2.0,0.0,0.0,0.0,,0.0,1.0,0.0,,5.0,19.0
2023,2021013030,2023-06-14,1961288.0,エンス,75.0,投,7,1.0,1.0,1.0,1.0,1.0,1.0,1.0,0.0,0.0,0.0,0.0,,0.0,0.0,0.0,0.0,0.0,0.0,1.0,1.0,,1.0,7.0,4.75,2.6666666666666665,2.2,,,0.0,7.0,4.0,4.0,1.0,,2.0,1.0,0.0,,16.0,71.0
2023,2021013030,2023-06-14,2000007.0,中山 礼都,40.0,走遊,1,1.0,0.0,0.0,0.0,1.0,0.0,0.0,0.0,0.0,0.0,0.0,,0.0,0.0,0.0,0.0,0.0,0.0,,,,,,,,,,,,,,,,,,,,,,
2023,2021013030,2023-06-14,2000009.0,秋広 優人,55.0,左,1,1.0,1.0,4.0,3.0,1.0,1.0,0.0,0.0,0.0,0.0,0.0,,1.0,1.0,0.0,0.0,0.0,0.0,,,,,,,,,,,,,,,,,,,,,,
2023,2021013030,2023-06-14,2000067.0,渡部 健人,8.0,打,7,1.0,0.0,1.0,1.0,0.0,0.0,0.0,0.0,0.0,0.0,0.0,,0.0,0.0,0.0,0.0,0.0,0.0,,,,,,,,,,,,,,,,,,,,,,
2023,2021013030,2023-06-14,2000068.0,佐々木 健,26.0,投,7,1.0,0.0,0.0,0.0,0.0,0.0,0.0,0.0,0.0,0.0,0.0,,0.0,0.0,0.0,0.0,0.0,0.0,2.0,1.0,0.0,0.0,0.0,0.0,1.3333333333333333,1.1,,,0.0,0.0,0.0,0.0,0.0,,0.0,1.0,0.0,,4.0,20.0
2023,2021013030,2023-06-14,2000071.0,大曲 錬,59.0,投,7,1.0,0.0,0.0,0.0,0.0,0.0,0.0,0.0,0.0,0.0,0.0,,0.0,0.0,0.0,0.0,0.0,0.0,5.0,1.0,0.0,0.0,0.0,3.0,1.0,1.0,,,0.0,3.0,2.0,2.0,0.0,,0.0,0.0,0.0,,5.0,17.0
2023,2021013030,2023-06-14,2000075.0,長谷川 信哉,63.0,中,7,1.0,1.0,4.0,4.0,0.0,0.0,0.0,0.0,0.0,0.0,0.0,,0.0,0.0,0.0,0.0,0.0,0.0,,,,,,,,,,,,,,,,,,,,,,
2023,2021013030,2023-06-14,2103705.0,菊地 大稀,96.0,投,1,1.0,0.0,0.0,0.0,0.0,0.0,0.0,0.0,0.0,0.0,0.0,,0.0,0.0,0.0,0.0,0.0,0.0,2.0,1.0,0.0,1.0,1.0,3.5,1.0,1.0,,,0.0,0.0,0.0,0.0,0.0,,0.0,2.0,0.0,,3.0,16.0
2023,2021013030,2023-06-14,2103949.0,古市 尊,65.0,捕,7,1.0,0.0,1.0,1.0,0.0,0.0,0.0,0.0,0.0,0.0,0.0,,0.0,1.0,0.0,0.0,0.0,0.0,,,,,,,,,,,,,,,,,,,,,,
2023,2021013030,2023-06-14,2105889.0,ウォーカー,44.0,打,1,1.0,0.0,1.0,1.0,1.0,1.0,0.0,0.0,0.0,0.0,0.0,,0.0,0.0,0.0,0.0,0.0,0.0,,,,,,,,,,,,,,,,,,,,,,
2023,2021013030,2023-06-14,2106286.0,青山 美夏人,29.0,投,7,1.0,0.0,0.0,0.0,0.0,0.0,0.0,0.0,0.0,0.0,0.0,,0.0,0.0,0.0,0.0,0.0,0.0,3.0,1.0,0.0,0.0,0.0,2.86,2.0,2.0,,,2.0,3.0,1.0,1.0,0.0,,2.0,2.0,0.0,,11.0,47.0
2023,2021013030,2023-06-14,2107874.0,門脇 誠,35.0,三,1,1.0,0.0,1.0,1.0,0.0,0.0,0.0,0.0,0.0,0.0,0.0,,0.0,0.0,0.0,0.0,0.0,0.0,,,,,,,,,,,,,,,,,,,,,,
2023,2021013030,2023-06-14,2107899.0,田中 千晴,48.0,投,1,1.0,0.0,0.0,0.0,0.0,0.0,0.0,0.0,0.0,0.0,0.0,,0.0,0.0,0.0,0.0,0.0,0.0,4.0,1.0,0.0,1.0,3.0,5.0,1.0,1.0,,,0.0,0.0,0.0,0.0,0.0,,0.0,2.0,0.0,,3.0,7.0
2023,2021013030,2023-06-14,2108196.0,マキノン,30.0,一,7,1.0,1.0,4.0,4.0,0.0,0.0,0.0,0.0,0.0,0.0,0.0,,0.0,2.0,0.0,0.0,0.0,0.0,,,,,,,,,,,,,,,,,,,,,,
2023,2021013031,2023-06-14,400021.0,青木 宣親,23.0,左,2,1.0,1.0,5.0,5.0,0.0,1.0,0.0,0.0,0.0,0.0,0.0,,0.0,0.0,0.0,0.0,0.0,0.0,,,,,,,,,,,,,,,,,,,,,,
2023,2021013031,2023-06-14,800081.0,中村 晃,7.0,一,12,1.0,1.0,4.0,4.0,0.0,1.0,0.0,0.0,0.0,0.0,0.0,,0.0,0.0,0.0,0.0,0.0,0.0,,,,,,,,,,,,,,,,,,,,,,
2023,2021013031,2023-06-14,900044.0,中村 悠平,27.0,捕,2,1.0,1.0,4.0,4.0,1.0,2.0,0.0,0.0,0.0,0.0,0.0,,0.0,0.0,0.0,0.0,0.0,0.0,,,,,,,,,,,,,,,,,,,,,,
2023,2021013031,2023-06-14,1000035.0,今宮 健太,6.0,遊,12,1.0,1.0,4.0,4.0,0.0,2.0,0.0,0.0,0.0,0.0,0.0,,0.0,1.0,0.0,0.0,0.0,0.0,,,,,,,,,,,,,,,,,,,,,,
2023,2021013031,2023-06-14,1000109.0,三ツ俣 大樹,66.0,打,2,1.0,0.0,1.0,0.0,0.0,0.0,0.0,0.0,0.0,0.0,0.0,,0.0,0.0,0.0,1.0,0.0,0.0,,,,,,,,,,,,,,,,,,,,,,
2023,2021013031,2023-06-14,1000128.0,柳田 悠岐,9.0,右,12,1.0,1.0,4.0,3.0,0.0,0.0,0.0,0.0,0.0,0.0,0.0,,1.0,1.0,0.0,0.0,0.0,0.0,,,,,,,,,,,,,,,,,,,,,,
2023,2021013031,2023-06-14,1000132.0,山田 哲人,1.0,二,2,1.0,1.0,5.0,5.0,0.0,1.0,0.0,0.0,0.0,0.0,0.0,,0.0,1.0,0.0,0.0,0.0,0.0,,,,,,,,,,,,,,,,,,,,,,
2023,2021013031,2023-06-14,1000134.0,西田 明央,30.0,打,2,1.0,0.0,1.0,1.0,0.0,0.0,0.0,0.0,0.0,0.0,0.0,,0.0,1.0,0.0,0.0,0.0,0.0,,,,,,,,,,,,,,,,,,,,,,
2023,2021013031,2023-06-14,1000175.0,牧原 大成,8.0,二,12,1.0,1.0,4.0,4.0,1.0,1.0,0.0,0.0,0.0,0.0,0.0,,0.0,1.0,0.0,0.0,0.0,0.0,,,,,,,,,,,,,,,,,,,,,,
2023,2021013031,2023-06-14,1000176.0,甲斐 拓也,19.0,捕,12,1.0,1.0,4.0,4.0,0.0,1.0,0.0,0.0,0.0,0.0,0.0,,0.0,0.0,0.0,0.0,0.0,0.0,,,,,,,,,,,,,,,,,,,,,,
2023,2021013031,2023-06-14,1100097.0,近藤 健介,3.0,左,12,1.0,1.0,3.0,3.0,1.0,2.0,1.0,0.0,1.0,1.0,0.0,,0.0,0.0,0.0,0.0,0.0,0.0,,,,,,,,,,,,,,,,,,,,,,
2023,2021013031,2023-06-14,1100115.0,武田 翔太,18.0,投,12,1.0,0.0,0.0,0.0,0.0,0.0,0.0,0.0,0.0,0.0,0.0,,0.0,0.0,0.0,0.0,0.0,0.0,2.0,1.0,0.0,0.0,2.0,6.75,1.0,1.0,,,0.0,2.0,0.0,0.0,0.0,,0.0,1.0,0.0,,5.0,14.0
2023,2021013031,2023-06-14,1200106.0,東浜 巨,16.0,投,12,1.0,1.0,2.0,2.0,0.0,0.0,0.0,0.0,0.0,0.0,0.0,,0.0,2.0,0.0,0.0,0.0,0.0,1.0,1.0,,5.0,5.0,3.68,5.0,5.0,,,0.0,9.0,2.0,2.0,0.0,,1.0,4.0,0.0,,25.0,107.0
2023,2021013031,2023-06-14,1300079.0,上林 誠知,51.0,中,12,1.0,0.0,1.0,1.0,0.0,0.0,0.0,0.0,0.0,0.0,0.0,,0.0,0.0,0.0,0.0,0.0,0.0,,,,,,,,,,,,,,,,,,,,,,
2023,2021013031,2023-06-14,1400127.0,栗原 陵矢,24.0,三,12,1.0,1.0,4.0,3.0,1.0,1.0,0.0,0.0,1.0,2.0,0.0,,1.0,1.0,0.0,0.0,0.0,0.0,,,,,,,,,,,,,,,,,,,,,,
2023,2021013031,2023-06-14,1500042.0,高橋 奎二,47.0,投,2,1.0,1.0,2.0,1.0,0.0,0.0,0.0,0.0,0.0,0.0,0.0,,0.0,0.0,0.0,1.0,0.0,0.0,1.0,1.0,,2.0,4.0,4.29,6.0,6.0,,,0.0,6.0,3.0,3.0,2.0,,1.0,7.0,0.0,,24.0,99.0
2023,2021013031,2023-06-14,1500140.0,谷川原 健太,45.0,左,12,1.0,0.0,1.0,1.0,0.0,1.0,0.0,0.0,0.0,0.0,0.0,,0.0,0.0,0.0,0.0,0.0,0.0,,,,,,,,,,,,,,,,,,,,,,
2023,2021013031,2023-06-14,1560184.0,オスナ,54.0,投,12,1.0,0.0,0.0,0.0,0.0,0.0,0.0,0.0,0.0,0.0,0.0,,0.0,0.0,0.0,0.0,0.0,0.0,5.0,1.0,0.0,0.0,0.0,0.45,1.0,1.0,,,12.0,0.0,0.0,0.0,0.0,,0.0,0.0,0.0,,3.0,7.0
2023,2021013031,2023-06-14,1600167.0,三森 大貴,13.0,打,12,1.0,0.0,1.0,1.0,0.0,0.0,0.0,0.0,0.0,0.0,0.0,,0.0,0.0,0.0,0.0,0.0,0.0,,,,,,,,,,,,,,,,,,,,,,
2023,2021013031,2023-06-14,1700011.0,モイネロ,35.0,投,12,1.0,0.0,0.0,0.0,0.0,0.0,0.0,0.0,0.0,0.0,0.0,,0.0,0.0,0.0,0.0,0.0,0.0,4.0,1.0,0.0,2.0,0.0,0.79,1.0,1.0,,,3.0,0.0,0.0,0.0,0.0,,0.0,2.0,0.0,,3.0,10.0
2023,2021013031,2023-06-14,1700084.0,村上 宗隆,55.0,三,2,1.0,1.0,4.0,3.0,0.0,0.0,0.0,0.0,0.0,0.0,0.0,,1.0,3.0,0.0,0.0,0.0,0.0,,,,,,,,,,,,,,,,,,,,,,
2023,2021013031,2023-06-14,1700135.0,周東 佑京,23.0,三,12,1.0,0.0,0.0,0.0,0.0,0.0,0.0,0.0,0.0,0.0,0.0,,0.0,0.0,0.0,0.0,0.0,0.0,,,,,,,,,,,,,,,,,,,,,,
2023,2021013031,2023-06-14,1800106.0,甲斐野 央,20.0,投,12,1.0,0.0,0.0,0.0,0.0,0.0,0.0,0.0,0.0,0.0,0.0,,0.0,0.0,0.0,0.0,0.0,0.0,3.0,1.0,0.0,0.0,0.0,2.7,1.0,1.0,,,0.0,0.0,0.0,0.0,0.0,,0.0,2.0,0.0,,3.0,14.0
2023,2021013031,2023-06-14,1800108.0,野村 大樹,55.0,打,12,1.0,0.0,1.0,1.0,0.0,0.0,0.0,0.0,0.0,0.0,0.0,,0.0,0.0,0.0,0.0,0.0,0.0,,,,,,,,,,,,,,,,,,,,,,
2023,2021013031,2023-06-14,1900027.0,大西 広樹,44.0,投,2,1.0,0.0,0.0,0.0,0.0,0.0,0.0,0.0,0.0,0.0,0.0,,0.0,0.0,0.0,0.0,0.0,0.0,3.0,1.0,0.0,1.0,1.0,3.81,1.0,1.0,,,0.0,1.0,0.0,0.0,0.0,,0.0,1.0,0.0,,4.0,15.0
2023,2021013031,2023-06-14,1900028.0,長岡 秀樹,7.0,遊,2,1.0,1.0,4.0,4.0,0.0,3.0,1.0,0.0,0.0,1.0,0.0,,0.0,0.0,0.0,0.0,0.0,0.0,,,,,,,,,,,,,,,,,,,,,,
2023,2021013031,2023-06-14,1900104.0,柳町 達,32.0,打,12,1.0,0.0,1.0,1.0,0.0,0.0,0.0,0.0,0.0,0.0,0.0,,0.0,0.0,0.0,0.0,0.0,0.0,,,,,,,,,,,,,,,,,,,,,,
2023,2021013031,2023-06-14,2000026.0,内山 壮真,33.0,中,2,1.0,1.0,5.0,5.0,1.0,1.0,1.0,0.0,0.0,0.0,0.0,,0.0,2.0,0.0,0.0,0.0,0.0,,,,,,,,,,,,,,,,,,,,,,
2023,2021013031,2023-06-14,2000033.0,丸山 翔大,68.0,投,2,1.0,0.0,0.0,0.0,0.0,0.0,0.0,0.0,0.0,0.0,0.0,,0.0,0.0,0.0,0.0,0.0,0.0,2.0,1.0,0.0,0.0,0.0,2.25,2.0,2.0,,,0.0,2.0,0.0,0.0,0.0,,1.0,0.0,0.0,,8.0,29.0
2023,2021013031,2023-06-14,2000133.0,オスナ,13.0,一,2,1.0,1.0,4.0,4.0,0.0,2.0,1.0,0.0,0.0,0.0,0.0,,0.0,1.0,0.0,0.0,0.0,0.0,,,,,,,,,,,,,,,,,,,,,,
2023,2021013031,2023-06-14,2000135.0,サンタナ,25.0,右,2,1.0,1.0,4.0,4.0,0.0,1.0,0.0,0.0,0.0,1.0,0.0,,0.0,1.0,0.0,0.0,0.0,0.0,,,,,,,,,,,,,,,,,,,,,,
2023,2021013031,2023-06-14,2103735.0,正木 智也,31.0,中,12,1.0,1.0,2.0,2.0,0.0,0.0,0.0,0.0,0.0,0.0,0.0,,0.0,2.0,0.0,0.0,0.0,0.0,,,,,,,,,,,,,,,,,,,,,,
2023,2021013032,2023-06-14,600003.0,大和,9.0,遊,3,1.0,1.0,3.0,3.0,0.0,2.0,0.0,0.0,0.0,0.0,0.0,,0.0,1.0,0.0,0.0,0.0,0.0,,,,,,,,,,,,,,,,,,,,,,
2023,2021013032,2023-06-14,800075.0,伊藤 光,29.0,捕,3,1.0,1.0,3.0,3.0,0.0,0.0,0.0,0.0,0.0,0.0,0.0,,0.0,1.0,0.0,0.0,0.0,0.0,,,,,,,,,,,,,,,,,,,,,,
2023,2021013032,2023-06-14,1100095.0,松本 剛,7.0,左,8,1.0,1.0,3.0,3.0,0.0,0.0,0.0,0.0,0.0,0.0,0.0,,0.0,2.0,0.0,0.0,0.0,0.0,,,,,,,,,,,,,,,,,,,,,,
2023,2021013032,2023-06-14,1200053.0,宮崎 敏郎,51.0,三,3,1.0,1.0,3.0,3.0,1.0,1.0,1.0,0.0,0.0,0.0,0.0,,0.0,1.0,0.0,0.0,0.0,0.0,,,,,,,,,,,,,,,,,,,,,,
2023,2021013032,2023-06-14,1251037.0,上川畑 大悟,4.0,遊,8,1.0,1.0,3.0,3.0,0.0,0.0,0.0,0.0,0.0,0.0,0.0,,0.0,0.0,0.0,0.0,0.0,0.0,,,,,,,,,,,,,,,,,,,,,,
2023,2021013032,2023-06-14,1300038.0,関根 大気,63.0,右左,3,1.0,1.0,4.0,4.0,0.0,1.0,0.0,0.0,0.0,0.0,0.0,,0.0,0.0,0.0,0.0,0.0,0.0,,,,,,,,,,,,,,,,,,,,,,
2023,2021013032,2023-06-14,1400170.0,江越 大賀,37.0,走,8,1.0,0.0,0.0,0.0,0.0,0.0,0.0,0.0,0.0,0.0,2.0,,0.0,0.0,0.0,0.0,0.0,0.0,,,,,,,,,,,,,,,,,,,,,,
2023,2021013032,2023-06-14,1460045.0,バウアー,96.0,投,3,1.0,1.0,3.0,3.0,0.0,0.0,0.0,0.0,0.0,0.0,0.0,,0.0,1.0,0.0,0.0,0.0,0.0,1.0,1.0,,4.0,2.0,4.0,9.0,9.0,,,0.0,3.0,1.0,1.0,1.0,,1.0,12.0,0.0,,30.0,113.0
2023,2021013032,2023-06-14,1460315.0,アルカンタラ,6.0,中,8,1.0,1.0,3.0,3.0,0.0,0.0,0.0,0.0,0.0,0.0,0.0,,0.0,2.0,0.0,0.0,0.0,0.0,,,,,,,,,,,,,,,,,,,,,,
2023,2021013032,2023-06-14,1500110.0,加藤 貴之,14.0,投,8,1.0,1.0,2.0,2.0,0.0,0.0,0.0,0.0,0.0,0.0,0.0,,0.0,2.0,0.0,0.0,0.0,0.0,1.0,1.0,,4.0,5.0,2.15,8.0,8.0,,,0.0,7.0,2.0,2.0,0.0,,0.0,4.0,0.0,,29.0,102.0
2023,2021013032,2023-06-14,1600089.0,佐野 恵太,7.0,左一,3,1.0,1.0,3.0,3.0,0.0,0.0,0.0,0.0,0.0,0.0,0.0,,0.0,0.0,0.0,0.0,0.0,0.0,,,,,,,,,,,,,,,,,,,,,,
2023,2021013032,2023-06-14,1600134.0,石井 一成,38.0,打,8,1.0,0.0,1.0,1.0,0.0,1.0,0.0,0.0,0.0,0.0,0.0,,0.0,0.0,0.0,0.0,0.0,0.0,,,,,,,,,,,,,,,,,,,,,,
2023,2021013032,2023-06-14,1600138.0,郡 拓也,60.0,打,8,1.0,0.0,1.0,1.0,0.0,0.0,0.0,0.0,0.0,0.0,0.0,,0.0,0.0,0.0,0.0,0.0,0.0,,,,,,,,,,,,,,,,,,,,,,
2023,2021013032,2023-06-14,1700020.0,ソト,99.0,一,3,1.0,1.0,3.0,3.0,0.0,1.0,1.0,0.0,0.0,2.0,0.0,,0.0,0.0,0.0,0.0,0.0,0.0,,,,,,,,,,,,,,,,,,,,,,
2023,2021013032,2023-06-14,1700025.0,清宮 幸太郎,21.0,一,8,1.0,1.0,4.0,4.0,0.0,1.0,0.0,0.0,0.0,0.0,1.0,,0.0,2.0,0.0,0.0,0.0,0.0,,,,,,,,,,,,,,,,,,,,,,
2023,2021013032,2023-06-14,1700059.0,神里 和毅,8.0,右,3,1.0,0.0,0.0,0.0,0.0,0.0,0.0,0.0,0.0,0.0,0.0,,0.0,0.0,0.0,0.0,0.0,0.0,,,,,,,,,,,,,,,,,,,,,,
2023,2021013032,2023-06-14,1800008.0,マルティネス,2.0,捕,8,1.0,1.0,3.0,2.0,0.0,0.0,0.0,0.0,0.0,0.0,0.0,,1.0,0.0,0.0,0.0,0.0,0.0,,,,,,,,,,,,,,,,,,,,,,
2023,2021013032,2023-06-14,1800091.0,野村 佑希,5.0,三,8,1.0,1.0,3.0,3.0,0.0,0.0,0.0,0.0,0.0,0.0,0.0,,0.0,1.0,0.0,0.0,0.0,0.0,,,,,,,,,,,,,,,,,,,,,,
2023,2021013032,2023-06-14,1800093.0,万波 中正,66.0,右,8,1.0,1.0,3.0,3.0,1.0,1.0,0.0,0.0,1.0,1.0,0.0,,0.0,1.0,0.0,0.0,0.0,0.0,,,,,,,,,,,,,,,,,,,,,,
2023,2021013032,2023-06-14,1900035.0,蝦名 達夫,61.0,中,3,1.0,1.0,4.0,3.0,0.0,0.0,0.0,0.0,0.0,0.0,0.0,,0.0,0.0,0.0,1.0,0.0,0.0,,,,,,,,,,,,,,,,,,,,,,
2023,2021013032,2023-06-14,1961860.0,加藤 豪将,3.0,二,8,1.0,1.0,4.0,4.0,0.0,0.0,0.0,0.0,0.0,0.0,0.0,,0.0,2.0,0.0,0.0,0.0,0.0,,,,,,,,,,,,,,,,,,,,,,
2023,2021013032,2023-06-14,2000035.0,牧 秀悟,2.0,二,3,1.0,1.0,3.0,3.0,1.0,2.0,0.0,0.0,0.0,0.0,0.0,,0.0,0.0,0.0,0.0,0.0,0.0,,,,,,,,,,,,,,,,,,,,,,
2023,2021013033,2023-06-14,500014.0,涌井 秀章,20.0,投,4,1.0,1.0,1.0,1.0,0.0,0.0,0.0,0.0,0.0,0.0,0.0,,0.0,1.0,0.0,0.0,0.0,0.0,1.0,1.0,,2.0,7.0,3.6,6.0,6.0,,,0.0,7.0,2.0,2.0,0.0,,2.0,5.0,0.0,,26.0,93.0
2023,2021013033,2023-06-14,900410.0,大島 洋平,8.0,左,4,1.0,1.0,4.0,4.0,0.0,0.0,0.0,0.0,0.0,0.0,0.0,,0.0,1.0,0.0,0.0,0.0,0.0,,,,,,,,,,,,,,,,,,,,,,
2023,2021013033,2023-06-14,1000083.0,澤村 拓一,54.0,投,9,1.0,0.0,0.0,0.0,0.0,0.0,0.0,0.0,0.0,0.0,0.0,,0.0,0.0,0.0,0.0,0.0,0.0,4.0,1.0,0.0,3.0,2.0,6.2,1.0,1.0,,,2.0,1.0,0.0,0.0,0.0,,0.0,0.0,0.0,,4.0,21.0
2023,2021013033,2023-06-14,1100069.0,高橋 周平,3.0,三,4,1.0,0.0,1.0,1.0,0.0,0.0,0.0,0.0,0.0,0.0,0.0,,0.0,1.0,0.0,0.0,0.0,0.0,,,,,,,,,,,,,,,,,,,,,,
2023,2021013033,2023-06-14,1100104.0,益田 直也,52.0,投,9,1.0,0.0,0.0,0.0,0.0,0.0,0.0,0.0,0.0,0.0,0.0,,0.0,0.0,0.0,0.0,0.0,0.0,5.0,1.0,0.0,1.0,0.0,1.82,1.0,1.0,,,17.0,0.0,0.0,0.0,0.0,,0.0,1.0,0.0,,3.0,12.0
2023,2021013033,2023-06-14,1200097.0,加藤 翔平,52.0,打,4,1.0,0.0,1.0,1.0,0.0,0.0,0.0,0.0,0.0,0.0,0.0,,0.0,0.0,0.0,0.0,0.0,0.0,,,,,,,,,,,,,,,,,,,,,,
2023,2021013033,2023-06-14,1300044.0,岡 大海,25.0,右,9,1.0,1.0,4.0,4.0,0.0,2.0,0.0,0.0,0.0,1.0,0.0,,0.0,0.0,0.0,0.0,0.0,0.0,,,,,,,,,,,,,,,,,,,,,,
2023,2021013033,2023-06-14,1400188.0,中村 奨吾,8.0,二,9,1.0,1.0,4.0,4.0,0.0,1.0,1.0,0.0,0.0,0.0,0.0,,0.0,1.0,0.0,0.0,0.0,0.0,,,,,,,,,,,,,,,,,,,,,,
2023,2021013033,2023-06-14,1500076.0,木下 拓哉,35.0,捕,4,1.0,1.0,2.0,2.0,0.0,1.0,0.0,0.0,0.0,0.0,0.0,,0.0,0.0,0.0,0.0,0.0,0.0,,,,,,,,,,,,,,,,,,,,,,
2023,2021013033,2023-06-14,1500077.0,福 敬登,34.0,投,4,1.0,0.0,0.0,0.0,0.0,0.0,0.0,0.0,0.0,0.0,0.0,,0.0,0.0,0.0,0.0,0.0,0.0,4.0,1.0,0.0,1.0,0.0,3.09,1.0,1.0,,,0.0,1.0,0.0,0.0,0.0,,0.0,2.0,0.0,,4.0,16.0
2023,2021013033,2023-06-14,1500141.0,茶谷 健太,67.0,一,9,1.0,0.0,0.0,0.0,0.0,0.0,0.0,0.0,0.0,0.0,0.0,,0.0,0.0,0.0,0.0,0.0,0.0,,,,,,,,,,,,,,,,,,,,,,
2023,2021013033,2023-06-14,1600021.0,ビシエド,66.0,一,4,1.0,1.0,4.0,4.0,0.0,0.0,0.0,0.0,0.0,0.0,0.0,,0.0,1.0,0.0,0.0,0.0,0.0,,,,,,,,,,,,,,,,,,,,,,
2023,2021013033,2023-06-14,1600085.0,細川 成也,0.0,右,4,1.0,1.0,4.0,4.0,0.0,0.0,0.0,0.0,0.0,0.0,0.0,,0.0,3.0,0.0,0.0,0.0,0.0,,,,,,,,,,,,,,,,,,,,,,
2023,2021013033,2023-06-14,1600110.0,藤嶋 健人,54.0,投,4,1.0,0.0,0.0,0.0,0.0,0.0,0.0,0.0,0.0,0.0,0.0,,0.0,0.0,0.0,0.0,0.0,0.0,2.0,1.0,0.0,0.0,0.0,1.76,1.0,1.0,,,0.0,0.0,0.0,0.0,0.0,,0.0,0.0,0.0,,3.0,9.0
2023,2021013033,2023-06-14,1600146.0,種市 篤暉,16.0,投,9,1.0,1.0,2.0,2.0,0.0,0.0,0.0,0.0,0.0,0.0,0.0,,0.0,0.0,0.0,0.0,0.0,0.0,1.0,1.0,,4.0,2.0,2.47,5.666666666666667,5.2,,,0.0,5.0,1.0,1.0,0.0,,1.0,9.0,0.0,,21.0,109.0
2023,2021013033,2023-06-14,1660014.0,ペルドモ,55.0,投,9,1.0,0.0,0.0,0.0,0.0,0.0,0.0,0.0,0.0,0.0,0.0,,0.0,0.0,0.0,0.0,0.0,0.0,3.0,1.0,0.0,0.0,0.0,1.8,1.0,1.0,,,1.0,1.0,0.0,0.0,0.0,,0.0,0.0,0.0,,4.0,14.0
2023,2021013033,2023-06-14,1700092.0,安田 尚憲,5.0,三,9,1.0,1.0,4.0,4.0,1.0,2.0,1.0,0.0,0.0,0.0,0.0,,0.0,0.0,0.0,0.0,0.0,0.0,,,,,,,,,,,,,,,,,,,,,,
2023,2021013033,2023-06-14,1700093.0,藤岡 裕大,4.0,遊,9,1.0,1.0,5.0,5.0,0.0,0.0,0.0,0.0,0.0,0.0,0.0,,0.0,2.0,0.0,0.0,0.0,0.0,,,,,,,,,,,,,,,,,,,,,,
2023,2021013033,2023-06-14,1700095.0,菅野 剛士,31.0,左,9,1.0,1.0,4.0,3.0,0.0,1.0,0.0,0.0,0.0,0.0,0.0,,1.0,0.0,0.0,0.0,0.0,0.0,,,,,,,,,,,,,,,,,,,,,,
2023,2021013033,2023-06-14,1700098.0,和田 康士朗,63.0,走左,9,1.0,0.0,0.0,0.0,0.0,0.0,0.0,0.0,0.0,0.0,1.0,,0.0,0.0,0.0,0.0,0.0,0.0,,,,,,,,,,,,,,,,,,,,,,
2023,2021013033,2023-06-14,1700105.0,伊藤 康祐,49.0,走,4,1.0,0.0,0.0,0.0,0.0,0.0,0.0,0.0,0.0,0.0,0.0,,0.0,0.0,0.0,0.0,0.0,0.0,,,,,,,,,,,,,,,,,,,,,,
2023,2021013033,2023-06-14,1750223.0,村松 開人,5.0,二,4,1.0,1.0,4.0,3.0,0.0,3.0,0.0,0.0,0.0,0.0,0.0,,1.0,0.0,0.0,0.0,0.0,0.0,,,,,,,,,,,,,,,,,,,,,,
2023,2021013033,2023-06-14,1800050.0,藤原 恭大,1.0,中,9,1.0,1.0,5.0,5.0,1.0,1.0,1.0,0.0,0.0,0.0,0.0,,0.0,2.0,0.0,0.0,0.0,0.0,,,,,,,,,,,,,,,,,,,,,,
2023,2021013033,2023-06-14,1800051.0,東妻 勇輔,24.0,投,9,1.0,0.0,0.0,0.0,0.0,0.0,0.0,0.0,0.0,0.0,0.0,,0.0,0.0,0.0,0.0,0.0,0.0,2.0,1.0,0.0,0.0,1.0,1.38,0.3333333333333333,0.1,,,0.0,0.0,0.0,0.0,0.0,,0.0,1.0,0.0,,1.0,4.0
2023,2021013033,2023-06-14,1800053.0,山口 航輝,51.0,一,9,1.0,1.0,4.0,4.0,0.0,2.0,0.0,0.0,0.0,1.0,0.0,,0.0,1.0,0.0,0.0,0.0,0.0,,,,,,,,,,,,,,,,,,,,,,
2023,2021013033,2023-06-14,1800061.0,勝野 昌慶,41.0,投,4,1.0,0.0,0.0,0.0,0.0,0.0,0.0,0.0,0.0,0.0,0.0,,0.0,0.0,0.0,0.0,0.0,0.0,3.0,1.0,0.0,3.0,1.0,1.42,1.0,1.0,,,0.0,2.0,0.0,0.0,0.0,,0.0,0.0,0.0,,5.0,12.0
2023,2021013033,2023-06-14,1800062.0,石橋 康太,58.0,捕,4,1.0,0.0,1.0,0.0,0.0,0.0,0.0,0.0,0.0,0.0,0.0,,0.0,0.0,0.0,1.0,0.0,0.0,,,,,,,,,,,,,,,,,,,,,,
2023,2021013033,2023-06-14,1900037.0,石川 昂弥,25.0,打,4,1.0,0.0,1.0,1.0,0.0,0.0,0.0,0.0,0.0,0.0,0.0,,0.0,1.0,0.0,0.0,0.0,0.0,,,,,,,,,,,,,,,,,,,,,,
2023,2021013033,2023-06-14,1900041.0,岡林 勇希,60.0,中,4,1.0,1.0,4.0,4.0,0.0,1.0,0.0,0.0,0.0,1.0,0.0,,0.0,1.0,0.0,0.0,0.0,0.0,,,,,,,,,,,,,,,,,,,,,,
2023,2021013033,2023-06-14,1900081.0,佐藤 都志也,32.0,捕,9,1.0,1.0,4.0,3.0,0.0,1.0,0.0,0.0,0.0,0.0,0.0,,1.0,1.0,0.0,0.0,0.0,0.0,,,,,,,,,,,,,,,,,,,,,,
2023,2021013033,2023-06-14,1900097.0,大下 誠一郎,39.0,打,9,1.0,0.0,1.0,1.0,0.0,0.0,0.0,0.0,0.0,0.0,0.0,,0.0,0.0,0.0,0.0,0.0,0.0,,,,,,,,,,,,,,,,,,,,,,
2023,2021013033,2023-06-14,2000044.0,龍空,45.0,遊,4,1.0,1.0,3.0,3.0,1.0,1.0,0.0,0.0,0.0,0.0,0.0,,0.0,0.0,0.0,0.0,0.0,0.0,,,,,,,,,,,,,,,,,,,,,,
2023,2021013033,2023-06-14,2103693.0,池田 来翔,0.0,打,9,1.0,0.0,1.0,0.0,0.0,0.0,0.0,0.0,0.0,0.0,0.0,,0.0,0.0,0.0,1.0,0.0,0.0,,,,,,,,,,,,,,,,,,,,,,
2023,2021013033,2023-06-14,2103780.0,福永 裕基,68.0,三,4,1.0,1.0,3.0,3.0,0.0,1.0,0.0,0.0,0.0,0.0,0.0,,0.0,2.0,0.0,0.0,0.0,0.0,,,,,,,,,,,,,,,,,,,,,,
2023,2021013034,2023-06-14,900062.0,西 勇輝,16.0,投,5,1.0,1.0,2.0,2.0,0.0,0.0,0.0,0.0,0.0,0.0,0.0,,0.0,1.0,0.0,0.0,0.0,0.0,1.0,1.0,,4.0,4.0,4.18,6.0,6.0,,,0.0,5.0,2.0,2.0,0.0,,2.0,3.0,1.0,,25.0,94.0
2023,2021013034,2023-06-14,900426.0,原口 文仁,94.0,打,5,1.0,0.0,1.0,1.0,0.0,0.0,0.0,0.0,0.0,0.0,0.0,,0.0,1.0,0.0,0.0,0.0,0.0,,,,,,,,,,,,,,,,,,,,,,
2023,2021013034,2023-06-14,1000011.0,山田 修義,57.0,投,11,1.0,0.0,0.0,0.0,0.0,0.0,0.0,0.0,0.0,0.0,0.0,,0.0,0.0,0.0,0.0,0.0,0.0,3.0,1.0,0.0,0.0,0.0,1.13,1.0,1.0,,,0.0,1.0,0.0,0.0,0.0,,0.0,1.0,0.0,,4.0,20.0
2023,2021013034,2023-06-14,1100105.0,安達 了一,3.0,打,11,1.0,0.0,1.0,1.0,0.0,1.0,0.0,0.0,0.0,0.0,0.0,,0.0,0.0,0.0,0.0,0.0,0.0,,,,,,,,,,,,,,,,,,,,,,
2023,2021013034,2023-06-14,1160424.0,ゴンザレス,8.0,二,11,1.0,1.0,4.0,3.0,1.0,0.0,0.0,0.0,0.0,0.0,0.0,,0.0,1.0,1.0,0.0,0.0,0.0,,,,,,,,,,,,,,,,,,,,,,
2023,2021013034,2023-06-14,1300070.0,岩貞 祐太,14.0,投,5,1.0,0.0,0.0,0.0,0.0,0.0,0.0,0.0,0.0,0.0,0.0,,0.0,0.0,0.0,0.0,0.0,0.0,3.0,1.0,0.0,0.0,0.0,1.96,1.0,1.0,,,0.0,0.0,0.0,0.0,0.0,,0.0,1.0,0.0,,3.0,8.0
2023,2021013034,2023-06-14,1300073.0,梅野 隆太郎,2.0,捕,5,1.0,1.0,4.0,3.0,1.0,0.0,0.0,0.0,0.0,0.0,0.0,,1.0,3.0,0.0,0.0,0.0,0.0,,,,,,,,,,,,,,,,,,,,,,
2023,2021013034,2023-06-14,1300076.0,加治屋 蓮,54.0,投,5,1.0,0.0,0.0,0.0,0.0,0.0,0.0,0.0,0.0,0.0,0.0,,0.0,0.0,0.0,0.0,0.0,0.0,2.0,1.0,0.0,0.0,0.0,0.0,1.0,1.0,,,1.0,2.0,1.0,0.0,0.0,,0.0,0.0,0.0,,5.0,18.0
2023,2021013034,2023-06-14,1300100.0,森 友哉,4.0,捕,11,1.0,1.0,4.0,4.0,0.0,1.0,0.0,0.0,0.0,1.0,0.0,,0.0,1.0,0.0,0.0,0.0,0.0,,,,,,,,,,,,,,,,,,,,,,
2023,2021013034,2023-06-14,1400196.0,宗 佑磨,6.0,三,11,1.0,1.0,4.0,4.0,0.0,0.0,0.0,0.0,0.0,0.0,0.0,,0.0,0.0,0.0,0.0,0.0,0.0,,,,,,,,,,,,,,,,,,,,,,
2023,2021013034,2023-06-14,1500041.0,廣岡 大志,30.0,右三,11,1.0,1.0,5.0,4.0,1.0,2.0,1.0,0.0,0.0,2.0,0.0,,1.0,0.0,0.0,0.0,0.0,0.0,,,,,,,,,,,,,,,,,,,,,,
2023,2021013034,2023-06-14,1500135.0,杉本 裕太郎,99.0,左,11,1.0,1.0,4.0,4.0,0.0,1.0,0.0,0.0,0.0,0.0,0.0,,0.0,1.0,0.0,0.0,0.0,0.0,,,,,,,,,,,,,,,,,,,,,,
2023,2021013034,2023-06-14,1600113.0,大山 悠輔,3.0,一,5,1.0,1.0,5.0,3.0,1.0,0.0,0.0,0.0,0.0,1.0,0.0,,1.0,1.0,0.0,0.0,1.0,0.0,,,,,,,,,,,,,,,,,,,,,,
2023,2021013034,2023-06-14,1600117.0,糸原 健斗,33.0,打,5,1.0,0.0,1.0,1.0,0.0,0.0,0.0,0.0,0.0,0.0,0.0,,0.0,0.0,0.0,0.0,0.0,0.0,,,,,,,,,,,,,,,,,,,,,,
2023,2021013034,2023-06-14,1700080.0,島田 海吏,53.0,走右,5,1.0,0.0,0.0,0.0,0.0,0.0,0.0,0.0,0.0,0.0,0.0,,0.0,0.0,0.0,0.0,0.0,0.0,,,,,,,,,,,,,,,,,,,,,,
2023,2021013034,2023-06-14,1700112.0,本田 仁海,46.0,投,11,1.0,0.0,0.0,0.0,0.0,0.0,0.0,0.0,0.0,0.0,0.0,,0.0,0.0,0.0,0.0,0.0,0.0,2.0,1.0,0.0,1.0,1.0,5.11,1.3333333333333333,1.1,,,0.0,2.0,1.0,1.0,0.0,,1.0,2.0,0.0,,7.0,23.0
2023,2021013034,2023-06-14,1750595.0,曽谷 龍平,17.0,投,11,1.0,1.0,1.0,1.0,0.0,0.0,0.0,0.0,0.0,0.0,0.0,,0.0,1.0,0.0,0.0,0.0,0.0,1.0,1.0,,0.0,2.0,7.2,3.6666666666666665,3.2,,,0.0,5.0,6.0,6.0,0.0,,2.0,5.0,1.0,,19.0,81.0
2023,2021013034,2023-06-14,1751068.0,野口 智哉,9.0,遊,11,1.0,0.0,2.0,2.0,0.0,0.0,0.0,0.0,0.0,0.0,0.0,,0.0,0.0,0.0,0.0,0.0,0.0,,,,,,,,,,,,,,,,,,,,,,
2023,2021013034,2023-06-14,1800065.0,近本 光司,5.0,中,5,1.0,1.0,5.0,5.0,2.0,2.0,0.0,1.0,0.0,1.0,0.0,,0.0,2.0,0.0,0.0,0.0,0.0,,,,,,,,,,,,,,,,,,,,,,
2023,2021013034,2023-06-14,1800067.0,木浪 聖也,0.0,遊,5,1.0,1.0,4.0,3.0,0.0,2.0,0.0,0.0,0.0,1.0,0.0,,0.0,1.0,0.0,1.0,0.0,0.0,,,,,,,,,,,,,,,,,,,,,,
2023,2021013034,2023-06-14,1800099.0,頓宮 裕真,44.0,一,11,1.0,1.0,4.0,3.0,0.0,1.0,0.0,0.0,0.0,0.0,0.0,,1.0,0.0,0.0,0.0,0.0,0.0,,,,,,,,,,,,,,,,,,,,,,
2023,2021013034,2023-06-14,1800104.0,中川 圭太,67.0,中,11,1.0,1.0,4.0,4.0,0.0,0.0,0.0,0.0,0.0,0.0,0.0,,0.0,0.0,0.0,0.0,0.0,0.0,,,,,,,,,,,,,,,,,,,,,,
2023,2021013034,2023-06-14,1900046.0,及川 雅貴,37.0,投,5,1.0,0.0,0.0,0.0,0.0,0.0,0.0,0.0,0.0,0.0,0.0,,0.0,0.0,0.0,0.0,0.0,0.0,4.0,1.0,0.0,2.0,1.0,1.4,1.0,1.0,,,0.0,1.0,0.0,0.0,0.0,,0.0,0.0,0.0,,4.0,12.0
2023,2021013034,2023-06-14,1900050.0,小野寺 暖,60.0,走左,5,1.0,0.0,0.0,0.0,0.0,0.0,0.0,0.0,0.0,0.0,0.0,,0.0,0.0,0.0,0.0,0.0,0.0,,,,,,,,,,,,,,,,,,,,,,
2023,2021013034,2023-06-14,1900088.0,紅林 弘太郎,24.0,遊,11,1.0,1.0,2.0,2.0,0.0,1.0,0.0,0.0,0.0,0.0,0.0,,0.0,0.0,0.0,0.0,0.0,0.0,,,,,,,,,,,,,,,,,,,,,,
2023,2021013034,2023-06-14,1900090.0,前 佑囲斗,43.0,投,11,1.0,0.0,0.0,0.0,0.0,0.0,0.0,0.0,0.0,0.0,0.0,,0.0,0.0,0.0,0.0,0.0,0.0,5.0,1.0,0.0,0.0,0.0,0.0,1.0,1.0,,,0.0,1.0,0.0,0.0,0.0,,0.0,2.0,0.0,,4.0,15.0
2023,2021013034,2023-06-14,1961251.0,ミエセス,55.0,右,5,1.0,1.0,4.0,3.0,1.0,1.0,0.0,0.0,0.0,1.0,0.0,,1.0,0.0,0.0,0.0,0.0,1.0,,,,,,,,,,,,,,,,,,,,,,
2023,2021013034,2023-06-14,1961285.0,ノイジー,7.0,左,5,1.0,1.0,5.0,4.0,1.0,2.0,1.0,0.0,0.0,2.0,0.0,,0.0,0.0,1.0,0.0,0.0,0.0,,,,,,,,,,,,,,,,,,,,,,
2023,2021013034,2023-06-14,2000051.0,佐藤 輝明,8.0,三,5,1.0,1.0,4.0,4.0,0.0,2.0,1.0,0.0,0.0,2.0,0.0,,0.0,1.0,0.0,0.0,0.0,0.0,,,,,,,,,,,,,,,,,,,,,,
2023,2021013034,2023-06-14,2000056.0,中野 拓夢,51.0,二,5,1.0,1.0,5.0,3.0,2.0,1.0,0.0,0.0,0.0,0.0,0.0,,2.0,1.0,0.0,0.0,0.0,0.0,,,,,,,,,,,,,,,,,,,,,,
2023,2021013034,2023-06-14,2000104.0,宇田川 優希,96.0,投,11,1.0,0.0,0.0,0.0,0.0,0.0,0.0,0.0,0.0,0.0,0.0,,0.0,0.0,0.0,0.0,0.0,0.0,4.0,1.0,0.0,0.0,0.0,2.08,1.0,1.0,,,0.0,1.0,1.0,1.0,0.0,,2.0,1.0,0.0,,6.0,22.0
2023,2021013034,2023-06-14,2107897.0,茶野 篤政,61.0,打右,11,1.0,0.0,2.0,2.0,1.0,1.0,0.0,0.0,0.0,0.0,0.0,,0.0,0.0,0.0,0.0,0.0,0.0,,,,,,,,,,,,,,,,,,,,,,
2023,2021013035,2023-06-14,600026.0,炭谷 銀仁朗,26.0,打,376,1.0,0.0,1.0,1.0,0.0,1.0,0.0,0.0,0.0,0.0,0.0,,0.0,0.0,0.0,0.0,0.0,0.0,,,,,,,,,,,,,,,,,,,,,,
2023,2021013035,2023-06-14,700069.0,田中 将大,18.0,投,376,1.0,1.0,2.0,2.0,0.0,0.0,0.0,0.0,0.0,0.0,0.0,,0.0,2.0,0.0,0.0,0.0,0.0,1.0,1.0,,3.0,4.0,4.12,6.0,6.0,,,0.0,8.0,2.0,2.0,0.0,,2.0,1.0,0.0,,26.0,98.0
2023,2021013035,2023-06-14,900056.0,浅村 栄斗,3.0,二,376,1.0,1.0,4.0,4.0,1.0,2.0,1.0,0.0,1.0,1.0,0.0,,0.0,1.0,0.0,0.0,0.0,0.0,,,,,,,,,,,,,,,,,,,,,,
2023,2021013035,2023-06-14,1000150.0,秋山 翔吾,9.0,中,6,1.0,1.0,4.0,4.0,0.0,1.0,0.0,0.0,0.0,0.0,0.0,,0.0,1.0,0.0,0.0,0.0,0.0,,,,,,,,,,,,,,,,,,,,,,
2023,2021013035,2023-06-14,1100082.0,菊池 涼介,33.0,二,6,1.0,1.0,5.0,3.0,0.0,3.0,1.0,0.0,0.0,2.0,1.0,,0.0,0.0,0.0,2.0,0.0,0.0,,,,,,,,,,,,,,,,,,,,,,
2023,2021013035,2023-06-14,1100103.0,鈴木 大地,7.0,一,376,1.0,1.0,4.0,4.0,0.0,0.0,0.0,0.0,0.0,0.0,0.0,,0.0,0.0,0.0,0.0,0.0,0.0,,,,,,,,,,,,,,,,,,,,,,
2023,2021013035,2023-06-14,1100130.0,岡島 豪郎,27.0,左,376,1.0,1.0,4.0,4.0,1.0,2.0,0.0,0.0,1.0,1.0,0.0,,0.0,0.0,0.0,0.0,0.0,0.0,,,,,,,,,,,,,,,,,,,,,,
2023,2021013035,2023-06-14,1200070.0,上本 崇司,0.0,打,6,1.0,0.0,1.0,1.0,1.0,1.0,0.0,0.0,0.0,0.0,0.0,,0.0,0.0,0.0,0.0,0.0,0.0,,,,,,,,,,,,,,,,,,,,,,
2023,2021013035,2023-06-14,1300058.0,九里 亜蓮,11.0,投,6,1.0,1.0,2.0,1.0,0.0,0.0,0.0,0.0,0.0,0.0,0.0,,0.0,0.0,0.0,1.0,0.0,0.0,1.0,1.0,,5.0,2.0,1.78,7.0,7.0,,,0.0,3.0,2.0,1.0,1.0,,0.0,6.0,0.0,,25.0,102.0
2023,2021013035,2023-06-14,1300059.0,田中 広輔,2.0,打,6,1.0,0.0,1.0,1.0,1.0,1.0,0.0,0.0,0.0,0.0,0.0,,0.0,0.0,0.0,0.0,0.0,0.0,,,,,,,,,,,,,,,,,,,,,,
2023,2021013035,2023-06-14,1300084.0,松井 裕樹,1.0,投,376,1.0,0.0,0.0,0.0,0.0,0.0,0.0,0.0,0.0,0.0,0.0,,0.0,0.0,0.0,0.0,0.0,0.0,5.0,1.0,0.0,1.0,2.0,0.89,0.3333333333333333,0.1,,,12.0,2.0,1.0,1.0,0.0,,0.0,0.0,0.0,,3.0,12.0
2023,2021013035,2023-06-14,1400139.0,安樂 智大,20.0,投,376,1.0,0.0,0.0,0.0,0.0,0.0,0.0,0.0,0.0,0.0,0.0,,0.0,0.0,0.0,0.0,0.0,1.0,2.0,1.0,0.0,0.0,0.0,2.91,0.0,0.0,,,0.0,2.0,1.0,1.0,0.0,,0.0,0.0,0.0,,3.0,10.0
2023,2021013035,2023-06-14,1400173.0,野間 峻祥,37.0,右,6,1.0,1.0,5.0,5.0,0.0,2.0,1.0,0.0,0.0,2.0,0.0,,0.0,0.0,0.0,0.0,0.0,0.0,,,,,,,,,,,,,,,,,,,,,,
2023,2021013035,2023-06-14,1460004.0,デビッドソン,95.0,三,6,1.0,1.0,4.0,4.0,0.0,1.0,0.0,0.0,0.0,0.0,0.0,,0.0,0.0,0.0,0.0,0.0,0.0,,,,,,,,,,,,,,,,,,,,,,
2023,2021013035,2023-06-14,1460250.0,フランコ,23.0,打,376,1.0,0.0,1.0,1.0,0.0,0.0,0.0,0.0,0.0,0.0,0.0,,0.0,0.0,0.0,0.0,0.0,0.0,,,,,,,,,,,,,,,,,,,,,,
2023,2021013035,2023-06-14,1500096.0,西川 龍馬,5.0,左,6,1.0,1.0,4.0,3.0,0.0,1.0,0.0,0.0,0.0,0.0,0.0,,1.0,1.0,0.0,0.0,0.0,0.0,,,,,,,,,,,,,,,,,,,,,,
2023,2021013035,2023-06-14,1560685.0,ターリー,68.0,投,6,1.0,0.0,0.0,0.0,0.0,0.0,0.0,0.0,0.0,0.0,0.0,,0.0,0.0,0.0,0.0,0.0,0.0,2.0,1.0,0.0,2.0,0.0,1.42,1.0,1.0,,,1.0,1.0,0.0,0.0,0.0,,1.0,0.0,0.0,,4.0,13.0
2023,2021013035,2023-06-14,1600012.0,宋 家豪,43.0,投,376,1.0,0.0,0.0,0.0,0.0,0.0,0.0,0.0,0.0,0.0,0.0,,0.0,0.0,0.0,0.0,0.0,0.0,4.0,1.0,0.0,1.0,0.0,3.14,1.0,1.0,,,0.0,0.0,0.0,0.0,0.0,,0.0,1.0,0.0,,3.0,15.0
2023,2021013035,2023-06-14,1600094.0,田中 和基,25.0,走,376,1.0,0.0,0.0,0.0,0.0,0.0,0.0,0.0,0.0,0.0,0.0,,0.0,0.0,0.0,0.0,0.0,0.0,,,,,,,,,,,,,,,,,,,,,,
2023,2021013035,2023-06-14,1600121.0,矢崎 拓也,41.0,投,6,1.0,0.0,0.0,0.0,0.0,0.0,0.0,0.0,0.0,0.0,0.0,,0.0,0.0,0.0,0.0,0.0,0.0,3.0,1.0,0.0,4.0,0.0,2.45,1.0,1.0,,,8.0,2.0,1.0,1.0,1.0,,0.0,0.0,0.0,,5.0,17.0
2023,2021013035,2023-06-14,1600124.0,坂倉 将吾,31.0,捕,6,1.0,1.0,4.0,4.0,0.0,2.0,0.0,0.0,0.0,0.0,0.0,,0.0,1.0,0.0,0.0,0.0,0.0,,,,,,,,,,,,,,,,,,,,,,
2023,2021013035,2023-06-14,1700034.0,山崎 剛,34.0,遊,376,1.0,1.0,4.0,4.0,0.0,0.0,0.0,0.0,0.0,0.0,0.0,,0.0,0.0,0.0,0.0,0.0,0.0,,,,,,,,,,,,,,,,,,,,,,
2023,2021013035,2023-06-14,1800044.0,伊藤 裕季也,39.0,打三,376,1.0,0.0,1.0,0.0,0.0,0.0,0.0,0.0,0.0,0.0,0.0,,0.0,0.0,0.0,1.0,0.0,0.0,,,,,,,,,,,,,,,,,,,,,,
2023,2021013035,2023-06-14,1800074.0,林 晃汰,44.0,一,6,1.0,1.0,4.0,4.0,1.0,0.0,0.0,0.0,0.0,0.0,0.0,,0.0,0.0,0.0,0.0,0.0,1.0,,,,,,,,,,,,,,,,,,,,,,
2023,2021013035,2023-06-14,1800117.0,辰己 涼介,8.0,中,376,1.0,1.0,4.0,3.0,0.0,0.0,0.0,0.0,0.0,0.0,0.0,,1.0,1.0,0.0,0.0,0.0,0.0,,,,,,,,,,,,,,,,,,,,,,
2023,2021013035,2023-06-14,1800118.0,太田 光,2.0,捕,376,1.0,0.0,0.0,0.0,0.0,0.0,0.0,0.0,0.0,0.0,0.0,,0.0,0.0,0.0,0.0,0.0,0.0,,,,,,,,,,,,,,,,,,,,,,
2023,2021013035,2023-06-14,1800123.0,小郷 裕哉,51.0,右,376,1.0,1.0,4.0,4.0,1.0,1.0,0.0,0.0,0.0,0.0,0.0,,0.0,0.0,0.0,0.0,0.0,0.0,,,,,,,,,,,,,,,,,,,,,,
2023,2021013035,2023-06-14,1800124.0,鈴木 翔天,56.0,投,376,1.0,0.0,0.0,0.0,0.0,0.0,0.0,0.0,0.0,0.0,0.0,,0.0,0.0,0.0,0.0,0.0,0.0,3.0,1.0,0.0,1.0,0.0,5.06,1.0,1.0,,,0.0,0.0,0.0,0.0,0.0,,0.0,2.0,0.0,,3.0,12.0
2023,2021013035,2023-06-14,1900055.0,韮澤 雄也,54.0,一,6,1.0,0.0,0.0,0.0,0.0,0.0,0.0,0.0,0.0,0.0,0.0,,0.0,0.0,0.0,0.0,0.0,0.0,,,,,,,,,,,,,,,,,,,,,,
2023,2021013035,2023-06-14,1900112.0,小深田 大翔,0.0,三,376,1.0,1.0,3.0,3.0,0.0,0.0,0.0,0.0,0.0,0.0,0.0,,0.0,0.0,0.0,0.0,0.0,0.0,,,,,,,,,,,,,,,,,,,,,,
2023,2021013035,2023-06-14,2000065.0,矢野 雅哉,61.0,遊,6,1.0,1.0,4.0,3.0,1.0,0.0,0.0,0.0,0.0,0.0,0.0,,1.0,1.0,0.0,0.0,0.0,0.0,,,,,,,,,,,,,,,,,,,,,,
2023,2021013035,2023-06-14,2103740.0,安田 悠馬,55.0,捕,376,1.0,1.0,2.0,2.0,0.0,0.0,0.0,0.0,0.0,0.0,0.0,,0.0,2.0,0.0,0.0,0.0,0.0,,,,,,,,,,,,,,,,,,,,,,
2023,2021013036,2023-06-15,12102.0,栗山 巧,1.0,打,7,1.0,0.0,1.0,0.0,0.0,0.0,0.0,0.0,0.0,0.0,0.0,,1.0,0.0,0.0,0.0,0.0,0.0,,,,,,,,,,,,,,,,,,,,,,
2023,2021013036,2023-06-15,700003.0,坂本 勇人,6.0,遊,1,1.0,1.0,5.0,4.0,1.0,2.0,0.0,0.0,1.0,1.0,0.0,,1.0,1.0,0.0,0.0,0.0,0.0,,,,,,,,,,,,,,,,,,,,,,
2023,2021013036,2023-06-15,700027.0,梶谷 隆幸,13.0,右,1,1.0,1.0,5.0,4.0,0.0,1.0,1.0,0.0,0.0,1.0,0.0,,0.0,0.0,0.0,1.0,0.0,0.0,,,,,,,,,,,,,,,,,,,,,,
2023,2021013036,2023-06-15,800043.0,丸 佳浩,8.0,中,1,1.0,1.0,4.0,3.0,1.0,0.0,0.0,0.0,0.0,0.0,0.0,,1.0,0.0,0.0,0.0,0.0,0.0,,,,,,,,,,,,,,,,,,,,,,
2023,2021013036,2023-06-15,800054.0,中田 翔,10.0,一,1,1.0,1.0,3.0,3.0,0.0,0.0,0.0,0.0,0.0,0.0,0.0,,0.0,0.0,0.0,0.0,0.0,0.0,,,,,,,,,,,,,,,,,,,,,,
2023,2021013036,2023-06-15,1200082.0,増田 達至,14.0,投,7,1.0,0.0,0.0,0.0,0.0,0.0,0.0,0.0,0.0,0.0,0.0,,0.0,0.0,0.0,0.0,0.0,0.0,4.0,1.0,0.0,2.0,1.0,5.79,1.0,1.0,,,9.0,0.0,0.0,0.0,0.0,,1.0,1.0,0.0,,4.0,14.0
2023,2021013036,2023-06-15,1200083.0,金子 侑司,7.0,左,7,1.0,1.0,4.0,3.0,0.0,2.0,1.0,0.0,0.0,1.0,0.0,,0.0,1.0,0.0,0.0,1.0,0.0,,,,,,,,,,,,,,,,,,,,,,
2023,2021013036,2023-06-15,1400101.0,岡本 和真,25.0,三一,1,1.0,1.0,4.0,3.0,0.0,0.0,0.0,0.0,0.0,0.0,0.0,,1.0,0.0,0.0,0.0,0.0,0.0,,,,,,,,,,,,,,,,,,,,,,
2023,2021013036,2023-06-15,1400184.0,外崎 修汰,5.0,二,7,1.0,1.0,5.0,5.0,0.0,2.0,0.0,0.0,0.0,0.0,0.0,,0.0,0.0,0.0,0.0,0.0,0.0,,,,,,,,,,,,,,,,,,,,,,
2023,2021013036,2023-06-15,1500047.0,重信 慎之介,43.0,走左,1,1.0,0.0,1.0,1.0,0.0,0.0,0.0,0.0,0.0,0.0,1.0,,0.0,1.0,0.0,0.0,0.0,0.0,,,,,,,,,,,,,,,,,,,,,,
2023,2021013036,2023-06-15,1500052.0,中川 皓太,41.0,投,1,1.0,0.0,0.0,0.0,0.0,0.0,0.0,0.0,0.0,0.0,0.0,,0.0,0.0,0.0,0.0,0.0,0.0,3.0,1.0,0.0,1.0,0.0,2.79,1.0,1.0,,,0.0,0.0,0.0,0.0,0.0,,0.0,1.0,0.0,,2.0,10.0
2023,2021013036,2023-06-15,1500112.0,平沼 翔太,31.0,走三,7,1.0,0.0,0.0,0.0,0.0,0.0,0.0,0.0,0.0,0.0,0.0,,0.0,0.0,0.0,0.0,0.0,0.0,,,,,,,,,,,,,,,,,,,,,,
2023,2021013036,2023-06-15,1600001.0,オコエ 瑠偉,50.0,打左,1,1.0,0.0,2.0,1.0,0.0,0.0,0.0,0.0,0.0,0.0,0.0,,0.0,1.0,0.0,1.0,0.0,0.0,,,,,,,,,,,,,,,,,,,,,,
2023,2021013036,2023-06-15,1600059.0,吉川 尚輝,2.0,二,1,1.0,1.0,4.0,4.0,1.0,1.0,0.0,0.0,0.0,0.0,0.0,,0.0,0.0,0.0,0.0,0.0,0.0,,,,,,,,,,,,,,,,,,,,,,
2023,2021013036,2023-06-15,1600100.0,高梨 雄平,53.0,投,1,1.0,0.0,0.0,0.0,0.0,0.0,0.0,0.0,0.0,0.0,0.0,,0.0,0.0,0.0,0.0,0.0,0.0,4.0,1.0,0.0,0.0,0.0,4.43,0.3333333333333333,0.1,,,0.0,0.0,0.0,0.0,0.0,,1.0,0.0,0.0,,2.0,8.0
2023,2021013036,2023-06-15,1600129.0,源田 壮亮,6.0,遊,7,1.0,1.0,5.0,5.0,0.0,1.0,0.0,0.0,0.0,0.0,0.0,,0.0,0.0,0.0,0.0,0.0,0.0,,,,,,,,,,,,,,,,,,,,,,
2023,2021013036,2023-06-15,1600131.0,平井 克典,25.0,投,7,1.0,0.0,0.0,0.0,0.0,0.0,0.0,0.0,0.0,0.0,0.0,,0.0,0.0,0.0,0.0,0.0,0.0,5.0,1.0,0.0,2.0,2.0,1.59,0.3333333333333333,0.1,,,0.0,2.0,1.0,1.0,0.0,,1.0,0.0,0.0,,4.0,7.0
2023,2021013036,2023-06-15,1700044.0,大城 卓三,24.0,捕,1,1.0,1.0,4.0,4.0,0.0,1.0,0.0,0.0,0.0,1.0,0.0,,0.0,0.0,0.0,0.0,0.0,0.0,,,,,,,,,,,,,,,,,,,,,,
2023,2021013036,2023-06-15,1700125.0,與座 海人,44.0,投,7,1.0,1.0,3.0,3.0,0.0,0.0,0.0,0.0,0.0,0.0,0.0,,0.0,2.0,0.0,0.0,0.0,0.0,1.0,1.0,,0.0,2.0,5.06,6.666666666666667,6.2,,,0.0,3.0,2.0,2.0,1.0,,2.0,2.0,0.0,,25.0,99.0
2023,2021013036,2023-06-15,1750472.0,古賀 悠斗,22.0,捕,7,1.0,1.0,4.0,3.0,0.0,0.0,0.0,0.0,0.0,0.0,0.0,,1.0,0.0,0.0,0.0,0.0,0.0,,,,,,,,,,,,,,,,,,,,,,
2023,2021013036,2023-06-15,1800085.0,森脇 亮介,28.0,投,7,1.0,0.0,0.0,0.0,0.0,0.0,0.0,0.0,0.0,0.0,0.0,,0.0,0.0,0.0,0.0,0.0,0.0,2.0,1.0,0.0,1.0,1.0,1.96,0.3333333333333333,0.1,,,2.0,0.0,0.0,0.0,0.0,,0.0,0.0,0.0,,1.0,2.0
2023,2021013036,2023-06-15,1900068.0,岸 潤一郎,68.0,右,7,1.0,1.0,5.0,5.0,0.0,0.0,0.0,0.0,0.0,0.0,0.0,,0.0,1.0,0.0,0.0,0.0,0.0,,,,,,,,,,,,,,,,,,,,,,
2023,2021013036,2023-06-15,2000006.0,山崎 伊織,19.0,投,1,1.0,1.0,2.0,2.0,0.0,0.0,0.0,0.0,0.0,0.0,0.0,,0.0,1.0,0.0,0.0,0.0,0.0,1.0,1.0,,4.0,1.0,3.07,8.0,8.0,,,0.0,6.0,2.0,2.0,0.0,,1.0,4.0,0.0,,31.0,106.0
2023,2021013036,2023-06-15,2000009.0,秋広 優人,55.0,左,1,1.0,1.0,3.0,2.0,0.0,1.0,0.0,0.0,0.0,0.0,0.0,,1.0,0.0,0.0,0.0,0.0,0.0,,,,,,,,,,,,,,,,,,,,,,
2023,2021013036,2023-06-15,2000067.0,渡部 健人,8.0,一,7,1.0,1.0,4.0,4.0,1.0,1.0,1.0,0.0,0.0,0.0,0.0,,0.0,1.0,0.0,0.0,0.0,0.0,,,,,,,,,,,,,,,,,,,,,,
2023,2021013036,2023-06-15,2000075.0,長谷川 信哉,63.0,中,7,1.0,1.0,4.0,2.0,0.0,0.0,0.0,0.0,0.0,1.0,0.0,,0.0,0.0,1.0,0.0,1.0,0.0,,,,,,,,,,,,,,,,,,,,,,
2023,2021013036,2023-06-15,2103697.0,大勢,15.0,投,1,1.0,0.0,0.0,0.0,0.0,0.0,0.0,0.0,0.0,0.0,0.0,,0.0,0.0,0.0,0.0,0.0,1.0,2.0,1.0,0.0,2.0,0.0,2.74,0.0,0.0,,,13.0,0.0,0.0,0.0,0.0,,0.0,0.0,1.0,,2.0,3.0
2023,2021013036,2023-06-15,2103705.0,菊地 大稀,96.0,投,1,1.0,0.0,0.0,0.0,0.0,0.0,0.0,0.0,0.0,0.0,0.0,,0.0,0.0,0.0,0.0,0.0,0.0,5.0,1.0,0.0,2.0,1.0,3.38,0.6666666666666666,0.2,,,0.0,1.0,0.0,0.0,0.0,,0.0,0.0,0.0,,3.0,13.0
2023,2021013036,2023-06-15,2103714.0,佐藤 隼輔,19.0,投,7,1.0,0.0,0.0,0.0,0.0,0.0,0.0,0.0,0.0,0.0,0.0,,0.0,0.0,0.0,0.0,0.0,0.0,3.0,1.0,0.0,1.0,1.0,1.57,1.0,1.0,,,0.0,1.0,0.0,0.0,0.0,,0.0,2.0,0.0,,4.0,16.0
2023,2021013036,2023-06-15,2103949.0,古市 尊,65.0,走,7,1.0,0.0,0.0,0.0,0.0,0.0,0.0,0.0,0.0,0.0,0.0,,0.0,0.0,0.0,0.0,0.0,0.0,,,,,,,,,,,,,,,,,,,,,,
2023,2021013036,2023-06-15,2107874.0,門脇 誠,35.0,走三,1,1.0,0.0,1.0,1.0,0.0,0.0,0.0,0.0,0.0,0.0,0.0,,0.0,1.0,0.0,0.0,0.0,0.0,,,,,,,,,,,,,,,,,,,,,,
2023,2021013036,2023-06-15,2108196.0,マキノン,30.0,三一,7,1.0,1.0,5.0,5.0,1.0,1.0,0.0,0.0,0.0,0.0,0.0,,0.0,0.0,0.0,0.0,0.0,0.0,,,,,,,,,,,,,,,,,,,,,,
2023,2021013037,2023-06-15,400021.0,青木 宣親,23.0,左,2,1.0,1.0,4.0,3.0,1.0,1.0,0.0,0.0,0.0,0.0,0.0,,1.0,0.0,0.0,0.0,0.0,0.0,,,,,,,,,,,,,,,,,,,,,,
2023,2021013037,2023-06-15,600011.0,川端 慎吾,5.0,打,2,1.0,0.0,1.0,0.0,0.0,0.0,0.0,0.0,0.0,0.0,0.0,,1.0,0.0,0.0,0.0,0.0,0.0,,,,,,,,,,,,,,,,,,,,,,
2023,2021013037,2023-06-15,800081.0,中村 晃,7.0,一,12,1.0,1.0,6.0,4.0,0.0,0.0,0.0,0.0,0.0,0.0,0.0,,1.0,3.0,0.0,1.0,0.0,0.0,,,,,,,,,,,,,,,,,,,,,,
2023,2021013037,2023-06-15,1000035.0,今宮 健太,6.0,遊,12,1.0,1.0,6.0,4.0,1.0,2.0,2.0,0.0,0.0,3.0,0.0,,1.0,0.0,0.0,0.0,1.0,1.0,,,,,,,,,,,,,,,,,,,,,,
2023,2021013037,2023-06-15,1000128.0,柳田 悠岐,9.0,右,12,1.0,1.0,6.0,6.0,0.0,0.0,0.0,0.0,0.0,0.0,0.0,,0.0,0.0,0.0,0.0,0.0,0.0,,,,,,,,,,,,,,,,,,,,,,
2023,2021013037,2023-06-15,1000132.0,山田 哲人,1.0,二,2,1.0,1.0,5.0,4.0,1.0,0.0,0.0,0.0,0.0,0.0,0.0,,1.0,2.0,0.0,0.0,0.0,0.0,,,,,,,,,,,,,,,,,,,,,,
2023,2021013037,2023-06-15,1000134.0,西田 明央,30.0,打,2,1.0,0.0,1.0,1.0,0.0,0.0,0.0,0.0,0.0,0.0,0.0,,0.0,1.0,0.0,0.0,0.0,0.0,,,,,,,,,,,,,,,,,,,,,,
2023,2021013037,2023-06-15,1000175.0,牧原 大成,8.0,二,12,1.0,1.0,4.0,3.0,0.0,1.0,0.0,0.0,0.0,2.0,0.0,,0.0,0.0,1.0,0.0,0.0,0.0,,,,,,,,,,,,,,,,,,,,,,
2023,2021013037,2023-06-15,1000176.0,甲斐 拓也,19.0,捕,12,1.0,1.0,5.0,4.0,1.0,1.0,0.0,0.0,0.0,0.0,0.0,,0.0,1.0,0.0,1.0,0.0,1.0,,,,,,,,,,,,,,,,,,,,,,
2023,2021013037,2023-06-15,1100097.0,近藤 健介,3.0,打,12,1.0,0.0,1.0,1.0,1.0,1.0,0.0,0.0,0.0,1.0,0.0,,0.0,0.0,0.0,0.0,0.0,0.0,,,,,,,,,,,,,,,,,,,,,,
2023,2021013037,2023-06-15,1100115.0,武田 翔太,18.0,投,12,1.0,0.0,0.0,0.0,0.0,0.0,0.0,0.0,0.0,0.0,0.0,,0.0,0.0,0.0,0.0,0.0,0.0,6.0,1.0,0.0,1.0,2.0,6.23,1.0,1.0,,,0.0,0.0,0.0,0.0,0.0,,1.0,2.0,0.0,,4.0,22.0
2023,2021013037,2023-06-15,1200075.0,石山 泰稚,12.0,投,2,1.0,0.0,0.0,0.0,0.0,0.0,0.0,0.0,0.0,0.0,0.0,,0.0,0.0,0.0,0.0,0.0,0.0,4.0,1.0,0.0,3.0,3.0,4.67,1.0,1.0,,,0.0,0.0,0.0,0.0,0.0,,0.0,1.0,0.0,,3.0,7.0
2023,2021013037,2023-06-15,1300029.0,田口 麗斗,34.0,投,2,1.0,0.0,0.0,0.0,0.0,0.0,0.0,0.0,0.0,0.0,0.0,,0.0,0.0,0.0,0.0,0.0,0.0,5.0,1.0,0.0,0.0,2.0,1.59,1.0,1.0,,,14.0,2.0,0.0,0.0,0.0,,0.0,0.0,0.0,,5.0,15.0
2023,2021013037,2023-06-15,1300079.0,上林 誠知,51.0,中左,12,1.0,1.0,5.0,5.0,3.0,3.0,0.0,0.0,0.0,1.0,0.0,,0.0,0.0,0.0,0.0,0.0,0.0,,,,,,,,,,,,,,,,,,,,,,
2023,2021013037,2023-06-15,1300092.0,今野 龍太,69.0,投,2,1.0,0.0,0.0,0.0,0.0,0.0,0.0,0.0,0.0,0.0,0.0,,0.0,0.0,0.0,0.0,0.0,0.0,3.0,1.0,0.0,0.0,0.0,2.19,1.0,1.0,,,0.0,0.0,0.0,0.0,0.0,,0.0,0.0,1.0,,3.0,13.0
2023,2021013037,2023-06-15,1400124.0,太田 賢吾,46.0,打,2,1.0,0.0,1.0,1.0,0.0,0.0,0.0,0.0,0.0,0.0,0.0,,0.0,1.0,0.0,0.0,0.0,0.0,,,,,,,,,,,,,,,,,,,,,,
2023,2021013037,2023-06-15,1400127.0,栗原 陵矢,24.0,三,12,1.0,1.0,5.0,4.0,1.0,2.0,1.0,0.0,0.0,1.0,0.0,,1.0,0.0,0.0,0.0,0.0,0.0,,,,,,,,,,,,,,,,,,,,,,
2023,2021013037,2023-06-15,1500044.0,山崎 晃大朗,31.0,走右,2,1.0,0.0,0.0,0.0,0.0,0.0,0.0,0.0,0.0,0.0,0.0,,0.0,0.0,0.0,0.0,0.0,0.0,,,,,,,,,,,,,,,,,,,,,,
2023,2021013037,2023-06-15,1500140.0,谷川原 健太,45.0,打,12,1.0,0.0,1.0,1.0,0.0,0.0,0.0,0.0,0.0,0.0,0.0,,0.0,1.0,0.0,0.0,0.0,0.0,,,,,,,,,,,,,,,,,,,,,,
2023,2021013037,2023-06-15,1500143.0,川瀬 晃,0.0,打,12,1.0,0.0,1.0,1.0,0.0,1.0,0.0,0.0,0.0,1.0,0.0,,0.0,0.0,0.0,0.0,0.0,0.0,,,,,,,,,,,,,,,,,,,,,,
2023,2021013037,2023-06-15,1550517.0,大津 亮介,26.0,投,12,1.0,0.0,0.0,0.0,0.0,0.0,0.0,0.0,0.0,0.0,0.0,,0.0,0.0,0.0,0.0,0.0,0.0,3.0,1.0,0.0,0.0,0.0,2.95,1.0,1.0,,,0.0,0.0,0.0,0.0,0.0,,0.0,2.0,0.0,,3.0,12.0
2023,2021013037,2023-06-15,1600167.0,三森 大貴,13.0,二,12,1.0,0.0,2.0,2.0,0.0,1.0,0.0,0.0,0.0,0.0,0.0,,0.0,1.0,0.0,0.0,0.0,0.0,,,,,,,,,,,,,,,,,,,,,,
2023,2021013037,2023-06-15,1700011.0,モイネロ,35.0,投,12,1.0,0.0,0.0,0.0,0.0,0.0,0.0,0.0,0.0,0.0,0.0,,0.0,0.0,0.0,0.0,0.0,0.0,7.0,1.0,0.0,2.0,0.0,0.76,1.0,1.0,,,4.0,1.0,0.0,0.0,0.0,,0.0,1.0,0.0,,4.0,12.0
2023,2021013037,2023-06-15,1700084.0,村上 宗隆,55.0,三,2,1.0,1.0,5.0,2.0,2.0,0.0,0.0,0.0,0.0,0.0,0.0,,3.0,2.0,0.0,0.0,0.0,0.0,,,,,,,,,,,,,,,,,,,,,,
2023,2021013037,2023-06-15,1700135.0,周東 佑京,23.0,走中,12,1.0,0.0,2.0,1.0,1.0,0.0,0.0,0.0,0.0,0.0,0.0,,0.0,0.0,1.0,0.0,0.0,0.0,,,,,,,,,,,,,,,,,,,,,,
2023,2021013037,2023-06-15,1800033.0,清水 昇,17.0,投,2,1.0,0.0,0.0,0.0,0.0,0.0,0.0,0.0,0.0,0.0,0.0,,0.0,0.0,0.0,0.0,0.0,0.0,6.0,1.0,0.0,0.0,2.0,2.42,1.0,1.0,,,0.0,3.0,2.0,2.0,0.0,,1.0,1.0,0.0,,7.0,27.0
2023,2021013037,2023-06-15,1800036.0,濱田 太貴,51.0,中左,2,1.0,1.0,6.0,6.0,1.0,1.0,0.0,0.0,0.0,0.0,0.0,,0.0,2.0,0.0,0.0,0.0,0.0,,,,,,,,,,,,,,,,,,,,,,
2023,2021013037,2023-06-15,1800106.0,甲斐野 央,20.0,投,12,1.0,0.0,0.0,0.0,0.0,0.0,0.0,0.0,0.0,0.0,0.0,,0.0,0.0,0.0,0.0,0.0,0.0,4.0,1.0,0.0,0.0,0.0,2.45,1.0,1.0,,,0.0,0.0,0.0,0.0,0.0,,1.0,2.0,0.0,,4.0,19.0
2023,2021013037,2023-06-15,1800108.0,野村 大樹,55.0,打,12,1.0,0.0,1.0,1.0,1.0,1.0,0.0,0.0,0.0,0.0,0.0,,0.0,0.0,0.0,0.0,0.0,0.0,,,,,,,,,,,,,,,,,,,,,,
2023,2021013037,2023-06-15,1800109.0,板東 湧梧,50.0,投,12,1.0,1.0,1.0,1.0,0.0,0.0,0.0,0.0,0.0,0.0,0.0,,0.0,1.0,0.0,0.0,0.0,0.0,1.0,1.0,,2.0,0.0,2.87,4.0,4.0,,,0.0,3.0,3.0,3.0,0.0,,3.0,1.0,0.0,,18.0,71.0
2023,2021013037,2023-06-15,1900028.0,長岡 秀樹,7.0,遊,2,1.0,1.0,5.0,4.0,0.0,0.0,0.0,0.0,0.0,0.0,0.0,,0.0,0.0,0.0,1.0,0.0,0.0,,,,,,,,,,,,,,,,,,,,,,
2023,2021013037,2023-06-15,1900102.0,津森 宥紀,11.0,投,12,1.0,0.0,0.0,0.0,0.0,0.0,0.0,0.0,0.0,0.0,0.0,,0.0,0.0,0.0,0.0,0.0,0.0,5.0,1.0,0.0,3.0,1.0,3.16,1.0,1.0,,,0.0,2.0,1.0,1.0,1.0,,1.0,2.0,0.0,,6.0,23.0
2023,2021013037,2023-06-15,1900104.0,柳町 達,32.0,左,12,1.0,1.0,3.0,2.0,0.0,1.0,0.0,0.0,0.0,0.0,0.0,,1.0,0.0,0.0,0.0,0.0,0.0,,,,,,,,,,,,,,,,,,,,,,
2023,2021013037,2023-06-15,1900147.0,ガンケル,27.0,投,12,1.0,0.0,0.0,0.0,0.0,0.0,0.0,0.0,0.0,0.0,0.0,,0.0,0.0,0.0,0.0,0.0,0.0,2.0,1.0,0.0,0.0,1.0,5.94,1.0,1.0,,,0.0,2.0,3.0,0.0,0.0,,1.0,0.0,0.0,,7.0,34.0
2023,2021013037,2023-06-15,2000024.0,木澤 尚文,20.0,投,2,1.0,0.0,0.0,0.0,0.0,0.0,0.0,0.0,0.0,0.0,0.0,,0.0,0.0,0.0,0.0,0.0,0.0,2.0,1.0,0.0,1.0,1.0,3.27,1.0,1.0,,,0.0,1.0,0.0,0.0,0.0,,1.0,2.0,1.0,,6.0,22.0
2023,2021013037,2023-06-15,2000026.0,内山 壮真,33.0,捕,2,1.0,1.0,5.0,5.0,0.0,2.0,0.0,0.0,0.0,0.0,0.0,,0.0,0.0,0.0,0.0,0.0,0.0,,,,,,,,,,,,,,,,,,,,,,
2023,2021013037,2023-06-15,2000028.0,並木 秀尊,0.0,走中,2,1.0,0.0,1.0,1.0,0.0,0.0,0.0,0.0,0.0,0.0,1.0,,0.0,1.0,0.0,0.0,0.0,0.0,,,,,,,,,,,,,,,,,,,,,,
2023,2021013037,2023-06-15,2000133.0,オスナ,13.0,一,2,1.0,1.0,5.0,5.0,1.0,2.0,0.0,0.0,1.0,3.0,0.0,,0.0,0.0,0.0,0.0,0.0,0.0,,,,,,,,,,,,,,,,,,,,,,
2023,2021013037,2023-06-15,2000135.0,サンタナ,25.0,右,2,1.0,1.0,5.0,3.0,0.0,1.0,0.0,0.0,0.0,3.0,0.0,,1.0,1.0,0.0,0.0,1.0,0.0,,,,,,,,,,,,,,,,,,,,,,
2023,2021013037,2023-06-15,2000139.0,サイスニード,54.0,投,2,1.0,1.0,2.0,2.0,1.0,1.0,1.0,0.0,0.0,0.0,0.0,,0.0,0.0,0.0,0.0,0.0,0.0,1.0,1.0,,4.0,3.0,3.08,5.0,5.0,,,0.0,8.0,7.0,7.0,0.0,,2.0,3.0,0.0,,25.0,95.0
2023,2021013038,2023-06-15,1700058.0,東 克樹,11.0,,3,,,,,,,,,,,,,,,,,,,1.0,1.0,,6.0,2.0,2.87,2.0,2.0,,,0.0,5.0,3.0,3.0,0.0,,1.0,3.0,0.0,,12.0,35.0
2023,2021013038,2023-06-15,1900073.0,鈴木 健矢,47.0,,8,,,,,,,,,,,,,,,,,,,1.0,1.0,,6.0,2.0,1.99,2.0,2.0,,,0.0,6.0,3.0,3.0,1.0,,1.0,1.0,1.0,,14.0,61.0
2023,2021013038,2023-06-15,,,,,8,1.0,,,,,,,,,,,,,,,,,,,,,,,,,,,,,,,,,,,,,,,
2023,2021013039,2023-06-15,700035.0,福田 永将,55.0,打一,4,1.0,0.0,1.0,1.0,0.0,0.0,0.0,0.0,0.0,0.0,0.0,,0.0,0.0,0.0,0.0,0.0,0.0,,,,,,,,,,,,,,,,,,,,,,
2023,2021013039,2023-06-15,700087.0,角中 勝也,3.0,左,9,1.0,1.0,4.0,4.0,0.0,1.0,0.0,0.0,0.0,0.0,0.0,,0.0,0.0,0.0,0.0,0.0,0.0,,,,,,,,,,,,,,,,,,,,,,
2023,2021013039,2023-06-15,900410.0,大島 洋平,8.0,左,4,1.0,1.0,2.0,2.0,0.0,1.0,0.0,0.0,0.0,0.0,0.0,,0.0,1.0,0.0,0.0,0.0,0.0,,,,,,,,,,,,,,,,,,,,,,
2023,2021013039,2023-06-15,1000155.0,美馬 学,15.0,投,9,1.0,1.0,2.0,2.0,0.0,1.0,0.0,0.0,0.0,0.0,0.0,,0.0,0.0,0.0,0.0,0.0,0.0,1.0,1.0,,0.0,4.0,5.26,7.0,7.0,,,0.0,4.0,1.0,1.0,0.0,,2.0,4.0,0.0,,27.0,99.0
2023,2021013039,2023-06-15,1100069.0,高橋 周平,3.0,打,4,1.0,0.0,1.0,0.0,0.0,0.0,0.0,0.0,0.0,0.0,0.0,,1.0,0.0,0.0,0.0,0.0,0.0,,,,,,,,,,,,,,,,,,,,,,
2023,2021013039,2023-06-15,1200059.0,溝脇 隼人,48.0,打遊,4,1.0,0.0,2.0,2.0,0.0,0.0,0.0,0.0,0.0,0.0,0.0,,0.0,0.0,0.0,0.0,0.0,1.0,,,,,,,,,,,,,,,,,,,,,,
2023,2021013039,2023-06-15,1200096.0,田村 龍弘,27.0,捕,9,1.0,1.0,4.0,4.0,0.0,2.0,1.0,0.0,0.0,0.0,0.0,,0.0,0.0,0.0,0.0,0.0,0.0,,,,,,,,,,,,,,,,,,,,,,
2023,2021013039,2023-06-15,1200097.0,加藤 翔平,52.0,打,4,1.0,0.0,1.0,1.0,0.0,0.0,0.0,0.0,0.0,0.0,0.0,,0.0,0.0,0.0,0.0,0.0,0.0,,,,,,,,,,,,,,,,,,,,,,
2023,2021013039,2023-06-15,1300044.0,岡 大海,25.0,左,9,1.0,0.0,1.0,1.0,0.0,0.0,0.0,0.0,0.0,0.0,0.0,,0.0,0.0,0.0,0.0,0.0,0.0,,,,,,,,,,,,,,,,,,,,,,
2023,2021013039,2023-06-15,1300066.0,祖父江 大輔,33.0,投,4,1.0,0.0,0.0,0.0,0.0,0.0,0.0,0.0,0.0,0.0,0.0,,0.0,0.0,0.0,0.0,0.0,0.0,4.0,1.0,0.0,2.0,3.0,2.25,1.0,1.0,,,0.0,0.0,0.0,0.0,0.0,,0.0,1.0,0.0,,3.0,12.0
2023,2021013039,2023-06-15,1400160.0,加藤 匠馬,69.0,捕,4,1.0,0.0,0.0,0.0,0.0,0.0,0.0,0.0,0.0,0.0,0.0,,0.0,0.0,0.0,0.0,0.0,0.0,,,,,,,,,,,,,,,,,,,,,,
2023,2021013039,2023-06-15,1400188.0,中村 奨吾,8.0,二,9,1.0,1.0,5.0,4.0,0.0,1.0,0.0,0.0,0.0,1.0,0.0,,1.0,0.0,0.0,0.0,0.0,0.0,,,,,,,,,,,,,,,,,,,,,,
2023,2021013039,2023-06-15,1400190.0,岩下 大輝,46.0,投,9,1.0,0.0,0.0,0.0,0.0,0.0,0.0,0.0,0.0,0.0,0.0,,0.0,0.0,0.0,0.0,0.0,0.0,3.0,1.0,0.0,1.0,0.0,1.29,1.0,1.0,,,0.0,1.0,0.0,0.0,0.0,,2.0,0.0,0.0,,6.0,19.0
2023,2021013039,2023-06-15,1500141.0,茶谷 健太,67.0,走一,9,1.0,0.0,1.0,1.0,0.0,0.0,0.0,0.0,0.0,0.0,0.0,,0.0,0.0,0.0,0.0,0.0,1.0,,,,,,,,,,,,,,,,,,,,,,
2023,2021013039,2023-06-15,1600021.0,ビシエド,66.0,一,4,1.0,1.0,5.0,3.0,0.0,0.0,0.0,0.0,0.0,0.0,0.0,,2.0,1.0,0.0,0.0,0.0,0.0,,,,,,,,,,,,,,,,,,,,,,
2023,2021013039,2023-06-15,1600085.0,細川 成也,0.0,右,4,1.0,1.0,4.0,3.0,0.0,1.0,0.0,0.0,0.0,0.0,0.0,,1.0,1.0,0.0,0.0,0.0,0.0,,,,,,,,,,,,,,,,,,,,,,
2023,2021013039,2023-06-15,1600106.0,柳 裕也,17.0,投,4,1.0,1.0,3.0,2.0,1.0,0.0,0.0,0.0,0.0,0.0,0.0,,1.0,0.0,0.0,0.0,0.0,0.0,1.0,1.0,,2.0,4.0,2.47,9.0,9.0,,,0.0,5.0,1.0,1.0,0.0,,2.0,5.0,0.0,,33.0,123.0
2023,2021013039,2023-06-15,1700010.0,マルティネス,92.0,投,4,1.0,0.0,0.0,0.0,0.0,0.0,0.0,0.0,0.0,0.0,0.0,,0.0,0.0,0.0,0.0,0.0,0.0,2.0,1.0,0.0,1.0,1.0,0.0,1.0,1.0,,,14.0,2.0,0.0,0.0,0.0,,0.0,1.0,0.0,,5.0,18.0
2023,2021013039,2023-06-15,1700026.0,西村 天裕,40.0,投,9,1.0,0.0,0.0,0.0,0.0,0.0,0.0,0.0,0.0,0.0,0.0,,0.0,0.0,0.0,0.0,0.0,0.0,2.0,1.0,0.0,0.0,0.0,0.78,1.0,1.0,,,0.0,0.0,0.0,0.0,0.0,,0.0,2.0,0.0,,3.0,14.0
2023,2021013039,2023-06-15,1700092.0,安田 尚憲,5.0,三,9,1.0,1.0,5.0,4.0,0.0,0.0,0.0,0.0,0.0,0.0,0.0,,1.0,2.0,0.0,0.0,0.0,0.0,,,,,,,,,,,,,,,,,,,,,,
2023,2021013039,2023-06-15,1700093.0,藤岡 裕大,4.0,打,9,1.0,0.0,1.0,1.0,0.0,0.0,0.0,0.0,0.0,0.0,0.0,,0.0,1.0,0.0,0.0,0.0,0.0,,,,,,,,,,,,,,,,,,,,,,
2023,2021013039,2023-06-15,1700095.0,菅野 剛士,31.0,打,9,1.0,0.0,1.0,1.0,0.0,0.0,0.0,0.0,0.0,0.0,0.0,,0.0,1.0,0.0,0.0,0.0,0.0,,,,,,,,,,,,,,,,,,,,,,
2023,2021013039,2023-06-15,1700098.0,和田 康士朗,63.0,走右,9,1.0,0.0,1.0,1.0,0.0,0.0,0.0,0.0,0.0,0.0,1.0,,0.0,1.0,0.0,0.0,0.0,0.0,,,,,,,,,,,,,,,,,,,,,,
2023,2021013039,2023-06-15,1700104.0,清水 達也,50.0,投,4,1.0,0.0,0.0,0.0,0.0,0.0,0.0,0.0,0.0,0.0,0.0,,0.0,0.0,0.0,0.0,0.0,0.0,3.0,1.0,0.0,1.0,1.0,2.29,1.0,1.0,,,0.0,0.0,0.0,0.0,0.0,,0.0,2.0,0.0,,3.0,12.0
2023,2021013039,2023-06-15,1700105.0,伊藤 康祐,49.0,走右,4,1.0,0.0,1.0,1.0,0.0,0.0,0.0,0.0,0.0,0.0,0.0,,0.0,0.0,0.0,0.0,0.0,0.0,,,,,,,,,,,,,,,,,,,,,,
2023,2021013039,2023-06-15,1750223.0,村松 開人,5.0,二,4,1.0,1.0,6.0,5.0,0.0,0.0,0.0,0.0,0.0,0.0,0.0,,0.0,2.0,0.0,1.0,0.0,0.0,,,,,,,,,,,,,,,,,,,,,,
2023,2021013039,2023-06-15,1800037.0,坂本 光士郎,36.0,投,9,1.0,0.0,0.0,0.0,0.0,0.0,0.0,0.0,0.0,0.0,0.0,,0.0,0.0,0.0,0.0,0.0,0.0,4.0,1.0,0.0,0.0,0.0,2.53,1.0,1.0,,,0.0,0.0,0.0,0.0,0.0,,1.0,2.0,0.0,,4.0,22.0
2023,2021013039,2023-06-15,1800050.0,藤原 恭大,1.0,中,9,1.0,1.0,5.0,5.0,1.0,2.0,1.0,0.0,0.0,0.0,1.0,,0.0,1.0,0.0,0.0,0.0,0.0,,,,,,,,,,,,,,,,,,,,,,
2023,2021013039,2023-06-15,1800051.0,東妻 勇輔,24.0,投,9,1.0,0.0,0.0,0.0,0.0,0.0,0.0,0.0,0.0,0.0,0.0,,0.0,0.0,0.0,0.0,0.0,0.0,5.0,1.0,0.0,0.0,1.0,1.29,1.0,1.0,,,0.0,0.0,0.0,0.0,0.0,,1.0,1.0,0.0,,4.0,18.0
2023,2021013039,2023-06-15,1800053.0,山口 航輝,51.0,右,9,1.0,1.0,4.0,4.0,0.0,0.0,0.0,0.0,0.0,0.0,0.0,,0.0,0.0,0.0,0.0,0.0,0.0,,,,,,,,,,,,,,,,,,,,,,
2023,2021013039,2023-06-15,1800062.0,石橋 康太,58.0,捕,4,1.0,1.0,3.0,3.0,0.0,1.0,0.0,0.0,0.0,0.0,0.0,,0.0,0.0,0.0,0.0,0.0,0.0,,,,,,,,,,,,,,,,,,,,,,
2023,2021013039,2023-06-15,1900041.0,岡林 勇希,60.0,中,4,1.0,1.0,6.0,6.0,0.0,1.0,1.0,0.0,0.0,1.0,0.0,,0.0,3.0,0.0,0.0,0.0,0.0,,,,,,,,,,,,,,,,,,,,,,
2023,2021013039,2023-06-15,1900081.0,佐藤 都志也,32.0,打捕,9,1.0,0.0,1.0,1.0,0.0,0.0,0.0,0.0,0.0,0.0,0.0,,0.0,0.0,0.0,0.0,0.0,0.0,,,,,,,,,,,,,,,,,,,,,,
2023,2021013039,2023-06-15,1900083.0,横山 陸人,60.0,投,9,1.0,0.0,0.0,0.0,0.0,0.0,0.0,0.0,0.0,0.0,0.0,,0.0,0.0,0.0,0.0,0.0,0.0,6.0,1.0,0.0,0.0,0.0,4.5,1.0,1.0,,,0.0,1.0,0.0,0.0,0.0,,0.0,1.0,0.0,,4.0,14.0
2023,2021013039,2023-06-15,2000044.0,龍空,45.0,遊,4,1.0,1.0,3.0,3.0,0.0,0.0,0.0,0.0,0.0,0.0,0.0,,0.0,1.0,0.0,0.0,0.0,1.0,,,,,,,,,,,,,,,,,,,,,,
2023,2021013039,2023-06-15,2000089.0,小川 龍成,57.0,走,9,1.0,0.0,0.0,0.0,0.0,0.0,0.0,0.0,0.0,0.0,0.0,,0.0,0.0,0.0,0.0,0.0,0.0,,,,,,,,,,,,,,,,,,,,,,
2023,2021013039,2023-06-15,2103633.0,味谷 大誠,43.0,打捕,4,1.0,0.0,1.0,1.0,0.0,0.0,0.0,0.0,0.0,0.0,0.0,,0.0,1.0,0.0,0.0,0.0,0.0,,,,,,,,,,,,,,,,,,,,,,
2023,2021013039,2023-06-15,2103693.0,池田 来翔,0.0,一,9,1.0,1.0,4.0,4.0,0.0,0.0,0.0,0.0,0.0,0.0,0.0,,0.0,0.0,0.0,0.0,0.0,1.0,,,,,,,,,,,,,,,,,,,,,,
2023,2021013039,2023-06-15,2103780.0,福永 裕基,68.0,三,4,1.0,1.0,5.0,3.0,0.0,1.0,1.0,0.0,0.0,0.0,0.0,,0.0,0.0,0.0,2.0,0.0,0.0,,,,,,,,,,,,,,,,,,,,,,
2023,2021013039,2023-06-15,2103840.0,ブライト 健太,42.0,左,4,1.0,0.0,4.0,3.0,0.0,1.0,0.0,0.0,0.0,0.0,1.0,,1.0,0.0,0.0,0.0,0.0,0.0,,,,,,,,,,,,,,,,,,,,,,
2023,2021013039,2023-06-15,2106798.0,友杉 篤輝,10.0,遊,9,1.0,1.0,5.0,5.0,0.0,0.0,0.0,0.0,0.0,0.0,0.0,,0.0,3.0,0.0,0.0,0.0,0.0,,,,,,,,,,,,,,,,,,,,,,
2023,2021013040,2023-06-15,600066.0,平野 佳寿,16.0,投,11,1.0,0.0,0.0,0.0,0.0,0.0,0.0,0.0,0.0,0.0,0.0,,0.0,0.0,0.0,0.0,0.0,0.0,6.0,1.0,0.0,0.0,1.0,1.29,1.0,1.0,,,9.0,1.0,0.0,0.0,0.0,,0.0,1.0,0.0,,4.0,17.0
2023,2021013040,2023-06-15,1000011.0,山田 修義,57.0,投,11,1.0,0.0,0.0,0.0,0.0,0.0,0.0,0.0,0.0,0.0,0.0,,0.0,0.0,0.0,0.0,0.0,0.0,2.0,1.0,0.0,0.0,0.0,1.04,0.6666666666666666,0.2,,,0.0,0.0,0.0,0.0,0.0,,1.0,0.0,0.0,,2.0,11.0
2023,2021013040,2023-06-15,1100105.0,安達 了一,3.0,二,11,1.0,1.0,3.0,3.0,0.0,0.0,0.0,0.0,0.0,0.0,0.0,,0.0,1.0,0.0,0.0,0.0,0.0,,,,,,,,,,,,,,,,,,,,,,
2023,2021013040,2023-06-15,1160424.0,ゴンザレス,8.0,三,11,1.0,1.0,4.0,4.0,0.0,1.0,0.0,0.0,0.0,0.0,0.0,,0.0,1.0,0.0,0.0,0.0,0.0,,,,,,,,,,,,,,,,,,,,,,
2023,2021013040,2023-06-15,1300073.0,梅野 隆太郎,2.0,捕,5,1.0,1.0,4.0,4.0,0.0,1.0,0.0,0.0,0.0,0.0,0.0,,0.0,2.0,0.0,0.0,0.0,0.0,,,,,,,,,,,,,,,,,,,,,,
2023,2021013040,2023-06-15,1300075.0,岩崎 優,13.0,投,5,1.0,0.0,0.0,0.0,0.0,0.0,0.0,0.0,0.0,0.0,0.0,,0.0,0.0,0.0,0.0,0.0,0.0,2.0,1.0,0.0,2.0,0.0,0.4,1.0,1.0,,,9.0,0.0,0.0,0.0,0.0,,0.0,1.0,0.0,,3.0,16.0
2023,2021013040,2023-06-15,1300100.0,森 友哉,4.0,捕,11,1.0,1.0,4.0,4.0,1.0,1.0,1.0,0.0,0.0,0.0,0.0,,0.0,0.0,0.0,0.0,0.0,0.0,,,,,,,,,,,,,,,,,,,,,,
2023,2021013040,2023-06-15,1400172.0,植田 海,62.0,走,5,1.0,0.0,0.0,0.0,0.0,0.0,0.0,0.0,0.0,0.0,0.0,,0.0,0.0,0.0,0.0,0.0,0.0,,,,,,,,,,,,,,,,,,,,,,
2023,2021013040,2023-06-15,1400202.0,小田 裕也,50.0,右,11,1.0,0.0,0.0,0.0,0.0,0.0,0.0,0.0,0.0,0.0,0.0,,0.0,0.0,0.0,0.0,0.0,0.0,,,,,,,,,,,,,,,,,,,,,,
2023,2021013040,2023-06-15,1450639.0,小木田 敦也,56.0,投,11,1.0,0.0,0.0,0.0,0.0,0.0,0.0,0.0,0.0,0.0,0.0,,0.0,0.0,0.0,0.0,0.0,0.0,4.0,1.0,0.0,1.0,0.0,2.76,1.0,1.0,,,0.0,0.0,0.0,0.0,0.0,,1.0,0.0,0.0,,3.0,12.0
2023,2021013040,2023-06-15,1500041.0,廣岡 大志,30.0,打,11,1.0,0.0,1.0,1.0,0.0,0.0,0.0,0.0,0.0,0.0,0.0,,0.0,1.0,0.0,0.0,0.0,0.0,,,,,,,,,,,,,,,,,,,,,,
2023,2021013040,2023-06-15,1500128.0,大城 滉二,10.0,打三,11,1.0,0.0,1.0,1.0,0.0,0.0,0.0,0.0,0.0,0.0,0.0,,0.0,1.0,0.0,0.0,0.0,0.0,,,,,,,,,,,,,,,,,,,,,,
2023,2021013040,2023-06-15,1500135.0,杉本 裕太郎,99.0,左,11,1.0,1.0,4.0,4.0,1.0,1.0,0.0,0.0,1.0,1.0,0.0,,0.0,0.0,0.0,0.0,0.0,0.0,,,,,,,,,,,,,,,,,,,,,,
2023,2021013040,2023-06-15,1600113.0,大山 悠輔,3.0,一,5,1.0,1.0,4.0,2.0,1.0,1.0,0.0,0.0,0.0,0.0,0.0,,2.0,0.0,0.0,0.0,0.0,0.0,,,,,,,,,,,,,,,,,,,,,,
2023,2021013040,2023-06-15,1600116.0,浜地 真澄,36.0,投,5,1.0,0.0,0.0,0.0,0.0,0.0,0.0,0.0,0.0,0.0,0.0,,0.0,0.0,0.0,0.0,0.0,0.0,4.0,1.0,0.0,2.0,1.0,7.98,0.3333333333333333,0.1,,,0.0,0.0,0.0,0.0,0.0,,0.0,0.0,0.0,,1.0,3.0
2023,2021013040,2023-06-15,1600117.0,糸原 健斗,33.0,打,5,1.0,0.0,1.0,1.0,0.0,1.0,0.0,0.0,0.0,0.0,0.0,,0.0,0.0,0.0,0.0,0.0,0.0,,,,,,,,,,,,,,,,,,,,,,
2023,2021013040,2023-06-15,1600150.0,山岡 泰輔,19.0,投,11,1.0,1.0,1.0,1.0,0.0,0.0,0.0,0.0,0.0,0.0,0.0,,0.0,1.0,0.0,0.0,0.0,0.0,1.0,1.0,,1.0,0.0,1.74,4.333333333333333,4.1,,,0.0,8.0,2.0,1.0,0.0,,1.0,6.0,0.0,,22.0,78.0
2023,2021013040,2023-06-15,1700080.0,島田 海吏,53.0,右,5,1.0,0.0,0.0,0.0,0.0,0.0,0.0,0.0,0.0,0.0,0.0,,0.0,0.0,0.0,0.0,0.0,0.0,,,,,,,,,,,,,,,,,,,,,,
2023,2021013040,2023-06-15,1700111.0,福田 周平,1.0,右左,11,1.0,1.0,4.0,3.0,0.0,0.0,0.0,0.0,0.0,0.0,0.0,,1.0,0.0,0.0,0.0,0.0,0.0,,,,,,,,,,,,,,,,,,,,,,
2023,2021013040,2023-06-15,1800065.0,近本 光司,5.0,中,5,1.0,1.0,5.0,5.0,0.0,1.0,0.0,0.0,0.0,0.0,0.0,,0.0,1.0,0.0,0.0,0.0,0.0,,,,,,,,,,,,,,,,,,,,,,
2023,2021013040,2023-06-15,1800067.0,木浪 聖也,0.0,遊,5,1.0,1.0,4.0,4.0,0.0,0.0,0.0,0.0,0.0,0.0,0.0,,0.0,2.0,0.0,0.0,0.0,0.0,,,,,,,,,,,,,,,,,,,,,,
2023,2021013040,2023-06-15,1800070.0,湯浅 京己,65.0,投,5,1.0,0.0,0.0,0.0,0.0,0.0,0.0,0.0,0.0,0.0,0.0,,0.0,0.0,0.0,0.0,0.0,0.0,3.0,1.0,0.0,0.0,2.0,4.4,0.6666666666666666,0.2,,,8.0,2.0,2.0,2.0,2.0,,0.0,0.0,0.0,,4.0,14.0
2023,2021013040,2023-06-15,1800099.0,頓宮 裕真,44.0,一,11,1.0,1.0,4.0,3.0,1.0,2.0,0.0,0.0,1.0,2.0,0.0,,1.0,0.0,0.0,0.0,0.0,0.0,,,,,,,,,,,,,,,,,,,,,,
2023,2021013040,2023-06-15,1800104.0,中川 圭太,67.0,中,11,1.0,1.0,4.0,3.0,0.0,0.0,0.0,0.0,0.0,0.0,0.0,,1.0,0.0,0.0,0.0,0.0,1.0,,,,,,,,,,,,,,,,,,,,,,
2023,2021013040,2023-06-15,1900088.0,紅林 弘太郎,24.0,遊,11,1.0,1.0,4.0,4.0,0.0,1.0,0.0,0.0,0.0,0.0,0.0,,0.0,1.0,0.0,0.0,0.0,0.0,,,,,,,,,,,,,,,,,,,,,,
2023,2021013040,2023-06-15,1950996.0,前川 右京,58.0,右,5,1.0,1.0,4.0,4.0,1.0,1.0,0.0,0.0,0.0,0.0,0.0,,0.0,1.0,0.0,0.0,0.0,0.0,,,,,,,,,,,,,,,,,,,,,,
2023,2021013040,2023-06-15,1961077.0,ワゲスパック,58.0,投,11,1.0,0.0,0.0,0.0,0.0,0.0,0.0,0.0,0.0,0.0,0.0,,0.0,0.0,0.0,0.0,0.0,0.0,5.0,1.0,0.0,3.0,3.0,3.38,1.0,1.0,,,2.0,0.0,0.0,0.0,0.0,,1.0,2.0,0.0,,4.0,18.0
2023,2021013040,2023-06-15,1961285.0,ノイジー,7.0,左,5,1.0,1.0,4.0,4.0,0.0,1.0,0.0,0.0,0.0,0.0,0.0,,0.0,1.0,0.0,0.0,0.0,0.0,,,,,,,,,,,,,,,,,,,,,,
2023,2021013040,2023-06-15,2000051.0,佐藤 輝明,8.0,三,5,1.0,1.0,4.0,3.0,0.0,1.0,0.0,0.0,0.0,0.0,0.0,,1.0,2.0,0.0,0.0,0.0,0.0,,,,,,,,,,,,,,,,,,,,,,
2023,2021013040,2023-06-15,2000052.0,伊藤 将司,27.0,投,5,1.0,1.0,3.0,3.0,0.0,1.0,0.0,0.0,0.0,1.0,0.0,,0.0,0.0,0.0,0.0,0.0,0.0,1.0,1.0,,2.0,1.0,2.47,7.0,7.0,,,0.0,4.0,1.0,1.0,0.0,,3.0,5.0,0.0,,26.0,105.0
2023,2021013040,2023-06-15,2000056.0,中野 拓夢,51.0,二,5,1.0,1.0,5.0,4.0,0.0,1.0,0.0,0.0,0.0,0.0,0.0,,1.0,2.0,0.0,0.0,0.0,0.0,,,,,,,,,,,,,,,,,,,,,,
2023,2021013040,2023-06-15,2000101.0,阿部 翔太,45.0,投,11,1.0,0.0,0.0,0.0,0.0,0.0,0.0,0.0,0.0,0.0,0.0,,0.0,0.0,0.0,0.0,0.0,0.0,3.0,1.0,0.0,0.0,2.0,2.95,1.0,1.0,,,1.0,0.0,0.0,0.0,0.0,,0.0,2.0,0.0,,3.0,17.0
2023,2021013041,2023-06-15,800041.0,松山 竜平,55.0,打一,6,1.0,0.0,2.0,1.0,1.0,1.0,1.0,0.0,0.0,2.0,0.0,,0.0,0.0,1.0,0.0,0.0,0.0,,,,,,,,,,,,,,,,,,,,,,
2023,2021013041,2023-06-15,900056.0,浅村 栄斗,3.0,二,376,1.0,1.0,4.0,3.0,1.0,1.0,1.0,0.0,0.0,0.0,0.0,,1.0,1.0,0.0,0.0,0.0,0.0,,,,,,,,,,,,,,,,,,,,,,
2023,2021013041,2023-06-15,900430.0,堂林 翔太,7.0,打,6,1.0,0.0,1.0,1.0,0.0,0.0,0.0,0.0,0.0,0.0,0.0,,0.0,1.0,0.0,0.0,0.0,0.0,,,,,,,,,,,,,,,,,,,,,,
2023,2021013041,2023-06-15,1000150.0,秋山 翔吾,9.0,中,6,1.0,1.0,5.0,4.0,0.0,0.0,0.0,0.0,0.0,0.0,0.0,,1.0,1.0,0.0,0.0,0.0,0.0,,,,,,,,,,,,,,,,,,,,,,
2023,2021013041,2023-06-15,1100082.0,菊池 涼介,33.0,二,6,1.0,1.0,5.0,5.0,0.0,2.0,1.0,0.0,0.0,3.0,0.0,,0.0,1.0,0.0,0.0,0.0,0.0,,,,,,,,,,,,,,,,,,,,,,
2023,2021013041,2023-06-15,1100103.0,鈴木 大地,7.0,一三,376,1.0,1.0,5.0,4.0,1.0,2.0,0.0,0.0,0.0,1.0,0.0,,1.0,0.0,0.0,0.0,0.0,1.0,,,,,,,,,,,,,,,,,,,,,,
2023,2021013041,2023-06-15,1100130.0,岡島 豪郎,27.0,左,376,1.0,1.0,5.0,5.0,1.0,2.0,0.0,0.0,0.0,1.0,0.0,,0.0,0.0,0.0,0.0,0.0,0.0,,,,,,,,,,,,,,,,,,,,,,
2023,2021013041,2023-06-15,1100132.0,島内 宏明,35.0,打,376,1.0,0.0,1.0,1.0,0.0,1.0,0.0,0.0,0.0,0.0,0.0,,0.0,0.0,0.0,0.0,0.0,0.0,,,,,,,,,,,,,,,,,,,,,,
2023,2021013041,2023-06-15,1200070.0,上本 崇司,0.0,打遊,6,1.0,0.0,2.0,2.0,0.0,1.0,0.0,0.0,0.0,1.0,0.0,,0.0,0.0,0.0,0.0,0.0,0.0,,,,,,,,,,,,,,,,,,,,,,
2023,2021013041,2023-06-15,1300059.0,田中 広輔,2.0,遊一,6,1.0,1.0,4.0,3.0,2.0,0.0,0.0,0.0,0.0,0.0,0.0,,1.0,1.0,0.0,0.0,0.0,0.0,,,,,,,,,,,,,,,,,,,,,,
2023,2021013041,2023-06-15,1300061.0,中村 祐太,67.0,投,6,1.0,0.0,0.0,0.0,0.0,0.0,0.0,0.0,0.0,0.0,0.0,,0.0,0.0,0.0,0.0,0.0,0.0,2.0,1.0,0.0,0.0,0.0,1.5,2.0,2.0,,,0.0,3.0,1.0,1.0,0.0,,0.0,2.0,0.0,,9.0,28.0
2023,2021013041,2023-06-15,1300082.0,曽根 海成,0.0,走右,6,1.0,0.0,1.0,1.0,1.0,0.0,0.0,0.0,0.0,0.0,0.0,,0.0,0.0,0.0,0.0,0.0,1.0,,,,,,,,,,,,,,,,,,,,,,
2023,2021013041,2023-06-15,1300084.0,松井 裕樹,1.0,投,376,1.0,0.0,0.0,0.0,0.0,0.0,0.0,0.0,0.0,0.0,0.0,,0.0,0.0,0.0,0.0,0.0,0.0,7.0,1.0,0.0,1.0,2.0,0.84,1.0,1.0,,,12.0,0.0,0.0,0.0,0.0,,0.0,0.0,0.0,,3.0,11.0
2023,2021013041,2023-06-15,1400173.0,野間 峻祥,37.0,右,6,1.0,1.0,3.0,3.0,0.0,1.0,0.0,0.0,0.0,1.0,0.0,,0.0,0.0,0.0,0.0,0.0,1.0,,,,,,,,,,,,,,,,,,,,,,
2023,2021013041,2023-06-15,1460004.0,デビッドソン,95.0,三,6,1.0,1.0,4.0,4.0,1.0,1.0,0.0,0.0,0.0,0.0,0.0,,0.0,1.0,0.0,0.0,0.0,0.0,,,,,,,,,,,,,,,,,,,,,,
2023,2021013041,2023-06-15,1500078.0,阿部 寿樹,4.0,一,376,1.0,0.0,1.0,1.0,0.0,1.0,1.0,0.0,0.0,2.0,0.0,,0.0,0.0,0.0,0.0,0.0,0.0,,,,,,,,,,,,,,,,,,,,,,
2023,2021013041,2023-06-15,1500096.0,西川 龍馬,5.0,左,6,1.0,1.0,5.0,5.0,0.0,0.0,0.0,0.0,0.0,0.0,0.0,,0.0,2.0,0.0,0.0,0.0,0.0,,,,,,,,,,,,,,,,,,,,,,
2023,2021013041,2023-06-15,1560685.0,ターリー,68.0,投,6,1.0,0.0,0.0,0.0,0.0,0.0,0.0,0.0,0.0,0.0,0.0,,0.0,0.0,0.0,0.0,0.0,0.0,5.0,1.0,0.0,2.0,0.0,1.37,1.0,1.0,,,1.0,2.0,0.0,0.0,0.0,,0.0,0.0,0.0,,4.0,8.0
2023,2021013041,2023-06-15,1600007.0,村林 一輝,66.0,走三,376,1.0,0.0,0.0,0.0,1.0,0.0,0.0,0.0,0.0,0.0,0.0,,0.0,0.0,0.0,0.0,0.0,0.0,,,,,,,,,,,,,,,,,,,,,,
2023,2021013041,2023-06-15,1600094.0,田中 和基,25.0,走右,376,1.0,0.0,1.0,1.0,2.0,1.0,0.0,0.0,1.0,2.0,0.0,,0.0,0.0,0.0,0.0,0.0,0.0,,,,,,,,,,,,,,,,,,,,,,
2023,2021013041,2023-06-15,1600124.0,坂倉 将吾,31.0,捕,6,1.0,1.0,5.0,4.0,1.0,1.0,0.0,0.0,0.0,0.0,0.0,,1.0,0.0,0.0,0.0,0.0,0.0,,,,,,,,,,,,,,,,,,,,,,
2023,2021013041,2023-06-15,1600142.0,酒居 知史,28.0,投,376,1.0,0.0,0.0,0.0,0.0,0.0,0.0,0.0,0.0,0.0,0.0,,0.0,0.0,0.0,0.0,0.0,0.0,6.0,1.0,0.0,0.0,0.0,0.55,1.0,1.0,,,1.0,0.0,0.0,0.0,0.0,,0.0,1.0,0.0,,3.0,11.0
2023,2021013041,2023-06-15,1700034.0,山崎 剛,34.0,遊,376,1.0,1.0,5.0,5.0,0.0,3.0,0.0,0.0,0.0,2.0,0.0,,0.0,0.0,0.0,0.0,0.0,0.0,,,,,,,,,,,,,,,,,,,,,,
2023,2021013041,2023-06-15,1800073.0,島内 颯太郎,43.0,投,6,1.0,0.0,0.0,0.0,0.0,0.0,0.0,0.0,0.0,0.0,0.0,,0.0,0.0,0.0,0.0,0.0,0.0,6.0,1.0,0.0,1.0,2.0,2.21,1.0,1.0,,,2.0,4.0,3.0,2.0,0.0,,0.0,0.0,0.0,,7.0,25.0
2023,2021013041,2023-06-15,1800074.0,林 晃汰,44.0,打,6,1.0,0.0,1.0,0.0,0.0,0.0,0.0,0.0,0.0,0.0,0.0,,1.0,0.0,0.0,0.0,0.0,0.0,,,,,,,,,,,,,,,,,,,,,,
2023,2021013041,2023-06-15,1800117.0,辰己 涼介,8.0,中,376,1.0,1.0,6.0,5.0,2.0,2.0,0.0,0.0,0.0,0.0,0.0,,0.0,2.0,1.0,0.0,0.0,0.0,,,,,,,,,,,,,,,,,,,,,,
2023,2021013041,2023-06-15,1800118.0,太田 光,2.0,捕,376,1.0,1.0,5.0,4.0,0.0,1.0,0.0,0.0,0.0,0.0,0.0,,0.0,0.0,0.0,1.0,0.0,0.0,,,,,,,,,,,,,,,,,,,,,,
2023,2021013041,2023-06-15,1800122.0,渡邊 佳明,48.0,打,376,1.0,0.0,1.0,0.0,0.0,0.0,0.0,0.0,0.0,0.0,0.0,,0.0,0.0,0.0,1.0,0.0,0.0,,,,,,,,,,,,,,,,,,,,,,
2023,2021013041,2023-06-15,1800123.0,小郷 裕哉,51.0,右,376,1.0,1.0,5.0,5.0,1.0,2.0,0.0,1.0,0.0,1.0,0.0,,0.0,3.0,0.0,0.0,0.0,0.0,,,,,,,,,,,,,,,,,,,,,,
2023,2021013041,2023-06-15,1800124.0,鈴木 翔天,56.0,投,376,1.0,0.0,0.0,0.0,0.0,0.0,0.0,0.0,0.0,0.0,0.0,,0.0,0.0,0.0,0.0,0.0,0.0,4.0,1.0,0.0,1.0,0.0,4.86,0.6666666666666666,0.2,,,0.0,0.0,0.0,0.0,0.0,,1.0,1.0,0.0,,3.0,11.0
2023,2021013041,2023-06-15,1900112.0,小深田 大翔,0.0,三二,376,1.0,1.0,5.0,4.0,2.0,1.0,0.0,0.0,0.0,0.0,0.0,,1.0,0.0,0.0,0.0,0.0,0.0,,,,,,,,,,,,,,,,,,,,,,
2023,2021013041,2023-06-15,1900114.0,津留崎 大成,52.0,投,376,1.0,0.0,0.0,0.0,0.0,0.0,0.0,0.0,0.0,0.0,0.0,,0.0,0.0,0.0,0.0,0.0,0.0,3.0,1.0,0.0,0.0,0.0,3.0,0.0,0.0,,,0.0,2.0,0.0,0.0,0.0,,0.0,0.0,0.0,,2.0,6.0
2023,2021013041,2023-06-15,1900134.0,コルニエル,98.0,投,6,1.0,1.0,0.0,0.0,0.0,0.0,0.0,0.0,0.0,0.0,0.0,,0.0,0.0,0.0,0.0,0.0,0.0,1.0,1.0,,1.0,4.0,5.1,2.0,2.0,,,0.0,6.0,5.0,4.0,0.0,,2.0,2.0,0.0,,13.0,62.0
2023,2021013041,2023-06-15,2000060.0,栗林 良吏,20.0,投,6,1.0,0.0,0.0,0.0,0.0,0.0,0.0,0.0,0.0,0.0,0.0,,0.0,0.0,0.0,0.0,0.0,0.0,7.0,1.0,0.0,1.0,6.0,7.47,1.0,1.0,,,7.0,1.0,2.0,2.0,1.0,,1.0,1.0,0.0,,5.0,15.0
2023,2021013041,2023-06-15,2000061.0,森浦 大輔,13.0,投,6,1.0,0.0,0.0,0.0,0.0,0.0,0.0,0.0,0.0,0.0,0.0,,0.0,0.0,0.0,0.0,0.0,0.0,4.0,1.0,0.0,0.0,0.0,1.17,0.6666666666666666,0.2,,,0.0,0.0,0.0,0.0,0.0,,0.0,1.0,0.0,,2.0,11.0
2023,2021013041,2023-06-15,2000062.0,大道 温貴,12.0,投,6,1.0,0.0,0.0,0.0,0.0,0.0,0.0,0.0,0.0,0.0,0.0,,0.0,0.0,0.0,0.0,0.0,0.0,3.0,1.0,0.0,0.0,0.0,5.52,1.3333333333333333,1.1,,,0.0,1.0,0.0,0.0,0.0,,0.0,0.0,1.0,,6.0,17.0
2023,2021013041,2023-06-15,2000126.0,内 星龍,69.0,投,376,1.0,0.0,0.0,0.0,0.0,0.0,0.0,0.0,0.0,0.0,0.0,,0.0,0.0,0.0,0.0,0.0,0.0,2.0,1.0,0.0,3.0,1.0,3.63,0.3333333333333333,0.1,,,0.0,1.0,3.0,3.0,0.0,,1.0,0.0,1.0,,4.0,13.0
2023,2021013041,2023-06-15,2103768.0,末包 昇大,52.0,一右,6,1.0,1.0,3.0,2.0,1.0,1.0,0.0,0.0,0.0,0.0,0.0,,0.0,0.0,1.0,0.0,0.0,0.0,,,,,,,,,,,,,,,,,,,,,,
2023,2021013041,2023-06-15,2105140.0,渡辺 翔太,31.0,投,376,1.0,0.0,0.0,0.0,0.0,0.0,0.0,0.0,0.0,0.0,0.0,,0.0,0.0,0.0,0.0,0.0,0.0,5.0,1.0,0.0,2.0,0.0,0.0,1.0,1.0,,,0.0,0.0,0.0,0.0,0.0,,0.0,1.0,0.0,,3.0,10.0
2023,2021013041,2023-06-15,2106793.0,荘司 康誠,19.0,投,376,1.0,1.0,2.0,2.0,0.0,0.0,0.0,0.0,0.0,0.0,0.0,,0.0,0.0,0.0,0.0,0.0,0.0,1.0,1.0,,0.0,3.0,3.66,5.0,5.0,,,0.0,5.0,4.0,2.0,0.0,,2.0,4.0,1.0,,23.0,84.0
2023,2021013042,2023-06-16,700003.0,坂本 勇人,6.0,遊,1,1.0,1.0,5.0,4.0,2.0,2.0,0.0,0.0,1.0,3.0,0.0,,1.0,0.0,0.0,0.0,0.0,0.0,,,,,,,,,,,,,,,,,,,,,,
2023,2021013042,2023-06-16,700027.0,梶谷 隆幸,13.0,打右,1,1.0,0.0,2.0,2.0,1.0,1.0,1.0,0.0,0.0,0.0,0.0,,0.0,0.0,0.0,0.0,0.0,0.0,,,,,,,,,,,,,,,,,,,,,,
2023,2021013042,2023-06-16,800043.0,丸 佳浩,8.0,右中,1,1.0,1.0,4.0,4.0,0.0,2.0,0.0,0.0,0.0,0.0,0.0,,0.0,0.0,0.0,0.0,0.0,0.0,,,,,,,,,,,,,,,,,,,,,,
2023,2021013042,2023-06-16,800054.0,中田 翔,10.0,一,1,1.0,1.0,4.0,4.0,1.0,2.0,0.0,0.0,1.0,1.0,0.0,,0.0,0.0,0.0,0.0,0.0,0.0,,,,,,,,,,,,,,,,,,,,,,
2023,2021013042,2023-06-16,900056.0,浅村 栄斗,3.0,二,376,1.0,1.0,4.0,4.0,1.0,2.0,0.0,0.0,0.0,0.0,0.0,,0.0,0.0,0.0,0.0,0.0,0.0,,,,,,,,,,,,,,,,,,,,,,
2023,2021013042,2023-06-16,900090.0,辛島 航,58.0,投,376,1.0,1.0,1.0,1.0,0.0,0.0,0.0,0.0,0.0,0.0,0.0,,0.0,1.0,0.0,0.0,0.0,0.0,1.0,1.0,,0.0,0.0,2.31,5.0,5.0,,,0.0,7.0,3.0,3.0,2.0,,2.0,0.0,0.0,,23.0,72.0
2023,2021013042,2023-06-16,1100103.0,鈴木 大地,7.0,打三,376,1.0,0.0,1.0,1.0,0.0,0.0,0.0,0.0,0.0,0.0,0.0,,0.0,0.0,0.0,0.0,0.0,0.0,,,,,,,,,,,,,,,,,,,,,,
2023,2021013042,2023-06-16,1100130.0,岡島 豪郎,27.0,左,376,1.0,1.0,4.0,3.0,0.0,2.0,1.0,0.0,0.0,1.0,0.0,,1.0,1.0,0.0,0.0,0.0,0.0,,,,,,,,,,,,,,,,,,,,,,
2023,2021013042,2023-06-16,1400101.0,岡本 和真,25.0,三,1,1.0,1.0,4.0,2.0,1.0,1.0,0.0,0.0,1.0,2.0,0.0,,2.0,0.0,0.0,0.0,0.0,0.0,,,,,,,,,,,,,,,,,,,,,,
2023,2021013042,2023-06-16,1460250.0,フランコ,23.0,打三,376,1.0,0.0,2.0,2.0,0.0,0.0,0.0,0.0,0.0,0.0,0.0,,0.0,0.0,0.0,0.0,0.0,0.0,,,,,,,,,,,,,,,,,,,,,,
2023,2021013042,2023-06-16,1500047.0,重信 慎之介,43.0,左,1,1.0,0.0,2.0,2.0,1.0,1.0,0.0,0.0,0.0,0.0,1.0,,0.0,0.0,0.0,0.0,0.0,0.0,,,,,,,,,,,,,,,,,,,,,,
2023,2021013042,2023-06-16,1500078.0,阿部 寿樹,4.0,一,376,1.0,1.0,4.0,3.0,0.0,0.0,0.0,0.0,0.0,1.0,0.0,,0.0,0.0,0.0,0.0,1.0,0.0,,,,,,,,,,,,,,,,,,,,,,
2023,2021013042,2023-06-16,1600001.0,オコエ 瑠偉,50.0,中,1,1.0,1.0,3.0,3.0,0.0,1.0,0.0,0.0,0.0,0.0,0.0,,0.0,0.0,0.0,0.0,0.0,0.0,,,,,,,,,,,,,,,,,,,,,,
2023,2021013042,2023-06-16,1600007.0,村林 一輝,66.0,走二,376,1.0,0.0,0.0,0.0,0.0,0.0,0.0,0.0,0.0,0.0,0.0,,0.0,0.0,0.0,0.0,0.0,0.0,,,,,,,,,,,,,,,,,,,,,,
2023,2021013042,2023-06-16,1600012.0,宋 家豪,43.0,投,376,1.0,0.0,0.0,0.0,0.0,0.0,0.0,0.0,0.0,0.0,0.0,,0.0,0.0,0.0,0.0,0.0,0.0,3.0,1.0,0.0,1.0,0.0,2.93,1.0,1.0,,,0.0,1.0,0.0,0.0,0.0,,1.0,0.0,0.0,,5.0,25.0
2023,2021013042,2023-06-16,1600059.0,吉川 尚輝,2.0,二,1,1.0,1.0,4.0,4.0,0.0,1.0,0.0,0.0,0.0,0.0,0.0,,0.0,1.0,0.0,0.0,0.0,0.0,,,,,,,,,,,,,,,,,,,,,,
2023,2021013042,2023-06-16,1600064.0,大江 竜聖,64.0,投,1,1.0,0.0,0.0,0.0,0.0,0.0,0.0,0.0,0.0,0.0,0.0,,0.0,0.0,0.0,0.0,0.0,0.0,4.0,1.0,0.0,4.0,0.0,3.21,1.0,1.0,,,0.0,1.0,0.0,0.0,0.0,,1.0,0.0,0.0,,4.0,18.0
2023,2021013042,2023-06-16,1600142.0,酒居 知史,28.0,投,376,1.0,0.0,0.0,0.0,0.0,0.0,0.0,0.0,0.0,0.0,0.0,,0.0,0.0,0.0,0.0,0.0,0.0,5.0,1.0,0.0,0.0,1.0,2.2,0.0,0.0,,,1.0,3.0,3.0,3.0,1.0,,0.0,0.0,0.0,,3.0,9.0
2023,2021013042,2023-06-16,1700034.0,山崎 剛,34.0,遊,376,1.0,1.0,4.0,4.0,0.0,0.0,0.0,0.0,0.0,0.0,0.0,,0.0,1.0,0.0,0.0,0.0,0.0,,,,,,,,,,,,,,,,,,,,,,
2023,2021013042,2023-06-16,1700043.0,岸田 行倫,27.0,捕,1,1.0,1.0,3.0,3.0,0.0,2.0,0.0,0.0,0.0,0.0,0.0,,0.0,0.0,0.0,0.0,0.0,0.0,,,,,,,,,,,,,,,,,,,,,,
2023,2021013042,2023-06-16,1700044.0,大城 卓三,24.0,打捕,1,1.0,0.0,1.0,1.0,0.0,0.0,0.0,0.0,0.0,0.0,0.0,,0.0,1.0,0.0,0.0,0.0,0.0,,,,,,,,,,,,,,,,,,,,,,
2023,2021013042,2023-06-16,1700110.0,鈴木 康平,32.0,投,1,1.0,0.0,0.0,0.0,0.0,0.0,0.0,0.0,0.0,0.0,0.0,,0.0,0.0,0.0,0.0,0.0,0.0,3.0,1.0,0.0,0.0,1.0,6.23,1.0,1.0,,,0.0,3.0,2.0,2.0,1.0,,0.0,0.0,0.0,,5.0,32.0
2023,2021013042,2023-06-16,1800026.0,横川 凱,62.0,投,1,1.0,1.0,3.0,1.0,0.0,0.0,0.0,0.0,0.0,0.0,0.0,,0.0,0.0,0.0,2.0,0.0,0.0,1.0,1.0,,3.0,4.0,3.47,6.0,6.0,,,0.0,5.0,3.0,3.0,1.0,,0.0,5.0,1.0,,23.0,91.0
2023,2021013042,2023-06-16,1800044.0,伊藤 裕季也,39.0,打,376,1.0,0.0,1.0,1.0,1.0,1.0,0.0,0.0,1.0,1.0,0.0,,0.0,0.0,0.0,0.0,0.0,0.0,,,,,,,,,,,,,,,,,,,,,,
2023,2021013042,2023-06-16,1800117.0,辰己 涼介,8.0,中,376,1.0,1.0,4.0,3.0,1.0,1.0,0.0,0.0,0.0,0.0,0.0,,0.0,0.0,1.0,0.0,0.0,0.0,,,,,,,,,,,,,,,,,,,,,,
2023,2021013042,2023-06-16,1800118.0,太田 光,2.0,捕,376,1.0,1.0,4.0,3.0,0.0,1.0,0.0,0.0,0.0,0.0,0.0,,0.0,0.0,0.0,1.0,0.0,0.0,,,,,,,,,,,,,,,,,,,,,,
2023,2021013042,2023-06-16,1800123.0,小郷 裕哉,51.0,右,376,1.0,1.0,4.0,4.0,2.0,2.0,0.0,0.0,1.0,2.0,0.0,,0.0,1.0,0.0,0.0,0.0,0.0,,,,,,,,,,,,,,,,,,,,,,
2023,2021013042,2023-06-16,1900112.0,小深田 大翔,0.0,三,376,1.0,1.0,2.0,2.0,0.0,0.0,0.0,0.0,0.0,0.0,0.0,,0.0,1.0,0.0,0.0,0.0,0.0,,,,,,,,,,,,,,,,,,,,,,
2023,2021013042,2023-06-16,1900114.0,津留崎 大成,52.0,投,376,1.0,0.0,0.0,0.0,0.0,0.0,0.0,0.0,0.0,0.0,0.0,,0.0,0.0,0.0,0.0,0.0,0.0,2.0,1.0,0.0,0.0,0.0,2.25,1.0,1.0,,,0.0,2.0,0.0,0.0,0.0,,0.0,0.0,0.0,,5.0,19.0
2023,2021013042,2023-06-16,1960962.0,ビーディ,33.0,投,1,1.0,0.0,0.0,0.0,0.0,0.0,0.0,0.0,0.0,0.0,0.0,,0.0,0.0,0.0,0.0,0.0,0.0,2.0,1.0,0.0,0.0,4.0,4.71,1.0,1.0,,,0.0,0.0,0.0,0.0,0.0,,0.0,0.0,0.0,,3.0,10.0
2023,2021013042,2023-06-16,2000009.0,秋広 優人,55.0,打,1,1.0,0.0,1.0,1.0,0.0,0.0,0.0,0.0,0.0,0.0,0.0,,0.0,0.0,0.0,0.0,0.0,0.0,,,,,,,,,,,,,,,,,,,,,,
2023,2021013042,2023-06-16,2105140.0,渡辺 翔太,31.0,投,376,1.0,0.0,0.0,0.0,0.0,0.0,0.0,0.0,0.0,0.0,0.0,,0.0,0.0,0.0,0.0,0.0,0.0,4.0,1.0,0.0,2.0,0.0,0.0,1.0,1.0,,,0.0,0.0,0.0,0.0,0.0,,0.0,2.0,0.0,,3.0,10.0
2023,2021013042,2023-06-16,2105889.0,ウォーカー,44.0,左,1,1.0,1.0,3.0,3.0,0.0,0.0,0.0,0.0,0.0,0.0,0.0,,0.0,0.0,0.0,0.0,0.0,0.0,,,,,,,,,,,,,,,,,,,,,,
2023,2021013043,2023-06-16,400021.0,青木 宣親,23.0,左,2,1.0,1.0,4.0,4.0,0.0,2.0,0.0,0.0,0.0,0.0,0.0,,0.0,1.0,0.0,0.0,0.0,0.0,,,,,,,,,,,,,,,,,,,,,,
2023,2021013043,2023-06-16,600011.0,川端 慎吾,5.0,打,2,1.0,0.0,1.0,1.0,0.0,0.0,0.0,0.0,0.0,0.0,0.0,,0.0,0.0,0.0,0.0,0.0,0.0,,,,,,,,,,,,,,,,,,,,,,
2023,2021013043,2023-06-16,600066.0,平野 佳寿,16.0,投,11,1.0,0.0,0.0,0.0,0.0,0.0,0.0,0.0,0.0,0.0,0.0,,0.0,0.0,0.0,0.0,0.0,0.0,3.0,1.0,0.0,0.0,1.0,1.2,1.0,1.0,,,10.0,0.0,0.0,0.0,0.0,,1.0,0.0,0.0,,4.0,20.0
2023,2021013043,2023-06-16,900044.0,中村 悠平,27.0,捕,2,1.0,0.0,1.0,1.0,0.0,0.0,0.0,0.0,0.0,0.0,0.0,,0.0,0.0,0.0,0.0,0.0,0.0,,,,,,,,,,,,,,,,,,,,,,
2023,2021013043,2023-06-16,1000132.0,山田 哲人,1.0,二,2,1.0,1.0,4.0,3.0,0.0,0.0,0.0,0.0,0.0,0.0,0.0,,1.0,2.0,0.0,0.0,0.0,0.0,,,,,,,,,,,,,,,,,,,,,,
2023,2021013043,2023-06-16,1160424.0,ゴンザレス,8.0,二,11,1.0,1.0,5.0,5.0,0.0,2.0,0.0,0.0,0.0,1.0,0.0,,0.0,3.0,0.0,0.0,0.0,0.0,,,,,,,,,,,,,,,,,,,,,,
2023,2021013043,2023-06-16,1300092.0,今野 龍太,69.0,投,2,1.0,0.0,0.0,0.0,0.0,0.0,0.0,0.0,0.0,0.0,0.0,,0.0,0.0,0.0,0.0,0.0,0.0,3.0,1.0,0.0,0.0,0.0,2.03,1.0,1.0,,,0.0,1.0,0.0,0.0,0.0,,0.0,1.0,0.0,,4.0,12.0
2023,2021013043,2023-06-16,1300100.0,森 友哉,4.0,打,11,1.0,0.0,1.0,1.0,0.0,0.0,0.0,0.0,0.0,0.0,0.0,,0.0,0.0,0.0,0.0,0.0,0.0,,,,,,,,,,,,,,,,,,,,,,
2023,2021013043,2023-06-16,1300109.0,若月 健矢,2.0,捕,11,1.0,1.0,4.0,4.0,0.0,0.0,0.0,0.0,0.0,0.0,0.0,,0.0,0.0,0.0,0.0,0.0,0.0,,,,,,,,,,,,,,,,,,,,,,
2023,2021013043,2023-06-16,1400195.0,山崎 福也,11.0,投,11,1.0,1.0,3.0,3.0,1.0,2.0,0.0,0.0,0.0,1.0,0.0,,0.0,0.0,0.0,0.0,0.0,1.0,1.0,1.0,,5.0,2.0,2.94,7.0,7.0,,,0.0,4.0,1.0,1.0,0.0,,3.0,7.0,0.0,,28.0,112.0
2023,2021013043,2023-06-16,1400196.0,宗 佑磨,6.0,打三,11,1.0,0.0,2.0,2.0,0.0,0.0,0.0,0.0,0.0,0.0,0.0,,0.0,0.0,0.0,0.0,0.0,0.0,,,,,,,,,,,,,,,,,,,,,,
2023,2021013043,2023-06-16,1400202.0,小田 裕也,50.0,走左,11,1.0,0.0,0.0,0.0,0.0,0.0,0.0,0.0,0.0,0.0,0.0,,0.0,0.0,0.0,0.0,0.0,0.0,,,,,,,,,,,,,,,,,,,,,,
2023,2021013043,2023-06-16,1500041.0,廣岡 大志,30.0,三,11,1.0,1.0,2.0,1.0,1.0,0.0,0.0,0.0,0.0,0.0,0.0,,1.0,0.0,0.0,0.0,0.0,0.0,,,,,,,,,,,,,,,,,,,,,,
2023,2021013043,2023-06-16,1500135.0,杉本 裕太郎,99.0,左,11,1.0,1.0,4.0,4.0,0.0,1.0,1.0,0.0,0.0,1.0,0.0,,0.0,0.0,0.0,0.0,0.0,0.0,,,,,,,,,,,,,,,,,,,,,,
2023,2021013043,2023-06-16,1600078.0,古賀 優大,57.0,捕,2,1.0,1.0,2.0,2.0,0.0,1.0,0.0,0.0,0.0,0.0,0.0,,0.0,0.0,0.0,0.0,0.0,0.0,,,,,,,,,,,,,,,,,,,,,,
2023,2021013043,2023-06-16,1600155.0,山崎 颯一郎,63.0,投,11,1.0,0.0,0.0,0.0,0.0,0.0,0.0,0.0,0.0,0.0,0.0,,0.0,0.0,0.0,0.0,0.0,0.0,2.0,1.0,0.0,0.0,0.0,1.57,1.0,1.0,,,2.0,0.0,0.0,0.0,0.0,,0.0,0.0,0.0,,3.0,9.0
2023,2021013043,2023-06-16,1700084.0,村上 宗隆,55.0,三,2,1.0,1.0,4.0,3.0,0.0,0.0,0.0,0.0,0.0,0.0,0.0,,1.0,1.0,0.0,0.0,0.0,0.0,,,,,,,,,,,,,,,,,,,,,,
2023,2021013043,2023-06-16,1700089.0,宮本 丈,39.0,打,2,1.0,0.0,1.0,0.0,0.0,0.0,0.0,0.0,0.0,0.0,0.0,,1.0,0.0,0.0,0.0,0.0,0.0,,,,,,,,,,,,,,,,,,,,,,
2023,2021013043,2023-06-16,1700094.0,山本 大貴,43.0,投,2,1.0,0.0,0.0,0.0,0.0,0.0,0.0,0.0,0.0,0.0,0.0,,0.0,0.0,0.0,0.0,0.0,0.0,5.0,1.0,0.0,0.0,0.0,5.06,1.0,1.0,,,0.0,0.0,0.0,0.0,0.0,,1.0,1.0,0.0,,4.0,9.0
2023,2021013043,2023-06-16,1700111.0,福田 周平,1.0,中,11,1.0,1.0,5.0,2.0,0.0,1.0,0.0,0.0,0.0,0.0,0.0,,2.0,0.0,0.0,1.0,0.0,0.0,,,,,,,,,,,,,,,,,,,,,,
2023,2021013043,2023-06-16,1760587.0,ピーターズ,63.0,投,2,1.0,1.0,1.0,1.0,0.0,0.0,0.0,0.0,0.0,0.0,0.0,,0.0,0.0,0.0,0.0,0.0,0.0,1.0,1.0,,2.0,3.0,2.49,5.0,5.0,,,0.0,6.0,3.0,2.0,0.0,,2.0,3.0,0.0,,22.0,89.0
2023,2021013043,2023-06-16,1800036.0,濱田 太貴,51.0,打,2,1.0,0.0,1.0,1.0,0.0,0.0,0.0,0.0,0.0,0.0,0.0,,0.0,1.0,0.0,0.0,0.0,0.0,,,,,,,,,,,,,,,,,,,,,,
2023,2021013043,2023-06-16,1800099.0,頓宮 裕真,44.0,一,11,1.0,1.0,4.0,4.0,1.0,1.0,0.0,0.0,0.0,0.0,0.0,,0.0,1.0,0.0,0.0,0.0,0.0,,,,,,,,,,,,,,,,,,,,,,
2023,2021013043,2023-06-16,1800104.0,中川 圭太,67.0,右,11,1.0,1.0,4.0,4.0,0.0,1.0,0.0,0.0,0.0,0.0,0.0,,0.0,1.0,0.0,0.0,0.0,0.0,,,,,,,,,,,,,,,,,,,,,,
2023,2021013043,2023-06-16,1900027.0,大西 広樹,44.0,投,2,1.0,0.0,0.0,0.0,0.0,0.0,0.0,0.0,0.0,0.0,0.0,,0.0,0.0,0.0,0.0,0.0,0.0,4.0,1.0,0.0,1.0,1.0,4.0,1.0,1.0,,,0.0,2.0,1.0,1.0,0.0,,0.0,0.0,0.0,,5.0,12.0
2023,2021013043,2023-06-16,1900028.0,長岡 秀樹,7.0,打,2,1.0,0.0,1.0,1.0,0.0,0.0,0.0,0.0,0.0,0.0,0.0,,0.0,0.0,0.0,0.0,0.0,0.0,,,,,,,,,,,,,,,,,,,,,,
2023,2021013043,2023-06-16,1900029.0,武岡 龍世,60.0,遊,2,1.0,1.0,3.0,3.0,0.0,0.0,0.0,0.0,0.0,0.0,0.0,,0.0,1.0,0.0,0.0,0.0,0.0,,,,,,,,,,,,,,,,,,,,,,
2023,2021013043,2023-06-16,1900088.0,紅林 弘太郎,24.0,遊,11,1.0,1.0,4.0,3.0,1.0,1.0,1.0,0.0,0.0,0.0,0.0,,1.0,0.0,0.0,0.0,0.0,0.0,,,,,,,,,,,,,,,,,,,,,,
2023,2021013043,2023-06-16,2000026.0,内山 壮真,33.0,中,2,1.0,1.0,4.0,3.0,1.0,1.0,0.0,0.0,0.0,0.0,0.0,,0.0,1.0,0.0,1.0,0.0,0.0,,,,,,,,,,,,,,,,,,,,,,
2023,2021013043,2023-06-16,2000033.0,丸山 翔大,68.0,投,2,1.0,0.0,0.0,0.0,0.0,0.0,0.0,0.0,0.0,0.0,0.0,,0.0,0.0,0.0,0.0,0.0,0.0,2.0,1.0,0.0,0.0,0.0,2.12,1.0,1.0,,,0.0,0.0,0.0,0.0,0.0,,1.0,0.0,0.0,,3.0,12.0
2023,2021013043,2023-06-16,2000133.0,オスナ,13.0,一,2,1.0,1.0,4.0,3.0,0.0,0.0,0.0,0.0,0.0,0.0,0.0,,1.0,0.0,0.0,0.0,0.0,0.0,,,,,,,,,,,,,,,,,,,,,,
2023,2021013043,2023-06-16,2000135.0,サンタナ,25.0,右,2,1.0,1.0,4.0,4.0,0.0,0.0,0.0,0.0,0.0,0.0,0.0,,0.0,0.0,0.0,0.0,0.0,0.0,,,,,,,,,,,,,,,,,,,,,,
2023,2021013044,2023-06-16,600003.0,大和,9.0,遊,3,1.0,1.0,3.0,3.0,1.0,1.0,0.0,0.0,0.0,0.0,0.0,,0.0,0.0,0.0,0.0,0.0,0.0,,,,,,,,,,,,,,,,,,,,,,
2023,2021013044,2023-06-16,700087.0,角中 勝也,3.0,左,9,1.0,1.0,4.0,3.0,0.0,1.0,1.0,0.0,0.0,3.0,0.0,,1.0,0.0,0.0,0.0,0.0,0.0,,,,,,,,,,,,,,,,,,,,,,
2023,2021013044,2023-06-16,800075.0,伊藤 光,29.0,捕,3,1.0,1.0,3.0,2.0,0.0,0.0,0.0,0.0,0.0,0.0,0.0,,1.0,0.0,0.0,0.0,0.0,0.0,,,,,,,,,,,,,,,,,,,,,,
2023,2021013044,2023-06-16,900011.0,大田 泰示,0.0,右,3,1.0,1.0,4.0,3.0,0.0,0.0,0.0,0.0,0.0,1.0,0.0,,1.0,0.0,0.0,0.0,0.0,0.0,,,,,,,,,,,,,,,,,,,,,,
2023,2021013044,2023-06-16,1100104.0,益田 直也,52.0,投,9,1.0,0.0,0.0,0.0,0.0,0.0,0.0,0.0,0.0,0.0,0.0,,0.0,0.0,0.0,0.0,0.0,0.0,3.0,1.0,0.0,1.0,0.0,1.75,1.0,1.0,,,18.0,0.0,0.0,0.0,0.0,,0.0,1.0,0.0,,3.0,11.0
2023,2021013044,2023-06-16,1200053.0,宮崎 敏郎,51.0,三,3,1.0,1.0,4.0,4.0,1.0,1.0,1.0,0.0,0.0,0.0,0.0,,0.0,0.0,0.0,0.0,0.0,0.0,,,,,,,,,,,,,,,,,,,,,,
2023,2021013044,2023-06-16,1200096.0,田村 龍弘,27.0,捕,9,1.0,1.0,4.0,4.0,0.0,1.0,0.0,0.0,0.0,2.0,0.0,,0.0,0.0,0.0,0.0,0.0,0.0,,,,,,,,,,,,,,,,,,,,,,
2023,2021013044,2023-06-16,1300038.0,関根 大気,63.0,中,3,1.0,1.0,4.0,4.0,0.0,1.0,0.0,0.0,0.0,0.0,0.0,,0.0,0.0,0.0,0.0,0.0,0.0,,,,,,,,,,,,,,,,,,,,,,
2023,2021013044,2023-06-16,1300044.0,岡 大海,25.0,中左,9,1.0,1.0,5.0,4.0,1.0,0.0,0.0,0.0,0.0,0.0,0.0,,1.0,0.0,0.0,0.0,0.0,0.0,,,,,,,,,,,,,,,,,,,,,,
2023,2021013044,2023-06-16,1400188.0,中村 奨吾,8.0,二,9,1.0,1.0,5.0,3.0,1.0,1.0,1.0,0.0,0.0,0.0,0.0,,1.0,0.0,0.0,1.0,0.0,0.0,,,,,,,,,,,,,,,,,,,,,,
2023,2021013044,2023-06-16,1500064.0,戸柱 恭孝,10.0,打,3,1.0,0.0,1.0,1.0,0.0,0.0,0.0,0.0,0.0,0.0,0.0,,0.0,0.0,0.0,0.0,0.0,0.0,,,,,,,,,,,,,,,,,,,,,,
2023,2021013044,2023-06-16,1500141.0,茶谷 健太,67.0,打一二,9,1.0,0.0,1.0,1.0,0.0,0.0,0.0,0.0,0.0,0.0,0.0,,0.0,1.0,0.0,0.0,0.0,0.0,,,,,,,,,,,,,,,,,,,,,,
2023,2021013044,2023-06-16,1561880.0,ウェンデルケン,49.0,投,3,1.0,0.0,0.0,0.0,0.0,0.0,0.0,0.0,0.0,0.0,0.0,,0.0,0.0,0.0,0.0,0.0,0.0,5.0,1.0,0.0,1.0,1.0,2.14,1.0,1.0,,,0.0,2.0,2.0,2.0,0.0,,3.0,1.0,0.0,,8.0,26.0
2023,2021013044,2023-06-16,1600081.0,濱口 遥大,26.0,投,3,1.0,1.0,1.0,1.0,0.0,1.0,0.0,0.0,0.0,0.0,0.0,,0.0,0.0,0.0,0.0,0.0,0.0,1.0,1.0,,0.0,4.0,8.1,4.666666666666667,4.2,,,0.0,2.0,3.0,3.0,0.0,,6.0,4.0,0.0,,21.0,97.0
2023,2021013044,2023-06-16,1600089.0,佐野 恵太,7.0,左,3,1.0,1.0,4.0,4.0,0.0,1.0,0.0,0.0,0.0,0.0,0.0,,0.0,0.0,0.0,0.0,0.0,0.0,,,,,,,,,,,,,,,,,,,,,,
2023,2021013044,2023-06-16,1600107.0,京田 陽太,98.0,打,3,1.0,0.0,1.0,1.0,0.0,0.0,0.0,0.0,0.0,0.0,0.0,,0.0,1.0,0.0,0.0,0.0,0.0,,,,,,,,,,,,,,,,,,,,,,
2023,2021013044,2023-06-16,1660014.0,ペルドモ,55.0,投,9,1.0,0.0,0.0,0.0,0.0,0.0,0.0,0.0,0.0,0.0,0.0,,0.0,0.0,0.0,0.0,0.0,0.0,2.0,1.0,0.0,0.0,0.0,1.73,1.0,1.0,,,1.0,0.0,0.0,0.0,0.0,,0.0,2.0,0.0,,3.0,10.0
2023,2021013044,2023-06-16,1700002.0,メルセデス,42.0,投,9,1.0,1.0,3.0,3.0,0.0,0.0,0.0,0.0,0.0,0.0,0.0,,0.0,3.0,0.0,0.0,0.0,0.0,1.0,1.0,,3.0,3.0,2.05,7.0,7.0,,,1.0,7.0,2.0,2.0,0.0,,2.0,0.0,0.0,,30.0,103.0
2023,2021013044,2023-06-16,1700006.0,エスコバー,62.0,投,3,1.0,0.0,0.0,0.0,0.0,0.0,0.0,0.0,0.0,0.0,0.0,,0.0,0.0,0.0,0.0,0.0,0.0,3.0,1.0,0.0,0.0,0.0,13.5,1.0,1.0,,,0.0,0.0,0.0,0.0,0.0,,0.0,0.0,0.0,,3.0,11.0
2023,2021013044,2023-06-16,1700020.0,ソト,99.0,一,3,1.0,1.0,4.0,4.0,0.0,1.0,0.0,0.0,0.0,0.0,0.0,,0.0,1.0,0.0,0.0,0.0,0.0,,,,,,,,,,,,,,,,,,,,,,
2023,2021013044,2023-06-16,1700066.0,山本 祐大,50.0,打,3,1.0,0.0,1.0,1.0,0.0,0.0,0.0,0.0,0.0,0.0,0.0,,0.0,0.0,0.0,0.0,0.0,0.0,,,,,,,,,,,,,,,,,,,,,,
2023,2021013044,2023-06-16,1700067.0,中川 虎大,64.0,投,3,1.0,0.0,0.0,0.0,0.0,0.0,0.0,0.0,0.0,0.0,0.0,,0.0,0.0,0.0,0.0,0.0,0.0,6.0,1.0,0.0,0.0,0.0,2.25,1.0,1.0,,,0.0,0.0,0.0,0.0,0.0,,0.0,0.0,0.0,,3.0,12.0
2023,2021013044,2023-06-16,1700092.0,安田 尚憲,5.0,三,9,1.0,1.0,4.0,3.0,0.0,0.0,0.0,0.0,0.0,0.0,0.0,,1.0,1.0,0.0,0.0,0.0,0.0,,,,,,,,,,,,,,,,,,,,,,
2023,2021013044,2023-06-16,1700093.0,藤岡 裕大,4.0,遊,9,1.0,1.0,5.0,2.0,1.0,0.0,0.0,0.0,0.0,0.0,0.0,,3.0,0.0,0.0,0.0,0.0,0.0,,,,,,,,,,,,,,,,,,,,,,
2023,2021013044,2023-06-16,1700095.0,菅野 剛士,31.0,右,9,1.0,1.0,3.0,3.0,0.0,0.0,0.0,0.0,0.0,0.0,0.0,,0.0,1.0,0.0,0.0,0.0,0.0,,,,,,,,,,,,,,,,,,,,,,
2023,2021013044,2023-06-16,1700098.0,和田 康士朗,63.0,走中,9,1.0,0.0,0.0,0.0,1.0,0.0,0.0,0.0,0.0,0.0,1.0,,0.0,0.0,0.0,0.0,0.0,0.0,,,,,,,,,,,,,,,,,,,,,,
2023,2021013044,2023-06-16,1800043.0,上茶谷 大河,27.0,投,3,1.0,0.0,0.0,0.0,0.0,0.0,0.0,0.0,0.0,0.0,0.0,,0.0,0.0,0.0,0.0,0.0,0.0,4.0,1.0,0.0,1.0,0.0,1.07,1.0,1.0,,,0.0,0.0,0.0,0.0,0.0,,0.0,1.0,0.0,,3.0,14.0
2023,2021013044,2023-06-16,1800053.0,山口 航輝,51.0,一,9,1.0,1.0,4.0,3.0,1.0,1.0,0.0,0.0,0.0,0.0,0.0,,1.0,1.0,0.0,0.0,0.0,0.0,,,,,,,,,,,,,,,,,,,,,,
2023,2021013044,2023-06-16,1900030.0,森 敬斗,6.0,打,3,1.0,0.0,1.0,1.0,0.0,0.0,0.0,0.0,0.0,0.0,0.0,,0.0,0.0,0.0,0.0,0.0,0.0,,,,,,,,,,,,,,,,,,,,,,
2023,2021013044,2023-06-16,1900035.0,蝦名 達夫,61.0,走右,3,1.0,0.0,0.0,0.0,0.0,0.0,0.0,0.0,0.0,0.0,0.0,,0.0,0.0,0.0,0.0,0.0,0.0,,,,,,,,,,,,,,,,,,,,,,
2023,2021013044,2023-06-16,1900126.0,オースティン,3.0,打,3,1.0,0.0,1.0,1.0,0.0,1.0,0.0,0.0,0.0,1.0,0.0,,0.0,0.0,0.0,0.0,0.0,0.0,,,,,,,,,,,,,,,,,,,,,,
2023,2021013044,2023-06-16,2000034.0,入江 大生,22.0,投,3,1.0,0.0,0.0,0.0,0.0,0.0,0.0,0.0,0.0,0.0,0.0,,0.0,0.0,0.0,0.0,0.0,0.0,2.0,1.0,0.0,1.0,0.0,2.5,0.3333333333333333,0.1,,,0.0,0.0,0.0,0.0,0.0,,0.0,1.0,0.0,,1.0,4.0
2023,2021013044,2023-06-16,2000035.0,牧 秀悟,2.0,二,3,1.0,1.0,4.0,4.0,0.0,0.0,0.0,0.0,0.0,0.0,0.0,,0.0,1.0,0.0,0.0,0.0,0.0,,,,,,,,,,,,,,,,,,,,,,
2023,2021013044,2023-06-16,2000089.0,小川 龍成,57.0,右,9,1.0,0.0,1.0,0.0,0.0,0.0,0.0,0.0,0.0,0.0,0.0,,1.0,0.0,0.0,0.0,0.0,0.0,,,,,,,,,,,,,,,,,,,,,,
2023,2021013044,2023-06-16,2103693.0,池田 来翔,0.0,一,9,1.0,0.0,0.0,0.0,0.0,0.0,0.0,0.0,0.0,0.0,0.0,,0.0,0.0,0.0,0.0,0.0,0.0,,,,,,,,,,,,,,,,,,,,,,
2023,2021013045,2023-06-16,700035.0,福田 永将,55.0,一,4,1.0,1.0,3.0,2.0,0.0,0.0,0.0,0.0,0.0,0.0,0.0,,1.0,1.0,0.0,0.0,0.0,0.0,,,,,,,,,,,,,,,,,,,,,,
2023,2021013045,2023-06-16,1100069.0,高橋 周平,3.0,打,4,1.0,0.0,1.0,1.0,0.0,0.0,0.0,0.0,0.0,0.0,0.0,,0.0,1.0,0.0,0.0,0.0,0.0,,,,,,,,,,,,,,,,,,,,,,
2023,2021013045,2023-06-16,1100095.0,松本 剛,7.0,左,8,1.0,1.0,4.0,4.0,0.0,1.0,1.0,0.0,0.0,0.0,0.0,,0.0,1.0,0.0,0.0,0.0,0.0,,,,,,,,,,,,,,,,,,,,,,
2023,2021013045,2023-06-16,1100099.0,上沢 直之,15.0,投,8,1.0,1.0,3.0,3.0,0.0,1.0,0.0,0.0,0.0,0.0,0.0,,0.0,2.0,0.0,0.0,0.0,1.0,1.0,1.0,,6.0,4.0,2.92,8.0,8.0,,,0.0,3.0,1.0,1.0,1.0,,2.0,5.0,0.0,,30.0,112.0
2023,2021013045,2023-06-16,1200059.0,溝脇 隼人,48.0,走遊,4,1.0,0.0,1.0,1.0,0.0,0.0,0.0,0.0,0.0,0.0,0.0,,0.0,0.0,0.0,0.0,0.0,0.0,,,,,,,,,,,,,,,,,,,,,,
2023,2021013045,2023-06-16,1200080.0,谷内 亮太,32.0,三,8,1.0,0.0,0.0,0.0,0.0,0.0,0.0,0.0,0.0,0.0,0.0,,0.0,0.0,0.0,0.0,0.0,0.0,,,,,,,,,,,,,,,,,,,,,,
2023,2021013045,2023-06-16,1200100.0,伏見 寅威,23.0,捕,8,1.0,0.0,0.0,0.0,0.0,0.0,0.0,0.0,0.0,0.0,0.0,,0.0,0.0,0.0,0.0,0.0,0.0,,,,,,,,,,,,,,,,,,,,,,
2023,2021013045,2023-06-16,1251037.0,上川畑 大悟,4.0,遊,8,1.0,1.0,3.0,3.0,1.0,2.0,0.0,0.0,0.0,0.0,0.0,,0.0,0.0,0.0,0.0,0.0,0.0,,,,,,,,,,,,,,,,,,,,,,
2023,2021013045,2023-06-16,1400160.0,加藤 匠馬,69.0,捕,4,1.0,0.0,0.0,0.0,0.0,0.0,0.0,0.0,0.0,0.0,0.0,,0.0,0.0,0.0,0.0,0.0,0.0,,,,,,,,,,,,,,,,,,,,,,
2023,2021013045,2023-06-16,1400170.0,江越 大賀,37.0,中,8,1.0,1.0,3.0,2.0,0.0,0.0,0.0,0.0,0.0,0.0,0.0,,0.0,0.0,0.0,1.0,0.0,0.0,,,,,,,,,,,,,,,,,,,,,,
2023,2021013045,2023-06-16,1500074.0,小笠原 慎之介,11.0,投,4,1.0,1.0,2.0,2.0,0.0,0.0,0.0,0.0,0.0,0.0,0.0,,0.0,0.0,0.0,0.0,0.0,0.0,1.0,1.0,,4.0,4.0,2.85,7.0,7.0,,,0.0,5.0,2.0,2.0,0.0,,0.0,6.0,0.0,,25.0,99.0
2023,2021013045,2023-06-16,1600085.0,細川 成也,0.0,右,4,1.0,1.0,4.0,3.0,1.0,1.0,0.0,0.0,1.0,1.0,0.0,,1.0,0.0,0.0,0.0,0.0,0.0,,,,,,,,,,,,,,,,,,,,,,
2023,2021013045,2023-06-16,1600110.0,藤嶋 健人,54.0,投,4,1.0,0.0,0.0,0.0,0.0,0.0,0.0,0.0,0.0,0.0,0.0,,0.0,0.0,0.0,0.0,0.0,0.0,2.0,1.0,0.0,0.0,0.0,1.65,1.0,1.0,,,0.0,0.0,0.0,0.0,0.0,,0.0,2.0,0.0,,3.0,12.0
2023,2021013045,2023-06-16,1600134.0,石井 一成,38.0,二,8,1.0,0.0,1.0,1.0,0.0,0.0,0.0,0.0,0.0,0.0,0.0,,0.0,1.0,0.0,0.0,0.0,0.0,,,,,,,,,,,,,,,,,,,,,,
2023,2021013045,2023-06-16,1600164.0,田中 正義,26.0,投,8,1.0,0.0,0.0,0.0,0.0,0.0,0.0,0.0,0.0,0.0,0.0,,0.0,0.0,0.0,0.0,0.0,0.0,2.0,1.0,0.0,1.0,1.0,2.35,1.0,1.0,,,10.0,0.0,0.0,0.0,0.0,,0.0,0.0,0.0,,3.0,20.0
2023,2021013045,2023-06-16,1700025.0,清宮 幸太郎,21.0,三一,8,1.0,1.0,4.0,4.0,0.0,0.0,0.0,0.0,0.0,0.0,0.0,,0.0,1.0,0.0,0.0,0.0,0.0,,,,,,,,,,,,,,,,,,,,,,
2023,2021013045,2023-06-16,1700105.0,伊藤 康祐,49.0,打,4,1.0,0.0,1.0,1.0,0.0,0.0,0.0,0.0,0.0,0.0,0.0,,0.0,0.0,0.0,0.0,0.0,0.0,,,,,,,,,,,,,,,,,,,,,,
2023,2021013045,2023-06-16,1750223.0,村松 開人,5.0,二,4,1.0,1.0,4.0,4.0,0.0,1.0,0.0,0.0,0.0,0.0,0.0,,0.0,1.0,0.0,0.0,0.0,0.0,,,,,,,,,,,,,,,,,,,,,,
2023,2021013045,2023-06-16,1800008.0,マルティネス,2.0,捕,8,1.0,1.0,4.0,3.0,0.0,0.0,0.0,0.0,0.0,0.0,0.0,,0.0,2.0,1.0,0.0,0.0,0.0,,,,,,,,,,,,,,,,,,,,,,
2023,2021013045,2023-06-16,1800061.0,勝野 昌慶,41.0,投,4,1.0,0.0,0.0,0.0,0.0,0.0,0.0,0.0,0.0,0.0,0.0,,0.0,0.0,0.0,0.0,0.0,0.0,3.0,1.0,0.0,3.0,1.0,1.37,1.0,1.0,,,0.0,0.0,0.0,0.0,0.0,,0.0,2.0,1.0,,5.0,14.0
2023,2021013045,2023-06-16,1800062.0,石橋 康太,58.0,捕,4,1.0,1.0,2.0,2.0,0.0,0.0,0.0,0.0,0.0,0.0,0.0,,0.0,0.0,0.0,0.0,0.0,0.0,,,,,,,,,,,,,,,,,,,,,,
2023,2021013045,2023-06-16,1800091.0,野村 佑希,5.0,一,8,1.0,1.0,3.0,3.0,0.0,0.0,0.0,0.0,0.0,0.0,0.0,,0.0,0.0,0.0,0.0,0.0,0.0,,,,,,,,,,,,,,,,,,,,,,
2023,2021013045,2023-06-16,1800093.0,万波 中正,66.0,右,8,1.0,1.0,4.0,3.0,1.0,1.0,0.0,0.0,0.0,0.0,0.0,,0.0,2.0,0.0,1.0,0.0,0.0,,,,,,,,,,,,,,,,,,,,,,
2023,2021013045,2023-06-16,1900037.0,石川 昂弥,25.0,打一,4,1.0,0.0,1.0,1.0,0.0,1.0,0.0,0.0,0.0,0.0,0.0,,0.0,0.0,0.0,0.0,0.0,0.0,,,,,,,,,,,,,,,,,,,,,,
2023,2021013045,2023-06-16,1900041.0,岡林 勇希,60.0,中,4,1.0,1.0,4.0,4.0,0.0,0.0,0.0,0.0,0.0,0.0,0.0,,0.0,0.0,0.0,0.0,0.0,0.0,,,,,,,,,,,,,,,,,,,,,,
2023,2021013045,2023-06-16,1961860.0,加藤 豪将,3.0,二一,8,1.0,1.0,4.0,3.0,0.0,0.0,0.0,0.0,0.0,1.0,0.0,,0.0,1.0,0.0,0.0,1.0,0.0,,,,,,,,,,,,,,,,,,,,,,
2023,2021013045,2023-06-16,2000044.0,龍空,45.0,遊,4,1.0,1.0,2.0,2.0,0.0,0.0,0.0,0.0,0.0,0.0,0.0,,0.0,0.0,0.0,0.0,0.0,0.0,,,,,,,,,,,,,,,,,,,,,,
2023,2021013045,2023-06-16,2000082.0,細川 凌平,56.0,走,8,1.0,0.0,0.0,0.0,0.0,0.0,0.0,0.0,0.0,0.0,0.0,,0.0,0.0,0.0,0.0,0.0,0.0,,,,,,,,,,,,,,,,,,,,,,
2023,2021013045,2023-06-16,2103780.0,福永 裕基,68.0,三,4,1.0,1.0,4.0,4.0,0.0,0.0,0.0,0.0,0.0,0.0,0.0,,0.0,1.0,0.0,0.0,0.0,0.0,,,,,,,,,,,,,,,,,,,,,,
2023,2021013045,2023-06-16,2103840.0,ブライト 健太,42.0,左,4,1.0,1.0,4.0,4.0,0.0,0.0,0.0,0.0,0.0,0.0,0.0,,0.0,1.0,0.0,0.0,0.0,0.0,,,,,,,,,,,,,,,,,,,,,,
2023,2021013046,2023-06-16,20204.0,和田 毅,21.0,投,12,1.0,1.0,2.0,2.0,0.0,0.0,0.0,0.0,0.0,0.0,0.0,,0.0,2.0,0.0,0.0,0.0,0.0,1.0,1.0,,5.0,2.0,2.98,6.0,6.0,,,0.0,5.0,4.0,4.0,1.0,,2.0,4.0,0.0,,25.0,103.0
2023,2021013046,2023-06-16,800081.0,中村 晃,7.0,一,12,1.0,1.0,4.0,2.0,1.0,1.0,0.0,0.0,0.0,0.0,0.0,,2.0,0.0,0.0,0.0,0.0,0.0,,,,,,,,,,,,,,,,,,,,,,
2023,2021013046,2023-06-16,900426.0,原口 文仁,94.0,打,5,1.0,0.0,1.0,1.0,0.0,1.0,1.0,0.0,0.0,1.0,0.0,,0.0,0.0,0.0,0.0,0.0,0.0,,,,,,,,,,,,,,,,,,,,,,
2023,2021013046,2023-06-16,1000035.0,今宮 健太,6.0,遊,12,1.0,1.0,4.0,4.0,0.0,0.0,0.0,0.0,0.0,0.0,0.0,,0.0,2.0,0.0,0.0,0.0,0.0,,,,,,,,,,,,,,,,,,,,,,
2023,2021013046,2023-06-16,1000128.0,柳田 悠岐,9.0,右,12,1.0,1.0,4.0,4.0,0.0,0.0,0.0,0.0,0.0,0.0,0.0,,0.0,1.0,0.0,0.0,0.0,0.0,,,,,,,,,,,,,,,,,,,,,,
2023,2021013046,2023-06-16,1000164.0,島本 浩也,46.0,投,5,1.0,0.0,0.0,0.0,0.0,0.0,0.0,0.0,0.0,0.0,0.0,,0.0,0.0,0.0,0.0,0.0,0.0,2.0,1.0,0.0,2.0,0.0,0.0,2.0,2.0,,,0.0,1.0,0.0,0.0,0.0,,0.0,1.0,0.0,,6.0,25.0
2023,2021013046,2023-06-16,1000175.0,牧原 大成,8.0,二,12,1.0,1.0,4.0,4.0,0.0,1.0,0.0,0.0,0.0,1.0,0.0,,0.0,1.0,0.0,0.0,0.0,0.0,,,,,,,,,,,,,,,,,,,,,,
2023,2021013046,2023-06-16,1000176.0,甲斐 拓也,19.0,捕,12,1.0,1.0,3.0,3.0,0.0,0.0,0.0,0.0,0.0,0.0,0.0,,0.0,0.0,0.0,0.0,0.0,0.0,,,,,,,,,,,,,,,,,,,,,,
2023,2021013046,2023-06-16,1100097.0,近藤 健介,3.0,左,12,1.0,1.0,4.0,3.0,0.0,1.0,0.0,0.0,0.0,0.0,0.0,,1.0,1.0,0.0,0.0,0.0,0.0,,,,,,,,,,,,,,,,,,,,,,
2023,2021013046,2023-06-16,1300070.0,岩貞 祐太,14.0,投,5,1.0,0.0,0.0,0.0,0.0,0.0,0.0,0.0,0.0,0.0,0.0,,0.0,0.0,0.0,0.0,0.0,0.0,4.0,1.0,0.0,0.0,0.0,1.86,1.0,1.0,,,0.0,0.0,0.0,0.0,0.0,,0.0,1.0,0.0,,3.0,17.0
2023,2021013046,2023-06-16,1300073.0,梅野 隆太郎,2.0,捕,5,1.0,1.0,3.0,2.0,0.0,0.0,0.0,0.0,0.0,0.0,0.0,,1.0,0.0,0.0,0.0,0.0,0.0,,,,,,,,,,,,,,,,,,,,,,
2023,2021013046,2023-06-16,1300075.0,岩崎 優,13.0,投,5,1.0,0.0,0.0,0.0,0.0,0.0,0.0,0.0,0.0,0.0,0.0,,0.0,0.0,0.0,0.0,0.0,0.0,5.0,1.0,0.0,2.0,0.0,0.39,1.0,1.0,,,10.0,0.0,0.0,0.0,0.0,,0.0,1.0,0.0,,3.0,12.0
2023,2021013046,2023-06-16,1300076.0,加治屋 蓮,54.0,投,5,1.0,0.0,0.0,0.0,0.0,0.0,0.0,0.0,0.0,0.0,0.0,,0.0,0.0,0.0,0.0,0.0,0.0,3.0,1.0,0.0,0.0,0.0,0.0,1.0,1.0,,,1.0,0.0,0.0,0.0,0.0,,1.0,1.0,1.0,,5.0,20.0
2023,2021013046,2023-06-16,1300079.0,上林 誠知,51.0,打,12,1.0,0.0,1.0,1.0,0.0,0.0,0.0,0.0,0.0,0.0,0.0,,0.0,1.0,0.0,0.0,0.0,0.0,,,,,,,,,,,,,,,,,,,,,,
2023,2021013046,2023-06-16,1300093.0,嶺井 博希,12.0,打,12,1.0,0.0,1.0,1.0,0.0,0.0,0.0,0.0,0.0,0.0,0.0,,0.0,0.0,0.0,0.0,0.0,0.0,,,,,,,,,,,,,,,,,,,,,,
2023,2021013046,2023-06-16,1400127.0,栗原 陵矢,24.0,三,12,1.0,1.0,4.0,3.0,0.0,1.0,1.0,0.0,0.0,0.0,0.0,,0.0,0.0,1.0,0.0,0.0,0.0,,,,,,,,,,,,,,,,,,,,,,
2023,2021013046,2023-06-16,1600113.0,大山 悠輔,3.0,一,5,1.0,1.0,4.0,4.0,0.0,0.0,0.0,0.0,0.0,0.0,0.0,,0.0,1.0,0.0,0.0,0.0,0.0,,,,,,,,,,,,,,,,,,,,,,
2023,2021013046,2023-06-16,1700080.0,島田 海吏,53.0,右,5,1.0,0.0,2.0,2.0,0.0,0.0,0.0,0.0,0.0,0.0,0.0,,0.0,1.0,0.0,0.0,0.0,0.0,,,,,,,,,,,,,,,,,,,,,,
2023,2021013046,2023-06-16,1700134.0,尾形 崇斗,39.0,投,12,1.0,0.0,0.0,0.0,0.0,0.0,0.0,0.0,0.0,0.0,0.0,,0.0,0.0,0.0,0.0,0.0,0.0,2.0,1.0,0.0,0.0,1.0,5.06,2.0,2.0,,,0.0,0.0,0.0,0.0,0.0,,0.0,3.0,0.0,,6.0,22.0
2023,2021013046,2023-06-16,1700135.0,周東 佑京,23.0,走中,12,1.0,0.0,0.0,0.0,0.0,0.0,0.0,0.0,0.0,0.0,0.0,,0.0,0.0,0.0,0.0,0.0,0.0,,,,,,,,,,,,,,,,,,,,,,
2023,2021013046,2023-06-16,1800065.0,近本 光司,5.0,中,5,1.0,1.0,4.0,4.0,1.0,1.0,0.0,0.0,0.0,0.0,0.0,,0.0,0.0,0.0,0.0,0.0,0.0,,,,,,,,,,,,,,,,,,,,,,
2023,2021013046,2023-06-16,1800067.0,木浪 聖也,0.0,遊,5,1.0,1.0,3.0,2.0,0.0,0.0,0.0,0.0,0.0,0.0,0.0,,0.0,0.0,0.0,1.0,0.0,0.0,,,,,,,,,,,,,,,,,,,,,,
2023,2021013046,2023-06-16,1800108.0,野村 大樹,55.0,打,12,1.0,0.0,1.0,1.0,0.0,0.0,0.0,0.0,0.0,0.0,0.0,,0.0,1.0,0.0,0.0,0.0,0.0,,,,,,,,,,,,,,,,,,,,,,
2023,2021013046,2023-06-16,1900050.0,小野寺 暖,60.0,走,5,1.0,0.0,0.0,0.0,1.0,0.0,0.0,0.0,0.0,0.0,0.0,,0.0,0.0,0.0,0.0,0.0,0.0,,,,,,,,,,,,,,,,,,,,,,
2023,2021013046,2023-06-16,1900104.0,柳町 達,32.0,中,12,1.0,1.0,3.0,3.0,0.0,1.0,0.0,0.0,0.0,0.0,0.0,,0.0,1.0,0.0,0.0,0.0,0.0,,,,,,,,,,,,,,,,,,,,,,
2023,2021013046,2023-06-16,1961251.0,ミエセス,55.0,右,5,1.0,1.0,2.0,1.0,0.0,0.0,0.0,0.0,0.0,1.0,0.0,,0.0,0.0,0.0,0.0,1.0,0.0,,,,,,,,,,,,,,,,,,,,,,
2023,2021013046,2023-06-16,1961285.0,ノイジー,7.0,左,5,1.0,1.0,4.0,3.0,0.0,0.0,0.0,0.0,0.0,0.0,0.0,,1.0,1.0,0.0,0.0,0.0,0.0,,,,,,,,,,,,,,,,,,,,,,
2023,2021013046,2023-06-16,2000051.0,佐藤 輝明,8.0,三,5,1.0,1.0,3.0,3.0,1.0,1.0,0.0,0.0,1.0,2.0,0.0,,0.0,1.0,0.0,0.0,0.0,0.0,,,,,,,,,,,,,,,,,,,,,,
2023,2021013046,2023-06-16,2000056.0,中野 拓夢,51.0,二,5,1.0,1.0,4.0,4.0,1.0,2.0,0.0,0.0,0.0,0.0,0.0,,0.0,2.0,0.0,0.0,0.0,0.0,,,,,,,,,,,,,,,,,,,,,,
2023,2021013046,2023-06-16,2100915.0,ビーズリー,99.0,投,5,1.0,1.0,1.0,1.0,0.0,0.0,0.0,0.0,0.0,0.0,0.0,,0.0,1.0,0.0,0.0,0.0,0.0,1.0,1.0,,0.0,0.0,2.25,4.0,4.0,,,0.0,4.0,1.0,1.0,0.0,,2.0,6.0,0.0,,18.0,79.0
2023,2021013047,2023-06-16,12102.0,栗山 巧,1.0,打,7,1.0,0.0,1.0,1.0,0.0,0.0,0.0,0.0,0.0,0.0,0.0,,0.0,0.0,0.0,0.0,0.0,0.0,,,,,,,,,,,,,,,,,,,,,,
2023,2021013047,2023-06-16,700050.0,會澤 翼,27.0,捕,6,1.0,1.0,3.0,3.0,0.0,1.0,0.0,0.0,0.0,0.0,0.0,,0.0,1.0,0.0,0.0,0.0,0.0,,,,,,,,,,,,,,,,,,,,,,
2023,2021013047,2023-06-16,900430.0,堂林 翔太,7.0,一,6,1.0,1.0,3.0,3.0,1.0,1.0,0.0,0.0,1.0,1.0,0.0,,0.0,2.0,0.0,0.0,0.0,0.0,,,,,,,,,,,,,,,,,,,,,,
2023,2021013047,2023-06-16,1000150.0,秋山 翔吾,9.0,中,6,1.0,1.0,4.0,3.0,0.0,1.0,0.0,0.0,0.0,0.0,1.0,,1.0,1.0,0.0,0.0,0.0,0.0,,,,,,,,,,,,,,,,,,,,,,
2023,2021013047,2023-06-16,1100082.0,菊池 涼介,33.0,二,6,1.0,1.0,4.0,3.0,0.0,0.0,0.0,0.0,0.0,0.0,0.0,,1.0,2.0,0.0,0.0,0.0,0.0,,,,,,,,,,,,,,,,,,,,,,
2023,2021013047,2023-06-16,1200070.0,上本 崇司,0.0,遊,6,1.0,1.0,4.0,3.0,0.0,0.0,0.0,0.0,0.0,0.0,0.0,,0.0,1.0,1.0,0.0,0.0,0.0,,,,,,,,,,,,,,,,,,,,,,
2023,2021013047,2023-06-16,1200083.0,金子 侑司,7.0,左,7,1.0,1.0,3.0,3.0,0.0,0.0,0.0,0.0,0.0,0.0,0.0,,0.0,1.0,0.0,0.0,0.0,0.0,,,,,,,,,,,,,,,,,,,,,,
2023,2021013047,2023-06-16,1300082.0,曽根 海成,0.0,右,6,1.0,0.0,0.0,0.0,0.0,0.0,0.0,0.0,0.0,0.0,0.0,,0.0,0.0,0.0,0.0,0.0,0.0,,,,,,,,,,,,,,,,,,,,,,
2023,2021013047,2023-06-16,1400184.0,外崎 修汰,5.0,二,7,1.0,1.0,4.0,3.0,0.0,1.0,0.0,0.0,0.0,0.0,0.0,,0.0,0.0,1.0,0.0,0.0,0.0,,,,,,,,,,,,,,,,,,,,,,
2023,2021013047,2023-06-16,1460004.0,デビッドソン,95.0,三,6,1.0,1.0,3.0,3.0,0.0,0.0,0.0,0.0,0.0,0.0,0.0,,0.0,2.0,0.0,0.0,0.0,0.0,,,,,,,,,,,,,,,,,,,,,,
2023,2021013047,2023-06-16,1500096.0,西川 龍馬,5.0,左,6,1.0,1.0,4.0,4.0,0.0,2.0,0.0,0.0,0.0,0.0,0.0,,0.0,0.0,0.0,0.0,0.0,0.0,,,,,,,,,,,,,,,,,,,,,,
2023,2021013047,2023-06-16,1500112.0,平沼 翔太,31.0,打,7,1.0,0.0,1.0,1.0,0.0,0.0,0.0,0.0,0.0,0.0,0.0,,0.0,0.0,0.0,0.0,0.0,0.0,,,,,,,,,,,,,,,,,,,,,,
2023,2021013047,2023-06-16,1600123.0,床田 寛樹,28.0,投,6,1.0,1.0,3.0,2.0,0.0,0.0,0.0,0.0,0.0,0.0,0.0,,0.0,1.0,0.0,1.0,0.0,0.0,1.0,1.0,,6.0,1.0,1.69,9.0,9.0,,,0.0,5.0,0.0,0.0,0.0,,0.0,3.0,2.0,,32.0,115.0
2023,2021013047,2023-06-16,1600129.0,源田 壮亮,6.0,遊,7,1.0,1.0,4.0,4.0,0.0,1.0,0.0,0.0,0.0,0.0,0.0,,0.0,0.0,0.0,0.0,0.0,0.0,,,,,,,,,,,,,,,,,,,,,,
2023,2021013047,2023-06-16,1660539.0,ボー・タカハシ,42.0,投,7,1.0,0.0,0.0,0.0,0.0,0.0,0.0,0.0,0.0,0.0,0.0,,0.0,0.0,0.0,0.0,0.0,0.0,3.0,1.0,0.0,0.0,0.0,2.81,0.6666666666666666,0.2,,,0.0,0.0,0.0,0.0,0.0,,0.0,1.0,1.0,,3.0,17.0
2023,2021013047,2023-06-16,1750472.0,古賀 悠斗,22.0,捕,7,1.0,1.0,2.0,2.0,0.0,0.0,0.0,0.0,0.0,0.0,0.0,,0.0,0.0,0.0,0.0,0.0,0.0,,,,,,,,,,,,,,,,,,,,,,
2023,2021013047,2023-06-16,1751148.0,隅田 知一郎,16.0,投,7,1.0,1.0,2.0,2.0,0.0,0.0,0.0,0.0,0.0,0.0,0.0,,0.0,1.0,0.0,0.0,0.0,0.0,1.0,1.0,,2.0,6.0,3.93,6.0,6.0,,,0.0,6.0,2.0,2.0,2.0,,1.0,8.0,0.0,,23.0,103.0
2023,2021013047,2023-06-16,1800078.0,羽月 隆太郎,69.0,走,6,1.0,0.0,0.0,0.0,0.0,0.0,0.0,0.0,0.0,0.0,1.0,,0.0,0.0,0.0,0.0,0.0,0.0,,,,,,,,,,,,,,,,,,,,,,
2023,2021013047,2023-06-16,1800086.0,佐藤 龍世,58.0,打,7,1.0,0.0,1.0,1.0,0.0,0.0,0.0,0.0,0.0,0.0,0.0,,0.0,0.0,0.0,0.0,0.0,0.0,,,,,,,,,,,,,,,,,,,,,,
2023,2021013047,2023-06-16,1900065.0,柘植 世那,37.0,捕,7,1.0,0.0,0.0,0.0,0.0,0.0,0.0,0.0,0.0,0.0,0.0,,0.0,0.0,0.0,0.0,0.0,1.0,,,,,,,,,,,,,,,,,,,,,,
2023,2021013047,2023-06-16,1900068.0,岸 潤一郎,68.0,右,7,1.0,1.0,4.0,4.0,0.0,0.0,0.0,0.0,0.0,0.0,0.0,,0.0,1.0,0.0,0.0,0.0,0.0,,,,,,,,,,,,,,,,,,,,,,
2023,2021013047,2023-06-16,1961030.0,ティノコ,54.0,投,7,1.0,0.0,0.0,0.0,0.0,0.0,0.0,0.0,0.0,0.0,0.0,,0.0,0.0,0.0,0.0,0.0,0.0,2.0,1.0,0.0,0.0,2.0,3.57,1.0,1.0,,,0.0,0.0,0.0,0.0,0.0,,0.0,2.0,0.0,,3.0,9.0
2023,2021013047,2023-06-16,2000065.0,矢野 雅哉,61.0,遊,6,1.0,0.0,0.0,0.0,0.0,0.0,0.0,0.0,0.0,0.0,0.0,,0.0,0.0,0.0,0.0,0.0,0.0,,,,,,,,,,,,,,,,,,,,,,
2023,2021013047,2023-06-16,2000067.0,渡部 健人,8.0,一,7,1.0,1.0,3.0,3.0,0.0,0.0,0.0,0.0,0.0,0.0,0.0,,0.0,0.0,0.0,0.0,0.0,0.0,,,,,,,,,,,,,,,,,,,,,,
2023,2021013047,2023-06-16,2000068.0,佐々木 健,26.0,投,7,1.0,0.0,0.0,0.0,0.0,0.0,0.0,0.0,0.0,0.0,0.0,,0.0,0.0,0.0,0.0,0.0,0.0,4.0,1.0,0.0,0.0,0.0,0.0,0.3333333333333333,0.1,,,0.0,0.0,0.0,0.0,0.0,,1.0,0.0,0.0,,2.0,11.0
2023,2021013047,2023-06-16,2000075.0,長谷川 信哉,63.0,中,7,1.0,1.0,3.0,2.0,0.0,2.0,0.0,0.0,0.0,0.0,0.0,,0.0,0.0,1.0,0.0,0.0,0.0,,,,,,,,,,,,,,,,,,,,,,
2023,2021013047,2023-06-16,2103768.0,末包 昇大,52.0,右,6,1.0,1.0,3.0,3.0,1.0,1.0,0.0,0.0,1.0,1.0,0.0,,0.0,1.0,0.0,0.0,0.0,0.0,,,,,,,,,,,,,,,,,,,,,,
2023,2021013047,2023-06-16,2108196.0,マキノン,30.0,三,7,1.0,1.0,4.0,4.0,0.0,1.0,0.0,0.0,0.0,0.0,0.0,,0.0,0.0,0.0,0.0,0.0,0.0,,,,,,,,,,,,,,,,,,,,,,
2023,2021013048,2023-06-17,600026.0,炭谷 銀仁朗,26.0,捕,376,1.0,1.0,3.0,2.0,0.0,0.0,0.0,0.0,0.0,0.0,0.0,,0.0,0.0,0.0,1.0,0.0,0.0,,,,,,,,,,,,,,,,,,,,,,
2023,2021013048,2023-06-17,700003.0,坂本 勇人,6.0,遊,1,1.0,1.0,4.0,4.0,0.0,2.0,1.0,0.0,0.0,0.0,0.0,,0.0,0.0,0.0,0.0,0.0,0.0,,,,,,,,,,,,,,,,,,,,,,
2023,2021013048,2023-06-17,700027.0,梶谷 隆幸,13.0,右,1,1.0,1.0,4.0,4.0,0.0,1.0,0.0,0.0,0.0,0.0,0.0,,0.0,1.0,0.0,0.0,0.0,0.0,,,,,,,,,,,,,,,,,,,,,,
2023,2021013048,2023-06-17,800043.0,丸 佳浩,8.0,中,1,1.0,1.0,4.0,3.0,0.0,0.0,0.0,0.0,0.0,0.0,0.0,,1.0,0.0,0.0,0.0,0.0,0.0,,,,,,,,,,,,,,,,,,,,,,
2023,2021013048,2023-06-17,800054.0,中田 翔,10.0,一,1,1.0,1.0,4.0,4.0,0.0,1.0,0.0,0.0,0.0,0.0,0.0,,0.0,0.0,0.0,0.0,0.0,0.0,,,,,,,,,,,,,,,,,,,,,,
2023,2021013048,2023-06-17,900056.0,浅村 栄斗,3.0,二,376,1.0,1.0,5.0,3.0,0.0,2.0,0.0,0.0,0.0,0.0,0.0,,2.0,0.0,0.0,0.0,0.0,0.0,,,,,,,,,,,,,,,,,,,,,,
2023,2021013048,2023-06-17,1100103.0,鈴木 大地,7.0,打,376,1.0,0.0,1.0,1.0,0.0,0.0,0.0,0.0,0.0,0.0,0.0,,0.0,0.0,0.0,0.0,0.0,0.0,,,,,,,,,,,,,,,,,,,,,,
2023,2021013048,2023-06-17,1100130.0,岡島 豪郎,27.0,左,376,1.0,1.0,5.0,5.0,0.0,1.0,0.0,0.0,0.0,0.0,0.0,,0.0,0.0,0.0,0.0,0.0,0.0,,,,,,,,,,,,,,,,,,,,,,
2023,2021013048,2023-06-17,1100132.0,島内 宏明,35.0,打,376,1.0,0.0,1.0,1.0,0.0,0.0,0.0,0.0,0.0,0.0,0.0,,0.0,0.0,0.0,0.0,0.0,0.0,,,,,,,,,,,,,,,,,,,,,,
2023,2021013048,2023-06-17,1300084.0,松井 裕樹,1.0,投,376,1.0,0.0,0.0,0.0,0.0,0.0,0.0,0.0,0.0,0.0,0.0,,0.0,0.0,0.0,0.0,0.0,0.0,4.0,1.0,0.0,1.0,2.0,0.81,1.0,1.0,,,13.0,0.0,0.0,0.0,0.0,,0.0,3.0,0.0,,3.0,12.0
2023,2021013048,2023-06-17,1400101.0,岡本 和真,25.0,三一,1,1.0,1.0,4.0,2.0,0.0,0.0,0.0,0.0,0.0,0.0,0.0,,2.0,1.0,0.0,0.0,0.0,0.0,,,,,,,,,,,,,,,,,,,,,,
2023,2021013048,2023-06-17,1500078.0,阿部 寿樹,4.0,一,376,1.0,1.0,4.0,4.0,0.0,1.0,1.0,0.0,0.0,0.0,0.0,,0.0,1.0,0.0,0.0,0.0,0.0,,,,,,,,,,,,,,,,,,,,,,
2023,2021013048,2023-06-17,1600001.0,オコエ 瑠偉,50.0,打,1,1.0,0.0,1.0,1.0,0.0,0.0,0.0,0.0,0.0,0.0,0.0,,0.0,1.0,0.0,0.0,0.0,0.0,,,,,,,,,,,,,,,,,,,,,,
2023,2021013048,2023-06-17,1600007.0,村林 一輝,66.0,走二,376,1.0,0.0,0.0,0.0,0.0,0.0,0.0,0.0,0.0,0.0,0.0,,0.0,0.0,0.0,0.0,0.0,0.0,,,,,,,,,,,,,,,,,,,,,,
2023,2021013048,2023-06-17,1600012.0,宋 家豪,43.0,投,376,1.0,0.0,0.0,0.0,0.0,0.0,0.0,0.0,0.0,0.0,0.0,,0.0,0.0,0.0,0.0,0.0,0.0,2.0,1.0,0.0,1.0,0.0,2.76,1.0,1.0,,,0.0,0.0,0.0,0.0,0.0,,0.0,0.0,0.0,,3.0,12.0
2023,2021013048,2023-06-17,1600059.0,吉川 尚輝,2.0,二,1,1.0,1.0,3.0,3.0,0.0,1.0,0.0,1.0,0.0,0.0,0.0,,0.0,0.0,0.0,0.0,0.0,0.0,,,,,,,,,,,,,,,,,,,,,,
2023,2021013048,2023-06-17,1600094.0,田中 和基,25.0,右,376,1.0,0.0,0.0,0.0,0.0,0.0,0.0,0.0,0.0,0.0,0.0,,0.0,0.0,0.0,0.0,0.0,0.0,,,,,,,,,,,,,,,,,,,,,,
2023,2021013048,2023-06-17,1600100.0,高梨 雄平,53.0,投,1,1.0,0.0,0.0,0.0,0.0,0.0,0.0,0.0,0.0,0.0,0.0,,0.0,0.0,0.0,0.0,0.0,0.0,3.0,1.0,0.0,0.0,0.0,4.29,0.6666666666666666,0.2,,,0.0,2.0,0.0,0.0,0.0,,0.0,0.0,0.0,,4.0,12.0
2023,2021013048,2023-06-17,1600142.0,酒居 知史,28.0,投,376,1.0,0.0,0.0,0.0,0.0,0.0,0.0,0.0,0.0,0.0,0.0,,0.0,0.0,0.0,0.0,0.0,0.0,3.0,1.0,0.0,0.0,1.0,2.08,1.0,1.0,,,1.0,1.0,0.0,0.0,0.0,,1.0,0.0,0.0,,4.0,21.0
2023,2021013048,2023-06-17,1700034.0,山崎 剛,34.0,遊,376,1.0,1.0,4.0,3.0,0.0,0.0,0.0,0.0,0.0,0.0,0.0,,1.0,2.0,0.0,0.0,0.0,0.0,,,,,,,,,,,,,,,,,,,,,,
2023,2021013048,2023-06-17,1700044.0,大城 卓三,24.0,捕,1,1.0,1.0,4.0,4.0,1.0,1.0,0.0,0.0,1.0,1.0,0.0,,0.0,3.0,0.0,0.0,0.0,0.0,,,,,,,,,,,,,,,,,,,,,,
2023,2021013048,2023-06-17,1700047.0,若林 晃弘,37.0,打右,1,1.0,0.0,1.0,1.0,0.0,0.0,0.0,0.0,0.0,0.0,0.0,,0.0,0.0,0.0,0.0,0.0,0.0,,,,,,,,,,,,,,,,,,,,,,
2023,2021013048,2023-06-17,1800044.0,伊藤 裕季也,39.0,三,376,1.0,1.0,5.0,5.0,0.0,3.0,0.0,0.0,0.0,0.0,0.0,,0.0,1.0,0.0,0.0,0.0,0.0,,,,,,,,,,,,,,,,,,,,,,
2023,2021013048,2023-06-17,1800117.0,辰己 涼介,8.0,中,376,1.0,1.0,5.0,4.0,0.0,1.0,0.0,0.0,0.0,0.0,0.0,,0.0,0.0,1.0,0.0,0.0,0.0,,,,,,,,,,,,,,,,,,,,,,
2023,2021013048,2023-06-17,1800118.0,太田 光,2.0,捕,376,1.0,0.0,0.0,0.0,0.0,0.0,0.0,0.0,0.0,0.0,0.0,,0.0,0.0,0.0,0.0,0.0,0.0,,,,,,,,,,,,,,,,,,,,,,
2023,2021013048,2023-06-17,1800123.0,小郷 裕哉,51.0,右,376,1.0,1.0,5.0,5.0,1.0,2.0,0.0,0.0,1.0,2.0,0.0,,0.0,1.0,0.0,0.0,0.0,0.0,,,,,,,,,,,,,,,,,,,,,,
2023,2021013048,2023-06-17,1961407.0,グリフィン,29.0,投,1,1.0,1.0,2.0,2.0,0.0,0.0,0.0,0.0,0.0,0.0,0.0,,0.0,1.0,0.0,0.0,0.0,0.0,1.0,1.0,,4.0,3.0,2.53,7.0,7.0,,,0.0,9.0,2.0,2.0,1.0,,2.0,3.0,1.0,,32.0,110.0
2023,2021013048,2023-06-17,2000009.0,秋広 優人,55.0,左,1,1.0,1.0,4.0,4.0,0.0,1.0,0.0,0.0,0.0,0.0,0.0,,0.0,0.0,0.0,0.0,0.0,0.0,,,,,,,,,,,,,,,,,,,,,,
2023,2021013048,2023-06-17,2000121.0,早川 隆久,21.0,投,376,1.0,1.0,3.0,3.0,1.0,1.0,0.0,0.0,0.0,0.0,0.0,,0.0,0.0,0.0,0.0,0.0,0.0,1.0,1.0,,4.0,4.0,2.24,6.0,6.0,,,0.0,6.0,1.0,1.0,1.0,,2.0,5.0,0.0,,26.0,102.0
2023,2021013048,2023-06-17,2103705.0,菊地 大稀,96.0,投,1,1.0,0.0,0.0,0.0,0.0,0.0,0.0,0.0,0.0,0.0,0.0,,0.0,0.0,0.0,0.0,0.0,0.0,2.0,1.0,0.0,2.0,1.0,3.2,1.0,1.0,,,0.0,0.0,0.0,0.0,0.0,,0.0,2.0,0.0,,3.0,19.0
2023,2021013048,2023-06-17,2105889.0,ウォーカー,44.0,打,1,1.0,0.0,1.0,1.0,0.0,0.0,0.0,0.0,0.0,0.0,0.0,,0.0,1.0,0.0,0.0,0.0,0.0,,,,,,,,,,,,,,,,,,,,,,
2023,2021013048,2023-06-17,2107874.0,門脇 誠,35.0,走三,1,1.0,0.0,0.0,0.0,0.0,0.0,0.0,0.0,0.0,0.0,0.0,,0.0,0.0,0.0,0.0,0.0,0.0,,,,,,,,,,,,,,,,,,,,,,
2023,2021013048,2023-06-17,2107899.0,田中 千晴,48.0,投,1,1.0,0.0,0.0,0.0,0.0,0.0,0.0,0.0,0.0,0.0,0.0,,0.0,0.0,0.0,0.0,0.0,0.0,4.0,1.0,0.0,1.0,3.0,4.91,0.3333333333333333,0.1,,,0.0,0.0,0.0,0.0,0.0,,1.0,0.0,0.0,,2.0,8.0
2023,2021013049,2023-06-17,12113.0,石川 雅規,19.0,投,2,1.0,1.0,0.0,0.0,0.0,0.0,0.0,0.0,0.0,0.0,0.0,,0.0,0.0,0.0,0.0,0.0,0.0,1.0,1.0,,2.0,4.0,4.13,3.0,3.0,,,0.0,7.0,6.0,6.0,3.0,,0.0,0.0,0.0,,15.0,57.0
2023,2021013049,2023-06-17,400021.0,青木 宣親,23.0,左,2,1.0,1.0,4.0,4.0,0.0,0.0,0.0,0.0,0.0,0.0,0.0,,0.0,0.0,0.0,0.0,0.0,0.0,,,,,,,,,,,,,,,,,,,,,,
2023,2021013049,2023-06-17,600011.0,川端 慎吾,5.0,打,2,1.0,0.0,1.0,1.0,0.0,0.0,0.0,0.0,0.0,0.0,0.0,,0.0,0.0,0.0,0.0,0.0,0.0,,,,,,,,,,,,,,,,,,,,,,
2023,2021013049,2023-06-17,900044.0,中村 悠平,27.0,捕,2,1.0,1.0,3.0,3.0,0.0,0.0,0.0,0.0,0.0,0.0,0.0,,0.0,0.0,0.0,0.0,0.0,0.0,,,,,,,,,,,,,,,,,,,,,,
2023,2021013049,2023-06-17,1000010.0,比嘉 幹貴,35.0,投,11,1.0,0.0,0.0,0.0,0.0,0.0,0.0,0.0,0.0,0.0,0.0,,0.0,0.0,0.0,0.0,0.0,0.0,2.0,1.0,0.0,2.0,0.0,3.0,0.3333333333333333,0.1,,,0.0,1.0,1.0,1.0,1.0,,0.0,0.0,0.0,,2.0,15.0
2023,2021013049,2023-06-17,1000011.0,山田 修義,57.0,投,11,1.0,0.0,0.0,0.0,0.0,0.0,0.0,0.0,0.0,0.0,0.0,,0.0,0.0,0.0,0.0,0.0,0.0,3.0,1.0,0.0,0.0,0.0,0.96,0.6666666666666666,0.2,,,0.0,0.0,0.0,0.0,0.0,,0.0,1.0,0.0,,2.0,8.0
2023,2021013049,2023-06-17,1000132.0,山田 哲人,1.0,二,2,1.0,1.0,5.0,5.0,1.0,1.0,0.0,0.0,1.0,2.0,0.0,,0.0,2.0,0.0,0.0,0.0,0.0,,,,,,,,,,,,,,,,,,,,,,
2023,2021013049,2023-06-17,1100105.0,安達 了一,3.0,二,11,1.0,1.0,3.0,2.0,0.0,0.0,0.0,0.0,0.0,0.0,0.0,,0.0,0.0,0.0,1.0,0.0,0.0,,,,,,,,,,,,,,,,,,,,,,
2023,2021013049,2023-06-17,1200075.0,石山 泰稚,12.0,投,2,1.0,0.0,0.0,0.0,0.0,0.0,0.0,0.0,0.0,0.0,0.0,,0.0,0.0,0.0,0.0,0.0,0.0,3.0,1.0,0.0,3.0,3.0,4.91,1.0,1.0,,,0.0,2.0,2.0,1.0,0.0,,3.0,0.0,0.0,,8.0,35.0
2023,2021013049,2023-06-17,1300100.0,森 友哉,4.0,捕,11,1.0,1.0,5.0,3.0,1.0,1.0,0.0,0.0,1.0,2.0,0.0,,2.0,1.0,0.0,0.0,0.0,0.0,,,,,,,,,,,,,,,,,,,,,,
2023,2021013049,2023-06-17,1400196.0,宗 佑磨,6.0,打三,11,1.0,0.0,2.0,2.0,0.0,1.0,0.0,0.0,0.0,0.0,0.0,,0.0,0.0,0.0,0.0,0.0,0.0,,,,,,,,,,,,,,,,,,,,,,
2023,2021013049,2023-06-17,1400197.0,佐野 皓大,41.0,右,11,1.0,1.0,5.0,5.0,1.0,2.0,0.0,0.0,0.0,0.0,1.0,,0.0,1.0,0.0,0.0,0.0,0.0,,,,,,,,,,,,,,,,,,,,,,
2023,2021013049,2023-06-17,1400202.0,小田 裕也,50.0,走左,11,1.0,0.0,0.0,0.0,0.0,0.0,0.0,0.0,0.0,0.0,0.0,,0.0,0.0,0.0,0.0,0.0,0.0,,,,,,,,,,,,,,,,,,,,,,
2023,2021013049,2023-06-17,1500041.0,廣岡 大志,30.0,一,11,1.0,0.0,0.0,0.0,0.0,0.0,0.0,0.0,0.0,0.0,0.0,,0.0,0.0,0.0,0.0,0.0,0.0,,,,,,,,,,,,,,,,,,,,,,
2023,2021013049,2023-06-17,1500044.0,山崎 晃大朗,31.0,中,2,1.0,1.0,5.0,5.0,1.0,3.0,0.0,0.0,0.0,0.0,0.0,,0.0,2.0,0.0,0.0,0.0,0.0,,,,,,,,,,,,,,,,,,,,,,
2023,2021013049,2023-06-17,1500128.0,大城 滉二,10.0,三二,11,1.0,1.0,5.0,4.0,1.0,1.0,1.0,0.0,0.0,2.0,0.0,,1.0,1.0,0.0,0.0,0.0,0.0,,,,,,,,,,,,,,,,,,,,,,
2023,2021013049,2023-06-17,1500135.0,杉本 裕太郎,99.0,左,11,1.0,1.0,5.0,5.0,0.0,1.0,0.0,0.0,0.0,0.0,0.0,,0.0,3.0,0.0,0.0,0.0,0.0,,,,,,,,,,,,,,,,,,,,,,
2023,2021013049,2023-06-17,1600075.0,星 知弥,24.0,投,2,1.0,0.0,0.0,0.0,0.0,0.0,0.0,0.0,0.0,0.0,0.0,,0.0,0.0,0.0,0.0,0.0,0.0,4.0,1.0,0.0,1.0,1.0,3.98,1.0,1.0,,,0.0,1.0,0.0,0.0,0.0,,0.0,2.0,0.0,,3.0,14.0
2023,2021013049,2023-06-17,1600155.0,山崎 颯一郎,63.0,投,11,1.0,0.0,0.0,0.0,0.0,0.0,0.0,0.0,0.0,0.0,0.0,,0.0,0.0,0.0,0.0,0.0,0.0,6.0,1.0,0.0,0.0,0.0,1.52,1.0,1.0,,,3.0,1.0,0.0,0.0,0.0,,0.0,0.0,0.0,,3.0,8.0
2023,2021013049,2023-06-17,1700084.0,村上 宗隆,55.0,三,2,1.0,1.0,4.0,4.0,1.0,2.0,0.0,0.0,0.0,0.0,0.0,,0.0,1.0,0.0,0.0,0.0,1.0,,,,,,,,,,,,,,,,,,,,,,
2023,2021013049,2023-06-17,1700089.0,宮本 丈,39.0,打,2,1.0,0.0,1.0,1.0,0.0,0.0,0.0,0.0,0.0,0.0,0.0,,0.0,1.0,0.0,0.0,0.0,0.0,,,,,,,,,,,,,,,,,,,,,,
2023,2021013049,2023-06-17,1700094.0,山本 大貴,43.0,投,2,1.0,0.0,0.0,0.0,0.0,0.0,0.0,0.0,0.0,0.0,0.0,,0.0,0.0,0.0,0.0,0.0,0.0,5.0,1.0,0.0,0.0,0.0,4.63,1.0,1.0,,,0.0,1.0,0.0,0.0,0.0,,0.0,1.0,0.0,,4.0,14.0
2023,2021013049,2023-06-17,1700111.0,福田 周平,1.0,打中,11,1.0,0.0,1.0,1.0,0.0,1.0,0.0,0.0,0.0,0.0,1.0,,0.0,0.0,0.0,0.0,0.0,0.0,,,,,,,,,,,,,,,,,,,,,,
2023,2021013049,2023-06-17,1800036.0,濱田 太貴,51.0,打,2,1.0,0.0,1.0,1.0,0.0,0.0,0.0,0.0,0.0,0.0,0.0,,0.0,1.0,0.0,0.0,0.0,0.0,,,,,,,,,,,,,,,,,,,,,,
2023,2021013049,2023-06-17,1800099.0,頓宮 裕真,44.0,一,11,1.0,1.0,5.0,5.0,1.0,2.0,1.0,0.0,1.0,2.0,0.0,,0.0,1.0,0.0,0.0,0.0,0.0,,,,,,,,,,,,,,,,,,,,,,
2023,2021013049,2023-06-17,1800104.0,中川 圭太,67.0,中,11,1.0,1.0,4.0,3.0,1.0,0.0,0.0,0.0,0.0,0.0,0.0,,1.0,1.0,0.0,0.0,0.0,0.0,,,,,,,,,,,,,,,,,,,,,,
2023,2021013049,2023-06-17,1900027.0,大西 広樹,44.0,投,2,1.0,0.0,0.0,0.0,0.0,0.0,0.0,0.0,0.0,0.0,0.0,,0.0,0.0,0.0,0.0,0.0,0.0,6.0,1.0,0.0,1.0,1.0,3.86,1.0,1.0,,,0.0,1.0,0.0,0.0,0.0,,0.0,3.0,0.0,,4.0,19.0
2023,2021013049,2023-06-17,1900028.0,長岡 秀樹,7.0,遊,2,1.0,1.0,4.0,4.0,0.0,0.0,0.0,0.0,0.0,0.0,0.0,,0.0,0.0,0.0,0.0,0.0,0.0,,,,,,,,,,,,,,,,,,,,,,
2023,2021013049,2023-06-17,1900088.0,紅林 弘太郎,24.0,遊,11,1.0,1.0,5.0,5.0,2.0,3.0,1.0,0.0,1.0,1.0,0.0,,0.0,1.0,0.0,0.0,0.0,0.0,,,,,,,,,,,,,,,,,,,,,,
2023,2021013049,2023-06-17,1961077.0,ワゲスパック,58.0,投,11,1.0,0.0,0.0,0.0,0.0,0.0,0.0,0.0,0.0,0.0,0.0,,0.0,0.0,0.0,0.0,0.0,0.0,5.0,1.0,0.0,3.0,3.0,3.71,1.0,1.0,,,2.0,1.0,1.0,1.0,1.0,,1.0,2.0,0.0,,5.0,22.0
2023,2021013049,2023-06-17,2000024.0,木澤 尚文,20.0,投,2,1.0,0.0,1.0,1.0,0.0,0.0,0.0,0.0,0.0,0.0,0.0,,0.0,1.0,0.0,0.0,0.0,0.0,2.0,1.0,0.0,1.0,1.0,3.0,2.0,2.0,,,0.0,1.0,0.0,0.0,0.0,,1.0,4.0,0.0,,8.0,29.0
2023,2021013049,2023-06-17,2000026.0,内山 壮真,33.0,打捕,2,1.0,0.0,1.0,1.0,0.0,0.0,0.0,0.0,0.0,0.0,0.0,,0.0,1.0,0.0,0.0,0.0,0.0,,,,,,,,,,,,,,,,,,,,,,
2023,2021013049,2023-06-17,2000096.0,山下 舜平大,12.0,投,11,1.0,1.0,2.0,2.0,1.0,1.0,0.0,0.0,0.0,0.0,0.0,,0.0,1.0,0.0,0.0,0.0,0.0,1.0,1.0,,6.0,1.0,1.51,5.0,5.0,,,0.0,8.0,3.0,3.0,1.0,,0.0,6.0,0.0,,23.0,105.0
2023,2021013049,2023-06-17,2000101.0,阿部 翔太,45.0,投,11,1.0,0.0,0.0,0.0,0.0,0.0,0.0,0.0,0.0,0.0,0.0,,0.0,0.0,0.0,0.0,0.0,0.0,4.0,1.0,0.0,0.0,2.0,2.82,1.0,1.0,,,1.0,0.0,0.0,0.0,0.0,,0.0,2.0,0.0,,3.0,9.0
2023,2021013049,2023-06-17,2000133.0,オスナ,13.0,一,2,1.0,1.0,4.0,3.0,1.0,2.0,1.0,0.0,1.0,1.0,0.0,,1.0,1.0,0.0,0.0,0.0,0.0,,,,,,,,,,,,,,,,,,,,,,
2023,2021013049,2023-06-17,2000135.0,サンタナ,25.0,右,2,1.0,1.0,4.0,4.0,1.0,3.0,1.0,0.0,1.0,2.0,0.0,,0.0,1.0,0.0,0.0,0.0,0.0,,,,,,,,,,,,,,,,,,,,,,
2023,2021013050,2023-06-17,600003.0,大和,9.0,遊,3,1.0,0.0,1.0,1.0,0.0,1.0,0.0,0.0,0.0,1.0,0.0,,0.0,0.0,0.0,0.0,0.0,0.0,,,,,,,,,,,,,,,,,,,,,,
2023,2021013050,2023-06-17,700087.0,角中 勝也,3.0,左,9,1.0,1.0,3.0,3.0,0.0,0.0,0.0,0.0,0.0,0.0,0.0,,0.0,0.0,0.0,0.0,0.0,0.0,,,,,,,,,,,,,,,,,,,,,,
2023,2021013050,2023-06-17,1200049.0,三嶋 一輝,17.0,投,3,1.0,0.0,0.0,0.0,0.0,0.0,0.0,0.0,0.0,0.0,0.0,,0.0,0.0,0.0,0.0,0.0,0.0,2.0,1.0,0.0,3.0,1.0,3.44,1.0,1.0,,,0.0,1.0,0.0,0.0,0.0,,0.0,0.0,0.0,,4.0,16.0
2023,2021013050,2023-06-17,1200053.0,宮崎 敏郎,51.0,三,3,1.0,1.0,4.0,4.0,1.0,2.0,0.0,0.0,1.0,2.0,0.0,,0.0,1.0,0.0,0.0,0.0,0.0,,,,,,,,,,,,,,,,,,,,,,
2023,2021013050,2023-06-17,1300038.0,関根 大気,63.0,右左,3,1.0,1.0,5.0,4.0,1.0,0.0,0.0,0.0,0.0,0.0,0.0,,1.0,0.0,0.0,0.0,0.0,0.0,,,,,,,,,,,,,,,,,,,,,,
2023,2021013050,2023-06-17,1300044.0,岡 大海,25.0,右,9,1.0,1.0,3.0,3.0,0.0,0.0,0.0,0.0,0.0,0.0,0.0,,0.0,1.0,0.0,0.0,0.0,0.0,,,,,,,,,,,,,,,,,,,,,,
2023,2021013050,2023-06-17,1400188.0,中村 奨吾,8.0,二,9,1.0,1.0,4.0,4.0,0.0,1.0,0.0,0.0,0.0,0.0,0.0,,0.0,1.0,0.0,0.0,0.0,0.0,,,,,,,,,,,,,,,,,,,,,,
2023,2021013050,2023-06-17,1400190.0,岩下 大輝,46.0,投,9,1.0,0.0,0.0,0.0,0.0,0.0,0.0,0.0,0.0,0.0,0.0,,0.0,0.0,0.0,0.0,0.0,0.0,2.0,1.0,0.0,1.0,0.0,1.2,1.0,1.0,,,0.0,0.0,0.0,0.0,0.0,,0.0,2.0,0.0,,3.0,11.0
2023,2021013050,2023-06-17,1500063.0,柴田 竜拓,31.0,走三,3,1.0,0.0,0.0,0.0,1.0,0.0,0.0,0.0,0.0,0.0,0.0,,0.0,0.0,0.0,0.0,0.0,0.0,,,,,,,,,,,,,,,,,,,,,,
2023,2021013050,2023-06-17,1500064.0,戸柱 恭孝,10.0,捕,3,1.0,1.0,4.0,4.0,0.0,2.0,1.0,0.0,0.0,3.0,0.0,,0.0,0.0,0.0,0.0,0.0,0.0,,,,,,,,,,,,,,,,,,,,,,
2023,2021013050,2023-06-17,1600089.0,佐野 恵太,7.0,左一,3,1.0,1.0,4.0,3.0,2.0,1.0,1.0,0.0,0.0,3.0,0.0,,0.0,0.0,1.0,0.0,0.0,0.0,,,,,,,,,,,,,,,,,,,,,,
2023,2021013050,2023-06-17,1600096.0,森原 康平,68.0,投,3,1.0,0.0,0.0,0.0,0.0,0.0,0.0,0.0,0.0,0.0,0.0,,0.0,0.0,0.0,0.0,0.0,0.0,3.0,1.0,0.0,1.0,0.0,4.09,1.0,1.0,,,0.0,0.0,0.0,0.0,0.0,,0.0,1.0,0.0,,3.0,7.0
2023,2021013050,2023-06-17,1600107.0,京田 陽太,98.0,遊一,3,1.0,1.0,4.0,4.0,1.0,1.0,0.0,0.0,0.0,0.0,0.0,,0.0,0.0,0.0,0.0,0.0,0.0,,,,,,,,,,,,,,,,,,,,,,
2023,2021013050,2023-06-17,1700020.0,ソト,99.0,一,3,1.0,1.0,3.0,3.0,0.0,2.0,1.0,0.0,0.0,0.0,0.0,,0.0,0.0,0.0,0.0,0.0,0.0,,,,,,,,,,,,,,,,,,,,,,
2023,2021013050,2023-06-17,1700059.0,神里 和毅,8.0,走右,3,1.0,0.0,1.0,1.0,0.0,0.0,0.0,0.0,0.0,0.0,0.0,,0.0,1.0,0.0,0.0,0.0,0.0,,,,,,,,,,,,,,,,,,,,,,
2023,2021013050,2023-06-17,1700065.0,楠本 泰史,37.0,打,3,1.0,0.0,1.0,1.0,0.0,1.0,1.0,0.0,0.0,0.0,0.0,,0.0,0.0,0.0,0.0,0.0,0.0,,,,,,,,,,,,,,,,,,,,,,
2023,2021013050,2023-06-17,1700092.0,安田 尚憲,5.0,三,9,1.0,1.0,4.0,3.0,0.0,0.0,0.0,0.0,0.0,0.0,0.0,,1.0,0.0,0.0,0.0,0.0,0.0,,,,,,,,,,,,,,,,,,,,,,
2023,2021013050,2023-06-17,1700095.0,菅野 剛士,31.0,右,9,1.0,0.0,1.0,1.0,0.0,0.0,0.0,0.0,0.0,0.0,0.0,,0.0,0.0,0.0,0.0,0.0,1.0,,,,,,,,,,,,,,,,,,,,,,
2023,2021013050,2023-06-17,1800037.0,坂本 光士郎,36.0,投,9,1.0,0.0,0.0,0.0,0.0,0.0,0.0,0.0,0.0,0.0,0.0,,0.0,0.0,0.0,0.0,0.0,0.0,4.0,1.0,0.0,0.0,0.0,2.42,1.0,1.0,,,0.0,1.0,1.0,0.0,0.0,,0.0,1.0,0.0,,5.0,11.0
2023,2021013050,2023-06-17,1800045.0,大貫 晋一,16.0,投,3,1.0,1.0,2.0,1.0,0.0,0.0,0.0,0.0,0.0,0.0,0.0,,0.0,1.0,0.0,1.0,0.0,0.0,1.0,1.0,,3.0,1.0,3.0,6.0,6.0,,,0.0,6.0,1.0,1.0,0.0,,0.0,4.0,0.0,,23.0,96.0
2023,2021013050,2023-06-17,1800050.0,藤原 恭大,1.0,中,9,1.0,1.0,4.0,4.0,0.0,1.0,0.0,0.0,0.0,0.0,0.0,,0.0,2.0,0.0,0.0,0.0,0.0,,,,,,,,,,,,,,,,,,,,,,
2023,2021013050,2023-06-17,1800053.0,山口 航輝,51.0,一左,9,1.0,1.0,4.0,4.0,0.0,1.0,0.0,0.0,0.0,0.0,0.0,,0.0,1.0,0.0,0.0,0.0,0.0,,,,,,,,,,,,,,,,,,,,,,
2023,2021013050,2023-06-17,1900031.0,坂本 裕哉,20.0,投,3,1.0,0.0,0.0,0.0,0.0,0.0,0.0,0.0,0.0,0.0,0.0,,0.0,0.0,0.0,0.0,0.0,0.0,4.0,1.0,0.0,0.0,0.0,3.46,1.0,1.0,,,0.0,0.0,0.0,0.0,0.0,,1.0,2.0,0.0,,4.0,16.0
2023,2021013050,2023-06-17,1900035.0,蝦名 達夫,61.0,中,3,1.0,1.0,5.0,4.0,2.0,0.0,0.0,0.0,0.0,0.0,0.0,,0.0,2.0,1.0,0.0,0.0,0.0,,,,,,,,,,,,,,,,,,,,,,
2023,2021013050,2023-06-17,1900081.0,佐藤 都志也,32.0,捕,9,1.0,1.0,3.0,3.0,1.0,2.0,1.0,0.0,0.0,0.0,0.0,,0.0,0.0,0.0,0.0,0.0,0.0,,,,,,,,,,,,,,,,,,,,,,
2023,2021013050,2023-06-17,1900086.0,植田 将太,45.0,捕,9,1.0,0.0,0.0,0.0,0.0,0.0,0.0,0.0,0.0,0.0,0.0,,0.0,0.0,0.0,0.0,0.0,0.0,,,,,,,,,,,,,,,,,,,,,,
2023,2021013050,2023-06-17,1900097.0,大下 誠一郎,39.0,打,9,1.0,0.0,1.0,1.0,0.0,1.0,0.0,0.0,0.0,0.0,0.0,,0.0,0.0,0.0,0.0,0.0,0.0,,,,,,,,,,,,,,,,,,,,,,
2023,2021013050,2023-06-17,1900126.0,オースティン,3.0,打,3,1.0,0.0,1.0,0.0,1.0,0.0,0.0,0.0,0.0,0.0,0.0,,1.0,0.0,0.0,0.0,0.0,0.0,,,,,,,,,,,,,,,,,,,,,,
2023,2021013050,2023-06-17,2000035.0,牧 秀悟,2.0,二,3,1.0,1.0,5.0,5.0,1.0,1.0,0.0,0.0,0.0,1.0,0.0,,0.0,1.0,0.0,0.0,0.0,0.0,,,,,,,,,,,,,,,,,,,,,,
2023,2021013050,2023-06-17,2000089.0,小川 龍成,57.0,二,9,1.0,0.0,0.0,0.0,0.0,0.0,0.0,0.0,0.0,0.0,0.0,,0.0,0.0,0.0,0.0,0.0,0.0,,,,,,,,,,,,,,,,,,,,,,
2023,2021013050,2023-06-17,2000093.0,小沼 健太,50.0,投,9,1.0,0.0,1.0,1.0,0.0,0.0,0.0,0.0,0.0,0.0,0.0,,0.0,0.0,0.0,0.0,0.0,0.0,3.0,1.0,0.0,0.0,0.0,5.4,3.0,3.0,,,0.0,4.0,3.0,3.0,0.0,,1.0,2.0,1.0,,15.0,56.0
2023,2021013050,2023-06-17,2101291.0,カスティーヨ,41.0,投,9,1.0,1.0,1.0,1.0,0.0,0.0,0.0,0.0,0.0,0.0,0.0,,0.0,1.0,0.0,0.0,0.0,0.0,1.0,1.0,,1.0,2.0,6.75,3.0,3.0,,,0.0,6.0,6.0,6.0,1.0,,1.0,1.0,1.0,,17.0,52.0
2023,2021013050,2023-06-17,2103693.0,池田 来翔,0.0,一,9,1.0,0.0,1.0,1.0,0.0,0.0,0.0,0.0,0.0,0.0,0.0,,0.0,1.0,0.0,0.0,0.0,0.0,,,,,,,,,,,,,,,,,,,,,,
2023,2021013050,2023-06-17,2106798.0,友杉 篤輝,10.0,遊,9,1.0,1.0,4.0,4.0,0.0,1.0,0.0,0.0,0.0,0.0,0.0,,0.0,0.0,0.0,0.0,0.0,0.0,,,,,,,,,,,,,,,,,,,,,,
2023,2021013051,2023-06-17,700035.0,福田 永将,55.0,打,4,1.0,0.0,1.0,1.0,0.0,0.0,0.0,0.0,0.0,0.0,0.0,,0.0,0.0,0.0,0.0,0.0,0.0,,,,,,,,,,,,,,,,,,,,,,
2023,2021013051,2023-06-17,900410.0,大島 洋平,8.0,左,4,1.0,1.0,4.0,4.0,0.0,0.0,0.0,0.0,0.0,0.0,0.0,,0.0,0.0,0.0,0.0,0.0,0.0,,,,,,,,,,,,,,,,,,,,,,
2023,2021013051,2023-06-17,1100069.0,高橋 周平,3.0,打,4,1.0,0.0,1.0,1.0,0.0,0.0,0.0,0.0,0.0,0.0,0.0,,0.0,0.0,0.0,0.0,0.0,0.0,,,,,,,,,,,,,,,,,,,,,,
2023,2021013051,2023-06-17,1100095.0,松本 剛,7.0,左,8,1.0,1.0,4.0,4.0,0.0,1.0,0.0,0.0,0.0,0.0,0.0,,0.0,0.0,0.0,0.0,0.0,0.0,,,,,,,,,,,,,,,,,,,,,,
2023,2021013051,2023-06-17,1200080.0,谷内 亮太,32.0,三,8,1.0,0.0,0.0,0.0,0.0,0.0,0.0,0.0,0.0,0.0,0.0,,0.0,0.0,0.0,0.0,0.0,0.0,,,,,,,,,,,,,,,,,,,,,,
2023,2021013051,2023-06-17,1200098.0,松葉 貴大,38.0,投,4,1.0,1.0,2.0,1.0,0.0,0.0,0.0,0.0,0.0,1.0,0.0,,0.0,1.0,0.0,1.0,0.0,0.0,1.0,1.0,,0.0,1.0,2.56,5.333333333333333,5.1,,,0.0,5.0,3.0,3.0,0.0,,2.0,0.0,0.0,,22.0,62.0
2023,2021013051,2023-06-17,1200100.0,伏見 寅威,23.0,捕,8,1.0,1.0,4.0,3.0,1.0,1.0,0.0,0.0,0.0,0.0,0.0,,0.0,0.0,1.0,0.0,0.0,0.0,,,,,,,,,,,,,,,,,,,,,,
2023,2021013051,2023-06-17,1251037.0,上川畑 大悟,4.0,遊,8,1.0,1.0,4.0,2.0,2.0,1.0,0.0,0.0,0.0,0.0,0.0,,2.0,0.0,0.0,0.0,0.0,0.0,,,,,,,,,,,,,,,,,,,,,,
2023,2021013051,2023-06-17,1400170.0,江越 大賀,37.0,中,8,1.0,1.0,4.0,4.0,0.0,0.0,0.0,0.0,0.0,0.0,0.0,,0.0,2.0,0.0,0.0,0.0,0.0,,,,,,,,,,,,,,,,,,,,,,
2023,2021013051,2023-06-17,1460315.0,アルカンタラ,6.0,打左,8,1.0,0.0,1.0,1.0,0.0,0.0,0.0,0.0,0.0,0.0,0.0,,0.0,1.0,0.0,0.0,0.0,0.0,,,,,,,,,,,,,,,,,,,,,,
2023,2021013051,2023-06-17,1600021.0,ビシエド,66.0,一,4,1.0,1.0,4.0,4.0,0.0,0.0,0.0,0.0,0.0,0.0,0.0,,0.0,1.0,0.0,0.0,0.0,0.0,,,,,,,,,,,,,,,,,,,,,,
2023,2021013051,2023-06-17,1600085.0,細川 成也,0.0,右,4,1.0,1.0,4.0,4.0,0.0,1.0,0.0,0.0,0.0,2.0,0.0,,0.0,1.0,0.0,0.0,0.0,0.0,,,,,,,,,,,,,,,,,,,,,,
2023,2021013051,2023-06-17,1600093.0,池田 隆英,52.0,投,8,1.0,0.0,0.0,0.0,0.0,0.0,0.0,0.0,0.0,0.0,0.0,,0.0,0.0,0.0,0.0,0.0,0.0,3.0,1.0,0.0,0.0,1.0,2.92,0.6666666666666666,0.2,,,0.0,0.0,0.0,0.0,0.0,,0.0,1.0,0.0,,2.0,11.0
2023,2021013051,2023-06-17,1600110.0,藤嶋 健人,54.0,投,4,1.0,0.0,0.0,0.0,0.0,0.0,0.0,0.0,0.0,0.0,0.0,,0.0,0.0,0.0,0.0,0.0,0.0,2.0,1.0,0.0,0.0,1.0,2.12,0.6666666666666666,0.2,,,0.0,1.0,1.0,1.0,1.0,,0.0,1.0,1.0,,4.0,17.0
2023,2021013051,2023-06-17,1600134.0,石井 一成,38.0,二,8,1.0,0.0,1.0,1.0,0.0,0.0,0.0,0.0,0.0,0.0,0.0,,0.0,1.0,0.0,0.0,0.0,0.0,,,,,,,,,,,,,,,,,,,,,,
2023,2021013051,2023-06-17,1600164.0,田中 正義,26.0,投,8,1.0,0.0,0.0,0.0,0.0,0.0,0.0,0.0,0.0,0.0,0.0,,0.0,0.0,0.0,0.0,0.0,0.0,4.0,1.0,0.0,1.0,1.0,2.25,1.0,1.0,,,11.0,1.0,0.0,0.0,0.0,,0.0,1.0,0.0,,4.0,15.0
2023,2021013051,2023-06-17,1700025.0,清宮 幸太郎,21.0,三一,8,1.0,1.0,4.0,3.0,0.0,1.0,0.0,0.0,0.0,1.0,0.0,,1.0,0.0,0.0,0.0,0.0,0.0,,,,,,,,,,,,,,,,,,,,,,
2023,2021013051,2023-06-17,1700101.0,鈴木 博志,46.0,投,4,1.0,0.0,0.0,0.0,0.0,0.0,0.0,0.0,0.0,0.0,0.0,,0.0,0.0,0.0,0.0,0.0,0.0,4.0,1.0,0.0,1.0,1.0,4.15,1.0,1.0,,,0.0,2.0,2.0,2.0,0.0,,2.0,1.0,0.0,,6.0,21.0
2023,2021013051,2023-06-17,1750223.0,村松 開人,5.0,二,4,1.0,1.0,4.0,3.0,2.0,1.0,0.0,0.0,0.0,0.0,0.0,,0.0,1.0,1.0,0.0,0.0,0.0,,,,,,,,,,,,,,,,,,,,,,
2023,2021013051,2023-06-17,1800008.0,マルティネス,2.0,一,8,1.0,1.0,4.0,3.0,1.0,1.0,0.0,0.0,1.0,3.0,0.0,,1.0,0.0,0.0,0.0,0.0,0.0,,,,,,,,,,,,,,,,,,,,,,
2023,2021013051,2023-06-17,1800062.0,石橋 康太,58.0,捕,4,1.0,1.0,4.0,4.0,1.0,2.0,2.0,0.0,0.0,0.0,0.0,,0.0,0.0,0.0,0.0,0.0,0.0,,,,,,,,,,,,,,,,,,,,,,
2023,2021013051,2023-06-17,1800091.0,野村 佑希,5.0,打,8,1.0,0.0,1.0,1.0,0.0,0.0,0.0,0.0,0.0,0.0,0.0,,0.0,1.0,0.0,0.0,0.0,0.0,,,,,,,,,,,,,,,,,,,,,,
2023,2021013051,2023-06-17,1800093.0,万波 中正,66.0,右,8,1.0,1.0,4.0,4.0,2.0,2.0,0.0,0.0,0.0,0.0,0.0,,0.0,0.0,0.0,0.0,0.0,0.0,,,,,,,,,,,,,,,,,,,,,,
2023,2021013051,2023-06-17,1900037.0,石川 昂弥,25.0,打,4,1.0,0.0,1.0,1.0,0.0,0.0,0.0,0.0,0.0,0.0,0.0,,0.0,1.0,0.0,0.0,0.0,0.0,,,,,,,,,,,,,,,,,,,,,,
2023,2021013051,2023-06-17,1900041.0,岡林 勇希,60.0,中,4,1.0,1.0,4.0,2.0,0.0,1.0,0.0,0.0,0.0,0.0,0.0,,2.0,0.0,0.0,0.0,0.0,0.0,,,,,,,,,,,,,,,,,,,,,,
2023,2021013051,2023-06-17,1900070.0,河野 竜生,28.0,投,8,1.0,0.0,0.0,0.0,0.0,0.0,0.0,0.0,0.0,0.0,0.0,,0.0,0.0,0.0,0.0,0.0,0.0,2.0,1.0,0.0,0.0,1.0,0.92,0.3333333333333333,0.1,,,0.0,0.0,0.0,0.0,0.0,,1.0,0.0,0.0,,2.0,10.0
2023,2021013051,2023-06-17,1961860.0,加藤 豪将,3.0,二,8,1.0,1.0,4.0,4.0,0.0,0.0,0.0,0.0,0.0,0.0,0.0,,0.0,0.0,0.0,0.0,0.0,0.0,,,,,,,,,,,,,,,,,,,,,,
2023,2021013051,2023-06-17,2000044.0,龍空,45.0,遊,4,1.0,1.0,3.0,3.0,0.0,1.0,0.0,0.0,0.0,0.0,0.0,,0.0,0.0,0.0,0.0,0.0,0.0,,,,,,,,,,,,,,,,,,,,,,
2023,2021013051,2023-06-17,2000049.0,上田 洸太朗,67.0,投,4,1.0,0.0,0.0,0.0,0.0,0.0,0.0,0.0,0.0,0.0,0.0,,0.0,0.0,0.0,0.0,0.0,0.0,3.0,1.0,0.0,0.0,0.0,0.0,1.0,1.0,,,0.0,0.0,0.0,0.0,0.0,,0.0,1.0,0.0,,3.0,10.0
2023,2021013051,2023-06-17,2000079.0,伊藤 大海,17.0,投,8,1.0,1.0,3.0,3.0,0.0,1.0,1.0,0.0,0.0,1.0,0.0,,0.0,1.0,0.0,0.0,0.0,0.0,1.0,1.0,,3.0,4.0,3.57,7.0,7.0,,,0.0,6.0,3.0,3.0,0.0,,1.0,4.0,1.0,,28.0,87.0
2023,2021013051,2023-06-17,2103780.0,福永 裕基,68.0,三,4,1.0,1.0,4.0,4.0,0.0,1.0,0.0,0.0,0.0,0.0,0.0,,0.0,1.0,0.0,0.0,0.0,1.0,,,,,,,,,,,,,,,,,,,,,,
2023,2021013051,2023-06-17,2107869.0,松山 晋也,90.0,投,4,1.0,0.0,0.0,0.0,0.0,0.0,0.0,0.0,0.0,0.0,0.0,,0.0,0.0,0.0,0.0,0.0,0.0,5.0,1.0,0.0,0.0,0.0,0.0,1.0,1.0,,,0.0,0.0,0.0,0.0,0.0,,0.0,3.0,0.0,,3.0,14.0
2023,2021013052,2023-06-17,800081.0,中村 晃,7.0,一,12,1.0,1.0,5.0,5.0,1.0,1.0,1.0,0.0,0.0,2.0,0.0,,0.0,1.0,0.0,0.0,0.0,0.0,,,,,,,,,,,,,,,,,,,,,,
2023,2021013052,2023-06-17,900426.0,原口 文仁,94.0,打,5,1.0,0.0,1.0,1.0,0.0,0.0,0.0,0.0,0.0,0.0,0.0,,0.0,1.0,0.0,0.0,0.0,0.0,,,,,,,,,,,,,,,,,,,,,,
2023,2021013052,2023-06-17,1000035.0,今宮 健太,6.0,遊,12,1.0,1.0,5.0,5.0,0.0,1.0,0.0,0.0,0.0,1.0,0.0,,0.0,2.0,0.0,0.0,0.0,0.0,,,,,,,,,,,,,,,,,,,,,,
2023,2021013052,2023-06-17,1000128.0,柳田 悠岐,9.0,右,12,1.0,1.0,5.0,4.0,0.0,2.0,0.0,0.0,0.0,0.0,0.0,,1.0,2.0,0.0,0.0,0.0,0.0,,,,,,,,,,,,,,,,,,,,,,
2023,2021013052,2023-06-17,1000175.0,牧原 大成,8.0,二中二,12,1.0,1.0,5.0,5.0,1.0,0.0,0.0,0.0,0.0,0.0,0.0,,0.0,1.0,0.0,0.0,0.0,1.0,,,,,,,,,,,,,,,,,,,,,,
2023,2021013052,2023-06-17,1000176.0,甲斐 拓也,19.0,捕,12,1.0,1.0,4.0,2.0,1.0,1.0,0.0,0.0,0.0,1.0,0.0,,2.0,0.0,0.0,0.0,0.0,0.0,,,,,,,,,,,,,,,,,,,,,,
2023,2021013052,2023-06-17,1100097.0,近藤 健介,3.0,左,12,1.0,1.0,5.0,3.0,0.0,1.0,1.0,0.0,0.0,0.0,0.0,,2.0,1.0,0.0,0.0,0.0,0.0,,,,,,,,,,,,,,,,,,,,,,
2023,2021013052,2023-06-17,1300070.0,岩貞 祐太,14.0,投,5,1.0,0.0,0.0,0.0,0.0,0.0,0.0,0.0,0.0,0.0,0.0,,0.0,0.0,0.0,0.0,0.0,0.0,3.0,1.0,0.0,0.0,0.0,1.77,1.0,1.0,,,0.0,1.0,0.0,0.0,0.0,,0.0,1.0,0.0,,4.0,13.0
2023,2021013052,2023-06-17,1300075.0,岩崎 優,13.0,投,5,1.0,0.0,0.0,0.0,0.0,0.0,0.0,0.0,0.0,0.0,0.0,,0.0,0.0,0.0,0.0,0.0,0.0,4.0,1.0,0.0,2.0,1.0,1.5,0.6666666666666666,0.2,,,10.0,2.0,3.0,3.0,0.0,,1.0,2.0,0.0,,5.0,24.0
2023,2021013052,2023-06-17,1300079.0,上林 誠知,51.0,走右,12,1.0,0.0,0.0,0.0,0.0,0.0,0.0,0.0,0.0,0.0,0.0,,0.0,0.0,0.0,0.0,0.0,0.0,,,,,,,,,,,,,,,,,,,,,,
2023,2021013052,2023-06-17,1300080.0,石川 柊太,29.0,投,12,1.0,1.0,1.0,1.0,0.0,0.0,0.0,0.0,0.0,0.0,0.0,,0.0,1.0,0.0,0.0,0.0,0.0,1.0,1.0,,3.0,3.0,4.53,3.6666666666666665,3.2,,,0.0,5.0,4.0,4.0,0.0,,3.0,6.0,0.0,,19.0,75.0
2023,2021013052,2023-06-17,1300093.0,嶺井 博希,12.0,打,12,1.0,0.0,1.0,1.0,0.0,1.0,1.0,0.0,0.0,0.0,0.0,,0.0,0.0,0.0,0.0,0.0,0.0,,,,,,,,,,,,,,,,,,,,,,
2023,2021013052,2023-06-17,1400127.0,栗原 陵矢,24.0,三,12,1.0,1.0,4.0,4.0,0.0,1.0,0.0,0.0,0.0,0.0,0.0,,0.0,1.0,0.0,0.0,0.0,0.0,,,,,,,,,,,,,,,,,,,,,,
2023,2021013052,2023-06-17,1500087.0,坂本 誠志郎,12.0,捕,5,1.0,1.0,4.0,4.0,1.0,2.0,1.0,0.0,0.0,2.0,0.0,,0.0,1.0,0.0,0.0,0.0,0.0,,,,,,,,,,,,,,,,,,,,,,
2023,2021013052,2023-06-17,1500140.0,谷川原 健太,45.0,走捕,12,1.0,0.0,0.0,0.0,1.0,0.0,0.0,0.0,0.0,0.0,0.0,,0.0,0.0,0.0,0.0,0.0,0.0,,,,,,,,,,,,,,,,,,,,,,
2023,2021013052,2023-06-17,1550517.0,大津 亮介,26.0,投,12,1.0,0.0,0.0,0.0,0.0,0.0,0.0,0.0,0.0,0.0,0.0,,0.0,0.0,0.0,0.0,0.0,0.0,5.0,1.0,0.0,0.0,0.0,2.86,0.6666666666666666,0.2,,,0.0,1.0,0.0,0.0,0.0,,1.0,0.0,0.0,,4.0,12.0
2023,2021013052,2023-06-17,1560184.0,オスナ,54.0,投,12,1.0,0.0,0.0,0.0,0.0,0.0,0.0,0.0,0.0,0.0,0.0,,0.0,0.0,0.0,0.0,0.0,0.0,7.0,1.0,0.0,0.0,0.0,0.43,1.0,1.0,,,13.0,0.0,0.0,0.0,0.0,,0.0,0.0,0.0,,3.0,6.0
2023,2021013052,2023-06-17,1600113.0,大山 悠輔,3.0,一,5,1.0,1.0,4.0,3.0,2.0,1.0,1.0,0.0,0.0,0.0,0.0,,1.0,0.0,0.0,0.0,0.0,0.0,,,,,,,,,,,,,,,,,,,,,,
2023,2021013052,2023-06-17,1600117.0,糸原 健斗,33.0,打,5,1.0,0.0,1.0,1.0,0.0,0.0,0.0,0.0,0.0,0.0,0.0,,0.0,0.0,0.0,0.0,0.0,0.0,,,,,,,,,,,,,,,,,,,,,,
2023,2021013052,2023-06-17,1700080.0,島田 海吏,53.0,走右,5,1.0,0.0,0.0,0.0,0.0,0.0,0.0,0.0,0.0,0.0,0.0,,0.0,0.0,0.0,0.0,0.0,0.0,,,,,,,,,,,,,,,,,,,,,,
2023,2021013052,2023-06-17,1700133.0,田浦 文丸,56.0,投,12,1.0,0.0,0.0,0.0,0.0,0.0,0.0,0.0,0.0,0.0,0.0,,0.0,0.0,0.0,0.0,0.0,0.0,6.0,1.0,0.0,1.0,0.0,0.51,0.3333333333333333,0.1,,,0.0,0.0,0.0,0.0,0.0,,0.0,0.0,0.0,,1.0,6.0
2023,2021013052,2023-06-17,1700135.0,周東 佑京,23.0,走中,12,1.0,0.0,0.0,0.0,1.0,0.0,0.0,0.0,0.0,0.0,0.0,,0.0,0.0,0.0,0.0,0.0,0.0,,,,,,,,,,,,,,,,,,,,,,
2023,2021013052,2023-06-17,1700137.0,大竹 耕太郎,49.0,投,5,1.0,1.0,2.0,2.0,0.0,0.0,0.0,0.0,0.0,0.0,0.0,,0.0,2.0,0.0,0.0,0.0,0.0,1.0,1.0,,6.0,1.0,1.13,6.0,6.0,,,0.0,4.0,1.0,0.0,0.0,,1.0,7.0,0.0,,23.0,97.0
2023,2021013052,2023-06-17,1800065.0,近本 光司,5.0,中,5,1.0,1.0,5.0,5.0,0.0,1.0,0.0,0.0,0.0,2.0,0.0,,0.0,1.0,0.0,0.0,0.0,0.0,,,,,,,,,,,,,,,,,,,,,,
2023,2021013052,2023-06-17,1800067.0,木浪 聖也,0.0,遊,5,1.0,1.0,4.0,2.0,0.0,0.0,0.0,0.0,0.0,0.0,0.0,,2.0,1.0,0.0,0.0,0.0,0.0,,,,,,,,,,,,,,,,,,,,,,
2023,2021013052,2023-06-17,1800106.0,甲斐野 央,20.0,投,12,1.0,0.0,0.0,0.0,0.0,0.0,0.0,0.0,0.0,0.0,0.0,,0.0,0.0,0.0,0.0,0.0,0.0,4.0,1.0,0.0,0.0,0.0,2.25,1.0,1.0,,,0.0,1.0,0.0,0.0,0.0,,0.0,1.0,0.0,,4.0,19.0
2023,2021013052,2023-06-17,1800108.0,野村 大樹,55.0,打,12,1.0,0.0,1.0,1.0,0.0,0.0,0.0,0.0,0.0,0.0,0.0,,0.0,0.0,0.0,0.0,0.0,0.0,,,,,,,,,,,,,,,,,,,,,,
2023,2021013052,2023-06-17,1900046.0,及川 雅貴,37.0,投,5,1.0,0.0,0.0,0.0,0.0,0.0,0.0,0.0,0.0,0.0,0.0,,0.0,0.0,0.0,0.0,0.0,0.0,2.0,1.0,0.0,2.0,1.0,2.21,1.0,1.0,,,0.0,1.0,2.0,2.0,1.0,,1.0,0.0,0.0,,5.0,13.0
2023,2021013052,2023-06-17,1900050.0,小野寺 暖,60.0,打右,5,1.0,0.0,2.0,2.0,0.0,0.0,0.0,0.0,0.0,0.0,0.0,,0.0,0.0,0.0,0.0,0.0,0.0,,,,,,,,,,,,,,,,,,,,,,
2023,2021013052,2023-06-17,1900104.0,柳町 達,32.0,中,12,1.0,1.0,3.0,3.0,0.0,0.0,0.0,0.0,0.0,0.0,0.0,,0.0,1.0,0.0,0.0,0.0,0.0,,,,,,,,,,,,,,,,,,,,,,
2023,2021013052,2023-06-17,1900147.0,ガンケル,27.0,投,12,1.0,0.0,0.0,0.0,0.0,0.0,0.0,0.0,0.0,0.0,0.0,,0.0,0.0,0.0,0.0,0.0,0.0,2.0,1.0,0.0,0.0,1.0,5.82,0.3333333333333333,0.1,,,0.0,0.0,0.0,0.0,0.0,,0.0,0.0,0.0,,1.0,5.0
2023,2021013052,2023-06-17,1950996.0,前川 右京,58.0,右,5,1.0,1.0,2.0,2.0,0.0,0.0,0.0,0.0,0.0,0.0,0.0,,0.0,1.0,0.0,0.0,0.0,0.0,,,,,,,,,,,,,,,,,,,,,,
2023,2021013052,2023-06-17,1961285.0,ノイジー,7.0,左,5,1.0,1.0,5.0,5.0,0.0,1.0,0.0,0.0,0.0,0.0,0.0,,0.0,1.0,0.0,0.0,0.0,0.0,,,,,,,,,,,,,,,,,,,,,,
2023,2021013052,2023-06-17,2000051.0,佐藤 輝明,8.0,三,5,1.0,1.0,4.0,3.0,1.0,2.0,1.0,0.0,0.0,0.0,0.0,,1.0,0.0,0.0,0.0,0.0,0.0,,,,,,,,,,,,,,,,,,,,,,
2023,2021013052,2023-06-17,2000056.0,中野 拓夢,51.0,二,5,1.0,1.0,5.0,5.0,0.0,0.0,0.0,0.0,0.0,0.0,0.0,,0.0,1.0,0.0,0.0,0.0,1.0,,,,,,,,,,,,,,,,,,,,,,
2023,2021013052,2023-06-17,2000058.0,石井 大智,69.0,投,5,1.0,0.0,0.0,0.0,0.0,0.0,0.0,0.0,0.0,0.0,0.0,,0.0,0.0,0.0,0.0,0.0,0.0,5.0,1.0,0.0,1.0,0.0,0.59,0.3333333333333333,0.1,,,0.0,1.0,0.0,0.0,0.0,,2.0,1.0,0.0,,4.0,22.0
2023,2021013052,2023-06-17,2104035.0,野村 勇,99.0,打二,12,1.0,0.0,2.0,2.0,1.0,1.0,0.0,0.0,1.0,2.0,0.0,,0.0,1.0,0.0,0.0,0.0,0.0,,,,,,,,,,,,,,,,,,,,,,
2023,2021013052,2023-06-17,2107909.0,松本 晴,49.0,投,12,1.0,0.0,0.0,0.0,0.0,0.0,0.0,0.0,0.0,0.0,0.0,,0.0,0.0,0.0,0.0,0.0,0.0,3.0,1.0,0.0,0.0,0.0,0.0,2.0,2.0,,,0.0,0.0,0.0,0.0,0.0,,0.0,2.0,0.0,,7.0,42.0
2023,2021013053,2023-06-17,12102.0,栗山 巧,1.0,打,7,1.0,0.0,1.0,1.0,0.0,0.0,0.0,0.0,0.0,0.0,0.0,,0.0,1.0,0.0,0.0,0.0,0.0,,,,,,,,,,,,,,,,,,,,,,
2023,2021013053,2023-06-17,900430.0,堂林 翔太,7.0,打一,6,1.0,0.0,1.0,1.0,0.0,0.0,0.0,0.0,0.0,0.0,0.0,,0.0,0.0,0.0,0.0,0.0,0.0,,,,,,,,,,,,,,,,,,,,,,
2023,2021013053,2023-06-17,1000150.0,秋山 翔吾,9.0,中,6,1.0,1.0,5.0,5.0,0.0,1.0,1.0,0.0,0.0,1.0,0.0,,0.0,1.0,0.0,0.0,0.0,1.0,,,,,,,,,,,,,,,,,,,,,,
2023,2021013053,2023-06-17,1100082.0,菊池 涼介,33.0,二,6,1.0,0.0,0.0,0.0,0.0,0.0,0.0,0.0,0.0,0.0,0.0,,0.0,0.0,0.0,0.0,0.0,0.0,,,,,,,,,,,,,,,,,,,,,,
2023,2021013053,2023-06-17,1300059.0,田中 広輔,2.0,三,6,1.0,1.0,4.0,3.0,1.0,2.0,2.0,0.0,0.0,3.0,1.0,,1.0,0.0,0.0,0.0,0.0,0.0,,,,,,,,,,,,,,,,,,,,,,
2023,2021013053,2023-06-17,1400173.0,野間 峻祥,37.0,右,6,1.0,1.0,5.0,5.0,1.0,2.0,0.0,0.0,0.0,1.0,0.0,,0.0,0.0,0.0,0.0,0.0,0.0,,,,,,,,,,,,,,,,,,,,,,
2023,2021013053,2023-06-17,1400182.0,高橋 光成,13.0,投,7,1.0,1.0,1.0,1.0,0.0,0.0,0.0,0.0,0.0,0.0,0.0,,0.0,1.0,0.0,0.0,0.0,0.0,1.0,1.0,,4.0,5.0,2.11,4.0,4.0,,,0.0,7.0,4.0,3.0,0.0,,1.0,3.0,1.0,,21.0,73.0
2023,2021013053,2023-06-17,1400184.0,外崎 修汰,5.0,二,7,1.0,1.0,4.0,3.0,1.0,0.0,0.0,0.0,0.0,0.0,0.0,,1.0,0.0,0.0,0.0,0.0,0.0,,,,,,,,,,,,,,,,,,,,,,
2023,2021013053,2023-06-17,1500096.0,西川 龍馬,5.0,左,6,1.0,1.0,4.0,4.0,1.0,2.0,0.0,0.0,0.0,0.0,0.0,,0.0,0.0,0.0,0.0,0.0,0.0,,,,,,,,,,,,,,,,,,,,,,
2023,2021013053,2023-06-17,1500112.0,平沼 翔太,31.0,打,7,1.0,0.0,1.0,1.0,0.0,0.0,0.0,0.0,0.0,0.0,0.0,,0.0,1.0,0.0,0.0,0.0,0.0,,,,,,,,,,,,,,,,,,,,,,
2023,2021013053,2023-06-17,1600121.0,矢崎 拓也,41.0,投,6,1.0,0.0,0.0,0.0,0.0,0.0,0.0,0.0,0.0,0.0,0.0,,0.0,0.0,0.0,0.0,0.0,0.0,5.0,1.0,0.0,4.0,0.0,2.33,1.0,1.0,,,9.0,0.0,0.0,0.0,0.0,,0.0,1.0,0.0,,3.0,12.0
2023,2021013053,2023-06-17,1600124.0,坂倉 将吾,31.0,捕,6,1.0,1.0,4.0,3.0,2.0,2.0,2.0,0.0,0.0,0.0,0.0,,0.0,1.0,1.0,0.0,0.0,0.0,,,,,,,,,,,,,,,,,,,,,,
2023,2021013053,2023-06-17,1600129.0,源田 壮亮,6.0,遊,7,1.0,1.0,5.0,4.0,0.0,0.0,0.0,0.0,0.0,0.0,0.0,,1.0,2.0,0.0,0.0,0.0,0.0,,,,,,,,,,,,,,,,,,,,,,
2023,2021013053,2023-06-17,1600130.0,鈴木 将平,46.0,左,7,1.0,1.0,5.0,5.0,0.0,2.0,0.0,0.0,0.0,1.0,0.0,,0.0,0.0,0.0,0.0,0.0,0.0,,,,,,,,,,,,,,,,,,,,,,
2023,2021013053,2023-06-17,1800073.0,島内 颯太郎,43.0,投,6,1.0,0.0,0.0,0.0,0.0,0.0,0.0,0.0,0.0,0.0,0.0,,0.0,0.0,0.0,0.0,0.0,0.0,3.0,1.0,0.0,1.0,2.0,2.11,1.0,1.0,,,2.0,0.0,0.0,0.0,0.0,,1.0,0.0,0.0,,3.0,15.0
2023,2021013053,2023-06-17,1800074.0,林 晃汰,44.0,一,6,1.0,1.0,3.0,2.0,0.0,0.0,0.0,0.0,0.0,0.0,0.0,,1.0,1.0,0.0,0.0,0.0,0.0,,,,,,,,,,,,,,,,,,,,,,
2023,2021013053,2023-06-17,1800078.0,羽月 隆太郎,69.0,二,6,1.0,1.0,5.0,4.0,0.0,1.0,0.0,0.0,0.0,0.0,1.0,,0.0,1.0,0.0,1.0,0.0,0.0,,,,,,,,,,,,,,,,,,,,,,
2023,2021013053,2023-06-17,1800085.0,森脇 亮介,28.0,投,7,1.0,0.0,0.0,0.0,0.0,0.0,0.0,0.0,0.0,0.0,0.0,,0.0,0.0,0.0,0.0,0.0,0.0,5.0,1.0,0.0,1.0,1.0,1.86,1.0,1.0,,,2.0,0.0,0.0,0.0,0.0,,0.0,1.0,0.0,,3.0,17.0
2023,2021013053,2023-06-17,1800086.0,佐藤 龍世,58.0,打,7,1.0,0.0,1.0,1.0,1.0,1.0,0.0,0.0,0.0,0.0,0.0,,0.0,0.0,0.0,0.0,0.0,0.0,,,,,,,,,,,,,,,,,,,,,,
2023,2021013053,2023-06-17,1900052.0,森下 暢仁,18.0,投,6,1.0,1.0,3.0,1.0,0.0,0.0,0.0,0.0,0.0,0.0,0.0,,0.0,1.0,0.0,2.0,0.0,0.0,1.0,1.0,,3.0,1.0,1.89,6.0,6.0,,,0.0,7.0,2.0,2.0,0.0,,1.0,6.0,0.0,,25.0,96.0
2023,2021013053,2023-06-17,1900065.0,柘植 世那,37.0,捕,7,1.0,1.0,2.0,2.0,0.0,0.0,0.0,0.0,0.0,0.0,0.0,,0.0,0.0,0.0,0.0,0.0,1.0,,,,,,,,,,,,,,,,,,,,,,
2023,2021013053,2023-06-17,1900068.0,岸 潤一郎,68.0,右,7,1.0,1.0,4.0,4.0,0.0,1.0,0.0,0.0,0.0,1.0,0.0,,0.0,0.0,0.0,0.0,0.0,0.0,,,,,,,,,,,,,,,,,,,,,,
2023,2021013053,2023-06-17,1961030.0,ティノコ,54.0,投,7,1.0,0.0,0.0,0.0,0.0,0.0,0.0,0.0,0.0,0.0,0.0,,0.0,0.0,0.0,0.0,0.0,0.0,3.0,1.0,0.0,0.0,2.0,3.42,1.0,1.0,,,0.0,1.0,0.0,0.0,0.0,,0.0,2.0,0.0,,4.0,16.0
2023,2021013053,2023-06-17,2000060.0,栗林 良吏,20.0,投,6,1.0,0.0,0.0,0.0,0.0,0.0,0.0,0.0,0.0,0.0,0.0,,0.0,0.0,0.0,0.0,0.0,0.0,4.0,1.0,0.0,1.0,6.0,7.02,1.0,1.0,,,7.0,0.0,0.0,0.0,0.0,,0.0,1.0,0.0,,3.0,8.0
2023,2021013053,2023-06-17,2000061.0,森浦 大輔,13.0,投,6,1.0,0.0,0.0,0.0,0.0,0.0,0.0,0.0,0.0,0.0,0.0,,0.0,0.0,0.0,0.0,0.0,0.0,2.0,1.0,0.0,0.0,0.0,3.52,0.0,0.0,,,0.0,3.0,2.0,2.0,0.0,,1.0,0.0,0.0,,4.0,21.0
2023,2021013053,2023-06-17,2000065.0,矢野 雅哉,61.0,遊,6,1.0,1.0,4.0,4.0,1.0,2.0,0.0,0.0,0.0,0.0,0.0,,0.0,2.0,0.0,0.0,0.0,0.0,,,,,,,,,,,,,,,,,,,,,,
2023,2021013053,2023-06-17,2000067.0,渡部 健人,8.0,一,7,1.0,1.0,4.0,3.0,1.0,3.0,2.0,0.0,0.0,1.0,0.0,,1.0,0.0,0.0,0.0,0.0,0.0,,,,,,,,,,,,,,,,,,,,,,
2023,2021013053,2023-06-17,2000068.0,佐々木 健,26.0,投,7,1.0,0.0,0.0,0.0,0.0,0.0,0.0,0.0,0.0,0.0,0.0,,0.0,0.0,0.0,0.0,0.0,0.0,4.0,1.0,0.0,0.0,0.0,0.0,1.0,1.0,,,0.0,1.0,0.0,0.0,0.0,,0.0,0.0,0.0,,4.0,16.0
2023,2021013053,2023-06-17,2000075.0,長谷川 信哉,63.0,中,7,1.0,1.0,4.0,4.0,0.0,0.0,0.0,0.0,0.0,0.0,0.0,,0.0,1.0,0.0,0.0,0.0,0.0,,,,,,,,,,,,,,,,,,,,,,
2023,2021013053,2023-06-17,2103768.0,末包 昇大,52.0,打,6,1.0,0.0,1.0,1.0,0.0,0.0,0.0,0.0,0.0,0.0,0.0,,0.0,0.0,0.0,0.0,0.0,0.0,,,,,,,,,,,,,,,,,,,,,,
2023,2021013053,2023-06-17,2103949.0,古市 尊,65.0,捕,7,1.0,0.0,2.0,2.0,1.0,1.0,0.0,0.0,0.0,0.0,0.0,,0.0,1.0,0.0,0.0,0.0,0.0,,,,,,,,,,,,,,,,,,,,,,
2023,2021013053,2023-06-17,2106286.0,青山 美夏人,29.0,投,7,1.0,0.0,0.0,0.0,0.0,0.0,0.0,0.0,0.0,0.0,0.0,,0.0,0.0,0.0,0.0,0.0,0.0,2.0,1.0,0.0,0.0,0.0,3.52,1.0,1.0,,,2.0,3.0,2.0,2.0,0.0,,1.0,1.0,0.0,,7.0,27.0
2023,2021013053,2023-06-17,2108196.0,マキノン,30.0,三,7,1.0,1.0,4.0,4.0,0.0,2.0,1.0,0.0,0.0,1.0,0.0,,0.0,1.0,0.0,0.0,0.0,0.0,,,,,,,,,,,,,,,,,,,,,,
2023,2021013054,2023-06-18,600026.0,炭谷 銀仁朗,26.0,捕,376,1.0,1.0,4.0,4.0,0.0,1.0,0.0,0.0,0.0,0.0,0.0,,0.0,0.0,0.0,0.0,0.0,0.0,,,,,,,,,,,,,,,,,,,,,,
2023,2021013054,2023-06-18,700003.0,坂本 勇人,6.0,遊,1,1.0,1.0,5.0,4.0,1.0,1.0,1.0,0.0,0.0,0.0,0.0,,1.0,2.0,0.0,0.0,0.0,0.0,,,,,,,,,,,,,,,,,,,,,,
2023,2021013054,2023-06-18,700027.0,梶谷 隆幸,13.0,右,1,1.0,1.0,5.0,5.0,0.0,0.0,0.0,0.0,0.0,0.0,0.0,,0.0,1.0,0.0,0.0,0.0,0.0,,,,,,,,,,,,,,,,,,,,,,
2023,2021013054,2023-06-18,700065.0,岸 孝之,11.0,投,376,1.0,1.0,1.0,1.0,0.0,0.0,0.0,0.0,0.0,0.0,0.0,,0.0,1.0,0.0,0.0,0.0,0.0,1.0,1.0,,2.0,2.0,4.76,5.0,5.0,,,0.0,5.0,1.0,1.0,0.0,,0.0,4.0,0.0,,20.0,84.0
2023,2021013054,2023-06-18,800043.0,丸 佳浩,8.0,中,1,1.0,1.0,3.0,3.0,0.0,1.0,0.0,0.0,0.0,0.0,0.0,,0.0,0.0,0.0,0.0,0.0,0.0,,,,,,,,,,,,,,,,,,,,,,
2023,2021013054,2023-06-18,800054.0,中田 翔,10.0,一,1,1.0,1.0,4.0,4.0,0.0,0.0,0.0,0.0,0.0,0.0,0.0,,0.0,1.0,0.0,0.0,0.0,1.0,,,,,,,,,,,,,,,,,,,,,,
2023,2021013054,2023-06-18,900056.0,浅村 栄斗,3.0,二,376,1.0,1.0,4.0,3.0,0.0,0.0,0.0,0.0,0.0,0.0,0.0,,1.0,1.0,0.0,0.0,0.0,0.0,,,,,,,,,,,,,,,,,,,,,,
2023,2021013054,2023-06-18,1100103.0,鈴木 大地,7.0,一,376,1.0,1.0,4.0,4.0,0.0,1.0,0.0,0.0,0.0,0.0,0.0,,0.0,0.0,0.0,0.0,0.0,0.0,,,,,,,,,,,,,,,,,,,,,,
2023,2021013054,2023-06-18,1100130.0,岡島 豪郎,27.0,左,376,1.0,1.0,4.0,4.0,0.0,0.0,0.0,0.0,0.0,0.0,0.0,,0.0,1.0,0.0,0.0,0.0,0.0,,,,,,,,,,,,,,,,,,,,,,
2023,2021013054,2023-06-18,1100132.0,島内 宏明,35.0,打,376,1.0,0.0,1.0,1.0,0.0,1.0,0.0,0.0,0.0,0.0,0.0,,0.0,0.0,0.0,0.0,0.0,0.0,,,,,,,,,,,,,,,,,,,,,,
2023,2021013054,2023-06-18,1200041.0,菅野 智之,18.0,投,1,1.0,1.0,2.0,2.0,0.0,0.0,0.0,0.0,0.0,0.0,0.0,,0.0,1.0,0.0,0.0,0.0,0.0,1.0,1.0,,1.0,1.0,2.45,6.0,6.0,,,0.0,3.0,2.0,1.0,1.0,,0.0,4.0,0.0,,21.0,85.0
2023,2021013054,2023-06-18,1300084.0,松井 裕樹,1.0,投,376,1.0,0.0,0.0,0.0,0.0,0.0,0.0,0.0,0.0,0.0,0.0,,0.0,0.0,0.0,0.0,0.0,0.0,6.0,1.0,0.0,1.0,2.0,0.77,1.0,1.0,,,14.0,1.0,0.0,0.0,0.0,,1.0,1.0,0.0,,5.0,22.0
2023,2021013054,2023-06-18,1400101.0,岡本 和真,25.0,三,1,1.0,1.0,4.0,3.0,0.0,2.0,1.0,0.0,0.0,1.0,0.0,,1.0,0.0,0.0,0.0,0.0,0.0,,,,,,,,,,,,,,,,,,,,,,
2023,2021013054,2023-06-18,1400139.0,安樂 智大,20.0,投,376,1.0,0.0,0.0,0.0,0.0,0.0,0.0,0.0,0.0,0.0,0.0,,0.0,0.0,0.0,0.0,0.0,0.0,4.0,1.0,0.0,0.0,0.0,2.82,0.6666666666666666,0.2,,,0.0,0.0,0.0,0.0,0.0,,1.0,0.0,0.0,,3.0,9.0
2023,2021013054,2023-06-18,1500047.0,重信 慎之介,43.0,走,1,1.0,0.0,0.0,0.0,0.0,0.0,0.0,0.0,0.0,0.0,0.0,,0.0,0.0,0.0,0.0,0.0,0.0,,,,,,,,,,,,,,,,,,,,,,
2023,2021013054,2023-06-18,1500052.0,中川 皓太,41.0,投,1,1.0,0.0,0.0,0.0,0.0,0.0,0.0,0.0,0.0,0.0,0.0,,0.0,0.0,0.0,0.0,0.0,0.0,5.0,1.0,0.0,1.0,0.0,2.53,1.0,1.0,,,0.0,1.0,0.0,0.0,0.0,,1.0,1.0,0.0,,5.0,27.0
2023,2021013054,2023-06-18,1600001.0,オコエ 瑠偉,50.0,打,1,1.0,0.0,1.0,1.0,0.0,0.0,0.0,0.0,0.0,0.0,0.0,,0.0,0.0,0.0,0.0,0.0,0.0,,,,,,,,,,,,,,,,,,,,,,
2023,2021013054,2023-06-18,1600007.0,村林 一輝,66.0,走三,376,1.0,0.0,0.0,0.0,0.0,0.0,0.0,0.0,0.0,0.0,1.0,,0.0,0.0,0.0,0.0,0.0,0.0,,,,,,,,,,,,,,,,,,,,,,
2023,2021013054,2023-06-18,1600059.0,吉川 尚輝,2.0,二,1,1.0,1.0,4.0,3.0,0.0,1.0,0.0,0.0,0.0,0.0,0.0,,0.0,0.0,0.0,1.0,0.0,0.0,,,,,,,,,,,,,,,,,,,,,,
2023,2021013054,2023-06-18,1600070.0,松原 聖弥,59.0,中,1,1.0,0.0,0.0,0.0,0.0,0.0,0.0,0.0,0.0,0.0,0.0,,0.0,0.0,0.0,0.0,0.0,0.0,,,,,,,,,,,,,,,,,,,,,,
2023,2021013054,2023-06-18,1600094.0,田中 和基,25.0,右,376,1.0,0.0,0.0,0.0,0.0,0.0,0.0,0.0,0.0,0.0,0.0,,0.0,0.0,0.0,0.0,0.0,0.0,,,,,,,,,,,,,,,,,,,,,,
2023,2021013054,2023-06-18,1600100.0,高梨 雄平,53.0,投,1,1.0,0.0,0.0,0.0,0.0,0.0,0.0,0.0,0.0,0.0,0.0,,0.0,0.0,0.0,0.0,0.0,0.0,4.0,1.0,0.0,0.0,0.0,4.15,0.6666666666666666,0.2,,,0.0,1.0,0.0,0.0,0.0,,0.0,2.0,0.0,,3.0,14.0
2023,2021013054,2023-06-18,1700034.0,山崎 剛,34.0,遊,376,1.0,1.0,4.0,4.0,0.0,1.0,0.0,0.0,0.0,0.0,1.0,,0.0,2.0,0.0,0.0,0.0,0.0,,,,,,,,,,,,,,,,,,,,,,
2023,2021013054,2023-06-18,1700044.0,大城 卓三,24.0,捕,1,1.0,1.0,4.0,4.0,0.0,2.0,0.0,0.0,0.0,0.0,0.0,,0.0,0.0,0.0,0.0,0.0,0.0,,,,,,,,,,,,,,,,,,,,,,
2023,2021013054,2023-06-18,1700047.0,若林 晃弘,37.0,打,1,1.0,0.0,1.0,1.0,0.0,1.0,0.0,0.0,0.0,0.0,0.0,,0.0,0.0,0.0,0.0,0.0,0.0,,,,,,,,,,,,,,,,,,,,,,
2023,2021013054,2023-06-18,1800117.0,辰己 涼介,8.0,中,376,1.0,1.0,4.0,4.0,1.0,1.0,0.0,0.0,1.0,2.0,0.0,,0.0,2.0,0.0,0.0,0.0,0.0,,,,,,,,,,,,,,,,,,,,,,
2023,2021013054,2023-06-18,1800122.0,渡邊 佳明,48.0,打,376,1.0,0.0,1.0,1.0,1.0,0.0,0.0,0.0,0.0,0.0,0.0,,0.0,0.0,0.0,0.0,0.0,0.0,,,,,,,,,,,,,,,,,,,,,,
2023,2021013054,2023-06-18,1800123.0,小郷 裕哉,51.0,右,376,1.0,1.0,4.0,4.0,0.0,1.0,0.0,0.0,0.0,0.0,0.0,,0.0,1.0,0.0,0.0,0.0,0.0,,,,,,,,,,,,,,,,,,,,,,
2023,2021013054,2023-06-18,1800124.0,鈴木 翔天,56.0,投,376,1.0,0.0,0.0,0.0,0.0,0.0,0.0,0.0,0.0,0.0,0.0,,0.0,0.0,0.0,0.0,0.0,0.0,5.0,1.0,0.0,1.0,0.0,4.76,0.3333333333333333,0.1,,,0.0,1.0,0.0,0.0,0.0,,0.0,0.0,0.0,,2.0,5.0
2023,2021013054,2023-06-18,1900112.0,小深田 大翔,0.0,三二,376,1.0,1.0,4.0,4.0,0.0,1.0,0.0,0.0,0.0,0.0,0.0,,0.0,0.0,0.0,0.0,0.0,0.0,,,,,,,,,,,,,,,,,,,,,,
2023,2021013054,2023-06-18,1960962.0,ビーディ,33.0,投,1,1.0,0.0,0.0,0.0,0.0,0.0,0.0,0.0,0.0,0.0,0.0,,0.0,0.0,0.0,0.0,0.0,0.0,2.0,1.0,0.0,0.0,4.0,4.55,1.0,1.0,,,0.0,1.0,0.0,0.0,0.0,,0.0,1.0,0.0,,4.0,15.0
2023,2021013054,2023-06-18,2000009.0,秋広 優人,55.0,左一,1,1.0,1.0,4.0,4.0,0.0,0.0,0.0,0.0,0.0,0.0,0.0,,0.0,2.0,0.0,0.0,0.0,0.0,,,,,,,,,,,,,,,,,,,,,,
2023,2021013054,2023-06-18,2000126.0,内 星龍,69.0,投,376,1.0,0.0,0.0,0.0,0.0,0.0,0.0,0.0,0.0,0.0,0.0,,0.0,0.0,0.0,0.0,0.0,0.0,3.0,1.0,0.0,3.0,1.0,3.47,1.0,1.0,,,0.0,1.0,0.0,0.0,0.0,,0.0,1.0,0.0,,4.0,13.0
2023,2021013054,2023-06-18,2103705.0,菊地 大稀,96.0,投,1,1.0,0.0,0.0,0.0,0.0,0.0,0.0,0.0,0.0,0.0,0.0,,0.0,0.0,0.0,0.0,0.0,0.0,3.0,1.0,0.0,2.0,1.0,3.15,0.3333333333333333,0.1,,,0.0,1.0,0.0,0.0,0.0,,0.0,0.0,0.0,,2.0,9.0
2023,2021013054,2023-06-18,2105140.0,渡辺 翔太,31.0,投,376,1.0,0.0,0.0,0.0,0.0,0.0,0.0,0.0,0.0,0.0,0.0,,0.0,0.0,0.0,0.0,0.0,0.0,2.0,1.0,0.0,2.0,0.0,0.0,1.0,1.0,,,0.0,1.0,0.0,0.0,0.0,,0.0,1.0,0.0,,4.0,12.0
2023,2021013054,2023-06-18,2105889.0,ウォーカー,44.0,打左,1,1.0,0.0,1.0,1.0,0.0,1.0,1.0,0.0,0.0,0.0,0.0,,0.0,0.0,0.0,0.0,0.0,0.0,,,,,,,,,,,,,,,,,,,,,,
2023,2021013054,2023-06-18,2107874.0,門脇 誠,35.0,走三,1,1.0,0.0,0.0,0.0,0.0,0.0,0.0,0.0,0.0,0.0,0.0,,0.0,0.0,0.0,0.0,0.0,0.0,,,,,,,,,,,,,,,,,,,,,,
2023,2021013055,2023-06-18,400021.0,青木 宣親,23.0,左,2,1.0,1.0,4.0,4.0,0.0,1.0,0.0,0.0,0.0,0.0,0.0,,0.0,1.0,0.0,0.0,0.0,0.0,,,,,,,,,,,,,,,,,,,,,,
2023,2021013055,2023-06-18,900044.0,中村 悠平,27.0,捕,2,1.0,1.0,4.0,3.0,0.0,1.0,0.0,0.0,0.0,0.0,0.0,,1.0,0.0,0.0,0.0,0.0,0.0,,,,,,,,,,,,,,,,,,,,,,
2023,2021013055,2023-06-18,1000132.0,山田 哲人,1.0,二,2,1.0,1.0,4.0,3.0,0.0,2.0,0.0,0.0,0.0,0.0,0.0,,1.0,0.0,0.0,0.0,0.0,0.0,,,,,,,,,,,,,,,,,,,,,,
2023,2021013055,2023-06-18,1160424.0,ゴンザレス,8.0,二,11,1.0,1.0,4.0,4.0,1.0,1.0,0.0,0.0,1.0,4.0,0.0,,0.0,1.0,0.0,0.0,0.0,0.0,,,,,,,,,,,,,,,,,,,,,,
2023,2021013055,2023-06-18,1300092.0,今野 龍太,69.0,投,2,1.0,0.0,0.0,0.0,0.0,0.0,0.0,0.0,0.0,0.0,0.0,,0.0,0.0,0.0,0.0,0.0,0.0,4.0,1.0,0.0,0.0,0.0,2.63,0.3333333333333333,0.1,,,0.0,2.0,1.0,1.0,1.0,,0.0,0.0,0.0,,3.0,12.0
2023,2021013055,2023-06-18,1300100.0,森 友哉,4.0,捕,11,1.0,1.0,4.0,4.0,0.0,1.0,0.0,0.0,0.0,0.0,0.0,,0.0,1.0,0.0,0.0,0.0,0.0,,,,,,,,,,,,,,,,,,,,,,
2023,2021013055,2023-06-18,1300109.0,若月 健矢,2.0,捕,11,1.0,0.0,0.0,0.0,0.0,0.0,0.0,0.0,0.0,0.0,0.0,,0.0,0.0,0.0,0.0,0.0,0.0,,,,,,,,,,,,,,,,,,,,,,
2023,2021013055,2023-06-18,1400196.0,宗 佑磨,6.0,三,11,1.0,1.0,4.0,3.0,1.0,0.0,0.0,0.0,0.0,0.0,0.0,,0.0,1.0,1.0,0.0,0.0,0.0,,,,,,,,,,,,,,,,,,,,,,
2023,2021013055,2023-06-18,1400202.0,小田 裕也,50.0,左,11,1.0,0.0,1.0,1.0,0.0,0.0,0.0,0.0,0.0,0.0,0.0,,0.0,1.0,0.0,0.0,0.0,0.0,,,,,,,,,,,,,,,,,,,,,,
2023,2021013055,2023-06-18,1450639.0,小木田 敦也,56.0,投,11,1.0,0.0,0.0,0.0,0.0,0.0,0.0,0.0,0.0,0.0,0.0,,0.0,0.0,0.0,0.0,0.0,0.0,3.0,1.0,0.0,1.0,0.0,2.45,2.0,2.0,,,0.0,1.0,0.0,0.0,0.0,,0.0,1.0,0.0,,6.0,21.0
2023,2021013055,2023-06-18,1500041.0,廣岡 大志,30.0,一,11,1.0,0.0,0.0,0.0,0.0,0.0,0.0,0.0,0.0,0.0,0.0,,0.0,0.0,0.0,0.0,0.0,0.0,,,,,,,,,,,,,,,,,,,,,,
2023,2021013055,2023-06-18,1500135.0,杉本 裕太郎,99.0,左,11,1.0,1.0,4.0,4.0,1.0,1.0,1.0,0.0,0.0,0.0,0.0,,0.0,1.0,0.0,0.0,0.0,0.0,,,,,,,,,,,,,,,,,,,,,,
2023,2021013055,2023-06-18,1500139.0,小澤 怜史,45.0,投,2,1.0,1.0,2.0,1.0,0.0,0.0,0.0,0.0,0.0,0.0,0.0,,0.0,1.0,0.0,1.0,0.0,0.0,1.0,1.0,,2.0,1.0,2.21,6.0,6.0,,,0.0,3.0,0.0,0.0,0.0,,0.0,5.0,0.0,,21.0,98.0
2023,2021013055,2023-06-18,1600075.0,星 知弥,24.0,投,2,1.0,0.0,0.0,0.0,0.0,0.0,0.0,0.0,0.0,0.0,0.0,,0.0,0.0,0.0,0.0,0.0,0.0,2.0,1.0,0.0,1.0,2.0,4.79,0.3333333333333333,0.1,,,0.0,2.0,2.0,2.0,1.0,,0.0,0.0,0.0,,3.0,10.0
2023,2021013055,2023-06-18,1700084.0,村上 宗隆,55.0,三,2,1.0,1.0,4.0,4.0,0.0,3.0,2.0,0.0,0.0,0.0,0.0,,0.0,1.0,0.0,0.0,0.0,0.0,,,,,,,,,,,,,,,,,,,,,,
2023,2021013055,2023-06-18,1700089.0,宮本 丈,39.0,打左,2,1.0,0.0,2.0,1.0,0.0,0.0,0.0,0.0,0.0,0.0,0.0,,1.0,1.0,0.0,0.0,0.0,0.0,,,,,,,,,,,,,,,,,,,,,,
2023,2021013055,2023-06-18,1700111.0,福田 周平,1.0,中,11,1.0,1.0,5.0,4.0,1.0,1.0,0.0,0.0,0.0,1.0,0.0,,1.0,0.0,0.0,0.0,0.0,0.0,,,,,,,,,,,,,,,,,,,,,,
2023,2021013055,2023-06-18,1800035.0,市川 悠太,40.0,投,2,1.0,0.0,0.0,0.0,0.0,0.0,0.0,0.0,0.0,0.0,0.0,,0.0,0.0,0.0,0.0,0.0,0.0,5.0,1.0,0.0,0.0,2.0,6.17,2.0,2.0,,,0.0,0.0,0.0,0.0,0.0,,0.0,1.0,0.0,,6.0,28.0
2023,2021013055,2023-06-18,1800099.0,頓宮 裕真,44.0,一,11,1.0,1.0,4.0,4.0,1.0,1.0,0.0,0.0,1.0,1.0,0.0,,0.0,0.0,0.0,0.0,0.0,0.0,,,,,,,,,,,,,,,,,,,,,,
2023,2021013055,2023-06-18,1800104.0,中川 圭太,67.0,右,11,1.0,1.0,4.0,4.0,0.0,0.0,0.0,0.0,0.0,0.0,0.0,,0.0,1.0,0.0,0.0,0.0,0.0,,,,,,,,,,,,,,,,,,,,,,
2023,2021013055,2023-06-18,1900028.0,長岡 秀樹,7.0,遊,2,1.0,1.0,4.0,4.0,0.0,1.0,0.0,0.0,0.0,0.0,0.0,,0.0,1.0,0.0,0.0,0.0,0.0,,,,,,,,,,,,,,,,,,,,,,
2023,2021013055,2023-06-18,1900087.0,宮城 大弥,13.0,投,11,1.0,1.0,2.0,2.0,0.0,1.0,0.0,0.0,0.0,0.0,0.0,,0.0,0.0,0.0,0.0,0.0,0.0,1.0,1.0,,6.0,2.0,2.51,6.0,6.0,,,0.0,7.0,0.0,0.0,0.0,,2.0,5.0,0.0,,26.0,93.0
2023,2021013055,2023-06-18,1900088.0,紅林 弘太郎,24.0,遊,11,1.0,1.0,4.0,3.0,0.0,1.0,0.0,0.0,0.0,0.0,0.0,,0.0,0.0,0.0,1.0,0.0,0.0,,,,,,,,,,,,,,,,,,,,,,
2023,2021013055,2023-06-18,2000026.0,内山 壮真,33.0,中,2,1.0,1.0,4.0,4.0,0.0,0.0,0.0,0.0,0.0,0.0,0.0,,0.0,1.0,0.0,0.0,0.0,0.0,,,,,,,,,,,,,,,,,,,,,,
2023,2021013055,2023-06-18,2000033.0,丸山 翔大,68.0,投,2,1.0,0.0,0.0,0.0,0.0,0.0,0.0,0.0,0.0,0.0,0.0,,0.0,0.0,0.0,0.0,0.0,0.0,3.0,1.0,0.0,0.0,0.0,3.63,0.3333333333333333,0.1,,,0.0,0.0,3.0,3.0,0.0,,2.0,0.0,1.0,,4.0,19.0
2023,2021013055,2023-06-18,2000104.0,宇田川 優希,96.0,投,11,1.0,0.0,0.0,0.0,0.0,0.0,0.0,0.0,0.0,0.0,0.0,,0.0,0.0,0.0,0.0,0.0,0.0,2.0,1.0,0.0,0.0,0.0,1.86,1.0,1.0,,,0.0,0.0,0.0,0.0,0.0,,1.0,1.0,0.0,,4.0,15.0
2023,2021013055,2023-06-18,2000133.0,オスナ,13.0,一,2,1.0,1.0,4.0,4.0,0.0,0.0,0.0,0.0,0.0,0.0,0.0,,0.0,1.0,0.0,0.0,0.0,0.0,,,,,,,,,,,,,,,,,,,,,,
2023,2021013055,2023-06-18,2000135.0,サンタナ,25.0,右,2,1.0,1.0,4.0,4.0,0.0,0.0,0.0,0.0,0.0,0.0,0.0,,0.0,0.0,0.0,0.0,0.0,0.0,,,,,,,,,,,,,,,,,,,,,,
2023,2021013055,2023-06-18,2107897.0,茶野 篤政,61.0,打,11,1.0,0.0,1.0,0.0,1.0,0.0,0.0,0.0,0.0,0.0,0.0,,1.0,0.0,0.0,0.0,0.0,0.0,,,,,,,,,,,,,,,,,,,,,,
2023,2021013056,2023-06-18,1200053.0,宮崎 敏郎,51.0,三,3,1.0,1.0,3.0,3.0,1.0,1.0,0.0,0.0,1.0,2.0,0.0,,0.0,0.0,0.0,0.0,0.0,0.0,,,,,,,,,,,,,,,,,,,,,,
2023,2021013056,2023-06-18,1300038.0,関根 大気,63.0,中左,3,1.0,1.0,4.0,3.0,2.0,1.0,0.0,0.0,0.0,0.0,1.0,,1.0,0.0,0.0,0.0,0.0,0.0,,,,,,,,,,,,,,,,,,,,,,
2023,2021013056,2023-06-18,1300044.0,岡 大海,25.0,右,9,1.0,1.0,4.0,3.0,0.0,0.0,0.0,0.0,0.0,0.0,1.0,,1.0,1.0,0.0,0.0,0.0,0.0,,,,,,,,,,,,,,,,,,,,,,
2023,2021013056,2023-06-18,1400109.0,山崎 康晃,19.0,投,3,1.0,0.0,0.0,0.0,0.0,0.0,0.0,0.0,0.0,0.0,0.0,,0.0,0.0,0.0,0.0,0.0,0.0,5.0,1.0,0.0,0.0,3.0,4.5,1.0,1.0,,,16.0,1.0,0.0,0.0,0.0,,0.0,1.0,0.0,,4.0,17.0
2023,2021013056,2023-06-18,1400110.0,石田 健大,14.0,投,3,1.0,1.0,1.0,1.0,0.0,0.0,0.0,0.0,0.0,0.0,0.0,,0.0,1.0,0.0,0.0,0.0,0.0,1.0,1.0,,2.0,3.0,2.08,5.0,5.0,,,0.0,1.0,1.0,1.0,1.0,,3.0,7.0,0.0,,19.0,82.0
2023,2021013056,2023-06-18,1400188.0,中村 奨吾,8.0,二,9,1.0,1.0,4.0,3.0,1.0,1.0,0.0,0.0,1.0,1.0,0.0,,1.0,1.0,0.0,0.0,0.0,0.0,,,,,,,,,,,,,,,,,,,,,,
2023,2021013056,2023-06-18,1500063.0,柴田 竜拓,31.0,三,3,1.0,0.0,1.0,1.0,0.0,0.0,0.0,0.0,0.0,0.0,0.0,,0.0,0.0,0.0,0.0,0.0,0.0,,,,,,,,,,,,,,,,,,,,,,
2023,2021013056,2023-06-18,1500064.0,戸柱 恭孝,10.0,捕,3,1.0,1.0,4.0,3.0,0.0,0.0,0.0,0.0,0.0,0.0,0.0,,0.0,1.0,0.0,1.0,0.0,0.0,,,,,,,,,,,,,,,,,,,,,,
2023,2021013056,2023-06-18,1500141.0,茶谷 健太,67.0,一,9,1.0,1.0,3.0,3.0,0.0,0.0,0.0,0.0,0.0,0.0,0.0,,0.0,0.0,0.0,0.0,0.0,0.0,,,,,,,,,,,,,,,,,,,,,,
2023,2021013056,2023-06-18,1561880.0,ウェンデルケン,49.0,投,3,1.0,0.0,0.0,0.0,0.0,0.0,0.0,0.0,0.0,0.0,0.0,,0.0,0.0,0.0,0.0,0.0,0.0,3.0,1.0,0.0,1.0,1.0,2.05,1.0,1.0,,,0.0,0.0,0.0,0.0,0.0,,0.0,0.0,0.0,,3.0,7.0
2023,2021013056,2023-06-18,1600089.0,佐野 恵太,7.0,左一,3,1.0,1.0,4.0,4.0,1.0,1.0,0.0,0.0,0.0,0.0,0.0,,0.0,2.0,0.0,0.0,0.0,0.0,,,,,,,,,,,,,,,,,,,,,,
2023,2021013056,2023-06-18,1600096.0,森原 康平,68.0,投,3,1.0,0.0,0.0,0.0,0.0,0.0,0.0,0.0,0.0,0.0,0.0,,0.0,0.0,0.0,0.0,0.0,0.0,2.0,1.0,0.0,2.0,0.0,3.75,1.0,1.0,,,0.0,0.0,0.0,0.0,0.0,,0.0,0.0,0.0,,3.0,12.0
2023,2021013056,2023-06-18,1600107.0,京田 陽太,98.0,遊,3,1.0,1.0,4.0,3.0,0.0,0.0,0.0,0.0,0.0,0.0,0.0,,1.0,0.0,0.0,0.0,0.0,0.0,,,,,,,,,,,,,,,,,,,,,,
2023,2021013056,2023-06-18,1700020.0,ソト,99.0,一,3,1.0,1.0,2.0,2.0,0.0,1.0,0.0,0.0,0.0,0.0,0.0,,0.0,0.0,0.0,0.0,0.0,0.0,,,,,,,,,,,,,,,,,,,,,,
2023,2021013056,2023-06-18,1700059.0,神里 和毅,8.0,走中,3,1.0,0.0,2.0,2.0,0.0,1.0,0.0,1.0,0.0,2.0,0.0,,0.0,0.0,0.0,0.0,0.0,0.0,,,,,,,,,,,,,,,,,,,,,,
2023,2021013056,2023-06-18,1700065.0,楠本 泰史,37.0,右,3,1.0,1.0,4.0,3.0,0.0,0.0,0.0,0.0,0.0,0.0,0.0,,0.0,3.0,0.0,1.0,0.0,0.0,,,,,,,,,,,,,,,,,,,,,,
2023,2021013056,2023-06-18,1700092.0,安田 尚憲,5.0,三,9,1.0,1.0,3.0,2.0,0.0,0.0,0.0,0.0,0.0,0.0,0.0,,1.0,1.0,0.0,0.0,0.0,0.0,,,,,,,,,,,,,,,,,,,,,,
2023,2021013056,2023-06-18,1700093.0,藤岡 裕大,4.0,遊,9,1.0,1.0,4.0,4.0,0.0,1.0,0.0,0.0,0.0,0.0,0.0,,0.0,2.0,0.0,0.0,0.0,0.0,,,,,,,,,,,,,,,,,,,,,,
2023,2021013056,2023-06-18,1800050.0,藤原 恭大,1.0,中,9,1.0,1.0,4.0,4.0,0.0,0.0,0.0,0.0,0.0,0.0,0.0,,0.0,0.0,0.0,0.0,0.0,0.0,,,,,,,,,,,,,,,,,,,,,,
2023,2021013056,2023-06-18,1800051.0,東妻 勇輔,24.0,投,9,1.0,0.0,0.0,0.0,0.0,0.0,0.0,0.0,0.0,0.0,0.0,,0.0,0.0,0.0,0.0,0.0,0.0,3.0,1.0,0.0,0.0,1.0,2.4,1.0,1.0,,,0.0,3.0,2.0,2.0,0.0,,0.0,0.0,0.0,,6.0,23.0
2023,2021013056,2023-06-18,1800053.0,山口 航輝,51.0,左,9,1.0,1.0,4.0,4.0,0.0,0.0,0.0,0.0,0.0,0.0,0.0,,0.0,0.0,0.0,0.0,0.0,0.0,,,,,,,,,,,,,,,,,,,,,,
2023,2021013056,2023-06-18,1900032.0,伊勢 大夢,13.0,投,3,1.0,0.0,0.0,0.0,0.0,0.0,0.0,0.0,0.0,0.0,0.0,,0.0,0.0,0.0,0.0,0.0,0.0,4.0,1.0,0.0,2.0,1.0,1.52,1.0,1.0,,,1.0,1.0,0.0,0.0,0.0,,0.0,0.0,0.0,,3.0,13.0
2023,2021013056,2023-06-18,1900035.0,蝦名 達夫,61.0,打右,3,1.0,0.0,1.0,1.0,0.0,1.0,0.0,0.0,0.0,0.0,0.0,,0.0,0.0,0.0,0.0,0.0,0.0,,,,,,,,,,,,,,,,,,,,,,
2023,2021013056,2023-06-18,1900080.0,佐々木 朗希,17.0,投,9,1.0,1.0,2.0,2.0,0.0,0.0,0.0,0.0,0.0,0.0,0.0,,0.0,2.0,0.0,0.0,0.0,0.0,1.0,1.0,,5.0,2.0,1.89,6.0,6.0,,,0.0,6.0,4.0,4.0,1.0,,1.0,7.0,0.0,,24.0,96.0
2023,2021013056,2023-06-18,1900081.0,佐藤 都志也,32.0,捕,9,1.0,1.0,3.0,3.0,0.0,0.0,0.0,0.0,0.0,0.0,0.0,,0.0,1.0,0.0,0.0,0.0,0.0,,,,,,,,,,,,,,,,,,,,,,
2023,2021013056,2023-06-18,1900083.0,横山 陸人,60.0,投,9,1.0,0.0,0.0,0.0,0.0,0.0,0.0,0.0,0.0,0.0,0.0,,0.0,0.0,0.0,0.0,0.0,0.0,2.0,1.0,0.0,0.0,0.0,4.0,1.0,1.0,,,0.0,1.0,0.0,0.0,0.0,,1.0,1.0,0.0,,5.0,17.0
2023,2021013056,2023-06-18,1900126.0,オースティン,3.0,打,3,1.0,0.0,1.0,1.0,0.0,0.0,0.0,0.0,0.0,0.0,0.0,,0.0,1.0,0.0,0.0,0.0,0.0,,,,,,,,,,,,,,,,,,,,,,
2023,2021013056,2023-06-18,2000035.0,牧 秀悟,2.0,二,3,1.0,1.0,4.0,4.0,2.0,4.0,2.0,1.0,0.0,2.0,0.0,,0.0,0.0,0.0,0.0,0.0,0.0,,,,,,,,,,,,,,,,,,,,,,
2023,2021013056,2023-06-18,2103693.0,池田 来翔,0.0,一,9,1.0,0.0,1.0,1.0,0.0,1.0,0.0,0.0,0.0,0.0,0.0,,0.0,0.0,0.0,0.0,0.0,0.0,,,,,,,,,,,,,,,,,,,,,,
2023,2021013057,2023-06-18,700035.0,福田 永将,55.0,打,4,1.0,0.0,1.0,0.0,0.0,0.0,0.0,0.0,0.0,0.0,0.0,,1.0,0.0,0.0,0.0,0.0,0.0,,,,,,,,,,,,,,,,,,,,,,
2023,2021013057,2023-06-18,900410.0,大島 洋平,8.0,左,4,1.0,1.0,4.0,4.0,0.0,0.0,0.0,0.0,0.0,0.0,0.0,,0.0,1.0,0.0,0.0,0.0,0.0,,,,,,,,,,,,,,,,,,,,,,
2023,2021013057,2023-06-18,1100095.0,松本 剛,7.0,左,8,1.0,1.0,5.0,5.0,0.0,1.0,0.0,0.0,0.0,1.0,0.0,,0.0,0.0,0.0,0.0,0.0,0.0,,,,,,,,,,,,,,,,,,,,,,
2023,2021013057,2023-06-18,1200055.0,福谷 浩司,24.0,投,4,1.0,1.0,1.0,1.0,0.0,0.0,0.0,0.0,0.0,0.0,0.0,,0.0,0.0,0.0,0.0,0.0,0.0,1.0,1.0,,3.0,4.0,3.96,6.0,6.0,,,0.0,5.0,2.0,2.0,0.0,,2.0,2.0,0.0,,24.0,85.0
2023,2021013057,2023-06-18,1200059.0,溝脇 隼人,48.0,二,4,1.0,0.0,1.0,1.0,0.0,0.0,0.0,0.0,0.0,0.0,0.0,,0.0,0.0,0.0,0.0,0.0,0.0,,,,,,,,,,,,,,,,,,,,,,
2023,2021013057,2023-06-18,1200080.0,谷内 亮太,32.0,三,8,1.0,0.0,0.0,0.0,0.0,0.0,0.0,0.0,0.0,0.0,0.0,,0.0,0.0,0.0,0.0,0.0,0.0,,,,,,,,,,,,,,,,,,,,,,
2023,2021013057,2023-06-18,1200097.0,加藤 翔平,52.0,左,4,1.0,0.0,0.0,0.0,0.0,0.0,0.0,0.0,0.0,0.0,0.0,,0.0,0.0,0.0,0.0,0.0,0.0,,,,,,,,,,,,,,,,,,,,,,
2023,2021013057,2023-06-18,1251037.0,上川畑 大悟,4.0,遊,8,1.0,1.0,4.0,3.0,0.0,0.0,0.0,0.0,0.0,0.0,0.0,,1.0,1.0,0.0,0.0,0.0,0.0,,,,,,,,,,,,,,,,,,,,,,
2023,2021013057,2023-06-18,1300066.0,祖父江 大輔,33.0,投,4,1.0,0.0,0.0,0.0,0.0,0.0,0.0,0.0,0.0,0.0,0.0,,0.0,0.0,0.0,0.0,0.0,0.0,2.0,1.0,0.0,2.0,3.0,2.92,0.6666666666666666,0.2,,,0.0,2.0,2.0,2.0,0.0,,2.0,1.0,0.0,,6.0,28.0
2023,2021013057,2023-06-18,1300094.0,杉浦 稔大,22.0,投,8,1.0,0.0,0.0,0.0,0.0,0.0,0.0,0.0,0.0,0.0,0.0,,0.0,0.0,0.0,0.0,0.0,0.0,4.0,1.0,0.0,0.0,1.0,1.46,1.0,1.0,,,0.0,0.0,0.0,0.0,0.0,,1.0,2.0,0.0,,4.0,22.0
2023,2021013057,2023-06-18,1400170.0,江越 大賀,37.0,中,8,1.0,1.0,3.0,3.0,0.0,2.0,0.0,0.0,0.0,0.0,1.0,,0.0,0.0,0.0,0.0,0.0,0.0,,,,,,,,,,,,,,,,,,,,,,
2023,2021013057,2023-06-18,1560396.0,ハンソン,94.0,打,8,1.0,0.0,1.0,1.0,0.0,0.0,0.0,0.0,0.0,0.0,0.0,,0.0,0.0,0.0,0.0,0.0,0.0,,,,,,,,,,,,,,,,,,,,,,
2023,2021013057,2023-06-18,1600085.0,細川 成也,0.0,右,4,1.0,1.0,4.0,4.0,0.0,0.0,0.0,0.0,0.0,0.0,0.0,,0.0,3.0,0.0,0.0,0.0,0.0,,,,,,,,,,,,,,,,,,,,,,
2023,2021013057,2023-06-18,1600134.0,石井 一成,38.0,二,8,1.0,1.0,4.0,3.0,1.0,0.0,0.0,0.0,0.0,0.0,0.0,,1.0,2.0,0.0,0.0,0.0,0.0,,,,,,,,,,,,,,,,,,,,,,
2023,2021013057,2023-06-18,1600138.0,郡 拓也,60.0,打一,8,1.0,0.0,1.0,1.0,0.0,0.0,0.0,0.0,0.0,0.0,0.0,,0.0,0.0,0.0,0.0,0.0,0.0,,,,,,,,,,,,,,,,,,,,,,
2023,2021013057,2023-06-18,1600139.0,玉井 大翔,19.0,投,8,1.0,0.0,0.0,0.0,0.0,0.0,0.0,0.0,0.0,0.0,0.0,,0.0,0.0,0.0,0.0,0.0,0.0,3.0,1.0,0.0,0.0,2.0,2.25,1.0,1.0,,,1.0,1.0,0.0,0.0,0.0,,0.0,0.0,0.0,,4.0,11.0
2023,2021013057,2023-06-18,1700025.0,清宮 幸太郎,21.0,三一,8,1.0,1.0,4.0,3.0,2.0,2.0,0.0,0.0,0.0,0.0,0.0,,1.0,0.0,0.0,0.0,0.0,0.0,,,,,,,,,,,,,,,,,,,,,,
2023,2021013057,2023-06-18,1700105.0,伊藤 康祐,49.0,走,4,1.0,0.0,0.0,0.0,0.0,0.0,0.0,0.0,0.0,0.0,0.0,,0.0,0.0,0.0,0.0,0.0,0.0,,,,,,,,,,,,,,,,,,,,,,
2023,2021013057,2023-06-18,1750223.0,村松 開人,5.0,二,4,1.0,1.0,3.0,3.0,0.0,0.0,0.0,0.0,0.0,0.0,0.0,,0.0,2.0,0.0,0.0,0.0,0.0,,,,,,,,,,,,,,,,,,,,,,
2023,2021013057,2023-06-18,1750903.0,北山 亘基,57.0,投,8,1.0,1.0,3.0,3.0,0.0,0.0,0.0,0.0,0.0,0.0,0.0,,0.0,1.0,0.0,0.0,0.0,0.0,1.0,1.0,,4.0,3.0,2.03,6.666666666666667,6.2,,,0.0,1.0,0.0,0.0,0.0,,2.0,7.0,0.0,,23.0,104.0
2023,2021013057,2023-06-18,1800008.0,マルティネス,2.0,捕,8,1.0,1.0,4.0,4.0,0.0,1.0,0.0,0.0,0.0,1.0,0.0,,0.0,1.0,0.0,0.0,0.0,0.0,,,,,,,,,,,,,,,,,,,,,,
2023,2021013057,2023-06-18,1800062.0,石橋 康太,58.0,捕,4,1.0,1.0,3.0,3.0,0.0,2.0,0.0,0.0,0.0,0.0,0.0,,0.0,1.0,0.0,0.0,0.0,0.0,,,,,,,,,,,,,,,,,,,,,,
2023,2021013057,2023-06-18,1800093.0,万波 中正,66.0,右,8,1.0,1.0,4.0,4.0,0.0,1.0,0.0,0.0,0.0,1.0,0.0,,0.0,0.0,0.0,0.0,0.0,0.0,,,,,,,,,,,,,,,,,,,,,,
2023,2021013057,2023-06-18,1900037.0,石川 昂弥,25.0,一,4,1.0,1.0,4.0,4.0,0.0,0.0,0.0,0.0,0.0,0.0,0.0,,0.0,1.0,0.0,0.0,0.0,0.0,,,,,,,,,,,,,,,,,,,,,,
2023,2021013057,2023-06-18,1900041.0,岡林 勇希,60.0,中,4,1.0,1.0,4.0,2.0,0.0,0.0,0.0,0.0,0.0,0.0,0.0,,2.0,0.0,0.0,0.0,0.0,1.0,,,,,,,,,,,,,,,,,,,,,,
2023,2021013057,2023-06-18,1900070.0,河野 竜生,28.0,投,8,1.0,0.0,0.0,0.0,0.0,0.0,0.0,0.0,0.0,0.0,0.0,,0.0,0.0,0.0,0.0,0.0,0.0,2.0,1.0,0.0,0.0,1.0,0.9,0.3333333333333333,0.1,,,0.0,0.0,0.0,0.0,0.0,,0.0,1.0,0.0,,1.0,6.0
2023,2021013057,2023-06-18,1961860.0,加藤 豪将,3.0,一,8,1.0,1.0,4.0,2.0,1.0,0.0,0.0,0.0,0.0,0.0,0.0,,2.0,0.0,0.0,0.0,0.0,0.0,,,,,,,,,,,,,,,,,,,,,,
2023,2021013057,2023-06-18,2000044.0,龍空,45.0,遊,4,1.0,1.0,3.0,3.0,0.0,0.0,0.0,0.0,0.0,0.0,0.0,,0.0,0.0,0.0,0.0,0.0,0.0,,,,,,,,,,,,,,,,,,,,,,
2023,2021013057,2023-06-18,2000049.0,上田 洸太朗,67.0,投,4,1.0,0.0,0.0,0.0,0.0,0.0,0.0,0.0,0.0,0.0,0.0,,0.0,0.0,0.0,0.0,0.0,0.0,4.0,1.0,0.0,0.0,0.0,0.0,2.0,2.0,,,0.0,0.0,0.0,0.0,0.0,,1.0,2.0,0.0,,7.0,24.0
2023,2021013057,2023-06-18,2000082.0,細川 凌平,56.0,打中,8,1.0,0.0,1.0,1.0,0.0,0.0,0.0,0.0,0.0,0.0,0.0,,0.0,0.0,0.0,0.0,0.0,0.0,,,,,,,,,,,,,,,,,,,,,,
2023,2021013057,2023-06-18,2103633.0,味谷 大誠,43.0,捕,4,1.0,0.0,0.0,0.0,0.0,0.0,0.0,0.0,0.0,0.0,0.0,,0.0,0.0,0.0,0.0,0.0,0.0,,,,,,,,,,,,,,,,,,,,,,
2023,2021013057,2023-06-18,2103780.0,福永 裕基,68.0,三,4,1.0,1.0,4.0,4.0,0.0,0.0,0.0,0.0,0.0,0.0,0.0,,0.0,2.0,0.0,0.0,0.0,0.0,,,,,,,,,,,,,,,,,,,,,,
2023,2021013057,2023-06-18,2107869.0,松山 晋也,90.0,投,4,1.0,0.0,0.0,0.0,0.0,0.0,0.0,0.0,0.0,0.0,0.0,,0.0,0.0,0.0,0.0,0.0,0.0,3.0,1.0,0.0,0.0,0.0,0.0,0.3333333333333333,0.1,,,0.0,0.0,0.0,0.0,0.0,,0.0,0.0,0.0,,1.0,4.0
2023,2021013058,2023-06-18,800081.0,中村 晃,7.0,一,12,1.0,1.0,6.0,4.0,2.0,2.0,0.0,0.0,0.0,1.0,0.0,,2.0,0.0,0.0,0.0,0.0,0.0,,,,,,,,,,,,,,,,,,,,,,
2023,2021013058,2023-06-18,1000035.0,今宮 健太,6.0,遊,12,1.0,1.0,5.0,4.0,1.0,3.0,0.0,0.0,0.0,1.0,0.0,,1.0,1.0,0.0,0.0,0.0,0.0,,,,,,,,,,,,,,,,,,,,,,
2023,2021013058,2023-06-18,1000128.0,柳田 悠岐,9.0,右,12,1.0,1.0,4.0,4.0,0.0,0.0,0.0,0.0,0.0,0.0,0.0,,0.0,0.0,0.0,0.0,0.0,0.0,,,,,,,,,,,,,,,,,,,,,,
2023,2021013058,2023-06-18,1000164.0,島本 浩也,46.0,投,5,1.0,0.0,0.0,0.0,0.0,0.0,0.0,0.0,0.0,0.0,0.0,,0.0,0.0,0.0,0.0,0.0,0.0,2.0,1.0,0.0,2.0,0.0,0.0,1.0,1.0,,,0.0,0.0,0.0,0.0,0.0,,0.0,1.0,0.0,,3.0,15.0
2023,2021013058,2023-06-18,1000175.0,牧原 大成,8.0,二,12,1.0,1.0,5.0,5.0,1.0,3.0,1.0,0.0,0.0,2.0,0.0,,0.0,2.0,0.0,0.0,0.0,0.0,,,,,,,,,,,,,,,,,,,,,,
2023,2021013058,2023-06-18,1000176.0,甲斐 拓也,19.0,捕,12,1.0,1.0,5.0,5.0,1.0,1.0,1.0,0.0,0.0,0.0,0.0,,0.0,3.0,0.0,0.0,0.0,0.0,,,,,,,,,,,,,,,,,,,,,,
2023,2021013058,2023-06-18,1100097.0,近藤 健介,3.0,左,12,1.0,1.0,6.0,4.0,1.0,1.0,1.0,0.0,0.0,2.0,0.0,,2.0,1.0,0.0,0.0,0.0,0.0,,,,,,,,,,,,,,,,,,,,,,
2023,2021013058,2023-06-18,1100115.0,武田 翔太,18.0,投,12,1.0,0.0,0.0,0.0,0.0,0.0,0.0,0.0,0.0,0.0,0.0,,0.0,0.0,0.0,0.0,0.0,0.0,5.0,1.0,0.0,1.0,2.0,5.79,1.0,1.0,,,0.0,0.0,0.0,0.0,0.0,,1.0,1.0,0.0,,4.0,20.0
2023,2021013058,2023-06-18,1300042.0,渡邉 諒,25.0,打,5,1.0,0.0,1.0,1.0,0.0,0.0,0.0,0.0,0.0,0.0,0.0,,0.0,0.0,0.0,0.0,0.0,0.0,,,,,,,,,,,,,,,,,,,,,,
2023,2021013058,2023-06-18,1300073.0,梅野 隆太郎,2.0,捕,5,1.0,1.0,3.0,3.0,0.0,0.0,0.0,0.0,0.0,0.0,0.0,,0.0,1.0,0.0,0.0,0.0,0.0,,,,,,,,,,,,,,,,,,,,,,
2023,2021013058,2023-06-18,1300076.0,加治屋 蓮,54.0,投,5,1.0,0.0,0.0,0.0,0.0,0.0,0.0,0.0,0.0,0.0,0.0,,0.0,0.0,0.0,0.0,0.0,0.0,3.0,1.0,0.0,0.0,1.0,1.45,0.3333333333333333,0.1,,,1.0,2.0,3.0,3.0,0.0,,1.0,0.0,0.0,,4.0,17.0
2023,2021013058,2023-06-18,1300079.0,上林 誠知,51.0,右,12,1.0,0.0,2.0,1.0,0.0,0.0,0.0,0.0,0.0,1.0,0.0,,0.0,1.0,0.0,0.0,1.0,0.0,,,,,,,,,,,,,,,,,,,,,,
2023,2021013058,2023-06-18,1300093.0,嶺井 博希,12.0,打捕,12,1.0,0.0,1.0,1.0,0.0,1.0,0.0,0.0,0.0,1.0,0.0,,0.0,0.0,0.0,0.0,0.0,0.0,,,,,,,,,,,,,,,,,,,,,,
2023,2021013058,2023-06-18,1400127.0,栗原 陵矢,24.0,三,12,1.0,1.0,4.0,2.0,0.0,0.0,0.0,0.0,0.0,0.0,0.0,,1.0,0.0,1.0,0.0,0.0,0.0,,,,,,,,,,,,,,,,,,,,,,
2023,2021013058,2023-06-18,1500143.0,川瀬 晃,0.0,走二,12,1.0,0.0,1.0,1.0,1.0,0.0,0.0,0.0,0.0,0.0,0.0,,0.0,1.0,0.0,0.0,0.0,0.0,,,,,,,,,,,,,,,,,,,,,,
2023,2021013058,2023-06-18,1550517.0,大津 亮介,26.0,投,12,1.0,0.0,0.0,0.0,0.0,0.0,0.0,0.0,0.0,0.0,0.0,,0.0,0.0,0.0,0.0,0.0,0.0,2.0,1.0,0.0,1.0,0.0,2.78,0.6666666666666666,0.2,,,0.0,0.0,0.0,0.0,0.0,,0.0,0.0,0.0,,1.0,1.0
2023,2021013058,2023-06-18,1600113.0,大山 悠輔,3.0,一,5,1.0,1.0,4.0,4.0,0.0,1.0,0.0,0.0,0.0,0.0,1.0,,0.0,2.0,0.0,0.0,0.0,1.0,,,,,,,,,,,,,,,,,,,,,,
2023,2021013058,2023-06-18,1600115.0,才木 浩人,35.0,投,5,1.0,1.0,1.0,1.0,0.0,0.0,0.0,0.0,0.0,0.0,0.0,,0.0,1.0,0.0,0.0,0.0,0.0,1.0,1.0,,5.0,3.0,1.41,5.0,5.0,,,0.0,2.0,0.0,0.0,0.0,,4.0,7.0,0.0,,22.0,102.0
2023,2021013058,2023-06-18,1600116.0,浜地 真澄,36.0,投,5,1.0,0.0,0.0,0.0,0.0,0.0,0.0,0.0,0.0,0.0,0.0,,0.0,0.0,0.0,0.0,0.0,0.0,5.0,1.0,0.0,2.0,1.0,8.44,1.3333333333333333,1.1,,,0.0,4.0,2.0,2.0,0.0,,0.0,1.0,0.0,,8.0,35.0
2023,2021013058,2023-06-18,1600167.0,三森 大貴,13.0,打,12,1.0,0.0,1.0,1.0,0.0,0.0,0.0,0.0,0.0,0.0,0.0,,0.0,0.0,0.0,0.0,0.0,0.0,,,,,,,,,,,,,,,,,,,,,,
2023,2021013058,2023-06-18,1700135.0,周東 佑京,23.0,走中,12,1.0,0.0,1.0,1.0,1.0,0.0,0.0,0.0,0.0,0.0,0.0,,0.0,0.0,0.0,0.0,0.0,0.0,,,,,,,,,,,,,,,,,,,,,,
2023,2021013058,2023-06-18,1800065.0,近本 光司,5.0,中,5,1.0,1.0,4.0,4.0,0.0,1.0,0.0,0.0,0.0,0.0,2.0,,0.0,2.0,0.0,0.0,0.0,0.0,,,,,,,,,,,,,,,,,,,,,,
2023,2021013058,2023-06-18,1800066.0,小幡 竜平,38.0,打,5,1.0,0.0,1.0,1.0,0.0,0.0,0.0,0.0,0.0,0.0,0.0,,0.0,0.0,0.0,0.0,0.0,0.0,,,,,,,,,,,,,,,,,,,,,,
2023,2021013058,2023-06-18,1800067.0,木浪 聖也,0.0,遊,5,1.0,1.0,3.0,3.0,0.0,1.0,0.0,0.0,0.0,0.0,0.0,,0.0,2.0,0.0,0.0,0.0,0.0,,,,,,,,,,,,,,,,,,,,,,
2023,2021013058,2023-06-18,1800106.0,甲斐野 央,20.0,投,12,1.0,0.0,0.0,0.0,0.0,0.0,0.0,0.0,0.0,0.0,0.0,,0.0,0.0,0.0,0.0,0.0,0.0,4.0,1.0,0.0,0.0,0.0,2.08,1.0,1.0,,,0.0,0.0,0.0,0.0,0.0,,0.0,2.0,0.0,,3.0,15.0
2023,2021013058,2023-06-18,1800108.0,野村 大樹,55.0,打,12,1.0,0.0,1.0,1.0,0.0,1.0,0.0,0.0,0.0,0.0,0.0,,0.0,0.0,0.0,0.0,0.0,0.0,,,,,,,,,,,,,,,,,,,,,,
2023,2021013058,2023-06-18,1900010.0,スチュワート・ジュニア,2.0,投,12,1.0,1.0,2.0,2.0,0.0,0.0,0.0,0.0,0.0,0.0,0.0,,0.0,2.0,0.0,0.0,0.0,0.0,1.0,1.0,,0.0,0.0,0.0,5.333333333333333,5.1,,,0.0,6.0,0.0,0.0,0.0,,2.0,8.0,0.0,,23.0,108.0
2023,2021013058,2023-06-18,1900046.0,及川 雅貴,37.0,投,5,1.0,0.0,0.0,0.0,0.0,0.0,0.0,0.0,0.0,0.0,0.0,,0.0,0.0,0.0,0.0,0.0,0.0,4.0,1.0,0.0,2.0,1.0,3.05,0.3333333333333333,0.1,,,0.0,2.0,2.0,2.0,0.0,,0.0,0.0,1.0,,4.0,17.0
2023,2021013058,2023-06-18,1900050.0,小野寺 暖,60.0,打,5,1.0,0.0,1.0,1.0,0.0,0.0,0.0,0.0,0.0,0.0,0.0,,0.0,1.0,0.0,0.0,0.0,0.0,,,,,,,,,,,,,,,,,,,,,,
2023,2021013058,2023-06-18,1900102.0,津森 宥紀,11.0,投,12,1.0,0.0,0.0,0.0,0.0,0.0,0.0,0.0,0.0,0.0,0.0,,0.0,0.0,0.0,0.0,0.0,0.0,3.0,1.0,0.0,3.0,1.0,3.04,1.0,1.0,,,0.0,0.0,0.0,0.0,0.0,,0.0,1.0,0.0,,3.0,9.0
2023,2021013058,2023-06-18,1900104.0,柳町 達,32.0,中,12,1.0,1.0,3.0,3.0,0.0,0.0,0.0,0.0,0.0,0.0,0.0,,0.0,1.0,0.0,0.0,0.0,0.0,,,,,,,,,,,,,,,,,,,,,,
2023,2021013058,2023-06-18,1950996.0,前川 右京,58.0,右,5,1.0,1.0,4.0,4.0,0.0,2.0,1.0,0.0,0.0,0.0,0.0,,0.0,0.0,0.0,0.0,0.0,0.0,,,,,,,,,,,,,,,,,,,,,,
2023,2021013058,2023-06-18,1961194.0,K.ケラー,42.0,投,5,1.0,0.0,0.0,0.0,0.0,0.0,0.0,0.0,0.0,0.0,0.0,,0.0,0.0,0.0,0.0,0.0,0.0,6.0,1.0,0.0,1.0,0.0,2.45,1.0,1.0,,,0.0,3.0,2.0,1.0,0.0,,2.0,3.0,0.0,,8.0,36.0
2023,2021013058,2023-06-18,1961251.0,ミエセス,55.0,左,5,1.0,1.0,3.0,2.0,0.0,1.0,0.0,0.0,0.0,0.0,0.0,,1.0,0.0,0.0,0.0,0.0,0.0,,,,,,,,,,,,,,,,,,,,,,
2023,2021013058,2023-06-18,1961285.0,ノイジー,7.0,左,5,1.0,0.0,1.0,1.0,0.0,0.0,0.0,0.0,0.0,0.0,0.0,,0.0,0.0,0.0,0.0,0.0,1.0,,,,,,,,,,,,,,,,,,,,,,
2023,2021013058,2023-06-18,2000051.0,佐藤 輝明,8.0,三,5,1.0,1.0,4.0,2.0,0.0,0.0,0.0,0.0,0.0,0.0,0.0,,2.0,2.0,0.0,0.0,0.0,0.0,,,,,,,,,,,,,,,,,,,,,,
2023,2021013058,2023-06-18,2000056.0,中野 拓夢,51.0,二,5,1.0,1.0,4.0,4.0,0.0,0.0,0.0,0.0,0.0,0.0,0.0,,0.0,1.0,0.0,0.0,0.0,0.0,,,,,,,,,,,,,,,,,,,,,,
2023,2021013058,2023-06-18,2104035.0,野村 勇,99.0,打三,12,1.0,0.0,2.0,1.0,1.0,1.0,0.0,0.0,0.0,1.0,0.0,,1.0,0.0,0.0,0.0,0.0,0.0,,,,,,,,,,,,,,,,,,,,,,
2023,2021013059,2023-06-18,800041.0,松山 竜平,55.0,打,6,1.0,0.0,1.0,1.0,0.0,0.0,0.0,0.0,0.0,0.0,0.0,,0.0,0.0,0.0,0.0,0.0,0.0,,,,,,,,,,,,,,,,,,,,,,
2023,2021013059,2023-06-18,1000116.0,中崎 翔太,21.0,投,6,1.0,0.0,0.0,0.0,0.0,0.0,0.0,0.0,0.0,0.0,0.0,,0.0,0.0,0.0,0.0,0.0,0.0,2.0,1.0,0.0,0.0,0.0,2.16,1.3333333333333333,1.1,,,0.0,0.0,0.0,0.0,0.0,,0.0,0.0,0.0,,4.0,20.0
2023,2021013059,2023-06-18,1000150.0,秋山 翔吾,9.0,中,6,1.0,1.0,4.0,3.0,2.0,1.0,0.0,0.0,0.0,0.0,0.0,,1.0,1.0,0.0,0.0,0.0,0.0,,,,,,,,,,,,,,,,,,,,,,
2023,2021013059,2023-06-18,1100082.0,菊池 涼介,33.0,二,6,1.0,1.0,4.0,4.0,0.0,0.0,0.0,0.0,0.0,0.0,0.0,,0.0,3.0,0.0,0.0,0.0,0.0,,,,,,,,,,,,,,,,,,,,,,
2023,2021013059,2023-06-18,1200070.0,上本 崇司,0.0,打三,6,1.0,0.0,1.0,1.0,0.0,0.0,0.0,0.0,0.0,0.0,0.0,,0.0,0.0,0.0,0.0,0.0,0.0,,,,,,,,,,,,,,,,,,,,,,
2023,2021013059,2023-06-18,1200082.0,増田 達至,14.0,投,7,1.0,0.0,0.0,0.0,0.0,0.0,0.0,0.0,0.0,0.0,0.0,,0.0,0.0,0.0,0.0,0.0,0.0,4.0,1.0,0.0,2.0,1.0,5.49,1.0,1.0,,,9.0,0.0,0.0,0.0,0.0,,0.0,2.0,0.0,,3.0,14.0
2023,2021013059,2023-06-18,1300059.0,田中 広輔,2.0,三,6,1.0,1.0,3.0,3.0,0.0,1.0,0.0,0.0,0.0,0.0,0.0,,0.0,1.0,0.0,0.0,0.0,0.0,,,,,,,,,,,,,,,,,,,,,,
2023,2021013059,2023-06-18,1300061.0,中村 祐太,67.0,投,6,1.0,0.0,0.0,0.0,0.0,0.0,0.0,0.0,0.0,0.0,0.0,,0.0,0.0,0.0,0.0,0.0,0.0,5.0,1.0,0.0,0.0,0.0,1.29,1.0,1.0,,,0.0,3.0,4.0,0.0,1.0,,0.0,0.0,0.0,,7.0,19.0
2023,2021013059,2023-06-18,1400173.0,野間 峻祥,37.0,右,6,1.0,1.0,4.0,4.0,0.0,0.0,0.0,0.0,0.0,0.0,0.0,,0.0,1.0,0.0,0.0,0.0,0.0,,,,,,,,,,,,,,,,,,,,,,
2023,2021013059,2023-06-18,1400184.0,外崎 修汰,5.0,二,7,1.0,1.0,5.0,4.0,2.0,1.0,0.0,0.0,1.0,2.0,0.0,,0.0,1.0,1.0,0.0,0.0,0.0,,,,,,,,,,,,,,,,,,,,,,
2023,2021013059,2023-06-18,1460004.0,デビッドソン,95.0,打,6,1.0,0.0,1.0,1.0,0.0,0.0,0.0,0.0,0.0,0.0,0.0,,0.0,1.0,0.0,0.0,0.0,0.0,,,,,,,,,,,,,,,,,,,,,,
2023,2021013059,2023-06-18,1500096.0,西川 龍馬,5.0,左,6,1.0,1.0,4.0,4.0,1.0,3.0,1.0,0.0,0.0,0.0,0.0,,0.0,0.0,0.0,0.0,0.0,0.0,,,,,,,,,,,,,,,,,,,,,,
2023,2021013059,2023-06-18,1500112.0,平沼 翔太,31.0,打,7,1.0,0.0,1.0,1.0,0.0,0.0,0.0,0.0,0.0,0.0,0.0,,0.0,0.0,0.0,0.0,0.0,0.0,,,,,,,,,,,,,,,,,,,,,,
2023,2021013059,2023-06-18,1600124.0,坂倉 将吾,31.0,捕,6,1.0,1.0,4.0,4.0,1.0,2.0,0.0,0.0,0.0,2.0,0.0,,0.0,1.0,0.0,0.0,0.0,0.0,,,,,,,,,,,,,,,,,,,,,,
2023,2021013059,2023-06-18,1600129.0,源田 壮亮,6.0,遊,7,1.0,1.0,5.0,4.0,1.0,1.0,0.0,1.0,0.0,0.0,0.0,,0.0,0.0,0.0,1.0,0.0,2.0,,,,,,,,,,,,,,,,,,,,,,
2023,2021013059,2023-06-18,1600130.0,鈴木 将平,46.0,左,7,1.0,1.0,5.0,2.0,2.0,2.0,1.0,0.0,0.0,2.0,0.0,,2.0,0.0,0.0,0.0,1.0,0.0,,,,,,,,,,,,,,,,,,,,,,
2023,2021013059,2023-06-18,1700124.0,平良 海馬,61.0,投,7,1.0,1.0,3.0,3.0,0.0,0.0,0.0,0.0,0.0,0.0,0.0,,0.0,1.0,0.0,0.0,0.0,0.0,1.0,1.0,,5.0,2.0,2.11,7.0,7.0,,,0.0,6.0,3.0,2.0,0.0,,2.0,11.0,0.0,,28.0,127.0
2023,2021013059,2023-06-18,1800074.0,林 晃汰,44.0,一,6,1.0,1.0,4.0,4.0,0.0,1.0,0.0,0.0,0.0,1.0,0.0,,0.0,3.0,0.0,0.0,0.0,0.0,,,,,,,,,,,,,,,,,,,,,,
2023,2021013059,2023-06-18,1800078.0,羽月 隆太郎,69.0,打,6,1.0,0.0,1.0,1.0,0.0,0.0,0.0,0.0,0.0,0.0,0.0,,0.0,1.0,0.0,0.0,0.0,0.0,,,,,,,,,,,,,,,,,,,,,,
2023,2021013059,2023-06-18,1800085.0,森脇 亮介,28.0,投,7,1.0,0.0,0.0,0.0,0.0,0.0,0.0,0.0,0.0,0.0,0.0,,0.0,0.0,0.0,0.0,0.0,0.0,3.0,1.0,0.0,1.0,1.0,1.8,0.6666666666666666,0.2,,,2.0,0.0,0.0,0.0,0.0,,0.0,0.0,0.0,,1.0,5.0
2023,2021013059,2023-06-18,1800086.0,佐藤 龍世,58.0,三,7,1.0,0.0,1.0,1.0,1.0,0.0,0.0,0.0,0.0,0.0,0.0,,0.0,0.0,0.0,0.0,0.0,0.0,,,,,,,,,,,,,,,,,,,,,,
2023,2021013059,2023-06-18,1851151.0,河野 佳,46.0,投,6,1.0,1.0,2.0,2.0,0.0,0.0,0.0,0.0,0.0,0.0,0.0,,0.0,1.0,0.0,0.0,0.0,0.0,1.0,1.0,,0.0,1.0,7.36,5.0,5.0,,,0.0,4.0,5.0,5.0,2.0,,3.0,6.0,1.0,,23.0,92.0
2023,2021013059,2023-06-18,1900068.0,岸 潤一郎,68.0,右,7,1.0,1.0,5.0,5.0,1.0,1.0,0.0,0.0,1.0,2.0,0.0,,0.0,1.0,0.0,0.0,0.0,0.0,,,,,,,,,,,,,,,,,,,,,,
2023,2021013059,2023-06-18,2000061.0,森浦 大輔,13.0,投,6,1.0,0.0,0.0,0.0,0.0,0.0,0.0,0.0,0.0,0.0,0.0,,0.0,0.0,0.0,0.0,0.0,0.0,4.0,1.0,0.0,0.0,0.0,3.12,1.0,1.0,,,0.0,0.0,0.0,0.0,0.0,,1.0,1.0,0.0,,4.0,15.0
2023,2021013059,2023-06-18,2000065.0,矢野 雅哉,61.0,遊,6,1.0,1.0,3.0,2.0,0.0,1.0,0.0,0.0,0.0,0.0,0.0,,1.0,0.0,0.0,0.0,0.0,1.0,,,,,,,,,,,,,,,,,,,,,,
2023,2021013059,2023-06-18,2000067.0,渡部 健人,8.0,一,7,1.0,1.0,5.0,5.0,2.0,2.0,1.0,0.0,1.0,3.0,0.0,,0.0,2.0,0.0,0.0,0.0,0.0,,,,,,,,,,,,,,,,,,,,,,
2023,2021013059,2023-06-18,2000075.0,長谷川 信哉,63.0,中,7,1.0,1.0,4.0,3.0,1.0,1.0,0.0,0.0,1.0,2.0,0.0,,1.0,1.0,0.0,0.0,0.0,0.0,,,,,,,,,,,,,,,,,,,,,,
2023,2021013059,2023-06-18,2103714.0,佐藤 隼輔,19.0,投,7,1.0,0.0,0.0,0.0,0.0,0.0,0.0,0.0,0.0,0.0,0.0,,0.0,0.0,0.0,0.0,0.0,0.0,2.0,1.0,0.0,1.0,1.0,1.93,0.3333333333333333,0.1,,,0.0,3.0,1.0,1.0,0.0,,0.0,0.0,0.0,,4.0,20.0
2023,2021013059,2023-06-18,2103788.0,森 翔平,16.0,投,6,1.0,0.0,0.0,0.0,0.0,0.0,0.0,0.0,0.0,0.0,0.0,,0.0,0.0,0.0,0.0,0.0,0.0,3.0,1.0,0.0,0.0,0.0,27.0,0.6666666666666666,0.2,,,0.0,2.0,2.0,2.0,1.0,,0.0,1.0,0.0,,4.0,11.0
2023,2021013059,2023-06-18,2103949.0,古市 尊,65.0,捕,7,1.0,1.0,4.0,4.0,0.0,0.0,0.0,0.0,0.0,0.0,0.0,,0.0,1.0,0.0,0.0,0.0,0.0,,,,,,,,,,,,,,,,,,,,,,
2023,2021013059,2023-06-18,2108196.0,マキノン,30.0,三,7,1.0,1.0,4.0,3.0,1.0,1.0,0.0,0.0,0.0,0.0,0.0,,1.0,1.0,0.0,0.0,0.0,0.0,,,,,,,,,,,,,,,,,,,,,,
2023,2021013060,2023-06-23,900426.0,原口 文仁,94.0,打,5,1.0,0.0,1.0,1.0,0.0,1.0,0.0,0.0,0.0,0.0,0.0,,0.0,0.0,0.0,0.0,0.0,0.0,,,,,,,,,,,,,,,,,,,,,,
2023,2021013060,2023-06-23,1200053.0,宮崎 敏郎,51.0,三,3,1.0,1.0,4.0,3.0,0.0,2.0,1.0,0.0,0.0,1.0,0.0,,1.0,0.0,0.0,0.0,0.0,0.0,,,,,,,,,,,,,,,,,,,,,,
2023,2021013060,2023-06-23,1300038.0,関根 大気,63.0,中左,3,1.0,1.0,4.0,4.0,0.0,0.0,0.0,0.0,0.0,0.0,0.0,,0.0,0.0,0.0,0.0,0.0,0.0,,,,,,,,,,,,,,,,,,,,,,
2023,2021013060,2023-06-23,1300042.0,渡邉 諒,25.0,打,5,1.0,0.0,1.0,1.0,0.0,0.0,0.0,0.0,0.0,0.0,0.0,,0.0,0.0,0.0,0.0,0.0,0.0,,,,,,,,,,,,,,,,,,,,,,
2023,2021013060,2023-06-23,1300073.0,梅野 隆太郎,2.0,捕,5,1.0,1.0,4.0,4.0,0.0,1.0,0.0,0.0,0.0,0.0,0.0,,0.0,1.0,0.0,0.0,0.0,0.0,,,,,,,,,,,,,,,,,,,,,,
2023,2021013060,2023-06-23,1500061.0,今永 昇太,21.0,投,3,1.0,1.0,4.0,4.0,0.0,1.0,0.0,0.0,0.0,0.0,0.0,,0.0,1.0,0.0,0.0,0.0,0.0,1.0,1.0,,5.0,1.0,2.53,9.0,9.0,,,0.0,6.0,1.0,1.0,1.0,,1.0,10.0,1.0,,35.0,126.0
2023,2021013060,2023-06-23,1500063.0,柴田 竜拓,31.0,走三,3,1.0,0.0,0.0,0.0,0.0,0.0,0.0,0.0,0.0,0.0,0.0,,0.0,0.0,0.0,0.0,0.0,0.0,,,,,,,,,,,,,,,,,,,,,,
2023,2021013060,2023-06-23,1500064.0,戸柱 恭孝,10.0,捕,3,1.0,1.0,4.0,4.0,0.0,0.0,0.0,0.0,0.0,0.0,0.0,,0.0,1.0,0.0,0.0,0.0,0.0,,,,,,,,,,,,,,,,,,,,,,
2023,2021013060,2023-06-23,1600089.0,佐野 恵太,7.0,左一,3,1.0,1.0,4.0,4.0,1.0,1.0,1.0,0.0,0.0,0.0,0.0,,0.0,0.0,0.0,0.0,0.0,0.0,,,,,,,,,,,,,,,,,,,,,,
2023,2021013060,2023-06-23,1600107.0,京田 陽太,98.0,遊,3,1.0,1.0,4.0,3.0,0.0,0.0,0.0,0.0,0.0,0.0,0.0,,1.0,0.0,0.0,0.0,0.0,0.0,,,,,,,,,,,,,,,,,,,,,,
2023,2021013060,2023-06-23,1600113.0,大山 悠輔,3.0,一,5,1.0,1.0,4.0,3.0,1.0,1.0,0.0,0.0,1.0,1.0,0.0,,1.0,1.0,0.0,0.0,0.0,0.0,,,,,,,,,,,,,,,,,,,,,,
2023,2021013060,2023-06-23,1700020.0,ソト,99.0,一,3,1.0,1.0,4.0,3.0,1.0,1.0,0.0,0.0,1.0,1.0,0.0,,1.0,0.0,0.0,0.0,0.0,0.0,,,,,,,,,,,,,,,,,,,,,,
2023,2021013060,2023-06-23,1700059.0,神里 和毅,8.0,中,3,1.0,0.0,0.0,0.0,0.0,0.0,0.0,0.0,0.0,0.0,0.0,,0.0,0.0,0.0,0.0,0.0,0.0,,,,,,,,,,,,,,,,,,,,,,
2023,2021013060,2023-06-23,1700065.0,楠本 泰史,37.0,右,3,1.0,1.0,4.0,3.0,0.0,1.0,0.0,0.0,0.0,0.0,0.0,,1.0,1.0,0.0,0.0,0.0,0.0,,,,,,,,,,,,,,,,,,,,,,
2023,2021013060,2023-06-23,1700077.0,馬場 皐輔,18.0,投,5,1.0,0.0,1.0,1.0,0.0,0.0,0.0,0.0,0.0,0.0,0.0,,0.0,1.0,0.0,0.0,0.0,0.0,2.0,1.0,0.0,0.0,0.0,0.0,2.0,2.0,,,0.0,0.0,0.0,0.0,0.0,,0.0,0.0,0.0,,6.0,27.0
2023,2021013060,2023-06-23,1800065.0,近本 光司,5.0,中,5,1.0,1.0,4.0,4.0,0.0,1.0,0.0,0.0,0.0,0.0,0.0,,0.0,0.0,0.0,0.0,0.0,0.0,,,,,,,,,,,,,,,,,,,,,,
2023,2021013060,2023-06-23,1800066.0,小幡 竜平,38.0,走遊,5,1.0,0.0,0.0,0.0,0.0,0.0,0.0,0.0,0.0,0.0,0.0,,0.0,0.0,0.0,0.0,0.0,0.0,,,,,,,,,,,,,,,,,,,,,,
2023,2021013060,2023-06-23,1800067.0,木浪 聖也,0.0,遊,5,1.0,1.0,2.0,2.0,0.0,0.0,0.0,0.0,0.0,0.0,0.0,,0.0,1.0,0.0,0.0,0.0,1.0,,,,,,,,,,,,,,,,,,,,,,
2023,2021013060,2023-06-23,1850183.0,森下 翔太,1.0,右,5,1.0,1.0,4.0,3.0,0.0,1.0,0.0,0.0,0.0,0.0,0.0,,0.0,0.0,1.0,0.0,0.0,0.0,,,,,,,,,,,,,,,,,,,,,,
2023,2021013060,2023-06-23,1900035.0,蝦名 達夫,61.0,右,3,1.0,0.0,0.0,0.0,0.0,0.0,0.0,0.0,0.0,0.0,0.0,,0.0,0.0,0.0,0.0,0.0,0.0,,,,,,,,,,,,,,,,,,,,,,
2023,2021013060,2023-06-23,1961194.0,K.ケラー,42.0,投,5,1.0,0.0,0.0,0.0,0.0,0.0,0.0,0.0,0.0,0.0,0.0,,0.0,0.0,0.0,0.0,0.0,0.0,3.0,1.0,0.0,1.0,0.0,2.7,2.0,2.0,,,0.0,2.0,1.0,1.0,1.0,,1.0,0.0,0.0,,10.0,33.0
2023,2021013060,2023-06-23,1961251.0,ミエセス,55.0,打,5,1.0,0.0,1.0,1.0,0.0,0.0,0.0,0.0,0.0,0.0,0.0,,0.0,1.0,0.0,0.0,0.0,0.0,,,,,,,,,,,,,,,,,,,,,,
2023,2021013060,2023-06-23,1961285.0,ノイジー,7.0,左,5,1.0,1.0,4.0,4.0,0.0,0.0,0.0,0.0,0.0,0.0,0.0,,0.0,0.0,0.0,0.0,0.0,0.0,,,,,,,,,,,,,,,,,,,,,,
2023,2021013060,2023-06-23,2000035.0,牧 秀悟,2.0,二,3,1.0,1.0,4.0,4.0,1.0,1.0,0.0,0.0,0.0,1.0,0.0,,0.0,0.0,0.0,0.0,0.0,0.0,,,,,,,,,,,,,,,,,,,,,,
2023,2021013060,2023-06-23,2000051.0,佐藤 輝明,8.0,三,5,1.0,1.0,4.0,4.0,0.0,0.0,0.0,0.0,0.0,0.0,0.0,,0.0,2.0,0.0,0.0,0.0,0.0,,,,,,,,,,,,,,,,,,,,,,
2023,2021013060,2023-06-23,2000056.0,中野 拓夢,51.0,二,5,1.0,1.0,4.0,4.0,0.0,1.0,1.0,0.0,0.0,0.0,0.0,,0.0,2.0,0.0,0.0,0.0,0.0,,,,,,,,,,,,,,,,,,,,,,
2023,2021013060,2023-06-23,2000058.0,石井 大智,69.0,投,5,1.0,0.0,0.0,0.0,0.0,0.0,0.0,0.0,0.0,0.0,0.0,,0.0,0.0,0.0,0.0,0.0,0.0,4.0,1.0,0.0,1.0,0.0,0.55,1.0,1.0,,,0.0,0.0,0.0,0.0,0.0,,0.0,2.0,0.0,,3.0,9.0
2023,2021013060,2023-06-23,2100915.0,ビーズリー,99.0,投,5,1.0,1.0,1.0,1.0,0.0,0.0,0.0,0.0,0.0,0.0,0.0,,0.0,1.0,0.0,0.0,0.0,0.0,1.0,1.0,,0.0,1.0,2.84,3.0,3.0,,,0.0,5.0,2.0,2.0,0.0,,3.0,1.0,0.0,,17.0,71.0
2023,2021013061,2023-06-23,900044.0,中村 悠平,27.0,捕,2,1.0,1.0,4.0,3.0,1.0,1.0,1.0,0.0,0.0,2.0,0.0,,0.0,0.0,0.0,1.0,0.0,0.0,,,,,,,,,,,,,,,,,,,,,,
2023,2021013061,2023-06-23,900410.0,大島 洋平,8.0,左,4,1.0,1.0,4.0,4.0,0.0,1.0,0.0,0.0,0.0,0.0,0.0,,0.0,0.0,0.0,0.0,0.0,0.0,,,,,,,,,,,,,,,,,,,,,,
2023,2021013061,2023-06-23,1000132.0,山田 哲人,1.0,二,2,1.0,1.0,4.0,3.0,0.0,1.0,1.0,0.0,0.0,1.0,0.0,,1.0,0.0,0.0,0.0,0.0,0.0,,,,,,,,,,,,,,,,,,,,,,
2023,2021013061,2023-06-23,1500044.0,山崎 晃大朗,31.0,右,2,1.0,0.0,1.0,1.0,0.0,0.0,0.0,0.0,0.0,0.0,0.0,,0.0,0.0,0.0,0.0,0.0,0.0,,,,,,,,,,,,,,,,,,,,,,
2023,2021013061,2023-06-23,1500074.0,小笠原 慎之介,11.0,投,4,1.0,1.0,2.0,2.0,0.0,0.0,0.0,0.0,0.0,0.0,0.0,,0.0,2.0,0.0,0.0,0.0,0.0,1.0,1.0,,4.0,5.0,3.04,7.333333333333333,7.1,,,0.0,6.0,4.0,4.0,0.0,,1.0,5.0,0.0,,29.0,109.0
2023,2021013061,2023-06-23,1600021.0,ビシエド,66.0,一,4,1.0,1.0,4.0,3.0,0.0,1.0,0.0,0.0,0.0,0.0,0.0,,1.0,0.0,0.0,0.0,0.0,0.0,,,,,,,,,,,,,,,,,,,,,,
2023,2021013061,2023-06-23,1600085.0,細川 成也,0.0,右,4,1.0,1.0,4.0,4.0,0.0,0.0,0.0,0.0,0.0,0.0,0.0,,0.0,2.0,0.0,0.0,0.0,0.0,,,,,,,,,,,,,,,,,,,,,,
2023,2021013061,2023-06-23,1600110.0,藤嶋 健人,54.0,投,4,1.0,0.0,0.0,0.0,0.0,0.0,0.0,0.0,0.0,0.0,0.0,,0.0,0.0,0.0,0.0,0.0,0.0,2.0,1.0,0.0,0.0,1.0,2.04,0.6666666666666666,0.2,,,0.0,1.0,0.0,0.0,0.0,,0.0,1.0,0.0,,3.0,12.0
2023,2021013061,2023-06-23,1700084.0,村上 宗隆,55.0,三,2,1.0,1.0,4.0,4.0,0.0,1.0,1.0,0.0,0.0,1.0,0.0,,0.0,2.0,0.0,0.0,0.0,0.0,,,,,,,,,,,,,,,,,,,,,,
2023,2021013061,2023-06-23,1700105.0,伊藤 康祐,49.0,左,4,1.0,0.0,0.0,0.0,0.0,0.0,0.0,0.0,0.0,0.0,0.0,,0.0,0.0,0.0,0.0,0.0,0.0,,,,,,,,,,,,,,,,,,,,,,
2023,2021013061,2023-06-23,1800036.0,濱田 太貴,51.0,左,2,1.0,1.0,4.0,4.0,0.0,0.0,0.0,0.0,0.0,0.0,0.0,,0.0,2.0,0.0,0.0,0.0,0.0,,,,,,,,,,,,,,,,,,,,,,
2023,2021013061,2023-06-23,1800062.0,石橋 康太,58.0,捕,4,1.0,1.0,3.0,3.0,0.0,0.0,0.0,0.0,0.0,0.0,0.0,,0.0,0.0,0.0,0.0,0.0,0.0,,,,,,,,,,,,,,,,,,,,,,
2023,2021013061,2023-06-23,1900028.0,長岡 秀樹,7.0,遊,2,1.0,1.0,4.0,3.0,1.0,1.0,0.0,0.0,0.0,0.0,0.0,,1.0,0.0,0.0,0.0,0.0,0.0,,,,,,,,,,,,,,,,,,,,,,
2023,2021013061,2023-06-23,1900037.0,石川 昂弥,25.0,三,4,1.0,1.0,4.0,4.0,0.0,1.0,0.0,0.0,0.0,0.0,0.0,,0.0,0.0,0.0,0.0,0.0,0.0,,,,,,,,,,,,,,,,,,,,,,
2023,2021013061,2023-06-23,1900041.0,岡林 勇希,60.0,中,4,1.0,1.0,4.0,4.0,0.0,2.0,1.0,0.0,0.0,0.0,0.0,,0.0,0.0,0.0,0.0,0.0,0.0,,,,,,,,,,,,,,,,,,,,,,
2023,2021013061,2023-06-23,2000028.0,並木 秀尊,0.0,中,2,1.0,1.0,4.0,4.0,2.0,3.0,0.0,1.0,0.0,0.0,0.0,,0.0,1.0,0.0,0.0,0.0,0.0,,,,,,,,,,,,,,,,,,,,,,
2023,2021013061,2023-06-23,2000044.0,龍空,45.0,遊,4,1.0,1.0,3.0,3.0,0.0,1.0,0.0,0.0,0.0,0.0,0.0,,0.0,0.0,0.0,0.0,0.0,0.0,,,,,,,,,,,,,,,,,,,,,,
2023,2021013061,2023-06-23,2000049.0,上田 洸太朗,67.0,投,4,1.0,0.0,0.0,0.0,0.0,0.0,0.0,0.0,0.0,0.0,0.0,,0.0,0.0,0.0,0.0,0.0,0.0,3.0,1.0,0.0,0.0,0.0,0.0,1.0,1.0,,,0.0,0.0,0.0,0.0,0.0,,1.0,1.0,0.0,,3.0,20.0
2023,2021013061,2023-06-23,2000133.0,オスナ,13.0,一,2,1.0,1.0,4.0,4.0,0.0,0.0,0.0,0.0,0.0,0.0,0.0,,0.0,0.0,0.0,0.0,0.0,0.0,,,,,,,,,,,,,,,,,,,,,,
2023,2021013061,2023-06-23,2000135.0,サンタナ,25.0,右,2,1.0,1.0,3.0,3.0,0.0,0.0,0.0,0.0,0.0,0.0,0.0,,0.0,0.0,0.0,0.0,0.0,0.0,,,,,,,,,,,,,,,,,,,,,,
2023,2021013061,2023-06-23,2000139.0,サイスニード,54.0,投,2,1.0,1.0,3.0,3.0,0.0,0.0,0.0,0.0,0.0,0.0,0.0,,0.0,2.0,0.0,0.0,0.0,0.0,1.0,1.0,,5.0,3.0,2.69,9.0,9.0,,,0.0,6.0,0.0,0.0,0.0,,1.0,5.0,0.0,,32.0,105.0
2023,2021013061,2023-06-23,2103780.0,福永 裕基,68.0,二,4,1.0,1.0,3.0,3.0,0.0,0.0,0.0,0.0,0.0,0.0,0.0,,0.0,0.0,0.0,0.0,0.0,0.0,,,,,,,,,,,,,,,,,,,,,,
2023,2021013061,2023-06-23,2103840.0,ブライト 健太,42.0,打,4,1.0,0.0,1.0,1.0,0.0,0.0,0.0,0.0,0.0,0.0,0.0,,0.0,1.0,0.0,0.0,0.0,0.0,,,,,,,,,,,,,,,,,,,,,,
2023,2021013062,2023-06-23,700003.0,坂本 勇人,6.0,遊,1,1.0,1.0,1.0,1.0,0.0,1.0,0.0,0.0,0.0,0.0,0.0,,0.0,0.0,0.0,0.0,0.0,0.0,,,,,,,,,,,,,,,,,,,,,,
2023,2021013062,2023-06-23,800041.0,松山 竜平,55.0,打,6,1.0,0.0,1.0,0.0,0.0,0.0,0.0,0.0,0.0,0.0,0.0,,1.0,0.0,0.0,0.0,0.0,0.0,,,,,,,,,,,,,,,,,,,,,,
2023,2021013062,2023-06-23,800043.0,丸 佳浩,8.0,右,1,1.0,1.0,4.0,3.0,0.0,1.0,0.0,0.0,0.0,1.0,0.0,,1.0,0.0,0.0,0.0,0.0,0.0,,,,,,,,,,,,,,,,,,,,,,
2023,2021013062,2023-06-23,800054.0,中田 翔,10.0,一,1,1.0,1.0,4.0,3.0,0.0,0.0,0.0,0.0,0.0,1.0,0.0,,0.0,2.0,0.0,0.0,1.0,0.0,,,,,,,,,,,,,,,,,,,,,,
2023,2021013062,2023-06-23,900430.0,堂林 翔太,7.0,一,6,1.0,1.0,4.0,4.0,0.0,0.0,0.0,0.0,0.0,0.0,0.0,,0.0,2.0,0.0,0.0,0.0,0.0,,,,,,,,,,,,,,,,,,,,,,
2023,2021013062,2023-06-23,1000150.0,秋山 翔吾,9.0,中,6,1.0,1.0,4.0,4.0,0.0,0.0,0.0,0.0,0.0,0.0,0.0,,0.0,0.0,0.0,0.0,0.0,0.0,,,,,,,,,,,,,,,,,,,,,,
2023,2021013062,2023-06-23,1100082.0,菊池 涼介,33.0,二,6,1.0,1.0,4.0,4.0,1.0,1.0,0.0,0.0,0.0,0.0,0.0,,0.0,1.0,0.0,0.0,0.0,0.0,,,,,,,,,,,,,,,,,,,,,,
2023,2021013062,2023-06-23,1200070.0,上本 崇司,0.0,遊,6,1.0,1.0,5.0,4.0,0.0,2.0,1.0,0.0,0.0,1.0,0.0,,0.0,0.0,1.0,0.0,0.0,0.0,,,,,,,,,,,,,,,,,,,,,,
2023,2021013062,2023-06-23,1300058.0,九里 亜蓮,11.0,投,6,1.0,1.0,2.0,1.0,0.0,0.0,0.0,0.0,0.0,0.0,0.0,,0.0,1.0,0.0,1.0,0.0,0.0,1.0,1.0,,5.0,3.0,1.95,7.0,7.0,,,0.0,6.0,3.0,3.0,2.0,,0.0,9.0,0.0,,27.0,106.0
2023,2021013062,2023-06-23,1300059.0,田中 広輔,2.0,打,6,1.0,0.0,1.0,1.0,0.0,1.0,0.0,0.0,0.0,0.0,0.0,,0.0,0.0,0.0,0.0,0.0,0.0,,,,,,,,,,,,,,,,,,,,,,
2023,2021013062,2023-06-23,1300082.0,曽根 海成,0.0,走,6,1.0,0.0,0.0,0.0,0.0,0.0,0.0,0.0,0.0,0.0,0.0,,0.0,0.0,0.0,0.0,0.0,0.0,,,,,,,,,,,,,,,,,,,,,,
2023,2021013062,2023-06-23,1400101.0,岡本 和真,25.0,三,1,1.0,1.0,4.0,2.0,1.0,1.0,0.0,0.0,1.0,2.0,0.0,,1.0,1.0,0.0,0.0,1.0,0.0,,,,,,,,,,,,,,,,,,,,,,
2023,2021013062,2023-06-23,1400173.0,野間 峻祥,37.0,右,6,1.0,1.0,4.0,3.0,0.0,0.0,0.0,0.0,0.0,0.0,0.0,,1.0,1.0,0.0,0.0,0.0,0.0,,,,,,,,,,,,,,,,,,,,,,
2023,2021013062,2023-06-23,1460004.0,デビッドソン,95.0,三,6,1.0,1.0,3.0,3.0,0.0,1.0,1.0,0.0,0.0,1.0,0.0,,0.0,0.0,0.0,0.0,0.0,0.0,,,,,,,,,,,,,,,,,,,,,,
2023,2021013062,2023-06-23,1500047.0,重信 慎之介,43.0,中,1,1.0,1.0,5.0,5.0,1.0,1.0,0.0,0.0,0.0,0.0,0.0,,0.0,2.0,0.0,0.0,0.0,0.0,,,,,,,,,,,,,,,,,,,,,,
2023,2021013062,2023-06-23,1500052.0,中川 皓太,41.0,投,1,1.0,0.0,0.0,0.0,0.0,0.0,0.0,0.0,0.0,0.0,0.0,,0.0,0.0,0.0,0.0,0.0,0.0,4.0,1.0,0.0,1.0,0.0,2.31,1.0,1.0,,,0.0,1.0,0.0,0.0,0.0,,0.0,0.0,0.0,,4.0,11.0
2023,2021013062,2023-06-23,1500096.0,西川 龍馬,5.0,左,6,1.0,1.0,4.0,4.0,0.0,1.0,0.0,0.0,0.0,0.0,0.0,,0.0,0.0,0.0,0.0,0.0,0.0,,,,,,,,,,,,,,,,,,,,,,
2023,2021013062,2023-06-23,1600001.0,オコエ 瑠偉,50.0,打,1,1.0,0.0,1.0,1.0,0.0,0.0,0.0,0.0,0.0,0.0,0.0,,0.0,0.0,0.0,0.0,0.0,0.0,,,,,,,,,,,,,,,,,,,,,,
2023,2021013062,2023-06-23,1600059.0,吉川 尚輝,2.0,二,1,1.0,1.0,4.0,4.0,1.0,2.0,0.0,1.0,1.0,1.0,0.0,,0.0,0.0,0.0,0.0,0.0,0.0,,,,,,,,,,,,,,,,,,,,,,
2023,2021013062,2023-06-23,1600070.0,松原 聖弥,59.0,左,1,1.0,0.0,1.0,1.0,0.0,0.0,0.0,0.0,0.0,0.0,0.0,,0.0,0.0,0.0,0.0,0.0,0.0,,,,,,,,,,,,,,,,,,,,,,
2023,2021013062,2023-06-23,1600124.0,坂倉 将吾,31.0,捕,6,1.0,1.0,4.0,3.0,2.0,2.0,1.0,0.0,1.0,1.0,0.0,,1.0,1.0,0.0,0.0,0.0,0.0,,,,,,,,,,,,,,,,,,,,,,
2023,2021013062,2023-06-23,1700044.0,大城 卓三,24.0,捕,1,1.0,1.0,4.0,4.0,0.0,0.0,0.0,0.0,0.0,0.0,0.0,,0.0,1.0,0.0,0.0,0.0,0.0,,,,,,,,,,,,,,,,,,,,,,
2023,2021013062,2023-06-23,1800026.0,横川 凱,62.0,投,1,1.0,0.0,1.0,1.0,0.0,0.0,0.0,0.0,0.0,0.0,0.0,,0.0,1.0,0.0,0.0,0.0,1.0,2.0,1.0,0.0,4.0,4.0,3.32,2.6666666666666665,2.2,,,0.0,0.0,0.0,0.0,0.0,,2.0,3.0,1.0,,11.0,49.0
2023,2021013062,2023-06-23,1800078.0,羽月 隆太郎,69.0,走,6,1.0,0.0,0.0,0.0,0.0,0.0,0.0,0.0,0.0,0.0,0.0,,0.0,0.0,0.0,0.0,0.0,0.0,,,,,,,,,,,,,,,,,,,,,,
2023,2021013062,2023-06-23,1900019.0,井上 温大,97.0,投,1,1.0,1.0,1.0,1.0,0.0,0.0,0.0,0.0,0.0,0.0,0.0,,0.0,1.0,0.0,0.0,0.0,0.0,1.0,1.0,,0.0,0.0,4.5,4.0,4.0,,,0.0,5.0,2.0,2.0,0.0,,1.0,2.0,0.0,,16.0,67.0
2023,2021013062,2023-06-23,1900055.0,韮澤 雄也,54.0,打,6,1.0,0.0,1.0,1.0,0.0,0.0,0.0,0.0,0.0,0.0,0.0,,0.0,1.0,0.0,0.0,0.0,0.0,,,,,,,,,,,,,,,,,,,,,,
2023,2021013062,2023-06-23,2000009.0,秋広 優人,55.0,左一,1,1.0,1.0,4.0,4.0,1.0,2.0,0.0,0.0,0.0,0.0,0.0,,0.0,0.0,0.0,0.0,0.0,0.0,,,,,,,,,,,,,,,,,,,,,,
2023,2021013062,2023-06-23,2000061.0,森浦 大輔,13.0,投,6,1.0,0.0,0.0,0.0,0.0,0.0,0.0,0.0,0.0,0.0,0.0,,0.0,0.0,0.0,0.0,0.0,0.0,2.0,1.0,0.0,0.0,0.0,4.66,1.0,1.0,,,0.0,2.0,2.0,2.0,0.0,,2.0,0.0,0.0,,7.0,31.0
2023,2021013062,2023-06-23,2000062.0,大道 温貴,12.0,投,6,1.0,0.0,0.0,0.0,0.0,0.0,0.0,0.0,0.0,0.0,0.0,,0.0,0.0,0.0,0.0,0.0,0.0,3.0,1.0,0.0,0.0,0.0,5.17,1.0,1.0,,,0.0,1.0,0.0,0.0,0.0,,0.0,0.0,0.0,,4.0,11.0
2023,2021013062,2023-06-23,2103697.0,大勢,15.0,投,1,1.0,0.0,0.0,0.0,0.0,0.0,0.0,0.0,0.0,0.0,0.0,,0.0,0.0,0.0,0.0,0.0,0.0,5.0,1.0,0.0,2.0,0.0,3.0,1.0,1.0,,,14.0,2.0,1.0,1.0,1.0,,1.0,1.0,0.0,,6.0,20.0
2023,2021013062,2023-06-23,2103705.0,菊地 大稀,96.0,投,1,1.0,0.0,0.0,0.0,0.0,0.0,0.0,0.0,0.0,0.0,0.0,,0.0,0.0,0.0,0.0,0.0,0.0,3.0,1.0,0.0,2.0,1.0,3.1,0.3333333333333333,0.1,,,0.0,0.0,0.0,0.0,0.0,,0.0,1.0,0.0,,1.0,6.0
2023,2021013062,2023-06-23,2103768.0,末包 昇大,52.0,打,6,1.0,0.0,1.0,0.0,0.0,0.0,0.0,0.0,0.0,0.0,0.0,,1.0,0.0,0.0,0.0,0.0,0.0,,,,,,,,,,,,,,,,,,,,,,
2023,2021013062,2023-06-23,2107874.0,門脇 誠,35.0,走遊,1,1.0,0.0,4.0,4.0,1.0,1.0,0.0,0.0,0.0,0.0,0.0,,0.0,1.0,0.0,0.0,0.0,0.0,,,,,,,,,,,,,,,,,,,,,,
2023,2021013063,2023-06-23,12101.0,中村 剛也,60.0,指,7,1.0,1.0,4.0,3.0,0.0,1.0,1.0,0.0,0.0,3.0,0.0,,0.0,2.0,0.0,0.0,1.0,0.0,,,,,,,,,,,,,,,,,,,,,,
2023,2021013063,2023-06-23,600026.0,炭谷 銀仁朗,26.0,捕,376,1.0,0.0,0.0,0.0,0.0,0.0,0.0,0.0,0.0,0.0,0.0,,0.0,0.0,0.0,0.0,0.0,0.0,,,,,,,,,,,,,,,,,,,,,,
2023,2021013063,2023-06-23,900056.0,浅村 栄斗,3.0,指,376,1.0,1.0,5.0,4.0,0.0,2.0,0.0,0.0,0.0,2.0,0.0,,1.0,0.0,0.0,0.0,0.0,0.0,,,,,,,,,,,,,,,,,,,,,,
2023,2021013063,2023-06-23,1100103.0,鈴木 大地,7.0,三,376,1.0,1.0,4.0,4.0,0.0,1.0,0.0,0.0,0.0,0.0,0.0,,0.0,0.0,0.0,0.0,0.0,1.0,,,,,,,,,,,,,,,,,,,,,,
2023,2021013063,2023-06-23,1100130.0,岡島 豪郎,27.0,左,376,1.0,1.0,5.0,4.0,0.0,1.0,0.0,0.0,0.0,2.0,0.0,,0.0,2.0,0.0,0.0,1.0,0.0,,,,,,,,,,,,,,,,,,,,,,
2023,2021013063,2023-06-23,1100132.0,島内 宏明,35.0,打,376,1.0,0.0,1.0,1.0,0.0,0.0,0.0,0.0,0.0,0.0,0.0,,0.0,0.0,0.0,0.0,0.0,0.0,,,,,,,,,,,,,,,,,,,,,,
2023,2021013063,2023-06-23,1200082.0,増田 達至,14.0,,7,,,,,,,,,,,,,,,,,,,5.0,1.0,0.0,2.0,1.0,5.66,1.0,1.0,,,10.0,2.0,1.0,1.0,0.0,,0.0,1.0,0.0,,5.0,19.0
2023,2021013063,2023-06-23,1200083.0,金子 侑司,7.0,左,7,1.0,0.0,0.0,0.0,0.0,0.0,0.0,0.0,0.0,0.0,0.0,,0.0,0.0,0.0,0.0,0.0,0.0,,,,,,,,,,,,,,,,,,,,,,
2023,2021013063,2023-06-23,1200117.0,則本 昂大,14.0,,376,,,,,,,,,,,,,,,,,,,1.0,1.0,,3.0,4.0,2.36,6.0,6.0,,,0.0,4.0,2.0,2.0,0.0,,2.0,8.0,0.0,,23.0,114.0
2023,2021013063,2023-06-23,1400184.0,外崎 修汰,5.0,二,7,1.0,1.0,4.0,2.0,2.0,2.0,0.0,1.0,0.0,0.0,1.0,,2.0,0.0,0.0,0.0,0.0,1.0,,,,,,,,,,,,,,,,,,,,,,
2023,2021013063,2023-06-23,1600012.0,宋 家豪,43.0,,376,,,,,,,,,,,,,,,,,,,2.0,1.0,0.0,1.0,0.0,3.12,1.0,1.0,,,0.0,1.0,1.0,1.0,1.0,,0.0,2.0,0.0,,4.0,11.0
2023,2021013063,2023-06-23,1600094.0,田中 和基,25.0,走指,376,1.0,0.0,0.0,0.0,0.0,0.0,0.0,0.0,0.0,0.0,0.0,,0.0,0.0,0.0,0.0,0.0,0.0,,,,,,,,,,,,,,,,,,,,,,
2023,2021013063,2023-06-23,1600129.0,源田 壮亮,6.0,遊,7,1.0,1.0,5.0,5.0,0.0,0.0,0.0,0.0,0.0,0.0,0.0,,0.0,1.0,0.0,0.0,0.0,0.0,,,,,,,,,,,,,,,,,,,,,,
2023,2021013063,2023-06-23,1600130.0,鈴木 将平,46.0,左,7,1.0,1.0,5.0,5.0,1.0,1.0,0.0,0.0,0.0,0.0,0.0,,0.0,1.0,0.0,0.0,0.0,0.0,,,,,,,,,,,,,,,,,,,,,,
2023,2021013063,2023-06-23,1600131.0,平井 克典,25.0,,7,,,,,,,,,,,,,,,,,,,3.0,1.0,0.0,3.0,2.0,1.9,1.0,1.0,,,0.0,2.0,1.0,1.0,0.0,,1.0,0.0,0.0,,6.0,26.0
2023,2021013063,2023-06-23,1600142.0,酒居 知史,28.0,,376,,,,,,,,,,,,,,,,,,,3.0,1.0,0.0,0.0,2.0,2.95,1.0,1.0,,,1.0,2.0,2.0,2.0,0.0,,1.0,0.0,0.0,,7.0,27.0
2023,2021013063,2023-06-23,1700034.0,山崎 剛,34.0,遊,376,1.0,1.0,4.0,4.0,0.0,1.0,0.0,0.0,0.0,0.0,0.0,,0.0,1.0,0.0,0.0,0.0,0.0,,,,,,,,,,,,,,,,,,,,,,
2023,2021013063,2023-06-23,1800080.0,松本 航,17.0,,7,,,,,,,,,,,,,,,,,,,1.0,1.0,,3.0,5.0,3.86,5.0,5.0,,,0.0,5.0,2.0,2.0,0.0,,3.0,4.0,0.0,,23.0,98.0
2023,2021013063,2023-06-23,1800085.0,森脇 亮介,28.0,,7,,,,,,,,,,,,,,,,,,,4.0,1.0,0.0,1.0,1.0,1.71,1.0,1.0,,,2.0,0.0,0.0,0.0,0.0,,0.0,0.0,0.0,,3.0,14.0
2023,2021013063,2023-06-23,1800086.0,佐藤 龍世,58.0,三,7,1.0,0.0,0.0,0.0,0.0,0.0,0.0,0.0,0.0,0.0,0.0,,0.0,0.0,0.0,0.0,0.0,0.0,,,,,,,,,,,,,,,,,,,,,,
2023,2021013063,2023-06-23,1800117.0,辰己 涼介,8.0,中,376,1.0,1.0,5.0,3.0,2.0,2.0,0.0,0.0,0.0,0.0,0.0,,2.0,1.0,0.0,0.0,0.0,0.0,,,,,,,,,,,,,,,,,,,,,,
2023,2021013063,2023-06-23,1800118.0,太田 光,2.0,捕,376,1.0,1.0,3.0,3.0,0.0,0.0,0.0,0.0,0.0,0.0,0.0,,0.0,1.0,0.0,0.0,0.0,0.0,,,,,,,,,,,,,,,,,,,,,,
2023,2021013063,2023-06-23,1800122.0,渡邊 佳明,48.0,一,376,1.0,1.0,4.0,3.0,0.0,0.0,0.0,0.0,0.0,0.0,0.0,,0.0,0.0,0.0,1.0,0.0,0.0,,,,,,,,,,,,,,,,,,,,,,
2023,2021013063,2023-06-23,1800123.0,小郷 裕哉,51.0,右,376,1.0,1.0,5.0,4.0,0.0,2.0,0.0,0.0,0.0,0.0,0.0,,1.0,0.0,0.0,0.0,0.0,0.0,,,,,,,,,,,,,,,,,,,,,,
2023,2021013063,2023-06-23,1850820.0,蛭間 拓哉,9.0,右,7,1.0,1.0,4.0,3.0,0.0,0.0,0.0,0.0,0.0,0.0,0.0,,1.0,2.0,0.0,0.0,0.0,0.0,,,,,,,,,,,,,,,,,,,,,,
2023,2021013063,2023-06-23,1900112.0,小深田 大翔,0.0,二,376,1.0,1.0,5.0,4.0,2.0,1.0,0.0,0.0,0.0,0.0,1.0,,0.0,1.0,0.0,1.0,0.0,0.0,,,,,,,,,,,,,,,,,,,,,,
2023,2021013063,2023-06-23,2000067.0,渡部 健人,8.0,一,7,1.0,1.0,4.0,3.0,1.0,1.0,1.0,0.0,0.0,1.0,0.0,,1.0,1.0,0.0,0.0,0.0,0.0,,,,,,,,,,,,,,,,,,,,,,
2023,2021013063,2023-06-23,2000068.0,佐々木 健,26.0,,7,,,,,,,,,,,,,,,,,,,2.0,1.0,0.0,0.0,0.0,0.0,1.0,1.0,,,0.0,1.0,0.0,0.0,0.0,,0.0,1.0,0.0,,4.0,19.0
2023,2021013063,2023-06-23,2000075.0,長谷川 信哉,63.0,中,7,1.0,1.0,4.0,4.0,0.0,0.0,0.0,0.0,0.0,0.0,0.0,,0.0,1.0,0.0,0.0,0.0,0.0,,,,,,,,,,,,,,,,,,,,,,
2023,2021013063,2023-06-23,2000126.0,内 星龍,69.0,,376,,,,,,,,,,,,,,,,,,,4.0,1.0,0.0,3.0,1.0,3.2,1.0,1.0,,,0.0,0.0,0.0,0.0,0.0,,1.0,0.0,0.0,,4.0,15.0
2023,2021013063,2023-06-23,2103949.0,古市 尊,65.0,捕,7,1.0,1.0,4.0,4.0,0.0,1.0,0.0,0.0,0.0,0.0,0.0,,0.0,0.0,0.0,0.0,0.0,0.0,,,,,,,,,,,,,,,,,,,,,,
2023,2021013063,2023-06-23,2108196.0,マキノン,30.0,三,7,1.0,1.0,4.0,4.0,1.0,1.0,0.0,0.0,1.0,1.0,0.0,,0.0,2.0,0.0,0.0,0.0,0.0,,,,,,,,,,,,,,,,,,,,,,
2023,2021013064,2023-06-23,700087.0,角中 勝也,3.0,左,9,1.0,1.0,4.0,3.0,0.0,1.0,0.0,0.0,0.0,1.0,0.0,,0.0,0.0,0.0,0.0,1.0,0.0,,,,,,,,,,,,,,,,,,,,,,
2023,2021013064,2023-06-23,1100095.0,松本 剛,7.0,左,8,1.0,1.0,5.0,4.0,1.0,2.0,0.0,0.0,0.0,0.0,1.0,,0.0,0.0,0.0,1.0,0.0,0.0,,,,,,,,,,,,,,,,,,,,,,
2023,2021013064,2023-06-23,1200096.0,田村 龍弘,27.0,打捕,9,1.0,0.0,2.0,2.0,0.0,1.0,0.0,0.0,0.0,1.0,0.0,,0.0,0.0,0.0,0.0,0.0,0.0,,,,,,,,,,,,,,,,,,,,,,
2023,2021013064,2023-06-23,1200100.0,伏見 寅威,23.0,捕,8,1.0,0.0,0.0,0.0,0.0,0.0,0.0,0.0,0.0,0.0,0.0,,0.0,0.0,0.0,0.0,0.0,0.0,,,,,,,,,,,,,,,,,,,,,,
2023,2021013064,2023-06-23,1251037.0,上川畑 大悟,4.0,遊,8,1.0,1.0,4.0,3.0,0.0,0.0,0.0,0.0,0.0,0.0,0.0,,1.0,2.0,0.0,0.0,0.0,0.0,,,,,,,,,,,,,,,,,,,,,,
2023,2021013064,2023-06-23,1300044.0,岡 大海,25.0,打右,9,1.0,0.0,1.0,1.0,0.0,0.0,0.0,0.0,0.0,0.0,0.0,,0.0,1.0,0.0,0.0,0.0,0.0,,,,,,,,,,,,,,,,,,,,,,
2023,2021013064,2023-06-23,1400170.0,江越 大賀,37.0,中,8,1.0,1.0,4.0,2.0,1.0,0.0,0.0,0.0,0.0,0.0,0.0,,1.0,1.0,0.0,1.0,0.0,0.0,,,,,,,,,,,,,,,,,,,,,,
2023,2021013064,2023-06-23,1400188.0,中村 奨吾,8.0,二,9,1.0,1.0,4.0,4.0,1.0,1.0,1.0,0.0,0.0,0.0,0.0,,0.0,1.0,0.0,0.0,0.0,0.0,,,,,,,,,,,,,,,,,,,,,,
2023,2021013064,2023-06-23,1460080.0,ポランコ,22.0,指,9,1.0,1.0,4.0,3.0,2.0,2.0,0.0,0.0,0.0,0.0,0.0,,1.0,0.0,0.0,0.0,0.0,0.0,,,,,,,,,,,,,,,,,,,,,,
2023,2021013064,2023-06-23,1500110.0,加藤 貴之,14.0,,8,,,,,,,,,,,,,,,,,,,1.0,1.0,,5.0,5.0,2.19,6.666666666666667,6.2,,,0.0,7.0,2.0,2.0,0.0,,0.0,1.0,0.0,,26.0,95.0
2023,2021013064,2023-06-23,1500141.0,茶谷 健太,67.0,一,9,1.0,1.0,2.0,2.0,0.0,0.0,0.0,0.0,0.0,0.0,0.0,,0.0,0.0,0.0,0.0,0.0,0.0,,,,,,,,,,,,,,,,,,,,,,
2023,2021013064,2023-06-23,1600093.0,池田 隆英,52.0,,8,,,,,,,,,,,,,,,,,,,3.0,1.0,0.0,0.0,1.0,2.73,1.0,1.0,,,0.0,0.0,0.0,0.0,0.0,,0.0,1.0,0.0,,3.0,7.0
2023,2021013064,2023-06-23,1600134.0,石井 一成,38.0,二,8,1.0,1.0,5.0,5.0,2.0,2.0,2.0,0.0,0.0,1.0,0.0,,0.0,2.0,0.0,0.0,0.0,0.0,,,,,,,,,,,,,,,,,,,,,,
2023,2021013064,2023-06-23,1600139.0,玉井 大翔,19.0,,8,,,,,,,,,,,,,,,,,,,2.0,1.0,0.0,0.0,2.0,2.08,0.3333333333333333,0.1,,,2.0,0.0,0.0,0.0,0.0,,0.0,1.0,0.0,,1.0,6.0
2023,2021013064,2023-06-23,1600146.0,種市 篤暉,16.0,,9,,,,,,,,,,,,,,,,,,,1.0,1.0,,4.0,3.0,2.52,6.0,6.0,,,0.0,6.0,2.0,2.0,0.0,,3.0,8.0,0.0,,26.0,107.0
2023,2021013064,2023-06-23,1600164.0,田中 正義,26.0,,8,,,,,,,,,,,,,,,,,,,4.0,1.0,0.0,2.0,1.0,2.42,1.0,1.0,,,12.0,1.0,1.0,1.0,0.0,,1.0,1.0,0.0,,5.0,26.0
2023,2021013064,2023-06-23,1700025.0,清宮 幸太郎,21.0,三,8,1.0,1.0,5.0,3.0,0.0,1.0,0.0,0.0,0.0,2.0,0.0,,2.0,1.0,0.0,0.0,0.0,0.0,,,,,,,,,,,,,,,,,,,,,,
2023,2021013064,2023-06-23,1700092.0,安田 尚憲,5.0,三,9,1.0,1.0,2.0,2.0,0.0,0.0,0.0,0.0,0.0,0.0,0.0,,0.0,0.0,0.0,0.0,0.0,0.0,,,,,,,,,,,,,,,,,,,,,,
2023,2021013064,2023-06-23,1800008.0,マルティネス,2.0,捕,8,1.0,1.0,4.0,4.0,0.0,1.0,0.0,0.0,0.0,0.0,0.0,,0.0,1.0,0.0,0.0,0.0,0.0,,,,,,,,,,,,,,,,,,,,,,
2023,2021013064,2023-06-23,1800037.0,坂本 光士郎,36.0,,9,,,,,,,,,,,,,,,,,,,2.0,1.0,0.0,0.0,0.0,3.09,1.0,1.0,,,0.0,2.0,2.0,2.0,0.0,,1.0,1.0,0.0,,6.0,23.0
2023,2021013064,2023-06-23,1800050.0,藤原 恭大,1.0,中,9,1.0,1.0,4.0,4.0,0.0,0.0,0.0,0.0,0.0,0.0,0.0,,0.0,0.0,0.0,0.0,0.0,0.0,,,,,,,,,,,,,,,,,,,,,,
2023,2021013064,2023-06-23,1800051.0,東妻 勇輔,24.0,,9,,,,,,,,,,,,,,,,,,,3.0,1.0,0.0,0.0,1.0,2.81,1.0,1.0,,,0.0,1.0,1.0,1.0,1.0,,0.0,0.0,0.0,,4.0,9.0
2023,2021013064,2023-06-23,1800053.0,山口 航輝,51.0,右一,9,1.0,1.0,4.0,4.0,0.0,2.0,1.0,0.0,0.0,1.0,0.0,,0.0,0.0,0.0,0.0,0.0,1.0,,,,,,,,,,,,,,,,,,,,,,
2023,2021013064,2023-06-23,1800091.0,野村 佑希,5.0,一,8,1.0,1.0,4.0,4.0,1.0,1.0,0.0,0.0,1.0,1.0,0.0,,0.0,1.0,0.0,0.0,0.0,0.0,,,,,,,,,,,,,,,,,,,,,,
2023,2021013064,2023-06-23,1800093.0,万波 中正,66.0,右,8,1.0,1.0,5.0,5.0,0.0,1.0,0.0,0.0,0.0,1.0,0.0,,0.0,1.0,0.0,0.0,0.0,0.0,,,,,,,,,,,,,,,,,,,,,,
2023,2021013064,2023-06-23,1900081.0,佐藤 都志也,32.0,捕,9,1.0,1.0,2.0,2.0,0.0,0.0,0.0,0.0,0.0,0.0,0.0,,0.0,0.0,0.0,0.0,0.0,0.0,,,,,,,,,,,,,,,,,,,,,,
2023,2021013064,2023-06-23,1900083.0,横山 陸人,60.0,,9,,,,,,,,,,,,,,,,,,,4.0,1.0,0.0,0.0,0.0,3.6,1.0,1.0,,,0.0,0.0,0.0,0.0,0.0,,1.0,1.0,0.0,,4.0,15.0
2023,2021013064,2023-06-23,1961860.0,加藤 豪将,3.0,指,8,1.0,1.0,4.0,3.0,0.0,1.0,0.0,0.0,0.0,0.0,0.0,,1.0,1.0,0.0,0.0,0.0,0.0,,,,,,,,,,,,,,,,,,,,,,
2023,2021013064,2023-06-23,2103693.0,池田 来翔,0.0,打三,9,1.0,0.0,2.0,2.0,0.0,0.0,0.0,0.0,0.0,0.0,0.0,,0.0,2.0,0.0,0.0,0.0,0.0,,,,,,,,,,,,,,,,,,,,,,
2023,2021013064,2023-06-23,2106798.0,友杉 篤輝,10.0,遊,9,1.0,1.0,4.0,4.0,0.0,1.0,0.0,0.0,0.0,0.0,0.0,,0.0,0.0,0.0,0.0,0.0,0.0,,,,,,,,,,,,,,,,,,,,,,
2023,2021013065,2023-06-23,800081.0,中村 晃,7.0,一,12,1.0,1.0,4.0,4.0,1.0,3.0,0.0,0.0,0.0,1.0,0.0,,0.0,0.0,0.0,0.0,0.0,0.0,,,,,,,,,,,,,,,,,,,,,,
2023,2021013065,2023-06-23,1000011.0,山田 修義,57.0,,11,,,,,,,,,,,,,,,,,,,2.0,1.0,0.0,0.0,0.0,0.87,1.0,1.0,,,0.0,1.0,0.0,0.0,0.0,,0.0,1.0,0.0,,3.0,22.0
2023,2021013065,2023-06-23,1000035.0,今宮 健太,6.0,遊,12,1.0,1.0,4.0,4.0,1.0,1.0,0.0,0.0,0.0,1.0,0.0,,0.0,1.0,0.0,0.0,0.0,0.0,,,,,,,,,,,,,,,,,,,,,,
2023,2021013065,2023-06-23,1000128.0,柳田 悠岐,9.0,指,12,1.0,1.0,4.0,4.0,1.0,2.0,1.0,0.0,0.0,2.0,0.0,,0.0,2.0,0.0,0.0,0.0,0.0,,,,,,,,,,,,,,,,,,,,,,
2023,2021013065,2023-06-23,1000175.0,牧原 大成,8.0,二,12,1.0,1.0,4.0,4.0,1.0,2.0,1.0,0.0,0.0,1.0,0.0,,0.0,0.0,0.0,0.0,0.0,0.0,,,,,,,,,,,,,,,,,,,,,,
2023,2021013065,2023-06-23,1000176.0,甲斐 拓也,19.0,捕,12,1.0,1.0,3.0,3.0,1.0,1.0,1.0,0.0,0.0,0.0,0.0,,0.0,1.0,0.0,0.0,0.0,0.0,,,,,,,,,,,,,,,,,,,,,,
2023,2021013065,2023-06-23,1100097.0,近藤 健介,3.0,左,12,1.0,1.0,4.0,2.0,1.0,0.0,0.0,0.0,0.0,1.0,0.0,,1.0,0.0,0.0,0.0,1.0,0.0,,,,,,,,,,,,,,,,,,,,,,
2023,2021013065,2023-06-23,1160424.0,ゴンザレス,8.0,二,11,1.0,1.0,4.0,4.0,0.0,0.0,0.0,0.0,0.0,0.0,0.0,,0.0,2.0,0.0,0.0,0.0,0.0,,,,,,,,,,,,,,,,,,,,,,
2023,2021013065,2023-06-23,1300049.0,石川 亮,37.0,捕,11,1.0,0.0,0.0,0.0,0.0,0.0,0.0,0.0,0.0,0.0,0.0,,0.0,0.0,0.0,0.0,0.0,0.0,,,,,,,,,,,,,,,,,,,,,,
2023,2021013065,2023-06-23,1300079.0,上林 誠知,51.0,中右,12,1.0,1.0,4.0,4.0,0.0,0.0,0.0,0.0,0.0,0.0,0.0,,0.0,1.0,0.0,0.0,0.0,0.0,,,,,,,,,,,,,,,,,,,,,,
2023,2021013065,2023-06-23,1300100.0,森 友哉,4.0,指,11,1.0,1.0,4.0,4.0,1.0,1.0,0.0,0.0,1.0,1.0,0.0,,0.0,1.0,0.0,0.0,0.0,0.0,,,,,,,,,,,,,,,,,,,,,,
2023,2021013065,2023-06-23,1300109.0,若月 健矢,2.0,捕,11,1.0,1.0,2.0,2.0,0.0,0.0,0.0,0.0,0.0,0.0,0.0,,0.0,0.0,0.0,0.0,0.0,0.0,,,,,,,,,,,,,,,,,,,,,,
2023,2021013065,2023-06-23,1400117.0,有原 航平,17.0,,12,,,,,,,,,,,,,,,,,,,1.0,1.0,,2.0,0.0,0.87,8.0,8.0,,,0.0,3.0,1.0,1.0,1.0,,0.0,6.0,0.0,,27.0,109.0
2023,2021013065,2023-06-23,1400127.0,栗原 陵矢,24.0,三,12,1.0,1.0,4.0,4.0,0.0,2.0,1.0,0.0,0.0,1.0,0.0,,0.0,0.0,0.0,0.0,0.0,0.0,,,,,,,,,,,,,,,,,,,,,,
2023,2021013065,2023-06-23,1400196.0,宗 佑磨,6.0,三,11,1.0,1.0,3.0,3.0,0.0,0.0,0.0,0.0,0.0,0.0,0.0,,0.0,1.0,0.0,0.0,0.0,0.0,,,,,,,,,,,,,,,,,,,,,,
2023,2021013065,2023-06-23,1500041.0,廣岡 大志,30.0,打,11,1.0,0.0,1.0,1.0,0.0,0.0,0.0,0.0,0.0,0.0,0.0,,0.0,0.0,0.0,0.0,0.0,0.0,,,,,,,,,,,,,,,,,,,,,,
2023,2021013065,2023-06-23,1500135.0,杉本 裕太郎,99.0,左,11,1.0,1.0,4.0,4.0,0.0,0.0,0.0,0.0,0.0,0.0,0.0,,0.0,2.0,0.0,0.0,0.0,0.0,,,,,,,,,,,,,,,,,,,,,,
2023,2021013065,2023-06-23,1500143.0,川瀬 晃,0.0,走三,12,1.0,0.0,0.0,0.0,1.0,0.0,0.0,0.0,0.0,0.0,0.0,,0.0,0.0,0.0,0.0,0.0,0.0,,,,,,,,,,,,,,,,,,,,,,
2023,2021013065,2023-06-23,1600153.0,山本 由伸,18.0,,11,,,,,,,,,,,,,,,,,,,1.0,1.0,,6.0,3.0,1.98,6.0,6.0,,,0.0,8.0,4.0,4.0,0.0,,0.0,6.0,0.0,,26.0,101.0
2023,2021013065,2023-06-23,1700111.0,福田 周平,1.0,中,11,1.0,1.0,4.0,4.0,0.0,1.0,0.0,0.0,0.0,0.0,0.0,,0.0,1.0,0.0,0.0,0.0,0.0,,,,,,,,,,,,,,,,,,,,,,
2023,2021013065,2023-06-23,1700135.0,周東 佑京,23.0,中,12,1.0,0.0,1.0,1.0,0.0,0.0,0.0,0.0,0.0,0.0,0.0,,0.0,0.0,0.0,0.0,0.0,0.0,,,,,,,,,,,,,,,,,,,,,,
2023,2021013065,2023-06-23,1800099.0,頓宮 裕真,44.0,一,11,1.0,1.0,4.0,3.0,0.0,1.0,1.0,0.0,0.0,0.0,0.0,,1.0,0.0,0.0,0.0,0.0,0.0,,,,,,,,,,,,,,,,,,,,,,
2023,2021013065,2023-06-23,1800104.0,中川 圭太,67.0,右,11,1.0,1.0,3.0,3.0,0.0,0.0,0.0,0.0,0.0,0.0,0.0,,0.0,1.0,0.0,0.0,0.0,0.0,,,,,,,,,,,,,,,,,,,,,,
2023,2021013065,2023-06-23,1800106.0,甲斐野 央,20.0,,12,,,,,,,,,,,,,,,,,,,2.0,1.0,0.0,0.0,0.0,1.93,1.0,1.0,,,0.0,1.0,0.0,0.0,0.0,,1.0,2.0,0.0,,5.0,21.0
2023,2021013065,2023-06-23,1900088.0,紅林 弘太郎,24.0,遊,11,1.0,1.0,3.0,3.0,0.0,1.0,0.0,0.0,0.0,0.0,0.0,,0.0,0.0,0.0,0.0,0.0,0.0,,,,,,,,,,,,,,,,,,,,,,
2023,2021013065,2023-06-23,1900104.0,柳町 達,32.0,右,12,1.0,1.0,3.0,3.0,0.0,0.0,0.0,0.0,0.0,0.0,0.0,,0.0,2.0,0.0,0.0,0.0,0.0,,,,,,,,,,,,,,,,,,,,,,
2023,2021013065,2023-06-23,2000104.0,宇田川 優希,96.0,,11,,,,,,,,,,,,,,,,,,,3.0,1.0,0.0,0.0,0.0,4.22,1.0,1.0,,,0.0,2.0,3.0,3.0,0.0,,1.0,0.0,0.0,,6.0,23.0
2023,2021013066,2023-06-24,600003.0,大和,9.0,遊,3,1.0,1.0,3.0,3.0,0.0,0.0,0.0,0.0,0.0,0.0,0.0,,0.0,0.0,0.0,0.0,0.0,0.0,,,,,,,,,,,,,,,,,,,,,,
2023,2021013066,2023-06-24,900011.0,大田 泰示,0.0,右,3,1.0,1.0,3.0,3.0,0.0,1.0,1.0,0.0,0.0,0.0,0.0,,0.0,1.0,0.0,0.0,0.0,0.0,,,,,,,,,,,,,,,,,,,,,,
2023,2021013066,2023-06-24,900426.0,原口 文仁,94.0,打,5,1.0,0.0,1.0,1.0,0.0,0.0,0.0,0.0,0.0,0.0,0.0,,0.0,1.0,0.0,0.0,0.0,0.0,,,,,,,,,,,,,,,,,,,,,,
2023,2021013066,2023-06-24,1200053.0,宮崎 敏郎,51.0,三,3,1.0,1.0,4.0,4.0,0.0,0.0,0.0,0.0,0.0,0.0,0.0,,0.0,0.0,0.0,0.0,0.0,0.0,,,,,,,,,,,,,,,,,,,,,,
2023,2021013066,2023-06-24,1300038.0,関根 大気,63.0,中左,3,1.0,1.0,4.0,3.0,1.0,2.0,0.0,0.0,0.0,0.0,2.0,,0.0,0.0,1.0,0.0,0.0,0.0,,,,,,,,,,,,,,,,,,,,,,
2023,2021013066,2023-06-24,1300042.0,渡邉 諒,25.0,三,5,1.0,1.0,4.0,4.0,0.0,0.0,0.0,0.0,0.0,0.0,0.0,,0.0,0.0,0.0,0.0,0.0,1.0,,,,,,,,,,,,,,,,,,,,,,
2023,2021013066,2023-06-24,1300073.0,梅野 隆太郎,2.0,捕,5,1.0,1.0,3.0,3.0,0.0,0.0,0.0,0.0,0.0,0.0,0.0,,0.0,1.0,0.0,0.0,0.0,0.0,,,,,,,,,,,,,,,,,,,,,,
2023,2021013066,2023-06-24,1300076.0,加治屋 蓮,54.0,投,5,1.0,0.0,0.0,0.0,0.0,0.0,0.0,0.0,0.0,0.0,0.0,,0.0,0.0,0.0,0.0,0.0,0.0,2.0,1.0,0.0,0.0,1.0,1.37,1.0,1.0,,,1.0,0.0,0.0,0.0,0.0,,0.0,0.0,0.0,,3.0,10.0
2023,2021013066,2023-06-24,1500063.0,柴田 竜拓,31.0,三,3,1.0,0.0,0.0,0.0,0.0,0.0,0.0,0.0,0.0,0.0,0.0,,0.0,0.0,0.0,0.0,0.0,0.0,,,,,,,,,,,,,,,,,,,,,,
2023,2021013066,2023-06-24,1600089.0,佐野 恵太,7.0,左一,3,1.0,1.0,4.0,4.0,0.0,1.0,0.0,0.0,0.0,1.0,0.0,,0.0,0.0,0.0,0.0,0.0,0.0,,,,,,,,,,,,,,,,,,,,,,
2023,2021013066,2023-06-24,1600113.0,大山 悠輔,3.0,一,5,1.0,1.0,4.0,4.0,0.0,1.0,0.0,0.0,0.0,0.0,0.0,,0.0,1.0,0.0,0.0,0.0,0.0,,,,,,,,,,,,,,,,,,,,,,
2023,2021013066,2023-06-24,1700020.0,ソト,99.0,一,3,1.0,1.0,4.0,2.0,0.0,0.0,0.0,0.0,0.0,0.0,0.0,,2.0,0.0,0.0,0.0,0.0,0.0,,,,,,,,,,,,,,,,,,,,,,
2023,2021013066,2023-06-24,1700058.0,東 克樹,11.0,投,3,1.0,1.0,3.0,3.0,0.0,0.0,0.0,0.0,0.0,0.0,0.0,,0.0,2.0,0.0,0.0,0.0,0.0,1.0,1.0,,7.0,2.0,2.2,9.0,9.0,,,0.0,5.0,0.0,0.0,0.0,,0.0,9.0,0.0,,31.0,116.0
2023,2021013066,2023-06-24,1700059.0,神里 和毅,8.0,中,3,1.0,0.0,0.0,0.0,0.0,0.0,0.0,0.0,0.0,0.0,0.0,,0.0,0.0,0.0,0.0,0.0,0.0,,,,,,,,,,,,,,,,,,,,,,
2023,2021013066,2023-06-24,1700066.0,山本 祐大,50.0,捕,3,1.0,1.0,3.0,3.0,0.0,0.0,0.0,0.0,0.0,0.0,0.0,,0.0,0.0,0.0,0.0,0.0,0.0,,,,,,,,,,,,,,,,,,,,,,
2023,2021013066,2023-06-24,1800065.0,近本 光司,5.0,中,5,1.0,1.0,4.0,4.0,0.0,0.0,0.0,0.0,0.0,0.0,0.0,,0.0,1.0,0.0,0.0,0.0,0.0,,,,,,,,,,,,,,,,,,,,,,
2023,2021013066,2023-06-24,1800066.0,小幡 竜平,38.0,遊,5,1.0,0.0,0.0,0.0,0.0,0.0,0.0,0.0,0.0,0.0,0.0,,0.0,0.0,0.0,0.0,0.0,0.0,,,,,,,,,,,,,,,,,,,,,,
2023,2021013066,2023-06-24,1800067.0,木浪 聖也,0.0,遊,5,1.0,1.0,2.0,2.0,0.0,0.0,0.0,0.0,0.0,0.0,0.0,,0.0,0.0,0.0,0.0,0.0,0.0,,,,,,,,,,,,,,,,,,,,,,
2023,2021013066,2023-06-24,1850183.0,森下 翔太,1.0,右,5,1.0,1.0,3.0,3.0,0.0,1.0,0.0,0.0,0.0,0.0,0.0,,0.0,0.0,0.0,0.0,0.0,0.0,,,,,,,,,,,,,,,,,,,,,,
2023,2021013066,2023-06-24,1900035.0,蝦名 達夫,61.0,走右,3,1.0,0.0,1.0,1.0,1.0,1.0,0.0,0.0,0.0,0.0,0.0,,0.0,0.0,0.0,0.0,0.0,0.0,,,,,,,,,,,,,,,,,,,,,,
2023,2021013066,2023-06-24,1961251.0,ミエセス,55.0,左,5,1.0,1.0,3.0,3.0,0.0,1.0,0.0,0.0,0.0,0.0,0.0,,0.0,2.0,0.0,0.0,0.0,0.0,,,,,,,,,,,,,,,,,,,,,,
2023,2021013066,2023-06-24,1961285.0,ノイジー,7.0,打,5,1.0,0.0,1.0,1.0,0.0,0.0,0.0,0.0,0.0,0.0,0.0,,0.0,1.0,0.0,0.0,0.0,0.0,,,,,,,,,,,,,,,,,,,,,,
2023,2021013066,2023-06-24,2000035.0,牧 秀悟,2.0,二,3,1.0,1.0,4.0,4.0,0.0,1.0,1.0,0.0,0.0,1.0,0.0,,0.0,0.0,0.0,0.0,0.0,0.0,,,,,,,,,,,,,,,,,,,,,,
2023,2021013066,2023-06-24,2000052.0,伊藤 将司,27.0,投,5,1.0,1.0,2.0,2.0,0.0,0.0,0.0,0.0,0.0,0.0,0.0,,0.0,1.0,0.0,0.0,0.0,0.0,1.0,1.0,,2.0,2.0,2.48,7.0,7.0,,,0.0,6.0,2.0,2.0,0.0,,2.0,3.0,1.0,,30.0,108.0
2023,2021013066,2023-06-24,2000056.0,中野 拓夢,51.0,二,5,1.0,1.0,4.0,4.0,0.0,2.0,0.0,0.0,0.0,0.0,0.0,,0.0,1.0,0.0,0.0,0.0,0.0,,,,,,,,,,,,,,,,,,,,,,
2023,2021013067,2023-06-24,400021.0,青木 宣親,23.0,左,2,1.0,1.0,4.0,2.0,0.0,0.0,0.0,0.0,0.0,0.0,0.0,,2.0,2.0,0.0,0.0,0.0,0.0,,,,,,,,,,,,,,,,,,,,,,
2023,2021013067,2023-06-24,600011.0,川端 慎吾,5.0,打,2,1.0,0.0,1.0,1.0,0.0,0.0,0.0,0.0,0.0,0.0,0.0,,0.0,1.0,0.0,0.0,0.0,0.0,,,,,,,,,,,,,,,,,,,,,,
2023,2021013067,2023-06-24,700035.0,福田 永将,55.0,打,4,1.0,0.0,1.0,1.0,0.0,0.0,0.0,0.0,0.0,0.0,0.0,,0.0,0.0,0.0,0.0,0.0,0.0,,,,,,,,,,,,,,,,,,,,,,
2023,2021013067,2023-06-24,900410.0,大島 洋平,8.0,左,4,1.0,1.0,4.0,4.0,0.0,1.0,0.0,0.0,0.0,0.0,0.0,,0.0,0.0,0.0,0.0,0.0,0.0,,,,,,,,,,,,,,,,,,,,,,
2023,2021013067,2023-06-24,1000108.0,後藤 駿太,53.0,右,4,1.0,0.0,0.0,0.0,0.0,0.0,0.0,0.0,0.0,0.0,0.0,,0.0,0.0,0.0,0.0,0.0,0.0,,,,,,,,,,,,,,,,,,,,,,
2023,2021013067,2023-06-24,1000132.0,山田 哲人,1.0,二,2,1.0,1.0,4.0,3.0,0.0,0.0,0.0,0.0,0.0,0.0,0.0,,1.0,0.0,0.0,0.0,0.0,0.0,,,,,,,,,,,,,,,,,,,,,,
2023,2021013067,2023-06-24,1000134.0,西田 明央,30.0,一,2,1.0,0.0,0.0,0.0,0.0,0.0,0.0,0.0,0.0,0.0,0.0,,0.0,0.0,0.0,0.0,0.0,0.0,,,,,,,,,,,,,,,,,,,,,,
2023,2021013067,2023-06-24,1100069.0,高橋 周平,3.0,三,4,1.0,0.0,0.0,0.0,0.0,0.0,0.0,0.0,0.0,0.0,0.0,,0.0,0.0,0.0,0.0,0.0,0.0,,,,,,,,,,,,,,,,,,,,,,
2023,2021013067,2023-06-24,1200059.0,溝脇 隼人,48.0,二,4,1.0,0.0,0.0,0.0,0.0,0.0,0.0,0.0,0.0,0.0,0.0,,0.0,0.0,0.0,0.0,0.0,0.0,,,,,,,,,,,,,,,,,,,,,,
2023,2021013067,2023-06-24,1200075.0,石山 泰稚,12.0,投,2,1.0,0.0,0.0,0.0,0.0,0.0,0.0,0.0,0.0,0.0,0.0,,0.0,0.0,0.0,0.0,0.0,0.0,2.0,1.0,0.0,3.0,3.0,4.66,1.0,1.0,,,0.0,0.0,0.0,0.0,0.0,,0.0,1.0,0.0,,3.0,15.0
2023,2021013067,2023-06-24,1200076.0,小川 泰弘,29.0,投,2,1.0,1.0,3.0,2.0,0.0,0.0,0.0,0.0,0.0,0.0,0.0,,1.0,2.0,0.0,0.0,0.0,0.0,1.0,1.0,,3.0,7.0,4.24,7.0,7.0,,,0.0,5.0,3.0,3.0,1.0,,2.0,0.0,1.0,,28.0,99.0
2023,2021013067,2023-06-24,1300066.0,祖父江 大輔,33.0,投,4,1.0,0.0,0.0,0.0,0.0,0.0,0.0,0.0,0.0,0.0,0.0,,0.0,0.0,0.0,0.0,0.0,0.0,4.0,1.0,0.0,3.0,3.0,2.81,1.0,1.0,,,0.0,0.0,0.0,0.0,0.0,,0.0,1.0,0.0,,3.0,10.0
2023,2021013067,2023-06-24,1500044.0,山崎 晃大朗,31.0,走右,2,1.0,0.0,0.0,0.0,0.0,0.0,0.0,0.0,0.0,0.0,0.0,,0.0,0.0,0.0,0.0,0.0,0.0,,,,,,,,,,,,,,,,,,,,,,
2023,2021013067,2023-06-24,1500049.0,宇佐見 真吾,39.0,打,4,1.0,0.0,1.0,1.0,0.0,0.0,0.0,0.0,0.0,0.0,0.0,,0.0,0.0,0.0,0.0,0.0,0.0,,,,,,,,,,,,,,,,,,,,,,
2023,2021013067,2023-06-24,1600021.0,ビシエド,66.0,一,4,1.0,1.0,4.0,3.0,0.0,1.0,0.0,0.0,0.0,0.0,0.0,,1.0,0.0,0.0,0.0,0.0,0.0,,,,,,,,,,,,,,,,,,,,,,
2023,2021013067,2023-06-24,1600085.0,細川 成也,0.0,右,4,1.0,1.0,4.0,3.0,0.0,1.0,1.0,0.0,0.0,1.0,0.0,,1.0,1.0,0.0,0.0,0.0,0.0,,,,,,,,,,,,,,,,,,,,,,
2023,2021013067,2023-06-24,1660558.0,メヒア,91.0,投,4,1.0,1.0,1.0,1.0,0.0,0.0,0.0,0.0,0.0,0.0,0.0,,0.0,0.0,0.0,0.0,0.0,0.0,1.0,1.0,,0.0,0.0,2.25,4.0,4.0,,,0.0,1.0,1.0,1.0,0.0,,5.0,0.0,0.0,,17.0,94.0
2023,2021013067,2023-06-24,1700010.0,マルティネス,92.0,投,4,1.0,0.0,0.0,0.0,0.0,0.0,0.0,0.0,0.0,0.0,0.0,,0.0,0.0,0.0,0.0,0.0,0.0,6.0,1.0,0.0,1.0,1.0,0.0,1.0,1.0,,,16.0,1.0,0.0,0.0,0.0,,0.0,2.0,0.0,,4.0,12.0
2023,2021013067,2023-06-24,1700084.0,村上 宗隆,55.0,三,2,1.0,1.0,4.0,3.0,0.0,0.0,0.0,0.0,0.0,1.0,0.0,,0.0,1.0,0.0,0.0,1.0,0.0,,,,,,,,,,,,,,,,,,,,,,
2023,2021013067,2023-06-24,1700089.0,宮本 丈,39.0,打,2,1.0,0.0,1.0,1.0,0.0,0.0,0.0,0.0,0.0,0.0,0.0,,0.0,0.0,0.0,0.0,0.0,0.0,,,,,,,,,,,,,,,,,,,,,,
2023,2021013067,2023-06-24,1700104.0,清水 達也,50.0,投,4,1.0,0.0,0.0,0.0,0.0,0.0,0.0,0.0,0.0,0.0,0.0,,0.0,0.0,0.0,0.0,0.0,0.0,5.0,1.0,0.0,1.0,1.0,2.08,1.0,1.0,,,0.0,0.0,0.0,0.0,0.0,,2.0,1.0,0.0,,5.0,28.0
2023,2021013067,2023-06-24,1700105.0,伊藤 康祐,49.0,左,4,1.0,0.0,0.0,0.0,0.0,0.0,0.0,0.0,0.0,0.0,0.0,,0.0,0.0,0.0,0.0,0.0,0.0,,,,,,,,,,,,,,,,,,,,,,
2023,2021013067,2023-06-24,1800061.0,勝野 昌慶,41.0,投,4,1.0,0.0,0.0,0.0,0.0,0.0,0.0,0.0,0.0,0.0,0.0,,0.0,0.0,0.0,0.0,0.0,0.0,3.0,1.0,0.0,3.0,1.0,1.32,1.0,1.0,,,0.0,1.0,0.0,0.0,0.0,,0.0,3.0,0.0,,4.0,14.0
2023,2021013067,2023-06-24,1800062.0,石橋 康太,58.0,捕,4,1.0,1.0,3.0,3.0,1.0,1.0,0.0,0.0,1.0,2.0,0.0,,0.0,0.0,0.0,0.0,0.0,0.0,,,,,,,,,,,,,,,,,,,,,,
2023,2021013067,2023-06-24,1900028.0,長岡 秀樹,7.0,遊,2,1.0,1.0,4.0,4.0,0.0,1.0,0.0,0.0,0.0,0.0,0.0,,0.0,0.0,0.0,0.0,0.0,0.0,,,,,,,,,,,,,,,,,,,,,,
2023,2021013067,2023-06-24,1900037.0,石川 昂弥,25.0,三,4,1.0,1.0,3.0,2.0,0.0,0.0,0.0,0.0,0.0,0.0,0.0,,0.0,0.0,1.0,0.0,0.0,0.0,,,,,,,,,,,,,,,,,,,,,,
2023,2021013067,2023-06-24,1900041.0,岡林 勇希,60.0,中,4,1.0,1.0,4.0,4.0,1.0,0.0,0.0,0.0,0.0,0.0,0.0,,0.0,0.0,0.0,0.0,0.0,0.0,,,,,,,,,,,,,,,,,,,,,,
2023,2021013067,2023-06-24,2000026.0,内山 壮真,33.0,捕,2,1.0,1.0,3.0,2.0,0.0,0.0,0.0,0.0,0.0,0.0,0.0,,1.0,1.0,0.0,0.0,0.0,0.0,,,,,,,,,,,,,,,,,,,,,,
2023,2021013067,2023-06-24,2000028.0,並木 秀尊,0.0,中,2,1.0,1.0,5.0,5.0,1.0,2.0,1.0,0.0,0.0,0.0,1.0,,0.0,1.0,0.0,0.0,0.0,0.0,,,,,,,,,,,,,,,,,,,,,,
2023,2021013067,2023-06-24,2000044.0,龍空,45.0,遊,4,1.0,1.0,3.0,2.0,0.0,0.0,0.0,0.0,0.0,0.0,0.0,,0.0,0.0,0.0,1.0,0.0,0.0,,,,,,,,,,,,,,,,,,,,,,
2023,2021013067,2023-06-24,2000133.0,オスナ,13.0,一,2,1.0,1.0,4.0,2.0,0.0,0.0,0.0,0.0,0.0,0.0,0.0,,2.0,1.0,0.0,0.0,0.0,0.0,,,,,,,,,,,,,,,,,,,,,,
2023,2021013067,2023-06-24,2000135.0,サンタナ,25.0,右,2,1.0,1.0,4.0,4.0,0.0,1.0,1.0,0.0,0.0,0.0,0.0,,0.0,0.0,0.0,0.0,0.0,0.0,,,,,,,,,,,,,,,,,,,,,,
2023,2021013067,2023-06-24,2103780.0,福永 裕基,68.0,二,4,1.0,1.0,3.0,3.0,1.0,1.0,0.0,0.0,0.0,0.0,0.0,,0.0,0.0,0.0,0.0,0.0,0.0,,,,,,,,,,,,,,,,,,,,,,
2023,2021013067,2023-06-24,2107869.0,松山 晋也,90.0,投,4,1.0,0.0,0.0,0.0,0.0,0.0,0.0,0.0,0.0,0.0,0.0,,0.0,0.0,0.0,0.0,0.0,0.0,2.0,1.0,0.0,0.0,0.0,0.0,1.0,1.0,,,0.0,1.0,0.0,0.0,0.0,,0.0,2.0,0.0,,4.0,16.0
2023,2021013068,2023-06-24,700050.0,會澤 翼,27.0,捕,6,1.0,1.0,3.0,2.0,0.0,0.0,0.0,0.0,0.0,0.0,0.0,,1.0,0.0,0.0,0.0,0.0,0.0,,,,,,,,,,,,,,,,,,,,,,
2023,2021013068,2023-06-24,800043.0,丸 佳浩,8.0,右,1,1.0,1.0,4.0,4.0,0.0,0.0,0.0,0.0,0.0,0.0,0.0,,0.0,0.0,0.0,0.0,0.0,0.0,,,,,,,,,,,,,,,,,,,,,,
2023,2021013068,2023-06-24,800054.0,中田 翔,10.0,一,1,1.0,1.0,4.0,4.0,0.0,1.0,1.0,0.0,0.0,0.0,0.0,,0.0,2.0,0.0,0.0,0.0,0.0,,,,,,,,,,,,,,,,,,,,,,
2023,2021013068,2023-06-24,900430.0,堂林 翔太,7.0,一,6,1.0,1.0,3.0,3.0,1.0,1.0,0.0,0.0,1.0,1.0,0.0,,0.0,1.0,0.0,0.0,0.0,0.0,,,,,,,,,,,,,,,,,,,,,,
2023,2021013068,2023-06-24,1000150.0,秋山 翔吾,9.0,中,6,1.0,1.0,4.0,4.0,0.0,0.0,0.0,0.0,0.0,0.0,0.0,,0.0,3.0,0.0,0.0,0.0,0.0,,,,,,,,,,,,,,,,,,,,,,
2023,2021013068,2023-06-24,1100082.0,菊池 涼介,33.0,二,6,1.0,1.0,4.0,4.0,0.0,1.0,0.0,0.0,0.0,0.0,0.0,,0.0,1.0,0.0,0.0,0.0,0.0,,,,,,,,,,,,,,,,,,,,,,
2023,2021013068,2023-06-24,1200070.0,上本 崇司,0.0,遊三,6,1.0,1.0,4.0,4.0,1.0,1.0,0.0,0.0,0.0,0.0,1.0,,0.0,1.0,0.0,0.0,0.0,0.0,,,,,,,,,,,,,,,,,,,,,,
2023,2021013068,2023-06-24,1300037.0,三上 朋也,69.0,投,1,1.0,0.0,0.0,0.0,0.0,0.0,0.0,0.0,0.0,0.0,0.0,,0.0,0.0,0.0,0.0,0.0,0.0,2.0,1.0,0.0,0.0,1.0,2.53,0.6666666666666666,0.2,,,0.0,0.0,0.0,0.0,0.0,,1.0,0.0,0.0,,2.0,7.0
2023,2021013068,2023-06-24,1300057.0,大瀬良 大地,14.0,投,6,1.0,1.0,2.0,2.0,0.0,0.0,0.0,0.0,0.0,0.0,0.0,,0.0,0.0,0.0,0.0,0.0,0.0,1.0,1.0,,3.0,5.0,3.02,7.0,7.0,,,0.0,3.0,0.0,0.0,0.0,,0.0,9.0,0.0,,25.0,103.0
2023,2021013068,2023-06-24,1300059.0,田中 広輔,2.0,打,6,1.0,0.0,1.0,0.0,0.0,0.0,0.0,0.0,0.0,0.0,0.0,,1.0,0.0,0.0,0.0,0.0,0.0,,,,,,,,,,,,,,,,,,,,,,
2023,2021013068,2023-06-24,1300082.0,曽根 海成,0.0,右,6,1.0,0.0,1.0,1.0,0.0,0.0,0.0,0.0,0.0,0.0,0.0,,0.0,0.0,0.0,0.0,0.0,0.0,,,,,,,,,,,,,,,,,,,,,,
2023,2021013068,2023-06-24,1400101.0,岡本 和真,25.0,三,1,1.0,1.0,4.0,4.0,0.0,0.0,0.0,0.0,0.0,0.0,0.0,,0.0,1.0,0.0,0.0,0.0,0.0,,,,,,,,,,,,,,,,,,,,,,
2023,2021013068,2023-06-24,1460004.0,デビッドソン,95.0,三,6,1.0,1.0,4.0,2.0,0.0,0.0,0.0,0.0,0.0,0.0,0.0,,1.0,0.0,1.0,0.0,0.0,1.0,,,,,,,,,,,,,,,,,,,,,,
2023,2021013068,2023-06-24,1500047.0,重信 慎之介,43.0,中,1,1.0,1.0,3.0,3.0,0.0,0.0,0.0,0.0,0.0,0.0,0.0,,0.0,2.0,0.0,0.0,0.0,0.0,,,,,,,,,,,,,,,,,,,,,,
2023,2021013068,2023-06-24,1500096.0,西川 龍馬,5.0,左,6,1.0,1.0,4.0,4.0,1.0,2.0,0.0,1.0,0.0,1.0,0.0,,0.0,0.0,0.0,0.0,0.0,0.0,,,,,,,,,,,,,,,,,,,,,,
2023,2021013068,2023-06-24,1600059.0,吉川 尚輝,2.0,二,1,1.0,1.0,4.0,4.0,0.0,2.0,0.0,0.0,0.0,0.0,1.0,,0.0,1.0,0.0,0.0,0.0,0.0,,,,,,,,,,,,,,,,,,,,,,
2023,2021013068,2023-06-24,1600064.0,大江 竜聖,64.0,投,1,1.0,0.0,0.0,0.0,0.0,0.0,0.0,0.0,0.0,0.0,0.0,,0.0,0.0,0.0,0.0,0.0,0.0,5.0,1.0,0.0,4.0,0.0,3.0,1.0,1.0,,,0.0,0.0,0.0,0.0,0.0,,0.0,0.0,0.0,,3.0,9.0
2023,2021013068,2023-06-24,1600070.0,松原 聖弥,59.0,打,1,1.0,0.0,1.0,1.0,0.0,0.0,0.0,0.0,0.0,0.0,0.0,,0.0,0.0,0.0,0.0,0.0,0.0,,,,,,,,,,,,,,,,,,,,,,
2023,2021013068,2023-06-24,1600121.0,矢崎 拓也,41.0,投,6,1.0,0.0,0.0,0.0,0.0,0.0,0.0,0.0,0.0,0.0,0.0,,0.0,0.0,0.0,0.0,0.0,0.0,3.0,1.0,0.0,4.0,0.0,2.21,1.0,1.0,,,10.0,0.0,0.0,0.0,0.0,,0.0,0.0,0.0,,3.0,12.0
2023,2021013068,2023-06-24,1660388.0,メンデス,65.0,投,1,1.0,1.0,1.0,1.0,0.0,0.0,0.0,0.0,0.0,0.0,0.0,,0.0,1.0,0.0,0.0,0.0,0.0,1.0,1.0,,1.0,2.0,2.61,3.333333333333333,3.1,,,0.0,4.0,3.0,3.0,1.0,,1.0,3.0,0.0,,15.0,60.0
2023,2021013068,2023-06-24,1700043.0,岸田 行倫,27.0,捕,1,1.0,0.0,0.0,0.0,0.0,0.0,0.0,0.0,0.0,0.0,0.0,,0.0,0.0,0.0,0.0,0.0,0.0,,,,,,,,,,,,,,,,,,,,,,
2023,2021013068,2023-06-24,1700044.0,大城 卓三,24.0,捕,1,1.0,1.0,3.0,3.0,0.0,0.0,0.0,0.0,0.0,0.0,0.0,,0.0,1.0,0.0,0.0,0.0,0.0,,,,,,,,,,,,,,,,,,,,,,
2023,2021013068,2023-06-24,1700047.0,若林 晃弘,37.0,打遊中,1,1.0,0.0,2.0,2.0,0.0,1.0,0.0,0.0,0.0,0.0,0.0,,0.0,1.0,0.0,0.0,0.0,0.0,,,,,,,,,,,,,,,,,,,,,,
2023,2021013068,2023-06-24,1700110.0,鈴木 康平,32.0,投,1,1.0,0.0,0.0,0.0,0.0,0.0,0.0,0.0,0.0,0.0,0.0,,0.0,0.0,0.0,0.0,0.0,0.0,3.0,1.0,0.0,0.0,1.0,5.06,2.0,2.0,,,0.0,1.0,0.0,0.0,0.0,,0.0,2.0,1.0,,8.0,38.0
2023,2021013068,2023-06-24,1800073.0,島内 颯太郎,43.0,投,6,1.0,0.0,0.0,0.0,0.0,0.0,0.0,0.0,0.0,0.0,0.0,,0.0,0.0,0.0,0.0,0.0,0.0,2.0,1.0,0.0,1.0,2.0,2.42,1.0,1.0,,,2.0,3.0,1.0,1.0,0.0,,0.0,1.0,0.0,,6.0,27.0
2023,2021013068,2023-06-24,2000007.0,中山 礼都,40.0,打遊,1,1.0,0.0,1.0,1.0,1.0,1.0,0.0,0.0,0.0,0.0,0.0,,0.0,0.0,0.0,0.0,0.0,0.0,,,,,,,,,,,,,,,,,,,,,,
2023,2021013068,2023-06-24,2000009.0,秋広 優人,55.0,左,1,1.0,1.0,4.0,3.0,0.0,1.0,1.0,0.0,0.0,1.0,0.0,,0.0,0.0,0.0,0.0,1.0,0.0,,,,,,,,,,,,,,,,,,,,,,
2023,2021013068,2023-06-24,2000065.0,矢野 雅哉,61.0,遊,6,1.0,0.0,0.0,0.0,0.0,0.0,0.0,0.0,0.0,0.0,0.0,,0.0,0.0,0.0,0.0,0.0,0.0,,,,,,,,,,,,,,,,,,,,,,
2023,2021013068,2023-06-24,2103768.0,末包 昇大,52.0,右,6,1.0,1.0,3.0,3.0,0.0,1.0,0.0,0.0,0.0,1.0,0.0,,0.0,1.0,0.0,0.0,0.0,0.0,,,,,,,,,,,,,,,,,,,,,,
2023,2021013068,2023-06-24,2105889.0,ウォーカー,44.0,打,1,1.0,0.0,1.0,1.0,0.0,0.0,0.0,0.0,0.0,0.0,0.0,,0.0,1.0,0.0,0.0,0.0,0.0,,,,,,,,,,,,,,,,,,,,,,
2023,2021013068,2023-06-24,2107874.0,門脇 誠,35.0,遊,1,1.0,1.0,2.0,2.0,0.0,0.0,0.0,0.0,0.0,0.0,0.0,,0.0,0.0,0.0,0.0,0.0,0.0,,,,,,,,,,,,,,,,,,,,,,
2023,2021013068,2023-06-24,2107899.0,田中 千晴,48.0,投,1,1.0,0.0,0.0,0.0,0.0,0.0,0.0,0.0,0.0,0.0,0.0,,0.0,0.0,0.0,0.0,0.0,0.0,4.0,1.0,0.0,1.0,3.0,4.66,1.0,1.0,,,0.0,1.0,0.0,0.0,0.0,,1.0,2.0,0.0,,5.0,30.0
2023,2021013069,2023-06-24,900056.0,浅村 栄斗,3.0,指,376,1.0,1.0,4.0,3.0,0.0,0.0,0.0,0.0,0.0,0.0,0.0,,1.0,0.0,0.0,0.0,0.0,0.0,,,,,,,,,,,,,,,,,,,,,,
2023,2021013069,2023-06-24,900090.0,辛島 航,58.0,,376,,,,,,,,,,,,,,,,,,,1.0,1.0,,0.0,1.0,2.12,5.333333333333333,5.1,,,0.0,7.0,1.0,1.0,1.0,,0.0,2.0,0.0,,23.0,71.0
2023,2021013069,2023-06-24,1100103.0,鈴木 大地,7.0,一三,376,1.0,1.0,4.0,3.0,0.0,0.0,0.0,0.0,0.0,0.0,0.0,,0.0,1.0,1.0,0.0,0.0,1.0,,,,,,,,,,,,,,,,,,,,,,
2023,2021013069,2023-06-24,1100130.0,岡島 豪郎,27.0,左,376,1.0,1.0,4.0,4.0,0.0,0.0,0.0,0.0,0.0,0.0,0.0,,0.0,0.0,0.0,0.0,0.0,0.0,,,,,,,,,,,,,,,,,,,,,,
2023,2021013069,2023-06-24,1100132.0,島内 宏明,35.0,打,376,1.0,0.0,1.0,0.0,0.0,0.0,0.0,0.0,0.0,0.0,0.0,,1.0,0.0,0.0,0.0,0.0,0.0,,,,,,,,,,,,,,,,,,,,,,
2023,2021013069,2023-06-24,1200082.0,増田 達至,14.0,,7,,,,,,,,,,,,,,,,,,,2.0,1.0,0.0,2.0,1.0,5.4,1.0,1.0,,,11.0,0.0,0.0,0.0,0.0,,1.0,1.0,0.0,,4.0,16.0
2023,2021013069,2023-06-24,1200083.0,金子 侑司,7.0,左,7,1.0,0.0,0.0,0.0,0.0,0.0,0.0,0.0,0.0,0.0,0.0,,0.0,0.0,0.0,0.0,0.0,0.0,,,,,,,,,,,,,,,,,,,,,,
2023,2021013069,2023-06-24,1400139.0,安樂 智大,20.0,,376,,,,,,,,,,,,,,,,,,,2.0,1.0,0.0,0.0,0.0,2.63,0.6666666666666666,0.2,,,0.0,0.0,0.0,0.0,0.0,,1.0,0.0,0.0,,3.0,15.0
2023,2021013069,2023-06-24,1400182.0,高橋 光成,13.0,,7,,,,,,,,,,,,,,,,,,,1.0,1.0,,5.0,5.0,1.92,8.0,8.0,,,0.0,4.0,0.0,0.0,0.0,,2.0,3.0,1.0,,31.0,110.0
2023,2021013069,2023-06-24,1400184.0,外崎 修汰,5.0,二,7,1.0,1.0,4.0,4.0,0.0,1.0,0.0,0.0,0.0,0.0,0.0,,0.0,2.0,0.0,0.0,0.0,0.0,,,,,,,,,,,,,,,,,,,,,,
2023,2021013069,2023-06-24,1500105.0,呉 念庭,39.0,三,7,1.0,1.0,4.0,4.0,0.0,1.0,0.0,0.0,0.0,0.0,0.0,,0.0,2.0,0.0,0.0,0.0,0.0,,,,,,,,,,,,,,,,,,,,,,
2023,2021013069,2023-06-24,1600007.0,村林 一輝,66.0,走,376,1.0,0.0,0.0,0.0,0.0,0.0,0.0,0.0,0.0,0.0,0.0,,0.0,0.0,0.0,0.0,0.0,0.0,,,,,,,,,,,,,,,,,,,,,,
2023,2021013069,2023-06-24,1600129.0,源田 壮亮,6.0,遊,7,1.0,1.0,5.0,5.0,0.0,1.0,0.0,0.0,0.0,0.0,0.0,,0.0,0.0,0.0,0.0,0.0,0.0,,,,,,,,,,,,,,,,,,,,,,
2023,2021013069,2023-06-24,1600130.0,鈴木 将平,46.0,左,7,1.0,1.0,5.0,5.0,0.0,1.0,0.0,0.0,0.0,0.0,1.0,,0.0,0.0,0.0,0.0,0.0,0.0,,,,,,,,,,,,,,,,,,,,,,
2023,2021013069,2023-06-24,1700034.0,山崎 剛,34.0,遊,376,1.0,1.0,3.0,3.0,0.0,0.0,0.0,0.0,0.0,0.0,0.0,,0.0,0.0,0.0,0.0,0.0,0.0,,,,,,,,,,,,,,,,,,,,,,
2023,2021013069,2023-06-24,1750472.0,古賀 悠斗,22.0,捕,7,1.0,1.0,4.0,4.0,0.0,1.0,0.0,0.0,0.0,0.0,0.0,,0.0,0.0,0.0,0.0,0.0,0.0,,,,,,,,,,,,,,,,,,,,,,
2023,2021013069,2023-06-24,1800044.0,伊藤 裕季也,39.0,三,376,1.0,1.0,2.0,2.0,0.0,0.0,0.0,0.0,0.0,0.0,0.0,,0.0,0.0,0.0,0.0,0.0,0.0,,,,,,,,,,,,,,,,,,,,,,
2023,2021013069,2023-06-24,1800117.0,辰己 涼介,8.0,中,376,1.0,1.0,4.0,4.0,0.0,1.0,0.0,0.0,0.0,0.0,0.0,,0.0,1.0,0.0,0.0,0.0,0.0,,,,,,,,,,,,,,,,,,,,,,
2023,2021013069,2023-06-24,1800118.0,太田 光,2.0,捕,376,1.0,1.0,3.0,3.0,0.0,0.0,0.0,0.0,0.0,0.0,0.0,,0.0,0.0,0.0,0.0,0.0,0.0,,,,,,,,,,,,,,,,,,,,,,
2023,2021013069,2023-06-24,1800122.0,渡邊 佳明,48.0,一,376,1.0,0.0,1.0,0.0,0.0,0.0,0.0,0.0,0.0,0.0,0.0,,1.0,0.0,0.0,0.0,0.0,0.0,,,,,,,,,,,,,,,,,,,,,,
2023,2021013069,2023-06-24,1800123.0,小郷 裕哉,51.0,右,376,1.0,1.0,4.0,4.0,0.0,2.0,0.0,0.0,0.0,0.0,0.0,,0.0,1.0,0.0,0.0,0.0,0.0,,,,,,,,,,,,,,,,,,,,,,
2023,2021013069,2023-06-24,1800124.0,鈴木 翔天,56.0,,376,,,,,,,,,,,,,,,,,,,3.0,1.0,0.0,1.0,0.0,4.26,1.0,1.0,,,0.0,0.0,0.0,0.0,0.0,,0.0,1.0,0.0,,4.0,17.0
2023,2021013069,2023-06-24,1850820.0,蛭間 拓哉,9.0,右,7,1.0,1.0,4.0,3.0,0.0,1.0,0.0,0.0,0.0,0.0,0.0,,0.0,0.0,0.0,1.0,0.0,0.0,,,,,,,,,,,,,,,,,,,,,,
2023,2021013069,2023-06-24,1900068.0,岸 潤一郎,68.0,中,7,1.0,1.0,4.0,4.0,1.0,2.0,0.0,0.0,1.0,1.0,0.0,,0.0,0.0,0.0,0.0,0.0,0.0,,,,,,,,,,,,,,,,,,,,,,
2023,2021013069,2023-06-24,1900112.0,小深田 大翔,0.0,二,376,1.0,1.0,4.0,4.0,0.0,1.0,0.0,0.0,0.0,0.0,0.0,,0.0,1.0,0.0,0.0,0.0,0.0,,,,,,,,,,,,,,,,,,,,,,
2023,2021013069,2023-06-24,2000067.0,渡部 健人,8.0,一,7,1.0,1.0,4.0,4.0,0.0,0.0,0.0,0.0,0.0,0.0,0.0,,0.0,1.0,0.0,0.0,0.0,0.0,,,,,,,,,,,,,,,,,,,,,,
2023,2021013069,2023-06-24,2000126.0,内 星龍,69.0,,376,,,,,,,,,,,,,,,,,,,5.0,1.0,0.0,3.0,1.0,3.08,1.0,1.0,,,0.0,1.0,0.0,0.0,0.0,,0.0,0.0,0.0,,4.0,13.0
2023,2021013069,2023-06-24,2103740.0,安田 悠馬,55.0,打,376,1.0,0.0,1.0,1.0,0.0,0.0,0.0,0.0,0.0,0.0,0.0,,0.0,0.0,0.0,0.0,0.0,0.0,,,,,,,,,,,,,,,,,,,,,,
2023,2021013069,2023-06-24,2105140.0,渡辺 翔太,31.0,,376,,,,,,,,,,,,,,,,,,,4.0,1.0,0.0,2.0,0.0,0.0,1.0,1.0,,,0.0,0.0,0.0,0.0,0.0,,1.0,2.0,0.0,,4.0,18.0
2023,2021013069,2023-06-24,2108196.0,マキノン,30.0,指,7,1.0,1.0,4.0,2.0,0.0,0.0,0.0,0.0,0.0,0.0,0.0,,2.0,0.0,0.0,0.0,0.0,0.0,,,,,,,,,,,,,,,,,,,,,,
2023,2021013070,2023-06-24,700087.0,角中 勝也,3.0,左,9,1.0,1.0,3.0,3.0,0.0,0.0,0.0,0.0,0.0,0.0,0.0,,0.0,0.0,0.0,0.0,0.0,0.0,,,,,,,,,,,,,,,,,,,,,,
2023,2021013070,2023-06-24,800052.0,宮西 尚生,25.0,,8,,,,,,,,,,,,,,,,,,,3.0,1.0,0.0,1.0,2.0,1.8,0.6666666666666666,0.2,,,1.0,2.0,1.0,1.0,0.0,,0.0,1.0,0.0,,4.0,13.0
2023,2021013070,2023-06-24,1100095.0,松本 剛,7.0,左,8,1.0,1.0,4.0,4.0,0.0,0.0,0.0,0.0,0.0,0.0,0.0,,0.0,0.0,0.0,0.0,0.0,0.0,,,,,,,,,,,,,,,,,,,,,,
2023,2021013070,2023-06-24,1100099.0,上沢 直之,15.0,,8,,,,,,,,,,,,,,,,,,,1.0,1.0,,6.0,4.0,3.0,7.0,7.0,,,0.0,6.0,4.0,3.0,2.0,,0.0,4.0,1.0,,28.0,100.0
2023,2021013070,2023-06-24,1100104.0,益田 直也,52.0,,9,,,,,,,,,,,,,,,,,,,6.0,1.0,0.0,2.0,0.0,1.69,1.0,1.0,,,18.0,1.0,0.0,0.0,0.0,,0.0,1.0,0.0,,3.0,10.0
2023,2021013070,2023-06-24,1200096.0,田村 龍弘,27.0,捕,9,1.0,1.0,4.0,4.0,0.0,1.0,0.0,0.0,0.0,0.0,0.0,,0.0,0.0,0.0,0.0,0.0,0.0,,,,,,,,,,,,,,,,,,,,,,
2023,2021013070,2023-06-24,1200100.0,伏見 寅威,23.0,捕,8,1.0,1.0,4.0,3.0,0.0,0.0,0.0,0.0,0.0,0.0,0.0,,0.0,1.0,0.0,1.0,0.0,0.0,,,,,,,,,,,,,,,,,,,,,,
2023,2021013070,2023-06-24,1251037.0,上川畑 大悟,4.0,遊,8,1.0,0.0,1.0,1.0,0.0,1.0,1.0,0.0,0.0,0.0,0.0,,0.0,0.0,0.0,0.0,0.0,0.0,,,,,,,,,,,,,,,,,,,,,,
2023,2021013070,2023-06-24,1300044.0,岡 大海,25.0,右左,9,1.0,1.0,3.0,3.0,0.0,0.0,0.0,0.0,0.0,0.0,0.0,,0.0,0.0,0.0,0.0,0.0,0.0,,,,,,,,,,,,,,,,,,,,,,
2023,2021013070,2023-06-24,1400170.0,江越 大賀,37.0,中,8,1.0,1.0,4.0,3.0,0.0,1.0,0.0,0.0,0.0,1.0,1.0,,0.0,2.0,0.0,1.0,0.0,0.0,,,,,,,,,,,,,,,,,,,,,,
2023,2021013070,2023-06-24,1400188.0,中村 奨吾,8.0,二,9,1.0,1.0,4.0,4.0,0.0,1.0,0.0,0.0,0.0,0.0,0.0,,0.0,0.0,0.0,0.0,0.0,0.0,,,,,,,,,,,,,,,,,,,,,,
2023,2021013070,2023-06-24,1400190.0,岩下 大輝,46.0,,9,,,,,,,,,,,,,,,,,,,2.0,1.0,0.0,1.0,0.0,1.13,1.0,1.0,,,0.0,0.0,0.0,0.0,0.0,,0.0,1.0,0.0,,3.0,14.0
2023,2021013070,2023-06-24,1460080.0,ポランコ,22.0,指,9,1.0,1.0,4.0,4.0,2.0,2.0,1.0,0.0,1.0,2.0,0.0,,0.0,0.0,0.0,0.0,0.0,0.0,,,,,,,,,,,,,,,,,,,,,,
2023,2021013070,2023-06-24,1560396.0,ハンソン,94.0,遊,8,1.0,1.0,3.0,3.0,1.0,1.0,0.0,0.0,0.0,1.0,0.0,,0.0,1.0,0.0,0.0,0.0,1.0,,,,,,,,,,,,,,,,,,,,,,
2023,2021013070,2023-06-24,1600134.0,石井 一成,38.0,二,8,1.0,1.0,5.0,4.0,0.0,1.0,0.0,0.0,0.0,1.0,0.0,,1.0,2.0,0.0,0.0,0.0,0.0,,,,,,,,,,,,,,,,,,,,,,
2023,2021013070,2023-06-24,1660014.0,ペルドモ,55.0,,9,,,,,,,,,,,,,,,,,,,5.0,1.0,0.0,0.0,0.0,1.67,1.0,1.0,,,1.0,1.0,0.0,0.0,0.0,,0.0,0.0,0.0,,4.0,12.0
2023,2021013070,2023-06-24,1700002.0,メルセデス,42.0,,9,,,,,,,,,,,,,,,,,,,1.0,1.0,,3.0,3.0,2.51,4.0,4.0,,,1.0,8.0,4.0,4.0,0.0,,0.0,4.0,0.0,,18.0,71.0
2023,2021013070,2023-06-24,1700025.0,清宮 幸太郎,21.0,三,8,1.0,1.0,4.0,4.0,1.0,2.0,1.0,0.0,0.0,0.0,0.0,,0.0,1.0,0.0,0.0,0.0,0.0,,,,,,,,,,,,,,,,,,,,,,
2023,2021013070,2023-06-24,1700026.0,西村 天裕,40.0,,9,,,,,,,,,,,,,,,,,,,4.0,1.0,0.0,0.0,0.0,0.75,1.0,1.0,,,0.0,0.0,0.0,0.0,0.0,,1.0,1.0,0.0,,5.0,17.0
2023,2021013070,2023-06-24,1700092.0,安田 尚憲,5.0,三,9,1.0,1.0,4.0,3.0,0.0,0.0,0.0,0.0,0.0,1.0,0.0,,0.0,2.0,0.0,0.0,1.0,0.0,,,,,,,,,,,,,,,,,,,,,,
2023,2021013070,2023-06-24,1700098.0,和田 康士朗,63.0,走,9,1.0,0.0,0.0,0.0,1.0,0.0,0.0,0.0,0.0,0.0,0.0,,0.0,0.0,0.0,0.0,0.0,0.0,,,,,,,,,,,,,,,,,,,,,,
2023,2021013070,2023-06-24,1800050.0,藤原 恭大,1.0,中,9,1.0,1.0,4.0,3.0,1.0,1.0,0.0,0.0,0.0,0.0,0.0,,0.0,1.0,1.0,0.0,0.0,0.0,,,,,,,,,,,,,,,,,,,,,,
2023,2021013070,2023-06-24,1800051.0,東妻 勇輔,24.0,,9,,,,,,,,,,,,,,,,,,,3.0,1.0,0.0,0.0,1.0,2.65,1.0,1.0,,,0.0,0.0,0.0,0.0,0.0,,1.0,3.0,0.0,,4.0,15.0
2023,2021013070,2023-06-24,1800053.0,山口 航輝,51.0,一,9,1.0,1.0,4.0,4.0,1.0,1.0,0.0,0.0,1.0,2.0,0.0,,0.0,2.0,0.0,0.0,0.0,0.0,,,,,,,,,,,,,,,,,,,,,,
2023,2021013070,2023-06-24,1800091.0,野村 佑希,5.0,一,8,1.0,1.0,4.0,4.0,1.0,1.0,0.0,0.0,0.0,0.0,0.0,,0.0,1.0,0.0,0.0,0.0,0.0,,,,,,,,,,,,,,,,,,,,,,
2023,2021013070,2023-06-24,1800093.0,万波 中正,66.0,右,8,1.0,1.0,4.0,4.0,0.0,1.0,0.0,0.0,0.0,1.0,0.0,,0.0,2.0,0.0,0.0,0.0,0.0,,,,,,,,,,,,,,,,,,,,,,
2023,2021013070,2023-06-24,1900070.0,河野 竜生,28.0,,8,,,,,,,,,,,,,,,,,,,2.0,1.0,0.0,0.0,1.0,1.27,1.0,1.0,,,0.0,0.0,0.0,0.0,0.0,,0.0,0.0,0.0,,3.0,13.0
2023,2021013070,2023-06-24,1900097.0,大下 誠一郎,39.0,打,9,1.0,0.0,1.0,1.0,0.0,1.0,0.0,0.0,0.0,0.0,0.0,,0.0,0.0,0.0,0.0,0.0,0.0,,,,,,,,,,,,,,,,,,,,,,
2023,2021013070,2023-06-24,1961860.0,加藤 豪将,3.0,指,8,1.0,1.0,4.0,3.0,1.0,2.0,0.0,0.0,0.0,0.0,0.0,,1.0,0.0,0.0,0.0,0.0,0.0,,,,,,,,,,,,,,,,,,,,,,
2023,2021013070,2023-06-24,2000089.0,小川 龍成,57.0,右,9,1.0,0.0,0.0,0.0,0.0,0.0,0.0,0.0,0.0,0.0,0.0,,0.0,0.0,0.0,0.0,0.0,0.0,,,,,,,,,,,,,,,,,,,,,,
2023,2021013070,2023-06-24,2103693.0,池田 来翔,0.0,走,9,1.0,0.0,0.0,0.0,0.0,0.0,0.0,0.0,0.0,0.0,0.0,,0.0,0.0,0.0,0.0,0.0,0.0,,,,,,,,,,,,,,,,,,,,,,
2023,2021013070,2023-06-24,2106798.0,友杉 篤輝,10.0,遊,9,1.0,1.0,4.0,3.0,0.0,1.0,0.0,0.0,0.0,0.0,0.0,,0.0,0.0,0.0,1.0,0.0,1.0,,,,,,,,,,,,,,,,,,,,,,
2023,2021013071,2023-06-24,800081.0,中村 晃,7.0,一,12,1.0,1.0,5.0,5.0,0.0,2.0,0.0,0.0,0.0,1.0,0.0,,0.0,1.0,0.0,0.0,0.0,0.0,,,,,,,,,,,,,,,,,,,,,,
2023,2021013071,2023-06-24,1000035.0,今宮 健太,6.0,遊,12,1.0,1.0,4.0,4.0,0.0,1.0,0.0,0.0,0.0,0.0,0.0,,0.0,1.0,0.0,0.0,0.0,0.0,,,,,,,,,,,,,,,,,,,,,,
2023,2021013071,2023-06-24,1000128.0,柳田 悠岐,9.0,指,12,1.0,1.0,4.0,3.0,0.0,1.0,0.0,0.0,0.0,0.0,0.0,,1.0,2.0,0.0,0.0,0.0,0.0,,,,,,,,,,,,,,,,,,,,,,
2023,2021013071,2023-06-24,1000175.0,牧原 大成,8.0,中,12,1.0,1.0,4.0,4.0,1.0,1.0,0.0,0.0,0.0,0.0,0.0,,0.0,1.0,0.0,0.0,0.0,0.0,,,,,,,,,,,,,,,,,,,,,,
2023,2021013071,2023-06-24,1000176.0,甲斐 拓也,19.0,捕,12,1.0,1.0,4.0,3.0,0.0,1.0,0.0,0.0,0.0,0.0,0.0,,0.0,2.0,0.0,1.0,0.0,0.0,,,,,,,,,,,,,,,,,,,,,,
2023,2021013071,2023-06-24,1100097.0,近藤 健介,3.0,左,12,1.0,1.0,4.0,2.0,1.0,1.0,0.0,0.0,0.0,0.0,0.0,,2.0,0.0,0.0,0.0,0.0,0.0,,,,,,,,,,,,,,,,,,,,,,
2023,2021013071,2023-06-24,1160424.0,ゴンザレス,8.0,二,11,1.0,1.0,4.0,4.0,0.0,1.0,0.0,0.0,0.0,0.0,0.0,,0.0,1.0,0.0,0.0,0.0,0.0,,,,,,,,,,,,,,,,,,,,,,
2023,2021013071,2023-06-24,1200106.0,東浜 巨,16.0,,12,,,,,,,,,,,,,,,,,,,1.0,1.0,,5.0,5.0,3.57,7.0,7.0,,,0.0,7.0,2.0,2.0,0.0,,1.0,3.0,0.0,,27.0,90.0
2023,2021013071,2023-06-24,1300079.0,上林 誠知,51.0,走右,12,1.0,0.0,0.0,0.0,0.0,0.0,0.0,0.0,0.0,0.0,0.0,,0.0,0.0,0.0,0.0,0.0,0.0,,,,,,,,,,,,,,,,,,,,,,
2023,2021013071,2023-06-24,1300100.0,森 友哉,4.0,捕,11,1.0,1.0,4.0,4.0,0.0,1.0,0.0,0.0,0.0,0.0,0.0,,0.0,1.0,0.0,0.0,0.0,0.0,,,,,,,,,,,,,,,,,,,,,,
2023,2021013071,2023-06-24,1400127.0,栗原 陵矢,24.0,三,12,1.0,1.0,4.0,3.0,0.0,0.0,0.0,0.0,0.0,1.0,0.0,,0.0,3.0,0.0,0.0,1.0,0.0,,,,,,,,,,,,,,,,,,,,,,
2023,2021013071,2023-06-24,1400196.0,宗 佑磨,6.0,三,11,1.0,1.0,3.0,3.0,1.0,1.0,0.0,0.0,0.0,0.0,0.0,,0.0,1.0,0.0,0.0,0.0,0.0,,,,,,,,,,,,,,,,,,,,,,
2023,2021013071,2023-06-24,1500135.0,杉本 裕太郎,99.0,左,11,1.0,1.0,4.0,4.0,0.0,1.0,0.0,0.0,0.0,0.0,0.0,,0.0,1.0,0.0,0.0,0.0,0.0,,,,,,,,,,,,,,,,,,,,,,
2023,2021013071,2023-06-24,1560184.0,オスナ,54.0,,12,,,,,,,,,,,,,,,,,,,3.0,1.0,0.0,1.0,0.0,0.41,1.0,1.0,,,13.0,1.0,0.0,0.0,0.0,,0.0,2.0,0.0,,4.0,13.0
2023,2021013071,2023-06-24,1600150.0,山岡 泰輔,19.0,,11,,,,,,,,,,,,,,,,,,,1.0,1.0,,1.0,0.0,1.86,6.0,6.0,,,0.0,8.0,2.0,2.0,0.0,,2.0,8.0,0.0,,28.0,111.0
2023,2021013071,2023-06-24,1600155.0,山崎 颯一郎,63.0,,11,,,,,,,,,,,,,,,,,,,3.0,1.0,0.0,0.0,0.0,1.47,1.0,1.0,,,3.0,1.0,0.0,0.0,0.0,,0.0,2.0,0.0,,3.0,10.0
2023,2021013071,2023-06-24,1600167.0,三森 大貴,13.0,二,12,1.0,1.0,4.0,3.0,1.0,2.0,0.0,0.0,0.0,0.0,1.0,,0.0,0.0,0.0,1.0,0.0,0.0,,,,,,,,,,,,,,,,,,,,,,
2023,2021013071,2023-06-24,1700011.0,モイネロ,35.0,,12,,,,,,,,,,,,,,,,,,,2.0,1.0,0.0,2.0,0.0,0.73,1.0,1.0,,,4.0,0.0,0.0,0.0,0.0,,0.0,3.0,0.0,,3.0,16.0
2023,2021013071,2023-06-24,1800099.0,頓宮 裕真,44.0,一,11,1.0,1.0,4.0,3.0,0.0,0.0,0.0,0.0,0.0,1.0,0.0,,0.0,1.0,0.0,0.0,1.0,0.0,,,,,,,,,,,,,,,,,,,,,,
2023,2021013071,2023-06-24,1800104.0,中川 圭太,67.0,中,11,1.0,1.0,4.0,3.0,1.0,1.0,1.0,0.0,0.0,1.0,0.0,,1.0,1.0,0.0,0.0,0.0,0.0,,,,,,,,,,,,,,,,,,,,,,
2023,2021013071,2023-06-24,1900088.0,紅林 弘太郎,24.0,遊,11,1.0,1.0,4.0,4.0,0.0,1.0,1.0,0.0,0.0,0.0,0.0,,0.0,0.0,0.0,0.0,0.0,0.0,,,,,,,,,,,,,,,,,,,,,,
2023,2021013071,2023-06-24,1900104.0,柳町 達,32.0,右,12,1.0,1.0,4.0,4.0,0.0,2.0,0.0,0.0,0.0,1.0,0.0,,0.0,1.0,0.0,0.0,0.0,0.0,,,,,,,,,,,,,,,,,,,,,,
2023,2021013071,2023-06-24,1961077.0,ワゲスパック,58.0,,11,,,,,,,,,,,,,,,,,,,4.0,1.0,0.0,3.0,4.0,4.15,0.3333333333333333,0.1,,,2.0,2.0,1.0,1.0,0.0,,0.0,0.0,0.0,,3.0,13.0
2023,2021013071,2023-06-24,2000101.0,阿部 翔太,45.0,,11,,,,,,,,,,,,,,,,,,,2.0,1.0,0.0,0.0,2.0,2.7,1.0,1.0,,,1.0,0.0,0.0,0.0,0.0,,1.0,1.0,0.0,,3.0,15.0
2023,2021013071,2023-06-24,2107897.0,茶野 篤政,61.0,右,11,1.0,1.0,4.0,4.0,0.0,2.0,0.0,0.0,0.0,0.0,0.0,,0.0,1.0,0.0,0.0,0.0,0.0,,,,,,,,,,,,,,,,,,,,,,
2023,2021013071,2023-06-24,2108913.0,セデーニョ,40.0,指,11,1.0,1.0,3.0,3.0,0.0,0.0,0.0,0.0,0.0,0.0,0.0,,0.0,1.0,0.0,0.0,0.0,0.0,,,,,,,,,,,,,,,,,,,,,,
2023,2021013072,2023-06-25,800075.0,伊藤 光,29.0,捕,3,1.0,1.0,4.0,3.0,1.0,2.0,0.0,0.0,0.0,1.0,0.0,,0.0,0.0,0.0,0.0,1.0,0.0,,,,,,,,,,,,,,,,,,,,,,
2023,2021013072,2023-06-25,1000164.0,島本 浩也,46.0,投,5,1.0,0.0,0.0,0.0,0.0,0.0,0.0,0.0,0.0,0.0,0.0,,0.0,0.0,0.0,0.0,0.0,0.0,4.0,1.0,0.0,2.0,0.0,0.0,1.0,1.0,,,0.0,0.0,0.0,0.0,0.0,,0.0,0.0,0.0,,3.0,9.0
2023,2021013072,2023-06-25,1100061.0,桑原 将志,1.0,中,3,1.0,1.0,5.0,4.0,1.0,0.0,0.0,0.0,0.0,0.0,0.0,,1.0,0.0,0.0,0.0,0.0,0.0,,,,,,,,,,,,,,,,,,,,,,
2023,2021013072,2023-06-25,1200053.0,宮崎 敏郎,51.0,三,3,1.0,1.0,4.0,4.0,1.0,3.0,2.0,0.0,0.0,1.0,0.0,,0.0,0.0,0.0,0.0,0.0,0.0,,,,,,,,,,,,,,,,,,,,,,
2023,2021013072,2023-06-25,1300038.0,関根 大気,63.0,右左,3,1.0,1.0,5.0,5.0,1.0,2.0,0.0,0.0,0.0,0.0,0.0,,0.0,2.0,0.0,0.0,0.0,0.0,,,,,,,,,,,,,,,,,,,,,,
2023,2021013072,2023-06-25,1300073.0,梅野 隆太郎,2.0,捕,5,1.0,1.0,4.0,4.0,0.0,1.0,0.0,0.0,0.0,0.0,0.0,,0.0,1.0,0.0,0.0,0.0,0.0,,,,,,,,,,,,,,,,,,,,,,
2023,2021013072,2023-06-25,1300076.0,加治屋 蓮,54.0,投,5,1.0,0.0,0.0,0.0,0.0,0.0,0.0,0.0,0.0,0.0,0.0,,0.0,0.0,0.0,0.0,0.0,0.0,3.0,1.0,0.0,0.0,1.0,1.31,1.0,1.0,,,1.0,1.0,0.0,0.0,0.0,,0.0,1.0,0.0,,4.0,15.0
2023,2021013072,2023-06-25,1400109.0,山崎 康晃,19.0,投,3,1.0,0.0,0.0,0.0,0.0,0.0,0.0,0.0,0.0,0.0,0.0,,0.0,0.0,0.0,0.0,0.0,0.0,4.0,1.0,0.0,0.0,4.0,4.5,1.0,1.0,,,17.0,0.0,0.0,0.0,0.0,,0.0,1.0,0.0,,3.0,13.0
2023,2021013072,2023-06-25,1460045.0,バウアー,96.0,投,3,1.0,1.0,3.0,2.0,0.0,0.0,0.0,0.0,0.0,0.0,0.0,,0.0,0.0,0.0,1.0,0.0,0.0,1.0,1.0,,5.0,2.0,4.03,6.333333333333333,6.1,,,0.0,7.0,3.0,3.0,0.0,,3.0,7.0,1.0,,30.0,114.0
2023,2021013072,2023-06-25,1500063.0,柴田 竜拓,31.0,三,3,1.0,0.0,0.0,0.0,0.0,0.0,0.0,0.0,0.0,0.0,0.0,,0.0,0.0,0.0,0.0,0.0,0.0,,,,,,,,,,,,,,,,,,,,,,
2023,2021013072,2023-06-25,1561880.0,ウェンデルケン,49.0,投,3,1.0,0.0,0.0,0.0,0.0,0.0,0.0,0.0,0.0,0.0,0.0,,0.0,0.0,0.0,0.0,0.0,0.0,2.0,1.0,0.0,1.0,1.0,1.9,0.6666666666666666,0.2,,,0.0,0.0,0.0,0.0,0.0,,1.0,1.0,0.0,,3.0,16.0
2023,2021013072,2023-06-25,1600089.0,佐野 恵太,7.0,左一,3,1.0,1.0,4.0,4.0,0.0,2.0,0.0,0.0,0.0,2.0,0.0,,0.0,0.0,0.0,0.0,0.0,0.0,,,,,,,,,,,,,,,,,,,,,,
2023,2021013072,2023-06-25,1600107.0,京田 陽太,98.0,遊,3,1.0,0.0,1.0,1.0,0.0,0.0,0.0,0.0,0.0,0.0,0.0,,0.0,0.0,0.0,0.0,0.0,0.0,,,,,,,,,,,,,,,,,,,,,,
2023,2021013072,2023-06-25,1600113.0,大山 悠輔,3.0,一,5,1.0,1.0,4.0,4.0,0.0,1.0,0.0,0.0,0.0,1.0,0.0,,0.0,1.0,0.0,0.0,0.0,0.0,,,,,,,,,,,,,,,,,,,,,,
2023,2021013072,2023-06-25,1600115.0,才木 浩人,35.0,投,5,1.0,1.0,2.0,1.0,0.0,0.0,0.0,0.0,0.0,0.0,0.0,,0.0,0.0,0.0,1.0,0.0,0.0,1.0,1.0,,5.0,4.0,1.83,5.0,5.0,,,0.0,7.0,4.0,4.0,0.0,,3.0,2.0,0.0,,25.0,89.0
2023,2021013072,2023-06-25,1600117.0,糸原 健斗,33.0,三,5,1.0,1.0,4.0,3.0,0.0,0.0,0.0,0.0,0.0,0.0,0.0,,1.0,1.0,0.0,0.0,0.0,0.0,,,,,,,,,,,,,,,,,,,,,,
2023,2021013072,2023-06-25,1700020.0,ソト,99.0,一,3,1.0,1.0,4.0,3.0,0.0,1.0,0.0,0.0,0.0,0.0,0.0,,1.0,1.0,0.0,0.0,0.0,0.0,,,,,,,,,,,,,,,,,,,,,,
2023,2021013072,2023-06-25,1700059.0,神里 和毅,8.0,走右,3,1.0,0.0,0.0,0.0,0.0,0.0,0.0,0.0,0.0,0.0,0.0,,0.0,0.0,0.0,0.0,0.0,0.0,,,,,,,,,,,,,,,,,,,,,,
2023,2021013072,2023-06-25,1700065.0,楠本 泰史,37.0,打,3,1.0,0.0,1.0,1.0,0.0,0.0,0.0,0.0,0.0,0.0,0.0,,0.0,0.0,0.0,0.0,0.0,0.0,,,,,,,,,,,,,,,,,,,,,,
2023,2021013072,2023-06-25,1800065.0,近本 光司,5.0,中,5,1.0,1.0,5.0,4.0,1.0,1.0,0.0,0.0,0.0,1.0,0.0,,1.0,1.0,0.0,0.0,0.0,0.0,,,,,,,,,,,,,,,,,,,,,,
2023,2021013072,2023-06-25,1800066.0,小幡 竜平,38.0,遊,5,1.0,1.0,4.0,4.0,1.0,1.0,0.0,0.0,0.0,0.0,0.0,,0.0,1.0,0.0,0.0,0.0,0.0,,,,,,,,,,,,,,,,,,,,,,
2023,2021013072,2023-06-25,1850183.0,森下 翔太,1.0,左,5,1.0,1.0,4.0,3.0,0.0,0.0,0.0,0.0,0.0,0.0,0.0,,1.0,2.0,0.0,0.0,0.0,1.0,,,,,,,,,,,,,,,,,,,,,,
2023,2021013072,2023-06-25,1900030.0,森 敬斗,6.0,遊,3,1.0,1.0,3.0,2.0,0.0,0.0,0.0,0.0,0.0,0.0,0.0,,1.0,0.0,0.0,0.0,0.0,0.0,,,,,,,,,,,,,,,,,,,,,,
2023,2021013072,2023-06-25,1900032.0,伊勢 大夢,13.0,投,3,1.0,0.0,0.0,0.0,0.0,0.0,0.0,0.0,0.0,0.0,0.0,,0.0,0.0,0.0,0.0,0.0,0.0,3.0,1.0,0.0,2.0,1.0,2.19,1.0,1.0,,,1.0,0.0,0.0,0.0,0.0,,0.0,2.0,0.0,,3.0,13.0
2023,2021013072,2023-06-25,1950996.0,前川 右京,58.0,右,5,1.0,1.0,5.0,3.0,0.0,1.0,0.0,0.0,0.0,1.0,0.0,,1.0,2.0,1.0,0.0,0.0,0.0,,,,,,,,,,,,,,,,,,,,,,
2023,2021013072,2023-06-25,1961285.0,ノイジー,7.0,打左,5,1.0,0.0,2.0,2.0,1.0,1.0,0.0,0.0,0.0,0.0,0.0,,0.0,1.0,0.0,0.0,0.0,0.0,,,,,,,,,,,,,,,,,,,,,,
2023,2021013072,2023-06-25,2000035.0,牧 秀悟,2.0,二,3,1.0,1.0,4.0,3.0,1.0,1.0,1.0,0.0,0.0,1.0,0.0,,0.0,1.0,0.0,0.0,1.0,0.0,,,,,,,,,,,,,,,,,,,,,,
2023,2021013072,2023-06-25,2000056.0,中野 拓夢,51.0,二,5,1.0,1.0,5.0,5.0,0.0,1.0,0.0,0.0,0.0,0.0,0.0,,0.0,1.0,0.0,0.0,0.0,0.0,,,,,,,,,,,,,,,,,,,,,,
2023,2021013072,2023-06-25,2000058.0,石井 大智,69.0,投,5,1.0,0.0,0.0,0.0,0.0,0.0,0.0,0.0,0.0,0.0,0.0,,0.0,0.0,0.0,0.0,0.0,0.0,2.0,1.0,0.0,1.0,0.0,1.04,1.0,1.0,,,0.0,3.0,1.0,1.0,0.0,,0.0,1.0,0.0,,6.0,22.0
2023,2021013073,2023-06-25,400021.0,青木 宣親,23.0,左,2,1.0,1.0,4.0,3.0,0.0,2.0,0.0,0.0,0.0,0.0,0.0,,1.0,0.0,0.0,0.0,0.0,0.0,,,,,,,,,,,,,,,,,,,,,,
2023,2021013073,2023-06-25,500014.0,涌井 秀章,20.0,投,4,1.0,1.0,2.0,2.0,0.0,0.0,0.0,0.0,0.0,0.0,0.0,,0.0,2.0,0.0,0.0,0.0,0.0,1.0,1.0,,3.0,7.0,3.42,6.0,6.0,,,0.0,6.0,1.0,1.0,1.0,,2.0,7.0,0.0,,26.0,112.0
2023,2021013073,2023-06-25,900410.0,大島 洋平,8.0,左,4,1.0,1.0,4.0,4.0,1.0,2.0,0.0,0.0,0.0,1.0,0.0,,0.0,0.0,0.0,0.0,0.0,0.0,,,,,,,,,,,,,,,,,,,,,,
2023,2021013073,2023-06-25,1000132.0,山田 哲人,1.0,二,2,1.0,1.0,4.0,4.0,0.0,0.0,0.0,0.0,0.0,0.0,0.0,,0.0,2.0,0.0,0.0,0.0,0.0,,,,,,,,,,,,,,,,,,,,,,
2023,2021013073,2023-06-25,1100069.0,高橋 周平,3.0,三,4,1.0,0.0,0.0,0.0,0.0,0.0,0.0,0.0,0.0,0.0,0.0,,0.0,0.0,0.0,0.0,0.0,0.0,,,,,,,,,,,,,,,,,,,,,,
2023,2021013073,2023-06-25,1200059.0,溝脇 隼人,48.0,走二,4,1.0,0.0,0.0,0.0,1.0,0.0,0.0,0.0,0.0,0.0,0.0,,0.0,0.0,0.0,0.0,0.0,0.0,,,,,,,,,,,,,,,,,,,,,,
2023,2021013073,2023-06-25,1500042.0,高橋 奎二,47.0,投,2,1.0,1.0,2.0,2.0,0.0,0.0,0.0,0.0,0.0,0.0,0.0,,0.0,1.0,0.0,0.0,0.0,0.0,1.0,1.0,,2.0,5.0,4.43,5.0,5.0,,,0.0,7.0,3.0,3.0,0.0,,3.0,8.0,0.0,,24.0,96.0
2023,2021013073,2023-06-25,1500049.0,宇佐見 真吾,39.0,打,4,1.0,0.0,1.0,1.0,0.0,1.0,0.0,0.0,0.0,0.0,0.0,,0.0,0.0,0.0,0.0,0.0,0.0,,,,,,,,,,,,,,,,,,,,,,
2023,2021013073,2023-06-25,1600021.0,ビシエド,66.0,一,4,1.0,1.0,4.0,3.0,1.0,1.0,0.0,0.0,0.0,1.0,0.0,,1.0,0.0,0.0,0.0,0.0,0.0,,,,,,,,,,,,,,,,,,,,,,
2023,2021013073,2023-06-25,1600078.0,古賀 優大,57.0,捕,2,1.0,1.0,2.0,2.0,0.0,1.0,0.0,0.0,0.0,0.0,0.0,,0.0,0.0,0.0,0.0,0.0,0.0,,,,,,,,,,,,,,,,,,,,,,
2023,2021013073,2023-06-25,1600085.0,細川 成也,0.0,右,4,1.0,1.0,4.0,4.0,0.0,2.0,0.0,0.0,0.0,1.0,0.0,,0.0,1.0,0.0,0.0,0.0,0.0,,,,,,,,,,,,,,,,,,,,,,
2023,2021013073,2023-06-25,1700084.0,村上 宗隆,55.0,三,2,1.0,1.0,4.0,3.0,1.0,1.0,0.0,0.0,1.0,1.0,0.0,,1.0,2.0,0.0,0.0,0.0,0.0,,,,,,,,,,,,,,,,,,,,,,
2023,2021013073,2023-06-25,1700089.0,宮本 丈,39.0,打,2,1.0,0.0,1.0,1.0,0.0,0.0,0.0,0.0,0.0,0.0,0.0,,0.0,0.0,0.0,0.0,0.0,0.0,,,,,,,,,,,,,,,,,,,,,,
2023,2021013073,2023-06-25,1700094.0,山本 大貴,43.0,投,2,1.0,0.0,0.0,0.0,0.0,0.0,0.0,0.0,0.0,0.0,0.0,,0.0,0.0,0.0,0.0,0.0,0.0,3.0,1.0,0.0,1.0,0.0,3.77,0.6666666666666666,0.2,,,0.0,1.0,0.0,0.0,0.0,,0.0,1.0,0.0,,2.0,5.0
2023,2021013073,2023-06-25,1700104.0,清水 達也,50.0,投,4,1.0,0.0,0.0,0.0,0.0,0.0,0.0,0.0,0.0,0.0,0.0,,0.0,0.0,0.0,0.0,0.0,0.0,3.0,1.0,0.0,1.0,1.0,1.99,1.0,1.0,,,0.0,1.0,0.0,0.0,0.0,,0.0,2.0,0.0,,4.0,22.0
2023,2021013073,2023-06-25,1700105.0,伊藤 康祐,49.0,走左,4,1.0,0.0,1.0,1.0,0.0,0.0,0.0,0.0,0.0,0.0,0.0,,0.0,1.0,0.0,0.0,0.0,0.0,,,,,,,,,,,,,,,,,,,,,,
2023,2021013073,2023-06-25,1750223.0,村松 開人,5.0,打,4,1.0,0.0,1.0,1.0,0.0,0.0,0.0,0.0,0.0,0.0,0.0,,0.0,1.0,0.0,0.0,0.0,0.0,,,,,,,,,,,,,,,,,,,,,,
2023,2021013073,2023-06-25,1800061.0,勝野 昌慶,41.0,投,4,1.0,0.0,0.0,0.0,0.0,0.0,0.0,0.0,0.0,0.0,0.0,,0.0,0.0,0.0,0.0,0.0,0.0,2.0,1.0,0.0,3.0,1.0,1.27,1.0,1.0,,,0.0,0.0,0.0,0.0,0.0,,0.0,1.0,0.0,,3.0,13.0
2023,2021013073,2023-06-25,1800062.0,石橋 康太,58.0,捕,4,1.0,1.0,4.0,4.0,0.0,0.0,0.0,0.0,0.0,0.0,0.0,,0.0,2.0,0.0,0.0,0.0,0.0,,,,,,,,,,,,,,,,,,,,,,
2023,2021013073,2023-06-25,1900027.0,大西 広樹,44.0,投,2,1.0,0.0,0.0,0.0,0.0,0.0,0.0,0.0,0.0,0.0,0.0,,0.0,0.0,0.0,0.0,0.0,0.0,5.0,1.0,0.0,1.0,1.0,3.9,1.0,1.0,,,0.0,3.0,1.0,1.0,0.0,,0.0,1.0,0.0,,6.0,29.0
2023,2021013073,2023-06-25,1900028.0,長岡 秀樹,7.0,遊,2,1.0,1.0,4.0,4.0,0.0,1.0,0.0,0.0,0.0,0.0,0.0,,0.0,0.0,0.0,0.0,0.0,0.0,,,,,,,,,,,,,,,,,,,,,,
2023,2021013073,2023-06-25,1900029.0,武岡 龍世,60.0,打,2,1.0,0.0,1.0,1.0,0.0,0.0,0.0,0.0,0.0,0.0,0.0,,0.0,1.0,0.0,0.0,0.0,0.0,,,,,,,,,,,,,,,,,,,,,,
2023,2021013073,2023-06-25,1900037.0,石川 昂弥,25.0,三,4,1.0,1.0,4.0,4.0,0.0,2.0,1.0,0.0,0.0,1.0,0.0,,0.0,2.0,0.0,0.0,0.0,0.0,,,,,,,,,,,,,,,,,,,,,,
2023,2021013073,2023-06-25,1900041.0,岡林 勇希,60.0,中,4,1.0,1.0,4.0,2.0,1.0,1.0,1.0,0.0,0.0,0.0,1.0,,2.0,0.0,0.0,0.0,0.0,0.0,,,,,,,,,,,,,,,,,,,,,,
2023,2021013073,2023-06-25,2000024.0,木澤 尚文,20.0,投,2,1.0,0.0,0.0,0.0,0.0,0.0,0.0,0.0,0.0,0.0,0.0,,0.0,0.0,0.0,0.0,0.0,0.0,4.0,1.0,0.0,1.0,1.0,2.88,1.0,1.0,,,0.0,0.0,0.0,0.0,0.0,,0.0,0.0,0.0,,3.0,11.0
2023,2021013073,2023-06-25,2000026.0,内山 壮真,33.0,捕,2,1.0,0.0,2.0,2.0,0.0,0.0,0.0,0.0,0.0,0.0,0.0,,0.0,1.0,0.0,0.0,0.0,0.0,,,,,,,,,,,,,,,,,,,,,,
2023,2021013073,2023-06-25,2000028.0,並木 秀尊,0.0,中,2,1.0,1.0,4.0,4.0,0.0,1.0,1.0,0.0,0.0,0.0,0.0,,0.0,0.0,0.0,0.0,0.0,0.0,,,,,,,,,,,,,,,,,,,,,,
2023,2021013073,2023-06-25,2000033.0,丸山 翔大,68.0,投,2,1.0,0.0,0.0,0.0,0.0,0.0,0.0,0.0,0.0,0.0,0.0,,0.0,0.0,0.0,0.0,0.0,0.0,2.0,1.0,0.0,0.0,0.0,4.08,0.3333333333333333,0.1,,,0.0,1.0,1.0,1.0,0.0,,0.0,1.0,0.0,,2.0,12.0
2023,2021013073,2023-06-25,2000044.0,龍空,45.0,遊,4,1.0,1.0,4.0,4.0,1.0,2.0,0.0,1.0,0.0,1.0,0.0,,0.0,0.0,0.0,0.0,0.0,0.0,,,,,,,,,,,,,,,,,,,,,,
2023,2021013073,2023-06-25,2000133.0,オスナ,13.0,一,2,1.0,1.0,4.0,4.0,0.0,0.0,0.0,0.0,0.0,0.0,0.0,,0.0,2.0,0.0,0.0,0.0,0.0,,,,,,,,,,,,,,,,,,,,,,
2023,2021013073,2023-06-25,2000135.0,サンタナ,25.0,右,2,1.0,1.0,4.0,4.0,0.0,1.0,1.0,0.0,0.0,0.0,0.0,,0.0,3.0,0.0,0.0,0.0,0.0,,,,,,,,,,,,,,,,,,,,,,
2023,2021013073,2023-06-25,2103780.0,福永 裕基,68.0,二,4,1.0,1.0,4.0,4.0,0.0,1.0,0.0,0.0,0.0,0.0,0.0,,0.0,2.0,0.0,0.0,0.0,0.0,,,,,,,,,,,,,,,,,,,,,,
2023,2021013073,2023-06-25,2107869.0,松山 晋也,90.0,投,4,1.0,0.0,0.0,0.0,0.0,0.0,0.0,0.0,0.0,0.0,0.0,,0.0,0.0,0.0,0.0,0.0,0.0,4.0,1.0,0.0,0.0,0.0,0.0,1.0,1.0,,,0.0,0.0,0.0,0.0,0.0,,0.0,2.0,0.0,,3.0,16.0
2023,2021013074,2023-06-25,800043.0,丸 佳浩,8.0,右,1,1.0,0.0,2.0,2.0,0.0,0.0,0.0,0.0,0.0,0.0,0.0,,0.0,1.0,0.0,0.0,0.0,0.0,,,,,,,,,,,,,,,,,,,,,,
2023,2021013074,2023-06-25,800054.0,中田 翔,10.0,一,1,1.0,1.0,2.0,2.0,0.0,0.0,0.0,0.0,0.0,0.0,0.0,,0.0,2.0,0.0,0.0,0.0,0.0,,,,,,,,,,,,,,,,,,,,,,
2023,2021013074,2023-06-25,900430.0,堂林 翔太,7.0,打一,6,1.0,0.0,1.0,1.0,0.0,0.0,0.0,0.0,0.0,0.0,0.0,,0.0,1.0,0.0,0.0,0.0,0.0,,,,,,,,,,,,,,,,,,,,,,
2023,2021013074,2023-06-25,1000150.0,秋山 翔吾,9.0,中,6,1.0,1.0,4.0,4.0,0.0,0.0,0.0,0.0,0.0,0.0,0.0,,0.0,2.0,0.0,0.0,0.0,0.0,,,,,,,,,,,,,,,,,,,,,,
2023,2021013074,2023-06-25,1100082.0,菊池 涼介,33.0,二,6,1.0,1.0,4.0,4.0,0.0,1.0,0.0,0.0,0.0,0.0,0.0,,0.0,0.0,0.0,0.0,0.0,0.0,,,,,,,,,,,,,,,,,,,,,,
2023,2021013074,2023-06-25,1200070.0,上本 崇司,0.0,打,6,1.0,0.0,1.0,0.0,0.0,0.0,0.0,0.0,0.0,0.0,0.0,,0.0,0.0,1.0,0.0,0.0,0.0,,,,,,,,,,,,,,,,,,,,,,
2023,2021013074,2023-06-25,1300037.0,三上 朋也,69.0,投,1,1.0,0.0,0.0,0.0,0.0,0.0,0.0,0.0,0.0,0.0,0.0,,0.0,0.0,0.0,0.0,0.0,0.0,4.0,1.0,0.0,0.0,1.0,2.45,0.3333333333333333,0.1,,,0.0,0.0,0.0,0.0,0.0,,0.0,1.0,1.0,,2.0,12.0
2023,2021013074,2023-06-25,1300059.0,田中 広輔,2.0,遊,6,1.0,1.0,3.0,3.0,0.0,1.0,1.0,0.0,0.0,1.0,0.0,,0.0,1.0,0.0,0.0,0.0,0.0,,,,,,,,,,,,,,,,,,,,,,
2023,2021013074,2023-06-25,1300082.0,曽根 海成,0.0,右,6,1.0,0.0,0.0,0.0,0.0,0.0,0.0,0.0,0.0,0.0,0.0,,0.0,0.0,0.0,0.0,0.0,0.0,,,,,,,,,,,,,,,,,,,,,,
2023,2021013074,2023-06-25,1400101.0,岡本 和真,25.0,三,1,1.0,1.0,4.0,4.0,0.0,1.0,1.0,0.0,0.0,1.0,0.0,,0.0,0.0,0.0,0.0,0.0,0.0,,,,,,,,,,,,,,,,,,,,,,
2023,2021013074,2023-06-25,1400173.0,野間 峻祥,37.0,右,6,1.0,1.0,4.0,3.0,0.0,1.0,0.0,0.0,0.0,0.0,0.0,,1.0,0.0,0.0,0.0,0.0,0.0,,,,,,,,,,,,,,,,,,,,,,
2023,2021013074,2023-06-25,1460004.0,デビッドソン,95.0,三,6,1.0,1.0,3.0,3.0,1.0,1.0,0.0,0.0,1.0,2.0,0.0,,0.0,0.0,0.0,0.0,0.0,0.0,,,,,,,,,,,,,,,,,,,,,,
2023,2021013074,2023-06-25,1500047.0,重信 慎之介,43.0,打,1,1.0,0.0,1.0,1.0,0.0,0.0,0.0,0.0,0.0,0.0,0.0,,0.0,0.0,0.0,0.0,0.0,0.0,,,,,,,,,,,,,,,,,,,,,,
2023,2021013074,2023-06-25,1500054.0,増田 大輝,0.0,走,1,1.0,0.0,0.0,0.0,0.0,0.0,0.0,0.0,0.0,0.0,0.0,,0.0,0.0,0.0,0.0,0.0,0.0,,,,,,,,,,,,,,,,,,,,,,
2023,2021013074,2023-06-25,1500096.0,西川 龍馬,5.0,左,6,1.0,1.0,3.0,3.0,2.0,2.0,1.0,0.0,0.0,0.0,0.0,,0.0,0.0,0.0,0.0,0.0,0.0,,,,,,,,,,,,,,,,,,,,,,
2023,2021013074,2023-06-25,1600001.0,オコエ 瑠偉,50.0,中,1,1.0,1.0,4.0,4.0,0.0,1.0,1.0,0.0,0.0,0.0,0.0,,0.0,0.0,0.0,0.0,0.0,0.0,,,,,,,,,,,,,,,,,,,,,,
2023,2021013074,2023-06-25,1600059.0,吉川 尚輝,2.0,二,1,1.0,1.0,4.0,4.0,1.0,2.0,1.0,0.0,0.0,1.0,0.0,,0.0,0.0,0.0,0.0,0.0,0.0,,,,,,,,,,,,,,,,,,,,,,
2023,2021013074,2023-06-25,1600064.0,大江 竜聖,64.0,投,1,1.0,0.0,0.0,0.0,0.0,0.0,0.0,0.0,0.0,0.0,0.0,,0.0,0.0,0.0,0.0,0.0,0.0,2.0,1.0,0.0,4.0,0.0,2.93,0.3333333333333333,0.1,,,0.0,0.0,0.0,0.0,0.0,,0.0,0.0,0.0,,1.0,4.0
2023,2021013074,2023-06-25,1600100.0,高梨 雄平,53.0,投,1,1.0,0.0,0.0,0.0,0.0,0.0,0.0,0.0,0.0,0.0,0.0,,0.0,0.0,0.0,0.0,0.0,0.0,5.0,1.0,0.0,0.0,0.0,3.97,1.0,1.0,,,0.0,0.0,0.0,0.0,0.0,,1.0,0.0,0.0,,3.0,11.0
2023,2021013074,2023-06-25,1600121.0,矢崎 拓也,41.0,投,6,1.0,0.0,0.0,0.0,0.0,0.0,0.0,0.0,0.0,0.0,0.0,,0.0,0.0,0.0,0.0,0.0,0.0,5.0,1.0,0.0,4.0,0.0,2.11,1.0,1.0,,,11.0,1.0,0.0,0.0,0.0,,0.0,0.0,0.0,,3.0,13.0
2023,2021013074,2023-06-25,1600124.0,坂倉 将吾,31.0,捕,6,1.0,1.0,3.0,3.0,0.0,1.0,0.0,0.0,0.0,0.0,0.0,,0.0,1.0,0.0,0.0,0.0,0.0,,,,,,,,,,,,,,,,,,,,,,
2023,2021013074,2023-06-25,1700044.0,大城 卓三,24.0,捕,1,1.0,1.0,4.0,4.0,0.0,2.0,0.0,0.0,0.0,0.0,0.0,,0.0,1.0,0.0,0.0,0.0,0.0,,,,,,,,,,,,,,,,,,,,,,
2023,2021013074,2023-06-25,1700047.0,若林 晃弘,37.0,打,1,1.0,0.0,1.0,1.0,0.0,0.0,0.0,0.0,0.0,0.0,0.0,,0.0,0.0,0.0,0.0,0.0,0.0,,,,,,,,,,,,,,,,,,,,,,
2023,2021013074,2023-06-25,1800026.0,横川 凱,62.0,投,1,1.0,0.0,0.0,0.0,0.0,0.0,0.0,0.0,0.0,0.0,0.0,,0.0,0.0,0.0,0.0,0.0,0.0,3.0,1.0,0.0,4.0,4.0,3.28,0.6666666666666666,0.2,,,0.0,1.0,0.0,0.0,0.0,,0.0,0.0,0.0,,3.0,9.0
2023,2021013074,2023-06-25,1800073.0,島内 颯太郎,43.0,投,6,1.0,0.0,0.0,0.0,0.0,0.0,0.0,0.0,0.0,0.0,0.0,,0.0,0.0,0.0,0.0,0.0,0.0,4.0,1.0,0.0,1.0,2.0,2.31,1.0,1.0,,,2.0,0.0,0.0,0.0,0.0,,0.0,1.0,0.0,,3.0,10.0
2023,2021013074,2023-06-25,1800074.0,林 晃汰,44.0,一,6,1.0,1.0,2.0,2.0,0.0,1.0,0.0,0.0,0.0,0.0,0.0,,0.0,1.0,0.0,0.0,0.0,0.0,,,,,,,,,,,,,,,,,,,,,,
2023,2021013074,2023-06-25,1800078.0,羽月 隆太郎,69.0,走,6,1.0,0.0,0.0,0.0,0.0,0.0,0.0,0.0,0.0,0.0,0.0,,0.0,0.0,0.0,0.0,0.0,0.0,,,,,,,,,,,,,,,,,,,,,,
2023,2021013074,2023-06-25,2000006.0,山崎 伊織,19.0,投,1,1.0,1.0,2.0,1.0,1.0,1.0,0.0,0.0,0.0,0.0,0.0,,0.0,0.0,0.0,1.0,0.0,0.0,1.0,1.0,,4.0,2.0,3.23,5.666666666666667,5.2,,,0.0,7.0,3.0,3.0,1.0,,0.0,6.0,0.0,,21.0,78.0
2023,2021013074,2023-06-25,2000007.0,中山 礼都,40.0,遊,1,1.0,1.0,4.0,4.0,0.0,1.0,0.0,0.0,0.0,0.0,0.0,,0.0,0.0,0.0,0.0,0.0,0.0,,,,,,,,,,,,,,,,,,,,,,
2023,2021013074,2023-06-25,2000009.0,秋広 優人,55.0,右一,1,1.0,1.0,4.0,4.0,0.0,0.0,0.0,0.0,0.0,0.0,0.0,,0.0,1.0,0.0,0.0,0.0,0.0,,,,,,,,,,,,,,,,,,,,,,
2023,2021013074,2023-06-25,2000060.0,栗林 良吏,20.0,投,6,1.0,0.0,0.0,0.0,0.0,0.0,0.0,0.0,0.0,0.0,0.0,,0.0,0.0,0.0,0.0,0.0,0.0,3.0,1.0,0.0,1.0,6.0,6.62,1.0,1.0,,,7.0,1.0,0.0,0.0,0.0,,0.0,0.0,0.0,,4.0,14.0
2023,2021013074,2023-06-25,2000062.0,大道 温貴,12.0,投,6,1.0,0.0,0.0,0.0,0.0,0.0,0.0,0.0,0.0,0.0,0.0,,0.0,0.0,0.0,0.0,0.0,0.0,2.0,1.0,0.0,0.0,0.0,4.86,1.0,1.0,,,0.0,2.0,0.0,0.0,0.0,,0.0,1.0,0.0,,5.0,27.0
2023,2021013074,2023-06-25,2103768.0,末包 昇大,52.0,打,6,1.0,0.0,1.0,1.0,0.0,0.0,0.0,0.0,0.0,0.0,0.0,,0.0,0.0,0.0,0.0,0.0,0.0,,,,,,,,,,,,,,,,,,,,,,
2023,2021013074,2023-06-25,2103788.0,森 翔平,16.0,投,6,1.0,1.0,1.0,1.0,0.0,0.0,0.0,0.0,0.0,0.0,0.0,,0.0,1.0,0.0,0.0,0.0,0.0,1.0,1.0,,1.0,0.0,6.35,5.0,5.0,,,0.0,6.0,2.0,2.0,0.0,,0.0,5.0,0.0,,21.0,78.0
2023,2021013074,2023-06-25,2105889.0,ウォーカー,44.0,左,1,1.0,1.0,4.0,4.0,0.0,2.0,0.0,0.0,0.0,0.0,0.0,,0.0,2.0,0.0,0.0,0.0,0.0,,,,,,,,,,,,,,,,,,,,,,
2023,2021013075,2023-06-25,12101.0,中村 剛也,60.0,指,7,1.0,1.0,5.0,4.0,0.0,1.0,0.0,0.0,0.0,0.0,0.0,,1.0,0.0,0.0,0.0,0.0,0.0,,,,,,,,,,,,,,,,,,,,,,
2023,2021013075,2023-06-25,600026.0,炭谷 銀仁朗,26.0,捕,376,1.0,1.0,2.0,2.0,0.0,0.0,0.0,0.0,0.0,0.0,0.0,,0.0,0.0,0.0,0.0,0.0,0.0,,,,,,,,,,,,,,,,,,,,,,
2023,2021013075,2023-06-25,900056.0,浅村 栄斗,3.0,指,376,1.0,1.0,5.0,4.0,0.0,2.0,0.0,0.0,0.0,0.0,0.0,,1.0,0.0,0.0,0.0,0.0,0.0,,,,,,,,,,,,,,,,,,,,,,
2023,2021013075,2023-06-25,1100103.0,鈴木 大地,7.0,打三,376,1.0,0.0,2.0,2.0,0.0,1.0,0.0,0.0,0.0,1.0,0.0,,0.0,1.0,0.0,0.0,0.0,0.0,,,,,,,,,,,,,,,,,,,,,,
2023,2021013075,2023-06-25,1100130.0,岡島 豪郎,27.0,左,376,1.0,1.0,5.0,5.0,0.0,1.0,0.0,0.0,0.0,0.0,0.0,,0.0,0.0,0.0,0.0,0.0,0.0,,,,,,,,,,,,,,,,,,,,,,
2023,2021013075,2023-06-25,1200083.0,金子 侑司,7.0,左,7,1.0,0.0,0.0,0.0,0.0,0.0,0.0,0.0,0.0,0.0,0.0,,0.0,0.0,0.0,0.0,0.0,0.0,,,,,,,,,,,,,,,,,,,,,,
2023,2021013075,2023-06-25,1400184.0,外崎 修汰,5.0,二,7,1.0,1.0,5.0,4.0,1.0,1.0,0.0,0.0,0.0,0.0,0.0,,1.0,0.0,0.0,0.0,0.0,0.0,,,,,,,,,,,,,,,,,,,,,,
2023,2021013075,2023-06-25,1500078.0,阿部 寿樹,4.0,一,376,1.0,1.0,2.0,2.0,0.0,0.0,0.0,0.0,0.0,0.0,0.0,,0.0,1.0,0.0,0.0,0.0,0.0,,,,,,,,,,,,,,,,,,,,,,
2023,2021013075,2023-06-25,1500104.0,本田 圭佑,45.0,,7,,,,,,,,,,,,,,,,,,,2.0,1.0,0.0,0.0,1.0,0.87,1.0,1.0,,,0.0,1.0,0.0,0.0,0.0,,1.0,1.0,0.0,,5.0,23.0
2023,2021013075,2023-06-25,1600007.0,村林 一輝,66.0,遊,376,1.0,1.0,4.0,3.0,1.0,2.0,1.0,0.0,0.0,0.0,0.0,,1.0,0.0,0.0,0.0,0.0,0.0,,,,,,,,,,,,,,,,,,,,,,
2023,2021013075,2023-06-25,1600012.0,宋 家豪,43.0,,376,,,,,,,,,,,,,,,,,,,5.0,1.0,0.0,1.0,0.0,2.95,1.0,1.0,,,0.0,1.0,0.0,0.0,0.0,,1.0,1.0,0.0,,5.0,25.0
2023,2021013075,2023-06-25,1600129.0,源田 壮亮,6.0,遊,7,1.0,1.0,5.0,4.0,0.0,1.0,0.0,0.0,0.0,0.0,0.0,,1.0,0.0,0.0,0.0,0.0,0.0,,,,,,,,,,,,,,,,,,,,,,
2023,2021013075,2023-06-25,1600130.0,鈴木 将平,46.0,左,7,1.0,1.0,5.0,4.0,0.0,2.0,0.0,0.0,0.0,0.0,1.0,,1.0,0.0,0.0,0.0,0.0,0.0,,,,,,,,,,,,,,,,,,,,,,
2023,2021013075,2023-06-25,1750472.0,古賀 悠斗,22.0,捕,7,1.0,1.0,4.0,4.0,0.0,1.0,0.0,0.0,0.0,0.0,0.0,,0.0,1.0,0.0,0.0,0.0,0.0,,,,,,,,,,,,,,,,,,,,,,
2023,2021013075,2023-06-25,1751148.0,隅田 知一郎,16.0,,7,,,,,,,,,,,,,,,,,,,1.0,1.0,,3.0,6.0,3.58,5.0,5.0,,,0.0,6.0,0.0,0.0,0.0,,2.0,5.0,0.0,,23.0,98.0
2023,2021013075,2023-06-25,1800044.0,伊藤 裕季也,39.0,三,376,1.0,1.0,3.0,3.0,0.0,1.0,1.0,0.0,0.0,0.0,0.0,,0.0,2.0,0.0,0.0,0.0,0.0,,,,,,,,,,,,,,,,,,,,,,
2023,2021013075,2023-06-25,1800085.0,森脇 亮介,28.0,,7,,,,,,,,,,,,,,,,,,,6.0,1.0,0.0,1.0,1.0,1.64,1.0,1.0,,,3.0,1.0,0.0,0.0,0.0,,0.0,0.0,0.0,,3.0,5.0
2023,2021013075,2023-06-25,1800086.0,佐藤 龍世,58.0,三,7,1.0,0.0,0.0,0.0,0.0,0.0,0.0,0.0,0.0,0.0,0.0,,0.0,0.0,0.0,0.0,0.0,0.0,,,,,,,,,,,,,,,,,,,,,,
2023,2021013075,2023-06-25,1800117.0,辰己 涼介,8.0,中,376,1.0,1.0,5.0,4.0,0.0,2.0,0.0,0.0,0.0,0.0,0.0,,1.0,1.0,0.0,0.0,0.0,0.0,,,,,,,,,,,,,,,,,,,,,,
2023,2021013075,2023-06-25,1800120.0,弓削 隼人,38.0,,376,,,,,,,,,,,,,,,,,,,3.0,1.0,0.0,0.0,0.0,1.29,1.0,1.0,,,0.0,0.0,0.0,0.0,0.0,,1.0,0.0,1.0,,5.0,19.0
2023,2021013075,2023-06-25,1800122.0,渡邊 佳明,48.0,打一,376,1.0,0.0,3.0,3.0,0.0,0.0,0.0,0.0,0.0,0.0,0.0,,0.0,0.0,0.0,0.0,0.0,0.0,,,,,,,,,,,,,,,,,,,,,,
2023,2021013075,2023-06-25,1800123.0,小郷 裕哉,51.0,右,376,1.0,1.0,5.0,5.0,0.0,1.0,0.0,0.0,0.0,1.0,0.0,,0.0,1.0,0.0,0.0,0.0,0.0,,,,,,,,,,,,,,,,,,,,,,
2023,2021013075,2023-06-25,1850820.0,蛭間 拓哉,9.0,右,7,1.0,1.0,4.0,4.0,1.0,1.0,0.0,0.0,1.0,3.0,0.0,,0.0,0.0,0.0,0.0,0.0,0.0,,,,,,,,,,,,,,,,,,,,,,
2023,2021013075,2023-06-25,1900068.0,岸 潤一郎,68.0,中,7,1.0,1.0,5.0,5.0,1.0,3.0,0.0,0.0,0.0,0.0,0.0,,0.0,0.0,0.0,0.0,0.0,0.0,,,,,,,,,,,,,,,,,,,,,,
2023,2021013075,2023-06-25,1900112.0,小深田 大翔,0.0,二,376,1.0,1.0,4.0,1.0,1.0,1.0,1.0,0.0,0.0,0.0,0.0,,3.0,0.0,0.0,0.0,0.0,0.0,,,,,,,,,,,,,,,,,,,,,,
2023,2021013075,2023-06-25,1900114.0,津留崎 大成,52.0,,376,,,,,,,,,,,,,,,,,,,4.0,1.0,0.0,0.0,0.0,2.25,2.0,2.0,,,0.0,1.0,0.0,0.0,0.0,,0.0,2.0,0.0,,6.0,21.0
2023,2021013075,2023-06-25,1961030.0,ティノコ,54.0,,7,,,,,,,,,,,,,,,,,,,3.0,1.0,0.0,0.0,2.0,3.28,1.0,1.0,,,0.0,1.0,0.0,0.0,0.0,,1.0,2.0,0.0,,5.0,23.0
2023,2021013075,2023-06-25,2000067.0,渡部 健人,8.0,一,7,1.0,1.0,5.0,4.0,1.0,1.0,0.0,0.0,1.0,2.0,0.0,,0.0,1.0,1.0,0.0,0.0,0.0,,,,,,,,,,,,,,,,,,,,,,
2023,2021013075,2023-06-25,2000068.0,佐々木 健,26.0,,7,,,,,,,,,,,,,,,,,,,5.0,1.0,0.0,0.0,0.0,0.0,0.6666666666666666,0.2,,,0.0,0.0,0.0,0.0,0.0,,0.0,0.0,0.0,,2.0,7.0
2023,2021013075,2023-06-25,2000075.0,長谷川 信哉,63.0,走指,7,1.0,0.0,0.0,0.0,0.0,0.0,0.0,0.0,0.0,0.0,0.0,,0.0,0.0,0.0,0.0,0.0,0.0,,,,,,,,,,,,,,,,,,,,,,
2023,2021013075,2023-06-25,2000121.0,早川 隆久,21.0,,376,,,,,,,,,,,,,,,,,,,1.0,1.0,,4.0,5.0,2.8,4.0,4.0,,,0.0,10.0,5.0,5.0,2.0,,2.0,0.0,0.0,,22.0,94.0
2023,2021013075,2023-06-25,2103714.0,佐藤 隼輔,19.0,,7,,,,,,,,,,,,,,,,,,,4.0,1.0,0.0,1.0,1.0,2.66,0.3333333333333333,0.1,,,0.0,2.0,2.0,2.0,0.0,,2.0,0.0,0.0,,5.0,19.0
2023,2021013075,2023-06-25,2103740.0,安田 悠馬,55.0,打捕,376,1.0,0.0,3.0,3.0,0.0,0.0,0.0,0.0,0.0,0.0,0.0,,0.0,2.0,0.0,0.0,0.0,0.0,,,,,,,,,,,,,,,,,,,,,,
2023,2021013075,2023-06-25,2105038.0,伊藤 茉央,41.0,,376,,,,,,,,,,,,,,,,,,,2.0,1.0,0.0,1.0,0.0,3.12,1.0,1.0,,,0.0,1.0,0.0,0.0,0.0,,1.0,0.0,0.0,,5.0,14.0
2023,2021013075,2023-06-25,2108196.0,マキノン,30.0,三,7,1.0,1.0,5.0,4.0,1.0,2.0,0.0,0.0,0.0,0.0,0.0,,1.0,1.0,0.0,0.0,0.0,0.0,,,,,,,,,,,,,,,,,,,,,,
2023,2021013076,2023-06-25,700087.0,角中 勝也,3.0,右,9,1.0,1.0,3.0,2.0,1.0,1.0,0.0,0.0,1.0,3.0,0.0,,1.0,0.0,0.0,0.0,0.0,0.0,,,,,,,,,,,,,,,,,,,,,,
2023,2021013076,2023-06-25,700095.0,福田 秀平,7.0,指,9,1.0,1.0,4.0,4.0,0.0,2.0,0.0,0.0,0.0,0.0,1.0,,0.0,1.0,0.0,0.0,0.0,0.0,,,,,,,,,,,,,,,,,,,,,,
2023,2021013076,2023-06-25,900081.0,西野 勇士,29.0,,9,,,,,,,,,,,,,,,,,,,1.0,1.0,,6.0,2.0,2.84,5.333333333333333,5.1,,,0.0,8.0,3.0,3.0,0.0,,2.0,6.0,0.0,,24.0,88.0
2023,2021013076,2023-06-25,1000083.0,澤村 拓一,54.0,,9,,,,,,,,,,,,,,,,,,,3.0,1.0,0.0,4.0,2.0,5.91,1.0,1.0,,,2.0,0.0,0.0,0.0,0.0,,2.0,0.0,0.0,,5.0,24.0
2023,2021013076,2023-06-25,1100095.0,松本 剛,7.0,左,8,1.0,1.0,5.0,4.0,0.0,0.0,0.0,0.0,0.0,0.0,0.0,,0.0,1.0,0.0,1.0,0.0,0.0,,,,,,,,,,,,,,,,,,,,,,
2023,2021013076,2023-06-25,1100104.0,益田 直也,52.0,,9,,,,,,,,,,,,,,,,,,,5.0,1.0,0.0,2.0,0.0,2.28,1.0,1.0,,,19.0,2.0,2.0,2.0,1.0,,0.0,1.0,0.0,,5.0,21.0
2023,2021013076,2023-06-25,1200096.0,田村 龍弘,27.0,捕,9,1.0,1.0,4.0,3.0,0.0,0.0,0.0,0.0,0.0,0.0,0.0,,0.0,1.0,0.0,1.0,0.0,0.0,,,,,,,,,,,,,,,,,,,,,,
2023,2021013076,2023-06-25,1200100.0,伏見 寅威,23.0,捕,8,1.0,0.0,0.0,0.0,0.0,0.0,0.0,0.0,0.0,0.0,0.0,,0.0,0.0,0.0,0.0,0.0,0.0,,,,,,,,,,,,,,,,,,,,,,
2023,2021013076,2023-06-25,1251037.0,上川畑 大悟,4.0,遊,8,1.0,1.0,4.0,3.0,0.0,3.0,1.0,0.0,0.0,2.0,0.0,,1.0,0.0,0.0,0.0,0.0,0.0,,,,,,,,,,,,,,,,,,,,,,
2023,2021013076,2023-06-25,1300044.0,岡 大海,25.0,左,9,1.0,0.0,1.0,1.0,1.0,1.0,0.0,0.0,1.0,1.0,0.0,,0.0,0.0,0.0,0.0,0.0,0.0,,,,,,,,,,,,,,,,,,,,,,
2023,2021013076,2023-06-25,1300094.0,杉浦 稔大,22.0,,8,,,,,,,,,,,,,,,,,,,5.0,1.0,0.0,0.0,1.0,2.57,1.0,1.0,,,0.0,2.0,2.0,2.0,2.0,,1.0,2.0,0.0,,6.0,20.0
2023,2021013076,2023-06-25,1400170.0,江越 大賀,37.0,中,8,1.0,0.0,1.0,1.0,0.0,0.0,0.0,0.0,0.0,0.0,0.0,,0.0,0.0,0.0,0.0,0.0,0.0,,,,,,,,,,,,,,,,,,,,,,
2023,2021013076,2023-06-25,1400188.0,中村 奨吾,8.0,二,9,1.0,1.0,4.0,4.0,1.0,1.0,0.0,0.0,1.0,1.0,0.0,,0.0,0.0,0.0,0.0,0.0,0.0,,,,,,,,,,,,,,,,,,,,,,
2023,2021013076,2023-06-25,1460080.0,ポランコ,22.0,左,9,1.0,1.0,3.0,2.0,1.0,1.0,0.0,0.0,0.0,0.0,0.0,,1.0,0.0,0.0,0.0,0.0,0.0,,,,,,,,,,,,,,,,,,,,,,
2023,2021013076,2023-06-25,1460315.0,アルカンタラ,6.0,右,8,1.0,1.0,3.0,2.0,1.0,0.0,0.0,0.0,0.0,0.0,0.0,,1.0,0.0,0.0,0.0,0.0,0.0,,,,,,,,,,,,,,,,,,,,,,
2023,2021013076,2023-06-25,1500141.0,茶谷 健太,67.0,遊,9,1.0,1.0,3.0,2.0,0.0,0.0,0.0,0.0,0.0,0.0,0.0,,0.0,0.0,0.0,1.0,0.0,0.0,,,,,,,,,,,,,,,,,,,,,,
2023,2021013076,2023-06-25,1600134.0,石井 一成,38.0,二,8,1.0,1.0,5.0,4.0,1.0,2.0,1.0,0.0,0.0,0.0,0.0,,1.0,1.0,0.0,0.0,0.0,1.0,,,,,,,,,,,,,,,,,,,,,,
2023,2021013076,2023-06-25,1600139.0,玉井 大翔,19.0,,8,,,,,,,,,,,,,,,,,,,4.0,1.0,0.0,0.0,2.0,2.0,0.6666666666666666,0.2,,,2.0,0.0,0.0,0.0,0.0,,0.0,1.0,0.0,,2.0,7.0
2023,2021013076,2023-06-25,1660014.0,ペルドモ,55.0,,9,,,,,,,,,,,,,,,,,,,4.0,1.0,0.0,0.0,0.0,1.61,1.0,1.0,,,1.0,1.0,0.0,0.0,0.0,,0.0,0.0,0.0,,4.0,11.0
2023,2021013076,2023-06-25,1700025.0,清宮 幸太郎,21.0,三,8,1.0,1.0,5.0,4.0,1.0,2.0,0.0,0.0,1.0,3.0,0.0,,1.0,2.0,0.0,0.0,0.0,0.0,,,,,,,,,,,,,,,,,,,,,,
2023,2021013076,2023-06-25,1700092.0,安田 尚憲,5.0,三,9,1.0,1.0,3.0,3.0,0.0,1.0,1.0,0.0,0.0,0.0,0.0,,0.0,0.0,0.0,0.0,0.0,0.0,,,,,,,,,,,,,,,,,,,,,,
2023,2021013076,2023-06-25,1700098.0,和田 康士朗,63.0,走右,9,1.0,0.0,1.0,0.0,1.0,0.0,0.0,0.0,0.0,0.0,0.0,,1.0,0.0,0.0,0.0,0.0,0.0,,,,,,,,,,,,,,,,,,,,,,
2023,2021013076,2023-06-25,1800008.0,マルティネス,2.0,捕,8,1.0,1.0,3.0,3.0,0.0,0.0,0.0,0.0,0.0,0.0,0.0,,0.0,1.0,0.0,0.0,0.0,0.0,,,,,,,,,,,,,,,,,,,,,,
2023,2021013076,2023-06-25,1800037.0,坂本 光士郎,36.0,,9,,,,,,,,,,,,,,,,,,,2.0,1.0,0.0,0.0,0.0,3.0,0.6666666666666666,0.2,,,0.0,1.0,0.0,0.0,0.0,,0.0,1.0,0.0,,3.0,12.0
2023,2021013076,2023-06-25,1800050.0,藤原 恭大,1.0,中,9,1.0,1.0,4.0,4.0,0.0,0.0,0.0,0.0,0.0,0.0,0.0,,0.0,1.0,0.0,0.0,0.0,0.0,,,,,,,,,,,,,,,,,,,,,,
2023,2021013076,2023-06-25,1800053.0,山口 航輝,51.0,一,9,1.0,1.0,4.0,4.0,1.0,1.0,0.0,0.0,0.0,0.0,0.0,,0.0,1.0,0.0,0.0,0.0,0.0,,,,,,,,,,,,,,,,,,,,,,
2023,2021013076,2023-06-25,1800091.0,野村 佑希,5.0,一,8,1.0,1.0,5.0,5.0,1.0,3.0,0.0,0.0,0.0,0.0,0.0,,0.0,1.0,0.0,0.0,0.0,0.0,,,,,,,,,,,,,,,,,,,,,,
2023,2021013076,2023-06-25,1800092.0,生田目 翼,13.0,,8,,,,,,,,,,,,,,,,,,,3.0,1.0,0.0,0.0,1.0,0.0,1.3333333333333333,1.1,,,0.0,1.0,1.0,0.0,0.0,,1.0,0.0,0.0,,6.0,22.0
2023,2021013076,2023-06-25,1800093.0,万波 中正,66.0,指,8,1.0,1.0,5.0,5.0,1.0,1.0,0.0,0.0,0.0,0.0,0.0,,0.0,1.0,0.0,0.0,0.0,0.0,,,,,,,,,,,,,,,,,,,,,,
2023,2021013076,2023-06-25,1800096.0,福田 俊,40.0,,8,,,,,,,,,,,,,,,,,,,2.0,1.0,0.0,0.0,0.0,0.0,0.3333333333333333,0.1,,,0.0,0.0,0.0,0.0,0.0,,0.0,0.0,0.0,,1.0,1.0
2023,2021013076,2023-06-25,1900073.0,鈴木 健矢,47.0,,8,,,,,,,,,,,,,,,,,,,1.0,1.0,,6.0,2.0,1.89,4.666666666666667,4.2,,,0.0,5.0,3.0,3.0,1.0,,1.0,1.0,0.0,,19.0,72.0
2023,2021013076,2023-06-25,1961860.0,加藤 豪将,3.0,打,8,1.0,0.0,1.0,1.0,0.0,0.0,0.0,0.0,0.0,0.0,0.0,,0.0,0.0,0.0,0.0,0.0,0.0,,,,,,,,,,,,,,,,,,,,,,
2023,2021013076,2023-06-25,2000082.0,細川 凌平,56.0,中右,8,1.0,1.0,4.0,4.0,0.0,1.0,0.0,0.0,0.0,0.0,0.0,,0.0,1.0,0.0,0.0,0.0,0.0,,,,,,,,,,,,,,,,,,,,,,
2023,2021013077,2023-06-25,600066.0,平野 佳寿,16.0,,11,,,,,,,,,,,,,,,,,,,2.0,1.0,0.0,0.0,1.0,1.17,0.3333333333333333,0.1,,,11.0,1.0,0.0,0.0,0.0,,1.0,0.0,0.0,,3.0,14.0
2023,2021013077,2023-06-25,800081.0,中村 晃,7.0,一,12,1.0,1.0,4.0,4.0,1.0,1.0,0.0,0.0,0.0,0.0,0.0,,0.0,0.0,0.0,0.0,0.0,0.0,,,,,,,,,,,,,,,,,,,,,,
2023,2021013077,2023-06-25,1000035.0,今宮 健太,6.0,遊,12,1.0,1.0,4.0,4.0,0.0,0.0,0.0,0.0,0.0,0.0,0.0,,0.0,2.0,0.0,0.0,0.0,0.0,,,,,,,,,,,,,,,,,,,,,,
2023,2021013077,2023-06-25,1000128.0,柳田 悠岐,9.0,右,12,1.0,1.0,4.0,4.0,1.0,2.0,1.0,0.0,1.0,2.0,0.0,,0.0,0.0,0.0,0.0,0.0,0.0,,,,,,,,,,,,,,,,,,,,,,
2023,2021013077,2023-06-25,1000175.0,牧原 大成,8.0,中,12,1.0,1.0,4.0,4.0,0.0,1.0,0.0,0.0,0.0,0.0,0.0,,0.0,0.0,0.0,0.0,0.0,0.0,,,,,,,,,,,,,,,,,,,,,,
2023,2021013077,2023-06-25,1000176.0,甲斐 拓也,19.0,捕,12,1.0,1.0,3.0,3.0,0.0,1.0,1.0,0.0,0.0,0.0,0.0,,0.0,1.0,0.0,0.0,0.0,0.0,,,,,,,,,,,,,,,,,,,,,,
2023,2021013077,2023-06-25,1100097.0,近藤 健介,3.0,指,12,1.0,1.0,4.0,4.0,0.0,0.0,0.0,0.0,0.0,0.0,0.0,,0.0,0.0,0.0,0.0,0.0,0.0,,,,,,,,,,,,,,,,,,,,,,
2023,2021013077,2023-06-25,1100115.0,武田 翔太,18.0,,12,,,,,,,,,,,,,,,,,,,2.0,1.0,0.0,1.0,2.0,5.17,1.6666666666666663,1.2,,,0.0,1.0,0.0,0.0,0.0,,1.0,3.0,0.0,,7.0,28.0
2023,2021013077,2023-06-25,1160424.0,ゴンザレス,8.0,二,11,1.0,1.0,4.0,4.0,0.0,0.0,0.0,0.0,0.0,0.0,0.0,,0.0,3.0,0.0,0.0,0.0,0.0,,,,,,,,,,,,,,,,,,,,,,
2023,2021013077,2023-06-25,1300079.0,上林 誠知,51.0,左,12,1.0,0.0,0.0,0.0,0.0,0.0,0.0,0.0,0.0,0.0,0.0,,0.0,0.0,0.0,0.0,0.0,0.0,,,,,,,,,,,,,,,,,,,,,,
2023,2021013077,2023-06-25,1300100.0,森 友哉,4.0,指,11,1.0,1.0,5.0,5.0,0.0,1.0,0.0,0.0,0.0,1.0,0.0,,0.0,2.0,0.0,0.0,0.0,0.0,,,,,,,,,,,,,,,,,,,,,,
2023,2021013077,2023-06-25,1300109.0,若月 健矢,2.0,捕,11,1.0,1.0,4.0,4.0,0.0,0.0,0.0,0.0,0.0,0.0,0.0,,0.0,2.0,0.0,0.0,0.0,0.0,,,,,,,,,,,,,,,,,,,,,,
2023,2021013077,2023-06-25,1400126.0,松本 裕樹,66.0,,12,,,,,,,,,,,,,,,,,,,4.0,1.0,0.0,0.0,1.0,3.15,1.0,1.0,,,0.0,0.0,0.0,0.0,0.0,,0.0,2.0,0.0,,3.0,15.0
2023,2021013077,2023-06-25,1400127.0,栗原 陵矢,24.0,三,12,1.0,1.0,4.0,3.0,0.0,0.0,0.0,0.0,0.0,0.0,0.0,,1.0,1.0,0.0,0.0,0.0,0.0,,,,,,,,,,,,,,,,,,,,,,
2023,2021013077,2023-06-25,1400195.0,山崎 福也,11.0,,11,,,,,,,,,,,,,,,,,,,1.0,1.0,,6.0,2.0,2.82,8.666666666666666,8.2,,,0.0,4.0,2.0,2.0,1.0,,0.0,6.0,1.0,,31.0,109.0
2023,2021013077,2023-06-25,1400196.0,宗 佑磨,6.0,三,11,1.0,1.0,5.0,3.0,1.0,2.0,0.0,0.0,0.0,0.0,0.0,,1.0,0.0,0.0,1.0,0.0,0.0,,,,,,,,,,,,,,,,,,,,,,
2023,2021013077,2023-06-25,1400202.0,小田 裕也,50.0,左,11,1.0,0.0,0.0,0.0,0.0,0.0,0.0,0.0,0.0,0.0,0.0,,0.0,0.0,0.0,0.0,0.0,0.0,,,,,,,,,,,,,,,,,,,,,,
2023,2021013077,2023-06-25,1500128.0,大城 滉二,10.0,二,11,1.0,0.0,0.0,0.0,0.0,0.0,0.0,0.0,0.0,0.0,0.0,,0.0,0.0,0.0,0.0,0.0,0.0,,,,,,,,,,,,,,,,,,,,,,
2023,2021013077,2023-06-25,1500135.0,杉本 裕太郎,99.0,左,11,1.0,1.0,4.0,4.0,0.0,1.0,0.0,0.0,0.0,2.0,0.0,,0.0,1.0,0.0,0.0,0.0,0.0,,,,,,,,,,,,,,,,,,,,,,
2023,2021013077,2023-06-25,1500143.0,川瀬 晃,0.0,打,12,1.0,0.0,1.0,1.0,0.0,0.0,0.0,0.0,0.0,0.0,0.0,,0.0,0.0,0.0,0.0,0.0,0.0,,,,,,,,,,,,,,,,,,,,,,
2023,2021013077,2023-06-25,1700133.0,田浦 文丸,56.0,,12,,,,,,,,,,,,,,,,,,,3.0,1.0,0.0,1.0,0.0,0.96,1.0,1.0,,,0.0,2.0,1.0,1.0,0.0,,0.0,2.0,1.0,,6.0,21.0
2023,2021013077,2023-06-25,1700134.0,尾形 崇斗,39.0,,12,,,,,,,,,,,,,,,,,,,5.0,1.0,0.0,0.0,1.0,4.26,1.0,1.0,,,0.0,1.0,0.0,0.0,0.0,,0.0,1.0,0.0,,4.0,15.0
2023,2021013077,2023-06-25,1700135.0,周東 佑京,23.0,走,12,1.0,0.0,0.0,0.0,0.0,0.0,0.0,0.0,0.0,0.0,0.0,,0.0,0.0,0.0,0.0,0.0,0.0,,,,,,,,,,,,,,,,,,,,,,
2023,2021013077,2023-06-25,1800099.0,頓宮 裕真,44.0,一,11,1.0,1.0,4.0,3.0,1.0,1.0,0.0,0.0,0.0,0.0,0.0,,1.0,0.0,0.0,0.0,0.0,0.0,,,,,,,,,,,,,,,,,,,,,,
2023,2021013077,2023-06-25,1800104.0,中川 圭太,67.0,中,11,1.0,1.0,5.0,3.0,1.0,0.0,0.0,0.0,0.0,0.0,0.0,,2.0,3.0,0.0,0.0,0.0,0.0,,,,,,,,,,,,,,,,,,,,,,
2023,2021013077,2023-06-25,1800108.0,野村 大樹,55.0,打,12,1.0,0.0,1.0,1.0,0.0,0.0,0.0,0.0,0.0,0.0,0.0,,0.0,0.0,0.0,0.0,0.0,0.0,,,,,,,,,,,,,,,,,,,,,,
2023,2021013077,2023-06-25,1800109.0,板東 湧梧,50.0,,12,,,,,,,,,,,,,,,,,,,1.0,1.0,,2.0,1.0,3.28,4.333333333333333,4.1,,,0.0,4.0,3.0,3.0,0.0,,3.0,4.0,0.0,,20.0,83.0
2023,2021013077,2023-06-25,1900088.0,紅林 弘太郎,24.0,遊,11,1.0,1.0,4.0,4.0,0.0,2.0,0.0,0.0,0.0,1.0,0.0,,0.0,0.0,0.0,0.0,0.0,0.0,,,,,,,,,,,,,,,,,,,,,,
2023,2021013077,2023-06-25,1900104.0,柳町 達,32.0,左,12,1.0,1.0,2.0,2.0,0.0,0.0,0.0,0.0,0.0,0.0,0.0,,0.0,1.0,0.0,0.0,0.0,0.0,,,,,,,,,,,,,,,,,,,,,,
2023,2021013077,2023-06-25,2104035.0,野村 勇,99.0,二,12,1.0,1.0,3.0,2.0,0.0,0.0,0.0,0.0,0.0,0.0,0.0,,0.0,1.0,1.0,0.0,0.0,0.0,,,,,,,,,,,,,,,,,,,,,,
2023,2021013077,2023-06-25,2107897.0,茶野 篤政,61.0,右,11,1.0,1.0,5.0,4.0,1.0,1.0,0.0,0.0,0.0,0.0,1.0,,0.0,1.0,1.0,0.0,0.0,0.0,,,,,,,,,,,,,,,,,,,,,,
2023,2021013078,2023-06-26,20204.0,和田 毅,21.0,,12,,,,,,,,,,,,,,,,,,,1.0,1.0,,5.0,3.0,3.04,5.0,5.0,,,0.0,5.0,2.0,2.0,0.0,,1.0,5.0,0.0,,21.0,77.0
2023,2021013078,2023-06-26,700069.0,田中 将大,18.0,,376,,,,,,,,,,,,,,,,,,,1.0,1.0,,4.0,4.0,3.84,7.0,7.0,,,0.0,5.0,1.0,1.0,1.0,,2.0,3.0,0.0,,28.0,99.0
2023,2021013078,2023-06-26,800081.0,中村 晃,7.0,一,12,1.0,1.0,4.0,4.0,0.0,1.0,1.0,0.0,0.0,0.0,0.0,,0.0,0.0,0.0,0.0,0.0,0.0,,,,,,,,,,,,,,,,,,,,,,
2023,2021013078,2023-06-26,900056.0,浅村 栄斗,3.0,指,376,1.0,1.0,4.0,4.0,0.0,0.0,0.0,0.0,0.0,0.0,0.0,,0.0,0.0,0.0,0.0,0.0,0.0,,,,,,,,,,,,,,,,,,,,,,
2023,2021013078,2023-06-26,1000035.0,今宮 健太,6.0,遊,12,1.0,1.0,4.0,3.0,0.0,0.0,0.0,0.0,0.0,0.0,0.0,,0.0,0.0,0.0,1.0,0.0,0.0,,,,,,,,,,,,,,,,,,,,,,
2023,2021013078,2023-06-26,1000128.0,柳田 悠岐,9.0,指,12,1.0,1.0,4.0,3.0,1.0,1.0,0.0,0.0,1.0,1.0,0.0,,1.0,1.0,0.0,0.0,0.0,0.0,,,,,,,,,,,,,,,,,,,,,,
2023,2021013078,2023-06-26,1000175.0,牧原 大成,8.0,中,12,1.0,1.0,4.0,4.0,0.0,1.0,0.0,0.0,0.0,0.0,0.0,,0.0,0.0,0.0,0.0,0.0,0.0,,,,,,,,,,,,,,,,,,,,,,
2023,2021013078,2023-06-26,1000176.0,甲斐 拓也,19.0,捕,12,1.0,1.0,2.0,2.0,0.0,0.0,0.0,0.0,0.0,0.0,0.0,,0.0,1.0,0.0,0.0,0.0,0.0,,,,,,,,,,,,,,,,,,,,,,
2023,2021013078,2023-06-26,1100097.0,近藤 健介,3.0,左,12,1.0,1.0,4.0,4.0,0.0,1.0,1.0,0.0,0.0,0.0,0.0,,0.0,0.0,0.0,0.0,0.0,0.0,,,,,,,,,,,,,,,,,,,,,,
2023,2021013078,2023-06-26,1100103.0,鈴木 大地,7.0,一,376,1.0,1.0,4.0,4.0,1.0,1.0,1.0,0.0,0.0,0.0,0.0,,0.0,0.0,0.0,0.0,0.0,0.0,,,,,,,,,,,,,,,,,,,,,,
2023,2021013078,2023-06-26,1100130.0,岡島 豪郎,27.0,左,376,1.0,1.0,4.0,4.0,0.0,0.0,0.0,0.0,0.0,0.0,0.0,,0.0,1.0,0.0,0.0,0.0,0.0,,,,,,,,,,,,,,,,,,,,,,
2023,2021013078,2023-06-26,1300079.0,上林 誠知,51.0,打,12,1.0,0.0,1.0,1.0,0.0,0.0,0.0,0.0,0.0,0.0,0.0,,0.0,0.0,0.0,0.0,0.0,0.0,,,,,,,,,,,,,,,,,,,,,,
2023,2021013078,2023-06-26,1300084.0,松井 裕樹,1.0,,376,,,,,,,,,,,,,,,,,,,3.0,1.0,0.0,1.0,2.0,0.74,1.0,1.0,,,15.0,0.0,0.0,0.0,0.0,,1.0,1.0,0.0,,4.0,14.0
2023,2021013078,2023-06-26,1300093.0,嶺井 博希,12.0,捕,12,1.0,0.0,0.0,0.0,0.0,0.0,0.0,0.0,0.0,0.0,0.0,,0.0,0.0,0.0,0.0,0.0,0.0,,,,,,,,,,,,,,,,,,,,,,
2023,2021013078,2023-06-26,1400127.0,栗原 陵矢,24.0,三,12,1.0,1.0,4.0,3.0,0.0,0.0,0.0,0.0,0.0,0.0,0.0,,1.0,1.0,0.0,0.0,0.0,0.0,,,,,,,,,,,,,,,,,,,,,,
2023,2021013078,2023-06-26,1550517.0,大津 亮介,26.0,,12,,,,,,,,,,,,,,,,,,,2.0,1.0,0.0,1.0,0.0,2.66,1.0,1.0,,,0.0,0.0,0.0,0.0,0.0,,0.0,0.0,0.0,,3.0,6.0
2023,2021013078,2023-06-26,1600007.0,村林 一輝,66.0,三,376,1.0,1.0,4.0,3.0,1.0,2.0,0.0,0.0,0.0,0.0,1.0,,0.0,0.0,0.0,1.0,0.0,0.0,,,,,,,,,,,,,,,,,,,,,,
2023,2021013078,2023-06-26,1600094.0,田中 和基,25.0,左,376,1.0,0.0,0.0,0.0,0.0,0.0,0.0,0.0,0.0,0.0,0.0,,0.0,0.0,0.0,0.0,0.0,0.0,,,,,,,,,,,,,,,,,,,,,,
2023,2021013078,2023-06-26,1600167.0,三森 大貴,13.0,二,12,1.0,1.0,3.0,3.0,0.0,0.0,0.0,0.0,0.0,0.0,0.0,,0.0,0.0,0.0,0.0,0.0,0.0,,,,,,,,,,,,,,,,,,,,,,
2023,2021013078,2023-06-26,1700034.0,山崎 剛,34.0,遊,376,1.0,1.0,4.0,3.0,1.0,1.0,1.0,0.0,0.0,1.0,0.0,,1.0,2.0,0.0,0.0,0.0,0.0,,,,,,,,,,,,,,,,,,,,,,
2023,2021013078,2023-06-26,1700133.0,田浦 文丸,56.0,,12,,,,,,,,,,,,,,,,,,,5.0,1.0,0.0,1.0,0.0,0.92,1.0,1.0,,,0.0,0.0,0.0,0.0,0.0,,0.0,0.0,0.0,,3.0,11.0
2023,2021013078,2023-06-26,1800106.0,甲斐野 央,20.0,,12,,,,,,,,,,,,,,,,,,,4.0,1.0,0.0,0.0,0.0,1.8,1.0,1.0,,,0.0,0.0,0.0,0.0,0.0,,0.0,2.0,0.0,,3.0,14.0
2023,2021013078,2023-06-26,1800108.0,野村 大樹,55.0,打,12,1.0,0.0,1.0,1.0,0.0,0.0,0.0,0.0,0.0,0.0,0.0,,0.0,0.0,0.0,0.0,0.0,0.0,,,,,,,,,,,,,,,,,,,,,,
2023,2021013078,2023-06-26,1800117.0,辰己 涼介,8.0,中,376,1.0,1.0,5.0,4.0,0.0,1.0,1.0,0.0,0.0,1.0,0.0,,1.0,0.0,0.0,0.0,0.0,0.0,,,,,,,,,,,,,,,,,,,,,,
2023,2021013078,2023-06-26,1800118.0,太田 光,2.0,打捕,376,1.0,0.0,1.0,1.0,0.0,0.0,0.0,0.0,0.0,0.0,0.0,,0.0,0.0,0.0,0.0,0.0,0.0,,,,,,,,,,,,,,,,,,,,,,
2023,2021013078,2023-06-26,1800123.0,小郷 裕哉,51.0,右,376,1.0,1.0,4.0,3.0,0.0,0.0,0.0,0.0,0.0,0.0,0.0,,1.0,1.0,0.0,0.0,0.0,0.0,,,,,,,,,,,,,,,,,,,,,,
2023,2021013078,2023-06-26,1800124.0,鈴木 翔天,56.0,,376,,,,,,,,,,,,,,,,,,,2.0,1.0,0.0,1.0,0.0,4.05,1.0,1.0,,,0.0,0.0,0.0,0.0,0.0,,0.0,0.0,0.0,,3.0,20.0
2023,2021013078,2023-06-26,1900102.0,津森 宥紀,11.0,,12,,,,,,,,,,,,,,,,,,,3.0,1.0,0.0,3.0,1.0,3.25,1.0,1.0,,,0.0,2.0,1.0,1.0,0.0,,3.0,0.0,0.0,,7.0,30.0
2023,2021013078,2023-06-26,1900104.0,柳町 達,32.0,右,12,1.0,1.0,3.0,2.0,0.0,1.0,0.0,0.0,0.0,0.0,0.0,,1.0,0.0,0.0,0.0,0.0,0.0,,,,,,,,,,,,,,,,,,,,,,
2023,2021013078,2023-06-26,1900112.0,小深田 大翔,0.0,二,376,1.0,1.0,4.0,4.0,0.0,1.0,0.0,0.0,0.0,1.0,0.0,,0.0,2.0,0.0,0.0,0.0,0.0,,,,,,,,,,,,,,,,,,,,,,
2023,2021013078,2023-06-26,2103740.0,安田 悠馬,55.0,捕,376,1.0,1.0,3.0,2.0,0.0,1.0,0.0,0.0,0.0,0.0,0.0,,1.0,1.0,0.0,0.0,0.0,0.0,,,,,,,,,,,,,,,,,,,,,,
2023,2021013078,2023-06-26,2104035.0,野村 勇,99.0,打,12,1.0,0.0,1.0,1.0,0.0,0.0,0.0,0.0,0.0,0.0,0.0,,0.0,1.0,0.0,0.0,0.0,0.0,,,,,,,,,,,,,,,,,,,,,,
2023,2021013080,2023-06-27,700035.0,福田 永将,55.0,一,4,1.0,0.0,1.0,1.0,0.0,1.0,0.0,0.0,0.0,0.0,0.0,,0.0,0.0,0.0,0.0,0.0,0.0,,,,,,,,,,,,,,,,,,,,,,
2023,2021013080,2023-06-27,900062.0,西 勇輝,16.0,投,5,1.0,1.0,2.0,0.0,0.0,0.0,0.0,0.0,0.0,0.0,0.0,,0.0,0.0,0.0,2.0,0.0,0.0,1.0,1.0,,5.0,4.0,4.26,5.0,5.0,,,0.0,7.0,3.0,3.0,1.0,,1.0,2.0,2.0,,25.0,76.0
2023,2021013080,2023-06-27,900410.0,大島 洋平,8.0,左,4,1.0,1.0,5.0,5.0,0.0,1.0,0.0,0.0,0.0,0.0,0.0,,0.0,1.0,0.0,0.0,0.0,0.0,,,,,,,,,,,,,,,,,,,,,,
2023,2021013080,2023-06-27,900426.0,原口 文仁,94.0,打,5,1.0,0.0,1.0,1.0,0.0,0.0,0.0,0.0,0.0,0.0,0.0,,0.0,1.0,0.0,0.0,0.0,0.0,,,,,,,,,,,,,,,,,,,,,,
2023,2021013080,2023-06-27,1000164.0,島本 浩也,46.0,投,5,1.0,0.0,0.0,0.0,0.0,0.0,0.0,0.0,0.0,0.0,0.0,,0.0,0.0,0.0,0.0,0.0,0.0,2.0,1.0,0.0,2.0,0.0,0.0,1.0,1.0,,,0.0,0.0,0.0,0.0,0.0,,0.0,0.0,0.0,,3.0,11.0
2023,2021013080,2023-06-27,1300042.0,渡邉 諒,25.0,打,5,1.0,0.0,1.0,0.0,1.0,0.0,0.0,0.0,0.0,0.0,0.0,,1.0,0.0,0.0,0.0,0.0,0.0,,,,,,,,,,,,,,,,,,,,,,
2023,2021013080,2023-06-27,1300066.0,祖父江 大輔,33.0,投,4,1.0,0.0,0.0,0.0,0.0,0.0,0.0,0.0,0.0,0.0,0.0,,0.0,0.0,0.0,0.0,0.0,0.0,5.0,1.0,0.0,3.0,3.0,2.7,1.0,1.0,,,0.0,1.0,0.0,0.0,0.0,,0.0,1.0,0.0,,4.0,11.0
2023,2021013080,2023-06-27,1300073.0,梅野 隆太郎,2.0,捕,5,1.0,1.0,5.0,4.0,1.0,1.0,0.0,0.0,0.0,0.0,0.0,,1.0,1.0,0.0,0.0,0.0,0.0,,,,,,,,,,,,,,,,,,,,,,
2023,2021013080,2023-06-27,1300076.0,加治屋 蓮,54.0,投,5,1.0,0.0,0.0,0.0,0.0,0.0,0.0,0.0,0.0,0.0,0.0,,0.0,0.0,0.0,0.0,0.0,0.0,4.0,1.0,0.0,0.0,1.0,1.25,1.0,1.0,,,1.0,0.0,0.0,0.0,0.0,,1.0,1.0,0.0,,3.0,10.0
2023,2021013080,2023-06-27,1500049.0,宇佐見 真吾,39.0,打捕,4,1.0,0.0,3.0,3.0,0.0,1.0,0.0,0.0,0.0,1.0,0.0,,0.0,0.0,0.0,0.0,0.0,0.0,,,,,,,,,,,,,,,,,,,,,,
2023,2021013080,2023-06-27,1500077.0,福 敬登,34.0,投,4,1.0,0.0,0.0,0.0,0.0,0.0,0.0,0.0,0.0,0.0,0.0,,0.0,0.0,0.0,0.0,0.0,0.0,4.0,1.0,0.0,1.0,0.0,3.75,0.0,0.0,,,0.0,1.0,1.0,1.0,0.0,,1.0,0.0,0.0,,2.0,11.0
2023,2021013080,2023-06-27,1600021.0,ビシエド,66.0,一,4,1.0,1.0,4.0,4.0,1.0,2.0,0.0,0.0,0.0,0.0,0.0,,0.0,0.0,0.0,0.0,0.0,0.0,,,,,,,,,,,,,,,,,,,,,,
2023,2021013080,2023-06-27,1600085.0,細川 成也,0.0,右,4,1.0,1.0,4.0,3.0,1.0,1.0,0.0,0.0,1.0,2.0,0.0,,0.0,0.0,1.0,0.0,0.0,0.0,,,,,,,,,,,,,,,,,,,,,,
2023,2021013080,2023-06-27,1600106.0,柳 裕也,17.0,投,4,1.0,1.0,1.0,1.0,0.0,0.0,0.0,0.0,0.0,0.0,0.0,,0.0,0.0,0.0,0.0,0.0,0.0,1.0,1.0,,2.0,5.0,2.97,2.6666666666666665,2.2,,,0.0,6.0,5.0,5.0,1.0,,1.0,1.0,0.0,,15.0,57.0
2023,2021013080,2023-06-27,1600110.0,藤嶋 健人,54.0,投,4,1.0,0.0,0.0,0.0,0.0,0.0,0.0,0.0,0.0,0.0,0.0,,0.0,0.0,0.0,0.0,0.0,0.0,3.0,1.0,0.0,0.0,1.0,2.75,2.0,2.0,,,0.0,3.0,3.0,2.0,0.0,,2.0,0.0,0.0,,12.0,44.0
2023,2021013080,2023-06-27,1600113.0,大山 悠輔,3.0,一,5,1.0,1.0,5.0,4.0,2.0,2.0,0.0,0.0,1.0,3.0,0.0,,1.0,1.0,0.0,0.0,0.0,0.0,,,,,,,,,,,,,,,,,,,,,,
2023,2021013080,2023-06-27,1600117.0,糸原 健斗,33.0,三,5,1.0,1.0,4.0,4.0,0.0,1.0,0.0,0.0,0.0,0.0,0.0,,0.0,0.0,0.0,0.0,0.0,0.0,,,,,,,,,,,,,,,,,,,,,,
2023,2021013080,2023-06-27,1700079.0,熊谷 敬宥,4.0,三,5,1.0,0.0,1.0,0.0,0.0,0.0,0.0,0.0,0.0,0.0,0.0,,1.0,0.0,0.0,0.0,0.0,0.0,,,,,,,,,,,,,,,,,,,,,,
2023,2021013080,2023-06-27,1700080.0,島田 海吏,53.0,走右,5,1.0,0.0,0.0,0.0,0.0,0.0,0.0,0.0,0.0,0.0,0.0,,0.0,0.0,0.0,0.0,0.0,0.0,,,,,,,,,,,,,,,,,,,,,,
2023,2021013080,2023-06-27,1700105.0,伊藤 康祐,49.0,打,4,1.0,0.0,1.0,1.0,0.0,0.0,0.0,0.0,0.0,0.0,0.0,,0.0,0.0,0.0,0.0,0.0,0.0,,,,,,,,,,,,,,,,,,,,,,
2023,2021013080,2023-06-27,1800062.0,石橋 康太,58.0,捕,4,1.0,1.0,2.0,2.0,0.0,0.0,0.0,0.0,0.0,0.0,0.0,,0.0,0.0,0.0,0.0,0.0,0.0,,,,,,,,,,,,,,,,,,,,,,
2023,2021013080,2023-06-27,1800065.0,近本 光司,5.0,中,5,1.0,1.0,5.0,3.0,0.0,0.0,0.0,0.0,0.0,1.0,0.0,,0.0,0.0,1.0,0.0,1.0,0.0,,,,,,,,,,,,,,,,,,,,,,
2023,2021013080,2023-06-27,1800067.0,木浪 聖也,0.0,遊,5,1.0,1.0,5.0,4.0,2.0,3.0,1.0,0.0,0.0,3.0,0.0,,1.0,0.0,0.0,0.0,0.0,0.0,,,,,,,,,,,,,,,,,,,,,,
2023,2021013080,2023-06-27,1900037.0,石川 昂弥,25.0,三,4,1.0,1.0,4.0,3.0,1.0,1.0,0.0,0.0,0.0,0.0,0.0,,1.0,0.0,0.0,0.0,0.0,1.0,,,,,,,,,,,,,,,,,,,,,,
2023,2021013080,2023-06-27,1900041.0,岡林 勇希,60.0,中,4,1.0,1.0,4.0,4.0,0.0,0.0,0.0,0.0,0.0,0.0,0.0,,0.0,0.0,0.0,0.0,0.0,0.0,,,,,,,,,,,,,,,,,,,,,,
2023,2021013080,2023-06-27,1950996.0,前川 右京,58.0,右,5,1.0,1.0,5.0,4.0,2.0,3.0,0.0,1.0,0.0,1.0,0.0,,0.0,0.0,1.0,0.0,0.0,0.0,,,,,,,,,,,,,,,,,,,,,,
2023,2021013080,2023-06-27,1961194.0,K.ケラー,42.0,投,5,1.0,0.0,0.0,0.0,0.0,0.0,0.0,0.0,0.0,0.0,0.0,,0.0,0.0,0.0,0.0,0.0,0.0,5.0,1.0,0.0,1.0,0.0,2.55,1.0,1.0,,,0.0,1.0,0.0,0.0,0.0,,0.0,0.0,0.0,,3.0,8.0
2023,2021013080,2023-06-27,1961251.0,ミエセス,55.0,左,5,1.0,1.0,3.0,2.0,1.0,1.0,0.0,0.0,0.0,0.0,0.0,,1.0,0.0,0.0,0.0,0.0,0.0,,,,,,,,,,,,,,,,,,,,,,
2023,2021013080,2023-06-27,1961285.0,ノイジー,7.0,打左,5,1.0,0.0,3.0,3.0,0.0,0.0,0.0,0.0,0.0,0.0,0.0,,0.0,0.0,0.0,0.0,0.0,0.0,,,,,,,,,,,,,,,,,,,,,,
2023,2021013080,2023-06-27,2000044.0,龍空,45.0,遊,4,1.0,1.0,4.0,3.0,0.0,0.0,0.0,0.0,0.0,0.0,0.0,,0.0,2.0,1.0,0.0,0.0,0.0,,,,,,,,,,,,,,,,,,,,,,
2023,2021013080,2023-06-27,2000049.0,上田 洸太朗,67.0,投,4,1.0,0.0,0.0,0.0,0.0,0.0,0.0,0.0,0.0,0.0,0.0,,0.0,0.0,0.0,0.0,0.0,0.0,2.0,1.0,0.0,0.0,0.0,0.0,0.3333333333333333,0.1,,,0.0,0.0,0.0,0.0,0.0,,0.0,1.0,0.0,,1.0,8.0
2023,2021013080,2023-06-27,2000056.0,中野 拓夢,51.0,二,5,1.0,1.0,5.0,4.0,2.0,1.0,0.0,0.0,0.0,2.0,1.0,,1.0,0.0,0.0,0.0,0.0,0.0,,,,,,,,,,,,,,,,,,,,,,
2023,2021013080,2023-06-27,2000058.0,石井 大智,69.0,投,5,1.0,0.0,0.0,0.0,0.0,0.0,0.0,0.0,0.0,0.0,0.0,,0.0,0.0,0.0,0.0,0.0,0.0,3.0,1.0,0.0,1.0,0.0,0.98,1.0,1.0,,,0.0,0.0,0.0,0.0,0.0,,0.0,0.0,0.0,,3.0,12.0
2023,2021013080,2023-06-27,2103780.0,福永 裕基,68.0,二,4,1.0,1.0,4.0,3.0,0.0,1.0,1.0,0.0,0.0,0.0,0.0,,1.0,0.0,0.0,0.0,0.0,0.0,,,,,,,,,,,,,,,,,,,,,,
2023,2021013080,2023-06-27,2107869.0,松山 晋也,90.0,投,4,1.0,0.0,0.0,0.0,0.0,0.0,0.0,0.0,0.0,0.0,0.0,,0.0,0.0,0.0,0.0,0.0,0.0,6.0,1.0,0.0,0.0,0.0,3.38,2.0,2.0,,,0.0,1.0,2.0,2.0,0.0,,3.0,0.0,2.0,,11.0,42.0
2023,2021013081,2023-06-27,600003.0,大和,9.0,遊,3,1.0,1.0,4.0,4.0,0.0,2.0,0.0,0.0,0.0,0.0,0.0,,0.0,0.0,0.0,0.0,0.0,0.0,,,,,,,,,,,,,,,,,,,,,,
2023,2021013081,2023-06-27,900430.0,堂林 翔太,7.0,打一,6,1.0,0.0,1.0,1.0,0.0,0.0,0.0,0.0,0.0,0.0,0.0,,0.0,0.0,0.0,0.0,0.0,0.0,,,,,,,,,,,,,,,,,,,,,,
2023,2021013081,2023-06-27,1000150.0,秋山 翔吾,9.0,中,6,1.0,1.0,4.0,3.0,0.0,1.0,0.0,0.0,0.0,2.0,0.0,,0.0,0.0,0.0,0.0,1.0,0.0,,,,,,,,,,,,,,,,,,,,,,
2023,2021013081,2023-06-27,1100061.0,桑原 将志,1.0,中,3,1.0,1.0,5.0,4.0,0.0,1.0,0.0,0.0,0.0,0.0,0.0,,1.0,0.0,0.0,0.0,0.0,0.0,,,,,,,,,,,,,,,,,,,,,,
2023,2021013081,2023-06-27,1100082.0,菊池 涼介,33.0,二,6,1.0,1.0,4.0,4.0,2.0,2.0,2.0,0.0,0.0,0.0,0.0,,0.0,0.0,0.0,0.0,0.0,0.0,,,,,,,,,,,,,,,,,,,,,,
2023,2021013081,2023-06-27,1200053.0,宮崎 敏郎,51.0,三,3,1.0,1.0,4.0,4.0,0.0,1.0,0.0,0.0,0.0,0.0,0.0,,0.0,0.0,0.0,0.0,0.0,0.0,,,,,,,,,,,,,,,,,,,,,,
2023,2021013081,2023-06-27,1300038.0,関根 大気,63.0,右左,3,1.0,1.0,5.0,5.0,1.0,1.0,1.0,0.0,0.0,0.0,0.0,,0.0,0.0,0.0,0.0,0.0,0.0,,,,,,,,,,,,,,,,,,,,,,
2023,2021013081,2023-06-27,1300059.0,田中 広輔,2.0,遊三,6,1.0,1.0,3.0,2.0,0.0,0.0,0.0,0.0,0.0,0.0,0.0,,1.0,1.0,0.0,0.0,0.0,0.0,,,,,,,,,,,,,,,,,,,,,,
2023,2021013081,2023-06-27,1300082.0,曽根 海成,0.0,走左,6,1.0,0.0,0.0,0.0,0.0,0.0,0.0,0.0,0.0,0.0,0.0,,0.0,0.0,0.0,0.0,0.0,0.0,,,,,,,,,,,,,,,,,,,,,,
2023,2021013081,2023-06-27,1400173.0,野間 峻祥,37.0,右,6,1.0,1.0,4.0,2.0,1.0,1.0,0.0,0.0,0.0,0.0,0.0,,0.0,0.0,0.0,2.0,0.0,0.0,,,,,,,,,,,,,,,,,,,,,,
2023,2021013081,2023-06-27,1460004.0,デビッドソン,95.0,三,6,1.0,1.0,3.0,3.0,0.0,0.0,0.0,0.0,0.0,0.0,0.0,,0.0,2.0,0.0,0.0,0.0,1.0,,,,,,,,,,,,,,,,,,,,,,
2023,2021013081,2023-06-27,1500064.0,戸柱 恭孝,10.0,捕,3,1.0,1.0,4.0,4.0,0.0,0.0,0.0,0.0,0.0,1.0,0.0,,0.0,0.0,0.0,0.0,0.0,0.0,,,,,,,,,,,,,,,,,,,,,,
2023,2021013081,2023-06-27,1500096.0,西川 龍馬,5.0,左,6,1.0,1.0,4.0,4.0,0.0,2.0,0.0,0.0,0.0,0.0,0.0,,0.0,1.0,0.0,0.0,0.0,0.0,,,,,,,,,,,,,,,,,,,,,,
2023,2021013081,2023-06-27,1560685.0,ターリー,68.0,投,6,1.0,0.0,0.0,0.0,0.0,0.0,0.0,0.0,0.0,0.0,0.0,,0.0,0.0,0.0,0.0,0.0,0.0,2.0,1.0,0.0,3.0,0.0,1.32,1.0,1.0,,,1.0,0.0,0.0,0.0,0.0,,0.0,1.0,0.0,,3.0,13.0
2023,2021013081,2023-06-27,1600089.0,佐野 恵太,7.0,左一,3,1.0,1.0,5.0,4.0,0.0,3.0,0.0,0.0,0.0,1.0,0.0,,1.0,0.0,0.0,0.0,0.0,0.0,,,,,,,,,,,,,,,,,,,,,,
2023,2021013081,2023-06-27,1600096.0,森原 康平,68.0,投,3,1.0,0.0,0.0,0.0,0.0,0.0,0.0,0.0,0.0,0.0,0.0,,0.0,0.0,0.0,0.0,0.0,0.0,2.0,1.0,0.0,2.0,0.0,3.38,0.3333333333333333,0.1,,,0.0,0.0,0.0,0.0,0.0,,0.0,1.0,0.0,,1.0,4.0
2023,2021013081,2023-06-27,1600121.0,矢崎 拓也,41.0,投,6,1.0,0.0,0.0,0.0,0.0,0.0,0.0,0.0,0.0,0.0,0.0,,0.0,0.0,0.0,0.0,0.0,0.0,3.0,1.0,0.0,4.0,0.0,2.01,1.0,1.0,,,12.0,1.0,0.0,0.0,0.0,,1.0,1.0,0.0,,5.0,18.0
2023,2021013081,2023-06-27,1600123.0,床田 寛樹,28.0,投,6,1.0,1.0,2.0,2.0,0.0,0.0,0.0,0.0,0.0,0.0,0.0,,0.0,1.0,0.0,0.0,0.0,0.0,1.0,1.0,,6.0,1.0,1.77,7.0,7.0,,,0.0,9.0,2.0,2.0,0.0,,2.0,1.0,0.0,,32.0,103.0
2023,2021013081,2023-06-27,1600124.0,坂倉 将吾,31.0,捕,6,1.0,1.0,4.0,4.0,0.0,1.0,0.0,0.0,0.0,1.0,0.0,,0.0,0.0,0.0,0.0,0.0,0.0,,,,,,,,,,,,,,,,,,,,,,
2023,2021013081,2023-06-27,1700006.0,エスコバー,62.0,投,3,1.0,0.0,0.0,0.0,0.0,0.0,0.0,0.0,0.0,0.0,0.0,,0.0,0.0,0.0,0.0,0.0,0.0,4.0,1.0,0.0,0.0,0.0,9.9,0.6666666666666666,0.2,,,0.0,1.0,0.0,0.0,0.0,,0.0,0.0,0.0,,3.0,11.0
2023,2021013081,2023-06-27,1700020.0,ソト,99.0,一,3,1.0,1.0,4.0,3.0,1.0,1.0,0.0,0.0,0.0,0.0,0.0,,1.0,1.0,0.0,0.0,0.0,0.0,,,,,,,,,,,,,,,,,,,,,,
2023,2021013081,2023-06-27,1700059.0,神里 和毅,8.0,右,3,1.0,0.0,0.0,0.0,0.0,0.0,0.0,0.0,0.0,0.0,0.0,,0.0,0.0,0.0,0.0,0.0,0.0,,,,,,,,,,,,,,,,,,,,,,
2023,2021013081,2023-06-27,1700065.0,楠本 泰史,37.0,打,3,1.0,0.0,1.0,1.0,0.0,0.0,0.0,0.0,0.0,0.0,0.0,,0.0,1.0,0.0,0.0,0.0,0.0,,,,,,,,,,,,,,,,,,,,,,
2023,2021013081,2023-06-27,1800043.0,上茶谷 大河,27.0,投,3,1.0,0.0,0.0,0.0,0.0,0.0,0.0,0.0,0.0,0.0,0.0,,0.0,0.0,0.0,0.0,0.0,0.0,3.0,1.0,0.0,1.0,1.0,1.17,1.3333333333333333,1.1,,,0.0,1.0,1.0,1.0,0.0,,0.0,1.0,0.0,,5.0,15.0
2023,2021013081,2023-06-27,1800045.0,大貫 晋一,16.0,投,3,1.0,1.0,3.0,3.0,0.0,1.0,0.0,0.0,0.0,0.0,0.0,,0.0,1.0,0.0,0.0,0.0,0.0,1.0,1.0,,3.0,1.0,3.03,5.666666666666667,5.2,,,0.0,5.0,2.0,2.0,0.0,,1.0,4.0,0.0,,23.0,99.0
2023,2021013081,2023-06-27,1800074.0,林 晃汰,44.0,一,6,1.0,1.0,3.0,3.0,0.0,0.0,0.0,0.0,0.0,0.0,0.0,,0.0,1.0,0.0,0.0,0.0,0.0,,,,,,,,,,,,,,,,,,,,,,
2023,2021013081,2023-06-27,1900030.0,森 敬斗,6.0,走,3,1.0,0.0,0.0,0.0,0.0,0.0,0.0,0.0,0.0,0.0,0.0,,0.0,0.0,0.0,0.0,0.0,0.0,,,,,,,,,,,,,,,,,,,,,,
2023,2021013081,2023-06-27,2000035.0,牧 秀悟,2.0,二,3,1.0,1.0,5.0,5.0,0.0,0.0,0.0,0.0,0.0,0.0,0.0,,0.0,0.0,0.0,0.0,0.0,0.0,,,,,,,,,,,,,,,,,,,,,,
2023,2021013081,2023-06-27,2000065.0,矢野 雅哉,61.0,遊,6,1.0,0.0,0.0,0.0,0.0,0.0,0.0,0.0,0.0,0.0,0.0,,0.0,0.0,0.0,0.0,0.0,0.0,,,,,,,,,,,,,,,,,,,,,,
2023,2021013082,2023-06-27,12101.0,中村 剛也,60.0,指,7,1.0,1.0,4.0,3.0,0.0,0.0,0.0,0.0,0.0,0.0,0.0,,0.0,2.0,1.0,0.0,0.0,0.0,,,,,,,,,,,,,,,,,,,,,,
2023,2021013082,2023-06-27,12102.0,栗山 巧,1.0,打,7,1.0,0.0,1.0,1.0,0.0,0.0,0.0,0.0,0.0,0.0,0.0,,0.0,1.0,0.0,0.0,0.0,0.0,,,,,,,,,,,,,,,,,,,,,,
2023,2021013082,2023-06-27,1100095.0,松本 剛,7.0,左,8,1.0,1.0,4.0,4.0,0.0,1.0,0.0,0.0,0.0,0.0,0.0,,0.0,2.0,0.0,0.0,0.0,0.0,,,,,,,,,,,,,,,,,,,,,,
2023,2021013082,2023-06-27,1200080.0,谷内 亮太,32.0,二,8,1.0,0.0,1.0,0.0,0.0,0.0,0.0,0.0,0.0,0.0,0.0,,1.0,0.0,0.0,0.0,0.0,0.0,,,,,,,,,,,,,,,,,,,,,,
2023,2021013082,2023-06-27,1200083.0,金子 侑司,7.0,走,7,1.0,0.0,0.0,0.0,0.0,0.0,0.0,0.0,0.0,0.0,0.0,,0.0,0.0,0.0,0.0,0.0,0.0,,,,,,,,,,,,,,,,,,,,,,
2023,2021013082,2023-06-27,1200100.0,伏見 寅威,23.0,捕,8,1.0,1.0,4.0,3.0,0.0,0.0,0.0,0.0,0.0,0.0,0.0,,0.0,0.0,0.0,1.0,0.0,0.0,,,,,,,,,,,,,,,,,,,,,,
2023,2021013082,2023-06-27,1251037.0,上川畑 大悟,4.0,遊,8,1.0,1.0,5.0,5.0,0.0,0.0,0.0,0.0,0.0,0.0,0.0,,0.0,2.0,0.0,0.0,0.0,0.0,,,,,,,,,,,,,,,,,,,,,,
2023,2021013082,2023-06-27,1400170.0,江越 大賀,37.0,中,8,1.0,1.0,4.0,4.0,0.0,1.0,0.0,0.0,0.0,0.0,0.0,,0.0,3.0,0.0,0.0,0.0,0.0,,,,,,,,,,,,,,,,,,,,,,
2023,2021013082,2023-06-27,1400184.0,外崎 修汰,5.0,二,7,1.0,1.0,4.0,3.0,0.0,1.0,0.0,0.0,0.0,1.0,0.0,,1.0,0.0,0.0,0.0,0.0,1.0,,,,,,,,,,,,,,,,,,,,,,
2023,2021013082,2023-06-27,1500112.0,平沼 翔太,31.0,走三,7,1.0,0.0,0.0,0.0,0.0,0.0,0.0,0.0,0.0,0.0,0.0,,0.0,0.0,0.0,0.0,0.0,0.0,,,,,,,,,,,,,,,,,,,,,,
2023,2021013082,2023-06-27,1600093.0,池田 隆英,52.0,,8,,,,,,,,,,,,,,,,,,,2.0,1.0,0.0,0.0,1.0,2.63,1.0,1.0,,,0.0,1.0,0.0,0.0,0.0,,1.0,2.0,0.0,,5.0,26.0
2023,2021013082,2023-06-27,1600129.0,源田 壮亮,6.0,遊,7,1.0,1.0,4.0,4.0,1.0,2.0,0.0,0.0,0.0,0.0,0.0,,0.0,1.0,0.0,0.0,0.0,1.0,,,,,,,,,,,,,,,,,,,,,,
2023,2021013082,2023-06-27,1600130.0,鈴木 将平,46.0,左,7,1.0,1.0,4.0,2.0,0.0,0.0,0.0,0.0,0.0,0.0,0.0,,0.0,1.0,0.0,2.0,0.0,0.0,,,,,,,,,,,,,,,,,,,,,,
2023,2021013082,2023-06-27,1600131.0,平井 克典,25.0,,7,,,,,,,,,,,,,,,,,,,2.0,1.0,0.0,3.0,2.0,1.82,1.0,1.0,,,0.0,0.0,0.0,0.0,0.0,,0.0,2.0,0.0,,3.0,14.0
2023,2021013082,2023-06-27,1600134.0,石井 一成,38.0,指,8,1.0,1.0,5.0,2.0,0.0,1.0,0.0,1.0,0.0,0.0,0.0,,3.0,1.0,0.0,0.0,0.0,0.0,,,,,,,,,,,,,,,,,,,,,,
2023,2021013082,2023-06-27,1600138.0,郡 拓也,60.0,走三,8,1.0,0.0,0.0,0.0,0.0,0.0,0.0,0.0,0.0,0.0,0.0,,0.0,0.0,0.0,0.0,0.0,0.0,,,,,,,,,,,,,,,,,,,,,,
2023,2021013082,2023-06-27,1600164.0,田中 正義,26.0,,8,,,,,,,,,,,,,,,,,,,3.0,1.0,0.0,2.0,1.0,2.33,1.0,1.0,,,13.0,1.0,0.0,0.0,0.0,,0.0,1.0,0.0,,4.0,12.0
2023,2021013082,2023-06-27,1700025.0,清宮 幸太郎,21.0,三一,8,1.0,1.0,4.0,4.0,1.0,1.0,0.0,0.0,0.0,0.0,0.0,,0.0,2.0,0.0,0.0,0.0,0.0,,,,,,,,,,,,,,,,,,,,,,
2023,2021013082,2023-06-27,1700124.0,平良 海馬,61.0,,7,,,,,,,,,,,,,,,,,,,1.0,1.0,,5.0,3.0,2.15,7.0,7.0,,,0.0,5.0,2.0,2.0,1.0,,2.0,11.0,0.0,,29.0,111.0
2023,2021013082,2023-06-27,1750472.0,古賀 悠斗,22.0,捕,7,1.0,1.0,3.0,2.0,0.0,0.0,0.0,0.0,0.0,0.0,0.0,,1.0,2.0,0.0,0.0,0.0,0.0,,,,,,,,,,,,,,,,,,,,,,
2023,2021013082,2023-06-27,1800091.0,野村 佑希,5.0,一,8,1.0,1.0,4.0,4.0,0.0,0.0,0.0,0.0,0.0,0.0,0.0,,0.0,3.0,0.0,0.0,0.0,0.0,,,,,,,,,,,,,,,,,,,,,,
2023,2021013082,2023-06-27,1800093.0,万波 中正,66.0,右,8,1.0,1.0,4.0,4.0,1.0,1.0,0.0,0.0,1.0,2.0,0.0,,0.0,1.0,0.0,0.0,0.0,0.0,,,,,,,,,,,,,,,,,,,,,,
2023,2021013082,2023-06-27,1850820.0,蛭間 拓哉,9.0,右,7,1.0,1.0,4.0,4.0,0.0,1.0,0.0,0.0,0.0,0.0,0.0,,0.0,1.0,0.0,0.0,0.0,0.0,,,,,,,,,,,,,,,,,,,,,,
2023,2021013082,2023-06-27,1900068.0,岸 潤一郎,68.0,中,7,1.0,1.0,4.0,3.0,0.0,0.0,0.0,0.0,0.0,0.0,0.0,,0.0,1.0,0.0,1.0,0.0,0.0,,,,,,,,,,,,,,,,,,,,,,
2023,2021013082,2023-06-27,1961030.0,ティノコ,54.0,,7,,,,,,,,,,,,,,,,,,,3.0,1.0,0.0,0.0,2.0,3.16,1.0,1.0,,,0.0,0.0,0.0,0.0,0.0,,2.0,1.0,0.0,,6.0,19.0
2023,2021013082,2023-06-27,1961860.0,加藤 豪将,3.0,二,8,1.0,1.0,3.0,3.0,0.0,0.0,0.0,0.0,0.0,0.0,0.0,,0.0,0.0,0.0,0.0,0.0,0.0,,,,,,,,,,,,,,,,,,,,,,
2023,2021013082,2023-06-27,2000067.0,渡部 健人,8.0,一,7,1.0,1.0,4.0,4.0,0.0,2.0,0.0,0.0,0.0,0.0,0.0,,0.0,2.0,0.0,0.0,0.0,0.0,,,,,,,,,,,,,,,,,,,,,,
2023,2021013082,2023-06-27,2000079.0,伊藤 大海,17.0,,8,,,,,,,,,,,,,,,,,,,1.0,1.0,,4.0,4.0,3.36,7.0,7.0,,,0.0,6.0,1.0,1.0,0.0,,1.0,9.0,1.0,,27.0,98.0
2023,2021013082,2023-06-27,2000082.0,細川 凌平,56.0,三二,8,1.0,0.0,0.0,0.0,0.0,0.0,0.0,0.0,0.0,0.0,0.0,,0.0,0.0,0.0,0.0,0.0,0.0,,,,,,,,,,,,,,,,,,,,,,
2023,2021013082,2023-06-27,2108196.0,マキノン,30.0,三一,7,1.0,1.0,4.0,4.0,0.0,2.0,0.0,0.0,0.0,0.0,0.0,,0.0,1.0,0.0,0.0,0.0,0.0,,,,,,,,,,,,,,,,,,,,,,
2023,2021013083,2023-06-27,600066.0,平野 佳寿,16.0,,11,,,,,,,,,,,,,,,,,,,2.0,1.0,0.0,1.0,1.0,1.65,1.0,1.0,,,11.0,2.0,1.0,1.0,0.0,,1.0,1.0,0.0,,6.0,17.0
2023,2021013083,2023-06-27,700087.0,角中 勝也,3.0,左,9,1.0,1.0,4.0,4.0,0.0,1.0,1.0,0.0,0.0,0.0,0.0,,0.0,1.0,0.0,0.0,0.0,0.0,,,,,,,,,,,,,,,,,,,,,,
2023,2021013083,2023-06-27,700095.0,福田 秀平,7.0,打,9,1.0,0.0,1.0,0.0,0.0,0.0,0.0,0.0,0.0,0.0,0.0,,1.0,0.0,0.0,0.0,0.0,0.0,,,,,,,,,,,,,,,,,,,,,,
2023,2021013083,2023-06-27,1100104.0,益田 直也,52.0,,9,,,,,,,,,,,,,,,,,,,3.0,1.0,0.0,2.0,1.0,2.6,0.0,0.0,,,19.0,1.0,1.0,1.0,1.0,,0.0,0.0,0.0,,1.0,3.0
2023,2021013083,2023-06-27,1100105.0,安達 了一,3.0,二,11,1.0,1.0,3.0,3.0,0.0,0.0,0.0,0.0,0.0,0.0,1.0,,0.0,1.0,0.0,0.0,0.0,0.0,,,,,,,,,,,,,,,,,,,,,,
2023,2021013083,2023-06-27,1200096.0,田村 龍弘,27.0,捕,9,1.0,0.0,0.0,0.0,0.0,0.0,0.0,0.0,0.0,0.0,0.0,,0.0,0.0,0.0,0.0,0.0,0.0,,,,,,,,,,,,,,,,,,,,,,
2023,2021013083,2023-06-27,1300044.0,岡 大海,25.0,右,9,1.0,1.0,4.0,4.0,0.0,0.0,0.0,0.0,0.0,0.0,0.0,,0.0,1.0,0.0,0.0,0.0,0.0,,,,,,,,,,,,,,,,,,,,,,
2023,2021013083,2023-06-27,1300100.0,森 友哉,4.0,捕,11,1.0,1.0,4.0,4.0,1.0,2.0,0.0,0.0,1.0,1.0,0.0,,0.0,0.0,0.0,0.0,0.0,0.0,,,,,,,,,,,,,,,,,,,,,,
2023,2021013083,2023-06-27,1400188.0,中村 奨吾,8.0,二,9,1.0,1.0,4.0,2.0,0.0,0.0,0.0,0.0,0.0,0.0,0.0,,1.0,1.0,0.0,1.0,0.0,0.0,,,,,,,,,,,,,,,,,,,,,,
2023,2021013083,2023-06-27,1400196.0,宗 佑磨,6.0,三,11,1.0,1.0,4.0,4.0,0.0,0.0,0.0,0.0,0.0,0.0,0.0,,0.0,0.0,0.0,0.0,0.0,0.0,,,,,,,,,,,,,,,,,,,,,,
2023,2021013083,2023-06-27,1400197.0,佐野 皓大,41.0,中,11,1.0,0.0,0.0,0.0,0.0,0.0,0.0,0.0,0.0,0.0,0.0,,0.0,0.0,0.0,0.0,0.0,0.0,,,,,,,,,,,,,,,,,,,,,,
2023,2021013083,2023-06-27,1460080.0,ポランコ,22.0,指,9,1.0,1.0,4.0,4.0,0.0,0.0,0.0,0.0,0.0,0.0,0.0,,0.0,2.0,0.0,0.0,0.0,0.0,,,,,,,,,,,,,,,,,,,,,,
2023,2021013083,2023-06-27,1500135.0,杉本 裕太郎,99.0,指,11,1.0,1.0,3.0,3.0,0.0,1.0,0.0,0.0,0.0,0.0,0.0,,0.0,2.0,0.0,0.0,0.0,0.0,,,,,,,,,,,,,,,,,,,,,,
2023,2021013083,2023-06-27,1500141.0,茶谷 健太,67.0,一,9,1.0,0.0,0.0,0.0,0.0,0.0,0.0,0.0,0.0,0.0,0.0,,0.0,0.0,0.0,0.0,0.0,0.0,,,,,,,,,,,,,,,,,,,,,,
2023,2021013083,2023-06-27,1700092.0,安田 尚憲,5.0,三,9,1.0,1.0,3.0,3.0,0.0,0.0,0.0,0.0,0.0,0.0,0.0,,0.0,1.0,0.0,0.0,0.0,0.0,,,,,,,,,,,,,,,,,,,,,,
2023,2021013083,2023-06-27,1700098.0,和田 康士朗,63.0,走左,9,1.0,0.0,0.0,0.0,1.0,0.0,0.0,0.0,0.0,0.0,0.0,,0.0,0.0,0.0,0.0,0.0,0.0,,,,,,,,,,,,,,,,,,,,,,
2023,2021013083,2023-06-27,1700111.0,福田 周平,1.0,左,11,1.0,1.0,3.0,3.0,0.0,0.0,0.0,0.0,0.0,0.0,0.0,,0.0,1.0,0.0,0.0,0.0,0.0,,,,,,,,,,,,,,,,,,,,,,
2023,2021013083,2023-06-27,1800050.0,藤原 恭大,1.0,中,9,1.0,1.0,3.0,3.0,0.0,1.0,0.0,0.0,0.0,0.0,0.0,,0.0,1.0,0.0,0.0,0.0,1.0,,,,,,,,,,,,,,,,,,,,,,
2023,2021013083,2023-06-27,1800053.0,山口 航輝,51.0,一,9,1.0,1.0,4.0,4.0,0.0,1.0,0.0,0.0,0.0,1.0,0.0,,0.0,1.0,0.0,0.0,0.0,0.0,,,,,,,,,,,,,,,,,,,,,,
2023,2021013083,2023-06-27,1800099.0,頓宮 裕真,44.0,一,11,1.0,1.0,3.0,2.0,1.0,1.0,0.0,0.0,0.0,0.0,0.0,,1.0,1.0,0.0,0.0,0.0,0.0,,,,,,,,,,,,,,,,,,,,,,
2023,2021013083,2023-06-27,1800104.0,中川 圭太,67.0,中,11,1.0,1.0,4.0,4.0,0.0,0.0,0.0,0.0,0.0,0.0,0.0,,0.0,1.0,0.0,0.0,0.0,0.0,,,,,,,,,,,,,,,,,,,,,,
2023,2021013083,2023-06-27,1900080.0,佐々木 朗希,17.0,,9,,,,,,,,,,,,,,,,,,,1.0,1.0,,5.0,2.0,1.69,7.0,7.0,,,0.0,5.0,1.0,0.0,0.0,,1.0,10.0,0.0,,27.0,107.0
2023,2021013083,2023-06-27,1900081.0,佐藤 都志也,32.0,捕,9,1.0,1.0,2.0,2.0,0.0,0.0,0.0,0.0,0.0,0.0,0.0,,0.0,0.0,0.0,0.0,0.0,0.0,,,,,,,,,,,,,,,,,,,,,,
2023,2021013083,2023-06-27,1900083.0,横山 陸人,60.0,,9,,,,,,,,,,,,,,,,,,,2.0,1.0,0.0,0.0,0.0,3.27,1.0,1.0,,,0.0,0.0,0.0,0.0,0.0,,0.0,0.0,0.0,,3.0,10.0
2023,2021013083,2023-06-27,1900087.0,宮城 大弥,13.0,,11,,,,,,,,,,,,,,,,,,,1.0,1.0,,6.0,2.0,2.23,8.0,8.0,,,0.0,3.0,0.0,0.0,0.0,,1.0,8.0,0.0,,28.0,114.0
2023,2021013083,2023-06-27,1900088.0,紅林 弘太郎,24.0,遊,11,1.0,1.0,3.0,3.0,0.0,2.0,0.0,0.0,0.0,0.0,0.0,,0.0,1.0,0.0,0.0,0.0,0.0,,,,,,,,,,,,,,,,,,,,,,
2023,2021013083,2023-06-27,1900097.0,大下 誠一郎,39.0,打,9,1.0,0.0,1.0,1.0,0.0,0.0,0.0,0.0,0.0,0.0,0.0,,0.0,0.0,0.0,0.0,0.0,0.0,,,,,,,,,,,,,,,,,,,,,,
2023,2021013083,2023-06-27,2000089.0,小川 龍成,57.0,走三,9,1.0,0.0,0.0,0.0,0.0,0.0,0.0,0.0,0.0,0.0,0.0,,0.0,0.0,0.0,0.0,0.0,0.0,,,,,,,,,,,,,,,,,,,,,,
2023,2021013083,2023-06-27,2106798.0,友杉 篤輝,10.0,遊,9,1.0,1.0,4.0,4.0,0.0,2.0,0.0,0.0,0.0,0.0,0.0,,0.0,1.0,0.0,0.0,0.0,0.0,,,,,,,,,,,,,,,,,,,,,,
2023,2021013083,2023-06-27,2107897.0,茶野 篤政,61.0,右,11,1.0,1.0,4.0,4.0,0.0,0.0,0.0,0.0,0.0,0.0,0.0,,0.0,3.0,0.0,0.0,0.0,0.0,,,,,,,,,,,,,,,,,,,,,,
2023,2021013084,2023-06-28,800043.0,丸 佳浩,8.0,右,1,1.0,1.0,2.0,2.0,0.0,0.0,0.0,0.0,0.0,0.0,0.0,,0.0,0.0,0.0,0.0,0.0,0.0,,,,,,,,,,,,,,,,,,,,,,
2023,2021013084,2023-06-28,800054.0,中田 翔,10.0,一,1,1.0,1.0,2.0,2.0,0.0,1.0,0.0,0.0,0.0,0.0,0.0,,0.0,0.0,0.0,0.0,0.0,0.0,,,,,,,,,,,,,,,,,,,,,,
2023,2021013084,2023-06-28,900044.0,中村 悠平,27.0,捕,2,1.0,1.0,3.0,2.0,0.0,0.0,0.0,0.0,0.0,0.0,0.0,,0.0,1.0,0.0,1.0,0.0,0.0,,,,,,,,,,,,,,,,,,,,,,
2023,2021013084,2023-06-28,1000132.0,山田 哲人,1.0,二,2,1.0,1.0,3.0,3.0,1.0,2.0,0.0,0.0,1.0,3.0,0.0,,0.0,0.0,0.0,0.0,0.0,0.0,,,,,,,,,,,,,,,,,,,,,,
2023,2021013084,2023-06-28,1400101.0,岡本 和真,25.0,三,1,1.0,1.0,2.0,2.0,0.0,0.0,0.0,0.0,0.0,0.0,0.0,,0.0,0.0,0.0,0.0,0.0,0.0,,,,,,,,,,,,,,,,,,,,,,
2023,2021013084,2023-06-28,1500044.0,山崎 晃大朗,31.0,左,2,1.0,1.0,3.0,3.0,1.0,1.0,1.0,0.0,0.0,0.0,0.0,,0.0,0.0,0.0,0.0,0.0,0.0,,,,,,,,,,,,,,,,,,,,,,
2023,2021013084,2023-06-28,1500139.0,小澤 怜史,45.0,投,2,1.0,1.0,3.0,3.0,0.0,0.0,0.0,0.0,0.0,0.0,0.0,,0.0,2.0,0.0,0.0,0.0,0.0,1.0,1.0,,3.0,1.0,1.93,6.0,6.0,,,0.0,3.0,0.0,0.0,0.0,,0.0,4.0,1.0,,21.0,75.0
2023,2021013084,2023-06-28,1600059.0,吉川 尚輝,2.0,二,1,1.0,1.0,3.0,2.0,0.0,1.0,0.0,0.0,0.0,0.0,0.0,,0.0,0.0,1.0,0.0,0.0,0.0,,,,,,,,,,,,,,,,,,,,,,
2023,2021013084,2023-06-28,1700044.0,大城 卓三,24.0,捕,1,1.0,1.0,2.0,2.0,0.0,1.0,0.0,0.0,0.0,0.0,0.0,,0.0,0.0,0.0,0.0,0.0,0.0,,,,,,,,,,,,,,,,,,,,,,
2023,2021013084,2023-06-28,1700045.0,北村 拓己,52.0,遊,1,1.0,0.0,0.0,0.0,0.0,0.0,0.0,0.0,0.0,0.0,0.0,,0.0,0.0,0.0,0.0,0.0,0.0,,,,,,,,,,,,,,,,,,,,,,
2023,2021013084,2023-06-28,1700084.0,村上 宗隆,55.0,三,2,1.0,1.0,3.0,3.0,0.0,0.0,0.0,0.0,0.0,0.0,0.0,,0.0,2.0,0.0,0.0,0.0,0.0,,,,,,,,,,,,,,,,,,,,,,
2023,2021013084,2023-06-28,1860031.0,ブリンソン,42.0,中,1,1.0,1.0,2.0,2.0,0.0,0.0,0.0,0.0,0.0,0.0,0.0,,0.0,1.0,0.0,0.0,0.0,0.0,,,,,,,,,,,,,,,,,,,,,,
2023,2021013084,2023-06-28,1900028.0,長岡 秀樹,7.0,遊,2,1.0,1.0,3.0,3.0,1.0,1.0,0.0,0.0,1.0,3.0,0.0,,0.0,1.0,0.0,0.0,0.0,0.0,,,,,,,,,,,,,,,,,,,,,,
2023,2021013084,2023-06-28,1961407.0,グリフィン,29.0,投,1,1.0,1.0,2.0,2.0,0.0,0.0,0.0,0.0,0.0,0.0,0.0,,0.0,1.0,0.0,0.0,0.0,1.0,1.0,1.0,,4.0,4.0,3.05,6.0,6.0,,,0.0,8.0,6.0,6.0,2.0,,1.0,7.0,0.0,,27.0,104.0
2023,2021013084,2023-06-28,2000007.0,中山 礼都,40.0,遊,1,1.0,1.0,3.0,3.0,0.0,0.0,0.0,0.0,0.0,0.0,0.0,,0.0,0.0,0.0,0.0,0.0,0.0,,,,,,,,,,,,,,,,,,,,,,
2023,2021013084,2023-06-28,2000009.0,秋広 優人,55.0,左,1,1.0,1.0,3.0,3.0,0.0,0.0,0.0,0.0,0.0,0.0,0.0,,0.0,2.0,0.0,0.0,0.0,0.0,,,,,,,,,,,,,,,,,,,,,,
2023,2021013084,2023-06-28,2000028.0,並木 秀尊,0.0,中,2,1.0,1.0,3.0,3.0,1.0,1.0,0.0,0.0,0.0,0.0,0.0,,0.0,1.0,0.0,0.0,0.0,0.0,,,,,,,,,,,,,,,,,,,,,,
2023,2021013084,2023-06-28,2000133.0,オスナ,13.0,一,2,1.0,1.0,3.0,2.0,1.0,0.0,0.0,0.0,0.0,0.0,0.0,,1.0,0.0,0.0,0.0,0.0,0.0,,,,,,,,,,,,,,,,,,,,,,
2023,2021013084,2023-06-28,2000135.0,サンタナ,25.0,右,2,1.0,1.0,3.0,3.0,1.0,3.0,1.0,0.0,0.0,0.0,0.0,,0.0,0.0,0.0,0.0,0.0,0.0,,,,,,,,,,,,,,,,,,,,,,
2023,2021013084,2023-06-28,2107899.0,田中 千晴,48.0,投,1,1.0,0.0,0.0,0.0,0.0,0.0,0.0,0.0,0.0,0.0,0.0,,0.0,0.0,0.0,0.0,0.0,0.0,,,,,,,,,,,,,,,,,,,,,,
2023,2021013085,2023-06-28,700035.0,福田 永将,55.0,打,4,1.0,0.0,1.0,0.0,0.0,0.0,0.0,0.0,0.0,0.0,0.0,,0.0,0.0,1.0,0.0,0.0,0.0,,,,,,,,,,,,,,,,,,,,,,
2023,2021013085,2023-06-28,900410.0,大島 洋平,8.0,左,4,1.0,1.0,4.0,4.0,0.0,1.0,0.0,0.0,0.0,0.0,0.0,,0.0,0.0,0.0,0.0,0.0,0.0,,,,,,,,,,,,,,,,,,,,,,
2023,2021013085,2023-06-28,1000164.0,島本 浩也,46.0,投,5,1.0,0.0,0.0,0.0,0.0,0.0,0.0,0.0,0.0,0.0,0.0,,0.0,0.0,0.0,0.0,0.0,0.0,4.0,1.0,0.0,2.0,1.0,2.0,0.6666666666666666,0.2,,,0.0,1.0,2.0,2.0,0.0,,0.0,1.0,1.0,,4.0,14.0
2023,2021013085,2023-06-28,1100069.0,高橋 周平,3.0,三,4,1.0,0.0,0.0,0.0,0.0,0.0,0.0,0.0,0.0,0.0,0.0,,0.0,0.0,0.0,0.0,0.0,0.0,,,,,,,,,,,,,,,,,,,,,,
2023,2021013085,2023-06-28,1300042.0,渡邉 諒,25.0,打,5,1.0,0.0,1.0,1.0,0.0,0.0,0.0,0.0,0.0,0.0,0.0,,0.0,1.0,0.0,0.0,0.0,0.0,,,,,,,,,,,,,,,,,,,,,,
2023,2021013085,2023-06-28,1300070.0,岩貞 祐太,14.0,投,5,1.0,0.0,0.0,0.0,0.0,0.0,0.0,0.0,0.0,0.0,0.0,,0.0,0.0,0.0,0.0,0.0,0.0,2.0,1.0,0.0,0.0,0.0,1.69,1.0,1.0,,,0.0,1.0,0.0,0.0,0.0,,0.0,1.0,0.0,,4.0,11.0
2023,2021013085,2023-06-28,1300075.0,岩崎 優,13.0,投,5,1.0,0.0,0.0,0.0,0.0,0.0,0.0,0.0,0.0,0.0,0.0,,0.0,0.0,0.0,0.0,0.0,0.0,3.0,1.0,0.0,2.0,1.0,1.44,1.0,1.0,,,10.0,0.0,0.0,0.0,0.0,,0.0,1.0,0.0,,3.0,10.0
2023,2021013085,2023-06-28,1300076.0,加治屋 蓮,54.0,投,5,1.0,0.0,0.0,0.0,0.0,0.0,0.0,0.0,0.0,0.0,0.0,,0.0,0.0,0.0,0.0,0.0,0.0,5.0,1.0,0.0,0.0,1.0,1.23,0.3333333333333333,0.1,,,1.0,1.0,0.0,0.0,0.0,,0.0,1.0,0.0,,2.0,9.0
2023,2021013085,2023-06-28,1400172.0,植田 海,62.0,左,5,1.0,0.0,0.0,0.0,0.0,0.0,0.0,0.0,0.0,0.0,0.0,,0.0,0.0,0.0,0.0,0.0,0.0,,,,,,,,,,,,,,,,,,,,,,
2023,2021013085,2023-06-28,1500087.0,坂本 誠志郎,12.0,捕,5,1.0,1.0,4.0,4.0,0.0,0.0,0.0,0.0,0.0,0.0,0.0,,0.0,3.0,0.0,0.0,0.0,0.0,,,,,,,,,,,,,,,,,,,,,,
2023,2021013085,2023-06-28,1600021.0,ビシエド,66.0,一,4,1.0,1.0,5.0,5.0,0.0,1.0,0.0,0.0,0.0,1.0,0.0,,0.0,0.0,0.0,0.0,0.0,0.0,,,,,,,,,,,,,,,,,,,,,,
2023,2021013085,2023-06-28,1600085.0,細川 成也,0.0,右,4,1.0,1.0,5.0,5.0,1.0,1.0,1.0,0.0,0.0,0.0,0.0,,0.0,2.0,0.0,0.0,0.0,0.0,,,,,,,,,,,,,,,,,,,,,,
2023,2021013085,2023-06-28,1600113.0,大山 悠輔,3.0,一,5,1.0,1.0,4.0,3.0,0.0,0.0,0.0,0.0,0.0,0.0,0.0,,1.0,1.0,0.0,0.0,0.0,0.0,,,,,,,,,,,,,,,,,,,,,,
2023,2021013085,2023-06-28,1600117.0,糸原 健斗,33.0,三,5,1.0,1.0,3.0,3.0,0.0,2.0,0.0,0.0,0.0,0.0,0.0,,0.0,0.0,0.0,0.0,0.0,0.0,,,,,,,,,,,,,,,,,,,,,,
2023,2021013085,2023-06-28,1700010.0,マルティネス,92.0,投,4,1.0,0.0,0.0,0.0,0.0,0.0,0.0,0.0,0.0,0.0,0.0,,0.0,0.0,0.0,0.0,0.0,0.0,4.0,1.0,0.0,1.0,1.0,0.0,1.0,1.0,,,17.0,0.0,0.0,0.0,0.0,,0.0,1.0,0.0,,3.0,15.0
2023,2021013085,2023-06-28,1700079.0,熊谷 敬宥,4.0,走三,5,1.0,0.0,1.0,1.0,1.0,0.0,0.0,0.0,0.0,0.0,1.0,,0.0,1.0,0.0,0.0,0.0,0.0,,,,,,,,,,,,,,,,,,,,,,
2023,2021013085,2023-06-28,1700080.0,島田 海吏,53.0,走,5,1.0,0.0,0.0,0.0,0.0,0.0,0.0,0.0,0.0,0.0,0.0,,0.0,0.0,0.0,0.0,0.0,0.0,,,,,,,,,,,,,,,,,,,,,,
2023,2021013085,2023-06-28,1700103.0,高松 渡,51.0,走,4,1.0,0.0,0.0,0.0,0.0,0.0,0.0,0.0,0.0,0.0,0.0,,0.0,0.0,0.0,0.0,0.0,0.0,,,,,,,,,,,,,,,,,,,,,,
2023,2021013085,2023-06-28,1700104.0,清水 達也,50.0,投,4,1.0,0.0,0.0,0.0,0.0,0.0,0.0,0.0,0.0,0.0,0.0,,0.0,0.0,0.0,0.0,0.0,0.0,2.0,1.0,0.0,1.0,1.0,1.9,1.0,1.0,,,0.0,0.0,0.0,0.0,0.0,,1.0,3.0,0.0,,4.0,18.0
2023,2021013085,2023-06-28,1700105.0,伊藤 康祐,49.0,左,4,1.0,0.0,1.0,0.0,0.0,0.0,0.0,0.0,0.0,0.0,0.0,,0.0,0.0,0.0,1.0,0.0,0.0,,,,,,,,,,,,,,,,,,,,,,
2023,2021013085,2023-06-28,1700137.0,大竹 耕太郎,49.0,投,5,1.0,1.0,2.0,2.0,0.0,0.0,0.0,0.0,0.0,0.0,0.0,,0.0,1.0,0.0,0.0,0.0,0.0,1.0,1.0,,6.0,1.0,1.27,7.0,7.0,,,0.0,5.0,2.0,2.0,0.0,,1.0,1.0,0.0,,27.0,98.0
2023,2021013085,2023-06-28,1750223.0,村松 開人,5.0,走二,4,1.0,0.0,0.0,0.0,1.0,0.0,0.0,0.0,0.0,0.0,0.0,,0.0,0.0,0.0,0.0,0.0,0.0,,,,,,,,,,,,,,,,,,,,,,
2023,2021013085,2023-06-28,1800061.0,勝野 昌慶,41.0,投,4,1.0,0.0,0.0,0.0,0.0,0.0,0.0,0.0,0.0,0.0,0.0,,0.0,0.0,0.0,0.0,0.0,0.0,3.0,1.0,0.0,4.0,1.0,1.23,1.0,1.0,,,0.0,0.0,0.0,0.0,0.0,,0.0,1.0,0.0,,3.0,9.0
2023,2021013085,2023-06-28,1800062.0,石橋 康太,58.0,捕,4,1.0,1.0,4.0,4.0,0.0,1.0,0.0,0.0,0.0,2.0,0.0,,0.0,0.0,0.0,0.0,0.0,0.0,,,,,,,,,,,,,,,,,,,,,,
2023,2021013085,2023-06-28,1800065.0,近本 光司,5.0,中,5,1.0,1.0,5.0,5.0,0.0,2.0,0.0,0.0,0.0,1.0,0.0,,0.0,3.0,0.0,0.0,0.0,0.0,,,,,,,,,,,,,,,,,,,,,,
2023,2021013085,2023-06-28,1800067.0,木浪 聖也,0.0,遊,5,1.0,1.0,4.0,4.0,1.0,1.0,0.0,0.0,0.0,1.0,0.0,,0.0,1.0,0.0,0.0,0.0,0.0,,,,,,,,,,,,,,,,,,,,,,
2023,2021013085,2023-06-28,1900037.0,石川 昂弥,25.0,三,4,1.0,1.0,4.0,3.0,1.0,0.0,0.0,0.0,0.0,0.0,0.0,,1.0,1.0,0.0,0.0,0.0,0.0,,,,,,,,,,,,,,,,,,,,,,
2023,2021013085,2023-06-28,1900041.0,岡林 勇希,60.0,中,4,1.0,1.0,5.0,4.0,1.0,2.0,1.0,1.0,0.0,1.0,0.0,,0.0,0.0,0.0,1.0,0.0,0.0,,,,,,,,,,,,,,,,,,,,,,
2023,2021013085,2023-06-28,1950996.0,前川 右京,58.0,右,5,1.0,1.0,5.0,5.0,0.0,2.0,0.0,0.0,0.0,0.0,0.0,,0.0,1.0,0.0,0.0,0.0,0.0,,,,,,,,,,,,,,,,,,,,,,
2023,2021013085,2023-06-28,1961251.0,ミエセス,55.0,左,5,1.0,1.0,4.0,4.0,0.0,0.0,0.0,0.0,0.0,0.0,0.0,,0.0,2.0,0.0,0.0,0.0,0.0,,,,,,,,,,,,,,,,,,,,,,
2023,2021013085,2023-06-28,1961285.0,ノイジー,7.0,打,5,1.0,0.0,1.0,0.0,0.0,0.0,0.0,0.0,0.0,0.0,0.0,,0.0,0.0,1.0,0.0,0.0,0.0,,,,,,,,,,,,,,,,,,,,,,
2023,2021013085,2023-06-28,2000042.0,高橋 宏斗,19.0,投,4,1.0,1.0,3.0,2.0,0.0,0.0,0.0,0.0,0.0,0.0,0.0,,0.0,0.0,0.0,1.0,0.0,0.0,1.0,1.0,,3.0,6.0,1.95,7.0,7.0,,,0.0,7.0,2.0,2.0,0.0,,1.0,10.0,1.0,,29.0,122.0
2023,2021013085,2023-06-28,2000044.0,龍空,45.0,遊,4,1.0,1.0,4.0,4.0,0.0,2.0,1.0,0.0,0.0,0.0,0.0,,0.0,1.0,0.0,0.0,0.0,0.0,,,,,,,,,,,,,,,,,,,,,,
2023,2021013085,2023-06-28,2000056.0,中野 拓夢,51.0,二,5,1.0,1.0,5.0,4.0,0.0,0.0,0.0,0.0,0.0,0.0,0.0,,1.0,1.0,0.0,0.0,0.0,0.0,,,,,,,,,,,,,,,,,,,,,,
2023,2021013085,2023-06-28,2103780.0,福永 裕基,68.0,二,4,1.0,1.0,4.0,3.0,0.0,0.0,0.0,0.0,0.0,0.0,0.0,,0.0,1.0,0.0,1.0,0.0,0.0,,,,,,,,,,,,,,,,,,,,,,
2023,2021013086,2023-06-28,600003.0,大和,9.0,遊,3,1.0,1.0,4.0,4.0,0.0,2.0,0.0,0.0,0.0,1.0,0.0,,0.0,0.0,0.0,0.0,0.0,0.0,,,,,,,,,,,,,,,,,,,,,,
2023,2021013086,2023-06-28,700050.0,會澤 翼,27.0,捕,6,1.0,1.0,4.0,2.0,1.0,1.0,0.0,0.0,0.0,0.0,0.0,,0.0,1.0,2.0,0.0,0.0,0.0,,,,,,,,,,,,,,,,,,,,,,
2023,2021013086,2023-06-28,800041.0,松山 竜平,55.0,打,6,1.0,0.0,1.0,1.0,0.0,0.0,0.0,0.0,0.0,0.0,0.0,,0.0,1.0,0.0,0.0,0.0,0.0,,,,,,,,,,,,,,,,,,,,,,
2023,2021013086,2023-06-28,900430.0,堂林 翔太,7.0,一,6,1.0,1.0,3.0,3.0,0.0,0.0,0.0,0.0,0.0,0.0,0.0,,0.0,2.0,0.0,0.0,0.0,0.0,,,,,,,,,,,,,,,,,,,,,,
2023,2021013086,2023-06-28,1000150.0,秋山 翔吾,9.0,中,6,1.0,1.0,4.0,4.0,0.0,1.0,0.0,0.0,0.0,1.0,0.0,,0.0,2.0,0.0,0.0,0.0,0.0,,,,,,,,,,,,,,,,,,,,,,
2023,2021013086,2023-06-28,1100061.0,桑原 将志,1.0,打,3,1.0,0.0,1.0,1.0,0.0,0.0,0.0,0.0,0.0,0.0,0.0,,0.0,0.0,0.0,0.0,0.0,0.0,,,,,,,,,,,,,,,,,,,,,,
2023,2021013086,2023-06-28,1100082.0,菊池 涼介,33.0,二,6,1.0,1.0,5.0,4.0,1.0,1.0,1.0,0.0,0.0,0.0,0.0,,1.0,1.0,0.0,0.0,0.0,0.0,,,,,,,,,,,,,,,,,,,,,,
2023,2021013086,2023-06-28,1200049.0,三嶋 一輝,17.0,投,3,1.0,0.0,0.0,0.0,0.0,0.0,0.0,0.0,0.0,0.0,0.0,,0.0,0.0,0.0,0.0,0.0,0.0,4.0,1.0,0.0,3.0,1.0,3.72,1.0,1.0,,,0.0,0.0,0.0,0.0,0.0,,1.0,0.0,1.0,,5.0,21.0
2023,2021013086,2023-06-28,1200053.0,宮崎 敏郎,51.0,三,3,1.0,1.0,3.0,3.0,0.0,0.0,0.0,0.0,0.0,0.0,0.0,,0.0,0.0,0.0,0.0,0.0,0.0,,,,,,,,,,,,,,,,,,,,,,
2023,2021013086,2023-06-28,1300038.0,関根 大気,63.0,中,3,1.0,1.0,4.0,4.0,0.0,0.0,0.0,0.0,0.0,0.0,0.0,,0.0,0.0,0.0,0.0,0.0,0.0,,,,,,,,,,,,,,,,,,,,,,
2023,2021013086,2023-06-28,1300082.0,曽根 海成,0.0,走,6,1.0,0.0,0.0,0.0,0.0,0.0,0.0,0.0,0.0,0.0,0.0,,0.0,0.0,0.0,0.0,0.0,0.0,,,,,,,,,,,,,,,,,,,,,,
2023,2021013086,2023-06-28,1400110.0,石田 健大,14.0,投,3,1.0,1.0,2.0,2.0,0.0,0.0,0.0,0.0,0.0,0.0,0.0,,0.0,1.0,0.0,0.0,0.0,0.0,1.0,1.0,,2.0,4.0,2.64,5.0,5.0,,,0.0,5.0,5.0,5.0,2.0,,1.0,7.0,1.0,,21.0,92.0
2023,2021013086,2023-06-28,1400173.0,野間 峻祥,37.0,右,6,1.0,1.0,4.0,4.0,0.0,1.0,0.0,0.0,0.0,0.0,0.0,,0.0,1.0,0.0,0.0,0.0,0.0,,,,,,,,,,,,,,,,,,,,,,
2023,2021013086,2023-06-28,1460004.0,デビッドソン,95.0,三,6,1.0,1.0,4.0,4.0,2.0,2.0,1.0,0.0,1.0,2.0,0.0,,0.0,0.0,0.0,0.0,0.0,0.0,,,,,,,,,,,,,,,,,,,,,,
2023,2021013086,2023-06-28,1500064.0,戸柱 恭孝,10.0,捕,3,1.0,1.0,3.0,3.0,0.0,0.0,0.0,0.0,0.0,0.0,0.0,,0.0,1.0,0.0,0.0,0.0,0.0,,,,,,,,,,,,,,,,,,,,,,
2023,2021013086,2023-06-28,1500096.0,西川 龍馬,5.0,左,6,1.0,1.0,4.0,2.0,1.0,1.0,0.0,0.0,0.0,0.0,0.0,,2.0,0.0,0.0,0.0,0.0,0.0,,,,,,,,,,,,,,,,,,,,,,
2023,2021013086,2023-06-28,1600089.0,佐野 恵太,7.0,左,3,1.0,1.0,4.0,3.0,0.0,3.0,1.0,0.0,0.0,0.0,0.0,,1.0,0.0,0.0,0.0,0.0,0.0,,,,,,,,,,,,,,,,,,,,,,
2023,2021013086,2023-06-28,1600107.0,京田 陽太,98.0,一三,3,1.0,1.0,4.0,4.0,0.0,1.0,0.0,0.0,0.0,0.0,0.0,,0.0,0.0,0.0,0.0,0.0,0.0,,,,,,,,,,,,,,,,,,,,,,
2023,2021013086,2023-06-28,1700020.0,ソト,99.0,一,3,1.0,0.0,1.0,1.0,0.0,0.0,0.0,0.0,0.0,0.0,0.0,,0.0,1.0,0.0,0.0,0.0,0.0,,,,,,,,,,,,,,,,,,,,,,
2023,2021013086,2023-06-28,1700065.0,楠本 泰史,37.0,右,3,1.0,1.0,4.0,3.0,1.0,1.0,1.0,0.0,0.0,0.0,0.0,,1.0,2.0,0.0,0.0,0.0,0.0,,,,,,,,,,,,,,,,,,,,,,
2023,2021013086,2023-06-28,1700066.0,山本 祐大,50.0,捕,3,1.0,0.0,1.0,1.0,0.0,0.0,0.0,0.0,0.0,0.0,0.0,,0.0,0.0,0.0,0.0,0.0,0.0,,,,,,,,,,,,,,,,,,,,,,
2023,2021013086,2023-06-28,1700067.0,中川 虎大,64.0,投,3,1.0,0.0,0.0,0.0,0.0,0.0,0.0,0.0,0.0,0.0,0.0,,0.0,0.0,0.0,0.0,0.0,0.0,3.0,1.0,0.0,0.0,0.0,3.6,1.0,1.0,,,0.0,2.0,1.0,1.0,0.0,,2.0,1.0,0.0,,6.0,28.0
2023,2021013086,2023-06-28,1800073.0,島内 颯太郎,43.0,投,6,1.0,0.0,0.0,0.0,0.0,0.0,0.0,0.0,0.0,0.0,0.0,,0.0,0.0,0.0,0.0,0.0,0.0,2.0,1.0,0.0,1.0,2.0,2.22,1.0,1.0,,,2.0,0.0,0.0,0.0,0.0,,1.0,1.0,0.0,,4.0,16.0
2023,2021013086,2023-06-28,1900052.0,森下 暢仁,18.0,投,6,1.0,1.0,2.0,2.0,1.0,1.0,0.0,0.0,1.0,3.0,0.0,,0.0,0.0,0.0,0.0,0.0,0.0,1.0,1.0,,4.0,1.0,1.98,7.0,7.0,,,0.0,8.0,2.0,2.0,1.0,,1.0,6.0,0.0,,28.0,108.0
2023,2021013086,2023-06-28,1900055.0,韮澤 雄也,54.0,一,6,1.0,0.0,1.0,0.0,0.0,0.0,0.0,0.0,0.0,0.0,0.0,,1.0,0.0,0.0,0.0,0.0,0.0,,,,,,,,,,,,,,,,,,,,,,
2023,2021013086,2023-06-28,2000034.0,入江 大生,22.0,投,3,1.0,0.0,0.0,0.0,0.0,0.0,0.0,0.0,0.0,0.0,0.0,,0.0,0.0,0.0,0.0,0.0,0.0,2.0,1.0,0.0,1.0,0.0,2.25,1.0,1.0,,,0.0,1.0,0.0,0.0,0.0,,1.0,1.0,0.0,,5.0,17.0
2023,2021013086,2023-06-28,2000035.0,牧 秀悟,2.0,二,3,1.0,1.0,4.0,4.0,1.0,1.0,0.0,0.0,1.0,1.0,0.0,,0.0,3.0,0.0,0.0,0.0,0.0,,,,,,,,,,,,,,,,,,,,,,
2023,2021013086,2023-06-28,2000060.0,栗林 良吏,20.0,投,6,1.0,0.0,0.0,0.0,0.0,0.0,0.0,0.0,0.0,0.0,0.0,,0.0,0.0,0.0,0.0,0.0,0.0,3.0,1.0,0.0,1.0,6.0,6.27,1.0,1.0,,,7.0,0.0,0.0,0.0,0.0,,0.0,1.0,0.0,,3.0,13.0
2023,2021013086,2023-06-28,2000065.0,矢野 雅哉,61.0,遊,6,1.0,1.0,4.0,4.0,0.0,0.0,0.0,0.0,0.0,0.0,0.0,,0.0,1.0,0.0,0.0,0.0,0.0,,,,,,,,,,,,,,,,,,,,,,
2023,2021013086,2023-06-28,2103768.0,末包 昇大,52.0,打,6,1.0,0.0,1.0,0.0,0.0,0.0,0.0,0.0,0.0,0.0,0.0,,1.0,0.0,0.0,0.0,0.0,0.0,,,,,,,,,,,,,,,,,,,,,,
2023,2021013087,2023-06-28,12101.0,中村 剛也,60.0,指,7,1.0,1.0,4.0,4.0,0.0,1.0,0.0,0.0,0.0,1.0,0.0,,0.0,1.0,0.0,0.0,0.0,0.0,,,,,,,,,,,,,,,,,,,,,,
2023,2021013087,2023-06-28,1100095.0,松本 剛,7.0,左,8,1.0,1.0,4.0,4.0,0.0,0.0,0.0,0.0,0.0,0.0,0.0,,0.0,1.0,0.0,0.0,0.0,0.0,,,,,,,,,,,,,,,,,,,,,,
2023,2021013087,2023-06-28,1200082.0,増田 達至,14.0,,7,,,,,,,,,,,,,,,,,,,3.0,1.0,0.0,2.0,1.0,5.16,1.0,1.0,,,12.0,1.0,0.0,0.0,0.0,,0.0,0.0,0.0,,4.0,8.0
2023,2021013087,2023-06-28,1251037.0,上川畑 大悟,4.0,遊,8,1.0,1.0,3.0,2.0,0.0,1.0,0.0,0.0,0.0,0.0,0.0,,0.0,0.0,1.0,0.0,0.0,1.0,,,,,,,,,,,,,,,,,,,,,,
2023,2021013087,2023-06-28,1400170.0,江越 大賀,37.0,中,8,1.0,1.0,3.0,3.0,0.0,0.0,0.0,0.0,0.0,0.0,0.0,,0.0,2.0,0.0,0.0,0.0,0.0,,,,,,,,,,,,,,,,,,,,,,
2023,2021013087,2023-06-28,1400184.0,外崎 修汰,5.0,二,7,1.0,1.0,4.0,3.0,1.0,2.0,1.0,0.0,0.0,1.0,0.0,,1.0,0.0,0.0,0.0,0.0,0.0,,,,,,,,,,,,,,,,,,,,,,
2023,2021013087,2023-06-28,1460315.0,アルカンタラ,6.0,二,8,1.0,1.0,3.0,2.0,0.0,0.0,0.0,0.0,0.0,0.0,0.0,,1.0,0.0,0.0,0.0,0.0,0.0,,,,,,,,,,,,,,,,,,,,,,
2023,2021013087,2023-06-28,1500105.0,呉 念庭,39.0,走指,7,1.0,0.0,0.0,0.0,0.0,0.0,0.0,0.0,0.0,0.0,0.0,,0.0,0.0,0.0,0.0,0.0,0.0,,,,,,,,,,,,,,,,,,,,,,
2023,2021013087,2023-06-28,1500109.0,上原 健太,20.0,,8,,,,,,,,,,,,,,,,,,,1.0,1.0,,1.0,3.0,3.15,7.0,7.0,,,0.0,4.0,0.0,0.0,0.0,,1.0,9.0,0.0,,26.0,92.0
2023,2021013087,2023-06-28,1500112.0,平沼 翔太,31.0,走三,7,1.0,0.0,0.0,0.0,0.0,0.0,0.0,0.0,0.0,0.0,0.0,,0.0,0.0,0.0,0.0,0.0,0.0,,,,,,,,,,,,,,,,,,,,,,
2023,2021013087,2023-06-28,1560396.0,ハンソン,94.0,打,8,1.0,0.0,1.0,1.0,0.0,0.0,0.0,0.0,0.0,0.0,0.0,,0.0,1.0,0.0,0.0,0.0,0.0,,,,,,,,,,,,,,,,,,,,,,
2023,2021013087,2023-06-28,1600129.0,源田 壮亮,6.0,遊,7,1.0,1.0,4.0,3.0,1.0,0.0,0.0,0.0,0.0,0.0,0.0,,0.0,2.0,0.0,1.0,0.0,0.0,,,,,,,,,,,,,,,,,,,,,,
2023,2021013087,2023-06-28,1600130.0,鈴木 将平,46.0,左,7,1.0,1.0,4.0,3.0,0.0,1.0,0.0,0.0,0.0,0.0,0.0,,0.0,1.0,0.0,1.0,0.0,0.0,,,,,,,,,,,,,,,,,,,,,,
2023,2021013087,2023-06-28,1600134.0,石井 一成,38.0,指,8,1.0,1.0,4.0,3.0,0.0,1.0,0.0,0.0,0.0,0.0,0.0,,1.0,0.0,0.0,0.0,0.0,0.0,,,,,,,,,,,,,,,,,,,,,,
2023,2021013087,2023-06-28,1600139.0,玉井 大翔,19.0,,8,,,,,,,,,,,,,,,,,,,3.0,1.0,0.0,0.0,2.0,2.45,0.3333333333333333,0.1,,,2.0,2.0,1.0,1.0,0.0,,2.0,0.0,0.0,,5.0,23.0
2023,2021013087,2023-06-28,1700025.0,清宮 幸太郎,21.0,三,8,1.0,1.0,4.0,4.0,0.0,1.0,0.0,0.0,0.0,0.0,0.0,,0.0,1.0,0.0,0.0,0.0,0.0,,,,,,,,,,,,,,,,,,,,,,
2023,2021013087,2023-06-28,1700125.0,與座 海人,44.0,,7,,,,,,,,,,,,,,,,,,,1.0,1.0,,0.0,2.0,4.01,7.0,7.0,,,0.0,3.0,0.0,0.0,0.0,,2.0,4.0,1.0,,24.0,83.0
2023,2021013087,2023-06-28,1750472.0,古賀 悠斗,22.0,捕,7,1.0,1.0,3.0,3.0,0.0,0.0,0.0,0.0,0.0,0.0,0.0,,0.0,2.0,0.0,0.0,0.0,0.0,,,,,,,,,,,,,,,,,,,,,,
2023,2021013087,2023-06-28,1800085.0,森脇 亮介,28.0,,7,,,,,,,,,,,,,,,,,,,2.0,1.0,0.0,2.0,1.0,1.57,1.0,1.0,,,3.0,2.0,0.0,0.0,0.0,,0.0,2.0,0.0,,5.0,19.0
2023,2021013087,2023-06-28,1800093.0,万波 中正,66.0,右,8,1.0,1.0,4.0,4.0,0.0,0.0,0.0,0.0,0.0,0.0,0.0,,0.0,1.0,0.0,0.0,0.0,0.0,,,,,,,,,,,,,,,,,,,,,,
2023,2021013087,2023-06-28,1850820.0,蛭間 拓哉,9.0,右,7,1.0,1.0,3.0,2.0,0.0,1.0,0.0,0.0,0.0,0.0,0.0,,1.0,0.0,0.0,0.0,0.0,0.0,,,,,,,,,,,,,,,,,,,,,,
2023,2021013087,2023-06-28,1900068.0,岸 潤一郎,68.0,中右,7,1.0,1.0,4.0,4.0,0.0,0.0,0.0,0.0,0.0,0.0,0.0,,0.0,1.0,0.0,0.0,0.0,0.0,,,,,,,,,,,,,,,,,,,,,,
2023,2021013087,2023-06-28,1900070.0,河野 竜生,28.0,,8,,,,,,,,,,,,,,,,,,,2.0,1.0,0.0,0.0,2.0,1.64,0.6666666666666666,0.2,,,0.0,0.0,1.0,1.0,0.0,,1.0,0.0,0.0,,3.0,10.0
2023,2021013087,2023-06-28,1900075.0,梅林 優貴,65.0,捕,8,1.0,1.0,3.0,3.0,0.0,2.0,0.0,0.0,0.0,0.0,0.0,,0.0,0.0,0.0,0.0,0.0,0.0,,,,,,,,,,,,,,,,,,,,,,
2023,2021013087,2023-06-28,1961860.0,加藤 豪将,3.0,一,8,1.0,1.0,4.0,4.0,0.0,1.0,0.0,0.0,0.0,0.0,0.0,,0.0,0.0,0.0,0.0,0.0,0.0,,,,,,,,,,,,,,,,,,,,,,
2023,2021013087,2023-06-28,2000067.0,渡部 健人,8.0,一,7,1.0,1.0,4.0,3.0,0.0,0.0,0.0,0.0,0.0,0.0,0.0,,1.0,1.0,0.0,0.0,0.0,0.0,,,,,,,,,,,,,,,,,,,,,,
2023,2021013087,2023-06-28,2000075.0,長谷川 信哉,63.0,走中,7,1.0,0.0,0.0,0.0,0.0,0.0,0.0,0.0,0.0,0.0,0.0,,0.0,0.0,0.0,0.0,0.0,0.0,,,,,,,,,,,,,,,,,,,,,,
2023,2021013087,2023-06-28,2000082.0,細川 凌平,56.0,二,8,1.0,0.0,0.0,0.0,0.0,0.0,0.0,0.0,0.0,0.0,0.0,,0.0,0.0,0.0,0.0,0.0,0.0,,,,,,,,,,,,,,,,,,,,,,
2023,2021013087,2023-06-28,2108196.0,マキノン,30.0,三一,7,1.0,1.0,4.0,3.0,0.0,1.0,0.0,0.0,0.0,0.0,0.0,,1.0,1.0,0.0,0.0,0.0,0.0,,,,,,,,,,,,,,,,,,,,,,
2023,2021013088,2023-06-28,700095.0,福田 秀平,7.0,指,9,1.0,1.0,4.0,4.0,0.0,0.0,0.0,0.0,0.0,0.0,0.0,,0.0,2.0,0.0,0.0,0.0,0.0,,,,,,,,,,,,,,,,,,,,,,
2023,2021013088,2023-06-28,1160424.0,ゴンザレス,8.0,二,11,1.0,1.0,3.0,3.0,1.0,2.0,0.0,0.0,0.0,2.0,0.0,,0.0,0.0,0.0,0.0,0.0,0.0,,,,,,,,,,,,,,,,,,,,,,
2023,2021013088,2023-06-28,1200096.0,田村 龍弘,27.0,捕,9,1.0,1.0,3.0,3.0,0.0,1.0,0.0,0.0,0.0,0.0,0.0,,0.0,0.0,0.0,0.0,0.0,0.0,,,,,,,,,,,,,,,,,,,,,,
2023,2021013088,2023-06-28,1300044.0,岡 大海,25.0,右,9,1.0,1.0,4.0,4.0,0.0,1.0,0.0,0.0,0.0,0.0,0.0,,0.0,1.0,0.0,0.0,0.0,0.0,,,,,,,,,,,,,,,,,,,,,,
2023,2021013088,2023-06-28,1300049.0,石川 亮,37.0,捕,11,1.0,0.0,0.0,0.0,0.0,0.0,0.0,0.0,0.0,0.0,0.0,,0.0,0.0,0.0,0.0,0.0,0.0,,,,,,,,,,,,,,,,,,,,,,
2023,2021013088,2023-06-28,1300100.0,森 友哉,4.0,捕,11,1.0,1.0,4.0,4.0,1.0,1.0,1.0,0.0,0.0,0.0,0.0,,0.0,1.0,0.0,0.0,0.0,0.0,,,,,,,,,,,,,,,,,,,,,,
2023,2021013088,2023-06-28,1400188.0,中村 奨吾,8.0,二,9,1.0,1.0,4.0,2.0,0.0,1.0,0.0,0.0,0.0,0.0,0.0,,2.0,0.0,0.0,0.0,0.0,0.0,,,,,,,,,,,,,,,,,,,,,,
2023,2021013088,2023-06-28,1400196.0,宗 佑磨,6.0,三,11,1.0,1.0,3.0,3.0,1.0,1.0,1.0,0.0,0.0,1.0,0.0,,0.0,0.0,0.0,0.0,0.0,0.0,,,,,,,,,,,,,,,,,,,,,,
2023,2021013088,2023-06-28,1400197.0,佐野 皓大,41.0,走指,11,1.0,0.0,0.0,0.0,1.0,0.0,0.0,0.0,0.0,0.0,0.0,,0.0,0.0,0.0,0.0,0.0,0.0,,,,,,,,,,,,,,,,,,,,,,
2023,2021013088,2023-06-28,1400202.0,小田 裕也,50.0,左,11,1.0,0.0,0.0,0.0,0.0,0.0,0.0,0.0,0.0,0.0,0.0,,0.0,0.0,0.0,0.0,0.0,0.0,,,,,,,,,,,,,,,,,,,,,,
2023,2021013088,2023-06-28,1500041.0,廣岡 大志,30.0,右一,11,1.0,1.0,4.0,4.0,1.0,1.0,0.0,0.0,0.0,0.0,0.0,,0.0,2.0,0.0,0.0,0.0,0.0,,,,,,,,,,,,,,,,,,,,,,
2023,2021013088,2023-06-28,1500125.0,柿沼 友哉,99.0,捕,9,1.0,0.0,1.0,1.0,0.0,0.0,0.0,0.0,0.0,0.0,0.0,,0.0,0.0,0.0,0.0,0.0,0.0,,,,,,,,,,,,,,,,,,,,,,
2023,2021013088,2023-06-28,1500128.0,大城 滉二,10.0,打三,11,1.0,0.0,1.0,1.0,0.0,0.0,0.0,0.0,0.0,1.0,0.0,,0.0,0.0,0.0,0.0,0.0,0.0,,,,,,,,,,,,,,,,,,,,,,
2023,2021013088,2023-06-28,1500135.0,杉本 裕太郎,99.0,指,11,1.0,1.0,4.0,4.0,2.0,3.0,2.0,0.0,1.0,3.0,0.0,,0.0,1.0,0.0,0.0,0.0,0.0,,,,,,,,,,,,,,,,,,,,,,
2023,2021013088,2023-06-28,1700092.0,安田 尚憲,5.0,三,9,1.0,1.0,4.0,4.0,0.0,1.0,1.0,0.0,0.0,0.0,0.0,,0.0,0.0,0.0,0.0,0.0,0.0,,,,,,,,,,,,,,,,,,,,,,
2023,2021013088,2023-06-28,1700111.0,福田 周平,1.0,中,11,1.0,1.0,4.0,4.0,0.0,0.0,0.0,0.0,0.0,0.0,0.0,,0.0,0.0,0.0,0.0,0.0,0.0,,,,,,,,,,,,,,,,,,,,,,
2023,2021013088,2023-06-28,1800050.0,藤原 恭大,1.0,中,9,1.0,1.0,4.0,3.0,0.0,0.0,0.0,0.0,0.0,0.0,1.0,,0.0,3.0,1.0,0.0,0.0,0.0,,,,,,,,,,,,,,,,,,,,,,
2023,2021013088,2023-06-28,1800052.0,小島 和哉,14.0,,9,,,,,,,,,,,,,,,,,,,1.0,1.0,,5.0,3.0,3.57,6.0,6.0,,,0.0,8.0,6.0,6.0,1.0,,0.0,3.0,0.0,,25.0,96.0
2023,2021013088,2023-06-28,1800053.0,山口 航輝,51.0,左,9,1.0,1.0,4.0,3.0,0.0,0.0,0.0,0.0,0.0,0.0,0.0,,1.0,0.0,0.0,0.0,0.0,0.0,,,,,,,,,,,,,,,,,,,,,,
2023,2021013088,2023-06-28,1800099.0,頓宮 裕真,44.0,一,11,1.0,1.0,4.0,4.0,3.0,3.0,0.0,0.0,1.0,1.0,0.0,,0.0,0.0,0.0,0.0,0.0,0.0,,,,,,,,,,,,,,,,,,,,,,
2023,2021013088,2023-06-28,1800102.0,宜保 翔,53.0,二,11,1.0,0.0,0.0,0.0,0.0,0.0,0.0,0.0,0.0,0.0,0.0,,0.0,0.0,0.0,0.0,0.0,0.0,,,,,,,,,,,,,,,,,,,,,,
2023,2021013088,2023-06-28,1900088.0,紅林 弘太郎,24.0,遊,11,1.0,1.0,4.0,3.0,0.0,1.0,0.0,0.0,0.0,1.0,0.0,,0.0,0.0,0.0,0.0,1.0,0.0,,,,,,,,,,,,,,,,,,,,,,
2023,2021013088,2023-06-28,1961077.0,ワゲスパック,58.0,,11,,,,,,,,,,,,,,,,,,,3.0,1.0,0.0,3.0,4.0,3.93,1.0,1.0,,,2.0,0.0,0.0,0.0,0.0,,0.0,1.0,0.0,,3.0,10.0
2023,2021013088,2023-06-28,2000089.0,小川 龍成,57.0,二,9,1.0,0.0,0.0,0.0,0.0,0.0,0.0,0.0,0.0,0.0,0.0,,0.0,0.0,0.0,0.0,0.0,0.0,,,,,,,,,,,,,,,,,,,,,,
2023,2021013088,2023-06-28,2000093.0,小沼 健太,50.0,,9,,,,,,,,,,,,,,,,,,,2.0,1.0,0.0,0.0,0.0,9.0,2.0,2.0,,,0.0,5.0,4.0,4.0,1.0,,0.0,1.0,0.0,,11.0,32.0
2023,2021013088,2023-06-28,2000096.0,山下 舜平大,12.0,,11,,,,,,,,,,,,,,,,,,,1.0,1.0,,7.0,1.0,1.36,6.0,6.0,,,0.0,5.0,0.0,0.0,0.0,,4.0,5.0,0.0,,25.0,96.0
2023,2021013088,2023-06-28,2000101.0,阿部 翔太,45.0,,11,,,,,,,,,,,,,,,,,,,2.0,1.0,0.0,0.0,2.0,2.59,1.0,1.0,,,1.0,0.0,0.0,0.0,0.0,,0.0,1.0,1.0,,4.0,17.0
2023,2021013088,2023-06-28,2000104.0,宇田川 優希,96.0,,11,,,,,,,,,,,,,,,,,,,4.0,1.0,0.0,0.0,0.0,3.86,1.0,1.0,,,0.0,1.0,0.0,0.0,0.0,,0.0,1.0,0.0,,4.0,14.0
2023,2021013088,2023-06-28,2103693.0,池田 来翔,0.0,一,9,1.0,1.0,4.0,3.0,0.0,1.0,0.0,0.0,0.0,0.0,0.0,,1.0,1.0,0.0,0.0,0.0,0.0,,,,,,,,,,,,,,,,,,,,,,
2023,2021013088,2023-06-28,2106798.0,友杉 篤輝,10.0,遊,9,1.0,1.0,4.0,4.0,0.0,1.0,0.0,0.0,0.0,0.0,1.0,,0.0,1.0,0.0,0.0,0.0,0.0,,,,,,,,,,,,,,,,,,,,,,
2023,2021013088,2023-06-28,2107897.0,茶野 篤政,61.0,左右,11,1.0,1.0,4.0,4.0,0.0,1.0,0.0,0.0,0.0,1.0,0.0,,0.0,0.0,0.0,0.0,0.0,0.0,,,,,,,,,,,,,,,,,,,,,,
2023,2021013088,2023-06-28,2108913.0,セデーニョ,40.0,打,11,1.0,0.0,1.0,1.0,0.0,0.0,0.0,0.0,0.0,0.0,0.0,,0.0,0.0,0.0,0.0,0.0,0.0,,,,,,,,,,,,,,,,,,,,,,
2023,2021013089,2023-06-28,600026.0,炭谷 銀仁朗,26.0,捕,376,1.0,0.0,0.0,0.0,0.0,0.0,0.0,0.0,0.0,0.0,0.0,,0.0,0.0,0.0,0.0,0.0,0.0,,,,,,,,,,,,,,,,,,,,,,
2023,2021013089,2023-06-28,800081.0,中村 晃,7.0,一,12,1.0,1.0,5.0,4.0,0.0,1.0,0.0,0.0,0.0,0.0,0.0,,1.0,0.0,0.0,0.0,0.0,0.0,,,,,,,,,,,,,,,,,,,,,,
2023,2021013089,2023-06-28,900056.0,浅村 栄斗,3.0,指,376,1.0,1.0,4.0,2.0,0.0,0.0,0.0,0.0,0.0,0.0,0.0,,2.0,0.0,0.0,0.0,0.0,0.0,,,,,,,,,,,,,,,,,,,,,,
2023,2021013089,2023-06-28,1000035.0,今宮 健太,6.0,遊,12,1.0,1.0,4.0,3.0,0.0,1.0,0.0,0.0,0.0,0.0,1.0,,0.0,1.0,0.0,1.0,0.0,0.0,,,,,,,,,,,,,,,,,,,,,,
2023,2021013089,2023-06-28,1000128.0,柳田 悠岐,9.0,指,12,1.0,1.0,4.0,4.0,1.0,2.0,1.0,0.0,1.0,1.0,0.0,,0.0,1.0,0.0,0.0,0.0,0.0,,,,,,,,,,,,,,,,,,,,,,
2023,2021013089,2023-06-28,1000175.0,牧原 大成,8.0,中二,12,1.0,1.0,4.0,4.0,0.0,1.0,0.0,0.0,0.0,0.0,0.0,,0.0,1.0,0.0,0.0,0.0,0.0,,,,,,,,,,,,,,,,,,,,,,
2023,2021013089,2023-06-28,1000176.0,甲斐 拓也,19.0,捕,12,1.0,1.0,4.0,3.0,0.0,1.0,0.0,0.0,0.0,1.0,0.0,,1.0,1.0,0.0,0.0,0.0,0.0,,,,,,,,,,,,,,,,,,,,,,
2023,2021013089,2023-06-28,1100097.0,近藤 健介,3.0,左,12,1.0,1.0,4.0,3.0,0.0,0.0,0.0,0.0,0.0,0.0,0.0,,1.0,1.0,0.0,0.0,0.0,0.0,,,,,,,,,,,,,,,,,,,,,,
2023,2021013089,2023-06-28,1100103.0,鈴木 大地,7.0,一,376,1.0,1.0,3.0,2.0,0.0,0.0,0.0,0.0,0.0,0.0,0.0,,1.0,2.0,0.0,0.0,0.0,0.0,,,,,,,,,,,,,,,,,,,,,,
2023,2021013089,2023-06-28,1100130.0,岡島 豪郎,27.0,打,376,1.0,0.0,1.0,1.0,0.0,0.0,0.0,0.0,0.0,0.0,0.0,,0.0,1.0,0.0,0.0,0.0,0.0,,,,,,,,,,,,,,,,,,,,,,
2023,2021013089,2023-06-28,1100132.0,島内 宏明,35.0,左,376,1.0,1.0,4.0,3.0,0.0,0.0,0.0,0.0,0.0,0.0,0.0,,1.0,1.0,0.0,0.0,0.0,0.0,,,,,,,,,,,,,,,,,,,,,,
2023,2021013089,2023-06-28,1300079.0,上林 誠知,51.0,右,12,1.0,0.0,1.0,0.0,0.0,0.0,0.0,0.0,0.0,0.0,0.0,,0.0,0.0,0.0,1.0,0.0,0.0,,,,,,,,,,,,,,,,,,,,,,
2023,2021013089,2023-06-28,1400127.0,栗原 陵矢,24.0,三,12,1.0,1.0,4.0,3.0,0.0,0.0,0.0,0.0,0.0,0.0,0.0,,1.0,2.0,0.0,0.0,0.0,0.0,,,,,,,,,,,,,,,,,,,,,,
2023,2021013089,2023-06-28,1500143.0,川瀬 晃,0.0,二三,12,1.0,1.0,4.0,3.0,0.0,0.0,0.0,0.0,0.0,0.0,0.0,,1.0,0.0,0.0,0.0,0.0,0.0,,,,,,,,,,,,,,,,,,,,,,
2023,2021013089,2023-06-28,1560184.0,オスナ,54.0,,12,,,,,,,,,,,,,,,,,,,4.0,1.0,0.0,1.0,0.0,0.39,1.0,1.0,,,14.0,0.0,0.0,0.0,0.0,,0.0,1.0,0.0,,3.0,9.0
2023,2021013089,2023-06-28,1600007.0,村林 一輝,66.0,三,376,1.0,1.0,4.0,3.0,0.0,0.0,0.0,0.0,0.0,1.0,0.0,,0.0,0.0,0.0,1.0,0.0,0.0,,,,,,,,,,,,,,,,,,,,,,
2023,2021013089,2023-06-28,1700011.0,モイネロ,35.0,,12,,,,,,,,,,,,,,,,,,,3.0,1.0,0.0,3.0,0.0,1.05,1.0,1.0,,,4.0,1.0,1.0,1.0,0.0,,2.0,0.0,0.0,,6.0,15.0
2023,2021013089,2023-06-28,1700034.0,山崎 剛,34.0,遊,376,1.0,1.0,4.0,4.0,1.0,0.0,0.0,0.0,0.0,0.0,0.0,,0.0,3.0,0.0,0.0,0.0,0.0,,,,,,,,,,,,,,,,,,,,,,
2023,2021013089,2023-06-28,1700135.0,周東 佑京,23.0,走中,12,1.0,0.0,0.0,0.0,1.0,0.0,0.0,0.0,0.0,0.0,0.0,,0.0,0.0,0.0,0.0,0.0,0.0,,,,,,,,,,,,,,,,,,,,,,
2023,2021013089,2023-06-28,1800044.0,伊藤 裕季也,39.0,打一,376,1.0,0.0,1.0,1.0,0.0,1.0,0.0,0.0,0.0,1.0,0.0,,0.0,0.0,0.0,0.0,0.0,0.0,,,,,,,,,,,,,,,,,,,,,,
2023,2021013089,2023-06-28,1800117.0,辰己 涼介,8.0,中,376,1.0,1.0,4.0,4.0,0.0,0.0,0.0,0.0,0.0,0.0,0.0,,0.0,0.0,0.0,0.0,0.0,0.0,,,,,,,,,,,,,,,,,,,,,,
2023,2021013089,2023-06-28,1800118.0,太田 光,2.0,捕,376,1.0,1.0,2.0,1.0,0.0,0.0,0.0,0.0,0.0,0.0,0.0,,0.0,1.0,0.0,1.0,0.0,0.0,,,,,,,,,,,,,,,,,,,,,,
2023,2021013089,2023-06-28,1800122.0,渡邊 佳明,48.0,打,376,1.0,0.0,1.0,1.0,0.0,0.0,0.0,0.0,0.0,0.0,0.0,,0.0,0.0,0.0,0.0,0.0,0.0,,,,,,,,,,,,,,,,,,,,,,
2023,2021013089,2023-06-28,1800123.0,小郷 裕哉,51.0,右,376,1.0,1.0,4.0,4.0,0.0,1.0,0.0,0.0,0.0,0.0,1.0,,0.0,1.0,0.0,0.0,0.0,0.0,,,,,,,,,,,,,,,,,,,,,,
2023,2021013089,2023-06-28,1800124.0,鈴木 翔天,56.0,,376,,,,,,,,,,,,,,,,,,,3.0,1.0,0.0,1.0,0.0,3.86,1.0,1.0,,,0.0,2.0,0.0,0.0,0.0,,0.0,2.0,0.0,,5.0,27.0
2023,2021013089,2023-06-28,1900010.0,スチュワート・ジュニア,2.0,,12,,,,,,,,,,,,,,,,,,,1.0,1.0,,0.0,0.0,0.0,6.0,6.0,,,0.0,1.0,1.0,0.0,0.0,,4.0,6.0,0.0,,24.0,94.0
2023,2021013089,2023-06-28,1900102.0,津森 宥紀,11.0,,12,,,,,,,,,,,,,,,,,,,2.0,1.0,0.0,3.0,1.0,3.14,1.0,1.0,,,0.0,0.0,0.0,0.0,0.0,,0.0,2.0,0.0,,3.0,11.0
2023,2021013089,2023-06-28,1900104.0,柳町 達,32.0,右,12,1.0,1.0,3.0,2.0,1.0,1.0,0.0,0.0,0.0,0.0,0.0,,1.0,0.0,0.0,0.0,0.0,0.0,,,,,,,,,,,,,,,,,,,,,,
2023,2021013089,2023-06-28,1900112.0,小深田 大翔,0.0,二,376,1.0,1.0,4.0,2.0,1.0,0.0,0.0,0.0,0.0,0.0,2.0,,2.0,0.0,0.0,0.0,0.0,0.0,,,,,,,,,,,,,,,,,,,,,,
2023,2021013089,2023-06-28,2000126.0,内 星龍,69.0,,376,,,,,,,,,,,,,,,,,,,2.0,1.0,0.0,3.0,1.0,2.96,1.0,1.0,,,0.0,0.0,0.0,0.0,0.0,,0.0,0.0,0.0,,3.0,8.0
2023,2021013089,2023-06-28,2105140.0,渡辺 翔太,31.0,,376,,,,,,,,,,,,,,,,,,,4.0,1.0,0.0,2.0,1.0,0.9,1.0,1.0,,,0.0,1.0,1.0,1.0,0.0,,2.0,0.0,0.0,,6.0,27.0
2023,2021013089,2023-06-28,2106793.0,荘司 康誠,19.0,,376,,,,,,,,,,,,,,,,,,,1.0,1.0,,0.0,3.0,3.65,5.0,5.0,,,0.0,4.0,2.0,2.0,1.0,,4.0,5.0,0.0,,23.0,99.0
2023,2021013090,2023-06-29,700035.0,福田 永将,55.0,打,4,1.0,0.0,1.0,1.0,0.0,0.0,0.0,0.0,0.0,0.0,0.0,,0.0,0.0,0.0,0.0,0.0,0.0,,,,,,,,,,,,,,,,,,,,,,
2023,2021013090,2023-06-29,900410.0,大島 洋平,8.0,左,4,1.0,1.0,3.0,3.0,0.0,0.0,0.0,0.0,0.0,0.0,0.0,,0.0,0.0,0.0,0.0,0.0,0.0,,,,,,,,,,,,,,,,,,,,,,
2023,2021013090,2023-06-29,1000108.0,後藤 駿太,53.0,左右,4,1.0,0.0,1.0,1.0,0.0,0.0,0.0,0.0,0.0,0.0,0.0,,0.0,0.0,0.0,0.0,0.0,0.0,,,,,,,,,,,,,,,,,,,,,,
2023,2021013090,2023-06-29,1100069.0,高橋 周平,3.0,三,4,1.0,1.0,4.0,4.0,0.0,1.0,0.0,0.0,0.0,0.0,0.0,,0.0,1.0,0.0,0.0,0.0,0.0,,,,,,,,,,,,,,,,,,,,,,
2023,2021013090,2023-06-29,1200098.0,松葉 貴大,38.0,投,4,1.0,1.0,1.0,1.0,0.0,0.0,0.0,0.0,0.0,0.0,0.0,,0.0,1.0,0.0,0.0,0.0,0.0,1.0,1.0,,0.0,2.0,2.95,5.0,5.0,,,0.0,9.0,5.0,3.0,1.0,,0.0,2.0,1.0,,24.0,90.0
2023,2021013090,2023-06-29,1300042.0,渡邉 諒,25.0,三,5,1.0,1.0,4.0,4.0,2.0,3.0,1.0,0.0,1.0,3.0,0.0,,0.0,0.0,0.0,0.0,0.0,0.0,,,,,,,,,,,,,,,,,,,,,,
2023,2021013090,2023-06-29,1500049.0,宇佐見 真吾,39.0,捕,4,1.0,1.0,3.0,3.0,0.0,3.0,0.0,0.0,0.0,0.0,0.0,,0.0,0.0,0.0,0.0,0.0,0.0,,,,,,,,,,,,,,,,,,,,,,
2023,2021013090,2023-06-29,1500087.0,坂本 誠志郎,12.0,捕,5,1.0,1.0,4.0,4.0,0.0,0.0,0.0,0.0,0.0,0.0,0.0,,0.0,0.0,0.0,0.0,0.0,0.0,,,,,,,,,,,,,,,,,,,,,,
2023,2021013090,2023-06-29,1600085.0,細川 成也,0.0,右,4,1.0,1.0,4.0,4.0,0.0,0.0,0.0,0.0,0.0,0.0,0.0,,0.0,2.0,0.0,0.0,0.0,0.0,,,,,,,,,,,,,,,,,,,,,,
2023,2021013090,2023-06-29,1600113.0,大山 悠輔,3.0,一,5,1.0,1.0,4.0,4.0,1.0,1.0,1.0,0.0,0.0,1.0,0.0,,0.0,1.0,0.0,0.0,0.0,0.0,,,,,,,,,,,,,,,,,,,,,,
2023,2021013090,2023-06-29,1700077.0,馬場 皐輔,18.0,投,5,1.0,0.0,0.0,0.0,0.0,0.0,0.0,0.0,0.0,0.0,0.0,,0.0,0.0,0.0,0.0,0.0,0.0,2.0,1.0,0.0,0.0,0.0,0.0,1.0,1.0,,,0.0,1.0,0.0,0.0,0.0,,1.0,1.0,0.0,,5.0,16.0
2023,2021013090,2023-06-29,1700079.0,熊谷 敬宥,4.0,走三,5,1.0,0.0,0.0,0.0,1.0,0.0,0.0,0.0,0.0,0.0,0.0,,0.0,0.0,0.0,0.0,0.0,0.0,,,,,,,,,,,,,,,,,,,,,,
2023,2021013090,2023-06-29,1700080.0,島田 海吏,53.0,走左,5,1.0,0.0,0.0,0.0,0.0,0.0,0.0,0.0,0.0,0.0,0.0,,0.0,0.0,0.0,0.0,0.0,0.0,,,,,,,,,,,,,,,,,,,,,,
2023,2021013090,2023-06-29,1700105.0,伊藤 康祐,49.0,左,4,1.0,0.0,0.0,0.0,0.0,0.0,0.0,0.0,0.0,0.0,0.0,,0.0,0.0,0.0,0.0,0.0,0.0,,,,,,,,,,,,,,,,,,,,,,
2023,2021013090,2023-06-29,1750223.0,村松 開人,5.0,打遊,4,1.0,0.0,2.0,2.0,0.0,0.0,0.0,0.0,0.0,0.0,0.0,,0.0,1.0,0.0,0.0,0.0,0.0,,,,,,,,,,,,,,,,,,,,,,
2023,2021013090,2023-06-29,1800065.0,近本 光司,5.0,中,5,1.0,1.0,5.0,5.0,0.0,1.0,1.0,0.0,0.0,0.0,0.0,,0.0,1.0,0.0,0.0,0.0,0.0,,,,,,,,,,,,,,,,,,,,,,
2023,2021013090,2023-06-29,1800067.0,木浪 聖也,0.0,遊,5,1.0,1.0,4.0,3.0,0.0,2.0,0.0,0.0,0.0,0.0,0.0,,0.0,0.0,1.0,0.0,0.0,0.0,,,,,,,,,,,,,,,,,,,,,,
2023,2021013090,2023-06-29,1850183.0,森下 翔太,1.0,打,5,1.0,0.0,1.0,1.0,0.0,0.0,0.0,0.0,0.0,0.0,0.0,,0.0,0.0,0.0,0.0,0.0,0.0,,,,,,,,,,,,,,,,,,,,,,
2023,2021013090,2023-06-29,1900037.0,石川 昂弥,25.0,一,4,1.0,1.0,4.0,3.0,0.0,0.0,0.0,0.0,0.0,0.0,0.0,,1.0,1.0,0.0,0.0,0.0,0.0,,,,,,,,,,,,,,,,,,,,,,
2023,2021013090,2023-06-29,1900039.0,岡野 祐一郎,36.0,投,4,1.0,0.0,0.0,0.0,0.0,0.0,0.0,0.0,0.0,0.0,0.0,,0.0,0.0,0.0,0.0,0.0,0.0,3.0,1.0,0.0,0.0,0.0,0.0,1.0,1.0,,,0.0,1.0,0.0,0.0,0.0,,0.0,1.0,0.0,,4.0,21.0
2023,2021013090,2023-06-29,1900041.0,岡林 勇希,60.0,中,4,1.0,1.0,4.0,3.0,0.0,0.0,0.0,0.0,0.0,0.0,0.0,,1.0,0.0,0.0,0.0,0.0,0.0,,,,,,,,,,,,,,,,,,,,,,
2023,2021013090,2023-06-29,1950996.0,前川 右京,58.0,右,5,1.0,1.0,4.0,4.0,0.0,1.0,0.0,0.0,0.0,2.0,0.0,,0.0,1.0,0.0,0.0,0.0,0.0,,,,,,,,,,,,,,,,,,,,,,
2023,2021013090,2023-06-29,1961285.0,ノイジー,7.0,左,5,1.0,1.0,4.0,4.0,0.0,2.0,0.0,0.0,0.0,0.0,0.0,,0.0,0.0,0.0,0.0,0.0,0.0,,,,,,,,,,,,,,,,,,,,,,
2023,2021013090,2023-06-29,2000044.0,龍空,45.0,遊,4,1.0,1.0,2.0,2.0,0.0,1.0,0.0,0.0,0.0,0.0,0.0,,0.0,0.0,0.0,0.0,0.0,2.0,,,,,,,,,,,,,,,,,,,,,,
2023,2021013090,2023-06-29,2000049.0,上田 洸太朗,67.0,投,4,1.0,0.0,0.0,0.0,0.0,0.0,0.0,0.0,0.0,0.0,0.0,,0.0,0.0,0.0,0.0,0.0,0.0,2.0,1.0,0.0,0.0,0.0,3.68,2.0,2.0,,,0.0,4.0,3.0,3.0,0.0,,0.0,1.0,0.0,,10.0,44.0
2023,2021013090,2023-06-29,2000055.0,村上 頌樹,41.0,投,5,1.0,1.0,3.0,3.0,0.0,0.0,0.0,0.0,0.0,0.0,0.0,,0.0,1.0,0.0,0.0,0.0,0.0,1.0,1.0,,6.0,3.0,1.58,7.0,7.0,,,0.0,5.0,0.0,0.0,0.0,,1.0,6.0,0.0,,26.0,100.0
2023,2021013090,2023-06-29,2000056.0,中野 拓夢,51.0,二,5,1.0,1.0,5.0,5.0,4.0,4.0,0.0,0.0,0.0,0.0,1.0,,0.0,0.0,0.0,0.0,0.0,0.0,,,,,,,,,,,,,,,,,,,,,,
2023,2021013090,2023-06-29,2000058.0,石井 大智,69.0,投,5,1.0,0.0,0.0,0.0,0.0,0.0,0.0,0.0,0.0,0.0,0.0,,0.0,0.0,0.0,0.0,0.0,0.0,3.0,1.0,0.0,1.0,0.0,0.93,1.0,1.0,,,0.0,0.0,0.0,0.0,0.0,,0.0,0.0,0.0,,3.0,12.0
2023,2021013090,2023-06-29,2103633.0,味谷 大誠,43.0,打捕,4,1.0,0.0,1.0,1.0,0.0,0.0,0.0,0.0,0.0,0.0,0.0,,0.0,0.0,0.0,0.0,0.0,0.0,,,,,,,,,,,,,,,,,,,,,,
2023,2021013090,2023-06-29,2103780.0,福永 裕基,68.0,二,4,1.0,1.0,4.0,4.0,0.0,1.0,0.0,0.0,0.0,0.0,0.0,,0.0,1.0,0.0,0.0,0.0,0.0,,,,,,,,,,,,,,,,,,,,,,
2023,2021013091,2023-06-29,600003.0,大和,9.0,打遊,3,1.0,0.0,1.0,1.0,0.0,1.0,0.0,0.0,0.0,1.0,0.0,,0.0,0.0,0.0,0.0,0.0,0.0,,,,,,,,,,,,,,,,,,,,,,
2023,2021013091,2023-06-29,800075.0,伊藤 光,29.0,捕,3,1.0,1.0,2.0,2.0,0.0,0.0,0.0,0.0,0.0,0.0,0.0,,0.0,0.0,0.0,0.0,0.0,0.0,,,,,,,,,,,,,,,,,,,,,,
2023,2021013091,2023-06-29,900011.0,大田 泰示,0.0,打,3,1.0,0.0,1.0,1.0,0.0,0.0,0.0,0.0,0.0,0.0,0.0,,0.0,0.0,0.0,0.0,0.0,0.0,,,,,,,,,,,,,,,,,,,,,,
2023,2021013091,2023-06-29,1000150.0,秋山 翔吾,9.0,中,6,1.0,1.0,5.0,3.0,1.0,1.0,0.0,0.0,0.0,0.0,0.0,,2.0,0.0,0.0,0.0,0.0,0.0,,,,,,,,,,,,,,,,,,,,,,
2023,2021013091,2023-06-29,1100061.0,桑原 将志,1.0,中,3,1.0,1.0,4.0,4.0,0.0,1.0,1.0,0.0,0.0,0.0,0.0,,0.0,1.0,0.0,0.0,0.0,0.0,,,,,,,,,,,,,,,,,,,,,,
2023,2021013091,2023-06-29,1100081.0,野村 祐輔,19.0,投,6,1.0,1.0,2.0,2.0,0.0,0.0,0.0,0.0,0.0,0.0,0.0,,0.0,0.0,0.0,0.0,0.0,0.0,1.0,1.0,,0.0,0.0,0.0,6.0,6.0,,,0.0,3.0,0.0,0.0,0.0,,0.0,2.0,0.0,,21.0,74.0
2023,2021013091,2023-06-29,1100082.0,菊池 涼介,33.0,二,6,1.0,1.0,5.0,5.0,1.0,2.0,0.0,0.0,0.0,0.0,0.0,,0.0,1.0,0.0,0.0,0.0,0.0,,,,,,,,,,,,,,,,,,,,,,
2023,2021013091,2023-06-29,1200049.0,三嶋 一輝,17.0,投,3,1.0,0.0,0.0,0.0,0.0,0.0,0.0,0.0,0.0,0.0,0.0,,0.0,0.0,0.0,0.0,0.0,0.0,5.0,1.0,0.0,3.0,1.0,3.98,1.0,1.0,,,0.0,3.0,1.0,1.0,0.0,,0.0,0.0,0.0,,6.0,18.0
2023,2021013091,2023-06-29,1200053.0,宮崎 敏郎,51.0,打,3,1.0,0.0,1.0,0.0,0.0,0.0,0.0,0.0,0.0,1.0,0.0,,0.0,0.0,0.0,0.0,1.0,0.0,,,,,,,,,,,,,,,,,,,,,,
2023,2021013091,2023-06-29,1200070.0,上本 崇司,0.0,遊,6,1.0,1.0,4.0,3.0,1.0,1.0,0.0,0.0,0.0,0.0,0.0,,0.0,1.0,1.0,0.0,0.0,0.0,,,,,,,,,,,,,,,,,,,,,,
2023,2021013091,2023-06-29,1300038.0,関根 大気,63.0,右左,3,1.0,1.0,4.0,4.0,0.0,0.0,0.0,0.0,0.0,0.0,0.0,,0.0,0.0,0.0,0.0,0.0,0.0,,,,,,,,,,,,,,,,,,,,,,
2023,2021013091,2023-06-29,1300059.0,田中 広輔,2.0,三,6,1.0,1.0,4.0,4.0,0.0,2.0,1.0,0.0,0.0,1.0,0.0,,0.0,1.0,0.0,0.0,0.0,0.0,,,,,,,,,,,,,,,,,,,,,,
2023,2021013091,2023-06-29,1400173.0,野間 峻祥,37.0,右,6,1.0,1.0,5.0,4.0,1.0,2.0,0.0,0.0,0.0,1.0,1.0,,1.0,0.0,0.0,0.0,0.0,1.0,,,,,,,,,,,,,,,,,,,,,,
2023,2021013091,2023-06-29,1460004.0,デビッドソン,95.0,一,6,1.0,1.0,4.0,3.0,0.0,1.0,0.0,0.0,0.0,0.0,0.0,,1.0,1.0,0.0,0.0,0.0,0.0,,,,,,,,,,,,,,,,,,,,,,
2023,2021013091,2023-06-29,1500064.0,戸柱 恭孝,10.0,捕,3,1.0,0.0,1.0,1.0,0.0,0.0,0.0,0.0,0.0,0.0,0.0,,0.0,1.0,0.0,0.0,0.0,0.0,,,,,,,,,,,,,,,,,,,,,,
2023,2021013091,2023-06-29,1500096.0,西川 龍馬,5.0,左,6,1.0,1.0,5.0,5.0,1.0,2.0,0.0,0.0,0.0,2.0,0.0,,0.0,0.0,0.0,0.0,0.0,0.0,,,,,,,,,,,,,,,,,,,,,,
2023,2021013091,2023-06-29,1560685.0,ターリー,68.0,投,6,1.0,0.0,0.0,0.0,0.0,0.0,0.0,0.0,0.0,0.0,0.0,,0.0,0.0,0.0,0.0,0.0,0.0,2.0,1.0,0.0,4.0,0.0,1.59,1.0,1.0,,,1.0,2.0,2.0,1.0,0.0,,1.0,1.0,0.0,,6.0,22.0
2023,2021013091,2023-06-29,1600089.0,佐野 恵太,7.0,左一,3,1.0,1.0,4.0,4.0,0.0,1.0,0.0,0.0,0.0,0.0,0.0,,0.0,1.0,0.0,0.0,0.0,0.0,,,,,,,,,,,,,,,,,,,,,,
2023,2021013091,2023-06-29,1600096.0,森原 康平,68.0,投,3,1.0,0.0,0.0,0.0,0.0,0.0,0.0,0.0,0.0,0.0,0.0,,0.0,0.0,0.0,0.0,0.0,0.0,4.0,1.0,0.0,2.0,0.0,3.21,0.6666666666666666,0.2,,,0.0,1.0,0.0,0.0,0.0,,0.0,1.0,0.0,,2.0,6.0
2023,2021013091,2023-06-29,1600107.0,京田 陽太,98.0,三,3,1.0,1.0,4.0,3.0,0.0,1.0,0.0,0.0,0.0,0.0,0.0,,0.0,0.0,0.0,1.0,0.0,0.0,,,,,,,,,,,,,,,,,,,,,,
2023,2021013091,2023-06-29,1600121.0,矢崎 拓也,41.0,投,6,1.0,0.0,0.0,0.0,0.0,0.0,0.0,0.0,0.0,0.0,0.0,,0.0,0.0,0.0,0.0,0.0,0.0,4.0,1.0,0.0,4.0,0.0,2.31,1.0,1.0,,,13.0,1.0,1.0,1.0,1.0,,0.0,2.0,0.0,,4.0,19.0
2023,2021013091,2023-06-29,1600124.0,坂倉 将吾,31.0,捕,6,1.0,1.0,4.0,4.0,0.0,1.0,0.0,0.0,0.0,1.0,0.0,,0.0,2.0,0.0,0.0,0.0,0.0,,,,,,,,,,,,,,,,,,,,,,
2023,2021013091,2023-06-29,1660377.0,ガゼルマン,45.0,投,3,1.0,1.0,1.0,1.0,0.0,0.0,0.0,0.0,0.0,0.0,0.0,,0.0,0.0,0.0,0.0,0.0,0.0,1.0,1.0,,3.0,3.0,3.77,5.0,5.0,,,0.0,6.0,2.0,2.0,0.0,,3.0,4.0,1.0,,25.0,96.0
2023,2021013091,2023-06-29,1700006.0,エスコバー,62.0,投,3,1.0,0.0,0.0,0.0,0.0,0.0,0.0,0.0,0.0,0.0,0.0,,0.0,0.0,0.0,0.0,0.0,0.0,3.0,1.0,0.0,0.0,1.0,11.32,0.3333333333333333,0.1,,,0.0,2.0,2.0,2.0,0.0,,1.0,0.0,0.0,,4.0,15.0
2023,2021013091,2023-06-29,1700020.0,ソト,99.0,一,3,1.0,1.0,3.0,2.0,0.0,0.0,0.0,0.0,0.0,0.0,0.0,,1.0,1.0,0.0,0.0,0.0,0.0,,,,,,,,,,,,,,,,,,,,,,
2023,2021013091,2023-06-29,1700059.0,神里 和毅,8.0,走右,3,1.0,0.0,1.0,1.0,1.0,0.0,0.0,0.0,0.0,0.0,0.0,,0.0,1.0,0.0,0.0,0.0,0.0,,,,,,,,,,,,,,,,,,,,,,
2023,2021013091,2023-06-29,1800073.0,島内 颯太郎,43.0,投,6,1.0,0.0,0.0,0.0,0.0,0.0,0.0,0.0,0.0,0.0,0.0,,0.0,0.0,0.0,0.0,0.0,0.0,3.0,1.0,0.0,1.0,2.0,2.13,1.0,1.0,,,2.0,0.0,0.0,0.0,0.0,,0.0,1.0,0.0,,3.0,9.0
2023,2021013091,2023-06-29,1900030.0,森 敬斗,6.0,遊,3,1.0,1.0,2.0,2.0,0.0,0.0,0.0,0.0,0.0,0.0,0.0,,0.0,0.0,0.0,0.0,0.0,0.0,,,,,,,,,,,,,,,,,,,,,,
2023,2021013091,2023-06-29,1900035.0,蝦名 達夫,61.0,打,3,1.0,0.0,1.0,1.0,0.0,0.0,0.0,0.0,0.0,0.0,0.0,,0.0,1.0,0.0,0.0,0.0,0.0,,,,,,,,,,,,,,,,,,,,,,
2023,2021013091,2023-06-29,2000034.0,入江 大生,22.0,投,3,1.0,0.0,0.0,0.0,0.0,0.0,0.0,0.0,0.0,0.0,0.0,,0.0,0.0,0.0,0.0,0.0,0.0,2.0,1.0,0.0,1.0,0.0,2.14,1.0,1.0,,,0.0,0.0,0.0,0.0,0.0,,0.0,1.0,0.0,,3.0,12.0
2023,2021013091,2023-06-29,2000035.0,牧 秀悟,2.0,二,3,1.0,1.0,4.0,4.0,2.0,2.0,0.0,0.0,1.0,1.0,0.0,,0.0,0.0,0.0,0.0,0.0,0.0,,,,,,,,,,,,,,,,,,,,,,
2023,2021013091,2023-06-29,2000065.0,矢野 雅哉,61.0,打遊,6,1.0,0.0,1.0,0.0,0.0,0.0,0.0,0.0,0.0,0.0,0.0,,0.0,0.0,0.0,1.0,0.0,0.0,,,,,,,,,,,,,,,,,,,,,,
2023,2021013091,2023-06-29,2103768.0,末包 昇大,52.0,打,6,1.0,0.0,1.0,1.0,0.0,0.0,0.0,0.0,0.0,0.0,0.0,,0.0,0.0,0.0,0.0,0.0,0.0,,,,,,,,,,,,,,,,,,,,,,
2023,2021013092,2023-06-29,600026.0,炭谷 銀仁朗,26.0,捕,376,1.0,1.0,4.0,4.0,0.0,1.0,0.0,0.0,0.0,0.0,0.0,,0.0,1.0,0.0,0.0,0.0,0.0,,,,,,,,,,,,,,,,,,,,,,
2023,2021013092,2023-06-29,700065.0,岸 孝之,11.0,,376,,,,,,,,,,,,,,,,,,,1.0,1.0,,2.0,2.0,3.82,7.0,7.0,,,0.0,4.0,0.0,0.0,0.0,,1.0,4.0,0.0,,27.0,102.0
2023,2021013092,2023-06-29,800081.0,中村 晃,7.0,一,12,1.0,1.0,4.0,4.0,1.0,1.0,0.0,0.0,0.0,0.0,0.0,,0.0,1.0,0.0,0.0,0.0,0.0,,,,,,,,,,,,,,,,,,,,,,
2023,2021013092,2023-06-29,900056.0,浅村 栄斗,3.0,指,376,1.0,1.0,4.0,3.0,0.0,0.0,0.0,0.0,0.0,0.0,0.0,,1.0,2.0,0.0,0.0,0.0,0.0,,,,,,,,,,,,,,,,,,,,,,
2023,2021013092,2023-06-29,1000035.0,今宮 健太,6.0,遊,12,1.0,1.0,4.0,4.0,0.0,0.0,0.0,0.0,0.0,0.0,0.0,,0.0,0.0,0.0,0.0,0.0,0.0,,,,,,,,,,,,,,,,,,,,,,
2023,2021013092,2023-06-29,1000128.0,柳田 悠岐,9.0,指,12,1.0,1.0,4.0,4.0,0.0,0.0,0.0,0.0,0.0,0.0,0.0,,0.0,1.0,0.0,0.0,0.0,0.0,,,,,,,,,,,,,,,,,,,,,,
2023,2021013092,2023-06-29,1000175.0,牧原 大成,8.0,二,12,1.0,1.0,4.0,3.0,1.0,1.0,0.0,0.0,0.0,0.0,0.0,,1.0,0.0,0.0,0.0,0.0,0.0,,,,,,,,,,,,,,,,,,,,,,
2023,2021013092,2023-06-29,1000176.0,甲斐 拓也,19.0,捕,12,1.0,1.0,3.0,3.0,0.0,1.0,0.0,0.0,0.0,0.0,0.0,,0.0,1.0,0.0,0.0,0.0,0.0,,,,,,,,,,,,,,,,,,,,,,
2023,2021013092,2023-06-29,1100097.0,近藤 健介,3.0,左,12,1.0,1.0,4.0,3.0,1.0,1.0,0.0,0.0,1.0,3.0,0.0,,1.0,0.0,0.0,0.0,0.0,0.0,,,,,,,,,,,,,,,,,,,,,,
2023,2021013092,2023-06-29,1100103.0,鈴木 大地,7.0,一,376,1.0,1.0,4.0,4.0,0.0,0.0,0.0,0.0,0.0,1.0,0.0,,0.0,0.0,0.0,0.0,0.0,0.0,,,,,,,,,,,,,,,,,,,,,,
2023,2021013092,2023-06-29,1100115.0,武田 翔太,18.0,,12,,,,,,,,,,,,,,,,,,,2.0,1.0,0.0,1.0,2.0,4.76,1.3333333333333333,1.1,,,0.0,1.0,0.0,0.0,0.0,,1.0,1.0,0.0,,6.0,29.0
2023,2021013092,2023-06-29,1100132.0,島内 宏明,35.0,打,376,1.0,0.0,1.0,1.0,0.0,0.0,0.0,0.0,0.0,0.0,0.0,,0.0,1.0,0.0,0.0,0.0,0.0,,,,,,,,,,,,,,,,,,,,,,
2023,2021013092,2023-06-29,1300079.0,上林 誠知,51.0,中右,12,1.0,1.0,3.0,3.0,0.0,1.0,0.0,0.0,0.0,0.0,0.0,,0.0,0.0,0.0,0.0,0.0,0.0,,,,,,,,,,,,,,,,,,,,,,
2023,2021013092,2023-06-29,1400127.0,栗原 陵矢,24.0,三,12,1.0,1.0,4.0,4.0,0.0,1.0,0.0,0.0,0.0,0.0,0.0,,0.0,2.0,0.0,0.0,0.0,0.0,,,,,,,,,,,,,,,,,,,,,,
2023,2021013092,2023-06-29,1500143.0,川瀬 晃,0.0,三,12,1.0,0.0,0.0,0.0,0.0,0.0,0.0,0.0,0.0,0.0,0.0,,0.0,0.0,0.0,0.0,0.0,0.0,,,,,,,,,,,,,,,,,,,,,,
2023,2021013092,2023-06-29,1550517.0,大津 亮介,26.0,,12,,,,,,,,,,,,,,,,,,,4.0,1.0,0.0,2.0,0.0,2.55,1.0,1.0,,,0.0,1.0,0.0,0.0,0.0,,0.0,0.0,0.0,,4.0,10.0
2023,2021013092,2023-06-29,1560184.0,オスナ,54.0,,12,,,,,,,,,,,,,,,,,,,5.0,1.0,0.0,1.0,0.0,0.38,1.0,1.0,,,15.0,0.0,0.0,0.0,0.0,,0.0,1.0,0.0,,3.0,13.0
2023,2021013092,2023-06-29,1600007.0,村林 一輝,66.0,遊三,376,1.0,1.0,4.0,4.0,1.0,2.0,1.0,0.0,0.0,0.0,1.0,,0.0,1.0,0.0,0.0,0.0,1.0,,,,,,,,,,,,,,,,,,,,,,
2023,2021013092,2023-06-29,1600094.0,田中 和基,25.0,左,376,1.0,1.0,3.0,2.0,0.0,0.0,0.0,0.0,0.0,0.0,0.0,,0.0,0.0,0.0,1.0,0.0,0.0,,,,,,,,,,,,,,,,,,,,,,
2023,2021013092,2023-06-29,1700034.0,山崎 剛,34.0,遊,376,1.0,0.0,0.0,0.0,0.0,0.0,0.0,0.0,0.0,0.0,0.0,,0.0,0.0,0.0,0.0,0.0,0.0,,,,,,,,,,,,,,,,,,,,,,
2023,2021013092,2023-06-29,1700133.0,田浦 文丸,56.0,,12,,,,,,,,,,,,,,,,,,,3.0,1.0,0.0,1.0,0.0,0.87,1.0,1.0,,,0.0,1.0,0.0,0.0,0.0,,0.0,0.0,0.0,,4.0,20.0
2023,2021013092,2023-06-29,1700135.0,周東 佑京,23.0,中,12,1.0,0.0,0.0,0.0,0.0,0.0,0.0,0.0,0.0,0.0,0.0,,0.0,0.0,0.0,0.0,0.0,0.0,,,,,,,,,,,,,,,,,,,,,,
2023,2021013092,2023-06-29,1800044.0,伊藤 裕季也,39.0,三,376,1.0,1.0,4.0,4.0,0.0,2.0,0.0,0.0,0.0,1.0,0.0,,0.0,0.0,0.0,0.0,0.0,0.0,,,,,,,,,,,,,,,,,,,,,,
2023,2021013092,2023-06-29,1800117.0,辰己 涼介,8.0,中,376,1.0,1.0,5.0,4.0,0.0,0.0,0.0,0.0,0.0,0.0,0.0,,0.0,0.0,1.0,0.0,0.0,0.0,,,,,,,,,,,,,,,,,,,,,,
2023,2021013092,2023-06-29,1800123.0,小郷 裕哉,51.0,右,376,1.0,1.0,4.0,3.0,1.0,1.0,0.0,0.0,0.0,0.0,1.0,,1.0,0.0,0.0,0.0,0.0,0.0,,,,,,,,,,,,,,,,,,,,,,
2023,2021013092,2023-06-29,1900104.0,柳町 達,32.0,右,12,1.0,1.0,4.0,3.0,0.0,0.0,0.0,0.0,0.0,0.0,0.0,,0.0,0.0,0.0,1.0,0.0,0.0,,,,,,,,,,,,,,,,,,,,,,
2023,2021013092,2023-06-29,1900106.0,大関 友久,42.0,,12,,,,,,,,,,,,,,,,,,,1.0,1.0,,4.0,4.0,2.33,4.666666666666667,4.2,,,0.0,4.0,2.0,2.0,0.0,,1.0,3.0,1.0,,20.0,92.0
2023,2021013092,2023-06-29,1900112.0,小深田 大翔,0.0,二,376,1.0,1.0,4.0,4.0,0.0,1.0,0.0,0.0,0.0,0.0,0.0,,0.0,0.0,0.0,0.0,0.0,1.0,,,,,,,,,,,,,,,,,,,,,,
2023,2021013092,2023-06-29,2000126.0,内 星龍,69.0,,376,,,,,,,,,,,,,,,,,,,3.0,1.0,0.0,3.0,2.0,3.18,1.0,1.0,,,0.0,1.0,1.0,1.0,1.0,,0.0,1.0,0.0,,5.0,18.0
2023,2021013092,2023-06-29,2105140.0,渡辺 翔太,31.0,,376,,,,,,,,,,,,,,,,,,,2.0,1.0,0.0,2.0,1.0,2.7,0.0,0.0,,,0.0,1.0,2.0,2.0,0.0,,1.0,0.0,0.0,,2.0,10.0
2023,2021013093,2023-06-30,800043.0,丸 佳浩,8.0,右,1,1.0,1.0,4.0,4.0,0.0,0.0,0.0,0.0,0.0,0.0,0.0,,0.0,0.0,0.0,0.0,0.0,0.0,,,,,,,,,,,,,,,,,,,,,,
2023,2021013093,2023-06-30,800054.0,中田 翔,10.0,一,1,1.0,1.0,4.0,4.0,0.0,0.0,0.0,0.0,0.0,0.0,0.0,,0.0,0.0,0.0,0.0,0.0,0.0,,,,,,,,,,,,,,,,,,,,,,
2023,2021013093,2023-06-30,1300042.0,渡邉 諒,25.0,打,5,1.0,0.0,1.0,1.0,0.0,0.0,0.0,0.0,0.0,0.0,0.0,,0.0,1.0,0.0,0.0,0.0,0.0,,,,,,,,,,,,,,,,,,,,,,
2023,2021013093,2023-06-30,1300070.0,岩貞 祐太,14.0,投,5,1.0,0.0,0.0,0.0,0.0,0.0,0.0,0.0,0.0,0.0,0.0,,0.0,0.0,0.0,0.0,0.0,0.0,2.0,1.0,0.0,0.0,0.0,1.61,1.0,1.0,,,0.0,0.0,0.0,0.0,0.0,,0.0,1.0,0.0,,3.0,14.0
2023,2021013093,2023-06-30,1300073.0,梅野 隆太郎,2.0,捕,5,1.0,1.0,4.0,4.0,0.0,0.0,0.0,0.0,0.0,0.0,0.0,,0.0,1.0,0.0,0.0,0.0,0.0,,,,,,,,,,,,,,,,,,,,,,
2023,2021013093,2023-06-30,1300076.0,加治屋 蓮,54.0,投,5,1.0,0.0,0.0,0.0,0.0,0.0,0.0,0.0,0.0,0.0,0.0,,0.0,0.0,0.0,0.0,0.0,0.0,4.0,1.0,0.0,0.0,2.0,1.59,0.6666666666666666,0.2,,,1.0,1.0,1.0,1.0,1.0,,0.0,0.0,0.0,,3.0,10.0
2023,2021013093,2023-06-30,1400101.0,岡本 和真,25.0,三,1,1.0,1.0,4.0,3.0,0.0,1.0,1.0,0.0,0.0,0.0,0.0,,1.0,1.0,0.0,0.0,0.0,0.0,,,,,,,,,,,,,,,,,,,,,,
2023,2021013093,2023-06-30,1500052.0,中川 皓太,41.0,投,1,1.0,0.0,0.0,0.0,0.0,0.0,0.0,0.0,0.0,0.0,0.0,,0.0,0.0,0.0,0.0,0.0,0.0,2.0,1.0,0.0,1.0,0.0,2.13,1.0,1.0,,,0.0,0.0,0.0,0.0,0.0,,0.0,1.0,0.0,,3.0,11.0
2023,2021013093,2023-06-30,1500054.0,増田 大輝,0.0,走中,1,1.0,0.0,0.0,0.0,0.0,0.0,0.0,0.0,0.0,0.0,0.0,,0.0,0.0,0.0,0.0,0.0,0.0,,,,,,,,,,,,,,,,,,,,,,
2023,2021013093,2023-06-30,1600001.0,オコエ 瑠偉,50.0,打,1,1.0,0.0,1.0,1.0,0.0,0.0,0.0,0.0,0.0,0.0,0.0,,0.0,1.0,0.0,0.0,0.0,0.0,,,,,,,,,,,,,,,,,,,,,,
2023,2021013093,2023-06-30,1600059.0,吉川 尚輝,2.0,二,1,1.0,1.0,4.0,4.0,0.0,0.0,0.0,0.0,0.0,0.0,0.0,,0.0,1.0,0.0,0.0,0.0,0.0,,,,,,,,,,,,,,,,,,,,,,
2023,2021013093,2023-06-30,1600100.0,高梨 雄平,53.0,投,1,1.0,0.0,0.0,0.0,0.0,0.0,0.0,0.0,0.0,0.0,0.0,,0.0,0.0,0.0,0.0,0.0,0.0,3.0,1.0,0.0,1.0,0.0,3.8,1.0,1.0,,,0.0,0.0,0.0,0.0,0.0,,0.0,1.0,0.0,,3.0,19.0
2023,2021013093,2023-06-30,1600113.0,大山 悠輔,3.0,一,5,1.0,1.0,5.0,4.0,0.0,1.0,0.0,0.0,0.0,0.0,0.0,,1.0,2.0,0.0,0.0,0.0,0.0,,,,,,,,,,,,,,,,,,,,,,
2023,2021013093,2023-06-30,1600117.0,糸原 健斗,33.0,三,5,1.0,1.0,4.0,4.0,0.0,1.0,0.0,0.0,0.0,0.0,0.0,,0.0,0.0,0.0,0.0,0.0,0.0,,,,,,,,,,,,,,,,,,,,,,
2023,2021013093,2023-06-30,1700043.0,岸田 行倫,27.0,打,1,1.0,0.0,1.0,1.0,1.0,1.0,0.0,0.0,1.0,1.0,0.0,,0.0,0.0,0.0,0.0,0.0,0.0,,,,,,,,,,,,,,,,,,,,,,
2023,2021013093,2023-06-30,1700044.0,大城 卓三,24.0,捕,1,1.0,1.0,4.0,4.0,0.0,1.0,0.0,0.0,0.0,1.0,0.0,,0.0,0.0,0.0,0.0,0.0,0.0,,,,,,,,,,,,,,,,,,,,,,
2023,2021013093,2023-06-30,1700045.0,北村 拓己,52.0,打遊,1,1.0,0.0,1.0,1.0,0.0,0.0,0.0,0.0,0.0,0.0,0.0,,0.0,0.0,0.0,0.0,0.0,0.0,,,,,,,,,,,,,,,,,,,,,,
2023,2021013093,2023-06-30,1700047.0,若林 晃弘,37.0,走左,1,1.0,0.0,0.0,0.0,0.0,0.0,0.0,0.0,0.0,0.0,0.0,,0.0,0.0,0.0,0.0,0.0,0.0,,,,,,,,,,,,,,,,,,,,,,
2023,2021013093,2023-06-30,1700079.0,熊谷 敬宥,4.0,走三,5,1.0,0.0,0.0,0.0,0.0,0.0,0.0,0.0,0.0,0.0,0.0,,0.0,0.0,0.0,0.0,0.0,0.0,,,,,,,,,,,,,,,,,,,,,,
2023,2021013093,2023-06-30,1800028.0,戸郷 翔征,20.0,投,1,1.0,1.0,2.0,2.0,0.0,0.0,0.0,0.0,0.0,0.0,0.0,,0.0,0.0,0.0,0.0,0.0,0.0,1.0,1.0,,8.0,1.0,2.33,8.0,8.0,,,0.0,8.0,1.0,1.0,1.0,,3.0,6.0,0.0,,34.0,143.0
2023,2021013093,2023-06-30,1800065.0,近本 光司,5.0,中,5,1.0,1.0,5.0,5.0,1.0,1.0,0.0,0.0,1.0,1.0,0.0,,0.0,0.0,0.0,0.0,0.0,0.0,,,,,,,,,,,,,,,,,,,,,,
2023,2021013093,2023-06-30,1800067.0,木浪 聖也,0.0,遊,5,1.0,1.0,4.0,4.0,0.0,2.0,1.0,0.0,0.0,0.0,0.0,,0.0,0.0,0.0,0.0,0.0,0.0,,,,,,,,,,,,,,,,,,,,,,
2023,2021013093,2023-06-30,1860031.0,ブリンソン,42.0,中,1,1.0,1.0,4.0,4.0,0.0,1.0,1.0,0.0,0.0,0.0,0.0,,0.0,1.0,0.0,0.0,0.0,0.0,,,,,,,,,,,,,,,,,,,,,,
2023,2021013093,2023-06-30,1900044.0,西 純矢,15.0,投,5,1.0,1.0,3.0,3.0,0.0,0.0,0.0,0.0,0.0,0.0,0.0,,0.0,2.0,0.0,0.0,0.0,0.0,1.0,1.0,,2.0,2.0,4.19,7.0,7.0,,,0.0,3.0,1.0,1.0,0.0,,1.0,2.0,0.0,,25.0,95.0
2023,2021013093,2023-06-30,1950996.0,前川 右京,58.0,右,5,1.0,1.0,5.0,4.0,0.0,2.0,0.0,0.0,0.0,0.0,0.0,,1.0,1.0,0.0,0.0,0.0,0.0,,,,,,,,,,,,,,,,,,,,,,
2023,2021013093,2023-06-30,1961285.0,ノイジー,7.0,左,5,1.0,1.0,4.0,3.0,0.0,0.0,0.0,0.0,0.0,0.0,0.0,,1.0,1.0,0.0,0.0,0.0,0.0,,,,,,,,,,,,,,,,,,,,,,
2023,2021013093,2023-06-30,2000009.0,秋広 優人,55.0,左,1,1.0,1.0,4.0,3.0,1.0,1.0,1.0,0.0,0.0,0.0,0.0,,1.0,0.0,0.0,0.0,0.0,0.0,,,,,,,,,,,,,,,,,,,,,,
2023,2021013093,2023-06-30,2000056.0,中野 拓夢,51.0,二,5,1.0,1.0,5.0,5.0,0.0,1.0,0.0,0.0,0.0,0.0,0.0,,0.0,0.0,0.0,0.0,0.0,0.0,,,,,,,,,,,,,,,,,,,,,,
2023,2021013093,2023-06-30,2000058.0,石井 大智,69.0,投,5,1.0,0.0,0.0,0.0,0.0,0.0,0.0,0.0,0.0,0.0,0.0,,0.0,0.0,0.0,0.0,0.0,0.0,3.0,1.0,0.0,1.0,0.0,0.89,1.0,1.0,,,0.0,1.0,0.0,0.0,0.0,,1.0,1.0,0.0,,4.0,13.0
2023,2021013093,2023-06-30,2107874.0,門脇 誠,35.0,遊,1,1.0,1.0,2.0,2.0,0.0,0.0,0.0,0.0,0.0,0.0,0.0,,0.0,0.0,0.0,0.0,0.0,0.0,,,,,,,,,,,,,,,,,,,,,,
2023,2021013094,2023-06-30,400021.0,青木 宣親,23.0,左,2,1.0,1.0,3.0,3.0,0.0,0.0,0.0,0.0,0.0,0.0,0.0,,0.0,0.0,0.0,0.0,0.0,0.0,,,,,,,,,,,,,,,,,,,,,,
2023,2021013094,2023-06-30,900044.0,中村 悠平,27.0,捕,2,1.0,1.0,3.0,3.0,0.0,0.0,0.0,0.0,0.0,0.0,0.0,,0.0,1.0,0.0,0.0,0.0,0.0,,,,,,,,,,,,,,,,,,,,,,
2023,2021013094,2023-06-30,1000109.0,三ツ俣 大樹,66.0,一,2,1.0,0.0,0.0,0.0,0.0,0.0,0.0,0.0,0.0,0.0,0.0,,0.0,0.0,0.0,0.0,0.0,0.0,,,,,,,,,,,,,,,,,,,,,,
2023,2021013094,2023-06-30,1000132.0,山田 哲人,1.0,二,2,1.0,1.0,3.0,3.0,0.0,1.0,0.0,0.0,0.0,0.0,0.0,,0.0,2.0,0.0,0.0,0.0,0.0,,,,,,,,,,,,,,,,,,,,,,
2023,2021013094,2023-06-30,1000134.0,西田 明央,30.0,打,2,1.0,0.0,1.0,1.0,0.0,0.0,0.0,0.0,0.0,0.0,0.0,,0.0,0.0,0.0,0.0,0.0,0.0,,,,,,,,,,,,,,,,,,,,,,
2023,2021013094,2023-06-30,1000150.0,秋山 翔吾,9.0,中,6,1.0,1.0,5.0,5.0,1.0,1.0,1.0,0.0,0.0,1.0,0.0,,0.0,1.0,0.0,0.0,0.0,0.0,,,,,,,,,,,,,,,,,,,,,,
2023,2021013094,2023-06-30,1100082.0,菊池 涼介,33.0,二,6,1.0,1.0,5.0,5.0,1.0,2.0,0.0,0.0,1.0,1.0,0.0,,0.0,1.0,0.0,0.0,0.0,0.0,,,,,,,,,,,,,,,,,,,,,,
2023,2021013094,2023-06-30,1300058.0,九里 亜蓮,11.0,投,6,1.0,1.0,5.0,5.0,0.0,0.0,0.0,0.0,0.0,0.0,0.0,,0.0,5.0,0.0,0.0,0.0,0.0,1.0,1.0,,6.0,3.0,1.76,9.0,9.0,,,0.0,5.0,0.0,0.0,0.0,,0.0,8.0,0.0,,31.0,109.0
2023,2021013094,2023-06-30,1300059.0,田中 広輔,2.0,三,6,1.0,1.0,5.0,5.0,1.0,2.0,1.0,0.0,0.0,1.0,0.0,,0.0,2.0,0.0,0.0,0.0,0.0,,,,,,,,,,,,,,,,,,,,,,
2023,2021013094,2023-06-30,1300082.0,曽根 海成,0.0,中,6,1.0,0.0,0.0,0.0,0.0,0.0,0.0,0.0,0.0,0.0,0.0,,0.0,0.0,0.0,0.0,0.0,0.0,,,,,,,,,,,,,,,,,,,,,,
2023,2021013094,2023-06-30,1300092.0,今野 龍太,69.0,投,2,1.0,0.0,0.0,0.0,0.0,0.0,0.0,0.0,0.0,0.0,0.0,,0.0,0.0,0.0,0.0,0.0,0.0,2.0,1.0,0.0,0.0,0.0,3.45,2.0,2.0,,,0.0,5.0,2.0,2.0,0.0,,0.0,2.0,0.0,,11.0,45.0
2023,2021013094,2023-06-30,1400173.0,野間 峻祥,37.0,右,6,1.0,1.0,5.0,5.0,1.0,3.0,2.0,0.0,0.0,0.0,0.0,,0.0,1.0,0.0,0.0,0.0,0.0,,,,,,,,,,,,,,,,,,,,,,
2023,2021013094,2023-06-30,1460004.0,デビッドソン,95.0,一,6,1.0,1.0,5.0,4.0,0.0,1.0,0.0,0.0,0.0,2.0,0.0,,1.0,2.0,0.0,0.0,0.0,0.0,,,,,,,,,,,,,,,,,,,,,,
2023,2021013094,2023-06-30,1500044.0,山崎 晃大朗,31.0,右,2,1.0,0.0,0.0,0.0,0.0,0.0,0.0,0.0,0.0,0.0,0.0,,0.0,0.0,0.0,0.0,0.0,0.0,,,,,,,,,,,,,,,,,,,,,,
2023,2021013094,2023-06-30,1500096.0,西川 龍馬,5.0,左,6,1.0,1.0,5.0,4.0,1.0,2.0,0.0,0.0,0.0,0.0,0.0,,1.0,0.0,0.0,0.0,0.0,0.0,,,,,,,,,,,,,,,,,,,,,,
2023,2021013094,2023-06-30,1600124.0,坂倉 将吾,31.0,捕,6,1.0,1.0,5.0,4.0,3.0,3.0,1.0,0.0,1.0,3.0,0.0,,1.0,0.0,0.0,0.0,0.0,0.0,,,,,,,,,,,,,,,,,,,,,,
2023,2021013094,2023-06-30,1700084.0,村上 宗隆,55.0,三,2,1.0,1.0,4.0,4.0,0.0,1.0,0.0,0.0,0.0,0.0,0.0,,0.0,0.0,0.0,0.0,0.0,0.0,,,,,,,,,,,,,,,,,,,,,,
2023,2021013094,2023-06-30,1700094.0,山本 大貴,43.0,投,2,1.0,0.0,0.0,0.0,0.0,0.0,0.0,0.0,0.0,0.0,0.0,,0.0,0.0,0.0,0.0,0.0,0.0,3.0,1.0,0.0,1.0,0.0,3.52,1.0,1.0,,,0.0,0.0,0.0,0.0,0.0,,0.0,1.0,0.0,,3.0,12.0
2023,2021013094,2023-06-30,1800036.0,濱田 太貴,51.0,左,2,1.0,0.0,1.0,1.0,0.0,1.0,0.0,0.0,0.0,0.0,0.0,,0.0,0.0,0.0,0.0,0.0,0.0,,,,,,,,,,,,,,,,,,,,,,
2023,2021013094,2023-06-30,1800078.0,羽月 隆太郎,69.0,三,6,1.0,0.0,0.0,0.0,0.0,0.0,0.0,0.0,0.0,0.0,0.0,,0.0,0.0,0.0,0.0,0.0,0.0,,,,,,,,,,,,,,,,,,,,,,
2023,2021013094,2023-06-30,1900028.0,長岡 秀樹,7.0,遊,2,1.0,1.0,3.0,3.0,0.0,1.0,0.0,0.0,0.0,0.0,0.0,,0.0,0.0,0.0,0.0,0.0,0.0,,,,,,,,,,,,,,,,,,,,,,
2023,2021013094,2023-06-30,1900029.0,武岡 龍世,60.0,二,2,1.0,0.0,1.0,1.0,0.0,0.0,0.0,0.0,0.0,0.0,0.0,,0.0,0.0,0.0,0.0,0.0,0.0,,,,,,,,,,,,,,,,,,,,,,
2023,2021013094,2023-06-30,1900055.0,韮澤 雄也,54.0,二,6,1.0,0.0,0.0,0.0,0.0,0.0,0.0,0.0,0.0,0.0,0.0,,0.0,0.0,0.0,0.0,0.0,0.0,,,,,,,,,,,,,,,,,,,,,,
2023,2021013094,2023-06-30,2000026.0,内山 壮真,33.0,捕,2,1.0,0.0,1.0,1.0,0.0,0.0,0.0,0.0,0.0,0.0,0.0,,0.0,0.0,0.0,0.0,0.0,0.0,,,,,,,,,,,,,,,,,,,,,,
2023,2021013094,2023-06-30,2000028.0,並木 秀尊,0.0,中,2,1.0,1.0,4.0,4.0,0.0,1.0,0.0,0.0,0.0,0.0,0.0,,0.0,2.0,0.0,0.0,0.0,0.0,,,,,,,,,,,,,,,,,,,,,,
2023,2021013094,2023-06-30,2000033.0,丸山 翔大,68.0,投,2,1.0,0.0,0.0,0.0,0.0,0.0,0.0,0.0,0.0,0.0,0.0,,0.0,0.0,0.0,0.0,0.0,0.0,4.0,1.0,0.0,0.0,0.0,3.86,1.0,1.0,,,0.0,1.0,0.0,0.0,0.0,,2.0,2.0,0.0,,6.0,22.0
2023,2021013094,2023-06-30,2000065.0,矢野 雅哉,61.0,遊,6,1.0,1.0,5.0,4.0,0.0,0.0,0.0,0.0,0.0,0.0,0.0,,1.0,1.0,0.0,0.0,0.0,0.0,,,,,,,,,,,,,,,,,,,,,,
2023,2021013094,2023-06-30,2000133.0,オスナ,13.0,一,2,1.0,1.0,3.0,3.0,0.0,0.0,0.0,0.0,0.0,0.0,0.0,,0.0,2.0,0.0,0.0,0.0,0.0,,,,,,,,,,,,,,,,,,,,,,
2023,2021013094,2023-06-30,2000135.0,サンタナ,25.0,右,2,1.0,1.0,3.0,3.0,0.0,0.0,0.0,0.0,0.0,0.0,0.0,,0.0,0.0,0.0,0.0,0.0,0.0,,,,,,,,,,,,,,,,,,,,,,
2023,2021013094,2023-06-30,2000139.0,サイスニード,54.0,投,2,1.0,1.0,1.0,1.0,0.0,0.0,0.0,0.0,0.0,0.0,0.0,,0.0,1.0,0.0,0.0,0.0,0.0,1.0,1.0,,5.0,4.0,3.23,5.0,5.0,,,0.0,8.0,6.0,6.0,2.0,,2.0,8.0,0.0,,25.0,97.0
2023,2021013094,2023-06-30,2103768.0,末包 昇大,52.0,走左,6,1.0,0.0,0.0,0.0,0.0,0.0,0.0,0.0,0.0,0.0,0.0,,0.0,0.0,0.0,0.0,0.0,0.0,,,,,,,,,,,,,,,,,,,,,,
2023,2021013095,2023-06-30,600003.0,大和,9.0,遊,3,1.0,1.0,4.0,4.0,0.0,4.0,0.0,0.0,0.0,0.0,1.0,,0.0,0.0,0.0,0.0,0.0,0.0,,,,,,,,,,,,,,,,,,,,,,
2023,2021013095,2023-06-30,700035.0,福田 永将,55.0,一,4,1.0,0.0,0.0,0.0,0.0,0.0,0.0,0.0,0.0,0.0,0.0,,0.0,0.0,0.0,0.0,0.0,0.0,,,,,,,,,,,,,,,,,,,,,,
2023,2021013095,2023-06-30,900410.0,大島 洋平,8.0,左,4,1.0,1.0,4.0,4.0,0.0,1.0,0.0,0.0,0.0,0.0,0.0,,0.0,0.0,0.0,0.0,0.0,0.0,,,,,,,,,,,,,,,,,,,,,,
2023,2021013095,2023-06-30,1100061.0,桑原 将志,1.0,中,3,1.0,1.0,4.0,2.0,0.0,0.0,0.0,0.0,0.0,0.0,0.0,,2.0,1.0,0.0,0.0,0.0,0.0,,,,,,,,,,,,,,,,,,,,,,
2023,2021013095,2023-06-30,1100069.0,高橋 周平,3.0,三,4,1.0,1.0,4.0,4.0,0.0,1.0,1.0,0.0,0.0,1.0,0.0,,0.0,1.0,0.0,0.0,0.0,0.0,,,,,,,,,,,,,,,,,,,,,,
2023,2021013095,2023-06-30,1200053.0,宮崎 敏郎,51.0,打,3,1.0,0.0,1.0,1.0,0.0,0.0,0.0,0.0,0.0,0.0,0.0,,0.0,1.0,0.0,0.0,0.0,0.0,,,,,,,,,,,,,,,,,,,,,,
2023,2021013095,2023-06-30,1200059.0,溝脇 隼人,48.0,遊,4,1.0,0.0,0.0,0.0,0.0,0.0,0.0,0.0,0.0,0.0,0.0,,0.0,0.0,0.0,0.0,0.0,0.0,,,,,,,,,,,,,,,,,,,,,,
2023,2021013095,2023-06-30,1300038.0,関根 大気,63.0,右左,3,1.0,1.0,5.0,5.0,0.0,1.0,0.0,0.0,0.0,0.0,0.0,,0.0,1.0,0.0,0.0,0.0,0.0,,,,,,,,,,,,,,,,,,,,,,
2023,2021013095,2023-06-30,1500049.0,宇佐見 真吾,39.0,打,4,1.0,0.0,1.0,1.0,0.0,1.0,1.0,0.0,0.0,1.0,0.0,,0.0,0.0,0.0,0.0,0.0,0.0,,,,,,,,,,,,,,,,,,,,,,
2023,2021013095,2023-06-30,1500061.0,今永 昇太,21.0,投,3,1.0,1.0,3.0,3.0,0.0,0.0,0.0,0.0,0.0,0.0,0.0,,0.0,0.0,0.0,0.0,0.0,0.0,1.0,1.0,,5.0,1.0,2.38,8.0,8.0,,,0.0,4.0,1.0,1.0,0.0,,0.0,6.0,0.0,,28.0,111.0
2023,2021013095,2023-06-30,1500063.0,柴田 竜拓,31.0,三,3,1.0,0.0,0.0,0.0,0.0,0.0,0.0,0.0,0.0,0.0,0.0,,0.0,0.0,0.0,0.0,0.0,0.0,,,,,,,,,,,,,,,,,,,,,,
2023,2021013095,2023-06-30,1500064.0,戸柱 恭孝,10.0,捕,3,1.0,1.0,4.0,4.0,0.0,0.0,0.0,0.0,0.0,1.0,0.0,,0.0,0.0,0.0,0.0,0.0,0.0,,,,,,,,,,,,,,,,,,,,,,
2023,2021013095,2023-06-30,1500074.0,小笠原 慎之介,11.0,投,4,1.0,1.0,2.0,2.0,0.0,0.0,0.0,0.0,0.0,0.0,0.0,,0.0,2.0,0.0,0.0,0.0,0.0,1.0,1.0,,4.0,5.0,2.9,7.0,7.0,,,0.0,6.0,1.0,1.0,0.0,,3.0,3.0,0.0,,29.0,107.0
2023,2021013095,2023-06-30,1600085.0,細川 成也,0.0,右,4,1.0,1.0,4.0,4.0,0.0,0.0,0.0,0.0,0.0,0.0,0.0,,0.0,2.0,0.0,0.0,0.0,0.0,,,,,,,,,,,,,,,,,,,,,,
2023,2021013095,2023-06-30,1600089.0,佐野 恵太,7.0,左一,3,1.0,1.0,4.0,3.0,0.0,0.0,0.0,0.0,0.0,0.0,0.0,,1.0,0.0,0.0,0.0,0.0,0.0,,,,,,,,,,,,,,,,,,,,,,
2023,2021013095,2023-06-30,1700010.0,マルティネス,92.0,投,4,1.0,0.0,0.0,0.0,0.0,0.0,0.0,0.0,0.0,0.0,0.0,,0.0,0.0,0.0,0.0,0.0,0.0,3.0,1.0,0.0,1.0,1.0,0.0,1.0,1.0,,,18.0,0.0,0.0,0.0,0.0,,0.0,3.0,0.0,,3.0,13.0
2023,2021013095,2023-06-30,1700020.0,ソト,99.0,一,3,1.0,1.0,4.0,4.0,1.0,2.0,1.0,0.0,0.0,0.0,0.0,,0.0,1.0,0.0,0.0,0.0,0.0,,,,,,,,,,,,,,,,,,,,,,
2023,2021013095,2023-06-30,1700059.0,神里 和毅,8.0,走右,3,1.0,0.0,0.0,0.0,0.0,0.0,0.0,0.0,0.0,0.0,0.0,,0.0,0.0,0.0,0.0,0.0,0.0,,,,,,,,,,,,,,,,,,,,,,
2023,2021013095,2023-06-30,1700065.0,楠本 泰史,37.0,打,3,1.0,0.0,1.0,1.0,0.0,0.0,0.0,0.0,0.0,0.0,0.0,,0.0,1.0,0.0,0.0,0.0,0.0,,,,,,,,,,,,,,,,,,,,,,
2023,2021013095,2023-06-30,1700103.0,高松 渡,51.0,走,4,1.0,0.0,0.0,0.0,0.0,0.0,0.0,0.0,0.0,0.0,0.0,,0.0,0.0,0.0,0.0,0.0,0.0,,,,,,,,,,,,,,,,,,,,,,
2023,2021013095,2023-06-30,1700104.0,清水 達也,50.0,投,4,1.0,0.0,0.0,0.0,0.0,0.0,0.0,0.0,0.0,0.0,0.0,,0.0,0.0,0.0,0.0,0.0,0.0,2.0,1.0,0.0,2.0,1.0,1.82,1.0,1.0,,,0.0,2.0,0.0,0.0,0.0,,0.0,0.0,0.0,,5.0,14.0
2023,2021013095,2023-06-30,1750223.0,村松 開人,5.0,二,4,1.0,1.0,4.0,4.0,1.0,1.0,0.0,0.0,0.0,0.0,0.0,,0.0,0.0,0.0,0.0,0.0,0.0,,,,,,,,,,,,,,,,,,,,,,
2023,2021013095,2023-06-30,1800048.0,知野 直人,60.0,三,3,1.0,1.0,3.0,3.0,0.0,1.0,0.0,0.0,0.0,0.0,0.0,,0.0,1.0,0.0,0.0,0.0,0.0,,,,,,,,,,,,,,,,,,,,,,
2023,2021013095,2023-06-30,1800062.0,石橋 康太,58.0,捕,4,1.0,1.0,3.0,2.0,0.0,0.0,0.0,0.0,0.0,0.0,0.0,,0.0,0.0,0.0,1.0,0.0,0.0,,,,,,,,,,,,,,,,,,,,,,
2023,2021013095,2023-06-30,1900032.0,伊勢 大夢,13.0,投,3,1.0,0.0,0.0,0.0,0.0,0.0,0.0,0.0,0.0,0.0,0.0,,0.0,0.0,0.0,0.0,0.0,0.0,2.0,1.0,0.0,2.0,2.0,2.45,1.0,1.0,,,1.0,1.0,1.0,1.0,0.0,,1.0,0.0,0.0,,5.0,18.0
2023,2021013095,2023-06-30,1900037.0,石川 昂弥,25.0,一,4,1.0,1.0,4.0,3.0,1.0,0.0,0.0,0.0,0.0,0.0,0.0,,1.0,0.0,0.0,0.0,0.0,0.0,,,,,,,,,,,,,,,,,,,,,,
2023,2021013095,2023-06-30,1900041.0,岡林 勇希,60.0,中,4,1.0,1.0,4.0,3.0,0.0,1.0,0.0,0.0,0.0,0.0,0.0,,0.0,0.0,0.0,1.0,0.0,0.0,,,,,,,,,,,,,,,,,,,,,,
2023,2021013095,2023-06-30,2000035.0,牧 秀悟,2.0,二,3,1.0,1.0,4.0,4.0,0.0,0.0,0.0,0.0,0.0,0.0,0.0,,0.0,0.0,0.0,0.0,0.0,0.0,,,,,,,,,,,,,,,,,,,,,,
2023,2021013095,2023-06-30,2000044.0,龍空,45.0,遊,4,1.0,1.0,2.0,2.0,0.0,0.0,0.0,0.0,0.0,0.0,0.0,,0.0,0.0,0.0,0.0,0.0,0.0,,,,,,,,,,,,,,,,,,,,,,
2023,2021013095,2023-06-30,2103780.0,福永 裕基,68.0,打,4,1.0,0.0,1.0,1.0,0.0,0.0,0.0,0.0,0.0,0.0,0.0,,0.0,1.0,0.0,0.0,0.0,0.0,,,,,,,,,,,,,,,,,,,,,,
2023,2021013096,2023-06-30,600066.0,平野 佳寿,16.0,,11,,,,,,,,,,,,,,,,,,,2.0,1.0,0.0,1.0,1.0,1.56,1.0,1.0,,,11.0,0.0,0.0,0.0,0.0,,0.0,1.0,0.0,,3.0,10.0
2023,2021013096,2023-06-30,1100095.0,松本 剛,7.0,左,8,1.0,1.0,4.0,4.0,0.0,2.0,0.0,0.0,0.0,0.0,1.0,,0.0,0.0,0.0,0.0,0.0,0.0,,,,,,,,,,,,,,,,,,,,,,
2023,2021013096,2023-06-30,1160424.0,ゴンザレス,8.0,三,11,1.0,1.0,4.0,4.0,1.0,1.0,1.0,0.0,0.0,0.0,0.0,,0.0,1.0,0.0,0.0,0.0,0.0,,,,,,,,,,,,,,,,,,,,,,
2023,2021013096,2023-06-30,1200100.0,伏見 寅威,23.0,捕,8,1.0,1.0,2.0,2.0,0.0,1.0,0.0,0.0,0.0,0.0,0.0,,0.0,0.0,0.0,0.0,0.0,0.0,,,,,,,,,,,,,,,,,,,,,,
2023,2021013096,2023-06-30,1251037.0,上川畑 大悟,4.0,遊,8,1.0,1.0,3.0,3.0,0.0,1.0,0.0,0.0,0.0,0.0,0.0,,0.0,0.0,0.0,0.0,0.0,0.0,,,,,,,,,,,,,,,,,,,,,,
2023,2021013096,2023-06-30,1300100.0,森 友哉,4.0,指,11,1.0,1.0,4.0,3.0,0.0,1.0,0.0,0.0,0.0,0.0,0.0,,0.0,0.0,1.0,0.0,0.0,0.0,,,,,,,,,,,,,,,,,,,,,,
2023,2021013096,2023-06-30,1300109.0,若月 健矢,2.0,捕,11,1.0,1.0,4.0,3.0,1.0,1.0,0.0,0.0,0.0,0.0,0.0,,0.0,0.0,0.0,1.0,0.0,0.0,,,,,,,,,,,,,,,,,,,,,,
2023,2021013096,2023-06-30,1400119.0,淺間 大基,8.0,中,8,1.0,1.0,4.0,4.0,0.0,1.0,0.0,1.0,0.0,1.0,0.0,,0.0,2.0,0.0,0.0,0.0,0.0,,,,,,,,,,,,,,,,,,,,,,
2023,2021013096,2023-06-30,1400196.0,宗 佑磨,6.0,三,11,1.0,0.0,0.0,0.0,0.0,0.0,0.0,0.0,0.0,0.0,0.0,,0.0,0.0,0.0,0.0,0.0,0.0,,,,,,,,,,,,,,,,,,,,,,
2023,2021013096,2023-06-30,1400197.0,佐野 皓大,41.0,中,11,1.0,0.0,0.0,0.0,0.0,0.0,0.0,0.0,0.0,0.0,0.0,,0.0,0.0,0.0,0.0,0.0,0.0,,,,,,,,,,,,,,,,,,,,,,
2023,2021013096,2023-06-30,1400202.0,小田 裕也,50.0,走左,11,1.0,0.0,0.0,0.0,0.0,0.0,0.0,0.0,0.0,0.0,0.0,,0.0,0.0,0.0,0.0,0.0,0.0,,,,,,,,,,,,,,,,,,,,,,
2023,2021013096,2023-06-30,1460315.0,アルカンタラ,6.0,打二,8,1.0,0.0,1.0,1.0,0.0,0.0,0.0,0.0,0.0,0.0,0.0,,0.0,1.0,0.0,0.0,0.0,0.0,,,,,,,,,,,,,,,,,,,,,,
2023,2021013096,2023-06-30,1500041.0,廣岡 大志,30.0,右,11,1.0,1.0,4.0,3.0,1.0,0.0,0.0,0.0,0.0,0.0,0.0,,1.0,0.0,0.0,0.0,0.0,0.0,,,,,,,,,,,,,,,,,,,,,,
2023,2021013096,2023-06-30,1500110.0,加藤 貴之,14.0,,8,,,,,,,,,,,,,,,,,,,1.0,1.0,,5.0,6.0,2.53,5.0,5.0,,,0.0,8.0,5.0,5.0,1.0,,1.0,1.0,0.0,,24.0,72.0
2023,2021013096,2023-06-30,1500128.0,大城 滉二,10.0,二,11,1.0,1.0,5.0,4.0,1.0,1.0,0.0,0.0,1.0,2.0,0.0,,1.0,1.0,0.0,0.0,0.0,1.0,,,,,,,,,,,,,,,,,,,,,,
2023,2021013096,2023-06-30,1500135.0,杉本 裕太郎,99.0,左,11,1.0,1.0,4.0,4.0,0.0,1.0,0.0,0.0,0.0,0.0,0.0,,0.0,0.0,0.0,0.0,0.0,0.0,,,,,,,,,,,,,,,,,,,,,,
2023,2021013096,2023-06-30,1600134.0,石井 一成,38.0,二,8,1.0,1.0,3.0,2.0,0.0,0.0,0.0,0.0,0.0,0.0,0.0,,0.0,1.0,0.0,1.0,0.0,0.0,,,,,,,,,,,,,,,,,,,,,,
2023,2021013096,2023-06-30,1600138.0,郡 拓也,60.0,打一,8,1.0,0.0,2.0,2.0,0.0,0.0,0.0,0.0,0.0,0.0,0.0,,0.0,0.0,0.0,0.0,0.0,0.0,,,,,,,,,,,,,,,,,,,,,,
2023,2021013096,2023-06-30,1600153.0,山本 由伸,18.0,,11,,,,,,,,,,,,,,,,,,,1.0,1.0,,7.0,3.0,1.89,8.0,8.0,,,0.0,7.0,1.0,1.0,0.0,,0.0,7.0,0.0,,31.0,112.0
2023,2021013096,2023-06-30,1700025.0,清宮 幸太郎,21.0,三,8,1.0,1.0,4.0,4.0,0.0,0.0,0.0,0.0,0.0,0.0,0.0,,0.0,1.0,0.0,0.0,0.0,0.0,,,,,,,,,,,,,,,,,,,,,,
2023,2021013096,2023-06-30,1700106.0,山本 拓実,67.0,,8,,,,,,,,,,,,,,,,,,,3.0,1.0,0.0,0.0,0.0,0.0,1.0,1.0,,,0.0,1.0,0.0,0.0,0.0,,0.0,0.0,0.0,,3.0,9.0
2023,2021013096,2023-06-30,1800091.0,野村 佑希,5.0,一,8,1.0,1.0,2.0,2.0,0.0,0.0,0.0,0.0,0.0,0.0,0.0,,0.0,2.0,0.0,0.0,0.0,0.0,,,,,,,,,,,,,,,,,,,,,,
2023,2021013096,2023-06-30,1800092.0,生田目 翼,13.0,,8,,,,,,,,,,,,,,,,,,,2.0,1.0,0.0,0.0,1.0,0.0,2.0,2.0,,,0.0,0.0,0.0,0.0,0.0,,1.0,2.0,1.0,,8.0,32.0
2023,2021013096,2023-06-30,1800093.0,万波 中正,66.0,右,8,1.0,1.0,4.0,4.0,0.0,0.0,0.0,0.0,0.0,0.0,0.0,,0.0,1.0,0.0,0.0,0.0,0.0,,,,,,,,,,,,,,,,,,,,,,
2023,2021013096,2023-06-30,1800096.0,福田 俊,40.0,,8,,,,,,,,,,,,,,,,,,,4.0,1.0,0.0,0.0,0.0,0.0,1.0,1.0,,,0.0,0.0,0.0,0.0,0.0,,0.0,1.0,0.0,,3.0,12.0
2023,2021013096,2023-06-30,1800099.0,頓宮 裕真,44.0,一,11,1.0,1.0,4.0,4.0,0.0,1.0,0.0,0.0,0.0,0.0,0.0,,0.0,1.0,0.0,0.0,0.0,0.0,,,,,,,,,,,,,,,,,,,,,,
2023,2021013096,2023-06-30,1800104.0,中川 圭太,67.0,中,11,1.0,1.0,5.0,5.0,1.0,2.0,1.0,0.0,0.0,3.0,0.0,,0.0,1.0,0.0,0.0,0.0,0.0,,,,,,,,,,,,,,,,,,,,,,
2023,2021013096,2023-06-30,1900040.0,郡司 裕也,30.0,指,8,1.0,1.0,4.0,4.0,0.0,1.0,0.0,0.0,0.0,0.0,0.0,,0.0,0.0,0.0,0.0,0.0,0.0,,,,,,,,,,,,,,,,,,,,,,
2023,2021013096,2023-06-30,1900075.0,梅林 優貴,65.0,捕,8,1.0,0.0,0.0,0.0,0.0,0.0,0.0,0.0,0.0,0.0,0.0,,0.0,0.0,0.0,0.0,0.0,0.0,,,,,,,,,,,,,,,,,,,,,,
2023,2021013096,2023-06-30,1900088.0,紅林 弘太郎,24.0,遊,11,1.0,1.0,4.0,4.0,0.0,1.0,0.0,0.0,0.0,0.0,0.0,,0.0,0.0,0.0,0.0,0.0,0.0,,,,,,,,,,,,,,,,,,,,,,
2023,2021013096,2023-06-30,2000082.0,細川 凌平,56.0,打,8,1.0,0.0,1.0,1.0,1.0,1.0,0.0,0.0,0.0,0.0,0.0,,0.0,0.0,0.0,0.0,0.0,0.0,,,,,,,,,,,,,,,,,,,,,,
2023,2021013097,2023-06-30,12101.0,中村 剛也,60.0,指,7,1.0,1.0,3.0,2.0,0.0,0.0,0.0,0.0,0.0,0.0,0.0,,1.0,0.0,0.0,0.0,0.0,0.0,,,,,,,,,,,,,,,,,,,,,,
2023,2021013097,2023-06-30,800081.0,中村 晃,7.0,一,12,1.0,1.0,5.0,3.0,0.0,0.0,0.0,0.0,0.0,0.0,0.0,,0.0,2.0,1.0,1.0,0.0,0.0,,,,,,,,,,,,,,,,,,,,,,
2023,2021013097,2023-06-30,1000035.0,今宮 健太,6.0,遊,12,1.0,1.0,4.0,3.0,0.0,0.0,0.0,0.0,0.0,0.0,0.0,,0.0,1.0,0.0,1.0,0.0,0.0,,,,,,,,,,,,,,,,,,,,,,
2023,2021013097,2023-06-30,1000128.0,柳田 悠岐,9.0,指,12,1.0,1.0,4.0,3.0,0.0,2.0,0.0,0.0,0.0,0.0,0.0,,0.0,1.0,1.0,0.0,0.0,0.0,,,,,,,,,,,,,,,,,,,,,,
2023,2021013097,2023-06-30,1000175.0,牧原 大成,8.0,中,12,1.0,1.0,5.0,5.0,1.0,2.0,0.0,0.0,0.0,0.0,0.0,,0.0,1.0,0.0,0.0,0.0,0.0,,,,,,,,,,,,,,,,,,,,,,
2023,2021013097,2023-06-30,1000176.0,甲斐 拓也,19.0,捕,12,1.0,1.0,4.0,3.0,0.0,1.0,0.0,0.0,0.0,0.0,0.0,,1.0,1.0,0.0,0.0,0.0,0.0,,,,,,,,,,,,,,,,,,,,,,
2023,2021013097,2023-06-30,1100097.0,近藤 健介,3.0,左,12,1.0,1.0,5.0,3.0,2.0,1.0,1.0,0.0,0.0,0.0,0.0,,2.0,0.0,0.0,0.0,0.0,0.0,,,,,,,,,,,,,,,,,,,,,,
2023,2021013097,2023-06-30,1300079.0,上林 誠知,51.0,右,12,1.0,0.0,0.0,0.0,0.0,0.0,0.0,0.0,0.0,0.0,0.0,,0.0,0.0,0.0,0.0,0.0,0.0,,,,,,,,,,,,,,,,,,,,,,
2023,2021013097,2023-06-30,1400117.0,有原 航平,17.0,,12,,,,,,,,,,,,,,,,,,,1.0,1.0,,3.0,0.0,0.94,8.0,8.0,,,0.0,2.0,1.0,1.0,1.0,,3.0,6.0,0.0,,28.0,107.0
2023,2021013097,2023-06-30,1400127.0,栗原 陵矢,24.0,三,12,1.0,1.0,4.0,4.0,0.0,0.0,0.0,0.0,0.0,0.0,0.0,,0.0,1.0,0.0,0.0,0.0,0.0,,,,,,,,,,,,,,,,,,,,,,
2023,2021013097,2023-06-30,1400184.0,外崎 修汰,5.0,二,7,1.0,1.0,4.0,4.0,0.0,0.0,0.0,0.0,0.0,0.0,0.0,,0.0,1.0,0.0,0.0,0.0,2.0,,,,,,,,,,,,,,,,,,,,,,
2023,2021013097,2023-06-30,1500112.0,平沼 翔太,31.0,打,7,1.0,0.0,1.0,1.0,0.0,0.0,0.0,0.0,0.0,0.0,0.0,,0.0,0.0,0.0,0.0,0.0,0.0,,,,,,,,,,,,,,,,,,,,,,
2023,2021013097,2023-06-30,1500143.0,川瀬 晃,0.0,三,12,1.0,0.0,0.0,0.0,0.0,0.0,0.0,0.0,0.0,0.0,0.0,,0.0,0.0,0.0,0.0,0.0,0.0,,,,,,,,,,,,,,,,,,,,,,
2023,2021013097,2023-06-30,1600129.0,源田 壮亮,6.0,遊,7,1.0,1.0,4.0,4.0,0.0,1.0,0.0,0.0,0.0,0.0,0.0,,0.0,1.0,0.0,0.0,0.0,0.0,,,,,,,,,,,,,,,,,,,,,,
2023,2021013097,2023-06-30,1600130.0,鈴木 将平,46.0,左,7,1.0,1.0,4.0,3.0,0.0,0.0,0.0,0.0,0.0,0.0,0.0,,1.0,0.0,0.0,0.0,0.0,0.0,,,,,,,,,,,,,,,,,,,,,,
2023,2021013097,2023-06-30,1600167.0,三森 大貴,13.0,二,12,1.0,1.0,4.0,4.0,0.0,2.0,0.0,0.0,0.0,0.0,0.0,,0.0,0.0,0.0,0.0,0.0,0.0,,,,,,,,,,,,,,,,,,,,,,
2023,2021013097,2023-06-30,1660539.0,ボー・タカハシ,42.0,,7,,,,,,,,,,,,,,,,,,,4.0,1.0,0.0,0.0,0.0,2.65,1.0,1.0,,,0.0,1.0,0.0,0.0,0.0,,1.0,0.0,0.0,,4.0,18.0
2023,2021013097,2023-06-30,1700011.0,モイネロ,35.0,,12,,,,,,,,,,,,,,,,,,,2.0,1.0,0.0,3.0,0.0,1.01,1.0,1.0,,,5.0,0.0,0.0,0.0,0.0,,0.0,1.0,0.0,,3.0,10.0
2023,2021013097,2023-06-30,1750472.0,古賀 悠斗,22.0,捕,7,1.0,0.0,0.0,0.0,0.0,0.0,0.0,0.0,0.0,0.0,0.0,,0.0,0.0,0.0,0.0,0.0,0.0,,,,,,,,,,,,,,,,,,,,,,
2023,2021013097,2023-06-30,1800080.0,松本 航,17.0,,7,,,,,,,,,,,,,,,,,,,1.0,1.0,,3.0,6.0,3.77,6.0,6.0,,,0.0,6.0,2.0,2.0,0.0,,2.0,5.0,2.0,,27.0,102.0
2023,2021013097,2023-06-30,1850820.0,蛭間 拓哉,9.0,右,7,1.0,1.0,3.0,3.0,0.0,0.0,0.0,0.0,0.0,0.0,0.0,,0.0,1.0,0.0,0.0,0.0,0.0,,,,,,,,,,,,,,,,,,,,,,
2023,2021013097,2023-06-30,1900068.0,岸 潤一郎,68.0,中,7,1.0,1.0,3.0,3.0,0.0,0.0,0.0,0.0,0.0,0.0,0.0,,0.0,2.0,0.0,0.0,0.0,0.0,,,,,,,,,,,,,,,,,,,,,,
2023,2021013097,2023-06-30,1900104.0,柳町 達,32.0,右,12,1.0,1.0,4.0,4.0,0.0,1.0,0.0,0.0,0.0,2.0,0.0,,0.0,0.0,0.0,0.0,0.0,0.0,,,,,,,,,,,,,,,,,,,,,,
2023,2021013097,2023-06-30,2000067.0,渡部 健人,8.0,一,7,1.0,1.0,4.0,3.0,0.0,0.0,0.0,0.0,0.0,0.0,0.0,,1.0,1.0,0.0,0.0,0.0,0.0,,,,,,,,,,,,,,,,,,,,,,
2023,2021013097,2023-06-30,2103714.0,佐藤 隼輔,19.0,,7,,,,,,,,,,,,,,,,,,,2.0,1.0,0.0,1.0,1.0,2.55,1.0,1.0,,,0.0,2.0,1.0,0.0,0.0,,0.0,2.0,0.0,,5.0,18.0
2023,2021013097,2023-06-30,2103949.0,古市 尊,65.0,捕,7,1.0,1.0,2.0,2.0,0.0,0.0,0.0,0.0,0.0,0.0,0.0,,0.0,1.0,0.0,0.0,0.0,0.0,,,,,,,,,,,,,,,,,,,,,,
2023,2021013097,2023-06-30,2106286.0,青山 美夏人,29.0,,7,,,,,,,,,,,,,,,,,,,3.0,1.0,0.0,0.0,0.0,3.38,1.0,1.0,,,2.0,0.0,0.0,0.0,0.0,,0.0,0.0,0.0,,3.0,9.0
2023,2021013097,2023-06-30,2108196.0,マキノン,30.0,三,7,1.0,1.0,3.0,3.0,1.0,1.0,0.0,0.0,1.0,1.0,0.0,,0.0,0.0,0.0,0.0,0.0,0.0,,,,,,,,,,,,,,,,,,,,,,
2023,2021013098,2023-06-30,700087.0,角中 勝也,3.0,右,9,1.0,1.0,4.0,4.0,1.0,1.0,1.0,0.0,0.0,1.0,0.0,,0.0,2.0,0.0,0.0,0.0,0.0,,,,,,,,,,,,,,,,,,,,,,
2023,2021013098,2023-06-30,900056.0,浅村 栄斗,3.0,指,376,1.0,1.0,4.0,4.0,0.0,0.0,0.0,0.0,0.0,0.0,0.0,,0.0,0.0,0.0,0.0,0.0,0.0,,,,,,,,,,,,,,,,,,,,,,
2023,2021013098,2023-06-30,1000155.0,美馬 学,15.0,,9,,,,,,,,,,,,,,,,,,,1.0,1.0,,0.0,4.0,5.4,6.0,6.0,,,0.0,7.0,4.0,4.0,1.0,,2.0,1.0,1.0,,27.0,104.0
2023,2021013098,2023-06-30,1100103.0,鈴木 大地,7.0,一,376,1.0,1.0,4.0,3.0,2.0,1.0,0.0,0.0,0.0,0.0,0.0,,1.0,0.0,0.0,0.0,0.0,0.0,,,,,,,,,,,,,,,,,,,,,,
2023,2021013098,2023-06-30,1100132.0,島内 宏明,35.0,左,376,1.0,1.0,4.0,3.0,1.0,1.0,0.0,0.0,1.0,1.0,0.0,,1.0,0.0,0.0,0.0,0.0,0.0,,,,,,,,,,,,,,,,,,,,,,
2023,2021013098,2023-06-30,1200096.0,田村 龍弘,27.0,捕,9,1.0,1.0,2.0,2.0,0.0,0.0,0.0,0.0,0.0,0.0,0.0,,0.0,1.0,0.0,0.0,0.0,0.0,,,,,,,,,,,,,,,,,,,,,,
2023,2021013098,2023-06-30,1200117.0,則本 昂大,14.0,,376,,,,,,,,,,,,,,,,,,,1.0,1.0,,3.0,4.0,2.59,5.0,5.0,,,0.0,5.0,4.0,3.0,0.0,,6.0,2.0,0.0,,26.0,105.0
2023,2021013098,2023-06-30,1300054.0,井上 晴哉,44.0,一,9,1.0,1.0,3.0,2.0,0.0,0.0,0.0,0.0,0.0,0.0,0.0,,1.0,0.0,0.0,0.0,0.0,0.0,,,,,,,,,,,,,,,,,,,,,,
2023,2021013098,2023-06-30,1300084.0,松井 裕樹,1.0,,376,,,,,,,,,,,,,,,,,,,5.0,1.0,0.0,1.0,2.0,0.71,1.0,1.0,,,16.0,1.0,0.0,0.0,0.0,,0.0,1.0,0.0,,3.0,9.0
2023,2021013098,2023-06-30,1400139.0,安樂 智大,20.0,,376,,,,,,,,,,,,,,,,,,,2.0,1.0,0.0,0.0,0.0,2.52,1.0,1.0,,,0.0,0.0,0.0,0.0,0.0,,0.0,1.0,0.0,,2.0,14.0
2023,2021013098,2023-06-30,1400188.0,中村 奨吾,8.0,二,9,1.0,1.0,4.0,3.0,0.0,1.0,0.0,0.0,0.0,0.0,0.0,,1.0,0.0,0.0,0.0,0.0,0.0,,,,,,,,,,,,,,,,,,,,,,
2023,2021013098,2023-06-30,1460080.0,ポランコ,22.0,指,9,1.0,1.0,4.0,3.0,0.0,2.0,0.0,0.0,0.0,1.0,0.0,,1.0,0.0,0.0,0.0,0.0,0.0,,,,,,,,,,,,,,,,,,,,,,
2023,2021013098,2023-06-30,1460250.0,フランコ,23.0,三,376,1.0,1.0,3.0,3.0,0.0,0.0,0.0,0.0,0.0,0.0,0.0,,0.0,0.0,0.0,0.0,0.0,0.0,,,,,,,,,,,,,,,,,,,,,,
2023,2021013098,2023-06-30,1600007.0,村林 一輝,66.0,遊三,376,1.0,1.0,5.0,4.0,0.0,1.0,1.0,0.0,0.0,0.0,0.0,,0.0,2.0,0.0,1.0,0.0,0.0,,,,,,,,,,,,,,,,,,,,,,
2023,2021013098,2023-06-30,1600094.0,田中 和基,25.0,左,376,1.0,0.0,0.0,0.0,0.0,0.0,0.0,0.0,0.0,0.0,0.0,,0.0,0.0,0.0,0.0,0.0,0.0,,,,,,,,,,,,,,,,,,,,,,
2023,2021013098,2023-06-30,1600142.0,酒居 知史,28.0,,376,,,,,,,,,,,,,,,,,,,3.0,1.0,0.0,1.0,2.0,2.79,1.0,1.0,,,1.0,1.0,0.0,0.0,0.0,,0.0,1.0,0.0,,4.0,15.0
2023,2021013098,2023-06-30,1660014.0,ペルドモ,55.0,,9,,,,,,,,,,,,,,,,,,,3.0,1.0,0.0,0.0,1.0,1.86,1.0,1.0,,,1.0,1.0,1.0,1.0,1.0,,0.0,2.0,0.0,,4.0,15.0
2023,2021013098,2023-06-30,1700026.0,西村 天裕,40.0,,9,,,,,,,,,,,,,,,,,,,2.0,1.0,0.0,0.0,0.0,0.72,1.0,1.0,,,0.0,1.0,0.0,0.0,0.0,,0.0,1.0,0.0,,4.0,19.0
2023,2021013098,2023-06-30,1700034.0,山崎 剛,34.0,遊,376,1.0,0.0,1.0,1.0,0.0,0.0,0.0,0.0,0.0,0.0,0.0,,0.0,1.0,0.0,0.0,0.0,0.0,,,,,,,,,,,,,,,,,,,,,,
2023,2021013098,2023-06-30,1700092.0,安田 尚憲,5.0,打三,9,1.0,0.0,2.0,2.0,0.0,1.0,0.0,0.0,0.0,2.0,0.0,,0.0,1.0,0.0,0.0,0.0,0.0,,,,,,,,,,,,,,,,,,,,,,
2023,2021013098,2023-06-30,1800050.0,藤原 恭大,1.0,中,9,1.0,1.0,4.0,4.0,0.0,1.0,0.0,0.0,0.0,0.0,0.0,,0.0,0.0,0.0,0.0,0.0,0.0,,,,,,,,,,,,,,,,,,,,,,
2023,2021013098,2023-06-30,1800053.0,山口 航輝,51.0,左,9,1.0,1.0,4.0,2.0,1.0,0.0,0.0,0.0,0.0,0.0,0.0,,2.0,1.0,0.0,0.0,0.0,0.0,,,,,,,,,,,,,,,,,,,,,,
2023,2021013098,2023-06-30,1800117.0,辰己 涼介,8.0,中,376,1.0,1.0,5.0,5.0,0.0,0.0,0.0,0.0,0.0,0.0,0.0,,0.0,1.0,0.0,0.0,0.0,1.0,,,,,,,,,,,,,,,,,,,,,,
2023,2021013098,2023-06-30,1800118.0,太田 光,2.0,捕,376,1.0,1.0,4.0,2.0,0.0,1.0,1.0,0.0,0.0,2.0,0.0,,1.0,0.0,1.0,0.0,0.0,0.0,,,,,,,,,,,,,,,,,,,,,,
2023,2021013098,2023-06-30,1800123.0,小郷 裕哉,51.0,右,376,1.0,1.0,5.0,5.0,0.0,3.0,1.0,0.0,0.0,0.0,0.0,,0.0,0.0,0.0,0.0,0.0,0.0,,,,,,,,,,,,,,,,,,,,,,
2023,2021013098,2023-06-30,1800124.0,鈴木 翔天,56.0,,376,,,,,,,,,,,,,,,,,,,4.0,1.0,0.0,1.0,0.0,3.68,1.0,1.0,,,0.0,0.0,0.0,0.0,0.0,,0.0,3.0,0.0,,3.0,13.0
2023,2021013098,2023-06-30,1900081.0,佐藤 都志也,32.0,捕,9,1.0,0.0,1.0,1.0,0.0,0.0,0.0,0.0,0.0,0.0,0.0,,0.0,1.0,0.0,0.0,0.0,0.0,,,,,,,,,,,,,,,,,,,,,,
2023,2021013098,2023-06-30,1900083.0,横山 陸人,60.0,,9,,,,,,,,,,,,,,,,,,,4.0,1.0,0.0,0.0,0.0,3.0,1.0,1.0,,,0.0,0.0,0.0,0.0,0.0,,1.0,1.0,0.0,,4.0,19.0
2023,2021013098,2023-06-30,1900112.0,小深田 大翔,0.0,二,376,1.0,1.0,4.0,4.0,2.0,2.0,0.0,0.0,1.0,2.0,0.0,,0.0,1.0,0.0,0.0,0.0,0.0,,,,,,,,,,,,,,,,,,,,,,
2023,2021013098,2023-06-30,2000089.0,小川 龍成,57.0,走,9,1.0,0.0,0.0,0.0,1.0,0.0,0.0,0.0,0.0,0.0,0.0,,0.0,0.0,0.0,0.0,0.0,0.0,,,,,,,,,,,,,,,,,,,,,,
2023,2021013098,2023-06-30,2103693.0,池田 来翔,0.0,三一,9,1.0,1.0,5.0,4.0,1.0,1.0,0.0,0.0,0.0,0.0,0.0,,1.0,1.0,0.0,0.0,0.0,0.0,,,,,,,,,,,,,,,,,,,,,,
2023,2021013098,2023-06-30,2106798.0,友杉 篤輝,10.0,遊,9,1.0,1.0,5.0,4.0,0.0,0.0,0.0,0.0,0.0,0.0,0.0,,0.0,1.0,0.0,1.0,0.0,0.0,,,,,,,,,,,,,,,,,,,,,,
2023,2021015055,2023-06-05,600003.0,大和,9.0,打,3,1.0,0.0,1.0,1.0,0.0,0.0,0.0,0.0,0.0,0.0,0.0,,0.0,0.0,0.0,0.0,0.0,0.0,,,,,,,,,,,,,,,,,,,,,,
2023,2021015055,2023-06-05,800075.0,伊藤 光,29.0,捕,3,1.0,1.0,2.0,2.0,0.0,0.0,0.0,0.0,0.0,0.0,0.0,,0.0,0.0,0.0,0.0,0.0,0.0,,,,,,,,,,,,,,,,,,,,,,
2023,2021015055,2023-06-05,900011.0,大田 泰示,0.0,打,3,1.0,0.0,1.0,1.0,0.0,0.0,0.0,0.0,0.0,0.0,0.0,,0.0,1.0,0.0,0.0,0.0,0.0,,,,,,,,,,,,,,,,,,,,,,
2023,2021015055,2023-06-05,1100061.0,桑原 将志,1.0,中,3,1.0,1.0,4.0,3.0,0.0,0.0,0.0,0.0,0.0,0.0,0.0,,1.0,1.0,0.0,0.0,0.0,0.0,,,,,,,,,,,,,,,,,,,,,,
2023,2021015055,2023-06-05,1200053.0,宮崎 敏郎,51.0,三,3,1.0,1.0,4.0,4.0,0.0,3.0,1.0,0.0,0.0,2.0,0.0,,0.0,0.0,0.0,0.0,0.0,0.0,,,,,,,,,,,,,,,,,,,,,,
2023,2021015055,2023-06-05,1200082.0,増田 達至,14.0,投,7,1.0,0.0,0.0,0.0,0.0,0.0,0.0,0.0,0.0,0.0,0.0,,0.0,0.0,0.0,0.0,0.0,0.0,5.0,1.0,0.0,1.0,1.0,6.32,1.0,1.0,,,8.0,2.0,2.0,2.0,0.0,,0.0,2.0,0.0,,5.0,12.0
2023,2021015055,2023-06-05,1300031.0,平良 拳太郎,59.0,投,3,1.0,1.0,0.0,0.0,0.0,0.0,0.0,0.0,0.0,0.0,0.0,,0.0,0.0,0.0,0.0,0.0,0.0,1.0,1.0,,3.0,2.0,4.45,3.0,3.0,,,0.0,8.0,4.0,4.0,0.0,,1.0,3.0,0.0,,17.0,77.0
2023,2021015055,2023-06-05,1300038.0,関根 大気,63.0,右,3,1.0,1.0,5.0,4.0,1.0,1.0,1.0,0.0,0.0,0.0,0.0,,1.0,2.0,0.0,0.0,0.0,0.0,,,,,,,,,,,,,,,,,,,,,,
2023,2021015055,2023-06-05,1400184.0,外崎 修汰,5.0,二,7,1.0,1.0,5.0,5.0,1.0,1.0,1.0,0.0,0.0,0.0,0.0,,0.0,0.0,0.0,0.0,0.0,0.0,,,,,,,,,,,,,,,,,,,,,,
2023,2021015055,2023-06-05,1500064.0,戸柱 恭孝,10.0,打捕,3,1.0,0.0,2.0,2.0,1.0,1.0,0.0,1.0,0.0,1.0,0.0,,0.0,0.0,0.0,0.0,0.0,0.0,,,,,,,,,,,,,,,,,,,,,,
2023,2021015055,2023-06-05,1500100.0,川越 誠司,72.0,右,7,1.0,1.0,4.0,3.0,0.0,0.0,0.0,0.0,0.0,1.0,0.0,,1.0,1.0,0.0,0.0,0.0,0.0,,,,,,,,,,,,,,,,,,,,,,
2023,2021015055,2023-06-05,1500102.0,愛斗,53.0,打,7,1.0,0.0,1.0,1.0,0.0,0.0,0.0,0.0,0.0,0.0,0.0,,0.0,0.0,0.0,0.0,0.0,0.0,,,,,,,,,,,,,,,,,,,,,,
2023,2021015055,2023-06-05,1600089.0,佐野 恵太,7.0,左,3,1.0,1.0,5.0,4.0,1.0,2.0,1.0,0.0,0.0,1.0,0.0,,1.0,0.0,0.0,0.0,0.0,0.0,,,,,,,,,,,,,,,,,,,,,,
2023,2021015055,2023-06-05,1600107.0,京田 陽太,98.0,遊,3,1.0,1.0,3.0,3.0,0.0,0.0,0.0,0.0,0.0,0.0,0.0,,0.0,2.0,0.0,0.0,0.0,0.0,,,,,,,,,,,,,,,,,,,,,,
2023,2021015055,2023-06-05,1600129.0,源田 壮亮,6.0,遊,7,1.0,1.0,5.0,5.0,1.0,1.0,0.0,0.0,0.0,0.0,0.0,,0.0,2.0,0.0,0.0,0.0,0.0,,,,,,,,,,,,,,,,,,,,,,
2023,2021015055,2023-06-05,1600130.0,鈴木 将平,46.0,左,7,1.0,1.0,5.0,4.0,1.0,2.0,1.0,0.0,0.0,1.0,0.0,,1.0,1.0,0.0,0.0,0.0,0.0,,,,,,,,,,,,,,,,,,,,,,
2023,2021015055,2023-06-05,1600131.0,平井 克典,25.0,投,7,1.0,0.0,0.0,0.0,0.0,0.0,0.0,0.0,0.0,0.0,0.0,,0.0,0.0,0.0,0.0,0.0,0.0,3.0,1.0,0.0,2.0,1.0,1.33,1.0,1.0,,,0.0,1.0,0.0,0.0,0.0,,0.0,0.0,0.0,,4.0,9.0
2023,2021015055,2023-06-05,1700020.0,ソト,99.0,一,3,1.0,1.0,4.0,4.0,0.0,1.0,0.0,0.0,0.0,0.0,0.0,,0.0,1.0,0.0,0.0,0.0,0.0,,,,,,,,,,,,,,,,,,,,,,
2023,2021015055,2023-06-05,1700067.0,中川 虎大,64.0,投,3,1.0,0.0,0.0,0.0,0.0,0.0,0.0,0.0,0.0,0.0,0.0,,0.0,0.0,0.0,0.0,0.0,0.0,5.0,1.0,0.0,0.0,0.0,0.0,2.0,2.0,,,0.0,1.0,0.0,0.0,0.0,,0.0,2.0,0.0,,7.0,30.0
2023,2021015055,2023-06-05,1750472.0,古賀 悠斗,22.0,捕,7,1.0,1.0,4.0,3.0,0.0,2.0,0.0,0.0,0.0,0.0,0.0,,1.0,0.0,0.0,0.0,0.0,0.0,,,,,,,,,,,,,,,,,,,,,,
2023,2021015055,2023-06-05,1800043.0,上茶谷 大河,27.0,投,3,1.0,0.0,0.0,0.0,0.0,0.0,0.0,0.0,0.0,0.0,0.0,,0.0,0.0,0.0,0.0,0.0,0.0,3.0,1.0,0.0,1.0,0.0,0.77,2.0,2.0,,,0.0,0.0,0.0,0.0,0.0,,1.0,2.0,0.0,,6.0,22.0
2023,2021015055,2023-06-05,1800080.0,松本 航,17.0,投,7,1.0,1.0,3.0,3.0,0.0,0.0,0.0,0.0,0.0,0.0,0.0,,0.0,2.0,0.0,0.0,0.0,0.0,1.0,1.0,,3.0,4.0,3.8,5.0,5.0,,,0.0,5.0,2.0,2.0,0.0,,3.0,5.0,0.0,,22.0,91.0
2023,2021015055,2023-06-05,1800085.0,森脇 亮介,28.0,投,7,1.0,0.0,0.0,0.0,0.0,0.0,0.0,0.0,0.0,0.0,0.0,,0.0,0.0,0.0,0.0,0.0,0.0,2.0,1.0,0.0,1.0,1.0,2.4,1.0,1.0,,,2.0,0.0,0.0,0.0,0.0,,0.0,2.0,0.0,,3.0,13.0
2023,2021015055,2023-06-05,1800086.0,佐藤 龍世,58.0,三,7,1.0,0.0,0.0,0.0,0.0,0.0,0.0,0.0,0.0,0.0,0.0,,0.0,0.0,0.0,0.0,0.0,0.0,,,,,,,,,,,,,,,,,,,,,,
2023,2021015055,2023-06-05,1850208.0,林 琢真,0.0,打,3,1.0,0.0,1.0,1.0,0.0,0.0,0.0,0.0,0.0,0.0,0.0,,0.0,1.0,0.0,0.0,0.0,0.0,,,,,,,,,,,,,,,,,,,,,,
2023,2021015055,2023-06-05,1900126.0,オースティン,3.0,打,3,1.0,0.0,1.0,1.0,1.0,1.0,0.0,0.0,0.0,0.0,0.0,,0.0,0.0,0.0,0.0,0.0,0.0,,,,,,,,,,,,,,,,,,,,,,
2023,2021015055,2023-06-05,2000034.0,入江 大生,22.0,投,3,1.0,0.0,0.0,0.0,0.0,0.0,0.0,0.0,0.0,0.0,0.0,,0.0,0.0,0.0,0.0,0.0,0.0,4.0,1.0,0.0,1.0,0.0,2.7,1.0,1.0,,,0.0,0.0,0.0,0.0,0.0,,0.0,1.0,0.0,,3.0,9.0
2023,2021015055,2023-06-05,2000035.0,牧 秀悟,2.0,二,3,1.0,1.0,4.0,4.0,0.0,0.0,0.0,0.0,0.0,0.0,0.0,,0.0,0.0,0.0,0.0,0.0,0.0,,,,,,,,,,,,,,,,,,,,,,
2023,2021015055,2023-06-05,2000040.0,石川 達也,95.0,投,3,1.0,0.0,1.0,1.0,0.0,0.0,0.0,0.0,0.0,0.0,0.0,,0.0,1.0,0.0,0.0,0.0,0.0,2.0,1.0,0.0,0.0,0.0,2.25,1.0,1.0,,,0.0,2.0,2.0,2.0,0.0,,1.0,1.0,1.0,,7.0,35.0
2023,2021015055,2023-06-05,2000067.0,渡部 健人,8.0,一,7,1.0,1.0,4.0,3.0,1.0,1.0,1.0,0.0,0.0,1.0,1.0,,0.0,1.0,1.0,0.0,0.0,0.0,,,,,,,,,,,,,,,,,,,,,,
2023,2021015055,2023-06-05,2000070.0,若林 楽人,35.0,中,7,1.0,1.0,4.0,4.0,0.0,1.0,0.0,0.0,0.0,0.0,1.0,,0.0,1.0,0.0,0.0,0.0,0.0,,,,,,,,,,,,,,,,,,,,,,
2023,2021015055,2023-06-05,2103714.0,佐藤 隼輔,19.0,投,7,1.0,0.0,0.0,0.0,0.0,0.0,0.0,0.0,0.0,0.0,0.0,,0.0,0.0,0.0,0.0,0.0,0.0,4.0,1.0,0.0,1.0,1.0,1.89,1.0,1.0,,,0.0,1.0,0.0,0.0,0.0,,0.0,0.0,0.0,,4.0,14.0
2023,2021015055,2023-06-05,2108196.0,マキノン,30.0,三,7,1.0,1.0,5.0,5.0,2.0,3.0,0.0,0.0,0.0,1.0,0.0,,0.0,1.0,0.0,0.0,0.0,0.0,,,,,,,,,,,,,,,,,,,,,,
2023,2021015056,2023-06-05,700087.0,角中 勝也,3.0,打,9,1.0,0.0,1.0,1.0,0.0,0.0,0.0,0.0,0.0,0.0,0.0,,0.0,0.0,0.0,0.0,0.0,0.0,,,,,,,,,,,,,,,,,,,,,,
2023,2021015056,2023-06-05,1000164.0,島本 浩也,46.0,投,5,1.0,0.0,0.0,0.0,0.0,0.0,0.0,0.0,0.0,0.0,0.0,,0.0,0.0,0.0,0.0,0.0,0.0,2.0,1.0,0.0,1.0,0.0,0.0,1.3333333333333333,1.1,,,0.0,1.0,0.0,0.0,0.0,,0.0,1.0,0.0,,5.0,18.0
2023,2021015056,2023-06-05,1100104.0,益田 直也,52.0,投,9,1.0,0.0,0.0,0.0,0.0,0.0,0.0,0.0,0.0,0.0,0.0,,0.0,0.0,0.0,0.0,0.0,0.0,5.0,1.0,0.0,0.0,0.0,0.87,1.0,1.0,,,14.0,1.0,0.0,0.0,0.0,,1.0,0.0,0.0,,5.0,19.0
2023,2021015056,2023-06-05,1200096.0,田村 龍弘,27.0,捕,9,1.0,1.0,6.0,6.0,1.0,1.0,0.0,0.0,0.0,0.0,0.0,,0.0,2.0,0.0,0.0,0.0,0.0,,,,,,,,,,,,,,,,,,,,,,
2023,2021015056,2023-06-05,1300042.0,渡邉 諒,25.0,打,5,1.0,0.0,1.0,1.0,0.0,0.0,0.0,0.0,0.0,1.0,0.0,,0.0,0.0,0.0,0.0,0.0,0.0,,,,,,,,,,,,,,,,,,,,,,
2023,2021015056,2023-06-05,1300044.0,岡 大海,25.0,中左,9,1.0,1.0,7.0,6.0,1.0,2.0,0.0,0.0,0.0,1.0,2.0,,1.0,0.0,0.0,0.0,0.0,0.0,,,,,,,,,,,,,,,,,,,,,,
2023,2021015056,2023-06-05,1300073.0,梅野 隆太郎,2.0,捕,5,1.0,1.0,5.0,5.0,0.0,2.0,0.0,0.0,0.0,1.0,0.0,,0.0,3.0,0.0,0.0,0.0,0.0,,,,,,,,,,,,,,,,,,,,,,
2023,2021015056,2023-06-05,1300075.0,岩崎 優,13.0,投,5,1.0,0.0,0.0,0.0,0.0,0.0,0.0,0.0,0.0,0.0,0.0,,0.0,0.0,0.0,0.0,0.0,0.0,5.0,1.0,0.0,2.0,0.0,0.49,1.0,1.0,,,9.0,0.0,0.0,0.0,0.0,,0.0,1.0,0.0,,3.0,9.0
2023,2021015056,2023-06-05,1300076.0,加治屋 蓮,54.0,投,5,1.0,0.0,0.0,0.0,0.0,0.0,0.0,0.0,0.0,0.0,0.0,,0.0,0.0,0.0,0.0,0.0,0.0,6.0,1.0,0.0,0.0,0.0,0.0,1.0,1.0,,,1.0,0.0,0.0,0.0,0.0,,0.0,0.0,0.0,,4.0,15.0
2023,2021015056,2023-06-05,1400188.0,中村 奨吾,8.0,二,9,1.0,1.0,7.0,4.0,2.0,1.0,0.0,0.0,0.0,0.0,0.0,,3.0,1.0,0.0,0.0,0.0,0.0,,,,,,,,,,,,,,,,,,,,,,
2023,2021015056,2023-06-05,1400190.0,岩下 大輝,46.0,投,9,1.0,0.0,0.0,0.0,0.0,0.0,0.0,0.0,0.0,0.0,0.0,,0.0,0.0,0.0,0.0,0.0,0.0,2.0,1.0,0.0,1.0,0.0,0.0,1.0,1.0,,,0.0,1.0,0.0,0.0,0.0,,0.0,1.0,0.0,,4.0,14.0
2023,2021015056,2023-06-05,1460080.0,ポランコ,22.0,左,9,1.0,1.0,4.0,2.0,0.0,0.0,0.0,0.0,0.0,1.0,0.0,,2.0,0.0,0.0,0.0,0.0,0.0,,,,,,,,,,,,,,,,,,,,,,
2023,2021015056,2023-06-05,1500117.0,平沢 大河,13.0,右,9,1.0,0.0,0.0,0.0,0.0,0.0,0.0,0.0,0.0,0.0,0.0,,0.0,0.0,0.0,0.0,0.0,0.0,,,,,,,,,,,,,,,,,,,,,,
2023,2021015056,2023-06-05,1500141.0,茶谷 健太,67.0,一,9,1.0,1.0,6.0,5.0,1.0,1.0,0.0,0.0,0.0,0.0,0.0,,1.0,0.0,0.0,0.0,0.0,0.0,,,,,,,,,,,,,,,,,,,,,,
2023,2021015056,2023-06-05,1600113.0,大山 悠輔,3.0,一,5,1.0,1.0,6.0,6.0,1.0,2.0,1.0,0.0,1.0,3.0,0.0,,0.0,3.0,0.0,0.0,0.0,0.0,,,,,,,,,,,,,,,,,,,,,,
2023,2021015056,2023-06-05,1600116.0,浜地 真澄,36.0,投,5,1.0,0.0,0.0,0.0,0.0,0.0,0.0,0.0,0.0,0.0,0.0,,0.0,0.0,0.0,0.0,0.0,0.0,3.0,1.0,0.0,2.0,1.0,8.78,0.3333333333333333,0.1,,,0.0,2.0,3.0,3.0,1.0,,1.0,0.0,0.0,,4.0,26.0
2023,2021015056,2023-06-05,1660014.0,ペルドモ,55.0,投,9,1.0,0.0,0.0,0.0,0.0,0.0,0.0,0.0,0.0,0.0,0.0,,0.0,0.0,0.0,0.0,0.0,0.0,4.0,1.0,0.0,0.0,0.0,1.99,1.0,1.0,,,1.0,2.0,1.0,1.0,0.0,,0.0,1.0,0.0,,5.0,14.0
2023,2021015056,2023-06-05,1700026.0,西村 天裕,40.0,投,9,1.0,0.0,0.0,0.0,0.0,0.0,0.0,0.0,0.0,0.0,0.0,,0.0,0.0,0.0,0.0,0.0,0.0,3.0,1.0,0.0,0.0,0.0,0.0,1.0,1.0,,,0.0,1.0,0.0,0.0,0.0,,0.0,1.0,0.0,,4.0,14.0
2023,2021015056,2023-06-05,1700080.0,島田 海吏,53.0,打右,5,1.0,0.0,3.0,3.0,1.0,1.0,0.0,0.0,0.0,0.0,0.0,,0.0,0.0,0.0,0.0,0.0,0.0,,,,,,,,,,,,,,,,,,,,,,
2023,2021015056,2023-06-05,1700092.0,安田 尚憲,5.0,三,9,1.0,1.0,6.0,5.0,0.0,1.0,0.0,0.0,0.0,0.0,0.0,,1.0,3.0,0.0,0.0,0.0,0.0,,,,,,,,,,,,,,,,,,,,,,
2023,2021015056,2023-06-05,1700098.0,和田 康士朗,63.0,中,9,1.0,0.0,2.0,2.0,0.0,0.0,0.0,0.0,0.0,0.0,0.0,,0.0,1.0,0.0,0.0,0.0,0.0,,,,,,,,,,,,,,,,,,,,,,
2023,2021015056,2023-06-05,1800037.0,坂本 光士郎,36.0,投,9,1.0,0.0,0.0,0.0,0.0,0.0,0.0,0.0,0.0,0.0,0.0,,0.0,0.0,0.0,0.0,0.0,0.0,7.0,1.0,0.0,0.0,0.0,2.04,1.0,1.0,,,0.0,0.0,0.0,0.0,0.0,,0.0,3.0,0.0,,3.0,15.0
2023,2021015056,2023-06-05,1800051.0,東妻 勇輔,24.0,投,9,1.0,0.0,0.0,0.0,0.0,0.0,0.0,0.0,0.0,0.0,0.0,,0.0,0.0,0.0,0.0,0.0,0.0,6.0,1.0,0.0,0.0,1.0,1.69,1.0,1.0,,,0.0,0.0,0.0,0.0,0.0,,0.0,3.0,0.0,,3.0,13.0
2023,2021015056,2023-06-05,1800052.0,小島 和哉,14.0,投,9,1.0,1.0,2.0,2.0,0.0,0.0,0.0,0.0,0.0,0.0,0.0,,0.0,2.0,0.0,0.0,0.0,0.0,1.0,1.0,,5.0,1.0,2.5,5.0,5.0,,,0.0,8.0,6.0,5.0,1.0,,1.0,5.0,0.0,,24.0,103.0
2023,2021015056,2023-06-05,1800053.0,山口 航輝,51.0,右,9,1.0,1.0,6.0,5.0,1.0,2.0,0.0,0.0,1.0,5.0,0.0,,1.0,0.0,0.0,0.0,0.0,0.0,,,,,,,,,,,,,,,,,,,,,,
2023,2021015056,2023-06-05,1800065.0,近本 光司,5.0,中,5,1.0,1.0,6.0,6.0,3.0,2.0,1.0,0.0,0.0,0.0,0.0,,0.0,1.0,0.0,0.0,0.0,0.0,,,,,,,,,,,,,,,,,,,,,,
2023,2021015056,2023-06-05,1800067.0,木浪 聖也,0.0,遊,5,1.0,1.0,5.0,4.0,0.0,1.0,1.0,0.0,0.0,0.0,0.0,,0.0,2.0,0.0,1.0,0.0,0.0,,,,,,,,,,,,,,,,,,,,,,
2023,2021015056,2023-06-05,1800070.0,湯浅 京己,65.0,投,5,1.0,0.0,0.0,0.0,0.0,0.0,0.0,0.0,0.0,0.0,0.0,,0.0,0.0,0.0,0.0,0.0,0.0,8.0,1.0,0.0,0.0,0.0,1.5,1.0,1.0,,,7.0,2.0,0.0,0.0,0.0,,0.0,2.0,0.0,,5.0,20.0
2023,2021015056,2023-06-05,1850183.0,森下 翔太,1.0,右,5,1.0,1.0,3.0,3.0,0.0,0.0,0.0,0.0,0.0,0.0,0.0,,0.0,0.0,0.0,0.0,0.0,0.0,,,,,,,,,,,,,,,,,,,,,,
2023,2021015056,2023-06-05,1900044.0,西 純矢,15.0,投,5,1.0,0.0,0.0,0.0,0.0,0.0,0.0,0.0,0.0,0.0,0.0,,0.0,0.0,0.0,0.0,0.0,0.0,4.0,1.0,0.0,2.0,2.0,5.4,1.6666666666666663,1.2,,,0.0,0.0,0.0,0.0,0.0,,3.0,3.0,0.0,,8.0,36.0
2023,2021015056,2023-06-05,1900081.0,佐藤 都志也,32.0,打,9,1.0,0.0,1.0,1.0,0.0,0.0,0.0,0.0,0.0,0.0,0.0,,0.0,1.0,0.0,0.0,0.0,0.0,,,,,,,,,,,,,,,,,,,,,,
2023,2021015056,2023-06-05,1900083.0,横山 陸人,60.0,投,9,1.0,0.0,0.0,0.0,0.0,0.0,0.0,0.0,0.0,0.0,0.0,,0.0,0.0,0.0,0.0,0.0,0.0,8.0,1.0,0.0,0.0,0.0,7.2,1.0,1.0,,,0.0,0.0,0.0,0.0,0.0,,0.0,2.0,0.0,,3.0,15.0
2023,2021015056,2023-06-05,1900097.0,大下 誠一郎,39.0,打,9,1.0,0.0,1.0,1.0,0.0,1.0,0.0,0.0,0.0,0.0,0.0,,0.0,0.0,0.0,0.0,0.0,0.0,,,,,,,,,,,,,,,,,,,,,,
2023,2021015056,2023-06-05,1950996.0,前川 右京,58.0,打,5,1.0,0.0,1.0,1.0,0.0,0.0,0.0,0.0,0.0,0.0,0.0,,0.0,1.0,0.0,0.0,0.0,0.0,,,,,,,,,,,,,,,,,,,,,,
2023,2021015056,2023-06-05,1961194.0,K.ケラー,42.0,投,5,1.0,0.0,0.0,0.0,0.0,0.0,0.0,0.0,0.0,0.0,0.0,,0.0,0.0,0.0,0.0,0.0,0.0,7.0,1.0,0.0,1.0,0.0,2.13,1.0,1.0,,,0.0,1.0,0.0,0.0,0.0,,1.0,1.0,0.0,,5.0,23.0
2023,2021015056,2023-06-05,1961251.0,ミエセス,55.0,打,5,1.0,0.0,1.0,1.0,0.0,0.0,0.0,0.0,0.0,0.0,0.0,,0.0,1.0,0.0,0.0,0.0,0.0,,,,,,,,,,,,,,,,,,,,,,
2023,2021015056,2023-06-05,1961285.0,ノイジー,7.0,左,5,1.0,1.0,6.0,5.0,1.0,1.0,0.0,0.0,0.0,1.0,0.0,,1.0,1.0,0.0,0.0,0.0,0.0,,,,,,,,,,,,,,,,,,,,,,
2023,2021015056,2023-06-05,2000051.0,佐藤 輝明,8.0,三,5,1.0,1.0,6.0,5.0,1.0,1.0,0.0,1.0,0.0,0.0,0.0,,1.0,3.0,0.0,0.0,0.0,2.0,,,,,,,,,,,,,,,,,,,,,,
2023,2021015056,2023-06-05,2000056.0,中野 拓夢,51.0,二,5,1.0,1.0,6.0,6.0,0.0,2.0,0.0,0.0,0.0,0.0,0.0,,0.0,1.0,0.0,0.0,0.0,0.0,,,,,,,,,,,,,,,,,,,,,,
2023,2021015056,2023-06-05,2000089.0,小川 龍成,57.0,走右,9,1.0,0.0,0.0,0.0,0.0,0.0,0.0,0.0,0.0,0.0,0.0,,0.0,0.0,0.0,0.0,0.0,0.0,,,,,,,,,,,,,,,,,,,,,,
2023,2021015056,2023-06-05,2103693.0,池田 来翔,0.0,打,9,1.0,0.0,1.0,1.0,0.0,0.0,0.0,0.0,0.0,0.0,0.0,,0.0,0.0,0.0,0.0,0.0,0.0,,,,,,,,,,,,,,,,,,,,,,
2023,2021015056,2023-06-05,2103707.0,桐敷 拓馬,47.0,投,5,1.0,1.0,2.0,2.0,0.0,1.0,0.0,0.0,0.0,0.0,0.0,,0.0,0.0,0.0,0.0,0.0,0.0,1.0,1.0,,1.0,0.0,3.86,4.666666666666667,4.2,,,0.0,5.0,4.0,4.0,0.0,,4.0,3.0,0.0,,23.0,95.0
2023,2021015056,2023-06-05,2106798.0,友杉 篤輝,10.0,遊,9,1.0,1.0,7.0,7.0,1.0,2.0,0.0,0.0,0.0,0.0,0.0,,0.0,1.0,0.0,0.0,0.0,2.0,,,,,,,,,,,,,,,,,,,,,,
2023,2021015063,2023-06-20,400021.0,青木 宣親,23.0,左,2,1.0,1.0,4.0,4.0,0.0,1.0,0.0,0.0,0.0,3.0,0.0,,0.0,1.0,0.0,0.0,0.0,0.0,,,,,,,,,,,,,,,,,,,,,,
2023,2021015063,2023-06-20,900056.0,浅村 栄斗,3.0,二,376,1.0,1.0,2.0,2.0,0.0,0.0,0.0,0.0,0.0,0.0,0.0,,0.0,1.0,0.0,0.0,0.0,0.0,,,,,,,,,,,,,,,,,,,,,,
2023,2021015063,2023-06-20,1000132.0,山田 哲人,1.0,二,2,1.0,1.0,4.0,3.0,0.0,0.0,0.0,0.0,0.0,1.0,0.0,,0.0,2.0,0.0,0.0,1.0,0.0,,,,,,,,,,,,,,,,,,,,,,
2023,2021015063,2023-06-20,1100103.0,鈴木 大地,7.0,一三,376,1.0,1.0,4.0,3.0,0.0,0.0,0.0,0.0,0.0,0.0,0.0,,0.0,0.0,1.0,0.0,0.0,0.0,,,,,,,,,,,,,,,,,,,,,,
2023,2021015063,2023-06-20,1100130.0,岡島 豪郎,27.0,左,376,1.0,1.0,3.0,2.0,0.0,0.0,0.0,0.0,0.0,0.0,0.0,,1.0,1.0,0.0,0.0,0.0,0.0,,,,,,,,,,,,,,,,,,,,,,
2023,2021015063,2023-06-20,1100132.0,島内 宏明,35.0,打,376,1.0,0.0,1.0,0.0,0.0,0.0,0.0,0.0,0.0,0.0,0.0,,0.0,0.0,1.0,0.0,0.0,0.0,,,,,,,,,,,,,,,,,,,,,,
2023,2021015063,2023-06-20,1300029.0,田口 麗斗,34.0,投,2,1.0,0.0,0.0,0.0,0.0,0.0,0.0,0.0,0.0,0.0,0.0,,0.0,0.0,0.0,0.0,0.0,0.0,5.0,1.0,0.0,0.0,2.0,1.52,1.0,1.0,,,14.0,1.0,0.0,0.0,0.0,,1.0,1.0,0.0,,5.0,22.0
2023,2021015063,2023-06-20,1500044.0,山崎 晃大朗,31.0,中左,2,1.0,1.0,5.0,4.0,3.0,2.0,0.0,0.0,0.0,0.0,2.0,,1.0,0.0,0.0,0.0,0.0,0.0,,,,,,,,,,,,,,,,,,,,,,
2023,2021015063,2023-06-20,1500078.0,阿部 寿樹,4.0,一,376,1.0,0.0,2.0,2.0,0.0,0.0,0.0,0.0,0.0,0.0,0.0,,0.0,0.0,0.0,0.0,0.0,0.0,,,,,,,,,,,,,,,,,,,,,,
2023,2021015063,2023-06-20,1600007.0,村林 一輝,66.0,打二,376,1.0,0.0,3.0,3.0,0.0,0.0,0.0,0.0,0.0,0.0,0.0,,0.0,1.0,0.0,0.0,0.0,0.0,,,,,,,,,,,,,,,,,,,,,,
2023,2021015063,2023-06-20,1600078.0,古賀 優大,57.0,捕,2,1.0,0.0,0.0,0.0,0.0,0.0,0.0,0.0,0.0,0.0,0.0,,0.0,0.0,0.0,0.0,0.0,0.0,,,,,,,,,,,,,,,,,,,,,,
2023,2021015063,2023-06-20,1600092.0,藤平 尚真,46.0,投,376,1.0,1.0,0.0,0.0,0.0,0.0,0.0,0.0,0.0,0.0,0.0,,0.0,0.0,0.0,0.0,0.0,0.0,1.0,1.0,,2.0,3.0,5.03,2.0,2.0,,,0.0,4.0,6.0,5.0,2.0,,4.0,3.0,0.0,,14.0,68.0
2023,2021015063,2023-06-20,1600094.0,田中 和基,25.0,左,376,1.0,0.0,1.0,1.0,0.0,1.0,0.0,0.0,0.0,0.0,0.0,,0.0,0.0,0.0,0.0,0.0,0.0,,,,,,,,,,,,,,,,,,,,,,
2023,2021015063,2023-06-20,1600101.0,西口 直人,62.0,投,376,1.0,0.0,0.0,0.0,0.0,0.0,0.0,0.0,0.0,0.0,0.0,,0.0,0.0,0.0,0.0,0.0,0.0,2.0,1.0,0.0,0.0,4.0,4.56,0.0,0.0,,,0.0,3.0,2.0,2.0,0.0,,0.0,0.0,0.0,,3.0,10.0
2023,2021015063,2023-06-20,1700034.0,山崎 剛,34.0,遊,376,1.0,1.0,4.0,3.0,0.0,0.0,0.0,0.0,0.0,0.0,0.0,,1.0,0.0,0.0,0.0,0.0,1.0,,,,,,,,,,,,,,,,,,,,,,
2023,2021015063,2023-06-20,1700084.0,村上 宗隆,55.0,三,2,1.0,1.0,5.0,3.0,1.0,1.0,1.0,0.0,0.0,0.0,0.0,,2.0,2.0,0.0,0.0,0.0,0.0,,,,,,,,,,,,,,,,,,,,,,
2023,2021015063,2023-06-20,1700088.0,金久保 優斗,48.0,投,2,1.0,1.0,2.0,2.0,1.0,1.0,0.0,0.0,0.0,1.0,0.0,,0.0,1.0,0.0,0.0,0.0,0.0,1.0,1.0,,0.0,0.0,0.0,4.0,4.0,,,0.0,0.0,0.0,0.0,0.0,,3.0,2.0,2.0,,16.0,63.0
2023,2021015063,2023-06-20,1700089.0,宮本 丈,39.0,打左右,2,1.0,0.0,2.0,2.0,1.0,1.0,0.0,0.0,0.0,1.0,0.0,,0.0,1.0,0.0,0.0,0.0,0.0,,,,,,,,,,,,,,,,,,,,,,
2023,2021015063,2023-06-20,1700094.0,山本 大貴,43.0,投,2,1.0,0.0,0.0,0.0,0.0,0.0,0.0,0.0,0.0,0.0,0.0,,0.0,0.0,0.0,0.0,0.0,0.0,3.0,1.0,0.0,1.0,0.0,3.95,2.0,2.0,,,0.0,0.0,0.0,0.0,0.0,,1.0,1.0,0.0,,7.0,26.0
2023,2021015063,2023-06-20,1800033.0,清水 昇,17.0,投,2,1.0,0.0,0.0,0.0,0.0,0.0,0.0,0.0,0.0,0.0,0.0,,0.0,0.0,0.0,0.0,0.0,0.0,4.0,1.0,0.0,0.0,2.0,2.33,1.0,1.0,,,0.0,0.0,0.0,0.0,0.0,,0.0,2.0,1.0,,4.0,18.0
2023,2021015063,2023-06-20,1800036.0,濱田 太貴,51.0,打,2,1.0,0.0,1.0,1.0,0.0,0.0,0.0,0.0,0.0,0.0,0.0,,0.0,0.0,0.0,0.0,0.0,0.0,,,,,,,,,,,,,,,,,,,,,,
2023,2021015063,2023-06-20,1800117.0,辰己 涼介,8.0,中,376,1.0,1.0,4.0,3.0,0.0,1.0,0.0,0.0,0.0,0.0,0.0,,0.0,1.0,1.0,0.0,0.0,0.0,,,,,,,,,,,,,,,,,,,,,,
2023,2021015063,2023-06-20,1800118.0,太田 光,2.0,捕,376,1.0,1.0,2.0,1.0,0.0,0.0,0.0,0.0,0.0,0.0,0.0,,1.0,1.0,0.0,0.0,0.0,0.0,,,,,,,,,,,,,,,,,,,,,,
2023,2021015063,2023-06-20,1800122.0,渡邊 佳明,48.0,打,376,1.0,0.0,1.0,1.0,0.0,0.0,0.0,0.0,0.0,0.0,0.0,,0.0,0.0,0.0,0.0,0.0,0.0,,,,,,,,,,,,,,,,,,,,,,
2023,2021015063,2023-06-20,1800123.0,小郷 裕哉,51.0,右,376,1.0,1.0,4.0,4.0,0.0,0.0,0.0,0.0,0.0,0.0,0.0,,0.0,2.0,0.0,0.0,0.0,0.0,,,,,,,,,,,,,,,,,,,,,,
2023,2021015063,2023-06-20,1900027.0,大西 広樹,44.0,投,2,1.0,0.0,0.0,0.0,0.0,0.0,0.0,0.0,0.0,0.0,0.0,,0.0,0.0,0.0,0.0,0.0,0.0,2.0,1.0,0.0,1.0,1.0,3.72,1.0,1.0,,,0.0,1.0,0.0,0.0,0.0,,0.0,1.0,0.0,,4.0,14.0
2023,2021015063,2023-06-20,1900028.0,長岡 秀樹,7.0,遊,2,1.0,1.0,4.0,4.0,2.0,3.0,0.0,0.0,0.0,0.0,0.0,,0.0,0.0,0.0,0.0,0.0,0.0,,,,,,,,,,,,,,,,,,,,,,
2023,2021015063,2023-06-20,1900029.0,武岡 龍世,60.0,二,2,1.0,0.0,1.0,1.0,0.0,0.0,0.0,0.0,0.0,0.0,0.0,,0.0,0.0,0.0,0.0,0.0,0.0,,,,,,,,,,,,,,,,,,,,,,
2023,2021015063,2023-06-20,1900112.0,小深田 大翔,0.0,三二,376,1.0,1.0,3.0,1.0,0.0,0.0,0.0,0.0,0.0,0.0,0.0,,1.0,0.0,0.0,1.0,0.0,0.0,,,,,,,,,,,,,,,,,,,,,,
2023,2021015063,2023-06-20,1900114.0,津留崎 大成,52.0,投,376,1.0,0.0,0.0,0.0,0.0,0.0,0.0,0.0,0.0,0.0,0.0,,0.0,0.0,0.0,0.0,0.0,0.0,3.0,1.0,0.0,0.0,0.0,3.0,2.0,2.0,,,0.0,2.0,1.0,1.0,0.0,,0.0,2.0,0.0,,7.0,28.0
2023,2021015063,2023-06-20,2000026.0,内山 壮真,33.0,捕左,2,1.0,1.0,4.0,3.0,2.0,2.0,0.0,0.0,1.0,2.0,0.0,,1.0,1.0,0.0,0.0,0.0,0.0,,,,,,,,,,,,,,,,,,,,,,
2023,2021015063,2023-06-20,2000028.0,並木 秀尊,0.0,中,2,1.0,0.0,0.0,0.0,0.0,0.0,0.0,0.0,0.0,0.0,0.0,,0.0,0.0,0.0,0.0,0.0,0.0,,,,,,,,,,,,,,,,,,,,,,
2023,2021015063,2023-06-20,2000126.0,内 星龍,69.0,投,376,1.0,0.0,0.0,0.0,0.0,0.0,0.0,0.0,0.0,0.0,0.0,,0.0,0.0,0.0,0.0,0.0,0.0,5.0,1.0,0.0,3.0,1.0,3.33,1.0,1.0,,,0.0,1.0,0.0,0.0,0.0,,0.0,0.0,0.0,,4.0,14.0
2023,2021015063,2023-06-20,2000133.0,オスナ,13.0,一,2,1.0,1.0,5.0,5.0,1.0,1.0,0.0,0.0,1.0,3.0,0.0,,0.0,0.0,0.0,0.0,0.0,0.0,,,,,,,,,,,,,,,,,,,,,,
2023,2021015063,2023-06-20,2000135.0,サンタナ,25.0,右,2,1.0,1.0,4.0,3.0,2.0,1.0,0.0,0.0,0.0,0.0,0.0,,1.0,0.0,0.0,0.0,0.0,0.0,,,,,,,,,,,,,,,,,,,,,,
2023,2021015063,2023-06-20,2103740.0,安田 悠馬,55.0,打捕,376,1.0,0.0,2.0,1.0,0.0,0.0,0.0,0.0,0.0,0.0,0.0,,1.0,0.0,0.0,0.0,0.0,0.0,,,,,,,,,,,,,,,,,,,,,,
2023,2021015063,2023-06-20,2105038.0,伊藤 茉央,41.0,投,376,1.0,0.0,0.0,0.0,0.0,0.0,0.0,0.0,0.0,0.0,0.0,,0.0,0.0,0.0,0.0,0.0,0.0,4.0,1.0,0.0,1.0,0.0,3.31,3.0,3.0,,,0.0,3.0,4.0,1.0,0.0,,1.0,3.0,0.0,,13.0,52.0
2023,2021015064,2023-06-21,700035.0,福田 永将,55.0,一,4,1.0,1.0,4.0,4.0,0.0,0.0,0.0,0.0,0.0,0.0,0.0,,0.0,0.0,0.0,0.0,0.0,0.0,,,,,,,,,,,,,,,,,,,,,,
2023,2021015064,2023-06-21,900056.0,浅村 栄斗,3.0,指,376,1.0,1.0,4.0,4.0,0.0,0.0,0.0,0.0,0.0,1.0,0.0,,0.0,1.0,0.0,0.0,0.0,0.0,,,,,,,,,,,,,,,,,,,,,,
2023,2021015064,2023-06-21,900410.0,大島 洋平,8.0,左,4,1.0,1.0,4.0,4.0,1.0,2.0,1.0,0.0,0.0,1.0,0.0,,0.0,0.0,0.0,0.0,0.0,0.0,,,,,,,,,,,,,,,,,,,,,,
2023,2021015064,2023-06-21,1000108.0,後藤 駿太,53.0,左,4,1.0,0.0,1.0,1.0,0.0,1.0,0.0,0.0,0.0,0.0,0.0,,0.0,0.0,0.0,0.0,0.0,0.0,,,,,,,,,,,,,,,,,,,,,,
2023,2021015064,2023-06-21,1100069.0,高橋 周平,3.0,三,4,1.0,0.0,0.0,0.0,0.0,0.0,0.0,0.0,0.0,0.0,0.0,,0.0,0.0,0.0,0.0,0.0,0.0,,,,,,,,,,,,,,,,,,,,,,
2023,2021015064,2023-06-21,1100103.0,鈴木 大地,7.0,三,376,1.0,1.0,4.0,3.0,0.0,1.0,0.0,0.0,0.0,0.0,0.0,,1.0,2.0,0.0,0.0,0.0,0.0,,,,,,,,,,,,,,,,,,,,,,
2023,2021015064,2023-06-21,1100130.0,岡島 豪郎,27.0,左,376,1.0,1.0,4.0,4.0,0.0,1.0,0.0,0.0,0.0,0.0,0.0,,0.0,1.0,0.0,0.0,0.0,0.0,,,,,,,,,,,,,,,,,,,,,,
2023,2021015064,2023-06-21,1100132.0,島内 宏明,35.0,打,376,1.0,0.0,1.0,1.0,0.0,0.0,0.0,0.0,0.0,0.0,0.0,,0.0,0.0,0.0,0.0,0.0,0.0,,,,,,,,,,,,,,,,,,,,,,
2023,2021015064,2023-06-21,1400139.0,安樂 智大,20.0,,376,,,,,,,,,,,,,,,,,,,2.0,1.0,0.0,0.0,0.0,2.7,1.0,1.0,,,0.0,1.0,0.0,0.0,0.0,,0.0,0.0,0.0,,4.0,15.0
2023,2021015064,2023-06-21,1500077.0,福 敬登,34.0,,4,,,,,,,,,,,,,,,,,,,2.0,1.0,0.0,1.0,0.0,3.0,0.3333333333333333,0.1,,,0.0,0.0,0.0,0.0,0.0,,0.0,1.0,0.0,,1.0,5.0
2023,2021015064,2023-06-21,1600085.0,細川 成也,0.0,右,4,1.0,1.0,4.0,3.0,1.0,1.0,0.0,0.0,1.0,1.0,0.0,,1.0,0.0,0.0,0.0,0.0,0.0,,,,,,,,,,,,,,,,,,,,,,
2023,2021015064,2023-06-21,1700010.0,マルティネス,92.0,,4,,,,,,,,,,,,,,,,,,,4.0,1.0,0.0,1.0,1.0,0.0,1.0,1.0,,,15.0,0.0,0.0,0.0,0.0,,0.0,1.0,0.0,,3.0,15.0
2023,2021015064,2023-06-21,1700034.0,山崎 剛,34.0,遊,376,1.0,1.0,1.0,1.0,0.0,0.0,0.0,0.0,0.0,0.0,0.0,,0.0,0.0,0.0,0.0,0.0,0.0,,,,,,,,,,,,,,,,,,,,,,
2023,2021015064,2023-06-21,1700104.0,清水 達也,50.0,,4,,,,,,,,,,,,,,,,,,,3.0,1.0,0.0,1.0,1.0,2.18,1.0,1.0,,,0.0,0.0,0.0,0.0,0.0,,0.0,1.0,0.0,,3.0,11.0
2023,2021015064,2023-06-21,1750223.0,村松 開人,5.0,二,4,1.0,1.0,5.0,5.0,1.0,1.0,0.0,0.0,0.0,0.0,0.0,,0.0,1.0,0.0,0.0,0.0,1.0,,,,,,,,,,,,,,,,,,,,,,
2023,2021015064,2023-06-21,1800044.0,伊藤 裕季也,39.0,遊,376,1.0,0.0,2.0,2.0,0.0,0.0,0.0,0.0,0.0,0.0,0.0,,0.0,0.0,0.0,0.0,0.0,0.0,,,,,,,,,,,,,,,,,,,,,,
2023,2021015064,2023-06-21,1800062.0,石橋 康太,58.0,捕,4,1.0,1.0,4.0,4.0,1.0,2.0,1.0,0.0,0.0,1.0,0.0,,0.0,0.0,0.0,0.0,0.0,0.0,,,,,,,,,,,,,,,,,,,,,,
2023,2021015064,2023-06-21,1800117.0,辰己 涼介,8.0,中,376,1.0,1.0,5.0,4.0,1.0,0.0,0.0,0.0,0.0,0.0,0.0,,1.0,2.0,0.0,0.0,0.0,0.0,,,,,,,,,,,,,,,,,,,,,,
2023,2021015064,2023-06-21,1800120.0,弓削 隼人,38.0,,376,,,,,,,,,,,,,,,,,,,3.0,1.0,0.0,0.0,0.0,1.5,1.0,1.0,,,0.0,0.0,0.0,0.0,0.0,,0.0,1.0,0.0,,3.0,16.0
2023,2021015064,2023-06-21,1800122.0,渡邊 佳明,48.0,一,376,1.0,1.0,4.0,4.0,0.0,2.0,0.0,0.0,0.0,0.0,0.0,,0.0,0.0,0.0,0.0,0.0,0.0,,,,,,,,,,,,,,,,,,,,,,
2023,2021015064,2023-06-21,1800123.0,小郷 裕哉,51.0,右,376,1.0,1.0,4.0,4.0,0.0,0.0,0.0,0.0,0.0,1.0,0.0,,0.0,1.0,0.0,0.0,0.0,0.0,,,,,,,,,,,,,,,,,,,,,,
2023,2021015064,2023-06-21,1800124.0,鈴木 翔天,56.0,,376,,,,,,,,,,,,,,,,,,,5.0,1.0,0.0,1.0,0.0,4.5,1.0,1.0,,,0.0,1.0,0.0,0.0,0.0,,0.0,1.0,0.0,,4.0,10.0
2023,2021015064,2023-06-21,1900037.0,石川 昂弥,25.0,指,4,1.0,1.0,4.0,3.0,0.0,1.0,0.0,0.0,0.0,1.0,0.0,,0.0,0.0,0.0,0.0,1.0,0.0,,,,,,,,,,,,,,,,,,,,,,
2023,2021015064,2023-06-21,1900041.0,岡林 勇希,60.0,中,4,1.0,1.0,4.0,4.0,0.0,1.0,0.0,0.0,0.0,1.0,0.0,,0.0,1.0,0.0,0.0,0.0,0.0,,,,,,,,,,,,,,,,,,,,,,
2023,2021015064,2023-06-21,1900112.0,小深田 大翔,0.0,二,376,1.0,1.0,5.0,5.0,1.0,1.0,0.0,0.0,0.0,0.0,0.0,,0.0,1.0,0.0,0.0,0.0,0.0,,,,,,,,,,,,,,,,,,,,,,
2023,2021015064,2023-06-21,1900117.0,瀧中 瞭太,57.0,,376,,,,,,,,,,,,,,,,,,,1.0,1.0,,2.0,4.0,3.83,5.0,5.0,,,0.0,9.0,5.0,5.0,1.0,,1.0,0.0,0.0,,24.0,82.0
2023,2021015064,2023-06-21,2000042.0,高橋 宏斗,19.0,,4,,,,,,,,,,,,,,,,,,,1.0,1.0,,3.0,6.0,1.89,6.666666666666667,6.2,,,0.0,5.0,2.0,0.0,0.0,,4.0,5.0,0.0,,31.0,118.0
2023,2021015064,2023-06-21,2000044.0,龍空,45.0,遊,4,1.0,1.0,4.0,3.0,1.0,1.0,0.0,0.0,0.0,0.0,0.0,,0.0,0.0,0.0,1.0,0.0,0.0,,,,,,,,,,,,,,,,,,,,,,
2023,2021015064,2023-06-21,2103740.0,安田 悠馬,55.0,捕,376,1.0,1.0,4.0,2.0,0.0,0.0,0.0,0.0,0.0,0.0,0.0,,2.0,0.0,0.0,0.0,0.0,0.0,,,,,,,,,,,,,,,,,,,,,,
2023,2021015064,2023-06-21,2103780.0,福永 裕基,68.0,三,4,1.0,1.0,4.0,4.0,0.0,1.0,0.0,0.0,0.0,0.0,0.0,,0.0,0.0,0.0,0.0,0.0,0.0,,,,,,,,,,,,,,,,,,,,,,
2023,2021015064,2023-06-21,2105140.0,渡辺 翔太,31.0,,376,,,,,,,,,,,,,,,,,,,4.0,1.0,0.0,2.0,0.0,0.0,1.0,1.0,,,0.0,0.0,0.0,0.0,0.0,,0.0,0.0,0.0,,3.0,12.0
2023,2021015065,2023-06-19,600003.0,大和,9.0,遊,3,1.0,1.0,5.0,5.0,0.0,1.0,0.0,0.0,0.0,1.0,0.0,,0.0,2.0,0.0,0.0,0.0,0.0,,,,,,,,,,,,,,,,,,,,,,
2023,2021015065,2023-06-19,800052.0,宮西 尚生,25.0,投,8,1.0,0.0,0.0,0.0,0.0,0.0,0.0,0.0,0.0,0.0,0.0,,0.0,0.0,0.0,0.0,0.0,0.0,5.0,1.0,0.0,1.0,1.0,1.4,1.0,1.0,,,1.0,0.0,0.0,0.0,0.0,,2.0,1.0,1.0,,6.0,20.0
2023,2021015065,2023-06-19,800075.0,伊藤 光,29.0,打捕,3,1.0,0.0,4.0,4.0,1.0,1.0,0.0,0.0,0.0,0.0,0.0,,0.0,1.0,0.0,0.0,0.0,0.0,,,,,,,,,,,,,,,,,,,,,,
2023,2021015065,2023-06-19,900011.0,大田 泰示,0.0,打,3,1.0,0.0,1.0,1.0,0.0,0.0,0.0,0.0,0.0,0.0,0.0,,0.0,0.0,0.0,0.0,0.0,0.0,,,,,,,,,,,,,,,,,,,,,,
2023,2021015065,2023-06-19,1100095.0,松本 剛,7.0,左,8,1.0,1.0,5.0,5.0,1.0,1.0,0.0,0.0,0.0,0.0,0.0,,0.0,1.0,0.0,0.0,0.0,0.0,,,,,,,,,,,,,,,,,,,,,,
2023,2021015065,2023-06-19,1200049.0,三嶋 一輝,17.0,投,3,1.0,0.0,0.0,0.0,0.0,0.0,0.0,0.0,0.0,0.0,0.0,,0.0,0.0,0.0,0.0,0.0,0.0,2.0,1.0,0.0,3.0,1.0,3.93,0.0,0.0,,,0.0,3.0,1.0,1.0,1.0,,0.0,0.0,0.0,,4.0,10.0
2023,2021015065,2023-06-19,1200053.0,宮崎 敏郎,51.0,三,3,1.0,1.0,4.0,3.0,0.0,1.0,0.0,0.0,0.0,0.0,0.0,,1.0,1.0,0.0,0.0,0.0,0.0,,,,,,,,,,,,,,,,,,,,,,
2023,2021015065,2023-06-19,1200080.0,谷内 亮太,32.0,遊三,8,1.0,1.0,5.0,5.0,0.0,1.0,0.0,0.0,0.0,0.0,0.0,,0.0,1.0,0.0,0.0,0.0,0.0,,,,,,,,,,,,,,,,,,,,,,
2023,2021015065,2023-06-19,1200100.0,伏見 寅威,23.0,捕,8,1.0,0.0,1.0,1.0,0.0,1.0,1.0,0.0,0.0,0.0,0.0,,0.0,0.0,0.0,0.0,0.0,0.0,,,,,,,,,,,,,,,,,,,,,,
2023,2021015065,2023-06-19,1251037.0,上川畑 大悟,4.0,遊,8,1.0,0.0,1.0,1.0,0.0,0.0,0.0,0.0,0.0,0.0,0.0,,0.0,0.0,0.0,0.0,0.0,0.0,,,,,,,,,,,,,,,,,,,,,,
2023,2021015065,2023-06-19,1300038.0,関根 大気,63.0,右左,3,1.0,1.0,6.0,5.0,1.0,1.0,0.0,0.0,0.0,0.0,0.0,,1.0,0.0,0.0,0.0,0.0,0.0,,,,,,,,,,,,,,,,,,,,,,
2023,2021015065,2023-06-19,1300094.0,杉浦 稔大,22.0,投,8,1.0,0.0,0.0,0.0,0.0,0.0,0.0,0.0,0.0,0.0,0.0,,0.0,0.0,0.0,0.0,0.0,0.0,2.0,1.0,0.0,0.0,1.0,1.38,0.6666666666666666,0.2,,,0.0,1.0,0.0,0.0,0.0,,2.0,0.0,0.0,,5.0,11.0
2023,2021015065,2023-06-19,1400109.0,山崎 康晃,19.0,投,3,1.0,0.0,0.0,0.0,0.0,0.0,0.0,0.0,0.0,0.0,0.0,,0.0,0.0,0.0,0.0,0.0,0.0,8.0,1.0,0.0,0.0,4.0,4.7,1.0,1.0,,,16.0,2.0,1.0,1.0,1.0,,0.0,0.0,0.0,,5.0,20.0
2023,2021015065,2023-06-19,1400170.0,江越 大賀,37.0,走中,8,1.0,0.0,1.0,1.0,0.0,0.0,0.0,0.0,0.0,0.0,0.0,,0.0,0.0,0.0,0.0,0.0,0.0,,,,,,,,,,,,,,,,,,,,,,
2023,2021015065,2023-06-19,1500063.0,柴田 竜拓,31.0,三,3,1.0,0.0,2.0,1.0,0.0,0.0,0.0,0.0,0.0,0.0,0.0,,1.0,1.0,0.0,0.0,0.0,0.0,,,,,,,,,,,,,,,,,,,,,,
2023,2021015065,2023-06-19,1500109.0,上原 健太,20.0,投,8,1.0,1.0,2.0,2.0,0.0,1.0,0.0,0.0,0.0,0.0,0.0,,0.0,1.0,0.0,0.0,0.0,0.0,1.0,1.0,,1.0,3.0,3.82,5.333333333333333,5.1,,,0.0,4.0,1.0,1.0,0.0,,1.0,4.0,0.0,,21.0,73.0
2023,2021015065,2023-06-19,1560396.0,ハンソン,94.0,二,8,1.0,1.0,4.0,4.0,1.0,2.0,0.0,0.0,1.0,1.0,1.0,,0.0,0.0,0.0,0.0,0.0,0.0,,,,,,,,,,,,,,,,,,,,,,
2023,2021015065,2023-06-19,1561880.0,ウェンデルケン,49.0,投,3,1.0,0.0,0.0,0.0,0.0,0.0,0.0,0.0,0.0,0.0,0.0,,0.0,0.0,0.0,0.0,0.0,0.0,5.0,1.0,0.0,1.0,1.0,1.96,1.0,1.0,,,0.0,1.0,0.0,0.0,0.0,,0.0,0.0,0.0,,4.0,13.0
2023,2021015065,2023-06-19,1600089.0,佐野 恵太,7.0,左一,3,1.0,1.0,5.0,4.0,1.0,3.0,1.0,0.0,0.0,2.0,0.0,,1.0,0.0,0.0,0.0,0.0,0.0,,,,,,,,,,,,,,,,,,,,,,
2023,2021015065,2023-06-19,1600093.0,池田 隆英,52.0,投,8,1.0,0.0,0.0,0.0,0.0,0.0,0.0,0.0,0.0,0.0,0.0,,0.0,0.0,0.0,0.0,0.0,0.0,4.0,1.0,0.0,0.0,1.0,2.84,0.6666666666666666,0.2,,,0.0,0.0,0.0,0.0,0.0,,0.0,2.0,0.0,,2.0,12.0
2023,2021015065,2023-06-19,1600096.0,森原 康平,68.0,投,3,1.0,0.0,0.0,0.0,0.0,0.0,0.0,0.0,0.0,0.0,0.0,,0.0,0.0,0.0,0.0,0.0,0.0,3.0,1.0,0.0,2.0,0.0,3.46,1.0,1.0,,,0.0,0.0,0.0,0.0,0.0,,0.0,1.0,0.0,,2.0,11.0
2023,2021015065,2023-06-19,1600134.0,石井 一成,38.0,走二,8,1.0,0.0,1.0,1.0,1.0,0.0,0.0,0.0,0.0,0.0,0.0,,0.0,0.0,0.0,0.0,0.0,0.0,,,,,,,,,,,,,,,,,,,,,,
2023,2021015065,2023-06-19,1600139.0,玉井 大翔,19.0,投,8,1.0,0.0,0.0,0.0,0.0,0.0,0.0,0.0,0.0,0.0,0.0,,0.0,0.0,0.0,0.0,0.0,0.0,7.0,1.0,0.0,0.0,2.0,2.12,1.0,1.0,,,2.0,1.0,0.0,0.0,0.0,,0.0,1.0,0.0,,4.0,12.0
2023,2021015065,2023-06-19,1600164.0,田中 正義,26.0,投,8,1.0,0.0,0.0,0.0,0.0,0.0,0.0,0.0,0.0,0.0,0.0,,0.0,0.0,0.0,0.0,0.0,0.0,6.0,1.0,0.0,2.0,1.0,2.16,1.0,1.0,,,11.0,1.0,0.0,0.0,0.0,,0.0,2.0,0.0,,4.0,20.0
2023,2021015065,2023-06-19,1700006.0,エスコバー,62.0,投,3,1.0,0.0,0.0,0.0,0.0,0.0,0.0,0.0,0.0,0.0,0.0,,0.0,0.0,0.0,0.0,0.0,0.0,7.0,1.0,0.0,0.0,0.0,10.61,2.0,2.0,,,0.0,0.0,0.0,0.0,0.0,,0.0,1.0,0.0,,6.0,23.0
2023,2021015065,2023-06-19,1700020.0,ソト,99.0,一,3,1.0,1.0,2.0,2.0,0.0,0.0,0.0,0.0,0.0,0.0,0.0,,0.0,0.0,0.0,0.0,0.0,0.0,,,,,,,,,,,,,,,,,,,,,,
2023,2021015065,2023-06-19,1700025.0,清宮 幸太郎,21.0,三一,8,1.0,1.0,5.0,5.0,0.0,1.0,0.0,0.0,0.0,0.0,0.0,,0.0,0.0,0.0,0.0,0.0,0.0,,,,,,,,,,,,,,,,,,,,,,
2023,2021015065,2023-06-19,1700059.0,神里 和毅,8.0,右,3,1.0,0.0,1.0,1.0,0.0,0.0,0.0,0.0,0.0,0.0,0.0,,0.0,1.0,0.0,0.0,0.0,0.0,,,,,,,,,,,,,,,,,,,,,,
2023,2021015065,2023-06-19,1700065.0,楠本 泰史,37.0,打右,3,1.0,0.0,2.0,1.0,0.0,0.0,0.0,0.0,0.0,0.0,0.0,,1.0,1.0,0.0,0.0,0.0,0.0,,,,,,,,,,,,,,,,,,,,,,
2023,2021015065,2023-06-19,1700066.0,山本 祐大,50.0,捕,3,1.0,1.0,1.0,1.0,0.0,0.0,0.0,0.0,0.0,0.0,0.0,,0.0,0.0,0.0,0.0,0.0,1.0,,,,,,,,,,,,,,,,,,,,,,
2023,2021015065,2023-06-19,1800008.0,マルティネス,2.0,捕,8,1.0,1.0,4.0,3.0,0.0,1.0,0.0,0.0,0.0,2.0,0.0,,1.0,0.0,0.0,0.0,0.0,0.0,,,,,,,,,,,,,,,,,,,,,,
2023,2021015065,2023-06-19,1800043.0,上茶谷 大河,27.0,投,3,1.0,1.0,1.0,1.0,0.0,0.0,0.0,0.0,0.0,0.0,0.0,,0.0,1.0,0.0,0.0,0.0,0.0,1.0,1.0,,1.0,0.0,0.92,4.0,4.0,,,0.0,3.0,0.0,0.0,0.0,,1.0,5.0,0.0,,14.0,58.0
2023,2021015065,2023-06-19,1800091.0,野村 佑希,5.0,一,8,1.0,1.0,4.0,2.0,0.0,0.0,0.0,0.0,0.0,0.0,1.0,,2.0,2.0,0.0,0.0,0.0,0.0,,,,,,,,,,,,,,,,,,,,,,
2023,2021015065,2023-06-19,1800093.0,万波 中正,66.0,右,8,1.0,1.0,5.0,4.0,1.0,2.0,0.0,0.0,1.0,1.0,0.0,,1.0,1.0,0.0,0.0,0.0,0.0,,,,,,,,,,,,,,,,,,,,,,
2023,2021015065,2023-06-19,1900030.0,森 敬斗,6.0,打,3,1.0,0.0,1.0,1.0,0.0,1.0,0.0,0.0,0.0,0.0,1.0,,0.0,0.0,0.0,0.0,0.0,0.0,,,,,,,,,,,,,,,,,,,,,,
2023,2021015065,2023-06-19,1900032.0,伊勢 大夢,13.0,投,3,1.0,0.0,0.0,0.0,0.0,0.0,0.0,0.0,0.0,0.0,0.0,,0.0,0.0,0.0,0.0,0.0,0.0,6.0,1.0,0.0,2.0,1.0,2.28,0.0,0.0,,,1.0,2.0,2.0,2.0,0.0,,2.0,0.0,0.0,,4.0,20.0
2023,2021015065,2023-06-19,1900035.0,蝦名 達夫,61.0,中,3,1.0,1.0,6.0,4.0,0.0,0.0,0.0,0.0,0.0,0.0,0.0,,0.0,1.0,2.0,0.0,0.0,0.0,,,,,,,,,,,,,,,,,,,,,,
2023,2021015065,2023-06-19,1900070.0,河野 竜生,28.0,投,8,1.0,0.0,0.0,0.0,0.0,0.0,0.0,0.0,0.0,0.0,0.0,,0.0,0.0,0.0,0.0,0.0,1.0,3.0,1.0,0.0,0.0,1.0,1.33,0.3333333333333333,0.1,,,0.0,2.0,2.0,1.0,0.0,,0.0,1.0,1.0,,5.0,18.0
2023,2021015065,2023-06-19,1900126.0,オースティン,3.0,打,3,1.0,0.0,1.0,1.0,0.0,0.0,0.0,0.0,0.0,0.0,0.0,,0.0,0.0,0.0,0.0,0.0,0.0,,,,,,,,,,,,,,,,,,,,,,
2023,2021015065,2023-06-19,1961860.0,加藤 豪将,3.0,打,8,1.0,0.0,1.0,1.0,0.0,0.0,0.0,0.0,0.0,0.0,0.0,,0.0,0.0,0.0,0.0,0.0,0.0,,,,,,,,,,,,,,,,,,,,,,
2023,2021015065,2023-06-19,2000034.0,入江 大生,22.0,投,3,1.0,0.0,0.0,0.0,0.0,0.0,0.0,0.0,0.0,0.0,0.0,,0.0,0.0,0.0,0.0,0.0,0.0,4.0,1.0,0.0,1.0,0.0,2.37,1.0,1.0,,,0.0,0.0,0.0,0.0,0.0,,1.0,1.0,0.0,,4.0,21.0
2023,2021015065,2023-06-19,2000035.0,牧 秀悟,2.0,二,3,1.0,1.0,5.0,5.0,0.0,1.0,0.0,0.0,0.0,0.0,0.0,,0.0,2.0,0.0,0.0,0.0,0.0,,,,,,,,,,,,,,,,,,,,,,
2023,2021015065,2023-06-19,2000082.0,細川 凌平,56.0,中,8,1.0,1.0,4.0,3.0,0.0,1.0,0.0,0.0,0.0,0.0,0.0,,0.0,2.0,0.0,1.0,0.0,1.0,,,,,,,,,,,,,,,,,,,,,,
