season,game_id,game_date,player_id,player_name_jap,player_jersey_number,position,team_id,batting_G,batting_GS,batting_PA,batting_AB,batting_R,batting_H,batting_2B,batting_3B,batting_HR,batting_RBI,batting_SB,batting_CS,batting_BB,batting_SO,batting_HBP,batting_SH,batting_SF,batting_E,pitcher_order_number,pitching_G,pitching_GS,pitching_W,pitching_L,pitching_ERA,pitching_IP,pitching_IP_str,pitching_CG,pitching_SHO,pitching_SV,pitching_H,pitching_R,pitching_ER,pitching_HR,pitching_IBB,pitching_BB,pitching_SO,pitching_HBP,pitching_BK,pitching_BF,pitching_PI,player_name
2023,2021013384,2023-09-01,400021.0,青木 宣親,23.0,打,2,1.0,0.0,1.0,1.0,1.0,0.0,0.0,0.0,0.0,0.0,0.0,,0.0,0.0,0.0,0.0,0.0,0.0,,,,,,,,,,,,,,,,,,,,,,,
2023,2021013384,2023-09-01,600011.0,川端 慎吾,5.0,打,2,1.0,0.0,1.0,1.0,0.0,0.0,0.0,0.0,0.0,0.0,0.0,,0.0,0.0,0.0,0.0,0.0,0.0,,,,,,,,,,,,,,,,,,,,,,,
2023,2021013384,2023-09-01,900044.0,中村 悠平,27.0,打捕,2,1.0,0.0,1.0,0.0,0.0,0.0,0.0,0.0,0.0,1.0,0.0,,1.0,0.0,0.0,0.0,0.0,0.0,,,,,,,,,,,,,,,,,,,,,,,
2023,2021013384,2023-09-01,1000132.0,山田 哲人,1.0,二,2,1.0,1.0,4.0,3.0,0.0,0.0,0.0,0.0,0.0,0.0,0.0,,1.0,2.0,0.0,0.0,0.0,0.0,,,,,,,,,,,,,,,,,,,,,,,
2023,2021013384,2023-09-01,1300070.0,岩貞 祐太,14.0,投,5,1.0,0.0,0.0,0.0,0.0,0.0,0.0,0.0,0.0,0.0,0.0,,0.0,0.0,0.0,0.0,0.0,0.0,2.0,1.0,0.0,1.0,0.0,2.25,0.3333333333333333,0.1,,,0.0,2.0,2.0,1.0,0.0,,1.0,0.0,0.0,,5.0,19.0,
2023,2021013384,2023-09-01,1300075.0,岩崎 優,13.0,投,5,1.0,0.0,0.0,0.0,0.0,0.0,0.0,0.0,0.0,0.0,0.0,,0.0,0.0,0.0,0.0,0.0,0.0,5.0,1.0,0.0,3.0,2.0,1.31,1.0,1.0,,,27.0,0.0,0.0,0.0,0.0,,0.0,0.0,0.0,,3.0,10.0,
2023,2021013384,2023-09-01,1500087.0,坂本 誠志郎,12.0,捕,5,1.0,1.0,4.0,4.0,0.0,0.0,0.0,0.0,0.0,0.0,0.0,,0.0,1.0,0.0,0.0,0.0,0.0,,,,,,,,,,,,,,,,,,,,,,,
2023,2021013384,2023-09-01,1600076.0,梅野 雄吾,38.0,投,2,1.0,0.0,0.0,0.0,0.0,0.0,0.0,0.0,0.0,0.0,0.0,,0.0,0.0,0.0,0.0,0.0,0.0,2.0,1.0,0.0,0.0,0.0,3.38,2.0,2.0,,,0.0,2.0,1.0,1.0,1.0,,1.0,2.0,0.0,,9.0,40.0,
2023,2021013384,2023-09-01,1600078.0,古賀 優大,57.0,捕,2,1.0,1.0,2.0,2.0,0.0,0.0,0.0,0.0,0.0,0.0,0.0,,0.0,0.0,0.0,0.0,0.0,1.0,,,,,,,,,,,,,,,,,,,,,,,
2023,2021013384,2023-09-01,1600113.0,大山 悠輔,3.0,一,5,1.0,1.0,4.0,3.0,0.0,1.0,1.0,0.0,0.0,1.0,0.0,,1.0,1.0,0.0,0.0,0.0,2.0,,,,,,,,,,,,,,,,,,,,,,,
2023,2021013384,2023-09-01,1650522.0,丸山 和郁,4.0,中,2,1.0,1.0,4.0,4.0,0.0,2.0,0.0,0.0,0.0,1.0,0.0,,0.0,2.0,0.0,0.0,0.0,0.0,,,,,,,,,,,,,,,,,,,,,,,
2023,2021013384,2023-09-01,1700080.0,島田 海吏,53.0,左,5,1.0,0.0,1.0,1.0,0.0,0.0,0.0,0.0,0.0,0.0,0.0,,0.0,0.0,0.0,0.0,0.0,0.0,,,,,,,,,,,,,,,,,,,,,,,
2023,2021013384,2023-09-01,1700084.0,村上 宗隆,55.0,三,2,1.0,1.0,4.0,4.0,0.0,0.0,0.0,0.0,0.0,0.0,0.0,,0.0,3.0,0.0,0.0,0.0,0.0,,,,,,,,,,,,,,,,,,,,,,,
2023,2021013384,2023-09-01,1700089.0,宮本 丈,39.0,左,2,1.0,1.0,3.0,2.0,0.0,1.0,0.0,0.0,0.0,0.0,0.0,,0.0,0.0,1.0,0.0,0.0,0.0,,,,,,,,,,,,,,,,,,,,,,,
2023,2021013384,2023-09-01,1750800.0,澤井 廉,42.0,打,2,1.0,0.0,1.0,1.0,0.0,0.0,0.0,0.0,0.0,0.0,0.0,,0.0,1.0,0.0,0.0,0.0,0.0,,,,,,,,,,,,,,,,,,,,,,,
2023,2021013384,2023-09-01,1800065.0,近本 光司,5.0,中,5,1.0,1.0,5.0,4.0,1.0,1.0,0.0,0.0,0.0,0.0,1.0,,1.0,0.0,0.0,0.0,0.0,0.0,,,,,,,,,,,,,,,,,,,,,,,
2023,2021013384,2023-09-01,1800067.0,木浪 聖也,0.0,遊,5,1.0,1.0,4.0,3.0,0.0,0.0,0.0,0.0,0.0,0.0,0.0,,1.0,0.0,0.0,0.0,0.0,0.0,,,,,,,,,,,,,,,,,,,,,,,
2023,2021013384,2023-09-01,1850183.0,森下 翔太,1.0,右,5,1.0,1.0,4.0,4.0,2.0,2.0,0.0,0.0,2.0,2.0,0.0,,0.0,1.0,0.0,0.0,0.0,0.0,,,,,,,,,,,,,,,,,,,,,,,
2023,2021013384,2023-09-01,1900028.0,長岡 秀樹,7.0,遊,2,1.0,1.0,4.0,4.0,1.0,1.0,0.0,0.0,0.0,0.0,0.0,,0.0,0.0,0.0,0.0,0.0,0.0,,,,,,,,,,,,,,,,,,,,,,,
2023,2021013384,2023-09-01,1961251.0,ミエセス,55.0,左,5,1.0,1.0,4.0,4.0,0.0,1.0,0.0,0.0,0.0,0.0,0.0,,0.0,1.0,0.0,0.0,0.0,0.0,,,,,,,,,,,,,,,,,,,,,,,
2023,2021013384,2023-09-01,1961285.0,ノイジー,7.0,打,5,1.0,0.0,1.0,1.0,0.0,0.0,0.0,0.0,0.0,0.0,0.0,,0.0,1.0,0.0,0.0,0.0,0.0,,,,,,,,,,,,,,,,,,,,,,,
2023,2021013384,2023-09-01,2000024.0,木澤 尚文,20.0,投,2,1.0,0.0,0.0,0.0,0.0,0.0,0.0,0.0,0.0,0.0,0.0,,0.0,0.0,0.0,0.0,0.0,0.0,3.0,1.0,0.0,2.0,2.0,2.76,1.0,1.0,,,0.0,0.0,0.0,0.0,0.0,,0.0,0.0,0.0,,3.0,13.0,
2023,2021013384,2023-09-01,2000026.0,内山 壮真,33.0,打左,2,1.0,0.0,1.0,1.0,0.0,0.0,0.0,0.0,0.0,0.0,0.0,,0.0,0.0,0.0,0.0,0.0,0.0,,,,,,,,,,,,,,,,,,,,,,,
2023,2021013384,2023-09-01,2000051.0,佐藤 輝明,8.0,三,5,1.0,1.0,4.0,3.0,0.0,0.0,0.0,0.0,0.0,0.0,1.0,,1.0,0.0,0.0,0.0,0.0,0.0,,,,,,,,,,,,,,,,,,,,,,,
2023,2021013384,2023-09-01,2000055.0,村上 頌樹,41.0,投,5,1.0,1.0,3.0,2.0,0.0,0.0,0.0,0.0,0.0,0.0,0.0,,1.0,1.0,0.0,0.0,0.0,1.0,1.0,1.0,,9.0,5.0,1.79,7.0,7.0,,,0.0,3.0,0.0,0.0,0.0,,0.0,9.0,1.0,,24.0,92.0,
2023,2021013384,2023-09-01,2000056.0,中野 拓夢,51.0,二,5,1.0,1.0,5.0,5.0,1.0,2.0,0.0,0.0,0.0,1.0,1.0,,0.0,0.0,0.0,0.0,0.0,0.0,,,,,,,,,,,,,,,,,,,,,,,
2023,2021013384,2023-09-01,2000058.0,石井 大智,69.0,投,5,1.0,0.0,0.0,0.0,0.0,0.0,0.0,0.0,0.0,0.0,0.0,,0.0,0.0,0.0,0.0,0.0,0.0,4.0,1.0,0.0,1.0,0.0,0.88,0.3333333333333333,0.1,,,0.0,0.0,0.0,0.0,0.0,,0.0,0.0,0.0,,1.0,4.0,
2023,2021013384,2023-09-01,2000133.0,オスナ,13.0,一,2,1.0,1.0,4.0,4.0,0.0,0.0,0.0,0.0,0.0,0.0,0.0,,0.0,1.0,0.0,0.0,0.0,0.0,,,,,,,,,,,,,,,,,,,,,,,
2023,2021013384,2023-09-01,2000135.0,サンタナ,25.0,右,2,1.0,1.0,4.0,4.0,0.0,1.0,0.0,0.0,0.0,0.0,0.0,,0.0,0.0,0.0,0.0,0.0,0.0,,,,,,,,,,,,,,,,,,,,,,,
2023,2021013384,2023-09-01,2103707.0,桐敷 拓馬,47.0,投,5,1.0,0.0,0.0,0.0,0.0,0.0,0.0,0.0,0.0,0.0,0.0,,0.0,0.0,0.0,0.0,0.0,0.0,3.0,1.0,0.0,2.0,0.0,2.3,0.3333333333333333,0.1,,,0.0,0.0,0.0,0.0,0.0,,1.0,1.0,0.0,,2.0,9.0,
2023,2021013384,2023-09-01,2108113.0,ロドリゲス,37.0,投,2,1.0,1.0,1.0,1.0,0.0,0.0,0.0,0.0,0.0,0.0,0.0,,0.0,1.0,0.0,0.0,0.0,0.0,1.0,1.0,,1.0,3.0,2.86,6.0,6.0,,,0.0,5.0,3.0,1.0,1.0,,4.0,4.0,0.0,,27.0,108.0,
2023,2021013385,2023-09-01,600084.0,松田 宣浩,23.0,打,1,1.0,0.0,1.0,1.0,0.0,0.0,0.0,0.0,0.0,0.0,0.0,,0.0,1.0,0.0,0.0,0.0,0.0,,,,,,,,,,,,,,,,,,,,,,,
2023,2021013385,2023-09-01,700003.0,坂本 勇人,6.0,遊,1,1.0,1.0,4.0,4.0,0.0,1.0,1.0,0.0,0.0,0.0,0.0,,0.0,3.0,0.0,0.0,0.0,0.0,,,,,,,,,,,,,,,,,,,,,,,
2023,2021013385,2023-09-01,900011.0,大田 泰示,0.0,打,3,1.0,0.0,1.0,1.0,0.0,0.0,0.0,0.0,0.0,0.0,0.0,,0.0,0.0,0.0,0.0,0.0,0.0,,,,,,,,,,,,,,,,,,,,,,,
2023,2021013385,2023-09-01,900397.0,長野 久義,7.0,左右,1,1.0,1.0,4.0,4.0,1.0,1.0,0.0,0.0,1.0,2.0,0.0,,0.0,0.0,0.0,0.0,0.0,0.0,,,,,,,,,,,,,,,,,,,,,,,
2023,2021013385,2023-09-01,1100038.0,今村 信貴,26.0,投,1,1.0,0.0,0.0,0.0,0.0,0.0,0.0,0.0,0.0,0.0,0.0,,0.0,0.0,0.0,0.0,0.0,0.0,4.0,1.0,0.0,0.0,0.0,4.35,1.3333333333333333,1.1,,,0.0,1.0,0.0,0.0,0.0,,0.0,0.0,0.0,,6.0,19.0,
2023,2021013385,2023-09-01,1100061.0,桑原 将志,1.0,中,3,1.0,1.0,5.0,4.0,0.0,2.0,1.0,0.0,0.0,1.0,0.0,,0.0,0.0,0.0,1.0,0.0,0.0,,,,,,,,,,,,,,,,,,,,,,,
2023,2021013385,2023-09-01,1200053.0,宮崎 敏郎,51.0,三,3,1.0,1.0,4.0,4.0,2.0,2.0,0.0,0.0,1.0,1.0,0.0,,0.0,0.0,0.0,0.0,0.0,0.0,,,,,,,,,,,,,,,,,,,,,,,
2023,2021013385,2023-09-01,1300038.0,関根 大気,63.0,右左,3,1.0,1.0,5.0,3.0,3.0,1.0,0.0,0.0,0.0,1.0,0.0,,2.0,0.0,0.0,0.0,0.0,0.0,,,,,,,,,,,,,,,,,,,,,,,
2023,2021013385,2023-09-01,1400101.0,岡本 和真,25.0,一,1,1.0,1.0,4.0,3.0,1.0,1.0,0.0,0.0,1.0,1.0,0.0,,1.0,0.0,0.0,0.0,0.0,0.0,,,,,,,,,,,,,,,,,,,,,,,
2023,2021013385,2023-09-01,1500063.0,柴田 竜拓,31.0,三,3,1.0,0.0,1.0,1.0,0.0,0.0,0.0,0.0,0.0,0.0,0.0,,0.0,0.0,0.0,0.0,0.0,0.0,,,,,,,,,,,,,,,,,,,,,,,
2023,2021013385,2023-09-01,1561880.0,ウェンデルケン,49.0,投,3,1.0,0.0,0.0,0.0,0.0,0.0,0.0,0.0,0.0,0.0,0.0,,0.0,0.0,0.0,0.0,0.0,0.0,2.0,1.0,0.0,1.0,2.0,1.57,1.0,1.0,,,0.0,1.0,0.0,0.0,0.0,,0.0,1.0,0.0,,4.0,16.0,
2023,2021013385,2023-09-01,1600059.0,吉川 尚輝,2.0,二,1,1.0,1.0,4.0,4.0,1.0,2.0,0.0,0.0,0.0,0.0,0.0,,0.0,2.0,0.0,0.0,0.0,0.0,,,,,,,,,,,,,,,,,,,,,,,
2023,2021013385,2023-09-01,1600089.0,佐野 恵太,7.0,左,3,1.0,1.0,4.0,4.0,1.0,1.0,0.0,0.0,0.0,2.0,0.0,,0.0,0.0,0.0,0.0,0.0,0.0,,,,,,,,,,,,,,,,,,,,,,,
2023,2021013385,2023-09-01,1600107.0,京田 陽太,98.0,走遊,3,1.0,0.0,0.0,0.0,0.0,0.0,0.0,0.0,0.0,0.0,0.0,,0.0,0.0,0.0,0.0,0.0,0.0,,,,,,,,,,,,,,,,,,,,,,,
2023,2021013385,2023-09-01,1700006.0,エスコバー,62.0,投,3,1.0,0.0,0.0,0.0,0.0,0.0,0.0,0.0,0.0,0.0,0.0,,0.0,0.0,0.0,0.0,0.0,0.0,3.0,1.0,0.0,2.0,1.0,5.61,1.0,1.0,,,0.0,1.0,0.0,0.0,0.0,,0.0,1.0,0.0,,4.0,22.0,
2023,2021013385,2023-09-01,1700020.0,ソト,99.0,一,3,1.0,1.0,4.0,4.0,0.0,0.0,0.0,0.0,0.0,0.0,0.0,,0.0,1.0,0.0,0.0,0.0,0.0,,,,,,,,,,,,,,,,,,,,,,,
2023,2021013385,2023-09-01,1700043.0,岸田 行倫,27.0,捕,1,1.0,1.0,4.0,4.0,0.0,0.0,0.0,0.0,0.0,0.0,0.0,,0.0,1.0,0.0,0.0,0.0,0.0,,,,,,,,,,,,,,,,,,,,,,,
2023,2021013385,2023-09-01,1700045.0,北村 拓己,52.0,一,1,1.0,0.0,0.0,0.0,0.0,0.0,0.0,0.0,0.0,0.0,0.0,,0.0,0.0,0.0,0.0,0.0,0.0,,,,,,,,,,,,,,,,,,,,,,,
2023,2021013385,2023-09-01,1700058.0,東 克樹,11.0,投,3,1.0,1.0,3.0,2.0,0.0,0.0,0.0,0.0,0.0,0.0,0.0,,0.0,1.0,0.0,1.0,0.0,0.0,1.0,1.0,,12.0,2.0,2.18,7.0,7.0,,,0.0,6.0,3.0,3.0,2.0,,1.0,8.0,0.0,,28.0,103.0,
2023,2021013385,2023-09-01,1700066.0,山本 祐大,50.0,捕,3,1.0,1.0,4.0,3.0,1.0,2.0,0.0,0.0,1.0,2.0,0.0,,1.0,0.0,0.0,0.0,0.0,0.0,,,,,,,,,,,,,,,,,,,,,,,
2023,2021013385,2023-09-01,1700110.0,鈴木 康平,32.0,投,1,1.0,0.0,0.0,0.0,0.0,0.0,0.0,0.0,0.0,0.0,0.0,,0.0,0.0,0.0,0.0,0.0,0.0,3.0,1.0,0.0,1.0,1.0,6.59,0.6666666666666666,0.2,,,0.0,4.0,4.0,4.0,2.0,,1.0,1.0,0.0,,8.0,41.0,
2023,2021013385,2023-09-01,1800028.0,戸郷 翔征,20.0,投,1,1.0,1.0,1.0,1.0,0.0,0.0,0.0,0.0,0.0,0.0,0.0,,0.0,1.0,0.0,0.0,0.0,0.0,1.0,1.0,,10.0,5.0,2.98,4.0,4.0,,,0.0,7.0,5.0,5.0,1.0,,2.0,1.0,0.0,,21.0,91.0,
2023,2021013385,2023-09-01,1850208.0,林 琢真,0.0,遊二,3,1.0,1.0,4.0,3.0,1.0,2.0,0.0,0.0,0.0,0.0,0.0,,1.0,0.0,0.0,0.0,0.0,0.0,,,,,,,,,,,,,,,,,,,,,,,
2023,2021013385,2023-09-01,1860031.0,ブリンソン,42.0,中,1,1.0,1.0,4.0,4.0,0.0,1.0,0.0,0.0,0.0,0.0,0.0,,0.0,0.0,0.0,0.0,0.0,0.0,,,,,,,,,,,,,,,,,,,,,,,
2023,2021013385,2023-09-01,1900035.0,蝦名 達夫,61.0,打右,3,1.0,0.0,1.0,1.0,0.0,0.0,0.0,0.0,0.0,0.0,0.0,,0.0,0.0,0.0,0.0,0.0,0.0,,,,,,,,,,,,,,,,,,,,,,,
2023,2021013385,2023-09-01,1960962.0,ビーディ,33.0,投,1,1.0,0.0,0.0,0.0,0.0,0.0,0.0,0.0,0.0,0.0,0.0,,0.0,0.0,0.0,0.0,0.0,0.0,2.0,1.0,0.0,0.0,6.0,4.09,2.0,2.0,,,1.0,0.0,0.0,0.0,0.0,,1.0,0.0,0.0,,6.0,21.0,
2023,2021013385,2023-09-01,2000009.0,秋広 優人,55.0,打左,1,1.0,0.0,2.0,2.0,0.0,1.0,0.0,0.0,0.0,0.0,0.0,,0.0,1.0,0.0,0.0,0.0,0.0,,,,,,,,,,,,,,,,,,,,,,,
2023,2021013385,2023-09-01,2000035.0,牧 秀悟,2.0,二,3,1.0,1.0,5.0,5.0,1.0,2.0,0.0,0.0,1.0,2.0,0.0,,0.0,0.0,0.0,0.0,0.0,0.0,,,,,,,,,,,,,,,,,,,,,,,
2023,2021013385,2023-09-01,2102410.0,浅野 翔吾,51.0,右,1,1.0,1.0,4.0,4.0,0.0,0.0,0.0,0.0,0.0,0.0,0.0,,0.0,1.0,0.0,0.0,0.0,0.0,,,,,,,,,,,,,,,,,,,,,,,
2023,2021013385,2023-09-01,2107874.0,門脇 誠,35.0,三,1,1.0,1.0,4.0,4.0,0.0,1.0,0.0,0.0,0.0,0.0,0.0,,0.0,0.0,0.0,0.0,0.0,1.0,,,,,,,,,,,,,,,,,,,,,,,
2023,2021013386,2023-09-01,800041.0,松山 竜平,55.0,打,6,1.0,0.0,1.0,1.0,0.0,0.0,0.0,0.0,0.0,0.0,0.0,,0.0,1.0,0.0,0.0,0.0,0.0,,,,,,,,,,,,,,,,,,,,,,,
2023,2021013386,2023-09-01,900430.0,堂林 翔太,7.0,一,6,1.0,1.0,4.0,4.0,0.0,2.0,1.0,0.0,0.0,1.0,0.0,,0.0,2.0,0.0,0.0,0.0,0.0,,,,,,,,,,,,,,,,,,,,,,,
2023,2021013386,2023-09-01,1000108.0,後藤 駿太,53.0,打右,4,1.0,0.0,1.0,1.0,0.0,0.0,0.0,0.0,0.0,0.0,0.0,,0.0,0.0,0.0,0.0,0.0,0.0,,,,,,,,,,,,,,,,,,,,,,,
2023,2021013386,2023-09-01,1000116.0,中崎 翔太,21.0,投,6,1.0,0.0,0.0,0.0,0.0,0.0,0.0,0.0,0.0,0.0,0.0,,0.0,0.0,0.0,0.0,0.0,0.0,5.0,1.0,0.0,0.0,0.0,2.49,0.3333333333333333,0.1,,,0.0,0.0,0.0,0.0,0.0,,0.0,0.0,0.0,,1.0,8.0,
2023,2021013386,2023-09-01,1100069.0,高橋 周平,3.0,打三,4,1.0,0.0,1.0,1.0,0.0,0.0,0.0,0.0,0.0,0.0,0.0,,0.0,0.0,0.0,0.0,0.0,0.0,,,,,,,,,,,,,,,,,,,,,,,
2023,2021013386,2023-09-01,1100082.0,菊池 涼介,33.0,打二,6,1.0,0.0,1.0,1.0,0.0,1.0,0.0,0.0,0.0,0.0,0.0,,0.0,0.0,0.0,0.0,0.0,0.0,,,,,,,,,,,,,,,,,,,,,,,
2023,2021013386,2023-09-01,1200097.0,加藤 翔平,52.0,打左,4,1.0,0.0,2.0,2.0,0.0,0.0,0.0,0.0,0.0,0.0,0.0,,0.0,0.0,0.0,0.0,0.0,0.0,,,,,,,,,,,,,,,,,,,,,,,
2023,2021013386,2023-09-01,1300059.0,田中 広輔,2.0,打,6,1.0,0.0,1.0,1.0,0.0,0.0,0.0,0.0,0.0,0.0,0.0,,0.0,0.0,0.0,0.0,0.0,0.0,,,,,,,,,,,,,,,,,,,,,,,
2023,2021013386,2023-09-01,1300082.0,曽根 海成,0.0,走三,6,1.0,0.0,0.0,0.0,0.0,0.0,0.0,0.0,0.0,0.0,0.0,,0.0,0.0,0.0,0.0,0.0,0.0,,,,,,,,,,,,,,,,,,,,,,,
2023,2021013386,2023-09-01,1400173.0,野間 峻祥,37.0,中,6,1.0,1.0,5.0,4.0,0.0,1.0,0.0,0.0,0.0,0.0,0.0,,1.0,0.0,0.0,0.0,0.0,0.0,,,,,,,,,,,,,,,,,,,,,,,
2023,2021013386,2023-09-01,1400199.0,齋藤 綱記,59.0,投,4,1.0,0.0,0.0,0.0,0.0,0.0,0.0,0.0,0.0,0.0,0.0,,0.0,0.0,0.0,0.0,0.0,0.0,3.0,1.0,0.0,1.0,0.0,0.5,0.3333333333333333,0.1,,,0.0,0.0,0.0,0.0,0.0,,0.0,1.0,0.0,,1.0,5.0,
2023,2021013386,2023-09-01,1460004.0,デビッドソン,95.0,三,6,1.0,1.0,3.0,2.0,0.0,0.0,0.0,0.0,0.0,0.0,0.0,,1.0,1.0,0.0,0.0,0.0,0.0,,,,,,,,,,,,,,,,,,,,,,,
2023,2021013386,2023-09-01,1500076.0,木下 拓哉,35.0,捕,4,1.0,1.0,4.0,4.0,0.0,1.0,0.0,0.0,0.0,1.0,0.0,,0.0,1.0,0.0,0.0,0.0,0.0,,,,,,,,,,,,,,,,,,,,,,,
2023,2021013386,2023-09-01,1500096.0,西川 龍馬,5.0,左,6,1.0,1.0,4.0,4.0,1.0,1.0,1.0,0.0,0.0,0.0,0.0,,0.0,1.0,0.0,0.0,0.0,0.0,,,,,,,,,,,,,,,,,,,,,,,
2023,2021013386,2023-09-01,1560639.0,カリステ,99.0,遊,4,1.0,1.0,5.0,5.0,3.0,3.0,0.0,0.0,2.0,2.0,0.0,,0.0,1.0,0.0,0.0,0.0,0.0,,,,,,,,,,,,,,,,,,,,,,,
2023,2021013386,2023-09-01,1600021.0,ビシエド,66.0,一,4,1.0,1.0,4.0,1.0,0.0,0.0,0.0,0.0,0.0,0.0,0.0,,3.0,0.0,0.0,0.0,0.0,0.0,,,,,,,,,,,,,,,,,,,,,,,
2023,2021013386,2023-09-01,1600085.0,細川 成也,0.0,右,4,1.0,1.0,4.0,4.0,1.0,1.0,0.0,0.0,1.0,1.0,0.0,,0.0,2.0,0.0,0.0,0.0,0.0,,,,,,,,,,,,,,,,,,,,,,,
2023,2021013386,2023-09-01,1600108.0,石垣 雅海,32.0,二,4,1.0,0.0,0.0,0.0,0.0,0.0,0.0,0.0,0.0,0.0,0.0,,0.0,0.0,0.0,0.0,0.0,0.0,,,,,,,,,,,,,,,,,,,,,,,
2023,2021013386,2023-09-01,1600110.0,藤嶋 健人,54.0,投,4,1.0,0.0,0.0,0.0,0.0,0.0,0.0,0.0,0.0,0.0,0.0,,0.0,0.0,0.0,0.0,0.0,0.0,4.0,1.0,0.0,1.0,1.0,1.31,1.0,1.0,,,0.0,0.0,0.0,0.0,0.0,,0.0,0.0,0.0,,3.0,15.0,
2023,2021013386,2023-09-01,1600121.0,矢崎 拓也,41.0,投,6,1.0,0.0,0.0,0.0,0.0,0.0,0.0,0.0,0.0,0.0,0.0,,0.0,0.0,0.0,0.0,0.0,0.0,3.0,1.0,0.0,4.0,2.0,2.76,1.0,1.0,,,24.0,0.0,0.0,0.0,0.0,,0.0,1.0,0.0,,3.0,10.0,
2023,2021013386,2023-09-01,1600124.0,坂倉 将吾,31.0,捕,6,1.0,1.0,4.0,2.0,0.0,0.0,0.0,0.0,0.0,1.0,1.0,,2.0,0.0,0.0,0.0,0.0,0.0,,,,,,,,,,,,,,,,,,,,,,,
2023,2021013386,2023-09-01,1660045.0,フェリス,93.0,投,4,1.0,0.0,0.0,0.0,0.0,0.0,0.0,0.0,0.0,0.0,0.0,,0.0,0.0,0.0,0.0,0.0,0.0,2.0,1.0,0.0,1.0,0.0,0.0,0.6666666666666666,0.2,,,0.0,1.0,0.0,0.0,0.0,,1.0,1.0,0.0,,4.0,15.0,
2023,2021013386,2023-09-01,1700010.0,マルティネス,92.0,投,4,1.0,0.0,0.0,0.0,0.0,0.0,0.0,0.0,0.0,0.0,0.0,,0.0,0.0,0.0,0.0,0.0,0.0,6.0,1.0,0.0,3.0,1.0,0.21,1.0,1.0,,,29.0,0.0,0.0,0.0,0.0,,1.0,1.0,0.0,,4.0,16.0,
2023,2021013386,2023-09-01,1750223.0,村松 開人,5.0,二,4,1.0,1.0,3.0,3.0,0.0,0.0,0.0,0.0,0.0,0.0,0.0,,0.0,2.0,0.0,0.0,0.0,0.0,,,,,,,,,,,,,,,,,,,,,,,
2023,2021013386,2023-09-01,1800072.0,小園 海斗,51.0,二三,6,1.0,1.0,5.0,4.0,2.0,2.0,0.0,0.0,1.0,1.0,0.0,,1.0,1.0,0.0,0.0,0.0,1.0,,,,,,,,,,,,,,,,,,,,,,,
2023,2021013386,2023-09-01,1800073.0,島内 颯太郎,43.0,投,6,1.0,0.0,0.0,0.0,0.0,0.0,0.0,0.0,0.0,0.0,0.0,,0.0,0.0,0.0,0.0,0.0,0.0,4.0,1.0,0.0,1.0,3.0,1.88,0.6666666666666666,0.2,,,2.0,3.0,2.0,2.0,1.0,,1.0,1.0,0.0,,6.0,24.0,
2023,2021013386,2023-09-01,1800078.0,羽月 隆太郎,69.0,打,6,1.0,0.0,1.0,1.0,0.0,0.0,0.0,0.0,0.0,0.0,0.0,,0.0,0.0,0.0,0.0,0.0,0.0,,,,,,,,,,,,,,,,,,,,,,,
2023,2021013386,2023-09-01,1860147.0,アンダーソン,42.0,投,6,1.0,0.0,0.0,0.0,0.0,0.0,0.0,0.0,0.0,0.0,0.0,,0.0,0.0,0.0,0.0,0.0,0.0,6.0,1.0,0.0,4.0,1.0,2.48,1.0,1.0,,,0.0,1.0,0.0,0.0,0.0,,0.0,0.0,0.0,,4.0,16.0,
2023,2021013386,2023-09-01,1900037.0,石川 昂弥,25.0,三,4,1.0,1.0,4.0,4.0,0.0,2.0,2.0,0.0,0.0,1.0,0.0,,0.0,0.0,0.0,0.0,0.0,0.0,,,,,,,,,,,,,,,,,,,,,,,
2023,2021013386,2023-09-01,1900041.0,岡林 勇希,60.0,中,4,1.0,1.0,5.0,5.0,0.0,1.0,0.0,0.0,0.0,0.0,0.0,,0.0,0.0,0.0,0.0,0.0,0.0,,,,,,,,,,,,,,,,,,,,,,,
2023,2021013386,2023-09-01,1900057.0,玉村 昇悟,65.0,投,6,1.0,1.0,1.0,1.0,0.0,0.0,0.0,0.0,0.0,0.0,0.0,,0.0,1.0,0.0,0.0,0.0,0.0,1.0,1.0,,3.0,0.0,5.01,5.0,5.0,,,0.0,4.0,3.0,3.0,2.0,,1.0,7.0,0.0,,20.0,74.0,
2023,2021013386,2023-09-01,2000044.0,龍空,45.0,遊,4,1.0,0.0,0.0,0.0,0.0,0.0,0.0,0.0,0.0,0.0,0.0,,0.0,0.0,0.0,0.0,0.0,0.0,,,,,,,,,,,,,,,,,,,,,,,
2023,2021013386,2023-09-01,2000047.0,三好 大倫,30.0,走,4,1.0,0.0,0.0,0.0,1.0,0.0,0.0,0.0,0.0,0.0,0.0,,0.0,0.0,0.0,0.0,0.0,0.0,,,,,,,,,,,,,,,,,,,,,,,
2023,2021013386,2023-09-01,2000062.0,大道 温貴,12.0,投,6,1.0,0.0,0.0,0.0,0.0,0.0,0.0,0.0,0.0,0.0,0.0,,0.0,0.0,0.0,0.0,0.0,0.0,2.0,1.0,0.0,2.0,0.0,2.68,1.0,1.0,,,0.0,0.0,0.0,0.0,0.0,,1.0,0.0,0.0,,4.0,26.0,
2023,2021013386,2023-09-01,2000065.0,矢野 雅哉,61.0,遊,6,1.0,1.0,5.0,5.0,0.0,0.0,0.0,0.0,0.0,0.0,0.0,,0.0,1.0,0.0,0.0,0.0,0.0,,,,,,,,,,,,,,,,,,,,,,,
2023,2021013386,2023-09-01,2103768.0,末包 昇大,52.0,右,6,1.0,1.0,4.0,4.0,0.0,0.0,0.0,0.0,0.0,0.0,0.0,,0.0,2.0,0.0,0.0,0.0,0.0,,,,,,,,,,,,,,,,,,,,,,,
2023,2021013386,2023-09-01,2103845.0,鵜飼 航丞,4.0,左,4,1.0,1.0,3.0,3.0,0.0,0.0,0.0,0.0,0.0,0.0,0.0,,0.0,1.0,0.0,0.0,0.0,0.0,,,,,,,,,,,,,,,,,,,,,,,
2023,2021013386,2023-09-01,2107860.0,仲地 礼亜,31.0,投,4,1.0,1.0,2.0,2.0,0.0,0.0,0.0,0.0,0.0,0.0,0.0,,0.0,2.0,0.0,0.0,0.0,0.0,1.0,1.0,,1.0,4.0,6.67,5.0,5.0,,,0.0,5.0,3.0,3.0,1.0,,2.0,4.0,0.0,,22.0,103.0,
2023,2021013386,2023-09-01,2107869.0,松山 晋也,90.0,投,4,1.0,0.0,0.0,0.0,0.0,0.0,0.0,0.0,0.0,0.0,0.0,,0.0,0.0,0.0,0.0,0.0,0.0,5.0,1.0,0.0,0.0,0.0,1.16,1.0,1.0,,,0.0,1.0,0.0,0.0,0.0,,1.0,3.0,0.0,,5.0,20.0,
2023,2021013387,2023-09-01,1100095.0,松本 剛,7.0,左,8,1.0,1.0,4.0,4.0,2.0,2.0,0.0,0.0,0.0,0.0,0.0,,0.0,0.0,0.0,0.0,0.0,0.0,,,,,,,,,,,,,,,,,,,,,,,
2023,2021013387,2023-09-01,1100099.0,上沢 直之,15.0,,8,,,,,,,,,,,,,,,,,,,1.0,1.0,,8.0,7.0,2.66,9.0,9.0,,,0.0,3.0,0.0,0.0,0.0,,1.0,7.0,1.0,,31.0,114.0,
2023,2021013387,2023-09-01,1160424.0,ゴンザレス,8.0,二,11,1.0,1.0,3.0,3.0,0.0,1.0,1.0,0.0,0.0,0.0,0.0,,0.0,0.0,0.0,0.0,0.0,0.0,,,,,,,,,,,,,,,,,,,,,,,
2023,2021013387,2023-09-01,1200100.0,伏見 寅威,23.0,捕,8,1.0,1.0,4.0,4.0,1.0,1.0,0.0,0.0,1.0,1.0,0.0,,0.0,0.0,0.0,0.0,0.0,0.0,,,,,,,,,,,,,,,,,,,,,,,
2023,2021013387,2023-09-01,1251037.0,上川畑 大悟,4.0,二,8,1.0,1.0,3.0,1.0,0.0,0.0,0.0,0.0,0.0,0.0,0.0,,1.0,1.0,0.0,1.0,0.0,0.0,,,,,,,,,,,,,,,,,,,,,,,
2023,2021013387,2023-09-01,1300100.0,森 友哉,4.0,指,11,1.0,1.0,4.0,4.0,0.0,0.0,0.0,0.0,0.0,0.0,0.0,,0.0,1.0,0.0,0.0,0.0,0.0,,,,,,,,,,,,,,,,,,,,,,,
2023,2021013387,2023-09-01,1300109.0,若月 健矢,2.0,捕,11,1.0,1.0,3.0,3.0,0.0,0.0,0.0,0.0,0.0,0.0,0.0,,0.0,1.0,0.0,0.0,0.0,0.0,,,,,,,,,,,,,,,,,,,,,,,
2023,2021013387,2023-09-01,1400170.0,江越 大賀,37.0,走指,8,1.0,0.0,1.0,1.0,0.0,0.0,0.0,0.0,0.0,0.0,0.0,,0.0,1.0,0.0,0.0,0.0,0.0,,,,,,,,,,,,,,,,,,,,,,,
2023,2021013387,2023-09-01,1400186.0,山田 遥楓,49.0,遊一,8,1.0,1.0,3.0,3.0,0.0,0.0,0.0,0.0,0.0,0.0,0.0,,0.0,0.0,0.0,0.0,0.0,0.0,,,,,,,,,,,,,,,,,,,,,,,
2023,2021013387,2023-09-01,1400195.0,山崎 福也,11.0,,11,,,,,,,,,,,,,,,,,,,1.0,1.0,,9.0,4.0,3.4,7.0,7.0,,,0.0,6.0,2.0,2.0,1.0,,2.0,3.0,0.0,,27.0,92.0,
2023,2021013387,2023-09-01,1400196.0,宗 佑磨,6.0,三,11,1.0,1.0,4.0,4.0,0.0,0.0,0.0,0.0,0.0,0.0,0.0,,0.0,0.0,0.0,0.0,0.0,0.0,,,,,,,,,,,,,,,,,,,,,,,
2023,2021013387,2023-09-01,1400197.0,佐野 皓大,41.0,走中,11,1.0,0.0,0.0,0.0,0.0,0.0,0.0,0.0,0.0,0.0,0.0,,0.0,0.0,0.0,0.0,0.0,0.0,,,,,,,,,,,,,,,,,,,,,,,
2023,2021013387,2023-09-01,1400201.0,西野 真弘,5.0,打,11,1.0,0.0,1.0,1.0,0.0,0.0,0.0,0.0,0.0,0.0,0.0,,0.0,0.0,0.0,0.0,0.0,0.0,,,,,,,,,,,,,,,,,,,,,,,
2023,2021013387,2023-09-01,1500130.0,吉田 凌,66.0,,11,,,,,,,,,,,,,,,,,,,2.0,1.0,0.0,0.0,0.0,3.38,1.0,1.0,,,0.0,3.0,1.0,1.0,0.0,,0.0,1.0,0.0,,6.0,19.0,
2023,2021013387,2023-09-01,1700025.0,清宮 幸太郎,21.0,三,8,1.0,1.0,4.0,3.0,0.0,1.0,0.0,0.0,0.0,1.0,0.0,,1.0,1.0,0.0,0.0,0.0,0.0,,,,,,,,,,,,,,,,,,,,,,,
2023,2021013387,2023-09-01,1800008.0,マルティネス,2.0,指,8,1.0,1.0,3.0,3.0,0.0,1.0,0.0,0.0,0.0,0.0,0.0,,0.0,0.0,0.0,0.0,0.0,0.0,,,,,,,,,,,,,,,,,,,,,,,
2023,2021013387,2023-09-01,1800093.0,万波 中正,66.0,右,8,1.0,1.0,4.0,4.0,0.0,1.0,0.0,0.0,0.0,1.0,0.0,,0.0,1.0,0.0,0.0,0.0,0.0,,,,,,,,,,,,,,,,,,,,,,,
2023,2021013387,2023-09-01,1800099.0,頓宮 裕真,44.0,一,11,1.0,1.0,3.0,3.0,0.0,2.0,1.0,0.0,0.0,0.0,0.0,,0.0,0.0,0.0,0.0,0.0,0.0,,,,,,,,,,,,,,,,,,,,,,,
2023,2021013387,2023-09-01,1800102.0,宜保 翔,53.0,走二,11,1.0,0.0,0.0,0.0,0.0,0.0,0.0,0.0,0.0,0.0,0.0,,0.0,0.0,0.0,0.0,0.0,0.0,,,,,,,,,,,,,,,,,,,,,,,
2023,2021013387,2023-09-01,1850932.0,奈良間 大己,58.0,走遊,8,1.0,0.0,0.0,0.0,0.0,0.0,0.0,0.0,0.0,0.0,0.0,,0.0,0.0,0.0,0.0,0.0,0.0,,,,,,,,,,,,,,,,,,,,,,,
2023,2021013387,2023-09-01,1900040.0,郡司 裕也,30.0,一,8,1.0,1.0,4.0,4.0,0.0,3.0,0.0,0.0,0.0,0.0,0.0,,0.0,0.0,0.0,0.0,0.0,0.0,,,,,,,,,,,,,,,,,,,,,,,
2023,2021013387,2023-09-01,1900088.0,紅林 弘太郎,24.0,遊,11,1.0,1.0,3.0,2.0,0.0,0.0,0.0,0.0,0.0,0.0,0.0,,1.0,1.0,0.0,0.0,0.0,0.0,,,,,,,,,,,,,,,,,,,,,,,
2023,2021013387,2023-09-01,2000080.0,五十幡 亮汰,50.0,中,8,1.0,1.0,3.0,3.0,0.0,0.0,0.0,0.0,0.0,0.0,0.0,,0.0,0.0,0.0,0.0,0.0,0.0,,,,,,,,,,,,,,,,,,,,,,,
2023,2021013387,2023-09-01,2000098.0,来田 涼斗,38.0,右,11,1.0,1.0,2.0,2.0,0.0,0.0,0.0,0.0,0.0,0.0,0.0,,0.0,2.0,0.0,0.0,0.0,0.0,,,,,,,,,,,,,,,,,,,,,,,
2023,2021013387,2023-09-01,2050254.0,池田 陵真,39.0,左,11,1.0,1.0,4.0,3.0,0.0,0.0,0.0,0.0,0.0,0.0,0.0,,0.0,2.0,1.0,0.0,0.0,0.0,,,,,,,,,,,,,,,,,,,,,,,
2023,2021013387,2023-09-01,2107897.0,茶野 篤政,61.0,中右,11,1.0,1.0,4.0,4.0,0.0,0.0,0.0,0.0,0.0,0.0,0.0,,0.0,0.0,0.0,0.0,0.0,0.0,,,,,,,,,,,,,,,,,,,,,,,
2023,2021013388,2023-09-01,12102.0,栗山 巧,1.0,指,7,1.0,1.0,4.0,3.0,2.0,1.0,0.0,0.0,1.0,3.0,0.0,,1.0,1.0,0.0,0.0,0.0,0.0,,,,,,,,,,,,,,,,,,,,,,,
2023,2021013388,2023-09-01,800081.0,中村 晃,7.0,一,12,1.0,1.0,4.0,3.0,0.0,2.0,0.0,0.0,0.0,0.0,0.0,,1.0,0.0,0.0,0.0,0.0,0.0,,,,,,,,,,,,,,,,,,,,,,,
2023,2021013388,2023-09-01,1000035.0,今宮 健太,6.0,遊,12,1.0,1.0,3.0,3.0,0.0,1.0,0.0,0.0,0.0,0.0,0.0,,0.0,0.0,0.0,0.0,0.0,0.0,,,,,,,,,,,,,,,,,,,,,,,
2023,2021013388,2023-09-01,1000128.0,柳田 悠岐,9.0,右,12,1.0,1.0,4.0,4.0,0.0,0.0,0.0,0.0,0.0,0.0,0.0,,0.0,1.0,0.0,0.0,0.0,0.0,,,,,,,,,,,,,,,,,,,,,,,
2023,2021013388,2023-09-01,1000176.0,甲斐 拓也,19.0,捕,12,1.0,1.0,1.0,1.0,0.0,0.0,0.0,0.0,0.0,0.0,0.0,,0.0,0.0,0.0,0.0,0.0,0.0,,,,,,,,,,,,,,,,,,,,,,,
2023,2021013388,2023-09-01,1100097.0,近藤 健介,3.0,指,12,1.0,1.0,4.0,4.0,0.0,1.0,0.0,0.0,0.0,0.0,0.0,,0.0,1.0,0.0,0.0,0.0,0.0,,,,,,,,,,,,,,,,,,,,,,,
2023,2021013388,2023-09-01,1300079.0,上林 誠知,51.0,中,12,1.0,1.0,4.0,4.0,0.0,1.0,0.0,0.0,0.0,0.0,0.0,,0.0,1.0,0.0,0.0,0.0,0.0,,,,,,,,,,,,,,,,,,,,,,,
2023,2021013388,2023-09-01,1300080.0,石川 柊太,29.0,,12,,,,,,,,,,,,,,,,,,,1.0,1.0,,4.0,6.0,3.73,4.0,4.0,,,0.0,9.0,6.0,6.0,1.0,,3.0,2.0,0.0,,24.0,104.0,
2023,2021013388,2023-09-01,1400184.0,外崎 修汰,5.0,二,7,1.0,1.0,4.0,4.0,0.0,2.0,0.0,0.0,0.0,2.0,1.0,,0.0,0.0,0.0,0.0,0.0,0.0,,,,,,,,,,,,,,,,,,,,,,,
2023,2021013388,2023-09-01,1500102.0,愛斗,53.0,打左,7,1.0,0.0,1.0,1.0,0.0,0.0,0.0,0.0,0.0,0.0,0.0,,0.0,1.0,0.0,0.0,0.0,0.0,,,,,,,,,,,,,,,,,,,,,,,
2023,2021013388,2023-09-01,1500140.0,谷川原 健太,45.0,打捕,12,1.0,0.0,2.0,2.0,0.0,0.0,0.0,0.0,0.0,0.0,0.0,,0.0,2.0,0.0,0.0,0.0,0.0,,,,,,,,,,,,,,,,,,,,,,,
2023,2021013388,2023-09-01,1500143.0,川瀬 晃,0.0,遊,12,1.0,0.0,0.0,0.0,0.0,0.0,0.0,0.0,0.0,0.0,0.0,,0.0,0.0,0.0,0.0,0.0,0.0,,,,,,,,,,,,,,,,,,,,,,,
2023,2021013388,2023-09-01,1600129.0,源田 壮亮,6.0,遊,7,1.0,1.0,5.0,4.0,1.0,3.0,1.0,0.0,0.0,0.0,0.0,,0.0,0.0,1.0,0.0,0.0,0.0,,,,,,,,,,,,,,,,,,,,,,,
2023,2021013388,2023-09-01,1600167.0,三森 大貴,13.0,二,12,1.0,1.0,3.0,3.0,0.0,0.0,0.0,0.0,0.0,0.0,0.0,,0.0,1.0,0.0,0.0,0.0,0.0,,,,,,,,,,,,,,,,,,,,,,,
2023,2021013388,2023-09-01,1700122.0,西川 愛也,51.0,中,7,1.0,1.0,4.0,4.0,0.0,2.0,0.0,0.0,0.0,0.0,0.0,,0.0,0.0,0.0,0.0,0.0,0.0,,,,,,,,,,,,,,,,,,,,,,,
2023,2021013388,2023-09-01,1700124.0,平良 海馬,61.0,,7,,,,,,,,,,,,,,,,,,,1.0,1.0,,9.0,6.0,2.25,7.0,7.0,,,0.0,6.0,0.0,0.0,0.0,,1.0,5.0,0.0,,27.0,108.0,
2023,2021013388,2023-09-01,1700133.0,田浦 文丸,56.0,,12,,,,,,,,,,,,,,,,,,,4.0,1.0,0.0,2.0,1.0,1.42,1.0,1.0,,,0.0,0.0,0.0,0.0,0.0,,0.0,1.0,1.0,,4.0,9.0,
2023,2021013388,2023-09-01,1700134.0,尾形 崇斗,39.0,,12,,,,,,,,,,,,,,,,,,,2.0,1.0,0.0,0.0,1.0,3.38,2.0,2.0,,,0.0,3.0,0.0,0.0,0.0,,0.0,2.0,0.0,,8.0,35.0,
2023,2021013388,2023-09-01,1700135.0,周東 佑京,23.0,二,12,1.0,0.0,1.0,1.0,0.0,0.0,0.0,0.0,0.0,0.0,0.0,,0.0,0.0,0.0,0.0,0.0,0.0,,,,,,,,,,,,,,,,,,,,,,,
2023,2021013388,2023-09-01,1800082.0,山野辺 翔,4.0,走三,7,1.0,0.0,0.0,0.0,0.0,0.0,0.0,0.0,0.0,0.0,0.0,,0.0,0.0,0.0,0.0,0.0,0.0,,,,,,,,,,,,,,,,,,,,,,,
2023,2021013388,2023-09-01,1800086.0,佐藤 龍世,58.0,三二,7,1.0,1.0,4.0,4.0,0.0,2.0,0.0,0.0,0.0,1.0,0.0,,0.0,1.0,0.0,0.0,0.0,0.0,,,,,,,,,,,,,,,,,,,,,,,
2023,2021013388,2023-09-01,1800106.0,甲斐野 央,20.0,,12,,,,,,,,,,,,,,,,,,,3.0,1.0,0.0,1.0,1.0,2.76,1.0,1.0,,,2.0,1.0,0.0,0.0,0.0,,0.0,0.0,0.0,,4.0,13.0,
2023,2021013388,2023-09-01,1850820.0,蛭間 拓哉,9.0,右,7,1.0,1.0,5.0,4.0,2.0,1.0,0.0,0.0,0.0,0.0,0.0,,1.0,0.0,0.0,0.0,0.0,0.0,,,,,,,,,,,,,,,,,,,,,,,
2023,2021013388,2023-09-01,1900065.0,柘植 世那,37.0,捕,7,1.0,1.0,4.0,4.0,0.0,1.0,0.0,0.0,0.0,0.0,0.0,,0.0,0.0,0.0,0.0,0.0,0.0,,,,,,,,,,,,,,,,,,,,,,,
2023,2021013388,2023-09-01,1900068.0,岸 潤一郎,68.0,左,7,1.0,1.0,4.0,4.0,0.0,0.0,0.0,0.0,0.0,0.0,0.0,,0.0,1.0,0.0,0.0,0.0,0.0,,,,,,,,,,,,,,,,,,,,,,,
2023,2021013388,2023-09-01,1900104.0,柳町 達,32.0,左,12,1.0,1.0,4.0,4.0,0.0,2.0,0.0,0.0,0.0,0.0,0.0,,0.0,1.0,0.0,0.0,0.0,0.0,,,,,,,,,,,,,,,,,,,,,,,
2023,2021013388,2023-09-01,1961030.0,ティノコ,54.0,,7,,,,,,,,,,,,,,,,,,,3.0,1.0,0.0,0.0,3.0,3.0,1.0,1.0,,,0.0,1.0,0.0,0.0,0.0,,1.0,2.0,0.0,,5.0,26.0,
2023,2021013388,2023-09-01,2000067.0,渡部 健人,8.0,一,7,1.0,1.0,5.0,4.0,1.0,1.0,0.0,0.0,0.0,0.0,0.0,,1.0,1.0,0.0,0.0,0.0,0.0,,,,,,,,,,,,,,,,,,,,,,,
2023,2021013388,2023-09-01,2000078.0,水上 由伸,69.0,,7,,,,,,,,,,,,,,,,,,,2.0,1.0,0.0,0.0,1.0,0.87,1.0,1.0,,,0.0,0.0,0.0,0.0,0.0,,0.0,1.0,0.0,,3.0,14.0,
2023,2021013388,2023-09-01,2104035.0,野村 勇,99.0,三,12,1.0,1.0,4.0,3.0,0.0,0.0,0.0,0.0,0.0,0.0,0.0,,1.0,1.0,0.0,0.0,0.0,0.0,,,,,,,,,,,,,,,,,,,,,,,
2023,2021013388,2023-09-01,2105684.0,児玉 亮涼,0.0,二遊,7,1.0,0.0,0.0,0.0,0.0,0.0,0.0,0.0,0.0,0.0,0.0,,0.0,0.0,0.0,0.0,0.0,0.0,,,,,,,,,,,,,,,,,,,,,,,
2023,2021013388,2023-09-01,2107661.0,生海,37.0,打右,12,1.0,0.0,1.0,1.0,0.0,0.0,0.0,0.0,0.0,0.0,0.0,,0.0,0.0,0.0,0.0,0.0,0.0,,,,,,,,,,,,,,,,,,,,,,,
2023,2021013389,2023-09-01,600026.0,炭谷 銀仁朗,26.0,捕,376,1.0,1.0,3.0,3.0,0.0,1.0,0.0,0.0,0.0,0.0,0.0,,0.0,1.0,0.0,0.0,0.0,0.0,,,,,,,,,,,,,,,,,,,,,,,
2023,2021013389,2023-09-01,700065.0,岸 孝之,11.0,,376,,,,,,,,,,,,,,,,,,,1.0,1.0,,5.0,5.0,2.98,6.0,6.0,,,0.0,6.0,4.0,4.0,2.0,,1.0,3.0,0.0,,24.0,100.0,
2023,2021013389,2023-09-01,900056.0,浅村 栄斗,3.0,二,376,1.0,1.0,4.0,3.0,0.0,1.0,0.0,0.0,0.0,0.0,0.0,,1.0,2.0,0.0,0.0,0.0,0.0,,,,,,,,,,,,,,,,,,,,,,,
2023,2021013389,2023-09-01,1000155.0,美馬 学,15.0,,9,,,,,,,,,,,,,,,,,,,1.0,1.0,,2.0,7.0,4.91,7.0,7.0,,,0.0,4.0,0.0,0.0,0.0,,1.0,7.0,1.0,,27.0,106.0,
2023,2021013389,2023-09-01,1100096.0,石川 慎吾,50.0,左,9,1.0,1.0,3.0,3.0,0.0,2.0,0.0,0.0,0.0,0.0,0.0,,0.0,0.0,0.0,0.0,0.0,0.0,,,,,,,,,,,,,,,,,,,,,,,
2023,2021013389,2023-09-01,1100103.0,鈴木 大地,7.0,一,376,1.0,1.0,4.0,2.0,0.0,0.0,0.0,0.0,0.0,0.0,0.0,,1.0,1.0,1.0,0.0,0.0,0.0,,,,,,,,,,,,,,,,,,,,,,,
2023,2021013389,2023-09-01,1100130.0,岡島 豪郎,27.0,打左,376,1.0,0.0,1.0,1.0,0.0,0.0,0.0,0.0,0.0,0.0,0.0,,0.0,1.0,0.0,0.0,0.0,0.0,,,,,,,,,,,,,,,,,,,,,,,
2023,2021013389,2023-09-01,1100132.0,島内 宏明,35.0,指,376,1.0,1.0,4.0,4.0,0.0,1.0,0.0,0.0,0.0,0.0,0.0,,0.0,1.0,0.0,0.0,0.0,0.0,,,,,,,,,,,,,,,,,,,,,,,
2023,2021013389,2023-09-01,1200096.0,田村 龍弘,27.0,捕,9,1.0,1.0,3.0,2.0,0.0,0.0,0.0,0.0,0.0,0.0,0.0,,0.0,0.0,0.0,1.0,0.0,0.0,,,,,,,,,,,,,,,,,,,,,,,
2023,2021013389,2023-09-01,1300044.0,岡 大海,25.0,右,9,1.0,1.0,4.0,4.0,0.0,1.0,0.0,0.0,0.0,0.0,1.0,,0.0,2.0,0.0,0.0,0.0,0.0,,,,,,,,,,,,,,,,,,,,,,,
2023,2021013389,2023-09-01,1400188.0,中村 奨吾,8.0,二,9,1.0,1.0,4.0,3.0,1.0,1.0,0.0,0.0,0.0,0.0,0.0,,1.0,0.0,0.0,0.0,0.0,0.0,,,,,,,,,,,,,,,,,,,,,,,
2023,2021013389,2023-09-01,1400190.0,岩下 大輝,46.0,,9,,,,,,,,,,,,,,,,,,,4.0,1.0,0.0,1.0,0.0,1.16,1.0,1.0,,,0.0,0.0,0.0,0.0,0.0,,0.0,1.0,0.0,,3.0,7.0,
2023,2021013389,2023-09-01,1460080.0,ポランコ,22.0,指,9,1.0,1.0,4.0,4.0,1.0,2.0,0.0,0.0,1.0,3.0,0.0,,0.0,0.0,0.0,0.0,0.0,0.0,,,,,,,,,,,,,,,,,,,,,,,
2023,2021013389,2023-09-01,1460250.0,フランコ,23.0,三,376,1.0,1.0,3.0,3.0,0.0,0.0,0.0,0.0,0.0,0.0,0.0,,0.0,0.0,0.0,0.0,0.0,0.0,,,,,,,,,,,,,,,,,,,,,,,
2023,2021013389,2023-09-01,1500078.0,阿部 寿樹,4.0,打,376,1.0,0.0,1.0,1.0,0.0,0.0,0.0,0.0,0.0,0.0,0.0,,0.0,0.0,0.0,0.0,0.0,0.0,,,,,,,,,,,,,,,,,,,,,,,
2023,2021013389,2023-09-01,1500120.0,東條 大樹,20.0,,9,,,,,,,,,,,,,,,,,,,3.0,1.0,0.0,0.0,0.0,8.22,0.3333333333333333,0.1,,,1.0,1.0,0.0,0.0,0.0,,1.0,1.0,0.0,,3.0,16.0,
2023,2021013389,2023-09-01,1600012.0,宋 家豪,43.0,,376,,,,,,,,,,,,,,,,,,,2.0,1.0,0.0,2.0,0.0,2.97,1.0,1.0,,,0.0,1.0,0.0,0.0,0.0,,0.0,0.0,0.0,,4.0,8.0,
2023,2021013389,2023-09-01,1700034.0,山崎 剛,34.0,遊,376,1.0,1.0,4.0,4.0,0.0,0.0,0.0,0.0,0.0,0.0,0.0,,0.0,2.0,0.0,0.0,0.0,0.0,,,,,,,,,,,,,,,,,,,,,,,
2023,2021013389,2023-09-01,1700092.0,安田 尚憲,5.0,三,9,1.0,1.0,4.0,4.0,0.0,1.0,1.0,0.0,0.0,1.0,0.0,,0.0,0.0,0.0,0.0,0.0,0.0,,,,,,,,,,,,,,,,,,,,,,,
2023,2021013389,2023-09-01,1700093.0,藤岡 裕大,4.0,遊,9,1.0,1.0,4.0,3.0,1.0,0.0,0.0,0.0,0.0,0.0,0.0,,1.0,0.0,0.0,0.0,0.0,0.0,,,,,,,,,,,,,,,,,,,,,,,
2023,2021013389,2023-09-01,1700098.0,和田 康士朗,63.0,走左,9,1.0,0.0,1.0,1.0,1.0,0.0,0.0,0.0,0.0,0.0,1.0,,0.0,1.0,0.0,0.0,0.0,0.0,,,,,,,,,,,,,,,,,,,,,,,
2023,2021013389,2023-09-01,1800037.0,坂本 光士郎,36.0,,9,,,,,,,,,,,,,,,,,,,2.0,1.0,0.0,1.0,0.0,3.65,0.6666666666666666,0.2,,,0.0,0.0,0.0,0.0,0.0,,1.0,1.0,0.0,,3.0,15.0,
2023,2021013389,2023-09-01,1800050.0,藤原 恭大,1.0,中,9,1.0,1.0,3.0,3.0,0.0,0.0,0.0,0.0,0.0,0.0,0.0,,0.0,0.0,0.0,0.0,0.0,0.0,,,,,,,,,,,,,,,,,,,,,,,
2023,2021013389,2023-09-01,1800053.0,山口 航輝,51.0,一,9,1.0,1.0,4.0,3.0,1.0,1.0,0.0,0.0,1.0,1.0,0.0,,1.0,1.0,0.0,0.0,0.0,0.0,,,,,,,,,,,,,,,,,,,,,,,
2023,2021013389,2023-09-01,1800117.0,辰己 涼介,8.0,中,376,1.0,1.0,4.0,4.0,0.0,2.0,1.0,0.0,0.0,0.0,1.0,,0.0,1.0,0.0,0.0,0.0,0.0,,,,,,,,,,,,,,,,,,,,,,,
2023,2021013389,2023-09-01,1800123.0,小郷 裕哉,51.0,右,376,1.0,1.0,4.0,4.0,0.0,0.0,0.0,0.0,0.0,0.0,0.0,,0.0,1.0,0.0,0.0,0.0,0.0,,,,,,,,,,,,,,,,,,,,,,,
2023,2021013389,2023-09-01,1900112.0,小深田 大翔,0.0,左三,376,1.0,1.0,4.0,3.0,0.0,0.0,0.0,0.0,0.0,0.0,0.0,,1.0,0.0,0.0,0.0,0.0,0.0,,,,,,,,,,,,,,,,,,,,,,,
2023,2021013389,2023-09-01,2000089.0,小川 龍成,57.0,走二,9,1.0,0.0,0.0,0.0,0.0,0.0,0.0,0.0,0.0,0.0,0.0,,0.0,0.0,0.0,0.0,0.0,0.0,,,,,,,,,,,,,,,,,,,,,,,
2023,2021013389,2023-09-01,2103955.0,宮森 智志,72.0,,376,,,,,,,,,,,,,,,,,,,3.0,1.0,0.0,0.0,2.0,7.36,1.0,1.0,,,0.0,1.0,1.0,1.0,0.0,,2.0,1.0,0.0,,6.0,25.0,
2023,2021013390,2023-09-02,400021.0,青木 宣親,23.0,打左,2,1.0,0.0,1.0,0.0,0.0,0.0,0.0,0.0,0.0,1.0,0.0,,0.0,0.0,0.0,0.0,1.0,0.0,,,,,,,,,,,,,,,,,,,,,,,
2023,2021013390,2023-09-02,600011.0,川端 慎吾,5.0,打,2,1.0,0.0,1.0,1.0,0.0,0.0,0.0,0.0,0.0,0.0,0.0,,0.0,0.0,0.0,0.0,0.0,0.0,,,,,,,,,,,,,,,,,,,,,,,
2023,2021013390,2023-09-02,1000132.0,山田 哲人,1.0,打,2,1.0,0.0,1.0,1.0,0.0,1.0,0.0,0.0,0.0,0.0,0.0,,0.0,0.0,0.0,0.0,0.0,0.0,,,,,,,,,,,,,,,,,,,,,,,
2023,2021013390,2023-09-02,1000164.0,島本 浩也,46.0,投,5,1.0,0.0,0.0,0.0,0.0,0.0,0.0,0.0,0.0,0.0,0.0,,0.0,0.0,0.0,0.0,0.0,0.0,2.0,1.0,0.0,4.0,2.0,1.9,0.3333333333333333,0.1,,,0.0,0.0,0.0,0.0,0.0,,0.0,0.0,0.0,,1.0,3.0,
2023,2021013390,2023-09-02,1200075.0,石山 泰稚,12.0,投,2,1.0,0.0,0.0,0.0,0.0,0.0,0.0,0.0,0.0,0.0,0.0,,0.0,0.0,0.0,0.0,0.0,0.0,5.0,1.0,0.0,3.0,5.0,4.58,1.0,1.0,,,0.0,1.0,0.0,0.0,0.0,,0.0,1.0,0.0,,5.0,18.0,
2023,2021013390,2023-09-02,1300045.0,高梨 裕稔,14.0,投,2,1.0,0.0,1.0,1.0,0.0,0.0,0.0,0.0,0.0,0.0,0.0,,0.0,1.0,0.0,0.0,0.0,0.0,2.0,1.0,0.0,0.0,3.0,6.18,1.3333333333333333,1.1,,,0.0,0.0,0.0,0.0,0.0,,0.0,2.0,0.0,,4.0,19.0,
2023,2021013390,2023-09-02,1300070.0,岩貞 祐太,14.0,投,5,1.0,0.0,0.0,0.0,0.0,0.0,0.0,0.0,0.0,0.0,0.0,,0.0,0.0,0.0,0.0,0.0,0.0,4.0,1.0,0.0,1.0,0.0,2.68,0.3333333333333333,0.1,,,0.0,1.0,2.0,2.0,0.0,,1.0,0.0,0.0,,3.0,12.0,
2023,2021013390,2023-09-02,1300075.0,岩崎 優,13.0,投,5,1.0,0.0,0.0,0.0,0.0,0.0,0.0,0.0,0.0,0.0,0.0,,0.0,0.0,0.0,0.0,0.0,0.0,6.0,1.0,0.0,3.0,2.0,1.29,1.0,1.0,,,28.0,0.0,0.0,0.0,0.0,,0.0,1.0,0.0,,3.0,15.0,
2023,2021013390,2023-09-02,1500087.0,坂本 誠志郎,12.0,捕,5,1.0,1.0,4.0,4.0,0.0,2.0,1.0,0.0,0.0,0.0,0.0,,0.0,1.0,0.0,0.0,0.0,0.0,,,,,,,,,,,,,,,,,,,,,,,
2023,2021013390,2023-09-02,1500090.0,青柳 晃洋,17.0,投,5,1.0,1.0,3.0,2.0,0.0,0.0,0.0,0.0,0.0,0.0,0.0,,0.0,1.0,0.0,1.0,0.0,0.0,1.0,1.0,,7.0,4.0,4.46,5.666666666666667,5.2,,,0.0,6.0,3.0,3.0,1.0,,2.0,4.0,1.0,,26.0,79.0,
2023,2021013390,2023-09-02,1600075.0,星 知弥,24.0,投,2,1.0,0.0,0.0,0.0,0.0,0.0,0.0,0.0,0.0,0.0,0.0,,0.0,0.0,0.0,0.0,0.0,0.0,4.0,1.0,0.0,2.0,2.0,3.9,1.0,1.0,,,0.0,0.0,0.0,0.0,0.0,,0.0,1.0,0.0,,3.0,11.0,
2023,2021013390,2023-09-02,1600113.0,大山 悠輔,3.0,一,5,1.0,1.0,4.0,3.0,1.0,0.0,0.0,0.0,0.0,0.0,0.0,,1.0,1.0,0.0,0.0,0.0,0.0,,,,,,,,,,,,,,,,,,,,,,,
2023,2021013390,2023-09-02,1650522.0,丸山 和郁,4.0,中,2,1.0,1.0,3.0,3.0,0.0,1.0,0.0,0.0,0.0,1.0,0.0,,0.0,1.0,0.0,0.0,0.0,0.0,,,,,,,,,,,,,,,,,,,,,,,
2023,2021013390,2023-09-02,1700060.0,阪口 皓亮,58.0,投,2,1.0,0.0,0.0,0.0,0.0,0.0,0.0,0.0,0.0,0.0,0.0,,0.0,0.0,0.0,0.0,0.0,0.0,3.0,1.0,0.0,0.0,1.0,3.27,2.0,2.0,,,0.0,1.0,0.0,0.0,0.0,,1.0,4.0,0.0,,8.0,33.0,
2023,2021013390,2023-09-02,1700080.0,島田 海吏,53.0,打左,5,1.0,0.0,1.0,1.0,0.0,0.0,0.0,0.0,0.0,0.0,0.0,,0.0,1.0,0.0,0.0,0.0,0.0,,,,,,,,,,,,,,,,,,,,,,,
2023,2021013390,2023-09-02,1700084.0,村上 宗隆,55.0,三,2,1.0,1.0,5.0,3.0,3.0,2.0,1.0,0.0,1.0,2.0,0.0,,2.0,1.0,0.0,0.0,0.0,0.0,,,,,,,,,,,,,,,,,,,,,,,
2023,2021013390,2023-09-02,1700089.0,宮本 丈,39.0,左二,2,1.0,1.0,4.0,2.0,0.0,0.0,0.0,0.0,0.0,0.0,0.0,,1.0,1.0,0.0,1.0,0.0,1.0,,,,,,,,,,,,,,,,,,,,,,,
2023,2021013390,2023-09-02,1700090.0,松本 直樹,32.0,打,2,1.0,0.0,1.0,1.0,0.0,0.0,0.0,0.0,0.0,0.0,0.0,,0.0,0.0,0.0,0.0,0.0,0.0,,,,,,,,,,,,,,,,,,,,,,,
2023,2021013390,2023-09-02,1750800.0,澤井 廉,42.0,打,2,1.0,0.0,1.0,1.0,0.0,0.0,0.0,0.0,0.0,0.0,0.0,,0.0,1.0,0.0,0.0,0.0,0.0,,,,,,,,,,,,,,,,,,,,,,,
2023,2021013390,2023-09-02,1760587.0,ピーターズ,63.0,投,2,1.0,1.0,0.0,0.0,0.0,0.0,0.0,0.0,0.0,0.0,0.0,,0.0,0.0,0.0,0.0,0.0,0.0,1.0,1.0,,6.0,5.0,3.22,2.6666666666666665,2.2,,,0.0,4.0,6.0,6.0,1.0,,3.0,2.0,0.0,,15.0,69.0,
2023,2021013390,2023-09-02,1800033.0,清水 昇,17.0,投,2,1.0,0.0,0.0,0.0,0.0,0.0,0.0,0.0,0.0,0.0,0.0,,0.0,0.0,0.0,0.0,0.0,0.0,6.0,1.0,0.0,1.0,7.0,3.14,1.0,1.0,,,0.0,0.0,0.0,0.0,0.0,,0.0,0.0,0.0,,3.0,15.0,
2023,2021013390,2023-09-02,1800036.0,濱田 太貴,51.0,打左中,2,1.0,0.0,2.0,2.0,0.0,0.0,0.0,0.0,0.0,0.0,0.0,,0.0,2.0,0.0,0.0,0.0,0.0,,,,,,,,,,,,,,,,,,,,,,,
2023,2021013390,2023-09-02,1800065.0,近本 光司,5.0,中,5,1.0,1.0,5.0,5.0,1.0,1.0,0.0,0.0,0.0,1.0,0.0,,0.0,1.0,0.0,0.0,0.0,0.0,,,,,,,,,,,,,,,,,,,,,,,
2023,2021013390,2023-09-02,1800066.0,小幡 竜平,38.0,遊,5,1.0,1.0,4.0,3.0,1.0,0.0,0.0,0.0,0.0,0.0,0.0,,1.0,1.0,0.0,0.0,0.0,0.0,,,,,,,,,,,,,,,,,,,,,,,
2023,2021013390,2023-09-02,1850183.0,森下 翔太,1.0,右,5,1.0,1.0,4.0,3.0,0.0,0.0,0.0,0.0,0.0,0.0,0.0,,1.0,2.0,0.0,0.0,0.0,0.0,,,,,,,,,,,,,,,,,,,,,,,
2023,2021013390,2023-09-02,1900028.0,長岡 秀樹,7.0,遊,2,1.0,1.0,4.0,3.0,1.0,1.0,1.0,0.0,0.0,0.0,0.0,,0.0,0.0,1.0,0.0,0.0,0.0,,,,,,,,,,,,,,,,,,,,,,,
2023,2021013390,2023-09-02,1900029.0,武岡 龍世,60.0,二,2,1.0,1.0,3.0,3.0,1.0,1.0,0.0,0.0,0.0,0.0,0.0,,0.0,0.0,0.0,0.0,0.0,0.0,,,,,,,,,,,,,,,,,,,,,,,
2023,2021013390,2023-09-02,1900050.0,小野寺 暖,60.0,左,5,1.0,1.0,3.0,3.0,1.0,1.0,0.0,1.0,0.0,2.0,0.0,,0.0,0.0,0.0,0.0,0.0,0.0,,,,,,,,,,,,,,,,,,,,,,,
2023,2021013390,2023-09-02,1961285.0,ノイジー,7.0,打,5,1.0,0.0,1.0,1.0,0.0,0.0,0.0,0.0,0.0,0.0,0.0,,0.0,0.0,0.0,0.0,0.0,0.0,,,,,,,,,,,,,,,,,,,,,,,
2023,2021013390,2023-09-02,2000026.0,内山 壮真,33.0,捕,2,1.0,1.0,4.0,4.0,0.0,2.0,1.0,0.0,0.0,1.0,0.0,,0.0,0.0,0.0,0.0,0.0,0.0,,,,,,,,,,,,,,,,,,,,,,,
2023,2021013390,2023-09-02,2000051.0,佐藤 輝明,8.0,三,5,1.0,1.0,4.0,4.0,1.0,2.0,0.0,0.0,1.0,3.0,0.0,,0.0,1.0,0.0,0.0,0.0,0.0,,,,,,,,,,,,,,,,,,,,,,,
2023,2021013390,2023-09-02,2000056.0,中野 拓夢,51.0,二,5,1.0,1.0,5.0,4.0,1.0,0.0,0.0,0.0,0.0,0.0,0.0,,1.0,1.0,0.0,0.0,0.0,0.0,,,,,,,,,,,,,,,,,,,,,,,
2023,2021013390,2023-09-02,2000058.0,石井 大智,69.0,投,5,1.0,0.0,0.0,0.0,0.0,0.0,0.0,0.0,0.0,0.0,0.0,,0.0,0.0,0.0,0.0,0.0,0.0,5.0,1.0,0.0,1.0,0.0,0.86,0.6666666666666666,0.2,,,0.0,2.0,0.0,0.0,0.0,,0.0,1.0,0.0,,4.0,17.0,
2023,2021013390,2023-09-02,2000133.0,オスナ,13.0,一,2,1.0,1.0,5.0,5.0,0.0,1.0,0.0,0.0,0.0,0.0,0.0,,0.0,0.0,0.0,0.0,0.0,0.0,,,,,,,,,,,,,,,,,,,,,,,
2023,2021013390,2023-09-02,2000135.0,サンタナ,25.0,右,2,1.0,1.0,4.0,4.0,0.0,0.0,0.0,0.0,0.0,0.0,0.0,,0.0,1.0,0.0,0.0,0.0,0.0,,,,,,,,,,,,,,,,,,,,,,,
2023,2021013390,2023-09-02,2103707.0,桐敷 拓馬,47.0,投,5,1.0,0.0,0.0,0.0,0.0,0.0,0.0,0.0,0.0,0.0,0.0,,0.0,0.0,0.0,0.0,0.0,0.0,3.0,1.0,0.0,2.0,0.0,2.23,1.0,1.0,,,0.0,0.0,0.0,0.0,0.0,,0.0,2.0,0.0,,3.0,9.0,
2023,2021013391,2023-09-02,600003.0,大和,9.0,遊,3,1.0,1.0,5.0,4.0,0.0,1.0,0.0,0.0,0.0,0.0,0.0,,1.0,0.0,0.0,0.0,0.0,0.0,,,,,,,,,,,,,,,,,,,,,,,
2023,2021013391,2023-09-02,700003.0,坂本 勇人,6.0,遊,1,1.0,1.0,4.0,4.0,1.0,2.0,0.0,0.0,1.0,2.0,0.0,,0.0,1.0,0.0,0.0,0.0,0.0,,,,,,,,,,,,,,,,,,,,,,,
2023,2021013391,2023-09-02,700027.0,梶谷 隆幸,13.0,打,1,1.0,0.0,1.0,1.0,0.0,0.0,0.0,0.0,0.0,0.0,0.0,,0.0,0.0,0.0,0.0,0.0,0.0,,,,,,,,,,,,,,,,,,,,,,,
2023,2021013391,2023-09-02,800022.0,田中 健二朗,46.0,投,3,1.0,0.0,0.0,0.0,0.0,0.0,0.0,0.0,0.0,0.0,0.0,,0.0,0.0,0.0,0.0,0.0,0.0,4.0,1.0,0.0,0.0,0.0,2.7,1.0,1.0,,,0.0,1.0,1.0,1.0,1.0,,0.0,2.0,0.0,,4.0,14.0,
2023,2021013391,2023-09-02,800043.0,丸 佳浩,8.0,中,1,1.0,1.0,4.0,4.0,0.0,1.0,0.0,0.0,0.0,0.0,0.0,,0.0,0.0,0.0,0.0,0.0,0.0,,,,,,,,,,,,,,,,,,,,,,,
2023,2021013391,2023-09-02,900397.0,長野 久義,7.0,左,1,1.0,1.0,4.0,4.0,0.0,2.0,0.0,0.0,0.0,0.0,0.0,,0.0,0.0,0.0,0.0,0.0,0.0,,,,,,,,,,,,,,,,,,,,,,,
2023,2021013391,2023-09-02,1100061.0,桑原 将志,1.0,中,3,1.0,1.0,5.0,3.0,2.0,1.0,1.0,0.0,0.0,2.0,0.0,,1.0,0.0,1.0,0.0,0.0,0.0,,,,,,,,,,,,,,,,,,,,,,,
2023,2021013391,2023-09-02,1200053.0,宮崎 敏郎,51.0,三,3,1.0,1.0,5.0,4.0,1.0,3.0,1.0,0.0,1.0,4.0,0.0,,1.0,0.0,0.0,0.0,0.0,0.0,,,,,,,,,,,,,,,,,,,,,,,
2023,2021013391,2023-09-02,1300037.0,三上 朋也,69.0,投,1,1.0,0.0,0.0,0.0,0.0,0.0,0.0,0.0,0.0,0.0,0.0,,0.0,0.0,0.0,0.0,0.0,0.0,6.0,1.0,0.0,0.0,1.0,4.6,0.3333333333333333,0.1,,,0.0,4.0,5.0,5.0,0.0,,1.0,0.0,1.0,,7.0,27.0,
2023,2021013391,2023-09-02,1300038.0,関根 大気,63.0,右左,3,1.0,1.0,6.0,5.0,4.0,2.0,0.0,0.0,1.0,1.0,0.0,,1.0,0.0,0.0,0.0,0.0,0.0,,,,,,,,,,,,,,,,,,,,,,,
2023,2021013391,2023-09-02,1400101.0,岡本 和真,25.0,三,1,1.0,1.0,4.0,4.0,3.0,3.0,2.0,0.0,1.0,1.0,0.0,,0.0,1.0,0.0,0.0,0.0,0.0,,,,,,,,,,,,,,,,,,,,,,,
2023,2021013391,2023-09-02,1400110.0,石田 健大,14.0,投,3,1.0,1.0,2.0,1.0,0.0,0.0,0.0,0.0,0.0,0.0,0.0,,0.0,0.0,0.0,1.0,0.0,0.0,1.0,1.0,,4.0,7.0,3.35,5.0,5.0,,,0.0,7.0,2.0,2.0,0.0,,0.0,2.0,0.0,,20.0,68.0,
2023,2021013391,2023-09-02,1450689.0,船迫 大雅,58.0,投,1,1.0,0.0,0.0,0.0,0.0,0.0,0.0,0.0,0.0,0.0,0.0,,0.0,0.0,0.0,0.0,0.0,0.0,3.0,1.0,0.0,1.0,1.0,3.1,1.0,1.0,,,0.0,0.0,0.0,0.0,0.0,,2.0,1.0,0.0,,5.0,25.0,
2023,2021013391,2023-09-02,1500063.0,柴田 竜拓,31.0,三,3,1.0,0.0,0.0,0.0,0.0,0.0,0.0,0.0,0.0,0.0,0.0,,0.0,0.0,0.0,0.0,0.0,0.0,,,,,,,,,,,,,,,,,,,,,,,
2023,2021013391,2023-09-02,1500064.0,戸柱 恭孝,10.0,打,3,1.0,0.0,1.0,1.0,0.0,1.0,0.0,0.0,0.0,0.0,0.0,,0.0,0.0,0.0,0.0,0.0,0.0,,,,,,,,,,,,,,,,,,,,,,,
2023,2021013391,2023-09-02,1600059.0,吉川 尚輝,2.0,打,1,1.0,0.0,1.0,1.0,0.0,0.0,0.0,0.0,0.0,0.0,0.0,,0.0,0.0,0.0,0.0,0.0,0.0,,,,,,,,,,,,,,,,,,,,,,,
2023,2021013391,2023-09-02,1600089.0,佐野 恵太,7.0,左,3,1.0,1.0,5.0,5.0,1.0,2.0,0.0,0.0,0.0,2.0,0.0,,0.0,2.0,0.0,0.0,0.0,0.0,,,,,,,,,,,,,,,,,,,,,,,
2023,2021013391,2023-09-02,1600100.0,高梨 雄平,53.0,投,1,1.0,0.0,0.0,0.0,0.0,0.0,0.0,0.0,0.0,0.0,0.0,,0.0,0.0,0.0,0.0,0.0,0.0,4.0,1.0,0.0,2.0,1.0,4.29,0.6666666666666666,0.2,,,0.0,2.0,2.0,2.0,1.0,,0.0,0.0,0.0,,4.0,16.0,
2023,2021013391,2023-09-02,1600107.0,京田 陽太,98.0,遊,3,1.0,0.0,0.0,0.0,0.0,0.0,0.0,0.0,0.0,0.0,0.0,,0.0,0.0,0.0,0.0,0.0,0.0,,,,,,,,,,,,,,,,,,,,,,,
2023,2021013391,2023-09-02,1700020.0,ソト,99.0,一,3,1.0,1.0,5.0,5.0,0.0,0.0,0.0,0.0,0.0,0.0,0.0,,0.0,2.0,0.0,0.0,0.0,0.0,,,,,,,,,,,,,,,,,,,,,,,
2023,2021013391,2023-09-02,1700043.0,岸田 行倫,27.0,打,1,1.0,0.0,1.0,1.0,0.0,0.0,0.0,0.0,0.0,0.0,0.0,,0.0,1.0,0.0,0.0,0.0,0.0,,,,,,,,,,,,,,,,,,,,,,,
2023,2021013391,2023-09-02,1700044.0,大城 卓三,24.0,捕,1,1.0,1.0,4.0,4.0,0.0,2.0,1.0,0.0,0.0,1.0,0.0,,0.0,1.0,0.0,0.0,0.0,0.0,,,,,,,,,,,,,,,,,,,,,,,
2023,2021013391,2023-09-02,1700045.0,北村 拓己,52.0,投,1,1.0,0.0,1.0,0.0,0.0,0.0,0.0,0.0,0.0,0.0,0.0,,0.0,0.0,1.0,0.0,0.0,0.0,8.0,1.0,0.0,0.0,0.0,9.0,1.0,1.0,,,0.0,1.0,1.0,1.0,1.0,,0.0,0.0,0.0,,4.0,14.0,
2023,2021013391,2023-09-02,1700065.0,楠本 泰史,37.0,打,3,1.0,0.0,1.0,1.0,0.0,0.0,0.0,0.0,0.0,0.0,0.0,,0.0,1.0,0.0,0.0,0.0,0.0,,,,,,,,,,,,,,,,,,,,,,,
2023,2021013391,2023-09-02,1700066.0,山本 祐大,50.0,捕,3,1.0,1.0,5.0,3.0,2.0,2.0,0.0,0.0,1.0,1.0,0.0,,2.0,0.0,0.0,0.0,0.0,0.0,,,,,,,,,,,,,,,,,,,,,,,
2023,2021013391,2023-09-02,1800026.0,横川 凱,62.0,投,1,1.0,1.0,0.0,0.0,0.0,0.0,0.0,0.0,0.0,0.0,0.0,,0.0,0.0,0.0,0.0,0.0,0.0,1.0,1.0,,4.0,7.0,3.72,1.0,1.0,,,0.0,5.0,3.0,2.0,0.0,,1.0,1.0,0.0,,9.0,41.0,
2023,2021013391,2023-09-02,1800043.0,上茶谷 大河,27.0,投,3,1.0,0.0,0.0,0.0,0.0,0.0,0.0,0.0,0.0,0.0,0.0,,0.0,0.0,0.0,0.0,0.0,0.0,3.0,1.0,0.0,3.0,2.0,1.68,1.3333333333333333,1.1,,,0.0,0.0,0.0,0.0,0.0,,0.0,1.0,0.0,,4.0,14.0,
2023,2021013391,2023-09-02,1800048.0,知野 直人,60.0,一,3,1.0,0.0,0.0,0.0,0.0,0.0,0.0,0.0,0.0,0.0,0.0,,0.0,0.0,0.0,0.0,0.0,0.0,,,,,,,,,,,,,,,,,,,,,,,
2023,2021013391,2023-09-02,1800049.0,宮城 滝太,92.0,投,3,1.0,0.0,0.0,0.0,0.0,0.0,0.0,0.0,0.0,0.0,0.0,,0.0,0.0,0.0,0.0,0.0,0.0,5.0,1.0,0.0,0.0,0.0,1.29,1.0,1.0,,,0.0,0.0,0.0,0.0,0.0,,0.0,1.0,1.0,,4.0,10.0,
2023,2021013391,2023-09-02,1850208.0,林 琢真,0.0,走二,3,1.0,0.0,1.0,1.0,1.0,0.0,0.0,0.0,0.0,0.0,1.0,,0.0,0.0,0.0,0.0,0.0,0.0,,,,,,,,,,,,,,,,,,,,,,,
2023,2021013391,2023-09-02,1900032.0,伊勢 大夢,13.0,投,3,1.0,0.0,0.0,0.0,0.0,0.0,0.0,0.0,0.0,0.0,0.0,,0.0,0.0,0.0,0.0,0.0,0.0,2.0,1.0,0.0,2.0,5.0,3.56,0.6666666666666666,0.2,,,2.0,3.0,1.0,1.0,1.0,,0.0,1.0,0.0,,5.0,29.0,
2023,2021013391,2023-09-02,1900035.0,蝦名 達夫,61.0,走右,3,1.0,0.0,0.0,0.0,1.0,0.0,0.0,0.0,0.0,0.0,0.0,,0.0,0.0,0.0,0.0,0.0,0.0,,,,,,,,,,,,,,,,,,,,,,,
2023,2021013391,2023-09-02,1960962.0,ビーディ,33.0,投,1,1.0,0.0,0.0,0.0,0.0,0.0,0.0,0.0,0.0,0.0,0.0,,0.0,0.0,0.0,0.0,0.0,0.0,5.0,1.0,0.0,0.0,6.0,4.26,0.3333333333333333,0.1,,,1.0,1.0,1.0,1.0,1.0,,0.0,0.0,0.0,,2.0,3.0,
2023,2021013391,2023-09-02,2000009.0,秋広 優人,55.0,一,1,1.0,1.0,4.0,4.0,0.0,0.0,0.0,0.0,0.0,0.0,0.0,,0.0,0.0,0.0,0.0,0.0,1.0,,,,,,,,,,,,,,,,,,,,,,,
2023,2021013391,2023-09-02,2000035.0,牧 秀悟,2.0,二,3,1.0,1.0,5.0,5.0,1.0,2.0,1.0,0.0,0.0,3.0,0.0,,0.0,1.0,0.0,0.0,0.0,0.0,,,,,,,,,,,,,,,,,,,,,,,
2023,2021013391,2023-09-02,2102410.0,浅野 翔吾,51.0,右,1,1.0,1.0,5.0,5.0,0.0,1.0,0.0,0.0,0.0,0.0,0.0,,0.0,2.0,0.0,0.0,0.0,0.0,,,,,,,,,,,,,,,,,,,,,,,
2023,2021013391,2023-09-02,2103705.0,菊地 大稀,96.0,投,1,1.0,0.0,0.0,0.0,0.0,0.0,0.0,0.0,0.0,0.0,0.0,,0.0,0.0,0.0,0.0,0.0,0.0,7.0,1.0,0.0,4.0,3.0,3.65,0.6666666666666666,0.2,,,0.0,0.0,0.0,0.0,0.0,,0.0,0.0,0.0,,2.0,5.0,
2023,2021013391,2023-09-02,2105013.0,萩尾 匡也,12.0,打,1,1.0,0.0,1.0,1.0,0.0,0.0,0.0,0.0,0.0,0.0,0.0,,0.0,0.0,0.0,0.0,0.0,0.0,,,,,,,,,,,,,,,,,,,,,,,
2023,2021013391,2023-09-02,2107874.0,門脇 誠,35.0,二,1,1.0,1.0,3.0,3.0,0.0,0.0,0.0,0.0,0.0,0.0,0.0,,0.0,1.0,0.0,0.0,0.0,1.0,,,,,,,,,,,,,,,,,,,,,,,
2023,2021013391,2023-09-02,2107899.0,田中 千晴,48.0,投,1,1.0,0.0,0.0,0.0,0.0,0.0,0.0,0.0,0.0,0.0,0.0,,0.0,0.0,0.0,0.0,0.0,0.0,2.0,1.0,0.0,2.0,3.0,5.57,3.0,3.0,,,0.0,1.0,1.0,0.0,0.0,,2.0,4.0,0.0,,13.0,54.0,
2023,2021013392,2023-09-02,700050.0,會澤 翼,27.0,捕,6,1.0,1.0,4.0,4.0,0.0,1.0,1.0,0.0,0.0,0.0,0.0,,0.0,2.0,0.0,0.0,0.0,0.0,,,,,,,,,,,,,,,,,,,,,,,
2023,2021013392,2023-09-02,800041.0,松山 竜平,55.0,打一,6,1.0,0.0,3.0,2.0,0.0,1.0,0.0,0.0,0.0,1.0,0.0,,0.0,0.0,0.0,0.0,1.0,0.0,,,,,,,,,,,,,,,,,,,,,,,
2023,2021013392,2023-09-02,900410.0,大島 洋平,8.0,打,4,1.0,0.0,1.0,1.0,0.0,0.0,0.0,0.0,0.0,0.0,0.0,,0.0,0.0,0.0,0.0,0.0,0.0,,,,,,,,,,,,,,,,,,,,,,,
2023,2021013392,2023-09-02,900430.0,堂林 翔太,7.0,一左一,6,1.0,1.0,4.0,4.0,0.0,0.0,0.0,0.0,0.0,0.0,0.0,,0.0,2.0,0.0,0.0,0.0,0.0,,,,,,,,,,,,,,,,,,,,,,,
2023,2021013392,2023-09-02,1000108.0,後藤 駿太,53.0,打,4,1.0,0.0,1.0,1.0,0.0,0.0,0.0,0.0,0.0,0.0,0.0,,0.0,0.0,0.0,0.0,0.0,0.0,,,,,,,,,,,,,,,,,,,,,,,
2023,2021013392,2023-09-02,1100069.0,高橋 周平,3.0,打,4,1.0,0.0,1.0,1.0,0.0,0.0,0.0,0.0,0.0,0.0,0.0,,0.0,0.0,0.0,0.0,0.0,0.0,,,,,,,,,,,,,,,,,,,,,,,
2023,2021013392,2023-09-02,1100082.0,菊池 涼介,33.0,二,6,1.0,1.0,4.0,3.0,1.0,1.0,1.0,0.0,0.0,0.0,0.0,,1.0,0.0,0.0,0.0,0.0,0.0,,,,,,,,,,,,,,,,,,,,,,,
2023,2021013392,2023-09-02,1400173.0,野間 峻祥,37.0,中右,6,1.0,1.0,4.0,3.0,1.0,0.0,0.0,0.0,0.0,0.0,0.0,,1.0,0.0,0.0,0.0,0.0,0.0,,,,,,,,,,,,,,,,,,,,,,,
2023,2021013392,2023-09-02,1460004.0,デビッドソン,95.0,三一,6,1.0,1.0,4.0,4.0,1.0,2.0,1.0,0.0,0.0,1.0,0.0,,0.0,0.0,0.0,0.0,0.0,0.0,,,,,,,,,,,,,,,,,,,,,,,
2023,2021013392,2023-09-02,1500049.0,宇佐見 真吾,39.0,捕,4,1.0,1.0,4.0,4.0,0.0,0.0,0.0,0.0,0.0,0.0,0.0,,0.0,2.0,0.0,0.0,0.0,0.0,,,,,,,,,,,,,,,,,,,,,,,
2023,2021013392,2023-09-02,1500096.0,西川 龍馬,5.0,左,6,1.0,1.0,1.0,1.0,0.0,0.0,0.0,0.0,0.0,0.0,0.0,,0.0,0.0,0.0,0.0,0.0,0.0,,,,,,,,,,,,,,,,,,,,,,,
2023,2021013392,2023-09-02,1560639.0,カリステ,99.0,遊,4,1.0,1.0,4.0,4.0,0.0,2.0,1.0,0.0,0.0,0.0,0.0,,0.0,0.0,0.0,0.0,0.0,0.0,,,,,,,,,,,,,,,,,,,,,,,
2023,2021013392,2023-09-02,1600021.0,ビシエド,66.0,一,4,1.0,1.0,4.0,3.0,0.0,0.0,0.0,0.0,0.0,0.0,0.0,,1.0,1.0,0.0,0.0,0.0,0.0,,,,,,,,,,,,,,,,,,,,,,,
2023,2021013392,2023-09-02,1600085.0,細川 成也,0.0,右,4,1.0,1.0,4.0,4.0,1.0,1.0,0.0,0.0,1.0,1.0,0.0,,0.0,0.0,0.0,0.0,0.0,0.0,,,,,,,,,,,,,,,,,,,,,,,
2023,2021013392,2023-09-02,1600108.0,石垣 雅海,32.0,二,4,1.0,0.0,1.0,1.0,0.0,0.0,0.0,0.0,0.0,0.0,0.0,,0.0,0.0,0.0,0.0,0.0,0.0,,,,,,,,,,,,,,,,,,,,,,,
2023,2021013392,2023-09-02,1700104.0,清水 達也,50.0,投,4,1.0,0.0,0.0,0.0,0.0,0.0,0.0,0.0,0.0,0.0,0.0,,0.0,0.0,0.0,0.0,0.0,0.0,3.0,1.0,0.0,3.0,3.0,3.38,1.0,1.0,,,0.0,0.0,0.0,0.0,0.0,,0.0,2.0,0.0,,3.0,16.0,
2023,2021013392,2023-09-02,1750223.0,村松 開人,5.0,二,4,1.0,1.0,2.0,2.0,0.0,0.0,0.0,0.0,0.0,0.0,0.0,,0.0,0.0,0.0,0.0,0.0,0.0,,,,,,,,,,,,,,,,,,,,,,,
2023,2021013392,2023-09-02,1800072.0,小園 海斗,51.0,遊三,6,1.0,1.0,4.0,4.0,0.0,1.0,0.0,0.0,0.0,0.0,0.0,,0.0,1.0,0.0,0.0,0.0,1.0,,,,,,,,,,,,,,,,,,,,,,,
2023,2021013392,2023-09-02,1800079.0,大盛 穂,59.0,中,6,1.0,0.0,0.0,0.0,0.0,0.0,0.0,0.0,0.0,0.0,0.0,,0.0,0.0,0.0,0.0,0.0,0.0,,,,,,,,,,,,,,,,,,,,,,,
2023,2021013392,2023-09-02,1900037.0,石川 昂弥,25.0,三,4,1.0,1.0,4.0,4.0,0.0,1.0,0.0,0.0,0.0,0.0,0.0,,0.0,1.0,0.0,0.0,0.0,0.0,,,,,,,,,,,,,,,,,,,,,,,
2023,2021013392,2023-09-02,1900041.0,岡林 勇希,60.0,中,4,1.0,1.0,4.0,3.0,0.0,0.0,0.0,0.0,0.0,0.0,0.0,,1.0,0.0,0.0,0.0,0.0,0.0,,,,,,,,,,,,,,,,,,,,,,,
2023,2021013392,2023-09-02,1900052.0,森下 暢仁,18.0,投,6,1.0,1.0,3.0,3.0,0.0,1.0,0.0,0.0,0.0,0.0,0.0,,0.0,0.0,0.0,0.0,0.0,0.0,1.0,1.0,,8.0,3.0,2.27,9.0,9.0,,,0.0,7.0,1.0,1.0,1.0,,2.0,4.0,0.0,,36.0,116.0,
2023,2021013392,2023-09-02,2000042.0,高橋 宏斗,19.0,投,4,1.0,1.0,2.0,2.0,0.0,1.0,0.0,0.0,0.0,0.0,0.0,,0.0,0.0,0.0,0.0,0.0,0.0,1.0,1.0,,5.0,9.0,2.32,6.0,6.0,,,0.0,8.0,3.0,1.0,0.0,,1.0,4.0,0.0,,27.0,106.0,
2023,2021013392,2023-09-02,2000049.0,上田 洸太朗,67.0,投,4,1.0,0.0,0.0,0.0,0.0,0.0,0.0,0.0,0.0,0.0,0.0,,0.0,0.0,0.0,0.0,0.0,0.0,2.0,1.0,0.0,0.0,0.0,2.65,1.0,1.0,,,0.0,0.0,0.0,0.0,0.0,,1.0,1.0,0.0,,4.0,11.0,
2023,2021013392,2023-09-02,2000065.0,矢野 雅哉,61.0,遊,6,1.0,0.0,0.0,0.0,0.0,0.0,0.0,0.0,0.0,0.0,0.0,,0.0,0.0,0.0,0.0,0.0,0.0,,,,,,,,,,,,,,,,,,,,,,,
2023,2021013392,2023-09-02,2103768.0,末包 昇大,52.0,右左,6,1.0,1.0,3.0,3.0,0.0,1.0,0.0,0.0,0.0,1.0,0.0,,0.0,2.0,0.0,0.0,0.0,0.0,,,,,,,,,,,,,,,,,,,,,,,
2023,2021013392,2023-09-02,2103845.0,鵜飼 航丞,4.0,左,4,1.0,1.0,4.0,4.0,0.0,2.0,0.0,0.0,0.0,0.0,0.0,,0.0,0.0,0.0,0.0,0.0,0.0,,,,,,,,,,,,,,,,,,,,,,,
2023,2021013393,2023-09-02,600066.0,平野 佳寿,16.0,,11,,,,,,,,,,,,,,,,,,,3.0,1.0,0.0,3.0,2.0,1.03,1.0,1.0,,,24.0,1.0,0.0,0.0,0.0,,1.0,1.0,0.0,,5.0,24.0,
2023,2021013393,2023-09-02,1100095.0,松本 剛,7.0,中,8,1.0,1.0,5.0,5.0,0.0,1.0,0.0,0.0,0.0,0.0,0.0,,0.0,1.0,0.0,0.0,0.0,0.0,,,,,,,,,,,,,,,,,,,,,,,
2023,2021013393,2023-09-02,1160424.0,ゴンザレス,8.0,二,11,1.0,1.0,3.0,3.0,0.0,0.0,0.0,0.0,0.0,0.0,0.0,,0.0,1.0,0.0,0.0,0.0,0.0,,,,,,,,,,,,,,,,,,,,,,,
2023,2021013393,2023-09-02,1200100.0,伏見 寅威,23.0,捕,8,1.0,1.0,3.0,3.0,0.0,0.0,0.0,0.0,0.0,0.0,0.0,,0.0,2.0,0.0,0.0,0.0,0.0,,,,,,,,,,,,,,,,,,,,,,,
2023,2021013393,2023-09-02,1251037.0,上川畑 大悟,4.0,二,8,1.0,1.0,4.0,3.0,0.0,0.0,0.0,0.0,0.0,0.0,1.0,,0.0,0.0,0.0,1.0,0.0,0.0,,,,,,,,,,,,,,,,,,,,,,,
2023,2021013393,2023-09-02,1300100.0,森 友哉,4.0,指,11,1.0,1.0,3.0,3.0,0.0,0.0,0.0,0.0,0.0,0.0,0.0,,0.0,2.0,0.0,0.0,0.0,0.0,,,,,,,,,,,,,,,,,,,,,,,
2023,2021013393,2023-09-02,1300109.0,若月 健矢,2.0,捕,11,1.0,1.0,3.0,3.0,0.0,0.0,0.0,0.0,0.0,0.0,0.0,,0.0,1.0,0.0,0.0,0.0,0.0,,,,,,,,,,,,,,,,,,,,,,,
2023,2021013393,2023-09-02,1400170.0,江越 大賀,37.0,左,8,1.0,0.0,0.0,0.0,0.0,0.0,0.0,0.0,0.0,0.0,0.0,,0.0,0.0,0.0,0.0,0.0,0.0,,,,,,,,,,,,,,,,,,,,,,,
2023,2021013393,2023-09-02,1400196.0,宗 佑磨,6.0,三,11,1.0,1.0,3.0,3.0,0.0,0.0,0.0,0.0,0.0,0.0,0.0,,0.0,0.0,0.0,0.0,0.0,1.0,,,,,,,,,,,,,,,,,,,,,,,
2023,2021013393,2023-09-02,1400202.0,小田 裕也,50.0,左,11,1.0,0.0,0.0,0.0,0.0,0.0,0.0,0.0,0.0,0.0,0.0,,0.0,0.0,0.0,0.0,0.0,0.0,,,,,,,,,,,,,,,,,,,,,,,
2023,2021013393,2023-09-02,1600153.0,山本 由伸,18.0,,11,,,,,,,,,,,,,,,,,,,1.0,1.0,,13.0,5.0,1.34,7.0,7.0,,,0.0,4.0,0.0,0.0,0.0,,3.0,9.0,0.0,,29.0,108.0,
2023,2021013393,2023-09-02,1600155.0,山崎 颯一郎,63.0,,11,,,,,,,,,,,,,,,,,,,2.0,1.0,0.0,0.0,0.0,1.16,1.0,1.0,,,6.0,0.0,0.0,0.0,0.0,,0.0,1.0,0.0,,3.0,16.0,
2023,2021013393,2023-09-02,1700025.0,清宮 幸太郎,21.0,三,8,1.0,1.0,4.0,3.0,0.0,0.0,0.0,0.0,0.0,0.0,0.0,,1.0,2.0,0.0,0.0,0.0,0.0,,,,,,,,,,,,,,,,,,,,,,,
2023,2021013393,2023-09-02,1700116.0,山足 達也,36.0,一,11,1.0,0.0,0.0,0.0,0.0,0.0,0.0,0.0,0.0,0.0,0.0,,0.0,0.0,0.0,0.0,0.0,0.0,,,,,,,,,,,,,,,,,,,,,,,
2023,2021013393,2023-09-02,1800008.0,マルティネス,2.0,一,8,1.0,1.0,4.0,4.0,0.0,1.0,0.0,0.0,0.0,0.0,0.0,,0.0,1.0,0.0,0.0,0.0,0.0,,,,,,,,,,,,,,,,,,,,,,,
2023,2021013393,2023-09-02,1800091.0,野村 佑希,5.0,打,8,1.0,0.0,1.0,0.0,0.0,0.0,0.0,0.0,0.0,0.0,0.0,,1.0,0.0,0.0,0.0,0.0,0.0,,,,,,,,,,,,,,,,,,,,,,,
2023,2021013393,2023-09-02,1800093.0,万波 中正,66.0,右,8,1.0,1.0,4.0,4.0,0.0,0.0,0.0,0.0,0.0,0.0,0.0,,0.0,2.0,0.0,0.0,0.0,0.0,,,,,,,,,,,,,,,,,,,,,,,
2023,2021013393,2023-09-02,1800099.0,頓宮 裕真,44.0,一,11,1.0,1.0,3.0,3.0,0.0,0.0,0.0,0.0,0.0,0.0,0.0,,0.0,1.0,0.0,0.0,0.0,1.0,,,,,,,,,,,,,,,,,,,,,,,
2023,2021013393,2023-09-02,1800104.0,中川 圭太,67.0,中,11,1.0,1.0,3.0,3.0,0.0,1.0,0.0,0.0,0.0,1.0,0.0,,0.0,2.0,0.0,0.0,0.0,0.0,,,,,,,,,,,,,,,,,,,,,,,
2023,2021013393,2023-09-02,1800127.0,王 柏融,99.0,左,8,1.0,1.0,4.0,3.0,0.0,1.0,0.0,0.0,0.0,0.0,0.0,,1.0,0.0,0.0,0.0,0.0,0.0,,,,,,,,,,,,,,,,,,,,,,,
2023,2021013393,2023-09-02,1850932.0,奈良間 大己,58.0,走,8,1.0,0.0,0.0,0.0,0.0,0.0,0.0,0.0,0.0,0.0,0.0,,0.0,0.0,0.0,0.0,0.0,0.0,,,,,,,,,,,,,,,,,,,,,,,
2023,2021013393,2023-09-02,1900040.0,郡司 裕也,30.0,指,8,1.0,1.0,4.0,3.0,0.0,1.0,0.0,0.0,0.0,0.0,0.0,,1.0,1.0,0.0,0.0,0.0,0.0,,,,,,,,,,,,,,,,,,,,,,,
2023,2021013393,2023-09-02,1900088.0,紅林 弘太郎,24.0,遊,11,1.0,1.0,3.0,3.0,0.0,0.0,0.0,0.0,0.0,0.0,0.0,,0.0,1.0,0.0,0.0,0.0,0.0,,,,,,,,,,,,,,,,,,,,,,,
2023,2021013393,2023-09-02,2000079.0,伊藤 大海,17.0,,8,,,,,,,,,,,,,,,,,,,1.0,1.0,,7.0,8.0,3.18,9.0,9.0,,,0.0,2.0,1.0,1.0,0.0,,0.0,11.0,0.0,,29.0,116.0,
2023,2021013393,2023-09-02,2000080.0,五十幡 亮汰,50.0,走,8,1.0,0.0,0.0,0.0,0.0,0.0,0.0,0.0,0.0,0.0,0.0,,0.0,0.0,0.0,0.0,0.0,0.0,,,,,,,,,,,,,,,,,,,,,,,
2023,2021013393,2023-09-02,2000081.0,古川 裕大,27.0,打,8,1.0,0.0,1.0,1.0,0.0,0.0,0.0,0.0,0.0,0.0,0.0,,0.0,1.0,0.0,0.0,0.0,0.0,,,,,,,,,,,,,,,,,,,,,,,
2023,2021013393,2023-09-02,2000082.0,細川 凌平,56.0,遊,8,1.0,1.0,3.0,3.0,0.0,1.0,1.0,0.0,0.0,0.0,0.0,,0.0,1.0,0.0,0.0,0.0,1.0,,,,,,,,,,,,,,,,,,,,,,,
2023,2021013393,2023-09-02,2050254.0,池田 陵真,39.0,左,11,1.0,1.0,4.0,4.0,1.0,1.0,1.0,0.0,0.0,0.0,0.0,,0.0,2.0,0.0,0.0,0.0,0.0,,,,,,,,,,,,,,,,,,,,,,,
2023,2021013393,2023-09-02,2107897.0,茶野 篤政,61.0,右,11,1.0,1.0,4.0,4.0,0.0,0.0,0.0,0.0,0.0,0.0,0.0,,0.0,1.0,0.0,0.0,0.0,0.0,,,,,,,,,,,,,,,,,,,,,,,
2023,2021013394,2023-09-02,12101.0,中村 剛也,60.0,指,7,1.0,1.0,5.0,5.0,0.0,0.0,0.0,0.0,0.0,0.0,0.0,,0.0,0.0,0.0,0.0,0.0,0.0,,,,,,,,,,,,,,,,,,,,,,,
2023,2021013394,2023-09-02,800081.0,中村 晃,7.0,一,12,1.0,1.0,4.0,4.0,1.0,2.0,0.0,0.0,0.0,0.0,0.0,,0.0,0.0,0.0,0.0,0.0,0.0,,,,,,,,,,,,,,,,,,,,,,,
2023,2021013394,2023-09-02,1000035.0,今宮 健太,6.0,遊,12,1.0,1.0,5.0,4.0,0.0,2.0,1.0,0.0,0.0,0.0,0.0,,0.0,0.0,0.0,1.0,0.0,0.0,,,,,,,,,,,,,,,,,,,,,,,
2023,2021013394,2023-09-02,1000128.0,柳田 悠岐,9.0,指,12,1.0,1.0,5.0,4.0,1.0,2.0,2.0,0.0,0.0,0.0,0.0,,1.0,0.0,0.0,0.0,0.0,0.0,,,,,,,,,,,,,,,,,,,,,,,
2023,2021013394,2023-09-02,1000176.0,甲斐 拓也,19.0,捕,12,1.0,1.0,4.0,3.0,1.0,1.0,0.0,0.0,1.0,2.0,0.0,,1.0,1.0,0.0,0.0,0.0,0.0,,,,,,,,,,,,,,,,,,,,,,,
2023,2021013394,2023-09-02,1100097.0,近藤 健介,3.0,左,12,1.0,1.0,5.0,5.0,0.0,1.0,0.0,0.0,0.0,1.0,0.0,,0.0,0.0,0.0,0.0,0.0,0.0,,,,,,,,,,,,,,,,,,,,,,,
2023,2021013394,2023-09-02,1200044.0,公文 克彦,23.0,,7,,,,,,,,,,,,,,,,,,,3.0,1.0,0.0,1.0,0.0,2.25,0.6666666666666666,0.2,,,0.0,2.0,0.0,0.0,0.0,,0.0,0.0,0.0,,4.0,20.0,
2023,2021013394,2023-09-02,1300063.0,又吉 克樹,14.0,,12,,,,,,,,,,,,,,,,,,,2.0,1.0,0.0,1.0,1.0,2.16,0.3333333333333333,0.1,,,0.0,0.0,0.0,0.0,0.0,,0.0,0.0,0.0,,1.0,3.0,
2023,2021013394,2023-09-02,1300079.0,上林 誠知,51.0,中右,12,1.0,1.0,3.0,3.0,1.0,0.0,0.0,0.0,0.0,0.0,0.0,,0.0,1.0,0.0,0.0,0.0,0.0,,,,,,,,,,,,,,,,,,,,,,,
2023,2021013394,2023-09-02,1400126.0,松本 裕樹,66.0,,12,,,,,,,,,,,,,,,,,,,4.0,1.0,0.0,2.0,2.0,3.0,1.0,1.0,,,0.0,2.0,0.0,0.0,0.0,,1.0,1.0,0.0,,6.0,23.0,
2023,2021013394,2023-09-02,1400176.0,藤井 皓哉,48.0,,12,,,,,,,,,,,,,,,,,,,3.0,1.0,0.0,5.0,3.0,2.57,1.0,1.0,,,0.0,0.0,0.0,0.0,0.0,,0.0,1.0,0.0,,3.0,9.0,
2023,2021013394,2023-09-02,1400182.0,高橋 光成,13.0,,7,,,,,,,,,,,,,,,,,,,1.0,1.0,,9.0,8.0,2.41,5.0,5.0,,,0.0,8.0,6.0,2.0,1.0,,3.0,1.0,0.0,,25.0,98.0,
2023,2021013394,2023-09-02,1400184.0,外崎 修汰,5.0,二,7,1.0,1.0,4.0,3.0,0.0,2.0,0.0,0.0,0.0,0.0,0.0,,1.0,0.0,0.0,0.0,0.0,0.0,,,,,,,,,,,,,,,,,,,,,,,
2023,2021013394,2023-09-02,1500104.0,本田 圭佑,45.0,,7,,,,,,,,,,,,,,,,,,,4.0,1.0,0.0,0.0,1.0,1.16,1.0,1.0,,,0.0,1.0,0.0,0.0,0.0,,0.0,1.0,0.0,,3.0,16.0,
2023,2021013394,2023-09-02,1500112.0,平沼 翔太,31.0,打,7,1.0,0.0,1.0,0.0,0.0,0.0,0.0,0.0,0.0,0.0,0.0,,1.0,0.0,0.0,0.0,0.0,0.0,,,,,,,,,,,,,,,,,,,,,,,
2023,2021013394,2023-09-02,1500140.0,谷川原 健太,45.0,走右,12,1.0,0.0,0.0,0.0,0.0,0.0,0.0,0.0,0.0,0.0,0.0,,0.0,0.0,0.0,0.0,0.0,0.0,,,,,,,,,,,,,,,,,,,,,,,
2023,2021013394,2023-09-02,1550517.0,大津 亮介,26.0,,12,,,,,,,,,,,,,,,,,,,5.0,1.0,0.0,2.0,0.0,2.84,1.0,1.0,,,0.0,0.0,0.0,0.0,0.0,,1.0,0.0,0.0,,4.0,15.0,
2023,2021013394,2023-09-02,1600129.0,源田 壮亮,6.0,遊,7,1.0,1.0,5.0,5.0,1.0,1.0,0.0,0.0,0.0,1.0,0.0,,0.0,1.0,0.0,0.0,0.0,0.0,,,,,,,,,,,,,,,,,,,,,,,
2023,2021013394,2023-09-02,1600132.0,田村 伊知郎,40.0,,7,,,,,,,,,,,,,,,,,,,2.0,1.0,0.0,0.0,0.0,1.98,1.3333333333333333,1.1,,,0.0,0.0,0.0,0.0,0.0,,0.0,1.0,0.0,,4.0,16.0,
2023,2021013394,2023-09-02,1600167.0,三森 大貴,13.0,二,12,1.0,1.0,5.0,5.0,1.0,2.0,0.0,0.0,0.0,0.0,0.0,,0.0,0.0,0.0,0.0,0.0,0.0,,,,,,,,,,,,,,,,,,,,,,,
2023,2021013394,2023-09-02,1700122.0,西川 愛也,51.0,中,7,1.0,1.0,3.0,3.0,0.0,0.0,0.0,0.0,0.0,0.0,0.0,,0.0,1.0,0.0,0.0,0.0,0.0,,,,,,,,,,,,,,,,,,,,,,,
2023,2021013394,2023-09-02,1700131.0,増田 珠,33.0,打,12,1.0,0.0,1.0,1.0,0.0,0.0,0.0,0.0,0.0,0.0,0.0,,0.0,0.0,0.0,0.0,0.0,0.0,,,,,,,,,,,,,,,,,,,,,,,
2023,2021013394,2023-09-02,1700135.0,周東 佑京,23.0,中,12,1.0,0.0,0.0,0.0,0.0,0.0,0.0,0.0,0.0,0.0,0.0,,0.0,0.0,0.0,0.0,0.0,0.0,,,,,,,,,,,,,,,,,,,,,,,
2023,2021013394,2023-09-02,1750472.0,古賀 悠斗,22.0,捕,7,1.0,1.0,1.0,1.0,0.0,0.0,0.0,0.0,0.0,0.0,0.0,,0.0,1.0,0.0,0.0,0.0,0.0,,,,,,,,,,,,,,,,,,,,,,,
2023,2021013394,2023-09-02,1800082.0,山野辺 翔,4.0,打,7,1.0,0.0,1.0,1.0,0.0,0.0,0.0,0.0,0.0,0.0,0.0,,0.0,0.0,0.0,0.0,0.0,0.0,,,,,,,,,,,,,,,,,,,,,,,
2023,2021013394,2023-09-02,1800086.0,佐藤 龍世,58.0,三,7,1.0,1.0,4.0,3.0,1.0,2.0,0.0,0.0,0.0,0.0,0.0,,1.0,0.0,0.0,0.0,0.0,0.0,,,,,,,,,,,,,,,,,,,,,,,
2023,2021013394,2023-09-02,1800109.0,板東 湧梧,50.0,,12,,,,,,,,,,,,,,,,,,,1.0,1.0,,5.0,3.0,3.06,5.666666666666667,5.2,,,0.0,8.0,2.0,2.0,0.0,,3.0,2.0,0.0,,25.0,96.0,
2023,2021013394,2023-09-02,1850820.0,蛭間 拓哉,9.0,右,7,1.0,1.0,4.0,4.0,0.0,2.0,1.0,0.0,0.0,0.0,0.0,,0.0,0.0,0.0,0.0,0.0,0.0,,,,,,,,,,,,,,,,,,,,,,,
2023,2021013394,2023-09-02,1900065.0,柘植 世那,37.0,捕,7,1.0,0.0,2.0,2.0,0.0,0.0,0.0,0.0,0.0,0.0,0.0,,0.0,1.0,0.0,0.0,0.0,0.0,,,,,,,,,,,,,,,,,,,,,,,
2023,2021013394,2023-09-02,1900104.0,柳町 達,32.0,右,12,1.0,1.0,3.0,2.0,1.0,1.0,0.0,0.0,0.0,1.0,0.0,,1.0,0.0,0.0,0.0,0.0,0.0,,,,,,,,,,,,,,,,,,,,,,,
2023,2021013394,2023-09-02,1961286.0,ペイトン,10.0,左,7,1.0,1.0,5.0,3.0,0.0,1.0,0.0,0.0,0.0,0.0,0.0,,2.0,0.0,0.0,0.0,0.0,0.0,,,,,,,,,,,,,,,,,,,,,,,
2023,2021013394,2023-09-02,2000067.0,渡部 健人,8.0,一,7,1.0,1.0,4.0,4.0,0.0,2.0,0.0,0.0,0.0,1.0,0.0,,0.0,0.0,0.0,0.0,0.0,1.0,,,,,,,,,,,,,,,,,,,,,,,
2023,2021013394,2023-09-02,2104035.0,野村 勇,99.0,三,12,1.0,1.0,4.0,3.0,0.0,0.0,0.0,0.0,0.0,1.0,0.0,,0.0,1.0,0.0,0.0,1.0,0.0,,,,,,,,,,,,,,,,,,,,,,,
2023,2021013394,2023-09-02,2106286.0,青山 美夏人,29.0,,7,,,,,,,,,,,,,,,,,,,5.0,1.0,0.0,0.0,1.0,3.65,1.0,1.0,,,3.0,1.0,0.0,0.0,0.0,,0.0,0.0,0.0,,4.0,18.0,
2023,2021013394,2023-09-02,2107661.0,生海,37.0,打,12,1.0,0.0,1.0,1.0,0.0,1.0,0.0,0.0,0.0,0.0,0.0,,0.0,0.0,0.0,0.0,0.0,0.0,,,,,,,,,,,,,,,,,,,,,,,
2023,2021013395,2023-09-02,700069.0,田中 将大,18.0,,376,,,,,,,,,,,,,,,,,,,1.0,1.0,,7.0,8.0,4.69,7.0,7.0,,,0.0,6.0,3.0,3.0,2.0,,2.0,6.0,0.0,,29.0,102.0,
2023,2021013395,2023-09-02,700087.0,角中 勝也,3.0,左,9,1.0,1.0,4.0,4.0,0.0,0.0,0.0,0.0,0.0,0.0,0.0,,0.0,1.0,0.0,0.0,0.0,0.0,,,,,,,,,,,,,,,,,,,,,,,
2023,2021013395,2023-09-02,900056.0,浅村 栄斗,3.0,二,376,1.0,1.0,4.0,3.0,0.0,0.0,0.0,0.0,0.0,0.0,0.0,,1.0,2.0,0.0,0.0,0.0,0.0,,,,,,,,,,,,,,,,,,,,,,,
2023,2021013395,2023-09-02,1100096.0,石川 慎吾,50.0,打,9,1.0,0.0,1.0,1.0,0.0,0.0,0.0,0.0,0.0,0.0,0.0,,0.0,0.0,0.0,0.0,0.0,0.0,,,,,,,,,,,,,,,,,,,,,,,
2023,2021013395,2023-09-02,1100103.0,鈴木 大地,7.0,打一,376,1.0,0.0,1.0,1.0,0.0,0.0,0.0,0.0,0.0,0.0,0.0,,0.0,0.0,0.0,0.0,0.0,0.0,,,,,,,,,,,,,,,,,,,,,,,
2023,2021013395,2023-09-02,1100104.0,益田 直也,52.0,,9,,,,,,,,,,,,,,,,,,,5.0,1.0,0.0,2.0,4.0,3.56,0.3333333333333333,0.1,,,34.0,3.0,2.0,2.0,0.0,,0.0,0.0,0.0,,4.0,12.0,
2023,2021013395,2023-09-02,1100130.0,岡島 豪郎,27.0,左,376,1.0,1.0,4.0,4.0,0.0,1.0,0.0,0.0,0.0,0.0,0.0,,0.0,1.0,0.0,0.0,0.0,0.0,,,,,,,,,,,,,,,,,,,,,,,
2023,2021013395,2023-09-02,1100132.0,島内 宏明,35.0,指,376,1.0,1.0,4.0,4.0,0.0,0.0,0.0,0.0,0.0,0.0,0.0,,0.0,2.0,0.0,0.0,0.0,0.0,,,,,,,,,,,,,,,,,,,,,,,
2023,2021013395,2023-09-02,1300044.0,岡 大海,25.0,右左,9,1.0,1.0,5.0,5.0,1.0,2.0,0.0,0.0,1.0,1.0,0.0,,0.0,0.0,0.0,0.0,0.0,0.0,,,,,,,,,,,,,,,,,,,,,,,
2023,2021013395,2023-09-02,1300084.0,松井 裕樹,1.0,,376,,,,,,,,,,,,,,,,,,,4.0,1.0,0.0,1.0,3.0,1.25,1.0,1.0,,,30.0,0.0,0.0,0.0,0.0,,0.0,2.0,0.0,,3.0,17.0,
2023,2021013395,2023-09-02,1400139.0,安樂 智大,20.0,,376,,,,,,,,,,,,,,,,,,,3.0,1.0,0.0,2.0,1.0,2.72,0.6666666666666666,0.2,,,0.0,0.0,0.0,0.0,0.0,,0.0,0.0,0.0,,2.0,9.0,
2023,2021013395,2023-09-02,1400188.0,中村 奨吾,8.0,二,9,1.0,1.0,4.0,4.0,0.0,1.0,0.0,0.0,0.0,0.0,0.0,,0.0,1.0,0.0,0.0,0.0,0.0,,,,,,,,,,,,,,,,,,,,,,,
2023,2021013395,2023-09-02,1460080.0,ポランコ,22.0,指,9,1.0,1.0,4.0,4.0,1.0,2.0,0.0,0.0,1.0,1.0,0.0,,0.0,0.0,0.0,0.0,0.0,0.0,,,,,,,,,,,,,,,,,,,,,,,
2023,2021013395,2023-09-02,1500078.0,阿部 寿樹,4.0,一,376,1.0,1.0,4.0,4.0,1.0,2.0,0.0,1.0,1.0,2.0,0.0,,0.0,0.0,0.0,0.0,0.0,0.0,,,,,,,,,,,,,,,,,,,,,,,
2023,2021013395,2023-09-02,1500125.0,柿沼 友哉,99.0,捕,9,1.0,1.0,2.0,2.0,0.0,0.0,0.0,0.0,0.0,0.0,0.0,,0.0,0.0,0.0,0.0,0.0,0.0,,,,,,,,,,,,,,,,,,,,,,,
2023,2021013395,2023-09-02,1500141.0,茶谷 健太,67.0,遊三,9,1.0,1.0,4.0,3.0,0.0,1.0,1.0,0.0,0.0,1.0,0.0,,1.0,1.0,0.0,0.0,0.0,0.0,,,,,,,,,,,,,,,,,,,,,,,
2023,2021013395,2023-09-02,1600007.0,村林 一輝,66.0,遊,376,1.0,1.0,4.0,2.0,0.0,1.0,0.0,0.0,0.0,0.0,0.0,,2.0,1.0,0.0,0.0,0.0,0.0,,,,,,,,,,,,,,,,,,,,,,,
2023,2021013395,2023-09-02,1600094.0,田中 和基,25.0,走左,376,1.0,0.0,0.0,0.0,1.0,0.0,0.0,0.0,0.0,0.0,0.0,,0.0,0.0,0.0,0.0,0.0,0.0,,,,,,,,,,,,,,,,,,,,,,,
2023,2021013395,2023-09-02,1600146.0,種市 篤暉,16.0,,9,,,,,,,,,,,,,,,,,,,1.0,1.0,,10.0,5.0,2.9,5.333333333333333,5.1,,,0.0,3.0,1.0,1.0,1.0,,4.0,7.0,0.0,,22.0,113.0,
2023,2021013395,2023-09-02,1660014.0,ペルドモ,55.0,,9,,,,,,,,,,,,,,,,,,,4.0,1.0,0.0,1.0,3.0,2.22,1.0,1.0,,,1.0,0.0,0.0,0.0,0.0,,1.0,1.0,0.0,,3.0,13.0,
2023,2021013395,2023-09-02,1700026.0,西村 天裕,40.0,,9,,,,,,,,,,,,,,,,,,,3.0,1.0,0.0,4.0,0.0,1.34,1.0,1.0,,,0.0,2.0,2.0,2.0,1.0,,0.0,0.0,0.0,,5.0,20.0,
2023,2021013395,2023-09-02,1700034.0,山崎 剛,34.0,走三,376,1.0,0.0,0.0,0.0,1.0,0.0,0.0,0.0,0.0,0.0,0.0,,0.0,0.0,0.0,0.0,0.0,0.0,,,,,,,,,,,,,,,,,,,,,,,
2023,2021013395,2023-09-02,1700092.0,安田 尚憲,5.0,三,9,1.0,1.0,3.0,2.0,1.0,1.0,1.0,0.0,0.0,0.0,0.0,,1.0,0.0,0.0,0.0,0.0,0.0,,,,,,,,,,,,,,,,,,,,,,,
2023,2021013395,2023-09-02,1800037.0,坂本 光士郎,36.0,,9,,,,,,,,,,,,,,,,,,,2.0,1.0,0.0,1.0,0.0,3.58,0.6666666666666666,0.2,,,0.0,0.0,0.0,0.0,0.0,,0.0,0.0,0.0,,1.0,5.0,
2023,2021013395,2023-09-02,1800050.0,藤原 恭大,1.0,中,9,1.0,1.0,4.0,4.0,0.0,1.0,0.0,0.0,0.0,0.0,0.0,,0.0,3.0,0.0,0.0,0.0,0.0,,,,,,,,,,,,,,,,,,,,,,,
2023,2021013395,2023-09-02,1800053.0,山口 航輝,51.0,一,9,1.0,1.0,4.0,4.0,0.0,0.0,0.0,0.0,0.0,0.0,0.0,,0.0,2.0,0.0,0.0,0.0,0.0,,,,,,,,,,,,,,,,,,,,,,,
2023,2021013395,2023-09-02,1800117.0,辰己 涼介,8.0,中,376,1.0,1.0,4.0,3.0,1.0,1.0,0.0,0.0,0.0,0.0,0.0,,0.0,1.0,0.0,1.0,0.0,0.0,,,,,,,,,,,,,,,,,,,,,,,
2023,2021013395,2023-09-02,1800118.0,太田 光,2.0,捕,376,1.0,0.0,0.0,0.0,0.0,0.0,0.0,0.0,0.0,0.0,0.0,,0.0,0.0,0.0,0.0,0.0,0.0,,,,,,,,,,,,,,,,,,,,,,,
2023,2021013395,2023-09-02,1800123.0,小郷 裕哉,51.0,右,376,1.0,1.0,4.0,4.0,1.0,2.0,0.0,0.0,1.0,3.0,1.0,,0.0,1.0,0.0,0.0,0.0,0.0,,,,,,,,,,,,,,,,,,,,,,,
2023,2021013395,2023-09-02,1800124.0,鈴木 翔天,56.0,,376,,,,,,,,,,,,,,,,,,,2.0,1.0,0.0,1.0,1.0,3.09,0.3333333333333333,0.1,,,1.0,2.0,0.0,0.0,0.0,,0.0,1.0,0.0,,3.0,11.0,
2023,2021013395,2023-09-02,1900081.0,佐藤 都志也,32.0,打捕,9,1.0,0.0,2.0,2.0,0.0,0.0,0.0,0.0,0.0,0.0,0.0,,0.0,1.0,0.0,0.0,0.0,0.0,,,,,,,,,,,,,,,,,,,,,,,
2023,2021013395,2023-09-02,1900112.0,小深田 大翔,0.0,三,376,1.0,1.0,5.0,5.0,0.0,1.0,0.0,0.0,0.0,0.0,0.0,,0.0,0.0,0.0,0.0,0.0,0.0,,,,,,,,,,,,,,,,,,,,,,,
2023,2021013395,2023-09-02,2000087.0,鈴木 昭汰,47.0,,9,,,,,,,,,,,,,,,,,,,6.0,1.0,0.0,0.0,0.0,3.86,0.6666666666666666,0.2,,,0.0,0.0,0.0,0.0,0.0,,0.0,0.0,0.0,,2.0,13.0,
2023,2021013395,2023-09-02,2000089.0,小川 龍成,57.0,右,9,1.0,0.0,0.0,0.0,0.0,0.0,0.0,0.0,0.0,0.0,0.0,,0.0,0.0,0.0,0.0,0.0,0.0,,,,,,,,,,,,,,,,,,,,,,,
2023,2021013395,2023-09-02,2103740.0,安田 悠馬,55.0,捕,376,1.0,1.0,3.0,1.0,0.0,0.0,0.0,0.0,0.0,0.0,0.0,,2.0,0.0,0.0,0.0,0.0,0.0,,,,,,,,,,,,,,,,,,,,,,,
2023,2021013395,2023-09-02,2106798.0,友杉 篤輝,10.0,遊,9,1.0,0.0,0.0,0.0,0.0,0.0,0.0,0.0,0.0,0.0,0.0,,0.0,0.0,0.0,0.0,0.0,0.0,,,,,,,,,,,,,,,,,,,,,,,
2023,2021013396,2023-09-03,1000132.0,山田 哲人,1.0,二,2,1.0,1.0,4.0,4.0,0.0,1.0,0.0,0.0,0.0,0.0,0.0,,0.0,0.0,0.0,0.0,0.0,0.0,,,,,,,,,,,,,,,,,,,,,,,
2023,2021013396,2023-09-03,1500087.0,坂本 誠志郎,12.0,捕,5,1.0,1.0,4.0,3.0,0.0,1.0,0.0,0.0,0.0,0.0,0.0,,1.0,0.0,0.0,0.0,0.0,0.0,,,,,,,,,,,,,,,,,,,,,,,
2023,2021013396,2023-09-03,1600113.0,大山 悠輔,3.0,一,5,1.0,1.0,5.0,4.0,0.0,0.0,0.0,0.0,0.0,0.0,0.0,,1.0,1.0,0.0,0.0,0.0,0.0,,,,,,,,,,,,,,,,,,,,,,,
2023,2021013396,2023-09-03,1650522.0,丸山 和郁,4.0,中,2,1.0,1.0,3.0,3.0,0.0,1.0,0.0,0.0,0.0,0.0,1.0,,0.0,1.0,0.0,0.0,0.0,0.0,,,,,,,,,,,,,,,,,,,,,,,
2023,2021013396,2023-09-03,1700080.0,島田 海吏,53.0,左中,5,1.0,0.0,1.0,1.0,0.0,0.0,0.0,0.0,0.0,0.0,0.0,,0.0,0.0,0.0,0.0,0.0,0.0,,,,,,,,,,,,,,,,,,,,,,,
2023,2021013396,2023-09-03,1700084.0,村上 宗隆,55.0,三,2,1.0,1.0,4.0,4.0,0.0,0.0,0.0,0.0,0.0,0.0,0.0,,0.0,1.0,0.0,0.0,0.0,1.0,,,,,,,,,,,,,,,,,,,,,,,
2023,2021013396,2023-09-03,1700090.0,松本 直樹,32.0,捕,2,1.0,1.0,3.0,3.0,0.0,0.0,0.0,0.0,0.0,0.0,0.0,,0.0,0.0,0.0,0.0,0.0,0.0,,,,,,,,,,,,,,,,,,,,,,,
2023,2021013396,2023-09-03,1700094.0,山本 大貴,43.0,投,2,1.0,0.0,0.0,0.0,0.0,0.0,0.0,0.0,0.0,0.0,0.0,,0.0,0.0,0.0,0.0,0.0,0.0,3.0,1.0,0.0,2.0,0.0,2.76,1.0,1.0,,,0.0,0.0,0.0,0.0,0.0,,1.0,0.0,1.0,,5.0,14.0,
2023,2021013396,2023-09-03,1750800.0,澤井 廉,42.0,打,2,1.0,0.0,1.0,1.0,0.0,0.0,0.0,0.0,0.0,0.0,0.0,,0.0,0.0,0.0,0.0,0.0,0.0,,,,,,,,,,,,,,,,,,,,,,,
2023,2021013396,2023-09-03,1800036.0,濱田 太貴,51.0,打,2,1.0,0.0,1.0,1.0,0.0,0.0,0.0,0.0,0.0,0.0,0.0,,0.0,0.0,0.0,0.0,0.0,0.0,,,,,,,,,,,,,,,,,,,,,,,
2023,2021013396,2023-09-03,1800065.0,近本 光司,5.0,中,5,1.0,1.0,5.0,4.0,1.0,2.0,0.0,2.0,0.0,0.0,0.0,,0.0,0.0,1.0,0.0,0.0,0.0,,,,,,,,,,,,,,,,,,,,,,,
2023,2021013396,2023-09-03,1800067.0,木浪 聖也,0.0,遊,5,1.0,1.0,4.0,4.0,1.0,2.0,0.0,0.0,0.0,0.0,0.0,,0.0,1.0,0.0,0.0,0.0,0.0,,,,,,,,,,,,,,,,,,,,,,,
2023,2021013396,2023-09-03,1850183.0,森下 翔太,1.0,右,5,1.0,1.0,4.0,4.0,1.0,1.0,0.0,0.0,1.0,1.0,0.0,,0.0,0.0,0.0,0.0,0.0,0.0,,,,,,,,,,,,,,,,,,,,,,,
2023,2021013396,2023-09-03,1900028.0,長岡 秀樹,7.0,遊,2,1.0,1.0,3.0,3.0,0.0,0.0,0.0,0.0,0.0,0.0,0.0,,0.0,0.0,0.0,0.0,0.0,0.0,,,,,,,,,,,,,,,,,,,,,,,
2023,2021013396,2023-09-03,1900029.0,武岡 龍世,60.0,走,2,1.0,0.0,0.0,0.0,0.0,0.0,0.0,0.0,0.0,0.0,0.0,,0.0,0.0,0.0,0.0,0.0,0.0,,,,,,,,,,,,,,,,,,,,,,,
2023,2021013396,2023-09-03,1900050.0,小野寺 暖,60.0,走左,5,1.0,0.0,0.0,0.0,0.0,0.0,0.0,0.0,0.0,0.0,0.0,,0.0,0.0,0.0,0.0,0.0,0.0,,,,,,,,,,,,,,,,,,,,,,,
2023,2021013396,2023-09-03,1961285.0,ノイジー,7.0,左,5,1.0,1.0,4.0,4.0,1.0,1.0,1.0,0.0,0.0,2.0,0.0,,0.0,0.0,0.0,0.0,0.0,0.0,,,,,,,,,,,,,,,,,,,,,,,
2023,2021013396,2023-09-03,2000026.0,内山 壮真,33.0,左,2,1.0,1.0,4.0,4.0,0.0,1.0,1.0,0.0,0.0,0.0,0.0,,0.0,1.0,0.0,0.0,0.0,0.0,,,,,,,,,,,,,,,,,,,,,,,
2023,2021013396,2023-09-03,2000031.0,赤羽 由紘,71.0,打,2,1.0,0.0,1.0,1.0,1.0,1.0,0.0,0.0,1.0,1.0,0.0,,0.0,0.0,0.0,0.0,0.0,0.0,,,,,,,,,,,,,,,,,,,,,,,
2023,2021013396,2023-09-03,2000033.0,丸山 翔大,68.0,投,2,1.0,0.0,0.0,0.0,0.0,0.0,0.0,0.0,0.0,0.0,0.0,,0.0,0.0,0.0,0.0,0.0,0.0,2.0,1.0,0.0,0.0,0.0,4.01,2.0,2.0,,,0.0,1.0,0.0,0.0,0.0,,1.0,2.0,0.0,,8.0,37.0,
2023,2021013396,2023-09-03,2000051.0,佐藤 輝明,8.0,三,5,1.0,1.0,5.0,5.0,1.0,1.0,0.0,0.0,1.0,3.0,0.0,,0.0,3.0,0.0,0.0,0.0,0.0,,,,,,,,,,,,,,,,,,,,,,,
2023,2021013396,2023-09-03,2000052.0,伊藤 将司,27.0,投,5,1.0,1.0,4.0,2.0,0.0,0.0,0.0,0.0,0.0,0.0,0.0,,0.0,2.0,0.0,2.0,0.0,0.0,1.0,1.0,,9.0,5.0,2.38,9.0,9.0,,,0.0,5.0,1.0,1.0,1.0,,0.0,3.0,0.0,,31.0,90.0,
2023,2021013396,2023-09-03,2000056.0,中野 拓夢,51.0,二,5,1.0,1.0,5.0,4.0,2.0,1.0,0.0,0.0,0.0,1.0,0.0,,1.0,0.0,0.0,0.0,0.0,0.0,,,,,,,,,,,,,,,,,,,,,,,
2023,2021013396,2023-09-03,2000133.0,オスナ,13.0,一,2,1.0,1.0,3.0,3.0,0.0,0.0,0.0,0.0,0.0,0.0,0.0,,0.0,0.0,0.0,0.0,0.0,0.0,,,,,,,,,,,,,,,,,,,,,,,
2023,2021013396,2023-09-03,2000135.0,サンタナ,25.0,右,2,1.0,1.0,3.0,3.0,0.0,0.0,0.0,0.0,0.0,0.0,0.0,,0.0,0.0,0.0,0.0,0.0,0.0,,,,,,,,,,,,,,,,,,,,,,,
2023,2021013396,2023-09-03,2103794.0,吉村 貢司郎,21.0,投,2,1.0,1.0,1.0,1.0,0.0,1.0,0.0,0.0,0.0,0.0,0.0,,0.0,0.0,0.0,0.0,0.0,0.0,1.0,1.0,,2.0,2.0,5.12,6.0,6.0,,,0.0,8.0,7.0,6.0,2.0,,1.0,5.0,0.0,,28.0,104.0,
2023,2021013397,2023-09-03,600003.0,大和,9.0,遊,3,1.0,1.0,4.0,4.0,1.0,1.0,0.0,0.0,0.0,0.0,0.0,,0.0,0.0,0.0,0.0,0.0,0.0,,,,,,,,,,,,,,,,,,,,,,,
2023,2021013397,2023-09-03,700003.0,坂本 勇人,6.0,遊,1,1.0,1.0,5.0,4.0,1.0,0.0,0.0,0.0,0.0,0.0,0.0,,1.0,1.0,0.0,0.0,0.0,0.0,,,,,,,,,,,,,,,,,,,,,,,
2023,2021013397,2023-09-03,800043.0,丸 佳浩,8.0,右,1,1.0,1.0,5.0,5.0,1.0,4.0,0.0,0.0,1.0,3.0,0.0,,0.0,0.0,0.0,0.0,0.0,0.0,,,,,,,,,,,,,,,,,,,,,,,
2023,2021013397,2023-09-03,800075.0,伊藤 光,29.0,打,3,1.0,0.0,1.0,1.0,0.0,0.0,0.0,0.0,0.0,0.0,0.0,,0.0,1.0,0.0,0.0,0.0,0.0,,,,,,,,,,,,,,,,,,,,,,,
2023,2021013397,2023-09-03,900397.0,長野 久義,7.0,左,1,1.0,1.0,6.0,5.0,1.0,0.0,0.0,0.0,0.0,1.0,0.0,,1.0,0.0,0.0,0.0,0.0,0.0,,,,,,,,,,,,,,,,,,,,,,,
2023,2021013397,2023-09-03,1100038.0,今村 信貴,26.0,投,1,1.0,0.0,0.0,0.0,0.0,0.0,0.0,0.0,0.0,0.0,0.0,,0.0,0.0,0.0,0.0,0.0,0.0,5.0,1.0,0.0,0.0,0.0,4.15,1.0,1.0,,,0.0,2.0,0.0,0.0,0.0,,0.0,1.0,0.0,,4.0,21.0,
2023,2021013397,2023-09-03,1100061.0,桑原 将志,1.0,中,3,1.0,1.0,5.0,5.0,1.0,2.0,1.0,0.0,0.0,0.0,0.0,,0.0,0.0,0.0,0.0,0.0,0.0,,,,,,,,,,,,,,,,,,,,,,,
2023,2021013397,2023-09-03,1200053.0,宮崎 敏郎,51.0,三,3,1.0,1.0,4.0,4.0,0.0,2.0,0.0,0.0,0.0,2.0,0.0,,0.0,0.0,0.0,0.0,0.0,1.0,,,,,,,,,,,,,,,,,,,,,,,
2023,2021013397,2023-09-03,1300038.0,関根 大気,63.0,右,3,1.0,1.0,5.0,4.0,2.0,2.0,0.0,0.0,0.0,0.0,1.0,,0.0,0.0,1.0,0.0,0.0,0.0,,,,,,,,,,,,,,,,,,,,,,,
2023,2021013397,2023-09-03,1400101.0,岡本 和真,25.0,一,1,1.0,1.0,5.0,5.0,2.0,2.0,1.0,0.0,1.0,1.0,0.0,,0.0,2.0,0.0,0.0,0.0,0.0,,,,,,,,,,,,,,,,,,,,,,,
2023,2021013397,2023-09-03,1400109.0,山崎 康晃,19.0,投,3,1.0,0.0,0.0,0.0,0.0,0.0,0.0,0.0,0.0,0.0,0.0,,0.0,0.0,0.0,0.0,0.0,0.0,3.0,1.0,0.0,3.0,6.0,4.01,1.0,1.0,,,20.0,1.0,0.0,0.0,0.0,,1.0,2.0,0.0,,5.0,23.0,
2023,2021013397,2023-09-03,1450689.0,船迫 大雅,58.0,投,1,1.0,0.0,0.0,0.0,0.0,0.0,0.0,0.0,0.0,0.0,0.0,,0.0,0.0,0.0,0.0,0.0,0.0,4.0,1.0,0.0,1.0,1.0,2.95,1.0,1.0,,,0.0,0.0,0.0,0.0,0.0,,0.0,0.0,0.0,,3.0,6.0,
2023,2021013397,2023-09-03,1500052.0,中川 皓太,41.0,投,1,1.0,0.0,0.0,0.0,0.0,0.0,0.0,0.0,0.0,0.0,0.0,,0.0,0.0,0.0,0.0,0.0,0.0,7.0,1.0,0.0,1.0,3.0,2.1,1.0,1.0,,,9.0,0.0,0.0,0.0,0.0,,0.0,1.0,0.0,,3.0,10.0,
2023,2021013397,2023-09-03,1561778.0,バルドナード,49.0,投,1,1.0,0.0,0.0,0.0,0.0,0.0,0.0,0.0,0.0,0.0,0.0,,0.0,0.0,0.0,0.0,0.0,0.0,6.0,1.0,0.0,2.0,0.0,0.66,2.0,2.0,,,0.0,1.0,0.0,0.0,0.0,,0.0,2.0,0.0,,7.0,21.0,
2023,2021013397,2023-09-03,1561880.0,ウェンデルケン,49.0,投,3,1.0,0.0,0.0,0.0,0.0,0.0,0.0,0.0,0.0,0.0,0.0,,0.0,0.0,0.0,0.0,0.0,0.0,4.0,1.0,0.0,1.0,2.0,1.53,1.0,1.0,,,0.0,1.0,0.0,0.0,0.0,,0.0,2.0,0.0,,4.0,17.0,
2023,2021013397,2023-09-03,1600059.0,吉川 尚輝,2.0,二,1,1.0,1.0,5.0,4.0,1.0,2.0,0.0,0.0,0.0,1.0,0.0,,1.0,2.0,0.0,0.0,0.0,0.0,,,,,,,,,,,,,,,,,,,,,,,
2023,2021013397,2023-09-03,1600081.0,濱口 遥大,26.0,投,3,1.0,1.0,0.0,0.0,0.0,0.0,0.0,0.0,0.0,0.0,0.0,,0.0,0.0,0.0,0.0,0.0,0.0,1.0,1.0,,2.0,6.0,5.37,2.0,2.0,,,0.0,5.0,4.0,4.0,1.0,,1.0,1.0,0.0,,12.0,40.0,
2023,2021013397,2023-09-03,1600089.0,佐野 恵太,7.0,左,3,1.0,1.0,5.0,4.0,0.0,0.0,0.0,0.0,0.0,0.0,0.0,,1.0,0.0,0.0,0.0,0.0,0.0,,,,,,,,,,,,,,,,,,,,,,,
2023,2021013397,2023-09-03,1651302.0,岡田 悠希,38.0,打中,1,1.0,0.0,4.0,3.0,0.0,0.0,0.0,0.0,0.0,0.0,0.0,,1.0,2.0,0.0,0.0,0.0,0.0,,,,,,,,,,,,,,,,,,,,,,,
2023,2021013397,2023-09-03,1700006.0,エスコバー,62.0,投,3,1.0,0.0,0.0,0.0,0.0,0.0,0.0,0.0,0.0,0.0,0.0,,0.0,0.0,0.0,0.0,0.0,0.0,5.0,1.0,0.0,2.0,1.0,5.47,0.6666666666666666,0.2,,,0.0,1.0,1.0,0.0,0.0,,0.0,2.0,0.0,,4.0,18.0,
2023,2021013397,2023-09-03,1700020.0,ソト,99.0,一,3,1.0,1.0,4.0,3.0,1.0,1.0,0.0,0.0,0.0,0.0,0.0,,1.0,1.0,0.0,0.0,0.0,0.0,,,,,,,,,,,,,,,,,,,,,,,
2023,2021013397,2023-09-03,1700043.0,岸田 行倫,27.0,打捕,1,1.0,0.0,2.0,2.0,0.0,1.0,0.0,0.0,0.0,0.0,0.0,,0.0,1.0,0.0,0.0,0.0,0.0,,,,,,,,,,,,,,,,,,,,,,,
2023,2021013397,2023-09-03,1700044.0,大城 卓三,24.0,捕,1,1.0,1.0,4.0,4.0,0.0,2.0,0.0,0.0,0.0,1.0,0.0,,0.0,1.0,0.0,0.0,0.0,0.0,,,,,,,,,,,,,,,,,,,,,,,
2023,2021013397,2023-09-03,1700066.0,山本 祐大,50.0,捕,3,1.0,1.0,4.0,4.0,1.0,1.0,0.0,0.0,0.0,0.0,0.0,,0.0,1.0,0.0,0.0,0.0,0.0,,,,,,,,,,,,,,,,,,,,,,,
2023,2021013397,2023-09-03,1800043.0,上茶谷 大河,27.0,投,3,1.0,0.0,1.0,1.0,0.0,0.0,0.0,0.0,0.0,0.0,0.0,,0.0,1.0,0.0,0.0,0.0,0.0,6.0,1.0,0.0,3.0,3.0,1.81,1.0,1.0,,,0.0,2.0,1.0,1.0,0.0,,2.0,1.0,0.0,,7.0,25.0,
2023,2021013397,2023-09-03,1800048.0,知野 直人,60.0,打,3,1.0,0.0,1.0,1.0,1.0,1.0,0.0,0.0,1.0,4.0,0.0,,0.0,0.0,0.0,0.0,0.0,0.0,,,,,,,,,,,,,,,,,,,,,,,
2023,2021013397,2023-09-03,1800049.0,宮城 滝太,92.0,投,3,1.0,0.0,1.0,1.0,0.0,0.0,0.0,0.0,0.0,0.0,0.0,,0.0,1.0,0.0,0.0,0.0,0.0,2.0,1.0,0.0,0.0,0.0,2.7,3.0,3.0,,,0.0,4.0,2.0,2.0,1.0,,0.0,5.0,0.0,,13.0,49.0,
2023,2021013397,2023-09-03,1850809.0,松井 颯,93.0,投,1,1.0,0.0,0.0,0.0,0.0,0.0,0.0,0.0,0.0,0.0,0.0,,0.0,0.0,0.0,0.0,0.0,0.0,2.0,1.0,0.0,1.0,1.0,3.6,2.0,2.0,,,0.0,2.0,0.0,0.0,0.0,,1.0,2.0,0.0,,9.0,44.0,
2023,2021013397,2023-09-03,1900019.0,井上 温大,97.0,投,1,1.0,1.0,1.0,0.0,0.0,0.0,0.0,0.0,0.0,0.0,0.0,,0.0,0.0,0.0,1.0,0.0,0.0,1.0,1.0,,0.0,1.0,10.95,1.0,1.0,,,0.0,6.0,7.0,7.0,1.0,,1.0,0.0,1.0,,11.0,45.0,
2023,2021013397,2023-09-03,1900032.0,伊勢 大夢,13.0,投,3,1.0,0.0,0.0,0.0,0.0,0.0,0.0,0.0,0.0,0.0,0.0,,0.0,0.0,0.0,0.0,0.0,0.0,7.0,1.0,0.0,2.0,5.0,3.53,0.3333333333333333,0.1,,,2.0,0.0,0.0,0.0,0.0,,0.0,0.0,0.0,,1.0,1.0,
2023,2021013397,2023-09-03,1960962.0,ビーディ,33.0,投,1,1.0,0.0,0.0,0.0,0.0,0.0,0.0,0.0,0.0,0.0,0.0,,0.0,0.0,0.0,0.0,0.0,0.0,3.0,1.0,0.0,0.0,6.0,4.17,1.0,1.0,,,1.0,0.0,0.0,0.0,0.0,,0.0,1.0,0.0,,3.0,12.0,
2023,2021013397,2023-09-03,2000007.0,中山 礼都,40.0,打三,1,1.0,0.0,1.0,1.0,0.0,0.0,0.0,0.0,0.0,0.0,0.0,,0.0,0.0,0.0,0.0,0.0,0.0,,,,,,,,,,,,,,,,,,,,,,,
2023,2021013397,2023-09-03,2000009.0,秋広 優人,55.0,打,1,1.0,0.0,1.0,1.0,0.0,0.0,0.0,0.0,0.0,0.0,0.0,,0.0,0.0,0.0,0.0,0.0,0.0,,,,,,,,,,,,,,,,,,,,,,,
2023,2021013397,2023-09-03,2000035.0,牧 秀悟,2.0,二,3,1.0,1.0,5.0,5.0,0.0,1.0,1.0,0.0,0.0,1.0,0.0,,0.0,2.0,0.0,0.0,0.0,0.0,,,,,,,,,,,,,,,,,,,,,,,
2023,2021013397,2023-09-03,2102410.0,浅野 翔吾,51.0,走,1,1.0,0.0,0.0,0.0,0.0,0.0,0.0,0.0,0.0,0.0,0.0,,0.0,0.0,0.0,0.0,0.0,0.0,,,,,,,,,,,,,,,,,,,,,,,
2023,2021013397,2023-09-03,2105013.0,萩尾 匡也,12.0,中,1,1.0,1.0,2.0,2.0,0.0,0.0,0.0,0.0,0.0,0.0,0.0,,0.0,2.0,0.0,0.0,0.0,0.0,,,,,,,,,,,,,,,,,,,,,,,
2023,2021013397,2023-09-03,2107874.0,門脇 誠,35.0,三,1,1.0,1.0,5.0,5.0,2.0,3.0,2.0,0.0,0.0,1.0,0.0,,0.0,2.0,0.0,0.0,0.0,0.0,,,,,,,,,,,,,,,,,,,,,,,
2023,2021013398,2023-09-03,700050.0,會澤 翼,27.0,捕,6,1.0,1.0,2.0,2.0,0.0,0.0,0.0,0.0,0.0,0.0,0.0,,0.0,1.0,0.0,0.0,0.0,0.0,,,,,,,,,,,,,,,,,,,,,,,
2023,2021013398,2023-09-03,800041.0,松山 竜平,55.0,一,6,1.0,1.0,4.0,4.0,0.0,0.0,0.0,0.0,0.0,0.0,0.0,,0.0,0.0,0.0,0.0,0.0,0.0,,,,,,,,,,,,,,,,,,,,,,,
2023,2021013398,2023-09-03,900410.0,大島 洋平,8.0,左,4,1.0,1.0,5.0,4.0,1.0,2.0,0.0,0.0,0.0,0.0,0.0,,1.0,0.0,0.0,0.0,0.0,0.0,,,,,,,,,,,,,,,,,,,,,,,
2023,2021013398,2023-09-03,900430.0,堂林 翔太,7.0,左,6,1.0,1.0,4.0,3.0,0.0,1.0,0.0,0.0,0.0,0.0,0.0,,0.0,1.0,0.0,1.0,0.0,0.0,,,,,,,,,,,,,,,,,,,,,,,
2023,2021013398,2023-09-03,1000108.0,後藤 駿太,53.0,打,4,1.0,0.0,1.0,1.0,0.0,1.0,1.0,0.0,0.0,2.0,0.0,,0.0,0.0,0.0,0.0,0.0,0.0,,,,,,,,,,,,,,,,,,,,,,,
2023,2021013398,2023-09-03,1000116.0,中崎 翔太,21.0,投,6,1.0,0.0,0.0,0.0,0.0,0.0,0.0,0.0,0.0,0.0,0.0,,0.0,0.0,0.0,0.0,0.0,0.0,5.0,1.0,0.0,0.0,0.0,2.39,1.0,1.0,,,0.0,0.0,0.0,0.0,0.0,,1.0,1.0,0.0,,4.0,14.0,
2023,2021013398,2023-09-03,1100069.0,高橋 周平,3.0,三,4,1.0,0.0,1.0,1.0,0.0,0.0,0.0,0.0,0.0,0.0,0.0,,0.0,1.0,0.0,0.0,0.0,0.0,,,,,,,,,,,,,,,,,,,,,,,
2023,2021013398,2023-09-03,1100082.0,菊池 涼介,33.0,二,6,1.0,1.0,4.0,4.0,0.0,1.0,0.0,0.0,0.0,0.0,0.0,,0.0,0.0,0.0,0.0,0.0,0.0,,,,,,,,,,,,,,,,,,,,,,,
2023,2021013398,2023-09-03,1200097.0,加藤 翔平,52.0,走左,4,1.0,0.0,0.0,0.0,1.0,0.0,0.0,0.0,0.0,0.0,0.0,,0.0,0.0,0.0,0.0,0.0,0.0,,,,,,,,,,,,,,,,,,,,,,,
2023,2021013398,2023-09-03,1300058.0,九里 亜蓮,11.0,投,6,1.0,1.0,1.0,1.0,0.0,0.0,0.0,0.0,0.0,0.0,0.0,,0.0,1.0,0.0,0.0,0.0,0.0,1.0,1.0,,7.0,6.0,2.53,5.0,5.0,,,0.0,7.0,1.0,0.0,0.0,,2.0,4.0,1.0,,23.0,93.0,
2023,2021013398,2023-09-03,1300059.0,田中 広輔,2.0,打,6,1.0,0.0,1.0,1.0,0.0,0.0,0.0,0.0,0.0,0.0,0.0,,0.0,0.0,0.0,0.0,0.0,0.0,,,,,,,,,,,,,,,,,,,,,,,
2023,2021013398,2023-09-03,1400173.0,野間 峻祥,37.0,中,6,1.0,1.0,4.0,3.0,0.0,1.0,0.0,0.0,0.0,0.0,0.0,,1.0,1.0,0.0,0.0,0.0,0.0,,,,,,,,,,,,,,,,,,,,,,,
2023,2021013398,2023-09-03,1460004.0,デビッドソン,95.0,三,6,1.0,1.0,3.0,3.0,0.0,1.0,1.0,0.0,0.0,0.0,0.0,,0.0,2.0,0.0,0.0,0.0,1.0,,,,,,,,,,,,,,,,,,,,,,,
2023,2021013398,2023-09-03,1500049.0,宇佐見 真吾,39.0,捕,4,1.0,1.0,4.0,4.0,0.0,2.0,0.0,0.0,0.0,0.0,0.0,,0.0,2.0,0.0,0.0,0.0,0.0,,,,,,,,,,,,,,,,,,,,,,,
2023,2021013398,2023-09-03,1560639.0,カリステ,99.0,遊,4,1.0,1.0,5.0,4.0,0.0,1.0,0.0,0.0,0.0,0.0,0.0,,1.0,0.0,0.0,0.0,0.0,0.0,,,,,,,,,,,,,,,,,,,,,,,
2023,2021013398,2023-09-03,1600021.0,ビシエド,66.0,一,4,1.0,1.0,5.0,4.0,0.0,1.0,0.0,0.0,0.0,0.0,0.0,,0.0,0.0,1.0,0.0,0.0,0.0,,,,,,,,,,,,,,,,,,,,,,,
2023,2021013398,2023-09-03,1600085.0,細川 成也,0.0,右,4,1.0,1.0,5.0,3.0,0.0,0.0,0.0,0.0,0.0,0.0,0.0,,2.0,1.0,0.0,0.0,0.0,0.0,,,,,,,,,,,,,,,,,,,,,,,
2023,2021013398,2023-09-03,1600106.0,柳 裕也,17.0,投,4,1.0,1.0,3.0,3.0,0.0,1.0,0.0,0.0,0.0,0.0,0.0,,0.0,1.0,0.0,0.0,0.0,0.0,1.0,1.0,,4.0,9.0,2.57,6.333333333333333,6.1,,,0.0,4.0,0.0,0.0,0.0,,1.0,8.0,0.0,,24.0,107.0,
2023,2021013398,2023-09-03,1600108.0,石垣 雅海,32.0,二,4,1.0,1.0,4.0,3.0,0.0,0.0,0.0,0.0,0.0,0.0,0.0,,0.0,1.0,0.0,1.0,0.0,0.0,,,,,,,,,,,,,,,,,,,,,,,
2023,2021013398,2023-09-03,1600121.0,矢崎 拓也,41.0,投,6,1.0,0.0,0.0,0.0,0.0,0.0,0.0,0.0,0.0,0.0,0.0,,0.0,0.0,0.0,0.0,0.0,0.0,3.0,1.0,0.0,4.0,2.0,2.7,1.0,1.0,,,24.0,0.0,0.0,0.0,0.0,,0.0,1.0,0.0,,3.0,13.0,
2023,2021013398,2023-09-03,1600124.0,坂倉 将吾,31.0,打捕,6,1.0,0.0,2.0,2.0,0.0,0.0,0.0,0.0,0.0,0.0,0.0,,0.0,2.0,0.0,0.0,0.0,0.0,,,,,,,,,,,,,,,,,,,,,,,
2023,2021013398,2023-09-03,1660045.0,フェリス,93.0,投,4,1.0,0.0,0.0,0.0,0.0,0.0,0.0,0.0,0.0,0.0,0.0,,0.0,0.0,0.0,0.0,0.0,0.0,2.0,1.0,0.0,1.0,0.0,0.0,0.6666666666666666,0.2,,,0.0,0.0,0.0,0.0,0.0,,0.0,2.0,0.0,,2.0,9.0,
2023,2021013398,2023-09-03,1700010.0,マルティネス,92.0,投,4,1.0,0.0,0.0,0.0,0.0,0.0,0.0,0.0,0.0,0.0,0.0,,0.0,0.0,0.0,0.0,0.0,0.0,4.0,1.0,0.0,3.0,1.0,0.21,1.0,1.0,,,30.0,1.0,0.0,0.0,0.0,,0.0,2.0,0.0,,4.0,12.0,
2023,2021013398,2023-09-03,1800062.0,石橋 康太,58.0,捕,4,1.0,0.0,0.0,0.0,0.0,0.0,0.0,0.0,0.0,0.0,0.0,,0.0,0.0,0.0,0.0,0.0,0.0,,,,,,,,,,,,,,,,,,,,,,,
2023,2021013398,2023-09-03,1800072.0,小園 海斗,51.0,遊三,6,1.0,1.0,4.0,4.0,0.0,2.0,1.0,0.0,0.0,0.0,0.0,,0.0,0.0,0.0,0.0,0.0,0.0,,,,,,,,,,,,,,,,,,,,,,,
2023,2021013398,2023-09-03,1800073.0,島内 颯太郎,43.0,投,6,1.0,0.0,0.0,0.0,0.0,0.0,0.0,0.0,0.0,0.0,0.0,,0.0,0.0,0.0,0.0,0.0,0.0,4.0,1.0,0.0,1.0,3.0,2.2,1.0,1.0,,,2.0,3.0,2.0,2.0,0.0,,0.0,0.0,0.0,,6.0,17.0,
2023,2021013398,2023-09-03,1800079.0,大盛 穂,59.0,打,6,1.0,0.0,1.0,1.0,0.0,0.0,0.0,0.0,0.0,0.0,0.0,,0.0,0.0,0.0,0.0,0.0,0.0,,,,,,,,,,,,,,,,,,,,,,,
2023,2021013398,2023-09-03,1900037.0,石川 昂弥,25.0,三,4,1.0,1.0,4.0,4.0,0.0,3.0,2.0,0.0,0.0,0.0,0.0,,0.0,0.0,0.0,0.0,0.0,0.0,,,,,,,,,,,,,,,,,,,,,,,
2023,2021013398,2023-09-03,1900041.0,岡林 勇希,60.0,中,4,1.0,1.0,5.0,4.0,0.0,1.0,0.0,0.0,0.0,0.0,0.0,,0.0,0.0,0.0,1.0,0.0,0.0,,,,,,,,,,,,,,,,,,,,,,,
2023,2021013398,2023-09-03,2000044.0,龍空,45.0,遊,4,1.0,0.0,0.0,0.0,0.0,0.0,0.0,0.0,0.0,0.0,0.0,,0.0,0.0,0.0,0.0,0.0,0.0,,,,,,,,,,,,,,,,,,,,,,,
2023,2021013398,2023-09-03,2000047.0,三好 大倫,30.0,走,4,1.0,0.0,0.0,0.0,1.0,0.0,0.0,0.0,0.0,0.0,0.0,,0.0,0.0,0.0,0.0,0.0,0.0,,,,,,,,,,,,,,,,,,,,,,,
2023,2021013398,2023-09-03,2000062.0,大道 温貴,12.0,投,6,1.0,0.0,0.0,0.0,0.0,0.0,0.0,0.0,0.0,0.0,0.0,,0.0,0.0,0.0,0.0,0.0,0.0,2.0,1.0,0.0,2.0,0.0,2.61,1.0,1.0,,,0.0,2.0,0.0,0.0,0.0,,1.0,0.0,0.0,,6.0,26.0,
2023,2021013398,2023-09-03,2000065.0,矢野 雅哉,61.0,走遊,6,1.0,0.0,1.0,1.0,0.0,0.0,0.0,0.0,0.0,0.0,0.0,,0.0,1.0,0.0,0.0,0.0,0.0,,,,,,,,,,,,,,,,,,,,,,,
2023,2021013398,2023-09-03,2103768.0,末包 昇大,52.0,右,6,1.0,1.0,3.0,3.0,0.0,0.0,0.0,0.0,0.0,0.0,0.0,,0.0,3.0,0.0,0.0,0.0,0.0,,,,,,,,,,,,,,,,,,,,,,,
2023,2021013398,2023-09-03,2107869.0,松山 晋也,90.0,投,4,1.0,0.0,0.0,0.0,0.0,0.0,0.0,0.0,0.0,0.0,0.0,,0.0,0.0,0.0,0.0,0.0,0.0,3.0,1.0,0.0,0.0,0.0,1.11,1.0,1.0,,,0.0,1.0,0.0,0.0,0.0,,0.0,0.0,0.0,,4.0,17.0,
2023,2021013399,2023-09-03,1100095.0,松本 剛,7.0,左,8,1.0,1.0,4.0,3.0,0.0,1.0,0.0,0.0,0.0,0.0,0.0,,0.0,0.0,1.0,0.0,0.0,0.0,,,,,,,,,,,,,,,,,,,,,,,
2023,2021013399,2023-09-03,1251037.0,上川畑 大悟,4.0,二,8,1.0,1.0,2.0,2.0,0.0,0.0,0.0,0.0,0.0,0.0,0.0,,0.0,1.0,0.0,0.0,0.0,0.0,,,,,,,,,,,,,,,,,,,,,,,
2023,2021013399,2023-09-03,1300100.0,森 友哉,4.0,指,11,1.0,1.0,4.0,4.0,0.0,1.0,0.0,0.0,0.0,0.0,0.0,,0.0,1.0,0.0,0.0,0.0,0.0,,,,,,,,,,,,,,,,,,,,,,,
2023,2021013399,2023-09-03,1300109.0,若月 健矢,2.0,捕,11,1.0,1.0,4.0,4.0,0.0,2.0,0.0,0.0,0.0,0.0,0.0,,0.0,0.0,0.0,0.0,0.0,0.0,,,,,,,,,,,,,,,,,,,,,,,
2023,2021013399,2023-09-03,1400120.0,石川 直也,51.0,,8,,,,,,,,,,,,,,,,,,,2.0,1.0,0.0,0.0,0.0,4.05,0.6666666666666666,0.2,,,1.0,2.0,0.0,0.0,0.0,,0.0,0.0,0.0,,3.0,12.0,
2023,2021013399,2023-09-03,1400196.0,宗 佑磨,6.0,三,11,1.0,1.0,4.0,4.0,0.0,0.0,0.0,0.0,0.0,0.0,0.0,,0.0,1.0,0.0,0.0,0.0,0.0,,,,,,,,,,,,,,,,,,,,,,,
2023,2021013399,2023-09-03,1400197.0,佐野 皓大,41.0,右,11,1.0,1.0,5.0,5.0,0.0,2.0,0.0,0.0,0.0,2.0,0.0,,0.0,0.0,0.0,0.0,0.0,0.0,,,,,,,,,,,,,,,,,,,,,,,
2023,2021013399,2023-09-03,1400202.0,小田 裕也,50.0,走左,11,1.0,0.0,1.0,1.0,1.0,0.0,0.0,0.0,0.0,0.0,0.0,,0.0,1.0,0.0,0.0,0.0,0.0,,,,,,,,,,,,,,,,,,,,,,,
2023,2021013399,2023-09-03,1500109.0,上原 健太,20.0,,8,,,,,,,,,,,,,,,,,,,1.0,1.0,,3.0,5.0,2.57,6.333333333333333,6.1,,,0.0,6.0,3.0,3.0,1.0,,2.0,5.0,0.0,,26.0,97.0,
2023,2021013399,2023-09-03,1500128.0,大城 滉二,10.0,二,11,1.0,1.0,4.0,4.0,0.0,0.0,0.0,0.0,0.0,0.0,0.0,,0.0,2.0,0.0,0.0,0.0,0.0,,,,,,,,,,,,,,,,,,,,,,,
2023,2021013399,2023-09-03,1600150.0,山岡 泰輔,19.0,,11,,,,,,,,,,,,,,,,,,,3.0,1.0,0.0,2.0,1.0,2.38,1.0,1.0,,,0.0,0.0,0.0,0.0,0.0,,0.0,0.0,0.0,,3.0,9.0,
2023,2021013399,2023-09-03,1600155.0,山崎 颯一郎,63.0,,11,,,,,,,,,,,,,,,,,,,4.0,1.0,0.0,0.0,0.0,1.13,1.0,1.0,,,7.0,1.0,0.0,0.0,0.0,,0.0,0.0,0.0,,4.0,16.0,
2023,2021013399,2023-09-03,1700025.0,清宮 幸太郎,21.0,三,8,1.0,1.0,4.0,4.0,0.0,1.0,1.0,0.0,0.0,0.0,0.0,,0.0,0.0,0.0,0.0,0.0,0.0,,,,,,,,,,,,,,,,,,,,,,,
2023,2021013399,2023-09-03,1700029.0,北浦 竜次,63.0,,8,,,,,,,,,,,,,,,,,,,4.0,1.0,0.0,0.0,0.0,0.0,1.0,1.0,,,0.0,1.0,0.0,0.0,0.0,,0.0,1.0,0.0,,4.0,18.0,
2023,2021013399,2023-09-03,1700106.0,山本 拓実,67.0,,8,,,,,,,,,,,,,,,,,,,3.0,1.0,0.0,0.0,0.0,1.56,1.0,1.0,,,0.0,2.0,0.0,0.0,0.0,,0.0,0.0,0.0,,4.0,23.0,
2023,2021013399,2023-09-03,1700116.0,山足 達也,36.0,一,11,1.0,0.0,0.0,0.0,0.0,0.0,0.0,0.0,0.0,0.0,0.0,,0.0,0.0,0.0,0.0,0.0,0.0,,,,,,,,,,,,,,,,,,,,,,,
2023,2021013399,2023-09-03,1700118.0,東 晃平,95.0,,11,,,,,,,,,,,,,,,,,,,1.0,1.0,,4.0,0.0,1.89,6.333333333333333,6.1,,,0.0,5.0,1.0,0.0,0.0,,0.0,4.0,1.0,,24.0,87.0,
2023,2021013399,2023-09-03,1800008.0,マルティネス,2.0,捕,8,1.0,1.0,3.0,3.0,0.0,1.0,0.0,0.0,0.0,1.0,0.0,,0.0,0.0,0.0,0.0,0.0,0.0,,,,,,,,,,,,,,,,,,,,,,,
2023,2021013399,2023-09-03,1800091.0,野村 佑希,5.0,一,8,1.0,1.0,4.0,4.0,1.0,1.0,0.0,0.0,0.0,0.0,0.0,,0.0,0.0,0.0,0.0,0.0,0.0,,,,,,,,,,,,,,,,,,,,,,,
2023,2021013399,2023-09-03,1800093.0,万波 中正,66.0,右,8,1.0,1.0,4.0,4.0,0.0,0.0,0.0,0.0,0.0,0.0,0.0,,0.0,2.0,0.0,0.0,0.0,0.0,,,,,,,,,,,,,,,,,,,,,,,
2023,2021013399,2023-09-03,1800099.0,頓宮 裕真,44.0,一,11,1.0,1.0,4.0,4.0,1.0,1.0,0.0,0.0,1.0,1.0,0.0,,0.0,0.0,0.0,0.0,0.0,0.0,,,,,,,,,,,,,,,,,,,,,,,
2023,2021013399,2023-09-03,1800104.0,中川 圭太,67.0,中,11,1.0,1.0,4.0,4.0,0.0,3.0,2.0,0.0,0.0,0.0,0.0,,0.0,1.0,0.0,0.0,0.0,0.0,,,,,,,,,,,,,,,,,,,,,,,
2023,2021013399,2023-09-03,1800127.0,王 柏融,99.0,打,8,1.0,0.0,1.0,1.0,0.0,0.0,0.0,0.0,0.0,0.0,0.0,,0.0,0.0,0.0,0.0,0.0,0.0,,,,,,,,,,,,,,,,,,,,,,,
2023,2021013399,2023-09-03,1850932.0,奈良間 大己,58.0,遊,8,1.0,1.0,3.0,3.0,0.0,1.0,0.0,0.0,0.0,0.0,0.0,,0.0,0.0,0.0,0.0,0.0,0.0,,,,,,,,,,,,,,,,,,,,,,,
2023,2021013399,2023-09-03,1900040.0,郡司 裕也,30.0,指,8,1.0,1.0,4.0,4.0,0.0,0.0,0.0,0.0,0.0,0.0,0.0,,0.0,0.0,0.0,0.0,0.0,0.0,,,,,,,,,,,,,,,,,,,,,,,
2023,2021013399,2023-09-03,1900088.0,紅林 弘太郎,24.0,遊,11,1.0,1.0,4.0,2.0,0.0,1.0,0.0,0.0,0.0,0.0,0.0,,1.0,0.0,0.0,1.0,0.0,1.0,,,,,,,,,,,,,,,,,,,,,,,
2023,2021013399,2023-09-03,2000080.0,五十幡 亮汰,50.0,中,8,1.0,1.0,3.0,3.0,0.0,1.0,0.0,0.0,0.0,0.0,0.0,,0.0,1.0,0.0,0.0,0.0,0.0,,,,,,,,,,,,,,,,,,,,,,,
2023,2021013399,2023-09-03,2000082.0,細川 凌平,56.0,二,8,1.0,0.0,0.0,0.0,0.0,0.0,0.0,0.0,0.0,0.0,0.0,,0.0,0.0,0.0,0.0,0.0,0.0,,,,,,,,,,,,,,,,,,,,,,,
2023,2021013399,2023-09-03,2000104.0,宇田川 優希,96.0,,11,,,,,,,,,,,,,,,,,,,2.0,1.0,0.0,3.0,0.0,2.06,0.6666666666666666,0.2,,,2.0,0.0,0.0,0.0,0.0,,0.0,0.0,0.0,,1.0,4.0,
2023,2021013399,2023-09-03,2050254.0,池田 陵真,39.0,左,11,1.0,1.0,3.0,2.0,1.0,1.0,0.0,0.0,0.0,0.0,1.0,,1.0,0.0,0.0,0.0,0.0,0.0,,,,,,,,,,,,,,,,,,,,,,,
2023,2021013400,2023-09-03,12101.0,中村 剛也,60.0,打,7,1.0,0.0,1.0,1.0,0.0,0.0,0.0,0.0,0.0,0.0,0.0,,0.0,0.0,0.0,0.0,0.0,0.0,,,,,,,,,,,,,,,,,,,,,,,
2023,2021013400,2023-09-03,12102.0,栗山 巧,1.0,指,7,1.0,1.0,4.0,4.0,0.0,1.0,0.0,0.0,0.0,0.0,0.0,,0.0,1.0,0.0,0.0,0.0,0.0,,,,,,,,,,,,,,,,,,,,,,,
2023,2021013400,2023-09-03,800081.0,中村 晃,7.0,一,12,1.0,1.0,4.0,4.0,0.0,2.0,0.0,0.0,0.0,0.0,0.0,,0.0,0.0,0.0,0.0,0.0,0.0,,,,,,,,,,,,,,,,,,,,,,,
2023,2021013400,2023-09-03,1000035.0,今宮 健太,6.0,遊,12,1.0,1.0,4.0,3.0,0.0,0.0,0.0,0.0,0.0,0.0,0.0,,0.0,0.0,0.0,1.0,0.0,0.0,,,,,,,,,,,,,,,,,,,,,,,
2023,2021013400,2023-09-03,1000128.0,柳田 悠岐,9.0,指,12,1.0,1.0,4.0,4.0,0.0,0.0,0.0,0.0,0.0,1.0,0.0,,0.0,1.0,0.0,0.0,0.0,0.0,,,,,,,,,,,,,,,,,,,,,,,
2023,2021013400,2023-09-03,1000176.0,甲斐 拓也,19.0,捕,12,1.0,1.0,4.0,4.0,1.0,1.0,0.0,0.0,1.0,1.0,0.0,,0.0,2.0,0.0,0.0,0.0,0.0,,,,,,,,,,,,,,,,,,,,,,,
2023,2021013400,2023-09-03,1100097.0,近藤 健介,3.0,左,12,1.0,1.0,4.0,3.0,0.0,1.0,0.0,0.0,0.0,1.0,0.0,,1.0,0.0,0.0,0.0,0.0,0.0,,,,,,,,,,,,,,,,,,,,,,,
2023,2021013400,2023-09-03,1300063.0,又吉 克樹,14.0,,12,,,,,,,,,,,,,,,,,,,2.0,1.0,0.0,1.0,1.0,2.12,0.3333333333333333,0.1,,,0.0,0.0,0.0,0.0,0.0,,0.0,0.0,0.0,,1.0,3.0,
2023,2021013400,2023-09-03,1300077.0,森 唯斗,38.0,,12,,,,,,,,,,,,,,,,,,,1.0,1.0,,2.0,1.0,3.26,5.666666666666667,5.2,,,0.0,3.0,1.0,1.0,1.0,,1.0,3.0,0.0,,23.0,103.0,
2023,2021013400,2023-09-03,1300079.0,上林 誠知,51.0,右,12,1.0,0.0,0.0,0.0,0.0,0.0,0.0,0.0,0.0,0.0,0.0,,0.0,0.0,0.0,0.0,0.0,0.0,,,,,,,,,,,,,,,,,,,,,,,
2023,2021013400,2023-09-03,1400126.0,松本 裕樹,66.0,,12,,,,,,,,,,,,,,,,,,,4.0,1.0,0.0,2.0,2.0,3.16,1.0,1.0,,,0.0,2.0,1.0,1.0,0.0,,0.0,0.0,0.0,,5.0,17.0,
2023,2021013400,2023-09-03,1400176.0,藤井 皓哉,48.0,,12,,,,,,,,,,,,,,,,,,,3.0,1.0,0.0,5.0,3.0,2.53,1.0,1.0,,,0.0,0.0,0.0,0.0,0.0,,0.0,2.0,0.0,,3.0,16.0,
2023,2021013400,2023-09-03,1400184.0,外崎 修汰,5.0,二,7,1.0,1.0,4.0,4.0,1.0,1.0,0.0,0.0,1.0,1.0,0.0,,0.0,0.0,0.0,0.0,0.0,0.0,,,,,,,,,,,,,,,,,,,,,,,
2023,2021013400,2023-09-03,1500112.0,平沼 翔太,31.0,打,7,1.0,0.0,1.0,0.0,0.0,0.0,0.0,0.0,0.0,0.0,0.0,,1.0,0.0,0.0,0.0,0.0,0.0,,,,,,,,,,,,,,,,,,,,,,,
2023,2021013400,2023-09-03,1500143.0,川瀬 晃,0.0,二,12,1.0,0.0,2.0,1.0,1.0,0.0,0.0,0.0,0.0,0.0,0.0,,1.0,0.0,0.0,0.0,0.0,0.0,,,,,,,,,,,,,,,,,,,,,,,
2023,2021013400,2023-09-03,1560184.0,オスナ,54.0,,12,,,,,,,,,,,,,,,,,,,5.0,1.0,0.0,3.0,1.0,0.68,1.0,1.0,,,20.0,1.0,0.0,0.0,0.0,,1.0,1.0,0.0,,5.0,27.0,
2023,2021013400,2023-09-03,1600129.0,源田 壮亮,6.0,遊,7,1.0,1.0,5.0,5.0,1.0,1.0,0.0,0.0,0.0,0.0,0.0,,0.0,1.0,0.0,0.0,0.0,0.0,,,,,,,,,,,,,,,,,,,,,,,
2023,2021013400,2023-09-03,1600131.0,平井 克典,25.0,,7,,,,,,,,,,,,,,,,,,,4.0,1.0,0.0,3.0,3.0,2.81,1.0,1.0,,,0.0,0.0,0.0,0.0,0.0,,0.0,0.0,0.0,,3.0,12.0,
2023,2021013400,2023-09-03,1600167.0,三森 大貴,13.0,二,12,1.0,1.0,3.0,2.0,0.0,0.0,0.0,0.0,0.0,0.0,0.0,,1.0,0.0,0.0,0.0,0.0,2.0,,,,,,,,,,,,,,,,,,,,,,,
2023,2021013400,2023-09-03,1700122.0,西川 愛也,51.0,中,7,1.0,1.0,3.0,3.0,0.0,0.0,0.0,0.0,0.0,0.0,0.0,,0.0,0.0,0.0,0.0,0.0,0.0,,,,,,,,,,,,,,,,,,,,,,,
2023,2021013400,2023-09-03,1700125.0,與座 海人,44.0,,7,,,,,,,,,,,,,,,,,,,1.0,1.0,,2.0,5.0,3.38,5.0,5.0,,,0.0,4.0,2.0,2.0,1.0,,3.0,1.0,0.0,,22.0,96.0,
2023,2021013400,2023-09-03,1700135.0,周東 佑京,23.0,中,12,1.0,1.0,5.0,4.0,1.0,2.0,0.0,1.0,0.0,0.0,1.0,,0.0,0.0,0.0,1.0,0.0,0.0,,,,,,,,,,,,,,,,,,,,,,,
2023,2021013400,2023-09-03,1800086.0,佐藤 龍世,58.0,三,7,1.0,1.0,4.0,4.0,0.0,2.0,1.0,0.0,0.0,0.0,0.0,,0.0,1.0,0.0,0.0,0.0,0.0,,,,,,,,,,,,,,,,,,,,,,,
2023,2021013400,2023-09-03,1850820.0,蛭間 拓哉,9.0,右,7,1.0,1.0,4.0,3.0,0.0,0.0,0.0,0.0,0.0,1.0,0.0,,0.0,0.0,0.0,0.0,1.0,0.0,,,,,,,,,,,,,,,,,,,,,,,
2023,2021013400,2023-09-03,1900065.0,柘植 世那,37.0,捕,7,1.0,1.0,3.0,2.0,0.0,0.0,0.0,0.0,0.0,0.0,0.0,,0.0,1.0,0.0,1.0,0.0,0.0,,,,,,,,,,,,,,,,,,,,,,,
2023,2021013400,2023-09-03,1900068.0,岸 潤一郎,68.0,走左,7,1.0,0.0,0.0,0.0,0.0,0.0,0.0,0.0,0.0,0.0,0.0,,0.0,0.0,0.0,0.0,0.0,0.0,,,,,,,,,,,,,,,,,,,,,,,
2023,2021013400,2023-09-03,1900104.0,柳町 達,32.0,右,12,1.0,1.0,4.0,2.0,0.0,0.0,0.0,0.0,0.0,0.0,0.0,,2.0,0.0,0.0,0.0,0.0,0.0,,,,,,,,,,,,,,,,,,,,,,,
2023,2021013400,2023-09-03,1961286.0,ペイトン,10.0,左,7,1.0,1.0,4.0,4.0,0.0,1.0,0.0,0.0,0.0,0.0,0.0,,0.0,1.0,0.0,0.0,0.0,0.0,,,,,,,,,,,,,,,,,,,,,,,
2023,2021013400,2023-09-03,2000067.0,渡部 健人,8.0,一,7,1.0,1.0,4.0,3.0,0.0,0.0,0.0,0.0,0.0,0.0,0.0,,1.0,1.0,0.0,0.0,0.0,0.0,,,,,,,,,,,,,,,,,,,,,,,
2023,2021013400,2023-09-03,2000077.0,豆田 泰志,70.0,,7,,,,,,,,,,,,,,,,,,,3.0,1.0,0.0,0.0,0.0,1.04,1.0,1.0,,,0.0,1.0,1.0,1.0,0.0,,1.0,0.0,0.0,,5.0,13.0,
2023,2021013400,2023-09-03,2000078.0,水上 由伸,69.0,,7,,,,,,,,,,,,,,,,,,,2.0,1.0,0.0,0.0,1.0,0.79,1.0,1.0,,,0.0,1.0,0.0,0.0,0.0,,1.0,1.0,0.0,,5.0,19.0,
2023,2021013400,2023-09-03,2060016.0,クリスキー,99.0,,7,,,,,,,,,,,,,,,,,,,5.0,1.0,0.0,0.0,0.0,0.0,1.0,1.0,,,1.0,0.0,0.0,0.0,0.0,,0.0,1.0,0.0,,3.0,13.0,
2023,2021013400,2023-09-03,2104035.0,野村 勇,99.0,三,12,1.0,1.0,4.0,4.0,0.0,0.0,0.0,0.0,0.0,0.0,0.0,,0.0,0.0,0.0,0.0,0.0,0.0,,,,,,,,,,,,,,,,,,,,,,,
2023,2021013400,2023-09-03,2105684.0,児玉 亮涼,0.0,走,7,1.0,0.0,0.0,0.0,0.0,0.0,0.0,0.0,0.0,0.0,0.0,,0.0,0.0,0.0,0.0,0.0,0.0,,,,,,,,,,,,,,,,,,,,,,,
2023,2021013401,2023-09-03,900056.0,浅村 栄斗,3.0,二,376,1.0,1.0,5.0,3.0,0.0,1.0,0.0,0.0,0.0,0.0,0.0,,2.0,0.0,0.0,0.0,0.0,1.0,,,,,,,,,,,,,,,,,,,,,,,
2023,2021013401,2023-09-03,1000083.0,澤村 拓一,54.0,,9,,,,,,,,,,,,,,,,,,,4.0,1.0,0.0,4.0,3.0,5.28,1.0,1.0,,,2.0,3.0,1.0,1.0,1.0,,0.0,0.0,0.0,,6.0,18.0,
2023,2021013401,2023-09-03,1100096.0,石川 慎吾,50.0,左,9,1.0,1.0,4.0,4.0,0.0,0.0,0.0,0.0,0.0,0.0,0.0,,0.0,3.0,0.0,0.0,0.0,0.0,,,,,,,,,,,,,,,,,,,,,,,
2023,2021013401,2023-09-03,1100130.0,岡島 豪郎,27.0,左,376,1.0,1.0,5.0,4.0,0.0,1.0,1.0,0.0,0.0,1.0,0.0,,0.0,0.0,0.0,0.0,1.0,0.0,,,,,,,,,,,,,,,,,,,,,,,
2023,2021013401,2023-09-03,1100132.0,島内 宏明,35.0,指,376,1.0,1.0,5.0,5.0,1.0,2.0,0.0,0.0,1.0,1.0,0.0,,0.0,0.0,0.0,0.0,0.0,0.0,,,,,,,,,,,,,,,,,,,,,,,
2023,2021013401,2023-09-03,1200096.0,田村 龍弘,27.0,捕,9,1.0,1.0,3.0,3.0,1.0,2.0,0.0,0.0,0.0,0.0,0.0,,0.0,0.0,0.0,0.0,0.0,0.0,,,,,,,,,,,,,,,,,,,,,,,
2023,2021013401,2023-09-03,1300044.0,岡 大海,25.0,右,9,1.0,1.0,4.0,4.0,1.0,1.0,1.0,0.0,0.0,1.0,0.0,,0.0,1.0,0.0,0.0,0.0,0.0,,,,,,,,,,,,,,,,,,,,,,,
2023,2021013401,2023-09-03,1300084.0,松井 裕樹,1.0,,376,,,,,,,,,,,,,,,,,,,3.0,1.0,0.0,1.0,3.0,1.62,1.0,1.0,,,31.0,2.0,2.0,2.0,1.0,,0.0,2.0,0.0,,5.0,15.0,
2023,2021013401,2023-09-03,1400188.0,中村 奨吾,8.0,二,9,1.0,1.0,4.0,4.0,1.0,1.0,1.0,0.0,0.0,0.0,0.0,,0.0,1.0,0.0,0.0,0.0,0.0,,,,,,,,,,,,,,,,,,,,,,,
2023,2021013401,2023-09-03,1400190.0,岩下 大輝,46.0,,9,,,,,,,,,,,,,,,,,,,3.0,1.0,0.0,1.0,0.0,1.48,1.0,1.0,,,0.0,2.0,1.0,1.0,0.0,,1.0,0.0,0.0,,6.0,21.0,
2023,2021013401,2023-09-03,1460080.0,ポランコ,22.0,指,9,1.0,1.0,4.0,4.0,1.0,1.0,0.0,0.0,1.0,2.0,0.0,,0.0,0.0,0.0,0.0,0.0,0.0,,,,,,,,,,,,,,,,,,,,,,,
2023,2021013401,2023-09-03,1500078.0,阿部 寿樹,4.0,一,376,1.0,1.0,5.0,4.0,2.0,2.0,0.0,0.0,1.0,1.0,0.0,,1.0,0.0,0.0,0.0,0.0,0.0,,,,,,,,,,,,,,,,,,,,,,,
2023,2021013401,2023-09-03,1500120.0,東條 大樹,20.0,,9,,,,,,,,,,,,,,,,,,,2.0,1.0,0.0,0.0,0.0,8.31,1.0,1.0,,,1.0,1.0,1.0,1.0,0.0,,2.0,0.0,0.0,,5.0,24.0,
2023,2021013401,2023-09-03,1600007.0,村林 一輝,66.0,遊,376,1.0,1.0,5.0,4.0,1.0,2.0,0.0,0.0,0.0,0.0,0.0,,0.0,0.0,0.0,1.0,0.0,0.0,,,,,,,,,,,,,,,,,,,,,,,
2023,2021013401,2023-09-03,1600094.0,田中 和基,25.0,右,376,1.0,0.0,1.0,1.0,0.0,0.0,0.0,0.0,0.0,0.0,0.0,,0.0,1.0,0.0,0.0,0.0,0.0,,,,,,,,,,,,,,,,,,,,,,,
2023,2021013401,2023-09-03,1600157.0,澤田 圭佑,66.0,,9,,,,,,,,,,,,,,,,,,,5.0,1.0,0.0,1.0,0.0,1.17,1.0,1.0,,,0.0,2.0,1.0,1.0,1.0,,0.0,1.0,0.0,,4.0,12.0,
2023,2021013401,2023-09-03,1700034.0,山崎 剛,34.0,三,376,1.0,0.0,0.0,0.0,0.0,0.0,0.0,0.0,0.0,0.0,0.0,,0.0,0.0,0.0,0.0,0.0,0.0,,,,,,,,,,,,,,,,,,,,,,,
2023,2021013401,2023-09-03,1700092.0,安田 尚憲,5.0,三,9,1.0,1.0,3.0,3.0,0.0,0.0,0.0,0.0,0.0,0.0,0.0,,0.0,2.0,0.0,0.0,0.0,1.0,,,,,,,,,,,,,,,,,,,,,,,
2023,2021013401,2023-09-03,1700093.0,藤岡 裕大,4.0,遊,9,1.0,1.0,4.0,3.0,0.0,2.0,0.0,0.0,0.0,1.0,0.0,,1.0,0.0,0.0,0.0,0.0,0.0,,,,,,,,,,,,,,,,,,,,,,,
2023,2021013401,2023-09-03,1800050.0,藤原 恭大,1.0,中,9,1.0,1.0,3.0,3.0,0.0,0.0,0.0,0.0,0.0,0.0,0.0,,0.0,1.0,0.0,0.0,0.0,0.0,,,,,,,,,,,,,,,,,,,,,,,
2023,2021013401,2023-09-03,1800053.0,山口 航輝,51.0,一,9,1.0,1.0,4.0,4.0,0.0,1.0,0.0,0.0,0.0,0.0,0.0,,0.0,0.0,0.0,0.0,0.0,0.0,,,,,,,,,,,,,,,,,,,,,,,
2023,2021013401,2023-09-03,1800117.0,辰己 涼介,8.0,中,376,1.0,1.0,5.0,3.0,0.0,1.0,0.0,0.0,0.0,0.0,0.0,,1.0,0.0,1.0,0.0,0.0,0.0,,,,,,,,,,,,,,,,,,,,,,,
2023,2021013401,2023-09-03,1800118.0,太田 光,2.0,捕,376,1.0,1.0,4.0,3.0,0.0,2.0,0.0,0.0,0.0,0.0,0.0,,0.0,0.0,1.0,0.0,0.0,0.0,,,,,,,,,,,,,,,,,,,,,,,
2023,2021013401,2023-09-03,1800123.0,小郷 裕哉,51.0,右,376,1.0,1.0,4.0,3.0,1.0,1.0,0.0,0.0,1.0,1.0,0.0,,1.0,1.0,0.0,0.0,0.0,0.0,,,,,,,,,,,,,,,,,,,,,,,
2023,2021013401,2023-09-03,1900097.0,大下 誠一郎,39.0,打,9,1.0,0.0,1.0,1.0,0.0,0.0,0.0,0.0,0.0,0.0,0.0,,0.0,1.0,0.0,0.0,0.0,0.0,,,,,,,,,,,,,,,,,,,,,,,
2023,2021013401,2023-09-03,1900112.0,小深田 大翔,0.0,三,376,1.0,1.0,5.0,3.0,0.0,0.0,0.0,0.0,0.0,0.0,0.0,,1.0,0.0,0.0,1.0,0.0,0.0,,,,,,,,,,,,,,,,,,,,,,,
2023,2021013401,2023-09-03,2000088.0,中森 俊介,56.0,,9,,,,,,,,,,,,,,,,,,,1.0,1.0,,1.0,2.0,4.91,5.0,5.0,,,0.0,4.0,1.0,1.0,1.0,,3.0,1.0,2.0,,23.0,84.0,
2023,2021013401,2023-09-03,2105140.0,渡辺 翔太,31.0,,376,,,,,,,,,,,,,,,,,,,2.0,1.0,0.0,6.0,2.0,1.57,0.3333333333333333,0.1,,,1.0,1.0,0.0,0.0,0.0,,0.0,0.0,0.0,,1.0,4.0,
2023,2021013401,2023-09-03,2106793.0,荘司 康誠,19.0,,376,,,,,,,,,,,,,,,,,,,1.0,1.0,,3.0,3.0,3.09,7.666666666666667,7.2,,,0.0,5.0,2.0,2.0,0.0,,1.0,7.0,0.0,,28.0,113.0,
2023,2021013402,2023-09-05,600011.0,川端 慎吾,5.0,打,2,1.0,0.0,1.0,0.0,0.0,0.0,0.0,0.0,0.0,0.0,0.0,,1.0,0.0,0.0,0.0,0.0,0.0,,,,,,,,,,,,,,,,,,,,,,,
2023,2021013402,2023-09-05,700027.0,梶谷 隆幸,13.0,右,1,1.0,1.0,4.0,4.0,2.0,3.0,0.0,0.0,0.0,1.0,0.0,,0.0,0.0,0.0,0.0,0.0,0.0,,,,,,,,,,,,,,,,,,,,,,,
2023,2021013402,2023-09-05,800043.0,丸 佳浩,8.0,中,1,1.0,1.0,4.0,3.0,0.0,1.0,0.0,0.0,0.0,2.0,0.0,,0.0,1.0,0.0,0.0,1.0,0.0,,,,,,,,,,,,,,,,,,,,,,,
2023,2021013402,2023-09-05,1000132.0,山田 哲人,1.0,二,2,1.0,1.0,5.0,4.0,0.0,2.0,1.0,0.0,0.0,0.0,0.0,,1.0,1.0,0.0,0.0,0.0,0.0,,,,,,,,,,,,,,,,,,,,,,,
2023,2021013402,2023-09-05,1200075.0,石山 泰稚,12.0,投,2,1.0,0.0,0.0,0.0,0.0,0.0,0.0,0.0,0.0,0.0,0.0,,0.0,0.0,0.0,0.0,0.0,1.0,5.0,1.0,0.0,3.0,6.0,4.38,1.6666666666666663,1.2,,,0.0,2.0,1.0,0.0,0.0,,0.0,3.0,0.0,,6.0,22.0,
2023,2021013402,2023-09-05,1400101.0,岡本 和真,25.0,一,1,1.0,1.0,4.0,4.0,0.0,0.0,0.0,0.0,0.0,0.0,0.0,,0.0,1.0,0.0,0.0,0.0,0.0,,,,,,,,,,,,,,,,,,,,,,,
2023,2021013402,2023-09-05,1450689.0,船迫 大雅,58.0,投,1,1.0,0.0,0.0,0.0,0.0,0.0,0.0,0.0,0.0,0.0,0.0,,0.0,0.0,0.0,0.0,0.0,0.0,4.0,1.0,0.0,2.0,1.0,2.91,0.3333333333333333,0.1,,,0.0,0.0,0.0,0.0,0.0,,0.0,0.0,0.0,,1.0,5.0,
2023,2021013402,2023-09-05,1500047.0,重信 慎之介,43.0,走左,1,1.0,0.0,1.0,1.0,0.0,0.0,0.0,0.0,0.0,1.0,0.0,,0.0,0.0,0.0,0.0,0.0,0.0,,,,,,,,,,,,,,,,,,,,,,,
2023,2021013402,2023-09-05,1500052.0,中川 皓太,41.0,投,1,1.0,0.0,0.0,0.0,0.0,0.0,0.0,0.0,0.0,0.0,0.0,,0.0,0.0,0.0,0.0,0.0,0.0,5.0,1.0,0.0,1.0,3.0,2.04,1.0,1.0,,,10.0,0.0,0.0,0.0,0.0,,0.0,0.0,0.0,,3.0,10.0,
2023,2021013402,2023-09-05,1600059.0,吉川 尚輝,2.0,二,1,1.0,1.0,4.0,4.0,1.0,2.0,0.0,0.0,0.0,0.0,0.0,,0.0,0.0,0.0,0.0,0.0,0.0,,,,,,,,,,,,,,,,,,,,,,,
2023,2021013402,2023-09-05,1600075.0,星 知弥,24.0,投,2,1.0,0.0,0.0,0.0,0.0,0.0,0.0,0.0,0.0,0.0,0.0,,0.0,0.0,0.0,0.0,0.0,0.0,2.0,1.0,0.0,2.0,2.0,3.78,1.0,1.0,,,0.0,1.0,0.0,0.0,0.0,,0.0,2.0,0.0,,3.0,18.0,
2023,2021013402,2023-09-05,1600078.0,古賀 優大,57.0,捕,2,1.0,1.0,4.0,3.0,1.0,2.0,0.0,0.0,0.0,1.0,0.0,,0.0,0.0,0.0,1.0,0.0,0.0,,,,,,,,,,,,,,,,,,,,,,,
2023,2021013402,2023-09-05,1600100.0,高梨 雄平,53.0,投,1,1.0,0.0,0.0,0.0,0.0,0.0,0.0,0.0,0.0,0.0,0.0,,0.0,0.0,0.0,0.0,0.0,0.0,3.0,1.0,0.0,2.0,1.0,4.22,0.6666666666666666,0.2,,,0.0,2.0,0.0,0.0,0.0,,0.0,0.0,0.0,,4.0,12.0,
2023,2021013402,2023-09-05,1650522.0,丸山 和郁,4.0,中,2,1.0,1.0,5.0,5.0,0.0,1.0,0.0,0.0,0.0,0.0,0.0,,0.0,1.0,0.0,0.0,0.0,1.0,,,,,,,,,,,,,,,,,,,,,,,
2023,2021013402,2023-09-05,1651302.0,岡田 悠希,38.0,打,1,1.0,0.0,1.0,1.0,0.0,0.0,0.0,0.0,0.0,0.0,0.0,,0.0,1.0,0.0,0.0,0.0,0.0,,,,,,,,,,,,,,,,,,,,,,,
2023,2021013402,2023-09-05,1700044.0,大城 卓三,24.0,捕,1,1.0,1.0,4.0,4.0,0.0,1.0,0.0,0.0,0.0,0.0,0.0,,0.0,1.0,0.0,0.0,0.0,0.0,,,,,,,,,,,,,,,,,,,,,,,
2023,2021013402,2023-09-05,1700084.0,村上 宗隆,55.0,三,2,1.0,1.0,5.0,5.0,0.0,0.0,0.0,0.0,0.0,0.0,0.0,,0.0,1.0,0.0,0.0,0.0,1.0,,,,,,,,,,,,,,,,,,,,,,,
2023,2021013402,2023-09-05,1700094.0,山本 大貴,43.0,投,2,1.0,0.0,0.0,0.0,0.0,0.0,0.0,0.0,0.0,0.0,0.0,,0.0,0.0,0.0,0.0,0.0,0.0,4.0,1.0,0.0,2.0,0.0,2.73,0.3333333333333333,0.1,,,0.0,0.0,0.0,0.0,0.0,,0.0,0.0,0.0,,1.0,2.0,
2023,2021013402,2023-09-05,1750800.0,澤井 廉,42.0,左,2,1.0,1.0,4.0,4.0,0.0,0.0,0.0,0.0,0.0,0.0,0.0,,0.0,2.0,0.0,0.0,0.0,0.0,,,,,,,,,,,,,,,,,,,,,,,
2023,2021013402,2023-09-05,1800033.0,清水 昇,17.0,投,2,1.0,0.0,0.0,0.0,0.0,0.0,0.0,0.0,0.0,0.0,0.0,,0.0,0.0,0.0,0.0,0.0,0.0,3.0,1.0,0.0,1.0,7.0,3.14,0.0,0.0,,,0.0,1.0,1.0,0.0,0.0,,0.0,0.0,0.0,,2.0,8.0,
2023,2021013402,2023-09-05,1900028.0,長岡 秀樹,7.0,遊,2,1.0,1.0,4.0,4.0,0.0,2.0,0.0,0.0,0.0,0.0,0.0,,0.0,0.0,0.0,0.0,0.0,0.0,,,,,,,,,,,,,,,,,,,,,,,
2023,2021013402,2023-09-05,2000006.0,山崎 伊織,19.0,投,1,1.0,1.0,2.0,2.0,0.0,0.0,0.0,0.0,0.0,0.0,0.0,,0.0,1.0,0.0,0.0,0.0,0.0,1.0,1.0,,9.0,3.0,3.13,6.0,6.0,,,0.0,8.0,3.0,3.0,1.0,,2.0,6.0,1.0,,28.0,99.0,
2023,2021013402,2023-09-05,2000007.0,中山 礼都,40.0,三,1,1.0,1.0,4.0,4.0,1.0,2.0,0.0,0.0,0.0,0.0,0.0,,0.0,2.0,0.0,0.0,0.0,0.0,,,,,,,,,,,,,,,,,,,,,,,
2023,2021013402,2023-09-05,2000009.0,秋広 優人,55.0,左,1,1.0,1.0,3.0,3.0,0.0,1.0,0.0,0.0,0.0,0.0,0.0,,0.0,1.0,0.0,0.0,0.0,1.0,,,,,,,,,,,,,,,,,,,,,,,
2023,2021013402,2023-09-05,2000026.0,内山 壮真,33.0,左,2,1.0,0.0,1.0,1.0,0.0,1.0,0.0,0.0,0.0,0.0,0.0,,0.0,0.0,0.0,0.0,0.0,0.0,,,,,,,,,,,,,,,,,,,,,,,
2023,2021013402,2023-09-05,2000031.0,赤羽 由紘,71.0,走右,2,1.0,0.0,1.0,1.0,0.0,0.0,0.0,0.0,0.0,0.0,0.0,,0.0,0.0,0.0,0.0,0.0,0.0,,,,,,,,,,,,,,,,,,,,,,,
2023,2021013402,2023-09-05,2000133.0,オスナ,13.0,一,2,1.0,1.0,5.0,5.0,0.0,2.0,1.0,0.0,0.0,0.0,0.0,,0.0,1.0,0.0,0.0,0.0,0.0,,,,,,,,,,,,,,,,,,,,,,,
2023,2021013402,2023-09-05,2000135.0,サンタナ,25.0,右,2,1.0,1.0,4.0,2.0,1.0,0.0,0.0,0.0,0.0,0.0,0.0,,1.0,2.0,1.0,0.0,0.0,0.0,,,,,,,,,,,,,,,,,,,,,,,
2023,2021013402,2023-09-05,2000139.0,サイスニード,54.0,投,2,1.0,1.0,2.0,2.0,1.0,1.0,0.0,0.0,1.0,2.0,0.0,,0.0,0.0,0.0,0.0,0.0,0.0,1.0,1.0,,6.0,7.0,3.48,6.0,6.0,,,0.0,6.0,2.0,1.0,0.0,,0.0,4.0,0.0,,24.0,98.0,
2023,2021013402,2023-09-05,2103705.0,菊地 大稀,96.0,投,1,1.0,0.0,0.0,0.0,0.0,0.0,0.0,0.0,0.0,0.0,0.0,,0.0,0.0,0.0,0.0,0.0,0.0,2.0,1.0,0.0,4.0,3.0,3.55,1.0,1.0,,,0.0,1.0,0.0,0.0,0.0,,1.0,2.0,0.0,,5.0,17.0,
2023,2021013402,2023-09-05,2105013.0,萩尾 匡也,12.0,打,1,1.0,0.0,1.0,1.0,0.0,0.0,0.0,0.0,0.0,0.0,0.0,,0.0,1.0,0.0,0.0,0.0,0.0,,,,,,,,,,,,,,,,,,,,,,,
2023,2021013402,2023-09-05,2107874.0,門脇 誠,35.0,遊,1,1.0,1.0,4.0,2.0,0.0,0.0,0.0,0.0,0.0,0.0,0.0,,0.0,0.0,0.0,2.0,0.0,0.0,,,,,,,,,,,,,,,,,,,,,,,
2023,2021013403,2023-09-05,500014.0,涌井 秀章,20.0,投,4,1.0,1.0,0.0,0.0,0.0,0.0,0.0,0.0,0.0,0.0,0.0,,0.0,0.0,0.0,0.0,0.0,0.0,1.0,1.0,,4.0,12.0,4.27,2.0,2.0,,,0.0,3.0,3.0,2.0,0.0,,2.0,0.0,0.0,,12.0,51.0,
2023,2021013403,2023-09-05,900062.0,西 勇輝,16.0,投,5,1.0,1.0,3.0,3.0,0.0,0.0,0.0,0.0,0.0,0.0,0.0,,0.0,2.0,0.0,0.0,0.0,0.0,1.0,1.0,,6.0,5.0,4.19,7.0,7.0,,,0.0,8.0,2.0,2.0,1.0,,0.0,1.0,0.0,,28.0,91.0,
2023,2021013403,2023-09-05,900410.0,大島 洋平,8.0,左,4,1.0,1.0,3.0,3.0,1.0,1.0,1.0,0.0,0.0,0.0,0.0,,0.0,0.0,0.0,0.0,0.0,0.0,,,,,,,,,,,,,,,,,,,,,,,
2023,2021013403,2023-09-05,900426.0,原口 文仁,94.0,打,5,1.0,0.0,1.0,1.0,0.0,0.0,0.0,0.0,0.0,0.0,0.0,,0.0,0.0,0.0,0.0,0.0,0.0,,,,,,,,,,,,,,,,,,,,,,,
2023,2021013403,2023-09-05,1100069.0,高橋 周平,3.0,打,4,1.0,0.0,1.0,1.0,0.0,0.0,0.0,0.0,0.0,0.0,0.0,,0.0,0.0,0.0,0.0,0.0,0.0,,,,,,,,,,,,,,,,,,,,,,,
2023,2021013403,2023-09-05,1200097.0,加藤 翔平,52.0,打,4,1.0,0.0,1.0,1.0,0.0,0.0,0.0,0.0,0.0,0.0,0.0,,0.0,0.0,0.0,0.0,0.0,0.0,,,,,,,,,,,,,,,,,,,,,,,
2023,2021013403,2023-09-05,1300066.0,祖父江 大輔,33.0,投,4,1.0,0.0,0.0,0.0,0.0,0.0,0.0,0.0,0.0,0.0,0.0,,0.0,0.0,0.0,0.0,0.0,0.0,3.0,1.0,0.0,3.0,5.0,3.71,2.0,2.0,,,0.0,0.0,0.0,0.0,0.0,,0.0,1.0,0.0,,6.0,20.0,
2023,2021013403,2023-09-05,1400199.0,齋藤 綱記,59.0,投,4,1.0,0.0,0.0,0.0,0.0,0.0,0.0,0.0,0.0,0.0,0.0,,0.0,0.0,0.0,0.0,0.0,0.0,5.0,1.0,0.0,1.0,0.0,0.47,1.0,1.0,,,0.0,0.0,0.0,0.0,0.0,,0.0,0.0,0.0,,3.0,15.0,
2023,2021013403,2023-09-05,1500049.0,宇佐見 真吾,39.0,捕,4,1.0,1.0,4.0,4.0,0.0,1.0,0.0,0.0,0.0,0.0,0.0,,0.0,0.0,0.0,0.0,0.0,0.0,,,,,,,,,,,,,,,,,,,,,,,
2023,2021013403,2023-09-05,1500087.0,坂本 誠志郎,12.0,捕,5,1.0,1.0,4.0,3.0,0.0,0.0,0.0,0.0,0.0,1.0,0.0,,0.0,0.0,0.0,0.0,1.0,0.0,,,,,,,,,,,,,,,,,,,,,,,
2023,2021013403,2023-09-05,1560639.0,カリステ,99.0,遊,4,1.0,1.0,4.0,4.0,0.0,1.0,0.0,0.0,0.0,0.0,0.0,,0.0,1.0,0.0,0.0,0.0,0.0,,,,,,,,,,,,,,,,,,,,,,,
2023,2021013403,2023-09-05,1600021.0,ビシエド,66.0,一,4,1.0,1.0,4.0,3.0,0.0,2.0,0.0,0.0,0.0,0.0,0.0,,1.0,0.0,0.0,0.0,0.0,0.0,,,,,,,,,,,,,,,,,,,,,,,
2023,2021013403,2023-09-05,1600085.0,細川 成也,0.0,右,4,1.0,1.0,4.0,3.0,1.0,2.0,1.0,0.0,1.0,2.0,0.0,,0.0,1.0,0.0,0.0,1.0,0.0,,,,,,,,,,,,,,,,,,,,,,,
2023,2021013403,2023-09-05,1600108.0,石垣 雅海,32.0,走,4,1.0,0.0,0.0,0.0,0.0,0.0,0.0,0.0,0.0,0.0,0.0,,0.0,0.0,0.0,0.0,0.0,0.0,,,,,,,,,,,,,,,,,,,,,,,
2023,2021013403,2023-09-05,1600113.0,大山 悠輔,3.0,一,5,1.0,1.0,5.0,2.0,3.0,0.0,0.0,0.0,0.0,0.0,0.0,,3.0,0.0,0.0,0.0,0.0,0.0,,,,,,,,,,,,,,,,,,,,,,,
2023,2021013403,2023-09-05,1600116.0,浜地 真澄,36.0,投,5,1.0,0.0,0.0,0.0,0.0,0.0,0.0,0.0,0.0,0.0,0.0,,0.0,0.0,0.0,0.0,0.0,0.0,2.0,1.0,0.0,3.0,1.0,5.61,1.0,1.0,,,0.0,1.0,0.0,0.0,0.0,,0.0,2.0,0.0,,4.0,18.0,
2023,2021013403,2023-09-05,1700080.0,島田 海吏,53.0,中,5,1.0,0.0,1.0,1.0,0.0,0.0,0.0,0.0,0.0,0.0,0.0,,0.0,0.0,0.0,0.0,0.0,0.0,,,,,,,,,,,,,,,,,,,,,,,
2023,2021013403,2023-09-05,1700104.0,清水 達也,50.0,投,4,1.0,0.0,0.0,0.0,0.0,0.0,0.0,0.0,0.0,0.0,0.0,,0.0,0.0,0.0,0.0,0.0,0.0,4.0,1.0,0.0,3.0,3.0,3.3,1.0,1.0,,,0.0,0.0,0.0,0.0,0.0,,0.0,1.0,0.0,,3.0,9.0,
2023,2021013403,2023-09-05,1750223.0,村松 開人,5.0,二,4,1.0,1.0,4.0,4.0,0.0,0.0,0.0,0.0,0.0,0.0,0.0,,0.0,1.0,0.0,0.0,0.0,1.0,,,,,,,,,,,,,,,,,,,,,,,
2023,2021013403,2023-09-05,1800067.0,木浪 聖也,0.0,遊,5,1.0,1.0,4.0,3.0,0.0,0.0,0.0,0.0,0.0,1.0,0.0,,0.0,1.0,0.0,0.0,1.0,0.0,,,,,,,,,,,,,,,,,,,,,,,
2023,2021013403,2023-09-05,1850183.0,森下 翔太,1.0,中右,5,1.0,1.0,5.0,5.0,2.0,2.0,0.0,0.0,0.0,0.0,0.0,,0.0,0.0,0.0,0.0,0.0,0.0,,,,,,,,,,,,,,,,,,,,,,,
2023,2021013403,2023-09-05,1900037.0,石川 昂弥,25.0,三,4,1.0,1.0,4.0,4.0,0.0,0.0,0.0,0.0,0.0,0.0,0.0,,0.0,0.0,0.0,0.0,0.0,0.0,,,,,,,,,,,,,,,,,,,,,,,
2023,2021013403,2023-09-05,1900041.0,岡林 勇希,60.0,中,4,1.0,1.0,4.0,4.0,0.0,1.0,0.0,0.0,0.0,0.0,0.0,,0.0,0.0,0.0,0.0,0.0,0.0,,,,,,,,,,,,,,,,,,,,,,,
2023,2021013403,2023-09-05,1960349.0,ブルワー,98.0,投,5,1.0,0.0,0.0,0.0,0.0,0.0,0.0,0.0,0.0,0.0,0.0,,0.0,0.0,0.0,0.0,0.0,0.0,3.0,1.0,0.0,0.0,0.0,0.0,1.0,1.0,,,0.0,0.0,0.0,0.0,0.0,,1.0,0.0,0.0,,4.0,17.0,
2023,2021013403,2023-09-05,1961251.0,ミエセス,55.0,右,5,1.0,1.0,4.0,4.0,0.0,0.0,0.0,0.0,0.0,0.0,0.0,,0.0,1.0,0.0,0.0,0.0,0.0,,,,,,,,,,,,,,,,,,,,,,,
2023,2021013403,2023-09-05,1961285.0,ノイジー,7.0,左,5,1.0,1.0,4.0,4.0,1.0,2.0,1.0,0.0,0.0,3.0,0.0,,0.0,0.0,0.0,0.0,0.0,0.0,,,,,,,,,,,,,,,,,,,,,,,
2023,2021013403,2023-09-05,2000044.0,龍空,45.0,遊,4,1.0,0.0,0.0,0.0,0.0,0.0,0.0,0.0,0.0,0.0,0.0,,0.0,0.0,0.0,0.0,0.0,0.0,,,,,,,,,,,,,,,,,,,,,,,
2023,2021013403,2023-09-05,2000049.0,上田 洸太朗,67.0,投,4,1.0,0.0,0.0,0.0,0.0,0.0,0.0,0.0,0.0,0.0,0.0,,0.0,0.0,0.0,0.0,0.0,0.0,2.0,1.0,0.0,0.0,0.0,4.5,3.0,3.0,,,0.0,5.0,5.0,5.0,0.0,,2.0,2.0,0.0,,16.0,63.0,
2023,2021013403,2023-09-05,2000051.0,佐藤 輝明,8.0,三,5,1.0,1.0,4.0,3.0,1.0,2.0,0.0,1.0,0.0,2.0,0.0,,1.0,0.0,0.0,0.0,0.0,0.0,,,,,,,,,,,,,,,,,,,,,,,
2023,2021013403,2023-09-05,2000056.0,中野 拓夢,51.0,二,5,1.0,1.0,5.0,4.0,1.0,2.0,0.0,1.0,0.0,1.0,1.0,,0.0,0.0,0.0,1.0,0.0,0.0,,,,,,,,,,,,,,,,,,,,,,,
2023,2021013403,2023-09-05,2103845.0,鵜飼 航丞,4.0,打左,4,1.0,0.0,3.0,3.0,0.0,1.0,1.0,0.0,0.0,0.0,0.0,,0.0,0.0,0.0,0.0,0.0,0.0,,,,,,,,,,,,,,,,,,,,,,,
2023,2021013404,2023-09-05,500051.0,藤田 一也,23.0,打,3,1.0,0.0,1.0,1.0,0.0,1.0,0.0,0.0,0.0,0.0,0.0,,0.0,0.0,0.0,0.0,0.0,0.0,,,,,,,,,,,,,,,,,,,,,,,
2023,2021013404,2023-09-05,600003.0,大和,9.0,遊,3,1.0,1.0,4.0,3.0,1.0,2.0,0.0,0.0,0.0,0.0,0.0,,1.0,0.0,0.0,0.0,0.0,0.0,,,,,,,,,,,,,,,,,,,,,,,
2023,2021013404,2023-09-05,800022.0,田中 健二朗,46.0,投,3,1.0,0.0,0.0,0.0,0.0,0.0,0.0,0.0,0.0,0.0,0.0,,0.0,0.0,0.0,0.0,0.0,0.0,2.0,1.0,0.0,0.0,0.0,4.09,1.0,1.0,,,0.0,4.0,2.0,2.0,0.0,,0.0,1.0,0.0,,7.0,24.0,
2023,2021013404,2023-09-05,800041.0,松山 竜平,55.0,打,6,1.0,0.0,1.0,1.0,0.0,1.0,0.0,0.0,0.0,0.0,0.0,,0.0,0.0,0.0,0.0,0.0,0.0,,,,,,,,,,,,,,,,,,,,,,,
2023,2021013404,2023-09-05,900430.0,堂林 翔太,7.0,左,6,1.0,1.0,6.0,6.0,1.0,3.0,0.0,0.0,0.0,1.0,0.0,,0.0,1.0,0.0,0.0,0.0,0.0,,,,,,,,,,,,,,,,,,,,,,,
2023,2021013404,2023-09-05,1000116.0,中崎 翔太,21.0,投,6,1.0,0.0,0.0,0.0,0.0,0.0,0.0,0.0,0.0,0.0,0.0,,0.0,0.0,0.0,0.0,0.0,0.0,5.0,1.0,0.0,1.0,0.0,2.3,1.0,1.0,,,0.0,0.0,0.0,0.0,0.0,,0.0,0.0,0.0,,3.0,10.0,
2023,2021013404,2023-09-05,1100061.0,桑原 将志,1.0,中,3,1.0,1.0,5.0,5.0,1.0,1.0,0.0,0.0,1.0,3.0,0.0,,0.0,0.0,0.0,0.0,0.0,0.0,,,,,,,,,,,,,,,,,,,,,,,
2023,2021013404,2023-09-05,1100082.0,菊池 涼介,33.0,二,6,1.0,1.0,5.0,3.0,1.0,2.0,0.0,0.0,0.0,2.0,0.0,,2.0,0.0,0.0,0.0,0.0,0.0,,,,,,,,,,,,,,,,,,,,,,,
2023,2021013404,2023-09-05,1200053.0,宮崎 敏郎,51.0,三,3,1.0,1.0,4.0,3.0,0.0,0.0,0.0,0.0,0.0,0.0,0.0,,1.0,0.0,0.0,0.0,0.0,0.0,,,,,,,,,,,,,,,,,,,,,,,
2023,2021013404,2023-09-05,1300038.0,関根 大気,63.0,右左,3,1.0,1.0,5.0,5.0,0.0,0.0,0.0,0.0,0.0,0.0,0.0,,0.0,0.0,0.0,0.0,0.0,0.0,,,,,,,,,,,,,,,,,,,,,,,
2023,2021013404,2023-09-05,1300059.0,田中 広輔,2.0,打,6,1.0,0.0,1.0,1.0,0.0,1.0,0.0,0.0,0.0,0.0,0.0,,0.0,0.0,0.0,0.0,0.0,0.0,,,,,,,,,,,,,,,,,,,,,,,
2023,2021013404,2023-09-05,1300082.0,曽根 海成,0.0,走中,6,1.0,0.0,1.0,0.0,2.0,0.0,0.0,0.0,0.0,0.0,0.0,,1.0,0.0,0.0,0.0,0.0,0.0,,,,,,,,,,,,,,,,,,,,,,,
2023,2021013404,2023-09-05,1400109.0,山崎 康晃,19.0,投,3,1.0,0.0,0.0,0.0,0.0,0.0,0.0,0.0,0.0,0.0,0.0,,0.0,0.0,0.0,0.0,0.0,0.0,6.0,1.0,0.0,3.0,7.0,4.15,0.6666666666666666,0.2,,,20.0,1.0,1.0,1.0,0.0,,2.0,0.0,0.0,,5.0,26.0,
2023,2021013404,2023-09-05,1400173.0,野間 峻祥,37.0,中右,6,1.0,1.0,5.0,5.0,1.0,3.0,0.0,0.0,0.0,1.0,0.0,,0.0,1.0,0.0,0.0,0.0,0.0,,,,,,,,,,,,,,,,,,,,,,,
2023,2021013404,2023-09-05,1460004.0,デビッドソン,95.0,三,6,1.0,1.0,5.0,4.0,0.0,0.0,0.0,0.0,0.0,0.0,0.0,,1.0,2.0,0.0,0.0,0.0,0.0,,,,,,,,,,,,,,,,,,,,,,,
2023,2021013404,2023-09-05,1500063.0,柴田 竜拓,31.0,打三,3,1.0,0.0,1.0,0.0,0.0,0.0,0.0,0.0,0.0,0.0,0.0,,0.0,0.0,0.0,1.0,0.0,0.0,,,,,,,,,,,,,,,,,,,,,,,
2023,2021013404,2023-09-05,1500064.0,戸柱 恭孝,10.0,打,3,1.0,0.0,1.0,1.0,0.0,0.0,0.0,0.0,0.0,0.0,0.0,,0.0,0.0,0.0,0.0,0.0,0.0,,,,,,,,,,,,,,,,,,,,,,,
2023,2021013404,2023-09-05,1561880.0,ウェンデルケン,49.0,投,3,1.0,0.0,0.0,0.0,0.0,0.0,0.0,0.0,0.0,0.0,0.0,,0.0,0.0,0.0,0.0,0.0,0.0,4.0,1.0,0.0,1.0,2.0,1.5,1.0,1.0,,,0.0,0.0,0.0,0.0,0.0,,0.0,1.0,0.0,,3.0,8.0,
2023,2021013404,2023-09-05,1600089.0,佐野 恵太,7.0,左,3,1.0,1.0,4.0,4.0,0.0,0.0,0.0,0.0,0.0,0.0,0.0,,0.0,2.0,0.0,0.0,0.0,0.0,,,,,,,,,,,,,,,,,,,,,,,
2023,2021013404,2023-09-05,1600096.0,森原 康平,68.0,投,3,1.0,0.0,0.0,0.0,0.0,0.0,0.0,0.0,0.0,0.0,0.0,,0.0,0.0,0.0,0.0,0.0,0.0,5.0,1.0,0.0,2.0,1.0,2.55,1.0,1.0,,,11.0,3.0,1.0,1.0,0.0,,1.0,0.0,0.0,,7.0,30.0,
2023,2021013404,2023-09-05,1600121.0,矢崎 拓也,41.0,投,6,1.0,0.0,0.0,0.0,0.0,0.0,0.0,0.0,0.0,0.0,0.0,,0.0,0.0,0.0,0.0,0.0,0.0,4.0,1.0,0.0,4.0,2.0,2.64,1.0,1.0,,,24.0,1.0,1.0,0.0,0.0,,2.0,0.0,0.0,,7.0,17.0,
2023,2021013404,2023-09-05,1600124.0,坂倉 将吾,31.0,捕,6,1.0,1.0,5.0,5.0,0.0,1.0,0.0,0.0,0.0,1.0,0.0,,0.0,0.0,0.0,0.0,0.0,0.0,,,,,,,,,,,,,,,,,,,,,,,
2023,2021013404,2023-09-05,1700020.0,ソト,99.0,一,3,1.0,1.0,3.0,3.0,0.0,0.0,0.0,0.0,0.0,0.0,0.0,,0.0,2.0,0.0,0.0,0.0,0.0,,,,,,,,,,,,,,,,,,,,,,,
2023,2021013404,2023-09-05,1700065.0,楠本 泰史,37.0,打右,3,1.0,0.0,1.0,1.0,0.0,0.0,0.0,0.0,0.0,0.0,0.0,,0.0,0.0,0.0,0.0,0.0,0.0,,,,,,,,,,,,,,,,,,,,,,,
2023,2021013404,2023-09-05,1700066.0,山本 祐大,50.0,捕,3,1.0,1.0,4.0,3.0,0.0,1.0,0.0,0.0,0.0,1.0,0.0,,1.0,0.0,0.0,0.0,0.0,0.0,,,,,,,,,,,,,,,,,,,,,,,
2023,2021013404,2023-09-05,1700067.0,中川 虎大,64.0,投,3,1.0,0.0,0.0,0.0,0.0,0.0,0.0,0.0,0.0,0.0,0.0,,0.0,0.0,0.0,0.0,0.0,0.0,3.0,1.0,0.0,0.0,0.0,2.57,2.0,2.0,,,0.0,2.0,0.0,0.0,0.0,,0.0,2.0,0.0,,7.0,30.0,
2023,2021013404,2023-09-05,1800048.0,知野 直人,60.0,走一,3,1.0,0.0,0.0,0.0,0.0,0.0,0.0,0.0,0.0,0.0,0.0,,0.0,0.0,0.0,0.0,0.0,0.0,,,,,,,,,,,,,,,,,,,,,,,
2023,2021013404,2023-09-05,1800072.0,小園 海斗,51.0,遊三,6,1.0,1.0,5.0,5.0,1.0,2.0,0.0,0.0,0.0,0.0,1.0,,0.0,0.0,0.0,0.0,0.0,0.0,,,,,,,,,,,,,,,,,,,,,,,
2023,2021013404,2023-09-05,1800073.0,島内 颯太郎,43.0,投,6,1.0,0.0,0.0,0.0,0.0,0.0,0.0,0.0,0.0,0.0,0.0,,0.0,0.0,0.0,0.0,0.0,0.0,3.0,1.0,0.0,1.0,3.0,2.7,1.0,1.0,,,2.0,3.0,3.0,3.0,1.0,,0.0,1.0,0.0,,6.0,27.0,
2023,2021013404,2023-09-05,1800079.0,大盛 穂,59.0,走中,6,1.0,0.0,0.0,0.0,0.0,0.0,0.0,0.0,0.0,0.0,0.0,,0.0,0.0,0.0,0.0,0.0,0.0,,,,,,,,,,,,,,,,,,,,,,,
2023,2021013404,2023-09-05,1850208.0,林 琢真,0.0,走,3,1.0,0.0,0.0,0.0,1.0,0.0,0.0,0.0,0.0,0.0,0.0,,0.0,0.0,0.0,0.0,0.0,0.0,,,,,,,,,,,,,,,,,,,,,,,
2023,2021013404,2023-09-05,1900031.0,坂本 裕哉,20.0,投,3,1.0,1.0,1.0,1.0,0.0,0.0,0.0,0.0,0.0,0.0,0.0,,0.0,0.0,0.0,0.0,0.0,0.0,1.0,1.0,,0.0,0.0,4.26,4.0,4.0,,,0.0,5.0,2.0,2.0,0.0,,2.0,0.0,0.0,,17.0,57.0,
2023,2021013404,2023-09-05,1961166.0,マクブルーム,10.0,一,6,1.0,1.0,5.0,5.0,0.0,0.0,0.0,0.0,0.0,1.0,0.0,,0.0,0.0,0.0,0.0,0.0,1.0,,,,,,,,,,,,,,,,,,,,,,,
2023,2021013404,2023-09-05,1961169.0,アンバギー,42.0,打,3,1.0,0.0,1.0,1.0,0.0,0.0,0.0,0.0,0.0,0.0,0.0,,0.0,1.0,0.0,0.0,0.0,0.0,,,,,,,,,,,,,,,,,,,,,,,
2023,2021013404,2023-09-05,2000035.0,牧 秀悟,2.0,二,3,1.0,1.0,5.0,5.0,2.0,2.0,0.0,0.0,1.0,1.0,0.0,,0.0,1.0,0.0,0.0,0.0,0.0,,,,,,,,,,,,,,,,,,,,,,,
2023,2021013404,2023-09-05,2000062.0,大道 温貴,12.0,投,6,1.0,0.0,0.0,0.0,0.0,0.0,0.0,0.0,0.0,0.0,0.0,,0.0,0.0,0.0,0.0,0.0,0.0,2.0,1.0,0.0,2.0,0.0,2.55,1.0,1.0,,,0.0,0.0,0.0,0.0,0.0,,0.0,1.0,0.0,,3.0,10.0,
2023,2021013404,2023-09-05,2000065.0,矢野 雅哉,61.0,打遊,6,1.0,0.0,2.0,0.0,0.0,0.0,0.0,0.0,0.0,0.0,0.0,,1.0,0.0,0.0,1.0,0.0,0.0,,,,,,,,,,,,,,,,,,,,,,,
2023,2021013404,2023-09-05,2103768.0,末包 昇大,52.0,右,6,1.0,1.0,3.0,3.0,0.0,1.0,0.0,0.0,0.0,0.0,0.0,,0.0,0.0,0.0,0.0,0.0,0.0,,,,,,,,,,,,,,,,,,,,,,,
2023,2021013404,2023-09-05,2103788.0,森 翔平,16.0,投,6,1.0,1.0,2.0,2.0,0.0,1.0,0.0,0.0,0.0,0.0,0.0,,0.0,0.0,0.0,0.0,0.0,0.0,1.0,1.0,,4.0,2.0,4.4,6.0,6.0,,,0.0,3.0,1.0,1.0,1.0,,1.0,4.0,0.0,,21.0,78.0,
2023,2021013406,2023-09-05,12101.0,中村 剛也,60.0,打,7,1.0,0.0,1.0,1.0,0.0,0.0,0.0,0.0,0.0,0.0,0.0,,0.0,1.0,0.0,0.0,0.0,0.0,,,,,,,,,,,,,,,,,,,,,,,
2023,2021013406,2023-09-05,12102.0,栗山 巧,1.0,指,7,1.0,1.0,3.0,2.0,0.0,0.0,0.0,0.0,0.0,0.0,0.0,,1.0,0.0,0.0,0.0,0.0,0.0,,,,,,,,,,,,,,,,,,,,,,,
2023,2021013406,2023-09-05,1000011.0,山田 修義,57.0,,11,,,,,,,,,,,,,,,,,,,2.0,1.0,0.0,0.0,0.0,1.29,0.6666666666666666,0.2,,,0.0,1.0,0.0,0.0,0.0,,0.0,1.0,0.0,,3.0,13.0,
2023,2021013406,2023-09-05,1300100.0,森 友哉,4.0,指,11,1.0,1.0,4.0,4.0,0.0,1.0,0.0,0.0,0.0,0.0,0.0,,0.0,1.0,0.0,0.0,0.0,0.0,,,,,,,,,,,,,,,,,,,,,,,
2023,2021013406,2023-09-05,1300109.0,若月 健矢,2.0,捕,11,1.0,1.0,3.0,3.0,0.0,1.0,0.0,0.0,0.0,0.0,0.0,,0.0,0.0,0.0,0.0,0.0,0.0,,,,,,,,,,,,,,,,,,,,,,,
2023,2021013406,2023-09-05,1400184.0,外崎 修汰,5.0,二,7,1.0,1.0,4.0,4.0,0.0,0.0,0.0,0.0,0.0,0.0,0.0,,0.0,1.0,0.0,0.0,0.0,0.0,,,,,,,,,,,,,,,,,,,,,,,
2023,2021013406,2023-09-05,1400196.0,宗 佑磨,6.0,三,11,1.0,1.0,4.0,4.0,0.0,0.0,0.0,0.0,0.0,0.0,0.0,,0.0,1.0,0.0,0.0,0.0,2.0,,,,,,,,,,,,,,,,,,,,,,,
2023,2021013406,2023-09-05,1450639.0,小木田 敦也,56.0,,11,,,,,,,,,,,,,,,,,,,3.0,1.0,0.0,2.0,0.0,2.75,1.3333333333333333,1.1,,,0.0,1.0,0.0,0.0,0.0,,1.0,3.0,0.0,,6.0,32.0,
2023,2021013406,2023-09-05,1500102.0,愛斗,53.0,中,7,1.0,1.0,4.0,4.0,0.0,1.0,1.0,0.0,0.0,0.0,0.0,,0.0,1.0,0.0,0.0,0.0,0.0,,,,,,,,,,,,,,,,,,,,,,,
2023,2021013406,2023-09-05,1500112.0,平沼 翔太,31.0,走指,7,1.0,0.0,1.0,1.0,0.0,0.0,0.0,0.0,0.0,0.0,0.0,,0.0,0.0,0.0,0.0,0.0,0.0,,,,,,,,,,,,,,,,,,,,,,,
2023,2021013406,2023-09-05,1500130.0,吉田 凌,66.0,,11,,,,,,,,,,,,,,,,,,,5.0,1.0,0.0,0.0,0.0,3.14,1.0,1.0,,,0.0,0.0,0.0,0.0,0.0,,1.0,2.0,0.0,,4.0,20.0,
2023,2021013406,2023-09-05,1500135.0,杉本 裕太郎,99.0,左,11,1.0,1.0,4.0,4.0,0.0,1.0,0.0,0.0,0.0,0.0,0.0,,0.0,1.0,0.0,0.0,0.0,0.0,,,,,,,,,,,,,,,,,,,,,,,
2023,2021013406,2023-09-05,1600129.0,源田 壮亮,6.0,遊,7,1.0,1.0,4.0,4.0,1.0,0.0,0.0,0.0,0.0,0.0,0.0,,0.0,1.0,0.0,0.0,0.0,0.0,,,,,,,,,,,,,,,,,,,,,,,
2023,2021013406,2023-09-05,1600131.0,平井 克典,25.0,,7,,,,,,,,,,,,,,,,,,,3.0,1.0,0.0,3.0,3.0,2.74,1.0,1.0,,,0.0,1.0,0.0,0.0,0.0,,0.0,1.0,0.0,,4.0,21.0,
2023,2021013406,2023-09-05,1600132.0,田村 伊知郎,40.0,,7,,,,,,,,,,,,,,,,,,,2.0,1.0,0.0,1.0,0.0,1.84,1.0,1.0,,,0.0,2.0,0.0,0.0,0.0,,0.0,1.0,0.0,,5.0,27.0,
2023,2021013406,2023-09-05,1750472.0,古賀 悠斗,22.0,捕,7,1.0,0.0,1.0,0.0,0.0,0.0,0.0,0.0,0.0,0.0,0.0,,1.0,0.0,0.0,0.0,0.0,0.0,,,,,,,,,,,,,,,,,,,,,,,
2023,2021013406,2023-09-05,1750595.0,曽谷 龍平,17.0,,11,,,,,,,,,,,,,,,,,,,1.0,1.0,,0.0,2.0,4.0,5.0,5.0,,,0.0,1.0,0.0,0.0,0.0,,1.0,5.0,0.0,,17.0,67.0,
2023,2021013406,2023-09-05,1800080.0,松本 航,17.0,,7,,,,,,,,,,,,,,,,,,,1.0,1.0,,4.0,8.0,3.57,6.0,6.0,,,0.0,2.0,0.0,0.0,0.0,,3.0,3.0,0.0,,23.0,111.0,
2023,2021013406,2023-09-05,1800086.0,佐藤 龍世,58.0,三,7,1.0,1.0,4.0,3.0,0.0,1.0,0.0,0.0,0.0,0.0,0.0,,1.0,1.0,0.0,0.0,0.0,0.0,,,,,,,,,,,,,,,,,,,,,,,
2023,2021013406,2023-09-05,1800099.0,頓宮 裕真,44.0,一,11,1.0,1.0,4.0,4.0,0.0,0.0,0.0,0.0,0.0,0.0,0.0,,0.0,1.0,0.0,0.0,0.0,0.0,,,,,,,,,,,,,,,,,,,,,,,
2023,2021013406,2023-09-05,1800102.0,宜保 翔,53.0,二,11,1.0,1.0,4.0,3.0,0.0,1.0,0.0,0.0,0.0,0.0,0.0,,0.0,1.0,0.0,1.0,0.0,1.0,,,,,,,,,,,,,,,,,,,,,,,
2023,2021013406,2023-09-05,1800104.0,中川 圭太,67.0,中,11,1.0,1.0,4.0,3.0,0.0,0.0,0.0,0.0,0.0,0.0,0.0,,1.0,0.0,0.0,0.0,0.0,0.0,,,,,,,,,,,,,,,,,,,,,,,
2023,2021013406,2023-09-05,1850820.0,蛭間 拓哉,9.0,右,7,1.0,1.0,4.0,4.0,1.0,2.0,1.0,0.0,0.0,1.0,0.0,,0.0,1.0,0.0,0.0,0.0,0.0,,,,,,,,,,,,,,,,,,,,,,,
2023,2021013406,2023-09-05,1900065.0,柘植 世那,37.0,捕,7,1.0,1.0,2.0,2.0,0.0,0.0,0.0,0.0,0.0,0.0,0.0,,0.0,0.0,0.0,0.0,0.0,0.0,,,,,,,,,,,,,,,,,,,,,,,
2023,2021013406,2023-09-05,1900088.0,紅林 弘太郎,24.0,遊,11,1.0,1.0,4.0,3.0,0.0,1.0,0.0,0.0,0.0,0.0,0.0,,1.0,0.0,0.0,0.0,0.0,0.0,,,,,,,,,,,,,,,,,,,,,,,
2023,2021013406,2023-09-05,1961286.0,ペイトン,10.0,左,7,1.0,1.0,4.0,4.0,0.0,0.0,0.0,0.0,0.0,0.0,0.0,,0.0,2.0,0.0,0.0,0.0,0.0,,,,,,,,,,,,,,,,,,,,,,,
2023,2021013406,2023-09-05,2000067.0,渡部 健人,8.0,一,7,1.0,1.0,4.0,4.0,1.0,1.0,0.0,0.0,1.0,2.0,0.0,,0.0,3.0,0.0,0.0,0.0,0.0,,,,,,,,,,,,,,,,,,,,,,,
2023,2021013406,2023-09-05,2000101.0,阿部 翔太,45.0,,11,,,,,,,,,,,,,,,,,,,4.0,1.0,0.0,2.0,4.0,1.98,1.0,1.0,,,1.0,2.0,3.0,0.0,1.0,,0.0,0.0,0.0,,6.0,21.0,
2023,2021013406,2023-09-05,2050254.0,池田 陵真,39.0,右,11,1.0,1.0,4.0,3.0,0.0,0.0,0.0,0.0,0.0,0.0,0.0,,1.0,0.0,0.0,0.0,0.0,0.0,,,,,,,,,,,,,,,,,,,,,,,
2023,2021013406,2023-09-05,2060016.0,クリスキー,99.0,,7,,,,,,,,,,,,,,,,,,,4.0,1.0,0.0,0.0,0.0,0.0,1.0,1.0,,,2.0,0.0,0.0,0.0,0.0,,0.0,0.0,0.0,,3.0,12.0,
2023,2021013406,2023-09-05,2107897.0,茶野 篤政,61.0,右,11,1.0,0.0,0.0,0.0,0.0,0.0,0.0,0.0,0.0,0.0,0.0,,0.0,0.0,0.0,0.0,0.0,0.0,,,,,,,,,,,,,,,,,,,,,,,
2023,2021013407,2023-09-05,700087.0,角中 勝也,3.0,左,9,1.0,1.0,4.0,3.0,0.0,0.0,0.0,0.0,0.0,1.0,0.0,,0.0,2.0,0.0,0.0,1.0,0.0,,,,,,,,,,,,,,,,,,,,,,,
2023,2021013407,2023-09-05,800081.0,中村 晃,7.0,一,12,1.0,1.0,4.0,4.0,0.0,1.0,0.0,0.0,0.0,0.0,0.0,,0.0,1.0,0.0,0.0,0.0,0.0,,,,,,,,,,,,,,,,,,,,,,,
2023,2021013407,2023-09-05,1000014.0,荻野 貴司,0.0,右,9,1.0,1.0,4.0,4.0,1.0,1.0,0.0,0.0,0.0,0.0,0.0,,0.0,0.0,0.0,0.0,0.0,0.0,,,,,,,,,,,,,,,,,,,,,,,
2023,2021013407,2023-09-05,1000035.0,今宮 健太,6.0,遊,12,1.0,1.0,4.0,4.0,0.0,0.0,0.0,0.0,0.0,1.0,0.0,,0.0,1.0,0.0,0.0,0.0,0.0,,,,,,,,,,,,,,,,,,,,,,,
2023,2021013407,2023-09-05,1000128.0,柳田 悠岐,9.0,右,12,1.0,1.0,4.0,4.0,0.0,2.0,0.0,0.0,0.0,0.0,0.0,,0.0,1.0,0.0,0.0,0.0,0.0,,,,,,,,,,,,,,,,,,,,,,,
2023,2021013407,2023-09-05,1000176.0,甲斐 拓也,19.0,捕,12,1.0,1.0,2.0,1.0,0.0,0.0,0.0,0.0,0.0,0.0,0.0,,1.0,0.0,0.0,0.0,0.0,0.0,,,,,,,,,,,,,,,,,,,,,,,
2023,2021013407,2023-09-05,1100097.0,近藤 健介,3.0,中,12,1.0,1.0,4.0,4.0,0.0,1.0,1.0,0.0,0.0,0.0,0.0,,0.0,1.0,0.0,0.0,0.0,0.0,,,,,,,,,,,,,,,,,,,,,,,
2023,2021013407,2023-09-05,1300044.0,岡 大海,25.0,中右,9,1.0,1.0,5.0,4.0,1.0,1.0,0.0,0.0,0.0,0.0,0.0,,0.0,1.0,0.0,1.0,0.0,0.0,,,,,,,,,,,,,,,,,,,,,,,
2023,2021013407,2023-09-05,1300079.0,上林 誠知,51.0,走,12,1.0,0.0,0.0,0.0,1.0,0.0,0.0,0.0,0.0,0.0,0.0,,0.0,0.0,0.0,0.0,0.0,0.0,,,,,,,,,,,,,,,,,,,,,,,
2023,2021013407,2023-09-05,1300093.0,嶺井 博希,12.0,捕,12,1.0,0.0,0.0,0.0,0.0,0.0,0.0,0.0,0.0,0.0,0.0,,0.0,0.0,0.0,0.0,0.0,0.0,,,,,,,,,,,,,,,,,,,,,,,
2023,2021013407,2023-09-05,1400188.0,中村 奨吾,8.0,二,9,1.0,1.0,5.0,4.0,0.0,1.0,0.0,0.0,0.0,1.0,0.0,,1.0,0.0,0.0,0.0,0.0,0.0,,,,,,,,,,,,,,,,,,,,,,,
2023,2021013407,2023-09-05,1460080.0,ポランコ,22.0,指,9,1.0,1.0,5.0,3.0,0.0,1.0,0.0,0.0,0.0,0.0,0.0,,2.0,1.0,0.0,0.0,0.0,0.0,,,,,,,,,,,,,,,,,,,,,,,
2023,2021013407,2023-09-05,1500141.0,茶谷 健太,67.0,二,9,1.0,0.0,0.0,0.0,0.0,0.0,0.0,0.0,0.0,0.0,0.0,,0.0,0.0,0.0,0.0,0.0,0.0,,,,,,,,,,,,,,,,,,,,,,,
2023,2021013407,2023-09-05,1600167.0,三森 大貴,13.0,二,12,1.0,1.0,4.0,3.0,0.0,1.0,0.0,0.0,0.0,0.0,0.0,,1.0,1.0,0.0,0.0,0.0,0.0,,,,,,,,,,,,,,,,,,,,,,,
2023,2021013407,2023-09-05,1700092.0,安田 尚憲,5.0,三,9,1.0,1.0,5.0,4.0,2.0,3.0,1.0,0.0,0.0,1.0,0.0,,0.0,1.0,0.0,0.0,1.0,0.0,,,,,,,,,,,,,,,,,,,,,,,
2023,2021013407,2023-09-05,1700093.0,藤岡 裕大,4.0,遊,9,1.0,1.0,5.0,4.0,1.0,3.0,1.0,0.0,1.0,2.0,0.0,,1.0,1.0,0.0,0.0,0.0,0.0,,,,,,,,,,,,,,,,,,,,,,,
2023,2021013407,2023-09-05,1700098.0,和田 康士朗,63.0,左,9,1.0,0.0,1.0,1.0,0.0,0.0,0.0,0.0,0.0,0.0,0.0,,0.0,1.0,0.0,0.0,0.0,0.0,,,,,,,,,,,,,,,,,,,,,,,
2023,2021013407,2023-09-05,1700131.0,増田 珠,33.0,左,12,1.0,1.0,3.0,3.0,0.0,0.0,0.0,0.0,0.0,0.0,0.0,,0.0,0.0,0.0,0.0,0.0,0.0,,,,,,,,,,,,,,,,,,,,,,,
2023,2021013407,2023-09-05,1700133.0,田浦 文丸,56.0,,12,,,,,,,,,,,,,,,,,,,2.0,1.0,0.0,2.0,1.0,1.65,1.0,1.0,,,0.0,1.0,1.0,1.0,1.0,,0.0,2.0,0.0,,4.0,14.0,
2023,2021013407,2023-09-05,1700134.0,尾形 崇斗,39.0,,12,,,,,,,,,,,,,,,,,,,5.0,1.0,0.0,0.0,1.0,4.0,2.0,2.0,,,0.0,5.0,3.0,2.0,0.0,,0.0,1.0,0.0,,11.0,54.0,
2023,2021013407,2023-09-05,1800050.0,藤原 恭大,1.0,中,9,1.0,0.0,1.0,1.0,0.0,0.0,0.0,0.0,0.0,0.0,0.0,,0.0,0.0,0.0,0.0,0.0,0.0,,,,,,,,,,,,,,,,,,,,,,,
2023,2021013407,2023-09-05,1800052.0,小島 和哉,14.0,,9,,,,,,,,,,,,,,,,,,,1.0,1.0,,8.0,4.0,3.28,7.0,7.0,,,0.0,4.0,0.0,0.0,0.0,,2.0,7.0,0.0,,26.0,112.0,
2023,2021013407,2023-09-05,1800053.0,山口 航輝,51.0,一,9,1.0,1.0,5.0,3.0,2.0,2.0,1.0,0.0,1.0,1.0,0.0,,2.0,0.0,0.0,0.0,0.0,0.0,,,,,,,,,,,,,,,,,,,,,,,
2023,2021013407,2023-09-05,1800106.0,甲斐野 央,20.0,,12,,,,,,,,,,,,,,,,,,,4.0,1.0,0.0,1.0,1.0,2.67,1.0,1.0,,,2.0,0.0,0.0,0.0,0.0,,1.0,2.0,0.0,,4.0,19.0,
2023,2021013407,2023-09-05,1900010.0,スチュワート・ジュニア,2.0,,12,,,,,,,,,,,,,,,,,,,1.0,1.0,,3.0,5.0,2.91,4.0,4.0,,,0.0,6.0,3.0,3.0,1.0,,5.0,3.0,0.0,,23.0,99.0,
2023,2021013407,2023-09-05,1900081.0,佐藤 都志也,32.0,捕,9,1.0,1.0,5.0,5.0,0.0,0.0,0.0,0.0,0.0,0.0,0.0,,0.0,2.0,0.0,0.0,0.0,0.0,,,,,,,,,,,,,,,,,,,,,,,
2023,2021013407,2023-09-05,1900083.0,横山 陸人,60.0,,9,,,,,,,,,,,,,,,,,,,2.0,1.0,0.0,1.0,1.0,3.82,1.0,1.0,,,1.0,0.0,0.0,0.0,0.0,,1.0,3.0,0.0,,4.0,22.0,
2023,2021013407,2023-09-05,1900102.0,津森 宥紀,11.0,,12,,,,,,,,,,,,,,,,,,,3.0,1.0,0.0,3.0,4.0,3.6,1.0,1.0,,,0.0,0.0,0.0,0.0,0.0,,0.0,1.0,0.0,,3.0,19.0,
2023,2021013407,2023-09-05,1900104.0,柳町 達,32.0,打右,12,1.0,0.0,1.0,1.0,0.0,0.0,0.0,0.0,0.0,0.0,0.0,,0.0,1.0,0.0,0.0,0.0,0.0,,,,,,,,,,,,,,,,,,,,,,,
2023,2021013407,2023-09-05,2000087.0,鈴木 昭汰,47.0,,9,,,,,,,,,,,,,,,,,,,3.0,1.0,0.0,0.0,0.0,4.5,1.0,1.0,,,0.0,1.0,1.0,1.0,0.0,,0.0,1.0,0.0,,4.0,15.0,
2023,2021013407,2023-09-05,2000089.0,小川 龍成,57.0,右,9,1.0,0.0,0.0,0.0,0.0,0.0,0.0,0.0,0.0,0.0,0.0,,0.0,0.0,0.0,0.0,0.0,0.0,,,,,,,,,,,,,,,,,,,,,,,
2023,2021013407,2023-09-05,2104035.0,野村 勇,99.0,三,12,1.0,1.0,3.0,2.0,0.0,0.0,0.0,0.0,0.0,0.0,0.0,,1.0,2.0,0.0,0.0,0.0,0.0,,,,,,,,,,,,,,,,,,,,,,,
2023,2021013407,2023-09-05,2107661.0,生海,37.0,打左,12,1.0,0.0,1.0,1.0,0.0,0.0,0.0,0.0,0.0,0.0,0.0,,0.0,1.0,0.0,0.0,0.0,0.0,,,,,,,,,,,,,,,,,,,,,,,
2023,2021013407,2023-09-05,2108929.0,ホーキンス,10.0,指,12,1.0,1.0,4.0,4.0,0.0,0.0,0.0,0.0,0.0,0.0,0.0,,0.0,2.0,0.0,0.0,0.0,0.0,,,,,,,,,,,,,,,,,,,,,,,
2023,2021013408,2023-09-06,400021.0,青木 宣親,23.0,打,2,1.0,0.0,1.0,1.0,0.0,1.0,1.0,0.0,0.0,1.0,0.0,,0.0,0.0,0.0,0.0,0.0,0.0,,,,,,,,,,,,,,,,,,,,,,,
2023,2021013408,2023-09-06,700027.0,梶谷 隆幸,13.0,左右左,1,1.0,1.0,5.0,3.0,1.0,0.0,0.0,0.0,0.0,0.0,0.0,,2.0,0.0,0.0,0.0,0.0,0.0,,,,,,,,,,,,,,,,,,,,,,,
2023,2021013408,2023-09-06,800043.0,丸 佳浩,8.0,中,1,1.0,1.0,4.0,3.0,0.0,2.0,0.0,0.0,0.0,0.0,0.0,,1.0,0.0,0.0,0.0,0.0,0.0,,,,,,,,,,,,,,,,,,,,,,,
2023,2021013408,2023-09-06,900397.0,長野 久義,7.0,打,1,1.0,0.0,1.0,1.0,0.0,1.0,0.0,0.0,0.0,0.0,0.0,,0.0,0.0,0.0,0.0,0.0,0.0,,,,,,,,,,,,,,,,,,,,,,,
2023,2021013408,2023-09-06,1000109.0,三ツ俣 大樹,66.0,打,2,1.0,0.0,1.0,0.0,0.0,0.0,0.0,0.0,0.0,0.0,0.0,,0.0,0.0,0.0,1.0,0.0,0.0,,,,,,,,,,,,,,,,,,,,,,,
2023,2021013408,2023-09-06,1000132.0,山田 哲人,1.0,二,2,1.0,1.0,5.0,3.0,0.0,0.0,0.0,0.0,0.0,0.0,0.0,,1.0,2.0,1.0,0.0,0.0,0.0,,,,,,,,,,,,,,,,,,,,,,,
2023,2021013408,2023-09-06,1100038.0,今村 信貴,26.0,投,1,1.0,0.0,0.0,0.0,0.0,0.0,0.0,0.0,0.0,0.0,0.0,,0.0,0.0,0.0,0.0,0.0,0.0,6.0,1.0,0.0,0.0,0.0,3.97,1.0,1.0,,,0.0,0.0,0.0,0.0,0.0,,1.0,2.0,0.0,,5.0,27.0,
2023,2021013408,2023-09-06,1300029.0,田口 麗斗,34.0,投,2,1.0,0.0,0.0,0.0,0.0,0.0,0.0,0.0,0.0,0.0,0.0,,0.0,0.0,0.0,0.0,0.0,0.0,5.0,1.0,0.0,1.0,3.0,1.48,1.0,1.0,,,30.0,1.0,0.0,0.0,0.0,,0.0,1.0,0.0,,4.0,16.0,
2023,2021013408,2023-09-06,1400101.0,岡本 和真,25.0,一,1,1.0,1.0,5.0,3.0,0.0,1.0,0.0,0.0,0.0,2.0,0.0,,1.0,1.0,0.0,0.0,1.0,0.0,,,,,,,,,,,,,,,,,,,,,,,
2023,2021013408,2023-09-06,1500139.0,小澤 怜史,45.0,投,2,1.0,1.0,2.0,1.0,0.0,0.0,0.0,0.0,0.0,0.0,0.0,,0.0,0.0,0.0,1.0,0.0,0.0,1.0,1.0,,6.0,4.0,3.05,6.0,6.0,,,0.0,6.0,1.0,1.0,0.0,,3.0,7.0,1.0,,27.0,105.0,
2023,2021013408,2023-09-06,1561778.0,バルドナード,49.0,投,1,1.0,0.0,0.0,0.0,0.0,0.0,0.0,0.0,0.0,0.0,0.0,,0.0,0.0,0.0,0.0,0.0,0.0,3.0,1.0,0.0,2.0,1.0,2.51,0.6666666666666666,0.2,,,0.0,3.0,4.0,3.0,1.0,,1.0,1.0,0.0,,6.0,31.0,
2023,2021013408,2023-09-06,1600059.0,吉川 尚輝,2.0,二,1,1.0,1.0,4.0,3.0,0.0,2.0,0.0,0.0,0.0,0.0,1.0,,0.0,0.0,1.0,0.0,0.0,0.0,,,,,,,,,,,,,,,,,,,,,,,
2023,2021013408,2023-09-06,1600075.0,星 知弥,24.0,投,2,1.0,0.0,0.0,0.0,0.0,0.0,0.0,0.0,0.0,0.0,0.0,,0.0,0.0,0.0,0.0,0.0,0.0,4.0,1.0,0.0,2.0,2.0,3.67,1.0,1.0,,,0.0,0.0,0.0,0.0,0.0,,0.0,2.0,0.0,,3.0,10.0,
2023,2021013408,2023-09-06,1600078.0,古賀 優大,57.0,捕,2,1.0,1.0,4.0,2.0,1.0,0.0,0.0,0.0,0.0,0.0,0.0,,2.0,0.0,0.0,0.0,0.0,0.0,,,,,,,,,,,,,,,,,,,,,,,
2023,2021013408,2023-09-06,1650522.0,丸山 和郁,4.0,中,2,1.0,1.0,5.0,3.0,0.0,0.0,0.0,0.0,0.0,0.0,0.0,,1.0,2.0,0.0,1.0,0.0,0.0,,,,,,,,,,,,,,,,,,,,,,,
2023,2021013408,2023-09-06,1651302.0,岡田 悠希,38.0,右,1,1.0,1.0,2.0,2.0,0.0,0.0,0.0,0.0,0.0,0.0,0.0,,0.0,1.0,0.0,0.0,0.0,0.0,,,,,,,,,,,,,,,,,,,,,,,
2023,2021013408,2023-09-06,1700043.0,岸田 行倫,27.0,打,1,1.0,0.0,1.0,1.0,0.0,0.0,0.0,0.0,0.0,0.0,0.0,,0.0,1.0,0.0,0.0,0.0,0.0,,,,,,,,,,,,,,,,,,,,,,,
2023,2021013408,2023-09-06,1700044.0,大城 卓三,24.0,捕,1,1.0,1.0,4.0,4.0,0.0,0.0,0.0,0.0,0.0,0.0,0.0,,0.0,1.0,0.0,0.0,0.0,0.0,,,,,,,,,,,,,,,,,,,,,,,
2023,2021013408,2023-09-06,1700045.0,北村 拓己,52.0,打,1,1.0,0.0,1.0,1.0,0.0,0.0,0.0,0.0,0.0,0.0,0.0,,0.0,0.0,0.0,0.0,0.0,0.0,,,,,,,,,,,,,,,,,,,,,,,
2023,2021013408,2023-09-06,1700047.0,若林 晃弘,37.0,右,1,1.0,0.0,2.0,2.0,0.0,0.0,0.0,0.0,0.0,0.0,0.0,,0.0,0.0,0.0,0.0,0.0,0.0,,,,,,,,,,,,,,,,,,,,,,,
2023,2021013408,2023-09-06,1700084.0,村上 宗隆,55.0,三,2,1.0,1.0,4.0,4.0,1.0,1.0,0.0,0.0,1.0,1.0,0.0,,0.0,1.0,0.0,0.0,0.0,0.0,,,,,,,,,,,,,,,,,,,,,,,
2023,2021013408,2023-09-06,1700094.0,山本 大貴,43.0,投,2,1.0,0.0,0.0,0.0,0.0,0.0,0.0,0.0,0.0,0.0,0.0,,0.0,0.0,0.0,0.0,0.0,0.0,3.0,1.0,0.0,2.0,0.0,2.7,0.3333333333333333,0.1,,,0.0,0.0,0.0,0.0,0.0,,0.0,0.0,0.0,,1.0,4.0,
2023,2021013408,2023-09-06,1850809.0,松井 颯,93.0,投,1,1.0,0.0,0.0,0.0,0.0,0.0,0.0,0.0,0.0,0.0,0.0,,0.0,0.0,0.0,0.0,0.0,0.0,2.0,1.0,0.0,1.0,1.0,3.18,2.0,2.0,,,0.0,0.0,0.0,0.0,0.0,,1.0,0.0,0.0,,7.0,29.0,
2023,2021013408,2023-09-06,1900028.0,長岡 秀樹,7.0,遊,2,1.0,1.0,4.0,4.0,1.0,1.0,1.0,0.0,0.0,1.0,0.0,,0.0,1.0,0.0,0.0,0.0,0.0,,,,,,,,,,,,,,,,,,,,,,,
2023,2021013408,2023-09-06,1960962.0,ビーディ,33.0,投,1,1.0,1.0,1.0,1.0,0.0,0.0,0.0,0.0,0.0,0.0,0.0,,0.0,1.0,0.0,0.0,0.0,0.0,1.0,1.0,,0.0,6.0,3.91,3.0,3.0,,,1.0,2.0,0.0,0.0,0.0,,1.0,2.0,1.0,,13.0,54.0,
2023,2021013408,2023-09-06,2000007.0,中山 礼都,40.0,三,1,1.0,1.0,4.0,4.0,0.0,0.0,0.0,0.0,0.0,0.0,0.0,,0.0,4.0,0.0,0.0,0.0,1.0,,,,,,,,,,,,,,,,,,,,,,,
2023,2021013408,2023-09-06,2000009.0,秋広 優人,55.0,左,1,1.0,0.0,1.0,1.0,0.0,0.0,0.0,0.0,0.0,0.0,0.0,,0.0,0.0,0.0,0.0,0.0,0.0,,,,,,,,,,,,,,,,,,,,,,,
2023,2021013408,2023-09-06,2000024.0,木澤 尚文,20.0,投,2,1.0,0.0,0.0,0.0,0.0,0.0,0.0,0.0,0.0,0.0,0.0,,0.0,0.0,0.0,0.0,0.0,0.0,2.0,1.0,0.0,2.0,2.0,2.91,0.6666666666666666,0.2,,,0.0,2.0,1.0,1.0,0.0,,1.0,0.0,0.0,,5.0,20.0,
2023,2021013408,2023-09-06,2000026.0,内山 壮真,33.0,左,2,1.0,1.0,5.0,4.0,0.0,3.0,0.0,0.0,0.0,1.0,1.0,,1.0,0.0,0.0,0.0,0.0,0.0,,,,,,,,,,,,,,,,,,,,,,,
2023,2021013408,2023-09-06,2000031.0,赤羽 由紘,71.0,走右,2,1.0,0.0,0.0,0.0,0.0,0.0,0.0,0.0,0.0,0.0,0.0,,0.0,0.0,0.0,0.0,0.0,0.0,,,,,,,,,,,,,,,,,,,,,,,
2023,2021013408,2023-09-06,2000133.0,オスナ,13.0,一,2,1.0,1.0,4.0,4.0,0.0,0.0,0.0,0.0,0.0,0.0,0.0,,0.0,1.0,0.0,0.0,0.0,0.0,,,,,,,,,,,,,,,,,,,,,,,
2023,2021013408,2023-09-06,2000135.0,サンタナ,25.0,右,2,1.0,1.0,4.0,4.0,1.0,2.0,0.0,0.0,0.0,0.0,0.0,,0.0,1.0,0.0,0.0,0.0,0.0,,,,,,,,,,,,,,,,,,,,,,,
2023,2021013408,2023-09-06,2102410.0,浅野 翔吾,51.0,打右,1,1.0,0.0,1.0,1.0,0.0,0.0,0.0,0.0,0.0,0.0,0.0,,0.0,1.0,0.0,0.0,0.0,0.0,,,,,,,,,,,,,,,,,,,,,,,
2023,2021013408,2023-09-06,2103705.0,菊地 大稀,96.0,投,1,1.0,0.0,0.0,0.0,0.0,0.0,0.0,0.0,0.0,0.0,0.0,,0.0,0.0,0.0,0.0,0.0,0.0,5.0,1.0,0.0,4.0,3.0,3.46,1.0,1.0,,,0.0,1.0,0.0,0.0,0.0,,1.0,2.0,0.0,,5.0,26.0,
2023,2021013408,2023-09-06,2107874.0,門脇 誠,35.0,遊,1,1.0,1.0,4.0,4.0,1.0,3.0,1.0,0.0,0.0,0.0,0.0,,0.0,0.0,0.0,0.0,0.0,0.0,,,,,,,,,,,,,,,,,,,,,,,
2023,2021013408,2023-09-06,2107899.0,田中 千晴,48.0,投,1,1.0,0.0,0.0,0.0,0.0,0.0,0.0,0.0,0.0,0.0,0.0,,0.0,0.0,0.0,0.0,0.0,0.0,4.0,1.0,0.0,2.0,3.0,5.51,0.3333333333333333,0.1,,,0.0,2.0,0.0,0.0,0.0,,0.0,1.0,0.0,,3.0,11.0,
2023,2021013409,2023-09-06,900410.0,大島 洋平,8.0,左,4,1.0,1.0,4.0,4.0,0.0,2.0,0.0,0.0,0.0,0.0,0.0,,0.0,1.0,0.0,0.0,0.0,0.0,,,,,,,,,,,,,,,,,,,,,,,
2023,2021013409,2023-09-06,1000164.0,島本 浩也,46.0,投,5,1.0,0.0,0.0,0.0,0.0,0.0,0.0,0.0,0.0,0.0,0.0,,0.0,0.0,0.0,0.0,0.0,0.0,3.0,1.0,0.0,4.0,2.0,1.88,0.3333333333333333,0.1,,,0.0,0.0,0.0,0.0,0.0,,0.0,0.0,0.0,,1.0,2.0,
2023,2021013409,2023-09-06,1200097.0,加藤 翔平,52.0,走,4,1.0,0.0,0.0,0.0,0.0,0.0,0.0,0.0,0.0,0.0,0.0,,0.0,0.0,0.0,0.0,0.0,0.0,,,,,,,,,,,,,,,,,,,,,,,
2023,2021013409,2023-09-06,1300075.0,岩崎 優,13.0,投,5,1.0,0.0,0.0,0.0,0.0,0.0,0.0,0.0,0.0,0.0,0.0,,0.0,0.0,0.0,0.0,0.0,1.0,5.0,1.0,0.0,3.0,2.0,1.26,1.0,1.0,,,29.0,0.0,0.0,0.0,0.0,,0.0,1.0,0.0,,4.0,15.0,
2023,2021013409,2023-09-06,1500049.0,宇佐見 真吾,39.0,打捕,4,1.0,0.0,1.0,1.0,0.0,0.0,0.0,0.0,0.0,0.0,0.0,,0.0,0.0,0.0,0.0,0.0,0.0,,,,,,,,,,,,,,,,,,,,,,,
2023,2021013409,2023-09-06,1500074.0,小笠原 慎之介,11.0,投,4,1.0,1.0,2.0,1.0,0.0,0.0,0.0,0.0,0.0,0.0,0.0,,1.0,1.0,0.0,0.0,0.0,0.0,1.0,1.0,,7.0,10.0,3.23,7.0,7.0,,,0.0,8.0,1.0,1.0,0.0,,1.0,3.0,0.0,,28.0,111.0,
2023,2021013409,2023-09-06,1500076.0,木下 拓哉,35.0,捕,4,1.0,1.0,3.0,3.0,0.0,1.0,0.0,0.0,0.0,0.0,0.0,,0.0,0.0,0.0,0.0,0.0,0.0,,,,,,,,,,,,,,,,,,,,,,,
2023,2021013409,2023-09-06,1500087.0,坂本 誠志郎,12.0,捕,5,1.0,1.0,4.0,4.0,0.0,1.0,0.0,0.0,0.0,0.0,0.0,,0.0,1.0,0.0,0.0,0.0,0.0,,,,,,,,,,,,,,,,,,,,,,,
2023,2021013409,2023-09-06,1560639.0,カリステ,99.0,遊,4,1.0,1.0,4.0,4.0,0.0,0.0,0.0,0.0,0.0,0.0,0.0,,0.0,2.0,0.0,0.0,0.0,0.0,,,,,,,,,,,,,,,,,,,,,,,
2023,2021013409,2023-09-06,1600021.0,ビシエド,66.0,一,4,1.0,1.0,4.0,4.0,0.0,0.0,0.0,0.0,0.0,0.0,0.0,,0.0,1.0,0.0,0.0,0.0,0.0,,,,,,,,,,,,,,,,,,,,,,,
2023,2021013409,2023-09-06,1600085.0,細川 成也,0.0,右,4,1.0,1.0,4.0,3.0,0.0,1.0,0.0,0.0,0.0,0.0,0.0,,1.0,1.0,0.0,0.0,0.0,0.0,,,,,,,,,,,,,,,,,,,,,,,
2023,2021013409,2023-09-06,1600110.0,藤嶋 健人,54.0,投,4,1.0,0.0,0.0,0.0,0.0,0.0,0.0,0.0,0.0,0.0,0.0,,0.0,0.0,0.0,0.0,0.0,0.0,3.0,1.0,0.0,1.0,1.0,1.28,1.0,1.0,,,0.0,1.0,0.0,0.0,0.0,,0.0,0.0,0.0,,3.0,15.0,
2023,2021013409,2023-09-06,1600113.0,大山 悠輔,3.0,一,5,1.0,1.0,4.0,4.0,0.0,2.0,0.0,0.0,0.0,0.0,0.0,,0.0,0.0,0.0,0.0,0.0,0.0,,,,,,,,,,,,,,,,,,,,,,,
2023,2021013409,2023-09-06,1600115.0,才木 浩人,35.0,投,5,1.0,1.0,2.0,2.0,0.0,0.0,0.0,0.0,0.0,0.0,0.0,,0.0,1.0,0.0,0.0,0.0,0.0,1.0,1.0,,7.0,5.0,2.1,6.0,6.0,,,0.0,4.0,0.0,0.0,0.0,,2.0,4.0,0.0,,23.0,89.0,
2023,2021013409,2023-09-06,1600117.0,糸原 健斗,33.0,打,5,1.0,0.0,1.0,1.0,0.0,0.0,0.0,0.0,0.0,0.0,0.0,,0.0,0.0,0.0,0.0,0.0,0.0,,,,,,,,,,,,,,,,,,,,,,,
2023,2021013409,2023-09-06,1700080.0,島田 海吏,53.0,中,5,1.0,0.0,0.0,0.0,0.0,0.0,0.0,0.0,0.0,0.0,0.0,,0.0,0.0,0.0,0.0,0.0,0.0,,,,,,,,,,,,,,,,,,,,,,,
2023,2021013409,2023-09-06,1800066.0,小幡 竜平,38.0,走,5,1.0,0.0,0.0,0.0,0.0,0.0,0.0,0.0,0.0,0.0,0.0,,0.0,0.0,0.0,0.0,0.0,0.0,,,,,,,,,,,,,,,,,,,,,,,
2023,2021013409,2023-09-06,1800067.0,木浪 聖也,0.0,遊,5,1.0,1.0,4.0,4.0,0.0,1.0,1.0,0.0,0.0,0.0,0.0,,0.0,0.0,0.0,0.0,0.0,0.0,,,,,,,,,,,,,,,,,,,,,,,
2023,2021013409,2023-09-06,1850183.0,森下 翔太,1.0,右,5,1.0,1.0,4.0,4.0,0.0,2.0,0.0,0.0,0.0,1.0,0.0,,0.0,0.0,0.0,0.0,0.0,0.0,,,,,,,,,,,,,,,,,,,,,,,
2023,2021013409,2023-09-06,1900037.0,石川 昂弥,25.0,三,4,1.0,1.0,4.0,4.0,0.0,1.0,0.0,0.0,0.0,0.0,0.0,,0.0,0.0,0.0,0.0,0.0,0.0,,,,,,,,,,,,,,,,,,,,,,,
2023,2021013409,2023-09-06,1900041.0,岡林 勇希,60.0,中,4,1.0,1.0,4.0,3.0,0.0,1.0,0.0,0.0,0.0,0.0,0.0,,0.0,0.0,0.0,1.0,0.0,0.0,,,,,,,,,,,,,,,,,,,,,,,
2023,2021013409,2023-09-06,1900050.0,小野寺 暖,60.0,中,5,1.0,1.0,4.0,4.0,1.0,2.0,0.0,0.0,0.0,0.0,0.0,,0.0,1.0,0.0,0.0,0.0,0.0,,,,,,,,,,,,,,,,,,,,,,,
2023,2021013409,2023-09-06,1961251.0,ミエセス,55.0,打,5,1.0,0.0,1.0,1.0,0.0,1.0,1.0,0.0,0.0,0.0,0.0,,0.0,0.0,0.0,0.0,0.0,0.0,,,,,,,,,,,,,,,,,,,,,,,
2023,2021013409,2023-09-06,1961285.0,ノイジー,7.0,左,5,1.0,1.0,4.0,4.0,0.0,0.0,0.0,0.0,0.0,0.0,0.0,,0.0,0.0,0.0,0.0,0.0,0.0,,,,,,,,,,,,,,,,,,,,,,,
2023,2021013409,2023-09-06,2000047.0,三好 大倫,30.0,走,4,1.0,0.0,0.0,0.0,0.0,0.0,0.0,0.0,0.0,0.0,0.0,,0.0,0.0,0.0,0.0,0.0,0.0,,,,,,,,,,,,,,,,,,,,,,,
2023,2021013409,2023-09-06,2000051.0,佐藤 輝明,8.0,三,5,1.0,1.0,4.0,3.0,0.0,2.0,0.0,0.0,0.0,0.0,0.0,,1.0,0.0,0.0,0.0,0.0,0.0,,,,,,,,,,,,,,,,,,,,,,,
2023,2021013409,2023-09-06,2000056.0,中野 拓夢,51.0,二,5,1.0,1.0,4.0,2.0,0.0,0.0,0.0,0.0,0.0,0.0,0.0,,1.0,0.0,0.0,1.0,0.0,0.0,,,,,,,,,,,,,,,,,,,,,,,
2023,2021013409,2023-09-06,2000058.0,石井 大智,69.0,投,5,1.0,0.0,0.0,0.0,0.0,0.0,0.0,0.0,0.0,0.0,0.0,,0.0,0.0,0.0,0.0,0.0,0.0,2.0,1.0,0.0,1.0,0.0,0.84,0.6666666666666666,0.2,,,0.0,1.0,0.0,0.0,0.0,,0.0,1.0,0.0,,3.0,14.0,
2023,2021013409,2023-09-06,2103707.0,桐敷 拓馬,47.0,投,5,1.0,0.0,0.0,0.0,0.0,0.0,0.0,0.0,0.0,0.0,0.0,,0.0,0.0,0.0,0.0,0.0,0.0,4.0,1.0,0.0,2.0,0.0,2.16,1.0,1.0,,,0.0,1.0,0.0,0.0,0.0,,0.0,1.0,0.0,,3.0,17.0,
2023,2021013409,2023-09-06,2103780.0,福永 裕基,68.0,二,4,1.0,1.0,3.0,2.0,0.0,0.0,0.0,0.0,0.0,0.0,0.0,,0.0,0.0,0.0,1.0,0.0,0.0,,,,,,,,,,,,,,,,,,,,,,,
2023,2021013409,2023-09-06,2103845.0,鵜飼 航丞,4.0,打,4,1.0,0.0,1.0,1.0,0.0,0.0,0.0,0.0,0.0,0.0,0.0,,0.0,1.0,0.0,0.0,0.0,0.0,,,,,,,,,,,,,,,,,,,,,,,
2023,2021013409,2023-09-06,2107869.0,松山 晋也,90.0,投,4,1.0,0.0,0.0,0.0,0.0,0.0,0.0,0.0,0.0,0.0,0.0,,0.0,0.0,0.0,0.0,0.0,0.0,2.0,1.0,0.0,0.0,0.0,1.07,1.0,1.0,,,0.0,2.0,0.0,0.0,0.0,,1.0,0.0,0.0,,5.0,21.0,
2023,2021013410,2023-09-06,500051.0,藤田 一也,23.0,打,3,1.0,0.0,1.0,1.0,0.0,0.0,0.0,0.0,0.0,0.0,0.0,,0.0,1.0,0.0,0.0,0.0,0.0,,,,,,,,,,,,,,,,,,,,,,,
2023,2021013410,2023-09-06,600003.0,大和,9.0,一,3,1.0,0.0,0.0,0.0,0.0,0.0,0.0,0.0,0.0,0.0,0.0,,0.0,0.0,0.0,0.0,0.0,0.0,,,,,,,,,,,,,,,,,,,,,,,
2023,2021013410,2023-09-06,700050.0,會澤 翼,27.0,打,6,1.0,0.0,1.0,1.0,0.0,1.0,1.0,0.0,0.0,2.0,0.0,,0.0,0.0,0.0,0.0,0.0,0.0,,,,,,,,,,,,,,,,,,,,,,,
2023,2021013410,2023-09-06,800041.0,松山 竜平,55.0,打,6,1.0,0.0,1.0,1.0,0.0,0.0,0.0,0.0,0.0,0.0,0.0,,0.0,0.0,0.0,0.0,0.0,0.0,,,,,,,,,,,,,,,,,,,,,,,
2023,2021013410,2023-09-06,800075.0,伊藤 光,29.0,捕,3,1.0,0.0,0.0,0.0,0.0,0.0,0.0,0.0,0.0,0.0,0.0,,0.0,0.0,0.0,0.0,0.0,0.0,,,,,,,,,,,,,,,,,,,,,,,
2023,2021013410,2023-09-06,900430.0,堂林 翔太,7.0,左一,6,1.0,1.0,6.0,5.0,0.0,2.0,0.0,0.0,0.0,0.0,0.0,,1.0,2.0,0.0,0.0,0.0,0.0,,,,,,,,,,,,,,,,,,,,,,,
2023,2021013410,2023-09-06,1100061.0,桑原 将志,1.0,中,3,1.0,1.0,5.0,4.0,0.0,0.0,0.0,0.0,0.0,1.0,0.0,,0.0,0.0,0.0,0.0,1.0,0.0,,,,,,,,,,,,,,,,,,,,,,,
2023,2021013410,2023-09-06,1100082.0,菊池 涼介,33.0,走,6,1.0,0.0,0.0,0.0,1.0,0.0,0.0,0.0,0.0,0.0,0.0,,0.0,0.0,0.0,0.0,0.0,0.0,,,,,,,,,,,,,,,,,,,,,,,
2023,2021013410,2023-09-06,1200053.0,宮崎 敏郎,51.0,三,3,1.0,1.0,5.0,5.0,1.0,1.0,1.0,0.0,0.0,0.0,0.0,,0.0,1.0,0.0,0.0,0.0,0.0,,,,,,,,,,,,,,,,,,,,,,,
2023,2021013410,2023-09-06,1300038.0,関根 大気,63.0,右,3,1.0,0.0,1.0,1.0,0.0,0.0,0.0,0.0,0.0,0.0,0.0,,0.0,0.0,0.0,0.0,0.0,0.0,,,,,,,,,,,,,,,,,,,,,,,
2023,2021013410,2023-09-06,1300057.0,大瀬良 大地,14.0,投,6,1.0,1.0,1.0,1.0,0.0,0.0,0.0,0.0,0.0,0.0,0.0,,0.0,1.0,0.0,0.0,0.0,0.0,1.0,1.0,,6.0,9.0,3.55,5.0,5.0,,,0.0,5.0,3.0,3.0,1.0,,2.0,1.0,1.0,,23.0,81.0,
2023,2021013410,2023-09-06,1300059.0,田中 広輔,2.0,打,6,1.0,0.0,1.0,0.0,0.0,0.0,0.0,0.0,0.0,0.0,0.0,,1.0,0.0,0.0,0.0,0.0,0.0,,,,,,,,,,,,,,,,,,,,,,,
2023,2021013410,2023-09-06,1300082.0,曽根 海成,0.0,走中,6,1.0,0.0,1.0,1.0,0.0,0.0,0.0,0.0,0.0,0.0,0.0,,0.0,0.0,0.0,0.0,0.0,0.0,,,,,,,,,,,,,,,,,,,,,,,
2023,2021013410,2023-09-06,1400173.0,野間 峻祥,37.0,中右,6,1.0,1.0,6.0,5.0,0.0,2.0,0.0,0.0,0.0,0.0,0.0,,0.0,1.0,0.0,1.0,0.0,0.0,,,,,,,,,,,,,,,,,,,,,,,
2023,2021013410,2023-09-06,1460004.0,デビッドソン,95.0,三,6,1.0,1.0,6.0,6.0,1.0,1.0,0.0,0.0,1.0,1.0,0.0,,0.0,2.0,0.0,0.0,0.0,0.0,,,,,,,,,,,,,,,,,,,,,,,
2023,2021013410,2023-09-06,1500061.0,今永 昇太,21.0,投,3,1.0,1.0,3.0,3.0,1.0,2.0,1.0,1.0,0.0,1.0,0.0,,0.0,0.0,0.0,0.0,0.0,0.0,1.0,1.0,,7.0,3.0,2.81,5.666666666666667,5.2,,,0.0,10.0,3.0,3.0,0.0,,2.0,10.0,0.0,,27.0,122.0,
2023,2021013410,2023-09-06,1500063.0,柴田 竜拓,31.0,打遊,3,1.0,0.0,1.0,0.0,0.0,0.0,0.0,0.0,0.0,0.0,0.0,,0.0,0.0,0.0,1.0,0.0,0.0,,,,,,,,,,,,,,,,,,,,,,,
2023,2021013410,2023-09-06,1561880.0,ウェンデルケン,49.0,投,3,1.0,0.0,0.0,0.0,0.0,0.0,0.0,0.0,0.0,0.0,0.0,,0.0,0.0,0.0,0.0,0.0,0.0,4.0,1.0,0.0,1.0,2.0,1.47,1.0,1.0,,,0.0,1.0,0.0,0.0,0.0,,0.0,0.0,0.0,,4.0,13.0,
2023,2021013410,2023-09-06,1600089.0,佐野 恵太,7.0,左,3,1.0,1.0,5.0,4.0,1.0,1.0,0.0,0.0,1.0,1.0,0.0,,1.0,0.0,0.0,0.0,0.0,0.0,,,,,,,,,,,,,,,,,,,,,,,
2023,2021013410,2023-09-06,1600107.0,京田 陽太,98.0,遊,3,1.0,1.0,4.0,3.0,0.0,0.0,0.0,0.0,0.0,0.0,0.0,,1.0,0.0,0.0,0.0,0.0,1.0,,,,,,,,,,,,,,,,,,,,,,,
2023,2021013410,2023-09-06,1600121.0,矢崎 拓也,41.0,投,6,1.0,0.0,0.0,0.0,0.0,0.0,0.0,0.0,0.0,0.0,0.0,,0.0,0.0,0.0,0.0,0.0,0.0,6.0,1.0,0.0,4.0,2.0,2.58,1.0,1.0,,,24.0,0.0,0.0,0.0,0.0,,1.0,0.0,0.0,,3.0,16.0,
2023,2021013410,2023-09-06,1600124.0,坂倉 将吾,31.0,捕,6,1.0,1.0,5.0,5.0,1.0,2.0,0.0,0.0,0.0,0.0,0.0,,0.0,1.0,0.0,0.0,0.0,1.0,,,,,,,,,,,,,,,,,,,,,,,
2023,2021013410,2023-09-06,1600125.0,アドゥワ 誠,48.0,投,6,1.0,0.0,0.0,0.0,0.0,0.0,0.0,0.0,0.0,0.0,0.0,,0.0,0.0,0.0,0.0,0.0,0.0,2.0,1.0,0.0,1.0,0.0,3.27,1.0,1.0,,,0.0,1.0,0.0,0.0,0.0,,0.0,1.0,0.0,,4.0,17.0,
2023,2021013410,2023-09-06,1700006.0,エスコバー,62.0,投,3,1.0,0.0,0.0,0.0,0.0,0.0,0.0,0.0,0.0,0.0,0.0,,0.0,0.0,0.0,0.0,0.0,0.0,2.0,1.0,0.0,2.0,1.0,5.4,0.3333333333333333,0.1,,,0.0,1.0,0.0,0.0,0.0,,0.0,0.0,0.0,,2.0,11.0,
2023,2021013410,2023-09-06,1700020.0,ソト,99.0,一,3,1.0,1.0,5.0,5.0,0.0,0.0,0.0,0.0,0.0,0.0,0.0,,0.0,2.0,0.0,0.0,0.0,0.0,,,,,,,,,,,,,,,,,,,,,,,
2023,2021013410,2023-09-06,1700065.0,楠本 泰史,37.0,走,3,1.0,0.0,0.0,0.0,0.0,0.0,0.0,0.0,0.0,0.0,0.0,,0.0,0.0,0.0,0.0,0.0,0.0,,,,,,,,,,,,,,,,,,,,,,,
2023,2021013410,2023-09-06,1700066.0,山本 祐大,50.0,捕,3,1.0,1.0,4.0,4.0,0.0,3.0,0.0,0.0,0.0,0.0,0.0,,0.0,0.0,0.0,0.0,0.0,0.0,,,,,,,,,,,,,,,,,,,,,,,
2023,2021013410,2023-09-06,1700067.0,中川 虎大,64.0,投,3,1.0,0.0,0.0,0.0,0.0,0.0,0.0,0.0,0.0,0.0,0.0,,0.0,0.0,0.0,0.0,0.0,0.0,7.0,1.0,0.0,0.0,1.0,3.52,0.6666666666666666,0.2,,,0.0,1.0,1.0,1.0,1.0,,0.0,1.0,0.0,,3.0,12.0,
2023,2021013410,2023-09-06,1700068.0,中村 奨成,22.0,打,6,1.0,0.0,1.0,1.0,0.0,0.0,0.0,0.0,0.0,0.0,0.0,,0.0,0.0,0.0,0.0,0.0,0.0,,,,,,,,,,,,,,,,,,,,,,,
2023,2021013410,2023-09-06,1800043.0,上茶谷 大河,27.0,投,3,1.0,0.0,0.0,0.0,0.0,0.0,0.0,0.0,0.0,0.0,0.0,,0.0,0.0,0.0,0.0,0.0,0.0,5.0,1.0,0.0,3.0,3.0,1.78,1.0,1.0,,,0.0,1.0,0.0,0.0,0.0,,1.0,0.0,0.0,,5.0,12.0,
2023,2021013410,2023-09-06,1800048.0,知野 直人,60.0,走,3,1.0,0.0,0.0,0.0,0.0,0.0,0.0,0.0,0.0,0.0,0.0,,0.0,0.0,0.0,0.0,0.0,0.0,,,,,,,,,,,,,,,,,,,,,,,
2023,2021013410,2023-09-06,1800049.0,宮城 滝太,92.0,投,3,1.0,0.0,0.0,0.0,0.0,0.0,0.0,0.0,0.0,0.0,0.0,,0.0,0.0,0.0,0.0,0.0,1.0,6.0,1.0,0.0,0.0,0.0,2.45,1.0,1.0,,,0.0,1.0,0.0,0.0,0.0,,1.0,1.0,0.0,,5.0,14.0,
2023,2021013410,2023-09-06,1800072.0,小園 海斗,51.0,二,6,1.0,1.0,6.0,6.0,0.0,4.0,0.0,1.0,0.0,1.0,0.0,,0.0,0.0,0.0,0.0,0.0,0.0,,,,,,,,,,,,,,,,,,,,,,,
2023,2021013410,2023-09-06,1860147.0,アンダーソン,42.0,投,6,1.0,0.0,0.0,0.0,0.0,0.0,0.0,0.0,0.0,0.0,0.0,,0.0,0.0,0.0,0.0,0.0,0.0,3.0,1.0,0.0,4.0,1.0,2.41,1.0,1.0,,,0.0,0.0,0.0,0.0,0.0,,0.0,1.0,0.0,,3.0,14.0,
2023,2021013410,2023-09-06,1900032.0,伊勢 大夢,13.0,投,3,1.0,0.0,0.0,0.0,0.0,0.0,0.0,0.0,0.0,0.0,0.0,,0.0,0.0,0.0,0.0,0.0,0.0,3.0,1.0,0.0,2.0,5.0,3.45,1.0,1.0,,,2.0,0.0,0.0,0.0,0.0,,0.0,1.0,0.0,,3.0,10.0,
2023,2021013410,2023-09-06,1900035.0,蝦名 達夫,61.0,右,3,1.0,1.0,4.0,3.0,0.0,0.0,0.0,0.0,0.0,0.0,1.0,,0.0,1.0,1.0,0.0,0.0,0.0,,,,,,,,,,,,,,,,,,,,,,,
2023,2021013410,2023-09-06,1961166.0,マクブルーム,10.0,一,6,1.0,1.0,4.0,3.0,1.0,2.0,1.0,0.0,0.0,0.0,0.0,,1.0,1.0,0.0,0.0,0.0,0.0,,,,,,,,,,,,,,,,,,,,,,,
2023,2021013410,2023-09-06,2000035.0,牧 秀悟,2.0,二,3,1.0,1.0,5.0,4.0,0.0,0.0,0.0,0.0,0.0,0.0,0.0,,1.0,0.0,0.0,0.0,0.0,0.0,,,,,,,,,,,,,,,,,,,,,,,
2023,2021013410,2023-09-06,2000060.0,栗林 良吏,20.0,投,6,1.0,0.0,0.0,0.0,0.0,0.0,0.0,0.0,0.0,0.0,0.0,,0.0,0.0,0.0,0.0,0.0,0.0,5.0,1.0,0.0,3.0,7.0,3.25,1.0,1.0,,,13.0,1.0,0.0,0.0,0.0,,0.0,1.0,0.0,,4.0,15.0,
2023,2021013410,2023-09-06,2000062.0,大道 温貴,12.0,投,6,1.0,0.0,0.0,0.0,0.0,0.0,0.0,0.0,0.0,0.0,0.0,,0.0,0.0,0.0,0.0,0.0,0.0,4.0,1.0,0.0,2.0,0.0,2.49,1.0,1.0,,,0.0,0.0,0.0,0.0,0.0,,0.0,1.0,0.0,,3.0,14.0,
2023,2021013410,2023-09-06,2000065.0,矢野 雅哉,61.0,遊,6,1.0,1.0,5.0,5.0,0.0,1.0,0.0,0.0,0.0,0.0,0.0,,0.0,3.0,0.0,0.0,0.0,0.0,,,,,,,,,,,,,,,,,,,,,,,
2023,2021013410,2023-09-06,2103768.0,末包 昇大,52.0,右左,6,1.0,1.0,5.0,4.0,0.0,0.0,0.0,0.0,0.0,0.0,0.0,,1.0,2.0,0.0,0.0,0.0,0.0,,,,,,,,,,,,,,,,,,,,,,,
2023,2021013410,2023-09-06,2105565.0,益田 武尚,26.0,投,6,1.0,0.0,0.0,0.0,0.0,0.0,0.0,0.0,0.0,0.0,0.0,,0.0,0.0,0.0,0.0,0.0,0.0,7.0,1.0,0.0,1.0,0.0,0.0,1.0,1.0,,,0.0,0.0,0.0,0.0,0.0,,0.0,0.0,0.0,,3.0,7.0,
2023,2021013412,2023-09-06,12101.0,中村 剛也,60.0,指,7,1.0,1.0,5.0,4.0,2.0,2.0,0.0,0.0,2.0,2.0,0.0,,1.0,0.0,0.0,0.0,0.0,0.0,,,,,,,,,,,,,,,,,,,,,,,
2023,2021013412,2023-09-06,12102.0,栗山 巧,1.0,打,7,1.0,0.0,1.0,1.0,0.0,0.0,0.0,0.0,0.0,0.0,0.0,,0.0,0.0,0.0,0.0,0.0,0.0,,,,,,,,,,,,,,,,,,,,,,,
2023,2021013412,2023-09-06,1000010.0,比嘉 幹貴,35.0,,11,,,,,,,,,,,,,,,,,,,4.0,1.0,0.0,2.0,0.0,1.89,1.0,1.0,,,0.0,2.0,1.0,1.0,1.0,,0.0,0.0,1.0,,6.0,17.0,
2023,2021013412,2023-09-06,1300100.0,森 友哉,4.0,捕,11,1.0,1.0,4.0,3.0,0.0,0.0,0.0,0.0,0.0,1.0,0.0,,1.0,1.0,0.0,0.0,0.0,0.0,,,,,,,,,,,,,,,,,,,,,,,
2023,2021013412,2023-09-06,1300109.0,若月 健矢,2.0,捕,11,1.0,0.0,1.0,0.0,0.0,0.0,0.0,0.0,0.0,0.0,0.0,,1.0,0.0,0.0,0.0,0.0,0.0,,,,,,,,,,,,,,,,,,,,,,,
2023,2021013412,2023-09-06,1400184.0,外崎 修汰,5.0,二,7,1.0,1.0,5.0,4.0,0.0,3.0,1.0,0.0,0.0,1.0,1.0,,0.0,0.0,0.0,1.0,0.0,0.0,,,,,,,,,,,,,,,,,,,,,,,
2023,2021013412,2023-09-06,1400196.0,宗 佑磨,6.0,三,11,1.0,1.0,4.0,3.0,0.0,0.0,0.0,0.0,0.0,0.0,0.0,,1.0,1.0,0.0,0.0,0.0,0.0,,,,,,,,,,,,,,,,,,,,,,,
2023,2021013412,2023-09-06,1400197.0,佐野 皓大,41.0,走右,11,1.0,0.0,1.0,1.0,1.0,0.0,0.0,0.0,0.0,0.0,0.0,,0.0,1.0,0.0,0.0,0.0,0.0,,,,,,,,,,,,,,,,,,,,,,,
2023,2021013412,2023-09-06,1400201.0,西野 真弘,5.0,二,11,1.0,1.0,4.0,3.0,0.0,1.0,0.0,0.0,0.0,0.0,0.0,,1.0,0.0,0.0,0.0,0.0,0.0,,,,,,,,,,,,,,,,,,,,,,,
2023,2021013412,2023-09-06,1400202.0,小田 裕也,50.0,走左,11,1.0,0.0,0.0,0.0,0.0,0.0,0.0,0.0,0.0,0.0,0.0,,0.0,0.0,0.0,0.0,0.0,0.0,,,,,,,,,,,,,,,,,,,,,,,
2023,2021013412,2023-09-06,1500102.0,愛斗,53.0,中,7,1.0,1.0,4.0,4.0,0.0,0.0,0.0,0.0,0.0,0.0,0.0,,0.0,1.0,0.0,0.0,0.0,0.0,,,,,,,,,,,,,,,,,,,,,,,
2023,2021013412,2023-09-06,1500127.0,近藤 大亮,20.0,,11,,,,,,,,,,,,,,,,,,,3.0,1.0,0.0,0.0,1.0,5.23,1.0,1.0,,,0.0,0.0,0.0,0.0,0.0,,2.0,1.0,0.0,,4.0,26.0,
2023,2021013412,2023-09-06,1500135.0,杉本 裕太郎,99.0,指,11,1.0,1.0,4.0,4.0,0.0,1.0,0.0,0.0,0.0,0.0,0.0,,0.0,1.0,0.0,0.0,0.0,0.0,,,,,,,,,,,,,,,,,,,,,,,
2023,2021013412,2023-09-06,1600127.0,今井 達也,48.0,,7,,,,,,,,,,,,,,,,,,,1.0,1.0,,8.0,4.0,2.35,7.333333333333333,7.1,,,0.0,4.0,3.0,1.0,0.0,,4.0,9.0,2.0,,31.0,131.0,
2023,2021013412,2023-09-06,1600129.0,源田 壮亮,6.0,遊,7,1.0,1.0,5.0,3.0,1.0,2.0,0.0,0.0,0.0,0.0,0.0,,2.0,0.0,0.0,0.0,0.0,0.0,,,,,,,,,,,,,,,,,,,,,,,
2023,2021013412,2023-09-06,1600131.0,平井 克典,25.0,,7,,,,,,,,,,,,,,,,,,,3.0,1.0,0.0,3.0,3.0,2.72,0.3333333333333333,0.1,,,0.0,0.0,0.0,0.0,0.0,,0.0,0.0,0.0,,1.0,4.0,
2023,2021013412,2023-09-06,1600151.0,黒木 優太,54.0,,11,,,,,,,,,,,,,,,,,,,1.0,1.0,,1.0,4.0,4.26,3.0,3.0,,,0.0,3.0,1.0,1.0,0.0,,2.0,2.0,0.0,,13.0,64.0,
2023,2021013412,2023-09-06,1700112.0,本田 仁海,46.0,,11,,,,,,,,,,,,,,,,,,,2.0,1.0,0.0,2.0,1.0,6.34,3.0,3.0,,,0.0,4.0,2.0,2.0,1.0,,0.0,2.0,0.0,,13.0,43.0,
2023,2021013412,2023-09-06,1700116.0,山足 達也,36.0,走,11,1.0,0.0,0.0,0.0,0.0,0.0,0.0,0.0,0.0,0.0,1.0,,0.0,0.0,0.0,0.0,0.0,0.0,,,,,,,,,,,,,,,,,,,,,,,
2023,2021013412,2023-09-06,1700122.0,西川 愛也,51.0,左,7,1.0,1.0,3.0,1.0,0.0,0.0,0.0,0.0,0.0,0.0,0.0,,1.0,0.0,0.0,1.0,0.0,0.0,,,,,,,,,,,,,,,,,,,,,,,
2023,2021013412,2023-09-06,1750472.0,古賀 悠斗,22.0,捕,7,1.0,1.0,4.0,3.0,1.0,1.0,1.0,0.0,0.0,0.0,0.0,,0.0,0.0,1.0,0.0,0.0,0.0,,,,,,,,,,,,,,,,,,,,,,,
2023,2021013412,2023-09-06,1800086.0,佐藤 龍世,58.0,三,7,1.0,1.0,5.0,4.0,0.0,2.0,0.0,0.0,0.0,0.0,0.0,,1.0,1.0,0.0,0.0,0.0,1.0,,,,,,,,,,,,,,,,,,,,,,,
2023,2021013412,2023-09-06,1800099.0,頓宮 裕真,44.0,一,11,1.0,1.0,4.0,4.0,0.0,2.0,0.0,0.0,0.0,0.0,0.0,,0.0,0.0,0.0,0.0,0.0,0.0,,,,,,,,,,,,,,,,,,,,,,,
2023,2021013412,2023-09-06,1800102.0,宜保 翔,53.0,打二,11,1.0,0.0,2.0,2.0,1.0,0.0,0.0,0.0,0.0,0.0,0.0,,0.0,0.0,0.0,0.0,0.0,0.0,,,,,,,,,,,,,,,,,,,,,,,
2023,2021013412,2023-09-06,1800104.0,中川 圭太,67.0,中,11,1.0,1.0,4.0,2.0,1.0,0.0,0.0,0.0,0.0,0.0,0.0,,0.0,1.0,2.0,0.0,0.0,0.0,,,,,,,,,,,,,,,,,,,,,,,
2023,2021013412,2023-09-06,1850820.0,蛭間 拓哉,9.0,右,7,1.0,1.0,5.0,4.0,0.0,0.0,0.0,0.0,0.0,0.0,0.0,,0.0,2.0,0.0,1.0,0.0,0.0,,,,,,,,,,,,,,,,,,,,,,,
2023,2021013412,2023-09-06,1900068.0,岸 潤一郎,68.0,左,7,1.0,0.0,0.0,0.0,0.0,0.0,0.0,0.0,0.0,0.0,0.0,,0.0,0.0,0.0,0.0,0.0,0.0,,,,,,,,,,,,,,,,,,,,,,,
2023,2021013412,2023-09-06,1900088.0,紅林 弘太郎,24.0,遊,11,1.0,1.0,4.0,4.0,0.0,0.0,0.0,0.0,0.0,0.0,0.0,,0.0,2.0,0.0,0.0,0.0,0.0,,,,,,,,,,,,,,,,,,,,,,,
2023,2021013412,2023-09-06,2000067.0,渡部 健人,8.0,一,7,1.0,1.0,5.0,4.0,0.0,0.0,0.0,0.0,0.0,1.0,0.0,,1.0,1.0,0.0,0.0,0.0,0.0,,,,,,,,,,,,,,,,,,,,,,,
2023,2021013412,2023-09-06,2000078.0,水上 由伸,69.0,,7,,,,,,,,,,,,,,,,,,,2.0,1.0,0.0,0.0,1.0,0.77,0.3333333333333333,0.1,,,0.0,0.0,0.0,0.0,0.0,,0.0,0.0,0.0,,2.0,8.0,
2023,2021013412,2023-09-06,2000104.0,宇田川 優希,96.0,,11,,,,,,,,,,,,,,,,,,,5.0,1.0,0.0,3.0,0.0,2.0,1.0,1.0,,,2.0,1.0,0.0,0.0,0.0,,2.0,0.0,0.0,,6.0,21.0,
2023,2021013412,2023-09-06,2050254.0,池田 陵真,39.0,左,11,1.0,1.0,3.0,2.0,0.0,0.0,0.0,0.0,0.0,0.0,0.0,,1.0,1.0,0.0,0.0,0.0,0.0,,,,,,,,,,,,,,,,,,,,,,,
2023,2021013412,2023-09-06,2060016.0,クリスキー,99.0,,7,,,,,,,,,,,,,,,,,,,4.0,1.0,0.0,0.0,0.0,0.0,1.0,1.0,,,3.0,0.0,0.0,0.0,0.0,,1.0,1.0,0.0,,4.0,19.0,
2023,2021013412,2023-09-06,2107897.0,茶野 篤政,61.0,右,11,1.0,1.0,3.0,3.0,0.0,0.0,0.0,0.0,0.0,0.0,0.0,,0.0,2.0,0.0,0.0,0.0,0.0,,,,,,,,,,,,,,,,,,,,,,,
2023,2021013413,2023-09-06,900081.0,西野 勇士,29.0,,9,,,,,,,,,,,,,,,,,,,1.0,1.0,,8.0,4.0,2.81,7.0,7.0,,,0.0,7.0,3.0,3.0,0.0,,2.0,6.0,0.0,,29.0,88.0,
2023,2021013413,2023-09-06,1000014.0,荻野 貴司,0.0,右,9,1.0,1.0,4.0,4.0,0.0,1.0,0.0,0.0,0.0,0.0,0.0,,0.0,0.0,0.0,0.0,0.0,0.0,,,,,,,,,,,,,,,,,,,,,,,
2023,2021013413,2023-09-06,1000035.0,今宮 健太,6.0,遊,12,1.0,1.0,4.0,3.0,0.0,0.0,0.0,0.0,0.0,1.0,0.0,,0.0,1.0,0.0,0.0,1.0,0.0,,,,,,,,,,,,,,,,,,,,,,,
2023,2021013413,2023-09-06,1000128.0,柳田 悠岐,9.0,右,12,1.0,1.0,4.0,4.0,1.0,2.0,0.0,0.0,0.0,0.0,0.0,,0.0,1.0,0.0,0.0,0.0,0.0,,,,,,,,,,,,,,,,,,,,,,,
2023,2021013413,2023-09-06,1000176.0,甲斐 拓也,19.0,捕,12,1.0,1.0,3.0,2.0,0.0,0.0,0.0,0.0,0.0,0.0,0.0,,0.0,1.0,0.0,1.0,0.0,0.0,,,,,,,,,,,,,,,,,,,,,,,
2023,2021013413,2023-09-06,1100097.0,近藤 健介,3.0,中左,12,1.0,1.0,4.0,3.0,0.0,0.0,0.0,0.0,0.0,1.0,0.0,,1.0,2.0,0.0,0.0,0.0,0.0,,,,,,,,,,,,,,,,,,,,,,,
2023,2021013413,2023-09-06,1200096.0,田村 龍弘,27.0,捕,9,1.0,1.0,3.0,2.0,0.0,0.0,0.0,0.0,0.0,0.0,0.0,,0.0,1.0,1.0,0.0,0.0,0.0,,,,,,,,,,,,,,,,,,,,,,,
2023,2021013413,2023-09-06,1300079.0,上林 誠知,51.0,右,12,1.0,0.0,0.0,0.0,0.0,0.0,0.0,0.0,0.0,0.0,0.0,,0.0,0.0,0.0,0.0,0.0,0.0,,,,,,,,,,,,,,,,,,,,,,,
2023,2021013413,2023-09-06,1400117.0,有原 航平,17.0,,12,,,,,,,,,,,,,,,,,,,1.0,1.0,,7.0,4.0,2.61,8.0,8.0,,,0.0,4.0,0.0,0.0,0.0,,0.0,5.0,1.0,,28.0,105.0,
2023,2021013413,2023-09-06,1400188.0,中村 奨吾,8.0,二,9,1.0,1.0,4.0,4.0,0.0,0.0,0.0,0.0,0.0,0.0,0.0,,0.0,1.0,0.0,0.0,0.0,0.0,,,,,,,,,,,,,,,,,,,,,,,
2023,2021013413,2023-09-06,1460080.0,ポランコ,22.0,指,9,1.0,1.0,4.0,4.0,0.0,1.0,0.0,0.0,0.0,0.0,0.0,,0.0,0.0,0.0,0.0,0.0,0.0,,,,,,,,,,,,,,,,,,,,,,,
2023,2021013413,2023-09-06,1500143.0,川瀬 晃,0.0,一,12,1.0,0.0,0.0,0.0,0.0,0.0,0.0,0.0,0.0,0.0,0.0,,0.0,0.0,0.0,0.0,0.0,0.0,,,,,,,,,,,,,,,,,,,,,,,
2023,2021013413,2023-09-06,1560184.0,オスナ,54.0,,12,,,,,,,,,,,,,,,,,,,2.0,1.0,0.0,3.0,1.0,0.66,1.0,1.0,,,21.0,0.0,0.0,0.0,0.0,,0.0,1.0,0.0,,3.0,14.0,
2023,2021013413,2023-09-06,1600167.0,三森 大貴,13.0,二,12,1.0,1.0,4.0,4.0,1.0,1.0,0.0,0.0,0.0,0.0,0.0,,0.0,1.0,0.0,0.0,0.0,0.0,,,,,,,,,,,,,,,,,,,,,,,
2023,2021013413,2023-09-06,1700092.0,安田 尚憲,5.0,三,9,1.0,1.0,3.0,3.0,0.0,0.0,0.0,0.0,0.0,0.0,0.0,,0.0,1.0,0.0,0.0,0.0,0.0,,,,,,,,,,,,,,,,,,,,,,,
2023,2021013413,2023-09-06,1700093.0,藤岡 裕大,4.0,遊,9,1.0,1.0,4.0,4.0,0.0,1.0,0.0,0.0,0.0,0.0,0.0,,0.0,1.0,0.0,0.0,0.0,0.0,,,,,,,,,,,,,,,,,,,,,,,
2023,2021013413,2023-09-06,1700135.0,周東 佑京,23.0,三中,12,1.0,1.0,4.0,3.0,0.0,1.0,0.0,0.0,0.0,1.0,0.0,,1.0,1.0,0.0,0.0,0.0,0.0,,,,,,,,,,,,,,,,,,,,,,,
2023,2021013413,2023-09-06,1800050.0,藤原 恭大,1.0,中,9,1.0,1.0,3.0,3.0,0.0,0.0,0.0,0.0,0.0,0.0,0.0,,0.0,1.0,0.0,0.0,0.0,0.0,,,,,,,,,,,,,,,,,,,,,,,
2023,2021013413,2023-09-06,1800053.0,山口 航輝,51.0,左,9,1.0,1.0,3.0,3.0,0.0,1.0,0.0,0.0,0.0,0.0,0.0,,0.0,1.0,0.0,0.0,0.0,0.0,,,,,,,,,,,,,,,,,,,,,,,
2023,2021013413,2023-09-06,1800054.0,中村 稔弥,48.0,,9,,,,,,,,,,,,,,,,,,,2.0,1.0,0.0,1.0,1.0,3.14,1.0,1.0,,,0.0,0.0,0.0,0.0,0.0,,1.0,1.0,0.0,,4.0,20.0,
2023,2021013413,2023-09-06,1900081.0,佐藤 都志也,32.0,一,9,1.0,1.0,3.0,3.0,0.0,0.0,0.0,0.0,0.0,0.0,0.0,,0.0,0.0,0.0,0.0,0.0,0.0,,,,,,,,,,,,,,,,,,,,,,,
2023,2021013413,2023-09-06,1900104.0,柳町 達,32.0,左,12,1.0,1.0,4.0,3.0,0.0,1.0,0.0,0.0,0.0,0.0,0.0,,1.0,0.0,0.0,0.0,0.0,0.0,,,,,,,,,,,,,,,,,,,,,,,
2023,2021013413,2023-09-06,2000089.0,小川 龍成,57.0,右,9,1.0,0.0,0.0,0.0,0.0,0.0,0.0,0.0,0.0,0.0,0.0,,0.0,0.0,0.0,0.0,0.0,0.0,,,,,,,,,,,,,,,,,,,,,,,
2023,2021013413,2023-09-06,2000108.0,井上 朋也,43.0,一,12,1.0,1.0,3.0,3.0,1.0,2.0,0.0,0.0,0.0,0.0,0.0,,0.0,0.0,0.0,0.0,0.0,0.0,,,,,,,,,,,,,,,,,,,,,,,
2023,2021013413,2023-09-06,2104035.0,野村 勇,99.0,走三,12,1.0,0.0,0.0,0.0,0.0,0.0,0.0,0.0,0.0,0.0,1.0,,0.0,0.0,0.0,0.0,0.0,0.0,,,,,,,,,,,,,,,,,,,,,,,
2023,2021013413,2023-09-06,2107661.0,生海,37.0,指,12,1.0,1.0,3.0,3.0,0.0,0.0,0.0,0.0,0.0,0.0,0.0,,0.0,0.0,0.0,0.0,0.0,0.0,,,,,,,,,,,,,,,,,,,,,,,
2023,2021013414,2023-09-07,400021.0,青木 宣親,23.0,打,2,1.0,0.0,1.0,1.0,0.0,0.0,0.0,0.0,0.0,0.0,0.0,,0.0,0.0,0.0,0.0,0.0,0.0,,,,,,,,,,,,,,,,,,,,,,,
2023,2021013414,2023-09-07,600011.0,川端 慎吾,5.0,打,2,1.0,0.0,1.0,0.0,0.0,0.0,0.0,0.0,0.0,0.0,0.0,,1.0,0.0,0.0,0.0,0.0,0.0,,,,,,,,,,,,,,,,,,,,,,,
2023,2021013414,2023-09-07,700003.0,坂本 勇人,6.0,三,1,1.0,1.0,4.0,4.0,1.0,2.0,0.0,0.0,1.0,2.0,0.0,,0.0,0.0,0.0,0.0,0.0,0.0,,,,,,,,,,,,,,,,,,,,,,,
2023,2021013414,2023-09-07,700027.0,梶谷 隆幸,13.0,右,1,1.0,1.0,4.0,4.0,1.0,1.0,0.0,0.0,0.0,0.0,0.0,,0.0,1.0,0.0,0.0,0.0,0.0,,,,,,,,,,,,,,,,,,,,,,,
2023,2021013414,2023-09-07,800043.0,丸 佳浩,8.0,中,1,1.0,1.0,4.0,2.0,1.0,0.0,0.0,0.0,0.0,1.0,0.0,,1.0,1.0,0.0,0.0,1.0,0.0,,,,,,,,,,,,,,,,,,,,,,,
2023,2021013414,2023-09-07,900397.0,長野 久義,7.0,左,1,1.0,1.0,4.0,4.0,0.0,1.0,1.0,0.0,0.0,0.0,0.0,,0.0,1.0,0.0,0.0,0.0,0.0,,,,,,,,,,,,,,,,,,,,,,,
2023,2021013414,2023-09-07,1000132.0,山田 哲人,1.0,二,2,1.0,1.0,4.0,3.0,1.0,1.0,1.0,0.0,0.0,0.0,0.0,,1.0,1.0,0.0,0.0,0.0,0.0,,,,,,,,,,,,,,,,,,,,,,,
2023,2021013414,2023-09-07,1300045.0,高梨 裕稔,14.0,投,2,1.0,0.0,0.0,0.0,0.0,0.0,0.0,0.0,0.0,0.0,0.0,,0.0,0.0,0.0,0.0,0.0,0.0,2.0,1.0,0.0,0.0,3.0,6.37,2.0,2.0,,,0.0,2.0,2.0,2.0,1.0,,0.0,3.0,0.0,,8.0,30.0,
2023,2021013414,2023-09-07,1400101.0,岡本 和真,25.0,一,1,1.0,1.0,4.0,4.0,2.0,2.0,0.0,0.0,1.0,2.0,0.0,,0.0,2.0,0.0,0.0,0.0,0.0,,,,,,,,,,,,,,,,,,,,,,,
2023,2021013414,2023-09-07,1450689.0,船迫 大雅,58.0,投,1,1.0,0.0,0.0,0.0,0.0,0.0,0.0,0.0,0.0,0.0,0.0,,0.0,0.0,0.0,0.0,0.0,0.0,2.0,1.0,0.0,2.0,1.0,2.82,0.6666666666666666,0.2,,,0.0,1.0,0.0,0.0,0.0,,0.0,0.0,0.0,,3.0,9.0,
2023,2021013414,2023-09-07,1500042.0,高橋 奎二,47.0,投,2,1.0,1.0,2.0,2.0,0.0,0.0,0.0,0.0,0.0,0.0,0.0,,0.0,2.0,0.0,0.0,0.0,0.0,1.0,1.0,,4.0,8.0,4.62,7.0,7.0,,,0.0,4.0,3.0,3.0,1.0,,2.0,4.0,0.0,,26.0,90.0,
2023,2021013414,2023-09-07,1500052.0,中川 皓太,41.0,投,1,1.0,0.0,0.0,0.0,0.0,0.0,0.0,0.0,0.0,0.0,0.0,,0.0,0.0,0.0,0.0,0.0,0.0,5.0,1.0,0.0,1.0,3.0,1.98,1.0,1.0,,,11.0,1.0,0.0,0.0,0.0,,0.0,1.0,0.0,,4.0,9.0,
2023,2021013414,2023-09-07,1600059.0,吉川 尚輝,2.0,二,1,1.0,1.0,4.0,4.0,0.0,0.0,0.0,0.0,0.0,0.0,0.0,,0.0,0.0,0.0,0.0,0.0,0.0,,,,,,,,,,,,,,,,,,,,,,,
2023,2021013414,2023-09-07,1600100.0,高梨 雄平,53.0,投,1,1.0,0.0,0.0,0.0,0.0,0.0,0.0,0.0,0.0,0.0,0.0,,0.0,0.0,0.0,0.0,0.0,0.0,3.0,1.0,0.0,2.0,1.0,4.22,0.0,0.0,,,0.0,0.0,0.0,0.0,0.0,,2.0,0.0,0.0,,2.0,10.0,
2023,2021013414,2023-09-07,1650522.0,丸山 和郁,4.0,走中,2,1.0,0.0,0.0,0.0,0.0,0.0,0.0,0.0,0.0,0.0,0.0,,0.0,0.0,0.0,0.0,0.0,0.0,,,,,,,,,,,,,,,,,,,,,,,
2023,2021013414,2023-09-07,1651302.0,岡田 悠希,38.0,左,1,1.0,0.0,0.0,0.0,0.0,0.0,0.0,0.0,0.0,0.0,0.0,,0.0,0.0,0.0,0.0,0.0,0.0,,,,,,,,,,,,,,,,,,,,,,,
2023,2021013414,2023-09-07,1700043.0,岸田 行倫,27.0,捕,1,1.0,1.0,3.0,3.0,0.0,0.0,0.0,0.0,0.0,0.0,0.0,,0.0,0.0,0.0,0.0,0.0,0.0,,,,,,,,,,,,,,,,,,,,,,,
2023,2021013414,2023-09-07,1700044.0,大城 卓三,24.0,捕,1,1.0,0.0,1.0,1.0,0.0,0.0,0.0,0.0,0.0,0.0,0.0,,0.0,0.0,0.0,0.0,0.0,0.0,,,,,,,,,,,,,,,,,,,,,,,
2023,2021013414,2023-09-07,1700045.0,北村 拓己,52.0,打三,1,1.0,0.0,1.0,1.0,0.0,0.0,0.0,0.0,0.0,0.0,0.0,,0.0,1.0,0.0,0.0,0.0,0.0,,,,,,,,,,,,,,,,,,,,,,,
2023,2021013414,2023-09-07,1700084.0,村上 宗隆,55.0,三,2,1.0,1.0,4.0,3.0,0.0,1.0,1.0,0.0,0.0,1.0,0.0,,1.0,0.0,0.0,0.0,0.0,0.0,,,,,,,,,,,,,,,,,,,,,,,
2023,2021013414,2023-09-07,1700089.0,宮本 丈,39.0,打,2,1.0,0.0,1.0,1.0,0.0,0.0,0.0,0.0,0.0,0.0,0.0,,0.0,0.0,0.0,0.0,0.0,0.0,,,,,,,,,,,,,,,,,,,,,,,
2023,2021013414,2023-09-07,1700090.0,松本 直樹,32.0,捕,2,1.0,1.0,2.0,2.0,0.0,0.0,0.0,0.0,0.0,0.0,0.0,,0.0,0.0,0.0,0.0,0.0,0.0,,,,,,,,,,,,,,,,,,,,,,,
2023,2021013414,2023-09-07,1750800.0,澤井 廉,42.0,左,2,1.0,1.0,3.0,3.0,0.0,2.0,0.0,0.0,0.0,0.0,0.0,,0.0,1.0,0.0,0.0,0.0,0.0,,,,,,,,,,,,,,,,,,,,,,,
2023,2021013414,2023-09-07,1800036.0,濱田 太貴,51.0,打,2,1.0,0.0,1.0,1.0,0.0,1.0,0.0,0.0,0.0,0.0,0.0,,0.0,0.0,0.0,0.0,0.0,0.0,,,,,,,,,,,,,,,,,,,,,,,
2023,2021013414,2023-09-07,1900028.0,長岡 秀樹,7.0,遊,2,1.0,1.0,4.0,4.0,0.0,1.0,1.0,0.0,0.0,0.0,0.0,,0.0,2.0,0.0,0.0,0.0,0.0,,,,,,,,,,,,,,,,,,,,,,,
2023,2021013414,2023-09-07,2000026.0,内山 壮真,33.0,中捕,2,1.0,1.0,4.0,3.0,0.0,0.0,0.0,0.0,0.0,0.0,0.0,,1.0,0.0,0.0,0.0,0.0,0.0,,,,,,,,,,,,,,,,,,,,,,,
2023,2021013414,2023-09-07,2000031.0,赤羽 由紘,71.0,走中二,2,1.0,0.0,1.0,1.0,0.0,0.0,0.0,0.0,0.0,0.0,0.0,,0.0,1.0,0.0,0.0,0.0,0.0,,,,,,,,,,,,,,,,,,,,,,,
2023,2021013414,2023-09-07,2000133.0,オスナ,13.0,一,2,1.0,1.0,4.0,4.0,1.0,1.0,0.0,0.0,1.0,1.0,0.0,,0.0,0.0,0.0,0.0,0.0,0.0,,,,,,,,,,,,,,,,,,,,,,,
2023,2021013414,2023-09-07,2000135.0,サンタナ,25.0,右,2,1.0,1.0,4.0,4.0,0.0,0.0,0.0,0.0,0.0,0.0,0.0,,0.0,0.0,0.0,0.0,0.0,0.0,,,,,,,,,,,,,,,,,,,,,,,
2023,2021013414,2023-09-07,2103689.0,赤星 優志,31.0,投,1,1.0,1.0,2.0,1.0,0.0,0.0,0.0,0.0,0.0,0.0,0.0,,1.0,1.0,0.0,0.0,0.0,0.0,1.0,1.0,,3.0,4.0,4.18,6.0,6.0,,,0.0,5.0,2.0,2.0,1.0,,1.0,6.0,0.0,,23.0,89.0,
2023,2021013414,2023-09-07,2103705.0,菊地 大稀,96.0,投,1,1.0,0.0,0.0,0.0,0.0,0.0,0.0,0.0,0.0,0.0,0.0,,0.0,0.0,0.0,0.0,0.0,0.0,4.0,1.0,0.0,4.0,3.0,3.35,1.3333333333333333,1.1,,,0.0,0.0,0.0,0.0,0.0,,1.0,0.0,0.0,,4.0,22.0,
2023,2021013414,2023-09-07,2107874.0,門脇 誠,35.0,遊,1,1.0,1.0,3.0,3.0,0.0,0.0,0.0,0.0,0.0,0.0,0.0,,0.0,0.0,0.0,0.0,0.0,0.0,,,,,,,,,,,,,,,,,,,,,,,
2023,2021013415,2023-09-07,700050.0,會澤 翼,27.0,捕,6,1.0,1.0,3.0,3.0,0.0,0.0,0.0,0.0,0.0,0.0,0.0,,0.0,0.0,0.0,0.0,0.0,0.0,,,,,,,,,,,,,,,,,,,,,,,
2023,2021013415,2023-09-07,800041.0,松山 竜平,55.0,打,6,1.0,0.0,1.0,1.0,0.0,0.0,0.0,0.0,0.0,0.0,0.0,,0.0,1.0,0.0,0.0,0.0,0.0,,,,,,,,,,,,,,,,,,,,,,,
2023,2021013415,2023-09-07,900430.0,堂林 翔太,7.0,左,6,1.0,1.0,4.0,4.0,0.0,3.0,0.0,0.0,0.0,0.0,1.0,,0.0,0.0,0.0,0.0,0.0,0.0,,,,,,,,,,,,,,,,,,,,,,,
2023,2021013415,2023-09-07,1000098.0,磯村 嘉孝,40.0,打,6,1.0,0.0,1.0,1.0,0.0,0.0,0.0,0.0,0.0,0.0,0.0,,0.0,0.0,0.0,0.0,0.0,0.0,,,,,,,,,,,,,,,,,,,,,,,
2023,2021013415,2023-09-07,1000116.0,中崎 翔太,21.0,投,6,1.0,0.0,0.0,0.0,0.0,0.0,0.0,0.0,0.0,0.0,0.0,,0.0,0.0,0.0,0.0,0.0,0.0,3.0,1.0,0.0,1.0,0.0,2.22,1.0,1.0,,,0.0,0.0,0.0,0.0,0.0,,0.0,1.0,0.0,,3.0,15.0,
2023,2021013415,2023-09-07,1100061.0,桑原 将志,1.0,中,3,1.0,1.0,4.0,4.0,2.0,2.0,0.0,0.0,2.0,2.0,0.0,,0.0,0.0,0.0,0.0,0.0,0.0,,,,,,,,,,,,,,,,,,,,,,,
2023,2021013415,2023-09-07,1200053.0,宮崎 敏郎,51.0,三,3,1.0,1.0,4.0,4.0,0.0,0.0,0.0,0.0,0.0,0.0,0.0,,0.0,0.0,0.0,0.0,0.0,0.0,,,,,,,,,,,,,,,,,,,,,,,
2023,2021013415,2023-09-07,1300038.0,関根 大気,63.0,右左,3,1.0,1.0,4.0,4.0,0.0,0.0,0.0,0.0,0.0,0.0,0.0,,0.0,0.0,0.0,0.0,0.0,0.0,,,,,,,,,,,,,,,,,,,,,,,
2023,2021013415,2023-09-07,1300059.0,田中 広輔,2.0,三,6,1.0,0.0,1.0,1.0,0.0,0.0,0.0,0.0,0.0,0.0,0.0,,0.0,1.0,0.0,0.0,0.0,0.0,,,,,,,,,,,,,,,,,,,,,,,
2023,2021013415,2023-09-07,1300082.0,曽根 海成,0.0,二,6,1.0,0.0,0.0,0.0,0.0,0.0,0.0,0.0,0.0,0.0,0.0,,0.0,0.0,0.0,0.0,0.0,0.0,,,,,,,,,,,,,,,,,,,,,,,
2023,2021013415,2023-09-07,1300095.0,西浦 直亨,39.0,三,3,1.0,0.0,0.0,0.0,0.0,0.0,0.0,0.0,0.0,0.0,0.0,,0.0,0.0,0.0,0.0,0.0,0.0,,,,,,,,,,,,,,,,,,,,,,,
2023,2021013415,2023-09-07,1400173.0,野間 峻祥,37.0,中,6,1.0,1.0,4.0,4.0,0.0,1.0,0.0,0.0,0.0,0.0,0.0,,0.0,0.0,0.0,0.0,0.0,0.0,,,,,,,,,,,,,,,,,,,,,,,
2023,2021013415,2023-09-07,1460004.0,デビッドソン,95.0,三一,6,1.0,1.0,4.0,4.0,0.0,0.0,0.0,0.0,0.0,0.0,0.0,,0.0,0.0,0.0,0.0,0.0,0.0,,,,,,,,,,,,,,,,,,,,,,,
2023,2021013415,2023-09-07,1500063.0,柴田 竜拓,31.0,遊,3,1.0,1.0,3.0,2.0,0.0,0.0,0.0,0.0,0.0,0.0,0.0,,1.0,1.0,0.0,0.0,0.0,0.0,,,,,,,,,,,,,,,,,,,,,,,
2023,2021013415,2023-09-07,1600089.0,佐野 恵太,7.0,左,3,1.0,1.0,4.0,4.0,0.0,1.0,1.0,0.0,0.0,0.0,0.0,,0.0,2.0,0.0,0.0,0.0,0.0,,,,,,,,,,,,,,,,,,,,,,,
2023,2021013415,2023-09-07,1700020.0,ソト,99.0,一,3,1.0,1.0,4.0,3.0,0.0,0.0,0.0,0.0,0.0,1.0,0.0,,0.0,0.0,0.0,0.0,1.0,0.0,,,,,,,,,,,,,,,,,,,,,,,
2023,2021013415,2023-09-07,1700058.0,東 克樹,11.0,投,3,1.0,1.0,3.0,2.0,0.0,1.0,0.0,0.0,0.0,0.0,0.0,,1.0,0.0,0.0,0.0,0.0,0.0,1.0,1.0,,13.0,2.0,2.11,9.0,9.0,,,0.0,8.0,1.0,1.0,1.0,,0.0,8.0,0.0,,33.0,116.0,
2023,2021013415,2023-09-07,1700066.0,山本 祐大,50.0,捕,3,1.0,1.0,4.0,4.0,0.0,0.0,0.0,0.0,0.0,0.0,0.0,,0.0,1.0,0.0,0.0,0.0,0.0,,,,,,,,,,,,,,,,,,,,,,,
2023,2021013415,2023-09-07,1700072.0,遠藤 淳志,66.0,投,6,1.0,1.0,2.0,2.0,0.0,0.0,0.0,0.0,0.0,0.0,0.0,,0.0,2.0,0.0,0.0,0.0,0.0,1.0,1.0,,1.0,5.0,3.58,7.0,7.0,,,0.0,4.0,2.0,2.0,1.0,,2.0,4.0,0.0,,27.0,115.0,
2023,2021013415,2023-09-07,1800072.0,小園 海斗,51.0,二遊,6,1.0,1.0,4.0,4.0,0.0,1.0,0.0,0.0,0.0,0.0,0.0,,0.0,0.0,0.0,0.0,0.0,0.0,,,,,,,,,,,,,,,,,,,,,,,
2023,2021013415,2023-09-07,1800078.0,羽月 隆太郎,69.0,走,6,1.0,0.0,0.0,0.0,0.0,0.0,0.0,0.0,0.0,0.0,1.0,,0.0,0.0,0.0,0.0,0.0,0.0,,,,,,,,,,,,,,,,,,,,,,,
2023,2021013415,2023-09-07,1860147.0,アンダーソン,42.0,投,6,1.0,0.0,0.0,0.0,0.0,0.0,0.0,0.0,0.0,0.0,0.0,,0.0,0.0,0.0,0.0,0.0,0.0,2.0,1.0,0.0,4.0,1.0,2.58,1.0,1.0,,,0.0,1.0,1.0,1.0,1.0,,0.0,1.0,0.0,,4.0,21.0,
2023,2021013415,2023-09-07,1900035.0,蝦名 達夫,61.0,右,3,1.0,0.0,0.0,0.0,0.0,0.0,0.0,0.0,0.0,0.0,0.0,,0.0,0.0,0.0,0.0,0.0,0.0,,,,,,,,,,,,,,,,,,,,,,,
2023,2021013415,2023-09-07,1961166.0,マクブルーム,10.0,一,6,1.0,1.0,3.0,3.0,0.0,1.0,0.0,0.0,0.0,0.0,0.0,,0.0,1.0,0.0,0.0,0.0,0.0,,,,,,,,,,,,,,,,,,,,,,,
2023,2021013415,2023-09-07,2000035.0,牧 秀悟,2.0,二,3,1.0,1.0,4.0,4.0,1.0,1.0,1.0,0.0,0.0,0.0,0.0,,0.0,2.0,0.0,0.0,0.0,0.0,,,,,,,,,,,,,,,,,,,,,,,
2023,2021013415,2023-09-07,2000065.0,矢野 雅哉,61.0,遊,6,1.0,1.0,3.0,3.0,0.0,1.0,0.0,0.0,0.0,0.0,0.0,,0.0,2.0,0.0,0.0,0.0,0.0,,,,,,,,,,,,,,,,,,,,,,,
2023,2021013415,2023-09-07,2103768.0,末包 昇大,52.0,右,6,1.0,1.0,3.0,3.0,1.0,1.0,0.0,0.0,1.0,1.0,0.0,,0.0,1.0,0.0,0.0,0.0,0.0,,,,,,,,,,,,,,,,,,,,,,,
2023,2021013416,2023-09-07,700087.0,角中 勝也,3.0,左,9,1.0,1.0,4.0,4.0,1.0,2.0,2.0,0.0,0.0,0.0,0.0,,0.0,0.0,0.0,0.0,0.0,0.0,,,,,,,,,,,,,,,,,,,,,,,
2023,2021013416,2023-09-07,800081.0,中村 晃,7.0,一,12,1.0,1.0,4.0,4.0,0.0,1.0,0.0,1.0,0.0,2.0,0.0,,0.0,0.0,0.0,0.0,0.0,0.0,,,,,,,,,,,,,,,,,,,,,,,
2023,2021013416,2023-09-07,1000014.0,荻野 貴司,0.0,右,9,1.0,1.0,5.0,5.0,0.0,1.0,0.0,0.0,0.0,0.0,0.0,,0.0,0.0,0.0,0.0,0.0,0.0,,,,,,,,,,,,,,,,,,,,,,,
2023,2021013416,2023-09-07,1000035.0,今宮 健太,6.0,遊,12,1.0,1.0,4.0,4.0,1.0,2.0,0.0,0.0,0.0,1.0,0.0,,0.0,0.0,0.0,0.0,0.0,0.0,,,,,,,,,,,,,,,,,,,,,,,
2023,2021013416,2023-09-07,1000128.0,柳田 悠岐,9.0,右,12,1.0,1.0,4.0,4.0,1.0,2.0,1.0,0.0,1.0,2.0,0.0,,0.0,0.0,0.0,0.0,0.0,0.0,,,,,,,,,,,,,,,,,,,,,,,
2023,2021013416,2023-09-07,1000176.0,甲斐 拓也,19.0,捕,12,1.0,0.0,1.0,1.0,0.0,0.0,0.0,0.0,0.0,0.0,0.0,,0.0,0.0,0.0,0.0,0.0,0.0,,,,,,,,,,,,,,,,,,,,,,,
2023,2021013416,2023-09-07,1100097.0,近藤 健介,3.0,指,12,1.0,1.0,4.0,2.0,1.0,2.0,0.0,0.0,0.0,0.0,0.0,,2.0,0.0,0.0,0.0,0.0,0.0,,,,,,,,,,,,,,,,,,,,,,,
2023,2021013416,2023-09-07,1200096.0,田村 龍弘,27.0,捕,9,1.0,1.0,3.0,3.0,0.0,0.0,0.0,0.0,0.0,0.0,0.0,,0.0,1.0,0.0,0.0,0.0,0.0,,,,,,,,,,,,,,,,,,,,,,,
2023,2021013416,2023-09-07,1200106.0,東浜 巨,16.0,,12,,,,,,,,,,,,,,,,,,,1.0,1.0,,6.0,7.0,4.52,5.0,5.0,,,0.0,7.0,3.0,3.0,1.0,,0.0,3.0,0.0,,22.0,91.0,
2023,2021013416,2023-09-07,1300063.0,又吉 克樹,14.0,,12,,,,,,,,,,,,,,,,,,,2.0,1.0,0.0,1.0,1.0,2.0,1.0,1.0,,,0.0,1.0,0.0,0.0,0.0,,0.0,1.0,0.0,,4.0,14.0,
2023,2021013416,2023-09-07,1300079.0,上林 誠知,51.0,走右,12,1.0,0.0,0.0,0.0,1.0,0.0,0.0,0.0,0.0,0.0,0.0,,0.0,0.0,0.0,0.0,0.0,0.0,,,,,,,,,,,,,,,,,,,,,,,
2023,2021013416,2023-09-07,1300093.0,嶺井 博希,12.0,捕,12,1.0,1.0,3.0,2.0,1.0,1.0,0.0,0.0,1.0,2.0,0.0,,0.0,0.0,0.0,0.0,1.0,0.0,,,,,,,,,,,,,,,,,,,,,,,
2023,2021013416,2023-09-07,1400126.0,松本 裕樹,66.0,,12,,,,,,,,,,,,,,,,,,,3.0,1.0,0.0,2.0,2.0,3.08,1.0,1.0,,,0.0,1.0,0.0,0.0,0.0,,0.0,0.0,0.0,,4.0,12.0,
2023,2021013416,2023-09-07,1400176.0,藤井 皓哉,48.0,,12,,,,,,,,,,,,,,,,,,,4.0,1.0,0.0,5.0,3.0,2.48,1.0,1.0,,,0.0,1.0,0.0,0.0,0.0,,0.0,1.0,0.0,,4.0,20.0,
2023,2021013416,2023-09-07,1400188.0,中村 奨吾,8.0,二,9,1.0,1.0,4.0,4.0,0.0,0.0,0.0,0.0,0.0,0.0,0.0,,0.0,1.0,0.0,0.0,0.0,0.0,,,,,,,,,,,,,,,,,,,,,,,
2023,2021013416,2023-09-07,1400190.0,岩下 大輝,46.0,,9,,,,,,,,,,,,,,,,,,,3.0,1.0,0.0,1.0,0.0,2.39,2.0,2.0,,,0.0,3.0,3.0,3.0,0.0,,1.0,3.0,0.0,,10.0,33.0,
2023,2021013416,2023-09-07,1460080.0,ポランコ,22.0,指,9,1.0,1.0,4.0,4.0,1.0,2.0,0.0,0.0,0.0,1.0,0.0,,0.0,1.0,0.0,0.0,0.0,0.0,,,,,,,,,,,,,,,,,,,,,,,
2023,2021013416,2023-09-07,1500140.0,谷川原 健太,45.0,左,12,1.0,0.0,0.0,0.0,0.0,0.0,0.0,0.0,0.0,0.0,0.0,,0.0,0.0,0.0,0.0,0.0,0.0,,,,,,,,,,,,,,,,,,,,,,,
2023,2021013416,2023-09-07,1500141.0,茶谷 健太,67.0,遊,9,1.0,1.0,4.0,4.0,0.0,0.0,0.0,0.0,0.0,0.0,0.0,,0.0,0.0,0.0,0.0,0.0,0.0,,,,,,,,,,,,,,,,,,,,,,,
2023,2021013416,2023-09-07,1500143.0,川瀬 晃,0.0,三一,12,1.0,0.0,1.0,1.0,0.0,0.0,0.0,0.0,0.0,0.0,0.0,,0.0,0.0,0.0,0.0,0.0,0.0,,,,,,,,,,,,,,,,,,,,,,,
2023,2021013416,2023-09-07,1600167.0,三森 大貴,13.0,二,12,1.0,1.0,4.0,4.0,0.0,0.0,0.0,0.0,0.0,0.0,1.0,,0.0,1.0,0.0,0.0,0.0,0.0,,,,,,,,,,,,,,,,,,,,,,,
2023,2021013416,2023-09-07,1700002.0,メルセデス,42.0,,9,,,,,,,,,,,,,,,,,,,1.0,1.0,,4.0,7.0,3.39,4.0,4.0,,,1.0,6.0,4.0,4.0,2.0,,2.0,0.0,0.0,,20.0,71.0,
2023,2021013416,2023-09-07,1700092.0,安田 尚憲,5.0,三,9,1.0,1.0,4.0,4.0,0.0,1.0,1.0,0.0,0.0,0.0,0.0,,0.0,1.0,0.0,0.0,0.0,0.0,,,,,,,,,,,,,,,,,,,,,,,
2023,2021013416,2023-09-07,1700131.0,増田 珠,33.0,左,12,1.0,1.0,3.0,3.0,1.0,1.0,0.0,0.0,0.0,0.0,0.0,,0.0,0.0,0.0,0.0,0.0,0.0,,,,,,,,,,,,,,,,,,,,,,,
2023,2021013416,2023-09-07,1700135.0,周東 佑京,23.0,中,12,1.0,1.0,4.0,4.0,1.0,1.0,0.0,0.0,0.0,0.0,1.0,,0.0,0.0,0.0,0.0,0.0,0.0,,,,,,,,,,,,,,,,,,,,,,,
2023,2021013416,2023-09-07,1800037.0,坂本 光士郎,36.0,,9,,,,,,,,,,,,,,,,,,,2.0,1.0,0.0,1.0,0.0,3.49,1.0,1.0,,,0.0,1.0,0.0,0.0,0.0,,0.0,0.0,0.0,,3.0,10.0,
2023,2021013416,2023-09-07,1800050.0,藤原 恭大,1.0,中,9,1.0,1.0,4.0,4.0,0.0,1.0,0.0,0.0,0.0,0.0,0.0,,0.0,0.0,0.0,0.0,0.0,0.0,,,,,,,,,,,,,,,,,,,,,,,
2023,2021013416,2023-09-07,1800053.0,山口 航輝,51.0,一,9,1.0,1.0,4.0,4.0,1.0,3.0,0.0,0.0,1.0,2.0,0.0,,0.0,1.0,0.0,0.0,0.0,0.0,,,,,,,,,,,,,,,,,,,,,,,
2023,2021013416,2023-09-07,1900081.0,佐藤 都志也,32.0,打,9,1.0,0.0,1.0,1.0,0.0,0.0,0.0,0.0,0.0,0.0,0.0,,0.0,0.0,0.0,0.0,0.0,0.0,,,,,,,,,,,,,,,,,,,,,,,
2023,2021013416,2023-09-07,1900102.0,津森 宥紀,11.0,,12,,,,,,,,,,,,,,,,,,,5.0,1.0,0.0,3.0,4.0,3.51,1.0,1.0,,,0.0,0.0,0.0,0.0,0.0,,0.0,0.0,0.0,,3.0,12.0,
2023,2021013416,2023-09-07,1900104.0,柳町 達,32.0,打,12,1.0,0.0,1.0,1.0,0.0,0.0,0.0,0.0,0.0,0.0,0.0,,0.0,1.0,0.0,0.0,0.0,0.0,,,,,,,,,,,,,,,,,,,,,,,
2023,2021013416,2023-09-07,2000087.0,鈴木 昭汰,47.0,,9,,,,,,,,,,,,,,,,,,,4.0,1.0,0.0,0.0,0.0,4.0,1.0,1.0,,,0.0,0.0,0.0,0.0,0.0,,0.0,0.0,0.0,,3.0,13.0,
2023,2021013416,2023-09-07,2000108.0,井上 朋也,43.0,三,12,1.0,1.0,3.0,2.0,0.0,0.0,0.0,0.0,0.0,0.0,0.0,,1.0,1.0,0.0,0.0,0.0,0.0,,,,,,,,,,,,,,,,,,,,,,,
2023,2021013416,2023-09-07,2104035.0,野村 勇,99.0,走三,12,1.0,0.0,0.0,0.0,0.0,0.0,0.0,0.0,0.0,0.0,0.0,,0.0,0.0,0.0,0.0,0.0,0.0,,,,,,,,,,,,,,,,,,,,,,,
2023,2021013417,2023-09-25,700003.0,坂本 勇人,6.0,三,1,1.0,1.0,5.0,3.0,0.0,2.0,0.0,0.0,0.0,0.0,0.0,,2.0,1.0,0.0,0.0,0.0,0.0,,,,,,,,,,,,,,,,,,,,,,,
2023,2021013417,2023-09-25,700027.0,梶谷 隆幸,13.0,右左,1,1.0,1.0,5.0,5.0,0.0,0.0,0.0,0.0,0.0,0.0,0.0,,0.0,2.0,0.0,0.0,0.0,0.0,,,,,,,,,,,,,,,,,,,,,,,
2023,2021013417,2023-09-25,800043.0,丸 佳浩,8.0,中,1,1.0,1.0,6.0,5.0,0.0,0.0,0.0,0.0,0.0,0.0,0.0,,1.0,2.0,0.0,0.0,0.0,0.0,,,,,,,,,,,,,,,,,,,,,,,
2023,2021013417,2023-09-25,900397.0,長野 久義,7.0,打,1,1.0,0.0,1.0,1.0,0.0,1.0,0.0,0.0,0.0,0.0,0.0,,0.0,0.0,0.0,0.0,0.0,0.0,,,,,,,,,,,,,,,,,,,,,,,
2023,2021013417,2023-09-25,900410.0,大島 洋平,8.0,打,4,1.0,0.0,1.0,1.0,0.0,0.0,0.0,0.0,0.0,0.0,0.0,,0.0,1.0,0.0,0.0,0.0,0.0,,,,,,,,,,,,,,,,,,,,,,,
2023,2021013417,2023-09-25,1000108.0,後藤 駿太,53.0,打,4,1.0,0.0,1.0,1.0,0.0,0.0,0.0,0.0,0.0,0.0,0.0,,0.0,0.0,0.0,0.0,0.0,0.0,,,,,,,,,,,,,,,,,,,,,,,
2023,2021013417,2023-09-25,1100069.0,高橋 周平,3.0,三,4,1.0,0.0,0.0,0.0,0.0,0.0,0.0,0.0,0.0,0.0,0.0,,0.0,0.0,0.0,0.0,0.0,0.0,,,,,,,,,,,,,,,,,,,,,,,
2023,2021013417,2023-09-25,1400101.0,岡本 和真,25.0,一,1,1.0,1.0,5.0,4.0,0.0,0.0,0.0,0.0,0.0,0.0,0.0,,1.0,1.0,0.0,0.0,0.0,0.0,,,,,,,,,,,,,,,,,,,,,,,
2023,2021013417,2023-09-25,1400199.0,齋藤 綱記,59.0,投,4,1.0,0.0,0.0,0.0,0.0,0.0,0.0,0.0,0.0,0.0,0.0,,0.0,0.0,0.0,0.0,0.0,0.0,2.0,1.0,0.0,1.0,0.0,0.46,0.6666666666666666,0.2,,,0.0,1.0,0.0,0.0,0.0,,0.0,1.0,0.0,,2.0,11.0,Saitou Tsunaki
2023,2021013417,2023-09-25,1450689.0,船迫 大雅,58.0,投,1,1.0,0.0,0.0,0.0,0.0,0.0,0.0,0.0,0.0,0.0,0.0,,0.0,0.0,0.0,0.0,0.0,0.0,3.0,1.0,0.0,2.0,1.0,2.7,1.0,1.0,,,0.0,0.0,0.0,0.0,0.0,,0.0,2.0,0.0,,3.0,9.0,Fune Sako Taiga
2023,2021013417,2023-09-25,1500047.0,重信 慎之介,43.0,走左,1,1.0,0.0,0.0,0.0,0.0,0.0,0.0,0.0,0.0,0.0,0.0,,0.0,0.0,0.0,0.0,0.0,0.0,,,,,,,,,,,,,,,,,,,,,,,
2023,2021013417,2023-09-25,1500049.0,宇佐見 真吾,39.0,一,4,1.0,1.0,3.0,3.0,0.0,0.0,0.0,0.0,0.0,0.0,0.0,,0.0,2.0,0.0,0.0,0.0,0.0,,,,,,,,,,,,,,,,,,,,,,,
2023,2021013417,2023-09-25,1500052.0,中川 皓太,41.0,投,1,1.0,0.0,0.0,0.0,0.0,0.0,0.0,0.0,0.0,0.0,0.0,,0.0,0.0,0.0,0.0,0.0,0.0,2.0,1.0,0.0,1.0,3.0,1.93,1.0,1.0,,,11.0,0.0,0.0,0.0,0.0,,0.0,2.0,0.0,,3.0,17.0,Nakagawa Kouta
2023,2021013417,2023-09-25,1500054.0,増田 大輝,0.0,走左,1,1.0,0.0,0.0,0.0,0.0,0.0,0.0,0.0,0.0,0.0,0.0,,0.0,0.0,0.0,0.0,0.0,0.0,,,,,,,,,,,,,,,,,,,,,,,
2023,2021013417,2023-09-25,1500076.0,木下 拓哉,35.0,捕,4,1.0,1.0,4.0,4.0,0.0,1.0,0.0,0.0,0.0,0.0,0.0,,0.0,1.0,0.0,0.0,0.0,0.0,,,,,,,,,,,,,,,,,,,,,,,
2023,2021013417,2023-09-25,1500077.0,福 敬登,34.0,投,4,1.0,0.0,0.0,0.0,0.0,0.0,0.0,0.0,0.0,0.0,0.0,,0.0,0.0,0.0,0.0,0.0,0.0,5.0,1.0,0.0,1.0,0.0,3.55,0.6666666666666666,0.2,,,0.0,1.0,0.0,0.0,0.0,,0.0,1.0,0.0,,3.0,7.0,Fuku Takashi Tou
2023,2021013417,2023-09-25,1560639.0,カリステ,99.0,遊,4,1.0,1.0,5.0,5.0,0.0,0.0,0.0,0.0,0.0,0.0,0.0,,0.0,2.0,0.0,0.0,0.0,0.0,,,,,,,,,,,,,,,,,,,,,,,
2023,2021013417,2023-09-25,1600021.0,ビシエド,66.0,一,4,1.0,0.0,2.0,2.0,0.0,0.0,0.0,0.0,0.0,0.0,0.0,,0.0,2.0,0.0,0.0,0.0,0.0,,,,,,,,,,,,,,,,,,,,,,,
2023,2021013417,2023-09-25,1600059.0,吉川 尚輝,2.0,二,1,1.0,1.0,5.0,4.0,0.0,0.0,0.0,0.0,0.0,0.0,0.0,,1.0,0.0,0.0,0.0,0.0,0.0,,,,,,,,,,,,,,,,,,,,,,,
2023,2021013417,2023-09-25,1600085.0,細川 成也,0.0,右,4,1.0,1.0,5.0,5.0,0.0,0.0,0.0,0.0,0.0,0.0,0.0,,0.0,1.0,0.0,0.0,0.0,0.0,,,,,,,,,,,,,,,,,,,,,,,
2023,2021013417,2023-09-25,1600108.0,石垣 雅海,32.0,打二,4,1.0,0.0,2.0,2.0,0.0,0.0,0.0,0.0,0.0,0.0,0.0,,0.0,0.0,0.0,0.0,0.0,0.0,,,,,,,,,,,,,,,,,,,,,,,
2023,2021013417,2023-09-25,1600110.0,藤嶋 健人,54.0,投,4,1.0,0.0,0.0,0.0,0.0,0.0,0.0,0.0,0.0,0.0,0.0,,0.0,0.0,0.0,0.0,0.0,0.0,4.0,1.0,0.0,1.0,1.0,1.25,1.0,1.0,,,0.0,0.0,0.0,0.0,0.0,,0.0,1.0,0.0,,3.0,13.0,Fujishima Taketo
2023,2021013417,2023-09-25,1651302.0,岡田 悠希,38.0,右,1,1.0,0.0,2.0,1.0,0.0,0.0,0.0,0.0,0.0,0.0,0.0,,0.0,0.0,0.0,1.0,0.0,0.0,,,,,,,,,,,,,,,,,,,,,,,
2023,2021013417,2023-09-25,1660045.0,フェリス,93.0,投,4,1.0,0.0,0.0,0.0,0.0,0.0,0.0,0.0,0.0,0.0,0.0,,0.0,0.0,0.0,0.0,0.0,0.0,6.0,1.0,0.0,1.0,0.0,0.0,0.3333333333333333,0.1,,,0.0,0.0,0.0,0.0,0.0,,1.0,0.0,0.0,,2.0,7.0,Ferris
2023,2021013417,2023-09-25,1700010.0,マルティネス,92.0,投,4,1.0,0.0,0.0,0.0,0.0,0.0,0.0,0.0,0.0,0.0,0.0,,0.0,0.0,0.0,0.0,0.0,0.0,8.0,1.0,0.0,3.0,1.0,0.2,1.0,1.0,,,30.0,0.0,0.0,0.0,0.0,,0.0,2.0,0.0,,3.0,11.0,Marutinesu
2023,2021013417,2023-09-25,1700044.0,大城 卓三,24.0,捕,1,1.0,1.0,5.0,3.0,0.0,1.0,1.0,0.0,0.0,0.0,0.0,,2.0,2.0,0.0,0.0,0.0,0.0,,,,,,,,,,,,,,,,,,,,,,,
2023,2021013417,2023-09-25,1700104.0,清水 達也,50.0,投,4,1.0,0.0,0.0,0.0,0.0,0.0,0.0,0.0,0.0,0.0,0.0,,0.0,0.0,0.0,0.0,0.0,0.0,7.0,1.0,0.0,3.0,3.0,3.22,1.0,1.0,,,0.0,0.0,0.0,0.0,0.0,,2.0,1.0,0.0,,5.0,24.0,Shimizu Tatsuya
2023,2021013417,2023-09-25,1800028.0,戸郷 翔征,20.0,投,1,1.0,1.0,3.0,3.0,0.0,0.0,0.0,0.0,0.0,0.0,0.0,,0.0,1.0,0.0,0.0,0.0,0.0,1.0,1.0,,10.0,5.0,2.77,10.0,10.0,,,0.0,3.0,0.0,0.0,0.0,,2.0,11.0,0.0,,35.0,140.0,To Gou Shou Susumu
2023,2021013417,2023-09-25,1900037.0,石川 昂弥,25.0,三,4,1.0,1.0,4.0,4.0,0.0,1.0,0.0,0.0,0.0,0.0,0.0,,0.0,1.0,0.0,0.0,0.0,0.0,,,,,,,,,,,,,,,,,,,,,,,
2023,2021013417,2023-09-25,1900041.0,岡林 勇希,60.0,中,4,1.0,1.0,5.0,5.0,0.0,0.0,0.0,0.0,0.0,0.0,0.0,,0.0,2.0,0.0,0.0,0.0,0.0,,,,,,,,,,,,,,,,,,,,,,,
2023,2021013417,2023-09-25,2000007.0,中山 礼都,40.0,打三,1,1.0,0.0,1.0,1.0,0.0,0.0,0.0,0.0,0.0,0.0,0.0,,0.0,1.0,0.0,0.0,0.0,0.0,,,,,,,,,,,,,,,,,,,,,,,
2023,2021013417,2023-09-25,2000009.0,秋広 優人,55.0,左,1,1.0,1.0,3.0,3.0,0.0,0.0,0.0,0.0,0.0,0.0,0.0,,0.0,2.0,0.0,0.0,0.0,0.0,,,,,,,,,,,,,,,,,,,,,,,
2023,2021013417,2023-09-25,2000044.0,龍空,45.0,遊,4,1.0,0.0,0.0,0.0,0.0,0.0,0.0,0.0,0.0,0.0,0.0,,0.0,0.0,0.0,0.0,0.0,0.0,,,,,,,,,,,,,,,,,,,,,,,
2023,2021013417,2023-09-25,2000047.0,三好 大倫,30.0,左,4,1.0,0.0,0.0,0.0,0.0,0.0,0.0,0.0,0.0,0.0,0.0,,0.0,0.0,0.0,0.0,0.0,0.0,,,,,,,,,,,,,,,,,,,,,,,
2023,2021013417,2023-09-25,2103780.0,福永 裕基,68.0,二,4,1.0,1.0,2.0,2.0,0.0,0.0,0.0,0.0,0.0,0.0,0.0,,0.0,1.0,0.0,0.0,0.0,0.0,,,,,,,,,,,,,,,,,,,,,,,
2023,2021013417,2023-09-25,2103840.0,ブライト 健太,42.0,左,4,1.0,1.0,5.0,3.0,0.0,1.0,0.0,1.0,0.0,0.0,0.0,,2.0,1.0,0.0,0.0,0.0,0.0,,,,,,,,,,,,,,,,,,,,,,,
2023,2021013417,2023-09-25,2105013.0,萩尾 匡也,12.0,打,1,1.0,0.0,1.0,1.0,0.0,0.0,0.0,0.0,0.0,0.0,0.0,,0.0,1.0,0.0,0.0,0.0,0.0,,,,,,,,,,,,,,,,,,,,,,,
2023,2021013417,2023-09-25,2107860.0,仲地 礼亜,31.0,投,4,1.0,1.0,2.0,2.0,0.0,0.0,0.0,0.0,0.0,0.0,0.0,,0.0,1.0,0.0,0.0,0.0,0.0,1.0,1.0,,1.0,4.0,5.29,7.0,7.0,,,0.0,3.0,0.0,0.0,0.0,,4.0,6.0,0.0,,28.0,99.0,Nakachi Aya A
2023,2021013417,2023-09-25,2107869.0,松山 晋也,90.0,投,4,1.0,0.0,0.0,0.0,0.0,0.0,0.0,0.0,0.0,0.0,0.0,,0.0,0.0,0.0,0.0,0.0,0.0,3.0,1.0,0.0,0.0,0.0,1.05,0.3333333333333333,0.1,,,0.0,0.0,0.0,0.0,0.0,,1.0,1.0,0.0,,2.0,9.0,Matsuyama Shin'Ya
2023,2021013417,2023-09-25,2107874.0,門脇 誠,35.0,遊,1,1.0,1.0,6.0,4.0,0.0,1.0,0.0,0.0,0.0,0.0,0.0,,1.0,0.0,0.0,1.0,0.0,0.0,,,,,,,,,,,,,,,,,,,,,,,
2023,2021013418,2023-09-08,12113.0,石川 雅規,19.0,投,2,1.0,1.0,2.0,2.0,0.0,0.0,0.0,0.0,0.0,0.0,0.0,,0.0,1.0,0.0,0.0,0.0,0.0,1.0,1.0,,2.0,5.0,3.45,6.0,6.0,,,0.0,6.0,1.0,1.0,1.0,,1.0,3.0,0.0,,25.0,105.0,
2023,2021013418,2023-09-08,400021.0,青木 宣親,23.0,打,2,1.0,0.0,1.0,1.0,0.0,0.0,0.0,0.0,0.0,0.0,0.0,,0.0,1.0,0.0,0.0,0.0,0.0,,,,,,,,,,,,,,,,,,,,,,,
2023,2021013418,2023-09-08,500051.0,藤田 一也,23.0,打,3,1.0,0.0,1.0,1.0,0.0,0.0,0.0,0.0,0.0,0.0,0.0,,0.0,0.0,0.0,0.0,0.0,0.0,,,,,,,,,,,,,,,,,,,,,,,
2023,2021013418,2023-09-08,600003.0,大和,9.0,遊,3,1.0,1.0,5.0,5.0,0.0,2.0,0.0,0.0,0.0,1.0,0.0,,0.0,0.0,0.0,0.0,0.0,0.0,,,,,,,,,,,,,,,,,,,,,,,
2023,2021013418,2023-09-08,600011.0,川端 慎吾,5.0,打,2,1.0,0.0,1.0,1.0,0.0,0.0,0.0,0.0,0.0,0.0,0.0,,0.0,0.0,0.0,0.0,0.0,0.0,,,,,,,,,,,,,,,,,,,,,,,
2023,2021013418,2023-09-08,800075.0,伊藤 光,29.0,捕,3,1.0,1.0,3.0,2.0,0.0,1.0,0.0,0.0,0.0,0.0,0.0,,1.0,0.0,0.0,0.0,0.0,0.0,,,,,,,,,,,,,,,,,,,,,,,
2023,2021013418,2023-09-08,900044.0,中村 悠平,27.0,捕,2,1.0,0.0,1.0,0.0,0.0,0.0,0.0,0.0,0.0,0.0,0.0,,0.0,0.0,1.0,0.0,0.0,0.0,,,,,,,,,,,,,,,,,,,,,,,
2023,2021013418,2023-09-08,1000132.0,山田 哲人,1.0,打,2,1.0,0.0,1.0,1.0,0.0,0.0,0.0,0.0,0.0,0.0,0.0,,0.0,1.0,0.0,0.0,0.0,0.0,,,,,,,,,,,,,,,,,,,,,,,
2023,2021013418,2023-09-08,1100061.0,桑原 将志,1.0,中,3,1.0,1.0,5.0,5.0,0.0,0.0,0.0,0.0,0.0,0.0,0.0,,0.0,2.0,0.0,0.0,0.0,0.0,,,,,,,,,,,,,,,,,,,,,,,
2023,2021013418,2023-09-08,1200053.0,宮崎 敏郎,51.0,打三,3,1.0,0.0,1.0,0.0,0.0,0.0,0.0,0.0,0.0,0.0,0.0,,1.0,0.0,0.0,0.0,0.0,0.0,,,,,,,,,,,,,,,,,,,,,,,
2023,2021013418,2023-09-08,1200075.0,石山 泰稚,12.0,投,2,1.0,0.0,0.0,0.0,0.0,0.0,0.0,0.0,0.0,0.0,0.0,,0.0,0.0,0.0,0.0,0.0,0.0,4.0,1.0,0.0,3.0,6.0,4.28,1.0,1.0,,,0.0,1.0,0.0,0.0,0.0,,1.0,1.0,0.0,,5.0,20.0,
2023,2021013418,2023-09-08,1300031.0,平良 拳太郎,59.0,投,3,1.0,1.0,2.0,2.0,0.0,0.0,0.0,0.0,0.0,0.0,0.0,,0.0,0.0,0.0,0.0,0.0,0.0,1.0,1.0,,3.0,4.0,3.78,7.0,7.0,,,0.0,4.0,0.0,0.0,0.0,,2.0,9.0,0.0,,27.0,111.0,
2023,2021013418,2023-09-08,1300038.0,関根 大気,63.0,打,3,1.0,0.0,1.0,1.0,0.0,0.0,0.0,0.0,0.0,0.0,0.0,,0.0,0.0,0.0,0.0,0.0,0.0,,,,,,,,,,,,,,,,,,,,,,,
2023,2021013418,2023-09-08,1500063.0,柴田 竜拓,31.0,打三,3,1.0,0.0,1.0,1.0,0.0,0.0,0.0,0.0,0.0,0.0,0.0,,0.0,0.0,0.0,0.0,0.0,0.0,,,,,,,,,,,,,,,,,,,,,,,
2023,2021013418,2023-09-08,1561880.0,ウェンデルケン,49.0,投,3,1.0,0.0,0.0,0.0,0.0,0.0,0.0,0.0,0.0,0.0,0.0,,0.0,0.0,0.0,0.0,0.0,0.0,2.0,1.0,0.0,1.0,2.0,1.62,1.0,1.0,,,0.0,1.0,1.0,1.0,0.0,,1.0,1.0,0.0,,5.0,21.0,
2023,2021013418,2023-09-08,1600078.0,古賀 優大,57.0,捕,2,1.0,1.0,2.0,2.0,0.0,0.0,0.0,0.0,0.0,0.0,0.0,,0.0,0.0,0.0,0.0,0.0,0.0,,,,,,,,,,,,,,,,,,,,,,,
2023,2021013418,2023-09-08,1600089.0,佐野 恵太,7.0,左,3,1.0,1.0,5.0,3.0,0.0,3.0,1.0,0.0,0.0,0.0,0.0,,2.0,0.0,0.0,0.0,0.0,0.0,,,,,,,,,,,,,,,,,,,,,,,
2023,2021013418,2023-09-08,1600096.0,森原 康平,68.0,投,3,1.0,0.0,0.0,0.0,0.0,0.0,0.0,0.0,0.0,0.0,0.0,,0.0,0.0,0.0,0.0,0.0,0.0,3.0,1.0,0.0,2.0,1.0,2.52,0.3333333333333333,0.1,,,11.0,1.0,0.0,0.0,0.0,,0.0,0.0,1.0,,3.0,12.0,
2023,2021013418,2023-09-08,1650522.0,丸山 和郁,4.0,走中,2,1.0,0.0,0.0,0.0,0.0,0.0,0.0,0.0,0.0,0.0,0.0,,0.0,0.0,0.0,0.0,0.0,0.0,,,,,,,,,,,,,,,,,,,,,,,
2023,2021013418,2023-09-08,1700020.0,ソト,99.0,一,3,1.0,1.0,5.0,4.0,0.0,0.0,0.0,0.0,0.0,0.0,0.0,,1.0,1.0,0.0,0.0,0.0,0.0,,,,,,,,,,,,,,,,,,,,,,,
2023,2021013418,2023-09-08,1700060.0,阪口 皓亮,58.0,投,2,1.0,0.0,0.0,0.0,0.0,0.0,0.0,0.0,0.0,0.0,0.0,,0.0,0.0,0.0,0.0,0.0,0.0,5.0,1.0,0.0,0.0,2.0,3.97,0.3333333333333333,0.1,,,0.0,2.0,1.0,1.0,0.0,,2.0,1.0,0.0,,5.0,14.0,
2023,2021013418,2023-09-08,1700065.0,楠本 泰史,37.0,走,3,1.0,0.0,0.0,0.0,1.0,0.0,0.0,0.0,0.0,0.0,0.0,,0.0,0.0,0.0,0.0,0.0,0.0,,,,,,,,,,,,,,,,,,,,,,,
2023,2021013418,2023-09-08,1700066.0,山本 祐大,50.0,捕,3,1.0,0.0,1.0,1.0,0.0,0.0,0.0,0.0,0.0,0.0,0.0,,0.0,1.0,0.0,0.0,0.0,0.0,,,,,,,,,,,,,,,,,,,,,,,
2023,2021013418,2023-09-08,1700084.0,村上 宗隆,55.0,三,2,1.0,1.0,5.0,2.0,0.0,0.0,0.0,0.0,0.0,0.0,0.0,,3.0,1.0,0.0,0.0,0.0,0.0,,,,,,,,,,,,,,,,,,,,,,,
2023,2021013418,2023-09-08,1700089.0,宮本 丈,39.0,二左,2,1.0,1.0,5.0,3.0,0.0,1.0,0.0,0.0,0.0,1.0,0.0,,1.0,2.0,0.0,0.0,1.0,0.0,,,,,,,,,,,,,,,,,,,,,,,
2023,2021013418,2023-09-08,1750800.0,澤井 廉,42.0,左,2,1.0,1.0,3.0,3.0,0.0,1.0,0.0,0.0,0.0,0.0,0.0,,0.0,2.0,0.0,0.0,0.0,0.0,,,,,,,,,,,,,,,,,,,,,,,
2023,2021013418,2023-09-08,1800033.0,清水 昇,17.0,投,2,1.0,0.0,0.0,0.0,0.0,0.0,0.0,0.0,0.0,0.0,0.0,,0.0,0.0,0.0,0.0,0.0,0.0,2.0,1.0,0.0,1.0,7.0,3.08,1.0,1.0,,,0.0,1.0,0.0,0.0,0.0,,0.0,0.0,0.0,,3.0,8.0,
2023,2021013418,2023-09-08,1800036.0,濱田 太貴,51.0,打,2,1.0,0.0,1.0,1.0,0.0,0.0,0.0,0.0,0.0,0.0,0.0,,0.0,0.0,0.0,0.0,0.0,0.0,,,,,,,,,,,,,,,,,,,,,,,
2023,2021013418,2023-09-08,1800043.0,上茶谷 大河,27.0,投,3,1.0,0.0,0.0,0.0,0.0,0.0,0.0,0.0,0.0,0.0,0.0,,0.0,0.0,0.0,0.0,0.0,0.0,5.0,1.0,0.0,4.0,3.0,1.75,1.0,1.0,,,0.0,1.0,0.0,0.0,0.0,,1.0,2.0,0.0,,5.0,24.0,
2023,2021013418,2023-09-08,1800048.0,知野 直人,60.0,三,3,1.0,1.0,3.0,3.0,1.0,1.0,0.0,0.0,1.0,1.0,0.0,,0.0,0.0,0.0,0.0,0.0,0.0,,,,,,,,,,,,,,,,,,,,,,,
2023,2021013418,2023-09-08,1900028.0,長岡 秀樹,7.0,遊,2,1.0,1.0,4.0,3.0,0.0,1.0,0.0,0.0,0.0,0.0,0.0,,0.0,1.0,0.0,1.0,0.0,0.0,,,,,,,,,,,,,,,,,,,,,,,
2023,2021013418,2023-09-08,1900029.0,武岡 龍世,60.0,二,2,1.0,0.0,0.0,0.0,0.0,0.0,0.0,0.0,0.0,0.0,0.0,,0.0,0.0,0.0,0.0,0.0,0.0,,,,,,,,,,,,,,,,,,,,,,,
2023,2021013418,2023-09-08,1900032.0,伊勢 大夢,13.0,投,3,1.0,0.0,0.0,0.0,0.0,0.0,0.0,0.0,0.0,0.0,0.0,,0.0,0.0,0.0,0.0,0.0,0.0,4.0,1.0,0.0,2.0,5.0,3.4,0.6666666666666666,0.2,,,2.0,0.0,0.0,0.0,0.0,,0.0,0.0,0.0,,1.0,5.0,
2023,2021013418,2023-09-08,1900035.0,蝦名 達夫,61.0,右,3,1.0,0.0,1.0,0.0,0.0,0.0,0.0,0.0,0.0,0.0,0.0,,0.0,0.0,0.0,1.0,0.0,0.0,,,,,,,,,,,,,,,,,,,,,,,
2023,2021013418,2023-09-08,1961169.0,アンバギー,42.0,右,3,1.0,1.0,3.0,3.0,0.0,1.0,0.0,0.0,0.0,0.0,0.0,,0.0,1.0,0.0,0.0,0.0,0.0,,,,,,,,,,,,,,,,,,,,,,,
2023,2021013418,2023-09-08,2000024.0,木澤 尚文,20.0,投,2,1.0,0.0,0.0,0.0,0.0,0.0,0.0,0.0,0.0,0.0,0.0,,0.0,0.0,0.0,0.0,0.0,0.0,3.0,1.0,0.0,2.0,2.0,2.85,1.0,1.0,,,0.0,0.0,0.0,0.0,0.0,,1.0,0.0,0.0,,4.0,20.0,
2023,2021013418,2023-09-08,2000026.0,内山 壮真,33.0,中左捕,2,1.0,1.0,5.0,5.0,1.0,1.0,0.0,1.0,0.0,0.0,0.0,,0.0,0.0,0.0,0.0,0.0,0.0,,,,,,,,,,,,,,,,,,,,,,,
2023,2021013418,2023-09-08,2000031.0,赤羽 由紘,71.0,中左右,2,1.0,0.0,1.0,1.0,0.0,0.0,0.0,0.0,0.0,0.0,0.0,,0.0,1.0,0.0,0.0,0.0,0.0,,,,,,,,,,,,,,,,,,,,,,,
2023,2021013418,2023-09-08,2000035.0,牧 秀悟,2.0,二,3,1.0,1.0,5.0,5.0,0.0,2.0,2.0,0.0,0.0,0.0,0.0,,0.0,0.0,0.0,0.0,0.0,0.0,,,,,,,,,,,,,,,,,,,,,,,
2023,2021013418,2023-09-08,2000133.0,オスナ,13.0,一,2,1.0,1.0,4.0,4.0,0.0,2.0,1.0,0.0,0.0,0.0,0.0,,0.0,1.0,0.0,0.0,0.0,0.0,,,,,,,,,,,,,,,,,,,,,,,
2023,2021013418,2023-09-08,2000135.0,サンタナ,25.0,右,2,1.0,1.0,5.0,5.0,0.0,1.0,0.0,0.0,0.0,0.0,0.0,,0.0,1.0,0.0,0.0,0.0,0.0,,,,,,,,,,,,,,,,,,,,,,,
2023,2021013419,2023-09-08,800041.0,松山 竜平,55.0,打,6,1.0,0.0,1.0,1.0,0.0,1.0,1.0,0.0,0.0,1.0,0.0,,0.0,0.0,0.0,0.0,0.0,0.0,,,,,,,,,,,,,,,,,,,,,,,
2023,2021013419,2023-09-08,900430.0,堂林 翔太,7.0,一,6,1.0,1.0,3.0,3.0,0.0,0.0,0.0,0.0,0.0,0.0,0.0,,0.0,1.0,0.0,0.0,0.0,0.0,,,,,,,,,,,,,,,,,,,,,,,
2023,2021013419,2023-09-08,1000150.0,秋山 翔吾,9.0,中,6,1.0,1.0,4.0,4.0,0.0,0.0,0.0,0.0,0.0,0.0,0.0,,0.0,1.0,0.0,0.0,0.0,0.0,,,,,,,,,,,,,,,,,,,,,,,
2023,2021013419,2023-09-08,1000164.0,島本 浩也,46.0,投,5,1.0,0.0,0.0,0.0,0.0,0.0,0.0,0.0,0.0,0.0,0.0,,0.0,0.0,0.0,0.0,0.0,0.0,2.0,1.0,0.0,4.0,2.0,1.82,0.6666666666666666,0.2,,,0.0,0.0,0.0,0.0,0.0,,0.0,1.0,0.0,,2.0,12.0,
2023,2021013419,2023-09-08,1100082.0,菊池 涼介,33.0,走,6,1.0,0.0,0.0,0.0,0.0,0.0,0.0,0.0,0.0,0.0,0.0,,0.0,0.0,0.0,0.0,0.0,0.0,,,,,,,,,,,,,,,,,,,,,,,
2023,2021013419,2023-09-08,1300059.0,田中 広輔,2.0,打遊,6,1.0,0.0,2.0,2.0,0.0,1.0,0.0,0.0,0.0,0.0,0.0,,0.0,1.0,0.0,0.0,0.0,0.0,,,,,,,,,,,,,,,,,,,,,,,
2023,2021013419,2023-09-08,1300075.0,岩崎 優,13.0,投,5,1.0,0.0,0.0,0.0,0.0,0.0,0.0,0.0,0.0,0.0,0.0,,0.0,0.0,0.0,0.0,0.0,0.0,3.0,1.0,0.0,3.0,2.0,1.24,1.0,1.0,,,30.0,0.0,0.0,0.0,0.0,,0.0,1.0,0.0,,3.0,12.0,
2023,2021013419,2023-09-08,1400173.0,野間 峻祥,37.0,右,6,1.0,1.0,4.0,4.0,0.0,0.0,0.0,0.0,0.0,0.0,0.0,,0.0,3.0,0.0,0.0,0.0,0.0,,,,,,,,,,,,,,,,,,,,,,,
2023,2021013419,2023-09-08,1460004.0,デビッドソン,95.0,三,6,1.0,1.0,3.0,3.0,1.0,1.0,0.0,1.0,0.0,0.0,0.0,,0.0,1.0,0.0,0.0,0.0,0.0,,,,,,,,,,,,,,,,,,,,,,,
2023,2021013419,2023-09-08,1500087.0,坂本 誠志郎,12.0,捕,5,1.0,1.0,3.0,2.0,0.0,0.0,0.0,0.0,0.0,0.0,0.0,,0.0,1.0,0.0,1.0,0.0,0.0,,,,,,,,,,,,,,,,,,,,,,,
2023,2021013419,2023-09-08,1500096.0,西川 龍馬,5.0,左,6,1.0,1.0,4.0,4.0,0.0,0.0,0.0,0.0,0.0,0.0,0.0,,0.0,1.0,0.0,0.0,0.0,0.0,,,,,,,,,,,,,,,,,,,,,,,
2023,2021013419,2023-09-08,1600113.0,大山 悠輔,3.0,一,5,1.0,1.0,4.0,4.0,0.0,1.0,1.0,0.0,0.0,1.0,0.0,,0.0,1.0,0.0,0.0,0.0,0.0,,,,,,,,,,,,,,,,,,,,,,,
2023,2021013419,2023-09-08,1600123.0,床田 寛樹,28.0,投,6,1.0,1.0,1.0,1.0,0.0,1.0,0.0,0.0,0.0,0.0,0.0,,0.0,0.0,0.0,0.0,0.0,0.0,1.0,1.0,,10.0,6.0,2.05,5.0,5.0,,,0.0,5.0,3.0,3.0,2.0,,1.0,3.0,0.0,,21.0,78.0,
2023,2021013419,2023-09-08,1600124.0,坂倉 将吾,31.0,捕,6,1.0,1.0,3.0,3.0,0.0,1.0,0.0,0.0,0.0,0.0,0.0,,0.0,0.0,0.0,0.0,0.0,0.0,,,,,,,,,,,,,,,,,,,,,,,
2023,2021013419,2023-09-08,1600125.0,アドゥワ 誠,48.0,投,6,1.0,0.0,0.0,0.0,0.0,0.0,0.0,0.0,0.0,0.0,0.0,,0.0,0.0,0.0,0.0,0.0,0.0,2.0,1.0,0.0,1.0,0.0,2.77,2.0,2.0,,,0.0,0.0,0.0,0.0,0.0,,0.0,3.0,0.0,,6.0,21.0,
2023,2021013419,2023-09-08,1700080.0,島田 海吏,53.0,右,5,1.0,0.0,1.0,1.0,0.0,0.0,0.0,0.0,0.0,0.0,0.0,,0.0,1.0,0.0,0.0,0.0,0.0,,,,,,,,,,,,,,,,,,,,,,,
2023,2021013419,2023-09-08,1800065.0,近本 光司,5.0,中,5,1.0,1.0,4.0,3.0,1.0,1.0,0.0,0.0,0.0,0.0,0.0,,1.0,0.0,0.0,0.0,0.0,0.0,,,,,,,,,,,,,,,,,,,,,,,
2023,2021013419,2023-09-08,1800067.0,木浪 聖也,0.0,遊,5,1.0,1.0,3.0,3.0,0.0,1.0,0.0,0.0,0.0,1.0,0.0,,0.0,0.0,0.0,0.0,0.0,0.0,,,,,,,,,,,,,,,,,,,,,,,
2023,2021013419,2023-09-08,1800072.0,小園 海斗,51.0,二,6,1.0,1.0,4.0,4.0,0.0,1.0,0.0,0.0,0.0,0.0,0.0,,0.0,0.0,0.0,0.0,0.0,0.0,,,,,,,,,,,,,,,,,,,,,,,
2023,2021013419,2023-09-08,1850183.0,森下 翔太,1.0,右,5,1.0,1.0,3.0,3.0,1.0,1.0,0.0,0.0,1.0,1.0,0.0,,0.0,1.0,0.0,0.0,0.0,0.0,,,,,,,,,,,,,,,,,,,,,,,
2023,2021013419,2023-09-08,1961285.0,ノイジー,7.0,左,5,1.0,1.0,3.0,2.0,1.0,0.0,0.0,0.0,0.0,0.0,0.0,,1.0,0.0,0.0,0.0,0.0,0.0,,,,,,,,,,,,,,,,,,,,,,,
2023,2021013419,2023-09-08,2000051.0,佐藤 輝明,8.0,三,5,1.0,1.0,4.0,4.0,1.0,1.0,0.0,0.0,1.0,1.0,0.0,,0.0,1.0,0.0,0.0,0.0,0.0,,,,,,,,,,,,,,,,,,,,,,,
2023,2021013419,2023-09-08,2000055.0,村上 頌樹,41.0,投,5,1.0,1.0,3.0,3.0,0.0,0.0,0.0,0.0,0.0,0.0,0.0,,0.0,2.0,0.0,0.0,0.0,0.0,1.0,1.0,,10.0,5.0,1.76,7.333333333333333,7.1,,,0.0,6.0,1.0,1.0,0.0,,0.0,6.0,0.0,,26.0,100.0,
2023,2021013419,2023-09-08,2000056.0,中野 拓夢,51.0,二,5,1.0,1.0,4.0,4.0,0.0,1.0,0.0,0.0,0.0,0.0,0.0,,0.0,1.0,0.0,0.0,0.0,0.0,,,,,,,,,,,,,,,,,,,,,,,
2023,2021013419,2023-09-08,2000062.0,大道 温貴,12.0,投,6,1.0,0.0,0.0,0.0,0.0,0.0,0.0,0.0,0.0,0.0,0.0,,0.0,0.0,0.0,0.0,0.0,0.0,3.0,1.0,0.0,2.0,0.0,2.64,1.0,1.0,,,0.0,1.0,1.0,1.0,0.0,,1.0,2.0,0.0,,5.0,17.0,
2023,2021013419,2023-09-08,2000065.0,矢野 雅哉,61.0,遊,6,1.0,1.0,2.0,2.0,0.0,0.0,0.0,0.0,0.0,0.0,0.0,,0.0,0.0,0.0,0.0,0.0,0.0,,,,,,,,,,,,,,,,,,,,,,,
2023,2021013420,2023-09-08,12101.0,中村 剛也,60.0,指,7,1.0,1.0,4.0,3.0,1.0,0.0,0.0,0.0,0.0,0.0,0.0,,1.0,1.0,0.0,0.0,0.0,0.0,,,,,,,,,,,,,,,,,,,,,,,
2023,2021013420,2023-09-08,12102.0,栗山 巧,1.0,打,7,1.0,0.0,1.0,0.0,0.0,0.0,0.0,0.0,0.0,1.0,0.0,,0.0,0.0,0.0,0.0,1.0,0.0,,,,,,,,,,,,,,,,,,,,,,,
2023,2021013420,2023-09-08,1100095.0,松本 剛,7.0,中,8,1.0,1.0,4.0,3.0,0.0,1.0,0.0,0.0,0.0,0.0,0.0,,1.0,1.0,0.0,0.0,0.0,0.0,,,,,,,,,,,,,,,,,,,,,,,
2023,2021013420,2023-09-08,1100099.0,上沢 直之,15.0,,8,,,,,,,,,,,,,,,,,,,1.0,1.0,,8.0,8.0,2.84,6.0,6.0,,,0.0,5.0,6.0,5.0,1.0,,3.0,6.0,0.0,,26.0,117.0,
2023,2021013420,2023-09-08,1200100.0,伏見 寅威,23.0,捕,8,1.0,1.0,2.0,2.0,0.0,0.0,0.0,0.0,0.0,0.0,0.0,,0.0,2.0,0.0,0.0,0.0,0.0,,,,,,,,,,,,,,,,,,,,,,,
2023,2021013420,2023-09-08,1400184.0,外崎 修汰,5.0,二,7,1.0,1.0,4.0,3.0,1.0,1.0,0.0,0.0,1.0,2.0,0.0,,0.0,0.0,0.0,0.0,1.0,0.0,,,,,,,,,,,,,,,,,,,,,,,
2023,2021013420,2023-09-08,1400186.0,山田 遥楓,49.0,遊,8,1.0,0.0,1.0,0.0,0.0,0.0,0.0,0.0,0.0,0.0,0.0,,0.0,0.0,1.0,0.0,0.0,0.0,,,,,,,,,,,,,,,,,,,,,,,
2023,2021013420,2023-09-08,1500102.0,愛斗,53.0,中,7,1.0,0.0,1.0,1.0,0.0,0.0,0.0,0.0,0.0,0.0,0.0,,0.0,0.0,0.0,0.0,0.0,0.0,,,,,,,,,,,,,,,,,,,,,,,
2023,2021013420,2023-09-08,1500112.0,平沼 翔太,31.0,走一,7,1.0,0.0,1.0,1.0,1.0,0.0,0.0,0.0,0.0,0.0,0.0,,0.0,0.0,0.0,0.0,0.0,1.0,,,,,,,,,,,,,,,,,,,,,,,
2023,2021013420,2023-09-08,1600129.0,源田 壮亮,6.0,遊,7,1.0,1.0,5.0,5.0,0.0,1.0,0.0,0.0,0.0,0.0,0.0,,0.0,1.0,0.0,0.0,0.0,0.0,,,,,,,,,,,,,,,,,,,,,,,
2023,2021013420,2023-09-08,1600132.0,田村 伊知郎,40.0,,7,,,,,,,,,,,,,,,,,,,2.0,1.0,0.0,1.0,0.0,1.72,1.0,1.0,,,0.0,1.0,0.0,0.0,0.0,,1.0,1.0,0.0,,5.0,20.0,
2023,2021013420,2023-09-08,1600139.0,玉井 大翔,19.0,,8,,,,,,,,,,,,,,,,,,,3.0,1.0,0.0,0.0,2.0,2.93,1.0,1.0,,,2.0,0.0,0.0,0.0,0.0,,1.0,0.0,0.0,,4.0,19.0,
2023,2021013420,2023-09-08,1700025.0,清宮 幸太郎,21.0,三,8,1.0,1.0,4.0,3.0,0.0,0.0,0.0,0.0,0.0,0.0,0.0,,1.0,0.0,0.0,0.0,0.0,0.0,,,,,,,,,,,,,,,,,,,,,,,
2023,2021013420,2023-09-08,1700124.0,平良 海馬,61.0,,7,,,,,,,,,,,,,,,,,,,1.0,1.0,,10.0,6.0,2.13,7.0,7.0,,,0.0,3.0,0.0,0.0,0.0,,3.0,9.0,0.0,,27.0,115.0,
2023,2021013420,2023-09-08,1700140.0,ロドリゲス,41.0,,8,,,,,,,,,,,,,,,,,,,4.0,1.0,0.0,1.0,5.0,3.64,1.0,1.0,,,0.0,0.0,0.0,0.0,0.0,,0.0,1.0,0.0,,3.0,11.0,
2023,2021013420,2023-09-08,1800008.0,マルティネス,2.0,指,8,1.0,1.0,4.0,4.0,0.0,1.0,1.0,0.0,0.0,0.0,0.0,,0.0,0.0,0.0,0.0,0.0,0.0,,,,,,,,,,,,,,,,,,,,,,,
2023,2021013420,2023-09-08,1800086.0,佐藤 龍世,58.0,三,7,1.0,1.0,4.0,2.0,1.0,1.0,1.0,0.0,0.0,1.0,0.0,,2.0,0.0,0.0,0.0,0.0,0.0,,,,,,,,,,,,,,,,,,,,,,,
2023,2021013420,2023-09-08,1800091.0,野村 佑希,5.0,左一,8,1.0,1.0,4.0,3.0,0.0,0.0,0.0,0.0,0.0,0.0,0.0,,1.0,2.0,0.0,0.0,0.0,0.0,,,,,,,,,,,,,,,,,,,,,,,
2023,2021013420,2023-09-08,1800093.0,万波 中正,66.0,右,8,1.0,1.0,5.0,2.0,0.0,0.0,0.0,0.0,0.0,0.0,0.0,,3.0,1.0,0.0,0.0,0.0,0.0,,,,,,,,,,,,,,,,,,,,,,,
2023,2021013420,2023-09-08,1800096.0,福田 俊,40.0,,8,,,,,,,,,,,,,,,,,,,2.0,1.0,0.0,1.0,0.0,0.0,1.0,1.0,,,0.0,1.0,0.0,0.0,0.0,,0.0,0.0,0.0,,4.0,12.0,
2023,2021013420,2023-09-08,1800127.0,王 柏融,99.0,打,8,1.0,0.0,1.0,1.0,0.0,0.0,0.0,0.0,0.0,0.0,0.0,,0.0,0.0,0.0,0.0,0.0,0.0,,,,,,,,,,,,,,,,,,,,,,,
2023,2021013420,2023-09-08,1850820.0,蛭間 拓哉,9.0,右,7,1.0,1.0,4.0,4.0,0.0,0.0,0.0,0.0,0.0,0.0,0.0,,0.0,2.0,0.0,0.0,0.0,0.0,,,,,,,,,,,,,,,,,,,,,,,
2023,2021013420,2023-09-08,1850932.0,奈良間 大己,58.0,遊,8,1.0,1.0,2.0,2.0,0.0,0.0,0.0,0.0,0.0,0.0,0.0,,0.0,2.0,0.0,0.0,0.0,0.0,,,,,,,,,,,,,,,,,,,,,,,
2023,2021013420,2023-09-08,1851204.0,水野 達稀,43.0,二,8,1.0,1.0,4.0,4.0,0.0,0.0,0.0,0.0,0.0,0.0,0.0,,0.0,2.0,0.0,0.0,0.0,0.0,,,,,,,,,,,,,,,,,,,,,,,
2023,2021013420,2023-09-08,1900040.0,郡司 裕也,30.0,一左,8,1.0,1.0,5.0,5.0,0.0,2.0,0.0,0.0,0.0,0.0,0.0,,0.0,0.0,0.0,0.0,0.0,0.0,,,,,,,,,,,,,,,,,,,,,,,
2023,2021013420,2023-09-08,1900065.0,柘植 世那,37.0,捕,7,1.0,1.0,4.0,4.0,1.0,1.0,0.0,0.0,0.0,1.0,0.0,,0.0,1.0,0.0,0.0,0.0,0.0,,,,,,,,,,,,,,,,,,,,,,,
2023,2021013420,2023-09-08,1900068.0,岸 潤一郎,68.0,中,7,1.0,1.0,2.0,2.0,0.0,0.0,0.0,0.0,0.0,0.0,0.0,,0.0,0.0,0.0,0.0,0.0,0.0,,,,,,,,,,,,,,,,,,,,,,,
2023,2021013420,2023-09-08,1961030.0,ティノコ,54.0,,7,,,,,,,,,,,,,,,,,,,3.0,1.0,0.0,0.0,3.0,2.91,1.0,1.0,,,0.0,0.0,0.0,0.0,0.0,,2.0,0.0,1.0,,6.0,21.0,
2023,2021013420,2023-09-08,1961286.0,ペイトン,10.0,左,7,1.0,1.0,4.0,4.0,1.0,2.0,0.0,0.0,0.0,1.0,0.0,,0.0,0.0,0.0,0.0,0.0,0.0,,,,,,,,,,,,,,,,,,,,,,,
2023,2021013420,2023-09-08,2000067.0,渡部 健人,8.0,一,7,1.0,1.0,3.0,2.0,0.0,0.0,0.0,0.0,0.0,0.0,0.0,,1.0,2.0,0.0,0.0,0.0,0.0,,,,,,,,,,,,,,,,,,,,,,,
2023,2021013420,2023-09-08,2000081.0,古川 裕大,27.0,打捕,8,1.0,0.0,2.0,2.0,0.0,0.0,0.0,0.0,0.0,0.0,0.0,,0.0,0.0,0.0,0.0,0.0,0.0,,,,,,,,,,,,,,,,,,,,,,,
2023,2021013420,2023-09-08,2105684.0,児玉 亮涼,0.0,遊,7,1.0,0.0,0.0,0.0,0.0,0.0,0.0,0.0,0.0,0.0,0.0,,0.0,0.0,0.0,0.0,0.0,0.0,,,,,,,,,,,,,,,,,,,,,,,
2023,2021013422,2023-09-08,600026.0,炭谷 銀仁朗,26.0,捕,376,1.0,1.0,3.0,2.0,0.0,2.0,0.0,0.0,0.0,2.0,0.0,,1.0,0.0,0.0,0.0,0.0,0.0,,,,,,,,,,,,,,,,,,,,,,,
2023,2021013422,2023-09-08,700065.0,岸 孝之,11.0,,376,,,,,,,,,,,,,,,,,,,1.0,1.0,,6.0,5.0,3.36,5.666666666666667,5.2,,,0.0,9.0,6.0,6.0,1.0,,2.0,2.0,0.0,,28.0,101.0,
2023,2021013422,2023-09-08,800081.0,中村 晃,7.0,一,12,1.0,1.0,4.0,4.0,1.0,1.0,0.0,0.0,0.0,0.0,0.0,,0.0,0.0,0.0,0.0,0.0,0.0,,,,,,,,,,,,,,,,,,,,,,,
2023,2021013422,2023-09-08,900056.0,浅村 栄斗,3.0,二,376,1.0,1.0,5.0,5.0,0.0,0.0,0.0,0.0,0.0,0.0,0.0,,0.0,3.0,0.0,0.0,0.0,0.0,,,,,,,,,,,,,,,,,,,,,,,
2023,2021013422,2023-09-08,1000035.0,今宮 健太,6.0,遊,12,1.0,1.0,4.0,4.0,1.0,2.0,0.0,0.0,0.0,0.0,0.0,,0.0,0.0,0.0,0.0,0.0,0.0,,,,,,,,,,,,,,,,,,,,,,,
2023,2021013422,2023-09-08,1000128.0,柳田 悠岐,9.0,右,12,1.0,1.0,5.0,4.0,0.0,1.0,0.0,0.0,0.0,1.0,0.0,,0.0,1.0,0.0,0.0,1.0,0.0,,,,,,,,,,,,,,,,,,,,,,,
2023,2021013422,2023-09-08,1000176.0,甲斐 拓也,19.0,捕,12,1.0,1.0,2.0,2.0,0.0,0.0,0.0,0.0,0.0,0.0,0.0,,0.0,0.0,0.0,0.0,0.0,0.0,,,,,,,,,,,,,,,,,,,,,,,
2023,2021013422,2023-09-08,1100097.0,近藤 健介,3.0,指,12,1.0,1.0,4.0,3.0,0.0,0.0,0.0,0.0,0.0,0.0,0.0,,1.0,2.0,0.0,0.0,0.0,0.0,,,,,,,,,,,,,,,,,,,,,,,
2023,2021013422,2023-09-08,1100115.0,武田 翔太,18.0,,12,,,,,,,,,,,,,,,,,,,3.0,1.0,0.0,1.0,2.0,4.24,1.6666666666666663,1.2,,,0.0,0.0,0.0,0.0,0.0,,2.0,1.0,0.0,,7.0,34.0,
2023,2021013422,2023-09-08,1100130.0,岡島 豪郎,27.0,左,376,1.0,1.0,5.0,5.0,1.0,1.0,0.0,0.0,0.0,0.0,0.0,,0.0,0.0,0.0,0.0,0.0,0.0,,,,,,,,,,,,,,,,,,,,,,,
2023,2021013422,2023-09-08,1100132.0,島内 宏明,35.0,指,376,1.0,1.0,5.0,2.0,0.0,0.0,0.0,0.0,0.0,0.0,0.0,,3.0,0.0,0.0,0.0,0.0,0.0,,,,,,,,,,,,,,,,,,,,,,,
2023,2021013422,2023-09-08,1300079.0,上林 誠知,51.0,打左,12,1.0,0.0,1.0,1.0,0.0,0.0,0.0,0.0,0.0,0.0,0.0,,0.0,1.0,0.0,0.0,0.0,0.0,,,,,,,,,,,,,,,,,,,,,,,
2023,2021013422,2023-09-08,1300080.0,石川 柊太,29.0,,12,,,,,,,,,,,,,,,,,,,1.0,1.0,,4.0,7.0,3.9,4.333333333333333,4.1,,,0.0,6.0,4.0,4.0,0.0,,5.0,3.0,0.0,,23.0,107.0,
2023,2021013422,2023-09-08,1300084.0,松井 裕樹,1.0,,376,,,,,,,,,,,,,,,,,,,4.0,1.0,0.0,1.0,3.0,1.59,1.0,1.0,,,32.0,0.0,0.0,0.0,0.0,,0.0,1.0,0.0,,3.0,9.0,
2023,2021013422,2023-09-08,1300093.0,嶺井 博希,12.0,捕,12,1.0,0.0,1.0,1.0,0.0,0.0,0.0,0.0,0.0,0.0,0.0,,0.0,1.0,0.0,0.0,0.0,0.0,,,,,,,,,,,,,,,,,,,,,,,
2023,2021013422,2023-09-08,1500078.0,阿部 寿樹,4.0,一,376,1.0,1.0,5.0,3.0,2.0,1.0,0.0,0.0,0.0,0.0,0.0,,2.0,2.0,0.0,0.0,0.0,0.0,,,,,,,,,,,,,,,,,,,,,,,
2023,2021013422,2023-09-08,1500143.0,川瀬 晃,0.0,走三,12,1.0,0.0,0.0,0.0,0.0,0.0,0.0,0.0,0.0,0.0,0.0,,0.0,0.0,0.0,0.0,0.0,0.0,,,,,,,,,,,,,,,,,,,,,,,
2023,2021013422,2023-09-08,1550517.0,大津 亮介,26.0,,12,,,,,,,,,,,,,,,,,,,5.0,1.0,0.0,2.0,0.0,2.76,1.0,1.0,,,0.0,0.0,0.0,0.0,0.0,,0.0,2.0,0.0,,3.0,15.0,
2023,2021013422,2023-09-08,1600007.0,村林 一輝,66.0,遊,376,1.0,1.0,6.0,5.0,0.0,0.0,0.0,0.0,0.0,0.0,0.0,,1.0,1.0,0.0,0.0,0.0,0.0,,,,,,,,,,,,,,,,,,,,,,,
2023,2021013422,2023-09-08,1600094.0,田中 和基,25.0,走右,376,1.0,0.0,0.0,0.0,1.0,0.0,0.0,0.0,0.0,0.0,0.0,,0.0,0.0,0.0,0.0,0.0,0.0,,,,,,,,,,,,,,,,,,,,,,,
2023,2021013422,2023-09-08,1600167.0,三森 大貴,13.0,二,12,1.0,1.0,4.0,3.0,0.0,1.0,1.0,0.0,0.0,0.0,0.0,,0.0,0.0,0.0,1.0,0.0,0.0,,,,,,,,,,,,,,,,,,,,,,,
2023,2021013422,2023-09-08,1700034.0,山崎 剛,34.0,三,376,1.0,0.0,0.0,0.0,0.0,0.0,0.0,0.0,0.0,0.0,0.0,,0.0,0.0,0.0,0.0,0.0,0.0,,,,,,,,,,,,,,,,,,,,,,,
2023,2021013422,2023-09-08,1700131.0,増田 珠,33.0,打,12,1.0,0.0,1.0,1.0,0.0,0.0,0.0,0.0,0.0,0.0,0.0,,0.0,1.0,0.0,0.0,0.0,0.0,,,,,,,,,,,,,,,,,,,,,,,
2023,2021013422,2023-09-08,1700133.0,田浦 文丸,56.0,,12,,,,,,,,,,,,,,,,,,,2.0,1.0,0.0,2.0,1.0,2.48,0.0,0.0,,,0.0,4.0,3.0,3.0,0.0,,1.0,0.0,0.0,,5.0,15.0,
2023,2021013422,2023-09-08,1700135.0,周東 佑京,23.0,中,12,1.0,1.0,5.0,5.0,2.0,2.0,0.0,0.0,1.0,4.0,1.0,,0.0,0.0,0.0,0.0,0.0,0.0,,,,,,,,,,,,,,,,,,,,,,,
2023,2021013422,2023-09-08,1800044.0,伊藤 裕季也,39.0,打,376,1.0,0.0,1.0,1.0,0.0,0.0,0.0,0.0,0.0,0.0,0.0,,0.0,0.0,0.0,0.0,0.0,0.0,,,,,,,,,,,,,,,,,,,,,,,
2023,2021013422,2023-09-08,1800106.0,甲斐野 央,20.0,,12,,,,,,,,,,,,,,,,,,,4.0,1.0,0.0,1.0,1.0,2.6,1.0,1.0,,,2.0,0.0,0.0,0.0,0.0,,0.0,0.0,1.0,,4.0,11.0,
2023,2021013422,2023-09-08,1800117.0,辰己 涼介,8.0,中,376,1.0,1.0,5.0,5.0,2.0,2.0,0.0,0.0,0.0,0.0,1.0,,0.0,1.0,0.0,0.0,0.0,0.0,,,,,,,,,,,,,,,,,,,,,,,
2023,2021013422,2023-09-08,1800118.0,太田 光,2.0,捕,376,1.0,0.0,1.0,0.0,0.0,0.0,0.0,0.0,0.0,0.0,0.0,,0.0,0.0,0.0,1.0,0.0,0.0,,,,,,,,,,,,,,,,,,,,,,,
2023,2021013422,2023-09-08,1800123.0,小郷 裕哉,51.0,右,376,1.0,1.0,5.0,3.0,2.0,2.0,0.0,0.0,0.0,1.0,0.0,,2.0,0.0,0.0,0.0,0.0,0.0,,,,,,,,,,,,,,,,,,,,,,,
2023,2021013422,2023-09-08,1800124.0,鈴木 翔天,56.0,,376,,,,,,,,,,,,,,,,,,,2.0,1.0,0.0,1.0,1.0,2.97,1.3333333333333333,1.1,,,1.0,0.0,0.0,0.0,0.0,,0.0,2.0,0.0,,4.0,15.0,
2023,2021013422,2023-09-08,1900102.0,津森 宥紀,11.0,,12,,,,,,,,,,,,,,,,,,,6.0,1.0,0.0,3.0,4.0,3.64,1.0,1.0,,,0.0,1.0,1.0,1.0,0.0,,1.0,1.0,0.0,,5.0,17.0,
2023,2021013422,2023-09-08,1900104.0,柳町 達,32.0,左,12,1.0,1.0,4.0,1.0,1.0,1.0,0.0,0.0,0.0,0.0,1.0,,2.0,0.0,0.0,1.0,0.0,0.0,,,,,,,,,,,,,,,,,,,,,,,
2023,2021013422,2023-09-08,1900112.0,小深田 大翔,0.0,三,376,1.0,1.0,6.0,5.0,0.0,3.0,1.0,1.0,0.0,4.0,1.0,,0.0,0.0,1.0,0.0,0.0,0.0,,,,,,,,,,,,,,,,,,,,,,,
2023,2021013422,2023-09-08,2000108.0,井上 朋也,43.0,三,12,1.0,1.0,3.0,3.0,0.0,0.0,0.0,0.0,0.0,1.0,0.0,,0.0,1.0,0.0,0.0,0.0,0.0,,,,,,,,,,,,,,,,,,,,,,,
2023,2021013422,2023-09-08,2105140.0,渡辺 翔太,31.0,,376,,,,,,,,,,,,,,,,,,,3.0,1.0,0.0,6.0,2.0,1.53,1.0,1.0,,,1.0,0.0,0.0,0.0,0.0,,1.0,2.0,0.0,,4.0,19.0,
2023,2021013422,2023-09-08,2107661.0,生海,37.0,打,12,1.0,0.0,1.0,1.0,1.0,1.0,0.0,0.0,0.0,0.0,0.0,,0.0,0.0,0.0,0.0,0.0,0.0,,,,,,,,,,,,,,,,,,,,,,,
2023,2021013423,2023-09-09,700003.0,坂本 勇人,6.0,三,1,1.0,1.0,4.0,4.0,1.0,1.0,0.0,0.0,0.0,0.0,0.0,,0.0,2.0,0.0,0.0,0.0,0.0,,,,,,,,,,,,,,,,,,,,,,,
2023,2021013423,2023-09-09,700027.0,梶谷 隆幸,13.0,左,1,1.0,1.0,4.0,4.0,0.0,2.0,0.0,0.0,0.0,0.0,0.0,,0.0,0.0,0.0,0.0,0.0,0.0,,,,,,,,,,,,,,,,,,,,,,,
2023,2021013423,2023-09-09,800043.0,丸 佳浩,8.0,中,1,1.0,1.0,4.0,4.0,1.0,1.0,0.0,0.0,1.0,1.0,0.0,,0.0,2.0,0.0,0.0,0.0,0.0,,,,,,,,,,,,,,,,,,,,,,,
2023,2021013423,2023-09-09,900397.0,長野 久義,7.0,打,1,1.0,0.0,1.0,0.0,0.0,0.0,0.0,0.0,0.0,0.0,0.0,,1.0,0.0,0.0,0.0,0.0,0.0,,,,,,,,,,,,,,,,,,,,,,,
2023,2021013423,2023-09-09,1000108.0,後藤 駿太,53.0,打,4,1.0,0.0,1.0,1.0,0.0,0.0,0.0,0.0,0.0,0.0,0.0,,0.0,1.0,0.0,0.0,0.0,0.0,,,,,,,,,,,,,,,,,,,,,,,
2023,2021013423,2023-09-09,1200041.0,菅野 智之,18.0,投,1,1.0,1.0,2.0,1.0,0.0,1.0,0.0,0.0,0.0,1.0,0.0,,0.0,0.0,0.0,1.0,0.0,0.0,1.0,1.0,,4.0,6.0,3.29,5.0,5.0,,,0.0,3.0,0.0,0.0,0.0,,1.0,4.0,0.0,,19.0,80.0,
2023,2021013423,2023-09-09,1200055.0,福谷 浩司,24.0,投,4,1.0,0.0,0.0,0.0,0.0,0.0,0.0,0.0,0.0,0.0,0.0,,0.0,0.0,0.0,0.0,0.0,0.0,3.0,1.0,0.0,3.0,4.0,4.42,0.3333333333333333,0.1,,,0.0,0.0,0.0,0.0,0.0,,0.0,1.0,0.0,,1.0,4.0,
2023,2021013423,2023-09-09,1300027.0,小林 誠司,22.0,捕,1,1.0,0.0,0.0,0.0,0.0,0.0,0.0,0.0,0.0,0.0,0.0,,0.0,0.0,0.0,0.0,0.0,0.0,,,,,,,,,,,,,,,,,,,,,,,
2023,2021013423,2023-09-09,1300066.0,祖父江 大輔,33.0,投,4,1.0,0.0,0.0,0.0,0.0,0.0,0.0,0.0,0.0,0.0,0.0,,0.0,0.0,0.0,0.0,0.0,0.0,5.0,1.0,0.0,3.0,5.0,3.75,2.0,2.0,,,0.0,1.0,1.0,1.0,1.0,,0.0,4.0,0.0,,7.0,31.0,
2023,2021013423,2023-09-09,1400101.0,岡本 和真,25.0,一,1,1.0,1.0,4.0,3.0,1.0,0.0,0.0,0.0,0.0,0.0,0.0,,1.0,1.0,0.0,0.0,0.0,0.0,,,,,,,,,,,,,,,,,,,,,,,
2023,2021013423,2023-09-09,1400199.0,齋藤 綱記,59.0,投,4,1.0,0.0,0.0,0.0,0.0,0.0,0.0,0.0,0.0,0.0,0.0,,0.0,0.0,0.0,0.0,0.0,0.0,4.0,1.0,0.0,1.0,0.0,0.45,0.3333333333333333,0.1,,,0.0,1.0,0.0,0.0,0.0,,0.0,0.0,0.0,,2.0,8.0,
2023,2021013423,2023-09-09,1450689.0,船迫 大雅,58.0,投,1,1.0,0.0,0.0,0.0,0.0,0.0,0.0,0.0,0.0,0.0,0.0,,0.0,0.0,0.0,0.0,0.0,0.0,2.0,1.0,0.0,2.0,1.0,2.59,1.0,1.0,,,0.0,0.0,0.0,0.0,0.0,,1.0,2.0,0.0,,4.0,18.0,
2023,2021013423,2023-09-09,1500049.0,宇佐見 真吾,39.0,一,4,1.0,1.0,4.0,4.0,0.0,1.0,0.0,0.0,0.0,0.0,0.0,,0.0,1.0,0.0,0.0,0.0,0.0,,,,,,,,,,,,,,,,,,,,,,,
2023,2021013423,2023-09-09,1500054.0,増田 大輝,0.0,走二,1,1.0,0.0,1.0,1.0,0.0,0.0,0.0,0.0,0.0,0.0,0.0,,0.0,1.0,0.0,0.0,0.0,0.0,,,,,,,,,,,,,,,,,,,,,,,
2023,2021013423,2023-09-09,1500076.0,木下 拓哉,35.0,捕,4,1.0,1.0,4.0,4.0,0.0,1.0,1.0,0.0,0.0,0.0,0.0,,0.0,1.0,0.0,0.0,0.0,0.0,,,,,,,,,,,,,,,,,,,,,,,
2023,2021013423,2023-09-09,1500077.0,福 敬登,34.0,投,4,1.0,0.0,0.0,0.0,0.0,0.0,0.0,0.0,0.0,0.0,0.0,,0.0,0.0,0.0,0.0,0.0,0.0,2.0,1.0,0.0,1.0,0.0,3.46,0.3333333333333333,0.1,,,0.0,0.0,0.0,0.0,0.0,,1.0,0.0,0.0,,2.0,1.0,
2023,2021013423,2023-09-09,1560639.0,カリステ,99.0,遊,4,1.0,1.0,4.0,4.0,0.0,1.0,1.0,0.0,0.0,0.0,0.0,,0.0,1.0,0.0,0.0,0.0,0.0,,,,,,,,,,,,,,,,,,,,,,,
2023,2021013423,2023-09-09,1561778.0,バルドナード,49.0,投,1,1.0,0.0,0.0,0.0,0.0,0.0,0.0,0.0,0.0,0.0,0.0,,0.0,0.0,0.0,0.0,0.0,0.0,4.0,1.0,0.0,2.0,1.0,2.35,1.0,1.0,,,0.0,0.0,0.0,0.0,0.0,,0.0,0.0,0.0,,3.0,8.0,
2023,2021013423,2023-09-09,1600059.0,吉川 尚輝,2.0,二,1,1.0,1.0,2.0,1.0,0.0,0.0,0.0,0.0,0.0,0.0,0.0,,0.0,0.0,0.0,1.0,0.0,0.0,,,,,,,,,,,,,,,,,,,,,,,
2023,2021013423,2023-09-09,1600085.0,細川 成也,0.0,右,4,1.0,1.0,4.0,3.0,0.0,0.0,0.0,0.0,0.0,0.0,0.0,,1.0,1.0,0.0,0.0,0.0,0.0,,,,,,,,,,,,,,,,,,,,,,,
2023,2021013423,2023-09-09,1651302.0,岡田 悠希,38.0,右,1,1.0,1.0,2.0,2.0,0.0,1.0,0.0,0.0,0.0,0.0,0.0,,0.0,0.0,0.0,0.0,0.0,0.0,,,,,,,,,,,,,,,,,,,,,,,
2023,2021013423,2023-09-09,1700044.0,大城 卓三,24.0,捕,1,1.0,1.0,4.0,3.0,1.0,1.0,0.0,0.0,0.0,0.0,0.0,,0.0,2.0,0.0,1.0,0.0,0.0,,,,,,,,,,,,,,,,,,,,,,,
2023,2021013423,2023-09-09,1900037.0,石川 昂弥,25.0,三,4,1.0,1.0,4.0,4.0,0.0,0.0,0.0,0.0,0.0,0.0,0.0,,0.0,1.0,0.0,0.0,0.0,0.0,,,,,,,,,,,,,,,,,,,,,,,
2023,2021013423,2023-09-09,1900041.0,岡林 勇希,60.0,中,4,1.0,1.0,4.0,4.0,0.0,0.0,0.0,0.0,0.0,0.0,0.0,,0.0,0.0,0.0,0.0,0.0,0.0,,,,,,,,,,,,,,,,,,,,,,,
2023,2021013423,2023-09-09,2000005.0,平内 龍太,11.0,投,1,1.0,0.0,0.0,0.0,0.0,0.0,0.0,0.0,0.0,0.0,0.0,,0.0,0.0,0.0,0.0,0.0,0.0,5.0,1.0,0.0,0.0,1.0,5.23,1.0,1.0,,,0.0,1.0,0.0,0.0,0.0,,0.0,0.0,0.0,,4.0,7.0,
2023,2021013423,2023-09-09,2000007.0,中山 礼都,40.0,三,1,1.0,0.0,0.0,0.0,0.0,0.0,0.0,0.0,0.0,0.0,0.0,,0.0,0.0,0.0,0.0,0.0,0.0,,,,,,,,,,,,,,,,,,,,,,,
2023,2021013423,2023-09-09,2000009.0,秋広 優人,55.0,打左,1,1.0,0.0,1.0,1.0,0.0,1.0,0.0,0.0,0.0,2.0,0.0,,0.0,0.0,0.0,0.0,0.0,0.0,,,,,,,,,,,,,,,,,,,,,,,
2023,2021013423,2023-09-09,2000042.0,高橋 宏斗,19.0,投,4,1.0,1.0,2.0,1.0,0.0,0.0,0.0,0.0,0.0,0.0,0.0,,0.0,0.0,0.0,1.0,0.0,0.0,1.0,1.0,,5.0,10.0,2.51,5.0,5.0,,,0.0,7.0,4.0,4.0,1.0,,1.0,4.0,0.0,,23.0,101.0,
2023,2021013423,2023-09-09,2000044.0,龍空,45.0,走,4,1.0,0.0,0.0,0.0,0.0,0.0,0.0,0.0,0.0,0.0,0.0,,0.0,0.0,0.0,0.0,0.0,0.0,,,,,,,,,,,,,,,,,,,,,,,
2023,2021013423,2023-09-09,2103705.0,菊地 大稀,96.0,投,1,1.0,0.0,0.0,0.0,0.0,0.0,0.0,0.0,0.0,0.0,0.0,,0.0,0.0,0.0,0.0,0.0,0.0,3.0,1.0,0.0,4.0,3.0,3.27,1.0,1.0,,,0.0,1.0,0.0,0.0,0.0,,0.0,3.0,0.0,,4.0,19.0,
2023,2021013423,2023-09-09,2103780.0,福永 裕基,68.0,二,4,1.0,1.0,3.0,3.0,0.0,1.0,0.0,0.0,0.0,0.0,0.0,,0.0,2.0,0.0,0.0,0.0,0.0,,,,,,,,,,,,,,,,,,,,,,,
2023,2021013423,2023-09-09,2103840.0,ブライト 健太,42.0,左,4,1.0,1.0,4.0,3.0,0.0,1.0,0.0,0.0,0.0,0.0,0.0,,1.0,1.0,0.0,0.0,0.0,0.0,,,,,,,,,,,,,,,,,,,,,,,
2023,2021013423,2023-09-09,2105013.0,萩尾 匡也,12.0,打右,1,1.0,0.0,2.0,2.0,0.0,0.0,0.0,0.0,0.0,0.0,0.0,,0.0,1.0,0.0,0.0,0.0,0.0,,,,,,,,,,,,,,,,,,,,,,,
2023,2021013423,2023-09-09,2107874.0,門脇 誠,35.0,遊,1,1.0,1.0,4.0,4.0,1.0,1.0,0.0,0.0,1.0,1.0,0.0,,0.0,0.0,0.0,0.0,0.0,0.0,,,,,,,,,,,,,,,,,,,,,,,
2023,2021013424,2023-09-09,400021.0,青木 宣親,23.0,打,2,1.0,0.0,1.0,1.0,0.0,0.0,0.0,0.0,0.0,0.0,0.0,,0.0,0.0,0.0,0.0,0.0,0.0,,,,,,,,,,,,,,,,,,,,,,,
2023,2021013424,2023-09-09,900044.0,中村 悠平,27.0,捕,2,1.0,0.0,1.0,1.0,0.0,0.0,0.0,0.0,0.0,0.0,0.0,,0.0,0.0,0.0,0.0,0.0,0.0,,,,,,,,,,,,,,,,,,,,,,,
2023,2021013424,2023-09-09,1000109.0,三ツ俣 大樹,66.0,三一,2,1.0,0.0,1.0,0.0,1.0,0.0,0.0,0.0,0.0,0.0,0.0,,1.0,0.0,0.0,0.0,0.0,0.0,,,,,,,,,,,,,,,,,,,,,,,
2023,2021013424,2023-09-09,1000132.0,山田 哲人,1.0,二,2,1.0,1.0,5.0,5.0,1.0,1.0,0.0,0.0,0.0,0.0,0.0,,0.0,3.0,0.0,0.0,0.0,0.0,,,,,,,,,,,,,,,,,,,,,,,
2023,2021013424,2023-09-09,1100061.0,桑原 将志,1.0,中,3,1.0,1.0,4.0,3.0,0.0,0.0,0.0,0.0,0.0,0.0,0.0,,1.0,0.0,0.0,0.0,0.0,0.0,,,,,,,,,,,,,,,,,,,,,,,
2023,2021013424,2023-09-09,1200053.0,宮崎 敏郎,51.0,三,3,1.0,1.0,4.0,4.0,0.0,1.0,0.0,0.0,0.0,0.0,0.0,,0.0,0.0,0.0,0.0,0.0,0.0,,,,,,,,,,,,,,,,,,,,,,,
2023,2021013424,2023-09-09,1200076.0,小川 泰弘,29.0,投,2,1.0,1.0,4.0,4.0,1.0,2.0,1.0,0.0,0.0,3.0,0.0,,0.0,2.0,0.0,0.0,0.0,0.0,1.0,1.0,,8.0,8.0,3.46,7.0,7.0,,,0.0,4.0,1.0,1.0,0.0,,3.0,3.0,0.0,,27.0,112.0,
2023,2021013424,2023-09-09,1300038.0,関根 大気,63.0,右,3,1.0,1.0,3.0,3.0,0.0,0.0,0.0,0.0,0.0,0.0,0.0,,0.0,1.0,0.0,0.0,0.0,0.0,,,,,,,,,,,,,,,,,,,,,,,
2023,2021013424,2023-09-09,1300095.0,西浦 直亨,39.0,打,3,1.0,0.0,1.0,1.0,0.0,0.0,0.0,0.0,0.0,0.0,0.0,,0.0,1.0,0.0,0.0,0.0,0.0,,,,,,,,,,,,,,,,,,,,,,,
2023,2021013424,2023-09-09,1400110.0,石田 健大,14.0,投,3,1.0,1.0,1.0,1.0,0.0,0.0,0.0,0.0,0.0,0.0,0.0,,0.0,0.0,0.0,0.0,0.0,0.0,1.0,1.0,,4.0,8.0,3.72,4.333333333333333,4.1,,,0.0,10.0,6.0,6.0,1.0,,1.0,6.0,0.0,,23.0,82.0,
2023,2021013424,2023-09-09,1600078.0,古賀 優大,57.0,捕,2,1.0,1.0,4.0,4.0,1.0,2.0,0.0,0.0,0.0,0.0,0.0,,0.0,0.0,0.0,0.0,0.0,0.0,,,,,,,,,,,,,,,,,,,,,,,
2023,2021013424,2023-09-09,1600089.0,佐野 恵太,7.0,左,3,1.0,1.0,4.0,4.0,0.0,1.0,0.0,0.0,0.0,0.0,0.0,,0.0,0.0,0.0,0.0,0.0,0.0,,,,,,,,,,,,,,,,,,,,,,,
2023,2021013424,2023-09-09,1650522.0,丸山 和郁,4.0,走中,2,1.0,0.0,1.0,1.0,1.0,0.0,0.0,0.0,0.0,0.0,0.0,,0.0,1.0,0.0,0.0,0.0,0.0,,,,,,,,,,,,,,,,,,,,,,,
2023,2021013424,2023-09-09,1700020.0,ソト,99.0,一,3,1.0,1.0,4.0,2.0,1.0,0.0,0.0,0.0,0.0,0.0,0.0,,2.0,0.0,0.0,0.0,0.0,0.0,,,,,,,,,,,,,,,,,,,,,,,
2023,2021013424,2023-09-09,1700066.0,山本 祐大,50.0,捕,3,1.0,1.0,3.0,3.0,0.0,1.0,0.0,0.0,0.0,1.0,0.0,,0.0,1.0,0.0,0.0,0.0,0.0,,,,,,,,,,,,,,,,,,,,,,,
2023,2021013424,2023-09-09,1700067.0,中川 虎大,64.0,投,3,1.0,0.0,0.0,0.0,0.0,0.0,0.0,0.0,0.0,0.0,0.0,,0.0,0.0,0.0,0.0,0.0,0.0,2.0,1.0,0.0,0.0,1.0,3.24,0.6666666666666666,0.2,,,0.0,1.0,0.0,0.0,0.0,,1.0,0.0,0.0,,3.0,10.0,
2023,2021013424,2023-09-09,1700084.0,村上 宗隆,55.0,三,2,1.0,1.0,5.0,4.0,1.0,1.0,0.0,0.0,0.0,0.0,0.0,,1.0,1.0,0.0,0.0,0.0,0.0,,,,,,,,,,,,,,,,,,,,,,,
2023,2021013424,2023-09-09,1700087.0,塩見 泰隆,9.0,中,2,1.0,1.0,4.0,4.0,2.0,2.0,1.0,0.0,1.0,1.0,0.0,,0.0,0.0,0.0,0.0,0.0,0.0,,,,,,,,,,,,,,,,,,,,,,,
2023,2021013424,2023-09-09,1700094.0,山本 大貴,43.0,投,2,1.0,0.0,0.0,0.0,0.0,0.0,0.0,0.0,0.0,0.0,0.0,,0.0,0.0,0.0,0.0,0.0,0.0,2.0,1.0,0.0,2.0,0.0,2.62,1.0,1.0,,,0.0,0.0,0.0,0.0,0.0,,0.0,1.0,0.0,,3.0,15.0,
2023,2021013424,2023-09-09,1800036.0,濱田 太貴,51.0,左,2,1.0,1.0,5.0,5.0,2.0,4.0,1.0,0.0,0.0,2.0,0.0,,0.0,1.0,0.0,0.0,0.0,0.0,,,,,,,,,,,,,,,,,,,,,,,
2023,2021013424,2023-09-09,1800047.0,益子 京右,32.0,捕,3,1.0,0.0,0.0,0.0,0.0,0.0,0.0,0.0,0.0,0.0,0.0,,0.0,0.0,0.0,0.0,0.0,0.0,,,,,,,,,,,,,,,,,,,,,,,
2023,2021013424,2023-09-09,1800048.0,知野 直人,60.0,遊,3,1.0,1.0,3.0,3.0,0.0,1.0,1.0,0.0,0.0,0.0,0.0,,0.0,0.0,0.0,0.0,0.0,1.0,,,,,,,,,,,,,,,,,,,,,,,
2023,2021013424,2023-09-09,1800049.0,宮城 滝太,92.0,投,3,1.0,0.0,0.0,0.0,0.0,0.0,0.0,0.0,0.0,0.0,0.0,,0.0,0.0,0.0,0.0,0.0,0.0,3.0,1.0,0.0,0.0,0.0,4.15,2.0,2.0,,,0.0,5.0,3.0,3.0,0.0,,0.0,2.0,0.0,,11.0,48.0,
2023,2021013424,2023-09-09,1900028.0,長岡 秀樹,7.0,遊,2,1.0,1.0,5.0,3.0,1.0,0.0,0.0,0.0,0.0,0.0,0.0,,1.0,0.0,1.0,0.0,0.0,0.0,,,,,,,,,,,,,,,,,,,,,,,
2023,2021013424,2023-09-09,1900029.0,武岡 龍世,60.0,走二,2,1.0,0.0,1.0,1.0,0.0,0.0,0.0,0.0,0.0,0.0,0.0,,0.0,0.0,0.0,0.0,0.0,0.0,,,,,,,,,,,,,,,,,,,,,,,
2023,2021013424,2023-09-09,1900031.0,坂本 裕哉,20.0,投,3,1.0,0.0,0.0,0.0,0.0,0.0,0.0,0.0,0.0,0.0,0.0,,0.0,0.0,0.0,0.0,0.0,0.0,4.0,1.0,0.0,0.0,0.0,5.57,2.0,2.0,,,0.0,4.0,4.0,4.0,0.0,,1.0,1.0,1.0,,12.0,34.0,
2023,2021013424,2023-09-09,1900035.0,蝦名 達夫,61.0,打右,3,1.0,0.0,1.0,1.0,0.0,0.0,0.0,0.0,0.0,0.0,0.0,,0.0,1.0,0.0,0.0,0.0,0.0,,,,,,,,,,,,,,,,,,,,,,,
2023,2021013424,2023-09-09,1961169.0,アンバギー,42.0,打,3,1.0,0.0,1.0,1.0,0.0,0.0,0.0,0.0,0.0,0.0,0.0,,0.0,0.0,0.0,0.0,0.0,0.0,,,,,,,,,,,,,,,,,,,,,,,
2023,2021013424,2023-09-09,2000026.0,内山 壮真,33.0,右,2,1.0,0.0,1.0,1.0,1.0,1.0,1.0,0.0,0.0,2.0,0.0,,0.0,0.0,0.0,0.0,0.0,0.0,,,,,,,,,,,,,,,,,,,,,,,
2023,2021013424,2023-09-09,2000031.0,赤羽 由紘,71.0,打三,2,1.0,0.0,1.0,1.0,0.0,1.0,0.0,0.0,0.0,1.0,0.0,,0.0,0.0,0.0,0.0,0.0,0.0,,,,,,,,,,,,,,,,,,,,,,,
2023,2021013424,2023-09-09,2000033.0,丸山 翔大,68.0,投,2,1.0,0.0,0.0,0.0,0.0,0.0,0.0,0.0,0.0,0.0,0.0,,0.0,0.0,0.0,0.0,0.0,0.0,3.0,1.0,0.0,0.0,0.0,3.86,1.0,1.0,,,0.0,0.0,0.0,0.0,0.0,,0.0,0.0,0.0,,3.0,12.0,
2023,2021013424,2023-09-09,2000035.0,牧 秀悟,2.0,二,3,1.0,1.0,4.0,4.0,0.0,0.0,0.0,0.0,0.0,0.0,0.0,,0.0,0.0,0.0,0.0,0.0,0.0,,,,,,,,,,,,,,,,,,,,,,,
2023,2021013424,2023-09-09,2000133.0,オスナ,13.0,一,2,1.0,1.0,6.0,6.0,0.0,4.0,0.0,0.0,0.0,3.0,1.0,,0.0,1.0,0.0,0.0,0.0,0.0,,,,,,,,,,,,,,,,,,,,,,,
2023,2021013424,2023-09-09,2000135.0,サンタナ,25.0,右,2,1.0,1.0,4.0,4.0,1.0,2.0,0.0,0.0,0.0,1.0,0.0,,0.0,0.0,0.0,0.0,0.0,0.0,,,,,,,,,,,,,,,,,,,,,,,
2023,2021013425,2023-09-09,900430.0,堂林 翔太,7.0,打,6,1.0,0.0,1.0,1.0,0.0,0.0,0.0,0.0,0.0,0.0,0.0,,0.0,0.0,0.0,0.0,0.0,0.0,,,,,,,,,,,,,,,,,,,,,,,
2023,2021013425,2023-09-09,1000150.0,秋山 翔吾,9.0,中,6,1.0,1.0,3.0,3.0,0.0,0.0,0.0,0.0,0.0,0.0,0.0,,0.0,0.0,0.0,0.0,0.0,0.0,,,,,,,,,,,,,,,,,,,,,,,
2023,2021013425,2023-09-09,1300059.0,田中 広輔,2.0,三遊,6,1.0,1.0,4.0,4.0,0.0,3.0,0.0,0.0,0.0,1.0,0.0,,0.0,0.0,0.0,0.0,0.0,0.0,,,,,,,,,,,,,,,,,,,,,,,
2023,2021013425,2023-09-09,1300075.0,岩崎 優,13.0,投,5,1.0,0.0,0.0,0.0,0.0,0.0,0.0,0.0,0.0,0.0,0.0,,0.0,0.0,0.0,0.0,0.0,0.0,4.0,1.0,0.0,3.0,2.0,1.23,0.3333333333333333,0.1,,,31.0,0.0,0.0,0.0,0.0,,0.0,0.0,0.0,,1.0,2.0,
2023,2021013425,2023-09-09,1400173.0,野間 峻祥,37.0,右中,6,1.0,1.0,4.0,3.0,0.0,1.0,0.0,0.0,0.0,0.0,0.0,,1.0,1.0,0.0,0.0,0.0,0.0,,,,,,,,,,,,,,,,,,,,,,,
2023,2021013425,2023-09-09,1460004.0,デビッドソン,95.0,打三,6,1.0,0.0,2.0,2.0,0.0,0.0,0.0,0.0,0.0,0.0,0.0,,0.0,1.0,0.0,0.0,0.0,0.0,,,,,,,,,,,,,,,,,,,,,,,
2023,2021013425,2023-09-09,1500087.0,坂本 誠志郎,12.0,捕,5,1.0,1.0,4.0,3.0,0.0,2.0,0.0,0.0,0.0,0.0,0.0,,0.0,1.0,0.0,1.0,0.0,0.0,,,,,,,,,,,,,,,,,,,,,,,
2023,2021013425,2023-09-09,1500096.0,西川 龍馬,5.0,左,6,1.0,1.0,4.0,4.0,0.0,0.0,0.0,0.0,0.0,0.0,0.0,,0.0,2.0,0.0,0.0,0.0,1.0,,,,,,,,,,,,,,,,,,,,,,,
2023,2021013425,2023-09-09,1600113.0,大山 悠輔,3.0,一,5,1.0,1.0,4.0,3.0,0.0,0.0,0.0,0.0,0.0,1.0,0.0,,1.0,1.0,0.0,0.0,0.0,0.0,,,,,,,,,,,,,,,,,,,,,,,
2023,2021013425,2023-09-09,1600124.0,坂倉 将吾,31.0,捕,6,1.0,1.0,4.0,4.0,0.0,1.0,0.0,0.0,0.0,0.0,0.0,,0.0,0.0,0.0,0.0,0.0,0.0,,,,,,,,,,,,,,,,,,,,,,,
2023,2021013425,2023-09-09,1700080.0,島田 海吏,53.0,左,5,1.0,0.0,0.0,0.0,0.0,0.0,0.0,0.0,0.0,0.0,0.0,,0.0,0.0,0.0,0.0,0.0,0.0,,,,,,,,,,,,,,,,,,,,,,,
2023,2021013425,2023-09-09,1700137.0,大竹 耕太郎,49.0,投,5,1.0,1.0,3.0,3.0,1.0,1.0,1.0,0.0,0.0,1.0,0.0,,0.0,1.0,0.0,0.0,0.0,0.0,1.0,1.0,,10.0,2.0,2.14,6.666666666666667,6.2,,,0.0,5.0,1.0,0.0,0.0,,0.0,3.0,0.0,,25.0,91.0,
2023,2021013425,2023-09-09,1800065.0,近本 光司,5.0,中,5,1.0,1.0,4.0,4.0,0.0,1.0,1.0,0.0,0.0,2.0,0.0,,0.0,1.0,0.0,0.0,0.0,0.0,,,,,,,,,,,,,,,,,,,,,,,
2023,2021013425,2023-09-09,1800067.0,木浪 聖也,0.0,遊,5,1.0,1.0,4.0,4.0,1.0,2.0,1.0,0.0,0.0,0.0,0.0,,0.0,1.0,0.0,0.0,0.0,0.0,,,,,,,,,,,,,,,,,,,,,,,
2023,2021013425,2023-09-09,1800072.0,小園 海斗,51.0,二,6,1.0,1.0,4.0,4.0,0.0,1.0,0.0,0.0,0.0,0.0,0.0,,0.0,1.0,0.0,0.0,0.0,0.0,,,,,,,,,,,,,,,,,,,,,,,
2023,2021013425,2023-09-09,1850183.0,森下 翔太,1.0,右,5,1.0,1.0,4.0,3.0,0.0,1.0,0.0,0.0,0.0,0.0,0.0,,1.0,1.0,0.0,0.0,0.0,0.0,,,,,,,,,,,,,,,,,,,,,,,
2023,2021013425,2023-09-09,1860147.0,アンダーソン,42.0,投,6,1.0,0.0,0.0,0.0,0.0,0.0,0.0,0.0,0.0,0.0,0.0,,0.0,0.0,0.0,0.0,0.0,0.0,3.0,1.0,0.0,4.0,1.0,2.52,1.0,1.0,,,0.0,1.0,0.0,0.0,0.0,,1.0,2.0,0.0,,5.0,25.0,
2023,2021013425,2023-09-09,1900052.0,森下 暢仁,18.0,投,6,1.0,1.0,1.0,1.0,0.0,0.0,0.0,0.0,0.0,0.0,0.0,,0.0,0.0,0.0,0.0,0.0,0.0,1.0,1.0,,8.0,4.0,2.48,5.0,5.0,,,0.0,8.0,5.0,4.0,0.0,,1.0,4.0,0.0,,23.0,90.0,
2023,2021013425,2023-09-09,1961166.0,マクブルーム,10.0,一,6,1.0,1.0,4.0,4.0,1.0,0.0,0.0,0.0,0.0,0.0,0.0,,0.0,1.0,0.0,0.0,0.0,0.0,,,,,,,,,,,,,,,,,,,,,,,
2023,2021013425,2023-09-09,1961285.0,ノイジー,7.0,左,5,1.0,1.0,4.0,4.0,1.0,1.0,0.0,0.0,0.0,1.0,0.0,,0.0,1.0,0.0,0.0,0.0,0.0,,,,,,,,,,,,,,,,,,,,,,,
2023,2021013425,2023-09-09,2000051.0,佐藤 輝明,8.0,三,5,1.0,1.0,4.0,4.0,1.0,1.0,1.0,0.0,0.0,0.0,0.0,,0.0,2.0,0.0,0.0,0.0,1.0,,,,,,,,,,,,,,,,,,,,,,,
2023,2021013425,2023-09-09,2000056.0,中野 拓夢,51.0,二,5,1.0,1.0,4.0,4.0,1.0,1.0,0.0,0.0,0.0,0.0,0.0,,0.0,0.0,0.0,0.0,0.0,0.0,,,,,,,,,,,,,,,,,,,,,,,
2023,2021013425,2023-09-09,2000058.0,石井 大智,69.0,投,5,1.0,0.0,0.0,0.0,0.0,0.0,0.0,0.0,0.0,0.0,0.0,,0.0,0.0,0.0,0.0,0.0,0.0,2.0,1.0,0.0,1.0,0.0,0.82,1.0,1.0,,,0.0,0.0,0.0,0.0,0.0,,0.0,2.0,0.0,,3.0,12.0,
2023,2021013425,2023-09-09,2000065.0,矢野 雅哉,61.0,遊,6,1.0,1.0,2.0,2.0,0.0,0.0,0.0,0.0,0.0,0.0,0.0,,0.0,0.0,0.0,0.0,0.0,0.0,,,,,,,,,,,,,,,,,,,,,,,
2023,2021013425,2023-09-09,2103707.0,桐敷 拓馬,47.0,投,5,1.0,0.0,0.0,0.0,0.0,0.0,0.0,0.0,0.0,0.0,0.0,,0.0,0.0,0.0,0.0,0.0,0.0,3.0,1.0,0.0,2.0,0.0,2.1,1.0,1.0,,,0.0,2.0,0.0,0.0,0.0,,1.0,2.0,0.0,,6.0,28.0,
2023,2021013425,2023-09-09,2103768.0,末包 昇大,52.0,打右,6,1.0,0.0,2.0,2.0,0.0,1.0,0.0,0.0,0.0,0.0,0.0,,0.0,1.0,0.0,0.0,0.0,0.0,,,,,,,,,,,,,,,,,,,,,,,
2023,2021013425,2023-09-09,2105565.0,益田 武尚,26.0,投,6,1.0,0.0,0.0,0.0,0.0,0.0,0.0,0.0,0.0,0.0,0.0,,0.0,0.0,0.0,0.0,0.0,0.0,2.0,1.0,0.0,1.0,0.0,0.0,2.0,2.0,,,0.0,1.0,0.0,0.0,0.0,,0.0,3.0,0.0,,7.0,31.0,
2023,2021013426,2023-09-09,12101.0,中村 剛也,60.0,指,7,1.0,1.0,4.0,4.0,1.0,1.0,0.0,0.0,1.0,3.0,0.0,,0.0,2.0,0.0,0.0,0.0,0.0,,,,,,,,,,,,,,,,,,,,,,,
2023,2021013426,2023-09-09,12102.0,栗山 巧,1.0,打,7,1.0,0.0,1.0,1.0,0.0,0.0,0.0,0.0,0.0,0.0,0.0,,0.0,0.0,0.0,0.0,0.0,0.0,,,,,,,,,,,,,,,,,,,,,,,
2023,2021013426,2023-09-09,1100095.0,松本 剛,7.0,左,8,1.0,1.0,5.0,5.0,0.0,1.0,0.0,0.0,0.0,0.0,0.0,,0.0,0.0,0.0,0.0,0.0,0.0,,,,,,,,,,,,,,,,,,,,,,,
2023,2021013426,2023-09-09,1400120.0,石川 直也,51.0,,8,,,,,,,,,,,,,,,,,,,3.0,1.0,0.0,0.0,0.0,4.4,1.0,1.0,,,1.0,3.0,1.0,1.0,0.0,,0.0,2.0,0.0,,6.0,26.0,
2023,2021013426,2023-09-09,1400184.0,外崎 修汰,5.0,二,7,1.0,1.0,5.0,5.0,1.0,2.0,1.0,0.0,0.0,1.0,0.0,,0.0,1.0,0.0,0.0,0.0,1.0,,,,,,,,,,,,,,,,,,,,,,,
2023,2021013426,2023-09-09,1400186.0,山田 遥楓,49.0,二,8,1.0,1.0,4.0,4.0,0.0,1.0,0.0,0.0,0.0,0.0,0.0,,0.0,0.0,0.0,0.0,0.0,0.0,,,,,,,,,,,,,,,,,,,,,,,
2023,2021013426,2023-09-09,1500110.0,加藤 貴之,14.0,,8,,,,,,,,,,,,,,,,,,,1.0,1.0,,7.0,9.0,3.05,5.0,5.0,,,0.0,5.0,5.0,5.0,2.0,,1.0,5.0,0.0,,21.0,90.0,
2023,2021013426,2023-09-09,1600129.0,源田 壮亮,6.0,遊,7,1.0,1.0,5.0,5.0,1.0,2.0,0.0,1.0,0.0,1.0,0.0,,0.0,2.0,0.0,0.0,0.0,0.0,,,,,,,,,,,,,,,,,,,,,,,
2023,2021013426,2023-09-09,1600131.0,平井 克典,25.0,,7,,,,,,,,,,,,,,,,,,,3.0,1.0,0.0,3.0,3.0,2.66,1.0,1.0,,,0.0,1.0,0.0,0.0,0.0,,1.0,1.0,0.0,,5.0,14.0,
2023,2021013426,2023-09-09,1700025.0,清宮 幸太郎,21.0,三,8,1.0,1.0,3.0,3.0,0.0,0.0,0.0,0.0,0.0,0.0,0.0,,0.0,2.0,0.0,0.0,0.0,0.0,,,,,,,,,,,,,,,,,,,,,,,
2023,2021013426,2023-09-09,1700029.0,北浦 竜次,63.0,,8,,,,,,,,,,,,,,,,,,,5.0,1.0,0.0,0.0,0.0,0.0,1.0,1.0,,,0.0,0.0,0.0,0.0,0.0,,0.0,2.0,0.0,,3.0,11.0,
2023,2021013426,2023-09-09,1700106.0,山本 拓実,67.0,,8,,,,,,,,,,,,,,,,,,,2.0,1.0,0.0,0.0,0.0,1.47,1.0,1.0,,,0.0,0.0,0.0,0.0,0.0,,0.0,2.0,0.0,,3.0,12.0,
2023,2021013426,2023-09-09,1700122.0,西川 愛也,51.0,中,7,1.0,0.0,0.0,0.0,0.0,0.0,0.0,0.0,0.0,0.0,0.0,,0.0,0.0,0.0,0.0,0.0,0.0,,,,,,,,,,,,,,,,,,,,,,,
2023,2021013426,2023-09-09,1750472.0,古賀 悠斗,22.0,捕,7,1.0,1.0,4.0,3.0,1.0,1.0,0.0,0.0,1.0,1.0,0.0,,0.0,2.0,0.0,1.0,0.0,0.0,,,,,,,,,,,,,,,,,,,,,,,
2023,2021013426,2023-09-09,1751148.0,隅田 知一郎,16.0,,7,,,,,,,,,,,,,,,,,,,1.0,1.0,,8.0,8.0,3.49,6.0,6.0,,,0.0,5.0,1.0,1.0,0.0,,1.0,4.0,1.0,,25.0,103.0,
2023,2021013426,2023-09-09,1800008.0,マルティネス,2.0,一,8,1.0,1.0,4.0,4.0,0.0,2.0,0.0,0.0,0.0,0.0,0.0,,0.0,0.0,0.0,0.0,0.0,0.0,,,,,,,,,,,,,,,,,,,,,,,
2023,2021013426,2023-09-09,1800086.0,佐藤 龍世,58.0,三,7,1.0,1.0,4.0,3.0,0.0,1.0,0.0,0.0,0.0,1.0,0.0,,1.0,2.0,0.0,0.0,0.0,0.0,,,,,,,,,,,,,,,,,,,,,,,
2023,2021013426,2023-09-09,1800091.0,野村 佑希,5.0,指,8,1.0,1.0,4.0,3.0,0.0,0.0,0.0,0.0,0.0,0.0,0.0,,1.0,1.0,0.0,0.0,0.0,0.0,,,,,,,,,,,,,,,,,,,,,,,
2023,2021013426,2023-09-09,1800093.0,万波 中正,66.0,右,8,1.0,1.0,5.0,5.0,0.0,2.0,1.0,0.0,0.0,2.0,0.0,,0.0,2.0,0.0,0.0,0.0,0.0,,,,,,,,,,,,,,,,,,,,,,,
2023,2021013426,2023-09-09,1800127.0,王 柏融,99.0,打,8,1.0,0.0,1.0,1.0,0.0,0.0,0.0,0.0,0.0,0.0,0.0,,0.0,0.0,0.0,0.0,0.0,0.0,,,,,,,,,,,,,,,,,,,,,,,
2023,2021013426,2023-09-09,1850820.0,蛭間 拓哉,9.0,右,7,1.0,1.0,5.0,5.0,1.0,1.0,0.0,0.0,0.0,0.0,0.0,,0.0,2.0,0.0,0.0,0.0,0.0,,,,,,,,,,,,,,,,,,,,,,,
2023,2021013426,2023-09-09,1850932.0,奈良間 大己,58.0,遊,8,1.0,1.0,4.0,3.0,1.0,1.0,0.0,0.0,0.0,0.0,0.0,,1.0,1.0,0.0,0.0,0.0,0.0,,,,,,,,,,,,,,,,,,,,,,,
2023,2021013426,2023-09-09,1900040.0,郡司 裕也,30.0,捕,8,1.0,1.0,4.0,4.0,0.0,0.0,0.0,0.0,0.0,0.0,0.0,,0.0,1.0,0.0,0.0,0.0,0.0,,,,,,,,,,,,,,,,,,,,,,,
2023,2021013426,2023-09-09,1900068.0,岸 潤一郎,68.0,中,7,1.0,1.0,3.0,3.0,0.0,0.0,0.0,0.0,0.0,0.0,0.0,,0.0,2.0,0.0,0.0,0.0,0.0,,,,,,,,,,,,,,,,,,,,,,,
2023,2021013426,2023-09-09,1961224.0,マーベル,31.0,,8,,,,,,,,,,,,,,,,,,,4.0,1.0,0.0,2.0,2.0,2.49,1.0,1.0,,,0.0,2.0,1.0,1.0,0.0,,1.0,2.0,0.0,,6.0,30.0,
2023,2021013426,2023-09-09,1961286.0,ペイトン,10.0,左,7,1.0,1.0,4.0,3.0,1.0,1.0,0.0,0.0,0.0,0.0,0.0,,1.0,0.0,0.0,0.0,0.0,1.0,,,,,,,,,,,,,,,,,,,,,,,
2023,2021013426,2023-09-09,2000067.0,渡部 健人,8.0,一,7,1.0,1.0,4.0,4.0,1.0,1.0,1.0,0.0,0.0,0.0,0.0,,0.0,0.0,0.0,0.0,0.0,0.0,,,,,,,,,,,,,,,,,,,,,,,
2023,2021013426,2023-09-09,2000077.0,豆田 泰志,70.0,,7,,,,,,,,,,,,,,,,,,,4.0,1.0,0.0,0.0,0.0,0.93,1.0,1.0,,,0.0,1.0,0.0,0.0,0.0,,0.0,2.0,0.0,,4.0,29.0,
2023,2021013426,2023-09-09,2000078.0,水上 由伸,69.0,,7,,,,,,,,,,,,,,,,,,,2.0,1.0,0.0,0.0,1.0,1.42,1.0,1.0,,,0.0,1.0,1.0,1.0,0.0,,1.0,1.0,0.0,,5.0,18.0,
2023,2021013426,2023-09-09,2000080.0,五十幡 亮汰,50.0,中,8,1.0,1.0,4.0,2.0,1.0,1.0,0.0,0.0,0.0,0.0,0.0,,1.0,0.0,1.0,0.0,0.0,0.0,,,,,,,,,,,,,,,,,,,,,,,
2023,2021013426,2023-09-09,2000082.0,細川 凌平,56.0,三,8,1.0,0.0,1.0,1.0,0.0,0.0,0.0,0.0,0.0,0.0,0.0,,0.0,1.0,0.0,0.0,0.0,0.0,,,,,,,,,,,,,,,,,,,,,,,
2023,2021013426,2023-09-09,2105684.0,児玉 亮涼,0.0,二,7,1.0,0.0,0.0,0.0,0.0,0.0,0.0,0.0,0.0,0.0,0.0,,0.0,0.0,0.0,0.0,0.0,0.0,,,,,,,,,,,,,,,,,,,,,,,
2023,2021013427,2023-09-09,700087.0,角中 勝也,3.0,左,9,1.0,1.0,3.0,3.0,0.0,0.0,0.0,0.0,0.0,0.0,0.0,,0.0,2.0,0.0,0.0,0.0,1.0,,,,,,,,,,,,,,,,,,,,,,,
2023,2021013427,2023-09-09,1000014.0,荻野 貴司,0.0,右,9,1.0,1.0,4.0,3.0,0.0,0.0,0.0,0.0,0.0,0.0,0.0,,0.0,1.0,1.0,0.0,0.0,1.0,,,,,,,,,,,,,,,,,,,,,,,
2023,2021013427,2023-09-09,1000083.0,澤村 拓一,54.0,,9,,,,,,,,,,,,,,,,,,,3.0,1.0,0.0,4.0,3.0,5.1,1.0,1.0,,,2.0,1.0,0.0,0.0,0.0,,0.0,1.0,0.0,,4.0,11.0,
2023,2021013427,2023-09-09,1000155.0,美馬 学,15.0,,9,,,,,,,,,,,,,,,,,,,1.0,1.0,,2.0,8.0,4.82,7.0,7.0,,,0.0,7.0,3.0,3.0,1.0,,1.0,3.0,0.0,,27.0,102.0,
2023,2021013427,2023-09-09,1100105.0,安達 了一,3.0,遊,11,1.0,1.0,3.0,2.0,0.0,0.0,0.0,0.0,0.0,0.0,0.0,,1.0,0.0,0.0,0.0,0.0,0.0,,,,,,,,,,,,,,,,,,,,,,,
2023,2021013427,2023-09-09,1200096.0,田村 龍弘,27.0,捕,9,1.0,1.0,3.0,3.0,0.0,0.0,0.0,0.0,0.0,0.0,0.0,,0.0,1.0,0.0,0.0,0.0,0.0,,,,,,,,,,,,,,,,,,,,,,,
2023,2021013427,2023-09-09,1300100.0,森 友哉,4.0,指,11,1.0,1.0,4.0,3.0,1.0,1.0,0.0,0.0,0.0,1.0,0.0,,0.0,1.0,0.0,0.0,1.0,0.0,,,,,,,,,,,,,,,,,,,,,,,
2023,2021013427,2023-09-09,1300109.0,若月 健矢,2.0,捕,11,1.0,1.0,4.0,4.0,0.0,0.0,0.0,0.0,0.0,0.0,0.0,,0.0,2.0,0.0,0.0,0.0,0.0,,,,,,,,,,,,,,,,,,,,,,,
2023,2021013427,2023-09-09,1400188.0,中村 奨吾,8.0,二,9,1.0,1.0,3.0,3.0,0.0,0.0,0.0,0.0,0.0,0.0,0.0,,0.0,0.0,0.0,0.0,0.0,0.0,,,,,,,,,,,,,,,,,,,,,,,
2023,2021013427,2023-09-09,1400197.0,佐野 皓大,41.0,右,11,1.0,0.0,1.0,1.0,0.0,0.0,0.0,0.0,0.0,0.0,0.0,,0.0,0.0,0.0,0.0,0.0,0.0,,,,,,,,,,,,,,,,,,,,,,,
2023,2021013427,2023-09-09,1400201.0,西野 真弘,5.0,三,11,1.0,1.0,4.0,3.0,0.0,2.0,0.0,0.0,0.0,0.0,0.0,,0.0,0.0,0.0,1.0,0.0,0.0,,,,,,,,,,,,,,,,,,,,,,,
2023,2021013427,2023-09-09,1400202.0,小田 裕也,50.0,左,11,1.0,0.0,0.0,0.0,0.0,0.0,0.0,0.0,0.0,0.0,0.0,,0.0,0.0,0.0,0.0,0.0,0.0,,,,,,,,,,,,,,,,,,,,,,,
2023,2021013427,2023-09-09,1460080.0,ポランコ,22.0,指,9,1.0,1.0,3.0,3.0,0.0,0.0,0.0,0.0,0.0,0.0,0.0,,0.0,0.0,0.0,0.0,0.0,0.0,,,,,,,,,,,,,,,,,,,,,,,
2023,2021013427,2023-09-09,1500120.0,東條 大樹,20.0,,9,,,,,,,,,,,,,,,,,,,2.0,1.0,0.0,0.0,0.0,7.45,1.0,1.0,,,1.0,1.0,1.0,0.0,0.0,,0.0,0.0,0.0,,5.0,16.0,
2023,2021013427,2023-09-09,1500128.0,大城 滉二,10.0,走三,11,1.0,0.0,0.0,0.0,1.0,0.0,0.0,0.0,0.0,0.0,0.0,,0.0,0.0,0.0,0.0,0.0,0.0,,,,,,,,,,,,,,,,,,,,,,,
2023,2021013427,2023-09-09,1500135.0,杉本 裕太郎,99.0,左,11,1.0,1.0,4.0,4.0,1.0,1.0,0.0,0.0,1.0,3.0,0.0,,0.0,1.0,0.0,0.0,0.0,0.0,,,,,,,,,,,,,,,,,,,,,,,
2023,2021013427,2023-09-09,1600153.0,山本 由伸,18.0,,11,,,,,,,,,,,,,,,,,,,1.0,1.0,,14.0,5.0,1.26,9.0,9.0,,,0.0,0.0,0.0,0.0,0.0,,1.0,8.0,1.0,,29.0,102.0,
2023,2021013427,2023-09-09,1700092.0,安田 尚憲,5.0,三,9,1.0,1.0,3.0,2.0,0.0,0.0,0.0,0.0,0.0,0.0,0.0,,1.0,1.0,0.0,0.0,0.0,0.0,,,,,,,,,,,,,,,,,,,,,,,
2023,2021013427,2023-09-09,1700093.0,藤岡 裕大,4.0,遊,9,1.0,1.0,4.0,4.0,0.0,0.0,0.0,0.0,0.0,0.0,0.0,,0.0,2.0,0.0,0.0,0.0,0.0,,,,,,,,,,,,,,,,,,,,,,,
2023,2021013427,2023-09-09,1700116.0,山足 達也,36.0,一,11,1.0,0.0,0.0,0.0,0.0,0.0,0.0,0.0,0.0,0.0,0.0,,0.0,0.0,0.0,0.0,0.0,0.0,,,,,,,,,,,,,,,,,,,,,,,
2023,2021013427,2023-09-09,1800050.0,藤原 恭大,1.0,中,9,1.0,1.0,3.0,3.0,0.0,0.0,0.0,0.0,0.0,0.0,0.0,,0.0,0.0,0.0,0.0,0.0,0.0,,,,,,,,,,,,,,,,,,,,,,,
2023,2021013427,2023-09-09,1800053.0,山口 航輝,51.0,一,9,1.0,1.0,3.0,3.0,0.0,0.0,0.0,0.0,0.0,0.0,0.0,,0.0,1.0,0.0,0.0,0.0,0.0,,,,,,,,,,,,,,,,,,,,,,,
2023,2021013427,2023-09-09,1800099.0,頓宮 裕真,44.0,一,11,1.0,1.0,4.0,4.0,1.0,1.0,1.0,0.0,0.0,0.0,0.0,,0.0,0.0,0.0,0.0,0.0,0.0,,,,,,,,,,,,,,,,,,,,,,,
2023,2021013427,2023-09-09,1800102.0,宜保 翔,53.0,二,11,1.0,1.0,4.0,4.0,0.0,2.0,0.0,0.0,0.0,0.0,0.0,,0.0,0.0,0.0,0.0,0.0,0.0,,,,,,,,,,,,,,,,,,,,,,,
2023,2021013427,2023-09-09,1800104.0,中川 圭太,67.0,中,11,1.0,1.0,4.0,4.0,0.0,1.0,0.0,0.0,0.0,0.0,0.0,,0.0,0.0,0.0,0.0,0.0,0.0,,,,,,,,,,,,,,,,,,,,,,,
2023,2021013427,2023-09-09,1900088.0,紅林 弘太郎,24.0,遊,11,1.0,0.0,1.0,1.0,0.0,1.0,0.0,0.0,0.0,0.0,0.0,,0.0,0.0,0.0,0.0,0.0,0.0,,,,,,,,,,,,,,,,,,,,,,,
2023,2021013427,2023-09-09,2000089.0,小川 龍成,57.0,走,9,1.0,0.0,0.0,0.0,0.0,0.0,0.0,0.0,0.0,0.0,0.0,,0.0,0.0,0.0,0.0,0.0,0.0,,,,,,,,,,,,,,,,,,,,,,,
2023,2021013427,2023-09-09,2050254.0,池田 陵真,39.0,右,11,1.0,1.0,3.0,3.0,0.0,0.0,0.0,0.0,0.0,0.0,0.0,,0.0,0.0,0.0,0.0,0.0,0.0,,,,,,,,,,,,,,,,,,,,,,,
2023,2021013428,2023-09-09,20204.0,和田 毅,21.0,,12,,,,,,,,,,,,,,,,,,,1.0,1.0,,6.0,5.0,3.09,5.0,5.0,,,0.0,6.0,2.0,2.0,0.0,,2.0,5.0,0.0,,23.0,97.0,
2023,2021013428,2023-09-09,700069.0,田中 将大,18.0,,376,,,,,,,,,,,,,,,,,,,1.0,1.0,,7.0,9.0,4.82,6.0,6.0,,,0.0,7.0,5.0,5.0,0.0,,1.0,6.0,0.0,,25.0,87.0,
2023,2021013428,2023-09-09,800081.0,中村 晃,7.0,一,12,1.0,1.0,4.0,3.0,1.0,0.0,0.0,0.0,0.0,0.0,0.0,,1.0,0.0,0.0,0.0,0.0,0.0,,,,,,,,,,,,,,,,,,,,,,,
2023,2021013428,2023-09-09,900056.0,浅村 栄斗,3.0,指,376,1.0,1.0,4.0,4.0,0.0,0.0,0.0,0.0,0.0,0.0,0.0,,0.0,3.0,0.0,0.0,0.0,0.0,,,,,,,,,,,,,,,,,,,,,,,
2023,2021013428,2023-09-09,1000035.0,今宮 健太,6.0,遊,12,1.0,1.0,4.0,4.0,2.0,1.0,1.0,0.0,0.0,2.0,0.0,,0.0,1.0,0.0,0.0,0.0,1.0,,,,,,,,,,,,,,,,,,,,,,,
2023,2021013428,2023-09-09,1000128.0,柳田 悠岐,9.0,指,12,1.0,1.0,4.0,4.0,1.0,1.0,1.0,0.0,0.0,0.0,0.0,,0.0,1.0,0.0,0.0,0.0,0.0,,,,,,,,,,,,,,,,,,,,,,,
2023,2021013428,2023-09-09,1000176.0,甲斐 拓也,19.0,捕,12,1.0,1.0,4.0,4.0,0.0,2.0,0.0,0.0,0.0,1.0,0.0,,0.0,1.0,0.0,0.0,0.0,0.0,,,,,,,,,,,,,,,,,,,,,,,
2023,2021013428,2023-09-09,1100097.0,近藤 健介,3.0,左,12,1.0,1.0,4.0,3.0,1.0,1.0,1.0,0.0,0.0,0.0,0.0,,1.0,0.0,0.0,0.0,0.0,0.0,,,,,,,,,,,,,,,,,,,,,,,
2023,2021013428,2023-09-09,1100130.0,岡島 豪郎,27.0,右,376,1.0,1.0,4.0,2.0,0.0,0.0,0.0,0.0,0.0,0.0,0.0,,2.0,0.0,0.0,0.0,0.0,0.0,,,,,,,,,,,,,,,,,,,,,,,
2023,2021013428,2023-09-09,1100132.0,島内 宏明,35.0,左,376,1.0,1.0,5.0,4.0,0.0,1.0,0.0,0.0,0.0,2.0,0.0,,1.0,0.0,0.0,0.0,0.0,0.0,,,,,,,,,,,,,,,,,,,,,,,
2023,2021013428,2023-09-09,1300063.0,又吉 克樹,14.0,,12,,,,,,,,,,,,,,,,,,,2.0,1.0,0.0,1.0,1.0,1.89,1.0,1.0,,,0.0,0.0,0.0,0.0,0.0,,0.0,1.0,0.0,,3.0,10.0,
2023,2021013428,2023-09-09,1300079.0,上林 誠知,51.0,走右,12,1.0,0.0,1.0,1.0,2.0,1.0,1.0,0.0,0.0,0.0,0.0,,0.0,0.0,0.0,0.0,0.0,0.0,,,,,,,,,,,,,,,,,,,,,,,
2023,2021013428,2023-09-09,1400126.0,松本 裕樹,66.0,,12,,,,,,,,,,,,,,,,,,,5.0,1.0,0.0,2.0,2.0,3.0,1.0,1.0,,,0.0,0.0,0.0,0.0,0.0,,1.0,0.0,0.0,,4.0,19.0,
2023,2021013428,2023-09-09,1400139.0,安樂 智大,20.0,,376,,,,,,,,,,,,,,,,,,,2.0,1.0,0.0,2.0,1.0,2.66,1.0,1.0,,,0.0,1.0,0.0,0.0,0.0,,0.0,1.0,1.0,,5.0,21.0,
2023,2021013428,2023-09-09,1400176.0,藤井 皓哉,48.0,,12,,,,,,,,,,,,,,,,,,,4.0,1.0,0.0,5.0,3.0,2.44,1.0,1.0,,,0.0,1.0,0.0,0.0,0.0,,1.0,2.0,0.0,,5.0,24.0,
2023,2021013428,2023-09-09,1460250.0,フランコ,23.0,三,376,1.0,1.0,4.0,4.0,0.0,0.0,0.0,0.0,0.0,0.0,0.0,,0.0,2.0,0.0,0.0,0.0,0.0,,,,,,,,,,,,,,,,,,,,,,,
2023,2021013428,2023-09-09,1500078.0,阿部 寿樹,4.0,一,376,1.0,1.0,4.0,4.0,0.0,1.0,0.0,0.0,0.0,0.0,0.0,,0.0,0.0,0.0,0.0,0.0,0.0,,,,,,,,,,,,,,,,,,,,,,,
2023,2021013428,2023-09-09,1500140.0,谷川原 健太,45.0,走左,12,1.0,0.0,0.0,0.0,0.0,0.0,0.0,0.0,0.0,0.0,0.0,,0.0,0.0,0.0,0.0,0.0,0.0,,,,,,,,,,,,,,,,,,,,,,,
2023,2021013428,2023-09-09,1500143.0,川瀬 晃,0.0,一,12,1.0,0.0,0.0,0.0,0.0,0.0,0.0,0.0,0.0,0.0,0.0,,0.0,0.0,0.0,0.0,0.0,0.0,,,,,,,,,,,,,,,,,,,,,,,
2023,2021013428,2023-09-09,1600007.0,村林 一輝,66.0,遊,376,1.0,1.0,4.0,3.0,0.0,0.0,0.0,0.0,0.0,0.0,0.0,,0.0,2.0,0.0,1.0,0.0,0.0,,,,,,,,,,,,,,,,,,,,,,,
2023,2021013428,2023-09-09,1600167.0,三森 大貴,13.0,二,12,1.0,1.0,4.0,4.0,0.0,2.0,0.0,0.0,0.0,1.0,0.0,,0.0,0.0,0.0,0.0,0.0,0.0,,,,,,,,,,,,,,,,,,,,,,,
2023,2021013428,2023-09-09,1700131.0,増田 珠,33.0,打,12,1.0,0.0,1.0,0.0,0.0,0.0,0.0,0.0,0.0,0.0,0.0,,0.0,0.0,1.0,0.0,0.0,0.0,,,,,,,,,,,,,,,,,,,,,,,
2023,2021013428,2023-09-09,1700135.0,周東 佑京,23.0,中,12,1.0,1.0,5.0,4.0,0.0,0.0,0.0,0.0,0.0,1.0,0.0,,0.0,1.0,0.0,0.0,1.0,0.0,,,,,,,,,,,,,,,,,,,,,,,
2023,2021013428,2023-09-09,1800044.0,伊藤 裕季也,39.0,走,376,1.0,0.0,0.0,0.0,0.0,0.0,0.0,0.0,0.0,0.0,0.0,,0.0,0.0,0.0,0.0,0.0,0.0,,,,,,,,,,,,,,,,,,,,,,,
2023,2021013428,2023-09-09,1800106.0,甲斐野 央,20.0,,12,,,,,,,,,,,,,,,,,,,3.0,1.0,0.0,2.0,1.0,2.52,1.0,1.0,,,2.0,1.0,0.0,0.0,0.0,,0.0,1.0,0.0,,4.0,10.0,
2023,2021013428,2023-09-09,1800117.0,辰己 涼介,8.0,中,376,1.0,1.0,4.0,4.0,0.0,2.0,0.0,0.0,0.0,0.0,0.0,,0.0,1.0,0.0,0.0,0.0,0.0,,,,,,,,,,,,,,,,,,,,,,,
2023,2021013428,2023-09-09,1800123.0,小郷 裕哉,51.0,打,376,1.0,0.0,1.0,1.0,0.0,0.0,0.0,0.0,0.0,0.0,0.0,,0.0,0.0,0.0,0.0,0.0,0.0,,,,,,,,,,,,,,,,,,,,,,,
2023,2021013428,2023-09-09,1900104.0,柳町 達,32.0,右,12,1.0,1.0,3.0,3.0,0.0,2.0,0.0,0.0,0.0,1.0,0.0,,0.0,1.0,0.0,0.0,0.0,0.0,,,,,,,,,,,,,,,,,,,,,,,
2023,2021013428,2023-09-09,1900112.0,小深田 大翔,0.0,二,376,1.0,1.0,5.0,3.0,1.0,1.0,0.0,0.0,0.0,0.0,0.0,,0.0,1.0,0.0,2.0,0.0,0.0,,,,,,,,,,,,,,,,,,,,,,,
2023,2021013428,2023-09-09,2000108.0,井上 朋也,43.0,三,12,1.0,1.0,2.0,2.0,0.0,0.0,0.0,0.0,0.0,0.0,0.0,,0.0,2.0,0.0,0.0,0.0,0.0,,,,,,,,,,,,,,,,,,,,,,,
2023,2021013428,2023-09-09,2000126.0,内 星龍,69.0,,376,,,,,,,,,,,,,,,,,,,3.0,1.0,0.0,4.0,2.0,2.7,1.0,1.0,,,0.0,2.0,2.0,0.0,0.0,,1.0,0.0,0.0,,7.0,20.0,
2023,2021013428,2023-09-09,2103740.0,安田 悠馬,55.0,捕,376,1.0,1.0,4.0,3.0,1.0,3.0,0.0,0.0,0.0,0.0,0.0,,1.0,0.0,0.0,0.0,0.0,0.0,,,,,,,,,,,,,,,,,,,,,,,
2023,2021013428,2023-09-09,2104035.0,野村 勇,99.0,走三,12,1.0,0.0,1.0,1.0,0.0,0.0,0.0,0.0,0.0,0.0,0.0,,0.0,0.0,0.0,0.0,0.0,0.0,,,,,,,,,,,,,,,,,,,,,,,
2023,2021013429,2023-09-10,700003.0,坂本 勇人,6.0,三,1,1.0,1.0,3.0,3.0,1.0,1.0,0.0,0.0,1.0,1.0,0.0,,0.0,1.0,0.0,0.0,0.0,0.0,,,,,,,,,,,,,,,,,,,,,,,
2023,2021013429,2023-09-10,700027.0,梶谷 隆幸,13.0,右左,1,1.0,1.0,4.0,4.0,1.0,2.0,0.0,0.0,0.0,0.0,0.0,,0.0,1.0,0.0,0.0,0.0,0.0,,,,,,,,,,,,,,,,,,,,,,,
2023,2021013429,2023-09-10,800043.0,丸 佳浩,8.0,中,1,1.0,1.0,4.0,3.0,0.0,0.0,0.0,0.0,0.0,0.0,1.0,,1.0,0.0,0.0,0.0,0.0,0.0,,,,,,,,,,,,,,,,,,,,,,,
2023,2021013429,2023-09-10,900410.0,大島 洋平,8.0,打,4,1.0,0.0,1.0,1.0,0.0,1.0,0.0,0.0,0.0,0.0,0.0,,0.0,0.0,0.0,0.0,0.0,0.0,,,,,,,,,,,,,,,,,,,,,,,
2023,2021013429,2023-09-10,1400101.0,岡本 和真,25.0,一,1,1.0,1.0,4.0,4.0,0.0,0.0,0.0,0.0,0.0,0.0,0.0,,0.0,2.0,0.0,0.0,0.0,0.0,,,,,,,,,,,,,,,,,,,,,,,
2023,2021013429,2023-09-10,1500049.0,宇佐見 真吾,39.0,捕,4,1.0,1.0,4.0,4.0,0.0,0.0,0.0,0.0,0.0,0.0,0.0,,0.0,2.0,0.0,0.0,0.0,0.0,,,,,,,,,,,,,,,,,,,,,,,
2023,2021013429,2023-09-10,1500052.0,中川 皓太,41.0,投,1,1.0,0.0,0.0,0.0,0.0,0.0,0.0,0.0,0.0,0.0,0.0,,0.0,0.0,0.0,0.0,0.0,0.0,5.0,1.0,0.0,1.0,3.0,1.88,1.0,1.0,,,12.0,0.0,0.0,0.0,0.0,,0.0,2.0,0.0,,3.0,14.0,
2023,2021013429,2023-09-10,1500076.0,木下 拓哉,35.0,打,4,1.0,0.0,1.0,0.0,0.0,0.0,0.0,0.0,0.0,0.0,0.0,,0.0,0.0,0.0,1.0,0.0,0.0,,,,,,,,,,,,,,,,,,,,,,,
2023,2021013429,2023-09-10,1560639.0,カリステ,99.0,遊,4,1.0,1.0,4.0,4.0,0.0,2.0,1.0,0.0,0.0,0.0,0.0,,0.0,0.0,0.0,0.0,0.0,0.0,,,,,,,,,,,,,,,,,,,,,,,
2023,2021013429,2023-09-10,1561778.0,バルドナード,49.0,投,1,1.0,0.0,0.0,0.0,0.0,0.0,0.0,0.0,0.0,0.0,0.0,,0.0,0.0,0.0,0.0,0.0,0.0,4.0,1.0,0.0,2.0,1.0,2.2,1.0,1.0,,,0.0,1.0,0.0,0.0,0.0,,1.0,0.0,0.0,,5.0,31.0,
2023,2021013429,2023-09-10,1600021.0,ビシエド,66.0,一,4,1.0,1.0,4.0,4.0,1.0,1.0,1.0,0.0,0.0,0.0,0.0,,0.0,0.0,0.0,0.0,0.0,0.0,,,,,,,,,,,,,,,,,,,,,,,
2023,2021013429,2023-09-10,1600059.0,吉川 尚輝,2.0,二,1,1.0,1.0,3.0,2.0,0.0,0.0,0.0,0.0,0.0,0.0,0.0,,1.0,0.0,0.0,0.0,0.0,0.0,,,,,,,,,,,,,,,,,,,,,,,
2023,2021013429,2023-09-10,1600085.0,細川 成也,0.0,右,4,1.0,1.0,4.0,4.0,0.0,0.0,0.0,0.0,0.0,0.0,0.0,,0.0,3.0,0.0,0.0,0.0,0.0,,,,,,,,,,,,,,,,,,,,,,,
2023,2021013429,2023-09-10,1600106.0,柳 裕也,17.0,投,4,1.0,1.0,2.0,1.0,0.0,0.0,0.0,0.0,0.0,0.0,0.0,,0.0,0.0,0.0,1.0,0.0,0.0,1.0,1.0,,4.0,10.0,2.59,6.0,6.0,,,0.0,4.0,2.0,2.0,1.0,,2.0,6.0,0.0,,24.0,112.0,
2023,2021013429,2023-09-10,1600108.0,石垣 雅海,32.0,二,4,1.0,0.0,0.0,0.0,0.0,0.0,0.0,0.0,0.0,0.0,0.0,,0.0,0.0,0.0,0.0,0.0,0.0,,,,,,,,,,,,,,,,,,,,,,,
2023,2021013429,2023-09-10,1651302.0,岡田 悠希,38.0,打右,1,1.0,0.0,1.0,1.0,0.0,0.0,0.0,0.0,0.0,0.0,0.0,,0.0,0.0,0.0,0.0,0.0,0.0,,,,,,,,,,,,,,,,,,,,,,,
2023,2021013429,2023-09-10,1660045.0,フェリス,93.0,投,4,1.0,0.0,0.0,0.0,0.0,0.0,0.0,0.0,0.0,0.0,0.0,,0.0,0.0,0.0,0.0,0.0,0.0,2.0,1.0,0.0,1.0,0.0,0.0,1.0,1.0,,,0.0,0.0,0.0,0.0,0.0,,0.0,0.0,0.0,,3.0,12.0,
2023,2021013429,2023-09-10,1660388.0,メンデス,65.0,投,1,1.0,1.0,2.0,2.0,0.0,0.0,0.0,0.0,0.0,0.0,0.0,,0.0,2.0,0.0,0.0,0.0,0.0,1.0,1.0,,5.0,4.0,2.13,5.666666666666667,5.2,,,0.0,3.0,0.0,0.0,0.0,,1.0,3.0,0.0,,20.0,74.0,
2023,2021013429,2023-09-10,1700044.0,大城 卓三,24.0,捕,1,1.0,1.0,3.0,3.0,0.0,0.0,0.0,0.0,0.0,0.0,0.0,,0.0,2.0,0.0,0.0,0.0,0.0,,,,,,,,,,,,,,,,,,,,,,,
2023,2021013429,2023-09-10,1850809.0,松井 颯,93.0,投,1,1.0,0.0,0.0,0.0,0.0,0.0,0.0,0.0,0.0,0.0,0.0,,0.0,0.0,0.0,0.0,0.0,0.0,2.0,1.0,0.0,1.0,1.0,3.12,0.3333333333333333,0.1,,,0.0,0.0,0.0,0.0,0.0,,0.0,0.0,0.0,,1.0,6.0,
2023,2021013429,2023-09-10,1900037.0,石川 昂弥,25.0,三,4,1.0,1.0,3.0,3.0,0.0,1.0,0.0,0.0,0.0,1.0,0.0,,0.0,0.0,0.0,0.0,0.0,0.0,,,,,,,,,,,,,,,,,,,,,,,
2023,2021013429,2023-09-10,1900041.0,岡林 勇希,60.0,中,4,1.0,1.0,4.0,3.0,0.0,0.0,0.0,0.0,0.0,0.0,0.0,,1.0,1.0,0.0,0.0,0.0,0.0,,,,,,,,,,,,,,,,,,,,,,,
2023,2021013429,2023-09-10,2000009.0,秋広 優人,55.0,左,1,1.0,1.0,3.0,3.0,0.0,0.0,0.0,0.0,0.0,0.0,0.0,,0.0,0.0,0.0,0.0,0.0,0.0,,,,,,,,,,,,,,,,,,,,,,,
2023,2021013429,2023-09-10,2000047.0,三好 大倫,30.0,走左,4,1.0,0.0,0.0,0.0,0.0,0.0,0.0,0.0,0.0,0.0,0.0,,0.0,0.0,0.0,0.0,0.0,0.0,,,,,,,,,,,,,,,,,,,,,,,
2023,2021013429,2023-09-10,2103705.0,菊地 大稀,96.0,投,1,1.0,0.0,0.0,0.0,0.0,0.0,0.0,0.0,0.0,0.0,0.0,,0.0,0.0,0.0,0.0,0.0,0.0,3.0,1.0,0.0,4.0,3.0,3.4,1.0,1.0,,,0.0,2.0,1.0,1.0,0.0,,0.0,2.0,0.0,,4.0,14.0,
2023,2021013429,2023-09-10,2103780.0,福永 裕基,68.0,二,4,1.0,1.0,2.0,1.0,0.0,0.0,0.0,0.0,0.0,0.0,0.0,,1.0,0.0,0.0,0.0,0.0,0.0,,,,,,,,,,,,,,,,,,,,,,,
2023,2021013429,2023-09-10,2103840.0,ブライト 健太,42.0,左,4,1.0,1.0,4.0,4.0,0.0,1.0,0.0,0.0,0.0,0.0,0.0,,0.0,1.0,0.0,0.0,0.0,0.0,,,,,,,,,,,,,,,,,,,,,,,
2023,2021013429,2023-09-10,2107869.0,松山 晋也,90.0,投,4,1.0,0.0,0.0,0.0,0.0,0.0,0.0,0.0,0.0,0.0,0.0,,0.0,0.0,0.0,0.0,0.0,0.0,3.0,1.0,0.0,0.0,0.0,1.01,1.0,1.0,,,0.0,1.0,0.0,0.0,0.0,,0.0,2.0,0.0,,4.0,20.0,
2023,2021013429,2023-09-10,2107874.0,門脇 誠,35.0,遊,1,1.0,1.0,4.0,3.0,0.0,2.0,1.0,0.0,0.0,1.0,1.0,,0.0,0.0,0.0,1.0,0.0,0.0,,,,,,,,,,,,,,,,,,,,,,,
2023,2021013430,2023-09-10,400021.0,青木 宣親,23.0,打,2,1.0,0.0,1.0,1.0,0.0,0.0,0.0,0.0,0.0,0.0,0.0,,0.0,0.0,0.0,0.0,0.0,0.0,,,,,,,,,,,,,,,,,,,,,,,
2023,2021013430,2023-09-10,600003.0,大和,9.0,遊,3,1.0,1.0,4.0,3.0,0.0,1.0,0.0,0.0,0.0,1.0,0.0,,1.0,0.0,0.0,0.0,0.0,1.0,,,,,,,,,,,,,,,,,,,,,,,
2023,2021013430,2023-09-10,600011.0,川端 慎吾,5.0,打,2,1.0,0.0,1.0,1.0,0.0,0.0,0.0,0.0,0.0,0.0,0.0,,0.0,0.0,0.0,0.0,0.0,0.0,,,,,,,,,,,,,,,,,,,,,,,
2023,2021013430,2023-09-10,1000132.0,山田 哲人,1.0,二,2,1.0,1.0,4.0,4.0,1.0,1.0,0.0,0.0,0.0,1.0,0.0,,0.0,2.0,0.0,0.0,0.0,0.0,,,,,,,,,,,,,,,,,,,,,,,
2023,2021013430,2023-09-10,1100061.0,桑原 将志,1.0,中,3,1.0,1.0,4.0,3.0,1.0,0.0,0.0,0.0,0.0,0.0,0.0,,1.0,3.0,0.0,0.0,0.0,0.0,,,,,,,,,,,,,,,,,,,,,,,
2023,2021013430,2023-09-10,1200053.0,宮崎 敏郎,51.0,三,3,1.0,1.0,4.0,4.0,0.0,2.0,1.0,0.0,0.0,2.0,0.0,,0.0,0.0,0.0,0.0,0.0,0.0,,,,,,,,,,,,,,,,,,,,,,,
2023,2021013430,2023-09-10,1200075.0,石山 泰稚,12.0,投,2,1.0,0.0,0.0,0.0,0.0,0.0,0.0,0.0,0.0,0.0,0.0,,0.0,0.0,0.0,0.0,0.0,0.0,3.0,1.0,0.0,3.0,6.0,4.17,1.0,1.0,,,0.0,0.0,0.0,0.0,0.0,,0.0,0.0,0.0,,3.0,9.0,
2023,2021013430,2023-09-10,1300038.0,関根 大気,63.0,右,3,1.0,0.0,1.0,1.0,0.0,0.0,0.0,0.0,0.0,0.0,0.0,,0.0,0.0,0.0,0.0,0.0,0.0,,,,,,,,,,,,,,,,,,,,,,,
2023,2021013430,2023-09-10,1300045.0,高梨 裕稔,14.0,投,2,1.0,0.0,0.0,0.0,0.0,0.0,0.0,0.0,0.0,0.0,0.0,,0.0,0.0,0.0,0.0,0.0,0.0,2.0,1.0,0.0,0.0,3.0,5.85,2.6666666666666665,2.2,,,0.0,2.0,0.0,0.0,0.0,,1.0,1.0,0.0,,11.0,46.0,
2023,2021013430,2023-09-10,1500063.0,柴田 竜拓,31.0,三,3,1.0,0.0,0.0,0.0,0.0,0.0,0.0,0.0,0.0,0.0,0.0,,0.0,0.0,0.0,0.0,0.0,0.0,,,,,,,,,,,,,,,,,,,,,,,
2023,2021013430,2023-09-10,1561880.0,ウェンデルケン,49.0,投,3,1.0,0.0,0.0,0.0,0.0,0.0,0.0,0.0,0.0,0.0,0.0,,0.0,0.0,0.0,0.0,0.0,0.0,2.0,1.0,0.0,1.0,2.0,1.95,0.6666666666666666,0.2,,,0.0,3.0,2.0,2.0,0.0,,0.0,0.0,0.0,,5.0,26.0,
2023,2021013430,2023-09-10,1600081.0,濱口 遥大,26.0,投,3,1.0,1.0,3.0,3.0,1.0,1.0,0.0,0.0,0.0,0.0,0.0,,0.0,0.0,0.0,0.0,0.0,0.0,1.0,1.0,,3.0,6.0,5.01,7.333333333333333,7.1,,,0.0,5.0,2.0,2.0,1.0,,3.0,6.0,0.0,,28.0,111.0,
2023,2021013430,2023-09-10,1600089.0,佐野 恵太,7.0,左,3,1.0,1.0,4.0,4.0,2.0,3.0,1.0,0.0,0.0,2.0,0.0,,0.0,0.0,0.0,0.0,0.0,0.0,,,,,,,,,,,,,,,,,,,,,,,
2023,2021013430,2023-09-10,1600096.0,森原 康平,68.0,投,3,1.0,0.0,0.0,0.0,0.0,0.0,0.0,0.0,0.0,0.0,0.0,,0.0,0.0,0.0,0.0,0.0,0.0,3.0,1.0,0.0,2.0,1.0,2.45,1.0,1.0,,,12.0,0.0,0.0,0.0,0.0,,1.0,0.0,0.0,,5.0,20.0,
2023,2021013430,2023-09-10,1700065.0,楠本 泰史,37.0,打,3,1.0,0.0,1.0,1.0,0.0,0.0,0.0,0.0,0.0,0.0,0.0,,0.0,0.0,0.0,0.0,0.0,0.0,,,,,,,,,,,,,,,,,,,,,,,
2023,2021013430,2023-09-10,1700066.0,山本 祐大,50.0,捕,3,1.0,1.0,4.0,3.0,0.0,0.0,0.0,0.0,0.0,0.0,0.0,,1.0,0.0,0.0,0.0,0.0,0.0,,,,,,,,,,,,,,,,,,,,,,,
2023,2021013430,2023-09-10,1700084.0,村上 宗隆,55.0,三,2,1.0,1.0,4.0,4.0,0.0,2.0,1.0,0.0,0.0,1.0,0.0,,0.0,2.0,0.0,0.0,0.0,0.0,,,,,,,,,,,,,,,,,,,,,,,
2023,2021013430,2023-09-10,1700087.0,塩見 泰隆,9.0,中,2,1.0,1.0,5.0,5.0,0.0,0.0,0.0,0.0,0.0,0.0,0.0,,0.0,1.0,0.0,0.0,0.0,0.0,,,,,,,,,,,,,,,,,,,,,,,
2023,2021013430,2023-09-10,1700089.0,宮本 丈,39.0,打,2,1.0,0.0,1.0,0.0,0.0,0.0,0.0,0.0,0.0,0.0,0.0,,1.0,0.0,0.0,0.0,0.0,0.0,,,,,,,,,,,,,,,,,,,,,,,
2023,2021013430,2023-09-10,1800036.0,濱田 太貴,51.0,左,2,1.0,1.0,3.0,3.0,0.0,1.0,0.0,0.0,0.0,0.0,0.0,,0.0,1.0,0.0,0.0,0.0,0.0,,,,,,,,,,,,,,,,,,,,,,,
2023,2021013430,2023-09-10,1800048.0,知野 直人,60.0,一,3,1.0,1.0,4.0,2.0,1.0,0.0,0.0,0.0,0.0,0.0,0.0,,2.0,1.0,0.0,0.0,0.0,0.0,,,,,,,,,,,,,,,,,,,,,,,
2023,2021013430,2023-09-10,1900028.0,長岡 秀樹,7.0,遊,2,1.0,1.0,3.0,2.0,0.0,0.0,0.0,0.0,0.0,0.0,0.0,,1.0,0.0,0.0,0.0,0.0,0.0,,,,,,,,,,,,,,,,,,,,,,,
2023,2021013430,2023-09-10,1961169.0,アンバギー,42.0,右,3,1.0,1.0,3.0,3.0,0.0,0.0,0.0,0.0,0.0,0.0,0.0,,0.0,1.0,0.0,0.0,0.0,0.0,,,,,,,,,,,,,,,,,,,,,,,
2023,2021013430,2023-09-10,2000025.0,山野 太一,26.0,投,2,1.0,1.0,2.0,2.0,0.0,0.0,0.0,0.0,0.0,0.0,0.0,,0.0,0.0,0.0,0.0,0.0,0.0,1.0,1.0,,1.0,2.0,5.28,4.333333333333333,4.1,,,0.0,6.0,6.0,6.0,0.0,,4.0,4.0,0.0,,22.0,78.0,
2023,2021013430,2023-09-10,2000026.0,内山 壮真,33.0,捕,2,1.0,1.0,4.0,4.0,0.0,1.0,1.0,0.0,0.0,0.0,0.0,,0.0,0.0,0.0,0.0,0.0,0.0,,,,,,,,,,,,,,,,,,,,,,,
2023,2021013430,2023-09-10,2000031.0,赤羽 由紘,71.0,打左,2,1.0,0.0,1.0,0.0,1.0,0.0,0.0,0.0,0.0,0.0,0.0,,1.0,0.0,0.0,0.0,0.0,0.0,,,,,,,,,,,,,,,,,,,,,,,
2023,2021013430,2023-09-10,2000035.0,牧 秀悟,2.0,二,3,1.0,1.0,4.0,4.0,1.0,1.0,1.0,0.0,0.0,1.0,0.0,,0.0,0.0,0.0,0.0,0.0,0.0,,,,,,,,,,,,,,,,,,,,,,,
2023,2021013430,2023-09-10,2000133.0,オスナ,13.0,一,2,1.0,1.0,5.0,4.0,2.0,2.0,0.0,0.0,1.0,1.0,0.0,,1.0,0.0,0.0,0.0,0.0,0.0,,,,,,,,,,,,,,,,,,,,,,,
2023,2021013430,2023-09-10,2000135.0,サンタナ,25.0,右,2,1.0,1.0,4.0,4.0,0.0,1.0,0.0,0.0,0.0,1.0,0.0,,0.0,0.0,0.0,0.0,0.0,0.0,,,,,,,,,,,,,,,,,,,,,,,
2023,2021013431,2023-09-10,700050.0,會澤 翼,27.0,捕,6,1.0,1.0,3.0,3.0,0.0,0.0,0.0,0.0,0.0,0.0,0.0,,0.0,1.0,0.0,0.0,0.0,0.0,,,,,,,,,,,,,,,,,,,,,,,
2023,2021013431,2023-09-10,900426.0,原口 文仁,94.0,打,5,1.0,0.0,1.0,1.0,0.0,1.0,0.0,0.0,0.0,0.0,0.0,,0.0,0.0,0.0,0.0,0.0,0.0,,,,,,,,,,,,,,,,,,,,,,,
2023,2021013431,2023-09-10,900430.0,堂林 翔太,7.0,左,6,1.0,1.0,4.0,4.0,0.0,1.0,0.0,0.0,0.0,0.0,0.0,,0.0,2.0,0.0,0.0,0.0,0.0,,,,,,,,,,,,,,,,,,,,,,,
2023,2021013431,2023-09-10,1000098.0,磯村 嘉孝,40.0,打,6,1.0,0.0,1.0,1.0,0.0,0.0,0.0,0.0,0.0,0.0,0.0,,0.0,0.0,0.0,0.0,0.0,0.0,,,,,,,,,,,,,,,,,,,,,,,
2023,2021013431,2023-09-10,1300058.0,九里 亜蓮,11.0,投,6,1.0,1.0,2.0,2.0,0.0,0.0,0.0,0.0,0.0,0.0,0.0,,0.0,1.0,0.0,0.0,0.0,0.0,1.0,1.0,,7.0,7.0,2.64,7.666666666666667,7.2,,,0.0,3.0,5.0,4.0,0.0,,6.0,4.0,1.0,,33.0,127.0,
2023,2021013431,2023-09-10,1300059.0,田中 広輔,2.0,遊,6,1.0,1.0,3.0,3.0,0.0,0.0,0.0,0.0,0.0,0.0,0.0,,0.0,0.0,0.0,0.0,0.0,2.0,,,,,,,,,,,,,,,,,,,,,,,
2023,2021013431,2023-09-10,1300070.0,岩貞 祐太,14.0,投,5,1.0,0.0,0.0,0.0,0.0,0.0,0.0,0.0,0.0,0.0,0.0,,0.0,0.0,0.0,0.0,0.0,0.0,2.0,1.0,0.0,1.0,0.0,2.61,1.0,1.0,,,0.0,1.0,0.0,0.0,0.0,,0.0,1.0,0.0,,4.0,12.0,
2023,2021013431,2023-09-10,1400173.0,野間 峻祥,37.0,中,6,1.0,1.0,4.0,4.0,0.0,2.0,0.0,0.0,0.0,0.0,0.0,,0.0,1.0,0.0,0.0,0.0,0.0,,,,,,,,,,,,,,,,,,,,,,,
2023,2021013431,2023-09-10,1460004.0,デビッドソン,95.0,三,6,1.0,1.0,3.0,3.0,0.0,0.0,0.0,0.0,0.0,0.0,0.0,,0.0,2.0,0.0,0.0,0.0,0.0,,,,,,,,,,,,,,,,,,,,,,,
2023,2021013431,2023-09-10,1500087.0,坂本 誠志郎,12.0,捕,5,1.0,1.0,4.0,3.0,0.0,0.0,0.0,0.0,0.0,0.0,0.0,,1.0,1.0,0.0,0.0,0.0,0.0,,,,,,,,,,,,,,,,,,,,,,,
2023,2021013431,2023-09-10,1600113.0,大山 悠輔,3.0,一,5,1.0,1.0,4.0,3.0,0.0,0.0,0.0,0.0,0.0,0.0,0.0,,0.0,0.0,1.0,0.0,0.0,0.0,,,,,,,,,,,,,,,,,,,,,,,
2023,2021013431,2023-09-10,1600117.0,糸原 健斗,33.0,打,5,1.0,0.0,1.0,1.0,0.0,1.0,0.0,0.0,0.0,2.0,0.0,,0.0,0.0,0.0,0.0,0.0,0.0,,,,,,,,,,,,,,,,,,,,,,,
2023,2021013431,2023-09-10,1700080.0,島田 海吏,53.0,走左,5,1.0,0.0,0.0,0.0,0.0,0.0,0.0,0.0,0.0,0.0,0.0,,0.0,0.0,0.0,0.0,0.0,0.0,,,,,,,,,,,,,,,,,,,,,,,
2023,2021013431,2023-09-10,1800065.0,近本 光司,5.0,中,5,1.0,1.0,4.0,2.0,1.0,0.0,0.0,0.0,0.0,0.0,0.0,,2.0,0.0,0.0,0.0,0.0,0.0,,,,,,,,,,,,,,,,,,,,,,,
2023,2021013431,2023-09-10,1800067.0,木浪 聖也,0.0,遊,5,1.0,1.0,4.0,3.0,0.0,1.0,0.0,0.0,0.0,2.0,0.0,,1.0,1.0,0.0,0.0,0.0,0.0,,,,,,,,,,,,,,,,,,,,,,,
2023,2021013431,2023-09-10,1800072.0,小園 海斗,51.0,二,6,1.0,1.0,4.0,3.0,0.0,0.0,0.0,0.0,0.0,0.0,0.0,,0.0,0.0,0.0,1.0,0.0,1.0,,,,,,,,,,,,,,,,,,,,,,,
2023,2021013431,2023-09-10,1850183.0,森下 翔太,1.0,右,5,1.0,1.0,4.0,2.0,1.0,1.0,0.0,0.0,0.0,1.0,0.0,,2.0,0.0,0.0,0.0,0.0,0.0,,,,,,,,,,,,,,,,,,,,,,,
2023,2021013431,2023-09-10,1900050.0,小野寺 暖,60.0,走左,5,1.0,0.0,0.0,0.0,1.0,0.0,0.0,0.0,0.0,0.0,0.0,,0.0,0.0,0.0,0.0,0.0,0.0,,,,,,,,,,,,,,,,,,,,,,,
2023,2021013431,2023-09-10,1961166.0,マクブルーム,10.0,一,6,1.0,1.0,3.0,3.0,1.0,1.0,0.0,0.0,1.0,1.0,0.0,,0.0,2.0,0.0,0.0,0.0,0.0,,,,,,,,,,,,,,,,,,,,,,,
2023,2021013431,2023-09-10,1961285.0,ノイジー,7.0,左,5,1.0,1.0,3.0,3.0,0.0,0.0,0.0,0.0,0.0,0.0,0.0,,0.0,0.0,0.0,0.0,0.0,0.0,,,,,,,,,,,,,,,,,,,,,,,
2023,2021013431,2023-09-10,2000051.0,佐藤 輝明,8.0,三,5,1.0,1.0,4.0,3.0,1.0,0.0,0.0,0.0,0.0,0.0,0.0,,1.0,2.0,0.0,0.0,0.0,0.0,,,,,,,,,,,,,,,,,,,,,,,
2023,2021013431,2023-09-10,2000052.0,伊藤 将司,27.0,投,5,1.0,1.0,3.0,3.0,0.0,0.0,0.0,0.0,0.0,0.0,0.0,,0.0,0.0,0.0,0.0,0.0,0.0,1.0,1.0,,10.0,5.0,2.31,8.0,8.0,,,0.0,3.0,1.0,1.0,1.0,,0.0,9.0,0.0,,26.0,111.0,
2023,2021013431,2023-09-10,2000056.0,中野 拓夢,51.0,二,5,1.0,1.0,4.0,3.0,1.0,1.0,0.0,0.0,0.0,0.0,0.0,,0.0,0.0,0.0,1.0,0.0,0.0,,,,,,,,,,,,,,,,,,,,,,,
2023,2021013431,2023-09-10,2000062.0,大道 温貴,12.0,投,6,1.0,0.0,0.0,0.0,0.0,0.0,0.0,0.0,0.0,0.0,0.0,,0.0,0.0,0.0,0.0,0.0,0.0,2.0,1.0,0.0,2.0,0.0,2.62,0.3333333333333333,0.1,,,0.0,2.0,0.0,0.0,0.0,,1.0,0.0,0.0,,3.0,14.0,
2023,2021013431,2023-09-10,2103768.0,末包 昇大,52.0,右,6,1.0,1.0,3.0,3.0,0.0,0.0,0.0,0.0,0.0,0.0,0.0,,0.0,1.0,0.0,0.0,0.0,0.0,,,,,,,,,,,,,,,,,,,,,,,
2023,2021013432,2023-09-10,12102.0,栗山 巧,1.0,指,7,1.0,1.0,4.0,4.0,2.0,2.0,1.0,0.0,0.0,0.0,0.0,,0.0,1.0,0.0,0.0,0.0,0.0,,,,,,,,,,,,,,,,,,,,,,,
2023,2021013432,2023-09-10,1100095.0,松本 剛,7.0,左,8,1.0,1.0,3.0,3.0,0.0,2.0,0.0,0.0,0.0,0.0,0.0,,0.0,0.0,0.0,0.0,0.0,0.0,,,,,,,,,,,,,,,,,,,,,,,
2023,2021013432,2023-09-10,1200044.0,公文 克彦,23.0,,7,,,,,,,,,,,,,,,,,,,4.0,1.0,0.0,1.0,0.0,2.08,0.3333333333333333,0.1,,,0.0,0.0,0.0,0.0,0.0,,0.0,1.0,0.0,,1.0,5.0,
2023,2021013432,2023-09-10,1200100.0,伏見 寅威,23.0,捕,8,1.0,1.0,2.0,2.0,0.0,0.0,0.0,0.0,0.0,0.0,0.0,,0.0,0.0,0.0,0.0,0.0,0.0,,,,,,,,,,,,,,,,,,,,,,,
2023,2021013432,2023-09-10,1251037.0,上川畑 大悟,4.0,二,8,1.0,1.0,3.0,2.0,0.0,0.0,0.0,0.0,0.0,0.0,0.0,,0.0,1.0,1.0,0.0,0.0,1.0,,,,,,,,,,,,,,,,,,,,,,,
2023,2021013432,2023-09-10,1400170.0,江越 大賀,37.0,中,8,1.0,0.0,1.0,1.0,0.0,0.0,0.0,0.0,0.0,0.0,0.0,,0.0,1.0,0.0,0.0,0.0,0.0,,,,,,,,,,,,,,,,,,,,,,,
2023,2021013432,2023-09-10,1400182.0,高橋 光成,13.0,,7,,,,,,,,,,,,,,,,,,,1.0,1.0,,10.0,8.0,2.31,6.0,6.0,,,0.0,3.0,0.0,0.0,0.0,,2.0,7.0,1.0,,23.0,98.0,
2023,2021013432,2023-09-10,1400184.0,外崎 修汰,5.0,二,7,1.0,1.0,5.0,4.0,0.0,3.0,1.0,0.0,0.0,3.0,0.0,,1.0,0.0,0.0,0.0,0.0,0.0,,,,,,,,,,,,,,,,,,,,,,,
2023,2021013432,2023-09-10,1500104.0,本田 圭佑,45.0,,7,,,,,,,,,,,,,,,,,,,2.0,1.0,0.0,0.0,1.0,1.13,1.0,1.0,,,0.0,1.0,0.0,0.0,0.0,,0.0,0.0,0.0,,3.0,10.0,
2023,2021013432,2023-09-10,1500112.0,平沼 翔太,31.0,三,7,1.0,0.0,1.0,1.0,0.0,1.0,0.0,0.0,0.0,0.0,0.0,,0.0,0.0,0.0,0.0,0.0,0.0,,,,,,,,,,,,,,,,,,,,,,,
2023,2021013432,2023-09-10,1600093.0,池田 隆英,52.0,,8,,,,,,,,,,,,,,,,,,,6.0,1.0,0.0,1.0,4.0,3.0,1.0,1.0,,,0.0,0.0,0.0,0.0,0.0,,0.0,2.0,0.0,,3.0,10.0,
2023,2021013432,2023-09-10,1600129.0,源田 壮亮,6.0,遊,7,1.0,1.0,5.0,5.0,0.0,2.0,0.0,0.0,0.0,0.0,0.0,,0.0,0.0,0.0,0.0,0.0,0.0,,,,,,,,,,,,,,,,,,,,,,,
2023,2021013432,2023-09-10,1600139.0,玉井 大翔,19.0,,8,,,,,,,,,,,,,,,,,,,4.0,1.0,0.0,0.0,2.0,2.84,1.0,1.0,,,2.0,3.0,2.0,0.0,0.0,,0.0,0.0,0.0,,6.0,20.0,
2023,2021013432,2023-09-10,1600164.0,田中 正義,26.0,,8,,,,,,,,,,,,,,,,,,,7.0,1.0,0.0,2.0,2.0,3.21,1.0,1.0,,,22.0,3.0,1.0,1.0,0.0,,0.0,2.0,0.0,,6.0,22.0,
2023,2021013432,2023-09-10,1700025.0,清宮 幸太郎,21.0,三,8,1.0,1.0,4.0,2.0,0.0,0.0,0.0,0.0,0.0,0.0,0.0,,2.0,1.0,0.0,0.0,0.0,1.0,,,,,,,,,,,,,,,,,,,,,,,
2023,2021013432,2023-09-10,1700106.0,山本 拓実,67.0,,8,,,,,,,,,,,,,,,,,,,2.0,1.0,0.0,0.0,0.0,1.42,0.6666666666666666,0.2,,,0.0,0.0,0.0,0.0,0.0,,0.0,0.0,0.0,,2.0,8.0,
2023,2021013432,2023-09-10,1700122.0,西川 愛也,51.0,中,7,1.0,1.0,5.0,4.0,3.0,2.0,0.0,0.0,0.0,1.0,1.0,,1.0,1.0,0.0,0.0,0.0,0.0,,,,,,,,,,,,,,,,,,,,,,,
2023,2021013432,2023-09-10,1700140.0,ロドリゲス,41.0,,8,,,,,,,,,,,,,,,,,,,3.0,1.0,0.0,1.0,5.0,3.69,2.0,2.0,,,0.0,3.0,1.0,1.0,0.0,,0.0,1.0,0.0,,9.0,27.0,
2023,2021013432,2023-09-10,1750472.0,古賀 悠斗,22.0,打指,7,1.0,0.0,1.0,1.0,0.0,0.0,0.0,0.0,0.0,1.0,0.0,,0.0,0.0,0.0,0.0,0.0,0.0,,,,,,,,,,,,,,,,,,,,,,,
2023,2021013432,2023-09-10,1800008.0,マルティネス,2.0,一,8,1.0,1.0,4.0,4.0,0.0,0.0,0.0,0.0,0.0,0.0,0.0,,0.0,1.0,0.0,0.0,0.0,0.0,,,,,,,,,,,,,,,,,,,,,,,
2023,2021013432,2023-09-10,1800082.0,山野辺 翔,4.0,打指,7,1.0,0.0,1.0,1.0,0.0,0.0,0.0,0.0,0.0,0.0,0.0,,0.0,0.0,0.0,0.0,0.0,0.0,,,,,,,,,,,,,,,,,,,,,,,
2023,2021013432,2023-09-10,1800086.0,佐藤 龍世,58.0,三二,7,1.0,1.0,6.0,6.0,2.0,1.0,0.0,0.0,0.0,0.0,0.0,,0.0,2.0,0.0,0.0,0.0,0.0,,,,,,,,,,,,,,,,,,,,,,,
2023,2021013432,2023-09-10,1800091.0,野村 佑希,5.0,二,8,1.0,0.0,1.0,1.0,0.0,0.0,0.0,0.0,0.0,0.0,0.0,,0.0,0.0,0.0,0.0,0.0,0.0,,,,,,,,,,,,,,,,,,,,,,,
2023,2021013432,2023-09-10,1800093.0,万波 中正,66.0,右,8,1.0,1.0,4.0,4.0,0.0,0.0,0.0,0.0,0.0,0.0,0.0,,0.0,2.0,0.0,0.0,0.0,0.0,,,,,,,,,,,,,,,,,,,,,,,
2023,2021013432,2023-09-10,1800127.0,王 柏融,99.0,指,8,1.0,1.0,4.0,4.0,0.0,0.0,0.0,0.0,0.0,0.0,0.0,,0.0,3.0,0.0,0.0,0.0,0.0,,,,,,,,,,,,,,,,,,,,,,,
2023,2021013432,2023-09-10,1850820.0,蛭間 拓哉,9.0,右,7,1.0,1.0,6.0,3.0,0.0,2.0,0.0,0.0,0.0,2.0,0.0,,2.0,1.0,0.0,0.0,1.0,0.0,,,,,,,,,,,,,,,,,,,,,,,
2023,2021013432,2023-09-10,1850932.0,奈良間 大己,58.0,遊,8,1.0,1.0,4.0,4.0,0.0,2.0,0.0,0.0,0.0,0.0,0.0,,0.0,1.0,0.0,0.0,0.0,0.0,,,,,,,,,,,,,,,,,,,,,,,
2023,2021013432,2023-09-10,1900040.0,郡司 裕也,30.0,左,8,1.0,0.0,1.0,1.0,0.0,1.0,0.0,0.0,0.0,0.0,0.0,,0.0,0.0,0.0,0.0,0.0,0.0,,,,,,,,,,,,,,,,,,,,,,,
2023,2021013432,2023-09-10,1900065.0,柘植 世那,37.0,捕,7,1.0,1.0,5.0,3.0,0.0,1.0,0.0,0.0,0.0,2.0,0.0,,0.0,1.0,0.0,1.0,1.0,0.0,,,,,,,,,,,,,,,,,,,,,,,
2023,2021013432,2023-09-10,1900068.0,岸 潤一郎,68.0,左,7,1.0,0.0,0.0,0.0,0.0,0.0,0.0,0.0,0.0,0.0,0.0,,0.0,0.0,0.0,0.0,0.0,0.0,,,,,,,,,,,,,,,,,,,,,,,
2023,2021013432,2023-09-10,1900070.0,河野 竜生,28.0,,8,,,,,,,,,,,,,,,,,,,5.0,1.0,0.0,0.0,3.0,1.59,1.0,1.0,,,0.0,2.0,0.0,0.0,0.0,,1.0,0.0,0.0,,5.0,27.0,
2023,2021013432,2023-09-10,1961030.0,ティノコ,54.0,,7,,,,,,,,,,,,,,,,,,,3.0,1.0,0.0,0.0,3.0,2.83,1.0,1.0,,,0.0,0.0,0.0,0.0,0.0,,0.0,2.0,0.0,,4.0,18.0,
2023,2021013432,2023-09-10,1961286.0,ペイトン,10.0,左,7,1.0,1.0,5.0,5.0,2.0,3.0,0.0,0.0,0.0,1.0,0.0,,0.0,1.0,0.0,0.0,0.0,0.0,,,,,,,,,,,,,,,,,,,,,,,
2023,2021013432,2023-09-10,2000067.0,渡部 健人,8.0,一,7,1.0,1.0,6.0,6.0,0.0,2.0,0.0,0.0,0.0,0.0,0.0,,0.0,1.0,0.0,0.0,0.0,0.0,,,,,,,,,,,,,,,,,,,,,,,
2023,2021013432,2023-09-10,2000079.0,伊藤 大海,17.0,,8,,,,,,,,,,,,,,,,,,,1.0,1.0,,7.0,9.0,3.39,2.333333333333333,2.1,,,0.0,9.0,6.0,4.0,0.0,,3.0,3.0,0.0,,20.0,73.0,
2023,2021013432,2023-09-10,2000080.0,五十幡 亮汰,50.0,中,8,1.0,1.0,2.0,2.0,0.0,0.0,0.0,0.0,0.0,0.0,0.0,,0.0,2.0,0.0,0.0,0.0,0.0,,,,,,,,,,,,,,,,,,,,,,,
2023,2021013432,2023-09-10,2000081.0,古川 裕大,27.0,打捕,8,1.0,0.0,1.0,1.0,0.0,0.0,0.0,0.0,0.0,0.0,0.0,,0.0,0.0,0.0,0.0,0.0,0.0,,,,,,,,,,,,,,,,,,,,,,,
2023,2021013432,2023-09-10,2105684.0,児玉 亮涼,0.0,遊,7,1.0,0.0,1.0,1.0,1.0,1.0,0.0,0.0,0.0,0.0,0.0,,0.0,0.0,0.0,0.0,0.0,1.0,,,,,,,,,,,,,,,,,,,,,,,
2023,2021013432,2023-09-10,2106286.0,青山 美夏人,29.0,,7,,,,,,,,,,,,,,,,,,,5.0,1.0,0.0,0.0,1.0,3.58,0.6666666666666666,0.2,,,3.0,1.0,0.0,0.0,0.0,,0.0,2.0,0.0,,3.0,16.0,
2023,2021013433,2023-09-10,600066.0,平野 佳寿,16.0,,11,,,,,,,,,,,,,,,,,,,2.0,1.0,0.0,3.0,2.0,1.0,1.0,1.0,,,25.0,1.0,0.0,0.0,0.0,,1.0,1.0,0.0,,5.0,20.0,
2023,2021013433,2023-09-10,1000014.0,荻野 貴司,0.0,右,9,1.0,1.0,4.0,4.0,0.0,0.0,0.0,0.0,0.0,0.0,0.0,,0.0,0.0,0.0,0.0,0.0,0.0,,,,,,,,,,,,,,,,,,,,,,,
2023,2021013433,2023-09-10,1100096.0,石川 慎吾,50.0,左,9,1.0,1.0,3.0,3.0,0.0,0.0,0.0,0.0,0.0,0.0,0.0,,0.0,3.0,0.0,0.0,0.0,0.0,,,,,,,,,,,,,,,,,,,,,,,
2023,2021013433,2023-09-10,1200096.0,田村 龍弘,27.0,捕,9,1.0,0.0,0.0,0.0,0.0,0.0,0.0,0.0,0.0,0.0,0.0,,0.0,0.0,0.0,0.0,0.0,0.0,,,,,,,,,,,,,,,,,,,,,,,
2023,2021013433,2023-09-10,1300044.0,岡 大海,25.0,中左,9,1.0,1.0,3.0,2.0,0.0,1.0,0.0,0.0,0.0,0.0,0.0,,1.0,0.0,0.0,0.0,0.0,0.0,,,,,,,,,,,,,,,,,,,,,,,
2023,2021013433,2023-09-10,1300100.0,森 友哉,4.0,捕,11,1.0,1.0,4.0,3.0,1.0,1.0,0.0,0.0,0.0,1.0,0.0,,1.0,1.0,0.0,0.0,0.0,0.0,,,,,,,,,,,,,,,,,,,,,,,
2023,2021013433,2023-09-10,1400188.0,中村 奨吾,8.0,二,9,1.0,1.0,4.0,4.0,0.0,1.0,0.0,0.0,0.0,0.0,0.0,,0.0,0.0,0.0,0.0,0.0,0.0,,,,,,,,,,,,,,,,,,,,,,,
2023,2021013433,2023-09-10,1400196.0,宗 佑磨,6.0,三,11,1.0,1.0,4.0,4.0,1.0,1.0,1.0,0.0,0.0,0.0,0.0,,0.0,0.0,0.0,0.0,0.0,0.0,,,,,,,,,,,,,,,,,,,,,,,
2023,2021013433,2023-09-10,1400197.0,佐野 皓大,41.0,右,11,1.0,1.0,4.0,4.0,0.0,0.0,0.0,0.0,0.0,0.0,0.0,,0.0,0.0,0.0,0.0,0.0,0.0,,,,,,,,,,,,,,,,,,,,,,,
2023,2021013433,2023-09-10,1400201.0,西野 真弘,5.0,打,11,1.0,0.0,1.0,1.0,0.0,1.0,0.0,0.0,0.0,1.0,0.0,,0.0,0.0,0.0,0.0,0.0,0.0,,,,,,,,,,,,,,,,,,,,,,,
2023,2021013433,2023-09-10,1400202.0,小田 裕也,50.0,左,11,1.0,0.0,1.0,1.0,0.0,0.0,0.0,0.0,0.0,0.0,0.0,,0.0,1.0,0.0,0.0,0.0,0.0,,,,,,,,,,,,,,,,,,,,,,,
2023,2021013433,2023-09-10,1460080.0,ポランコ,22.0,指,9,1.0,1.0,4.0,4.0,0.0,0.0,0.0,0.0,0.0,0.0,0.0,,0.0,2.0,0.0,0.0,0.0,0.0,,,,,,,,,,,,,,,,,,,,,,,
2023,2021013433,2023-09-10,1500135.0,杉本 裕太郎,99.0,指,11,1.0,1.0,4.0,3.0,0.0,1.0,0.0,0.0,0.0,0.0,0.0,,1.0,1.0,0.0,0.0,0.0,0.0,,,,,,,,,,,,,,,,,,,,,,,
2023,2021013433,2023-09-10,1500141.0,茶谷 健太,67.0,打,9,1.0,0.0,1.0,1.0,0.0,0.0,0.0,0.0,0.0,0.0,0.0,,0.0,0.0,0.0,0.0,0.0,0.0,,,,,,,,,,,,,,,,,,,,,,,
2023,2021013433,2023-09-10,1600157.0,澤田 圭佑,66.0,,9,,,,,,,,,,,,,,,,,,,4.0,1.0,0.0,1.0,0.0,1.04,1.0,1.0,,,0.0,0.0,0.0,0.0,0.0,,1.0,2.0,0.0,,4.0,15.0,
2023,2021013433,2023-09-10,1660014.0,ペルドモ,55.0,,9,,,,,,,,,,,,,,,,,,,3.0,1.0,0.0,1.0,3.0,2.17,1.0,1.0,,,1.0,1.0,0.0,0.0,0.0,,0.0,2.0,0.0,,4.0,19.0,
2023,2021013433,2023-09-10,1700092.0,安田 尚憲,5.0,三,9,1.0,1.0,3.0,2.0,0.0,0.0,0.0,0.0,0.0,0.0,0.0,,1.0,0.0,0.0,0.0,0.0,0.0,,,,,,,,,,,,,,,,,,,,,,,
2023,2021013433,2023-09-10,1700116.0,山足 達也,36.0,一,11,1.0,0.0,0.0,0.0,0.0,0.0,0.0,0.0,0.0,0.0,0.0,,0.0,0.0,0.0,0.0,0.0,0.0,,,,,,,,,,,,,,,,,,,,,,,
2023,2021013433,2023-09-10,1800050.0,藤原 恭大,1.0,中,9,1.0,0.0,1.0,0.0,0.0,0.0,0.0,0.0,0.0,0.0,0.0,,1.0,0.0,0.0,0.0,0.0,0.0,,,,,,,,,,,,,,,,,,,,,,,
2023,2021013433,2023-09-10,1800053.0,山口 航輝,51.0,一,9,1.0,1.0,4.0,3.0,0.0,0.0,0.0,0.0,0.0,0.0,0.0,,1.0,1.0,0.0,0.0,0.0,0.0,,,,,,,,,,,,,,,,,,,,,,,
2023,2021013433,2023-09-10,1800099.0,頓宮 裕真,44.0,一,11,1.0,1.0,4.0,4.0,0.0,0.0,0.0,0.0,0.0,0.0,0.0,,0.0,3.0,0.0,0.0,0.0,0.0,,,,,,,,,,,,,,,,,,,,,,,
2023,2021013433,2023-09-10,1800102.0,宜保 翔,53.0,二,11,1.0,1.0,4.0,4.0,0.0,1.0,0.0,0.0,0.0,0.0,0.0,,0.0,1.0,0.0,0.0,0.0,0.0,,,,,,,,,,,,,,,,,,,,,,,
2023,2021013433,2023-09-10,1800104.0,中川 圭太,67.0,中,11,1.0,1.0,4.0,4.0,0.0,1.0,0.0,0.0,0.0,0.0,0.0,,0.0,2.0,0.0,0.0,0.0,0.0,,,,,,,,,,,,,,,,,,,,,,,
2023,2021013433,2023-09-10,1900080.0,佐々木 朗希,17.0,,9,,,,,,,,,,,,,,,,,,,1.0,1.0,,7.0,3.0,1.53,3.0,3.0,,,0.0,2.0,1.0,1.0,0.0,,1.0,2.0,0.0,,12.0,45.0,
2023,2021013433,2023-09-10,1900081.0,佐藤 都志也,32.0,捕,9,1.0,1.0,2.0,1.0,0.0,0.0,0.0,0.0,0.0,0.0,0.0,,0.0,0.0,0.0,1.0,0.0,0.0,,,,,,,,,,,,,,,,,,,,,,,
2023,2021013433,2023-09-10,1900087.0,宮城 大弥,13.0,,11,,,,,,,,,,,,,,,,,,,1.0,1.0,,10.0,4.0,2.21,8.0,8.0,,,0.0,1.0,0.0,0.0,0.0,,3.0,6.0,0.0,,28.0,115.0,
2023,2021013433,2023-09-10,1900088.0,紅林 弘太郎,24.0,遊,11,1.0,1.0,4.0,3.0,0.0,0.0,0.0,0.0,0.0,0.0,0.0,,1.0,2.0,0.0,0.0,0.0,0.0,,,,,,,,,,,,,,,,,,,,,,,
2023,2021013433,2023-09-10,2050254.0,池田 陵真,39.0,左,11,1.0,1.0,2.0,2.0,0.0,0.0,0.0,0.0,0.0,0.0,0.0,,0.0,0.0,0.0,0.0,0.0,0.0,,,,,,,,,,,,,,,,,,,,,,,
2023,2021013433,2023-09-10,2101291.0,カスティーヨ,41.0,,9,,,,,,,,,,,,,,,,,,,2.0,1.0,0.0,2.0,3.0,3.86,4.0,4.0,,,0.0,3.0,1.0,1.0,0.0,,1.0,5.0,0.0,,16.0,53.0,
2023,2021013433,2023-09-10,2106798.0,友杉 篤輝,10.0,遊,9,1.0,1.0,4.0,4.0,0.0,0.0,0.0,0.0,0.0,0.0,0.0,,0.0,1.0,0.0,0.0,0.0,0.0,,,,,,,,,,,,,,,,,,,,,,,
2023,2021013434,2023-09-10,800081.0,中村 晃,7.0,一,12,1.0,1.0,4.0,3.0,0.0,2.0,0.0,0.0,0.0,0.0,0.0,,1.0,0.0,0.0,0.0,0.0,0.0,,,,,,,,,,,,,,,,,,,,,,,
2023,2021013434,2023-09-10,900056.0,浅村 栄斗,3.0,二,376,1.0,1.0,5.0,3.0,1.0,1.0,0.0,0.0,0.0,1.0,0.0,,2.0,0.0,0.0,0.0,0.0,0.0,,,,,,,,,,,,,,,,,,,,,,,
2023,2021013434,2023-09-10,1000035.0,今宮 健太,6.0,遊,12,1.0,1.0,4.0,3.0,0.0,1.0,0.0,0.0,0.0,0.0,0.0,,0.0,1.0,0.0,1.0,0.0,1.0,,,,,,,,,,,,,,,,,,,,,,,
2023,2021013434,2023-09-10,1000128.0,柳田 悠岐,9.0,指,12,1.0,1.0,5.0,3.0,1.0,2.0,0.0,0.0,1.0,2.0,0.0,,2.0,0.0,0.0,0.0,0.0,0.0,,,,,,,,,,,,,,,,,,,,,,,
2023,2021013434,2023-09-10,1000176.0,甲斐 拓也,19.0,捕,12,1.0,1.0,2.0,2.0,1.0,1.0,1.0,0.0,0.0,1.0,0.0,,0.0,0.0,0.0,0.0,0.0,0.0,,,,,,,,,,,,,,,,,,,,,,,
2023,2021013434,2023-09-10,1100097.0,近藤 健介,3.0,左,12,1.0,1.0,5.0,4.0,0.0,0.0,0.0,0.0,0.0,0.0,0.0,,1.0,0.0,0.0,0.0,0.0,0.0,,,,,,,,,,,,,,,,,,,,,,,
2023,2021013434,2023-09-10,1100115.0,武田 翔太,18.0,,12,,,,,,,,,,,,,,,,,,,2.0,1.0,0.0,1.0,2.0,4.29,1.6666666666666663,1.2,,,0.0,3.0,1.0,1.0,0.0,,0.0,1.0,0.0,,8.0,42.0,
2023,2021013434,2023-09-10,1100130.0,岡島 豪郎,27.0,左,376,1.0,1.0,5.0,5.0,0.0,0.0,0.0,0.0,0.0,0.0,0.0,,0.0,2.0,0.0,0.0,0.0,0.0,,,,,,,,,,,,,,,,,,,,,,,
2023,2021013434,2023-09-10,1100132.0,島内 宏明,35.0,指,376,1.0,1.0,5.0,5.0,0.0,1.0,0.0,0.0,0.0,0.0,0.0,,0.0,0.0,0.0,0.0,0.0,0.0,,,,,,,,,,,,,,,,,,,,,,,
2023,2021013434,2023-09-10,1300063.0,又吉 克樹,14.0,,12,,,,,,,,,,,,,,,,,,,5.0,1.0,0.0,1.0,1.0,1.8,1.0,1.0,,,0.0,0.0,0.0,0.0,0.0,,0.0,0.0,0.0,,3.0,9.0,
2023,2021013434,2023-09-10,1300079.0,上林 誠知,51.0,中右,12,1.0,1.0,4.0,4.0,1.0,1.0,0.0,0.0,0.0,0.0,0.0,,0.0,2.0,0.0,0.0,0.0,0.0,,,,,,,,,,,,,,,,,,,,,,,
2023,2021013434,2023-09-10,1300084.0,松井 裕樹,1.0,,376,,,,,,,,,,,,,,,,,,,5.0,1.0,0.0,1.0,3.0,1.55,1.0,1.0,,,33.0,0.0,0.0,0.0,0.0,,1.0,1.0,0.0,,4.0,16.0,
2023,2021013434,2023-09-10,1300093.0,嶺井 博希,12.0,捕,12,1.0,0.0,1.0,1.0,0.0,0.0,0.0,0.0,0.0,0.0,0.0,,0.0,0.0,0.0,0.0,0.0,0.0,,,,,,,,,,,,,,,,,,,,,,,
2023,2021013434,2023-09-10,1400176.0,藤井 皓哉,48.0,,12,,,,,,,,,,,,,,,,,,,6.0,1.0,0.0,5.0,3.0,2.4,1.0,1.0,,,0.0,2.0,1.0,0.0,0.0,,1.0,0.0,0.0,,6.0,22.0,
2023,2021013434,2023-09-10,1500078.0,阿部 寿樹,4.0,一,376,1.0,1.0,5.0,4.0,0.0,0.0,0.0,0.0,0.0,0.0,0.0,,1.0,0.0,0.0,0.0,0.0,0.0,,,,,,,,,,,,,,,,,,,,,,,
2023,2021013434,2023-09-10,1500143.0,川瀬 晃,0.0,走一,12,1.0,0.0,0.0,0.0,0.0,0.0,0.0,0.0,0.0,0.0,0.0,,0.0,0.0,0.0,0.0,0.0,0.0,,,,,,,,,,,,,,,,,,,,,,,
2023,2021013434,2023-09-10,1550517.0,大津 亮介,26.0,,12,,,,,,,,,,,,,,,,,,,4.0,1.0,0.0,2.0,0.0,2.6,2.0,2.0,,,0.0,1.0,0.0,0.0,0.0,,0.0,0.0,0.0,,6.0,23.0,
2023,2021013434,2023-09-10,1560184.0,オスナ,54.0,,12,,,,,,,,,,,,,,,,,,,7.0,1.0,0.0,3.0,1.0,0.65,1.0,1.0,,,21.0,0.0,0.0,0.0,0.0,,0.0,1.0,0.0,,3.0,10.0,
2023,2021013434,2023-09-10,1600007.0,村林 一輝,66.0,遊,376,1.0,1.0,5.0,3.0,2.0,2.0,1.0,0.0,0.0,2.0,0.0,,2.0,0.0,0.0,0.0,0.0,0.0,,,,,,,,,,,,,,,,,,,,,,,
2023,2021013434,2023-09-10,1600012.0,宋 家豪,43.0,,376,,,,,,,,,,,,,,,,,,,2.0,1.0,0.0,2.0,0.0,2.88,1.0,1.0,,,0.0,2.0,0.0,0.0,0.0,,0.0,0.0,0.0,,5.0,19.0,
2023,2021013434,2023-09-10,1600094.0,田中 和基,25.0,左,376,1.0,0.0,0.0,0.0,0.0,0.0,0.0,0.0,0.0,0.0,0.0,,0.0,0.0,0.0,0.0,0.0,0.0,,,,,,,,,,,,,,,,,,,,,,,
2023,2021013434,2023-09-10,1600167.0,三森 大貴,13.0,二,12,1.0,1.0,5.0,4.0,1.0,1.0,0.0,0.0,0.0,1.0,0.0,,0.0,0.0,0.0,1.0,0.0,0.0,,,,,,,,,,,,,,,,,,,,,,,
2023,2021013434,2023-09-10,1700034.0,山崎 剛,34.0,三,376,1.0,0.0,0.0,0.0,0.0,0.0,0.0,0.0,0.0,0.0,0.0,,0.0,0.0,0.0,0.0,0.0,0.0,,,,,,,,,,,,,,,,,,,,,,,
2023,2021013434,2023-09-10,1700135.0,周東 佑京,23.0,三中,12,1.0,1.0,5.0,5.0,0.0,3.0,0.0,0.0,0.0,0.0,0.0,,0.0,1.0,0.0,0.0,0.0,0.0,,,,,,,,,,,,,,,,,,,,,,,
2023,2021013434,2023-09-10,1800109.0,板東 湧梧,50.0,,12,,,,,,,,,,,,,,,,,,,1.0,1.0,,5.0,4.0,3.13,1.3333333333333333,1.1,,,0.0,5.0,4.0,1.0,0.0,,4.0,0.0,0.0,,13.0,63.0,
2023,2021013434,2023-09-10,1800117.0,辰己 涼介,8.0,中,376,1.0,1.0,5.0,5.0,0.0,2.0,0.0,0.0,0.0,1.0,0.0,,0.0,1.0,0.0,0.0,0.0,0.0,,,,,,,,,,,,,,,,,,,,,,,
2023,2021013434,2023-09-10,1800118.0,太田 光,2.0,捕,376,1.0,1.0,4.0,2.0,1.0,1.0,0.0,0.0,0.0,0.0,0.0,,0.0,0.0,0.0,2.0,0.0,0.0,,,,,,,,,,,,,,,,,,,,,,,
2023,2021013434,2023-09-10,1800123.0,小郷 裕哉,51.0,右,376,1.0,1.0,4.0,3.0,1.0,2.0,0.0,0.0,0.0,1.0,0.0,,1.0,0.0,0.0,0.0,0.0,0.0,,,,,,,,,,,,,,,,,,,,,,,
2023,2021013434,2023-09-10,1800124.0,鈴木 翔天,56.0,,376,,,,,,,,,,,,,,,,,,,3.0,1.0,0.0,1.0,1.0,2.89,1.0,1.0,,,1.0,1.0,0.0,0.0,0.0,,0.0,0.0,0.0,,4.0,12.0,
2023,2021013434,2023-09-10,1900102.0,津森 宥紀,11.0,,12,,,,,,,,,,,,,,,,,,,3.0,1.0,0.0,3.0,4.0,3.56,1.0,1.0,,,0.0,1.0,0.0,0.0,0.0,,1.0,1.0,0.0,,4.0,20.0,
2023,2021013434,2023-09-10,1900104.0,柳町 達,32.0,右,12,1.0,1.0,4.0,4.0,0.0,1.0,0.0,0.0,0.0,0.0,0.0,,0.0,1.0,0.0,0.0,0.0,0.0,,,,,,,,,,,,,,,,,,,,,,,
2023,2021013434,2023-09-10,1900112.0,小深田 大翔,0.0,三,376,1.0,1.0,5.0,5.0,1.0,3.0,0.0,0.0,0.0,0.0,1.0,,0.0,0.0,0.0,0.0,0.0,0.0,,,,,,,,,,,,,,,,,,,,,,,
2023,2021013434,2023-09-10,2104035.0,野村 勇,99.0,走三,12,1.0,0.0,0.0,0.0,0.0,0.0,0.0,0.0,0.0,0.0,0.0,,0.0,0.0,0.0,0.0,0.0,0.0,,,,,,,,,,,,,,,,,,,,,,,
2023,2021013434,2023-09-10,2105140.0,渡辺 翔太,31.0,,376,,,,,,,,,,,,,,,,,,,4.0,1.0,0.0,6.0,2.0,1.49,1.0,1.0,,,1.0,1.0,0.0,0.0,0.0,,1.0,1.0,0.0,,5.0,19.0,
2023,2021013434,2023-09-10,2106793.0,荘司 康誠,19.0,,376,,,,,,,,,,,,,,,,,,,1.0,1.0,,4.0,3.0,3.31,5.0,5.0,,,0.0,8.0,4.0,4.0,1.0,,2.0,3.0,0.0,,22.0,85.0,
2023,2021013434,2023-09-10,2107661.0,生海,37.0,打,12,1.0,0.0,1.0,1.0,0.0,0.0,0.0,0.0,0.0,0.0,0.0,,0.0,0.0,0.0,0.0,0.0,0.0,,,,,,,,,,,,,,,,,,,,,,,
2023,2021013435,2023-09-12,800041.0,松山 竜平,55.0,打,6,1.0,0.0,1.0,1.0,0.0,0.0,0.0,0.0,0.0,0.0,0.0,,0.0,0.0,0.0,0.0,0.0,0.0,,,,,,,,,,,,,,,,,,,,,,,
2023,2021013435,2023-09-12,900044.0,中村 悠平,27.0,捕,2,1.0,1.0,3.0,3.0,0.0,2.0,0.0,0.0,0.0,0.0,0.0,,0.0,1.0,0.0,0.0,0.0,0.0,,,,,,,,,,,,,,,,,,,,,,,
2023,2021013435,2023-09-12,900430.0,堂林 翔太,7.0,一,6,1.0,1.0,4.0,4.0,0.0,2.0,1.0,0.0,0.0,0.0,0.0,,0.0,1.0,0.0,0.0,0.0,0.0,,,,,,,,,,,,,,,,,,,,,,,
2023,2021013435,2023-09-12,1000116.0,中崎 翔太,21.0,投,6,1.0,0.0,0.0,0.0,0.0,0.0,0.0,0.0,0.0,0.0,0.0,,0.0,0.0,0.0,0.0,0.0,0.0,3.0,1.0,0.0,1.0,0.0,2.15,1.0,1.0,,,0.0,0.0,0.0,0.0,0.0,,0.0,0.0,0.0,,3.0,12.0,
2023,2021013435,2023-09-12,1000132.0,山田 哲人,1.0,二,2,1.0,1.0,4.0,4.0,0.0,1.0,0.0,0.0,0.0,0.0,0.0,,0.0,1.0,0.0,0.0,0.0,0.0,,,,,,,,,,,,,,,,,,,,,,,
2023,2021013435,2023-09-12,1000150.0,秋山 翔吾,9.0,中,6,1.0,1.0,4.0,4.0,0.0,0.0,0.0,0.0,0.0,0.0,0.0,,0.0,0.0,0.0,0.0,0.0,0.0,,,,,,,,,,,,,,,,,,,,,,,
2023,2021013435,2023-09-12,1300029.0,田口 麗斗,34.0,投,2,1.0,0.0,0.0,0.0,0.0,0.0,0.0,0.0,0.0,0.0,0.0,,0.0,0.0,0.0,0.0,0.0,0.0,3.0,1.0,0.0,1.0,3.0,1.44,1.0,1.0,,,31.0,2.0,0.0,0.0,0.0,,0.0,0.0,0.0,,4.0,8.0,
2023,2021013435,2023-09-12,1300059.0,田中 広輔,2.0,打,6,1.0,0.0,1.0,0.0,0.0,0.0,0.0,0.0,0.0,0.0,0.0,,1.0,0.0,0.0,0.0,0.0,0.0,,,,,,,,,,,,,,,,,,,,,,,
2023,2021013435,2023-09-12,1400173.0,野間 峻祥,37.0,右,6,1.0,1.0,4.0,3.0,0.0,1.0,0.0,0.0,0.0,0.0,0.0,,1.0,1.0,0.0,0.0,0.0,0.0,,,,,,,,,,,,,,,,,,,,,,,
2023,2021013435,2023-09-12,1460004.0,デビッドソン,95.0,三,6,1.0,1.0,3.0,3.0,0.0,1.0,0.0,0.0,0.0,0.0,0.0,,0.0,1.0,0.0,0.0,0.0,0.0,,,,,,,,,,,,,,,,,,,,,,,
2023,2021013435,2023-09-12,1600075.0,星 知弥,24.0,投,2,1.0,0.0,0.0,0.0,0.0,0.0,0.0,0.0,0.0,0.0,0.0,,0.0,0.0,0.0,0.0,0.0,0.0,2.0,1.0,0.0,2.0,2.0,3.57,1.0,1.0,,,0.0,0.0,0.0,0.0,0.0,,1.0,1.0,0.0,,3.0,14.0,
2023,2021013435,2023-09-12,1600124.0,坂倉 将吾,31.0,捕,6,1.0,1.0,4.0,4.0,1.0,2.0,0.0,0.0,1.0,1.0,0.0,,0.0,0.0,0.0,0.0,0.0,0.0,,,,,,,,,,,,,,,,,,,,,,,
2023,2021013435,2023-09-12,1650522.0,丸山 和郁,4.0,右,2,1.0,0.0,0.0,0.0,0.0,0.0,0.0,0.0,0.0,0.0,0.0,,0.0,0.0,0.0,0.0,0.0,0.0,,,,,,,,,,,,,,,,,,,,,,,
2023,2021013435,2023-09-12,1700084.0,村上 宗隆,55.0,三,2,1.0,1.0,4.0,4.0,1.0,1.0,0.0,0.0,1.0,1.0,0.0,,0.0,1.0,0.0,0.0,0.0,0.0,,,,,,,,,,,,,,,,,,,,,,,
2023,2021013435,2023-09-12,1700087.0,塩見 泰隆,9.0,中,2,1.0,1.0,4.0,3.0,1.0,1.0,0.0,0.0,0.0,0.0,0.0,,0.0,0.0,1.0,0.0,0.0,0.0,,,,,,,,,,,,,,,,,,,,,,,
2023,2021013435,2023-09-12,1800036.0,濱田 太貴,51.0,左,2,1.0,1.0,4.0,3.0,0.0,0.0,0.0,0.0,0.0,0.0,0.0,,1.0,1.0,0.0,0.0,0.0,0.0,,,,,,,,,,,,,,,,,,,,,,,
2023,2021013435,2023-09-12,1800072.0,小園 海斗,51.0,二,6,1.0,1.0,4.0,3.0,0.0,0.0,0.0,0.0,0.0,0.0,0.0,,0.0,0.0,0.0,1.0,0.0,0.0,,,,,,,,,,,,,,,,,,,,,,,
2023,2021013435,2023-09-12,1800078.0,羽月 隆太郎,69.0,走,6,1.0,0.0,0.0,0.0,0.0,0.0,0.0,0.0,0.0,0.0,0.0,,0.0,0.0,0.0,0.0,0.0,0.0,,,,,,,,,,,,,,,,,,,,,,,
2023,2021013435,2023-09-12,1900028.0,長岡 秀樹,7.0,遊,2,1.0,1.0,3.0,3.0,0.0,1.0,0.0,0.0,0.0,0.0,0.0,,0.0,1.0,0.0,0.0,0.0,0.0,,,,,,,,,,,,,,,,,,,,,,,
2023,2021013435,2023-09-12,1900057.0,玉村 昇悟,65.0,投,6,1.0,1.0,1.0,1.0,0.0,0.0,0.0,0.0,0.0,0.0,0.0,,0.0,1.0,0.0,0.0,0.0,0.0,1.0,1.0,,3.0,1.0,4.96,4.0,4.0,,,0.0,8.0,2.0,2.0,1.0,,1.0,5.0,1.0,,20.0,93.0,
2023,2021013435,2023-09-12,2000026.0,内山 壮真,33.0,左,2,1.0,0.0,0.0,0.0,0.0,0.0,0.0,0.0,0.0,0.0,0.0,,0.0,0.0,0.0,0.0,0.0,0.0,,,,,,,,,,,,,,,,,,,,,,,
2023,2021013435,2023-09-12,2000062.0,大道 温貴,12.0,投,6,1.0,0.0,0.0,0.0,0.0,0.0,0.0,0.0,0.0,0.0,0.0,,0.0,0.0,0.0,0.0,0.0,0.0,4.0,1.0,0.0,2.0,0.0,2.56,1.0,1.0,,,0.0,0.0,0.0,0.0,0.0,,0.0,1.0,0.0,,3.0,17.0,
2023,2021013435,2023-09-12,2000065.0,矢野 雅哉,61.0,遊,6,1.0,1.0,3.0,2.0,0.0,0.0,0.0,0.0,0.0,0.0,0.0,,0.0,2.0,0.0,1.0,0.0,0.0,,,,,,,,,,,,,,,,,,,,,,,
2023,2021013435,2023-09-12,2000133.0,オスナ,13.0,一,2,1.0,1.0,4.0,4.0,0.0,1.0,0.0,0.0,0.0,0.0,0.0,,0.0,0.0,0.0,0.0,0.0,0.0,,,,,,,,,,,,,,,,,,,,,,,
2023,2021013435,2023-09-12,2000135.0,サンタナ,25.0,右,2,1.0,1.0,4.0,4.0,0.0,2.0,1.0,0.0,0.0,0.0,0.0,,0.0,0.0,0.0,0.0,0.0,0.0,,,,,,,,,,,,,,,,,,,,,,,
2023,2021013435,2023-09-12,2000139.0,サイスニード,54.0,投,2,1.0,1.0,3.0,3.0,0.0,0.0,0.0,0.0,0.0,0.0,0.0,,0.0,2.0,0.0,0.0,0.0,0.0,1.0,1.0,,7.0,7.0,3.36,7.0,7.0,,,0.0,5.0,1.0,1.0,1.0,,1.0,5.0,0.0,,25.0,94.0,
2023,2021013435,2023-09-12,2103358.0,田村 俊介,60.0,左,6,1.0,1.0,3.0,3.0,0.0,1.0,0.0,0.0,0.0,0.0,0.0,,0.0,0.0,0.0,0.0,0.0,0.0,,,,,,,,,,,,,,,,,,,,,,,
2023,2021013435,2023-09-12,2105565.0,益田 武尚,26.0,投,6,1.0,0.0,0.0,0.0,0.0,0.0,0.0,0.0,0.0,0.0,0.0,,0.0,0.0,0.0,0.0,0.0,0.0,2.0,1.0,0.0,1.0,0.0,0.0,2.0,2.0,,,0.0,1.0,0.0,0.0,0.0,,0.0,1.0,0.0,,7.0,24.0,
2023,2021013436,2023-09-12,500014.0,涌井 秀章,20.0,投,4,1.0,1.0,2.0,2.0,0.0,0.0,0.0,0.0,0.0,0.0,0.0,,0.0,0.0,0.0,0.0,0.0,0.0,1.0,1.0,,5.0,12.0,4.03,6.0,6.0,,,0.0,2.0,0.0,0.0,0.0,,0.0,3.0,0.0,,20.0,81.0,
2023,2021013436,2023-09-12,500051.0,藤田 一也,23.0,打,3,1.0,0.0,1.0,1.0,0.0,1.0,0.0,0.0,0.0,0.0,0.0,,0.0,0.0,0.0,0.0,0.0,0.0,,,,,,,,,,,,,,,,,,,,,,,
2023,2021013436,2023-09-12,600003.0,大和,9.0,遊,3,1.0,1.0,3.0,3.0,0.0,1.0,0.0,0.0,0.0,0.0,0.0,,0.0,0.0,0.0,0.0,0.0,0.0,,,,,,,,,,,,,,,,,,,,,,,
2023,2021013436,2023-09-12,800075.0,伊藤 光,29.0,捕,3,1.0,1.0,2.0,2.0,0.0,0.0,0.0,0.0,0.0,0.0,0.0,,0.0,1.0,0.0,0.0,0.0,0.0,,,,,,,,,,,,,,,,,,,,,,,
2023,2021013436,2023-09-12,900410.0,大島 洋平,8.0,打,4,1.0,0.0,1.0,1.0,0.0,1.0,0.0,0.0,0.0,0.0,0.0,,0.0,0.0,0.0,0.0,0.0,0.0,,,,,,,,,,,,,,,,,,,,,,,
2023,2021013436,2023-09-12,1100061.0,桑原 将志,1.0,打,3,1.0,0.0,1.0,1.0,0.0,0.0,0.0,0.0,0.0,0.0,0.0,,0.0,0.0,0.0,0.0,0.0,0.0,,,,,,,,,,,,,,,,,,,,,,,
2023,2021013436,2023-09-12,1100069.0,高橋 周平,3.0,三,4,1.0,0.0,1.0,1.0,0.0,0.0,0.0,0.0,0.0,0.0,0.0,,0.0,0.0,0.0,0.0,0.0,0.0,,,,,,,,,,,,,,,,,,,,,,,
2023,2021013436,2023-09-12,1200053.0,宮崎 敏郎,51.0,三,3,1.0,1.0,4.0,4.0,0.0,1.0,0.0,0.0,0.0,0.0,0.0,,0.0,0.0,0.0,0.0,0.0,0.0,,,,,,,,,,,,,,,,,,,,,,,
2023,2021013436,2023-09-12,1200097.0,加藤 翔平,52.0,右,4,1.0,0.0,0.0,0.0,0.0,0.0,0.0,0.0,0.0,0.0,0.0,,0.0,0.0,0.0,0.0,0.0,0.0,,,,,,,,,,,,,,,,,,,,,,,
2023,2021013436,2023-09-12,1300038.0,関根 大気,63.0,右,3,1.0,1.0,4.0,4.0,1.0,1.0,1.0,0.0,0.0,0.0,0.0,,0.0,0.0,0.0,0.0,0.0,0.0,,,,,,,,,,,,,,,,,,,,,,,
2023,2021013436,2023-09-12,1300095.0,西浦 直亨,39.0,走,3,1.0,0.0,0.0,0.0,0.0,0.0,0.0,0.0,0.0,0.0,0.0,,0.0,0.0,0.0,0.0,0.0,0.0,,,,,,,,,,,,,,,,,,,,,,,
2023,2021013436,2023-09-12,1400109.0,山崎 康晃,19.0,投,3,1.0,0.0,0.0,0.0,0.0,0.0,0.0,0.0,0.0,0.0,0.0,,0.0,0.0,0.0,0.0,0.0,0.0,2.0,1.0,0.0,3.0,7.0,4.06,1.0,1.0,,,20.0,0.0,0.0,0.0,0.0,,0.0,1.0,0.0,,3.0,10.0,
2023,2021013436,2023-09-12,1500049.0,宇佐見 真吾,39.0,一,4,1.0,1.0,3.0,3.0,0.0,1.0,0.0,0.0,0.0,0.0,0.0,,0.0,0.0,0.0,0.0,0.0,0.0,,,,,,,,,,,,,,,,,,,,,,,
2023,2021013436,2023-09-12,1500076.0,木下 拓哉,35.0,捕,4,1.0,1.0,4.0,4.0,0.0,0.0,0.0,0.0,0.0,0.0,0.0,,0.0,1.0,0.0,0.0,0.0,0.0,,,,,,,,,,,,,,,,,,,,,,,
2023,2021013436,2023-09-12,1560639.0,カリステ,99.0,遊,4,1.0,1.0,4.0,4.0,0.0,0.0,0.0,0.0,0.0,0.0,0.0,,0.0,1.0,0.0,0.0,0.0,0.0,,,,,,,,,,,,,,,,,,,,,,,
2023,2021013436,2023-09-12,1600021.0,ビシエド,66.0,一,4,1.0,0.0,1.0,1.0,1.0,1.0,0.0,0.0,1.0,1.0,0.0,,0.0,0.0,0.0,0.0,0.0,0.0,,,,,,,,,,,,,,,,,,,,,,,
2023,2021013436,2023-09-12,1600085.0,細川 成也,0.0,右,4,1.0,1.0,4.0,3.0,0.0,0.0,0.0,0.0,0.0,0.0,0.0,,1.0,0.0,0.0,0.0,0.0,0.0,,,,,,,,,,,,,,,,,,,,,,,
2023,2021013436,2023-09-12,1600089.0,佐野 恵太,7.0,左,3,1.0,1.0,4.0,4.0,0.0,1.0,0.0,0.0,0.0,1.0,0.0,,0.0,1.0,0.0,0.0,0.0,0.0,,,,,,,,,,,,,,,,,,,,,,,
2023,2021013436,2023-09-12,1660045.0,フェリス,93.0,投,4,1.0,0.0,0.0,0.0,0.0,0.0,0.0,0.0,0.0,0.0,0.0,,0.0,0.0,0.0,0.0,0.0,0.0,2.0,1.0,0.0,1.0,0.0,0.0,1.0,1.0,,,0.0,0.0,0.0,0.0,0.0,,0.0,1.0,0.0,,3.0,12.0,
2023,2021013436,2023-09-12,1700010.0,マルティネス,92.0,投,4,1.0,0.0,0.0,0.0,0.0,0.0,0.0,0.0,0.0,0.0,0.0,,0.0,0.0,0.0,0.0,0.0,0.0,4.0,1.0,0.0,3.0,1.0,0.4,1.0,1.0,,,31.0,2.0,1.0,1.0,0.0,,0.0,0.0,0.0,,5.0,12.0,
2023,2021013436,2023-09-12,1700065.0,楠本 泰史,37.0,打,3,1.0,0.0,1.0,1.0,0.0,0.0,0.0,0.0,0.0,0.0,0.0,,0.0,0.0,0.0,0.0,0.0,0.0,,,,,,,,,,,,,,,,,,,,,,,
2023,2021013436,2023-09-12,1700066.0,山本 祐大,50.0,打捕,3,1.0,0.0,1.0,1.0,0.0,0.0,0.0,0.0,0.0,0.0,0.0,,0.0,1.0,0.0,0.0,0.0,0.0,,,,,,,,,,,,,,,,,,,,,,,
2023,2021013436,2023-09-12,1800043.0,上茶谷 大河,27.0,投,3,1.0,0.0,0.0,0.0,0.0,0.0,0.0,0.0,0.0,0.0,0.0,,0.0,0.0,0.0,0.0,0.0,0.0,4.0,1.0,0.0,4.0,3.0,1.87,1.0,1.0,,,0.0,1.0,1.0,1.0,1.0,,0.0,0.0,0.0,,4.0,22.0,
2023,2021013436,2023-09-12,1800045.0,大貫 晋一,16.0,投,3,1.0,1.0,1.0,1.0,0.0,0.0,0.0,0.0,0.0,0.0,0.0,,0.0,0.0,0.0,0.0,0.0,0.0,1.0,1.0,,3.0,4.0,4.09,6.0,6.0,,,0.0,4.0,2.0,2.0,1.0,,1.0,1.0,0.0,,23.0,83.0,
2023,2021013436,2023-09-12,1800048.0,知野 直人,60.0,一,3,1.0,1.0,3.0,3.0,0.0,0.0,0.0,0.0,0.0,0.0,0.0,,0.0,0.0,0.0,0.0,0.0,0.0,,,,,,,,,,,,,,,,,,,,,,,
2023,2021013436,2023-09-12,1900032.0,伊勢 大夢,13.0,投,3,1.0,0.0,0.0,0.0,0.0,0.0,0.0,0.0,0.0,0.0,0.0,,0.0,0.0,0.0,0.0,0.0,0.0,3.0,1.0,0.0,2.0,5.0,3.33,1.0,1.0,,,2.0,1.0,0.0,0.0,0.0,,0.0,1.0,0.0,,4.0,14.0,
2023,2021013436,2023-09-12,1900035.0,蝦名 達夫,61.0,中,3,1.0,1.0,3.0,3.0,0.0,0.0,0.0,0.0,0.0,0.0,0.0,,0.0,1.0,0.0,0.0,0.0,0.0,,,,,,,,,,,,,,,,,,,,,,,
2023,2021013436,2023-09-12,1900037.0,石川 昂弥,25.0,三,4,1.0,1.0,3.0,3.0,1.0,1.0,0.0,0.0,1.0,2.0,0.0,,0.0,0.0,0.0,0.0,0.0,0.0,,,,,,,,,,,,,,,,,,,,,,,
2023,2021013436,2023-09-12,1900041.0,岡林 勇希,60.0,中,4,1.0,1.0,4.0,3.0,0.0,0.0,0.0,0.0,0.0,0.0,0.0,,0.0,0.0,0.0,1.0,0.0,0.0,,,,,,,,,,,,,,,,,,,,,,,
2023,2021013436,2023-09-12,2000035.0,牧 秀悟,2.0,二,3,1.0,1.0,4.0,4.0,0.0,0.0,0.0,0.0,0.0,0.0,0.0,,0.0,1.0,0.0,0.0,0.0,0.0,,,,,,,,,,,,,,,,,,,,,,,
2023,2021013436,2023-09-12,2000044.0,龍空,45.0,二,4,1.0,1.0,3.0,3.0,0.0,0.0,0.0,0.0,0.0,0.0,0.0,,0.0,1.0,0.0,0.0,0.0,0.0,,,,,,,,,,,,,,,,,,,,,,,
2023,2021013436,2023-09-12,2000047.0,三好 大倫,30.0,走左,4,1.0,0.0,0.0,0.0,0.0,0.0,0.0,0.0,0.0,0.0,0.0,,0.0,0.0,0.0,0.0,0.0,0.0,,,,,,,,,,,,,,,,,,,,,,,
2023,2021013436,2023-09-12,2103840.0,ブライト 健太,42.0,左,4,1.0,1.0,4.0,4.0,1.0,2.0,0.0,0.0,0.0,0.0,0.0,,0.0,0.0,0.0,0.0,0.0,0.0,,,,,,,,,,,,,,,,,,,,,,,
2023,2021013436,2023-09-12,2107869.0,松山 晋也,90.0,投,4,1.0,0.0,0.0,0.0,0.0,0.0,0.0,0.0,0.0,0.0,0.0,,0.0,0.0,0.0,0.0,0.0,0.0,3.0,1.0,0.0,0.0,0.0,0.98,1.0,1.0,,,0.0,1.0,0.0,0.0,0.0,,0.0,1.0,0.0,,4.0,16.0,
2023,2021013437,2023-09-12,700003.0,坂本 勇人,6.0,三,1,1.0,1.0,3.0,3.0,0.0,0.0,0.0,0.0,0.0,0.0,0.0,,0.0,0.0,0.0,0.0,0.0,0.0,,,,,,,,,,,,,,,,,,,,,,,
2023,2021013437,2023-09-12,700027.0,梶谷 隆幸,13.0,左,1,1.0,1.0,4.0,4.0,0.0,0.0,0.0,0.0,0.0,0.0,0.0,,0.0,1.0,0.0,0.0,0.0,0.0,,,,,,,,,,,,,,,,,,,,,,,
2023,2021013437,2023-09-12,800043.0,丸 佳浩,8.0,中,1,1.0,1.0,3.0,3.0,0.0,0.0,0.0,0.0,0.0,0.0,0.0,,0.0,1.0,0.0,0.0,0.0,0.0,,,,,,,,,,,,,,,,,,,,,,,
2023,2021013437,2023-09-12,900062.0,西 勇輝,16.0,投,5,1.0,1.0,3.0,3.0,0.0,0.0,0.0,0.0,0.0,0.0,0.0,,0.0,1.0,0.0,0.0,0.0,0.0,1.0,1.0,,7.0,5.0,3.82,9.0,9.0,,,0.0,2.0,0.0,0.0,0.0,,2.0,6.0,0.0,,28.0,117.0,
2023,2021013437,2023-09-12,1400101.0,岡本 和真,25.0,一,1,1.0,1.0,3.0,2.0,0.0,0.0,0.0,0.0,0.0,0.0,0.0,,1.0,0.0,0.0,0.0,0.0,0.0,,,,,,,,,,,,,,,,,,,,,,,
2023,2021013437,2023-09-12,1500047.0,重信 慎之介,43.0,走,1,1.0,0.0,0.0,0.0,0.0,0.0,0.0,0.0,0.0,0.0,0.0,,0.0,0.0,0.0,0.0,0.0,0.0,,,,,,,,,,,,,,,,,,,,,,,
2023,2021013437,2023-09-12,1500087.0,坂本 誠志郎,12.0,捕,5,1.0,1.0,3.0,3.0,0.0,1.0,0.0,0.0,0.0,0.0,0.0,,0.0,0.0,0.0,0.0,0.0,0.0,,,,,,,,,,,,,,,,,,,,,,,
2023,2021013437,2023-09-12,1600059.0,吉川 尚輝,2.0,二,1,1.0,1.0,3.0,3.0,0.0,0.0,0.0,0.0,0.0,0.0,0.0,,0.0,0.0,0.0,0.0,0.0,0.0,,,,,,,,,,,,,,,,,,,,,,,
2023,2021013437,2023-09-12,1600113.0,大山 悠輔,3.0,一,5,1.0,1.0,3.0,3.0,0.0,0.0,0.0,0.0,0.0,0.0,0.0,,0.0,2.0,0.0,0.0,0.0,0.0,,,,,,,,,,,,,,,,,,,,,,,
2023,2021013437,2023-09-12,1651302.0,岡田 悠希,38.0,右,1,1.0,1.0,3.0,3.0,0.0,1.0,0.0,0.0,0.0,0.0,0.0,,0.0,1.0,0.0,0.0,0.0,0.0,,,,,,,,,,,,,,,,,,,,,,,
2023,2021013437,2023-09-12,1700044.0,大城 卓三,24.0,捕,1,1.0,1.0,3.0,3.0,0.0,0.0,0.0,0.0,0.0,0.0,0.0,,0.0,1.0,0.0,0.0,0.0,0.0,,,,,,,,,,,,,,,,,,,,,,,
2023,2021013437,2023-09-12,1800065.0,近本 光司,5.0,中,5,1.0,1.0,3.0,3.0,0.0,1.0,0.0,0.0,0.0,0.0,0.0,,0.0,1.0,0.0,0.0,0.0,0.0,,,,,,,,,,,,,,,,,,,,,,,
2023,2021013437,2023-09-12,1800067.0,木浪 聖也,0.0,遊,5,1.0,1.0,3.0,2.0,0.0,0.0,0.0,0.0,0.0,1.0,0.0,,0.0,0.0,0.0,0.0,1.0,0.0,,,,,,,,,,,,,,,,,,,,,,,
2023,2021013437,2023-09-12,1850183.0,森下 翔太,1.0,右,5,1.0,1.0,3.0,3.0,0.0,0.0,0.0,0.0,0.0,0.0,0.0,,0.0,2.0,0.0,0.0,0.0,0.0,,,,,,,,,,,,,,,,,,,,,,,
2023,2021013437,2023-09-12,1961285.0,ノイジー,7.0,左,5,1.0,1.0,3.0,3.0,1.0,1.0,0.0,0.0,0.0,0.0,0.0,,0.0,0.0,0.0,0.0,0.0,0.0,,,,,,,,,,,,,,,,,,,,,,,
2023,2021013437,2023-09-12,2000006.0,山崎 伊織,19.0,投,1,1.0,1.0,2.0,2.0,0.0,0.0,0.0,0.0,0.0,0.0,0.0,,0.0,0.0,0.0,0.0,0.0,0.0,1.0,1.0,,9.0,4.0,3.0,8.0,8.0,,,0.0,3.0,1.0,1.0,0.0,,0.0,8.0,0.0,,27.0,116.0,
2023,2021013437,2023-09-12,2000009.0,秋広 優人,55.0,打,1,1.0,0.0,1.0,1.0,0.0,1.0,0.0,0.0,0.0,0.0,0.0,,0.0,0.0,0.0,0.0,0.0,0.0,,,,,,,,,,,,,,,,,,,,,,,
2023,2021013437,2023-09-12,2000051.0,佐藤 輝明,8.0,三,5,1.0,1.0,3.0,3.0,0.0,0.0,0.0,0.0,0.0,0.0,0.0,,0.0,1.0,0.0,0.0,0.0,0.0,,,,,,,,,,,,,,,,,,,,,,,
2023,2021013437,2023-09-12,2000056.0,中野 拓夢,51.0,二,5,1.0,1.0,3.0,3.0,0.0,0.0,0.0,0.0,0.0,0.0,0.0,,0.0,1.0,0.0,0.0,0.0,0.0,,,,,,,,,,,,,,,,,,,,,,,
2023,2021013437,2023-09-12,2107874.0,門脇 誠,35.0,遊,1,1.0,1.0,3.0,2.0,0.0,0.0,0.0,0.0,0.0,0.0,0.0,,1.0,2.0,0.0,0.0,0.0,0.0,,,,,,,,,,,,,,,,,,,,,,,
2023,2021013438,2023-09-12,1000011.0,山田 修義,57.0,,11,,,,,,,,,,,,,,,,,,,2.0,1.0,0.0,0.0,0.0,1.24,1.0,1.0,,,0.0,0.0,0.0,0.0,0.0,,0.0,2.0,0.0,,3.0,10.0,
2023,2021013438,2023-09-12,1100095.0,松本 剛,7.0,左,8,1.0,1.0,3.0,3.0,0.0,0.0,0.0,0.0,0.0,0.0,0.0,,0.0,1.0,0.0,0.0,0.0,0.0,,,,,,,,,,,,,,,,,,,,,,,
2023,2021013438,2023-09-12,1100105.0,安達 了一,3.0,二,11,1.0,1.0,4.0,3.0,0.0,1.0,0.0,0.0,0.0,2.0,0.0,,0.0,1.0,0.0,1.0,0.0,0.0,,,,,,,,,,,,,,,,,,,,,,,
2023,2021013438,2023-09-12,1300100.0,森 友哉,4.0,指,11,1.0,1.0,5.0,4.0,2.0,1.0,0.0,0.0,1.0,3.0,0.0,,0.0,0.0,1.0,0.0,0.0,0.0,,,,,,,,,,,,,,,,,,,,,,,
2023,2021013438,2023-09-12,1300109.0,若月 健矢,2.0,捕,11,1.0,1.0,4.0,4.0,0.0,0.0,0.0,0.0,0.0,0.0,0.0,,0.0,0.0,0.0,0.0,0.0,0.0,,,,,,,,,,,,,,,,,,,,,,,
2023,2021013438,2023-09-12,1400120.0,石川 直也,51.0,,8,,,,,,,,,,,,,,,,,,,5.0,1.0,0.0,0.0,0.0,5.87,1.0,1.0,,,1.0,2.0,3.0,3.0,1.0,,1.0,1.0,0.0,,6.0,25.0,
2023,2021013438,2023-09-12,1400196.0,宗 佑磨,6.0,三,11,1.0,1.0,5.0,4.0,1.0,1.0,0.0,0.0,0.0,0.0,0.0,,0.0,1.0,1.0,0.0,0.0,0.0,,,,,,,,,,,,,,,,,,,,,,,
2023,2021013438,2023-09-12,1400197.0,佐野 皓大,41.0,右中,11,1.0,1.0,5.0,3.0,0.0,0.0,0.0,0.0,0.0,0.0,0.0,,0.0,1.0,0.0,2.0,0.0,0.0,,,,,,,,,,,,,,,,,,,,,,,
2023,2021013438,2023-09-12,1400202.0,小田 裕也,50.0,走左,11,1.0,0.0,0.0,0.0,0.0,0.0,0.0,0.0,0.0,0.0,0.0,,0.0,0.0,0.0,0.0,0.0,0.0,,,,,,,,,,,,,,,,,,,,,,,
2023,2021013438,2023-09-12,1500128.0,大城 滉二,10.0,二,11,1.0,0.0,0.0,0.0,0.0,0.0,0.0,0.0,0.0,0.0,0.0,,0.0,0.0,0.0,0.0,0.0,0.0,,,,,,,,,,,,,,,,,,,,,,,
2023,2021013438,2023-09-12,1500135.0,杉本 裕太郎,99.0,左,11,1.0,1.0,4.0,4.0,0.0,2.0,0.0,0.0,0.0,1.0,0.0,,0.0,1.0,0.0,0.0,0.0,0.0,,,,,,,,,,,,,,,,,,,,,,,
2023,2021013438,2023-09-12,1600139.0,玉井 大翔,19.0,,8,,,,,,,,,,,,,,,,,,,3.0,1.0,0.0,0.0,2.0,2.76,1.0,1.0,,,2.0,1.0,0.0,0.0,0.0,,0.0,0.0,0.0,,4.0,9.0,
2023,2021013438,2023-09-12,1600150.0,山岡 泰輔,19.0,,11,,,,,,,,,,,,,,,,,,,3.0,1.0,0.0,2.0,1.0,2.35,1.0,1.0,,,0.0,0.0,0.0,0.0,0.0,,0.0,1.0,0.0,,3.0,10.0,
2023,2021013438,2023-09-12,1700025.0,清宮 幸太郎,21.0,三,8,1.0,1.0,3.0,3.0,0.0,0.0,0.0,0.0,0.0,0.0,0.0,,0.0,0.0,0.0,0.0,0.0,0.0,,,,,,,,,,,,,,,,,,,,,,,
2023,2021013438,2023-09-12,1700106.0,山本 拓実,67.0,,8,,,,,,,,,,,,,,,,,,,2.0,1.0,0.0,0.0,0.0,1.8,1.0,1.0,,,0.0,2.0,1.0,1.0,0.0,,0.0,0.0,0.0,,5.0,17.0,
2023,2021013438,2023-09-12,1700116.0,山足 達也,36.0,一,11,1.0,0.0,1.0,1.0,0.0,0.0,0.0,0.0,0.0,0.0,0.0,,0.0,0.0,0.0,0.0,0.0,0.0,,,,,,,,,,,,,,,,,,,,,,,
2023,2021013438,2023-09-12,1700118.0,東 晃平,95.0,,11,,,,,,,,,,,,,,,,,,,1.0,1.0,,5.0,0.0,1.79,7.0,7.0,,,0.0,2.0,1.0,1.0,0.0,,0.0,7.0,0.0,,23.0,82.0,
2023,2021013438,2023-09-12,1800008.0,マルティネス,2.0,一,8,1.0,1.0,3.0,3.0,0.0,0.0,0.0,0.0,0.0,0.0,0.0,,0.0,1.0,0.0,0.0,0.0,0.0,,,,,,,,,,,,,,,,,,,,,,,
2023,2021013438,2023-09-12,1800091.0,野村 佑希,5.0,打二,8,1.0,0.0,1.0,1.0,0.0,0.0,0.0,0.0,0.0,0.0,0.0,,0.0,1.0,0.0,0.0,0.0,0.0,,,,,,,,,,,,,,,,,,,,,,,
2023,2021013438,2023-09-12,1800093.0,万波 中正,66.0,右,8,1.0,1.0,4.0,4.0,0.0,1.0,1.0,0.0,0.0,1.0,0.0,,0.0,1.0,0.0,0.0,0.0,0.0,,,,,,,,,,,,,,,,,,,,,,,
2023,2021013438,2023-09-12,1800099.0,頓宮 裕真,44.0,一,11,1.0,1.0,4.0,3.0,1.0,1.0,1.0,0.0,0.0,0.0,0.0,,0.0,0.0,0.0,1.0,0.0,0.0,,,,,,,,,,,,,,,,,,,,,,,
2023,2021013438,2023-09-12,1800104.0,中川 圭太,67.0,中,11,1.0,1.0,5.0,4.0,2.0,2.0,0.0,0.0,0.0,2.0,1.0,,1.0,0.0,0.0,0.0,0.0,0.0,,,,,,,,,,,,,,,,,,,,,,,
2023,2021013438,2023-09-12,1800127.0,王 柏融,99.0,指,8,1.0,1.0,2.0,2.0,0.0,0.0,0.0,0.0,0.0,0.0,0.0,,0.0,1.0,0.0,0.0,0.0,0.0,,,,,,,,,,,,,,,,,,,,,,,
2023,2021013438,2023-09-12,1850932.0,奈良間 大己,58.0,遊,8,1.0,1.0,3.0,3.0,1.0,1.0,0.0,0.0,0.0,0.0,0.0,,0.0,1.0,0.0,0.0,0.0,0.0,,,,,,,,,,,,,,,,,,,,,,,
2023,2021013438,2023-09-12,1851204.0,水野 達稀,43.0,二,8,1.0,1.0,2.0,2.0,0.0,0.0,0.0,0.0,0.0,0.0,0.0,,0.0,1.0,0.0,0.0,0.0,0.0,,,,,,,,,,,,,,,,,,,,,,,
2023,2021013438,2023-09-12,1900040.0,郡司 裕也,30.0,打指,8,1.0,0.0,1.0,1.0,0.0,0.0,0.0,0.0,0.0,0.0,0.0,,0.0,0.0,0.0,0.0,0.0,0.0,,,,,,,,,,,,,,,,,,,,,,,
2023,2021013438,2023-09-12,1900073.0,鈴木 健矢,47.0,,8,,,,,,,,,,,,,,,,,,,4.0,1.0,0.0,6.0,4.0,2.83,1.0,1.0,,,0.0,1.0,0.0,0.0,0.0,,0.0,0.0,0.0,,4.0,11.0,
2023,2021013438,2023-09-12,1900088.0,紅林 弘太郎,24.0,遊,11,1.0,1.0,4.0,4.0,2.0,3.0,0.0,0.0,0.0,0.0,0.0,,0.0,0.0,0.0,0.0,0.0,0.0,,,,,,,,,,,,,,,,,,,,,,,
2023,2021013438,2023-09-12,1961850.0,ポンセ,45.0,,8,,,,,,,,,,,,,,,,,,,1.0,1.0,,3.0,5.0,4.08,5.0,5.0,,,0.0,5.0,4.0,4.0,0.0,,0.0,3.0,2.0,,22.0,73.0,
2023,2021013438,2023-09-12,2000080.0,五十幡 亮汰,50.0,中,8,1.0,1.0,4.0,4.0,0.0,0.0,0.0,0.0,0.0,0.0,0.0,,0.0,1.0,0.0,0.0,0.0,0.0,,,,,,,,,,,,,,,,,,,,,,,
2023,2021013438,2023-09-12,2000081.0,古川 裕大,27.0,捕,8,1.0,1.0,3.0,3.0,0.0,0.0,0.0,0.0,0.0,0.0,0.0,,0.0,2.0,0.0,0.0,0.0,0.0,,,,,,,,,,,,,,,,,,,,,,,
2023,2021013438,2023-09-12,2107897.0,茶野 篤政,61.0,右,11,1.0,0.0,0.0,0.0,0.0,0.0,0.0,0.0,0.0,0.0,0.0,,0.0,0.0,0.0,0.0,0.0,0.0,,,,,,,,,,,,,,,,,,,,,,,
2023,2021013439,2023-09-12,12101.0,中村 剛也,60.0,指,7,1.0,1.0,5.0,5.0,1.0,3.0,1.0,0.0,0.0,0.0,0.0,,0.0,1.0,0.0,0.0,0.0,0.0,,,,,,,,,,,,,,,,,,,,,,,
2023,2021013439,2023-09-12,12102.0,栗山 巧,1.0,打,7,1.0,0.0,1.0,1.0,0.0,0.0,0.0,0.0,0.0,0.0,0.0,,0.0,0.0,0.0,0.0,0.0,0.0,,,,,,,,,,,,,,,,,,,,,,,
2023,2021013439,2023-09-12,800081.0,中村 晃,7.0,一,12,1.0,1.0,3.0,2.0,1.0,1.0,0.0,0.0,0.0,0.0,0.0,,1.0,0.0,0.0,0.0,0.0,0.0,,,,,,,,,,,,,,,,,,,,,,,
2023,2021013439,2023-09-12,1000035.0,今宮 健太,6.0,遊,12,1.0,1.0,6.0,6.0,1.0,3.0,1.0,0.0,0.0,4.0,0.0,,0.0,1.0,0.0,0.0,0.0,0.0,,,,,,,,,,,,,,,,,,,,,,,
2023,2021013439,2023-09-12,1000128.0,柳田 悠岐,9.0,指,12,1.0,1.0,6.0,5.0,1.0,2.0,0.0,0.0,0.0,0.0,0.0,,1.0,1.0,0.0,0.0,0.0,0.0,,,,,,,,,,,,,,,,,,,,,,,
2023,2021013439,2023-09-12,1000176.0,甲斐 拓也,19.0,捕,12,1.0,1.0,6.0,6.0,0.0,0.0,0.0,0.0,0.0,0.0,0.0,,0.0,4.0,0.0,0.0,0.0,0.0,,,,,,,,,,,,,,,,,,,,,,,
2023,2021013439,2023-09-12,1100097.0,近藤 健介,3.0,左,12,1.0,1.0,6.0,5.0,0.0,1.0,1.0,0.0,0.0,2.0,0.0,,1.0,0.0,0.0,0.0,0.0,0.0,,,,,,,,,,,,,,,,,,,,,,,
2023,2021013439,2023-09-12,1100119.0,嘉弥真 新也,57.0,,12,,,,,,,,,,,,,,,,,,,2.0,1.0,0.0,0.0,0.0,7.0,0.3333333333333333,0.1,,,0.0,0.0,0.0,0.0,0.0,,0.0,0.0,0.0,,1.0,3.0,
2023,2021013439,2023-09-12,1200044.0,公文 克彦,23.0,,7,,,,,,,,,,,,,,,,,,,7.0,1.0,0.0,1.0,1.0,9.64,0.3333333333333333,0.1,,,0.0,1.0,4.0,4.0,0.0,,3.0,0.0,0.0,,5.0,20.0,
2023,2021013439,2023-09-12,1300063.0,又吉 克樹,14.0,,12,,,,,,,,,,,,,,,,,,,4.0,1.0,0.0,1.0,1.0,1.71,1.0,1.0,,,0.0,0.0,0.0,0.0,0.0,,0.0,0.0,0.0,,3.0,13.0,
2023,2021013439,2023-09-12,1300079.0,上林 誠知,51.0,中右,12,1.0,0.0,3.0,2.0,1.0,0.0,0.0,0.0,0.0,0.0,0.0,,1.0,0.0,0.0,0.0,0.0,0.0,,,,,,,,,,,,,,,,,,,,,,,
2023,2021013439,2023-09-12,1400126.0,松本 裕樹,66.0,,12,,,,,,,,,,,,,,,,,,,5.0,1.0,0.0,2.0,2.0,2.93,1.0,1.0,,,0.0,1.0,0.0,0.0,0.0,,0.0,1.0,0.0,,4.0,11.0,
2023,2021013439,2023-09-12,1400176.0,藤井 皓哉,48.0,,12,,,,,,,,,,,,,,,,,,,6.0,1.0,0.0,5.0,3.0,2.36,1.0,1.0,,,0.0,0.0,0.0,0.0,0.0,,0.0,2.0,0.0,,3.0,11.0,
2023,2021013439,2023-09-12,1400184.0,外崎 修汰,5.0,二,7,1.0,1.0,6.0,5.0,0.0,1.0,0.0,0.0,0.0,0.0,0.0,,1.0,0.0,0.0,0.0,0.0,0.0,,,,,,,,,,,,,,,,,,,,,,,
2023,2021013439,2023-09-12,1500104.0,本田 圭佑,45.0,,7,,,,,,,,,,,,,,,,,,,8.0,1.0,0.0,0.0,1.0,1.1,0.6666666666666666,0.2,,,0.0,1.0,0.0,0.0,0.0,,1.0,0.0,0.0,,4.0,12.0,
2023,2021013439,2023-09-12,1500140.0,谷川原 健太,45.0,走左,12,1.0,0.0,0.0,0.0,1.0,0.0,0.0,0.0,0.0,0.0,0.0,,0.0,0.0,0.0,0.0,0.0,0.0,,,,,,,,,,,,,,,,,,,,,,,
2023,2021013439,2023-09-12,1500143.0,川瀬 晃,0.0,一,12,1.0,0.0,2.0,0.0,0.0,0.0,0.0,0.0,0.0,0.0,0.0,,2.0,0.0,0.0,0.0,0.0,0.0,,,,,,,,,,,,,,,,,,,,,,,
2023,2021013439,2023-09-12,1550517.0,大津 亮介,26.0,,12,,,,,,,,,,,,,,,,,,,9.0,1.0,0.0,2.0,0.0,2.52,1.0,1.0,,,0.0,0.0,0.0,0.0,0.0,,1.0,0.0,0.0,,4.0,17.0,
2023,2021013439,2023-09-12,1560184.0,オスナ,54.0,,12,,,,,,,,,,,,,,,,,,,7.0,1.0,0.0,3.0,1.0,0.63,1.0,1.0,,,21.0,1.0,0.0,0.0,0.0,,0.0,1.0,0.0,,3.0,10.0,
2023,2021013439,2023-09-12,1600129.0,源田 壮亮,6.0,遊,7,1.0,1.0,6.0,5.0,0.0,1.0,0.0,0.0,0.0,1.0,0.0,,1.0,1.0,0.0,0.0,0.0,0.0,,,,,,,,,,,,,,,,,,,,,,,
2023,2021013439,2023-09-12,1600131.0,平井 克典,25.0,,7,,,,,,,,,,,,,,,,,,,4.0,1.0,0.0,3.0,3.0,2.6,1.0,1.0,,,0.0,2.0,0.0,0.0,0.0,,0.0,1.0,0.0,,5.0,20.0,
2023,2021013439,2023-09-12,1600132.0,田村 伊知郎,40.0,,7,,,,,,,,,,,,,,,,,,,3.0,1.0,0.0,1.0,0.0,1.62,1.0,1.0,,,0.0,1.0,0.0,0.0,0.0,,0.0,0.0,0.0,,4.0,13.0,
2023,2021013439,2023-09-12,1600167.0,三森 大貴,13.0,二,12,1.0,1.0,6.0,5.0,1.0,2.0,0.0,0.0,0.0,0.0,0.0,,0.0,2.0,0.0,1.0,0.0,0.0,,,,,,,,,,,,,,,,,,,,,,,
2023,2021013439,2023-09-12,1700122.0,西川 愛也,51.0,中,7,1.0,1.0,5.0,5.0,0.0,2.0,0.0,0.0,0.0,2.0,0.0,,0.0,1.0,0.0,0.0,0.0,0.0,,,,,,,,,,,,,,,,,,,,,,,
2023,2021013439,2023-09-12,1700135.0,周東 佑京,23.0,中三中,12,1.0,1.0,6.0,5.0,2.0,2.0,0.0,0.0,0.0,0.0,0.0,,1.0,0.0,0.0,0.0,0.0,0.0,,,,,,,,,,,,,,,,,,,,,,,
2023,2021013439,2023-09-12,1800080.0,松本 航,17.0,,7,,,,,,,,,,,,,,,,,,,1.0,1.0,,4.0,8.0,3.76,5.0,5.0,,,0.0,8.0,4.0,4.0,0.0,,1.0,4.0,0.0,,24.0,111.0,
2023,2021013439,2023-09-12,1800086.0,佐藤 龍世,58.0,三,7,1.0,1.0,5.0,4.0,1.0,1.0,0.0,0.0,0.0,0.0,0.0,,1.0,0.0,0.0,0.0,0.0,0.0,,,,,,,,,,,,,,,,,,,,,,,
2023,2021013439,2023-09-12,1800106.0,甲斐野 央,20.0,,12,,,,,,,,,,,,,,,,,,,3.0,1.0,0.0,2.0,1.0,2.45,1.0,1.0,,,2.0,1.0,0.0,0.0,0.0,,1.0,0.0,0.0,,5.0,17.0,
2023,2021013439,2023-09-12,1850820.0,蛭間 拓哉,9.0,右,7,1.0,1.0,5.0,5.0,0.0,0.0,0.0,0.0,0.0,0.0,0.0,,0.0,1.0,0.0,0.0,0.0,0.0,,,,,,,,,,,,,,,,,,,,,,,
2023,2021013439,2023-09-12,1900010.0,スチュワート・ジュニア,2.0,,12,,,,,,,,,,,,,,,,,,,1.0,1.0,,3.0,5.0,3.34,3.6666666666666665,3.2,,,0.0,7.0,4.0,4.0,0.0,,2.0,2.0,0.0,,20.0,88.0,
2023,2021013439,2023-09-12,1900065.0,柘植 世那,37.0,捕,7,1.0,1.0,4.0,4.0,0.0,0.0,0.0,0.0,0.0,0.0,0.0,,0.0,2.0,0.0,0.0,0.0,0.0,,,,,,,,,,,,,,,,,,,,,,,
2023,2021013439,2023-09-12,1900068.0,岸 潤一郎,68.0,左,7,1.0,0.0,0.0,0.0,0.0,0.0,0.0,0.0,0.0,0.0,0.0,,0.0,0.0,0.0,0.0,0.0,0.0,,,,,,,,,,,,,,,,,,,,,,,
2023,2021013439,2023-09-12,1900102.0,津森 宥紀,11.0,,12,,,,,,,,,,,,,,,,,,,8.0,1.0,0.0,4.0,4.0,3.48,1.0,1.0,,,0.0,0.0,0.0,0.0,0.0,,1.0,2.0,0.0,,4.0,25.0,
2023,2021013439,2023-09-12,1900104.0,柳町 達,32.0,右,12,1.0,1.0,6.0,6.0,0.0,2.0,0.0,0.0,0.0,1.0,0.0,,0.0,1.0,0.0,0.0,0.0,0.0,,,,,,,,,,,,,,,,,,,,,,,
2023,2021013439,2023-09-12,1961286.0,ペイトン,10.0,左,7,1.0,1.0,5.0,2.0,1.0,0.0,0.0,0.0,0.0,1.0,0.0,,2.0,0.0,0.0,0.0,1.0,0.0,,,,,,,,,,,,,,,,,,,,,,,
2023,2021013439,2023-09-12,2000077.0,豆田 泰志,70.0,,7,,,,,,,,,,,,,,,,,,,6.0,1.0,0.0,0.0,0.0,0.84,1.0,1.0,,,0.0,0.0,0.0,0.0,0.0,,1.0,2.0,0.0,,4.0,25.0,
2023,2021013439,2023-09-12,2000078.0,水上 由伸,69.0,,7,,,,,,,,,,,,,,,,,,,2.0,1.0,0.0,0.0,1.0,1.32,1.0,1.0,,,0.0,0.0,0.0,0.0,0.0,,0.0,2.0,0.0,,3.0,13.0,
2023,2021013439,2023-09-12,2000108.0,井上 朋也,43.0,三一,12,1.0,1.0,3.0,3.0,0.0,1.0,0.0,0.0,0.0,1.0,0.0,,0.0,1.0,0.0,0.0,0.0,0.0,,,,,,,,,,,,,,,,,,,,,,,
2023,2021013439,2023-09-12,2060016.0,クリスキー,99.0,,7,,,,,,,,,,,,,,,,,,,5.0,1.0,0.0,0.0,0.0,0.0,1.0,1.0,,,3.0,1.0,0.0,0.0,0.0,,1.0,1.0,0.0,,5.0,16.0,
2023,2021013439,2023-09-12,2104035.0,野村 勇,99.0,三,12,1.0,0.0,0.0,0.0,0.0,0.0,0.0,0.0,0.0,0.0,0.0,,0.0,0.0,0.0,0.0,0.0,0.0,,,,,,,,,,,,,,,,,,,,,,,
2023,2021013439,2023-09-12,2105684.0,児玉 亮涼,0.0,走三,7,1.0,0.0,0.0,0.0,0.0,0.0,0.0,0.0,0.0,0.0,0.0,,0.0,0.0,0.0,0.0,0.0,0.0,,,,,,,,,,,,,,,,,,,,,,,
2023,2021013439,2023-09-12,2107661.0,生海,37.0,打,12,1.0,0.0,1.0,1.0,0.0,0.0,0.0,0.0,0.0,0.0,0.0,,0.0,0.0,0.0,0.0,0.0,0.0,,,,,,,,,,,,,,,,,,,,,,,
2023,2021013439,2023-09-12,2108196.0,マキノン,30.0,一,7,1.0,1.0,5.0,5.0,1.0,2.0,0.0,0.0,0.0,0.0,0.0,,0.0,2.0,0.0,0.0,0.0,0.0,,,,,,,,,,,,,,,,,,,,,,,
2023,2021013440,2023-09-12,700087.0,角中 勝也,3.0,左,9,1.0,1.0,4.0,4.0,0.0,2.0,2.0,0.0,0.0,0.0,0.0,,0.0,0.0,0.0,0.0,0.0,0.0,,,,,,,,,,,,,,,,,,,,,,,
2023,2021013440,2023-09-12,900056.0,浅村 栄斗,3.0,指,376,1.0,1.0,4.0,3.0,0.0,0.0,0.0,0.0,0.0,0.0,0.0,,1.0,1.0,0.0,0.0,0.0,0.0,,,,,,,,,,,,,,,,,,,,,,,
2023,2021013440,2023-09-12,1000014.0,荻野 貴司,0.0,右,9,1.0,1.0,4.0,4.0,2.0,3.0,1.0,0.0,1.0,3.0,0.0,,0.0,1.0,0.0,0.0,0.0,0.0,,,,,,,,,,,,,,,,,,,,,,,
2023,2021013440,2023-09-12,1100103.0,鈴木 大地,7.0,打一,376,1.0,0.0,1.0,1.0,0.0,0.0,0.0,0.0,0.0,0.0,0.0,,0.0,1.0,0.0,0.0,0.0,0.0,,,,,,,,,,,,,,,,,,,,,,,
2023,2021013440,2023-09-12,1100104.0,益田 直也,52.0,,9,,,,,,,,,,,,,,,,,,,4.0,1.0,0.0,2.0,4.0,3.49,1.0,1.0,,,35.0,0.0,0.0,0.0,0.0,,0.0,1.0,0.0,,3.0,16.0,
2023,2021013440,2023-09-12,1100132.0,島内 宏明,35.0,左,376,1.0,1.0,4.0,4.0,1.0,3.0,0.0,0.0,0.0,1.0,1.0,,0.0,0.0,0.0,0.0,0.0,0.0,,,,,,,,,,,,,,,,,,,,,,,
2023,2021013440,2023-09-12,1200117.0,則本 昂大,14.0,,376,,,,,,,,,,,,,,,,,,,1.0,1.0,,7.0,6.0,2.72,7.0,7.0,,,0.0,7.0,4.0,1.0,1.0,,0.0,7.0,0.0,,29.0,107.0,
2023,2021013440,2023-09-12,1300044.0,岡 大海,25.0,走左,9,1.0,0.0,0.0,0.0,0.0,0.0,0.0,0.0,0.0,0.0,0.0,,0.0,0.0,0.0,0.0,0.0,0.0,,,,,,,,,,,,,,,,,,,,,,,
2023,2021013440,2023-09-12,1400188.0,中村 奨吾,8.0,二,9,1.0,1.0,4.0,2.0,0.0,0.0,0.0,0.0,0.0,1.0,0.0,,1.0,1.0,0.0,0.0,1.0,0.0,,,,,,,,,,,,,,,,,,,,,,,
2023,2021013440,2023-09-12,1460080.0,ポランコ,22.0,指,9,1.0,1.0,4.0,4.0,0.0,1.0,1.0,0.0,0.0,0.0,0.0,,0.0,0.0,0.0,0.0,0.0,0.0,,,,,,,,,,,,,,,,,,,,,,,
2023,2021013440,2023-09-12,1500078.0,阿部 寿樹,4.0,三,376,1.0,1.0,4.0,4.0,0.0,1.0,0.0,0.0,0.0,0.0,0.0,,0.0,1.0,0.0,0.0,0.0,1.0,,,,,,,,,,,,,,,,,,,,,,,
2023,2021013440,2023-09-12,1600007.0,村林 一輝,66.0,遊,376,1.0,1.0,4.0,4.0,0.0,1.0,0.0,0.0,0.0,0.0,0.0,,0.0,0.0,0.0,0.0,0.0,0.0,,,,,,,,,,,,,,,,,,,,,,,
2023,2021013440,2023-09-12,1600142.0,酒居 知史,28.0,,376,,,,,,,,,,,,,,,,,,,2.0,1.0,0.0,4.0,3.0,3.53,1.0,1.0,,,1.0,1.0,1.0,1.0,0.0,,2.0,1.0,0.0,,6.0,21.0,
2023,2021013440,2023-09-12,1600157.0,澤田 圭佑,66.0,,9,,,,,,,,,,,,,,,,,,,2.0,1.0,0.0,2.0,0.0,0.93,1.0,1.0,,,0.0,1.0,0.0,0.0,0.0,,0.0,1.0,0.0,,4.0,12.0,
2023,2021013440,2023-09-12,1660014.0,ペルドモ,55.0,,9,,,,,,,,,,,,,,,,,,,3.0,1.0,0.0,1.0,3.0,2.12,1.0,1.0,,,1.0,0.0,0.0,0.0,0.0,,0.0,2.0,0.0,,3.0,16.0,
2023,2021013440,2023-09-12,1700092.0,安田 尚憲,5.0,三,9,1.0,1.0,4.0,4.0,0.0,0.0,0.0,0.0,0.0,0.0,0.0,,0.0,2.0,0.0,0.0,0.0,0.0,,,,,,,,,,,,,,,,,,,,,,,
2023,2021013440,2023-09-12,1700093.0,藤岡 裕大,4.0,遊,9,1.0,1.0,4.0,3.0,0.0,0.0,0.0,0.0,0.0,0.0,0.0,,0.0,2.0,0.0,1.0,0.0,0.0,,,,,,,,,,,,,,,,,,,,,,,
2023,2021013440,2023-09-12,1700098.0,和田 康士朗,63.0,走指,9,1.0,0.0,0.0,0.0,1.0,0.0,0.0,0.0,0.0,0.0,0.0,,0.0,0.0,0.0,0.0,0.0,0.0,,,,,,,,,,,,,,,,,,,,,,,
2023,2021013440,2023-09-12,1800044.0,伊藤 裕季也,39.0,一,376,1.0,1.0,3.0,1.0,0.0,0.0,0.0,0.0,0.0,0.0,0.0,,2.0,0.0,0.0,0.0,0.0,0.0,,,,,,,,,,,,,,,,,,,,,,,
2023,2021013440,2023-09-12,1800050.0,藤原 恭大,1.0,中,9,1.0,1.0,3.0,3.0,1.0,0.0,0.0,0.0,0.0,0.0,0.0,,0.0,1.0,0.0,0.0,0.0,0.0,,,,,,,,,,,,,,,,,,,,,,,
2023,2021013440,2023-09-12,1800052.0,小島 和哉,14.0,,9,,,,,,,,,,,,,,,,,,,1.0,1.0,,8.0,4.0,3.33,6.0,6.0,,,0.0,6.0,3.0,3.0,0.0,,4.0,2.0,0.0,,27.0,106.0,
2023,2021013440,2023-09-12,1800053.0,山口 航輝,51.0,一,9,1.0,1.0,4.0,3.0,1.0,1.0,0.0,0.0,0.0,0.0,0.0,,1.0,1.0,0.0,0.0,0.0,0.0,,,,,,,,,,,,,,,,,,,,,,,
2023,2021013440,2023-09-12,1800117.0,辰己 涼介,8.0,中,376,1.0,1.0,4.0,4.0,1.0,1.0,0.0,0.0,0.0,1.0,0.0,,0.0,0.0,0.0,0.0,0.0,0.0,,,,,,,,,,,,,,,,,,,,,,,
2023,2021013440,2023-09-12,1800118.0,太田 光,2.0,捕,376,1.0,1.0,3.0,3.0,0.0,0.0,0.0,0.0,0.0,0.0,0.0,,0.0,1.0,0.0,0.0,0.0,0.0,,,,,,,,,,,,,,,,,,,,,,,
2023,2021013440,2023-09-12,1800123.0,小郷 裕哉,51.0,右,376,1.0,1.0,4.0,3.0,0.0,0.0,0.0,0.0,0.0,1.0,0.0,,1.0,1.0,0.0,0.0,0.0,0.0,,,,,,,,,,,,,,,,,,,,,,,
2023,2021013440,2023-09-12,1900081.0,佐藤 都志也,32.0,捕,9,1.0,1.0,4.0,3.0,0.0,1.0,0.0,0.0,0.0,1.0,0.0,,0.0,0.0,0.0,0.0,1.0,0.0,,,,,,,,,,,,,,,,,,,,,,,
2023,2021013440,2023-09-12,1900112.0,小深田 大翔,0.0,二,376,1.0,1.0,5.0,5.0,1.0,1.0,0.0,1.0,0.0,0.0,0.0,,0.0,1.0,0.0,0.0,0.0,0.0,,,,,,,,,,,,,,,,,,,,,,,
2023,2021013440,2023-09-12,2103740.0,安田 悠馬,55.0,打,376,1.0,0.0,1.0,1.0,0.0,0.0,0.0,0.0,0.0,0.0,0.0,,0.0,0.0,0.0,0.0,0.0,0.0,,,,,,,,,,,,,,,,,,,,,,,
2023,2021013441,2023-09-13,600011.0,川端 慎吾,5.0,打,2,1.0,0.0,1.0,1.0,0.0,0.0,0.0,0.0,0.0,0.0,0.0,,0.0,0.0,0.0,0.0,0.0,0.0,,,,,,,,,,,,,,,,,,,,,,,
2023,2021013441,2023-09-13,800041.0,松山 竜平,55.0,打,6,1.0,0.0,1.0,1.0,0.0,0.0,0.0,0.0,0.0,0.0,0.0,,0.0,0.0,0.0,0.0,0.0,0.0,,,,,,,,,,,,,,,,,,,,,,,
2023,2021013441,2023-09-13,900430.0,堂林 翔太,7.0,一,6,1.0,1.0,4.0,4.0,1.0,1.0,0.0,0.0,1.0,1.0,0.0,,0.0,1.0,0.0,0.0,0.0,1.0,,,,,,,,,,,,,,,,,,,,,,,
2023,2021013441,2023-09-13,1000132.0,山田 哲人,1.0,二,2,1.0,1.0,5.0,4.0,0.0,1.0,0.0,0.0,0.0,0.0,0.0,,1.0,0.0,0.0,0.0,0.0,0.0,,,,,,,,,,,,,,,,,,,,,,,
2023,2021013441,2023-09-13,1000150.0,秋山 翔吾,9.0,中,6,1.0,1.0,5.0,3.0,0.0,0.0,0.0,0.0,0.0,0.0,0.0,,1.0,0.0,1.0,0.0,0.0,0.0,,,,,,,,,,,,,,,,,,,,,,,
2023,2021013441,2023-09-13,1300057.0,大瀬良 大地,14.0,投,6,1.0,1.0,2.0,2.0,0.0,0.0,0.0,0.0,0.0,0.0,0.0,,0.0,2.0,0.0,0.0,0.0,0.0,1.0,1.0,,6.0,10.0,3.61,5.333333333333333,5.1,,,0.0,6.0,3.0,3.0,2.0,,2.0,5.0,0.0,,27.0,122.0,
2023,2021013441,2023-09-13,1300059.0,田中 広輔,2.0,打三,6,1.0,0.0,2.0,2.0,0.0,1.0,1.0,0.0,0.0,0.0,0.0,,0.0,0.0,0.0,0.0,0.0,1.0,,,,,,,,,,,,,,,,,,,,,,,
2023,2021013441,2023-09-13,1300082.0,曽根 海成,0.0,三二,6,1.0,0.0,1.0,1.0,0.0,1.0,1.0,0.0,0.0,0.0,0.0,,0.0,0.0,0.0,0.0,0.0,0.0,,,,,,,,,,,,,,,,,,,,,,,
2023,2021013441,2023-09-13,1400173.0,野間 峻祥,37.0,右,6,1.0,1.0,4.0,3.0,0.0,0.0,0.0,0.0,0.0,0.0,0.0,,1.0,0.0,0.0,0.0,0.0,0.0,,,,,,,,,,,,,,,,,,,,,,,
2023,2021013441,2023-09-13,1460004.0,デビッドソン,95.0,三,6,1.0,1.0,2.0,2.0,0.0,0.0,0.0,0.0,0.0,0.0,0.0,,0.0,0.0,0.0,0.0,0.0,1.0,,,,,,,,,,,,,,,,,,,,,,,
2023,2021013441,2023-09-13,1600075.0,星 知弥,24.0,投,2,1.0,0.0,0.0,0.0,0.0,0.0,0.0,0.0,0.0,0.0,0.0,,0.0,0.0,0.0,0.0,0.0,0.0,4.0,1.0,0.0,2.0,2.0,3.5,0.6666666666666666,0.2,,,0.0,1.0,0.0,0.0,0.0,,0.0,0.0,0.0,,2.0,7.0,
2023,2021013441,2023-09-13,1600078.0,古賀 優大,57.0,捕,2,1.0,1.0,4.0,4.0,0.0,1.0,0.0,0.0,0.0,0.0,0.0,,0.0,0.0,0.0,0.0,0.0,0.0,,,,,,,,,,,,,,,,,,,,,,,
2023,2021013441,2023-09-13,1600124.0,坂倉 将吾,31.0,捕,6,1.0,1.0,4.0,4.0,0.0,2.0,0.0,0.0,0.0,0.0,0.0,,0.0,0.0,0.0,0.0,0.0,0.0,,,,,,,,,,,,,,,,,,,,,,,
2023,2021013441,2023-09-13,1600125.0,アドゥワ 誠,48.0,投,6,1.0,0.0,0.0,0.0,0.0,0.0,0.0,0.0,0.0,0.0,0.0,,0.0,0.0,0.0,0.0,0.0,0.0,3.0,1.0,0.0,1.0,0.0,3.6,2.0,2.0,,,0.0,1.0,2.0,2.0,0.0,,2.0,2.0,1.0,,11.0,42.0,
2023,2021013441,2023-09-13,1650522.0,丸山 和郁,4.0,走右,2,1.0,0.0,0.0,0.0,1.0,0.0,0.0,0.0,0.0,0.0,0.0,,0.0,0.0,0.0,0.0,0.0,0.0,,,,,,,,,,,,,,,,,,,,,,,
2023,2021013441,2023-09-13,1700084.0,村上 宗隆,55.0,三,2,1.0,1.0,5.0,5.0,1.0,2.0,0.0,0.0,1.0,1.0,0.0,,0.0,1.0,0.0,0.0,0.0,0.0,,,,,,,,,,,,,,,,,,,,,,,
2023,2021013441,2023-09-13,1700087.0,塩見 泰隆,9.0,中,2,1.0,1.0,5.0,3.0,1.0,0.0,0.0,0.0,0.0,0.0,0.0,,2.0,2.0,0.0,0.0,0.0,0.0,,,,,,,,,,,,,,,,,,,,,,,
2023,2021013441,2023-09-13,1700089.0,宮本 丈,39.0,打,2,1.0,0.0,1.0,1.0,0.0,0.0,0.0,0.0,0.0,0.0,0.0,,0.0,0.0,0.0,0.0,0.0,0.0,,,,,,,,,,,,,,,,,,,,,,,
2023,2021013441,2023-09-13,1700094.0,山本 大貴,43.0,投,2,1.0,0.0,0.0,0.0,0.0,0.0,0.0,0.0,0.0,0.0,0.0,,0.0,0.0,0.0,0.0,0.0,0.0,3.0,1.0,0.0,2.0,0.0,2.6,0.3333333333333333,0.1,,,0.0,0.0,0.0,0.0,0.0,,1.0,0.0,1.0,,3.0,13.0,
2023,2021013441,2023-09-13,1800033.0,清水 昇,17.0,投,2,1.0,0.0,0.0,0.0,0.0,0.0,0.0,0.0,0.0,0.0,0.0,,0.0,0.0,0.0,0.0,0.0,0.0,2.0,1.0,0.0,1.0,7.0,3.02,1.0,1.0,,,0.0,0.0,0.0,0.0,0.0,,0.0,1.0,0.0,,3.0,10.0,
2023,2021013441,2023-09-13,1800072.0,小園 海斗,51.0,二遊,6,1.0,1.0,4.0,3.0,0.0,1.0,1.0,0.0,0.0,0.0,0.0,,1.0,0.0,0.0,0.0,0.0,1.0,,,,,,,,,,,,,,,,,,,,,,,
2023,2021013441,2023-09-13,1860147.0,アンダーソン,42.0,投,6,1.0,0.0,0.0,0.0,0.0,0.0,0.0,0.0,0.0,0.0,0.0,,0.0,0.0,0.0,0.0,0.0,0.0,2.0,1.0,0.0,4.0,1.0,2.48,0.6666666666666666,0.2,,,0.0,0.0,0.0,0.0,0.0,,1.0,0.0,0.0,,2.0,9.0,
2023,2021013441,2023-09-13,1900028.0,長岡 秀樹,7.0,遊,2,1.0,1.0,4.0,4.0,0.0,1.0,1.0,0.0,0.0,2.0,0.0,,0.0,1.0,0.0,0.0,0.0,0.0,,,,,,,,,,,,,,,,,,,,,,,
2023,2021013441,2023-09-13,1961166.0,マクブルーム,10.0,打,6,1.0,0.0,1.0,1.0,0.0,0.0,0.0,0.0,0.0,0.0,0.0,,0.0,0.0,0.0,0.0,0.0,0.0,,,,,,,,,,,,,,,,,,,,,,,
2023,2021013441,2023-09-13,2000024.0,木澤 尚文,20.0,投,2,1.0,0.0,0.0,0.0,0.0,0.0,0.0,0.0,0.0,0.0,0.0,,0.0,0.0,0.0,0.0,0.0,0.0,5.0,1.0,0.0,2.0,2.0,2.79,1.0,1.0,,,0.0,2.0,0.0,0.0,0.0,,0.0,0.0,0.0,,5.0,14.0,
2023,2021013441,2023-09-13,2000026.0,内山 壮真,33.0,左,2,1.0,1.0,4.0,3.0,1.0,0.0,0.0,0.0,0.0,0.0,0.0,,0.0,1.0,1.0,0.0,0.0,0.0,,,,,,,,,,,,,,,,,,,,,,,
2023,2021013441,2023-09-13,2000065.0,矢野 雅哉,61.0,遊,6,1.0,1.0,2.0,2.0,0.0,0.0,0.0,0.0,0.0,0.0,0.0,,0.0,0.0,0.0,0.0,0.0,0.0,,,,,,,,,,,,,,,,,,,,,,,
2023,2021013441,2023-09-13,2000133.0,オスナ,13.0,一,2,1.0,1.0,5.0,5.0,1.0,2.0,0.0,0.0,1.0,2.0,0.0,,0.0,1.0,0.0,0.0,0.0,0.0,,,,,,,,,,,,,,,,,,,,,,,
2023,2021013441,2023-09-13,2000135.0,サンタナ,25.0,右,2,1.0,1.0,4.0,2.0,0.0,0.0,0.0,0.0,0.0,0.0,0.0,,2.0,0.0,0.0,0.0,0.0,0.0,,,,,,,,,,,,,,,,,,,,,,,
2023,2021013441,2023-09-13,2103358.0,田村 俊介,60.0,左,6,1.0,1.0,4.0,4.0,0.0,1.0,0.0,0.0,0.0,0.0,0.0,,0.0,1.0,0.0,0.0,0.0,0.0,,,,,,,,,,,,,,,,,,,,,,,
2023,2021013441,2023-09-13,2103768.0,末包 昇大,52.0,打,6,1.0,0.0,1.0,1.0,0.0,0.0,0.0,0.0,0.0,0.0,0.0,,0.0,1.0,0.0,0.0,0.0,0.0,,,,,,,,,,,,,,,,,,,,,,,
2023,2021013441,2023-09-13,2103794.0,吉村 貢司郎,21.0,投,2,1.0,1.0,2.0,2.0,0.0,0.0,0.0,0.0,0.0,0.0,0.0,,0.0,1.0,0.0,0.0,0.0,0.0,1.0,1.0,,3.0,2.0,4.7,6.0,6.0,,,0.0,4.0,1.0,1.0,1.0,,2.0,4.0,0.0,,24.0,93.0,
2023,2021013442,2023-09-13,500051.0,藤田 一也,23.0,打,3,1.0,0.0,1.0,1.0,0.0,0.0,0.0,0.0,0.0,0.0,0.0,,0.0,1.0,0.0,0.0,0.0,0.0,,,,,,,,,,,,,,,,,,,,,,,
2023,2021013442,2023-09-13,600003.0,大和,9.0,打,3,1.0,0.0,1.0,1.0,0.0,0.0,0.0,0.0,0.0,0.0,0.0,,0.0,0.0,0.0,0.0,0.0,0.0,,,,,,,,,,,,,,,,,,,,,,,
2023,2021013442,2023-09-13,800075.0,伊藤 光,29.0,捕,3,1.0,0.0,1.0,1.0,0.0,0.0,0.0,0.0,0.0,0.0,0.0,,0.0,0.0,0.0,0.0,0.0,0.0,,,,,,,,,,,,,,,,,,,,,,,
2023,2021013442,2023-09-13,900410.0,大島 洋平,8.0,打,4,1.0,0.0,1.0,1.0,0.0,0.0,0.0,0.0,0.0,0.0,0.0,,0.0,0.0,0.0,0.0,0.0,0.0,,,,,,,,,,,,,,,,,,,,,,,
2023,2021013442,2023-09-13,1000108.0,後藤 駿太,53.0,左,4,1.0,0.0,1.0,1.0,1.0,1.0,1.0,0.0,0.0,0.0,0.0,,0.0,0.0,0.0,0.0,0.0,0.0,,,,,,,,,,,,,,,,,,,,,,,
2023,2021013442,2023-09-13,1100061.0,桑原 将志,1.0,中,3,1.0,1.0,5.0,3.0,0.0,0.0,0.0,0.0,0.0,0.0,0.0,,0.0,0.0,1.0,1.0,0.0,0.0,,,,,,,,,,,,,,,,,,,,,,,
2023,2021013442,2023-09-13,1100069.0,高橋 周平,3.0,三,4,1.0,0.0,0.0,0.0,0.0,0.0,0.0,0.0,0.0,0.0,0.0,,0.0,0.0,0.0,0.0,0.0,0.0,,,,,,,,,,,,,,,,,,,,,,,
2023,2021013442,2023-09-13,1200053.0,宮崎 敏郎,51.0,三,3,1.0,1.0,4.0,4.0,0.0,1.0,0.0,0.0,0.0,0.0,0.0,,0.0,0.0,0.0,0.0,0.0,0.0,,,,,,,,,,,,,,,,,,,,,,,
2023,2021013442,2023-09-13,1200097.0,加藤 翔平,52.0,打,4,1.0,0.0,1.0,1.0,0.0,0.0,0.0,0.0,0.0,0.0,0.0,,0.0,0.0,0.0,0.0,0.0,0.0,,,,,,,,,,,,,,,,,,,,,,,
2023,2021013442,2023-09-13,1300038.0,関根 大気,63.0,右,3,1.0,1.0,5.0,3.0,0.0,1.0,0.0,0.0,0.0,0.0,0.0,,2.0,0.0,0.0,0.0,0.0,0.0,,,,,,,,,,,,,,,,,,,,,,,
2023,2021013442,2023-09-13,1300095.0,西浦 直亨,39.0,走三,3,1.0,0.0,0.0,0.0,0.0,0.0,0.0,0.0,0.0,0.0,0.0,,0.0,0.0,0.0,0.0,0.0,0.0,,,,,,,,,,,,,,,,,,,,,,,
2023,2021013442,2023-09-13,1400199.0,齋藤 綱記,59.0,投,4,1.0,0.0,0.0,0.0,0.0,0.0,0.0,0.0,0.0,0.0,0.0,,0.0,0.0,0.0,0.0,0.0,0.0,5.0,1.0,0.0,2.0,0.0,0.43,1.0,1.0,,,0.0,0.0,0.0,0.0,0.0,,0.0,0.0,0.0,,3.0,17.0,
2023,2021013442,2023-09-13,1500049.0,宇佐見 真吾,39.0,打,4,1.0,0.0,1.0,1.0,0.0,0.0,0.0,0.0,0.0,0.0,0.0,,0.0,1.0,0.0,0.0,0.0,0.0,,,,,,,,,,,,,,,,,,,,,,,
2023,2021013442,2023-09-13,1500061.0,今永 昇太,21.0,投,3,1.0,1.0,2.0,2.0,0.0,0.0,0.0,0.0,0.0,0.0,0.0,,0.0,2.0,0.0,0.0,0.0,0.0,1.0,1.0,,7.0,3.0,2.71,8.0,8.0,,,0.0,7.0,1.0,1.0,1.0,,0.0,11.0,0.0,,30.0,107.0,
2023,2021013442,2023-09-13,1500076.0,木下 拓哉,35.0,捕,4,1.0,1.0,5.0,5.0,0.0,1.0,1.0,0.0,0.0,0.0,0.0,,0.0,0.0,0.0,0.0,0.0,0.0,,,,,,,,,,,,,,,,,,,,,,,
2023,2021013442,2023-09-13,1560639.0,カリステ,99.0,遊,4,1.0,1.0,5.0,5.0,0.0,1.0,0.0,0.0,0.0,0.0,0.0,,0.0,0.0,0.0,0.0,0.0,0.0,,,,,,,,,,,,,,,,,,,,,,,
2023,2021013442,2023-09-13,1561880.0,ウェンデルケン,49.0,投,3,1.0,0.0,0.0,0.0,0.0,0.0,0.0,0.0,0.0,0.0,0.0,,0.0,0.0,0.0,0.0,0.0,0.0,3.0,1.0,0.0,1.0,2.0,1.92,1.0,1.0,,,0.0,0.0,0.0,0.0,0.0,,0.0,1.0,0.0,,3.0,10.0,
2023,2021013442,2023-09-13,1600021.0,ビシエド,66.0,一,4,1.0,1.0,5.0,5.0,0.0,1.0,0.0,0.0,0.0,1.0,0.0,,0.0,2.0,0.0,0.0,0.0,0.0,,,,,,,,,,,,,,,,,,,,,,,
2023,2021013442,2023-09-13,1600085.0,細川 成也,0.0,右,4,1.0,1.0,5.0,4.0,1.0,2.0,0.0,0.0,1.0,1.0,0.0,,1.0,1.0,0.0,0.0,0.0,0.0,,,,,,,,,,,,,,,,,,,,,,,
2023,2021013442,2023-09-13,1600089.0,佐野 恵太,7.0,左,3,1.0,1.0,5.0,5.0,0.0,0.0,0.0,0.0,0.0,0.0,0.0,,0.0,1.0,0.0,0.0,0.0,0.0,,,,,,,,,,,,,,,,,,,,,,,
2023,2021013442,2023-09-13,1600096.0,森原 康平,68.0,投,3,1.0,0.0,0.0,0.0,0.0,0.0,0.0,0.0,0.0,0.0,0.0,,0.0,0.0,0.0,0.0,0.0,0.0,2.0,1.0,0.0,2.0,1.0,2.39,1.0,1.0,,,12.0,0.0,0.0,0.0,0.0,,0.0,1.0,0.0,,3.0,9.0,
2023,2021013442,2023-09-13,1600108.0,石垣 雅海,32.0,二,4,1.0,0.0,1.0,1.0,0.0,0.0,0.0,0.0,0.0,0.0,0.0,,0.0,1.0,0.0,0.0,0.0,0.0,,,,,,,,,,,,,,,,,,,,,,,
2023,2021013442,2023-09-13,1600110.0,藤嶋 健人,54.0,投,4,1.0,0.0,0.0,0.0,0.0,0.0,0.0,0.0,0.0,0.0,0.0,,0.0,0.0,0.0,0.0,0.0,0.0,2.0,1.0,0.0,1.0,1.0,1.22,1.0,1.0,,,0.0,0.0,0.0,0.0,0.0,,0.0,0.0,0.0,,3.0,12.0,
2023,2021013442,2023-09-13,1660045.0,フェリス,93.0,投,4,1.0,0.0,0.0,0.0,0.0,0.0,0.0,0.0,0.0,0.0,0.0,,0.0,0.0,0.0,0.0,0.0,0.0,3.0,1.0,0.0,1.0,0.0,0.0,1.0,1.0,,,0.0,1.0,0.0,0.0,0.0,,1.0,1.0,1.0,,6.0,22.0,
2023,2021013442,2023-09-13,1700010.0,マルティネス,92.0,投,4,1.0,0.0,0.0,0.0,0.0,0.0,0.0,0.0,0.0,0.0,0.0,,0.0,0.0,0.0,0.0,0.0,0.0,6.0,1.0,0.0,3.0,1.0,0.39,1.0,1.0,,,32.0,0.0,0.0,0.0,0.0,,0.0,1.0,0.0,,3.0,8.0,
2023,2021013442,2023-09-13,1700020.0,ソト,99.0,一,3,1.0,1.0,5.0,4.0,1.0,1.0,0.0,0.0,1.0,1.0,0.0,,1.0,1.0,0.0,0.0,0.0,0.0,,,,,,,,,,,,,,,,,,,,,,,
2023,2021013442,2023-09-13,1700065.0,楠本 泰史,37.0,打,3,1.0,0.0,1.0,1.0,0.0,0.0,0.0,0.0,0.0,0.0,0.0,,0.0,0.0,0.0,0.0,0.0,0.0,,,,,,,,,,,,,,,,,,,,,,,
2023,2021013442,2023-09-13,1700066.0,山本 祐大,50.0,捕,3,1.0,1.0,3.0,3.0,0.0,1.0,0.0,0.0,0.0,0.0,0.0,,0.0,0.0,0.0,0.0,0.0,0.0,,,,,,,,,,,,,,,,,,,,,,,
2023,2021013442,2023-09-13,1700104.0,清水 達也,50.0,投,4,1.0,0.0,0.0,0.0,0.0,0.0,0.0,0.0,0.0,0.0,0.0,,0.0,0.0,0.0,0.0,0.0,0.0,4.0,1.0,0.0,3.0,3.0,3.15,1.0,1.0,,,0.0,2.0,0.0,0.0,0.0,,1.0,1.0,0.0,,6.0,22.0,
2023,2021013442,2023-09-13,1800048.0,知野 直人,60.0,遊,3,1.0,1.0,4.0,2.0,0.0,0.0,0.0,0.0,0.0,0.0,0.0,,0.0,1.0,1.0,1.0,0.0,0.0,,,,,,,,,,,,,,,,,,,,,,,
2023,2021013442,2023-09-13,1800060.0,梅津 晃大,18.0,投,4,1.0,1.0,2.0,2.0,0.0,1.0,0.0,0.0,0.0,0.0,0.0,,0.0,1.0,0.0,0.0,0.0,0.0,1.0,1.0,,0.0,1.0,0.82,6.0,6.0,,,0.0,2.0,1.0,1.0,1.0,,1.0,3.0,1.0,,21.0,86.0,
2023,2021013442,2023-09-13,1900032.0,伊勢 大夢,13.0,投,3,1.0,0.0,0.0,0.0,0.0,0.0,0.0,0.0,0.0,0.0,0.0,,0.0,0.0,0.0,0.0,0.0,0.0,4.0,1.0,0.0,2.0,6.0,3.45,1.0,1.0,,,2.0,2.0,1.0,1.0,0.0,,2.0,0.0,0.0,,7.0,24.0,
2023,2021013442,2023-09-13,1900035.0,蝦名 達夫,61.0,走,3,1.0,0.0,0.0,0.0,0.0,0.0,0.0,0.0,0.0,0.0,0.0,,0.0,0.0,0.0,0.0,0.0,0.0,,,,,,,,,,,,,,,,,,,,,,,
2023,2021013442,2023-09-13,1900037.0,石川 昂弥,25.0,三,4,1.0,1.0,5.0,4.0,0.0,0.0,0.0,0.0,0.0,0.0,0.0,,1.0,2.0,0.0,0.0,0.0,0.0,,,,,,,,,,,,,,,,,,,,,,,
2023,2021013442,2023-09-13,1900041.0,岡林 勇希,60.0,中,4,1.0,1.0,5.0,5.0,0.0,2.0,0.0,0.0,0.0,0.0,0.0,,0.0,0.0,0.0,0.0,0.0,0.0,,,,,,,,,,,,,,,,,,,,,,,
2023,2021013442,2023-09-13,2000035.0,牧 秀悟,2.0,二,3,1.0,1.0,5.0,5.0,0.0,1.0,0.0,0.0,0.0,0.0,0.0,,0.0,0.0,0.0,0.0,0.0,0.0,,,,,,,,,,,,,,,,,,,,,,,
2023,2021013442,2023-09-13,2000044.0,龍空,45.0,二,4,1.0,1.0,2.0,2.0,0.0,0.0,0.0,0.0,0.0,0.0,0.0,,0.0,2.0,0.0,0.0,0.0,0.0,,,,,,,,,,,,,,,,,,,,,,,
2023,2021013442,2023-09-13,2103840.0,ブライト 健太,42.0,左,4,1.0,1.0,4.0,4.0,0.0,0.0,0.0,0.0,0.0,0.0,0.0,,0.0,3.0,0.0,0.0,0.0,0.0,,,,,,,,,,,,,,,,,,,,,,,
2023,2021013443,2023-09-13,700003.0,坂本 勇人,6.0,三,1,1.0,1.0,3.0,2.0,0.0,0.0,0.0,0.0,0.0,0.0,0.0,,1.0,1.0,0.0,0.0,0.0,0.0,,,,,,,,,,,,,,,,,,,,,,,
2023,2021013443,2023-09-13,700027.0,梶谷 隆幸,13.0,打,1,1.0,0.0,1.0,1.0,0.0,0.0,0.0,0.0,0.0,0.0,0.0,,0.0,0.0,0.0,0.0,0.0,0.0,,,,,,,,,,,,,,,,,,,,,,,
2023,2021013443,2023-09-13,800043.0,丸 佳浩,8.0,中右,1,1.0,1.0,4.0,4.0,0.0,1.0,0.0,0.0,0.0,0.0,0.0,,0.0,0.0,0.0,0.0,0.0,0.0,,,,,,,,,,,,,,,,,,,,,,,
2023,2021013443,2023-09-13,900397.0,長野 久義,7.0,打左,1,1.0,0.0,1.0,1.0,0.0,0.0,0.0,0.0,0.0,0.0,0.0,,0.0,0.0,0.0,0.0,0.0,0.0,,,,,,,,,,,,,,,,,,,,,,,
2023,2021013443,2023-09-13,1100040.0,高木 京介,57.0,投,1,1.0,0.0,0.0,0.0,0.0,0.0,0.0,0.0,0.0,0.0,0.0,,0.0,0.0,0.0,0.0,0.0,0.0,3.0,1.0,0.0,0.0,0.0,0.0,2.0,2.0,,,0.0,1.0,0.0,0.0,0.0,,0.0,1.0,1.0,,8.0,22.0,
2023,2021013443,2023-09-13,1400101.0,岡本 和真,25.0,一,1,1.0,1.0,4.0,4.0,0.0,1.0,0.0,0.0,0.0,0.0,0.0,,0.0,1.0,0.0,0.0,0.0,0.0,,,,,,,,,,,,,,,,,,,,,,,
2023,2021013443,2023-09-13,1500087.0,坂本 誠志郎,12.0,捕,5,1.0,1.0,4.0,3.0,0.0,2.0,0.0,0.0,0.0,0.0,0.0,,0.0,1.0,1.0,0.0,0.0,0.0,,,,,,,,,,,,,,,,,,,,,,,
2023,2021013443,2023-09-13,1500090.0,青柳 晃洋,17.0,投,5,1.0,1.0,2.0,2.0,0.0,0.0,0.0,0.0,0.0,0.0,0.0,,0.0,0.0,0.0,0.0,0.0,0.0,1.0,1.0,,8.0,4.0,4.17,6.0,6.0,,,0.0,4.0,0.0,0.0,0.0,,1.0,1.0,0.0,,21.0,89.0,
2023,2021013443,2023-09-13,1600059.0,吉川 尚輝,2.0,二,1,1.0,1.0,2.0,2.0,0.0,0.0,0.0,0.0,0.0,0.0,0.0,,0.0,0.0,0.0,0.0,0.0,0.0,,,,,,,,,,,,,,,,,,,,,,,
2023,2021013443,2023-09-13,1600113.0,大山 悠輔,3.0,一,5,1.0,1.0,4.0,4.0,0.0,0.0,0.0,0.0,0.0,0.0,0.0,,0.0,3.0,0.0,0.0,0.0,0.0,,,,,,,,,,,,,,,,,,,,,,,
2023,2021013443,2023-09-13,1600117.0,糸原 健斗,33.0,打,5,1.0,0.0,1.0,1.0,0.0,0.0,0.0,0.0,0.0,0.0,0.0,,0.0,1.0,0.0,0.0,0.0,0.0,,,,,,,,,,,,,,,,,,,,,,,
2023,2021013443,2023-09-13,1651302.0,岡田 悠希,38.0,右,1,1.0,1.0,2.0,2.0,0.0,0.0,0.0,0.0,0.0,0.0,0.0,,0.0,0.0,0.0,0.0,0.0,0.0,,,,,,,,,,,,,,,,,,,,,,,
2023,2021013443,2023-09-13,1700043.0,岸田 行倫,27.0,捕,1,1.0,0.0,1.0,1.0,0.0,1.0,0.0,0.0,0.0,0.0,0.0,,0.0,0.0,0.0,0.0,0.0,0.0,,,,,,,,,,,,,,,,,,,,,,,
2023,2021013443,2023-09-13,1700044.0,大城 卓三,24.0,捕,1,1.0,1.0,3.0,3.0,0.0,2.0,0.0,0.0,0.0,0.0,0.0,,0.0,0.0,0.0,0.0,0.0,0.0,,,,,,,,,,,,,,,,,,,,,,,
2023,2021013443,2023-09-13,1700045.0,北村 拓己,52.0,打二,1,1.0,0.0,1.0,1.0,0.0,0.0,0.0,0.0,0.0,0.0,0.0,,0.0,0.0,0.0,0.0,0.0,0.0,,,,,,,,,,,,,,,,,,,,,,,
2023,2021013443,2023-09-13,1700080.0,島田 海吏,53.0,左,5,1.0,0.0,0.0,0.0,0.0,0.0,0.0,0.0,0.0,0.0,0.0,,0.0,0.0,0.0,0.0,0.0,0.0,,,,,,,,,,,,,,,,,,,,,,,
2023,2021013443,2023-09-13,1800026.0,横川 凱,62.0,投,1,1.0,1.0,1.0,1.0,0.0,0.0,0.0,0.0,0.0,0.0,0.0,,0.0,1.0,0.0,0.0,0.0,0.0,1.0,1.0,,4.0,8.0,3.95,2.0,2.0,,,0.0,4.0,3.0,3.0,0.0,,1.0,2.0,1.0,,12.0,48.0,
2023,2021013443,2023-09-13,1800065.0,近本 光司,5.0,中,5,1.0,1.0,4.0,4.0,1.0,2.0,0.0,0.0,0.0,0.0,2.0,,0.0,0.0,0.0,0.0,0.0,0.0,,,,,,,,,,,,,,,,,,,,,,,
2023,2021013443,2023-09-13,1800067.0,木浪 聖也,0.0,遊,5,1.0,1.0,4.0,2.0,0.0,0.0,0.0,0.0,0.0,0.0,0.0,,1.0,1.0,0.0,1.0,0.0,0.0,,,,,,,,,,,,,,,,,,,,,,,
2023,2021013443,2023-09-13,1850183.0,森下 翔太,1.0,右,5,1.0,1.0,4.0,3.0,1.0,0.0,0.0,0.0,0.0,0.0,0.0,,1.0,0.0,0.0,0.0,0.0,0.0,,,,,,,,,,,,,,,,,,,,,,,
2023,2021013443,2023-09-13,1850809.0,松井 颯,93.0,投,1,1.0,0.0,0.0,0.0,0.0,0.0,0.0,0.0,0.0,0.0,0.0,,0.0,0.0,0.0,0.0,0.0,0.0,2.0,1.0,0.0,1.0,1.0,3.26,2.0,2.0,,,0.0,2.0,1.0,1.0,1.0,,0.0,3.0,0.0,,8.0,35.0,
2023,2021013443,2023-09-13,1960349.0,ブルワー,98.0,投,5,1.0,0.0,0.0,0.0,0.0,0.0,0.0,0.0,0.0,0.0,0.0,,0.0,0.0,0.0,0.0,0.0,0.0,2.0,1.0,0.0,0.0,0.0,0.0,1.0,1.0,,,0.0,0.0,0.0,0.0,0.0,,0.0,2.0,0.0,,3.0,10.0,
2023,2021013443,2023-09-13,1961251.0,ミエセス,55.0,打,5,1.0,0.0,1.0,1.0,0.0,0.0,0.0,0.0,0.0,0.0,0.0,,0.0,1.0,0.0,0.0,0.0,0.0,,,,,,,,,,,,,,,,,,,,,,,
2023,2021013443,2023-09-13,1961285.0,ノイジー,7.0,左,5,1.0,1.0,4.0,4.0,0.0,0.0,0.0,0.0,0.0,0.0,0.0,,0.0,0.0,0.0,0.0,0.0,0.0,,,,,,,,,,,,,,,,,,,,,,,
2023,2021013443,2023-09-13,2000005.0,平内 龍太,11.0,投,1,1.0,0.0,0.0,0.0,0.0,0.0,0.0,0.0,0.0,0.0,0.0,,0.0,0.0,0.0,0.0,0.0,0.0,4.0,1.0,0.0,0.0,1.0,4.38,2.0,2.0,,,0.0,1.0,0.0,0.0,0.0,,1.0,3.0,0.0,,8.0,29.0,
2023,2021013443,2023-09-13,2000009.0,秋広 優人,55.0,左,1,1.0,1.0,3.0,3.0,0.0,0.0,0.0,0.0,0.0,0.0,0.0,,0.0,0.0,0.0,0.0,0.0,0.0,,,,,,,,,,,,,,,,,,,,,,,
2023,2021013443,2023-09-13,2000051.0,佐藤 輝明,8.0,三,5,1.0,1.0,4.0,3.0,1.0,3.0,1.0,0.0,1.0,4.0,0.0,,0.0,0.0,1.0,0.0,0.0,0.0,,,,,,,,,,,,,,,,,,,,,,,
2023,2021013443,2023-09-13,2000056.0,中野 拓夢,51.0,二,5,1.0,1.0,4.0,4.0,1.0,1.0,0.0,0.0,0.0,0.0,1.0,,0.0,2.0,0.0,0.0,0.0,0.0,,,,,,,,,,,,,,,,,,,,,,,
2023,2021013443,2023-09-13,2000058.0,石井 大智,69.0,投,5,1.0,0.0,0.0,0.0,0.0,0.0,0.0,0.0,0.0,0.0,0.0,,0.0,0.0,0.0,0.0,0.0,0.0,4.0,1.0,0.0,1.0,0.0,0.79,1.0,1.0,,,0.0,1.0,0.0,0.0,0.0,,0.0,0.0,0.0,,3.0,12.0,
2023,2021013443,2023-09-13,2103707.0,桐敷 拓馬,47.0,投,5,1.0,0.0,0.0,0.0,0.0,0.0,0.0,0.0,0.0,0.0,0.0,,0.0,0.0,0.0,0.0,0.0,0.0,3.0,1.0,0.0,2.0,0.0,2.04,1.0,1.0,,,0.0,1.0,0.0,0.0,0.0,,0.0,1.0,0.0,,4.0,15.0,
2023,2021013443,2023-09-13,2105013.0,萩尾 匡也,12.0,左中,1,1.0,0.0,1.0,1.0,0.0,0.0,0.0,0.0,0.0,0.0,0.0,,0.0,0.0,0.0,0.0,0.0,0.0,,,,,,,,,,,,,,,,,,,,,,,
2023,2021013443,2023-09-13,2107874.0,門脇 誠,35.0,遊,1,1.0,1.0,4.0,4.0,0.0,1.0,0.0,0.0,0.0,0.0,0.0,,0.0,1.0,0.0,0.0,0.0,0.0,,,,,,,,,,,,,,,,,,,,,,,
2023,2021013444,2023-09-13,1000010.0,比嘉 幹貴,35.0,,11,,,,,,,,,,,,,,,,,,,3.0,1.0,0.0,2.0,0.0,2.25,1.0,1.0,,,0.0,2.0,1.0,1.0,0.0,,1.0,1.0,0.0,,6.0,26.0,
2023,2021013444,2023-09-13,1100095.0,松本 剛,7.0,中,8,1.0,1.0,5.0,5.0,0.0,3.0,1.0,0.0,0.0,2.0,0.0,,0.0,0.0,0.0,0.0,0.0,0.0,,,,,,,,,,,,,,,,,,,,,,,
2023,2021013444,2023-09-13,1100105.0,安達 了一,3.0,二,11,1.0,1.0,3.0,3.0,0.0,1.0,0.0,0.0,0.0,0.0,0.0,,0.0,2.0,0.0,0.0,0.0,0.0,,,,,,,,,,,,,,,,,,,,,,,
2023,2021013444,2023-09-13,1200100.0,伏見 寅威,23.0,捕,8,1.0,1.0,4.0,4.0,1.0,2.0,0.0,0.0,0.0,0.0,0.0,,0.0,0.0,0.0,0.0,0.0,0.0,,,,,,,,,,,,,,,,,,,,,,,
2023,2021013444,2023-09-13,1251037.0,上川畑 大悟,4.0,走二,8,1.0,0.0,1.0,1.0,0.0,0.0,0.0,0.0,0.0,0.0,0.0,,0.0,0.0,0.0,0.0,0.0,0.0,,,,,,,,,,,,,,,,,,,,,,,
2023,2021013444,2023-09-13,1300100.0,森 友哉,4.0,指,11,1.0,1.0,4.0,4.0,0.0,1.0,0.0,0.0,0.0,0.0,0.0,,0.0,1.0,0.0,0.0,0.0,0.0,,,,,,,,,,,,,,,,,,,,,,,
2023,2021013444,2023-09-13,1300109.0,若月 健矢,2.0,捕,11,1.0,1.0,4.0,4.0,0.0,1.0,0.0,0.0,0.0,0.0,0.0,,0.0,2.0,0.0,0.0,0.0,0.0,,,,,,,,,,,,,,,,,,,,,,,
2023,2021013444,2023-09-13,1400195.0,山崎 福也,11.0,,11,,,,,,,,,,,,,,,,,,,1.0,1.0,,9.0,5.0,3.55,3.0,3.0,,,0.0,8.0,3.0,3.0,0.0,,1.0,4.0,1.0,,18.0,71.0,
2023,2021013444,2023-09-13,1400196.0,宗 佑磨,6.0,三,11,1.0,1.0,3.0,3.0,0.0,1.0,1.0,0.0,0.0,0.0,0.0,,0.0,0.0,0.0,0.0,0.0,0.0,,,,,,,,,,,,,,,,,,,,,,,
2023,2021013444,2023-09-13,1400197.0,佐野 皓大,41.0,右,11,1.0,1.0,3.0,3.0,0.0,0.0,0.0,0.0,0.0,0.0,0.0,,0.0,0.0,0.0,0.0,0.0,0.0,,,,,,,,,,,,,,,,,,,,,,,
2023,2021013444,2023-09-13,1400201.0,西野 真弘,5.0,打二,11,1.0,0.0,1.0,1.0,0.0,1.0,0.0,0.0,0.0,0.0,0.0,,0.0,0.0,0.0,0.0,0.0,0.0,,,,,,,,,,,,,,,,,,,,,,,
2023,2021013444,2023-09-13,1450639.0,小木田 敦也,56.0,,11,,,,,,,,,,,,,,,,,,,2.0,1.0,0.0,2.0,0.0,2.68,1.0,1.0,,,0.0,0.0,0.0,0.0,0.0,,1.0,2.0,0.0,,4.0,16.0,
2023,2021013444,2023-09-13,1500109.0,上原 健太,20.0,,8,,,,,,,,,,,,,,,,,,,1.0,1.0,,4.0,5.0,2.47,7.0,7.0,,,0.0,6.0,2.0,1.0,1.0,,0.0,8.0,0.0,,27.0,104.0,
2023,2021013444,2023-09-13,1500130.0,吉田 凌,66.0,,11,,,,,,,,,,,,,,,,,,,5.0,1.0,0.0,0.0,0.0,2.93,1.0,1.0,,,0.0,2.0,1.0,0.0,0.0,,1.0,0.0,0.0,,6.0,24.0,
2023,2021013444,2023-09-13,1500135.0,杉本 裕太郎,99.0,左,11,1.0,1.0,4.0,4.0,1.0,1.0,0.0,0.0,1.0,1.0,0.0,,0.0,1.0,0.0,0.0,0.0,0.0,,,,,,,,,,,,,,,,,,,,,,,
2023,2021013444,2023-09-13,1600093.0,池田 隆英,52.0,,8,,,,,,,,,,,,,,,,,,,2.0,1.0,0.0,1.0,4.0,2.93,1.0,1.0,,,0.0,1.0,0.0,0.0,0.0,,0.0,2.0,0.0,,4.0,15.0,
2023,2021013444,2023-09-13,1600151.0,黒木 優太,54.0,,11,,,,,,,,,,,,,,,,,,,4.0,1.0,0.0,1.0,4.0,3.86,2.0,2.0,,,0.0,1.0,0.0,0.0,0.0,,1.0,1.0,0.0,,7.0,27.0,
2023,2021013444,2023-09-13,1600164.0,田中 正義,26.0,,8,,,,,,,,,,,,,,,,,,,3.0,1.0,0.0,2.0,2.0,3.14,1.0,1.0,,,23.0,0.0,0.0,0.0,0.0,,0.0,2.0,0.0,,3.0,12.0,
2023,2021013444,2023-09-13,1650722.0,杉澤 龍,33.0,打右,11,1.0,0.0,1.0,1.0,0.0,0.0,0.0,0.0,0.0,0.0,0.0,,0.0,1.0,0.0,0.0,0.0,0.0,,,,,,,,,,,,,,,,,,,,,,,
2023,2021013444,2023-09-13,1700025.0,清宮 幸太郎,21.0,三,8,1.0,1.0,5.0,4.0,2.0,2.0,1.0,0.0,0.0,0.0,0.0,,1.0,0.0,0.0,0.0,0.0,0.0,,,,,,,,,,,,,,,,,,,,,,,
2023,2021013444,2023-09-13,1800008.0,マルティネス,2.0,指,8,1.0,1.0,5.0,5.0,0.0,2.0,0.0,0.0,0.0,2.0,0.0,,0.0,1.0,0.0,0.0,0.0,0.0,,,,,,,,,,,,,,,,,,,,,,,
2023,2021013444,2023-09-13,1800091.0,野村 佑希,5.0,一,8,1.0,1.0,4.0,3.0,0.0,1.0,0.0,0.0,0.0,0.0,0.0,,1.0,1.0,0.0,0.0,0.0,1.0,,,,,,,,,,,,,,,,,,,,,,,
2023,2021013444,2023-09-13,1800093.0,万波 中正,66.0,右,8,1.0,1.0,5.0,4.0,1.0,1.0,1.0,0.0,0.0,0.0,0.0,,1.0,3.0,0.0,0.0,0.0,0.0,,,,,,,,,,,,,,,,,,,,,,,
2023,2021013444,2023-09-13,1800099.0,頓宮 裕真,44.0,一,11,1.0,1.0,4.0,4.0,1.0,1.0,0.0,0.0,0.0,0.0,0.0,,0.0,2.0,0.0,0.0,0.0,1.0,,,,,,,,,,,,,,,,,,,,,,,
2023,2021013444,2023-09-13,1800104.0,中川 圭太,67.0,中,11,1.0,1.0,4.0,4.0,0.0,0.0,0.0,0.0,0.0,0.0,0.0,,0.0,2.0,0.0,0.0,0.0,0.0,,,,,,,,,,,,,,,,,,,,,,,
2023,2021013444,2023-09-13,1850932.0,奈良間 大己,58.0,遊,8,1.0,1.0,4.0,4.0,0.0,2.0,1.0,0.0,0.0,1.0,1.0,,0.0,0.0,0.0,0.0,0.0,0.0,,,,,,,,,,,,,,,,,,,,,,,
2023,2021013444,2023-09-13,1900040.0,郡司 裕也,30.0,左,8,1.0,1.0,4.0,3.0,1.0,0.0,0.0,0.0,0.0,0.0,0.0,,1.0,2.0,0.0,0.0,0.0,0.0,,,,,,,,,,,,,,,,,,,,,,,
2023,2021013444,2023-09-13,1900088.0,紅林 弘太郎,24.0,遊,11,1.0,1.0,3.0,2.0,0.0,0.0,0.0,0.0,0.0,1.0,0.0,,0.0,1.0,0.0,0.0,1.0,0.0,,,,,,,,,,,,,,,,,,,,,,,
2023,2021013444,2023-09-13,1961860.0,加藤 豪将,3.0,二,8,1.0,1.0,3.0,1.0,0.0,0.0,0.0,0.0,0.0,0.0,0.0,,1.0,1.0,1.0,0.0,0.0,0.0,,,,,,,,,,,,,,,,,,,,,,,
2023,2021013444,2023-09-13,2000080.0,五十幡 亮汰,50.0,左,8,1.0,0.0,1.0,1.0,0.0,0.0,0.0,0.0,0.0,0.0,0.0,,0.0,0.0,0.0,0.0,0.0,0.0,,,,,,,,,,,,,,,,,,,,,,,
2023,2021013444,2023-09-13,2000082.0,細川 凌平,56.0,走一,8,1.0,0.0,0.0,0.0,0.0,0.0,0.0,0.0,0.0,0.0,0.0,,0.0,0.0,0.0,0.0,0.0,0.0,,,,,,,,,,,,,,,,,,,,,,,
2023,2021013445,2023-09-13,12102.0,栗山 巧,1.0,指,7,1.0,1.0,4.0,4.0,0.0,0.0,0.0,0.0,0.0,0.0,0.0,,0.0,1.0,0.0,0.0,0.0,0.0,,,,,,,,,,,,,,,,,,,,,,,
2023,2021013445,2023-09-13,800081.0,中村 晃,7.0,一,12,1.0,1.0,4.0,4.0,1.0,1.0,1.0,0.0,0.0,0.0,0.0,,0.0,1.0,0.0,0.0,0.0,0.0,,,,,,,,,,,,,,,,,,,,,,,
2023,2021013445,2023-09-13,1000035.0,今宮 健太,6.0,遊,12,1.0,1.0,5.0,4.0,0.0,1.0,1.0,0.0,0.0,2.0,0.0,,1.0,0.0,0.0,0.0,0.0,1.0,,,,,,,,,,,,,,,,,,,,,,,
2023,2021013445,2023-09-13,1000128.0,柳田 悠岐,9.0,右,12,1.0,1.0,5.0,3.0,0.0,0.0,0.0,0.0,0.0,0.0,0.0,,2.0,2.0,0.0,0.0,0.0,0.0,,,,,,,,,,,,,,,,,,,,,,,
2023,2021013445,2023-09-13,1000176.0,甲斐 拓也,19.0,捕,12,1.0,1.0,4.0,4.0,1.0,1.0,1.0,0.0,0.0,1.0,0.0,,0.0,1.0,0.0,0.0,0.0,0.0,,,,,,,,,,,,,,,,,,,,,,,
2023,2021013445,2023-09-13,1100097.0,近藤 健介,3.0,指,12,1.0,1.0,5.0,4.0,1.0,1.0,0.0,0.0,0.0,2.0,0.0,,1.0,1.0,0.0,0.0,0.0,0.0,,,,,,,,,,,,,,,,,,,,,,,
2023,2021013445,2023-09-13,1100115.0,武田 翔太,18.0,,12,,,,,,,,,,,,,,,,,,,3.0,1.0,0.0,1.0,2.0,4.19,1.0,1.0,,,0.0,1.0,0.0,0.0,0.0,,1.0,1.0,0.0,,5.0,28.0,
2023,2021013445,2023-09-13,1300079.0,上林 誠知,51.0,走右,12,1.0,0.0,1.0,0.0,1.0,0.0,0.0,0.0,0.0,0.0,0.0,,1.0,0.0,0.0,0.0,0.0,0.0,,,,,,,,,,,,,,,,,,,,,,,
2023,2021013445,2023-09-13,1400117.0,有原 航平,17.0,,12,,,,,,,,,,,,,,,,,,,1.0,1.0,,8.0,4.0,2.43,7.0,7.0,,,0.0,4.0,3.0,0.0,0.0,,3.0,6.0,1.0,,29.0,99.0,
2023,2021013445,2023-09-13,1400184.0,外崎 修汰,5.0,二,7,1.0,1.0,4.0,3.0,1.0,0.0,0.0,0.0,0.0,0.0,0.0,,1.0,1.0,0.0,0.0,0.0,0.0,,,,,,,,,,,,,,,,,,,,,,,
2023,2021013445,2023-09-13,1500102.0,愛斗,53.0,打,7,1.0,0.0,1.0,1.0,0.0,1.0,0.0,0.0,0.0,0.0,0.0,,0.0,0.0,0.0,0.0,0.0,0.0,,,,,,,,,,,,,,,,,,,,,,,
2023,2021013445,2023-09-13,1500104.0,本田 圭佑,45.0,,7,,,,,,,,,,,,,,,,,,,4.0,1.0,0.0,0.0,1.0,1.6,1.0,1.0,,,0.0,3.0,2.0,2.0,0.0,,1.0,1.0,0.0,,6.0,18.0,
2023,2021013445,2023-09-13,1500140.0,谷川原 健太,45.0,左,12,1.0,0.0,0.0,0.0,0.0,0.0,0.0,0.0,0.0,0.0,0.0,,0.0,0.0,0.0,0.0,0.0,0.0,,,,,,,,,,,,,,,,,,,,,,,
2023,2021013445,2023-09-13,1500143.0,川瀬 晃,0.0,三一,12,1.0,0.0,2.0,1.0,0.0,0.0,0.0,0.0,0.0,0.0,0.0,,0.0,0.0,0.0,1.0,0.0,0.0,,,,,,,,,,,,,,,,,,,,,,,
2023,2021013445,2023-09-13,1550517.0,大津 亮介,26.0,,12,,,,,,,,,,,,,,,,,,,2.0,1.0,0.0,2.0,0.0,2.45,1.0,1.0,,,0.0,0.0,0.0,0.0,0.0,,0.0,1.0,0.0,,3.0,11.0,
2023,2021013445,2023-09-13,1600129.0,源田 壮亮,6.0,遊,7,1.0,1.0,5.0,5.0,0.0,0.0,0.0,0.0,0.0,0.0,0.0,,0.0,2.0,0.0,0.0,0.0,0.0,,,,,,,,,,,,,,,,,,,,,,,
2023,2021013445,2023-09-13,1600167.0,三森 大貴,13.0,二,12,1.0,1.0,5.0,3.0,2.0,2.0,0.0,0.0,1.0,2.0,0.0,,2.0,0.0,0.0,0.0,0.0,0.0,,,,,,,,,,,,,,,,,,,,,,,
2023,2021013445,2023-09-13,1660539.0,ボー・タカハシ,42.0,,7,,,,,,,,,,,,,,,,,,,3.0,1.0,0.0,0.0,0.0,3.0,2.0,2.0,,,0.0,2.0,2.0,2.0,0.0,,2.0,2.0,0.0,,10.0,36.0,
2023,2021013445,2023-09-13,1700122.0,西川 愛也,51.0,中,7,1.0,1.0,2.0,2.0,0.0,0.0,0.0,0.0,0.0,0.0,0.0,,0.0,0.0,0.0,0.0,0.0,0.0,,,,,,,,,,,,,,,,,,,,,,,
2023,2021013445,2023-09-13,1700125.0,與座 海人,44.0,,7,,,,,,,,,,,,,,,,,,,1.0,1.0,,2.0,6.0,3.69,3.0,3.0,,,0.0,4.0,4.0,4.0,1.0,,4.0,2.0,0.0,,17.0,84.0,
2023,2021013445,2023-09-13,1700135.0,周東 佑京,23.0,中,12,1.0,1.0,5.0,5.0,2.0,3.0,1.0,0.0,0.0,1.0,2.0,,0.0,0.0,0.0,0.0,0.0,0.0,,,,,,,,,,,,,,,,,,,,,,,
2023,2021013445,2023-09-13,1750472.0,古賀 悠斗,22.0,捕,7,1.0,1.0,3.0,3.0,0.0,0.0,0.0,0.0,0.0,0.0,0.0,,0.0,0.0,0.0,0.0,0.0,0.0,,,,,,,,,,,,,,,,,,,,,,,
2023,2021013445,2023-09-13,1800086.0,佐藤 龍世,58.0,三,7,1.0,1.0,4.0,1.0,0.0,0.0,0.0,0.0,0.0,0.0,0.0,,3.0,1.0,0.0,0.0,0.0,0.0,,,,,,,,,,,,,,,,,,,,,,,
2023,2021013445,2023-09-13,1850820.0,蛭間 拓哉,9.0,右,7,1.0,1.0,4.0,4.0,1.0,1.0,1.0,0.0,0.0,0.0,0.0,,0.0,2.0,0.0,0.0,0.0,0.0,,,,,,,,,,,,,,,,,,,,,,,
2023,2021013445,2023-09-13,1900068.0,岸 潤一郎,68.0,走中,7,1.0,0.0,1.0,1.0,0.0,0.0,0.0,0.0,0.0,0.0,0.0,,0.0,0.0,0.0,0.0,0.0,0.0,,,,,,,,,,,,,,,,,,,,,,,
2023,2021013445,2023-09-13,1900104.0,柳町 達,32.0,左,12,1.0,1.0,4.0,2.0,0.0,0.0,0.0,0.0,0.0,0.0,0.0,,2.0,1.0,0.0,0.0,0.0,0.0,,,,,,,,,,,,,,,,,,,,,,,
2023,2021013445,2023-09-13,1961286.0,ペイトン,10.0,左,7,1.0,1.0,4.0,4.0,0.0,2.0,0.0,0.0,0.0,1.0,0.0,,0.0,1.0,0.0,0.0,0.0,0.0,,,,,,,,,,,,,,,,,,,,,,,
2023,2021013445,2023-09-13,2000067.0,渡部 健人,8.0,打,7,1.0,0.0,1.0,0.0,0.0,0.0,0.0,0.0,0.0,0.0,0.0,,0.0,0.0,1.0,0.0,0.0,0.0,,,,,,,,,,,,,,,,,,,,,,,
2023,2021013445,2023-09-13,2000078.0,水上 由伸,69.0,,7,,,,,,,,,,,,,,,,,,,5.0,1.0,0.0,0.0,1.0,1.84,1.0,1.0,,,0.0,1.0,1.0,1.0,1.0,,2.0,0.0,0.0,,5.0,25.0,
2023,2021013445,2023-09-13,2000108.0,井上 朋也,43.0,三,12,1.0,1.0,3.0,3.0,0.0,0.0,0.0,0.0,0.0,0.0,0.0,,0.0,1.0,0.0,0.0,0.0,0.0,,,,,,,,,,,,,,,,,,,,,,,
2023,2021013445,2023-09-13,2104035.0,野村 勇,99.0,三,12,1.0,0.0,1.0,1.0,1.0,1.0,0.0,0.0,1.0,1.0,0.0,,0.0,0.0,0.0,0.0,0.0,0.0,,,,,,,,,,,,,,,,,,,,,,,
2023,2021013445,2023-09-13,2106286.0,青山 美夏人,29.0,,7,,,,,,,,,,,,,,,,,,,2.0,1.0,0.0,0.0,1.0,3.4,2.0,2.0,,,3.0,0.0,0.0,0.0,0.0,,0.0,2.0,0.0,,6.0,37.0,
2023,2021013445,2023-09-13,2108196.0,マキノン,30.0,一,7,1.0,1.0,4.0,4.0,1.0,1.0,0.0,0.0,0.0,0.0,0.0,,0.0,0.0,0.0,0.0,0.0,0.0,,,,,,,,,,,,,,,,,,,,,,,
2023,2021013446,2023-09-13,700087.0,角中 勝也,3.0,打左,9,1.0,0.0,3.0,1.0,0.0,0.0,0.0,0.0,0.0,0.0,0.0,,2.0,0.0,0.0,0.0,0.0,0.0,,,,,,,,,,,,,,,,,,,,,,,
2023,2021013446,2023-09-13,900056.0,浅村 栄斗,3.0,二,376,1.0,1.0,4.0,3.0,1.0,0.0,0.0,0.0,0.0,0.0,0.0,,1.0,0.0,0.0,0.0,0.0,0.0,,,,,,,,,,,,,,,,,,,,,,,
2023,2021013446,2023-09-13,1000014.0,荻野 貴司,0.0,右,9,1.0,1.0,5.0,3.0,0.0,0.0,0.0,0.0,0.0,1.0,0.0,,1.0,0.0,0.0,0.0,1.0,0.0,,,,,,,,,,,,,,,,,,,,,,,
2023,2021013446,2023-09-13,1100096.0,石川 慎吾,50.0,左,9,1.0,1.0,2.0,2.0,1.0,1.0,0.0,0.0,0.0,0.0,0.0,,0.0,0.0,0.0,0.0,0.0,0.0,,,,,,,,,,,,,,,,,,,,,,,
2023,2021013446,2023-09-13,1100104.0,益田 直也,52.0,,9,,,,,,,,,,,,,,,,,,,3.0,1.0,0.0,2.0,5.0,3.86,0.0,0.0,,,35.0,3.0,3.0,2.0,0.0,,1.0,0.0,0.0,,4.0,13.0,
2023,2021013446,2023-09-13,1100130.0,岡島 豪郎,27.0,左,376,1.0,1.0,4.0,4.0,0.0,2.0,1.0,0.0,0.0,3.0,0.0,,0.0,0.0,0.0,0.0,0.0,0.0,,,,,,,,,,,,,,,,,,,,,,,
2023,2021013446,2023-09-13,1100132.0,島内 宏明,35.0,指,376,1.0,1.0,4.0,4.0,1.0,2.0,0.0,0.0,0.0,0.0,0.0,,0.0,1.0,0.0,0.0,0.0,0.0,,,,,,,,,,,,,,,,,,,,,,,
2023,2021013446,2023-09-13,1200096.0,田村 龍弘,27.0,打,9,1.0,0.0,1.0,1.0,0.0,0.0,0.0,0.0,0.0,0.0,0.0,,0.0,1.0,0.0,0.0,0.0,0.0,,,,,,,,,,,,,,,,,,,,,,,
2023,2021013446,2023-09-13,1300044.0,岡 大海,25.0,中,9,1.0,1.0,5.0,4.0,1.0,2.0,1.0,0.0,0.0,1.0,0.0,,1.0,1.0,0.0,0.0,0.0,0.0,,,,,,,,,,,,,,,,,,,,,,,
2023,2021013446,2023-09-13,1300084.0,松井 裕樹,1.0,,376,,,,,,,,,,,,,,,,,,,7.0,1.0,0.0,1.0,3.0,1.71,1.0,1.0,,,34.0,3.0,1.0,1.0,0.0,,0.0,1.0,0.0,,6.0,26.0,
2023,2021013446,2023-09-13,1400139.0,安樂 智大,20.0,,376,,,,,,,,,,,,,,,,,,,5.0,1.0,0.0,2.0,1.0,2.63,0.3333333333333333,0.1,,,0.0,0.0,0.0,0.0,0.0,,0.0,1.0,0.0,,1.0,6.0,
2023,2021013446,2023-09-13,1400188.0,中村 奨吾,8.0,二,9,1.0,1.0,5.0,4.0,0.0,2.0,1.0,0.0,0.0,0.0,0.0,,0.0,0.0,0.0,1.0,0.0,1.0,,,,,,,,,,,,,,,,,,,,,,,
2023,2021013446,2023-09-13,1460080.0,ポランコ,22.0,指,9,1.0,1.0,5.0,3.0,0.0,0.0,0.0,0.0,0.0,0.0,0.0,,2.0,0.0,0.0,0.0,0.0,0.0,,,,,,,,,,,,,,,,,,,,,,,
2023,2021013446,2023-09-13,1500078.0,阿部 寿樹,4.0,一,376,1.0,1.0,4.0,4.0,0.0,0.0,0.0,0.0,0.0,0.0,0.0,,0.0,1.0,0.0,0.0,0.0,0.0,,,,,,,,,,,,,,,,,,,,,,,
2023,2021013446,2023-09-13,1500125.0,柿沼 友哉,99.0,捕,9,1.0,1.0,4.0,2.0,0.0,0.0,0.0,0.0,0.0,0.0,0.0,,1.0,1.0,0.0,1.0,0.0,0.0,,,,,,,,,,,,,,,,,,,,,,,
2023,2021013446,2023-09-13,1500141.0,茶谷 健太,67.0,遊,9,1.0,0.0,1.0,1.0,0.0,1.0,0.0,0.0,0.0,0.0,1.0,,0.0,0.0,0.0,0.0,0.0,0.0,,,,,,,,,,,,,,,,,,,,,,,
2023,2021013446,2023-09-13,1600007.0,村林 一輝,66.0,遊,376,1.0,1.0,4.0,4.0,0.0,0.0,0.0,0.0,0.0,0.0,0.0,,0.0,1.0,0.0,0.0,0.0,0.0,,,,,,,,,,,,,,,,,,,,,,,
2023,2021013446,2023-09-13,1600012.0,宋 家豪,43.0,,376,,,,,,,,,,,,,,,,,,,3.0,1.0,0.0,2.0,0.0,2.8,1.0,1.0,,,0.0,0.0,0.0,0.0,0.0,,0.0,2.0,0.0,,3.0,12.0,
2023,2021013446,2023-09-13,1600094.0,田中 和基,25.0,右,376,1.0,0.0,1.0,1.0,0.0,0.0,0.0,0.0,0.0,0.0,1.0,,0.0,0.0,0.0,0.0,0.0,0.0,,,,,,,,,,,,,,,,,,,,,,,
2023,2021013446,2023-09-13,1600146.0,種市 篤暉,16.0,,9,,,,,,,,,,,,,,,,,,,1.0,1.0,,10.0,5.0,2.88,7.0,7.0,,,0.0,3.0,2.0,2.0,1.0,,1.0,3.0,0.0,,25.0,101.0,
2023,2021013446,2023-09-13,1700034.0,山崎 剛,34.0,走指,376,1.0,0.0,0.0,0.0,1.0,0.0,0.0,0.0,0.0,0.0,0.0,,0.0,0.0,0.0,0.0,0.0,0.0,,,,,,,,,,,,,,,,,,,,,,,
2023,2021013446,2023-09-13,1700093.0,藤岡 裕大,4.0,遊,9,1.0,1.0,5.0,5.0,0.0,2.0,1.0,0.0,0.0,0.0,0.0,,0.0,1.0,0.0,0.0,0.0,0.0,,,,,,,,,,,,,,,,,,,,,,,
2023,2021013446,2023-09-13,1700098.0,和田 康士朗,63.0,走右,9,1.0,0.0,0.0,0.0,0.0,0.0,0.0,0.0,0.0,0.0,1.0,,0.0,0.0,0.0,0.0,0.0,0.0,,,,,,,,,,,,,,,,,,,,,,,
2023,2021013446,2023-09-13,1800037.0,坂本 光士郎,36.0,,9,,,,,,,,,,,,,,,,,,,2.0,1.0,0.0,1.0,0.0,3.4,1.0,1.0,,,0.0,1.0,0.0,0.0,0.0,,0.0,2.0,0.0,,4.0,10.0,
2023,2021013446,2023-09-13,1800044.0,伊藤 裕季也,39.0,打,376,1.0,0.0,1.0,1.0,0.0,0.0,0.0,0.0,0.0,0.0,0.0,,0.0,1.0,0.0,0.0,0.0,0.0,,,,,,,,,,,,,,,,,,,,,,,
2023,2021013446,2023-09-13,1800053.0,山口 航輝,51.0,一,9,1.0,1.0,5.0,4.0,0.0,0.0,0.0,0.0,0.0,0.0,0.0,,1.0,1.0,0.0,0.0,0.0,0.0,,,,,,,,,,,,,,,,,,,,,,,
2023,2021013446,2023-09-13,1800117.0,辰己 涼介,8.0,中,376,1.0,1.0,4.0,4.0,2.0,2.0,0.0,0.0,1.0,1.0,0.0,,0.0,1.0,0.0,0.0,0.0,0.0,,,,,,,,,,,,,,,,,,,,,,,
2023,2021013446,2023-09-13,1800118.0,太田 光,2.0,捕,376,1.0,1.0,4.0,4.0,0.0,1.0,0.0,0.0,0.0,0.0,0.0,,0.0,0.0,0.0,0.0,0.0,0.0,,,,,,,,,,,,,,,,,,,,,,,
2023,2021013446,2023-09-13,1800123.0,小郷 裕哉,51.0,右,376,1.0,1.0,2.0,2.0,0.0,0.0,0.0,0.0,0.0,0.0,0.0,,0.0,1.0,0.0,0.0,0.0,0.0,,,,,,,,,,,,,,,,,,,,,,,
2023,2021013446,2023-09-13,1800124.0,鈴木 翔天,56.0,,376,,,,,,,,,,,,,,,,,,,4.0,1.0,0.0,1.0,1.0,2.84,0.6666666666666666,0.2,,,1.0,1.0,0.0,0.0,0.0,,2.0,0.0,0.0,,5.0,19.0,
2023,2021013446,2023-09-13,1861064.0,ブロッソー,72.0,三,9,1.0,1.0,5.0,5.0,1.0,3.0,1.0,0.0,0.0,0.0,0.0,,0.0,1.0,0.0,0.0,0.0,0.0,,,,,,,,,,,,,,,,,,,,,,,
2023,2021013446,2023-09-13,1900083.0,横山 陸人,60.0,,9,,,,,,,,,,,,,,,,,,,4.0,1.0,0.0,1.0,1.0,3.69,1.0,1.0,,,1.0,0.0,0.0,0.0,0.0,,0.0,1.0,0.0,,3.0,16.0,
2023,2021013446,2023-09-13,1900112.0,小深田 大翔,0.0,三,376,1.0,1.0,4.0,2.0,0.0,0.0,0.0,0.0,0.0,0.0,1.0,,1.0,0.0,0.0,1.0,0.0,0.0,,,,,,,,,,,,,,,,,,,,,,,
2023,2021013446,2023-09-13,2000123.0,藤井 聖,47.0,,376,,,,,,,,,,,,,,,,,,,1.0,1.0,,2.0,0.0,2.73,3.6666666666666665,3.2,,,0.0,5.0,1.0,1.0,0.0,,2.0,1.0,0.0,,18.0,72.0,
2023,2021013446,2023-09-13,2000126.0,内 星龍,69.0,,376,,,,,,,,,,,,,,,,,,,2.0,1.0,0.0,4.0,2.0,2.62,1.3333333333333333,1.1,,,0.0,1.0,0.0,0.0,0.0,,2.0,0.0,0.0,,7.0,19.0,
2023,2021013446,2023-09-13,2105140.0,渡辺 翔太,31.0,,376,,,,,,,,,,,,,,,,,,,6.0,1.0,0.0,7.0,2.0,1.45,1.0,1.0,,,1.0,1.0,1.0,0.0,0.0,,2.0,1.0,0.0,,7.0,26.0,
2023,2021013446,2023-09-13,2106798.0,友杉 篤輝,10.0,打,9,1.0,0.0,1.0,1.0,0.0,0.0,0.0,0.0,0.0,0.0,0.0,,0.0,0.0,0.0,0.0,0.0,0.0,,,,,,,,,,,,,,,,,,,,,,,
2023,2021013447,2023-09-14,400021.0,青木 宣親,23.0,打,2,1.0,0.0,1.0,1.0,0.0,0.0,0.0,0.0,0.0,0.0,0.0,,0.0,0.0,0.0,0.0,0.0,0.0,,,,,,,,,,,,,,,,,,,,,,,
2023,2021013447,2023-09-14,600011.0,川端 慎吾,5.0,打,2,1.0,0.0,1.0,0.0,0.0,0.0,0.0,0.0,0.0,0.0,0.0,,0.0,0.0,1.0,0.0,0.0,0.0,,,,,,,,,,,,,,,,,,,,,,,
2023,2021013447,2023-09-14,700050.0,會澤 翼,27.0,捕,6,1.0,1.0,3.0,3.0,0.0,0.0,0.0,0.0,0.0,0.0,0.0,,0.0,1.0,0.0,0.0,0.0,0.0,,,,,,,,,,,,,,,,,,,,,,,
2023,2021013447,2023-09-14,800041.0,松山 竜平,55.0,打一,6,1.0,0.0,1.0,0.0,0.0,0.0,0.0,0.0,0.0,1.0,0.0,,1.0,0.0,0.0,0.0,0.0,0.0,,,,,,,,,,,,,,,,,,,,,,,
2023,2021013447,2023-09-14,900044.0,中村 悠平,27.0,捕,2,1.0,1.0,4.0,4.0,0.0,0.0,0.0,0.0,0.0,0.0,0.0,,0.0,1.0,0.0,0.0,0.0,0.0,,,,,,,,,,,,,,,,,,,,,,,
2023,2021013447,2023-09-14,900430.0,堂林 翔太,7.0,左,6,1.0,1.0,5.0,5.0,2.0,2.0,0.0,0.0,1.0,1.0,0.0,,0.0,2.0,0.0,0.0,0.0,0.0,,,,,,,,,,,,,,,,,,,,,,,
2023,2021013447,2023-09-14,1000098.0,磯村 嘉孝,40.0,打捕,6,1.0,0.0,1.0,1.0,0.0,1.0,0.0,0.0,0.0,2.0,0.0,,0.0,0.0,0.0,0.0,0.0,0.0,,,,,,,,,,,,,,,,,,,,,,,
2023,2021013447,2023-09-14,1000116.0,中崎 翔太,21.0,投,6,1.0,0.0,0.0,0.0,0.0,0.0,0.0,0.0,0.0,0.0,0.0,,0.0,0.0,0.0,0.0,0.0,0.0,4.0,1.0,0.0,1.0,0.0,2.08,1.0,1.0,,,0.0,1.0,0.0,0.0,0.0,,0.0,1.0,1.0,,5.0,16.0,
2023,2021013447,2023-09-14,1000132.0,山田 哲人,1.0,二,2,1.0,1.0,2.0,2.0,1.0,1.0,0.0,0.0,1.0,1.0,0.0,,0.0,0.0,0.0,0.0,0.0,0.0,,,,,,,,,,,,,,,,,,,,,,,
2023,2021013447,2023-09-14,1000150.0,秋山 翔吾,9.0,打,6,1.0,0.0,1.0,0.0,0.0,0.0,0.0,0.0,0.0,0.0,0.0,,1.0,0.0,0.0,0.0,0.0,0.0,,,,,,,,,,,,,,,,,,,,,,,
2023,2021013447,2023-09-14,1200075.0,石山 泰稚,12.0,投,2,1.0,0.0,0.0,0.0,0.0,0.0,0.0,0.0,0.0,0.0,0.0,,0.0,0.0,0.0,0.0,0.0,0.0,3.0,1.0,0.0,3.0,6.0,4.83,0.0,0.0,,,0.0,2.0,3.0,3.0,0.0,,1.0,0.0,0.0,,3.0,16.0,
2023,2021013447,2023-09-14,1300059.0,田中 広輔,2.0,打,6,1.0,0.0,1.0,1.0,0.0,0.0,0.0,0.0,0.0,0.0,0.0,,0.0,0.0,0.0,0.0,0.0,0.0,,,,,,,,,,,,,,,,,,,,,,,
2023,2021013447,2023-09-14,1400173.0,野間 峻祥,37.0,中右,6,1.0,1.0,5.0,5.0,0.0,1.0,1.0,0.0,0.0,1.0,0.0,,0.0,0.0,0.0,0.0,0.0,0.0,,,,,,,,,,,,,,,,,,,,,,,
2023,2021013447,2023-09-14,1460004.0,デビッドソン,95.0,三,6,1.0,1.0,5.0,4.0,0.0,0.0,0.0,0.0,0.0,0.0,0.0,,0.0,4.0,1.0,0.0,0.0,0.0,,,,,,,,,,,,,,,,,,,,,,,
2023,2021013447,2023-09-14,1500042.0,高橋 奎二,47.0,投,2,1.0,1.0,2.0,1.0,0.0,0.0,0.0,0.0,0.0,0.0,0.0,,0.0,0.0,0.0,1.0,0.0,0.0,1.0,1.0,,4.0,8.0,4.52,6.0,6.0,,,0.0,7.0,2.0,2.0,1.0,,1.0,6.0,1.0,,26.0,114.0,
2023,2021013447,2023-09-14,1650522.0,丸山 和郁,4.0,右,2,1.0,0.0,0.0,0.0,0.0,0.0,0.0,0.0,0.0,0.0,0.0,,0.0,0.0,0.0,0.0,0.0,0.0,,,,,,,,,,,,,,,,,,,,,,,
2023,2021013447,2023-09-14,1700060.0,阪口 皓亮,58.0,投,2,1.0,0.0,0.0,0.0,0.0,0.0,0.0,0.0,0.0,0.0,0.0,,0.0,0.0,0.0,0.0,0.0,0.0,6.0,1.0,0.0,0.0,2.0,3.65,1.0,1.0,,,0.0,1.0,0.0,0.0,0.0,,0.0,2.0,0.0,,4.0,16.0,
2023,2021013447,2023-09-14,1700072.0,遠藤 淳志,66.0,投,6,1.0,1.0,1.0,1.0,0.0,0.0,0.0,0.0,0.0,0.0,0.0,,0.0,0.0,0.0,0.0,0.0,0.0,1.0,1.0,,1.0,5.0,4.39,3.333333333333333,3.1,,,0.0,5.0,5.0,5.0,2.0,,3.0,0.0,1.0,,19.0,63.0,
2023,2021013447,2023-09-14,1700084.0,村上 宗隆,55.0,三,2,1.0,1.0,4.0,4.0,2.0,2.0,0.0,0.0,1.0,1.0,0.0,,0.0,1.0,0.0,0.0,0.0,0.0,,,,,,,,,,,,,,,,,,,,,,,
2023,2021013447,2023-09-14,1700087.0,塩見 泰隆,9.0,中,2,1.0,1.0,5.0,5.0,0.0,1.0,1.0,0.0,0.0,1.0,0.0,,0.0,1.0,0.0,0.0,0.0,0.0,,,,,,,,,,,,,,,,,,,,,,,
2023,2021013447,2023-09-14,1700089.0,宮本 丈,39.0,左,2,1.0,1.0,4.0,2.0,1.0,0.0,0.0,0.0,0.0,0.0,0.0,,1.0,2.0,1.0,0.0,0.0,0.0,,,,,,,,,,,,,,,,,,,,,,,
2023,2021013447,2023-09-14,1700094.0,山本 大貴,43.0,投,2,1.0,0.0,0.0,0.0,0.0,0.0,0.0,0.0,0.0,0.0,0.0,,0.0,0.0,0.0,0.0,0.0,0.0,5.0,1.0,0.0,2.0,0.0,2.55,0.6666666666666666,0.2,,,0.0,1.0,0.0,0.0,0.0,,1.0,1.0,0.0,,4.0,26.0,
2023,2021013447,2023-09-14,1800033.0,清水 昇,17.0,投,2,1.0,0.0,0.0,0.0,0.0,0.0,0.0,0.0,0.0,0.0,0.0,,0.0,0.0,0.0,0.0,0.0,0.0,2.0,1.0,0.0,1.0,7.0,2.96,1.0,1.0,,,0.0,0.0,0.0,0.0,0.0,,0.0,0.0,0.0,,3.0,10.0,
2023,2021013447,2023-09-14,1800072.0,小園 海斗,51.0,遊二,6,1.0,1.0,5.0,5.0,1.0,4.0,1.0,0.0,0.0,1.0,0.0,,0.0,0.0,0.0,0.0,0.0,0.0,,,,,,,,,,,,,,,,,,,,,,,
2023,2021013447,2023-09-14,1800073.0,島内 颯太郎,43.0,投,6,1.0,0.0,0.0,0.0,0.0,0.0,0.0,0.0,0.0,0.0,0.0,,0.0,0.0,0.0,0.0,0.0,0.0,6.0,1.0,0.0,1.0,3.0,2.65,1.0,1.0,,,2.0,0.0,0.0,0.0,0.0,,0.0,1.0,0.0,,3.0,13.0,
2023,2021013447,2023-09-14,1800078.0,羽月 隆太郎,69.0,二,6,1.0,1.0,5.0,5.0,0.0,1.0,0.0,0.0,0.0,0.0,0.0,,0.0,1.0,0.0,0.0,0.0,0.0,,,,,,,,,,,,,,,,,,,,,,,
2023,2021013447,2023-09-14,1800079.0,大盛 穂,59.0,走中,6,1.0,0.0,1.0,1.0,1.0,0.0,0.0,0.0,0.0,0.0,0.0,,0.0,1.0,0.0,0.0,0.0,0.0,,,,,,,,,,,,,,,,,,,,,,,
2023,2021013447,2023-09-14,1851151.0,河野 佳,46.0,投,6,1.0,0.0,0.0,0.0,0.0,0.0,0.0,0.0,0.0,0.0,0.0,,0.0,0.0,0.0,0.0,0.0,0.0,3.0,1.0,0.0,0.0,1.0,11.32,1.0,1.0,,,0.0,0.0,0.0,0.0,0.0,,0.0,2.0,0.0,,3.0,18.0,
2023,2021013447,2023-09-14,1860147.0,アンダーソン,42.0,投,6,1.0,0.0,0.0,0.0,0.0,0.0,0.0,0.0,0.0,0.0,0.0,,0.0,0.0,0.0,0.0,0.0,0.0,2.0,1.0,0.0,4.0,1.0,2.43,0.6666666666666666,0.2,,,0.0,0.0,0.0,0.0,0.0,,0.0,1.0,0.0,,2.0,7.0,
2023,2021013447,2023-09-14,1900028.0,長岡 秀樹,7.0,遊,2,1.0,1.0,4.0,3.0,1.0,2.0,1.0,0.0,0.0,2.0,0.0,,1.0,0.0,0.0,0.0,0.0,0.0,,,,,,,,,,,,,,,,,,,,,,,
2023,2021013447,2023-09-14,1900029.0,武岡 龍世,60.0,打二,2,1.0,0.0,2.0,2.0,0.0,0.0,0.0,0.0,0.0,0.0,0.0,,0.0,1.0,0.0,0.0,0.0,0.0,,,,,,,,,,,,,,,,,,,,,,,
2023,2021013447,2023-09-14,1961166.0,マクブルーム,10.0,一,6,1.0,1.0,4.0,2.0,0.0,1.0,1.0,0.0,0.0,0.0,0.0,,2.0,0.0,0.0,0.0,0.0,0.0,,,,,,,,,,,,,,,,,,,,,,,
2023,2021013447,2023-09-14,2000024.0,木澤 尚文,20.0,投,2,1.0,0.0,0.0,0.0,0.0,0.0,0.0,0.0,0.0,0.0,0.0,,0.0,0.0,0.0,0.0,0.0,0.0,4.0,1.0,0.0,2.0,3.0,2.96,0.3333333333333333,0.1,,,0.0,0.0,1.0,1.0,0.0,,1.0,1.0,0.0,,2.0,9.0,
2023,2021013447,2023-09-14,2000060.0,栗林 良吏,20.0,投,6,1.0,0.0,0.0,0.0,0.0,0.0,0.0,0.0,0.0,0.0,0.0,,0.0,0.0,0.0,0.0,0.0,0.0,7.0,1.0,0.0,3.0,7.0,3.18,1.0,1.0,,,14.0,0.0,0.0,0.0,0.0,,0.0,1.0,0.0,,3.0,14.0,
2023,2021013447,2023-09-14,2000062.0,大道 温貴,12.0,投,6,1.0,0.0,0.0,0.0,0.0,0.0,0.0,0.0,0.0,0.0,0.0,,0.0,0.0,0.0,0.0,0.0,0.0,5.0,1.0,0.0,3.0,0.0,2.51,1.0,1.0,,,0.0,0.0,0.0,0.0,0.0,,0.0,0.0,0.0,,3.0,7.0,
2023,2021013447,2023-09-14,2000065.0,矢野 雅哉,61.0,走遊,6,1.0,0.0,0.0,0.0,1.0,0.0,0.0,0.0,0.0,0.0,0.0,,0.0,0.0,0.0,0.0,0.0,0.0,,,,,,,,,,,,,,,,,,,,,,,
2023,2021013447,2023-09-14,2000133.0,オスナ,13.0,一,2,1.0,1.0,5.0,5.0,0.0,0.0,0.0,0.0,0.0,0.0,0.0,,0.0,0.0,0.0,0.0,0.0,0.0,,,,,,,,,,,,,,,,,,,,,,,
2023,2021013447,2023-09-14,2000135.0,サンタナ,25.0,右,2,1.0,1.0,4.0,3.0,0.0,0.0,0.0,0.0,0.0,0.0,0.0,,1.0,0.0,0.0,0.0,0.0,0.0,,,,,,,,,,,,,,,,,,,,,,,
2023,2021013447,2023-09-14,2103358.0,田村 俊介,60.0,打,6,1.0,0.0,1.0,1.0,1.0,1.0,1.0,0.0,0.0,0.0,0.0,,0.0,0.0,0.0,0.0,0.0,0.0,,,,,,,,,,,,,,,,,,,,,,,
2023,2021013447,2023-09-14,2103768.0,末包 昇大,52.0,右,6,1.0,1.0,3.0,3.0,0.0,0.0,0.0,0.0,0.0,0.0,0.0,,0.0,1.0,0.0,0.0,0.0,0.0,,,,,,,,,,,,,,,,,,,,,,,
2023,2021013448,2023-09-14,700003.0,坂本 勇人,6.0,三,1,1.0,1.0,4.0,4.0,1.0,1.0,0.0,0.0,1.0,1.0,0.0,,0.0,1.0,0.0,0.0,0.0,0.0,,,,,,,,,,,,,,,,,,,,,,,
2023,2021013448,2023-09-14,700027.0,梶谷 隆幸,13.0,打,1,1.0,0.0,1.0,1.0,0.0,0.0,0.0,0.0,0.0,0.0,0.0,,0.0,0.0,0.0,0.0,0.0,0.0,,,,,,,,,,,,,,,,,,,,,,,
2023,2021013448,2023-09-14,800043.0,丸 佳浩,8.0,中,1,1.0,1.0,4.0,4.0,0.0,0.0,0.0,0.0,0.0,0.0,0.0,,0.0,1.0,0.0,0.0,0.0,1.0,,,,,,,,,,,,,,,,,,,,,,,
2023,2021013448,2023-09-14,900397.0,長野 久義,7.0,右,1,1.0,1.0,4.0,4.0,0.0,1.0,0.0,0.0,0.0,0.0,0.0,,0.0,1.0,0.0,0.0,0.0,0.0,,,,,,,,,,,,,,,,,,,,,,,
2023,2021013448,2023-09-14,900426.0,原口 文仁,94.0,打,5,1.0,0.0,1.0,1.0,0.0,0.0,0.0,0.0,0.0,0.0,0.0,,0.0,0.0,0.0,0.0,0.0,0.0,,,,,,,,,,,,,,,,,,,,,,,
2023,2021013448,2023-09-14,1000164.0,島本 浩也,46.0,投,5,1.0,0.0,0.0,0.0,0.0,0.0,0.0,0.0,0.0,0.0,0.0,,0.0,0.0,0.0,0.0,0.0,0.0,4.0,1.0,0.0,4.0,2.0,1.78,0.6666666666666666,0.2,,,0.0,0.0,0.0,0.0,0.0,,0.0,2.0,0.0,,2.0,11.0,
2023,2021013448,2023-09-14,1100038.0,今村 信貴,26.0,投,1,1.0,0.0,0.0,0.0,0.0,0.0,0.0,0.0,0.0,0.0,0.0,,0.0,0.0,0.0,0.0,0.0,0.0,2.0,1.0,0.0,0.0,0.0,3.8,1.0,1.0,,,0.0,1.0,1.0,0.0,0.0,,0.0,0.0,0.0,,5.0,12.0,
2023,2021013448,2023-09-14,1300070.0,岩貞 祐太,14.0,投,5,1.0,0.0,0.0,0.0,0.0,0.0,0.0,0.0,0.0,0.0,0.0,,0.0,0.0,0.0,0.0,0.0,0.0,2.0,1.0,0.0,1.0,0.0,2.83,0.0,0.0,,,0.0,2.0,1.0,1.0,0.0,,0.0,0.0,0.0,,2.0,9.0,
2023,2021013448,2023-09-14,1300075.0,岩崎 優,13.0,投,5,1.0,0.0,0.0,0.0,0.0,0.0,0.0,0.0,0.0,0.0,0.0,,0.0,0.0,0.0,0.0,0.0,0.0,5.0,1.0,0.0,3.0,2.0,1.38,1.0,1.0,,,32.0,2.0,1.0,1.0,1.0,,0.0,0.0,0.0,,5.0,12.0,
2023,2021013448,2023-09-14,1400101.0,岡本 和真,25.0,一,1,1.0,1.0,4.0,4.0,1.0,2.0,0.0,0.0,1.0,1.0,0.0,,0.0,0.0,0.0,0.0,0.0,0.0,,,,,,,,,,,,,,,,,,,,,,,
2023,2021013448,2023-09-14,1500047.0,重信 慎之介,43.0,走,1,1.0,0.0,0.0,0.0,0.0,0.0,0.0,0.0,0.0,0.0,0.0,,0.0,0.0,0.0,0.0,0.0,0.0,,,,,,,,,,,,,,,,,,,,,,,
2023,2021013448,2023-09-14,1500054.0,増田 大輝,0.0,二,1,1.0,0.0,0.0,0.0,0.0,0.0,0.0,0.0,0.0,0.0,0.0,,0.0,0.0,0.0,0.0,0.0,0.0,,,,,,,,,,,,,,,,,,,,,,,
2023,2021013448,2023-09-14,1500087.0,坂本 誠志郎,12.0,捕,5,1.0,1.0,3.0,3.0,1.0,1.0,0.0,0.0,0.0,0.0,0.0,,0.0,1.0,0.0,0.0,0.0,0.0,,,,,,,,,,,,,,,,,,,,,,,
2023,2021013448,2023-09-14,1600113.0,大山 悠輔,3.0,一,5,1.0,1.0,4.0,3.0,0.0,1.0,0.0,0.0,0.0,1.0,0.0,,0.0,1.0,0.0,0.0,1.0,0.0,,,,,,,,,,,,,,,,,,,,,,,
2023,2021013448,2023-09-14,1600115.0,才木 浩人,35.0,投,5,1.0,1.0,2.0,2.0,0.0,0.0,0.0,0.0,0.0,0.0,0.0,,0.0,2.0,0.0,0.0,0.0,0.0,1.0,1.0,,8.0,5.0,2.04,7.0,7.0,,,0.0,3.0,1.0,1.0,1.0,,1.0,5.0,0.0,,25.0,87.0,
2023,2021013448,2023-09-14,1700043.0,岸田 行倫,27.0,捕,1,1.0,1.0,3.0,3.0,0.0,0.0,0.0,0.0,0.0,0.0,0.0,,0.0,1.0,0.0,0.0,0.0,0.0,,,,,,,,,,,,,,,,,,,,,,,
2023,2021013448,2023-09-14,1700044.0,大城 卓三,24.0,捕,1,1.0,0.0,1.0,1.0,0.0,1.0,1.0,0.0,0.0,1.0,0.0,,0.0,0.0,0.0,0.0,0.0,0.0,,,,,,,,,,,,,,,,,,,,,,,
2023,2021013448,2023-09-14,1700045.0,北村 拓己,52.0,打遊,1,1.0,0.0,2.0,2.0,1.0,1.0,0.0,0.0,0.0,0.0,0.0,,0.0,0.0,0.0,0.0,0.0,0.0,,,,,,,,,,,,,,,,,,,,,,,
2023,2021013448,2023-09-14,1700080.0,島田 海吏,53.0,左,5,1.0,0.0,0.0,0.0,0.0,0.0,0.0,0.0,0.0,0.0,0.0,,0.0,0.0,0.0,0.0,0.0,0.0,,,,,,,,,,,,,,,,,,,,,,,
2023,2021013448,2023-09-14,1800065.0,近本 光司,5.0,中,5,1.0,1.0,4.0,4.0,1.0,1.0,0.0,0.0,0.0,0.0,0.0,,0.0,2.0,0.0,0.0,0.0,0.0,,,,,,,,,,,,,,,,,,,,,,,
2023,2021013448,2023-09-14,1800067.0,木浪 聖也,0.0,遊,5,1.0,1.0,3.0,2.0,0.0,0.0,0.0,0.0,0.0,0.0,0.0,,0.0,1.0,0.0,1.0,0.0,0.0,,,,,,,,,,,,,,,,,,,,,,,
2023,2021013448,2023-09-14,1850183.0,森下 翔太,1.0,右,5,1.0,1.0,4.0,4.0,1.0,3.0,0.0,0.0,0.0,0.0,0.0,,0.0,0.0,0.0,0.0,0.0,0.0,,,,,,,,,,,,,,,,,,,,,,,
2023,2021013448,2023-09-14,1961285.0,ノイジー,7.0,左,5,1.0,1.0,4.0,4.0,0.0,0.0,0.0,0.0,0.0,0.0,0.0,,0.0,0.0,0.0,0.0,0.0,0.0,,,,,,,,,,,,,,,,,,,,,,,
2023,2021013448,2023-09-14,2000007.0,中山 礼都,40.0,二,1,1.0,1.0,2.0,1.0,0.0,0.0,0.0,0.0,0.0,0.0,0.0,,1.0,0.0,0.0,0.0,0.0,1.0,,,,,,,,,,,,,,,,,,,,,,,
2023,2021013448,2023-09-14,2000009.0,秋広 優人,55.0,左,1,1.0,1.0,4.0,4.0,0.0,1.0,1.0,0.0,0.0,0.0,0.0,,0.0,0.0,0.0,0.0,0.0,0.0,,,,,,,,,,,,,,,,,,,,,,,
2023,2021013448,2023-09-14,2000051.0,佐藤 輝明,8.0,三,5,1.0,1.0,4.0,4.0,1.0,2.0,0.0,0.0,1.0,2.0,0.0,,0.0,2.0,0.0,0.0,0.0,0.0,,,,,,,,,,,,,,,,,,,,,,,
2023,2021013448,2023-09-14,2000056.0,中野 拓夢,51.0,二,5,1.0,1.0,4.0,4.0,0.0,2.0,0.0,0.0,0.0,0.0,0.0,,0.0,0.0,0.0,0.0,0.0,0.0,,,,,,,,,,,,,,,,,,,,,,,
2023,2021013448,2023-09-14,2000058.0,石井 大智,69.0,投,5,1.0,0.0,0.0,0.0,0.0,0.0,0.0,0.0,0.0,0.0,0.0,,0.0,0.0,0.0,0.0,0.0,0.0,3.0,1.0,0.0,1.0,0.0,0.79,0.3333333333333333,0.1,,,0.0,0.0,0.0,0.0,0.0,,0.0,0.0,0.0,,1.0,5.0,
2023,2021013448,2023-09-14,2103689.0,赤星 優志,31.0,投,1,1.0,1.0,2.0,2.0,0.0,0.0,0.0,0.0,0.0,0.0,0.0,,0.0,1.0,0.0,0.0,0.0,0.0,1.0,1.0,,3.0,5.0,4.22,6.0,6.0,,,0.0,8.0,3.0,3.0,1.0,,0.0,8.0,0.0,,24.0,87.0,
2023,2021013448,2023-09-14,2103705.0,菊地 大稀,96.0,投,1,1.0,0.0,0.0,0.0,0.0,0.0,0.0,0.0,0.0,0.0,0.0,,0.0,0.0,0.0,0.0,0.0,0.0,3.0,1.0,0.0,4.0,3.0,3.32,1.0,1.0,,,0.0,1.0,0.0,0.0,0.0,,0.0,1.0,0.0,,4.0,17.0,
2023,2021013448,2023-09-14,2105013.0,萩尾 匡也,12.0,打中,1,1.0,0.0,1.0,1.0,0.0,0.0,0.0,0.0,0.0,0.0,0.0,,0.0,1.0,0.0,0.0,0.0,0.0,,,,,,,,,,,,,,,,,,,,,,,
2023,2021013448,2023-09-14,2107874.0,門脇 誠,35.0,遊,1,1.0,1.0,3.0,3.0,0.0,0.0,0.0,0.0,0.0,0.0,0.0,,0.0,1.0,0.0,0.0,0.0,0.0,,,,,,,,,,,,,,,,,,,,,,,
2023,2021013449,2023-09-14,12101.0,中村 剛也,60.0,指,7,1.0,1.0,3.0,3.0,0.0,0.0,0.0,0.0,0.0,0.0,0.0,,0.0,2.0,0.0,0.0,0.0,0.0,,,,,,,,,,,,,,,,,,,,,,,
2023,2021013449,2023-09-14,800081.0,中村 晃,7.0,一,12,1.0,1.0,4.0,2.0,0.0,1.0,0.0,0.0,0.0,1.0,0.0,,2.0,0.0,0.0,0.0,0.0,0.0,,,,,,,,,,,,,,,,,,,,,,,
2023,2021013449,2023-09-14,1000035.0,今宮 健太,6.0,遊,12,1.0,1.0,4.0,3.0,0.0,1.0,0.0,0.0,0.0,1.0,0.0,,0.0,1.0,0.0,1.0,0.0,0.0,,,,,,,,,,,,,,,,,,,,,,,
2023,2021013449,2023-09-14,1000128.0,柳田 悠岐,9.0,右,12,1.0,1.0,4.0,2.0,1.0,0.0,0.0,0.0,0.0,0.0,0.0,,2.0,0.0,0.0,0.0,0.0,0.0,,,,,,,,,,,,,,,,,,,,,,,
2023,2021013449,2023-09-14,1000176.0,甲斐 拓也,19.0,捕,12,1.0,1.0,2.0,1.0,0.0,0.0,0.0,0.0,0.0,0.0,0.0,,1.0,0.0,0.0,0.0,0.0,1.0,,,,,,,,,,,,,,,,,,,,,,,
2023,2021013449,2023-09-14,1100097.0,近藤 健介,3.0,指,12,1.0,1.0,4.0,3.0,1.0,1.0,0.0,0.0,0.0,0.0,0.0,,1.0,1.0,0.0,0.0,0.0,0.0,,,,,,,,,,,,,,,,,,,,,,,
2023,2021013449,2023-09-14,1300063.0,又吉 克樹,14.0,,12,,,,,,,,,,,,,,,,,,,2.0,1.0,0.0,1.0,1.0,1.69,0.3333333333333333,0.1,,,0.0,0.0,0.0,0.0,0.0,,0.0,1.0,0.0,,1.0,4.0,
2023,2021013449,2023-09-14,1300077.0,森 唯斗,38.0,,12,,,,,,,,,,,,,,,,,,,1.0,1.0,,2.0,2.0,3.81,6.666666666666667,6.2,,,0.0,6.0,4.0,4.0,0.0,,0.0,8.0,0.0,,26.0,93.0,
2023,2021013449,2023-09-14,1300093.0,嶺井 博希,12.0,捕,12,1.0,0.0,1.0,1.0,0.0,0.0,0.0,0.0,0.0,0.0,0.0,,0.0,1.0,0.0,0.0,0.0,0.0,,,,,,,,,,,,,,,,,,,,,,,
2023,2021013449,2023-09-14,1400184.0,外崎 修汰,5.0,二,7,1.0,1.0,4.0,4.0,0.0,0.0,0.0,0.0,0.0,0.0,0.0,,0.0,4.0,0.0,0.0,0.0,0.0,,,,,,,,,,,,,,,,,,,,,,,
2023,2021013449,2023-09-14,1500102.0,愛斗,53.0,中,7,1.0,1.0,3.0,2.0,0.0,1.0,1.0,0.0,0.0,2.0,0.0,,0.0,1.0,0.0,0.0,1.0,0.0,,,,,,,,,,,,,,,,,,,,,,,
2023,2021013449,2023-09-14,1500140.0,谷川原 健太,45.0,走,12,1.0,0.0,0.0,0.0,0.0,0.0,0.0,0.0,0.0,0.0,0.0,,0.0,0.0,0.0,0.0,0.0,0.0,,,,,,,,,,,,,,,,,,,,,,,
2023,2021013449,2023-09-14,1500143.0,川瀬 晃,0.0,打三,12,1.0,0.0,2.0,2.0,0.0,0.0,0.0,0.0,0.0,0.0,0.0,,0.0,1.0,0.0,0.0,0.0,0.0,,,,,,,,,,,,,,,,,,,,,,,
2023,2021013449,2023-09-14,1600127.0,今井 達也,48.0,,7,,,,,,,,,,,,,,,,,,,1.0,1.0,,9.0,4.0,2.36,7.0,7.0,,,0.0,4.0,2.0,2.0,0.0,,5.0,8.0,0.0,,26.0,113.0,
2023,2021013449,2023-09-14,1600129.0,源田 壮亮,6.0,遊,7,1.0,1.0,4.0,4.0,0.0,0.0,0.0,0.0,0.0,0.0,0.0,,0.0,1.0,0.0,0.0,0.0,0.0,,,,,,,,,,,,,,,,,,,,,,,
2023,2021013449,2023-09-14,1600131.0,平井 克典,25.0,,7,,,,,,,,,,,,,,,,,,,2.0,1.0,0.0,3.0,3.0,2.54,1.0,1.0,,,0.0,1.0,0.0,0.0,0.0,,1.0,0.0,0.0,,5.0,20.0,
2023,2021013449,2023-09-14,1600167.0,三森 大貴,13.0,二,12,1.0,1.0,4.0,3.0,0.0,0.0,0.0,0.0,0.0,0.0,0.0,,1.0,1.0,0.0,0.0,0.0,0.0,,,,,,,,,,,,,,,,,,,,,,,
2023,2021013449,2023-09-14,1700135.0,周東 佑京,23.0,中,12,1.0,1.0,4.0,4.0,0.0,2.0,1.0,0.0,0.0,0.0,0.0,,0.0,1.0,0.0,0.0,0.0,0.0,,,,,,,,,,,,,,,,,,,,,,,
2023,2021013449,2023-09-14,1750472.0,古賀 悠斗,22.0,捕,7,1.0,1.0,3.0,3.0,0.0,1.0,1.0,0.0,0.0,2.0,0.0,,0.0,1.0,0.0,0.0,0.0,0.0,,,,,,,,,,,,,,,,,,,,,,,
2023,2021013449,2023-09-14,1800086.0,佐藤 龍世,58.0,三,7,1.0,1.0,3.0,3.0,2.0,2.0,0.0,0.0,0.0,0.0,0.0,,0.0,0.0,0.0,0.0,0.0,0.0,,,,,,,,,,,,,,,,,,,,,,,
2023,2021013449,2023-09-14,1800106.0,甲斐野 央,20.0,,12,,,,,,,,,,,,,,,,,,,3.0,1.0,0.0,2.0,1.0,2.39,1.0,1.0,,,2.0,0.0,0.0,0.0,0.0,,0.0,2.0,0.0,,3.0,16.0,
2023,2021013449,2023-09-14,1850820.0,蛭間 拓哉,9.0,右,7,1.0,1.0,4.0,4.0,0.0,0.0,0.0,0.0,0.0,0.0,0.0,,0.0,2.0,0.0,0.0,0.0,0.0,,,,,,,,,,,,,,,,,,,,,,,
2023,2021013449,2023-09-14,1900068.0,岸 潤一郎,68.0,左,7,1.0,1.0,3.0,2.0,1.0,1.0,0.0,0.0,0.0,0.0,0.0,,0.0,0.0,0.0,1.0,0.0,0.0,,,,,,,,,,,,,,,,,,,,,,,
2023,2021013449,2023-09-14,1900104.0,柳町 達,32.0,左,12,1.0,1.0,4.0,3.0,0.0,0.0,0.0,0.0,0.0,0.0,0.0,,1.0,2.0,0.0,0.0,0.0,0.0,,,,,,,,,,,,,,,,,,,,,,,
2023,2021013449,2023-09-14,2060016.0,クリスキー,99.0,,7,,,,,,,,,,,,,,,,,,,3.0,1.0,0.0,0.0,0.0,0.0,1.0,1.0,,,4.0,0.0,0.0,0.0,0.0,,2.0,2.0,0.0,,5.0,21.0,
2023,2021013449,2023-09-14,2104035.0,野村 勇,99.0,三,12,1.0,1.0,2.0,2.0,0.0,0.0,0.0,0.0,0.0,0.0,0.0,,0.0,2.0,0.0,0.0,0.0,0.0,,,,,,,,,,,,,,,,,,,,,,,
2023,2021013449,2023-09-14,2107661.0,生海,37.0,打,12,1.0,0.0,1.0,1.0,0.0,0.0,0.0,0.0,0.0,0.0,0.0,,0.0,0.0,0.0,0.0,0.0,0.0,,,,,,,,,,,,,,,,,,,,,,,
2023,2021013449,2023-09-14,2108196.0,マキノン,30.0,一,7,1.0,1.0,3.0,3.0,1.0,1.0,0.0,0.0,0.0,0.0,0.0,,0.0,0.0,0.0,0.0,0.0,0.0,,,,,,,,,,,,,,,,,,,,,,,
2023,2021013450,2023-09-15,400021.0,青木 宣親,23.0,打,2,1.0,0.0,1.0,1.0,0.0,0.0,0.0,0.0,0.0,0.0,0.0,,0.0,1.0,0.0,0.0,0.0,0.0,,,,,,,,,,,,,,,,,,,,,,,
2023,2021013450,2023-09-15,500051.0,藤田 一也,23.0,打,3,1.0,0.0,1.0,1.0,0.0,0.0,0.0,0.0,0.0,0.0,0.0,,0.0,0.0,0.0,0.0,0.0,0.0,,,,,,,,,,,,,,,,,,,,,,,
2023,2021013450,2023-09-15,600003.0,大和,9.0,遊,3,1.0,1.0,3.0,3.0,0.0,0.0,0.0,0.0,0.0,0.0,0.0,,0.0,1.0,0.0,0.0,0.0,0.0,,,,,,,,,,,,,,,,,,,,,,,
2023,2021013450,2023-09-15,600011.0,川端 慎吾,5.0,打,2,1.0,0.0,1.0,1.0,0.0,0.0,0.0,0.0,0.0,0.0,0.0,,0.0,0.0,0.0,0.0,0.0,0.0,,,,,,,,,,,,,,,,,,,,,,,
2023,2021013450,2023-09-15,800075.0,伊藤 光,29.0,捕,3,1.0,1.0,3.0,3.0,0.0,1.0,0.0,0.0,0.0,0.0,0.0,,0.0,1.0,0.0,0.0,0.0,0.0,,,,,,,,,,,,,,,,,,,,,,,
2023,2021013450,2023-09-15,900011.0,大田 泰示,0.0,右,3,1.0,1.0,4.0,4.0,0.0,0.0,0.0,0.0,0.0,0.0,0.0,,0.0,1.0,0.0,0.0,0.0,0.0,,,,,,,,,,,,,,,,,,,,,,,
2023,2021013450,2023-09-15,1100061.0,桑原 将志,1.0,中,3,1.0,0.0,0.0,0.0,0.0,0.0,0.0,0.0,0.0,0.0,0.0,,0.0,0.0,0.0,0.0,0.0,0.0,,,,,,,,,,,,,,,,,,,,,,,
2023,2021013450,2023-09-15,1200053.0,宮崎 敏郎,51.0,三,3,1.0,1.0,4.0,4.0,1.0,1.0,0.0,0.0,1.0,1.0,0.0,,0.0,0.0,0.0,0.0,0.0,0.0,,,,,,,,,,,,,,,,,,,,,,,
2023,2021013450,2023-09-15,1300031.0,平良 拳太郎,59.0,投,3,1.0,1.0,2.0,1.0,0.0,0.0,0.0,0.0,0.0,0.0,0.0,,0.0,0.0,0.0,1.0,0.0,0.0,1.0,1.0,,4.0,4.0,3.49,7.0,7.0,,,0.0,5.0,1.0,1.0,0.0,,1.0,5.0,0.0,,24.0,98.0,
2023,2021013450,2023-09-15,1300038.0,関根 大気,63.0,中左,3,1.0,1.0,4.0,4.0,1.0,1.0,1.0,0.0,0.0,0.0,0.0,,0.0,1.0,0.0,0.0,0.0,0.0,,,,,,,,,,,,,,,,,,,,,,,
2023,2021013450,2023-09-15,1300045.0,高梨 裕稔,14.0,投,2,1.0,0.0,0.0,0.0,0.0,0.0,0.0,0.0,0.0,0.0,0.0,,0.0,0.0,0.0,0.0,0.0,0.0,2.0,1.0,0.0,0.0,3.0,5.5,2.0,2.0,,,0.0,0.0,0.0,0.0,0.0,,0.0,1.0,0.0,,6.0,20.0,
2023,2021013450,2023-09-15,1500063.0,柴田 竜拓,31.0,三,3,1.0,0.0,0.0,0.0,0.0,0.0,0.0,0.0,0.0,0.0,0.0,,0.0,0.0,0.0,0.0,0.0,0.0,,,,,,,,,,,,,,,,,,,,,,,
2023,2021013450,2023-09-15,1561880.0,ウェンデルケン,49.0,投,3,1.0,0.0,0.0,0.0,0.0,0.0,0.0,0.0,0.0,0.0,0.0,,0.0,0.0,0.0,0.0,0.0,0.0,2.0,1.0,0.0,1.0,2.0,1.88,1.0,1.0,,,0.0,0.0,0.0,0.0,0.0,,0.0,0.0,0.0,,3.0,11.0,
2023,2021013450,2023-09-15,1600089.0,佐野 恵太,7.0,左,3,1.0,1.0,4.0,4.0,0.0,1.0,0.0,0.0,0.0,0.0,0.0,,0.0,0.0,0.0,0.0,0.0,0.0,,,,,,,,,,,,,,,,,,,,,,,
2023,2021013450,2023-09-15,1600096.0,森原 康平,68.0,投,3,1.0,0.0,0.0,0.0,0.0,0.0,0.0,0.0,0.0,0.0,0.0,,0.0,0.0,0.0,0.0,0.0,0.0,3.0,1.0,0.0,2.0,1.0,2.33,1.0,1.0,,,13.0,0.0,0.0,0.0,0.0,,0.0,1.0,0.0,,3.0,7.0,
2023,2021013450,2023-09-15,1700020.0,ソト,99.0,一,3,1.0,1.0,4.0,4.0,1.0,1.0,0.0,0.0,1.0,1.0,0.0,,0.0,2.0,0.0,0.0,0.0,0.0,,,,,,,,,,,,,,,,,,,,,,,
2023,2021013450,2023-09-15,1700084.0,村上 宗隆,55.0,三,2,1.0,1.0,3.0,2.0,0.0,1.0,0.0,0.0,0.0,0.0,0.0,,1.0,1.0,0.0,0.0,0.0,0.0,,,,,,,,,,,,,,,,,,,,,,,
2023,2021013450,2023-09-15,1700087.0,塩見 泰隆,9.0,中,2,1.0,1.0,4.0,4.0,0.0,0.0,0.0,0.0,0.0,0.0,0.0,,0.0,1.0,0.0,0.0,0.0,0.0,,,,,,,,,,,,,,,,,,,,,,,
2023,2021013450,2023-09-15,1700089.0,宮本 丈,39.0,二,2,1.0,1.0,3.0,3.0,0.0,0.0,0.0,0.0,0.0,0.0,0.0,,0.0,0.0,0.0,0.0,0.0,0.0,,,,,,,,,,,,,,,,,,,,,,,
2023,2021013450,2023-09-15,1800036.0,濱田 太貴,51.0,左,2,1.0,1.0,3.0,3.0,0.0,2.0,0.0,0.0,0.0,0.0,0.0,,0.0,0.0,0.0,0.0,0.0,0.0,,,,,,,,,,,,,,,,,,,,,,,
2023,2021013450,2023-09-15,1900028.0,長岡 秀樹,7.0,遊,2,1.0,1.0,3.0,3.0,0.0,0.0,0.0,0.0,0.0,0.0,0.0,,0.0,0.0,0.0,0.0,0.0,0.0,,,,,,,,,,,,,,,,,,,,,,,
2023,2021013450,2023-09-15,2000026.0,内山 壮真,33.0,捕,2,1.0,1.0,3.0,3.0,1.0,1.0,0.0,0.0,0.0,0.0,1.0,,0.0,1.0,0.0,0.0,0.0,0.0,,,,,,,,,,,,,,,,,,,,,,,
2023,2021013450,2023-09-15,2000033.0,丸山 翔大,68.0,投,2,1.0,0.0,0.0,0.0,0.0,0.0,0.0,0.0,0.0,0.0,0.0,,0.0,0.0,0.0,0.0,0.0,0.0,3.0,1.0,0.0,0.0,0.0,4.05,1.0,1.0,,,0.0,1.0,1.0,1.0,1.0,,0.0,2.0,0.0,,4.0,22.0,
2023,2021013450,2023-09-15,2000035.0,牧 秀悟,2.0,二,3,1.0,1.0,4.0,3.0,0.0,1.0,1.0,0.0,0.0,1.0,0.0,,0.0,1.0,0.0,0.0,1.0,0.0,,,,,,,,,,,,,,,,,,,,,,,
2023,2021013450,2023-09-15,2000133.0,オスナ,13.0,一,2,1.0,1.0,4.0,4.0,0.0,1.0,0.0,0.0,0.0,0.0,0.0,,0.0,0.0,0.0,0.0,0.0,0.0,,,,,,,,,,,,,,,,,,,,,,,
2023,2021013450,2023-09-15,2000135.0,サンタナ,25.0,右,2,1.0,1.0,3.0,3.0,0.0,0.0,0.0,0.0,0.0,0.0,0.0,,0.0,1.0,0.0,0.0,0.0,0.0,,,,,,,,,,,,,,,,,,,,,,,
2023,2021013450,2023-09-15,2108113.0,ロドリゲス,37.0,投,2,1.0,1.0,2.0,2.0,0.0,0.0,0.0,0.0,0.0,0.0,0.0,,0.0,1.0,0.0,0.0,0.0,0.0,1.0,1.0,,1.0,4.0,2.89,6.0,6.0,,,0.0,5.0,2.0,2.0,1.0,,0.0,4.0,0.0,,23.0,89.0,
2023,2021013451,2023-09-15,700003.0,坂本 勇人,6.0,三,1,1.0,1.0,4.0,2.0,2.0,1.0,0.0,0.0,1.0,1.0,0.0,,2.0,1.0,0.0,0.0,0.0,0.0,,,,,,,,,,,,,,,,,,,,,,,
2023,2021013451,2023-09-15,700027.0,梶谷 隆幸,13.0,中,1,1.0,1.0,4.0,4.0,0.0,1.0,0.0,0.0,0.0,0.0,0.0,,0.0,1.0,0.0,0.0,0.0,0.0,,,,,,,,,,,,,,,,,,,,,,,
2023,2021013451,2023-09-15,800043.0,丸 佳浩,8.0,中,1,1.0,0.0,1.0,1.0,0.0,1.0,0.0,0.0,0.0,0.0,0.0,,0.0,0.0,0.0,0.0,0.0,0.0,,,,,,,,,,,,,,,,,,,,,,,
2023,2021013451,2023-09-15,800054.0,中田 翔,10.0,一,1,1.0,1.0,4.0,3.0,2.0,2.0,0.0,0.0,2.0,4.0,0.0,,0.0,1.0,0.0,0.0,1.0,0.0,,,,,,,,,,,,,,,,,,,,,,,
2023,2021013451,2023-09-15,900397.0,長野 久義,7.0,右,1,1.0,1.0,3.0,3.0,0.0,0.0,0.0,0.0,0.0,0.0,0.0,,0.0,1.0,0.0,0.0,0.0,0.0,,,,,,,,,,,,,,,,,,,,,,,
2023,2021013451,2023-09-15,1000108.0,後藤 駿太,53.0,右,4,1.0,1.0,4.0,4.0,0.0,0.0,0.0,0.0,0.0,0.0,0.0,,0.0,4.0,0.0,0.0,0.0,1.0,,,,,,,,,,,,,,,,,,,,,,,
2023,2021013451,2023-09-15,1100069.0,高橋 周平,3.0,打二,4,1.0,0.0,2.0,1.0,0.0,1.0,0.0,0.0,0.0,0.0,0.0,,1.0,0.0,0.0,0.0,0.0,0.0,,,,,,,,,,,,,,,,,,,,,,,
2023,2021013451,2023-09-15,1300027.0,小林 誠司,22.0,捕,1,1.0,0.0,1.0,1.0,0.0,1.0,0.0,0.0,0.0,0.0,0.0,,0.0,0.0,0.0,0.0,0.0,0.0,,,,,,,,,,,,,,,,,,,,,,,
2023,2021013451,2023-09-15,1300066.0,祖父江 大輔,33.0,投,4,1.0,0.0,0.0,0.0,0.0,0.0,0.0,0.0,0.0,0.0,0.0,,0.0,0.0,0.0,0.0,0.0,0.0,5.0,1.0,0.0,3.0,5.0,3.79,1.0,1.0,,,0.0,4.0,1.0,1.0,0.0,,0.0,0.0,0.0,,6.0,20.0,
2023,2021013451,2023-09-15,1400101.0,岡本 和真,25.0,左,1,1.0,1.0,4.0,4.0,1.0,1.0,0.0,0.0,1.0,1.0,0.0,,0.0,1.0,0.0,0.0,0.0,0.0,,,,,,,,,,,,,,,,,,,,,,,
2023,2021013451,2023-09-15,1500047.0,重信 慎之介,43.0,走左,1,1.0,0.0,0.0,0.0,0.0,0.0,0.0,0.0,0.0,0.0,0.0,,0.0,0.0,0.0,0.0,0.0,0.0,,,,,,,,,,,,,,,,,,,,,,,
2023,2021013451,2023-09-15,1500049.0,宇佐見 真吾,39.0,捕,4,1.0,1.0,2.0,2.0,0.0,1.0,0.0,0.0,0.0,0.0,0.0,,0.0,0.0,0.0,0.0,0.0,0.0,,,,,,,,,,,,,,,,,,,,,,,
2023,2021013451,2023-09-15,1500077.0,福 敬登,34.0,投,4,1.0,0.0,0.0,0.0,0.0,0.0,0.0,0.0,0.0,0.0,0.0,,0.0,0.0,0.0,0.0,0.0,0.0,3.0,1.0,0.0,1.0,0.0,3.21,1.0,1.0,,,0.0,0.0,0.0,0.0,0.0,,1.0,0.0,0.0,,3.0,12.0,
2023,2021013451,2023-09-15,1560639.0,カリステ,99.0,遊,4,1.0,1.0,4.0,4.0,0.0,0.0,0.0,0.0,0.0,0.0,0.0,,0.0,1.0,0.0,0.0,0.0,0.0,,,,,,,,,,,,,,,,,,,,,,,
2023,2021013451,2023-09-15,1600021.0,ビシエド,66.0,一,4,1.0,1.0,3.0,3.0,0.0,1.0,0.0,0.0,0.0,0.0,0.0,,0.0,0.0,0.0,0.0,0.0,0.0,,,,,,,,,,,,,,,,,,,,,,,
2023,2021013451,2023-09-15,1600059.0,吉川 尚輝,2.0,二,1,1.0,1.0,4.0,4.0,0.0,0.0,0.0,0.0,0.0,0.0,0.0,,0.0,0.0,0.0,0.0,0.0,0.0,,,,,,,,,,,,,,,,,,,,,,,
2023,2021013451,2023-09-15,1600085.0,細川 成也,0.0,左,4,1.0,1.0,3.0,3.0,0.0,0.0,0.0,0.0,0.0,0.0,0.0,,0.0,1.0,0.0,0.0,0.0,0.0,,,,,,,,,,,,,,,,,,,,,,,
2023,2021013451,2023-09-15,1651302.0,岡田 悠希,38.0,右,1,1.0,0.0,2.0,2.0,0.0,1.0,0.0,0.0,0.0,1.0,0.0,,0.0,0.0,0.0,0.0,0.0,0.0,,,,,,,,,,,,,,,,,,,,,,,
2023,2021013451,2023-09-15,1700044.0,大城 卓三,24.0,捕,1,1.0,1.0,3.0,2.0,1.0,1.0,0.0,0.0,0.0,0.0,0.0,,1.0,0.0,0.0,0.0,0.0,0.0,,,,,,,,,,,,,,,,,,,,,,,
2023,2021013451,2023-09-15,1700045.0,北村 拓己,52.0,三,1,1.0,0.0,1.0,1.0,0.0,0.0,0.0,0.0,0.0,0.0,0.0,,0.0,0.0,0.0,0.0,0.0,0.0,,,,,,,,,,,,,,,,,,,,,,,
2023,2021013451,2023-09-15,1700104.0,清水 達也,50.0,投,4,1.0,0.0,0.0,0.0,0.0,0.0,0.0,0.0,0.0,0.0,0.0,,0.0,0.0,0.0,0.0,0.0,0.0,4.0,1.0,0.0,3.0,3.0,3.09,1.0,1.0,,,0.0,1.0,0.0,0.0,0.0,,1.0,1.0,0.0,,5.0,16.0,
2023,2021013451,2023-09-15,1800028.0,戸郷 翔征,20.0,投,1,1.0,1.0,3.0,2.0,0.0,0.0,0.0,0.0,0.0,0.0,0.0,,1.0,1.0,0.0,0.0,0.0,0.0,1.0,1.0,,11.0,5.0,2.63,8.0,8.0,,,0.0,3.0,0.0,0.0,0.0,,0.0,9.0,0.0,,26.0,94.0,
2023,2021013451,2023-09-15,1800061.0,勝野 昌慶,41.0,投,4,1.0,0.0,0.0,0.0,0.0,0.0,0.0,0.0,0.0,0.0,0.0,,0.0,0.0,0.0,0.0,0.0,0.0,2.0,1.0,0.0,4.0,2.0,2.45,2.0,2.0,,,0.0,1.0,2.0,2.0,1.0,,2.0,2.0,0.0,,9.0,36.0,
2023,2021013451,2023-09-15,1800062.0,石橋 康太,58.0,走捕,4,1.0,0.0,1.0,1.0,0.0,0.0,0.0,0.0,0.0,0.0,0.0,,0.0,1.0,0.0,0.0,0.0,0.0,,,,,,,,,,,,,,,,,,,,,,,
2023,2021013451,2023-09-15,1900037.0,石川 昂弥,25.0,三,4,1.0,1.0,3.0,3.0,0.0,0.0,0.0,0.0,0.0,0.0,0.0,,0.0,0.0,0.0,0.0,0.0,0.0,,,,,,,,,,,,,,,,,,,,,,,
2023,2021013451,2023-09-15,1900041.0,岡林 勇希,60.0,中,4,1.0,1.0,4.0,4.0,0.0,0.0,0.0,0.0,0.0,0.0,0.0,,0.0,1.0,0.0,0.0,0.0,0.0,,,,,,,,,,,,,,,,,,,,,,,
2023,2021013451,2023-09-15,2000005.0,平内 龍太,11.0,投,1,1.0,0.0,0.0,0.0,0.0,0.0,0.0,0.0,0.0,0.0,0.0,,0.0,0.0,0.0,0.0,0.0,0.0,2.0,1.0,0.0,0.0,1.0,4.05,1.0,1.0,,,0.0,0.0,0.0,0.0,0.0,,1.0,1.0,0.0,,4.0,20.0,
2023,2021013451,2023-09-15,2000009.0,秋広 優人,55.0,打一,1,1.0,0.0,1.0,1.0,1.0,1.0,0.0,0.0,0.0,0.0,0.0,,0.0,0.0,0.0,0.0,0.0,0.0,,,,,,,,,,,,,,,,,,,,,,,
2023,2021013451,2023-09-15,2000044.0,龍空,45.0,二,4,1.0,1.0,2.0,2.0,0.0,0.0,0.0,0.0,0.0,0.0,0.0,,0.0,1.0,0.0,0.0,0.0,0.0,,,,,,,,,,,,,,,,,,,,,,,
2023,2021013451,2023-09-15,2103840.0,ブライト 健太,42.0,打左,4,1.0,0.0,1.0,1.0,0.0,0.0,0.0,0.0,0.0,0.0,0.0,,0.0,0.0,0.0,0.0,0.0,0.0,,,,,,,,,,,,,,,,,,,,,,,
2023,2021013451,2023-09-15,2107860.0,仲地 礼亜,31.0,投,4,1.0,1.0,1.0,1.0,0.0,0.0,0.0,0.0,0.0,0.0,0.0,,0.0,1.0,0.0,0.0,0.0,0.0,1.0,1.0,,1.0,5.0,5.68,4.0,4.0,,,0.0,6.0,4.0,4.0,3.0,,1.0,3.0,0.0,,17.0,68.0,
2023,2021013451,2023-09-15,2107874.0,門脇 誠,35.0,遊,1,1.0,1.0,5.0,3.0,0.0,2.0,0.0,0.0,0.0,0.0,0.0,,1.0,0.0,0.0,1.0,0.0,0.0,,,,,,,,,,,,,,,,,,,,,,,
2023,2021013452,2023-09-15,800041.0,松山 竜平,55.0,打,6,1.0,0.0,1.0,1.0,0.0,1.0,0.0,0.0,0.0,1.0,0.0,,0.0,0.0,0.0,0.0,0.0,0.0,,,,,,,,,,,,,,,,,,,,,,,
2023,2021013452,2023-09-15,900430.0,堂林 翔太,7.0,左,6,1.0,1.0,4.0,3.0,0.0,1.0,0.0,0.0,0.0,0.0,0.0,,1.0,0.0,0.0,0.0,0.0,0.0,,,,,,,,,,,,,,,,,,,,,,,
2023,2021013452,2023-09-15,1000098.0,磯村 嘉孝,40.0,打,6,1.0,0.0,1.0,0.0,0.0,0.0,0.0,0.0,0.0,0.0,0.0,,0.0,0.0,0.0,1.0,0.0,0.0,,,,,,,,,,,,,,,,,,,,,,,
2023,2021013452,2023-09-15,1300059.0,田中 広輔,2.0,打,6,1.0,0.0,1.0,1.0,0.0,0.0,0.0,0.0,0.0,0.0,0.0,,0.0,0.0,0.0,0.0,0.0,0.0,,,,,,,,,,,,,,,,,,,,,,,
2023,2021013452,2023-09-15,1300076.0,加治屋 蓮,54.0,投,5,1.0,0.0,0.0,0.0,0.0,0.0,0.0,0.0,0.0,0.0,0.0,,0.0,0.0,0.0,0.0,0.0,0.0,4.0,1.0,0.0,1.0,4.0,2.52,1.0,1.0,,,1.0,2.0,1.0,1.0,0.0,,1.0,0.0,0.0,,6.0,21.0,
2023,2021013452,2023-09-15,1300082.0,曽根 海成,0.0,走右,6,1.0,0.0,0.0,0.0,0.0,0.0,0.0,0.0,0.0,0.0,0.0,,0.0,0.0,0.0,0.0,0.0,0.0,,,,,,,,,,,,,,,,,,,,,,,
2023,2021013452,2023-09-15,1400173.0,野間 峻祥,37.0,中,6,1.0,1.0,2.0,2.0,0.0,2.0,1.0,0.0,0.0,2.0,0.0,,0.0,0.0,0.0,0.0,0.0,0.0,,,,,,,,,,,,,,,,,,,,,,,
2023,2021013452,2023-09-15,1460004.0,デビッドソン,95.0,三一,6,1.0,1.0,4.0,4.0,0.0,0.0,0.0,0.0,0.0,0.0,0.0,,0.0,3.0,0.0,0.0,0.0,1.0,,,,,,,,,,,,,,,,,,,,,,,
2023,2021013452,2023-09-15,1600113.0,大山 悠輔,3.0,一,5,1.0,1.0,5.0,4.0,2.0,3.0,0.0,0.0,0.0,1.0,0.0,,1.0,1.0,0.0,0.0,0.0,0.0,,,,,,,,,,,,,,,,,,,,,,,
2023,2021013452,2023-09-15,1600116.0,浜地 真澄,36.0,投,5,1.0,0.0,0.0,0.0,0.0,0.0,0.0,0.0,0.0,0.0,0.0,,0.0,0.0,0.0,0.0,0.0,0.0,3.0,1.0,0.0,3.0,1.0,5.86,2.0,2.0,,,0.0,4.0,2.0,2.0,0.0,,1.0,2.0,0.0,,11.0,34.0,
2023,2021013452,2023-09-15,1600119.0,長坂 拳弥,57.0,打捕,5,1.0,0.0,2.0,0.0,0.0,0.0,0.0,0.0,0.0,0.0,0.0,,0.0,0.0,0.0,2.0,0.0,0.0,,,,,,,,,,,,,,,,,,,,,,,
2023,2021013452,2023-09-15,1600121.0,矢崎 拓也,41.0,投,6,1.0,0.0,0.0,0.0,0.0,0.0,0.0,0.0,0.0,0.0,0.0,,0.0,0.0,0.0,0.0,0.0,0.0,2.0,1.0,0.0,4.0,2.0,2.72,1.0,1.0,,,24.0,1.0,1.0,1.0,0.0,,1.0,1.0,0.0,,5.0,18.0,
2023,2021013452,2023-09-15,1600123.0,床田 寛樹,28.0,投,6,1.0,1.0,2.0,1.0,0.0,0.0,0.0,0.0,0.0,0.0,0.0,,0.0,0.0,0.0,1.0,0.0,0.0,1.0,1.0,,10.0,6.0,2.21,6.0,6.0,,,0.0,9.0,4.0,4.0,0.0,,2.0,3.0,0.0,,29.0,111.0,
2023,2021013452,2023-09-15,1600124.0,坂倉 将吾,31.0,捕,6,1.0,1.0,4.0,4.0,1.0,1.0,1.0,0.0,0.0,0.0,0.0,,0.0,0.0,0.0,0.0,0.0,0.0,,,,,,,,,,,,,,,,,,,,,,,
2023,2021013452,2023-09-15,1700080.0,島田 海吏,53.0,中,5,1.0,0.0,1.0,1.0,0.0,0.0,0.0,0.0,0.0,0.0,0.0,,0.0,0.0,0.0,0.0,0.0,0.0,,,,,,,,,,,,,,,,,,,,,,,
2023,2021013452,2023-09-15,1800065.0,近本 光司,5.0,中,5,1.0,1.0,4.0,4.0,0.0,0.0,0.0,0.0,0.0,0.0,0.0,,0.0,0.0,0.0,0.0,0.0,0.0,,,,,,,,,,,,,,,,,,,,,,,
2023,2021013452,2023-09-15,1800066.0,小幡 竜平,38.0,遊,5,1.0,1.0,4.0,2.0,0.0,0.0,0.0,0.0,0.0,0.0,0.0,,2.0,0.0,0.0,0.0,0.0,0.0,,,,,,,,,,,,,,,,,,,,,,,
2023,2021013452,2023-09-15,1800072.0,小園 海斗,51.0,遊三,6,1.0,1.0,5.0,5.0,0.0,3.0,0.0,0.0,0.0,2.0,0.0,,0.0,0.0,0.0,0.0,0.0,0.0,,,,,,,,,,,,,,,,,,,,,,,
2023,2021013452,2023-09-15,1800073.0,島内 颯太郎,43.0,投,6,1.0,0.0,0.0,0.0,0.0,0.0,0.0,0.0,0.0,0.0,0.0,,0.0,0.0,0.0,0.0,0.0,0.0,3.0,1.0,0.0,2.0,3.0,2.6,1.0,1.0,,,2.0,0.0,0.0,0.0,0.0,,0.0,2.0,0.0,,4.0,14.0,
2023,2021013452,2023-09-15,1800078.0,羽月 隆太郎,69.0,二,6,1.0,1.0,5.0,3.0,0.0,0.0,0.0,0.0,0.0,0.0,0.0,,1.0,1.0,0.0,1.0,0.0,0.0,,,,,,,,,,,,,,,,,,,,,,,
2023,2021013452,2023-09-15,1800079.0,大盛 穂,59.0,走中,6,1.0,0.0,3.0,3.0,2.0,1.0,0.0,0.0,0.0,0.0,1.0,,0.0,0.0,0.0,0.0,0.0,0.0,,,,,,,,,,,,,,,,,,,,,,,
2023,2021013452,2023-09-15,1850183.0,森下 翔太,1.0,右,5,1.0,1.0,5.0,4.0,1.0,1.0,0.0,0.0,0.0,0.0,0.0,,1.0,0.0,0.0,0.0,0.0,0.0,,,,,,,,,,,,,,,,,,,,,,,
2023,2021013452,2023-09-15,1900046.0,及川 雅貴,37.0,投,5,1.0,1.0,1.0,0.0,0.0,0.0,0.0,0.0,0.0,0.0,0.0,,0.0,0.0,0.0,1.0,0.0,0.0,1.0,1.0,,2.0,1.0,2.35,2.0,2.0,,,0.0,2.0,0.0,0.0,0.0,,0.0,1.0,0.0,,6.0,22.0,
2023,2021013452,2023-09-15,1900050.0,小野寺 暖,60.0,左,5,1.0,1.0,5.0,5.0,0.0,2.0,1.0,0.0,0.0,2.0,0.0,,0.0,1.0,0.0,0.0,0.0,0.0,,,,,,,,,,,,,,,,,,,,,,,
2023,2021013452,2023-09-15,1961166.0,マクブルーム,10.0,一,6,1.0,1.0,4.0,3.0,1.0,3.0,0.0,0.0,0.0,1.0,0.0,,1.0,0.0,0.0,0.0,0.0,0.0,,,,,,,,,,,,,,,,,,,,,,,
2023,2021013452,2023-09-15,1961251.0,ミエセス,55.0,打,5,1.0,0.0,1.0,1.0,0.0,0.0,0.0,0.0,0.0,0.0,0.0,,0.0,1.0,0.0,0.0,0.0,0.0,,,,,,,,,,,,,,,,,,,,,,,
2023,2021013452,2023-09-15,2000051.0,佐藤 輝明,8.0,三,5,1.0,1.0,5.0,5.0,0.0,2.0,0.0,0.0,0.0,2.0,0.0,,0.0,2.0,0.0,0.0,0.0,1.0,,,,,,,,,,,,,,,,,,,,,,,
2023,2021013452,2023-09-15,2000054.0,榮枝 裕貴,39.0,捕,5,1.0,1.0,3.0,3.0,0.0,1.0,0.0,0.0,0.0,0.0,0.0,,0.0,1.0,0.0,0.0,0.0,0.0,,,,,,,,,,,,,,,,,,,,,,,
2023,2021013452,2023-09-15,2000056.0,中野 拓夢,51.0,二,5,1.0,1.0,5.0,5.0,2.0,2.0,0.0,0.0,0.0,0.0,0.0,,0.0,1.0,0.0,0.0,0.0,0.0,,,,,,,,,,,,,,,,,,,,,,,
2023,2021013452,2023-09-15,2000060.0,栗林 良吏,20.0,投,6,1.0,0.0,0.0,0.0,0.0,0.0,0.0,0.0,0.0,0.0,0.0,,0.0,0.0,0.0,0.0,0.0,0.0,4.0,1.0,0.0,3.0,7.0,3.11,1.0,1.0,,,15.0,1.0,0.0,0.0,0.0,,1.0,2.0,0.0,,4.0,17.0,
2023,2021013452,2023-09-15,2000065.0,矢野 雅哉,61.0,走遊,6,1.0,0.0,0.0,0.0,1.0,0.0,0.0,0.0,0.0,0.0,0.0,,0.0,0.0,0.0,0.0,0.0,0.0,,,,,,,,,,,,,,,,,,,,,,,
2023,2021013452,2023-09-15,2103358.0,田村 俊介,60.0,右,6,1.0,1.0,3.0,3.0,1.0,2.0,0.0,0.0,0.0,0.0,0.0,,0.0,0.0,0.0,0.0,0.0,0.0,,,,,,,,,,,,,,,,,,,,,,,
2023,2021013452,2023-09-15,2104016.0,門別 啓人,30.0,投,5,1.0,0.0,1.0,1.0,0.0,0.0,0.0,0.0,0.0,0.0,0.0,,0.0,1.0,0.0,0.0,0.0,0.0,2.0,1.0,0.0,0.0,0.0,9.0,3.0,3.0,,,0.0,6.0,3.0,3.0,0.0,,1.0,1.0,0.0,,16.0,62.0,
2023,2021013453,2023-09-16,600003.0,大和,9.0,打,3,1.0,0.0,1.0,1.0,0.0,0.0,0.0,0.0,0.0,0.0,0.0,,0.0,0.0,0.0,0.0,0.0,0.0,,,,,,,,,,,,,,,,,,,,,,,
2023,2021013453,2023-09-16,900011.0,大田 泰示,0.0,右,3,1.0,1.0,5.0,5.0,2.0,3.0,2.0,0.0,0.0,0.0,0.0,,0.0,2.0,0.0,0.0,0.0,0.0,,,,,,,,,,,,,,,,,,,,,,,
2023,2021013453,2023-09-16,900044.0,中村 悠平,27.0,捕,2,1.0,1.0,3.0,3.0,0.0,1.0,0.0,0.0,0.0,0.0,0.0,,0.0,1.0,0.0,0.0,0.0,0.0,,,,,,,,,,,,,,,,,,,,,,,
2023,2021013453,2023-09-16,1000132.0,山田 哲人,1.0,二,2,1.0,1.0,4.0,4.0,1.0,1.0,0.0,0.0,1.0,1.0,0.0,,0.0,0.0,0.0,0.0,0.0,0.0,,,,,,,,,,,,,,,,,,,,,,,
2023,2021013453,2023-09-16,1100061.0,桑原 将志,1.0,中,3,1.0,1.0,5.0,4.0,1.0,1.0,1.0,0.0,0.0,1.0,0.0,,0.0,0.0,0.0,1.0,0.0,0.0,,,,,,,,,,,,,,,,,,,,,,,
2023,2021013453,2023-09-16,1200053.0,宮崎 敏郎,51.0,三,3,1.0,1.0,4.0,4.0,0.0,2.0,0.0,0.0,0.0,0.0,0.0,,0.0,1.0,0.0,0.0,0.0,0.0,,,,,,,,,,,,,,,,,,,,,,,
2023,2021013453,2023-09-16,1200076.0,小川 泰弘,29.0,投,2,1.0,1.0,2.0,1.0,0.0,0.0,0.0,0.0,0.0,0.0,0.0,,0.0,1.0,0.0,1.0,0.0,0.0,1.0,1.0,,9.0,8.0,3.51,6.0,6.0,,,0.0,7.0,3.0,3.0,0.0,,2.0,6.0,0.0,,27.0,104.0,
2023,2021013453,2023-09-16,1300029.0,田口 麗斗,34.0,投,2,1.0,0.0,0.0,0.0,0.0,0.0,0.0,0.0,0.0,0.0,0.0,,0.0,0.0,0.0,0.0,0.0,0.0,4.0,1.0,0.0,1.0,3.0,1.41,1.0,1.0,,,32.0,0.0,0.0,0.0,0.0,,0.0,1.0,0.0,,3.0,13.0,
2023,2021013453,2023-09-16,1300095.0,西浦 直亨,39.0,遊,3,1.0,0.0,0.0,0.0,0.0,0.0,0.0,0.0,0.0,0.0,0.0,,0.0,0.0,0.0,0.0,0.0,0.0,,,,,,,,,,,,,,,,,,,,,,,
2023,2021013453,2023-09-16,1400109.0,山崎 康晃,19.0,投,3,1.0,0.0,0.0,0.0,0.0,0.0,0.0,0.0,0.0,0.0,0.0,,0.0,0.0,0.0,0.0,0.0,0.0,3.0,1.0,0.0,3.0,7.0,4.37,1.0,1.0,,,20.0,2.0,2.0,2.0,2.0,,0.0,1.0,0.0,,5.0,19.0,
2023,2021013453,2023-09-16,1400110.0,石田 健大,14.0,投,3,1.0,1.0,2.0,2.0,0.0,0.0,0.0,0.0,0.0,0.0,0.0,,0.0,1.0,0.0,0.0,0.0,0.0,1.0,1.0,,4.0,9.0,3.88,4.666666666666667,4.2,,,0.0,6.0,4.0,4.0,2.0,,1.0,4.0,0.0,,19.0,81.0,
2023,2021013453,2023-09-16,1500064.0,戸柱 恭孝,10.0,打,3,1.0,0.0,1.0,1.0,0.0,0.0,0.0,0.0,0.0,0.0,0.0,,0.0,1.0,0.0,0.0,0.0,0.0,,,,,,,,,,,,,,,,,,,,,,,
2023,2021013453,2023-09-16,1600075.0,星 知弥,24.0,投,2,1.0,0.0,0.0,0.0,0.0,0.0,0.0,0.0,0.0,0.0,0.0,,0.0,0.0,0.0,0.0,0.0,0.0,3.0,1.0,0.0,2.0,2.0,3.41,1.0,1.0,,,0.0,1.0,0.0,0.0,0.0,,0.0,3.0,0.0,,4.0,26.0,
2023,2021013453,2023-09-16,1600089.0,佐野 恵太,7.0,左,3,1.0,1.0,4.0,4.0,0.0,1.0,0.0,0.0,0.0,1.0,0.0,,0.0,0.0,0.0,0.0,0.0,0.0,,,,,,,,,,,,,,,,,,,,,,,
2023,2021013453,2023-09-16,1650522.0,丸山 和郁,4.0,右,2,1.0,0.0,0.0,0.0,0.0,0.0,0.0,0.0,0.0,0.0,0.0,,0.0,0.0,0.0,0.0,0.0,0.0,,,,,,,,,,,,,,,,,,,,,,,
2023,2021013453,2023-09-16,1700020.0,ソト,99.0,一,3,1.0,1.0,4.0,3.0,0.0,0.0,0.0,0.0,0.0,0.0,0.0,,1.0,3.0,0.0,0.0,0.0,0.0,,,,,,,,,,,,,,,,,,,,,,,
2023,2021013453,2023-09-16,1700065.0,楠本 泰史,37.0,打,3,1.0,0.0,1.0,1.0,0.0,0.0,0.0,0.0,0.0,0.0,0.0,,0.0,1.0,0.0,0.0,0.0,0.0,,,,,,,,,,,,,,,,,,,,,,,
2023,2021013453,2023-09-16,1700066.0,山本 祐大,50.0,捕,3,1.0,1.0,4.0,4.0,0.0,1.0,0.0,0.0,0.0,0.0,0.0,,0.0,1.0,0.0,0.0,0.0,0.0,,,,,,,,,,,,,,,,,,,,,,,
2023,2021013453,2023-09-16,1700067.0,中川 虎大,64.0,投,3,1.0,0.0,0.0,0.0,0.0,0.0,0.0,0.0,0.0,0.0,0.0,,0.0,0.0,0.0,0.0,0.0,0.0,4.0,1.0,0.0,0.0,1.0,2.61,2.0,2.0,,,0.0,0.0,0.0,0.0,0.0,,0.0,4.0,0.0,,6.0,32.0,
2023,2021013453,2023-09-16,1700084.0,村上 宗隆,55.0,三,2,1.0,1.0,4.0,4.0,1.0,1.0,0.0,0.0,1.0,1.0,0.0,,0.0,2.0,0.0,0.0,0.0,0.0,,,,,,,,,,,,,,,,,,,,,,,
2023,2021013453,2023-09-16,1700087.0,塩見 泰隆,9.0,中,2,1.0,1.0,4.0,4.0,1.0,2.0,1.0,0.0,0.0,1.0,0.0,,0.0,1.0,0.0,0.0,0.0,0.0,,,,,,,,,,,,,,,,,,,,,,,
2023,2021013453,2023-09-16,1700089.0,宮本 丈,39.0,打,2,1.0,0.0,1.0,1.0,0.0,0.0,0.0,0.0,0.0,0.0,0.0,,0.0,1.0,0.0,0.0,0.0,0.0,,,,,,,,,,,,,,,,,,,,,,,
2023,2021013453,2023-09-16,1800033.0,清水 昇,17.0,投,2,1.0,0.0,0.0,0.0,0.0,0.0,0.0,0.0,0.0,0.0,0.0,,0.0,0.0,0.0,0.0,0.0,0.0,2.0,1.0,0.0,1.0,7.0,2.91,1.0,1.0,,,0.0,1.0,0.0,0.0,0.0,,0.0,0.0,0.0,,4.0,11.0,
2023,2021013453,2023-09-16,1800036.0,濱田 太貴,51.0,左,2,1.0,1.0,3.0,3.0,0.0,1.0,0.0,0.0,0.0,0.0,0.0,,0.0,1.0,0.0,0.0,0.0,0.0,,,,,,,,,,,,,,,,,,,,,,,
2023,2021013453,2023-09-16,1800043.0,上茶谷 大河,27.0,投,3,1.0,0.0,0.0,0.0,0.0,0.0,0.0,0.0,0.0,0.0,0.0,,0.0,0.0,0.0,0.0,0.0,0.0,2.0,1.0,0.0,4.0,3.0,1.86,0.3333333333333333,0.1,,,0.0,0.0,0.0,0.0,0.0,,0.0,0.0,0.0,,1.0,1.0,
2023,2021013453,2023-09-16,1800048.0,知野 直人,60.0,遊,3,1.0,1.0,3.0,2.0,0.0,0.0,0.0,0.0,0.0,0.0,0.0,,1.0,0.0,0.0,0.0,0.0,0.0,,,,,,,,,,,,,,,,,,,,,,,
2023,2021013453,2023-09-16,1900028.0,長岡 秀樹,7.0,遊,2,1.0,1.0,3.0,2.0,1.0,0.0,0.0,0.0,0.0,0.0,0.0,,1.0,0.0,0.0,0.0,0.0,0.0,,,,,,,,,,,,,,,,,,,,,,,
2023,2021013453,2023-09-16,1900029.0,武岡 龍世,60.0,二,2,1.0,0.0,0.0,0.0,0.0,0.0,0.0,0.0,0.0,0.0,0.0,,0.0,0.0,0.0,0.0,0.0,0.0,,,,,,,,,,,,,,,,,,,,,,,
2023,2021013453,2023-09-16,2000026.0,内山 壮真,33.0,打左,2,1.0,0.0,1.0,1.0,0.0,0.0,0.0,0.0,0.0,0.0,0.0,,0.0,1.0,0.0,0.0,0.0,0.0,,,,,,,,,,,,,,,,,,,,,,,
2023,2021013453,2023-09-16,2000035.0,牧 秀悟,2.0,二,3,1.0,1.0,4.0,4.0,0.0,1.0,0.0,0.0,0.0,1.0,0.0,,0.0,0.0,0.0,0.0,0.0,0.0,,,,,,,,,,,,,,,,,,,,,,,
2023,2021013453,2023-09-16,2000133.0,オスナ,13.0,一,2,1.0,1.0,3.0,3.0,1.0,1.0,0.0,0.0,1.0,1.0,0.0,,0.0,1.0,0.0,0.0,0.0,0.0,,,,,,,,,,,,,,,,,,,,,,,
2023,2021013453,2023-09-16,2000135.0,サンタナ,25.0,右,2,1.0,1.0,3.0,3.0,1.0,1.0,0.0,0.0,1.0,1.0,0.0,,0.0,0.0,0.0,0.0,0.0,0.0,,,,,,,,,,,,,,,,,,,,,,,
2023,2021013454,2023-09-16,700003.0,坂本 勇人,6.0,三,1,1.0,1.0,3.0,3.0,0.0,1.0,0.0,0.0,0.0,0.0,0.0,,0.0,1.0,0.0,0.0,0.0,0.0,,,,,,,,,,,,,,,,,,,,,,,
2023,2021013454,2023-09-16,700027.0,梶谷 隆幸,13.0,中左,1,1.0,1.0,4.0,4.0,0.0,0.0,0.0,0.0,0.0,0.0,0.0,,0.0,1.0,0.0,0.0,0.0,0.0,,,,,,,,,,,,,,,,,,,,,,,
2023,2021013454,2023-09-16,800043.0,丸 佳浩,8.0,打中,1,1.0,0.0,2.0,1.0,0.0,0.0,0.0,0.0,0.0,0.0,0.0,,1.0,1.0,0.0,0.0,0.0,0.0,,,,,,,,,,,,,,,,,,,,,,,
2023,2021013454,2023-09-16,800054.0,中田 翔,10.0,一,1,1.0,1.0,3.0,2.0,0.0,0.0,0.0,0.0,0.0,0.0,0.0,,1.0,1.0,0.0,0.0,0.0,0.0,,,,,,,,,,,,,,,,,,,,,,,
2023,2021013454,2023-09-16,900397.0,長野 久義,7.0,右,1,1.0,1.0,4.0,4.0,0.0,0.0,0.0,0.0,0.0,0.0,0.0,,0.0,3.0,0.0,0.0,0.0,0.0,,,,,,,,,,,,,,,,,,,,,,,
2023,2021013454,2023-09-16,900410.0,大島 洋平,8.0,打,4,1.0,0.0,1.0,1.0,0.0,0.0,0.0,0.0,0.0,0.0,0.0,,0.0,0.0,0.0,0.0,0.0,0.0,,,,,,,,,,,,,,,,,,,,,,,
2023,2021013454,2023-09-16,1000108.0,後藤 駿太,53.0,左,4,1.0,0.0,0.0,0.0,0.0,0.0,0.0,0.0,0.0,0.0,0.0,,0.0,0.0,0.0,0.0,0.0,0.0,,,,,,,,,,,,,,,,,,,,,,,
2023,2021013454,2023-09-16,1100069.0,高橋 周平,3.0,三,4,1.0,0.0,0.0,0.0,0.0,0.0,0.0,0.0,0.0,0.0,0.0,,0.0,0.0,0.0,0.0,0.0,0.0,,,,,,,,,,,,,,,,,,,,,,,
2023,2021013454,2023-09-16,1200041.0,菅野 智之,18.0,投,1,1.0,1.0,2.0,1.0,0.0,0.0,0.0,0.0,0.0,0.0,0.0,,0.0,0.0,0.0,1.0,0.0,0.0,1.0,1.0,,4.0,7.0,3.14,6.0,6.0,,,0.0,4.0,1.0,1.0,1.0,,1.0,6.0,0.0,,22.0,76.0,
2023,2021013454,2023-09-16,1400101.0,岡本 和真,25.0,左一,1,1.0,1.0,4.0,4.0,0.0,1.0,1.0,0.0,0.0,0.0,0.0,,0.0,2.0,0.0,0.0,0.0,0.0,,,,,,,,,,,,,,,,,,,,,,,
2023,2021013454,2023-09-16,1450689.0,船迫 大雅,58.0,投,1,1.0,0.0,0.0,0.0,0.0,0.0,0.0,0.0,0.0,0.0,0.0,,0.0,0.0,0.0,0.0,0.0,0.0,2.0,1.0,0.0,2.0,1.0,2.49,1.0,1.0,,,0.0,0.0,0.0,0.0,0.0,,0.0,0.0,0.0,,3.0,14.0,
2023,2021013454,2023-09-16,1500054.0,増田 大輝,0.0,走三,1,1.0,0.0,0.0,0.0,0.0,0.0,0.0,0.0,0.0,0.0,0.0,,0.0,0.0,0.0,0.0,0.0,0.0,,,,,,,,,,,,,,,,,,,,,,,
2023,2021013454,2023-09-16,1500076.0,木下 拓哉,35.0,捕,4,1.0,1.0,3.0,2.0,0.0,0.0,0.0,0.0,0.0,0.0,0.0,,1.0,0.0,0.0,0.0,0.0,0.0,,,,,,,,,,,,,,,,,,,,,,,
2023,2021013454,2023-09-16,1560639.0,カリステ,99.0,遊,4,1.0,1.0,3.0,3.0,0.0,1.0,0.0,0.0,0.0,0.0,0.0,,0.0,0.0,0.0,0.0,0.0,0.0,,,,,,,,,,,,,,,,,,,,,,,
2023,2021013454,2023-09-16,1561778.0,バルドナード,49.0,投,1,1.0,0.0,0.0,0.0,0.0,0.0,0.0,0.0,0.0,0.0,0.0,,0.0,0.0,0.0,0.0,0.0,0.0,3.0,1.0,0.0,2.0,1.0,2.08,1.0,1.0,,,0.0,0.0,0.0,0.0,0.0,,0.0,1.0,0.0,,3.0,11.0,
2023,2021013454,2023-09-16,1600021.0,ビシエド,66.0,一,4,1.0,1.0,3.0,3.0,0.0,1.0,0.0,0.0,0.0,0.0,0.0,,0.0,0.0,0.0,0.0,0.0,0.0,,,,,,,,,,,,,,,,,,,,,,,
2023,2021013454,2023-09-16,1600059.0,吉川 尚輝,2.0,二,1,1.0,1.0,4.0,4.0,0.0,1.0,0.0,0.0,0.0,0.0,1.0,,0.0,1.0,0.0,0.0,0.0,0.0,,,,,,,,,,,,,,,,,,,,,,,
2023,2021013454,2023-09-16,1600085.0,細川 成也,0.0,右,4,1.0,1.0,3.0,3.0,0.0,0.0,0.0,0.0,0.0,0.0,0.0,,0.0,1.0,0.0,0.0,0.0,0.0,,,,,,,,,,,,,,,,,,,,,,,
2023,2021013454,2023-09-16,1600110.0,藤嶋 健人,54.0,投,4,1.0,0.0,0.0,0.0,0.0,0.0,0.0,0.0,0.0,0.0,0.0,,0.0,0.0,0.0,0.0,0.0,0.0,5.0,1.0,0.0,1.0,1.0,1.21,0.3333333333333333,0.1,,,1.0,0.0,0.0,0.0,0.0,,0.0,1.0,0.0,,1.0,5.0,
2023,2021013454,2023-09-16,1651302.0,岡田 悠希,38.0,走右,1,1.0,0.0,1.0,1.0,0.0,0.0,0.0,0.0,0.0,0.0,0.0,,0.0,0.0,0.0,0.0,0.0,0.0,,,,,,,,,,,,,,,,,,,,,,,
2023,2021013454,2023-09-16,1660045.0,フェリス,93.0,投,4,1.0,0.0,0.0,0.0,0.0,0.0,0.0,0.0,0.0,0.0,0.0,,0.0,0.0,0.0,0.0,0.0,0.0,2.0,1.0,0.0,1.0,0.0,0.0,1.0,1.0,,,0.0,1.0,0.0,0.0,0.0,,2.0,0.0,0.0,,6.0,21.0,
2023,2021013454,2023-09-16,1700010.0,マルティネス,92.0,投,4,1.0,0.0,0.0,0.0,0.0,0.0,0.0,0.0,0.0,0.0,0.0,,0.0,0.0,0.0,0.0,0.0,0.0,4.0,1.0,0.0,3.0,1.0,0.39,0.6666666666666666,0.2,,,32.0,0.0,0.0,0.0,0.0,,0.0,1.0,0.0,,2.0,10.0,
2023,2021013454,2023-09-16,1700043.0,岸田 行倫,27.0,捕,1,1.0,0.0,0.0,0.0,0.0,0.0,0.0,0.0,0.0,0.0,0.0,,0.0,0.0,0.0,0.0,0.0,0.0,,,,,,,,,,,,,,,,,,,,,,,
2023,2021013454,2023-09-16,1700044.0,大城 卓三,24.0,捕,1,1.0,1.0,4.0,2.0,0.0,0.0,0.0,0.0,0.0,0.0,0.0,,1.0,2.0,0.0,1.0,0.0,0.0,,,,,,,,,,,,,,,,,,,,,,,
2023,2021013454,2023-09-16,1900037.0,石川 昂弥,25.0,三,4,1.0,1.0,3.0,3.0,0.0,0.0,0.0,0.0,0.0,0.0,0.0,,0.0,1.0,0.0,0.0,0.0,0.0,,,,,,,,,,,,,,,,,,,,,,,
2023,2021013454,2023-09-16,1900041.0,岡林 勇希,60.0,中,4,1.0,1.0,4.0,4.0,1.0,1.0,0.0,0.0,1.0,1.0,0.0,,0.0,3.0,0.0,0.0,0.0,0.0,,,,,,,,,,,,,,,,,,,,,,,
2023,2021013454,2023-09-16,2000007.0,中山 礼都,40.0,打三,1,1.0,0.0,1.0,0.0,0.0,0.0,0.0,0.0,0.0,0.0,0.0,,1.0,0.0,0.0,0.0,0.0,0.0,,,,,,,,,,,,,,,,,,,,,,,
2023,2021013454,2023-09-16,2000042.0,高橋 宏斗,19.0,投,4,1.0,1.0,2.0,1.0,0.0,0.0,0.0,0.0,0.0,0.0,0.0,,0.0,1.0,0.0,1.0,0.0,0.0,1.0,1.0,,6.0,10.0,2.4,6.0,6.0,,,0.0,2.0,0.0,0.0,0.0,,2.0,9.0,0.0,,22.0,100.0,
2023,2021013454,2023-09-16,2000044.0,龍空,45.0,二,4,1.0,1.0,3.0,3.0,0.0,1.0,0.0,0.0,0.0,0.0,0.0,,0.0,0.0,0.0,0.0,0.0,0.0,,,,,,,,,,,,,,,,,,,,,,,
2023,2021013454,2023-09-16,2103840.0,ブライト 健太,42.0,左,4,1.0,1.0,3.0,3.0,0.0,0.0,0.0,0.0,0.0,0.0,0.0,,0.0,1.0,0.0,0.0,0.0,0.0,,,,,,,,,,,,,,,,,,,,,,,
2023,2021013454,2023-09-16,2107869.0,松山 晋也,90.0,投,4,1.0,0.0,0.0,0.0,0.0,0.0,0.0,0.0,0.0,0.0,0.0,,0.0,0.0,0.0,0.0,0.0,0.0,3.0,1.0,0.0,0.0,0.0,0.94,1.0,1.0,,,0.0,1.0,0.0,0.0,0.0,,1.0,2.0,0.0,,5.0,21.0,
2023,2021013454,2023-09-16,2107874.0,門脇 誠,35.0,遊,1,1.0,1.0,4.0,3.0,0.0,1.0,0.0,0.0,0.0,0.0,0.0,,1.0,1.0,0.0,0.0,0.0,0.0,,,,,,,,,,,,,,,,,,,,,,,
2023,2021013455,2023-09-16,1000128.0,柳田 悠岐,9.0,指,12,1.0,1.0,4.0,4.0,0.0,0.0,0.0,0.0,0.0,0.0,0.0,,0.0,0.0,0.0,0.0,0.0,0.0,,,,,,,,,,,,,,,,,,,,,,,
2023,2021013455,2023-09-16,1000176.0,甲斐 拓也,19.0,捕,12,1.0,0.0,0.0,0.0,0.0,0.0,0.0,0.0,0.0,0.0,0.0,,0.0,0.0,0.0,0.0,0.0,0.0,,,,,,,,,,,,,,,,,,,,,,,
2023,2021013455,2023-09-16,1100095.0,松本 剛,7.0,左,8,1.0,1.0,4.0,3.0,0.0,2.0,0.0,0.0,0.0,0.0,0.0,,1.0,1.0,0.0,0.0,0.0,0.0,,,,,,,,,,,,,,,,,,,,,,,
2023,2021013455,2023-09-16,1100097.0,近藤 健介,3.0,左,12,1.0,1.0,4.0,4.0,0.0,0.0,0.0,0.0,0.0,0.0,0.0,,0.0,1.0,0.0,0.0,0.0,0.0,,,,,,,,,,,,,,,,,,,,,,,
2023,2021013455,2023-09-16,1200100.0,伏見 寅威,23.0,捕,8,1.0,1.0,4.0,4.0,0.0,1.0,0.0,0.0,0.0,0.0,0.0,,0.0,0.0,0.0,0.0,0.0,0.0,,,,,,,,,,,,,,,,,,,,,,,
2023,2021013455,2023-09-16,1251037.0,上川畑 大悟,4.0,二,8,1.0,0.0,0.0,0.0,0.0,0.0,0.0,0.0,0.0,0.0,0.0,,0.0,0.0,0.0,0.0,0.0,0.0,,,,,,,,,,,,,,,,,,,,,,,
2023,2021013455,2023-09-16,1300080.0,石川 柊太,29.0,,12,,,,,,,,,,,,,,,,,,,1.0,1.0,,4.0,7.0,3.78,6.0,6.0,,,0.0,5.0,1.0,1.0,1.0,,2.0,6.0,1.0,,25.0,100.0,
2023,2021013455,2023-09-16,1300093.0,嶺井 博希,12.0,捕,12,1.0,1.0,3.0,3.0,1.0,1.0,1.0,0.0,0.0,0.0,0.0,,0.0,0.0,0.0,0.0,0.0,0.0,,,,,,,,,,,,,,,,,,,,,,,
2023,2021013455,2023-09-16,1400126.0,松本 裕樹,66.0,,12,,,,,,,,,,,,,,,,,,,2.0,1.0,0.0,2.0,2.0,2.85,1.0,1.0,,,0.0,0.0,0.0,0.0,0.0,,0.0,0.0,0.0,,3.0,8.0,
2023,2021013455,2023-09-16,1400170.0,江越 大賀,37.0,走,8,1.0,0.0,0.0,0.0,0.0,0.0,0.0,0.0,0.0,0.0,1.0,,0.0,0.0,0.0,0.0,0.0,0.0,,,,,,,,,,,,,,,,,,,,,,,
2023,2021013455,2023-09-16,1400176.0,藤井 皓哉,48.0,,12,,,,,,,,,,,,,,,,,,,3.0,1.0,0.0,5.0,3.0,2.32,1.0,1.0,,,0.0,0.0,0.0,0.0,0.0,,2.0,3.0,1.0,,6.0,25.0,
2023,2021013455,2023-09-16,1500110.0,加藤 貴之,14.0,,8,,,,,,,,,,,,,,,,,,,1.0,1.0,,7.0,9.0,2.97,7.0,7.0,,,0.0,5.0,1.0,1.0,0.0,,0.0,8.0,0.0,,26.0,99.0,
2023,2021013455,2023-09-16,1500143.0,川瀬 晃,0.0,遊,12,1.0,1.0,3.0,3.0,0.0,2.0,1.0,0.0,0.0,1.0,0.0,,0.0,0.0,0.0,0.0,0.0,0.0,,,,,,,,,,,,,,,,,,,,,,,
2023,2021013455,2023-09-16,1560184.0,オスナ,54.0,,12,,,,,,,,,,,,,,,,,,,4.0,1.0,0.0,3.0,2.0,1.05,0.3333333333333333,0.1,,,21.0,2.0,2.0,2.0,1.0,,0.0,0.0,0.0,,3.0,9.0,
2023,2021013455,2023-09-16,1600093.0,池田 隆英,52.0,,8,,,,,,,,,,,,,,,,,,,2.0,1.0,0.0,1.0,4.0,2.87,1.0,1.0,,,0.0,0.0,0.0,0.0,0.0,,0.0,1.0,0.0,,3.0,10.0,
2023,2021013455,2023-09-16,1700025.0,清宮 幸太郎,21.0,三,8,1.0,1.0,4.0,3.0,0.0,1.0,0.0,0.0,0.0,0.0,0.0,,1.0,1.0,0.0,0.0,0.0,0.0,,,,,,,,,,,,,,,,,,,,,,,
2023,2021013455,2023-09-16,1700131.0,増田 珠,33.0,右,12,1.0,1.0,2.0,2.0,0.0,0.0,0.0,0.0,0.0,0.0,0.0,,0.0,2.0,0.0,0.0,0.0,0.0,,,,,,,,,,,,,,,,,,,,,,,
2023,2021013455,2023-09-16,1700135.0,周東 佑京,23.0,三中,12,1.0,1.0,4.0,4.0,0.0,2.0,0.0,0.0,0.0,0.0,1.0,,0.0,0.0,0.0,0.0,0.0,0.0,,,,,,,,,,,,,,,,,,,,,,,
2023,2021013455,2023-09-16,1700136.0,リチャード,52.0,打三,12,1.0,0.0,2.0,2.0,0.0,0.0,0.0,0.0,0.0,0.0,0.0,,0.0,1.0,0.0,0.0,0.0,0.0,,,,,,,,,,,,,,,,,,,,,,,
2023,2021013455,2023-09-16,1800008.0,マルティネス,2.0,指,8,1.0,1.0,4.0,3.0,0.0,0.0,0.0,0.0,0.0,0.0,0.0,,0.0,2.0,1.0,0.0,0.0,0.0,,,,,,,,,,,,,,,,,,,,,,,
2023,2021013455,2023-09-16,1800093.0,万波 中正,66.0,右,8,1.0,1.0,5.0,5.0,2.0,2.0,0.0,0.0,2.0,3.0,0.0,,0.0,0.0,0.0,0.0,0.0,0.0,,,,,,,,,,,,,,,,,,,,,,,
2023,2021013455,2023-09-16,1850932.0,奈良間 大己,58.0,遊,8,1.0,1.0,4.0,4.0,0.0,0.0,0.0,0.0,0.0,0.0,0.0,,0.0,3.0,0.0,0.0,0.0,0.0,,,,,,,,,,,,,,,,,,,,,,,
2023,2021013455,2023-09-16,1900040.0,郡司 裕也,30.0,一,8,1.0,1.0,4.0,2.0,0.0,0.0,0.0,0.0,0.0,0.0,0.0,,2.0,0.0,0.0,0.0,0.0,0.0,,,,,,,,,,,,,,,,,,,,,,,
2023,2021013455,2023-09-16,1900070.0,河野 竜生,28.0,,8,,,,,,,,,,,,,,,,,,,3.0,1.0,0.0,1.0,3.0,1.54,1.0,1.0,,,0.0,0.0,0.0,0.0,0.0,,0.0,1.0,0.0,,3.0,15.0,
2023,2021013455,2023-09-16,1900104.0,柳町 達,32.0,中右,12,1.0,1.0,4.0,4.0,0.0,0.0,0.0,0.0,0.0,0.0,0.0,,0.0,2.0,0.0,0.0,0.0,0.0,,,,,,,,,,,,,,,,,,,,,,,
2023,2021013455,2023-09-16,1961860.0,加藤 豪将,3.0,二,8,1.0,1.0,4.0,3.0,0.0,0.0,0.0,0.0,0.0,0.0,0.0,,0.0,2.0,1.0,0.0,0.0,0.0,,,,,,,,,,,,,,,,,,,,,,,
2023,2021013455,2023-09-16,2000080.0,五十幡 亮汰,50.0,中,8,1.0,1.0,4.0,4.0,0.0,1.0,0.0,0.0,0.0,0.0,0.0,,0.0,0.0,0.0,0.0,0.0,0.0,,,,,,,,,,,,,,,,,,,,,,,
2023,2021013455,2023-09-16,2000082.0,細川 凌平,56.0,走,8,1.0,0.0,0.0,0.0,1.0,0.0,0.0,0.0,0.0,0.0,0.0,,0.0,0.0,0.0,0.0,0.0,0.0,,,,,,,,,,,,,,,,,,,,,,,
2023,2021013455,2023-09-16,2000108.0,井上 朋也,43.0,一,12,1.0,1.0,3.0,3.0,0.0,0.0,0.0,0.0,0.0,0.0,0.0,,0.0,1.0,0.0,0.0,0.0,0.0,,,,,,,,,,,,,,,,,,,,,,,
2023,2021013455,2023-09-16,2104035.0,野村 勇,99.0,二,12,1.0,1.0,3.0,3.0,0.0,0.0,0.0,0.0,0.0,0.0,0.0,,0.0,3.0,0.0,0.0,0.0,0.0,,,,,,,,,,,,,,,,,,,,,,,
2023,2021013456,2023-09-16,12101.0,中村 剛也,60.0,指,7,1.0,1.0,4.0,4.0,0.0,2.0,0.0,0.0,0.0,0.0,0.0,,0.0,0.0,0.0,0.0,0.0,0.0,,,,,,,,,,,,,,,,,,,,,,,
2023,2021013456,2023-09-16,700087.0,角中 勝也,3.0,左,9,1.0,1.0,3.0,3.0,0.0,2.0,0.0,0.0,0.0,0.0,0.0,,0.0,0.0,0.0,0.0,0.0,0.0,,,,,,,,,,,,,,,,,,,,,,,
2023,2021013456,2023-09-16,1000014.0,荻野 貴司,0.0,右,9,1.0,1.0,4.0,3.0,1.0,0.0,0.0,0.0,0.0,0.0,0.0,,1.0,0.0,0.0,0.0,0.0,0.0,,,,,,,,,,,,,,,,,,,,,,,
2023,2021013456,2023-09-16,1000083.0,澤村 拓一,54.0,,9,,,,,,,,,,,,,,,,,,,3.0,1.0,0.0,4.0,3.0,5.23,1.0,1.0,,,2.0,1.0,1.0,1.0,1.0,,0.0,3.0,0.0,,4.0,12.0,
2023,2021013456,2023-09-16,1000155.0,美馬 学,15.0,,9,,,,,,,,,,,,,,,,,,,1.0,1.0,,3.0,8.0,4.55,5.0,5.0,,,0.0,3.0,0.0,0.0,0.0,,2.0,6.0,0.0,,20.0,84.0,
2023,2021013456,2023-09-16,1200096.0,田村 龍弘,27.0,捕,9,1.0,1.0,4.0,4.0,0.0,0.0,0.0,0.0,0.0,0.0,0.0,,0.0,1.0,0.0,0.0,0.0,0.0,,,,,,,,,,,,,,,,,,,,,,,
2023,2021013456,2023-09-16,1300044.0,岡 大海,25.0,中左,9,1.0,1.0,4.0,3.0,1.0,1.0,0.0,1.0,0.0,1.0,0.0,,0.0,1.0,1.0,0.0,0.0,0.0,,,,,,,,,,,,,,,,,,,,,,,
2023,2021013456,2023-09-16,1400184.0,外崎 修汰,5.0,二,7,1.0,1.0,4.0,4.0,0.0,0.0,0.0,0.0,0.0,0.0,0.0,,0.0,3.0,0.0,0.0,0.0,0.0,,,,,,,,,,,,,,,,,,,,,,,
2023,2021013456,2023-09-16,1400188.0,中村 奨吾,8.0,二,9,1.0,1.0,4.0,4.0,1.0,1.0,1.0,0.0,0.0,1.0,0.0,,0.0,1.0,0.0,0.0,0.0,0.0,,,,,,,,,,,,,,,,,,,,,,,
2023,2021013456,2023-09-16,1400190.0,岩下 大輝,46.0,,9,,,,,,,,,,,,,,,,,,,5.0,1.0,0.0,1.0,0.0,2.3,1.0,1.0,,,0.0,0.0,0.0,0.0,0.0,,1.0,2.0,0.0,,4.0,21.0,
2023,2021013456,2023-09-16,1460080.0,ポランコ,22.0,指,9,1.0,1.0,4.0,4.0,1.0,1.0,0.0,0.0,1.0,2.0,0.0,,0.0,0.0,0.0,0.0,0.0,0.0,,,,,,,,,,,,,,,,,,,,,,,
2023,2021013456,2023-09-16,1500102.0,愛斗,53.0,中,7,1.0,1.0,4.0,3.0,1.0,2.0,0.0,0.0,1.0,1.0,0.0,,1.0,0.0,0.0,0.0,0.0,0.0,,,,,,,,,,,,,,,,,,,,,,,
2023,2021013456,2023-09-16,1500112.0,平沼 翔太,31.0,打,7,1.0,0.0,1.0,1.0,0.0,0.0,0.0,0.0,0.0,0.0,0.0,,0.0,1.0,0.0,0.0,0.0,0.0,,,,,,,,,,,,,,,,,,,,,,,
2023,2021013456,2023-09-16,1600129.0,源田 壮亮,6.0,遊,7,1.0,1.0,5.0,4.0,0.0,1.0,0.0,0.0,0.0,0.0,0.0,,1.0,1.0,0.0,0.0,0.0,1.0,,,,,,,,,,,,,,,,,,,,,,,
2023,2021013456,2023-09-16,1660014.0,ペルドモ,55.0,,9,,,,,,,,,,,,,,,,,,,4.0,1.0,0.0,1.0,3.0,2.08,1.0,1.0,,,1.0,1.0,0.0,0.0,0.0,,0.0,2.0,0.0,,4.0,18.0,
2023,2021013456,2023-09-16,1660539.0,ボー・タカハシ,42.0,,7,,,,,,,,,,,,,,,,,,,4.0,1.0,0.0,0.0,0.0,2.91,1.0,1.0,,,0.0,0.0,0.0,0.0,0.0,,0.0,1.0,0.0,,3.0,12.0,
2023,2021013456,2023-09-16,1700093.0,藤岡 裕大,4.0,遊,9,1.0,1.0,4.0,4.0,0.0,0.0,0.0,0.0,0.0,0.0,0.0,,0.0,3.0,0.0,0.0,0.0,0.0,,,,,,,,,,,,,,,,,,,,,,,
2023,2021013456,2023-09-16,1700124.0,平良 海馬,61.0,,7,,,,,,,,,,,,,,,,,,,1.0,1.0,,10.0,7.0,2.3,6.0,6.0,,,0.0,6.0,5.0,4.0,1.0,,1.0,6.0,1.0,,27.0,100.0,
2023,2021013456,2023-09-16,1800050.0,藤原 恭大,1.0,中,9,1.0,0.0,1.0,1.0,0.0,0.0,0.0,0.0,0.0,0.0,0.0,,0.0,0.0,0.0,0.0,0.0,0.0,,,,,,,,,,,,,,,,,,,,,,,
2023,2021013456,2023-09-16,1800053.0,山口 航輝,51.0,一,9,1.0,1.0,4.0,4.0,0.0,0.0,0.0,0.0,0.0,0.0,0.0,,0.0,2.0,0.0,0.0,0.0,0.0,,,,,,,,,,,,,,,,,,,,,,,
2023,2021013456,2023-09-16,1800086.0,佐藤 龍世,58.0,三,7,1.0,1.0,4.0,2.0,0.0,0.0,0.0,0.0,0.0,0.0,0.0,,2.0,1.0,0.0,0.0,0.0,0.0,,,,,,,,,,,,,,,,,,,,,,,
2023,2021013456,2023-09-16,1850820.0,蛭間 拓哉,9.0,右,7,1.0,1.0,4.0,3.0,0.0,0.0,0.0,0.0,0.0,0.0,0.0,,1.0,0.0,0.0,0.0,0.0,0.0,,,,,,,,,,,,,,,,,,,,,,,
2023,2021013456,2023-09-16,1861064.0,ブロッソー,72.0,三,9,1.0,1.0,4.0,4.0,1.0,1.0,0.0,0.0,0.0,0.0,0.0,,0.0,1.0,0.0,0.0,0.0,0.0,,,,,,,,,,,,,,,,,,,,,,,
2023,2021013456,2023-09-16,1900065.0,柘植 世那,37.0,捕,7,1.0,1.0,2.0,2.0,0.0,0.0,0.0,0.0,0.0,0.0,0.0,,0.0,2.0,0.0,0.0,0.0,0.0,,,,,,,,,,,,,,,,,,,,,,,
2023,2021013456,2023-09-16,1900083.0,横山 陸人,60.0,,9,,,,,,,,,,,,,,,,,,,2.0,1.0,0.0,1.0,1.0,3.58,1.0,1.0,,,1.0,1.0,0.0,0.0,0.0,,2.0,1.0,0.0,,5.0,26.0,
2023,2021013456,2023-09-16,1961286.0,ペイトン,10.0,左,7,1.0,1.0,4.0,4.0,0.0,1.0,0.0,0.0,0.0,0.0,0.0,,0.0,3.0,0.0,0.0,0.0,0.0,,,,,,,,,,,,,,,,,,,,,,,
2023,2021013456,2023-09-16,2000067.0,渡部 健人,8.0,打,7,1.0,0.0,1.0,1.0,0.0,0.0,0.0,0.0,0.0,0.0,0.0,,0.0,1.0,0.0,0.0,0.0,0.0,,,,,,,,,,,,,,,,,,,,,,,
2023,2021013456,2023-09-16,2103714.0,佐藤 隼輔,19.0,,7,,,,,,,,,,,,,,,,,,,3.0,1.0,0.0,1.0,2.0,2.83,1.0,1.0,,,0.0,0.0,0.0,0.0,0.0,,0.0,0.0,0.0,,3.0,13.0,
2023,2021013456,2023-09-16,2103949.0,古市 尊,65.0,捕,7,1.0,0.0,0.0,0.0,0.0,0.0,0.0,0.0,0.0,0.0,0.0,,0.0,0.0,0.0,0.0,0.0,0.0,,,,,,,,,,,,,,,,,,,,,,,
2023,2021013456,2023-09-16,2106286.0,青山 美夏人,29.0,,7,,,,,,,,,,,,,,,,,,,2.0,1.0,0.0,0.0,1.0,3.32,1.0,1.0,,,3.0,0.0,0.0,0.0,0.0,,0.0,2.0,0.0,,3.0,13.0,
2023,2021013456,2023-09-16,2108196.0,マキノン,30.0,一,7,1.0,1.0,4.0,4.0,0.0,0.0,0.0,0.0,0.0,0.0,0.0,,0.0,2.0,0.0,0.0,0.0,0.0,,,,,,,,,,,,,,,,,,,,,,,
2023,2021013457,2023-09-16,600026.0,炭谷 銀仁朗,26.0,捕,376,1.0,1.0,3.0,3.0,0.0,0.0,0.0,0.0,0.0,0.0,0.0,,0.0,1.0,0.0,0.0,0.0,0.0,,,,,,,,,,,,,,,,,,,,,,,
2023,2021013457,2023-09-16,700065.0,岸 孝之,11.0,,376,,,,,,,,,,,,,,,,,,,1.0,1.0,,7.0,5.0,3.17,6.0,6.0,,,0.0,4.0,1.0,0.0,0.0,,1.0,4.0,0.0,,24.0,100.0,
2023,2021013457,2023-09-16,900056.0,浅村 栄斗,3.0,二,376,1.0,1.0,4.0,4.0,0.0,2.0,0.0,0.0,0.0,1.0,0.0,,0.0,0.0,0.0,0.0,0.0,0.0,,,,,,,,,,,,,,,,,,,,,,,
2023,2021013457,2023-09-16,1000011.0,山田 修義,57.0,,11,,,,,,,,,,,,,,,,,,,2.0,1.0,0.0,0.0,0.0,1.23,0.3333333333333333,0.1,,,0.0,1.0,0.0,0.0,0.0,,1.0,0.0,0.0,,3.0,14.0,
2023,2021013457,2023-09-16,1100105.0,安達 了一,3.0,二,11,1.0,1.0,4.0,4.0,0.0,1.0,0.0,0.0,0.0,1.0,0.0,,0.0,0.0,0.0,0.0,0.0,0.0,,,,,,,,,,,,,,,,,,,,,,,
2023,2021013457,2023-09-16,1100130.0,岡島 豪郎,27.0,左,376,1.0,1.0,4.0,4.0,0.0,1.0,0.0,0.0,0.0,1.0,0.0,,0.0,0.0,0.0,0.0,0.0,0.0,,,,,,,,,,,,,,,,,,,,,,,
2023,2021013457,2023-09-16,1100132.0,島内 宏明,35.0,指,376,1.0,1.0,4.0,4.0,1.0,1.0,0.0,0.0,0.0,0.0,0.0,,0.0,0.0,0.0,0.0,0.0,0.0,,,,,,,,,,,,,,,,,,,,,,,
2023,2021013457,2023-09-16,1160424.0,ゴンザレス,8.0,一,11,1.0,1.0,4.0,4.0,0.0,1.0,0.0,0.0,0.0,0.0,0.0,,0.0,3.0,0.0,0.0,0.0,0.0,,,,,,,,,,,,,,,,,,,,,,,
2023,2021013457,2023-09-16,1300084.0,松井 裕樹,1.0,,376,,,,,,,,,,,,,,,,,,,4.0,1.0,0.0,1.0,3.0,1.64,1.0,1.0,,,35.0,1.0,0.0,0.0,0.0,,1.0,3.0,0.0,,5.0,20.0,
2023,2021013457,2023-09-16,1300100.0,森 友哉,4.0,捕,11,1.0,1.0,4.0,3.0,0.0,1.0,0.0,0.0,0.0,0.0,0.0,,1.0,0.0,0.0,0.0,0.0,0.0,,,,,,,,,,,,,,,,,,,,,,,
2023,2021013457,2023-09-16,1400196.0,宗 佑磨,6.0,三,11,1.0,1.0,4.0,4.0,1.0,2.0,1.0,0.0,0.0,0.0,0.0,,0.0,0.0,0.0,0.0,0.0,0.0,,,,,,,,,,,,,,,,,,,,,,,
2023,2021013457,2023-09-16,1400202.0,小田 裕也,50.0,打左,11,1.0,0.0,1.0,1.0,0.0,0.0,0.0,0.0,0.0,0.0,0.0,,0.0,0.0,0.0,0.0,0.0,0.0,,,,,,,,,,,,,,,,,,,,,,,
2023,2021013457,2023-09-16,1450639.0,小木田 敦也,56.0,,11,,,,,,,,,,,,,,,,,,,3.0,1.0,0.0,2.0,0.0,2.63,0.6666666666666666,0.2,,,0.0,0.0,0.0,0.0,0.0,,0.0,0.0,0.0,,1.0,2.0,
2023,2021013457,2023-09-16,1460250.0,フランコ,23.0,打,376,1.0,0.0,1.0,1.0,0.0,0.0,0.0,0.0,0.0,0.0,0.0,,0.0,0.0,0.0,0.0,0.0,0.0,,,,,,,,,,,,,,,,,,,,,,,
2023,2021013457,2023-09-16,1500078.0,阿部 寿樹,4.0,一,376,1.0,1.0,4.0,3.0,0.0,2.0,1.0,0.0,0.0,0.0,0.0,,1.0,0.0,0.0,0.0,0.0,0.0,,,,,,,,,,,,,,,,,,,,,,,
2023,2021013457,2023-09-16,1500128.0,大城 滉二,10.0,打,11,1.0,0.0,1.0,0.0,0.0,0.0,0.0,0.0,0.0,0.0,0.0,,1.0,0.0,0.0,0.0,0.0,0.0,,,,,,,,,,,,,,,,,,,,,,,
2023,2021013457,2023-09-16,1500135.0,杉本 裕太郎,99.0,指,11,1.0,1.0,5.0,5.0,0.0,0.0,0.0,0.0,0.0,0.0,0.0,,0.0,3.0,0.0,0.0,0.0,0.0,,,,,,,,,,,,,,,,,,,,,,,
2023,2021013457,2023-09-16,1600007.0,村林 一輝,66.0,遊,376,1.0,1.0,4.0,3.0,0.0,1.0,0.0,0.0,0.0,0.0,0.0,,1.0,0.0,0.0,0.0,0.0,0.0,,,,,,,,,,,,,,,,,,,,,,,
2023,2021013457,2023-09-16,1600012.0,宋 家豪,43.0,,376,,,,,,,,,,,,,,,,,,,2.0,1.0,0.0,2.0,0.0,2.65,1.0,1.0,,,0.0,1.0,0.0,0.0,0.0,,0.0,0.0,0.0,,4.0,14.0,
2023,2021013457,2023-09-16,1600094.0,田中 和基,25.0,右,376,1.0,0.0,0.0,0.0,0.0,0.0,0.0,0.0,0.0,0.0,0.0,,0.0,0.0,0.0,0.0,0.0,0.0,,,,,,,,,,,,,,,,,,,,,,,
2023,2021013457,2023-09-16,1600153.0,山本 由伸,18.0,,11,,,,,,,,,,,,,,,,,,,1.0,1.0,,14.0,6.0,1.32,7.0,7.0,,,0.0,9.0,3.0,2.0,0.0,,2.0,3.0,0.0,,31.0,104.0,
2023,2021013457,2023-09-16,1700034.0,山崎 剛,34.0,三,376,1.0,0.0,0.0,0.0,0.0,0.0,0.0,0.0,0.0,0.0,0.0,,0.0,0.0,0.0,0.0,0.0,0.0,,,,,,,,,,,,,,,,,,,,,,,
2023,2021013457,2023-09-16,1700116.0,山足 達也,36.0,打,11,1.0,0.0,1.0,1.0,0.0,0.0,0.0,0.0,0.0,0.0,0.0,,0.0,1.0,0.0,0.0,0.0,0.0,,,,,,,,,,,,,,,,,,,,,,,
2023,2021013457,2023-09-16,1800104.0,中川 圭太,67.0,中,11,1.0,1.0,4.0,4.0,0.0,1.0,1.0,0.0,0.0,0.0,0.0,,0.0,1.0,0.0,0.0,0.0,1.0,,,,,,,,,,,,,,,,,,,,,,,
2023,2021013457,2023-09-16,1800117.0,辰己 涼介,8.0,中,376,1.0,1.0,4.0,3.0,0.0,0.0,0.0,0.0,0.0,0.0,0.0,,1.0,1.0,0.0,0.0,0.0,0.0,,,,,,,,,,,,,,,,,,,,,,,
2023,2021013457,2023-09-16,1800118.0,太田 光,2.0,捕,376,1.0,0.0,0.0,0.0,0.0,0.0,0.0,0.0,0.0,0.0,0.0,,0.0,0.0,0.0,0.0,0.0,0.0,,,,,,,,,,,,,,,,,,,,,,,
2023,2021013457,2023-09-16,1800123.0,小郷 裕哉,51.0,右,376,1.0,1.0,5.0,3.0,0.0,0.0,0.0,0.0,0.0,1.0,0.0,,0.0,2.0,0.0,1.0,1.0,0.0,,,,,,,,,,,,,,,,,,,,,,,
2023,2021013457,2023-09-16,1900088.0,紅林 弘太郎,24.0,遊,11,1.0,1.0,4.0,3.0,0.0,0.0,0.0,0.0,0.0,0.0,0.0,,1.0,0.0,0.0,0.0,0.0,0.0,,,,,,,,,,,,,,,,,,,,,,,
2023,2021013457,2023-09-16,1900112.0,小深田 大翔,0.0,三左,376,1.0,1.0,5.0,5.0,2.0,3.0,0.0,0.0,0.0,0.0,0.0,,0.0,1.0,0.0,0.0,0.0,1.0,,,,,,,,,,,,,,,,,,,,,,,
2023,2021013457,2023-09-16,2000101.0,阿部 翔太,45.0,,11,,,,,,,,,,,,,,,,,,,4.0,1.0,0.0,2.0,4.0,1.93,1.0,1.0,,,1.0,0.0,0.0,0.0,0.0,,0.0,2.0,0.0,,3.0,17.0,
2023,2021013457,2023-09-16,2050254.0,池田 陵真,39.0,左,11,1.0,1.0,2.0,2.0,0.0,1.0,0.0,0.0,0.0,0.0,0.0,,0.0,0.0,0.0,0.0,0.0,1.0,,,,,,,,,,,,,,,,,,,,,,,
2023,2021013457,2023-09-16,2103747.0,渡部 遼人,0.0,右,11,1.0,1.0,4.0,4.0,0.0,0.0,0.0,0.0,0.0,0.0,0.0,,0.0,0.0,0.0,0.0,0.0,0.0,,,,,,,,,,,,,,,,,,,,,,,
2023,2021013457,2023-09-16,2105140.0,渡辺 翔太,31.0,,376,,,,,,,,,,,,,,,,,,,3.0,1.0,0.0,7.0,2.0,1.37,1.0,1.0,,,1.0,1.0,0.0,0.0,0.0,,1.0,1.0,0.0,,5.0,23.0,
2023,2021013458,2023-09-17,700003.0,坂本 勇人,6.0,三,1,1.0,1.0,4.0,4.0,0.0,0.0,0.0,0.0,0.0,0.0,0.0,,0.0,2.0,0.0,0.0,0.0,0.0,,,,,,,,,,,,,,,,,,,,,,,
2023,2021013458,2023-09-17,700027.0,梶谷 隆幸,13.0,右,1,1.0,1.0,2.0,2.0,0.0,0.0,0.0,0.0,0.0,0.0,0.0,,0.0,0.0,0.0,0.0,0.0,0.0,,,,,,,,,,,,,,,,,,,,,,,
2023,2021013458,2023-09-17,800043.0,丸 佳浩,8.0,右,1,1.0,0.0,3.0,2.0,1.0,1.0,0.0,0.0,1.0,1.0,0.0,,1.0,1.0,0.0,0.0,0.0,0.0,,,,,,,,,,,,,,,,,,,,,,,
2023,2021013458,2023-09-17,800054.0,中田 翔,10.0,一,1,1.0,1.0,3.0,3.0,0.0,0.0,0.0,0.0,0.0,0.0,0.0,,0.0,0.0,0.0,0.0,0.0,0.0,,,,,,,,,,,,,,,,,,,,,,,
2023,2021013458,2023-09-17,900044.0,中村 悠平,27.0,捕,2,1.0,1.0,4.0,2.0,0.0,0.0,0.0,0.0,0.0,1.0,0.0,,0.0,1.0,1.0,0.0,1.0,0.0,,,,,,,,,,,,,,,,,,,,,,,
2023,2021013458,2023-09-17,1000132.0,山田 哲人,1.0,二,2,1.0,1.0,4.0,4.0,0.0,2.0,0.0,0.0,0.0,0.0,0.0,,0.0,0.0,0.0,0.0,0.0,0.0,,,,,,,,,,,,,,,,,,,,,,,
2023,2021013458,2023-09-17,1200075.0,石山 泰稚,12.0,投,2,1.0,0.0,0.0,0.0,0.0,0.0,0.0,0.0,0.0,0.0,0.0,,0.0,0.0,0.0,0.0,0.0,0.0,2.0,1.0,0.0,3.0,6.0,4.71,1.0,1.0,,,0.0,1.0,0.0,0.0,0.0,,0.0,2.0,0.0,,4.0,16.0,
2023,2021013458,2023-09-17,1400101.0,岡本 和真,25.0,左一,1,1.0,1.0,4.0,4.0,1.0,1.0,0.0,0.0,1.0,1.0,0.0,,0.0,1.0,0.0,0.0,0.0,0.0,,,,,,,,,,,,,,,,,,,,,,,
2023,2021013458,2023-09-17,1450689.0,船迫 大雅,58.0,投,1,1.0,0.0,0.0,0.0,0.0,0.0,0.0,0.0,0.0,0.0,0.0,,0.0,0.0,0.0,0.0,0.0,0.0,2.0,1.0,0.0,2.0,1.0,2.39,1.0,1.0,,,0.0,0.0,0.0,0.0,0.0,,0.0,2.0,1.0,,3.0,24.0,
2023,2021013458,2023-09-17,1500052.0,中川 皓太,41.0,投,1,1.0,0.0,0.0,0.0,0.0,0.0,0.0,0.0,0.0,0.0,0.0,,0.0,0.0,0.0,0.0,0.0,0.0,3.0,1.0,0.0,1.0,3.0,1.83,1.0,1.0,,,12.0,1.0,0.0,0.0,0.0,,0.0,0.0,0.0,,4.0,16.0,
2023,2021013458,2023-09-17,1500054.0,増田 大輝,0.0,左,1,1.0,0.0,0.0,0.0,0.0,0.0,0.0,0.0,0.0,0.0,0.0,,0.0,0.0,0.0,0.0,0.0,0.0,,,,,,,,,,,,,,,,,,,,,,,
2023,2021013458,2023-09-17,1500139.0,小澤 怜史,45.0,投,2,1.0,1.0,2.0,2.0,0.0,0.0,0.0,0.0,0.0,0.0,0.0,,0.0,1.0,0.0,0.0,0.0,0.0,1.0,1.0,,6.0,4.0,3.05,6.0,6.0,,,0.0,4.0,2.0,2.0,2.0,,2.0,3.0,0.0,,24.0,99.0,
2023,2021013458,2023-09-17,1600059.0,吉川 尚輝,2.0,二,1,1.0,1.0,4.0,3.0,0.0,1.0,0.0,0.0,0.0,0.0,0.0,,0.0,0.0,0.0,1.0,0.0,0.0,,,,,,,,,,,,,,,,,,,,,,,
2023,2021013458,2023-09-17,1650522.0,丸山 和郁,4.0,走右,2,1.0,0.0,0.0,0.0,1.0,0.0,0.0,0.0,0.0,0.0,0.0,,0.0,0.0,0.0,0.0,0.0,0.0,,,,,,,,,,,,,,,,,,,,,,,
2023,2021013458,2023-09-17,1651302.0,岡田 悠希,38.0,中,1,1.0,1.0,4.0,4.0,1.0,1.0,0.0,0.0,0.0,0.0,0.0,,0.0,1.0,0.0,0.0,0.0,0.0,,,,,,,,,,,,,,,,,,,,,,,
2023,2021013458,2023-09-17,1660388.0,メンデス,65.0,投,1,1.0,1.0,2.0,1.0,0.0,0.0,0.0,0.0,0.0,0.0,0.0,,0.0,1.0,0.0,1.0,0.0,0.0,1.0,1.0,,5.0,4.0,2.09,6.0,6.0,,,0.0,3.0,1.0,1.0,1.0,,3.0,4.0,1.0,,24.0,95.0,
2023,2021013458,2023-09-17,1700043.0,岸田 行倫,27.0,打,1,1.0,0.0,1.0,1.0,0.0,1.0,0.0,0.0,0.0,0.0,0.0,,0.0,0.0,0.0,0.0,0.0,0.0,,,,,,,,,,,,,,,,,,,,,,,
2023,2021013458,2023-09-17,1700044.0,大城 卓三,24.0,捕,1,1.0,1.0,4.0,1.0,0.0,1.0,1.0,0.0,0.0,0.0,0.0,,3.0,0.0,0.0,0.0,0.0,0.0,,,,,,,,,,,,,,,,,,,,,,,
2023,2021013458,2023-09-17,1700084.0,村上 宗隆,55.0,三,2,1.0,1.0,4.0,3.0,0.0,0.0,0.0,0.0,0.0,0.0,1.0,,0.0,0.0,1.0,0.0,0.0,0.0,,,,,,,,,,,,,,,,,,,,,,,
2023,2021013458,2023-09-17,1700087.0,塩見 泰隆,9.0,中,2,1.0,1.0,4.0,2.0,0.0,0.0,0.0,0.0,0.0,0.0,0.0,,2.0,1.0,0.0,0.0,0.0,0.0,,,,,,,,,,,,,,,,,,,,,,,
2023,2021013458,2023-09-17,1700089.0,宮本 丈,39.0,打,2,1.0,0.0,1.0,1.0,0.0,0.0,0.0,0.0,0.0,0.0,0.0,,0.0,1.0,0.0,0.0,0.0,0.0,,,,,,,,,,,,,,,,,,,,,,,
2023,2021013458,2023-09-17,1800033.0,清水 昇,17.0,投,2,1.0,0.0,0.0,0.0,0.0,0.0,0.0,0.0,0.0,0.0,0.0,,0.0,0.0,0.0,0.0,0.0,0.0,4.0,1.0,0.0,1.0,8.0,3.04,0.6666666666666666,0.2,,,0.0,2.0,1.0,1.0,0.0,,1.0,1.0,0.0,,5.0,20.0,
2023,2021013458,2023-09-17,1800036.0,濱田 太貴,51.0,左,2,1.0,1.0,4.0,4.0,0.0,1.0,0.0,0.0,0.0,0.0,0.0,,0.0,0.0,0.0,0.0,0.0,0.0,,,,,,,,,,,,,,,,,,,,,,,
2023,2021013458,2023-09-17,1900028.0,長岡 秀樹,7.0,遊,2,1.0,1.0,4.0,4.0,0.0,0.0,0.0,0.0,0.0,0.0,0.0,,0.0,1.0,0.0,0.0,0.0,0.0,,,,,,,,,,,,,,,,,,,,,,,
2023,2021013458,2023-09-17,2000007.0,中山 礼都,40.0,打,1,1.0,0.0,1.0,1.0,0.0,0.0,0.0,0.0,0.0,0.0,0.0,,0.0,1.0,0.0,0.0,0.0,0.0,,,,,,,,,,,,,,,,,,,,,,,
2023,2021013458,2023-09-17,2000009.0,秋広 優人,55.0,打左,1,1.0,0.0,1.0,1.0,0.0,0.0,0.0,0.0,0.0,0.0,0.0,,0.0,0.0,0.0,0.0,0.0,0.0,,,,,,,,,,,,,,,,,,,,,,,
2023,2021013458,2023-09-17,2000024.0,木澤 尚文,20.0,投,2,1.0,0.0,0.0,0.0,0.0,0.0,0.0,0.0,0.0,0.0,0.0,,0.0,0.0,0.0,0.0,0.0,0.0,3.0,1.0,0.0,2.0,3.0,2.9,1.0,1.0,,,0.0,0.0,0.0,0.0,0.0,,2.0,2.0,0.0,,5.0,23.0,
2023,2021013458,2023-09-17,2000133.0,オスナ,13.0,一,2,1.0,1.0,4.0,4.0,0.0,0.0,0.0,0.0,0.0,0.0,0.0,,0.0,0.0,0.0,0.0,0.0,0.0,,,,,,,,,,,,,,,,,,,,,,,
2023,2021013458,2023-09-17,2000135.0,サンタナ,25.0,右,2,1.0,1.0,4.0,3.0,1.0,2.0,1.0,0.0,1.0,1.0,0.0,,1.0,1.0,0.0,0.0,0.0,0.0,,,,,,,,,,,,,,,,,,,,,,,
2023,2021013458,2023-09-17,2103697.0,大勢,15.0,投,1,1.0,0.0,0.0,0.0,0.0,0.0,0.0,0.0,0.0,0.0,0.0,,0.0,0.0,0.0,0.0,0.0,0.0,4.0,1.0,0.0,3.0,0.0,3.24,1.0,1.0,,,14.0,1.0,1.0,1.0,0.0,,0.0,0.0,0.0,,4.0,8.0,
2023,2021013458,2023-09-17,2107874.0,門脇 誠,35.0,遊,1,1.0,1.0,5.0,4.0,0.0,1.0,0.0,0.0,0.0,1.0,1.0,,1.0,1.0,0.0,0.0,0.0,0.0,,,,,,,,,,,,,,,,,,,,,,,
2023,2021013459,2023-09-17,700050.0,會澤 翼,27.0,捕,6,1.0,1.0,4.0,3.0,0.0,1.0,0.0,0.0,0.0,0.0,0.0,,0.0,0.0,1.0,0.0,0.0,0.0,,,,,,,,,,,,,,,,,,,,,,,
2023,2021013459,2023-09-17,900410.0,大島 洋平,8.0,左,4,1.0,1.0,4.0,3.0,0.0,1.0,1.0,0.0,0.0,0.0,0.0,,1.0,0.0,0.0,0.0,0.0,0.0,,,,,,,,,,,,,,,,,,,,,,,
2023,2021013459,2023-09-17,900430.0,堂林 翔太,7.0,左一,6,1.0,1.0,4.0,4.0,0.0,0.0,0.0,0.0,0.0,0.0,0.0,,0.0,1.0,0.0,0.0,0.0,0.0,,,,,,,,,,,,,,,,,,,,,,,
2023,2021013459,2023-09-17,1000108.0,後藤 駿太,53.0,打,4,1.0,0.0,1.0,1.0,0.0,0.0,0.0,0.0,0.0,0.0,0.0,,0.0,0.0,0.0,0.0,0.0,0.0,,,,,,,,,,,,,,,,,,,,,,,
2023,2021013459,2023-09-17,1000150.0,秋山 翔吾,9.0,中,6,1.0,1.0,4.0,3.0,1.0,1.0,0.0,0.0,0.0,0.0,0.0,,1.0,1.0,0.0,0.0,0.0,0.0,,,,,,,,,,,,,,,,,,,,,,,
2023,2021013459,2023-09-17,1300058.0,九里 亜蓮,11.0,投,6,1.0,1.0,2.0,2.0,0.0,0.0,0.0,0.0,0.0,0.0,0.0,,0.0,0.0,0.0,0.0,0.0,0.0,1.0,1.0,,8.0,7.0,2.53,7.0,7.0,,,0.0,4.0,0.0,0.0,0.0,,3.0,5.0,0.0,,25.0,108.0,
2023,2021013459,2023-09-17,1300059.0,田中 広輔,2.0,三,6,1.0,1.0,4.0,4.0,0.0,0.0,0.0,0.0,0.0,0.0,0.0,,0.0,0.0,0.0,0.0,0.0,0.0,,,,,,,,,,,,,,,,,,,,,,,
2023,2021013459,2023-09-17,1300066.0,祖父江 大輔,33.0,投,4,1.0,0.0,0.0,0.0,0.0,0.0,0.0,0.0,0.0,0.0,0.0,,0.0,0.0,0.0,0.0,0.0,0.0,3.0,1.0,0.0,3.0,5.0,3.76,0.3333333333333333,0.1,,,0.0,1.0,0.0,0.0,0.0,,0.0,0.0,0.0,,2.0,8.0,
2023,2021013459,2023-09-17,1300082.0,曽根 海成,0.0,走右,6,1.0,0.0,0.0,0.0,0.0,0.0,0.0,0.0,0.0,0.0,0.0,,0.0,0.0,0.0,0.0,0.0,0.0,,,,,,,,,,,,,,,,,,,,,,,
2023,2021013459,2023-09-17,1400199.0,齋藤 綱記,59.0,投,4,1.0,0.0,0.0,0.0,0.0,0.0,0.0,0.0,0.0,0.0,0.0,,0.0,0.0,0.0,0.0,0.0,0.0,2.0,1.0,0.0,2.0,0.0,0.83,0.6666666666666666,0.2,,,0.0,2.0,1.0,1.0,0.0,,1.0,1.0,0.0,,5.0,27.0,
2023,2021013459,2023-09-17,1460004.0,デビッドソン,95.0,打,6,1.0,0.0,1.0,0.0,0.0,0.0,0.0,0.0,0.0,0.0,0.0,,1.0,0.0,0.0,0.0,0.0,0.0,,,,,,,,,,,,,,,,,,,,,,,
2023,2021013459,2023-09-17,1500049.0,宇佐見 真吾,39.0,捕,4,1.0,1.0,3.0,3.0,0.0,0.0,0.0,0.0,0.0,0.0,0.0,,0.0,1.0,0.0,0.0,0.0,0.0,,,,,,,,,,,,,,,,,,,,,,,
2023,2021013459,2023-09-17,1560639.0,カリステ,99.0,遊,4,1.0,1.0,3.0,3.0,0.0,1.0,0.0,0.0,0.0,0.0,0.0,,0.0,2.0,0.0,0.0,0.0,0.0,,,,,,,,,,,,,,,,,,,,,,,
2023,2021013459,2023-09-17,1600021.0,ビシエド,66.0,一,4,1.0,1.0,4.0,3.0,0.0,0.0,0.0,0.0,0.0,0.0,0.0,,1.0,0.0,0.0,0.0,0.0,0.0,,,,,,,,,,,,,,,,,,,,,,,
2023,2021013459,2023-09-17,1600085.0,細川 成也,0.0,右,4,1.0,1.0,4.0,3.0,0.0,0.0,0.0,0.0,0.0,0.0,0.0,,1.0,0.0,0.0,0.0,0.0,0.0,,,,,,,,,,,,,,,,,,,,,,,
2023,2021013459,2023-09-17,1600106.0,柳 裕也,17.0,投,4,1.0,1.0,2.0,2.0,0.0,0.0,0.0,0.0,0.0,0.0,0.0,,0.0,1.0,0.0,0.0,0.0,0.0,1.0,1.0,,4.0,11.0,2.57,8.0,8.0,,,0.0,4.0,2.0,2.0,0.0,,1.0,5.0,1.0,,29.0,117.0,
2023,2021013459,2023-09-17,1600108.0,石垣 雅海,32.0,二,4,1.0,0.0,0.0,0.0,0.0,0.0,0.0,0.0,0.0,0.0,0.0,,0.0,0.0,0.0,0.0,0.0,0.0,,,,,,,,,,,,,,,,,,,,,,,
2023,2021013459,2023-09-17,1600124.0,坂倉 将吾,31.0,一,6,1.0,1.0,3.0,3.0,0.0,0.0,0.0,0.0,0.0,0.0,0.0,,0.0,1.0,0.0,0.0,0.0,0.0,,,,,,,,,,,,,,,,,,,,,,,
2023,2021013459,2023-09-17,1800072.0,小園 海斗,51.0,遊,6,1.0,1.0,4.0,4.0,1.0,2.0,0.0,1.0,0.0,1.0,1.0,,0.0,1.0,0.0,0.0,0.0,0.0,,,,,,,,,,,,,,,,,,,,,,,
2023,2021013459,2023-09-17,1800073.0,島内 颯太郎,43.0,投,6,1.0,0.0,0.0,0.0,0.0,0.0,0.0,0.0,0.0,0.0,0.0,,0.0,0.0,0.0,0.0,0.0,0.0,2.0,1.0,0.0,2.0,3.0,2.55,1.0,1.0,,,2.0,1.0,0.0,0.0,0.0,,1.0,0.0,0.0,,4.0,18.0,
2023,2021013459,2023-09-17,1800078.0,羽月 隆太郎,69.0,二,6,1.0,1.0,4.0,4.0,1.0,1.0,1.0,0.0,0.0,1.0,0.0,,0.0,1.0,0.0,0.0,0.0,0.0,,,,,,,,,,,,,,,,,,,,,,,
2023,2021013459,2023-09-17,1800079.0,大盛 穂,59.0,走中,6,1.0,0.0,0.0,0.0,0.0,0.0,0.0,0.0,0.0,0.0,1.0,,0.0,0.0,0.0,0.0,0.0,0.0,,,,,,,,,,,,,,,,,,,,,,,
2023,2021013459,2023-09-17,1900037.0,石川 昂弥,25.0,三,4,1.0,1.0,4.0,4.0,0.0,1.0,0.0,0.0,0.0,0.0,0.0,,0.0,0.0,0.0,0.0,0.0,0.0,,,,,,,,,,,,,,,,,,,,,,,
2023,2021013459,2023-09-17,1900041.0,岡林 勇希,60.0,中,4,1.0,1.0,4.0,4.0,0.0,2.0,0.0,0.0,0.0,0.0,0.0,,0.0,0.0,0.0,0.0,0.0,0.0,,,,,,,,,,,,,,,,,,,,,,,
2023,2021013459,2023-09-17,1961166.0,マクブルーム,10.0,打,6,1.0,0.0,1.0,1.0,0.0,0.0,0.0,0.0,0.0,0.0,0.0,,0.0,1.0,0.0,0.0,0.0,0.0,,,,,,,,,,,,,,,,,,,,,,,
2023,2021013459,2023-09-17,2000044.0,龍空,45.0,二,4,1.0,1.0,2.0,2.0,0.0,0.0,0.0,0.0,0.0,0.0,0.0,,0.0,1.0,0.0,0.0,0.0,0.0,,,,,,,,,,,,,,,,,,,,,,,
2023,2021013459,2023-09-17,2000060.0,栗林 良吏,20.0,投,6,1.0,0.0,0.0,0.0,0.0,0.0,0.0,0.0,0.0,0.0,0.0,,0.0,0.0,0.0,0.0,0.0,0.0,3.0,1.0,0.0,3.0,7.0,3.04,1.0,1.0,,,16.0,0.0,0.0,0.0,0.0,,0.0,0.0,0.0,,3.0,9.0,
2023,2021013459,2023-09-17,2000065.0,矢野 雅哉,61.0,二,6,1.0,0.0,1.0,1.0,0.0,0.0,0.0,0.0,0.0,0.0,0.0,,0.0,0.0,0.0,0.0,0.0,0.0,,,,,,,,,,,,,,,,,,,,,,,
2023,2021013459,2023-09-17,2103358.0,田村 俊介,60.0,右,6,1.0,1.0,3.0,3.0,0.0,1.0,1.0,0.0,0.0,0.0,0.0,,0.0,0.0,0.0,0.0,0.0,0.0,,,,,,,,,,,,,,,,,,,,,,,
2023,2021013459,2023-09-17,2103768.0,末包 昇大,52.0,打左,6,1.0,0.0,1.0,1.0,0.0,1.0,0.0,0.0,0.0,1.0,0.0,,0.0,0.0,0.0,0.0,0.0,0.0,,,,,,,,,,,,,,,,,,,,,,,
2023,2021013459,2023-09-17,2103840.0,ブライト 健太,42.0,打,4,1.0,0.0,1.0,0.0,0.0,0.0,0.0,0.0,0.0,0.0,0.0,,1.0,0.0,0.0,0.0,0.0,0.0,,,,,,,,,,,,,,,,,,,,,,,
2023,2021013460,2023-09-17,600003.0,大和,9.0,遊一,3,1.0,1.0,4.0,4.0,0.0,0.0,0.0,0.0,0.0,0.0,0.0,,0.0,1.0,0.0,0.0,0.0,0.0,,,,,,,,,,,,,,,,,,,,,,,
2023,2021013460,2023-09-17,900011.0,大田 泰示,0.0,打,3,1.0,0.0,1.0,1.0,1.0,1.0,0.0,0.0,1.0,1.0,0.0,,0.0,0.0,0.0,0.0,0.0,0.0,,,,,,,,,,,,,,,,,,,,,,,
2023,2021013460,2023-09-17,1100061.0,桑原 将志,1.0,中,3,1.0,1.0,5.0,4.0,0.0,0.0,0.0,0.0,0.0,0.0,0.0,,0.0,1.0,0.0,1.0,0.0,0.0,,,,,,,,,,,,,,,,,,,,,,,
2023,2021013460,2023-09-17,1200053.0,宮崎 敏郎,51.0,打三,3,1.0,0.0,2.0,1.0,0.0,1.0,0.0,0.0,0.0,0.0,0.0,,1.0,0.0,0.0,0.0,0.0,0.0,,,,,,,,,,,,,,,,,,,,,,,
2023,2021013460,2023-09-17,1300038.0,関根 大気,63.0,右左,3,1.0,1.0,5.0,5.0,0.0,2.0,0.0,0.0,0.0,0.0,0.0,,0.0,0.0,0.0,0.0,0.0,0.0,,,,,,,,,,,,,,,,,,,,,,,
2023,2021013460,2023-09-17,1500063.0,柴田 竜拓,31.0,走三,3,1.0,0.0,0.0,0.0,0.0,0.0,0.0,0.0,0.0,0.0,0.0,,0.0,0.0,0.0,0.0,0.0,0.0,,,,,,,,,,,,,,,,,,,,,,,
2023,2021013460,2023-09-17,1500087.0,坂本 誠志郎,12.0,捕,5,1.0,1.0,3.0,2.0,0.0,0.0,0.0,0.0,0.0,0.0,0.0,,1.0,1.0,0.0,0.0,0.0,0.0,,,,,,,,,,,,,,,,,,,,,,,
2023,2021013460,2023-09-17,1561880.0,ウェンデルケン,49.0,投,3,1.0,0.0,0.0,0.0,0.0,0.0,0.0,0.0,0.0,0.0,0.0,,0.0,0.0,0.0,0.0,0.0,0.0,3.0,1.0,0.0,2.0,2.0,1.84,1.0,1.0,,,0.0,0.0,0.0,0.0,0.0,,0.0,0.0,0.0,,3.0,10.0,
2023,2021013460,2023-09-17,1600081.0,濱口 遥大,26.0,投,3,1.0,1.0,2.0,2.0,0.0,0.0,0.0,0.0,0.0,0.0,0.0,,0.0,0.0,0.0,0.0,0.0,0.0,1.0,1.0,,3.0,6.0,4.55,6.0,6.0,,,0.0,3.0,0.0,0.0,0.0,,4.0,7.0,0.0,,23.0,101.0,
2023,2021013460,2023-09-17,1600089.0,佐野 恵太,7.0,左,3,1.0,1.0,4.0,4.0,0.0,3.0,0.0,0.0,0.0,0.0,0.0,,0.0,0.0,0.0,0.0,0.0,0.0,,,,,,,,,,,,,,,,,,,,,,,
2023,2021013460,2023-09-17,1600096.0,森原 康平,68.0,投,3,1.0,0.0,0.0,0.0,0.0,0.0,0.0,0.0,0.0,0.0,0.0,,0.0,0.0,0.0,0.0,0.0,0.0,4.0,1.0,0.0,2.0,1.0,2.27,1.0,1.0,,,14.0,0.0,0.0,0.0,0.0,,0.0,1.0,0.0,,3.0,10.0,
2023,2021013460,2023-09-17,1600113.0,大山 悠輔,3.0,一,5,1.0,1.0,4.0,3.0,0.0,1.0,0.0,0.0,0.0,0.0,0.0,,1.0,1.0,0.0,0.0,0.0,0.0,,,,,,,,,,,,,,,,,,,,,,,
2023,2021013460,2023-09-17,1600117.0,糸原 健斗,33.0,打,5,1.0,0.0,1.0,1.0,0.0,0.0,0.0,0.0,0.0,0.0,0.0,,0.0,0.0,0.0,0.0,0.0,0.0,,,,,,,,,,,,,,,,,,,,,,,
2023,2021013460,2023-09-17,1700020.0,ソト,99.0,一,3,1.0,1.0,3.0,3.0,0.0,1.0,1.0,0.0,0.0,0.0,0.0,,0.0,1.0,0.0,0.0,0.0,0.0,,,,,,,,,,,,,,,,,,,,,,,
2023,2021013460,2023-09-17,1700066.0,山本 祐大,50.0,捕,3,1.0,1.0,4.0,4.0,0.0,0.0,0.0,0.0,0.0,0.0,0.0,,0.0,2.0,0.0,0.0,0.0,0.0,,,,,,,,,,,,,,,,,,,,,,,
2023,2021013460,2023-09-17,1800043.0,上茶谷 大河,27.0,投,3,1.0,0.0,0.0,0.0,0.0,0.0,0.0,0.0,0.0,0.0,0.0,,0.0,0.0,0.0,0.0,0.0,0.0,2.0,1.0,0.0,4.0,3.0,1.83,1.0,1.0,,,0.0,0.0,0.0,0.0,0.0,,0.0,0.0,0.0,,3.0,9.0,
2023,2021013460,2023-09-17,1800048.0,知野 直人,60.0,走,3,1.0,0.0,0.0,0.0,0.0,0.0,0.0,0.0,0.0,0.0,0.0,,0.0,0.0,0.0,0.0,0.0,0.0,,,,,,,,,,,,,,,,,,,,,,,
2023,2021013460,2023-09-17,1800065.0,近本 光司,5.0,中,5,1.0,1.0,4.0,3.0,0.0,0.0,0.0,0.0,0.0,0.0,0.0,,1.0,0.0,0.0,0.0,0.0,0.0,,,,,,,,,,,,,,,,,,,,,,,
2023,2021013460,2023-09-17,1800067.0,木浪 聖也,0.0,遊,5,1.0,1.0,3.0,3.0,0.0,0.0,0.0,0.0,0.0,0.0,0.0,,0.0,1.0,0.0,0.0,0.0,1.0,,,,,,,,,,,,,,,,,,,,,,,
2023,2021013460,2023-09-17,1850183.0,森下 翔太,1.0,右,5,1.0,1.0,4.0,4.0,0.0,0.0,0.0,0.0,0.0,0.0,0.0,,0.0,3.0,0.0,0.0,0.0,0.0,,,,,,,,,,,,,,,,,,,,,,,
2023,2021013460,2023-09-17,1850208.0,林 琢真,0.0,三遊,3,1.0,1.0,4.0,4.0,0.0,3.0,0.0,0.0,0.0,0.0,1.0,,0.0,0.0,0.0,0.0,0.0,0.0,,,,,,,,,,,,,,,,,,,,,,,
2023,2021013460,2023-09-17,1900035.0,蝦名 達夫,61.0,右,3,1.0,0.0,0.0,0.0,0.0,0.0,0.0,0.0,0.0,0.0,0.0,,0.0,0.0,0.0,0.0,0.0,0.0,,,,,,,,,,,,,,,,,,,,,,,
2023,2021013460,2023-09-17,1960349.0,ブルワー,98.0,投,5,1.0,0.0,0.0,0.0,0.0,0.0,0.0,0.0,0.0,0.0,0.0,,0.0,0.0,0.0,0.0,0.0,0.0,4.0,1.0,0.0,0.0,1.0,2.45,1.0,1.0,,,0.0,2.0,1.0,1.0,1.0,,1.0,2.0,0.0,,7.0,22.0,
2023,2021013460,2023-09-17,1961285.0,ノイジー,7.0,左,5,1.0,1.0,3.0,3.0,0.0,1.0,0.0,0.0,0.0,0.0,0.0,,0.0,0.0,0.0,0.0,0.0,0.0,,,,,,,,,,,,,,,,,,,,,,,
2023,2021013460,2023-09-17,2000035.0,牧 秀悟,2.0,二,3,1.0,1.0,4.0,4.0,0.0,0.0,0.0,0.0,0.0,0.0,0.0,,0.0,1.0,0.0,0.0,0.0,0.0,,,,,,,,,,,,,,,,,,,,,,,
2023,2021013460,2023-09-17,2000051.0,佐藤 輝明,8.0,三,5,1.0,1.0,4.0,4.0,0.0,0.0,0.0,0.0,0.0,0.0,0.0,,0.0,1.0,0.0,0.0,0.0,0.0,,,,,,,,,,,,,,,,,,,,,,,
2023,2021013460,2023-09-17,2000055.0,村上 頌樹,41.0,投,5,1.0,1.0,2.0,2.0,0.0,1.0,0.0,0.0,0.0,0.0,0.0,,0.0,0.0,0.0,0.0,0.0,0.0,1.0,1.0,,10.0,5.0,1.68,6.0,6.0,,,0.0,5.0,0.0,0.0,0.0,,0.0,3.0,0.0,,22.0,84.0,
2023,2021013460,2023-09-17,2000056.0,中野 拓夢,51.0,二,5,1.0,1.0,4.0,3.0,0.0,0.0,0.0,0.0,0.0,0.0,0.0,,1.0,1.0,0.0,0.0,0.0,0.0,,,,,,,,,,,,,,,,,,,,,,,
2023,2021013460,2023-09-17,2000058.0,石井 大智,69.0,投,5,1.0,0.0,0.0,0.0,0.0,0.0,0.0,0.0,0.0,0.0,0.0,,0.0,0.0,0.0,0.0,0.0,0.0,2.0,1.0,0.0,1.0,0.0,0.74,1.0,1.0,,,0.0,3.0,0.0,0.0,0.0,,0.0,0.0,0.0,,5.0,20.0,
2023,2021013460,2023-09-17,2103707.0,桐敷 拓馬,47.0,投,5,1.0,0.0,0.0,0.0,0.0,0.0,0.0,0.0,0.0,0.0,0.0,,0.0,0.0,0.0,0.0,0.0,0.0,3.0,1.0,0.0,2.0,0.0,1.89,1.0,1.0,,,0.0,1.0,0.0,0.0,0.0,,0.0,1.0,0.0,,4.0,14.0,
2023,2021013461,2023-09-17,20204.0,和田 毅,21.0,,12,,,,,,,,,,,,,,,,,,,1.0,1.0,,6.0,6.0,3.43,5.0,5.0,,,0.0,7.0,5.0,5.0,0.0,,6.0,0.0,0.0,,26.0,97.0,
2023,2021013461,2023-09-17,1000128.0,柳田 悠岐,9.0,指,12,1.0,1.0,4.0,4.0,0.0,0.0,0.0,0.0,0.0,0.0,0.0,,0.0,1.0,0.0,0.0,0.0,0.0,,,,,,,,,,,,,,,,,,,,,,,
2023,2021013461,2023-09-17,1000176.0,甲斐 拓也,19.0,捕,12,1.0,1.0,2.0,1.0,0.0,0.0,0.0,0.0,0.0,0.0,0.0,,1.0,1.0,0.0,0.0,0.0,0.0,,,,,,,,,,,,,,,,,,,,,,,
2023,2021013461,2023-09-17,1100095.0,松本 剛,7.0,左,8,1.0,1.0,4.0,4.0,1.0,2.0,0.0,0.0,0.0,1.0,0.0,,0.0,0.0,0.0,0.0,0.0,0.0,,,,,,,,,,,,,,,,,,,,,,,
2023,2021013461,2023-09-17,1100097.0,近藤 健介,3.0,左,12,1.0,1.0,4.0,4.0,1.0,1.0,0.0,0.0,1.0,1.0,0.0,,0.0,2.0,0.0,0.0,0.0,0.0,,,,,,,,,,,,,,,,,,,,,,,
2023,2021013461,2023-09-17,1251037.0,上川畑 大悟,4.0,二,8,1.0,1.0,5.0,5.0,0.0,1.0,0.0,0.0,0.0,0.0,0.0,,0.0,0.0,0.0,0.0,0.0,0.0,,,,,,,,,,,,,,,,,,,,,,,
2023,2021013461,2023-09-17,1400129.0,笠谷 俊介,67.0,,12,,,,,,,,,,,,,,,,,,,2.0,1.0,0.0,0.0,0.0,1.23,3.0,3.0,,,0.0,4.0,1.0,1.0,0.0,,3.0,1.0,0.0,,16.0,69.0,
2023,2021013461,2023-09-17,1400170.0,江越 大賀,37.0,中,8,1.0,1.0,4.0,3.0,0.0,0.0,0.0,0.0,0.0,0.0,0.0,,1.0,0.0,0.0,0.0,0.0,0.0,,,,,,,,,,,,,,,,,,,,,,,
2023,2021013461,2023-09-17,1400186.0,山田 遥楓,49.0,打一,8,1.0,0.0,1.0,1.0,0.0,1.0,0.0,0.0,0.0,0.0,0.0,,0.0,0.0,0.0,0.0,0.0,0.0,,,,,,,,,,,,,,,,,,,,,,,
2023,2021013461,2023-09-17,1500140.0,谷川原 健太,45.0,捕,12,1.0,0.0,1.0,1.0,0.0,0.0,0.0,0.0,0.0,0.0,0.0,,0.0,1.0,0.0,0.0,0.0,0.0,,,,,,,,,,,,,,,,,,,,,,,
2023,2021013461,2023-09-17,1500143.0,川瀬 晃,0.0,遊,12,1.0,1.0,2.0,2.0,0.0,0.0,0.0,0.0,0.0,0.0,0.0,,0.0,1.0,0.0,0.0,0.0,0.0,,,,,,,,,,,,,,,,,,,,,,,
2023,2021013461,2023-09-17,1600139.0,玉井 大翔,19.0,,8,,,,,,,,,,,,,,,,,,,5.0,1.0,0.0,0.0,2.0,2.67,1.0,1.0,,,2.0,0.0,0.0,0.0,0.0,,0.0,1.0,0.0,,3.0,16.0,
2023,2021013461,2023-09-17,1700025.0,清宮 幸太郎,21.0,三,8,1.0,1.0,5.0,3.0,0.0,1.0,0.0,0.0,0.0,0.0,0.0,,2.0,0.0,0.0,0.0,0.0,0.0,,,,,,,,,,,,,,,,,,,,,,,
2023,2021013461,2023-09-17,1700029.0,北浦 竜次,63.0,,8,,,,,,,,,,,,,,,,,,,4.0,1.0,0.0,0.0,0.0,0.93,1.0,1.0,,,0.0,1.0,1.0,1.0,1.0,,0.0,1.0,0.0,,4.0,16.0,
2023,2021013461,2023-09-17,1700131.0,増田 珠,33.0,右,12,1.0,1.0,4.0,1.0,0.0,0.0,0.0,0.0,0.0,0.0,0.0,,1.0,0.0,2.0,0.0,0.0,0.0,,,,,,,,,,,,,,,,,,,,,,,
2023,2021013461,2023-09-17,1700135.0,周東 佑京,23.0,二,12,1.0,1.0,4.0,4.0,0.0,1.0,0.0,0.0,0.0,0.0,0.0,,0.0,2.0,0.0,0.0,0.0,0.0,,,,,,,,,,,,,,,,,,,,,,,
2023,2021013461,2023-09-17,1700136.0,リチャード,52.0,三,12,1.0,1.0,3.0,3.0,0.0,0.0,0.0,0.0,0.0,0.0,0.0,,0.0,2.0,0.0,0.0,0.0,1.0,,,,,,,,,,,,,,,,,,,,,,,
2023,2021013461,2023-09-17,1800008.0,マルティネス,2.0,捕,8,1.0,1.0,5.0,4.0,2.0,2.0,0.0,0.0,0.0,1.0,0.0,,1.0,0.0,0.0,0.0,0.0,0.0,,,,,,,,,,,,,,,,,,,,,,,
2023,2021013461,2023-09-17,1800091.0,野村 佑希,5.0,指,8,1.0,1.0,4.0,2.0,1.0,1.0,1.0,0.0,0.0,1.0,0.0,,2.0,1.0,0.0,0.0,0.0,0.0,,,,,,,,,,,,,,,,,,,,,,,
2023,2021013461,2023-09-17,1800093.0,万波 中正,66.0,右,8,1.0,1.0,5.0,2.0,1.0,1.0,0.0,0.0,0.0,1.0,0.0,,3.0,0.0,0.0,0.0,0.0,0.0,,,,,,,,,,,,,,,,,,,,,,,
2023,2021013461,2023-09-17,1800108.0,野村 大樹,55.0,一,12,1.0,1.0,4.0,4.0,0.0,0.0,0.0,0.0,0.0,0.0,0.0,,0.0,1.0,0.0,0.0,0.0,0.0,,,,,,,,,,,,,,,,,,,,,,,
2023,2021013461,2023-09-17,1850932.0,奈良間 大己,58.0,遊,8,1.0,1.0,4.0,4.0,0.0,1.0,0.0,0.0,0.0,1.0,0.0,,0.0,0.0,0.0,0.0,0.0,0.0,,,,,,,,,,,,,,,,,,,,,,,
2023,2021013461,2023-09-17,1900040.0,郡司 裕也,30.0,一,8,1.0,1.0,4.0,4.0,1.0,0.0,0.0,0.0,0.0,0.0,0.0,,0.0,0.0,0.0,0.0,0.0,0.0,,,,,,,,,,,,,,,,,,,,,,,
2023,2021013461,2023-09-17,1900073.0,鈴木 健矢,47.0,,8,,,,,,,,,,,,,,,,,,,2.0,1.0,0.0,6.0,4.0,2.82,0.3333333333333333,0.1,,,0.0,0.0,0.0,0.0,0.0,,0.0,0.0,0.0,,1.0,5.0,
2023,2021013461,2023-09-17,1900104.0,柳町 達,32.0,中,12,1.0,1.0,4.0,3.0,0.0,1.0,0.0,0.0,0.0,0.0,0.0,,1.0,1.0,0.0,0.0,0.0,0.0,,,,,,,,,,,,,,,,,,,,,,,
2023,2021013461,2023-09-17,2000081.0,古川 裕大,27.0,捕,8,1.0,0.0,0.0,0.0,0.0,0.0,0.0,0.0,0.0,0.0,0.0,,0.0,0.0,0.0,0.0,0.0,0.0,,,,,,,,,,,,,,,,,,,,,,,
2023,2021013461,2023-09-17,2000082.0,細川 凌平,56.0,走左,8,1.0,0.0,1.0,1.0,0.0,1.0,0.0,0.0,0.0,1.0,0.0,,0.0,0.0,0.0,0.0,0.0,0.0,,,,,,,,,,,,,,,,,,,,,,,
2023,2021013461,2023-09-17,2000083.0,根本 悠楓,59.0,,8,,,,,,,,,,,,,,,,,,,1.0,1.0,,2.0,0.0,1.88,5.666666666666667,5.2,,,0.0,2.0,0.0,0.0,0.0,,3.0,8.0,2.0,,24.0,98.0,
2023,2021013461,2023-09-17,2000111.0,川原田 純平,46.0,遊,12,1.0,0.0,1.0,1.0,0.0,0.0,0.0,0.0,0.0,0.0,0.0,,0.0,0.0,0.0,0.0,0.0,0.0,,,,,,,,,,,,,,,,,,,,,,,
2023,2021013461,2023-09-17,2103731.0,長谷川 威展,53.0,,8,,,,,,,,,,,,,,,,,,,3.0,1.0,0.0,0.0,0.0,0.0,1.0,1.0,,,0.0,0.0,0.0,0.0,0.0,,1.0,2.0,0.0,,4.0,13.0,
2023,2021013461,2023-09-17,2104035.0,野村 勇,99.0,打三,12,1.0,0.0,2.0,1.0,0.0,0.0,0.0,0.0,0.0,0.0,0.0,,1.0,0.0,0.0,0.0,0.0,0.0,,,,,,,,,,,,,,,,,,,,,,,
2023,2021013461,2023-09-17,2107661.0,生海,37.0,打,12,1.0,0.0,1.0,1.0,0.0,0.0,0.0,0.0,0.0,0.0,0.0,,0.0,0.0,0.0,0.0,0.0,0.0,,,,,,,,,,,,,,,,,,,,,,,
2023,2021013462,2023-09-17,12102.0,栗山 巧,1.0,指,7,1.0,1.0,4.0,4.0,1.0,2.0,0.0,0.0,0.0,0.0,0.0,,0.0,0.0,0.0,0.0,0.0,0.0,,,,,,,,,,,,,,,,,,,,,,,
2023,2021013462,2023-09-17,700087.0,角中 勝也,3.0,打,9,1.0,0.0,1.0,1.0,0.0,1.0,1.0,0.0,0.0,0.0,0.0,,0.0,0.0,0.0,0.0,0.0,0.0,,,,,,,,,,,,,,,,,,,,,,,
2023,2021013462,2023-09-17,1000014.0,荻野 貴司,0.0,右,9,1.0,1.0,4.0,4.0,0.0,0.0,0.0,0.0,0.0,0.0,0.0,,0.0,1.0,0.0,0.0,0.0,0.0,,,,,,,,,,,,,,,,,,,,,,,
2023,2021013462,2023-09-17,1100096.0,石川 慎吾,50.0,左,9,1.0,1.0,3.0,3.0,0.0,0.0,0.0,0.0,0.0,0.0,0.0,,0.0,1.0,0.0,0.0,0.0,0.0,,,,,,,,,,,,,,,,,,,,,,,
2023,2021013462,2023-09-17,1300044.0,岡 大海,25.0,中,9,1.0,1.0,4.0,4.0,1.0,1.0,0.0,0.0,1.0,2.0,0.0,,0.0,1.0,0.0,0.0,0.0,0.0,,,,,,,,,,,,,,,,,,,,,,,
2023,2021013462,2023-09-17,1400184.0,外崎 修汰,5.0,二,7,1.0,1.0,4.0,4.0,0.0,1.0,1.0,0.0,0.0,2.0,0.0,,0.0,0.0,0.0,0.0,0.0,0.0,,,,,,,,,,,,,,,,,,,,,,,
2023,2021013462,2023-09-17,1400188.0,中村 奨吾,8.0,二,9,1.0,1.0,4.0,4.0,0.0,0.0,0.0,0.0,0.0,0.0,0.0,,0.0,2.0,0.0,0.0,0.0,0.0,,,,,,,,,,,,,,,,,,,,,,,
2023,2021013462,2023-09-17,1460080.0,ポランコ,22.0,指,9,1.0,1.0,4.0,4.0,0.0,1.0,0.0,0.0,0.0,0.0,0.0,,0.0,2.0,0.0,0.0,0.0,0.0,,,,,,,,,,,,,,,,,,,,,,,
2023,2021013462,2023-09-17,1500102.0,愛斗,53.0,右,7,1.0,1.0,4.0,3.0,1.0,1.0,1.0,0.0,0.0,0.0,0.0,,0.0,2.0,1.0,0.0,0.0,0.0,,,,,,,,,,,,,,,,,,,,,,,
2023,2021013462,2023-09-17,1600129.0,源田 壮亮,6.0,遊,7,1.0,1.0,4.0,3.0,0.0,0.0,0.0,0.0,0.0,0.0,0.0,,0.0,2.0,0.0,1.0,0.0,0.0,,,,,,,,,,,,,,,,,,,,,,,
2023,2021013462,2023-09-17,1600131.0,平井 克典,25.0,,7,,,,,,,,,,,,,,,,,,,3.0,1.0,0.0,3.0,3.0,2.49,1.0,1.0,,,0.0,0.0,0.0,0.0,0.0,,0.0,0.0,0.0,,3.0,10.0,
2023,2021013462,2023-09-17,1600132.0,田村 伊知郎,40.0,,7,,,,,,,,,,,,,,,,,,,2.0,1.0,0.0,1.0,0.0,1.53,1.0,1.0,,,0.0,0.0,0.0,0.0,0.0,,0.0,1.0,0.0,,3.0,14.0,
2023,2021013462,2023-09-17,1700093.0,藤岡 裕大,4.0,打,9,1.0,0.0,1.0,1.0,0.0,0.0,0.0,0.0,0.0,0.0,0.0,,0.0,1.0,0.0,0.0,0.0,0.0,,,,,,,,,,,,,,,,,,,,,,,
2023,2021013462,2023-09-17,1700098.0,和田 康士朗,63.0,走,9,1.0,0.0,0.0,0.0,0.0,0.0,0.0,0.0,0.0,0.0,0.0,,0.0,0.0,0.0,0.0,0.0,0.0,,,,,,,,,,,,,,,,,,,,,,,
2023,2021013462,2023-09-17,1700122.0,西川 愛也,51.0,中,7,1.0,1.0,3.0,3.0,0.0,0.0,0.0,0.0,0.0,0.0,0.0,,0.0,1.0,0.0,0.0,0.0,0.0,,,,,,,,,,,,,,,,,,,,,,,
2023,2021013462,2023-09-17,1751148.0,隅田 知一郎,16.0,,7,,,,,,,,,,,,,,,,,,,1.0,1.0,,9.0,8.0,3.31,6.0,6.0,,,0.0,2.0,0.0,0.0,0.0,,3.0,8.0,0.0,,23.0,89.0,
2023,2021013462,2023-09-17,1800037.0,坂本 光士郎,36.0,,9,,,,,,,,,,,,,,,,,,,3.0,1.0,0.0,1.0,0.0,3.32,1.0,1.0,,,0.0,2.0,0.0,0.0,0.0,,0.0,1.0,0.0,,5.0,16.0,
2023,2021013462,2023-09-17,1800053.0,山口 航輝,51.0,一,9,1.0,1.0,3.0,2.0,0.0,0.0,0.0,0.0,0.0,0.0,0.0,,1.0,2.0,0.0,0.0,0.0,0.0,,,,,,,,,,,,,,,,,,,,,,,
2023,2021013462,2023-09-17,1800054.0,中村 稔弥,48.0,,9,,,,,,,,,,,,,,,,,,,2.0,1.0,0.0,1.0,1.0,2.76,2.0,2.0,,,0.0,0.0,0.0,0.0,0.0,,1.0,2.0,0.0,,7.0,30.0,
2023,2021013462,2023-09-17,1800086.0,佐藤 龍世,58.0,三,7,1.0,1.0,4.0,2.0,1.0,0.0,0.0,0.0,0.0,0.0,0.0,,2.0,0.0,0.0,0.0,0.0,0.0,,,,,,,,,,,,,,,,,,,,,,,
2023,2021013462,2023-09-17,1861064.0,ブロッソー,72.0,三,9,1.0,1.0,4.0,3.0,1.0,0.0,0.0,0.0,0.0,0.0,0.0,,1.0,0.0,0.0,0.0,0.0,0.0,,,,,,,,,,,,,,,,,,,,,,,
2023,2021013462,2023-09-17,1900068.0,岸 潤一郎,68.0,左,7,1.0,1.0,4.0,3.0,0.0,2.0,0.0,0.0,0.0,0.0,0.0,,1.0,0.0,0.0,0.0,0.0,0.0,,,,,,,,,,,,,,,,,,,,,,,
2023,2021013462,2023-09-17,1900080.0,佐々木 朗希,17.0,,9,,,,,,,,,,,,,,,,,,,1.0,1.0,,7.0,4.0,1.78,3.0,3.0,,,0.0,4.0,3.0,3.0,0.0,,1.0,3.0,2.0,,15.0,70.0,
2023,2021013462,2023-09-17,1900081.0,佐藤 都志也,32.0,捕,9,1.0,1.0,4.0,3.0,0.0,0.0,0.0,0.0,0.0,0.0,0.0,,1.0,1.0,0.0,0.0,0.0,0.0,,,,,,,,,,,,,,,,,,,,,,,
2023,2021013462,2023-09-17,2000067.0,渡部 健人,8.0,一,7,1.0,1.0,4.0,3.0,0.0,0.0,0.0,0.0,0.0,1.0,0.0,,0.0,2.0,1.0,0.0,0.0,0.0,,,,,,,,,,,,,,,,,,,,,,,
2023,2021013462,2023-09-17,2000087.0,鈴木 昭汰,47.0,,9,,,,,,,,,,,,,,,,,,,4.0,1.0,0.0,0.0,0.0,3.27,2.0,2.0,,,0.0,1.0,0.0,0.0,0.0,,1.0,1.0,0.0,,7.0,32.0,
2023,2021013462,2023-09-17,2060016.0,クリスキー,99.0,,7,,,,,,,,,,,,,,,,,,,4.0,1.0,0.0,0.0,0.0,1.8,1.0,1.0,,,5.0,2.0,2.0,2.0,1.0,,1.0,2.0,0.0,,6.0,26.0,
2023,2021013462,2023-09-17,2103949.0,古市 尊,65.0,捕,7,1.0,1.0,3.0,3.0,0.0,1.0,0.0,0.0,0.0,0.0,0.0,,0.0,0.0,0.0,0.0,0.0,0.0,,,,,,,,,,,,,,,,,,,,,,,
2023,2021013462,2023-09-17,2106798.0,友杉 篤輝,10.0,遊,9,1.0,1.0,3.0,2.0,0.0,1.0,0.0,0.0,0.0,0.0,0.0,,1.0,0.0,0.0,0.0,0.0,0.0,,,,,,,,,,,,,,,,,,,,,,,
2023,2021013463,2023-09-17,900056.0,浅村 栄斗,3.0,二,376,1.0,1.0,4.0,3.0,2.0,2.0,1.0,0.0,1.0,2.0,0.0,,0.0,0.0,1.0,0.0,0.0,0.0,,,,,,,,,,,,,,,,,,,,,,,
2023,2021013463,2023-09-17,1100103.0,鈴木 大地,7.0,打,376,1.0,0.0,1.0,1.0,0.0,0.0,0.0,0.0,0.0,0.0,0.0,,0.0,0.0,0.0,0.0,0.0,0.0,,,,,,,,,,,,,,,,,,,,,,,
2023,2021013463,2023-09-17,1100130.0,岡島 豪郎,27.0,左,376,1.0,1.0,4.0,4.0,0.0,2.0,0.0,0.0,0.0,1.0,0.0,,0.0,0.0,0.0,0.0,0.0,0.0,,,,,,,,,,,,,,,,,,,,,,,
2023,2021013463,2023-09-17,1100132.0,島内 宏明,35.0,指,376,1.0,1.0,4.0,3.0,0.0,0.0,0.0,0.0,0.0,0.0,0.0,,1.0,0.0,0.0,0.0,0.0,0.0,,,,,,,,,,,,,,,,,,,,,,,
2023,2021013463,2023-09-17,1160424.0,ゴンザレス,8.0,一,11,1.0,1.0,4.0,2.0,1.0,1.0,0.0,0.0,1.0,1.0,0.0,,1.0,0.0,0.0,1.0,0.0,0.0,,,,,,,,,,,,,,,,,,,,,,,
2023,2021013463,2023-09-17,1300100.0,森 友哉,4.0,捕,11,1.0,1.0,4.0,3.0,0.0,1.0,0.0,0.0,0.0,2.0,0.0,,1.0,0.0,0.0,0.0,0.0,0.0,,,,,,,,,,,,,,,,,,,,,,,
2023,2021013463,2023-09-17,1400139.0,安樂 智大,20.0,,376,,,,,,,,,,,,,,,,,,,2.0,1.0,0.0,2.0,2.0,2.76,0.6666666666666666,0.2,,,0.0,0.0,0.0,0.0,0.0,,2.0,0.0,0.0,,4.0,14.0,
2023,2021013463,2023-09-17,1400196.0,宗 佑磨,6.0,三,11,1.0,1.0,4.0,3.0,1.0,0.0,0.0,0.0,0.0,0.0,0.0,,1.0,0.0,0.0,0.0,0.0,0.0,,,,,,,,,,,,,,,,,,,,,,,
2023,2021013463,2023-09-17,1400201.0,西野 真弘,5.0,二,11,1.0,1.0,4.0,3.0,1.0,1.0,1.0,0.0,0.0,0.0,0.0,,1.0,0.0,0.0,0.0,0.0,0.0,,,,,,,,,,,,,,,,,,,,,,,
2023,2021013463,2023-09-17,1400202.0,小田 裕也,50.0,走左,11,1.0,0.0,0.0,0.0,1.0,0.0,0.0,0.0,0.0,0.0,0.0,,0.0,0.0,0.0,0.0,0.0,0.0,,,,,,,,,,,,,,,,,,,,,,,
2023,2021013463,2023-09-17,1460250.0,フランコ,23.0,打指,376,1.0,0.0,1.0,1.0,0.0,0.0,0.0,0.0,0.0,0.0,0.0,,0.0,0.0,0.0,0.0,0.0,0.0,,,,,,,,,,,,,,,,,,,,,,,
2023,2021013463,2023-09-17,1500078.0,阿部 寿樹,4.0,一三,376,1.0,1.0,4.0,4.0,0.0,1.0,0.0,0.0,0.0,1.0,0.0,,0.0,2.0,0.0,0.0,0.0,1.0,,,,,,,,,,,,,,,,,,,,,,,
2023,2021013463,2023-09-17,1500128.0,大城 滉二,10.0,二,11,1.0,0.0,0.0,0.0,0.0,0.0,0.0,0.0,0.0,0.0,0.0,,0.0,0.0,0.0,0.0,0.0,0.0,,,,,,,,,,,,,,,,,,,,,,,
2023,2021013463,2023-09-17,1500135.0,杉本 裕太郎,99.0,左,11,1.0,1.0,4.0,3.0,0.0,1.0,0.0,1.0,0.0,2.0,0.0,,0.0,0.0,0.0,0.0,1.0,0.0,,,,,,,,,,,,,,,,,,,,,,,
2023,2021013463,2023-09-17,1600007.0,村林 一輝,66.0,遊,376,1.0,1.0,4.0,3.0,0.0,2.0,0.0,0.0,0.0,0.0,0.0,,0.0,0.0,1.0,0.0,0.0,0.0,,,,,,,,,,,,,,,,,,,,,,,
2023,2021013463,2023-09-17,1600012.0,宋 家豪,43.0,,376,,,,,,,,,,,,,,,,,,,4.0,1.0,0.0,2.0,1.0,3.08,0.6666666666666666,0.2,,,0.0,3.0,2.0,2.0,0.0,,0.0,0.0,0.0,,5.0,15.0,
2023,2021013463,2023-09-17,1600094.0,田中 和基,25.0,走指,376,1.0,0.0,0.0,0.0,1.0,0.0,0.0,0.0,0.0,0.0,1.0,,0.0,0.0,0.0,0.0,0.0,0.0,,,,,,,,,,,,,,,,,,,,,,,
2023,2021013463,2023-09-17,1600155.0,山崎 颯一郎,63.0,,11,,,,,,,,,,,,,,,,,,,3.0,1.0,0.0,1.0,0.0,1.09,1.0,1.0,,,8.0,2.0,0.0,0.0,0.0,,0.0,1.0,0.0,,5.0,18.0,
2023,2021013463,2023-09-17,1751068.0,野口 智哉,9.0,右遊,11,1.0,1.0,4.0,3.0,0.0,1.0,0.0,0.0,0.0,1.0,0.0,,1.0,1.0,0.0,0.0,0.0,0.0,,,,,,,,,,,,,,,,,,,,,,,
2023,2021013463,2023-09-17,1800044.0,伊藤 裕季也,39.0,打一,376,1.0,0.0,2.0,2.0,0.0,0.0,0.0,0.0,0.0,0.0,0.0,,0.0,2.0,0.0,0.0,0.0,0.0,,,,,,,,,,,,,,,,,,,,,,,
2023,2021013463,2023-09-17,1800104.0,中川 圭太,67.0,中,11,1.0,1.0,5.0,3.0,1.0,1.0,0.0,0.0,0.0,0.0,0.0,,1.0,1.0,0.0,1.0,0.0,0.0,,,,,,,,,,,,,,,,,,,,,,,
2023,2021013463,2023-09-17,1800117.0,辰己 涼介,8.0,中,376,1.0,1.0,4.0,4.0,0.0,0.0,0.0,0.0,0.0,0.0,0.0,,0.0,1.0,0.0,0.0,0.0,0.0,,,,,,,,,,,,,,,,,,,,,,,
2023,2021013463,2023-09-17,1800118.0,太田 光,2.0,捕,376,1.0,1.0,3.0,3.0,0.0,1.0,1.0,0.0,0.0,0.0,0.0,,0.0,1.0,0.0,0.0,0.0,0.0,,,,,,,,,,,,,,,,,,,,,,,
2023,2021013463,2023-09-17,1800123.0,小郷 裕哉,51.0,右,376,1.0,1.0,5.0,5.0,1.0,2.0,0.0,0.0,0.0,0.0,0.0,,0.0,1.0,0.0,0.0,0.0,0.0,,,,,,,,,,,,,,,,,,,,,,,
2023,2021013463,2023-09-17,1800124.0,鈴木 翔天,56.0,,376,,,,,,,,,,,,,,,,,,,3.0,1.0,0.0,1.0,1.0,2.97,1.0,1.0,,,1.0,1.0,0.0,0.0,0.0,,1.0,0.0,0.0,,4.0,21.0,
2023,2021013463,2023-09-17,1900087.0,宮城 大弥,13.0,,11,,,,,,,,,,,,,,,,,,,1.0,1.0,,10.0,4.0,2.35,7.333333333333333,7.1,,,0.0,7.0,4.0,4.0,1.0,,1.0,6.0,1.0,,30.0,108.0,
2023,2021013463,2023-09-17,1900088.0,紅林 弘太郎,24.0,遊,11,1.0,1.0,4.0,4.0,0.0,2.0,0.0,0.0,0.0,0.0,0.0,,0.0,1.0,0.0,0.0,0.0,0.0,,,,,,,,,,,,,,,,,,,,,,,
2023,2021013463,2023-09-17,1900112.0,小深田 大翔,0.0,三,376,1.0,1.0,3.0,3.0,0.0,0.0,0.0,0.0,0.0,0.0,1.0,,0.0,1.0,0.0,0.0,0.0,0.0,,,,,,,,,,,,,,,,,,,,,,,
2023,2021013463,2023-09-17,2000104.0,宇田川 優希,96.0,,11,,,,,,,,,,,,,,,,,,,2.0,1.0,0.0,4.0,0.0,1.86,0.6666666666666666,0.2,,,2.0,1.0,0.0,0.0,0.0,,0.0,1.0,1.0,,4.0,16.0,
2023,2021013463,2023-09-17,2000126.0,内 星龍,69.0,,376,,,,,,,,,,,,,,,,,,,5.0,1.0,0.0,4.0,2.0,2.6,0.3333333333333333,0.1,,,0.0,0.0,0.0,0.0,0.0,,0.0,0.0,0.0,,0.0,4.0,
2023,2021013463,2023-09-17,2103747.0,渡部 遼人,0.0,走右,11,1.0,0.0,0.0,0.0,1.0,0.0,0.0,0.0,0.0,0.0,0.0,,0.0,0.0,0.0,0.0,0.0,0.0,,,,,,,,,,,,,,,,,,,,,,,
2023,2021013463,2023-09-17,2106793.0,荘司 康誠,19.0,,376,,,,,,,,,,,,,,,,,,,1.0,1.0,,4.0,3.0,3.5,5.333333333333333,5.1,,,0.0,5.0,4.0,4.0,1.0,,3.0,4.0,0.0,,24.0,91.0,
2023,2021013463,2023-09-17,2108913.0,セデーニョ,40.0,指,11,1.0,1.0,4.0,4.0,0.0,1.0,0.0,0.0,0.0,0.0,0.0,,0.0,1.0,0.0,0.0,0.0,0.0,,,,,,,,,,,,,,,,,,,,,,,
2023,2021013464,2023-09-18,400021.0,青木 宣親,23.0,打,2,1.0,0.0,1.0,0.0,0.0,0.0,0.0,0.0,0.0,0.0,0.0,,1.0,0.0,0.0,0.0,0.0,0.0,,,,,,,,,,,,,,,,,,,,,,,
2023,2021013464,2023-09-18,600011.0,川端 慎吾,5.0,打,2,1.0,0.0,1.0,1.0,0.0,1.0,0.0,0.0,0.0,0.0,0.0,,0.0,0.0,0.0,0.0,0.0,0.0,,,,,,,,,,,,,,,,,,,,,,,
2023,2021013464,2023-09-18,700003.0,坂本 勇人,6.0,三,1,1.0,1.0,4.0,4.0,0.0,2.0,2.0,0.0,0.0,2.0,0.0,,0.0,1.0,0.0,0.0,0.0,0.0,,,,,,,,,,,,,,,,,,,,,,,
2023,2021013464,2023-09-18,700027.0,梶谷 隆幸,13.0,打左,1,1.0,0.0,2.0,1.0,0.0,0.0,0.0,0.0,0.0,0.0,0.0,,1.0,0.0,0.0,0.0,0.0,0.0,,,,,,,,,,,,,,,,,,,,,,,
2023,2021013464,2023-09-18,800043.0,丸 佳浩,8.0,中,1,1.0,1.0,5.0,5.0,0.0,0.0,0.0,0.0,0.0,0.0,0.0,,0.0,0.0,0.0,0.0,0.0,0.0,,,,,,,,,,,,,,,,,,,,,,,
2023,2021013464,2023-09-18,800054.0,中田 翔,10.0,一,1,1.0,1.0,2.0,2.0,0.0,0.0,0.0,0.0,0.0,0.0,0.0,,0.0,1.0,0.0,0.0,0.0,0.0,,,,,,,,,,,,,,,,,,,,,,,
2023,2021013464,2023-09-18,900044.0,中村 悠平,27.0,捕,2,1.0,1.0,5.0,5.0,0.0,1.0,0.0,0.0,0.0,0.0,0.0,,0.0,0.0,0.0,0.0,0.0,0.0,,,,,,,,,,,,,,,,,,,,,,,
2023,2021013464,2023-09-18,900397.0,長野 久義,7.0,右,1,1.0,1.0,3.0,2.0,1.0,0.0,0.0,0.0,0.0,0.0,0.0,,1.0,0.0,0.0,0.0,0.0,0.0,,,,,,,,,,,,,,,,,,,,,,,
2023,2021013464,2023-09-18,1000132.0,山田 哲人,1.0,二,2,1.0,1.0,6.0,4.0,0.0,0.0,0.0,0.0,0.0,0.0,0.0,,2.0,0.0,0.0,0.0,0.0,0.0,,,,,,,,,,,,,,,,,,,,,,,
2023,2021013464,2023-09-18,1100038.0,今村 信貴,26.0,投,1,1.0,0.0,0.0,0.0,0.0,0.0,0.0,0.0,0.0,0.0,0.0,,0.0,0.0,0.0,0.0,0.0,0.0,3.0,1.0,0.0,0.0,0.0,3.96,1.3333333333333333,1.1,,,0.0,3.0,1.0,1.0,1.0,,0.0,0.0,0.0,,6.0,25.0,
2023,2021013464,2023-09-18,1200075.0,石山 泰稚,12.0,投,2,1.0,0.0,0.0,0.0,0.0,0.0,0.0,0.0,0.0,0.0,0.0,,0.0,0.0,0.0,0.0,0.0,0.0,2.0,1.0,0.0,3.0,6.0,4.6,1.0,1.0,,,0.0,0.0,0.0,0.0,0.0,,0.0,0.0,0.0,,3.0,8.0,
2023,2021013464,2023-09-18,1300029.0,田口 麗斗,34.0,投,2,1.0,0.0,0.0,0.0,0.0,0.0,0.0,0.0,0.0,0.0,0.0,,0.0,0.0,0.0,0.0,0.0,0.0,6.0,1.0,0.0,1.0,4.0,1.6,0.3333333333333333,0.1,,,32.0,3.0,1.0,1.0,0.0,,0.0,1.0,0.0,,4.0,13.0,
2023,2021013464,2023-09-18,1300045.0,高梨 裕稔,14.0,投,2,1.0,0.0,0.0,0.0,0.0,0.0,0.0,0.0,0.0,0.0,0.0,,0.0,0.0,0.0,0.0,0.0,0.0,5.0,1.0,0.0,0.0,3.0,5.35,1.0,1.0,,,0.0,1.0,0.0,0.0,0.0,,0.0,1.0,0.0,,4.0,11.0,
2023,2021013464,2023-09-18,1400101.0,岡本 和真,25.0,左一,1,1.0,1.0,5.0,3.0,0.0,1.0,0.0,0.0,0.0,0.0,0.0,,2.0,1.0,0.0,0.0,0.0,0.0,,,,,,,,,,,,,,,,,,,,,,,
2023,2021013464,2023-09-18,1450689.0,船迫 大雅,58.0,投,1,1.0,0.0,0.0,0.0,0.0,0.0,0.0,0.0,0.0,0.0,0.0,,0.0,0.0,0.0,0.0,0.0,0.0,8.0,1.0,0.0,3.0,1.0,2.33,0.6666666666666666,0.2,,,0.0,0.0,0.0,0.0,0.0,,1.0,1.0,0.0,,3.0,11.0,
2023,2021013464,2023-09-18,1500047.0,重信 慎之介,43.0,走,1,1.0,0.0,0.0,0.0,1.0,0.0,0.0,0.0,0.0,0.0,0.0,,0.0,0.0,0.0,0.0,0.0,0.0,,,,,,,,,,,,,,,,,,,,,,,
2023,2021013464,2023-09-18,1500052.0,中川 皓太,41.0,投,1,1.0,0.0,0.0,0.0,0.0,0.0,0.0,0.0,0.0,0.0,0.0,,0.0,0.0,0.0,0.0,0.0,0.0,5.0,1.0,0.0,1.0,3.0,2.01,1.0,1.0,,,12.0,1.0,1.0,1.0,0.0,,1.0,2.0,0.0,,5.0,20.0,
2023,2021013464,2023-09-18,1500054.0,増田 大輝,0.0,走三,1,1.0,0.0,2.0,2.0,0.0,1.0,0.0,0.0,0.0,1.0,0.0,,0.0,0.0,0.0,0.0,0.0,0.0,,,,,,,,,,,,,,,,,,,,,,,
2023,2021013464,2023-09-18,1561778.0,バルドナード,49.0,投,1,1.0,0.0,0.0,0.0,0.0,0.0,0.0,0.0,0.0,0.0,0.0,,0.0,0.0,0.0,0.0,0.0,0.0,6.0,1.0,0.0,2.0,1.0,1.86,2.0,2.0,,,0.0,0.0,0.0,0.0,0.0,,1.0,0.0,0.0,,7.0,32.0,
2023,2021013464,2023-09-18,1600059.0,吉川 尚輝,2.0,二,1,1.0,1.0,5.0,5.0,1.0,1.0,0.0,0.0,1.0,1.0,0.0,,0.0,1.0,0.0,0.0,0.0,0.0,,,,,,,,,,,,,,,,,,,,,,,
2023,2021013464,2023-09-18,1600075.0,星 知弥,24.0,投,2,1.0,0.0,0.0,0.0,0.0,0.0,0.0,0.0,0.0,0.0,0.0,,0.0,0.0,0.0,0.0,0.0,0.0,3.0,1.0,0.0,2.0,2.0,3.55,1.0,1.0,,,0.0,2.0,1.0,1.0,0.0,,2.0,3.0,0.0,,7.0,27.0,
2023,2021013464,2023-09-18,1650522.0,丸山 和郁,4.0,走左右,2,1.0,0.0,1.0,1.0,1.0,0.0,0.0,0.0,0.0,0.0,1.0,,0.0,0.0,0.0,0.0,0.0,0.0,,,,,,,,,,,,,,,,,,,,,,,
2023,2021013464,2023-09-18,1651302.0,岡田 悠希,38.0,右,1,1.0,0.0,3.0,3.0,0.0,0.0,0.0,0.0,0.0,0.0,0.0,,0.0,2.0,0.0,0.0,0.0,0.0,,,,,,,,,,,,,,,,,,,,,,,
2023,2021013464,2023-09-18,1700043.0,岸田 行倫,27.0,捕,1,1.0,0.0,3.0,3.0,0.0,1.0,0.0,0.0,0.0,0.0,0.0,,0.0,1.0,0.0,0.0,0.0,0.0,,,,,,,,,,,,,,,,,,,,,,,
2023,2021013464,2023-09-18,1700044.0,大城 卓三,24.0,捕,1,1.0,1.0,3.0,2.0,0.0,0.0,0.0,0.0,0.0,0.0,0.0,,0.0,1.0,0.0,1.0,0.0,0.0,,,,,,,,,,,,,,,,,,,,,,,
2023,2021013464,2023-09-18,1700045.0,北村 拓己,52.0,打,1,1.0,0.0,1.0,1.0,0.0,1.0,1.0,0.0,0.0,0.0,0.0,,0.0,0.0,0.0,0.0,0.0,0.0,,,,,,,,,,,,,,,,,,,,,,,
2023,2021013464,2023-09-18,1700060.0,阪口 皓亮,58.0,投,2,1.0,0.0,0.0,0.0,0.0,0.0,0.0,0.0,0.0,0.0,0.0,,0.0,0.0,0.0,0.0,0.0,0.0,4.0,1.0,0.0,0.0,2.0,3.14,2.0,2.0,,,0.0,0.0,0.0,0.0,0.0,,1.0,2.0,0.0,,7.0,27.0,
2023,2021013464,2023-09-18,1700084.0,村上 宗隆,55.0,三,2,1.0,1.0,6.0,3.0,0.0,0.0,0.0,0.0,0.0,1.0,0.0,,2.0,1.0,0.0,0.0,1.0,0.0,,,,,,,,,,,,,,,,,,,,,,,
2023,2021013464,2023-09-18,1700087.0,塩見 泰隆,9.0,中,2,1.0,1.0,6.0,3.0,1.0,1.0,1.0,0.0,0.0,1.0,0.0,,3.0,1.0,0.0,0.0,0.0,0.0,,,,,,,,,,,,,,,,,,,,,,,
2023,2021013464,2023-09-18,1700089.0,宮本 丈,39.0,打,2,1.0,0.0,1.0,0.0,0.0,0.0,0.0,0.0,0.0,0.0,0.0,,0.0,0.0,0.0,1.0,0.0,0.0,,,,,,,,,,,,,,,,,,,,,,,
2023,2021013464,2023-09-18,1800036.0,濱田 太貴,51.0,打,2,1.0,0.0,1.0,1.0,0.0,0.0,0.0,0.0,0.0,0.0,0.0,,0.0,1.0,0.0,0.0,0.0,0.0,,,,,,,,,,,,,,,,,,,,,,,
2023,2021013464,2023-09-18,1850809.0,松井 颯,93.0,投,1,1.0,0.0,0.0,0.0,0.0,0.0,0.0,0.0,0.0,0.0,0.0,,0.0,0.0,0.0,0.0,0.0,1.0,2.0,1.0,0.0,1.0,1.0,3.26,0.0,0.0,,,0.0,0.0,1.0,0.0,0.0,,2.0,0.0,0.0,,3.0,16.0,
2023,2021013464,2023-09-18,1900028.0,長岡 秀樹,7.0,遊,2,1.0,0.0,1.0,1.0,0.0,0.0,0.0,0.0,0.0,0.0,0.0,,0.0,0.0,0.0,0.0,0.0,0.0,,,,,,,,,,,,,,,,,,,,,,,
2023,2021013464,2023-09-18,1900029.0,武岡 龍世,60.0,遊,2,1.0,1.0,3.0,3.0,0.0,1.0,0.0,0.0,0.0,0.0,0.0,,0.0,0.0,0.0,0.0,0.0,0.0,,,,,,,,,,,,,,,,,,,,,,,
2023,2021013464,2023-09-18,1961407.0,グリフィン,29.0,投,1,1.0,1.0,1.0,1.0,0.0,0.0,0.0,0.0,0.0,0.0,0.0,,0.0,1.0,0.0,0.0,0.0,0.0,1.0,1.0,,5.0,5.0,2.92,5.0,5.0,,,0.0,2.0,0.0,0.0,0.0,,2.0,5.0,0.0,,18.0,79.0,
2023,2021013464,2023-09-18,2000005.0,平内 龍太,11.0,投,1,1.0,0.0,0.0,0.0,0.0,0.0,0.0,0.0,0.0,0.0,0.0,,0.0,0.0,0.0,0.0,0.0,0.0,7.0,1.0,0.0,0.0,1.0,3.95,0.3333333333333333,0.1,,,0.0,0.0,0.0,0.0,0.0,,2.0,0.0,0.0,,3.0,16.0,
2023,2021013464,2023-09-18,2000007.0,中山 礼都,40.0,打,1,1.0,0.0,1.0,0.0,0.0,0.0,0.0,0.0,0.0,0.0,0.0,,1.0,0.0,0.0,0.0,0.0,0.0,,,,,,,,,,,,,,,,,,,,,,,
2023,2021013464,2023-09-18,2000009.0,秋広 優人,55.0,左,1,1.0,0.0,2.0,2.0,0.0,0.0,0.0,0.0,0.0,0.0,0.0,,0.0,1.0,0.0,0.0,0.0,0.0,,,,,,,,,,,,,,,,,,,,,,,
2023,2021013464,2023-09-18,2000025.0,山野 太一,26.0,投,2,1.0,1.0,2.0,2.0,0.0,0.0,0.0,0.0,0.0,0.0,0.0,,0.0,1.0,0.0,0.0,0.0,0.0,1.0,1.0,,1.0,2.0,4.64,6.0,6.0,,,0.0,4.0,2.0,2.0,1.0,,2.0,5.0,0.0,,23.0,82.0,
2023,2021013464,2023-09-18,2000026.0,内山 壮真,33.0,左,2,1.0,1.0,5.0,4.0,0.0,0.0,0.0,0.0,0.0,0.0,0.0,,1.0,1.0,0.0,0.0,0.0,0.0,,,,,,,,,,,,,,,,,,,,,,,
2023,2021013464,2023-09-18,2000031.0,赤羽 由紘,71.0,走左,2,1.0,0.0,1.0,1.0,0.0,0.0,0.0,0.0,0.0,0.0,0.0,,0.0,1.0,0.0,0.0,0.0,0.0,,,,,,,,,,,,,,,,,,,,,,,
2023,2021013464,2023-09-18,2000133.0,オスナ,13.0,一,2,1.0,1.0,6.0,6.0,1.0,2.0,1.0,0.0,1.0,1.0,0.0,,0.0,1.0,0.0,0.0,0.0,0.0,,,,,,,,,,,,,,,,,,,,,,,
2023,2021013464,2023-09-18,2000135.0,サンタナ,25.0,右,2,1.0,1.0,5.0,4.0,0.0,0.0,0.0,0.0,0.0,0.0,0.0,,1.0,3.0,0.0,0.0,0.0,0.0,,,,,,,,,,,,,,,,,,,,,,,
2023,2021013464,2023-09-18,2103705.0,菊地 大稀,96.0,投,1,1.0,0.0,0.0,0.0,0.0,0.0,0.0,0.0,0.0,0.0,0.0,,0.0,0.0,0.0,0.0,0.0,0.0,4.0,1.0,0.0,4.0,3.0,3.2,1.6666666666666663,1.2,,,0.0,0.0,0.0,0.0,0.0,,1.0,2.0,0.0,,6.0,21.0,
2023,2021013464,2023-09-18,2107874.0,門脇 誠,35.0,遊,1,1.0,1.0,6.0,5.0,1.0,3.0,1.0,0.0,0.0,0.0,0.0,,0.0,2.0,0.0,1.0,0.0,0.0,,,,,,,,,,,,,,,,,,,,,,,
2023,2021013465,2023-09-18,700034.0,堂上 直倫,63.0,三,4,1.0,0.0,1.0,0.0,0.0,0.0,0.0,0.0,0.0,0.0,0.0,,1.0,0.0,0.0,0.0,0.0,0.0,,,,,,,,,,,,,,,,,,,,,,,
2023,2021013465,2023-09-18,800041.0,松山 竜平,55.0,打,6,1.0,0.0,1.0,1.0,0.0,0.0,0.0,0.0,0.0,0.0,0.0,,0.0,0.0,0.0,0.0,0.0,0.0,,,,,,,,,,,,,,,,,,,,,,,
2023,2021013465,2023-09-18,900410.0,大島 洋平,8.0,左,4,1.0,1.0,4.0,3.0,0.0,2.0,0.0,0.0,0.0,0.0,1.0,,1.0,0.0,0.0,0.0,0.0,0.0,,,,,,,,,,,,,,,,,,,,,,,
2023,2021013465,2023-09-18,900430.0,堂林 翔太,7.0,左,6,1.0,1.0,5.0,5.0,1.0,1.0,0.0,0.0,0.0,1.0,0.0,,0.0,1.0,0.0,0.0,0.0,0.0,,,,,,,,,,,,,,,,,,,,,,,
2023,2021013465,2023-09-18,1000116.0,中崎 翔太,21.0,投,6,1.0,0.0,0.0,0.0,0.0,0.0,0.0,0.0,0.0,0.0,0.0,,0.0,0.0,0.0,0.0,0.0,0.0,3.0,1.0,0.0,1.0,0.0,2.87,1.0,1.0,,,0.0,2.0,3.0,3.0,0.0,,2.0,0.0,0.0,,7.0,31.0,
2023,2021013465,2023-09-18,1000150.0,秋山 翔吾,9.0,中,6,1.0,1.0,6.0,5.0,1.0,2.0,0.0,0.0,0.0,1.0,0.0,,1.0,1.0,0.0,0.0,0.0,0.0,,,,,,,,,,,,,,,,,,,,,,,
2023,2021013465,2023-09-18,1200097.0,加藤 翔平,52.0,走左,4,1.0,0.0,2.0,1.0,1.0,0.0,0.0,0.0,0.0,0.0,0.0,,1.0,0.0,0.0,0.0,0.0,0.0,,,,,,,,,,,,,,,,,,,,,,,
2023,2021013465,2023-09-18,1300059.0,田中 広輔,2.0,三,6,1.0,1.0,5.0,4.0,1.0,0.0,0.0,0.0,0.0,0.0,0.0,,1.0,0.0,0.0,0.0,0.0,0.0,,,,,,,,,,,,,,,,,,,,,,,
2023,2021013465,2023-09-18,1300082.0,曽根 海成,0.0,右,6,1.0,0.0,0.0,0.0,0.0,0.0,0.0,0.0,0.0,0.0,0.0,,0.0,0.0,0.0,0.0,0.0,0.0,,,,,,,,,,,,,,,,,,,,,,,
2023,2021013465,2023-09-18,1400199.0,齋藤 綱記,59.0,投,4,1.0,0.0,0.0,0.0,0.0,0.0,0.0,0.0,0.0,0.0,0.0,,0.0,0.0,0.0,0.0,0.0,0.0,3.0,1.0,0.0,2.0,0.0,0.83,0.0,0.0,,,0.0,1.0,0.0,0.0,0.0,,0.0,0.0,0.0,,1.0,7.0,
2023,2021013465,2023-09-18,1460004.0,デビッドソン,95.0,打,6,1.0,0.0,1.0,1.0,0.0,0.0,0.0,0.0,0.0,0.0,0.0,,0.0,0.0,0.0,0.0,0.0,0.0,,,,,,,,,,,,,,,,,,,,,,,
2023,2021013465,2023-09-18,1500076.0,木下 拓哉,35.0,捕,4,1.0,0.0,2.0,2.0,0.0,0.0,0.0,0.0,0.0,0.0,0.0,,0.0,1.0,0.0,0.0,0.0,0.0,,,,,,,,,,,,,,,,,,,,,,,
2023,2021013465,2023-09-18,1500077.0,福 敬登,34.0,投,4,1.0,0.0,0.0,0.0,0.0,0.0,0.0,0.0,0.0,0.0,0.0,,0.0,0.0,0.0,0.0,0.0,0.0,5.0,1.0,0.0,1.0,0.0,3.14,0.3333333333333333,0.1,,,0.0,0.0,0.0,0.0,0.0,,0.0,1.0,0.0,,1.0,3.0,
2023,2021013465,2023-09-18,1560639.0,カリステ,99.0,遊,4,1.0,1.0,6.0,6.0,0.0,2.0,1.0,0.0,0.0,4.0,0.0,,0.0,1.0,0.0,0.0,0.0,0.0,,,,,,,,,,,,,,,,,,,,,,,
2023,2021013465,2023-09-18,1600021.0,ビシエド,66.0,一,4,1.0,1.0,5.0,4.0,1.0,1.0,0.0,0.0,1.0,1.0,0.0,,1.0,0.0,0.0,0.0,0.0,1.0,,,,,,,,,,,,,,,,,,,,,,,
2023,2021013465,2023-09-18,1600085.0,細川 成也,0.0,右,4,1.0,1.0,5.0,4.0,1.0,0.0,0.0,0.0,0.0,0.0,0.0,,1.0,1.0,0.0,0.0,0.0,0.0,,,,,,,,,,,,,,,,,,,,,,,
2023,2021013465,2023-09-18,1600108.0,石垣 雅海,32.0,打,4,1.0,0.0,1.0,1.0,0.0,0.0,0.0,0.0,0.0,0.0,0.0,,0.0,1.0,0.0,0.0,0.0,0.0,,,,,,,,,,,,,,,,,,,,,,,
2023,2021013465,2023-09-18,1600110.0,藤嶋 健人,54.0,投,4,1.0,0.0,0.0,0.0,0.0,0.0,0.0,0.0,0.0,0.0,0.0,,0.0,0.0,0.0,0.0,0.0,0.0,2.0,1.0,0.0,1.0,1.0,1.21,0.0,0.0,,,1.0,1.0,2.0,0.0,0.0,,0.0,0.0,0.0,,2.0,10.0,
2023,2021013465,2023-09-18,1600121.0,矢崎 拓也,41.0,投,6,1.0,0.0,0.0,0.0,0.0,0.0,0.0,0.0,0.0,0.0,0.0,,0.0,0.0,0.0,0.0,0.0,0.0,4.0,1.0,0.0,4.0,2.0,2.66,1.0,1.0,,,24.0,0.0,0.0,0.0,0.0,,0.0,1.0,0.0,,3.0,12.0,
2023,2021013465,2023-09-18,1600124.0,坂倉 将吾,31.0,捕,6,1.0,1.0,5.0,4.0,0.0,2.0,0.0,0.0,0.0,0.0,0.0,,1.0,1.0,0.0,0.0,0.0,0.0,,,,,,,,,,,,,,,,,,,,,,,
2023,2021013465,2023-09-18,1650187.0,中村 貴浩,97.0,右,6,1.0,1.0,5.0,5.0,1.0,2.0,0.0,0.0,0.0,1.0,0.0,,0.0,1.0,0.0,0.0,0.0,0.0,,,,,,,,,,,,,,,,,,,,,,,
2023,2021013465,2023-09-18,1660045.0,フェリス,93.0,投,4,1.0,0.0,0.0,0.0,0.0,0.0,0.0,0.0,0.0,0.0,0.0,,0.0,0.0,0.0,0.0,0.0,0.0,6.0,1.0,0.0,1.0,0.0,0.0,1.0,1.0,,,0.0,1.0,0.0,0.0,0.0,,1.0,2.0,0.0,,5.0,23.0,
2023,2021013465,2023-09-18,1700068.0,中村 奨成,22.0,走,6,1.0,0.0,0.0,0.0,1.0,0.0,0.0,0.0,0.0,0.0,0.0,,0.0,0.0,0.0,0.0,0.0,0.0,,,,,,,,,,,,,,,,,,,,,,,
2023,2021013465,2023-09-18,1700104.0,清水 達也,50.0,投,4,1.0,0.0,0.0,0.0,0.0,0.0,0.0,0.0,0.0,0.0,0.0,,0.0,0.0,0.0,0.0,0.0,0.0,4.0,1.0,0.0,3.0,3.0,3.09,0.0,0.0,,,0.0,1.0,0.0,0.0,0.0,,0.0,0.0,0.0,,1.0,5.0,
2023,2021013465,2023-09-18,1800059.0,根尾 昂,7.0,投,4,1.0,1.0,3.0,3.0,0.0,1.0,0.0,0.0,0.0,0.0,0.0,,0.0,0.0,0.0,0.0,0.0,0.0,1.0,1.0,,0.0,0.0,0.0,6.666666666666667,6.2,,,0.0,4.0,4.0,0.0,0.0,,3.0,2.0,0.0,,25.0,98.0,
2023,2021013465,2023-09-18,1800061.0,勝野 昌慶,41.0,投,4,1.0,0.0,0.0,0.0,0.0,0.0,0.0,0.0,0.0,0.0,0.0,,0.0,0.0,0.0,0.0,0.0,0.0,8.0,1.0,0.0,5.0,2.0,2.34,2.0,2.0,,,0.0,1.0,0.0,0.0,0.0,,0.0,1.0,0.0,,6.0,26.0,
2023,2021013465,2023-09-18,1800062.0,石橋 康太,58.0,捕,4,1.0,1.0,3.0,3.0,2.0,3.0,2.0,0.0,0.0,2.0,0.0,,0.0,0.0,0.0,0.0,0.0,0.0,,,,,,,,,,,,,,,,,,,,,,,
2023,2021013465,2023-09-18,1800072.0,小園 海斗,51.0,遊,6,1.0,1.0,5.0,5.0,0.0,1.0,0.0,0.0,0.0,0.0,0.0,,0.0,1.0,0.0,0.0,0.0,0.0,,,,,,,,,,,,,,,,,,,,,,,
2023,2021013465,2023-09-18,1800073.0,島内 颯太郎,43.0,投,6,1.0,0.0,0.0,0.0,0.0,0.0,0.0,0.0,0.0,0.0,0.0,,0.0,0.0,0.0,0.0,0.0,0.0,5.0,1.0,0.0,2.0,3.0,2.5,1.0,1.0,,,2.0,1.0,0.0,0.0,0.0,,0.0,1.0,0.0,,3.0,17.0,
2023,2021013465,2023-09-18,1800078.0,羽月 隆太郎,69.0,二,6,1.0,1.0,3.0,2.0,1.0,0.0,0.0,0.0,0.0,0.0,1.0,,1.0,0.0,0.0,0.0,0.0,0.0,,,,,,,,,,,,,,,,,,,,,,,
2023,2021013465,2023-09-18,1800079.0,大盛 穂,59.0,打左,6,1.0,0.0,2.0,1.0,0.0,0.0,0.0,0.0,0.0,0.0,0.0,,0.0,1.0,1.0,0.0,0.0,0.0,,,,,,,,,,,,,,,,,,,,,,,
2023,2021013465,2023-09-18,1860147.0,アンダーソン,42.0,投,6,1.0,0.0,0.0,0.0,0.0,0.0,0.0,0.0,0.0,0.0,0.0,,0.0,0.0,0.0,0.0,0.0,0.0,2.0,1.0,0.0,4.0,1.0,2.38,1.0,1.0,,,0.0,0.0,0.0,0.0,0.0,,1.0,1.0,0.0,,4.0,20.0,
2023,2021013465,2023-09-18,1900037.0,石川 昂弥,25.0,三,4,1.0,1.0,5.0,5.0,0.0,0.0,0.0,0.0,0.0,0.0,0.0,,0.0,0.0,0.0,0.0,0.0,0.0,,,,,,,,,,,,,,,,,,,,,,,
2023,2021013465,2023-09-18,1900041.0,岡林 勇希,60.0,中,4,1.0,1.0,6.0,4.0,1.0,2.0,0.0,0.0,0.0,1.0,0.0,,2.0,0.0,0.0,0.0,0.0,0.0,,,,,,,,,,,,,,,,,,,,,,,
2023,2021013465,2023-09-18,1961166.0,マクブルーム,10.0,一,6,1.0,1.0,5.0,5.0,1.0,1.0,0.0,0.0,0.0,1.0,0.0,,0.0,0.0,0.0,0.0,0.0,0.0,,,,,,,,,,,,,,,,,,,,,,,
2023,2021013465,2023-09-18,2000047.0,三好 大倫,30.0,走,4,1.0,0.0,0.0,0.0,1.0,0.0,0.0,0.0,0.0,0.0,0.0,,0.0,0.0,0.0,0.0,0.0,0.0,,,,,,,,,,,,,,,,,,,,,,,
2023,2021013465,2023-09-18,2000060.0,栗林 良吏,20.0,投,6,1.0,0.0,0.0,0.0,0.0,0.0,0.0,0.0,0.0,0.0,0.0,,0.0,0.0,0.0,0.0,0.0,0.0,6.0,1.0,0.0,3.0,7.0,3.17,1.0,1.0,,,16.0,1.0,1.0,1.0,1.0,,0.0,0.0,0.0,,4.0,8.0,
2023,2021013465,2023-09-18,2000062.0,大道 温貴,12.0,投,6,1.0,0.0,0.0,0.0,0.0,0.0,0.0,0.0,0.0,0.0,0.0,,0.0,0.0,0.0,0.0,0.0,0.0,7.0,1.0,0.0,3.0,1.0,2.64,1.0,1.0,,,0.0,1.0,1.0,1.0,0.0,,3.0,1.0,0.0,,7.0,29.0,
2023,2021013465,2023-09-18,2000065.0,矢野 雅哉,61.0,走二,6,1.0,0.0,2.0,1.0,0.0,0.0,0.0,0.0,0.0,0.0,0.0,,0.0,0.0,0.0,1.0,0.0,0.0,,,,,,,,,,,,,,,,,,,,,,,
2023,2021013465,2023-09-18,2103768.0,末包 昇大,52.0,打,6,1.0,0.0,1.0,1.0,0.0,1.0,0.0,0.0,0.0,1.0,0.0,,0.0,0.0,0.0,0.0,0.0,0.0,,,,,,,,,,,,,,,,,,,,,,,
2023,2021013465,2023-09-18,2103780.0,福永 裕基,68.0,二,4,1.0,1.0,5.0,5.0,1.0,1.0,1.0,0.0,0.0,0.0,0.0,,0.0,1.0,0.0,0.0,0.0,1.0,,,,,,,,,,,,,,,,,,,,,,,
2023,2021013465,2023-09-18,2103788.0,森 翔平,16.0,投,6,1.0,1.0,1.0,1.0,0.0,0.0,0.0,0.0,0.0,0.0,0.0,,0.0,1.0,0.0,0.0,0.0,0.0,1.0,1.0,,4.0,2.0,4.59,4.0,4.0,,,0.0,7.0,3.0,3.0,0.0,,1.0,1.0,0.0,,20.0,72.0,
2023,2021013465,2023-09-18,2107869.0,松山 晋也,90.0,投,4,1.0,0.0,0.0,0.0,0.0,0.0,0.0,0.0,0.0,0.0,0.0,,0.0,0.0,0.0,0.0,0.0,1.0,7.0,1.0,0.0,0.0,0.0,0.91,1.0,1.0,,,0.0,1.0,1.0,0.0,0.0,,0.0,1.0,1.0,,6.0,21.0,
2023,2021013466,2023-09-18,500051.0,藤田 一也,23.0,打,3,1.0,0.0,1.0,1.0,0.0,0.0,0.0,0.0,0.0,0.0,0.0,,0.0,1.0,0.0,0.0,0.0,0.0,,,,,,,,,,,,,,,,,,,,,,,
2023,2021013466,2023-09-18,800075.0,伊藤 光,29.0,捕,3,1.0,1.0,4.0,4.0,0.0,0.0,0.0,0.0,0.0,0.0,0.0,,0.0,0.0,0.0,0.0,0.0,0.0,,,,,,,,,,,,,,,,,,,,,,,
2023,2021013466,2023-09-18,900011.0,大田 泰示,0.0,右,3,1.0,1.0,5.0,4.0,2.0,1.0,1.0,0.0,0.0,0.0,0.0,,1.0,1.0,0.0,0.0,0.0,0.0,,,,,,,,,,,,,,,,,,,,,,,
2023,2021013466,2023-09-18,900426.0,原口 文仁,94.0,打,5,1.0,0.0,1.0,1.0,0.0,0.0,0.0,0.0,0.0,0.0,0.0,,0.0,0.0,0.0,0.0,0.0,0.0,,,,,,,,,,,,,,,,,,,,,,,
2023,2021013466,2023-09-18,1100061.0,桑原 将志,1.0,中,3,1.0,0.0,0.0,0.0,0.0,0.0,0.0,0.0,0.0,0.0,0.0,,0.0,0.0,0.0,0.0,0.0,0.0,,,,,,,,,,,,,,,,,,,,,,,
2023,2021013466,2023-09-18,1200053.0,宮崎 敏郎,51.0,三,3,1.0,1.0,5.0,5.0,0.0,0.0,0.0,0.0,0.0,0.0,0.0,,0.0,2.0,0.0,0.0,0.0,0.0,,,,,,,,,,,,,,,,,,,,,,,
2023,2021013466,2023-09-18,1300038.0,関根 大気,63.0,中左,3,1.0,1.0,5.0,4.0,0.0,1.0,1.0,0.0,0.0,0.0,0.0,,0.0,0.0,0.0,1.0,0.0,0.0,,,,,,,,,,,,,,,,,,,,,,,
2023,2021013466,2023-09-18,1300070.0,岩貞 祐太,14.0,投,5,1.0,0.0,0.0,0.0,0.0,0.0,0.0,0.0,0.0,0.0,0.0,,0.0,0.0,0.0,0.0,0.0,0.0,4.0,1.0,0.0,1.0,0.0,2.7,1.0,1.0,,,0.0,1.0,0.0,0.0,0.0,,2.0,1.0,0.0,,5.0,18.0,
2023,2021013466,2023-09-18,1300076.0,加治屋 蓮,54.0,投,5,1.0,0.0,0.0,0.0,0.0,0.0,0.0,0.0,0.0,0.0,0.0,,0.0,0.0,0.0,0.0,0.0,0.0,3.0,1.0,0.0,1.0,4.0,2.43,1.3333333333333333,1.1,,,1.0,1.0,0.0,0.0,0.0,,0.0,1.0,0.0,,5.0,17.0,
2023,2021013466,2023-09-18,1500063.0,柴田 竜拓,31.0,三,3,1.0,0.0,0.0,0.0,0.0,0.0,0.0,0.0,0.0,0.0,0.0,,0.0,0.0,0.0,0.0,0.0,0.0,,,,,,,,,,,,,,,,,,,,,,,
2023,2021013466,2023-09-18,1500087.0,坂本 誠志郎,12.0,捕,5,1.0,0.0,1.0,1.0,0.0,0.0,0.0,0.0,0.0,0.0,0.0,,0.0,0.0,0.0,0.0,0.0,0.0,,,,,,,,,,,,,,,,,,,,,,,
2023,2021013466,2023-09-18,1561880.0,ウェンデルケン,49.0,投,3,1.0,0.0,0.0,0.0,0.0,0.0,0.0,0.0,0.0,0.0,0.0,,0.0,0.0,0.0,0.0,0.0,0.0,3.0,1.0,0.0,2.0,2.0,1.81,1.0,1.0,,,0.0,1.0,0.0,0.0,0.0,,1.0,0.0,0.0,,4.0,21.0,
2023,2021013466,2023-09-18,1600089.0,佐野 恵太,7.0,左,3,1.0,1.0,5.0,3.0,1.0,0.0,0.0,0.0,0.0,0.0,0.0,,2.0,1.0,0.0,0.0,0.0,0.0,,,,,,,,,,,,,,,,,,,,,,,
2023,2021013466,2023-09-18,1600096.0,森原 康平,68.0,投,3,1.0,0.0,0.0,0.0,0.0,0.0,0.0,0.0,0.0,0.0,0.0,,0.0,0.0,0.0,0.0,0.0,0.0,6.0,1.0,0.0,2.0,1.0,2.43,1.0,1.0,,,15.0,1.0,1.0,1.0,1.0,,1.0,1.0,0.0,,5.0,19.0,
2023,2021013466,2023-09-18,1600113.0,大山 悠輔,3.0,一,5,1.0,1.0,5.0,4.0,1.0,1.0,0.0,0.0,1.0,1.0,0.0,,0.0,1.0,1.0,0.0,0.0,0.0,,,,,,,,,,,,,,,,,,,,,,,
2023,2021013466,2023-09-18,1600117.0,糸原 健斗,33.0,打,5,1.0,0.0,1.0,1.0,0.0,0.0,0.0,0.0,0.0,0.0,0.0,,0.0,0.0,0.0,0.0,0.0,0.0,,,,,,,,,,,,,,,,,,,,,,,
2023,2021013466,2023-09-18,1600119.0,長坂 拳弥,57.0,捕,5,1.0,1.0,3.0,3.0,0.0,1.0,0.0,0.0,0.0,0.0,0.0,,0.0,1.0,0.0,0.0,0.0,0.0,,,,,,,,,,,,,,,,,,,,,,,
2023,2021013466,2023-09-18,1700006.0,エスコバー,62.0,投,3,1.0,0.0,0.0,0.0,0.0,0.0,0.0,0.0,0.0,0.0,0.0,,0.0,0.0,0.0,0.0,0.0,0.0,4.0,1.0,0.0,2.0,1.0,5.14,0.6666666666666666,0.2,,,0.0,1.0,0.0,0.0,0.0,,0.0,0.0,1.0,,3.0,7.0,
2023,2021013466,2023-09-18,1700020.0,ソト,99.0,一,3,1.0,1.0,4.0,4.0,0.0,2.0,0.0,0.0,0.0,0.0,0.0,,0.0,2.0,0.0,0.0,0.0,0.0,,,,,,,,,,,,,,,,,,,,,,,
2023,2021013466,2023-09-18,1700077.0,馬場 皐輔,18.0,投,5,1.0,0.0,0.0,0.0,0.0,0.0,0.0,0.0,0.0,0.0,0.0,,0.0,0.0,0.0,0.0,0.0,0.0,5.0,1.0,0.0,2.0,1.0,2.12,1.0,1.0,,,0.0,1.0,0.0,0.0,0.0,,0.0,1.0,0.0,,4.0,11.0,
2023,2021013466,2023-09-18,1700079.0,熊谷 敬宥,4.0,走,5,1.0,0.0,0.0,0.0,0.0,0.0,0.0,0.0,0.0,0.0,0.0,,0.0,0.0,0.0,0.0,0.0,0.0,,,,,,,,,,,,,,,,,,,,,,,
2023,2021013466,2023-09-18,1700080.0,島田 海吏,53.0,中,5,1.0,1.0,5.0,3.0,0.0,0.0,0.0,0.0,0.0,1.0,1.0,,0.0,0.0,2.0,0.0,0.0,0.0,,,,,,,,,,,,,,,,,,,,,,,
2023,2021013466,2023-09-18,1800043.0,上茶谷 大河,27.0,投,3,1.0,0.0,0.0,0.0,0.0,0.0,0.0,0.0,0.0,0.0,0.0,,0.0,0.0,0.0,0.0,0.0,0.0,2.0,1.0,0.0,4.0,3.0,1.8,1.0,1.0,,,0.0,1.0,1.0,0.0,0.0,,0.0,1.0,0.0,,5.0,17.0,
2023,2021013466,2023-09-18,1800045.0,大貫 晋一,16.0,投,3,1.0,1.0,2.0,2.0,0.0,0.0,0.0,0.0,0.0,0.0,0.0,,0.0,0.0,0.0,0.0,0.0,1.0,1.0,1.0,,3.0,4.0,3.69,6.0,6.0,,,0.0,1.0,0.0,0.0,0.0,,3.0,7.0,2.0,,25.0,100.0,
2023,2021013466,2023-09-18,1800048.0,知野 直人,60.0,打遊,3,1.0,0.0,2.0,1.0,0.0,0.0,0.0,0.0,0.0,0.0,0.0,,1.0,0.0,0.0,0.0,0.0,0.0,,,,,,,,,,,,,,,,,,,,,,,
2023,2021013466,2023-09-18,1800065.0,近本 光司,5.0,打,5,1.0,0.0,1.0,1.0,0.0,0.0,0.0,0.0,0.0,0.0,0.0,,0.0,0.0,0.0,0.0,0.0,0.0,,,,,,,,,,,,,,,,,,,,,,,
2023,2021013466,2023-09-18,1800066.0,小幡 竜平,38.0,遊,5,1.0,1.0,4.0,3.0,1.0,2.0,0.0,0.0,0.0,0.0,0.0,,1.0,1.0,0.0,0.0,0.0,0.0,,,,,,,,,,,,,,,,,,,,,,,
2023,2021013466,2023-09-18,1850183.0,森下 翔太,1.0,右,5,1.0,1.0,5.0,5.0,0.0,0.0,0.0,0.0,0.0,0.0,0.0,,0.0,2.0,0.0,0.0,0.0,0.0,,,,,,,,,,,,,,,,,,,,,,,
2023,2021013466,2023-09-18,1850208.0,林 琢真,0.0,遊,3,1.0,1.0,3.0,3.0,0.0,1.0,1.0,0.0,0.0,0.0,0.0,,0.0,0.0,0.0,0.0,0.0,1.0,,,,,,,,,,,,,,,,,,,,,,,
2023,2021013466,2023-09-18,1900032.0,伊勢 大夢,13.0,投,3,1.0,0.0,0.0,0.0,0.0,0.0,0.0,0.0,0.0,0.0,0.0,,0.0,0.0,0.0,0.0,0.0,0.0,5.0,1.0,0.0,3.0,6.0,3.42,0.3333333333333333,0.1,,,2.0,0.0,0.0,0.0,0.0,,0.0,0.0,0.0,,1.0,2.0,
2023,2021013466,2023-09-18,1900035.0,蝦名 達夫,61.0,右,3,1.0,0.0,0.0,0.0,0.0,0.0,0.0,0.0,0.0,0.0,0.0,,0.0,0.0,0.0,0.0,0.0,0.0,,,,,,,,,,,,,,,,,,,,,,,
2023,2021013466,2023-09-18,1900046.0,及川 雅貴,37.0,投,5,1.0,0.0,0.0,0.0,0.0,0.0,0.0,0.0,0.0,0.0,0.0,,0.0,0.0,0.0,0.0,0.0,0.0,2.0,1.0,0.0,2.0,1.0,2.59,0.6666666666666666,0.2,,,0.0,0.0,1.0,1.0,0.0,,1.0,0.0,0.0,,3.0,9.0,
2023,2021013466,2023-09-18,1900050.0,小野寺 暖,60.0,走左中,5,1.0,0.0,2.0,1.0,0.0,1.0,0.0,0.0,0.0,0.0,0.0,,1.0,0.0,0.0,0.0,0.0,0.0,,,,,,,,,,,,,,,,,,,,,,,
2023,2021013466,2023-09-18,1961251.0,ミエセス,55.0,左,5,1.0,1.0,3.0,2.0,0.0,0.0,0.0,0.0,0.0,0.0,0.0,,1.0,1.0,0.0,0.0,0.0,0.0,,,,,,,,,,,,,,,,,,,,,,,
2023,2021013466,2023-09-18,1961285.0,ノイジー,7.0,走左,5,1.0,0.0,0.0,0.0,0.0,0.0,0.0,0.0,0.0,0.0,0.0,,0.0,0.0,0.0,0.0,0.0,0.0,,,,,,,,,,,,,,,,,,,,,,,
2023,2021013466,2023-09-18,2000035.0,牧 秀悟,2.0,二,3,1.0,1.0,5.0,4.0,0.0,3.0,0.0,1.0,0.0,3.0,1.0,,1.0,0.0,0.0,0.0,0.0,0.0,,,,,,,,,,,,,,,,,,,,,,,
2023,2021013466,2023-09-18,2000051.0,佐藤 輝明,8.0,三,5,1.0,1.0,5.0,4.0,0.0,0.0,0.0,0.0,0.0,0.0,0.0,,1.0,1.0,0.0,0.0,0.0,0.0,,,,,,,,,,,,,,,,,,,,,,,
2023,2021013466,2023-09-18,2000056.0,中野 拓夢,51.0,二,5,1.0,1.0,5.0,4.0,0.0,0.0,0.0,0.0,0.0,0.0,0.0,,1.0,1.0,0.0,0.0,0.0,0.0,,,,,,,,,,,,,,,,,,,,,,,
2023,2021013466,2023-09-18,2000058.0,石井 大智,69.0,投,5,1.0,0.0,0.0,0.0,0.0,0.0,0.0,0.0,0.0,0.0,0.0,,0.0,0.0,0.0,0.0,0.0,0.0,6.0,1.0,0.0,1.0,1.0,1.21,1.0,1.0,,,0.0,2.0,2.0,2.0,0.0,,1.0,0.0,0.0,,6.0,17.0,
2023,2021013466,2023-09-18,2100915.0,ビーズリー,99.0,投,5,1.0,1.0,2.0,2.0,0.0,0.0,0.0,0.0,0.0,0.0,0.0,,0.0,1.0,0.0,0.0,0.0,0.0,1.0,1.0,,1.0,2.0,2.37,5.0,5.0,,,0.0,3.0,0.0,0.0,0.0,,1.0,4.0,0.0,,18.0,80.0,
2023,2021013467,2023-09-18,1000128.0,柳田 悠岐,9.0,指,12,1.0,1.0,4.0,4.0,0.0,1.0,0.0,0.0,0.0,1.0,0.0,,0.0,0.0,0.0,0.0,0.0,0.0,,,,,,,,,,,,,,,,,,,,,,,
2023,2021013467,2023-09-18,1000176.0,甲斐 拓也,19.0,捕,12,1.0,1.0,4.0,4.0,0.0,0.0,0.0,0.0,0.0,0.0,0.0,,0.0,3.0,0.0,0.0,0.0,0.0,,,,,,,,,,,,,,,,,,,,,,,
2023,2021013467,2023-09-18,1100095.0,松本 剛,7.0,中,8,1.0,1.0,4.0,3.0,0.0,0.0,0.0,0.0,0.0,0.0,0.0,,1.0,1.0,0.0,0.0,0.0,0.0,,,,,,,,,,,,,,,,,,,,,,,
2023,2021013467,2023-09-18,1100097.0,近藤 健介,3.0,左,12,1.0,1.0,4.0,2.0,1.0,1.0,0.0,0.0,0.0,0.0,0.0,,1.0,0.0,1.0,0.0,0.0,0.0,,,,,,,,,,,,,,,,,,,,,,,
2023,2021013467,2023-09-18,1200100.0,伏見 寅威,23.0,捕,8,1.0,1.0,3.0,3.0,0.0,0.0,0.0,0.0,0.0,0.0,0.0,,0.0,0.0,0.0,0.0,0.0,0.0,,,,,,,,,,,,,,,,,,,,,,,
2023,2021013467,2023-09-18,1251037.0,上川畑 大悟,4.0,二,8,1.0,1.0,4.0,3.0,0.0,0.0,0.0,0.0,0.0,0.0,0.0,,0.0,0.0,0.0,1.0,0.0,0.0,,,,,,,,,,,,,,,,,,,,,,,
2023,2021013467,2023-09-18,1300063.0,又吉 克樹,14.0,,12,,,,,,,,,,,,,,,,,,,3.0,1.0,0.0,2.0,1.0,1.61,1.0,1.0,,,0.0,0.0,0.0,0.0,0.0,,2.0,1.0,0.0,,5.0,20.0,
2023,2021013467,2023-09-18,1300079.0,上林 誠知,51.0,中,12,1.0,1.0,2.0,2.0,0.0,0.0,0.0,0.0,0.0,0.0,0.0,,0.0,2.0,0.0,0.0,0.0,0.0,,,,,,,,,,,,,,,,,,,,,,,
2023,2021013467,2023-09-18,1400016.0,デスパイネ,25.0,打,12,1.0,0.0,1.0,1.0,0.0,0.0,0.0,0.0,0.0,0.0,0.0,,0.0,0.0,0.0,0.0,0.0,0.0,,,,,,,,,,,,,,,,,,,,,,,
2023,2021013467,2023-09-18,1400126.0,松本 裕樹,66.0,,12,,,,,,,,,,,,,,,,,,,4.0,1.0,0.0,2.0,2.0,2.79,1.0,1.0,,,0.0,0.0,0.0,0.0,0.0,,1.0,2.0,0.0,,4.0,12.0,
2023,2021013467,2023-09-18,1500140.0,谷川原 健太,45.0,中右,12,1.0,0.0,0.0,0.0,0.0,0.0,0.0,0.0,0.0,0.0,0.0,,0.0,0.0,0.0,0.0,0.0,0.0,,,,,,,,,,,,,,,,,,,,,,,
2023,2021013467,2023-09-18,1500143.0,川瀬 晃,0.0,遊,12,1.0,1.0,5.0,5.0,1.0,2.0,0.0,1.0,0.0,0.0,0.0,,0.0,1.0,0.0,0.0,0.0,0.0,,,,,,,,,,,,,,,,,,,,,,,
2023,2021013467,2023-09-18,1560184.0,オスナ,54.0,,12,,,,,,,,,,,,,,,,,,,5.0,1.0,0.0,3.0,2.0,1.02,1.0,1.0,,,22.0,0.0,0.0,0.0,0.0,,1.0,1.0,0.0,,3.0,16.0,
2023,2021013467,2023-09-18,1700025.0,清宮 幸太郎,21.0,三,8,1.0,1.0,5.0,5.0,0.0,1.0,0.0,0.0,0.0,0.0,0.0,,0.0,0.0,0.0,0.0,0.0,0.0,,,,,,,,,,,,,,,,,,,,,,,
2023,2021013467,2023-09-18,1700106.0,山本 拓実,67.0,,8,,,,,,,,,,,,,,,,,,,3.0,1.0,0.0,0.0,0.0,1.71,1.0,1.0,,,0.0,1.0,0.0,0.0,0.0,,0.0,2.0,0.0,,4.0,24.0,
2023,2021013467,2023-09-18,1700131.0,増田 珠,33.0,打右,12,1.0,0.0,2.0,2.0,0.0,0.0,0.0,0.0,0.0,0.0,0.0,,0.0,1.0,0.0,0.0,0.0,0.0,,,,,,,,,,,,,,,,,,,,,,,
2023,2021013467,2023-09-18,1700135.0,周東 佑京,23.0,二中,12,1.0,1.0,5.0,5.0,0.0,2.0,0.0,0.0,0.0,0.0,1.0,,0.0,0.0,0.0,0.0,0.0,0.0,,,,,,,,,,,,,,,,,,,,,,,
2023,2021013467,2023-09-18,1800008.0,マルティネス,2.0,指,8,1.0,1.0,4.0,1.0,0.0,0.0,0.0,0.0,0.0,0.0,0.0,,3.0,0.0,0.0,0.0,0.0,0.0,,,,,,,,,,,,,,,,,,,,,,,
2023,2021013467,2023-09-18,1800091.0,野村 佑希,5.0,左,8,1.0,1.0,3.0,2.0,0.0,0.0,0.0,0.0,0.0,0.0,0.0,,1.0,0.0,0.0,0.0,0.0,0.0,,,,,,,,,,,,,,,,,,,,,,,
2023,2021013467,2023-09-18,1800093.0,万波 中正,66.0,右,8,1.0,1.0,5.0,4.0,1.0,2.0,0.0,0.0,1.0,1.0,0.0,,1.0,1.0,0.0,0.0,0.0,0.0,,,,,,,,,,,,,,,,,,,,,,,
2023,2021013467,2023-09-18,1800108.0,野村 大樹,55.0,一,12,1.0,1.0,4.0,1.0,0.0,1.0,1.0,0.0,0.0,1.0,0.0,,0.0,0.0,0.0,3.0,0.0,0.0,,,,,,,,,,,,,,,,,,,,,,,
2023,2021013467,2023-09-18,1800109.0,板東 湧梧,50.0,,12,,,,,,,,,,,,,,,,,,,1.0,1.0,,5.0,4.0,3.04,5.0,5.0,,,0.0,4.0,1.0,1.0,1.0,,5.0,1.0,0.0,,24.0,95.0,
2023,2021013467,2023-09-18,1800127.0,王 柏融,99.0,打一,8,1.0,0.0,1.0,1.0,0.0,0.0,0.0,0.0,0.0,0.0,0.0,,0.0,1.0,0.0,0.0,0.0,0.0,,,,,,,,,,,,,,,,,,,,,,,
2023,2021013467,2023-09-18,1850932.0,奈良間 大己,58.0,遊,8,1.0,1.0,4.0,3.0,0.0,0.0,0.0,0.0,0.0,0.0,0.0,,1.0,1.0,0.0,0.0,0.0,0.0,,,,,,,,,,,,,,,,,,,,,,,
2023,2021013467,2023-09-18,1900040.0,郡司 裕也,30.0,一捕,8,1.0,1.0,5.0,4.0,0.0,1.0,0.0,0.0,0.0,0.0,0.0,,1.0,1.0,0.0,0.0,0.0,0.0,,,,,,,,,,,,,,,,,,,,,,,
2023,2021013467,2023-09-18,1900070.0,河野 竜生,28.0,,8,,,,,,,,,,,,,,,,,,,2.0,1.0,0.0,1.0,4.0,2.0,1.0,1.0,,,0.0,1.0,2.0,2.0,0.0,,0.0,0.0,1.0,,5.0,9.0,
2023,2021013467,2023-09-18,1900102.0,津森 宥紀,11.0,,12,,,,,,,,,,,,,,,,,,,2.0,1.0,0.0,4.0,4.0,3.4,1.0,1.0,,,0.0,0.0,0.0,0.0,0.0,,0.0,0.0,0.0,,3.0,8.0,
2023,2021013467,2023-09-18,1900104.0,柳町 達,32.0,右中右左,12,1.0,1.0,4.0,3.0,1.0,2.0,1.0,1.0,0.0,1.0,0.0,,1.0,0.0,0.0,0.0,0.0,0.0,,,,,,,,,,,,,,,,,,,,,,,
2023,2021013467,2023-09-18,2000079.0,伊藤 大海,17.0,,8,,,,,,,,,,,,,,,,,,,1.0,1.0,,7.0,9.0,3.29,7.0,7.0,,,0.0,7.0,1.0,1.0,0.0,,2.0,7.0,0.0,,29.0,96.0,
2023,2021013467,2023-09-18,2000082.0,細川 凌平,56.0,左,8,1.0,0.0,1.0,0.0,0.0,0.0,0.0,0.0,0.0,0.0,0.0,,1.0,0.0,0.0,0.0,0.0,0.0,,,,,,,,,,,,,,,,,,,,,,,
2023,2021013467,2023-09-18,2000108.0,井上 朋也,43.0,三,12,1.0,0.0,1.0,1.0,0.0,0.0,0.0,0.0,0.0,0.0,0.0,,0.0,1.0,0.0,0.0,0.0,0.0,,,,,,,,,,,,,,,,,,,,,,,
2023,2021013467,2023-09-18,2000111.0,川原田 純平,46.0,二,12,1.0,0.0,0.0,0.0,0.0,0.0,0.0,0.0,0.0,0.0,0.0,,0.0,0.0,0.0,0.0,0.0,0.0,,,,,,,,,,,,,,,,,,,,,,,
2023,2021013467,2023-09-18,2104035.0,野村 勇,99.0,三,12,1.0,1.0,2.0,2.0,0.0,0.0,0.0,0.0,0.0,0.0,0.0,,0.0,1.0,0.0,0.0,0.0,0.0,,,,,,,,,,,,,,,,,,,,,,,
2023,2021013468,2023-09-18,12101.0,中村 剛也,60.0,指,7,1.0,1.0,5.0,4.0,0.0,1.0,0.0,0.0,0.0,1.0,0.0,,1.0,1.0,0.0,0.0,0.0,0.0,,,,,,,,,,,,,,,,,,,,,,,
2023,2021013468,2023-09-18,12102.0,栗山 巧,1.0,打,7,1.0,0.0,1.0,1.0,0.0,0.0,0.0,0.0,0.0,0.0,0.0,,0.0,0.0,0.0,0.0,0.0,0.0,,,,,,,,,,,,,,,,,,,,,,,
2023,2021013468,2023-09-18,700087.0,角中 勝也,3.0,左,9,1.0,1.0,5.0,4.0,0.0,0.0,0.0,0.0,0.0,0.0,0.0,,1.0,2.0,0.0,0.0,0.0,0.0,,,,,,,,,,,,,,,,,,,,,,,
2023,2021013468,2023-09-18,900081.0,西野 勇士,29.0,,9,,,,,,,,,,,,,,,,,,,1.0,1.0,,8.0,4.0,2.68,8.0,8.0,,,0.0,4.0,1.0,1.0,0.0,,0.0,7.0,0.0,,28.0,105.0,
2023,2021013468,2023-09-18,1000014.0,荻野 貴司,0.0,打,9,1.0,0.0,1.0,1.0,0.0,0.0,0.0,0.0,0.0,0.0,0.0,,0.0,0.0,0.0,0.0,0.0,0.0,,,,,,,,,,,,,,,,,,,,,,,
2023,2021013468,2023-09-18,1000083.0,澤村 拓一,54.0,投,9,1.0,0.0,0.0,0.0,0.0,0.0,0.0,0.0,0.0,0.0,0.0,,0.0,0.0,0.0,0.0,0.0,0.0,5.0,1.0,0.0,4.0,3.0,5.06,1.0,1.0,,,3.0,0.0,0.0,0.0,0.0,,0.0,1.0,0.0,,3.0,9.0,
2023,2021013468,2023-09-18,1100104.0,益田 直也,52.0,,9,,,,,,,,,,,,,,,,,,,3.0,1.0,0.0,2.0,5.0,3.78,1.0,1.0,,,35.0,0.0,0.0,0.0,0.0,,1.0,2.0,0.0,,4.0,18.0,
2023,2021013468,2023-09-18,1200096.0,田村 龍弘,27.0,捕,9,1.0,1.0,3.0,3.0,0.0,1.0,0.0,0.0,0.0,0.0,0.0,,0.0,1.0,0.0,0.0,0.0,0.0,,,,,,,,,,,,,,,,,,,,,,,
2023,2021013468,2023-09-18,1300044.0,岡 大海,25.0,右,9,1.0,1.0,5.0,5.0,0.0,0.0,0.0,0.0,0.0,0.0,0.0,,0.0,1.0,0.0,0.0,0.0,1.0,,,,,,,,,,,,,,,,,,,,,,,
2023,2021013468,2023-09-18,1400182.0,高橋 光成,13.0,,7,,,,,,,,,,,,,,,,,,,1.0,1.0,,10.0,8.0,2.21,7.0,7.0,,,0.0,5.0,0.0,0.0,0.0,,1.0,7.0,0.0,,26.0,106.0,
2023,2021013468,2023-09-18,1400184.0,外崎 修汰,5.0,二,7,1.0,1.0,5.0,5.0,0.0,0.0,0.0,0.0,0.0,0.0,0.0,,0.0,1.0,0.0,0.0,0.0,0.0,,,,,,,,,,,,,,,,,,,,,,,
2023,2021013468,2023-09-18,1400188.0,中村 奨吾,8.0,二,9,1.0,1.0,5.0,5.0,0.0,0.0,0.0,0.0,0.0,0.0,0.0,,0.0,0.0,0.0,0.0,0.0,0.0,,,,,,,,,,,,,,,,,,,,,,,
2023,2021013468,2023-09-18,1460080.0,ポランコ,22.0,指,9,1.0,1.0,4.0,4.0,0.0,2.0,0.0,0.0,0.0,0.0,0.0,,0.0,0.0,0.0,0.0,0.0,0.0,,,,,,,,,,,,,,,,,,,,,,,
2023,2021013468,2023-09-18,1500102.0,愛斗,53.0,中右,7,1.0,1.0,5.0,5.0,0.0,0.0,0.0,0.0,0.0,0.0,0.0,,0.0,1.0,0.0,0.0,0.0,0.0,,,,,,,,,,,,,,,,,,,,,,,
2023,2021013468,2023-09-18,1500125.0,柿沼 友哉,99.0,打,9,1.0,0.0,1.0,0.0,0.0,0.0,0.0,0.0,0.0,0.0,0.0,,0.0,0.0,0.0,1.0,0.0,0.0,,,,,,,,,,,,,,,,,,,,,,,
2023,2021013468,2023-09-18,1500141.0,茶谷 健太,67.0,一,9,1.0,0.0,0.0,0.0,0.0,0.0,0.0,0.0,0.0,0.0,0.0,,0.0,0.0,0.0,0.0,0.0,0.0,,,,,,,,,,,,,,,,,,,,,,,
2023,2021013468,2023-09-18,1600129.0,源田 壮亮,6.0,遊,7,1.0,1.0,5.0,5.0,0.0,1.0,1.0,0.0,0.0,0.0,0.0,,0.0,2.0,0.0,0.0,0.0,0.0,,,,,,,,,,,,,,,,,,,,,,,
2023,2021013468,2023-09-18,1600131.0,平井 克典,25.0,,7,,,,,,,,,,,,,,,,,,,2.0,1.0,0.0,3.0,3.0,2.44,1.0,1.0,,,0.0,0.0,0.0,0.0,0.0,,1.0,0.0,0.0,,4.0,13.0,
2023,2021013468,2023-09-18,1600132.0,田村 伊知郎,40.0,,7,,,,,,,,,,,,,,,,,,,4.0,1.0,0.0,1.0,0.0,1.45,1.0,1.0,,,0.0,0.0,0.0,0.0,0.0,,0.0,1.0,0.0,,3.0,14.0,
2023,2021013468,2023-09-18,1600157.0,澤田 圭佑,66.0,,9,,,,,,,,,,,,,,,,,,,2.0,1.0,0.0,2.0,0.0,0.84,1.0,1.0,,,0.0,1.0,0.0,0.0,0.0,,0.0,1.0,0.0,,4.0,17.0,
2023,2021013468,2023-09-18,1660539.0,ボー・タカハシ,42.0,,7,,,,,,,,,,,,,,,,,,,6.0,1.0,0.0,0.0,1.0,3.09,1.0,1.0,,,0.0,1.0,1.0,1.0,0.0,,0.0,1.0,0.0,,4.0,14.0,
2023,2021013468,2023-09-18,1700092.0,安田 尚憲,5.0,三,9,1.0,1.0,4.0,4.0,0.0,1.0,0.0,0.0,0.0,1.0,0.0,,0.0,1.0,0.0,0.0,0.0,0.0,,,,,,,,,,,,,,,,,,,,,,,
2023,2021013468,2023-09-18,1700093.0,藤岡 裕大,4.0,遊,9,1.0,1.0,5.0,4.0,0.0,1.0,0.0,0.0,0.0,0.0,0.0,,1.0,2.0,0.0,0.0,0.0,0.0,,,,,,,,,,,,,,,,,,,,,,,
2023,2021013468,2023-09-18,1700098.0,和田 康士朗,63.0,走指左,9,1.0,0.0,1.0,1.0,1.0,0.0,0.0,0.0,0.0,0.0,1.0,,0.0,1.0,0.0,0.0,0.0,0.0,,,,,,,,,,,,,,,,,,,,,,,
2023,2021013468,2023-09-18,1700122.0,西川 愛也,51.0,中,7,1.0,0.0,0.0,0.0,0.0,0.0,0.0,0.0,0.0,0.0,0.0,,0.0,0.0,0.0,0.0,0.0,0.0,,,,,,,,,,,,,,,,,,,,,,,
2023,2021013468,2023-09-18,1800050.0,藤原 恭大,1.0,中,9,1.0,1.0,5.0,5.0,0.0,1.0,1.0,0.0,0.0,0.0,0.0,,0.0,1.0,0.0,0.0,0.0,0.0,,,,,,,,,,,,,,,,,,,,,,,
2023,2021013468,2023-09-18,1800053.0,山口 航輝,51.0,一,9,1.0,1.0,5.0,5.0,0.0,2.0,1.0,0.0,0.0,0.0,0.0,,0.0,2.0,0.0,0.0,0.0,0.0,,,,,,,,,,,,,,,,,,,,,,,
2023,2021013468,2023-09-18,1800086.0,佐藤 龍世,58.0,三,7,1.0,1.0,4.0,4.0,0.0,1.0,0.0,0.0,0.0,0.0,0.0,,0.0,0.0,0.0,0.0,0.0,0.0,,,,,,,,,,,,,,,,,,,,,,,
2023,2021013468,2023-09-18,1850820.0,蛭間 拓哉,9.0,右,7,1.0,1.0,2.0,2.0,0.0,0.0,0.0,0.0,0.0,0.0,0.0,,0.0,0.0,0.0,0.0,0.0,0.0,,,,,,,,,,,,,,,,,,,,,,,
2023,2021013468,2023-09-18,1861064.0,ブロッソー,72.0,三,9,1.0,0.0,0.0,0.0,0.0,0.0,0.0,0.0,0.0,0.0,0.0,,0.0,0.0,0.0,0.0,0.0,0.0,,,,,,,,,,,,,,,,,,,,,,,
2023,2021013468,2023-09-18,1900065.0,柘植 世那,37.0,捕,7,1.0,1.0,3.0,3.0,0.0,1.0,0.0,0.0,0.0,0.0,0.0,,0.0,0.0,0.0,0.0,0.0,0.0,,,,,,,,,,,,,,,,,,,,,,,
2023,2021013468,2023-09-18,1900068.0,岸 潤一郎,68.0,左中,7,1.0,1.0,5.0,5.0,1.0,2.0,1.0,0.0,0.0,0.0,0.0,,0.0,2.0,0.0,0.0,0.0,0.0,,,,,,,,,,,,,,,,,,,,,,,
2023,2021013468,2023-09-18,1900081.0,佐藤 都志也,32.0,捕,9,1.0,0.0,1.0,1.0,0.0,0.0,0.0,0.0,0.0,0.0,0.0,,0.0,0.0,0.0,0.0,0.0,0.0,,,,,,,,,,,,,,,,,,,,,,,
2023,2021013468,2023-09-18,1900083.0,横山 陸人,60.0,投,9,1.0,0.0,0.0,0.0,0.0,0.0,0.0,0.0,0.0,0.0,0.0,,0.0,0.0,0.0,0.0,0.0,0.0,4.0,1.0,0.0,2.0,1.0,3.48,1.0,1.0,,,1.0,1.0,0.0,0.0,0.0,,1.0,1.0,0.0,,5.0,10.0,
2023,2021013468,2023-09-18,1961286.0,ペイトン,10.0,打左,7,1.0,0.0,1.0,1.0,0.0,0.0,0.0,0.0,0.0,0.0,0.0,,0.0,1.0,0.0,0.0,0.0,0.0,,,,,,,,,,,,,,,,,,,,,,,
2023,2021013468,2023-09-18,2000067.0,渡部 健人,8.0,一,7,1.0,1.0,5.0,5.0,0.0,0.0,0.0,0.0,0.0,0.0,0.0,,0.0,4.0,0.0,0.0,0.0,0.0,,,,,,,,,,,,,,,,,,,,,,,
2023,2021013468,2023-09-18,2000077.0,豆田 泰志,70.0,,7,,,,,,,,,,,,,,,,,,,5.0,1.0,0.0,0.0,0.0,0.77,1.0,1.0,,,0.0,0.0,0.0,0.0,0.0,,0.0,1.0,0.0,,3.0,11.0,
2023,2021013468,2023-09-18,2060016.0,クリスキー,99.0,,7,,,,,,,,,,,,,,,,,,,3.0,1.0,0.0,0.0,0.0,2.45,1.0,1.0,,,5.0,2.0,1.0,1.0,0.0,,0.0,1.0,0.0,,5.0,18.0,
2023,2021013468,2023-09-18,2103949.0,古市 尊,65.0,走捕,7,1.0,0.0,1.0,1.0,0.0,0.0,0.0,0.0,0.0,0.0,0.0,,0.0,0.0,0.0,0.0,0.0,0.0,,,,,,,,,,,,,,,,,,,,,,,
2023,2021013468,2023-09-18,2105684.0,児玉 亮涼,0.0,走三,7,1.0,0.0,1.0,1.0,0.0,0.0,0.0,0.0,0.0,0.0,0.0,,0.0,0.0,0.0,0.0,0.0,0.0,,,,,,,,,,,,,,,,,,,,,,,
2023,2021013468,2023-09-18,2106798.0,友杉 篤輝,10.0,走,9,1.0,0.0,0.0,0.0,1.0,0.0,0.0,0.0,0.0,0.0,0.0,,0.0,0.0,0.0,0.0,0.0,0.0,,,,,,,,,,,,,,,,,,,,,,,
2023,2021013468,2023-09-18,2108196.0,マキノン,30.0,打,7,1.0,0.0,1.0,0.0,0.0,0.0,0.0,0.0,0.0,0.0,0.0,,1.0,0.0,0.0,0.0,0.0,0.0,,,,,,,,,,,,,,,,,,,,,,,
2023,2021013469,2023-09-18,700069.0,田中 将大,18.0,,376,,,,,,,,,,,,,,,,,,,1.0,1.0,,7.0,10.0,5.09,2.333333333333333,2.1,,,0.0,7.0,5.0,5.0,0.0,,2.0,1.0,1.0,,17.0,64.0,
2023,2021013469,2023-09-18,900056.0,浅村 栄斗,3.0,二,376,1.0,1.0,4.0,3.0,0.0,1.0,0.0,0.0,0.0,0.0,0.0,,1.0,1.0,0.0,0.0,0.0,0.0,,,,,,,,,,,,,,,,,,,,,,,
2023,2021013469,2023-09-18,1000011.0,山田 修義,57.0,,11,,,,,,,,,,,,,,,,,,,2.0,1.0,0.0,0.0,0.0,1.21,0.3333333333333333,0.1,,,0.0,0.0,0.0,0.0,0.0,,1.0,0.0,0.0,,2.0,9.0,
2023,2021013469,2023-09-18,1100103.0,鈴木 大地,7.0,打,376,1.0,0.0,1.0,1.0,0.0,0.0,0.0,0.0,0.0,0.0,0.0,,0.0,1.0,0.0,0.0,0.0,0.0,,,,,,,,,,,,,,,,,,,,,,,
2023,2021013469,2023-09-18,1100130.0,岡島 豪郎,27.0,左,376,1.0,1.0,4.0,3.0,1.0,1.0,0.0,0.0,0.0,1.0,0.0,,1.0,1.0,0.0,0.0,0.0,1.0,,,,,,,,,,,,,,,,,,,,,,,
2023,2021013469,2023-09-18,1100132.0,島内 宏明,35.0,指,376,1.0,1.0,4.0,2.0,0.0,0.0,0.0,0.0,0.0,0.0,0.0,,2.0,1.0,0.0,0.0,0.0,0.0,,,,,,,,,,,,,,,,,,,,,,,
2023,2021013469,2023-09-18,1160424.0,ゴンザレス,8.0,一,11,1.0,1.0,4.0,4.0,1.0,2.0,1.0,0.0,0.0,0.0,0.0,,0.0,2.0,0.0,0.0,0.0,0.0,,,,,,,,,,,,,,,,,,,,,,,
2023,2021013469,2023-09-18,1300100.0,森 友哉,4.0,捕,11,1.0,1.0,5.0,4.0,1.0,3.0,2.0,0.0,1.0,2.0,0.0,,1.0,0.0,0.0,0.0,0.0,0.0,,,,,,,,,,,,,,,,,,,,,,,
2023,2021013469,2023-09-18,1400196.0,宗 佑磨,6.0,三,11,1.0,1.0,4.0,4.0,1.0,1.0,0.0,1.0,0.0,0.0,0.0,,0.0,0.0,0.0,0.0,0.0,0.0,,,,,,,,,,,,,,,,,,,,,,,
2023,2021013469,2023-09-18,1400197.0,佐野 皓大,41.0,走右,11,1.0,0.0,0.0,0.0,0.0,0.0,0.0,0.0,0.0,0.0,0.0,,0.0,0.0,0.0,0.0,0.0,0.0,,,,,,,,,,,,,,,,,,,,,,,
2023,2021013469,2023-09-18,1400201.0,西野 真弘,5.0,二,11,1.0,1.0,4.0,4.0,0.0,0.0,0.0,0.0,0.0,1.0,0.0,,0.0,1.0,0.0,0.0,0.0,0.0,,,,,,,,,,,,,,,,,,,,,,,
2023,2021013469,2023-09-18,1400202.0,小田 裕也,50.0,左,11,1.0,0.0,0.0,0.0,0.0,0.0,0.0,0.0,0.0,0.0,0.0,,0.0,0.0,0.0,0.0,0.0,0.0,,,,,,,,,,,,,,,,,,,,,,,
2023,2021013469,2023-09-18,1450639.0,小木田 敦也,56.0,,11,,,,,,,,,,,,,,,,,,,3.0,1.0,0.0,3.0,0.0,2.57,1.0,1.0,,,0.0,1.0,0.0,0.0,0.0,,1.0,0.0,0.0,,4.0,21.0,
2023,2021013469,2023-09-18,1500078.0,阿部 寿樹,4.0,一,376,1.0,1.0,4.0,3.0,1.0,1.0,1.0,0.0,0.0,1.0,0.0,,1.0,0.0,0.0,0.0,0.0,1.0,,,,,,,,,,,,,,,,,,,,,,,
2023,2021013469,2023-09-18,1500128.0,大城 滉二,10.0,二,11,1.0,0.0,1.0,1.0,0.0,0.0,0.0,0.0,0.0,0.0,0.0,,0.0,0.0,0.0,0.0,0.0,0.0,,,,,,,,,,,,,,,,,,,,,,,
2023,2021013469,2023-09-18,1500135.0,杉本 裕太郎,99.0,左,11,1.0,1.0,4.0,3.0,1.0,2.0,1.0,0.0,0.0,2.0,0.0,,1.0,0.0,0.0,0.0,0.0,0.0,,,,,,,,,,,,,,,,,,,,,,,
2023,2021013469,2023-09-18,1600007.0,村林 一輝,66.0,遊,376,1.0,1.0,4.0,4.0,0.0,2.0,0.0,0.0,0.0,0.0,0.0,,0.0,0.0,0.0,0.0,0.0,0.0,,,,,,,,,,,,,,,,,,,,,,,
2023,2021013469,2023-09-18,1600142.0,酒居 知史,28.0,,376,,,,,,,,,,,,,,,,,,,3.0,1.0,0.0,4.0,3.0,3.44,1.0,1.0,,,1.0,0.0,0.0,0.0,0.0,,1.0,1.0,0.0,,4.0,20.0,
2023,2021013469,2023-09-18,1600150.0,山岡 泰輔,19.0,,11,,,,,,,,,,,,,,,,,,,5.0,1.0,0.0,2.0,1.0,2.3,1.0,1.0,,,1.0,0.0,0.0,0.0,0.0,,0.0,1.0,0.0,,3.0,19.0,
2023,2021013469,2023-09-18,1600155.0,山崎 颯一郎,63.0,,11,,,,,,,,,,,,,,,,,,,7.0,1.0,0.0,1.0,0.0,1.07,1.0,1.0,,,9.0,0.0,0.0,0.0,0.0,,0.0,2.0,0.0,,3.0,15.0,
2023,2021013469,2023-09-18,1750595.0,曽谷 龍平,17.0,,11,,,,,,,,,,,,,,,,,,,1.0,1.0,,0.0,2.0,4.57,3.6666666666666665,3.2,,,0.0,8.0,3.0,3.0,0.0,,2.0,1.0,0.0,,17.0,72.0,
2023,2021013469,2023-09-18,1751068.0,野口 智哉,9.0,右,11,1.0,1.0,4.0,2.0,0.0,0.0,0.0,0.0,0.0,0.0,0.0,,2.0,0.0,0.0,0.0,0.0,0.0,,,,,,,,,,,,,,,,,,,,,,,
2023,2021013469,2023-09-18,1800044.0,伊藤 裕季也,39.0,打,376,1.0,0.0,1.0,0.0,0.0,0.0,0.0,0.0,0.0,0.0,0.0,,1.0,0.0,0.0,0.0,0.0,0.0,,,,,,,,,,,,,,,,,,,,,,,
2023,2021013469,2023-09-18,1800104.0,中川 圭太,67.0,中,11,1.0,1.0,5.0,3.0,1.0,1.0,0.0,0.0,0.0,0.0,1.0,,1.0,0.0,1.0,0.0,0.0,0.0,,,,,,,,,,,,,,,,,,,,,,,
2023,2021013469,2023-09-18,1800117.0,辰己 涼介,8.0,中,376,1.0,1.0,4.0,4.0,0.0,1.0,0.0,0.0,0.0,1.0,0.0,,0.0,1.0,0.0,0.0,0.0,0.0,,,,,,,,,,,,,,,,,,,,,,,
2023,2021013469,2023-09-18,1800118.0,太田 光,2.0,捕,376,1.0,0.0,1.0,1.0,0.0,0.0,0.0,0.0,0.0,0.0,0.0,,0.0,0.0,0.0,0.0,0.0,0.0,,,,,,,,,,,,,,,,,,,,,,,
2023,2021013469,2023-09-18,1800123.0,小郷 裕哉,51.0,右,376,1.0,1.0,4.0,4.0,1.0,2.0,0.0,0.0,0.0,0.0,0.0,,0.0,1.0,0.0,0.0,0.0,0.0,,,,,,,,,,,,,,,,,,,,,,,
2023,2021013469,2023-09-18,1900088.0,紅林 弘太郎,24.0,遊,11,1.0,1.0,4.0,4.0,1.0,1.0,0.0,0.0,0.0,1.0,0.0,,0.0,1.0,0.0,0.0,0.0,0.0,,,,,,,,,,,,,,,,,,,,,,,
2023,2021013469,2023-09-18,1900112.0,小深田 大翔,0.0,三,376,1.0,1.0,5.0,5.0,0.0,1.0,0.0,0.0,0.0,0.0,0.0,,0.0,1.0,0.0,0.0,0.0,0.0,,,,,,,,,,,,,,,,,,,,,,,
2023,2021013469,2023-09-18,2000101.0,阿部 翔太,45.0,,11,,,,,,,,,,,,,,,,,,,4.0,1.0,0.0,2.0,4.0,1.88,1.0,1.0,,,1.0,0.0,0.0,0.0,0.0,,0.0,0.0,0.0,,3.0,17.0,
2023,2021013469,2023-09-18,2000104.0,宇田川 優希,96.0,,11,,,,,,,,,,,,,,,,,,,6.0,1.0,0.0,4.0,0.0,1.82,1.0,1.0,,,2.0,0.0,0.0,0.0,0.0,,2.0,3.0,0.0,,5.0,25.0,
2023,2021013469,2023-09-18,2000126.0,内 星龍,69.0,,376,,,,,,,,,,,,,,,,,,,4.0,1.0,0.0,4.0,2.0,2.74,1.0,1.0,,,0.0,1.0,1.0,1.0,1.0,,0.0,0.0,0.0,,4.0,12.0,
2023,2021013469,2023-09-18,2103736.0,松井 友飛,45.0,,376,,,,,,,,,,,,,,,,,,,5.0,1.0,0.0,1.0,2.0,4.91,2.0,2.0,,,0.0,1.0,0.0,0.0,0.0,,2.0,2.0,0.0,,9.0,34.0,
2023,2021013469,2023-09-18,2103740.0,安田 悠馬,55.0,捕,376,1.0,1.0,1.0,1.0,0.0,0.0,0.0,0.0,0.0,0.0,0.0,,0.0,0.0,0.0,0.0,0.0,0.0,,,,,,,,,,,,,,,,,,,,,,,
2023,2021013469,2023-09-18,2103955.0,宮森 智志,72.0,,376,,,,,,,,,,,,,,,,,,,2.0,1.0,0.0,0.0,2.0,6.75,1.6666666666666663,1.2,,,0.0,1.0,0.0,0.0,0.0,,0.0,1.0,0.0,,6.0,31.0,
2023,2021013469,2023-09-18,2108913.0,セデーニョ,40.0,指,11,1.0,1.0,5.0,5.0,0.0,0.0,0.0,0.0,0.0,0.0,0.0,,0.0,1.0,0.0,0.0,0.0,0.0,,,,,,,,,,,,,,,,,,,,,,,
2023,2021013470,2023-09-19,900056.0,浅村 栄斗,3.0,二,376,1.0,1.0,4.0,4.0,0.0,1.0,0.0,0.0,0.0,0.0,0.0,,0.0,0.0,0.0,0.0,0.0,0.0,,,,,,,,,,,,,,,,,,,,,,,
2023,2021013470,2023-09-19,1000128.0,柳田 悠岐,9.0,右,12,1.0,1.0,4.0,3.0,0.0,0.0,0.0,0.0,0.0,0.0,0.0,,1.0,2.0,0.0,0.0,0.0,0.0,,,,,,,,,,,,,,,,,,,,,,,
2023,2021013470,2023-09-19,1000176.0,甲斐 拓也,19.0,捕,12,1.0,1.0,3.0,3.0,0.0,0.0,0.0,0.0,0.0,0.0,0.0,,0.0,0.0,0.0,0.0,0.0,0.0,,,,,,,,,,,,,,,,,,,,,,,
2023,2021013470,2023-09-19,1100097.0,近藤 健介,3.0,指,12,1.0,1.0,4.0,3.0,1.0,2.0,0.0,0.0,0.0,0.0,0.0,,1.0,0.0,0.0,0.0,0.0,0.0,,,,,,,,,,,,,,,,,,,,,,,
2023,2021013470,2023-09-19,1100103.0,鈴木 大地,7.0,一,376,1.0,1.0,3.0,2.0,0.0,0.0,0.0,0.0,0.0,0.0,0.0,,0.0,0.0,0.0,1.0,0.0,0.0,,,,,,,,,,,,,,,,,,,,,,,
2023,2021013470,2023-09-19,1100130.0,岡島 豪郎,27.0,左,376,1.0,1.0,4.0,4.0,0.0,0.0,0.0,0.0,0.0,0.0,0.0,,0.0,1.0,0.0,0.0,0.0,0.0,,,,,,,,,,,,,,,,,,,,,,,
2023,2021013470,2023-09-19,1100132.0,島内 宏明,35.0,指,376,1.0,1.0,4.0,2.0,0.0,0.0,0.0,0.0,0.0,0.0,0.0,,2.0,0.0,0.0,0.0,0.0,0.0,,,,,,,,,,,,,,,,,,,,,,,
2023,2021013470,2023-09-19,1200117.0,則本 昂大,14.0,,376,,,,,,,,,,,,,,,,,,,1.0,1.0,,8.0,6.0,2.65,7.0,7.0,,,0.0,4.0,2.0,1.0,0.0,,1.0,7.0,0.0,,27.0,102.0,
2023,2021013470,2023-09-19,1300063.0,又吉 克樹,14.0,,12,,,,,,,,,,,,,,,,,,,2.0,1.0,0.0,2.0,2.0,2.35,0.6666666666666666,0.2,,,0.0,1.0,2.0,2.0,0.0,,2.0,0.0,0.0,,5.0,19.0,
2023,2021013470,2023-09-19,1300084.0,松井 裕樹,1.0,,376,,,,,,,,,,,,,,,,,,,3.0,1.0,0.0,1.0,3.0,1.61,1.0,1.0,,,36.0,0.0,0.0,0.0,0.0,,0.0,1.0,0.0,,3.0,9.0,
2023,2021013470,2023-09-19,1400016.0,デスパイネ,25.0,打,12,1.0,0.0,1.0,1.0,0.0,0.0,0.0,0.0,0.0,0.0,0.0,,0.0,1.0,0.0,0.0,0.0,0.0,,,,,,,,,,,,,,,,,,,,,,,
2023,2021013470,2023-09-19,1500143.0,川瀬 晃,0.0,遊,12,1.0,1.0,4.0,4.0,1.0,2.0,0.0,0.0,0.0,0.0,0.0,,0.0,1.0,0.0,0.0,0.0,0.0,,,,,,,,,,,,,,,,,,,,,,,
2023,2021013470,2023-09-19,1550517.0,大津 亮介,26.0,,12,,,,,,,,,,,,,,,,,,,4.0,1.0,0.0,2.0,0.0,2.39,1.0,1.0,,,0.0,0.0,0.0,0.0,0.0,,0.0,0.0,0.0,,3.0,9.0,
2023,2021013470,2023-09-19,1600007.0,村林 一輝,66.0,遊,376,1.0,1.0,4.0,4.0,0.0,2.0,1.0,1.0,0.0,2.0,0.0,,0.0,1.0,0.0,0.0,0.0,0.0,,,,,,,,,,,,,,,,,,,,,,,
2023,2021013470,2023-09-19,1600094.0,田中 和基,25.0,左,376,1.0,0.0,0.0,0.0,0.0,0.0,0.0,0.0,0.0,0.0,0.0,,0.0,0.0,0.0,0.0,0.0,0.0,,,,,,,,,,,,,,,,,,,,,,,
2023,2021013470,2023-09-19,1700034.0,山崎 剛,34.0,三,376,1.0,0.0,0.0,0.0,0.0,0.0,0.0,0.0,0.0,0.0,0.0,,0.0,0.0,0.0,0.0,0.0,0.0,,,,,,,,,,,,,,,,,,,,,,,
2023,2021013470,2023-09-19,1700131.0,増田 珠,33.0,左,12,1.0,1.0,4.0,4.0,0.0,0.0,0.0,0.0,0.0,0.0,0.0,,0.0,0.0,0.0,0.0,0.0,0.0,,,,,,,,,,,,,,,,,,,,,,,
2023,2021013470,2023-09-19,1700133.0,田浦 文丸,56.0,,12,,,,,,,,,,,,,,,,,,,3.0,1.0,0.0,2.0,1.0,2.45,0.3333333333333333,0.1,,,0.0,0.0,0.0,0.0,0.0,,1.0,0.0,0.0,,2.0,8.0,
2023,2021013470,2023-09-19,1700135.0,周東 佑京,23.0,二,12,1.0,1.0,4.0,4.0,0.0,0.0,0.0,0.0,0.0,0.0,0.0,,0.0,1.0,0.0,0.0,0.0,0.0,,,,,,,,,,,,,,,,,,,,,,,
2023,2021013470,2023-09-19,1800108.0,野村 大樹,55.0,一,12,1.0,1.0,4.0,4.0,0.0,1.0,0.0,0.0,0.0,0.0,0.0,,0.0,1.0,0.0,0.0,0.0,0.0,,,,,,,,,,,,,,,,,,,,,,,
2023,2021013470,2023-09-19,1800117.0,辰己 涼介,8.0,中,376,1.0,1.0,4.0,2.0,1.0,1.0,0.0,1.0,0.0,1.0,0.0,,2.0,0.0,0.0,0.0,0.0,0.0,,,,,,,,,,,,,,,,,,,,,,,
2023,2021013470,2023-09-19,1800118.0,太田 光,2.0,捕,376,1.0,1.0,2.0,2.0,0.0,0.0,0.0,0.0,0.0,0.0,0.0,,0.0,0.0,0.0,0.0,0.0,0.0,,,,,,,,,,,,,,,,,,,,,,,
2023,2021013470,2023-09-19,1800123.0,小郷 裕哉,51.0,右,376,1.0,1.0,4.0,4.0,1.0,1.0,0.0,0.0,0.0,0.0,0.0,,0.0,1.0,0.0,0.0,0.0,0.0,,,,,,,,,,,,,,,,,,,,,,,
2023,2021013470,2023-09-19,1900010.0,スチュワート・ジュニア,2.0,,12,,,,,,,,,,,,,,,,,,,1.0,1.0,,3.0,5.0,3.17,6.0,6.0,,,0.0,4.0,1.0,1.0,0.0,,2.0,5.0,0.0,,24.0,93.0,
2023,2021013470,2023-09-19,1900104.0,柳町 達,32.0,中,12,1.0,1.0,4.0,4.0,0.0,1.0,0.0,0.0,0.0,1.0,0.0,,0.0,2.0,0.0,0.0,0.0,0.0,,,,,,,,,,,,,,,,,,,,,,,
2023,2021013470,2023-09-19,1900112.0,小深田 大翔,0.0,三,376,1.0,1.0,4.0,3.0,1.0,0.0,0.0,0.0,0.0,0.0,0.0,,1.0,2.0,0.0,0.0,0.0,1.0,,,,,,,,,,,,,,,,,,,,,,,
2023,2021013470,2023-09-19,2103740.0,安田 悠馬,55.0,打捕,376,1.0,0.0,1.0,1.0,0.0,0.0,0.0,0.0,0.0,0.0,0.0,,0.0,0.0,0.0,0.0,0.0,0.0,,,,,,,,,,,,,,,,,,,,,,,
2023,2021013470,2023-09-19,2104035.0,野村 勇,99.0,三,12,1.0,1.0,4.0,4.0,0.0,0.0,0.0,0.0,0.0,0.0,0.0,,0.0,1.0,0.0,0.0,0.0,0.0,,,,,,,,,,,,,,,,,,,,,,,
2023,2021013470,2023-09-19,2105140.0,渡辺 翔太,31.0,,376,,,,,,,,,,,,,,,,,,,2.0,1.0,0.0,7.0,2.0,1.34,1.0,1.0,,,1.0,2.0,0.0,0.0,0.0,,1.0,1.0,0.0,,6.0,20.0,
2023,2021013471,2023-09-19,12101.0,中村 剛也,60.0,指,7,1.0,1.0,4.0,4.0,1.0,1.0,0.0,0.0,1.0,1.0,0.0,,0.0,0.0,0.0,0.0,0.0,0.0,,,,,,,,,,,,,,,,,,,,,,,
2023,2021013471,2023-09-19,900069.0,中島 卓也,9.0,遊,8,1.0,1.0,4.0,4.0,0.0,1.0,0.0,0.0,0.0,1.0,0.0,,0.0,1.0,0.0,0.0,0.0,0.0,,,,,,,,,,,,,,,,,,,,,,,
2023,2021013471,2023-09-19,1100095.0,松本 剛,7.0,中,8,1.0,1.0,4.0,4.0,0.0,0.0,0.0,0.0,0.0,0.0,0.0,,0.0,1.0,0.0,0.0,0.0,0.0,,,,,,,,,,,,,,,,,,,,,,,
2023,2021013471,2023-09-19,1500102.0,愛斗,53.0,右,7,1.0,1.0,4.0,4.0,1.0,3.0,1.0,0.0,0.0,2.0,0.0,,0.0,0.0,0.0,0.0,0.0,0.0,,,,,,,,,,,,,,,,,,,,,,,
2023,2021013471,2023-09-19,1600129.0,源田 壮亮,6.0,遊,7,1.0,1.0,4.0,4.0,0.0,1.0,0.0,0.0,0.0,2.0,0.0,,0.0,1.0,0.0,0.0,0.0,0.0,,,,,,,,,,,,,,,,,,,,,,,
2023,2021013471,2023-09-19,1700025.0,清宮 幸太郎,21.0,三,8,1.0,1.0,4.0,3.0,1.0,0.0,0.0,0.0,0.0,0.0,0.0,,1.0,0.0,0.0,0.0,0.0,0.0,,,,,,,,,,,,,,,,,,,,,,,
2023,2021013471,2023-09-19,1700140.0,ロドリゲス,41.0,,8,,,,,,,,,,,,,,,,,,,2.0,1.0,0.0,1.0,6.0,4.68,1.0,1.0,,,0.0,4.0,4.0,4.0,1.0,,2.0,0.0,0.0,,9.0,29.0,
2023,2021013471,2023-09-19,1800008.0,マルティネス,2.0,指,8,1.0,1.0,4.0,4.0,2.0,2.0,1.0,0.0,1.0,2.0,0.0,,0.0,0.0,0.0,0.0,0.0,0.0,,,,,,,,,,,,,,,,,,,,,,,
2023,2021013471,2023-09-19,1800080.0,松本 航,17.0,,7,,,,,,,,,,,,,,,,,,,1.0,1.0,,5.0,8.0,3.77,7.0,7.0,,,0.0,4.0,4.0,3.0,1.0,,4.0,2.0,0.0,,29.0,115.0,
2023,2021013471,2023-09-19,1800086.0,佐藤 龍世,58.0,三,7,1.0,1.0,4.0,2.0,2.0,1.0,0.0,0.0,0.0,0.0,0.0,,2.0,0.0,0.0,0.0,0.0,1.0,,,,,,,,,,,,,,,,,,,,,,,
2023,2021013471,2023-09-19,1800091.0,野村 佑希,5.0,一,8,1.0,1.0,4.0,3.0,0.0,0.0,0.0,0.0,0.0,0.0,1.0,,1.0,0.0,0.0,0.0,0.0,0.0,,,,,,,,,,,,,,,,,,,,,,,
2023,2021013471,2023-09-19,1800093.0,万波 中正,66.0,右,8,1.0,1.0,4.0,2.0,0.0,0.0,0.0,0.0,0.0,0.0,0.0,,2.0,0.0,0.0,0.0,0.0,0.0,,,,,,,,,,,,,,,,,,,,,,,
2023,2021013471,2023-09-19,1850820.0,蛭間 拓哉,9.0,左,7,1.0,1.0,4.0,3.0,0.0,1.0,0.0,0.0,0.0,0.0,0.0,,0.0,0.0,0.0,1.0,0.0,0.0,,,,,,,,,,,,,,,,,,,,,,,
2023,2021013471,2023-09-19,1850932.0,奈良間 大己,58.0,二,8,1.0,0.0,1.0,1.0,0.0,0.0,0.0,0.0,0.0,0.0,0.0,,0.0,0.0,0.0,0.0,0.0,0.0,,,,,,,,,,,,,,,,,,,,,,,
2023,2021013471,2023-09-19,1900040.0,郡司 裕也,30.0,二,8,1.0,1.0,3.0,3.0,0.0,1.0,0.0,0.0,0.0,0.0,0.0,,0.0,1.0,0.0,0.0,0.0,0.0,,,,,,,,,,,,,,,,,,,,,,,
2023,2021013471,2023-09-19,1900068.0,岸 潤一郎,68.0,中,7,1.0,1.0,5.0,4.0,0.0,0.0,0.0,0.0,0.0,0.0,0.0,,1.0,0.0,0.0,0.0,0.0,0.0,,,,,,,,,,,,,,,,,,,,,,,
2023,2021013471,2023-09-19,1900073.0,鈴木 健矢,47.0,,8,,,,,,,,,,,,,,,,,,,3.0,1.0,0.0,6.0,4.0,2.77,1.0,1.0,,,0.0,0.0,0.0,0.0,0.0,,0.0,0.0,0.0,,3.0,10.0,
2023,2021013471,2023-09-19,1961850.0,ポンセ,45.0,,8,,,,,,,,,,,,,,,,,,,1.0,1.0,,3.0,5.0,4.23,5.0,5.0,,,0.0,6.0,3.0,3.0,0.0,,1.0,2.0,0.0,,21.0,76.0,
2023,2021013471,2023-09-19,2000078.0,水上 由伸,69.0,,7,,,,,,,,,,,,,,,,,,,3.0,1.0,0.0,0.0,1.0,1.72,1.0,1.0,,,1.0,0.0,0.0,0.0,0.0,,0.0,1.0,0.0,,3.0,11.0,
2023,2021013471,2023-09-19,2000081.0,古川 裕大,27.0,捕,8,1.0,1.0,3.0,3.0,0.0,0.0,0.0,0.0,0.0,0.0,0.0,,0.0,0.0,0.0,0.0,0.0,0.0,,,,,,,,,,,,,,,,,,,,,,,
2023,2021013471,2023-09-19,2000084.0,今川 優馬,61.0,左,8,1.0,1.0,4.0,4.0,1.0,0.0,0.0,0.0,0.0,0.0,0.0,,0.0,0.0,0.0,0.0,0.0,0.0,,,,,,,,,,,,,,,,,,,,,,,
2023,2021013471,2023-09-19,2103714.0,佐藤 隼輔,19.0,,7,,,,,,,,,,,,,,,,,,,2.0,1.0,0.0,1.0,2.0,2.75,1.0,1.0,,,0.0,0.0,0.0,0.0,0.0,,0.0,0.0,0.0,,3.0,11.0,
2023,2021013471,2023-09-19,2103731.0,長谷川 威展,53.0,,8,,,,,,,,,,,,,,,,,,,4.0,1.0,0.0,0.0,0.0,0.0,1.0,1.0,,,0.0,1.0,0.0,0.0,0.0,,0.0,0.0,0.0,,4.0,14.0,
2023,2021013471,2023-09-19,2103949.0,古市 尊,65.0,捕,7,1.0,1.0,4.0,4.0,1.0,0.0,0.0,0.0,0.0,0.0,0.0,,0.0,1.0,0.0,0.0,0.0,1.0,,,,,,,,,,,,,,,,,,,,,,,
2023,2021013471,2023-09-19,2105684.0,児玉 亮涼,0.0,二,7,1.0,1.0,4.0,3.0,1.0,2.0,0.0,0.0,0.0,2.0,0.0,,0.0,0.0,0.0,0.0,1.0,0.0,,,,,,,,,,,,,,,,,,,,,,,
2023,2021013471,2023-09-19,2108196.0,マキノン,30.0,一,7,1.0,1.0,4.0,4.0,1.0,2.0,0.0,0.0,0.0,0.0,0.0,,0.0,0.0,0.0,0.0,0.0,0.0,,,,,,,,,,,,,,,,,,,,,,,
2023,2021013472,2023-09-19,600066.0,平野 佳寿,16.0,,11,,,,,,,,,,,,,,,,,,,3.0,1.0,0.0,3.0,2.0,1.22,1.0,1.0,,,26.0,1.0,1.0,1.0,1.0,,0.0,0.0,0.0,,4.0,10.0,
2023,2021013472,2023-09-19,700087.0,角中 勝也,3.0,左,9,1.0,1.0,4.0,4.0,0.0,0.0,0.0,0.0,0.0,0.0,0.0,,0.0,1.0,0.0,0.0,0.0,0.0,,,,,,,,,,,,,,,,,,,,,,,
2023,2021013472,2023-09-19,1000007.0,国吉 佑樹,92.0,,9,,,,,,,,,,,,,,,,,,,2.0,1.0,0.0,0.0,0.0,0.0,1.6666666666666663,1.2,,,0.0,0.0,0.0,0.0,0.0,,1.0,0.0,0.0,,5.0,18.0,
2023,2021013472,2023-09-19,1000014.0,荻野 貴司,0.0,右,9,1.0,1.0,4.0,3.0,1.0,0.0,0.0,0.0,0.0,0.0,0.0,,0.0,0.0,1.0,0.0,0.0,0.0,,,,,,,,,,,,,,,,,,,,,,,
2023,2021013472,2023-09-19,1100105.0,安達 了一,3.0,二,11,1.0,1.0,4.0,4.0,1.0,2.0,0.0,0.0,0.0,0.0,0.0,,0.0,1.0,0.0,0.0,0.0,0.0,,,,,,,,,,,,,,,,,,,,,,,
2023,2021013472,2023-09-19,1160424.0,ゴンザレス,8.0,一,11,1.0,1.0,4.0,3.0,1.0,0.0,0.0,0.0,0.0,1.0,0.0,,1.0,0.0,0.0,0.0,0.0,0.0,,,,,,,,,,,,,,,,,,,,,,,
2023,2021013472,2023-09-19,1300100.0,森 友哉,4.0,指,11,1.0,1.0,4.0,3.0,1.0,0.0,0.0,0.0,0.0,0.0,0.0,,1.0,0.0,0.0,0.0,0.0,0.0,,,,,,,,,,,,,,,,,,,,,,,
2023,2021013472,2023-09-19,1300109.0,若月 健矢,2.0,捕,11,1.0,1.0,3.0,2.0,0.0,0.0,0.0,0.0,0.0,0.0,1.0,,1.0,0.0,0.0,0.0,0.0,0.0,,,,,,,,,,,,,,,,,,,,,,,
2023,2021013472,2023-09-19,1400190.0,岩下 大輝,46.0,,9,,,,,,,,,,,,,,,,,,,3.0,1.0,0.0,1.0,0.0,2.22,1.0,1.0,,,0.0,1.0,0.0,0.0,0.0,,0.0,0.0,0.0,,3.0,12.0,
2023,2021013472,2023-09-19,1400196.0,宗 佑磨,6.0,三,11,1.0,1.0,2.0,2.0,0.0,1.0,0.0,0.0,0.0,0.0,0.0,,0.0,0.0,0.0,0.0,0.0,0.0,,,,,,,,,,,,,,,,,,,,,,,
2023,2021013472,2023-09-19,1400197.0,佐野 皓大,41.0,右,11,1.0,1.0,3.0,3.0,0.0,0.0,0.0,0.0,0.0,0.0,0.0,,0.0,1.0,0.0,0.0,0.0,0.0,,,,,,,,,,,,,,,,,,,,,,,
2023,2021013472,2023-09-19,1400202.0,小田 裕也,50.0,走左,11,1.0,0.0,0.0,0.0,0.0,0.0,0.0,0.0,0.0,0.0,0.0,,0.0,0.0,0.0,0.0,0.0,0.0,,,,,,,,,,,,,,,,,,,,,,,
2023,2021013472,2023-09-19,1460080.0,ポランコ,22.0,指,9,1.0,1.0,4.0,4.0,0.0,0.0,0.0,0.0,0.0,0.0,0.0,,0.0,1.0,0.0,0.0,0.0,0.0,,,,,,,,,,,,,,,,,,,,,,,
2023,2021013472,2023-09-19,1500128.0,大城 滉二,10.0,走三,11,1.0,0.0,0.0,0.0,0.0,0.0,0.0,0.0,0.0,0.0,0.0,,0.0,0.0,0.0,0.0,0.0,0.0,,,,,,,,,,,,,,,,,,,,,,,
2023,2021013472,2023-09-19,1500135.0,杉本 裕太郎,99.0,左,11,1.0,1.0,4.0,4.0,0.0,2.0,1.0,0.0,0.0,1.0,0.0,,0.0,0.0,0.0,0.0,0.0,0.0,,,,,,,,,,,,,,,,,,,,,,,
2023,2021013472,2023-09-19,1500141.0,茶谷 健太,67.0,二,9,1.0,1.0,4.0,4.0,0.0,1.0,0.0,0.0,0.0,0.0,0.0,,0.0,0.0,0.0,0.0,0.0,0.0,,,,,,,,,,,,,,,,,,,,,,,
2023,2021013472,2023-09-19,1700092.0,安田 尚憲,5.0,三,9,1.0,1.0,4.0,4.0,1.0,1.0,0.0,0.0,1.0,1.0,0.0,,0.0,1.0,0.0,0.0,0.0,0.0,,,,,,,,,,,,,,,,,,,,,,,
2023,2021013472,2023-09-19,1700093.0,藤岡 裕大,4.0,遊,9,1.0,1.0,4.0,3.0,0.0,1.0,1.0,0.0,0.0,1.0,0.0,,1.0,1.0,0.0,0.0,0.0,0.0,,,,,,,,,,,,,,,,,,,,,,,
2023,2021013472,2023-09-19,1700118.0,東 晃平,95.0,,11,,,,,,,,,,,,,,,,,,,1.0,1.0,,6.0,0.0,1.71,7.0,7.0,,,0.0,5.0,1.0,1.0,0.0,,1.0,5.0,1.0,,28.0,110.0,
2023,2021013472,2023-09-19,1751068.0,野口 智哉,9.0,打右,11,1.0,0.0,1.0,1.0,0.0,0.0,0.0,0.0,0.0,0.0,0.0,,0.0,0.0,0.0,0.0,0.0,0.0,,,,,,,,,,,,,,,,,,,,,,,
2023,2021013472,2023-09-19,1800050.0,藤原 恭大,1.0,中,9,1.0,1.0,3.0,2.0,0.0,0.0,0.0,0.0,0.0,0.0,0.0,,0.0,0.0,0.0,1.0,0.0,0.0,,,,,,,,,,,,,,,,,,,,,,,
2023,2021013472,2023-09-19,1800052.0,小島 和哉,14.0,,9,,,,,,,,,,,,,,,,,,,1.0,1.0,,8.0,5.0,3.4,5.333333333333333,5.1,,,0.0,8.0,3.0,3.0,0.0,,2.0,2.0,0.0,,26.0,106.0,
2023,2021013472,2023-09-19,1800053.0,山口 航輝,51.0,一,9,1.0,1.0,4.0,4.0,0.0,1.0,1.0,0.0,0.0,0.0,0.0,,0.0,2.0,0.0,0.0,0.0,0.0,,,,,,,,,,,,,,,,,,,,,,,
2023,2021013472,2023-09-19,1800104.0,中川 圭太,67.0,中,11,1.0,1.0,4.0,4.0,0.0,2.0,0.0,0.0,0.0,0.0,0.0,,0.0,0.0,0.0,0.0,0.0,0.0,,,,,,,,,,,,,,,,,,,,,,,
2023,2021013472,2023-09-19,1900081.0,佐藤 都志也,32.0,捕,9,1.0,1.0,4.0,4.0,0.0,2.0,0.0,0.0,0.0,0.0,0.0,,0.0,0.0,0.0,0.0,0.0,0.0,,,,,,,,,,,,,,,,,,,,,,,
2023,2021013472,2023-09-19,1900088.0,紅林 弘太郎,24.0,遊,11,1.0,1.0,4.0,4.0,0.0,1.0,1.0,0.0,0.0,0.0,0.0,,0.0,0.0,0.0,0.0,0.0,0.0,,,,,,,,,,,,,,,,,,,,,,,
2023,2021013472,2023-09-19,2000101.0,阿部 翔太,45.0,,11,,,,,,,,,,,,,,,,,,,2.0,1.0,0.0,2.0,4.0,1.84,1.0,1.0,,,1.0,0.0,0.0,0.0,0.0,,0.0,1.0,0.0,,3.0,9.0,
2023,2021013472,2023-09-19,2108913.0,セデーニョ,40.0,打,11,1.0,0.0,1.0,1.0,0.0,1.0,0.0,0.0,0.0,1.0,0.0,,0.0,0.0,0.0,0.0,0.0,0.0,,,,,,,,,,,,,,,,,,,,,,,
2023,2021013473,2023-09-20,12113.0,石川 雅規,19.0,投,2,1.0,1.0,1.0,0.0,0.0,0.0,0.0,0.0,0.0,0.0,0.0,,0.0,0.0,0.0,1.0,0.0,0.0,1.0,1.0,,2.0,5.0,3.98,3.333333333333333,3.1,,,0.0,6.0,5.0,5.0,2.0,,1.0,1.0,0.0,,17.0,47.0,
2023,2021013473,2023-09-20,400021.0,青木 宣親,23.0,打,2,1.0,0.0,1.0,0.0,0.0,0.0,0.0,0.0,0.0,0.0,0.0,,0.0,0.0,1.0,0.0,0.0,0.0,,,,,,,,,,,,,,,,,,,,,,,
2023,2021013473,2023-09-20,700034.0,堂上 直倫,63.0,三,4,1.0,0.0,0.0,0.0,0.0,0.0,0.0,0.0,0.0,0.0,0.0,,0.0,0.0,0.0,0.0,0.0,0.0,,,,,,,,,,,,,,,,,,,,,,,
2023,2021013473,2023-09-20,900044.0,中村 悠平,27.0,捕,2,1.0,1.0,4.0,3.0,0.0,0.0,0.0,0.0,0.0,0.0,0.0,,0.0,0.0,1.0,0.0,0.0,0.0,,,,,,,,,,,,,,,,,,,,,,,
2023,2021013473,2023-09-20,1000132.0,山田 哲人,1.0,二,2,1.0,1.0,5.0,3.0,1.0,0.0,0.0,0.0,0.0,0.0,0.0,,2.0,2.0,0.0,0.0,0.0,0.0,,,,,,,,,,,,,,,,,,,,,,,
2023,2021013473,2023-09-20,1200097.0,加藤 翔平,52.0,左,4,1.0,1.0,4.0,4.0,1.0,2.0,0.0,0.0,0.0,0.0,0.0,,0.0,0.0,0.0,0.0,0.0,0.0,,,,,,,,,,,,,,,,,,,,,,,
2023,2021013473,2023-09-20,1300029.0,田口 麗斗,34.0,投,2,1.0,0.0,0.0,0.0,0.0,0.0,0.0,0.0,0.0,0.0,0.0,,0.0,0.0,0.0,0.0,0.0,0.0,4.0,1.0,0.0,2.0,4.0,1.57,1.0,1.0,,,32.0,0.0,0.0,0.0,0.0,,0.0,1.0,0.0,,3.0,9.0,
2023,2021013473,2023-09-20,1300045.0,高梨 裕稔,14.0,投,2,1.0,0.0,0.0,0.0,0.0,0.0,0.0,0.0,0.0,0.0,0.0,,0.0,0.0,0.0,0.0,0.0,0.0,3.0,1.0,0.0,0.0,3.0,5.06,2.0,2.0,,,0.0,1.0,0.0,0.0,0.0,,0.0,2.0,0.0,,7.0,29.0,
2023,2021013473,2023-09-20,1500044.0,山崎 晃大朗,31.0,左,2,1.0,1.0,5.0,4.0,0.0,0.0,0.0,0.0,0.0,0.0,0.0,,0.0,2.0,0.0,1.0,0.0,0.0,,,,,,,,,,,,,,,,,,,,,,,
2023,2021013473,2023-09-20,1500049.0,宇佐見 真吾,39.0,捕,4,1.0,1.0,4.0,4.0,1.0,1.0,0.0,0.0,0.0,0.0,0.0,,0.0,1.0,0.0,0.0,0.0,0.0,,,,,,,,,,,,,,,,,,,,,,,
2023,2021013473,2023-09-20,1500077.0,福 敬登,34.0,投,4,1.0,0.0,0.0,0.0,0.0,0.0,0.0,0.0,0.0,0.0,0.0,,0.0,0.0,0.0,0.0,0.0,0.0,5.0,1.0,0.0,1.0,0.0,3.07,0.3333333333333333,0.1,,,0.0,0.0,0.0,0.0,0.0,,0.0,0.0,1.0,,2.0,2.0,
2023,2021013473,2023-09-20,1560639.0,カリステ,99.0,遊,4,1.0,1.0,4.0,4.0,2.0,2.0,0.0,0.0,2.0,3.0,0.0,,0.0,1.0,0.0,0.0,0.0,0.0,,,,,,,,,,,,,,,,,,,,,,,
2023,2021013473,2023-09-20,1600021.0,ビシエド,66.0,一,4,1.0,1.0,4.0,4.0,0.0,0.0,0.0,0.0,0.0,0.0,0.0,,0.0,0.0,0.0,0.0,0.0,0.0,,,,,,,,,,,,,,,,,,,,,,,
2023,2021013473,2023-09-20,1600078.0,古賀 優大,57.0,走捕,2,1.0,0.0,0.0,0.0,1.0,0.0,0.0,0.0,0.0,0.0,0.0,,0.0,0.0,0.0,0.0,0.0,0.0,,,,,,,,,,,,,,,,,,,,,,,
2023,2021013473,2023-09-20,1600085.0,細川 成也,0.0,右,4,1.0,1.0,4.0,3.0,0.0,0.0,0.0,0.0,0.0,0.0,0.0,,1.0,0.0,0.0,0.0,0.0,0.0,,,,,,,,,,,,,,,,,,,,,,,
2023,2021013473,2023-09-20,1600110.0,藤嶋 健人,54.0,投,4,1.0,0.0,0.0,0.0,0.0,0.0,0.0,0.0,0.0,0.0,0.0,,0.0,0.0,0.0,0.0,0.0,0.0,3.0,1.0,0.0,1.0,1.0,1.18,1.0,1.0,,,1.0,0.0,0.0,0.0,0.0,,0.0,2.0,0.0,,3.0,17.0,
2023,2021013473,2023-09-20,1660045.0,フェリス,93.0,投,4,1.0,0.0,0.0,0.0,0.0,0.0,0.0,0.0,0.0,0.0,0.0,,0.0,0.0,0.0,0.0,0.0,0.0,4.0,1.0,0.0,1.0,0.0,2.45,0.3333333333333333,0.1,,,0.0,2.0,3.0,3.0,1.0,,0.0,0.0,1.0,,4.0,16.0,
2023,2021013473,2023-09-20,1660558.0,メヒア,91.0,投,4,1.0,1.0,2.0,2.0,0.0,0.0,0.0,0.0,0.0,0.0,0.0,,0.0,0.0,0.0,0.0,0.0,0.0,1.0,1.0,,2.0,1.0,2.13,5.0,5.0,,,0.0,4.0,2.0,2.0,0.0,,4.0,4.0,0.0,,23.0,98.0,
2023,2021013473,2023-09-20,1700084.0,村上 宗隆,55.0,三,2,1.0,1.0,5.0,3.0,1.0,2.0,1.0,0.0,0.0,0.0,0.0,,2.0,1.0,0.0,0.0,0.0,0.0,,,,,,,,,,,,,,,,,,,,,,,
2023,2021013473,2023-09-20,1700087.0,塩見 泰隆,9.0,中,2,1.0,1.0,5.0,5.0,0.0,2.0,0.0,0.0,0.0,1.0,0.0,,0.0,2.0,0.0,0.0,0.0,0.0,,,,,,,,,,,,,,,,,,,,,,,
2023,2021013473,2023-09-20,1750223.0,村松 開人,5.0,打,4,1.0,0.0,1.0,1.0,0.0,0.0,0.0,0.0,0.0,0.0,0.0,,0.0,0.0,0.0,0.0,0.0,0.0,,,,,,,,,,,,,,,,,,,,,,,
2023,2021013473,2023-09-20,1800036.0,濱田 太貴,51.0,打,2,1.0,0.0,1.0,1.0,0.0,0.0,0.0,0.0,0.0,0.0,0.0,,0.0,1.0,0.0,0.0,0.0,0.0,,,,,,,,,,,,,,,,,,,,,,,
2023,2021013473,2023-09-20,1800061.0,勝野 昌慶,41.0,投,4,1.0,0.0,0.0,0.0,0.0,0.0,0.0,0.0,0.0,0.0,0.0,,0.0,0.0,0.0,0.0,0.0,0.0,2.0,1.0,0.0,5.0,2.0,2.28,1.0,1.0,,,0.0,0.0,0.0,0.0,0.0,,1.0,1.0,0.0,,4.0,14.0,
2023,2021013473,2023-09-20,1900027.0,大西 広樹,44.0,投,2,1.0,0.0,1.0,1.0,0.0,0.0,0.0,0.0,0.0,0.0,0.0,,0.0,0.0,0.0,0.0,0.0,0.0,2.0,1.0,0.0,2.0,2.0,3.91,2.6666666666666665,2.2,,,0.0,0.0,0.0,0.0,0.0,,1.0,0.0,0.0,,9.0,30.0,
2023,2021013473,2023-09-20,1900028.0,長岡 秀樹,7.0,走,2,1.0,0.0,0.0,0.0,1.0,0.0,0.0,0.0,0.0,0.0,0.0,,0.0,0.0,0.0,0.0,0.0,0.0,,,,,,,,,,,,,,,,,,,,,,,
2023,2021013473,2023-09-20,1900029.0,武岡 龍世,60.0,遊,2,1.0,1.0,4.0,1.0,1.0,0.0,0.0,0.0,0.0,0.0,0.0,,2.0,0.0,0.0,1.0,0.0,0.0,,,,,,,,,,,,,,,,,,,,,,,
2023,2021013473,2023-09-20,1900037.0,石川 昂弥,25.0,三,4,1.0,1.0,4.0,4.0,1.0,1.0,1.0,0.0,0.0,0.0,0.0,,0.0,1.0,0.0,0.0,0.0,0.0,,,,,,,,,,,,,,,,,,,,,,,
2023,2021013473,2023-09-20,1900041.0,岡林 勇希,60.0,中,4,1.0,1.0,4.0,3.0,0.0,0.0,0.0,0.0,0.0,0.0,0.0,,1.0,0.0,0.0,0.0,0.0,0.0,,,,,,,,,,,,,,,,,,,,,,,
2023,2021013473,2023-09-20,2000044.0,龍空,45.0,二,4,1.0,1.0,4.0,4.0,0.0,1.0,0.0,0.0,0.0,2.0,0.0,,0.0,1.0,0.0,0.0,0.0,0.0,,,,,,,,,,,,,,,,,,,,,,,
2023,2021013473,2023-09-20,2000133.0,オスナ,13.0,一,2,1.0,1.0,5.0,5.0,0.0,1.0,0.0,0.0,0.0,2.0,0.0,,0.0,0.0,0.0,0.0,0.0,0.0,,,,,,,,,,,,,,,,,,,,,,,
2023,2021013473,2023-09-20,2000135.0,サンタナ,25.0,右,2,1.0,1.0,5.0,4.0,1.0,3.0,0.0,0.0,1.0,2.0,0.0,,1.0,0.0,0.0,0.0,0.0,0.0,,,,,,,,,,,,,,,,,,,,,,,
2023,2021013473,2023-09-20,2107869.0,松山 晋也,90.0,投,4,1.0,0.0,1.0,1.0,0.0,0.0,0.0,0.0,0.0,0.0,0.0,,0.0,0.0,0.0,0.0,0.0,0.0,6.0,1.0,0.0,0.0,1.0,1.19,0.6666666666666666,0.2,,,0.0,2.0,1.0,1.0,0.0,,2.0,1.0,0.0,,6.0,27.0,
2023,2021013474,2023-09-20,700003.0,坂本 勇人,6.0,三,1,1.0,1.0,4.0,4.0,0.0,1.0,0.0,0.0,0.0,1.0,0.0,,0.0,0.0,0.0,0.0,0.0,0.0,,,,,,,,,,,,,,,,,,,,,,,
2023,2021013474,2023-09-20,700027.0,梶谷 隆幸,13.0,打右,1,1.0,0.0,2.0,2.0,0.0,0.0,0.0,0.0,0.0,1.0,0.0,,0.0,1.0,0.0,0.0,0.0,0.0,,,,,,,,,,,,,,,,,,,,,,,
2023,2021013474,2023-09-20,800043.0,丸 佳浩,8.0,中,1,1.0,1.0,4.0,4.0,1.0,1.0,0.0,0.0,1.0,1.0,0.0,,0.0,0.0,0.0,0.0,0.0,0.0,,,,,,,,,,,,,,,,,,,,,,,
2023,2021013474,2023-09-20,900397.0,長野 久義,7.0,右,1,1.0,1.0,4.0,4.0,1.0,2.0,2.0,0.0,0.0,0.0,0.0,,0.0,1.0,0.0,0.0,0.0,0.0,,,,,,,,,,,,,,,,,,,,,,,
2023,2021013474,2023-09-20,900426.0,原口 文仁,94.0,打,5,1.0,0.0,1.0,1.0,0.0,0.0,0.0,0.0,0.0,0.0,0.0,,0.0,0.0,0.0,0.0,0.0,0.0,,,,,,,,,,,,,,,,,,,,,,,
2023,2021013474,2023-09-20,1300075.0,岩崎 優,13.0,投,5,1.0,0.0,0.0,0.0,0.0,0.0,0.0,0.0,0.0,0.0,0.0,,0.0,0.0,0.0,0.0,0.0,0.0,5.0,1.0,0.0,3.0,2.0,1.35,1.0,1.0,,,33.0,1.0,0.0,0.0,0.0,,1.0,1.0,0.0,,5.0,17.0,
2023,2021013474,2023-09-20,1400101.0,岡本 和真,25.0,一,1,1.0,1.0,4.0,4.0,0.0,0.0,0.0,0.0,0.0,0.0,0.0,,0.0,1.0,0.0,0.0,0.0,1.0,,,,,,,,,,,,,,,,,,,,,,,
2023,2021013474,2023-09-20,1500047.0,重信 慎之介,43.0,走,1,1.0,0.0,0.0,0.0,0.0,0.0,0.0,0.0,0.0,0.0,0.0,,0.0,0.0,0.0,0.0,0.0,0.0,,,,,,,,,,,,,,,,,,,,,,,
2023,2021013474,2023-09-20,1500054.0,増田 大輝,0.0,左,1,1.0,1.0,4.0,2.0,1.0,1.0,1.0,0.0,0.0,0.0,0.0,,1.0,1.0,0.0,1.0,0.0,0.0,,,,,,,,,,,,,,,,,,,,,,,
2023,2021013474,2023-09-20,1500087.0,坂本 誠志郎,12.0,捕,5,1.0,1.0,4.0,4.0,0.0,0.0,0.0,0.0,0.0,1.0,0.0,,0.0,1.0,0.0,0.0,0.0,0.0,,,,,,,,,,,,,,,,,,,,,,,
2023,2021013474,2023-09-20,1561778.0,バルドナード,49.0,投,1,1.0,0.0,0.0,0.0,0.0,0.0,0.0,0.0,0.0,0.0,0.0,,0.0,0.0,0.0,0.0,0.0,0.0,2.0,1.0,0.0,2.0,1.0,1.77,1.0,1.0,,,0.0,0.0,0.0,0.0,0.0,,0.0,2.0,0.0,,3.0,11.0,
2023,2021013474,2023-09-20,1600059.0,吉川 尚輝,2.0,二,1,1.0,1.0,3.0,2.0,0.0,1.0,0.0,0.0,0.0,0.0,0.0,,0.0,0.0,0.0,1.0,0.0,0.0,,,,,,,,,,,,,,,,,,,,,,,
2023,2021013474,2023-09-20,1600113.0,大山 悠輔,3.0,一,5,1.0,1.0,4.0,3.0,2.0,1.0,0.0,0.0,0.0,0.0,0.0,,1.0,0.0,0.0,0.0,0.0,0.0,,,,,,,,,,,,,,,,,,,,,,,
2023,2021013474,2023-09-20,1700043.0,岸田 行倫,27.0,打,1,1.0,0.0,1.0,1.0,0.0,0.0,0.0,0.0,0.0,0.0,0.0,,0.0,0.0,0.0,0.0,0.0,0.0,,,,,,,,,,,,,,,,,,,,,,,
2023,2021013474,2023-09-20,1700044.0,大城 卓三,24.0,捕,1,1.0,1.0,4.0,4.0,0.0,2.0,0.0,0.0,0.0,0.0,0.0,,0.0,1.0,0.0,0.0,0.0,0.0,,,,,,,,,,,,,,,,,,,,,,,
2023,2021013474,2023-09-20,1700045.0,北村 拓己,52.0,打,1,1.0,0.0,1.0,1.0,0.0,1.0,0.0,0.0,0.0,0.0,0.0,,0.0,0.0,0.0,0.0,0.0,0.0,,,,,,,,,,,,,,,,,,,,,,,
2023,2021013474,2023-09-20,1700080.0,島田 海吏,53.0,走左,5,1.0,0.0,0.0,0.0,0.0,0.0,0.0,0.0,0.0,0.0,1.0,,0.0,0.0,0.0,0.0,0.0,0.0,,,,,,,,,,,,,,,,,,,,,,,
2023,2021013474,2023-09-20,1800065.0,近本 光司,5.0,中,5,1.0,1.0,4.0,4.0,1.0,1.0,0.0,1.0,0.0,0.0,0.0,,0.0,1.0,0.0,0.0,0.0,0.0,,,,,,,,,,,,,,,,,,,,,,,
2023,2021013474,2023-09-20,1800067.0,木浪 聖也,0.0,遊,5,1.0,1.0,3.0,2.0,0.0,0.0,0.0,0.0,0.0,0.0,0.0,,1.0,1.0,0.0,0.0,0.0,0.0,,,,,,,,,,,,,,,,,,,,,,,
2023,2021013474,2023-09-20,1850183.0,森下 翔太,1.0,右,5,1.0,1.0,4.0,4.0,0.0,0.0,0.0,0.0,0.0,0.0,0.0,,0.0,2.0,0.0,0.0,0.0,0.0,,,,,,,,,,,,,,,,,,,,,,,
2023,2021013474,2023-09-20,1900046.0,及川 雅貴,37.0,投,5,1.0,0.0,0.0,0.0,0.0,0.0,0.0,0.0,0.0,0.0,0.0,,0.0,0.0,0.0,0.0,0.0,0.0,4.0,1.0,0.0,3.0,1.0,2.56,0.3333333333333333,0.1,,,0.0,0.0,0.0,0.0,0.0,,0.0,1.0,0.0,,1.0,6.0,
2023,2021013474,2023-09-20,1960349.0,ブルワー,98.0,投,5,1.0,0.0,0.0,0.0,0.0,0.0,0.0,0.0,0.0,0.0,0.0,,0.0,0.0,0.0,0.0,0.0,0.0,3.0,1.0,0.0,0.0,1.0,2.25,0.6666666666666666,0.2,,,0.0,0.0,0.0,0.0,0.0,,0.0,0.0,0.0,,2.0,7.0,
2023,2021013474,2023-09-20,1960962.0,ビーディ,33.0,投,1,1.0,0.0,0.0,0.0,0.0,0.0,0.0,0.0,0.0,0.0,0.0,,0.0,0.0,0.0,0.0,0.0,0.0,4.0,1.0,0.0,0.0,6.0,3.88,0.3333333333333333,0.1,,,1.0,0.0,0.0,0.0,0.0,,0.0,1.0,0.0,,1.0,5.0,
2023,2021013474,2023-09-20,1961285.0,ノイジー,7.0,左,5,1.0,1.0,4.0,4.0,0.0,2.0,0.0,0.0,0.0,2.0,0.0,,0.0,1.0,0.0,0.0,0.0,0.0,,,,,,,,,,,,,,,,,,,,,,,
2023,2021013474,2023-09-20,2000006.0,山崎 伊織,19.0,投,1,1.0,1.0,2.0,2.0,0.0,0.0,0.0,0.0,0.0,0.0,0.0,,0.0,1.0,0.0,0.0,0.0,0.0,1.0,1.0,,9.0,4.0,3.0,6.0,6.0,,,0.0,6.0,2.0,2.0,0.0,,1.0,3.0,0.0,,25.0,97.0,
2023,2021013474,2023-09-20,2000051.0,佐藤 輝明,8.0,三,5,1.0,1.0,4.0,4.0,1.0,3.0,2.0,0.0,0.0,0.0,0.0,,0.0,0.0,0.0,0.0,0.0,0.0,,,,,,,,,,,,,,,,,,,,,,,
2023,2021013474,2023-09-20,2000052.0,伊藤 将司,27.0,投,5,1.0,1.0,2.0,2.0,0.0,0.0,0.0,0.0,0.0,0.0,0.0,,0.0,1.0,0.0,0.0,0.0,0.0,1.0,1.0,,10.0,5.0,2.39,6.333333333333333,6.1,,,0.0,8.0,3.0,3.0,1.0,,0.0,4.0,0.0,,27.0,99.0,
2023,2021013474,2023-09-20,2000056.0,中野 拓夢,51.0,二,5,1.0,1.0,4.0,4.0,0.0,1.0,0.0,0.0,0.0,1.0,0.0,,0.0,0.0,0.0,0.0,0.0,0.0,,,,,,,,,,,,,,,,,,,,,,,
2023,2021013474,2023-09-20,2000058.0,石井 大智,69.0,投,5,1.0,0.0,0.0,0.0,0.0,0.0,0.0,0.0,0.0,0.0,0.0,,0.0,0.0,0.0,0.0,0.0,0.0,2.0,1.0,0.0,1.0,1.0,1.18,0.6666666666666666,0.2,,,0.0,0.0,0.0,0.0,0.0,,0.0,1.0,0.0,,2.0,5.0,
2023,2021013474,2023-09-20,2103705.0,菊地 大稀,96.0,投,1,1.0,0.0,0.0,0.0,0.0,0.0,0.0,0.0,0.0,0.0,0.0,,0.0,0.0,0.0,0.0,0.0,0.0,3.0,1.0,0.0,4.0,4.0,3.55,0.6666666666666666,0.2,,,0.0,2.0,2.0,2.0,0.0,,1.0,1.0,0.0,,5.0,24.0,
2023,2021013474,2023-09-20,2107874.0,門脇 誠,35.0,遊,1,1.0,1.0,4.0,3.0,0.0,0.0,0.0,0.0,0.0,0.0,0.0,,0.0,1.0,0.0,1.0,0.0,0.0,,,,,,,,,,,,,,,,,,,,,,,
2023,2021013475,2023-09-20,600003.0,大和,9.0,打,3,1.0,0.0,1.0,1.0,0.0,0.0,0.0,0.0,0.0,0.0,0.0,,0.0,0.0,0.0,0.0,0.0,0.0,,,,,,,,,,,,,,,,,,,,,,,
2023,2021013475,2023-09-20,700050.0,會澤 翼,27.0,捕,6,1.0,1.0,3.0,3.0,0.0,0.0,0.0,0.0,0.0,0.0,0.0,,0.0,1.0,0.0,0.0,0.0,0.0,,,,,,,,,,,,,,,,,,,,,,,
2023,2021013475,2023-09-20,900011.0,大田 泰示,0.0,右,3,1.0,1.0,4.0,3.0,1.0,0.0,0.0,0.0,0.0,0.0,0.0,,1.0,1.0,0.0,0.0,0.0,0.0,,,,,,,,,,,,,,,,,,,,,,,
2023,2021013475,2023-09-20,900430.0,堂林 翔太,7.0,左,6,1.0,1.0,4.0,4.0,0.0,1.0,0.0,0.0,0.0,1.0,0.0,,0.0,1.0,0.0,0.0,0.0,0.0,,,,,,,,,,,,,,,,,,,,,,,
2023,2021013475,2023-09-20,1000098.0,磯村 嘉孝,40.0,打,6,1.0,0.0,1.0,1.0,0.0,0.0,0.0,0.0,0.0,0.0,0.0,,0.0,1.0,0.0,0.0,0.0,0.0,,,,,,,,,,,,,,,,,,,,,,,
2023,2021013475,2023-09-20,1100061.0,桑原 将志,1.0,中,3,1.0,1.0,4.0,3.0,0.0,1.0,0.0,0.0,0.0,0.0,0.0,,0.0,0.0,0.0,1.0,0.0,0.0,,,,,,,,,,,,,,,,,,,,,,,
2023,2021013475,2023-09-20,1200053.0,宮崎 敏郎,51.0,三,3,1.0,1.0,4.0,4.0,1.0,2.0,0.0,0.0,0.0,0.0,0.0,,0.0,0.0,0.0,0.0,0.0,0.0,,,,,,,,,,,,,,,,,,,,,,,
2023,2021013475,2023-09-20,1300038.0,関根 大気,63.0,走左,3,1.0,0.0,0.0,0.0,0.0,0.0,0.0,0.0,0.0,0.0,0.0,,0.0,0.0,0.0,0.0,0.0,0.0,,,,,,,,,,,,,,,,,,,,,,,
2023,2021013475,2023-09-20,1300057.0,大瀬良 大地,14.0,投,6,1.0,1.0,1.0,1.0,0.0,0.0,0.0,0.0,0.0,0.0,0.0,,0.0,1.0,0.0,0.0,0.0,0.0,1.0,1.0,,6.0,11.0,3.6,5.666666666666667,5.2,,,0.0,3.0,2.0,2.0,1.0,,2.0,3.0,0.0,,21.0,90.0,
2023,2021013475,2023-09-20,1300059.0,田中 広輔,2.0,打,6,1.0,0.0,1.0,1.0,0.0,1.0,0.0,0.0,0.0,0.0,0.0,,0.0,0.0,0.0,0.0,0.0,0.0,,,,,,,,,,,,,,,,,,,,,,,
2023,2021013475,2023-09-20,1460004.0,デビッドソン,95.0,三,6,1.0,1.0,3.0,3.0,0.0,0.0,0.0,0.0,0.0,0.0,0.0,,0.0,2.0,0.0,0.0,0.0,0.0,,,,,,,,,,,,,,,,,,,,,,,
2023,2021013475,2023-09-20,1500063.0,柴田 竜拓,31.0,三,3,1.0,0.0,0.0,0.0,0.0,0.0,0.0,0.0,0.0,0.0,0.0,,0.0,0.0,0.0,0.0,0.0,0.0,,,,,,,,,,,,,,,,,,,,,,,
2023,2021013475,2023-09-20,1561880.0,ウェンデルケン,49.0,投,3,1.0,0.0,0.0,0.0,0.0,0.0,0.0,0.0,0.0,0.0,0.0,,0.0,0.0,0.0,0.0,0.0,0.0,2.0,1.0,0.0,2.0,2.0,1.78,1.0,1.0,,,0.0,1.0,0.0,0.0,0.0,,0.0,2.0,0.0,,4.0,21.0,
2023,2021013475,2023-09-20,1600089.0,佐野 恵太,7.0,左,3,1.0,1.0,4.0,4.0,0.0,1.0,0.0,0.0,0.0,0.0,0.0,,0.0,1.0,0.0,0.0,0.0,0.0,,,,,,,,,,,,,,,,,,,,,,,
2023,2021013475,2023-09-20,1600096.0,森原 康平,68.0,投,3,1.0,0.0,0.0,0.0,0.0,0.0,0.0,0.0,0.0,0.0,0.0,,0.0,0.0,0.0,0.0,0.0,0.0,3.0,1.0,0.0,2.0,1.0,2.38,1.0,1.0,,,16.0,0.0,0.0,0.0,0.0,,0.0,1.0,0.0,,3.0,14.0,
2023,2021013475,2023-09-20,1600121.0,矢崎 拓也,41.0,投,6,1.0,0.0,0.0,0.0,0.0,0.0,0.0,0.0,0.0,0.0,0.0,,0.0,0.0,0.0,0.0,0.0,0.0,3.0,1.0,0.0,4.0,2.0,2.79,1.0,1.0,,,24.0,3.0,1.0,1.0,0.0,,0.0,1.0,0.0,,6.0,20.0,
2023,2021013475,2023-09-20,1650187.0,中村 貴浩,97.0,打,6,1.0,0.0,1.0,1.0,0.0,0.0,0.0,0.0,0.0,0.0,0.0,,0.0,1.0,0.0,0.0,0.0,0.0,,,,,,,,,,,,,,,,,,,,,,,
2023,2021013475,2023-09-20,1700020.0,ソト,99.0,一,3,1.0,1.0,4.0,4.0,0.0,1.0,0.0,0.0,0.0,0.0,0.0,,0.0,0.0,0.0,0.0,0.0,0.0,,,,,,,,,,,,,,,,,,,,,,,
2023,2021013475,2023-09-20,1700058.0,東 克樹,11.0,投,3,1.0,1.0,3.0,3.0,0.0,1.0,0.0,0.0,0.0,1.0,0.0,,0.0,0.0,0.0,0.0,0.0,0.0,1.0,1.0,,15.0,2.0,2.13,7.0,7.0,,,0.0,4.0,1.0,1.0,0.0,,0.0,8.0,0.0,,25.0,92.0,
2023,2021013475,2023-09-20,1700066.0,山本 祐大,50.0,捕,3,1.0,1.0,4.0,3.0,0.0,0.0,0.0,0.0,0.0,0.0,0.0,,0.0,1.0,0.0,1.0,0.0,0.0,,,,,,,,,,,,,,,,,,,,,,,
2023,2021013475,2023-09-20,1700068.0,中村 奨成,22.0,中,6,1.0,1.0,3.0,3.0,0.0,0.0,0.0,0.0,0.0,0.0,0.0,,0.0,0.0,0.0,0.0,0.0,0.0,,,,,,,,,,,,,,,,,,,,,,,
2023,2021013475,2023-09-20,1800072.0,小園 海斗,51.0,遊,6,1.0,1.0,4.0,4.0,0.0,1.0,0.0,0.0,0.0,0.0,0.0,,0.0,0.0,0.0,0.0,0.0,0.0,,,,,,,,,,,,,,,,,,,,,,,
2023,2021013475,2023-09-20,1800073.0,島内 颯太郎,43.0,投,6,1.0,0.0,0.0,0.0,0.0,0.0,0.0,0.0,0.0,0.0,0.0,,0.0,0.0,0.0,0.0,0.0,0.0,4.0,1.0,0.0,2.0,3.0,2.45,1.0,1.0,,,2.0,1.0,0.0,0.0,0.0,,1.0,0.0,0.0,,4.0,14.0,
2023,2021013475,2023-09-20,1800079.0,大盛 穂,59.0,走中,6,1.0,0.0,0.0,0.0,0.0,0.0,0.0,0.0,0.0,0.0,0.0,,0.0,0.0,0.0,0.0,0.0,0.0,,,,,,,,,,,,,,,,,,,,,,,
2023,2021013475,2023-09-20,1850208.0,林 琢真,0.0,遊,3,1.0,1.0,4.0,4.0,0.0,1.0,0.0,0.0,0.0,0.0,0.0,,0.0,1.0,0.0,0.0,0.0,0.0,,,,,,,,,,,,,,,,,,,,,,,
2023,2021013475,2023-09-20,1860147.0,アンダーソン,42.0,投,6,1.0,0.0,0.0,0.0,0.0,0.0,0.0,0.0,0.0,0.0,0.0,,0.0,0.0,0.0,0.0,0.0,0.0,2.0,1.0,0.0,4.0,1.0,2.36,0.3333333333333333,0.1,,,0.0,0.0,0.0,0.0,0.0,,0.0,0.0,0.0,,1.0,6.0,
2023,2021013475,2023-09-20,1961166.0,マクブルーム,10.0,一,6,1.0,1.0,3.0,3.0,0.0,0.0,0.0,0.0,0.0,0.0,0.0,,0.0,1.0,0.0,0.0,0.0,0.0,,,,,,,,,,,,,,,,,,,,,,,
2023,2021013475,2023-09-20,2000035.0,牧 秀悟,2.0,二,3,1.0,1.0,4.0,2.0,1.0,1.0,0.0,0.0,1.0,2.0,0.0,,2.0,0.0,0.0,0.0,0.0,0.0,,,,,,,,,,,,,,,,,,,,,,,
2023,2021013475,2023-09-20,2000060.0,栗林 良吏,20.0,投,6,1.0,0.0,0.0,0.0,0.0,0.0,0.0,0.0,0.0,0.0,0.0,,0.0,0.0,0.0,0.0,0.0,0.0,5.0,1.0,0.0,3.0,7.0,3.1,1.0,1.0,,,16.0,1.0,0.0,0.0,0.0,,0.0,0.0,0.0,,4.0,6.0,
2023,2021013475,2023-09-20,2000065.0,矢野 雅哉,61.0,二,6,1.0,1.0,4.0,4.0,1.0,1.0,1.0,0.0,0.0,0.0,0.0,,0.0,2.0,0.0,0.0,0.0,0.0,,,,,,,,,,,,,,,,,,,,,,,
2023,2021013475,2023-09-20,2103768.0,末包 昇大,52.0,右,6,1.0,1.0,4.0,4.0,0.0,1.0,1.0,0.0,0.0,0.0,0.0,,0.0,1.0,0.0,0.0,0.0,0.0,,,,,,,,,,,,,,,,,,,,,,,
2023,2021013476,2023-09-20,900056.0,浅村 栄斗,3.0,指,376,1.0,1.0,4.0,3.0,0.0,1.0,0.0,0.0,0.0,1.0,0.0,,1.0,1.0,0.0,0.0,0.0,0.0,,,,,,,,,,,,,,,,,,,,,,,
2023,2021013476,2023-09-20,1000128.0,柳田 悠岐,9.0,右,12,1.0,1.0,4.0,2.0,0.0,1.0,0.0,0.0,0.0,0.0,0.0,,2.0,1.0,0.0,0.0,0.0,0.0,,,,,,,,,,,,,,,,,,,,,,,
2023,2021013476,2023-09-20,1000176.0,甲斐 拓也,19.0,捕,12,1.0,0.0,1.0,1.0,0.0,0.0,0.0,0.0,0.0,0.0,0.0,,0.0,1.0,0.0,0.0,0.0,0.0,,,,,,,,,,,,,,,,,,,,,,,
2023,2021013476,2023-09-20,1100097.0,近藤 健介,3.0,左,12,1.0,1.0,4.0,4.0,0.0,1.0,0.0,0.0,0.0,0.0,0.0,,0.0,1.0,0.0,0.0,0.0,0.0,,,,,,,,,,,,,,,,,,,,,,,
2023,2021013476,2023-09-20,1100130.0,岡島 豪郎,27.0,右,376,1.0,1.0,4.0,4.0,1.0,1.0,0.0,0.0,0.0,1.0,0.0,,0.0,1.0,0.0,0.0,0.0,0.0,,,,,,,,,,,,,,,,,,,,,,,
2023,2021013476,2023-09-20,1100132.0,島内 宏明,35.0,左,376,1.0,1.0,4.0,3.0,1.0,2.0,0.0,0.0,0.0,1.0,0.0,,1.0,0.0,0.0,0.0,0.0,0.0,,,,,,,,,,,,,,,,,,,,,,,
2023,2021013476,2023-09-20,1300093.0,嶺井 博希,12.0,捕,12,1.0,1.0,2.0,2.0,0.0,0.0,0.0,0.0,0.0,0.0,0.0,,0.0,1.0,0.0,0.0,0.0,0.0,,,,,,,,,,,,,,,,,,,,,,,
2023,2021013476,2023-09-20,1400016.0,デスパイネ,25.0,指,12,1.0,1.0,3.0,3.0,0.0,0.0,0.0,0.0,0.0,0.0,0.0,,0.0,0.0,0.0,0.0,0.0,0.0,,,,,,,,,,,,,,,,,,,,,,,
2023,2021013476,2023-09-20,1400129.0,笠谷 俊介,67.0,,12,,,,,,,,,,,,,,,,,,,4.0,1.0,0.0,0.0,0.0,1.08,1.0,1.0,,,0.0,0.0,0.0,0.0,0.0,,1.0,2.0,0.0,,4.0,13.0,
2023,2021013476,2023-09-20,1400139.0,安樂 智大,20.0,,376,,,,,,,,,,,,,,,,,,,4.0,1.0,0.0,2.0,2.0,2.7,1.0,1.0,,,0.0,2.0,0.0,0.0,0.0,,0.0,0.0,0.0,,4.0,15.0,
2023,2021013476,2023-09-20,1500078.0,阿部 寿樹,4.0,一,376,1.0,1.0,4.0,3.0,0.0,1.0,1.0,0.0,0.0,2.0,0.0,,0.0,0.0,0.0,0.0,1.0,0.0,,,,,,,,,,,,,,,,,,,,,,,
2023,2021013476,2023-09-20,1500143.0,川瀬 晃,0.0,遊,12,1.0,1.0,4.0,4.0,1.0,1.0,0.0,0.0,0.0,0.0,0.0,,0.0,3.0,0.0,0.0,0.0,0.0,,,,,,,,,,,,,,,,,,,,,,,
2023,2021013476,2023-09-20,1600007.0,村林 一輝,66.0,遊,376,1.0,1.0,5.0,4.0,1.0,1.0,0.0,0.0,0.0,1.0,1.0,,1.0,1.0,0.0,0.0,0.0,0.0,,,,,,,,,,,,,,,,,,,,,,,
2023,2021013476,2023-09-20,1600012.0,宋 家豪,43.0,,376,,,,,,,,,,,,,,,,,,,3.0,1.0,0.0,2.0,1.0,3.0,1.0,1.0,,,0.0,0.0,0.0,0.0,0.0,,0.0,3.0,0.0,,3.0,11.0,
2023,2021013476,2023-09-20,1600094.0,田中 和基,25.0,走左,376,1.0,0.0,0.0,0.0,1.0,0.0,0.0,0.0,0.0,0.0,1.0,,0.0,0.0,0.0,0.0,0.0,0.0,,,,,,,,,,,,,,,,,,,,,,,
2023,2021013476,2023-09-20,1600142.0,酒居 知史,28.0,,376,,,,,,,,,,,,,,,,,,,5.0,1.0,0.0,4.0,3.0,3.35,1.0,1.0,,,1.0,1.0,0.0,0.0,0.0,,0.0,2.0,0.0,,4.0,15.0,
2023,2021013476,2023-09-20,1700034.0,山崎 剛,34.0,三,376,1.0,0.0,1.0,1.0,0.0,0.0,0.0,0.0,0.0,0.0,0.0,,0.0,1.0,0.0,0.0,0.0,0.0,,,,,,,,,,,,,,,,,,,,,,,
2023,2021013476,2023-09-20,1700132.0,椎野 新,34.0,,12,,,,,,,,,,,,,,,,,,,3.0,1.0,0.0,0.0,1.0,4.11,2.0,2.0,,,0.0,5.0,2.0,2.0,0.0,,0.0,3.0,0.0,,10.0,42.0,
2023,2021013476,2023-09-20,1700135.0,周東 佑京,23.0,二,12,1.0,1.0,4.0,3.0,0.0,1.0,0.0,0.0,0.0,1.0,0.0,,0.0,0.0,0.0,1.0,0.0,0.0,,,,,,,,,,,,,,,,,,,,,,,
2023,2021013476,2023-09-20,1800044.0,伊藤 裕季也,39.0,三,376,1.0,1.0,4.0,4.0,1.0,1.0,0.0,0.0,0.0,0.0,0.0,,0.0,2.0,0.0,0.0,0.0,0.0,,,,,,,,,,,,,,,,,,,,,,,
2023,2021013476,2023-09-20,1800108.0,野村 大樹,55.0,一,12,1.0,1.0,4.0,4.0,0.0,1.0,0.0,0.0,0.0,0.0,1.0,,0.0,1.0,0.0,0.0,0.0,0.0,,,,,,,,,,,,,,,,,,,,,,,
2023,2021013476,2023-09-20,1800117.0,辰己 涼介,8.0,中,376,1.0,1.0,4.0,3.0,0.0,1.0,0.0,0.0,0.0,0.0,0.0,,1.0,2.0,0.0,0.0,0.0,0.0,,,,,,,,,,,,,,,,,,,,,,,
2023,2021013476,2023-09-20,1800118.0,太田 光,2.0,捕,376,1.0,1.0,4.0,1.0,1.0,0.0,0.0,0.0,0.0,0.0,0.0,,2.0,0.0,0.0,1.0,0.0,0.0,,,,,,,,,,,,,,,,,,,,,,,
2023,2021013476,2023-09-20,1800123.0,小郷 裕哉,51.0,右,376,1.0,0.0,0.0,0.0,0.0,0.0,0.0,0.0,0.0,0.0,0.0,,0.0,0.0,0.0,0.0,0.0,0.0,,,,,,,,,,,,,,,,,,,,,,,
2023,2021013476,2023-09-20,1800124.0,鈴木 翔天,56.0,,376,,,,,,,,,,,,,,,,,,,2.0,1.0,0.0,1.0,1.0,2.9,1.0,1.0,,,1.0,1.0,0.0,0.0,0.0,,0.0,1.0,0.0,,4.0,19.0,
2023,2021013476,2023-09-20,1900102.0,津森 宥紀,11.0,,12,,,,,,,,,,,,,,,,,,,2.0,1.0,0.0,4.0,4.0,3.74,0.6666666666666666,0.2,,,0.0,4.0,2.0,2.0,0.0,,0.0,1.0,0.0,,6.0,25.0,
2023,2021013476,2023-09-20,1900104.0,柳町 達,32.0,中,12,1.0,1.0,4.0,4.0,0.0,0.0,0.0,0.0,0.0,0.0,0.0,,0.0,3.0,0.0,0.0,0.0,0.0,,,,,,,,,,,,,,,,,,,,,,,
2023,2021013476,2023-09-20,1900106.0,大関 友久,42.0,,12,,,,,,,,,,,,,,,,,,,1.0,1.0,,4.0,7.0,3.07,4.333333333333333,4.1,,,0.0,1.0,2.0,2.0,0.0,,5.0,2.0,0.0,,18.0,79.0,
2023,2021013476,2023-09-20,1900112.0,小深田 大翔,0.0,二,376,1.0,1.0,4.0,2.0,0.0,2.0,0.0,0.0,0.0,0.0,1.0,,0.0,0.0,0.0,2.0,0.0,0.0,,,,,,,,,,,,,,,,,,,,,,,
2023,2021013476,2023-09-20,2000108.0,井上 朋也,43.0,三,12,1.0,1.0,4.0,3.0,0.0,1.0,0.0,0.0,0.0,0.0,0.0,,1.0,1.0,0.0,0.0,0.0,0.0,,,,,,,,,,,,,,,,,,,,,,,
2023,2021013476,2023-09-20,2000123.0,藤井 聖,47.0,,376,,,,,,,,,,,,,,,,,,,1.0,1.0,,3.0,0.0,2.59,5.0,5.0,,,0.0,3.0,1.0,1.0,0.0,,3.0,6.0,0.0,,20.0,83.0,
2023,2021013476,2023-09-20,2107661.0,生海,37.0,打指,12,1.0,0.0,1.0,1.0,0.0,1.0,0.0,0.0,0.0,0.0,0.0,,0.0,0.0,0.0,0.0,0.0,0.0,,,,,,,,,,,,,,,,,,,,,,,
2023,2021013477,2023-09-20,12102.0,栗山 巧,1.0,指,7,1.0,1.0,4.0,4.0,1.0,1.0,1.0,0.0,0.0,0.0,0.0,,0.0,1.0,0.0,0.0,0.0,0.0,,,,,,,,,,,,,,,,,,,,,,,
2023,2021013477,2023-09-20,700078.0,木村 文紀,36.0,右左,8,1.0,1.0,2.0,2.0,0.0,1.0,1.0,0.0,0.0,0.0,0.0,,0.0,0.0,0.0,0.0,0.0,0.0,,,,,,,,,,,,,,,,,,,,,,,
2023,2021013477,2023-09-20,1100095.0,松本 剛,7.0,左中,8,1.0,1.0,3.0,3.0,0.0,0.0,0.0,0.0,0.0,0.0,0.0,,0.0,1.0,0.0,0.0,0.0,0.0,,,,,,,,,,,,,,,,,,,,,,,
2023,2021013477,2023-09-20,1400186.0,山田 遥楓,49.0,打二遊,8,1.0,0.0,2.0,2.0,0.0,0.0,0.0,0.0,0.0,0.0,0.0,,0.0,0.0,0.0,0.0,0.0,0.0,,,,,,,,,,,,,,,,,,,,,,,
2023,2021013477,2023-09-20,1500102.0,愛斗,53.0,中,7,1.0,1.0,3.0,3.0,0.0,1.0,0.0,0.0,0.0,0.0,0.0,,0.0,0.0,0.0,0.0,0.0,0.0,,,,,,,,,,,,,,,,,,,,,,,
2023,2021013477,2023-09-20,1500109.0,上原 健太,20.0,,8,,,,,,,,,,,,,,,,,,,1.0,1.0,,4.0,6.0,2.71,5.333333333333333,5.1,,,0.0,5.0,4.0,4.0,2.0,,1.0,4.0,0.0,,22.0,75.0,
2023,2021013477,2023-09-20,1600129.0,源田 壮亮,6.0,遊,7,1.0,1.0,4.0,4.0,1.0,1.0,0.0,0.0,0.0,0.0,0.0,,0.0,0.0,0.0,0.0,0.0,0.0,,,,,,,,,,,,,,,,,,,,,,,
2023,2021013477,2023-09-20,1600131.0,平井 克典,25.0,,7,,,,,,,,,,,,,,,,,,,4.0,1.0,0.0,3.0,3.0,2.57,1.0,1.0,,,0.0,1.0,1.0,1.0,1.0,,0.0,1.0,0.0,,4.0,17.0,
2023,2021013477,2023-09-20,1600132.0,田村 伊知郎,40.0,,7,,,,,,,,,,,,,,,,,,,5.0,1.0,0.0,1.0,0.0,1.37,1.0,1.0,,,1.0,0.0,0.0,0.0,0.0,,1.0,2.0,0.0,,4.0,17.0,
2023,2021013477,2023-09-20,1600139.0,玉井 大翔,19.0,,8,,,,,,,,,,,,,,,,,,,3.0,1.0,0.0,0.0,2.0,2.6,1.0,1.0,,,2.0,0.0,0.0,0.0,0.0,,0.0,1.0,0.0,,3.0,12.0,
2023,2021013477,2023-09-20,1700025.0,清宮 幸太郎,21.0,三,8,1.0,1.0,4.0,3.0,0.0,0.0,0.0,0.0,0.0,0.0,0.0,,1.0,0.0,0.0,0.0,0.0,0.0,,,,,,,,,,,,,,,,,,,,,,,
2023,2021013477,2023-09-20,1700029.0,北浦 竜次,63.0,,8,,,,,,,,,,,,,,,,,,,5.0,1.0,0.0,0.0,0.0,0.87,0.6666666666666666,0.2,,,0.0,0.0,0.0,0.0,0.0,,0.0,0.0,0.0,,1.0,3.0,
2023,2021013477,2023-09-20,1700106.0,山本 拓実,67.0,,8,,,,,,,,,,,,,,,,,,,2.0,1.0,0.0,0.0,0.0,1.66,0.6666666666666666,0.2,,,0.0,1.0,0.0,0.0,0.0,,0.0,0.0,0.0,,2.0,13.0,
2023,2021013477,2023-09-20,1700122.0,西川 愛也,51.0,走左,7,1.0,0.0,0.0,0.0,0.0,0.0,0.0,0.0,0.0,0.0,1.0,,0.0,0.0,0.0,0.0,0.0,0.0,,,,,,,,,,,,,,,,,,,,,,,
2023,2021013477,2023-09-20,1800008.0,マルティネス,2.0,指,8,1.0,1.0,4.0,3.0,0.0,0.0,0.0,0.0,0.0,0.0,0.0,,1.0,1.0,0.0,0.0,0.0,0.0,,,,,,,,,,,,,,,,,,,,,,,
2023,2021013477,2023-09-20,1800081.0,渡邉 勇太朗,12.0,,7,,,,,,,,,,,,,,,,,,,1.0,1.0,,1.0,0.0,0.0,5.0,5.0,,,0.0,2.0,0.0,0.0,0.0,,3.0,3.0,0.0,,19.0,94.0,
2023,2021013477,2023-09-20,1800086.0,佐藤 龍世,58.0,三,7,1.0,1.0,3.0,2.0,1.0,1.0,0.0,0.0,1.0,2.0,0.0,,1.0,0.0,0.0,0.0,0.0,0.0,,,,,,,,,,,,,,,,,,,,,,,
2023,2021013477,2023-09-20,1800091.0,野村 佑希,5.0,一,8,1.0,1.0,4.0,3.0,0.0,0.0,0.0,0.0,0.0,0.0,0.0,,1.0,1.0,0.0,0.0,0.0,0.0,,,,,,,,,,,,,,,,,,,,,,,
2023,2021013477,2023-09-20,1800093.0,万波 中正,66.0,中右,8,1.0,1.0,4.0,3.0,0.0,0.0,0.0,0.0,0.0,0.0,0.0,,1.0,1.0,0.0,0.0,0.0,0.0,,,,,,,,,,,,,,,,,,,,,,,
2023,2021013477,2023-09-20,1800096.0,福田 俊,40.0,,8,,,,,,,,,,,,,,,,,,,4.0,1.0,0.0,1.0,0.0,0.0,0.3333333333333333,0.1,,,0.0,0.0,0.0,0.0,0.0,,2.0,0.0,0.0,,3.0,14.0,
2023,2021013477,2023-09-20,1850820.0,蛭間 拓哉,9.0,右,7,1.0,1.0,3.0,3.0,0.0,0.0,0.0,0.0,0.0,0.0,0.0,,0.0,1.0,0.0,0.0,0.0,0.0,,,,,,,,,,,,,,,,,,,,,,,
2023,2021013477,2023-09-20,1850932.0,奈良間 大己,58.0,遊,8,1.0,1.0,2.0,2.0,0.0,0.0,0.0,0.0,0.0,0.0,0.0,,0.0,0.0,0.0,0.0,0.0,0.0,,,,,,,,,,,,,,,,,,,,,,,
2023,2021013477,2023-09-20,1900040.0,郡司 裕也,30.0,捕,8,1.0,1.0,3.0,3.0,0.0,1.0,0.0,0.0,0.0,0.0,0.0,,0.0,1.0,0.0,0.0,0.0,0.0,,,,,,,,,,,,,,,,,,,,,,,
2023,2021013477,2023-09-20,1900065.0,柘植 世那,37.0,捕,7,1.0,1.0,3.0,3.0,0.0,0.0,0.0,0.0,0.0,0.0,0.0,,0.0,1.0,0.0,0.0,0.0,0.0,,,,,,,,,,,,,,,,,,,,,,,
2023,2021013477,2023-09-20,1961286.0,ペイトン,10.0,左,7,1.0,1.0,4.0,3.0,0.0,0.0,0.0,0.0,0.0,0.0,0.0,,1.0,1.0,0.0,0.0,0.0,1.0,,,,,,,,,,,,,,,,,,,,,,,
2023,2021013477,2023-09-20,1961860.0,加藤 豪将,3.0,打二,8,1.0,0.0,1.0,1.0,1.0,1.0,0.0,0.0,1.0,1.0,0.0,,0.0,0.0,0.0,0.0,0.0,0.0,,,,,,,,,,,,,,,,,,,,,,,
2023,2021013477,2023-09-20,2000077.0,豆田 泰志,70.0,,7,,,,,,,,,,,,,,,,,,,3.0,1.0,0.0,0.0,0.0,0.71,1.0,1.0,,,0.0,0.0,0.0,0.0,0.0,,0.0,0.0,0.0,,3.0,13.0,
2023,2021013477,2023-09-20,2000082.0,細川 凌平,56.0,二,8,1.0,1.0,2.0,2.0,0.0,0.0,0.0,0.0,0.0,0.0,0.0,,0.0,0.0,0.0,0.0,0.0,1.0,,,,,,,,,,,,,,,,,,,,,,,
2023,2021013477,2023-09-20,2000084.0,今川 優馬,61.0,左,8,1.0,0.0,2.0,2.0,0.0,0.0,0.0,0.0,0.0,0.0,0.0,,0.0,1.0,0.0,0.0,0.0,0.0,,,,,,,,,,,,,,,,,,,,,,,
2023,2021013477,2023-09-20,2103714.0,佐藤 隼輔,19.0,,7,,,,,,,,,,,,,,,,,,,2.0,1.0,0.0,1.0,2.0,2.68,1.0,1.0,,,0.0,0.0,0.0,0.0,0.0,,0.0,0.0,0.0,,3.0,11.0,
2023,2021013477,2023-09-20,2105684.0,児玉 亮涼,0.0,二,7,1.0,1.0,3.0,3.0,0.0,0.0,0.0,0.0,0.0,0.0,0.0,,0.0,1.0,0.0,0.0,0.0,0.0,,,,,,,,,,,,,,,,,,,,,,,
2023,2021013477,2023-09-20,2108196.0,マキノン,30.0,一,7,1.0,1.0,4.0,3.0,1.0,2.0,0.0,0.0,1.0,2.0,0.0,,1.0,0.0,0.0,0.0,0.0,0.0,,,,,,,,,,,,,,,,,,,,,,,
2023,2021013478,2023-09-20,600024.0,T-岡田,55.0,一,11,1.0,1.0,3.0,2.0,0.0,1.0,0.0,0.0,0.0,0.0,0.0,,1.0,0.0,0.0,0.0,0.0,0.0,,,,,,,,,,,,,,,,,,,,,,,
2023,2021013478,2023-09-20,1000014.0,荻野 貴司,0.0,右,9,1.0,1.0,5.0,5.0,1.0,4.0,1.0,0.0,0.0,0.0,0.0,,0.0,0.0,0.0,0.0,0.0,0.0,,,,,,,,,,,,,,,,,,,,,,,
2023,2021013478,2023-09-20,1100096.0,石川 慎吾,50.0,左,9,1.0,1.0,3.0,3.0,0.0,2.0,0.0,0.0,0.0,0.0,0.0,,0.0,0.0,0.0,0.0,0.0,0.0,,,,,,,,,,,,,,,,,,,,,,,
2023,2021013478,2023-09-20,1100105.0,安達 了一,3.0,打二,11,1.0,0.0,1.0,1.0,0.0,0.0,0.0,0.0,0.0,0.0,0.0,,0.0,1.0,0.0,0.0,0.0,0.0,,,,,,,,,,,,,,,,,,,,,,,
2023,2021013478,2023-09-20,1160424.0,ゴンザレス,8.0,二一,11,1.0,1.0,4.0,3.0,1.0,0.0,0.0,0.0,0.0,0.0,0.0,,0.0,2.0,1.0,0.0,0.0,0.0,,,,,,,,,,,,,,,,,,,,,,,
2023,2021013478,2023-09-20,1200096.0,田村 龍弘,27.0,捕,9,1.0,1.0,3.0,2.0,0.0,1.0,0.0,0.0,0.0,0.0,0.0,,0.0,0.0,0.0,1.0,0.0,0.0,,,,,,,,,,,,,,,,,,,,,,,
2023,2021013478,2023-09-20,1300044.0,岡 大海,25.0,中左,9,1.0,1.0,5.0,4.0,1.0,3.0,1.0,0.0,0.0,0.0,0.0,,0.0,0.0,0.0,1.0,0.0,0.0,,,,,,,,,,,,,,,,,,,,,,,
2023,2021013478,2023-09-20,1300100.0,森 友哉,4.0,捕,11,1.0,1.0,4.0,4.0,0.0,1.0,1.0,0.0,0.0,0.0,0.0,,0.0,0.0,0.0,0.0,0.0,0.0,,,,,,,,,,,,,,,,,,,,,,,
2023,2021013478,2023-09-20,1400188.0,中村 奨吾,8.0,二,9,1.0,1.0,4.0,4.0,0.0,0.0,0.0,0.0,0.0,0.0,0.0,,0.0,0.0,0.0,0.0,0.0,0.0,,,,,,,,,,,,,,,,,,,,,,,
2023,2021013478,2023-09-20,1400190.0,岩下 大輝,46.0,,9,,,,,,,,,,,,,,,,,,,4.0,1.0,0.0,1.0,0.0,2.51,0.3333333333333333,0.1,,,0.0,3.0,1.0,1.0,0.0,,0.0,0.0,0.0,,4.0,10.0,
2023,2021013478,2023-09-20,1400195.0,山崎 福也,11.0,,11,,,,,,,,,,,,,,,,,,,1.0,1.0,,9.0,5.0,3.56,4.666666666666667,4.2,,,0.0,8.0,2.0,2.0,0.0,,1.0,2.0,0.0,,22.0,69.0,
2023,2021013478,2023-09-20,1400201.0,西野 真弘,5.0,三,11,1.0,1.0,4.0,4.0,0.0,1.0,0.0,0.0,0.0,1.0,0.0,,0.0,0.0,0.0,0.0,0.0,0.0,,,,,,,,,,,,,,,,,,,,,,,
2023,2021013478,2023-09-20,1400202.0,小田 裕也,50.0,左,11,1.0,0.0,0.0,0.0,0.0,0.0,0.0,0.0,0.0,0.0,0.0,,0.0,0.0,0.0,0.0,0.0,0.0,,,,,,,,,,,,,,,,,,,,,,,
2023,2021013478,2023-09-20,1450639.0,小木田 敦也,56.0,,11,,,,,,,,,,,,,,,,,,,2.0,1.0,0.0,4.0,0.0,2.44,2.333333333333333,2.1,,,0.0,2.0,0.0,0.0,0.0,,1.0,0.0,0.0,,10.0,28.0,
2023,2021013478,2023-09-20,1500128.0,大城 滉二,10.0,走三,11,1.0,0.0,0.0,0.0,0.0,0.0,0.0,0.0,0.0,0.0,0.0,,0.0,0.0,0.0,0.0,0.0,0.0,,,,,,,,,,,,,,,,,,,,,,,
2023,2021013478,2023-09-20,1500135.0,杉本 裕太郎,99.0,左,11,1.0,1.0,4.0,4.0,1.0,1.0,0.0,0.0,0.0,1.0,0.0,,0.0,1.0,0.0,0.0,0.0,0.0,,,,,,,,,,,,,,,,,,,,,,,
2023,2021013478,2023-09-20,1600155.0,山崎 颯一郎,63.0,,11,,,,,,,,,,,,,,,,,,,4.0,1.0,0.0,1.0,0.0,1.05,1.0,1.0,,,9.0,1.0,0.0,0.0,0.0,,0.0,1.0,0.0,,4.0,16.0,
2023,2021013478,2023-09-20,1700092.0,安田 尚憲,5.0,三,9,1.0,1.0,4.0,4.0,0.0,0.0,0.0,0.0,0.0,0.0,0.0,,0.0,3.0,0.0,0.0,0.0,0.0,,,,,,,,,,,,,,,,,,,,,,,
2023,2021013478,2023-09-20,1700116.0,山足 達也,36.0,走一,11,1.0,0.0,0.0,0.0,1.0,0.0,0.0,0.0,0.0,0.0,0.0,,0.0,0.0,0.0,0.0,0.0,0.0,,,,,,,,,,,,,,,,,,,,,,,
2023,2021013478,2023-09-20,1751068.0,野口 智哉,9.0,右,11,1.0,1.0,3.0,3.0,1.0,1.0,0.0,0.0,0.0,1.0,0.0,,0.0,0.0,0.0,0.0,0.0,0.0,,,,,,,,,,,,,,,,,,,,,,,
2023,2021013478,2023-09-20,1800037.0,坂本 光士郎,36.0,,9,,,,,,,,,,,,,,,,,,,2.0,1.0,0.0,1.0,0.0,3.29,0.3333333333333333,0.1,,,0.0,0.0,0.0,0.0,0.0,,0.0,0.0,0.0,,1.0,2.0,
2023,2021013478,2023-09-20,1800050.0,藤原 恭大,1.0,走中,9,1.0,0.0,1.0,1.0,0.0,0.0,0.0,0.0,0.0,0.0,0.0,,0.0,0.0,0.0,0.0,0.0,0.0,,,,,,,,,,,,,,,,,,,,,,,
2023,2021013478,2023-09-20,1800053.0,山口 航輝,51.0,一,9,1.0,1.0,4.0,2.0,0.0,0.0,0.0,0.0,0.0,0.0,0.0,,2.0,0.0,0.0,0.0,0.0,0.0,,,,,,,,,,,,,,,,,,,,,,,
2023,2021013478,2023-09-20,1800104.0,中川 圭太,67.0,中,11,1.0,1.0,4.0,4.0,1.0,1.0,0.0,1.0,0.0,2.0,0.0,,0.0,1.0,0.0,0.0,0.0,0.0,,,,,,,,,,,,,,,,,,,,,,,
2023,2021013478,2023-09-20,1861064.0,ブロッソー,72.0,指,9,1.0,1.0,5.0,5.0,0.0,1.0,0.0,0.0,0.0,2.0,0.0,,0.0,1.0,0.0,0.0,0.0,0.0,,,,,,,,,,,,,,,,,,,,,,,
2023,2021013478,2023-09-20,1900081.0,佐藤 都志也,32.0,打捕,9,1.0,0.0,1.0,1.0,0.0,0.0,0.0,0.0,0.0,0.0,0.0,,0.0,1.0,0.0,0.0,0.0,0.0,,,,,,,,,,,,,,,,,,,,,,,
2023,2021013478,2023-09-20,1900083.0,横山 陸人,60.0,,9,,,,,,,,,,,,,,,,,,,3.0,1.0,0.0,2.0,2.0,4.72,0.6666666666666666,0.2,,,1.0,3.0,5.0,5.0,0.0,,1.0,0.0,1.0,,7.0,36.0,
2023,2021013478,2023-09-20,1900088.0,紅林 弘太郎,24.0,遊,11,1.0,1.0,3.0,3.0,1.0,2.0,0.0,0.0,0.0,1.0,0.0,,0.0,0.0,0.0,0.0,0.0,0.0,,,,,,,,,,,,,,,,,,,,,,,
2023,2021013478,2023-09-20,2000088.0,中森 俊介,56.0,,9,,,,,,,,,,,,,,,,,,,5.0,1.0,0.0,1.0,2.0,4.6,1.0,1.0,,,0.0,0.0,0.0,0.0,0.0,,0.0,1.0,0.0,,3.0,11.0,
2023,2021013478,2023-09-20,2000104.0,宇田川 優希,96.0,,11,,,,,,,,,,,,,,,,,,,3.0,1.0,0.0,4.0,0.0,1.77,1.0,1.0,,,2.0,0.0,0.0,0.0,0.0,,0.0,2.0,0.0,,3.0,12.0,
2023,2021013478,2023-09-20,2101291.0,カスティーヨ,41.0,,9,,,,,,,,,,,,,,,,,,,1.0,1.0,,2.0,3.0,3.35,5.666666666666667,5.2,,,0.0,3.0,0.0,0.0,0.0,,0.0,4.0,0.0,,19.0,75.0,
2023,2021013478,2023-09-20,2106798.0,友杉 篤輝,10.0,遊,9,1.0,1.0,4.0,4.0,0.0,0.0,0.0,0.0,0.0,0.0,0.0,,0.0,0.0,0.0,0.0,0.0,0.0,,,,,,,,,,,,,,,,,,,,,,,
2023,2021013478,2023-09-20,2108913.0,セデーニョ,40.0,指,11,1.0,1.0,4.0,4.0,0.0,1.0,1.0,0.0,0.0,0.0,0.0,,0.0,0.0,0.0,0.0,0.0,0.0,,,,,,,,,,,,,,,,,,,,,,,
2023,2021013479,2023-09-21,400021.0,青木 宣親,23.0,打,2,1.0,0.0,1.0,1.0,0.0,0.0,0.0,0.0,0.0,0.0,0.0,,0.0,0.0,0.0,0.0,0.0,0.0,,,,,,,,,,,,,,,,,,,,,,,
2023,2021013479,2023-09-21,700034.0,堂上 直倫,63.0,遊,4,1.0,0.0,1.0,1.0,0.0,0.0,0.0,0.0,0.0,0.0,0.0,,0.0,0.0,0.0,0.0,0.0,0.0,,,,,,,,,,,,,,,,,,,,,,,
2023,2021013479,2023-09-21,900410.0,大島 洋平,8.0,左,4,1.0,1.0,5.0,5.0,0.0,0.0,0.0,0.0,0.0,0.0,0.0,,0.0,0.0,0.0,0.0,0.0,0.0,,,,,,,,,,,,,,,,,,,,,,,
2023,2021013479,2023-09-21,1000108.0,後藤 駿太,53.0,打右,4,1.0,0.0,1.0,1.0,0.0,0.0,0.0,0.0,0.0,0.0,0.0,,0.0,0.0,0.0,0.0,0.0,0.0,,,,,,,,,,,,,,,,,,,,,,,
2023,2021013479,2023-09-21,1000132.0,山田 哲人,1.0,二,2,1.0,1.0,5.0,5.0,1.0,1.0,0.0,0.0,1.0,2.0,0.0,,0.0,0.0,0.0,0.0,0.0,0.0,,,,,,,,,,,,,,,,,,,,,,,
2023,2021013479,2023-09-21,1200075.0,石山 泰稚,12.0,投,2,1.0,0.0,0.0,0.0,0.0,0.0,0.0,0.0,0.0,0.0,0.0,,0.0,0.0,0.0,0.0,0.0,0.0,3.0,1.0,0.0,3.0,6.0,4.5,1.0,1.0,,,0.0,0.0,0.0,0.0,0.0,,0.0,0.0,0.0,,3.0,18.0,
2023,2021013479,2023-09-21,1200097.0,加藤 翔平,52.0,左,4,1.0,0.0,0.0,0.0,0.0,0.0,0.0,0.0,0.0,0.0,0.0,,0.0,0.0,0.0,0.0,0.0,0.0,,,,,,,,,,,,,,,,,,,,,,,
2023,2021013479,2023-09-21,1300066.0,祖父江 大輔,33.0,投,4,1.0,0.0,0.0,0.0,0.0,0.0,0.0,0.0,0.0,0.0,0.0,,0.0,0.0,0.0,0.0,0.0,0.0,4.0,1.0,0.0,3.0,5.0,3.72,0.3333333333333333,0.1,,,0.0,2.0,0.0,0.0,0.0,,0.0,1.0,0.0,,3.0,12.0,
2023,2021013479,2023-09-21,1300092.0,今野 龍太,69.0,投,2,1.0,0.0,0.0,0.0,0.0,0.0,0.0,0.0,0.0,0.0,0.0,,0.0,0.0,0.0,0.0,0.0,0.0,5.0,1.0,0.0,1.0,0.0,3.77,1.0,1.0,,,0.0,0.0,0.0,0.0,0.0,,1.0,0.0,0.0,,3.0,10.0,
2023,2021013479,2023-09-21,1400199.0,齋藤 綱記,59.0,投,4,1.0,0.0,0.0,0.0,0.0,0.0,0.0,0.0,0.0,0.0,0.0,,0.0,0.0,0.0,0.0,0.0,0.0,3.0,1.0,0.0,2.0,0.0,0.81,0.6666666666666666,0.2,,,0.0,2.0,1.0,0.0,0.0,,1.0,0.0,0.0,,5.0,18.0,
2023,2021013479,2023-09-21,1500044.0,山崎 晃大朗,31.0,左中,2,1.0,1.0,5.0,4.0,0.0,1.0,1.0,0.0,0.0,0.0,0.0,,0.0,2.0,0.0,1.0,0.0,0.0,,,,,,,,,,,,,,,,,,,,,,,
2023,2021013479,2023-09-21,1500049.0,宇佐見 真吾,39.0,打,4,1.0,0.0,1.0,0.0,1.0,0.0,0.0,0.0,0.0,0.0,0.0,,1.0,0.0,0.0,0.0,0.0,0.0,,,,,,,,,,,,,,,,,,,,,,,
2023,2021013479,2023-09-21,1500074.0,小笠原 慎之介,11.0,投,4,1.0,1.0,1.0,1.0,0.0,1.0,0.0,0.0,0.0,0.0,0.0,,0.0,0.0,0.0,0.0,0.0,0.0,1.0,1.0,,7.0,11.0,3.6,4.0,4.0,,,0.0,9.0,7.0,7.0,2.0,,0.0,4.0,0.0,,21.0,77.0,
2023,2021013479,2023-09-21,1500076.0,木下 拓哉,35.0,捕,4,1.0,1.0,4.0,4.0,2.0,2.0,1.0,0.0,1.0,4.0,0.0,,0.0,1.0,0.0,0.0,0.0,0.0,,,,,,,,,,,,,,,,,,,,,,,
2023,2021013479,2023-09-21,1500077.0,福 敬登,34.0,投,4,1.0,0.0,0.0,0.0,0.0,0.0,0.0,0.0,0.0,0.0,0.0,,0.0,0.0,0.0,0.0,0.0,0.0,5.0,1.0,0.0,1.0,0.0,2.87,1.0,1.0,,,0.0,0.0,0.0,0.0,0.0,,0.0,1.0,0.0,,2.0,12.0,
2023,2021013479,2023-09-21,1560639.0,カリステ,99.0,遊,4,1.0,1.0,3.0,3.0,1.0,1.0,1.0,0.0,0.0,0.0,0.0,,0.0,0.0,0.0,0.0,0.0,0.0,,,,,,,,,,,,,,,,,,,,,,,
2023,2021013479,2023-09-21,1600021.0,ビシエド,66.0,一,4,1.0,1.0,4.0,4.0,2.0,2.0,0.0,0.0,0.0,0.0,0.0,,0.0,0.0,0.0,0.0,0.0,0.0,,,,,,,,,,,,,,,,,,,,,,,
2023,2021013479,2023-09-21,1600078.0,古賀 優大,57.0,捕,2,1.0,1.0,5.0,5.0,1.0,3.0,0.0,0.0,0.0,0.0,0.0,,0.0,1.0,0.0,0.0,0.0,0.0,,,,,,,,,,,,,,,,,,,,,,,
2023,2021013479,2023-09-21,1600085.0,細川 成也,0.0,右,4,1.0,1.0,4.0,3.0,1.0,0.0,0.0,0.0,0.0,0.0,0.0,,1.0,0.0,0.0,0.0,0.0,0.0,,,,,,,,,,,,,,,,,,,,,,,
2023,2021013479,2023-09-21,1600110.0,藤嶋 健人,54.0,投,4,1.0,0.0,0.0,0.0,0.0,0.0,0.0,0.0,0.0,0.0,0.0,,0.0,0.0,0.0,0.0,0.0,0.0,7.0,1.0,0.0,1.0,1.0,1.16,1.0,1.0,,,2.0,1.0,0.0,0.0,0.0,,0.0,1.0,0.0,,4.0,16.0,
2023,2021013479,2023-09-21,1700060.0,阪口 皓亮,58.0,投,2,1.0,0.0,0.0,0.0,0.0,0.0,0.0,0.0,0.0,0.0,0.0,,0.0,0.0,0.0,0.0,0.0,0.0,4.0,1.0,0.0,0.0,2.0,2.93,1.0,1.0,,,0.0,0.0,0.0,0.0,0.0,,0.0,1.0,0.0,,3.0,13.0,
2023,2021013479,2023-09-21,1700084.0,村上 宗隆,55.0,三,2,1.0,1.0,5.0,3.0,0.0,2.0,1.0,0.0,0.0,0.0,0.0,,2.0,0.0,0.0,0.0,0.0,0.0,,,,,,,,,,,,,,,,,,,,,,,
2023,2021013479,2023-09-21,1700087.0,塩見 泰隆,9.0,中,2,1.0,1.0,5.0,5.0,3.0,4.0,1.0,0.0,1.0,5.0,0.0,,0.0,1.0,0.0,0.0,0.0,0.0,,,,,,,,,,,,,,,,,,,,,,,
2023,2021013479,2023-09-21,1700089.0,宮本 丈,39.0,打,2,1.0,0.0,1.0,1.0,0.0,0.0,0.0,0.0,0.0,0.0,0.0,,0.0,0.0,0.0,0.0,0.0,0.0,,,,,,,,,,,,,,,,,,,,,,,
2023,2021013479,2023-09-21,1750223.0,村松 開人,5.0,打二,4,1.0,0.0,3.0,3.0,1.0,1.0,0.0,0.0,0.0,1.0,0.0,,0.0,1.0,0.0,0.0,0.0,0.0,,,,,,,,,,,,,,,,,,,,,,,
2023,2021013479,2023-09-21,1800036.0,濱田 太貴,51.0,打,2,1.0,0.0,1.0,1.0,0.0,0.0,0.0,0.0,0.0,0.0,0.0,,0.0,0.0,0.0,0.0,0.0,0.0,,,,,,,,,,,,,,,,,,,,,,,
2023,2021013479,2023-09-21,1800061.0,勝野 昌慶,41.0,投,4,1.0,0.0,0.0,0.0,0.0,0.0,0.0,0.0,0.0,0.0,0.0,,0.0,0.0,0.0,0.0,0.0,0.0,6.0,1.0,0.0,5.0,2.0,2.23,1.0,1.0,,,0.0,1.0,0.0,0.0,0.0,,1.0,0.0,0.0,,5.0,16.0,
2023,2021013479,2023-09-21,1900028.0,長岡 秀樹,7.0,遊,2,1.0,1.0,4.0,4.0,2.0,2.0,1.0,0.0,0.0,0.0,0.0,,0.0,1.0,0.0,0.0,0.0,0.0,,,,,,,,,,,,,,,,,,,,,,,
2023,2021013479,2023-09-21,1900037.0,石川 昂弥,25.0,三,4,1.0,1.0,4.0,2.0,1.0,0.0,0.0,0.0,0.0,1.0,0.0,,1.0,0.0,0.0,0.0,1.0,0.0,,,,,,,,,,,,,,,,,,,,,,,
2023,2021013479,2023-09-21,1900038.0,橋本 侑樹,13.0,投,4,1.0,0.0,0.0,0.0,0.0,0.0,0.0,0.0,0.0,0.0,0.0,,0.0,0.0,0.0,0.0,0.0,0.0,2.0,1.0,0.0,1.0,0.0,1.35,1.0,1.0,,,0.0,2.0,0.0,0.0,0.0,,0.0,0.0,0.0,,5.0,18.0,
2023,2021013479,2023-09-21,1900041.0,岡林 勇希,60.0,中,4,1.0,1.0,5.0,4.0,0.0,1.0,0.0,1.0,0.0,3.0,0.0,,1.0,1.0,0.0,0.0,0.0,1.0,,,,,,,,,,,,,,,,,,,,,,,
2023,2021013479,2023-09-21,2000024.0,木澤 尚文,20.0,投,2,1.0,0.0,0.0,0.0,0.0,0.0,0.0,0.0,0.0,0.0,0.0,,0.0,0.0,0.0,0.0,0.0,0.0,2.0,1.0,0.0,2.0,3.0,2.88,0.3333333333333333,0.1,,,0.0,1.0,0.0,0.0,0.0,,0.0,0.0,0.0,,2.0,10.0,
2023,2021013479,2023-09-21,2000026.0,内山 壮真,33.0,左,2,1.0,0.0,1.0,1.0,0.0,0.0,0.0,0.0,0.0,0.0,0.0,,0.0,1.0,0.0,0.0,0.0,0.0,,,,,,,,,,,,,,,,,,,,,,,
2023,2021013479,2023-09-21,2000044.0,龍空,45.0,二,4,1.0,1.0,1.0,1.0,0.0,0.0,0.0,0.0,0.0,0.0,0.0,,0.0,1.0,0.0,0.0,0.0,0.0,,,,,,,,,,,,,,,,,,,,,,,
2023,2021013479,2023-09-21,2000047.0,三好 大倫,30.0,打,4,1.0,0.0,1.0,0.0,0.0,0.0,0.0,0.0,0.0,0.0,0.0,,0.0,0.0,1.0,0.0,0.0,0.0,,,,,,,,,,,,,,,,,,,,,,,
2023,2021013479,2023-09-21,2000133.0,オスナ,13.0,一,2,1.0,1.0,5.0,5.0,1.0,3.0,0.0,0.0,0.0,0.0,0.0,,0.0,0.0,0.0,0.0,0.0,0.0,,,,,,,,,,,,,,,,,,,,,,,
2023,2021013479,2023-09-21,2000135.0,サンタナ,25.0,右,2,1.0,1.0,5.0,5.0,0.0,1.0,0.0,0.0,0.0,0.0,0.0,,0.0,1.0,0.0,0.0,0.0,0.0,,,,,,,,,,,,,,,,,,,,,,,
2023,2021013479,2023-09-21,2000139.0,サイスニード,54.0,投,2,1.0,1.0,2.0,2.0,0.0,0.0,0.0,0.0,0.0,0.0,0.0,,0.0,0.0,0.0,0.0,0.0,0.0,1.0,1.0,,7.0,8.0,3.84,5.666666666666667,5.2,,,0.0,7.0,9.0,9.0,1.0,,3.0,3.0,1.0,,27.0,111.0,
2023,2021013480,2023-09-21,12101.0,中村 剛也,60.0,指,7,1.0,1.0,4.0,4.0,0.0,0.0,0.0,0.0,0.0,0.0,0.0,,0.0,1.0,0.0,0.0,0.0,0.0,,,,,,,,,,,,,,,,,,,,,,,
2023,2021013480,2023-09-21,900056.0,浅村 栄斗,3.0,二,376,1.0,1.0,4.0,3.0,2.0,1.0,0.0,0.0,1.0,1.0,0.0,,1.0,0.0,0.0,0.0,0.0,0.0,,,,,,,,,,,,,,,,,,,,,,,
2023,2021013480,2023-09-21,1000154.0,塩見 貴洋,17.0,,376,,,,,,,,,,,,,,,,,,,1.0,1.0,,0.0,1.0,9.0,4.0,4.0,,,0.0,4.0,4.0,4.0,2.0,,1.0,4.0,0.0,,17.0,75.0,
2023,2021013480,2023-09-21,1100103.0,鈴木 大地,7.0,一,376,1.0,1.0,3.0,3.0,0.0,0.0,0.0,0.0,0.0,0.0,0.0,,0.0,1.0,0.0,0.0,0.0,0.0,,,,,,,,,,,,,,,,,,,,,,,
2023,2021013480,2023-09-21,1100130.0,岡島 豪郎,27.0,右左,376,1.0,1.0,4.0,3.0,0.0,1.0,0.0,0.0,0.0,0.0,0.0,,1.0,2.0,0.0,0.0,0.0,0.0,,,,,,,,,,,,,,,,,,,,,,,
2023,2021013480,2023-09-21,1100132.0,島内 宏明,35.0,指,376,1.0,1.0,4.0,4.0,0.0,0.0,0.0,0.0,0.0,0.0,0.0,,0.0,2.0,0.0,0.0,0.0,0.0,,,,,,,,,,,,,,,,,,,,,,,
2023,2021013480,2023-09-21,1460250.0,フランコ,23.0,三一,376,1.0,1.0,3.0,3.0,0.0,0.0,0.0,0.0,0.0,0.0,0.0,,0.0,1.0,0.0,0.0,0.0,0.0,,,,,,,,,,,,,,,,,,,,,,,
2023,2021013480,2023-09-21,1500078.0,阿部 寿樹,4.0,打一,376,1.0,0.0,1.0,1.0,0.0,0.0,0.0,0.0,0.0,0.0,0.0,,0.0,1.0,0.0,0.0,0.0,0.0,,,,,,,,,,,,,,,,,,,,,,,
2023,2021013480,2023-09-21,1500102.0,愛斗,53.0,右,7,1.0,1.0,4.0,4.0,0.0,0.0,0.0,0.0,0.0,0.0,0.0,,0.0,2.0,0.0,0.0,0.0,0.0,,,,,,,,,,,,,,,,,,,,,,,
2023,2021013480,2023-09-21,1600007.0,村林 一輝,66.0,遊,376,1.0,1.0,4.0,3.0,0.0,0.0,0.0,0.0,0.0,0.0,0.0,,1.0,0.0,0.0,0.0,0.0,1.0,,,,,,,,,,,,,,,,,,,,,,,
2023,2021013480,2023-09-21,1600127.0,今井 達也,48.0,,7,,,,,,,,,,,,,,,,,,,1.0,1.0,,10.0,4.0,2.36,8.0,8.0,,,0.0,4.0,2.0,2.0,1.0,,3.0,8.0,0.0,,30.0,119.0,
2023,2021013480,2023-09-21,1600129.0,源田 壮亮,6.0,遊,7,1.0,1.0,4.0,4.0,0.0,0.0,0.0,0.0,0.0,0.0,0.0,,0.0,1.0,0.0,0.0,0.0,0.0,,,,,,,,,,,,,,,,,,,,,,,
2023,2021013480,2023-09-21,1750472.0,古賀 悠斗,22.0,捕,7,1.0,1.0,4.0,4.0,1.0,1.0,0.0,0.0,0.0,0.0,0.0,,0.0,1.0,0.0,0.0,0.0,0.0,,,,,,,,,,,,,,,,,,,,,,,
2023,2021013480,2023-09-21,1800086.0,佐藤 龍世,58.0,二,7,1.0,1.0,4.0,3.0,1.0,1.0,0.0,0.0,0.0,0.0,0.0,,1.0,1.0,0.0,0.0,0.0,0.0,,,,,,,,,,,,,,,,,,,,,,,
2023,2021013480,2023-09-21,1800117.0,辰己 涼介,8.0,中,376,1.0,1.0,4.0,4.0,0.0,0.0,0.0,0.0,0.0,0.0,0.0,,0.0,0.0,0.0,0.0,0.0,0.0,,,,,,,,,,,,,,,,,,,,,,,
2023,2021013480,2023-09-21,1800118.0,太田 光,2.0,捕,376,1.0,0.0,0.0,0.0,0.0,0.0,0.0,0.0,0.0,0.0,0.0,,0.0,0.0,0.0,0.0,0.0,0.0,,,,,,,,,,,,,,,,,,,,,,,
2023,2021013480,2023-09-21,1800123.0,小郷 裕哉,51.0,打右,376,1.0,0.0,1.0,1.0,0.0,0.0,0.0,0.0,0.0,0.0,0.0,,0.0,0.0,0.0,0.0,0.0,0.0,,,,,,,,,,,,,,,,,,,,,,,
2023,2021013480,2023-09-21,1850820.0,蛭間 拓哉,9.0,左,7,1.0,1.0,4.0,3.0,2.0,1.0,0.0,0.0,0.0,0.0,0.0,,1.0,0.0,0.0,0.0,0.0,0.0,,,,,,,,,,,,,,,,,,,,,,,
2023,2021013480,2023-09-21,1900068.0,岸 潤一郎,68.0,中,7,1.0,1.0,5.0,4.0,0.0,0.0,0.0,0.0,0.0,0.0,0.0,,0.0,1.0,0.0,1.0,0.0,0.0,,,,,,,,,,,,,,,,,,,,,,,
2023,2021013480,2023-09-21,1900112.0,小深田 大翔,0.0,左三,376,1.0,1.0,3.0,3.0,0.0,2.0,0.0,0.0,0.0,0.0,0.0,,0.0,0.0,0.0,0.0,0.0,0.0,,,,,,,,,,,,,,,,,,,,,,,
2023,2021013480,2023-09-21,2000067.0,渡部 健人,8.0,三,7,1.0,1.0,4.0,3.0,1.0,1.0,0.0,0.0,1.0,2.0,0.0,,1.0,0.0,0.0,0.0,0.0,0.0,,,,,,,,,,,,,,,,,,,,,,,
2023,2021013480,2023-09-21,2000126.0,内 星龍,69.0,,376,,,,,,,,,,,,,,,,,,,4.0,1.0,0.0,4.0,2.0,2.68,1.0,1.0,,,0.0,0.0,0.0,0.0,0.0,,0.0,0.0,0.0,,3.0,9.0,
2023,2021013480,2023-09-21,2103736.0,松井 友飛,45.0,,376,,,,,,,,,,,,,,,,,,,3.0,1.0,0.0,1.0,2.0,4.08,3.0,3.0,,,0.0,1.0,0.0,0.0,0.0,,0.0,4.0,0.0,,10.0,37.0,
2023,2021013480,2023-09-21,2103740.0,安田 悠馬,55.0,捕,376,1.0,1.0,2.0,2.0,0.0,0.0,0.0,0.0,0.0,0.0,0.0,,0.0,2.0,0.0,0.0,0.0,0.0,,,,,,,,,,,,,,,,,,,,,,,
2023,2021013480,2023-09-21,2103955.0,宮森 智志,72.0,,376,,,,,,,,,,,,,,,,,,,2.0,1.0,0.0,0.0,2.0,7.71,1.0,1.0,,,0.0,2.0,3.0,3.0,1.0,,2.0,0.0,0.0,,7.0,24.0,
2023,2021013480,2023-09-21,2106286.0,青山 美夏人,29.0,,7,,,,,,,,,,,,,,,,,,,2.0,1.0,0.0,0.0,1.0,3.24,1.0,1.0,,,3.0,0.0,0.0,0.0,0.0,,0.0,1.0,0.0,,3.0,12.0,
2023,2021013480,2023-09-21,2108196.0,マキノン,30.0,一,7,1.0,1.0,4.0,4.0,2.0,3.0,0.0,0.0,2.0,5.0,0.0,,0.0,1.0,0.0,0.0,0.0,0.0,,,,,,,,,,,,,,,,,,,,,,,
2023,2021013481,2023-09-21,700087.0,角中 勝也,3.0,打,9,1.0,0.0,1.0,1.0,0.0,1.0,0.0,0.0,0.0,0.0,0.0,,0.0,0.0,0.0,0.0,0.0,0.0,,,,,,,,,,,,,,,,,,,,,,,
2023,2021013481,2023-09-21,1000007.0,国吉 佑樹,92.0,,9,,,,,,,,,,,,,,,,,,,2.0,1.0,0.0,0.0,0.0,0.0,1.0,1.0,,,0.0,1.0,0.0,0.0,0.0,,0.0,1.0,0.0,,4.0,14.0,
2023,2021013481,2023-09-21,1000014.0,荻野 貴司,0.0,右,9,1.0,1.0,4.0,4.0,1.0,1.0,1.0,0.0,0.0,0.0,0.0,,0.0,1.0,0.0,0.0,0.0,0.0,,,,,,,,,,,,,,,,,,,,,,,
2023,2021013481,2023-09-21,1000035.0,今宮 健太,6.0,遊,12,1.0,1.0,4.0,3.0,0.0,0.0,0.0,0.0,0.0,0.0,0.0,,1.0,2.0,0.0,0.0,0.0,1.0,,,,,,,,,,,,,,,,,,,,,,,
2023,2021013481,2023-09-21,1000128.0,柳田 悠岐,9.0,右,12,1.0,1.0,4.0,4.0,1.0,3.0,0.0,0.0,0.0,1.0,0.0,,0.0,0.0,0.0,0.0,0.0,0.0,,,,,,,,,,,,,,,,,,,,,,,
2023,2021013481,2023-09-21,1000176.0,甲斐 拓也,19.0,捕,12,1.0,1.0,4.0,3.0,0.0,1.0,0.0,0.0,0.0,0.0,0.0,,0.0,1.0,0.0,1.0,0.0,0.0,,,,,,,,,,,,,,,,,,,,,,,
2023,2021013481,2023-09-21,1100097.0,近藤 健介,3.0,指,12,1.0,1.0,4.0,4.0,1.0,1.0,0.0,0.0,1.0,3.0,0.0,,0.0,1.0,0.0,0.0,0.0,0.0,,,,,,,,,,,,,,,,,,,,,,,
2023,2021013481,2023-09-21,1300044.0,岡 大海,25.0,左,9,1.0,1.0,3.0,2.0,0.0,0.0,0.0,0.0,0.0,0.0,0.0,,0.0,0.0,1.0,0.0,0.0,0.0,,,,,,,,,,,,,,,,,,,,,,,
2023,2021013481,2023-09-21,1300079.0,上林 誠知,51.0,走左,12,1.0,0.0,0.0,0.0,0.0,0.0,0.0,0.0,0.0,0.0,0.0,,0.0,0.0,0.0,0.0,0.0,0.0,,,,,,,,,,,,,,,,,,,,,,,
2023,2021013481,2023-09-21,1400117.0,有原 航平,17.0,,12,,,,,,,,,,,,,,,,,,,1.0,1.0,,9.0,4.0,2.44,7.0,7.0,,,0.0,5.0,2.0,2.0,1.0,,0.0,3.0,1.0,,28.0,88.0,
2023,2021013481,2023-09-21,1400126.0,松本 裕樹,66.0,,12,,,,,,,,,,,,,,,,,,,2.0,1.0,0.0,2.0,2.0,2.72,1.0,1.0,,,0.0,1.0,0.0,0.0,0.0,,0.0,1.0,0.0,,4.0,14.0,
2023,2021013481,2023-09-21,1400188.0,中村 奨吾,8.0,二,9,1.0,1.0,4.0,4.0,0.0,0.0,0.0,0.0,0.0,0.0,0.0,,0.0,0.0,0.0,0.0,0.0,0.0,,,,,,,,,,,,,,,,,,,,,,,
2023,2021013481,2023-09-21,1460080.0,ポランコ,22.0,指,9,1.0,1.0,4.0,4.0,1.0,1.0,0.0,0.0,1.0,1.0,0.0,,0.0,1.0,0.0,0.0,0.0,0.0,,,,,,,,,,,,,,,,,,,,,,,
2023,2021013481,2023-09-21,1500125.0,柿沼 友哉,99.0,捕,9,1.0,1.0,2.0,2.0,0.0,0.0,0.0,0.0,0.0,0.0,0.0,,0.0,0.0,0.0,0.0,0.0,0.0,,,,,,,,,,,,,,,,,,,,,,,
2023,2021013481,2023-09-21,1500143.0,川瀬 晃,0.0,三一,12,1.0,1.0,5.0,4.0,1.0,2.0,1.0,0.0,0.0,0.0,0.0,,1.0,0.0,0.0,0.0,0.0,0.0,,,,,,,,,,,,,,,,,,,,,,,
2023,2021013481,2023-09-21,1560184.0,オスナ,54.0,,12,,,,,,,,,,,,,,,,,,,3.0,1.0,0.0,3.0,2.0,1.0,1.0,1.0,,,23.0,1.0,0.0,0.0,0.0,,0.0,0.0,0.0,,3.0,6.0,
2023,2021013481,2023-09-21,1600146.0,種市 篤暉,16.0,,9,,,,,,,,,,,,,,,,,,,1.0,1.0,,10.0,6.0,3.05,5.0,5.0,,,0.0,7.0,4.0,4.0,1.0,,2.0,7.0,0.0,,24.0,92.0,
2023,2021013481,2023-09-21,1600157.0,澤田 圭佑,66.0,,9,,,,,,,,,,,,,,,,,,,4.0,1.0,0.0,2.0,0.0,0.77,1.0,1.0,,,0.0,2.0,0.0,0.0,0.0,,0.0,0.0,0.0,,4.0,14.0,
2023,2021013481,2023-09-21,1600167.0,三森 大貴,13.0,二,12,1.0,1.0,4.0,4.0,0.0,0.0,0.0,0.0,0.0,0.0,0.0,,0.0,2.0,0.0,0.0,0.0,0.0,,,,,,,,,,,,,,,,,,,,,,,
2023,2021013481,2023-09-21,1700092.0,安田 尚憲,5.0,三,9,1.0,1.0,4.0,4.0,0.0,0.0,0.0,0.0,0.0,0.0,0.0,,0.0,0.0,0.0,0.0,0.0,0.0,,,,,,,,,,,,,,,,,,,,,,,
2023,2021013481,2023-09-21,1700093.0,藤岡 裕大,4.0,遊,9,1.0,1.0,4.0,4.0,0.0,1.0,1.0,0.0,0.0,1.0,0.0,,0.0,1.0,0.0,0.0,0.0,0.0,,,,,,,,,,,,,,,,,,,,,,,
2023,2021013481,2023-09-21,1700135.0,周東 佑京,23.0,中,12,1.0,1.0,5.0,5.0,1.0,2.0,0.0,0.0,0.0,0.0,0.0,,0.0,0.0,0.0,0.0,0.0,0.0,,,,,,,,,,,,,,,,,,,,,,,
2023,2021013481,2023-09-21,1800037.0,坂本 光士郎,36.0,,9,,,,,,,,,,,,,,,,,,,3.0,1.0,0.0,1.0,0.0,3.21,1.0,1.0,,,0.0,2.0,0.0,0.0,0.0,,1.0,2.0,0.0,,6.0,16.0,
2023,2021013481,2023-09-21,1800050.0,藤原 恭大,1.0,中,9,1.0,1.0,3.0,3.0,0.0,2.0,0.0,0.0,0.0,0.0,0.0,,0.0,0.0,0.0,0.0,0.0,0.0,,,,,,,,,,,,,,,,,,,,,,,
2023,2021013481,2023-09-21,1800053.0,山口 航輝,51.0,一,9,1.0,1.0,4.0,4.0,0.0,1.0,0.0,0.0,0.0,0.0,0.0,,0.0,1.0,0.0,0.0,0.0,0.0,,,,,,,,,,,,,,,,,,,,,,,
2023,2021013481,2023-09-21,1800108.0,野村 大樹,55.0,一,12,1.0,1.0,3.0,3.0,0.0,1.0,0.0,0.0,0.0,0.0,0.0,,0.0,2.0,0.0,0.0,0.0,0.0,,,,,,,,,,,,,,,,,,,,,,,
2023,2021013481,2023-09-21,1900081.0,佐藤 都志也,32.0,打捕,9,1.0,0.0,2.0,2.0,0.0,0.0,0.0,0.0,0.0,0.0,0.0,,0.0,0.0,0.0,0.0,0.0,0.0,,,,,,,,,,,,,,,,,,,,,,,
2023,2021013481,2023-09-21,1900104.0,柳町 達,32.0,左,12,1.0,1.0,4.0,3.0,0.0,1.0,1.0,0.0,0.0,0.0,0.0,,1.0,2.0,0.0,0.0,0.0,0.0,,,,,,,,,,,,,,,,,,,,,,,
2023,2021013481,2023-09-21,2104035.0,野村 勇,99.0,三,12,1.0,0.0,1.0,1.0,0.0,1.0,0.0,0.0,0.0,0.0,0.0,,0.0,0.0,0.0,0.0,0.0,0.0,,,,,,,,,,,,,,,,,,,,,,,
2023,2021013483,2023-09-22,1300031.0,平良 拳太郎,59.0,,3,,,,,,,,,,,,,,,,,,,1.0,1.0,,4.0,4.0,3.47,3.0,3.0,,,0.0,4.0,1.0,1.0,0.0,,1.0,3.0,0.0,,13.0,73.0,
2023,2021013483,2023-09-22,2107860.0,仲地 礼亜,31.0,,4,,,,,,,,,,,,,,,,,,,1.0,1.0,,1.0,5.0,5.36,2.333333333333333,2.1,,,0.0,4.0,0.0,0.0,0.0,,0.0,2.0,0.0,,11.0,47.0,
2023,2021013483,2023-09-22,,,,,4,1.0,,,,,,,,,,,,,,,,,,,,,,,,,,,,,,,,,,,,,,,,
2023,2021013484,2023-09-23,700003.0,坂本 勇人,6.0,三,1,1.0,1.0,4.0,4.0,0.0,3.0,1.0,0.0,0.0,2.0,0.0,,0.0,1.0,0.0,0.0,0.0,0.0,,,,,,,,,,,,,,,,,,,,,,,
2023,2021013484,2023-09-23,700027.0,梶谷 隆幸,13.0,右,1,1.0,1.0,5.0,5.0,1.0,1.0,1.0,0.0,0.0,0.0,0.0,,0.0,1.0,0.0,0.0,0.0,0.0,,,,,,,,,,,,,,,,,,,,,,,
2023,2021013484,2023-09-23,800043.0,丸 佳浩,8.0,打,1,1.0,0.0,1.0,1.0,0.0,0.0,0.0,0.0,0.0,0.0,0.0,,0.0,0.0,0.0,0.0,0.0,0.0,,,,,,,,,,,,,,,,,,,,,,,
2023,2021013484,2023-09-23,900430.0,堂林 翔太,7.0,一,6,1.0,1.0,4.0,4.0,2.0,2.0,1.0,0.0,1.0,2.0,0.0,,0.0,2.0,0.0,0.0,0.0,0.0,,,,,,,,,,,,,,,,,,,,,,,
2023,2021013484,2023-09-23,1000150.0,秋山 翔吾,9.0,中,6,1.0,1.0,5.0,4.0,1.0,1.0,0.0,0.0,1.0,2.0,0.0,,0.0,1.0,1.0,0.0,0.0,0.0,,,,,,,,,,,,,,,,,,,,,,,
2023,2021013484,2023-09-23,1100038.0,今村 信貴,26.0,投,1,1.0,0.0,0.0,0.0,0.0,0.0,0.0,0.0,0.0,0.0,0.0,,0.0,0.0,0.0,0.0,0.0,0.0,5.0,1.0,0.0,0.0,0.0,3.81,1.0,1.0,,,0.0,1.0,0.0,0.0,0.0,,0.0,1.0,1.0,,4.0,12.0,
2023,2021013484,2023-09-23,1100082.0,菊池 涼介,33.0,二,6,1.0,1.0,4.0,4.0,0.0,1.0,0.0,0.0,0.0,0.0,0.0,,0.0,1.0,0.0,0.0,0.0,0.0,,,,,,,,,,,,,,,,,,,,,,,
2023,2021013484,2023-09-23,1200041.0,菅野 智之,18.0,投,1,1.0,1.0,3.0,3.0,0.0,1.0,1.0,0.0,0.0,0.0,0.0,,0.0,0.0,0.0,0.0,0.0,0.0,1.0,1.0,,4.0,8.0,3.36,6.0,6.0,,,0.0,7.0,4.0,4.0,2.0,,0.0,4.0,0.0,,24.0,75.0,
2023,2021013484,2023-09-23,1200070.0,上本 崇司,0.0,左,6,1.0,1.0,5.0,5.0,0.0,2.0,0.0,0.0,0.0,0.0,0.0,,0.0,2.0,0.0,0.0,0.0,0.0,,,,,,,,,,,,,,,,,,,,,,,
2023,2021013484,2023-09-23,1300059.0,田中 広輔,2.0,走三,6,1.0,0.0,0.0,0.0,0.0,0.0,0.0,0.0,0.0,0.0,0.0,,0.0,0.0,0.0,0.0,0.0,0.0,,,,,,,,,,,,,,,,,,,,,,,
2023,2021013484,2023-09-23,1300082.0,曽根 海成,0.0,右,6,1.0,0.0,0.0,0.0,0.0,0.0,0.0,0.0,0.0,0.0,0.0,,0.0,0.0,0.0,0.0,0.0,0.0,,,,,,,,,,,,,,,,,,,,,,,
2023,2021013484,2023-09-23,1400101.0,岡本 和真,25.0,一,1,1.0,1.0,4.0,3.0,0.0,0.0,0.0,0.0,0.0,0.0,0.0,,1.0,0.0,0.0,0.0,0.0,0.0,,,,,,,,,,,,,,,,,,,,,,,
2023,2021013484,2023-09-23,1450689.0,船迫 大雅,58.0,投,1,1.0,0.0,0.0,0.0,0.0,0.0,0.0,0.0,0.0,0.0,0.0,,0.0,0.0,0.0,0.0,0.0,0.0,2.0,1.0,0.0,3.0,1.0,2.93,0.6666666666666666,0.2,,,0.0,3.0,2.0,2.0,1.0,,0.0,0.0,0.0,,5.0,24.0,
2023,2021013484,2023-09-23,1460004.0,デビッドソン,95.0,三,6,1.0,1.0,4.0,3.0,0.0,0.0,0.0,0.0,0.0,0.0,0.0,,0.0,0.0,1.0,0.0,0.0,0.0,,,,,,,,,,,,,,,,,,,,,,,
2023,2021013484,2023-09-23,1500054.0,増田 大輝,0.0,中,1,1.0,0.0,0.0,0.0,0.0,0.0,0.0,0.0,0.0,0.0,0.0,,0.0,0.0,0.0,0.0,0.0,0.0,,,,,,,,,,,,,,,,,,,,,,,
2023,2021013484,2023-09-23,1600059.0,吉川 尚輝,2.0,二,1,1.0,1.0,4.0,4.0,0.0,0.0,0.0,0.0,0.0,0.0,0.0,,0.0,0.0,0.0,0.0,0.0,0.0,,,,,,,,,,,,,,,,,,,,,,,
2023,2021013484,2023-09-23,1600100.0,高梨 雄平,53.0,投,1,1.0,0.0,0.0,0.0,0.0,0.0,0.0,0.0,0.0,0.0,0.0,,0.0,0.0,0.0,0.0,0.0,0.0,3.0,1.0,0.0,2.0,1.0,4.19,0.3333333333333333,0.1,,,0.0,0.0,0.0,0.0,0.0,,0.0,0.0,0.0,,1.0,6.0,
2023,2021013484,2023-09-23,1600121.0,矢崎 拓也,41.0,投,6,1.0,0.0,0.0,0.0,0.0,0.0,0.0,0.0,0.0,0.0,0.0,,0.0,0.0,0.0,0.0,0.0,0.0,2.0,1.0,0.0,4.0,2.0,2.74,1.0,1.0,,,24.0,0.0,0.0,0.0,0.0,,0.0,2.0,0.0,,3.0,11.0,
2023,2021013484,2023-09-23,1600124.0,坂倉 将吾,31.0,捕,6,1.0,1.0,4.0,4.0,0.0,1.0,0.0,0.0,0.0,0.0,0.0,,0.0,0.0,0.0,0.0,0.0,0.0,,,,,,,,,,,,,,,,,,,,,,,
2023,2021013484,2023-09-23,1650187.0,中村 貴浩,97.0,打,6,1.0,0.0,1.0,1.0,1.0,1.0,1.0,0.0,0.0,0.0,0.0,,0.0,0.0,0.0,0.0,0.0,0.0,,,,,,,,,,,,,,,,,,,,,,,
2023,2021013484,2023-09-23,1700044.0,大城 卓三,24.0,捕,1,1.0,1.0,4.0,2.0,0.0,1.0,0.0,0.0,0.0,1.0,0.0,,1.0,0.0,0.0,0.0,1.0,0.0,,,,,,,,,,,,,,,,,,,,,,,
2023,2021013484,2023-09-23,1800072.0,小園 海斗,51.0,遊三遊,6,1.0,1.0,5.0,5.0,1.0,1.0,0.0,0.0,0.0,0.0,0.0,,0.0,0.0,0.0,0.0,0.0,0.0,,,,,,,,,,,,,,,,,,,,,,,
2023,2021013484,2023-09-23,1800073.0,島内 颯太郎,43.0,投,6,1.0,0.0,0.0,0.0,0.0,0.0,0.0,0.0,0.0,0.0,0.0,,0.0,0.0,0.0,0.0,0.0,0.0,3.0,1.0,0.0,2.0,3.0,2.41,1.0,1.0,,,2.0,1.0,0.0,0.0,0.0,,0.0,2.0,0.0,,4.0,18.0,
2023,2021013484,2023-09-23,1860031.0,ブリンソン,42.0,中,1,1.0,1.0,3.0,3.0,0.0,1.0,0.0,0.0,0.0,0.0,0.0,,0.0,0.0,0.0,0.0,0.0,0.0,,,,,,,,,,,,,,,,,,,,,,,
2023,2021013484,2023-09-23,1900052.0,森下 暢仁,18.0,投,6,1.0,1.0,2.0,1.0,0.0,0.0,0.0,0.0,0.0,0.0,0.0,,0.0,0.0,0.0,1.0,0.0,0.0,1.0,1.0,,9.0,5.0,2.98,6.0,6.0,,,0.0,7.0,3.0,3.0,0.0,,4.0,0.0,0.0,,27.0,107.0,
2023,2021013484,2023-09-23,1960962.0,ビーディ,33.0,投,1,1.0,0.0,0.0,0.0,0.0,0.0,0.0,0.0,0.0,0.0,0.0,,0.0,0.0,0.0,0.0,0.0,0.0,4.0,1.0,0.0,0.0,6.0,3.99,1.0,1.0,,,1.0,1.0,1.0,1.0,1.0,,0.0,2.0,1.0,,5.0,21.0,
2023,2021013484,2023-09-23,1961166.0,マクブルーム,10.0,打,6,1.0,0.0,1.0,1.0,0.0,0.0,0.0,0.0,0.0,0.0,0.0,,0.0,1.0,0.0,0.0,0.0,0.0,,,,,,,,,,,,,,,,,,,,,,,
2023,2021013484,2023-09-23,2000009.0,秋広 優人,55.0,左,1,1.0,1.0,4.0,4.0,0.0,1.0,0.0,0.0,0.0,0.0,0.0,,0.0,1.0,0.0,0.0,0.0,0.0,,,,,,,,,,,,,,,,,,,,,,,
2023,2021013484,2023-09-23,2000060.0,栗林 良吏,20.0,投,6,1.0,0.0,0.0,0.0,0.0,0.0,0.0,0.0,0.0,0.0,0.0,,0.0,0.0,0.0,0.0,0.0,0.0,4.0,1.0,0.0,3.0,7.0,3.04,1.0,1.0,,,16.0,0.0,0.0,0.0,0.0,,0.0,0.0,0.0,,3.0,13.0,
2023,2021013484,2023-09-23,2000065.0,矢野 雅哉,61.0,走遊中,6,1.0,0.0,0.0,0.0,0.0,0.0,0.0,0.0,0.0,0.0,0.0,,0.0,0.0,0.0,0.0,0.0,0.0,,,,,,,,,,,,,,,,,,,,,,,
2023,2021013484,2023-09-23,2103768.0,末包 昇大,52.0,右,6,1.0,1.0,4.0,4.0,2.0,3.0,0.0,0.0,2.0,3.0,0.0,,0.0,0.0,0.0,0.0,0.0,0.0,,,,,,,,,,,,,,,,,,,,,,,
2023,2021013484,2023-09-23,2105889.0,ウォーカー,44.0,打,1,1.0,0.0,1.0,1.0,0.0,0.0,0.0,0.0,0.0,0.0,0.0,,0.0,1.0,0.0,0.0,0.0,0.0,,,,,,,,,,,,,,,,,,,,,,,
2023,2021013484,2023-09-23,2107874.0,門脇 誠,35.0,遊,1,1.0,1.0,4.0,2.0,2.0,0.0,0.0,0.0,0.0,0.0,0.0,,2.0,0.0,0.0,0.0,0.0,0.0,,,,,,,,,,,,,,,,,,,,,,,
2023,2021013485,2023-09-23,1000132.0,山田 哲人,1.0,二,2,1.0,1.0,4.0,4.0,0.0,0.0,0.0,0.0,0.0,0.0,0.0,,0.0,1.0,0.0,0.0,0.0,0.0,,,,,,,,,,,,,,,,,,,,,,,
2023,2021013485,2023-09-23,1300045.0,高梨 裕稔,14.0,投,2,1.0,0.0,0.0,0.0,0.0,0.0,0.0,0.0,0.0,0.0,0.0,,0.0,0.0,0.0,0.0,0.0,0.0,2.0,1.0,0.0,0.0,3.0,4.81,2.0,2.0,,,0.0,2.0,1.0,0.0,0.0,,1.0,2.0,0.0,,10.0,39.0,
2023,2021013485,2023-09-23,1500044.0,山崎 晃大朗,31.0,打,2,1.0,0.0,1.0,1.0,0.0,0.0,0.0,0.0,0.0,0.0,0.0,,0.0,0.0,0.0,0.0,0.0,0.0,,,,,,,,,,,,,,,,,,,,,,,
2023,2021013485,2023-09-23,1500087.0,坂本 誠志郎,12.0,捕,5,1.0,1.0,5.0,5.0,0.0,1.0,1.0,0.0,0.0,0.0,0.0,,0.0,1.0,0.0,0.0,0.0,0.0,,,,,,,,,,,,,,,,,,,,,,,
2023,2021013485,2023-09-23,1600078.0,古賀 優大,57.0,捕,2,1.0,1.0,3.0,3.0,0.0,1.0,0.0,0.0,0.0,0.0,0.0,,0.0,0.0,0.0,0.0,0.0,0.0,,,,,,,,,,,,,,,,,,,,,,,
2023,2021013485,2023-09-23,1600113.0,大山 悠輔,3.0,一,5,1.0,1.0,5.0,5.0,0.0,2.0,0.0,0.0,0.0,2.0,0.0,,0.0,0.0,0.0,0.0,0.0,0.0,,,,,,,,,,,,,,,,,,,,,,,
2023,2021013485,2023-09-23,1650522.0,丸山 和郁,4.0,中,2,1.0,0.0,0.0,0.0,0.0,0.0,0.0,0.0,0.0,0.0,0.0,,0.0,0.0,0.0,0.0,0.0,0.0,,,,,,,,,,,,,,,,,,,,,,,
2023,2021013485,2023-09-23,1700060.0,阪口 皓亮,58.0,投,2,1.0,0.0,0.0,0.0,0.0,0.0,0.0,0.0,0.0,0.0,0.0,,0.0,0.0,0.0,0.0,0.0,0.0,4.0,1.0,0.0,0.0,2.0,3.31,1.0,1.0,,,0.0,2.0,1.0,1.0,0.0,,1.0,0.0,0.0,,6.0,26.0,
2023,2021013485,2023-09-23,1700080.0,島田 海吏,53.0,打中,5,1.0,0.0,3.0,3.0,0.0,0.0,0.0,0.0,0.0,0.0,0.0,,0.0,1.0,0.0,0.0,0.0,0.0,,,,,,,,,,,,,,,,,,,,,,,
2023,2021013485,2023-09-23,1700084.0,村上 宗隆,55.0,三,2,1.0,1.0,4.0,4.0,1.0,2.0,0.0,0.0,1.0,2.0,0.0,,0.0,1.0,0.0,0.0,0.0,1.0,,,,,,,,,,,,,,,,,,,,,,,
2023,2021013485,2023-09-23,1700087.0,塩見 泰隆,9.0,中,2,1.0,1.0,4.0,4.0,1.0,1.0,0.0,0.0,1.0,1.0,0.0,,0.0,0.0,0.0,0.0,0.0,0.0,,,,,,,,,,,,,,,,,,,,,,,
2023,2021013485,2023-09-23,1700089.0,宮本 丈,39.0,打,2,1.0,0.0,1.0,1.0,0.0,0.0,0.0,0.0,0.0,0.0,0.0,,0.0,0.0,0.0,0.0,0.0,0.0,,,,,,,,,,,,,,,,,,,,,,,
2023,2021013485,2023-09-23,1700137.0,大竹 耕太郎,49.0,投,5,1.0,1.0,4.0,3.0,0.0,1.0,0.0,0.0,0.0,1.0,0.0,,0.0,2.0,0.0,1.0,0.0,0.0,1.0,1.0,,12.0,2.0,2.13,8.0,8.0,,,0.0,5.0,3.0,3.0,2.0,,2.0,4.0,0.0,,29.0,123.0,
2023,2021013485,2023-09-23,1800036.0,濱田 太貴,51.0,左,2,1.0,1.0,4.0,4.0,1.0,1.0,0.0,0.0,0.0,0.0,0.0,,0.0,1.0,0.0,0.0,0.0,0.0,,,,,,,,,,,,,,,,,,,,,,,
2023,2021013485,2023-09-23,1800065.0,近本 光司,5.0,中,5,1.0,1.0,3.0,2.0,1.0,0.0,0.0,0.0,0.0,0.0,1.0,,1.0,1.0,0.0,0.0,0.0,0.0,,,,,,,,,,,,,,,,,,,,,,,
2023,2021013485,2023-09-23,1800066.0,小幡 竜平,38.0,遊,5,1.0,1.0,5.0,4.0,0.0,1.0,0.0,0.0,0.0,0.0,0.0,,1.0,1.0,0.0,0.0,0.0,0.0,,,,,,,,,,,,,,,,,,,,,,,
2023,2021013485,2023-09-23,1850183.0,森下 翔太,1.0,右,5,1.0,1.0,5.0,5.0,2.0,3.0,2.0,0.0,0.0,0.0,0.0,,0.0,0.0,0.0,0.0,0.0,0.0,,,,,,,,,,,,,,,,,,,,,,,
2023,2021013485,2023-09-23,1900027.0,大西 広樹,44.0,投,2,1.0,0.0,0.0,0.0,0.0,0.0,0.0,0.0,0.0,0.0,0.0,,0.0,0.0,0.0,0.0,0.0,0.0,3.0,1.0,0.0,2.0,2.0,3.76,2.0,2.0,,,0.0,2.0,0.0,0.0,0.0,,1.0,1.0,0.0,,8.0,27.0,
2023,2021013485,2023-09-23,1900028.0,長岡 秀樹,7.0,遊,2,1.0,1.0,3.0,2.0,0.0,0.0,0.0,0.0,0.0,0.0,0.0,,1.0,0.0,0.0,0.0,0.0,0.0,,,,,,,,,,,,,,,,,,,,,,,
2023,2021013485,2023-09-23,1900050.0,小野寺 暖,60.0,走左,5,1.0,0.0,0.0,0.0,0.0,0.0,0.0,0.0,0.0,0.0,0.0,,0.0,0.0,0.0,0.0,0.0,0.0,,,,,,,,,,,,,,,,,,,,,,,
2023,2021013485,2023-09-23,1960349.0,ブルワー,98.0,投,5,1.0,0.0,0.0,0.0,0.0,0.0,0.0,0.0,0.0,0.0,0.0,,0.0,0.0,0.0,0.0,0.0,0.0,2.0,1.0,0.0,0.0,1.0,2.0,1.0,1.0,,,0.0,0.0,0.0,0.0,0.0,,0.0,2.0,0.0,,3.0,19.0,
2023,2021013485,2023-09-23,1961251.0,ミエセス,55.0,打,5,1.0,0.0,1.0,1.0,0.0,0.0,0.0,0.0,0.0,0.0,0.0,,0.0,1.0,0.0,0.0,0.0,0.0,,,,,,,,,,,,,,,,,,,,,,,
2023,2021013485,2023-09-23,1961285.0,ノイジー,7.0,左,5,1.0,1.0,5.0,3.0,2.0,2.0,0.0,0.0,1.0,3.0,0.0,,2.0,0.0,0.0,0.0,0.0,0.0,,,,,,,,,,,,,,,,,,,,,,,
2023,2021013485,2023-09-23,2000024.0,木澤 尚文,20.0,投,2,1.0,0.0,0.0,0.0,0.0,0.0,0.0,0.0,0.0,0.0,0.0,,0.0,0.0,0.0,0.0,0.0,0.0,5.0,1.0,0.0,2.0,3.0,2.82,1.0,1.0,,,0.0,0.0,0.0,0.0,0.0,,0.0,1.0,0.0,,3.0,14.0,
2023,2021013485,2023-09-23,2000026.0,内山 壮真,33.0,捕,2,1.0,0.0,1.0,1.0,0.0,0.0,0.0,0.0,0.0,0.0,0.0,,0.0,0.0,0.0,0.0,0.0,0.0,,,,,,,,,,,,,,,,,,,,,,,
2023,2021013485,2023-09-23,2000051.0,佐藤 輝明,8.0,三,5,1.0,1.0,5.0,4.0,1.0,1.0,0.0,0.0,0.0,0.0,0.0,,1.0,0.0,0.0,0.0,0.0,0.0,,,,,,,,,,,,,,,,,,,,,,,
2023,2021013485,2023-09-23,2000056.0,中野 拓夢,51.0,二,5,1.0,1.0,5.0,5.0,3.0,3.0,1.0,0.0,0.0,1.0,1.0,,0.0,0.0,0.0,0.0,0.0,0.0,,,,,,,,,,,,,,,,,,,,,,,
2023,2021013485,2023-09-23,2000133.0,オスナ,13.0,一,2,1.0,1.0,3.0,2.0,0.0,0.0,0.0,0.0,0.0,0.0,0.0,,1.0,0.0,0.0,0.0,0.0,1.0,,,,,,,,,,,,,,,,,,,,,,,
2023,2021013485,2023-09-23,2000135.0,サンタナ,25.0,右,2,1.0,1.0,4.0,4.0,0.0,0.0,0.0,0.0,0.0,0.0,0.0,,0.0,3.0,0.0,0.0,0.0,0.0,,,,,,,,,,,,,,,,,,,,,,,
2023,2021013485,2023-09-23,2108113.0,ロドリゲス,37.0,投,2,1.0,1.0,0.0,0.0,0.0,0.0,0.0,0.0,0.0,0.0,0.0,,0.0,0.0,0.0,0.0,0.0,0.0,1.0,1.0,,1.0,5.0,4.35,3.0,3.0,,,0.0,8.0,7.0,6.0,1.0,,2.0,3.0,0.0,,19.0,89.0,
2023,2021013486,2023-09-23,500051.0,藤田 一也,23.0,打,3,1.0,0.0,1.0,0.0,0.0,0.0,0.0,0.0,0.0,0.0,0.0,,1.0,0.0,0.0,0.0,0.0,0.0,,,,,,,,,,,,,,,,,,,,,,,
2023,2021013486,2023-09-23,600003.0,大和,9.0,打遊,3,1.0,0.0,1.0,1.0,0.0,0.0,0.0,0.0,0.0,0.0,0.0,,0.0,0.0,0.0,0.0,0.0,0.0,,,,,,,,,,,,,,,,,,,,,,,
2023,2021013486,2023-09-23,900011.0,大田 泰示,0.0,右,3,1.0,1.0,5.0,4.0,0.0,0.0,0.0,0.0,0.0,0.0,0.0,,1.0,1.0,0.0,0.0,0.0,0.0,,,,,,,,,,,,,,,,,,,,,,,
2023,2021013486,2023-09-23,900410.0,大島 洋平,8.0,左,4,1.0,1.0,5.0,5.0,0.0,2.0,0.0,0.0,0.0,1.0,0.0,,0.0,1.0,0.0,0.0,0.0,0.0,,,,,,,,,,,,,,,,,,,,,,,
2023,2021013486,2023-09-23,1000108.0,後藤 駿太,53.0,右,4,1.0,0.0,0.0,0.0,0.0,0.0,0.0,0.0,0.0,0.0,0.0,,0.0,0.0,0.0,0.0,0.0,0.0,,,,,,,,,,,,,,,,,,,,,,,
2023,2021013486,2023-09-23,1100061.0,桑原 将志,1.0,打,3,1.0,0.0,1.0,1.0,0.0,1.0,0.0,0.0,0.0,0.0,0.0,,0.0,0.0,0.0,0.0,0.0,0.0,,,,,,,,,,,,,,,,,,,,,,,
2023,2021013486,2023-09-23,1200049.0,三嶋 一輝,17.0,投,3,1.0,0.0,0.0,0.0,0.0,0.0,0.0,0.0,0.0,0.0,0.0,,0.0,0.0,0.0,0.0,0.0,0.0,2.0,1.0,0.0,3.0,1.0,3.8,1.0,1.0,,,0.0,2.0,0.0,0.0,0.0,,0.0,1.0,0.0,,5.0,21.0,
2023,2021013486,2023-09-23,1200053.0,宮崎 敏郎,51.0,三,3,1.0,1.0,4.0,3.0,1.0,1.0,0.0,0.0,0.0,0.0,0.0,,1.0,1.0,0.0,0.0,0.0,0.0,,,,,,,,,,,,,,,,,,,,,,,
2023,2021013486,2023-09-23,1200097.0,加藤 翔平,52.0,左,4,1.0,0.0,0.0,0.0,0.0,0.0,0.0,0.0,0.0,0.0,0.0,,0.0,0.0,0.0,0.0,0.0,0.0,,,,,,,,,,,,,,,,,,,,,,,
2023,2021013486,2023-09-23,1300038.0,関根 大気,63.0,中,3,1.0,1.0,5.0,4.0,0.0,0.0,0.0,0.0,0.0,0.0,0.0,,0.0,1.0,0.0,1.0,0.0,1.0,,,,,,,,,,,,,,,,,,,,,,,
2023,2021013486,2023-09-23,1500064.0,戸柱 恭孝,10.0,打,3,1.0,0.0,1.0,1.0,0.0,0.0,0.0,0.0,0.0,0.0,0.0,,0.0,1.0,0.0,0.0,0.0,0.0,,,,,,,,,,,,,,,,,,,,,,,
2023,2021013486,2023-09-23,1500076.0,木下 拓哉,35.0,捕,4,1.0,1.0,4.0,2.0,1.0,0.0,0.0,0.0,0.0,0.0,0.0,,2.0,0.0,0.0,0.0,0.0,0.0,,,,,,,,,,,,,,,,,,,,,,,
2023,2021013486,2023-09-23,1560639.0,カリステ,99.0,遊,4,1.0,1.0,4.0,4.0,0.0,1.0,0.0,0.0,0.0,1.0,0.0,,0.0,1.0,0.0,0.0,0.0,0.0,,,,,,,,,,,,,,,,,,,,,,,
2023,2021013486,2023-09-23,1600021.0,ビシエド,66.0,一,4,1.0,1.0,4.0,4.0,0.0,1.0,0.0,0.0,0.0,0.0,0.0,,0.0,0.0,0.0,0.0,0.0,0.0,,,,,,,,,,,,,,,,,,,,,,,
2023,2021013486,2023-09-23,1600081.0,濱口 遥大,26.0,投,3,1.0,1.0,0.0,0.0,0.0,0.0,0.0,0.0,0.0,0.0,0.0,,0.0,0.0,0.0,0.0,0.0,0.0,1.0,1.0,,3.0,7.0,4.54,2.0,2.0,,,0.0,7.0,4.0,1.0,0.0,,1.0,2.0,0.0,,14.0,55.0,
2023,2021013486,2023-09-23,1600085.0,細川 成也,0.0,右,4,1.0,1.0,4.0,4.0,1.0,2.0,0.0,0.0,0.0,0.0,0.0,,0.0,0.0,0.0,0.0,0.0,0.0,,,,,,,,,,,,,,,,,,,,,,,
2023,2021013486,2023-09-23,1600089.0,佐野 恵太,7.0,左,3,1.0,1.0,5.0,5.0,1.0,3.0,1.0,0.0,0.0,0.0,0.0,,0.0,1.0,0.0,0.0,0.0,0.0,,,,,,,,,,,,,,,,,,,,,,,
2023,2021013486,2023-09-23,1600108.0,石垣 雅海,32.0,二,4,1.0,0.0,1.0,1.0,0.0,0.0,0.0,0.0,0.0,0.0,0.0,,0.0,0.0,0.0,0.0,0.0,0.0,,,,,,,,,,,,,,,,,,,,,,,
2023,2021013486,2023-09-23,1600110.0,藤嶋 健人,54.0,投,4,1.0,0.0,0.0,0.0,0.0,0.0,0.0,0.0,0.0,0.0,0.0,,0.0,0.0,0.0,0.0,0.0,0.0,5.0,1.0,0.0,1.0,1.0,1.13,1.0,1.0,,,3.0,1.0,0.0,0.0,0.0,,0.0,1.0,0.0,,4.0,18.0,
2023,2021013486,2023-09-23,1660045.0,フェリス,93.0,投,4,1.0,0.0,0.0,0.0,0.0,0.0,0.0,0.0,0.0,0.0,0.0,,0.0,0.0,0.0,0.0,0.0,0.0,3.0,1.0,0.0,1.0,0.0,3.86,0.6666666666666666,0.2,,,0.0,2.0,2.0,2.0,0.0,,2.0,2.0,0.0,,6.0,30.0,
2023,2021013486,2023-09-23,1700006.0,エスコバー,62.0,投,3,1.0,0.0,0.0,0.0,0.0,0.0,0.0,0.0,0.0,0.0,0.0,,0.0,0.0,0.0,0.0,0.0,0.0,5.0,1.0,0.0,2.0,1.0,4.97,1.0,1.0,,,0.0,0.0,0.0,0.0,0.0,,1.0,0.0,0.0,,4.0,20.0,
2023,2021013486,2023-09-23,1700020.0,ソト,99.0,一,3,1.0,1.0,4.0,3.0,0.0,0.0,0.0,0.0,0.0,0.0,0.0,,1.0,1.0,0.0,0.0,0.0,0.0,,,,,,,,,,,,,,,,,,,,,,,
2023,2021013486,2023-09-23,1700065.0,楠本 泰史,37.0,打,3,1.0,0.0,1.0,1.0,0.0,0.0,0.0,0.0,0.0,0.0,0.0,,0.0,1.0,0.0,0.0,0.0,0.0,,,,,,,,,,,,,,,,,,,,,,,
2023,2021013486,2023-09-23,1700066.0,山本 祐大,50.0,捕,3,1.0,1.0,4.0,2.0,1.0,2.0,2.0,0.0,0.0,2.0,0.0,,2.0,0.0,0.0,0.0,0.0,0.0,,,,,,,,,,,,,,,,,,,,,,,
2023,2021013486,2023-09-23,1750223.0,村松 開人,5.0,二,4,1.0,1.0,3.0,3.0,1.0,2.0,0.0,0.0,0.0,0.0,0.0,,0.0,0.0,0.0,0.0,0.0,1.0,,,,,,,,,,,,,,,,,,,,,,,
2023,2021013486,2023-09-23,1800043.0,上茶谷 大河,27.0,投,3,1.0,0.0,0.0,0.0,0.0,0.0,0.0,0.0,0.0,0.0,0.0,,0.0,0.0,0.0,0.0,0.0,0.0,6.0,1.0,0.0,4.0,3.0,1.77,1.0,1.0,,,0.0,0.0,0.0,0.0,0.0,,0.0,2.0,0.0,,3.0,15.0,
2023,2021013486,2023-09-23,1800048.0,知野 直人,60.0,走一,3,1.0,0.0,0.0,0.0,0.0,0.0,0.0,0.0,0.0,0.0,0.0,,0.0,0.0,0.0,0.0,0.0,0.0,,,,,,,,,,,,,,,,,,,,,,,
2023,2021013486,2023-09-23,1800049.0,宮城 滝太,92.0,投,3,1.0,0.0,0.0,0.0,0.0,0.0,0.0,0.0,0.0,0.0,0.0,,0.0,0.0,0.0,0.0,0.0,0.0,3.0,1.0,0.0,0.0,0.0,3.6,2.0,2.0,,,0.0,0.0,0.0,0.0,0.0,,0.0,0.0,0.0,,6.0,20.0,
2023,2021013486,2023-09-23,1800061.0,勝野 昌慶,41.0,投,4,1.0,0.0,0.0,0.0,0.0,0.0,0.0,0.0,0.0,0.0,0.0,,0.0,0.0,0.0,0.0,0.0,0.0,4.0,1.0,0.0,5.0,2.0,2.22,0.3333333333333333,0.1,,,0.0,0.0,0.0,0.0,0.0,,0.0,0.0,0.0,,1.0,1.0,
2023,2021013486,2023-09-23,1850208.0,林 琢真,0.0,遊,3,1.0,1.0,3.0,3.0,0.0,0.0,0.0,0.0,0.0,1.0,0.0,,0.0,1.0,0.0,0.0,0.0,0.0,,,,,,,,,,,,,,,,,,,,,,,
2023,2021013486,2023-09-23,1900037.0,石川 昂弥,25.0,三,4,1.0,1.0,4.0,4.0,0.0,0.0,0.0,0.0,0.0,0.0,0.0,,0.0,0.0,0.0,0.0,0.0,0.0,,,,,,,,,,,,,,,,,,,,,,,
2023,2021013486,2023-09-23,1900041.0,岡林 勇希,60.0,中,4,1.0,1.0,5.0,5.0,0.0,1.0,1.0,0.0,0.0,0.0,0.0,,0.0,3.0,0.0,0.0,0.0,0.0,,,,,,,,,,,,,,,,,,,,,,,
2023,2021013486,2023-09-23,2000035.0,牧 秀悟,2.0,二,3,1.0,1.0,4.0,4.0,0.0,0.0,0.0,0.0,0.0,0.0,0.0,,0.0,1.0,0.0,0.0,0.0,0.0,,,,,,,,,,,,,,,,,,,,,,,
2023,2021013486,2023-09-23,2000040.0,石川 達也,95.0,投,3,1.0,0.0,0.0,0.0,0.0,0.0,0.0,0.0,0.0,0.0,0.0,,0.0,0.0,0.0,0.0,0.0,0.0,4.0,1.0,0.0,0.0,0.0,2.12,2.0,2.0,,,0.0,1.0,0.0,0.0,0.0,,0.0,1.0,0.0,,7.0,24.0,
2023,2021013486,2023-09-23,2000042.0,高橋 宏斗,19.0,投,4,1.0,1.0,3.0,3.0,1.0,1.0,0.0,0.0,0.0,1.0,0.0,,0.0,1.0,0.0,0.0,0.0,0.0,1.0,1.0,,7.0,10.0,2.36,6.0,6.0,,,0.0,4.0,1.0,1.0,0.0,,3.0,3.0,0.0,,24.0,102.0,
2023,2021013486,2023-09-23,2000044.0,龍空,45.0,二遊,4,1.0,0.0,1.0,0.0,0.0,0.0,0.0,0.0,0.0,0.0,0.0,,0.0,0.0,0.0,1.0,0.0,0.0,,,,,,,,,,,,,,,,,,,,,,,
2023,2021013486,2023-09-23,2103780.0,福永 裕基,68.0,打,4,1.0,0.0,1.0,1.0,0.0,0.0,0.0,0.0,0.0,0.0,0.0,,0.0,0.0,0.0,0.0,0.0,0.0,,,,,,,,,,,,,,,,,,,,,,,
2023,2021013486,2023-09-23,2107869.0,松山 晋也,90.0,投,4,1.0,0.0,0.0,0.0,0.0,0.0,0.0,0.0,0.0,0.0,0.0,,0.0,0.0,0.0,0.0,0.0,0.0,2.0,1.0,0.0,0.0,1.0,1.15,1.0,1.0,,,0.0,0.0,0.0,0.0,0.0,,1.0,3.0,0.0,,4.0,24.0,
2023,2021013487,2023-09-23,600020.0,銀次,33.0,一,376,1.0,1.0,4.0,4.0,0.0,0.0,0.0,0.0,0.0,0.0,0.0,,0.0,0.0,0.0,0.0,0.0,0.0,,,,,,,,,,,,,,,,,,,,,,,
2023,2021013487,2023-09-23,600026.0,炭谷 銀仁朗,26.0,捕,376,1.0,1.0,4.0,3.0,0.0,0.0,0.0,0.0,0.0,0.0,0.0,,1.0,1.0,0.0,0.0,0.0,0.0,,,,,,,,,,,,,,,,,,,,,,,
2023,2021013487,2023-09-23,700065.0,岸 孝之,11.0,,376,,,,,,,,,,,,,,,,,,,1.0,1.0,,8.0,5.0,3.02,8.0,8.0,,,0.0,3.0,1.0,1.0,1.0,,0.0,5.0,1.0,,28.0,110.0,
2023,2021013487,2023-09-23,900056.0,浅村 栄斗,3.0,指,376,1.0,1.0,4.0,4.0,1.0,2.0,1.0,0.0,0.0,0.0,0.0,,0.0,1.0,0.0,0.0,0.0,0.0,,,,,,,,,,,,,,,,,,,,,,,
2023,2021013487,2023-09-23,900069.0,中島 卓也,9.0,遊,8,1.0,1.0,3.0,3.0,0.0,0.0,0.0,0.0,0.0,0.0,0.0,,0.0,1.0,0.0,0.0,0.0,0.0,,,,,,,,,,,,,,,,,,,,,,,
2023,2021013487,2023-09-23,1100099.0,上沢 直之,15.0,,8,,,,,,,,,,,,,,,,,,,1.0,1.0,,8.0,9.0,2.96,5.666666666666667,5.2,,,0.0,9.0,4.0,4.0,0.0,,0.0,3.0,0.0,,26.0,103.0,
2023,2021013487,2023-09-23,1100103.0,鈴木 大地,7.0,三,376,1.0,1.0,4.0,3.0,0.0,1.0,0.0,0.0,0.0,1.0,0.0,,1.0,0.0,0.0,0.0,0.0,0.0,,,,,,,,,,,,,,,,,,,,,,,
2023,2021013487,2023-09-23,1100130.0,岡島 豪郎,27.0,右,376,1.0,1.0,4.0,3.0,1.0,2.0,0.0,0.0,0.0,0.0,0.0,,0.0,0.0,0.0,1.0,0.0,0.0,,,,,,,,,,,,,,,,,,,,,,,
2023,2021013487,2023-09-23,1100132.0,島内 宏明,35.0,左,376,1.0,1.0,4.0,4.0,1.0,2.0,1.0,0.0,0.0,1.0,0.0,,0.0,0.0,0.0,0.0,0.0,0.0,,,,,,,,,,,,,,,,,,,,,,,
2023,2021013487,2023-09-23,1200100.0,伏見 寅威,23.0,捕,8,1.0,1.0,2.0,2.0,0.0,1.0,0.0,0.0,0.0,0.0,0.0,,0.0,0.0,0.0,0.0,0.0,0.0,,,,,,,,,,,,,,,,,,,,,,,
2023,2021013487,2023-09-23,1300084.0,松井 裕樹,1.0,,376,,,,,,,,,,,,,,,,,,,2.0,1.0,0.0,1.0,3.0,1.58,1.0,1.0,,,37.0,1.0,0.0,0.0,0.0,,1.0,0.0,0.0,,5.0,18.0,
2023,2021013487,2023-09-23,1400170.0,江越 大賀,37.0,中,8,1.0,1.0,3.0,3.0,0.0,0.0,0.0,0.0,0.0,0.0,0.0,,0.0,2.0,0.0,0.0,0.0,0.0,,,,,,,,,,,,,,,,,,,,,,,
2023,2021013487,2023-09-23,1600007.0,村林 一輝,66.0,遊,376,1.0,1.0,4.0,4.0,1.0,1.0,0.0,0.0,0.0,0.0,1.0,,0.0,0.0,0.0,0.0,0.0,0.0,,,,,,,,,,,,,,,,,,,,,,,
2023,2021013487,2023-09-23,1600094.0,田中 和基,25.0,左,376,1.0,0.0,0.0,0.0,0.0,0.0,0.0,0.0,0.0,0.0,0.0,,0.0,0.0,0.0,0.0,0.0,0.0,,,,,,,,,,,,,,,,,,,,,,,
2023,2021013487,2023-09-23,1700025.0,清宮 幸太郎,21.0,三,8,1.0,1.0,4.0,4.0,0.0,0.0,0.0,0.0,0.0,0.0,0.0,,0.0,1.0,0.0,0.0,0.0,0.0,,,,,,,,,,,,,,,,,,,,,,,
2023,2021013487,2023-09-23,1700034.0,山崎 剛,34.0,走三,376,1.0,0.0,0.0,0.0,0.0,0.0,0.0,0.0,0.0,0.0,0.0,,0.0,0.0,0.0,0.0,0.0,0.0,,,,,,,,,,,,,,,,,,,,,,,
2023,2021013487,2023-09-23,1800008.0,マルティネス,2.0,指,8,1.0,1.0,4.0,3.0,0.0,0.0,0.0,0.0,0.0,0.0,0.0,,1.0,0.0,0.0,0.0,0.0,0.0,,,,,,,,,,,,,,,,,,,,,,,
2023,2021013487,2023-09-23,1800091.0,野村 佑希,5.0,左,8,1.0,1.0,4.0,4.0,0.0,0.0,0.0,0.0,0.0,0.0,0.0,,0.0,0.0,0.0,0.0,0.0,0.0,,,,,,,,,,,,,,,,,,,,,,,
2023,2021013487,2023-09-23,1800093.0,万波 中正,66.0,右,8,1.0,1.0,4.0,4.0,1.0,2.0,0.0,0.0,1.0,1.0,0.0,,0.0,0.0,0.0,0.0,0.0,0.0,,,,,,,,,,,,,,,,,,,,,,,
2023,2021013487,2023-09-23,1800095.0,田宮 裕涼,64.0,捕,8,1.0,0.0,0.0,0.0,0.0,0.0,0.0,0.0,0.0,0.0,0.0,,0.0,0.0,0.0,0.0,0.0,0.0,,,,,,,,,,,,,,,,,,,,,,,
2023,2021013487,2023-09-23,1800096.0,福田 俊,40.0,,8,,,,,,,,,,,,,,,,,,,4.0,1.0,0.0,1.0,0.0,0.0,1.0,1.0,,,0.0,0.0,0.0,0.0,0.0,,1.0,0.0,0.0,,4.0,15.0,
2023,2021013487,2023-09-23,1800117.0,辰己 涼介,8.0,中,376,1.0,1.0,4.0,4.0,0.0,3.0,1.0,0.0,0.0,2.0,0.0,,0.0,0.0,0.0,0.0,0.0,0.0,,,,,,,,,,,,,,,,,,,,,,,
2023,2021013487,2023-09-23,1800127.0,王 柏融,99.0,打,8,1.0,0.0,1.0,1.0,0.0,0.0,0.0,0.0,0.0,0.0,0.0,,0.0,0.0,0.0,0.0,0.0,0.0,,,,,,,,,,,,,,,,,,,,,,,
2023,2021013487,2023-09-23,1850932.0,奈良間 大己,58.0,二,8,1.0,1.0,3.0,2.0,0.0,0.0,0.0,0.0,0.0,0.0,0.0,,0.0,1.0,1.0,0.0,0.0,0.0,,,,,,,,,,,,,,,,,,,,,,,
2023,2021013487,2023-09-23,1900040.0,郡司 裕也,30.0,打,8,1.0,0.0,1.0,1.0,0.0,0.0,0.0,0.0,0.0,0.0,0.0,,0.0,0.0,0.0,0.0,0.0,0.0,,,,,,,,,,,,,,,,,,,,,,,
2023,2021013487,2023-09-23,1900073.0,鈴木 健矢,47.0,,8,,,,,,,,,,,,,,,,,,,2.0,1.0,0.0,6.0,4.0,2.76,0.3333333333333333,0.1,,,0.0,0.0,0.0,0.0,0.0,,1.0,1.0,0.0,,2.0,12.0,
2023,2021013487,2023-09-23,1900112.0,小深田 大翔,0.0,二,376,1.0,1.0,4.0,4.0,0.0,0.0,0.0,0.0,0.0,0.0,0.0,,0.0,2.0,0.0,0.0,0.0,0.0,,,,,,,,,,,,,,,,,,,,,,,
2023,2021013487,2023-09-23,1961860.0,加藤 豪将,3.0,一,8,1.0,1.0,4.0,4.0,0.0,1.0,0.0,0.0,0.0,0.0,0.0,,0.0,0.0,0.0,0.0,0.0,0.0,,,,,,,,,,,,,,,,,,,,,,,
2023,2021013487,2023-09-23,2103731.0,長谷川 威展,53.0,,8,,,,,,,,,,,,,,,,,,,3.0,1.0,0.0,0.0,0.0,0.0,1.0,1.0,,,0.0,2.0,0.0,0.0,0.0,,0.0,0.0,0.0,,4.0,13.0,
2023,2021013488,2023-09-23,12102.0,栗山 巧,1.0,指,7,1.0,1.0,4.0,4.0,0.0,1.0,0.0,0.0,0.0,0.0,0.0,,0.0,1.0,0.0,0.0,0.0,0.0,,,,,,,,,,,,,,,,,,,,,,,
2023,2021013488,2023-09-23,700087.0,角中 勝也,3.0,左,9,1.0,1.0,4.0,4.0,1.0,3.0,0.0,0.0,1.0,1.0,0.0,,0.0,1.0,0.0,0.0,0.0,0.0,,,,,,,,,,,,,,,,,,,,,,,
2023,2021013488,2023-09-23,1000007.0,国吉 佑樹,92.0,,9,,,,,,,,,,,,,,,,,,,2.0,1.0,0.0,0.0,0.0,0.0,1.0,1.0,,,0.0,0.0,0.0,0.0,0.0,,1.0,1.0,0.0,,4.0,20.0,
2023,2021013488,2023-09-23,1000014.0,荻野 貴司,0.0,右,9,1.0,1.0,4.0,3.0,0.0,0.0,0.0,0.0,0.0,0.0,0.0,,0.0,1.0,1.0,0.0,0.0,0.0,,,,,,,,,,,,,,,,,,,,,,,
2023,2021013488,2023-09-23,1200096.0,田村 龍弘,27.0,捕,9,1.0,1.0,3.0,1.0,0.0,0.0,0.0,0.0,0.0,0.0,0.0,,1.0,0.0,0.0,1.0,0.0,0.0,,,,,,,,,,,,,,,,,,,,,,,
2023,2021013488,2023-09-23,1300054.0,井上 晴哉,44.0,一,9,1.0,1.0,4.0,4.0,0.0,0.0,0.0,0.0,0.0,0.0,0.0,,0.0,2.0,0.0,0.0,0.0,0.0,,,,,,,,,,,,,,,,,,,,,,,
2023,2021013488,2023-09-23,1400188.0,中村 奨吾,8.0,二,9,1.0,1.0,4.0,3.0,0.0,0.0,0.0,0.0,0.0,0.0,0.0,,1.0,1.0,0.0,0.0,0.0,0.0,,,,,,,,,,,,,,,,,,,,,,,
2023,2021013488,2023-09-23,1460080.0,ポランコ,22.0,指,9,1.0,1.0,4.0,4.0,0.0,0.0,0.0,0.0,0.0,0.0,0.0,,0.0,1.0,0.0,0.0,0.0,0.0,,,,,,,,,,,,,,,,,,,,,,,
2023,2021013488,2023-09-23,1500102.0,愛斗,53.0,右,7,1.0,1.0,4.0,3.0,0.0,0.0,0.0,0.0,0.0,0.0,0.0,,0.0,0.0,0.0,1.0,0.0,0.0,,,,,,,,,,,,,,,,,,,,,,,
2023,2021013488,2023-09-23,1600129.0,源田 壮亮,6.0,遊,7,1.0,1.0,3.0,3.0,1.0,2.0,0.0,0.0,0.0,1.0,0.0,,0.0,0.0,0.0,0.0,0.0,0.0,,,,,,,,,,,,,,,,,,,,,,,
2023,2021013488,2023-09-23,1600132.0,田村 伊知郎,40.0,,7,,,,,,,,,,,,,,,,,,,2.0,1.0,0.0,1.0,0.0,1.31,1.0,1.0,,,1.0,0.0,0.0,0.0,0.0,,0.0,2.0,0.0,,4.0,21.0,
2023,2021013488,2023-09-23,1600157.0,澤田 圭佑,66.0,,9,,,,,,,,,,,,,,,,,,,4.0,1.0,0.0,2.0,0.0,0.71,1.0,1.0,,,0.0,1.0,0.0,0.0,0.0,,1.0,0.0,0.0,,4.0,14.0,
2023,2021013488,2023-09-23,1700002.0,メルセデス,42.0,,9,,,,,,,,,,,,,,,,,,,1.0,1.0,,4.0,8.0,3.4,5.0,5.0,,,1.0,5.0,2.0,2.0,0.0,,1.0,6.0,0.0,,22.0,93.0,
2023,2021013488,2023-09-23,1700092.0,安田 尚憲,5.0,三,9,1.0,1.0,4.0,4.0,0.0,1.0,0.0,0.0,0.0,0.0,0.0,,0.0,0.0,0.0,0.0,0.0,0.0,,,,,,,,,,,,,,,,,,,,,,,
2023,2021013488,2023-09-23,1700122.0,西川 愛也,51.0,中,7,1.0,0.0,0.0,0.0,0.0,0.0,0.0,0.0,0.0,0.0,0.0,,0.0,0.0,0.0,0.0,0.0,0.0,,,,,,,,,,,,,,,,,,,,,,,
2023,2021013488,2023-09-23,1700124.0,平良 海馬,61.0,,7,,,,,,,,,,,,,,,,,,,1.0,1.0,,11.0,7.0,2.25,7.0,7.0,,,0.0,4.0,1.0,1.0,1.0,,2.0,3.0,1.0,,28.0,97.0,
2023,2021013488,2023-09-23,1800050.0,藤原 恭大,1.0,中,9,1.0,1.0,4.0,4.0,0.0,0.0,0.0,0.0,0.0,0.0,0.0,,0.0,0.0,0.0,0.0,0.0,0.0,,,,,,,,,,,,,,,,,,,,,,,
2023,2021013488,2023-09-23,1800082.0,山野辺 翔,4.0,走指,7,1.0,0.0,0.0,0.0,0.0,0.0,0.0,0.0,0.0,0.0,0.0,,0.0,0.0,0.0,0.0,0.0,0.0,,,,,,,,,,,,,,,,,,,,,,,
2023,2021013488,2023-09-23,1800086.0,佐藤 龍世,58.0,二,7,1.0,1.0,4.0,2.0,1.0,0.0,0.0,0.0,0.0,0.0,0.0,,2.0,2.0,0.0,0.0,0.0,1.0,,,,,,,,,,,,,,,,,,,,,,,
2023,2021013488,2023-09-23,1850820.0,蛭間 拓哉,9.0,左,7,1.0,1.0,4.0,4.0,0.0,0.0,0.0,0.0,0.0,1.0,0.0,,0.0,1.0,0.0,0.0,0.0,0.0,,,,,,,,,,,,,,,,,,,,,,,
2023,2021013488,2023-09-23,1900065.0,柘植 世那,37.0,捕,7,1.0,1.0,3.0,2.0,0.0,1.0,0.0,0.0,0.0,0.0,0.0,,0.0,1.0,0.0,1.0,0.0,0.0,,,,,,,,,,,,,,,,,,,,,,,
2023,2021013488,2023-09-23,1900068.0,岸 潤一郎,68.0,中左,7,1.0,1.0,4.0,4.0,0.0,2.0,0.0,0.0,0.0,0.0,0.0,,0.0,0.0,0.0,0.0,0.0,0.0,,,,,,,,,,,,,,,,,,,,,,,
2023,2021013488,2023-09-23,2000067.0,渡部 健人,8.0,三,7,1.0,1.0,3.0,3.0,0.0,0.0,0.0,0.0,0.0,0.0,0.0,,0.0,2.0,0.0,0.0,0.0,0.0,,,,,,,,,,,,,,,,,,,,,,,
2023,2021013488,2023-09-23,2000088.0,中森 俊介,56.0,,9,,,,,,,,,,,,,,,,,,,3.0,1.0,0.0,1.0,2.0,4.32,1.0,1.0,,,0.0,0.0,0.0,0.0,0.0,,0.0,1.0,0.0,,3.0,14.0,
2023,2021013488,2023-09-23,2060016.0,クリスキー,99.0,,7,,,,,,,,,,,,,,,,,,,3.0,1.0,0.0,0.0,0.0,2.25,1.0,1.0,,,6.0,0.0,0.0,0.0,0.0,,0.0,1.0,0.0,,3.0,15.0,
2023,2021013488,2023-09-23,2105684.0,児玉 亮涼,0.0,三,7,1.0,0.0,0.0,0.0,0.0,0.0,0.0,0.0,0.0,0.0,0.0,,0.0,0.0,0.0,0.0,0.0,0.0,,,,,,,,,,,,,,,,,,,,,,,
2023,2021013488,2023-09-23,2106798.0,友杉 篤輝,10.0,遊,9,1.0,1.0,4.0,4.0,0.0,0.0,0.0,0.0,0.0,0.0,1.0,,0.0,0.0,0.0,0.0,0.0,0.0,,,,,,,,,,,,,,,,,,,,,,,
2023,2021013488,2023-09-23,2108196.0,マキノン,30.0,一,7,1.0,1.0,4.0,3.0,0.0,0.0,0.0,0.0,0.0,0.0,0.0,,1.0,1.0,0.0,0.0,0.0,0.0,,,,,,,,,,,,,,,,,,,,,,,
2023,2021013489,2023-09-23,600024.0,T-岡田,55.0,一,11,1.0,1.0,3.0,2.0,1.0,0.0,0.0,0.0,0.0,1.0,0.0,,0.0,0.0,0.0,0.0,1.0,0.0,,,,,,,,,,,,,,,,,,,,,,,
2023,2021013489,2023-09-23,800081.0,中村 晃,7.0,打,12,1.0,0.0,1.0,0.0,0.0,0.0,0.0,0.0,0.0,0.0,0.0,,1.0,0.0,0.0,0.0,0.0,0.0,,,,,,,,,,,,,,,,,,,,,,,
2023,2021013489,2023-09-23,1000035.0,今宮 健太,6.0,遊,12,1.0,1.0,4.0,3.0,1.0,1.0,0.0,0.0,1.0,1.0,0.0,,1.0,0.0,0.0,0.0,0.0,0.0,,,,,,,,,,,,,,,,,,,,,,,
2023,2021013489,2023-09-23,1000128.0,柳田 悠岐,9.0,指,12,1.0,1.0,4.0,4.0,0.0,0.0,0.0,0.0,0.0,0.0,0.0,,0.0,1.0,0.0,0.0,0.0,0.0,,,,,,,,,,,,,,,,,,,,,,,
2023,2021013489,2023-09-23,1000176.0,甲斐 拓也,19.0,捕,12,1.0,1.0,2.0,2.0,0.0,0.0,0.0,0.0,0.0,0.0,0.0,,0.0,0.0,0.0,0.0,0.0,0.0,,,,,,,,,,,,,,,,,,,,,,,
2023,2021013489,2023-09-23,1100097.0,近藤 健介,3.0,左,12,1.0,1.0,4.0,3.0,0.0,0.0,0.0,0.0,0.0,0.0,0.0,,1.0,3.0,0.0,0.0,0.0,0.0,,,,,,,,,,,,,,,,,,,,,,,
2023,2021013489,2023-09-23,1100105.0,安達 了一,3.0,打一二,11,1.0,0.0,2.0,1.0,0.0,0.0,0.0,0.0,0.0,0.0,0.0,,0.0,0.0,0.0,1.0,0.0,0.0,,,,,,,,,,,,,,,,,,,,,,,
2023,2021013489,2023-09-23,1300063.0,又吉 克樹,14.0,,12,,,,,,,,,,,,,,,,,,,3.0,1.0,0.0,2.0,2.0,2.66,0.6666666666666666,0.2,,,0.0,1.0,1.0,1.0,0.0,,0.0,1.0,0.0,,3.0,10.0,
2023,2021013489,2023-09-23,1300077.0,森 唯斗,38.0,,12,,,,,,,,,,,,,,,,,,,1.0,1.0,,2.0,3.0,4.6,3.333333333333333,3.1,,,0.0,6.0,4.0,4.0,0.0,,4.0,2.0,0.0,,20.0,97.0,
2023,2021013489,2023-09-23,1300093.0,嶺井 博希,12.0,打捕,12,1.0,0.0,1.0,1.0,0.0,0.0,0.0,0.0,0.0,0.0,0.0,,0.0,0.0,0.0,0.0,0.0,0.0,,,,,,,,,,,,,,,,,,,,,,,
2023,2021013489,2023-09-23,1300100.0,森 友哉,4.0,指,11,1.0,1.0,5.0,4.0,1.0,2.0,0.0,0.0,0.0,1.0,0.0,,1.0,0.0,0.0,0.0,0.0,0.0,,,,,,,,,,,,,,,,,,,,,,,
2023,2021013489,2023-09-23,1300109.0,若月 健矢,2.0,捕,11,1.0,1.0,4.0,4.0,1.0,3.0,1.0,0.0,0.0,2.0,0.0,,0.0,1.0,0.0,0.0,0.0,0.0,,,,,,,,,,,,,,,,,,,,,,,
2023,2021013489,2023-09-23,1400129.0,笠谷 俊介,67.0,,12,,,,,,,,,,,,,,,,,,,2.0,1.0,0.0,0.0,0.0,1.59,3.0,3.0,,,0.0,2.0,1.0,1.0,0.0,,1.0,2.0,0.0,,11.0,39.0,
2023,2021013489,2023-09-23,1400196.0,宗 佑磨,6.0,三,11,1.0,1.0,5.0,3.0,0.0,0.0,0.0,0.0,0.0,0.0,0.0,,2.0,0.0,0.0,0.0,0.0,0.0,,,,,,,,,,,,,,,,,,,,,,,
2023,2021013489,2023-09-23,1500041.0,廣岡 大志,30.0,走右一,11,1.0,0.0,1.0,1.0,0.0,0.0,0.0,0.0,0.0,0.0,0.0,,0.0,0.0,0.0,0.0,0.0,0.0,,,,,,,,,,,,,,,,,,,,,,,
2023,2021013489,2023-09-23,1500135.0,杉本 裕太郎,99.0,左,11,1.0,1.0,4.0,3.0,1.0,1.0,0.0,0.0,0.0,0.0,0.0,,1.0,1.0,0.0,0.0,0.0,0.0,,,,,,,,,,,,,,,,,,,,,,,
2023,2021013489,2023-09-23,1500143.0,川瀬 晃,0.0,二,12,1.0,0.0,1.0,1.0,0.0,0.0,0.0,0.0,0.0,0.0,0.0,,0.0,0.0,0.0,0.0,0.0,0.0,,,,,,,,,,,,,,,,,,,,,,,
2023,2021013489,2023-09-23,1600167.0,三森 大貴,13.0,二,12,1.0,1.0,2.0,2.0,0.0,0.0,0.0,0.0,0.0,0.0,0.0,,0.0,0.0,0.0,0.0,0.0,0.0,,,,,,,,,,,,,,,,,,,,,,,
2023,2021013489,2023-09-23,1700109.0,田嶋 大樹,29.0,,11,,,,,,,,,,,,,,,,,,,1.0,1.0,,6.0,3.0,3.21,8.0,8.0,,,0.0,6.0,1.0,1.0,1.0,,1.0,8.0,0.0,,30.0,103.0,
2023,2021013489,2023-09-23,1700111.0,福田 周平,1.0,中左,11,1.0,1.0,5.0,5.0,1.0,2.0,0.0,0.0,0.0,0.0,0.0,,0.0,0.0,0.0,0.0,0.0,0.0,,,,,,,,,,,,,,,,,,,,,,,
2023,2021013489,2023-09-23,1700131.0,増田 珠,33.0,打,12,1.0,0.0,1.0,1.0,0.0,0.0,0.0,0.0,0.0,0.0,0.0,,0.0,1.0,0.0,0.0,0.0,0.0,,,,,,,,,,,,,,,,,,,,,,,
2023,2021013489,2023-09-23,1700133.0,田浦 文丸,56.0,,12,,,,,,,,,,,,,,,,,,,4.0,1.0,0.0,2.0,1.0,2.38,1.0,1.0,,,0.0,1.0,0.0,0.0,0.0,,1.0,0.0,0.0,,5.0,14.0,
2023,2021013489,2023-09-23,1700135.0,周東 佑京,23.0,中,12,1.0,1.0,4.0,4.0,0.0,2.0,0.0,0.0,0.0,0.0,1.0,,0.0,1.0,0.0,0.0,0.0,0.0,,,,,,,,,,,,,,,,,,,,,,,
2023,2021013489,2023-09-23,1751068.0,野口 智哉,9.0,右中,11,1.0,1.0,4.0,3.0,0.0,0.0,0.0,0.0,0.0,0.0,0.0,,1.0,1.0,0.0,0.0,0.0,0.0,,,,,,,,,,,,,,,,,,,,,,,
2023,2021013489,2023-09-23,1800102.0,宜保 翔,53.0,二,11,1.0,1.0,3.0,3.0,0.0,0.0,0.0,0.0,0.0,0.0,0.0,,0.0,1.0,0.0,0.0,0.0,0.0,,,,,,,,,,,,,,,,,,,,,,,
2023,2021013489,2023-09-23,1800106.0,甲斐野 央,20.0,,12,,,,,,,,,,,,,,,,,,,5.0,1.0,0.0,2.0,1.0,2.33,1.0,1.0,,,2.0,0.0,0.0,0.0,0.0,,0.0,0.0,0.0,,3.0,9.0,
2023,2021013489,2023-09-23,1800108.0,野村 大樹,55.0,一,12,1.0,1.0,3.0,3.0,0.0,1.0,1.0,0.0,0.0,0.0,0.0,,0.0,1.0,0.0,0.0,0.0,0.0,,,,,,,,,,,,,,,,,,,,,,,
2023,2021013489,2023-09-23,1900088.0,紅林 弘太郎,24.0,遊,11,1.0,1.0,5.0,5.0,1.0,2.0,1.0,0.0,0.0,2.0,0.0,,0.0,1.0,0.0,0.0,0.0,0.0,,,,,,,,,,,,,,,,,,,,,,,
2023,2021013489,2023-09-23,1900104.0,柳町 達,32.0,右,12,1.0,1.0,4.0,4.0,0.0,0.0,0.0,0.0,0.0,0.0,0.0,,0.0,2.0,0.0,0.0,0.0,0.0,,,,,,,,,,,,,,,,,,,,,,,
2023,2021013489,2023-09-23,1961077.0,ワゲスパック,58.0,,11,,,,,,,,,,,,,,,,,,,2.0,1.0,0.0,4.0,7.0,5.75,1.0,1.0,,,2.0,0.0,0.0,0.0,0.0,,2.0,2.0,0.0,,5.0,22.0,
2023,2021013489,2023-09-23,2000108.0,井上 朋也,43.0,三,12,1.0,1.0,4.0,4.0,0.0,2.0,1.0,0.0,0.0,0.0,0.0,,0.0,1.0,0.0,0.0,0.0,0.0,,,,,,,,,,,,,,,,,,,,,,,
2023,2021013489,2023-09-23,2103747.0,渡部 遼人,0.0,走右,11,1.0,0.0,0.0,0.0,0.0,0.0,0.0,0.0,0.0,0.0,0.0,,0.0,0.0,0.0,0.0,0.0,0.0,,,,,,,,,,,,,,,,,,,,,,,
2023,2021013489,2023-09-23,2108913.0,セデーニョ,40.0,打,11,1.0,0.0,1.0,0.0,0.0,0.0,0.0,0.0,0.0,0.0,0.0,,1.0,0.0,0.0,0.0,0.0,0.0,,,,,,,,,,,,,,,,,,,,,,,
2023,2021013490,2023-09-24,500051.0,藤田 一也,23.0,打,3,1.0,0.0,1.0,1.0,0.0,1.0,0.0,0.0,0.0,0.0,0.0,,0.0,0.0,0.0,0.0,0.0,0.0,,,,,,,,,,,,,,,,,,,,,,,
2023,2021013490,2023-09-24,700003.0,坂本 勇人,6.0,三,1,1.0,1.0,5.0,5.0,2.0,3.0,0.0,0.0,2.0,5.0,0.0,,0.0,0.0,0.0,0.0,0.0,0.0,,,,,,,,,,,,,,,,,,,,,,,
2023,2021013490,2023-09-24,700027.0,梶谷 隆幸,13.0,打左,1,1.0,0.0,1.0,1.0,0.0,0.0,0.0,0.0,0.0,0.0,0.0,,0.0,0.0,0.0,0.0,0.0,0.0,,,,,,,,,,,,,,,,,,,,,,,
2023,2021013490,2023-09-24,800043.0,丸 佳浩,8.0,右,1,1.0,1.0,4.0,4.0,0.0,1.0,0.0,0.0,0.0,0.0,0.0,,0.0,0.0,0.0,0.0,0.0,0.0,,,,,,,,,,,,,,,,,,,,,,,
2023,2021013490,2023-09-24,800075.0,伊藤 光,29.0,捕,3,1.0,0.0,0.0,0.0,0.0,0.0,0.0,0.0,0.0,0.0,0.0,,0.0,0.0,0.0,0.0,0.0,0.0,,,,,,,,,,,,,,,,,,,,,,,
2023,2021013490,2023-09-24,900011.0,大田 泰示,0.0,打,3,1.0,0.0,1.0,1.0,0.0,0.0,0.0,0.0,0.0,0.0,0.0,,0.0,1.0,0.0,0.0,0.0,0.0,,,,,,,,,,,,,,,,,,,,,,,
2023,2021013490,2023-09-24,900397.0,長野 久義,7.0,左,1,1.0,1.0,4.0,4.0,1.0,2.0,0.0,0.0,0.0,0.0,0.0,,0.0,1.0,0.0,0.0,0.0,0.0,,,,,,,,,,,,,,,,,,,,,,,
2023,2021013490,2023-09-24,1100061.0,桑原 将志,1.0,中,3,1.0,1.0,4.0,4.0,0.0,2.0,0.0,0.0,0.0,0.0,0.0,,0.0,0.0,0.0,0.0,0.0,0.0,,,,,,,,,,,,,,,,,,,,,,,
2023,2021013490,2023-09-24,1200049.0,三嶋 一輝,17.0,投,3,1.0,0.0,0.0,0.0,0.0,0.0,0.0,0.0,0.0,0.0,0.0,,0.0,0.0,0.0,0.0,0.0,0.0,4.0,1.0,0.0,3.0,1.0,4.84,1.0,1.0,,,0.0,2.0,3.0,3.0,1.0,,1.0,0.0,0.0,,6.0,21.0,
2023,2021013490,2023-09-24,1200053.0,宮崎 敏郎,51.0,三,3,1.0,1.0,4.0,4.0,0.0,0.0,0.0,0.0,0.0,0.0,0.0,,0.0,0.0,0.0,0.0,0.0,1.0,,,,,,,,,,,,,,,,,,,,,,,
2023,2021013490,2023-09-24,1300038.0,関根 大気,63.0,右,3,1.0,1.0,3.0,3.0,0.0,0.0,0.0,0.0,0.0,0.0,0.0,,0.0,1.0,0.0,0.0,0.0,0.0,,,,,,,,,,,,,,,,,,,,,,,
2023,2021013490,2023-09-24,1400101.0,岡本 和真,25.0,一,1,1.0,1.0,5.0,4.0,1.0,1.0,1.0,0.0,0.0,0.0,0.0,,1.0,1.0,0.0,0.0,0.0,0.0,,,,,,,,,,,,,,,,,,,,,,,
2023,2021013490,2023-09-24,1500054.0,増田 大輝,0.0,左,1,1.0,0.0,0.0,0.0,0.0,0.0,0.0,0.0,0.0,0.0,0.0,,0.0,0.0,0.0,0.0,0.0,0.0,,,,,,,,,,,,,,,,,,,,,,,
2023,2021013490,2023-09-24,1500061.0,今永 昇太,21.0,投,3,1.0,1.0,1.0,0.0,0.0,0.0,0.0,0.0,0.0,0.0,0.0,,0.0,0.0,0.0,1.0,0.0,0.0,1.0,1.0,,7.0,4.0,2.79,6.0,6.0,,,0.0,7.0,3.0,3.0,1.0,,2.0,7.0,0.0,,27.0,101.0,
2023,2021013490,2023-09-24,1500064.0,戸柱 恭孝,10.0,打,3,1.0,0.0,1.0,1.0,0.0,0.0,0.0,0.0,0.0,0.0,0.0,,0.0,1.0,0.0,0.0,0.0,0.0,,,,,,,,,,,,,,,,,,,,,,,
2023,2021013490,2023-09-24,1600059.0,吉川 尚輝,2.0,二,1,1.0,0.0,1.0,1.0,1.0,1.0,0.0,0.0,0.0,0.0,0.0,,0.0,0.0,0.0,0.0,0.0,0.0,,,,,,,,,,,,,,,,,,,,,,,
2023,2021013490,2023-09-24,1600089.0,佐野 恵太,7.0,左,3,1.0,1.0,4.0,4.0,0.0,1.0,1.0,0.0,0.0,0.0,0.0,,0.0,0.0,0.0,0.0,0.0,0.0,,,,,,,,,,,,,,,,,,,,,,,
2023,2021013490,2023-09-24,1700006.0,エスコバー,62.0,投,3,1.0,0.0,0.0,0.0,0.0,0.0,0.0,0.0,0.0,0.0,0.0,,0.0,0.0,0.0,0.0,0.0,0.0,3.0,1.0,0.0,2.0,1.0,4.8,1.0,1.0,,,0.0,0.0,0.0,0.0,0.0,,1.0,2.0,0.0,,4.0,17.0,
2023,2021013490,2023-09-24,1700020.0,ソト,99.0,一,3,1.0,1.0,4.0,4.0,0.0,0.0,0.0,0.0,0.0,0.0,0.0,,0.0,2.0,0.0,0.0,0.0,0.0,,,,,,,,,,,,,,,,,,,,,,,
2023,2021013490,2023-09-24,1700044.0,大城 卓三,24.0,捕,1,1.0,1.0,4.0,2.0,0.0,0.0,0.0,0.0,0.0,0.0,0.0,,1.0,2.0,0.0,1.0,0.0,0.0,,,,,,,,,,,,,,,,,,,,,,,
2023,2021013490,2023-09-24,1700045.0,北村 拓己,52.0,二,1,1.0,1.0,3.0,2.0,0.0,0.0,0.0,0.0,0.0,0.0,0.0,,1.0,0.0,0.0,0.0,0.0,0.0,,,,,,,,,,,,,,,,,,,,,,,
2023,2021013490,2023-09-24,1700065.0,楠本 泰史,37.0,打右,3,1.0,0.0,1.0,1.0,0.0,1.0,0.0,0.0,0.0,0.0,0.0,,0.0,0.0,0.0,0.0,0.0,0.0,,,,,,,,,,,,,,,,,,,,,,,
2023,2021013490,2023-09-24,1700066.0,山本 祐大,50.0,捕,3,1.0,1.0,2.0,2.0,0.0,0.0,0.0,0.0,0.0,0.0,0.0,,0.0,1.0,0.0,0.0,0.0,0.0,,,,,,,,,,,,,,,,,,,,,,,
2023,2021013490,2023-09-24,1800028.0,戸郷 翔征,20.0,投,1,1.0,1.0,4.0,3.0,0.0,0.0,0.0,0.0,0.0,0.0,0.0,,0.0,3.0,0.0,1.0,0.0,0.0,1.0,1.0,,12.0,5.0,2.48,9.0,9.0,,,0.0,6.0,0.0,0.0,0.0,,0.0,7.0,2.0,,33.0,113.0,
2023,2021013490,2023-09-24,1850208.0,林 琢真,0.0,遊,3,1.0,1.0,3.0,3.0,0.0,1.0,0.0,0.0,0.0,0.0,0.0,,0.0,1.0,0.0,0.0,0.0,0.0,,,,,,,,,,,,,,,,,,,,,,,
2023,2021013490,2023-09-24,1860031.0,ブリンソン,42.0,中,1,1.0,1.0,4.0,3.0,0.0,0.0,0.0,0.0,0.0,1.0,0.0,,0.0,3.0,0.0,0.0,1.0,0.0,,,,,,,,,,,,,,,,,,,,,,,
2023,2021013490,2023-09-24,1900032.0,伊勢 大夢,13.0,投,3,1.0,0.0,0.0,0.0,0.0,0.0,0.0,0.0,0.0,0.0,0.0,,0.0,0.0,0.0,0.0,0.0,0.0,2.0,1.0,0.0,3.0,6.0,3.35,1.0,1.0,,,2.0,0.0,0.0,0.0,0.0,,0.0,2.0,0.0,,3.0,9.0,
2023,2021013490,2023-09-24,2000007.0,中山 礼都,40.0,三,1,1.0,0.0,0.0,0.0,0.0,0.0,0.0,0.0,0.0,0.0,0.0,,0.0,0.0,0.0,0.0,0.0,0.0,,,,,,,,,,,,,,,,,,,,,,,
2023,2021013490,2023-09-24,2000035.0,牧 秀悟,2.0,二,3,1.0,1.0,4.0,2.0,0.0,0.0,0.0,0.0,0.0,0.0,0.0,,0.0,0.0,2.0,0.0,0.0,0.0,,,,,,,,,,,,,,,,,,,,,,,
2023,2021013490,2023-09-24,2107874.0,門脇 誠,35.0,遊,1,1.0,1.0,5.0,3.0,1.0,1.0,0.0,0.0,0.0,0.0,0.0,,1.0,1.0,0.0,1.0,0.0,0.0,,,,,,,,,,,,,,,,,,,,,,,
2023,2021013491,2023-09-12,900410.0,大島 洋平,8.0,左,4,1.0,1.0,4.0,4.0,0.0,2.0,0.0,0.0,0.0,0.0,0.0,,0.0,0.0,0.0,0.0,0.0,0.0,,,,,,,,,,,,,,,,,,,,,,,
2023,2021013491,2023-09-12,1000108.0,後藤 駿太,53.0,打左,4,1.0,0.0,2.0,1.0,0.0,0.0,0.0,0.0,0.0,0.0,0.0,,0.0,0.0,0.0,1.0,0.0,0.0,,,,,,,,,,,,,,,,,,,,,,,
2023,2021013491,2023-09-12,1200097.0,加藤 翔平,52.0,打,4,1.0,0.0,1.0,1.0,0.0,0.0,0.0,0.0,0.0,0.0,0.0,,0.0,1.0,0.0,0.0,0.0,0.0,,,,,,,,,,,,,,,,,,,,,,,
2023,2021013491,2023-09-12,1300066.0,祖父江 大輔,33.0,投,4,1.0,0.0,0.0,0.0,0.0,0.0,0.0,0.0,0.0,0.0,0.0,,0.0,0.0,0.0,0.0,0.0,0.0,6.0,1.0,0.0,3.0,5.0,3.69,0.3333333333333333,0.1,,,0.0,0.0,0.0,0.0,0.0,,0.0,0.0,0.0,,1.0,2.0,Sobue Daisuke
2023,2021013491,2023-09-12,1500049.0,宇佐見 真吾,39.0,打,4,1.0,0.0,1.0,1.0,0.0,0.0,0.0,0.0,0.0,0.0,0.0,,0.0,0.0,0.0,0.0,0.0,0.0,,,,,,,,,,,,,,,,,,,,,,,
2023,2021013491,2023-09-12,1500076.0,木下 拓哉,35.0,捕,4,1.0,1.0,5.0,5.0,0.0,1.0,0.0,0.0,0.0,0.0,0.0,,0.0,0.0,0.0,0.0,0.0,0.0,,,,,,,,,,,,,,,,,,,,,,,
2023,2021013491,2023-09-12,1500077.0,福 敬登,34.0,投,4,1.0,0.0,0.0,0.0,0.0,0.0,0.0,0.0,0.0,0.0,0.0,,0.0,0.0,0.0,0.0,0.0,0.0,5.0,1.0,0.0,1.0,0.0,2.76,0.6666666666666666,0.2,,,0.0,0.0,0.0,0.0,0.0,,1.0,0.0,0.0,,3.0,16.0,Fuku Takashi Tou
2023,2021013491,2023-09-12,1500087.0,坂本 誠志郎,12.0,捕,5,1.0,1.0,5.0,5.0,0.0,0.0,0.0,0.0,0.0,0.0,0.0,,0.0,2.0,0.0,0.0,0.0,0.0,,,,,,,,,,,,,,,,,,,,,,,
2023,2021013491,2023-09-12,1560639.0,カリステ,99.0,遊,4,1.0,1.0,5.0,5.0,0.0,1.0,0.0,0.0,0.0,0.0,0.0,,0.0,2.0,0.0,0.0,0.0,0.0,,,,,,,,,,,,,,,,,,,,,,,
2023,2021013491,2023-09-12,1600021.0,ビシエド,66.0,一,4,1.0,1.0,5.0,5.0,0.0,1.0,0.0,0.0,0.0,0.0,0.0,,0.0,1.0,0.0,0.0,0.0,0.0,,,,,,,,,,,,,,,,,,,,,,,
2023,2021013491,2023-09-12,1600085.0,細川 成也,0.0,右,4,1.0,1.0,5.0,5.0,0.0,0.0,0.0,0.0,0.0,0.0,0.0,,0.0,2.0,0.0,0.0,0.0,0.0,,,,,,,,,,,,,,,,,,,,,,,
2023,2021013491,2023-09-12,1600106.0,柳 裕也,17.0,投,4,1.0,1.0,2.0,1.0,0.0,0.0,0.0,0.0,0.0,0.0,0.0,,1.0,1.0,0.0,0.0,0.0,0.0,1.0,1.0,,4.0,11.0,2.44,8.0,8.0,,,0.0,3.0,0.0,0.0,0.0,,0.0,4.0,0.0,,25.0,111.0,Ryuu Yuuya
2023,2021013491,2023-09-12,1600108.0,石垣 雅海,32.0,二,4,1.0,0.0,2.0,2.0,0.0,1.0,0.0,0.0,0.0,0.0,0.0,,0.0,0.0,0.0,0.0,0.0,0.0,,,,,,,,,,,,,,,,,,,,,,,
2023,2021013491,2023-09-12,1600110.0,藤嶋 健人,54.0,投,4,1.0,0.0,0.0,0.0,0.0,0.0,0.0,0.0,0.0,0.0,0.0,,0.0,0.0,0.0,0.0,0.0,0.0,3.0,1.0,0.0,1.0,1.0,1.11,1.0,1.0,,,3.0,1.0,0.0,0.0,0.0,,2.0,1.0,0.0,,6.0,31.0,Fujishima Taketo
2023,2021013491,2023-09-12,1600113.0,大山 悠輔,3.0,一,5,1.0,1.0,5.0,4.0,0.0,0.0,0.0,0.0,0.0,0.0,0.0,,1.0,1.0,0.0,0.0,0.0,0.0,,,,,,,,,,,,,,,,,,,,,,,
2023,2021013491,2023-09-12,1600115.0,才木 浩人,35.0,投,5,1.0,1.0,3.0,3.0,0.0,0.0,0.0,0.0,0.0,0.0,0.0,,0.0,2.0,0.0,0.0,0.0,0.0,1.0,1.0,,8.0,5.0,1.87,10.0,10.0,,,0.0,5.0,0.0,0.0,0.0,,3.0,7.0,0.0,,38.0,130.0,Sai Moku Hiroto
2023,2021013491,2023-09-12,1700079.0,熊谷 敬宥,4.0,走,5,1.0,0.0,0.0,0.0,0.0,0.0,0.0,0.0,0.0,0.0,0.0,,0.0,0.0,0.0,0.0,0.0,0.0,,,,,,,,,,,,,,,,,,,,,,,
2023,2021013491,2023-09-12,1700080.0,島田 海吏,53.0,走中,5,1.0,0.0,2.0,0.0,0.0,0.0,0.0,0.0,0.0,0.0,0.0,,1.0,0.0,0.0,1.0,0.0,0.0,,,,,,,,,,,,,,,,,,,,,,,
2023,2021013491,2023-09-12,1750223.0,村松 開人,5.0,打,4,1.0,0.0,1.0,1.0,0.0,0.0,0.0,0.0,0.0,0.0,0.0,,0.0,0.0,0.0,0.0,0.0,0.0,,,,,,,,,,,,,,,,,,,,,,,
2023,2021013491,2023-09-12,1800061.0,勝野 昌慶,41.0,投,4,1.0,0.0,0.0,0.0,0.0,0.0,0.0,0.0,0.0,0.0,0.0,,0.0,0.0,0.0,0.0,0.0,0.0,2.0,1.0,0.0,5.0,2.0,2.17,1.0,1.0,,,0.0,0.0,0.0,0.0,0.0,,0.0,2.0,0.0,,3.0,11.0,Katsuno Shoukei
2023,2021013491,2023-09-12,1800066.0,小幡 竜平,38.0,打遊,5,1.0,0.0,1.0,1.0,0.0,0.0,0.0,0.0,0.0,0.0,0.0,,0.0,1.0,0.0,0.0,0.0,0.0,,,,,,,,,,,,,,,,,,,,,,,
2023,2021013491,2023-09-12,1800067.0,木浪 聖也,0.0,遊,5,1.0,1.0,4.0,3.0,0.0,0.0,0.0,0.0,0.0,0.0,0.0,,0.0,1.0,1.0,0.0,0.0,0.0,,,,,,,,,,,,,,,,,,,,,,,
2023,2021013491,2023-09-12,1850183.0,森下 翔太,1.0,右,5,1.0,1.0,5.0,4.0,0.0,0.0,0.0,0.0,0.0,0.0,1.0,,1.0,1.0,0.0,0.0,0.0,0.0,,,,,,,,,,,,,,,,,,,,,,,
2023,2021013491,2023-09-12,1900037.0,石川 昂弥,25.0,三,4,1.0,1.0,5.0,4.0,0.0,0.0,0.0,0.0,0.0,0.0,0.0,,1.0,0.0,0.0,0.0,0.0,0.0,,,,,,,,,,,,,,,,,,,,,,,
2023,2021013491,2023-09-12,1900041.0,岡林 勇希,60.0,中,4,1.0,1.0,5.0,3.0,0.0,0.0,0.0,0.0,0.0,0.0,0.0,,1.0,0.0,0.0,1.0,0.0,0.0,,,,,,,,,,,,,,,,,,,,,,,
2023,2021013491,2023-09-12,1900050.0,小野寺 暖,60.0,中左,5,1.0,1.0,5.0,4.0,0.0,1.0,0.0,0.0,0.0,0.0,0.0,,1.0,0.0,0.0,0.0,0.0,0.0,,,,,,,,,,,,,,,,,,,,,,,
2023,2021013491,2023-09-12,1960349.0,ブルワー,98.0,投,5,1.0,0.0,0.0,0.0,0.0,0.0,0.0,0.0,0.0,0.0,0.0,,0.0,0.0,0.0,0.0,0.0,0.0,3.0,1.0,0.0,0.0,1.0,1.86,0.6666666666666666,0.2,,,0.0,0.0,0.0,0.0,0.0,,0.0,0.0,0.0,,2.0,8.0,Buruwaa
2023,2021013491,2023-09-12,1961285.0,ノイジー,7.0,左,5,1.0,1.0,3.0,3.0,0.0,1.0,0.0,0.0,0.0,0.0,0.0,,0.0,0.0,0.0,0.0,0.0,0.0,,,,,,,,,,,,,,,,,,,,,,,
2023,2021013491,2023-09-12,2000044.0,龍空,45.0,二,4,1.0,1.0,2.0,2.0,0.0,0.0,0.0,0.0,0.0,0.0,0.0,,0.0,1.0,0.0,0.0,0.0,0.0,,,,,,,,,,,,,,,,,,,,,,,
2023,2021013491,2023-09-12,2000047.0,三好 大倫,30.0,走,4,1.0,0.0,0.0,0.0,0.0,0.0,0.0,0.0,0.0,0.0,0.0,,0.0,0.0,0.0,0.0,0.0,0.0,,,,,,,,,,,,,,,,,,,,,,,
2023,2021013491,2023-09-12,2000051.0,佐藤 輝明,8.0,三,5,1.0,1.0,5.0,5.0,0.0,0.0,0.0,0.0,0.0,0.0,0.0,,0.0,0.0,0.0,0.0,0.0,1.0,,,,,,,,,,,,,,,,,,,,,,,
2023,2021013491,2023-09-12,2000056.0,中野 拓夢,51.0,二,5,1.0,1.0,5.0,5.0,0.0,2.0,0.0,0.0,0.0,0.0,0.0,,0.0,2.0,0.0,0.0,0.0,0.0,,,,,,,,,,,,,,,,,,,,,,,
2023,2021013491,2023-09-12,2000058.0,石井 大智,69.0,投,5,1.0,0.0,0.0,0.0,0.0,0.0,0.0,0.0,0.0,0.0,0.0,,0.0,0.0,0.0,0.0,0.0,0.0,2.0,1.0,0.0,1.0,1.0,1.15,1.0,1.0,,,0.0,1.0,0.0,0.0,0.0,,0.0,0.0,0.0,,4.0,14.0,Ishii Taichi
2023,2021013491,2023-09-12,2103707.0,桐敷 拓馬,47.0,投,5,1.0,0.0,0.0,0.0,0.0,0.0,0.0,0.0,0.0,0.0,0.0,,0.0,0.0,0.0,0.0,0.0,0.0,4.0,1.0,0.0,2.0,0.0,1.88,0.3333333333333333,0.1,,,0.0,0.0,0.0,0.0,0.0,,0.0,1.0,0.0,,1.0,7.0,Kirishiki Takuma
2023,2021013491,2023-09-12,2107869.0,松山 晋也,90.0,投,4,1.0,0.0,0.0,0.0,0.0,0.0,0.0,0.0,0.0,0.0,0.0,,0.0,0.0,0.0,0.0,0.0,0.0,4.0,1.0,0.0,0.0,1.0,1.11,1.0,1.0,,,0.0,0.0,0.0,0.0,0.0,,1.0,3.0,1.0,,5.0,31.0,Matsuyama Shin'Ya
2023,2021013492,2023-09-24,700050.0,會澤 翼,27.0,捕,6,1.0,1.0,2.0,2.0,0.0,0.0,0.0,0.0,0.0,0.0,0.0,,0.0,2.0,0.0,0.0,0.0,0.0,,,,,,,,,,,,,,,,,,,,,,,
2023,2021013492,2023-09-24,900044.0,中村 悠平,27.0,捕,2,1.0,1.0,4.0,3.0,0.0,1.0,0.0,0.0,0.0,0.0,0.0,,1.0,0.0,0.0,0.0,0.0,0.0,,,,,,,,,,,,,,,,,,,,,,,
2023,2021013492,2023-09-24,900430.0,堂林 翔太,7.0,左一,6,1.0,1.0,4.0,4.0,0.0,0.0,0.0,0.0,0.0,0.0,0.0,,0.0,1.0,0.0,0.0,0.0,0.0,,,,,,,,,,,,,,,,,,,,,,,
2023,2021013492,2023-09-24,1000132.0,山田 哲人,1.0,二,2,1.0,1.0,4.0,3.0,1.0,1.0,0.0,1.0,0.0,1.0,0.0,,1.0,1.0,0.0,0.0,0.0,0.0,,,,,,,,,,,,,,,,,,,,,,,
2023,2021013492,2023-09-24,1100082.0,菊池 涼介,33.0,二,6,1.0,1.0,4.0,3.0,0.0,0.0,0.0,0.0,0.0,0.0,0.0,,1.0,1.0,0.0,0.0,0.0,0.0,,,,,,,,,,,,,,,,,,,,,,,
2023,2021013492,2023-09-24,1200070.0,上本 崇司,0.0,中,6,1.0,1.0,4.0,3.0,0.0,0.0,0.0,0.0,0.0,0.0,0.0,,0.0,0.0,0.0,1.0,0.0,0.0,,,,,,,,,,,,,,,,,,,,,,,
2023,2021013492,2023-09-24,1200076.0,小川 泰弘,29.0,投,2,1.0,1.0,3.0,1.0,0.0,0.0,0.0,0.0,0.0,0.0,0.0,,0.0,1.0,0.0,2.0,0.0,0.0,1.0,1.0,,10.0,8.0,3.38,8.0,8.0,,,0.0,4.0,1.0,1.0,0.0,,1.0,5.0,0.0,,29.0,103.0,
2023,2021013492,2023-09-24,1300029.0,田口 麗斗,34.0,投,2,1.0,0.0,0.0,0.0,0.0,0.0,0.0,0.0,0.0,0.0,0.0,,0.0,0.0,0.0,0.0,0.0,0.0,2.0,1.0,0.0,2.0,4.0,1.53,1.0,1.0,,,33.0,0.0,0.0,0.0,0.0,,0.0,2.0,0.0,,3.0,16.0,
2023,2021013492,2023-09-24,1300058.0,九里 亜蓮,11.0,投,6,1.0,1.0,2.0,2.0,1.0,1.0,0.0,0.0,0.0,0.0,0.0,,0.0,0.0,0.0,0.0,0.0,0.0,1.0,1.0,,8.0,8.0,2.58,7.0,7.0,,,0.0,6.0,3.0,3.0,0.0,,1.0,7.0,1.0,,29.0,108.0,
2023,2021013492,2023-09-24,1300059.0,田中 広輔,2.0,打遊,6,1.0,0.0,1.0,1.0,0.0,0.0,0.0,0.0,0.0,0.0,0.0,,0.0,0.0,0.0,0.0,0.0,0.0,,,,,,,,,,,,,,,,,,,,,,,
2023,2021013492,2023-09-24,1500044.0,山崎 晃大朗,31.0,左,2,1.0,1.0,5.0,4.0,0.0,0.0,0.0,0.0,0.0,0.0,0.0,,0.0,0.0,0.0,1.0,0.0,0.0,,,,,,,,,,,,,,,,,,,,,,,
2023,2021013492,2023-09-24,1600121.0,矢崎 拓也,41.0,投,6,1.0,0.0,0.0,0.0,0.0,0.0,0.0,0.0,0.0,0.0,0.0,,0.0,0.0,0.0,0.0,0.0,0.0,3.0,1.0,0.0,4.0,2.0,2.68,1.0,1.0,,,24.0,0.0,0.0,0.0,0.0,,2.0,1.0,0.0,,5.0,24.0,
2023,2021013492,2023-09-24,1600124.0,坂倉 将吾,31.0,一捕,6,1.0,1.0,4.0,4.0,0.0,2.0,0.0,0.0,0.0,0.0,1.0,,0.0,0.0,0.0,0.0,0.0,0.0,,,,,,,,,,,,,,,,,,,,,,,
2023,2021013492,2023-09-24,1650187.0,中村 貴浩,97.0,打左,6,1.0,0.0,1.0,1.0,0.0,0.0,0.0,0.0,0.0,0.0,0.0,,0.0,0.0,0.0,0.0,0.0,0.0,,,,,,,,,,,,,,,,,,,,,,,
2023,2021013492,2023-09-24,1650522.0,丸山 和郁,4.0,右,2,1.0,0.0,0.0,0.0,0.0,0.0,0.0,0.0,0.0,0.0,0.0,,0.0,0.0,0.0,0.0,0.0,0.0,,,,,,,,,,,,,,,,,,,,,,,
2023,2021013492,2023-09-24,1700084.0,村上 宗隆,55.0,三,2,1.0,1.0,4.0,4.0,0.0,2.0,1.0,0.0,0.0,1.0,0.0,,0.0,0.0,0.0,0.0,0.0,0.0,,,,,,,,,,,,,,,,,,,,,,,
2023,2021013492,2023-09-24,1700087.0,塩見 泰隆,9.0,中,2,1.0,1.0,5.0,2.0,1.0,1.0,0.0,1.0,0.0,1.0,0.0,,2.0,1.0,1.0,0.0,0.0,0.0,,,,,,,,,,,,,,,,,,,,,,,
2023,2021013492,2023-09-24,1700089.0,宮本 丈,39.0,打,2,1.0,0.0,1.0,0.0,0.0,0.0,0.0,0.0,0.0,0.0,0.0,,0.0,0.0,0.0,1.0,0.0,0.0,,,,,,,,,,,,,,,,,,,,,,,
2023,2021013492,2023-09-24,1800072.0,小園 海斗,51.0,三,6,1.0,1.0,4.0,4.0,0.0,1.0,0.0,0.0,0.0,1.0,0.0,,0.0,1.0,0.0,0.0,0.0,0.0,,,,,,,,,,,,,,,,,,,,,,,
2023,2021013492,2023-09-24,1800073.0,島内 颯太郎,43.0,投,6,1.0,0.0,0.0,0.0,0.0,0.0,0.0,0.0,0.0,0.0,0.0,,0.0,0.0,0.0,0.0,0.0,0.0,2.0,1.0,0.0,2.0,3.0,2.37,1.0,1.0,,,2.0,0.0,0.0,0.0,0.0,,1.0,1.0,0.0,,4.0,17.0,
2023,2021013492,2023-09-24,1900029.0,武岡 龍世,60.0,遊,2,1.0,1.0,4.0,4.0,1.0,1.0,0.0,0.0,0.0,0.0,0.0,,0.0,3.0,0.0,0.0,0.0,0.0,,,,,,,,,,,,,,,,,,,,,,,
2023,2021013492,2023-09-24,1961166.0,マクブルーム,10.0,打,6,1.0,0.0,1.0,1.0,0.0,0.0,0.0,0.0,0.0,0.0,0.0,,0.0,1.0,0.0,0.0,0.0,0.0,,,,,,,,,,,,,,,,,,,,,,,
2023,2021013492,2023-09-24,2000065.0,矢野 雅哉,61.0,遊,6,1.0,1.0,2.0,2.0,0.0,0.0,0.0,0.0,0.0,0.0,0.0,,0.0,0.0,0.0,0.0,0.0,0.0,,,,,,,,,,,,,,,,,,,,,,,
2023,2021013492,2023-09-24,2000133.0,オスナ,13.0,一,2,1.0,1.0,4.0,4.0,0.0,0.0,0.0,0.0,0.0,0.0,0.0,,0.0,1.0,0.0,0.0,0.0,0.0,,,,,,,,,,,,,,,,,,,,,,,
2023,2021013492,2023-09-24,2000135.0,サンタナ,25.0,右,2,1.0,1.0,4.0,4.0,0.0,0.0,0.0,0.0,0.0,0.0,0.0,,0.0,2.0,0.0,0.0,0.0,0.0,,,,,,,,,,,,,,,,,,,,,,,
2023,2021013492,2023-09-24,2103768.0,末包 昇大,52.0,右,6,1.0,1.0,3.0,3.0,0.0,0.0,0.0,0.0,0.0,0.0,0.0,,0.0,1.0,0.0,0.0,0.0,0.0,,,,,,,,,,,,,,,,,,,,,,,
2023,2021013493,2023-09-24,900056.0,浅村 栄斗,3.0,指,376,1.0,1.0,3.0,3.0,0.0,1.0,1.0,0.0,0.0,1.0,0.0,,0.0,1.0,0.0,0.0,0.0,0.0,,,,,,,,,,,,,,,,,,,,,,,
2023,2021013493,2023-09-24,900069.0,中島 卓也,9.0,遊,8,1.0,1.0,2.0,2.0,0.0,0.0,0.0,0.0,0.0,0.0,0.0,,0.0,0.0,0.0,0.0,0.0,0.0,,,,,,,,,,,,,,,,,,,,,,,
2023,2021013493,2023-09-24,1100095.0,松本 剛,7.0,中左中,8,1.0,1.0,4.0,3.0,0.0,0.0,0.0,0.0,0.0,0.0,1.0,,1.0,0.0,0.0,0.0,0.0,0.0,,,,,,,,,,,,,,,,,,,,,,,
2023,2021013493,2023-09-24,1100103.0,鈴木 大地,7.0,打,376,1.0,0.0,1.0,1.0,0.0,1.0,0.0,0.0,0.0,0.0,0.0,,0.0,0.0,0.0,0.0,0.0,0.0,,,,,,,,,,,,,,,,,,,,,,,
2023,2021013493,2023-09-24,1100130.0,岡島 豪郎,27.0,右,376,1.0,1.0,3.0,3.0,0.0,1.0,0.0,0.0,0.0,0.0,0.0,,0.0,0.0,0.0,0.0,0.0,0.0,,,,,,,,,,,,,,,,,,,,,,,
2023,2021013493,2023-09-24,1100132.0,島内 宏明,35.0,左,376,1.0,1.0,4.0,4.0,1.0,1.0,0.0,0.0,1.0,2.0,0.0,,0.0,2.0,0.0,0.0,0.0,0.0,,,,,,,,,,,,,,,,,,,,,,,
2023,2021013493,2023-09-24,1300084.0,松井 裕樹,1.0,,376,,,,,,,,,,,,,,,,,,,3.0,1.0,0.0,2.0,3.0,1.55,1.0,1.0,,,37.0,0.0,0.0,0.0,0.0,,1.0,3.0,0.0,,4.0,23.0,
2023,2021013493,2023-09-24,1400170.0,江越 大賀,37.0,中,8,1.0,0.0,0.0,0.0,0.0,0.0,0.0,0.0,0.0,0.0,0.0,,0.0,0.0,0.0,0.0,0.0,0.0,,,,,,,,,,,,,,,,,,,,,,,
2023,2021013493,2023-09-24,1400186.0,山田 遥楓,49.0,三,8,1.0,0.0,0.0,0.0,0.0,0.0,0.0,0.0,0.0,0.0,0.0,,0.0,0.0,0.0,0.0,0.0,0.0,,,,,,,,,,,,,,,,,,,,,,,
2023,2021013493,2023-09-24,1500078.0,阿部 寿樹,4.0,一,376,1.0,1.0,3.0,3.0,0.0,1.0,0.0,0.0,0.0,0.0,0.0,,0.0,0.0,0.0,0.0,0.0,0.0,,,,,,,,,,,,,,,,,,,,,,,
2023,2021013493,2023-09-24,1500110.0,加藤 貴之,14.0,,8,,,,,,,,,,,,,,,,,,,1.0,1.0,,7.0,9.0,2.87,6.0,6.0,,,0.0,3.0,0.0,0.0,0.0,,0.0,3.0,0.0,,18.0,78.0,
2023,2021013493,2023-09-24,1600007.0,村林 一輝,66.0,遊,376,1.0,1.0,4.0,4.0,0.0,2.0,0.0,0.0,0.0,0.0,0.0,,0.0,1.0,0.0,0.0,0.0,0.0,,,,,,,,,,,,,,,,,,,,,,,
2023,2021013493,2023-09-24,1600093.0,池田 隆英,52.0,,8,,,,,,,,,,,,,,,,,,,5.0,1.0,0.0,1.0,5.0,2.98,0.3333333333333333,0.1,,,0.0,1.0,2.0,1.0,1.0,,0.0,1.0,0.0,,3.0,16.0,
2023,2021013493,2023-09-24,1700025.0,清宮 幸太郎,21.0,指,8,1.0,1.0,4.0,4.0,0.0,1.0,0.0,0.0,0.0,0.0,0.0,,0.0,2.0,0.0,0.0,0.0,0.0,,,,,,,,,,,,,,,,,,,,,,,
2023,2021013493,2023-09-24,1700034.0,山崎 剛,34.0,走三,376,1.0,0.0,0.0,0.0,0.0,0.0,0.0,0.0,0.0,0.0,0.0,,0.0,0.0,0.0,0.0,0.0,0.0,,,,,,,,,,,,,,,,,,,,,,,
2023,2021013493,2023-09-24,1700106.0,山本 拓実,67.0,,8,,,,,,,,,,,,,,,,,,,3.0,1.0,0.0,0.0,0.0,1.64,0.3333333333333333,0.1,,,0.0,1.0,0.0,0.0,0.0,,0.0,0.0,0.0,,2.0,10.0,
2023,2021013493,2023-09-24,1800008.0,マルティネス,2.0,一,8,1.0,1.0,4.0,4.0,0.0,0.0,0.0,0.0,0.0,0.0,0.0,,0.0,1.0,0.0,0.0,0.0,0.0,,,,,,,,,,,,,,,,,,,,,,,
2023,2021013493,2023-09-24,1800044.0,伊藤 裕季也,39.0,三,376,1.0,1.0,2.0,2.0,0.0,0.0,0.0,0.0,0.0,0.0,0.0,,0.0,0.0,0.0,0.0,0.0,1.0,,,,,,,,,,,,,,,,,,,,,,,
2023,2021013493,2023-09-24,1800091.0,野村 佑希,5.0,打,8,1.0,0.0,1.0,1.0,0.0,0.0,0.0,0.0,0.0,0.0,0.0,,0.0,0.0,0.0,0.0,0.0,0.0,,,,,,,,,,,,,,,,,,,,,,,
2023,2021013493,2023-09-24,1800093.0,万波 中正,66.0,右,8,1.0,1.0,4.0,4.0,1.0,1.0,0.0,0.0,0.0,0.0,0.0,,0.0,1.0,0.0,0.0,0.0,0.0,,,,,,,,,,,,,,,,,,,,,,,
2023,2021013493,2023-09-24,1800095.0,田宮 裕涼,64.0,捕,8,1.0,1.0,3.0,3.0,0.0,0.0,0.0,0.0,0.0,0.0,0.0,,0.0,1.0,0.0,0.0,0.0,0.0,,,,,,,,,,,,,,,,,,,,,,,
2023,2021013493,2023-09-24,1800117.0,辰己 涼介,8.0,中,376,1.0,1.0,3.0,3.0,0.0,0.0,0.0,0.0,0.0,0.0,0.0,,0.0,2.0,0.0,0.0,0.0,0.0,,,,,,,,,,,,,,,,,,,,,,,
2023,2021013493,2023-09-24,1800118.0,太田 光,2.0,捕,376,1.0,1.0,3.0,3.0,0.0,0.0,0.0,0.0,0.0,0.0,0.0,,0.0,0.0,0.0,0.0,0.0,0.0,,,,,,,,,,,,,,,,,,,,,,,
2023,2021013493,2023-09-24,1850932.0,奈良間 大己,58.0,二遊,8,1.0,1.0,3.0,3.0,0.0,0.0,0.0,0.0,0.0,0.0,0.0,,0.0,0.0,0.0,0.0,0.0,1.0,,,,,,,,,,,,,,,,,,,,,,,
2023,2021013493,2023-09-24,1900040.0,郡司 裕也,30.0,左,8,1.0,1.0,3.0,2.0,0.0,0.0,0.0,0.0,0.0,0.0,0.0,,1.0,0.0,0.0,0.0,0.0,0.0,,,,,,,,,,,,,,,,,,,,,,,
2023,2021013493,2023-09-24,1900070.0,河野 竜生,28.0,,8,,,,,,,,,,,,,,,,,,,4.0,1.0,0.0,1.0,4.0,1.93,1.0,1.0,,,0.0,2.0,0.0,0.0,0.0,,0.0,1.0,0.0,,4.0,18.0,
2023,2021013493,2023-09-24,1900112.0,小深田 大翔,0.0,二,376,1.0,1.0,4.0,4.0,2.0,1.0,0.0,0.0,0.0,0.0,1.0,,0.0,0.0,0.0,0.0,0.0,0.0,,,,,,,,,,,,,,,,,,,,,,,
2023,2021013493,2023-09-24,2000082.0,細川 凌平,56.0,三二,8,1.0,1.0,4.0,4.0,0.0,1.0,1.0,0.0,0.0,1.0,0.0,,0.0,1.0,0.0,0.0,0.0,0.0,,,,,,,,,,,,,,,,,,,,,,,
2023,2021013493,2023-09-24,2000084.0,今川 優馬,61.0,打左,8,1.0,0.0,1.0,1.0,0.0,0.0,0.0,0.0,0.0,0.0,0.0,,0.0,1.0,0.0,0.0,0.0,0.0,,,,,,,,,,,,,,,,,,,,,,,
2023,2021013493,2023-09-24,2103731.0,長谷川 威展,53.0,,8,,,,,,,,,,,,,,,,,,,2.0,1.0,0.0,0.0,0.0,1.42,0.6666666666666666,0.2,,,0.0,1.0,1.0,1.0,0.0,,0.0,1.0,0.0,,3.0,12.0,
2023,2021013493,2023-09-24,2105140.0,渡辺 翔太,31.0,,376,,,,,,,,,,,,,,,,,,,2.0,1.0,0.0,7.0,2.0,1.28,1.0,1.0,,,1.0,0.0,0.0,0.0,0.0,,0.0,0.0,0.0,,4.0,19.0,
2023,2021013493,2023-09-24,2106793.0,荘司 康誠,19.0,,376,,,,,,,,,,,,,,,,,,,1.0,1.0,,4.0,3.0,3.35,7.0,7.0,,,0.0,3.0,1.0,1.0,0.0,,1.0,4.0,0.0,,25.0,102.0,
2023,2021013494,2023-09-24,700087.0,角中 勝也,3.0,左,9,1.0,1.0,2.0,2.0,0.0,1.0,0.0,0.0,0.0,0.0,0.0,,0.0,0.0,0.0,0.0,0.0,0.0,,,,,,,,,,,,,,,,,,,,,,,
2023,2021013494,2023-09-24,800081.0,中村 晃,7.0,一,12,1.0,1.0,5.0,2.0,1.0,0.0,0.0,0.0,0.0,0.0,0.0,,3.0,0.0,0.0,0.0,0.0,0.0,,,,,,,,,,,,,,,,,,,,,,,
2023,2021013494,2023-09-24,1000014.0,荻野 貴司,0.0,右,9,1.0,1.0,5.0,3.0,1.0,1.0,0.0,0.0,0.0,1.0,0.0,,1.0,0.0,1.0,0.0,0.0,0.0,,,,,,,,,,,,,,,,,,,,,,,
2023,2021013494,2023-09-24,1000035.0,今宮 健太,6.0,遊,12,1.0,1.0,5.0,5.0,1.0,1.0,0.0,0.0,0.0,1.0,0.0,,0.0,0.0,0.0,0.0,0.0,0.0,,,,,,,,,,,,,,,,,,,,,,,
2023,2021013494,2023-09-24,1000128.0,柳田 悠岐,9.0,指,12,1.0,1.0,5.0,4.0,1.0,1.0,0.0,0.0,0.0,2.0,0.0,,0.0,1.0,0.0,0.0,1.0,0.0,,,,,,,,,,,,,,,,,,,,,,,
2023,2021013494,2023-09-24,1000176.0,甲斐 拓也,19.0,捕,12,1.0,1.0,5.0,4.0,0.0,2.0,0.0,0.0,0.0,0.0,0.0,,1.0,0.0,0.0,0.0,0.0,0.0,,,,,,,,,,,,,,,,,,,,,,,
2023,2021013494,2023-09-24,1100096.0,石川 慎吾,50.0,打左,9,1.0,0.0,3.0,3.0,0.0,2.0,0.0,0.0,0.0,0.0,0.0,,0.0,0.0,0.0,0.0,0.0,0.0,,,,,,,,,,,,,,,,,,,,,,,
2023,2021013494,2023-09-24,1100097.0,近藤 健介,3.0,左,12,1.0,1.0,5.0,3.0,1.0,1.0,0.0,0.0,0.0,0.0,0.0,,2.0,1.0,0.0,0.0,0.0,0.0,,,,,,,,,,,,,,,,,,,,,,,
2023,2021013494,2023-09-24,1100119.0,嘉弥真 新也,57.0,,12,,,,,,,,,,,,,,,,,,,2.0,1.0,0.0,1.0,0.0,6.52,0.6666666666666666,0.2,,,0.0,1.0,0.0,0.0,0.0,,0.0,0.0,0.0,,3.0,9.0,
2023,2021013494,2023-09-24,1300054.0,井上 晴哉,44.0,打,9,1.0,0.0,1.0,0.0,0.0,0.0,0.0,0.0,0.0,0.0,0.0,,1.0,0.0,0.0,0.0,0.0,0.0,,,,,,,,,,,,,,,,,,,,,,,
2023,2021013494,2023-09-24,1300079.0,上林 誠知,51.0,走右,12,1.0,0.0,1.0,1.0,0.0,0.0,0.0,0.0,0.0,0.0,0.0,,0.0,1.0,0.0,0.0,0.0,0.0,,,,,,,,,,,,,,,,,,,,,,,
2023,2021013494,2023-09-24,1300080.0,石川 柊太,29.0,,12,,,,,,,,,,,,,,,,,,,1.0,1.0,,4.0,7.0,3.96,3.6666666666666665,3.2,,,0.0,7.0,4.0,4.0,1.0,,1.0,3.0,1.0,,20.0,67.0,
2023,2021013494,2023-09-24,1400126.0,松本 裕樹,66.0,,12,,,,,,,,,,,,,,,,,,,6.0,1.0,0.0,2.0,2.0,2.66,1.0,1.0,,,0.0,2.0,0.0,0.0,0.0,,1.0,1.0,0.0,,6.0,28.0,
2023,2021013494,2023-09-24,1400176.0,藤井 皓哉,48.0,,12,,,,,,,,,,,,,,,,,,,5.0,1.0,0.0,5.0,3.0,2.43,1.0,1.0,,,0.0,1.0,1.0,1.0,0.0,,1.0,1.0,0.0,,5.0,19.0,
2023,2021013494,2023-09-24,1400188.0,中村 奨吾,8.0,二,9,1.0,1.0,5.0,4.0,0.0,0.0,0.0,0.0,0.0,0.0,0.0,,0.0,1.0,0.0,1.0,0.0,1.0,,,,,,,,,,,,,,,,,,,,,,,
2023,2021013494,2023-09-24,1400190.0,岩下 大輝,46.0,,9,,,,,,,,,,,,,,,,,,,5.0,1.0,0.0,1.0,0.0,2.43,1.0,1.0,,,0.0,1.0,0.0,0.0,0.0,,1.0,0.0,0.0,,4.0,13.0,
2023,2021013494,2023-09-24,1460080.0,ポランコ,22.0,指,9,1.0,1.0,5.0,4.0,0.0,2.0,0.0,0.0,0.0,1.0,0.0,,1.0,0.0,0.0,0.0,0.0,0.0,,,,,,,,,,,,,,,,,,,,,,,
2023,2021013494,2023-09-24,1500141.0,茶谷 健太,67.0,一,9,1.0,1.0,5.0,5.0,2.0,2.0,1.0,0.0,0.0,0.0,0.0,,0.0,0.0,0.0,0.0,0.0,0.0,,,,,,,,,,,,,,,,,,,,,,,
2023,2021013494,2023-09-24,1500143.0,川瀬 晃,0.0,三,12,1.0,1.0,5.0,3.0,1.0,2.0,0.0,0.0,0.0,0.0,1.0,,0.0,0.0,0.0,2.0,0.0,0.0,,,,,,,,,,,,,,,,,,,,,,,
2023,2021013494,2023-09-24,1550517.0,大津 亮介,26.0,,12,,,,,,,,,,,,,,,,,,,4.0,1.0,0.0,2.0,0.0,2.56,1.0,1.0,,,0.0,2.0,1.0,1.0,0.0,,1.0,0.0,0.0,,6.0,22.0,
2023,2021013494,2023-09-24,1560184.0,オスナ,54.0,,12,,,,,,,,,,,,,,,,,,,7.0,1.0,0.0,3.0,2.0,0.98,1.0,1.0,,,24.0,1.0,0.0,0.0,0.0,,1.0,0.0,0.0,,5.0,18.0,
2023,2021013494,2023-09-24,1600167.0,三森 大貴,13.0,二,12,1.0,1.0,5.0,5.0,0.0,2.0,0.0,0.0,0.0,2.0,0.0,,0.0,1.0,0.0,0.0,0.0,0.0,,,,,,,,,,,,,,,,,,,,,,,
2023,2021013494,2023-09-24,1700092.0,安田 尚憲,5.0,打三,9,1.0,0.0,1.0,1.0,0.0,0.0,0.0,0.0,0.0,0.0,0.0,,0.0,1.0,0.0,0.0,0.0,0.0,,,,,,,,,,,,,,,,,,,,,,,
2023,2021013494,2023-09-24,1700098.0,和田 康士朗,63.0,中,9,1.0,1.0,5.0,5.0,2.0,4.0,1.0,0.0,1.0,2.0,1.0,,0.0,1.0,0.0,0.0,0.0,0.0,,,,,,,,,,,,,,,,,,,,,,,
2023,2021013494,2023-09-24,1700135.0,周東 佑京,23.0,中,12,1.0,1.0,5.0,5.0,2.0,2.0,0.0,0.0,0.0,0.0,1.0,,0.0,1.0,0.0,0.0,0.0,0.0,,,,,,,,,,,,,,,,,,,,,,,
2023,2021013494,2023-09-24,1800037.0,坂本 光士郎,36.0,,9,,,,,,,,,,,,,,,,,,,4.0,1.0,0.0,1.0,0.0,3.35,1.0,1.0,,,0.0,1.0,1.0,1.0,0.0,,2.0,0.0,0.0,,6.0,22.0,
2023,2021013494,2023-09-24,1800050.0,藤原 恭大,1.0,走指,9,1.0,0.0,0.0,0.0,0.0,0.0,0.0,0.0,0.0,0.0,0.0,,0.0,0.0,0.0,0.0,0.0,0.0,,,,,,,,,,,,,,,,,,,,,,,
2023,2021013494,2023-09-24,1800051.0,東妻 勇輔,24.0,,9,,,,,,,,,,,,,,,,,,,3.0,1.0,0.0,0.0,1.0,2.56,1.0,1.0,,,0.0,1.0,0.0,0.0,0.0,,0.0,0.0,0.0,,4.0,13.0,
2023,2021013494,2023-09-24,1861064.0,ブロッソー,72.0,三,9,1.0,1.0,4.0,4.0,0.0,1.0,1.0,0.0,0.0,1.0,0.0,,0.0,1.0,0.0,0.0,0.0,1.0,,,,,,,,,,,,,,,,,,,,,,,
2023,2021013494,2023-09-24,1900081.0,佐藤 都志也,32.0,捕,9,1.0,1.0,5.0,3.0,1.0,0.0,0.0,0.0,0.0,0.0,0.0,,2.0,0.0,0.0,0.0,0.0,1.0,,,,,,,,,,,,,,,,,,,,,,,
2023,2021013494,2023-09-24,1900083.0,横山 陸人,60.0,,9,,,,,,,,,,,,,,,,,,,1.0,1.0,,2.0,3.0,5.6,1.0,1.0,,,1.0,6.0,5.0,4.0,0.0,,1.0,1.0,0.0,,10.0,30.0,
2023,2021013494,2023-09-24,1900102.0,津森 宥紀,11.0,,12,,,,,,,,,,,,,,,,,,,3.0,1.0,0.0,4.0,4.0,3.69,0.6666666666666666,0.2,,,0.0,0.0,0.0,0.0,0.0,,0.0,0.0,0.0,,2.0,5.0,
2023,2021013494,2023-09-24,1900104.0,柳町 達,32.0,右,12,1.0,1.0,4.0,3.0,0.0,1.0,0.0,0.0,0.0,0.0,0.0,,1.0,1.0,0.0,0.0,0.0,0.0,,,,,,,,,,,,,,,,,,,,,,,
2023,2021013494,2023-09-24,2000087.0,鈴木 昭汰,47.0,,9,,,,,,,,,,,,,,,,,,,2.0,1.0,0.0,0.0,0.0,2.57,3.0,3.0,,,0.0,2.0,1.0,0.0,0.0,,2.0,3.0,0.0,,13.0,47.0,
2023,2021013494,2023-09-24,2000088.0,中森 俊介,56.0,,9,,,,,,,,,,,,,,,,,,,6.0,1.0,0.0,1.0,2.0,4.08,1.0,1.0,,,0.0,1.0,0.0,0.0,0.0,,1.0,1.0,0.0,,5.0,26.0,
2023,2021013494,2023-09-24,2000089.0,小川 龍成,57.0,走三,9,1.0,0.0,0.0,0.0,0.0,0.0,0.0,0.0,0.0,0.0,0.0,,0.0,0.0,0.0,0.0,0.0,0.0,,,,,,,,,,,,,,,,,,,,,,,
2023,2021013494,2023-09-24,2105534.0,高野 脩汰,34.0,,9,,,,,,,,,,,,,,,,,,,7.0,1.0,0.0,0.0,0.0,1.13,1.0,1.0,,,0.0,0.0,0.0,0.0,0.0,,0.0,1.0,0.0,,3.0,9.0,
2023,2021013494,2023-09-24,2106798.0,友杉 篤輝,10.0,遊,9,1.0,1.0,6.0,6.0,0.0,1.0,1.0,0.0,0.0,1.0,0.0,,0.0,1.0,0.0,0.0,0.0,0.0,,,,,,,,,,,,,,,,,,,,,,,
2023,2021013495,2023-09-24,12101.0,中村 剛也,60.0,指,7,1.0,1.0,4.0,3.0,0.0,0.0,0.0,0.0,0.0,0.0,0.0,,0.0,2.0,1.0,0.0,0.0,0.0,,,,,,,,,,,,,,,,,,,,,,,
2023,2021013495,2023-09-24,600066.0,平野 佳寿,16.0,,11,,,,,,,,,,,,,,,,,,,3.0,1.0,0.0,3.0,2.0,1.18,1.0,1.0,,,27.0,0.0,0.0,0.0,0.0,,0.0,0.0,0.0,,3.0,7.0,
2023,2021013495,2023-09-24,1100105.0,安達 了一,3.0,二,11,1.0,1.0,3.0,3.0,0.0,0.0,0.0,0.0,0.0,0.0,0.0,,0.0,2.0,0.0,0.0,0.0,0.0,,,,,,,,,,,,,,,,,,,,,,,
2023,2021013495,2023-09-24,1160424.0,ゴンザレス,8.0,一,11,1.0,1.0,3.0,3.0,1.0,1.0,0.0,0.0,1.0,3.0,0.0,,0.0,0.0,0.0,0.0,0.0,0.0,,,,,,,,,,,,,,,,,,,,,,,
2023,2021013495,2023-09-24,1300100.0,森 友哉,4.0,捕,11,1.0,1.0,4.0,4.0,1.0,1.0,0.0,0.0,1.0,1.0,0.0,,0.0,3.0,0.0,0.0,0.0,0.0,,,,,,,,,,,,,,,,,,,,,,,
2023,2021013495,2023-09-24,1400196.0,宗 佑磨,6.0,三,11,1.0,1.0,3.0,3.0,0.0,1.0,0.0,0.0,0.0,0.0,0.0,,0.0,0.0,0.0,0.0,0.0,0.0,,,,,,,,,,,,,,,,,,,,,,,
2023,2021013495,2023-09-24,1500104.0,本田 圭佑,45.0,,7,,,,,,,,,,,,,,,,,,,2.0,1.0,0.0,0.0,1.0,1.56,1.0,1.0,,,0.0,0.0,0.0,0.0,0.0,,0.0,1.0,0.0,,3.0,13.0,
2023,2021013495,2023-09-24,1500112.0,平沼 翔太,31.0,打二,7,1.0,0.0,1.0,0.0,1.0,0.0,0.0,0.0,0.0,0.0,0.0,,1.0,0.0,0.0,0.0,0.0,0.0,,,,,,,,,,,,,,,,,,,,,,,
2023,2021013495,2023-09-24,1500135.0,杉本 裕太郎,99.0,左,11,1.0,1.0,3.0,2.0,1.0,0.0,0.0,0.0,0.0,0.0,0.0,,0.0,2.0,1.0,0.0,0.0,0.0,,,,,,,,,,,,,,,,,,,,,,,
2023,2021013495,2023-09-24,1600129.0,源田 壮亮,6.0,遊,7,1.0,1.0,4.0,3.0,0.0,1.0,0.0,0.0,0.0,0.0,0.0,,1.0,0.0,0.0,0.0,0.0,0.0,,,,,,,,,,,,,,,,,,,,,,,
2023,2021013495,2023-09-24,1600153.0,山本 由伸,18.0,,11,,,,,,,,,,,,,,,,,,,1.0,1.0,,15.0,6.0,1.26,7.0,7.0,,,0.0,3.0,0.0,0.0,0.0,,0.0,10.0,2.0,,26.0,103.0,
2023,2021013495,2023-09-24,1660539.0,ボー・タカハシ,42.0,,7,,,,,,,,,,,,,,,,,,,3.0,1.0,0.0,0.0,1.0,3.0,1.0,1.0,,,0.0,0.0,0.0,0.0,0.0,,0.0,3.0,0.0,,3.0,19.0,
2023,2021013495,2023-09-24,1700111.0,福田 周平,1.0,右左,11,1.0,1.0,4.0,4.0,0.0,1.0,0.0,0.0,0.0,0.0,1.0,,0.0,0.0,0.0,0.0,0.0,0.0,,,,,,,,,,,,,,,,,,,,,,,
2023,2021013495,2023-09-24,1700122.0,西川 愛也,51.0,中,7,1.0,1.0,4.0,4.0,0.0,1.0,0.0,0.0,0.0,0.0,0.0,,0.0,0.0,0.0,0.0,0.0,0.0,,,,,,,,,,,,,,,,,,,,,,,
2023,2021013495,2023-09-24,1750207.0,大里 昂生,64.0,走指,11,1.0,0.0,1.0,1.0,1.0,0.0,0.0,0.0,0.0,0.0,0.0,,0.0,1.0,0.0,0.0,0.0,0.0,,,,,,,,,,,,,,,,,,,,,,,
2023,2021013495,2023-09-24,1750472.0,古賀 悠斗,22.0,捕,7,1.0,1.0,2.0,2.0,0.0,0.0,0.0,0.0,0.0,0.0,0.0,,0.0,0.0,0.0,0.0,0.0,0.0,,,,,,,,,,,,,,,,,,,,,,,
2023,2021013495,2023-09-24,1751148.0,隅田 知一郎,16.0,,7,,,,,,,,,,,,,,,,,,,1.0,1.0,,9.0,9.0,3.44,6.0,6.0,,,0.0,5.0,4.0,4.0,2.0,,1.0,7.0,1.0,,25.0,95.0,
2023,2021013495,2023-09-24,1800086.0,佐藤 龍世,58.0,二,7,1.0,1.0,4.0,4.0,0.0,0.0,0.0,0.0,0.0,0.0,0.0,,0.0,3.0,0.0,0.0,0.0,0.0,,,,,,,,,,,,,,,,,,,,,,,
2023,2021013495,2023-09-24,1800102.0,宜保 翔,53.0,二,11,1.0,0.0,0.0,0.0,0.0,0.0,0.0,0.0,0.0,0.0,0.0,,0.0,0.0,0.0,0.0,0.0,0.0,,,,,,,,,,,,,,,,,,,,,,,
2023,2021013495,2023-09-24,1800104.0,中川 圭太,67.0,中,11,1.0,1.0,4.0,4.0,0.0,1.0,0.0,0.0,0.0,0.0,0.0,,0.0,1.0,0.0,0.0,0.0,0.0,,,,,,,,,,,,,,,,,,,,,,,
2023,2021013495,2023-09-24,1850820.0,蛭間 拓哉,9.0,左,7,1.0,1.0,4.0,4.0,0.0,0.0,0.0,0.0,0.0,0.0,0.0,,0.0,1.0,0.0,0.0,0.0,0.0,,,,,,,,,,,,,,,,,,,,,,,
2023,2021013495,2023-09-24,1900065.0,柘植 世那,37.0,捕,7,1.0,0.0,0.0,0.0,0.0,0.0,0.0,0.0,0.0,0.0,0.0,,0.0,0.0,0.0,0.0,0.0,0.0,,,,,,,,,,,,,,,,,,,,,,,
2023,2021013495,2023-09-24,1900068.0,岸 潤一郎,68.0,右,7,1.0,1.0,4.0,3.0,0.0,0.0,0.0,0.0,0.0,0.0,0.0,,0.0,1.0,1.0,0.0,0.0,0.0,,,,,,,,,,,,,,,,,,,,,,,
2023,2021013495,2023-09-24,1900088.0,紅林 弘太郎,24.0,遊,11,1.0,1.0,3.0,3.0,0.0,0.0,0.0,0.0,0.0,0.0,0.0,,0.0,0.0,0.0,0.0,0.0,0.0,,,,,,,,,,,,,,,,,,,,,,,
2023,2021013495,2023-09-24,2000067.0,渡部 健人,8.0,三,7,1.0,1.0,4.0,4.0,0.0,0.0,0.0,0.0,0.0,0.0,0.0,,0.0,2.0,0.0,0.0,0.0,0.0,,,,,,,,,,,,,,,,,,,,,,,
2023,2021013495,2023-09-24,2000104.0,宇田川 優希,96.0,,11,,,,,,,,,,,,,,,,,,,2.0,1.0,0.0,4.0,0.0,1.94,1.0,1.0,,,2.0,1.0,1.0,1.0,0.0,,2.0,1.0,0.0,,6.0,23.0,
2023,2021013495,2023-09-24,2103747.0,渡部 遼人,0.0,右,11,1.0,0.0,0.0,0.0,0.0,0.0,0.0,0.0,0.0,0.0,0.0,,0.0,0.0,0.0,0.0,0.0,0.0,,,,,,,,,,,,,,,,,,,,,,,
2023,2021013495,2023-09-24,2108196.0,マキノン,30.0,一,7,1.0,1.0,4.0,4.0,0.0,2.0,0.0,0.0,0.0,1.0,0.0,,0.0,2.0,0.0,0.0,0.0,0.0,,,,,,,,,,,,,,,,,,,,,,,
2023,2021013495,2023-09-24,2108913.0,セデーニョ,40.0,指,11,1.0,1.0,3.0,2.0,0.0,0.0,0.0,0.0,0.0,0.0,0.0,,1.0,2.0,0.0,0.0,0.0,0.0,,,,,,,,,,,,,,,,,,,,,,,
2023,2021013496,2023-09-25,600003.0,大和,9.0,打一,3,1.0,0.0,1.0,1.0,0.0,0.0,0.0,0.0,0.0,0.0,0.0,,0.0,1.0,0.0,0.0,0.0,0.0,,,,,,,,,,,,,,,,,,,,,,,
2023,2021013496,2023-09-25,700003.0,坂本 勇人,6.0,三,1,1.0,1.0,4.0,4.0,0.0,0.0,0.0,0.0,0.0,0.0,0.0,,0.0,1.0,0.0,0.0,0.0,0.0,,,,,,,,,,,,,,,,,,,,,,,
2023,2021013496,2023-09-25,700027.0,梶谷 隆幸,13.0,打,1,1.0,0.0,0.0,0.0,0.0,0.0,0.0,0.0,0.0,0.0,0.0,,0.0,0.0,0.0,0.0,0.0,0.0,,,,,,,,,,,,,,,,,,,,,,,
2023,2021013496,2023-09-25,800043.0,丸 佳浩,8.0,中右,1,1.0,1.0,4.0,3.0,0.0,1.0,0.0,0.0,0.0,0.0,0.0,,1.0,1.0,0.0,0.0,0.0,0.0,,,,,,,,,,,,,,,,,,,,,,,
2023,2021013496,2023-09-25,800075.0,伊藤 光,29.0,捕,3,1.0,1.0,4.0,3.0,0.0,1.0,1.0,0.0,0.0,0.0,0.0,,0.0,2.0,0.0,1.0,0.0,0.0,,,,,,,,,,,,,,,,,,,,,,,
2023,2021013496,2023-09-25,900011.0,大田 泰示,0.0,右,3,1.0,1.0,4.0,4.0,0.0,2.0,0.0,0.0,0.0,0.0,0.0,,0.0,1.0,0.0,0.0,0.0,0.0,,,,,,,,,,,,,,,,,,,,,,,
2023,2021013496,2023-09-25,900397.0,長野 久義,7.0,右左,1,1.0,1.0,4.0,4.0,0.0,1.0,0.0,0.0,0.0,0.0,0.0,,0.0,2.0,0.0,0.0,0.0,0.0,,,,,,,,,,,,,,,,,,,,,,,
2023,2021013496,2023-09-25,1100061.0,桑原 将志,1.0,中,3,1.0,1.0,4.0,3.0,0.0,0.0,0.0,0.0,0.0,0.0,0.0,,1.0,0.0,0.0,0.0,0.0,0.0,,,,,,,,,,,,,,,,,,,,,,,
2023,2021013496,2023-09-25,1200053.0,宮崎 敏郎,51.0,三,3,1.0,1.0,4.0,2.0,1.0,1.0,0.0,0.0,0.0,0.0,1.0,,2.0,0.0,0.0,0.0,0.0,0.0,,,,,,,,,,,,,,,,,,,,,,,
2023,2021013496,2023-09-25,1300038.0,関根 大気,63.0,左,3,1.0,0.0,0.0,0.0,0.0,0.0,0.0,0.0,0.0,0.0,0.0,,0.0,0.0,0.0,0.0,0.0,0.0,,,,,,,,,,,,,,,,,,,,,,,
2023,2021013496,2023-09-25,1400101.0,岡本 和真,25.0,一,1,1.0,1.0,4.0,3.0,0.0,0.0,0.0,0.0,0.0,0.0,0.0,,1.0,2.0,0.0,0.0,0.0,0.0,,,,,,,,,,,,,,,,,,,,,,,
2023,2021013496,2023-09-25,1450689.0,船迫 大雅,58.0,投,1,1.0,0.0,0.0,0.0,0.0,0.0,0.0,0.0,0.0,0.0,0.0,,0.0,0.0,0.0,0.0,0.0,0.0,2.0,1.0,0.0,3.0,1.0,2.83,1.0,1.0,,,0.0,1.0,0.0,0.0,0.0,,0.0,1.0,0.0,,4.0,12.0,
2023,2021013496,2023-09-25,1500047.0,重信 慎之介,43.0,走中,1,1.0,0.0,1.0,1.0,0.0,0.0,0.0,0.0,0.0,0.0,1.0,,0.0,1.0,0.0,0.0,0.0,0.0,,,,,,,,,,,,,,,,,,,,,,,
2023,2021013496,2023-09-25,1500054.0,増田 大輝,0.0,走,1,1.0,0.0,0.0,0.0,0.0,0.0,0.0,0.0,0.0,0.0,0.0,,0.0,0.0,0.0,0.0,0.0,0.0,,,,,,,,,,,,,,,,,,,,,,,
2023,2021013496,2023-09-25,1500063.0,柴田 竜拓,31.0,走三,3,1.0,0.0,0.0,0.0,0.0,0.0,0.0,0.0,0.0,0.0,0.0,,0.0,0.0,0.0,0.0,0.0,0.0,,,,,,,,,,,,,,,,,,,,,,,
2023,2021013496,2023-09-25,1561778.0,バルドナード,49.0,投,1,1.0,0.0,0.0,0.0,0.0,0.0,0.0,0.0,0.0,0.0,0.0,,0.0,0.0,0.0,0.0,0.0,0.0,4.0,1.0,0.0,2.0,1.0,1.69,1.0,1.0,,,0.0,0.0,0.0,0.0,0.0,,2.0,3.0,0.0,,5.0,29.0,
2023,2021013496,2023-09-25,1561880.0,ウェンデルケン,49.0,投,3,1.0,0.0,0.0,0.0,0.0,0.0,0.0,0.0,0.0,0.0,0.0,,0.0,0.0,0.0,0.0,0.0,0.0,4.0,1.0,0.0,2.0,2.0,1.75,1.0,1.0,,,0.0,1.0,0.0,0.0,0.0,,1.0,1.0,0.0,,5.0,23.0,
2023,2021013496,2023-09-25,1600059.0,吉川 尚輝,2.0,二,1,1.0,1.0,4.0,4.0,0.0,0.0,0.0,0.0,0.0,0.0,0.0,,0.0,1.0,0.0,0.0,0.0,0.0,,,,,,,,,,,,,,,,,,,,,,,
2023,2021013496,2023-09-25,1600089.0,佐野 恵太,7.0,左,3,1.0,1.0,4.0,4.0,0.0,0.0,0.0,0.0,0.0,0.0,0.0,,0.0,1.0,0.0,0.0,0.0,0.0,,,,,,,,,,,,,,,,,,,,,,,
2023,2021013496,2023-09-25,1600096.0,森原 康平,68.0,投,3,1.0,0.0,0.0,0.0,0.0,0.0,0.0,0.0,0.0,0.0,0.0,,0.0,0.0,0.0,0.0,0.0,0.0,5.0,1.0,0.0,2.0,1.0,2.32,1.0,1.0,,,17.0,0.0,0.0,0.0,0.0,,0.0,0.0,0.0,,3.0,8.0,
2023,2021013496,2023-09-25,1660388.0,メンデス,65.0,投,1,1.0,1.0,2.0,2.0,0.0,0.0,0.0,0.0,0.0,0.0,0.0,,0.0,1.0,0.0,0.0,0.0,0.0,1.0,1.0,,5.0,5.0,2.07,5.0,5.0,,,0.0,4.0,1.0,1.0,0.0,,2.0,4.0,0.0,,21.0,89.0,
2023,2021013496,2023-09-25,1700006.0,エスコバー,62.0,投,3,1.0,0.0,0.0,0.0,0.0,0.0,0.0,0.0,0.0,0.0,0.0,,0.0,0.0,0.0,0.0,0.0,0.0,3.0,1.0,0.0,2.0,1.0,4.75,0.3333333333333333,0.1,,,0.0,0.0,0.0,0.0,0.0,,0.0,1.0,0.0,,1.0,3.0,
2023,2021013496,2023-09-25,1700043.0,岸田 行倫,27.0,捕,1,1.0,0.0,1.0,1.0,0.0,0.0,0.0,0.0,0.0,0.0,0.0,,0.0,0.0,0.0,0.0,0.0,0.0,,,,,,,,,,,,,,,,,,,,,,,
2023,2021013496,2023-09-25,1700044.0,大城 卓三,24.0,捕,1,1.0,1.0,3.0,2.0,0.0,1.0,0.0,0.0,0.0,0.0,0.0,,1.0,0.0,0.0,0.0,0.0,0.0,,,,,,,,,,,,,,,,,,,,,,,
2023,2021013496,2023-09-25,1700065.0,楠本 泰史,37.0,打,3,1.0,0.0,1.0,0.0,0.0,0.0,0.0,0.0,0.0,0.0,0.0,,1.0,0.0,0.0,0.0,0.0,0.0,,,,,,,,,,,,,,,,,,,,,,,
2023,2021013496,2023-09-25,1800045.0,大貫 晋一,16.0,投,3,1.0,1.0,2.0,2.0,0.0,0.0,0.0,0.0,0.0,0.0,0.0,,0.0,1.0,0.0,0.0,0.0,0.0,1.0,1.0,,4.0,4.0,3.34,6.333333333333333,6.1,,,0.0,3.0,0.0,0.0,0.0,,3.0,11.0,0.0,,25.0,100.0,
2023,2021013496,2023-09-25,1800048.0,知野 直人,60.0,一,3,1.0,1.0,3.0,3.0,0.0,0.0,0.0,0.0,0.0,0.0,0.0,,0.0,2.0,0.0,0.0,0.0,0.0,,,,,,,,,,,,,,,,,,,,,,,
2023,2021013496,2023-09-25,1850208.0,林 琢真,0.0,遊,3,1.0,1.0,3.0,3.0,0.0,1.0,0.0,0.0,0.0,1.0,0.0,,0.0,0.0,0.0,0.0,0.0,0.0,,,,,,,,,,,,,,,,,,,,,,,
2023,2021013496,2023-09-25,1900032.0,伊勢 大夢,13.0,投,3,1.0,0.0,0.0,0.0,0.0,0.0,0.0,0.0,0.0,0.0,0.0,,0.0,0.0,0.0,0.0,0.0,0.0,2.0,1.0,0.0,3.0,6.0,3.33,0.3333333333333333,0.1,,,2.0,0.0,0.0,0.0,0.0,,0.0,0.0,0.0,,1.0,4.0,
2023,2021013496,2023-09-25,2000009.0,秋広 優人,55.0,左,1,1.0,1.0,3.0,2.0,0.0,1.0,0.0,0.0,0.0,0.0,0.0,,1.0,0.0,0.0,0.0,0.0,0.0,,,,,,,,,,,,,,,,,,,,,,,
2023,2021013496,2023-09-25,2000035.0,牧 秀悟,2.0,二,3,1.0,1.0,4.0,3.0,0.0,0.0,0.0,0.0,0.0,0.0,0.0,,1.0,0.0,0.0,0.0,0.0,0.0,,,,,,,,,,,,,,,,,,,,,,,
2023,2021013496,2023-09-25,2103705.0,菊地 大稀,96.0,投,1,1.0,0.0,0.0,0.0,0.0,0.0,0.0,0.0,0.0,0.0,0.0,,0.0,0.0,0.0,0.0,0.0,0.0,3.0,1.0,0.0,4.0,4.0,3.47,1.0,1.0,,,0.0,0.0,0.0,0.0,0.0,,1.0,0.0,0.0,,4.0,16.0,
2023,2021013496,2023-09-25,2105889.0,ウォーカー,44.0,打,1,1.0,0.0,1.0,1.0,0.0,0.0,0.0,0.0,0.0,0.0,0.0,,0.0,1.0,0.0,0.0,0.0,0.0,,,,,,,,,,,,,,,,,,,,,,,
2023,2021013496,2023-09-25,2107874.0,門脇 誠,35.0,遊,1,1.0,1.0,4.0,3.0,0.0,0.0,0.0,0.0,0.0,0.0,0.0,,0.0,3.0,0.0,1.0,0.0,0.0,,,,,,,,,,,,,,,,,,,,,,,
2023,2021013497,2023-09-25,700034.0,堂上 直倫,63.0,三,4,1.0,0.0,0.0,0.0,0.0,0.0,0.0,0.0,0.0,0.0,0.0,,0.0,0.0,0.0,0.0,0.0,0.0,,,,,,,,,,,,,,,,,,,,,,,
2023,2021013497,2023-09-25,900410.0,大島 洋平,8.0,左,4,1.0,1.0,4.0,4.0,0.0,1.0,0.0,0.0,0.0,0.0,0.0,,0.0,1.0,0.0,0.0,0.0,0.0,,,,,,,,,,,,,,,,,,,,,,,
2023,2021013497,2023-09-25,1000108.0,後藤 駿太,53.0,打左,4,1.0,0.0,1.0,1.0,0.0,0.0,0.0,0.0,0.0,0.0,0.0,,0.0,1.0,0.0,0.0,0.0,0.0,,,,,,,,,,,,,,,,,,,,,,,
2023,2021013497,2023-09-25,1300042.0,渡邉 諒,25.0,打,5,1.0,0.0,1.0,1.0,0.0,1.0,0.0,0.0,0.0,0.0,0.0,,0.0,0.0,0.0,0.0,0.0,0.0,,,,,,,,,,,,,,,,,,,,,,,
2023,2021013497,2023-09-25,1500049.0,宇佐見 真吾,39.0,一,4,1.0,1.0,3.0,3.0,0.0,1.0,0.0,0.0,0.0,0.0,0.0,,0.0,0.0,0.0,0.0,0.0,0.0,,,,,,,,,,,,,,,,,,,,,,,
2023,2021013497,2023-09-25,1500076.0,木下 拓哉,35.0,捕,4,1.0,1.0,3.0,3.0,1.0,1.0,1.0,0.0,0.0,0.0,0.0,,0.0,1.0,0.0,0.0,0.0,0.0,,,,,,,,,,,,,,,,,,,,,,,
2023,2021013497,2023-09-25,1500087.0,坂本 誠志郎,12.0,捕,5,1.0,1.0,2.0,1.0,0.0,0.0,0.0,0.0,0.0,0.0,0.0,,1.0,1.0,0.0,0.0,0.0,0.0,,,,,,,,,,,,,,,,,,,,,,,
2023,2021013497,2023-09-25,1560639.0,カリステ,99.0,遊,4,1.0,1.0,4.0,4.0,0.0,0.0,0.0,0.0,0.0,0.0,0.0,,0.0,1.0,0.0,0.0,0.0,0.0,,,,,,,,,,,,,,,,,,,,,,,
2023,2021013497,2023-09-25,1600021.0,ビシエド,66.0,一,4,1.0,0.0,0.0,0.0,0.0,0.0,0.0,0.0,0.0,0.0,0.0,,0.0,0.0,0.0,0.0,0.0,0.0,,,,,,,,,,,,,,,,,,,,,,,
2023,2021013497,2023-09-25,1600085.0,細川 成也,0.0,右,4,1.0,1.0,3.0,3.0,0.0,0.0,0.0,0.0,0.0,0.0,0.0,,0.0,1.0,0.0,0.0,0.0,0.0,,,,,,,,,,,,,,,,,,,,,,,
2023,2021013497,2023-09-25,1600113.0,大山 悠輔,3.0,一,5,1.0,1.0,4.0,3.0,0.0,0.0,0.0,0.0,0.0,0.0,0.0,,1.0,0.0,0.0,0.0,0.0,0.0,,,,,,,,,,,,,,,,,,,,,,,
2023,2021013497,2023-09-25,1600119.0,長坂 拳弥,57.0,捕,5,1.0,0.0,1.0,1.0,0.0,0.0,0.0,0.0,0.0,0.0,0.0,,0.0,0.0,0.0,0.0,0.0,0.0,,,,,,,,,,,,,,,,,,,,,,,
2023,2021013497,2023-09-25,1700079.0,熊谷 敬宥,4.0,走,5,1.0,0.0,0.0,0.0,0.0,0.0,0.0,0.0,0.0,0.0,1.0,,0.0,0.0,0.0,0.0,0.0,0.0,,,,,,,,,,,,,,,,,,,,,,,
2023,2021013497,2023-09-25,1700080.0,島田 海吏,53.0,走中左,5,1.0,0.0,0.0,0.0,0.0,0.0,0.0,0.0,0.0,0.0,0.0,,0.0,0.0,0.0,0.0,0.0,0.0,,,,,,,,,,,,,,,,,,,,,,,
2023,2021013497,2023-09-25,1800060.0,梅津 晃大,18.0,投,4,1.0,1.0,2.0,2.0,0.0,0.0,0.0,0.0,0.0,0.0,0.0,,0.0,0.0,0.0,0.0,0.0,0.0,1.0,1.0,,1.0,1.0,0.95,8.0,8.0,,,0.0,5.0,1.0,1.0,1.0,,2.0,5.0,0.0,,30.0,107.0,
2023,2021013497,2023-09-25,1800061.0,勝野 昌慶,41.0,投,4,1.0,0.0,0.0,0.0,0.0,0.0,0.0,0.0,0.0,0.0,0.0,,0.0,0.0,0.0,0.0,0.0,0.0,2.0,1.0,0.0,5.0,2.0,2.12,1.0,1.0,,,1.0,2.0,0.0,0.0,0.0,,0.0,2.0,0.0,,5.0,22.0,
2023,2021013497,2023-09-25,1800065.0,近本 光司,5.0,打中,5,1.0,0.0,1.0,1.0,0.0,0.0,0.0,0.0,0.0,0.0,0.0,,0.0,0.0,0.0,0.0,0.0,0.0,,,,,,,,,,,,,,,,,,,,,,,
2023,2021013497,2023-09-25,1800067.0,木浪 聖也,0.0,遊,5,1.0,1.0,4.0,4.0,0.0,0.0,0.0,0.0,0.0,0.0,0.0,,0.0,2.0,0.0,0.0,0.0,0.0,,,,,,,,,,,,,,,,,,,,,,,
2023,2021013497,2023-09-25,1850183.0,森下 翔太,1.0,右,5,1.0,1.0,4.0,4.0,0.0,0.0,0.0,0.0,0.0,0.0,0.0,,0.0,0.0,0.0,0.0,0.0,0.0,,,,,,,,,,,,,,,,,,,,,,,
2023,2021013497,2023-09-25,1900037.0,石川 昂弥,25.0,三,4,1.0,1.0,3.0,3.0,1.0,2.0,1.0,0.0,0.0,0.0,0.0,,0.0,0.0,0.0,0.0,0.0,0.0,,,,,,,,,,,,,,,,,,,,,,,
2023,2021013497,2023-09-25,1900041.0,岡林 勇希,60.0,中,4,1.0,1.0,4.0,4.0,0.0,1.0,0.0,0.0,0.0,0.0,1.0,,0.0,1.0,0.0,0.0,0.0,0.0,,,,,,,,,,,,,,,,,,,,,,,
2023,2021013497,2023-09-25,1900050.0,小野寺 暖,60.0,中左,5,1.0,1.0,3.0,3.0,0.0,1.0,0.0,0.0,0.0,0.0,0.0,,0.0,0.0,0.0,0.0,0.0,0.0,,,,,,,,,,,,,,,,,,,,,,,
2023,2021013497,2023-09-25,1961251.0,ミエセス,55.0,左,5,1.0,1.0,3.0,3.0,0.0,1.0,0.0,0.0,0.0,0.0,0.0,,0.0,0.0,0.0,0.0,0.0,0.0,,,,,,,,,,,,,,,,,,,,,,,
2023,2021013497,2023-09-25,1961285.0,ノイジー,7.0,打,5,1.0,0.0,1.0,1.0,0.0,0.0,0.0,0.0,0.0,0.0,0.0,,0.0,1.0,0.0,0.0,0.0,0.0,,,,,,,,,,,,,,,,,,,,,,,
2023,2021013497,2023-09-25,2000044.0,龍空,45.0,二,4,1.0,1.0,3.0,3.0,0.0,1.0,0.0,0.0,0.0,2.0,0.0,,0.0,0.0,0.0,0.0,0.0,0.0,,,,,,,,,,,,,,,,,,,,,,,
2023,2021013497,2023-09-25,2000047.0,三好 大倫,30.0,走,4,1.0,0.0,0.0,0.0,0.0,0.0,0.0,0.0,0.0,0.0,0.0,,0.0,0.0,0.0,0.0,0.0,0.0,,,,,,,,,,,,,,,,,,,,,,,
2023,2021013497,2023-09-25,2000051.0,佐藤 輝明,8.0,三,5,1.0,1.0,4.0,4.0,1.0,2.0,0.0,0.0,1.0,1.0,0.0,,0.0,0.0,0.0,0.0,0.0,0.0,,,,,,,,,,,,,,,,,,,,,,,
2023,2021013497,2023-09-25,2000055.0,村上 頌樹,41.0,投,5,1.0,1.0,2.0,2.0,0.0,1.0,0.0,0.0,0.0,0.0,0.0,,0.0,1.0,0.0,0.0,0.0,0.0,1.0,1.0,,10.0,6.0,1.75,5.0,5.0,,,0.0,5.0,2.0,2.0,0.0,,0.0,3.0,0.0,,19.0,64.0,
2023,2021013497,2023-09-25,2000056.0,中野 拓夢,51.0,二,5,1.0,1.0,4.0,4.0,0.0,1.0,0.0,0.0,0.0,0.0,1.0,,0.0,1.0,0.0,0.0,0.0,0.0,,,,,,,,,,,,,,,,,,,,,,,
2023,2021013497,2023-09-25,2100915.0,ビーズリー,99.0,投,5,1.0,0.0,1.0,1.0,0.0,0.0,0.0,0.0,0.0,0.0,0.0,,0.0,1.0,0.0,0.0,0.0,0.0,2.0,1.0,0.0,1.0,2.0,2.2,3.0,3.0,,,0.0,2.0,0.0,0.0,0.0,,0.0,3.0,0.0,,11.0,44.0,
2023,2021013498,2023-09-25,600020.0,銀次,33.0,打,376,1.0,0.0,1.0,1.0,0.0,1.0,0.0,0.0,0.0,1.0,0.0,,0.0,0.0,0.0,0.0,0.0,0.0,,,,,,,,,,,,,,,,,,,,,,,
2023,2021013498,2023-09-25,600026.0,炭谷 銀仁朗,26.0,捕,376,1.0,1.0,3.0,2.0,0.0,2.0,0.0,0.0,0.0,0.0,0.0,,0.0,0.0,1.0,0.0,0.0,0.0,,,,,,,,,,,,,,,,,,,,,,,
2023,2021013498,2023-09-25,700069.0,田中 将大,18.0,,376,,,,,,,,,,,,,,,,,,,1.0,1.0,,7.0,10.0,4.89,7.0,7.0,,,0.0,3.0,1.0,1.0,1.0,,0.0,7.0,0.0,,24.0,90.0,
2023,2021013498,2023-09-25,900056.0,浅村 栄斗,3.0,二,376,1.0,1.0,5.0,5.0,1.0,2.0,0.0,0.0,0.0,0.0,0.0,,0.0,2.0,0.0,0.0,0.0,0.0,,,,,,,,,,,,,,,,,,,,,,,
2023,2021013498,2023-09-25,1100095.0,松本 剛,7.0,中,8,1.0,1.0,3.0,3.0,0.0,0.0,0.0,0.0,0.0,0.0,0.0,,0.0,1.0,0.0,0.0,0.0,0.0,,,,,,,,,,,,,,,,,,,,,,,
2023,2021013498,2023-09-25,1100103.0,鈴木 大地,7.0,一,376,1.0,1.0,5.0,4.0,1.0,1.0,0.0,1.0,0.0,3.0,0.0,,0.0,0.0,1.0,0.0,0.0,0.0,,,,,,,,,,,,,,,,,,,,,,,
2023,2021013498,2023-09-25,1100130.0,岡島 豪郎,27.0,左,376,1.0,1.0,4.0,4.0,0.0,1.0,1.0,0.0,0.0,0.0,0.0,,0.0,1.0,0.0,0.0,0.0,0.0,,,,,,,,,,,,,,,,,,,,,,,
2023,2021013498,2023-09-25,1100132.0,島内 宏明,35.0,指,376,1.0,1.0,5.0,3.0,1.0,1.0,0.0,0.0,0.0,2.0,0.0,,1.0,0.0,0.0,0.0,1.0,0.0,,,,,,,,,,,,,,,,,,,,,,,
2023,2021013498,2023-09-25,1600007.0,村林 一輝,66.0,遊,376,1.0,1.0,5.0,5.0,1.0,0.0,0.0,0.0,0.0,0.0,0.0,,0.0,1.0,0.0,0.0,0.0,0.0,,,,,,,,,,,,,,,,,,,,,,,
2023,2021013498,2023-09-25,1600012.0,宋 家豪,43.0,,376,,,,,,,,,,,,,,,,,,,3.0,1.0,0.0,2.0,1.0,2.85,1.0,1.0,,,0.0,0.0,0.0,0.0,0.0,,0.0,1.0,0.0,,3.0,8.0,
2023,2021013498,2023-09-25,1600094.0,田中 和基,25.0,走,376,1.0,0.0,0.0,0.0,0.0,0.0,0.0,0.0,0.0,0.0,0.0,,0.0,0.0,0.0,0.0,0.0,0.0,,,,,,,,,,,,,,,,,,,,,,,
2023,2021013498,2023-09-25,1600139.0,玉井 大翔,19.0,,8,,,,,,,,,,,,,,,,,,,2.0,1.0,0.0,0.0,2.0,2.57,0.3333333333333333,0.1,,,2.0,0.0,0.0,0.0,0.0,,0.0,0.0,0.0,,1.0,3.0,
2023,2021013498,2023-09-25,1700025.0,清宮 幸太郎,21.0,三,8,1.0,1.0,4.0,4.0,0.0,0.0,0.0,0.0,0.0,0.0,0.0,,0.0,1.0,0.0,0.0,0.0,0.0,,,,,,,,,,,,,,,,,,,,,,,
2023,2021013498,2023-09-25,1700029.0,北浦 竜次,63.0,,8,,,,,,,,,,,,,,,,,,,3.0,1.0,0.0,0.0,0.0,3.38,0.3333333333333333,0.1,,,0.0,3.0,3.0,3.0,0.0,,1.0,1.0,0.0,,5.0,20.0,
2023,2021013498,2023-09-25,1700034.0,山崎 剛,34.0,走三,376,1.0,0.0,1.0,0.0,2.0,0.0,0.0,0.0,0.0,1.0,0.0,,1.0,0.0,0.0,0.0,0.0,0.0,,,,,,,,,,,,,,,,,,,,,,,
2023,2021013498,2023-09-25,1800008.0,マルティネス,2.0,指,8,1.0,1.0,3.0,3.0,0.0,0.0,0.0,0.0,0.0,0.0,0.0,,0.0,2.0,0.0,0.0,0.0,0.0,,,,,,,,,,,,,,,,,,,,,,,
2023,2021013498,2023-09-25,1800091.0,野村 佑希,5.0,左,8,1.0,1.0,3.0,3.0,0.0,2.0,1.0,0.0,0.0,0.0,0.0,,0.0,1.0,0.0,0.0,0.0,0.0,,,,,,,,,,,,,,,,,,,,,,,
2023,2021013498,2023-09-25,1800093.0,万波 中正,66.0,右,8,1.0,1.0,4.0,4.0,0.0,0.0,0.0,0.0,0.0,0.0,0.0,,0.0,1.0,0.0,0.0,0.0,0.0,,,,,,,,,,,,,,,,,,,,,,,
2023,2021013498,2023-09-25,1800095.0,田宮 裕涼,64.0,捕,8,1.0,1.0,3.0,3.0,1.0,1.0,0.0,0.0,1.0,1.0,0.0,,0.0,0.0,0.0,0.0,0.0,0.0,,,,,,,,,,,,,,,,,,,,,,,
2023,2021013498,2023-09-25,1800117.0,辰己 涼介,8.0,中,376,1.0,1.0,4.0,3.0,1.0,0.0,0.0,0.0,0.0,0.0,0.0,,1.0,1.0,0.0,0.0,0.0,0.0,,,,,,,,,,,,,,,,,,,,,,,
2023,2021013498,2023-09-25,1800118.0,太田 光,2.0,捕,376,1.0,0.0,0.0,0.0,0.0,0.0,0.0,0.0,0.0,0.0,0.0,,0.0,0.0,0.0,0.0,0.0,0.0,,,,,,,,,,,,,,,,,,,,,,,
2023,2021013498,2023-09-25,1800123.0,小郷 裕哉,51.0,右,376,1.0,1.0,5.0,3.0,0.0,0.0,0.0,0.0,0.0,0.0,0.0,,1.0,1.0,0.0,1.0,0.0,0.0,,,,,,,,,,,,,,,,,,,,,,,
2023,2021013498,2023-09-25,1800127.0,王 柏融,99.0,打,8,1.0,0.0,1.0,1.0,0.0,0.0,0.0,0.0,0.0,0.0,0.0,,0.0,1.0,0.0,0.0,0.0,0.0,,,,,,,,,,,,,,,,,,,,,,,
2023,2021013498,2023-09-25,1850932.0,奈良間 大己,58.0,遊,8,1.0,1.0,3.0,3.0,0.0,0.0,0.0,0.0,0.0,0.0,0.0,,0.0,2.0,0.0,0.0,0.0,0.0,,,,,,,,,,,,,,,,,,,,,,,
2023,2021013498,2023-09-25,1900040.0,郡司 裕也,30.0,一,8,1.0,1.0,3.0,3.0,0.0,0.0,0.0,0.0,0.0,0.0,0.0,,0.0,0.0,0.0,0.0,0.0,0.0,,,,,,,,,,,,,,,,,,,,,,,
2023,2021013498,2023-09-25,1900112.0,小深田 大翔,0.0,三左,376,1.0,1.0,5.0,4.0,2.0,3.0,1.0,0.0,0.0,2.0,1.0,,1.0,0.0,0.0,0.0,0.0,0.0,,,,,,,,,,,,,,,,,,,,,,,
2023,2021013498,2023-09-25,1961860.0,加藤 豪将,3.0,二,8,1.0,1.0,3.0,3.0,0.0,0.0,0.0,0.0,0.0,0.0,0.0,,0.0,1.0,0.0,0.0,0.0,0.0,,,,,,,,,,,,,,,,,,,,,,,
2023,2021013498,2023-09-25,2000079.0,伊藤 大海,17.0,,8,,,,,,,,,,,,,,,,,,,1.0,1.0,,7.0,10.0,3.46,8.333333333333334,8.1,,,0.0,8.0,6.0,6.0,0.0,,4.0,5.0,2.0,,37.0,139.0,
2023,2021013498,2023-09-25,2105140.0,渡辺 翔太,31.0,,376,,,,,,,,,,,,,,,,,,,2.0,1.0,0.0,8.0,2.0,1.25,1.0,1.0,,,1.0,0.0,0.0,0.0,0.0,,0.0,2.0,0.0,,3.0,14.0,
2023,2021013499,2023-09-25,20204.0,和田 毅,21.0,,12,,,,,,,,,,,,,,,,,,,1.0,1.0,,7.0,6.0,3.34,5.0,5.0,,,0.0,5.0,1.0,1.0,0.0,,0.0,8.0,0.0,,20.0,98.0,
2023,2021013499,2023-09-25,800081.0,中村 晃,7.0,右一,12,1.0,1.0,4.0,3.0,0.0,0.0,0.0,0.0,0.0,0.0,0.0,,1.0,0.0,0.0,0.0,0.0,0.0,,,,,,,,,,,,,,,,,,,,,,,
2023,2021013499,2023-09-25,1000035.0,今宮 健太,6.0,遊,12,1.0,1.0,5.0,3.0,1.0,0.0,0.0,0.0,0.0,1.0,0.0,,2.0,1.0,0.0,0.0,0.0,0.0,,,,,,,,,,,,,,,,,,,,,,,
2023,2021013499,2023-09-25,1000128.0,柳田 悠岐,9.0,指,12,1.0,1.0,5.0,4.0,0.0,0.0,0.0,0.0,0.0,1.0,0.0,,1.0,0.0,0.0,0.0,0.0,0.0,,,,,,,,,,,,,,,,,,,,,,,
2023,2021013499,2023-09-25,1000176.0,甲斐 拓也,19.0,捕,12,1.0,1.0,4.0,4.0,1.0,1.0,1.0,0.0,0.0,0.0,0.0,,0.0,1.0,0.0,0.0,0.0,0.0,,,,,,,,,,,,,,,,,,,,,,,
2023,2021013499,2023-09-25,1100096.0,石川 慎吾,50.0,左,9,1.0,1.0,4.0,4.0,1.0,1.0,0.0,0.0,0.0,0.0,0.0,,0.0,0.0,0.0,0.0,0.0,0.0,,,,,,,,,,,,,,,,,,,,,,,
2023,2021013499,2023-09-25,1100097.0,近藤 健介,3.0,左,12,1.0,1.0,5.0,2.0,2.0,2.0,0.0,0.0,1.0,2.0,0.0,,1.0,0.0,1.0,0.0,1.0,0.0,,,,,,,,,,,,,,,,,,,,,,,
2023,2021013499,2023-09-25,1300054.0,井上 晴哉,44.0,一,9,1.0,1.0,3.0,3.0,0.0,0.0,0.0,0.0,0.0,0.0,0.0,,0.0,2.0,0.0,0.0,0.0,0.0,,,,,,,,,,,,,,,,,,,,,,,
2023,2021013499,2023-09-25,1300063.0,又吉 克樹,14.0,,12,,,,,,,,,,,,,,,,,,,4.0,1.0,0.0,2.0,2.0,2.55,1.0,1.0,,,0.0,0.0,0.0,0.0,0.0,,0.0,0.0,0.0,,3.0,8.0,
2023,2021013499,2023-09-25,1300079.0,上林 誠知,51.0,走右,12,1.0,0.0,2.0,2.0,1.0,1.0,0.0,0.0,0.0,0.0,1.0,,0.0,1.0,0.0,0.0,0.0,0.0,,,,,,,,,,,,,,,,,,,,,,,
2023,2021013499,2023-09-25,1400176.0,藤井 皓哉,48.0,,12,,,,,,,,,,,,,,,,,,,3.0,1.0,0.0,5.0,3.0,2.39,1.0,1.0,,,0.0,0.0,0.0,0.0,0.0,,0.0,0.0,0.0,,3.0,9.0,
2023,2021013499,2023-09-25,1400188.0,中村 奨吾,8.0,二,9,1.0,1.0,3.0,3.0,0.0,1.0,0.0,0.0,0.0,0.0,0.0,,0.0,0.0,0.0,0.0,0.0,0.0,,,,,,,,,,,,,,,,,,,,,,,
2023,2021013499,2023-09-25,1460080.0,ポランコ,22.0,指,9,1.0,1.0,4.0,3.0,0.0,0.0,0.0,0.0,0.0,1.0,0.0,,1.0,1.0,0.0,0.0,0.0,0.0,,,,,,,,,,,,,,,,,,,,,,,
2023,2021013499,2023-09-25,1500117.0,平沢 大河,13.0,右,9,1.0,1.0,4.0,4.0,0.0,0.0,0.0,0.0,0.0,0.0,0.0,,0.0,3.0,0.0,0.0,0.0,0.0,,,,,,,,,,,,,,,,,,,,,,,
2023,2021013499,2023-09-25,1500140.0,谷川原 健太,45.0,走捕,12,1.0,0.0,0.0,0.0,0.0,0.0,0.0,0.0,0.0,0.0,0.0,,0.0,0.0,0.0,0.0,0.0,0.0,,,,,,,,,,,,,,,,,,,,,,,
2023,2021013499,2023-09-25,1500141.0,茶谷 健太,67.0,遊,9,1.0,1.0,3.0,3.0,0.0,1.0,0.0,0.0,0.0,0.0,0.0,,0.0,0.0,0.0,0.0,0.0,0.0,,,,,,,,,,,,,,,,,,,,,,,
2023,2021013499,2023-09-25,1500143.0,川瀬 晃,0.0,三一,12,1.0,0.0,2.0,2.0,0.0,2.0,0.0,0.0,0.0,2.0,0.0,,0.0,0.0,0.0,0.0,0.0,0.0,,,,,,,,,,,,,,,,,,,,,,,
2023,2021013499,2023-09-25,1600167.0,三森 大貴,13.0,二,12,1.0,1.0,5.0,5.0,0.0,1.0,1.0,0.0,0.0,1.0,0.0,,0.0,2.0,0.0,0.0,0.0,0.0,,,,,,,,,,,,,,,,,,,,,,,
2023,2021013499,2023-09-25,1700098.0,和田 康士朗,63.0,中,9,1.0,1.0,2.0,2.0,0.0,1.0,0.0,0.0,0.0,0.0,1.0,,0.0,1.0,0.0,0.0,0.0,0.0,,,,,,,,,,,,,,,,,,,,,,,
2023,2021013499,2023-09-25,1700132.0,椎野 新,34.0,,12,,,,,,,,,,,,,,,,,,,5.0,1.0,0.0,0.0,1.0,3.86,1.0,1.0,,,0.0,0.0,0.0,0.0,0.0,,2.0,1.0,0.0,,5.0,28.0,
2023,2021013499,2023-09-25,1700135.0,周東 佑京,23.0,中,12,1.0,1.0,6.0,6.0,2.0,2.0,0.0,0.0,0.0,0.0,2.0,,0.0,0.0,0.0,0.0,0.0,0.0,,,,,,,,,,,,,,,,,,,,,,,
2023,2021013499,2023-09-25,1800050.0,藤原 恭大,1.0,中,9,1.0,0.0,1.0,0.0,0.0,0.0,0.0,0.0,0.0,0.0,0.0,,1.0,0.0,0.0,0.0,0.0,0.0,,,,,,,,,,,,,,,,,,,,,,,
2023,2021013499,2023-09-25,1800051.0,東妻 勇輔,24.0,,9,,,,,,,,,,,,,,,,,,,2.0,1.0,0.0,0.0,1.0,3.09,0.3333333333333333,0.1,,,0.0,2.0,2.0,2.0,0.0,,2.0,0.0,0.0,,5.0,26.0,
2023,2021013499,2023-09-25,1800052.0,小島 和哉,14.0,,9,,,,,,,,,,,,,,,,,,,1.0,1.0,,8.0,6.0,3.68,6.666666666666667,6.2,,,0.0,6.0,7.0,7.0,2.0,,5.0,6.0,1.0,,31.0,122.0,
2023,2021013499,2023-09-25,1800054.0,中村 稔弥,48.0,,9,,,,,,,,,,,,,,,,,,,3.0,1.0,0.0,1.0,1.0,2.95,2.0,2.0,,,0.0,3.0,1.0,1.0,0.0,,1.0,1.0,0.0,,10.0,31.0,
2023,2021013499,2023-09-25,1800106.0,甲斐野 央,20.0,,12,,,,,,,,,,,,,,,,,,,2.0,1.0,0.0,2.0,1.0,2.27,1.0,1.0,,,2.0,0.0,0.0,0.0,0.0,,0.0,0.0,0.0,,3.0,5.0,
2023,2021013499,2023-09-25,1800108.0,野村 大樹,55.0,一,12,1.0,1.0,3.0,2.0,0.0,0.0,0.0,0.0,0.0,0.0,0.0,,1.0,2.0,0.0,0.0,0.0,0.0,,,,,,,,,,,,,,,,,,,,,,,
2023,2021013499,2023-09-25,1861064.0,ブロッソー,72.0,三,9,1.0,1.0,4.0,4.0,0.0,1.0,1.0,0.0,0.0,0.0,0.0,,0.0,0.0,0.0,0.0,0.0,0.0,,,,,,,,,,,,,,,,,,,,,,,
2023,2021013499,2023-09-25,1900081.0,佐藤 都志也,32.0,捕,9,1.0,1.0,4.0,4.0,0.0,0.0,0.0,0.0,0.0,0.0,0.0,,0.0,1.0,0.0,0.0,0.0,0.0,,,,,,,,,,,,,,,,,,,,,,,
2023,2021013499,2023-09-25,1900097.0,大下 誠一郎,39.0,一,9,1.0,0.0,1.0,1.0,0.0,0.0,0.0,0.0,0.0,0.0,0.0,,0.0,0.0,0.0,0.0,0.0,0.0,,,,,,,,,,,,,,,,,,,,,,,
2023,2021013499,2023-09-25,1900104.0,柳町 達,32.0,打左,12,1.0,0.0,1.0,0.0,0.0,0.0,0.0,0.0,0.0,1.0,0.0,,1.0,0.0,0.0,0.0,0.0,0.0,,,,,,,,,,,,,,,,,,,,,,,
2023,2021013499,2023-09-25,2000089.0,小川 龍成,57.0,二,9,1.0,0.0,1.0,1.0,0.0,0.0,0.0,0.0,0.0,0.0,0.0,,0.0,1.0,0.0,0.0,0.0,0.0,,,,,,,,,,,,,,,,,,,,,,,
2023,2021013499,2023-09-25,2000108.0,井上 朋也,43.0,三,12,1.0,1.0,3.0,2.0,1.0,1.0,0.0,0.0,1.0,1.0,0.0,,1.0,0.0,0.0,0.0,0.0,0.0,,,,,,,,,,,,,,,,,,,,,,,
2023,2021013499,2023-09-25,2104035.0,野村 勇,99.0,走三,12,1.0,0.0,1.0,1.0,2.0,1.0,0.0,0.0,0.0,0.0,0.0,,0.0,0.0,0.0,0.0,0.0,0.0,,,,,,,,,,,,,,,,,,,,,,,
2023,2021013499,2023-09-25,2106798.0,友杉 篤輝,10.0,走指,9,1.0,0.0,0.0,0.0,0.0,0.0,0.0,0.0,0.0,0.0,0.0,,0.0,0.0,0.0,0.0,0.0,0.0,,,,,,,,,,,,,,,,,,,,,,,
2023,2021013500,2023-09-25,12101.0,中村 剛也,60.0,打,7,1.0,0.0,1.0,1.0,0.0,0.0,0.0,0.0,0.0,0.0,0.0,,0.0,1.0,0.0,0.0,0.0,0.0,,,,,,,,,,,,,,,,,,,,,,,
2023,2021013500,2023-09-25,12102.0,栗山 巧,1.0,指,7,1.0,1.0,4.0,2.0,1.0,1.0,0.0,0.0,0.0,0.0,0.0,,2.0,0.0,0.0,0.0,0.0,0.0,,,,,,,,,,,,,,,,,,,,,,,
2023,2021013500,2023-09-25,600024.0,T-岡田,55.0,左一,11,1.0,1.0,5.0,5.0,1.0,1.0,0.0,0.0,0.0,0.0,0.0,,0.0,1.0,0.0,0.0,0.0,0.0,,,,,,,,,,,,,,,,,,,,,,,
2023,2021013500,2023-09-25,1000011.0,山田 修義,57.0,,11,,,,,,,,,,,,,,,,,,,3.0,1.0,0.0,0.0,0.0,1.17,1.0,1.0,,,0.0,1.0,0.0,0.0,0.0,,2.0,0.0,0.0,,5.0,20.0,
2023,2021013500,2023-09-25,1160424.0,ゴンザレス,8.0,二,11,1.0,1.0,4.0,3.0,0.0,1.0,0.0,0.0,0.0,0.0,0.0,,1.0,0.0,0.0,0.0,0.0,0.0,,,,,,,,,,,,,,,,,,,,,,,
2023,2021013500,2023-09-25,1300100.0,森 友哉,4.0,指,11,1.0,1.0,5.0,4.0,2.0,2.0,0.0,0.0,1.0,1.0,0.0,,0.0,1.0,1.0,0.0,0.0,0.0,,,,,,,,,,,,,,,,,,,,,,,
2023,2021013500,2023-09-25,1300109.0,若月 健矢,2.0,捕,11,1.0,1.0,4.0,4.0,0.0,0.0,0.0,0.0,0.0,0.0,0.0,,0.0,1.0,0.0,0.0,0.0,0.0,,,,,,,,,,,,,,,,,,,,,,,
2023,2021013500,2023-09-25,1400184.0,外崎 修汰,5.0,二,7,1.0,1.0,4.0,3.0,1.0,0.0,0.0,0.0,0.0,0.0,0.0,,1.0,1.0,0.0,0.0,0.0,0.0,,,,,,,,,,,,,,,,,,,,,,,
2023,2021013500,2023-09-25,1400196.0,宗 佑磨,6.0,三,11,1.0,1.0,4.0,3.0,0.0,2.0,0.0,1.0,0.0,2.0,0.0,,1.0,0.0,0.0,0.0,0.0,0.0,,,,,,,,,,,,,,,,,,,,,,,
2023,2021013500,2023-09-25,1450639.0,小木田 敦也,56.0,,11,,,,,,,,,,,,,,,,,,,2.0,1.0,0.0,4.0,0.0,2.38,1.0,1.0,,,0.0,1.0,0.0,0.0,0.0,,0.0,0.0,0.0,,4.0,19.0,
2023,2021013500,2023-09-25,1600129.0,源田 壮亮,6.0,遊,7,1.0,1.0,5.0,5.0,0.0,4.0,0.0,0.0,0.0,0.0,0.0,,0.0,1.0,0.0,0.0,0.0,0.0,,,,,,,,,,,,,,,,,,,,,,,
2023,2021013500,2023-09-25,1600131.0,平井 克典,25.0,,7,,,,,,,,,,,,,,,,,,,5.0,1.0,0.0,3.0,3.0,2.7,1.0,1.0,,,0.0,2.0,1.0,1.0,0.0,,0.0,2.0,0.0,,5.0,24.0,
2023,2021013500,2023-09-25,1600132.0,田村 伊知郎,40.0,,7,,,,,,,,,,,,,,,,,,,6.0,1.0,0.0,1.0,1.0,1.66,1.0,1.0,,,1.0,1.0,1.0,1.0,1.0,,1.0,1.0,0.0,,5.0,22.0,
2023,2021013500,2023-09-25,1600150.0,山岡 泰輔,19.0,,11,,,,,,,,,,,,,,,,,,,5.0,1.0,0.0,2.0,1.0,2.27,1.0,1.0,,,2.0,0.0,0.0,0.0,0.0,,0.0,2.0,0.0,,3.0,10.0,
2023,2021013500,2023-09-25,1700122.0,西川 愛也,51.0,中,7,1.0,1.0,4.0,4.0,0.0,1.0,0.0,0.0,0.0,1.0,0.0,,0.0,0.0,0.0,0.0,0.0,0.0,,,,,,,,,,,,,,,,,,,,,,,
2023,2021013500,2023-09-25,1750595.0,曽谷 龍平,17.0,,11,,,,,,,,,,,,,,,,,,,1.0,1.0,,0.0,2.0,4.73,5.0,5.0,,,0.0,6.0,3.0,3.0,0.0,,3.0,4.0,0.0,,23.0,102.0,
2023,2021013500,2023-09-25,1751068.0,野口 智哉,9.0,右,11,1.0,1.0,4.0,2.0,0.0,1.0,0.0,0.0,0.0,0.0,0.0,,1.0,1.0,1.0,0.0,0.0,0.0,,,,,,,,,,,,,,,,,,,,,,,
2023,2021013500,2023-09-25,1800082.0,山野辺 翔,4.0,左,7,1.0,1.0,4.0,4.0,0.0,2.0,0.0,0.0,0.0,1.0,1.0,,0.0,0.0,0.0,0.0,0.0,0.0,,,,,,,,,,,,,,,,,,,,,,,
2023,2021013500,2023-09-25,1800086.0,佐藤 龍世,58.0,三,7,1.0,1.0,4.0,3.0,1.0,0.0,0.0,0.0,0.0,0.0,0.0,,1.0,1.0,0.0,0.0,0.0,0.0,,,,,,,,,,,,,,,,,,,,,,,
2023,2021013500,2023-09-25,1800102.0,宜保 翔,53.0,走二,11,1.0,0.0,0.0,0.0,1.0,0.0,0.0,0.0,0.0,0.0,1.0,,0.0,0.0,0.0,0.0,0.0,0.0,,,,,,,,,,,,,,,,,,,,,,,
2023,2021013500,2023-09-25,1800104.0,中川 圭太,67.0,中,11,1.0,1.0,5.0,4.0,0.0,0.0,0.0,0.0,0.0,0.0,0.0,,1.0,0.0,0.0,0.0,0.0,1.0,,,,,,,,,,,,,,,,,,,,,,,
2023,2021013500,2023-09-25,1900061.0,宮川 哲,15.0,,7,,,,,,,,,,,,,,,,,,,1.0,1.0,,1.0,2.0,7.16,2.6666666666666665,2.2,,,0.0,4.0,2.0,2.0,0.0,,2.0,1.0,2.0,,16.0,63.0,
2023,2021013500,2023-09-25,1900065.0,柘植 世那,37.0,捕,7,1.0,1.0,4.0,4.0,0.0,0.0,0.0,0.0,0.0,0.0,0.0,,0.0,1.0,0.0,0.0,0.0,0.0,,,,,,,,,,,,,,,,,,,,,,,
2023,2021013500,2023-09-25,1900068.0,岸 潤一郎,68.0,右,7,1.0,1.0,4.0,3.0,0.0,0.0,0.0,0.0,0.0,0.0,0.0,,1.0,0.0,0.0,0.0,0.0,0.0,,,,,,,,,,,,,,,,,,,,,,,
2023,2021013500,2023-09-25,1900088.0,紅林 弘太郎,24.0,遊,11,1.0,1.0,4.0,4.0,0.0,1.0,0.0,0.0,0.0,1.0,0.0,,0.0,1.0,0.0,0.0,0.0,0.0,,,,,,,,,,,,,,,,,,,,,,,
2023,2021013500,2023-09-25,2000077.0,豆田 泰志,70.0,,7,,,,,,,,,,,,,,,,,,,4.0,1.0,0.0,0.0,0.0,0.66,1.0,1.0,,,0.0,1.0,0.0,0.0,0.0,,1.0,1.0,0.0,,5.0,26.0,
2023,2021013500,2023-09-25,2000078.0,水上 由伸,69.0,,7,,,,,,,,,,,,,,,,,,,2.0,1.0,0.0,0.0,1.0,1.62,1.0,1.0,,,1.0,1.0,0.0,0.0,0.0,,1.0,1.0,0.0,,5.0,21.0,
2023,2021013500,2023-09-25,2000101.0,阿部 翔太,45.0,,11,,,,,,,,,,,,,,,,,,,4.0,1.0,0.0,3.0,4.0,1.8,1.0,1.0,,,1.0,0.0,0.0,0.0,0.0,,0.0,0.0,0.0,,3.0,7.0,
2023,2021013500,2023-09-25,2103714.0,佐藤 隼輔,19.0,,7,,,,,,,,,,,,,,,,,,,3.0,1.0,0.0,1.0,2.0,2.58,1.3333333333333333,1.1,,,0.0,0.0,0.0,0.0,0.0,,0.0,0.0,0.0,,4.0,11.0,
2023,2021013500,2023-09-25,2103747.0,渡部 遼人,0.0,左,11,1.0,0.0,1.0,0.0,0.0,0.0,0.0,0.0,0.0,0.0,1.0,,1.0,0.0,0.0,0.0,0.0,0.0,,,,,,,,,,,,,,,,,,,,,,,
2023,2021013500,2023-09-25,2108196.0,マキノン,30.0,一,7,1.0,1.0,4.0,4.0,0.0,0.0,0.0,0.0,0.0,0.0,0.0,,0.0,1.0,0.0,0.0,0.0,0.0,,,,,,,,,,,,,,,,,,,,,,,
2023,2021013500,2023-09-25,2108913.0,セデーニョ,40.0,一,11,1.0,1.0,4.0,4.0,0.0,1.0,0.0,0.0,0.0,0.0,0.0,,0.0,1.0,0.0,0.0,0.0,0.0,,,,,,,,,,,,,,,,,,,,,,,
2023,2021013501,2023-09-26,500051.0,藤田 一也,23.0,打,3,1.0,0.0,1.0,1.0,0.0,0.0,0.0,0.0,0.0,0.0,0.0,,0.0,0.0,0.0,0.0,0.0,0.0,,,,,,,,,,,,,,,,,,,,,,,
2023,2021013501,2023-09-26,700003.0,坂本 勇人,6.0,三,1,1.0,1.0,4.0,4.0,0.0,1.0,0.0,0.0,0.0,0.0,0.0,,0.0,0.0,0.0,0.0,0.0,0.0,,,,,,,,,,,,,,,,,,,,,,,
2023,2021013501,2023-09-26,800043.0,丸 佳浩,8.0,打,1,1.0,0.0,1.0,1.0,0.0,0.0,0.0,0.0,0.0,0.0,0.0,,0.0,1.0,0.0,0.0,0.0,0.0,,,,,,,,,,,,,,,,,,,,,,,
2023,2021013501,2023-09-26,900011.0,大田 泰示,0.0,右,3,1.0,1.0,4.0,4.0,0.0,1.0,1.0,0.0,0.0,1.0,0.0,,0.0,0.0,0.0,0.0,0.0,0.0,,,,,,,,,,,,,,,,,,,,,,,
2023,2021013501,2023-09-26,900397.0,長野 久義,7.0,右,1,1.0,1.0,4.0,4.0,0.0,0.0,0.0,0.0,0.0,0.0,0.0,,0.0,1.0,0.0,0.0,0.0,0.0,,,,,,,,,,,,,,,,,,,,,,,
2023,2021013501,2023-09-26,1100061.0,桑原 将志,1.0,中,3,1.0,1.0,3.0,3.0,0.0,0.0,0.0,0.0,0.0,0.0,0.0,,0.0,1.0,0.0,0.0,0.0,0.0,,,,,,,,,,,,,,,,,,,,,,,
2023,2021013501,2023-09-26,1200053.0,宮崎 敏郎,51.0,三,3,1.0,1.0,3.0,3.0,0.0,0.0,0.0,0.0,0.0,0.0,0.0,,0.0,2.0,0.0,0.0,0.0,0.0,,,,,,,,,,,,,,,,,,,,,,,
2023,2021013501,2023-09-26,1300038.0,関根 大気,63.0,左,3,1.0,0.0,0.0,0.0,0.0,0.0,0.0,0.0,0.0,0.0,0.0,,0.0,0.0,0.0,0.0,0.0,0.0,,,,,,,,,,,,,,,,,,,,,,,
2023,2021013501,2023-09-26,1400101.0,岡本 和真,25.0,一,1,1.0,1.0,4.0,3.0,0.0,0.0,0.0,0.0,0.0,0.0,0.0,,1.0,1.0,0.0,0.0,0.0,0.0,,,,,,,,,,,,,,,,,,,,,,,
2023,2021013501,2023-09-26,1500047.0,重信 慎之介,43.0,走,1,1.0,0.0,0.0,0.0,0.0,0.0,0.0,0.0,0.0,0.0,0.0,,0.0,0.0,0.0,0.0,0.0,0.0,,,,,,,,,,,,,,,,,,,,,,,
2023,2021013501,2023-09-26,1561880.0,ウェンデルケン,49.0,投,3,1.0,0.0,0.0,0.0,0.0,0.0,0.0,0.0,0.0,0.0,0.0,,0.0,0.0,0.0,0.0,0.0,0.0,2.0,1.0,0.0,2.0,2.0,1.72,1.0,1.0,,,1.0,0.0,0.0,0.0,0.0,,1.0,2.0,0.0,,4.0,16.0,
2023,2021013501,2023-09-26,1600059.0,吉川 尚輝,2.0,二,1,1.0,1.0,3.0,3.0,0.0,0.0,0.0,0.0,0.0,0.0,0.0,,0.0,2.0,0.0,0.0,0.0,0.0,,,,,,,,,,,,,,,,,,,,,,,
2023,2021013501,2023-09-26,1600089.0,佐野 恵太,7.0,左,3,1.0,1.0,3.0,3.0,0.0,0.0,0.0,0.0,0.0,0.0,0.0,,0.0,1.0,0.0,0.0,0.0,0.0,,,,,,,,,,,,,,,,,,,,,,,
2023,2021013501,2023-09-26,1700020.0,ソト,99.0,一,3,1.0,1.0,3.0,3.0,0.0,1.0,0.0,0.0,0.0,0.0,0.0,,0.0,0.0,0.0,0.0,0.0,0.0,,,,,,,,,,,,,,,,,,,,,,,
2023,2021013501,2023-09-26,1700044.0,大城 卓三,24.0,捕,1,1.0,1.0,4.0,2.0,0.0,0.0,0.0,0.0,0.0,0.0,0.0,,1.0,1.0,0.0,1.0,0.0,0.0,,,,,,,,,,,,,,,,,,,,,,,
2023,2021013501,2023-09-26,1700058.0,東 克樹,11.0,投,3,1.0,1.0,2.0,2.0,0.0,0.0,0.0,0.0,0.0,0.0,0.0,,0.0,1.0,0.0,0.0,0.0,0.0,1.0,1.0,,16.0,2.0,2.03,8.0,8.0,,,0.0,5.0,0.0,0.0,0.0,,1.0,6.0,0.0,,30.0,102.0,
2023,2021013501,2023-09-26,1700066.0,山本 祐大,50.0,捕,3,1.0,1.0,3.0,3.0,1.0,1.0,0.0,0.0,0.0,0.0,0.0,,0.0,0.0,0.0,0.0,0.0,0.0,,,,,,,,,,,,,,,,,,,,,,,
2023,2021013501,2023-09-26,1850208.0,林 琢真,0.0,遊,3,1.0,1.0,3.0,3.0,0.0,1.0,0.0,0.0,0.0,0.0,1.0,,0.0,1.0,0.0,0.0,0.0,0.0,,,,,,,,,,,,,,,,,,,,,,,
2023,2021013501,2023-09-26,1860031.0,ブリンソン,42.0,中,1,1.0,1.0,3.0,3.0,0.0,1.0,0.0,0.0,0.0,0.0,0.0,,0.0,0.0,0.0,0.0,0.0,0.0,,,,,,,,,,,,,,,,,,,,,,,
2023,2021013501,2023-09-26,2000006.0,山崎 伊織,19.0,投,1,1.0,1.0,3.0,3.0,0.0,1.0,0.0,0.0,0.0,0.0,0.0,,0.0,1.0,0.0,0.0,0.0,0.0,1.0,1.0,,9.0,5.0,2.89,8.0,8.0,,,0.0,4.0,1.0,1.0,0.0,,1.0,6.0,0.0,,28.0,114.0,
2023,2021013501,2023-09-26,2000009.0,秋広 優人,55.0,左,1,1.0,1.0,4.0,4.0,0.0,1.0,0.0,0.0,0.0,0.0,0.0,,0.0,1.0,0.0,0.0,0.0,0.0,,,,,,,,,,,,,,,,,,,,,,,
2023,2021013501,2023-09-26,2000035.0,牧 秀悟,2.0,二,3,1.0,1.0,3.0,2.0,0.0,0.0,0.0,0.0,0.0,0.0,0.0,,1.0,0.0,0.0,0.0,0.0,0.0,,,,,,,,,,,,,,,,,,,,,,,
2023,2021013501,2023-09-26,2107874.0,門脇 誠,35.0,遊,1,1.0,1.0,4.0,4.0,0.0,1.0,0.0,0.0,0.0,0.0,0.0,,0.0,0.0,0.0,0.0,0.0,0.0,,,,,,,,,,,,,,,,,,,,,,,
2023,2021013502,2023-09-26,500014.0,涌井 秀章,20.0,投,4,1.0,1.0,2.0,1.0,0.0,0.0,0.0,0.0,0.0,0.0,0.0,,1.0,0.0,0.0,0.0,0.0,0.0,1.0,1.0,,5.0,13.0,3.97,6.0,6.0,,,0.0,7.0,2.0,2.0,0.0,,0.0,6.0,0.0,,24.0,102.0,
2023,2021013502,2023-09-26,700034.0,堂上 直倫,63.0,打二,4,1.0,0.0,1.0,1.0,0.0,0.0,0.0,0.0,0.0,0.0,0.0,,0.0,1.0,0.0,0.0,0.0,0.0,,,,,,,,,,,,,,,,,,,,,,,
2023,2021013502,2023-09-26,900410.0,大島 洋平,8.0,打,4,1.0,0.0,1.0,1.0,0.0,0.0,0.0,0.0,0.0,0.0,0.0,,0.0,0.0,0.0,0.0,0.0,0.0,,,,,,,,,,,,,,,,,,,,,,,
2023,2021013502,2023-09-26,900430.0,堂林 翔太,7.0,一左,6,1.0,1.0,4.0,4.0,0.0,0.0,0.0,0.0,0.0,0.0,0.0,,0.0,2.0,0.0,0.0,0.0,2.0,,,,,,,,,,,,,,,,,,,,,,,
2023,2021013502,2023-09-26,1000108.0,後藤 駿太,53.0,右,4,1.0,1.0,3.0,3.0,0.0,0.0,0.0,0.0,0.0,0.0,0.0,,0.0,1.0,0.0,0.0,0.0,0.0,,,,,,,,,,,,,,,,,,,,,,,
2023,2021013502,2023-09-26,1100082.0,菊池 涼介,33.0,二,6,1.0,1.0,4.0,4.0,0.0,0.0,0.0,0.0,0.0,0.0,0.0,,0.0,0.0,0.0,0.0,0.0,0.0,,,,,,,,,,,,,,,,,,,,,,,
2023,2021013502,2023-09-26,1200070.0,上本 崇司,0.0,中,6,1.0,1.0,4.0,4.0,1.0,2.0,0.0,0.0,0.0,0.0,1.0,,0.0,2.0,0.0,0.0,0.0,0.0,,,,,,,,,,,,,,,,,,,,,,,
2023,2021013502,2023-09-26,1300066.0,祖父江 大輔,33.0,投,4,1.0,0.0,0.0,0.0,0.0,0.0,0.0,0.0,0.0,0.0,0.0,,0.0,0.0,0.0,0.0,0.0,0.0,2.0,1.0,0.0,3.0,5.0,3.6,1.0,1.0,,,0.0,1.0,0.0,0.0,0.0,,0.0,3.0,0.0,,4.0,19.0,
2023,2021013502,2023-09-26,1300082.0,曽根 海成,0.0,右,6,1.0,0.0,0.0,0.0,0.0,0.0,0.0,0.0,0.0,0.0,0.0,,0.0,0.0,0.0,0.0,0.0,0.0,,,,,,,,,,,,,,,,,,,,,,,
2023,2021013502,2023-09-26,1460004.0,デビッドソン,95.0,三一,6,1.0,1.0,3.0,3.0,0.0,1.0,0.0,0.0,0.0,0.0,0.0,,0.0,1.0,0.0,0.0,0.0,1.0,,,,,,,,,,,,,,,,,,,,,,,
2023,2021013502,2023-09-26,1500049.0,宇佐見 真吾,39.0,打,4,1.0,0.0,1.0,1.0,0.0,0.0,0.0,0.0,0.0,0.0,0.0,,0.0,0.0,0.0,0.0,0.0,0.0,,,,,,,,,,,,,,,,,,,,,,,
2023,2021013502,2023-09-26,1500076.0,木下 拓哉,35.0,捕,4,1.0,1.0,4.0,4.0,0.0,1.0,0.0,0.0,0.0,0.0,0.0,,0.0,0.0,0.0,0.0,0.0,0.0,,,,,,,,,,,,,,,,,,,,,,,
2023,2021013502,2023-09-26,1500077.0,福 敬登,34.0,投,4,1.0,0.0,0.0,0.0,0.0,0.0,0.0,0.0,0.0,0.0,0.0,,0.0,0.0,0.0,0.0,0.0,0.0,3.0,1.0,0.0,1.0,0.0,2.65,0.6666666666666666,0.2,,,0.0,2.0,0.0,0.0,0.0,,0.0,0.0,0.0,,4.0,12.0,
2023,2021013502,2023-09-26,1500096.0,西川 龍馬,5.0,左,6,1.0,1.0,4.0,4.0,0.0,0.0,0.0,0.0,0.0,1.0,0.0,,0.0,1.0,0.0,0.0,0.0,0.0,,,,,,,,,,,,,,,,,,,,,,,
2023,2021013502,2023-09-26,1560639.0,カリステ,99.0,遊,4,1.0,1.0,4.0,4.0,0.0,1.0,0.0,0.0,0.0,0.0,0.0,,0.0,0.0,0.0,0.0,0.0,0.0,,,,,,,,,,,,,,,,,,,,,,,
2023,2021013502,2023-09-26,1600021.0,ビシエド,66.0,一,4,1.0,1.0,4.0,4.0,0.0,1.0,0.0,0.0,0.0,0.0,0.0,,0.0,0.0,0.0,0.0,0.0,0.0,,,,,,,,,,,,,,,,,,,,,,,
2023,2021013502,2023-09-26,1600085.0,細川 成也,0.0,左,4,1.0,1.0,4.0,4.0,0.0,1.0,0.0,0.0,0.0,0.0,0.0,,0.0,1.0,0.0,0.0,0.0,0.0,,,,,,,,,,,,,,,,,,,,,,,
2023,2021013502,2023-09-26,1600123.0,床田 寛樹,28.0,投,6,1.0,1.0,3.0,3.0,0.0,3.0,2.0,0.0,0.0,0.0,0.0,,0.0,0.0,0.0,0.0,0.0,0.0,1.0,1.0,,11.0,6.0,2.1,7.666666666666667,7.2,,,0.0,5.0,0.0,0.0,0.0,,1.0,4.0,0.0,,31.0,101.0,
2023,2021013502,2023-09-26,1600124.0,坂倉 将吾,31.0,捕,6,1.0,1.0,4.0,4.0,0.0,2.0,1.0,0.0,0.0,1.0,0.0,,0.0,1.0,0.0,0.0,0.0,0.0,,,,,,,,,,,,,,,,,,,,,,,
2023,2021013502,2023-09-26,1660045.0,フェリス,93.0,投,4,1.0,0.0,0.0,0.0,0.0,0.0,0.0,0.0,0.0,0.0,0.0,,0.0,0.0,0.0,0.0,0.0,0.0,4.0,1.0,0.0,1.0,0.0,3.75,0.3333333333333333,0.1,,,0.0,0.0,0.0,0.0,0.0,,0.0,0.0,0.0,,1.0,4.0,
2023,2021013502,2023-09-26,1800072.0,小園 海斗,51.0,遊三,6,1.0,1.0,4.0,4.0,1.0,2.0,1.0,1.0,0.0,0.0,0.0,,0.0,1.0,0.0,0.0,0.0,0.0,,,,,,,,,,,,,,,,,,,,,,,
2023,2021013502,2023-09-26,1800073.0,島内 颯太郎,43.0,投,6,1.0,0.0,0.0,0.0,0.0,0.0,0.0,0.0,0.0,0.0,0.0,,0.0,0.0,0.0,0.0,0.0,0.0,2.0,1.0,0.0,2.0,3.0,2.35,0.3333333333333333,0.1,,,2.0,0.0,0.0,0.0,0.0,,0.0,0.0,0.0,,1.0,5.0,
2023,2021013502,2023-09-26,1800078.0,羽月 隆太郎,69.0,走,6,1.0,0.0,0.0,0.0,0.0,0.0,0.0,0.0,0.0,0.0,0.0,,0.0,0.0,0.0,0.0,0.0,0.0,,,,,,,,,,,,,,,,,,,,,,,
2023,2021013502,2023-09-26,1900037.0,石川 昂弥,25.0,三,4,1.0,1.0,4.0,4.0,0.0,0.0,0.0,0.0,0.0,0.0,0.0,,0.0,1.0,0.0,0.0,0.0,0.0,,,,,,,,,,,,,,,,,,,,,,,
2023,2021013502,2023-09-26,1900041.0,岡林 勇希,60.0,中,4,1.0,1.0,4.0,4.0,0.0,1.0,0.0,0.0,0.0,0.0,0.0,,0.0,0.0,0.0,0.0,0.0,0.0,,,,,,,,,,,,,,,,,,,,,,,
2023,2021013502,2023-09-26,2000044.0,龍空,45.0,二,4,1.0,1.0,2.0,2.0,0.0,0.0,0.0,0.0,0.0,0.0,0.0,,0.0,0.0,0.0,0.0,0.0,0.0,,,,,,,,,,,,,,,,,,,,,,,
2023,2021013502,2023-09-26,2000060.0,栗林 良吏,20.0,投,6,1.0,0.0,0.0,0.0,0.0,0.0,0.0,0.0,0.0,0.0,0.0,,0.0,0.0,0.0,0.0,0.0,0.0,3.0,1.0,0.0,3.0,7.0,2.98,1.0,1.0,,,17.0,0.0,0.0,0.0,0.0,,0.0,0.0,0.0,,3.0,11.0,
2023,2021013502,2023-09-26,2000065.0,矢野 雅哉,61.0,遊,6,1.0,0.0,0.0,0.0,0.0,0.0,0.0,0.0,0.0,0.0,0.0,,0.0,0.0,0.0,0.0,0.0,0.0,,,,,,,,,,,,,,,,,,,,,,,
2023,2021013502,2023-09-26,2103768.0,末包 昇大,52.0,右,6,1.0,1.0,3.0,3.0,0.0,0.0,0.0,0.0,0.0,0.0,0.0,,0.0,1.0,0.0,0.0,0.0,0.0,,,,,,,,,,,,,,,,,,,,,,,
2023,2021013502,2023-09-26,2103780.0,福永 裕基,68.0,打,4,1.0,0.0,1.0,1.0,0.0,0.0,0.0,0.0,0.0,0.0,0.0,,0.0,0.0,0.0,0.0,0.0,0.0,,,,,,,,,,,,,,,,,,,,,,,
2023,2021013503,2023-09-26,700087.0,角中 勝也,3.0,左,9,1.0,1.0,3.0,3.0,0.0,0.0,0.0,0.0,0.0,0.0,0.0,,0.0,2.0,0.0,0.0,0.0,0.0,,,,,,,,,,,,,,,,,,,,,,,
2023,2021013503,2023-09-26,1000155.0,美馬 学,15.0,,9,,,,,,,,,,,,,,,,,,,1.0,1.0,,3.0,9.0,4.74,4.0,4.0,,,0.0,8.0,4.0,4.0,1.0,,1.0,2.0,0.0,,20.0,75.0,
2023,2021013503,2023-09-26,1100095.0,松本 剛,7.0,中,8,1.0,1.0,3.0,3.0,2.0,2.0,0.0,0.0,0.0,1.0,0.0,,0.0,0.0,0.0,0.0,0.0,0.0,,,,,,,,,,,,,,,,,,,,,,,
2023,2021013503,2023-09-26,1100096.0,石川 慎吾,50.0,打左,9,1.0,0.0,1.0,1.0,0.0,0.0,0.0,0.0,0.0,0.0,0.0,,0.0,1.0,0.0,0.0,0.0,0.0,,,,,,,,,,,,,,,,,,,,,,,
2023,2021013503,2023-09-26,1200096.0,田村 龍弘,27.0,捕,9,1.0,1.0,2.0,2.0,0.0,0.0,0.0,0.0,0.0,0.0,0.0,,0.0,1.0,0.0,0.0,0.0,0.0,,,,,,,,,,,,,,,,,,,,,,,
2023,2021013503,2023-09-26,1400118.0,清水 優心,10.0,捕,8,1.0,1.0,4.0,4.0,1.0,2.0,1.0,0.0,0.0,2.0,0.0,,0.0,1.0,0.0,0.0,0.0,0.0,,,,,,,,,,,,,,,,,,,,,,,
2023,2021013503,2023-09-26,1400170.0,江越 大賀,37.0,中,8,1.0,0.0,1.0,0.0,0.0,0.0,0.0,0.0,0.0,0.0,0.0,,1.0,0.0,0.0,0.0,0.0,0.0,,,,,,,,,,,,,,,,,,,,,,,
2023,2021013503,2023-09-26,1400186.0,山田 遥楓,49.0,一,8,1.0,0.0,0.0,0.0,0.0,0.0,0.0,0.0,0.0,0.0,0.0,,0.0,0.0,0.0,0.0,0.0,0.0,,,,,,,,,,,,,,,,,,,,,,,
2023,2021013503,2023-09-26,1400188.0,中村 奨吾,8.0,二,9,1.0,1.0,4.0,4.0,0.0,1.0,1.0,0.0,0.0,0.0,0.0,,0.0,1.0,0.0,0.0,0.0,0.0,,,,,,,,,,,,,,,,,,,,,,,
2023,2021013503,2023-09-26,1400190.0,岩下 大輝,46.0,,9,,,,,,,,,,,,,,,,,,,3.0,1.0,0.0,1.0,0.0,2.93,1.0,1.0,,,0.0,2.0,3.0,2.0,1.0,,1.0,0.0,0.0,,7.0,33.0,
2023,2021013503,2023-09-26,1460080.0,ポランコ,22.0,指,9,1.0,1.0,4.0,3.0,0.0,0.0,0.0,0.0,0.0,0.0,0.0,,1.0,0.0,0.0,0.0,0.0,0.0,,,,,,,,,,,,,,,,,,,,,,,
2023,2021013503,2023-09-26,1500117.0,平沢 大河,13.0,右,9,1.0,0.0,0.0,0.0,0.0,0.0,0.0,0.0,0.0,0.0,0.0,,0.0,0.0,0.0,0.0,0.0,0.0,,,,,,,,,,,,,,,,,,,,,,,
2023,2021013503,2023-09-26,1500141.0,茶谷 健太,67.0,遊,9,1.0,1.0,3.0,3.0,0.0,1.0,0.0,0.0,0.0,0.0,0.0,,0.0,1.0,0.0,0.0,0.0,0.0,,,,,,,,,,,,,,,,,,,,,,,
2023,2021013503,2023-09-26,1700025.0,清宮 幸太郎,21.0,三,8,1.0,1.0,5.0,4.0,0.0,1.0,0.0,0.0,0.0,0.0,0.0,,1.0,1.0,0.0,0.0,0.0,1.0,,,,,,,,,,,,,,,,,,,,,,,
2023,2021013503,2023-09-26,1700098.0,和田 康士朗,63.0,右,9,1.0,1.0,2.0,2.0,0.0,0.0,0.0,0.0,0.0,0.0,0.0,,0.0,1.0,0.0,0.0,0.0,0.0,,,,,,,,,,,,,,,,,,,,,,,
2023,2021013503,2023-09-26,1700106.0,山本 拓実,67.0,,8,,,,,,,,,,,,,,,,,,,3.0,1.0,0.0,0.0,0.0,1.57,1.0,1.0,,,0.0,0.0,0.0,0.0,0.0,,1.0,1.0,0.0,,3.0,12.0,
2023,2021013503,2023-09-26,1800008.0,マルティネス,2.0,一,8,1.0,1.0,4.0,4.0,1.0,1.0,0.0,0.0,0.0,0.0,0.0,,0.0,1.0,0.0,0.0,0.0,0.0,,,,,,,,,,,,,,,,,,,,,,,
2023,2021013503,2023-09-26,1800050.0,藤原 恭大,1.0,中,9,1.0,1.0,4.0,4.0,0.0,0.0,0.0,0.0,0.0,0.0,0.0,,0.0,1.0,0.0,0.0,0.0,0.0,,,,,,,,,,,,,,,,,,,,,,,
2023,2021013503,2023-09-26,1800091.0,野村 佑希,5.0,左,8,1.0,1.0,4.0,4.0,0.0,0.0,0.0,0.0,0.0,0.0,0.0,,0.0,2.0,0.0,0.0,0.0,0.0,,,,,,,,,,,,,,,,,,,,,,,
2023,2021013503,2023-09-26,1800093.0,万波 中正,66.0,右,8,1.0,1.0,5.0,4.0,1.0,1.0,0.0,0.0,1.0,2.0,0.0,,1.0,1.0,0.0,0.0,0.0,0.0,,,,,,,,,,,,,,,,,,,,,,,
2023,2021013503,2023-09-26,1800095.0,田宮 裕涼,64.0,指,8,1.0,1.0,5.0,5.0,0.0,0.0,0.0,0.0,0.0,0.0,0.0,,0.0,1.0,0.0,0.0,0.0,0.0,,,,,,,,,,,,,,,,,,,,,,,
2023,2021013503,2023-09-26,1800096.0,福田 俊,40.0,,8,,,,,,,,,,,,,,,,,,,2.0,1.0,0.0,1.0,0.0,0.0,1.0,1.0,,,0.0,0.0,0.0,0.0,0.0,,0.0,1.0,0.0,,3.0,12.0,
2023,2021013503,2023-09-26,1861064.0,ブロッソー,72.0,三,9,1.0,1.0,4.0,4.0,0.0,2.0,2.0,0.0,0.0,0.0,0.0,,0.0,1.0,0.0,0.0,0.0,1.0,,,,,,,,,,,,,,,,,,,,,,,
2023,2021013503,2023-09-26,1900081.0,佐藤 都志也,32.0,打捕,9,1.0,0.0,1.0,1.0,0.0,0.0,0.0,0.0,0.0,0.0,0.0,,0.0,0.0,0.0,0.0,0.0,0.0,,,,,,,,,,,,,,,,,,,,,,,
2023,2021013503,2023-09-26,1900083.0,横山 陸人,60.0,,9,,,,,,,,,,,,,,,,,,,4.0,1.0,0.0,2.0,3.0,5.3,2.0,2.0,,,1.0,0.0,0.0,0.0,0.0,,2.0,4.0,0.0,,8.0,38.0,
2023,2021013503,2023-09-26,1900097.0,大下 誠一郎,39.0,打,9,1.0,0.0,1.0,1.0,0.0,0.0,0.0,0.0,0.0,0.0,0.0,,0.0,0.0,0.0,0.0,0.0,0.0,,,,,,,,,,,,,,,,,,,,,,,
2023,2021013503,2023-09-26,1961850.0,ポンセ,45.0,,8,,,,,,,,,,,,,,,,,,,1.0,1.0,,4.0,5.0,3.66,7.0,7.0,,,0.0,4.0,0.0,0.0,0.0,,1.0,8.0,0.0,,26.0,100.0,
2023,2021013503,2023-09-26,1961860.0,加藤 豪将,3.0,二,8,1.0,1.0,4.0,4.0,1.0,1.0,0.0,0.0,0.0,0.0,0.0,,0.0,0.0,0.0,0.0,0.0,0.0,,,,,,,,,,,,,,,,,,,,,,,
2023,2021013503,2023-09-26,2000082.0,細川 凌平,56.0,遊,8,1.0,1.0,4.0,3.0,1.0,3.0,0.0,0.0,1.0,2.0,0.0,,1.0,0.0,0.0,0.0,0.0,0.0,,,,,,,,,,,,,,,,,,,,,,,
2023,2021013503,2023-09-26,2103693.0,池田 来翔,0.0,一,9,1.0,1.0,3.0,2.0,0.0,0.0,0.0,0.0,0.0,0.0,0.0,,1.0,1.0,0.0,0.0,0.0,0.0,,,,,,,,,,,,,,,,,,,,,,,
2023,2021013503,2023-09-26,2105534.0,高野 脩汰,34.0,,9,,,,,,,,,,,,,,,,,,,2.0,1.0,0.0,0.0,0.0,1.0,1.0,1.0,,,0.0,1.0,0.0,0.0,0.0,,0.0,1.0,0.0,,4.0,14.0,
2023,2021013504,2023-09-26,12101.0,中村 剛也,60.0,打,7,1.0,0.0,1.0,1.0,0.0,1.0,0.0,0.0,0.0,1.0,0.0,,0.0,0.0,0.0,0.0,0.0,0.0,,,,,,,,,,,,,,,,,,,,,,,
2023,2021013504,2023-09-26,12102.0,栗山 巧,1.0,指,7,1.0,1.0,5.0,5.0,0.0,1.0,1.0,0.0,0.0,3.0,0.0,,0.0,2.0,0.0,0.0,0.0,0.0,,,,,,,,,,,,,,,,,,,,,,,
2023,2021013504,2023-09-26,600024.0,T-岡田,55.0,打,11,1.0,0.0,1.0,1.0,0.0,0.0,0.0,0.0,0.0,0.0,0.0,,0.0,0.0,0.0,0.0,0.0,0.0,,,,,,,,,,,,,,,,,,,,,,,
2023,2021013504,2023-09-26,1000011.0,山田 修義,57.0,,11,,,,,,,,,,,,,,,,,,,6.0,1.0,0.0,0.0,0.0,1.15,0.6666666666666666,0.2,,,0.0,1.0,0.0,0.0,0.0,,0.0,0.0,0.0,,3.0,13.0,
2023,2021013504,2023-09-26,1300049.0,石川 亮,37.0,捕,11,1.0,1.0,3.0,3.0,0.0,1.0,0.0,0.0,0.0,0.0,0.0,,0.0,1.0,0.0,0.0,0.0,0.0,,,,,,,,,,,,,,,,,,,,,,,
2023,2021013504,2023-09-26,1300100.0,森 友哉,4.0,指,11,1.0,1.0,4.0,1.0,0.0,0.0,0.0,0.0,0.0,0.0,1.0,,3.0,0.0,0.0,0.0,0.0,0.0,,,,,,,,,,,,,,,,,,,,,,,
2023,2021013504,2023-09-26,1400184.0,外崎 修汰,5.0,二,7,1.0,1.0,5.0,4.0,0.0,1.0,0.0,0.0,0.0,1.0,0.0,,1.0,0.0,0.0,0.0,0.0,0.0,,,,,,,,,,,,,,,,,,,,,,,
2023,2021013504,2023-09-26,1500041.0,廣岡 大志,30.0,三一,11,1.0,1.0,4.0,4.0,0.0,3.0,1.0,0.0,0.0,0.0,0.0,,0.0,0.0,0.0,0.0,0.0,0.0,,,,,,,,,,,,,,,,,,,,,,,
2023,2021013504,2023-09-26,1500112.0,平沼 翔太,31.0,走指,7,1.0,0.0,0.0,0.0,1.0,0.0,0.0,0.0,0.0,0.0,0.0,,0.0,0.0,0.0,0.0,0.0,0.0,,,,,,,,,,,,,,,,,,,,,,,
2023,2021013504,2023-09-26,1500135.0,杉本 裕太郎,99.0,左,11,1.0,1.0,4.0,4.0,0.0,0.0,0.0,0.0,0.0,0.0,0.0,,0.0,1.0,0.0,0.0,0.0,0.0,,,,,,,,,,,,,,,,,,,,,,,
2023,2021013504,2023-09-26,1600129.0,源田 壮亮,6.0,遊,7,1.0,1.0,5.0,4.0,1.0,1.0,0.0,0.0,0.0,1.0,0.0,,1.0,0.0,0.0,0.0,0.0,0.0,,,,,,,,,,,,,,,,,,,,,,,
2023,2021013504,2023-09-26,1600130.0,鈴木 将平,46.0,打左,7,1.0,0.0,1.0,1.0,1.0,1.0,0.0,0.0,0.0,0.0,0.0,,0.0,0.0,0.0,0.0,0.0,0.0,,,,,,,,,,,,,,,,,,,,,,,
2023,2021013504,2023-09-26,1600132.0,田村 伊知郎,40.0,,7,,,,,,,,,,,,,,,,,,,2.0,1.0,0.0,2.0,1.0,1.59,1.0,1.0,,,1.0,0.0,0.0,0.0,0.0,,0.0,0.0,0.0,,3.0,12.0,
2023,2021013504,2023-09-26,1600151.0,黒木 優太,54.0,,11,,,,,,,,,,,,,,,,,,,2.0,1.0,0.0,1.0,4.0,3.91,2.0,2.0,,,0.0,1.0,1.0,1.0,0.0,,1.0,2.0,0.0,,7.0,28.0,
2023,2021013504,2023-09-26,1600155.0,山崎 颯一郎,63.0,,11,,,,,,,,,,,,,,,,,,,5.0,1.0,0.0,1.0,1.0,2.08,0.3333333333333333,0.1,,,9.0,5.0,6.0,6.0,0.0,,1.0,0.0,0.0,,7.0,28.0,
2023,2021013504,2023-09-26,1700111.0,福田 周平,1.0,右,11,1.0,1.0,4.0,3.0,0.0,0.0,0.0,0.0,0.0,0.0,0.0,,0.0,3.0,0.0,1.0,0.0,0.0,,,,,,,,,,,,,,,,,,,,,,,
2023,2021013504,2023-09-26,1700122.0,西川 愛也,51.0,中,7,1.0,1.0,4.0,2.0,0.0,0.0,0.0,0.0,0.0,0.0,0.0,,0.0,1.0,1.0,1.0,0.0,0.0,,,,,,,,,,,,,,,,,,,,,,,
2023,2021013504,2023-09-26,1750207.0,大里 昂生,64.0,三,11,1.0,0.0,0.0,0.0,0.0,0.0,0.0,0.0,0.0,0.0,0.0,,0.0,0.0,0.0,0.0,0.0,0.0,,,,,,,,,,,,,,,,,,,,,,,
2023,2021013504,2023-09-26,1750472.0,古賀 悠斗,22.0,捕,7,1.0,1.0,3.0,2.0,1.0,1.0,0.0,0.0,0.0,0.0,0.0,,1.0,0.0,0.0,0.0,0.0,1.0,,,,,,,,,,,,,,,,,,,,,,,
2023,2021013504,2023-09-26,1800080.0,松本 航,17.0,,7,,,,,,,,,,,,,,,,,,,1.0,1.0,,5.0,8.0,3.61,7.0,7.0,,,0.0,5.0,1.0,1.0,0.0,,5.0,7.0,0.0,,30.0,112.0,
2023,2021013504,2023-09-26,1800082.0,山野辺 翔,4.0,左,7,1.0,1.0,4.0,2.0,0.0,0.0,0.0,0.0,0.0,0.0,0.0,,0.0,0.0,1.0,1.0,0.0,0.0,,,,,,,,,,,,,,,,,,,,,,,
2023,2021013504,2023-09-26,1800086.0,佐藤 龍世,58.0,三,7,1.0,1.0,5.0,3.0,1.0,1.0,0.0,1.0,0.0,0.0,0.0,,1.0,1.0,1.0,0.0,0.0,0.0,,,,,,,,,,,,,,,,,,,,,,,
2023,2021013504,2023-09-26,1800102.0,宜保 翔,53.0,二,11,1.0,1.0,4.0,2.0,1.0,0.0,0.0,0.0,0.0,0.0,0.0,,2.0,0.0,0.0,0.0,0.0,0.0,,,,,,,,,,,,,,,,,,,,,,,
2023,2021013504,2023-09-26,1800104.0,中川 圭太,67.0,中,11,1.0,1.0,4.0,4.0,0.0,1.0,0.0,0.0,0.0,1.0,0.0,,0.0,1.0,0.0,0.0,0.0,0.0,,,,,,,,,,,,,,,,,,,,,,,
2023,2021013504,2023-09-26,1900065.0,柘植 世那,37.0,捕,7,1.0,0.0,0.0,0.0,0.0,0.0,0.0,0.0,0.0,0.0,0.0,,0.0,0.0,0.0,0.0,0.0,0.0,,,,,,,,,,,,,,,,,,,,,,,
2023,2021013504,2023-09-26,1900068.0,岸 潤一郎,68.0,右,7,1.0,1.0,5.0,4.0,1.0,2.0,0.0,0.0,0.0,0.0,0.0,,1.0,1.0,0.0,0.0,0.0,0.0,,,,,,,,,,,,,,,,,,,,,,,
2023,2021013504,2023-09-26,1900088.0,紅林 弘太郎,24.0,遊,11,1.0,1.0,4.0,4.0,0.0,1.0,1.0,0.0,0.0,0.0,0.0,,0.0,1.0,0.0,0.0,0.0,0.0,,,,,,,,,,,,,,,,,,,,,,,
2023,2021013504,2023-09-26,1961077.0,ワゲスパック,58.0,,11,,,,,,,,,,,,,,,,,,,3.0,1.0,0.0,4.0,7.0,5.62,1.0,1.0,,,2.0,0.0,0.0,0.0,0.0,,1.0,2.0,0.0,,4.0,28.0,
2023,2021013504,2023-09-26,2000104.0,宇田川 優希,96.0,,11,,,,,,,,,,,,,,,,,,,4.0,1.0,0.0,4.0,0.0,1.9,1.0,1.0,,,2.0,0.0,0.0,0.0,0.0,,1.0,1.0,1.0,,5.0,25.0,
2023,2021013504,2023-09-26,2105684.0,児玉 亮涼,0.0,走三,7,1.0,0.0,0.0,0.0,1.0,0.0,0.0,0.0,0.0,0.0,0.0,,0.0,0.0,0.0,0.0,0.0,0.0,,,,,,,,,,,,,,,,,,,,,,,
2023,2021013504,2023-09-26,2106286.0,青山 美夏人,29.0,,7,,,,,,,,,,,,,,,,,,,3.0,1.0,0.0,0.0,1.0,3.16,1.0,1.0,,,3.0,1.0,0.0,0.0,0.0,,0.0,0.0,0.0,,3.0,6.0,
2023,2021013504,2023-09-26,2107849.0,齋藤 響介,26.0,,11,,,,,,,,,,,,,,,,,,,1.0,1.0,,0.0,0.0,0.0,4.0,4.0,,,0.0,2.0,0.0,0.0,0.0,,2.0,3.0,2.0,,17.0,73.0,
2023,2021013504,2023-09-26,2108196.0,マキノン,30.0,一,7,1.0,1.0,5.0,4.0,0.0,0.0,0.0,0.0,0.0,0.0,0.0,,1.0,3.0,0.0,0.0,0.0,0.0,,,,,,,,,,,,,,,,,,,,,,,
2023,2021013504,2023-09-26,2108913.0,セデーニョ,40.0,一,11,1.0,1.0,4.0,4.0,0.0,0.0,0.0,0.0,0.0,0.0,0.0,,0.0,0.0,0.0,0.0,0.0,0.0,,,,,,,,,,,,,,,,,,,,,,,
2023,2021013505,2023-09-27,700034.0,堂上 直倫,63.0,打三,4,1.0,0.0,1.0,1.0,0.0,0.0,0.0,0.0,0.0,0.0,0.0,,0.0,0.0,0.0,0.0,0.0,0.0,,,,,,,,,,,,,,,,,,,,,,,
2023,2021013505,2023-09-27,900426.0,原口 文仁,94.0,打,5,1.0,0.0,1.0,1.0,0.0,0.0,0.0,0.0,0.0,0.0,0.0,,0.0,0.0,0.0,0.0,0.0,0.0,,,,,,,,,,,,,,,,,,,,,,,
2023,2021013505,2023-09-27,1000108.0,後藤 駿太,53.0,右,4,1.0,0.0,0.0,0.0,0.0,0.0,0.0,0.0,0.0,0.0,0.0,,0.0,0.0,0.0,0.0,0.0,0.0,,,,,,,,,,,,,,,,,,,,,,,
2023,2021013505,2023-09-27,1300042.0,渡邉 諒,25.0,打,5,1.0,0.0,1.0,1.0,0.0,0.0,0.0,0.0,0.0,0.0,0.0,,0.0,0.0,0.0,0.0,0.0,0.0,,,,,,,,,,,,,,,,,,,,,,,
2023,2021013505,2023-09-27,1400199.0,齋藤 綱記,59.0,投,4,1.0,0.0,0.0,0.0,0.0,0.0,0.0,0.0,0.0,0.0,0.0,,0.0,0.0,0.0,0.0,0.0,0.0,4.0,1.0,0.0,2.0,0.0,0.77,1.0,1.0,,,0.0,0.0,0.0,0.0,0.0,,1.0,1.0,0.0,,3.0,13.0,
2023,2021013505,2023-09-27,1500049.0,宇佐見 真吾,39.0,捕,4,1.0,1.0,4.0,4.0,0.0,1.0,0.0,0.0,0.0,0.0,0.0,,0.0,0.0,0.0,0.0,0.0,0.0,,,,,,,,,,,,,,,,,,,,,,,
2023,2021013505,2023-09-27,1500076.0,木下 拓哉,35.0,打捕,4,1.0,0.0,1.0,1.0,0.0,0.0,0.0,0.0,0.0,0.0,0.0,,0.0,0.0,0.0,0.0,0.0,0.0,,,,,,,,,,,,,,,,,,,,,,,
2023,2021013505,2023-09-27,1500087.0,坂本 誠志郎,12.0,捕,5,1.0,1.0,3.0,3.0,0.0,0.0,0.0,0.0,0.0,0.0,0.0,,0.0,1.0,0.0,0.0,0.0,0.0,,,,,,,,,,,,,,,,,,,,,,,
2023,2021013505,2023-09-27,1560639.0,カリステ,99.0,遊三,4,1.0,1.0,4.0,3.0,2.0,1.0,0.0,0.0,0.0,0.0,0.0,,1.0,0.0,0.0,0.0,0.0,0.0,,,,,,,,,,,,,,,,,,,,,,,
2023,2021013505,2023-09-27,1600021.0,ビシエド,66.0,一,4,1.0,1.0,4.0,3.0,0.0,1.0,0.0,0.0,0.0,1.0,0.0,,0.0,0.0,0.0,0.0,1.0,0.0,,,,,,,,,,,,,,,,,,,,,,,
2023,2021013505,2023-09-27,1600085.0,細川 成也,0.0,右,4,1.0,1.0,5.0,4.0,3.0,2.0,0.0,0.0,2.0,4.0,0.0,,1.0,0.0,0.0,0.0,0.0,0.0,,,,,,,,,,,,,,,,,,,,,,,
2023,2021013505,2023-09-27,1600108.0,石垣 雅海,32.0,走二,4,1.0,0.0,0.0,0.0,0.0,0.0,0.0,0.0,0.0,0.0,0.0,,0.0,0.0,0.0,0.0,0.0,0.0,,,,,,,,,,,,,,,,,,,,,,,
2023,2021013505,2023-09-27,1600113.0,大山 悠輔,3.0,一,5,1.0,1.0,4.0,3.0,1.0,1.0,0.0,0.0,1.0,2.0,0.0,,1.0,0.0,0.0,0.0,0.0,0.0,,,,,,,,,,,,,,,,,,,,,,,
2023,2021013505,2023-09-27,1660045.0,フェリス,93.0,投,4,1.0,0.0,0.0,0.0,0.0,0.0,0.0,0.0,0.0,0.0,0.0,,0.0,0.0,0.0,0.0,0.0,0.0,3.0,1.0,0.0,1.0,0.0,3.46,1.0,1.0,,,0.0,0.0,0.0,0.0,0.0,,0.0,2.0,0.0,,3.0,14.0,
2023,2021013505,2023-09-27,1660558.0,メヒア,91.0,投,4,1.0,1.0,3.0,2.0,0.0,0.0,0.0,0.0,0.0,0.0,0.0,,0.0,1.0,0.0,1.0,0.0,0.0,1.0,1.0,,3.0,1.0,2.23,6.333333333333333,6.1,,,0.0,8.0,2.0,2.0,1.0,,1.0,1.0,1.0,,28.0,109.0,
2023,2021013505,2023-09-27,1700080.0,島田 海吏,53.0,左,5,1.0,0.0,0.0,0.0,0.0,0.0,0.0,0.0,0.0,0.0,0.0,,0.0,0.0,0.0,0.0,0.0,0.0,,,,,,,,,,,,,,,,,,,,,,,
2023,2021013505,2023-09-27,1800061.0,勝野 昌慶,41.0,投,4,1.0,0.0,0.0,0.0,0.0,0.0,0.0,0.0,0.0,0.0,0.0,,0.0,0.0,0.0,0.0,0.0,0.0,2.0,1.0,0.0,5.0,2.0,2.09,0.6666666666666666,0.2,,,1.0,0.0,0.0,0.0,0.0,,0.0,1.0,0.0,,2.0,11.0,
2023,2021013505,2023-09-27,1800065.0,近本 光司,5.0,中,5,1.0,1.0,4.0,3.0,0.0,0.0,0.0,0.0,0.0,0.0,0.0,,0.0,0.0,1.0,0.0,0.0,0.0,,,,,,,,,,,,,,,,,,,,,,,
2023,2021013505,2023-09-27,1800067.0,木浪 聖也,0.0,遊,5,1.0,1.0,4.0,3.0,0.0,2.0,1.0,0.0,0.0,0.0,0.0,,1.0,0.0,0.0,0.0,0.0,1.0,,,,,,,,,,,,,,,,,,,,,,,
2023,2021013505,2023-09-27,1850183.0,森下 翔太,1.0,右,5,1.0,1.0,4.0,4.0,1.0,2.0,0.0,0.0,0.0,0.0,0.0,,0.0,1.0,0.0,0.0,0.0,0.0,,,,,,,,,,,,,,,,,,,,,,,
2023,2021013505,2023-09-27,1900037.0,石川 昂弥,25.0,三,4,1.0,1.0,4.0,4.0,0.0,1.0,1.0,0.0,0.0,1.0,0.0,,0.0,1.0,0.0,0.0,0.0,0.0,,,,,,,,,,,,,,,,,,,,,,,
2023,2021013505,2023-09-27,1900041.0,岡林 勇希,60.0,中,4,1.0,1.0,5.0,5.0,1.0,1.0,0.0,0.0,0.0,1.0,0.0,,0.0,1.0,0.0,0.0,0.0,0.0,,,,,,,,,,,,,,,,,,,,,,,
2023,2021013505,2023-09-27,1900044.0,西 純矢,15.0,投,5,1.0,0.0,0.0,0.0,0.0,0.0,0.0,0.0,0.0,0.0,0.0,,0.0,0.0,0.0,0.0,0.0,0.0,2.0,1.0,0.0,5.0,2.0,3.86,2.0,2.0,,,0.0,2.0,2.0,2.0,0.0,,3.0,0.0,0.0,,11.0,36.0,
2023,2021013505,2023-09-27,1900046.0,及川 雅貴,37.0,投,5,1.0,0.0,0.0,0.0,0.0,0.0,0.0,0.0,0.0,0.0,0.0,,0.0,0.0,0.0,0.0,0.0,0.0,3.0,1.0,0.0,3.0,1.0,2.36,1.3333333333333333,1.1,,,0.0,0.0,0.0,0.0,0.0,,0.0,2.0,0.0,,4.0,16.0,
2023,2021013505,2023-09-27,1900050.0,小野寺 暖,60.0,打,5,1.0,0.0,1.0,1.0,0.0,0.0,0.0,0.0,0.0,0.0,0.0,,0.0,1.0,0.0,0.0,0.0,0.0,,,,,,,,,,,,,,,,,,,,,,,
2023,2021013505,2023-09-27,1961251.0,ミエセス,55.0,打,5,1.0,0.0,1.0,1.0,0.0,0.0,0.0,0.0,0.0,0.0,0.0,,0.0,0.0,0.0,0.0,0.0,0.0,,,,,,,,,,,,,,,,,,,,,,,
2023,2021013505,2023-09-27,1961285.0,ノイジー,7.0,左,5,1.0,1.0,4.0,4.0,0.0,1.0,0.0,0.0,0.0,0.0,0.0,,0.0,1.0,0.0,0.0,0.0,0.0,,,,,,,,,,,,,,,,,,,,,,,
2023,2021013505,2023-09-27,2000044.0,龍空,45.0,二遊,4,1.0,1.0,4.0,3.0,1.0,1.0,0.0,0.0,0.0,0.0,0.0,,1.0,1.0,0.0,0.0,0.0,0.0,,,,,,,,,,,,,,,,,,,,,,,
2023,2021013505,2023-09-27,2000047.0,三好 大倫,30.0,左,4,1.0,1.0,4.0,3.0,0.0,0.0,0.0,0.0,0.0,0.0,1.0,,1.0,1.0,0.0,0.0,0.0,0.0,,,,,,,,,,,,,,,,,,,,,,,
2023,2021013505,2023-09-27,2000051.0,佐藤 輝明,8.0,三,5,1.0,1.0,4.0,4.0,0.0,1.0,0.0,0.0,0.0,0.0,0.0,,0.0,1.0,0.0,0.0,0.0,0.0,,,,,,,,,,,,,,,,,,,,,,,
2023,2021013505,2023-09-27,2000056.0,中野 拓夢,51.0,二,5,1.0,1.0,4.0,4.0,0.0,1.0,0.0,0.0,0.0,0.0,0.0,,0.0,0.0,0.0,0.0,0.0,0.0,,,,,,,,,,,,,,,,,,,,,,,
2023,2021013505,2023-09-27,2103848.0,岡留 英貴,64.0,投,5,1.0,0.0,0.0,0.0,0.0,0.0,0.0,0.0,0.0,0.0,0.0,,0.0,0.0,0.0,0.0,0.0,0.0,4.0,1.0,0.0,0.0,0.0,0.0,0.6666666666666666,0.2,,,0.0,0.0,0.0,0.0,0.0,,0.0,0.0,0.0,,2.0,7.0,
2023,2021013505,2023-09-27,2106172.0,富田 蓮,50.0,投,5,1.0,1.0,1.0,0.0,0.0,0.0,0.0,0.0,0.0,0.0,0.0,,0.0,0.0,0.0,1.0,0.0,0.0,1.0,1.0,,1.0,2.0,4.5,5.0,5.0,,,0.0,6.0,5.0,3.0,2.0,,1.0,3.0,0.0,,22.0,71.0,
2023,2021013506,2023-09-27,700087.0,角中 勝也,3.0,右,9,1.0,1.0,4.0,4.0,0.0,1.0,0.0,0.0,0.0,0.0,0.0,,0.0,1.0,0.0,0.0,0.0,0.0,,,,,,,,,,,,,,,,,,,,,,,
2023,2021013506,2023-09-27,900069.0,中島 卓也,9.0,走三,8,1.0,0.0,0.0,0.0,0.0,0.0,0.0,0.0,0.0,0.0,0.0,,0.0,0.0,0.0,0.0,0.0,0.0,,,,,,,,,,,,,,,,,,,,,,,
2023,2021013506,2023-09-27,1100095.0,松本 剛,7.0,中,8,1.0,1.0,4.0,4.0,0.0,1.0,0.0,0.0,0.0,0.0,0.0,,0.0,1.0,0.0,0.0,0.0,0.0,,,,,,,,,,,,,,,,,,,,,,,
2023,2021013506,2023-09-27,1100096.0,石川 慎吾,50.0,左,9,1.0,1.0,4.0,4.0,0.0,1.0,0.0,0.0,0.0,1.0,0.0,,0.0,0.0,0.0,0.0,0.0,0.0,,,,,,,,,,,,,,,,,,,,,,,
2023,2021013506,2023-09-27,1100104.0,益田 直也,52.0,,9,,,,,,,,,,,,,,,,,,,4.0,1.0,0.0,2.0,5.0,3.71,1.0,1.0,,,36.0,0.0,0.0,0.0,0.0,,0.0,3.0,0.0,,3.0,16.0,
2023,2021013506,2023-09-27,1200080.0,谷内 亮太,32.0,三一二遊右,8,1.0,1.0,2.0,2.0,0.0,1.0,0.0,0.0,0.0,1.0,0.0,,0.0,0.0,0.0,0.0,0.0,0.0,,,,,,,,,,,,,,,,,,,,,,,
2023,2021013506,2023-09-27,1200096.0,田村 龍弘,27.0,捕,9,1.0,1.0,4.0,4.0,0.0,0.0,0.0,0.0,0.0,0.0,0.0,,0.0,0.0,0.0,0.0,0.0,0.0,,,,,,,,,,,,,,,,,,,,,,,
2023,2021013506,2023-09-27,1400118.0,清水 優心,10.0,捕,8,1.0,1.0,3.0,3.0,0.0,1.0,0.0,0.0,0.0,0.0,0.0,,0.0,1.0,0.0,0.0,0.0,0.0,,,,,,,,,,,,,,,,,,,,,,,
2023,2021013506,2023-09-27,1400188.0,中村 奨吾,8.0,二,9,1.0,1.0,4.0,4.0,0.0,0.0,0.0,0.0,0.0,0.0,0.0,,0.0,2.0,0.0,0.0,0.0,0.0,,,,,,,,,,,,,,,,,,,,,,,
2023,2021013506,2023-09-27,1460080.0,ポランコ,22.0,指,9,1.0,1.0,4.0,4.0,0.0,0.0,0.0,0.0,0.0,0.0,0.0,,0.0,1.0,0.0,0.0,0.0,0.0,,,,,,,,,,,,,,,,,,,,,,,
2023,2021013506,2023-09-27,1500109.0,上原 健太,20.0,,8,,,,,,,,,,,,,,,,,,,1.0,1.0,,4.0,7.0,2.75,5.0,5.0,,,0.0,5.0,4.0,2.0,0.0,,1.0,2.0,1.0,,21.0,73.0,
2023,2021013506,2023-09-27,1500117.0,平沢 大河,13.0,右,9,1.0,0.0,0.0,0.0,0.0,0.0,0.0,0.0,0.0,0.0,0.0,,0.0,0.0,0.0,0.0,0.0,0.0,,,,,,,,,,,,,,,,,,,,,,,
2023,2021013506,2023-09-27,1500141.0,茶谷 健太,67.0,遊,9,1.0,1.0,4.0,1.0,1.0,1.0,0.0,0.0,0.0,0.0,0.0,,2.0,0.0,1.0,0.0,0.0,0.0,,,,,,,,,,,,,,,,,,,,,,,
2023,2021013506,2023-09-27,1600139.0,玉井 大翔,19.0,,8,,,,,,,,,,,,,,,,,,,3.0,1.0,0.0,0.0,2.0,2.5,1.0,1.0,,,2.0,1.0,0.0,0.0,0.0,,0.0,0.0,0.0,,4.0,12.0,
2023,2021013506,2023-09-27,1600157.0,澤田 圭佑,66.0,,9,,,,,,,,,,,,,,,,,,,3.0,1.0,0.0,2.0,0.0,1.32,1.0,1.0,,,0.0,1.0,1.0,1.0,0.0,,2.0,1.0,0.0,,6.0,26.0,
2023,2021013506,2023-09-27,1700025.0,清宮 幸太郎,21.0,一三,8,1.0,1.0,4.0,3.0,0.0,0.0,0.0,0.0,0.0,0.0,0.0,,1.0,0.0,0.0,0.0,0.0,0.0,,,,,,,,,,,,,,,,,,,,,,,
2023,2021013506,2023-09-27,1700098.0,和田 康士朗,63.0,中左,9,1.0,1.0,4.0,4.0,2.0,2.0,0.0,1.0,0.0,2.0,0.0,,0.0,0.0,0.0,0.0,0.0,0.0,,,,,,,,,,,,,,,,,,,,,,,
2023,2021013506,2023-09-27,1800008.0,マルティネス,2.0,指,8,1.0,1.0,4.0,4.0,1.0,1.0,1.0,0.0,0.0,0.0,0.0,,0.0,2.0,0.0,0.0,0.0,0.0,,,,,,,,,,,,,,,,,,,,,,,
2023,2021013506,2023-09-27,1800037.0,坂本 光士郎,36.0,,9,,,,,,,,,,,,,,,,,,,2.0,1.0,0.0,1.0,0.0,3.27,1.0,1.0,,,0.0,0.0,0.0,0.0,0.0,,0.0,1.0,0.0,,3.0,12.0,
2023,2021013506,2023-09-27,1800050.0,藤原 恭大,1.0,中,9,1.0,0.0,1.0,1.0,0.0,0.0,0.0,0.0,0.0,0.0,0.0,,0.0,1.0,0.0,0.0,0.0,0.0,,,,,,,,,,,,,,,,,,,,,,,
2023,2021013506,2023-09-27,1800091.0,野村 佑希,5.0,左,8,1.0,1.0,4.0,4.0,0.0,0.0,0.0,0.0,0.0,1.0,0.0,,0.0,1.0,0.0,0.0,0.0,0.0,,,,,,,,,,,,,,,,,,,,,,,
2023,2021013506,2023-09-27,1800093.0,万波 中正,66.0,右一右,8,1.0,1.0,4.0,4.0,0.0,2.0,0.0,0.0,0.0,0.0,0.0,,0.0,1.0,0.0,0.0,0.0,1.0,,,,,,,,,,,,,,,,,,,,,,,
2023,2021013506,2023-09-27,1850932.0,奈良間 大己,58.0,遊,8,1.0,0.0,1.0,1.0,0.0,0.0,0.0,0.0,0.0,0.0,0.0,,0.0,1.0,0.0,0.0,0.0,0.0,,,,,,,,,,,,,,,,,,,,,,,
2023,2021013506,2023-09-27,1861064.0,ブロッソー,72.0,三,9,1.0,1.0,5.0,4.0,0.0,1.0,0.0,0.0,0.0,1.0,0.0,,0.0,0.0,0.0,0.0,1.0,0.0,,,,,,,,,,,,,,,,,,,,,,,
2023,2021013506,2023-09-27,1900040.0,郡司 裕也,30.0,打,8,1.0,0.0,1.0,1.0,0.0,0.0,0.0,0.0,0.0,0.0,0.0,,0.0,1.0,0.0,0.0,0.0,0.0,,,,,,,,,,,,,,,,,,,,,,,
2023,2021013506,2023-09-27,1900070.0,河野 竜生,28.0,,8,,,,,,,,,,,,,,,,,,,4.0,1.0,0.0,1.0,4.0,1.88,1.0,1.0,,,0.0,1.0,0.0,0.0,0.0,,1.0,1.0,0.0,,5.0,15.0,
2023,2021013506,2023-09-27,1900073.0,鈴木 健矢,47.0,,8,,,,,,,,,,,,,,,,,,,5.0,1.0,0.0,6.0,4.0,2.71,1.0,1.0,,,0.0,0.0,0.0,0.0,0.0,,0.0,1.0,0.0,,3.0,16.0,
2023,2021013506,2023-09-27,1900081.0,佐藤 都志也,32.0,一,9,1.0,1.0,4.0,3.0,1.0,2.0,0.0,0.0,0.0,0.0,0.0,,0.0,0.0,1.0,0.0,0.0,0.0,,,,,,,,,,,,,,,,,,,,,,,
2023,2021013506,2023-09-27,1961860.0,加藤 豪将,3.0,二一二一,8,1.0,1.0,4.0,4.0,0.0,0.0,0.0,0.0,0.0,0.0,0.0,,0.0,1.0,0.0,0.0,0.0,0.0,,,,,,,,,,,,,,,,,,,,,,,
2023,2021013506,2023-09-27,2000082.0,細川 凌平,56.0,遊二遊二,8,1.0,1.0,3.0,2.0,1.0,0.0,0.0,0.0,0.0,0.0,0.0,,1.0,1.0,0.0,0.0,0.0,0.0,,,,,,,,,,,,,,,,,,,,,,,
2023,2021013506,2023-09-27,2101291.0,カスティーヨ,41.0,,9,,,,,,,,,,,,,,,,,,,1.0,1.0,,3.0,3.0,3.12,6.0,6.0,,,0.0,5.0,1.0,1.0,0.0,,0.0,5.0,0.0,,22.0,82.0,
2023,2021013506,2023-09-27,2103731.0,長谷川 威展,53.0,,8,,,,,,,,,,,,,,,,,,,2.0,1.0,0.0,0.0,0.0,1.23,1.0,1.0,,,0.0,1.0,0.0,0.0,0.0,,0.0,1.0,1.0,,5.0,20.0,
2023,2021013507,2023-09-27,12101.0,中村 剛也,60.0,指,7,1.0,1.0,4.0,4.0,0.0,0.0,0.0,0.0,0.0,0.0,0.0,,0.0,2.0,0.0,0.0,0.0,0.0,,,,,,,,,,,,,,,,,,,,,,,
2023,2021013507,2023-09-27,600020.0,銀次,33.0,打,376,1.0,0.0,1.0,1.0,0.0,0.0,0.0,0.0,0.0,0.0,0.0,,0.0,0.0,0.0,0.0,0.0,0.0,,,,,,,,,,,,,,,,,,,,,,,
2023,2021013507,2023-09-27,900056.0,浅村 栄斗,3.0,二,376,1.0,1.0,4.0,3.0,0.0,0.0,0.0,0.0,0.0,0.0,0.0,,1.0,0.0,0.0,0.0,0.0,0.0,,,,,,,,,,,,,,,,,,,,,,,
2023,2021013507,2023-09-27,1100103.0,鈴木 大地,7.0,打,376,1.0,0.0,1.0,0.0,0.0,0.0,0.0,0.0,0.0,0.0,0.0,,1.0,0.0,0.0,0.0,0.0,0.0,,,,,,,,,,,,,,,,,,,,,,,
2023,2021013507,2023-09-27,1100130.0,岡島 豪郎,27.0,左,376,1.0,1.0,4.0,4.0,0.0,0.0,0.0,0.0,0.0,0.0,0.0,,0.0,0.0,0.0,0.0,0.0,0.0,,,,,,,,,,,,,,,,,,,,,,,
2023,2021013507,2023-09-27,1100132.0,島内 宏明,35.0,指,376,1.0,1.0,4.0,3.0,0.0,1.0,0.0,0.0,0.0,0.0,0.0,,1.0,0.0,0.0,0.0,0.0,0.0,,,,,,,,,,,,,,,,,,,,,,,
2023,2021013507,2023-09-27,1200117.0,則本 昂大,14.0,,376,,,,,,,,,,,,,,,,,,,1.0,1.0,,8.0,6.0,2.52,7.0,7.0,,,0.0,4.0,1.0,0.0,0.0,,0.0,6.0,0.0,,26.0,107.0,
2023,2021013507,2023-09-27,1400184.0,外崎 修汰,5.0,二,7,1.0,1.0,3.0,3.0,1.0,1.0,0.0,0.0,0.0,0.0,0.0,,0.0,1.0,0.0,0.0,0.0,0.0,,,,,,,,,,,,,,,,,,,,,,,
2023,2021013507,2023-09-27,1500078.0,阿部 寿樹,4.0,一,376,1.0,1.0,3.0,3.0,1.0,2.0,1.0,0.0,0.0,0.0,0.0,,0.0,0.0,0.0,0.0,0.0,0.0,,,,,,,,,,,,,,,,,,,,,,,
2023,2021013507,2023-09-27,1500102.0,愛斗,53.0,右,7,1.0,1.0,3.0,2.0,0.0,0.0,0.0,0.0,0.0,0.0,0.0,,0.0,1.0,0.0,1.0,0.0,0.0,,,,,,,,,,,,,,,,,,,,,,,
2023,2021013507,2023-09-27,1600007.0,村林 一輝,66.0,遊,376,1.0,1.0,5.0,3.0,0.0,0.0,0.0,0.0,0.0,0.0,0.0,,2.0,1.0,0.0,0.0,0.0,1.0,,,,,,,,,,,,,,,,,,,,,,,
2023,2021013507,2023-09-27,1600129.0,源田 壮亮,6.0,遊,7,1.0,1.0,4.0,4.0,0.0,0.0,0.0,0.0,0.0,0.0,0.0,,0.0,0.0,0.0,0.0,0.0,0.0,,,,,,,,,,,,,,,,,,,,,,,
2023,2021013507,2023-09-27,1600130.0,鈴木 将平,46.0,左,7,1.0,1.0,3.0,3.0,0.0,0.0,0.0,0.0,0.0,0.0,0.0,,0.0,0.0,0.0,0.0,0.0,0.0,,,,,,,,,,,,,,,,,,,,,,,
2023,2021013507,2023-09-27,1600131.0,平井 克典,25.0,,7,,,,,,,,,,,,,,,,,,,4.0,1.0,0.0,4.0,3.0,2.65,1.0,1.0,,,0.0,0.0,0.0,0.0,0.0,,2.0,0.0,0.0,,4.0,18.0,
2023,2021013507,2023-09-27,1700034.0,山崎 剛,34.0,走,376,1.0,0.0,0.0,0.0,0.0,0.0,0.0,0.0,0.0,0.0,0.0,,0.0,0.0,0.0,0.0,0.0,0.0,,,,,,,,,,,,,,,,,,,,,,,
2023,2021013507,2023-09-27,1700122.0,西川 愛也,51.0,中,7,1.0,0.0,0.0,0.0,0.0,0.0,0.0,0.0,0.0,0.0,0.0,,0.0,0.0,0.0,0.0,0.0,0.0,,,,,,,,,,,,,,,,,,,,,,,
2023,2021013507,2023-09-27,1800081.0,渡邉 勇太朗,12.0,,7,,,,,,,,,,,,,,,,,,,1.0,1.0,,1.0,0.0,0.82,6.0,6.0,,,0.0,5.0,1.0,1.0,0.0,,2.0,1.0,0.0,,23.0,86.0,
2023,2021013507,2023-09-27,1800086.0,佐藤 龍世,58.0,三,7,1.0,1.0,4.0,4.0,0.0,2.0,0.0,1.0,0.0,1.0,0.0,,0.0,1.0,0.0,0.0,0.0,0.0,,,,,,,,,,,,,,,,,,,,,,,
2023,2021013507,2023-09-27,1800117.0,辰己 涼介,8.0,中,376,1.0,1.0,4.0,4.0,0.0,2.0,0.0,1.0,0.0,1.0,0.0,,0.0,1.0,0.0,0.0,0.0,0.0,,,,,,,,,,,,,,,,,,,,,,,
2023,2021013507,2023-09-27,1800118.0,太田 光,2.0,捕,376,1.0,1.0,3.0,3.0,0.0,0.0,0.0,0.0,0.0,0.0,0.0,,0.0,0.0,0.0,0.0,0.0,0.0,,,,,,,,,,,,,,,,,,,,,,,
2023,2021013507,2023-09-27,1800123.0,小郷 裕哉,51.0,右,376,1.0,1.0,4.0,3.0,0.0,1.0,0.0,0.0,0.0,0.0,0.0,,1.0,0.0,0.0,0.0,0.0,0.0,,,,,,,,,,,,,,,,,,,,,,,
2023,2021013507,2023-09-27,1900065.0,柘植 世那,37.0,捕,7,1.0,1.0,3.0,3.0,0.0,0.0,0.0,0.0,0.0,0.0,0.0,,0.0,1.0,0.0,0.0,0.0,0.0,,,,,,,,,,,,,,,,,,,,,,,
2023,2021013507,2023-09-27,1900068.0,岸 潤一郎,68.0,中左,7,1.0,1.0,4.0,4.0,1.0,1.0,0.0,0.0,0.0,0.0,0.0,,0.0,1.0,0.0,0.0,0.0,0.0,,,,,,,,,,,,,,,,,,,,,,,
2023,2021013507,2023-09-27,1900112.0,小深田 大翔,0.0,三,376,1.0,1.0,5.0,4.0,0.0,1.0,0.0,0.0,0.0,0.0,0.0,,1.0,0.0,0.0,0.0,0.0,0.0,,,,,,,,,,,,,,,,,,,,,,,
2023,2021013507,2023-09-27,2000077.0,豆田 泰志,70.0,,7,,,,,,,,,,,,,,,,,,,2.0,1.0,0.0,0.0,0.0,0.63,0.6666666666666666,0.2,,,0.0,1.0,0.0,0.0,0.0,,1.0,0.0,0.0,,4.0,21.0,
2023,2021013507,2023-09-27,2060016.0,クリスキー,99.0,,7,,,,,,,,,,,,,,,,,,,5.0,1.0,0.0,0.0,0.0,2.08,1.0,1.0,,,7.0,1.0,0.0,0.0,0.0,,2.0,1.0,0.0,,6.0,26.0,
2023,2021013507,2023-09-27,2103714.0,佐藤 隼輔,19.0,,7,,,,,,,,,,,,,,,,,,,3.0,1.0,0.0,1.0,2.0,2.56,0.3333333333333333,0.1,,,0.0,0.0,0.0,0.0,0.0,,0.0,0.0,0.0,,1.0,7.0,
2023,2021013507,2023-09-27,2105140.0,渡辺 翔太,31.0,,376,,,,,,,,,,,,,,,,,,,2.0,1.0,0.0,8.0,3.0,1.42,1.0,1.0,,,1.0,2.0,1.0,1.0,0.0,,0.0,1.0,0.0,,5.0,20.0,
2023,2021013507,2023-09-27,2108196.0,マキノン,30.0,一,7,1.0,1.0,3.0,3.0,0.0,2.0,1.0,0.0,0.0,1.0,0.0,,0.0,0.0,0.0,0.0,0.0,0.0,,,,,,,,,,,,,,,,,,,,,,,
2023,2021013508,2023-09-27,600024.0,T-岡田,55.0,一,11,1.0,1.0,4.0,4.0,0.0,1.0,0.0,0.0,0.0,0.0,0.0,,0.0,1.0,0.0,0.0,0.0,0.0,,,,,,,,,,,,,,,,,,,,,,,
2023,2021013508,2023-09-27,600066.0,平野 佳寿,16.0,,11,,,,,,,,,,,,,,,,,,,2.0,1.0,0.0,3.0,2.0,1.15,1.0,1.0,,,28.0,0.0,0.0,0.0,0.0,,0.0,1.0,0.0,,3.0,16.0,
2023,2021013508,2023-09-27,800081.0,中村 晃,7.0,右,12,1.0,1.0,3.0,3.0,0.0,0.0,0.0,0.0,0.0,0.0,0.0,,0.0,0.0,0.0,0.0,0.0,0.0,,,,,,,,,,,,,,,,,,,,,,,
2023,2021013508,2023-09-27,1000035.0,今宮 健太,6.0,遊,12,1.0,1.0,3.0,3.0,0.0,1.0,0.0,0.0,0.0,0.0,0.0,,0.0,0.0,0.0,0.0,0.0,0.0,,,,,,,,,,,,,,,,,,,,,,,
2023,2021013508,2023-09-27,1000128.0,柳田 悠岐,9.0,指,12,1.0,1.0,4.0,4.0,0.0,2.0,0.0,0.0,0.0,0.0,0.0,,0.0,1.0,0.0,0.0,0.0,0.0,,,,,,,,,,,,,,,,,,,,,,,
2023,2021013508,2023-09-27,1000176.0,甲斐 拓也,19.0,捕,12,1.0,1.0,2.0,2.0,0.0,1.0,0.0,0.0,0.0,0.0,0.0,,0.0,1.0,0.0,0.0,0.0,0.0,,,,,,,,,,,,,,,,,,,,,,,
2023,2021013508,2023-09-27,1100097.0,近藤 健介,3.0,左,12,1.0,1.0,3.0,3.0,0.0,0.0,0.0,0.0,0.0,0.0,0.0,,0.0,2.0,0.0,0.0,0.0,0.0,,,,,,,,,,,,,,,,,,,,,,,
2023,2021013508,2023-09-27,1100105.0,安達 了一,3.0,二,11,1.0,1.0,4.0,4.0,0.0,0.0,0.0,0.0,0.0,0.0,0.0,,0.0,2.0,0.0,0.0,0.0,0.0,,,,,,,,,,,,,,,,,,,,,,,
2023,2021013508,2023-09-27,1100119.0,嘉弥真 新也,57.0,,12,,,,,,,,,,,,,,,,,,,3.0,1.0,0.0,1.0,0.0,6.1,0.6666666666666666,0.2,,,0.0,0.0,0.0,0.0,0.0,,0.0,0.0,0.0,,1.0,1.0,
2023,2021013508,2023-09-27,1300093.0,嶺井 博希,12.0,捕,12,1.0,0.0,0.0,0.0,0.0,0.0,0.0,0.0,0.0,0.0,0.0,,0.0,0.0,0.0,0.0,0.0,0.0,,,,,,,,,,,,,,,,,,,,,,,
2023,2021013508,2023-09-27,1300100.0,森 友哉,4.0,右,11,1.0,1.0,4.0,4.0,0.0,1.0,0.0,0.0,0.0,0.0,0.0,,0.0,0.0,0.0,0.0,0.0,0.0,,,,,,,,,,,,,,,,,,,,,,,
2023,2021013508,2023-09-27,1300109.0,若月 健矢,2.0,捕,11,1.0,1.0,3.0,2.0,1.0,1.0,0.0,0.0,1.0,1.0,0.0,,1.0,0.0,0.0,0.0,0.0,0.0,,,,,,,,,,,,,,,,,,,,,,,
2023,2021013508,2023-09-27,1400176.0,藤井 皓哉,48.0,,12,,,,,,,,,,,,,,,,,,,4.0,1.0,0.0,5.0,3.0,2.35,1.0,1.0,,,0.0,1.0,0.0,0.0,0.0,,0.0,2.0,0.0,,4.0,16.0,
2023,2021013508,2023-09-27,1400195.0,山崎 福也,11.0,,11,,,,,,,,,,,,,,,,,,,1.0,1.0,,10.0,5.0,3.33,8.0,8.0,,,0.0,5.0,0.0,0.0,0.0,,0.0,5.0,0.0,,27.0,97.0,
2023,2021013508,2023-09-27,1400196.0,宗 佑磨,6.0,三,11,1.0,1.0,4.0,3.0,0.0,0.0,0.0,0.0,0.0,0.0,0.0,,1.0,0.0,0.0,0.0,0.0,0.0,,,,,,,,,,,,,,,,,,,,,,,
2023,2021013508,2023-09-27,1500041.0,廣岡 大志,30.0,左,11,1.0,1.0,3.0,2.0,0.0,0.0,0.0,0.0,0.0,0.0,0.0,,0.0,1.0,0.0,1.0,0.0,0.0,,,,,,,,,,,,,,,,,,,,,,,
2023,2021013508,2023-09-27,1500143.0,川瀬 晃,0.0,打三,12,1.0,0.0,1.0,0.0,0.0,0.0,0.0,0.0,0.0,0.0,0.0,,0.0,0.0,0.0,1.0,0.0,0.0,,,,,,,,,,,,,,,,,,,,,,,
2023,2021013508,2023-09-27,1550517.0,大津 亮介,26.0,,12,,,,,,,,,,,,,,,,,,,2.0,1.0,0.0,2.0,0.0,2.54,0.3333333333333333,0.1,,,0.0,0.0,0.0,0.0,0.0,,2.0,0.0,0.0,,3.0,12.0,
2023,2021013508,2023-09-27,1600167.0,三森 大貴,13.0,二,12,1.0,1.0,3.0,3.0,0.0,0.0,0.0,0.0,0.0,0.0,0.0,,0.0,0.0,0.0,0.0,0.0,0.0,,,,,,,,,,,,,,,,,,,,,,,
2023,2021013508,2023-09-27,1700111.0,福田 周平,1.0,中,11,1.0,1.0,4.0,2.0,0.0,0.0,0.0,0.0,0.0,0.0,0.0,,2.0,0.0,0.0,0.0,0.0,0.0,,,,,,,,,,,,,,,,,,,,,,,
2023,2021013508,2023-09-27,1700131.0,増田 珠,33.0,打,12,1.0,0.0,1.0,1.0,0.0,0.0,0.0,0.0,0.0,0.0,0.0,,0.0,0.0,0.0,0.0,0.0,0.0,,,,,,,,,,,,,,,,,,,,,,,
2023,2021013508,2023-09-27,1700135.0,周東 佑京,23.0,中,12,1.0,1.0,4.0,4.0,0.0,1.0,0.0,0.0,0.0,0.0,0.0,,0.0,1.0,0.0,0.0,0.0,0.0,,,,,,,,,,,,,,,,,,,,,,,
2023,2021013508,2023-09-27,1750207.0,大里 昂生,64.0,走指,11,1.0,0.0,0.0,0.0,0.0,0.0,0.0,0.0,0.0,0.0,0.0,,0.0,0.0,0.0,0.0,0.0,0.0,,,,,,,,,,,,,,,,,,,,,,,
2023,2021013508,2023-09-27,1751068.0,野口 智哉,9.0,遊,11,1.0,1.0,3.0,1.0,0.0,0.0,0.0,0.0,0.0,0.0,0.0,,1.0,1.0,1.0,0.0,0.0,0.0,,,,,,,,,,,,,,,,,,,,,,,
2023,2021013508,2023-09-27,1800108.0,野村 大樹,55.0,一,12,1.0,1.0,3.0,3.0,0.0,0.0,0.0,0.0,0.0,0.0,0.0,,0.0,1.0,0.0,0.0,0.0,0.0,,,,,,,,,,,,,,,,,,,,,,,
2023,2021013508,2023-09-27,1900010.0,スチュワート・ジュニア,2.0,,12,,,,,,,,,,,,,,,,,,,1.0,1.0,,3.0,6.0,3.03,6.0,6.0,,,0.0,3.0,1.0,1.0,1.0,,3.0,6.0,1.0,,25.0,111.0,
2023,2021013508,2023-09-27,1900104.0,柳町 達,32.0,打,12,1.0,0.0,1.0,1.0,0.0,0.0,0.0,0.0,0.0,0.0,0.0,,0.0,0.0,0.0,0.0,0.0,0.0,,,,,,,,,,,,,,,,,,,,,,,
2023,2021013508,2023-09-27,2000108.0,井上 朋也,43.0,三,12,1.0,1.0,2.0,2.0,0.0,0.0,0.0,0.0,0.0,0.0,0.0,,0.0,0.0,0.0,0.0,0.0,0.0,,,,,,,,,,,,,,,,,,,,,,,
2023,2021013508,2023-09-27,2103747.0,渡部 遼人,0.0,右,11,1.0,0.0,0.0,0.0,0.0,0.0,0.0,0.0,0.0,0.0,0.0,,0.0,0.0,0.0,0.0,0.0,0.0,,,,,,,,,,,,,,,,,,,,,,,
2023,2021013508,2023-09-27,2108913.0,セデーニョ,40.0,指,11,1.0,1.0,4.0,4.0,0.0,1.0,0.0,0.0,0.0,0.0,0.0,,0.0,3.0,0.0,0.0,0.0,0.0,,,,,,,,,,,,,,,,,,,,,,,
2023,2021013509,2023-09-28,900069.0,中島 卓也,9.0,打遊,8,1.0,0.0,1.0,1.0,0.0,0.0,0.0,0.0,0.0,0.0,0.0,,0.0,0.0,0.0,0.0,0.0,0.0,,,,,,,,,,,,,,,,,,,,,,,
2023,2021013509,2023-09-28,1000014.0,荻野 貴司,0.0,右,9,1.0,1.0,4.0,4.0,1.0,1.0,0.0,0.0,0.0,0.0,0.0,,0.0,1.0,0.0,0.0,0.0,0.0,,,,,,,,,,,,,,,,,,,,,,,
2023,2021013509,2023-09-28,1100095.0,松本 剛,7.0,中,8,1.0,1.0,4.0,4.0,1.0,1.0,0.0,0.0,0.0,0.0,0.0,,0.0,0.0,0.0,0.0,0.0,0.0,,,,,,,,,,,,,,,,,,,,,,,
2023,2021013509,2023-09-28,1100096.0,石川 慎吾,50.0,左,9,1.0,1.0,4.0,4.0,0.0,2.0,0.0,0.0,0.0,0.0,0.0,,0.0,2.0,0.0,0.0,0.0,0.0,,,,,,,,,,,,,,,,,,,,,,,
2023,2021013509,2023-09-28,1200100.0,伏見 寅威,23.0,捕,8,1.0,0.0,0.0,0.0,0.0,0.0,0.0,0.0,0.0,0.0,0.0,,0.0,0.0,0.0,0.0,0.0,0.0,,,,,,,,,,,,,,,,,,,,,,,
2023,2021013509,2023-09-28,1300044.0,岡 大海,25.0,中右,9,1.0,1.0,4.0,4.0,0.0,2.0,0.0,0.0,0.0,0.0,1.0,,0.0,0.0,0.0,0.0,0.0,0.0,,,,,,,,,,,,,,,,,,,,,,,
2023,2021013509,2023-09-28,1400188.0,中村 奨吾,8.0,二,9,1.0,1.0,3.0,3.0,0.0,0.0,0.0,0.0,0.0,0.0,0.0,,0.0,1.0,0.0,0.0,0.0,0.0,,,,,,,,,,,,,,,,,,,,,,,
2023,2021013509,2023-09-28,1460080.0,ポランコ,22.0,指,9,1.0,1.0,4.0,4.0,0.0,1.0,0.0,0.0,0.0,1.0,0.0,,0.0,3.0,0.0,0.0,0.0,0.0,,,,,,,,,,,,,,,,,,,,,,,
2023,2021013509,2023-09-28,1500125.0,柿沼 友哉,99.0,捕,9,1.0,1.0,2.0,1.0,0.0,0.0,0.0,0.0,0.0,0.0,0.0,,1.0,1.0,0.0,0.0,0.0,0.0,,,,,,,,,,,,,,,,,,,,,,,
2023,2021013509,2023-09-28,1500141.0,茶谷 健太,67.0,遊,9,1.0,1.0,4.0,3.0,0.0,0.0,0.0,0.0,0.0,0.0,0.0,,1.0,0.0,0.0,0.0,0.0,0.0,,,,,,,,,,,,,,,,,,,,,,,
2023,2021013509,2023-09-28,1600093.0,池田 隆英,52.0,,8,,,,,,,,,,,,,,,,,,,3.0,1.0,0.0,1.0,5.0,2.92,1.0,1.0,,,0.0,1.0,0.0,0.0,0.0,,0.0,1.0,0.0,,4.0,19.0,
2023,2021013509,2023-09-28,1600146.0,種市 篤暉,16.0,,9,,,,,,,,,,,,,,,,,,,1.0,1.0,,10.0,7.0,3.42,3.6666666666666665,3.2,,,0.0,11.0,8.0,7.0,0.0,,0.0,4.0,0.0,,22.0,80.0,
2023,2021013509,2023-09-28,1600164.0,田中 正義,26.0,,8,,,,,,,,,,,,,,,,,,,4.0,1.0,0.0,2.0,2.0,3.2,1.0,1.0,,,24.0,3.0,1.0,1.0,0.0,,0.0,0.0,0.0,,6.0,21.0,
2023,2021013509,2023-09-28,1700025.0,清宮 幸太郎,21.0,三,8,1.0,1.0,4.0,4.0,2.0,2.0,0.0,0.0,0.0,1.0,0.0,,0.0,0.0,0.0,0.0,0.0,0.0,,,,,,,,,,,,,,,,,,,,,,,
2023,2021013509,2023-09-28,1800008.0,マルティネス,2.0,指,8,1.0,1.0,4.0,4.0,0.0,2.0,1.0,0.0,0.0,2.0,0.0,,0.0,1.0,0.0,0.0,0.0,0.0,,,,,,,,,,,,,,,,,,,,,,,
2023,2021013509,2023-09-28,1800050.0,藤原 恭大,1.0,中,9,1.0,0.0,1.0,1.0,0.0,1.0,0.0,0.0,0.0,0.0,0.0,,0.0,0.0,0.0,0.0,0.0,0.0,,,,,,,,,,,,,,,,,,,,,,,
2023,2021013509,2023-09-28,1800054.0,中村 稔弥,48.0,,9,,,,,,,,,,,,,,,,,,,3.0,1.0,0.0,1.0,1.0,2.66,2.0,2.0,,,0.0,1.0,0.0,0.0,0.0,,0.0,0.0,0.0,,7.0,28.0,
2023,2021013509,2023-09-28,1800091.0,野村 佑希,5.0,打一,8,1.0,0.0,2.0,2.0,1.0,2.0,0.0,0.0,1.0,2.0,0.0,,0.0,0.0,0.0,0.0,0.0,0.0,,,,,,,,,,,,,,,,,,,,,,,
2023,2021013509,2023-09-28,1800093.0,万波 中正,66.0,右,8,1.0,1.0,5.0,5.0,2.0,2.0,1.0,0.0,0.0,1.0,0.0,,0.0,2.0,0.0,0.0,0.0,0.0,,,,,,,,,,,,,,,,,,,,,,,
2023,2021013509,2023-09-28,1800095.0,田宮 裕涼,64.0,捕,8,1.0,1.0,3.0,3.0,1.0,2.0,0.0,0.0,0.0,1.0,1.0,,0.0,0.0,0.0,0.0,0.0,0.0,,,,,,,,,,,,,,,,,,,,,,,
2023,2021013509,2023-09-28,1850932.0,奈良間 大己,58.0,遊二,8,1.0,1.0,4.0,4.0,1.0,3.0,0.0,0.0,0.0,0.0,0.0,,0.0,0.0,0.0,0.0,0.0,0.0,,,,,,,,,,,,,,,,,,,,,,,
2023,2021013509,2023-09-28,1861064.0,ブロッソー,72.0,三,9,1.0,1.0,5.0,5.0,0.0,0.0,0.0,0.0,0.0,0.0,0.0,,0.0,0.0,0.0,0.0,0.0,1.0,,,,,,,,,,,,,,,,,,,,,,,
2023,2021013509,2023-09-28,1900040.0,郡司 裕也,30.0,左,8,1.0,1.0,4.0,4.0,0.0,0.0,0.0,0.0,0.0,0.0,0.0,,0.0,2.0,0.0,0.0,0.0,0.0,,,,,,,,,,,,,,,,,,,,,,,
2023,2021013509,2023-09-28,1900070.0,河野 竜生,28.0,,8,,,,,,,,,,,,,,,,,,,2.0,1.0,0.0,1.0,4.0,1.83,1.0,1.0,,,0.0,1.0,0.0,0.0,0.0,,0.0,0.0,0.0,,4.0,15.0,
2023,2021013509,2023-09-28,1900081.0,佐藤 都志也,32.0,一,9,1.0,1.0,4.0,4.0,0.0,0.0,0.0,0.0,0.0,0.0,0.0,,0.0,0.0,0.0,0.0,0.0,0.0,,,,,,,,,,,,,,,,,,,,,,,
2023,2021013509,2023-09-28,1961860.0,加藤 豪将,3.0,一,8,1.0,1.0,2.0,2.0,0.0,0.0,0.0,0.0,0.0,0.0,0.0,,0.0,1.0,0.0,0.0,0.0,0.0,,,,,,,,,,,,,,,,,,,,,,,
2023,2021013509,2023-09-28,2000082.0,細川 凌平,56.0,二,8,1.0,1.0,5.0,4.0,1.0,1.0,0.0,0.0,0.0,1.0,0.0,,0.0,1.0,0.0,1.0,0.0,0.0,,,,,,,,,,,,,,,,,,,,,,,
2023,2021013509,2023-09-28,2000083.0,根本 悠楓,59.0,,8,,,,,,,,,,,,,,,,,,,1.0,1.0,,3.0,0.0,1.77,6.0,6.0,,,0.0,4.0,1.0,1.0,0.0,,2.0,7.0,0.0,,24.0,90.0,
2023,2021013509,2023-09-28,2000087.0,鈴木 昭汰,47.0,,9,,,,,,,,,,,,,,,,,,,2.0,1.0,0.0,0.0,0.0,2.51,0.3333333333333333,0.1,,,0.0,1.0,0.0,0.0,0.0,,0.0,0.0,0.0,,1.0,2.0,
2023,2021013509,2023-09-28,2100346.0,松川 虎生,2.0,捕,9,1.0,0.0,1.0,1.0,1.0,1.0,0.0,0.0,0.0,0.0,0.0,,0.0,0.0,0.0,0.0,0.0,0.0,,,,,,,,,,,,,,,,,,,,,,,
2023,2021013509,2023-09-28,2103693.0,池田 来翔,0.0,打二,9,1.0,0.0,2.0,2.0,0.0,1.0,0.0,0.0,0.0,1.0,0.0,,0.0,0.0,0.0,0.0,0.0,0.0,,,,,,,,,,,,,,,,,,,,,,,
2023,2021013509,2023-09-28,2105534.0,高野 脩汰,34.0,,9,,,,,,,,,,,,,,,,,,,4.0,1.0,0.0,0.0,0.0,1.64,2.0,2.0,,,0.0,2.0,1.0,1.0,1.0,,0.0,3.0,0.0,,8.0,26.0,
2023,2021013510,2023-09-28,600024.0,T-岡田,55.0,一,11,1.0,1.0,4.0,4.0,1.0,2.0,0.0,0.0,0.0,0.0,0.0,,0.0,1.0,0.0,0.0,0.0,0.0,,,,,,,,,,,,,,,,,,,,,,,
2023,2021013510,2023-09-28,900056.0,浅村 栄斗,3.0,二,376,1.0,1.0,4.0,4.0,1.0,2.0,0.0,0.0,0.0,1.0,0.0,,0.0,1.0,0.0,0.0,0.0,0.0,,,,,,,,,,,,,,,,,,,,,,,
2023,2021013510,2023-09-28,1100103.0,鈴木 大地,7.0,一,376,1.0,1.0,4.0,3.0,2.0,1.0,0.0,0.0,1.0,1.0,0.0,,1.0,1.0,0.0,0.0,0.0,0.0,,,,,,,,,,,,,,,,,,,,,,,
2023,2021013510,2023-09-28,1100130.0,岡島 豪郎,27.0,左,376,1.0,1.0,4.0,4.0,0.0,1.0,0.0,0.0,0.0,1.0,0.0,,0.0,1.0,0.0,0.0,0.0,0.0,,,,,,,,,,,,,,,,,,,,,,,
2023,2021013510,2023-09-28,1100132.0,島内 宏明,35.0,指,376,1.0,1.0,5.0,3.0,1.0,1.0,0.0,0.0,0.0,0.0,0.0,,2.0,0.0,0.0,0.0,0.0,0.0,,,,,,,,,,,,,,,,,,,,,,,
2023,2021013510,2023-09-28,1160424.0,ゴンザレス,8.0,二,11,1.0,1.0,4.0,4.0,0.0,1.0,0.0,0.0,0.0,1.0,0.0,,0.0,3.0,0.0,0.0,0.0,0.0,,,,,,,,,,,,,,,,,,,,,,,
2023,2021013510,2023-09-28,1300084.0,松井 裕樹,1.0,,376,,,,,,,,,,,,,,,,,,,7.0,1.0,0.0,2.0,3.0,1.52,1.0,1.0,,,37.0,0.0,0.0,0.0,0.0,,0.0,0.0,0.0,,3.0,10.0,
2023,2021013510,2023-09-28,1300100.0,森 友哉,4.0,指,11,1.0,1.0,5.0,4.0,1.0,1.0,0.0,0.0,0.0,0.0,0.0,,1.0,0.0,0.0,0.0,0.0,0.0,,,,,,,,,,,,,,,,,,,,,,,
2023,2021013510,2023-09-28,1300109.0,若月 健矢,2.0,捕,11,1.0,1.0,4.0,3.0,0.0,1.0,0.0,0.0,0.0,0.0,0.0,,1.0,0.0,0.0,0.0,0.0,0.0,,,,,,,,,,,,,,,,,,,,,,,
2023,2021013510,2023-09-28,1400139.0,安樂 智大,20.0,,376,,,,,,,,,,,,,,,,,,,6.0,1.0,0.0,3.0,2.0,2.58,1.0,1.0,,,0.0,2.0,0.0,0.0,0.0,,0.0,2.0,0.0,,5.0,18.0,
2023,2021013510,2023-09-28,1450639.0,小木田 敦也,56.0,,11,,,,,,,,,,,,,,,,,,,2.0,1.0,0.0,4.0,0.0,2.28,2.0,2.0,,,0.0,0.0,0.0,0.0,0.0,,0.0,5.0,0.0,,6.0,32.0,
2023,2021013510,2023-09-28,1500041.0,廣岡 大志,30.0,三一,11,1.0,1.0,4.0,4.0,1.0,1.0,0.0,0.0,0.0,0.0,0.0,,0.0,1.0,0.0,0.0,0.0,0.0,,,,,,,,,,,,,,,,,,,,,,,
2023,2021013510,2023-09-28,1500078.0,阿部 寿樹,4.0,打,376,1.0,0.0,1.0,1.0,0.0,0.0,0.0,0.0,0.0,0.0,0.0,,0.0,1.0,0.0,0.0,0.0,0.0,,,,,,,,,,,,,,,,,,,,,,,
2023,2021013510,2023-09-28,1500135.0,杉本 裕太郎,99.0,左,11,1.0,1.0,4.0,3.0,1.0,1.0,0.0,0.0,0.0,0.0,0.0,,1.0,0.0,0.0,0.0,0.0,0.0,,,,,,,,,,,,,,,,,,,,,,,
2023,2021013510,2023-09-28,1600007.0,村林 一輝,66.0,遊,376,1.0,1.0,4.0,4.0,1.0,2.0,0.0,0.0,0.0,1.0,0.0,,0.0,1.0,0.0,0.0,0.0,0.0,,,,,,,,,,,,,,,,,,,,,,,
2023,2021013510,2023-09-28,1600012.0,宋 家豪,43.0,,376,,,,,,,,,,,,,,,,,,,5.0,1.0,0.0,2.0,1.0,3.0,1.0,1.0,,,0.0,2.0,1.0,1.0,0.0,,1.0,0.0,0.0,,6.0,23.0,
2023,2021013510,2023-09-28,1600092.0,藤平 尚真,46.0,,376,,,,,,,,,,,,,,,,,,,1.0,1.0,,2.0,4.0,4.44,2.0,2.0,,,0.0,3.0,3.0,3.0,1.0,,1.0,3.0,0.0,,9.0,47.0,
2023,2021013510,2023-09-28,1600094.0,田中 和基,25.0,走左,376,1.0,0.0,0.0,0.0,1.0,0.0,0.0,0.0,0.0,0.0,0.0,,0.0,0.0,0.0,0.0,0.0,0.0,,,,,,,,,,,,,,,,,,,,,,,
2023,2021013510,2023-09-28,1600142.0,酒居 知史,28.0,,376,,,,,,,,,,,,,,,,,,,4.0,1.0,0.0,4.0,3.0,3.18,1.0,1.0,,,1.0,1.0,0.0,0.0,0.0,,1.0,1.0,0.0,,4.0,11.0,
2023,2021013510,2023-09-28,1700034.0,山崎 剛,34.0,三,376,1.0,0.0,0.0,0.0,0.0,0.0,0.0,0.0,0.0,0.0,0.0,,0.0,0.0,0.0,0.0,0.0,0.0,,,,,,,,,,,,,,,,,,,,,,,
2023,2021013510,2023-09-28,1700111.0,福田 周平,1.0,中,11,1.0,1.0,4.0,2.0,0.0,1.0,0.0,0.0,0.0,1.0,1.0,,2.0,1.0,0.0,0.0,0.0,0.0,,,,,,,,,,,,,,,,,,,,,,,
2023,2021013510,2023-09-28,1700118.0,東 晃平,95.0,,11,,,,,,,,,,,,,,,,,,,1.0,1.0,,6.0,0.0,2.06,5.0,5.0,,,0.0,7.0,4.0,3.0,1.0,,2.0,3.0,0.0,,22.0,82.0,
2023,2021013510,2023-09-28,1750207.0,大里 昂生,64.0,三,11,1.0,0.0,0.0,0.0,0.0,0.0,0.0,0.0,0.0,0.0,0.0,,0.0,0.0,0.0,0.0,0.0,0.0,,,,,,,,,,,,,,,,,,,,,,,
2023,2021013510,2023-09-28,1751068.0,野口 智哉,9.0,右,11,1.0,1.0,4.0,3.0,1.0,1.0,0.0,0.0,1.0,3.0,0.0,,1.0,1.0,0.0,0.0,0.0,0.0,,,,,,,,,,,,,,,,,,,,,,,
2023,2021013510,2023-09-28,1800102.0,宜保 翔,53.0,走二,11,1.0,0.0,0.0,0.0,0.0,0.0,0.0,0.0,0.0,0.0,0.0,,0.0,0.0,0.0,0.0,0.0,0.0,,,,,,,,,,,,,,,,,,,,,,,
2023,2021013510,2023-09-28,1800105.0,漆原 大晟,65.0,,11,,,,,,,,,,,,,,,,,,,4.0,1.0,0.0,0.0,0.0,2.2,0.3333333333333333,0.1,,,0.0,3.0,0.0,0.0,0.0,,0.0,0.0,0.0,,4.0,11.0,
2023,2021013510,2023-09-28,1800117.0,辰己 涼介,8.0,中,376,1.0,1.0,4.0,3.0,0.0,0.0,0.0,0.0,0.0,1.0,0.0,,0.0,1.0,0.0,0.0,1.0,0.0,,,,,,,,,,,,,,,,,,,,,,,
2023,2021013510,2023-09-28,1800118.0,太田 光,2.0,捕,376,1.0,0.0,1.0,0.0,0.0,0.0,0.0,0.0,0.0,1.0,0.0,,0.0,0.0,0.0,0.0,1.0,0.0,,,,,,,,,,,,,,,,,,,,,,,
2023,2021013510,2023-09-28,1800123.0,小郷 裕哉,51.0,右,376,1.0,1.0,5.0,5.0,2.0,3.0,1.0,0.0,0.0,3.0,0.0,,0.0,0.0,0.0,0.0,0.0,0.0,,,,,,,,,,,,,,,,,,,,,,,
2023,2021013510,2023-09-28,1800124.0,鈴木 翔天,56.0,,376,,,,,,,,,,,,,,,,,,,3.0,1.0,0.0,1.0,1.0,3.05,0.0,0.0,,,1.0,1.0,1.0,1.0,0.0,,1.0,0.0,0.0,,2.0,9.0,
2023,2021013510,2023-09-28,1900088.0,紅林 弘太郎,24.0,遊,11,1.0,1.0,4.0,3.0,0.0,0.0,0.0,0.0,0.0,0.0,0.0,,0.0,0.0,0.0,1.0,0.0,1.0,,,,,,,,,,,,,,,,,,,,,,,
2023,2021013510,2023-09-28,1900112.0,小深田 大翔,0.0,三,376,1.0,1.0,5.0,4.0,1.0,3.0,0.0,0.0,0.0,0.0,1.0,,1.0,1.0,0.0,0.0,0.0,0.0,,,,,,,,,,,,,,,,,,,,,,,
2023,2021013510,2023-09-28,2000101.0,阿部 翔太,45.0,,11,,,,,,,,,,,,,,,,,,,3.0,1.0,0.0,3.0,5.0,2.76,0.6666666666666666,0.2,,,1.0,3.0,5.0,5.0,0.0,,2.0,0.0,0.0,,7.0,27.0,
2023,2021013510,2023-09-28,2000126.0,内 星龍,69.0,,376,,,,,,,,,,,,,,,,,,,2.0,1.0,0.0,4.0,2.0,2.45,3.0,3.0,,,0.0,0.0,0.0,0.0,0.0,,2.0,1.0,0.0,,9.0,36.0,
2023,2021013510,2023-09-28,2103740.0,安田 悠馬,55.0,捕,376,1.0,1.0,2.0,2.0,0.0,0.0,0.0,0.0,0.0,0.0,0.0,,0.0,1.0,0.0,0.0,0.0,0.0,,,,,,,,,,,,,,,,,,,,,,,
2023,2021013510,2023-09-28,2103747.0,渡部 遼人,0.0,左,11,1.0,0.0,0.0,0.0,0.0,0.0,0.0,0.0,0.0,0.0,0.0,,0.0,0.0,0.0,0.0,0.0,0.0,,,,,,,,,,,,,,,,,,,,,,,
2023,2021013510,2023-09-28,2108913.0,セデーニョ,40.0,打,11,1.0,0.0,1.0,1.0,0.0,0.0,0.0,0.0,0.0,0.0,0.0,,0.0,0.0,0.0,0.0,0.0,0.0,,,,,,,,,,,,,,,,,,,,,,,
2023,2021013511,2023-09-29,12101.0,中村 剛也,60.0,打,7,1.0,0.0,1.0,1.0,0.0,0.0,0.0,0.0,0.0,0.0,0.0,,0.0,0.0,0.0,0.0,0.0,0.0,,,,,,,,,,,,,,,,,,,,,,,
2023,2021013511,2023-09-29,12102.0,栗山 巧,1.0,指,7,1.0,1.0,3.0,2.0,0.0,0.0,0.0,0.0,0.0,0.0,0.0,,1.0,1.0,0.0,0.0,0.0,0.0,,,,,,,,,,,,,,,,,,,,,,,
2023,2021013511,2023-09-29,800081.0,中村 晃,7.0,一,12,1.0,1.0,3.0,3.0,0.0,0.0,0.0,0.0,0.0,0.0,0.0,,0.0,0.0,0.0,0.0,0.0,0.0,,,,,,,,,,,,,,,,,,,,,,,
2023,2021013511,2023-09-29,1000035.0,今宮 健太,6.0,遊,12,1.0,1.0,3.0,3.0,0.0,0.0,0.0,0.0,0.0,0.0,0.0,,0.0,0.0,0.0,0.0,0.0,0.0,,,,,,,,,,,,,,,,,,,,,,,
2023,2021013511,2023-09-29,1000128.0,柳田 悠岐,9.0,指,12,1.0,1.0,4.0,3.0,0.0,0.0,0.0,0.0,0.0,0.0,0.0,,1.0,1.0,0.0,0.0,0.0,0.0,,,,,,,,,,,,,,,,,,,,,,,
2023,2021013511,2023-09-29,1000176.0,甲斐 拓也,19.0,捕,12,1.0,1.0,3.0,2.0,0.0,0.0,0.0,0.0,0.0,0.0,0.0,,1.0,1.0,0.0,0.0,0.0,0.0,,,,,,,,,,,,,,,,,,,,,,,
2023,2021013511,2023-09-29,1100097.0,近藤 健介,3.0,左,12,1.0,1.0,3.0,2.0,1.0,1.0,0.0,0.0,1.0,1.0,0.0,,1.0,0.0,0.0,0.0,0.0,0.0,,,,,,,,,,,,,,,,,,,,,,,
2023,2021013511,2023-09-29,1300079.0,上林 誠知,51.0,打中,12,1.0,0.0,2.0,2.0,0.0,1.0,1.0,0.0,0.0,0.0,0.0,,0.0,0.0,0.0,0.0,0.0,0.0,,,,,,,,,,,,,,,,,,,,,,,
2023,2021013511,2023-09-29,1400117.0,有原 航平,17.0,,12,,,,,,,,,,,,,,,,,,,1.0,1.0,,10.0,4.0,2.27,8.0,8.0,,,0.0,2.0,0.0,0.0,0.0,,1.0,9.0,0.0,,27.0,116.0,
2023,2021013511,2023-09-29,1400184.0,外崎 修汰,5.0,二,7,1.0,1.0,4.0,4.0,0.0,0.0,0.0,0.0,0.0,0.0,0.0,,0.0,2.0,0.0,0.0,0.0,0.0,,,,,,,,,,,,,,,,,,,,,,,
2023,2021013511,2023-09-29,1500102.0,愛斗,53.0,右,7,1.0,1.0,2.0,2.0,0.0,0.0,0.0,0.0,0.0,0.0,0.0,,0.0,1.0,0.0,0.0,0.0,0.0,,,,,,,,,,,,,,,,,,,,,,,
2023,2021013511,2023-09-29,1500143.0,川瀬 晃,0.0,三,12,1.0,1.0,4.0,3.0,0.0,0.0,0.0,0.0,0.0,0.0,0.0,,0.0,0.0,1.0,0.0,0.0,0.0,,,,,,,,,,,,,,,,,,,,,,,
2023,2021013511,2023-09-29,1560184.0,オスナ,54.0,,12,,,,,,,,,,,,,,,,,,,2.0,1.0,0.0,3.0,2.0,0.96,1.0,1.0,,,25.0,0.0,0.0,0.0,0.0,,0.0,1.0,0.0,,3.0,13.0,
2023,2021013511,2023-09-29,1600127.0,今井 達也,48.0,,7,,,,,,,,,,,,,,,,,,,1.0,1.0,,10.0,5.0,2.3,7.0,7.0,,,0.0,2.0,1.0,1.0,1.0,,4.0,5.0,1.0,,27.0,119.0,
2023,2021013511,2023-09-29,1600129.0,源田 壮亮,6.0,遊,7,1.0,1.0,4.0,4.0,0.0,0.0,0.0,0.0,0.0,0.0,0.0,,0.0,1.0,0.0,0.0,0.0,0.0,,,,,,,,,,,,,,,,,,,,,,,
2023,2021013511,2023-09-29,1600130.0,鈴木 将平,46.0,左,7,1.0,1.0,3.0,3.0,0.0,0.0,0.0,0.0,0.0,0.0,0.0,,0.0,1.0,0.0,0.0,0.0,0.0,,,,,,,,,,,,,,,,,,,,,,,
2023,2021013511,2023-09-29,1600167.0,三森 大貴,13.0,二,12,1.0,1.0,3.0,2.0,0.0,0.0,0.0,0.0,0.0,0.0,0.0,,1.0,0.0,0.0,0.0,0.0,0.0,,,,,,,,,,,,,,,,,,,,,,,
2023,2021013511,2023-09-29,1700122.0,西川 愛也,51.0,走中,7,1.0,0.0,0.0,0.0,0.0,0.0,0.0,0.0,0.0,0.0,0.0,,0.0,0.0,0.0,0.0,0.0,0.0,,,,,,,,,,,,,,,,,,,,,,,
2023,2021013511,2023-09-29,1700135.0,周東 佑京,23.0,中,12,1.0,1.0,2.0,2.0,0.0,0.0,0.0,0.0,0.0,0.0,0.0,,0.0,0.0,0.0,0.0,0.0,0.0,,,,,,,,,,,,,,,,,,,,,,,
2023,2021013511,2023-09-29,1750472.0,古賀 悠斗,22.0,捕,7,1.0,1.0,2.0,2.0,0.0,0.0,0.0,0.0,0.0,0.0,0.0,,0.0,1.0,0.0,0.0,0.0,0.0,,,,,,,,,,,,,,,,,,,,,,,
2023,2021013511,2023-09-29,1800086.0,佐藤 龍世,58.0,三,7,1.0,1.0,4.0,4.0,0.0,0.0,0.0,0.0,0.0,0.0,0.0,,0.0,2.0,0.0,0.0,0.0,0.0,,,,,,,,,,,,,,,,,,,,,,,
2023,2021013511,2023-09-29,1900065.0,柘植 世那,37.0,捕,7,1.0,0.0,0.0,0.0,0.0,0.0,0.0,0.0,0.0,0.0,0.0,,0.0,0.0,0.0,0.0,0.0,0.0,,,,,,,,,,,,,,,,,,,,,,,
2023,2021013511,2023-09-29,1900068.0,岸 潤一郎,68.0,中右,7,1.0,1.0,3.0,3.0,0.0,0.0,0.0,0.0,0.0,0.0,0.0,,0.0,0.0,0.0,0.0,0.0,0.0,,,,,,,,,,,,,,,,,,,,,,,
2023,2021013511,2023-09-29,1900104.0,柳町 達,32.0,右,12,1.0,1.0,3.0,3.0,0.0,0.0,0.0,0.0,0.0,0.0,0.0,,0.0,3.0,0.0,0.0,0.0,0.0,,,,,,,,,,,,,,,,,,,,,,,
2023,2021013511,2023-09-29,2000067.0,渡部 健人,8.0,打,7,1.0,0.0,1.0,1.0,0.0,1.0,0.0,0.0,0.0,0.0,0.0,,0.0,0.0,0.0,0.0,0.0,0.0,,,,,,,,,,,,,,,,,,,,,,,
2023,2021013511,2023-09-29,2103714.0,佐藤 隼輔,19.0,,7,,,,,,,,,,,,,,,,,,,2.0,1.0,0.0,1.0,2.0,2.5,1.0,1.0,,,0.0,0.0,0.0,0.0,0.0,,0.0,0.0,0.0,,3.0,12.0,
2023,2021013511,2023-09-29,2108196.0,マキノン,30.0,一,7,1.0,1.0,3.0,3.0,0.0,1.0,1.0,0.0,0.0,0.0,0.0,,0.0,1.0,0.0,0.0,0.0,0.0,,,,,,,,,,,,,,,,,,,,,,,
2023,2021013512,2023-09-30,12101.0,中村 剛也,60.0,指,7,1.0,1.0,5.0,4.0,0.0,0.0,0.0,0.0,0.0,0.0,0.0,,1.0,2.0,0.0,0.0,0.0,0.0,,,,,,,,,,,,,,,,,,,,,,,
2023,2021013512,2023-09-30,12102.0,栗山 巧,1.0,打,7,1.0,0.0,1.0,0.0,0.0,0.0,0.0,0.0,0.0,0.0,0.0,,1.0,0.0,0.0,0.0,0.0,0.0,,,,,,,,,,,,,,,,,,,,,,,
2023,2021013512,2023-09-30,700087.0,角中 勝也,3.0,左,9,1.0,1.0,4.0,3.0,1.0,1.0,0.0,0.0,1.0,2.0,0.0,,1.0,1.0,0.0,0.0,0.0,0.0,,,,,,,,,,,,,,,,,,,,,,,
2023,2021013512,2023-09-30,900081.0,西野 勇士,29.0,,9,,,,,,,,,,,,,,,,,,,1.0,1.0,,8.0,4.0,2.78,6.0,6.0,,,0.0,8.0,4.0,3.0,0.0,,2.0,4.0,0.0,,28.0,102.0,
2023,2021013512,2023-09-30,1000014.0,荻野 貴司,0.0,右,9,1.0,1.0,5.0,4.0,0.0,1.0,0.0,0.0,0.0,1.0,0.0,,1.0,0.0,0.0,0.0,0.0,0.0,,,,,,,,,,,,,,,,,,,,,,,
2023,2021013512,2023-09-30,1100096.0,石川 慎吾,50.0,打,9,1.0,0.0,1.0,1.0,0.0,1.0,1.0,0.0,0.0,1.0,0.0,,0.0,0.0,0.0,0.0,0.0,0.0,,,,,,,,,,,,,,,,,,,,,,,
2023,2021013512,2023-09-30,1100104.0,益田 直也,52.0,,9,,,,,,,,,,,,,,,,,,,4.0,1.0,0.0,2.0,5.0,3.68,0.3333333333333333,0.1,,,36.0,1.0,0.0,0.0,0.0,,1.0,0.0,1.0,,4.0,18.0,
2023,2021013512,2023-09-30,1300044.0,岡 大海,25.0,中,9,1.0,1.0,4.0,4.0,1.0,2.0,1.0,0.0,0.0,1.0,0.0,,0.0,1.0,0.0,0.0,0.0,1.0,,,,,,,,,,,,,,,,,,,,,,,
2023,2021013512,2023-09-30,1400184.0,外崎 修汰,5.0,二,7,1.0,1.0,5.0,4.0,1.0,3.0,1.0,0.0,0.0,0.0,1.0,,1.0,1.0,0.0,0.0,0.0,0.0,,,,,,,,,,,,,,,,,,,,,,,
2023,2021013512,2023-09-30,1460080.0,ポランコ,22.0,指,9,1.0,1.0,4.0,4.0,0.0,0.0,0.0,0.0,0.0,0.0,0.0,,0.0,1.0,0.0,0.0,0.0,0.0,,,,,,,,,,,,,,,,,,,,,,,
2023,2021013512,2023-09-30,1500141.0,茶谷 健太,67.0,二,9,1.0,1.0,4.0,4.0,0.0,1.0,0.0,0.0,0.0,0.0,0.0,,0.0,3.0,0.0,0.0,0.0,0.0,,,,,,,,,,,,,,,,,,,,,,,
2023,2021013512,2023-09-30,1600129.0,源田 壮亮,6.0,遊,7,1.0,1.0,5.0,5.0,0.0,2.0,0.0,0.0,0.0,0.0,0.0,,0.0,1.0,0.0,0.0,0.0,0.0,,,,,,,,,,,,,,,,,,,,,,,
2023,2021013512,2023-09-30,1600130.0,鈴木 将平,46.0,左,7,1.0,1.0,5.0,5.0,1.0,2.0,1.0,0.0,0.0,0.0,1.0,,0.0,1.0,0.0,0.0,0.0,0.0,,,,,,,,,,,,,,,,,,,,,,,
2023,2021013512,2023-09-30,1600131.0,平井 克典,25.0,,7,,,,,,,,,,,,,,,,,,,2.0,1.0,0.0,4.0,3.0,2.6,1.0,1.0,,,0.0,0.0,0.0,0.0,0.0,,0.0,1.0,0.0,,3.0,13.0,
2023,2021013512,2023-09-30,1600132.0,田村 伊知郎,40.0,,7,,,,,,,,,,,,,,,,,,,3.0,1.0,0.0,2.0,1.0,1.52,1.0,1.0,,,1.0,0.0,0.0,0.0,0.0,,0.0,1.0,0.0,,3.0,12.0,
2023,2021013512,2023-09-30,1600157.0,澤田 圭佑,66.0,,9,,,,,,,,,,,,,,,,,,,2.0,1.0,0.0,2.0,0.0,1.23,1.0,1.0,,,0.0,0.0,0.0,0.0,0.0,,1.0,3.0,0.0,,4.0,27.0,
2023,2021013512,2023-09-30,1660014.0,ペルドモ,55.0,,9,,,,,,,,,,,,,,,,,,,3.0,1.0,0.0,1.0,3.0,2.03,1.0,1.0,,,1.0,2.0,0.0,0.0,0.0,,1.0,1.0,0.0,,5.0,22.0,
2023,2021013512,2023-09-30,1700093.0,藤岡 裕大,4.0,遊,9,1.0,1.0,5.0,3.0,1.0,0.0,0.0,0.0,0.0,0.0,0.0,,2.0,1.0,0.0,0.0,0.0,1.0,,,,,,,,,,,,,,,,,,,,,,,
2023,2021013512,2023-09-30,1700098.0,和田 康士朗,63.0,走,9,1.0,0.0,0.0,0.0,1.0,0.0,0.0,0.0,0.0,0.0,0.0,,0.0,0.0,0.0,0.0,0.0,0.0,,,,,,,,,,,,,,,,,,,,,,,
2023,2021013512,2023-09-30,1700122.0,西川 愛也,51.0,中,7,1.0,1.0,5.0,4.0,1.0,1.0,0.0,0.0,0.0,2.0,1.0,,0.0,1.0,0.0,0.0,1.0,0.0,,,,,,,,,,,,,,,,,,,,,,,
2023,2021013512,2023-09-30,1700124.0,平良 海馬,61.0,,7,,,,,,,,,,,,,,,,,,,1.0,1.0,,11.0,7.0,2.4,6.0,6.0,,,0.0,6.0,4.0,4.0,1.0,,3.0,6.0,0.0,,26.0,103.0,
2023,2021013512,2023-09-30,1750472.0,古賀 悠斗,22.0,走捕,7,1.0,0.0,2.0,1.0,0.0,0.0,0.0,0.0,0.0,0.0,0.0,,1.0,0.0,0.0,0.0,0.0,0.0,,,,,,,,,,,,,,,,,,,,,,,
2023,2021013512,2023-09-30,1800037.0,坂本 光士郎,36.0,,9,,,,,,,,,,,,,,,,,,,5.0,1.0,0.0,1.0,0.0,3.22,0.6666666666666666,0.2,,,0.0,0.0,0.0,0.0,0.0,,0.0,2.0,0.0,,2.0,10.0,
2023,2021013512,2023-09-30,1800050.0,藤原 恭大,1.0,中,9,1.0,0.0,0.0,0.0,0.0,0.0,0.0,0.0,0.0,0.0,0.0,,0.0,0.0,0.0,0.0,0.0,0.0,,,,,,,,,,,,,,,,,,,,,,,
2023,2021013512,2023-09-30,1800053.0,山口 航輝,51.0,一,9,1.0,1.0,4.0,4.0,1.0,1.0,0.0,0.0,0.0,0.0,0.0,,0.0,1.0,0.0,0.0,0.0,0.0,,,,,,,,,,,,,,,,,,,,,,,
2023,2021013512,2023-09-30,1800086.0,佐藤 龍世,58.0,三,7,1.0,1.0,5.0,3.0,0.0,0.0,0.0,0.0,0.0,0.0,0.0,,1.0,0.0,0.0,1.0,0.0,0.0,,,,,,,,,,,,,,,,,,,,,,,
2023,2021013512,2023-09-30,1861064.0,ブロッソー,72.0,三,9,1.0,1.0,4.0,4.0,0.0,0.0,0.0,0.0,0.0,0.0,0.0,,0.0,1.0,0.0,0.0,0.0,0.0,,,,,,,,,,,,,,,,,,,,,,,
2023,2021013512,2023-09-30,1900065.0,柘植 世那,37.0,捕,7,1.0,1.0,2.0,2.0,0.0,0.0,0.0,0.0,0.0,0.0,0.0,,0.0,1.0,0.0,0.0,0.0,0.0,,,,,,,,,,,,,,,,,,,,,,,
2023,2021013512,2023-09-30,1900068.0,岸 潤一郎,68.0,右,7,1.0,1.0,6.0,6.0,0.0,2.0,0.0,0.0,0.0,2.0,0.0,,0.0,1.0,0.0,0.0,0.0,0.0,,,,,,,,,,,,,,,,,,,,,,,
2023,2021013512,2023-09-30,1900081.0,佐藤 都志也,32.0,捕,9,1.0,1.0,4.0,4.0,0.0,1.0,0.0,0.0,0.0,0.0,0.0,,0.0,0.0,0.0,0.0,0.0,0.0,,,,,,,,,,,,,,,,,,,,,,,
2023,2021013512,2023-09-30,2000067.0,渡部 健人,8.0,一,7,1.0,0.0,3.0,2.0,0.0,0.0,0.0,0.0,0.0,0.0,0.0,,0.0,2.0,1.0,0.0,0.0,0.0,,,,,,,,,,,,,,,,,,,,,,,
2023,2021013512,2023-09-30,2000078.0,水上 由伸,69.0,,7,,,,,,,,,,,,,,,,,,,5.0,1.0,0.0,0.0,2.0,2.12,0.3333333333333333,0.1,,,1.0,1.0,1.0,1.0,0.0,,0.0,0.0,0.0,,2.0,8.0,
2023,2021013512,2023-09-30,2000088.0,中森 俊介,56.0,,9,,,,,,,,,,,,,,,,,,,6.0,1.0,0.0,2.0,2.0,3.86,1.0,1.0,,,0.0,0.0,0.0,0.0,0.0,,0.0,1.0,0.0,,3.0,12.0,
2023,2021013512,2023-09-30,2060016.0,クリスキー,99.0,,7,,,,,,,,,,,,,,,,,,,4.0,1.0,0.0,0.0,0.0,1.93,1.0,1.0,,,7.0,0.0,0.0,0.0,0.0,,0.0,1.0,0.0,,3.0,14.0,
2023,2021013512,2023-09-30,2103714.0,佐藤 隼輔,19.0,,7,,,,,,,,,,,,,,,,,,,6.0,1.0,0.0,1.0,2.0,2.5,0.0,0.0,,,0.0,1.0,0.0,0.0,0.0,,1.0,0.0,0.0,,2.0,8.0,
2023,2021013512,2023-09-30,2108196.0,マキノン,30.0,一,7,1.0,1.0,2.0,2.0,1.0,1.0,0.0,0.0,0.0,0.0,0.0,,0.0,1.0,0.0,0.0,0.0,0.0,,,,,,,,,,,,,,,,,,,,,,,
2023,2021013513,2023-09-30,600024.0,T-岡田,55.0,打一,11,1.0,0.0,2.0,2.0,0.0,0.0,0.0,0.0,0.0,0.0,0.0,,0.0,1.0,0.0,0.0,0.0,0.0,,,,,,,,,,,,,,,,,,,,,,,
2023,2021013513,2023-09-30,600026.0,炭谷 銀仁朗,26.0,捕,376,1.0,1.0,3.0,1.0,1.0,1.0,0.0,0.0,0.0,0.0,0.0,,1.0,0.0,0.0,1.0,0.0,0.0,,,,,,,,,,,,,,,,,,,,,,,
2023,2021013513,2023-09-30,700065.0,岸 孝之,11.0,,376,,,,,,,,,,,,,,,,,,,1.0,1.0,,9.0,5.0,2.86,6.0,6.0,,,0.0,8.0,0.0,0.0,0.0,,1.0,5.0,0.0,,26.0,111.0,
2023,2021013513,2023-09-30,900056.0,浅村 栄斗,3.0,二,376,1.0,1.0,5.0,5.0,0.0,1.0,0.0,0.0,0.0,1.0,0.0,,0.0,1.0,0.0,0.0,0.0,0.0,,,,,,,,,,,,,,,,,,,,,,,
2023,2021013513,2023-09-30,1100103.0,鈴木 大地,7.0,打,376,1.0,0.0,1.0,1.0,0.0,0.0,0.0,0.0,0.0,0.0,0.0,,0.0,1.0,0.0,0.0,0.0,0.0,,,,,,,,,,,,,,,,,,,,,,,
2023,2021013513,2023-09-30,1100130.0,岡島 豪郎,27.0,左,376,1.0,1.0,5.0,4.0,1.0,0.0,0.0,0.0,0.0,0.0,0.0,,1.0,2.0,0.0,0.0,0.0,0.0,,,,,,,,,,,,,,,,,,,,,,,
2023,2021013513,2023-09-30,1100132.0,島内 宏明,35.0,指,376,1.0,1.0,5.0,3.0,0.0,1.0,0.0,0.0,0.0,2.0,0.0,,1.0,0.0,0.0,0.0,1.0,0.0,,,,,,,,,,,,,,,,,,,,,,,
2023,2021013513,2023-09-30,1160424.0,ゴンザレス,8.0,一二,11,1.0,1.0,5.0,5.0,0.0,1.0,0.0,0.0,0.0,0.0,0.0,,0.0,2.0,0.0,0.0,0.0,0.0,,,,,,,,,,,,,,,,,,,,,,,
2023,2021013513,2023-09-30,1300084.0,松井 裕樹,1.0,,376,,,,,,,,,,,,,,,,,,,5.0,1.0,0.0,2.0,3.0,1.66,1.0,1.0,,,38.0,1.0,1.0,1.0,1.0,,0.0,0.0,0.0,,4.0,12.0,
2023,2021013513,2023-09-30,1300100.0,森 友哉,4.0,捕右,11,1.0,1.0,5.0,4.0,1.0,1.0,0.0,0.0,0.0,0.0,0.0,,1.0,0.0,0.0,0.0,0.0,0.0,,,,,,,,,,,,,,,,,,,,,,,
2023,2021013513,2023-09-30,1300109.0,若月 健矢,2.0,捕,11,1.0,0.0,1.0,1.0,0.0,0.0,0.0,0.0,0.0,0.0,0.0,,0.0,0.0,0.0,0.0,0.0,0.0,,,,,,,,,,,,,,,,,,,,,,,
2023,2021013513,2023-09-30,1400139.0,安樂 智大,20.0,,376,,,,,,,,,,,,,,,,,,,2.0,1.0,0.0,3.0,2.0,3.15,0.3333333333333333,0.1,,,0.0,3.0,3.0,3.0,0.0,,0.0,0.0,0.0,,4.0,12.0,
2023,2021013513,2023-09-30,1400196.0,宗 佑磨,6.0,三,11,1.0,1.0,4.0,2.0,0.0,0.0,0.0,0.0,0.0,0.0,0.0,,2.0,0.0,0.0,0.0,0.0,1.0,,,,,,,,,,,,,,,,,,,,,,,
2023,2021013513,2023-09-30,1500127.0,近藤 大亮,20.0,,11,,,,,,,,,,,,,,,,,,,4.0,1.0,0.0,0.0,1.0,5.56,1.0,1.0,,,0.0,3.0,1.0,1.0,0.0,,0.0,0.0,0.0,,6.0,26.0,
2023,2021013513,2023-09-30,1600007.0,村林 一輝,66.0,遊,376,1.0,1.0,4.0,4.0,0.0,0.0,0.0,0.0,0.0,0.0,0.0,,0.0,2.0,0.0,0.0,0.0,0.0,,,,,,,,,,,,,,,,,,,,,,,
2023,2021013513,2023-09-30,1600094.0,田中 和基,25.0,左,376,1.0,0.0,0.0,0.0,0.0,0.0,0.0,0.0,0.0,0.0,0.0,,0.0,0.0,0.0,0.0,0.0,0.0,,,,,,,,,,,,,,,,,,,,,,,
2023,2021013513,2023-09-30,1600142.0,酒居 知史,28.0,,376,,,,,,,,,,,,,,,,,,,3.0,1.0,0.0,4.0,3.0,3.12,0.6666666666666666,0.2,,,1.0,1.0,0.0,0.0,0.0,,1.0,1.0,0.0,,4.0,13.0,
2023,2021013513,2023-09-30,1700034.0,山崎 剛,34.0,三,376,1.0,0.0,0.0,0.0,0.0,0.0,0.0,0.0,0.0,0.0,0.0,,0.0,0.0,0.0,0.0,0.0,0.0,,,,,,,,,,,,,,,,,,,,,,,
2023,2021013513,2023-09-30,1700109.0,田嶋 大樹,29.0,,11,,,,,,,,,,,,,,,,,,,1.0,1.0,,6.0,4.0,3.09,6.0,6.0,,,0.0,6.0,4.0,1.0,0.0,,2.0,5.0,0.0,,28.0,107.0,
2023,2021013513,2023-09-30,1700111.0,福田 周平,1.0,左,11,1.0,1.0,5.0,4.0,1.0,2.0,1.0,0.0,0.0,0.0,0.0,,1.0,1.0,0.0,0.0,0.0,0.0,,,,,,,,,,,,,,,,,,,,,,,
2023,2021013513,2023-09-30,1751068.0,野口 智哉,9.0,右遊,11,1.0,1.0,4.0,4.0,0.0,2.0,0.0,0.0,0.0,0.0,1.0,,0.0,0.0,0.0,0.0,0.0,0.0,,,,,,,,,,,,,,,,,,,,,,,
2023,2021013513,2023-09-30,1800102.0,宜保 翔,53.0,二,11,1.0,1.0,2.0,2.0,0.0,0.0,0.0,0.0,0.0,0.0,0.0,,0.0,1.0,0.0,0.0,0.0,2.0,,,,,,,,,,,,,,,,,,,,,,,
2023,2021013513,2023-09-30,1800104.0,中川 圭太,67.0,中,11,1.0,1.0,5.0,5.0,1.0,2.0,1.0,0.0,0.0,2.0,0.0,,0.0,0.0,0.0,0.0,0.0,0.0,,,,,,,,,,,,,,,,,,,,,,,
2023,2021013513,2023-09-30,1800117.0,辰己 涼介,8.0,中,376,1.0,1.0,4.0,3.0,0.0,1.0,0.0,0.0,0.0,0.0,0.0,,0.0,2.0,0.0,1.0,0.0,0.0,,,,,,,,,,,,,,,,,,,,,,,
2023,2021013513,2023-09-30,1800118.0,太田 光,2.0,捕,376,1.0,0.0,0.0,0.0,0.0,0.0,0.0,0.0,0.0,0.0,0.0,,0.0,0.0,0.0,0.0,0.0,1.0,,,,,,,,,,,,,,,,,,,,,,,
2023,2021013513,2023-09-30,1800122.0,渡邊 佳明,48.0,一,376,1.0,1.0,5.0,5.0,0.0,1.0,0.0,0.0,0.0,0.0,0.0,,0.0,0.0,0.0,0.0,0.0,0.0,,,,,,,,,,,,,,,,,,,,,,,
2023,2021013513,2023-09-30,1800123.0,小郷 裕哉,51.0,右,376,1.0,1.0,4.0,4.0,0.0,1.0,0.0,0.0,0.0,0.0,0.0,,0.0,1.0,0.0,0.0,0.0,0.0,,,,,,,,,,,,,,,,,,,,,,,
2023,2021013513,2023-09-30,1900088.0,紅林 弘太郎,24.0,遊三,11,1.0,1.0,5.0,5.0,0.0,3.0,1.0,0.0,0.0,1.0,0.0,,0.0,0.0,0.0,0.0,0.0,0.0,,,,,,,,,,,,,,,,,,,,,,,
2023,2021013513,2023-09-30,1900112.0,小深田 大翔,0.0,三,376,1.0,1.0,5.0,5.0,3.0,3.0,0.0,1.0,0.0,1.0,1.0,,0.0,0.0,0.0,0.0,0.0,0.0,,,,,,,,,,,,,,,,,,,,,,,
2023,2021013513,2023-09-30,1961077.0,ワゲスパック,58.0,,11,,,,,,,,,,,,,,,,,,,3.0,1.0,0.0,4.0,7.0,5.48,1.0,1.0,,,2.0,0.0,0.0,0.0,0.0,,0.0,3.0,0.0,,3.0,15.0,
2023,2021013513,2023-09-30,2103747.0,渡部 遼人,0.0,走右,11,1.0,0.0,0.0,0.0,0.0,0.0,0.0,0.0,0.0,0.0,0.0,,0.0,0.0,0.0,0.0,0.0,0.0,,,,,,,,,,,,,,,,,,,,,,,
2023,2021013513,2023-09-30,2103793.0,横山 楓,52.0,,11,,,,,,,,,,,,,,,,,,,2.0,1.0,0.0,0.0,0.0,0.0,1.0,1.0,,,0.0,0.0,0.0,0.0,0.0,,1.0,1.0,0.0,,4.0,17.0,
2023,2021013513,2023-09-30,2105140.0,渡辺 翔太,31.0,,376,,,,,,,,,,,,,,,,,,,4.0,1.0,0.0,8.0,3.0,1.39,1.0,1.0,,,1.0,0.0,0.0,0.0,0.0,,2.0,0.0,0.0,,5.0,25.0,
2023,2021013513,2023-09-30,2108913.0,セデーニョ,40.0,指,11,1.0,1.0,5.0,5.0,1.0,2.0,0.0,0.0,1.0,1.0,0.0,,0.0,1.0,0.0,0.0,0.0,0.0,,,,,,,,,,,,,,,,,,,,,,,
2023,2021013514,2023-09-30,800081.0,中村 晃,7.0,一,12,1.0,1.0,4.0,3.0,1.0,1.0,0.0,0.0,1.0,1.0,0.0,,1.0,1.0,0.0,0.0,0.0,0.0,,,,,,,,,,,,,,,,,,,,,,,
2023,2021013514,2023-09-30,1000035.0,今宮 健太,6.0,遊,12,1.0,1.0,3.0,2.0,0.0,0.0,0.0,0.0,0.0,0.0,0.0,,0.0,0.0,0.0,1.0,0.0,0.0,,,,,,,,,,,,,,,,,,,,,,,
2023,2021013514,2023-09-30,1000128.0,柳田 悠岐,9.0,指,12,1.0,1.0,4.0,4.0,1.0,1.0,0.0,0.0,1.0,1.0,0.0,,0.0,1.0,0.0,0.0,0.0,0.0,,,,,,,,,,,,,,,,,,,,,,,
2023,2021013514,2023-09-30,1000176.0,甲斐 拓也,19.0,捕,12,1.0,1.0,2.0,2.0,0.0,1.0,0.0,0.0,0.0,1.0,0.0,,0.0,0.0,0.0,0.0,0.0,0.0,,,,,,,,,,,,,,,,,,,,,,,
2023,2021013514,2023-09-30,1100095.0,松本 剛,7.0,中,8,1.0,1.0,4.0,4.0,0.0,2.0,0.0,0.0,0.0,0.0,0.0,,0.0,0.0,0.0,0.0,0.0,0.0,,,,,,,,,,,,,,,,,,,,,,,
2023,2021013514,2023-09-30,1100097.0,近藤 健介,3.0,左,12,1.0,1.0,4.0,3.0,0.0,0.0,0.0,0.0,0.0,0.0,0.0,,1.0,0.0,0.0,0.0,0.0,0.0,,,,,,,,,,,,,,,,,,,,,,,
2023,2021013514,2023-09-30,1300063.0,又吉 克樹,14.0,,12,,,,,,,,,,,,,,,,,,,2.0,1.0,0.0,2.0,2.0,2.45,1.0,1.0,,,0.0,1.0,0.0,0.0,0.0,,0.0,1.0,0.0,,4.0,18.0,
2023,2021013514,2023-09-30,1300079.0,上林 誠知,51.0,中,12,1.0,1.0,3.0,3.0,0.0,0.0,0.0,0.0,0.0,0.0,0.0,,0.0,2.0,0.0,0.0,0.0,0.0,,,,,,,,,,,,,,,,,,,,,,,
2023,2021013514,2023-09-30,1300093.0,嶺井 博希,12.0,捕,12,1.0,0.0,0.0,0.0,0.0,0.0,0.0,0.0,0.0,0.0,0.0,,0.0,0.0,0.0,0.0,0.0,0.0,,,,,,,,,,,,,,,,,,,,,,,
2023,2021013514,2023-09-30,1400118.0,清水 優心,10.0,捕,8,1.0,1.0,4.0,3.0,0.0,0.0,0.0,0.0,0.0,0.0,0.0,,0.0,0.0,0.0,1.0,0.0,0.0,,,,,,,,,,,,,,,,,,,,,,,
2023,2021013514,2023-09-30,1400170.0,江越 大賀,37.0,左,8,1.0,0.0,0.0,0.0,0.0,0.0,0.0,0.0,0.0,0.0,0.0,,0.0,0.0,0.0,0.0,0.0,0.0,,,,,,,,,,,,,,,,,,,,,,,
2023,2021013514,2023-09-30,1400176.0,藤井 皓哉,48.0,,12,,,,,,,,,,,,,,,,,,,3.0,1.0,0.0,5.0,3.0,2.32,1.0,1.0,,,0.0,0.0,0.0,0.0,0.0,,0.0,1.0,0.0,,3.0,11.0,
2023,2021013514,2023-09-30,1500143.0,川瀬 晃,0.0,三,12,1.0,1.0,3.0,3.0,0.0,0.0,0.0,0.0,0.0,0.0,0.0,,0.0,0.0,0.0,0.0,0.0,0.0,,,,,,,,,,,,,,,,,,,,,,,
2023,2021013514,2023-09-30,1600139.0,玉井 大翔,19.0,,8,,,,,,,,,,,,,,,,,,,3.0,1.0,0.0,0.0,2.0,2.43,1.0,1.0,,,2.0,0.0,0.0,0.0,0.0,,0.0,1.0,0.0,,3.0,14.0,
2023,2021013514,2023-09-30,1600164.0,田中 正義,26.0,,8,,,,,,,,,,,,,,,,,,,5.0,1.0,0.0,2.0,3.0,3.57,0.3333333333333333,0.1,,,24.0,2.0,2.0,2.0,2.0,,0.0,0.0,0.0,,3.0,11.0,
2023,2021013514,2023-09-30,1600167.0,三森 大貴,13.0,二,12,1.0,1.0,4.0,3.0,0.0,0.0,0.0,0.0,0.0,0.0,1.0,,1.0,0.0,0.0,0.0,0.0,0.0,,,,,,,,,,,,,,,,,,,,,,,
2023,2021013514,2023-09-30,1700025.0,清宮 幸太郎,21.0,三,8,1.0,1.0,4.0,4.0,0.0,0.0,0.0,0.0,0.0,0.0,0.0,,0.0,0.0,0.0,0.0,0.0,0.0,,,,,,,,,,,,,,,,,,,,,,,
2023,2021013514,2023-09-30,1700027.0,田中 瑛斗,93.0,,8,,,,,,,,,,,,,,,,,,,1.0,1.0,,0.0,0.0,5.4,5.0,5.0,,,0.0,2.0,1.0,1.0,0.0,,3.0,3.0,0.0,,20.0,99.0,
2023,2021013514,2023-09-30,1800008.0,マルティネス,2.0,指,8,1.0,1.0,4.0,4.0,0.0,0.0,0.0,0.0,0.0,0.0,0.0,,0.0,1.0,0.0,0.0,0.0,0.0,,,,,,,,,,,,,,,,,,,,,,,
2023,2021013514,2023-09-30,1800091.0,野村 佑希,5.0,一,8,1.0,1.0,4.0,3.0,2.0,1.0,0.0,0.0,0.0,0.0,0.0,,1.0,1.0,0.0,0.0,0.0,0.0,,,,,,,,,,,,,,,,,,,,,,,
2023,2021013514,2023-09-30,1800093.0,万波 中正,66.0,右,8,1.0,1.0,4.0,4.0,0.0,0.0,0.0,0.0,0.0,0.0,0.0,,0.0,3.0,0.0,0.0,0.0,0.0,,,,,,,,,,,,,,,,,,,,,,,
2023,2021013514,2023-09-30,1800095.0,田宮 裕涼,64.0,左,8,1.0,1.0,4.0,4.0,0.0,2.0,1.0,0.0,0.0,2.0,1.0,,0.0,0.0,0.0,0.0,0.0,0.0,,,,,,,,,,,,,,,,,,,,,,,
2023,2021013514,2023-09-30,1800096.0,福田 俊,40.0,,8,,,,,,,,,,,,,,,,,,,2.0,1.0,0.0,1.0,0.0,0.0,1.0,1.0,,,0.0,0.0,0.0,0.0,0.0,,0.0,0.0,0.0,,3.0,12.0,
2023,2021013514,2023-09-30,1800106.0,甲斐野 央,20.0,,12,,,,,,,,,,,,,,,,,,,4.0,1.0,0.0,3.0,1.0,2.21,1.0,1.0,,,2.0,1.0,0.0,0.0,0.0,,0.0,1.0,0.0,,4.0,12.0,
2023,2021013514,2023-09-30,1800108.0,野村 大樹,55.0,打,12,1.0,0.0,1.0,1.0,0.0,0.0,0.0,0.0,0.0,0.0,0.0,,0.0,0.0,0.0,0.0,0.0,0.0,,,,,,,,,,,,,,,,,,,,,,,
2023,2021013514,2023-09-30,1800109.0,板東 湧梧,50.0,,12,,,,,,,,,,,,,,,,,,,1.0,1.0,,5.0,4.0,3.04,6.0,6.0,,,0.0,6.0,2.0,2.0,0.0,,1.0,3.0,0.0,,24.0,90.0,
2023,2021013514,2023-09-30,1850932.0,奈良間 大己,58.0,遊,8,1.0,1.0,3.0,3.0,0.0,1.0,0.0,0.0,0.0,0.0,0.0,,0.0,0.0,0.0,0.0,0.0,0.0,,,,,,,,,,,,,,,,,,,,,,,
2023,2021013514,2023-09-30,1900070.0,河野 竜生,28.0,,8,,,,,,,,,,,,,,,,,,,4.0,1.0,0.0,1.0,4.0,1.79,1.0,1.0,,,0.0,1.0,0.0,0.0,0.0,,0.0,0.0,0.0,,3.0,3.0,
2023,2021013514,2023-09-30,1900104.0,柳町 達,32.0,右,12,1.0,1.0,3.0,3.0,1.0,1.0,1.0,0.0,0.0,0.0,0.0,,0.0,0.0,0.0,0.0,0.0,0.0,,,,,,,,,,,,,,,,,,,,,,,
2023,2021013514,2023-09-30,2000082.0,細川 凌平,56.0,二,8,1.0,1.0,4.0,4.0,0.0,2.0,1.0,0.0,0.0,0.0,0.0,,0.0,1.0,0.0,0.0,0.0,0.0,,,,,,,,,,,,,,,,,,,,,,,
2023,2021013514,2023-09-30,2000108.0,井上 朋也,43.0,打,12,1.0,0.0,1.0,1.0,0.0,1.0,0.0,0.0,0.0,0.0,0.0,,0.0,0.0,0.0,0.0,0.0,0.0,,,,,,,,,,,,,,,,,,,,,,,
2023,2021013514,2023-09-30,2104035.0,野村 勇,99.0,走三,12,1.0,0.0,0.0,0.0,0.0,0.0,0.0,0.0,0.0,0.0,0.0,,0.0,0.0,0.0,0.0,0.0,0.0,,,,,,,,,,,,,,,,,,,,,,,
2023,2021014956,2023-09-16,700050.0,會澤 翼,27.0,捕,6,1.0,1.0,2.0,1.0,0.0,0.0,0.0,0.0,0.0,0.0,0.0,,1.0,0.0,0.0,0.0,0.0,0.0,,,,,,,,,,,,,,,,,,,,,,,
2023,2021014956,2023-09-16,800041.0,松山 竜平,55.0,打,6,1.0,0.0,1.0,1.0,0.0,1.0,1.0,0.0,0.0,2.0,0.0,,0.0,0.0,0.0,0.0,0.0,0.0,,,,,,,,,,,,,,,,,,,,,,,
2023,2021014956,2023-09-16,900430.0,堂林 翔太,7.0,左,6,1.0,1.0,4.0,3.0,1.0,1.0,0.0,0.0,0.0,0.0,0.0,,1.0,1.0,0.0,0.0,0.0,0.0,,,,,,,,,,,,,,,,,,,,,,,
2023,2021014956,2023-09-16,1000150.0,秋山 翔吾,9.0,中,6,1.0,1.0,5.0,5.0,0.0,1.0,0.0,0.0,0.0,0.0,0.0,,0.0,0.0,0.0,0.0,0.0,0.0,,,,,,,,,,,,,,,,,,,,,,,
2023,2021014956,2023-09-16,1300059.0,田中 広輔,2.0,三,6,1.0,1.0,5.0,5.0,0.0,0.0,0.0,0.0,0.0,0.0,0.0,,0.0,1.0,0.0,0.0,0.0,0.0,,,,,,,,,,,,,,,,,,,,,,,
2023,2021014956,2023-09-16,1300070.0,岩貞 祐太,14.0,投,5,1.0,0.0,0.0,0.0,0.0,0.0,0.0,0.0,0.0,0.0,0.0,,0.0,0.0,0.0,0.0,0.0,0.0,5.0,1.0,0.0,1.0,0.0,2.76,1.0,1.0,,,0.0,0.0,0.0,0.0,0.0,,0.0,0.0,0.0,,3.0,15.0,
2023,2021014956,2023-09-16,1400173.0,野間 峻祥,37.0,打,6,1.0,0.0,1.0,1.0,0.0,0.0,0.0,0.0,0.0,0.0,0.0,,0.0,0.0,0.0,0.0,0.0,0.0,,,,,,,,,,,,,,,,,,,,,,,
2023,2021014956,2023-09-16,1500087.0,坂本 誠志郎,12.0,捕,5,1.0,1.0,5.0,5.0,0.0,2.0,1.0,0.0,0.0,1.0,0.0,,0.0,0.0,0.0,0.0,0.0,0.0,,,,,,,,,,,,,,,,,,,,,,,
2023,2021014956,2023-09-16,1600113.0,大山 悠輔,3.0,一,5,1.0,1.0,5.0,3.0,2.0,2.0,0.0,0.0,0.0,0.0,0.0,,2.0,1.0,0.0,0.0,0.0,1.0,,,,,,,,,,,,,,,,,,,,,,,
2023,2021014956,2023-09-16,1600124.0,坂倉 将吾,31.0,捕,6,1.0,0.0,3.0,3.0,0.0,0.0,0.0,0.0,0.0,0.0,0.0,,0.0,0.0,0.0,0.0,0.0,0.0,,,,,,,,,,,,,,,,,,,,,,,
2023,2021014956,2023-09-16,1600125.0,アドゥワ 誠,48.0,投,6,1.0,0.0,0.0,0.0,0.0,0.0,0.0,0.0,0.0,0.0,0.0,,0.0,0.0,0.0,0.0,0.0,0.0,2.0,1.0,0.0,1.0,0.0,3.31,1.3333333333333333,1.1,,,0.0,2.0,0.0,0.0,0.0,,0.0,0.0,0.0,,5.0,22.0,
2023,2021014956,2023-09-16,1700080.0,島田 海吏,53.0,右,5,1.0,0.0,0.0,0.0,0.0,0.0,0.0,0.0,0.0,0.0,0.0,,0.0,0.0,0.0,0.0,0.0,0.0,,,,,,,,,,,,,,,,,,,,,,,
2023,2021014956,2023-09-16,1700137.0,大竹 耕太郎,49.0,投,5,1.0,1.0,3.0,3.0,0.0,0.0,0.0,0.0,0.0,0.0,0.0,,0.0,1.0,0.0,0.0,0.0,0.0,1.0,1.0,,11.0,2.0,2.05,5.0,5.0,,,0.0,3.0,0.0,0.0,0.0,,2.0,2.0,0.0,,20.0,83.0,
2023,2021014956,2023-09-16,1800065.0,近本 光司,5.0,中,5,1.0,1.0,5.0,5.0,1.0,2.0,0.0,0.0,0.0,0.0,0.0,,0.0,0.0,0.0,0.0,0.0,0.0,,,,,,,,,,,,,,,,,,,,,,,
2023,2021014956,2023-09-16,1800067.0,木浪 聖也,0.0,遊,5,1.0,1.0,5.0,5.0,0.0,2.0,0.0,0.0,0.0,0.0,0.0,,0.0,1.0,0.0,0.0,0.0,1.0,,,,,,,,,,,,,,,,,,,,,,,
2023,2021014956,2023-09-16,1800072.0,小園 海斗,51.0,遊,6,1.0,1.0,4.0,4.0,0.0,1.0,0.0,0.0,0.0,0.0,0.0,,0.0,1.0,0.0,0.0,0.0,0.0,,,,,,,,,,,,,,,,,,,,,,,
2023,2021014956,2023-09-16,1800078.0,羽月 隆太郎,69.0,二,6,1.0,1.0,3.0,3.0,0.0,1.0,0.0,0.0,0.0,1.0,0.0,,0.0,0.0,0.0,0.0,0.0,0.0,,,,,,,,,,,,,,,,,,,,,,,
2023,2021014956,2023-09-16,1850183.0,森下 翔太,1.0,右,5,1.0,1.0,5.0,5.0,1.0,0.0,0.0,0.0,0.0,0.0,0.0,,0.0,1.0,0.0,0.0,0.0,0.0,,,,,,,,,,,,,,,,,,,,,,,
2023,2021014956,2023-09-16,1851151.0,河野 佳,46.0,投,6,1.0,0.0,0.0,0.0,0.0,0.0,0.0,0.0,0.0,0.0,0.0,,0.0,0.0,0.0,0.0,0.0,0.0,4.0,1.0,0.0,0.0,1.0,9.49,2.0,2.0,,,0.0,2.0,0.0,0.0,0.0,,0.0,1.0,0.0,,8.0,29.0,
2023,2021014956,2023-09-16,1900050.0,小野寺 暖,60.0,左,5,1.0,0.0,0.0,0.0,0.0,0.0,0.0,0.0,0.0,0.0,0.0,,0.0,0.0,0.0,0.0,0.0,0.0,,,,,,,,,,,,,,,,,,,,,,,
2023,2021014956,2023-09-16,1900052.0,森下 暢仁,18.0,投,6,1.0,1.0,1.0,1.0,0.0,0.0,0.0,0.0,0.0,0.0,0.0,,0.0,0.0,0.0,0.0,0.0,0.0,1.0,1.0,,8.0,5.0,2.91,4.666666666666667,4.2,,,0.0,9.0,7.0,7.0,1.0,,3.0,3.0,0.0,,25.0,90.0,
2023,2021014956,2023-09-16,1960349.0,ブルワー,98.0,投,5,1.0,0.0,0.0,0.0,0.0,0.0,0.0,0.0,0.0,0.0,0.0,,0.0,0.0,0.0,0.0,0.0,0.0,2.0,1.0,0.0,0.0,0.0,1.42,0.3333333333333333,0.1,,,0.0,3.0,3.0,1.0,0.0,,0.0,1.0,0.0,,6.0,19.0,
2023,2021014956,2023-09-16,1961166.0,マクブルーム,10.0,一,6,1.0,1.0,4.0,4.0,1.0,0.0,0.0,0.0,0.0,0.0,0.0,,0.0,0.0,0.0,0.0,0.0,0.0,,,,,,,,,,,,,,,,,,,,,,,
2023,2021014956,2023-09-16,1961285.0,ノイジー,7.0,左,5,1.0,1.0,5.0,5.0,2.0,2.0,0.0,0.0,2.0,5.0,0.0,,0.0,1.0,0.0,0.0,0.0,0.0,,,,,,,,,,,,,,,,,,,,,,,
2023,2021014956,2023-09-16,2000051.0,佐藤 輝明,8.0,三,5,1.0,1.0,5.0,5.0,2.0,4.0,1.0,0.0,0.0,3.0,0.0,,0.0,0.0,0.0,0.0,0.0,1.0,,,,,,,,,,,,,,,,,,,,,,,
2023,2021014956,2023-09-16,2000056.0,中野 拓夢,51.0,二,5,1.0,1.0,5.0,4.0,1.0,2.0,1.0,0.0,0.0,0.0,0.0,,1.0,1.0,0.0,0.0,0.0,1.0,,,,,,,,,,,,,,,,,,,,,,,
2023,2021014956,2023-09-16,2000058.0,石井 大智,69.0,投,5,1.0,0.0,0.0,0.0,0.0,0.0,0.0,0.0,0.0,0.0,0.0,,0.0,0.0,0.0,0.0,0.0,0.0,4.0,1.0,0.0,1.0,0.0,0.76,1.0,1.0,,,0.0,2.0,0.0,0.0,0.0,,0.0,0.0,0.0,,4.0,11.0,
2023,2021014956,2023-09-16,2000065.0,矢野 雅哉,61.0,二,6,1.0,0.0,0.0,0.0,0.0,0.0,0.0,0.0,0.0,0.0,0.0,,0.0,0.0,0.0,0.0,0.0,0.0,,,,,,,,,,,,,,,,,,,,,,,
2023,2021014956,2023-09-16,2103358.0,田村 俊介,60.0,右,6,1.0,1.0,4.0,4.0,1.0,2.0,0.0,0.0,0.0,0.0,0.0,,0.0,2.0,0.0,0.0,0.0,0.0,,,,,,,,,,,,,,,,,,,,,,,
2023,2021014956,2023-09-16,2103707.0,桐敷 拓馬,47.0,投,5,1.0,0.0,1.0,1.0,0.0,0.0,0.0,0.0,0.0,0.0,0.0,,0.0,1.0,0.0,0.0,0.0,0.0,3.0,1.0,0.0,2.0,0.0,1.95,1.6666666666666663,1.2,,,0.0,0.0,0.0,0.0,0.0,,0.0,2.0,0.0,,5.0,20.0,
2023,2021014956,2023-09-16,2103768.0,末包 昇大,52.0,左,6,1.0,0.0,1.0,1.0,0.0,1.0,0.0,0.0,0.0,0.0,0.0,,0.0,0.0,0.0,0.0,0.0,0.0,,,,,,,,,,,,,,,,,,,,,,,
2023,2021014956,2023-09-16,2105565.0,益田 武尚,26.0,投,6,1.0,0.0,0.0,0.0,0.0,0.0,0.0,0.0,0.0,0.0,0.0,,0.0,0.0,0.0,0.0,0.0,0.0,3.0,1.0,0.0,1.0,0.0,1.64,1.0,1.0,,,0.0,3.0,2.0,2.0,1.0,,0.0,3.0,0.0,,6.0,20.0,
2023,2021014983,2023-09-21,700003.0,坂本 勇人,6.0,三,1,1.0,1.0,4.0,4.0,1.0,0.0,0.0,0.0,0.0,0.0,0.0,,0.0,3.0,0.0,0.0,0.0,0.0,,,,,,,,,,,,,,,,,,,,,,,
2023,2021014983,2023-09-21,800043.0,丸 佳浩,8.0,右,1,1.0,1.0,4.0,4.0,1.0,2.0,0.0,0.0,0.0,1.0,0.0,,0.0,0.0,0.0,0.0,0.0,0.0,,,,,,,,,,,,,,,,,,,,,,,
2023,2021014983,2023-09-21,900426.0,原口 文仁,94.0,打,5,1.0,0.0,1.0,1.0,0.0,0.0,0.0,0.0,0.0,0.0,0.0,,0.0,0.0,0.0,0.0,0.0,0.0,,,,,,,,,,,,,,,,,,,,,,,
2023,2021014983,2023-09-21,1300042.0,渡邉 諒,25.0,打,5,1.0,0.0,1.0,1.0,0.0,0.0,0.0,0.0,0.0,0.0,0.0,,0.0,0.0,0.0,0.0,0.0,0.0,,,,,,,,,,,,,,,,,,,,,,,
2023,2021014983,2023-09-21,1400101.0,岡本 和真,25.0,一,1,1.0,1.0,4.0,4.0,1.0,1.0,0.0,0.0,0.0,0.0,0.0,,0.0,0.0,0.0,0.0,0.0,0.0,,,,,,,,,,,,,,,,,,,,,,,
2023,2021014983,2023-09-21,1500047.0,重信 慎之介,43.0,中,1,1.0,1.0,5.0,4.0,0.0,0.0,0.0,0.0,0.0,0.0,0.0,,1.0,2.0,0.0,0.0,0.0,0.0,,,,,,,,,,,,,,,,,,,,,,,
2023,2021014983,2023-09-21,1500052.0,中川 皓太,41.0,投,1,1.0,0.0,0.0,0.0,0.0,0.0,0.0,0.0,0.0,0.0,0.0,,0.0,0.0,0.0,0.0,0.0,0.0,3.0,1.0,0.0,1.0,3.0,1.96,1.0,1.0,,,13.0,1.0,0.0,0.0,0.0,,0.0,1.0,0.0,,4.0,15.0,
2023,2021014983,2023-09-21,1500054.0,増田 大輝,0.0,走左,1,1.0,0.0,0.0,0.0,0.0,0.0,0.0,0.0,0.0,0.0,0.0,,0.0,0.0,0.0,0.0,0.0,0.0,,,,,,,,,,,,,,,,,,,,,,,
2023,2021014983,2023-09-21,1500087.0,坂本 誠志郎,12.0,捕,5,1.0,1.0,2.0,2.0,0.0,2.0,0.0,0.0,0.0,0.0,0.0,,0.0,0.0,0.0,0.0,0.0,0.0,,,,,,,,,,,,,,,,,,,,,,,
2023,2021014983,2023-09-21,1500090.0,青柳 晃洋,17.0,投,5,1.0,1.0,2.0,2.0,0.0,0.0,0.0,0.0,0.0,0.0,0.0,,0.0,1.0,0.0,0.0,0.0,0.0,1.0,1.0,,8.0,5.0,4.39,5.666666666666667,5.2,,,0.0,5.0,5.0,5.0,1.0,,3.0,4.0,0.0,,25.0,90.0,
2023,2021014983,2023-09-21,1600059.0,吉川 尚輝,2.0,二,1,1.0,1.0,4.0,4.0,0.0,1.0,0.0,0.0,0.0,0.0,0.0,,0.0,2.0,0.0,0.0,0.0,0.0,,,,,,,,,,,,,,,,,,,,,,,
2023,2021014983,2023-09-21,1600113.0,大山 悠輔,3.0,一,5,1.0,1.0,4.0,4.0,1.0,3.0,2.0,0.0,0.0,0.0,0.0,,0.0,0.0,0.0,0.0,0.0,0.0,,,,,,,,,,,,,,,,,,,,,,,
2023,2021014983,2023-09-21,1600119.0,長坂 拳弥,57.0,捕,5,1.0,0.0,1.0,1.0,0.0,1.0,0.0,0.0,0.0,0.0,0.0,,0.0,0.0,0.0,0.0,0.0,0.0,,,,,,,,,,,,,,,,,,,,,,,
2023,2021014983,2023-09-21,1651302.0,岡田 悠希,38.0,右,1,1.0,0.0,0.0,0.0,0.0,0.0,0.0,0.0,0.0,0.0,0.0,,0.0,0.0,0.0,0.0,0.0,0.0,,,,,,,,,,,,,,,,,,,,,,,
2023,2021014983,2023-09-21,1700043.0,岸田 行倫,27.0,捕,1,1.0,1.0,2.0,2.0,0.0,0.0,0.0,0.0,0.0,0.0,0.0,,0.0,0.0,0.0,0.0,0.0,0.0,,,,,,,,,,,,,,,,,,,,,,,
2023,2021014983,2023-09-21,1700044.0,大城 卓三,24.0,打捕,1,1.0,0.0,2.0,2.0,1.0,1.0,0.0,0.0,1.0,4.0,0.0,,0.0,0.0,0.0,0.0,0.0,0.0,,,,,,,,,,,,,,,,,,,,,,,
2023,2021014983,2023-09-21,1700077.0,馬場 皐輔,18.0,投,5,1.0,0.0,0.0,0.0,0.0,0.0,0.0,0.0,0.0,0.0,0.0,,0.0,0.0,0.0,0.0,0.0,0.0,4.0,1.0,0.0,2.0,1.0,2.0,1.0,1.0,,,0.0,0.0,0.0,0.0,0.0,,0.0,3.0,0.0,,3.0,14.0,
2023,2021014983,2023-09-21,1700080.0,島田 海吏,53.0,左,5,1.0,0.0,0.0,0.0,0.0,0.0,0.0,0.0,0.0,0.0,0.0,,0.0,0.0,0.0,0.0,0.0,0.0,,,,,,,,,,,,,,,,,,,,,,,
2023,2021014983,2023-09-21,1800065.0,近本 光司,5.0,中,5,1.0,1.0,4.0,4.0,0.0,1.0,0.0,0.0,0.0,0.0,0.0,,0.0,1.0,0.0,0.0,0.0,0.0,,,,,,,,,,,,,,,,,,,,,,,
2023,2021014983,2023-09-21,1800066.0,小幡 竜平,38.0,打遊,5,1.0,0.0,2.0,2.0,0.0,0.0,0.0,0.0,0.0,0.0,0.0,,0.0,2.0,0.0,0.0,0.0,0.0,,,,,,,,,,,,,,,,,,,,,,,
2023,2021014983,2023-09-21,1800067.0,木浪 聖也,0.0,遊,5,1.0,1.0,3.0,3.0,0.0,0.0,0.0,0.0,0.0,0.0,0.0,,0.0,1.0,0.0,0.0,0.0,0.0,,,,,,,,,,,,,,,,,,,,,,,
2023,2021014983,2023-09-21,1850183.0,森下 翔太,1.0,打,5,1.0,0.0,1.0,1.0,0.0,0.0,0.0,0.0,0.0,0.0,0.0,,0.0,0.0,0.0,0.0,0.0,0.0,,,,,,,,,,,,,,,,,,,,,,,
2023,2021014983,2023-09-21,1860031.0,ブリンソン,42.0,打,1,1.0,0.0,1.0,1.0,0.0,0.0,0.0,0.0,0.0,0.0,0.0,,0.0,1.0,0.0,0.0,0.0,0.0,,,,,,,,,,,,,,,,,,,,,,,
2023,2021014983,2023-09-21,1900046.0,及川 雅貴,37.0,投,5,1.0,0.0,0.0,0.0,0.0,0.0,0.0,0.0,0.0,0.0,0.0,,0.0,0.0,0.0,0.0,0.0,0.0,2.0,1.0,0.0,3.0,1.0,2.45,1.3333333333333333,1.1,,,0.0,0.0,0.0,0.0,0.0,,1.0,4.0,0.0,,5.0,20.0,
2023,2021014983,2023-09-21,1900050.0,小野寺 暖,60.0,右,5,1.0,1.0,3.0,3.0,0.0,1.0,0.0,0.0,0.0,0.0,0.0,,0.0,1.0,0.0,0.0,0.0,0.0,,,,,,,,,,,,,,,,,,,,,,,
2023,2021014983,2023-09-21,1961251.0,ミエセス,55.0,打,5,1.0,0.0,1.0,1.0,1.0,1.0,0.0,0.0,1.0,1.0,0.0,,0.0,0.0,0.0,0.0,0.0,0.0,,,,,,,,,,,,,,,,,,,,,,,
2023,2021014983,2023-09-21,1961285.0,ノイジー,7.0,左,5,1.0,1.0,3.0,3.0,0.0,0.0,0.0,0.0,0.0,0.0,0.0,,0.0,0.0,0.0,0.0,0.0,0.0,,,,,,,,,,,,,,,,,,,,,,,
2023,2021014983,2023-09-21,2000009.0,秋広 優人,55.0,左,1,1.0,1.0,4.0,3.0,1.0,0.0,0.0,0.0,0.0,0.0,0.0,,1.0,0.0,0.0,0.0,0.0,0.0,,,,,,,,,,,,,,,,,,,,,,,
2023,2021014983,2023-09-21,2000051.0,佐藤 輝明,8.0,三,5,1.0,1.0,4.0,4.0,1.0,1.0,0.0,0.0,1.0,2.0,0.0,,0.0,2.0,0.0,0.0,0.0,0.0,,,,,,,,,,,,,,,,,,,,,,,
2023,2021014983,2023-09-21,2000056.0,中野 拓夢,51.0,二,5,1.0,1.0,4.0,4.0,0.0,0.0,0.0,0.0,0.0,0.0,0.0,,0.0,0.0,0.0,0.0,0.0,0.0,,,,,,,,,,,,,,,,,,,,,,,
2023,2021014983,2023-09-21,2103689.0,赤星 優志,31.0,投,1,1.0,1.0,3.0,3.0,0.0,0.0,0.0,0.0,0.0,0.0,0.0,,0.0,3.0,0.0,0.0,0.0,0.0,1.0,1.0,,4.0,5.0,3.67,8.0,8.0,,,0.0,6.0,0.0,0.0,0.0,,0.0,7.0,0.0,,29.0,106.0,
2023,2021014983,2023-09-21,2103697.0,大勢,15.0,投,1,1.0,0.0,0.0,0.0,0.0,0.0,0.0,0.0,0.0,0.0,0.0,,0.0,0.0,0.0,0.0,0.0,0.0,2.0,1.0,0.0,3.0,0.0,4.32,0.0,0.0,,,14.0,3.0,3.0,3.0,2.0,,0.0,0.0,0.0,,3.0,8.0,
2023,2021014983,2023-09-21,2103848.0,岡留 英貴,64.0,投,5,1.0,0.0,0.0,0.0,0.0,0.0,0.0,0.0,0.0,0.0,0.0,,0.0,0.0,0.0,0.0,0.0,0.0,3.0,1.0,0.0,0.0,0.0,0.0,1.0,1.0,,,0.0,1.0,0.0,0.0,0.0,,0.0,0.0,0.0,,4.0,18.0,
2023,2021014983,2023-09-21,2107874.0,門脇 誠,35.0,遊,1,1.0,1.0,4.0,2.0,0.0,1.0,0.0,0.0,0.0,0.0,0.0,,2.0,0.0,0.0,0.0,0.0,0.0,,,,,,,,,,,,,,,,,,,,,,,
2023,2021016034,2023-09-14,600003.0,大和,9.0,遊,3,1.0,1.0,4.0,4.0,1.0,2.0,0.0,0.0,0.0,0.0,0.0,,0.0,0.0,0.0,0.0,0.0,0.0,,,,,,,,,,,,,,,,,,,,,,,
2023,2021016034,2023-09-14,900011.0,大田 泰示,0.0,右,3,1.0,1.0,5.0,5.0,0.0,0.0,0.0,0.0,0.0,0.0,0.0,,0.0,2.0,0.0,0.0,0.0,0.0,,,,,,,,,,,,,,,,,,,,,,,
2023,2021016034,2023-09-14,900410.0,大島 洋平,8.0,左,4,1.0,1.0,4.0,4.0,0.0,1.0,0.0,0.0,0.0,0.0,0.0,,0.0,1.0,0.0,0.0,0.0,0.0,,,,,,,,,,,,,,,,,,,,,,,
2023,2021016034,2023-09-14,1100061.0,桑原 将志,1.0,中,3,1.0,1.0,4.0,4.0,0.0,0.0,0.0,0.0,0.0,0.0,0.0,,0.0,1.0,0.0,0.0,0.0,0.0,,,,,,,,,,,,,,,,,,,,,,,
2023,2021016034,2023-09-14,1200053.0,宮崎 敏郎,51.0,三,3,1.0,1.0,4.0,3.0,0.0,1.0,0.0,0.0,0.0,0.0,0.0,,0.0,0.0,1.0,0.0,0.0,0.0,,,,,,,,,,,,,,,,,,,,,,,
2023,2021016034,2023-09-14,1200055.0,福谷 浩司,24.0,投,4,1.0,0.0,0.0,0.0,0.0,0.0,0.0,0.0,0.0,0.0,0.0,,0.0,0.0,0.0,0.0,0.0,0.0,3.0,1.0,0.0,3.0,4.0,5.17,1.0,1.0,,,0.0,6.0,5.0,5.0,2.0,,0.0,1.0,0.0,,9.0,32.0,
2023,2021016034,2023-09-14,1300038.0,関根 大気,63.0,左,3,1.0,0.0,0.0,0.0,0.0,0.0,0.0,0.0,0.0,0.0,0.0,,0.0,0.0,0.0,0.0,0.0,0.0,,,,,,,,,,,,,,,,,,,,,,,
2023,2021016034,2023-09-14,1300066.0,祖父江 大輔,33.0,投,4,1.0,0.0,0.0,0.0,0.0,0.0,0.0,0.0,0.0,0.0,0.0,,0.0,0.0,0.0,0.0,0.0,0.0,2.0,1.0,0.0,3.0,5.0,3.65,1.0,1.0,,,0.0,0.0,0.0,0.0,0.0,,0.0,1.0,0.0,,3.0,14.0,
2023,2021016034,2023-09-14,1300095.0,西浦 直亨,39.0,三,3,1.0,0.0,0.0,0.0,0.0,0.0,0.0,0.0,0.0,0.0,0.0,,0.0,0.0,0.0,0.0,0.0,0.0,,,,,,,,,,,,,,,,,,,,,,,
2023,2021016034,2023-09-14,1500063.0,柴田 竜拓,31.0,走二,3,1.0,0.0,0.0,0.0,1.0,0.0,0.0,0.0,0.0,0.0,0.0,,0.0,0.0,0.0,0.0,0.0,0.0,,,,,,,,,,,,,,,,,,,,,,,
2023,2021016034,2023-09-14,1500074.0,小笠原 慎之介,11.0,投,4,1.0,1.0,2.0,2.0,0.0,0.0,0.0,0.0,0.0,0.0,0.0,,0.0,2.0,0.0,0.0,0.0,0.0,1.0,1.0,,7.0,11.0,3.28,6.0,6.0,,,0.0,5.0,3.0,3.0,2.0,,1.0,4.0,1.0,,25.0,105.0,
2023,2021016034,2023-09-14,1500076.0,木下 拓哉,35.0,捕,4,1.0,1.0,4.0,4.0,0.0,0.0,0.0,0.0,0.0,0.0,0.0,,0.0,2.0,0.0,0.0,0.0,0.0,,,,,,,,,,,,,,,,,,,,,,,
2023,2021016034,2023-09-14,1560639.0,カリステ,99.0,遊,4,1.0,1.0,4.0,3.0,0.0,0.0,0.0,0.0,0.0,0.0,0.0,,0.0,0.0,0.0,1.0,0.0,0.0,,,,,,,,,,,,,,,,,,,,,,,
2023,2021016034,2023-09-14,1600021.0,ビシエド,66.0,一,4,1.0,1.0,4.0,4.0,2.0,3.0,0.0,0.0,2.0,3.0,0.0,,0.0,0.0,0.0,0.0,0.0,0.0,,,,,,,,,,,,,,,,,,,,,,,
2023,2021016034,2023-09-14,1600085.0,細川 成也,0.0,右,4,1.0,1.0,4.0,4.0,0.0,0.0,0.0,0.0,0.0,0.0,0.0,,0.0,3.0,0.0,0.0,0.0,0.0,,,,,,,,,,,,,,,,,,,,,,,
2023,2021016034,2023-09-14,1600089.0,佐野 恵太,7.0,左,3,1.0,1.0,4.0,3.0,1.0,1.0,0.0,0.0,0.0,0.0,0.0,,1.0,0.0,0.0,0.0,0.0,0.0,,,,,,,,,,,,,,,,,,,,,,,
2023,2021016034,2023-09-14,1600108.0,石垣 雅海,32.0,二,4,1.0,0.0,0.0,0.0,0.0,0.0,0.0,0.0,0.0,0.0,0.0,,0.0,0.0,0.0,0.0,0.0,0.0,,,,,,,,,,,,,,,,,,,,,,,
2023,2021016034,2023-09-14,1700006.0,エスコバー,62.0,投,3,1.0,0.0,0.0,0.0,0.0,0.0,0.0,0.0,0.0,0.0,0.0,,0.0,0.0,0.0,0.0,0.0,0.0,2.0,1.0,0.0,2.0,1.0,5.27,0.6666666666666666,0.2,,,0.0,0.0,0.0,0.0,0.0,,0.0,1.0,0.0,,2.0,7.0,
2023,2021016034,2023-09-14,1700020.0,ソト,99.0,一,3,1.0,1.0,4.0,4.0,2.0,3.0,0.0,0.0,2.0,4.0,0.0,,0.0,0.0,0.0,0.0,0.0,0.0,,,,,,,,,,,,,,,,,,,,,,,
2023,2021016034,2023-09-14,1700058.0,東 克樹,11.0,投,3,1.0,1.0,4.0,4.0,0.0,1.0,1.0,0.0,0.0,2.0,0.0,,0.0,3.0,0.0,0.0,0.0,0.0,1.0,1.0,,14.0,2.0,2.17,8.333333333333334,8.1,,,0.0,7.0,3.0,3.0,2.0,,0.0,10.0,0.0,,32.0,106.0,
2023,2021016034,2023-09-14,1700066.0,山本 祐大,50.0,捕,3,1.0,1.0,4.0,4.0,1.0,1.0,1.0,0.0,0.0,0.0,0.0,,0.0,0.0,0.0,0.0,0.0,0.0,,,,,,,,,,,,,,,,,,,,,,,
2023,2021016034,2023-09-14,1800048.0,知野 直人,60.0,遊,3,1.0,0.0,0.0,0.0,0.0,0.0,0.0,0.0,0.0,0.0,0.0,,0.0,0.0,0.0,0.0,0.0,0.0,,,,,,,,,,,,,,,,,,,,,,,
2023,2021016034,2023-09-14,1900035.0,蝦名 達夫,61.0,右,3,1.0,0.0,0.0,0.0,0.0,0.0,0.0,0.0,0.0,0.0,0.0,,0.0,0.0,0.0,0.0,0.0,0.0,,,,,,,,,,,,,,,,,,,,,,,
2023,2021016034,2023-09-14,1900037.0,石川 昂弥,25.0,三,4,1.0,1.0,4.0,4.0,1.0,1.0,1.0,0.0,0.0,0.0,0.0,,0.0,1.0,0.0,0.0,0.0,0.0,,,,,,,,,,,,,,,,,,,,,,,
2023,2021016034,2023-09-14,1900041.0,岡林 勇希,60.0,中,4,1.0,1.0,4.0,4.0,0.0,2.0,0.0,0.0,0.0,0.0,0.0,,0.0,0.0,0.0,0.0,0.0,0.0,,,,,,,,,,,,,,,,,,,,,,,
2023,2021016034,2023-09-14,2000035.0,牧 秀悟,2.0,二,3,1.0,1.0,4.0,4.0,2.0,2.0,0.0,0.0,2.0,2.0,0.0,,0.0,0.0,0.0,0.0,0.0,0.0,,,,,,,,,,,,,,,,,,,,,,,
2023,2021016034,2023-09-14,2000044.0,龍空,45.0,二,4,1.0,1.0,2.0,2.0,0.0,0.0,0.0,0.0,0.0,0.0,0.0,,0.0,1.0,0.0,0.0,0.0,0.0,,,,,,,,,,,,,,,,,,,,,,,
2023,2021016034,2023-09-14,2103780.0,福永 裕基,68.0,打,4,1.0,0.0,1.0,1.0,0.0,0.0,0.0,0.0,0.0,0.0,0.0,,0.0,0.0,0.0,0.0,0.0,0.0,,,,,,,,,,,,,,,,,,,,,,,
2023,2021016034,2023-09-14,2103840.0,ブライト 健太,42.0,打,4,1.0,0.0,1.0,1.0,0.0,0.0,0.0,0.0,0.0,0.0,0.0,,0.0,1.0,0.0,0.0,0.0,0.0,,,,,,,,,,,,,,,,,,,,,,,
2023,2021019114,2023-09-26,400021.0,青木 宣親,23.0,打,2,1.0,0.0,1.0,1.0,0.0,0.0,0.0,0.0,0.0,0.0,0.0,,0.0,0.0,0.0,0.0,0.0,0.0,,,,,,,,,,,,,,,,,,,,,,,
2023,2021019114,2023-09-26,900044.0,中村 悠平,27.0,捕,2,1.0,1.0,3.0,3.0,0.0,0.0,0.0,0.0,0.0,0.0,0.0,,0.0,0.0,0.0,0.0,0.0,0.0,,,,,,,,,,,,,,,,,,,,,,,
2023,2021019114,2023-09-26,900062.0,西 勇輝,16.0,投,5,1.0,1.0,2.0,2.0,0.0,0.0,0.0,0.0,0.0,0.0,0.0,,0.0,0.0,0.0,0.0,0.0,0.0,1.0,1.0,,8.0,5.0,3.57,7.0,7.0,,,0.0,2.0,0.0,0.0,0.0,,1.0,4.0,0.0,,24.0,102.0,
2023,2021019114,2023-09-26,1000132.0,山田 哲人,1.0,二,2,1.0,1.0,4.0,4.0,0.0,0.0,0.0,0.0,0.0,0.0,0.0,,0.0,0.0,0.0,0.0,0.0,0.0,,,,,,,,,,,,,,,,,,,,,,,
2023,2021019114,2023-09-26,1200075.0,石山 泰稚,12.0,投,2,1.0,0.0,0.0,0.0,0.0,0.0,0.0,0.0,0.0,0.0,0.0,,0.0,0.0,0.0,0.0,0.0,0.0,2.0,1.0,0.0,3.0,6.0,4.4,1.0,1.0,,,0.0,1.0,0.0,0.0,0.0,,0.0,2.0,0.0,,4.0,17.0,
2023,2021019114,2023-09-26,1300075.0,岩崎 優,13.0,投,5,1.0,0.0,0.0,0.0,0.0,0.0,0.0,0.0,0.0,0.0,0.0,,0.0,0.0,0.0,0.0,0.0,0.0,3.0,1.0,0.0,3.0,2.0,1.33,1.0,1.0,,,34.0,1.0,0.0,0.0,0.0,,0.0,0.0,0.0,,4.0,14.0,
2023,2021019114,2023-09-26,1500042.0,高橋 奎二,47.0,投,2,1.0,1.0,1.0,1.0,0.0,0.0,0.0,0.0,0.0,0.0,0.0,,0.0,0.0,0.0,0.0,0.0,0.0,1.0,1.0,,4.0,9.0,4.47,5.0,5.0,,,0.0,2.0,2.0,2.0,1.0,,1.0,4.0,0.0,,18.0,79.0,
2023,2021019114,2023-09-26,1500044.0,山崎 晃大朗,31.0,左,2,1.0,1.0,3.0,3.0,0.0,0.0,0.0,0.0,0.0,0.0,0.0,,0.0,1.0,0.0,0.0,0.0,0.0,,,,,,,,,,,,,,,,,,,,,,,
2023,2021019114,2023-09-26,1500087.0,坂本 誠志郎,12.0,捕,5,1.0,0.0,0.0,0.0,0.0,0.0,0.0,0.0,0.0,0.0,0.0,,0.0,0.0,0.0,0.0,0.0,0.0,,,,,,,,,,,,,,,,,,,,,,,
2023,2021019114,2023-09-26,1500139.0,小澤 怜史,45.0,投,2,1.0,0.0,0.0,0.0,0.0,0.0,0.0,0.0,0.0,0.0,0.0,,0.0,0.0,0.0,0.0,0.0,0.0,3.0,1.0,0.0,6.0,4.0,3.02,1.0,1.0,,,0.0,1.0,0.0,0.0,0.0,,0.0,2.0,0.0,,4.0,12.0,
2023,2021019114,2023-09-26,1600113.0,大山 悠輔,3.0,一,5,1.0,1.0,3.0,3.0,1.0,1.0,0.0,0.0,1.0,2.0,0.0,,0.0,2.0,0.0,0.0,0.0,0.0,,,,,,,,,,,,,,,,,,,,,,,
2023,2021019114,2023-09-26,1600117.0,糸原 健斗,33.0,打,5,1.0,0.0,1.0,1.0,0.0,0.0,0.0,0.0,0.0,0.0,0.0,,0.0,1.0,0.0,0.0,0.0,0.0,,,,,,,,,,,,,,,,,,,,,,,
2023,2021019114,2023-09-26,1600119.0,長坂 拳弥,57.0,捕,5,1.0,1.0,2.0,2.0,0.0,0.0,0.0,0.0,0.0,0.0,0.0,,0.0,1.0,0.0,0.0,0.0,0.0,,,,,,,,,,,,,,,,,,,,,,,
2023,2021019114,2023-09-26,1700080.0,島田 海吏,53.0,走中左,5,1.0,0.0,0.0,0.0,0.0,0.0,0.0,0.0,0.0,0.0,1.0,,0.0,0.0,0.0,0.0,0.0,0.0,,,,,,,,,,,,,,,,,,,,,,,
2023,2021019114,2023-09-26,1700084.0,村上 宗隆,55.0,三,2,1.0,1.0,4.0,4.0,0.0,0.0,0.0,0.0,0.0,0.0,0.0,,0.0,1.0,0.0,0.0,0.0,0.0,,,,,,,,,,,,,,,,,,,,,,,
2023,2021019114,2023-09-26,1700087.0,塩見 泰隆,9.0,中,2,1.0,1.0,4.0,4.0,0.0,1.0,0.0,0.0,0.0,0.0,0.0,,0.0,0.0,0.0,0.0,0.0,0.0,,,,,,,,,,,,,,,,,,,,,,,
2023,2021019114,2023-09-26,1700089.0,宮本 丈,39.0,打,2,1.0,0.0,1.0,1.0,0.0,0.0,0.0,0.0,0.0,0.0,0.0,,0.0,1.0,0.0,0.0,0.0,0.0,,,,,,,,,,,,,,,,,,,,,,,
2023,2021019114,2023-09-26,1800036.0,濱田 太貴,51.0,打,2,1.0,0.0,1.0,1.0,0.0,1.0,0.0,0.0,0.0,0.0,0.0,,0.0,0.0,0.0,0.0,0.0,0.0,,,,,,,,,,,,,,,,,,,,,,,
2023,2021019114,2023-09-26,1800065.0,近本 光司,5.0,打中,5,1.0,0.0,1.0,1.0,0.0,0.0,0.0,0.0,0.0,0.0,0.0,,0.0,0.0,0.0,0.0,0.0,0.0,,,,,,,,,,,,,,,,,,,,,,,
2023,2021019114,2023-09-26,1800066.0,小幡 竜平,38.0,遊,5,1.0,1.0,3.0,3.0,0.0,0.0,0.0,0.0,0.0,0.0,0.0,,0.0,2.0,0.0,0.0,0.0,0.0,,,,,,,,,,,,,,,,,,,,,,,
2023,2021019114,2023-09-26,1850183.0,森下 翔太,1.0,右,5,1.0,1.0,4.0,4.0,0.0,0.0,0.0,0.0,0.0,0.0,0.0,,0.0,2.0,0.0,0.0,0.0,0.0,,,,,,,,,,,,,,,,,,,,,,,
2023,2021019114,2023-09-26,1900029.0,武岡 龍世,60.0,遊,2,1.0,1.0,3.0,3.0,0.0,0.0,0.0,0.0,0.0,0.0,0.0,,0.0,0.0,0.0,0.0,0.0,0.0,,,,,,,,,,,,,,,,,,,,,,,
2023,2021019114,2023-09-26,1900050.0,小野寺 暖,60.0,中,5,1.0,1.0,3.0,3.0,0.0,1.0,0.0,0.0,0.0,0.0,0.0,,0.0,1.0,0.0,0.0,0.0,0.0,,,,,,,,,,,,,,,,,,,,,,,
2023,2021019114,2023-09-26,1961285.0,ノイジー,7.0,左,5,1.0,1.0,3.0,2.0,0.0,0.0,0.0,0.0,0.0,0.0,0.0,,1.0,1.0,0.0,0.0,0.0,0.0,,,,,,,,,,,,,,,,,,,,,,,
2023,2021019114,2023-09-26,2000024.0,木澤 尚文,20.0,投,2,1.0,0.0,0.0,0.0,0.0,0.0,0.0,0.0,0.0,0.0,0.0,,0.0,0.0,0.0,0.0,0.0,0.0,4.0,1.0,0.0,2.0,3.0,2.77,1.0,1.0,,,0.0,0.0,0.0,0.0,0.0,,0.0,2.0,0.0,,3.0,18.0,
2023,2021019114,2023-09-26,2000051.0,佐藤 輝明,8.0,三,5,1.0,1.0,3.0,3.0,0.0,1.0,0.0,0.0,0.0,0.0,0.0,,0.0,0.0,0.0,0.0,0.0,0.0,,,,,,,,,,,,,,,,,,,,,,,
2023,2021019114,2023-09-26,2000056.0,中野 拓夢,51.0,二,5,1.0,1.0,4.0,4.0,1.0,1.0,1.0,0.0,0.0,0.0,0.0,,0.0,0.0,0.0,0.0,0.0,0.0,,,,,,,,,,,,,,,,,,,,,,,
2023,2021019114,2023-09-26,2000133.0,オスナ,13.0,一,2,1.0,1.0,3.0,3.0,0.0,0.0,0.0,0.0,0.0,0.0,0.0,,0.0,0.0,0.0,0.0,0.0,0.0,,,,,,,,,,,,,,,,,,,,,,,
2023,2021019114,2023-09-26,2000135.0,サンタナ,25.0,右,2,1.0,1.0,3.0,2.0,0.0,1.0,0.0,0.0,0.0,0.0,0.0,,1.0,1.0,0.0,0.0,0.0,0.0,,,,,,,,,,,,,,,,,,,,,,,
2023,2021019114,2023-09-26,2103707.0,桐敷 拓馬,47.0,投,5,1.0,0.0,0.0,0.0,0.0,0.0,0.0,0.0,0.0,0.0,0.0,,0.0,0.0,0.0,0.0,0.0,0.0,2.0,1.0,0.0,2.0,0.0,1.83,1.0,1.0,,,0.0,0.0,0.0,0.0,0.0,,0.0,0.0,0.0,,3.0,10.0,
2023,2021019115,2023-09-27,400021.0,青木 宣親,23.0,打,2,1.0,0.0,1.0,0.0,0.0,0.0,0.0,0.0,0.0,1.0,0.0,,1.0,0.0,0.0,0.0,0.0,0.0,,,,,,,,,,,,,,,,,,,,,,,
2023,2021019115,2023-09-27,500051.0,藤田 一也,23.0,遊,3,1.0,0.0,1.0,1.0,0.0,0.0,0.0,0.0,0.0,0.0,0.0,,0.0,0.0,0.0,0.0,0.0,0.0,,,,,,,,,,,,,,,,,,,,,,,
2023,2021019115,2023-09-27,600003.0,大和,9.0,打,3,1.0,0.0,1.0,1.0,0.0,0.0,0.0,0.0,0.0,0.0,0.0,,0.0,0.0,0.0,0.0,0.0,0.0,,,,,,,,,,,,,,,,,,,,,,,
2023,2021019115,2023-09-27,600011.0,川端 慎吾,5.0,打,2,1.0,0.0,1.0,1.0,0.0,1.0,0.0,0.0,0.0,2.0,0.0,,0.0,0.0,0.0,0.0,0.0,0.0,,,,,,,,,,,,,,,,,,,,,,,
2023,2021019115,2023-09-27,900011.0,大田 泰示,0.0,右,3,1.0,1.0,4.0,4.0,1.0,1.0,0.0,0.0,0.0,0.0,0.0,,0.0,1.0,0.0,0.0,0.0,1.0,,,,,,,,,,,,,,,,,,,,,,,
2023,2021019115,2023-09-27,900044.0,中村 悠平,27.0,捕,2,1.0,1.0,5.0,4.0,1.0,1.0,0.0,0.0,0.0,1.0,0.0,,0.0,0.0,0.0,0.0,1.0,0.0,,,,,,,,,,,,,,,,,,,,,,,
2023,2021019115,2023-09-27,1000109.0,三ツ俣 大樹,66.0,三,2,1.0,0.0,0.0,0.0,0.0,0.0,0.0,0.0,0.0,0.0,0.0,,0.0,0.0,0.0,0.0,0.0,0.0,,,,,,,,,,,,,,,,,,,,,,,
2023,2021019115,2023-09-27,1000132.0,山田 哲人,1.0,二,2,1.0,1.0,5.0,4.0,2.0,2.0,2.0,0.0,0.0,1.0,0.0,,1.0,0.0,0.0,0.0,0.0,1.0,,,,,,,,,,,,,,,,,,,,,,,
2023,2021019115,2023-09-27,1100061.0,桑原 将志,1.0,打,3,1.0,0.0,1.0,1.0,0.0,0.0,0.0,0.0,0.0,0.0,0.0,,0.0,1.0,0.0,0.0,0.0,0.0,,,,,,,,,,,,,,,,,,,,,,,
2023,2021019115,2023-09-27,1200053.0,宮崎 敏郎,51.0,三,3,1.0,1.0,4.0,4.0,0.0,0.0,0.0,0.0,0.0,0.0,0.0,,0.0,1.0,0.0,0.0,0.0,0.0,,,,,,,,,,,,,,,,,,,,,,,
2023,2021019115,2023-09-27,1300038.0,関根 大気,63.0,中,3,1.0,1.0,4.0,4.0,0.0,1.0,0.0,0.0,0.0,0.0,0.0,,0.0,0.0,0.0,0.0,0.0,0.0,,,,,,,,,,,,,,,,,,,,,,,
2023,2021019115,2023-09-27,1300045.0,高梨 裕稔,14.0,投,2,1.0,0.0,0.0,0.0,0.0,0.0,0.0,0.0,0.0,0.0,0.0,,0.0,0.0,0.0,0.0,0.0,0.0,4.0,1.0,0.0,0.0,3.0,4.69,1.0,1.0,,,0.0,1.0,0.0,0.0,0.0,,0.0,1.0,0.0,,4.0,17.0,
2023,2021019115,2023-09-27,1500044.0,山崎 晃大朗,31.0,中,2,1.0,0.0,1.0,1.0,0.0,0.0,0.0,0.0,0.0,0.0,0.0,,0.0,0.0,0.0,0.0,0.0,0.0,,,,,,,,,,,,,,,,,,,,,,,
2023,2021019115,2023-09-27,1500064.0,戸柱 恭孝,10.0,捕,3,1.0,1.0,2.0,2.0,0.0,0.0,0.0,0.0,0.0,0.0,0.0,,0.0,1.0,0.0,0.0,0.0,0.0,,,,,,,,,,,,,,,,,,,,,,,
2023,2021019115,2023-09-27,1600075.0,星 知弥,24.0,投,2,1.0,0.0,0.0,0.0,0.0,0.0,0.0,0.0,0.0,0.0,0.0,,0.0,0.0,0.0,0.0,0.0,0.0,2.0,1.0,0.0,2.0,2.0,3.46,1.0,1.0,,,0.0,0.0,0.0,0.0,0.0,,1.0,1.0,0.0,,4.0,14.0,
2023,2021019115,2023-09-27,1600081.0,濱口 遥大,26.0,投,3,1.0,0.0,0.0,0.0,0.0,0.0,0.0,0.0,0.0,0.0,0.0,,0.0,0.0,0.0,0.0,0.0,1.0,2.0,1.0,0.0,3.0,7.0,4.5,0.6666666666666666,0.2,,,0.0,0.0,3.0,0.0,0.0,,3.0,0.0,0.0,,6.0,29.0,
2023,2021019115,2023-09-27,1600089.0,佐野 恵太,7.0,左,3,1.0,1.0,4.0,4.0,1.0,1.0,1.0,0.0,0.0,0.0,0.0,,0.0,0.0,0.0,0.0,0.0,0.0,,,,,,,,,,,,,,,,,,,,,,,
2023,2021019115,2023-09-27,1650522.0,丸山 和郁,4.0,走右,2,1.0,0.0,0.0,0.0,1.0,0.0,0.0,0.0,0.0,0.0,0.0,,0.0,0.0,0.0,0.0,0.0,0.0,,,,,,,,,,,,,,,,,,,,,,,
2023,2021019115,2023-09-27,1700020.0,ソト,99.0,一,3,1.0,1.0,4.0,4.0,0.0,1.0,1.0,0.0,0.0,1.0,0.0,,0.0,1.0,0.0,0.0,0.0,0.0,,,,,,,,,,,,,,,,,,,,,,,
2023,2021019115,2023-09-27,1700065.0,楠本 泰史,37.0,打,3,1.0,0.0,1.0,1.0,0.0,0.0,0.0,0.0,0.0,0.0,0.0,,0.0,0.0,0.0,0.0,0.0,0.0,,,,,,,,,,,,,,,,,,,,,,,
2023,2021019115,2023-09-27,1700066.0,山本 祐大,50.0,捕,3,1.0,0.0,1.0,1.0,0.0,1.0,0.0,0.0,0.0,0.0,0.0,,0.0,0.0,0.0,0.0,0.0,1.0,,,,,,,,,,,,,,,,,,,,,,,
2023,2021019115,2023-09-27,1700067.0,中川 虎大,64.0,投,3,1.0,0.0,0.0,0.0,0.0,0.0,0.0,0.0,0.0,0.0,0.0,,0.0,0.0,0.0,0.0,0.0,0.0,3.0,1.0,0.0,0.0,1.0,2.53,0.3333333333333333,0.1,,,0.0,1.0,0.0,0.0,0.0,,0.0,0.0,0.0,,2.0,5.0,
2023,2021019115,2023-09-27,1700084.0,村上 宗隆,55.0,三,2,1.0,1.0,5.0,3.0,1.0,1.0,0.0,0.0,0.0,1.0,0.0,,2.0,0.0,0.0,0.0,0.0,0.0,,,,,,,,,,,,,,,,,,,,,,,
2023,2021019115,2023-09-27,1700087.0,塩見 泰隆,9.0,中,2,1.0,1.0,4.0,4.0,1.0,1.0,1.0,0.0,0.0,0.0,0.0,,0.0,1.0,0.0,0.0,0.0,0.0,,,,,,,,,,,,,,,,,,,,,,,
2023,2021019115,2023-09-27,1800036.0,濱田 太貴,51.0,左,2,1.0,1.0,4.0,3.0,0.0,0.0,0.0,0.0,0.0,0.0,0.0,,0.0,2.0,0.0,1.0,0.0,0.0,,,,,,,,,,,,,,,,,,,,,,,
2023,2021019115,2023-09-27,1800043.0,上茶谷 大河,27.0,投,3,1.0,0.0,0.0,0.0,0.0,0.0,0.0,0.0,0.0,0.0,0.0,,0.0,0.0,0.0,0.0,0.0,0.0,5.0,1.0,0.0,4.0,3.0,2.18,1.0,1.0,,,0.0,4.0,4.0,3.0,0.0,,1.0,0.0,0.0,,8.0,27.0,
2023,2021019115,2023-09-27,1800049.0,宮城 滝太,92.0,投,3,1.0,0.0,0.0,0.0,0.0,0.0,0.0,0.0,0.0,0.0,0.0,,0.0,0.0,0.0,0.0,0.0,0.0,6.0,1.0,0.0,0.0,0.0,3.94,1.0,1.0,,,0.0,2.0,1.0,1.0,0.0,,0.0,0.0,0.0,,5.0,17.0,
2023,2021019115,2023-09-27,1850208.0,林 琢真,0.0,遊,3,1.0,1.0,3.0,3.0,0.0,1.0,0.0,0.0,0.0,0.0,0.0,,0.0,0.0,0.0,0.0,0.0,0.0,,,,,,,,,,,,,,,,,,,,,,,
2023,2021019115,2023-09-27,1900027.0,大西 広樹,44.0,投,2,1.0,0.0,0.0,0.0,0.0,0.0,0.0,0.0,0.0,0.0,0.0,,0.0,0.0,0.0,0.0,0.0,0.0,3.0,1.0,0.0,2.0,2.0,3.69,1.0,1.0,,,0.0,0.0,0.0,0.0,0.0,,0.0,1.0,0.0,,3.0,12.0,
2023,2021019115,2023-09-27,1900028.0,長岡 秀樹,7.0,遊,2,1.0,1.0,5.0,4.0,2.0,2.0,1.0,0.0,0.0,0.0,0.0,,1.0,1.0,0.0,0.0,0.0,0.0,,,,,,,,,,,,,,,,,,,,,,,
2023,2021019115,2023-09-27,1900029.0,武岡 龍世,60.0,走二,2,1.0,0.0,0.0,0.0,0.0,0.0,0.0,0.0,0.0,0.0,0.0,,0.0,0.0,0.0,0.0,0.0,0.0,,,,,,,,,,,,,,,,,,,,,,,
2023,2021019115,2023-09-27,1900031.0,坂本 裕哉,20.0,投,3,1.0,1.0,1.0,1.0,0.0,0.0,0.0,0.0,0.0,0.0,0.0,,0.0,0.0,0.0,0.0,0.0,0.0,1.0,1.0,,0.0,1.0,5.76,4.0,4.0,,,0.0,4.0,3.0,3.0,1.0,,1.0,3.0,0.0,,16.0,50.0,
2023,2021019115,2023-09-27,1900035.0,蝦名 達夫,61.0,打,3,1.0,0.0,1.0,0.0,0.0,0.0,0.0,0.0,0.0,0.0,0.0,,1.0,0.0,0.0,0.0,0.0,0.0,,,,,,,,,,,,,,,,,,,,,,,
2023,2021019115,2023-09-27,2000026.0,内山 壮真,33.0,左,2,1.0,0.0,1.0,1.0,0.0,1.0,0.0,0.0,0.0,0.0,0.0,,0.0,0.0,0.0,0.0,0.0,0.0,,,,,,,,,,,,,,,,,,,,,,,
2023,2021019115,2023-09-27,2000035.0,牧 秀悟,2.0,二,3,1.0,1.0,4.0,4.0,1.0,2.0,1.0,0.0,0.0,1.0,0.0,,0.0,1.0,0.0,0.0,0.0,0.0,,,,,,,,,,,,,,,,,,,,,,,
2023,2021019115,2023-09-27,2000040.0,石川 達也,95.0,投,3,1.0,0.0,0.0,0.0,0.0,0.0,0.0,0.0,0.0,0.0,0.0,,0.0,0.0,0.0,0.0,0.0,0.0,4.0,1.0,0.0,0.0,0.0,1.99,2.0,2.0,,,0.0,1.0,0.0,0.0,0.0,,0.0,1.0,0.0,,7.0,18.0,
2023,2021019115,2023-09-27,2000133.0,オスナ,13.0,一,2,1.0,1.0,5.0,5.0,1.0,1.0,0.0,0.0,0.0,0.0,0.0,,0.0,0.0,0.0,0.0,0.0,0.0,,,,,,,,,,,,,,,,,,,,,,,
2023,2021019115,2023-09-27,2000135.0,サンタナ,25.0,右,2,1.0,1.0,4.0,4.0,1.0,2.0,0.0,0.0,1.0,4.0,0.0,,0.0,0.0,0.0,0.0,0.0,0.0,,,,,,,,,,,,,,,,,,,,,,,
2023,2021019115,2023-09-27,2103794.0,吉村 貢司郎,21.0,投,2,1.0,1.0,3.0,3.0,1.0,0.0,0.0,0.0,0.0,0.0,0.0,,0.0,0.0,0.0,0.0,0.0,0.0,1.0,1.0,,4.0,2.0,4.53,6.0,6.0,,,0.0,7.0,3.0,2.0,0.0,,0.0,3.0,0.0,,25.0,80.0,
2023,2021019116,2023-09-29,500051.0,藤田 一也,23.0,打,3,1.0,0.0,1.0,0.0,0.0,0.0,0.0,0.0,0.0,0.0,0.0,,1.0,0.0,0.0,0.0,0.0,0.0,,,,,,,,,,,,,,,,,,,,,,,
2023,2021019116,2023-09-29,1100061.0,桑原 将志,1.0,中,3,1.0,0.0,3.0,2.0,1.0,0.0,0.0,0.0,0.0,0.0,0.0,,1.0,1.0,0.0,0.0,0.0,0.0,,,,,,,,,,,,,,,,,,,,,,,
2023,2021019116,2023-09-29,1200053.0,宮崎 敏郎,51.0,三,3,1.0,1.0,4.0,4.0,0.0,2.0,1.0,0.0,0.0,2.0,0.0,,0.0,0.0,0.0,0.0,0.0,1.0,,,,,,,,,,,,,,,,,,,,,,,
2023,2021019116,2023-09-29,1300038.0,関根 大気,63.0,中左,3,1.0,1.0,5.0,4.0,1.0,1.0,0.0,0.0,0.0,2.0,1.0,,1.0,0.0,0.0,0.0,0.0,0.0,,,,,,,,,,,,,,,,,,,,,,,
2023,2021019116,2023-09-29,1300042.0,渡邉 諒,25.0,打,5,1.0,0.0,1.0,1.0,0.0,0.0,0.0,0.0,0.0,0.0,0.0,,0.0,1.0,0.0,0.0,0.0,0.0,,,,,,,,,,,,,,,,,,,,,,,
2023,2021019116,2023-09-29,1300076.0,加治屋 蓮,54.0,投,5,1.0,0.0,0.0,0.0,0.0,0.0,0.0,0.0,0.0,0.0,0.0,,0.0,0.0,0.0,0.0,0.0,0.0,4.0,1.0,0.0,1.0,4.0,2.39,0.6666666666666666,0.2,,,1.0,1.0,0.0,0.0,0.0,,0.0,0.0,0.0,,2.0,6.0,
2023,2021019116,2023-09-29,1400110.0,石田 健大,14.0,投,3,1.0,1.0,2.0,1.0,0.0,0.0,0.0,0.0,0.0,0.0,0.0,,0.0,1.0,1.0,0.0,0.0,0.0,1.0,1.0,,4.0,9.0,3.97,4.333333333333333,4.1,,,0.0,7.0,3.0,3.0,1.0,,0.0,3.0,1.0,,21.0,73.0,
2023,2021019116,2023-09-29,1500064.0,戸柱 恭孝,10.0,打,3,1.0,0.0,1.0,1.0,0.0,1.0,0.0,0.0,0.0,0.0,0.0,,0.0,0.0,0.0,0.0,0.0,0.0,,,,,,,,,,,,,,,,,,,,,,,
2023,2021019116,2023-09-29,1500087.0,坂本 誠志郎,12.0,捕,5,1.0,1.0,4.0,2.0,0.0,2.0,0.0,0.0,0.0,1.0,0.0,,0.0,0.0,1.0,0.0,1.0,0.0,,,,,,,,,,,,,,,,,,,,,,,
2023,2021019116,2023-09-29,1500090.0,青柳 晃洋,17.0,投,5,1.0,1.0,1.0,1.0,0.0,1.0,0.0,0.0,0.0,0.0,0.0,,0.0,0.0,0.0,0.0,0.0,1.0,1.0,1.0,,8.0,6.0,4.57,4.0,4.0,,,0.0,5.0,4.0,4.0,0.0,,6.0,2.0,1.0,,24.0,110.0,
2023,2021019116,2023-09-29,1561880.0,ウェンデルケン,49.0,投,3,1.0,0.0,0.0,0.0,0.0,0.0,0.0,0.0,0.0,0.0,0.0,,0.0,0.0,0.0,0.0,0.0,0.0,7.0,1.0,0.0,2.0,2.0,1.69,1.0,1.0,,,2.0,1.0,0.0,0.0,0.0,,0.0,0.0,0.0,,4.0,11.0,
2023,2021019116,2023-09-29,1600089.0,佐野 恵太,7.0,一,3,1.0,1.0,5.0,3.0,1.0,1.0,0.0,0.0,0.0,1.0,0.0,,1.0,1.0,0.0,0.0,1.0,0.0,,,,,,,,,,,,,,,,,,,,,,,
2023,2021019116,2023-09-29,1600113.0,大山 悠輔,3.0,一,5,1.0,1.0,4.0,4.0,1.0,1.0,0.0,0.0,1.0,1.0,0.0,,0.0,3.0,0.0,0.0,0.0,0.0,,,,,,,,,,,,,,,,,,,,,,,
2023,2021019116,2023-09-29,1600117.0,糸原 健斗,33.0,打,5,1.0,0.0,1.0,1.0,0.0,0.0,0.0,0.0,0.0,0.0,0.0,,0.0,0.0,0.0,0.0,0.0,0.0,,,,,,,,,,,,,,,,,,,,,,,
2023,2021019116,2023-09-29,1700006.0,エスコバー,62.0,投,3,1.0,0.0,0.0,0.0,0.0,0.0,0.0,0.0,0.0,0.0,0.0,,0.0,0.0,0.0,0.0,0.0,0.0,5.0,1.0,0.0,2.0,1.0,4.55,1.3333333333333333,1.1,,,0.0,1.0,0.0,0.0,0.0,,1.0,2.0,0.0,,5.0,24.0,
2023,2021019116,2023-09-29,1700065.0,楠本 泰史,37.0,右,3,1.0,1.0,4.0,4.0,0.0,1.0,1.0,0.0,0.0,0.0,0.0,,0.0,1.0,0.0,0.0,0.0,0.0,,,,,,,,,,,,,,,,,,,,,,,
2023,2021019116,2023-09-29,1700066.0,山本 祐大,50.0,捕,3,1.0,1.0,4.0,3.0,0.0,0.0,0.0,0.0,0.0,0.0,0.0,,1.0,1.0,0.0,0.0,0.0,0.0,,,,,,,,,,,,,,,,,,,,,,,
2023,2021019116,2023-09-29,1700077.0,馬場 皐輔,18.0,投,5,1.0,0.0,0.0,0.0,0.0,0.0,0.0,0.0,0.0,0.0,0.0,,0.0,0.0,0.0,0.0,0.0,0.0,5.0,1.0,0.0,2.0,1.0,1.89,1.0,1.0,,,0.0,0.0,0.0,0.0,0.0,,0.0,0.0,0.0,,3.0,8.0,
2023,2021019116,2023-09-29,1700079.0,熊谷 敬宥,4.0,走右,5,1.0,0.0,0.0,0.0,0.0,0.0,0.0,0.0,0.0,0.0,0.0,,0.0,0.0,0.0,0.0,0.0,0.0,,,,,,,,,,,,,,,,,,,,,,,
2023,2021019116,2023-09-29,1800043.0,上茶谷 大河,27.0,投,3,1.0,0.0,0.0,0.0,0.0,0.0,0.0,0.0,0.0,0.0,0.0,,0.0,0.0,0.0,0.0,0.0,0.0,6.0,1.0,0.0,4.0,3.0,2.17,0.3333333333333333,0.1,,,0.0,1.0,0.0,0.0,0.0,,0.0,0.0,0.0,,2.0,8.0,
2023,2021019116,2023-09-29,1800048.0,知野 直人,60.0,走一,3,1.0,0.0,0.0,0.0,1.0,0.0,0.0,0.0,0.0,0.0,0.0,,0.0,0.0,0.0,0.0,0.0,0.0,,,,,,,,,,,,,,,,,,,,,,,
2023,2021019116,2023-09-29,1800049.0,宮城 滝太,92.0,投,3,1.0,0.0,0.0,0.0,0.0,0.0,0.0,0.0,0.0,0.0,0.0,,0.0,0.0,0.0,0.0,0.0,0.0,2.0,1.0,0.0,0.0,0.0,3.86,0.3333333333333333,0.1,,,0.0,0.0,0.0,0.0,0.0,,0.0,1.0,0.0,,1.0,6.0,
2023,2021019116,2023-09-29,1800065.0,近本 光司,5.0,中,5,1.0,1.0,5.0,5.0,0.0,3.0,0.0,0.0,0.0,0.0,1.0,,0.0,0.0,0.0,0.0,0.0,0.0,,,,,,,,,,,,,,,,,,,,,,,
2023,2021019116,2023-09-29,1800067.0,木浪 聖也,0.0,遊,5,1.0,1.0,4.0,3.0,0.0,0.0,0.0,0.0,0.0,1.0,0.0,,0.0,0.0,0.0,0.0,1.0,0.0,,,,,,,,,,,,,,,,,,,,,,,
2023,2021019116,2023-09-29,1850183.0,森下 翔太,1.0,右,5,1.0,1.0,3.0,3.0,0.0,0.0,0.0,0.0,0.0,0.0,0.0,,0.0,2.0,0.0,0.0,0.0,0.0,,,,,,,,,,,,,,,,,,,,,,,
2023,2021019116,2023-09-29,1850208.0,林 琢真,0.0,遊,3,1.0,1.0,5.0,4.0,1.0,0.0,0.0,0.0,0.0,0.0,0.0,,1.0,1.0,0.0,0.0,0.0,0.0,,,,,,,,,,,,,,,,,,,,,,,
2023,2021019116,2023-09-29,1900032.0,伊勢 大夢,13.0,投,3,1.0,0.0,0.0,0.0,0.0,0.0,0.0,0.0,0.0,0.0,0.0,,0.0,0.0,0.0,0.0,0.0,0.0,4.0,1.0,0.0,4.0,6.0,3.24,1.3333333333333333,1.1,,,2.0,2.0,0.0,0.0,0.0,,0.0,1.0,0.0,,5.0,21.0,
2023,2021019116,2023-09-29,1900035.0,蝦名 達夫,61.0,左,3,1.0,1.0,1.0,1.0,0.0,0.0,0.0,0.0,0.0,0.0,0.0,,0.0,0.0,0.0,0.0,0.0,0.0,,,,,,,,,,,,,,,,,,,,,,,
2023,2021019116,2023-09-29,1900046.0,及川 雅貴,37.0,投,5,1.0,0.0,0.0,0.0,0.0,0.0,0.0,0.0,0.0,0.0,0.0,,0.0,0.0,0.0,0.0,0.0,0.0,3.0,1.0,0.0,3.0,1.0,2.34,0.3333333333333333,0.1,,,0.0,1.0,0.0,0.0,0.0,,0.0,0.0,0.0,,2.0,7.0,
2023,2021019116,2023-09-29,1960349.0,ブルワー,98.0,投,5,1.0,0.0,0.0,0.0,0.0,0.0,0.0,0.0,0.0,0.0,0.0,,0.0,0.0,0.0,0.0,0.0,0.0,6.0,1.0,0.0,0.0,1.0,2.53,1.0,1.0,,,0.0,0.0,1.0,1.0,0.0,,1.0,2.0,0.0,,5.0,26.0,
2023,2021019116,2023-09-29,1961251.0,ミエセス,55.0,打右左,5,1.0,0.0,3.0,3.0,0.0,1.0,0.0,0.0,0.0,0.0,0.0,,0.0,1.0,0.0,0.0,0.0,0.0,,,,,,,,,,,,,,,,,,,,,,,
2023,2021019116,2023-09-29,1961285.0,ノイジー,7.0,左,5,1.0,1.0,4.0,3.0,0.0,0.0,0.0,0.0,0.0,0.0,0.0,,1.0,0.0,0.0,0.0,0.0,0.0,,,,,,,,,,,,,,,,,,,,,,,
2023,2021019116,2023-09-29,2000035.0,牧 秀悟,2.0,二,3,1.0,1.0,5.0,4.0,0.0,2.0,0.0,0.0,0.0,0.0,0.0,,1.0,1.0,0.0,0.0,0.0,0.0,,,,,,,,,,,,,,,,,,,,,,,
2023,2021019116,2023-09-29,2000040.0,石川 達也,95.0,投,3,1.0,0.0,0.0,0.0,0.0,0.0,0.0,0.0,0.0,0.0,0.0,,0.0,0.0,0.0,0.0,0.0,0.0,3.0,1.0,0.0,0.0,0.0,1.97,0.3333333333333333,0.1,,,0.0,0.0,0.0,0.0,0.0,,0.0,1.0,0.0,,1.0,6.0,
2023,2021019116,2023-09-29,2000051.0,佐藤 輝明,8.0,三,5,1.0,1.0,4.0,4.0,2.0,3.0,2.0,0.0,0.0,0.0,0.0,,0.0,1.0,0.0,0.0,0.0,0.0,,,,,,,,,,,,,,,,,,,,,,,
2023,2021019116,2023-09-29,2000056.0,中野 拓夢,51.0,二,5,1.0,1.0,5.0,5.0,0.0,1.0,0.0,0.0,0.0,0.0,0.0,,0.0,0.0,0.0,0.0,0.0,0.0,,,,,,,,,,,,,,,,,,,,,,,
2023,2021019116,2023-09-29,2103848.0,岡留 英貴,64.0,投,5,1.0,0.0,0.0,0.0,0.0,0.0,0.0,0.0,0.0,0.0,0.0,,0.0,0.0,0.0,0.0,0.0,0.0,2.0,1.0,0.0,0.0,0.0,0.0,1.0,1.0,,,0.0,1.0,0.0,0.0,0.0,,0.0,3.0,0.0,,4.0,20.0,
2023,2021019117,2023-09-29,700034.0,堂上 直倫,63.0,打三,4,1.0,0.0,1.0,1.0,0.0,0.0,0.0,0.0,0.0,0.0,0.0,,0.0,0.0,0.0,0.0,0.0,0.0,,,,,,,,,,,,,,,,,,,,,,,
2023,2021019117,2023-09-29,800041.0,松山 竜平,55.0,打,6,1.0,0.0,1.0,1.0,0.0,0.0,0.0,0.0,0.0,0.0,0.0,,0.0,0.0,0.0,0.0,0.0,0.0,,,,,,,,,,,,,,,,,,,,,,,
2023,2021019117,2023-09-29,900410.0,大島 洋平,8.0,左,4,1.0,1.0,4.0,3.0,0.0,0.0,0.0,0.0,0.0,0.0,0.0,,0.0,1.0,1.0,0.0,0.0,0.0,,,,,,,,,,,,,,,,,,,,,,,
2023,2021019117,2023-09-29,900430.0,堂林 翔太,7.0,一,6,1.0,1.0,4.0,4.0,0.0,0.0,0.0,0.0,0.0,0.0,0.0,,0.0,1.0,0.0,0.0,0.0,0.0,,,,,,,,,,,,,,,,,,,,,,,
2023,2021019117,2023-09-29,1000108.0,後藤 駿太,53.0,右,4,1.0,0.0,1.0,1.0,0.0,0.0,0.0,0.0,0.0,0.0,0.0,,0.0,0.0,0.0,0.0,0.0,0.0,,,,,,,,,,,,,,,,,,,,,,,
2023,2021019117,2023-09-29,1000116.0,中崎 翔太,21.0,投,6,1.0,0.0,0.0,0.0,0.0,0.0,0.0,0.0,0.0,0.0,0.0,,0.0,0.0,0.0,0.0,0.0,0.0,2.0,1.0,0.0,1.0,0.0,2.78,1.0,1.0,,,0.0,0.0,0.0,0.0,0.0,,0.0,0.0,0.0,,3.0,6.0,
2023,2021019117,2023-09-29,1000150.0,秋山 翔吾,9.0,中,6,1.0,1.0,4.0,2.0,1.0,0.0,0.0,0.0,0.0,0.0,0.0,,2.0,0.0,0.0,0.0,0.0,0.0,,,,,,,,,,,,,,,,,,,,,,,
2023,2021019117,2023-09-29,1100082.0,菊池 涼介,33.0,二,6,1.0,1.0,4.0,3.0,0.0,0.0,0.0,0.0,0.0,0.0,0.0,,1.0,0.0,0.0,0.0,0.0,0.0,,,,,,,,,,,,,,,,,,,,,,,
2023,2021019117,2023-09-29,1200070.0,上本 崇司,0.0,三,6,1.0,1.0,2.0,2.0,0.0,0.0,0.0,0.0,0.0,0.0,0.0,,0.0,2.0,0.0,0.0,0.0,0.0,,,,,,,,,,,,,,,,,,,,,,,
2023,2021019117,2023-09-29,1300059.0,田中 広輔,2.0,三,6,1.0,0.0,2.0,0.0,0.0,0.0,0.0,0.0,0.0,0.0,0.0,,2.0,0.0,0.0,0.0,0.0,0.0,,,,,,,,,,,,,,,,,,,,,,,
2023,2021019117,2023-09-29,1300066.0,祖父江 大輔,33.0,投,4,1.0,0.0,0.0,0.0,0.0,0.0,0.0,0.0,0.0,0.0,0.0,,0.0,0.0,0.0,0.0,0.0,0.0,3.0,1.0,0.0,3.0,5.0,3.57,0.3333333333333333,0.1,,,0.0,0.0,0.0,0.0,0.0,,0.0,0.0,0.0,,1.0,12.0,
2023,2021019117,2023-09-29,1400199.0,齋藤 綱記,59.0,投,4,1.0,0.0,0.0,0.0,0.0,0.0,0.0,0.0,0.0,0.0,0.0,,0.0,0.0,0.0,0.0,0.0,0.0,2.0,1.0,0.0,2.0,0.0,0.76,0.3333333333333333,0.1,,,0.0,1.0,0.0,0.0,0.0,,0.0,0.0,0.0,,2.0,12.0,
2023,2021019117,2023-09-29,1460004.0,デビッドソン,95.0,打,6,1.0,0.0,1.0,1.0,0.0,0.0,0.0,0.0,0.0,0.0,0.0,,0.0,0.0,0.0,0.0,0.0,0.0,,,,,,,,,,,,,,,,,,,,,,,
2023,2021019117,2023-09-29,1500076.0,木下 拓哉,35.0,捕,4,1.0,1.0,4.0,4.0,0.0,0.0,0.0,0.0,0.0,0.0,0.0,,0.0,1.0,0.0,0.0,0.0,0.0,,,,,,,,,,,,,,,,,,,,,,,
2023,2021019117,2023-09-29,1500096.0,西川 龍馬,5.0,左,6,1.0,1.0,4.0,3.0,0.0,1.0,0.0,0.0,0.0,0.0,0.0,,1.0,1.0,0.0,0.0,0.0,0.0,,,,,,,,,,,,,,,,,,,,,,,
2023,2021019117,2023-09-29,1560639.0,カリステ,99.0,遊三,4,1.0,1.0,5.0,4.0,2.0,2.0,0.0,0.0,1.0,1.0,0.0,,0.0,0.0,0.0,1.0,0.0,0.0,,,,,,,,,,,,,,,,,,,,,,,
2023,2021019117,2023-09-29,1600021.0,ビシエド,66.0,一,4,1.0,1.0,4.0,3.0,0.0,1.0,0.0,0.0,0.0,1.0,0.0,,1.0,0.0,0.0,0.0,0.0,0.0,,,,,,,,,,,,,,,,,,,,,,,
2023,2021019117,2023-09-29,1600085.0,細川 成也,0.0,右,4,1.0,1.0,4.0,4.0,1.0,1.0,0.0,0.0,0.0,1.0,0.0,,0.0,2.0,0.0,0.0,0.0,0.0,,,,,,,,,,,,,,,,,,,,,,,
2023,2021019117,2023-09-29,1600108.0,石垣 雅海,32.0,二,4,1.0,0.0,0.0,0.0,0.0,0.0,0.0,0.0,0.0,0.0,0.0,,0.0,0.0,0.0,0.0,0.0,0.0,,,,,,,,,,,,,,,,,,,,,,,
2023,2021019117,2023-09-29,1600110.0,藤嶋 健人,54.0,投,4,1.0,0.0,0.0,0.0,0.0,0.0,0.0,0.0,0.0,0.0,0.0,,0.0,0.0,0.0,0.0,0.0,0.0,6.0,1.0,0.0,1.0,1.0,1.09,1.0,1.0,,,3.0,1.0,1.0,0.0,0.0,,2.0,0.0,0.0,,5.0,24.0,
2023,2021019117,2023-09-29,1600124.0,坂倉 将吾,31.0,捕,6,1.0,1.0,4.0,3.0,0.0,1.0,1.0,0.0,0.0,0.0,0.0,,1.0,1.0,0.0,0.0,0.0,0.0,,,,,,,,,,,,,,,,,,,,,,,
2023,2021019117,2023-09-29,1600125.0,アドゥワ 誠,48.0,投,6,1.0,0.0,0.0,0.0,0.0,0.0,0.0,0.0,0.0,0.0,0.0,,0.0,0.0,0.0,0.0,0.0,0.0,6.0,1.0,0.0,1.0,0.0,3.24,0.3333333333333333,0.1,,,0.0,1.0,0.0,0.0,0.0,,0.0,0.0,0.0,,2.0,11.0,
2023,2021019117,2023-09-29,1800061.0,勝野 昌慶,41.0,投,4,1.0,0.0,0.0,0.0,0.0,0.0,0.0,0.0,0.0,0.0,0.0,,0.0,0.0,0.0,0.0,0.0,0.0,4.0,1.0,0.0,5.0,2.0,2.05,1.0,1.0,,,1.0,0.0,0.0,0.0,0.0,,2.0,0.0,0.0,,4.0,15.0,
2023,2021019117,2023-09-29,1800072.0,小園 海斗,51.0,遊,6,1.0,1.0,5.0,4.0,0.0,0.0,0.0,0.0,0.0,0.0,0.0,,1.0,0.0,0.0,0.0,0.0,1.0,,,,,,,,,,,,,,,,,,,,,,,
2023,2021019117,2023-09-29,1860147.0,アンダーソン,42.0,投,6,1.0,0.0,0.0,0.0,0.0,0.0,0.0,0.0,0.0,0.0,0.0,,0.0,0.0,0.0,0.0,0.0,0.0,4.0,1.0,0.0,4.0,1.0,2.3,1.0,1.0,,,0.0,0.0,0.0,0.0,0.0,,1.0,0.0,0.0,,4.0,15.0,
2023,2021019117,2023-09-29,1900037.0,石川 昂弥,25.0,三,4,1.0,1.0,4.0,4.0,0.0,3.0,0.0,0.0,0.0,1.0,0.0,,0.0,1.0,0.0,0.0,0.0,0.0,,,,,,,,,,,,,,,,,,,,,,,
2023,2021019117,2023-09-29,1900041.0,岡林 勇希,60.0,中,4,1.0,1.0,5.0,5.0,1.0,2.0,0.0,0.0,0.0,0.0,0.0,,0.0,0.0,0.0,0.0,0.0,1.0,,,,,,,,,,,,,,,,,,,,,,,
2023,2021019117,2023-09-29,1900052.0,森下 暢仁,18.0,投,6,1.0,1.0,1.0,1.0,0.0,0.0,0.0,0.0,0.0,0.0,0.0,,0.0,1.0,0.0,0.0,0.0,0.0,1.0,1.0,,9.0,6.0,3.01,5.0,5.0,,,0.0,7.0,3.0,2.0,0.0,,0.0,5.0,1.0,,24.0,79.0,
2023,2021019117,2023-09-29,1961166.0,マクブルーム,10.0,打,6,1.0,0.0,1.0,0.0,0.0,0.0,0.0,0.0,0.0,0.0,0.0,,1.0,0.0,0.0,0.0,0.0,0.0,,,,,,,,,,,,,,,,,,,,,,,
2023,2021019117,2023-09-29,2000044.0,龍空,45.0,二遊,4,1.0,1.0,4.0,4.0,0.0,0.0,0.0,0.0,0.0,0.0,0.0,,0.0,0.0,0.0,0.0,0.0,0.0,,,,,,,,,,,,,,,,,,,,,,,
2023,2021019117,2023-09-29,2000047.0,三好 大倫,30.0,走左,4,1.0,0.0,0.0,0.0,0.0,0.0,0.0,0.0,0.0,0.0,0.0,,0.0,0.0,0.0,0.0,0.0,0.0,,,,,,,,,,,,,,,,,,,,,,,
2023,2021019117,2023-09-29,2000062.0,大道 温貴,12.0,投,6,1.0,0.0,0.0,0.0,0.0,0.0,0.0,0.0,0.0,0.0,0.0,,0.0,0.0,0.0,0.0,0.0,0.0,3.0,1.0,0.0,3.0,1.0,2.77,1.0,1.0,,,0.0,1.0,1.0,1.0,1.0,,0.0,1.0,0.0,,4.0,24.0,
2023,2021019117,2023-09-29,2103768.0,末包 昇大,52.0,右,6,1.0,1.0,4.0,4.0,0.0,1.0,0.0,0.0,0.0,0.0,0.0,,0.0,1.0,0.0,0.0,0.0,0.0,,,,,,,,,,,,,,,,,,,,,,,
2023,2021019117,2023-09-29,2103788.0,森 翔平,16.0,投,6,1.0,0.0,0.0,0.0,0.0,0.0,0.0,0.0,0.0,0.0,0.0,,0.0,0.0,0.0,0.0,0.0,0.0,5.0,1.0,0.0,4.0,2.0,4.53,0.6666666666666666,0.2,,,0.0,0.0,0.0,0.0,0.0,,0.0,0.0,0.0,,2.0,6.0,
2023,2021019117,2023-09-29,2107860.0,仲地 礼亜,31.0,投,4,1.0,1.0,3.0,3.0,0.0,0.0,0.0,0.0,0.0,0.0,0.0,,0.0,1.0,0.0,0.0,0.0,0.0,1.0,1.0,,2.0,5.0,4.98,5.333333333333333,5.1,,,0.0,1.0,0.0,0.0,0.0,,5.0,4.0,0.0,,22.0,94.0,
2023,2021019117,2023-09-29,2107869.0,松山 晋也,90.0,投,4,1.0,0.0,0.0,0.0,0.0,0.0,0.0,0.0,0.0,0.0,0.0,,0.0,0.0,0.0,0.0,0.0,0.0,5.0,1.0,0.0,0.0,1.0,1.08,1.0,1.0,,,0.0,0.0,0.0,0.0,0.0,,0.0,3.0,0.0,,3.0,13.0,
2023,2021019118,2023-09-30,700003.0,坂本 勇人,6.0,三,1,1.0,1.0,4.0,3.0,0.0,0.0,0.0,0.0,0.0,0.0,0.0,,1.0,0.0,0.0,0.0,0.0,0.0,,,,,,,,,,,,,,,,,,,,,,,
2023,2021019118,2023-09-30,700027.0,梶谷 隆幸,13.0,右,1,1.0,1.0,4.0,4.0,0.0,1.0,0.0,0.0,0.0,0.0,0.0,,0.0,0.0,0.0,0.0,0.0,0.0,,,,,,,,,,,,,,,,,,,,,,,
2023,2021019118,2023-09-30,700034.0,堂上 直倫,63.0,打三,4,1.0,0.0,1.0,1.0,0.0,0.0,0.0,0.0,0.0,0.0,0.0,,0.0,0.0,0.0,0.0,0.0,0.0,,,,,,,,,,,,,,,,,,,,,,,
2023,2021019118,2023-09-30,800043.0,丸 佳浩,8.0,中右,1,1.0,1.0,4.0,3.0,0.0,1.0,1.0,0.0,0.0,0.0,0.0,,1.0,1.0,0.0,0.0,0.0,0.0,,,,,,,,,,,,,,,,,,,,,,,
2023,2021019118,2023-09-30,900397.0,長野 久義,7.0,打,1,1.0,0.0,1.0,1.0,0.0,0.0,0.0,0.0,0.0,0.0,0.0,,0.0,0.0,0.0,0.0,0.0,0.0,,,,,,,,,,,,,,,,,,,,,,,
2023,2021019118,2023-09-30,900410.0,大島 洋平,8.0,打左,4,1.0,0.0,1.0,1.0,0.0,1.0,0.0,0.0,0.0,1.0,0.0,,0.0,0.0,0.0,0.0,0.0,0.0,,,,,,,,,,,,,,,,,,,,,,,
2023,2021019118,2023-09-30,1000108.0,後藤 駿太,53.0,打,4,1.0,0.0,1.0,0.0,0.0,0.0,0.0,0.0,0.0,0.0,0.0,,1.0,0.0,0.0,0.0,0.0,0.0,,,,,,,,,,,,,,,,,,,,,,,
2023,2021019118,2023-09-30,1200097.0,加藤 翔平,52.0,走左,4,1.0,0.0,0.0,0.0,0.0,0.0,0.0,0.0,0.0,0.0,0.0,,0.0,0.0,0.0,0.0,0.0,0.0,,,,,,,,,,,,,,,,,,,,,,,
2023,2021019118,2023-09-30,1400101.0,岡本 和真,25.0,一,1,1.0,1.0,4.0,3.0,0.0,0.0,0.0,0.0,0.0,0.0,0.0,,1.0,0.0,0.0,0.0,0.0,0.0,,,,,,,,,,,,,,,,,,,,,,,
2023,2021019118,2023-09-30,1500049.0,宇佐見 真吾,39.0,一,4,1.0,1.0,4.0,4.0,0.0,1.0,0.0,0.0,0.0,0.0,0.0,,0.0,2.0,0.0,0.0,0.0,0.0,,,,,,,,,,,,,,,,,,,,,,,
2023,2021019118,2023-09-30,1500052.0,中川 皓太,41.0,投,1,1.0,0.0,0.0,0.0,0.0,0.0,0.0,0.0,0.0,0.0,0.0,,0.0,0.0,0.0,0.0,0.0,0.0,3.0,1.0,0.0,1.0,4.0,2.13,1.0,1.0,,,13.0,2.0,1.0,1.0,1.0,,0.0,1.0,0.0,,4.0,21.0,
2023,2021019118,2023-09-30,1500054.0,増田 大輝,0.0,走中,1,1.0,0.0,0.0,0.0,0.0,0.0,0.0,0.0,0.0,0.0,0.0,,0.0,0.0,0.0,0.0,0.0,0.0,,,,,,,,,,,,,,,,,,,,,,,
2023,2021019118,2023-09-30,1500076.0,木下 拓哉,35.0,捕,4,1.0,0.0,0.0,0.0,0.0,0.0,0.0,0.0,0.0,0.0,0.0,,0.0,0.0,0.0,0.0,0.0,0.0,,,,,,,,,,,,,,,,,,,,,,,
2023,2021019118,2023-09-30,1500077.0,福 敬登,34.0,投,4,1.0,0.0,0.0,0.0,0.0,0.0,0.0,0.0,0.0,0.0,0.0,,0.0,0.0,0.0,0.0,0.0,0.0,2.0,1.0,0.0,1.0,0.0,2.55,0.6666666666666666,0.2,,,0.0,0.0,0.0,0.0,0.0,,0.0,0.0,0.0,,3.0,8.0,
2023,2021019118,2023-09-30,1560639.0,カリステ,99.0,遊,4,1.0,1.0,4.0,3.0,0.0,1.0,0.0,0.0,0.0,0.0,0.0,,1.0,1.0,0.0,0.0,0.0,1.0,,,,,,,,,,,,,,,,,,,,,,,
2023,2021019118,2023-09-30,1600059.0,吉川 尚輝,2.0,二,1,1.0,1.0,4.0,4.0,0.0,1.0,0.0,0.0,0.0,1.0,0.0,,0.0,1.0,0.0,0.0,0.0,0.0,,,,,,,,,,,,,,,,,,,,,,,
2023,2021019118,2023-09-30,1600085.0,細川 成也,0.0,右,4,1.0,1.0,4.0,4.0,0.0,0.0,0.0,0.0,0.0,0.0,0.0,,0.0,2.0,0.0,0.0,0.0,0.0,,,,,,,,,,,,,,,,,,,,,,,
2023,2021019118,2023-09-30,1600108.0,石垣 雅海,32.0,二,4,1.0,0.0,1.0,1.0,0.0,0.0,0.0,0.0,0.0,0.0,0.0,,0.0,0.0,0.0,0.0,0.0,0.0,,,,,,,,,,,,,,,,,,,,,,,
2023,2021019118,2023-09-30,1600110.0,藤嶋 健人,54.0,投,4,1.0,0.0,0.0,0.0,0.0,0.0,0.0,0.0,0.0,0.0,0.0,,0.0,0.0,0.0,0.0,0.0,0.0,5.0,1.0,0.0,1.0,1.0,1.07,1.0,1.0,,,4.0,0.0,0.0,0.0,0.0,,0.0,2.0,0.0,,3.0,16.0,
2023,2021019118,2023-09-30,1660045.0,フェリス,93.0,投,4,1.0,0.0,0.0,0.0,0.0,0.0,0.0,0.0,0.0,0.0,0.0,,0.0,0.0,0.0,0.0,0.0,0.0,3.0,1.0,0.0,1.0,0.0,3.38,0.3333333333333333,0.1,,,0.0,0.0,0.0,0.0,0.0,,0.0,0.0,0.0,,1.0,2.0,
2023,2021019118,2023-09-30,1700044.0,大城 卓三,24.0,捕,1,1.0,1.0,4.0,3.0,1.0,1.0,0.0,0.0,0.0,0.0,0.0,,1.0,0.0,0.0,0.0,0.0,0.0,,,,,,,,,,,,,,,,,,,,,,,
2023,2021019118,2023-09-30,1800028.0,戸郷 翔征,20.0,投,1,1.0,1.0,2.0,2.0,0.0,0.0,0.0,0.0,0.0,0.0,0.0,,0.0,0.0,0.0,0.0,0.0,0.0,1.0,1.0,,12.0,5.0,2.38,7.0,7.0,,,0.0,2.0,0.0,0.0,0.0,,1.0,7.0,0.0,,24.0,86.0,
2023,2021019118,2023-09-30,1800059.0,根尾 昂,7.0,投,4,1.0,1.0,2.0,2.0,0.0,0.0,0.0,0.0,0.0,0.0,0.0,,0.0,2.0,0.0,0.0,0.0,0.0,1.0,1.0,,0.0,0.0,0.71,6.0,6.0,,,0.0,5.0,1.0,1.0,0.0,,5.0,2.0,0.0,,26.0,102.0,
2023,2021019118,2023-09-30,1800062.0,石橋 康太,58.0,捕,4,1.0,1.0,4.0,3.0,1.0,1.0,0.0,0.0,1.0,1.0,0.0,,0.0,0.0,0.0,1.0,0.0,0.0,,,,,,,,,,,,,,,,,,,,,,,
2023,2021019118,2023-09-30,1900037.0,石川 昂弥,25.0,三,4,1.0,1.0,4.0,4.0,0.0,1.0,0.0,0.0,0.0,0.0,0.0,,0.0,1.0,0.0,0.0,0.0,0.0,,,,,,,,,,,,,,,,,,,,,,,
2023,2021019118,2023-09-30,1900041.0,岡林 勇希,60.0,中,4,1.0,1.0,4.0,4.0,0.0,0.0,0.0,0.0,0.0,0.0,0.0,,0.0,1.0,0.0,0.0,0.0,0.0,,,,,,,,,,,,,,,,,,,,,,,
2023,2021019118,2023-09-30,2000009.0,秋広 優人,55.0,左,1,1.0,1.0,4.0,3.0,0.0,1.0,0.0,0.0,0.0,0.0,0.0,,1.0,1.0,0.0,0.0,0.0,0.0,,,,,,,,,,,,,,,,,,,,,,,
2023,2021019118,2023-09-30,2000044.0,龍空,45.0,二,4,1.0,1.0,1.0,1.0,0.0,0.0,0.0,0.0,0.0,0.0,0.0,,0.0,0.0,0.0,0.0,0.0,0.0,,,,,,,,,,,,,,,,,,,,,,,
2023,2021019118,2023-09-30,2000047.0,三好 大倫,30.0,走,4,1.0,0.0,0.0,0.0,1.0,0.0,0.0,0.0,0.0,0.0,1.0,,0.0,0.0,0.0,0.0,0.0,0.0,,,,,,,,,,,,,,,,,,,,,,,
2023,2021019118,2023-09-30,2103697.0,大勢,15.0,投,1,1.0,0.0,0.0,0.0,0.0,0.0,0.0,0.0,0.0,0.0,0.0,,0.0,0.0,0.0,0.0,0.0,0.0,2.0,1.0,0.0,3.0,0.0,4.5,1.0,1.0,,,14.0,2.0,1.0,1.0,0.0,,1.0,2.0,0.0,,6.0,33.0,
2023,2021019118,2023-09-30,2103845.0,鵜飼 航丞,4.0,左,4,1.0,1.0,3.0,3.0,0.0,1.0,0.0,0.0,0.0,0.0,0.0,,0.0,1.0,0.0,0.0,0.0,0.0,,,,,,,,,,,,,,,,,,,,,,,
2023,2021019118,2023-09-30,2105889.0,ウォーカー,44.0,打,1,1.0,0.0,1.0,1.0,0.0,0.0,0.0,0.0,0.0,0.0,0.0,,0.0,0.0,0.0,0.0,0.0,0.0,,,,,,,,,,,,,,,,,,,,,,,
2023,2021019118,2023-09-30,2107869.0,松山 晋也,90.0,投,4,1.0,0.0,0.0,0.0,0.0,0.0,0.0,0.0,0.0,0.0,0.0,,0.0,0.0,0.0,0.0,0.0,0.0,4.0,1.0,0.0,1.0,1.0,1.05,1.0,1.0,,,0.0,0.0,0.0,0.0,0.0,,0.0,0.0,0.0,,3.0,12.0,
2023,2021019118,2023-09-30,2107874.0,門脇 誠,35.0,遊,1,1.0,1.0,4.0,4.0,0.0,0.0,0.0,0.0,0.0,0.0,0.0,,0.0,1.0,0.0,0.0,0.0,0.0,,,,,,,,,,,,,,,,,,,,,,,
2023,2021019119,2023-09-30,400021.0,青木 宣親,23.0,打,2,1.0,0.0,1.0,1.0,0.0,0.0,0.0,0.0,0.0,0.0,0.0,,0.0,0.0,0.0,0.0,0.0,0.0,,,,,,,,,,,,,,,,,,,,,,,
2023,2021019119,2023-09-30,500051.0,藤田 一也,23.0,打,3,1.0,0.0,1.0,1.0,0.0,0.0,0.0,0.0,0.0,0.0,0.0,,0.0,1.0,0.0,0.0,0.0,0.0,,,,,,,,,,,,,,,,,,,,,,,
2023,2021019119,2023-09-30,600003.0,大和,9.0,打,3,1.0,0.0,1.0,1.0,0.0,0.0,0.0,0.0,0.0,0.0,0.0,,0.0,0.0,0.0,0.0,0.0,0.0,,,,,,,,,,,,,,,,,,,,,,,
2023,2021019119,2023-09-30,600011.0,川端 慎吾,5.0,打,2,1.0,0.0,1.0,1.0,0.0,0.0,0.0,0.0,0.0,0.0,0.0,,0.0,0.0,0.0,0.0,0.0,0.0,,,,,,,,,,,,,,,,,,,,,,,
2023,2021019119,2023-09-30,900011.0,大田 泰示,0.0,右,3,1.0,0.0,2.0,2.0,0.0,1.0,0.0,0.0,0.0,0.0,0.0,,0.0,0.0,0.0,0.0,0.0,0.0,,,,,,,,,,,,,,,,,,,,,,,
2023,2021019119,2023-09-30,900044.0,中村 悠平,27.0,捕,2,1.0,1.0,4.0,4.0,0.0,1.0,0.0,0.0,0.0,0.0,0.0,,0.0,0.0,0.0,0.0,0.0,0.0,,,,,,,,,,,,,,,,,,,,,,,
2023,2021019119,2023-09-30,900417.0,荒木 貴裕,10.0,打一,2,1.0,0.0,2.0,2.0,0.0,0.0,0.0,0.0,0.0,0.0,0.0,,0.0,1.0,0.0,0.0,0.0,0.0,,,,,,,,,,,,,,,,,,,,,,,
2023,2021019119,2023-09-30,1000132.0,山田 哲人,1.0,二,2,1.0,1.0,4.0,4.0,0.0,1.0,0.0,0.0,0.0,0.0,0.0,,0.0,0.0,0.0,0.0,0.0,0.0,,,,,,,,,,,,,,,,,,,,,,,
2023,2021019119,2023-09-30,1100061.0,桑原 将志,1.0,中,3,1.0,0.0,0.0,0.0,0.0,0.0,0.0,0.0,0.0,0.0,0.0,,0.0,0.0,0.0,0.0,0.0,0.0,,,,,,,,,,,,,,,,,,,,,,,
2023,2021019119,2023-09-30,1200053.0,宮崎 敏郎,51.0,三,3,1.0,1.0,4.0,4.0,1.0,1.0,0.0,0.0,0.0,0.0,0.0,,0.0,0.0,0.0,0.0,0.0,0.0,,,,,,,,,,,,,,,,,,,,,,,
2023,2021019119,2023-09-30,1200075.0,石山 泰稚,12.0,投,2,1.0,0.0,0.0,0.0,0.0,0.0,0.0,0.0,0.0,0.0,0.0,,0.0,0.0,0.0,0.0,0.0,0.0,2.0,1.0,0.0,3.0,6.0,4.3,1.0,1.0,,,0.0,2.0,2.0,0.0,0.0,,0.0,1.0,0.0,,6.0,19.0,
2023,2021019119,2023-09-30,1300029.0,田口 麗斗,34.0,投,2,1.0,0.0,0.0,0.0,0.0,0.0,0.0,0.0,0.0,0.0,0.0,,0.0,0.0,0.0,0.0,0.0,0.0,4.0,1.0,0.0,2.0,5.0,1.88,1.0,1.0,,,33.0,2.0,2.0,2.0,1.0,,0.0,0.0,0.0,,5.0,19.0,
2023,2021019119,2023-09-30,1300038.0,関根 大気,63.0,中左,3,1.0,1.0,4.0,4.0,0.0,1.0,0.0,0.0,0.0,0.0,0.0,,0.0,1.0,0.0,0.0,0.0,0.0,,,,,,,,,,,,,,,,,,,,,,,
2023,2021019119,2023-09-30,1500044.0,山崎 晃大朗,31.0,走左,2,1.0,0.0,0.0,0.0,0.0,0.0,0.0,0.0,0.0,0.0,0.0,,0.0,0.0,0.0,0.0,0.0,0.0,,,,,,,,,,,,,,,,,,,,,,,
2023,2021019119,2023-09-30,1500061.0,今永 昇太,21.0,投,3,1.0,1.0,2.0,1.0,0.0,1.0,0.0,0.0,0.0,0.0,0.0,,0.0,0.0,0.0,1.0,0.0,0.0,1.0,1.0,,7.0,4.0,2.8,6.0,6.0,,,0.0,7.0,2.0,2.0,0.0,,1.0,4.0,0.0,,25.0,103.0,
2023,2021019119,2023-09-30,1500063.0,柴田 竜拓,31.0,三,3,1.0,0.0,0.0,0.0,0.0,0.0,0.0,0.0,0.0,0.0,0.0,,0.0,0.0,0.0,0.0,0.0,0.0,,,,,,,,,,,,,,,,,,,,,,,
2023,2021019119,2023-09-30,1561880.0,ウェンデルケン,49.0,投,3,1.0,0.0,0.0,0.0,0.0,0.0,0.0,0.0,0.0,0.0,0.0,,0.0,0.0,0.0,0.0,0.0,0.0,4.0,1.0,0.0,2.0,2.0,1.66,1.0,1.0,,,3.0,0.0,0.0,0.0,0.0,,0.0,1.0,0.0,,3.0,9.0,
2023,2021019119,2023-09-30,1600089.0,佐野 恵太,7.0,左,3,1.0,1.0,2.0,1.0,0.0,0.0,0.0,0.0,0.0,0.0,0.0,,1.0,0.0,0.0,0.0,0.0,0.0,,,,,,,,,,,,,,,,,,,,,,,
2023,2021019119,2023-09-30,1650522.0,丸山 和郁,4.0,走右,2,1.0,0.0,0.0,0.0,0.0,0.0,0.0,0.0,0.0,0.0,0.0,,0.0,0.0,0.0,0.0,0.0,0.0,,,,,,,,,,,,,,,,,,,,,,,
2023,2021019119,2023-09-30,1700020.0,ソト,99.0,一,3,1.0,1.0,4.0,4.0,1.0,1.0,0.0,0.0,1.0,3.0,0.0,,0.0,1.0,0.0,0.0,0.0,0.0,,,,,,,,,,,,,,,,,,,,,,,
2023,2021019119,2023-09-30,1700065.0,楠本 泰史,37.0,右左,3,1.0,1.0,4.0,3.0,0.0,1.0,0.0,0.0,0.0,0.0,0.0,,0.0,0.0,0.0,1.0,0.0,0.0,,,,,,,,,,,,,,,,,,,,,,,
2023,2021019119,2023-09-30,1700066.0,山本 祐大,50.0,捕,3,1.0,1.0,4.0,4.0,0.0,2.0,0.0,0.0,0.0,1.0,0.0,,0.0,0.0,0.0,0.0,0.0,0.0,,,,,,,,,,,,,,,,,,,,,,,
2023,2021019119,2023-09-30,1700084.0,村上 宗隆,55.0,三,2,1.0,1.0,4.0,4.0,0.0,0.0,0.0,0.0,0.0,0.0,0.0,,0.0,2.0,0.0,0.0,0.0,1.0,,,,,,,,,,,,,,,,,,,,,,,
2023,2021019119,2023-09-30,1700087.0,塩見 泰隆,9.0,中,2,1.0,1.0,5.0,4.0,1.0,2.0,0.0,0.0,0.0,0.0,0.0,,1.0,1.0,0.0,0.0,0.0,0.0,,,,,,,,,,,,,,,,,,,,,,,
2023,2021019119,2023-09-30,1800033.0,清水 昇,17.0,投,2,1.0,0.0,0.0,0.0,0.0,0.0,0.0,0.0,0.0,0.0,0.0,,0.0,0.0,0.0,0.0,0.0,0.0,3.0,1.0,0.0,1.0,8.0,2.98,1.0,1.0,,,0.0,2.0,0.0,0.0,0.0,,0.0,0.0,0.0,,4.0,19.0,
2023,2021019119,2023-09-30,1800036.0,濱田 太貴,51.0,左,2,1.0,1.0,3.0,3.0,1.0,1.0,1.0,0.0,0.0,1.0,0.0,,0.0,0.0,0.0,0.0,0.0,0.0,,,,,,,,,,,,,,,,,,,,,,,
2023,2021019119,2023-09-30,1800043.0,上茶谷 大河,27.0,投,3,1.0,0.0,0.0,0.0,0.0,0.0,0.0,0.0,0.0,0.0,0.0,,0.0,0.0,0.0,0.0,0.0,0.0,3.0,1.0,0.0,5.0,3.0,2.11,1.6666666666666663,1.2,,,0.0,1.0,0.0,0.0,0.0,,0.0,0.0,0.0,,6.0,17.0,
2023,2021019119,2023-09-30,1800048.0,知野 直人,60.0,走,3,1.0,0.0,0.0,0.0,1.0,0.0,0.0,0.0,0.0,0.0,0.0,,0.0,0.0,0.0,0.0,0.0,0.0,,,,,,,,,,,,,,,,,,,,,,,
2023,2021019119,2023-09-30,1850208.0,林 琢真,0.0,遊,3,1.0,1.0,4.0,4.0,0.0,0.0,0.0,0.0,0.0,0.0,0.0,,0.0,1.0,0.0,0.0,0.0,0.0,,,,,,,,,,,,,,,,,,,,,,,
2023,2021019119,2023-09-30,1900028.0,長岡 秀樹,7.0,遊,2,1.0,1.0,4.0,4.0,0.0,1.0,0.0,0.0,0.0,0.0,0.0,,0.0,0.0,0.0,0.0,0.0,1.0,,,,,,,,,,,,,,,,,,,,,,,
2023,2021019119,2023-09-30,1900032.0,伊勢 大夢,13.0,投,3,1.0,0.0,0.0,0.0,0.0,0.0,0.0,0.0,0.0,0.0,0.0,,0.0,0.0,0.0,0.0,0.0,0.0,2.0,1.0,0.0,4.0,6.0,3.22,0.3333333333333333,0.1,,,2.0,1.0,0.0,0.0,0.0,,1.0,1.0,0.0,,3.0,14.0,
2023,2021019119,2023-09-30,2000035.0,牧 秀悟,2.0,二,3,1.0,1.0,4.0,4.0,1.0,1.0,0.0,0.0,0.0,0.0,0.0,,0.0,0.0,0.0,0.0,0.0,0.0,,,,,,,,,,,,,,,,,,,,,,,
2023,2021019119,2023-09-30,2000133.0,オスナ,13.0,一,2,1.0,1.0,3.0,3.0,0.0,1.0,1.0,0.0,0.0,1.0,0.0,,0.0,1.0,0.0,0.0,0.0,0.0,,,,,,,,,,,,,,,,,,,,,,,
2023,2021019119,2023-09-30,2000135.0,サンタナ,25.0,右,2,1.0,1.0,4.0,3.0,0.0,2.0,1.0,0.0,0.0,0.0,0.0,,1.0,0.0,0.0,0.0,0.0,0.0,,,,,,,,,,,,,,,,,,,,,,,
2023,2021019119,2023-09-30,2000139.0,サイスニード,54.0,投,2,1.0,1.0,2.0,2.0,0.0,0.0,0.0,0.0,0.0,0.0,0.0,,0.0,1.0,0.0,0.0,0.0,0.0,1.0,1.0,,7.0,8.0,3.67,6.0,6.0,,,0.0,3.0,0.0,0.0,0.0,,1.0,3.0,0.0,,21.0,81.0,
2023,2021019120,2023-09-30,700050.0,會澤 翼,27.0,捕,6,1.0,1.0,4.0,4.0,0.0,1.0,0.0,0.0,0.0,1.0,0.0,,0.0,1.0,0.0,0.0,0.0,0.0,,,,,,,,,,,,,,,,,,,,,,,
2023,2021019120,2023-09-30,900430.0,堂林 翔太,7.0,一,6,1.0,1.0,4.0,3.0,0.0,0.0,0.0,0.0,0.0,0.0,0.0,,1.0,0.0,0.0,0.0,0.0,0.0,,,,,,,,,,,,,,,,,,,,,,,
2023,2021019120,2023-09-30,1000150.0,秋山 翔吾,9.0,中,6,1.0,1.0,4.0,3.0,0.0,2.0,0.0,0.0,0.0,0.0,0.0,,0.0,0.0,0.0,1.0,0.0,0.0,,,,,,,,,,,,,,,,,,,,,,,
2023,2021019120,2023-09-30,1000164.0,島本 浩也,46.0,投,5,1.0,0.0,0.0,0.0,0.0,0.0,0.0,0.0,0.0,0.0,0.0,,0.0,0.0,0.0,0.0,0.0,0.0,3.0,1.0,0.0,4.0,2.0,1.71,1.0,1.0,,,0.0,1.0,0.0,0.0,0.0,,0.0,1.0,0.0,,4.0,14.0,
2023,2021019120,2023-09-30,1100082.0,菊池 涼介,33.0,二,6,1.0,1.0,4.0,4.0,0.0,2.0,0.0,0.0,0.0,0.0,1.0,,0.0,1.0,0.0,0.0,0.0,0.0,,,,,,,,,,,,,,,,,,,,,,,
2023,2021019120,2023-09-30,1300042.0,渡邉 諒,25.0,打,5,1.0,0.0,1.0,1.0,0.0,0.0,0.0,0.0,0.0,0.0,0.0,,0.0,0.0,0.0,0.0,0.0,0.0,,,,,,,,,,,,,,,,,,,,,,,
2023,2021019120,2023-09-30,1300058.0,九里 亜蓮,11.0,投,6,1.0,1.0,3.0,3.0,0.0,0.0,0.0,0.0,0.0,0.0,0.0,,0.0,2.0,0.0,0.0,0.0,0.0,1.0,1.0,,8.0,8.0,2.53,7.0,7.0,,,0.0,3.0,1.0,1.0,0.0,,1.0,9.0,0.0,,25.0,101.0,
2023,2021019120,2023-09-30,1300076.0,加治屋 蓮,54.0,投,5,1.0,0.0,0.0,0.0,0.0,0.0,0.0,0.0,0.0,0.0,0.0,,0.0,0.0,0.0,0.0,0.0,0.0,4.0,1.0,0.0,1.0,5.0,2.56,1.0,1.0,,,1.0,1.0,1.0,1.0,1.0,,0.0,1.0,0.0,,4.0,12.0,
2023,2021019120,2023-09-30,1300082.0,曽根 海成,0.0,右,6,1.0,0.0,0.0,0.0,0.0,0.0,0.0,0.0,0.0,0.0,0.0,,0.0,0.0,0.0,0.0,0.0,0.0,,,,,,,,,,,,,,,,,,,,,,,
2023,2021019120,2023-09-30,1460004.0,デビッドソン,95.0,三,6,1.0,1.0,4.0,3.0,0.0,0.0,0.0,0.0,0.0,0.0,0.0,,0.0,1.0,1.0,0.0,0.0,0.0,,,,,,,,,,,,,,,,,,,,,,,
2023,2021019120,2023-09-30,1500087.0,坂本 誠志郎,12.0,捕,5,1.0,0.0,0.0,0.0,0.0,0.0,0.0,0.0,0.0,0.0,0.0,,0.0,0.0,0.0,0.0,0.0,0.0,,,,,,,,,,,,,,,,,,,,,,,
2023,2021019120,2023-09-30,1500096.0,西川 龍馬,5.0,左,6,1.0,1.0,4.0,4.0,0.0,2.0,0.0,0.0,0.0,0.0,0.0,,0.0,1.0,0.0,0.0,0.0,0.0,,,,,,,,,,,,,,,,,,,,,,,
2023,2021019120,2023-09-30,1600113.0,大山 悠輔,3.0,一,5,1.0,1.0,4.0,2.0,0.0,0.0,0.0,0.0,0.0,0.0,0.0,,2.0,1.0,0.0,0.0,0.0,0.0,,,,,,,,,,,,,,,,,,,,,,,
2023,2021019120,2023-09-30,1600117.0,糸原 健斗,33.0,打,5,1.0,0.0,1.0,1.0,0.0,0.0,0.0,0.0,0.0,0.0,0.0,,0.0,1.0,0.0,0.0,0.0,0.0,,,,,,,,,,,,,,,,,,,,,,,
2023,2021019120,2023-09-30,1600119.0,長坂 拳弥,57.0,捕,5,1.0,1.0,2.0,1.0,0.0,0.0,0.0,0.0,0.0,0.0,0.0,,0.0,0.0,0.0,1.0,0.0,0.0,,,,,,,,,,,,,,,,,,,,,,,
2023,2021019120,2023-09-30,1700080.0,島田 海吏,53.0,中,5,1.0,1.0,4.0,4.0,0.0,0.0,0.0,0.0,0.0,0.0,0.0,,0.0,1.0,0.0,0.0,0.0,0.0,,,,,,,,,,,,,,,,,,,,,,,
2023,2021019120,2023-09-30,1800065.0,近本 光司,5.0,打,5,1.0,0.0,1.0,1.0,0.0,0.0,0.0,0.0,0.0,0.0,0.0,,0.0,1.0,0.0,0.0,0.0,0.0,,,,,,,,,,,,,,,,,,,,,,,
2023,2021019120,2023-09-30,1800066.0,小幡 竜平,38.0,遊,5,1.0,1.0,3.0,3.0,0.0,1.0,0.0,0.0,0.0,0.0,0.0,,0.0,1.0,0.0,0.0,0.0,0.0,,,,,,,,,,,,,,,,,,,,,,,
2023,2021019120,2023-09-30,1800072.0,小園 海斗,51.0,遊三,6,1.0,1.0,4.0,4.0,0.0,1.0,0.0,0.0,0.0,0.0,0.0,,0.0,0.0,0.0,0.0,0.0,0.0,,,,,,,,,,,,,,,,,,,,,,,
2023,2021019120,2023-09-30,1800073.0,島内 颯太郎,43.0,投,6,1.0,0.0,0.0,0.0,0.0,0.0,0.0,0.0,0.0,0.0,0.0,,0.0,0.0,0.0,0.0,0.0,0.0,2.0,1.0,0.0,3.0,3.0,2.31,1.0,1.0,,,2.0,1.0,0.0,0.0,0.0,,0.0,1.0,0.0,,3.0,12.0,
2023,2021019120,2023-09-30,1850183.0,森下 翔太,1.0,打右,5,1.0,0.0,1.0,1.0,0.0,1.0,0.0,0.0,0.0,0.0,0.0,,0.0,0.0,0.0,0.0,0.0,0.0,,,,,,,,,,,,,,,,,,,,,,,
2023,2021019120,2023-09-30,1900050.0,小野寺 暖,60.0,右中,5,1.0,1.0,3.0,2.0,0.0,0.0,0.0,0.0,0.0,0.0,0.0,,0.0,1.0,0.0,1.0,0.0,0.0,,,,,,,,,,,,,,,,,,,,,,,
2023,2021019120,2023-09-30,1961251.0,ミエセス,55.0,左,5,1.0,1.0,3.0,3.0,0.0,1.0,0.0,0.0,0.0,1.0,0.0,,0.0,2.0,0.0,0.0,0.0,0.0,,,,,,,,,,,,,,,,,,,,,,,
2023,2021019120,2023-09-30,2000051.0,佐藤 輝明,8.0,三,5,1.0,1.0,4.0,4.0,0.0,0.0,0.0,0.0,0.0,0.0,0.0,,0.0,1.0,0.0,0.0,0.0,0.0,,,,,,,,,,,,,,,,,,,,,,,
2023,2021019120,2023-09-30,2000056.0,中野 拓夢,51.0,二,5,1.0,1.0,4.0,4.0,1.0,1.0,0.0,0.0,0.0,0.0,0.0,,0.0,1.0,0.0,0.0,0.0,0.0,,,,,,,,,,,,,,,,,,,,,,,
2023,2021019120,2023-09-30,2000058.0,石井 大智,69.0,投,5,1.0,0.0,0.0,0.0,0.0,0.0,0.0,0.0,0.0,0.0,0.0,,0.0,0.0,0.0,0.0,0.0,0.0,2.0,1.0,0.0,1.0,1.0,1.35,1.0,1.0,,,0.0,2.0,1.0,1.0,0.0,,1.0,1.0,1.0,,6.0,17.0,
2023,2021019120,2023-09-30,2000060.0,栗林 良吏,20.0,投,6,1.0,0.0,0.0,0.0,0.0,0.0,0.0,0.0,0.0,0.0,0.0,,0.0,0.0,0.0,0.0,0.0,0.0,3.0,1.0,0.0,3.0,7.0,2.92,1.0,1.0,,,18.0,0.0,0.0,0.0,0.0,,1.0,1.0,0.0,,4.0,19.0,
2023,2021019120,2023-09-30,2000065.0,矢野 雅哉,61.0,遊,6,1.0,0.0,0.0,0.0,0.0,0.0,0.0,0.0,0.0,0.0,0.0,,0.0,0.0,0.0,0.0,0.0,0.0,,,,,,,,,,,,,,,,,,,,,,,
2023,2021019120,2023-09-30,2103768.0,末包 昇大,52.0,右,6,1.0,1.0,4.0,4.0,2.0,3.0,0.0,0.0,1.0,1.0,0.0,,0.0,1.0,0.0,0.0,0.0,0.0,,,,,,,,,,,,,,,,,,,,,,,
2023,2021019120,2023-09-30,2104016.0,門別 啓人,30.0,投,5,1.0,1.0,1.0,1.0,0.0,0.0,0.0,0.0,0.0,0.0,0.0,,0.0,1.0,0.0,0.0,0.0,0.0,1.0,1.0,,0.0,0.0,3.38,5.0,5.0,,,0.0,7.0,0.0,0.0,0.0,,0.0,4.0,0.0,,21.0,95.0,
2023,2021019593,2023-09-14,900056.0,浅村 栄斗,3.0,二,376,1.0,1.0,5.0,5.0,0.0,0.0,0.0,0.0,0.0,0.0,0.0,,0.0,2.0,0.0,0.0,0.0,0.0,,,,,,,,,,,,,,,,,,,,,,,
2023,2021019593,2023-09-14,1100103.0,鈴木 大地,7.0,打一,376,1.0,0.0,1.0,0.0,0.0,0.0,0.0,0.0,0.0,0.0,0.0,,1.0,0.0,0.0,0.0,0.0,0.0,,,,,,,,,,,,,,,,,,,,,,,
2023,2021019593,2023-09-14,1100130.0,岡島 豪郎,27.0,右左,376,1.0,1.0,5.0,5.0,0.0,2.0,0.0,0.0,0.0,0.0,0.0,,0.0,1.0,0.0,0.0,0.0,0.0,,,,,,,,,,,,,,,,,,,,,,,
2023,2021019593,2023-09-14,1100132.0,島内 宏明,35.0,指,376,1.0,1.0,5.0,5.0,0.0,0.0,0.0,0.0,0.0,0.0,0.0,,0.0,1.0,0.0,0.0,0.0,0.0,,,,,,,,,,,,,,,,,,,,,,,
2023,2021019593,2023-09-14,1300084.0,松井 裕樹,1.0,,376,,,,,,,,,,,,,,,,,,,3.0,1.0,0.0,1.0,3.0,1.68,1.0,1.0,,,34.0,0.0,0.0,0.0,0.0,,0.0,2.0,0.0,,3.0,10.0,
2023,2021019593,2023-09-14,1300100.0,森 友哉,4.0,捕,11,1.0,1.0,5.0,5.0,1.0,1.0,0.0,0.0,1.0,2.0,0.0,,0.0,0.0,0.0,0.0,0.0,0.0,,,,,,,,,,,,,,,,,,,,,,,
2023,2021019593,2023-09-14,1400139.0,安樂 智大,20.0,,376,,,,,,,,,,,,,,,,,,,5.0,1.0,0.0,2.0,2.0,2.81,0.6666666666666666,0.2,,,0.0,0.0,1.0,1.0,0.0,,1.0,0.0,0.0,,3.0,25.0,
2023,2021019593,2023-09-14,1400196.0,宗 佑磨,6.0,三,11,1.0,1.0,4.0,4.0,0.0,1.0,0.0,0.0,0.0,0.0,0.0,,0.0,1.0,0.0,0.0,0.0,1.0,,,,,,,,,,,,,,,,,,,,,,,
2023,2021019593,2023-09-14,1400201.0,西野 真弘,5.0,二,11,1.0,1.0,5.0,4.0,0.0,0.0,0.0,0.0,0.0,0.0,0.0,,1.0,1.0,0.0,0.0,0.0,1.0,,,,,,,,,,,,,,,,,,,,,,,
2023,2021019593,2023-09-14,1400202.0,小田 裕也,50.0,左,11,1.0,1.0,4.0,4.0,0.0,3.0,0.0,0.0,0.0,0.0,0.0,,0.0,1.0,0.0,0.0,0.0,0.0,,,,,,,,,,,,,,,,,,,,,,,
2023,2021019593,2023-09-14,1460250.0,フランコ,23.0,三,376,1.0,1.0,3.0,3.0,0.0,0.0,0.0,0.0,0.0,0.0,0.0,,0.0,0.0,0.0,0.0,0.0,0.0,,,,,,,,,,,,,,,,,,,,,,,
2023,2021019593,2023-09-14,1500078.0,阿部 寿樹,4.0,一,376,1.0,1.0,4.0,3.0,0.0,1.0,0.0,0.0,0.0,0.0,0.0,,1.0,0.0,0.0,0.0,0.0,0.0,,,,,,,,,,,,,,,,,,,,,,,
2023,2021019593,2023-09-14,1500128.0,大城 滉二,10.0,走二,11,1.0,0.0,0.0,0.0,0.0,0.0,0.0,0.0,0.0,0.0,0.0,,0.0,0.0,0.0,0.0,0.0,1.0,,,,,,,,,,,,,,,,,,,,,,,
2023,2021019593,2023-09-14,1500135.0,杉本 裕太郎,99.0,指,11,1.0,1.0,5.0,5.0,0.0,0.0,0.0,0.0,0.0,0.0,0.0,,0.0,2.0,0.0,0.0,0.0,0.0,,,,,,,,,,,,,,,,,,,,,,,
2023,2021019593,2023-09-14,1600007.0,村林 一輝,66.0,遊,376,1.0,1.0,5.0,5.0,0.0,0.0,0.0,0.0,0.0,0.0,0.0,,0.0,0.0,0.0,0.0,0.0,0.0,,,,,,,,,,,,,,,,,,,,,,,
2023,2021019593,2023-09-14,1600012.0,宋 家豪,43.0,,376,,,,,,,,,,,,,,,,,,,4.0,1.0,0.0,2.0,0.0,2.72,1.0,1.0,,,0.0,1.0,0.0,0.0,0.0,,0.0,0.0,0.0,,3.0,11.0,
2023,2021019593,2023-09-14,1600092.0,藤平 尚真,46.0,,376,,,,,,,,,,,,,,,,,,,1.0,1.0,,2.0,3.0,3.91,7.0,7.0,,,0.0,6.0,0.0,0.0,0.0,,0.0,5.0,0.0,,27.0,96.0,
2023,2021019593,2023-09-14,1600094.0,田中 和基,25.0,走右,376,1.0,0.0,0.0,0.0,0.0,0.0,0.0,0.0,0.0,0.0,0.0,,0.0,0.0,0.0,0.0,0.0,0.0,,,,,,,,,,,,,,,,,,,,,,,
2023,2021019593,2023-09-14,1600150.0,山岡 泰輔,19.0,,11,,,,,,,,,,,,,,,,,,,4.0,1.0,0.0,2.0,1.0,2.33,1.0,1.0,,,1.0,0.0,0.0,0.0,0.0,,0.0,1.0,0.0,,4.0,16.0,
2023,2021019593,2023-09-14,1600155.0,山崎 颯一郎,63.0,,11,,,,,,,,,,,,,,,,,,,3.0,1.0,0.0,1.0,0.0,1.11,1.0,1.0,,,7.0,1.0,0.0,0.0,0.0,,1.0,0.0,0.0,,5.0,21.0,
2023,2021019593,2023-09-14,1650722.0,杉澤 龍,33.0,中,11,1.0,1.0,4.0,4.0,0.0,1.0,0.0,0.0,0.0,0.0,0.0,,0.0,1.0,0.0,0.0,0.0,0.0,,,,,,,,,,,,,,,,,,,,,,,
2023,2021019593,2023-09-14,1700109.0,田嶋 大樹,29.0,,11,,,,,,,,,,,,,,,,,,,1.0,1.0,,5.0,3.0,3.46,7.0,7.0,,,0.0,4.0,0.0,0.0,0.0,,1.0,4.0,0.0,,25.0,97.0,
2023,2021019593,2023-09-14,1700116.0,山足 達也,36.0,一,11,1.0,0.0,0.0,0.0,0.0,0.0,0.0,0.0,0.0,0.0,0.0,,0.0,0.0,0.0,0.0,0.0,0.0,,,,,,,,,,,,,,,,,,,,,,,
2023,2021019593,2023-09-14,1800104.0,中川 圭太,67.0,一,11,1.0,1.0,5.0,5.0,1.0,1.0,0.0,0.0,0.0,0.0,0.0,,0.0,0.0,0.0,0.0,0.0,0.0,,,,,,,,,,,,,,,,,,,,,,,
2023,2021019593,2023-09-14,1800117.0,辰己 涼介,8.0,中,376,1.0,1.0,5.0,5.0,0.0,1.0,0.0,0.0,0.0,0.0,0.0,,0.0,3.0,0.0,0.0,0.0,0.0,,,,,,,,,,,,,,,,,,,,,,,
2023,2021019593,2023-09-14,1800118.0,太田 光,2.0,捕,376,1.0,0.0,1.0,0.0,0.0,0.0,0.0,0.0,0.0,0.0,0.0,,0.0,0.0,0.0,1.0,0.0,0.0,,,,,,,,,,,,,,,,,,,,,,,
2023,2021019593,2023-09-14,1800123.0,小郷 裕哉,51.0,走右,376,1.0,0.0,0.0,0.0,0.0,0.0,0.0,0.0,0.0,0.0,0.0,,0.0,0.0,0.0,0.0,0.0,0.0,,,,,,,,,,,,,,,,,,,,,,,
2023,2021019593,2023-09-14,1800124.0,鈴木 翔天,56.0,,376,,,,,,,,,,,,,,,,,,,6.0,1.0,0.0,1.0,1.0,3.05,0.3333333333333333,0.1,,,1.0,1.0,1.0,1.0,1.0,,0.0,0.0,0.0,,2.0,6.0,
2023,2021019593,2023-09-14,1900088.0,紅林 弘太郎,24.0,遊,11,1.0,1.0,4.0,4.0,0.0,1.0,0.0,0.0,0.0,0.0,0.0,,0.0,0.0,0.0,0.0,0.0,0.0,,,,,,,,,,,,,,,,,,,,,,,
2023,2021019593,2023-09-14,1900112.0,小深田 大翔,0.0,左三,376,1.0,1.0,5.0,5.0,0.0,0.0,0.0,0.0,0.0,0.0,0.0,,0.0,0.0,0.0,0.0,0.0,0.0,,,,,,,,,,,,,,,,,,,,,,,
2023,2021019593,2023-09-14,2000104.0,宇田川 優希,96.0,,11,,,,,,,,,,,,,,,,,,,2.0,1.0,0.0,3.0,0.0,1.89,2.0,2.0,,,2.0,0.0,0.0,0.0,0.0,,1.0,2.0,0.0,,8.0,24.0,
2023,2021019593,2023-09-14,2103740.0,安田 悠馬,55.0,捕,376,1.0,1.0,3.0,2.0,0.0,1.0,0.0,0.0,0.0,0.0,0.0,,1.0,0.0,0.0,0.0,0.0,0.0,,,,,,,,,,,,,,,,,,,,,,,
2023,2021019593,2023-09-14,2105140.0,渡辺 翔太,31.0,,376,,,,,,,,,,,,,,,,,,,2.0,1.0,0.0,7.0,2.0,1.41,1.0,1.0,,,1.0,0.0,0.0,0.0,0.0,,0.0,0.0,0.0,,3.0,13.0,
2023,2021019593,2023-09-14,2107897.0,茶野 篤政,61.0,右,11,1.0,1.0,5.0,5.0,0.0,0.0,0.0,0.0,0.0,0.0,0.0,,0.0,1.0,0.0,0.0,0.0,0.0,,,,,,,,,,,,,,,,,,,,,,,
2023,2021019643,2023-09-22,600020.0,銀次,33.0,打一,376,1.0,0.0,1.0,1.0,0.0,0.0,0.0,0.0,0.0,0.0,0.0,,0.0,0.0,0.0,0.0,0.0,0.0,,,,,,,,,,,,,,,,,,,,,,,
2023,2021019643,2023-09-22,900056.0,浅村 栄斗,3.0,二,376,1.0,1.0,4.0,3.0,0.0,1.0,0.0,0.0,0.0,0.0,0.0,,1.0,0.0,0.0,0.0,0.0,1.0,,,,,,,,,,,,,,,,,,,,,,,
2023,2021019643,2023-09-22,900069.0,中島 卓也,9.0,遊,8,1.0,1.0,4.0,3.0,0.0,1.0,0.0,0.0,0.0,0.0,1.0,,0.0,0.0,0.0,1.0,0.0,0.0,,,,,,,,,,,,,,,,,,,,,,,
2023,2021019643,2023-09-22,1100095.0,松本 剛,7.0,中,8,1.0,1.0,4.0,4.0,0.0,3.0,0.0,0.0,0.0,0.0,0.0,,0.0,0.0,0.0,0.0,0.0,0.0,,,,,,,,,,,,,,,,,,,,,,,
2023,2021019643,2023-09-22,1100103.0,鈴木 大地,7.0,打,376,1.0,0.0,1.0,1.0,0.0,0.0,0.0,0.0,0.0,0.0,0.0,,0.0,0.0,0.0,0.0,0.0,0.0,,,,,,,,,,,,,,,,,,,,,,,
2023,2021019643,2023-09-22,1100130.0,岡島 豪郎,27.0,左,376,1.0,1.0,4.0,4.0,0.0,0.0,0.0,0.0,0.0,0.0,0.0,,0.0,2.0,0.0,0.0,0.0,0.0,,,,,,,,,,,,,,,,,,,,,,,
2023,2021019643,2023-09-22,1100132.0,島内 宏明,35.0,指,376,1.0,1.0,4.0,4.0,0.0,2.0,0.0,0.0,0.0,0.0,0.0,,0.0,1.0,0.0,0.0,0.0,0.0,,,,,,,,,,,,,,,,,,,,,,,
2023,2021019643,2023-09-22,1200100.0,伏見 寅威,23.0,捕,8,1.0,0.0,1.0,1.0,1.0,1.0,0.0,0.0,0.0,0.0,0.0,,0.0,0.0,0.0,0.0,0.0,0.0,,,,,,,,,,,,,,,,,,,,,,,
2023,2021019643,2023-09-22,1400139.0,安樂 智大,20.0,,376,,,,,,,,,,,,,,,,,,,3.0,1.0,0.0,2.0,2.0,2.64,1.0,1.0,,,0.0,0.0,0.0,0.0,0.0,,0.0,0.0,0.0,,3.0,14.0,
2023,2021019643,2023-09-22,1400170.0,江越 大賀,37.0,左,8,1.0,0.0,0.0,0.0,0.0,0.0,0.0,0.0,0.0,0.0,0.0,,0.0,0.0,0.0,0.0,0.0,0.0,,,,,,,,,,,,,,,,,,,,,,,
2023,2021019643,2023-09-22,1500078.0,阿部 寿樹,4.0,一,376,1.0,1.0,2.0,2.0,0.0,0.0,0.0,0.0,0.0,0.0,0.0,,0.0,0.0,0.0,0.0,0.0,0.0,,,,,,,,,,,,,,,,,,,,,,,
2023,2021019643,2023-09-22,1600007.0,村林 一輝,66.0,遊,376,1.0,1.0,4.0,4.0,0.0,1.0,1.0,0.0,0.0,0.0,0.0,,0.0,1.0,0.0,0.0,0.0,0.0,,,,,,,,,,,,,,,,,,,,,,,
2023,2021019643,2023-09-22,1600012.0,宋 家豪,43.0,,376,,,,,,,,,,,,,,,,,,,5.0,1.0,0.0,2.0,1.0,2.93,1.0,1.0,,,0.0,2.0,0.0,0.0,0.0,,0.0,2.0,0.0,,5.0,15.0,
2023,2021019643,2023-09-22,1600092.0,藤平 尚真,46.0,,376,,,,,,,,,,,,,,,,,,,1.0,1.0,,2.0,4.0,4.07,2.6666666666666665,2.2,,,0.0,5.0,2.0,2.0,0.0,,3.0,1.0,0.0,,16.0,64.0,
2023,2021019643,2023-09-22,1600093.0,池田 隆英,52.0,,8,,,,,,,,,,,,,,,,,,,3.0,1.0,0.0,1.0,4.0,2.81,1.0,1.0,,,0.0,0.0,0.0,0.0,0.0,,0.0,0.0,0.0,,3.0,11.0,
2023,2021019643,2023-09-22,1600142.0,酒居 知史,28.0,,376,,,,,,,,,,,,,,,,,,,4.0,1.0,0.0,4.0,3.0,3.26,1.0,1.0,,,1.0,1.0,0.0,0.0,0.0,,0.0,0.0,0.0,,3.0,10.0,
2023,2021019643,2023-09-22,1600164.0,田中 正義,26.0,,8,,,,,,,,,,,,,,,,,,,4.0,1.0,0.0,2.0,2.0,3.07,1.0,1.0,,,24.0,2.0,0.0,0.0,0.0,,0.0,3.0,0.0,,5.0,24.0,
2023,2021019643,2023-09-22,1700025.0,清宮 幸太郎,21.0,三,8,1.0,1.0,5.0,3.0,0.0,1.0,0.0,0.0,0.0,1.0,0.0,,1.0,0.0,0.0,0.0,1.0,0.0,,,,,,,,,,,,,,,,,,,,,,,
2023,2021019643,2023-09-22,1800008.0,マルティネス,2.0,一,8,1.0,1.0,5.0,5.0,0.0,0.0,0.0,0.0,0.0,0.0,0.0,,0.0,2.0,0.0,0.0,0.0,1.0,,,,,,,,,,,,,,,,,,,,,,,
2023,2021019643,2023-09-22,1800091.0,野村 佑希,5.0,左,8,1.0,1.0,4.0,3.0,0.0,0.0,0.0,0.0,0.0,0.0,0.0,,1.0,0.0,0.0,0.0,0.0,0.0,,,,,,,,,,,,,,,,,,,,,,,
2023,2021019643,2023-09-22,1800093.0,万波 中正,66.0,右,8,1.0,1.0,5.0,4.0,1.0,1.0,1.0,0.0,0.0,0.0,0.0,,1.0,1.0,0.0,0.0,0.0,0.0,,,,,,,,,,,,,,,,,,,,,,,
2023,2021019643,2023-09-22,1800095.0,田宮 裕涼,64.0,捕,8,1.0,1.0,3.0,3.0,0.0,0.0,0.0,0.0,0.0,0.0,0.0,,0.0,1.0,0.0,0.0,0.0,0.0,,,,,,,,,,,,,,,,,,,,,,,
2023,2021019643,2023-09-22,1800117.0,辰己 涼介,8.0,中,376,1.0,1.0,4.0,3.0,0.0,1.0,0.0,0.0,0.0,0.0,0.0,,1.0,1.0,0.0,0.0,0.0,0.0,,,,,,,,,,,,,,,,,,,,,,,
2023,2021019643,2023-09-22,1800118.0,太田 光,2.0,捕,376,1.0,0.0,0.0,0.0,0.0,0.0,0.0,0.0,0.0,0.0,0.0,,0.0,0.0,0.0,0.0,0.0,0.0,,,,,,,,,,,,,,,,,,,,,,,
2023,2021019643,2023-09-22,1800123.0,小郷 裕哉,51.0,右,376,1.0,1.0,3.0,3.0,0.0,0.0,0.0,0.0,0.0,0.0,0.0,,0.0,0.0,0.0,0.0,0.0,0.0,,,,,,,,,,,,,,,,,,,,,,,
2023,2021019643,2023-09-22,1800124.0,鈴木 翔天,56.0,,376,,,,,,,,,,,,,,,,,,,7.0,1.0,0.0,1.0,1.0,2.83,1.0,1.0,,,1.0,1.0,1.0,0.0,0.0,,1.0,1.0,0.0,,6.0,17.0,
2023,2021019643,2023-09-22,1800127.0,王 柏融,99.0,打指,8,1.0,0.0,1.0,1.0,0.0,1.0,0.0,0.0,0.0,0.0,0.0,,0.0,0.0,0.0,0.0,0.0,0.0,,,,,,,,,,,,,,,,,,,,,,,
2023,2021019643,2023-09-22,1850932.0,奈良間 大己,58.0,二,8,1.0,0.0,0.0,0.0,0.0,0.0,0.0,0.0,0.0,0.0,0.0,,0.0,0.0,0.0,0.0,0.0,0.0,,,,,,,,,,,,,,,,,,,,,,,
2023,2021019643,2023-09-22,1900040.0,郡司 裕也,30.0,指,8,1.0,1.0,3.0,2.0,1.0,0.0,0.0,0.0,0.0,0.0,0.0,,1.0,1.0,0.0,0.0,0.0,0.0,,,,,,,,,,,,,,,,,,,,,,,
2023,2021019643,2023-09-22,1900070.0,河野 竜生,28.0,,8,,,,,,,,,,,,,,,,,,,2.0,1.0,0.0,1.0,4.0,1.98,0.3333333333333333,0.1,,,0.0,0.0,0.0,0.0,0.0,,0.0,0.0,0.0,,1.0,6.0,
2023,2021019643,2023-09-22,1900112.0,小深田 大翔,0.0,三,376,1.0,1.0,4.0,4.0,0.0,0.0,0.0,0.0,0.0,0.0,0.0,,0.0,1.0,0.0,0.0,0.0,0.0,,,,,,,,,,,,,,,,,,,,,,,
2023,2021019643,2023-09-22,1961860.0,加藤 豪将,3.0,二,8,1.0,1.0,4.0,4.0,0.0,1.0,0.0,0.0,0.0,1.0,0.0,,0.0,0.0,0.0,0.0,0.0,0.0,,,,,,,,,,,,,,,,,,,,,,,
2023,2021019643,2023-09-22,2000084.0,今川 優馬,61.0,打指,8,1.0,0.0,1.0,1.0,0.0,0.0,0.0,0.0,0.0,0.0,0.0,,0.0,0.0,0.0,0.0,0.0,0.0,,,,,,,,,,,,,,,,,,,,,,,
2023,2021019643,2023-09-22,2000126.0,内 星龍,69.0,,376,,,,,,,,,,,,,,,,,,,2.0,1.0,0.0,4.0,2.0,2.61,1.3333333333333333,1.1,,,0.0,0.0,0.0,0.0,0.0,,0.0,1.0,0.0,,4.0,16.0,
2023,2021019643,2023-09-22,2103740.0,安田 悠馬,55.0,捕,376,1.0,1.0,2.0,2.0,0.0,0.0,0.0,0.0,0.0,0.0,0.0,,0.0,0.0,0.0,0.0,0.0,0.0,,,,,,,,,,,,,,,,,,,,,,,
2023,2021019643,2023-09-22,2105140.0,渡辺 翔太,31.0,,376,,,,,,,,,,,,,,,,,,,6.0,1.0,0.0,7.0,2.0,1.31,1.0,1.0,,,1.0,0.0,0.0,0.0,0.0,,0.0,0.0,0.0,,3.0,11.0,
2023,2021019643,2023-09-22,2107859.0,金村 尚真,24.0,,8,,,,,,,,,,,,,,,,,,,1.0,1.0,,2.0,1.0,1.8,6.666666666666667,6.2,,,0.0,3.0,0.0,0.0,0.0,,2.0,3.0,0.0,,24.0,90.0,
