season,game_id,game_date,player_id,player_name_jap,player_jersey_number,position,team_id,batting_G,batting_GS,batting_PA,batting_AB,batting_R,batting_H,batting_2B,batting_3B,batting_HR,batting_RBI,batting_SB,batting_CS,batting_BB,batting_SO,batting_HBP,batting_SH,batting_SF,batting_E,pitcher_order_number,pitching_G,pitching_GS,pitching_W,pitching_L,pitching_ERA,pitching_IP,pitching_IP_str,pitching_CG,pitching_SHO,pitching_SV,pitching_H,pitching_R,pitching_ER,pitching_HR,pitching_IBB,pitching_BB,pitching_SO,pitching_HBP,pitching_BK,pitching_BF,pitching_PI
2026,2021038647,2026-04-01,700069.0,田中 将大,11.0,投,1,1.0,1.0,2.0,2.0,0.0,0.0,0.0,0.0,0.0,0.0,0.0,,0.0,1.0,0.0,0.0,0.0,0.0,1.0,1.0,,1.0,0.0,3.18,5.666666666666667,5.2,,,0.0,6.0,2.0,2.0,0.0,,1.0,4.0,0.0,,24.0,94.0
2026,2021038647,2026-04-01,1100095.0,松本 剛,9.0,中,1,1.0,1.0,5.0,4.0,1.0,1.0,0.0,0.0,0.0,0.0,0.0,,0.0,2.0,0.0,1.0,0.0,0.0,,,,,,,,,,,,,,,,,,,,,,
2026,2021038647,2026-04-01,1400160.0,加藤 匠馬,49.0,捕,4,1.0,0.0,0.0,0.0,0.0,0.0,0.0,0.0,0.0,0.0,0.0,,0.0,0.0,0.0,0.0,0.0,0.0,,,,,,,,,,,,,,,,,,,,,,
2026,2021038647,2026-04-01,1500076.0,木下 拓哉,35.0,捕,4,1.0,1.0,3.0,3.0,1.0,1.0,0.0,0.0,0.0,0.0,0.0,,0.0,0.0,0.0,0.0,0.0,0.0,,,,,,,,,,,,,,,,,,,,,,
2026,2021038647,2026-04-01,1500078.0,阿部 寿樹,48.0,打,4,1.0,0.0,1.0,1.0,0.0,0.0,0.0,0.0,0.0,0.0,0.0,,0.0,1.0,0.0,0.0,0.0,0.0,,,,,,,,,,,,,,,,,,,,,,
2026,2021038647,2026-04-01,1500091.0,板山 祐太郎,63.0,打,4,1.0,0.0,1.0,1.0,0.0,0.0,0.0,0.0,0.0,0.0,0.0,,0.0,0.0,0.0,0.0,0.0,0.0,,,,,,,,,,,,,,,,,,,,,,
2026,2021038647,2026-04-01,1560639.0,カリステ,4.0,打,4,1.0,0.0,1.0,1.0,0.0,1.0,0.0,0.0,0.0,0.0,0.0,,0.0,0.0,0.0,0.0,0.0,0.0,,,,,,,,,,,,,,,,,,,,,,
2026,2021038647,2026-04-01,1561820.0,ダルベック,29.0,一,1,1.0,1.0,4.0,2.0,0.0,1.0,1.0,0.0,0.0,1.0,0.0,,1.0,0.0,1.0,0.0,0.0,0.0,,,,,,,,,,,,,,,,,,,,,,
2026,2021038647,2026-04-01,1561854.0,サノー,23.0,一,4,1.0,1.0,4.0,4.0,0.0,1.0,1.0,0.0,0.0,1.0,0.0,,0.0,2.0,0.0,0.0,0.0,0.0,,,,,,,,,,,,,,,,,,,,,,
2026,2021038647,2026-04-01,1600076.0,梅野 雄吾,46.0,投,4,1.0,0.0,0.0,0.0,0.0,0.0,0.0,0.0,0.0,0.0,0.0,,0.0,0.0,0.0,0.0,0.0,0.0,3.0,1.0,0.0,0.0,0.0,18.0,1.0,1.0,,,0.0,2.0,2.0,2.0,0.0,,1.0,2.0,0.0,,6.0,21.0
2026,2021038647,2026-04-01,1600085.0,細川 成也,55.0,左,4,1.0,1.0,4.0,3.0,1.0,1.0,0.0,0.0,0.0,0.0,0.0,,1.0,1.0,0.0,0.0,0.0,0.0,,,,,,,,,,,,,,,,,,,,,,
2026,2021038647,2026-04-01,1700027.0,田中 瑛斗,45.0,投,1,1.0,0.0,0.0,0.0,0.0,0.0,0.0,0.0,0.0,0.0,0.0,,0.0,0.0,0.0,0.0,0.0,0.0,5.0,1.0,0.0,1.0,0.0,0.0,1.0,1.0,,,1.0,0.0,0.0,0.0,0.0,,1.0,1.0,0.0,,3.0,8.0
2026,2021038647,2026-04-01,1700029.0,北浦 竜次,56.0,投,1,1.0,0.0,0.0,0.0,0.0,0.0,0.0,0.0,0.0,0.0,0.0,,0.0,0.0,0.0,0.0,0.0,0.0,3.0,1.0,0.0,0.0,0.0,13.5,0.6666666666666666,0.2,,,0.0,3.0,3.0,3.0,1.0,,0.0,0.0,0.0,,5.0,20.0
2026,2021038647,2026-04-01,1700043.0,岸田 行倫,27.0,捕,1,1.0,1.0,4.0,4.0,0.0,0.0,0.0,0.0,0.0,0.0,0.0,,0.0,2.0,0.0,0.0,0.0,0.0,,,,,,,,,,,,,,,,,,,,,,
2026,2021038647,2026-04-01,1750223.0,村松 開人,5.0,遊,4,1.0,1.0,4.0,4.0,1.0,2.0,0.0,0.0,0.0,0.0,0.0,,0.0,0.0,0.0,0.0,0.0,0.0,,,,,,,,,,,,,,,,,,,,,,
2026,2021038647,2026-04-01,1750321.0,泉口 友汰,35.0,遊,1,1.0,1.0,5.0,5.0,1.0,1.0,0.0,0.0,0.0,1.0,0.0,,0.0,3.0,0.0,0.0,0.0,0.0,,,,,,,,,,,,,,,,,,,,,,
2026,2021038647,2026-04-01,1750701.0,田中 幹也,2.0,二,4,1.0,1.0,4.0,4.0,1.0,0.0,0.0,0.0,0.0,1.0,0.0,,0.0,0.0,0.0,0.0,0.0,0.0,,,,,,,,,,,,,,,,,,,,,,
2026,2021038647,2026-04-01,1800024.0,増田 陸,61.0,走一,1,1.0,0.0,1.0,1.0,0.0,0.0,0.0,0.0,0.0,0.0,0.0,,0.0,1.0,0.0,0.0,0.0,0.0,,,,,,,,,,,,,,,,,,,,,,
2026,2021038647,2026-04-01,1800061.0,勝野 昌慶,41.0,投,4,1.0,0.0,0.0,0.0,0.0,0.0,0.0,0.0,0.0,0.0,0.0,,0.0,0.0,0.0,0.0,0.0,0.0,5.0,1.0,0.0,0.0,1.0,5.4,1.0,1.0,,,0.0,0.0,0.0,0.0,0.0,,0.0,3.0,0.0,,3.0,14.0
2026,2021038647,2026-04-01,1900038.0,橋本 侑樹,13.0,投,4,1.0,0.0,0.0,0.0,0.0,0.0,0.0,0.0,0.0,0.0,0.0,,0.0,0.0,0.0,0.0,0.0,0.0,4.0,1.0,0.0,0.0,0.0,0.0,1.0,1.0,,,0.0,2.0,0.0,0.0,0.0,,0.0,1.0,0.0,,5.0,17.0
2026,2021038647,2026-04-01,1900041.0,岡林 勇希,1.0,中,4,1.0,1.0,5.0,4.0,0.0,0.0,0.0,0.0,0.0,1.0,0.0,,0.0,1.0,0.0,0.0,1.0,0.0,,,,,,,,,,,,,,,,,,,,,,
2026,2021038647,2026-04-01,1951008.0,中西 聖輝,11.0,投,4,1.0,1.0,2.0,2.0,0.0,0.0,0.0,0.0,0.0,0.0,0.0,,0.0,1.0,0.0,0.0,0.0,1.0,1.0,1.0,,0.0,1.0,6.75,5.333333333333333,5.1,,,0.0,6.0,4.0,4.0,1.0,,1.0,6.0,1.0,,25.0,99.0
2026,2021038647,2026-04-01,1951153.0,浦田 俊輔,32.0,二,1,1.0,1.0,4.0,4.0,0.0,0.0,0.0,0.0,0.0,0.0,0.0,,0.0,2.0,0.0,0.0,0.0,0.0,,,,,,,,,,,,,,,,,,,,,,
2026,2021038647,2026-04-01,1960444.0,ルシアーノ,48.0,投,1,1.0,0.0,0.0,0.0,0.0,0.0,0.0,0.0,0.0,0.0,0.0,,0.0,0.0,0.0,0.0,0.0,0.0,4.0,1.0,0.0,0.0,0.0,0.0,0.3333333333333333,0.1,,,0.0,0.0,0.0,0.0,0.0,,0.0,0.0,0.0,,1.0,6.0
2026,2021038647,2026-04-01,2000007.0,中山 礼都,40.0,打,1,1.0,0.0,1.0,0.0,1.0,0.0,0.0,0.0,0.0,0.0,0.0,,1.0,0.0,0.0,0.0,0.0,0.0,,,,,,,,,,,,,,,,,,,,,,
2026,2021038647,2026-04-01,2000048.0,近藤 廉,70.0,投,4,1.0,0.0,0.0,0.0,0.0,0.0,0.0,0.0,0.0,0.0,0.0,,0.0,0.0,0.0,0.0,0.0,0.0,2.0,1.0,0.0,0.0,0.0,0.0,0.6666666666666666,0.2,,,0.0,0.0,0.0,0.0,0.0,,0.0,0.0,0.0,,1.0,5.0
2026,2021038647,2026-04-01,2000070.0,若林 楽人,59.0,打,1,1.0,0.0,1.0,1.0,0.0,1.0,0.0,0.0,0.0,0.0,0.0,,0.0,0.0,0.0,0.0,0.0,0.0,,,,,,,,,,,,,,,,,,,,,,
2026,2021038647,2026-04-01,2103689.0,赤星 優志,31.0,投,1,1.0,0.0,0.0,0.0,0.0,0.0,0.0,0.0,0.0,0.0,0.0,,0.0,0.0,0.0,0.0,0.0,0.0,2.0,1.0,0.0,0.0,0.0,0.0,0.3333333333333333,0.1,,,0.0,0.0,0.0,0.0,0.0,,0.0,0.0,0.0,,1.0,4.0
2026,2021038647,2026-04-01,2103697.0,大勢,15.0,投,1,1.0,0.0,0.0,0.0,0.0,0.0,0.0,0.0,0.0,0.0,0.0,,0.0,0.0,0.0,0.0,0.0,0.0,6.0,1.0,0.0,0.0,0.0,0.0,1.0,1.0,,,2.0,0.0,0.0,0.0,0.0,,0.0,2.0,0.0,,3.0,15.0
2026,2021038647,2026-04-01,2103780.0,福永 裕基,7.0,三,4,1.0,1.0,4.0,4.0,1.0,2.0,0.0,0.0,1.0,2.0,0.0,,0.0,0.0,0.0,0.0,0.0,0.0,,,,,,,,,,,,,,,,,,,,,,
2026,2021038647,2026-04-01,2103840.0,ブライト 健太,42.0,右,4,1.0,1.0,4.0,3.0,0.0,1.0,0.0,0.0,0.0,0.0,0.0,,1.0,1.0,0.0,0.0,0.0,0.0,,,,,,,,,,,,,,,,,,,,,,
2026,2021038647,2026-04-01,2106178.0,佐々木 俊輔,44.0,右,1,1.0,1.0,4.0,4.0,1.0,2.0,0.0,0.0,1.0,3.0,0.0,,0.0,0.0,0.0,0.0,0.0,0.0,,,,,,,,,,,,,,,,,,,,,,
2026,2021038647,2026-04-01,2107874.0,門脇 誠,5.0,三,1,1.0,1.0,4.0,4.0,0.0,2.0,0.0,0.0,0.0,0.0,0.0,,0.0,0.0,0.0,0.0,0.0,0.0,,,,,,,,,,,,,,,,,,,,,,
2026,2021038647,2026-04-01,2118420.0,キャベッジ,13.0,左,1,1.0,1.0,5.0,5.0,2.0,2.0,1.0,0.0,0.0,1.0,0.0,,0.0,1.0,0.0,0.0,0.0,0.0,,,,,,,,,,,,,,,,,,,,,,
2026,2021038648,2026-04-01,1000002.0,筒香 嘉智,25.0,一,3,1.0,1.0,4.0,4.0,1.0,1.0,0.0,0.0,0.0,1.0,0.0,,0.0,2.0,0.0,0.0,0.0,0.0,,,,,,,,,,,,,,,,,,,,,,
2026,2021038648,2026-04-01,1200053.0,宮崎 敏郎,51.0,三,3,1.0,1.0,4.0,3.0,1.0,2.0,0.0,0.0,1.0,1.0,0.0,,1.0,1.0,0.0,0.0,0.0,0.0,,,,,,,,,,,,,,,,,,,,,,
2026,2021038648,2026-04-01,1200100.0,伏見 寅威,17.0,捕,5,1.0,1.0,2.0,2.0,0.0,0.0,0.0,0.0,0.0,0.0,0.0,,0.0,0.0,0.0,0.0,0.0,0.0,,,,,,,,,,,,,,,,,,,,,,
2026,2021038648,2026-04-01,1400109.0,山崎 康晃,19.0,投,3,1.0,0.0,0.0,0.0,0.0,0.0,0.0,0.0,0.0,0.0,0.0,,0.0,0.0,0.0,0.0,0.0,0.0,4.0,1.0,0.0,0.0,0.0,0.0,1.0,1.0,,,1.0,0.0,0.0,0.0,0.0,,0.0,1.0,0.0,,3.0,17.0
2026,2021038648,2026-04-01,1500064.0,戸柱 恭孝,10.0,打,3,1.0,0.0,1.0,1.0,0.0,0.0,0.0,0.0,0.0,0.0,0.0,,0.0,1.0,0.0,0.0,0.0,0.0,,,,,,,,,,,,,,,,,,,,,,
2026,2021038648,2026-04-01,1500087.0,坂本 誠志郎,12.0,打捕,5,1.0,0.0,3.0,3.0,0.0,0.0,0.0,0.0,0.0,0.0,0.0,,0.0,1.0,0.0,0.0,0.0,0.0,,,,,,,,,,,,,,,,,,,,,,
2026,2021038648,2026-04-01,1600089.0,佐野 恵太,7.0,左,3,1.0,1.0,4.0,4.0,0.0,2.0,0.0,0.0,0.0,2.0,0.0,,0.0,1.0,0.0,0.0,0.0,0.0,,,,,,,,,,,,,,,,,,,,,,
2026,2021038648,2026-04-01,1600113.0,大山 悠輔,3.0,一,5,1.0,1.0,4.0,2.0,0.0,1.0,0.0,0.0,0.0,0.0,0.0,,2.0,1.0,0.0,0.0,0.0,0.0,,,,,,,,,,,,,,,,,,,,,,
2026,2021038648,2026-04-01,1600117.0,糸原 健斗,33.0,打,5,1.0,0.0,1.0,1.0,0.0,0.0,0.0,0.0,0.0,0.0,0.0,,0.0,1.0,0.0,0.0,0.0,0.0,,,,,,,,,,,,,,,,,,,,,,
2026,2021038648,2026-04-01,1700059.0,神里 和毅,8.0,中,3,1.0,0.0,0.0,0.0,0.0,0.0,0.0,0.0,0.0,0.0,0.0,,0.0,0.0,0.0,0.0,0.0,0.0,,,,,,,,,,,,,,,,,,,,,,
2026,2021038648,2026-04-01,1700066.0,山本 祐大,50.0,捕,3,1.0,1.0,4.0,3.0,0.0,0.0,0.0,0.0,0.0,0.0,0.0,,1.0,0.0,0.0,0.0,0.0,0.0,,,,,,,,,,,,,,,,,,,,,,
2026,2021038648,2026-04-01,1800065.0,近本 光司,5.0,中,5,1.0,1.0,4.0,4.0,0.0,1.0,0.0,0.0,0.0,0.0,0.0,,0.0,2.0,0.0,0.0,0.0,0.0,,,,,,,,,,,,,,,,,,,,,,
2026,2021038648,2026-04-01,1800067.0,木浪 聖也,0.0,遊,5,1.0,1.0,4.0,4.0,0.0,2.0,1.0,0.0,0.0,0.0,0.0,,0.0,1.0,0.0,0.0,0.0,0.0,,,,,,,,,,,,,,,,,,,,,,
2026,2021038648,2026-04-01,1800070.0,湯浅 京己,65.0,投,5,1.0,0.0,0.0,0.0,0.0,0.0,0.0,0.0,0.0,0.0,0.0,,0.0,0.0,0.0,0.0,0.0,0.0,4.0,1.0,0.0,0.0,0.0,6.0,1.0,1.0,,,0.0,1.0,0.0,0.0,0.0,,0.0,1.0,0.0,,3.0,16.0
2026,2021038648,2026-04-01,1850183.0,森下 翔太,1.0,右,5,1.0,1.0,4.0,4.0,1.0,3.0,0.0,0.0,1.0,1.0,0.0,,0.0,0.0,0.0,0.0,0.0,0.0,,,,,,,,,,,,,,,,,,,,,,
2026,2021038648,2026-04-01,1850208.0,林 琢真,0.0,遊三,3,1.0,1.0,4.0,4.0,0.0,0.0,0.0,0.0,0.0,0.0,0.0,,0.0,2.0,0.0,0.0,0.0,0.0,,,,,,,,,,,,,,,,,,,,,,
2026,2021038648,2026-04-01,1850873.0,度会 隆輝,4.0,右左,3,1.0,1.0,4.0,4.0,1.0,2.0,0.0,0.0,0.0,0.0,0.0,,0.0,2.0,0.0,0.0,0.0,0.0,,,,,,,,,,,,,,,,,,,,,,
2026,2021038648,2026-04-01,1900032.0,伊勢 大夢,13.0,投,3,1.0,0.0,0.0,0.0,0.0,0.0,0.0,0.0,0.0,0.0,0.0,,0.0,0.0,0.0,0.0,0.0,0.0,2.0,1.0,0.0,0.0,0.0,0.0,1.0,1.0,,,0.0,2.0,0.0,0.0,0.0,,1.0,1.0,0.0,,6.0,24.0
2026,2021038648,2026-04-01,1900035.0,蝦名 達夫,61.0,中右,3,1.0,1.0,4.0,4.0,0.0,0.0,0.0,0.0,0.0,0.0,0.0,,0.0,2.0,0.0,0.0,0.0,0.0,,,,,,,,,,,,,,,,,,,,,,
2026,2021038648,2026-04-01,2000035.0,牧 秀悟,2.0,二,3,1.0,1.0,4.0,3.0,1.0,1.0,0.0,0.0,0.0,0.0,0.0,,1.0,1.0,0.0,0.0,0.0,0.0,,,,,,,,,,,,,,,,,,,,,,
2026,2021038648,2026-04-01,2000051.0,佐藤 輝明,8.0,三,5,1.0,1.0,4.0,4.0,0.0,1.0,0.0,0.0,0.0,0.0,0.0,,0.0,1.0,0.0,0.0,0.0,0.0,,,,,,,,,,,,,,,,,,,,,,
2026,2021038648,2026-04-01,2000056.0,中野 拓夢,7.0,二,5,1.0,1.0,4.0,4.0,0.0,0.0,0.0,0.0,0.0,0.0,0.0,,0.0,2.0,0.0,0.0,0.0,0.0,,,,,,,,,,,,,,,,,,,,,,
2026,2021038648,2026-04-01,2000057.0,高寺 望夢,67.0,打,5,1.0,0.0,1.0,0.0,0.0,0.0,0.0,0.0,0.0,0.0,0.0,,1.0,0.0,0.0,0.0,0.0,0.0,,,,,,,,,,,,,,,,,,,,,,
2026,2021038648,2026-04-01,2100253.0,中川 勇斗,68.0,左,5,1.0,1.0,4.0,4.0,0.0,0.0,0.0,0.0,0.0,0.0,0.0,,0.0,1.0,0.0,0.0,0.0,0.0,,,,,,,,,,,,,,,,,,,,,,
2026,2021038648,2026-04-01,2106233.0,石黒 佑弥,63.0,投,5,1.0,0.0,0.0,0.0,0.0,0.0,0.0,0.0,0.0,0.0,0.0,,0.0,0.0,0.0,0.0,0.0,0.0,3.0,1.0,0.0,0.0,0.0,0.0,2.0,2.0,,,0.0,0.0,0.0,0.0,0.0,,1.0,4.0,0.0,,7.0,30.0
2026,2021038648,2026-04-01,2108105.0,モレッタ,99.0,投,5,1.0,0.0,0.0,0.0,0.0,0.0,0.0,0.0,0.0,0.0,0.0,,0.0,0.0,0.0,0.0,0.0,0.0,5.0,1.0,0.0,0.0,0.0,0.0,1.0,1.0,,,0.0,0.0,0.0,0.0,0.0,,0.0,3.0,0.0,,3.0,18.0
2026,2021038648,2026-04-01,2112189.0,石上 泰輝,44.0,遊,3,1.0,0.0,0.0,0.0,0.0,0.0,0.0,0.0,0.0,0.0,0.0,,0.0,0.0,0.0,0.0,0.0,0.0,,,,,,,,,,,,,,,,,,,,,,
2026,2021038648,2026-04-01,2112444.0,木下 里都,54.0,投,5,1.0,0.0,0.0,0.0,0.0,0.0,0.0,0.0,0.0,0.0,0.0,,0.0,0.0,0.0,0.0,0.0,0.0,2.0,1.0,0.0,0.0,0.0,0.0,0.3333333333333333,0.1,,,0.0,0.0,0.0,0.0,0.0,,0.0,0.0,0.0,,1.0,3.0
2026,2021038648,2026-04-01,2117268.0,ルーカス,42.0,投,5,1.0,1.0,1.0,1.0,0.0,0.0,0.0,0.0,0.0,0.0,0.0,,0.0,0.0,0.0,0.0,0.0,0.0,1.0,1.0,,0.0,1.0,7.71,4.666666666666667,4.2,,,0.0,7.0,4.0,4.0,1.0,,2.0,6.0,0.0,,22.0,106.0
2026,2021038648,2026-04-01,2117281.0,コックス,42.0,投,3,1.0,1.0,3.0,3.0,0.0,0.0,0.0,0.0,0.0,0.0,0.0,,0.0,2.0,0.0,0.0,0.0,0.0,1.0,1.0,,1.0,0.0,1.5,6.0,6.0,,,0.0,5.0,1.0,1.0,1.0,,1.0,7.0,0.0,,22.0,86.0
2026,2021038648,2026-04-01,2117433.0,レイノルズ,62.0,投,3,1.0,0.0,0.0,0.0,0.0,0.0,0.0,0.0,0.0,0.0,0.0,,0.0,0.0,0.0,0.0,0.0,0.0,3.0,1.0,0.0,0.0,0.0,0.0,1.0,1.0,,,0.0,1.0,0.0,0.0,0.0,,1.0,1.0,0.0,,5.0,19.0
2026,2021038649,2026-04-01,1000100.0,西川 遥輝,7.0,中,8,1.0,0.0,0.0,0.0,0.0,0.0,0.0,0.0,0.0,0.0,0.0,,0.0,0.0,0.0,0.0,0.0,0.0,,,,,,,,,,,,,,,,,,,,,,
2026,2021038649,2026-04-01,1000164.0,島本 浩也,40.0,,8,,,,,,,,,,,,,,,,,,,4.0,1.0,0.0,0.0,0.0,0.0,0.3333333333333333,0.1,,,0.0,0.0,0.0,0.0,0.0,,2.0,0.0,0.0,,3.0,13.0
2026,2021038649,2026-04-01,1300044.0,岡 大海,25.0,打中,9,1.0,0.0,1.0,0.0,0.0,0.0,0.0,0.0,0.0,0.0,0.0,,1.0,0.0,0.0,0.0,0.0,0.0,,,,,,,,,,,,,,,,,,,,,,
2026,2021038649,2026-04-01,1400195.0,山崎 福也,18.0,,8,,,,,,,,,,,,,,,,,,,2.0,1.0,0.0,0.0,0.0,0.0,0.3333333333333333,0.1,,,0.0,1.0,0.0,0.0,0.0,,0.0,0.0,0.0,,2.0,5.0
2026,2021038649,2026-04-01,1460080.0,ポランコ,22.0,指,9,1.0,1.0,4.0,4.0,1.0,0.0,0.0,0.0,0.0,0.0,0.0,,0.0,0.0,0.0,0.0,0.0,0.0,,,,,,,,,,,,,,,,,,,,,,
2026,2021038649,2026-04-01,1600093.0,池田 隆英,52.0,,8,,,,,,,,,,,,,,,,,,,3.0,1.0,0.0,0.0,0.0,0.0,0.6666666666666666,0.2,,,0.0,1.0,0.0,0.0,0.0,,0.0,1.0,0.0,,3.0,20.0
2026,2021038649,2026-04-01,1600164.0,田中 正義,26.0,,8,,,,,,,,,,,,,,,,,,,5.0,1.0,0.0,0.0,0.0,0.0,1.0,1.0,,,0.0,0.0,0.0,0.0,0.0,,0.0,1.0,0.0,,3.0,7.0
2026,2021038649,2026-04-01,1700020.0,ソト,99.0,一,9,1.0,1.0,4.0,4.0,1.0,1.0,0.0,0.0,1.0,3.0,0.0,,0.0,1.0,0.0,0.0,0.0,0.0,,,,,,,,,,,,,,,,,,,,,,
2026,2021038649,2026-04-01,1700025.0,清宮 幸太郎,21.0,一,8,1.0,1.0,4.0,4.0,0.0,1.0,0.0,0.0,0.0,0.0,0.0,,0.0,3.0,0.0,0.0,0.0,0.0,,,,,,,,,,,,,,,,,,,,,,
2026,2021038649,2026-04-01,1750903.0,北山 亘基,15.0,,8,,,,,,,,,,,,,,,,,,,1.0,1.0,,0.0,1.0,6.35,5.666666666666667,5.2,,,0.0,3.0,4.0,4.0,1.0,,1.0,6.0,0.0,,22.0,100.0
2026,2021038649,2026-04-01,1800008.0,マルティネス,2.0,打,8,1.0,0.0,1.0,1.0,0.0,0.0,0.0,0.0,0.0,0.0,0.0,,0.0,1.0,0.0,0.0,0.0,0.0,,,,,,,,,,,,,,,,,,,,,,
2026,2021038649,2026-04-01,1800050.0,藤原 恭大,1.0,右,9,1.0,1.0,4.0,2.0,1.0,0.0,0.0,0.0,0.0,0.0,0.0,,2.0,0.0,0.0,0.0,0.0,0.0,,,,,,,,,,,,,,,,,,,,,,
2026,2021038649,2026-04-01,1800091.0,野村 佑希,5.0,打指,8,1.0,0.0,2.0,2.0,0.0,2.0,0.0,0.0,0.0,0.0,0.0,,0.0,0.0,0.0,0.0,0.0,0.0,,,,,,,,,,,,,,,,,,,,,,
2026,2021038649,2026-04-01,1800093.0,万波 中正,66.0,右,8,1.0,1.0,4.0,3.0,1.0,1.0,0.0,0.0,1.0,2.0,0.0,,1.0,0.0,0.0,0.0,0.0,0.0,,,,,,,,,,,,,,,,,,,,,,
2026,2021038649,2026-04-01,1800095.0,田宮 裕涼,64.0,捕,8,1.0,1.0,4.0,3.0,0.0,0.0,0.0,0.0,0.0,0.0,0.0,,1.0,0.0,0.0,0.0,0.0,0.0,,,,,,,,,,,,,,,,,,,,,,
2026,2021038649,2026-04-01,1800110.0,水谷 瞬,53.0,左,8,1.0,1.0,4.0,4.0,0.0,0.0,0.0,0.0,0.0,0.0,0.0,,0.0,2.0,0.0,0.0,0.0,0.0,,,,,,,,,,,,,,,,,,,,,,
2026,2021038649,2026-04-01,1851204.0,水野 達稀,43.0,遊,8,1.0,1.0,2.0,2.0,0.0,0.0,0.0,0.0,0.0,0.0,0.0,,0.0,0.0,0.0,0.0,0.0,0.0,,,,,,,,,,,,,,,,,,,,,,
2026,2021038649,2026-04-01,1860140.0,レイエス,99.0,指,8,1.0,1.0,2.0,1.0,0.0,1.0,1.0,0.0,0.0,0.0,0.0,,1.0,0.0,0.0,0.0,0.0,0.0,,,,,,,,,,,,,,,,,,,,,,
2026,2021038649,2026-04-01,1900040.0,郡司 裕也,3.0,三,8,1.0,1.0,4.0,4.0,1.0,0.0,0.0,0.0,0.0,0.0,0.0,,0.0,1.0,0.0,0.0,0.0,1.0,,,,,,,,,,,,,,,,,,,,,,
2026,2021038649,2026-04-01,1900082.0,高部 瑛斗,0.0,中,9,1.0,1.0,3.0,3.0,0.0,0.0,0.0,0.0,0.0,0.0,0.0,,0.0,2.0,0.0,0.0,0.0,0.0,,,,,,,,,,,,,,,,,,,,,,
2026,2021038649,2026-04-01,1900083.0,横山 陸人,15.0,,9,,,,,,,,,,,,,,,,,,,5.0,1.0,0.0,0.0,0.0,0.0,1.0,1.0,,,2.0,0.0,0.0,0.0,0.0,,0.0,0.0,0.0,,3.0,7.0
2026,2021038649,2026-04-01,1950286.0,西川 史礁,6.0,左,9,1.0,1.0,4.0,4.0,0.0,1.0,0.0,0.0,0.0,0.0,0.0,,0.0,1.0,0.0,0.0,0.0,1.0,,,,,,,,,,,,,,,,,,,,,,
2026,2021038649,2026-04-01,2000080.0,五十幡 亮汰,50.0,中,8,1.0,1.0,3.0,3.0,0.0,0.0,0.0,0.0,0.0,0.0,0.0,,0.0,2.0,0.0,0.0,0.0,0.0,,,,,,,,,,,,,,,,,,,,,,
2026,2021038649,2026-04-01,2000087.0,鈴木 昭汰,47.0,,9,,,,,,,,,,,,,,,,,,,4.0,1.0,0.0,0.0,0.0,0.0,1.0,1.0,,,0.0,2.0,0.0,0.0,0.0,,1.0,3.0,0.0,,6.0,21.0
2026,2021038649,2026-04-01,2000089.0,小川 龍成,57.0,遊二,9,1.0,1.0,4.0,4.0,0.0,0.0,0.0,0.0,0.0,0.0,0.0,,0.0,2.0,0.0,0.0,0.0,0.0,,,,,,,,,,,,,,,,,,,,,,
2026,2021038649,2026-04-01,2100346.0,松川 虎生,2.0,捕,9,1.0,1.0,4.0,3.0,0.0,0.0,0.0,0.0,0.0,0.0,0.0,,0.0,2.0,0.0,1.0,0.0,0.0,,,,,,,,,,,,,,,,,,,,,,
2026,2021038649,2026-04-01,2101204.0,ロング,73.0,,9,,,,,,,,,,,,,,,,,,,3.0,1.0,0.0,0.0,0.0,0.0,1.0,1.0,,,0.0,0.0,0.0,0.0,0.0,,0.0,1.0,0.0,,3.0,20.0
2026,2021038649,2026-04-01,2102926.0,寺地 隆成,65.0,三,9,1.0,1.0,4.0,4.0,1.0,2.0,0.0,0.0,0.0,1.0,0.0,,0.0,0.0,0.0,0.0,0.0,0.0,,,,,,,,,,,,,,,,,,,,,,
2026,2021038649,2026-04-01,2103635.0,柳川 大晟,47.0,,8,,,,,,,,,,,,,,,,,,,6.0,1.0,0.0,0.0,0.0,0.0,1.0,1.0,,,0.0,0.0,0.0,0.0,0.0,,0.0,2.0,0.0,,3.0,12.0
2026,2021038649,2026-04-01,2103904.0,ジャクソン,42.0,,9,,,,,,,,,,,,,,,,,,,1.0,1.0,,1.0,0.0,0.0,5.0,5.0,,,0.0,1.0,0.0,0.0,0.0,,3.0,5.0,0.0,,19.0,89.0
2026,2021038649,2026-04-01,2105534.0,高野 脩汰,34.0,,9,,,,,,,,,,,,,,,,,,,2.0,1.0,0.0,0.0,0.0,7.71,1.0,1.0,,,0.0,2.0,2.0,2.0,1.0,,0.0,2.0,0.0,,5.0,26.0
2026,2021038649,2026-04-01,2106284.0,矢澤 宏太,12.0,走指,8,1.0,0.0,0.0,0.0,0.0,0.0,0.0,0.0,0.0,0.0,1.0,,0.0,0.0,0.0,0.0,0.0,0.0,,,,,,,,,,,,,,,,,,,,,,
2026,2021038649,2026-04-01,2106798.0,友杉 篤輝,4.0,遊,9,1.0,0.0,0.0,0.0,0.0,0.0,0.0,0.0,0.0,0.0,0.0,,0.0,0.0,0.0,0.0,0.0,0.0,,,,,,,,,,,,,,,,,,,,,,
2026,2021038649,2026-04-01,2107900.0,吉田 賢吾,60.0,打,8,1.0,0.0,1.0,1.0,0.0,0.0,0.0,0.0,0.0,0.0,0.0,,0.0,0.0,0.0,0.0,0.0,0.0,,,,,,,,,,,,,,,,,,,,,,
2026,2021038649,2026-04-01,2108090.0,カストロ,6.0,二,8,1.0,1.0,4.0,3.0,0.0,0.0,0.0,0.0,0.0,0.0,1.0,,1.0,2.0,0.0,0.0,0.0,0.0,,,,,,,,,,,,,,,,,,,,,,
2026,2021038649,2026-04-01,2114529.0,山縣 秀,54.0,遊,8,1.0,0.0,1.0,1.0,0.0,0.0,0.0,0.0,0.0,0.0,0.0,,0.0,0.0,0.0,0.0,0.0,0.0,,,,,,,,,,,,,,,,,,,,,,
2026,2021038649,2026-04-01,2117855.0,宮崎 竜成,44.0,二三,9,1.0,1.0,4.0,4.0,0.0,1.0,0.0,0.0,0.0,0.0,0.0,,0.0,2.0,0.0,0.0,0.0,0.0,,,,,,,,,,,,,,,,,,,,,,
2026,2021038650,2026-04-01,900056.0,浅村 栄斗,3.0,一,376,1.0,1.0,4.0,4.0,0.0,0.0,0.0,0.0,0.0,0.0,0.0,,0.0,1.0,0.0,0.0,0.0,0.0,,,,,,,,,,,,,,,,,,,,,,
2026,2021038650,2026-04-01,1000035.0,今宮 健太,6.0,遊,12,1.0,1.0,4.0,4.0,1.0,1.0,0.0,0.0,0.0,2.0,0.0,,0.0,0.0,0.0,0.0,0.0,0.0,,,,,,,,,,,,,,,,,,,,,,
2026,2021038650,2026-04-01,1000128.0,柳田 悠岐,9.0,指,12,1.0,1.0,5.0,5.0,1.0,2.0,0.0,0.0,1.0,2.0,0.0,,0.0,2.0,0.0,0.0,0.0,0.0,,,,,,,,,,,,,,,,,,,,,,
2026,2021038650,2026-04-01,1000175.0,牧原 大成,8.0,二,12,1.0,1.0,4.0,4.0,1.0,2.0,1.0,0.0,0.0,0.0,0.0,,0.0,0.0,0.0,0.0,0.0,0.0,,,,,,,,,,,,,,,,,,,,,,
2026,2021038650,2026-04-01,1100097.0,近藤 健介,3.0,左,12,1.0,1.0,5.0,5.0,1.0,3.0,0.0,0.0,1.0,2.0,0.0,,0.0,0.0,0.0,0.0,0.0,0.0,,,,,,,,,,,,,,,,,,,,,,
2026,2021038650,2026-04-01,1100103.0,鈴木 大地,7.0,打三,376,1.0,0.0,1.0,0.0,0.0,0.0,0.0,0.0,0.0,0.0,0.0,,0.0,0.0,1.0,0.0,0.0,0.0,,,,,,,,,,,,,,,,,,,,,,
2026,2021038650,2026-04-01,1300101.0,山川 穂高,5.0,一,12,1.0,1.0,5.0,5.0,0.0,0.0,0.0,0.0,0.0,0.0,0.0,,0.0,1.0,0.0,0.0,0.0,0.0,,,,,,,,,,,,,,,,,,,,,,
2026,2021038650,2026-04-01,1400127.0,栗原 陵矢,24.0,三,12,1.0,1.0,5.0,4.0,1.0,3.0,0.0,0.0,0.0,0.0,0.0,,1.0,0.0,0.0,0.0,0.0,0.0,,,,,,,,,,,,,,,,,,,,,,
2026,2021038650,2026-04-01,1600007.0,村林 一輝,6.0,遊,376,1.0,1.0,2.0,2.0,0.0,0.0,0.0,0.0,0.0,0.0,0.0,,0.0,0.0,0.0,0.0,0.0,0.0,,,,,,,,,,,,,,,,,,,,,,
2026,2021038650,2026-04-01,1600012.0,宋 家豪,43.0,,376,,,,,,,,,,,,,,,,,,,2.0,1.0,0.0,0.0,0.0,3.38,0.6666666666666666,0.2,,,0.0,1.0,1.0,1.0,1.0,,0.0,0.0,0.0,,3.0,8.0
2026,2021038650,2026-04-01,1650813.0,川村 友斗,61.0,右,12,1.0,0.0,0.0,0.0,0.0,0.0,0.0,0.0,0.0,0.0,0.0,,0.0,0.0,0.0,0.0,0.0,0.0,,,,,,,,,,,,,,,,,,,,,,
2026,2021038650,2026-04-01,1700135.0,周東 佑京,23.0,中,12,1.0,1.0,5.0,5.0,0.0,0.0,0.0,0.0,0.0,0.0,0.0,,0.0,2.0,0.0,0.0,0.0,0.0,,,,,,,,,,,,,,,,,,,,,,
2026,2021038650,2026-04-01,1760551.0,ボイト,9.0,指,376,1.0,1.0,4.0,4.0,0.0,0.0,0.0,0.0,0.0,0.0,0.0,,0.0,2.0,0.0,0.0,0.0,0.0,,,,,,,,,,,,,,,,,,,,,,
2026,2021038650,2026-04-01,1800043.0,上茶谷 大河,64.0,,12,,,,,,,,,,,,,,,,,,,5.0,1.0,0.0,0.0,0.0,2.7,0.3333333333333333,0.1,,,0.0,0.0,0.0,0.0,0.0,,0.0,0.0,0.0,,1.0,2.0
2026,2021038650,2026-04-01,1800117.0,辰己 涼介,8.0,中,376,1.0,1.0,4.0,3.0,1.0,2.0,0.0,0.0,0.0,0.0,0.0,,1.0,0.0,0.0,0.0,0.0,0.0,,,,,,,,,,,,,,,,,,,,,,
2026,2021038650,2026-04-01,1800118.0,太田 光,2.0,捕,376,1.0,1.0,3.0,1.0,0.0,0.0,0.0,0.0,0.0,0.0,0.0,,2.0,0.0,0.0,0.0,0.0,0.0,,,,,,,,,,,,,,,,,,,,,,
2026,2021038650,2026-04-01,1800123.0,小郷 裕哉,51.0,右,376,1.0,1.0,4.0,3.0,0.0,0.0,0.0,0.0,0.0,0.0,0.0,,1.0,1.0,0.0,0.0,0.0,0.0,,,,,,,,,,,,,,,,,,,,,,
2026,2021038650,2026-04-01,1850172.0,廣瀬 隆太,33.0,一,12,1.0,0.0,0.0,0.0,0.0,0.0,0.0,0.0,0.0,0.0,0.0,,0.0,0.0,0.0,0.0,0.0,0.0,,,,,,,,,,,,,,,,,,,,,,
2026,2021038650,2026-04-01,1851115.0,木村 光,68.0,,12,,,,,,,,,,,,,,,,,,,2.0,1.0,0.0,0.0,0.0,0.0,1.0,1.0,,,0.0,0.0,0.0,0.0,0.0,,0.0,1.0,0.0,,3.0,10.0
2026,2021038650,2026-04-01,1900100.0,佐藤 直樹,38.0,左,376,1.0,1.0,4.0,3.0,0.0,0.0,0.0,0.0,0.0,0.0,0.0,,1.0,2.0,0.0,0.0,0.0,0.0,,,,,,,,,,,,,,,,,,,,,,
2026,2021038650,2026-04-01,1900101.0,海野 隆司,62.0,捕,12,1.0,1.0,4.0,4.0,0.0,1.0,0.0,0.0,0.0,0.0,0.0,,0.0,2.0,0.0,0.0,0.0,0.0,,,,,,,,,,,,,,,,,,,,,,
2026,2021038650,2026-04-01,1900104.0,柳町 達,32.0,右,12,1.0,1.0,5.0,4.0,1.0,1.0,0.0,0.0,0.0,0.0,0.0,,1.0,0.0,0.0,0.0,0.0,0.0,,,,,,,,,,,,,,,,,,,,,,
2026,2021038650,2026-04-01,1900112.0,小深田 大翔,0.0,二,376,1.0,1.0,2.0,2.0,0.0,1.0,0.0,0.0,0.0,0.0,0.0,,0.0,1.0,0.0,0.0,0.0,0.0,,,,,,,,,,,,,,,,,,,,,,
2026,2021038650,2026-04-01,1900113.0,黒川 史陽,24.0,三二,376,1.0,1.0,4.0,4.0,0.0,0.0,0.0,0.0,0.0,0.0,0.0,,0.0,1.0,0.0,0.0,0.0,0.0,,,,,,,,,,,,,,,,,,,,,,
2026,2021038650,2026-04-01,1950149.0,庄子 雄大,25.0,走指,12,1.0,0.0,0.0,0.0,0.0,0.0,0.0,0.0,0.0,0.0,0.0,,0.0,0.0,0.0,0.0,0.0,0.0,,,,,,,,,,,,,,,,,,,,,,
2026,2021038650,2026-04-01,1950278.0,中島 大輔,32.0,打左,376,1.0,0.0,1.0,1.0,0.0,0.0,0.0,0.0,0.0,0.0,0.0,,0.0,1.0,0.0,0.0,0.0,0.0,,,,,,,,,,,,,,,,,,,,,,
2026,2021038650,2026-04-01,2000008.0,伊藤 優輔,42.0,,12,,,,,,,,,,,,,,,,,,,3.0,1.0,0.0,0.0,0.0,0.0,1.0,1.0,,,0.0,0.0,0.0,0.0,0.0,,1.0,2.0,1.0,,5.0,20.0
2026,2021038650,2026-04-01,2000125.0,入江 大樹,63.0,遊,376,1.0,0.0,0.0,0.0,0.0,0.0,0.0,0.0,0.0,0.0,0.0,,0.0,0.0,0.0,0.0,0.0,0.0,,,,,,,,,,,,,,,,,,,,,,
2026,2021038650,2026-04-01,2100596.0,徐 若熙,18.0,,12,,,,,,,,,,,,,,,,,,,1.0,1.0,,1.0,0.0,0.0,6.0,6.0,,,0.0,3.0,0.0,0.0,0.0,,2.0,6.0,0.0,,20.0,86.0
2026,2021038650,2026-04-01,2103605.0,稲川 竜汰,13.0,,12,,,,,,,,,,,,,,,,,,,4.0,1.0,0.0,0.0,0.0,13.5,0.6666666666666666,0.2,,,0.0,0.0,1.0,1.0,0.0,,2.0,0.0,0.0,,4.0,20.0
2026,2021038650,2026-04-01,2107851.0,イヒネ イツア,36.0,走左,12,1.0,0.0,0.0,0.0,0.0,0.0,0.0,0.0,0.0,0.0,0.0,,0.0,0.0,0.0,0.0,0.0,0.0,,,,,,,,,,,,,,,,,,,,,,
2026,2021038650,2026-04-01,2107899.0,田中 千晴,29.0,,376,,,,,,,,,,,,,,,,,,,3.0,1.0,0.0,0.0,0.0,3.38,1.0,1.0,,,0.0,1.0,0.0,0.0,0.0,,0.0,2.0,0.0,,4.0,13.0
2026,2021038650,2026-04-01,2110316.0,古謝 樹,17.0,,376,,,,,,,,,,,,,,,,,,,1.0,1.0,,0.0,1.0,8.44,5.333333333333333,5.1,,,0.0,10.0,5.0,5.0,1.0,,1.0,4.0,0.0,,27.0,95.0
2026,2021038650,2026-04-01,2121018.0,九谷 瑠,45.0,,376,,,,,,,,,,,,,,,,,,,4.0,1.0,0.0,0.0,0.0,2.25,2.0,2.0,,,0.0,1.0,0.0,0.0,0.0,,1.0,1.0,0.0,,8.0,42.0
2026,2021038651,2026-04-01,1100061.0,桑原 将志,7.0,左,7,1.0,1.0,4.0,3.0,0.0,0.0,0.0,0.0,0.0,0.0,0.0,,1.0,1.0,0.0,0.0,0.0,0.0,,,,,,,,,,,,,,,,,,,,,,
2026,2021038651,2026-04-01,1300100.0,森 友哉,4.0,捕,11,1.0,1.0,4.0,3.0,1.0,0.0,0.0,0.0,0.0,0.0,0.0,,0.0,0.0,1.0,0.0,0.0,0.0,,,,,,,,,,,,,,,,,,,,,,
2026,2021038651,2026-04-01,1400182.0,高橋 光成,13.0,,7,,,,,,,,,,,,,,,,,,,1.0,1.0,,0.0,1.0,0.0,6.0,6.0,,,0.0,5.0,4.0,0.0,0.0,,2.0,4.0,1.0,,26.0,99.0
2026,2021038651,2026-04-01,1400196.0,宗 佑磨,6.0,三,11,1.0,1.0,5.0,3.0,1.0,1.0,0.0,0.0,0.0,0.0,0.0,,2.0,0.0,0.0,0.0,0.0,0.0,,,,,,,,,,,,,,,,,,,,,,
2026,2021038651,2026-04-01,1400201.0,西野 真弘,5.0,二,11,1.0,1.0,3.0,3.0,0.0,1.0,0.0,0.0,0.0,0.0,0.0,,0.0,0.0,0.0,0.0,0.0,0.0,,,,,,,,,,,,,,,,,,,,,,
2026,2021038651,2026-04-01,1500041.0,廣岡 大志,30.0,右,11,1.0,1.0,5.0,5.0,1.0,1.0,0.0,0.0,0.0,1.0,0.0,,0.0,2.0,0.0,0.0,0.0,0.0,,,,,,,,,,,,,,,,,,,,,,
2026,2021038651,2026-04-01,1500096.0,西川 龍馬,7.0,左,11,1.0,1.0,4.0,4.0,0.0,0.0,0.0,0.0,0.0,0.0,0.0,,0.0,2.0,0.0,0.0,0.0,0.0,,,,,,,,,,,,,,,,,,,,,,
2026,2021038651,2026-04-01,1500128.0,大城 滉二,10.0,二,11,1.0,0.0,1.0,1.0,0.0,1.0,0.0,0.0,0.0,0.0,0.0,,0.0,0.0,0.0,0.0,0.0,0.0,,,,,,,,,,,,,,,,,,,,,,
2026,2021038651,2026-04-01,1600129.0,源田 壮亮,6.0,遊,7,1.0,1.0,3.0,3.0,0.0,2.0,0.0,0.0,0.0,0.0,0.0,,0.0,0.0,0.0,0.0,0.0,1.0,,,,,,,,,,,,,,,,,,,,,,
2026,2021038651,2026-04-01,1600134.0,石井 一成,4.0,二,7,1.0,1.0,3.0,3.0,0.0,1.0,0.0,0.0,0.0,0.0,0.0,,0.0,1.0,0.0,0.0,0.0,0.0,,,,,,,,,,,,,,,,,,,,,,
2026,2021038651,2026-04-01,1660299.0,林 安可,73.0,指,7,1.0,1.0,4.0,4.0,0.0,1.0,1.0,0.0,0.0,0.0,0.0,,0.0,1.0,0.0,0.0,0.0,0.0,,,,,,,,,,,,,,,,,,,,,,
2026,2021038651,2026-04-01,1700122.0,西川 愛也,51.0,中,7,1.0,1.0,4.0,4.0,0.0,0.0,0.0,0.0,0.0,0.0,0.0,,0.0,1.0,0.0,0.0,0.0,0.0,,,,,,,,,,,,,,,,,,,,,,
2026,2021038651,2026-04-01,1800098.0,太田 椋,1.0,一,11,1.0,1.0,4.0,4.0,1.0,2.0,0.0,0.0,0.0,0.0,0.0,,0.0,0.0,0.0,0.0,0.0,0.0,,,,,,,,,,,,,,,,,,,,,,
2026,2021038651,2026-04-01,1800104.0,中川 圭太,67.0,中,11,1.0,1.0,4.0,4.0,0.0,0.0,0.0,0.0,0.0,1.0,0.0,,0.0,1.0,0.0,0.0,0.0,0.0,,,,,,,,,,,,,,,,,,,,,,
2026,2021038651,2026-04-01,1900062.0,浜屋 将太,90.0,,7,,,,,,,,,,,,,,,,,,,2.0,1.0,0.0,0.0,0.0,0.0,1.0,1.0,,,0.0,0.0,0.0,0.0,0.0,,0.0,0.0,0.0,,3.0,9.0
2026,2021038651,2026-04-01,1900088.0,紅林 弘太郎,24.0,遊,11,1.0,1.0,4.0,4.0,0.0,0.0,0.0,0.0,0.0,0.0,0.0,,0.0,0.0,0.0,0.0,0.0,0.0,,,,,,,,,,,,,,,,,,,,,,
2026,2021038651,2026-04-01,1950417.0,渡部 聖弥,8.0,三,7,1.0,1.0,4.0,4.0,0.0,0.0,0.0,0.0,0.0,0.0,0.0,,0.0,0.0,0.0,0.0,0.0,1.0,,,,,,,,,,,,,,,,,,,,,,
2026,2021038651,2026-04-01,2000069.0,山村 崇嘉,32.0,打一,7,1.0,0.0,1.0,1.0,0.0,0.0,0.0,0.0,0.0,0.0,0.0,,0.0,0.0,0.0,0.0,0.0,0.0,,,,,,,,,,,,,,,,,,,,,,
2026,2021038651,2026-04-01,2000075.0,長谷川 信哉,63.0,一,7,1.0,1.0,3.0,3.0,0.0,1.0,1.0,0.0,0.0,0.0,0.0,,0.0,1.0,0.0,0.0,0.0,0.0,,,,,,,,,,,,,,,,,,,,,,
2026,2021038651,2026-04-01,2050145.0,小島 大河,10.0,捕,7,1.0,1.0,4.0,4.0,0.0,0.0,0.0,0.0,0.0,0.0,0.0,,0.0,1.0,0.0,0.0,0.0,0.0,,,,,,,,,,,,,,,,,,,,,,
2026,2021038651,2026-04-01,2103747.0,渡部 遼人,0.0,左,11,1.0,0.0,0.0,0.0,0.0,0.0,0.0,0.0,0.0,0.0,0.0,,0.0,0.0,0.0,0.0,0.0,0.0,,,,,,,,,,,,,,,,,,,,,,
2026,2021038651,2026-04-01,2108177.0,エスピノーザ,0.0,,11,,,,,,,,,,,,,,,,,,,1.0,1.0,,1.0,0.0,0.0,9.0,9.0,,,0.0,5.0,0.0,0.0,0.0,,1.0,7.0,0.0,,33.0,110.0
2026,2021038651,2026-04-01,2110153.0,麦谷 祐介,8.0,走指,11,1.0,0.0,1.0,1.0,0.0,0.0,0.0,0.0,0.0,0.0,0.0,,0.0,1.0,0.0,0.0,0.0,0.0,,,,,,,,,,,,,,,,,,,,,,
2026,2021038651,2026-04-01,2114252.0,冨士 大和,67.0,,7,,,,,,,,,,,,,,,,,,,3.0,1.0,0.0,0.0,0.0,22.5,2.0,2.0,,,0.0,2.0,0.0,0.0,0.0,,1.0,3.0,0.0,,9.0,40.0
2026,2021038651,2026-04-01,2117028.0,カナリオ,25.0,右,7,1.0,1.0,3.0,3.0,0.0,0.0,0.0,0.0,0.0,0.0,0.0,,0.0,1.0,0.0,0.0,0.0,0.0,,,,,,,,,,,,,,,,,,,,,,
2026,2021038651,2026-04-01,2117200.0,シーモア,45.0,指,11,1.0,1.0,3.0,2.0,0.0,1.0,0.0,0.0,0.0,1.0,0.0,,1.0,1.0,0.0,0.0,0.0,0.0,,,,,,,,,,,,,,,,,,,,,,
2026,2021038652,2026-04-02,1000150.0,秋山 翔吾,9.0,打,6,1.0,0.0,1.0,1.0,0.0,0.0,0.0,0.0,0.0,0.0,0.0,,0.0,1.0,0.0,0.0,0.0,0.0,,,,,,,,,,,,,,,,,,,,,,
2026,2021038652,2026-04-02,1100082.0,菊池 涼介,33.0,二,6,1.0,1.0,3.0,3.0,0.0,2.0,0.0,0.0,0.0,0.0,0.0,,0.0,0.0,0.0,0.0,0.0,0.0,,,,,,,,,,,,,,,,,,,,,,
2026,2021038652,2026-04-02,1600124.0,坂倉 将吾,31.0,捕,6,1.0,1.0,3.0,3.0,1.0,1.0,1.0,0.0,0.0,0.0,0.0,,0.0,1.0,0.0,0.0,0.0,0.0,,,,,,,,,,,,,,,,,,,,,,
2026,2021038652,2026-04-02,1650165.0,北村 恵吾,50.0,打三,2,1.0,0.0,1.0,1.0,0.0,0.0,0.0,0.0,0.0,0.0,0.0,,0.0,1.0,0.0,0.0,0.0,0.0,,,,,,,,,,,,,,,,,,,,,,
2026,2021038652,2026-04-02,1700068.0,中村 奨成,96.0,右,6,1.0,1.0,4.0,4.0,0.0,0.0,0.0,0.0,0.0,0.0,0.0,,0.0,1.0,0.0,0.0,0.0,0.0,,,,,,,,,,,,,,,,,,,,,,
2026,2021038652,2026-04-02,1700131.0,増田 珠,63.0,右,2,1.0,1.0,4.0,3.0,0.0,0.0,0.0,0.0,0.0,0.0,0.0,,1.0,0.0,0.0,0.0,0.0,0.0,,,,,,,,,,,,,,,,,,,,,,
2026,2021038652,2026-04-02,1750696.0,松本 健吾,28.0,投,2,1.0,0.0,0.0,0.0,0.0,0.0,0.0,0.0,0.0,0.0,0.0,,0.0,0.0,0.0,0.0,0.0,0.0,2.0,1.0,0.0,1.0,0.0,0.0,2.0,2.0,,,0.0,1.0,0.0,0.0,0.0,,1.0,4.0,0.0,,8.0,44.0
2026,2021038652,2026-04-02,1800072.0,小園 海斗,5.0,遊,6,1.0,1.0,4.0,4.0,0.0,0.0,0.0,0.0,0.0,0.0,0.0,,0.0,1.0,0.0,0.0,0.0,0.0,,,,,,,,,,,,,,,,,,,,,,
2026,2021038652,2026-04-02,1800079.0,大盛 穂,59.0,中,6,1.0,1.0,4.0,4.0,0.0,1.0,0.0,0.0,0.0,1.0,0.0,,0.0,2.0,0.0,0.0,0.0,0.0,,,,,,,,,,,,,,,,,,,,,,
2026,2021038652,2026-04-02,1900024.0,奥川 恭伸,18.0,投,2,1.0,1.0,2.0,2.0,0.0,0.0,0.0,0.0,0.0,0.0,0.0,,0.0,1.0,0.0,0.0,0.0,0.0,1.0,1.0,,0.0,0.0,1.29,7.0,7.0,,,0.0,3.0,1.0,1.0,0.0,,0.0,5.0,0.0,,23.0,91.0
2026,2021038652,2026-04-02,1900028.0,長岡 秀樹,7.0,遊,2,1.0,1.0,4.0,4.0,0.0,1.0,1.0,0.0,0.0,0.0,0.0,,0.0,0.0,0.0,0.0,0.0,0.0,,,,,,,,,,,,,,,,,,,,,,
2026,2021038652,2026-04-02,1900029.0,武岡 龍世,60.0,三,2,1.0,1.0,2.0,2.0,0.0,0.0,0.0,0.0,0.0,0.0,0.0,,0.0,0.0,0.0,0.0,0.0,0.0,,,,,,,,,,,,,,,,,,,,,,
2026,2021038652,2026-04-02,1900056.0,石原 貴規,32.0,捕,6,1.0,0.0,0.0,0.0,0.0,0.0,0.0,0.0,0.0,0.0,0.0,,0.0,0.0,0.0,0.0,0.0,0.0,,,,,,,,,,,,,,,,,,,,,,
2026,2021038652,2026-04-02,1960397.0,ハーン,68.0,投,6,1.0,0.0,0.0,0.0,0.0,0.0,0.0,0.0,0.0,0.0,0.0,,0.0,0.0,0.0,0.0,0.0,0.0,2.0,1.0,0.0,1.0,0.0,0.0,1.0,1.0,,,0.0,0.0,0.0,0.0,0.0,,0.0,2.0,0.0,,3.0,14.0
2026,2021038652,2026-04-02,1961927.0,モンテロ,95.0,一,6,1.0,1.0,3.0,2.0,0.0,0.0,0.0,0.0,0.0,0.0,0.0,,1.0,0.0,0.0,0.0,0.0,0.0,,,,,,,,,,,,,,,,,,,,,,
2026,2021038652,2026-04-02,2000031.0,赤羽 由紘,0.0,走,2,1.0,0.0,0.0,0.0,1.0,0.0,0.0,0.0,0.0,0.0,1.0,,0.0,0.0,0.0,0.0,0.0,0.0,,,,,,,,,,,,,,,,,,,,,,
2026,2021038652,2026-04-02,2000061.0,森浦 大輔,13.0,投,6,1.0,0.0,0.0,0.0,0.0,0.0,0.0,0.0,0.0,0.0,0.0,,0.0,0.0,0.0,0.0,0.0,0.0,3.0,1.0,0.0,1.0,1.0,6.75,0.6666666666666666,0.2,,,1.0,2.0,2.0,2.0,0.0,,1.0,0.0,0.0,,5.0,24.0
2026,2021038652,2026-04-02,2000133.0,オスナ,13.0,一,2,1.0,1.0,4.0,3.0,0.0,2.0,0.0,0.0,0.0,0.0,0.0,,1.0,0.0,0.0,0.0,0.0,0.0,,,,,,,,,,,,,,,,,,,,,,
2026,2021038652,2026-04-02,2000135.0,サンタナ,25.0,左,2,1.0,1.0,4.0,4.0,0.0,0.0,0.0,0.0,0.0,0.0,0.0,,0.0,2.0,0.0,0.0,0.0,0.0,,,,,,,,,,,,,,,,,,,,,,
2026,2021038652,2026-04-02,2050203.0,佐々木 泰,10.0,三,6,1.0,1.0,4.0,4.0,0.0,0.0,0.0,0.0,0.0,0.0,0.0,,0.0,1.0,0.0,0.0,0.0,0.0,,,,,,,,,,,,,,,,,,,,,,
2026,2021038652,2026-04-02,2103917.0,岩田 幸宏,64.0,中,2,1.0,1.0,4.0,4.0,1.0,1.0,0.0,0.0,0.0,0.0,2.0,,0.0,0.0,0.0,0.0,0.0,0.0,,,,,,,,,,,,,,,,,,,,,,
2026,2021038652,2026-04-02,2105063.0,橋本 星哉,52.0,打,2,1.0,0.0,1.0,1.0,0.0,0.0,0.0,0.0,0.0,0.0,0.0,,0.0,0.0,0.0,0.0,0.0,0.0,,,,,,,,,,,,,,,,,,,,,,
2026,2021038652,2026-04-02,2109495.0,鈴木 叶,65.0,捕,2,1.0,1.0,4.0,3.0,0.0,0.0,0.0,0.0,0.0,0.0,0.0,,1.0,0.0,0.0,0.0,0.0,0.0,,,,,,,,,,,,,,,,,,,,,,
2026,2021038652,2026-04-02,2112175.0,伊藤 琉偉,67.0,二,2,1.0,1.0,4.0,4.0,0.0,1.0,0.0,0.0,0.0,2.0,0.0,,0.0,2.0,0.0,0.0,0.0,0.0,,,,,,,,,,,,,,,,,,,,,,
2026,2021038652,2026-04-02,2114807.0,岡本 駿,53.0,投,6,1.0,1.0,2.0,2.0,0.0,0.0,0.0,0.0,0.0,0.0,0.0,,0.0,1.0,0.0,0.0,0.0,0.0,1.0,1.0,,0.0,0.0,0.0,7.0,7.0,,,0.0,3.0,0.0,0.0,0.0,,2.0,4.0,0.0,,26.0,101.0
2026,2021038652,2026-04-02,2114882.0,ファビアン,61.0,左,6,1.0,1.0,3.0,3.0,0.0,0.0,0.0,0.0,0.0,0.0,0.0,,0.0,1.0,0.0,0.0,0.0,0.0,,,,,,,,,,,,,,,,,,,,,,
2026,2021038653,2026-04-02,700003.0,坂本 勇人,6.0,三,1,1.0,1.0,3.0,3.0,0.0,0.0,0.0,0.0,0.0,0.0,0.0,,0.0,0.0,0.0,0.0,0.0,0.0,,,,,,,,,,,,,,,,,,,,,,
2026,2021038653,2026-04-02,1000138.0,大野 雄大,22.0,投,4,1.0,1.0,3.0,3.0,0.0,0.0,0.0,0.0,0.0,0.0,0.0,,0.0,3.0,0.0,0.0,0.0,0.0,1.0,1.0,,1.0,0.0,0.0,9.0,9.0,,,0.0,4.0,1.0,0.0,0.0,,0.0,6.0,0.0,,31.0,111.0
2026,2021038653,2026-04-02,1100095.0,松本 剛,9.0,中,1,1.0,1.0,4.0,3.0,0.0,0.0,0.0,0.0,0.0,0.0,0.0,,0.0,0.0,0.0,1.0,0.0,0.0,,,,,,,,,,,,,,,,,,,,,,
2026,2021038653,2026-04-02,1200117.0,則本 昂大,43.0,投,1,1.0,1.0,2.0,2.0,0.0,0.0,0.0,0.0,0.0,0.0,0.0,,0.0,1.0,0.0,0.0,0.0,0.0,1.0,1.0,,0.0,1.0,2.57,7.0,7.0,,,0.0,5.0,2.0,2.0,1.0,,0.0,5.0,0.0,,23.0,85.0
2026,2021038653,2026-04-02,1500076.0,木下 拓哉,35.0,捕,4,1.0,1.0,3.0,3.0,0.0,2.0,0.0,0.0,0.0,0.0,0.0,,0.0,0.0,0.0,0.0,0.0,0.0,,,,,,,,,,,,,,,,,,,,,,
2026,2021038653,2026-04-02,1561820.0,ダルベック,29.0,一,1,1.0,1.0,4.0,4.0,0.0,0.0,0.0,0.0,0.0,0.0,0.0,,0.0,0.0,0.0,0.0,0.0,0.0,,,,,,,,,,,,,,,,,,,,,,
2026,2021038653,2026-04-02,1561854.0,サノー,23.0,一,4,1.0,1.0,3.0,3.0,1.0,1.0,0.0,0.0,1.0,2.0,0.0,,0.0,0.0,0.0,0.0,0.0,0.0,,,,,,,,,,,,,,,,,,,,,,
2026,2021038653,2026-04-02,1600085.0,細川 成也,55.0,左,4,1.0,1.0,3.0,3.0,1.0,1.0,0.0,0.0,0.0,0.0,0.0,,0.0,0.0,0.0,0.0,0.0,1.0,,,,,,,,,,,,,,,,,,,,,,
2026,2021038653,2026-04-02,1750223.0,村松 開人,5.0,遊,4,1.0,1.0,3.0,3.0,0.0,0.0,0.0,0.0,0.0,0.0,0.0,,0.0,0.0,0.0,0.0,0.0,0.0,,,,,,,,,,,,,,,,,,,,,,
2026,2021038653,2026-04-02,1750321.0,泉口 友汰,35.0,遊,1,1.0,1.0,4.0,4.0,0.0,0.0,0.0,0.0,0.0,0.0,0.0,,0.0,1.0,0.0,0.0,0.0,0.0,,,,,,,,,,,,,,,,,,,,,,
2026,2021038653,2026-04-02,1750701.0,田中 幹也,2.0,二,4,1.0,1.0,3.0,3.0,0.0,1.0,0.0,0.0,0.0,0.0,0.0,,0.0,0.0,0.0,0.0,0.0,0.0,,,,,,,,,,,,,,,,,,,,,,
2026,2021038653,2026-04-02,1800024.0,増田 陸,61.0,打,1,1.0,0.0,1.0,1.0,1.0,1.0,1.0,0.0,0.0,0.0,0.0,,0.0,0.0,0.0,0.0,0.0,0.0,,,,,,,,,,,,,,,,,,,,,,
2026,2021038653,2026-04-02,1900020.0,山瀬 慎之助,67.0,捕,1,1.0,1.0,3.0,3.0,0.0,1.0,1.0,0.0,0.0,0.0,0.0,,0.0,2.0,0.0,0.0,0.0,0.0,,,,,,,,,,,,,,,,,,,,,,
2026,2021038653,2026-04-02,1900041.0,岡林 勇希,1.0,中,4,1.0,1.0,3.0,3.0,0.0,0.0,0.0,0.0,0.0,0.0,0.0,,0.0,0.0,0.0,0.0,0.0,0.0,,,,,,,,,,,,,,,,,,,,,,
2026,2021038653,2026-04-02,1951153.0,浦田 俊輔,32.0,走,1,1.0,0.0,0.0,0.0,0.0,0.0,0.0,0.0,0.0,0.0,0.0,,0.0,0.0,0.0,0.0,0.0,0.0,,,,,,,,,,,,,,,,,,,,,,
2026,2021038653,2026-04-02,2000070.0,若林 楽人,59.0,打右,1,1.0,0.0,1.0,1.0,0.0,0.0,0.0,0.0,0.0,0.0,0.0,,0.0,1.0,0.0,0.0,0.0,0.0,,,,,,,,,,,,,,,,,,,,,,
2026,2021038653,2026-04-02,2103780.0,福永 裕基,7.0,三,4,1.0,1.0,3.0,3.0,0.0,1.0,0.0,0.0,0.0,0.0,0.0,,0.0,1.0,0.0,0.0,0.0,0.0,,,,,,,,,,,,,,,,,,,,,,
2026,2021038653,2026-04-02,2103840.0,ブライト 健太,42.0,右,4,1.0,1.0,3.0,3.0,0.0,0.0,0.0,0.0,0.0,0.0,0.0,,0.0,2.0,0.0,0.0,0.0,0.0,,,,,,,,,,,,,,,,,,,,,,
2026,2021038653,2026-04-02,2106178.0,佐々木 俊輔,44.0,右,1,1.0,1.0,2.0,2.0,0.0,0.0,0.0,0.0,0.0,0.0,0.0,,0.0,1.0,0.0,0.0,0.0,0.0,,,,,,,,,,,,,,,,,,,,,,
2026,2021038653,2026-04-02,2107645.0,尾田 剛樹,0.0,右,4,1.0,0.0,0.0,0.0,0.0,0.0,0.0,0.0,0.0,0.0,0.0,,0.0,0.0,0.0,0.0,0.0,0.0,,,,,,,,,,,,,,,,,,,,,,
2026,2021038653,2026-04-02,2107764.0,宇都宮 葵星,68.0,走,1,1.0,0.0,0.0,0.0,0.0,0.0,0.0,0.0,0.0,0.0,0.0,,0.0,0.0,0.0,0.0,0.0,0.0,,,,,,,,,,,,,,,,,,,,,,
2026,2021038653,2026-04-02,2107874.0,門脇 誠,5.0,二,1,1.0,1.0,3.0,3.0,0.0,0.0,0.0,0.0,0.0,0.0,0.0,,0.0,0.0,0.0,0.0,0.0,0.0,,,,,,,,,,,,,,,,,,,,,,
2026,2021038653,2026-04-02,2118291.0,田和 廉,30.0,投,1,1.0,0.0,0.0,0.0,0.0,0.0,0.0,0.0,0.0,0.0,0.0,,0.0,0.0,0.0,0.0,0.0,0.0,2.0,1.0,0.0,0.0,0.0,0.0,1.0,1.0,,,0.0,1.0,0.0,0.0,0.0,,0.0,1.0,0.0,,4.0,14.0
2026,2021038653,2026-04-02,2118420.0,キャベッジ,13.0,左,1,1.0,1.0,4.0,4.0,0.0,2.0,0.0,0.0,0.0,0.0,0.0,,0.0,0.0,0.0,0.0,0.0,0.0,,,,,,,,,,,,,,,,,,,,,,
2026,2021038654,2026-04-02,1000002.0,筒香 嘉智,25.0,一三,3,1.0,1.0,4.0,2.0,2.0,1.0,0.0,0.0,0.0,0.0,0.0,,2.0,0.0,0.0,0.0,0.0,0.0,,,,,,,,,,,,,,,,,,,,,,
2026,2021038654,2026-04-02,1200053.0,宮崎 敏郎,51.0,三,3,1.0,1.0,4.0,4.0,0.0,2.0,1.0,0.0,0.0,2.0,0.0,,0.0,0.0,0.0,0.0,0.0,0.0,,,,,,,,,,,,,,,,,,,,,,
2026,2021038654,2026-04-02,1300075.0,岩崎 優,13.0,投,5,1.0,0.0,0.0,0.0,0.0,0.0,0.0,0.0,0.0,0.0,0.0,,0.0,0.0,0.0,0.0,0.0,0.0,5.0,1.0,0.0,0.0,0.0,0.0,1.0,1.0,,,2.0,1.0,0.0,0.0,0.0,,0.0,0.0,0.0,,4.0,16.0
2026,2021038654,2026-04-02,1500087.0,坂本 誠志郎,12.0,捕,5,1.0,1.0,3.0,3.0,1.0,1.0,0.0,0.0,0.0,0.0,0.0,,0.0,1.0,0.0,0.0,0.0,0.0,,,,,,,,,,,,,,,,,,,,,,
2026,2021038654,2026-04-02,1600021.0,ビシエド,66.0,打,3,1.0,0.0,1.0,1.0,0.0,1.0,0.0,0.0,0.0,0.0,0.0,,0.0,0.0,0.0,0.0,0.0,0.0,,,,,,,,,,,,,,,,,,,,,,
2026,2021038654,2026-04-02,1600033.0,ドリス,98.0,投,5,1.0,0.0,0.0,0.0,0.0,0.0,0.0,0.0,0.0,0.0,0.0,,0.0,0.0,0.0,0.0,0.0,0.0,2.0,1.0,0.0,0.0,0.0,3.0,1.0,1.0,,,0.0,2.0,1.0,1.0,0.0,,1.0,1.0,0.0,,6.0,19.0
2026,2021038654,2026-04-02,1600089.0,佐野 恵太,7.0,左,3,1.0,1.0,4.0,4.0,0.0,1.0,0.0,0.0,0.0,1.0,0.0,,0.0,1.0,0.0,0.0,0.0,0.0,,,,,,,,,,,,,,,,,,,,,,
2026,2021038654,2026-04-02,1600107.0,京田 陽太,9.0,打,3,1.0,0.0,1.0,1.0,0.0,0.0,0.0,0.0,0.0,0.0,0.0,,0.0,0.0,0.0,0.0,0.0,0.0,,,,,,,,,,,,,,,,,,,,,,
2026,2021038654,2026-04-02,1600113.0,大山 悠輔,3.0,一,5,1.0,1.0,4.0,4.0,0.0,1.0,0.0,0.0,0.0,0.0,0.0,,0.0,1.0,0.0,0.0,0.0,0.0,,,,,,,,,,,,,,,,,,,,,,
2026,2021038654,2026-04-02,1600167.0,三森 大貴,26.0,走一,3,1.0,0.0,0.0,0.0,0.0,0.0,0.0,0.0,0.0,0.0,0.0,,0.0,0.0,0.0,0.0,0.0,0.0,,,,,,,,,,,,,,,,,,,,,,
2026,2021038654,2026-04-02,1650915.0,竹田 祐,12.0,投,3,1.0,1.0,1.0,1.0,0.0,0.0,0.0,0.0,0.0,0.0,0.0,,0.0,0.0,0.0,0.0,0.0,1.0,1.0,1.0,,0.0,1.0,6.75,4.0,4.0,,,0.0,6.0,4.0,3.0,0.0,,1.0,3.0,0.0,,19.0,84.0
2026,2021038654,2026-04-02,1700066.0,山本 祐大,50.0,打,3,1.0,0.0,1.0,1.0,0.0,0.0,0.0,0.0,0.0,0.0,0.0,,0.0,0.0,0.0,0.0,0.0,0.0,,,,,,,,,,,,,,,,,,,,,,
2026,2021038654,2026-04-02,1700079.0,熊谷 敬宥,4.0,走一,5,1.0,0.0,0.0,0.0,0.0,0.0,0.0,0.0,0.0,0.0,0.0,,0.0,0.0,0.0,0.0,0.0,0.0,,,,,,,,,,,,,,,,,,,,,,
2026,2021038654,2026-04-02,1800065.0,近本 光司,5.0,中,5,1.0,1.0,4.0,4.0,0.0,1.0,0.0,0.0,0.0,0.0,1.0,,0.0,0.0,0.0,0.0,0.0,0.0,,,,,,,,,,,,,,,,,,,,,,
2026,2021038654,2026-04-02,1800066.0,小幡 竜平,38.0,遊,5,1.0,0.0,0.0,0.0,0.0,0.0,0.0,0.0,0.0,0.0,0.0,,0.0,0.0,0.0,0.0,0.0,0.0,,,,,,,,,,,,,,,,,,,,,,
2026,2021038654,2026-04-02,1800067.0,木浪 聖也,0.0,遊,5,1.0,1.0,4.0,4.0,0.0,3.0,0.0,0.0,0.0,2.0,0.0,,0.0,0.0,0.0,0.0,0.0,0.0,,,,,,,,,,,,,,,,,,,,,,
2026,2021038654,2026-04-02,1850183.0,森下 翔太,1.0,右,5,1.0,1.0,4.0,3.0,1.0,0.0,0.0,0.0,0.0,0.0,0.0,,1.0,1.0,0.0,0.0,0.0,0.0,,,,,,,,,,,,,,,,,,,,,,
2026,2021038654,2026-04-02,1850208.0,林 琢真,0.0,走,3,1.0,0.0,0.0,0.0,0.0,0.0,0.0,0.0,0.0,0.0,0.0,,0.0,0.0,0.0,0.0,0.0,0.0,,,,,,,,,,,,,,,,,,,,,,
2026,2021038654,2026-04-02,1850363.0,伊原 陵人,18.0,投,5,1.0,1.0,2.0,1.0,0.0,0.0,0.0,0.0,0.0,0.0,0.0,,0.0,0.0,0.0,1.0,0.0,0.0,1.0,1.0,,1.0,0.0,1.8,5.0,5.0,,,0.0,1.0,1.0,1.0,0.0,,2.0,3.0,1.0,,18.0,87.0
2026,2021038654,2026-04-02,1850873.0,度会 隆輝,4.0,右,3,1.0,1.0,4.0,4.0,0.0,1.0,0.0,0.0,0.0,0.0,0.0,,0.0,2.0,0.0,0.0,0.0,0.0,,,,,,,,,,,,,,,,,,,,,,
2026,2021038654,2026-04-02,1900031.0,坂本 裕哉,20.0,投,3,1.0,0.0,0.0,0.0,0.0,0.0,0.0,0.0,0.0,0.0,0.0,,0.0,0.0,0.0,0.0,0.0,0.0,4.0,1.0,0.0,0.0,0.0,6.0,1.0,1.0,,,0.0,1.0,0.0,0.0,0.0,,0.0,1.0,0.0,,4.0,15.0
2026,2021038654,2026-04-02,1900035.0,蝦名 達夫,61.0,中,3,1.0,1.0,4.0,4.0,0.0,0.0,0.0,0.0,0.0,0.0,0.0,,0.0,1.0,0.0,0.0,0.0,0.0,,,,,,,,,,,,,,,,,,,,,,
2026,2021038654,2026-04-02,1900046.0,及川 雅貴,37.0,投,5,1.0,0.0,0.0,0.0,0.0,0.0,0.0,0.0,0.0,0.0,0.0,,0.0,0.0,0.0,0.0,0.0,0.0,4.0,1.0,0.0,1.0,0.0,9.0,1.0,1.0,,,0.0,2.0,1.0,1.0,0.0,,1.0,0.0,0.0,,5.0,25.0
2026,2021038654,2026-04-02,2000035.0,牧 秀悟,2.0,二,3,1.0,1.0,4.0,2.0,1.0,0.0,0.0,0.0,0.0,0.0,0.0,,1.0,0.0,1.0,0.0,0.0,0.0,,,,,,,,,,,,,,,,,,,,,,
2026,2021038654,2026-04-02,2000051.0,佐藤 輝明,8.0,三,5,1.0,1.0,4.0,4.0,1.0,1.0,1.0,0.0,0.0,1.0,0.0,,0.0,3.0,0.0,0.0,0.0,0.0,,,,,,,,,,,,,,,,,,,,,,
2026,2021038654,2026-04-02,2000056.0,中野 拓夢,7.0,二,5,1.0,1.0,4.0,3.0,1.0,2.0,1.0,0.0,0.0,0.0,0.0,,1.0,0.0,0.0,0.0,0.0,0.0,,,,,,,,,,,,,,,,,,,,,,
2026,2021038654,2026-04-02,2000057.0,高寺 望夢,67.0,左,5,1.0,1.0,4.0,4.0,0.0,0.0,0.0,0.0,0.0,0.0,0.0,,0.0,1.0,0.0,0.0,0.0,0.0,,,,,,,,,,,,,,,,,,,,,,
2026,2021038654,2026-04-02,2100277.0,松尾 汐恩,5.0,捕,3,1.0,1.0,4.0,4.0,0.0,0.0,0.0,0.0,0.0,0.0,0.0,,0.0,0.0,0.0,0.0,0.0,1.0,,,,,,,,,,,,,,,,,,,,,,
2026,2021038654,2026-04-02,2101034.0,ヒュンメル,99.0,打,3,1.0,0.0,1.0,1.0,0.0,0.0,0.0,0.0,0.0,0.0,0.0,,0.0,0.0,0.0,0.0,0.0,0.0,,,,,,,,,,,,,,,,,,,,,,
2026,2021038654,2026-04-02,2105007.0,橋本 達弥,35.0,投,3,1.0,0.0,0.0,0.0,0.0,0.0,0.0,0.0,0.0,0.0,0.0,,0.0,0.0,0.0,0.0,0.0,0.0,2.0,1.0,0.0,0.0,0.0,0.0,2.0,2.0,,,0.0,1.0,0.0,0.0,0.0,,1.0,3.0,0.0,,7.0,34.0
2026,2021038654,2026-04-02,2105707.0,吉野 光樹,24.0,投,3,1.0,0.0,0.0,0.0,0.0,0.0,0.0,0.0,0.0,0.0,0.0,,0.0,0.0,0.0,0.0,0.0,0.0,3.0,1.0,0.0,0.0,0.0,3.0,1.0,1.0,,,0.0,1.0,0.0,0.0,0.0,,0.0,0.0,0.0,,4.0,26.0
2026,2021038654,2026-04-02,2108105.0,モレッタ,99.0,投,5,1.0,0.0,0.0,0.0,0.0,0.0,0.0,0.0,0.0,0.0,0.0,,0.0,0.0,0.0,0.0,0.0,0.0,3.0,1.0,0.0,0.0,0.0,0.0,1.0,1.0,,,0.0,0.0,0.0,0.0,0.0,,0.0,0.0,0.0,,3.0,8.0
2026,2021038654,2026-04-02,2110225.0,福島 圭音,92.0,打,5,1.0,0.0,1.0,1.0,0.0,0.0,0.0,0.0,0.0,0.0,0.0,,0.0,0.0,0.0,0.0,0.0,0.0,,,,,,,,,,,,,,,,,,,,,,
2026,2021038654,2026-04-02,2112189.0,石上 泰輝,44.0,遊,3,1.0,1.0,3.0,2.0,0.0,0.0,0.0,0.0,0.0,0.0,0.0,,1.0,0.0,0.0,0.0,0.0,0.0,,,,,,,,,,,,,,,,,,,,,,
2026,2021038655,2026-04-02,900081.0,西野 勇士,29.0,,9,,,,,,,,,,,,,,,,,,,1.0,1.0,,0.0,1.0,9.0,6.0,6.0,,,0.0,7.0,6.0,6.0,3.0,,2.0,6.0,0.0,,27.0,109.0
2026,2021038655,2026-04-02,1000100.0,西川 遥輝,7.0,左,8,1.0,1.0,4.0,3.0,2.0,2.0,1.0,0.0,0.0,1.0,1.0,,1.0,0.0,0.0,0.0,0.0,0.0,,,,,,,,,,,,,,,,,,,,,,
2026,2021038655,2026-04-02,1200055.0,福谷 浩司,41.0,,8,,,,,,,,,,,,,,,,,,,4.0,1.0,0.0,0.0,0.0,4.5,1.0,1.0,,,0.0,2.0,0.0,0.0,0.0,,1.0,3.0,0.0,,6.0,35.0
2026,2021038655,2026-04-02,1300044.0,岡 大海,25.0,打中,9,1.0,0.0,2.0,2.0,0.0,1.0,0.0,0.0,0.0,0.0,0.0,,0.0,0.0,0.0,0.0,0.0,0.0,,,,,,,,,,,,,,,,,,,,,,
2026,2021038655,2026-04-02,1400118.0,清水 優心,10.0,捕,8,1.0,1.0,4.0,4.0,1.0,1.0,0.0,0.0,1.0,2.0,0.0,,0.0,1.0,0.0,0.0,0.0,0.0,,,,,,,,,,,,,,,,,,,,,,
2026,2021038655,2026-04-02,1460080.0,ポランコ,22.0,指,9,1.0,1.0,2.0,2.0,0.0,0.0,0.0,0.0,0.0,0.0,0.0,,0.0,1.0,0.0,0.0,0.0,0.0,,,,,,,,,,,,,,,,,,,,,,
2026,2021038655,2026-04-02,1500109.0,上原 健太,20.0,,8,,,,,,,,,,,,,,,,,,,2.0,1.0,0.0,0.0,0.0,3.86,1.0,1.0,,,0.0,2.0,1.0,1.0,1.0,,0.0,1.0,0.0,,5.0,23.0
2026,2021038655,2026-04-02,1500110.0,加藤 貴之,14.0,,8,,,,,,,,,,,,,,,,,,,1.0,1.0,,1.0,0.0,0.0,6.0,6.0,,,0.0,4.0,0.0,0.0,0.0,,0.0,5.0,0.0,,22.0,96.0
2026,2021038655,2026-04-02,1700020.0,ソト,99.0,一,9,1.0,1.0,4.0,4.0,0.0,1.0,0.0,0.0,0.0,0.0,0.0,,0.0,1.0,0.0,0.0,0.0,0.0,,,,,,,,,,,,,,,,,,,,,,
2026,2021038655,2026-04-02,1700025.0,清宮 幸太郎,21.0,一,8,1.0,1.0,4.0,4.0,1.0,2.0,0.0,0.0,0.0,0.0,0.0,,0.0,0.0,0.0,0.0,0.0,0.0,,,,,,,,,,,,,,,,,,,,,,
2026,2021038655,2026-04-02,1800050.0,藤原 恭大,1.0,右,9,1.0,1.0,2.0,2.0,0.0,0.0,0.0,0.0,0.0,0.0,0.0,,0.0,1.0,0.0,0.0,0.0,0.0,,,,,,,,,,,,,,,,,,,,,,
2026,2021038655,2026-04-02,1800053.0,山口 航輝,51.0,打指,9,1.0,0.0,2.0,2.0,0.0,1.0,0.0,0.0,0.0,0.0,0.0,,0.0,0.0,0.0,0.0,0.0,0.0,,,,,,,,,,,,,,,,,,,,,,
2026,2021038655,2026-04-02,1800091.0,野村 佑希,5.0,指,8,1.0,1.0,4.0,4.0,1.0,1.0,0.0,0.0,1.0,1.0,0.0,,0.0,1.0,0.0,0.0,0.0,0.0,,,,,,,,,,,,,,,,,,,,,,
2026,2021038655,2026-04-02,1800093.0,万波 中正,66.0,右,8,1.0,1.0,4.0,4.0,0.0,1.0,0.0,0.0,0.0,0.0,0.0,,0.0,1.0,0.0,0.0,0.0,0.0,,,,,,,,,,,,,,,,,,,,,,
2026,2021038655,2026-04-02,1850932.0,奈良間 大己,58.0,二,8,1.0,1.0,4.0,4.0,2.0,2.0,0.0,0.0,1.0,2.0,0.0,,0.0,1.0,0.0,0.0,0.0,0.0,,,,,,,,,,,,,,,,,,,,,,
2026,2021038655,2026-04-02,1851204.0,水野 達稀,43.0,遊,8,1.0,1.0,4.0,4.0,0.0,1.0,1.0,0.0,0.0,1.0,0.0,,0.0,0.0,0.0,0.0,0.0,0.0,,,,,,,,,,,,,,,,,,,,,,
2026,2021038655,2026-04-02,1900040.0,郡司 裕也,3.0,三,8,1.0,1.0,4.0,3.0,0.0,1.0,0.0,0.0,0.0,0.0,0.0,,1.0,1.0,0.0,0.0,0.0,0.0,,,,,,,,,,,,,,,,,,,,,,
2026,2021038655,2026-04-02,1900081.0,佐藤 都志也,32.0,打,9,1.0,0.0,1.0,1.0,0.0,0.0,0.0,0.0,0.0,0.0,0.0,,0.0,1.0,0.0,0.0,0.0,0.0,,,,,,,,,,,,,,,,,,,,,,
2026,2021038655,2026-04-02,1900082.0,高部 瑛斗,0.0,中,9,1.0,1.0,2.0,2.0,0.0,0.0,0.0,0.0,0.0,0.0,0.0,,0.0,1.0,0.0,0.0,0.0,0.0,,,,,,,,,,,,,,,,,,,,,,
2026,2021038655,2026-04-02,1950286.0,西川 史礁,6.0,左,9,1.0,1.0,4.0,4.0,0.0,2.0,1.0,0.0,0.0,0.0,0.0,,0.0,1.0,0.0,0.0,0.0,0.0,,,,,,,,,,,,,,,,,,,,,,
2026,2021038655,2026-04-02,2000089.0,小川 龍成,57.0,遊,9,1.0,1.0,2.0,2.0,0.0,0.0,0.0,0.0,0.0,0.0,0.0,,0.0,1.0,0.0,0.0,0.0,0.0,,,,,,,,,,,,,,,,,,,,,,
2026,2021038655,2026-04-02,2000094.0,山本 大斗,61.0,打右,9,1.0,0.0,2.0,2.0,0.0,0.0,0.0,0.0,0.0,0.0,0.0,,0.0,0.0,0.0,0.0,0.0,0.0,,,,,,,,,,,,,,,,,,,,,,
2026,2021038655,2026-04-02,2100346.0,松川 虎生,2.0,捕,9,1.0,1.0,3.0,3.0,0.0,0.0,0.0,0.0,0.0,0.0,0.0,,0.0,1.0,0.0,0.0,0.0,0.0,,,,,,,,,,,,,,,,,,,,,,
2026,2021038655,2026-04-02,2100554.0,古林 睿煬,37.0,,8,,,,,,,,,,,,,,,,,,,3.0,1.0,0.0,0.0,1.0,5.4,1.0,1.0,,,0.0,0.0,0.0,0.0,0.0,,0.0,1.0,0.0,,3.0,22.0
2026,2021038655,2026-04-02,2102926.0,寺地 隆成,65.0,三,9,1.0,1.0,4.0,3.0,1.0,2.0,0.0,0.0,1.0,1.0,0.0,,1.0,0.0,0.0,0.0,0.0,0.0,,,,,,,,,,,,,,,,,,,,,,
2026,2021038655,2026-04-02,2103693.0,池田 来翔,0.0,打二,9,1.0,0.0,2.0,2.0,0.0,0.0,0.0,0.0,0.0,0.0,0.0,,0.0,1.0,0.0,0.0,0.0,0.0,,,,,,,,,,,,,,,,,,,,,,
2026,2021038655,2026-04-02,2106284.0,矢澤 宏太,12.0,中,8,1.0,1.0,5.0,5.0,0.0,0.0,0.0,0.0,0.0,0.0,0.0,,0.0,2.0,0.0,0.0,0.0,0.0,,,,,,,,,,,,,,,,,,,,,,
2026,2021038655,2026-04-02,2107586.0,宮崎 颯,66.0,,9,,,,,,,,,,,,,,,,,,,2.0,1.0,0.0,0.0,0.0,3.0,2.0,2.0,,,0.0,4.0,1.0,1.0,0.0,,0.0,1.0,0.0,,10.0,43.0
2026,2021038655,2026-04-02,2117855.0,宮崎 竜成,44.0,二遊,9,1.0,1.0,4.0,4.0,0.0,1.0,0.0,0.0,0.0,0.0,0.0,,0.0,1.0,0.0,0.0,0.0,0.0,,,,,,,,,,,,,,,,,,,,,,
2026,2021038656,2026-04-02,800075.0,伊藤 光,27.0,捕,376,1.0,1.0,3.0,1.0,0.0,0.0,0.0,0.0,0.0,0.0,0.0,,0.0,0.0,1.0,1.0,0.0,0.0,,,,,,,,,,,,,,,,,,,,,,
2026,2021038656,2026-04-02,800081.0,中村 晃,7.0,打,12,1.0,0.0,1.0,0.0,0.0,0.0,0.0,0.0,0.0,0.0,0.0,,1.0,0.0,0.0,0.0,0.0,0.0,,,,,,,,,,,,,,,,,,,,,,
2026,2021038656,2026-04-02,1000035.0,今宮 健太,6.0,遊,12,1.0,1.0,4.0,4.0,0.0,2.0,0.0,0.0,0.0,1.0,0.0,,0.0,1.0,0.0,0.0,0.0,0.0,,,,,,,,,,,,,,,,,,,,,,
2026,2021038656,2026-04-02,1000128.0,柳田 悠岐,9.0,指,12,1.0,1.0,5.0,5.0,0.0,0.0,0.0,0.0,0.0,0.0,0.0,,0.0,2.0,0.0,0.0,0.0,0.0,,,,,,,,,,,,,,,,,,,,,,
2026,2021038656,2026-04-02,1000175.0,牧原 大成,8.0,二,12,1.0,1.0,4.0,4.0,1.0,2.0,2.0,0.0,0.0,0.0,0.0,,0.0,0.0,0.0,0.0,0.0,1.0,,,,,,,,,,,,,,,,,,,,,,
2026,2021038656,2026-04-02,1100097.0,近藤 健介,3.0,左,12,1.0,1.0,5.0,2.0,0.0,0.0,0.0,0.0,0.0,1.0,0.0,,2.0,0.0,0.0,0.0,1.0,0.0,,,,,,,,,,,,,,,,,,,,,,
2026,2021038656,2026-04-02,1100103.0,鈴木 大地,7.0,打一,376,1.0,0.0,1.0,1.0,0.0,0.0,0.0,0.0,0.0,0.0,0.0,,0.0,0.0,0.0,0.0,0.0,0.0,,,,,,,,,,,,,,,,,,,,,,
2026,2021038656,2026-04-02,1300101.0,山川 穂高,5.0,一,12,1.0,1.0,4.0,4.0,1.0,2.0,0.0,0.0,1.0,1.0,0.0,,0.0,1.0,0.0,0.0,0.0,0.0,,,,,,,,,,,,,,,,,,,,,,
2026,2021038656,2026-04-02,1400126.0,松本 裕樹,66.0,,12,,,,,,,,,,,,,,,,,,,2.0,1.0,0.0,1.0,1.0,7.36,0.6666666666666666,0.2,,,0.0,2.0,2.0,2.0,0.0,,1.0,0.0,0.0,,5.0,19.0
2026,2021038656,2026-04-02,1400127.0,栗原 陵矢,24.0,三,12,1.0,1.0,4.0,3.0,1.0,0.0,0.0,0.0,0.0,0.0,0.0,,1.0,1.0,0.0,0.0,0.0,0.0,,,,,,,,,,,,,,,,,,,,,,
2026,2021038656,2026-04-02,1550517.0,大津 亮介,19.0,,12,,,,,,,,,,,,,,,,,,,1.0,1.0,,0.0,0.0,3.86,7.0,7.0,,,0.0,9.0,3.0,3.0,2.0,,0.0,1.0,1.0,,29.0,91.0
2026,2021038656,2026-04-02,1560256.0,ウレーニャ,22.0,,376,,,,,,,,,,,,,,,,,,,1.0,1.0,,0.0,0.0,3.6,5.0,5.0,,,0.0,6.0,2.0,2.0,0.0,,3.0,5.0,0.0,,24.0,102.0
2026,2021038656,2026-04-02,1600007.0,村林 一輝,6.0,遊,376,1.0,1.0,4.0,4.0,1.0,4.0,2.0,0.0,1.0,3.0,0.0,,0.0,0.0,0.0,0.0,0.0,0.0,,,,,,,,,,,,,,,,,,,,,,
2026,2021038656,2026-04-02,1600092.0,藤平 尚真,46.0,,376,,,,,,,,,,,,,,,,,,,5.0,1.0,0.0,0.0,0.0,4.5,1.0,1.0,,,1.0,2.0,1.0,1.0,0.0,,1.0,1.0,0.0,,6.0,24.0
2026,2021038656,2026-04-02,1700135.0,周東 佑京,23.0,中,12,1.0,1.0,4.0,4.0,0.0,1.0,0.0,0.0,0.0,0.0,0.0,,0.0,1.0,0.0,0.0,0.0,0.0,,,,,,,,,,,,,,,,,,,,,,
2026,2021038656,2026-04-02,1750493.0,西垣 雅矢,49.0,,376,,,,,,,,,,,,,,,,,,,4.0,1.0,0.0,1.0,0.0,4.5,1.0,1.0,,,0.0,1.0,1.0,1.0,1.0,,0.0,0.0,0.0,,4.0,12.0
2026,2021038656,2026-04-02,1760551.0,ボイト,9.0,一,376,1.0,1.0,4.0,4.0,0.0,1.0,0.0,0.0,0.0,0.0,0.0,,0.0,1.0,0.0,0.0,0.0,0.0,,,,,,,,,,,,,,,,,,,,,,
2026,2021038656,2026-04-02,1800117.0,辰己 涼介,8.0,中,376,1.0,1.0,4.0,4.0,0.0,2.0,0.0,0.0,0.0,0.0,0.0,,0.0,0.0,0.0,0.0,0.0,0.0,,,,,,,,,,,,,,,,,,,,,,
2026,2021038656,2026-04-02,1800118.0,太田 光,2.0,捕,376,1.0,0.0,0.0,0.0,0.0,0.0,0.0,0.0,0.0,0.0,0.0,,0.0,0.0,0.0,0.0,0.0,0.0,,,,,,,,,,,,,,,,,,,,,,
2026,2021038656,2026-04-02,1800123.0,小郷 裕哉,51.0,右,376,1.0,1.0,4.0,4.0,2.0,2.0,1.0,0.0,0.0,0.0,0.0,,0.0,0.0,0.0,0.0,0.0,0.0,,,,,,,,,,,,,,,,,,,,,,
2026,2021038656,2026-04-02,1800124.0,鈴木 翔天,56.0,,376,,,,,,,,,,,,,,,,,,,3.0,1.0,0.0,0.0,0.0,0.0,1.0,1.0,,,0.0,0.0,0.0,0.0,0.0,,0.0,0.0,0.0,,3.0,11.0
2026,2021038656,2026-04-02,1900101.0,海野 隆司,62.0,捕,12,1.0,1.0,3.0,2.0,0.0,0.0,0.0,0.0,0.0,1.0,0.0,,0.0,1.0,0.0,0.0,1.0,0.0,,,,,,,,,,,,,,,,,,,,,,
2026,2021038656,2026-04-02,1900104.0,柳町 達,32.0,右,12,1.0,1.0,5.0,5.0,0.0,1.0,0.0,0.0,0.0,0.0,0.0,,0.0,1.0,0.0,0.0,0.0,0.0,,,,,,,,,,,,,,,,,,,,,,
2026,2021038656,2026-04-02,1900112.0,小深田 大翔,0.0,二,376,1.0,1.0,3.0,2.0,0.0,1.0,0.0,0.0,0.0,1.0,0.0,,0.0,0.0,0.0,1.0,0.0,0.0,,,,,,,,,,,,,,,,,,,,,,
2026,2021038656,2026-04-02,1900113.0,黒川 史陽,24.0,三,376,1.0,1.0,4.0,3.0,1.0,0.0,0.0,0.0,0.0,0.0,0.0,,1.0,0.0,0.0,0.0,0.0,0.0,,,,,,,,,,,,,,,,,,,,,,
2026,2021038656,2026-04-02,1950149.0,庄子 雄大,25.0,走,12,1.0,0.0,0.0,0.0,0.0,0.0,0.0,0.0,0.0,0.0,0.0,,0.0,0.0,0.0,0.0,0.0,0.0,,,,,,,,,,,,,,,,,,,,,,
2026,2021038656,2026-04-02,1950278.0,中島 大輔,32.0,左,376,1.0,1.0,4.0,4.0,1.0,1.0,0.0,0.0,1.0,1.0,0.0,,0.0,0.0,0.0,0.0,0.0,0.0,,,,,,,,,,,,,,,,,,,,,,
2026,2021038656,2026-04-02,2000126.0,内 星龍,69.0,,376,,,,,,,,,,,,,,,,,,,2.0,1.0,0.0,0.0,0.0,8.1,1.0,1.0,,,0.0,0.0,0.0,0.0,0.0,,0.0,2.0,0.0,,3.0,13.0
2026,2021038656,2026-04-02,2103740.0,YG安田,55.0,指,376,1.0,1.0,4.0,4.0,0.0,0.0,0.0,0.0,0.0,0.0,0.0,,0.0,0.0,0.0,0.0,0.0,0.0,,,,,,,,,,,,,,,,,,,,,,
2026,2021038656,2026-04-02,2104035.0,野村 勇,99.0,打,12,1.0,0.0,1.0,1.0,1.0,1.0,0.0,0.0,0.0,0.0,0.0,,0.0,0.0,0.0,0.0,0.0,0.0,,,,,,,,,,,,,,,,,,,,,,
2026,2021038656,2026-04-02,2104898.0,大野 稼頭央,60.0,,12,,,,,,,,,,,,,,,,,,,3.0,1.0,0.0,0.0,0.0,0.0,0.3333333333333333,0.1,,,0.0,0.0,0.0,0.0,0.0,,0.0,0.0,0.0,,1.0,4.0
2026,2021038656,2026-04-02,2107851.0,イヒネ イツア,36.0,走,12,1.0,0.0,0.0,0.0,0.0,0.0,0.0,0.0,0.0,0.0,0.0,,0.0,0.0,0.0,0.0,0.0,0.0,,,,,,,,,,,,,,,,,,,,,,
2026,2021038657,2026-04-02,1100061.0,桑原 将志,7.0,左,7,1.0,1.0,4.0,4.0,0.0,1.0,1.0,0.0,0.0,1.0,0.0,,0.0,0.0,0.0,0.0,0.0,0.0,,,,,,,,,,,,,,,,,,,,,,
2026,2021038657,2026-04-02,1300100.0,森 友哉,4.0,捕,11,1.0,1.0,4.0,3.0,1.0,0.0,0.0,0.0,0.0,0.0,0.0,,1.0,2.0,0.0,0.0,0.0,0.0,,,,,,,,,,,,,,,,,,,,,,
2026,2021038657,2026-04-02,1300109.0,若月 健矢,2.0,指,11,1.0,1.0,4.0,3.0,0.0,0.0,0.0,0.0,0.0,0.0,0.0,,0.0,0.0,1.0,0.0,0.0,0.0,,,,,,,,,,,,,,,,,,,,,,
2026,2021038657,2026-04-02,1400184.0,外崎 修汰,5.0,二,7,1.0,1.0,4.0,4.0,0.0,1.0,0.0,0.0,0.0,0.0,0.0,,0.0,0.0,0.0,0.0,0.0,0.0,,,,,,,,,,,,,,,,,,,,,,
2026,2021038657,2026-04-02,1400196.0,宗 佑磨,6.0,三,11,1.0,1.0,5.0,4.0,0.0,1.0,0.0,0.0,0.0,0.0,0.0,,1.0,1.0,0.0,0.0,0.0,0.0,,,,,,,,,,,,,,,,,,,,,,
2026,2021038657,2026-04-02,1500041.0,廣岡 大志,30.0,右,11,1.0,1.0,5.0,4.0,1.0,1.0,0.0,0.0,0.0,0.0,0.0,,1.0,1.0,0.0,0.0,0.0,0.0,,,,,,,,,,,,,,,,,,,,,,
2026,2021038657,2026-04-02,1500096.0,西川 龍馬,7.0,左,11,1.0,1.0,4.0,3.0,1.0,1.0,0.0,0.0,0.0,0.0,0.0,,1.0,0.0,0.0,0.0,0.0,0.0,,,,,,,,,,,,,,,,,,,,,,
2026,2021038657,2026-04-02,1500128.0,大城 滉二,10.0,二,11,1.0,1.0,4.0,4.0,0.0,1.0,0.0,0.0,0.0,2.0,0.0,,0.0,1.0,0.0,0.0,0.0,0.0,,,,,,,,,,,,,,,,,,,,,,
2026,2021038657,2026-04-02,1600129.0,源田 壮亮,6.0,遊,7,1.0,1.0,3.0,3.0,0.0,0.0,0.0,0.0,0.0,0.0,0.0,,0.0,1.0,0.0,0.0,0.0,0.0,,,,,,,,,,,,,,,,,,,,,,
2026,2021038657,2026-04-02,1600155.0,山崎 颯一郎,21.0,,11,,,,,,,,,,,,,,,,,,,2.0,1.0,0.0,1.0,0.0,0.0,1.0,1.0,,,0.0,1.0,0.0,0.0,0.0,,0.0,0.0,0.0,,4.0,16.0
2026,2021038657,2026-04-02,1650221.0,椋木 蓮,15.0,,11,,,,,,,,,,,,,,,,,,,3.0,1.0,0.0,0.0,0.0,0.0,1.0,1.0,,,0.0,0.0,0.0,0.0,0.0,,0.0,1.0,0.0,,3.0,10.0
2026,2021038657,2026-04-02,1660299.0,林 安可,73.0,指,7,1.0,1.0,4.0,4.0,1.0,1.0,0.0,0.0,0.0,0.0,0.0,,0.0,2.0,0.0,0.0,0.0,0.0,,,,,,,,,,,,,,,,,,,,,,
2026,2021038657,2026-04-02,1700122.0,西川 愛也,51.0,打中,7,1.0,0.0,1.0,1.0,0.0,0.0,0.0,0.0,0.0,0.0,0.0,,0.0,1.0,0.0,0.0,0.0,0.0,,,,,,,,,,,,,,,,,,,,,,
2026,2021038657,2026-04-02,1750472.0,古賀 悠斗,22.0,捕,7,1.0,1.0,2.0,2.0,1.0,1.0,0.0,0.0,0.0,0.0,0.0,,0.0,0.0,0.0,0.0,0.0,0.0,,,,,,,,,,,,,,,,,,,,,,
2026,2021038657,2026-04-02,1800098.0,太田 椋,1.0,一,11,1.0,1.0,4.0,4.0,1.0,2.0,1.0,0.0,0.0,2.0,0.0,,0.0,0.0,0.0,0.0,0.0,0.0,,,,,,,,,,,,,,,,,,,,,,
2026,2021038657,2026-04-02,1800104.0,中川 圭太,67.0,中,11,1.0,1.0,4.0,4.0,2.0,3.0,0.0,0.0,1.0,3.0,0.0,,0.0,0.0,0.0,0.0,0.0,0.0,,,,,,,,,,,,,,,,,,,,,,
2026,2021038657,2026-04-02,1900068.0,岸 潤一郎,68.0,中一,7,1.0,1.0,4.0,4.0,0.0,1.0,0.0,0.0,0.0,0.0,0.0,,0.0,2.0,0.0,0.0,0.0,0.0,,,,,,,,,,,,,,,,,,,,,,
2026,2021038657,2026-04-02,1900087.0,宮城 大弥,18.0,,11,,,,,,,,,,,,,,,,,,,1.0,1.0,,1.0,1.0,5.87,6.0,6.0,,,0.0,6.0,3.0,3.0,1.0,,0.0,8.0,0.0,,24.0,87.0
2026,2021038657,2026-04-02,1900088.0,紅林 弘太郎,24.0,遊,11,1.0,1.0,4.0,3.0,0.0,1.0,0.0,0.0,0.0,0.0,0.0,,0.0,0.0,0.0,1.0,0.0,0.0,,,,,,,,,,,,,,,,,,,,,,
2026,2021038657,2026-04-02,1950417.0,渡部 聖弥,8.0,三,7,1.0,1.0,4.0,4.0,1.0,1.0,0.0,0.0,1.0,2.0,0.0,,0.0,2.0,0.0,0.0,0.0,0.0,,,,,,,,,,,,,,,,,,,,,,
2026,2021038657,2026-04-02,1961416.0,マチャド,42.0,,11,,,,,,,,,,,,,,,,,,,4.0,1.0,0.0,0.0,0.0,0.0,1.0,1.0,,,1.0,0.0,0.0,0.0,0.0,,0.0,2.0,0.0,,3.0,12.0
2026,2021038657,2026-04-02,2000075.0,長谷川 信哉,63.0,一,7,1.0,1.0,3.0,3.0,0.0,0.0,0.0,0.0,0.0,0.0,0.0,,0.0,1.0,0.0,0.0,0.0,0.0,,,,,,,,,,,,,,,,,,,,,,
2026,2021038657,2026-04-02,2050145.0,小島 大河,10.0,打捕,7,1.0,0.0,1.0,1.0,0.0,1.0,0.0,0.0,0.0,0.0,0.0,,0.0,0.0,0.0,0.0,0.0,0.0,,,,,,,,,,,,,,,,,,,,,,
2026,2021038657,2026-04-02,2103612.0,黒田 将矢,57.0,,7,,,,,,,,,,,,,,,,,,,4.0,1.0,0.0,0.0,0.0,0.0,1.0,1.0,,,0.0,0.0,0.0,0.0,0.0,,0.0,2.0,0.0,,3.0,18.0
2026,2021038657,2026-04-02,2103625.0,羽田 慎之介,43.0,,7,,,,,,,,,,,,,,,,,,,3.0,1.0,0.0,0.0,0.0,0.0,1.0,1.0,,,0.0,3.0,1.0,0.0,0.0,,1.0,1.0,1.0,,7.0,27.0
2026,2021038657,2026-04-02,2103657.0,菅井 信也,71.0,,7,,,,,,,,,,,,,,,,,,,1.0,1.0,,0.0,1.0,8.44,5.333333333333333,5.1,,,0.0,5.0,5.0,5.0,0.0,,3.0,1.0,0.0,,23.0,79.0
2026,2021038657,2026-04-02,2103747.0,渡部 遼人,0.0,走左,11,1.0,0.0,1.0,1.0,1.0,0.0,0.0,0.0,0.0,0.0,1.0,,0.0,0.0,0.0,0.0,0.0,0.0,,,,,,,,,,,,,,,,,,,,,,
2026,2021038657,2026-04-02,2105503.0,糸川 亮太,23.0,,7,,,,,,,,,,,,,,,,,,,2.0,1.0,0.0,0.0,0.0,6.75,1.6666666666666663,1.2,,,0.0,2.0,1.0,1.0,1.0,,0.0,1.0,0.0,,6.0,23.0
2026,2021038657,2026-04-02,2110153.0,麦谷 祐介,8.0,走指,11,1.0,0.0,0.0,0.0,0.0,0.0,0.0,0.0,0.0,0.0,0.0,,0.0,0.0,0.0,0.0,0.0,0.0,,,,,,,,,,,,,,,,,,,,,,
2026,2021038657,2026-04-02,2117028.0,カナリオ,25.0,右,7,1.0,1.0,4.0,4.0,0.0,0.0,0.0,0.0,0.0,0.0,0.0,,0.0,2.0,0.0,0.0,0.0,0.0,,,,,,,,,,,,,,,,,,,,,,
2026,2021038658,2026-04-03,700003.0,坂本 勇人,6.0,三,1,1.0,1.0,4.0,4.0,0.0,0.0,0.0,0.0,0.0,0.0,0.0,,0.0,0.0,0.0,0.0,0.0,0.0,,,,,,,,,,,,,,,,,,,,,,
2026,2021038658,2026-04-03,800043.0,丸 佳浩,8.0,打,1,1.0,0.0,1.0,1.0,0.0,0.0,0.0,0.0,0.0,0.0,0.0,,0.0,0.0,0.0,0.0,0.0,0.0,,,,,,,,,,,,,,,,,,,,,,
2026,2021038658,2026-04-03,1100095.0,松本 剛,9.0,中,1,1.0,1.0,4.0,4.0,0.0,1.0,0.0,0.0,0.0,0.0,0.0,,0.0,2.0,0.0,0.0,0.0,0.0,,,,,,,,,,,,,,,,,,,,,,
2026,2021038658,2026-04-03,1200053.0,宮崎 敏郎,51.0,三,3,1.0,1.0,5.0,5.0,0.0,1.0,0.0,0.0,0.0,0.0,0.0,,0.0,1.0,0.0,0.0,0.0,0.0,,,,,,,,,,,,,,,,,,,,,,
2026,2021038658,2026-04-03,1400109.0,山崎 康晃,19.0,投,3,1.0,0.0,0.0,0.0,0.0,0.0,0.0,0.0,0.0,0.0,0.0,,0.0,0.0,0.0,0.0,0.0,0.0,3.0,1.0,0.0,0.0,0.0,0.0,1.0,1.0,,,2.0,1.0,0.0,0.0,0.0,,0.0,1.0,0.0,,4.0,17.0
2026,2021038658,2026-04-03,1500052.0,中川 皓太,41.0,投,1,1.0,0.0,0.0,0.0,0.0,0.0,0.0,0.0,0.0,0.0,0.0,,0.0,0.0,0.0,0.0,0.0,0.0,2.0,1.0,0.0,0.0,0.0,3.86,1.0,1.0,,,0.0,0.0,0.0,0.0,0.0,,1.0,1.0,0.0,,4.0,15.0
2026,2021038658,2026-04-03,1561820.0,ダルベック,29.0,一,1,1.0,1.0,4.0,4.0,0.0,0.0,0.0,0.0,0.0,0.0,0.0,,0.0,3.0,0.0,0.0,0.0,0.0,,,,,,,,,,,,,,,,,,,,,,
2026,2021038658,2026-04-03,1600089.0,佐野 恵太,7.0,一,3,1.0,1.0,5.0,5.0,0.0,1.0,0.0,0.0,0.0,0.0,0.0,,0.0,1.0,0.0,0.0,0.0,0.0,,,,,,,,,,,,,,,,,,,,,,
2026,2021038658,2026-04-03,1700043.0,岸田 行倫,27.0,捕,1,1.0,1.0,4.0,4.0,0.0,2.0,0.0,0.0,0.0,1.0,0.0,,0.0,1.0,0.0,0.0,0.0,0.0,,,,,,,,,,,,,,,,,,,,,,
2026,2021038658,2026-04-03,1700044.0,大城 卓三,24.0,打,1,1.0,0.0,1.0,1.0,0.0,0.0,0.0,0.0,0.0,0.0,0.0,,0.0,1.0,0.0,0.0,0.0,0.0,,,,,,,,,,,,,,,,,,,,,,
2026,2021038658,2026-04-03,1700058.0,東 克樹,11.0,投,3,1.0,1.0,4.0,4.0,0.0,0.0,0.0,0.0,0.0,0.0,0.0,,0.0,3.0,0.0,0.0,0.0,0.0,1.0,1.0,,1.0,1.0,2.77,7.0,7.0,,,0.0,5.0,1.0,1.0,0.0,,0.0,9.0,0.0,,26.0,80.0
2026,2021038658,2026-04-03,1700059.0,神里 和毅,8.0,右,3,1.0,0.0,0.0,0.0,0.0,0.0,0.0,0.0,0.0,0.0,0.0,,0.0,0.0,0.0,0.0,0.0,0.0,,,,,,,,,,,,,,,,,,,,,,
2026,2021038658,2026-04-03,1700066.0,山本 祐大,50.0,捕,3,1.0,1.0,5.0,4.0,1.0,2.0,1.0,0.0,0.0,1.0,0.0,,1.0,1.0,0.0,0.0,0.0,0.0,,,,,,,,,,,,,,,,,,,,,,
2026,2021038658,2026-04-03,1750321.0,泉口 友汰,35.0,遊,1,1.0,1.0,4.0,3.0,1.0,2.0,0.0,0.0,0.0,0.0,0.0,,1.0,0.0,0.0,0.0,0.0,0.0,,,,,,,,,,,,,,,,,,,,,,
2026,2021038658,2026-04-03,1800111.0,泉 圭輔,63.0,投,1,1.0,0.0,0.0,0.0,0.0,0.0,0.0,0.0,0.0,0.0,0.0,,0.0,0.0,0.0,0.0,0.0,0.0,4.0,1.0,0.0,0.0,0.0,0.0,1.0,1.0,,,0.0,1.0,0.0,0.0,0.0,,0.0,1.0,0.0,,4.0,21.0
2026,2021038658,2026-04-03,1850208.0,林 琢真,0.0,遊三,3,1.0,1.0,4.0,4.0,0.0,1.0,0.0,0.0,0.0,1.0,0.0,,0.0,2.0,0.0,0.0,0.0,0.0,,,,,,,,,,,,,,,,,,,,,,
2026,2021038658,2026-04-03,1850873.0,度会 隆輝,4.0,左,3,1.0,1.0,5.0,5.0,1.0,0.0,0.0,0.0,0.0,0.0,0.0,,0.0,0.0,0.0,0.0,0.0,0.0,,,,,,,,,,,,,,,,,,,,,,
2026,2021038658,2026-04-03,2000007.0,中山 礼都,40.0,打右,1,1.0,0.0,2.0,2.0,0.0,1.0,1.0,0.0,0.0,0.0,0.0,,0.0,1.0,0.0,0.0,0.0,0.0,,,,,,,,,,,,,,,,,,,,,,
2026,2021038658,2026-04-03,2000035.0,牧 秀悟,2.0,二,3,1.0,1.0,5.0,2.0,1.0,1.0,0.0,0.0,0.0,0.0,0.0,,3.0,0.0,0.0,0.0,0.0,0.0,,,,,,,,,,,,,,,,,,,,,,
2026,2021038658,2026-04-03,2000070.0,若林 楽人,59.0,右左,1,1.0,1.0,4.0,4.0,0.0,1.0,0.0,0.0,0.0,0.0,0.0,,0.0,1.0,0.0,0.0,0.0,0.0,,,,,,,,,,,,,,,,,,,,,,
2026,2021038658,2026-04-03,2101034.0,ヒュンメル,99.0,右,3,1.0,1.0,5.0,4.0,0.0,1.0,0.0,0.0,0.0,1.0,0.0,,1.0,1.0,0.0,0.0,0.0,0.0,,,,,,,,,,,,,,,,,,,,,,
2026,2021038658,2026-04-03,2103703.0,梶原 昂希,58.0,中,3,1.0,1.0,4.0,2.0,0.0,0.0,0.0,0.0,0.0,0.0,1.0,,1.0,0.0,1.0,0.0,0.0,0.0,,,,,,,,,,,,,,,,,,,,,,
2026,2021038658,2026-04-03,2107874.0,門脇 誠,5.0,二,1,1.0,1.0,3.0,3.0,0.0,0.0,0.0,0.0,0.0,0.0,0.0,,0.0,0.0,0.0,0.0,0.0,0.0,,,,,,,,,,,,,,,,,,,,,,
2026,2021038658,2026-04-03,2108022.0,又木 鉄平,46.0,投,1,1.0,0.0,0.0,0.0,0.0,0.0,0.0,0.0,0.0,0.0,0.0,,0.0,0.0,0.0,0.0,0.0,0.0,3.0,1.0,0.0,0.0,0.0,0.0,2.0,2.0,,,0.0,1.0,0.0,0.0,0.0,,1.0,1.0,0.0,,8.0,40.0
2026,2021038658,2026-04-03,2112189.0,石上 泰輝,44.0,走遊,3,1.0,0.0,0.0,0.0,0.0,0.0,0.0,0.0,0.0,0.0,0.0,,0.0,0.0,0.0,0.0,0.0,0.0,,,,,,,,,,,,,,,,,,,,,,
2026,2021038658,2026-04-03,2117433.0,レイノルズ,62.0,投,3,1.0,0.0,0.0,0.0,0.0,0.0,0.0,0.0,0.0,0.0,0.0,,0.0,0.0,0.0,0.0,0.0,0.0,2.0,1.0,0.0,0.0,0.0,0.0,1.0,1.0,,,0.0,1.0,0.0,0.0,0.0,,1.0,3.0,0.0,,5.0,29.0
2026,2021038658,2026-04-03,2118420.0,キャベッジ,13.0,左,1,1.0,1.0,3.0,3.0,0.0,0.0,0.0,0.0,0.0,0.0,0.0,,0.0,3.0,0.0,0.0,0.0,1.0,,,,,,,,,,,,,,,,,,,,,,
2026,2021038658,2026-04-03,2118993.0,竹丸 和幸,21.0,投,1,1.0,1.0,1.0,1.0,0.0,0.0,0.0,0.0,0.0,0.0,0.0,,0.0,1.0,0.0,0.0,0.0,0.0,1.0,1.0,,1.0,1.0,1.64,5.0,5.0,,,0.0,5.0,3.0,1.0,0.0,,4.0,6.0,1.0,,26.0,101.0
2026,2021038659,2026-04-03,1300029.0,田口 麗斗,34.0,投,2,1.0,0.0,0.0,0.0,0.0,0.0,0.0,0.0,0.0,0.0,0.0,,0.0,0.0,0.0,0.0,0.0,0.0,3.0,1.0,0.0,0.0,0.0,0.0,1.0,1.0,,,0.0,1.0,0.0,0.0,0.0,,0.0,2.0,0.0,,4.0,14.0
2026,2021038659,2026-04-03,1500076.0,木下 拓哉,35.0,捕,4,1.0,1.0,4.0,4.0,0.0,1.0,0.0,0.0,0.0,0.0,0.0,,0.0,0.0,0.0,0.0,0.0,0.0,,,,,,,,,,,,,,,,,,,,,,
2026,2021038659,2026-04-03,1500091.0,板山 祐太郎,63.0,右,4,1.0,1.0,4.0,4.0,0.0,1.0,1.0,0.0,0.0,0.0,0.0,,0.0,2.0,0.0,0.0,0.0,0.0,,,,,,,,,,,,,,,,,,,,,,
2026,2021038659,2026-04-03,1561854.0,サノー,23.0,一,4,1.0,1.0,4.0,4.0,0.0,0.0,0.0,0.0,0.0,0.0,0.0,,0.0,2.0,0.0,0.0,0.0,0.0,,,,,,,,,,,,,,,,,,,,,,
2026,2021038659,2026-04-03,1600078.0,古賀 優大,2.0,捕,2,1.0,1.0,3.0,3.0,0.0,0.0,0.0,0.0,0.0,0.0,0.0,,0.0,0.0,0.0,0.0,0.0,0.0,,,,,,,,,,,,,,,,,,,,,,
2026,2021038659,2026-04-03,1600085.0,細川 成也,55.0,左,4,1.0,1.0,4.0,3.0,0.0,1.0,0.0,0.0,0.0,1.0,0.0,,1.0,2.0,0.0,0.0,0.0,0.0,,,,,,,,,,,,,,,,,,,,,,
2026,2021038659,2026-04-03,1600106.0,柳 裕也,17.0,投,4,1.0,1.0,4.0,4.0,0.0,1.0,0.0,0.0,0.0,0.0,0.0,,0.0,0.0,0.0,0.0,0.0,0.0,1.0,1.0,,1.0,0.0,0.6,9.0,9.0,,,0.0,3.0,0.0,0.0,0.0,,1.0,6.0,0.0,,31.0,120.0
2026,2021038659,2026-04-03,1700089.0,宮本 丈,10.0,打,2,1.0,0.0,1.0,1.0,0.0,0.0,0.0,0.0,0.0,0.0,0.0,,0.0,0.0,0.0,0.0,0.0,0.0,,,,,,,,,,,,,,,,,,,,,,
2026,2021038659,2026-04-03,1700131.0,増田 珠,63.0,右,2,1.0,1.0,3.0,3.0,0.0,0.0,0.0,0.0,0.0,0.0,0.0,,0.0,1.0,0.0,0.0,0.0,0.0,,,,,,,,,,,,,,,,,,,,,,
2026,2021038659,2026-04-03,1750223.0,村松 開人,5.0,遊,4,1.0,1.0,4.0,3.0,0.0,1.0,0.0,0.0,0.0,0.0,0.0,,1.0,1.0,0.0,0.0,0.0,0.0,,,,,,,,,,,,,,,,,,,,,,
2026,2021038659,2026-04-03,1750701.0,田中 幹也,2.0,二,4,1.0,1.0,5.0,3.0,1.0,1.0,0.0,0.0,0.0,0.0,0.0,,2.0,0.0,0.0,0.0,0.0,0.0,,,,,,,,,,,,,,,,,,,,,,
2026,2021038659,2026-04-03,1800033.0,清水 昇,17.0,投,2,1.0,0.0,0.0,0.0,0.0,0.0,0.0,0.0,0.0,0.0,0.0,,0.0,0.0,0.0,0.0,0.0,0.0,2.0,1.0,0.0,0.0,0.0,0.0,1.0,1.0,,,0.0,0.0,0.0,0.0,0.0,,0.0,0.0,0.0,,3.0,11.0
2026,2021038659,2026-04-03,1900028.0,長岡 秀樹,7.0,遊,2,1.0,1.0,4.0,4.0,0.0,0.0,0.0,0.0,0.0,0.0,0.0,,0.0,0.0,0.0,0.0,0.0,0.0,,,,,,,,,,,,,,,,,,,,,,
2026,2021038659,2026-04-03,1900029.0,武岡 龍世,60.0,三,2,1.0,1.0,3.0,3.0,0.0,1.0,0.0,0.0,0.0,0.0,0.0,,0.0,1.0,0.0,0.0,0.0,0.0,,,,,,,,,,,,,,,,,,,,,,
2026,2021038659,2026-04-03,1900041.0,岡林 勇希,1.0,中,4,1.0,1.0,3.0,3.0,0.0,1.0,0.0,0.0,0.0,0.0,0.0,,0.0,0.0,0.0,0.0,0.0,0.0,,,,,,,,,,,,,,,,,,,,,,
2026,2021038659,2026-04-03,2000024.0,木澤 尚文,20.0,投,2,1.0,0.0,0.0,0.0,0.0,0.0,0.0,0.0,0.0,0.0,0.0,,0.0,0.0,0.0,0.0,0.0,0.0,4.0,1.0,0.0,0.0,0.0,0.0,1.0,1.0,,,0.0,1.0,0.0,0.0,0.0,,0.0,1.0,0.0,,4.0,8.0
2026,2021038659,2026-04-03,2000031.0,赤羽 由紘,0.0,走,2,1.0,0.0,0.0,0.0,0.0,0.0,0.0,0.0,0.0,0.0,0.0,,0.0,0.0,0.0,0.0,0.0,0.0,,,,,,,,,,,,,,,,,,,,,,
2026,2021038659,2026-04-03,2000133.0,オスナ,13.0,一,2,1.0,1.0,4.0,4.0,0.0,0.0,0.0,0.0,0.0,0.0,0.0,,0.0,0.0,0.0,0.0,0.0,0.0,,,,,,,,,,,,,,,,,,,,,,
2026,2021038659,2026-04-03,2000135.0,サンタナ,25.0,左,2,1.0,1.0,4.0,4.0,0.0,0.0,0.0,0.0,0.0,0.0,0.0,,0.0,2.0,0.0,0.0,0.0,0.0,,,,,,,,,,,,,,,,,,,,,,
2026,2021038659,2026-04-03,2103780.0,福永 裕基,7.0,三,4,1.0,1.0,5.0,5.0,0.0,1.0,0.0,0.0,0.0,0.0,0.0,,0.0,1.0,0.0,0.0,0.0,0.0,,,,,,,,,,,,,,,,,,,,,,
2026,2021038659,2026-04-03,2103794.0,吉村 貢司郎,21.0,投,2,1.0,1.0,1.0,1.0,0.0,0.0,0.0,0.0,0.0,0.0,0.0,,0.0,1.0,0.0,0.0,0.0,0.0,1.0,1.0,,1.0,1.0,2.61,5.0,5.0,,,0.0,6.0,1.0,1.0,0.0,,2.0,6.0,0.0,,23.0,90.0
2026,2021038659,2026-04-03,2103917.0,岩田 幸宏,64.0,中,2,1.0,1.0,3.0,2.0,0.0,0.0,0.0,0.0,0.0,0.0,0.0,,1.0,1.0,0.0,0.0,0.0,0.0,,,,,,,,,,,,,,,,,,,,,,
2026,2021038659,2026-04-03,2105063.0,橋本 星哉,52.0,打,2,1.0,0.0,1.0,1.0,0.0,1.0,1.0,0.0,0.0,0.0,0.0,,0.0,0.0,0.0,0.0,0.0,0.0,,,,,,,,,,,,,,,,,,,,,,
2026,2021038659,2026-04-03,2105626.0,廣澤 優,70.0,投,2,1.0,0.0,0.0,0.0,0.0,0.0,0.0,0.0,0.0,0.0,0.0,,0.0,0.0,0.0,0.0,0.0,0.0,5.0,1.0,0.0,0.0,0.0,0.0,1.0,1.0,,,0.0,0.0,0.0,0.0,0.0,,2.0,0.0,0.0,,5.0,15.0
2026,2021038659,2026-04-03,2107645.0,尾田 剛樹,0.0,走中,4,1.0,0.0,2.0,1.0,0.0,0.0,0.0,0.0,0.0,0.0,0.0,,0.0,1.0,0.0,1.0,0.0,0.0,,,,,,,,,,,,,,,,,,,,,,
2026,2021038659,2026-04-03,2112175.0,伊藤 琉偉,67.0,二,2,1.0,1.0,3.0,3.0,0.0,1.0,0.0,0.0,0.0,0.0,1.0,,0.0,0.0,0.0,0.0,0.0,0.0,,,,,,,,,,,,,,,,,,,,,,
2026,2021038659,2026-04-03,2113365.0,田中 陽翔,54.0,打,2,1.0,0.0,1.0,1.0,0.0,0.0,0.0,0.0,0.0,0.0,0.0,,0.0,0.0,0.0,0.0,0.0,0.0,,,,,,,,,,,,,,,,,,,,,,
2026,2021038660,2026-04-03,1000150.0,秋山 翔吾,9.0,打,6,1.0,0.0,1.0,1.0,1.0,1.0,0.0,0.0,0.0,0.0,0.0,,0.0,0.0,0.0,0.0,0.0,0.0,,,,,,,,,,,,,,,,,,,,,,
2026,2021038660,2026-04-03,1100082.0,菊池 涼介,33.0,二,6,1.0,1.0,3.0,3.0,0.0,0.0,0.0,0.0,0.0,0.0,0.0,,0.0,1.0,0.0,0.0,0.0,0.0,,,,,,,,,,,,,,,,,,,,,,
2026,2021038660,2026-04-03,1300075.0,岩崎 優,13.0,投,5,1.0,0.0,0.0,0.0,0.0,0.0,0.0,0.0,0.0,0.0,0.0,,0.0,0.0,0.0,0.0,0.0,0.0,3.0,1.0,0.0,0.0,0.0,0.0,1.0,1.0,,,3.0,0.0,0.0,0.0,0.0,,0.0,0.0,0.0,,3.0,8.0
2026,2021038660,2026-04-03,1500087.0,坂本 誠志郎,12.0,捕,5,1.0,1.0,4.0,2.0,0.0,0.0,0.0,0.0,0.0,1.0,0.0,,1.0,2.0,0.0,0.0,1.0,0.0,,,,,,,,,,,,,,,,,,,,,,
2026,2021038660,2026-04-03,1600113.0,大山 悠輔,3.0,一,5,1.0,1.0,5.0,5.0,0.0,0.0,0.0,0.0,0.0,0.0,0.0,,0.0,2.0,0.0,0.0,0.0,0.0,,,,,,,,,,,,,,,,,,,,,,
2026,2021038660,2026-04-03,1600123.0,床田 寛樹,19.0,投,6,1.0,1.0,1.0,0.0,0.0,0.0,0.0,0.0,0.0,0.0,0.0,,0.0,0.0,0.0,1.0,0.0,0.0,1.0,1.0,,0.0,1.0,3.27,6.0,6.0,,,0.0,6.0,2.0,2.0,0.0,,2.0,9.0,0.0,,26.0,114.0
2026,2021038660,2026-04-03,1600124.0,坂倉 将吾,31.0,捕,6,1.0,1.0,3.0,2.0,0.0,0.0,0.0,0.0,0.0,0.0,0.0,,1.0,1.0,0.0,0.0,0.0,0.0,,,,,,,,,,,,,,,,,,,,,,
2026,2021038660,2026-04-03,1700068.0,中村 奨成,96.0,右,6,1.0,1.0,4.0,4.0,0.0,1.0,0.0,0.0,0.0,0.0,0.0,,0.0,2.0,0.0,0.0,0.0,0.0,,,,,,,,,,,,,,,,,,,,,,
2026,2021038660,2026-04-03,1800065.0,近本 光司,5.0,中,5,1.0,1.0,5.0,3.0,2.0,3.0,0.0,0.0,0.0,0.0,1.0,,2.0,0.0,0.0,0.0,0.0,0.0,,,,,,,,,,,,,,,,,,,,,,
2026,2021038660,2026-04-03,1800067.0,木浪 聖也,0.0,遊,5,1.0,1.0,4.0,4.0,0.0,1.0,0.0,0.0,0.0,0.0,0.0,,0.0,1.0,0.0,0.0,0.0,0.0,,,,,,,,,,,,,,,,,,,,,,
2026,2021038660,2026-04-03,1800072.0,小園 海斗,5.0,遊,6,1.0,1.0,4.0,4.0,0.0,1.0,0.0,0.0,0.0,1.0,0.0,,0.0,0.0,0.0,0.0,0.0,0.0,,,,,,,,,,,,,,,,,,,,,,
2026,2021038660,2026-04-03,1800079.0,大盛 穂,59.0,中,6,1.0,1.0,4.0,3.0,0.0,0.0,0.0,0.0,0.0,0.0,0.0,,1.0,0.0,0.0,0.0,0.0,0.0,,,,,,,,,,,,,,,,,,,,,,
2026,2021038660,2026-04-03,1850183.0,森下 翔太,1.0,右,5,1.0,1.0,5.0,5.0,1.0,4.0,1.0,0.0,0.0,3.0,1.0,,0.0,0.0,0.0,0.0,0.0,0.0,,,,,,,,,,,,,,,,,,,,,,
2026,2021038660,2026-04-03,1961927.0,モンテロ,95.0,一,6,1.0,1.0,3.0,3.0,1.0,1.0,0.0,0.0,1.0,1.0,0.0,,0.0,0.0,0.0,0.0,0.0,0.0,,,,,,,,,,,,,,,,,,,,,,
2026,2021038660,2026-04-03,2000051.0,佐藤 輝明,8.0,三,5,1.0,1.0,5.0,4.0,0.0,0.0,0.0,0.0,0.0,0.0,0.0,,1.0,0.0,0.0,0.0,0.0,0.0,,,,,,,,,,,,,,,,,,,,,,
2026,2021038660,2026-04-03,2000055.0,村上 頌樹,41.0,投,5,1.0,1.0,3.0,3.0,1.0,1.0,0.0,0.0,0.0,0.0,0.0,,0.0,2.0,0.0,0.0,0.0,0.0,1.0,1.0,,1.0,1.0,2.77,7.0,7.0,,,0.0,3.0,1.0,1.0,0.0,,2.0,6.0,0.0,,25.0,109.0
2026,2021038660,2026-04-03,2000056.0,中野 拓夢,7.0,二,5,1.0,1.0,5.0,4.0,0.0,1.0,0.0,0.0,0.0,0.0,0.0,,0.0,2.0,0.0,1.0,0.0,0.0,,,,,,,,,,,,,,,,,,,,,,
2026,2021038660,2026-04-03,2050203.0,佐々木 泰,10.0,三,6,1.0,1.0,4.0,4.0,0.0,0.0,0.0,0.0,0.0,0.0,0.0,,0.0,2.0,0.0,0.0,0.0,0.0,,,,,,,,,,,,,,,,,,,,,,
2026,2021038660,2026-04-03,2100253.0,中川 勇斗,68.0,打,5,1.0,0.0,1.0,1.0,0.0,0.0,0.0,0.0,0.0,0.0,0.0,,0.0,0.0,0.0,0.0,0.0,0.0,,,,,,,,,,,,,,,,,,,,,,
2026,2021038660,2026-04-03,2103707.0,桐敷 拓馬,47.0,投,5,1.0,0.0,0.0,0.0,0.0,0.0,0.0,0.0,0.0,0.0,0.0,,0.0,0.0,0.0,0.0,0.0,0.0,2.0,1.0,0.0,0.0,0.0,3.0,1.0,1.0,,,0.0,1.0,1.0,1.0,1.0,,0.0,1.0,0.0,,4.0,13.0
2026,2021038660,2026-04-03,2106037.0,辻 大雅,98.0,投,6,1.0,0.0,0.0,0.0,0.0,0.0,0.0,0.0,0.0,0.0,0.0,,0.0,0.0,0.0,0.0,0.0,0.0,3.0,1.0,0.0,0.0,0.0,0.0,1.0,1.0,,,0.0,0.0,0.0,0.0,0.0,,1.0,0.0,0.0,,4.0,13.0
2026,2021038660,2026-04-03,2110148.0,渡邉 悠斗,49.0,打,6,1.0,0.0,1.0,1.0,0.0,0.0,0.0,0.0,0.0,0.0,0.0,,0.0,0.0,0.0,0.0,0.0,0.0,,,,,,,,,,,,,,,,,,,,,,
2026,2021038660,2026-04-03,2110225.0,福島 圭音,92.0,左,5,1.0,1.0,4.0,4.0,0.0,1.0,1.0,0.0,0.0,0.0,0.0,,0.0,1.0,0.0,0.0,0.0,0.0,,,,,,,,,,,,,,,,,,,,,,
2026,2021038660,2026-04-03,2114641.0,赤木 晴哉,38.0,投,6,1.0,0.0,0.0,0.0,0.0,0.0,0.0,0.0,0.0,0.0,0.0,,0.0,0.0,0.0,0.0,0.0,0.0,4.0,1.0,0.0,0.0,0.0,20.25,1.0,1.0,,,0.0,2.0,0.0,0.0,0.0,,0.0,1.0,0.0,,5.0,17.0
2026,2021038660,2026-04-03,2114882.0,ファビアン,61.0,左,6,1.0,1.0,4.0,4.0,0.0,0.0,0.0,0.0,0.0,0.0,0.0,,0.0,1.0,0.0,0.0,0.0,0.0,,,,,,,,,,,,,,,,,,,,,,
2026,2021038660,2026-04-03,2119338.0,齊藤 汰直,11.0,投,6,1.0,0.0,0.0,0.0,0.0,0.0,0.0,0.0,0.0,0.0,0.0,,0.0,0.0,0.0,0.0,0.0,0.0,2.0,1.0,0.0,0.0,0.0,9.0,1.0,1.0,,,0.0,3.0,2.0,2.0,0.0,,1.0,0.0,0.0,,6.0,27.0
2026,2021038661,2026-04-03,1000100.0,西川 遥輝,7.0,中一,8,1.0,1.0,5.0,3.0,1.0,1.0,0.0,0.0,0.0,0.0,0.0,,2.0,0.0,0.0,0.0,0.0,0.0,,,,,,,,,,,,,,,,,,,,,,
2026,2021038661,2026-04-03,1000164.0,島本 浩也,40.0,,8,,,,,,,,,,,,,,,,,,,2.0,1.0,0.0,0.0,0.0,5.4,1.0,1.0,,,0.0,2.0,1.0,1.0,0.0,,0.0,2.0,0.0,,5.0,16.0
2026,2021038661,2026-04-03,1300100.0,森 友哉,4.0,捕,11,1.0,1.0,2.0,1.0,0.0,0.0,0.0,0.0,0.0,0.0,0.0,,1.0,0.0,0.0,0.0,0.0,0.0,,,,,,,,,,,,,,,,,,,,,,
2026,2021038661,2026-04-03,1400196.0,宗 佑磨,6.0,三,11,1.0,1.0,4.0,4.0,0.0,1.0,0.0,0.0,0.0,0.0,0.0,,0.0,2.0,0.0,0.0,0.0,0.0,,,,,,,,,,,,,,,,,,,,,,
2026,2021038661,2026-04-03,1400201.0,西野 真弘,5.0,指,11,1.0,1.0,4.0,4.0,0.0,1.0,0.0,0.0,0.0,0.0,0.0,,0.0,2.0,0.0,0.0,0.0,0.0,,,,,,,,,,,,,,,,,,,,,,
2026,2021038661,2026-04-03,1500041.0,廣岡 大志,30.0,右,11,1.0,1.0,3.0,3.0,0.0,0.0,0.0,0.0,0.0,0.0,0.0,,0.0,2.0,0.0,0.0,0.0,0.0,,,,,,,,,,,,,,,,,,,,,,
2026,2021038661,2026-04-03,1500096.0,西川 龍馬,7.0,左,11,1.0,1.0,3.0,3.0,0.0,1.0,0.0,0.0,0.0,0.0,0.0,,0.0,0.0,0.0,0.0,0.0,0.0,,,,,,,,,,,,,,,,,,,,,,
2026,2021038661,2026-04-03,1600093.0,池田 隆英,52.0,,8,,,,,,,,,,,,,,,,,,,4.0,1.0,0.0,0.0,0.0,0.0,1.0,1.0,,,0.0,0.0,0.0,0.0,0.0,,0.0,0.0,0.0,,3.0,5.0
2026,2021038661,2026-04-03,1650056.0,福永 奨,32.0,打捕,11,1.0,0.0,2.0,2.0,0.0,0.0,0.0,0.0,0.0,0.0,0.0,,0.0,1.0,0.0,0.0,0.0,0.0,,,,,,,,,,,,,,,,,,,,,,
2026,2021038661,2026-04-03,1650722.0,杉澤 龍,33.0,右,11,1.0,0.0,1.0,1.0,0.0,0.0,0.0,0.0,0.0,0.0,0.0,,0.0,0.0,0.0,0.0,0.0,0.0,,,,,,,,,,,,,,,,,,,,,,
2026,2021038661,2026-04-03,1700025.0,清宮 幸太郎,21.0,一,8,1.0,1.0,5.0,5.0,0.0,2.0,0.0,0.0,0.0,1.0,0.0,,0.0,2.0,0.0,0.0,0.0,0.0,,,,,,,,,,,,,,,,,,,,,,
2026,2021038661,2026-04-03,1700106.0,山本 拓実,67.0,,8,,,,,,,,,,,,,,,,,,,3.0,1.0,0.0,0.0,0.0,9.0,1.0,1.0,,,0.0,1.0,2.0,2.0,1.0,,0.0,1.0,1.0,,5.0,13.0
2026,2021038661,2026-04-03,1751068.0,野口 智哉,9.0,三,11,1.0,0.0,1.0,0.0,1.0,0.0,0.0,0.0,0.0,0.0,0.0,,0.0,0.0,1.0,0.0,0.0,0.0,,,,,,,,,,,,,,,,,,,,,,
2026,2021038661,2026-04-03,1800091.0,野村 佑希,5.0,左,8,1.0,1.0,4.0,4.0,2.0,2.0,1.0,0.0,0.0,2.0,0.0,,0.0,0.0,0.0,0.0,0.0,0.0,,,,,,,,,,,,,,,,,,,,,,
2026,2021038661,2026-04-03,1800093.0,万波 中正,66.0,右,8,1.0,1.0,5.0,3.0,1.0,1.0,0.0,0.0,1.0,3.0,0.0,,2.0,1.0,0.0,0.0,0.0,0.0,,,,,,,,,,,,,,,,,,,,,,
2026,2021038661,2026-04-03,1800095.0,田宮 裕涼,64.0,捕,8,1.0,1.0,5.0,4.0,1.0,2.0,2.0,0.0,0.0,0.0,0.0,,0.0,0.0,0.0,1.0,0.0,0.0,,,,,,,,,,,,,,,,,,,,,,
2026,2021038661,2026-04-03,1800098.0,太田 椋,1.0,二,11,1.0,1.0,4.0,4.0,1.0,2.0,0.0,0.0,1.0,2.0,0.0,,0.0,1.0,0.0,0.0,0.0,0.0,,,,,,,,,,,,,,,,,,,,,,
2026,2021038661,2026-04-03,1800104.0,中川 圭太,67.0,中左,11,1.0,1.0,4.0,4.0,1.0,1.0,0.0,0.0,0.0,0.0,0.0,,0.0,0.0,0.0,0.0,0.0,0.0,,,,,,,,,,,,,,,,,,,,,,
2026,2021038661,2026-04-03,1800110.0,水谷 瞬,53.0,左,8,1.0,0.0,1.0,1.0,0.0,0.0,0.0,0.0,0.0,0.0,0.0,,0.0,0.0,0.0,0.0,0.0,0.0,,,,,,,,,,,,,,,,,,,,,,
2026,2021038661,2026-04-03,1850932.0,奈良間 大己,58.0,遊,8,1.0,1.0,4.0,2.0,2.0,1.0,0.0,0.0,0.0,1.0,0.0,,1.0,1.0,1.0,0.0,0.0,0.0,,,,,,,,,,,,,,,,,,,,,,
2026,2021038661,2026-04-03,1851026.0,寺西 成騎,13.0,,11,,,,,,,,,,,,,,,,,,,1.0,1.0,,0.0,1.0,7.71,3.333333333333333,3.1,,,0.0,7.0,6.0,6.0,0.0,,2.0,2.0,1.0,,19.0,61.0
2026,2021038661,2026-04-03,1851204.0,水野 達稀,43.0,二,8,1.0,1.0,5.0,5.0,1.0,2.0,2.0,0.0,0.0,3.0,0.0,,0.0,0.0,0.0,0.0,0.0,0.0,,,,,,,,,,,,,,,,,,,,,,
2026,2021038661,2026-04-03,1900040.0,郡司 裕也,3.0,三,8,1.0,1.0,5.0,4.0,3.0,3.0,0.0,0.0,1.0,1.0,0.0,,1.0,0.0,0.0,0.0,0.0,0.0,,,,,,,,,,,,,,,,,,,,,,
2026,2021038661,2026-04-03,1900088.0,紅林 弘太郎,24.0,遊,11,1.0,1.0,4.0,4.0,0.0,0.0,0.0,0.0,0.0,0.0,0.0,,0.0,0.0,0.0,0.0,0.0,0.0,,,,,,,,,,,,,,,,,,,,,,
2026,2021038661,2026-04-03,1900092.0,佐藤 一磨,93.0,,11,,,,,,,,,,,,,,,,,,,5.0,1.0,0.0,0.0,0.0,4.5,2.0,2.0,,,0.0,2.0,1.0,1.0,1.0,,1.0,1.0,0.0,,9.0,39.0
2026,2021038661,2026-04-03,2000079.0,伊藤 大海,17.0,,8,,,,,,,,,,,,,,,,,,,1.0,1.0,,1.0,0.0,3.86,6.0,6.0,,,0.0,4.0,0.0,0.0,0.0,,1.0,5.0,1.0,,23.0,101.0
2026,2021038661,2026-04-03,2000080.0,五十幡 亮汰,50.0,中,8,1.0,0.0,0.0,0.0,0.0,0.0,0.0,0.0,0.0,0.0,0.0,,0.0,0.0,0.0,0.0,0.0,0.0,,,,,,,,,,,,,,,,,,,,,,
2026,2021038661,2026-04-03,2102649.0,高谷 舟,43.0,,11,,,,,,,,,,,,,,,,,,,4.0,1.0,0.0,0.0,0.0,45.0,1.0,1.0,,,0.0,5.0,5.0,5.0,1.0,,1.0,1.0,0.0,,9.0,38.0
2026,2021038661,2026-04-03,2103793.0,横山 楓,52.0,,11,,,,,,,,,,,,,,,,,,,2.0,1.0,0.0,0.0,0.0,0.0,0.6666666666666666,0.2,,,0.0,1.0,0.0,0.0,0.0,,0.0,1.0,0.0,,3.0,11.0
2026,2021038661,2026-04-03,2107900.0,吉田 賢吾,60.0,指,8,1.0,1.0,5.0,5.0,1.0,1.0,0.0,1.0,0.0,1.0,0.0,,0.0,1.0,0.0,0.0,0.0,0.0,,,,,,,,,,,,,,,,,,,,,,
2026,2021038661,2026-04-03,2108090.0,カストロ,6.0,打遊,8,1.0,0.0,1.0,1.0,0.0,0.0,0.0,0.0,0.0,0.0,0.0,,0.0,1.0,0.0,0.0,0.0,0.0,,,,,,,,,,,,,,,,,,,,,,
2026,2021038661,2026-04-03,2110153.0,麦谷 祐介,8.0,中,11,1.0,0.0,0.0,0.0,0.0,0.0,0.0,0.0,0.0,0.0,0.0,,0.0,0.0,0.0,0.0,0.0,0.0,,,,,,,,,,,,,,,,,,,,,,
2026,2021038661,2026-04-03,2111998.0,東松 快征,48.0,,11,,,,,,,,,,,,,,,,,,,3.0,1.0,0.0,0.0,0.0,0.0,1.0,1.0,,,0.0,0.0,0.0,0.0,0.0,,2.0,1.0,0.0,,5.0,22.0
2026,2021038661,2026-04-03,2117200.0,シーモア,45.0,一,11,1.0,1.0,4.0,3.0,0.0,1.0,1.0,0.0,0.0,1.0,0.0,,0.0,0.0,1.0,0.0,0.0,0.0,,,,,,,,,,,,,,,,,,,,,,
2026,2021038662,2026-04-03,1100061.0,桑原 将志,7.0,左,7,1.0,1.0,4.0,3.0,0.0,1.0,0.0,0.0,0.0,0.0,0.0,,1.0,0.0,0.0,0.0,0.0,0.0,,,,,,,,,,,,,,,,,,,,,,
2026,2021038662,2026-04-03,1100103.0,鈴木 大地,7.0,三,376,1.0,0.0,1.0,1.0,0.0,0.0,0.0,0.0,0.0,0.0,0.0,,0.0,1.0,0.0,0.0,0.0,0.0,,,,,,,,,,,,,,,,,,,,,,
2026,2021038662,2026-04-03,1300061.0,中村 祐太,58.0,,7,,,,,,,,,,,,,,,,,,,3.0,1.0,0.0,0.0,0.0,3.0,2.0,2.0,,,0.0,1.0,0.0,0.0,0.0,,0.0,2.0,0.0,,7.0,29.0
2026,2021038662,2026-04-03,1400184.0,外崎 修汰,5.0,二,7,1.0,1.0,4.0,4.0,0.0,1.0,0.0,0.0,0.0,1.0,0.0,,0.0,1.0,0.0,0.0,0.0,0.0,,,,,,,,,,,,,,,,,,,,,,
2026,2021038662,2026-04-03,1600007.0,村林 一輝,6.0,遊,376,1.0,1.0,4.0,4.0,0.0,1.0,0.0,0.0,0.0,1.0,0.0,,0.0,1.0,0.0,0.0,0.0,0.0,,,,,,,,,,,,,,,,,,,,,,
2026,2021038662,2026-04-03,1600092.0,藤平 尚真,46.0,,376,,,,,,,,,,,,,,,,,,,3.0,1.0,0.0,0.0,0.0,3.0,1.0,1.0,,,2.0,0.0,0.0,0.0,0.0,,0.0,1.0,0.0,,3.0,11.0
2026,2021038662,2026-04-03,1600134.0,石井 一成,4.0,打,7,1.0,0.0,1.0,1.0,0.0,0.0,0.0,0.0,0.0,0.0,0.0,,0.0,1.0,0.0,0.0,0.0,0.0,,,,,,,,,,,,,,,,,,,,,,
2026,2021038662,2026-04-03,1660299.0,林 安可,73.0,指,7,1.0,1.0,4.0,4.0,1.0,1.0,1.0,0.0,0.0,0.0,0.0,,0.0,1.0,0.0,0.0,0.0,0.0,,,,,,,,,,,,,,,,,,,,,,
2026,2021038662,2026-04-03,1700122.0,西川 愛也,51.0,中,7,1.0,1.0,3.0,3.0,0.0,0.0,0.0,0.0,0.0,0.0,0.0,,0.0,1.0,0.0,0.0,0.0,0.0,,,,,,,,,,,,,,,,,,,,,,
2026,2021038662,2026-04-03,1750493.0,西垣 雅矢,49.0,,376,,,,,,,,,,,,,,,,,,,2.0,1.0,0.0,1.0,0.0,3.0,1.0,1.0,,,0.0,0.0,0.0,0.0,0.0,,0.0,0.0,0.0,,3.0,13.0
2026,2021038662,2026-04-03,1760551.0,ボイト,9.0,一,376,1.0,1.0,3.0,2.0,1.0,1.0,1.0,0.0,0.0,0.0,0.0,,1.0,0.0,0.0,0.0,0.0,0.0,,,,,,,,,,,,,,,,,,,,,,
2026,2021038662,2026-04-03,1800081.0,渡邉 勇太朗,12.0,,7,,,,,,,,,,,,,,,,,,,1.0,1.0,,0.0,2.0,5.54,6.0,6.0,,,0.0,7.0,6.0,6.0,1.0,,2.0,3.0,0.0,,26.0,108.0
2026,2021038662,2026-04-03,1800117.0,辰己 涼介,8.0,中,376,1.0,1.0,4.0,4.0,1.0,1.0,0.0,0.0,0.0,1.0,0.0,,0.0,1.0,0.0,0.0,0.0,0.0,,,,,,,,,,,,,,,,,,,,,,
2026,2021038662,2026-04-03,1800118.0,太田 光,2.0,捕,376,1.0,1.0,4.0,4.0,0.0,0.0,0.0,0.0,0.0,0.0,0.0,,0.0,0.0,0.0,0.0,0.0,0.0,,,,,,,,,,,,,,,,,,,,,,
2026,2021038662,2026-04-03,1800123.0,小郷 裕哉,51.0,右,376,1.0,1.0,4.0,3.0,0.0,1.0,0.0,0.0,0.0,0.0,0.0,,0.0,1.0,0.0,1.0,0.0,0.0,,,,,,,,,,,,,,,,,,,,,,
2026,2021038662,2026-04-03,1900062.0,浜屋 将太,90.0,,7,,,,,,,,,,,,,,,,,,,2.0,1.0,0.0,0.0,0.0,0.0,1.0,1.0,,,0.0,0.0,0.0,0.0,0.0,,1.0,0.0,0.0,,3.0,17.0
2026,2021038662,2026-04-03,1900112.0,小深田 大翔,0.0,二,376,1.0,1.0,4.0,2.0,0.0,0.0,0.0,0.0,0.0,0.0,0.0,,2.0,0.0,0.0,0.0,0.0,0.0,,,,,,,,,,,,,,,,,,,,,,
2026,2021038662,2026-04-03,1900113.0,黒川 史陽,24.0,三一,376,1.0,1.0,4.0,4.0,1.0,2.0,0.0,0.0,1.0,3.0,0.0,,0.0,0.0,0.0,0.0,0.0,0.0,,,,,,,,,,,,,,,,,,,,,,
2026,2021038662,2026-04-03,1950278.0,中島 大輔,32.0,左,376,1.0,1.0,4.0,3.0,1.0,1.0,0.0,1.0,0.0,0.0,0.0,,0.0,1.0,0.0,1.0,0.0,1.0,,,,,,,,,,,,,,,,,,,,,,
2026,2021038662,2026-04-03,1950417.0,渡部 聖弥,8.0,三,7,1.0,1.0,4.0,3.0,1.0,1.0,0.0,0.0,0.0,0.0,0.0,,1.0,0.0,0.0,0.0,0.0,0.0,,,,,,,,,,,,,,,,,,,,,,
2026,2021038662,2026-04-03,2000069.0,山村 崇嘉,32.0,一,7,1.0,1.0,4.0,4.0,0.0,0.0,0.0,0.0,0.0,0.0,0.0,,0.0,2.0,0.0,0.0,0.0,0.0,,,,,,,,,,,,,,,,,,,,,,
2026,2021038662,2026-04-03,2050145.0,小島 大河,10.0,捕,7,1.0,1.0,4.0,4.0,1.0,2.0,1.0,0.0,0.0,0.0,0.0,,0.0,0.0,0.0,0.0,0.0,0.0,,,,,,,,,,,,,,,,,,,,,,
2026,2021038662,2026-04-03,2103618.0,滝澤 夏央,62.0,遊,7,1.0,1.0,4.0,3.0,0.0,0.0,0.0,0.0,0.0,0.0,0.0,,0.0,0.0,0.0,1.0,0.0,0.0,,,,,,,,,,,,,,,,,,,,,,
2026,2021038662,2026-04-03,2103740.0,YG安田,55.0,指,376,1.0,1.0,4.0,4.0,1.0,1.0,0.0,1.0,0.0,1.0,0.0,,0.0,0.0,0.0,0.0,0.0,0.0,,,,,,,,,,,,,,,,,,,,,,
2026,2021038662,2026-04-03,2105283.0,平良 竜哉,48.0,走,376,1.0,0.0,0.0,0.0,1.0,0.0,0.0,0.0,0.0,0.0,0.0,,0.0,0.0,0.0,0.0,0.0,0.0,,,,,,,,,,,,,,,,,,,,,,
2026,2021038662,2026-04-03,2106793.0,荘司 康誠,19.0,,376,,,,,,,,,,,,,,,,,,,1.0,1.0,,2.0,0.0,1.8,7.0,7.0,,,0.0,7.0,3.0,3.0,0.0,,2.0,6.0,0.0,,30.0,108.0
2026,2021038662,2026-04-03,2117028.0,カナリオ,25.0,右,7,1.0,1.0,4.0,4.0,0.0,1.0,0.0,0.0,0.0,2.0,0.0,,0.0,1.0,0.0,0.0,0.0,0.0,,,,,,,,,,,,,,,,,,,,,,
2026,2021038663,2026-04-03,1000128.0,柳田 悠岐,9.0,指,12,1.0,1.0,4.0,4.0,0.0,0.0,0.0,0.0,0.0,0.0,0.0,,0.0,1.0,0.0,0.0,0.0,0.0,,,,,,,,,,,,,,,,,,,,,,
2026,2021038663,2026-04-03,1000175.0,牧原 大成,8.0,二,12,1.0,1.0,4.0,4.0,0.0,0.0,0.0,0.0,0.0,0.0,0.0,,0.0,1.0,0.0,0.0,0.0,0.0,,,,,,,,,,,,,,,,,,,,,,
2026,2021038663,2026-04-03,1100097.0,近藤 健介,3.0,左,12,1.0,1.0,4.0,4.0,0.0,0.0,0.0,0.0,0.0,0.0,0.0,,0.0,0.0,0.0,0.0,0.0,1.0,,,,,,,,,,,,,,,,,,,,,,
2026,2021038663,2026-04-03,1100099.0,上沢 直之,10.0,,12,,,,,,,,,,,,,,,,,,,1.0,1.0,,0.0,0.0,1.38,8.0,8.0,,,0.0,5.0,0.0,0.0,0.0,,2.0,9.0,0.0,,32.0,117.0
2026,2021038663,2026-04-03,1300044.0,岡 大海,25.0,中一,9,1.0,1.0,5.0,5.0,0.0,1.0,0.0,0.0,0.0,0.0,1.0,,0.0,2.0,0.0,0.0,0.0,0.0,,,,,,,,,,,,,,,,,,,,,,
2026,2021038663,2026-04-03,1300101.0,山川 穂高,5.0,一,12,1.0,1.0,4.0,4.0,1.0,1.0,0.0,0.0,0.0,0.0,0.0,,0.0,1.0,0.0,0.0,0.0,0.0,,,,,,,,,,,,,,,,,,,,,,
2026,2021038663,2026-04-03,1400127.0,栗原 陵矢,24.0,三,12,1.0,1.0,4.0,3.0,1.0,2.0,0.0,0.0,1.0,2.0,0.0,,1.0,1.0,0.0,0.0,0.0,0.0,,,,,,,,,,,,,,,,,,,,,,
2026,2021038663,2026-04-03,1460080.0,ポランコ,22.0,打,9,1.0,0.0,1.0,1.0,0.0,1.0,0.0,0.0,0.0,0.0,0.0,,0.0,0.0,0.0,0.0,0.0,0.0,,,,,,,,,,,,,,,,,,,,,,
2026,2021038663,2026-04-03,1600157.0,澤田 圭佑,54.0,,9,,,,,,,,,,,,,,,,,,,3.0,1.0,0.0,1.0,0.0,0.0,1.0,1.0,,,0.0,0.0,0.0,0.0,0.0,,0.0,2.0,0.0,,3.0,15.0
2026,2021038663,2026-04-03,1700020.0,ソト,99.0,指,9,1.0,1.0,4.0,4.0,1.0,1.0,0.0,0.0,0.0,0.0,0.0,,0.0,0.0,0.0,0.0,0.0,0.0,,,,,,,,,,,,,,,,,,,,,,
2026,2021038663,2026-04-03,1700135.0,周東 佑京,23.0,中,12,1.0,1.0,3.0,3.0,0.0,1.0,0.0,0.0,0.0,0.0,0.0,,0.0,0.0,0.0,0.0,0.0,0.0,,,,,,,,,,,,,,,,,,,,,,
2026,2021038663,2026-04-03,1800050.0,藤原 恭大,1.0,右,9,1.0,1.0,5.0,5.0,0.0,2.0,1.0,0.0,0.0,2.0,0.0,,0.0,1.0,0.0,0.0,0.0,0.0,,,,,,,,,,,,,,,,,,,,,,
2026,2021038663,2026-04-03,1800053.0,山口 航輝,51.0,一,9,1.0,1.0,3.0,3.0,0.0,0.0,0.0,0.0,0.0,0.0,0.0,,0.0,0.0,0.0,0.0,0.0,0.0,,,,,,,,,,,,,,,,,,,,,,
2026,2021038663,2026-04-03,1800107.0,杉山 一樹,40.0,,12,,,,,,,,,,,,,,,,,,,2.0,1.0,0.0,0.0,1.0,12.27,0.6666666666666666,0.2,,,2.0,3.0,3.0,3.0,0.0,,1.0,1.0,0.0,,6.0,20.0
2026,2021038663,2026-04-03,1900081.0,佐藤 都志也,32.0,打,9,1.0,0.0,1.0,0.0,0.0,0.0,0.0,0.0,0.0,0.0,0.0,,1.0,0.0,0.0,0.0,0.0,0.0,,,,,,,,,,,,,,,,,,,,,,
2026,2021038663,2026-04-03,1900082.0,高部 瑛斗,0.0,打中,9,1.0,0.0,2.0,1.0,1.0,1.0,0.0,0.0,0.0,1.0,0.0,,1.0,0.0,0.0,0.0,0.0,0.0,,,,,,,,,,,,,,,,,,,,,,
2026,2021038663,2026-04-03,1900101.0,海野 隆司,62.0,捕,12,1.0,1.0,4.0,4.0,0.0,0.0,0.0,0.0,0.0,0.0,0.0,,0.0,1.0,0.0,0.0,0.0,0.0,,,,,,,,,,,,,,,,,,,,,,
2026,2021038663,2026-04-03,1900104.0,柳町 達,32.0,右,12,1.0,1.0,4.0,4.0,0.0,1.0,0.0,0.0,0.0,0.0,0.0,,0.0,1.0,0.0,0.0,0.0,0.0,,,,,,,,,,,,,,,,,,,,,,
2026,2021038663,2026-04-03,1950286.0,西川 史礁,6.0,左,9,1.0,1.0,4.0,4.0,0.0,2.0,0.0,0.0,0.0,0.0,0.0,,0.0,2.0,0.0,0.0,0.0,0.0,,,,,,,,,,,,,,,,,,,,,,
2026,2021038663,2026-04-03,2000089.0,小川 龍成,57.0,遊二,9,1.0,1.0,2.0,2.0,0.0,0.0,0.0,0.0,0.0,0.0,0.0,,0.0,0.0,0.0,0.0,0.0,0.0,,,,,,,,,,,,,,,,,,,,,,
2026,2021038663,2026-04-03,2000094.0,山本 大斗,61.0,打,9,1.0,0.0,1.0,0.0,1.0,0.0,0.0,0.0,0.0,0.0,0.0,,1.0,0.0,0.0,0.0,0.0,0.0,,,,,,,,,,,,,,,,,,,,,,
2026,2021038663,2026-04-03,2100346.0,松川 虎生,2.0,捕,9,1.0,1.0,3.0,3.0,0.0,0.0,0.0,0.0,0.0,0.0,0.0,,0.0,2.0,0.0,0.0,0.0,0.0,,,,,,,,,,,,,,,,,,,,,,
2026,2021038663,2026-04-03,2100442.0,毛利 海大,13.0,,9,,,,,,,,,,,,,,,,,,,1.0,1.0,,1.0,0.0,1.5,7.0,7.0,,,0.0,5.0,2.0,2.0,1.0,,1.0,5.0,0.0,,27.0,91.0
2026,2021038663,2026-04-03,2101204.0,ロング,73.0,,9,,,,,,,,,,,,,,,,,,,2.0,1.0,0.0,0.0,0.0,0.0,1.0,1.0,,,0.0,0.0,0.0,0.0,0.0,,0.0,0.0,0.0,,5.0,19.0
2026,2021038663,2026-04-03,2102926.0,寺地 隆成,65.0,三,9,1.0,1.0,4.0,4.0,0.0,0.0,0.0,0.0,0.0,0.0,0.0,,0.0,1.0,0.0,0.0,0.0,0.0,,,,,,,,,,,,,,,,,,,,,,
2026,2021038663,2026-04-03,2103693.0,池田 来翔,0.0,走二,9,1.0,0.0,0.0,0.0,0.0,0.0,0.0,0.0,0.0,0.0,0.0,,0.0,0.0,0.0,0.0,0.0,0.0,,,,,,,,,,,,,,,,,,,,,,
2026,2021038663,2026-04-03,2104035.0,野村 勇,99.0,遊,12,1.0,1.0,4.0,4.0,0.0,0.0,0.0,0.0,0.0,0.0,0.0,,0.0,1.0,0.0,0.0,0.0,0.0,,,,,,,,,,,,,,,,,,,,,,
2026,2021038663,2026-04-03,2106798.0,友杉 篤輝,4.0,走遊,9,1.0,0.0,1.0,1.0,0.0,0.0,0.0,0.0,0.0,0.0,0.0,,0.0,1.0,0.0,0.0,0.0,2.0,,,,,,,,,,,,,,,,,,,,,,
2026,2021038663,2026-04-03,2117855.0,宮崎 竜成,44.0,二,9,1.0,1.0,2.0,2.0,0.0,0.0,0.0,0.0,0.0,0.0,0.0,,0.0,1.0,0.0,0.0,0.0,0.0,,,,,,,,,,,,,,,,,,,,,,
2026,2021038664,2026-04-04,700003.0,坂本 勇人,6.0,打,1,1.0,0.0,1.0,1.0,0.0,0.0,0.0,0.0,0.0,0.0,0.0,,0.0,0.0,0.0,0.0,0.0,0.0,,,,,,,,,,,,,,,,,,,,,,
2026,2021038664,2026-04-04,1000002.0,筒香 嘉智,25.0,三,3,1.0,1.0,4.0,3.0,1.0,1.0,0.0,0.0,0.0,0.0,0.0,,0.0,1.0,1.0,0.0,0.0,0.0,,,,,,,,,,,,,,,,,,,,,,
2026,2021038664,2026-04-04,1100095.0,松本 剛,9.0,中,1,1.0,0.0,1.0,1.0,0.0,0.0,0.0,0.0,0.0,0.0,0.0,,0.0,0.0,0.0,0.0,0.0,0.0,,,,,,,,,,,,,,,,,,,,,,
2026,2021038664,2026-04-04,1450689.0,船迫 大雅,58.0,投,1,1.0,0.0,0.0,0.0,0.0,0.0,0.0,0.0,0.0,0.0,0.0,,0.0,0.0,0.0,0.0,0.0,0.0,7.0,1.0,0.0,0.0,1.0,4.91,1.0,1.0,,,0.0,1.0,0.0,0.0,0.0,,0.0,2.0,0.0,,4.0,15.0
2026,2021038664,2026-04-04,1500064.0,戸柱 恭孝,10.0,捕,3,1.0,0.0,0.0,0.0,0.0,0.0,0.0,0.0,0.0,0.0,0.0,,0.0,0.0,0.0,0.0,0.0,0.0,,,,,,,,,,,,,,,,,,,,,,
2026,2021038664,2026-04-04,1561820.0,ダルベック,29.0,三,1,1.0,1.0,5.0,3.0,1.0,2.0,2.0,0.0,0.0,0.0,0.0,,2.0,1.0,0.0,0.0,0.0,0.0,,,,,,,,,,,,,,,,,,,,,,
2026,2021038664,2026-04-04,1600021.0,ビシエド,66.0,打,3,1.0,0.0,1.0,1.0,0.0,0.0,0.0,0.0,0.0,0.0,0.0,,0.0,1.0,0.0,0.0,0.0,0.0,,,,,,,,,,,,,,,,,,,,,,
2026,2021038664,2026-04-04,1600072.0,堀岡 隼人,92.0,投,3,1.0,0.0,0.0,0.0,0.0,0.0,0.0,0.0,0.0,0.0,0.0,,0.0,0.0,0.0,0.0,0.0,0.0,5.0,1.0,0.0,0.0,0.0,0.0,1.0,1.0,,,0.0,1.0,0.0,0.0,0.0,,1.0,1.0,0.0,,5.0,23.0
2026,2021038664,2026-04-04,1600089.0,佐野 恵太,7.0,一,3,1.0,1.0,5.0,5.0,1.0,2.0,1.0,0.0,0.0,1.0,0.0,,0.0,1.0,0.0,0.0,0.0,0.0,,,,,,,,,,,,,,,,,,,,,,
2026,2021038664,2026-04-04,1600107.0,京田 陽太,9.0,走三,3,1.0,0.0,1.0,1.0,0.0,0.0,0.0,0.0,0.0,0.0,0.0,,0.0,1.0,0.0,0.0,0.0,0.0,,,,,,,,,,,,,,,,,,,,,,
2026,2021038664,2026-04-04,1700027.0,田中 瑛斗,45.0,投,1,1.0,0.0,0.0,0.0,0.0,0.0,0.0,0.0,0.0,0.0,0.0,,0.0,0.0,0.0,0.0,0.0,0.0,4.0,1.0,0.0,1.0,0.0,0.0,1.0,1.0,,,1.0,1.0,0.0,0.0,0.0,,0.0,0.0,1.0,,5.0,16.0
2026,2021038664,2026-04-04,1700029.0,北浦 竜次,56.0,投,1,1.0,0.0,0.0,0.0,0.0,0.0,0.0,0.0,0.0,0.0,0.0,,0.0,0.0,0.0,0.0,0.0,0.0,5.0,1.0,0.0,0.0,0.0,10.8,0.6666666666666666,0.2,,,0.0,1.0,0.0,0.0,0.0,,1.0,1.0,0.0,,4.0,22.0
2026,2021038664,2026-04-04,1700043.0,岸田 行倫,27.0,捕,1,1.0,1.0,5.0,4.0,0.0,1.0,0.0,0.0,0.0,2.0,0.0,,0.0,0.0,0.0,0.0,1.0,0.0,,,,,,,,,,,,,,,,,,,,,,
2026,2021038664,2026-04-04,1700044.0,大城 卓三,24.0,打,1,1.0,0.0,1.0,1.0,0.0,0.0,0.0,0.0,0.0,0.0,0.0,,0.0,0.0,0.0,0.0,0.0,0.0,,,,,,,,,,,,,,,,,,,,,,
2026,2021038664,2026-04-04,1700059.0,神里 和毅,8.0,打,3,1.0,0.0,1.0,1.0,0.0,0.0,0.0,0.0,0.0,0.0,0.0,,0.0,1.0,0.0,0.0,0.0,0.0,,,,,,,,,,,,,,,,,,,,,,
2026,2021038664,2026-04-04,1750321.0,泉口 友汰,35.0,遊,1,1.0,1.0,5.0,4.0,2.0,1.0,0.0,0.0,1.0,2.0,0.0,,1.0,1.0,0.0,0.0,0.0,0.0,,,,,,,,,,,,,,,,,,,,,,
2026,2021038664,2026-04-04,1800024.0,増田 陸,61.0,一,1,1.0,1.0,5.0,5.0,1.0,2.0,0.0,0.0,1.0,2.0,0.0,,0.0,0.0,0.0,0.0,0.0,0.0,,,,,,,,,,,,,,,,,,,,,,
2026,2021038664,2026-04-04,1850208.0,林 琢真,0.0,遊,3,1.0,1.0,4.0,2.0,0.0,1.0,0.0,0.0,0.0,0.0,0.0,,2.0,0.0,0.0,0.0,0.0,0.0,,,,,,,,,,,,,,,,,,,,,,
2026,2021038664,2026-04-04,1850873.0,度会 隆輝,4.0,左,3,1.0,1.0,5.0,5.0,0.0,2.0,1.0,0.0,0.0,0.0,0.0,,0.0,1.0,0.0,0.0,0.0,0.0,,,,,,,,,,,,,,,,,,,,,,
2026,2021038664,2026-04-04,1900035.0,蝦名 達夫,61.0,打,3,1.0,0.0,1.0,0.0,0.0,0.0,0.0,0.0,0.0,0.0,0.0,,1.0,0.0,0.0,0.0,0.0,0.0,,,,,,,,,,,,,,,,,,,,,,
2026,2021038664,2026-04-04,1951153.0,浦田 俊輔,32.0,二,1,1.0,1.0,5.0,4.0,2.0,3.0,2.0,0.0,0.0,0.0,1.0,,1.0,0.0,0.0,0.0,0.0,0.0,,,,,,,,,,,,,,,,,,,,,,
2026,2021038664,2026-04-04,1961886.0,ハワード,28.0,投,1,1.0,1.0,1.0,1.0,0.0,0.0,0.0,0.0,0.0,0.0,0.0,,0.0,1.0,0.0,0.0,0.0,0.0,1.0,1.0,,0.0,1.0,3.86,3.333333333333333,3.1,,,0.0,5.0,4.0,4.0,0.0,,3.0,7.0,0.0,,18.0,84.0
2026,2021038664,2026-04-04,2000007.0,中山 礼都,40.0,右,1,1.0,1.0,5.0,4.0,0.0,0.0,0.0,0.0,0.0,0.0,0.0,,1.0,1.0,0.0,0.0,0.0,0.0,,,,,,,,,,,,,,,,,,,,,,
2026,2021038664,2026-04-04,2000034.0,入江 大生,22.0,投,3,1.0,1.0,2.0,1.0,0.0,0.0,0.0,0.0,0.0,0.0,0.0,,0.0,0.0,0.0,1.0,0.0,0.0,1.0,1.0,,0.0,1.0,9.0,4.0,4.0,,,0.0,7.0,4.0,4.0,2.0,,2.0,2.0,0.0,,21.0,74.0
2026,2021038664,2026-04-04,2000035.0,牧 秀悟,2.0,二,3,1.0,1.0,5.0,4.0,1.0,1.0,0.0,0.0,0.0,1.0,0.0,,0.0,1.0,0.0,0.0,1.0,0.0,,,,,,,,,,,,,,,,,,,,,,
2026,2021038664,2026-04-04,2000099.0,中川 颯,53.0,投,3,1.0,0.0,0.0,0.0,0.0,0.0,0.0,0.0,0.0,0.0,0.0,,0.0,0.0,0.0,0.0,0.0,0.0,4.0,1.0,0.0,0.0,0.0,0.0,1.0,1.0,,,0.0,2.0,0.0,0.0,0.0,,1.0,1.0,0.0,,5.0,13.0
2026,2021038664,2026-04-04,2100277.0,松尾 汐恩,5.0,捕,3,1.0,1.0,4.0,3.0,0.0,0.0,0.0,0.0,0.0,0.0,0.0,,1.0,1.0,0.0,0.0,0.0,0.0,,,,,,,,,,,,,,,,,,,,,,
2026,2021038664,2026-04-04,2101034.0,ヒュンメル,99.0,右,3,1.0,1.0,4.0,4.0,0.0,1.0,1.0,0.0,0.0,2.0,0.0,,0.0,2.0,0.0,0.0,0.0,0.0,,,,,,,,,,,,,,,,,,,,,,
2026,2021038664,2026-04-04,2103689.0,赤星 優志,31.0,投,1,1.0,0.0,0.0,0.0,0.0,0.0,0.0,0.0,0.0,0.0,0.0,,0.0,0.0,0.0,0.0,0.0,0.0,3.0,1.0,0.0,1.0,0.0,0.0,2.0,2.0,,,0.0,2.0,0.0,0.0,0.0,,0.0,2.0,0.0,,7.0,39.0
2026,2021038664,2026-04-04,2103697.0,大勢,15.0,投,1,1.0,0.0,0.0,0.0,0.0,0.0,0.0,0.0,0.0,0.0,0.0,,0.0,0.0,0.0,0.0,0.0,0.0,6.0,1.0,0.0,0.0,0.0,0.0,0.3333333333333333,0.1,,,2.0,0.0,0.0,0.0,0.0,,0.0,0.0,0.0,,1.0,4.0
2026,2021038664,2026-04-04,2103703.0,梶原 昂希,58.0,中,3,1.0,1.0,4.0,4.0,1.0,2.0,1.0,0.0,0.0,0.0,0.0,,0.0,2.0,0.0,0.0,0.0,0.0,,,,,,,,,,,,,,,,,,,,,,
2026,2021038664,2026-04-04,2105707.0,吉野 光樹,24.0,投,3,1.0,0.0,0.0,0.0,0.0,0.0,0.0,0.0,0.0,0.0,0.0,,0.0,0.0,0.0,0.0,0.0,0.0,2.0,1.0,0.0,0.0,1.0,4.5,1.0,1.0,,,0.0,2.0,1.0,1.0,0.0,,0.0,0.0,0.0,,5.0,10.0
2026,2021038664,2026-04-04,2105891.0,マルセリーノ,98.0,投,3,1.0,0.0,0.0,0.0,0.0,0.0,0.0,0.0,0.0,0.0,0.0,,0.0,0.0,0.0,0.0,0.0,0.0,3.0,1.0,0.0,0.0,0.0,9.0,1.0,1.0,,,0.0,4.0,3.0,3.0,1.0,,1.0,2.0,0.0,,8.0,39.0
2026,2021038664,2026-04-04,2106178.0,佐々木 俊輔,44.0,中左,1,1.0,1.0,5.0,5.0,1.0,4.0,1.0,0.0,0.0,0.0,0.0,,0.0,1.0,0.0,0.0,0.0,0.0,,,,,,,,,,,,,,,,,,,,,,
2026,2021038664,2026-04-04,2107764.0,宇都宮 葵星,68.0,打,1,1.0,0.0,1.0,1.0,0.0,1.0,0.0,0.0,0.0,0.0,0.0,,0.0,0.0,0.0,0.0,0.0,0.0,,,,,,,,,,,,,,,,,,,,,,
2026,2021038664,2026-04-04,2107874.0,門脇 誠,5.0,三,1,1.0,0.0,0.0,0.0,0.0,0.0,0.0,0.0,0.0,0.0,0.0,,0.0,0.0,0.0,0.0,0.0,0.0,,,,,,,,,,,,,,,,,,,,,,
2026,2021038664,2026-04-04,2118291.0,田和 廉,30.0,投,1,1.0,0.0,0.0,0.0,0.0,0.0,0.0,0.0,0.0,0.0,0.0,,0.0,0.0,0.0,0.0,0.0,0.0,2.0,1.0,0.0,0.0,0.0,0.0,0.6666666666666666,0.2,,,0.0,0.0,0.0,0.0,0.0,,0.0,0.0,0.0,,2.0,11.0
2026,2021038664,2026-04-04,2118420.0,キャベッジ,13.0,左,1,1.0,1.0,4.0,4.0,1.0,2.0,1.0,0.0,1.0,2.0,0.0,,0.0,1.0,0.0,0.0,0.0,0.0,,,,,,,,,,,,,,,,,,,,,,
2026,2021038665,2026-04-04,900044.0,中村 悠平,27.0,捕,2,1.0,0.0,0.0,0.0,0.0,0.0,0.0,0.0,0.0,0.0,0.0,,0.0,0.0,0.0,0.0,0.0,0.0,,,,,,,,,,,,,,,,,,,,,,
2026,2021038665,2026-04-04,1100069.0,高橋 周平,3.0,打一,4,1.0,0.0,2.0,1.0,1.0,0.0,0.0,0.0,0.0,0.0,0.0,,1.0,0.0,0.0,0.0,0.0,0.0,,,,,,,,,,,,,,,,,,,,,,
2026,2021038665,2026-04-04,1500076.0,木下 拓哉,35.0,捕,4,1.0,1.0,3.0,3.0,0.0,0.0,0.0,0.0,0.0,0.0,0.0,,0.0,0.0,0.0,0.0,0.0,0.0,,,,,,,,,,,,,,,,,,,,,,
2026,2021038665,2026-04-04,1500078.0,阿部 寿樹,48.0,打,4,1.0,0.0,1.0,0.0,0.0,0.0,0.0,0.0,0.0,0.0,0.0,,1.0,0.0,0.0,0.0,0.0,0.0,,,,,,,,,,,,,,,,,,,,,,
2026,2021038665,2026-04-04,1560639.0,カリステ,4.0,打,4,1.0,0.0,1.0,1.0,0.0,0.0,0.0,0.0,0.0,0.0,0.0,,0.0,1.0,0.0,0.0,0.0,0.0,,,,,,,,,,,,,,,,,,,,,,
2026,2021038665,2026-04-04,1561854.0,サノー,23.0,一,4,1.0,1.0,4.0,2.0,0.0,0.0,0.0,0.0,0.0,0.0,0.0,,1.0,2.0,1.0,0.0,0.0,0.0,,,,,,,,,,,,,,,,,,,,,,
2026,2021038665,2026-04-04,1600076.0,梅野 雄吾,46.0,投,4,1.0,0.0,0.0,0.0,0.0,0.0,0.0,0.0,0.0,0.0,0.0,,0.0,0.0,0.0,0.0,0.0,0.0,3.0,1.0,0.0,0.0,0.0,15.43,1.3333333333333333,1.1,,,0.0,2.0,2.0,2.0,0.0,,3.0,1.0,0.0,,8.0,46.0
2026,2021038665,2026-04-04,1600085.0,細川 成也,55.0,左,4,1.0,1.0,5.0,4.0,2.0,2.0,1.0,0.0,1.0,3.0,0.0,,0.0,1.0,0.0,0.0,1.0,0.0,,,,,,,,,,,,,,,,,,,,,,
2026,2021038665,2026-04-04,1700131.0,増田 珠,63.0,右,2,1.0,1.0,5.0,3.0,3.0,1.0,0.0,0.0,1.0,3.0,0.0,,2.0,0.0,0.0,0.0,0.0,0.0,,,,,,,,,,,,,,,,,,,,,,
2026,2021038665,2026-04-04,1750223.0,村松 開人,5.0,遊,4,1.0,1.0,4.0,2.0,0.0,0.0,0.0,0.0,0.0,1.0,0.0,,1.0,1.0,0.0,0.0,1.0,0.0,,,,,,,,,,,,,,,,,,,,,,
2026,2021038665,2026-04-04,1750701.0,田中 幹也,2.0,二,4,1.0,1.0,5.0,5.0,2.0,2.0,0.0,0.0,0.0,0.0,1.0,,0.0,0.0,0.0,0.0,0.0,0.0,,,,,,,,,,,,,,,,,,,,,,
2026,2021038665,2026-04-04,1800059.0,根尾 昂,30.0,投,4,1.0,0.0,0.0,0.0,0.0,0.0,0.0,0.0,0.0,0.0,0.0,,0.0,0.0,0.0,0.0,0.0,0.0,5.0,1.0,0.0,0.0,0.0,0.0,2.0,2.0,,,0.0,1.0,0.0,0.0,0.0,,1.0,2.0,1.0,,8.0,34.0
2026,2021038665,2026-04-04,1900027.0,大西 広樹,44.0,投,2,1.0,0.0,0.0,0.0,0.0,0.0,0.0,0.0,0.0,0.0,0.0,,0.0,0.0,0.0,0.0,0.0,0.0,2.0,1.0,0.0,0.0,0.0,9.0,1.0,1.0,,,0.0,2.0,2.0,2.0,0.0,,1.0,1.0,0.0,,6.0,24.0
2026,2021038665,2026-04-04,1900028.0,長岡 秀樹,7.0,遊,2,1.0,1.0,5.0,5.0,0.0,1.0,0.0,0.0,0.0,0.0,0.0,,0.0,0.0,0.0,0.0,0.0,0.0,,,,,,,,,,,,,,,,,,,,,,
2026,2021038665,2026-04-04,1900029.0,武岡 龍世,60.0,打三,2,1.0,0.0,2.0,1.0,1.0,1.0,1.0,0.0,0.0,1.0,0.0,,1.0,0.0,0.0,0.0,0.0,0.0,,,,,,,,,,,,,,,,,,,,,,
2026,2021038665,2026-04-04,2000025.0,山野 太一,26.0,投,2,1.0,1.0,3.0,3.0,0.0,1.0,0.0,0.0,0.0,1.0,0.0,,0.0,1.0,0.0,0.0,0.0,0.0,1.0,1.0,,2.0,0.0,4.15,6.0,6.0,,,0.0,6.0,4.0,4.0,1.0,,1.0,7.0,1.0,,26.0,95.0
2026,2021038665,2026-04-04,2000031.0,赤羽 由紘,0.0,左,2,1.0,0.0,1.0,1.0,0.0,0.0,0.0,0.0,0.0,0.0,0.0,,0.0,1.0,0.0,0.0,0.0,0.0,,,,,,,,,,,,,,,,,,,,,,
2026,2021038665,2026-04-04,2000048.0,近藤 廉,70.0,投,4,1.0,0.0,0.0,0.0,0.0,0.0,0.0,0.0,0.0,0.0,0.0,,0.0,0.0,0.0,0.0,0.0,0.0,4.0,1.0,0.0,0.0,0.0,11.57,1.6666666666666663,1.2,,,0.0,3.0,3.0,3.0,0.0,,2.0,1.0,0.0,,10.0,37.0
2026,2021038665,2026-04-04,2000133.0,オスナ,13.0,一,2,1.0,1.0,5.0,4.0,1.0,1.0,0.0,0.0,0.0,0.0,0.0,,1.0,0.0,0.0,0.0,0.0,0.0,,,,,,,,,,,,,,,,,,,,,,
2026,2021038665,2026-04-04,2000135.0,サンタナ,25.0,左,2,1.0,1.0,5.0,3.0,1.0,1.0,0.0,0.0,1.0,1.0,0.0,,2.0,1.0,0.0,0.0,0.0,0.0,,,,,,,,,,,,,,,,,,,,,,
2026,2021038665,2026-04-04,2100275.0,花田 旭,57.0,中,4,1.0,1.0,4.0,4.0,0.0,2.0,1.0,0.0,0.0,0.0,0.0,,0.0,0.0,0.0,0.0,0.0,0.0,,,,,,,,,,,,,,,,,,,,,,
2026,2021038665,2026-04-04,2100410.0,櫻井 頼之介,16.0,投,4,1.0,1.0,1.0,1.0,0.0,0.0,0.0,0.0,0.0,0.0,0.0,,0.0,1.0,0.0,0.0,0.0,0.0,1.0,1.0,,0.0,1.0,6.0,2.0,2.0,,,0.0,8.0,6.0,6.0,3.0,,1.0,1.0,0.0,,15.0,68.0
2026,2021038665,2026-04-04,2103633.0,味谷 大誠,43.0,捕,4,1.0,0.0,2.0,2.0,0.0,1.0,0.0,0.0,0.0,0.0,0.0,,0.0,1.0,0.0,0.0,0.0,0.0,,,,,,,,,,,,,,,,,,,,,,
2026,2021038665,2026-04-04,2103780.0,福永 裕基,7.0,三,4,1.0,1.0,5.0,4.0,0.0,2.0,1.0,0.0,0.0,2.0,1.0,,1.0,1.0,0.0,0.0,0.0,0.0,,,,,,,,,,,,,,,,,,,,,,
2026,2021038665,2026-04-04,2103840.0,ブライト 健太,42.0,右,4,1.0,1.0,3.0,3.0,0.0,0.0,0.0,0.0,0.0,0.0,0.0,,0.0,2.0,0.0,0.0,0.0,0.0,,,,,,,,,,,,,,,,,,,,,,
2026,2021038665,2026-04-04,2103917.0,岩田 幸宏,64.0,中,2,1.0,1.0,5.0,4.0,2.0,1.0,0.0,0.0,0.0,1.0,0.0,,1.0,1.0,0.0,0.0,0.0,0.0,,,,,,,,,,,,,,,,,,,,,,
2026,2021038665,2026-04-04,2103947.0,樋口 正修,97.0,打右,4,1.0,0.0,2.0,2.0,1.0,1.0,0.0,0.0,0.0,0.0,0.0,,0.0,1.0,0.0,0.0,0.0,0.0,,,,,,,,,,,,,,,,,,,,,,
2026,2021038665,2026-04-04,2107086.0,牧野 憲伸,68.0,投,4,1.0,0.0,0.0,0.0,0.0,0.0,0.0,0.0,0.0,0.0,0.0,,0.0,0.0,0.0,0.0,0.0,0.0,2.0,1.0,0.0,0.0,1.0,4.5,1.0,1.0,,,0.0,0.0,0.0,0.0,0.0,,1.0,1.0,0.0,,4.0,23.0
2026,2021038665,2026-04-04,2109495.0,鈴木 叶,65.0,捕,2,1.0,1.0,5.0,5.0,1.0,2.0,0.0,0.0,0.0,0.0,0.0,,0.0,1.0,0.0,0.0,0.0,0.0,,,,,,,,,,,,,,,,,,,,,,
2026,2021038665,2026-04-04,2112175.0,伊藤 琉偉,67.0,二,2,1.0,1.0,5.0,3.0,2.0,2.0,0.0,0.0,1.0,1.0,0.0,,1.0,0.0,1.0,0.0,0.0,0.0,,,,,,,,,,,,,,,,,,,,,,
2026,2021038665,2026-04-04,2113365.0,田中 陽翔,54.0,三,2,1.0,1.0,4.0,4.0,0.0,3.0,0.0,0.0,0.0,3.0,0.0,,0.0,1.0,0.0,0.0,0.0,0.0,,,,,,,,,,,,,,,,,,,,,,
2026,2021038665,2026-04-04,2117400.0,荘司 宏太,30.0,投,2,1.0,0.0,0.0,0.0,0.0,0.0,0.0,0.0,0.0,0.0,0.0,,0.0,0.0,0.0,0.0,0.0,0.0,4.0,1.0,0.0,1.0,0.0,4.5,1.0,1.0,,,0.0,0.0,0.0,0.0,0.0,,2.0,2.0,0.0,,5.0,25.0
2026,2021038665,2026-04-04,2122334.0,リランソ,62.0,投,2,1.0,0.0,0.0,0.0,0.0,0.0,0.0,0.0,0.0,0.0,0.0,,0.0,0.0,0.0,0.0,0.0,0.0,3.0,1.0,0.0,0.0,0.0,0.0,1.0,1.0,,,0.0,2.0,0.0,0.0,0.0,,1.0,1.0,0.0,,5.0,20.0
2026,2021038666,2026-04-04,1000116.0,中崎 翔太,21.0,投,6,1.0,0.0,0.0,0.0,0.0,0.0,0.0,0.0,0.0,0.0,0.0,,0.0,0.0,0.0,0.0,0.0,0.0,4.0,1.0,0.0,0.0,0.0,0.0,1.0,1.0,,,0.0,0.0,0.0,0.0,0.0,,0.0,0.0,0.0,,3.0,13.0
2026,2021038666,2026-04-04,1000150.0,秋山 翔吾,9.0,打,6,1.0,0.0,1.0,1.0,1.0,1.0,0.0,0.0,1.0,1.0,0.0,,0.0,0.0,0.0,0.0,0.0,0.0,,,,,,,,,,,,,,,,,,,,,,
2026,2021038666,2026-04-04,1100082.0,菊池 涼介,33.0,二,6,1.0,0.0,1.0,1.0,0.0,0.0,0.0,0.0,0.0,0.0,0.0,,0.0,0.0,0.0,0.0,0.0,0.0,,,,,,,,,,,,,,,,,,,,,,
2026,2021038666,2026-04-04,1200100.0,伏見 寅威,17.0,打捕,5,1.0,0.0,1.0,1.0,0.0,0.0,0.0,0.0,0.0,1.0,0.0,,0.0,0.0,0.0,0.0,0.0,0.0,,,,,,,,,,,,,,,,,,,,,,
2026,2021038666,2026-04-04,1400173.0,野間 峻祥,37.0,打,6,1.0,0.0,1.0,1.0,0.0,0.0,0.0,0.0,0.0,0.0,0.0,,0.0,0.0,0.0,0.0,0.0,0.0,,,,,,,,,,,,,,,,,,,,,,
2026,2021038666,2026-04-04,1500087.0,坂本 誠志郎,12.0,捕,5,1.0,1.0,4.0,4.0,0.0,1.0,0.0,0.0,0.0,0.0,0.0,,0.0,0.0,0.0,0.0,0.0,0.0,,,,,,,,,,,,,,,,,,,,,,
2026,2021038666,2026-04-04,1600033.0,ドリス,98.0,投,5,1.0,0.0,0.0,0.0,0.0,0.0,0.0,0.0,0.0,0.0,0.0,,0.0,0.0,0.0,0.0,0.0,0.0,5.0,1.0,0.0,0.0,0.0,2.25,1.0,1.0,,,1.0,0.0,0.0,0.0,0.0,,0.0,0.0,0.0,,3.0,9.0
2026,2021038666,2026-04-04,1600113.0,大山 悠輔,3.0,一,5,1.0,1.0,5.0,4.0,0.0,0.0,0.0,0.0,0.0,0.0,0.0,,1.0,1.0,0.0,0.0,0.0,0.0,,,,,,,,,,,,,,,,,,,,,,
2026,2021038666,2026-04-04,1600117.0,糸原 健斗,33.0,打,5,1.0,0.0,1.0,1.0,0.0,0.0,0.0,0.0,0.0,0.0,0.0,,0.0,1.0,0.0,0.0,0.0,0.0,,,,,,,,,,,,,,,,,,,,,,
2026,2021038666,2026-04-04,1600124.0,坂倉 将吾,31.0,捕,6,1.0,1.0,4.0,3.0,0.0,1.0,0.0,0.0,0.0,1.0,0.0,,1.0,1.0,0.0,0.0,0.0,0.0,,,,,,,,,,,,,,,,,,,,,,
2026,2021038666,2026-04-04,1700068.0,中村 奨成,96.0,右,6,1.0,1.0,5.0,4.0,0.0,0.0,0.0,0.0,0.0,0.0,0.0,,0.0,1.0,0.0,1.0,0.0,0.0,,,,,,,,,,,,,,,,,,,,,,
2026,2021038666,2026-04-04,1700137.0,大竹 耕太郎,21.0,投,5,1.0,1.0,2.0,2.0,0.0,0.0,0.0,0.0,0.0,0.0,0.0,,0.0,1.0,0.0,0.0,0.0,0.0,1.0,1.0,,0.0,0.0,5.4,5.0,5.0,,,0.0,7.0,3.0,3.0,0.0,,0.0,2.0,0.0,,20.0,74.0
2026,2021038666,2026-04-04,1800065.0,近本 光司,5.0,中,5,1.0,1.0,5.0,4.0,1.0,2.0,1.0,0.0,0.0,1.0,0.0,,1.0,1.0,0.0,0.0,0.0,0.0,,,,,,,,,,,,,,,,,,,,,,
2026,2021038666,2026-04-04,1800067.0,木浪 聖也,0.0,遊,5,1.0,1.0,5.0,5.0,3.0,3.0,0.0,0.0,1.0,2.0,0.0,,0.0,1.0,0.0,0.0,0.0,0.0,,,,,,,,,,,,,,,,,,,,,,
2026,2021038666,2026-04-04,1800072.0,小園 海斗,5.0,遊三,6,1.0,1.0,5.0,4.0,1.0,1.0,0.0,0.0,0.0,1.0,0.0,,0.0,0.0,0.0,0.0,1.0,1.0,,,,,,,,,,,,,,,,,,,,,,
2026,2021038666,2026-04-04,1800073.0,島内 颯太郎,43.0,投,6,1.0,0.0,0.0,0.0,0.0,0.0,0.0,0.0,0.0,0.0,0.0,,0.0,0.0,0.0,0.0,0.0,0.0,2.0,1.0,0.0,0.0,0.0,3.38,1.0,1.0,,,0.0,1.0,0.0,0.0,0.0,,1.0,1.0,0.0,,4.0,25.0
2026,2021038666,2026-04-04,1800079.0,大盛 穂,59.0,中,6,1.0,1.0,5.0,5.0,1.0,3.0,0.0,0.0,0.0,0.0,1.0,,0.0,1.0,0.0,0.0,0.0,0.0,,,,,,,,,,,,,,,,,,,,,,
2026,2021038666,2026-04-04,1850183.0,森下 翔太,1.0,右,5,1.0,1.0,5.0,4.0,0.0,0.0,0.0,0.0,0.0,0.0,0.0,,1.0,2.0,0.0,0.0,0.0,0.0,,,,,,,,,,,,,,,,,,,,,,
2026,2021038666,2026-04-04,1900056.0,石原 貴規,32.0,捕,6,1.0,0.0,0.0,0.0,0.0,0.0,0.0,0.0,0.0,0.0,0.0,,0.0,0.0,0.0,0.0,0.0,0.0,,,,,,,,,,,,,,,,,,,,,,
2026,2021038666,2026-04-04,1960397.0,ハーン,68.0,投,6,1.0,0.0,0.0,0.0,0.0,0.0,0.0,0.0,0.0,0.0,0.0,,0.0,0.0,0.0,0.0,0.0,0.0,3.0,1.0,0.0,1.0,0.0,0.0,1.0,1.0,,,0.0,0.0,0.0,0.0,0.0,,1.0,1.0,0.0,,4.0,19.0
2026,2021038666,2026-04-04,1961927.0,モンテロ,95.0,一,6,1.0,1.0,4.0,3.0,0.0,1.0,0.0,0.0,0.0,1.0,0.0,,0.0,1.0,0.0,0.0,1.0,0.0,,,,,,,,,,,,,,,,,,,,,,
2026,2021038666,2026-04-04,2000051.0,佐藤 輝明,8.0,三,5,1.0,1.0,5.0,5.0,1.0,4.0,1.0,0.0,0.0,1.0,0.0,,0.0,0.0,0.0,0.0,0.0,0.0,,,,,,,,,,,,,,,,,,,,,,
2026,2021038666,2026-04-04,2000056.0,中野 拓夢,7.0,二,5,1.0,1.0,5.0,5.0,0.0,1.0,0.0,0.0,0.0,2.0,0.0,,0.0,0.0,0.0,0.0,0.0,0.0,,,,,,,,,,,,,,,,,,,,,,
2026,2021038666,2026-04-04,2000061.0,森浦 大輔,13.0,投,6,1.0,0.0,0.0,0.0,0.0,0.0,0.0,0.0,0.0,0.0,0.0,,0.0,0.0,0.0,0.0,0.0,0.0,5.0,1.0,0.0,1.0,1.0,4.91,1.0,1.0,,,1.0,2.0,3.0,0.0,0.0,,0.0,2.0,1.0,,7.0,34.0
2026,2021038666,2026-04-04,2050203.0,佐々木 泰,10.0,三一,6,1.0,1.0,5.0,5.0,2.0,2.0,0.0,0.0,1.0,1.0,0.0,,0.0,1.0,0.0,0.0,0.0,0.0,,,,,,,,,,,,,,,,,,,,,,
2026,2021038666,2026-04-04,2100253.0,中川 勇斗,68.0,打,5,1.0,0.0,1.0,1.0,0.0,0.0,0.0,0.0,0.0,0.0,0.0,,0.0,1.0,0.0,0.0,0.0,0.0,,,,,,,,,,,,,,,,,,,,,,
2026,2021038666,2026-04-04,2106037.0,辻 大雅,98.0,投,6,1.0,0.0,0.0,0.0,0.0,0.0,0.0,0.0,0.0,0.0,0.0,,0.0,0.0,0.0,0.0,0.0,0.0,6.0,1.0,0.0,0.0,1.0,4.91,1.0,1.0,,,0.0,2.0,2.0,2.0,1.0,,0.0,1.0,0.0,,5.0,17.0
2026,2021038666,2026-04-04,2107887.0,辰見 鴻之介,69.0,走,6,1.0,0.0,0.0,0.0,0.0,0.0,0.0,0.0,0.0,0.0,1.0,,0.0,0.0,0.0,0.0,0.0,0.0,,,,,,,,,,,,,,,,,,,,,,
2026,2021038666,2026-04-04,2108105.0,モレッタ,99.0,投,5,1.0,0.0,0.0,0.0,0.0,0.0,0.0,0.0,0.0,0.0,0.0,,0.0,0.0,0.0,0.0,0.0,0.0,4.0,1.0,0.0,1.0,0.0,0.0,1.0,1.0,,,0.0,0.0,0.0,0.0,0.0,,0.0,1.0,0.0,,3.0,13.0
2026,2021038666,2026-04-04,2108238.0,ターノック,42.0,投,6,1.0,1.0,1.0,0.0,0.0,0.0,0.0,0.0,0.0,0.0,0.0,,0.0,0.0,0.0,1.0,0.0,0.0,1.0,1.0,,0.0,0.0,1.5,5.0,5.0,,,0.0,6.0,2.0,2.0,0.0,,1.0,3.0,0.0,,21.0,93.0
2026,2021038666,2026-04-04,2110225.0,福島 圭音,92.0,左,5,1.0,1.0,5.0,4.0,1.0,0.0,0.0,0.0,0.0,0.0,0.0,,0.0,0.0,1.0,0.0,0.0,0.0,,,,,,,,,,,,,,,,,,,,,,
2026,2021038666,2026-04-04,2110422.0,勝田 成,0.0,二遊,6,1.0,1.0,4.0,4.0,0.0,3.0,0.0,0.0,0.0,0.0,0.0,,0.0,0.0,0.0,0.0,0.0,0.0,,,,,,,,,,,,,,,,,,,,,,
2026,2021038666,2026-04-04,2112127.0,早川 太貴,51.0,投,5,1.0,0.0,0.0,0.0,0.0,0.0,0.0,0.0,0.0,0.0,0.0,,0.0,0.0,0.0,0.0,0.0,0.0,2.0,1.0,0.0,0.0,0.0,0.0,1.0,1.0,,,0.0,1.0,0.0,0.0,0.0,,1.0,1.0,0.0,,5.0,16.0
2026,2021038666,2026-04-04,2112143.0,佐藤 啓介,94.0,打,6,1.0,0.0,1.0,1.0,0.0,0.0,0.0,0.0,0.0,0.0,0.0,,0.0,0.0,0.0,0.0,0.0,0.0,,,,,,,,,,,,,,,,,,,,,,
2026,2021038666,2026-04-04,2112444.0,木下 里都,54.0,投,5,1.0,0.0,0.0,0.0,0.0,0.0,0.0,0.0,0.0,0.0,0.0,,0.0,0.0,0.0,0.0,0.0,0.0,3.0,1.0,0.0,0.0,0.0,7.71,2.0,2.0,,,0.0,5.0,2.0,2.0,2.0,,0.0,1.0,0.0,,11.0,44.0
2026,2021038666,2026-04-04,2114882.0,ファビアン,61.0,左,6,1.0,1.0,5.0,5.0,0.0,1.0,0.0,0.0,0.0,0.0,0.0,,0.0,0.0,0.0,0.0,0.0,0.0,,,,,,,,,,,,,,,,,,,,,,
2026,2021038666,2026-04-04,2118997.0,岡城 快生,34.0,走,5,1.0,0.0,0.0,0.0,1.0,0.0,0.0,0.0,0.0,0.0,0.0,,0.0,0.0,0.0,0.0,0.0,0.0,,,,,,,,,,,,,,,,,,,,,,
2026,2021038667,2026-04-04,600066.0,平野 佳寿,16.0,,11,,,,,,,,,,,,,,,,,,,4.0,1.0,0.0,0.0,0.0,4.5,1.0,1.0,,,0.0,2.0,0.0,0.0,0.0,,0.0,0.0,0.0,,5.0,12.0
2026,2021038667,2026-04-04,1000100.0,西川 遥輝,7.0,中,8,1.0,1.0,4.0,4.0,1.0,1.0,0.0,0.0,1.0,3.0,0.0,,0.0,2.0,0.0,0.0,0.0,0.0,,,,,,,,,,,,,,,,,,,,,,
2026,2021038667,2026-04-04,1000164.0,島本 浩也,40.0,,8,,,,,,,,,,,,,,,,,,,2.0,1.0,0.0,0.0,0.0,4.5,0.3333333333333333,0.1,,,0.0,0.0,0.0,0.0,0.0,,0.0,1.0,0.0,,1.0,6.0
2026,2021038667,2026-04-04,1300058.0,九里 亜蓮,22.0,,11,,,,,,,,,,,,,,,,,,,1.0,1.0,,1.0,0.0,1.8,6.0,6.0,,,0.0,5.0,3.0,3.0,1.0,,1.0,6.0,2.0,,25.0,106.0
2026,2021038667,2026-04-04,1300109.0,若月 健矢,2.0,捕,11,1.0,1.0,4.0,4.0,0.0,1.0,0.0,0.0,0.0,0.0,0.0,,0.0,2.0,0.0,0.0,0.0,0.0,,,,,,,,,,,,,,,,,,,,,,
2026,2021038667,2026-04-04,1400196.0,宗 佑磨,6.0,三,11,1.0,1.0,5.0,4.0,1.0,1.0,0.0,0.0,1.0,1.0,0.0,,1.0,1.0,0.0,0.0,0.0,0.0,,,,,,,,,,,,,,,,,,,,,,
2026,2021038667,2026-04-04,1500041.0,廣岡 大志,30.0,右,11,1.0,1.0,4.0,4.0,0.0,1.0,0.0,0.0,0.0,0.0,0.0,,0.0,2.0,0.0,0.0,0.0,0.0,,,,,,,,,,,,,,,,,,,,,,
2026,2021038667,2026-04-04,1500096.0,西川 龍馬,7.0,指,11,1.0,1.0,5.0,5.0,1.0,1.0,0.0,0.0,0.0,0.0,0.0,,0.0,1.0,0.0,0.0,0.0,0.0,,,,,,,,,,,,,,,,,,,,,,
2026,2021038667,2026-04-04,1500109.0,上原 健太,20.0,,8,,,,,,,,,,,,,,,,,,,3.0,1.0,0.0,1.0,0.0,2.7,1.0,1.0,,,0.0,0.0,0.0,0.0,0.0,,1.0,1.0,0.0,,4.0,14.0
2026,2021038667,2026-04-04,1600155.0,山崎 颯一郎,21.0,,11,,,,,,,,,,,,,,,,,,,2.0,1.0,0.0,1.0,1.0,5.79,0.6666666666666666,0.2,,,0.0,4.0,3.0,3.0,1.0,,1.0,1.0,0.0,,7.0,15.0
2026,2021038667,2026-04-04,1600164.0,田中 正義,26.0,,8,,,,,,,,,,,,,,,,,,,4.0,1.0,0.0,0.0,0.0,0.0,1.0,1.0,,,0.0,0.0,0.0,0.0,0.0,,0.0,1.0,0.0,,3.0,11.0
2026,2021038667,2026-04-04,1700025.0,清宮 幸太郎,21.0,一,8,1.0,1.0,5.0,4.0,1.0,1.0,0.0,0.0,0.0,0.0,0.0,,1.0,0.0,0.0,0.0,0.0,1.0,,,,,,,,,,,,,,,,,,,,,,
2026,2021038667,2026-04-04,1800091.0,野村 佑希,5.0,二,8,1.0,1.0,4.0,4.0,1.0,1.0,0.0,0.0,1.0,3.0,0.0,,0.0,2.0,0.0,0.0,0.0,0.0,,,,,,,,,,,,,,,,,,,,,,
2026,2021038667,2026-04-04,1800093.0,万波 中正,66.0,右,8,1.0,1.0,4.0,2.0,0.0,1.0,0.0,0.0,0.0,0.0,0.0,,1.0,1.0,1.0,0.0,0.0,0.0,,,,,,,,,,,,,,,,,,,,,,
2026,2021038667,2026-04-04,1800095.0,田宮 裕涼,64.0,捕,8,1.0,1.0,4.0,4.0,1.0,2.0,0.0,0.0,0.0,0.0,0.0,,0.0,1.0,0.0,0.0,0.0,0.0,,,,,,,,,,,,,,,,,,,,,,
2026,2021038667,2026-04-04,1800098.0,太田 椋,1.0,二,11,1.0,1.0,5.0,5.0,0.0,1.0,0.0,0.0,0.0,0.0,0.0,,0.0,0.0,0.0,0.0,0.0,0.0,,,,,,,,,,,,,,,,,,,,,,
2026,2021038667,2026-04-04,1800104.0,中川 圭太,67.0,左,11,1.0,1.0,4.0,2.0,0.0,1.0,0.0,0.0,0.0,1.0,0.0,,2.0,0.0,0.0,0.0,0.0,0.0,,,,,,,,,,,,,,,,,,,,,,
2026,2021038667,2026-04-04,1800110.0,水谷 瞬,53.0,左,8,1.0,1.0,4.0,4.0,1.0,2.0,0.0,0.0,0.0,0.0,0.0,,0.0,0.0,0.0,0.0,0.0,0.0,,,,,,,,,,,,,,,,,,,,,,
2026,2021038667,2026-04-04,1850932.0,奈良間 大己,58.0,二,8,1.0,0.0,0.0,0.0,0.0,0.0,0.0,0.0,0.0,0.0,0.0,,0.0,0.0,0.0,0.0,0.0,0.0,,,,,,,,,,,,,,,,,,,,,,
2026,2021038667,2026-04-04,1851204.0,水野 達稀,43.0,遊,8,1.0,1.0,4.0,3.0,1.0,2.0,0.0,0.0,0.0,0.0,0.0,,0.0,0.0,0.0,1.0,0.0,0.0,,,,,,,,,,,,,,,,,,,,,,
2026,2021038667,2026-04-04,1900040.0,郡司 裕也,3.0,三,8,1.0,1.0,4.0,3.0,0.0,1.0,0.0,0.0,0.0,0.0,0.0,,0.0,0.0,1.0,0.0,0.0,1.0,,,,,,,,,,,,,,,,,,,,,,
2026,2021038667,2026-04-04,1900088.0,紅林 弘太郎,24.0,遊,11,1.0,1.0,4.0,4.0,0.0,2.0,0.0,0.0,0.0,0.0,0.0,,0.0,0.0,0.0,0.0,0.0,0.0,,,,,,,,,,,,,,,,,,,,,,
2026,2021038667,2026-04-04,2000080.0,五十幡 亮汰,50.0,中,8,1.0,0.0,0.0,0.0,0.0,0.0,0.0,0.0,0.0,0.0,0.0,,0.0,0.0,0.0,0.0,0.0,0.0,,,,,,,,,,,,,,,,,,,,,,
2026,2021038667,2026-04-04,2050307.0,達 孝太,16.0,,8,,,,,,,,,,,,,,,,,,,1.0,1.0,,0.0,1.0,6.1,5.666666666666667,5.2,,,0.0,9.0,3.0,2.0,1.0,,2.0,8.0,0.0,,29.0,126.0
2026,2021038667,2026-04-04,2103635.0,柳川 大晟,47.0,,8,,,,,,,,,,,,,,,,,,,5.0,1.0,0.0,0.0,0.0,0.0,1.0,1.0,,,1.0,0.0,0.0,0.0,0.0,,0.0,0.0,0.0,,3.0,9.0
2026,2021038667,2026-04-04,2103710.0,古田島 成龍,35.0,,11,,,,,,,,,,,,,,,,,,,3.0,1.0,0.0,0.0,0.0,3.86,0.3333333333333333,0.1,,,0.0,0.0,0.0,0.0,0.0,,0.0,0.0,0.0,,1.0,8.0
2026,2021038667,2026-04-04,2106284.0,矢澤 宏太,12.0,中左,8,1.0,0.0,1.0,1.0,0.0,0.0,0.0,0.0,0.0,0.0,0.0,,0.0,0.0,0.0,0.0,0.0,0.0,,,,,,,,,,,,,,,,,,,,,,
2026,2021038667,2026-04-04,2107900.0,吉田 賢吾,60.0,指,8,1.0,1.0,4.0,4.0,0.0,0.0,0.0,0.0,0.0,0.0,0.0,,0.0,1.0,0.0,0.0,0.0,0.0,,,,,,,,,,,,,,,,,,,,,,
2026,2021038667,2026-04-04,2110153.0,麦谷 祐介,8.0,中,11,1.0,1.0,5.0,4.0,1.0,0.0,0.0,0.0,0.0,0.0,1.0,,0.0,3.0,0.0,1.0,0.0,0.0,,,,,,,,,,,,,,,,,,,,,,
2026,2021038667,2026-04-04,2117200.0,シーモア,45.0,一,11,1.0,1.0,4.0,4.0,0.0,1.0,0.0,0.0,0.0,0.0,0.0,,0.0,2.0,0.0,0.0,0.0,0.0,,,,,,,,,,,,,,,,,,,,,,
2026,2021038668,2026-04-04,800075.0,伊藤 光,27.0,捕,376,1.0,1.0,2.0,2.0,0.0,0.0,0.0,0.0,0.0,0.0,0.0,,0.0,1.0,0.0,0.0,0.0,0.0,,,,,,,,,,,,,,,,,,,,,,
2026,2021038668,2026-04-04,900056.0,浅村 栄斗,3.0,一,376,1.0,1.0,3.0,3.0,0.0,1.0,0.0,0.0,0.0,0.0,0.0,,0.0,1.0,0.0,0.0,0.0,0.0,,,,,,,,,,,,,,,,,,,,,,
2026,2021038668,2026-04-04,1100061.0,桑原 将志,7.0,左,7,1.0,1.0,4.0,4.0,0.0,0.0,0.0,0.0,0.0,0.0,0.0,,0.0,1.0,0.0,0.0,0.0,0.0,,,,,,,,,,,,,,,,,,,,,,
2026,2021038668,2026-04-04,1100103.0,鈴木 大地,7.0,三,376,1.0,0.0,0.0,0.0,0.0,0.0,0.0,0.0,0.0,0.0,0.0,,0.0,0.0,0.0,0.0,0.0,0.0,,,,,,,,,,,,,,,,,,,,,,
2026,2021038668,2026-04-04,1400184.0,外崎 修汰,5.0,一,7,1.0,1.0,3.0,3.0,0.0,1.0,0.0,0.0,0.0,0.0,0.0,,0.0,1.0,0.0,0.0,0.0,0.0,,,,,,,,,,,,,,,,,,,,,,
2026,2021038668,2026-04-04,1600007.0,村林 一輝,6.0,遊,376,1.0,1.0,4.0,4.0,0.0,0.0,0.0,0.0,0.0,0.0,0.0,,0.0,2.0,0.0,0.0,0.0,1.0,,,,,,,,,,,,,,,,,,,,,,
2026,2021038668,2026-04-04,1600012.0,宋 家豪,43.0,,376,,,,,,,,,,,,,,,,,,,2.0,1.0,0.0,1.0,0.0,2.45,1.0,1.0,,,0.0,2.0,0.0,0.0,0.0,,0.0,1.0,0.0,,5.0,13.0
2026,2021038668,2026-04-04,1600129.0,源田 壮亮,6.0,遊,7,1.0,1.0,4.0,3.0,0.0,1.0,1.0,0.0,0.0,0.0,0.0,,1.0,1.0,0.0,0.0,0.0,0.0,,,,,,,,,,,,,,,,,,,,,,
2026,2021038668,2026-04-04,1600134.0,石井 一成,4.0,二,7,1.0,1.0,3.0,3.0,0.0,0.0,0.0,0.0,0.0,0.0,0.0,,0.0,1.0,0.0,0.0,0.0,0.0,,,,,,,,,,,,,,,,,,,,,,
2026,2021038668,2026-04-04,1660299.0,林 安可,73.0,指,7,1.0,1.0,4.0,3.0,0.0,1.0,0.0,0.0,0.0,0.0,0.0,,1.0,0.0,0.0,0.0,0.0,0.0,,,,,,,,,,,,,,,,,,,,,,
2026,2021038668,2026-04-04,1700122.0,西川 愛也,51.0,走中,7,1.0,0.0,1.0,1.0,0.0,0.0,0.0,0.0,0.0,0.0,0.0,,0.0,1.0,0.0,0.0,0.0,0.0,,,,,,,,,,,,,,,,,,,,,,
2026,2021038668,2026-04-04,1750472.0,古賀 悠斗,22.0,打捕,7,1.0,0.0,1.0,1.0,0.0,0.0,0.0,0.0,0.0,0.0,0.0,,0.0,1.0,0.0,0.0,0.0,0.0,,,,,,,,,,,,,,,,,,,,,,
2026,2021038668,2026-04-04,1760551.0,ボイト,9.0,指,376,1.0,1.0,4.0,4.0,0.0,0.0,0.0,0.0,0.0,0.0,0.0,,0.0,1.0,0.0,0.0,0.0,0.0,,,,,,,,,,,,,,,,,,,,,,
2026,2021038668,2026-04-04,1800106.0,甲斐野 央,34.0,,7,,,,,,,,,,,,,,,,,,,2.0,1.0,0.0,0.0,1.0,9.0,1.0,1.0,,,0.0,2.0,2.0,2.0,0.0,,1.0,1.0,0.0,,6.0,21.0
2026,2021038668,2026-04-04,1800117.0,辰己 涼介,8.0,打中,376,1.0,0.0,1.0,0.0,1.0,0.0,0.0,0.0,0.0,0.0,0.0,,1.0,0.0,0.0,0.0,0.0,0.0,,,,,,,,,,,,,,,,,,,,,,
2026,2021038668,2026-04-04,1800118.0,太田 光,2.0,捕,376,1.0,0.0,0.0,0.0,0.0,0.0,0.0,0.0,0.0,0.0,0.0,,0.0,0.0,0.0,0.0,0.0,0.0,,,,,,,,,,,,,,,,,,,,,,
2026,2021038668,2026-04-04,1800124.0,鈴木 翔天,56.0,,376,,,,,,,,,,,,,,,,,,,3.0,1.0,0.0,0.0,0.0,0.0,1.0,1.0,,,0.0,0.0,0.0,0.0,0.0,,0.0,1.0,0.0,,3.0,11.0
2026,2021038668,2026-04-04,1900100.0,佐藤 直樹,38.0,右,376,1.0,1.0,4.0,4.0,0.0,2.0,0.0,0.0,0.0,0.0,0.0,,0.0,1.0,0.0,0.0,0.0,0.0,,,,,,,,,,,,,,,,,,,,,,
2026,2021038668,2026-04-04,1900112.0,小深田 大翔,0.0,二,376,1.0,1.0,3.0,3.0,0.0,1.0,0.0,1.0,0.0,2.0,0.0,,0.0,0.0,0.0,0.0,0.0,1.0,,,,,,,,,,,,,,,,,,,,,,
2026,2021038668,2026-04-04,1900113.0,黒川 史陽,24.0,三一,376,1.0,1.0,4.0,3.0,0.0,1.0,0.0,0.0,0.0,0.0,0.0,,0.0,2.0,0.0,1.0,0.0,0.0,,,,,,,,,,,,,,,,,,,,,,
2026,2021038668,2026-04-04,1900117.0,瀧中 瞭太,57.0,,376,,,,,,,,,,,,,,,,,,,1.0,1.0,,0.0,1.0,1.86,6.0,6.0,,,0.0,2.0,0.0,0.0,0.0,,2.0,5.0,0.0,,23.0,94.0
2026,2021038668,2026-04-04,1950278.0,中島 大輔,32.0,中左,376,1.0,1.0,4.0,4.0,0.0,0.0,0.0,0.0,0.0,0.0,0.0,,0.0,2.0,0.0,0.0,0.0,0.0,,,,,,,,,,,,,,,,,,,,,,
2026,2021038668,2026-04-04,1950417.0,渡部 聖弥,8.0,三,7,1.0,1.0,4.0,4.0,0.0,0.0,0.0,0.0,0.0,0.0,0.0,,0.0,1.0,0.0,0.0,0.0,0.0,,,,,,,,,,,,,,,,,,,,,,
2026,2021038668,2026-04-04,1961294.0,E.ラミレス,56.0,,7,,,,,,,,,,,,,,,,,,,3.0,1.0,0.0,1.0,0.0,0.0,1.0,1.0,,,0.0,1.0,0.0,0.0,0.0,,0.0,1.0,0.0,,4.0,13.0
2026,2021038668,2026-04-04,2000075.0,長谷川 信哉,63.0,中一,7,1.0,1.0,4.0,2.0,1.0,0.0,0.0,0.0,0.0,0.0,0.0,,1.0,0.0,0.0,1.0,0.0,0.0,,,,,,,,,,,,,,,,,,,,,,
2026,2021038668,2026-04-04,2050145.0,小島 大河,10.0,捕,7,1.0,1.0,4.0,4.0,0.0,0.0,0.0,0.0,0.0,0.0,0.0,,0.0,0.0,0.0,0.0,0.0,0.0,,,,,,,,,,,,,,,,,,,,,,
2026,2021038668,2026-04-04,2103618.0,滝澤 夏央,62.0,二,7,1.0,0.0,0.0,0.0,0.0,0.0,0.0,0.0,0.0,0.0,0.0,,0.0,0.0,0.0,0.0,0.0,0.0,,,,,,,,,,,,,,,,,,,,,,
2026,2021038668,2026-04-04,2105080.0,武内 夏暉,21.0,,7,,,,,,,,,,,,,,,,,,,1.0,1.0,,0.0,1.0,3.0,7.0,7.0,,,0.0,2.0,0.0,0.0,0.0,,0.0,10.0,0.0,,22.0,96.0
2026,2021038668,2026-04-04,2105283.0,平良 竜哉,48.0,走,376,1.0,0.0,0.0,0.0,1.0,0.0,0.0,0.0,0.0,0.0,1.0,,0.0,0.0,0.0,0.0,0.0,0.0,,,,,,,,,,,,,,,,,,,,,,
2026,2021038668,2026-04-04,2107899.0,田中 千晴,29.0,,376,,,,,,,,,,,,,,,,,,,4.0,1.0,0.0,0.0,0.0,2.45,1.0,1.0,,,1.0,1.0,1.0,0.0,0.0,,1.0,1.0,0.0,,5.0,17.0
2026,2021038668,2026-04-04,2117028.0,カナリオ,25.0,右,7,1.0,1.0,4.0,4.0,0.0,2.0,0.0,0.0,0.0,0.0,0.0,,0.0,1.0,0.0,0.0,0.0,0.0,,,,,,,,,,,,,,,,,,,,,,
2026,2021038668,2026-04-04,2122300.0,マッカスカー,34.0,左,376,1.0,1.0,3.0,3.0,0.0,0.0,0.0,0.0,0.0,0.0,0.0,,0.0,2.0,0.0,0.0,0.0,0.0,,,,,,,,,,,,,,,,,,,,,,
2026,2021038669,2026-04-04,1000035.0,今宮 健太,6.0,二,12,1.0,1.0,4.0,3.0,1.0,0.0,0.0,0.0,0.0,0.0,0.0,,1.0,2.0,0.0,0.0,0.0,0.0,,,,,,,,,,,,,,,,,,,,,,
2026,2021038669,2026-04-04,1000175.0,牧原 大成,8.0,右,12,1.0,1.0,4.0,4.0,1.0,1.0,1.0,0.0,0.0,0.0,0.0,,0.0,1.0,0.0,0.0,0.0,0.0,,,,,,,,,,,,,,,,,,,,,,
2026,2021038669,2026-04-04,1100097.0,近藤 健介,3.0,指,12,1.0,1.0,5.0,4.0,0.0,1.0,0.0,0.0,0.0,0.0,0.0,,1.0,1.0,0.0,0.0,0.0,0.0,,,,,,,,,,,,,,,,,,,,,,
2026,2021038669,2026-04-04,1100104.0,益田 直也,52.0,,9,,,,,,,,,,,,,,,,,,,4.0,1.0,0.0,0.0,0.0,6.0,1.0,1.0,,,0.0,0.0,0.0,0.0,0.0,,0.0,0.0,0.0,,3.0,10.0
2026,2021038669,2026-04-04,1300044.0,岡 大海,25.0,一中,9,1.0,1.0,5.0,4.0,0.0,0.0,0.0,0.0,0.0,0.0,0.0,,1.0,1.0,0.0,0.0,0.0,0.0,,,,,,,,,,,,,,,,,,,,,,
2026,2021038669,2026-04-04,1300101.0,山川 穂高,5.0,一,12,1.0,1.0,4.0,3.0,0.0,0.0,0.0,0.0,0.0,0.0,0.0,,0.0,2.0,1.0,0.0,0.0,0.0,,,,,,,,,,,,,,,,,,,,,,
2026,2021038669,2026-04-04,1400127.0,栗原 陵矢,24.0,三,12,1.0,1.0,4.0,4.0,0.0,0.0,0.0,0.0,0.0,0.0,0.0,,0.0,1.0,0.0,0.0,0.0,0.0,,,,,,,,,,,,,,,,,,,,,,
2026,2021038669,2026-04-04,1460080.0,ポランコ,22.0,打,9,1.0,0.0,1.0,1.0,0.0,0.0,0.0,0.0,0.0,0.0,0.0,,0.0,1.0,0.0,0.0,0.0,0.0,,,,,,,,,,,,,,,,,,,,,,
2026,2021038669,2026-04-04,1700020.0,ソト,99.0,指,9,1.0,1.0,4.0,1.0,0.0,0.0,0.0,0.0,0.0,0.0,0.0,,3.0,1.0,0.0,0.0,0.0,0.0,,,,,,,,,,,,,,,,,,,,,,
2026,2021038669,2026-04-04,1700135.0,周東 佑京,23.0,中,12,1.0,1.0,4.0,4.0,1.0,1.0,0.0,0.0,0.0,0.0,0.0,,0.0,1.0,0.0,0.0,0.0,0.0,,,,,,,,,,,,,,,,,,,,,,
2026,2021038669,2026-04-04,1800050.0,藤原 恭大,1.0,中右,9,1.0,1.0,5.0,3.0,0.0,1.0,0.0,0.0,0.0,1.0,0.0,,2.0,2.0,0.0,0.0,0.0,0.0,,,,,,,,,,,,,,,,,,,,,,
2026,2021038669,2026-04-04,1800053.0,山口 航輝,51.0,一,9,1.0,0.0,1.0,1.0,0.0,0.0,0.0,0.0,0.0,0.0,0.0,,0.0,0.0,0.0,0.0,0.0,0.0,,,,,,,,,,,,,,,,,,,,,,
2026,2021038669,2026-04-04,1800107.0,杉山 一樹,40.0,,12,,,,,,,,,,,,,,,,,,,4.0,1.0,0.0,0.0,1.0,11.25,0.3333333333333333,0.1,,,3.0,0.0,0.0,0.0,0.0,,0.0,0.0,0.0,,1.0,2.0
2026,2021038669,2026-04-04,1851115.0,木村 光,68.0,,12,,,,,,,,,,,,,,,,,,,2.0,1.0,0.0,0.0,0.0,0.0,1.0,1.0,,,0.0,1.0,0.0,0.0,0.0,,2.0,2.0,0.0,,6.0,25.0
2026,2021038669,2026-04-04,1900081.0,佐藤 都志也,32.0,打捕,9,1.0,0.0,2.0,1.0,1.0,0.0,0.0,0.0,0.0,0.0,0.0,,1.0,0.0,0.0,0.0,0.0,0.0,,,,,,,,,,,,,,,,,,,,,,
2026,2021038669,2026-04-04,1900082.0,高部 瑛斗,0.0,打,9,1.0,0.0,1.0,1.0,0.0,0.0,0.0,0.0,0.0,0.0,0.0,,0.0,0.0,0.0,0.0,0.0,0.0,,,,,,,,,,,,,,,,,,,,,,
2026,2021038669,2026-04-04,1900101.0,海野 隆司,62.0,捕,12,1.0,1.0,4.0,3.0,1.0,1.0,0.0,0.0,1.0,2.0,0.0,,0.0,2.0,0.0,1.0,0.0,0.0,,,,,,,,,,,,,,,,,,,,,,
2026,2021038669,2026-04-04,1900104.0,柳町 達,32.0,左,12,1.0,1.0,5.0,4.0,0.0,2.0,1.0,0.0,0.0,3.0,0.0,,1.0,1.0,0.0,0.0,0.0,0.0,,,,,,,,,,,,,,,,,,,,,,
2026,2021038669,2026-04-04,1950286.0,西川 史礁,6.0,左,9,1.0,1.0,5.0,4.0,0.0,2.0,0.0,0.0,0.0,0.0,0.0,,1.0,1.0,0.0,0.0,0.0,0.0,,,,,,,,,,,,,,,,,,,,,,
2026,2021038669,2026-04-04,1961052.0,ヘルナンデス,63.0,,12,,,,,,,,,,,,,,,,,,,3.0,1.0,0.0,0.0,0.0,2.45,0.6666666666666666,0.2,,,0.0,0.0,1.0,0.0,0.0,,3.0,2.0,0.0,,5.0,32.0
2026,2021038669,2026-04-04,2000089.0,小川 龍成,57.0,二,9,1.0,0.0,1.0,1.0,0.0,0.0,0.0,0.0,0.0,0.0,0.0,,0.0,1.0,0.0,0.0,0.0,0.0,,,,,,,,,,,,,,,,,,,,,,
2026,2021038669,2026-04-04,2000094.0,山本 大斗,61.0,右,9,1.0,1.0,3.0,3.0,0.0,0.0,0.0,0.0,0.0,0.0,0.0,,0.0,1.0,0.0,0.0,0.0,0.0,,,,,,,,,,,,,,,,,,,,,,
2026,2021038669,2026-04-04,2100346.0,松川 虎生,2.0,捕,9,1.0,1.0,2.0,2.0,0.0,0.0,0.0,0.0,0.0,0.0,0.0,,0.0,1.0,0.0,0.0,0.0,0.0,,,,,,,,,,,,,,,,,,,,,,
2026,2021038669,2026-04-04,2102758.0,田中 晴也,35.0,,9,,,,,,,,,,,,,,,,,,,1.0,1.0,,1.0,0.0,0.0,6.0,6.0,,,0.0,3.0,0.0,0.0,0.0,,2.0,8.0,1.0,,24.0,99.0
2026,2021038669,2026-04-04,2102926.0,寺地 隆成,65.0,三,9,1.0,1.0,4.0,4.0,0.0,1.0,0.0,0.0,0.0,0.0,0.0,,0.0,0.0,0.0,0.0,0.0,0.0,,,,,,,,,,,,,,,,,,,,,,
2026,2021038669,2026-04-04,2103693.0,池田 来翔,0.0,二,9,1.0,1.0,2.0,2.0,0.0,0.0,0.0,0.0,0.0,0.0,0.0,,0.0,0.0,0.0,0.0,0.0,0.0,,,,,,,,,,,,,,,,,,,,,,
2026,2021038669,2026-04-04,2104035.0,野村 勇,99.0,遊,12,1.0,1.0,5.0,4.0,1.0,1.0,0.0,0.0,0.0,0.0,0.0,,1.0,1.0,0.0,0.0,0.0,0.0,,,,,,,,,,,,,,,,,,,,,,
2026,2021038669,2026-04-04,2105534.0,高野 脩汰,34.0,,9,,,,,,,,,,,,,,,,,,,2.0,1.0,0.0,0.0,1.0,13.5,1.0,1.0,,,0.0,2.0,3.0,3.0,0.0,,2.0,2.0,0.0,,7.0,31.0
2026,2021038669,2026-04-04,2106798.0,友杉 篤輝,4.0,遊,9,1.0,1.0,4.0,4.0,1.0,2.0,1.0,0.0,0.0,0.0,0.0,,0.0,1.0,0.0,0.0,0.0,0.0,,,,,,,,,,,,,,,,,,,,,,
2026,2021038669,2026-04-04,2107586.0,宮崎 颯,66.0,,9,,,,,,,,,,,,,,,,,,,3.0,1.0,0.0,0.0,0.0,6.75,1.0,1.0,,,0.0,2.0,2.0,2.0,1.0,,0.0,2.0,0.0,,5.0,22.0
2026,2021038669,2026-04-04,2107909.0,松本 晴,49.0,,12,,,,,,,,,,,,,,,,,,,1.0,1.0,,2.0,0.0,2.08,7.0,7.0,,,0.0,5.0,1.0,1.0,0.0,,3.0,6.0,0.0,,28.0,107.0
2026,2021038670,2026-04-05,800043.0,丸 佳浩,8.0,右,1,1.0,1.0,3.0,3.0,0.0,0.0,0.0,0.0,0.0,0.0,0.0,,0.0,0.0,0.0,0.0,0.0,0.0,,,,,,,,,,,,,,,,,,,,,,
2026,2021038670,2026-04-05,1100095.0,松本 剛,9.0,走中,1,1.0,0.0,0.0,0.0,1.0,0.0,0.0,0.0,0.0,0.0,1.0,,0.0,0.0,0.0,0.0,0.0,0.0,,,,,,,,,,,,,,,,,,,,,,
2026,2021038670,2026-04-05,1200053.0,宮崎 敏郎,51.0,三,3,1.0,1.0,4.0,4.0,0.0,2.0,1.0,0.0,0.0,1.0,0.0,,0.0,0.0,0.0,0.0,0.0,0.0,,,,,,,,,,,,,,,,,,,,,,
2026,2021038670,2026-04-05,1561820.0,ダルベック,29.0,三一,1,1.0,1.0,4.0,3.0,0.0,0.0,0.0,0.0,0.0,0.0,0.0,,1.0,1.0,0.0,0.0,0.0,0.0,,,,,,,,,,,,,,,,,,,,,,
2026,2021038670,2026-04-05,1600021.0,ビシエド,66.0,一,3,1.0,1.0,3.0,3.0,0.0,1.0,0.0,0.0,0.0,0.0,0.0,,0.0,0.0,0.0,0.0,0.0,0.0,,,,,,,,,,,,,,,,,,,,,,
2026,2021038670,2026-04-05,1600089.0,佐野 恵太,7.0,左一,3,1.0,1.0,4.0,3.0,1.0,1.0,0.0,0.0,1.0,1.0,0.0,,1.0,0.0,0.0,0.0,0.0,0.0,,,,,,,,,,,,,,,,,,,,,,
2026,2021038670,2026-04-05,1600167.0,三森 大貴,26.0,走,3,1.0,0.0,0.0,0.0,0.0,0.0,0.0,0.0,0.0,0.0,0.0,,0.0,0.0,0.0,0.0,0.0,0.0,,,,,,,,,,,,,,,,,,,,,,
2026,2021038670,2026-04-05,1700010.0,マルティネス,92.0,投,1,1.0,0.0,0.0,0.0,0.0,0.0,0.0,0.0,0.0,0.0,0.0,,0.0,0.0,0.0,0.0,0.0,0.0,3.0,1.0,0.0,0.0,0.0,9.0,1.0,1.0,,,1.0,2.0,1.0,1.0,0.0,,0.0,1.0,0.0,,5.0,14.0
2026,2021038670,2026-04-05,1700043.0,岸田 行倫,27.0,捕,1,1.0,1.0,3.0,3.0,0.0,1.0,0.0,0.0,0.0,0.0,0.0,,0.0,1.0,0.0,0.0,0.0,0.0,,,,,,,,,,,,,,,,,,,,,,
2026,2021038670,2026-04-05,1700044.0,大城 卓三,24.0,打捕,1,1.0,0.0,1.0,1.0,1.0,1.0,0.0,0.0,1.0,3.0,0.0,,0.0,0.0,0.0,0.0,0.0,0.0,,,,,,,,,,,,,,,,,,,,,,
2026,2021038670,2026-04-05,1700066.0,山本 祐大,50.0,捕,3,1.0,1.0,3.0,3.0,0.0,0.0,0.0,0.0,0.0,0.0,0.0,,0.0,1.0,0.0,0.0,0.0,0.0,,,,,,,,,,,,,,,,,,,,,,
2026,2021038670,2026-04-05,1750321.0,泉口 友汰,35.0,遊,1,1.0,1.0,4.0,4.0,0.0,1.0,0.0,0.0,0.0,0.0,0.0,,0.0,0.0,0.0,0.0,0.0,0.0,,,,,,,,,,,,,,,,,,,,,,
2026,2021038670,2026-04-05,1800024.0,増田 陸,61.0,一,1,1.0,1.0,3.0,3.0,0.0,1.0,0.0,0.0,0.0,0.0,0.0,,0.0,0.0,0.0,0.0,0.0,0.0,,,,,,,,,,,,,,,,,,,,,,
2026,2021038670,2026-04-05,1850208.0,林 琢真,0.0,遊,3,1.0,1.0,3.0,3.0,0.0,0.0,0.0,0.0,0.0,0.0,0.0,,0.0,0.0,0.0,0.0,0.0,0.0,,,,,,,,,,,,,,,,,,,,,,
2026,2021038670,2026-04-05,1850873.0,度会 隆輝,4.0,右左,3,1.0,1.0,4.0,4.0,0.0,0.0,0.0,0.0,0.0,0.0,0.0,,0.0,2.0,0.0,0.0,0.0,0.0,,,,,,,,,,,,,,,,,,,,,,
2026,2021038670,2026-04-05,1900019.0,井上 温大,97.0,投,1,1.0,1.0,2.0,2.0,0.0,0.0,0.0,0.0,0.0,0.0,0.0,,0.0,2.0,0.0,0.0,0.0,0.0,1.0,1.0,,1.0,0.0,1.29,7.0,7.0,,,0.0,3.0,1.0,1.0,1.0,,1.0,8.0,0.0,,24.0,89.0
2026,2021038670,2026-04-05,1900031.0,坂本 裕哉,20.0,投,3,1.0,0.0,0.0,0.0,0.0,0.0,0.0,0.0,0.0,0.0,0.0,,0.0,0.0,0.0,0.0,0.0,0.0,3.0,1.0,0.0,0.0,0.0,4.5,1.0,1.0,,,0.0,0.0,0.0,0.0,0.0,,0.0,1.0,0.0,,3.0,7.0
2026,2021038670,2026-04-05,1900032.0,伊勢 大夢,13.0,投,3,1.0,0.0,0.0,0.0,0.0,0.0,0.0,0.0,0.0,0.0,0.0,,0.0,0.0,0.0,0.0,0.0,0.0,2.0,1.0,0.0,0.0,0.0,3.86,0.3333333333333333,0.1,,,0.0,1.0,1.0,1.0,1.0,,0.0,0.0,0.0,,2.0,5.0
2026,2021038670,2026-04-05,1900035.0,蝦名 達夫,61.0,走右,3,1.0,0.0,1.0,1.0,0.0,0.0,0.0,0.0,0.0,0.0,0.0,,0.0,1.0,0.0,0.0,0.0,0.0,,,,,,,,,,,,,,,,,,,,,,
2026,2021038670,2026-04-05,1951153.0,浦田 俊輔,32.0,二,1,1.0,1.0,4.0,4.0,0.0,1.0,0.0,0.0,0.0,0.0,0.0,,0.0,0.0,0.0,0.0,0.0,0.0,,,,,,,,,,,,,,,,,,,,,,
2026,2021038670,2026-04-05,2000035.0,牧 秀悟,2.0,二,3,1.0,1.0,4.0,4.0,1.0,1.0,0.0,0.0,0.0,0.0,0.0,,0.0,2.0,0.0,0.0,0.0,1.0,,,,,,,,,,,,,,,,,,,,,,
2026,2021038670,2026-04-05,2000070.0,若林 楽人,59.0,左,1,1.0,0.0,0.0,0.0,0.0,0.0,0.0,0.0,0.0,0.0,0.0,,0.0,0.0,0.0,0.0,0.0,0.0,,,,,,,,,,,,,,,,,,,,,,
2026,2021038670,2026-04-05,2101034.0,ヒュンメル,99.0,打,3,1.0,0.0,1.0,1.0,0.0,0.0,0.0,0.0,0.0,0.0,0.0,,0.0,1.0,0.0,0.0,0.0,0.0,,,,,,,,,,,,,,,,,,,,,,
2026,2021038670,2026-04-05,2103697.0,大勢,15.0,投,1,1.0,0.0,0.0,0.0,0.0,0.0,0.0,0.0,0.0,0.0,0.0,,0.0,0.0,0.0,0.0,0.0,0.0,2.0,1.0,0.0,0.0,0.0,0.0,1.0,1.0,,,2.0,0.0,0.0,0.0,0.0,,0.0,1.0,0.0,,3.0,10.0
2026,2021038670,2026-04-05,2103703.0,梶原 昂希,58.0,中,3,1.0,1.0,3.0,3.0,0.0,0.0,0.0,0.0,0.0,0.0,0.0,,0.0,2.0,0.0,0.0,0.0,0.0,,,,,,,,,,,,,,,,,,,,,,
2026,2021038670,2026-04-05,2106178.0,佐々木 俊輔,44.0,中右,1,1.0,1.0,3.0,3.0,0.0,1.0,0.0,0.0,0.0,0.0,0.0,,0.0,0.0,0.0,0.0,0.0,0.0,,,,,,,,,,,,,,,,,,,,,,
2026,2021038670,2026-04-05,2107874.0,門脇 誠,5.0,走三,1,1.0,0.0,0.0,0.0,1.0,0.0,0.0,0.0,0.0,0.0,0.0,,0.0,0.0,0.0,0.0,0.0,0.0,,,,,,,,,,,,,,,,,,,,,,
2026,2021038670,2026-04-05,2112182.0,石田 裕太郎,54.0,投,3,1.0,1.0,2.0,2.0,0.0,0.0,0.0,0.0,0.0,0.0,0.0,,0.0,1.0,0.0,0.0,0.0,0.0,1.0,1.0,,0.0,2.0,3.95,6.666666666666667,6.2,,,0.0,5.0,2.0,2.0,0.0,,1.0,5.0,0.0,,26.0,97.0
2026,2021038670,2026-04-05,2118420.0,キャベッジ,13.0,左,1,1.0,1.0,4.0,4.0,0.0,0.0,0.0,0.0,0.0,0.0,0.0,,0.0,2.0,0.0,0.0,0.0,0.0,,,,,,,,,,,,,,,,,,,,,,
2026,2021038671,2026-04-05,900044.0,中村 悠平,27.0,捕,2,1.0,1.0,3.0,2.0,0.0,0.0,0.0,0.0,0.0,0.0,0.0,,1.0,1.0,0.0,0.0,0.0,0.0,,,,,,,,,,,,,,,,,,,,,,
2026,2021038671,2026-04-05,1100069.0,高橋 周平,3.0,打,4,1.0,0.0,1.0,0.0,0.0,0.0,0.0,0.0,0.0,0.0,0.0,,1.0,0.0,0.0,0.0,0.0,0.0,,,,,,,,,,,,,,,,,,,,,,
2026,2021038671,2026-04-05,1300045.0,高梨 裕稔,40.0,投,2,1.0,1.0,2.0,2.0,0.0,0.0,0.0,0.0,0.0,0.0,0.0,,0.0,2.0,0.0,0.0,0.0,0.0,1.0,1.0,,0.0,0.0,2.38,5.333333333333333,5.1,,,0.0,7.0,4.0,2.0,0.0,,2.0,5.0,0.0,,24.0,95.0
2026,2021038671,2026-04-05,1400160.0,加藤 匠馬,49.0,捕,4,1.0,1.0,4.0,4.0,1.0,2.0,1.0,0.0,0.0,1.0,0.0,,0.0,1.0,0.0,0.0,0.0,0.0,,,,,,,,,,,,,,,,,,,,,,
2026,2021038671,2026-04-05,1400199.0,齋藤 綱記,59.0,投,4,1.0,0.0,0.0,0.0,0.0,0.0,0.0,0.0,0.0,0.0,0.0,,0.0,0.0,0.0,0.0,0.0,0.0,2.0,1.0,0.0,0.0,1.0,-,0.0,0.0,,,0.0,1.0,1.0,1.0,0.0,,0.0,0.0,0.0,,1.0,5.0
2026,2021038671,2026-04-05,1500078.0,阿部 寿樹,48.0,打,4,1.0,0.0,1.0,1.0,0.0,1.0,0.0,0.0,0.0,0.0,0.0,,0.0,0.0,0.0,0.0,0.0,0.0,,,,,,,,,,,,,,,,,,,,,,
2026,2021038671,2026-04-05,1500091.0,板山 祐太郎,63.0,一,4,1.0,0.0,0.0,0.0,0.0,0.0,0.0,0.0,0.0,0.0,0.0,,0.0,0.0,0.0,0.0,0.0,0.0,,,,,,,,,,,,,,,,,,,,,,
2026,2021038671,2026-04-05,1560639.0,カリステ,4.0,打,4,1.0,0.0,1.0,1.0,0.0,0.0,0.0,0.0,0.0,0.0,0.0,,0.0,0.0,0.0,0.0,0.0,0.0,,,,,,,,,,,,,,,,,,,,,,
2026,2021038671,2026-04-05,1561854.0,サノー,23.0,一,4,1.0,1.0,4.0,3.0,1.0,1.0,0.0,0.0,0.0,0.0,0.0,,1.0,1.0,0.0,0.0,0.0,0.0,,,,,,,,,,,,,,,,,,,,,,
2026,2021038671,2026-04-05,1600075.0,星 知弥,24.0,投,2,1.0,0.0,0.0,0.0,0.0,0.0,0.0,0.0,0.0,0.0,0.0,,0.0,0.0,0.0,0.0,0.0,0.0,4.0,1.0,0.0,0.0,0.0,2.25,1.0,1.0,,,1.0,2.0,0.0,0.0,0.0,,1.0,0.0,0.0,,6.0,28.0
2026,2021038671,2026-04-05,1600085.0,細川 成也,55.0,左,4,1.0,1.0,5.0,4.0,2.0,2.0,0.0,0.0,0.0,0.0,0.0,,1.0,1.0,0.0,0.0,0.0,0.0,,,,,,,,,,,,,,,,,,,,,,
2026,2021038671,2026-04-05,1650522.0,丸山 和郁,4.0,右,2,1.0,0.0,0.0,0.0,0.0,0.0,0.0,0.0,0.0,0.0,0.0,,0.0,0.0,0.0,0.0,0.0,0.0,,,,,,,,,,,,,,,,,,,,,,
2026,2021038671,2026-04-05,1660558.0,メヒア,91.0,投,4,1.0,0.0,0.0,0.0,0.0,0.0,0.0,0.0,0.0,0.0,0.0,,0.0,0.0,0.0,0.0,0.0,0.0,4.0,1.0,0.0,0.0,0.0,0.00,1.0,1.0,,,0.0,0.0,0.0,0.0,0.0,,0.0,0.0,0.0,,3.0,4.0
2026,2021038671,2026-04-05,1700131.0,増田 珠,63.0,右,2,1.0,1.0,4.0,4.0,1.0,1.0,0.0,0.0,0.0,0.0,0.0,,0.0,1.0,0.0,0.0,0.0,0.0,,,,,,,,,,,,,,,,,,,,,,
2026,2021038671,2026-04-05,1750223.0,村松 開人,5.0,遊,4,1.0,1.0,4.0,4.0,0.0,1.0,0.0,0.0,0.0,1.0,0.0,,0.0,0.0,0.0,0.0,0.0,1.0,,,,,,,,,,,,,,,,,,,,,,
2026,2021038671,2026-04-05,1750701.0,田中 幹也,2.0,二,4,1.0,1.0,5.0,5.0,0.0,1.0,1.0,0.0,0.0,0.0,0.0,,0.0,0.0,0.0,0.0,0.0,0.0,,,,,,,,,,,,,,,,,,,,,,
2026,2021038671,2026-04-05,1800061.0,勝野 昌慶,41.0,投,4,1.0,0.0,0.0,0.0,0.0,0.0,0.0,0.0,0.0,0.0,0.0,,0.0,0.0,0.0,0.0,0.0,0.0,3.0,1.0,0.0,0.0,1.0,6.75,1.0,1.0,,,0.0,1.0,1.0,1.0,1.0,,1.0,3.0,0.0,,5.0,27.0
2026,2021038671,2026-04-05,1900027.0,大西 広樹,44.0,投,2,1.0,0.0,0.0,0.0,0.0,0.0,0.0,0.0,0.0,0.0,0.0,,0.0,0.0,0.0,0.0,0.0,0.0,2.0,1.0,0.0,0.0,0.0,10.13,0.6666666666666666,0.2,,,0.0,2.0,1.0,1.0,0.0,,0.0,0.0,0.0,,4.0,9.0
2026,2021038671,2026-04-05,1900028.0,長岡 秀樹,7.0,遊,2,1.0,1.0,4.0,4.0,1.0,2.0,0.0,0.0,0.0,2.0,0.0,,0.0,0.0,0.0,0.0,0.0,0.0,,,,,,,,,,,,,,,,,,,,,,
2026,2021038671,2026-04-05,1900029.0,武岡 龍世,60.0,三,2,1.0,1.0,4.0,3.0,1.0,1.0,0.0,0.0,0.0,1.0,0.0,,1.0,1.0,0.0,0.0,0.0,0.0,,,,,,,,,,,,,,,,,,,,,,
2026,2021038671,2026-04-05,1961046.0,キハダ,11.0,投,2,1.0,0.0,0.0,0.0,0.0,0.0,0.0,0.0,0.0,0.0,0.0,,0.0,0.0,0.0,0.0,0.0,0.0,5.0,1.0,0.0,0.0,0.0,0.00,1.0,1.0,,,3.0,0.0,0.0,0.0,0.0,,0.0,0.0,0.0,,3.0,10.0
2026,2021038671,2026-04-05,2000031.0,赤羽 由紘,0.0,左,2,1.0,0.0,0.0,0.0,0.0,0.0,0.0,0.0,0.0,0.0,0.0,,0.0,0.0,0.0,0.0,0.0,0.0,,,,,,,,,,,,,,,,,,,,,,
2026,2021038671,2026-04-05,2000042.0,高橋 宏斗,19.0,投,4,1.0,1.0,3.0,2.0,0.0,1.0,0.0,0.0,0.0,1.0,0.0,,0.0,0.0,0.0,1.0,0.0,0.0,1.0,1.0,,0.0,1.0,1.93,6.0,6.0,,,0.0,8.0,5.0,3.0,0.0,,3.0,8.0,0.0,,27.0,115.0
2026,2021038671,2026-04-05,2000133.0,オスナ,13.0,一,2,1.0,1.0,4.0,3.0,0.0,0.0,0.0,0.0,0.0,0.0,0.0,,1.0,2.0,0.0,0.0,0.0,0.0,,,,,,,,,,,,,,,,,,,,,,
2026,2021038671,2026-04-05,2000135.0,サンタナ,25.0,左,2,1.0,1.0,4.0,4.0,1.0,2.0,0.0,0.0,1.0,2.0,0.0,,0.0,1.0,0.0,0.0,0.0,0.0,,,,,,,,,,,,,,,,,,,,,,
2026,2021038671,2026-04-05,2100275.0,花田 旭,57.0,中,4,1.0,1.0,5.0,4.0,1.0,2.0,0.0,0.0,0.0,1.0,0.0,,1.0,0.0,0.0,0.0,0.0,0.0,,,,,,,,,,,,,,,,,,,,,,
2026,2021038671,2026-04-05,2103780.0,福永 裕基,7.0,三,4,1.0,1.0,5.0,4.0,0.0,0.0,0.0,0.0,0.0,0.0,1.0,,0.0,0.0,1.0,0.0,0.0,0.0,,,,,,,,,,,,,,,,,,,,,,
2026,2021038671,2026-04-05,2103840.0,ブライト 健太,42.0,右,4,1.0,1.0,4.0,4.0,0.0,0.0,0.0,0.0,0.0,0.0,0.0,,0.0,2.0,0.0,0.0,0.0,0.0,,,,,,,,,,,,,,,,,,,,,,
2026,2021038671,2026-04-05,2103917.0,岩田 幸宏,64.0,中,2,1.0,1.0,4.0,4.0,1.0,2.0,1.0,0.0,0.0,0.0,0.0,,0.0,1.0,0.0,0.0,0.0,0.0,,,,,,,,,,,,,,,,,,,,,,
2026,2021038671,2026-04-05,2105063.0,橋本 星哉,52.0,打,2,1.0,0.0,1.0,1.0,0.0,0.0,0.0,0.0,0.0,0.0,0.0,,0.0,1.0,0.0,0.0,0.0,0.0,,,,,,,,,,,,,,,,,,,,,,
2026,2021038671,2026-04-05,2105626.0,廣澤 優,70.0,投,2,1.0,0.0,0.0,0.0,0.0,0.0,0.0,0.0,0.0,0.0,0.0,,0.0,0.0,0.0,0.0,0.0,0.0,3.0,1.0,0.0,1.0,0.0,0.00,1.0,1.0,,,0.0,0.0,0.0,0.0,0.0,,1.0,0.0,1.0,,5.0,18.0
2026,2021038671,2026-04-05,2107645.0,尾田 剛樹,0.0,走右,4,1.0,0.0,0.0,0.0,0.0,0.0,0.0,0.0,0.0,0.0,0.0,,0.0,0.0,0.0,0.0,0.0,0.0,,,,,,,,,,,,,,,,,,,,,,
2026,2021038671,2026-04-05,2109495.0,鈴木 叶,65.0,捕,2,1.0,0.0,2.0,2.0,1.0,1.0,0.0,0.0,0.0,0.0,0.0,,0.0,0.0,0.0,0.0,0.0,0.0,,,,,,,,,,,,,,,,,,,,,,
2026,2021038671,2026-04-05,2112175.0,伊藤 琉偉,67.0,二,2,1.0,1.0,4.0,3.0,1.0,1.0,0.0,0.0,0.0,1.0,0.0,,1.0,1.0,0.0,0.0,0.0,0.0,,,,,,,,,,,,,,,,,,,,,,
2026,2021038672,2026-04-05,1000116.0,中崎 翔太,21.0,投,6,1.0,0.0,0.0,0.0,0.0,0.0,0.0,0.0,0.0,0.0,0.0,,0.0,0.0,0.0,0.0,0.0,0.0,2.0,1.0,0.0,1.0,0.0,0.0,1.0,1.0,,,0.0,0.0,0.0,0.0,0.0,,0.0,0.0,0.0,,3.0,18.0
2026,2021038672,2026-04-05,1200100.0,伏見 寅威,17.0,捕,5,1.0,1.0,2.0,2.0,0.0,0.0,0.0,0.0,0.0,0.0,0.0,,0.0,2.0,0.0,0.0,0.0,0.0,,,,,,,,,,,,,,,,,,,,,,
2026,2021038672,2026-04-05,1500087.0,坂本 誠志郎,12.0,打捕,5,1.0,0.0,1.0,1.0,0.0,1.0,0.0,0.0,0.0,0.0,0.0,,0.0,0.0,0.0,0.0,0.0,0.0,,,,,,,,,,,,,,,,,,,,,,
2026,2021038672,2026-04-05,1600113.0,大山 悠輔,3.0,一,5,1.0,1.0,4.0,4.0,0.0,1.0,0.0,0.0,0.0,0.0,0.0,,0.0,0.0,0.0,0.0,0.0,0.0,,,,,,,,,,,,,,,,,,,,,,
2026,2021038672,2026-04-05,1600124.0,坂倉 将吾,31.0,捕,6,1.0,1.0,4.0,4.0,0.0,0.0,0.0,0.0,0.0,0.0,0.0,,0.0,2.0,0.0,0.0,0.0,0.0,,,,,,,,,,,,,,,,,,,,,,
2026,2021038672,2026-04-05,1700068.0,中村 奨成,96.0,右,6,1.0,1.0,4.0,1.0,0.0,1.0,0.0,0.0,0.0,0.0,0.0,,1.0,0.0,0.0,2.0,0.0,0.0,,,,,,,,,,,,,,,,,,,,,,
2026,2021038672,2026-04-05,1700078.0,高橋 遥人,29.0,投,5,1.0,1.0,2.0,0.0,0.0,0.0,0.0,0.0,0.0,0.0,0.0,,0.0,0.0,0.0,2.0,0.0,0.0,1.0,1.0,,1.0,0.0,0.6,6.0,6.0,,,0.0,5.0,1.0,1.0,0.0,,1.0,4.0,0.0,,24.0,84.0
2026,2021038672,2026-04-05,1800065.0,近本 光司,5.0,中,5,1.0,1.0,4.0,3.0,0.0,0.0,0.0,0.0,0.0,1.0,1.0,,0.0,0.0,0.0,0.0,1.0,0.0,,,,,,,,,,,,,,,,,,,,,,
2026,2021038672,2026-04-05,1800067.0,木浪 聖也,0.0,遊,5,1.0,1.0,3.0,3.0,0.0,0.0,0.0,0.0,0.0,0.0,0.0,,0.0,3.0,0.0,0.0,0.0,0.0,,,,,,,,,,,,,,,,,,,,,,
2026,2021038672,2026-04-05,1800072.0,小園 海斗,5.0,遊,6,1.0,1.0,4.0,3.0,0.0,0.0,0.0,0.0,0.0,0.0,0.0,,0.0,1.0,0.0,1.0,0.0,0.0,,,,,,,,,,,,,,,,,,,,,,
2026,2021038672,2026-04-05,1800079.0,大盛 穂,59.0,中,6,1.0,1.0,4.0,4.0,1.0,2.0,0.0,0.0,0.0,0.0,0.0,,0.0,1.0,0.0,0.0,0.0,0.0,,,,,,,,,,,,,,,,,,,,,,
2026,2021038672,2026-04-05,1850183.0,森下 翔太,1.0,右,5,1.0,1.0,4.0,4.0,0.0,0.0,0.0,0.0,0.0,0.0,0.0,,0.0,1.0,0.0,0.0,0.0,0.0,,,,,,,,,,,,,,,,,,,,,,
2026,2021038672,2026-04-05,1961927.0,モンテロ,95.0,一,6,1.0,1.0,4.0,4.0,1.0,2.0,0.0,0.0,1.0,1.0,0.0,,0.0,0.0,0.0,0.0,0.0,0.0,,,,,,,,,,,,,,,,,,,,,,
2026,2021038672,2026-04-05,2000051.0,佐藤 輝明,8.0,三,5,1.0,1.0,4.0,4.0,0.0,0.0,0.0,0.0,0.0,0.0,0.0,,0.0,2.0,0.0,0.0,0.0,0.0,,,,,,,,,,,,,,,,,,,,,,
2026,2021038672,2026-04-05,2000056.0,中野 拓夢,7.0,二,5,1.0,1.0,4.0,4.0,0.0,0.0,0.0,0.0,0.0,0.0,0.0,,0.0,1.0,0.0,0.0,0.0,0.0,,,,,,,,,,,,,,,,,,,,,,
2026,2021038672,2026-04-05,2000057.0,高寺 望夢,67.0,打,5,1.0,0.0,1.0,1.0,1.0,1.0,0.0,0.0,0.0,0.0,0.0,,0.0,0.0,0.0,0.0,0.0,0.0,,,,,,,,,,,,,,,,,,,,,,
2026,2021038672,2026-04-05,2000060.0,栗林 良吏,20.0,投,6,1.0,1.0,3.0,1.0,0.0,0.0,0.0,0.0,0.0,0.0,0.0,,0.0,1.0,0.0,2.0,0.0,0.0,1.0,1.0,,1.0,0.0,0.53,8.0,8.0,,,0.0,5.0,1.0,1.0,0.0,,0.0,9.0,0.0,,29.0,100.0
2026,2021038672,2026-04-05,2050203.0,佐々木 泰,10.0,三,6,1.0,1.0,4.0,4.0,0.0,2.0,0.0,0.0,0.0,1.0,0.0,,0.0,0.0,0.0,0.0,0.0,0.0,,,,,,,,,,,,,,,,,,,,,,
2026,2021038672,2026-04-05,2103707.0,桐敷 拓馬,47.0,投,5,1.0,0.0,0.0,0.0,0.0,0.0,0.0,0.0,0.0,0.0,0.0,,0.0,0.0,0.0,0.0,0.0,0.0,4.0,1.0,0.0,0.0,1.0,5.4,0.3333333333333333,0.1,,,0.0,1.0,1.0,1.0,1.0,,0.0,1.0,0.0,,2.0,11.0
2026,2021038672,2026-04-05,2107887.0,辰見 鴻之介,69.0,走右,6,1.0,0.0,0.0,0.0,0.0,0.0,0.0,0.0,0.0,0.0,1.0,,0.0,0.0,0.0,0.0,0.0,0.0,,,,,,,,,,,,,,,,,,,,,,
2026,2021038672,2026-04-05,2108105.0,モレッタ,99.0,投,5,1.0,0.0,0.0,0.0,0.0,0.0,0.0,0.0,0.0,0.0,0.0,,0.0,0.0,0.0,0.0,0.0,0.0,3.0,1.0,0.0,1.0,0.0,0.0,1.0,1.0,,,0.0,1.0,0.0,0.0,0.0,,0.0,1.0,0.0,,4.0,15.0
2026,2021038672,2026-04-05,2110225.0,福島 圭音,92.0,左,5,1.0,1.0,3.0,3.0,0.0,2.0,1.0,0.0,0.0,0.0,0.0,,0.0,0.0,0.0,0.0,0.0,0.0,,,,,,,,,,,,,,,,,,,,,,
2026,2021038672,2026-04-05,2110422.0,勝田 成,0.0,二,6,1.0,1.0,3.0,3.0,0.0,1.0,1.0,0.0,0.0,0.0,0.0,,0.0,1.0,0.0,0.0,0.0,0.0,,,,,,,,,,,,,,,,,,,,,,
2026,2021038672,2026-04-05,2112127.0,早川 太貴,51.0,投,5,1.0,0.0,0.0,0.0,0.0,0.0,0.0,0.0,0.0,0.0,0.0,,0.0,0.0,0.0,0.0,0.0,0.0,2.0,1.0,0.0,0.0,0.0,0.0,1.0,1.0,,,0.0,1.0,0.0,0.0,0.0,,0.0,1.0,0.0,,4.0,12.0
2026,2021038672,2026-04-05,2114882.0,ファビアン,61.0,左,6,1.0,1.0,4.0,4.0,0.0,0.0,0.0,0.0,0.0,0.0,0.0,,0.0,1.0,0.0,0.0,0.0,0.0,,,,,,,,,,,,,,,,,,,,,,
2026,2021038673,2026-04-05,1000100.0,西川 遥輝,7.0,中,8,1.0,1.0,4.0,3.0,0.0,0.0,0.0,0.0,0.0,0.0,0.0,,1.0,2.0,0.0,0.0,0.0,0.0,,,,,,,,,,,,,,,,,,,,,,
2026,2021038673,2026-04-05,1300100.0,森 友哉,4.0,指,11,1.0,1.0,4.0,4.0,0.0,0.0,0.0,0.0,0.0,0.0,0.0,,0.0,0.0,0.0,0.0,0.0,0.0,,,,,,,,,,,,,,,,,,,,,,
2026,2021038673,2026-04-05,1300109.0,若月 健矢,2.0,捕,11,1.0,1.0,3.0,3.0,0.0,0.0,0.0,0.0,0.0,0.0,0.0,,0.0,1.0,0.0,0.0,0.0,0.0,,,,,,,,,,,,,,,,,,,,,,
2026,2021038673,2026-04-05,1400117.0,有原 航平,74.0,,8,,,,,,,,,,,,,,,,,,,1.0,1.0,,1.0,1.0,4.85,7.0,7.0,,,0.0,4.0,2.0,2.0,1.0,,2.0,2.0,0.0,,28.0,108.0
2026,2021038673,2026-04-05,1400196.0,宗 佑磨,6.0,三,11,1.0,1.0,4.0,4.0,1.0,1.0,0.0,0.0,1.0,2.0,0.0,,0.0,0.0,0.0,0.0,0.0,0.0,,,,,,,,,,,,,,,,,,,,,,
2026,2021038673,2026-04-05,1500096.0,西川 龍馬,7.0,左,11,1.0,1.0,4.0,4.0,0.0,0.0,0.0,0.0,0.0,0.0,0.0,,0.0,0.0,0.0,0.0,0.0,0.0,,,,,,,,,,,,,,,,,,,,,,
2026,2021038673,2026-04-05,1600164.0,田中 正義,26.0,,8,,,,,,,,,,,,,,,,,,,2.0,1.0,0.0,0.0,0.0,0.0,1.0,1.0,,,0.0,0.0,0.0,0.0,0.0,,0.0,1.0,0.0,,3.0,11.0
2026,2021038673,2026-04-05,1650722.0,杉澤 龍,33.0,右,11,1.0,1.0,3.0,3.0,1.0,2.0,1.0,0.0,0.0,0.0,0.0,,0.0,0.0,0.0,0.0,0.0,0.0,,,,,,,,,,,,,,,,,,,,,,
2026,2021038673,2026-04-05,1660014.0,ペルドモ,59.0,,11,,,,,,,,,,,,,,,,,,,2.0,1.0,0.0,0.0,2.0,19.29,1.0,1.0,,,0.0,2.0,3.0,3.0,1.0,,1.0,1.0,0.0,,6.0,29.0
2026,2021038673,2026-04-05,1700025.0,清宮 幸太郎,21.0,一,8,1.0,1.0,5.0,5.0,1.0,1.0,0.0,0.0,0.0,0.0,1.0,,0.0,2.0,0.0,0.0,0.0,1.0,,,,,,,,,,,,,,,,,,,,,,
2026,2021038673,2026-04-05,1751068.0,野口 智哉,9.0,二,11,1.0,1.0,4.0,4.0,0.0,0.0,0.0,0.0,0.0,0.0,0.0,,0.0,1.0,0.0,0.0,0.0,0.0,,,,,,,,,,,,,,,,,,,,,,
2026,2021038673,2026-04-05,1800091.0,野村 佑希,5.0,左,8,1.0,1.0,4.0,3.0,0.0,0.0,0.0,0.0,0.0,0.0,0.0,,0.0,0.0,1.0,0.0,0.0,0.0,,,,,,,,,,,,,,,,,,,,,,
2026,2021038673,2026-04-05,1800093.0,万波 中正,66.0,右,8,1.0,1.0,4.0,3.0,2.0,1.0,0.0,0.0,1.0,3.0,0.0,,1.0,1.0,0.0,0.0,0.0,0.0,,,,,,,,,,,,,,,,,,,,,,
2026,2021038673,2026-04-05,1800095.0,田宮 裕涼,64.0,捕,8,1.0,1.0,4.0,4.0,2.0,2.0,1.0,0.0,1.0,2.0,0.0,,0.0,0.0,0.0,0.0,0.0,0.0,,,,,,,,,,,,,,,,,,,,,,
2026,2021038673,2026-04-05,1800098.0,太田 椋,1.0,一,11,1.0,1.0,4.0,3.0,0.0,1.0,0.0,0.0,0.0,0.0,0.0,,1.0,0.0,0.0,0.0,0.0,0.0,,,,,,,,,,,,,,,,,,,,,,
2026,2021038673,2026-04-05,1800104.0,中川 圭太,67.0,中,11,1.0,1.0,4.0,3.0,0.0,0.0,0.0,0.0,0.0,0.0,0.0,,1.0,0.0,0.0,0.0,0.0,0.0,,,,,,,,,,,,,,,,,,,,,,
2026,2021038673,2026-04-05,1850932.0,奈良間 大己,58.0,二,8,1.0,1.0,4.0,4.0,0.0,3.0,0.0,1.0,0.0,1.0,0.0,,0.0,1.0,0.0,0.0,0.0,0.0,,,,,,,,,,,,,,,,,,,,,,
2026,2021038673,2026-04-05,1851204.0,水野 達稀,43.0,遊,8,1.0,1.0,4.0,4.0,1.0,1.0,0.0,1.0,0.0,0.0,0.0,,0.0,0.0,0.0,0.0,0.0,0.0,,,,,,,,,,,,,,,,,,,,,,
2026,2021038673,2026-04-05,1860140.0,レイエス,99.0,指,8,1.0,1.0,5.0,5.0,0.0,2.0,0.0,0.0,0.0,1.0,0.0,,0.0,1.0,0.0,0.0,0.0,0.0,,,,,,,,,,,,,,,,,,,,,,
2026,2021038673,2026-04-05,1900040.0,郡司 裕也,3.0,三,8,1.0,1.0,5.0,4.0,1.0,1.0,0.0,0.0,0.0,0.0,0.0,,1.0,0.0,0.0,0.0,0.0,1.0,,,,,,,,,,,,,,,,,,,,,,
2026,2021038673,2026-04-05,1900088.0,紅林 弘太郎,24.0,遊,11,1.0,1.0,4.0,3.0,0.0,0.0,0.0,0.0,0.0,0.0,0.0,,1.0,2.0,0.0,0.0,0.0,0.0,,,,,,,,,,,,,,,,,,,,,,
2026,2021038673,2026-04-05,1900092.0,佐藤 一磨,93.0,,11,,,,,,,,,,,,,,,,,,,4.0,1.0,0.0,0.0,0.0,3.86,0.3333333333333333,0.1,,,0.0,0.0,0.0,0.0,0.0,,0.0,0.0,0.0,,1.0,1.0
2026,2021038673,2026-04-05,2000080.0,五十幡 亮汰,50.0,中,8,1.0,0.0,1.0,1.0,1.0,1.0,0.0,0.0,0.0,1.0,1.0,,0.0,0.0,0.0,0.0,0.0,0.0,,,,,,,,,,,,,,,,,,,,,,
2026,2021038673,2026-04-05,2000101.0,阿部 翔太,20.0,,11,,,,,,,,,,,,,,,,,,,3.0,1.0,0.0,0.0,0.0,40.5,0.6666666666666666,0.2,,,0.0,4.0,3.0,3.0,1.0,,0.0,1.0,0.0,,6.0,26.0
2026,2021038673,2026-04-05,2100554.0,古林 睿煬,37.0,,8,,,,,,,,,,,,,,,,,,,3.0,1.0,0.0,0.0,1.0,3.38,1.0,1.0,,,0.0,0.0,0.0,0.0,0.0,,1.0,1.0,0.0,,4.0,15.0
2026,2021038673,2026-04-05,2106284.0,矢澤 宏太,12.0,左,8,1.0,0.0,0.0,0.0,0.0,0.0,0.0,0.0,0.0,0.0,0.0,,0.0,0.0,0.0,0.0,0.0,0.0,,,,,,,,,,,,,,,,,,,,,,
2026,2021038673,2026-04-05,2107900.0,吉田 賢吾,60.0,走指,8,1.0,0.0,0.0,0.0,0.0,0.0,0.0,0.0,0.0,0.0,0.0,,0.0,0.0,0.0,0.0,0.0,0.0,,,,,,,,,,,,,,,,,,,,,,
2026,2021038673,2026-04-05,2108148.0,ジェリー,69.0,,11,,,,,,,,,,,,,,,,,,,1.0,1.0,,0.0,0.0,3.0,6.0,6.0,,,0.0,6.0,2.0,2.0,0.0,,2.0,5.0,1.0,,27.0,109.0
2026,2021038673,2026-04-05,2114529.0,山縣 秀,54.0,遊,8,1.0,0.0,0.0,0.0,0.0,0.0,0.0,0.0,0.0,0.0,0.0,,0.0,0.0,0.0,0.0,0.0,0.0,,,,,,,,,,,,,,,,,,,,,,
2026,2021038673,2026-04-05,2117200.0,シーモア,45.0,打,11,1.0,0.0,1.0,1.0,0.0,0.0,0.0,0.0,0.0,0.0,0.0,,0.0,0.0,0.0,0.0,0.0,0.0,,,,,,,,,,,,,,,,,,,,,,
2026,2021038674,2026-04-05,800075.0,伊藤 光,27.0,捕,376,1.0,1.0,3.0,3.0,0.0,0.0,0.0,0.0,0.0,0.0,0.0,,0.0,1.0,0.0,0.0,0.0,0.0,,,,,,,,,,,,,,,,,,,,,,
2026,2021038674,2026-04-05,900056.0,浅村 栄斗,3.0,打指,376,1.0,0.0,3.0,3.0,0.0,0.0,0.0,0.0,0.0,0.0,0.0,,0.0,2.0,0.0,0.0,0.0,0.0,,,,,,,,,,,,,,,,,,,,,,
2026,2021038674,2026-04-05,1100061.0,桑原 将志,7.0,左,7,1.0,1.0,6.0,4.0,1.0,3.0,2.0,0.0,1.0,1.0,0.0,,2.0,0.0,0.0,0.0,0.0,0.0,,,,,,,,,,,,,,,,,,,,,,
2026,2021038674,2026-04-05,1100103.0,鈴木 大地,7.0,一,376,1.0,0.0,0.0,0.0,0.0,0.0,0.0,0.0,0.0,0.0,0.0,,0.0,0.0,0.0,0.0,0.0,0.0,,,,,,,,,,,,,,,,,,,,,,
2026,2021038674,2026-04-05,1300076.0,加治屋 蓮,41.0,,376,,,,,,,,,,,,,,,,,,,2.0,1.0,0.0,0.0,0.0,0.0,1.0,1.0,,,0.0,0.0,0.0,0.0,0.0,,0.0,1.0,0.0,,3.0,9.0
2026,2021038674,2026-04-05,1400184.0,外崎 修汰,5.0,一二,7,1.0,1.0,5.0,4.0,0.0,1.0,1.0,0.0,0.0,0.0,0.0,,1.0,2.0,0.0,0.0,0.0,0.0,,,,,,,,,,,,,,,,,,,,,,
2026,2021038674,2026-04-05,1600007.0,村林 一輝,6.0,遊,376,1.0,1.0,4.0,3.0,0.0,0.0,0.0,0.0,0.0,0.0,0.0,,1.0,1.0,0.0,0.0,0.0,0.0,,,,,,,,,,,,,,,,,,,,,,
2026,2021038674,2026-04-05,1600012.0,宋 家豪,43.0,,376,,,,,,,,,,,,,,,,,,,7.0,1.0,0.0,1.0,0.0,1.93,1.0,1.0,,,0.0,1.0,0.0,0.0,0.0,,1.0,0.0,0.0,,4.0,10.0
2026,2021038674,2026-04-05,1600092.0,藤平 尚真,46.0,,376,,,,,,,,,,,,,,,,,,,5.0,1.0,0.0,0.0,0.0,2.25,1.0,1.0,,,2.0,0.0,0.0,0.0,0.0,,0.0,1.0,0.0,,3.0,16.0
2026,2021038674,2026-04-05,1600129.0,源田 壮亮,6.0,遊,7,1.0,1.0,5.0,4.0,0.0,0.0,0.0,0.0,0.0,0.0,0.0,,1.0,0.0,0.0,0.0,0.0,0.0,,,,,,,,,,,,,,,,,,,,,,
2026,2021038674,2026-04-05,1660299.0,林 安可,73.0,右,7,1.0,1.0,6.0,5.0,0.0,1.0,0.0,0.0,0.0,0.0,0.0,,0.0,1.0,1.0,0.0,0.0,0.0,,,,,,,,,,,,,,,,,,,,,,
2026,2021038674,2026-04-05,1700124.0,平良 海馬,61.0,,7,,,,,,,,,,,,,,,,,,,1.0,1.0,,1.0,0.0,0.0,8.0,8.0,,,0.0,2.0,1.0,0.0,0.0,,3.0,12.0,0.0,,29.0,116.0
2026,2021038674,2026-04-05,1750472.0,古賀 悠斗,22.0,捕,7,1.0,0.0,1.0,0.0,0.0,0.0,0.0,0.0,0.0,0.0,0.0,,0.0,0.0,0.0,1.0,0.0,0.0,,,,,,,,,,,,,,,,,,,,,,
2026,2021038674,2026-04-05,1750493.0,西垣 雅矢,49.0,,376,,,,,,,,,,,,,,,,,,,4.0,1.0,0.0,1.0,0.0,2.25,1.0,1.0,,,0.0,0.0,0.0,0.0,0.0,,0.0,1.0,0.0,,3.0,10.0
2026,2021038674,2026-04-05,1760551.0,ボイト,9.0,一,376,1.0,1.0,5.0,4.0,0.0,0.0,0.0,0.0,0.0,0.0,0.0,,1.0,1.0,0.0,0.0,0.0,0.0,,,,,,,,,,,,,,,,,,,,,,
2026,2021038674,2026-04-05,1800044.0,伊藤 裕季也,39.0,打,376,1.0,0.0,1.0,1.0,0.0,0.0,0.0,0.0,0.0,0.0,0.0,,0.0,0.0,0.0,0.0,0.0,0.0,,,,,,,,,,,,,,,,,,,,,,
2026,2021038674,2026-04-05,1800106.0,甲斐野 央,34.0,,7,,,,,,,,,,,,,,,,,,,4.0,1.0,0.0,0.0,1.0,6.0,1.0,1.0,,,0.0,0.0,0.0,0.0,0.0,,0.0,1.0,0.0,,3.0,10.0
2026,2021038674,2026-04-05,1800117.0,辰己 涼介,8.0,中,376,1.0,1.0,5.0,4.0,0.0,1.0,0.0,0.0,0.0,0.0,0.0,,1.0,1.0,0.0,0.0,0.0,0.0,,,,,,,,,,,,,,,,,,,,,,
2026,2021038674,2026-04-05,1800118.0,太田 光,2.0,捕,376,1.0,0.0,0.0,0.0,0.0,0.0,0.0,0.0,0.0,0.0,0.0,,0.0,0.0,0.0,0.0,0.0,0.0,,,,,,,,,,,,,,,,,,,,,,
2026,2021038674,2026-04-05,1800123.0,小郷 裕哉,51.0,右,376,1.0,1.0,5.0,5.0,0.0,0.0,0.0,0.0,0.0,0.0,0.0,,0.0,1.0,0.0,0.0,0.0,0.0,,,,,,,,,,,,,,,,,,,,,,
2026,2021038674,2026-04-05,1800124.0,鈴木 翔天,56.0,,376,,,,,,,,,,,,,,,,,,,3.0,1.0,0.0,0.0,0.0,0.0,1.0,1.0,,,0.0,0.0,0.0,0.0,0.0,,1.0,0.0,0.0,,4.0,11.0
2026,2021038674,2026-04-05,1900068.0,岸 潤一郎,68.0,中,7,1.0,0.0,1.0,0.0,0.0,0.0,0.0,0.0,0.0,0.0,0.0,,0.0,0.0,0.0,1.0,0.0,0.0,,,,,,,,,,,,,,,,,,,,,,
2026,2021038674,2026-04-05,1900100.0,佐藤 直樹,38.0,右,376,1.0,0.0,0.0,0.0,0.0,0.0,0.0,0.0,0.0,0.0,0.0,,0.0,0.0,0.0,0.0,0.0,0.0,,,,,,,,,,,,,,,,,,,,,,
2026,2021038674,2026-04-05,1900112.0,小深田 大翔,0.0,二,376,1.0,1.0,4.0,4.0,0.0,0.0,0.0,0.0,0.0,0.0,0.0,,0.0,4.0,0.0,0.0,0.0,0.0,,,,,,,,,,,,,,,,,,,,,,
2026,2021038674,2026-04-05,1900113.0,黒川 史陽,24.0,三,376,1.0,1.0,5.0,5.0,0.0,1.0,0.0,0.0,0.0,0.0,0.0,,0.0,2.0,0.0,0.0,0.0,0.0,,,,,,,,,,,,,,,,,,,,,,
2026,2021038674,2026-04-05,1950278.0,中島 大輔,32.0,左,376,1.0,1.0,5.0,5.0,1.0,1.0,0.0,0.0,0.0,0.0,0.0,,0.0,1.0,0.0,0.0,0.0,0.0,,,,,,,,,,,,,,,,,,,,,,
2026,2021038674,2026-04-05,1950417.0,渡部 聖弥,8.0,三,7,1.0,1.0,5.0,4.0,0.0,1.0,0.0,0.0,0.0,0.0,0.0,,1.0,1.0,0.0,0.0,0.0,0.0,,,,,,,,,,,,,,,,,,,,,,
2026,2021038674,2026-04-05,1961294.0,E.ラミレス,56.0,,7,,,,,,,,,,,,,,,,,,,5.0,1.0,0.0,1.0,0.0,0.0,1.0,1.0,,,0.0,1.0,0.0,0.0,0.0,,0.0,1.0,0.0,,4.0,11.0
2026,2021038674,2026-04-05,2000073.0,仲三 優太,55.0,指,7,1.0,1.0,5.0,5.0,0.0,0.0,0.0,0.0,0.0,0.0,0.0,,0.0,3.0,0.0,0.0,0.0,0.0,,,,,,,,,,,,,,,,,,,,,,
2026,2021038674,2026-04-05,2000075.0,長谷川 信哉,63.0,打一,7,1.0,0.0,3.0,3.0,0.0,0.0,0.0,0.0,0.0,0.0,0.0,,0.0,0.0,0.0,0.0,0.0,0.0,,,,,,,,,,,,,,,,,,,,,,
2026,2021038674,2026-04-05,2000126.0,内 星龍,69.0,,376,,,,,,,,,,,,,,,,,,,8.0,1.0,0.0,0.0,0.0,6.23,1.0,1.0,,,0.0,1.0,0.0,0.0,0.0,,0.0,0.0,0.0,,4.0,15.0
2026,2021038674,2026-04-05,2050145.0,小島 大河,10.0,捕,7,1.0,1.0,4.0,4.0,0.0,1.0,0.0,0.0,0.0,0.0,0.0,,0.0,1.0,0.0,0.0,0.0,0.0,,,,,,,,,,,,,,,,,,,,,,
2026,2021038674,2026-04-05,2100048.0,秋山 俊,35.0,中,7,1.0,1.0,4.0,4.0,0.0,0.0,0.0,0.0,0.0,0.0,0.0,,0.0,0.0,0.0,0.0,0.0,1.0,,,,,,,,,,,,,,,,,,,,,,
2026,2021038674,2026-04-05,2103618.0,滝澤 夏央,62.0,二,7,1.0,1.0,2.0,1.0,0.0,0.0,0.0,0.0,0.0,0.0,0.0,,0.0,1.0,0.0,1.0,0.0,0.0,,,,,,,,,,,,,,,,,,,,,,
2026,2021038674,2026-04-05,2103740.0,YG安田,55.0,指,376,1.0,1.0,2.0,2.0,0.0,0.0,0.0,0.0,0.0,0.0,0.0,,0.0,2.0,0.0,0.0,0.0,0.0,,,,,,,,,,,,,,,,,,,,,,
2026,2021038674,2026-04-05,2105283.0,平良 竜哉,48.0,走三,376,1.0,0.0,0.0,0.0,0.0,0.0,0.0,0.0,0.0,0.0,0.0,,0.0,0.0,0.0,0.0,0.0,0.0,,,,,,,,,,,,,,,,,,,,,,
2026,2021038674,2026-04-05,2107899.0,田中 千晴,29.0,,376,,,,,,,,,,,,,,,,,,,6.0,1.0,0.0,0.0,0.0,1.93,1.0,1.0,,,1.0,1.0,0.0,0.0,0.0,,0.0,2.0,0.0,,4.0,14.0
2026,2021038674,2026-04-05,2110493.0,藤原 聡大,13.0,,376,,,,,,,,,,,,,,,,,,,1.0,1.0,,0.0,1.0,4.5,5.0,5.0,,,0.0,4.0,1.0,1.0,1.0,,3.0,4.0,1.0,,23.0,94.0
2026,2021038674,2026-04-05,2117028.0,カナリオ,25.0,打,7,1.0,0.0,1.0,1.0,0.0,0.0,0.0,0.0,0.0,0.0,0.0,,0.0,0.0,0.0,0.0,0.0,0.0,,,,,,,,,,,,,,,,,,,,,,
2026,2021038674,2026-04-05,2117734.0,篠原 響,52.0,,7,,,,,,,,,,,,,,,,,,,3.0,1.0,0.0,0.0,0.0,0.0,1.0,1.0,,,0.0,0.0,0.0,0.0,0.0,,0.0,1.0,0.0,,3.0,11.0
2026,2021038674,2026-04-05,2121154.0,岩城 颯空,20.0,,7,,,,,,,,,,,,,,,,,,,2.0,1.0,0.0,0.0,0.0,0.0,1.0,1.0,,,1.0,0.0,0.0,0.0,0.0,,0.0,1.0,0.0,,3.0,14.0
2026,2021038675,2026-04-05,1000035.0,今宮 健太,6.0,遊,12,1.0,1.0,4.0,4.0,1.0,3.0,1.0,0.0,0.0,2.0,0.0,,0.0,0.0,0.0,0.0,0.0,0.0,,,,,,,,,,,,,,,,,,,,,,
2026,2021038675,2026-04-05,1000128.0,柳田 悠岐,9.0,左,12,1.0,1.0,3.0,2.0,0.0,1.0,0.0,0.0,0.0,0.0,0.0,,0.0,0.0,1.0,0.0,0.0,0.0,,,,,,,,,,,,,,,,,,,,,,
2026,2021038675,2026-04-05,1000175.0,牧原 大成,8.0,二,12,1.0,1.0,4.0,4.0,0.0,1.0,0.0,0.0,0.0,0.0,0.0,,0.0,0.0,0.0,0.0,0.0,0.0,,,,,,,,,,,,,,,,,,,,,,
2026,2021038675,2026-04-05,1100097.0,近藤 健介,3.0,右左,12,1.0,1.0,5.0,5.0,1.0,1.0,0.0,0.0,0.0,0.0,0.0,,0.0,0.0,0.0,0.0,0.0,0.0,,,,,,,,,,,,,,,,,,,,,,
2026,2021038675,2026-04-05,1300044.0,岡 大海,25.0,中,9,1.0,1.0,4.0,4.0,0.0,1.0,0.0,0.0,0.0,0.0,1.0,,0.0,0.0,0.0,0.0,0.0,0.0,,,,,,,,,,,,,,,,,,,,,,
2026,2021038675,2026-04-05,1300101.0,山川 穂高,5.0,指,12,1.0,1.0,4.0,3.0,1.0,1.0,1.0,0.0,0.0,0.0,0.0,,1.0,0.0,0.0,0.0,0.0,0.0,,,,,,,,,,,,,,,,,,,,,,
2026,2021038675,2026-04-05,1400126.0,松本 裕樹,66.0,,12,,,,,,,,,,,,,,,,,,,3.0,1.0,0.0,1.0,1.0,5.79,1.0,1.0,,,1.0,2.0,0.0,0.0,0.0,,0.0,1.0,0.0,,4.0,13.0
2026,2021038675,2026-04-05,1400127.0,栗原 陵矢,24.0,一,12,1.0,1.0,5.0,4.0,0.0,0.0,0.0,0.0,0.0,1.0,0.0,,0.0,2.0,0.0,0.0,1.0,0.0,,,,,,,,,,,,,,,,,,,,,,
2026,2021038675,2026-04-05,1460080.0,ポランコ,22.0,指,9,1.0,1.0,4.0,4.0,0.0,3.0,1.0,0.0,0.0,1.0,0.0,,0.0,1.0,0.0,0.0,0.0,0.0,,,,,,,,,,,,,,,,,,,,,,
2026,2021038675,2026-04-05,1500140.0,谷川原 健太,45.0,捕,12,1.0,1.0,4.0,4.0,0.0,1.0,0.0,0.0,0.0,1.0,0.0,,0.0,0.0,0.0,0.0,0.0,0.0,,,,,,,,,,,,,,,,,,,,,,
2026,2021038675,2026-04-05,1600108.0,石垣 勝海,43.0,二,9,1.0,1.0,3.0,3.0,0.0,0.0,0.0,0.0,0.0,0.0,0.0,,0.0,1.0,0.0,0.0,0.0,0.0,,,,,,,,,,,,,,,,,,,,,,
2026,2021038675,2026-04-05,1600157.0,澤田 圭佑,54.0,,9,,,,,,,,,,,,,,,,,,,3.0,1.0,0.0,1.0,0.0,0.0,1.0,1.0,,,0.0,0.0,0.0,0.0,0.0,,0.0,1.0,0.0,,3.0,9.0
2026,2021038675,2026-04-05,1650813.0,川村 友斗,61.0,右,12,1.0,0.0,0.0,0.0,0.0,0.0,0.0,0.0,0.0,0.0,0.0,,0.0,0.0,0.0,0.0,0.0,0.0,,,,,,,,,,,,,,,,,,,,,,
2026,2021038675,2026-04-05,1700020.0,ソト,99.0,一,9,1.0,1.0,4.0,4.0,0.0,0.0,0.0,0.0,0.0,0.0,0.0,,0.0,2.0,0.0,0.0,0.0,0.0,,,,,,,,,,,,,,,,,,,,,,
2026,2021038675,2026-04-05,1700098.0,和田 康士朗,63.0,走指,9,1.0,0.0,0.0,0.0,0.0,0.0,0.0,0.0,0.0,0.0,1.0,,0.0,0.0,0.0,0.0,0.0,0.0,,,,,,,,,,,,,,,,,,,,,,
2026,2021038675,2026-04-05,1700135.0,周東 佑京,23.0,中,12,1.0,1.0,4.0,3.0,0.0,0.0,0.0,0.0,0.0,0.0,1.0,,1.0,0.0,0.0,0.0,0.0,0.0,,,,,,,,,,,,,,,,,,,,,,
2026,2021038675,2026-04-05,1800043.0,上茶谷 大河,64.0,,12,,,,,,,,,,,,,,,,,,,2.0,1.0,0.0,0.0,0.0,3.38,2.0,2.0,,,0.0,2.0,1.0,1.0,1.0,,1.0,1.0,0.0,,8.0,33.0
2026,2021038675,2026-04-05,1800050.0,藤原 恭大,1.0,右,9,1.0,1.0,4.0,3.0,1.0,1.0,0.0,0.0,1.0,1.0,0.0,,1.0,0.0,0.0,0.0,0.0,0.0,,,,,,,,,,,,,,,,,,,,,,
2026,2021038675,2026-04-05,1800052.0,小島 和哉,14.0,,9,,,,,,,,,,,,,,,,,,,1.0,1.0,,0.0,2.0,5.4,4.333333333333333,4.1,,,0.0,6.0,4.0,4.0,0.0,,1.0,2.0,1.0,,22.0,71.0
2026,2021038675,2026-04-05,1900010.0,スチュワート・ジュニア,2.0,,12,,,,,,,,,,,,,,,,,,,1.0,1.0,,2.0,0.0,4.09,6.0,6.0,,,0.0,4.0,2.0,2.0,0.0,,1.0,5.0,1.0,,24.0,95.0
2026,2021038675,2026-04-05,1900081.0,佐藤 都志也,32.0,捕,9,1.0,1.0,4.0,3.0,0.0,1.0,0.0,0.0,0.0,0.0,0.0,,1.0,1.0,0.0,0.0,0.0,0.0,,,,,,,,,,,,,,,,,,,,,,
2026,2021038675,2026-04-05,1900082.0,高部 瑛斗,0.0,打,9,1.0,0.0,1.0,1.0,0.0,1.0,0.0,0.0,0.0,0.0,0.0,,0.0,0.0,0.0,0.0,0.0,0.0,,,,,,,,,,,,,,,,,,,,,,
2026,2021038675,2026-04-05,1900104.0,柳町 達,32.0,右,12,1.0,0.0,2.0,2.0,0.0,0.0,0.0,0.0,0.0,0.0,0.0,,0.0,0.0,0.0,0.0,0.0,0.0,,,,,,,,,,,,,,,,,,,,,,
2026,2021038675,2026-04-05,1950286.0,西川 史礁,6.0,左,9,1.0,1.0,4.0,3.0,2.0,1.0,0.0,0.0,0.0,0.0,1.0,,0.0,1.0,1.0,0.0,0.0,0.0,,,,,,,,,,,,,,,,,,,,,,
2026,2021038675,2026-04-05,2000089.0,小川 龍成,57.0,走,9,1.0,0.0,0.0,0.0,0.0,0.0,0.0,0.0,0.0,0.0,0.0,,0.0,0.0,0.0,0.0,0.0,0.0,,,,,,,,,,,,,,,,,,,,,,
2026,2021038675,2026-04-05,2102926.0,寺地 隆成,65.0,三,9,1.0,1.0,4.0,3.0,0.0,0.0,0.0,0.0,0.0,1.0,0.0,,0.0,1.0,0.0,0.0,1.0,1.0,,,,,,,,,,,,,,,,,,,,,,
2026,2021038675,2026-04-05,2104035.0,野村 勇,99.0,三,12,1.0,1.0,5.0,4.0,1.0,0.0,0.0,0.0,0.0,0.0,0.0,,1.0,3.0,0.0,0.0,0.0,0.0,,,,,,,,,,,,,,,,,,,,,,
2026,2021038675,2026-04-05,2106798.0,友杉 篤輝,4.0,遊,9,1.0,1.0,4.0,4.0,0.0,0.0,0.0,0.0,0.0,0.0,0.0,,0.0,0.0,0.0,0.0,0.0,0.0,,,,,,,,,,,,,,,,,,,,,,
2026,2021038675,2026-04-05,2114737.0,廣池 康志郎,64.0,,9,,,,,,,,,,,,,,,,,,,2.0,1.0,0.0,0.0,0.0,0.0,3.6666666666666665,3.2,,,0.0,2.0,0.0,0.0,0.0,,2.0,2.0,0.0,,15.0,61.0
2026,2021038676,2026-04-07,1100069.0,高橋 周平,3.0,打,4,1.0,0.0,1.0,1.0,0.0,0.0,0.0,0.0,0.0,0.0,0.0,,0.0,1.0,0.0,0.0,0.0,0.0,,,,,,,,,,,,,,,,,,,,,,
2026,2021038676,2026-04-07,1200053.0,宮崎 敏郎,51.0,三,3,1.0,1.0,4.0,4.0,1.0,2.0,0.0,0.0,0.0,0.0,0.0,,0.0,0.0,0.0,0.0,0.0,0.0,,,,,,,,,,,,,,,,,,,,,,
2026,2021038676,2026-04-07,1400109.0,山崎 康晃,19.0,投,3,1.0,0.0,0.0,0.0,0.0,0.0,0.0,0.0,0.0,0.0,0.0,,0.0,0.0,0.0,0.0,0.0,1.0,6.0,1.0,0.0,0.0,0.0,3.0,1.0,1.0,,,2.0,1.0,2.0,1.0,1.0,,0.0,2.0,0.0,,5.0,17.0
2026,2021038676,2026-04-07,1400160.0,加藤 匠馬,49.0,捕,4,1.0,0.0,0.0,0.0,0.0,0.0,0.0,0.0,0.0,0.0,0.0,,0.0,0.0,0.0,0.0,0.0,0.0,,,,,,,,,,,,,,,,,,,,,,
2026,2021038676,2026-04-07,1400199.0,齋藤 綱記,59.0,投,4,1.0,0.0,0.0,0.0,0.0,0.0,0.0,0.0,0.0,0.0,0.0,,0.0,0.0,0.0,0.0,0.0,0.0,2.0,1.0,0.0,0.0,1.0,9.0,1.0,1.0,,,0.0,0.0,0.0,0.0,0.0,,0.0,1.0,0.0,,3.0,15.0
2026,2021038676,2026-04-07,1500076.0,木下 拓哉,35.0,捕,4,1.0,1.0,3.0,3.0,0.0,0.0,0.0,0.0,0.0,0.0,0.0,,0.0,2.0,0.0,0.0,0.0,0.0,,,,,,,,,,,,,,,,,,,,,,
2026,2021038676,2026-04-07,1500091.0,板山 祐太郎,63.0,打,4,1.0,0.0,1.0,1.0,1.0,1.0,0.0,0.0,1.0,2.0,0.0,,0.0,0.0,0.0,0.0,0.0,0.0,,,,,,,,,,,,,,,,,,,,,,
2026,2021038676,2026-04-07,1560639.0,カリステ,4.0,打,4,1.0,0.0,1.0,1.0,0.0,0.0,0.0,0.0,0.0,0.0,0.0,,0.0,0.0,0.0,0.0,0.0,0.0,,,,,,,,,,,,,,,,,,,,,,
2026,2021038676,2026-04-07,1561854.0,サノー,23.0,一,4,1.0,1.0,4.0,4.0,0.0,0.0,0.0,0.0,0.0,0.0,0.0,,0.0,1.0,0.0,0.0,0.0,0.0,,,,,,,,,,,,,,,,,,,,,,
2026,2021038676,2026-04-07,1600021.0,ビシエド,66.0,打,3,1.0,0.0,1.0,1.0,0.0,0.0,0.0,0.0,0.0,0.0,0.0,,0.0,0.0,0.0,0.0,0.0,0.0,,,,,,,,,,,,,,,,,,,,,,
2026,2021038676,2026-04-07,1600085.0,細川 成也,55.0,左,4,1.0,1.0,4.0,3.0,0.0,1.0,0.0,0.0,0.0,1.0,0.0,,1.0,1.0,0.0,0.0,0.0,0.0,,,,,,,,,,,,,,,,,,,,,,
2026,2021038676,2026-04-07,1600089.0,佐野 恵太,7.0,一,3,1.0,1.0,4.0,4.0,0.0,1.0,0.0,0.0,0.0,0.0,0.0,,0.0,0.0,0.0,0.0,0.0,0.0,,,,,,,,,,,,,,,,,,,,,,
2026,2021038676,2026-04-07,1600107.0,京田 陽太,9.0,打,3,1.0,0.0,1.0,1.0,0.0,0.0,0.0,0.0,0.0,0.0,0.0,,0.0,1.0,0.0,0.0,0.0,0.0,,,,,,,,,,,,,,,,,,,,,,
2026,2021038676,2026-04-07,1700059.0,神里 和毅,8.0,走中,3,1.0,0.0,0.0,0.0,1.0,0.0,0.0,0.0,0.0,0.0,0.0,,0.0,0.0,0.0,0.0,0.0,0.0,,,,,,,,,,,,,,,,,,,,,,
2026,2021038676,2026-04-07,1700066.0,山本 祐大,50.0,捕,3,1.0,1.0,4.0,4.0,1.0,1.0,0.0,0.0,0.0,0.0,0.0,,0.0,1.0,0.0,0.0,0.0,0.0,,,,,,,,,,,,,,,,,,,,,,
2026,2021038676,2026-04-07,1750223.0,村松 開人,5.0,遊,4,1.0,1.0,4.0,3.0,1.0,1.0,0.0,0.0,0.0,0.0,1.0,,1.0,0.0,0.0,0.0,0.0,0.0,,,,,,,,,,,,,,,,,,,,,,
2026,2021038676,2026-04-07,1750701.0,田中 幹也,2.0,二,4,1.0,1.0,5.0,5.0,0.0,0.0,0.0,0.0,0.0,0.0,0.0,,0.0,2.0,0.0,0.0,0.0,0.0,,,,,,,,,,,,,,,,,,,,,,
2026,2021038676,2026-04-07,1800061.0,勝野 昌慶,41.0,投,4,1.0,0.0,0.0,0.0,0.0,0.0,0.0,0.0,0.0,0.0,0.0,,0.0,0.0,0.0,0.0,0.0,0.0,4.0,1.0,0.0,0.0,1.0,7.36,1.0,1.0,,,0.0,1.0,1.0,1.0,0.0,,1.0,1.0,0.0,,5.0,19.0
2026,2021038676,2026-04-07,1850208.0,林 琢真,0.0,三,3,1.0,0.0,0.0,0.0,0.0,0.0,0.0,0.0,0.0,0.0,0.0,,0.0,0.0,0.0,0.0,0.0,0.0,,,,,,,,,,,,,,,,,,,,,,
2026,2021038676,2026-04-07,1850873.0,度会 隆輝,4.0,左,3,1.0,1.0,4.0,3.0,0.0,1.0,0.0,0.0,0.0,0.0,0.0,,0.0,0.0,0.0,1.0,0.0,0.0,,,,,,,,,,,,,,,,,,,,,,
2026,2021038676,2026-04-07,1900031.0,坂本 裕哉,20.0,投,3,1.0,0.0,0.0,0.0,0.0,0.0,0.0,0.0,0.0,0.0,0.0,,0.0,0.0,0.0,0.0,0.0,0.0,3.0,1.0,0.0,0.0,0.0,3.6,1.0,1.0,,,0.0,1.0,0.0,0.0,0.0,,0.0,1.0,0.0,,4.0,15.0
2026,2021038676,2026-04-07,1900032.0,伊勢 大夢,13.0,投,3,1.0,0.0,0.0,0.0,0.0,0.0,0.0,0.0,0.0,0.0,0.0,,0.0,0.0,0.0,0.0,0.0,0.0,4.0,1.0,0.0,0.0,0.0,2.7,1.0,1.0,,,0.0,0.0,0.0,0.0,0.0,,1.0,2.0,0.0,,4.0,19.0
2026,2021038676,2026-04-07,1900035.0,蝦名 達夫,61.0,中右,3,1.0,1.0,4.0,4.0,1.0,1.0,1.0,0.0,0.0,2.0,0.0,,0.0,0.0,0.0,0.0,0.0,0.0,,,,,,,,,,,,,,,,,,,,,,
2026,2021038676,2026-04-07,1961300.0,ボスラー,24.0,右,4,1.0,1.0,5.0,5.0,0.0,1.0,0.0,0.0,0.0,0.0,0.0,,0.0,3.0,0.0,0.0,0.0,0.0,,,,,,,,,,,,,,,,,,,,,,
2026,2021038676,2026-04-07,2000035.0,牧 秀悟,2.0,二,3,1.0,1.0,4.0,4.0,0.0,2.0,1.0,0.0,0.0,2.0,0.0,,0.0,0.0,0.0,0.0,0.0,0.0,,,,,,,,,,,,,,,,,,,,,,
2026,2021038676,2026-04-07,2100109.0,深沢 鳳介,43.0,投,3,1.0,1.0,1.0,1.0,0.0,1.0,0.0,0.0,0.0,0.0,0.0,,0.0,0.0,0.0,0.0,0.0,0.0,1.0,1.0,,0.0,0.0,2.25,4.0,4.0,,,0.0,6.0,1.0,1.0,0.0,,3.0,5.0,0.0,,20.0,88.0
2026,2021038676,2026-04-07,2100275.0,花田 旭,57.0,中,4,1.0,1.0,4.0,4.0,0.0,2.0,0.0,0.0,0.0,0.0,0.0,,0.0,1.0,0.0,0.0,0.0,0.0,,,,,,,,,,,,,,,,,,,,,,
2026,2021038676,2026-04-07,2101034.0,ヒュンメル,99.0,右,3,1.0,1.0,4.0,2.0,1.0,1.0,0.0,0.0,0.0,0.0,0.0,,2.0,0.0,0.0,0.0,0.0,0.0,,,,,,,,,,,,,,,,,,,,,,
2026,2021038676,2026-04-07,2103703.0,梶原 昂希,58.0,打,3,1.0,0.0,1.0,1.0,0.0,0.0,0.0,0.0,0.0,0.0,0.0,,0.0,1.0,0.0,0.0,0.0,0.0,,,,,,,,,,,,,,,,,,,,,,
2026,2021038676,2026-04-07,2103780.0,福永 裕基,7.0,三,4,1.0,1.0,5.0,3.0,1.0,2.0,0.0,0.0,0.0,0.0,1.0,,2.0,1.0,0.0,0.0,0.0,0.0,,,,,,,,,,,,,,,,,,,,,,
2026,2021038676,2026-04-07,2105007.0,橋本 達弥,35.0,投,3,1.0,0.0,0.0,0.0,0.0,0.0,0.0,0.0,0.0,0.0,0.0,,0.0,0.0,0.0,0.0,0.0,0.0,2.0,1.0,0.0,1.0,0.0,0.0,1.0,1.0,,,0.0,0.0,0.0,0.0,0.0,,0.0,2.0,0.0,,3.0,11.0
2026,2021038676,2026-04-07,2107086.0,牧野 憲伸,68.0,投,4,1.0,0.0,0.0,0.0,0.0,0.0,0.0,0.0,0.0,0.0,0.0,,0.0,0.0,0.0,0.0,0.0,0.0,3.0,1.0,0.0,0.0,1.0,3.0,1.0,1.0,,,0.0,1.0,0.0,0.0,0.0,,0.0,0.0,0.0,,3.0,12.0
2026,2021038676,2026-04-07,2108462.0,金丸 夢斗,21.0,投,4,1.0,1.0,2.0,2.0,0.0,0.0,0.0,0.0,0.0,0.0,0.0,,0.0,1.0,0.0,0.0,0.0,0.0,1.0,1.0,,0.0,1.0,4.91,5.0,5.0,,,0.0,9.0,4.0,4.0,0.0,,1.0,1.0,0.0,,25.0,92.0
2026,2021038676,2026-04-07,2112189.0,石上 泰輝,44.0,遊,3,1.0,1.0,4.0,4.0,0.0,1.0,1.0,0.0,0.0,1.0,0.0,,0.0,0.0,0.0,0.0,0.0,0.0,,,,,,,,,,,,,,,,,,,,,,
2026,2021038676,2026-04-07,2117433.0,レイノルズ,62.0,投,3,1.0,0.0,0.0,0.0,0.0,0.0,0.0,0.0,0.0,0.0,0.0,,0.0,0.0,0.0,0.0,0.0,0.0,5.0,1.0,0.0,0.0,0.0,0.0,1.0,1.0,,,0.0,0.0,0.0,0.0,0.0,,0.0,1.0,0.0,,3.0,14.0
2026,2021038677,2026-04-07,1200076.0,小川 泰弘,29.0,投,2,1.0,1.0,2.0,2.0,0.0,0.0,0.0,0.0,0.0,0.0,0.0,,0.0,2.0,0.0,0.0,0.0,0.0,1.0,1.0,,1.0,1.0,2.61,4.666666666666667,4.2,,,0.0,7.0,5.0,0.0,1.0,,0.0,3.0,0.0,,23.0,85.0
2026,2021038677,2026-04-07,1300029.0,田口 麗斗,34.0,投,2,1.0,0.0,0.0,0.0,0.0,0.0,0.0,0.0,0.0,0.0,0.0,,0.0,0.0,0.0,0.0,0.0,1.0,2.0,1.0,0.0,0.0,0.0,0.0,1.3333333333333333,1.1,,,0.0,2.0,2.0,0.0,0.0,,2.0,2.0,0.0,,9.0,29.0
2026,2021038677,2026-04-07,1500087.0,坂本 誠志郎,12.0,捕,5,1.0,1.0,4.0,3.0,0.0,0.0,0.0,0.0,0.0,0.0,0.0,,1.0,2.0,0.0,0.0,0.0,0.0,,,,,,,,,,,,,,,,,,,,,,
2026,2021038677,2026-04-07,1600078.0,古賀 優大,2.0,捕,2,1.0,1.0,3.0,3.0,0.0,0.0,0.0,0.0,0.0,0.0,0.0,,0.0,1.0,0.0,0.0,0.0,0.0,,,,,,,,,,,,,,,,,,,,,,
2026,2021038677,2026-04-07,1600113.0,大山 悠輔,3.0,一,5,1.0,1.0,5.0,5.0,0.0,2.0,1.0,0.0,0.0,0.0,0.0,,0.0,0.0,0.0,0.0,0.0,1.0,,,,,,,,,,,,,,,,,,,,,,
2026,2021038677,2026-04-07,1600115.0,才木 浩人,35.0,投,5,1.0,1.0,4.0,2.0,0.0,0.0,0.0,0.0,0.0,0.0,0.0,,0.0,2.0,0.0,2.0,0.0,0.0,1.0,1.0,,2.0,0.0,1.93,8.0,8.0,,,0.0,5.0,3.0,2.0,1.0,,0.0,16.0,0.0,,29.0,105.0
2026,2021038677,2026-04-07,1650522.0,丸山 和郁,4.0,右,2,1.0,1.0,3.0,3.0,1.0,2.0,1.0,0.0,1.0,2.0,0.0,,0.0,1.0,0.0,0.0,0.0,0.0,,,,,,,,,,,,,,,,,,,,,,
2026,2021038677,2026-04-07,1700089.0,宮本 丈,10.0,打,2,1.0,0.0,1.0,1.0,0.0,0.0,0.0,0.0,0.0,0.0,0.0,,0.0,1.0,0.0,0.0,0.0,0.0,,,,,,,,,,,,,,,,,,,,,,
2026,2021038677,2026-04-07,1800065.0,近本 光司,5.0,中,5,1.0,1.0,5.0,4.0,2.0,0.0,0.0,0.0,0.0,0.0,0.0,,1.0,1.0,0.0,0.0,0.0,0.0,,,,,,,,,,,,,,,,,,,,,,
2026,2021038677,2026-04-07,1800067.0,木浪 聖也,0.0,遊,5,1.0,1.0,4.0,4.0,0.0,1.0,0.0,0.0,0.0,1.0,0.0,,0.0,1.0,0.0,0.0,0.0,0.0,,,,,,,,,,,,,,,,,,,,,,
2026,2021038677,2026-04-07,1800070.0,湯浅 京己,65.0,投,5,1.0,0.0,0.0,0.0,0.0,0.0,0.0,0.0,0.0,0.0,0.0,,0.0,0.0,0.0,0.0,0.0,0.0,2.0,1.0,0.0,0.0,0.0,4.5,1.0,1.0,,,0.0,0.0,0.0,0.0,0.0,,0.0,2.0,0.0,,3.0,12.0
2026,2021038677,2026-04-07,1850183.0,森下 翔太,1.0,右,5,1.0,1.0,5.0,4.0,1.0,1.0,0.0,0.0,1.0,2.0,0.0,,1.0,0.0,0.0,0.0,0.0,0.0,,,,,,,,,,,,,,,,,,,,,,
2026,2021038677,2026-04-07,1900027.0,大西 広樹,44.0,投,2,1.0,0.0,0.0,0.0,0.0,0.0,0.0,0.0,0.0,0.0,0.0,,0.0,0.0,0.0,0.0,0.0,0.0,4.0,1.0,0.0,0.0,0.0,12.27,1.0,1.0,,,0.0,2.0,2.0,2.0,1.0,,0.0,0.0,0.0,,5.0,14.0
2026,2021038677,2026-04-07,1900028.0,長岡 秀樹,7.0,遊,2,1.0,1.0,4.0,4.0,1.0,1.0,0.0,0.0,0.0,0.0,0.0,,0.0,1.0,0.0,0.0,0.0,0.0,,,,,,,,,,,,,,,,,,,,,,
2026,2021038677,2026-04-07,1900029.0,武岡 龍世,60.0,三,2,1.0,1.0,3.0,3.0,0.0,0.0,0.0,0.0,0.0,0.0,0.0,,0.0,2.0,0.0,0.0,0.0,0.0,,,,,,,,,,,,,,,,,,,,,,
2026,2021038677,2026-04-07,2000051.0,佐藤 輝明,8.0,三,5,1.0,1.0,5.0,5.0,3.0,4.0,0.0,0.0,1.0,4.0,0.0,,0.0,0.0,0.0,0.0,0.0,0.0,,,,,,,,,,,,,,,,,,,,,,
2026,2021038677,2026-04-07,2000056.0,中野 拓夢,7.0,二,5,1.0,1.0,5.0,4.0,2.0,1.0,0.0,0.0,0.0,1.0,0.0,,0.0,0.0,0.0,0.0,1.0,0.0,,,,,,,,,,,,,,,,,,,,,,
2026,2021038677,2026-04-07,2000133.0,オスナ,13.0,一,2,1.0,1.0,4.0,4.0,1.0,2.0,0.0,0.0,0.0,1.0,0.0,,0.0,1.0,0.0,0.0,0.0,0.0,,,,,,,,,,,,,,,,,,,,,,
2026,2021038677,2026-04-07,2000135.0,サンタナ,25.0,左,2,1.0,1.0,4.0,4.0,0.0,0.0,0.0,0.0,0.0,0.0,0.0,,0.0,4.0,0.0,0.0,0.0,1.0,,,,,,,,,,,,,,,,,,,,,,
2026,2021038677,2026-04-07,2103917.0,岩田 幸宏,64.0,中,2,1.0,1.0,4.0,4.0,0.0,0.0,0.0,0.0,0.0,0.0,0.0,,0.0,1.0,0.0,0.0,0.0,1.0,,,,,,,,,,,,,,,,,,,,,,
2026,2021038677,2026-04-07,2105063.0,橋本 星哉,52.0,左,2,1.0,0.0,0.0,0.0,0.0,0.0,0.0,0.0,0.0,0.0,0.0,,0.0,0.0,0.0,0.0,0.0,0.0,,,,,,,,,,,,,,,,,,,,,,
2026,2021038677,2026-04-07,2110225.0,福島 圭音,92.0,左,5,1.0,1.0,4.0,4.0,1.0,2.0,0.0,0.0,0.0,0.0,0.0,,0.0,1.0,0.0,0.0,0.0,0.0,,,,,,,,,,,,,,,,,,,,,,
2026,2021038677,2026-04-07,2112175.0,伊藤 琉偉,67.0,二,2,1.0,1.0,3.0,3.0,0.0,0.0,0.0,0.0,0.0,0.0,0.0,,0.0,3.0,0.0,0.0,0.0,1.0,,,,,,,,,,,,,,,,,,,,,,
2026,2021038677,2026-04-07,2113365.0,田中 陽翔,54.0,打,2,1.0,0.0,1.0,1.0,0.0,0.0,0.0,0.0,0.0,0.0,0.0,,0.0,1.0,0.0,0.0,0.0,0.0,,,,,,,,,,,,,,,,,,,,,,
2026,2021038677,2026-04-07,2117400.0,荘司 宏太,30.0,投,2,1.0,0.0,0.0,0.0,0.0,0.0,0.0,0.0,0.0,0.0,0.0,,0.0,0.0,0.0,0.0,0.0,0.0,3.0,1.0,0.0,1.0,0.0,3.0,1.0,1.0,,,0.0,0.0,0.0,0.0,0.0,,1.0,2.0,0.0,,4.0,25.0
2026,2021038678,2026-04-07,1000116.0,中崎 翔太,21.0,投,6,1.0,0.0,0.0,0.0,0.0,0.0,0.0,0.0,0.0,0.0,0.0,,0.0,0.0,0.0,0.0,0.0,0.0,4.0,1.0,0.0,1.0,0.0,0.0,1.0,1.0,,,1.0,0.0,0.0,0.0,0.0,,0.0,1.0,0.0,,3.0,10.0
2026,2021038678,2026-04-07,1000150.0,秋山 翔吾,9.0,打,6,1.0,0.0,1.0,1.0,0.0,0.0,0.0,0.0,0.0,0.0,0.0,,0.0,1.0,0.0,0.0,0.0,0.0,,,,,,,,,,,,,,,,,,,,,,
2026,2021038678,2026-04-07,1100095.0,松本 剛,9.0,打,1,1.0,0.0,1.0,1.0,0.0,0.0,0.0,0.0,0.0,0.0,0.0,,0.0,0.0,0.0,0.0,0.0,0.0,,,,,,,,,,,,,,,,,,,,,,
2026,2021038678,2026-04-07,1450689.0,船迫 大雅,58.0,投,1,1.0,0.0,0.0,0.0,0.0,0.0,0.0,0.0,0.0,0.0,0.0,,0.0,0.0,0.0,0.0,0.0,0.0,3.0,1.0,0.0,0.0,1.0,3.86,1.0,1.0,,,0.0,0.0,0.0,0.0,0.0,,0.0,1.0,0.0,,3.0,18.0
2026,2021038678,2026-04-07,1561820.0,ダルベック,29.0,三,1,1.0,1.0,4.0,4.0,0.0,1.0,0.0,0.0,0.0,0.0,0.0,,0.0,3.0,0.0,0.0,0.0,0.0,,,,,,,,,,,,,,,,,,,,,,
2026,2021038678,2026-04-07,1600124.0,坂倉 将吾,31.0,捕,6,1.0,1.0,4.0,4.0,0.0,0.0,0.0,0.0,0.0,0.0,0.0,,0.0,0.0,0.0,0.0,0.0,0.0,,,,,,,,,,,,,,,,,,,,,,
2026,2021038678,2026-04-07,1700044.0,大城 卓三,24.0,捕,1,1.0,1.0,4.0,3.0,1.0,1.0,0.0,0.0,0.0,0.0,0.0,,1.0,0.0,0.0,0.0,0.0,0.0,,,,,,,,,,,,,,,,,,,,,,
2026,2021038678,2026-04-07,1700068.0,中村 奨成,96.0,右,6,1.0,1.0,4.0,4.0,0.0,2.0,0.0,0.0,0.0,0.0,0.0,,0.0,0.0,0.0,0.0,0.0,0.0,,,,,,,,,,,,,,,,,,,,,,
2026,2021038678,2026-04-07,1750321.0,泉口 友汰,35.0,遊,1,1.0,1.0,4.0,3.0,0.0,0.0,0.0,0.0,0.0,0.0,1.0,,1.0,0.0,0.0,0.0,0.0,1.0,,,,,,,,,,,,,,,,,,,,,,
2026,2021038678,2026-04-07,1800024.0,増田 陸,61.0,一,1,1.0,1.0,4.0,4.0,0.0,1.0,0.0,0.0,0.0,1.0,0.0,,0.0,1.0,0.0,0.0,0.0,2.0,,,,,,,,,,,,,,,,,,,,,,
2026,2021038678,2026-04-07,1800072.0,小園 海斗,5.0,遊,6,1.0,1.0,4.0,3.0,0.0,0.0,0.0,0.0,0.0,0.0,0.0,,1.0,1.0,0.0,0.0,0.0,0.0,,,,,,,,,,,,,,,,,,,,,,
2026,2021038678,2026-04-07,1800079.0,大盛 穂,59.0,中,6,1.0,1.0,4.0,4.0,1.0,2.0,0.0,0.0,1.0,2.0,1.0,,0.0,0.0,0.0,0.0,0.0,0.0,,,,,,,,,,,,,,,,,,,,,,
2026,2021038678,2026-04-07,1900052.0,森下 暢仁,18.0,投,6,1.0,1.0,2.0,0.0,1.0,0.0,0.0,0.0,0.0,0.0,0.0,,1.0,0.0,0.0,1.0,0.0,0.0,1.0,1.0,,1.0,1.0,3.48,6.333333333333333,6.1,,,0.0,6.0,2.0,2.0,0.0,,3.0,4.0,0.0,,26.0,101.0
2026,2021038678,2026-04-07,1951153.0,浦田 俊輔,32.0,二,1,1.0,1.0,4.0,3.0,0.0,0.0,0.0,0.0,0.0,0.0,1.0,,1.0,2.0,0.0,0.0,0.0,0.0,,,,,,,,,,,,,,,,,,,,,,
2026,2021038678,2026-04-07,1960397.0,ハーン,68.0,投,6,1.0,0.0,0.0,0.0,0.0,0.0,0.0,0.0,0.0,0.0,0.0,,0.0,0.0,0.0,0.0,0.0,0.0,2.0,1.0,0.0,1.0,0.0,0.0,0.6666666666666666,0.2,,,0.0,0.0,0.0,0.0,0.0,,0.0,1.0,0.0,,2.0,7.0
2026,2021038678,2026-04-07,1961927.0,モンテロ,95.0,一,6,1.0,1.0,3.0,2.0,0.0,0.0,0.0,0.0,0.0,1.0,0.0,,0.0,0.0,0.0,0.0,1.0,0.0,,,,,,,,,,,,,,,,,,,,,,
2026,2021038678,2026-04-07,2000007.0,中山 礼都,40.0,右,1,1.0,1.0,3.0,3.0,0.0,1.0,0.0,0.0,0.0,1.0,0.0,,0.0,0.0,0.0,0.0,0.0,0.0,,,,,,,,,,,,,,,,,,,,,,
2026,2021038678,2026-04-07,2000061.0,森浦 大輔,13.0,投,6,1.0,0.0,0.0,0.0,0.0,0.0,0.0,0.0,0.0,0.0,0.0,,0.0,0.0,0.0,0.0,0.0,0.0,3.0,1.0,0.0,1.0,1.0,3.86,1.0,1.0,,,1.0,1.0,0.0,0.0,0.0,,0.0,1.0,0.0,,3.0,15.0
2026,2021038678,2026-04-07,2050203.0,佐々木 泰,10.0,三,6,1.0,1.0,4.0,4.0,2.0,0.0,0.0,0.0,0.0,0.0,0.0,,0.0,2.0,0.0,0.0,0.0,0.0,,,,,,,,,,,,,,,,,,,,,,
2026,2021038678,2026-04-07,2106178.0,佐々木 俊輔,44.0,中,1,1.0,1.0,4.0,4.0,1.0,1.0,1.0,0.0,0.0,0.0,0.0,,0.0,1.0,0.0,0.0,0.0,0.0,,,,,,,,,,,,,,,,,,,,,,
2026,2021038678,2026-04-07,2110422.0,勝田 成,0.0,二,6,1.0,1.0,3.0,3.0,0.0,0.0,0.0,0.0,0.0,0.0,0.0,,0.0,0.0,0.0,0.0,0.0,0.0,,,,,,,,,,,,,,,,,,,,,,
2026,2021038678,2026-04-07,2114882.0,ファビアン,61.0,左,6,1.0,1.0,4.0,4.0,1.0,1.0,0.0,0.0,1.0,2.0,0.0,,0.0,0.0,0.0,0.0,0.0,0.0,,,,,,,,,,,,,,,,,,,,,,
2026,2021038678,2026-04-07,2117509.0,ウィットリー,26.0,投,1,1.0,1.0,2.0,2.0,0.0,0.0,0.0,0.0,0.0,0.0,0.0,,0.0,0.0,0.0,0.0,0.0,0.0,1.0,1.0,,0.0,1.0,4.91,6.0,6.0,,,0.0,3.0,5.0,4.0,2.0,,2.0,2.0,0.0,,26.0,91.0
2026,2021038678,2026-04-07,2118291.0,田和 廉,30.0,投,1,1.0,0.0,0.0,0.0,0.0,0.0,0.0,0.0,0.0,0.0,0.0,,0.0,0.0,0.0,0.0,0.0,0.0,2.0,1.0,0.0,0.0,0.0,0.0,1.0,1.0,,,0.0,2.0,0.0,0.0,0.0,,0.0,1.0,0.0,,4.0,24.0
2026,2021038678,2026-04-07,2118420.0,キャベッジ,13.0,左,1,1.0,1.0,4.0,4.0,0.0,2.0,0.0,0.0,0.0,0.0,0.0,,0.0,0.0,0.0,0.0,0.0,0.0,,,,,,,,,,,,,,,,,,,,,,
2026,2021038679,2026-04-07,700049.0,前田 健太,18.0,,376,,,,,,,,,,,,,,,,,,,1.0,1.0,,0.0,1.0,2.45,3.333333333333333,3.1,,,0.0,3.0,0.0,0.0,0.0,,1.0,4.0,0.0,,14.0,65.0
2026,2021038679,2026-04-07,1000100.0,西川 遥輝,7.0,打,8,1.0,0.0,1.0,1.0,0.0,0.0,0.0,0.0,0.0,0.0,0.0,,0.0,0.0,0.0,0.0,0.0,0.0,,,,,,,,,,,,,,,,,,,,,,
2026,2021038679,2026-04-07,1100103.0,鈴木 大地,7.0,三,376,1.0,0.0,1.0,1.0,0.0,0.0,0.0,0.0,0.0,0.0,0.0,,0.0,1.0,0.0,0.0,0.0,1.0,,,,,,,,,,,,,,,,,,,,,,
2026,2021038679,2026-04-07,1200055.0,福谷 浩司,41.0,,8,,,,,,,,,,,,,,,,,,,3.0,1.0,0.0,0.0,0.0,3.0,1.0,1.0,,,0.0,1.0,0.0,0.0,0.0,,0.0,0.0,0.0,,4.0,7.0
2026,2021038679,2026-04-07,1300076.0,加治屋 蓮,41.0,,376,,,,,,,,,,,,,,,,,,,2.0,1.0,0.0,1.0,0.0,0.0,1.6666666666666663,1.2,,,0.0,1.0,0.0,0.0,0.0,,1.0,2.0,0.0,,7.0,23.0
2026,2021038679,2026-04-07,1400195.0,山崎 福也,18.0,,8,,,,,,,,,,,,,,,,,,,4.0,1.0,0.0,0.0,0.0,0.0,1.0,1.0,,,0.0,0.0,0.0,0.0,0.0,,1.0,2.0,0.0,,4.0,19.0
2026,2021038679,2026-04-07,1600007.0,村林 一輝,6.0,遊,376,1.0,1.0,4.0,4.0,0.0,0.0,0.0,0.0,0.0,0.0,0.0,,0.0,1.0,0.0,0.0,0.0,0.0,,,,,,,,,,,,,,,,,,,,,,
2026,2021038679,2026-04-07,1600092.0,藤平 尚真,46.0,,376,,,,,,,,,,,,,,,,,,,6.0,1.0,0.0,0.0,0.0,1.8,1.0,1.0,,,3.0,0.0,0.0,0.0,0.0,,0.0,1.0,0.0,,4.0,17.0
2026,2021038679,2026-04-07,1600139.0,玉井 大翔,19.0,,8,,,,,,,,,,,,,,,,,,,2.0,1.0,0.0,0.0,0.0,0.0,1.0,1.0,,,0.0,0.0,0.0,0.0,0.0,,0.0,1.0,0.0,,3.0,13.0
2026,2021038679,2026-04-07,1700025.0,清宮 幸太郎,21.0,一,8,1.0,1.0,4.0,2.0,0.0,0.0,0.0,0.0,0.0,0.0,0.0,,2.0,2.0,0.0,0.0,0.0,1.0,,,,,,,,,,,,,,,,,,,,,,
2026,2021038679,2026-04-07,1750493.0,西垣 雅矢,49.0,,376,,,,,,,,,,,,,,,,,,,5.0,1.0,0.0,1.0,0.0,1.8,1.0,1.0,,,0.0,0.0,0.0,0.0,0.0,,1.0,2.0,0.0,,4.0,15.0
2026,2021038679,2026-04-07,1760551.0,ボイト,9.0,指,376,1.0,1.0,4.0,4.0,0.0,0.0,0.0,0.0,0.0,0.0,0.0,,0.0,1.0,0.0,0.0,0.0,0.0,,,,,,,,,,,,,,,,,,,,,,
2026,2021038679,2026-04-07,1800044.0,伊藤 裕季也,39.0,一,376,1.0,1.0,3.0,2.0,0.0,0.0,0.0,0.0,0.0,0.0,0.0,,1.0,1.0,0.0,0.0,0.0,0.0,,,,,,,,,,,,,,,,,,,,,,
2026,2021038679,2026-04-07,1800093.0,万波 中正,66.0,右,8,1.0,1.0,4.0,4.0,0.0,1.0,0.0,0.0,0.0,0.0,0.0,,0.0,2.0,0.0,0.0,0.0,0.0,,,,,,,,,,,,,,,,,,,,,,
2026,2021038679,2026-04-07,1800095.0,田宮 裕涼,64.0,捕,8,1.0,1.0,3.0,3.0,0.0,0.0,0.0,0.0,0.0,0.0,0.0,,0.0,1.0,0.0,0.0,0.0,0.0,,,,,,,,,,,,,,,,,,,,,,
2026,2021038679,2026-04-07,1800110.0,水谷 瞬,53.0,左,8,1.0,1.0,4.0,4.0,0.0,0.0,0.0,0.0,0.0,0.0,0.0,,0.0,2.0,0.0,0.0,0.0,0.0,,,,,,,,,,,,,,,,,,,,,,
2026,2021038679,2026-04-07,1800117.0,辰己 涼介,8.0,中,376,1.0,1.0,4.0,3.0,1.0,2.0,0.0,0.0,0.0,0.0,0.0,,0.0,0.0,1.0,0.0,0.0,0.0,,,,,,,,,,,,,,,,,,,,,,
2026,2021038679,2026-04-07,1800118.0,太田 光,2.0,捕,376,1.0,1.0,3.0,3.0,0.0,1.0,0.0,0.0,0.0,0.0,0.0,,0.0,1.0,0.0,0.0,0.0,0.0,,,,,,,,,,,,,,,,,,,,,,
2026,2021038679,2026-04-07,1800124.0,鈴木 翔天,56.0,,376,,,,,,,,,,,,,,,,,,,4.0,1.0,0.0,0.0,0.0,0.0,1.0,1.0,,,0.0,1.0,0.0,0.0,0.0,,0.0,3.0,0.0,,4.0,15.0
2026,2021038679,2026-04-07,1850932.0,奈良間 大己,58.0,二,8,1.0,1.0,4.0,4.0,0.0,1.0,1.0,0.0,0.0,0.0,0.0,,0.0,1.0,0.0,0.0,0.0,0.0,,,,,,,,,,,,,,,,,,,,,,
2026,2021038679,2026-04-07,1851204.0,水野 達稀,43.0,遊,8,1.0,1.0,4.0,4.0,0.0,1.0,0.0,0.0,0.0,0.0,0.0,,0.0,1.0,0.0,0.0,0.0,0.0,,,,,,,,,,,,,,,,,,,,,,
2026,2021038679,2026-04-07,1860140.0,レイエス,99.0,指,8,1.0,1.0,4.0,4.0,0.0,1.0,0.0,0.0,0.0,0.0,0.0,,0.0,1.0,0.0,0.0,0.0,0.0,,,,,,,,,,,,,,,,,,,,,,
2026,2021038679,2026-04-07,1900040.0,郡司 裕也,3.0,三,8,1.0,1.0,4.0,3.0,0.0,0.0,0.0,0.0,0.0,0.0,0.0,,1.0,0.0,0.0,0.0,0.0,0.0,,,,,,,,,,,,,,,,,,,,,,
2026,2021038679,2026-04-07,1900100.0,佐藤 直樹,38.0,右,376,1.0,1.0,4.0,4.0,0.0,0.0,0.0,0.0,0.0,0.0,0.0,,0.0,1.0,0.0,0.0,0.0,0.0,,,,,,,,,,,,,,,,,,,,,,
2026,2021038679,2026-04-07,1900112.0,小深田 大翔,0.0,二,376,1.0,1.0,3.0,3.0,1.0,2.0,0.0,0.0,0.0,0.0,1.0,,0.0,1.0,0.0,0.0,0.0,0.0,,,,,,,,,,,,,,,,,,,,,,
2026,2021038679,2026-04-07,1900113.0,黒川 史陽,24.0,三一,376,1.0,1.0,4.0,2.0,0.0,1.0,1.0,0.0,0.0,2.0,0.0,,2.0,1.0,0.0,0.0,0.0,0.0,,,,,,,,,,,,,,,,,,,,,,
2026,2021038679,2026-04-07,1950278.0,中島 大輔,32.0,左,376,1.0,1.0,4.0,4.0,1.0,2.0,2.0,0.0,0.0,1.0,0.0,,0.0,0.0,0.0,0.0,0.0,0.0,,,,,,,,,,,,,,,,,,,,,,
2026,2021038679,2026-04-07,2000080.0,五十幡 亮汰,50.0,中,8,1.0,1.0,4.0,4.0,0.0,1.0,0.0,0.0,0.0,0.0,1.0,,0.0,2.0,0.0,0.0,0.0,0.0,,,,,,,,,,,,,,,,,,,,,,
2026,2021038679,2026-04-07,2000126.0,内 星龍,69.0,,376,,,,,,,,,,,,,,,,,,,3.0,1.0,0.0,0.0,0.0,5.06,1.0,1.0,,,0.0,0.0,0.0,0.0,0.0,,0.0,0.0,0.0,,3.0,6.0
2026,2021038679,2026-04-07,2111822.0,細野 晴希,29.0,,8,,,,,,,,,,,,,,,,,,,1.0,1.0,,1.0,1.0,1.29,5.0,5.0,,,0.0,7.0,3.0,2.0,0.0,,2.0,5.0,1.0,,23.0,86.0
2026,2021038680,2026-04-07,1300044.0,岡 大海,25.0,打,9,1.0,0.0,1.0,1.0,0.0,0.0,0.0,0.0,0.0,0.0,0.0,,0.0,1.0,0.0,0.0,0.0,0.0,,,,,,,,,,,,,,,,,,,,,,
2026,2021038680,2026-04-07,1300109.0,若月 健矢,2.0,捕,11,1.0,1.0,4.0,4.0,2.0,3.0,1.0,0.0,0.0,0.0,0.0,,0.0,0.0,0.0,0.0,0.0,0.0,,,,,,,,,,,,,,,,,,,,,,
2026,2021038680,2026-04-07,1400196.0,宗 佑磨,6.0,三,11,1.0,1.0,4.0,3.0,0.0,2.0,0.0,0.0,0.0,1.0,0.0,,1.0,0.0,0.0,0.0,0.0,0.0,,,,,,,,,,,,,,,,,,,,,,
2026,2021038680,2026-04-07,1400201.0,西野 真弘,5.0,二,11,1.0,1.0,3.0,3.0,0.0,0.0,0.0,0.0,0.0,0.0,0.0,,0.0,0.0,0.0,0.0,0.0,0.0,,,,,,,,,,,,,,,,,,,,,,
2026,2021038680,2026-04-07,1460080.0,ポランコ,22.0,指,9,1.0,1.0,4.0,4.0,0.0,1.0,0.0,0.0,0.0,0.0,0.0,,0.0,1.0,0.0,0.0,0.0,0.0,,,,,,,,,,,,,,,,,,,,,,
2026,2021038680,2026-04-07,1500041.0,廣岡 大志,30.0,中右,11,1.0,1.0,4.0,4.0,0.0,0.0,0.0,0.0,0.0,0.0,0.0,,0.0,1.0,0.0,0.0,0.0,0.0,,,,,,,,,,,,,,,,,,,,,,
2026,2021038680,2026-04-07,1500096.0,西川 龍馬,7.0,左,11,1.0,1.0,4.0,4.0,1.0,3.0,0.0,0.0,1.0,1.0,0.0,,0.0,0.0,0.0,0.0,0.0,0.0,,,,,,,,,,,,,,,,,,,,,,
2026,2021038680,2026-04-07,1500128.0,大城 滉二,10.0,二,11,1.0,0.0,1.0,1.0,0.0,0.0,0.0,0.0,0.0,0.0,0.0,,0.0,1.0,0.0,0.0,0.0,0.0,,,,,,,,,,,,,,,,,,,,,,
2026,2021038680,2026-04-07,1600155.0,山崎 颯一郎,21.0,,11,,,,,,,,,,,,,,,,,,,2.0,1.0,0.0,1.0,1.0,5.06,0.6666666666666666,0.2,,,0.0,0.0,0.0,0.0,0.0,,1.0,1.0,0.0,,3.0,15.0
2026,2021038680,2026-04-07,1600157.0,澤田 圭佑,54.0,,9,,,,,,,,,,,,,,,,,,,2.0,1.0,0.0,1.0,1.0,1.8,1.0,1.0,,,0.0,3.0,1.0,1.0,0.0,,0.0,0.0,0.0,,6.0,21.0
2026,2021038680,2026-04-07,1650221.0,椋木 蓮,15.0,,11,,,,,,,,,,,,,,,,,,,4.0,1.0,0.0,0.0,0.0,0.0,1.0,1.0,,,0.0,0.0,0.0,0.0,0.0,,0.0,3.0,0.0,,3.0,10.0
2026,2021038680,2026-04-07,1660014.0,ペルドモ,59.0,,11,,,,,,,,,,,,,,,,,,,3.0,1.0,0.0,1.0,2.0,13.5,1.0,1.0,,,0.0,1.0,0.0,0.0,0.0,,0.0,1.0,0.0,,4.0,12.0
2026,2021038680,2026-04-07,1700020.0,ソト,99.0,一,9,1.0,1.0,4.0,4.0,0.0,1.0,0.0,0.0,0.0,0.0,0.0,,0.0,2.0,0.0,0.0,0.0,0.0,,,,,,,,,,,,,,,,,,,,,,
2026,2021038680,2026-04-07,1700098.0,和田 康士朗,63.0,走指,9,1.0,0.0,0.0,0.0,0.0,0.0,0.0,0.0,0.0,0.0,0.0,,0.0,0.0,0.0,0.0,0.0,0.0,,,,,,,,,,,,,,,,,,,,,,
2026,2021038680,2026-04-07,1750543.0,高島 泰都,96.0,,11,,,,,,,,,,,,,,,,,,,1.0,1.0,,0.0,0.0,3.86,5.333333333333333,5.1,,,0.0,5.0,1.0,1.0,0.0,,1.0,6.0,1.0,,21.0,88.0
2026,2021038680,2026-04-07,1800037.0,坂本 光士郎,36.0,,9,,,,,,,,,,,,,,,,,,,4.0,1.0,0.0,0.0,0.0,0.0,0.3333333333333333,0.1,,,0.0,1.0,0.0,0.0,0.0,,0.0,0.0,0.0,,2.0,8.0
2026,2021038680,2026-04-07,1800050.0,藤原 恭大,1.0,右,9,1.0,1.0,4.0,2.0,0.0,0.0,0.0,0.0,0.0,0.0,0.0,,1.0,2.0,1.0,0.0,0.0,0.0,,,,,,,,,,,,,,,,,,,,,,
2026,2021038680,2026-04-07,1800053.0,山口 航輝,51.0,打,9,1.0,0.0,1.0,1.0,0.0,0.0,0.0,0.0,0.0,0.0,0.0,,0.0,1.0,0.0,0.0,0.0,0.0,,,,,,,,,,,,,,,,,,,,,,
2026,2021038680,2026-04-07,1800098.0,太田 椋,1.0,一,11,1.0,1.0,4.0,2.0,0.0,0.0,0.0,0.0,0.0,1.0,0.0,,2.0,1.0,0.0,0.0,0.0,0.0,,,,,,,,,,,,,,,,,,,,,,
2026,2021038680,2026-04-07,1800104.0,中川 圭太,67.0,右左,11,1.0,1.0,4.0,4.0,0.0,1.0,0.0,0.0,0.0,0.0,0.0,,0.0,0.0,0.0,0.0,0.0,0.0,,,,,,,,,,,,,,,,,,,,,,
2026,2021038680,2026-04-07,1900081.0,佐藤 都志也,32.0,打,9,1.0,0.0,1.0,1.0,0.0,0.0,0.0,0.0,0.0,0.0,0.0,,0.0,1.0,0.0,0.0,0.0,0.0,,,,,,,,,,,,,,,,,,,,,,
2026,2021038680,2026-04-07,1900082.0,高部 瑛斗,0.0,中,9,1.0,1.0,4.0,4.0,1.0,1.0,1.0,0.0,0.0,0.0,0.0,,0.0,2.0,0.0,0.0,0.0,0.0,,,,,,,,,,,,,,,,,,,,,,
2026,2021038680,2026-04-07,1900088.0,紅林 弘太郎,24.0,遊,11,1.0,1.0,4.0,4.0,0.0,1.0,0.0,0.0,0.0,0.0,0.0,,0.0,0.0,0.0,0.0,0.0,0.0,,,,,,,,,,,,,,,,,,,,,,
2026,2021038680,2026-04-07,1950286.0,西川 史礁,6.0,左,9,1.0,1.0,4.0,4.0,0.0,1.0,0.0,0.0,0.0,0.0,0.0,,0.0,2.0,0.0,0.0,0.0,0.0,,,,,,,,,,,,,,,,,,,,,,
2026,2021038680,2026-04-07,1961416.0,マチャド,42.0,,11,,,,,,,,,,,,,,,,,,,5.0,1.0,0.0,0.0,0.0,0.0,1.0,1.0,,,2.0,2.0,0.0,0.0,0.0,,0.0,2.0,0.0,,5.0,21.0
2026,2021038680,2026-04-07,2000087.0,鈴木 昭汰,47.0,,9,,,,,,,,,,,,,,,,,,,3.0,1.0,0.0,0.0,0.0,3.38,0.6666666666666666,0.2,,,0.0,3.0,1.0,1.0,1.0,,0.0,1.0,0.0,,5.0,21.0
2026,2021038680,2026-04-07,2000089.0,小川 龍成,57.0,二,9,1.0,1.0,2.0,2.0,0.0,1.0,0.0,0.0,0.0,0.0,0.0,,0.0,0.0,0.0,0.0,0.0,0.0,,,,,,,,,,,,,,,,,,,,,,
2026,2021038680,2026-04-07,2100346.0,松川 虎生,2.0,捕,9,1.0,1.0,3.0,2.0,0.0,1.0,0.0,0.0,0.0,0.0,0.0,,0.0,0.0,0.0,1.0,0.0,0.0,,,,,,,,,,,,,,,,,,,,,,
2026,2021038680,2026-04-07,2102926.0,寺地 隆成,65.0,三,9,1.0,1.0,4.0,3.0,0.0,1.0,0.0,0.0,0.0,1.0,0.0,,1.0,1.0,0.0,0.0,0.0,0.0,,,,,,,,,,,,,,,,,,,,,,
2026,2021038680,2026-04-07,2103747.0,渡部 遼人,0.0,中,11,1.0,0.0,0.0,0.0,0.0,0.0,0.0,0.0,0.0,0.0,0.0,,0.0,0.0,0.0,0.0,0.0,0.0,,,,,,,,,,,,,,,,,,,,,,
2026,2021038680,2026-04-07,2106798.0,友杉 篤輝,4.0,遊,9,1.0,1.0,4.0,3.0,0.0,1.0,0.0,0.0,0.0,0.0,0.0,,0.0,0.0,0.0,1.0,0.0,0.0,,,,,,,,,,,,,,,,,,,,,,
2026,2021038680,2026-04-07,2110153.0,麦谷 祐介,8.0,走指,11,1.0,0.0,0.0,0.0,0.0,0.0,0.0,0.0,0.0,0.0,0.0,,0.0,0.0,0.0,0.0,0.0,0.0,,,,,,,,,,,,,,,,,,,,,,
2026,2021038680,2026-04-07,2111821.0,木村 優人,53.0,,9,,,,,,,,,,,,,,,,,,,1.0,1.0,,0.0,1.0,5.25,6.0,6.0,,,0.0,4.0,1.0,1.0,0.0,,3.0,3.0,0.0,,23.0,90.0
2026,2021038680,2026-04-07,2117200.0,シーモア,45.0,指,11,1.0,1.0,4.0,4.0,0.0,1.0,0.0,0.0,0.0,0.0,0.0,,0.0,1.0,0.0,0.0,0.0,0.0,,,,,,,,,,,,,,,,,,,,,,
2026,2021038680,2026-04-07,2117855.0,宮崎 竜成,44.0,二,9,1.0,0.0,0.0,0.0,0.0,0.0,0.0,0.0,0.0,0.0,0.0,,0.0,0.0,0.0,0.0,0.0,0.0,,,,,,,,,,,,,,,,,,,,,,
2026,2021038681,2026-04-07,800081.0,中村 晃,7.0,打,12,1.0,0.0,1.0,1.0,0.0,0.0,0.0,0.0,0.0,0.0,0.0,,0.0,0.0,0.0,0.0,0.0,0.0,,,,,,,,,,,,,,,,,,,,,,
2026,2021038681,2026-04-07,1000035.0,今宮 健太,6.0,二,12,1.0,1.0,4.0,3.0,0.0,1.0,0.0,0.0,0.0,0.0,0.0,,1.0,0.0,0.0,0.0,0.0,1.0,,,,,,,,,,,,,,,,,,,,,,
2026,2021038681,2026-04-07,1000128.0,柳田 悠岐,9.0,指,12,1.0,1.0,4.0,4.0,1.0,2.0,0.0,0.0,0.0,0.0,0.0,,0.0,0.0,0.0,0.0,0.0,0.0,,,,,,,,,,,,,,,,,,,,,,
2026,2021038681,2026-04-07,1000175.0,牧原 大成,8.0,右,12,1.0,1.0,4.0,4.0,0.0,1.0,0.0,0.0,0.0,0.0,0.0,,0.0,2.0,0.0,0.0,0.0,0.0,,,,,,,,,,,,,,,,,,,,,,
2026,2021038681,2026-04-07,1100061.0,桑原 将志,7.0,左,7,1.0,1.0,5.0,5.0,1.0,2.0,0.0,0.0,0.0,0.0,0.0,,0.0,0.0,0.0,0.0,0.0,0.0,,,,,,,,,,,,,,,,,,,,,,
2026,2021038681,2026-04-07,1100097.0,近藤 健介,3.0,左,12,1.0,1.0,5.0,4.0,1.0,1.0,0.0,0.0,1.0,2.0,0.0,,1.0,0.0,0.0,0.0,0.0,0.0,,,,,,,,,,,,,,,,,,,,,,
2026,2021038681,2026-04-07,1300101.0,山川 穂高,5.0,一,12,1.0,1.0,4.0,4.0,1.0,2.0,1.0,0.0,1.0,3.0,0.0,,0.0,0.0,0.0,0.0,0.0,0.0,,,,,,,,,,,,,,,,,,,,,,
2026,2021038681,2026-04-07,1400127.0,栗原 陵矢,24.0,三一,12,1.0,1.0,5.0,5.0,1.0,1.0,0.0,0.0,0.0,0.0,0.0,,0.0,2.0,0.0,0.0,0.0,0.0,,,,,,,,,,,,,,,,,,,,,,
2026,2021038681,2026-04-07,1400184.0,外崎 修汰,5.0,二一,7,1.0,1.0,4.0,4.0,3.0,1.0,0.0,0.0,1.0,3.0,0.0,,0.0,0.0,0.0,0.0,0.0,0.0,,,,,,,,,,,,,,,,,,,,,,
2026,2021038681,2026-04-07,1500117.0,平沢 大河,39.0,一,7,1.0,1.0,3.0,3.0,0.0,2.0,0.0,0.0,0.0,0.0,0.0,,0.0,0.0,0.0,0.0,0.0,0.0,,,,,,,,,,,,,,,,,,,,,,
2026,2021038681,2026-04-07,1500140.0,谷川原 健太,45.0,捕,12,1.0,0.0,1.0,1.0,1.0,1.0,0.0,0.0,0.0,0.0,0.0,,0.0,0.0,0.0,0.0,0.0,0.0,,,,,,,,,,,,,,,,,,,,,,
2026,2021038681,2026-04-07,1600129.0,源田 壮亮,6.0,遊,7,1.0,1.0,5.0,3.0,0.0,0.0,0.0,0.0,0.0,0.0,0.0,,1.0,0.0,0.0,1.0,0.0,0.0,,,,,,,,,,,,,,,,,,,,,,
2026,2021038681,2026-04-07,1700134.0,尾形 崇斗,39.0,,12,,,,,,,,,,,,,,,,,,,2.0,1.0,0.0,0.0,0.0,0.0,1.6666666666666663,1.2,,,0.0,0.0,0.0,0.0,0.0,,0.0,2.0,0.0,,5.0,18.0
2026,2021038681,2026-04-07,1700135.0,周東 佑京,23.0,中,12,1.0,1.0,4.0,4.0,1.0,1.0,0.0,0.0,0.0,0.0,0.0,,0.0,1.0,0.0,0.0,0.0,0.0,,,,,,,,,,,,,,,,,,,,,,
2026,2021038681,2026-04-07,1750472.0,古賀 悠斗,22.0,捕,7,1.0,1.0,4.0,4.0,0.0,1.0,0.0,0.0,0.0,1.0,0.0,,0.0,1.0,0.0,0.0,0.0,0.0,,,,,,,,,,,,,,,,,,,,,,
2026,2021038681,2026-04-07,1751148.0,隅田 知一郎,16.0,,7,,,,,,,,,,,,,,,,,,,1.0,1.0,,1.0,0.0,4.5,7.0,7.0,,,0.0,7.0,3.0,3.0,2.0,,1.0,5.0,0.0,,27.0,95.0
2026,2021038681,2026-04-07,1800106.0,甲斐野 央,34.0,,7,,,,,,,,,,,,,,,,,,,3.0,1.0,0.0,0.0,1.0,5.4,0.3333333333333333,0.1,,,0.0,0.0,0.0,0.0,0.0,,1.0,1.0,0.0,,2.0,11.0
2026,2021038681,2026-04-07,1900062.0,浜屋 将太,90.0,,7,,,,,,,,,,,,,,,,,,,2.0,1.0,0.0,0.0,0.0,4.91,0.6666666666666666,0.2,,,0.0,3.0,2.0,2.0,0.0,,0.0,0.0,0.0,,5.0,25.0
2026,2021038681,2026-04-07,1900068.0,岸 潤一郎,68.0,中,7,1.0,1.0,5.0,5.0,1.0,1.0,1.0,0.0,0.0,1.0,0.0,,0.0,0.0,0.0,0.0,0.0,0.0,,,,,,,,,,,,,,,,,,,,,,
2026,2021038681,2026-04-07,1900101.0,海野 隆司,62.0,捕,12,1.0,1.0,2.0,2.0,0.0,0.0,0.0,0.0,0.0,0.0,0.0,,0.0,1.0,0.0,0.0,0.0,0.0,,,,,,,,,,,,,,,,,,,,,,
2026,2021038681,2026-04-07,1900104.0,柳町 達,32.0,打,12,1.0,0.0,1.0,1.0,0.0,1.0,1.0,0.0,0.0,1.0,0.0,,0.0,0.0,0.0,0.0,0.0,0.0,,,,,,,,,,,,,,,,,,,,,,
2026,2021038681,2026-04-07,1900106.0,大関 友久,47.0,,12,,,,,,,,,,,,,,,,,,,1.0,1.0,,1.0,1.0,5.23,4.333333333333333,4.1,,,0.0,9.0,6.0,5.0,2.0,,0.0,2.0,0.0,,22.0,70.0
2026,2021038681,2026-04-07,1950149.0,庄子 雄大,25.0,走遊,12,1.0,0.0,0.0,0.0,0.0,0.0,0.0,0.0,0.0,0.0,0.0,,0.0,0.0,0.0,0.0,0.0,0.0,,,,,,,,,,,,,,,,,,,,,,
2026,2021038681,2026-04-07,1950417.0,渡部 聖弥,8.0,三,7,1.0,1.0,4.0,4.0,1.0,1.0,1.0,0.0,0.0,0.0,0.0,,0.0,1.0,0.0,0.0,0.0,0.0,,,,,,,,,,,,,,,,,,,,,,
2026,2021038681,2026-04-07,2000008.0,伊藤 優輔,42.0,,12,,,,,,,,,,,,,,,,,,,3.0,1.0,0.0,0.0,0.0,0.0,1.0,1.0,,,0.0,0.0,0.0,0.0,0.0,,0.0,0.0,0.0,,3.0,12.0
2026,2021038681,2026-04-07,2000073.0,仲三 優太,55.0,指,7,1.0,1.0,5.0,4.0,2.0,1.0,0.0,0.0,1.0,2.0,0.0,,1.0,3.0,0.0,0.0,0.0,0.0,,,,,,,,,,,,,,,,,,,,,,
2026,2021038681,2026-04-07,2000075.0,長谷川 信哉,63.0,右,7,1.0,0.0,1.0,1.0,0.0,1.0,0.0,0.0,0.0,0.0,0.0,,0.0,0.0,0.0,0.0,0.0,0.0,,,,,,,,,,,,,,,,,,,,,,
2026,2021038681,2026-04-07,2102969.0,鈴木 豪太,26.0,,12,,,,,,,,,,,,,,,,,,,5.0,1.0,0.0,0.0,0.0,0.0,1.0,1.0,,,0.0,0.0,0.0,0.0,0.0,,1.0,1.0,0.0,,3.0,11.0
2026,2021038681,2026-04-07,2103618.0,滝澤 夏央,62.0,二,7,1.0,0.0,1.0,1.0,0.0,1.0,0.0,0.0,0.0,1.0,0.0,,0.0,0.0,0.0,0.0,0.0,0.0,,,,,,,,,,,,,,,,,,,,,,
2026,2021038681,2026-04-07,2104035.0,野村 勇,99.0,遊三,12,1.0,1.0,4.0,4.0,0.0,1.0,0.0,0.0,0.0,0.0,0.0,,0.0,0.0,0.0,0.0,0.0,1.0,,,,,,,,,,,,,,,,,,,,,,
2026,2021038681,2026-04-07,2104898.0,大野 稼頭央,60.0,,12,,,,,,,,,,,,,,,,,,,4.0,1.0,0.0,0.0,0.0,0.0,1.0,1.0,,,0.0,2.0,2.0,0.0,0.0,,1.0,1.0,0.0,,7.0,22.0
2026,2021038681,2026-04-07,2117028.0,カナリオ,25.0,右,7,1.0,1.0,3.0,3.0,0.0,0.0,0.0,0.0,0.0,0.0,0.0,,0.0,1.0,0.0,0.0,0.0,0.0,,,,,,,,,,,,,,,,,,,,,,
2026,2021038681,2026-04-07,2121154.0,岩城 颯空,20.0,,7,,,,,,,,,,,,,,,,,,,4.0,1.0,0.0,0.0,0.0,3.0,1.0,1.0,,,2.0,2.0,1.0,1.0,0.0,,0.0,0.0,0.0,,5.0,16.0
2026,2021038682,2026-04-08,1000002.0,筒香 嘉智,25.0,一三,3,1.0,1.0,6.0,4.0,2.0,3.0,1.0,0.0,1.0,2.0,0.0,,2.0,0.0,0.0,0.0,0.0,0.0,,,,,,,,,,,,,,,,,,,,,,
2026,2021038682,2026-04-08,1100069.0,高橋 周平,3.0,打,4,1.0,0.0,1.0,1.0,0.0,0.0,0.0,0.0,0.0,0.0,0.0,,0.0,0.0,0.0,0.0,0.0,0.0,,,,,,,,,,,,,,,,,,,,,,
2026,2021038682,2026-04-08,1200053.0,宮崎 敏郎,51.0,三,3,1.0,1.0,4.0,3.0,0.0,1.0,0.0,0.0,0.0,0.0,0.0,,1.0,1.0,0.0,0.0,0.0,0.0,,,,,,,,,,,,,,,,,,,,,,
2026,2021038682,2026-04-08,1400160.0,加藤 匠馬,49.0,走捕,4,1.0,0.0,0.0,0.0,0.0,0.0,0.0,0.0,0.0,0.0,1.0,,0.0,0.0,0.0,0.0,0.0,0.0,,,,,,,,,,,,,,,,,,,,,,
2026,2021038682,2026-04-08,1400199.0,齋藤 綱記,59.0,投,4,1.0,0.0,0.0,0.0,0.0,0.0,0.0,0.0,0.0,0.0,0.0,,0.0,0.0,0.0,0.0,0.0,0.0,5.0,1.0,0.0,0.0,1.0,4.5,1.0,1.0,,,0.0,1.0,0.0,0.0,0.0,,1.0,0.0,1.0,,6.0,22.0
2026,2021038682,2026-04-08,1500076.0,木下 拓哉,35.0,捕,4,1.0,1.0,5.0,5.0,1.0,2.0,1.0,0.0,0.0,0.0,0.0,,0.0,1.0,0.0,0.0,0.0,0.0,,,,,,,,,,,,,,,,,,,,,,
2026,2021038682,2026-04-08,1500078.0,阿部 寿樹,48.0,打,4,1.0,0.0,1.0,1.0,0.0,0.0,0.0,0.0,0.0,0.0,0.0,,0.0,0.0,0.0,0.0,0.0,0.0,,,,,,,,,,,,,,,,,,,,,,
2026,2021038682,2026-04-08,1500091.0,板山 祐太郎,63.0,打,4,1.0,0.0,1.0,1.0,0.0,0.0,0.0,0.0,0.0,0.0,0.0,,0.0,0.0,0.0,0.0,0.0,0.0,,,,,,,,,,,,,,,,,,,,,,
2026,2021038682,2026-04-08,1560639.0,カリステ,4.0,右,4,1.0,1.0,4.0,3.0,0.0,0.0,0.0,0.0,0.0,0.0,0.0,,1.0,0.0,0.0,0.0,0.0,0.0,,,,,,,,,,,,,,,,,,,,,,
2026,2021038682,2026-04-08,1561854.0,サノー,23.0,打,4,1.0,0.0,1.0,1.0,0.0,1.0,0.0,0.0,0.0,0.0,0.0,,0.0,0.0,0.0,0.0,0.0,0.0,,,,,,,,,,,,,,,,,,,,,,
2026,2021038682,2026-04-08,1600085.0,細川 成也,55.0,左,4,1.0,1.0,6.0,5.0,1.0,2.0,1.0,0.0,1.0,2.0,0.0,,1.0,1.0,0.0,0.0,0.0,0.0,,,,,,,,,,,,,,,,,,,,,,
2026,2021038682,2026-04-08,1600089.0,佐野 恵太,7.0,左,3,1.0,1.0,6.0,6.0,1.0,1.0,1.0,0.0,0.0,0.0,0.0,,0.0,1.0,0.0,0.0,0.0,0.0,,,,,,,,,,,,,,,,,,,,,,
2026,2021038682,2026-04-08,1600107.0,京田 陽太,9.0,打,3,1.0,0.0,1.0,1.0,0.0,0.0,0.0,0.0,0.0,0.0,0.0,,0.0,0.0,0.0,0.0,0.0,0.0,,,,,,,,,,,,,,,,,,,,,,
2026,2021038682,2026-04-08,1600110.0,藤嶋 健人,54.0,投,4,1.0,0.0,0.0,0.0,0.0,0.0,0.0,0.0,0.0,0.0,0.0,,0.0,0.0,0.0,0.0,0.0,0.0,3.0,1.0,0.0,0.0,1.0,10.13,1.0,1.0,,,0.0,0.0,0.0,0.0,0.0,,0.0,0.0,0.0,,3.0,7.0
2026,2021038682,2026-04-08,1600167.0,三森 大貴,26.0,走一,3,1.0,0.0,2.0,2.0,1.0,1.0,0.0,0.0,0.0,0.0,0.0,,0.0,0.0,0.0,0.0,0.0,1.0,,,,,,,,,,,,,,,,,,,,,,
2026,2021038682,2026-04-08,1660558.0,メヒア,91.0,投,4,1.0,0.0,0.0,0.0,0.0,0.0,0.0,0.0,0.0,0.0,0.0,,0.0,0.0,0.0,0.0,0.0,0.0,4.0,1.0,0.0,0.0,0.0,4.5,1.0,1.0,,,0.0,3.0,2.0,2.0,0.0,,1.0,1.0,0.0,,7.0,28.0
2026,2021038682,2026-04-08,1700066.0,山本 祐大,50.0,捕,3,1.0,1.0,6.0,4.0,0.0,0.0,0.0,0.0,0.0,0.0,0.0,,1.0,1.0,1.0,0.0,0.0,0.0,,,,,,,,,,,,,,,,,,,,,,
2026,2021038682,2026-04-08,1700067.0,中川 虎大,64.0,投,3,1.0,0.0,0.0,0.0,0.0,0.0,0.0,0.0,0.0,0.0,0.0,,0.0,0.0,0.0,0.0,0.0,0.0,4.0,1.0,0.0,0.0,0.0,0.0,1.0,1.0,,,0.0,1.0,0.0,0.0,0.0,,0.0,2.0,0.0,,4.0,15.0
2026,2021038682,2026-04-08,1750223.0,村松 開人,5.0,遊,4,1.0,1.0,5.0,3.0,0.0,1.0,0.0,0.0,0.0,2.0,0.0,,1.0,0.0,0.0,0.0,1.0,1.0,,,,,,,,,,,,,,,,,,,,,,
2026,2021038682,2026-04-08,1750701.0,田中 幹也,2.0,二,4,1.0,1.0,6.0,4.0,0.0,0.0,0.0,0.0,0.0,0.0,0.0,,0.0,0.0,0.0,2.0,0.0,0.0,,,,,,,,,,,,,,,,,,,,,,
2026,2021038682,2026-04-08,1800059.0,根尾 昂,30.0,投,4,1.0,0.0,0.0,0.0,0.0,0.0,0.0,0.0,0.0,0.0,0.0,,0.0,0.0,0.0,0.0,0.0,0.0,6.0,1.0,0.0,1.0,0.0,0.0,1.0,1.0,,,0.0,0.0,0.0,0.0,0.0,,0.0,2.0,0.0,,3.0,16.0
2026,2021038682,2026-04-08,1850208.0,林 琢真,0.0,走,3,1.0,0.0,0.0,0.0,0.0,0.0,0.0,0.0,0.0,0.0,0.0,,0.0,0.0,0.0,0.0,0.0,0.0,,,,,,,,,,,,,,,,,,,,,,
2026,2021038682,2026-04-08,1850873.0,度会 隆輝,4.0,打,3,1.0,0.0,1.0,1.0,0.0,0.0,0.0,0.0,0.0,0.0,0.0,,0.0,0.0,0.0,0.0,0.0,0.0,,,,,,,,,,,,,,,,,,,,,,
2026,2021038682,2026-04-08,1900031.0,坂本 裕哉,20.0,投,3,1.0,0.0,0.0,0.0,0.0,0.0,0.0,0.0,0.0,0.0,0.0,,0.0,0.0,0.0,0.0,0.0,0.0,7.0,1.0,0.0,0.0,1.0,4.5,1.0,1.0,,,0.0,3.0,2.0,1.0,0.0,,1.0,1.0,0.0,,7.0,17.0
2026,2021038682,2026-04-08,1900035.0,蝦名 達夫,61.0,中,3,1.0,1.0,5.0,5.0,0.0,1.0,0.0,0.0,0.0,0.0,1.0,,0.0,1.0,0.0,0.0,0.0,0.0,,,,,,,,,,,,,,,,,,,,,,
2026,2021038682,2026-04-08,1951008.0,中西 聖輝,11.0,投,4,1.0,1.0,2.0,1.0,0.0,1.0,1.0,0.0,0.0,0.0,0.0,,0.0,0.0,0.0,1.0,0.0,0.0,1.0,1.0,,0.0,1.0,5.23,5.0,5.0,,,0.0,5.0,2.0,2.0,1.0,,3.0,7.0,0.0,,23.0,88.0
2026,2021038682,2026-04-08,1961300.0,ボスラー,24.0,一,4,1.0,1.0,6.0,5.0,0.0,3.0,1.0,0.0,0.0,1.0,0.0,,1.0,1.0,0.0,0.0,0.0,0.0,,,,,,,,,,,,,,,,,,,,,,
2026,2021038682,2026-04-08,2000035.0,牧 秀悟,2.0,二,3,1.0,1.0,6.0,5.0,0.0,1.0,0.0,0.0,0.0,0.0,0.0,,1.0,1.0,0.0,0.0,0.0,0.0,,,,,,,,,,,,,,,,,,,,,,
2026,2021038682,2026-04-08,2100275.0,花田 旭,57.0,中,4,1.0,1.0,6.0,6.0,1.0,1.0,0.0,0.0,0.0,0.0,0.0,,0.0,2.0,0.0,0.0,0.0,0.0,,,,,,,,,,,,,,,,,,,,,,
2026,2021038682,2026-04-08,2100277.0,松尾 汐恩,5.0,打,3,1.0,0.0,1.0,1.0,0.0,0.0,0.0,0.0,0.0,0.0,0.0,,0.0,1.0,0.0,0.0,0.0,0.0,,,,,,,,,,,,,,,,,,,,,,
2026,2021038682,2026-04-08,2101034.0,ヒュンメル,99.0,右,3,1.0,1.0,5.0,5.0,0.0,1.0,0.0,0.0,0.0,2.0,0.0,,0.0,2.0,0.0,0.0,0.0,0.0,,,,,,,,,,,,,,,,,,,,,,
2026,2021038682,2026-04-08,2103703.0,梶原 昂希,58.0,打,3,1.0,0.0,1.0,1.0,0.0,0.0,0.0,0.0,0.0,0.0,0.0,,0.0,0.0,0.0,0.0,0.0,0.0,,,,,,,,,,,,,,,,,,,,,,
2026,2021038682,2026-04-08,2103780.0,福永 裕基,7.0,三,4,1.0,1.0,6.0,4.0,2.0,2.0,0.0,0.0,0.0,0.0,0.0,,2.0,0.0,0.0,0.0,0.0,0.0,,,,,,,,,,,,,,,,,,,,,,
2026,2021038682,2026-04-08,2103947.0,樋口 正修,97.0,走左,4,1.0,0.0,0.0,0.0,0.0,0.0,0.0,0.0,0.0,0.0,0.0,,0.0,0.0,0.0,0.0,0.0,0.0,,,,,,,,,,,,,,,,,,,,,,
2026,2021038682,2026-04-08,2105007.0,橋本 達弥,35.0,投,3,1.0,0.0,0.0,0.0,0.0,0.0,0.0,0.0,0.0,0.0,0.0,,0.0,0.0,0.0,0.0,0.0,0.0,5.0,1.0,0.0,1.0,0.0,1.8,1.0,1.0,,,0.0,1.0,1.0,1.0,0.0,,2.0,1.0,0.0,,6.0,26.0
2026,2021038682,2026-04-08,2105707.0,吉野 光樹,24.0,投,3,1.0,0.0,0.0,0.0,0.0,0.0,0.0,0.0,0.0,0.0,0.0,,0.0,0.0,0.0,0.0,0.0,0.0,2.0,1.0,0.0,0.0,1.0,3.6,1.0,1.0,,,0.0,1.0,0.0,0.0,0.0,,1.0,0.0,0.0,,5.0,23.0
2026,2021038682,2026-04-08,2105891.0,マルセリーノ,98.0,投,3,1.0,0.0,0.0,0.0,0.0,0.0,0.0,0.0,0.0,0.0,0.0,,0.0,0.0,0.0,0.0,0.0,0.0,3.0,1.0,0.0,0.0,0.0,7.2,2.0,2.0,,,0.0,1.0,1.0,1.0,0.0,,1.0,1.0,0.0,,8.0,28.0
2026,2021038682,2026-04-08,2107086.0,牧野 憲伸,68.0,投,4,1.0,0.0,0.0,0.0,0.0,0.0,0.0,0.0,0.0,0.0,0.0,,0.0,0.0,0.0,0.0,0.0,0.0,2.0,1.0,0.0,0.0,1.0,2.25,1.0,1.0,,,0.0,0.0,0.0,0.0,0.0,,0.0,0.0,0.0,,3.0,10.0
2026,2021038682,2026-04-08,2107645.0,尾田 剛樹,0.0,走右,4,1.0,0.0,2.0,2.0,1.0,0.0,0.0,0.0,0.0,0.0,1.0,,0.0,2.0,0.0,0.0,0.0,0.0,,,,,,,,,,,,,,,,,,,,,,
2026,2021038682,2026-04-08,2107869.0,松山 晋也,90.0,投,4,1.0,0.0,0.0,0.0,0.0,0.0,0.0,0.0,0.0,0.0,0.0,,0.0,0.0,0.0,0.0,0.0,0.0,7.0,1.0,0.0,0.0,0.0,0.0,1.0,1.0,,,1.0,0.0,0.0,0.0,0.0,,1.0,1.0,0.0,,5.0,22.0
2026,2021038682,2026-04-08,2112189.0,石上 泰輝,44.0,遊,3,1.0,1.0,5.0,4.0,0.0,0.0,0.0,0.0,0.0,0.0,0.0,,1.0,2.0,0.0,0.0,0.0,0.0,,,,,,,,,,,,,,,,,,,,,,
2026,2021038682,2026-04-08,2117281.0,コックス,42.0,投,3,1.0,1.0,1.0,1.0,0.0,0.0,0.0,0.0,0.0,0.0,0.0,,0.0,1.0,0.0,0.0,0.0,0.0,1.0,1.0,,1.0,0.0,3.0,3.0,3.0,,,0.0,5.0,2.0,2.0,1.0,,1.0,0.0,0.0,,15.0,45.0
2026,2021038682,2026-04-08,2117433.0,レイノルズ,62.0,投,3,1.0,0.0,0.0,0.0,0.0,0.0,0.0,0.0,0.0,0.0,0.0,,0.0,0.0,0.0,0.0,0.0,0.0,6.0,1.0,0.0,0.0,0.0,0.0,2.0,2.0,,,0.0,1.0,0.0,0.0,0.0,,0.0,2.0,0.0,,7.0,31.0
2026,2021038683,2026-04-08,1200100.0,伏見 寅威,17.0,打,5,1.0,0.0,1.0,0.0,0.0,0.0,0.0,0.0,0.0,0.0,0.0,,0.0,0.0,1.0,0.0,0.0,0.0,,,,,,,,,,,,,,,,,,,,,,
2026,2021038683,2026-04-08,1400172.0,植田 海,62.0,走左,5,1.0,0.0,0.0,0.0,0.0,0.0,0.0,0.0,0.0,0.0,0.0,,0.0,0.0,0.0,0.0,0.0,0.0,,,,,,,,,,,,,,,,,,,,,,
2026,2021038683,2026-04-08,1500087.0,坂本 誠志郎,12.0,捕,5,1.0,1.0,4.0,4.0,0.0,2.0,1.0,0.0,0.0,0.0,0.0,,0.0,1.0,0.0,0.0,0.0,0.0,,,,,,,,,,,,,,,,,,,,,,
2026,2021038683,2026-04-08,1600033.0,ドリス,98.0,投,5,1.0,0.0,0.0,0.0,0.0,0.0,0.0,0.0,0.0,0.0,0.0,,0.0,0.0,0.0,0.0,0.0,0.0,4.0,1.0,0.0,0.0,0.0,1.8,1.0,1.0,,,1.0,0.0,0.0,0.0,0.0,,1.0,1.0,0.0,,4.0,18.0
2026,2021038683,2026-04-08,1600075.0,星 知弥,24.0,投,2,1.0,0.0,0.0,0.0,0.0,0.0,0.0,0.0,0.0,0.0,0.0,,0.0,0.0,0.0,0.0,0.0,0.0,4.0,1.0,0.0,0.0,0.0,1.8,1.0,1.0,,,1.0,0.0,0.0,0.0,0.0,,0.0,2.0,0.0,,3.0,14.0
2026,2021038683,2026-04-08,1600078.0,古賀 優大,2.0,捕,2,1.0,1.0,4.0,3.0,1.0,0.0,0.0,0.0,0.0,1.0,0.0,,0.0,0.0,0.0,0.0,1.0,0.0,,,,,,,,,,,,,,,,,,,,,,
2026,2021038683,2026-04-08,1600113.0,大山 悠輔,3.0,一,5,1.0,1.0,4.0,3.0,0.0,1.0,0.0,0.0,0.0,0.0,0.0,,1.0,0.0,0.0,0.0,0.0,0.0,,,,,,,,,,,,,,,,,,,,,,
2026,2021038683,2026-04-08,1650165.0,北村 恵吾,50.0,打,2,1.0,0.0,1.0,1.0,0.0,0.0,0.0,0.0,0.0,0.0,0.0,,0.0,1.0,0.0,0.0,0.0,0.0,,,,,,,,,,,,,,,,,,,,,,
2026,2021038683,2026-04-08,1650522.0,丸山 和郁,4.0,右,2,1.0,0.0,0.0,0.0,0.0,0.0,0.0,0.0,0.0,0.0,0.0,,0.0,0.0,0.0,0.0,0.0,0.0,,,,,,,,,,,,,,,,,,,,,,
2026,2021038683,2026-04-08,1700079.0,熊谷 敬宥,4.0,走,5,1.0,0.0,0.0,0.0,0.0,0.0,0.0,0.0,0.0,0.0,0.0,,0.0,0.0,0.0,0.0,0.0,0.0,,,,,,,,,,,,,,,,,,,,,,
2026,2021038683,2026-04-08,1700131.0,増田 珠,63.0,右,2,1.0,1.0,4.0,4.0,0.0,2.0,0.0,0.0,0.0,1.0,0.0,,0.0,1.0,0.0,0.0,0.0,0.0,,,,,,,,,,,,,,,,,,,,,,
2026,2021038683,2026-04-08,1750696.0,松本 健吾,28.0,投,2,1.0,1.0,1.0,1.0,0.0,0.0,0.0,0.0,0.0,0.0,0.0,,0.0,1.0,0.0,0.0,0.0,0.0,1.0,1.0,,1.0,0.0,3.0,4.0,4.0,,,0.0,5.0,2.0,2.0,0.0,,4.0,5.0,0.0,,20.0,85.0
2026,2021038683,2026-04-08,1800033.0,清水 昇,17.0,投,2,1.0,0.0,0.0,0.0,0.0,0.0,0.0,0.0,0.0,0.0,0.0,,0.0,0.0,0.0,0.0,0.0,0.0,3.0,1.0,0.0,0.0,0.0,0.0,1.0,1.0,,,0.0,0.0,0.0,0.0,0.0,,0.0,2.0,0.0,,3.0,12.0
2026,2021038683,2026-04-08,1800065.0,近本 光司,5.0,中,5,1.0,1.0,5.0,4.0,1.0,1.0,0.0,0.0,0.0,0.0,0.0,,1.0,1.0,0.0,0.0,0.0,0.0,,,,,,,,,,,,,,,,,,,,,,
2026,2021038683,2026-04-08,1800067.0,木浪 聖也,0.0,遊,5,1.0,1.0,4.0,4.0,0.0,1.0,0.0,0.0,0.0,1.0,0.0,,0.0,2.0,0.0,0.0,0.0,0.0,,,,,,,,,,,,,,,,,,,,,,
2026,2021038683,2026-04-08,1800070.0,湯浅 京己,65.0,投,5,1.0,0.0,0.0,0.0,0.0,0.0,0.0,0.0,0.0,0.0,0.0,,0.0,0.0,0.0,0.0,0.0,0.0,3.0,1.0,0.0,0.0,0.0,3.6,1.0,1.0,,,0.0,0.0,0.0,0.0,0.0,,0.0,1.0,0.0,,3.0,20.0
2026,2021038683,2026-04-08,1850183.0,森下 翔太,1.0,右,5,1.0,1.0,4.0,2.0,1.0,0.0,0.0,0.0,0.0,0.0,0.0,,2.0,1.0,0.0,0.0,0.0,0.0,,,,,,,,,,,,,,,,,,,,,,
2026,2021038683,2026-04-08,1900028.0,長岡 秀樹,7.0,遊,2,1.0,1.0,4.0,4.0,1.0,2.0,0.0,1.0,0.0,0.0,0.0,,0.0,1.0,0.0,0.0,0.0,0.0,,,,,,,,,,,,,,,,,,,,,,
2026,2021038683,2026-04-08,1900029.0,武岡 龍世,60.0,打三,2,1.0,0.0,2.0,2.0,0.0,0.0,0.0,0.0,0.0,0.0,0.0,,0.0,1.0,0.0,0.0,0.0,0.0,,,,,,,,,,,,,,,,,,,,,,
2026,2021038683,2026-04-08,1961046.0,キハダ,11.0,投,2,1.0,0.0,0.0,0.0,0.0,0.0,0.0,0.0,0.0,0.0,0.0,,0.0,0.0,0.0,0.0,0.0,0.0,6.0,1.0,0.0,0.0,0.0,0.0,1.0,1.0,,,4.0,1.0,0.0,0.0,0.0,,0.0,1.0,1.0,,5.0,20.0
2026,2021038683,2026-04-08,2000031.0,赤羽 由紘,0.0,三左,2,1.0,1.0,4.0,4.0,0.0,2.0,1.0,0.0,0.0,1.0,0.0,,0.0,1.0,0.0,0.0,0.0,0.0,,,,,,,,,,,,,,,,,,,,,,
2026,2021038683,2026-04-08,2000051.0,佐藤 輝明,8.0,三,5,1.0,1.0,4.0,2.0,0.0,0.0,0.0,0.0,0.0,1.0,0.0,,1.0,1.0,0.0,0.0,1.0,0.0,,,,,,,,,,,,,,,,,,,,,,
2026,2021038683,2026-04-08,2000056.0,中野 拓夢,7.0,二,5,1.0,1.0,5.0,5.0,0.0,1.0,0.0,0.0,0.0,0.0,0.0,,0.0,4.0,0.0,0.0,0.0,0.0,,,,,,,,,,,,,,,,,,,,,,
2026,2021038683,2026-04-08,2000057.0,高寺 望夢,67.0,打,5,1.0,0.0,1.0,1.0,0.0,0.0,0.0,0.0,0.0,0.0,0.0,,0.0,1.0,0.0,0.0,0.0,0.0,,,,,,,,,,,,,,,,,,,,,,
2026,2021038683,2026-04-08,2000133.0,オスナ,13.0,一,2,1.0,1.0,4.0,3.0,0.0,0.0,0.0,0.0,0.0,0.0,0.0,,1.0,2.0,0.0,0.0,0.0,0.0,,,,,,,,,,,,,,,,,,,,,,
2026,2021038683,2026-04-08,2000135.0,サンタナ,25.0,左,2,1.0,1.0,4.0,3.0,0.0,0.0,0.0,0.0,0.0,0.0,0.0,,1.0,0.0,0.0,0.0,0.0,0.0,,,,,,,,,,,,,,,,,,,,,,
2026,2021038683,2026-04-08,2103917.0,岩田 幸宏,64.0,中,2,1.0,1.0,4.0,4.0,1.0,1.0,0.0,0.0,0.0,0.0,0.0,,0.0,2.0,0.0,0.0,0.0,0.0,,,,,,,,,,,,,,,,,,,,,,
2026,2021038683,2026-04-08,2105626.0,廣澤 優,70.0,投,2,1.0,0.0,0.0,0.0,0.0,0.0,0.0,0.0,0.0,0.0,0.0,,0.0,0.0,0.0,0.0,0.0,0.0,2.0,1.0,0.0,2.0,0.0,0.0,1.0,1.0,,,0.0,0.0,0.0,0.0,0.0,,0.0,2.0,0.0,,3.0,13.0
2026,2021038683,2026-04-08,2108105.0,モレッタ,99.0,投,5,1.0,0.0,0.0,0.0,0.0,0.0,0.0,0.0,0.0,0.0,0.0,,0.0,0.0,0.0,0.0,0.0,0.0,5.0,1.0,0.0,1.0,0.0,0.0,1.0,1.0,,,0.0,0.0,0.0,0.0,0.0,,0.0,2.0,0.0,,3.0,16.0
2026,2021038683,2026-04-08,2110225.0,福島 圭音,92.0,左右,5,1.0,1.0,4.0,4.0,0.0,0.0,0.0,0.0,0.0,0.0,0.0,,0.0,1.0,0.0,0.0,0.0,0.0,,,,,,,,,,,,,,,,,,,,,,
2026,2021038683,2026-04-08,2112127.0,早川 太貴,51.0,投,5,1.0,0.0,0.0,0.0,0.0,0.0,0.0,0.0,0.0,0.0,0.0,,0.0,0.0,0.0,0.0,0.0,0.0,2.0,1.0,0.0,0.0,1.0,3.86,1.0,1.0,,,0.0,3.0,2.0,2.0,0.0,,1.0,1.0,0.0,,7.0,33.0
2026,2021038683,2026-04-08,2112175.0,伊藤 琉偉,67.0,二,2,1.0,1.0,4.0,3.0,0.0,1.0,0.0,0.0,0.0,0.0,0.0,,0.0,1.0,0.0,1.0,0.0,0.0,,,,,,,,,,,,,,,,,,,,,,
2026,2021038683,2026-04-08,2117268.0,ルーカス,42.0,投,5,1.0,1.0,2.0,1.0,0.0,0.0,0.0,0.0,0.0,0.0,0.0,,0.0,1.0,0.0,1.0,0.0,0.0,1.0,1.0,,0.0,1.0,4.66,5.0,5.0,,,0.0,5.0,1.0,1.0,0.0,,0.0,6.0,0.0,,19.0,70.0
2026,2021038683,2026-04-08,2118997.0,岡城 快生,34.0,走,5,1.0,0.0,0.0,0.0,0.0,0.0,0.0,0.0,0.0,0.0,0.0,,0.0,0.0,0.0,0.0,0.0,0.0,,,,,,,,,,,,,,,,,,,,,,
2026,2021038683,2026-04-08,2122334.0,リランソ,62.0,投,2,1.0,0.0,0.0,0.0,0.0,0.0,0.0,0.0,0.0,0.0,0.0,,0.0,0.0,0.0,0.0,0.0,1.0,5.0,1.0,0.0,0.0,0.0,0.0,1.0,1.0,,,0.0,0.0,0.0,0.0,0.0,,1.0,1.0,0.0,,4.0,22.0
2026,2021038684,2026-04-08,700003.0,坂本 勇人,6.0,打,1,1.0,0.0,1.0,1.0,0.0,0.0,0.0,0.0,0.0,0.0,0.0,,0.0,1.0,0.0,0.0,0.0,0.0,,,,,,,,,,,,,,,,,,,,,,
2026,2021038684,2026-04-08,700069.0,田中 将大,11.0,投,1,1.0,1.0,2.0,2.0,0.0,0.0,0.0,0.0,0.0,0.0,0.0,,0.0,0.0,0.0,0.0,0.0,0.0,1.0,1.0,,1.0,0.0,1.42,7.0,7.0,,,0.0,3.0,1.0,0.0,0.0,,1.0,5.0,0.0,,26.0,79.0
2026,2021038684,2026-04-08,1000116.0,中崎 翔太,21.0,投,6,1.0,0.0,0.0,0.0,0.0,0.0,0.0,0.0,0.0,0.0,0.0,,0.0,0.0,0.0,0.0,0.0,0.0,3.0,1.0,0.0,1.0,1.0,3.6,1.0,1.0,,,1.0,2.0,2.0,2.0,1.0,,0.0,1.0,0.0,,5.0,17.0
2026,2021038684,2026-04-08,1100082.0,菊池 涼介,33.0,二,6,1.0,1.0,4.0,3.0,0.0,1.0,0.0,0.0,0.0,0.0,0.0,,0.0,0.0,0.0,1.0,0.0,0.0,,,,,,,,,,,,,,,,,,,,,,
2026,2021038684,2026-04-08,1100095.0,松本 剛,9.0,中,1,1.0,1.0,3.0,3.0,0.0,2.0,0.0,0.0,0.0,0.0,0.0,,0.0,0.0,0.0,0.0,0.0,0.0,,,,,,,,,,,,,,,,,,,,,,
2026,2021038684,2026-04-08,1400173.0,野間 峻祥,37.0,打,6,1.0,0.0,1.0,1.0,0.0,1.0,0.0,0.0,0.0,0.0,0.0,,0.0,0.0,0.0,0.0,0.0,0.0,,,,,,,,,,,,,,,,,,,,,,
2026,2021038684,2026-04-08,1561820.0,ダルベック,29.0,三,1,1.0,1.0,4.0,4.0,0.0,1.0,0.0,0.0,0.0,0.0,0.0,,0.0,1.0,0.0,0.0,0.0,1.0,,,,,,,,,,,,,,,,,,,,,,
2026,2021038684,2026-04-08,1600124.0,坂倉 将吾,31.0,捕,6,1.0,1.0,4.0,4.0,0.0,0.0,0.0,0.0,0.0,0.0,0.0,,0.0,0.0,0.0,0.0,0.0,0.0,,,,,,,,,,,,,,,,,,,,,,
2026,2021038684,2026-04-08,1700010.0,マルティネス,92.0,投,1,1.0,0.0,0.0,0.0,0.0,0.0,0.0,0.0,0.0,0.0,0.0,,0.0,0.0,0.0,0.0,0.0,0.0,3.0,1.0,0.0,0.0,0.0,4.5,1.0,1.0,,,2.0,0.0,0.0,0.0,0.0,,0.0,0.0,0.0,,3.0,10.0
2026,2021038684,2026-04-08,1700043.0,岸田 行倫,27.0,捕,1,1.0,1.0,4.0,4.0,0.0,0.0,0.0,0.0,0.0,0.0,0.0,,0.0,0.0,0.0,0.0,0.0,0.0,,,,,,,,,,,,,,,,,,,,,,
2026,2021038684,2026-04-08,1700068.0,中村 奨成,96.0,右,6,1.0,1.0,4.0,4.0,0.0,1.0,0.0,0.0,0.0,0.0,0.0,,0.0,0.0,0.0,0.0,0.0,0.0,,,,,,,,,,,,,,,,,,,,,,
2026,2021038684,2026-04-08,1750321.0,泉口 友汰,35.0,遊,1,1.0,1.0,4.0,4.0,1.0,3.0,0.0,0.0,1.0,2.0,0.0,,0.0,0.0,0.0,0.0,0.0,1.0,,,,,,,,,,,,,,,,,,,,,,
2026,2021038684,2026-04-08,1800024.0,増田 陸,61.0,一,1,1.0,1.0,4.0,4.0,0.0,1.0,0.0,0.0,0.0,0.0,0.0,,0.0,0.0,0.0,0.0,0.0,0.0,,,,,,,,,,,,,,,,,,,,,,
2026,2021038684,2026-04-08,1800072.0,小園 海斗,5.0,遊三,6,1.0,1.0,4.0,3.0,0.0,0.0,0.0,0.0,0.0,0.0,0.0,,1.0,1.0,0.0,0.0,0.0,0.0,,,,,,,,,,,,,,,,,,,,,,
2026,2021038684,2026-04-08,1800079.0,大盛 穂,59.0,中,6,1.0,1.0,4.0,3.0,0.0,0.0,0.0,0.0,0.0,0.0,0.0,,0.0,1.0,0.0,1.0,0.0,0.0,,,,,,,,,,,,,,,,,,,,,,
2026,2021038684,2026-04-08,1951153.0,浦田 俊輔,32.0,二,1,1.0,1.0,2.0,2.0,0.0,0.0,0.0,0.0,0.0,0.0,0.0,,0.0,0.0,0.0,0.0,0.0,0.0,,,,,,,,,,,,,,,,,,,,,,
2026,2021038684,2026-04-08,1960397.0,ハーン,68.0,投,6,1.0,0.0,0.0,0.0,0.0,0.0,0.0,0.0,0.0,0.0,0.0,,0.0,0.0,0.0,0.0,0.0,0.0,2.0,1.0,0.0,1.0,0.0,0.0,1.0,1.0,,,0.0,0.0,0.0,0.0,0.0,,0.0,1.0,0.0,,3.0,12.0
2026,2021038684,2026-04-08,1961927.0,モンテロ,95.0,一,6,1.0,1.0,3.0,2.0,0.0,0.0,0.0,0.0,0.0,0.0,0.0,,1.0,1.0,0.0,0.0,0.0,0.0,,,,,,,,,,,,,,,,,,,,,,
2026,2021038684,2026-04-08,2000065.0,矢野 雅哉,4.0,遊,6,1.0,0.0,0.0,0.0,0.0,0.0,0.0,0.0,0.0,0.0,0.0,,0.0,0.0,0.0,0.0,0.0,0.0,,,,,,,,,,,,,,,,,,,,,,
2026,2021038684,2026-04-08,2000070.0,若林 楽人,59.0,打右左,1,1.0,0.0,1.0,1.0,0.0,0.0,0.0,0.0,0.0,0.0,0.0,,0.0,0.0,0.0,0.0,0.0,0.0,,,,,,,,,,,,,,,,,,,,,,
2026,2021038684,2026-04-08,2050203.0,佐々木 泰,10.0,三,6,1.0,1.0,4.0,4.0,1.0,1.0,1.0,0.0,0.0,0.0,0.0,,0.0,0.0,0.0,0.0,0.0,0.0,,,,,,,,,,,,,,,,,,,,,,
2026,2021038684,2026-04-08,2103689.0,赤星 優志,31.0,投,1,1.0,0.0,0.0,0.0,0.0,0.0,0.0,0.0,0.0,0.0,0.0,,0.0,0.0,0.0,0.0,0.0,0.0,2.0,1.0,0.0,2.0,0.0,0.0,1.0,1.0,,,0.0,1.0,0.0,0.0,0.0,,1.0,0.0,0.0,,5.0,22.0
2026,2021038684,2026-04-08,2103788.0,森 翔平,16.0,投,6,1.0,1.0,2.0,2.0,0.0,0.0,0.0,0.0,0.0,0.0,0.0,,0.0,1.0,0.0,0.0,0.0,0.0,1.0,1.0,,0.0,0.0,0.0,7.0,7.0,,,0.0,6.0,0.0,0.0,0.0,,0.0,3.0,0.0,,25.0,80.0
2026,2021038684,2026-04-08,2106178.0,佐々木 俊輔,44.0,右,1,1.0,0.0,0.0,0.0,0.0,0.0,0.0,0.0,0.0,0.0,0.0,,0.0,0.0,0.0,0.0,0.0,0.0,,,,,,,,,,,,,,,,,,,,,,
2026,2021038684,2026-04-08,2107874.0,門脇 誠,5.0,二,1,1.0,0.0,0.0,0.0,0.0,0.0,0.0,0.0,0.0,0.0,0.0,,0.0,0.0,0.0,0.0,0.0,0.0,,,,,,,,,,,,,,,,,,,,,,
2026,2021038684,2026-04-08,2107887.0,辰見 鴻之介,69.0,走左,6,1.0,0.0,1.0,1.0,0.0,0.0,0.0,0.0,0.0,0.0,0.0,,0.0,0.0,0.0,0.0,0.0,0.0,,,,,,,,,,,,,,,,,,,,,,
2026,2021038684,2026-04-08,2112330.0,平山 功太,69.0,右,1,1.0,1.0,4.0,4.0,0.0,0.0,0.0,0.0,0.0,0.0,0.0,,0.0,2.0,0.0,0.0,0.0,0.0,,,,,,,,,,,,,,,,,,,,,,
2026,2021038684,2026-04-08,2114882.0,ファビアン,61.0,左,6,1.0,1.0,3.0,3.0,0.0,0.0,0.0,0.0,0.0,0.0,0.0,,0.0,1.0,0.0,0.0,0.0,0.0,,,,,,,,,,,,,,,,,,,,,,
2026,2021038684,2026-04-08,2118420.0,キャベッジ,13.0,左,1,1.0,1.0,4.0,4.0,1.0,1.0,1.0,0.0,0.0,0.0,0.0,,0.0,1.0,0.0,0.0,0.0,0.0,,,,,,,,,,,,,,,,,,,,,,
2026,2021038685,2026-04-08,800075.0,伊藤 光,27.0,捕,376,1.0,0.0,1.0,1.0,0.0,0.0,0.0,0.0,0.0,0.0,0.0,,0.0,0.0,0.0,0.0,0.0,0.0,,,,,,,,,,,,,,,,,,,,,,
2026,2021038685,2026-04-08,900056.0,浅村 栄斗,3.0,打指,376,1.0,0.0,1.0,1.0,0.0,1.0,0.0,0.0,0.0,0.0,0.0,,0.0,0.0,0.0,0.0,0.0,0.0,,,,,,,,,,,,,,,,,,,,,,
2026,2021038685,2026-04-08,1000100.0,西川 遥輝,7.0,中,8,1.0,1.0,3.0,3.0,0.0,0.0,0.0,0.0,0.0,0.0,0.0,,0.0,2.0,0.0,0.0,0.0,0.0,,,,,,,,,,,,,,,,,,,,,,
2026,2021038685,2026-04-08,1400118.0,清水 優心,10.0,捕,8,1.0,1.0,3.0,3.0,0.0,0.0,0.0,0.0,0.0,0.0,0.0,,0.0,0.0,0.0,0.0,0.0,0.0,,,,,,,,,,,,,,,,,,,,,,
2026,2021038685,2026-04-08,1600007.0,村林 一輝,6.0,遊,376,1.0,1.0,3.0,3.0,0.0,1.0,0.0,0.0,0.0,0.0,0.0,,0.0,0.0,0.0,0.0,0.0,0.0,,,,,,,,,,,,,,,,,,,,,,
2026,2021038685,2026-04-08,1700025.0,清宮 幸太郎,21.0,一,8,1.0,1.0,4.0,4.0,0.0,0.0,0.0,0.0,0.0,0.0,0.0,,0.0,1.0,0.0,0.0,0.0,0.0,,,,,,,,,,,,,,,,,,,,,,
2026,2021038685,2026-04-08,1750903.0,北山 亘基,15.0,,8,,,,,,,,,,,,,,,,,,,1.0,1.0,,1.0,1.0,2.63,8.0,8.0,,,0.0,3.0,0.0,0.0,0.0,,1.0,10.0,0.0,,28.0,102.0
2026,2021038685,2026-04-08,1760551.0,ボイト,9.0,一,376,1.0,1.0,4.0,3.0,0.0,0.0,0.0,0.0,0.0,0.0,0.0,,1.0,1.0,0.0,0.0,0.0,0.0,,,,,,,,,,,,,,,,,,,,,,
2026,2021038685,2026-04-08,1800044.0,伊藤 裕季也,39.0,打,376,1.0,0.0,1.0,1.0,0.0,0.0,0.0,0.0,0.0,0.0,0.0,,0.0,0.0,0.0,0.0,0.0,0.0,,,,,,,,,,,,,,,,,,,,,,
2026,2021038685,2026-04-08,1800091.0,野村 佑希,5.0,左,8,1.0,1.0,3.0,3.0,0.0,0.0,0.0,0.0,0.0,0.0,0.0,,0.0,0.0,0.0,0.0,0.0,0.0,,,,,,,,,,,,,,,,,,,,,,
2026,2021038685,2026-04-08,1800093.0,万波 中正,66.0,右,8,1.0,1.0,3.0,3.0,0.0,0.0,0.0,0.0,0.0,0.0,0.0,,0.0,1.0,0.0,0.0,0.0,0.0,,,,,,,,,,,,,,,,,,,,,,
2026,2021038685,2026-04-08,1800117.0,辰己 涼介,8.0,中,376,1.0,1.0,4.0,4.0,0.0,1.0,0.0,0.0,0.0,0.0,0.0,,0.0,2.0,0.0,0.0,0.0,0.0,,,,,,,,,,,,,,,,,,,,,,
2026,2021038685,2026-04-08,1800118.0,太田 光,2.0,捕,376,1.0,1.0,1.0,1.0,0.0,0.0,0.0,0.0,0.0,0.0,0.0,,0.0,0.0,0.0,0.0,0.0,0.0,,,,,,,,,,,,,,,,,,,,,,
2026,2021038685,2026-04-08,1800123.0,小郷 裕哉,51.0,右,376,1.0,1.0,3.0,3.0,0.0,1.0,0.0,0.0,0.0,0.0,0.0,,0.0,1.0,0.0,0.0,0.0,0.0,,,,,,,,,,,,,,,,,,,,,,
2026,2021038685,2026-04-08,1850932.0,奈良間 大己,58.0,二,8,1.0,0.0,0.0,0.0,0.0,0.0,0.0,0.0,0.0,0.0,0.0,,0.0,0.0,0.0,0.0,0.0,0.0,,,,,,,,,,,,,,,,,,,,,,
2026,2021038685,2026-04-08,1860140.0,レイエス,99.0,指,8,1.0,1.0,3.0,3.0,0.0,0.0,0.0,0.0,0.0,0.0,0.0,,0.0,1.0,0.0,0.0,0.0,0.0,,,,,,,,,,,,,,,,,,,,,,
2026,2021038685,2026-04-08,1900040.0,郡司 裕也,3.0,三,8,1.0,1.0,3.0,2.0,0.0,0.0,0.0,0.0,0.0,0.0,0.0,,1.0,0.0,0.0,0.0,0.0,0.0,,,,,,,,,,,,,,,,,,,,,,
2026,2021038685,2026-04-08,1900112.0,小深田 大翔,0.0,二,376,1.0,1.0,4.0,4.0,0.0,0.0,0.0,0.0,0.0,0.0,0.0,,0.0,2.0,0.0,0.0,0.0,0.0,,,,,,,,,,,,,,,,,,,,,,
2026,2021038685,2026-04-08,1900113.0,黒川 史陽,24.0,三,376,1.0,1.0,4.0,4.0,0.0,0.0,0.0,0.0,0.0,0.0,0.0,,0.0,2.0,0.0,0.0,0.0,0.0,,,,,,,,,,,,,,,,,,,,,,
2026,2021038685,2026-04-08,1950278.0,中島 大輔,32.0,左,376,1.0,1.0,4.0,4.0,0.0,0.0,0.0,0.0,0.0,0.0,0.0,,0.0,1.0,0.0,0.0,0.0,0.0,,,,,,,,,,,,,,,,,,,,,,
2026,2021038685,2026-04-08,2000080.0,五十幡 亮汰,50.0,中,8,1.0,0.0,0.0,0.0,0.0,0.0,0.0,0.0,0.0,0.0,0.0,,0.0,0.0,0.0,0.0,0.0,0.0,,,,,,,,,,,,,,,,,,,,,,
2026,2021038685,2026-04-08,2103635.0,柳川 大晟,47.0,,8,,,,,,,,,,,,,,,,,,,2.0,1.0,0.0,0.0,0.0,0.0,1.0,1.0,,,2.0,1.0,0.0,0.0,0.0,,0.0,1.0,0.0,,4.0,15.0
2026,2021038685,2026-04-08,2103740.0,YG安田,55.0,指,376,1.0,1.0,2.0,2.0,0.0,0.0,0.0,0.0,0.0,0.0,0.0,,0.0,2.0,0.0,0.0,0.0,0.0,,,,,,,,,,,,,,,,,,,,,,
2026,2021038685,2026-04-08,2105283.0,平良 竜哉,48.0,走指,376,1.0,0.0,0.0,0.0,0.0,0.0,0.0,0.0,0.0,0.0,0.0,,0.0,0.0,0.0,0.0,0.0,0.0,,,,,,,,,,,,,,,,,,,,,,
2026,2021038685,2026-04-08,2106284.0,矢澤 宏太,12.0,左,8,1.0,0.0,0.0,0.0,0.0,0.0,0.0,0.0,0.0,0.0,0.0,,0.0,0.0,0.0,0.0,0.0,0.0,,,,,,,,,,,,,,,,,,,,,,
2026,2021038685,2026-04-08,2108090.0,カストロ,6.0,二,8,1.0,1.0,4.0,4.0,1.0,1.0,0.0,0.0,1.0,1.0,0.0,,0.0,1.0,0.0,0.0,0.0,0.0,,,,,,,,,,,,,,,,,,,,,,
2026,2021038685,2026-04-08,2110316.0,古謝 樹,17.0,,376,,,,,,,,,,,,,,,,,,,1.0,1.0,,0.0,2.0,3.77,9.0,9.0,,,0.0,1.0,1.0,1.0,1.0,,1.0,6.0,0.0,,29.0,109.0
2026,2021038685,2026-04-08,2112158.0,ワォーターズ,60.0,走遊,376,1.0,0.0,0.0,0.0,0.0,0.0,0.0,0.0,0.0,0.0,0.0,,0.0,0.0,0.0,0.0,0.0,0.0,,,,,,,,,,,,,,,,,,,,,,
2026,2021038685,2026-04-08,2114529.0,山縣 秀,54.0,遊,8,1.0,1.0,3.0,3.0,0.0,0.0,0.0,0.0,0.0,0.0,0.0,,0.0,0.0,0.0,0.0,0.0,0.0,,,,,,,,,,,,,,,,,,,,,,
2026,2021038686,2026-04-08,1100104.0,益田 直也,52.0,,9,,,,,,,,,,,,,,,,,,,3.0,1.0,0.0,0.0,0.0,4.5,1.0,1.0,,,0.0,0.0,0.0,0.0,0.0,,1.0,1.0,0.0,,3.0,14.0
2026,2021038686,2026-04-08,1300044.0,岡 大海,25.0,打一,9,1.0,0.0,1.0,1.0,0.0,0.0,0.0,0.0,0.0,0.0,0.0,,0.0,0.0,0.0,0.0,0.0,0.0,,,,,,,,,,,,,,,,,,,,,,
2026,2021038686,2026-04-08,1300100.0,森 友哉,4.0,捕,11,1.0,1.0,4.0,4.0,0.0,0.0,0.0,0.0,0.0,0.0,0.0,,0.0,2.0,0.0,0.0,0.0,0.0,,,,,,,,,,,,,,,,,,,,,,
2026,2021038686,2026-04-08,1400196.0,宗 佑磨,6.0,三,11,1.0,1.0,4.0,3.0,2.0,2.0,1.0,0.0,0.0,2.0,1.0,,1.0,0.0,0.0,0.0,0.0,0.0,,,,,,,,,,,,,,,,,,,,,,
2026,2021038686,2026-04-08,1460080.0,ポランコ,22.0,指,9,1.0,1.0,4.0,3.0,0.0,2.0,1.0,0.0,0.0,1.0,0.0,,0.0,0.0,0.0,0.0,1.0,0.0,,,,,,,,,,,,,,,,,,,,,,
2026,2021038686,2026-04-08,1500096.0,西川 龍馬,7.0,左,11,1.0,1.0,4.0,3.0,0.0,2.0,1.0,0.0,0.0,2.0,0.0,,1.0,0.0,0.0,0.0,0.0,0.0,,,,,,,,,,,,,,,,,,,,,,
2026,2021038686,2026-04-08,1500128.0,大城 滉二,10.0,二,11,1.0,0.0,1.0,1.0,0.0,0.0,0.0,0.0,0.0,0.0,0.0,,0.0,0.0,0.0,0.0,0.0,0.0,,,,,,,,,,,,,,,,,,,,,,
2026,2021038686,2026-04-08,1650056.0,福永 奨,32.0,捕,11,1.0,0.0,0.0,0.0,0.0,0.0,0.0,0.0,0.0,0.0,0.0,,0.0,0.0,0.0,0.0,0.0,0.0,,,,,,,,,,,,,,,,,,,,,,
2026,2021038686,2026-04-08,1650722.0,杉澤 龍,33.0,右,11,1.0,1.0,4.0,3.0,1.0,2.0,1.0,0.0,0.0,1.0,0.0,,1.0,0.0,0.0,0.0,0.0,0.0,,,,,,,,,,,,,,,,,,,,,,
2026,2021038686,2026-04-08,1700020.0,ソト,99.0,一,9,1.0,1.0,3.0,3.0,1.0,1.0,0.0,0.0,0.0,0.0,0.0,,0.0,1.0,0.0,0.0,0.0,0.0,,,,,,,,,,,,,,,,,,,,,,
2026,2021038686,2026-04-08,1700093.0,藤岡 裕大,7.0,二,9,1.0,1.0,4.0,4.0,0.0,0.0,0.0,0.0,0.0,0.0,0.0,,0.0,0.0,0.0,0.0,0.0,0.0,,,,,,,,,,,,,,,,,,,,,,
2026,2021038686,2026-04-08,1751068.0,野口 智哉,9.0,二三,11,1.0,1.0,4.0,3.0,0.0,0.0,0.0,0.0,0.0,0.0,0.0,,0.0,1.0,0.0,1.0,0.0,0.0,,,,,,,,,,,,,,,,,,,,,,
2026,2021038686,2026-04-08,1800050.0,藤原 恭大,1.0,右,9,1.0,1.0,4.0,4.0,0.0,2.0,0.0,0.0,0.0,0.0,0.0,,0.0,1.0,0.0,0.0,0.0,0.0,,,,,,,,,,,,,,,,,,,,,,
2026,2021038686,2026-04-08,1800098.0,太田 椋,1.0,一,11,1.0,1.0,4.0,4.0,1.0,0.0,0.0,0.0,0.0,0.0,0.0,,0.0,1.0,0.0,0.0,0.0,0.0,,,,,,,,,,,,,,,,,,,,,,
2026,2021038686,2026-04-08,1900081.0,佐藤 都志也,32.0,打捕,9,1.0,0.0,2.0,1.0,0.0,0.0,0.0,0.0,0.0,0.0,0.0,,1.0,0.0,0.0,0.0,0.0,0.0,,,,,,,,,,,,,,,,,,,,,,
2026,2021038686,2026-04-08,1900082.0,高部 瑛斗,0.0,中,9,1.0,1.0,4.0,4.0,0.0,0.0,0.0,0.0,0.0,0.0,0.0,,0.0,0.0,0.0,0.0,0.0,0.0,,,,,,,,,,,,,,,,,,,,,,
2026,2021038686,2026-04-08,1900088.0,紅林 弘太郎,24.0,遊,11,1.0,1.0,4.0,4.0,1.0,1.0,0.0,0.0,0.0,0.0,0.0,,0.0,0.0,0.0,0.0,0.0,0.0,,,,,,,,,,,,,,,,,,,,,,
2026,2021038686,2026-04-08,1950286.0,西川 史礁,6.0,左,9,1.0,1.0,4.0,3.0,0.0,0.0,0.0,0.0,0.0,0.0,0.0,,1.0,0.0,0.0,0.0,0.0,0.0,,,,,,,,,,,,,,,,,,,,,,
2026,2021038686,2026-04-08,2000089.0,小川 龍成,57.0,遊,9,1.0,0.0,0.0,0.0,0.0,0.0,0.0,0.0,0.0,0.0,0.0,,0.0,0.0,0.0,0.0,0.0,0.0,,,,,,,,,,,,,,,,,,,,,,
2026,2021038686,2026-04-08,2000094.0,山本 大斗,61.0,打,9,1.0,0.0,1.0,1.0,0.0,0.0,0.0,0.0,0.0,0.0,0.0,,0.0,1.0,0.0,0.0,0.0,0.0,,,,,,,,,,,,,,,,,,,,,,
2026,2021038686,2026-04-08,2100346.0,松川 虎生,2.0,捕,9,1.0,1.0,2.0,2.0,0.0,1.0,0.0,0.0,0.0,0.0,0.0,,0.0,0.0,0.0,0.0,0.0,0.0,,,,,,,,,,,,,,,,,,,,,,
2026,2021038686,2026-04-08,2102926.0,寺地 隆成,65.0,三,9,1.0,1.0,4.0,3.0,0.0,1.0,0.0,0.0,0.0,0.0,0.0,,1.0,1.0,0.0,0.0,0.0,1.0,,,,,,,,,,,,,,,,,,,,,,
2026,2021038686,2026-04-08,2103710.0,古田島 成龍,35.0,,11,,,,,,,,,,,,,,,,,,,2.0,1.0,0.0,0.0,0.0,2.7,1.0,1.0,,,0.0,1.0,0.0,0.0,0.0,,1.0,1.0,0.0,,5.0,19.0
2026,2021038686,2026-04-08,2103747.0,渡部 遼人,0.0,中左,11,1.0,1.0,4.0,3.0,2.0,2.0,0.0,0.0,0.0,0.0,0.0,,0.0,1.0,0.0,1.0,0.0,0.0,,,,,,,,,,,,,,,,,,,,,,
2026,2021038686,2026-04-08,2103779.0,廣畑 敦也,30.0,,9,,,,,,,,,,,,,,,,,,,2.0,1.0,0.0,0.0,0.0,9.0,1.0,1.0,,,0.0,3.0,3.0,1.0,0.0,,0.0,0.0,0.0,,7.0,17.0
2026,2021038686,2026-04-08,2103904.0,ジャクソン,42.0,,9,,,,,,,,,,,,,,,,,,,1.0,1.0,,1.0,1.0,4.09,6.0,6.0,,,0.0,8.0,6.0,5.0,0.0,,2.0,4.0,0.0,,27.0,96.0
2026,2021038686,2026-04-08,2106798.0,友杉 篤輝,4.0,遊,9,1.0,1.0,2.0,2.0,0.0,1.0,0.0,0.0,0.0,0.0,0.0,,0.0,1.0,0.0,0.0,0.0,0.0,,,,,,,,,,,,,,,,,,,,,,
2026,2021038686,2026-04-08,2108177.0,エスピノーザ,0.0,,11,,,,,,,,,,,,,,,,,,,1.0,1.0,,2.0,0.0,0.56,7.0,7.0,,,0.0,6.0,1.0,1.0,0.0,,2.0,4.0,0.0,,27.0,112.0
2026,2021038686,2026-04-08,2110153.0,麦谷 祐介,8.0,走中,11,1.0,0.0,0.0,0.0,1.0,0.0,0.0,0.0,0.0,0.0,0.0,,0.0,0.0,0.0,0.0,0.0,0.0,,,,,,,,,,,,,,,,,,,,,,
2026,2021038686,2026-04-08,2111998.0,東松 快征,48.0,,11,,,,,,,,,,,,,,,,,,,3.0,1.0,0.0,0.0,0.0,0.0,1.0,1.0,,,0.0,1.0,0.0,0.0,0.0,,0.0,0.0,0.0,,3.0,5.0
2026,2021038686,2026-04-08,2117200.0,シーモア,45.0,指,11,1.0,1.0,4.0,4.0,1.0,2.0,0.0,0.0,0.0,2.0,0.0,,0.0,0.0,0.0,0.0,0.0,0.0,,,,,,,,,,,,,,,,,,,,,,
2026,2021038687,2026-04-08,800081.0,中村 晃,7.0,打,12,1.0,0.0,1.0,1.0,0.0,0.0,0.0,0.0,0.0,0.0,0.0,,0.0,0.0,0.0,0.0,0.0,0.0,,,,,,,,,,,,,,,,,,,,,,
2026,2021038687,2026-04-08,1000035.0,今宮 健太,6.0,打遊,12,1.0,0.0,1.0,1.0,0.0,0.0,0.0,0.0,0.0,0.0,0.0,,0.0,1.0,0.0,0.0,0.0,0.0,,,,,,,,,,,,,,,,,,,,,,
2026,2021038687,2026-04-08,1000128.0,柳田 悠岐,9.0,指,12,1.0,1.0,4.0,4.0,0.0,0.0,0.0,0.0,0.0,0.0,0.0,,0.0,1.0,0.0,0.0,0.0,0.0,,,,,,,,,,,,,,,,,,,,,,
2026,2021038687,2026-04-08,1000175.0,牧原 大成,8.0,二中,12,1.0,1.0,3.0,3.0,0.0,0.0,0.0,0.0,0.0,0.0,0.0,,0.0,2.0,0.0,0.0,0.0,0.0,,,,,,,,,,,,,,,,,,,,,,
2026,2021038687,2026-04-08,1100061.0,桑原 将志,7.0,左,7,1.0,1.0,5.0,4.0,0.0,1.0,0.0,0.0,0.0,0.0,0.0,,1.0,0.0,0.0,0.0,0.0,0.0,,,,,,,,,,,,,,,,,,,,,,
2026,2021038687,2026-04-08,1100097.0,近藤 健介,3.0,左,12,1.0,1.0,4.0,3.0,0.0,1.0,0.0,0.0,0.0,0.0,0.0,,1.0,1.0,0.0,0.0,0.0,0.0,,,,,,,,,,,,,,,,,,,,,,
2026,2021038687,2026-04-08,1300101.0,山川 穂高,5.0,一,12,1.0,1.0,4.0,4.0,0.0,0.0,0.0,0.0,0.0,0.0,0.0,,0.0,1.0,0.0,0.0,0.0,0.0,,,,,,,,,,,,,,,,,,,,,,
2026,2021038687,2026-04-08,1400127.0,栗原 陵矢,24.0,三,12,1.0,1.0,4.0,4.0,0.0,2.0,0.0,0.0,0.0,1.0,0.0,,0.0,0.0,0.0,0.0,0.0,0.0,,,,,,,,,,,,,,,,,,,,,,
2026,2021038687,2026-04-08,1400182.0,高橋 光成,13.0,,7,,,,,,,,,,,,,,,,,,,1.0,1.0,,1.0,1.0,0.0,8.0,8.0,,,0.0,2.0,0.0,0.0,0.0,,1.0,11.0,0.0,,27.0,125.0
2026,2021038687,2026-04-08,1400184.0,外崎 修汰,5.0,二一,7,1.0,1.0,4.0,4.0,0.0,1.0,0.0,0.0,0.0,0.0,0.0,,0.0,0.0,0.0,0.0,0.0,0.0,,,,,,,,,,,,,,,,,,,,,,
2026,2021038687,2026-04-08,1500117.0,平沢 大河,39.0,一,7,1.0,1.0,3.0,3.0,0.0,0.0,0.0,0.0,0.0,0.0,0.0,,0.0,2.0,0.0,0.0,0.0,0.0,,,,,,,,,,,,,,,,,,,,,,
2026,2021038687,2026-04-08,1500140.0,谷川原 健太,45.0,捕,12,1.0,0.0,0.0,0.0,0.0,0.0,0.0,0.0,0.0,0.0,0.0,,0.0,0.0,0.0,0.0,0.0,0.0,,,,,,,,,,,,,,,,,,,,,,
2026,2021038687,2026-04-08,1500143.0,川瀬 晃,0.0,遊二,12,1.0,1.0,3.0,3.0,0.0,1.0,0.0,0.0,0.0,0.0,0.0,,0.0,1.0,0.0,0.0,0.0,0.0,,,,,,,,,,,,,,,,,,,,,,
2026,2021038687,2026-04-08,1600129.0,源田 壮亮,6.0,遊,7,1.0,1.0,4.0,3.0,0.0,0.0,0.0,0.0,0.0,0.0,0.0,,1.0,1.0,0.0,0.0,0.0,0.0,,,,,,,,,,,,,,,,,,,,,,
2026,2021038687,2026-04-08,1660299.0,林 安可,73.0,右,7,1.0,1.0,3.0,3.0,0.0,1.0,0.0,0.0,0.0,0.0,0.0,,0.0,0.0,0.0,0.0,0.0,0.0,,,,,,,,,,,,,,,,,,,,,,
2026,2021038687,2026-04-08,1700135.0,周東 佑京,23.0,中,12,1.0,1.0,0.0,0.0,0.0,0.0,0.0,0.0,0.0,0.0,0.0,,0.0,0.0,0.0,0.0,0.0,0.0,,,,,,,,,,,,,,,,,,,,,,
2026,2021038687,2026-04-08,1851115.0,木村 光,68.0,,12,,,,,,,,,,,,,,,,,,,3.0,1.0,0.0,0.0,0.0,0.0,1.0,1.0,,,0.0,1.0,0.0,0.0,0.0,,0.0,0.0,0.0,,4.0,13.0
2026,2021038687,2026-04-08,1900068.0,岸 潤一郎,68.0,中,7,1.0,1.0,4.0,3.0,0.0,1.0,0.0,0.0,0.0,0.0,0.0,,0.0,0.0,0.0,1.0,0.0,0.0,,,,,,,,,,,,,,,,,,,,,,
2026,2021038687,2026-04-08,1900101.0,海野 隆司,62.0,捕,12,1.0,1.0,2.0,2.0,0.0,0.0,0.0,0.0,0.0,0.0,0.0,,0.0,1.0,0.0,0.0,0.0,0.0,,,,,,,,,,,,,,,,,,,,,,
2026,2021038687,2026-04-08,1900104.0,柳町 達,32.0,右,12,1.0,1.0,4.0,3.0,1.0,0.0,0.0,0.0,0.0,0.0,0.0,,1.0,2.0,0.0,0.0,0.0,0.0,,,,,,,,,,,,,,,,,,,,,,
2026,2021038687,2026-04-08,1950417.0,渡部 聖弥,8.0,三,7,1.0,1.0,4.0,4.0,1.0,3.0,0.0,0.0,1.0,1.0,0.0,,0.0,0.0,0.0,0.0,0.0,0.0,,,,,,,,,,,,,,,,,,,,,,
2026,2021038687,2026-04-08,1961052.0,ヘルナンデス,63.0,,12,,,,,,,,,,,,,,,,,,,2.0,1.0,0.0,0.0,0.0,3.86,1.0,1.0,,,0.0,1.0,1.0,1.0,1.0,,0.0,1.0,0.0,,4.0,11.0
2026,2021038687,2026-04-08,2000073.0,仲三 優太,55.0,指,7,1.0,1.0,4.0,4.0,0.0,0.0,0.0,0.0,0.0,0.0,0.0,,0.0,2.0,0.0,0.0,0.0,0.0,,,,,,,,,,,,,,,,,,,,,,
2026,2021038687,2026-04-08,2000075.0,長谷川 信哉,63.0,右,7,1.0,0.0,0.0,0.0,0.0,0.0,0.0,0.0,0.0,0.0,0.0,,0.0,0.0,0.0,0.0,0.0,0.0,,,,,,,,,,,,,,,,,,,,,,
2026,2021038687,2026-04-08,2050145.0,小島 大河,10.0,捕,7,1.0,1.0,4.0,4.0,1.0,1.0,0.0,0.0,1.0,1.0,0.0,,0.0,0.0,0.0,0.0,0.0,0.0,,,,,,,,,,,,,,,,,,,,,,
2026,2021038687,2026-04-08,2100596.0,徐 若熙,18.0,,12,,,,,,,,,,,,,,,,,,,1.0,1.0,,1.0,1.0,0.69,7.0,7.0,,,0.0,6.0,1.0,1.0,1.0,,2.0,5.0,0.0,,29.0,90.0
2026,2021038687,2026-04-08,2103618.0,滝澤 夏央,62.0,二,7,1.0,0.0,1.0,1.0,0.0,0.0,0.0,0.0,0.0,0.0,0.0,,0.0,0.0,0.0,0.0,0.0,0.0,,,,,,,,,,,,,,,,,,,,,,
2026,2021038687,2026-04-08,2104035.0,野村 勇,99.0,遊,12,1.0,0.0,3.0,3.0,0.0,0.0,0.0,0.0,0.0,0.0,0.0,,0.0,1.0,0.0,0.0,0.0,0.0,,,,,,,,,,,,,,,,,,,,,,
2026,2021038687,2026-04-08,2107851.0,イヒネ イツア,36.0,走,12,1.0,0.0,0.0,0.0,0.0,0.0,0.0,0.0,0.0,0.0,0.0,,0.0,0.0,0.0,0.0,0.0,0.0,,,,,,,,,,,,,,,,,,,,,,
2026,2021038687,2026-04-08,2117028.0,カナリオ,25.0,打,7,1.0,0.0,1.0,1.0,0.0,0.0,0.0,0.0,0.0,0.0,0.0,,0.0,1.0,0.0,0.0,0.0,0.0,,,,,,,,,,,,,,,,,,,,,,
2026,2021038687,2026-04-08,2121154.0,岩城 颯空,20.0,,7,,,,,,,,,,,,,,,,,,,2.0,1.0,0.0,0.0,0.0,4.5,1.0,1.0,,,3.0,2.0,1.0,1.0,0.0,,1.0,0.0,0.0,,6.0,17.0
2026,2021038688,2026-04-09,1500087.0,坂本 誠志郎,12.0,捕,5,1.0,1.0,3.0,3.0,0.0,0.0,0.0,0.0,0.0,0.0,0.0,,0.0,1.0,0.0,0.0,0.0,0.0,,,,,,,,,,,,,,,,,,,,,,
2026,2021038688,2026-04-09,1600113.0,大山 悠輔,3.0,一,5,1.0,1.0,3.0,3.0,0.0,1.0,0.0,0.0,0.0,1.0,0.0,,0.0,0.0,0.0,0.0,0.0,0.0,,,,,,,,,,,,,,,,,,,,,,
2026,2021038688,2026-04-09,1650165.0,北村 恵吾,50.0,打三,2,1.0,0.0,1.0,1.0,0.0,0.0,0.0,0.0,0.0,0.0,0.0,,0.0,0.0,0.0,0.0,0.0,0.0,,,,,,,,,,,,,,,,,,,,,,
2026,2021038688,2026-04-09,1700089.0,宮本 丈,10.0,打,2,1.0,0.0,1.0,1.0,0.0,0.0,0.0,0.0,0.0,0.0,0.0,,0.0,1.0,0.0,0.0,0.0,0.0,,,,,,,,,,,,,,,,,,,,,,
2026,2021038688,2026-04-09,1700131.0,増田 珠,63.0,右,2,1.0,1.0,3.0,3.0,0.0,1.0,0.0,0.0,0.0,0.0,0.0,,0.0,0.0,0.0,0.0,0.0,0.0,,,,,,,,,,,,,,,,,,,,,,
2026,2021038688,2026-04-09,1800065.0,近本 光司,5.0,中,5,1.0,1.0,4.0,4.0,0.0,1.0,0.0,0.0,0.0,0.0,1.0,,0.0,1.0,0.0,0.0,0.0,0.0,,,,,,,,,,,,,,,,,,,,,,
2026,2021038688,2026-04-09,1800067.0,木浪 聖也,0.0,遊,5,1.0,1.0,3.0,3.0,0.0,1.0,0.0,0.0,0.0,0.0,0.0,,0.0,1.0,0.0,0.0,0.0,0.0,,,,,,,,,,,,,,,,,,,,,,
2026,2021038688,2026-04-09,1850183.0,森下 翔太,1.0,右,5,1.0,1.0,4.0,4.0,1.0,2.0,0.0,0.0,1.0,1.0,0.0,,0.0,1.0,0.0,0.0,0.0,0.0,,,,,,,,,,,,,,,,,,,,,,
2026,2021038688,2026-04-09,1900024.0,奥川 恭伸,18.0,投,2,1.0,1.0,2.0,2.0,0.0,0.0,0.0,0.0,0.0,0.0,0.0,,0.0,1.0,0.0,0.0,0.0,0.0,1.0,1.0,,0.0,1.0,2.25,5.0,5.0,,,0.0,5.0,2.0,2.0,1.0,,1.0,6.0,0.0,,21.0,86.0
2026,2021038688,2026-04-09,1900028.0,長岡 秀樹,7.0,遊,2,1.0,1.0,4.0,4.0,0.0,1.0,0.0,0.0,0.0,0.0,0.0,,0.0,0.0,0.0,0.0,0.0,0.0,,,,,,,,,,,,,,,,,,,,,,
2026,2021038688,2026-04-09,1900029.0,武岡 龍世,60.0,三,2,1.0,1.0,2.0,2.0,0.0,0.0,0.0,0.0,0.0,0.0,0.0,,0.0,0.0,0.0,0.0,0.0,1.0,,,,,,,,,,,,,,,,,,,,,,
2026,2021038688,2026-04-09,1950996.0,前川 右京,58.0,左,5,1.0,1.0,3.0,2.0,0.0,0.0,0.0,0.0,0.0,0.0,0.0,,1.0,1.0,0.0,0.0,0.0,0.0,,,,,,,,,,,,,,,,,,,,,,
2026,2021038688,2026-04-09,2000024.0,木澤 尚文,20.0,投,2,1.0,0.0,0.0,0.0,0.0,0.0,0.0,0.0,0.0,0.0,0.0,,0.0,0.0,0.0,0.0,0.0,0.0,3.0,1.0,0.0,0.0,0.0,0.0,0.6666666666666666,0.2,,,0.0,2.0,0.0,0.0,0.0,,1.0,0.0,0.0,,4.0,15.0
2026,2021038688,2026-04-09,2000051.0,佐藤 輝明,8.0,三,5,1.0,1.0,3.0,2.0,1.0,1.0,1.0,0.0,0.0,0.0,1.0,,1.0,0.0,0.0,0.0,0.0,0.0,,,,,,,,,,,,,,,,,,,,,,
2026,2021038688,2026-04-09,2000056.0,中野 拓夢,7.0,二,5,1.0,1.0,4.0,4.0,0.0,2.0,1.0,0.0,0.0,0.0,0.0,,0.0,1.0,0.0,0.0,0.0,0.0,,,,,,,,,,,,,,,,,,,,,,
2026,2021038688,2026-04-09,2000057.0,高寺 望夢,67.0,左,5,1.0,0.0,1.0,0.0,0.0,0.0,0.0,0.0,0.0,0.0,0.0,,1.0,0.0,0.0,0.0,0.0,0.0,,,,,,,,,,,,,,,,,,,,,,
2026,2021038688,2026-04-09,2000133.0,オスナ,13.0,一,2,1.0,1.0,3.0,3.0,0.0,2.0,0.0,0.0,0.0,0.0,0.0,,0.0,0.0,0.0,0.0,0.0,0.0,,,,,,,,,,,,,,,,,,,,,,
2026,2021038688,2026-04-09,2000135.0,サンタナ,25.0,左,2,1.0,1.0,4.0,4.0,0.0,1.0,0.0,0.0,0.0,0.0,0.0,,0.0,1.0,0.0,0.0,0.0,0.0,,,,,,,,,,,,,,,,,,,,,,
2026,2021038688,2026-04-09,2103707.0,桐敷 拓馬,47.0,投,5,1.0,0.0,0.0,0.0,0.0,0.0,0.0,0.0,0.0,0.0,0.0,,0.0,0.0,0.0,0.0,0.0,0.0,2.0,1.0,0.0,0.0,1.0,4.15,1.0,1.0,,,1.0,1.0,0.0,0.0,0.0,,0.0,0.0,0.0,,4.0,12.0
2026,2021038688,2026-04-09,2103917.0,岩田 幸宏,64.0,中,2,1.0,1.0,3.0,3.0,0.0,1.0,0.0,0.0,0.0,0.0,1.0,,0.0,1.0,0.0,0.0,0.0,0.0,,,,,,,,,,,,,,,,,,,,,,
2026,2021038688,2026-04-09,2107862.0,茨木 秀俊,48.0,投,5,1.0,1.0,2.0,2.0,0.0,0.0,0.0,0.0,0.0,0.0,0.0,,0.0,2.0,0.0,0.0,0.0,0.0,1.0,1.0,,1.0,0.0,0.0,6.0,6.0,,,0.0,5.0,0.0,0.0,0.0,,3.0,5.0,0.0,,26.0,96.0
2026,2021038688,2026-04-09,2109495.0,鈴木 叶,65.0,捕,2,1.0,1.0,4.0,4.0,0.0,0.0,0.0,0.0,0.0,0.0,0.0,,0.0,1.0,0.0,0.0,0.0,0.0,,,,,,,,,,,,,,,,,,,,,,
2026,2021038688,2026-04-09,2112175.0,伊藤 琉偉,67.0,二,2,1.0,1.0,3.0,0.0,0.0,0.0,0.0,0.0,0.0,0.0,1.0,,3.0,0.0,0.0,0.0,0.0,0.0,,,,,,,,,,,,,,,,,,,,,,
2026,2021038688,2026-04-09,2117400.0,荘司 宏太,30.0,投,2,1.0,0.0,0.0,0.0,0.0,0.0,0.0,0.0,0.0,0.0,0.0,,0.0,0.0,0.0,0.0,0.0,0.0,2.0,1.0,0.0,1.0,0.0,2.25,1.0,1.0,,,0.0,1.0,0.0,0.0,0.0,,1.0,2.0,0.0,,5.0,23.0
2026,2021038690,2026-04-09,800075.0,伊藤 光,27.0,捕,376,1.0,1.0,2.0,2.0,0.0,0.0,0.0,0.0,0.0,0.0,0.0,,0.0,1.0,0.0,0.0,0.0,0.0,,,,,,,,,,,,,,,,,,,,,,
2026,2021038690,2026-04-09,900056.0,浅村 栄斗,3.0,一,376,1.0,1.0,2.0,2.0,0.0,1.0,0.0,0.0,0.0,0.0,0.0,,0.0,0.0,0.0,0.0,0.0,0.0,,,,,,,,,,,,,,,,,,,,,,
2026,2021038690,2026-04-09,1000100.0,西川 遥輝,7.0,左,8,1.0,0.0,0.0,0.0,0.0,0.0,0.0,0.0,0.0,0.0,0.0,,0.0,0.0,0.0,0.0,0.0,0.0,,,,,,,,,,,,,,,,,,,,,,
2026,2021038690,2026-04-09,1100103.0,鈴木 大地,7.0,打指,376,1.0,0.0,1.0,1.0,0.0,0.0,0.0,0.0,0.0,0.0,0.0,,0.0,0.0,0.0,0.0,0.0,0.0,,,,,,,,,,,,,,,,,,,,,,
2026,2021038690,2026-04-09,1300076.0,加治屋 蓮,41.0,,376,,,,,,,,,,,,,,,,,,,3.0,1.0,0.0,1.0,0.0,1.8,1.0,1.0,,,0.0,2.0,1.0,1.0,1.0,,0.0,1.0,0.0,,4.0,18.0
2026,2021038690,2026-04-09,1500110.0,加藤 貴之,14.0,,8,,,,,,,,,,,,,,,,,,,1.0,1.0,,2.0,0.0,0.82,5.0,5.0,,,0.0,7.0,1.0,1.0,0.0,,1.0,4.0,0.0,,22.0,74.0
2026,2021038690,2026-04-09,1560256.0,ウレーニャ,22.0,,376,,,,,,,,,,,,,,,,,,,1.0,1.0,,0.0,0.0,1.8,5.0,5.0,,,0.0,2.0,0.0,0.0,0.0,,0.0,5.0,0.0,,16.0,65.0
2026,2021038690,2026-04-09,1600007.0,村林 一輝,6.0,遊,376,1.0,1.0,4.0,4.0,1.0,1.0,0.0,0.0,0.0,0.0,0.0,,0.0,1.0,0.0,0.0,0.0,0.0,,,,,,,,,,,,,,,,,,,,,,
2026,2021038690,2026-04-09,1600012.0,宋 家豪,43.0,,376,,,,,,,,,,,,,,,,,,,4.0,1.0,0.0,1.0,0.0,1.59,1.0,1.0,,,0.0,0.0,0.0,0.0,0.0,,0.0,2.0,0.0,,3.0,11.0
2026,2021038690,2026-04-09,1600139.0,玉井 大翔,19.0,,8,,,,,,,,,,,,,,,,,,,2.0,1.0,0.0,0.0,0.0,0.0,1.0,1.0,,,0.0,0.0,0.0,0.0,0.0,,0.0,0.0,0.0,,2.0,11.0
2026,2021038690,2026-04-09,1600164.0,田中 正義,26.0,,8,,,,,,,,,,,,,,,,,,,4.0,1.0,0.0,0.0,0.0,0.0,1.0,1.0,,,0.0,0.0,0.0,0.0,0.0,,0.0,0.0,0.0,,3.0,7.0
2026,2021038690,2026-04-09,1700025.0,清宮 幸太郎,21.0,一,8,1.0,1.0,4.0,4.0,1.0,2.0,0.0,0.0,1.0,3.0,0.0,,0.0,1.0,0.0,0.0,0.0,0.0,,,,,,,,,,,,,,,,,,,,,,
2026,2021038690,2026-04-09,1760551.0,ボイト,9.0,指,376,1.0,1.0,3.0,3.0,0.0,0.0,0.0,0.0,0.0,0.0,0.0,,0.0,1.0,0.0,0.0,0.0,0.0,,,,,,,,,,,,,,,,,,,,,,
2026,2021038690,2026-04-09,1800044.0,伊藤 裕季也,39.0,左一,376,1.0,1.0,4.0,3.0,0.0,1.0,0.0,0.0,0.0,1.0,0.0,,0.0,1.0,0.0,0.0,1.0,0.0,,,,,,,,,,,,,,,,,,,,,,
2026,2021038690,2026-04-09,1800091.0,野村 佑希,5.0,左,8,1.0,1.0,3.0,3.0,0.0,0.0,0.0,0.0,0.0,0.0,0.0,,0.0,2.0,0.0,0.0,0.0,0.0,,,,,,,,,,,,,,,,,,,,,,
2026,2021038690,2026-04-09,1800093.0,万波 中正,66.0,右,8,1.0,1.0,4.0,4.0,0.0,0.0,0.0,0.0,0.0,0.0,0.0,,0.0,2.0,0.0,0.0,0.0,0.0,,,,,,,,,,,,,,,,,,,,,,
2026,2021038690,2026-04-09,1800095.0,田宮 裕涼,64.0,捕,8,1.0,1.0,3.0,3.0,0.0,0.0,0.0,0.0,0.0,0.0,0.0,,0.0,2.0,0.0,0.0,0.0,0.0,,,,,,,,,,,,,,,,,,,,,,
2026,2021038690,2026-04-09,1800117.0,辰己 涼介,8.0,中,376,1.0,1.0,4.0,4.0,0.0,2.0,0.0,0.0,0.0,0.0,0.0,,0.0,0.0,0.0,0.0,0.0,0.0,,,,,,,,,,,,,,,,,,,,,,
2026,2021038690,2026-04-09,1800123.0,小郷 裕哉,51.0,右,376,1.0,1.0,4.0,4.0,0.0,1.0,0.0,0.0,0.0,1.0,0.0,,0.0,1.0,0.0,0.0,0.0,0.0,,,,,,,,,,,,,,,,,,,,,,
2026,2021038690,2026-04-09,1850932.0,奈良間 大己,58.0,遊,8,1.0,1.0,4.0,4.0,1.0,1.0,0.0,0.0,0.0,1.0,0.0,,0.0,2.0,0.0,0.0,0.0,0.0,,,,,,,,,,,,,,,,,,,,,,
2026,2021038690,2026-04-09,1851204.0,水野 達稀,43.0,二,8,1.0,1.0,3.0,3.0,1.0,2.0,0.0,0.0,0.0,0.0,0.0,,0.0,0.0,0.0,0.0,0.0,0.0,,,,,,,,,,,,,,,,,,,,,,
2026,2021038690,2026-04-09,1860140.0,レイエス,99.0,指,8,1.0,1.0,4.0,4.0,0.0,0.0,0.0,0.0,0.0,0.0,0.0,,0.0,2.0,0.0,0.0,0.0,0.0,,,,,,,,,,,,,,,,,,,,,,
2026,2021038690,2026-04-09,1900040.0,郡司 裕也,3.0,三,8,1.0,1.0,4.0,4.0,0.0,1.0,0.0,0.0,0.0,0.0,0.0,,0.0,1.0,0.0,0.0,0.0,0.0,,,,,,,,,,,,,,,,,,,,,,
2026,2021038690,2026-04-09,1900112.0,小深田 大翔,0.0,二,376,1.0,1.0,3.0,3.0,0.0,1.0,0.0,0.0,0.0,0.0,1.0,,0.0,1.0,0.0,0.0,0.0,0.0,,,,,,,,,,,,,,,,,,,,,,
2026,2021038690,2026-04-09,1900113.0,黒川 史陽,24.0,三,376,1.0,1.0,4.0,3.0,1.0,1.0,0.0,1.0,0.0,0.0,0.0,,1.0,0.0,0.0,0.0,0.0,0.0,,,,,,,,,,,,,,,,,,,,,,
2026,2021038690,2026-04-09,1950278.0,中島 大輔,32.0,左,376,1.0,0.0,2.0,2.0,0.0,1.0,0.0,0.0,0.0,0.0,0.0,,0.0,0.0,0.0,0.0,0.0,0.0,,,,,,,,,,,,,,,,,,,,,,
2026,2021038690,2026-04-09,1961929.0,ゴンザレス,12.0,打,376,1.0,0.0,1.0,1.0,0.0,0.0,0.0,0.0,0.0,0.0,0.0,,0.0,1.0,0.0,0.0,0.0,0.0,,,,,,,,,,,,,,,,,,,,,,
2026,2021038690,2026-04-09,2000126.0,内 星龍,69.0,,376,,,,,,,,,,,,,,,,,,,2.0,1.0,0.0,0.0,1.0,10.13,0.0,0.0,,,0.0,3.0,3.0,3.0,0.0,,0.0,0.0,0.0,,3.0,10.0
2026,2021038690,2026-04-09,2100554.0,古林 睿煬,37.0,,8,,,,,,,,,,,,,,,,,,,3.0,1.0,0.0,0.0,1.0,2.45,1.0,1.0,,,0.0,0.0,0.0,0.0,0.0,,0.0,2.0,0.0,,3.0,12.0
2026,2021038690,2026-04-09,2103635.0,柳川 大晟,47.0,,8,,,,,,,,,,,,,,,,,,,5.0,1.0,0.0,0.0,0.0,2.25,1.0,1.0,,,3.0,2.0,1.0,1.0,0.0,,0.0,2.0,0.0,,5.0,19.0
2026,2021038690,2026-04-09,2103740.0,YG安田,55.0,打捕,376,1.0,0.0,1.0,1.0,0.0,0.0,0.0,0.0,0.0,0.0,0.0,,0.0,1.0,0.0,0.0,0.0,0.0,,,,,,,,,,,,,,,,,,,,,,
2026,2021038690,2026-04-09,2103765.0,柴田 大地,71.0,,376,,,,,,,,,,,,,,,,,,,6.0,1.0,0.0,0.0,0.0,0.0,1.0,1.0,,,0.0,0.0,0.0,0.0,0.0,,0.0,2.0,0.0,,3.0,16.0
2026,2021038690,2026-04-09,2106284.0,矢澤 宏太,12.0,中,8,1.0,1.0,3.0,3.0,1.0,1.0,1.0,0.0,0.0,0.0,0.0,,0.0,0.0,0.0,0.0,0.0,0.0,,,,,,,,,,,,,,,,,,,,,,
2026,2021038690,2026-04-09,2107899.0,田中 千晴,29.0,,376,,,,,,,,,,,,,,,,,,,5.0,1.0,0.0,0.0,0.0,1.59,1.0,1.0,,,1.0,0.0,0.0,0.0,0.0,,0.0,2.0,0.0,,3.0,14.0
2026,2021038691,2026-04-09,900081.0,西野 勇士,29.0,,9,,,,,,,,,,,,,,,,,,,1.0,1.0,,0.0,1.0,5.73,5.0,5.0,,,0.0,6.0,1.0,1.0,0.0,,2.0,2.0,0.0,,21.0,83.0
2026,2021038691,2026-04-09,1300109.0,若月 健矢,2.0,捕,11,1.0,1.0,4.0,3.0,0.0,0.0,0.0,0.0,0.0,0.0,0.0,,0.0,0.0,0.0,1.0,0.0,0.0,,,,,,,,,,,,,,,,,,,,,,
2026,2021038691,2026-04-09,1400196.0,宗 佑磨,6.0,三,11,1.0,1.0,5.0,3.0,1.0,2.0,1.0,0.0,0.0,0.0,0.0,,2.0,1.0,0.0,0.0,0.0,0.0,,,,,,,,,,,,,,,,,,,,,,
2026,2021038691,2026-04-09,1460080.0,ポランコ,22.0,打,9,1.0,0.0,1.0,1.0,0.0,0.0,0.0,0.0,0.0,0.0,0.0,,0.0,0.0,0.0,0.0,0.0,0.0,,,,,,,,,,,,,,,,,,,,,,
2026,2021038691,2026-04-09,1500041.0,廣岡 大志,30.0,右,11,1.0,1.0,5.0,5.0,0.0,0.0,0.0,0.0,0.0,0.0,0.0,,0.0,0.0,0.0,0.0,0.0,0.0,,,,,,,,,,,,,,,,,,,,,,
2026,2021038691,2026-04-09,1500096.0,西川 龍馬,7.0,左,11,1.0,1.0,5.0,5.0,0.0,2.0,0.0,0.0,0.0,1.0,0.0,,0.0,1.0,0.0,0.0,0.0,0.0,,,,,,,,,,,,,,,,,,,,,,
2026,2021038691,2026-04-09,1600155.0,山崎 颯一郎,21.0,,11,,,,,,,,,,,,,,,,,,,2.0,1.0,0.0,1.0,1.0,4.76,0.3333333333333333,0.1,,,0.0,0.0,0.0,0.0,0.0,,1.0,0.0,0.0,,2.0,9.0
2026,2021038691,2026-04-09,1600157.0,澤田 圭佑,54.0,,9,,,,,,,,,,,,,,,,,,,2.0,1.0,0.0,1.0,1.0,1.5,1.0,1.0,,,0.0,2.0,0.0,0.0,0.0,,0.0,0.0,0.0,,5.0,23.0
2026,2021038691,2026-04-09,1650221.0,椋木 蓮,15.0,,11,,,,,,,,,,,,,,,,,,,4.0,1.0,0.0,0.0,0.0,0.0,1.0,1.0,,,0.0,1.0,0.0,0.0,0.0,,0.0,1.0,0.0,,4.0,17.0
2026,2021038691,2026-04-09,1650722.0,杉澤 龍,33.0,中,11,1.0,1.0,4.0,3.0,0.0,1.0,1.0,0.0,0.0,0.0,0.0,,1.0,0.0,0.0,0.0,0.0,0.0,,,,,,,,,,,,,,,,,,,,,,
2026,2021038691,2026-04-09,1660014.0,ペルドモ,59.0,,11,,,,,,,,,,,,,,,,,,,3.0,1.0,0.0,1.0,2.0,10.38,1.0,1.0,,,0.0,0.0,0.0,0.0,0.0,,0.0,1.0,0.0,,3.0,11.0
2026,2021038691,2026-04-09,1700020.0,ソト,99.0,一,9,1.0,1.0,4.0,3.0,0.0,0.0,0.0,0.0,0.0,0.0,0.0,,1.0,1.0,0.0,0.0,0.0,0.0,,,,,,,,,,,,,,,,,,,,,,
2026,2021038691,2026-04-09,1700093.0,藤岡 裕大,7.0,二,9,1.0,1.0,4.0,4.0,0.0,0.0,0.0,0.0,0.0,0.0,0.0,,0.0,3.0,0.0,0.0,0.0,0.0,,,,,,,,,,,,,,,,,,,,,,
2026,2021038691,2026-04-09,1751068.0,野口 智哉,9.0,二,11,1.0,1.0,4.0,4.0,1.0,1.0,0.0,0.0,0.0,0.0,0.0,,0.0,1.0,0.0,0.0,0.0,0.0,,,,,,,,,,,,,,,,,,,,,,
2026,2021038691,2026-04-09,1800050.0,藤原 恭大,1.0,右,9,1.0,1.0,5.0,5.0,1.0,3.0,0.0,0.0,0.0,0.0,0.0,,0.0,1.0,0.0,0.0,0.0,0.0,,,,,,,,,,,,,,,,,,,,,,
2026,2021038691,2026-04-09,1800098.0,太田 椋,1.0,一,11,1.0,1.0,4.0,4.0,0.0,1.0,0.0,0.0,0.0,1.0,0.0,,0.0,0.0,0.0,0.0,0.0,0.0,,,,,,,,,,,,,,,,,,,,,,
2026,2021038691,2026-04-09,1900081.0,佐藤 都志也,32.0,捕,9,1.0,1.0,4.0,3.0,0.0,0.0,0.0,0.0,0.0,1.0,0.0,,1.0,2.0,0.0,0.0,0.0,0.0,,,,,,,,,,,,,,,,,,,,,,
2026,2021038691,2026-04-09,1900082.0,高部 瑛斗,0.0,中,9,1.0,1.0,4.0,4.0,0.0,0.0,0.0,0.0,0.0,0.0,0.0,,0.0,1.0,0.0,0.0,0.0,0.0,,,,,,,,,,,,,,,,,,,,,,
2026,2021038691,2026-04-09,1900083.0,横山 陸人,15.0,,9,,,,,,,,,,,,,,,,,,,5.0,1.0,0.0,0.0,0.0,0.0,1.0,1.0,,,2.0,0.0,0.0,0.0,0.0,,1.0,0.0,0.0,,4.0,17.0
2026,2021038691,2026-04-09,1900087.0,宮城 大弥,18.0,,11,,,,,,,,,,,,,,,,,,,1.0,1.0,,1.0,1.0,4.05,5.666666666666667,5.2,,,0.0,6.0,1.0,1.0,0.0,,2.0,7.0,0.0,,24.0,94.0
2026,2021038691,2026-04-09,1900088.0,紅林 弘太郎,24.0,遊,11,1.0,1.0,4.0,4.0,0.0,1.0,0.0,0.0,0.0,0.0,0.0,,0.0,1.0,0.0,0.0,0.0,0.0,,,,,,,,,,,,,,,,,,,,,,
2026,2021038691,2026-04-09,1950286.0,西川 史礁,6.0,指,9,1.0,1.0,5.0,4.0,0.0,0.0,0.0,0.0,0.0,0.0,0.0,,1.0,1.0,0.0,0.0,0.0,0.0,,,,,,,,,,,,,,,,,,,,,,
2026,2021038691,2026-04-09,1961416.0,マチャド,42.0,,11,,,,,,,,,,,,,,,,,,,5.0,1.0,0.0,0.0,0.0,0.0,1.0,1.0,,,2.0,0.0,0.0,0.0,0.0,,0.0,1.0,0.0,,3.0,13.0
2026,2021038691,2026-04-09,2000087.0,鈴木 昭汰,47.0,,9,,,,,,,,,,,,,,,,,,,4.0,1.0,0.0,0.0,0.0,2.45,1.0,1.0,,,0.0,0.0,0.0,0.0,0.0,,0.0,2.0,0.0,,3.0,16.0
2026,2021038691,2026-04-09,2000089.0,小川 龍成,57.0,遊,9,1.0,0.0,1.0,1.0,0.0,0.0,0.0,0.0,0.0,0.0,0.0,,0.0,0.0,0.0,0.0,0.0,0.0,,,,,,,,,,,,,,,,,,,,,,
2026,2021038691,2026-04-09,2000094.0,山本 大斗,61.0,左,9,1.0,1.0,5.0,5.0,0.0,1.0,0.0,0.0,0.0,0.0,0.0,,0.0,2.0,0.0,0.0,0.0,0.0,,,,,,,,,,,,,,,,,,,,,,
2026,2021038691,2026-04-09,2101204.0,ロング,73.0,,9,,,,,,,,,,,,,,,,,,,3.0,1.0,0.0,0.0,0.0,0.0,1.0,1.0,,,0.0,0.0,0.0,0.0,0.0,,0.0,2.0,0.0,,3.0,16.0
2026,2021038691,2026-04-09,2102926.0,寺地 隆成,65.0,三,9,1.0,1.0,4.0,4.0,0.0,2.0,0.0,0.0,0.0,0.0,0.0,,0.0,1.0,0.0,0.0,0.0,0.0,,,,,,,,,,,,,,,,,,,,,,
2026,2021038691,2026-04-09,2103793.0,横山 楓,52.0,,11,,,,,,,,,,,,,,,,,,,6.0,1.0,0.0,1.0,0.0,0.0,1.0,1.0,,,0.0,0.0,0.0,0.0,0.0,,0.0,2.0,0.0,,3.0,16.0
2026,2021038691,2026-04-09,2105534.0,高野 脩汰,34.0,,9,,,,,,,,,,,,,,,,,,,6.0,1.0,0.0,0.0,2.0,14.73,0.3333333333333333,0.1,,,0.0,2.0,1.0,1.0,0.0,,0.0,0.0,0.0,,3.0,19.0
2026,2021038691,2026-04-09,2106798.0,友杉 篤輝,4.0,遊,9,1.0,1.0,2.0,2.0,0.0,1.0,1.0,0.0,0.0,0.0,0.0,,0.0,0.0,0.0,0.0,0.0,0.0,,,,,,,,,,,,,,,,,,,,,,
2026,2021038691,2026-04-09,2110153.0,麦谷 祐介,8.0,走指,11,1.0,0.0,1.0,1.0,0.0,0.0,0.0,0.0,0.0,0.0,0.0,,0.0,1.0,0.0,0.0,0.0,0.0,,,,,,,,,,,,,,,,,,,,,,
2026,2021038691,2026-04-09,2117200.0,シーモア,45.0,指,11,1.0,1.0,3.0,3.0,0.0,2.0,0.0,0.0,0.0,0.0,0.0,,0.0,1.0,0.0,0.0,0.0,0.0,,,,,,,,,,,,,,,,,,,,,,
2026,2021038692,2026-04-09,1000035.0,今宮 健太,6.0,遊,12,1.0,1.0,4.0,4.0,0.0,1.0,0.0,0.0,0.0,0.0,0.0,,0.0,1.0,0.0,0.0,0.0,0.0,,,,,,,,,,,,,,,,,,,,,,
2026,2021038692,2026-04-09,1000128.0,柳田 悠岐,9.0,指,12,1.0,1.0,4.0,4.0,0.0,1.0,0.0,0.0,0.0,0.0,0.0,,0.0,0.0,0.0,0.0,0.0,0.0,,,,,,,,,,,,,,,,,,,,,,
2026,2021038692,2026-04-09,1000175.0,牧原 大成,8.0,中,12,1.0,1.0,4.0,3.0,0.0,0.0,0.0,0.0,0.0,0.0,0.0,,0.0,1.0,1.0,0.0,0.0,0.0,,,,,,,,,,,,,,,,,,,,,,
2026,2021038692,2026-04-09,1100061.0,桑原 将志,7.0,左中,7,1.0,1.0,4.0,4.0,0.0,1.0,0.0,0.0,0.0,0.0,0.0,,0.0,0.0,0.0,0.0,0.0,0.0,,,,,,,,,,,,,,,,,,,,,,
2026,2021038692,2026-04-09,1100097.0,近藤 健介,3.0,左,12,1.0,1.0,4.0,2.0,1.0,1.0,0.0,0.0,1.0,2.0,0.0,,1.0,0.0,1.0,0.0,0.0,0.0,,,,,,,,,,,,,,,,,,,,,,
2026,2021038692,2026-04-09,1300101.0,山川 穂高,5.0,一,12,1.0,1.0,4.0,3.0,0.0,0.0,0.0,0.0,0.0,0.0,0.0,,1.0,1.0,0.0,0.0,0.0,0.0,,,,,,,,,,,,,,,,,,,,,,
2026,2021038692,2026-04-09,1400126.0,松本 裕樹,66.0,,12,,,,,,,,,,,,,,,,,,,2.0,1.0,0.0,1.0,1.0,4.76,1.0,1.0,,,1.0,0.0,0.0,0.0,0.0,,2.0,2.0,0.0,,5.0,21.0
2026,2021038692,2026-04-09,1400127.0,栗原 陵矢,24.0,三,12,1.0,1.0,4.0,4.0,0.0,1.0,1.0,0.0,0.0,0.0,0.0,,0.0,1.0,0.0,0.0,0.0,0.0,,,,,,,,,,,,,,,,,,,,,,
2026,2021038692,2026-04-09,1400184.0,外崎 修汰,5.0,二,7,1.0,1.0,3.0,1.0,0.0,0.0,0.0,0.0,0.0,0.0,0.0,,1.0,0.0,1.0,0.0,0.0,0.0,,,,,,,,,,,,,,,,,,,,,,
2026,2021038692,2026-04-09,1500143.0,川瀬 晃,0.0,二,12,1.0,1.0,3.0,3.0,0.0,0.0,0.0,0.0,0.0,0.0,0.0,,0.0,0.0,0.0,0.0,0.0,0.0,,,,,,,,,,,,,,,,,,,,,,
2026,2021038692,2026-04-09,1550517.0,大津 亮介,19.0,,12,,,,,,,,,,,,,,,,,,,1.0,1.0,,1.0,0.0,1.93,7.0,7.0,,,0.0,1.0,0.0,0.0,0.0,,1.0,4.0,1.0,,21.0,90.0
2026,2021038692,2026-04-09,1650813.0,川村 友斗,61.0,右,12,1.0,0.0,0.0,0.0,0.0,0.0,0.0,0.0,0.0,0.0,0.0,,0.0,0.0,0.0,0.0,0.0,0.0,,,,,,,,,,,,,,,,,,,,,,
2026,2021038692,2026-04-09,1660299.0,林 安可,73.0,右左,7,1.0,1.0,3.0,2.0,0.0,0.0,0.0,0.0,0.0,0.0,0.0,,1.0,0.0,0.0,0.0,0.0,0.0,,,,,,,,,,,,,,,,,,,,,,
2026,2021038692,2026-04-09,1800107.0,杉山 一樹,40.0,,12,,,,,,,,,,,,,,,,,,,3.0,1.0,0.0,0.0,1.0,9.0,1.0,1.0,,,4.0,0.0,0.0,0.0,0.0,,0.0,2.0,0.0,,3.0,11.0
2026,2021038692,2026-04-09,1900068.0,岸 潤一郎,68.0,中一,7,1.0,1.0,4.0,4.0,0.0,0.0,0.0,0.0,0.0,0.0,0.0,,0.0,2.0,0.0,0.0,0.0,0.0,,,,,,,,,,,,,,,,,,,,,,
2026,2021038692,2026-04-09,1900101.0,海野 隆司,62.0,捕,12,1.0,1.0,3.0,3.0,0.0,0.0,0.0,0.0,0.0,0.0,0.0,,0.0,1.0,0.0,0.0,0.0,0.0,,,,,,,,,,,,,,,,,,,,,,
2026,2021038692,2026-04-09,1900104.0,柳町 達,32.0,右,12,1.0,1.0,4.0,2.0,1.0,0.0,0.0,0.0,0.0,0.0,0.0,,2.0,0.0,0.0,0.0,0.0,0.0,,,,,,,,,,,,,,,,,,,,,,
2026,2021038692,2026-04-09,1950417.0,渡部 聖弥,8.0,三,7,1.0,1.0,3.0,2.0,0.0,0.0,0.0,0.0,0.0,0.0,0.0,,1.0,1.0,0.0,0.0,0.0,1.0,,,,,,,,,,,,,,,,,,,,,,
2026,2021038692,2026-04-09,1961294.0,E.ラミレス,56.0,,7,,,,,,,,,,,,,,,,,,,2.0,1.0,0.0,1.0,1.0,4.5,1.0,1.0,,,0.0,1.0,2.0,2.0,1.0,,1.0,0.0,0.0,,5.0,24.0
2026,2021038692,2026-04-09,2000073.0,仲三 優太,55.0,指,7,1.0,1.0,3.0,3.0,0.0,0.0,0.0,0.0,0.0,0.0,0.0,,0.0,1.0,0.0,0.0,0.0,0.0,,,,,,,,,,,,,,,,,,,,,,
2026,2021038692,2026-04-09,2000075.0,長谷川 信哉,63.0,一,7,1.0,1.0,2.0,2.0,0.0,0.0,0.0,0.0,0.0,0.0,0.0,,0.0,1.0,0.0,0.0,0.0,0.0,,,,,,,,,,,,,,,,,,,,,,
2026,2021038692,2026-04-09,2050145.0,小島 大河,10.0,捕,7,1.0,1.0,3.0,3.0,0.0,0.0,0.0,0.0,0.0,0.0,0.0,,0.0,0.0,0.0,0.0,0.0,0.0,,,,,,,,,,,,,,,,,,,,,,
2026,2021038692,2026-04-09,2103618.0,滝澤 夏央,62.0,遊,7,1.0,1.0,3.0,3.0,0.0,0.0,0.0,0.0,0.0,0.0,0.0,,0.0,2.0,0.0,0.0,0.0,0.0,,,,,,,,,,,,,,,,,,,,,,
2026,2021038692,2026-04-09,2103657.0,菅井 信也,71.0,,7,,,,,,,,,,,,,,,,,,,1.0,1.0,,0.0,1.0,3.97,6.0,6.0,,,0.0,2.0,0.0,0.0,0.0,,3.0,5.0,2.0,,25.0,105.0
2026,2021038692,2026-04-09,2105503.0,糸川 亮太,23.0,,7,,,,,,,,,,,,,,,,,,,3.0,1.0,0.0,0.0,0.0,4.91,1.0,1.0,,,0.0,1.0,0.0,0.0,0.0,,0.0,0.0,0.0,,4.0,21.0
2026,2021038692,2026-04-09,2117028.0,カナリオ,25.0,打右,7,1.0,0.0,1.0,1.0,0.0,0.0,0.0,0.0,0.0,0.0,0.0,,0.0,1.0,0.0,0.0,0.0,0.0,,,,,,,,,,,,,,,,,,,,,,
2026,2021038693,2026-04-10,1100095.0,松本 剛,9.0,中,1,1.0,0.0,1.0,1.0,0.0,0.0,0.0,0.0,0.0,0.0,0.0,,0.0,0.0,0.0,0.0,0.0,0.0,,,,,,,,,,,,,,,,,,,,,,
2026,2021038693,2026-04-10,1450689.0,船迫 大雅,58.0,投,1,1.0,0.0,0.0,0.0,0.0,0.0,0.0,0.0,0.0,0.0,0.0,,0.0,0.0,0.0,0.0,0.0,0.0,2.0,1.0,0.0,0.0,1.0,3.6,0.3333333333333333,0.1,,,0.0,0.0,0.0,0.0,0.0,,0.0,1.0,0.0,,1.0,6.0
2026,2021038693,2026-04-10,1561820.0,ダルベック,29.0,三,1,1.0,1.0,3.0,3.0,0.0,0.0,0.0,0.0,0.0,0.0,0.0,,0.0,2.0,0.0,0.0,0.0,0.0,,,,,,,,,,,,,,,,,,,,,,
2026,2021038693,2026-04-10,1600078.0,古賀 優大,2.0,捕,2,1.0,1.0,4.0,4.0,1.0,2.0,0.0,0.0,0.0,1.0,0.0,,0.0,0.0,0.0,0.0,0.0,0.0,,,,,,,,,,,,,,,,,,,,,,
2026,2021038693,2026-04-10,1650522.0,丸山 和郁,4.0,走右,2,1.0,0.0,0.0,0.0,0.0,0.0,0.0,0.0,0.0,0.0,0.0,,0.0,0.0,0.0,0.0,0.0,0.0,,,,,,,,,,,,,,,,,,,,,,
2026,2021038693,2026-04-10,1700010.0,マルティネス,92.0,投,1,1.0,0.0,0.0,0.0,0.0,0.0,0.0,0.0,0.0,0.0,0.0,,0.0,0.0,0.0,0.0,0.0,0.0,5.0,1.0,0.0,0.0,0.0,3.0,1.0,1.0,,,3.0,0.0,0.0,0.0,0.0,,0.0,1.0,0.0,,3.0,10.0
2026,2021038693,2026-04-10,1700027.0,田中 瑛斗,45.0,投,1,1.0,0.0,0.0,0.0,0.0,0.0,0.0,0.0,0.0,0.0,0.0,,0.0,0.0,0.0,0.0,0.0,0.0,3.0,1.0,0.0,1.0,0.0,0.0,1.0,1.0,,,1.0,0.0,0.0,0.0,0.0,,0.0,2.0,0.0,,3.0,14.0
2026,2021038693,2026-04-10,1700043.0,岸田 行倫,27.0,捕,1,1.0,1.0,3.0,3.0,0.0,0.0,0.0,0.0,0.0,0.0,0.0,,0.0,0.0,0.0,0.0,0.0,0.0,,,,,,,,,,,,,,,,,,,,,,
2026,2021038693,2026-04-10,1700131.0,増田 珠,63.0,右左,2,1.0,1.0,3.0,2.0,0.0,1.0,0.0,0.0,0.0,1.0,0.0,,0.0,1.0,0.0,0.0,1.0,0.0,,,,,,,,,,,,,,,,,,,,,,
2026,2021038693,2026-04-10,1750321.0,泉口 友汰,35.0,遊,1,1.0,1.0,3.0,3.0,0.0,1.0,1.0,0.0,0.0,1.0,0.0,,0.0,1.0,0.0,0.0,0.0,0.0,,,,,,,,,,,,,,,,,,,,,,
2026,2021038693,2026-04-10,1800024.0,増田 陸,61.0,一,1,1.0,1.0,3.0,3.0,0.0,1.0,1.0,0.0,0.0,1.0,0.0,,0.0,0.0,0.0,0.0,0.0,0.0,,,,,,,,,,,,,,,,,,,,,,
2026,2021038693,2026-04-10,1900028.0,長岡 秀樹,7.0,遊,2,1.0,1.0,4.0,4.0,1.0,1.0,0.0,0.0,0.0,0.0,0.0,,0.0,1.0,0.0,0.0,0.0,0.0,,,,,,,,,,,,,,,,,,,,,,
2026,2021038693,2026-04-10,1900029.0,武岡 龍世,60.0,打,2,1.0,0.0,1.0,1.0,0.0,0.0,0.0,0.0,0.0,0.0,0.0,,0.0,0.0,0.0,0.0,0.0,0.0,,,,,,,,,,,,,,,,,,,,,,
2026,2021038693,2026-04-10,1951153.0,浦田 俊輔,32.0,二,1,1.0,1.0,4.0,4.0,1.0,0.0,0.0,0.0,0.0,0.0,1.0,,0.0,0.0,0.0,0.0,0.0,0.0,,,,,,,,,,,,,,,,,,,,,,
2026,2021038693,2026-04-10,2000007.0,中山 礼都,40.0,右,1,1.0,1.0,3.0,3.0,0.0,1.0,0.0,0.0,0.0,0.0,0.0,,0.0,0.0,0.0,0.0,0.0,0.0,,,,,,,,,,,,,,,,,,,,,,
2026,2021038693,2026-04-10,2000031.0,赤羽 由紘,0.0,三,2,1.0,1.0,3.0,3.0,0.0,0.0,0.0,0.0,0.0,0.0,0.0,,0.0,0.0,0.0,0.0,0.0,1.0,,,,,,,,,,,,,,,,,,,,,,
2026,2021038693,2026-04-10,2000133.0,オスナ,13.0,一,2,1.0,1.0,4.0,4.0,0.0,1.0,0.0,0.0,0.0,0.0,0.0,,0.0,0.0,0.0,0.0,0.0,0.0,,,,,,,,,,,,,,,,,,,,,,
2026,2021038693,2026-04-10,2000135.0,サンタナ,25.0,左,2,1.0,1.0,4.0,4.0,0.0,2.0,1.0,0.0,0.0,0.0,0.0,,0.0,0.0,0.0,0.0,0.0,0.0,,,,,,,,,,,,,,,,,,,,,,
2026,2021038693,2026-04-10,2103697.0,大勢,15.0,投,1,1.0,0.0,0.0,0.0,0.0,0.0,0.0,0.0,0.0,0.0,0.0,,0.0,0.0,0.0,0.0,0.0,0.0,4.0,1.0,0.0,0.0,0.0,2.08,1.0,1.0,,,2.0,2.0,1.0,1.0,0.0,,0.0,1.0,0.0,,5.0,14.0
2026,2021038693,2026-04-10,2103794.0,吉村 貢司郎,21.0,投,2,1.0,1.0,3.0,3.0,0.0,0.0,0.0,0.0,0.0,0.0,0.0,,0.0,2.0,0.0,0.0,0.0,0.0,1.0,1.0,,1.0,2.0,2.6,7.0,7.0,,,0.0,5.0,3.0,2.0,1.0,,0.0,6.0,0.0,,26.0,108.0
2026,2021038693,2026-04-10,2103917.0,岩田 幸宏,64.0,中,2,1.0,1.0,4.0,4.0,0.0,3.0,0.0,0.0,0.0,0.0,1.0,,0.0,1.0,0.0,0.0,0.0,0.0,,,,,,,,,,,,,,,,,,,,,,
2026,2021038693,2026-04-10,2105063.0,橋本 星哉,52.0,打,2,1.0,0.0,1.0,1.0,0.0,0.0,0.0,0.0,0.0,0.0,0.0,,0.0,1.0,0.0,0.0,0.0,0.0,,,,,,,,,,,,,,,,,,,,,,
2026,2021038693,2026-04-10,2105626.0,廣澤 優,70.0,投,2,1.0,0.0,0.0,0.0,0.0,0.0,0.0,0.0,0.0,0.0,0.0,,0.0,0.0,0.0,0.0,0.0,0.0,2.0,1.0,0.0,2.0,0.0,0.0,1.0,1.0,,,0.0,0.0,0.0,0.0,0.0,,0.0,0.0,0.0,,3.0,14.0
2026,2021038693,2026-04-10,2106178.0,佐々木 俊輔,44.0,中左,1,1.0,1.0,4.0,4.0,0.0,0.0,0.0,0.0,0.0,0.0,0.0,,0.0,3.0,0.0,0.0,0.0,0.0,,,,,,,,,,,,,,,,,,,,,,
2026,2021038693,2026-04-10,2112175.0,伊藤 琉偉,67.0,二,2,1.0,1.0,3.0,2.0,0.0,0.0,0.0,0.0,0.0,0.0,0.0,,1.0,1.0,0.0,0.0,0.0,0.0,,,,,,,,,,,,,,,,,,,,,,
2026,2021038693,2026-04-10,2113365.0,田中 陽翔,54.0,打,2,1.0,0.0,1.0,1.0,0.0,0.0,0.0,0.0,0.0,0.0,0.0,,0.0,0.0,0.0,0.0,0.0,0.0,,,,,,,,,,,,,,,,,,,,,,
2026,2021038693,2026-04-10,2118420.0,キャベッジ,13.0,左,1,1.0,1.0,3.0,3.0,2.0,2.0,0.0,0.0,1.0,1.0,0.0,,0.0,0.0,0.0,0.0,0.0,0.0,,,,,,,,,,,,,,,,,,,,,,
2026,2021038693,2026-04-10,2118993.0,竹丸 和幸,21.0,投,1,1.0,1.0,2.0,2.0,0.0,0.0,0.0,0.0,0.0,0.0,0.0,,0.0,0.0,0.0,0.0,0.0,0.0,1.0,1.0,,2.0,1.0,1.62,5.666666666666667,5.2,,,0.0,8.0,1.0,1.0,0.0,,1.0,2.0,0.0,,23.0,84.0
2026,2021038695,2026-04-10,1100069.0,高橋 周平,3.0,一,4,1.0,1.0,4.0,4.0,0.0,2.0,0.0,0.0,0.0,0.0,0.0,,0.0,0.0,0.0,0.0,0.0,0.0,,,,,,,,,,,,,,,,,,,,,,
2026,2021038695,2026-04-10,1300075.0,岩崎 優,13.0,投,5,1.0,0.0,0.0,0.0,0.0,0.0,0.0,0.0,0.0,0.0,0.0,,0.0,0.0,0.0,0.0,0.0,0.0,3.0,1.0,0.0,0.0,0.0,0.0,1.0,1.0,,,4.0,2.0,0.0,0.0,0.0,,0.0,0.0,0.0,,5.0,16.0
2026,2021038695,2026-04-10,1400172.0,植田 海,62.0,走,5,1.0,0.0,0.0,0.0,1.0,0.0,0.0,0.0,0.0,0.0,1.0,,0.0,0.0,0.0,0.0,0.0,0.0,,,,,,,,,,,,,,,,,,,,,,
2026,2021038695,2026-04-10,1500076.0,木下 拓哉,35.0,捕,4,1.0,1.0,4.0,4.0,0.0,1.0,0.0,0.0,0.0,1.0,0.0,,0.0,1.0,0.0,0.0,0.0,0.0,,,,,,,,,,,,,,,,,,,,,,
2026,2021038695,2026-04-10,1500087.0,坂本 誠志郎,12.0,捕,5,1.0,1.0,4.0,4.0,0.0,0.0,0.0,0.0,0.0,0.0,0.0,,0.0,4.0,0.0,0.0,0.0,0.0,,,,,,,,,,,,,,,,,,,,,,
2026,2021038695,2026-04-10,1500091.0,板山 祐太郎,63.0,左,4,1.0,0.0,1.0,1.0,0.0,0.0,0.0,0.0,0.0,0.0,0.0,,0.0,0.0,0.0,0.0,0.0,0.0,,,,,,,,,,,,,,,,,,,,,,
2026,2021038695,2026-04-10,1560639.0,カリステ,4.0,打,4,1.0,0.0,1.0,1.0,0.0,0.0,0.0,0.0,0.0,0.0,0.0,,0.0,1.0,0.0,0.0,0.0,0.0,,,,,,,,,,,,,,,,,,,,,,
2026,2021038695,2026-04-10,1561854.0,サノー,23.0,打,4,1.0,0.0,1.0,1.0,0.0,1.0,0.0,0.0,0.0,0.0,0.0,,0.0,0.0,0.0,0.0,0.0,0.0,,,,,,,,,,,,,,,,,,,,,,
2026,2021038695,2026-04-10,1600085.0,細川 成也,55.0,左,4,1.0,1.0,4.0,3.0,1.0,2.0,1.0,0.0,0.0,1.0,0.0,,1.0,0.0,0.0,0.0,0.0,0.0,,,,,,,,,,,,,,,,,,,,,,
2026,2021038695,2026-04-10,1600106.0,柳 裕也,17.0,投,4,1.0,1.0,2.0,2.0,0.0,0.0,0.0,0.0,0.0,0.0,0.0,,0.0,0.0,0.0,0.0,0.0,0.0,1.0,1.0,,1.0,0.0,0.86,6.0,6.0,,,0.0,5.0,1.0,1.0,1.0,,0.0,6.0,0.0,,23.0,97.0
2026,2021038695,2026-04-10,1600110.0,藤嶋 健人,54.0,投,4,1.0,0.0,0.0,0.0,0.0,0.0,0.0,0.0,0.0,0.0,0.0,,0.0,0.0,0.0,0.0,0.0,0.0,3.0,1.0,0.0,0.0,1.0,7.36,1.0,1.0,,,0.0,2.0,0.0,0.0,0.0,,0.0,0.0,0.0,,4.0,26.0
2026,2021038695,2026-04-10,1600113.0,大山 悠輔,3.0,一,5,1.0,1.0,4.0,4.0,0.0,3.0,1.0,0.0,0.0,1.0,0.0,,0.0,0.0,0.0,0.0,0.0,0.0,,,,,,,,,,,,,,,,,,,,,,
2026,2021038695,2026-04-10,1660558.0,メヒア,91.0,投,4,1.0,0.0,0.0,0.0,0.0,0.0,0.0,0.0,0.0,0.0,0.0,,0.0,0.0,0.0,0.0,0.0,0.0,2.0,1.0,0.0,0.0,0.0,3.6,1.0,1.0,,,0.0,0.0,0.0,0.0,0.0,,0.0,2.0,0.0,,3.0,13.0
2026,2021038695,2026-04-10,1700079.0,熊谷 敬宥,4.0,走一,5,1.0,0.0,0.0,0.0,1.0,0.0,0.0,0.0,0.0,0.0,0.0,,0.0,0.0,0.0,0.0,0.0,0.0,,,,,,,,,,,,,,,,,,,,,,
2026,2021038695,2026-04-10,1750223.0,村松 開人,5.0,遊,4,1.0,1.0,4.0,3.0,0.0,1.0,1.0,0.0,0.0,0.0,0.0,,1.0,1.0,0.0,0.0,0.0,0.0,,,,,,,,,,,,,,,,,,,,,,
2026,2021038695,2026-04-10,1750701.0,田中 幹也,2.0,二,4,1.0,1.0,4.0,3.0,0.0,0.0,0.0,0.0,0.0,0.0,0.0,,0.0,1.0,0.0,1.0,0.0,0.0,,,,,,,,,,,,,,,,,,,,,,
2026,2021038695,2026-04-10,1800059.0,根尾 昂,30.0,投,4,1.0,0.0,0.0,0.0,0.0,0.0,0.0,0.0,0.0,0.0,0.0,,0.0,0.0,0.0,0.0,0.0,0.0,5.0,1.0,0.0,1.0,0.0,0.0,0.3333333333333333,0.1,,,0.0,1.0,0.0,0.0,0.0,,0.0,0.0,0.0,,2.0,10.0
2026,2021038695,2026-04-10,1800065.0,近本 光司,5.0,中,5,1.0,1.0,5.0,5.0,0.0,4.0,1.0,0.0,0.0,1.0,2.0,,0.0,0.0,0.0,0.0,0.0,0.0,,,,,,,,,,,,,,,,,,,,,,
2026,2021038695,2026-04-10,1800067.0,木浪 聖也,0.0,遊,5,1.0,1.0,4.0,4.0,0.0,0.0,0.0,0.0,0.0,0.0,0.0,,0.0,0.0,0.0,0.0,0.0,0.0,,,,,,,,,,,,,,,,,,,,,,
2026,2021038695,2026-04-10,1800070.0,湯浅 京己,65.0,投,5,1.0,0.0,0.0,0.0,0.0,0.0,0.0,0.0,0.0,0.0,0.0,,0.0,0.0,0.0,0.0,0.0,0.0,2.0,1.0,0.0,1.0,0.0,4.5,1.0,1.0,,,0.0,1.0,1.0,1.0,0.0,,1.0,2.0,0.0,,5.0,26.0
2026,2021038695,2026-04-10,1850183.0,森下 翔太,1.0,右,5,1.0,1.0,5.0,5.0,1.0,1.0,0.0,0.0,1.0,1.0,0.0,,0.0,0.0,0.0,0.0,0.0,0.0,,,,,,,,,,,,,,,,,,,,,,
2026,2021038695,2026-04-10,1950996.0,前川 右京,58.0,打,5,1.0,0.0,1.0,1.0,0.0,1.0,1.0,0.0,0.0,1.0,0.0,,0.0,0.0,0.0,0.0,0.0,0.0,,,,,,,,,,,,,,,,,,,,,,
2026,2021038695,2026-04-10,1961300.0,ボスラー,24.0,右一,4,1.0,1.0,5.0,5.0,0.0,0.0,0.0,0.0,0.0,0.0,0.0,,0.0,1.0,0.0,0.0,0.0,0.0,,,,,,,,,,,,,,,,,,,,,,
2026,2021038695,2026-04-10,2000051.0,佐藤 輝明,8.0,三,5,1.0,1.0,4.0,4.0,1.0,1.0,1.0,0.0,0.0,0.0,0.0,,0.0,2.0,0.0,0.0,0.0,1.0,,,,,,,,,,,,,,,,,,,,,,
2026,2021038695,2026-04-10,2000055.0,村上 頌樹,41.0,投,5,1.0,1.0,2.0,2.0,0.0,0.0,0.0,0.0,0.0,0.0,0.0,,0.0,1.0,0.0,0.0,0.0,0.0,1.0,1.0,,1.0,1.0,2.25,7.0,7.0,,,0.0,6.0,2.0,1.0,0.0,,2.0,4.0,0.0,,29.0,113.0
2026,2021038695,2026-04-10,2000056.0,中野 拓夢,7.0,二,5,1.0,1.0,5.0,5.0,0.0,1.0,0.0,0.0,0.0,0.0,1.0,,0.0,1.0,0.0,0.0,0.0,0.0,,,,,,,,,,,,,,,,,,,,,,
2026,2021038695,2026-04-10,2000057.0,高寺 望夢,67.0,左,5,1.0,1.0,4.0,3.0,1.0,0.0,0.0,0.0,0.0,0.0,0.0,,1.0,1.0,0.0,0.0,0.0,0.0,,,,,,,,,,,,,,,,,,,,,,
2026,2021038695,2026-04-10,2100275.0,花田 旭,57.0,中,4,1.0,1.0,4.0,3.0,0.0,0.0,0.0,0.0,0.0,1.0,0.0,,0.0,1.0,0.0,0.0,1.0,0.0,,,,,,,,,,,,,,,,,,,,,,
2026,2021038695,2026-04-10,2103780.0,福永 裕基,7.0,三,4,1.0,1.0,5.0,4.0,1.0,2.0,0.0,0.0,0.0,0.0,0.0,,1.0,0.0,0.0,0.0,0.0,0.0,,,,,,,,,,,,,,,,,,,,,,
2026,2021038695,2026-04-10,2103947.0,樋口 正修,97.0,走,4,1.0,0.0,0.0,0.0,1.0,0.0,0.0,0.0,0.0,0.0,1.0,,0.0,0.0,0.0,0.0,0.0,0.0,,,,,,,,,,,,,,,,,,,,,,
2026,2021038695,2026-04-10,2105174.0,辻本 倫太郎,0.0,走,4,1.0,0.0,0.0,0.0,0.0,0.0,0.0,0.0,0.0,0.0,0.0,,0.0,0.0,0.0,0.0,0.0,0.0,,,,,,,,,,,,,,,,,,,,,,
2026,2021038695,2026-04-10,2107645.0,尾田 剛樹,0.0,走右,4,1.0,0.0,0.0,0.0,0.0,0.0,0.0,0.0,0.0,0.0,1.0,,0.0,0.0,0.0,0.0,0.0,1.0,,,,,,,,,,,,,,,,,,,,,,
2026,2021038695,2026-04-10,2107869.0,松山 晋也,90.0,投,4,1.0,0.0,0.0,0.0,0.0,0.0,0.0,0.0,0.0,0.0,0.0,,0.0,0.0,0.0,0.0,0.0,0.0,4.0,1.0,0.0,0.0,1.0,16.2,0.6666666666666666,0.2,,,1.0,4.0,4.0,3.0,0.0,,1.0,1.0,0.0,,7.0,21.0
2026,2021038695,2026-04-10,2110225.0,福島 圭音,92.0,打,5,1.0,0.0,1.0,1.0,0.0,1.0,0.0,0.0,0.0,0.0,0.0,,0.0,0.0,0.0,0.0,0.0,0.0,,,,,,,,,,,,,,,,,,,,,,
2026,2021038697,2026-04-10,1100061.0,桑原 将志,7.0,左,7,1.0,1.0,4.0,4.0,1.0,1.0,0.0,0.0,0.0,0.0,0.0,,0.0,0.0,0.0,0.0,0.0,0.0,,,,,,,,,,,,,,,,,,,,,,
2026,2021038697,2026-04-10,1300044.0,岡 大海,25.0,中,9,1.0,1.0,4.0,4.0,1.0,1.0,0.0,0.0,0.0,0.0,0.0,,0.0,1.0,0.0,0.0,0.0,0.0,,,,,,,,,,,,,,,,,,,,,,
2026,2021038697,2026-04-10,1460080.0,ポランコ,22.0,指,9,1.0,1.0,5.0,3.0,1.0,2.0,1.0,0.0,0.0,2.0,0.0,,2.0,0.0,0.0,0.0,0.0,0.0,,,,,,,,,,,,,,,,,,,,,,
2026,2021038697,2026-04-10,1500117.0,平沢 大河,39.0,一,7,1.0,1.0,4.0,4.0,0.0,0.0,0.0,0.0,0.0,0.0,0.0,,0.0,1.0,0.0,0.0,0.0,0.0,,,,,,,,,,,,,,,,,,,,,,
2026,2021038697,2026-04-10,1600129.0,源田 壮亮,6.0,遊,7,1.0,1.0,4.0,4.0,1.0,2.0,1.0,0.0,0.0,0.0,0.0,,0.0,0.0,0.0,0.0,0.0,1.0,,,,,,,,,,,,,,,,,,,,,,
2026,2021038697,2026-04-10,1660299.0,林 安可,73.0,打,7,1.0,0.0,1.0,1.0,0.0,0.0,0.0,0.0,0.0,0.0,0.0,,0.0,0.0,0.0,0.0,0.0,0.0,,,,,,,,,,,,,,,,,,,,,,
2026,2021038697,2026-04-10,1700020.0,ソト,99.0,一,9,1.0,1.0,5.0,3.0,0.0,0.0,0.0,0.0,0.0,0.0,0.0,,1.0,0.0,1.0,0.0,0.0,0.0,,,,,,,,,,,,,,,,,,,,,,
2026,2021038697,2026-04-10,1700093.0,藤岡 裕大,7.0,二,9,1.0,0.0,0.0,0.0,0.0,0.0,0.0,0.0,0.0,0.0,0.0,,0.0,0.0,0.0,0.0,0.0,0.0,,,,,,,,,,,,,,,,,,,,,,
2026,2021038697,2026-04-10,1750472.0,古賀 悠斗,22.0,捕,7,1.0,1.0,3.0,3.0,0.0,0.0,0.0,0.0,0.0,0.0,0.0,,0.0,2.0,0.0,0.0,0.0,0.0,,,,,,,,,,,,,,,,,,,,,,
2026,2021038697,2026-04-10,1750481.0,仲田 慶介,0.0,二,7,1.0,1.0,3.0,3.0,0.0,1.0,0.0,1.0,0.0,0.0,0.0,,0.0,1.0,0.0,0.0,0.0,0.0,,,,,,,,,,,,,,,,,,,,,,
2026,2021038697,2026-04-10,1800050.0,藤原 恭大,1.0,右,9,1.0,1.0,5.0,5.0,0.0,1.0,0.0,0.0,0.0,0.0,0.0,,0.0,1.0,0.0,0.0,0.0,0.0,,,,,,,,,,,,,,,,,,,,,,
2026,2021038697,2026-04-10,1800081.0,渡邉 勇太朗,12.0,,7,,,,,,,,,,,,,,,,,,,1.0,1.0,,0.0,2.0,4.58,6.666666666666667,6.2,,,0.0,6.0,2.0,2.0,0.0,,2.0,1.0,0.0,,28.0,119.0
2026,2021038697,2026-04-10,1850947.0,上田 希由翔,10.0,二,9,1.0,1.0,4.0,4.0,1.0,1.0,1.0,0.0,0.0,0.0,0.0,,0.0,0.0,0.0,0.0,0.0,0.0,,,,,,,,,,,,,,,,,,,,,,
2026,2021038697,2026-04-10,1900062.0,浜屋 将太,90.0,,7,,,,,,,,,,,,,,,,,,,2.0,1.0,0.0,0.0,0.0,4.5,0.3333333333333333,0.1,,,0.0,0.0,0.0,0.0,0.0,,0.0,0.0,0.0,,1.0,4.0
2026,2021038697,2026-04-10,1900068.0,岸 潤一郎,68.0,中,7,1.0,1.0,4.0,4.0,0.0,1.0,1.0,0.0,0.0,2.0,0.0,,0.0,2.0,0.0,0.0,0.0,0.0,,,,,,,,,,,,,,,,,,,,,,
2026,2021038697,2026-04-10,1900081.0,佐藤 都志也,32.0,打,9,1.0,0.0,1.0,0.0,0.0,0.0,0.0,0.0,0.0,0.0,0.0,,1.0,0.0,0.0,0.0,0.0,0.0,,,,,,,,,,,,,,,,,,,,,,
2026,2021038697,2026-04-10,1900082.0,高部 瑛斗,0.0,走,9,1.0,0.0,0.0,0.0,1.0,0.0,0.0,0.0,0.0,0.0,0.0,,0.0,0.0,0.0,0.0,0.0,0.0,,,,,,,,,,,,,,,,,,,,,,
2026,2021038697,2026-04-10,1900083.0,横山 陸人,15.0,,9,,,,,,,,,,,,,,,,,,,4.0,1.0,0.0,0.0,0.0,0.0,1.0,1.0,,,3.0,0.0,0.0,0.0,0.0,,2.0,0.0,0.0,,5.0,20.0
2026,2021038697,2026-04-10,1950286.0,西川 史礁,6.0,左,9,1.0,1.0,5.0,5.0,1.0,2.0,1.0,0.0,0.0,0.0,0.0,,0.0,0.0,0.0,0.0,0.0,0.0,,,,,,,,,,,,,,,,,,,,,,
2026,2021038697,2026-04-10,1950417.0,渡部 聖弥,8.0,三,7,1.0,1.0,4.0,3.0,1.0,1.0,0.0,0.0,0.0,0.0,0.0,,1.0,0.0,0.0,0.0,0.0,0.0,,,,,,,,,,,,,,,,,,,,,,
2026,2021038697,2026-04-10,2000073.0,仲三 優太,55.0,指,7,1.0,1.0,2.0,2.0,0.0,0.0,0.0,0.0,0.0,0.0,0.0,,0.0,2.0,0.0,0.0,0.0,0.0,,,,,,,,,,,,,,,,,,,,,,
2026,2021038697,2026-04-10,2000087.0,鈴木 昭汰,47.0,,9,,,,,,,,,,,,,,,,,,,3.0,1.0,0.0,1.0,0.0,5.79,1.0,1.0,,,0.0,3.0,2.0,2.0,0.0,,0.0,3.0,0.0,,6.0,29.0
2026,2021038697,2026-04-10,2000089.0,小川 龍成,57.0,二遊,9,1.0,0.0,1.0,1.0,1.0,0.0,0.0,0.0,0.0,0.0,0.0,,0.0,0.0,0.0,0.0,0.0,0.0,,,,,,,,,,,,,,,,,,,,,,
2026,2021038697,2026-04-10,2000090.0,河村 説人,58.0,,9,,,,,,,,,,,,,,,,,,,1.0,1.0,,0.0,0.0,1.5,6.0,6.0,,,0.0,4.0,1.0,1.0,0.0,,0.0,5.0,0.0,,22.0,92.0
2026,2021038697,2026-04-10,2050145.0,小島 大河,10.0,打指,7,1.0,0.0,2.0,2.0,0.0,0.0,0.0,0.0,0.0,0.0,0.0,,0.0,1.0,0.0,0.0,0.0,0.0,,,,,,,,,,,,,,,,,,,,,,
2026,2021038697,2026-04-10,2100346.0,松川 虎生,2.0,捕,9,1.0,1.0,4.0,3.0,0.0,0.0,0.0,0.0,0.0,0.0,0.0,,0.0,0.0,0.0,1.0,0.0,0.0,,,,,,,,,,,,,,,,,,,,,,
2026,2021038697,2026-04-10,2101204.0,ロング,73.0,,9,,,,,,,,,,,,,,,,,,,2.0,1.0,0.0,0.0,0.0,0.0,1.0,1.0,,,0.0,0.0,0.0,0.0,0.0,,0.0,1.0,0.0,,3.0,7.0
2026,2021038697,2026-04-10,2102926.0,寺地 隆成,65.0,三,9,1.0,1.0,4.0,4.0,0.0,2.0,0.0,0.0,0.0,2.0,0.0,,0.0,0.0,0.0,0.0,0.0,0.0,,,,,,,,,,,,,,,,,,,,,,
2026,2021038697,2026-04-10,2103612.0,黒田 将矢,57.0,,7,,,,,,,,,,,,,,,,,,,5.0,1.0,0.0,0.0,0.0,0.0,0.3333333333333333,0.1,,,0.0,0.0,0.0,0.0,0.0,,0.0,1.0,0.0,,1.0,5.0
2026,2021038697,2026-04-10,2103618.0,滝澤 夏央,62.0,二,7,1.0,0.0,1.0,1.0,0.0,0.0,0.0,0.0,0.0,0.0,0.0,,0.0,0.0,0.0,0.0,0.0,0.0,,,,,,,,,,,,,,,,,,,,,,
2026,2021038697,2026-04-10,2103625.0,羽田 慎之介,43.0,,7,,,,,,,,,,,,,,,,,,,3.0,1.0,0.0,0.0,0.0,0.0,1.0,1.0,,,0.0,0.0,0.0,0.0,0.0,,1.0,0.0,0.0,,4.0,14.0
2026,2021038697,2026-04-10,2106798.0,友杉 篤輝,4.0,遊,9,1.0,1.0,3.0,3.0,0.0,0.0,0.0,0.0,0.0,0.0,0.0,,0.0,0.0,0.0,0.0,0.0,0.0,,,,,,,,,,,,,,,,,,,,,,
2026,2021038697,2026-04-10,2117028.0,カナリオ,25.0,右,7,1.0,1.0,4.0,3.0,0.0,1.0,1.0,0.0,0.0,1.0,0.0,,1.0,0.0,0.0,0.0,0.0,0.0,,,,,,,,,,,,,,,,,,,,,,
2026,2021038697,2026-04-10,2117734.0,篠原 響,52.0,,7,,,,,,,,,,,,,,,,,,,4.0,1.0,0.0,0.0,1.0,0.0,0.6666666666666666,0.2,,,0.0,3.0,4.0,0.0,0.0,,1.0,1.0,1.0,,8.0,17.0
2026,2021038697,2026-04-10,2117855.0,宮崎 竜成,44.0,三,9,1.0,0.0,1.0,1.0,0.0,0.0,0.0,0.0,0.0,0.0,0.0,,0.0,1.0,0.0,0.0,0.0,0.0,,,,,,,,,,,,,,,,,,,,,,
2026,2021038698,2026-04-11,700003.0,坂本 勇人,6.0,三,1,1.0,1.0,3.0,3.0,1.0,1.0,0.0,0.0,1.0,1.0,0.0,,0.0,2.0,0.0,0.0,0.0,0.0,,,,,,,,,,,,,,,,,,,,,,
2026,2021038698,2026-04-11,800043.0,丸 佳浩,8.0,打,1,1.0,0.0,1.0,1.0,0.0,0.0,0.0,0.0,0.0,0.0,0.0,,0.0,0.0,0.0,0.0,0.0,0.0,,,,,,,,,,,,,,,,,,,,,,
2026,2021038698,2026-04-11,900044.0,中村 悠平,27.0,打,2,1.0,0.0,1.0,1.0,0.0,0.0,0.0,0.0,0.0,0.0,0.0,,0.0,0.0,0.0,0.0,0.0,0.0,,,,,,,,,,,,,,,,,,,,,,
2026,2021038698,2026-04-11,1100095.0,松本 剛,9.0,中,1,1.0,1.0,4.0,4.0,0.0,1.0,0.0,0.0,0.0,0.0,0.0,,0.0,1.0,0.0,0.0,0.0,0.0,,,,,,,,,,,,,,,,,,,,,,
2026,2021038698,2026-04-11,1500052.0,中川 皓太,41.0,投,1,1.0,0.0,0.0,0.0,0.0,0.0,0.0,0.0,0.0,0.0,0.0,,0.0,0.0,0.0,0.0,0.0,0.0,2.0,1.0,0.0,0.0,0.0,2.7,1.0,1.0,,,0.0,0.0,0.0,0.0,0.0,,0.0,1.0,0.0,,3.0,14.0
2026,2021038698,2026-04-11,1600075.0,星 知弥,24.0,投,2,1.0,0.0,0.0,0.0,0.0,0.0,0.0,0.0,0.0,0.0,0.0,,0.0,0.0,0.0,0.0,0.0,0.0,2.0,1.0,0.0,0.0,0.0,1.5,1.0,1.0,,,1.0,0.0,0.0,0.0,0.0,,0.0,0.0,0.0,,3.0,9.0
2026,2021038698,2026-04-11,1650522.0,丸山 和郁,4.0,右,2,1.0,1.0,4.0,4.0,0.0,0.0,0.0,0.0,0.0,0.0,0.0,,0.0,2.0,0.0,0.0,0.0,0.0,,,,,,,,,,,,,,,,,,,,,,
2026,2021038698,2026-04-11,1700029.0,北浦 竜次,56.0,投,1,1.0,0.0,0.0,0.0,0.0,0.0,0.0,0.0,0.0,0.0,0.0,,0.0,0.0,0.0,0.0,0.0,0.0,4.0,1.0,0.0,0.0,0.0,8.31,1.0,1.0,,,0.0,0.0,0.0,0.0,0.0,,0.0,1.0,0.0,,3.0,14.0
2026,2021038698,2026-04-11,1750321.0,泉口 友汰,35.0,遊,1,1.0,1.0,4.0,4.0,0.0,1.0,0.0,0.0,0.0,0.0,0.0,,0.0,1.0,0.0,0.0,0.0,0.0,,,,,,,,,,,,,,,,,,,,,,
2026,2021038698,2026-04-11,1800024.0,増田 陸,61.0,一,1,1.0,1.0,4.0,4.0,0.0,0.0,0.0,0.0,0.0,0.0,0.0,,0.0,1.0,0.0,0.0,0.0,0.0,,,,,,,,,,,,,,,,,,,,,,
2026,2021038698,2026-04-11,1900020.0,山瀬 慎之助,67.0,捕,1,1.0,1.0,3.0,3.0,1.0,1.0,0.0,0.0,1.0,1.0,0.0,,0.0,1.0,0.0,0.0,0.0,0.0,,,,,,,,,,,,,,,,,,,,,,
2026,2021038698,2026-04-11,1900028.0,長岡 秀樹,7.0,遊,2,1.0,1.0,5.0,4.0,1.0,1.0,0.0,0.0,0.0,0.0,0.0,,1.0,0.0,0.0,0.0,0.0,0.0,,,,,,,,,,,,,,,,,,,,,,
2026,2021038698,2026-04-11,1900029.0,武岡 龍世,60.0,二三,2,1.0,1.0,4.0,4.0,0.0,1.0,1.0,0.0,0.0,0.0,0.0,,0.0,2.0,0.0,0.0,0.0,0.0,,,,,,,,,,,,,,,,,,,,,,
2026,2021038698,2026-04-11,1951153.0,浦田 俊輔,32.0,二,1,1.0,1.0,4.0,4.0,0.0,0.0,0.0,0.0,0.0,0.0,0.0,,0.0,1.0,0.0,0.0,0.0,0.0,,,,,,,,,,,,,,,,,,,,,,
2026,2021038698,2026-04-11,1961046.0,キハダ,11.0,投,2,1.0,0.0,0.0,0.0,0.0,0.0,0.0,0.0,0.0,0.0,0.0,,0.0,0.0,0.0,0.0,0.0,0.0,3.0,1.0,0.0,0.0,0.0,0.0,1.0,1.0,,,5.0,0.0,0.0,0.0,0.0,,0.0,2.0,0.0,,3.0,17.0
2026,2021038698,2026-04-11,2000007.0,中山 礼都,40.0,打,1,1.0,0.0,1.0,1.0,0.0,0.0,0.0,0.0,0.0,0.0,0.0,,0.0,1.0,0.0,0.0,0.0,0.0,,,,,,,,,,,,,,,,,,,,,,
2026,2021038698,2026-04-11,2000025.0,山野 太一,26.0,投,2,1.0,1.0,3.0,3.0,0.0,1.0,0.0,0.0,0.0,0.0,0.0,,0.0,1.0,0.0,0.0,0.0,0.0,1.0,1.0,,3.0,0.0,3.6,7.0,7.0,,,0.0,5.0,2.0,2.0,2.0,,0.0,7.0,0.0,,26.0,87.0
2026,2021038698,2026-04-11,2000031.0,赤羽 由紘,0.0,左,2,1.0,0.0,1.0,1.0,0.0,0.0,0.0,0.0,0.0,0.0,0.0,,0.0,0.0,0.0,0.0,0.0,0.0,,,,,,,,,,,,,,,,,,,,,,
2026,2021038698,2026-04-11,2000133.0,オスナ,13.0,一,2,1.0,1.0,4.0,4.0,0.0,1.0,0.0,0.0,0.0,0.0,0.0,,0.0,2.0,0.0,0.0,0.0,0.0,,,,,,,,,,,,,,,,,,,,,,
2026,2021038698,2026-04-11,2000135.0,サンタナ,25.0,左,2,1.0,1.0,4.0,3.0,2.0,2.0,1.0,0.0,1.0,1.0,0.0,,1.0,0.0,0.0,0.0,0.0,0.0,,,,,,,,,,,,,,,,,,,,,,
2026,2021038698,2026-04-11,2103689.0,赤星 優志,31.0,投,1,1.0,0.0,0.0,0.0,0.0,0.0,0.0,0.0,0.0,0.0,0.0,,0.0,0.0,0.0,0.0,0.0,0.0,3.0,1.0,0.0,2.0,0.0,1.42,1.0,1.0,,,0.0,3.0,1.0,1.0,1.0,,0.0,0.0,0.0,,6.0,34.0
2026,2021038698,2026-04-11,2103917.0,岩田 幸宏,64.0,中,2,1.0,1.0,4.0,3.0,0.0,2.0,0.0,0.0,0.0,0.0,1.0,,0.0,0.0,1.0,0.0,0.0,0.0,,,,,,,,,,,,,,,,,,,,,,
2026,2021038698,2026-04-11,2109495.0,鈴木 叶,65.0,捕,2,1.0,1.0,5.0,5.0,0.0,1.0,0.0,1.0,0.0,2.0,0.0,,0.0,0.0,0.0,0.0,0.0,0.0,,,,,,,,,,,,,,,,,,,,,,
2026,2021038698,2026-04-11,2112175.0,伊藤 琉偉,67.0,二,2,1.0,0.0,1.0,1.0,0.0,0.0,0.0,0.0,0.0,0.0,0.0,,0.0,0.0,0.0,0.0,0.0,0.0,,,,,,,,,,,,,,,,,,,,,,
2026,2021038698,2026-04-11,2112330.0,平山 功太,69.0,右,1,1.0,1.0,3.0,3.0,0.0,1.0,0.0,0.0,0.0,0.0,0.0,,0.0,0.0,0.0,0.0,0.0,0.0,,,,,,,,,,,,,,,,,,,,,,
2026,2021038698,2026-04-11,2113365.0,田中 陽翔,54.0,三,2,1.0,1.0,3.0,3.0,0.0,0.0,0.0,0.0,0.0,0.0,0.0,,0.0,1.0,0.0,0.0,0.0,0.0,,,,,,,,,,,,,,,,,,,,,,
2026,2021038698,2026-04-11,2118291.0,田和 廉,30.0,投,1,1.0,0.0,0.0,0.0,0.0,0.0,0.0,0.0,0.0,0.0,0.0,,0.0,0.0,0.0,0.0,0.0,0.0,5.0,1.0,0.0,0.0,0.0,0.0,1.0,1.0,,,0.0,0.0,0.0,0.0,0.0,,0.0,0.0,0.0,,3.0,9.0
2026,2021038698,2026-04-11,2118420.0,キャベッジ,13.0,左,1,1.0,1.0,4.0,4.0,0.0,0.0,0.0,0.0,0.0,0.0,0.0,,0.0,1.0,0.0,0.0,0.0,0.0,,,,,,,,,,,,,,,,,,,,,,
2026,2021038698,2026-04-11,2122496.0,マタ,42.0,投,1,1.0,1.0,1.0,1.0,0.0,0.0,0.0,0.0,0.0,0.0,0.0,,0.0,0.0,0.0,0.0,0.0,0.0,1.0,1.0,,0.0,1.0,3.6,5.0,5.0,,,0.0,6.0,2.0,2.0,0.0,,2.0,6.0,1.0,,24.0,97.0
2026,2021038699,2026-04-11,1000150.0,秋山 翔吾,9.0,打,6,1.0,0.0,1.0,1.0,0.0,0.0,0.0,0.0,0.0,0.0,0.0,,0.0,1.0,0.0,0.0,0.0,0.0,,,,,,,,,,,,,,,,,,,,,,
2026,2021038699,2026-04-11,1100082.0,菊池 涼介,33.0,二,6,1.0,1.0,4.0,4.0,0.0,0.0,0.0,0.0,0.0,0.0,0.0,,0.0,2.0,0.0,0.0,0.0,0.0,,,,,,,,,,,,,,,,,,,,,,
2026,2021038699,2026-04-11,1400109.0,山崎 康晃,19.0,投,3,1.0,0.0,0.0,0.0,0.0,0.0,0.0,0.0,0.0,0.0,0.0,,0.0,0.0,0.0,0.0,0.0,0.0,3.0,1.0,0.0,0.0,0.0,2.25,1.0,1.0,,,3.0,0.0,0.0,0.0,0.0,,0.0,0.0,0.0,,3.0,7.0
2026,2021038699,2026-04-11,1600089.0,佐野 恵太,7.0,一,3,1.0,1.0,4.0,4.0,1.0,1.0,1.0,0.0,0.0,2.0,0.0,,0.0,0.0,0.0,0.0,0.0,0.0,,,,,,,,,,,,,,,,,,,,,,
2026,2021038699,2026-04-11,1600107.0,京田 陽太,9.0,遊,3,1.0,1.0,4.0,4.0,0.0,1.0,0.0,0.0,0.0,1.0,0.0,,0.0,0.0,0.0,0.0,0.0,0.0,,,,,,,,,,,,,,,,,,,,,,
2026,2021038699,2026-04-11,1600124.0,坂倉 将吾,31.0,捕,6,1.0,1.0,3.0,2.0,1.0,1.0,0.0,0.0,1.0,2.0,0.0,,1.0,0.0,0.0,0.0,0.0,0.0,,,,,,,,,,,,,,,,,,,,,,
2026,2021038699,2026-04-11,1600167.0,三森 大貴,26.0,中,3,1.0,1.0,3.0,3.0,0.0,2.0,0.0,0.0,0.0,0.0,0.0,,0.0,1.0,0.0,0.0,0.0,0.0,,,,,,,,,,,,,,,,,,,,,,
2026,2021038699,2026-04-11,1700058.0,東 克樹,11.0,投,3,1.0,1.0,3.0,3.0,0.0,0.0,0.0,0.0,0.0,0.0,0.0,,0.0,3.0,0.0,0.0,0.0,0.0,1.0,1.0,,2.0,1.0,2.25,7.0,7.0,,,0.0,4.0,3.0,1.0,1.0,,2.0,2.0,0.0,,26.0,97.0
2026,2021038699,2026-04-11,1700059.0,神里 和毅,8.0,右,3,1.0,0.0,0.0,0.0,0.0,0.0,0.0,0.0,0.0,0.0,0.0,,0.0,0.0,0.0,0.0,0.0,0.0,,,,,,,,,,,,,,,,,,,,,,
2026,2021038699,2026-04-11,1700066.0,山本 祐大,50.0,捕,3,1.0,1.0,4.0,3.0,1.0,1.0,0.0,0.0,0.0,1.0,0.0,,1.0,0.0,0.0,0.0,0.0,0.0,,,,,,,,,,,,,,,,,,,,,,
2026,2021038699,2026-04-11,1700068.0,中村 奨成,96.0,右,6,1.0,1.0,3.0,2.0,1.0,1.0,0.0,0.0,0.0,0.0,0.0,,1.0,0.0,0.0,0.0,0.0,0.0,,,,,,,,,,,,,,,,,,,,,,
2026,2021038699,2026-04-11,1800072.0,小園 海斗,5.0,遊,6,1.0,1.0,4.0,4.0,0.0,0.0,0.0,0.0,0.0,0.0,0.0,,0.0,0.0,0.0,0.0,0.0,0.0,,,,,,,,,,,,,,,,,,,,,,
2026,2021038699,2026-04-11,1800073.0,島内 颯太郎,43.0,投,6,1.0,0.0,0.0,0.0,0.0,0.0,0.0,0.0,0.0,0.0,0.0,,0.0,0.0,0.0,0.0,0.0,0.0,4.0,1.0,0.0,0.0,0.0,2.45,1.0,1.0,,,0.0,0.0,0.0,0.0,0.0,,0.0,1.0,0.0,,3.0,10.0
2026,2021038699,2026-04-11,1800079.0,大盛 穂,59.0,中,6,1.0,1.0,4.0,4.0,0.0,2.0,0.0,0.0,0.0,1.0,0.0,,0.0,2.0,0.0,0.0,0.0,0.0,,,,,,,,,,,,,,,,,,,,,,
2026,2021038699,2026-04-11,1850873.0,度会 隆輝,4.0,右左,3,1.0,1.0,4.0,4.0,0.0,0.0,0.0,0.0,0.0,0.0,0.0,,0.0,0.0,0.0,0.0,0.0,0.0,,,,,,,,,,,,,,,,,,,,,,
2026,2021038699,2026-04-11,1950429.0,高 太一,22.0,投,6,1.0,0.0,0.0,0.0,0.0,0.0,0.0,0.0,0.0,0.0,0.0,,0.0,0.0,0.0,0.0,0.0,0.0,3.0,1.0,0.0,0.0,0.0,0.0,1.0,1.0,,,0.0,0.0,0.0,0.0,0.0,,0.0,0.0,0.0,,3.0,7.0
2026,2021038699,2026-04-11,1961927.0,モンテロ,95.0,一,6,1.0,1.0,3.0,3.0,1.0,0.0,0.0,0.0,0.0,0.0,0.0,,0.0,0.0,0.0,0.0,0.0,0.0,,,,,,,,,,,,,,,,,,,,,,
2026,2021038699,2026-04-11,2000035.0,牧 秀悟,2.0,二,3,1.0,1.0,4.0,4.0,1.0,2.0,0.0,0.0,0.0,0.0,0.0,,0.0,1.0,0.0,0.0,0.0,1.0,,,,,,,,,,,,,,,,,,,,,,
2026,2021038699,2026-04-11,2050203.0,佐々木 泰,10.0,三,6,1.0,1.0,4.0,4.0,0.0,0.0,0.0,0.0,0.0,0.0,0.0,,0.0,0.0,0.0,0.0,0.0,0.0,,,,,,,,,,,,,,,,,,,,,,
2026,2021038699,2026-04-11,2100014.0,宮下 朝陽,34.0,三,3,1.0,1.0,4.0,4.0,0.0,1.0,0.0,0.0,0.0,0.0,0.0,,0.0,3.0,0.0,0.0,0.0,0.0,,,,,,,,,,,,,,,,,,,,,,
2026,2021038699,2026-04-11,2101034.0,ヒュンメル,99.0,左,3,1.0,1.0,4.0,4.0,1.0,2.0,0.0,0.0,0.0,0.0,0.0,,0.0,1.0,0.0,0.0,0.0,0.0,,,,,,,,,,,,,,,,,,,,,,
2026,2021038699,2026-04-11,2108238.0,ターノック,42.0,投,6,1.0,1.0,1.0,0.0,0.0,0.0,0.0,0.0,0.0,0.0,0.0,,0.0,0.0,0.0,1.0,0.0,0.0,1.0,1.0,,0.0,1.0,3.38,4.0,4.0,,,0.0,9.0,4.0,4.0,0.0,,1.0,6.0,0.0,,22.0,71.0
2026,2021038699,2026-04-11,2110148.0,渡邉 悠斗,49.0,打,6,1.0,0.0,1.0,1.0,0.0,0.0,0.0,0.0,0.0,0.0,0.0,,0.0,0.0,0.0,0.0,0.0,0.0,,,,,,,,,,,,,,,,,,,,,,
2026,2021038699,2026-04-11,2114807.0,岡本 駿,53.0,投,6,1.0,0.0,0.0,0.0,0.0,0.0,0.0,0.0,0.0,0.0,0.0,,0.0,0.0,0.0,0.0,0.0,0.0,2.0,1.0,0.0,0.0,0.0,0.0,2.0,2.0,,,0.0,1.0,0.0,0.0,0.0,,0.0,2.0,0.0,,6.0,32.0
2026,2021038699,2026-04-11,2114882.0,ファビアン,61.0,左,6,1.0,1.0,4.0,4.0,0.0,0.0,0.0,0.0,0.0,0.0,0.0,,0.0,0.0,0.0,0.0,0.0,0.0,,,,,,,,,,,,,,,,,,,,,,
2026,2021038699,2026-04-11,2117433.0,レイノルズ,62.0,投,3,1.0,0.0,0.0,0.0,0.0,0.0,0.0,0.0,0.0,0.0,0.0,,0.0,0.0,0.0,0.0,0.0,0.0,2.0,1.0,0.0,0.0,0.0,0.0,1.0,1.0,,,0.0,0.0,0.0,0.0,0.0,,0.0,3.0,0.0,,3.0,16.0
2026,2021038700,2026-04-11,900410.0,大島 洋平,8.0,打,4,1.0,0.0,1.0,1.0,0.0,0.0,0.0,0.0,0.0,0.0,0.0,,0.0,0.0,0.0,0.0,0.0,0.0,,,,,,,,,,,,,,,,,,,,,,
2026,2021038700,2026-04-11,1000138.0,大野 雄大,22.0,投,4,1.0,1.0,1.0,1.0,0.0,0.0,0.0,0.0,0.0,0.0,0.0,,0.0,1.0,0.0,0.0,0.0,0.0,1.0,1.0,,1.0,1.0,2.77,4.0,4.0,,,0.0,5.0,4.0,4.0,2.0,,2.0,1.0,1.0,,19.0,69.0
2026,2021038700,2026-04-11,1200100.0,伏見 寅威,17.0,捕,5,1.0,1.0,4.0,3.0,0.0,1.0,0.0,0.0,0.0,1.0,0.0,,0.0,2.0,0.0,0.0,1.0,0.0,,,,,,,,,,,,,,,,,,,,,,
2026,2021038700,2026-04-11,1500076.0,木下 拓哉,35.0,捕,4,1.0,1.0,3.0,3.0,0.0,0.0,0.0,0.0,0.0,0.0,0.0,,0.0,1.0,0.0,0.0,0.0,0.0,,,,,,,,,,,,,,,,,,,,,,
2026,2021038700,2026-04-11,1500078.0,阿部 寿樹,48.0,打,4,1.0,0.0,1.0,1.0,0.0,0.0,0.0,0.0,0.0,0.0,0.0,,0.0,1.0,0.0,0.0,0.0,0.0,,,,,,,,,,,,,,,,,,,,,,
2026,2021038700,2026-04-11,1560639.0,カリステ,4.0,打,4,1.0,0.0,1.0,0.0,0.0,0.0,0.0,0.0,0.0,0.0,0.0,,1.0,0.0,0.0,0.0,0.0,0.0,,,,,,,,,,,,,,,,,,,,,,
2026,2021038700,2026-04-11,1561854.0,サノー,23.0,一,4,1.0,1.0,4.0,4.0,1.0,2.0,0.0,0.0,1.0,2.0,0.0,,0.0,0.0,0.0,0.0,0.0,0.0,,,,,,,,,,,,,,,,,,,,,,
2026,2021038700,2026-04-11,1600033.0,ドリス,98.0,投,5,1.0,0.0,0.0,0.0,0.0,0.0,0.0,0.0,0.0,0.0,0.0,,0.0,0.0,0.0,0.0,0.0,0.0,2.0,1.0,0.0,0.0,0.0,1.5,1.0,1.0,,,1.0,0.0,0.0,0.0,0.0,,0.0,2.0,0.0,,3.0,11.0
2026,2021038700,2026-04-11,1600085.0,細川 成也,55.0,左,4,1.0,1.0,4.0,2.0,1.0,0.0,0.0,0.0,0.0,0.0,0.0,,2.0,2.0,0.0,0.0,0.0,0.0,,,,,,,,,,,,,,,,,,,,,,
2026,2021038700,2026-04-11,1600113.0,大山 悠輔,3.0,一,5,1.0,1.0,5.0,5.0,1.0,2.0,0.0,0.0,1.0,1.0,0.0,,0.0,1.0,0.0,0.0,0.0,0.0,,,,,,,,,,,,,,,,,,,,,,
2026,2021038700,2026-04-11,1700079.0,熊谷 敬宥,4.0,走左,5,1.0,0.0,0.0,0.0,0.0,0.0,0.0,0.0,0.0,0.0,0.0,,0.0,0.0,0.0,0.0,0.0,0.0,,,,,,,,,,,,,,,,,,,,,,
2026,2021038700,2026-04-11,1750223.0,村松 開人,5.0,遊,4,1.0,1.0,4.0,4.0,0.0,1.0,0.0,0.0,0.0,0.0,0.0,,0.0,2.0,0.0,0.0,0.0,0.0,,,,,,,,,,,,,,,,,,,,,,
2026,2021038700,2026-04-11,1800048.0,知野 直人,65.0,打,4,1.0,0.0,1.0,1.0,0.0,0.0,0.0,0.0,0.0,0.0,0.0,,0.0,0.0,0.0,0.0,0.0,0.0,,,,,,,,,,,,,,,,,,,,,,
2026,2021038700,2026-04-11,1800065.0,近本 光司,5.0,中,5,1.0,1.0,5.0,5.0,0.0,0.0,0.0,0.0,0.0,0.0,0.0,,0.0,1.0,0.0,0.0,0.0,0.0,,,,,,,,,,,,,,,,,,,,,,
2026,2021038700,2026-04-11,1800066.0,小幡 竜平,38.0,遊,5,1.0,0.0,0.0,0.0,0.0,0.0,0.0,0.0,0.0,0.0,0.0,,0.0,0.0,0.0,0.0,0.0,0.0,,,,,,,,,,,,,,,,,,,,,,
2026,2021038700,2026-04-11,1800067.0,木浪 聖也,0.0,遊,5,1.0,1.0,5.0,4.0,1.0,1.0,0.0,0.0,0.0,0.0,0.0,,0.0,0.0,1.0,0.0,0.0,0.0,,,,,,,,,,,,,,,,,,,,,,
2026,2021038700,2026-04-11,1850183.0,森下 翔太,1.0,右,5,1.0,1.0,5.0,5.0,2.0,2.0,0.0,0.0,1.0,1.0,0.0,,0.0,1.0,0.0,0.0,0.0,0.0,,,,,,,,,,,,,,,,,,,,,,
2026,2021038700,2026-04-11,1850363.0,伊原 陵人,18.0,投,5,1.0,1.0,3.0,3.0,0.0,1.0,0.0,0.0,0.0,1.0,0.0,,0.0,1.0,0.0,0.0,0.0,0.0,1.0,1.0,,2.0,0.0,1.64,6.0,6.0,,,0.0,6.0,1.0,1.0,1.0,,1.0,6.0,0.0,,25.0,95.0
2026,2021038700,2026-04-11,1961300.0,ボスラー,24.0,右,4,1.0,1.0,4.0,4.0,0.0,2.0,1.0,0.0,0.0,0.0,0.0,,0.0,0.0,0.0,0.0,0.0,0.0,,,,,,,,,,,,,,,,,,,,,,
2026,2021038700,2026-04-11,2000048.0,近藤 廉,70.0,投,4,1.0,0.0,0.0,0.0,0.0,0.0,0.0,0.0,0.0,0.0,0.0,,0.0,0.0,0.0,0.0,0.0,0.0,3.0,1.0,0.0,0.0,0.0,8.1,1.0,1.0,,,0.0,0.0,0.0,0.0,0.0,,1.0,2.0,0.0,,4.0,17.0
2026,2021038700,2026-04-11,2000051.0,佐藤 輝明,8.0,三,5,1.0,1.0,5.0,3.0,3.0,2.0,0.0,0.0,2.0,5.0,0.0,,2.0,1.0,0.0,0.0,0.0,0.0,,,,,,,,,,,,,,,,,,,,,,
2026,2021038700,2026-04-11,2000056.0,中野 拓夢,7.0,二,5,1.0,1.0,5.0,5.0,2.0,2.0,1.0,0.0,0.0,0.0,0.0,,0.0,0.0,0.0,0.0,0.0,0.0,,,,,,,,,,,,,,,,,,,,,,
2026,2021038700,2026-04-11,2100253.0,中川 勇斗,68.0,左,5,1.0,1.0,4.0,2.0,0.0,0.0,0.0,0.0,0.0,0.0,0.0,,2.0,0.0,0.0,0.0,0.0,0.0,,,,,,,,,,,,,,,,,,,,,,
2026,2021038700,2026-04-11,2100275.0,花田 旭,57.0,中,4,1.0,1.0,4.0,4.0,1.0,1.0,0.0,0.0,1.0,1.0,0.0,,0.0,1.0,0.0,0.0,0.0,0.0,,,,,,,,,,,,,,,,,,,,,,
2026,2021038700,2026-04-11,2103633.0,味谷 大誠,43.0,捕,4,1.0,0.0,1.0,1.0,0.0,0.0,0.0,0.0,0.0,0.0,0.0,,0.0,0.0,0.0,0.0,0.0,0.0,,,,,,,,,,,,,,,,,,,,,,
2026,2021038700,2026-04-11,2103707.0,桐敷 拓馬,47.0,投,5,1.0,0.0,0.0,0.0,0.0,0.0,0.0,0.0,0.0,0.0,0.0,,0.0,0.0,0.0,0.0,0.0,0.0,4.0,1.0,0.0,0.0,1.0,3.38,1.0,1.0,,,1.0,1.0,0.0,0.0,0.0,,1.0,1.0,0.0,,4.0,16.0
2026,2021038700,2026-04-11,2103780.0,福永 裕基,7.0,三,4,1.0,1.0,5.0,5.0,0.0,2.0,1.0,0.0,0.0,0.0,0.0,,0.0,1.0,0.0,0.0,0.0,0.0,,,,,,,,,,,,,,,,,,,,,,
2026,2021038700,2026-04-11,2105174.0,辻本 倫太郎,0.0,二,4,1.0,1.0,3.0,3.0,0.0,0.0,0.0,0.0,0.0,0.0,0.0,,0.0,2.0,0.0,0.0,0.0,0.0,,,,,,,,,,,,,,,,,,,,,,
2026,2021038700,2026-04-11,2107086.0,牧野 憲伸,68.0,投,4,1.0,0.0,0.0,0.0,0.0,0.0,0.0,0.0,0.0,0.0,0.0,,0.0,0.0,0.0,0.0,0.0,0.0,4.0,1.0,0.0,0.0,1.0,5.4,1.0,1.0,,,0.0,2.0,2.0,2.0,1.0,,0.0,0.0,0.0,,5.0,17.0
2026,2021038700,2026-04-11,2107860.0,仲地 礼亜,26.0,投,4,1.0,0.0,0.0,0.0,0.0,0.0,0.0,0.0,0.0,0.0,0.0,,0.0,0.0,0.0,0.0,0.0,0.0,2.0,1.0,0.0,0.0,0.0,9.0,3.0,3.0,,,0.0,4.0,3.0,3.0,1.0,,1.0,4.0,0.0,,14.0,61.0
2026,2021038700,2026-04-11,2112127.0,早川 太貴,51.0,投,5,1.0,0.0,0.0,0.0,0.0,0.0,0.0,0.0,0.0,0.0,0.0,,0.0,0.0,0.0,0.0,0.0,0.0,3.0,1.0,0.0,0.0,1.0,6.35,1.0,1.0,,,0.0,1.0,2.0,2.0,1.0,,1.0,2.0,0.0,,5.0,19.0
2026,2021038700,2026-04-11,2118997.0,岡城 快生,34.0,打,5,1.0,0.0,1.0,1.0,0.0,0.0,0.0,0.0,0.0,0.0,0.0,,0.0,0.0,0.0,0.0,0.0,0.0,,,,,,,,,,,,,,,,,,,,,,
2026,2021038701,2026-04-11,1000035.0,今宮 健太,6.0,遊,12,1.0,1.0,3.0,2.0,0.0,0.0,0.0,0.0,0.0,0.0,0.0,,0.0,1.0,1.0,0.0,0.0,0.0,,,,,,,,,,,,,,,,,,,,,,
2026,2021038701,2026-04-11,1000100.0,西川 遥輝,7.0,左,8,1.0,1.0,4.0,3.0,0.0,0.0,0.0,0.0,0.0,0.0,0.0,,1.0,1.0,0.0,0.0,0.0,0.0,,,,,,,,,,,,,,,,,,,,,,
2026,2021038701,2026-04-11,1000128.0,柳田 悠岐,9.0,指,12,1.0,1.0,5.0,5.0,1.0,1.0,0.0,0.0,1.0,1.0,0.0,,0.0,1.0,0.0,0.0,0.0,0.0,,,,,,,,,,,,,,,,,,,,,,
2026,2021038701,2026-04-11,1000164.0,島本 浩也,40.0,,8,,,,,,,,,,,,,,,,,,,2.0,1.0,0.0,0.0,0.0,3.86,0.3333333333333333,0.1,,,0.0,0.0,0.0,0.0,0.0,,0.0,0.0,0.0,,1.0,2.0
2026,2021038701,2026-04-11,1000175.0,牧原 大成,8.0,二,12,1.0,1.0,4.0,4.0,1.0,2.0,0.0,0.0,0.0,1.0,0.0,,0.0,0.0,0.0,0.0,0.0,0.0,,,,,,,,,,,,,,,,,,,,,,
2026,2021038701,2026-04-11,1100097.0,近藤 健介,3.0,左,12,1.0,1.0,5.0,4.0,1.0,1.0,0.0,0.0,1.0,3.0,0.0,,0.0,1.0,1.0,0.0,0.0,0.0,,,,,,,,,,,,,,,,,,,,,,
2026,2021038701,2026-04-11,1100099.0,上沢 直之,10.0,,12,,,,,,,,,,,,,,,,,,,1.0,1.0,,1.0,0.0,1.8,7.0,7.0,,,0.0,7.0,2.0,2.0,1.0,,2.0,6.0,0.0,,30.0,116.0
2026,2021038701,2026-04-11,1200055.0,福谷 浩司,41.0,,8,,,,,,,,,,,,,,,,,,,4.0,1.0,0.0,0.0,0.0,2.25,1.0,1.0,,,0.0,2.0,0.0,0.0,0.0,,0.0,1.0,0.0,,5.0,17.0
2026,2021038701,2026-04-11,1300101.0,山川 穂高,5.0,一,12,1.0,1.0,5.0,1.0,1.0,0.0,0.0,0.0,0.0,0.0,0.0,,4.0,0.0,0.0,0.0,0.0,0.0,,,,,,,,,,,,,,,,,,,,,,
2026,2021038701,2026-04-11,1400126.0,松本 裕樹,66.0,,12,,,,,,,,,,,,,,,,,,,2.0,1.0,0.0,1.0,1.0,4.05,1.0,1.0,,,1.0,0.0,0.0,0.0,0.0,,0.0,0.0,0.0,,3.0,10.0
2026,2021038701,2026-04-11,1400127.0,栗原 陵矢,24.0,三,12,1.0,1.0,5.0,5.0,0.0,1.0,1.0,0.0,0.0,0.0,0.0,,0.0,1.0,0.0,0.0,0.0,0.0,,,,,,,,,,,,,,,,,,,,,,
2026,2021038701,2026-04-11,1400195.0,山崎 福也,18.0,,8,,,,,,,,,,,,,,,,,,,3.0,1.0,0.0,0.0,0.0,0.0,1.0,1.0,,,0.0,0.0,0.0,0.0,0.0,,1.0,1.0,0.0,,3.0,17.0
2026,2021038701,2026-04-11,1500143.0,川瀬 晃,0.0,走遊,12,1.0,0.0,1.0,1.0,1.0,0.0,0.0,0.0,0.0,0.0,0.0,,0.0,0.0,0.0,0.0,0.0,0.0,,,,,,,,,,,,,,,,,,,,,,
2026,2021038701,2026-04-11,1600093.0,池田 隆英,52.0,,8,,,,,,,,,,,,,,,,,,,5.0,1.0,0.0,0.0,0.0,0.0,1.0,1.0,,,0.0,0.0,0.0,0.0,0.0,,0.0,1.0,0.0,,3.0,13.0
2026,2021038701,2026-04-11,1700025.0,清宮 幸太郎,21.0,一,8,1.0,1.0,5.0,5.0,0.0,2.0,0.0,0.0,0.0,2.0,0.0,,0.0,1.0,0.0,0.0,0.0,0.0,,,,,,,,,,,,,,,,,,,,,,
2026,2021038701,2026-04-11,1700135.0,周東 佑京,23.0,中,12,1.0,1.0,4.0,4.0,1.0,2.0,0.0,0.0,0.0,0.0,0.0,,0.0,0.0,0.0,0.0,0.0,0.0,,,,,,,,,,,,,,,,,,,,,,
2026,2021038701,2026-04-11,1800093.0,万波 中正,66.0,右,8,1.0,1.0,4.0,4.0,0.0,1.0,0.0,0.0,0.0,0.0,0.0,,0.0,0.0,0.0,0.0,0.0,0.0,,,,,,,,,,,,,,,,,,,,,,
2026,2021038701,2026-04-11,1800095.0,田宮 裕涼,64.0,捕,8,1.0,1.0,4.0,4.0,1.0,1.0,0.0,0.0,0.0,0.0,0.0,,0.0,0.0,0.0,0.0,0.0,0.0,,,,,,,,,,,,,,,,,,,,,,
2026,2021038701,2026-04-11,1800107.0,杉山 一樹,40.0,,12,,,,,,,,,,,,,,,,,,,3.0,1.0,0.0,0.0,1.0,9.0,1.0,1.0,,,4.0,2.0,1.0,1.0,0.0,,1.0,0.0,0.0,,6.0,27.0
2026,2021038701,2026-04-11,1800110.0,水谷 瞬,53.0,打,8,1.0,0.0,1.0,1.0,0.0,1.0,0.0,0.0,0.0,0.0,0.0,,0.0,0.0,0.0,0.0,0.0,0.0,,,,,,,,,,,,,,,,,,,,,,
2026,2021038701,2026-04-11,1850932.0,奈良間 大己,58.0,二,8,1.0,1.0,4.0,4.0,0.0,1.0,0.0,0.0,0.0,0.0,0.0,,0.0,1.0,0.0,0.0,0.0,0.0,,,,,,,,,,,,,,,,,,,,,,
2026,2021038701,2026-04-11,1851204.0,水野 達稀,43.0,遊,8,1.0,1.0,4.0,3.0,1.0,2.0,0.0,0.0,0.0,0.0,1.0,,1.0,0.0,0.0,0.0,0.0,0.0,,,,,,,,,,,,,,,,,,,,,,
2026,2021038701,2026-04-11,1860140.0,レイエス,99.0,指,8,1.0,1.0,5.0,4.0,0.0,0.0,0.0,0.0,0.0,0.0,0.0,,1.0,1.0,0.0,0.0,0.0,0.0,,,,,,,,,,,,,,,,,,,,,,
2026,2021038701,2026-04-11,1900040.0,郡司 裕也,3.0,三,8,1.0,1.0,4.0,4.0,0.0,0.0,0.0,0.0,0.0,0.0,0.0,,0.0,1.0,0.0,0.0,0.0,0.0,,,,,,,,,,,,,,,,,,,,,,
2026,2021038701,2026-04-11,1900101.0,海野 隆司,62.0,捕,12,1.0,1.0,4.0,4.0,0.0,1.0,0.0,0.0,0.0,0.0,0.0,,0.0,3.0,0.0,0.0,0.0,0.0,,,,,,,,,,,,,,,,,,,,,,
2026,2021038701,2026-04-11,1900104.0,柳町 達,32.0,右,12,1.0,1.0,5.0,4.0,0.0,1.0,0.0,0.0,0.0,1.0,0.0,,0.0,1.0,0.0,0.0,1.0,0.0,,,,,,,,,,,,,,,,,,,,,,
2026,2021038701,2026-04-11,2000079.0,伊藤 大海,17.0,,8,,,,,,,,,,,,,,,,,,,1.0,1.0,,1.0,1.0,5.71,5.666666666666667,5.2,,,0.0,7.0,6.0,6.0,2.0,,3.0,5.0,2.0,,29.0,111.0
2026,2021038701,2026-04-11,2106284.0,矢澤 宏太,12.0,中,8,1.0,1.0,4.0,4.0,1.0,1.0,0.0,0.0,1.0,1.0,0.0,,0.0,1.0,0.0,0.0,0.0,0.0,,,,,,,,,,,,,,,,,,,,,,
2026,2021038701,2026-04-11,2107851.0,イヒネ イツア,36.0,左,12,1.0,0.0,0.0,0.0,0.0,0.0,0.0,0.0,0.0,0.0,0.0,,0.0,0.0,0.0,0.0,0.0,0.0,,,,,,,,,,,,,,,,,,,,,,
2026,2021038702,2026-04-11,1000011.0,山田 修義,57.0,,11,,,,,,,,,,,,,,,,,,,2.0,1.0,0.0,0.0,0.0,0.0,0.3333333333333333,0.1,,,0.0,0.0,0.0,0.0,0.0,,0.0,0.0,0.0,,1.0,4.0
2026,2021038702,2026-04-11,1100103.0,鈴木 大地,7.0,一,376,1.0,1.0,5.0,3.0,1.0,1.0,0.0,0.0,0.0,1.0,0.0,,2.0,0.0,0.0,0.0,0.0,0.0,,,,,,,,,,,,,,,,,,,,,,
2026,2021038702,2026-04-11,1300058.0,九里 亜蓮,22.0,,11,,,,,,,,,,,,,,,,,,,1.0,1.0,,1.0,1.0,3.86,3.6666666666666665,3.2,,,0.0,9.0,5.0,5.0,0.0,,1.0,1.0,0.0,,20.0,69.0
2026,2021038702,2026-04-11,1300109.0,若月 健矢,2.0,捕,11,1.0,1.0,2.0,2.0,0.0,0.0,0.0,0.0,0.0,0.0,0.0,,0.0,1.0,0.0,0.0,0.0,0.0,,,,,,,,,,,,,,,,,,,,,,
2026,2021038702,2026-04-11,1400196.0,宗 佑磨,6.0,三,11,1.0,1.0,4.0,4.0,1.0,1.0,0.0,0.0,1.0,1.0,0.0,,0.0,1.0,0.0,0.0,0.0,0.0,,,,,,,,,,,,,,,,,,,,,,
2026,2021038702,2026-04-11,1500041.0,廣岡 大志,30.0,一,11,1.0,1.0,3.0,3.0,0.0,0.0,0.0,0.0,0.0,0.0,0.0,,0.0,0.0,0.0,0.0,0.0,0.0,,,,,,,,,,,,,,,,,,,,,,
2026,2021038702,2026-04-11,1500096.0,西川 龍馬,7.0,左,11,1.0,1.0,4.0,3.0,0.0,0.0,0.0,0.0,0.0,0.0,0.0,,1.0,0.0,0.0,0.0,0.0,0.0,,,,,,,,,,,,,,,,,,,,,,
2026,2021038702,2026-04-11,1600007.0,村林 一輝,6.0,遊,376,1.0,1.0,5.0,5.0,0.0,1.0,0.0,0.0,0.0,1.0,0.0,,0.0,0.0,0.0,0.0,0.0,0.0,,,,,,,,,,,,,,,,,,,,,,
2026,2021038702,2026-04-11,1650056.0,福永 奨,32.0,捕,11,1.0,0.0,0.0,0.0,0.0,0.0,0.0,0.0,0.0,0.0,0.0,,0.0,0.0,0.0,0.0,0.0,0.0,,,,,,,,,,,,,,,,,,,,,,
2026,2021038702,2026-04-11,1650722.0,杉澤 龍,33.0,中二,11,1.0,1.0,3.0,2.0,1.0,0.0,0.0,0.0,0.0,0.0,0.0,,1.0,0.0,0.0,0.0,0.0,0.0,,,,,,,,,,,,,,,,,,,,,,
2026,2021038702,2026-04-11,1751068.0,野口 智哉,9.0,打,11,1.0,0.0,1.0,1.0,0.0,0.0,0.0,0.0,0.0,0.0,0.0,,0.0,0.0,0.0,0.0,0.0,0.0,,,,,,,,,,,,,,,,,,,,,,
2026,2021038702,2026-04-11,1800098.0,太田 椋,1.0,二一,11,1.0,1.0,4.0,4.0,0.0,0.0,0.0,0.0,0.0,0.0,0.0,,0.0,1.0,0.0,0.0,0.0,0.0,,,,,,,,,,,,,,,,,,,,,,
2026,2021038702,2026-04-11,1800104.0,中川 圭太,67.0,右,11,1.0,1.0,4.0,4.0,0.0,2.0,1.0,0.0,0.0,0.0,0.0,,0.0,1.0,0.0,0.0,0.0,0.0,,,,,,,,,,,,,,,,,,,,,,
2026,2021038702,2026-04-11,1800117.0,辰己 涼介,8.0,中,376,1.0,1.0,5.0,4.0,1.0,2.0,0.0,0.0,0.0,1.0,0.0,,1.0,0.0,0.0,0.0,0.0,0.0,,,,,,,,,,,,,,,,,,,,,,
2026,2021038702,2026-04-11,1800118.0,太田 光,2.0,捕,376,1.0,1.0,4.0,4.0,3.0,3.0,1.0,0.0,1.0,2.0,0.0,,0.0,0.0,0.0,0.0,0.0,0.0,,,,,,,,,,,,,,,,,,,,,,
2026,2021038702,2026-04-11,1800123.0,小郷 裕哉,51.0,右,376,1.0,1.0,5.0,5.0,1.0,1.0,0.0,0.0,0.0,0.0,1.0,,0.0,1.0,0.0,0.0,0.0,0.0,,,,,,,,,,,,,,,,,,,,,,
2026,2021038702,2026-04-11,1900088.0,紅林 弘太郎,24.0,遊,11,1.0,1.0,4.0,3.0,0.0,0.0,0.0,0.0,0.0,0.0,0.0,,1.0,1.0,0.0,0.0,0.0,0.0,,,,,,,,,,,,,,,,,,,,,,
2026,2021038702,2026-04-11,1900092.0,佐藤 一磨,93.0,,11,,,,,,,,,,,,,,,,,,,4.0,1.0,0.0,0.0,0.0,3.6,2.6666666666666665,2.2,,,0.0,2.0,2.0,1.0,0.0,,4.0,0.0,0.0,,14.0,60.0
2026,2021038702,2026-04-11,1900112.0,小深田 大翔,0.0,二,376,1.0,1.0,5.0,3.0,1.0,1.0,0.0,1.0,0.0,1.0,0.0,,1.0,1.0,0.0,1.0,0.0,0.0,,,,,,,,,,,,,,,,,,,,,,
2026,2021038702,2026-04-11,1900113.0,黒川 史陽,24.0,三,376,1.0,1.0,5.0,3.0,2.0,1.0,0.0,0.0,0.0,1.0,0.0,,2.0,0.0,0.0,0.0,0.0,0.0,,,,,,,,,,,,,,,,,,,,,,
2026,2021038702,2026-04-11,1900114.0,津留崎 大成,52.0,,376,,,,,,,,,,,,,,,,,,,3.0,1.0,0.0,0.0,0.0,4.5,1.0,1.0,,,0.0,0.0,0.0,0.0,0.0,,0.0,1.0,0.0,,3.0,8.0
2026,2021038702,2026-04-11,1950278.0,中島 大輔,32.0,左,376,1.0,1.0,4.0,3.0,0.0,1.0,1.0,0.0,0.0,0.0,0.0,,0.0,0.0,0.0,1.0,0.0,0.0,,,,,,,,,,,,,,,,,,,,,,
2026,2021038702,2026-04-11,2000121.0,早川 隆久,21.0,,376,,,,,,,,,,,,,,,,,,,1.0,1.0,,1.0,0.0,1.29,7.0,7.0,,,0.0,3.0,1.0,1.0,0.0,,2.0,5.0,0.0,,25.0,87.0
2026,2021038702,2026-04-11,2000126.0,内 星龍,69.0,,376,,,,,,,,,,,,,,,,,,,2.0,1.0,0.0,0.0,1.0,12.79,1.0,1.0,,,0.0,2.0,3.0,3.0,2.0,,1.0,0.0,0.0,,6.0,24.0
2026,2021038702,2026-04-11,2103740.0,YG安田,55.0,指,376,1.0,1.0,4.0,3.0,2.0,2.0,1.0,0.0,1.0,3.0,0.0,,1.0,0.0,0.0,0.0,0.0,0.0,,,,,,,,,,,,,,,,,,,,,,
2026,2021038702,2026-04-11,2103793.0,横山 楓,52.0,,11,,,,,,,,,,,,,,,,,,,5.0,1.0,0.0,1.0,0.0,0.0,0.3333333333333333,0.1,,,0.0,0.0,0.0,0.0,0.0,,0.0,1.0,0.0,,1.0,6.0
2026,2021038702,2026-04-11,2110153.0,麦谷 祐介,8.0,打中,11,1.0,0.0,1.0,1.0,1.0,1.0,0.0,0.0,1.0,2.0,0.0,,0.0,0.0,0.0,0.0,0.0,0.0,,,,,,,,,,,,,,,,,,,,,,
2026,2021038702,2026-04-11,2111998.0,東松 快征,48.0,,11,,,,,,,,,,,,,,,,,,,3.0,1.0,0.0,0.0,0.0,9.0,1.0,1.0,,,0.0,2.0,4.0,4.0,2.0,,2.0,1.0,0.0,,7.0,24.0
2026,2021038702,2026-04-11,2112158.0,ワォーターズ,60.0,遊,376,1.0,0.0,0.0,0.0,0.0,0.0,0.0,0.0,0.0,0.0,0.0,,0.0,0.0,0.0,0.0,0.0,0.0,,,,,,,,,,,,,,,,,,,,,,
2026,2021038702,2026-04-11,2117200.0,シーモア,45.0,指,11,1.0,1.0,4.0,4.0,1.0,1.0,0.0,0.0,0.0,0.0,0.0,,0.0,1.0,0.0,0.0,0.0,0.0,,,,,,,,,,,,,,,,,,,,,,
2026,2021038702,2026-04-11,2117858.0,陽 柏翔,75.0,走指,376,1.0,0.0,1.0,1.0,0.0,0.0,0.0,0.0,0.0,0.0,0.0,,0.0,1.0,0.0,0.0,0.0,0.0,,,,,,,,,,,,,,,,,,,,,,
2026,2021038703,2026-04-11,1100061.0,桑原 将志,7.0,左,7,1.0,1.0,4.0,4.0,0.0,1.0,0.0,0.0,0.0,1.0,0.0,,0.0,1.0,0.0,0.0,0.0,0.0,,,,,,,,,,,,,,,,,,,,,,
2026,2021038703,2026-04-11,1300044.0,岡 大海,25.0,中,9,1.0,1.0,3.0,3.0,0.0,0.0,0.0,0.0,0.0,0.0,0.0,,0.0,0.0,0.0,0.0,0.0,0.0,,,,,,,,,,,,,,,,,,,,,,
2026,2021038703,2026-04-11,1450608.0,八木 彬,33.0,,9,,,,,,,,,,,,,,,,,,,2.0,1.0,0.0,0.0,0.0,0.0,2.0,2.0,,,0.0,1.0,0.0,0.0,0.0,,0.0,1.0,0.0,,7.0,26.0
2026,2021038703,2026-04-11,1460080.0,ポランコ,22.0,指,9,1.0,1.0,4.0,4.0,0.0,0.0,0.0,0.0,0.0,0.0,0.0,,0.0,1.0,0.0,0.0,0.0,0.0,,,,,,,,,,,,,,,,,,,,,,
2026,2021038703,2026-04-11,1600129.0,源田 壮亮,6.0,遊,7,1.0,1.0,4.0,4.0,1.0,2.0,0.0,0.0,0.0,0.0,0.0,,0.0,1.0,0.0,0.0,0.0,0.0,,,,,,,,,,,,,,,,,,,,,,
2026,2021038703,2026-04-11,1660299.0,林 安可,73.0,指,7,1.0,1.0,4.0,3.0,1.0,0.0,0.0,0.0,0.0,0.0,0.0,,1.0,0.0,0.0,0.0,0.0,0.0,,,,,,,,,,,,,,,,,,,,,,
2026,2021038703,2026-04-11,1700020.0,ソト,99.0,一,9,1.0,1.0,4.0,4.0,0.0,1.0,1.0,0.0,0.0,0.0,0.0,,0.0,0.0,0.0,0.0,0.0,0.0,,,,,,,,,,,,,,,,,,,,,,
2026,2021038703,2026-04-11,1750481.0,仲田 慶介,0.0,二一,7,1.0,1.0,3.0,3.0,0.0,0.0,0.0,0.0,0.0,0.0,0.0,,0.0,0.0,0.0,0.0,0.0,0.0,,,,,,,,,,,,,,,,,,,,,,
2026,2021038703,2026-04-11,1800050.0,藤原 恭大,1.0,右中,9,1.0,1.0,4.0,4.0,0.0,1.0,0.0,0.0,0.0,0.0,0.0,,0.0,1.0,0.0,0.0,0.0,0.0,,,,,,,,,,,,,,,,,,,,,,
2026,2021038703,2026-04-11,1800053.0,山口 航輝,51.0,打,9,1.0,0.0,1.0,1.0,0.0,0.0,0.0,0.0,0.0,0.0,0.0,,0.0,0.0,0.0,0.0,0.0,0.0,,,,,,,,,,,,,,,,,,,,,,
2026,2021038703,2026-04-11,1850947.0,上田 希由翔,10.0,二,9,1.0,1.0,3.0,3.0,0.0,0.0,0.0,0.0,0.0,0.0,0.0,,0.0,0.0,0.0,0.0,0.0,0.0,,,,,,,,,,,,,,,,,,,,,,
2026,2021038703,2026-04-11,1900068.0,岸 潤一郎,68.0,一中,7,1.0,1.0,4.0,3.0,1.0,0.0,0.0,0.0,0.0,0.0,0.0,,1.0,2.0,0.0,0.0,0.0,0.0,,,,,,,,,,,,,,,,,,,,,,
2026,2021038703,2026-04-11,1900081.0,佐藤 都志也,32.0,打捕,9,1.0,0.0,1.0,1.0,0.0,0.0,0.0,0.0,0.0,0.0,0.0,,0.0,0.0,0.0,0.0,0.0,0.0,,,,,,,,,,,,,,,,,,,,,,
2026,2021038703,2026-04-11,1950286.0,西川 史礁,6.0,左,9,1.0,1.0,4.0,4.0,0.0,1.0,0.0,0.0,0.0,0.0,0.0,,0.0,1.0,0.0,0.0,0.0,0.0,,,,,,,,,,,,,,,,,,,,,,
2026,2021038703,2026-04-11,1950417.0,渡部 聖弥,8.0,三,7,1.0,1.0,4.0,4.0,0.0,1.0,0.0,0.0,0.0,1.0,0.0,,0.0,0.0,0.0,0.0,0.0,0.0,,,,,,,,,,,,,,,,,,,,,,
2026,2021038703,2026-04-11,2000094.0,山本 大斗,61.0,打右,9,1.0,0.0,1.0,1.0,1.0,1.0,0.0,0.0,1.0,1.0,0.0,,0.0,0.0,0.0,0.0,0.0,0.0,,,,,,,,,,,,,,,,,,,,,,
2026,2021038703,2026-04-11,2050145.0,小島 大河,10.0,捕,7,1.0,1.0,4.0,4.0,1.0,2.0,0.0,0.0,0.0,0.0,0.0,,0.0,0.0,0.0,0.0,0.0,0.0,,,,,,,,,,,,,,,,,,,,,,
2026,2021038703,2026-04-11,2100048.0,秋山 俊,35.0,中,7,1.0,1.0,3.0,3.0,0.0,1.0,0.0,0.0,0.0,0.0,0.0,,0.0,0.0,0.0,0.0,0.0,0.0,,,,,,,,,,,,,,,,,,,,,,
2026,2021038703,2026-04-11,2100346.0,松川 虎生,2.0,捕,9,1.0,1.0,2.0,2.0,0.0,0.0,0.0,0.0,0.0,0.0,0.0,,0.0,0.0,0.0,0.0,0.0,0.0,,,,,,,,,,,,,,,,,,,,,,
2026,2021038703,2026-04-11,2102758.0,田中 晴也,35.0,,9,,,,,,,,,,,,,,,,,,,1.0,1.0,,1.0,1.0,2.5,6.0,6.0,,,0.0,8.0,5.0,5.0,0.0,,3.0,3.0,0.0,,28.0,95.0
2026,2021038703,2026-04-11,2102926.0,寺地 隆成,65.0,三,9,1.0,1.0,3.0,2.0,0.0,1.0,0.0,0.0,0.0,0.0,0.0,,1.0,0.0,0.0,0.0,0.0,0.0,,,,,,,,,,,,,,,,,,,,,,
2026,2021038703,2026-04-11,2103618.0,滝澤 夏央,62.0,走二,7,1.0,0.0,1.0,1.0,0.0,0.0,0.0,0.0,0.0,0.0,0.0,,0.0,0.0,0.0,0.0,0.0,0.0,,,,,,,,,,,,,,,,,,,,,,
2026,2021038703,2026-04-11,2105080.0,武内 夏暉,21.0,,7,,,,,,,,,,,,,,,,,,,1.0,1.0,,1.0,1.0,2.37,7.0,7.0,,,0.0,4.0,1.0,1.0,0.0,,2.0,2.0,0.0,,25.0,93.0
2026,2021038703,2026-04-11,2105503.0,糸川 亮太,23.0,,7,,,,,,,,,,,,,,,,,,,2.0,1.0,0.0,0.0,0.0,5.79,1.0,1.0,,,0.0,1.0,1.0,1.0,1.0,,0.0,1.0,0.0,,4.0,15.0
2026,2021038703,2026-04-11,2106798.0,友杉 篤輝,4.0,遊,9,1.0,1.0,2.0,1.0,1.0,0.0,0.0,0.0,0.0,0.0,0.0,,1.0,0.0,0.0,0.0,0.0,0.0,,,,,,,,,,,,,,,,,,,,,,
2026,2021038703,2026-04-11,2117028.0,カナリオ,25.0,右,7,1.0,1.0,4.0,3.0,1.0,2.0,2.0,0.0,0.0,3.0,0.0,,1.0,0.0,0.0,0.0,0.0,0.0,,,,,,,,,,,,,,,,,,,,,,
2026,2021038703,2026-04-11,2117855.0,宮崎 竜成,44.0,遊,9,1.0,0.0,0.0,0.0,0.0,0.0,0.0,0.0,0.0,0.0,0.0,,0.0,0.0,0.0,0.0,0.0,0.0,,,,,,,,,,,,,,,,,,,,,,
2026,2021038703,2026-04-11,2121154.0,岩城 颯空,20.0,,7,,,,,,,,,,,,,,,,,,,3.0,1.0,0.0,0.0,0.0,3.6,1.0,1.0,,,4.0,0.0,0.0,0.0,0.0,,0.0,0.0,0.0,,3.0,9.0
2026,2021038704,2026-04-12,700003.0,坂本 勇人,6.0,三,1,1.0,1.0,3.0,2.0,0.0,0.0,0.0,0.0,0.0,0.0,0.0,,1.0,0.0,0.0,0.0,0.0,0.0,,,,,,,,,,,,,,,,,,,,,,
2026,2021038704,2026-04-12,900044.0,中村 悠平,27.0,打,2,1.0,0.0,1.0,1.0,0.0,0.0,0.0,0.0,0.0,0.0,0.0,,0.0,0.0,0.0,0.0,0.0,0.0,,,,,,,,,,,,,,,,,,,,,,
2026,2021038704,2026-04-12,1100095.0,松本 剛,9.0,打,1,1.0,0.0,1.0,0.0,0.0,0.0,0.0,0.0,0.0,0.0,0.0,,1.0,0.0,0.0,0.0,0.0,0.0,,,,,,,,,,,,,,,,,,,,,,
2026,2021038704,2026-04-12,1300045.0,高梨 裕稔,40.0,投,2,1.0,1.0,3.0,3.0,0.0,0.0,0.0,0.0,0.0,0.0,0.0,,0.0,3.0,0.0,0.0,0.0,0.0,1.0,1.0,,1.0,0.0,1.47,7.0,7.0,,,0.0,1.0,0.0,0.0,0.0,,0.0,5.0,0.0,,22.0,85.0
2026,2021038704,2026-04-12,1500052.0,中川 皓太,41.0,投,1,1.0,0.0,0.0,0.0,0.0,0.0,0.0,0.0,0.0,0.0,0.0,,0.0,0.0,0.0,0.0,0.0,0.0,4.0,1.0,0.0,0.0,0.0,2.08,1.0,1.0,,,0.0,1.0,0.0,0.0,0.0,,0.0,0.0,0.0,,4.0,22.0
2026,2021038704,2026-04-12,1561820.0,ダルベック,29.0,一,1,1.0,1.0,4.0,4.0,0.0,0.0,0.0,0.0,0.0,0.0,0.0,,0.0,3.0,0.0,0.0,0.0,0.0,,,,,,,,,,,,,,,,,,,,,,
2026,2021038704,2026-04-12,1600078.0,古賀 優大,2.0,捕,2,1.0,1.0,5.0,4.0,0.0,2.0,1.0,0.0,0.0,0.0,0.0,,0.0,0.0,0.0,1.0,0.0,0.0,,,,,,,,,,,,,,,,,,,,,,
2026,2021038704,2026-04-12,1700029.0,北浦 竜次,56.0,投,1,1.0,0.0,0.0,0.0,0.0,0.0,0.0,0.0,0.0,0.0,0.0,,0.0,0.0,0.0,0.0,0.0,0.0,3.0,1.0,0.0,0.0,0.0,6.75,1.0,1.0,,,0.0,1.0,0.0,0.0,0.0,,0.0,0.0,0.0,,3.0,15.0
2026,2021038704,2026-04-12,1700044.0,大城 卓三,24.0,打捕,1,1.0,0.0,1.0,1.0,0.0,0.0,0.0,0.0,0.0,0.0,0.0,,0.0,1.0,0.0,0.0,0.0,0.0,,,,,,,,,,,,,,,,,,,,,,
2026,2021038704,2026-04-12,1700131.0,増田 珠,63.0,右,2,1.0,1.0,4.0,4.0,0.0,0.0,0.0,0.0,0.0,0.0,0.0,,0.0,1.0,0.0,0.0,0.0,0.0,,,,,,,,,,,,,,,,,,,,,,
2026,2021038704,2026-04-12,1750321.0,泉口 友汰,35.0,遊,1,1.0,1.0,4.0,4.0,0.0,0.0,0.0,0.0,0.0,0.0,0.0,,0.0,0.0,0.0,0.0,0.0,0.0,,,,,,,,,,,,,,,,,,,,,,
2026,2021038704,2026-04-12,1750894.0,増居 翔太,43.0,投,2,1.0,0.0,0.0,0.0,0.0,0.0,0.0,0.0,0.0,0.0,0.0,,0.0,0.0,0.0,0.0,0.0,0.0,2.0,1.0,0.0,0.0,0.0,0.0,1.0,1.0,,,0.0,1.0,0.0,0.0,0.0,,1.0,3.0,0.0,,5.0,23.0
2026,2021038704,2026-04-12,1800024.0,増田 陸,61.0,打,1,1.0,0.0,1.0,1.0,0.0,1.0,0.0,0.0,0.0,0.0,0.0,,0.0,0.0,0.0,0.0,0.0,0.0,,,,,,,,,,,,,,,,,,,,,,
2026,2021038704,2026-04-12,1900019.0,井上 温大,97.0,投,1,1.0,1.0,1.0,1.0,0.0,0.0,0.0,0.0,0.0,0.0,0.0,,0.0,0.0,0.0,0.0,0.0,0.0,1.0,1.0,,1.0,1.0,2.08,6.0,6.0,,,0.0,8.0,2.0,2.0,0.0,,1.0,7.0,0.0,,27.0,110.0
2026,2021038704,2026-04-12,1900020.0,山瀬 慎之助,67.0,捕,1,1.0,1.0,2.0,2.0,0.0,0.0,0.0,0.0,0.0,0.0,0.0,,0.0,1.0,0.0,0.0,0.0,0.0,,,,,,,,,,,,,,,,,,,,,,
2026,2021038704,2026-04-12,1900028.0,長岡 秀樹,7.0,遊,2,1.0,1.0,5.0,5.0,1.0,2.0,0.0,0.0,0.0,0.0,0.0,,0.0,2.0,0.0,0.0,0.0,0.0,,,,,,,,,,,,,,,,,,,,,,
2026,2021038704,2026-04-12,1900029.0,武岡 龍世,60.0,走三,2,1.0,0.0,1.0,1.0,0.0,0.0,0.0,0.0,0.0,0.0,0.0,,0.0,0.0,0.0,0.0,0.0,0.0,,,,,,,,,,,,,,,,,,,,,,
2026,2021038704,2026-04-12,1961046.0,キハダ,11.0,投,2,1.0,0.0,0.0,0.0,0.0,0.0,0.0,0.0,0.0,0.0,0.0,,0.0,0.0,0.0,0.0,0.0,0.0,3.0,1.0,0.0,0.0,0.0,0.0,1.0,1.0,,,6.0,0.0,0.0,0.0,0.0,,1.0,2.0,0.0,,4.0,18.0
2026,2021038704,2026-04-12,2000007.0,中山 礼都,40.0,右,1,1.0,1.0,4.0,4.0,0.0,1.0,0.0,0.0,0.0,0.0,0.0,,0.0,1.0,0.0,0.0,0.0,0.0,,,,,,,,,,,,,,,,,,,,,,
2026,2021038704,2026-04-12,2000031.0,赤羽 由紘,0.0,三左,2,1.0,1.0,4.0,4.0,0.0,3.0,1.0,0.0,0.0,0.0,0.0,,0.0,0.0,0.0,0.0,0.0,0.0,,,,,,,,,,,,,,,,,,,,,,
2026,2021038704,2026-04-12,2000133.0,オスナ,13.0,一,2,1.0,1.0,4.0,4.0,0.0,1.0,0.0,0.0,0.0,1.0,0.0,,0.0,0.0,0.0,0.0,0.0,0.0,,,,,,,,,,,,,,,,,,,,,,
2026,2021038704,2026-04-12,2000135.0,サンタナ,25.0,左,2,1.0,1.0,4.0,2.0,1.0,2.0,0.0,0.0,0.0,0.0,0.0,,2.0,0.0,0.0,0.0,0.0,0.0,,,,,,,,,,,,,,,,,,,,,,
2026,2021038704,2026-04-12,2103917.0,岩田 幸宏,64.0,中,2,1.0,1.0,4.0,4.0,0.0,1.0,0.0,0.0,0.0,1.0,0.0,,0.0,0.0,0.0,0.0,0.0,0.0,,,,,,,,,,,,,,,,,,,,,,
2026,2021038704,2026-04-12,2106178.0,佐々木 俊輔,44.0,打中,1,1.0,0.0,2.0,2.0,0.0,0.0,0.0,0.0,0.0,0.0,0.0,,0.0,1.0,0.0,0.0,0.0,0.0,,,,,,,,,,,,,,,,,,,,,,
2026,2021038704,2026-04-12,2107764.0,宇都宮 葵星,68.0,走二,1,1.0,0.0,0.0,0.0,0.0,0.0,0.0,0.0,0.0,0.0,0.0,,0.0,0.0,0.0,0.0,0.0,0.0,,,,,,,,,,,,,,,,,,,,,,
2026,2021038704,2026-04-12,2107874.0,門脇 誠,5.0,二三,1,1.0,1.0,3.0,3.0,0.0,0.0,0.0,0.0,0.0,0.0,0.0,,0.0,0.0,0.0,0.0,0.0,0.0,,,,,,,,,,,,,,,,,,,,,,
2026,2021038704,2026-04-12,2112175.0,伊藤 琉偉,67.0,二,2,1.0,1.0,4.0,4.0,0.0,0.0,0.0,0.0,0.0,0.0,0.0,,0.0,1.0,0.0,0.0,0.0,0.0,,,,,,,,,,,,,,,,,,,,,,
2026,2021038704,2026-04-12,2112330.0,平山 功太,69.0,中,1,1.0,1.0,2.0,2.0,0.0,0.0,0.0,0.0,0.0,0.0,0.0,,0.0,0.0,0.0,0.0,0.0,0.0,,,,,,,,,,,,,,,,,,,,,,
2026,2021038704,2026-04-12,2118291.0,田和 廉,30.0,投,1,1.0,0.0,0.0,0.0,0.0,0.0,0.0,0.0,0.0,0.0,0.0,,0.0,0.0,0.0,0.0,0.0,0.0,2.0,1.0,0.0,0.0,0.0,0.0,1.0,1.0,,,0.0,1.0,0.0,0.0,0.0,,1.0,0.0,0.0,,5.0,19.0
2026,2021038704,2026-04-12,2118420.0,キャベッジ,13.0,左,1,1.0,1.0,3.0,3.0,0.0,0.0,0.0,0.0,0.0,0.0,0.0,,0.0,3.0,0.0,0.0,0.0,0.0,,,,,,,,,,,,,,,,,,,,,,
2026,2021038705,2026-04-12,1000150.0,秋山 翔吾,9.0,打,6,1.0,0.0,1.0,1.0,0.0,0.0,0.0,0.0,0.0,0.0,0.0,,0.0,0.0,0.0,0.0,0.0,0.0,,,,,,,,,,,,,,,,,,,,,,
2026,2021038705,2026-04-12,1200053.0,宮崎 敏郎,51.0,三,3,1.0,1.0,4.0,4.0,0.0,0.0,0.0,0.0,0.0,0.0,0.0,,0.0,0.0,0.0,0.0,0.0,0.0,,,,,,,,,,,,,,,,,,,,,,
2026,2021038705,2026-04-12,1300031.0,平良 拳太郎,59.0,投,3,1.0,0.0,0.0,0.0,0.0,0.0,0.0,0.0,0.0,0.0,0.0,,0.0,0.0,0.0,0.0,0.0,0.0,2.0,1.0,0.0,0.0,0.0,0.0,1.0,1.0,,,0.0,0.0,0.0,0.0,0.0,,1.0,1.0,0.0,,4.0,22.0
2026,2021038705,2026-04-12,1400109.0,山崎 康晃,19.0,投,3,1.0,0.0,0.0,0.0,0.0,0.0,0.0,0.0,0.0,0.0,0.0,,0.0,0.0,0.0,0.0,0.0,0.0,5.0,1.0,0.0,0.0,0.0,1.8,1.0,1.0,,,4.0,0.0,0.0,0.0,0.0,,0.0,0.0,0.0,,3.0,9.0
2026,2021038705,2026-04-12,1600089.0,佐野 恵太,7.0,一,3,1.0,1.0,4.0,4.0,1.0,1.0,1.0,0.0,0.0,0.0,0.0,,0.0,0.0,0.0,0.0,0.0,0.0,,,,,,,,,,,,,,,,,,,,,,
2026,2021038705,2026-04-12,1600123.0,床田 寛樹,19.0,投,6,1.0,1.0,3.0,2.0,0.0,1.0,0.0,0.0,0.0,1.0,0.0,,1.0,1.0,0.0,0.0,0.0,0.0,1.0,1.0,,0.0,1.0,4.08,6.666666666666667,6.2,,,0.0,7.0,4.0,4.0,2.0,,0.0,2.0,0.0,,25.0,65.0
2026,2021038705,2026-04-12,1600124.0,坂倉 将吾,31.0,捕,6,1.0,1.0,4.0,2.0,1.0,1.0,0.0,0.0,0.0,2.0,0.0,,1.0,1.0,0.0,0.0,1.0,0.0,,,,,,,,,,,,,,,,,,,,,,
2026,2021038705,2026-04-12,1700059.0,神里 和毅,8.0,中,3,1.0,0.0,0.0,0.0,0.0,0.0,0.0,0.0,0.0,0.0,0.0,,0.0,0.0,0.0,0.0,0.0,0.0,,,,,,,,,,,,,,,,,,,,,,
2026,2021038705,2026-04-12,1700066.0,山本 祐大,50.0,捕,3,1.0,1.0,3.0,3.0,0.0,1.0,1.0,0.0,0.0,1.0,0.0,,0.0,1.0,0.0,0.0,0.0,0.0,,,,,,,,,,,,,,,,,,,,,,
2026,2021038705,2026-04-12,1700067.0,中川 虎大,64.0,投,3,1.0,0.0,0.0,0.0,0.0,0.0,0.0,0.0,0.0,0.0,0.0,,0.0,0.0,0.0,0.0,0.0,0.0,3.0,1.0,0.0,1.0,0.0,0.0,1.0,1.0,,,0.0,0.0,0.0,0.0,0.0,,0.0,2.0,0.0,,3.0,17.0
2026,2021038705,2026-04-12,1700068.0,中村 奨成,96.0,右,6,1.0,1.0,4.0,4.0,0.0,0.0,0.0,0.0,0.0,0.0,0.0,,0.0,0.0,0.0,0.0,0.0,0.0,,,,,,,,,,,,,,,,,,,,,,
2026,2021038705,2026-04-12,1800046.0,勝又 温史,28.0,右左,3,1.0,1.0,3.0,3.0,1.0,1.0,1.0,0.0,0.0,1.0,0.0,,0.0,0.0,0.0,0.0,0.0,0.0,,,,,,,,,,,,,,,,,,,,,,
2026,2021038705,2026-04-12,1800072.0,小園 海斗,5.0,遊,6,1.0,1.0,4.0,4.0,1.0,0.0,0.0,0.0,0.0,0.0,0.0,,0.0,1.0,0.0,0.0,0.0,0.0,,,,,,,,,,,,,,,,,,,,,,
2026,2021038705,2026-04-12,1800079.0,大盛 穂,59.0,中,6,1.0,1.0,4.0,4.0,0.0,0.0,0.0,0.0,0.0,0.0,0.0,,0.0,1.0,0.0,0.0,0.0,0.0,,,,,,,,,,,,,,,,,,,,,,
2026,2021038705,2026-04-12,1850208.0,林 琢真,0.0,三,3,1.0,0.0,0.0,0.0,0.0,0.0,0.0,0.0,0.0,0.0,0.0,,0.0,0.0,0.0,0.0,0.0,0.0,,,,,,,,,,,,,,,,,,,,,,
2026,2021038705,2026-04-12,1850873.0,度会 隆輝,4.0,打,3,1.0,0.0,1.0,1.0,1.0,1.0,0.0,0.0,1.0,2.0,0.0,,0.0,0.0,0.0,0.0,0.0,0.0,,,,,,,,,,,,,,,,,,,,,,
2026,2021038705,2026-04-12,1900035.0,蝦名 達夫,61.0,中右,3,1.0,1.0,3.0,3.0,1.0,2.0,1.0,0.0,0.0,0.0,0.0,,0.0,0.0,0.0,0.0,0.0,0.0,,,,,,,,,,,,,,,,,,,,,,
2026,2021038705,2026-04-12,1961927.0,モンテロ,95.0,一,6,1.0,1.0,4.0,4.0,2.0,2.0,0.0,0.0,0.0,0.0,0.0,,0.0,1.0,0.0,0.0,0.0,0.0,,,,,,,,,,,,,,,,,,,,,,
2026,2021038705,2026-04-12,2000035.0,牧 秀悟,2.0,二,3,1.0,1.0,4.0,4.0,0.0,0.0,0.0,0.0,0.0,0.0,0.0,,0.0,2.0,0.0,0.0,0.0,0.0,,,,,,,,,,,,,,,,,,,,,,
2026,2021038705,2026-04-12,2000061.0,森浦 大輔,13.0,投,6,1.0,0.0,0.0,0.0,0.0,0.0,0.0,0.0,0.0,0.0,0.0,,0.0,0.0,0.0,0.0,0.0,0.0,2.0,1.0,0.0,1.0,2.0,7.2,0.3333333333333333,0.1,,,1.0,2.0,2.0,2.0,1.0,,0.0,1.0,0.0,,3.0,8.0
2026,2021038705,2026-04-12,2050203.0,佐々木 泰,10.0,三,6,1.0,1.0,4.0,4.0,0.0,1.0,0.0,0.0,0.0,1.0,0.0,,0.0,1.0,0.0,0.0,0.0,0.0,,,,,,,,,,,,,,,,,,,,,,
2026,2021038705,2026-04-12,2100014.0,宮下 朝陽,34.0,遊,3,1.0,1.0,3.0,3.0,1.0,1.0,0.0,0.0,1.0,1.0,0.0,,0.0,0.0,0.0,0.0,0.0,0.0,,,,,,,,,,,,,,,,,,,,,,
2026,2021038705,2026-04-12,2100277.0,松尾 汐恩,5.0,打,3,1.0,0.0,1.0,1.0,0.0,0.0,0.0,0.0,0.0,0.0,0.0,,0.0,0.0,0.0,0.0,0.0,0.0,,,,,,,,,,,,,,,,,,,,,,
2026,2021038705,2026-04-12,2101034.0,ヒュンメル,99.0,左,3,1.0,1.0,4.0,4.0,1.0,2.0,0.0,0.0,1.0,1.0,0.0,,0.0,1.0,0.0,0.0,0.0,1.0,,,,,,,,,,,,,,,,,,,,,,
2026,2021038705,2026-04-12,2110422.0,勝田 成,0.0,二,6,1.0,1.0,4.0,3.0,0.0,0.0,0.0,0.0,0.0,0.0,0.0,,0.0,1.0,1.0,0.0,0.0,0.0,,,,,,,,,,,,,,,,,,,,,,
2026,2021038705,2026-04-12,2112182.0,石田 裕太郎,54.0,投,3,1.0,1.0,1.0,1.0,0.0,0.0,0.0,0.0,0.0,0.0,0.0,,0.0,0.0,0.0,0.0,0.0,0.0,1.0,1.0,,0.0,2.0,3.86,5.0,5.0,,,0.0,5.0,4.0,2.0,0.0,,1.0,3.0,1.0,,22.0,91.0
2026,2021038705,2026-04-12,2114882.0,ファビアン,61.0,左,6,1.0,1.0,4.0,4.0,1.0,1.0,0.0,0.0,1.0,1.0,0.0,,0.0,0.0,0.0,0.0,0.0,0.0,,,,,,,,,,,,,,,,,,,,,,
2026,2021038705,2026-04-12,2117433.0,レイノルズ,62.0,投,3,1.0,0.0,0.0,0.0,0.0,0.0,0.0,0.0,0.0,0.0,0.0,,0.0,0.0,0.0,0.0,0.0,0.0,4.0,1.0,0.0,0.0,0.0,1.13,1.0,1.0,,,0.0,1.0,1.0,1.0,1.0,,0.0,1.0,0.0,,4.0,14.0
2026,2021038705,2026-04-12,2119338.0,齊藤 汰直,11.0,投,6,1.0,0.0,0.0,0.0,0.0,0.0,0.0,0.0,0.0,0.0,0.0,,0.0,0.0,0.0,0.0,0.0,0.0,3.0,1.0,0.0,0.0,0.0,6.0,1.0,1.0,,,0.0,0.0,0.0,0.0,0.0,,0.0,1.0,0.0,,3.0,9.0
2026,2021038706,2026-04-12,1200100.0,伏見 寅威,17.0,捕,5,1.0,1.0,4.0,4.0,0.0,0.0,0.0,0.0,0.0,0.0,0.0,,0.0,1.0,0.0,0.0,0.0,0.0,,,,,,,,,,,,,,,,,,,,,,
2026,2021038706,2026-04-12,1400160.0,加藤 匠馬,49.0,捕,4,1.0,1.0,3.0,2.0,0.0,1.0,0.0,0.0,0.0,0.0,0.0,,1.0,0.0,0.0,0.0,0.0,0.0,,,,,,,,,,,,,,,,,,,,,,
2026,2021038706,2026-04-12,1400199.0,齋藤 綱記,59.0,投,4,1.0,0.0,0.0,0.0,0.0,0.0,0.0,0.0,0.0,0.0,0.0,,0.0,0.0,0.0,0.0,0.0,0.0,2.0,1.0,0.0,0.0,1.0,3.0,1.0,1.0,,,0.0,0.0,0.0,0.0,0.0,,0.0,1.0,0.0,,3.0,9.0
2026,2021038706,2026-04-12,1560639.0,カリステ,4.0,打,4,1.0,0.0,1.0,1.0,0.0,0.0,0.0,0.0,0.0,0.0,0.0,,0.0,1.0,0.0,0.0,0.0,0.0,,,,,,,,,,,,,,,,,,,,,,
2026,2021038706,2026-04-12,1561854.0,サノー,23.0,一,4,1.0,1.0,4.0,4.0,0.0,1.0,0.0,0.0,0.0,0.0,0.0,,0.0,2.0,0.0,0.0,0.0,0.0,,,,,,,,,,,,,,,,,,,,,,
2026,2021038706,2026-04-12,1600085.0,細川 成也,55.0,左,4,1.0,1.0,4.0,4.0,0.0,1.0,0.0,0.0,0.0,0.0,0.0,,0.0,2.0,0.0,0.0,0.0,0.0,,,,,,,,,,,,,,,,,,,,,,
2026,2021038706,2026-04-12,1600113.0,大山 悠輔,3.0,一,5,1.0,1.0,4.0,2.0,0.0,0.0,0.0,0.0,0.0,0.0,0.0,,2.0,0.0,0.0,0.0,0.0,0.0,,,,,,,,,,,,,,,,,,,,,,
2026,2021038706,2026-04-12,1660558.0,メヒア,91.0,投,4,1.0,0.0,0.0,0.0,0.0,0.0,0.0,0.0,0.0,0.0,0.0,,0.0,0.0,0.0,0.0,0.0,0.0,4.0,1.0,0.0,0.0,0.0,3.0,1.0,1.0,,,0.0,1.0,0.0,0.0,0.0,,0.0,1.0,0.0,,3.0,15.0
2026,2021038706,2026-04-12,1700078.0,高橋 遥人,29.0,投,5,1.0,1.0,4.0,3.0,0.0,0.0,0.0,0.0,0.0,0.0,0.0,,0.0,2.0,0.0,1.0,0.0,0.0,1.0,1.0,,2.0,0.0,0.38,9.0,9.0,,,0.0,5.0,0.0,0.0,0.0,,2.0,10.0,0.0,,34.0,123.0
2026,2021038706,2026-04-12,1750223.0,村松 開人,5.0,遊,4,1.0,1.0,4.0,4.0,0.0,1.0,0.0,0.0,0.0,0.0,0.0,,0.0,0.0,0.0,0.0,0.0,0.0,,,,,,,,,,,,,,,,,,,,,,
2026,2021038706,2026-04-12,1750701.0,田中 幹也,2.0,二,4,1.0,1.0,4.0,3.0,0.0,0.0,0.0,0.0,0.0,0.0,0.0,,0.0,0.0,0.0,1.0,0.0,0.0,,,,,,,,,,,,,,,,,,,,,,
2026,2021038706,2026-04-12,1800059.0,根尾 昂,30.0,投,4,1.0,0.0,0.0,0.0,0.0,0.0,0.0,0.0,0.0,0.0,0.0,,0.0,0.0,0.0,0.0,0.0,0.0,5.0,1.0,0.0,1.0,0.0,0.0,1.0,1.0,,,0.0,0.0,0.0,0.0,0.0,,0.0,2.0,0.0,,3.0,17.0
2026,2021038706,2026-04-12,1800065.0,近本 光司,5.0,中,5,1.0,1.0,4.0,2.0,1.0,0.0,0.0,0.0,0.0,0.0,0.0,,2.0,0.0,0.0,0.0,0.0,0.0,,,,,,,,,,,,,,,,,,,,,,
2026,2021038706,2026-04-12,1800067.0,木浪 聖也,0.0,遊,5,1.0,1.0,4.0,4.0,0.0,0.0,0.0,0.0,0.0,0.0,0.0,,0.0,2.0,0.0,0.0,0.0,0.0,,,,,,,,,,,,,,,,,,,,,,
2026,2021038706,2026-04-12,1850183.0,森下 翔太,1.0,右,5,1.0,1.0,4.0,4.0,0.0,1.0,0.0,0.0,0.0,2.0,0.0,,0.0,1.0,0.0,0.0,0.0,0.0,,,,,,,,,,,,,,,,,,,,,,
2026,2021038706,2026-04-12,1950996.0,前川 右京,58.0,左,5,1.0,1.0,4.0,4.0,1.0,2.0,1.0,0.0,0.0,0.0,0.0,,0.0,1.0,0.0,0.0,0.0,0.0,,,,,,,,,,,,,,,,,,,,,,
2026,2021038706,2026-04-12,1961300.0,ボスラー,24.0,右,4,1.0,1.0,4.0,3.0,0.0,0.0,0.0,0.0,0.0,0.0,0.0,,1.0,2.0,0.0,0.0,0.0,0.0,,,,,,,,,,,,,,,,,,,,,,
2026,2021038706,2026-04-12,2000042.0,高橋 宏斗,19.0,投,4,1.0,1.0,1.0,1.0,0.0,0.0,0.0,0.0,0.0,0.0,0.0,,0.0,0.0,0.0,0.0,0.0,0.0,1.0,1.0,,0.0,2.0,2.84,5.0,5.0,,,0.0,6.0,3.0,3.0,0.0,,5.0,3.0,0.0,,24.0,92.0
2026,2021038706,2026-04-12,2000051.0,佐藤 輝明,8.0,三,5,1.0,1.0,4.0,3.0,0.0,3.0,1.0,0.0,0.0,0.0,0.0,,1.0,0.0,0.0,0.0,0.0,1.0,,,,,,,,,,,,,,,,,,,,,,
2026,2021038706,2026-04-12,2000056.0,中野 拓夢,7.0,二,5,1.0,1.0,4.0,4.0,1.0,1.0,1.0,0.0,0.0,1.0,0.0,,0.0,0.0,0.0,0.0,0.0,0.0,,,,,,,,,,,,,,,,,,,,,,
2026,2021038706,2026-04-12,2000057.0,高寺 望夢,67.0,左,5,1.0,0.0,0.0,0.0,0.0,0.0,0.0,0.0,0.0,0.0,0.0,,0.0,0.0,0.0,0.0,0.0,0.0,,,,,,,,,,,,,,,,,,,,,,
2026,2021038706,2026-04-12,2100275.0,花田 旭,57.0,中,4,1.0,1.0,4.0,4.0,0.0,0.0,0.0,0.0,0.0,0.0,0.0,,0.0,3.0,0.0,0.0,0.0,0.0,,,,,,,,,,,,,,,,,,,,,,
2026,2021038706,2026-04-12,2103780.0,福永 裕基,7.0,三,4,1.0,1.0,4.0,4.0,0.0,1.0,0.0,0.0,0.0,0.0,0.0,,0.0,0.0,0.0,0.0,0.0,0.0,,,,,,,,,,,,,,,,,,,,,,
2026,2021038706,2026-04-12,2105174.0,辻本 倫太郎,0.0,打,4,1.0,0.0,1.0,1.0,0.0,0.0,0.0,0.0,0.0,0.0,0.0,,0.0,0.0,0.0,0.0,0.0,0.0,,,,,,,,,,,,,,,,,,,,,,
2026,2021038706,2026-04-12,2107086.0,牧野 憲伸,68.0,投,4,1.0,0.0,0.0,0.0,0.0,0.0,0.0,0.0,0.0,0.0,0.0,,0.0,0.0,0.0,0.0,0.0,0.0,3.0,1.0,0.0,0.0,1.0,4.5,1.0,1.0,,,0.0,0.0,0.0,0.0,0.0,,0.0,0.0,0.0,,3.0,13.0
2026,2021038707,2026-04-12,1000100.0,西川 遥輝,7.0,打,8,1.0,0.0,1.0,0.0,0.0,0.0,0.0,0.0,0.0,0.0,0.0,,0.0,0.0,1.0,0.0,0.0,0.0,,,,,,,,,,,,,,,,,,,,,,
2026,2021038707,2026-04-12,1000128.0,柳田 悠岐,9.0,指,12,1.0,1.0,5.0,5.0,1.0,2.0,1.0,0.0,0.0,1.0,0.0,,0.0,3.0,0.0,0.0,0.0,0.0,,,,,,,,,,,,,,,,,,,,,,
2026,2021038707,2026-04-12,1000164.0,島本 浩也,40.0,,8,,,,,,,,,,,,,,,,,,,4.0,1.0,0.0,0.0,0.0,3.38,0.3333333333333333,0.1,,,0.0,0.0,0.0,0.0,0.0,,0.0,0.0,0.0,,1.0,3.0
2026,2021038707,2026-04-12,1000175.0,牧原 大成,8.0,二,12,1.0,1.0,5.0,4.0,2.0,2.0,1.0,0.0,0.0,1.0,0.0,,1.0,0.0,0.0,0.0,0.0,0.0,,,,,,,,,,,,,,,,,,,,,,
2026,2021038707,2026-04-12,1100097.0,近藤 健介,3.0,左,12,1.0,1.0,5.0,4.0,0.0,1.0,0.0,0.0,0.0,0.0,0.0,,1.0,0.0,0.0,0.0,0.0,0.0,,,,,,,,,,,,,,,,,,,,,,
2026,2021038707,2026-04-12,1300101.0,山川 穂高,5.0,一,12,1.0,1.0,5.0,5.0,1.0,3.0,0.0,0.0,0.0,2.0,0.0,,0.0,1.0,0.0,0.0,0.0,0.0,,,,,,,,,,,,,,,,,,,,,,
2026,2021038707,2026-04-12,1400117.0,有原 航平,74.0,,8,,,,,,,,,,,,,,,,,,,1.0,1.0,,1.0,2.0,6.0,5.0,5.0,,,0.0,9.0,6.0,5.0,0.0,,3.0,5.0,0.0,,28.0,114.0
2026,2021038707,2026-04-12,1400118.0,清水 優心,10.0,打一,8,1.0,0.0,1.0,1.0,0.0,0.0,0.0,0.0,0.0,0.0,0.0,,0.0,1.0,0.0,0.0,0.0,0.0,,,,,,,,,,,,,,,,,,,,,,
2026,2021038707,2026-04-12,1400127.0,栗原 陵矢,24.0,三一,12,1.0,1.0,6.0,5.0,2.0,2.0,0.0,0.0,0.0,0.0,0.0,,1.0,1.0,0.0,0.0,0.0,0.0,,,,,,,,,,,,,,,,,,,,,,
2026,2021038707,2026-04-12,1400195.0,山崎 福也,18.0,,8,,,,,,,,,,,,,,,,,,,5.0,1.0,0.0,0.0,0.0,5.06,1.0,1.0,,,0.0,4.0,3.0,3.0,0.0,,0.0,1.0,0.0,,7.0,23.0
2026,2021038707,2026-04-12,1500109.0,上原 健太,20.0,,8,,,,,,,,,,,,,,,,,,,2.0,1.0,0.0,1.0,0.0,2.08,1.0,1.0,,,0.0,0.0,0.0,0.0,0.0,,0.0,1.0,0.0,,3.0,14.0
2026,2021038707,2026-04-12,1500143.0,川瀬 晃,0.0,遊,12,1.0,1.0,5.0,3.0,0.0,0.0,0.0,0.0,0.0,1.0,0.0,,1.0,1.0,0.0,0.0,1.0,0.0,,,,,,,,,,,,,,,,,,,,,,
2026,2021038707,2026-04-12,1600093.0,池田 隆英,52.0,,8,,,,,,,,,,,,,,,,,,,6.0,1.0,0.0,0.0,0.0,0.0,1.0,1.0,,,0.0,2.0,0.0,0.0,0.0,,1.0,2.0,0.0,,6.0,23.0
2026,2021038707,2026-04-12,1700025.0,清宮 幸太郎,21.0,一,8,1.0,1.0,4.0,3.0,2.0,1.0,0.0,0.0,0.0,0.0,0.0,,0.0,0.0,1.0,0.0,0.0,1.0,,,,,,,,,,,,,,,,,,,,,,
2026,2021038707,2026-04-12,1700134.0,尾形 崇斗,39.0,,12,,,,,,,,,,,,,,,,,,,6.0,1.0,0.0,0.0,0.0,6.75,1.0,1.0,,,0.0,2.0,2.0,2.0,1.0,,0.0,2.0,1.0,,6.0,21.0
2026,2021038707,2026-04-12,1700135.0,周東 佑京,23.0,中,12,1.0,1.0,5.0,4.0,2.0,3.0,0.0,0.0,1.0,4.0,0.0,,0.0,0.0,0.0,0.0,1.0,0.0,,,,,,,,,,,,,,,,,,,,,,
2026,2021038707,2026-04-12,1800043.0,上茶谷 大河,64.0,,12,,,,,,,,,,,,,,,,,,,3.0,1.0,0.0,1.0,0.0,2.16,3.0,3.0,,,0.0,0.0,0.0,0.0,0.0,,2.0,2.0,0.0,,11.0,53.0
2026,2021038707,2026-04-12,1800091.0,野村 佑希,5.0,左,8,1.0,1.0,5.0,4.0,2.0,2.0,1.0,0.0,1.0,3.0,0.0,,1.0,0.0,0.0,0.0,0.0,0.0,,,,,,,,,,,,,,,,,,,,,,
2026,2021038707,2026-04-12,1800093.0,万波 中正,66.0,右,8,1.0,1.0,5.0,4.0,2.0,3.0,1.0,0.0,0.0,2.0,0.0,,0.0,0.0,1.0,0.0,0.0,0.0,,,,,,,,,,,,,,,,,,,,,,
2026,2021038707,2026-04-12,1800095.0,田宮 裕涼,64.0,捕,8,1.0,1.0,5.0,3.0,0.0,1.0,0.0,0.0,0.0,0.0,0.0,,2.0,0.0,0.0,0.0,0.0,0.0,,,,,,,,,,,,,,,,,,,,,,
2026,2021038707,2026-04-12,1800110.0,水谷 瞬,53.0,中,8,1.0,1.0,3.0,3.0,0.0,0.0,0.0,0.0,0.0,0.0,0.0,,0.0,0.0,0.0,0.0,0.0,0.0,,,,,,,,,,,,,,,,,,,,,,
2026,2021038707,2026-04-12,1850932.0,奈良間 大己,58.0,二,8,1.0,1.0,3.0,3.0,0.0,1.0,0.0,0.0,0.0,1.0,0.0,,0.0,1.0,0.0,0.0,0.0,0.0,,,,,,,,,,,,,,,,,,,,,,
2026,2021038707,2026-04-12,1851115.0,木村 光,68.0,,12,,,,,,,,,,,,,,,,,,,4.0,1.0,0.0,0.0,0.0,0.0,1.0,1.0,,,0.0,0.0,0.0,0.0,0.0,,1.0,0.0,1.0,,5.0,15.0
2026,2021038707,2026-04-12,1851204.0,水野 達稀,43.0,遊,8,1.0,1.0,4.0,3.0,0.0,0.0,0.0,0.0,0.0,1.0,0.0,,0.0,1.0,0.0,0.0,1.0,0.0,,,,,,,,,,,,,,,,,,,,,,
2026,2021038707,2026-04-12,1860140.0,レイエス,99.0,指,8,1.0,1.0,5.0,4.0,0.0,1.0,0.0,0.0,0.0,0.0,0.0,,1.0,2.0,0.0,0.0,0.0,0.0,,,,,,,,,,,,,,,,,,,,,,
2026,2021038707,2026-04-12,1900040.0,郡司 裕也,3.0,三,8,1.0,1.0,5.0,4.0,1.0,2.0,0.0,0.0,0.0,0.0,0.0,,1.0,1.0,0.0,0.0,0.0,0.0,,,,,,,,,,,,,,,,,,,,,,
2026,2021038707,2026-04-12,1900101.0,海野 隆司,62.0,捕,12,1.0,1.0,5.0,3.0,0.0,1.0,0.0,0.0,0.0,1.0,0.0,,1.0,2.0,0.0,1.0,0.0,0.0,,,,,,,,,,,,,,,,,,,,,,
2026,2021038707,2026-04-12,1900104.0,柳町 達,32.0,右,12,1.0,1.0,6.0,6.0,1.0,3.0,0.0,0.0,0.0,0.0,0.0,,0.0,1.0,0.0,0.0,0.0,0.0,,,,,,,,,,,,,,,,,,,,,,
2026,2021038707,2026-04-12,1950149.0,庄子 雄大,25.0,走指,12,1.0,0.0,1.0,1.0,1.0,0.0,0.0,0.0,0.0,0.0,0.0,,0.0,1.0,0.0,0.0,0.0,0.0,,,,,,,,,,,,,,,,,,,,,,
2026,2021038707,2026-04-12,1961052.0,ヘルナンデス,63.0,,12,,,,,,,,,,,,,,,,,,,5.0,1.0,0.0,0.0,0.0,3.18,1.0,1.0,,,0.0,0.0,0.0,0.0,0.0,,2.0,2.0,0.0,,5.0,20.0
2026,2021038707,2026-04-12,2000008.0,伊藤 優輔,42.0,,12,,,,,,,,,,,,,,,,,,,2.0,1.0,0.0,0.0,0.0,0.0,0.3333333333333333,0.1,,,0.0,1.0,0.0,0.0,0.0,,0.0,0.0,0.0,,2.0,7.0
2026,2021038707,2026-04-12,2000080.0,五十幡 亮汰,50.0,中,8,1.0,0.0,1.0,1.0,0.0,0.0,0.0,0.0,0.0,0.0,0.0,,0.0,1.0,0.0,0.0,0.0,0.0,,,,,,,,,,,,,,,,,,,,,,
2026,2021038707,2026-04-12,2100554.0,古林 睿煬,37.0,,8,,,,,,,,,,,,,,,,,,,3.0,1.0,0.0,0.0,1.0,6.23,0.6666666666666666,0.2,,,0.0,2.0,2.0,2.0,1.0,,1.0,2.0,0.0,,5.0,22.0
2026,2021038707,2026-04-12,2104035.0,野村 勇,99.0,走三,12,1.0,0.0,1.0,1.0,0.0,0.0,0.0,0.0,0.0,0.0,0.0,,0.0,0.0,0.0,0.0,0.0,0.0,,,,,,,,,,,,,,,,,,,,,,
2026,2021038707,2026-04-12,2107851.0,イヒネ イツア,36.0,走左,12,1.0,0.0,1.0,1.0,1.0,0.0,0.0,0.0,0.0,0.0,0.0,,0.0,1.0,0.0,0.0,0.0,0.0,,,,,,,,,,,,,,,,,,,,,,
2026,2021038707,2026-04-12,2107900.0,吉田 賢吾,60.0,打二,8,1.0,0.0,2.0,2.0,0.0,0.0,0.0,0.0,0.0,0.0,0.0,,0.0,1.0,0.0,0.0,0.0,0.0,,,,,,,,,,,,,,,,,,,,,,
2026,2021038707,2026-04-12,2107909.0,松本 晴,49.0,,12,,,,,,,,,,,,,,,,,,,1.0,1.0,,2.0,0.0,4.6,2.6666666666666665,2.2,,,0.0,8.0,5.0,5.0,0.0,,1.0,3.0,1.0,,17.0,66.0
2026,2021038707,2026-04-12,2108090.0,カストロ,6.0,打中,8,1.0,0.0,2.0,1.0,0.0,0.0,0.0,0.0,0.0,0.0,0.0,,1.0,1.0,0.0,0.0,0.0,0.0,,,,,,,,,,,,,,,,,,,,,,
2026,2021038708,2026-04-12,800075.0,伊藤 光,27.0,捕,376,1.0,1.0,4.0,3.0,0.0,0.0,0.0,0.0,0.0,0.0,0.0,,1.0,1.0,0.0,0.0,0.0,0.0,,,,,,,,,,,,,,,,,,,,,,
2026,2021038708,2026-04-12,900056.0,浅村 栄斗,3.0,打指,376,1.0,0.0,1.0,1.0,0.0,0.0,0.0,0.0,0.0,0.0,0.0,,0.0,0.0,0.0,0.0,0.0,0.0,,,,,,,,,,,,,,,,,,,,,,
2026,2021038708,2026-04-12,1000011.0,山田 修義,57.0,,11,,,,,,,,,,,,,,,,,,,4.0,1.0,0.0,0.0,0.0,0.0,0.3333333333333333,0.1,,,0.0,0.0,0.0,0.0,0.0,,0.0,1.0,0.0,,1.0,4.0
2026,2021038708,2026-04-12,1100103.0,鈴木 大地,7.0,一,376,1.0,1.0,4.0,4.0,0.0,0.0,0.0,0.0,0.0,0.0,0.0,,0.0,0.0,0.0,0.0,0.0,0.0,,,,,,,,,,,,,,,,,,,,,,
2026,2021038708,2026-04-12,1300100.0,森 友哉,4.0,捕,11,1.0,1.0,3.0,2.0,0.0,2.0,1.0,0.0,0.0,0.0,0.0,,1.0,0.0,0.0,0.0,0.0,0.0,,,,,,,,,,,,,,,,,,,,,,
2026,2021038708,2026-04-12,1300109.0,若月 健矢,2.0,捕,11,1.0,0.0,0.0,0.0,0.0,0.0,0.0,0.0,0.0,0.0,0.0,,0.0,0.0,0.0,0.0,0.0,0.0,,,,,,,,,,,,,,,,,,,,,,
2026,2021038708,2026-04-12,1400196.0,宗 佑磨,6.0,三,11,1.0,1.0,4.0,4.0,0.0,0.0,0.0,0.0,0.0,0.0,0.0,,0.0,0.0,0.0,0.0,0.0,0.0,,,,,,,,,,,,,,,,,,,,,,
2026,2021038708,2026-04-12,1400201.0,西野 真弘,5.0,二,11,1.0,1.0,4.0,4.0,0.0,0.0,0.0,0.0,0.0,0.0,0.0,,0.0,0.0,0.0,0.0,0.0,0.0,,,,,,,,,,,,,,,,,,,,,,
2026,2021038708,2026-04-12,1500096.0,西川 龍馬,7.0,左,11,1.0,1.0,4.0,4.0,0.0,0.0,0.0,0.0,0.0,0.0,0.0,,0.0,0.0,0.0,0.0,0.0,0.0,,,,,,,,,,,,,,,,,,,,,,
2026,2021038708,2026-04-12,1600007.0,村林 一輝,6.0,遊,376,1.0,1.0,4.0,3.0,0.0,1.0,0.0,0.0,0.0,0.0,0.0,,0.0,0.0,0.0,1.0,0.0,0.0,,,,,,,,,,,,,,,,,,,,,,
2026,2021038708,2026-04-12,1600092.0,藤平 尚真,46.0,,376,,,,,,,,,,,,,,,,,,,4.0,1.0,0.0,0.0,0.0,1.5,1.0,1.0,,,3.0,0.0,0.0,0.0,0.0,,0.0,0.0,0.0,,3.0,15.0
2026,2021038708,2026-04-12,1600155.0,山崎 颯一郎,21.0,,11,,,,,,,,,,,,,,,,,,,2.0,1.0,0.0,1.0,1.0,4.05,1.0,1.0,,,0.0,0.0,0.0,0.0,0.0,,0.0,1.0,0.0,,3.0,10.0
2026,2021038708,2026-04-12,1750493.0,西垣 雅矢,49.0,,376,,,,,,,,,,,,,,,,,,,3.0,1.0,0.0,1.0,0.0,1.5,1.0,1.0,,,0.0,1.0,0.0,0.0,0.0,,0.0,1.0,0.0,,3.0,11.0
2026,2021038708,2026-04-12,1751068.0,野口 智哉,9.0,走,11,1.0,0.0,0.0,0.0,0.0,0.0,0.0,0.0,0.0,0.0,0.0,,0.0,0.0,0.0,0.0,0.0,0.0,,,,,,,,,,,,,,,,,,,,,,
2026,2021038708,2026-04-12,1800098.0,太田 椋,1.0,一,11,1.0,1.0,3.0,3.0,0.0,1.0,1.0,0.0,0.0,0.0,0.0,,0.0,1.0,0.0,0.0,0.0,0.0,,,,,,,,,,,,,,,,,,,,,,
2026,2021038708,2026-04-12,1800104.0,中川 圭太,67.0,中,11,1.0,1.0,3.0,3.0,0.0,0.0,0.0,0.0,0.0,0.0,0.0,,0.0,0.0,0.0,0.0,0.0,0.0,,,,,,,,,,,,,,,,,,,,,,
2026,2021038708,2026-04-12,1800117.0,辰己 涼介,8.0,中,376,1.0,1.0,4.0,4.0,1.0,1.0,0.0,0.0,1.0,2.0,0.0,,0.0,0.0,0.0,0.0,0.0,0.0,,,,,,,,,,,,,,,,,,,,,,
2026,2021038708,2026-04-12,1800123.0,小郷 裕哉,51.0,右,376,1.0,1.0,5.0,5.0,0.0,2.0,0.0,0.0,0.0,1.0,1.0,,0.0,3.0,0.0,0.0,0.0,0.0,,,,,,,,,,,,,,,,,,,,,,
2026,2021038708,2026-04-12,1900088.0,紅林 弘太郎,24.0,遊,11,1.0,1.0,3.0,3.0,0.0,0.0,0.0,0.0,0.0,0.0,0.0,,0.0,0.0,0.0,0.0,0.0,0.0,,,,,,,,,,,,,,,,,,,,,,
2026,2021038708,2026-04-12,1900112.0,小深田 大翔,0.0,二,376,1.0,1.0,4.0,1.0,1.0,0.0,0.0,0.0,0.0,0.0,0.0,,1.0,0.0,1.0,1.0,0.0,0.0,,,,,,,,,,,,,,,,,,,,,,
2026,2021038708,2026-04-12,1900113.0,黒川 史陽,24.0,三,376,1.0,1.0,4.0,2.0,1.0,2.0,0.0,0.0,0.0,0.0,0.0,,2.0,0.0,0.0,0.0,0.0,0.0,,,,,,,,,,,,,,,,,,,,,,
2026,2021038708,2026-04-12,1900117.0,瀧中 瞭太,57.0,,376,,,,,,,,,,,,,,,,,,,1.0,1.0,,1.0,1.0,1.13,6.333333333333333,6.1,,,0.0,2.0,0.0,0.0,0.0,,1.0,3.0,0.0,,22.0,86.0
2026,2021038708,2026-04-12,1950278.0,中島 大輔,32.0,左,376,1.0,1.0,4.0,3.0,1.0,1.0,1.0,0.0,0.0,0.0,1.0,,1.0,0.0,0.0,0.0,0.0,0.0,,,,,,,,,,,,,,,,,,,,,,
2026,2021038708,2026-04-12,2103710.0,古田島 成龍,35.0,,11,,,,,,,,,,,,,,,,,,,3.0,1.0,0.0,0.0,0.0,9.0,0.6666666666666666,0.2,,,0.0,3.0,3.0,3.0,1.0,,2.0,0.0,1.0,,8.0,32.0
2026,2021038708,2026-04-12,2103740.0,YG安田,55.0,指,376,1.0,1.0,3.0,3.0,0.0,0.0,0.0,0.0,0.0,0.0,0.0,,0.0,1.0,0.0,0.0,0.0,0.0,,,,,,,,,,,,,,,,,,,,,,
2026,2021038708,2026-04-12,2107899.0,田中 千晴,29.0,,376,,,,,,,,,,,,,,,,,,,2.0,1.0,0.0,0.0,0.0,1.42,0.6666666666666666,0.2,,,1.0,0.0,0.0,0.0,0.0,,0.0,0.0,0.0,,2.0,6.0
2026,2021038708,2026-04-12,2108148.0,ジェリー,69.0,,11,,,,,,,,,,,,,,,,,,,1.0,1.0,,0.0,1.0,2.25,6.0,6.0,,,0.0,4.0,1.0,1.0,0.0,,3.0,3.0,0.0,,25.0,81.0
2026,2021038708,2026-04-12,2110153.0,麦谷 祐介,8.0,右,11,1.0,1.0,3.0,3.0,0.0,0.0,0.0,0.0,0.0,0.0,0.0,,0.0,1.0,0.0,0.0,0.0,0.0,,,,,,,,,,,,,,,,,,,,,,
2026,2021038708,2026-04-12,2117200.0,シーモア,45.0,指,11,1.0,1.0,3.0,3.0,0.0,0.0,0.0,0.0,0.0,0.0,0.0,,0.0,2.0,0.0,0.0,0.0,0.0,,,,,,,,,,,,,,,,,,,,,,
2026,2021038709,2026-04-12,1100061.0,桑原 将志,7.0,左,7,1.0,1.0,4.0,4.0,0.0,0.0,0.0,0.0,0.0,0.0,0.0,,0.0,1.0,0.0,0.0,0.0,0.0,,,,,,,,,,,,,,,,,,,,,,
2026,2021038709,2026-04-12,1460080.0,ポランコ,22.0,指,9,1.0,1.0,5.0,5.0,0.0,1.0,1.0,0.0,0.0,0.0,0.0,,0.0,1.0,0.0,0.0,0.0,0.0,,,,,,,,,,,,,,,,,,,,,,
2026,2021038709,2026-04-12,1600129.0,源田 壮亮,6.0,遊,7,1.0,1.0,4.0,4.0,0.0,1.0,0.0,0.0,0.0,1.0,0.0,,0.0,1.0,0.0,0.0,0.0,0.0,,,,,,,,,,,,,,,,,,,,,,
2026,2021038709,2026-04-12,1600157.0,澤田 圭佑,54.0,,9,,,,,,,,,,,,,,,,,,,2.0,1.0,0.0,1.0,1.0,1.29,1.0,1.0,,,0.0,0.0,0.0,0.0,0.0,,0.0,1.0,0.0,,3.0,13.0
2026,2021038709,2026-04-12,1660299.0,林 安可,73.0,指,7,1.0,1.0,4.0,4.0,1.0,1.0,0.0,0.0,1.0,1.0,0.0,,0.0,2.0,0.0,0.0,0.0,0.0,,,,,,,,,,,,,,,,,,,,,,
2026,2021038709,2026-04-12,1700020.0,ソト,99.0,一,9,1.0,1.0,4.0,4.0,0.0,2.0,0.0,0.0,0.0,0.0,0.0,,0.0,0.0,0.0,0.0,0.0,0.0,,,,,,,,,,,,,,,,,,,,,,
2026,2021038709,2026-04-12,1700093.0,藤岡 裕大,7.0,遊二,9,1.0,1.0,3.0,3.0,0.0,1.0,0.0,0.0,0.0,0.0,0.0,,0.0,1.0,0.0,0.0,0.0,0.0,,,,,,,,,,,,,,,,,,,,,,
2026,2021038709,2026-04-12,1700098.0,和田 康士朗,63.0,走,9,1.0,0.0,0.0,0.0,1.0,0.0,0.0,0.0,0.0,0.0,0.0,,0.0,0.0,0.0,0.0,0.0,0.0,,,,,,,,,,,,,,,,,,,,,,
2026,2021038709,2026-04-12,1700124.0,平良 海馬,61.0,,7,,,,,,,,,,,,,,,,,,,1.0,1.0,,1.0,0.0,0.0,7.0,7.0,,,0.0,5.0,0.0,0.0,0.0,,2.0,6.0,1.0,,28.0,118.0
2026,2021038709,2026-04-12,1750472.0,古賀 悠斗,22.0,捕,7,1.0,0.0,1.0,1.0,0.0,0.0,0.0,0.0,0.0,0.0,0.0,,0.0,0.0,0.0,0.0,0.0,0.0,,,,,,,,,,,,,,,,,,,,,,
2026,2021038709,2026-04-12,1800050.0,藤原 恭大,1.0,中,9,1.0,1.0,5.0,4.0,0.0,0.0,0.0,0.0,0.0,0.0,1.0,,1.0,0.0,0.0,0.0,0.0,0.0,,,,,,,,,,,,,,,,,,,,,,
2026,2021038709,2026-04-12,1800106.0,甲斐野 央,34.0,,7,,,,,,,,,,,,,,,,,,,2.0,1.0,0.0,0.0,1.0,4.15,1.0,1.0,,,0.0,1.0,0.0,0.0,0.0,,1.0,0.0,0.0,,5.0,18.0
2026,2021038709,2026-04-12,1850947.0,上田 希由翔,10.0,二一,9,1.0,1.0,4.0,4.0,0.0,2.0,1.0,0.0,0.0,0.0,0.0,,0.0,1.0,0.0,0.0,0.0,0.0,,,,,,,,,,,,,,,,,,,,,,
2026,2021038709,2026-04-12,1900068.0,岸 潤一郎,68.0,一中,7,1.0,1.0,3.0,3.0,0.0,0.0,0.0,0.0,0.0,0.0,0.0,,0.0,1.0,0.0,0.0,0.0,0.0,,,,,,,,,,,,,,,,,,,,,,
2026,2021038709,2026-04-12,1900081.0,佐藤 都志也,32.0,捕,9,1.0,1.0,4.0,3.0,0.0,0.0,0.0,0.0,0.0,0.0,0.0,,1.0,1.0,0.0,0.0,0.0,0.0,,,,,,,,,,,,,,,,,,,,,,
2026,2021038709,2026-04-12,1900082.0,高部 瑛斗,0.0,打,9,1.0,0.0,1.0,1.0,0.0,0.0,0.0,0.0,0.0,0.0,0.0,,0.0,1.0,0.0,0.0,0.0,0.0,,,,,,,,,,,,,,,,,,,,,,
2026,2021038709,2026-04-12,1900083.0,横山 陸人,15.0,,9,,,,,,,,,,,,,,,,,,,3.0,1.0,0.0,0.0,0.0,0.0,1.0,1.0,,,3.0,1.0,1.0,0.0,0.0,,1.0,2.0,0.0,,5.0,19.0
2026,2021038709,2026-04-12,1950286.0,西川 史礁,6.0,左,9,1.0,1.0,5.0,4.0,0.0,1.0,0.0,0.0,0.0,1.0,0.0,,0.0,2.0,1.0,0.0,0.0,0.0,,,,,,,,,,,,,,,,,,,,,,
2026,2021038709,2026-04-12,1950417.0,渡部 聖弥,8.0,三,7,1.0,1.0,4.0,4.0,0.0,0.0,0.0,0.0,0.0,0.0,0.0,,0.0,1.0,0.0,0.0,0.0,0.0,,,,,,,,,,,,,,,,,,,,,,
2026,2021038709,2026-04-12,2000073.0,仲三 優太,55.0,打,7,1.0,0.0,1.0,0.0,0.0,0.0,0.0,0.0,0.0,0.0,0.0,,1.0,0.0,0.0,0.0,0.0,0.0,,,,,,,,,,,,,,,,,,,,,,
2026,2021038709,2026-04-12,2000075.0,長谷川 信哉,63.0,一,7,1.0,0.0,1.0,1.0,0.0,0.0,0.0,0.0,0.0,0.0,0.0,,0.0,1.0,0.0,0.0,0.0,0.0,,,,,,,,,,,,,,,,,,,,,,
2026,2021038709,2026-04-12,2000089.0,小川 龍成,57.0,走遊二,9,1.0,0.0,1.0,1.0,0.0,0.0,0.0,0.0,0.0,0.0,0.0,,0.0,1.0,0.0,0.0,0.0,0.0,,,,,,,,,,,,,,,,,,,,,,
2026,2021038709,2026-04-12,2000094.0,山本 大斗,61.0,右,9,1.0,1.0,5.0,3.0,0.0,1.0,1.0,0.0,0.0,0.0,0.0,,2.0,0.0,0.0,0.0,0.0,0.0,,,,,,,,,,,,,,,,,,,,,,
2026,2021038709,2026-04-12,2050145.0,小島 大河,10.0,捕,7,1.0,1.0,3.0,3.0,0.0,0.0,0.0,0.0,0.0,0.0,0.0,,0.0,0.0,0.0,0.0,0.0,0.0,,,,,,,,,,,,,,,,,,,,,,
2026,2021038709,2026-04-12,2100048.0,秋山 俊,35.0,中,7,1.0,1.0,2.0,2.0,0.0,0.0,0.0,0.0,0.0,0.0,0.0,,0.0,0.0,0.0,0.0,0.0,0.0,,,,,,,,,,,,,,,,,,,,,,
2026,2021038709,2026-04-12,2100346.0,松川 虎生,2.0,捕,9,1.0,0.0,0.0,0.0,0.0,0.0,0.0,0.0,0.0,0.0,0.0,,0.0,0.0,0.0,0.0,0.0,0.0,,,,,,,,,,,,,,,,,,,,,,
2026,2021038709,2026-04-12,2101204.0,ロング,73.0,,9,,,,,,,,,,,,,,,,,,,4.0,1.0,0.0,0.0,1.0,1.42,0.3333333333333333,0.1,,,0.0,1.0,1.0,1.0,1.0,,0.0,0.0,0.0,,2.0,6.0
2026,2021038709,2026-04-12,2102926.0,寺地 隆成,65.0,三,9,1.0,1.0,5.0,4.0,0.0,0.0,0.0,0.0,0.0,0.0,0.0,,1.0,1.0,0.0,0.0,0.0,0.0,,,,,,,,,,,,,,,,,,,,,,
2026,2021038709,2026-04-12,2103618.0,滝澤 夏央,62.0,走二,7,1.0,0.0,0.0,0.0,1.0,0.0,0.0,0.0,0.0,0.0,0.0,,0.0,0.0,0.0,0.0,0.0,0.0,,,,,,,,,,,,,,,,,,,,,,
2026,2021038709,2026-04-12,2103625.0,羽田 慎之介,43.0,,7,,,,,,,,,,,,,,,,,,,4.0,1.0,0.0,1.0,0.0,0.0,1.0,1.0,,,0.0,0.0,0.0,0.0,0.0,,1.0,1.0,0.0,,4.0,17.0
2026,2021038709,2026-04-12,2106798.0,友杉 篤輝,4.0,遊,9,1.0,0.0,1.0,1.0,0.0,0.0,0.0,0.0,0.0,0.0,0.0,,0.0,0.0,0.0,0.0,0.0,0.0,,,,,,,,,,,,,,,,,,,,,,
2026,2021038709,2026-04-12,2114737.0,廣池 康志郎,64.0,,9,,,,,,,,,,,,,,,,,,,1.0,1.0,,0.0,0.0,0.0,7.0,7.0,,,0.0,1.0,0.0,0.0,0.0,,0.0,8.0,0.0,,22.0,93.0
2026,2021038709,2026-04-12,2117028.0,カナリオ,25.0,右,7,1.0,1.0,3.0,3.0,0.0,1.0,0.0,0.0,0.0,0.0,0.0,,0.0,2.0,0.0,0.0,0.0,0.0,,,,,,,,,,,,,,,,,,,,,,
2026,2021038709,2026-04-12,2117835.0,佐藤 太陽,38.0,二,7,1.0,1.0,2.0,2.0,0.0,0.0,0.0,0.0,0.0,0.0,0.0,,0.0,2.0,0.0,0.0,0.0,0.0,,,,,,,,,,,,,,,,,,,,,,
2026,2021038709,2026-04-12,2121154.0,岩城 颯空,20.0,,7,,,,,,,,,,,,,,,,,,,3.0,1.0,0.0,0.0,0.0,4.5,1.0,1.0,,,4.0,2.0,1.0,1.0,0.0,,1.0,2.0,0.0,,6.0,27.0
2026,2021038710,2026-04-14,1200053.0,宮崎 敏郎,51.0,三,3,1.0,1.0,3.0,3.0,1.0,1.0,0.0,0.0,0.0,1.0,0.0,,0.0,0.0,0.0,0.0,0.0,1.0,,,,,,,,,,,,,,,,,,,,,,
2026,2021038710,2026-04-14,1200076.0,小川 泰弘,29.0,投,2,1.0,1.0,1.0,1.0,0.0,0.0,0.0,0.0,0.0,0.0,0.0,,0.0,1.0,0.0,0.0,0.0,0.0,1.0,1.0,,1.0,1.0,3.68,4.333333333333333,4.1,,,0.0,4.0,3.0,3.0,0.0,,5.0,4.0,0.0,,22.0,80.0
2026,2021038710,2026-04-14,1300029.0,田口 麗斗,34.0,投,2,1.0,0.0,0.0,0.0,0.0,0.0,0.0,0.0,0.0,0.0,0.0,,0.0,0.0,0.0,0.0,0.0,0.0,2.0,1.0,0.0,1.0,0.0,0.0,0.6666666666666666,0.2,,,0.0,2.0,0.0,0.0,0.0,,1.0,0.0,0.0,,5.0,19.0
2026,2021038710,2026-04-14,1600078.0,古賀 優大,2.0,捕,2,1.0,1.0,3.0,3.0,0.0,3.0,0.0,0.0,0.0,2.0,0.0,,0.0,0.0,0.0,0.0,0.0,0.0,,,,,,,,,,,,,,,,,,,,,,
2026,2021038710,2026-04-14,1600089.0,佐野 恵太,7.0,一,3,1.0,1.0,3.0,2.0,1.0,2.0,0.0,0.0,0.0,0.0,0.0,,1.0,0.0,0.0,0.0,0.0,0.0,,,,,,,,,,,,,,,,,,,,,,
2026,2021038710,2026-04-14,1650522.0,丸山 和郁,4.0,右,2,1.0,1.0,2.0,2.0,1.0,1.0,0.0,0.0,0.0,2.0,0.0,,0.0,0.0,0.0,0.0,0.0,0.0,,,,,,,,,,,,,,,,,,,,,,
2026,2021038710,2026-04-14,1650915.0,竹田 祐,12.0,投,3,1.0,1.0,3.0,3.0,0.0,0.0,0.0,0.0,0.0,0.0,0.0,,0.0,1.0,0.0,0.0,0.0,0.0,1.0,1.0,,0.0,2.0,7.56,4.333333333333333,4.1,,,0.0,6.0,5.0,4.0,0.0,,1.0,2.0,0.0,,19.0,68.0
2026,2021038710,2026-04-14,1800033.0,清水 昇,17.0,投,2,1.0,0.0,0.0,0.0,0.0,0.0,0.0,0.0,0.0,0.0,0.0,,0.0,0.0,0.0,0.0,0.0,0.0,,,,,,,,,,,,,,,,,,,,,,
2026,2021038710,2026-04-14,1850873.0,度会 隆輝,4.0,右,3,1.0,1.0,3.0,2.0,0.0,2.0,1.0,0.0,0.0,1.0,0.0,,1.0,0.0,0.0,0.0,0.0,0.0,,,,,,,,,,,,,,,,,,,,,,
2026,2021038710,2026-04-14,1900028.0,長岡 秀樹,7.0,遊,2,1.0,1.0,3.0,3.0,0.0,0.0,0.0,0.0,0.0,0.0,0.0,,0.0,0.0,0.0,0.0,0.0,0.0,,,,,,,,,,,,,,,,,,,,,,
2026,2021038710,2026-04-14,1900029.0,武岡 龍世,60.0,二三,2,1.0,1.0,2.0,2.0,1.0,1.0,0.0,0.0,0.0,0.0,0.0,,0.0,0.0,0.0,0.0,0.0,0.0,,,,,,,,,,,,,,,,,,,,,,
2026,2021038710,2026-04-14,1900031.0,坂本 裕哉,20.0,投,3,1.0,0.0,0.0,0.0,0.0,0.0,0.0,0.0,0.0,0.0,0.0,,0.0,0.0,0.0,0.0,0.0,0.0,2.0,1.0,0.0,0.0,1.0,4.05,0.6666666666666666,0.2,,,0.0,2.0,0.0,0.0,0.0,,0.0,0.0,0.0,,4.0,14.0
2026,2021038710,2026-04-14,1900035.0,蝦名 達夫,61.0,中,3,1.0,1.0,3.0,3.0,0.0,0.0,0.0,0.0,0.0,0.0,0.0,,0.0,0.0,0.0,0.0,0.0,0.0,,,,,,,,,,,,,,,,,,,,,,
2026,2021038710,2026-04-14,2000031.0,赤羽 由紘,0.0,三左,2,1.0,1.0,2.0,2.0,1.0,1.0,0.0,0.0,0.0,0.0,0.0,,0.0,0.0,0.0,0.0,0.0,0.0,,,,,,,,,,,,,,,,,,,,,,
2026,2021038710,2026-04-14,2000035.0,牧 秀悟,2.0,二,3,1.0,1.0,3.0,2.0,0.0,0.0,0.0,0.0,0.0,0.0,0.0,,1.0,0.0,0.0,0.0,0.0,0.0,,,,,,,,,,,,,,,,,,,,,,
2026,2021038710,2026-04-14,2000133.0,オスナ,13.0,一,2,1.0,1.0,3.0,3.0,0.0,0.0,0.0,0.0,0.0,0.0,0.0,,0.0,0.0,0.0,0.0,0.0,0.0,,,,,,,,,,,,,,,,,,,,,,
2026,2021038710,2026-04-14,2000135.0,サンタナ,25.0,左,2,1.0,1.0,3.0,2.0,1.0,1.0,0.0,0.0,0.0,0.0,0.0,,1.0,0.0,0.0,0.0,0.0,0.0,,,,,,,,,,,,,,,,,,,,,,
2026,2021038710,2026-04-14,2100014.0,宮下 朝陽,34.0,遊,3,1.0,1.0,3.0,3.0,0.0,1.0,0.0,0.0,0.0,1.0,0.0,,0.0,2.0,0.0,0.0,0.0,0.0,,,,,,,,,,,,,,,,,,,,,,
2026,2021038710,2026-04-14,2100277.0,松尾 汐恩,5.0,捕,3,1.0,1.0,3.0,1.0,0.0,0.0,0.0,0.0,0.0,0.0,0.0,,2.0,0.0,0.0,0.0,0.0,0.0,,,,,,,,,,,,,,,,,,,,,,
2026,2021038710,2026-04-14,2101034.0,ヒュンメル,99.0,左,3,1.0,1.0,3.0,2.0,1.0,0.0,0.0,0.0,0.0,0.0,0.0,,1.0,1.0,0.0,0.0,0.0,0.0,,,,,,,,,,,,,,,,,,,,,,
2026,2021038710,2026-04-14,2103917.0,岩田 幸宏,64.0,中,2,1.0,1.0,3.0,3.0,0.0,0.0,0.0,0.0,0.0,0.0,0.0,,0.0,1.0,0.0,0.0,0.0,0.0,,,,,,,,,,,,,,,,,,,,,,
2026,2021038710,2026-04-14,2105063.0,橋本 星哉,52.0,打,2,1.0,0.0,1.0,1.0,1.0,1.0,0.0,0.0,0.0,0.0,0.0,,0.0,0.0,0.0,0.0,0.0,0.0,,,,,,,,,,,,,,,,,,,,,,
2026,2021038710,2026-04-14,2112175.0,伊藤 琉偉,67.0,走二,2,1.0,0.0,0.0,0.0,0.0,0.0,0.0,0.0,0.0,0.0,0.0,,0.0,0.0,0.0,0.0,0.0,0.0,,,,,,,,,,,,,,,,,,,,,,
2026,2021038711,2026-04-14,1000150.0,秋山 翔吾,9.0,打,6,1.0,0.0,1.0,1.0,0.0,0.0,0.0,0.0,0.0,0.0,0.0,,0.0,1.0,0.0,0.0,0.0,0.0,,,,,,,,,,,,,,,,,,,,,,
2026,2021038711,2026-04-14,1100069.0,高橋 周平,3.0,一,4,1.0,0.0,3.0,3.0,0.0,3.0,0.0,0.0,0.0,1.0,0.0,,0.0,0.0,0.0,0.0,0.0,0.0,,,,,,,,,,,,,,,,,,,,,,
2026,2021038711,2026-04-14,1100082.0,菊池 涼介,33.0,二,6,1.0,1.0,4.0,4.0,0.0,2.0,1.0,0.0,0.0,2.0,0.0,,0.0,0.0,0.0,0.0,0.0,0.0,,,,,,,,,,,,,,,,,,,,,,
2026,2021038711,2026-04-14,1500091.0,板山 祐太郎,63.0,左,4,1.0,0.0,0.0,0.0,0.0,0.0,0.0,0.0,0.0,0.0,0.0,,0.0,0.0,0.0,0.0,0.0,0.0,,,,,,,,,,,,,,,,,,,,,,
2026,2021038711,2026-04-14,1561854.0,サノー,23.0,一,4,1.0,1.0,1.0,1.0,0.0,1.0,0.0,0.0,0.0,2.0,0.0,,0.0,0.0,0.0,0.0,0.0,0.0,,,,,,,,,,,,,,,,,,,,,,
2026,2021038711,2026-04-14,1600085.0,細川 成也,55.0,左,4,1.0,1.0,4.0,3.0,1.0,1.0,0.0,0.0,0.0,0.0,0.0,,1.0,0.0,0.0,0.0,0.0,0.0,,,,,,,,,,,,,,,,,,,,,,
2026,2021038711,2026-04-14,1600110.0,藤嶋 健人,54.0,投,4,1.0,0.0,0.0,0.0,0.0,0.0,0.0,0.0,0.0,0.0,0.0,,0.0,0.0,0.0,0.0,0.0,0.0,3.0,1.0,0.0,0.0,1.0,6.75,0.3333333333333333,0.1,,,0.0,1.0,0.0,0.0,0.0,,0.0,0.0,1.0,,3.0,11.0
2026,2021038711,2026-04-14,1600124.0,坂倉 将吾,31.0,捕,6,1.0,1.0,4.0,4.0,0.0,1.0,0.0,0.0,0.0,0.0,0.0,,0.0,1.0,0.0,0.0,0.0,0.0,,,,,,,,,,,,,,,,,,,,,,
2026,2021038711,2026-04-14,1660558.0,メヒア,91.0,投,4,1.0,0.0,0.0,0.0,0.0,0.0,0.0,0.0,0.0,0.0,0.0,,0.0,0.0,0.0,0.0,0.0,0.0,2.0,1.0,0.0,0.0,0.0,2.7,0.6666666666666666,0.2,,,0.0,0.0,0.0,0.0,0.0,,0.0,0.0,0.0,,2.0,11.0
2026,2021038711,2026-04-14,1700068.0,中村 奨成,96.0,右,6,1.0,1.0,4.0,4.0,1.0,1.0,1.0,0.0,0.0,0.0,0.0,,0.0,0.0,0.0,0.0,0.0,0.0,,,,,,,,,,,,,,,,,,,,,,
2026,2021038711,2026-04-14,1750223.0,村松 開人,5.0,遊,4,1.0,1.0,4.0,3.0,2.0,2.0,0.0,0.0,0.0,0.0,0.0,,1.0,0.0,0.0,0.0,0.0,1.0,,,,,,,,,,,,,,,,,,,,,,
2026,2021038711,2026-04-14,1750701.0,田中 幹也,2.0,二,4,1.0,1.0,4.0,4.0,0.0,0.0,0.0,0.0,0.0,0.0,0.0,,0.0,0.0,0.0,0.0,0.0,0.0,,,,,,,,,,,,,,,,,,,,,,
2026,2021038711,2026-04-14,1800079.0,大盛 穂,59.0,中,6,1.0,1.0,5.0,5.0,1.0,1.0,0.0,0.0,0.0,0.0,0.0,,0.0,3.0,0.0,0.0,0.0,0.0,,,,,,,,,,,,,,,,,,,,,,
2026,2021038711,2026-04-14,1900052.0,森下 暢仁,18.0,投,6,1.0,1.0,1.0,1.0,0.0,0.0,0.0,0.0,0.0,0.0,0.0,,0.0,0.0,0.0,0.0,0.0,0.0,1.0,1.0,,1.0,2.0,5.02,4.0,4.0,,,0.0,7.0,4.0,4.0,0.0,,1.0,3.0,0.0,,18.0,79.0
2026,2021038711,2026-04-14,1900073.0,鈴木 健矢,41.0,投,6,1.0,0.0,0.0,0.0,0.0,0.0,0.0,0.0,0.0,0.0,0.0,,0.0,0.0,0.0,0.0,0.0,0.0,3.0,1.0,0.0,0.0,0.0,13.5,1.0,1.0,,,0.0,0.0,0.0,0.0,0.0,,1.0,0.0,0.0,,3.0,11.0
2026,2021038711,2026-04-14,1961300.0,ボスラー,24.0,右,4,1.0,1.0,4.0,3.0,1.0,1.0,1.0,0.0,0.0,1.0,0.0,,0.0,0.0,0.0,0.0,1.0,0.0,,,,,,,,,,,,,,,,,,,,,,
2026,2021038711,2026-04-14,1961927.0,モンテロ,95.0,一,6,1.0,1.0,4.0,4.0,0.0,1.0,0.0,0.0,0.0,0.0,0.0,,0.0,1.0,0.0,0.0,0.0,0.0,,,,,,,,,,,,,,,,,,,,,,
2026,2021038711,2026-04-14,2000061.0,森浦 大輔,13.0,投,6,1.0,0.0,0.0,0.0,0.0,0.0,0.0,0.0,0.0,0.0,0.0,,0.0,0.0,0.0,0.0,0.0,0.0,4.0,1.0,0.0,1.0,2.0,6.0,1.0,1.0,,,1.0,1.0,0.0,0.0,0.0,,0.0,1.0,0.0,,4.0,19.0
2026,2021038711,2026-04-14,2000066.0,二俣 翔一,99.0,打,6,1.0,0.0,1.0,1.0,0.0,1.0,0.0,0.0,0.0,0.0,0.0,,0.0,0.0,0.0,0.0,0.0,0.0,,,,,,,,,,,,,,,,,,,,,,
2026,2021038711,2026-04-14,2050203.0,佐々木 泰,10.0,三,6,1.0,1.0,4.0,4.0,0.0,1.0,0.0,0.0,0.0,0.0,0.0,,0.0,1.0,0.0,0.0,0.0,0.0,,,,,,,,,,,,,,,,,,,,,,
2026,2021038711,2026-04-14,2100275.0,花田 旭,57.0,中,4,1.0,1.0,4.0,4.0,1.0,2.0,1.0,0.0,0.0,2.0,0.0,,0.0,1.0,0.0,0.0,0.0,0.0,,,,,,,,,,,,,,,,,,,,,,
2026,2021038711,2026-04-14,2103780.0,福永 裕基,7.0,三,4,1.0,1.0,4.0,4.0,1.0,1.0,0.0,0.0,0.0,0.0,0.0,,0.0,1.0,0.0,0.0,0.0,0.0,,,,,,,,,,,,,,,,,,,,,,
2026,2021038711,2026-04-14,2105102.0,石伊 雄太,9.0,捕,4,1.0,1.0,4.0,4.0,0.0,1.0,0.0,0.0,0.0,0.0,0.0,,0.0,0.0,0.0,0.0,0.0,0.0,,,,,,,,,,,,,,,,,,,,,,
2026,2021038711,2026-04-14,2105174.0,辻本 倫太郎,0.0,走遊,4,1.0,0.0,0.0,0.0,0.0,0.0,0.0,0.0,0.0,0.0,0.0,,0.0,0.0,0.0,0.0,0.0,0.0,,,,,,,,,,,,,,,,,,,,,,
2026,2021038711,2026-04-14,2107869.0,松山 晋也,90.0,投,4,1.0,0.0,0.0,0.0,0.0,0.0,0.0,0.0,0.0,0.0,0.0,,0.0,0.0,0.0,0.0,0.0,0.0,4.0,1.0,0.0,0.0,1.0,11.57,0.6666666666666666,0.2,,,2.0,0.0,0.0,0.0,0.0,,0.0,1.0,0.0,,2.0,8.0
2026,2021038711,2026-04-14,2108462.0,金丸 夢斗,21.0,投,4,1.0,1.0,3.0,3.0,0.0,0.0,0.0,0.0,0.0,0.0,0.0,,0.0,3.0,0.0,0.0,0.0,0.0,1.0,1.0,,1.0,1.0,3.93,7.333333333333333,7.1,,,0.0,7.0,2.0,2.0,0.0,,0.0,8.0,0.0,,30.0,119.0
2026,2021038711,2026-04-14,2110148.0,渡邉 悠斗,49.0,打,6,1.0,0.0,1.0,1.0,0.0,0.0,0.0,0.0,0.0,0.0,0.0,,0.0,0.0,0.0,0.0,0.0,0.0,,,,,,,,,,,,,,,,,,,,,,
2026,2021038711,2026-04-14,2110422.0,勝田 成,0.0,遊,6,1.0,1.0,4.0,3.0,0.0,0.0,0.0,0.0,0.0,0.0,0.0,,0.0,2.0,1.0,0.0,0.0,0.0,,,,,,,,,,,,,,,,,,,,,,
2026,2021038711,2026-04-14,2114641.0,赤木 晴哉,38.0,投,6,1.0,0.0,0.0,0.0,0.0,0.0,0.0,0.0,0.0,0.0,0.0,,0.0,0.0,0.0,0.0,0.0,0.0,2.0,1.0,0.0,0.0,0.0,13.5,2.0,2.0,,,0.0,4.0,2.0,2.0,0.0,,0.0,1.0,0.0,,10.0,36.0
2026,2021038711,2026-04-14,2114882.0,ファビアン,61.0,左,6,1.0,1.0,4.0,4.0,0.0,0.0,0.0,0.0,0.0,0.0,0.0,,0.0,0.0,0.0,0.0,0.0,0.0,,,,,,,,,,,,,,,,,,,,,,
2026,2021038712,2026-04-14,700003.0,坂本 勇人,6.0,打,1,1.0,0.0,1.0,1.0,0.0,1.0,0.0,0.0,0.0,0.0,0.0,,0.0,0.0,0.0,0.0,0.0,0.0,,,,,,,,,,,,,,,,,,,,,,
2026,2021038712,2026-04-14,1100095.0,松本 剛,9.0,中,1,1.0,1.0,5.0,5.0,0.0,2.0,1.0,0.0,0.0,1.0,0.0,,0.0,1.0,0.0,0.0,0.0,0.0,,,,,,,,,,,,,,,,,,,,,,
2026,2021038712,2026-04-14,1200100.0,伏見 寅威,17.0,打,5,1.0,0.0,1.0,1.0,0.0,0.0,0.0,0.0,0.0,0.0,0.0,,0.0,1.0,0.0,0.0,0.0,0.0,,,,,,,,,,,,,,,,,,,,,,
2026,2021038712,2026-04-14,1200117.0,則本 昂大,43.0,投,1,1.0,1.0,2.0,2.0,0.0,0.0,0.0,0.0,0.0,0.0,0.0,,0.0,2.0,0.0,0.0,0.0,0.0,1.0,1.0,,0.0,1.0,1.38,6.0,6.0,,,0.0,2.0,0.0,0.0,0.0,,1.0,3.0,0.0,,21.0,93.0
2026,2021038712,2026-04-14,1300075.0,岩崎 優,13.0,投,5,1.0,0.0,0.0,0.0,0.0,0.0,0.0,0.0,0.0,0.0,0.0,,0.0,0.0,0.0,0.0,0.0,0.0,4.0,1.0,0.0,0.0,1.0,1.5,1.0,1.0,,,4.0,2.0,1.0,1.0,0.0,,0.0,0.0,0.0,,4.0,14.0
2026,2021038712,2026-04-14,1500087.0,坂本 誠志郎,12.0,捕,5,1.0,1.0,3.0,3.0,0.0,0.0,0.0,0.0,0.0,0.0,0.0,,0.0,1.0,0.0,0.0,0.0,0.0,,,,,,,,,,,,,,,,,,,,,,
2026,2021038712,2026-04-14,1561820.0,ダルベック,29.0,三,1,1.0,1.0,4.0,4.0,1.0,0.0,0.0,0.0,0.0,0.0,0.0,,0.0,2.0,0.0,0.0,0.0,1.0,,,,,,,,,,,,,,,,,,,,,,
2026,2021038712,2026-04-14,1600113.0,大山 悠輔,3.0,一,5,1.0,1.0,4.0,4.0,1.0,1.0,0.0,0.0,0.0,0.0,0.0,,0.0,0.0,0.0,0.0,0.0,1.0,,,,,,,,,,,,,,,,,,,,,,
2026,2021038712,2026-04-14,1600115.0,才木 浩人,35.0,投,5,1.0,1.0,1.0,1.0,0.0,0.0,0.0,0.0,0.0,0.0,0.0,,0.0,1.0,0.0,0.0,0.0,0.0,1.0,1.0,,2.0,0.0,1.8,6.0,6.0,,,0.0,7.0,2.0,1.0,0.0,,0.0,8.0,0.0,,26.0,101.0
2026,2021038712,2026-04-14,1700010.0,マルティネス,92.0,投,1,1.0,0.0,0.0,0.0,0.0,0.0,0.0,0.0,0.0,0.0,0.0,,0.0,0.0,0.0,0.0,0.0,0.0,5.0,1.0,0.0,0.0,0.0,2.25,1.0,1.0,,,4.0,1.0,0.0,0.0,0.0,,0.0,1.0,0.0,,3.0,17.0
2026,2021038712,2026-04-14,1700027.0,田中 瑛斗,45.0,投,1,1.0,0.0,0.0,0.0,0.0,0.0,0.0,0.0,0.0,0.0,0.0,,0.0,0.0,0.0,0.0,0.0,0.0,3.0,1.0,0.0,1.0,0.0,0.0,0.6666666666666666,0.2,,,1.0,1.0,0.0,0.0,0.0,,0.0,1.0,0.0,,3.0,10.0
2026,2021038712,2026-04-14,1700029.0,北浦 竜次,56.0,投,1,1.0,0.0,0.0,0.0,0.0,0.0,0.0,0.0,0.0,0.0,0.0,,0.0,0.0,0.0,0.0,0.0,0.0,2.0,1.0,0.0,0.0,0.0,11.12,0.3333333333333333,0.1,,,0.0,3.0,3.0,3.0,0.0,,0.0,1.0,0.0,,4.0,11.0
2026,2021038712,2026-04-14,1700044.0,大城 卓三,24.0,捕,1,1.0,1.0,4.0,4.0,1.0,3.0,0.0,0.0,1.0,2.0,0.0,,0.0,1.0,0.0,0.0,0.0,0.0,,,,,,,,,,,,,,,,,,,,,,
2026,2021038712,2026-04-14,1700079.0,熊谷 敬宥,4.0,走,5,1.0,0.0,0.0,0.0,1.0,0.0,0.0,0.0,0.0,0.0,1.0,,0.0,0.0,0.0,0.0,0.0,0.0,,,,,,,,,,,,,,,,,,,,,,
2026,2021038712,2026-04-14,1750321.0,泉口 友汰,35.0,遊,1,1.0,1.0,4.0,4.0,0.0,1.0,0.0,0.0,0.0,0.0,1.0,,0.0,1.0,0.0,0.0,0.0,0.0,,,,,,,,,,,,,,,,,,,,,,
2026,2021038712,2026-04-14,1800024.0,増田 陸,61.0,一,1,1.0,1.0,4.0,4.0,0.0,2.0,2.0,0.0,0.0,1.0,0.0,,0.0,0.0,0.0,0.0,0.0,0.0,,,,,,,,,,,,,,,,,,,,,,
2026,2021038712,2026-04-14,1800065.0,近本 光司,5.0,中,5,1.0,1.0,4.0,4.0,0.0,0.0,0.0,0.0,0.0,0.0,0.0,,0.0,0.0,0.0,0.0,0.0,0.0,,,,,,,,,,,,,,,,,,,,,,
2026,2021038712,2026-04-14,1800066.0,小幡 竜平,38.0,遊,5,1.0,0.0,1.0,1.0,0.0,1.0,0.0,0.0,0.0,0.0,0.0,,0.0,0.0,0.0,0.0,0.0,0.0,,,,,,,,,,,,,,,,,,,,,,
2026,2021038712,2026-04-14,1800067.0,木浪 聖也,0.0,遊,5,1.0,1.0,3.0,2.0,0.0,0.0,0.0,0.0,0.0,0.0,0.0,,1.0,1.0,0.0,0.0,0.0,1.0,,,,,,,,,,,,,,,,,,,,,,
2026,2021038712,2026-04-14,1800070.0,湯浅 京己,65.0,投,5,1.0,0.0,0.0,0.0,0.0,0.0,0.0,0.0,0.0,0.0,0.0,,0.0,0.0,0.0,0.0,0.0,0.0,2.0,1.0,0.0,1.0,0.0,3.86,1.0,1.0,,,0.0,0.0,0.0,0.0,0.0,,0.0,2.0,0.0,,4.0,19.0
2026,2021038712,2026-04-14,1850183.0,森下 翔太,1.0,右,5,1.0,1.0,4.0,4.0,0.0,0.0,0.0,0.0,0.0,0.0,0.0,,0.0,2.0,0.0,0.0,0.0,0.0,,,,,,,,,,,,,,,,,,,,,,
2026,2021038712,2026-04-14,1950996.0,前川 右京,58.0,左,5,1.0,1.0,3.0,3.0,0.0,2.0,0.0,0.0,0.0,1.0,0.0,,0.0,0.0,0.0,0.0,0.0,0.0,,,,,,,,,,,,,,,,,,,,,,
2026,2021038712,2026-04-14,1951153.0,浦田 俊輔,32.0,二,1,1.0,1.0,5.0,4.0,0.0,0.0,0.0,0.0,0.0,0.0,0.0,,0.0,0.0,0.0,1.0,0.0,0.0,,,,,,,,,,,,,,,,,,,,,,
2026,2021038712,2026-04-14,2000007.0,中山 礼都,40.0,右,1,1.0,1.0,4.0,4.0,0.0,0.0,0.0,0.0,0.0,0.0,0.0,,0.0,1.0,0.0,0.0,0.0,0.0,,,,,,,,,,,,,,,,,,,,,,
2026,2021038712,2026-04-14,2000051.0,佐藤 輝明,8.0,三,5,1.0,1.0,4.0,4.0,1.0,1.0,1.0,0.0,0.0,0.0,0.0,,0.0,0.0,0.0,0.0,0.0,0.0,,,,,,,,,,,,,,,,,,,,,,
2026,2021038712,2026-04-14,2000056.0,中野 拓夢,7.0,二,5,1.0,1.0,4.0,4.0,0.0,1.0,0.0,0.0,0.0,0.0,0.0,,0.0,0.0,0.0,0.0,0.0,0.0,,,,,,,,,,,,,,,,,,,,,,
2026,2021038712,2026-04-14,2000057.0,高寺 望夢,67.0,打左,5,1.0,0.0,1.0,1.0,0.0,1.0,0.0,0.0,0.0,2.0,0.0,,0.0,0.0,0.0,0.0,0.0,0.0,,,,,,,,,,,,,,,,,,,,,,
2026,2021038712,2026-04-14,2103697.0,大勢,15.0,投,1,1.0,0.0,0.0,0.0,0.0,0.0,0.0,0.0,0.0,0.0,0.0,,0.0,0.0,0.0,0.0,0.0,0.0,4.0,1.0,0.0,1.0,0.0,1.69,1.0,1.0,,,2.0,0.0,0.0,0.0,0.0,,0.0,0.0,0.0,,3.0,11.0
2026,2021038712,2026-04-14,2106178.0,佐々木 俊輔,44.0,打,1,1.0,0.0,1.0,1.0,0.0,0.0,0.0,0.0,0.0,0.0,0.0,,0.0,1.0,0.0,0.0,0.0,0.0,,,,,,,,,,,,,,,,,,,,,,
2026,2021038712,2026-04-14,2107764.0,宇都宮 葵星,68.0,走,1,1.0,0.0,0.0,0.0,1.0,0.0,0.0,0.0,0.0,0.0,0.0,,0.0,0.0,0.0,0.0,0.0,0.0,,,,,,,,,,,,,,,,,,,,,,
2026,2021038712,2026-04-14,2107874.0,門脇 誠,5.0,三,1,1.0,0.0,0.0,0.0,0.0,0.0,0.0,0.0,0.0,0.0,0.0,,0.0,0.0,0.0,0.0,0.0,0.0,,,,,,,,,,,,,,,,,,,,,,
2026,2021038712,2026-04-14,2108105.0,モレッタ,99.0,投,5,1.0,0.0,0.0,0.0,0.0,0.0,0.0,0.0,0.0,0.0,0.0,,0.0,0.0,0.0,0.0,0.0,0.0,3.0,1.0,0.0,1.0,0.0,1.29,1.0,1.0,,,0.0,1.0,1.0,1.0,1.0,,0.0,0.0,0.0,,4.0,11.0
2026,2021038712,2026-04-14,2110225.0,福島 圭音,92.0,打,5,1.0,0.0,1.0,1.0,0.0,0.0,0.0,0.0,0.0,0.0,0.0,,0.0,0.0,0.0,0.0,0.0,0.0,,,,,,,,,,,,,,,,,,,,,,
2026,2021038712,2026-04-14,2118420.0,キャベッジ,13.0,左,1,1.0,1.0,4.0,4.0,1.0,1.0,0.0,0.0,0.0,0.0,0.0,,0.0,1.0,0.0,0.0,0.0,0.0,,,,,,,,,,,,,,,,,,,,,,
2026,2021038713,2026-04-14,1000100.0,西川 遥輝,7.0,中左,8,1.0,1.0,4.0,3.0,1.0,0.0,0.0,0.0,0.0,0.0,0.0,,0.0,1.0,1.0,0.0,0.0,0.0,,,,,,,,,,,,,,,,,,,,,,
2026,2021038713,2026-04-14,1300044.0,岡 大海,25.0,一,9,1.0,0.0,1.0,1.0,0.0,0.0,0.0,0.0,0.0,0.0,0.0,,0.0,1.0,0.0,0.0,0.0,0.0,,,,,,,,,,,,,,,,,,,,,,
2026,2021038713,2026-04-14,1400118.0,清水 優心,10.0,一,8,1.0,0.0,0.0,0.0,0.0,0.0,0.0,0.0,0.0,0.0,0.0,,0.0,0.0,0.0,0.0,0.0,0.0,,,,,,,,,,,,,,,,,,,,,,
2026,2021038713,2026-04-14,1460080.0,ポランコ,22.0,指,9,1.0,1.0,4.0,4.0,0.0,0.0,0.0,0.0,0.0,0.0,0.0,,0.0,0.0,0.0,0.0,0.0,0.0,,,,,,,,,,,,,,,,,,,,,,
2026,2021038713,2026-04-14,1700020.0,ソト,99.0,一,9,1.0,1.0,3.0,3.0,0.0,0.0,0.0,0.0,0.0,0.0,0.0,,0.0,0.0,0.0,0.0,0.0,0.0,,,,,,,,,,,,,,,,,,,,,,
2026,2021038713,2026-04-14,1700025.0,清宮 幸太郎,21.0,一,8,1.0,1.0,5.0,2.0,0.0,0.0,0.0,0.0,0.0,0.0,0.0,,2.0,0.0,1.0,0.0,0.0,1.0,,,,,,,,,,,,,,,,,,,,,,
2026,2021038713,2026-04-14,1800037.0,坂本 光士郎,36.0,,9,,,,,,,,,,,,,,,,,,,2.0,1.0,0.0,0.0,0.0,0.0,1.0,1.0,,,0.0,0.0,0.0,0.0,0.0,,0.0,2.0,0.0,,3.0,11.0
2026,2021038713,2026-04-14,1800050.0,藤原 恭大,1.0,中,9,1.0,1.0,4.0,4.0,0.0,2.0,0.0,0.0,0.0,0.0,0.0,,0.0,1.0,0.0,0.0,0.0,0.0,,,,,,,,,,,,,,,,,,,,,,
2026,2021038713,2026-04-14,1800091.0,野村 佑希,5.0,左,8,1.0,1.0,4.0,3.0,0.0,0.0,0.0,0.0,0.0,0.0,0.0,,1.0,1.0,0.0,0.0,0.0,0.0,,,,,,,,,,,,,,,,,,,,,,
2026,2021038713,2026-04-14,1800093.0,万波 中正,66.0,右,8,1.0,1.0,5.0,5.0,0.0,0.0,0.0,0.0,0.0,0.0,0.0,,0.0,2.0,0.0,0.0,0.0,0.0,,,,,,,,,,,,,,,,,,,,,,
2026,2021038713,2026-04-14,1800095.0,田宮 裕涼,64.0,捕,8,1.0,1.0,4.0,4.0,1.0,1.0,0.0,0.0,1.0,1.0,0.0,,0.0,2.0,0.0,0.0,0.0,0.0,,,,,,,,,,,,,,,,,,,,,,
2026,2021038713,2026-04-14,1850932.0,奈良間 大己,58.0,二,8,1.0,1.0,4.0,2.0,1.0,1.0,0.0,0.0,0.0,0.0,0.0,,1.0,1.0,1.0,0.0,0.0,0.0,,,,,,,,,,,,,,,,,,,,,,
2026,2021038713,2026-04-14,1850947.0,上田 希由翔,10.0,二,9,1.0,1.0,3.0,2.0,0.0,0.0,0.0,0.0,0.0,0.0,0.0,,1.0,1.0,0.0,0.0,0.0,0.0,,,,,,,,,,,,,,,,,,,,,,
2026,2021038713,2026-04-14,1851204.0,水野 達稀,43.0,遊,8,1.0,1.0,5.0,3.0,1.0,1.0,1.0,0.0,0.0,2.0,0.0,,1.0,0.0,0.0,1.0,0.0,0.0,,,,,,,,,,,,,,,,,,,,,,
2026,2021038713,2026-04-14,1860140.0,レイエス,99.0,指,8,1.0,1.0,4.0,4.0,1.0,2.0,0.0,0.0,0.0,0.0,0.0,,0.0,2.0,0.0,0.0,0.0,0.0,,,,,,,,,,,,,,,,,,,,,,
2026,2021038713,2026-04-14,1900040.0,郡司 裕也,3.0,三,8,1.0,1.0,5.0,4.0,0.0,1.0,0.0,0.0,0.0,1.0,0.0,,1.0,2.0,0.0,0.0,0.0,1.0,,,,,,,,,,,,,,,,,,,,,,
2026,2021038713,2026-04-14,1900081.0,佐藤 都志也,32.0,打捕,9,1.0,0.0,2.0,1.0,0.0,0.0,0.0,0.0,0.0,0.0,0.0,,1.0,0.0,0.0,0.0,0.0,0.0,,,,,,,,,,,,,,,,,,,,,,
2026,2021038713,2026-04-14,1900082.0,高部 瑛斗,0.0,打,9,1.0,0.0,1.0,0.0,0.0,0.0,0.0,0.0,0.0,0.0,0.0,,1.0,0.0,0.0,0.0,0.0,0.0,,,,,,,,,,,,,,,,,,,,,,
2026,2021038713,2026-04-14,1950286.0,西川 史礁,6.0,左,9,1.0,1.0,5.0,5.0,0.0,2.0,0.0,0.0,0.0,0.0,0.0,,0.0,0.0,0.0,0.0,0.0,0.0,,,,,,,,,,,,,,,,,,,,,,
2026,2021038713,2026-04-14,2000080.0,五十幡 亮汰,50.0,中,8,1.0,0.0,1.0,1.0,0.0,0.0,0.0,0.0,0.0,0.0,0.0,,0.0,0.0,0.0,0.0,0.0,0.0,,,,,,,,,,,,,,,,,,,,,,
2026,2021038713,2026-04-14,2000089.0,小川 龍成,57.0,遊,9,1.0,1.0,2.0,2.0,0.0,0.0,0.0,0.0,0.0,0.0,0.0,,0.0,1.0,0.0,0.0,0.0,0.0,,,,,,,,,,,,,,,,,,,,,,
2026,2021038713,2026-04-14,2000094.0,山本 大斗,61.0,右,9,1.0,1.0,4.0,3.0,0.0,1.0,0.0,0.0,0.0,0.0,0.0,,1.0,0.0,0.0,0.0,0.0,0.0,,,,,,,,,,,,,,,,,,,,,,
2026,2021038713,2026-04-14,2050307.0,達 孝太,16.0,,8,,,,,,,,,,,,,,,,,,,1.0,1.0,,1.0,1.0,3.93,8.0,8.0,,,0.0,5.0,1.0,1.0,1.0,,2.0,7.0,0.0,,31.0,121.0
2026,2021038713,2026-04-14,2100346.0,松川 虎生,2.0,捕,9,1.0,1.0,2.0,2.0,0.0,0.0,0.0,0.0,0.0,0.0,0.0,,0.0,2.0,0.0,0.0,0.0,0.0,,,,,,,,,,,,,,,,,,,,,,
2026,2021038713,2026-04-14,2102926.0,寺地 隆成,65.0,三,9,1.0,1.0,4.0,4.0,1.0,1.0,0.0,0.0,1.0,1.0,0.0,,0.0,2.0,0.0,0.0,0.0,0.0,,,,,,,,,,,,,,,,,,,,,,
2026,2021038713,2026-04-14,2103635.0,柳川 大晟,47.0,,8,,,,,,,,,,,,,,,,,,,2.0,1.0,0.0,0.0,0.0,1.8,1.0,1.0,,,3.0,1.0,0.0,0.0,0.0,,2.0,1.0,0.0,,6.0,29.0
2026,2021038713,2026-04-14,2103904.0,ジャクソン,42.0,,9,,,,,,,,,,,,,,,,,,,1.0,1.0,,1.0,2.0,4.5,7.0,7.0,,,0.0,6.0,4.0,4.0,1.0,,5.0,8.0,1.0,,32.0,114.0
2026,2021038713,2026-04-14,2106284.0,矢澤 宏太,12.0,左,8,1.0,0.0,0.0,0.0,0.0,0.0,0.0,0.0,0.0,0.0,0.0,,0.0,0.0,0.0,0.0,0.0,0.0,,,,,,,,,,,,,,,,,,,,,,
2026,2021038713,2026-04-14,2107586.0,宮崎 颯,66.0,,9,,,,,,,,,,,,,,,,,,,3.0,1.0,0.0,0.0,0.0,7.2,1.0,1.0,,,0.0,0.0,1.0,1.0,0.0,,1.0,1.0,2.0,,6.0,27.0
2026,2021038713,2026-04-14,2117855.0,宮崎 竜成,44.0,打遊,9,1.0,0.0,2.0,2.0,0.0,0.0,0.0,0.0,0.0,0.0,0.0,,0.0,0.0,0.0,0.0,0.0,0.0,,,,,,,,,,,,,,,,,,,,,,
2026,2021038714,2026-04-14,1100061.0,桑原 将志,7.0,左中,7,1.0,1.0,5.0,5.0,0.0,4.0,1.0,0.0,0.0,0.0,0.0,,0.0,0.0,0.0,0.0,0.0,1.0,,,,,,,,,,,,,,,,,,,,,,
2026,2021038714,2026-04-14,1300061.0,中村 祐太,58.0,,7,,,,,,,,,,,,,,,,,,,3.0,1.0,0.0,0.0,0.0,1.8,2.0,2.0,,,0.0,0.0,0.0,0.0,0.0,,0.0,1.0,0.0,,6.0,27.0
2026,2021038714,2026-04-14,1300109.0,若月 健矢,2.0,捕,11,1.0,1.0,3.0,3.0,1.0,1.0,0.0,0.0,0.0,0.0,0.0,,0.0,0.0,0.0,0.0,0.0,0.0,,,,,,,,,,,,,,,,,,,,,,
2026,2021038714,2026-04-14,1400196.0,宗 佑磨,6.0,三,11,1.0,1.0,4.0,3.0,1.0,0.0,0.0,0.0,0.0,0.0,0.0,,0.0,1.0,0.0,1.0,0.0,0.0,,,,,,,,,,,,,,,,,,,,,,
2026,2021038714,2026-04-14,1500041.0,廣岡 大志,30.0,右,11,1.0,1.0,3.0,2.0,1.0,1.0,0.0,0.0,0.0,1.0,0.0,,0.0,0.0,0.0,0.0,1.0,0.0,,,,,,,,,,,,,,,,,,,,,,
2026,2021038714,2026-04-14,1500096.0,西川 龍馬,7.0,指,11,1.0,1.0,4.0,4.0,0.0,1.0,0.0,0.0,0.0,2.0,0.0,,0.0,0.0,0.0,0.0,0.0,0.0,,,,,,,,,,,,,,,,,,,,,,
2026,2021038714,2026-04-14,1500128.0,大城 滉二,10.0,二,11,1.0,0.0,0.0,0.0,0.0,0.0,0.0,0.0,0.0,0.0,0.0,,0.0,0.0,0.0,0.0,0.0,0.0,,,,,,,,,,,,,,,,,,,,,,
2026,2021038714,2026-04-14,1600129.0,源田 壮亮,6.0,遊,7,1.0,1.0,5.0,3.0,0.0,0.0,0.0,0.0,0.0,0.0,0.0,,2.0,0.0,0.0,0.0,0.0,0.0,,,,,,,,,,,,,,,,,,,,,,
2026,2021038714,2026-04-14,1650221.0,椋木 蓮,15.0,,11,,,,,,,,,,,,,,,,,,,4.0,1.0,0.0,0.0,0.0,0.0,1.0,1.0,,,0.0,1.0,0.0,0.0,0.0,,0.0,2.0,0.0,,4.0,17.0
2026,2021038714,2026-04-14,1650722.0,杉澤 龍,33.0,中,11,1.0,1.0,2.0,1.0,0.0,0.0,0.0,0.0,0.0,0.0,0.0,,0.0,1.0,1.0,0.0,0.0,0.0,,,,,,,,,,,,,,,,,,,,,,
2026,2021038714,2026-04-14,1660014.0,ペルドモ,59.0,,11,,,,,,,,,,,,,,,,,,,3.0,1.0,0.0,1.0,2.0,8.44,1.0,1.0,,,0.0,2.0,0.0,0.0,0.0,,0.0,0.0,0.0,,5.0,17.0
2026,2021038714,2026-04-14,1660299.0,林 安可,73.0,指,7,1.0,1.0,4.0,4.0,0.0,2.0,1.0,0.0,0.0,0.0,0.0,,0.0,2.0,0.0,0.0,0.0,0.0,,,,,,,,,,,,,,,,,,,,,,
2026,2021038714,2026-04-14,1750472.0,古賀 悠斗,22.0,捕,7,1.0,1.0,4.0,4.0,0.0,2.0,0.0,0.0,0.0,0.0,0.0,,0.0,2.0,0.0,0.0,0.0,0.0,,,,,,,,,,,,,,,,,,,,,,
2026,2021038714,2026-04-14,1750481.0,仲田 慶介,0.0,二一,7,1.0,1.0,4.0,4.0,0.0,0.0,0.0,0.0,0.0,0.0,0.0,,0.0,1.0,0.0,0.0,0.0,0.0,,,,,,,,,,,,,,,,,,,,,,
2026,2021038714,2026-04-14,1750595.0,曽谷 龍平,17.0,,11,,,,,,,,,,,,,,,,,,,1.0,1.0,,1.0,0.0,1.8,5.0,5.0,,,0.0,5.0,1.0,1.0,0.0,,2.0,4.0,0.0,,22.0,89.0
2026,2021038714,2026-04-14,1751148.0,隅田 知一郎,16.0,,7,,,,,,,,,,,,,,,,,,,1.0,1.0,,1.0,1.0,3.71,5.0,5.0,,,0.0,4.0,5.0,1.0,0.0,,0.0,4.0,1.0,,21.0,70.0
2026,2021038714,2026-04-14,1800098.0,太田 椋,1.0,二一,11,1.0,1.0,4.0,4.0,0.0,0.0,0.0,0.0,0.0,0.0,0.0,,0.0,1.0,0.0,0.0,0.0,0.0,,,,,,,,,,,,,,,,,,,,,,
2026,2021038714,2026-04-14,1800104.0,中川 圭太,67.0,左,11,1.0,1.0,3.0,3.0,1.0,2.0,1.0,0.0,0.0,0.0,0.0,,0.0,0.0,0.0,0.0,0.0,0.0,,,,,,,,,,,,,,,,,,,,,,
2026,2021038714,2026-04-14,1900068.0,岸 潤一郎,68.0,中,7,1.0,1.0,3.0,3.0,0.0,0.0,0.0,0.0,0.0,0.0,0.0,,0.0,1.0,0.0,0.0,0.0,0.0,,,,,,,,,,,,,,,,,,,,,,
2026,2021038714,2026-04-14,1900088.0,紅林 弘太郎,24.0,遊,11,1.0,1.0,3.0,3.0,1.0,0.0,0.0,0.0,0.0,0.0,0.0,,0.0,0.0,0.0,0.0,0.0,0.0,,,,,,,,,,,,,,,,,,,,,,
2026,2021038714,2026-04-14,1950417.0,渡部 聖弥,8.0,三,7,1.0,1.0,5.0,5.0,0.0,1.0,0.0,0.0,0.0,0.0,0.0,,0.0,0.0,0.0,0.0,0.0,1.0,,,,,,,,,,,,,,,,,,,,,,
2026,2021038714,2026-04-14,1961416.0,マチャド,42.0,,11,,,,,,,,,,,,,,,,,,,5.0,1.0,0.0,0.0,0.0,0.0,1.0,1.0,,,2.0,1.0,0.0,0.0,0.0,,1.0,2.0,0.0,,5.0,23.0
2026,2021038714,2026-04-14,2000073.0,仲三 優太,55.0,打左,7,1.0,0.0,2.0,2.0,0.0,1.0,0.0,0.0,0.0,0.0,0.0,,0.0,1.0,0.0,0.0,0.0,0.0,,,,,,,,,,,,,,,,,,,,,,
2026,2021038714,2026-04-14,2000075.0,長谷川 信哉,63.0,一,7,1.0,1.0,3.0,2.0,0.0,0.0,0.0,0.0,0.0,1.0,0.0,,0.0,1.0,0.0,0.0,1.0,0.0,,,,,,,,,,,,,,,,,,,,,,
2026,2021038714,2026-04-14,2000077.0,豆田 泰志,70.0,,7,,,,,,,,,,,,,,,,,,,2.0,1.0,0.0,0.0,0.0,0.0,1.0,1.0,,,0.0,1.0,0.0,0.0,0.0,,0.0,0.0,0.0,,4.0,11.0
2026,2021038714,2026-04-14,2050145.0,小島 大河,10.0,打,7,1.0,0.0,1.0,1.0,0.0,0.0,0.0,0.0,0.0,0.0,0.0,,0.0,1.0,0.0,0.0,0.0,0.0,,,,,,,,,,,,,,,,,,,,,,
2026,2021038714,2026-04-14,2103793.0,横山 楓,52.0,,11,,,,,,,,,,,,,,,,,,,2.0,1.0,0.0,1.0,0.0,0.0,1.0,1.0,,,0.0,1.0,0.0,0.0,0.0,,0.0,3.0,0.0,,4.0,20.0
2026,2021038714,2026-04-14,2110153.0,麦谷 祐介,8.0,走中,11,1.0,0.0,2.0,2.0,0.0,0.0,0.0,0.0,0.0,0.0,0.0,,0.0,1.0,0.0,0.0,0.0,0.0,,,,,,,,,,,,,,,,,,,,,,
2026,2021038714,2026-04-14,2117028.0,カナリオ,25.0,右,7,1.0,1.0,4.0,3.0,1.0,0.0,0.0,0.0,0.0,0.0,0.0,,1.0,2.0,0.0,0.0,0.0,0.0,,,,,,,,,,,,,,,,,,,,,,
2026,2021038714,2026-04-14,2117200.0,シーモア,45.0,一,11,1.0,1.0,3.0,3.0,0.0,0.0,0.0,0.0,0.0,0.0,0.0,,0.0,1.0,0.0,0.0,0.0,0.0,,,,,,,,,,,,,,,,,,,,,,
2026,2021038714,2026-04-14,2117835.0,佐藤 太陽,38.0,二,7,1.0,0.0,0.0,0.0,0.0,0.0,0.0,0.0,0.0,0.0,0.0,,0.0,0.0,0.0,0.0,0.0,0.0,,,,,,,,,,,,,,,,,,,,,,
2026,2021038715,2026-04-14,800081.0,中村 晃,7.0,打,12,1.0,0.0,1.0,1.0,0.0,0.0,0.0,0.0,0.0,0.0,0.0,,0.0,0.0,0.0,0.0,0.0,0.0,,,,,,,,,,,,,,,,,,,,,,
2026,2021038715,2026-04-14,900056.0,浅村 栄斗,3.0,打一,376,1.0,0.0,2.0,1.0,0.0,0.0,0.0,0.0,0.0,0.0,0.0,,1.0,1.0,0.0,0.0,0.0,0.0,,,,,,,,,,,,,,,,,,,,,,
2026,2021038715,2026-04-14,1000128.0,柳田 悠岐,9.0,指,12,1.0,1.0,4.0,4.0,0.0,1.0,0.0,0.0,0.0,1.0,0.0,,0.0,0.0,0.0,0.0,0.0,0.0,,,,,,,,,,,,,,,,,,,,,,
2026,2021038715,2026-04-14,1000175.0,牧原 大成,8.0,二,12,1.0,1.0,4.0,3.0,0.0,0.0,0.0,0.0,0.0,0.0,0.0,,1.0,0.0,0.0,0.0,0.0,0.0,,,,,,,,,,,,,,,,,,,,,,
2026,2021038715,2026-04-14,1100097.0,近藤 健介,3.0,左,12,1.0,1.0,4.0,4.0,1.0,1.0,0.0,0.0,0.0,0.0,0.0,,0.0,2.0,0.0,0.0,0.0,0.0,,,,,,,,,,,,,,,,,,,,,,
2026,2021038715,2026-04-14,1100103.0,鈴木 大地,7.0,一,376,1.0,1.0,2.0,2.0,0.0,1.0,0.0,0.0,0.0,0.0,0.0,,0.0,0.0,0.0,0.0,0.0,0.0,,,,,,,,,,,,,,,,,,,,,,
2026,2021038715,2026-04-14,1300101.0,山川 穂高,5.0,一,12,1.0,1.0,4.0,3.0,0.0,0.0,0.0,0.0,0.0,0.0,0.0,,0.0,1.0,1.0,0.0,0.0,0.0,,,,,,,,,,,,,,,,,,,,,,
2026,2021038715,2026-04-14,1400127.0,栗原 陵矢,24.0,三,12,1.0,1.0,4.0,4.0,0.0,2.0,0.0,0.0,0.0,0.0,0.0,,0.0,2.0,0.0,0.0,0.0,0.0,,,,,,,,,,,,,,,,,,,,,,
2026,2021038715,2026-04-14,1500140.0,谷川原 健太,45.0,捕,12,1.0,1.0,3.0,3.0,0.0,1.0,0.0,0.0,0.0,0.0,0.0,,0.0,2.0,0.0,0.0,0.0,0.0,,,,,,,,,,,,,,,,,,,,,,
2026,2021038715,2026-04-14,1560184.0,オスナ,54.0,,12,,,,,,,,,,,,,,,,,,,3.0,1.0,0.0,0.0,0.0,0.0,1.0,1.0,,,0.0,0.0,0.0,0.0,0.0,,0.0,1.0,0.0,,3.0,11.0
2026,2021038715,2026-04-14,1600007.0,村林 一輝,6.0,遊,376,1.0,1.0,4.0,3.0,0.0,0.0,0.0,0.0,0.0,0.0,0.0,,1.0,2.0,0.0,0.0,0.0,0.0,,,,,,,,,,,,,,,,,,,,,,
2026,2021038715,2026-04-14,1600092.0,藤平 尚真,46.0,,376,,,,,,,,,,,,,,,,,,,5.0,1.0,0.0,0.0,0.0,1.29,1.0,1.0,,,4.0,0.0,0.0,0.0,0.0,,0.0,1.0,0.0,,3.0,11.0
2026,2021038715,2026-04-14,1700134.0,尾形 崇斗,39.0,,12,,,,,,,,,,,,,,,,,,,2.0,1.0,0.0,0.0,0.0,4.5,1.3333333333333333,1.1,,,0.0,0.0,0.0,0.0,0.0,,0.0,2.0,0.0,,4.0,15.0
2026,2021038715,2026-04-14,1700135.0,周東 佑京,23.0,中,12,1.0,1.0,3.0,2.0,0.0,0.0,0.0,0.0,0.0,0.0,0.0,,1.0,1.0,0.0,0.0,0.0,0.0,,,,,,,,,,,,,,,,,,,,,,
2026,2021038715,2026-04-14,1750493.0,西垣 雅矢,49.0,,376,,,,,,,,,,,,,,,,,,,4.0,1.0,0.0,1.0,0.0,1.29,1.0,1.0,,,0.0,1.0,0.0,0.0,0.0,,0.0,0.0,0.0,,4.0,18.0
2026,2021038715,2026-04-14,1800117.0,辰己 涼介,8.0,中,376,1.0,1.0,5.0,3.0,1.0,1.0,1.0,0.0,0.0,1.0,0.0,,2.0,0.0,0.0,0.0,0.0,0.0,,,,,,,,,,,,,,,,,,,,,,
2026,2021038715,2026-04-14,1800118.0,太田 光,2.0,捕,376,1.0,1.0,4.0,4.0,0.0,0.0,0.0,0.0,0.0,0.0,0.0,,0.0,2.0,0.0,0.0,0.0,0.0,,,,,,,,,,,,,,,,,,,,,,
2026,2021038715,2026-04-14,1800122.0,渡邊 佳明,35.0,指,376,1.0,1.0,4.0,3.0,0.0,1.0,0.0,0.0,0.0,1.0,0.0,,0.0,2.0,0.0,1.0,0.0,0.0,,,,,,,,,,,,,,,,,,,,,,
2026,2021038715,2026-04-14,1800123.0,小郷 裕哉,51.0,右,376,1.0,1.0,5.0,5.0,0.0,2.0,0.0,0.0,0.0,0.0,0.0,,0.0,1.0,0.0,0.0,0.0,0.0,,,,,,,,,,,,,,,,,,,,,,
2026,2021038715,2026-04-14,1800124.0,鈴木 翔天,56.0,,376,,,,,,,,,,,,,,,,,,,2.0,1.0,0.0,0.0,0.0,0.0,1.0,1.0,,,0.0,0.0,0.0,0.0,0.0,,0.0,2.0,0.0,,3.0,13.0
2026,2021038715,2026-04-14,1851115.0,木村 光,68.0,,12,,,,,,,,,,,,,,,,,,,4.0,1.0,0.0,0.0,0.0,0.0,1.0,1.0,,,0.0,0.0,0.0,0.0,0.0,,0.0,2.0,0.0,,3.0,16.0
2026,2021038715,2026-04-14,1900010.0,スチュワート・ジュニア,2.0,,12,,,,,,,,,,,,,,,,,,,1.0,1.0,,2.0,1.0,4.02,4.666666666666667,4.2,,,0.0,5.0,3.0,2.0,0.0,,6.0,4.0,0.0,,25.0,90.0
2026,2021038715,2026-04-14,1900104.0,柳町 達,32.0,右,12,1.0,1.0,4.0,3.0,1.0,0.0,0.0,0.0,0.0,0.0,0.0,,1.0,0.0,0.0,0.0,0.0,0.0,,,,,,,,,,,,,,,,,,,,,,
2026,2021038715,2026-04-14,1900112.0,小深田 大翔,0.0,二,376,1.0,1.0,5.0,3.0,1.0,2.0,0.0,0.0,0.0,0.0,2.0,,1.0,1.0,0.0,1.0,0.0,0.0,,,,,,,,,,,,,,,,,,,,,,
2026,2021038715,2026-04-14,1900113.0,黒川 史陽,24.0,三一三,376,1.0,1.0,5.0,4.0,0.0,0.0,0.0,0.0,0.0,0.0,1.0,,1.0,0.0,0.0,0.0,0.0,0.0,,,,,,,,,,,,,,,,,,,,,,
2026,2021038715,2026-04-14,1950278.0,中島 大輔,32.0,左,376,1.0,1.0,4.0,3.0,0.0,0.0,0.0,0.0,0.0,1.0,0.0,,1.0,0.0,0.0,0.0,0.0,0.0,,,,,,,,,,,,,,,,,,,,,,
2026,2021038715,2026-04-14,2000008.0,伊藤 優輔,42.0,,12,,,,,,,,,,,,,,,,,,,5.0,1.0,0.0,0.0,0.0,0.0,1.0,1.0,,,0.0,2.0,0.0,0.0,0.0,,1.0,0.0,0.0,,5.0,21.0
2026,2021038715,2026-04-14,2104035.0,野村 勇,99.0,遊,12,1.0,1.0,4.0,4.0,0.0,0.0,0.0,0.0,0.0,0.0,0.0,,0.0,3.0,0.0,0.0,0.0,0.0,,,,,,,,,,,,,,,,,,,,,,
2026,2021038715,2026-04-14,2105283.0,平良 竜哉,48.0,走三,376,1.0,0.0,0.0,0.0,1.0,0.0,0.0,0.0,0.0,0.0,0.0,,0.0,0.0,0.0,0.0,0.0,0.0,,,,,,,,,,,,,,,,,,,,,,
2026,2021038715,2026-04-14,2106793.0,荘司 康誠,19.0,,376,,,,,,,,,,,,,,,,,,,1.0,1.0,,3.0,0.0,2.25,5.0,5.0,,,0.0,4.0,2.0,2.0,0.0,,1.0,6.0,0.0,,19.0,89.0
2026,2021038715,2026-04-14,2107899.0,田中 千晴,29.0,,376,,,,,,,,,,,,,,,,,,,3.0,1.0,0.0,0.0,0.0,1.23,1.0,1.0,,,1.0,0.0,0.0,0.0,0.0,,2.0,2.0,1.0,,6.0,24.0
2026,2021038716,2026-04-15,900410.0,大島 洋平,8.0,打中,4,1.0,0.0,2.0,1.0,1.0,0.0,0.0,0.0,0.0,0.0,0.0,,1.0,1.0,0.0,0.0,0.0,0.0,,,,,,,,,,,,,,,,,,,,,,
2026,2021038716,2026-04-15,1000116.0,中崎 翔太,21.0,投,6,1.0,0.0,0.0,0.0,0.0,0.0,0.0,0.0,0.0,0.0,0.0,,0.0,0.0,0.0,0.0,0.0,0.0,4.0,1.0,0.0,1.0,1.0,3.0,1.0,1.0,,,2.0,0.0,0.0,0.0,0.0,,1.0,0.0,0.0,,3.0,15.0
2026,2021038716,2026-04-15,1100069.0,高橋 周平,3.0,一,4,1.0,1.0,4.0,3.0,1.0,1.0,0.0,0.0,0.0,0.0,0.0,,1.0,1.0,0.0,0.0,0.0,0.0,,,,,,,,,,,,,,,,,,,,,,
2026,2021038716,2026-04-15,1100082.0,菊池 涼介,33.0,二,6,1.0,1.0,5.0,3.0,2.0,2.0,1.0,0.0,0.0,0.0,2.0,,2.0,1.0,0.0,0.0,0.0,0.0,,,,,,,,,,,,,,,,,,,,,,
2026,2021038716,2026-04-15,1400199.0,齋藤 綱記,59.0,投,4,1.0,0.0,0.0,0.0,0.0,0.0,0.0,0.0,0.0,0.0,0.0,,0.0,0.0,0.0,0.0,0.0,0.0,4.0,1.0,0.0,0.0,1.0,7.36,0.6666666666666666,0.2,,,0.0,2.0,2.0,2.0,1.0,,1.0,1.0,0.0,,5.0,21.0
2026,2021038716,2026-04-15,1500078.0,阿部 寿樹,48.0,打,4,1.0,0.0,1.0,1.0,0.0,1.0,1.0,0.0,0.0,1.0,0.0,,0.0,0.0,0.0,0.0,0.0,0.0,,,,,,,,,,,,,,,,,,,,,,
2026,2021038716,2026-04-15,1500091.0,板山 祐太郎,63.0,二,4,1.0,1.0,4.0,4.0,0.0,1.0,0.0,0.0,0.0,1.0,0.0,,0.0,0.0,0.0,0.0,0.0,0.0,,,,,,,,,,,,,,,,,,,,,,
2026,2021038716,2026-04-15,1600085.0,細川 成也,55.0,左,4,1.0,1.0,4.0,3.0,0.0,0.0,0.0,0.0,0.0,0.0,0.0,,0.0,1.0,1.0,0.0,0.0,0.0,,,,,,,,,,,,,,,,,,,,,,
2026,2021038716,2026-04-15,1600124.0,坂倉 将吾,31.0,捕,6,1.0,1.0,4.0,3.0,1.0,1.0,0.0,0.0,0.0,0.0,1.0,,1.0,0.0,0.0,0.0,0.0,0.0,,,,,,,,,,,,,,,,,,,,,,
2026,2021038716,2026-04-15,1700068.0,中村 奨成,96.0,右,6,1.0,1.0,4.0,4.0,0.0,2.0,0.0,0.0,0.0,0.0,0.0,,0.0,0.0,0.0,0.0,0.0,0.0,,,,,,,,,,,,,,,,,,,,,,
2026,2021038716,2026-04-15,1750223.0,村松 開人,5.0,遊,4,1.0,1.0,4.0,4.0,0.0,1.0,0.0,0.0,0.0,0.0,0.0,,0.0,1.0,0.0,0.0,0.0,0.0,,,,,,,,,,,,,,,,,,,,,,
2026,2021038716,2026-04-15,1800048.0,知野 直人,65.0,走,4,1.0,0.0,0.0,0.0,0.0,0.0,0.0,0.0,0.0,0.0,0.0,,0.0,0.0,0.0,0.0,0.0,0.0,,,,,,,,,,,,,,,,,,,,,,
2026,2021038716,2026-04-15,1800059.0,根尾 昂,30.0,投,4,1.0,0.0,0.0,0.0,0.0,0.0,0.0,0.0,0.0,0.0,0.0,,0.0,0.0,0.0,0.0,0.0,0.0,3.0,1.0,0.0,1.0,0.0,0.0,1.0,1.0,,,0.0,1.0,0.0,0.0,0.0,,0.0,0.0,0.0,,4.0,15.0
2026,2021038716,2026-04-15,1800072.0,小園 海斗,5.0,遊三,6,1.0,1.0,5.0,4.0,1.0,1.0,1.0,0.0,0.0,1.0,0.0,,1.0,1.0,0.0,0.0,0.0,0.0,,,,,,,,,,,,,,,,,,,,,,
2026,2021038716,2026-04-15,1800079.0,大盛 穂,59.0,中,6,1.0,1.0,5.0,5.0,0.0,0.0,0.0,0.0,0.0,0.0,0.0,,0.0,2.0,0.0,0.0,0.0,0.0,,,,,,,,,,,,,,,,,,,,,,
2026,2021038716,2026-04-15,1960397.0,ハーン,68.0,投,6,1.0,0.0,0.0,0.0,0.0,0.0,0.0,0.0,0.0,0.0,0.0,,0.0,0.0,0.0,0.0,0.0,0.0,3.0,1.0,0.0,1.0,0.0,0.0,1.0,1.0,,,0.0,0.0,0.0,0.0,0.0,,0.0,1.0,0.0,,3.0,9.0
2026,2021038716,2026-04-15,1961300.0,ボスラー,24.0,右,4,1.0,1.0,4.0,4.0,0.0,0.0,0.0,0.0,0.0,0.0,0.0,,0.0,0.0,0.0,0.0,0.0,0.0,,,,,,,,,,,,,,,,,,,,,,
2026,2021038716,2026-04-15,1961927.0,モンテロ,95.0,一,6,1.0,1.0,5.0,5.0,1.0,2.0,1.0,0.0,1.0,3.0,0.0,,0.0,1.0,0.0,0.0,0.0,0.0,,,,,,,,,,,,,,,,,,,,,,
2026,2021038716,2026-04-15,2000060.0,栗林 良吏,20.0,投,6,1.0,1.0,3.0,2.0,0.0,0.0,0.0,0.0,0.0,0.0,0.0,,0.0,1.0,0.0,1.0,0.0,0.0,1.0,1.0,,2.0,0.0,1.16,6.333333333333333,6.1,,,0.0,5.0,2.0,2.0,0.0,,2.0,6.0,1.0,,27.0,97.0
2026,2021038716,2026-04-15,2000065.0,矢野 雅哉,4.0,走遊,6,1.0,0.0,1.0,1.0,0.0,0.0,0.0,0.0,0.0,0.0,0.0,,0.0,0.0,0.0,0.0,0.0,0.0,,,,,,,,,,,,,,,,,,,,,,
2026,2021038716,2026-04-15,2050203.0,佐々木 泰,10.0,三,6,1.0,1.0,3.0,3.0,0.0,1.0,0.0,0.0,0.0,0.0,0.0,,0.0,0.0,0.0,0.0,0.0,0.0,,,,,,,,,,,,,,,,,,,,,,
2026,2021038716,2026-04-15,2100275.0,花田 旭,57.0,中,4,1.0,1.0,2.0,2.0,0.0,0.0,0.0,0.0,0.0,0.0,0.0,,0.0,1.0,0.0,0.0,0.0,0.0,,,,,,,,,,,,,,,,,,,,,,
2026,2021038716,2026-04-15,2100410.0,櫻井 頼之介,16.0,投,4,1.0,0.0,0.0,0.0,0.0,0.0,0.0,0.0,0.0,0.0,0.0,,0.0,0.0,0.0,0.0,0.0,0.0,2.0,1.0,0.0,0.0,1.0,5.59,0.6666666666666666,0.2,,,0.0,1.0,0.0,0.0,0.0,,0.0,0.0,0.0,,2.0,9.0
2026,2021038716,2026-04-15,2100961.0,マラー,93.0,投,4,1.0,1.0,2.0,2.0,0.0,0.0,0.0,0.0,0.0,0.0,0.0,,0.0,1.0,0.0,0.0,0.0,1.0,1.0,1.0,,0.0,1.0,3.38,5.333333333333333,5.1,,,0.0,5.0,3.0,2.0,0.0,,1.0,5.0,0.0,,22.0,73.0
2026,2021038716,2026-04-15,2103780.0,福永 裕基,7.0,三,4,1.0,1.0,4.0,4.0,0.0,0.0,0.0,0.0,0.0,0.0,0.0,,0.0,0.0,0.0,0.0,0.0,0.0,,,,,,,,,,,,,,,,,,,,,,
2026,2021038716,2026-04-15,2105102.0,石伊 雄太,9.0,捕,4,1.0,1.0,4.0,3.0,0.0,1.0,0.0,0.0,0.0,0.0,0.0,,1.0,1.0,0.0,0.0,0.0,0.0,,,,,,,,,,,,,,,,,,,,,,
2026,2021038716,2026-04-15,2107086.0,牧野 憲伸,68.0,投,4,1.0,0.0,0.0,0.0,0.0,0.0,0.0,0.0,0.0,0.0,0.0,,0.0,0.0,0.0,0.0,0.0,0.0,5.0,1.0,0.0,0.0,1.0,3.68,1.3333333333333333,1.1,,,0.0,1.0,0.0,0.0,0.0,,2.0,2.0,0.0,,7.0,27.0
2026,2021038716,2026-04-15,2107887.0,辰見 鴻之介,69.0,走右,6,1.0,0.0,0.0,0.0,0.0,0.0,0.0,0.0,0.0,0.0,1.0,,0.0,0.0,0.0,0.0,0.0,0.0,,,,,,,,,,,,,,,,,,,,,,
2026,2021038716,2026-04-15,2112143.0,佐藤 啓介,94.0,打,6,1.0,0.0,1.0,1.0,0.0,0.0,0.0,0.0,0.0,0.0,0.0,,0.0,1.0,0.0,0.0,0.0,0.0,,,,,,,,,,,,,,,,,,,,,,
2026,2021038716,2026-04-15,2114882.0,ファビアン,61.0,左,6,1.0,1.0,4.0,4.0,0.0,1.0,0.0,0.0,0.0,0.0,0.0,,0.0,1.0,0.0,0.0,0.0,0.0,,,,,,,,,,,,,,,,,,,,,,
2026,2021038716,2026-04-15,2119338.0,齊藤 汰直,11.0,投,6,1.0,0.0,0.0,0.0,0.0,0.0,0.0,0.0,0.0,0.0,0.0,,0.0,0.0,0.0,0.0,0.0,0.0,2.0,1.0,0.0,0.0,0.0,4.91,0.6666666666666666,0.2,,,0.0,0.0,0.0,0.0,0.0,,0.0,0.0,0.0,,2.0,6.0
2026,2021038718,2026-04-15,1000164.0,島本 浩也,40.0,,8,,,,,,,,,,,,,,,,,,,3.0,1.0,0.0,0.0,0.0,2.45,1.0,1.0,,,0.0,1.0,0.0,0.0,0.0,,0.0,0.0,0.0,,4.0,11.0
2026,2021038718,2026-04-15,1200055.0,福谷 浩司,41.0,,8,,,,,,,,,,,,,,,,,,,2.0,1.0,0.0,0.0,0.0,1.69,1.3333333333333333,1.1,,,0.0,1.0,0.0,0.0,0.0,,0.0,1.0,0.0,,5.0,12.0
2026,2021038718,2026-04-15,1300044.0,岡 大海,25.0,一,9,1.0,1.0,4.0,4.0,0.0,0.0,0.0,0.0,0.0,0.0,0.0,,0.0,0.0,0.0,0.0,0.0,0.0,,,,,,,,,,,,,,,,,,,,,,
2026,2021038718,2026-04-15,1400118.0,清水 優心,10.0,捕,8,1.0,1.0,4.0,4.0,0.0,1.0,1.0,0.0,0.0,2.0,0.0,,0.0,0.0,0.0,0.0,0.0,0.0,,,,,,,,,,,,,,,,,,,,,,
2026,2021038718,2026-04-15,1450608.0,八木 彬,33.0,,9,,,,,,,,,,,,,,,,,,,2.0,1.0,0.0,1.0,0.0,2.25,2.0,2.0,,,0.0,1.0,1.0,1.0,1.0,,0.0,1.0,1.0,,8.0,24.0
2026,2021038718,2026-04-15,1500109.0,上原 健太,20.0,,8,,,,,,,,,,,,,,,,,,,5.0,1.0,0.0,1.0,0.0,3.38,1.0,1.0,,,0.0,3.0,1.0,1.0,0.0,,0.0,0.0,1.0,,7.0,21.0
2026,2021038718,2026-04-15,1500110.0,加藤 貴之,14.0,,8,,,,,,,,,,,,,,,,,,,1.0,1.0,,2.0,1.0,4.3,3.6666666666666665,3.2,,,0.0,7.0,8.0,6.0,1.0,,1.0,1.0,0.0,,19.0,57.0
2026,2021038718,2026-04-15,1600139.0,玉井 大翔,19.0,,8,,,,,,,,,,,,,,,,,,,4.0,1.0,0.0,0.0,0.0,0.0,1.0,1.0,,,0.0,1.0,0.0,0.0,0.0,,0.0,0.0,0.0,,4.0,17.0
2026,2021038718,2026-04-15,1700025.0,清宮 幸太郎,21.0,一,8,1.0,1.0,5.0,4.0,1.0,0.0,0.0,0.0,0.0,0.0,0.0,,1.0,1.0,0.0,0.0,0.0,0.0,,,,,,,,,,,,,,,,,,,,,,
2026,2021038718,2026-04-15,1700093.0,藤岡 裕大,7.0,二,9,1.0,1.0,4.0,3.0,1.0,1.0,0.0,0.0,0.0,0.0,0.0,,1.0,0.0,0.0,0.0,0.0,0.0,,,,,,,,,,,,,,,,,,,,,,
2026,2021038718,2026-04-15,1700098.0,和田 康士朗,63.0,走,9,1.0,0.0,0.0,0.0,1.0,0.0,0.0,0.0,0.0,0.0,0.0,,0.0,0.0,0.0,0.0,0.0,0.0,,,,,,,,,,,,,,,,,,,,,,
2026,2021038718,2026-04-15,1800050.0,藤原 恭大,1.0,中,9,1.0,1.0,5.0,5.0,3.0,3.0,0.0,0.0,0.0,2.0,0.0,,0.0,0.0,0.0,0.0,0.0,0.0,,,,,,,,,,,,,,,,,,,,,,
2026,2021038718,2026-04-15,1800053.0,山口 航輝,51.0,指,9,1.0,1.0,3.0,3.0,0.0,0.0,0.0,0.0,0.0,0.0,0.0,,0.0,2.0,0.0,0.0,0.0,0.0,,,,,,,,,,,,,,,,,,,,,,
2026,2021038718,2026-04-15,1800093.0,万波 中正,66.0,右,8,1.0,1.0,4.0,3.0,2.0,1.0,0.0,0.0,1.0,1.0,0.0,,1.0,1.0,0.0,0.0,0.0,0.0,,,,,,,,,,,,,,,,,,,,,,
2026,2021038718,2026-04-15,1800110.0,水谷 瞬,53.0,左,8,1.0,1.0,4.0,3.0,0.0,0.0,0.0,0.0,0.0,1.0,0.0,,0.0,1.0,0.0,0.0,1.0,0.0,,,,,,,,,,,,,,,,,,,,,,
2026,2021038718,2026-04-15,1850932.0,奈良間 大己,58.0,二,8,1.0,1.0,5.0,4.0,1.0,1.0,0.0,0.0,1.0,2.0,0.0,,0.0,2.0,0.0,1.0,0.0,1.0,,,,,,,,,,,,,,,,,,,,,,
2026,2021038718,2026-04-15,1851204.0,水野 達稀,43.0,遊,8,1.0,1.0,4.0,4.0,0.0,1.0,1.0,0.0,0.0,0.0,0.0,,0.0,2.0,0.0,0.0,0.0,0.0,,,,,,,,,,,,,,,,,,,,,,
2026,2021038718,2026-04-15,1860140.0,レイエス,99.0,指,8,1.0,1.0,5.0,5.0,1.0,2.0,0.0,0.0,1.0,1.0,0.0,,0.0,1.0,0.0,0.0,0.0,0.0,,,,,,,,,,,,,,,,,,,,,,
2026,2021038718,2026-04-15,1900040.0,郡司 裕也,3.0,三,8,1.0,1.0,5.0,3.0,1.0,0.0,0.0,0.0,0.0,0.0,0.0,,2.0,0.0,0.0,0.0,0.0,0.0,,,,,,,,,,,,,,,,,,,,,,
2026,2021038718,2026-04-15,1900081.0,佐藤 都志也,32.0,捕,9,1.0,1.0,4.0,4.0,1.0,3.0,0.0,0.0,0.0,0.0,0.0,,0.0,0.0,0.0,0.0,0.0,0.0,,,,,,,,,,,,,,,,,,,,,,
2026,2021038718,2026-04-15,1900082.0,高部 瑛斗,0.0,打指,9,1.0,0.0,1.0,1.0,0.0,0.0,0.0,0.0,0.0,0.0,0.0,,0.0,0.0,0.0,0.0,0.0,0.0,,,,,,,,,,,,,,,,,,,,,,
2026,2021038718,2026-04-15,1900083.0,横山 陸人,15.0,,9,,,,,,,,,,,,,,,,,,,4.0,1.0,0.0,0.0,0.0,0.0,1.3333333333333333,1.1,,,3.0,1.0,0.0,0.0,0.0,,1.0,2.0,0.0,,6.0,21.0
2026,2021038718,2026-04-15,1950286.0,西川 史礁,6.0,左,9,1.0,1.0,5.0,4.0,2.0,4.0,1.0,0.0,1.0,5.0,0.0,,0.0,0.0,1.0,0.0,0.0,0.0,,,,,,,,,,,,,,,,,,,,,,
2026,2021038718,2026-04-15,2000080.0,五十幡 亮汰,50.0,走中,8,1.0,0.0,0.0,0.0,0.0,0.0,0.0,0.0,0.0,0.0,0.0,,0.0,0.0,0.0,0.0,0.0,0.0,,,,,,,,,,,,,,,,,,,,,,
2026,2021038718,2026-04-15,2000087.0,鈴木 昭汰,47.0,,9,,,,,,,,,,,,,,,,,,,5.0,1.0,0.0,1.0,0.0,4.76,1.0,1.0,,,1.0,0.0,0.0,0.0,0.0,,0.0,0.0,0.0,,3.0,16.0
2026,2021038718,2026-04-15,2000089.0,小川 龍成,57.0,遊二,9,1.0,1.0,4.0,3.0,1.0,2.0,0.0,0.0,0.0,0.0,0.0,,0.0,0.0,0.0,1.0,0.0,0.0,,,,,,,,,,,,,,,,,,,,,,
2026,2021038718,2026-04-15,2000094.0,山本 大斗,61.0,右,9,1.0,1.0,4.0,3.0,0.0,0.0,0.0,0.0,0.0,1.0,0.0,,0.0,0.0,0.0,0.0,1.0,0.0,,,,,,,,,,,,,,,,,,,,,,
2026,2021038718,2026-04-15,2100442.0,毛利 海大,13.0,,9,,,,,,,,,,,,,,,,,,,1.0,1.0,,1.0,0.0,4.2,3.0,3.0,,,0.0,3.0,5.0,5.0,1.0,,5.0,4.0,0.0,,17.0,81.0
2026,2021038718,2026-04-15,2102926.0,寺地 隆成,65.0,三,9,1.0,1.0,5.0,5.0,0.0,0.0,0.0,0.0,0.0,0.0,0.0,,0.0,0.0,0.0,0.0,0.0,0.0,,,,,,,,,,,,,,,,,,,,,,
2026,2021038718,2026-04-15,2105534.0,高野 脩汰,34.0,,9,,,,,,,,,,,,,,,,,,,3.0,1.0,0.0,0.0,2.0,11.81,1.6666666666666663,1.2,,,0.0,1.0,1.0,1.0,1.0,,0.0,2.0,0.0,,6.0,21.0
2026,2021038718,2026-04-15,2106798.0,友杉 篤輝,4.0,遊,9,1.0,0.0,0.0,0.0,0.0,0.0,0.0,0.0,0.0,0.0,0.0,,0.0,0.0,0.0,0.0,0.0,0.0,,,,,,,,,,,,,,,,,,,,,,
2026,2021038718,2026-04-15,2108090.0,カストロ,6.0,中,8,1.0,1.0,4.0,1.0,1.0,0.0,0.0,0.0,0.0,0.0,0.0,,2.0,1.0,1.0,0.0,0.0,0.0,,,,,,,,,,,,,,,,,,,,,,
2026,2021038718,2026-04-15,2117855.0,宮崎 竜成,44.0,三,9,1.0,0.0,0.0,0.0,0.0,0.0,0.0,0.0,0.0,0.0,0.0,,0.0,0.0,0.0,0.0,0.0,0.0,,,,,,,,,,,,,,,,,,,,,,
2026,2021038719,2026-04-15,1100061.0,桑原 将志,7.0,中,7,1.0,1.0,4.0,4.0,0.0,1.0,0.0,0.0,0.0,0.0,0.0,,0.0,0.0,0.0,0.0,0.0,0.0,,,,,,,,,,,,,,,,,,,,,,
2026,2021038719,2026-04-15,1300100.0,森 友哉,4.0,捕,11,1.0,1.0,3.0,3.0,0.0,1.0,0.0,0.0,0.0,0.0,0.0,,0.0,0.0,0.0,0.0,0.0,0.0,,,,,,,,,,,,,,,,,,,,,,
2026,2021038719,2026-04-15,1400182.0,高橋 光成,13.0,,7,,,,,,,,,,,,,,,,,,,1.0,1.0,,1.0,2.0,1.29,7.0,7.0,,,0.0,8.0,3.0,3.0,0.0,,0.0,5.0,0.0,,28.0,110.0
2026,2021038719,2026-04-15,1400196.0,宗 佑磨,6.0,三,11,1.0,1.0,4.0,4.0,0.0,0.0,0.0,0.0,0.0,0.0,0.0,,0.0,0.0,0.0,0.0,0.0,0.0,,,,,,,,,,,,,,,,,,,,,,
2026,2021038719,2026-04-15,1400201.0,西野 真弘,5.0,指,11,1.0,1.0,3.0,3.0,1.0,2.0,0.0,0.0,0.0,0.0,0.0,,0.0,0.0,0.0,0.0,0.0,0.0,,,,,,,,,,,,,,,,,,,,,,
2026,2021038719,2026-04-15,1500096.0,西川 龍馬,7.0,左,11,1.0,1.0,4.0,4.0,0.0,2.0,1.0,0.0,0.0,1.0,0.0,,0.0,0.0,0.0,0.0,0.0,0.0,,,,,,,,,,,,,,,,,,,,,,
2026,2021038719,2026-04-15,1500117.0,平沢 大河,39.0,一,7,1.0,1.0,4.0,4.0,0.0,1.0,0.0,0.0,0.0,0.0,0.0,,0.0,1.0,0.0,0.0,0.0,0.0,,,,,,,,,,,,,,,,,,,,,,
2026,2021038719,2026-04-15,1500128.0,大城 滉二,10.0,二,11,1.0,0.0,0.0,0.0,0.0,0.0,0.0,0.0,0.0,0.0,0.0,,0.0,0.0,0.0,0.0,0.0,0.0,,,,,,,,,,,,,,,,,,,,,,
2026,2021038719,2026-04-15,1600129.0,源田 壮亮,6.0,遊,7,1.0,1.0,4.0,3.0,0.0,0.0,0.0,0.0,0.0,0.0,0.0,,1.0,0.0,0.0,0.0,0.0,0.0,,,,,,,,,,,,,,,,,,,,,,
2026,2021038719,2026-04-15,1600155.0,山崎 颯一郎,21.0,,11,,,,,,,,,,,,,,,,,,,3.0,1.0,0.0,1.0,1.0,3.52,1.0,1.0,,,0.0,0.0,0.0,0.0,0.0,,0.0,0.0,0.0,,3.0,11.0
2026,2021038719,2026-04-15,1650221.0,椋木 蓮,15.0,,11,,,,,,,,,,,,,,,,,,,4.0,1.0,0.0,0.0,0.0,0.0,1.0,1.0,,,1.0,0.0,0.0,0.0,0.0,,1.0,0.0,0.0,,3.0,19.0
2026,2021038719,2026-04-15,1660014.0,ペルドモ,59.0,,11,,,,,,,,,,,,,,,,,,,2.0,1.0,0.0,1.0,2.0,8.53,1.0,1.0,,,0.0,2.0,1.0,1.0,1.0,,0.0,0.0,0.0,,5.0,10.0
2026,2021038719,2026-04-15,1660299.0,林 安可,73.0,指,7,1.0,1.0,4.0,4.0,0.0,0.0,0.0,0.0,0.0,0.0,0.0,,0.0,1.0,0.0,0.0,0.0,0.0,,,,,,,,,,,,,,,,,,,,,,
2026,2021038719,2026-04-15,1751068.0,野口 智哉,9.0,遊,11,1.0,1.0,3.0,3.0,0.0,0.0,0.0,0.0,0.0,0.0,0.0,,0.0,3.0,0.0,0.0,0.0,0.0,,,,,,,,,,,,,,,,,,,,,,
2026,2021038719,2026-04-15,1800098.0,太田 椋,1.0,二一,11,1.0,1.0,4.0,3.0,0.0,0.0,0.0,0.0,0.0,0.0,0.0,,1.0,1.0,0.0,0.0,0.0,0.0,,,,,,,,,,,,,,,,,,,,,,
2026,2021038719,2026-04-15,1800104.0,中川 圭太,67.0,走指,11,1.0,0.0,1.0,1.0,0.0,0.0,0.0,0.0,0.0,0.0,0.0,,0.0,0.0,0.0,0.0,0.0,0.0,,,,,,,,,,,,,,,,,,,,,,
2026,2021038719,2026-04-15,1900062.0,浜屋 将太,90.0,,7,,,,,,,,,,,,,,,,,,,2.0,1.0,0.0,0.0,0.0,3.6,1.0,1.0,,,0.0,1.0,0.0,0.0,0.0,,1.0,1.0,0.0,,5.0,19.0
2026,2021038719,2026-04-15,1950417.0,渡部 聖弥,8.0,三,7,1.0,1.0,4.0,4.0,0.0,1.0,0.0,0.0,0.0,0.0,0.0,,0.0,0.0,0.0,0.0,0.0,0.0,,,,,,,,,,,,,,,,,,,,,,
2026,2021038719,2026-04-15,2000073.0,仲三 優太,55.0,左,7,1.0,1.0,4.0,3.0,0.0,0.0,0.0,0.0,0.0,0.0,0.0,,1.0,3.0,0.0,0.0,0.0,0.0,,,,,,,,,,,,,,,,,,,,,,
2026,2021038719,2026-04-15,2000098.0,来田 涼斗,38.0,右,11,1.0,1.0,3.0,3.0,0.0,1.0,0.0,1.0,0.0,1.0,0.0,,0.0,1.0,0.0,0.0,0.0,0.0,,,,,,,,,,,,,,,,,,,,,,
2026,2021038719,2026-04-15,2050145.0,小島 大河,10.0,捕,7,1.0,1.0,4.0,4.0,0.0,1.0,1.0,0.0,0.0,0.0,0.0,,0.0,2.0,0.0,0.0,0.0,0.0,,,,,,,,,,,,,,,,,,,,,,
2026,2021038719,2026-04-15,2103747.0,渡部 遼人,0.0,中左,11,1.0,1.0,4.0,4.0,2.0,3.0,0.0,0.0,0.0,0.0,2.0,,0.0,0.0,0.0,0.0,0.0,0.0,,,,,,,,,,,,,,,,,,,,,,
2026,2021038719,2026-04-15,2108177.0,エスピノーザ,0.0,,11,,,,,,,,,,,,,,,,,,,1.0,1.0,,3.0,0.0,0.41,6.0,6.0,,,0.0,4.0,0.0,0.0,0.0,,2.0,8.0,0.0,,24.0,96.0
2026,2021038719,2026-04-15,2110153.0,麦谷 祐介,8.0,中,11,1.0,0.0,0.0,0.0,0.0,0.0,0.0,0.0,0.0,0.0,0.0,,0.0,0.0,0.0,0.0,0.0,0.0,,,,,,,,,,,,,,,,,,,,,,
2026,2021038719,2026-04-15,2117028.0,カナリオ,25.0,右,7,1.0,1.0,4.0,3.0,0.0,0.0,0.0,0.0,0.0,0.0,0.0,,1.0,1.0,0.0,0.0,0.0,0.0,,,,,,,,,,,,,,,,,,,,,,
2026,2021038719,2026-04-15,2117200.0,シーモア,45.0,一,11,1.0,1.0,4.0,4.0,0.0,0.0,0.0,0.0,0.0,0.0,0.0,,0.0,1.0,0.0,0.0,0.0,0.0,,,,,,,,,,,,,,,,,,,,,,
2026,2021038719,2026-04-15,2117835.0,佐藤 太陽,38.0,二,7,1.0,1.0,3.0,3.0,1.0,2.0,0.0,0.0,1.0,1.0,0.0,,0.0,0.0,0.0,0.0,0.0,0.0,,,,,,,,,,,,,,,,,,,,,,
2026,2021038720,2026-04-15,800081.0,中村 晃,7.0,打,12,1.0,0.0,1.0,1.0,0.0,0.0,0.0,0.0,0.0,1.0,0.0,,0.0,0.0,0.0,0.0,0.0,0.0,,,,,,,,,,,,,,,,,,,,,,
2026,2021038720,2026-04-15,900056.0,浅村 栄斗,3.0,指,376,1.0,1.0,4.0,4.0,0.0,0.0,0.0,0.0,0.0,0.0,0.0,,0.0,1.0,0.0,0.0,0.0,0.0,,,,,,,,,,,,,,,,,,,,,,
2026,2021038720,2026-04-15,1000035.0,今宮 健太,6.0,打遊,12,1.0,0.0,1.0,1.0,0.0,0.0,0.0,0.0,0.0,0.0,0.0,,0.0,0.0,0.0,0.0,0.0,0.0,,,,,,,,,,,,,,,,,,,,,,
2026,2021038720,2026-04-15,1000128.0,柳田 悠岐,9.0,指,12,1.0,1.0,4.0,4.0,0.0,0.0,0.0,0.0,0.0,0.0,0.0,,0.0,2.0,0.0,0.0,0.0,0.0,,,,,,,,,,,,,,,,,,,,,,
2026,2021038720,2026-04-15,1000175.0,牧原 大成,8.0,二,12,1.0,1.0,4.0,4.0,0.0,2.0,0.0,0.0,0.0,0.0,0.0,,0.0,0.0,0.0,0.0,0.0,0.0,,,,,,,,,,,,,,,,,,,,,,
2026,2021038720,2026-04-15,1100097.0,近藤 健介,3.0,左,12,1.0,1.0,4.0,3.0,1.0,2.0,0.0,0.0,0.0,0.0,1.0,,1.0,1.0,0.0,0.0,0.0,0.0,,,,,,,,,,,,,,,,,,,,,,
2026,2021038720,2026-04-15,1100103.0,鈴木 大地,7.0,一,376,1.0,0.0,1.0,0.0,0.0,0.0,0.0,0.0,0.0,0.0,0.0,,1.0,0.0,0.0,0.0,0.0,0.0,,,,,,,,,,,,,,,,,,,,,,
2026,2021038720,2026-04-15,1300101.0,山川 穂高,5.0,一,12,1.0,1.0,3.0,2.0,0.0,1.0,0.0,0.0,0.0,1.0,0.0,,1.0,0.0,0.0,0.0,0.0,0.0,,,,,,,,,,,,,,,,,,,,,,
2026,2021038720,2026-04-15,1400127.0,栗原 陵矢,24.0,三一,12,1.0,1.0,4.0,4.0,0.0,0.0,0.0,0.0,0.0,0.0,0.0,,0.0,1.0,0.0,0.0,0.0,0.0,,,,,,,,,,,,,,,,,,,,,,
2026,2021038720,2026-04-15,1500140.0,谷川原 健太,45.0,走捕,12,1.0,0.0,0.0,0.0,0.0,0.0,0.0,0.0,0.0,0.0,0.0,,0.0,0.0,0.0,0.0,0.0,0.0,,,,,,,,,,,,,,,,,,,,,,
2026,2021038720,2026-04-15,1500143.0,川瀬 晃,0.0,打,12,1.0,0.0,1.0,1.0,0.0,0.0,0.0,0.0,0.0,0.0,0.0,,0.0,1.0,0.0,0.0,0.0,0.0,,,,,,,,,,,,,,,,,,,,,,
2026,2021038720,2026-04-15,1600007.0,村林 一輝,6.0,遊,376,1.0,1.0,4.0,4.0,1.0,1.0,0.0,0.0,1.0,1.0,0.0,,0.0,1.0,0.0,0.0,0.0,0.0,,,,,,,,,,,,,,,,,,,,,,
2026,2021038720,2026-04-15,1600012.0,宋 家豪,43.0,,376,,,,,,,,,,,,,,,,,,,2.0,1.0,0.0,2.0,0.0,1.42,0.6666666666666666,0.2,,,0.0,0.0,0.0,0.0,0.0,,0.0,0.0,0.0,,1.0,1.0
2026,2021038720,2026-04-15,1600092.0,藤平 尚真,46.0,,376,,,,,,,,,,,,,,,,,,,5.0,1.0,0.0,0.0,0.0,1.13,1.0,1.0,,,5.0,1.0,0.0,0.0,0.0,,0.0,2.0,0.0,,4.0,20.0
2026,2021038720,2026-04-15,1700134.0,尾形 崇斗,39.0,,12,,,,,,,,,,,,,,,,,,,3.0,1.0,0.0,0.0,1.0,6.23,0.3333333333333333,0.1,,,0.0,1.0,1.0,1.0,1.0,,0.0,1.0,0.0,,2.0,6.0
2026,2021038720,2026-04-15,1700135.0,周東 佑京,23.0,中,12,1.0,1.0,4.0,2.0,0.0,0.0,0.0,0.0,0.0,0.0,0.0,,1.0,1.0,0.0,1.0,0.0,0.0,,,,,,,,,,,,,,,,,,,,,,
2026,2021038720,2026-04-15,1750493.0,西垣 雅矢,49.0,,376,,,,,,,,,,,,,,,,,,,4.0,1.0,0.0,1.0,0.0,1.23,0.3333333333333333,0.1,,,0.0,0.0,0.0,0.0,0.0,,0.0,0.0,0.0,,1.0,1.0
2026,2021038720,2026-04-15,1800044.0,伊藤 裕季也,39.0,一,376,1.0,1.0,2.0,2.0,0.0,1.0,1.0,0.0,0.0,0.0,0.0,,0.0,0.0,0.0,0.0,0.0,0.0,,,,,,,,,,,,,,,,,,,,,,
2026,2021038720,2026-04-15,1800117.0,辰己 涼介,8.0,中,376,1.0,1.0,4.0,2.0,1.0,1.0,0.0,0.0,0.0,1.0,0.0,,2.0,0.0,0.0,0.0,0.0,0.0,,,,,,,,,,,,,,,,,,,,,,
2026,2021038720,2026-04-15,1800118.0,太田 光,2.0,捕,376,1.0,1.0,4.0,4.0,0.0,0.0,0.0,0.0,0.0,0.0,0.0,,0.0,1.0,0.0,0.0,0.0,0.0,,,,,,,,,,,,,,,,,,,,,,
2026,2021038720,2026-04-15,1800122.0,渡邊 佳明,35.0,一,376,1.0,0.0,0.0,0.0,0.0,0.0,0.0,0.0,0.0,0.0,0.0,,0.0,0.0,0.0,0.0,0.0,0.0,,,,,,,,,,,,,,,,,,,,,,
2026,2021038720,2026-04-15,1800123.0,小郷 裕哉,51.0,右,376,1.0,1.0,5.0,5.0,0.0,0.0,0.0,0.0,0.0,0.0,0.0,,0.0,1.0,0.0,0.0,0.0,0.0,,,,,,,,,,,,,,,,,,,,,,
2026,2021038720,2026-04-15,1800124.0,鈴木 翔天,56.0,,376,,,,,,,,,,,,,,,,,,,3.0,1.0,0.0,0.0,0.0,0.0,0.6666666666666666,0.2,,,0.0,0.0,0.0,0.0,0.0,,0.0,2.0,0.0,,2.0,16.0
2026,2021038720,2026-04-15,1900101.0,海野 隆司,62.0,捕,12,1.0,1.0,2.0,2.0,0.0,0.0,0.0,0.0,0.0,0.0,0.0,,0.0,0.0,0.0,0.0,0.0,0.0,,,,,,,,,,,,,,,,,,,,,,
2026,2021038720,2026-04-15,1900104.0,柳町 達,32.0,右,12,1.0,1.0,4.0,4.0,0.0,0.0,0.0,0.0,0.0,0.0,0.0,,0.0,3.0,0.0,0.0,0.0,0.0,,,,,,,,,,,,,,,,,,,,,,
2026,2021038720,2026-04-15,1900106.0,大関 友久,47.0,,12,,,,,,,,,,,,,,,,,,,1.0,1.0,,1.0,1.0,4.24,6.666666666666667,6.2,,,0.0,6.0,2.0,2.0,0.0,,3.0,4.0,0.0,,28.0,108.0
2026,2021038720,2026-04-15,1900112.0,小深田 大翔,0.0,二,376,1.0,1.0,4.0,3.0,0.0,1.0,0.0,0.0,0.0,0.0,0.0,,1.0,0.0,0.0,0.0,0.0,0.0,,,,,,,,,,,,,,,,,,,,,,
2026,2021038720,2026-04-15,1900113.0,黒川 史陽,24.0,三一三,376,1.0,1.0,4.0,4.0,0.0,1.0,1.0,0.0,0.0,1.0,0.0,,0.0,2.0,0.0,0.0,0.0,0.0,,,,,,,,,,,,,,,,,,,,,,
2026,2021038720,2026-04-15,1950149.0,庄子 雄大,25.0,走三,12,1.0,0.0,0.0,0.0,1.0,0.0,0.0,0.0,0.0,0.0,0.0,,0.0,0.0,0.0,0.0,0.0,0.0,,,,,,,,,,,,,,,,,,,,,,
2026,2021038720,2026-04-15,1950278.0,中島 大輔,32.0,左,376,1.0,1.0,4.0,2.0,0.0,1.0,0.0,0.0,0.0,0.0,1.0,,1.0,0.0,0.0,1.0,0.0,0.0,,,,,,,,,,,,,,,,,,,,,,
2026,2021038720,2026-04-15,1961052.0,ヘルナンデス,63.0,,12,,,,,,,,,,,,,,,,,,,2.0,1.0,0.0,0.0,0.0,2.7,1.0,1.0,,,0.0,0.0,0.0,0.0,0.0,,0.0,1.0,0.0,,3.0,8.0
2026,2021038720,2026-04-15,2000008.0,伊藤 優輔,42.0,,12,,,,,,,,,,,,,,,,,,,4.0,1.0,0.0,0.0,0.0,0.0,1.0,1.0,,,0.0,0.0,0.0,0.0,0.0,,2.0,0.0,0.0,,4.0,19.0
2026,2021038720,2026-04-15,2104035.0,野村 勇,99.0,遊,12,1.0,1.0,2.0,2.0,0.0,0.0,0.0,0.0,0.0,0.0,0.0,,0.0,1.0,0.0,0.0,0.0,0.0,,,,,,,,,,,,,,,,,,,,,,
2026,2021038720,2026-04-15,2105283.0,平良 竜哉,48.0,走三,376,1.0,0.0,1.0,1.0,1.0,1.0,0.0,0.0,0.0,0.0,0.0,,0.0,0.0,0.0,0.0,0.0,0.0,,,,,,,,,,,,,,,,,,,,,,
2026,2021038720,2026-04-15,2110316.0,古謝 樹,17.0,,376,,,,,,,,,,,,,,,,,,,1.0,1.0,,0.0,2.0,3.48,6.333333333333333,6.1,,,0.0,4.0,2.0,2.0,0.0,,3.0,6.0,0.0,,26.0,101.0
2026,2021038720,2026-04-15,2112158.0,ワォーターズ,60.0,走,376,1.0,0.0,0.0,0.0,0.0,0.0,0.0,0.0,0.0,0.0,0.0,,0.0,0.0,0.0,0.0,0.0,0.0,,,,,,,,,,,,,,,,,,,,,,
2026,2021038721,2026-04-16,1000002.0,筒香 嘉智,25.0,打,3,1.0,0.0,1.0,1.0,0.0,1.0,0.0,0.0,0.0,0.0,0.0,,0.0,0.0,0.0,0.0,0.0,0.0,,,,,,,,,,,,,,,,,,,,,,
2026,2021038721,2026-04-16,1200053.0,宮崎 敏郎,51.0,三,3,1.0,1.0,4.0,4.0,0.0,0.0,0.0,0.0,0.0,0.0,0.0,,0.0,0.0,0.0,0.0,0.0,0.0,,,,,,,,,,,,,,,,,,,,,,
2026,2021038721,2026-04-16,1600072.0,堀岡 隼人,92.0,投,3,1.0,0.0,0.0,0.0,0.0,0.0,0.0,0.0,0.0,0.0,0.0,,0.0,0.0,0.0,0.0,0.0,0.0,3.0,1.0,0.0,0.0,0.0,0.0,1.0,1.0,,,0.0,0.0,0.0,0.0,0.0,,0.0,2.0,0.0,,3.0,13.0
2026,2021038721,2026-04-16,1600075.0,星 知弥,24.0,投,2,1.0,0.0,0.0,0.0,0.0,0.0,0.0,0.0,0.0,0.0,0.0,,0.0,0.0,0.0,0.0,0.0,0.0,3.0,1.0,0.0,0.0,0.0,1.29,1.0,1.0,,,1.0,1.0,0.0,0.0,0.0,,1.0,2.0,0.0,,5.0,23.0
2026,2021038721,2026-04-16,1600078.0,古賀 優大,2.0,捕,2,1.0,1.0,4.0,4.0,0.0,1.0,0.0,0.0,0.0,0.0,0.0,,0.0,1.0,0.0,0.0,0.0,0.0,,,,,,,,,,,,,,,,,,,,,,
2026,2021038721,2026-04-16,1600089.0,佐野 恵太,7.0,一,3,1.0,1.0,4.0,3.0,0.0,0.0,0.0,0.0,0.0,0.0,0.0,,1.0,0.0,0.0,0.0,0.0,0.0,,,,,,,,,,,,,,,,,,,,,,
2026,2021038721,2026-04-16,1650522.0,丸山 和郁,4.0,右,2,1.0,1.0,3.0,3.0,0.0,1.0,0.0,0.0,0.0,1.0,0.0,,0.0,0.0,0.0,0.0,0.0,0.0,,,,,,,,,,,,,,,,,,,,,,
2026,2021038721,2026-04-16,1700066.0,山本 祐大,50.0,捕,3,1.0,1.0,4.0,3.0,0.0,1.0,0.0,0.0,0.0,0.0,0.0,,1.0,1.0,0.0,0.0,0.0,0.0,,,,,,,,,,,,,,,,,,,,,,
2026,2021038721,2026-04-16,1700067.0,中川 虎大,64.0,投,3,1.0,0.0,0.0,0.0,0.0,0.0,0.0,0.0,0.0,0.0,0.0,,0.0,0.0,0.0,0.0,0.0,0.0,5.0,1.0,0.0,1.0,0.0,0.0,1.0,1.0,,,0.0,1.0,0.0,0.0,0.0,,0.0,2.0,0.0,,4.0,17.0
2026,2021038721,2026-04-16,1700131.0,増田 珠,63.0,打,2,1.0,0.0,1.0,1.0,0.0,0.0,0.0,0.0,0.0,0.0,0.0,,0.0,1.0,0.0,0.0,0.0,0.0,,,,,,,,,,,,,,,,,,,,,,
2026,2021038721,2026-04-16,1750696.0,松本 健吾,28.0,投,2,1.0,1.0,2.0,2.0,0.0,2.0,0.0,0.0,0.0,0.0,0.0,,0.0,0.0,0.0,0.0,0.0,0.0,1.0,1.0,,2.0,0.0,1.5,6.0,6.0,,,0.0,3.0,0.0,0.0,0.0,,2.0,2.0,0.0,,22.0,76.0
2026,2021038721,2026-04-16,1800046.0,勝又 温史,28.0,打左,3,1.0,0.0,2.0,2.0,0.0,1.0,0.0,0.0,0.0,0.0,0.0,,0.0,1.0,0.0,0.0,0.0,0.0,,,,,,,,,,,,,,,,,,,,,,
2026,2021038721,2026-04-16,1850208.0,林 琢真,0.0,走,3,1.0,0.0,0.0,0.0,0.0,0.0,0.0,0.0,0.0,0.0,0.0,,0.0,0.0,0.0,0.0,0.0,0.0,,,,,,,,,,,,,,,,,,,,,,
2026,2021038721,2026-04-16,1850873.0,度会 隆輝,4.0,右,3,1.0,1.0,4.0,4.0,0.0,0.0,0.0,0.0,0.0,0.0,0.0,,0.0,1.0,0.0,0.0,0.0,0.0,,,,,,,,,,,,,,,,,,,,,,
2026,2021038721,2026-04-16,1900028.0,長岡 秀樹,7.0,遊,2,1.0,1.0,4.0,4.0,0.0,2.0,0.0,0.0,0.0,0.0,1.0,,0.0,1.0,0.0,0.0,0.0,0.0,,,,,,,,,,,,,,,,,,,,,,
2026,2021038721,2026-04-16,1900029.0,武岡 龍世,60.0,二三,2,1.0,1.0,4.0,3.0,1.0,0.0,0.0,0.0,0.0,0.0,0.0,,1.0,1.0,0.0,0.0,0.0,0.0,,,,,,,,,,,,,,,,,,,,,,
2026,2021038721,2026-04-16,1900035.0,蝦名 達夫,61.0,中,3,1.0,1.0,4.0,3.0,0.0,1.0,0.0,0.0,0.0,0.0,0.0,,1.0,0.0,0.0,0.0,0.0,0.0,,,,,,,,,,,,,,,,,,,,,,
2026,2021038721,2026-04-16,1960901.0,デュプランティエ,0.0,投,3,1.0,1.0,1.0,1.0,0.0,0.0,0.0,0.0,0.0,0.0,0.0,,0.0,0.0,0.0,0.0,0.0,0.0,1.0,1.0,,0.0,2.0,3.0,4.0,4.0,,,0.0,6.0,2.0,1.0,0.0,,1.0,2.0,0.0,,19.0,75.0
2026,2021038721,2026-04-16,1961046.0,キハダ,11.0,投,2,1.0,0.0,0.0,0.0,0.0,0.0,0.0,0.0,0.0,0.0,0.0,,0.0,0.0,0.0,0.0,0.0,0.0,4.0,1.0,0.0,0.0,0.0,0.0,1.0,1.0,,,7.0,1.0,0.0,0.0,0.0,,1.0,0.0,0.0,,5.0,17.0
2026,2021038721,2026-04-16,2000028.0,並木 秀尊,0.0,左,2,1.0,0.0,0.0,0.0,0.0,0.0,0.0,0.0,0.0,0.0,0.0,,0.0,0.0,0.0,0.0,0.0,0.0,,,,,,,,,,,,,,,,,,,,,,
2026,2021038721,2026-04-16,2000031.0,赤羽 由紘,0.0,三左一,2,1.0,1.0,4.0,4.0,0.0,0.0,0.0,0.0,0.0,0.0,0.0,,0.0,2.0,0.0,0.0,0.0,0.0,,,,,,,,,,,,,,,,,,,,,,
2026,2021038721,2026-04-16,2000035.0,牧 秀悟,2.0,二,3,1.0,1.0,4.0,3.0,0.0,1.0,0.0,0.0,0.0,0.0,0.0,,1.0,0.0,0.0,0.0,0.0,0.0,,,,,,,,,,,,,,,,,,,,,,
2026,2021038721,2026-04-16,2000099.0,中川 颯,53.0,投,3,1.0,0.0,0.0,0.0,0.0,0.0,0.0,0.0,0.0,0.0,0.0,,0.0,0.0,0.0,0.0,0.0,0.0,2.0,1.0,0.0,0.0,0.0,0.0,1.0,1.0,,,0.0,2.0,0.0,0.0,0.0,,0.0,1.0,0.0,,5.0,19.0
2026,2021038721,2026-04-16,2000133.0,オスナ,13.0,一,2,1.0,1.0,4.0,4.0,1.0,2.0,1.0,0.0,0.0,0.0,0.0,,0.0,1.0,0.0,0.0,0.0,0.0,,,,,,,,,,,,,,,,,,,,,,
2026,2021038721,2026-04-16,2000135.0,サンタナ,25.0,左,2,1.0,1.0,4.0,4.0,0.0,1.0,0.0,0.0,0.0,0.0,0.0,,0.0,0.0,0.0,0.0,0.0,0.0,,,,,,,,,,,,,,,,,,,,,,
2026,2021038721,2026-04-16,2100014.0,宮下 朝陽,34.0,遊,3,1.0,1.0,4.0,4.0,0.0,0.0,0.0,0.0,0.0,0.0,0.0,,0.0,2.0,0.0,0.0,0.0,0.0,,,,,,,,,,,,,,,,,,,,,,
2026,2021038721,2026-04-16,2101034.0,ヒュンメル,99.0,左,3,1.0,1.0,3.0,3.0,0.0,0.0,0.0,0.0,0.0,0.0,0.0,,0.0,0.0,0.0,0.0,0.0,1.0,,,,,,,,,,,,,,,,,,,,,,
2026,2021038721,2026-04-16,2103917.0,岩田 幸宏,64.0,中,2,1.0,1.0,4.0,4.0,0.0,1.0,0.0,0.0,0.0,0.0,1.0,,0.0,1.0,0.0,0.0,0.0,0.0,,,,,,,,,,,,,,,,,,,,,,
2026,2021038721,2026-04-16,2105891.0,マルセリーノ,98.0,投,3,1.0,0.0,0.0,0.0,0.0,0.0,0.0,0.0,0.0,0.0,0.0,,0.0,0.0,0.0,0.0,0.0,0.0,4.0,1.0,0.0,0.0,0.0,6.0,1.0,1.0,,,0.0,1.0,0.0,0.0,0.0,,0.0,1.0,0.0,,3.0,10.0
2026,2021038721,2026-04-16,2112175.0,伊藤 琉偉,67.0,二,2,1.0,0.0,0.0,0.0,0.0,0.0,0.0,0.0,0.0,0.0,0.0,,0.0,0.0,0.0,0.0,0.0,0.0,,,,,,,,,,,,,,,,,,,,,,
2026,2021038721,2026-04-16,2122334.0,リランソ,62.0,投,2,1.0,0.0,0.0,0.0,0.0,0.0,0.0,0.0,0.0,0.0,0.0,,0.0,0.0,0.0,0.0,0.0,0.0,2.0,1.0,0.0,0.0,0.0,0.0,1.0,1.0,,,0.0,0.0,0.0,0.0,0.0,,0.0,1.0,0.0,,3.0,13.0
2026,2021038722,2026-04-16,700069.0,田中 将大,11.0,投,1,1.0,1.0,3.0,1.0,0.0,0.0,0.0,0.0,0.0,0.0,0.0,,0.0,0.0,0.0,2.0,0.0,0.0,1.0,1.0,,2.0,0.0,2.41,6.0,6.0,,,0.0,7.0,3.0,3.0,1.0,,0.0,4.0,0.0,,25.0,82.0
2026,2021038722,2026-04-16,1100095.0,松本 剛,9.0,中,1,1.0,1.0,5.0,3.0,1.0,0.0,0.0,0.0,0.0,0.0,0.0,,2.0,1.0,0.0,0.0,0.0,0.0,,,,,,,,,,,,,,,,,,,,,,
2026,2021038722,2026-04-16,1500087.0,坂本 誠志郎,12.0,捕,5,1.0,1.0,3.0,3.0,0.0,0.0,0.0,0.0,0.0,0.0,0.0,,0.0,0.0,0.0,0.0,0.0,1.0,,,,,,,,,,,,,,,,,,,,,,
2026,2021038722,2026-04-16,1561820.0,ダルベック,29.0,三,1,1.0,1.0,4.0,4.0,1.0,3.0,1.0,0.0,1.0,3.0,0.0,,0.0,1.0,0.0,0.0,0.0,0.0,,,,,,,,,,,,,,,,,,,,,,
2026,2021038722,2026-04-16,1600033.0,ドリス,98.0,投,5,1.0,0.0,0.0,0.0,0.0,0.0,0.0,0.0,0.0,0.0,0.0,,0.0,0.0,0.0,0.0,0.0,0.0,4.0,1.0,0.0,0.0,0.0,1.29,1.0,1.0,,,1.0,0.0,0.0,0.0,0.0,,0.0,3.0,0.0,,3.0,12.0
2026,2021038722,2026-04-16,1600113.0,大山 悠輔,3.0,一,5,1.0,1.0,4.0,4.0,0.0,1.0,0.0,0.0,0.0,0.0,0.0,,0.0,0.0,0.0,0.0,0.0,0.0,,,,,,,,,,,,,,,,,,,,,,
2026,2021038722,2026-04-16,1700010.0,マルティネス,92.0,投,1,1.0,0.0,0.0,0.0,0.0,0.0,0.0,0.0,0.0,0.0,0.0,,0.0,0.0,0.0,0.0,0.0,0.0,4.0,1.0,0.0,0.0,0.0,1.8,1.0,1.0,,,5.0,0.0,0.0,0.0,0.0,,0.0,0.0,0.0,,3.0,9.0
2026,2021038722,2026-04-16,1700027.0,田中 瑛斗,45.0,投,1,1.0,0.0,0.0,0.0,0.0,0.0,0.0,0.0,0.0,0.0,0.0,,0.0,0.0,0.0,0.0,0.0,0.0,2.0,1.0,0.0,1.0,0.0,0.0,1.0,1.0,,,1.0,0.0,0.0,0.0,0.0,,1.0,0.0,0.0,,4.0,12.0
2026,2021038722,2026-04-16,1700043.0,岸田 行倫,27.0,捕,1,1.0,1.0,4.0,4.0,0.0,1.0,0.0,0.0,0.0,0.0,0.0,,0.0,1.0,0.0,0.0,0.0,0.0,,,,,,,,,,,,,,,,,,,,,,
2026,2021038722,2026-04-16,1750321.0,泉口 友汰,35.0,遊,1,1.0,1.0,4.0,4.0,1.0,1.0,0.0,0.0,0.0,0.0,0.0,,0.0,0.0,0.0,0.0,0.0,0.0,,,,,,,,,,,,,,,,,,,,,,
2026,2021038722,2026-04-16,1800024.0,増田 陸,61.0,一,1,1.0,1.0,4.0,4.0,0.0,1.0,0.0,0.0,0.0,0.0,0.0,,0.0,1.0,0.0,0.0,0.0,0.0,,,,,,,,,,,,,,,,,,,,,,
2026,2021038722,2026-04-16,1800065.0,近本 光司,5.0,中,5,1.0,1.0,4.0,3.0,0.0,1.0,0.0,0.0,0.0,0.0,0.0,,1.0,1.0,0.0,0.0,0.0,0.0,,,,,,,,,,,,,,,,,,,,,,
2026,2021038722,2026-04-16,1800066.0,小幡 竜平,38.0,遊,5,1.0,1.0,4.0,4.0,1.0,1.0,0.0,0.0,0.0,0.0,0.0,,0.0,0.0,0.0,0.0,0.0,1.0,,,,,,,,,,,,,,,,,,,,,,
2026,2021038722,2026-04-16,1800067.0,木浪 聖也,0.0,打,5,1.0,0.0,1.0,1.0,0.0,0.0,0.0,0.0,0.0,0.0,0.0,,0.0,0.0,0.0,0.0,0.0,0.0,,,,,,,,,,,,,,,,,,,,,,
2026,2021038722,2026-04-16,1800070.0,湯浅 京己,65.0,投,5,1.0,0.0,0.0,0.0,0.0,0.0,0.0,0.0,0.0,0.0,0.0,,0.0,0.0,0.0,0.0,0.0,0.0,2.0,1.0,0.0,1.0,0.0,3.38,1.0,1.0,,,0.0,1.0,0.0,0.0,0.0,,0.0,0.0,0.0,,4.0,12.0
2026,2021038722,2026-04-16,1850183.0,森下 翔太,1.0,右,5,1.0,1.0,4.0,4.0,0.0,2.0,1.0,0.0,0.0,0.0,0.0,,0.0,1.0,0.0,0.0,0.0,0.0,,,,,,,,,,,,,,,,,,,,,,
2026,2021038722,2026-04-16,1950996.0,前川 右京,58.0,左,5,1.0,1.0,4.0,4.0,0.0,0.0,0.0,0.0,0.0,0.0,0.0,,0.0,2.0,0.0,0.0,0.0,0.0,,,,,,,,,,,,,,,,,,,,,,
2026,2021038722,2026-04-16,1951153.0,浦田 俊輔,32.0,二,1,1.0,1.0,4.0,3.0,0.0,1.0,0.0,0.0,0.0,0.0,0.0,,0.0,0.0,0.0,1.0,0.0,0.0,,,,,,,,,,,,,,,,,,,,,,
2026,2021038722,2026-04-16,2000051.0,佐藤 輝明,8.0,三,5,1.0,1.0,4.0,4.0,1.0,1.0,0.0,0.0,1.0,2.0,0.0,,0.0,1.0,0.0,0.0,0.0,0.0,,,,,,,,,,,,,,,,,,,,,,
2026,2021038722,2026-04-16,2000056.0,中野 拓夢,7.0,二,5,1.0,1.0,4.0,3.0,1.0,1.0,0.0,0.0,0.0,1.0,0.0,,0.0,0.0,0.0,0.0,1.0,0.0,,,,,,,,,,,,,,,,,,,,,,
2026,2021038722,2026-04-16,2000057.0,高寺 望夢,67.0,打,5,1.0,0.0,1.0,1.0,0.0,0.0,0.0,0.0,0.0,0.0,0.0,,0.0,0.0,0.0,0.0,0.0,0.0,,,,,,,,,,,,,,,,,,,,,,
2026,2021038722,2026-04-16,2102672.0,皆川 岳飛,39.0,右,1,1.0,0.0,1.0,1.0,0.0,0.0,0.0,0.0,0.0,0.0,0.0,,0.0,1.0,0.0,0.0,0.0,0.0,,,,,,,,,,,,,,,,,,,,,,
2026,2021038722,2026-04-16,2103697.0,大勢,15.0,投,1,1.0,0.0,0.0,0.0,0.0,0.0,0.0,0.0,0.0,0.0,0.0,,0.0,0.0,0.0,0.0,0.0,0.0,3.0,1.0,0.0,1.0,0.0,1.42,1.0,1.0,,,2.0,1.0,0.0,0.0,0.0,,0.0,2.0,0.0,,4.0,18.0
2026,2021038722,2026-04-16,2103707.0,桐敷 拓馬,47.0,投,5,1.0,0.0,0.0,0.0,0.0,0.0,0.0,0.0,0.0,0.0,0.0,,0.0,0.0,0.0,0.0,0.0,0.0,3.0,1.0,0.0,0.0,1.0,2.84,1.0,1.0,,,1.0,0.0,0.0,0.0,0.0,,0.0,0.0,0.0,,3.0,15.0
2026,2021038722,2026-04-16,2106178.0,佐々木 俊輔,44.0,右左,1,1.0,1.0,5.0,4.0,1.0,1.0,0.0,0.0,0.0,0.0,0.0,,1.0,2.0,0.0,0.0,0.0,0.0,,,,,,,,,,,,,,,,,,,,,,
2026,2021038722,2026-04-16,2107874.0,門脇 誠,5.0,三,1,1.0,0.0,0.0,0.0,0.0,0.0,0.0,0.0,0.0,0.0,0.0,,0.0,0.0,0.0,0.0,0.0,0.0,,,,,,,,,,,,,,,,,,,,,,
2026,2021038722,2026-04-16,2108105.0,モレッタ,99.0,投,5,1.0,0.0,0.0,0.0,0.0,0.0,0.0,0.0,0.0,0.0,0.0,,0.0,0.0,0.0,0.0,0.0,0.0,5.0,1.0,0.0,1.0,0.0,1.13,1.0,1.0,,,0.0,1.0,0.0,0.0,0.0,,1.0,2.0,0.0,,5.0,22.0
2026,2021038722,2026-04-16,2109980.0,嶋村 麟士朗,85.0,打,5,1.0,0.0,1.0,1.0,0.0,0.0,0.0,0.0,0.0,0.0,0.0,,0.0,0.0,0.0,0.0,0.0,0.0,,,,,,,,,,,,,,,,,,,,,,
2026,2021038722,2026-04-16,2110225.0,福島 圭音,92.0,打,5,1.0,0.0,1.0,1.0,0.0,1.0,0.0,0.0,0.0,0.0,0.0,,0.0,0.0,0.0,0.0,0.0,0.0,,,,,,,,,,,,,,,,,,,,,,
2026,2021038722,2026-04-16,2117268.0,ルーカス,42.0,投,5,1.0,1.0,1.0,1.0,0.0,0.0,0.0,0.0,0.0,0.0,0.0,,0.0,1.0,0.0,0.0,0.0,0.0,1.0,1.0,,0.0,2.0,5.52,5.0,5.0,,,0.0,7.0,4.0,4.0,1.0,,2.0,3.0,0.0,,23.0,94.0
2026,2021038722,2026-04-16,2118420.0,キャベッジ,13.0,左,1,1.0,1.0,4.0,4.0,0.0,1.0,0.0,0.0,0.0,1.0,0.0,,0.0,1.0,0.0,0.0,0.0,0.0,,,,,,,,,,,,,,,,,,,,,,
2026,2021038723,2026-04-16,1000100.0,西川 遥輝,7.0,左,8,1.0,1.0,4.0,3.0,0.0,0.0,0.0,0.0,0.0,0.0,0.0,,1.0,1.0,0.0,0.0,0.0,2.0,,,,,,,,,,,,,,,,,,,,,,
2026,2021038723,2026-04-16,1000164.0,島本 浩也,40.0,,8,,,,,,,,,,,,,,,,,,,3.0,1.0,0.0,0.0,0.0,1.93,1.0,1.0,,,0.0,2.0,1.0,0.0,0.0,,0.0,0.0,0.0,,5.0,12.0
2026,2021038723,2026-04-16,1300044.0,岡 大海,25.0,打中,9,1.0,0.0,1.0,1.0,1.0,1.0,0.0,0.0,0.0,0.0,0.0,,0.0,0.0,0.0,0.0,0.0,0.0,,,,,,,,,,,,,,,,,,,,,,
2026,2021038723,2026-04-16,1450608.0,八木 彬,33.0,,9,,,,,,,,,,,,,,,,,,,2.0,1.0,0.0,2.0,0.0,1.5,2.0,2.0,,,0.0,1.0,0.0,0.0,0.0,,0.0,0.0,0.0,,7.0,25.0
2026,2021038723,2026-04-16,1460080.0,ポランコ,22.0,打指,9,1.0,0.0,2.0,2.0,0.0,1.0,0.0,0.0,0.0,1.0,0.0,,0.0,1.0,0.0,0.0,0.0,0.0,,,,,,,,,,,,,,,,,,,,,,
2026,2021038723,2026-04-16,1600139.0,玉井 大翔,19.0,,8,,,,,,,,,,,,,,,,,,,4.0,1.0,0.0,0.0,0.0,0.0,1.0,1.0,,,0.0,1.0,0.0,0.0,0.0,,0.0,1.0,0.0,,4.0,16.0
2026,2021038723,2026-04-16,1600157.0,澤田 圭佑,54.0,,9,,,,,,,,,,,,,,,,,,,4.0,1.0,0.0,1.0,1.0,1.13,1.0,1.0,,,0.0,1.0,0.0,0.0,0.0,,0.0,1.0,0.0,,4.0,13.0
2026,2021038723,2026-04-16,1700020.0,ソト,99.0,一,9,1.0,1.0,5.0,5.0,0.0,2.0,0.0,0.0,0.0,1.0,0.0,,0.0,1.0,0.0,0.0,0.0,0.0,,,,,,,,,,,,,,,,,,,,,,
2026,2021038723,2026-04-16,1700025.0,清宮 幸太郎,21.0,一,8,1.0,1.0,4.0,4.0,1.0,1.0,0.0,0.0,0.0,0.0,0.0,,0.0,1.0,0.0,0.0,0.0,0.0,,,,,,,,,,,,,,,,,,,,,,
2026,2021038723,2026-04-16,1700093.0,藤岡 裕大,7.0,二三,9,1.0,1.0,4.0,3.0,0.0,1.0,0.0,0.0,0.0,1.0,0.0,,0.0,0.0,0.0,0.0,1.0,0.0,,,,,,,,,,,,,,,,,,,,,,
2026,2021038723,2026-04-16,1800037.0,坂本 光士郎,36.0,,9,,,,,,,,,,,,,,,,,,,3.0,1.0,0.0,0.0,0.0,0.0,1.0,1.0,,,0.0,0.0,0.0,0.0,0.0,,0.0,2.0,0.0,,3.0,13.0
2026,2021038723,2026-04-16,1800050.0,藤原 恭大,1.0,右,9,1.0,1.0,5.0,4.0,2.0,1.0,0.0,0.0,0.0,0.0,0.0,,0.0,1.0,1.0,0.0,0.0,0.0,,,,,,,,,,,,,,,,,,,,,,
2026,2021038723,2026-04-16,1800068.0,齋藤 友貴哉,48.0,,8,,,,,,,,,,,,,,,,,,,2.0,1.0,0.0,0.0,1.0,9.0,1.0,1.0,,,0.0,3.0,1.0,1.0,0.0,,0.0,2.0,0.0,,6.0,22.0
2026,2021038723,2026-04-16,1800091.0,野村 佑希,5.0,二,8,1.0,1.0,4.0,4.0,0.0,2.0,0.0,0.0,0.0,0.0,0.0,,0.0,0.0,0.0,0.0,0.0,0.0,,,,,,,,,,,,,,,,,,,,,,
2026,2021038723,2026-04-16,1800093.0,万波 中正,66.0,右,8,1.0,1.0,4.0,4.0,0.0,1.0,0.0,0.0,0.0,0.0,0.0,,0.0,3.0,0.0,0.0,0.0,0.0,,,,,,,,,,,,,,,,,,,,,,
2026,2021038723,2026-04-16,1800095.0,田宮 裕涼,64.0,捕,8,1.0,1.0,4.0,4.0,1.0,1.0,1.0,0.0,0.0,0.0,0.0,,0.0,1.0,0.0,0.0,0.0,1.0,,,,,,,,,,,,,,,,,,,,,,
2026,2021038723,2026-04-16,1851204.0,水野 達稀,43.0,遊,8,1.0,1.0,4.0,3.0,0.0,0.0,0.0,0.0,0.0,1.0,0.0,,0.0,0.0,0.0,0.0,1.0,0.0,,,,,,,,,,,,,,,,,,,,,,
2026,2021038723,2026-04-16,1860140.0,レイエス,99.0,指,8,1.0,1.0,4.0,4.0,0.0,0.0,0.0,0.0,0.0,0.0,0.0,,0.0,0.0,0.0,0.0,0.0,0.0,,,,,,,,,,,,,,,,,,,,,,
2026,2021038723,2026-04-16,1900040.0,郡司 裕也,3.0,三,8,1.0,1.0,4.0,3.0,0.0,1.0,0.0,0.0,0.0,0.0,0.0,,1.0,0.0,0.0,0.0,0.0,1.0,,,,,,,,,,,,,,,,,,,,,,
2026,2021038723,2026-04-16,1900081.0,佐藤 都志也,32.0,捕,9,1.0,1.0,4.0,3.0,0.0,0.0,0.0,0.0,0.0,0.0,0.0,,1.0,2.0,0.0,0.0,0.0,0.0,,,,,,,,,,,,,,,,,,,,,,
2026,2021038723,2026-04-16,1900082.0,高部 瑛斗,0.0,中,9,1.0,1.0,3.0,3.0,0.0,0.0,0.0,0.0,0.0,0.0,0.0,,0.0,1.0,0.0,0.0,0.0,0.0,,,,,,,,,,,,,,,,,,,,,,
2026,2021038723,2026-04-16,1900083.0,横山 陸人,15.0,,9,,,,,,,,,,,,,,,,,,,5.0,1.0,0.0,0.0,0.0,0.0,1.0,1.0,,,4.0,1.0,0.0,0.0,0.0,,0.0,2.0,0.0,,4.0,13.0
2026,2021038723,2026-04-16,1950286.0,西川 史礁,6.0,左,9,1.0,1.0,5.0,4.0,1.0,2.0,0.0,0.0,0.0,0.0,0.0,,1.0,1.0,0.0,0.0,0.0,0.0,,,,,,,,,,,,,,,,,,,,,,
2026,2021038723,2026-04-16,2000089.0,小川 龍成,57.0,遊二,9,1.0,1.0,4.0,2.0,1.0,2.0,0.0,0.0,0.0,1.0,0.0,,1.0,0.0,0.0,1.0,0.0,0.0,,,,,,,,,,,,,,,,,,,,,,
2026,2021038723,2026-04-16,2000094.0,山本 大斗,61.0,指,9,1.0,1.0,3.0,2.0,0.0,0.0,0.0,0.0,0.0,0.0,0.0,,1.0,1.0,0.0,0.0,0.0,0.0,,,,,,,,,,,,,,,,,,,,,,
2026,2021038723,2026-04-16,2102926.0,寺地 隆成,65.0,三,9,1.0,1.0,5.0,5.0,0.0,1.0,0.0,0.0,0.0,1.0,0.0,,0.0,1.0,0.0,0.0,0.0,0.0,,,,,,,,,,,,,,,,,,,,,,
2026,2021038723,2026-04-16,2106284.0,矢澤 宏太,12.0,中,8,1.0,1.0,4.0,4.0,1.0,1.0,0.0,0.0,1.0,1.0,0.0,,0.0,3.0,0.0,0.0,0.0,0.0,,,,,,,,,,,,,,,,,,,,,,
2026,2021038723,2026-04-16,2106798.0,友杉 篤輝,4.0,走遊,9,1.0,0.0,0.0,0.0,0.0,0.0,0.0,0.0,0.0,0.0,0.0,,0.0,0.0,0.0,0.0,0.0,0.0,,,,,,,,,,,,,,,,,,,,,,
2026,2021038723,2026-04-16,2111821.0,木村 優人,53.0,,9,,,,,,,,,,,,,,,,,,,1.0,1.0,,0.0,1.0,5.63,4.0,4.0,,,0.0,4.0,3.0,3.0,1.0,,2.0,4.0,0.0,,18.0,76.0
2026,2021038723,2026-04-16,2111822.0,細野 晴希,29.0,,8,,,,,,,,,,,,,,,,,,,1.0,1.0,,1.0,1.0,2.37,5.0,5.0,,,0.0,5.0,3.0,3.0,0.0,,4.0,6.0,1.0,,26.0,101.0
2026,2021038724,2026-04-16,1100061.0,桑原 将志,7.0,左,7,1.0,1.0,4.0,4.0,0.0,2.0,0.0,0.0,0.0,0.0,0.0,,0.0,0.0,0.0,0.0,0.0,0.0,,,,,,,,,,,,,,,,,,,,,,
2026,2021038724,2026-04-16,1300100.0,森 友哉,4.0,捕,11,1.0,1.0,4.0,2.0,1.0,2.0,1.0,0.0,0.0,0.0,0.0,,2.0,0.0,0.0,0.0,0.0,0.0,,,,,,,,,,,,,,,,,,,,,,
2026,2021038724,2026-04-16,1400201.0,西野 真弘,5.0,三,11,1.0,0.0,3.0,3.0,0.0,1.0,1.0,0.0,0.0,0.0,0.0,,0.0,1.0,0.0,0.0,0.0,0.0,,,,,,,,,,,,,,,,,,,,,,
2026,2021038724,2026-04-16,1500041.0,廣岡 大志,30.0,三,11,1.0,1.0,1.0,1.0,0.0,0.0,0.0,0.0,0.0,0.0,0.0,,0.0,0.0,0.0,0.0,0.0,0.0,,,,,,,,,,,,,,,,,,,,,,
2026,2021038724,2026-04-16,1500096.0,西川 龍馬,7.0,指,11,1.0,1.0,5.0,4.0,0.0,1.0,0.0,0.0,0.0,1.0,0.0,,1.0,0.0,0.0,0.0,0.0,0.0,,,,,,,,,,,,,,,,,,,,,,
2026,2021038724,2026-04-16,1500128.0,大城 滉二,10.0,二,11,1.0,1.0,4.0,4.0,1.0,1.0,0.0,0.0,0.0,1.0,0.0,,0.0,0.0,0.0,0.0,0.0,0.0,,,,,,,,,,,,,,,,,,,,,,
2026,2021038724,2026-04-16,1600129.0,源田 壮亮,6.0,遊,7,1.0,1.0,4.0,4.0,0.0,0.0,0.0,0.0,0.0,0.0,0.0,,0.0,0.0,0.0,0.0,0.0,0.0,,,,,,,,,,,,,,,,,,,,,,
2026,2021038724,2026-04-16,1600155.0,山崎 颯一郎,21.0,,11,,,,,,,,,,,,,,,,,,,3.0,1.0,0.0,1.0,1.0,3.12,1.0,1.0,,,0.0,1.0,0.0,0.0,0.0,,0.0,1.0,0.0,,4.0,12.0
2026,2021038724,2026-04-16,1660299.0,林 安可,73.0,指,7,1.0,1.0,4.0,3.0,1.0,1.0,1.0,0.0,0.0,0.0,0.0,,1.0,1.0,0.0,0.0,0.0,0.0,,,,,,,,,,,,,,,,,,,,,,
2026,2021038724,2026-04-16,1751068.0,野口 智哉,9.0,走三,11,1.0,0.0,1.0,0.0,0.0,0.0,0.0,0.0,0.0,1.0,0.0,,0.0,0.0,0.0,0.0,1.0,0.0,,,,,,,,,,,,,,,,,,,,,,
2026,2021038724,2026-04-16,1800098.0,太田 椋,1.0,一,11,1.0,1.0,4.0,4.0,1.0,2.0,1.0,0.0,0.0,0.0,0.0,,0.0,0.0,0.0,0.0,0.0,0.0,,,,,,,,,,,,,,,,,,,,,,
2026,2021038724,2026-04-16,1800104.0,中川 圭太,67.0,左,11,1.0,1.0,5.0,4.0,1.0,2.0,0.0,0.0,0.0,0.0,0.0,,1.0,0.0,0.0,0.0,0.0,0.0,,,,,,,,,,,,,,,,,,,,,,
2026,2021038724,2026-04-16,1851026.0,寺西 成騎,13.0,,11,,,,,,,,,,,,,,,,,,,1.0,1.0,,1.0,1.0,5.28,6.0,6.0,,,0.0,5.0,1.0,1.0,0.0,,0.0,4.0,0.0,,22.0,75.0
2026,2021038724,2026-04-16,1900062.0,浜屋 将太,90.0,,7,,,,,,,,,,,,,,,,,,,4.0,1.0,0.0,0.0,0.0,3.38,0.3333333333333333,0.1,,,0.0,0.0,0.0,0.0,0.0,,1.0,0.0,0.0,,2.0,11.0
2026,2021038724,2026-04-16,1900088.0,紅林 弘太郎,24.0,遊,11,1.0,1.0,4.0,4.0,2.0,2.0,2.0,0.0,0.0,3.0,0.0,,0.0,0.0,0.0,0.0,0.0,0.0,,,,,,,,,,,,,,,,,,,,,,
2026,2021038724,2026-04-16,1950417.0,渡部 聖弥,8.0,三,7,1.0,1.0,4.0,4.0,0.0,0.0,0.0,0.0,0.0,0.0,0.0,,0.0,2.0,0.0,0.0,0.0,0.0,,,,,,,,,,,,,,,,,,,,,,
2026,2021038724,2026-04-16,2000069.0,山村 崇嘉,32.0,一,7,1.0,1.0,4.0,3.0,0.0,0.0,0.0,0.0,0.0,0.0,0.0,,1.0,0.0,0.0,0.0,0.0,0.0,,,,,,,,,,,,,,,,,,,,,,
2026,2021038724,2026-04-16,2000075.0,長谷川 信哉,63.0,右,7,1.0,1.0,4.0,4.0,0.0,1.0,1.0,0.0,0.0,0.0,0.0,,0.0,1.0,0.0,0.0,0.0,0.0,,,,,,,,,,,,,,,,,,,,,,
2026,2021038724,2026-04-16,2000077.0,豆田 泰志,70.0,,7,,,,,,,,,,,,,,,,,,,5.0,1.0,0.0,0.0,0.0,18.0,1.0,1.0,,,0.0,5.0,4.0,4.0,0.0,,1.0,0.0,0.0,,9.0,37.0
2026,2021038724,2026-04-16,2000098.0,来田 涼斗,38.0,右,11,1.0,1.0,4.0,4.0,1.0,1.0,0.0,0.0,0.0,1.0,0.0,,0.0,0.0,0.0,0.0,0.0,0.0,,,,,,,,,,,,,,,,,,,,,,
2026,2021038724,2026-04-16,2050145.0,小島 大河,10.0,捕,7,1.0,1.0,4.0,4.0,0.0,1.0,0.0,0.0,0.0,1.0,0.0,,0.0,0.0,0.0,0.0,0.0,0.0,,,,,,,,,,,,,,,,,,,,,,
2026,2021038724,2026-04-16,2100048.0,秋山 俊,35.0,中,7,1.0,1.0,3.0,3.0,0.0,1.0,0.0,0.0,0.0,0.0,0.0,,0.0,1.0,0.0,0.0,0.0,0.0,,,,,,,,,,,,,,,,,,,,,,
2026,2021038724,2026-04-16,2103612.0,黒田 将矢,57.0,,7,,,,,,,,,,,,,,,,,,,3.0,1.0,0.0,0.0,0.0,0.0,1.6666666666666663,1.2,,,0.0,3.0,0.0,0.0,0.0,,1.0,0.0,0.0,,8.0,33.0
2026,2021038724,2026-04-16,2103625.0,羽田 慎之介,43.0,,7,,,,,,,,,,,,,,,,,,,2.0,1.0,0.0,1.0,0.0,0.0,1.0,1.0,,,0.0,0.0,0.0,0.0,0.0,,0.0,2.0,0.0,,3.0,13.0
2026,2021038724,2026-04-16,2103657.0,菅井 信也,71.0,,7,,,,,,,,,,,,,,,,,,,1.0,1.0,,0.0,2.0,4.7,4.0,4.0,,,0.0,6.0,3.0,3.0,0.0,,1.0,0.0,0.0,,18.0,88.0
2026,2021038724,2026-04-16,2103710.0,古田島 成龍,35.0,,11,,,,,,,,,,,,,,,,,,,2.0,1.0,0.0,0.0,0.0,7.2,1.0,1.0,,,0.0,0.0,0.0,0.0,0.0,,1.0,0.0,0.0,,4.0,23.0
2026,2021038724,2026-04-16,2103747.0,渡部 遼人,0.0,中,11,1.0,1.0,5.0,5.0,0.0,2.0,0.0,0.0,0.0,0.0,1.0,,0.0,1.0,0.0,0.0,0.0,0.0,,,,,,,,,,,,,,,,,,,,,,
2026,2021038724,2026-04-16,2107693.0,入山 海斗,68.0,,11,,,,,,,,,,,,,,,,,,,4.0,1.0,0.0,0.0,0.0,0.0,1.0,1.0,,,0.0,0.0,0.0,0.0,0.0,,1.0,1.0,0.0,,4.0,23.0
2026,2021038724,2026-04-16,2110153.0,麦谷 祐介,8.0,走指,11,1.0,0.0,0.0,0.0,0.0,0.0,0.0,0.0,0.0,0.0,0.0,,0.0,0.0,0.0,0.0,0.0,0.0,,,,,,,,,,,,,,,,,,,,,,
2026,2021038724,2026-04-16,2117835.0,佐藤 太陽,38.0,二,7,1.0,1.0,3.0,3.0,0.0,0.0,0.0,0.0,0.0,0.0,0.0,,0.0,1.0,0.0,0.0,0.0,0.0,,,,,,,,,,,,,,,,,,,,,,
2026,2021038725,2026-04-16,800075.0,伊藤 光,27.0,捕,376,1.0,1.0,1.0,1.0,0.0,0.0,0.0,0.0,0.0,0.0,0.0,,0.0,1.0,0.0,0.0,0.0,0.0,,,,,,,,,,,,,,,,,,,,,,
2026,2021038725,2026-04-16,1000128.0,柳田 悠岐,9.0,指,12,1.0,1.0,4.0,4.0,1.0,2.0,0.0,0.0,1.0,4.0,0.0,,0.0,1.0,0.0,0.0,0.0,0.0,,,,,,,,,,,,,,,,,,,,,,
2026,2021038725,2026-04-16,1000175.0,牧原 大成,8.0,二,12,1.0,1.0,4.0,4.0,0.0,0.0,0.0,0.0,0.0,0.0,0.0,,0.0,2.0,0.0,0.0,0.0,0.0,,,,,,,,,,,,,,,,,,,,,,
2026,2021038725,2026-04-16,1100097.0,近藤 健介,3.0,左,12,1.0,1.0,4.0,3.0,2.0,1.0,1.0,0.0,0.0,0.0,0.0,,1.0,0.0,0.0,0.0,0.0,0.0,,,,,,,,,,,,,,,,,,,,,,
2026,2021038725,2026-04-16,1100103.0,鈴木 大地,7.0,一,376,1.0,1.0,3.0,3.0,0.0,1.0,0.0,0.0,0.0,0.0,0.0,,0.0,2.0,0.0,0.0,0.0,0.0,,,,,,,,,,,,,,,,,,,,,,
2026,2021038725,2026-04-16,1300101.0,山川 穂高,5.0,一,12,1.0,1.0,4.0,2.0,1.0,1.0,0.0,0.0,1.0,1.0,0.0,,2.0,1.0,0.0,0.0,0.0,0.0,,,,,,,,,,,,,,,,,,,,,,
2026,2021038725,2026-04-16,1400127.0,栗原 陵矢,24.0,三,12,1.0,1.0,4.0,4.0,0.0,0.0,0.0,0.0,0.0,0.0,0.0,,0.0,0.0,0.0,0.0,0.0,0.0,,,,,,,,,,,,,,,,,,,,,,
2026,2021038725,2026-04-16,1550517.0,大津 亮介,19.0,,12,,,,,,,,,,,,,,,,,,,1.0,1.0,,2.0,0.0,1.29,7.0,7.0,,,0.0,4.0,0.0,0.0,0.0,,0.0,11.0,0.0,,24.0,106.0
2026,2021038725,2026-04-16,1600007.0,村林 一輝,6.0,遊,376,1.0,1.0,3.0,3.0,0.0,1.0,0.0,0.0,0.0,0.0,0.0,,0.0,0.0,0.0,0.0,0.0,0.0,,,,,,,,,,,,,,,,,,,,,,
2026,2021038725,2026-04-16,1650813.0,川村 友斗,61.0,打右,12,1.0,0.0,1.0,1.0,0.0,0.0,0.0,0.0,0.0,0.0,0.0,,0.0,1.0,0.0,0.0,0.0,0.0,,,,,,,,,,,,,,,,,,,,,,
2026,2021038725,2026-04-16,1700135.0,周東 佑京,23.0,中,12,1.0,1.0,4.0,3.0,1.0,1.0,0.0,0.0,0.0,0.0,0.0,,1.0,0.0,0.0,0.0,0.0,0.0,,,,,,,,,,,,,,,,,,,,,,
2026,2021038725,2026-04-16,1800043.0,上茶谷 大河,64.0,,12,,,,,,,,,,,,,,,,,,,3.0,1.0,0.0,1.0,0.0,1.93,1.0,1.0,,,0.0,0.0,0.0,0.0,0.0,,1.0,0.0,0.0,,4.0,20.0
2026,2021038725,2026-04-16,1800044.0,伊藤 裕季也,39.0,打,376,1.0,0.0,1.0,1.0,0.0,0.0,0.0,0.0,0.0,0.0,0.0,,0.0,1.0,0.0,0.0,0.0,0.0,,,,,,,,,,,,,,,,,,,,,,
2026,2021038725,2026-04-16,1800117.0,辰己 涼介,8.0,中,376,1.0,1.0,3.0,3.0,0.0,0.0,0.0,0.0,0.0,0.0,0.0,,0.0,1.0,0.0,0.0,0.0,0.0,,,,,,,,,,,,,,,,,,,,,,
2026,2021038725,2026-04-16,1800118.0,太田 光,2.0,捕,376,1.0,0.0,1.0,1.0,0.0,1.0,0.0,0.0,0.0,0.0,0.0,,0.0,0.0,0.0,0.0,0.0,0.0,,,,,,,,,,,,,,,,,,,,,,
2026,2021038725,2026-04-16,1800122.0,渡邊 佳明,35.0,打左,376,1.0,0.0,1.0,1.0,0.0,0.0,0.0,0.0,0.0,0.0,0.0,,0.0,1.0,0.0,0.0,0.0,0.0,,,,,,,,,,,,,,,,,,,,,,
2026,2021038725,2026-04-16,1800123.0,小郷 裕哉,51.0,右,376,1.0,1.0,3.0,3.0,0.0,0.0,0.0,0.0,0.0,0.0,0.0,,0.0,3.0,0.0,0.0,0.0,0.0,,,,,,,,,,,,,,,,,,,,,,
2026,2021038725,2026-04-16,1851115.0,木村 光,68.0,,12,,,,,,,,,,,,,,,,,,,2.0,1.0,0.0,0.0,0.0,0.0,1.0,1.0,,,0.0,1.0,0.0,0.0,0.0,,0.0,2.0,0.0,,4.0,20.0
2026,2021038725,2026-04-16,1900101.0,海野 隆司,62.0,捕,12,1.0,1.0,4.0,3.0,0.0,1.0,1.0,0.0,0.0,0.0,0.0,,0.0,2.0,0.0,1.0,0.0,0.0,,,,,,,,,,,,,,,,,,,,,,
2026,2021038725,2026-04-16,1900104.0,柳町 達,32.0,右,12,1.0,1.0,3.0,2.0,1.0,0.0,0.0,0.0,0.0,0.0,0.0,,1.0,1.0,0.0,0.0,0.0,0.0,,,,,,,,,,,,,,,,,,,,,,
2026,2021038725,2026-04-16,1900112.0,小深田 大翔,0.0,二,376,1.0,1.0,4.0,4.0,0.0,0.0,0.0,0.0,0.0,0.0,0.0,,0.0,0.0,0.0,0.0,0.0,0.0,,,,,,,,,,,,,,,,,,,,,,
2026,2021038725,2026-04-16,1900113.0,黒川 史陽,24.0,三,376,1.0,1.0,4.0,3.0,0.0,1.0,0.0,0.0,0.0,0.0,0.0,,1.0,1.0,0.0,0.0,0.0,0.0,,,,,,,,,,,,,,,,,,,,,,
2026,2021038725,2026-04-16,1950278.0,中島 大輔,32.0,中,376,1.0,0.0,1.0,1.0,0.0,0.0,0.0,0.0,0.0,0.0,0.0,,0.0,0.0,0.0,0.0,0.0,0.0,,,,,,,,,,,,,,,,,,,,,,
2026,2021038725,2026-04-16,2000126.0,内 星龍,69.0,,376,,,,,,,,,,,,,,,,,,,2.0,1.0,0.0,0.0,1.0,9.72,2.0,2.0,,,0.0,0.0,0.0,0.0,0.0,,1.0,2.0,0.0,,7.0,31.0
2026,2021038725,2026-04-16,2100284.0,阪上 翔也,42.0,左右,376,1.0,1.0,3.0,3.0,0.0,0.0,0.0,0.0,0.0,0.0,0.0,,0.0,2.0,0.0,0.0,0.0,0.0,,,,,,,,,,,,,,,,,,,,,,
2026,2021038725,2026-04-16,2103740.0,YG安田,55.0,指,376,1.0,1.0,3.0,3.0,0.0,1.0,0.0,0.0,0.0,0.0,0.0,,0.0,1.0,0.0,0.0,0.0,0.0,,,,,,,,,,,,,,,,,,,,,,
2026,2021038725,2026-04-16,2104035.0,野村 勇,99.0,遊,12,1.0,1.0,4.0,4.0,0.0,1.0,1.0,0.0,0.0,1.0,0.0,,0.0,2.0,0.0,0.0,0.0,0.0,,,,,,,,,,,,,,,,,,,,,,
2026,2021038725,2026-04-16,2110493.0,藤原 聡大,13.0,,376,,,,,,,,,,,,,,,,,,,1.0,1.0,,0.0,2.0,6.75,4.0,4.0,,,0.0,5.0,5.0,5.0,2.0,,3.0,5.0,0.0,,20.0,85.0
2026,2021038725,2026-04-16,2112158.0,ワォーターズ,60.0,遊,376,1.0,0.0,1.0,1.0,0.0,0.0,0.0,0.0,0.0,0.0,0.0,,0.0,0.0,0.0,0.0,0.0,0.0,,,,,,,,,,,,,,,,,,,,,,
2026,2021038725,2026-04-16,2112429.0,江原 雅裕,40.0,,376,,,,,,,,,,,,,,,,,,,3.0,1.0,0.0,0.0,0.0,4.5,2.0,2.0,,,0.0,2.0,1.0,1.0,0.0,,1.0,3.0,0.0,,9.0,39.0
2026,2021038726,2026-04-17,800043.0,丸 佳浩,8.0,右,1,1.0,1.0,4.0,3.0,1.0,0.0,0.0,0.0,0.0,1.0,0.0,,1.0,1.0,0.0,0.0,0.0,0.0,,,,,,,,,,,,,,,,,,,,,,
2026,2021038726,2026-04-17,900044.0,中村 悠平,27.0,捕,2,1.0,1.0,4.0,3.0,1.0,1.0,0.0,0.0,0.0,0.0,0.0,,1.0,0.0,0.0,0.0,0.0,0.0,,,,,,,,,,,,,,,,,,,,,,
2026,2021038726,2026-04-17,1300029.0,田口 麗斗,34.0,投,2,1.0,0.0,0.0,0.0,0.0,0.0,0.0,0.0,0.0,0.0,0.0,,0.0,0.0,0.0,0.0,0.0,0.0,3.0,1.0,0.0,1.0,0.0,0.0,2.0,2.0,,,0.0,2.0,0.0,0.0,0.0,,0.0,2.0,1.0,,9.0,32.0
2026,2021038726,2026-04-17,1561820.0,ダルベック,29.0,三,1,1.0,1.0,5.0,5.0,2.0,2.0,0.0,0.0,1.0,1.0,0.0,,0.0,2.0,0.0,0.0,0.0,0.0,,,,,,,,,,,,,,,,,,,,,,
2026,2021038726,2026-04-17,1650522.0,丸山 和郁,4.0,右,2,1.0,1.0,3.0,3.0,0.0,0.0,0.0,0.0,0.0,0.0,0.0,,0.0,1.0,0.0,0.0,0.0,0.0,,,,,,,,,,,,,,,,,,,,,,
2026,2021038726,2026-04-17,1700029.0,北浦 竜次,56.0,投,1,1.0,0.0,0.0,0.0,0.0,0.0,0.0,0.0,0.0,0.0,0.0,,0.0,0.0,0.0,0.0,0.0,0.0,2.0,1.0,0.0,0.0,0.0,9.45,1.0,1.0,,,0.0,1.0,0.0,0.0,0.0,,0.0,0.0,0.0,,4.0,10.0
2026,2021038726,2026-04-17,1700044.0,大城 卓三,24.0,捕,1,1.0,1.0,5.0,4.0,2.0,3.0,0.0,0.0,0.0,1.0,0.0,,1.0,1.0,0.0,0.0,0.0,0.0,,,,,,,,,,,,,,,,,,,,,,
2026,2021038726,2026-04-17,1700131.0,増田 珠,63.0,打,2,1.0,0.0,1.0,1.0,0.0,0.0,0.0,0.0,0.0,0.0,0.0,,0.0,0.0,0.0,0.0,0.0,0.0,,,,,,,,,,,,,,,,,,,,,,
2026,2021038726,2026-04-17,1750321.0,泉口 友汰,35.0,遊,1,1.0,1.0,5.0,5.0,1.0,2.0,0.0,0.0,0.0,0.0,0.0,,0.0,1.0,0.0,0.0,0.0,0.0,,,,,,,,,,,,,,,,,,,,,,
2026,2021038726,2026-04-17,1800024.0,増田 陸,61.0,一,1,1.0,1.0,5.0,5.0,0.0,2.0,0.0,0.0,0.0,2.0,0.0,,0.0,2.0,0.0,0.0,0.0,0.0,,,,,,,,,,,,,,,,,,,,,,
2026,2021038726,2026-04-17,1900028.0,長岡 秀樹,7.0,遊,2,1.0,1.0,4.0,4.0,0.0,1.0,0.0,0.0,0.0,0.0,0.0,,0.0,1.0,0.0,0.0,0.0,0.0,,,,,,,,,,,,,,,,,,,,,,
2026,2021038726,2026-04-17,1900029.0,武岡 龍世,60.0,三二,2,1.0,1.0,4.0,3.0,0.0,1.0,0.0,0.0,0.0,1.0,0.0,,1.0,1.0,0.0,0.0,0.0,0.0,,,,,,,,,,,,,,,,,,,,,,
2026,2021038726,2026-04-17,1951153.0,浦田 俊輔,32.0,二,1,1.0,1.0,5.0,4.0,1.0,1.0,0.0,0.0,0.0,0.0,0.0,,0.0,1.0,1.0,0.0,0.0,0.0,,,,,,,,,,,,,,,,,,,,,,
2026,2021038726,2026-04-17,2000024.0,木澤 尚文,20.0,投,2,1.0,0.0,0.0,0.0,0.0,0.0,0.0,0.0,0.0,0.0,0.0,,0.0,0.0,0.0,0.0,0.0,0.0,4.0,1.0,0.0,0.0,0.0,0.0,1.0,1.0,,,0.0,0.0,0.0,0.0,0.0,,0.0,1.0,0.0,,3.0,12.0
2026,2021038726,2026-04-17,2000028.0,並木 秀尊,0.0,左,2,1.0,0.0,0.0,0.0,0.0,0.0,0.0,0.0,0.0,0.0,0.0,,0.0,0.0,0.0,0.0,0.0,0.0,,,,,,,,,,,,,,,,,,,,,,
2026,2021038726,2026-04-17,2000033.0,丸山 翔大,68.0,投,2,1.0,0.0,0.0,0.0,0.0,0.0,0.0,0.0,0.0,0.0,0.0,,0.0,0.0,0.0,0.0,0.0,0.0,2.0,1.0,0.0,0.0,0.0,0.0,2.333333333333333,2.1,,,0.0,0.0,0.0,0.0,0.0,,0.0,5.0,0.0,,7.0,26.0
2026,2021038726,2026-04-17,2000133.0,オスナ,13.0,一,2,1.0,1.0,4.0,4.0,0.0,1.0,0.0,0.0,0.0,0.0,0.0,,0.0,0.0,0.0,0.0,0.0,0.0,,,,,,,,,,,,,,,,,,,,,,
2026,2021038726,2026-04-17,2000135.0,サンタナ,25.0,左,2,1.0,1.0,4.0,3.0,0.0,0.0,0.0,0.0,0.0,0.0,0.0,,1.0,0.0,0.0,0.0,0.0,0.0,,,,,,,,,,,,,,,,,,,,,,
2026,2021038726,2026-04-17,2102672.0,皆川 岳飛,39.0,右,1,1.0,0.0,0.0,0.0,0.0,0.0,0.0,0.0,0.0,0.0,0.0,,0.0,0.0,0.0,0.0,0.0,0.0,,,,,,,,,,,,,,,,,,,,,,
2026,2021038726,2026-04-17,2103917.0,岩田 幸宏,64.0,中,2,1.0,1.0,4.0,4.0,0.0,1.0,0.0,0.0,0.0,0.0,0.0,,0.0,2.0,0.0,0.0,0.0,0.0,,,,,,,,,,,,,,,,,,,,,,
2026,2021038726,2026-04-17,2105063.0,橋本 星哉,52.0,走,2,1.0,0.0,0.0,0.0,1.0,0.0,0.0,0.0,0.0,0.0,0.0,,0.0,0.0,0.0,0.0,0.0,0.0,,,,,,,,,,,,,,,,,,,,,,
2026,2021038726,2026-04-17,2106178.0,佐々木 俊輔,44.0,中,1,1.0,1.0,5.0,5.0,0.0,1.0,0.0,0.0,0.0,0.0,0.0,,0.0,2.0,0.0,0.0,0.0,0.0,,,,,,,,,,,,,,,,,,,,,,
2026,2021038726,2026-04-17,2107764.0,宇都宮 葵星,68.0,走右三,1,1.0,0.0,1.0,1.0,0.0,0.0,0.0,0.0,0.0,0.0,0.0,,0.0,0.0,0.0,0.0,0.0,0.0,,,,,,,,,,,,,,,,,,,,,,
2026,2021038726,2026-04-17,2108022.0,又木 鉄平,46.0,投,1,1.0,0.0,0.0,0.0,0.0,0.0,0.0,0.0,0.0,0.0,0.0,,0.0,0.0,0.0,0.0,0.0,0.0,3.0,1.0,0.0,0.0,0.0,6.0,1.0,1.0,,,0.0,3.0,2.0,2.0,0.0,,1.0,0.0,0.0,,6.0,19.0
2026,2021038726,2026-04-17,2108291.0,ウォルターズ,58.0,投,2,1.0,1.0,1.0,1.0,0.0,0.0,0.0,0.0,0.0,0.0,0.0,,0.0,1.0,0.0,0.0,0.0,0.0,1.0,1.0,,0.0,1.0,23.63,2.6666666666666665,2.2,,,0.0,8.0,7.0,7.0,0.0,,3.0,4.0,1.0,,20.0,77.0
2026,2021038726,2026-04-17,2112175.0,伊藤 琉偉,67.0,二,2,1.0,1.0,2.0,2.0,0.0,0.0,0.0,0.0,0.0,0.0,0.0,,0.0,2.0,0.0,0.0,0.0,0.0,,,,,,,,,,,,,,,,,,,,,,
2026,2021038726,2026-04-17,2112330.0,平山 功太,69.0,左,1,1.0,0.0,0.0,0.0,0.0,0.0,0.0,0.0,0.0,0.0,0.0,,0.0,0.0,0.0,0.0,0.0,0.0,,,,,,,,,,,,,,,,,,,,,,
2026,2021038726,2026-04-17,2112585.0,モイセエフ ニキータ,31.0,打,2,1.0,0.0,1.0,0.0,0.0,0.0,0.0,0.0,0.0,0.0,0.0,,1.0,0.0,0.0,0.0,0.0,0.0,,,,,,,,,,,,,,,,,,,,,,
2026,2021038726,2026-04-17,2113365.0,田中 陽翔,54.0,打三,2,1.0,0.0,3.0,3.0,0.0,1.0,0.0,0.0,0.0,0.0,0.0,,0.0,1.0,0.0,0.0,0.0,0.0,,,,,,,,,,,,,,,,,,,,,,
2026,2021038726,2026-04-17,2117400.0,荘司 宏太,30.0,投,2,1.0,0.0,0.0,0.0,0.0,0.0,0.0,0.0,0.0,0.0,0.0,,0.0,0.0,0.0,0.0,0.0,0.0,5.0,1.0,0.0,1.0,0.0,3.6,1.0,1.0,,,0.0,2.0,1.0,1.0,1.0,,0.0,1.0,0.0,,5.0,20.0
2026,2021038726,2026-04-17,2117509.0,ウィットリー,26.0,投,1,1.0,1.0,4.0,3.0,0.0,0.0,0.0,0.0,0.0,1.0,0.0,,1.0,1.0,0.0,0.0,0.0,0.0,1.0,1.0,,1.0,1.0,3.0,7.0,7.0,,,0.0,2.0,0.0,0.0,0.0,,3.0,9.0,0.0,,25.0,94.0
2026,2021038726,2026-04-17,2118420.0,キャベッジ,13.0,左,1,1.0,1.0,5.0,4.0,1.0,1.0,1.0,0.0,0.0,2.0,0.0,,0.0,2.0,1.0,0.0,0.0,0.0,,,,,,,,,,,,,,,,,,,,,,
2026,2021038727,2026-04-17,900410.0,大島 洋平,8.0,打,4,1.0,0.0,1.0,1.0,0.0,0.0,0.0,0.0,0.0,0.0,0.0,,0.0,1.0,0.0,0.0,0.0,0.0,,,,,,,,,,,,,,,,,,,,,,
2026,2021038727,2026-04-17,1100069.0,高橋 周平,3.0,一,4,1.0,1.0,4.0,4.0,0.0,2.0,0.0,0.0,0.0,1.0,0.0,,0.0,1.0,0.0,0.0,0.0,0.0,,,,,,,,,,,,,,,,,,,,,,
2026,2021038727,2026-04-17,1300075.0,岩崎 優,13.0,投,5,1.0,0.0,0.0,0.0,0.0,0.0,0.0,0.0,0.0,0.0,0.0,,0.0,0.0,0.0,0.0,0.0,0.0,4.0,1.0,0.0,0.0,1.0,1.29,1.0,1.0,,,5.0,1.0,0.0,0.0,0.0,,0.0,1.0,0.0,,3.0,11.0
2026,2021038727,2026-04-17,1400199.0,齋藤 綱記,59.0,投,4,1.0,0.0,0.0,0.0,0.0,0.0,0.0,0.0,0.0,0.0,0.0,,0.0,0.0,0.0,0.0,0.0,0.0,3.0,1.0,0.0,0.0,1.0,5.79,1.0,1.0,,,0.0,0.0,0.0,0.0,0.0,,0.0,0.0,1.0,,4.0,14.0
2026,2021038727,2026-04-17,1500076.0,木下 拓哉,35.0,捕,4,1.0,1.0,3.0,3.0,0.0,2.0,0.0,0.0,0.0,0.0,0.0,,0.0,0.0,0.0,0.0,0.0,0.0,,,,,,,,,,,,,,,,,,,,,,
2026,2021038727,2026-04-17,1500078.0,阿部 寿樹,48.0,打,4,1.0,0.0,1.0,1.0,0.0,0.0,0.0,0.0,0.0,0.0,0.0,,0.0,0.0,0.0,0.0,0.0,0.0,,,,,,,,,,,,,,,,,,,,,,
2026,2021038727,2026-04-17,1500087.0,坂本 誠志郎,12.0,捕,5,1.0,1.0,4.0,3.0,0.0,1.0,1.0,0.0,0.0,0.0,0.0,,0.0,1.0,1.0,0.0,0.0,0.0,,,,,,,,,,,,,,,,,,,,,,
2026,2021038727,2026-04-17,1600033.0,ドリス,98.0,投,5,1.0,0.0,0.0,0.0,0.0,0.0,0.0,0.0,0.0,0.0,0.0,,0.0,0.0,0.0,0.0,0.0,0.0,3.0,1.0,0.0,0.0,0.0,1.13,1.0,1.0,,,1.0,0.0,0.0,0.0,0.0,,0.0,0.0,0.0,,3.0,8.0
2026,2021038727,2026-04-17,1600085.0,細川 成也,55.0,左,4,1.0,1.0,4.0,4.0,1.0,1.0,1.0,0.0,0.0,0.0,0.0,,0.0,1.0,0.0,0.0,0.0,0.0,,,,,,,,,,,,,,,,,,,,,,
2026,2021038727,2026-04-17,1600106.0,柳 裕也,17.0,投,4,1.0,1.0,2.0,1.0,0.0,0.0,0.0,0.0,0.0,0.0,0.0,,0.0,0.0,0.0,1.0,0.0,0.0,1.0,1.0,,1.0,0.0,1.0,6.0,6.0,,,0.0,8.0,1.0,1.0,0.0,,3.0,5.0,0.0,,28.0,125.0
2026,2021038727,2026-04-17,1600113.0,大山 悠輔,3.0,一,5,1.0,1.0,4.0,4.0,0.0,2.0,0.0,0.0,0.0,1.0,0.0,,0.0,1.0,0.0,0.0,0.0,0.0,,,,,,,,,,,,,,,,,,,,,,
2026,2021038727,2026-04-17,1750223.0,村松 開人,5.0,遊,4,1.0,1.0,4.0,4.0,0.0,1.0,0.0,0.0,0.0,0.0,0.0,,0.0,0.0,0.0,0.0,0.0,0.0,,,,,,,,,,,,,,,,,,,,,,
2026,2021038727,2026-04-17,1750701.0,田中 幹也,2.0,二,4,1.0,1.0,3.0,3.0,0.0,0.0,0.0,0.0,0.0,0.0,0.0,,0.0,0.0,0.0,0.0,0.0,0.0,,,,,,,,,,,,,,,,,,,,,,
2026,2021038727,2026-04-17,1800048.0,知野 直人,65.0,走,4,1.0,0.0,0.0,0.0,0.0,0.0,0.0,0.0,0.0,0.0,0.0,,0.0,0.0,0.0,0.0,0.0,0.0,,,,,,,,,,,,,,,,,,,,,,
2026,2021038727,2026-04-17,1800059.0,根尾 昂,30.0,投,4,1.0,0.0,0.0,0.0,0.0,0.0,0.0,0.0,0.0,0.0,0.0,,0.0,0.0,0.0,0.0,0.0,0.0,2.0,1.0,0.0,1.0,1.0,1.42,1.0,1.0,,,0.0,1.0,1.0,1.0,1.0,,0.0,2.0,0.0,,4.0,15.0
2026,2021038727,2026-04-17,1800065.0,近本 光司,5.0,中,5,1.0,1.0,4.0,4.0,0.0,1.0,0.0,0.0,0.0,0.0,0.0,,0.0,2.0,0.0,0.0,0.0,0.0,,,,,,,,,,,,,,,,,,,,,,
2026,2021038727,2026-04-17,1800066.0,小幡 竜平,38.0,遊,5,1.0,1.0,4.0,2.0,0.0,1.0,0.0,0.0,0.0,0.0,0.0,,1.0,0.0,0.0,1.0,0.0,0.0,,,,,,,,,,,,,,,,,,,,,,
2026,2021038727,2026-04-17,1800067.0,木浪 聖也,0.0,打,5,1.0,0.0,1.0,0.0,0.0,0.0,0.0,0.0,0.0,0.0,0.0,,1.0,0.0,0.0,0.0,0.0,0.0,,,,,,,,,,,,,,,,,,,,,,
2026,2021038727,2026-04-17,1850183.0,森下 翔太,1.0,右,5,1.0,1.0,4.0,4.0,1.0,1.0,0.0,0.0,1.0,1.0,0.0,,0.0,0.0,0.0,0.0,0.0,0.0,,,,,,,,,,,,,,,,,,,,,,
2026,2021038727,2026-04-17,1950996.0,前川 右京,58.0,左,5,1.0,1.0,3.0,3.0,0.0,1.0,0.0,0.0,0.0,0.0,0.0,,0.0,0.0,0.0,0.0,0.0,0.0,,,,,,,,,,,,,,,,,,,,,,
2026,2021038727,2026-04-17,1961300.0,ボスラー,24.0,右,4,1.0,1.0,4.0,3.0,0.0,0.0,0.0,0.0,0.0,0.0,0.0,,1.0,1.0,0.0,0.0,0.0,0.0,,,,,,,,,,,,,,,,,,,,,,
2026,2021038727,2026-04-17,2000051.0,佐藤 輝明,8.0,三,5,1.0,1.0,4.0,3.0,1.0,1.0,0.0,1.0,0.0,0.0,0.0,,1.0,0.0,0.0,0.0,0.0,0.0,,,,,,,,,,,,,,,,,,,,,,
2026,2021038727,2026-04-17,2000055.0,村上 頌樹,41.0,投,5,1.0,1.0,2.0,2.0,0.0,0.0,0.0,0.0,0.0,0.0,0.0,,0.0,2.0,0.0,0.0,0.0,0.0,1.0,1.0,,1.0,1.0,2.08,6.0,6.0,,,0.0,4.0,1.0,1.0,0.0,,1.0,4.0,0.0,,23.0,106.0
2026,2021038727,2026-04-17,2000056.0,中野 拓夢,7.0,二,5,1.0,1.0,4.0,4.0,0.0,1.0,0.0,0.0,0.0,0.0,0.0,,0.0,1.0,0.0,0.0,0.0,0.0,,,,,,,,,,,,,,,,,,,,,,
2026,2021038727,2026-04-17,2000057.0,高寺 望夢,67.0,左,5,1.0,0.0,1.0,1.0,0.0,0.0,0.0,0.0,0.0,0.0,0.0,,0.0,0.0,0.0,0.0,0.0,0.0,,,,,,,,,,,,,,,,,,,,,,
2026,2021038727,2026-04-17,2100253.0,中川 勇斗,68.0,打,5,1.0,0.0,1.0,1.0,0.0,0.0,0.0,0.0,0.0,0.0,0.0,,0.0,0.0,0.0,0.0,0.0,0.0,,,,,,,,,,,,,,,,,,,,,,
2026,2021038727,2026-04-17,2100275.0,花田 旭,57.0,中,4,1.0,1.0,3.0,3.0,0.0,0.0,0.0,0.0,0.0,0.0,0.0,,0.0,2.0,0.0,0.0,0.0,0.0,,,,,,,,,,,,,,,,,,,,,,
2026,2021038727,2026-04-17,2103780.0,福永 裕基,7.0,三,4,1.0,1.0,4.0,4.0,0.0,0.0,0.0,0.0,0.0,0.0,0.0,,0.0,1.0,0.0,0.0,0.0,0.0,,,,,,,,,,,,,,,,,,,,,,
2026,2021038727,2026-04-17,2108105.0,モレッタ,99.0,投,5,1.0,0.0,0.0,0.0,0.0,0.0,0.0,0.0,0.0,0.0,0.0,,0.0,0.0,0.0,0.0,0.0,0.0,2.0,1.0,0.0,2.0,0.0,1.0,1.0,1.0,,,0.0,1.0,0.0,0.0,0.0,,0.0,2.0,0.0,,4.0,14.0
2026,2021038728,2026-04-17,1000002.0,筒香 嘉智,25.0,一,3,1.0,1.0,4.0,4.0,0.0,0.0,0.0,0.0,0.0,0.0,0.0,,0.0,2.0,0.0,0.0,0.0,0.0,,,,,,,,,,,,,,,,,,,,,,
2026,2021038728,2026-04-17,1100082.0,菊池 涼介,33.0,二,6,1.0,1.0,4.0,4.0,0.0,0.0,0.0,0.0,0.0,0.0,0.0,,0.0,2.0,0.0,0.0,0.0,0.0,,,,,,,,,,,,,,,,,,,,,,
2026,2021038728,2026-04-17,1200053.0,宮崎 敏郎,51.0,三,3,1.0,1.0,5.0,4.0,1.0,2.0,1.0,0.0,0.0,1.0,0.0,,1.0,0.0,0.0,0.0,0.0,0.0,,,,,,,,,,,,,,,,,,,,,,
2026,2021038728,2026-04-17,1300031.0,平良 拳太郎,59.0,投,3,1.0,1.0,3.0,1.0,1.0,0.0,0.0,0.0,0.0,0.0,0.0,,1.0,1.0,0.0,1.0,0.0,0.0,1.0,1.0,,1.0,0.0,1.29,6.0,6.0,,,0.0,3.0,1.0,1.0,0.0,,1.0,6.0,0.0,,22.0,87.0
2026,2021038728,2026-04-17,1400175.0,塹江 敦哉,36.0,投,6,1.0,0.0,0.0,0.0,0.0,0.0,0.0,0.0,0.0,0.0,0.0,,0.0,0.0,0.0,0.0,0.0,0.0,3.0,1.0,0.0,0.0,0.0,0.0,0.3333333333333333,0.1,,,0.0,1.0,0.0,0.0,0.0,,0.0,0.0,0.0,,1.0,6.0
2026,2021038728,2026-04-17,1600089.0,佐野 恵太,7.0,左一,3,1.0,1.0,5.0,3.0,0.0,3.0,1.0,0.0,0.0,1.0,0.0,,2.0,0.0,0.0,0.0,0.0,0.0,,,,,,,,,,,,,,,,,,,,,,
2026,2021038728,2026-04-17,1600107.0,京田 陽太,9.0,打,3,1.0,0.0,1.0,1.0,0.0,0.0,0.0,0.0,0.0,0.0,0.0,,0.0,0.0,0.0,0.0,0.0,0.0,,,,,,,,,,,,,,,,,,,,,,
2026,2021038728,2026-04-17,1600124.0,坂倉 将吾,31.0,捕,6,1.0,1.0,3.0,3.0,0.0,0.0,0.0,0.0,0.0,0.0,0.0,,0.0,1.0,0.0,0.0,0.0,0.0,,,,,,,,,,,,,,,,,,,,,,
2026,2021038728,2026-04-17,1700059.0,神里 和毅,8.0,中,3,1.0,0.0,1.0,0.0,0.0,0.0,0.0,0.0,0.0,0.0,0.0,,1.0,0.0,0.0,0.0,0.0,0.0,,,,,,,,,,,,,,,,,,,,,,
2026,2021038728,2026-04-17,1700067.0,中川 虎大,64.0,投,3,1.0,0.0,0.0,0.0,0.0,0.0,0.0,0.0,0.0,0.0,0.0,,0.0,0.0,0.0,0.0,0.0,0.0,3.0,1.0,0.0,1.0,0.0,0.0,1.0,1.0,,,0.0,0.0,0.0,0.0,0.0,,0.0,1.0,0.0,,3.0,20.0
2026,2021038728,2026-04-17,1700068.0,中村 奨成,96.0,右,6,1.0,1.0,3.0,2.0,0.0,0.0,0.0,0.0,0.0,0.0,0.0,,1.0,0.0,0.0,0.0,0.0,0.0,,,,,,,,,,,,,,,,,,,,,,
2026,2021038728,2026-04-17,1800046.0,勝又 温史,28.0,右左,3,1.0,1.0,4.0,4.0,0.0,1.0,0.0,0.0,0.0,0.0,0.0,,0.0,2.0,0.0,0.0,0.0,0.0,,,,,,,,,,,,,,,,,,,,,,
2026,2021038728,2026-04-17,1800072.0,小園 海斗,5.0,遊,6,1.0,1.0,4.0,4.0,0.0,0.0,0.0,0.0,0.0,0.0,0.0,,0.0,0.0,0.0,0.0,0.0,0.0,,,,,,,,,,,,,,,,,,,,,,
2026,2021038728,2026-04-17,1800073.0,島内 颯太郎,43.0,投,6,1.0,0.0,0.0,0.0,0.0,0.0,0.0,0.0,0.0,0.0,0.0,,0.0,0.0,0.0,0.0,0.0,0.0,2.0,1.0,0.0,0.0,1.0,8.31,0.6666666666666666,0.2,,,0.0,1.0,3.0,3.0,0.0,,2.0,0.0,1.0,,6.0,17.0
2026,2021038728,2026-04-17,1800079.0,大盛 穂,59.0,中,6,1.0,1.0,4.0,4.0,0.0,1.0,0.0,0.0,0.0,0.0,0.0,,0.0,2.0,0.0,0.0,0.0,0.0,,,,,,,,,,,,,,,,,,,,,,
2026,2021038728,2026-04-17,1850208.0,林 琢真,0.0,三,3,1.0,0.0,0.0,0.0,0.0,0.0,0.0,0.0,0.0,0.0,0.0,,0.0,0.0,0.0,0.0,0.0,0.0,,,,,,,,,,,,,,,,,,,,,,
2026,2021038728,2026-04-17,1900031.0,坂本 裕哉,20.0,投,3,1.0,0.0,0.0,0.0,0.0,0.0,0.0,0.0,0.0,0.0,0.0,,0.0,0.0,0.0,0.0,0.0,0.0,4.0,1.0,0.0,0.0,1.0,3.52,1.0,1.0,,,0.0,0.0,0.0,0.0,0.0,,0.0,0.0,0.0,,3.0,10.0
2026,2021038728,2026-04-17,1900032.0,伊勢 大夢,13.0,投,3,1.0,0.0,0.0,0.0,0.0,0.0,0.0,0.0,0.0,0.0,0.0,,0.0,0.0,0.0,0.0,0.0,0.0,2.0,1.0,0.0,0.0,0.0,2.08,1.0,1.0,,,0.0,0.0,0.0,0.0,0.0,,0.0,1.0,0.0,,3.0,15.0
2026,2021038728,2026-04-17,1900035.0,蝦名 達夫,61.0,中右,3,1.0,1.0,4.0,2.0,1.0,0.0,0.0,0.0,0.0,0.0,1.0,,1.0,1.0,1.0,0.0,0.0,0.0,,,,,,,,,,,,,,,,,,,,,,
2026,2021038728,2026-04-17,1900058.0,持丸 泰輝,57.0,捕,6,1.0,0.0,1.0,1.0,0.0,0.0,0.0,0.0,0.0,0.0,0.0,,0.0,0.0,0.0,0.0,0.0,0.0,,,,,,,,,,,,,,,,,,,,,,
2026,2021038728,2026-04-17,1900073.0,鈴木 健矢,41.0,投,6,1.0,0.0,0.0,0.0,0.0,0.0,0.0,0.0,0.0,0.0,0.0,,0.0,0.0,0.0,0.0,0.0,0.0,5.0,1.0,0.0,0.0,0.0,6.75,2.0,2.0,,,0.0,0.0,0.0,0.0,0.0,,2.0,0.0,0.0,,6.0,37.0
2026,2021038728,2026-04-17,1961927.0,モンテロ,95.0,一,6,1.0,1.0,4.0,4.0,1.0,1.0,1.0,0.0,0.0,0.0,0.0,,0.0,0.0,0.0,0.0,0.0,0.0,,,,,,,,,,,,,,,,,,,,,,
2026,2021038728,2026-04-17,2000035.0,牧 秀悟,2.0,二,3,1.0,1.0,5.0,3.0,1.0,1.0,0.0,0.0,0.0,2.0,0.0,,2.0,1.0,0.0,0.0,0.0,0.0,,,,,,,,,,,,,,,,,,,,,,
2026,2021038728,2026-04-17,2000061.0,森浦 大輔,13.0,投,6,1.0,0.0,0.0,0.0,0.0,0.0,0.0,0.0,0.0,0.0,0.0,,0.0,0.0,0.0,0.0,0.0,0.0,4.0,1.0,0.0,1.0,2.0,6.43,1.0,1.0,,,1.0,1.0,1.0,1.0,0.0,,1.0,3.0,0.0,,5.0,22.0
2026,2021038728,2026-04-17,2050203.0,佐々木 泰,10.0,三,6,1.0,1.0,3.0,3.0,0.0,1.0,0.0,0.0,0.0,1.0,0.0,,0.0,1.0,0.0,0.0,0.0,0.0,,,,,,,,,,,,,,,,,,,,,,
2026,2021038728,2026-04-17,2100014.0,宮下 朝陽,34.0,遊,3,1.0,1.0,4.0,3.0,1.0,0.0,0.0,0.0,0.0,0.0,1.0,,1.0,1.0,0.0,0.0,0.0,0.0,,,,,,,,,,,,,,,,,,,,,,
2026,2021038728,2026-04-17,2100277.0,松尾 汐恩,5.0,捕,3,1.0,1.0,4.0,4.0,0.0,1.0,1.0,0.0,0.0,1.0,0.0,,0.0,1.0,0.0,0.0,0.0,0.0,,,,,,,,,,,,,,,,,,,,,,
2026,2021038728,2026-04-17,2112143.0,佐藤 啓介,94.0,打,6,1.0,0.0,1.0,1.0,0.0,0.0,0.0,0.0,0.0,0.0,0.0,,0.0,0.0,0.0,0.0,0.0,0.0,,,,,,,,,,,,,,,,,,,,,,
2026,2021038728,2026-04-17,2114807.0,岡本 駿,53.0,投,6,1.0,1.0,1.0,1.0,0.0,0.0,0.0,0.0,0.0,0.0,0.0,,0.0,1.0,0.0,0.0,0.0,0.0,1.0,1.0,,0.0,0.0,0.64,5.0,5.0,,,0.0,5.0,1.0,1.0,0.0,,4.0,6.0,0.0,,22.0,92.0
2026,2021038728,2026-04-17,2114882.0,ファビアン,61.0,左,6,1.0,1.0,3.0,3.0,0.0,0.0,0.0,0.0,0.0,0.0,0.0,,0.0,1.0,0.0,0.0,0.0,0.0,,,,,,,,,,,,,,,,,,,,,,
2026,2021038729,2026-04-17,1100061.0,桑原 将志,7.0,左,7,1.0,1.0,5.0,5.0,2.0,2.0,0.0,1.0,1.0,3.0,0.0,,0.0,0.0,0.0,0.0,0.0,0.0,,,,,,,,,,,,,,,,,,,,,,
2026,2021038729,2026-04-17,1200055.0,福谷 浩司,41.0,,8,,,,,,,,,,,,,,,,,,,4.0,1.0,0.0,0.0,0.0,1.42,1.0,1.0,,,0.0,0.0,0.0,0.0,0.0,,1.0,0.0,0.0,,3.0,18.0
2026,2021038729,2026-04-17,1400118.0,清水 優心,10.0,捕,8,1.0,0.0,0.0,0.0,0.0,0.0,0.0,0.0,0.0,0.0,0.0,,0.0,0.0,0.0,0.0,0.0,0.0,,,,,,,,,,,,,,,,,,,,,,
2026,2021038729,2026-04-17,1400195.0,山崎 福也,18.0,,8,,,,,,,,,,,,,,,,,,,3.0,1.0,0.0,0.0,0.0,5.68,1.0,1.0,,,0.0,1.0,1.0,1.0,1.0,,0.0,0.0,0.0,,4.0,13.0
2026,2021038729,2026-04-17,1500109.0,上原 健太,20.0,,8,,,,,,,,,,,,,,,,,,,2.0,1.0,0.0,1.0,1.0,5.68,1.0,1.0,,,0.0,1.0,2.0,2.0,1.0,,1.0,1.0,0.0,,5.0,25.0
2026,2021038729,2026-04-17,1500117.0,平沢 大河,39.0,一,7,1.0,0.0,0.0,0.0,0.0,0.0,0.0,0.0,0.0,0.0,0.0,,0.0,0.0,0.0,0.0,0.0,0.0,,,,,,,,,,,,,,,,,,,,,,
2026,2021038729,2026-04-17,1600129.0,源田 壮亮,6.0,遊,7,1.0,1.0,4.0,2.0,0.0,1.0,0.0,0.0,0.0,1.0,0.0,,1.0,0.0,0.0,0.0,1.0,0.0,,,,,,,,,,,,,,,,,,,,,,
2026,2021038729,2026-04-17,1660299.0,林 安可,73.0,指,7,1.0,1.0,4.0,4.0,0.0,0.0,0.0,0.0,0.0,0.0,0.0,,0.0,1.0,0.0,0.0,0.0,0.0,,,,,,,,,,,,,,,,,,,,,,
2026,2021038729,2026-04-17,1700025.0,清宮 幸太郎,21.0,打一,8,1.0,0.0,1.0,0.0,0.0,0.0,0.0,0.0,0.0,0.0,0.0,,1.0,0.0,0.0,0.0,0.0,0.0,,,,,,,,,,,,,,,,,,,,,,
2026,2021038729,2026-04-17,1750472.0,古賀 悠斗,22.0,捕,7,1.0,1.0,4.0,4.0,1.0,1.0,0.0,0.0,0.0,0.0,0.0,,0.0,0.0,0.0,0.0,0.0,0.0,,,,,,,,,,,,,,,,,,,,,,
2026,2021038729,2026-04-17,1750903.0,北山 亘基,15.0,,8,,,,,,,,,,,,,,,,,,,1.0,1.0,,1.0,1.0,2.75,6.0,6.0,,,0.0,7.0,2.0,2.0,0.0,,1.0,2.0,1.0,,25.0,94.0
2026,2021038729,2026-04-17,1800081.0,渡邉 勇太朗,12.0,,7,,,,,,,,,,,,,,,,,,,1.0,1.0,,1.0,2.0,4.39,7.0,7.0,,,0.0,4.0,3.0,3.0,1.0,,1.0,6.0,0.0,,25.0,108.0
2026,2021038729,2026-04-17,1800091.0,野村 佑希,5.0,一三,8,1.0,1.0,4.0,4.0,0.0,1.0,0.0,0.0,0.0,0.0,0.0,,0.0,2.0,0.0,0.0,0.0,0.0,,,,,,,,,,,,,,,,,,,,,,
2026,2021038729,2026-04-17,1800093.0,万波 中正,66.0,右,8,1.0,1.0,4.0,4.0,1.0,1.0,0.0,0.0,1.0,1.0,0.0,,0.0,0.0,0.0,0.0,0.0,0.0,,,,,,,,,,,,,,,,,,,,,,
2026,2021038729,2026-04-17,1800095.0,田宮 裕涼,64.0,捕,8,1.0,1.0,2.0,2.0,0.0,0.0,0.0,0.0,0.0,0.0,0.0,,0.0,0.0,0.0,0.0,0.0,0.0,,,,,,,,,,,,,,,,,,,,,,
2026,2021038729,2026-04-17,1800106.0,甲斐野 央,34.0,,7,,,,,,,,,,,,,,,,,,,2.0,1.0,0.0,0.0,1.0,3.38,1.0,1.0,,,0.0,0.0,0.0,0.0,0.0,,3.0,1.0,0.0,,5.0,24.0
2026,2021038729,2026-04-17,1800110.0,水谷 瞬,53.0,左,8,1.0,1.0,4.0,2.0,0.0,0.0,0.0,0.0,0.0,1.0,0.0,,1.0,2.0,0.0,0.0,1.0,0.0,,,,,,,,,,,,,,,,,,,,,,
2026,2021038729,2026-04-17,1850932.0,奈良間 大己,58.0,三,8,1.0,1.0,2.0,2.0,0.0,0.0,0.0,0.0,0.0,0.0,0.0,,0.0,1.0,0.0,0.0,0.0,0.0,,,,,,,,,,,,,,,,,,,,,,
2026,2021038729,2026-04-17,1851204.0,水野 達稀,43.0,遊,8,1.0,1.0,4.0,4.0,1.0,1.0,0.0,0.0,0.0,0.0,0.0,,0.0,2.0,0.0,0.0,0.0,0.0,,,,,,,,,,,,,,,,,,,,,,
2026,2021038729,2026-04-17,1860140.0,レイエス,99.0,指,8,1.0,1.0,4.0,3.0,0.0,0.0,0.0,0.0,0.0,1.0,0.0,,0.0,0.0,0.0,0.0,1.0,0.0,,,,,,,,,,,,,,,,,,,,,,
2026,2021038729,2026-04-17,1900040.0,郡司 裕也,3.0,打,8,1.0,0.0,1.0,0.0,0.0,0.0,0.0,0.0,0.0,0.0,0.0,,1.0,0.0,0.0,0.0,0.0,0.0,,,,,,,,,,,,,,,,,,,,,,
2026,2021038729,2026-04-17,1900068.0,岸 潤一郎,68.0,中,7,1.0,0.0,0.0,0.0,0.0,0.0,0.0,0.0,0.0,0.0,0.0,,0.0,0.0,0.0,0.0,0.0,0.0,,,,,,,,,,,,,,,,,,,,,,
2026,2021038729,2026-04-17,1950417.0,渡部 聖弥,8.0,三,7,1.0,1.0,4.0,3.0,0.0,1.0,0.0,0.0,0.0,0.0,0.0,,0.0,1.0,1.0,0.0,0.0,0.0,,,,,,,,,,,,,,,,,,,,,,
2026,2021038729,2026-04-17,2000069.0,山村 崇嘉,32.0,一三,7,1.0,1.0,4.0,4.0,1.0,2.0,0.0,0.0,1.0,1.0,0.0,,0.0,0.0,0.0,0.0,0.0,0.0,,,,,,,,,,,,,,,,,,,,,,
2026,2021038729,2026-04-17,2000075.0,長谷川 信哉,63.0,中右,7,1.0,1.0,4.0,4.0,0.0,2.0,1.0,0.0,0.0,0.0,0.0,,0.0,0.0,0.0,0.0,0.0,0.0,,,,,,,,,,,,,,,,,,,,,,
2026,2021038729,2026-04-17,2000080.0,五十幡 亮汰,50.0,走,8,1.0,0.0,0.0,0.0,0.0,0.0,0.0,0.0,0.0,0.0,0.0,,0.0,0.0,0.0,0.0,0.0,0.0,,,,,,,,,,,,,,,,,,,,,,
2026,2021038729,2026-04-17,2050143.0,大塚 瑠晏,49.0,二,8,1.0,1.0,4.0,3.0,1.0,1.0,1.0,0.0,0.0,0.0,0.0,,1.0,1.0,0.0,0.0,0.0,0.0,,,,,,,,,,,,,,,,,,,,,,
2026,2021038729,2026-04-17,2103618.0,滝澤 夏央,62.0,二,7,1.0,1.0,4.0,1.0,1.0,0.0,0.0,0.0,0.0,0.0,0.0,,2.0,0.0,0.0,1.0,0.0,0.0,,,,,,,,,,,,,,,,,,,,,,
2026,2021038729,2026-04-17,2106284.0,矢澤 宏太,12.0,中,8,1.0,1.0,3.0,3.0,0.0,0.0,0.0,0.0,0.0,0.0,0.0,,0.0,0.0,0.0,0.0,0.0,0.0,,,,,,,,,,,,,,,,,,,,,,
2026,2021038729,2026-04-17,2117028.0,カナリオ,25.0,右,7,1.0,1.0,4.0,4.0,0.0,0.0,0.0,0.0,0.0,0.0,0.0,,0.0,1.0,0.0,0.0,0.0,0.0,,,,,,,,,,,,,,,,,,,,,,
2026,2021038729,2026-04-17,2121154.0,岩城 颯空,20.0,,7,,,,,,,,,,,,,,,,,,,3.0,1.0,0.0,0.0,0.0,3.86,1.0,1.0,,,5.0,0.0,0.0,0.0,0.0,,0.0,1.0,0.0,,3.0,23.0
2026,2021038730,2026-04-17,900056.0,浅村 栄斗,3.0,指,376,1.0,1.0,4.0,4.0,0.0,3.0,0.0,0.0,0.0,0.0,0.0,,0.0,1.0,0.0,0.0,0.0,0.0,,,,,,,,,,,,,,,,,,,,,,
2026,2021038730,2026-04-17,1100096.0,石川 慎吾,23.0,指,9,1.0,1.0,5.0,4.0,0.0,2.0,0.0,0.0,0.0,0.0,0.0,,1.0,2.0,0.0,0.0,0.0,0.0,,,,,,,,,,,,,,,,,,,,,,
2026,2021038730,2026-04-17,1100103.0,鈴木 大地,7.0,打一,376,1.0,0.0,2.0,1.0,0.0,0.0,0.0,0.0,0.0,0.0,0.0,,0.0,1.0,0.0,1.0,0.0,0.0,,,,,,,,,,,,,,,,,,,,,,
2026,2021038730,2026-04-17,1300044.0,岡 大海,25.0,中一,9,1.0,1.0,4.0,3.0,0.0,0.0,0.0,0.0,0.0,0.0,0.0,,0.0,2.0,0.0,1.0,0.0,0.0,,,,,,,,,,,,,,,,,,,,,,
2026,2021038730,2026-04-17,1300076.0,加治屋 蓮,41.0,,376,,,,,,,,,,,,,,,,,,,7.0,1.0,0.0,2.0,0.0,1.5,1.0,1.0,,,0.0,0.0,0.0,0.0,0.0,,1.0,1.0,0.0,,4.0,15.0
2026,2021038730,2026-04-17,1460080.0,ポランコ,22.0,打,9,1.0,0.0,1.0,1.0,0.0,0.0,0.0,0.0,0.0,0.0,0.0,,0.0,1.0,0.0,0.0,0.0,0.0,,,,,,,,,,,,,,,,,,,,,,
2026,2021038730,2026-04-17,1600007.0,村林 一輝,6.0,遊,376,1.0,1.0,5.0,5.0,0.0,1.0,0.0,0.0,0.0,1.0,0.0,,0.0,0.0,0.0,0.0,0.0,0.0,,,,,,,,,,,,,,,,,,,,,,
2026,2021038730,2026-04-17,1600012.0,宋 家豪,43.0,,376,,,,,,,,,,,,,,,,,,,2.0,1.0,0.0,2.0,0.0,1.35,0.3333333333333333,0.1,,,0.0,2.0,0.0,0.0,0.0,,0.0,0.0,0.0,,3.0,6.0
2026,2021038730,2026-04-17,1600092.0,藤平 尚真,46.0,,376,,,,,,,,,,,,,,,,,,,5.0,1.0,0.0,0.0,0.0,1.0,1.0,1.0,,,5.0,0.0,0.0,0.0,0.0,,0.0,2.0,0.0,,3.0,10.0
2026,2021038730,2026-04-17,1600146.0,種市 篤暉,16.0,,9,,,,,,,,,,,,,,,,,,,1.0,1.0,,0.0,0.0,0.0,7.0,7.0,,,0.0,5.0,0.0,0.0,0.0,,0.0,6.0,0.0,,25.0,91.0
2026,2021038730,2026-04-17,1700020.0,ソト,99.0,一,9,1.0,1.0,3.0,3.0,0.0,2.0,1.0,0.0,0.0,0.0,0.0,,0.0,1.0,0.0,0.0,0.0,0.0,,,,,,,,,,,,,,,,,,,,,,
2026,2021038730,2026-04-17,1700093.0,藤岡 裕大,7.0,二,9,1.0,1.0,5.0,3.0,0.0,0.0,0.0,0.0,0.0,0.0,0.0,,1.0,1.0,0.0,1.0,0.0,0.0,,,,,,,,,,,,,,,,,,,,,,
2026,2021038730,2026-04-17,1700098.0,和田 康士朗,63.0,走中,9,1.0,0.0,2.0,2.0,0.0,0.0,0.0,0.0,0.0,0.0,0.0,,0.0,2.0,0.0,0.0,0.0,0.0,,,,,,,,,,,,,,,,,,,,,,
2026,2021038730,2026-04-17,1750493.0,西垣 雅矢,49.0,,376,,,,,,,,,,,,,,,,,,,4.0,1.0,0.0,1.0,0.0,1.08,1.0,1.0,,,0.0,0.0,0.0,0.0,0.0,,2.0,2.0,0.0,,4.0,20.0
2026,2021038730,2026-04-17,1800037.0,坂本 光士郎,36.0,,9,,,,,,,,,,,,,,,,,,,5.0,1.0,0.0,0.0,1.0,0.0,0.6666666666666666,0.2,,,0.0,2.0,1.0,0.0,0.0,,0.0,2.0,0.0,,4.0,14.0
2026,2021038730,2026-04-17,1800044.0,伊藤 裕季也,39.0,一,376,1.0,1.0,2.0,2.0,0.0,0.0,0.0,0.0,0.0,0.0,0.0,,0.0,1.0,0.0,0.0,0.0,0.0,,,,,,,,,,,,,,,,,,,,,,
2026,2021038730,2026-04-17,1800050.0,藤原 恭大,1.0,右,9,1.0,1.0,5.0,4.0,0.0,1.0,0.0,0.0,0.0,0.0,0.0,,1.0,0.0,0.0,0.0,0.0,0.0,,,,,,,,,,,,,,,,,,,,,,
2026,2021038730,2026-04-17,1800117.0,辰己 涼介,8.0,中,376,1.0,1.0,5.0,4.0,1.0,1.0,0.0,0.0,0.0,0.0,1.0,,1.0,0.0,0.0,0.0,0.0,0.0,,,,,,,,,,,,,,,,,,,,,,
2026,2021038730,2026-04-17,1800118.0,太田 光,2.0,捕,376,1.0,1.0,4.0,4.0,0.0,1.0,0.0,0.0,0.0,0.0,0.0,,0.0,1.0,0.0,0.0,0.0,0.0,,,,,,,,,,,,,,,,,,,,,,
2026,2021038730,2026-04-17,1800122.0,渡邊 佳明,35.0,打左,376,1.0,0.0,1.0,1.0,0.0,0.0,0.0,0.0,0.0,0.0,0.0,,0.0,0.0,0.0,0.0,0.0,0.0,,,,,,,,,,,,,,,,,,,,,,
2026,2021038730,2026-04-17,1800123.0,小郷 裕哉,51.0,右,376,1.0,0.0,1.0,0.0,0.0,0.0,0.0,0.0,0.0,0.0,0.0,,1.0,0.0,0.0,0.0,0.0,0.0,,,,,,,,,,,,,,,,,,,,,,
2026,2021038730,2026-04-17,1900081.0,佐藤 都志也,32.0,捕,9,1.0,1.0,4.0,3.0,0.0,0.0,0.0,0.0,0.0,0.0,0.0,,1.0,1.0,0.0,0.0,0.0,1.0,,,,,,,,,,,,,,,,,,,,,,
2026,2021038730,2026-04-17,1900112.0,小深田 大翔,0.0,二,376,1.0,1.0,5.0,5.0,0.0,2.0,0.0,0.0,0.0,0.0,0.0,,0.0,3.0,0.0,0.0,0.0,0.0,,,,,,,,,,,,,,,,,,,,,,
2026,2021038730,2026-04-17,1900113.0,黒川 史陽,24.0,三,376,1.0,1.0,5.0,5.0,0.0,0.0,0.0,0.0,0.0,0.0,0.0,,0.0,3.0,0.0,0.0,0.0,0.0,,,,,,,,,,,,,,,,,,,,,,
2026,2021038730,2026-04-17,1950278.0,中島 大輔,32.0,左,376,1.0,1.0,4.0,4.0,0.0,0.0,0.0,0.0,0.0,0.0,0.0,,0.0,1.0,0.0,0.0,0.0,0.0,,,,,,,,,,,,,,,,,,,,,,
2026,2021038730,2026-04-17,1950286.0,西川 史礁,6.0,左,9,1.0,1.0,5.0,5.0,0.0,0.0,0.0,0.0,0.0,0.0,0.0,,0.0,1.0,0.0,0.0,0.0,0.0,,,,,,,,,,,,,,,,,,,,,,
2026,2021038730,2026-04-17,2000087.0,鈴木 昭汰,47.0,,9,,,,,,,,,,,,,,,,,,,3.0,1.0,0.0,1.0,0.0,4.05,1.0,1.0,,,1.0,0.0,0.0,0.0,0.0,,1.0,2.0,0.0,,4.0,21.0
2026,2021038730,2026-04-17,2000089.0,小川 龍成,57.0,遊,9,1.0,1.0,2.0,2.0,0.0,0.0,0.0,0.0,0.0,0.0,0.0,,0.0,0.0,0.0,0.0,0.0,0.0,,,,,,,,,,,,,,,,,,,,,,
2026,2021038730,2026-04-17,2000123.0,藤井 聖,47.0,,376,,,,,,,,,,,,,,,,,,,1.0,1.0,,0.0,0.0,0.0,6.0,6.0,,,0.0,2.0,0.0,0.0,0.0,,1.0,5.0,0.0,,21.0,92.0
2026,2021038730,2026-04-17,2100284.0,阪上 翔也,42.0,右,376,1.0,1.0,3.0,3.0,0.0,0.0,0.0,0.0,0.0,0.0,0.0,,0.0,1.0,0.0,0.0,0.0,0.0,,,,,,,,,,,,,,,,,,,,,,
2026,2021038730,2026-04-17,2101204.0,ロング,73.0,,9,,,,,,,,,,,,,,,,,,,2.0,1.0,0.0,0.0,1.0,1.23,1.0,1.0,,,0.0,0.0,0.0,0.0,0.0,,0.0,1.0,0.0,,3.0,10.0
2026,2021038730,2026-04-17,2102926.0,寺地 隆成,65.0,三,9,1.0,1.0,5.0,4.0,0.0,0.0,0.0,0.0,0.0,0.0,0.0,,1.0,1.0,0.0,0.0,0.0,0.0,,,,,,,,,,,,,,,,,,,,,,
2026,2021038730,2026-04-17,2103765.0,柴田 大地,71.0,,376,,,,,,,,,,,,,,,,,,,3.0,1.0,0.0,0.0,0.0,0.0,0.6666666666666666,0.2,,,0.0,0.0,0.0,0.0,0.0,,1.0,2.0,0.0,,3.0,14.0
2026,2021038730,2026-04-17,2105283.0,平良 竜哉,48.0,走指,376,1.0,0.0,0.0,0.0,0.0,0.0,0.0,0.0,0.0,0.0,0.0,,0.0,0.0,0.0,0.0,0.0,0.0,,,,,,,,,,,,,,,,,,,,,,
2026,2021038730,2026-04-17,2105534.0,高野 脩汰,34.0,,9,,,,,,,,,,,,,,,,,,,4.0,1.0,0.0,0.0,2.0,9.95,1.0,1.0,,,0.0,1.0,0.0,0.0,0.0,,1.0,1.0,0.0,,5.0,14.0
2026,2021038730,2026-04-17,2106798.0,友杉 篤輝,4.0,遊,9,1.0,0.0,1.0,1.0,0.0,0.0,0.0,0.0,0.0,0.0,0.0,,0.0,1.0,0.0,0.0,0.0,0.0,,,,,,,,,,,,,,,,,,,,,,
2026,2021038730,2026-04-17,2107899.0,田中 千晴,29.0,,376,,,,,,,,,,,,,,,,,,,6.0,1.0,0.0,0.0,0.0,1.08,1.0,1.0,,,1.0,1.0,0.0,0.0,0.0,,0.0,1.0,0.0,,4.0,13.0
2026,2021038731,2026-04-17,800081.0,中村 晃,7.0,一,12,1.0,1.0,4.0,4.0,0.0,1.0,0.0,0.0,0.0,0.0,0.0,,0.0,0.0,0.0,0.0,0.0,0.0,,,,,,,,,,,,,,,,,,,,,,
2026,2021038731,2026-04-17,1000011.0,山田 修義,57.0,,11,,,,,,,,,,,,,,,,,,,2.0,1.0,0.0,0.0,0.0,0.0,1.0,1.0,,,0.0,0.0,0.0,0.0,0.0,,0.0,2.0,0.0,,3.0,11.0
2026,2021038731,2026-04-17,1000035.0,今宮 健太,6.0,二,12,1.0,1.0,4.0,4.0,0.0,1.0,0.0,0.0,0.0,1.0,0.0,,0.0,1.0,0.0,0.0,0.0,0.0,,,,,,,,,,,,,,,,,,,,,,
2026,2021038731,2026-04-17,1000175.0,牧原 大成,8.0,右,12,1.0,1.0,4.0,4.0,1.0,1.0,1.0,0.0,0.0,0.0,0.0,,0.0,1.0,0.0,0.0,0.0,0.0,,,,,,,,,,,,,,,,,,,,,,
2026,2021038731,2026-04-17,1100097.0,近藤 健介,3.0,左,12,1.0,1.0,4.0,3.0,1.0,2.0,1.0,0.0,1.0,2.0,0.0,,0.0,1.0,1.0,0.0,0.0,0.0,,,,,,,,,,,,,,,,,,,,,,
2026,2021038731,2026-04-17,1300100.0,森 友哉,4.0,指,11,1.0,1.0,6.0,6.0,1.0,4.0,1.0,0.0,0.0,1.0,0.0,,0.0,0.0,0.0,0.0,0.0,0.0,,,,,,,,,,,,,,,,,,,,,,
2026,2021038731,2026-04-17,1300101.0,山川 穂高,5.0,指,12,1.0,1.0,4.0,4.0,0.0,0.0,0.0,0.0,0.0,0.0,0.0,,0.0,0.0,0.0,0.0,0.0,0.0,,,,,,,,,,,,,,,,,,,,,,
2026,2021038731,2026-04-17,1300109.0,若月 健矢,2.0,捕,11,1.0,1.0,6.0,6.0,1.0,2.0,1.0,0.0,0.0,0.0,0.0,,0.0,1.0,0.0,0.0,0.0,0.0,,,,,,,,,,,,,,,,,,,,,,
2026,2021038731,2026-04-17,1400127.0,栗原 陵矢,24.0,三,12,1.0,1.0,4.0,4.0,1.0,2.0,0.0,0.0,1.0,1.0,0.0,,0.0,0.0,0.0,0.0,0.0,0.0,,,,,,,,,,,,,,,,,,,,,,
2026,2021038731,2026-04-17,1400196.0,宗 佑磨,6.0,三,11,1.0,1.0,6.0,5.0,2.0,2.0,0.0,0.0,1.0,1.0,0.0,,1.0,0.0,0.0,0.0,0.0,0.0,,,,,,,,,,,,,,,,,,,,,,
2026,2021038731,2026-04-17,1500096.0,西川 龍馬,7.0,左,11,1.0,1.0,5.0,5.0,1.0,1.0,0.0,0.0,0.0,1.0,0.0,,0.0,0.0,0.0,0.0,0.0,0.0,,,,,,,,,,,,,,,,,,,,,,
2026,2021038731,2026-04-17,1500140.0,谷川原 健太,45.0,捕,12,1.0,1.0,3.0,3.0,0.0,0.0,0.0,0.0,0.0,0.0,0.0,,0.0,2.0,0.0,0.0,0.0,0.0,,,,,,,,,,,,,,,,,,,,,,
2026,2021038731,2026-04-17,1650813.0,川村 友斗,61.0,中,12,1.0,0.0,1.0,1.0,0.0,0.0,0.0,0.0,0.0,0.0,0.0,,0.0,0.0,0.0,0.0,0.0,0.0,,,,,,,,,,,,,,,,,,,,,,
2026,2021038731,2026-04-17,1700135.0,周東 佑京,23.0,中,12,1.0,1.0,4.0,4.0,1.0,1.0,0.0,0.0,0.0,0.0,0.0,,0.0,0.0,0.0,0.0,0.0,0.0,,,,,,,,,,,,,,,,,,,,,,
2026,2021038731,2026-04-17,1750543.0,高島 泰都,96.0,,11,,,,,,,,,,,,,,,,,,,1.0,1.0,,1.0,0.0,3.52,6.0,6.0,,,0.0,6.0,2.0,2.0,0.0,,0.0,4.0,1.0,,25.0,92.0
2026,2021038731,2026-04-17,1751068.0,野口 智哉,9.0,二,11,1.0,0.0,1.0,1.0,0.0,1.0,1.0,0.0,0.0,1.0,0.0,,0.0,0.0,0.0,0.0,0.0,0.0,,,,,,,,,,,,,,,,,,,,,,
2026,2021038731,2026-04-17,1800098.0,太田 椋,1.0,二一,11,1.0,1.0,6.0,6.0,1.0,3.0,0.0,0.0,1.0,5.0,0.0,,0.0,1.0,0.0,0.0,0.0,0.0,,,,,,,,,,,,,,,,,,,,,,
2026,2021038731,2026-04-17,1800104.0,中川 圭太,67.0,右,11,1.0,1.0,5.0,2.0,2.0,1.0,0.0,0.0,0.0,1.0,0.0,,2.0,1.0,1.0,0.0,0.0,0.0,,,,,,,,,,,,,,,,,,,,,,
2026,2021038731,2026-04-17,1900088.0,紅林 弘太郎,24.0,遊,11,1.0,1.0,5.0,4.0,2.0,1.0,0.0,0.0,1.0,1.0,0.0,,1.0,1.0,0.0,0.0,0.0,0.0,,,,,,,,,,,,,,,,,,,,,,
2026,2021038731,2026-04-17,1900092.0,佐藤 一磨,93.0,,11,,,,,,,,,,,,,,,,,,,4.0,1.0,0.0,0.0,0.0,3.0,1.0,1.0,,,0.0,0.0,0.0,0.0,0.0,,2.0,1.0,0.0,,5.0,23.0
2026,2021038731,2026-04-17,1900104.0,柳町 達,32.0,打,12,1.0,0.0,1.0,0.0,0.0,0.0,0.0,0.0,0.0,0.0,0.0,,1.0,0.0,0.0,0.0,0.0,0.0,,,,,,,,,,,,,,,,,,,,,,
2026,2021038731,2026-04-17,2000008.0,伊藤 優輔,42.0,,12,,,,,,,,,,,,,,,,,,,4.0,1.0,0.0,0.0,0.0,1.69,1.0,1.0,,,0.0,2.0,1.0,1.0,0.0,,0.0,0.0,0.0,,5.0,19.0
2026,2021038731,2026-04-17,2000098.0,来田 涼斗,38.0,右,11,1.0,0.0,1.0,1.0,0.0,0.0,0.0,0.0,0.0,0.0,0.0,,0.0,0.0,0.0,0.0,0.0,0.0,,,,,,,,,,,,,,,,,,,,,,
2026,2021038731,2026-04-17,2100596.0,徐 若熙,18.0,,12,,,,,,,,,,,,,,,,,,,1.0,1.0,,1.0,2.0,4.91,1.6666666666666663,1.2,,,0.0,6.0,7.0,7.0,2.0,,4.0,1.0,1.0,,16.0,60.0
2026,2021038731,2026-04-17,2102969.0,鈴木 豪太,26.0,,12,,,,,,,,,,,,,,,,,,,3.0,1.0,0.0,0.0,0.0,6.75,3.0,3.0,,,0.0,4.0,3.0,3.0,2.0,,1.0,4.0,0.0,,14.0,51.0
2026,2021038731,2026-04-17,2103747.0,渡部 遼人,0.0,中左,11,1.0,1.0,6.0,3.0,3.0,3.0,1.0,0.0,1.0,2.0,0.0,,2.0,0.0,1.0,0.0,0.0,0.0,,,,,,,,,,,,,,,,,,,,,,
2026,2021038731,2026-04-17,2104035.0,野村 勇,99.0,遊,12,1.0,1.0,4.0,3.0,0.0,0.0,0.0,0.0,0.0,0.0,0.0,,1.0,2.0,0.0,0.0,0.0,0.0,,,,,,,,,,,,,,,,,,,,,,
2026,2021038731,2026-04-17,2104898.0,大野 稼頭央,60.0,,12,,,,,,,,,,,,,,,,,,,2.0,1.0,0.0,0.0,0.0,3.86,3.333333333333333,3.1,,,0.0,6.0,2.0,2.0,0.0,,2.0,1.0,1.0,,18.0,71.0
2026,2021038731,2026-04-17,2107693.0,入山 海斗,68.0,,11,,,,,,,,,,,,,,,,,,,3.0,1.0,0.0,0.0,0.0,9.0,1.0,1.0,,,0.0,2.0,2.0,2.0,2.0,,0.0,0.0,0.0,,5.0,19.0
2026,2021038731,2026-04-17,2107851.0,イヒネ イツア,36.0,左,12,1.0,0.0,1.0,1.0,0.0,0.0,0.0,0.0,0.0,0.0,0.0,,0.0,0.0,0.0,0.0,0.0,0.0,,,,,,,,,,,,,,,,,,,,,,
2026,2021038731,2026-04-17,2110153.0,麦谷 祐介,8.0,中,11,1.0,0.0,1.0,1.0,0.0,0.0,0.0,0.0,0.0,0.0,0.0,,0.0,0.0,0.0,0.0,0.0,0.0,,,,,,,,,,,,,,,,,,,,,,
2026,2021038731,2026-04-17,2117200.0,シーモア,45.0,一,11,1.0,1.0,5.0,4.0,0.0,0.0,0.0,0.0,0.0,0.0,0.0,,1.0,2.0,0.0,0.0,0.0,0.0,,,,,,,,,,,,,,,,,,,,,,
2026,2021038732,2026-04-18,800043.0,丸 佳浩,8.0,右,1,1.0,1.0,4.0,3.0,0.0,0.0,0.0,0.0,0.0,0.0,0.0,,1.0,1.0,0.0,0.0,0.0,0.0,,,,,,,,,,,,,,,,,,,,,,
2026,2021038732,2026-04-18,1100095.0,松本 剛,9.0,中,1,1.0,0.0,0.0,0.0,0.0,0.0,0.0,0.0,0.0,0.0,0.0,,0.0,0.0,0.0,0.0,0.0,0.0,,,,,,,,,,,,,,,,,,,,,,
2026,2021038732,2026-04-18,1450689.0,船迫 大雅,58.0,投,1,1.0,0.0,0.0,0.0,0.0,0.0,0.0,0.0,0.0,0.0,0.0,,0.0,0.0,0.0,0.0,0.0,0.0,4.0,1.0,0.0,0.0,1.0,3.38,0.3333333333333333,0.1,,,0.0,0.0,0.0,0.0,0.0,,1.0,0.0,0.0,,2.0,7.0
2026,2021038732,2026-04-18,1500052.0,中川 皓太,41.0,投,1,1.0,0.0,0.0,0.0,0.0,0.0,0.0,0.0,0.0,0.0,0.0,,0.0,0.0,0.0,0.0,0.0,0.0,3.0,1.0,0.0,0.0,0.0,1.93,0.3333333333333333,0.1,,,0.0,0.0,0.0,0.0,0.0,,0.0,0.0,0.0,,1.0,1.0
2026,2021038732,2026-04-18,1561820.0,ダルベック,29.0,三,1,1.0,1.0,4.0,4.0,1.0,1.0,0.0,0.0,1.0,1.0,0.0,,0.0,0.0,0.0,0.0,0.0,0.0,,,,,,,,,,,,,,,,,,,,,,
2026,2021038732,2026-04-18,1600078.0,古賀 優大,2.0,捕,2,1.0,1.0,4.0,4.0,0.0,1.0,0.0,0.0,0.0,0.0,0.0,,0.0,0.0,0.0,0.0,0.0,0.0,,,,,,,,,,,,,,,,,,,,,,
2026,2021038732,2026-04-18,1650522.0,丸山 和郁,4.0,走右,2,1.0,0.0,1.0,1.0,2.0,1.0,1.0,0.0,0.0,1.0,1.0,,0.0,0.0,0.0,0.0,0.0,0.0,,,,,,,,,,,,,,,,,,,,,,
2026,2021038732,2026-04-18,1700010.0,マルティネス,92.0,投,1,1.0,0.0,0.0,0.0,0.0,0.0,0.0,0.0,0.0,0.0,0.0,,0.0,0.0,0.0,0.0,0.0,0.0,6.0,1.0,0.0,0.0,1.0,5.06,0.3333333333333333,0.1,,,5.0,3.0,2.0,2.0,0.0,,0.0,1.0,0.0,,4.0,12.0
2026,2021038732,2026-04-18,1700027.0,田中 瑛斗,45.0,投,1,1.0,0.0,0.0,0.0,0.0,0.0,0.0,0.0,0.0,0.0,0.0,,0.0,0.0,0.0,0.0,0.0,0.0,2.0,1.0,0.0,1.0,0.0,1.29,0.3333333333333333,0.1,,,1.0,3.0,1.0,1.0,0.0,,0.0,0.0,0.0,,4.0,7.0
2026,2021038732,2026-04-18,1700089.0,宮本 丈,10.0,打,2,1.0,0.0,1.0,1.0,0.0,1.0,0.0,0.0,0.0,0.0,0.0,,0.0,0.0,0.0,0.0,0.0,0.0,,,,,,,,,,,,,,,,,,,,,,
2026,2021038732,2026-04-18,1700131.0,増田 珠,63.0,右,2,1.0,1.0,2.0,2.0,0.0,0.0,0.0,0.0,0.0,0.0,0.0,,0.0,1.0,0.0,0.0,0.0,0.0,,,,,,,,,,,,,,,,,,,,,,
2026,2021038732,2026-04-18,1750321.0,泉口 友汰,35.0,遊,1,1.0,1.0,4.0,3.0,1.0,0.0,0.0,0.0,0.0,0.0,1.0,,1.0,1.0,0.0,0.0,0.0,0.0,,,,,,,,,,,,,,,,,,,,,,
2026,2021038732,2026-04-18,1800024.0,増田 陸,61.0,一,1,1.0,1.0,4.0,4.0,0.0,1.0,0.0,0.0,0.0,0.0,0.0,,0.0,0.0,0.0,0.0,0.0,0.0,,,,,,,,,,,,,,,,,,,,,,
2026,2021038732,2026-04-18,1800033.0,清水 昇,17.0,投,2,1.0,0.0,0.0,0.0,0.0,0.0,0.0,0.0,0.0,0.0,0.0,,0.0,0.0,0.0,0.0,0.0,0.0,3.0,1.0,0.0,1.0,0.0,0.0,1.0,1.0,,,0.0,0.0,0.0,0.0,0.0,,0.0,1.0,0.0,,3.0,12.0
2026,2021038732,2026-04-18,1900020.0,山瀬 慎之助,67.0,捕,1,1.0,1.0,4.0,4.0,0.0,1.0,0.0,0.0,0.0,1.0,0.0,,0.0,1.0,0.0,0.0,0.0,0.0,,,,,,,,,,,,,,,,,,,,,,
2026,2021038732,2026-04-18,1900024.0,奥川 恭伸,18.0,投,2,1.0,1.0,2.0,2.0,0.0,0.0,0.0,0.0,0.0,0.0,0.0,,0.0,2.0,0.0,0.0,0.0,0.0,1.0,1.0,,0.0,1.0,2.84,7.0,7.0,,,0.0,6.0,3.0,3.0,2.0,,2.0,6.0,0.0,,28.0,100.0
2026,2021038732,2026-04-18,1900028.0,長岡 秀樹,7.0,遊,2,1.0,1.0,5.0,5.0,1.0,4.0,1.0,0.0,0.0,1.0,0.0,,0.0,0.0,0.0,0.0,0.0,0.0,,,,,,,,,,,,,,,,,,,,,,
2026,2021038732,2026-04-18,1900029.0,武岡 龍世,60.0,二,2,1.0,1.0,4.0,4.0,0.0,1.0,0.0,0.0,0.0,0.0,0.0,,0.0,1.0,0.0,0.0,0.0,0.0,,,,,,,,,,,,,,,,,,,,,,
2026,2021038732,2026-04-18,1951153.0,浦田 俊輔,32.0,二,1,1.0,1.0,3.0,3.0,0.0,0.0,0.0,0.0,0.0,0.0,0.0,,0.0,0.0,0.0,0.0,0.0,0.0,,,,,,,,,,,,,,,,,,,,,,
2026,2021038732,2026-04-18,2000028.0,並木 秀尊,0.0,走,2,1.0,0.0,0.0,0.0,1.0,0.0,0.0,0.0,0.0,0.0,0.0,,0.0,0.0,0.0,0.0,0.0,0.0,,,,,,,,,,,,,,,,,,,,,,
2026,2021038732,2026-04-18,2000031.0,赤羽 由紘,0.0,三,2,1.0,1.0,2.0,2.0,0.0,0.0,0.0,0.0,0.0,0.0,0.0,,0.0,1.0,0.0,0.0,0.0,0.0,,,,,,,,,,,,,,,,,,,,,,
2026,2021038732,2026-04-18,2000133.0,オスナ,13.0,一,2,1.0,1.0,4.0,2.0,0.0,0.0,0.0,0.0,0.0,1.0,0.0,,1.0,0.0,0.0,0.0,1.0,0.0,,,,,,,,,,,,,,,,,,,,,,
2026,2021038732,2026-04-18,2000135.0,サンタナ,25.0,左,2,1.0,1.0,4.0,2.0,0.0,0.0,0.0,0.0,0.0,1.0,0.0,,2.0,1.0,0.0,0.0,0.0,0.0,,,,,,,,,,,,,,,,,,,,,,
2026,2021038732,2026-04-18,2102672.0,皆川 岳飛,39.0,打,1,1.0,0.0,1.0,1.0,0.0,0.0,0.0,0.0,0.0,0.0,0.0,,0.0,1.0,0.0,0.0,0.0,0.0,,,,,,,,,,,,,,,,,,,,,,
2026,2021038732,2026-04-18,2103697.0,大勢,15.0,投,1,1.0,0.0,0.0,0.0,0.0,0.0,0.0,0.0,0.0,0.0,0.0,,0.0,0.0,0.0,0.0,0.0,0.0,5.0,1.0,0.0,1.0,0.0,1.23,1.0,1.0,,,2.0,0.0,0.0,0.0,0.0,,0.0,0.0,0.0,,3.0,4.0
2026,2021038732,2026-04-18,2103917.0,岩田 幸宏,64.0,中,2,1.0,1.0,4.0,4.0,0.0,0.0,0.0,0.0,0.0,0.0,0.0,,0.0,1.0,0.0,0.0,0.0,0.0,,,,,,,,,,,,,,,,,,,,,,
2026,2021038732,2026-04-18,2105063.0,橋本 星哉,52.0,打左,2,1.0,0.0,2.0,2.0,0.0,0.0,0.0,0.0,0.0,0.0,0.0,,0.0,0.0,0.0,0.0,0.0,0.0,,,,,,,,,,,,,,,,,,,,,,
2026,2021038732,2026-04-18,2105626.0,廣澤 優,70.0,投,2,1.0,0.0,0.0,0.0,0.0,0.0,0.0,0.0,0.0,0.0,0.0,,0.0,0.0,0.0,0.0,0.0,0.0,2.0,1.0,0.0,2.0,0.0,0.0,1.0,1.0,,,0.0,0.0,0.0,0.0,0.0,,0.0,0.0,0.0,,3.0,7.0
2026,2021038732,2026-04-18,2106178.0,佐々木 俊輔,44.0,中左右,1,1.0,1.0,4.0,4.0,1.0,3.0,1.0,0.0,1.0,1.0,0.0,,0.0,1.0,0.0,0.0,0.0,0.0,,,,,,,,,,,,,,,,,,,,,,
2026,2021038732,2026-04-18,2107874.0,門脇 誠,5.0,三,1,1.0,0.0,0.0,0.0,0.0,0.0,0.0,0.0,0.0,0.0,0.0,,0.0,0.0,0.0,0.0,0.0,0.0,,,,,,,,,,,,,,,,,,,,,,
2026,2021038732,2026-04-18,2112330.0,平山 功太,69.0,左,1,1.0,0.0,0.0,0.0,0.0,0.0,0.0,0.0,0.0,0.0,0.0,,0.0,0.0,0.0,0.0,0.0,0.0,,,,,,,,,,,,,,,,,,,,,,
2026,2021038732,2026-04-18,2113365.0,田中 陽翔,54.0,打三,2,1.0,0.0,2.0,2.0,0.0,2.0,1.0,0.0,0.0,0.0,0.0,,0.0,0.0,0.0,0.0,0.0,0.0,,,,,,,,,,,,,,,,,,,,,,
2026,2021038732,2026-04-18,2118420.0,キャベッジ,13.0,左,1,1.0,1.0,4.0,4.0,0.0,0.0,0.0,0.0,0.0,0.0,0.0,,0.0,1.0,0.0,0.0,0.0,1.0,,,,,,,,,,,,,,,,,,,,,,
2026,2021038732,2026-04-18,2122496.0,マタ,42.0,投,1,1.0,1.0,2.0,2.0,0.0,0.0,0.0,0.0,0.0,0.0,0.0,,0.0,1.0,0.0,0.0,0.0,0.0,1.0,1.0,,0.0,1.0,2.45,6.0,6.0,,,0.0,4.0,1.0,1.0,0.0,,2.0,6.0,0.0,,23.0,99.0
2026,2021038733,2026-04-18,900410.0,大島 洋平,8.0,中,4,1.0,1.0,5.0,4.0,0.0,3.0,0.0,0.0,0.0,1.0,0.0,,1.0,0.0,0.0,0.0,0.0,0.0,,,,,,,,,,,,,,,,,,,,,,
2026,2021038733,2026-04-18,1000138.0,大野 雄大,22.0,投,4,1.0,1.0,3.0,2.0,0.0,0.0,0.0,0.0,0.0,0.0,0.0,,0.0,1.0,0.0,1.0,0.0,0.0,1.0,1.0,,1.0,1.0,2.84,6.0,6.0,,,0.0,5.0,2.0,2.0,0.0,,3.0,11.0,1.0,,27.0,106.0
2026,2021038733,2026-04-18,1100069.0,高橋 周平,3.0,一三,4,1.0,1.0,4.0,4.0,0.0,0.0,0.0,0.0,0.0,0.0,0.0,,0.0,2.0,0.0,0.0,0.0,0.0,,,,,,,,,,,,,,,,,,,,,,
2026,2021038733,2026-04-18,1300075.0,岩崎 優,13.0,投,5,1.0,0.0,0.0,0.0,0.0,0.0,0.0,0.0,0.0,0.0,0.0,,0.0,0.0,0.0,0.0,0.0,0.0,4.0,1.0,0.0,0.0,1.0,1.13,1.0,1.0,,,6.0,1.0,0.0,0.0,0.0,,1.0,1.0,0.0,,5.0,17.0
2026,2021038733,2026-04-18,1300094.0,杉浦 稔大,33.0,投,4,1.0,0.0,0.0,0.0,0.0,0.0,0.0,0.0,0.0,0.0,0.0,,0.0,0.0,0.0,0.0,0.0,0.0,2.0,1.0,0.0,0.0,1.0,27.0,0.6666666666666666,0.2,,,0.0,3.0,2.0,2.0,0.0,,1.0,1.0,0.0,,6.0,23.0
2026,2021038733,2026-04-18,1500087.0,坂本 誠志郎,12.0,捕,5,1.0,1.0,4.0,4.0,0.0,1.0,0.0,0.0,0.0,1.0,0.0,,0.0,1.0,0.0,0.0,0.0,0.0,,,,,,,,,,,,,,,,,,,,,,
2026,2021038733,2026-04-18,1600085.0,細川 成也,55.0,左,4,1.0,1.0,5.0,3.0,0.0,0.0,0.0,0.0,0.0,0.0,0.0,,2.0,1.0,0.0,0.0,0.0,0.0,,,,,,,,,,,,,,,,,,,,,,
2026,2021038733,2026-04-18,1600113.0,大山 悠輔,3.0,一,5,1.0,1.0,4.0,2.0,0.0,1.0,0.0,0.0,0.0,0.0,0.0,,2.0,1.0,0.0,0.0,0.0,0.0,,,,,,,,,,,,,,,,,,,,,,
2026,2021038733,2026-04-18,1700137.0,大竹 耕太郎,21.0,投,5,1.0,1.0,2.0,1.0,0.0,0.0,0.0,0.0,0.0,0.0,0.0,,0.0,1.0,0.0,1.0,0.0,0.0,1.0,1.0,,0.0,0.0,4.91,6.0,6.0,,,0.0,9.0,3.0,3.0,1.0,,3.0,4.0,0.0,,29.0,111.0
2026,2021038733,2026-04-18,1750223.0,村松 開人,5.0,遊,4,1.0,1.0,4.0,3.0,0.0,1.0,0.0,0.0,0.0,0.0,0.0,,1.0,0.0,0.0,0.0,0.0,0.0,,,,,,,,,,,,,,,,,,,,,,
2026,2021038733,2026-04-18,1750701.0,田中 幹也,2.0,打,4,1.0,0.0,1.0,1.0,0.0,0.0,0.0,0.0,0.0,0.0,0.0,,0.0,0.0,0.0,0.0,0.0,0.0,,,,,,,,,,,,,,,,,,,,,,
2026,2021038733,2026-04-18,1800048.0,知野 直人,65.0,走,4,1.0,0.0,0.0,0.0,0.0,0.0,0.0,0.0,0.0,0.0,0.0,,0.0,0.0,0.0,0.0,0.0,0.0,,,,,,,,,,,,,,,,,,,,,,
2026,2021038733,2026-04-18,1800065.0,近本 光司,5.0,中,5,1.0,1.0,5.0,5.0,0.0,0.0,0.0,0.0,0.0,0.0,0.0,,0.0,3.0,0.0,0.0,0.0,0.0,,,,,,,,,,,,,,,,,,,,,,
2026,2021038733,2026-04-18,1800067.0,木浪 聖也,0.0,遊,5,1.0,1.0,4.0,4.0,1.0,2.0,0.0,0.0,0.0,1.0,0.0,,0.0,1.0,0.0,0.0,0.0,0.0,,,,,,,,,,,,,,,,,,,,,,
2026,2021038733,2026-04-18,1800070.0,湯浅 京己,65.0,投,5,1.0,0.0,0.0,0.0,0.0,0.0,0.0,0.0,0.0,0.0,0.0,,0.0,0.0,0.0,0.0,0.0,0.0,2.0,1.0,0.0,2.0,0.0,3.0,1.0,1.0,,,0.0,0.0,0.0,0.0,0.0,,0.0,1.0,0.0,,3.0,14.0
2026,2021038733,2026-04-18,1850183.0,森下 翔太,1.0,右,5,1.0,1.0,4.0,4.0,1.0,2.0,2.0,0.0,0.0,2.0,0.0,,0.0,1.0,0.0,0.0,0.0,0.0,,,,,,,,,,,,,,,,,,,,,,
2026,2021038733,2026-04-18,1950996.0,前川 右京,58.0,打左,5,1.0,0.0,1.0,1.0,0.0,0.0,0.0,0.0,0.0,0.0,0.0,,0.0,1.0,0.0,0.0,0.0,0.0,,,,,,,,,,,,,,,,,,,,,,
2026,2021038733,2026-04-18,1961300.0,ボスラー,24.0,一,4,1.0,0.0,3.0,3.0,0.0,1.0,0.0,0.0,0.0,0.0,0.0,,0.0,1.0,0.0,0.0,0.0,0.0,,,,,,,,,,,,,,,,,,,,,,
2026,2021038733,2026-04-18,2000051.0,佐藤 輝明,8.0,三,5,1.0,1.0,4.0,4.0,0.0,0.0,0.0,0.0,0.0,0.0,0.0,,0.0,3.0,0.0,0.0,0.0,0.0,,,,,,,,,,,,,,,,,,,,,,
2026,2021038733,2026-04-18,2000056.0,中野 拓夢,7.0,二,5,1.0,1.0,4.0,3.0,2.0,2.0,0.0,0.0,0.0,0.0,0.0,,0.0,0.0,1.0,0.0,0.0,0.0,,,,,,,,,,,,,,,,,,,,,,
2026,2021038733,2026-04-18,2100253.0,中川 勇斗,68.0,左,5,1.0,1.0,3.0,1.0,0.0,0.0,0.0,0.0,0.0,0.0,0.0,,2.0,0.0,0.0,0.0,0.0,0.0,,,,,,,,,,,,,,,,,,,,,,
2026,2021038733,2026-04-18,2103707.0,桐敷 拓馬,47.0,投,5,1.0,0.0,0.0,0.0,0.0,0.0,0.0,0.0,0.0,0.0,0.0,,0.0,0.0,0.0,0.0,0.0,0.0,3.0,1.0,0.0,0.0,1.0,2.45,1.0,1.0,,,1.0,1.0,0.0,0.0,0.0,,0.0,1.0,0.0,,3.0,15.0
2026,2021038733,2026-04-18,2103780.0,福永 裕基,7.0,三,4,1.0,1.0,2.0,2.0,0.0,0.0,0.0,0.0,0.0,0.0,0.0,,0.0,0.0,0.0,0.0,0.0,0.0,,,,,,,,,,,,,,,,,,,,,,
2026,2021038733,2026-04-18,2103845.0,鵜飼 航丞,66.0,右,4,1.0,1.0,4.0,4.0,2.0,3.0,0.0,0.0,1.0,2.0,0.0,,0.0,1.0,0.0,0.0,0.0,0.0,,,,,,,,,,,,,,,,,,,,,,
2026,2021038733,2026-04-18,2105102.0,石伊 雄太,9.0,捕,4,1.0,1.0,4.0,4.0,1.0,2.0,0.0,1.0,0.0,0.0,0.0,,0.0,1.0,0.0,0.0,0.0,0.0,,,,,,,,,,,,,,,,,,,,,,
2026,2021038733,2026-04-18,2105174.0,辻本 倫太郎,0.0,二,4,1.0,1.0,5.0,5.0,0.0,1.0,0.0,0.0,0.0,0.0,0.0,,0.0,0.0,0.0,0.0,0.0,0.0,,,,,,,,,,,,,,,,,,,,,,
2026,2021038733,2026-04-18,2105295.0,吉田 聖弥,47.0,投,4,1.0,0.0,0.0,0.0,0.0,0.0,0.0,0.0,0.0,0.0,0.0,,0.0,0.0,0.0,0.0,0.0,0.0,4.0,1.0,0.0,0.0,0.0,0.0,1.0,1.0,,,0.0,0.0,0.0,0.0,0.0,,0.0,0.0,0.0,,3.0,10.0
2026,2021038733,2026-04-18,2107086.0,牧野 憲伸,68.0,投,4,1.0,0.0,0.0,0.0,0.0,0.0,0.0,0.0,0.0,0.0,0.0,,0.0,0.0,0.0,0.0,0.0,0.0,3.0,1.0,0.0,0.0,1.0,3.52,0.3333333333333333,0.1,,,0.0,0.0,0.0,0.0,0.0,,0.0,0.0,0.0,,1.0,4.0
2026,2021038733,2026-04-18,2110225.0,福島 圭音,92.0,打左,5,1.0,0.0,1.0,1.0,0.0,0.0,0.0,0.0,0.0,0.0,0.0,,0.0,0.0,0.0,0.0,0.0,0.0,,,,,,,,,,,,,,,,,,,,,,
2026,2021038733,2026-04-18,2118997.0,岡城 快生,34.0,打,5,1.0,0.0,1.0,1.0,0.0,0.0,0.0,0.0,0.0,0.0,0.0,,0.0,0.0,0.0,0.0,0.0,0.0,,,,,,,,,,,,,,,,,,,,,,
2026,2021038734,2026-04-18,1000002.0,筒香 嘉智,25.0,三,3,1.0,1.0,3.0,2.0,0.0,0.0,0.0,0.0,0.0,0.0,0.0,,1.0,1.0,0.0,0.0,0.0,0.0,,,,,,,,,,,,,,,,,,,,,,
2026,2021038734,2026-04-18,1100082.0,菊池 涼介,33.0,二,6,1.0,1.0,3.0,2.0,0.0,1.0,0.0,0.0,0.0,0.0,0.0,,1.0,1.0,0.0,0.0,0.0,0.0,,,,,,,,,,,,,,,,,,,,,,
2026,2021038734,2026-04-18,1400175.0,塹江 敦哉,36.0,投,6,1.0,0.0,0.0,0.0,0.0,0.0,0.0,0.0,0.0,0.0,0.0,,0.0,0.0,0.0,0.0,0.0,0.0,3.0,1.0,0.0,0.0,0.0,0.0,0.6666666666666666,0.2,,,0.0,0.0,0.0,0.0,0.0,,0.0,1.0,0.0,,2.0,5.0
2026,2021038734,2026-04-18,1500064.0,戸柱 恭孝,10.0,打,3,1.0,0.0,1.0,1.0,0.0,0.0,0.0,0.0,0.0,0.0,0.0,,0.0,0.0,0.0,0.0,0.0,0.0,,,,,,,,,,,,,,,,,,,,,,
2026,2021038734,2026-04-18,1600072.0,堀岡 隼人,92.0,投,3,1.0,0.0,0.0,0.0,0.0,0.0,0.0,0.0,0.0,0.0,0.0,,0.0,0.0,0.0,0.0,0.0,0.0,4.0,1.0,0.0,0.0,0.0,3.0,1.0,1.0,,,0.0,1.0,1.0,1.0,0.0,,1.0,1.0,0.0,,5.0,24.0
2026,2021038734,2026-04-18,1600089.0,佐野 恵太,7.0,一,3,1.0,1.0,5.0,3.0,0.0,0.0,0.0,0.0,0.0,0.0,0.0,,2.0,1.0,0.0,0.0,0.0,0.0,,,,,,,,,,,,,,,,,,,,,,
2026,2021038734,2026-04-18,1600107.0,京田 陽太,9.0,遊,3,1.0,0.0,2.0,2.0,0.0,1.0,0.0,0.0,0.0,2.0,0.0,,0.0,0.0,0.0,0.0,0.0,0.0,,,,,,,,,,,,,,,,,,,,,,
2026,2021038734,2026-04-18,1600124.0,坂倉 将吾,31.0,捕,6,1.0,1.0,3.0,2.0,1.0,0.0,0.0,0.0,0.0,0.0,0.0,,1.0,0.0,0.0,0.0,0.0,0.0,,,,,,,,,,,,,,,,,,,,,,
2026,2021038734,2026-04-18,1600167.0,三森 大貴,26.0,中,3,1.0,1.0,4.0,4.0,2.0,2.0,0.0,0.0,0.0,0.0,0.0,,0.0,1.0,0.0,0.0,0.0,0.0,,,,,,,,,,,,,,,,,,,,,,
2026,2021038734,2026-04-18,1700058.0,東 克樹,11.0,投,3,1.0,1.0,2.0,1.0,0.0,0.0,0.0,0.0,0.0,0.0,0.0,,0.0,1.0,0.0,1.0,0.0,0.0,1.0,1.0,,3.0,1.0,1.73,6.0,6.0,,,0.0,4.0,0.0,0.0,0.0,,1.0,9.0,0.0,,23.0,93.0
2026,2021038734,2026-04-18,1700066.0,山本 祐大,50.0,捕,3,1.0,1.0,4.0,4.0,0.0,1.0,0.0,0.0,0.0,1.0,0.0,,0.0,1.0,0.0,0.0,0.0,0.0,,,,,,,,,,,,,,,,,,,,,,
2026,2021038734,2026-04-18,1700072.0,遠藤 淳志,66.0,投,6,1.0,0.0,0.0,0.0,0.0,0.0,0.0,0.0,0.0,0.0,0.0,,0.0,0.0,0.0,0.0,0.0,0.0,5.0,1.0,0.0,0.0,0.0,0.0,1.0,1.0,,,0.0,0.0,0.0,0.0,0.0,,0.0,0.0,0.0,,3.0,13.0
2026,2021038734,2026-04-18,1800046.0,勝又 温史,28.0,左,3,1.0,1.0,4.0,4.0,1.0,2.0,0.0,0.0,0.0,0.0,0.0,,0.0,1.0,0.0,0.0,0.0,0.0,,,,,,,,,,,,,,,,,,,,,,
2026,2021038734,2026-04-18,1800072.0,小園 海斗,5.0,遊,6,1.0,1.0,4.0,4.0,0.0,1.0,0.0,0.0,0.0,0.0,0.0,,0.0,0.0,0.0,0.0,0.0,0.0,,,,,,,,,,,,,,,,,,,,,,
2026,2021038734,2026-04-18,1800079.0,大盛 穂,59.0,中,6,1.0,1.0,5.0,5.0,0.0,1.0,0.0,0.0,0.0,0.0,1.0,,0.0,2.0,0.0,0.0,0.0,0.0,,,,,,,,,,,,,,,,,,,,,,
2026,2021038734,2026-04-18,1850208.0,林 琢真,0.0,遊三,3,1.0,1.0,4.0,3.0,1.0,1.0,0.0,0.0,0.0,2.0,0.0,,0.0,0.0,0.0,0.0,1.0,0.0,,,,,,,,,,,,,,,,,,,,,,
2026,2021038734,2026-04-18,1850873.0,度会 隆輝,4.0,右,3,1.0,1.0,5.0,5.0,1.0,1.0,0.0,0.0,0.0,1.0,0.0,,0.0,1.0,0.0,0.0,0.0,0.0,,,,,,,,,,,,,,,,,,,,,,
2026,2021038734,2026-04-18,1900058.0,持丸 泰輝,57.0,打,6,1.0,0.0,1.0,1.0,0.0,0.0,0.0,0.0,0.0,0.0,0.0,,0.0,1.0,0.0,0.0,0.0,0.0,,,,,,,,,,,,,,,,,,,,,,
2026,2021038734,2026-04-18,1961927.0,モンテロ,95.0,一,6,1.0,1.0,4.0,4.0,0.0,0.0,0.0,0.0,0.0,0.0,0.0,,0.0,3.0,0.0,0.0,0.0,0.0,,,,,,,,,,,,,,,,,,,,,,
2026,2021038734,2026-04-18,2000035.0,牧 秀悟,2.0,二,3,1.0,1.0,5.0,5.0,1.0,1.0,0.0,0.0,0.0,1.0,0.0,,0.0,0.0,0.0,0.0,0.0,0.0,,,,,,,,,,,,,,,,,,,,,,
2026,2021038734,2026-04-18,2000066.0,二俣 翔一,99.0,右,6,1.0,1.0,4.0,4.0,0.0,2.0,0.0,1.0,0.0,1.0,0.0,,0.0,1.0,0.0,0.0,0.0,0.0,,,,,,,,,,,,,,,,,,,,,,
2026,2021038734,2026-04-18,2050203.0,佐々木 泰,10.0,三,6,1.0,1.0,4.0,3.0,1.0,1.0,0.0,0.0,0.0,0.0,1.0,,1.0,1.0,0.0,0.0,0.0,0.0,,,,,,,,,,,,,,,,,,,,,,
2026,2021038734,2026-04-18,2101034.0,ヒュンメル,99.0,打,3,1.0,0.0,1.0,0.0,1.0,0.0,0.0,0.0,0.0,0.0,0.0,,0.0,0.0,1.0,0.0,0.0,0.0,,,,,,,,,,,,,,,,,,,,,,
2026,2021038734,2026-04-18,2105007.0,橋本 達弥,35.0,投,3,1.0,0.0,0.0,0.0,0.0,0.0,0.0,0.0,0.0,0.0,0.0,,0.0,0.0,0.0,0.0,0.0,0.0,3.0,1.0,0.0,1.0,0.0,1.5,1.0,1.0,,,0.0,1.0,0.0,0.0,0.0,,0.0,1.0,0.0,,4.0,18.0
2026,2021038734,2026-04-18,2105891.0,マルセリーノ,98.0,投,3,1.0,0.0,0.0,0.0,0.0,0.0,0.0,0.0,0.0,0.0,0.0,,0.0,0.0,0.0,0.0,0.0,0.0,2.0,1.0,0.0,0.0,0.0,6.43,1.0,1.0,,,0.0,1.0,1.0,1.0,0.0,,1.0,2.0,0.0,,5.0,24.0
2026,2021038734,2026-04-18,2108238.0,ターノック,42.0,投,6,1.0,1.0,2.0,2.0,0.0,1.0,0.0,0.0,0.0,0.0,0.0,,0.0,1.0,0.0,0.0,0.0,0.0,1.0,1.0,,0.0,2.0,4.5,6.0,6.0,,,0.0,5.0,5.0,5.0,0.0,,3.0,6.0,1.0,,27.0,111.0
2026,2021038734,2026-04-18,2110422.0,勝田 成,0.0,打二,6,1.0,0.0,1.0,1.0,0.0,0.0,0.0,0.0,0.0,0.0,0.0,,0.0,0.0,0.0,0.0,0.0,0.0,,,,,,,,,,,,,,,,,,,,,,
2026,2021038734,2026-04-18,2112143.0,佐藤 啓介,94.0,打二左,6,1.0,0.0,2.0,2.0,0.0,0.0,0.0,0.0,0.0,1.0,0.0,,0.0,1.0,0.0,0.0,0.0,0.0,,,,,,,,,,,,,,,,,,,,,,
2026,2021038734,2026-04-18,2114641.0,赤木 晴哉,38.0,投,6,1.0,0.0,0.0,0.0,0.0,0.0,0.0,0.0,0.0,0.0,0.0,,0.0,0.0,0.0,0.0,0.0,0.0,4.0,1.0,0.0,0.0,0.0,10.38,1.0,1.0,,,0.0,0.0,0.0,0.0,0.0,,0.0,0.0,0.0,,3.0,10.0
2026,2021038734,2026-04-18,2114882.0,ファビアン,61.0,左,6,1.0,1.0,4.0,4.0,0.0,0.0,0.0,0.0,0.0,0.0,0.0,,0.0,2.0,0.0,0.0,0.0,0.0,,,,,,,,,,,,,,,,,,,,,,
2026,2021038734,2026-04-18,2119338.0,齊藤 汰直,11.0,投,6,1.0,0.0,0.0,0.0,0.0,0.0,0.0,0.0,0.0,0.0,0.0,,0.0,0.0,0.0,0.0,0.0,0.0,2.0,1.0,0.0,0.0,0.0,9.0,0.3333333333333333,0.1,,,0.0,4.0,2.0,2.0,0.0,,0.0,0.0,0.0,,5.0,13.0
2026,2021038735,2026-04-18,12102.0,栗山 巧,1.0,打,7,1.0,0.0,1.0,1.0,0.0,1.0,0.0,0.0,0.0,0.0,0.0,,0.0,0.0,0.0,0.0,0.0,0.0,,,,,,,,,,,,,,,,,,,,,,
2026,2021038735,2026-04-18,1100061.0,桑原 将志,7.0,左,7,1.0,1.0,5.0,4.0,0.0,1.0,0.0,0.0,0.0,1.0,0.0,,1.0,2.0,0.0,0.0,0.0,0.0,,,,,,,,,,,,,,,,,,,,,,
2026,2021038735,2026-04-18,1300061.0,中村 祐太,58.0,,7,,,,,,,,,,,,,,,,,,,5.0,1.0,0.0,0.0,0.0,1.5,1.0,1.0,,,0.0,0.0,0.0,0.0,0.0,,0.0,0.0,0.0,,3.0,9.0
2026,2021038735,2026-04-18,1400118.0,清水 優心,10.0,打捕,8,1.0,0.0,2.0,1.0,1.0,0.0,0.0,0.0,0.0,0.0,0.0,,1.0,0.0,0.0,0.0,0.0,0.0,,,,,,,,,,,,,,,,,,,,,,
2026,2021038735,2026-04-18,1600129.0,源田 壮亮,6.0,遊,7,1.0,1.0,5.0,5.0,0.0,1.0,0.0,0.0,0.0,0.0,0.0,,0.0,1.0,0.0,0.0,0.0,0.0,,,,,,,,,,,,,,,,,,,,,,
2026,2021038735,2026-04-18,1600164.0,田中 正義,26.0,,8,,,,,,,,,,,,,,,,,,,3.0,1.0,0.0,0.0,0.0,0.0,1.0,1.0,,,0.0,0.0,0.0,0.0,0.0,,0.0,0.0,0.0,,3.0,10.0
2026,2021038735,2026-04-18,1660299.0,林 安可,73.0,指,7,1.0,1.0,4.0,4.0,1.0,1.0,1.0,0.0,0.0,0.0,0.0,,0.0,0.0,0.0,0.0,0.0,0.0,,,,,,,,,,,,,,,,,,,,,,
2026,2021038735,2026-04-18,1700025.0,清宮 幸太郎,21.0,一,8,1.0,1.0,4.0,4.0,0.0,2.0,0.0,1.0,0.0,2.0,0.0,,0.0,0.0,0.0,0.0,0.0,0.0,,,,,,,,,,,,,,,,,,,,,,
2026,2021038735,2026-04-18,1750481.0,仲田 慶介,0.0,走,7,1.0,0.0,0.0,0.0,0.0,0.0,0.0,0.0,0.0,0.0,0.0,,0.0,0.0,0.0,0.0,0.0,0.0,,,,,,,,,,,,,,,,,,,,,,
2026,2021038735,2026-04-18,1800068.0,齋藤 友貴哉,48.0,,8,,,,,,,,,,,,,,,,,,,2.0,1.0,0.0,0.0,1.0,4.5,1.0,1.0,,,0.0,0.0,0.0,0.0,0.0,,1.0,1.0,0.0,,3.0,11.0
2026,2021038735,2026-04-18,1800091.0,野村 佑希,5.0,打,8,1.0,0.0,1.0,1.0,0.0,0.0,0.0,0.0,0.0,0.0,0.0,,0.0,1.0,0.0,0.0,0.0,0.0,,,,,,,,,,,,,,,,,,,,,,
2026,2021038735,2026-04-18,1800093.0,万波 中正,66.0,右,8,1.0,1.0,4.0,3.0,1.0,0.0,0.0,0.0,0.0,0.0,0.0,,1.0,0.0,0.0,0.0,0.0,0.0,,,,,,,,,,,,,,,,,,,,,,
2026,2021038735,2026-04-18,1800095.0,田宮 裕涼,64.0,捕,8,1.0,1.0,2.0,2.0,0.0,0.0,0.0,0.0,0.0,0.0,0.0,,0.0,1.0,0.0,0.0,0.0,0.0,,,,,,,,,,,,,,,,,,,,,,
2026,2021038735,2026-04-18,1800110.0,水谷 瞬,53.0,左,8,1.0,1.0,4.0,4.0,1.0,2.0,2.0,0.0,0.0,2.0,0.0,,0.0,1.0,0.0,0.0,0.0,0.0,,,,,,,,,,,,,,,,,,,,,,
2026,2021038735,2026-04-18,1850932.0,奈良間 大己,58.0,二,8,1.0,1.0,4.0,4.0,1.0,2.0,0.0,0.0,0.0,1.0,1.0,,0.0,1.0,0.0,0.0,0.0,0.0,,,,,,,,,,,,,,,,,,,,,,
2026,2021038735,2026-04-18,1860140.0,レイエス,99.0,指,8,1.0,1.0,4.0,3.0,0.0,1.0,1.0,0.0,0.0,0.0,0.0,,1.0,0.0,0.0,0.0,0.0,0.0,,,,,,,,,,,,,,,,,,,,,,
2026,2021038735,2026-04-18,1900040.0,郡司 裕也,3.0,三,8,1.0,1.0,4.0,4.0,1.0,1.0,0.0,0.0,0.0,0.0,0.0,,0.0,0.0,0.0,0.0,0.0,0.0,,,,,,,,,,,,,,,,,,,,,,
2026,2021038735,2026-04-18,1900068.0,岸 潤一郎,68.0,打中,7,1.0,0.0,2.0,1.0,0.0,1.0,0.0,0.0,0.0,0.0,0.0,,1.0,0.0,0.0,0.0,0.0,0.0,,,,,,,,,,,,,,,,,,,,,,
2026,2021038735,2026-04-18,2000069.0,山村 崇嘉,32.0,三,7,1.0,1.0,4.0,4.0,1.0,2.0,0.0,0.0,0.0,2.0,0.0,,0.0,0.0,0.0,0.0,0.0,1.0,,,,,,,,,,,,,,,,,,,,,,
2026,2021038735,2026-04-18,2000075.0,長谷川 信哉,63.0,一,7,1.0,1.0,4.0,4.0,0.0,1.0,0.0,0.0,0.0,0.0,0.0,,0.0,1.0,0.0,0.0,0.0,0.0,,,,,,,,,,,,,,,,,,,,,,
2026,2021038735,2026-04-18,2000079.0,伊藤 大海,17.0,,8,,,,,,,,,,,,,,,,,,,1.0,1.0,,2.0,1.0,5.01,6.0,6.0,,,0.0,8.0,2.0,2.0,0.0,,0.0,4.0,0.0,,25.0,103.0
2026,2021038735,2026-04-18,2000080.0,五十幡 亮汰,50.0,中,8,1.0,1.0,2.0,2.0,0.0,0.0,0.0,0.0,0.0,0.0,0.0,,0.0,0.0,0.0,0.0,0.0,0.0,,,,,,,,,,,,,,,,,,,,,,
2026,2021038735,2026-04-18,2050145.0,小島 大河,10.0,捕,7,1.0,1.0,4.0,4.0,1.0,1.0,0.0,0.0,0.0,0.0,0.0,,0.0,1.0,0.0,0.0,0.0,0.0,,,,,,,,,,,,,,,,,,,,,,
2026,2021038735,2026-04-18,2100048.0,秋山 俊,35.0,中,7,1.0,1.0,2.0,2.0,0.0,0.0,0.0,0.0,0.0,0.0,0.0,,0.0,1.0,0.0,0.0,0.0,0.0,,,,,,,,,,,,,,,,,,,,,,
2026,2021038735,2026-04-18,2103612.0,黒田 将矢,57.0,,7,,,,,,,,,,,,,,,,,,,4.0,1.0,0.0,0.0,0.0,0.0,1.0,1.0,,,0.0,0.0,0.0,0.0,0.0,,0.0,0.0,0.0,,3.0,10.0
2026,2021038735,2026-04-18,2103618.0,滝澤 夏央,62.0,二,7,1.0,1.0,3.0,3.0,0.0,1.0,0.0,0.0,0.0,0.0,1.0,,0.0,0.0,0.0,0.0,0.0,0.0,,,,,,,,,,,,,,,,,,,,,,
2026,2021038735,2026-04-18,2103625.0,羽田 慎之介,43.0,,7,,,,,,,,,,,,,,,,,,,3.0,1.0,0.0,1.0,0.0,4.15,0.3333333333333333,0.1,,,0.0,2.0,2.0,2.0,0.0,,1.0,0.0,0.0,,4.0,13.0
2026,2021038735,2026-04-18,2103635.0,柳川 大晟,47.0,,8,,,,,,,,,,,,,,,,,,,4.0,1.0,0.0,0.0,0.0,3.0,1.0,1.0,,,4.0,3.0,1.0,1.0,0.0,,1.0,1.0,0.0,,7.0,28.0
2026,2021038735,2026-04-18,2105080.0,武内 夏暉,21.0,,7,,,,,,,,,,,,,,,,,,,1.0,1.0,,1.0,2.0,1.88,5.0,5.0,,,0.0,6.0,3.0,0.0,0.0,,2.0,4.0,0.0,,24.0,104.0
2026,2021038735,2026-04-18,2105503.0,糸川 亮太,23.0,,7,,,,,,,,,,,,,,,,,,,2.0,1.0,0.0,0.0,0.0,5.06,0.6666666666666666,0.2,,,0.0,0.0,0.0,0.0,0.0,,0.0,1.0,0.0,,2.0,9.0
2026,2021038735,2026-04-18,2106284.0,矢澤 宏太,12.0,中,8,1.0,0.0,1.0,1.0,0.0,0.0,0.0,0.0,0.0,0.0,0.0,,0.0,0.0,0.0,0.0,0.0,0.0,,,,,,,,,,,,,,,,,,,,,,
2026,2021038735,2026-04-18,2114529.0,山縣 秀,54.0,遊,8,1.0,1.0,4.0,3.0,0.0,0.0,0.0,0.0,0.0,0.0,0.0,,0.0,1.0,0.0,1.0,0.0,0.0,,,,,,,,,,,,,,,,,,,,,,
2026,2021038735,2026-04-18,2117028.0,カナリオ,25.0,右,7,1.0,1.0,4.0,4.0,0.0,1.0,0.0,0.0,0.0,0.0,0.0,,0.0,0.0,0.0,0.0,0.0,0.0,,,,,,,,,,,,,,,,,,,,,,
2026,2021038736,2026-04-18,800075.0,伊藤 光,27.0,捕,376,1.0,1.0,4.0,4.0,0.0,2.0,0.0,0.0,0.0,0.0,0.0,,0.0,0.0,0.0,0.0,0.0,0.0,,,,,,,,,,,,,,,,,,,,,,
2026,2021038736,2026-04-18,900056.0,浅村 栄斗,3.0,指,376,1.0,1.0,4.0,4.0,2.0,3.0,1.0,0.0,1.0,4.0,0.0,,0.0,1.0,0.0,0.0,0.0,0.0,,,,,,,,,,,,,,,,,,,,,,
2026,2021038736,2026-04-18,1100103.0,鈴木 大地,7.0,打三,376,1.0,0.0,1.0,1.0,0.0,0.0,0.0,0.0,0.0,0.0,0.0,,0.0,0.0,0.0,0.0,0.0,0.0,,,,,,,,,,,,,,,,,,,,,,
2026,2021038736,2026-04-18,1100104.0,益田 直也,52.0,,9,,,,,,,,,,,,,,,,,,,3.0,1.0,0.0,0.0,0.0,3.6,1.0,1.0,,,0.0,2.0,0.0,0.0,0.0,,1.0,1.0,0.0,,6.0,18.0
2026,2021038736,2026-04-18,1460080.0,ポランコ,22.0,指,9,1.0,1.0,4.0,3.0,1.0,0.0,0.0,0.0,0.0,0.0,0.0,,1.0,0.0,0.0,0.0,0.0,0.0,,,,,,,,,,,,,,,,,,,,,,
2026,2021038736,2026-04-18,1560256.0,ウレーニャ,22.0,,376,,,,,,,,,,,,,,,,,,,1.0,1.0,,1.0,0.0,1.69,6.0,6.0,,,0.0,6.0,1.0,1.0,0.0,,3.0,4.0,0.0,,26.0,114.0
2026,2021038736,2026-04-18,1600007.0,村林 一輝,6.0,遊三,376,1.0,1.0,4.0,4.0,2.0,2.0,0.0,0.0,0.0,3.0,0.0,,0.0,0.0,0.0,0.0,0.0,0.0,,,,,,,,,,,,,,,,,,,,,,
2026,2021038736,2026-04-18,1700020.0,ソト,99.0,一,9,1.0,1.0,4.0,4.0,0.0,1.0,0.0,0.0,0.0,0.0,0.0,,0.0,2.0,0.0,0.0,0.0,0.0,,,,,,,,,,,,,,,,,,,,,,
2026,2021038736,2026-04-18,1800044.0,伊藤 裕季也,39.0,一,376,1.0,1.0,4.0,3.0,1.0,1.0,0.0,0.0,1.0,2.0,0.0,,1.0,2.0,0.0,0.0,0.0,0.0,,,,,,,,,,,,,,,,,,,,,,
2026,2021038736,2026-04-18,1800050.0,藤原 恭大,1.0,中,9,1.0,1.0,5.0,4.0,0.0,1.0,1.0,0.0,0.0,0.0,0.0,,1.0,1.0,0.0,0.0,0.0,0.0,,,,,,,,,,,,,,,,,,,,,,
2026,2021038736,2026-04-18,1800117.0,辰己 涼介,8.0,中,376,1.0,1.0,4.0,4.0,1.0,1.0,1.0,0.0,0.0,0.0,0.0,,0.0,1.0,0.0,0.0,0.0,0.0,,,,,,,,,,,,,,,,,,,,,,
2026,2021038736,2026-04-18,1800123.0,小郷 裕哉,51.0,右中,376,1.0,1.0,4.0,4.0,0.0,0.0,0.0,0.0,0.0,0.0,0.0,,0.0,0.0,0.0,0.0,0.0,0.0,,,,,,,,,,,,,,,,,,,,,,
2026,2021038736,2026-04-18,1850947.0,上田 希由翔,10.0,二,9,1.0,1.0,3.0,3.0,0.0,0.0,0.0,0.0,0.0,0.0,0.0,,0.0,2.0,0.0,0.0,0.0,0.0,,,,,,,,,,,,,,,,,,,,,,
2026,2021038736,2026-04-18,1900112.0,小深田 大翔,0.0,二,376,1.0,1.0,4.0,3.0,1.0,1.0,0.0,0.0,0.0,0.0,1.0,,1.0,0.0,0.0,0.0,0.0,0.0,,,,,,,,,,,,,,,,,,,,,,
2026,2021038736,2026-04-18,1900113.0,黒川 史陽,24.0,三一,376,1.0,1.0,5.0,3.0,1.0,1.0,0.0,0.0,0.0,0.0,0.0,,2.0,0.0,0.0,0.0,0.0,0.0,,,,,,,,,,,,,,,,,,,,,,
2026,2021038736,2026-04-18,1900114.0,津留崎 大成,52.0,,376,,,,,,,,,,,,,,,,,,,2.0,1.0,0.0,0.0,0.0,3.0,2.0,2.0,,,0.0,0.0,0.0,0.0,0.0,,0.0,3.0,0.0,,6.0,31.0
2026,2021038736,2026-04-18,1950278.0,中島 大輔,32.0,左,376,1.0,1.0,5.0,4.0,1.0,1.0,0.0,0.0,0.0,0.0,0.0,,1.0,0.0,0.0,0.0,0.0,0.0,,,,,,,,,,,,,,,,,,,,,,
2026,2021038736,2026-04-18,1950286.0,西川 史礁,6.0,左,9,1.0,1.0,5.0,4.0,0.0,1.0,0.0,0.0,0.0,0.0,0.0,,1.0,0.0,0.0,0.0,0.0,0.0,,,,,,,,,,,,,,,,,,,,,,
2026,2021038736,2026-04-18,2000089.0,小川 龍成,57.0,遊,9,1.0,1.0,4.0,4.0,0.0,1.0,0.0,0.0,0.0,1.0,0.0,,0.0,1.0,0.0,0.0,0.0,0.0,,,,,,,,,,,,,,,,,,,,,,
2026,2021038736,2026-04-18,2000094.0,山本 大斗,61.0,右,9,1.0,1.0,4.0,3.0,0.0,2.0,0.0,0.0,0.0,0.0,0.0,,1.0,0.0,0.0,0.0,0.0,0.0,,,,,,,,,,,,,,,,,,,,,,
2026,2021038736,2026-04-18,2100284.0,阪上 翔也,42.0,打右,376,1.0,0.0,1.0,1.0,0.0,0.0,0.0,0.0,0.0,0.0,0.0,,0.0,1.0,0.0,0.0,0.0,0.0,,,,,,,,,,,,,,,,,,,,,,
2026,2021038736,2026-04-18,2100346.0,松川 虎生,2.0,捕,9,1.0,1.0,4.0,4.0,0.0,1.0,0.0,0.0,0.0,0.0,0.0,,0.0,2.0,0.0,0.0,0.0,0.0,,,,,,,,,,,,,,,,,,,,,,
2026,2021038736,2026-04-18,2102758.0,田中 晴也,35.0,,9,,,,,,,,,,,,,,,,,,,1.0,1.0,,1.0,2.0,4.7,5.0,5.0,,,0.0,8.0,7.0,7.0,1.0,,3.0,4.0,0.0,,26.0,104.0
2026,2021038736,2026-04-18,2102926.0,寺地 隆成,65.0,三,9,1.0,1.0,4.0,4.0,0.0,0.0,0.0,0.0,0.0,0.0,0.0,,0.0,0.0,0.0,0.0,0.0,0.0,,,,,,,,,,,,,,,,,,,,,,
2026,2021038736,2026-04-18,2105140.0,渡辺 翔太,31.0,,376,,,,,,,,,,,,,,,,,,,3.0,1.0,0.0,0.0,0.0,0.0,1.0,1.0,,,0.0,2.0,0.0,0.0,0.0,,1.0,1.0,0.0,,6.0,27.0
2026,2021038736,2026-04-18,2105283.0,平良 竜哉,48.0,打二,376,1.0,0.0,1.0,1.0,0.0,1.0,0.0,0.0,0.0,0.0,0.0,,0.0,0.0,0.0,0.0,0.0,0.0,,,,,,,,,,,,,,,,,,,,,,
2026,2021038736,2026-04-18,2106795.0,菊地 吏玖,28.0,,9,,,,,,,,,,,,,,,,,,,2.0,1.0,0.0,0.0,0.0,9.0,2.0,2.0,,,0.0,3.0,2.0,2.0,1.0,,1.0,0.0,0.0,,9.0,45.0
2026,2021038736,2026-04-18,2106798.0,友杉 篤輝,4.0,打,9,1.0,0.0,1.0,1.0,0.0,1.0,0.0,0.0,0.0,0.0,0.0,,0.0,0.0,0.0,0.0,0.0,0.0,,,,,,,,,,,,,,,,,,,,,,
2026,2021038736,2026-04-18,2112158.0,ワォーターズ,60.0,遊,376,1.0,0.0,0.0,0.0,0.0,0.0,0.0,0.0,0.0,0.0,0.0,,0.0,0.0,0.0,0.0,0.0,0.0,,,,,,,,,,,,,,,,,,,,,,
2026,2021038737,2026-04-18,800081.0,中村 晃,7.0,打指,12,1.0,0.0,4.0,4.0,0.0,0.0,0.0,0.0,0.0,0.0,0.0,,0.0,2.0,0.0,0.0,0.0,0.0,,,,,,,,,,,,,,,,,,,,,,
2026,2021038737,2026-04-18,1000128.0,柳田 悠岐,9.0,左,12,1.0,1.0,4.0,4.0,1.0,3.0,1.0,0.0,0.0,2.0,0.0,,0.0,0.0,0.0,0.0,0.0,0.0,,,,,,,,,,,,,,,,,,,,,,
2026,2021038737,2026-04-18,1000175.0,牧原 大成,8.0,二,12,1.0,1.0,4.0,4.0,1.0,2.0,0.0,0.0,0.0,0.0,0.0,,0.0,0.0,0.0,0.0,0.0,0.0,,,,,,,,,,,,,,,,,,,,,,
2026,2021038737,2026-04-18,1100097.0,近藤 健介,3.0,指,12,1.0,1.0,1.0,0.0,1.0,0.0,0.0,0.0,0.0,0.0,0.0,,0.0,0.0,1.0,0.0,0.0,0.0,,,,,,,,,,,,,,,,,,,,,,
2026,2021038737,2026-04-18,1100099.0,上沢 直之,10.0,,12,,,,,,,,,,,,,,,,,,,1.0,1.0,,2.0,0.0,1.27,8.333333333333334,8.1,,,0.0,1.0,0.0,0.0,0.0,,2.0,9.0,0.0,,30.0,134.0
2026,2021038737,2026-04-18,1300058.0,九里 亜蓮,22.0,,11,,,,,,,,,,,,,,,,,,,1.0,1.0,,1.0,2.0,3.65,6.0,6.0,,,0.0,5.0,2.0,2.0,0.0,,2.0,5.0,1.0,,25.0,109.0
2026,2021038737,2026-04-18,1300100.0,森 友哉,4.0,指,11,1.0,1.0,4.0,4.0,0.0,0.0,0.0,0.0,0.0,0.0,0.0,,0.0,2.0,0.0,0.0,0.0,0.0,,,,,,,,,,,,,,,,,,,,,,
2026,2021038737,2026-04-18,1300101.0,山川 穂高,5.0,一,12,1.0,1.0,4.0,2.0,1.0,1.0,0.0,0.0,0.0,1.0,0.0,,2.0,0.0,0.0,0.0,0.0,1.0,,,,,,,,,,,,,,,,,,,,,,
2026,2021038737,2026-04-18,1300109.0,若月 健矢,2.0,捕,11,1.0,1.0,2.0,2.0,0.0,0.0,0.0,0.0,0.0,0.0,0.0,,0.0,0.0,0.0,0.0,0.0,0.0,,,,,,,,,,,,,,,,,,,,,,
2026,2021038737,2026-04-18,1400127.0,栗原 陵矢,24.0,三,12,1.0,1.0,5.0,4.0,1.0,0.0,0.0,0.0,0.0,0.0,0.0,,1.0,1.0,0.0,0.0,0.0,1.0,,,,,,,,,,,,,,,,,,,,,,
2026,2021038737,2026-04-18,1400196.0,宗 佑磨,6.0,三,11,1.0,1.0,4.0,3.0,0.0,0.0,0.0,0.0,0.0,0.0,0.0,,1.0,1.0,0.0,0.0,0.0,0.0,,,,,,,,,,,,,,,,,,,,,,
2026,2021038737,2026-04-18,1500096.0,西川 龍馬,7.0,左,11,1.0,1.0,4.0,4.0,0.0,1.0,0.0,0.0,0.0,0.0,0.0,,0.0,0.0,0.0,0.0,0.0,0.0,,,,,,,,,,,,,,,,,,,,,,
2026,2021038737,2026-04-18,1500143.0,川瀬 晃,0.0,遊,12,1.0,1.0,4.0,4.0,0.0,2.0,0.0,0.0,0.0,1.0,0.0,,0.0,0.0,0.0,0.0,0.0,0.0,,,,,,,,,,,,,,,,,,,,,,
2026,2021038737,2026-04-18,1650056.0,福永 奨,32.0,捕,11,1.0,0.0,0.0,0.0,0.0,0.0,0.0,0.0,0.0,0.0,0.0,,0.0,0.0,0.0,0.0,0.0,0.0,,,,,,,,,,,,,,,,,,,,,,
2026,2021038737,2026-04-18,1650813.0,川村 友斗,61.0,走右,12,1.0,0.0,0.0,0.0,1.0,0.0,0.0,0.0,0.0,0.0,0.0,,0.0,0.0,0.0,0.0,0.0,0.0,,,,,,,,,,,,,,,,,,,,,,
2026,2021038737,2026-04-18,1660014.0,ペルドモ,59.0,,11,,,,,,,,,,,,,,,,,,,2.0,1.0,0.0,1.0,2.0,14.14,0.6666666666666666,0.2,,,0.0,3.0,5.0,5.0,0.0,,2.0,0.0,0.0,,7.0,19.0
2026,2021038737,2026-04-18,1700134.0,尾形 崇斗,39.0,,12,,,,,,,,,,,,,,,,,,,2.0,1.0,0.0,0.0,1.0,5.4,0.6666666666666666,0.2,,,0.0,0.0,0.0,0.0,0.0,,0.0,1.0,0.0,,2.0,10.0
2026,2021038737,2026-04-18,1700135.0,周東 佑京,23.0,中,12,1.0,1.0,5.0,4.0,0.0,1.0,0.0,0.0,0.0,0.0,1.0,,0.0,1.0,0.0,1.0,0.0,0.0,,,,,,,,,,,,,,,,,,,,,,
2026,2021038737,2026-04-18,1751068.0,野口 智哉,9.0,走遊,11,1.0,0.0,0.0,0.0,0.0,0.0,0.0,0.0,0.0,0.0,0.0,,0.0,0.0,0.0,0.0,0.0,0.0,,,,,,,,,,,,,,,,,,,,,,
2026,2021038737,2026-04-18,1800098.0,太田 椋,1.0,二,11,1.0,1.0,4.0,3.0,0.0,0.0,0.0,0.0,0.0,0.0,0.0,,1.0,3.0,0.0,0.0,0.0,0.0,,,,,,,,,,,,,,,,,,,,,,
2026,2021038737,2026-04-18,1900088.0,紅林 弘太郎,24.0,遊,11,1.0,1.0,3.0,3.0,0.0,0.0,0.0,0.0,0.0,0.0,0.0,,0.0,0.0,0.0,0.0,0.0,0.0,,,,,,,,,,,,,,,,,,,,,,
2026,2021038737,2026-04-18,1900101.0,海野 隆司,62.0,捕,12,1.0,1.0,4.0,2.0,1.0,0.0,0.0,0.0,0.0,0.0,0.0,,1.0,0.0,0.0,1.0,0.0,0.0,,,,,,,,,,,,,,,,,,,,,,
2026,2021038737,2026-04-18,1900104.0,柳町 達,32.0,右左,12,1.0,1.0,4.0,4.0,0.0,2.0,1.0,0.0,0.0,3.0,0.0,,0.0,1.0,0.0,0.0,0.0,0.0,,,,,,,,,,,,,,,,,,,,,,
2026,2021038737,2026-04-18,2000098.0,来田 涼斗,38.0,右,11,1.0,1.0,3.0,3.0,0.0,0.0,0.0,0.0,0.0,0.0,0.0,,0.0,1.0,0.0,0.0,0.0,0.0,,,,,,,,,,,,,,,,,,,,,,
2026,2021038737,2026-04-18,2103713.0,権田 琉成,98.0,,11,,,,,,,,,,,,,,,,,,,3.0,1.0,0.0,0.0,0.0,0.0,1.3333333333333333,1.1,,,0.0,3.0,0.0,0.0,0.0,,0.0,0.0,0.0,,7.0,23.0
2026,2021038737,2026-04-18,2103747.0,渡部 遼人,0.0,中,11,1.0,1.0,4.0,4.0,0.0,0.0,0.0,0.0,0.0,0.0,0.0,,0.0,1.0,0.0,0.0,0.0,0.0,,,,,,,,,,,,,,,,,,,,,,
2026,2021038737,2026-04-18,2111290.0,横山 聖哉,34.0,打三,11,1.0,0.0,1.0,1.0,0.0,0.0,0.0,0.0,0.0,0.0,0.0,,0.0,0.0,0.0,0.0,0.0,0.0,,,,,,,,,,,,,,,,,,,,,,
2026,2021038737,2026-04-18,2117200.0,シーモア,45.0,一,11,1.0,1.0,3.0,3.0,0.0,0.0,0.0,0.0,0.0,0.0,0.0,,0.0,2.0,0.0,0.0,0.0,0.0,,,,,,,,,,,,,,,,,,,,,,
2026,2021038738,2026-04-19,700003.0,坂本 勇人,6.0,打,1,1.0,0.0,1.0,0.0,0.0,0.0,0.0,0.0,0.0,0.0,0.0,,1.0,0.0,0.0,0.0,0.0,0.0,,,,,,,,,,,,,,,,,,,,,,
2026,2021038738,2026-04-19,1100095.0,松本 剛,9.0,中,1,1.0,1.0,4.0,4.0,0.0,1.0,0.0,0.0,0.0,0.0,0.0,,0.0,1.0,0.0,0.0,0.0,0.0,,,,,,,,,,,,,,,,,,,,,,
2026,2021038738,2026-04-19,1561820.0,ダルベック,29.0,三,1,1.0,1.0,4.0,3.0,0.0,0.0,0.0,0.0,0.0,0.0,0.0,,1.0,3.0,0.0,0.0,0.0,1.0,,,,,,,,,,,,,,,,,,,,,,
2026,2021038738,2026-04-19,1600075.0,星 知弥,24.0,投,2,1.0,0.0,0.0,0.0,0.0,0.0,0.0,0.0,0.0,0.0,0.0,,0.0,0.0,0.0,0.0,0.0,0.0,4.0,1.0,0.0,0.0,0.0,1.13,1.0,1.0,,,1.0,0.0,0.0,0.0,0.0,,0.0,1.0,0.0,,3.0,14.0
2026,2021038738,2026-04-19,1600078.0,古賀 優大,2.0,捕,2,1.0,1.0,4.0,4.0,1.0,0.0,0.0,0.0,0.0,0.0,0.0,,0.0,1.0,0.0,0.0,0.0,0.0,,,,,,,,,,,,,,,,,,,,,,
2026,2021038738,2026-04-19,1700043.0,岸田 行倫,27.0,捕,1,1.0,1.0,3.0,3.0,0.0,0.0,0.0,0.0,0.0,0.0,0.0,,0.0,0.0,0.0,0.0,0.0,0.0,,,,,,,,,,,,,,,,,,,,,,
2026,2021038738,2026-04-19,1700089.0,宮本 丈,10.0,打,2,1.0,0.0,1.0,1.0,0.0,0.0,0.0,0.0,0.0,0.0,0.0,,0.0,1.0,0.0,0.0,0.0,0.0,,,,,,,,,,,,,,,,,,,,,,
2026,2021038738,2026-04-19,1750321.0,泉口 友汰,35.0,遊,1,1.0,1.0,4.0,3.0,0.0,0.0,0.0,0.0,0.0,1.0,0.0,,0.0,1.0,0.0,0.0,1.0,1.0,,,,,,,,,,,,,,,,,,,,,,
2026,2021038738,2026-04-19,1750894.0,増居 翔太,43.0,投,2,1.0,1.0,1.0,1.0,0.0,0.0,0.0,0.0,0.0,0.0,0.0,,0.0,1.0,0.0,0.0,0.0,0.0,1.0,1.0,,1.0,0.0,1.5,5.0,5.0,,,0.0,2.0,1.0,1.0,0.0,,1.0,4.0,0.0,,18.0,75.0
2026,2021038738,2026-04-19,1800024.0,増田 陸,61.0,一,1,1.0,1.0,3.0,3.0,0.0,1.0,1.0,0.0,0.0,0.0,0.0,,0.0,0.0,0.0,0.0,0.0,0.0,,,,,,,,,,,,,,,,,,,,,,
2026,2021038738,2026-04-19,1800033.0,清水 昇,17.0,投,2,1.0,0.0,0.0,0.0,0.0,0.0,0.0,0.0,0.0,0.0,0.0,,0.0,0.0,0.0,0.0,0.0,0.0,2.0,1.0,0.0,1.0,0.0,0.0,1.0,1.0,,,0.0,0.0,0.0,0.0,0.0,,0.0,0.0,0.0,,3.0,7.0
2026,2021038738,2026-04-19,1900019.0,井上 温大,97.0,投,1,1.0,1.0,2.0,2.0,0.0,0.0,0.0,0.0,0.0,0.0,0.0,,0.0,0.0,0.0,0.0,0.0,0.0,1.0,1.0,,1.0,2.0,2.55,4.666666666666667,4.2,,,0.0,4.0,3.0,2.0,1.0,,3.0,7.0,0.0,,21.0,86.0
2026,2021038738,2026-04-19,1900028.0,長岡 秀樹,7.0,遊,2,1.0,1.0,4.0,4.0,0.0,2.0,0.0,0.0,0.0,0.0,0.0,,0.0,0.0,0.0,0.0,0.0,0.0,,,,,,,,,,,,,,,,,,,,,,
2026,2021038738,2026-04-19,1900029.0,武岡 龍世,60.0,三,2,1.0,0.0,1.0,1.0,0.0,0.0,0.0,0.0,0.0,0.0,0.0,,0.0,0.0,0.0,0.0,0.0,0.0,,,,,,,,,,,,,,,,,,,,,,
2026,2021038738,2026-04-19,1951153.0,浦田 俊輔,32.0,二,1,1.0,1.0,3.0,3.0,0.0,0.0,0.0,0.0,0.0,0.0,0.0,,0.0,1.0,0.0,0.0,0.0,0.0,,,,,,,,,,,,,,,,,,,,,,
2026,2021038738,2026-04-19,1960444.0,ルシアーノ,48.0,投,1,1.0,0.0,0.0,0.0,0.0,0.0,0.0,0.0,0.0,0.0,0.0,,0.0,0.0,0.0,0.0,0.0,0.0,3.0,1.0,0.0,0.0,0.0,0.0,2.0,2.0,,,0.0,2.0,0.0,0.0,0.0,,0.0,1.0,0.0,,9.0,33.0
2026,2021038738,2026-04-19,1961046.0,キハダ,11.0,投,2,1.0,0.0,0.0,0.0,0.0,0.0,0.0,0.0,0.0,0.0,0.0,,0.0,0.0,0.0,0.0,0.0,0.0,5.0,1.0,0.0,0.0,0.0,0.0,1.0,1.0,,,8.0,0.0,0.0,0.0,0.0,,2.0,3.0,0.0,,5.0,21.0
2026,2021038738,2026-04-19,2000028.0,並木 秀尊,0.0,右,2,1.0,1.0,3.0,3.0,0.0,1.0,0.0,0.0,0.0,0.0,0.0,,0.0,0.0,0.0,0.0,0.0,0.0,,,,,,,,,,,,,,,,,,,,,,
2026,2021038738,2026-04-19,2000031.0,赤羽 由紘,0.0,三左,2,1.0,1.0,4.0,4.0,0.0,1.0,0.0,0.0,0.0,0.0,0.0,,0.0,3.0,0.0,0.0,0.0,0.0,,,,,,,,,,,,,,,,,,,,,,
2026,2021038738,2026-04-19,2000133.0,オスナ,13.0,一,2,1.0,1.0,4.0,3.0,1.0,1.0,0.0,0.0,1.0,3.0,0.0,,1.0,0.0,0.0,0.0,0.0,0.0,,,,,,,,,,,,,,,,,,,,,,
2026,2021038738,2026-04-19,2000135.0,サンタナ,25.0,左,2,1.0,1.0,3.0,2.0,1.0,1.0,0.0,0.0,0.0,0.0,0.0,,1.0,1.0,0.0,0.0,0.0,0.0,,,,,,,,,,,,,,,,,,,,,,
2026,2021038738,2026-04-19,2102672.0,皆川 岳飛,39.0,走,1,1.0,0.0,0.0,0.0,0.0,0.0,0.0,0.0,0.0,0.0,0.0,,0.0,0.0,0.0,0.0,0.0,0.0,,,,,,,,,,,,,,,,,,,,,,
2026,2021038738,2026-04-19,2103689.0,赤星 優志,31.0,投,1,1.0,0.0,0.0,0.0,0.0,0.0,0.0,0.0,0.0,0.0,0.0,,0.0,0.0,0.0,0.0,0.0,0.0,4.0,1.0,0.0,2.0,0.0,1.23,1.0,1.0,,,0.0,0.0,0.0,0.0,0.0,,0.0,3.0,0.0,,3.0,15.0
2026,2021038738,2026-04-19,2103917.0,岩田 幸宏,64.0,中,2,1.0,1.0,4.0,3.0,0.0,0.0,0.0,0.0,0.0,0.0,0.0,,1.0,1.0,0.0,0.0,0.0,0.0,,,,,,,,,,,,,,,,,,,,,,
2026,2021038738,2026-04-19,2106178.0,佐々木 俊輔,44.0,右,1,1.0,1.0,3.0,2.0,1.0,0.0,0.0,0.0,0.0,0.0,0.0,,1.0,1.0,0.0,0.0,0.0,0.0,,,,,,,,,,,,,,,,,,,,,,
2026,2021038738,2026-04-19,2107874.0,門脇 誠,5.0,走,1,1.0,0.0,0.0,0.0,0.0,0.0,0.0,0.0,0.0,0.0,0.0,,0.0,0.0,0.0,0.0,0.0,0.0,,,,,,,,,,,,,,,,,,,,,,
2026,2021038738,2026-04-19,2112175.0,伊藤 琉偉,67.0,二,2,1.0,1.0,4.0,4.0,0.0,0.0,0.0,0.0,0.0,0.0,0.0,,0.0,3.0,0.0,0.0,0.0,0.0,,,,,,,,,,,,,,,,,,,,,,
2026,2021038738,2026-04-19,2112330.0,平山 功太,69.0,打,1,1.0,0.0,1.0,1.0,0.0,0.0,0.0,0.0,0.0,0.0,0.0,,0.0,0.0,0.0,0.0,0.0,0.0,,,,,,,,,,,,,,,,,,,,,,
2026,2021038738,2026-04-19,2112585.0,モイセエフ ニキータ,31.0,打,2,1.0,0.0,1.0,1.0,0.0,0.0,0.0,0.0,0.0,0.0,0.0,,0.0,0.0,0.0,0.0,0.0,0.0,,,,,,,,,,,,,,,,,,,,,,
2026,2021038738,2026-04-19,2118291.0,田和 廉,30.0,投,1,1.0,0.0,0.0,0.0,0.0,0.0,0.0,0.0,0.0,0.0,0.0,,0.0,0.0,0.0,0.0,0.0,0.0,2.0,1.0,0.0,0.0,0.0,0.0,0.3333333333333333,0.1,,,0.0,0.0,0.0,0.0,0.0,,0.0,0.0,0.0,,1.0,2.0
2026,2021038738,2026-04-19,2118420.0,キャベッジ,13.0,左,1,1.0,1.0,4.0,4.0,0.0,0.0,0.0,0.0,0.0,0.0,0.0,,0.0,2.0,0.0,0.0,0.0,0.0,,,,,,,,,,,,,,,,,,,,,,
2026,2021038738,2026-04-19,2122334.0,リランソ,62.0,投,2,1.0,0.0,0.0,0.0,0.0,0.0,0.0,0.0,0.0,0.0,0.0,,0.0,0.0,0.0,0.0,0.0,0.0,3.0,1.0,0.0,0.0,0.0,0.0,1.0,1.0,,,0.0,0.0,0.0,0.0,0.0,,0.0,1.0,0.0,,3.0,8.0
2026,2021038739,2026-04-19,900410.0,大島 洋平,8.0,中,4,1.0,1.0,5.0,5.0,1.0,2.0,1.0,0.0,0.0,1.0,0.0,,0.0,0.0,0.0,0.0,0.0,0.0,,,,,,,,,,,,,,,,,,,,,,
2026,2021038739,2026-04-19,1100069.0,高橋 周平,3.0,打,4,1.0,0.0,1.0,1.0,0.0,0.0,0.0,0.0,0.0,0.0,0.0,,0.0,0.0,0.0,0.0,0.0,0.0,,,,,,,,,,,,,,,,,,,,,,
2026,2021038739,2026-04-19,1200100.0,伏見 寅威,17.0,捕,5,1.0,1.0,4.0,3.0,0.0,0.0,0.0,0.0,0.0,0.0,0.0,,0.0,0.0,0.0,1.0,0.0,0.0,,,,,,,,,,,,,,,,,,,,,,
2026,2021038739,2026-04-19,1400199.0,齋藤 綱記,59.0,投,4,1.0,0.0,0.0,0.0,0.0,0.0,0.0,0.0,0.0,0.0,0.0,,0.0,0.0,0.0,0.0,0.0,0.0,2.0,1.0,0.0,0.0,1.0,5.4,0.3333333333333333,0.1,,,0.0,2.0,0.0,0.0,0.0,,0.0,0.0,0.0,,3.0,10.0
2026,2021038739,2026-04-19,1500078.0,阿部 寿樹,48.0,一,4,1.0,1.0,4.0,4.0,0.0,1.0,0.0,0.0,0.0,1.0,0.0,,0.0,2.0,0.0,0.0,0.0,0.0,,,,,,,,,,,,,,,,,,,,,,
2026,2021038739,2026-04-19,1500100.0,川越 誠司,44.0,打,4,1.0,0.0,1.0,1.0,0.0,0.0,0.0,0.0,0.0,0.0,0.0,,0.0,1.0,0.0,0.0,0.0,0.0,,,,,,,,,,,,,,,,,,,,,,
2026,2021038739,2026-04-19,1600033.0,ドリス,98.0,投,5,1.0,0.0,0.0,0.0,0.0,0.0,0.0,0.0,0.0,0.0,0.0,,0.0,0.0,0.0,0.0,0.0,0.0,7.0,1.0,0.0,0.0,0.0,1.0,1.0,1.0,,,2.0,1.0,0.0,0.0,0.0,,0.0,2.0,0.0,,4.0,13.0
2026,2021038739,2026-04-19,1600085.0,細川 成也,55.0,左,4,1.0,1.0,5.0,4.0,1.0,1.0,0.0,0.0,0.0,0.0,0.0,,1.0,3.0,0.0,0.0,0.0,0.0,,,,,,,,,,,,,,,,,,,,,,
2026,2021038739,2026-04-19,1600110.0,藤嶋 健人,54.0,投,4,1.0,0.0,0.0,0.0,0.0,0.0,0.0,0.0,0.0,0.0,0.0,,0.0,0.0,0.0,0.0,0.0,0.0,3.0,1.0,0.0,0.0,1.0,6.23,0.3333333333333333,0.1,,,0.0,0.0,0.0,0.0,0.0,,0.0,0.0,0.0,,1.0,5.0
2026,2021038739,2026-04-19,1600113.0,大山 悠輔,3.0,一,5,1.0,1.0,4.0,4.0,0.0,1.0,0.0,0.0,0.0,2.0,0.0,,0.0,2.0,0.0,0.0,0.0,0.0,,,,,,,,,,,,,,,,,,,,,,
2026,2021038739,2026-04-19,1660558.0,メヒア,91.0,投,4,1.0,0.0,0.0,0.0,0.0,0.0,0.0,0.0,0.0,0.0,0.0,,0.0,0.0,0.0,0.0,0.0,0.0,5.0,1.0,0.0,0.0,0.0,2.35,1.0,1.0,,,0.0,1.0,0.0,0.0,0.0,,0.0,0.0,0.0,,3.0,12.0
2026,2021038739,2026-04-19,1750223.0,村松 開人,5.0,遊,4,1.0,1.0,4.0,3.0,1.0,1.0,1.0,0.0,0.0,1.0,0.0,,1.0,0.0,0.0,0.0,0.0,0.0,,,,,,,,,,,,,,,,,,,,,,
2026,2021038739,2026-04-19,1750701.0,田中 幹也,2.0,二,4,1.0,1.0,4.0,4.0,0.0,1.0,1.0,0.0,0.0,0.0,0.0,,0.0,0.0,0.0,0.0,0.0,0.0,,,,,,,,,,,,,,,,,,,,,,
2026,2021038739,2026-04-19,1800036.0,濱田 太貴,32.0,打,5,1.0,0.0,1.0,1.0,0.0,0.0,0.0,0.0,0.0,0.0,0.0,,0.0,1.0,0.0,0.0,0.0,0.0,,,,,,,,,,,,,,,,,,,,,,
2026,2021038739,2026-04-19,1800059.0,根尾 昂,30.0,投,4,1.0,0.0,0.0,0.0,0.0,0.0,0.0,0.0,0.0,0.0,0.0,,0.0,0.0,0.0,0.0,0.0,0.0,4.0,1.0,0.0,1.0,1.0,2.45,1.0,1.0,,,0.0,1.0,1.0,1.0,1.0,,0.0,3.0,0.0,,4.0,21.0
2026,2021038739,2026-04-19,1800065.0,近本 光司,5.0,中,5,1.0,1.0,5.0,4.0,2.0,2.0,0.0,0.0,0.0,1.0,0.0,,1.0,0.0,0.0,0.0,0.0,0.0,,,,,,,,,,,,,,,,,,,,,,
2026,2021038739,2026-04-19,1800066.0,小幡 竜平,38.0,遊,5,1.0,0.0,0.0,0.0,0.0,0.0,0.0,0.0,0.0,0.0,0.0,,0.0,0.0,0.0,0.0,0.0,0.0,,,,,,,,,,,,,,,,,,,,,,
2026,2021038739,2026-04-19,1800067.0,木浪 聖也,0.0,遊,5,1.0,1.0,4.0,3.0,1.0,0.0,0.0,0.0,0.0,0.0,0.0,,1.0,1.0,0.0,0.0,0.0,0.0,,,,,,,,,,,,,,,,,,,,,,
2026,2021038739,2026-04-19,1800070.0,湯浅 京己,65.0,投,5,1.0,0.0,0.0,0.0,0.0,0.0,0.0,0.0,0.0,0.0,0.0,,0.0,0.0,0.0,0.0,0.0,0.0,4.0,1.0,0.0,3.0,0.0,2.7,1.0,1.0,,,0.0,0.0,0.0,0.0,0.0,,0.0,1.0,0.0,,3.0,12.0
2026,2021038739,2026-04-19,1850183.0,森下 翔太,1.0,右,5,1.0,1.0,4.0,2.0,1.0,1.0,1.0,0.0,0.0,1.0,0.0,,1.0,0.0,1.0,0.0,0.0,0.0,,,,,,,,,,,,,,,,,,,,,,
2026,2021038739,2026-04-19,1850363.0,伊原 陵人,18.0,投,5,1.0,1.0,0.0,0.0,0.0,0.0,0.0,0.0,0.0,0.0,0.0,,0.0,0.0,0.0,0.0,0.0,0.0,1.0,1.0,,2.0,0.0,4.38,1.3333333333333333,1.1,,,0.0,5.0,4.0,4.0,1.0,,3.0,2.0,1.0,,13.0,53.0
2026,2021038739,2026-04-19,1950996.0,前川 右京,58.0,左,5,1.0,1.0,3.0,3.0,0.0,1.0,0.0,0.0,0.0,0.0,0.0,,0.0,2.0,0.0,0.0,0.0,0.0,,,,,,,,,,,,,,,,,,,,,,
2026,2021038739,2026-04-19,1961300.0,ボスラー,24.0,三,4,1.0,1.0,5.0,4.0,1.0,2.0,1.0,0.0,0.0,0.0,0.0,,0.0,2.0,1.0,0.0,0.0,0.0,,,,,,,,,,,,,,,,,,,,,,
2026,2021038739,2026-04-19,2000042.0,高橋 宏斗,19.0,投,4,1.0,1.0,3.0,3.0,0.0,0.0,0.0,0.0,0.0,0.0,0.0,,0.0,2.0,0.0,0.0,0.0,0.0,1.0,1.0,,0.0,3.0,4.44,5.333333333333333,5.1,,,0.0,6.0,6.0,6.0,0.0,,4.0,3.0,1.0,,26.0,86.0
2026,2021038739,2026-04-19,2000051.0,佐藤 輝明,8.0,三,5,1.0,1.0,4.0,2.0,2.0,2.0,0.0,1.0,1.0,3.0,0.0,,1.0,0.0,0.0,0.0,1.0,1.0,,,,,,,,,,,,,,,,,,,,,,
2026,2021038739,2026-04-19,2000056.0,中野 拓夢,7.0,二,5,1.0,1.0,4.0,3.0,0.0,1.0,0.0,0.0,0.0,0.0,0.0,,0.0,0.0,0.0,1.0,0.0,0.0,,,,,,,,,,,,,,,,,,,,,,
2026,2021038739,2026-04-19,2103707.0,桐敷 拓馬,47.0,投,5,1.0,0.0,0.0,0.0,0.0,0.0,0.0,0.0,0.0,0.0,0.0,,0.0,0.0,0.0,0.0,0.0,0.0,6.0,1.0,0.0,0.0,1.0,2.16,1.0,1.0,,,1.0,0.0,0.0,0.0,0.0,,0.0,1.0,0.0,,4.0,14.0
2026,2021038739,2026-04-19,2103840.0,ブライト 健太,42.0,打,4,1.0,0.0,1.0,1.0,0.0,0.0,0.0,0.0,0.0,0.0,0.0,,0.0,0.0,0.0,0.0,0.0,0.0,,,,,,,,,,,,,,,,,,,,,,
2026,2021038739,2026-04-19,2103845.0,鵜飼 航丞,66.0,右,4,1.0,1.0,4.0,3.0,0.0,0.0,0.0,0.0,0.0,0.0,0.0,,1.0,1.0,0.0,0.0,0.0,0.0,,,,,,,,,,,,,,,,,,,,,,
2026,2021038739,2026-04-19,2105102.0,石伊 雄太,9.0,捕,4,1.0,1.0,5.0,5.0,1.0,1.0,0.0,0.0,1.0,2.0,0.0,,0.0,2.0,0.0,0.0,0.0,0.0,,,,,,,,,,,,,,,,,,,,,,
2026,2021038739,2026-04-19,2106233.0,石黒 佑弥,63.0,投,5,1.0,0.0,1.0,1.0,0.0,0.0,0.0,0.0,0.0,0.0,0.0,,0.0,0.0,0.0,0.0,0.0,0.0,2.0,1.0,0.0,0.0,0.0,2.45,1.6666666666666663,1.2,,,0.0,2.0,1.0,1.0,0.0,,0.0,1.0,0.0,,7.0,29.0
2026,2021038739,2026-04-19,2108105.0,モレッタ,99.0,投,5,1.0,0.0,0.0,0.0,0.0,0.0,0.0,0.0,0.0,0.0,0.0,,0.0,0.0,0.0,0.0,0.0,0.0,5.0,1.0,0.0,2.0,0.0,0.9,1.0,1.0,,,0.0,0.0,0.0,0.0,0.0,,0.0,3.0,0.0,,4.0,19.0
2026,2021038739,2026-04-19,2110225.0,福島 圭音,92.0,打左,5,1.0,0.0,3.0,3.0,1.0,2.0,0.0,0.0,0.0,0.0,0.0,,0.0,0.0,0.0,0.0,0.0,0.0,,,,,,,,,,,,,,,,,,,,,,
2026,2021038739,2026-04-19,2112146.0,工藤 泰成,49.0,投,5,1.0,0.0,0.0,0.0,0.0,0.0,0.0,0.0,0.0,0.0,0.0,,0.0,0.0,0.0,0.0,0.0,0.0,3.0,1.0,0.0,0.0,0.0,0.0,2.0,2.0,,,0.0,1.0,0.0,0.0,0.0,,0.0,3.0,0.0,,7.0,38.0
2026,2021038740,2026-04-19,1000150.0,秋山 翔吾,9.0,左,6,1.0,1.0,4.0,4.0,0.0,1.0,0.0,0.0,0.0,0.0,0.0,,0.0,0.0,0.0,0.0,0.0,0.0,,,,,,,,,,,,,,,,,,,,,,
2026,2021038740,2026-04-19,1200053.0,宮崎 敏郎,51.0,三,3,1.0,1.0,4.0,4.0,0.0,0.0,0.0,0.0,0.0,0.0,0.0,,0.0,1.0,0.0,0.0,0.0,0.0,,,,,,,,,,,,,,,,,,,,,,
2026,2021038740,2026-04-19,1400109.0,山崎 康晃,19.0,投,3,1.0,0.0,0.0,0.0,0.0,0.0,0.0,0.0,0.0,0.0,0.0,,0.0,0.0,0.0,0.0,0.0,0.0,4.0,1.0,0.0,0.0,0.0,1.5,1.0,1.0,,,5.0,1.0,0.0,0.0,0.0,,0.0,1.0,0.0,,4.0,22.0
2026,2021038740,2026-04-19,1500063.0,柴田 竜拓,31.0,三,3,1.0,0.0,0.0,0.0,0.0,0.0,0.0,0.0,0.0,0.0,0.0,,0.0,0.0,0.0,0.0,0.0,0.0,,,,,,,,,,,,,,,,,,,,,,
2026,2021038740,2026-04-19,1600089.0,佐野 恵太,7.0,一,3,1.0,1.0,4.0,3.0,0.0,1.0,0.0,0.0,0.0,0.0,0.0,,1.0,1.0,0.0,0.0,0.0,0.0,,,,,,,,,,,,,,,,,,,,,,
2026,2021038740,2026-04-19,1600123.0,床田 寛樹,19.0,投,6,1.0,1.0,3.0,3.0,0.0,0.0,0.0,0.0,0.0,0.0,0.0,,0.0,1.0,0.0,0.0,0.0,0.0,1.0,1.0,,0.0,2.0,3.51,8.0,8.0,,,0.0,6.0,2.0,2.0,0.0,,1.0,2.0,1.0,,31.0,105.0
2026,2021038740,2026-04-19,1600167.0,三森 大貴,26.0,走中,3,1.0,0.0,1.0,1.0,1.0,1.0,0.0,0.0,0.0,0.0,1.0,,0.0,0.0,0.0,0.0,0.0,0.0,,,,,,,,,,,,,,,,,,,,,,
2026,2021038740,2026-04-19,1700059.0,神里 和毅,8.0,左,3,1.0,0.0,0.0,0.0,0.0,0.0,0.0,0.0,0.0,0.0,0.0,,0.0,0.0,0.0,0.0,0.0,0.0,,,,,,,,,,,,,,,,,,,,,,
2026,2021038740,2026-04-19,1700066.0,山本 祐大,50.0,捕,3,1.0,1.0,4.0,4.0,0.0,1.0,0.0,0.0,0.0,0.0,0.0,,0.0,0.0,0.0,0.0,0.0,0.0,,,,,,,,,,,,,,,,,,,,,,
2026,2021038740,2026-04-19,1800046.0,勝又 温史,28.0,左,3,1.0,1.0,3.0,3.0,1.0,2.0,1.0,0.0,0.0,0.0,0.0,,0.0,0.0,0.0,0.0,0.0,0.0,,,,,,,,,,,,,,,,,,,,,,
2026,2021038740,2026-04-19,1800072.0,小園 海斗,5.0,遊,6,1.0,1.0,4.0,4.0,0.0,1.0,0.0,0.0,0.0,0.0,0.0,,0.0,1.0,0.0,0.0,0.0,0.0,,,,,,,,,,,,,,,,,,,,,,
2026,2021038740,2026-04-19,1800079.0,大盛 穂,59.0,中,6,1.0,1.0,4.0,4.0,0.0,0.0,0.0,0.0,0.0,0.0,0.0,,0.0,2.0,0.0,0.0,0.0,0.0,,,,,,,,,,,,,,,,,,,,,,
2026,2021038740,2026-04-19,1900032.0,伊勢 大夢,13.0,投,3,1.0,0.0,0.0,0.0,0.0,0.0,0.0,0.0,0.0,0.0,0.0,,0.0,0.0,0.0,0.0,0.0,0.0,2.0,1.0,0.0,0.0,0.0,1.69,1.0,1.0,,,0.0,2.0,0.0,0.0,0.0,,0.0,1.0,0.0,,5.0,20.0
2026,2021038740,2026-04-19,1900035.0,蝦名 達夫,61.0,中右,3,1.0,1.0,4.0,4.0,0.0,0.0,0.0,0.0,0.0,0.0,0.0,,0.0,0.0,0.0,0.0,0.0,0.0,,,,,,,,,,,,,,,,,,,,,,
2026,2021038740,2026-04-19,1900058.0,持丸 泰輝,57.0,捕,6,1.0,1.0,3.0,3.0,0.0,1.0,0.0,0.0,0.0,0.0,0.0,,0.0,1.0,0.0,0.0,0.0,0.0,,,,,,,,,,,,,,,,,,,,,,
2026,2021038740,2026-04-19,1950429.0,高 太一,22.0,投,6,1.0,0.0,0.0,0.0,0.0,0.0,0.0,0.0,0.0,0.0,0.0,,0.0,0.0,0.0,0.0,0.0,0.0,2.0,1.0,0.0,0.0,0.0,0.0,1.0,1.0,,,0.0,1.0,0.0,0.0,0.0,,0.0,0.0,0.0,,3.0,19.0
2026,2021038740,2026-04-19,1961927.0,モンテロ,95.0,一,6,1.0,1.0,4.0,3.0,0.0,0.0,0.0,0.0,0.0,0.0,0.0,,1.0,1.0,0.0,0.0,0.0,0.0,,,,,,,,,,,,,,,,,,,,,,
2026,2021038740,2026-04-19,2000035.0,牧 秀悟,2.0,二,3,1.0,1.0,4.0,3.0,0.0,1.0,0.0,0.0,0.0,0.0,0.0,,0.0,0.0,1.0,0.0,0.0,0.0,,,,,,,,,,,,,,,,,,,,,,
2026,2021038740,2026-04-19,2050203.0,佐々木 泰,10.0,三,6,1.0,1.0,4.0,4.0,0.0,0.0,0.0,0.0,0.0,0.0,0.0,,0.0,1.0,0.0,0.0,0.0,0.0,,,,,,,,,,,,,,,,,,,,,,
2026,2021038740,2026-04-19,2100014.0,宮下 朝陽,34.0,遊,3,1.0,1.0,4.0,4.0,0.0,0.0,0.0,0.0,0.0,0.0,0.0,,0.0,0.0,0.0,0.0,0.0,0.0,,,,,,,,,,,,,,,,,,,,,,
2026,2021038740,2026-04-19,2100277.0,松尾 汐恩,5.0,打,3,1.0,0.0,1.0,1.0,0.0,0.0,0.0,0.0,0.0,0.0,0.0,,0.0,0.0,0.0,0.0,0.0,0.0,,,,,,,,,,,,,,,,,,,,,,
2026,2021038740,2026-04-19,2101034.0,ヒュンメル,99.0,右,3,1.0,1.0,3.0,2.0,0.0,1.0,0.0,0.0,0.0,1.0,0.0,,0.0,0.0,0.0,0.0,1.0,0.0,,,,,,,,,,,,,,,,,,,,,,
2026,2021038740,2026-04-19,2110164.0,平川 蓮,51.0,右,6,1.0,1.0,4.0,4.0,0.0,2.0,0.0,0.0,0.0,0.0,0.0,,0.0,0.0,0.0,0.0,0.0,0.0,,,,,,,,,,,,,,,,,,,,,,
2026,2021038740,2026-04-19,2110422.0,勝田 成,0.0,二,6,1.0,1.0,4.0,4.0,0.0,3.0,0.0,0.0,0.0,0.0,1.0,,0.0,0.0,0.0,0.0,0.0,0.0,,,,,,,,,,,,,,,,,,,,,,
2026,2021038740,2026-04-19,2112182.0,石田 裕太郎,54.0,投,3,1.0,1.0,2.0,0.0,0.0,0.0,0.0,0.0,0.0,0.0,0.0,,0.0,0.0,0.0,2.0,0.0,0.0,1.0,1.0,,1.0,2.0,2.92,6.0,6.0,,,0.0,5.0,0.0,0.0,0.0,,1.0,4.0,0.0,,23.0,84.0
2026,2021038740,2026-04-19,2114882.0,ファビアン,61.0,打,6,1.0,0.0,1.0,1.0,0.0,0.0,0.0,0.0,0.0,0.0,0.0,,0.0,1.0,0.0,0.0,0.0,0.0,,,,,,,,,,,,,,,,,,,,,,
2026,2021038740,2026-04-19,2117433.0,レイノルズ,62.0,投,3,1.0,0.0,0.0,0.0,0.0,0.0,0.0,0.0,0.0,0.0,0.0,,0.0,0.0,0.0,0.0,0.0,0.0,3.0,1.0,0.0,0.0,0.0,1.0,1.0,1.0,,,0.0,0.0,0.0,0.0,0.0,,0.0,2.0,0.0,,3.0,16.0
2026,2021038741,2026-04-19,1000100.0,西川 遥輝,7.0,一中,8,1.0,1.0,4.0,2.0,0.0,0.0,0.0,0.0,0.0,0.0,0.0,,2.0,0.0,0.0,0.0,0.0,1.0,,,,,,,,,,,,,,,,,,,,,,
2026,2021038741,2026-04-19,1100061.0,桑原 将志,7.0,左,7,1.0,1.0,5.0,4.0,1.0,1.0,0.0,0.0,0.0,1.0,0.0,,1.0,0.0,0.0,0.0,0.0,0.0,,,,,,,,,,,,,,,,,,,,,,
2026,2021038741,2026-04-19,1300061.0,中村 祐太,58.0,,7,,,,,,,,,,,,,,,,,,,6.0,1.0,0.0,0.0,0.0,1.29,1.0,1.0,,,0.0,0.0,0.0,0.0,0.0,,0.0,0.0,0.0,,3.0,7.0
2026,2021038741,2026-04-19,1400117.0,有原 航平,74.0,,8,,,,,,,,,,,,,,,,,,,1.0,1.0,,1.0,3.0,6.38,6.0,6.0,,,0.0,7.0,5.0,5.0,1.0,,2.0,0.0,0.0,,25.0,89.0
2026,2021038741,2026-04-19,1400118.0,清水 優心,10.0,打捕,8,1.0,0.0,2.0,2.0,0.0,0.0,0.0,0.0,0.0,0.0,0.0,,0.0,1.0,0.0,0.0,0.0,0.0,,,,,,,,,,,,,,,,,,,,,,
2026,2021038741,2026-04-19,1500109.0,上原 健太,20.0,,8,,,,,,,,,,,,,,,,,,,2.0,1.0,0.0,1.0,1.0,4.91,1.0,1.0,,,0.0,0.0,0.0,0.0,0.0,,1.0,1.0,0.0,,4.0,15.0
2026,2021038741,2026-04-19,1500117.0,平沢 大河,39.0,一,7,1.0,1.0,5.0,5.0,3.0,4.0,1.0,0.0,1.0,3.0,0.0,,0.0,0.0,0.0,0.0,0.0,0.0,,,,,,,,,,,,,,,,,,,,,,
2026,2021038741,2026-04-19,1600093.0,池田 隆英,52.0,,8,,,,,,,,,,,,,,,,,,,4.0,1.0,0.0,0.0,0.0,7.94,1.6666666666666663,1.2,,,0.0,4.0,5.0,5.0,2.0,,1.0,2.0,0.0,,10.0,33.0
2026,2021038741,2026-04-19,1600129.0,源田 壮亮,6.0,遊,7,1.0,1.0,5.0,5.0,2.0,1.0,0.0,0.0,1.0,4.0,0.0,,0.0,1.0,0.0,0.0,0.0,0.0,,,,,,,,,,,,,,,,,,,,,,
2026,2021038741,2026-04-19,1660299.0,林 安可,73.0,右,7,1.0,1.0,4.0,4.0,0.0,0.0,0.0,0.0,0.0,0.0,0.0,,0.0,0.0,0.0,0.0,0.0,0.0,,,,,,,,,,,,,,,,,,,,,,
2026,2021038741,2026-04-19,1700025.0,清宮 幸太郎,21.0,左一,8,1.0,1.0,4.0,3.0,0.0,0.0,0.0,0.0,0.0,0.0,0.0,,1.0,1.0,0.0,0.0,0.0,1.0,,,,,,,,,,,,,,,,,,,,,,
2026,2021038741,2026-04-19,1700124.0,平良 海馬,61.0,,7,,,,,,,,,,,,,,,,,,,1.0,1.0,,2.0,0.0,0.6,6.0,6.0,,,0.0,4.0,2.0,2.0,1.0,,1.0,3.0,0.0,,23.0,85.0
2026,2021038741,2026-04-19,1750472.0,古賀 悠斗,22.0,捕,7,1.0,1.0,4.0,4.0,1.0,2.0,0.0,0.0,0.0,1.0,0.0,,0.0,0.0,0.0,0.0,0.0,0.0,,,,,,,,,,,,,,,,,,,,,,
2026,2021038741,2026-04-19,1750481.0,仲田 慶介,0.0,三,7,1.0,0.0,0.0,0.0,0.0,0.0,0.0,0.0,0.0,0.0,0.0,,0.0,0.0,0.0,0.0,0.0,0.0,,,,,,,,,,,,,,,,,,,,,,
2026,2021038741,2026-04-19,1800093.0,万波 中正,66.0,右,8,1.0,1.0,3.0,3.0,1.0,1.0,0.0,0.0,1.0,1.0,0.0,,0.0,0.0,0.0,0.0,0.0,0.0,,,,,,,,,,,,,,,,,,,,,,
2026,2021038741,2026-04-19,1800095.0,田宮 裕涼,64.0,捕,8,1.0,1.0,2.0,2.0,0.0,0.0,0.0,0.0,0.0,0.0,0.0,,0.0,1.0,0.0,0.0,0.0,0.0,,,,,,,,,,,,,,,,,,,,,,
2026,2021038741,2026-04-19,1800110.0,水谷 瞬,53.0,中左,8,1.0,1.0,4.0,4.0,1.0,1.0,1.0,0.0,0.0,1.0,0.0,,0.0,0.0,0.0,0.0,0.0,0.0,,,,,,,,,,,,,,,,,,,,,,
2026,2021038741,2026-04-19,1850932.0,奈良間 大己,58.0,二三,8,1.0,1.0,4.0,4.0,0.0,1.0,0.0,0.0,0.0,0.0,0.0,,0.0,1.0,0.0,0.0,0.0,1.0,,,,,,,,,,,,,,,,,,,,,,
2026,2021038741,2026-04-19,1851204.0,水野 達稀,43.0,遊,8,1.0,1.0,3.0,3.0,1.0,2.0,0.0,0.0,0.0,0.0,0.0,,0.0,0.0,0.0,0.0,0.0,0.0,,,,,,,,,,,,,,,,,,,,,,
2026,2021038741,2026-04-19,1860140.0,レイエス,99.0,指,8,1.0,1.0,4.0,4.0,0.0,1.0,0.0,0.0,0.0,1.0,0.0,,0.0,0.0,0.0,0.0,0.0,0.0,,,,,,,,,,,,,,,,,,,,,,
2026,2021038741,2026-04-19,1900040.0,郡司 裕也,3.0,三,8,1.0,1.0,3.0,3.0,0.0,0.0,0.0,0.0,0.0,0.0,0.0,,0.0,0.0,0.0,0.0,0.0,0.0,,,,,,,,,,,,,,,,,,,,,,
2026,2021038741,2026-04-19,1900062.0,浜屋 将太,90.0,,7,,,,,,,,,,,,,,,,,,,3.0,1.0,0.0,0.0,0.0,3.38,0.0,0.0,,,0.0,0.0,0.0,0.0,0.0,,1.0,0.0,0.0,,1.0,5.0
2026,2021038741,2026-04-19,1900065.0,柘植 世那,37.0,打捕,7,1.0,0.0,1.0,1.0,1.0,1.0,0.0,0.0,0.0,0.0,0.0,,0.0,0.0,0.0,0.0,0.0,0.0,,,,,,,,,,,,,,,,,,,,,,
2026,2021038741,2026-04-19,1900068.0,岸 潤一郎,68.0,走中,7,1.0,0.0,1.0,1.0,1.0,0.0,0.0,0.0,0.0,0.0,0.0,,0.0,1.0,0.0,0.0,0.0,0.0,,,,,,,,,,,,,,,,,,,,,,
2026,2021038741,2026-04-19,1950417.0,渡部 聖弥,8.0,指,7,1.0,1.0,5.0,5.0,1.0,1.0,0.0,0.0,1.0,3.0,0.0,,0.0,1.0,0.0,0.0,0.0,0.0,,,,,,,,,,,,,,,,,,,,,,
2026,2021038741,2026-04-19,2000069.0,山村 崇嘉,32.0,三,7,1.0,1.0,5.0,5.0,1.0,1.0,0.0,0.0,0.0,0.0,0.0,,0.0,0.0,0.0,0.0,0.0,0.0,,,,,,,,,,,,,,,,,,,,,,
2026,2021038741,2026-04-19,2000075.0,長谷川 信哉,63.0,中右,7,1.0,1.0,5.0,3.0,2.0,0.0,0.0,0.0,0.0,1.0,0.0,,1.0,0.0,0.0,1.0,0.0,0.0,,,,,,,,,,,,,,,,,,,,,,
2026,2021038741,2026-04-19,2000080.0,五十幡 亮汰,50.0,打右,8,1.0,0.0,1.0,1.0,0.0,0.0,0.0,0.0,0.0,0.0,0.0,,0.0,0.0,0.0,0.0,0.0,0.0,,,,,,,,,,,,,,,,,,,,,,
2026,2021038741,2026-04-19,2050143.0,大塚 瑠晏,49.0,打二,8,1.0,0.0,1.0,0.0,0.0,0.0,0.0,0.0,0.0,0.0,0.0,,1.0,0.0,0.0,0.0,0.0,0.0,,,,,,,,,,,,,,,,,,,,,,
2026,2021038741,2026-04-19,2100085.0,大川 慈英,27.0,,8,,,,,,,,,,,,,,,,,,,3.0,1.0,0.0,0.0,0.0,54.0,0.3333333333333333,0.1,,,0.0,2.0,5.0,2.0,0.0,,0.0,0.0,0.0,,6.0,23.0
2026,2021038741,2026-04-19,2103612.0,黒田 将矢,57.0,,7,,,,,,,,,,,,,,,,,,,5.0,1.0,0.0,0.0,0.0,0.0,1.0,1.0,,,0.0,0.0,0.0,0.0,0.0,,1.0,0.0,0.0,,4.0,11.0
2026,2021038741,2026-04-19,2103618.0,滝澤 夏央,62.0,二,7,1.0,1.0,5.0,3.0,2.0,2.0,0.0,0.0,0.0,1.0,0.0,,2.0,0.0,0.0,0.0,0.0,0.0,,,,,,,,,,,,,,,,,,,,,,
2026,2021038741,2026-04-19,2105503.0,糸川 亮太,23.0,,7,,,,,,,,,,,,,,,,,,,4.0,1.0,0.0,0.0,0.0,4.76,0.3333333333333333,0.1,,,0.0,0.0,0.0,0.0,0.0,,0.0,0.0,0.0,,1.0,1.0
2026,2021038741,2026-04-19,2107897.0,茶野 篤政,31.0,左,7,1.0,0.0,0.0,0.0,0.0,0.0,0.0,0.0,0.0,0.0,0.0,,0.0,0.0,0.0,0.0,0.0,0.0,,,,,,,,,,,,,,,,,,,,,,
2026,2021038741,2026-04-19,2107900.0,吉田 賢吾,60.0,左,8,1.0,0.0,1.0,1.0,0.0,0.0,0.0,0.0,0.0,0.0,0.0,,0.0,0.0,0.0,0.0,0.0,0.0,,,,,,,,,,,,,,,,,,,,,,
2026,2021038741,2026-04-19,2114529.0,山縣 秀,54.0,打遊,8,1.0,0.0,1.0,1.0,0.0,0.0,0.0,0.0,0.0,0.0,0.0,,0.0,0.0,0.0,0.0,0.0,0.0,,,,,,,,,,,,,,,,,,,,,,
2026,2021038741,2026-04-19,2117734.0,篠原 響,52.0,,7,,,,,,,,,,,,,,,,,,,2.0,1.0,0.0,0.0,1.0,2.7,0.6666666666666666,0.2,,,0.0,2.0,1.0,1.0,0.0,,1.0,1.0,0.0,,5.0,19.0
2026,2021038742,2026-04-19,900056.0,浅村 栄斗,3.0,指,376,1.0,1.0,3.0,2.0,0.0,0.0,0.0,0.0,0.0,0.0,0.0,,1.0,0.0,0.0,0.0,0.0,0.0,,,,,,,,,,,,,,,,,,,,,,
2026,2021038742,2026-04-19,1100096.0,石川 慎吾,23.0,指,9,1.0,1.0,5.0,4.0,1.0,0.0,0.0,0.0,0.0,1.0,0.0,,1.0,3.0,0.0,0.0,0.0,0.0,,,,,,,,,,,,,,,,,,,,,,
2026,2021038742,2026-04-19,1200096.0,田村 龍弘,27.0,捕,9,1.0,1.0,2.0,2.0,0.0,0.0,0.0,0.0,0.0,0.0,0.0,,0.0,1.0,0.0,0.0,0.0,0.0,,,,,,,,,,,,,,,,,,,,,,
2026,2021038742,2026-04-19,1300076.0,加治屋 蓮,41.0,,376,,,,,,,,,,,,,,,,,,,5.0,1.0,0.0,2.0,0.0,1.29,1.0,1.0,,,0.0,1.0,0.0,0.0,0.0,,2.0,3.0,0.0,,6.0,24.0
2026,2021038742,2026-04-19,1500102.0,愛斗,50.0,中,9,1.0,1.0,3.0,3.0,0.0,0.0,0.0,0.0,0.0,0.0,0.0,,0.0,0.0,0.0,0.0,0.0,0.0,,,,,,,,,,,,,,,,,,,,,,
2026,2021038742,2026-04-19,1600007.0,村林 一輝,6.0,遊,376,1.0,1.0,4.0,4.0,0.0,2.0,0.0,0.0,0.0,1.0,0.0,,0.0,0.0,0.0,0.0,0.0,0.0,,,,,,,,,,,,,,,,,,,,,,
2026,2021038742,2026-04-19,1600012.0,宋 家豪,43.0,,376,,,,,,,,,,,,,,,,,,,4.0,1.0,0.0,2.0,0.0,1.23,0.6666666666666666,0.2,,,0.0,2.0,0.0,0.0,0.0,,0.0,1.0,0.0,,4.0,18.0
2026,2021038742,2026-04-19,1600157.0,澤田 圭佑,54.0,,9,,,,,,,,,,,,,,,,,,,4.0,1.0,0.0,1.0,1.0,1.0,1.0,1.0,,,0.0,1.0,0.0,0.0,0.0,,0.0,2.0,0.0,,4.0,15.0
2026,2021038742,2026-04-19,1700020.0,ソト,99.0,一,9,1.0,1.0,4.0,4.0,0.0,0.0,0.0,0.0,0.0,0.0,0.0,,0.0,0.0,0.0,0.0,0.0,0.0,,,,,,,,,,,,,,,,,,,,,,
2026,2021038742,2026-04-19,1700093.0,藤岡 裕大,7.0,打,9,1.0,0.0,1.0,1.0,0.0,0.0,0.0,0.0,0.0,0.0,0.0,,0.0,1.0,0.0,0.0,0.0,0.0,,,,,,,,,,,,,,,,,,,,,,
2026,2021038742,2026-04-19,1800044.0,伊藤 裕季也,39.0,一,376,1.0,1.0,4.0,3.0,2.0,1.0,1.0,0.0,0.0,0.0,0.0,,1.0,1.0,0.0,0.0,0.0,0.0,,,,,,,,,,,,,,,,,,,,,,
2026,2021038742,2026-04-19,1800050.0,藤原 恭大,1.0,右中,9,1.0,1.0,5.0,4.0,1.0,2.0,1.0,0.0,0.0,2.0,0.0,,1.0,1.0,0.0,0.0,0.0,0.0,,,,,,,,,,,,,,,,,,,,,,
2026,2021038742,2026-04-19,1800117.0,辰己 涼介,8.0,中,376,1.0,1.0,5.0,4.0,0.0,0.0,0.0,0.0,0.0,0.0,0.0,,1.0,0.0,0.0,0.0,0.0,0.0,,,,,,,,,,,,,,,,,,,,,,
2026,2021038742,2026-04-19,1800118.0,太田 光,2.0,捕,376,1.0,1.0,4.0,2.0,1.0,0.0,0.0,0.0,0.0,0.0,0.0,,1.0,0.0,0.0,1.0,0.0,0.0,,,,,,,,,,,,,,,,,,,,,,
2026,2021038742,2026-04-19,1800123.0,小郷 裕哉,51.0,右,376,1.0,1.0,4.0,4.0,0.0,4.0,0.0,0.0,0.0,2.0,0.0,,0.0,0.0,0.0,0.0,0.0,0.0,,,,,,,,,,,,,,,,,,,,,,
2026,2021038742,2026-04-19,1800124.0,鈴木 翔天,56.0,,376,,,,,,,,,,,,,,,,,,,2.0,1.0,0.0,0.0,0.0,2.57,0.3333333333333333,0.1,,,0.0,3.0,3.0,2.0,0.0,,0.0,0.0,0.0,,4.0,14.0
2026,2021038742,2026-04-19,1900081.0,佐藤 都志也,32.0,捕,9,1.0,0.0,0.0,0.0,0.0,0.0,0.0,0.0,0.0,0.0,0.0,,0.0,0.0,0.0,0.0,0.0,0.0,,,,,,,,,,,,,,,,,,,,,,
2026,2021038742,2026-04-19,1900083.0,横山 陸人,15.0,,9,,,,,,,,,,,,,,,,,,,5.0,1.0,0.0,0.0,0.0,0.0,1.0,1.0,,,5.0,1.0,0.0,0.0,0.0,,0.0,0.0,0.0,,4.0,14.0
2026,2021038742,2026-04-19,1900112.0,小深田 大翔,0.0,二,376,1.0,1.0,5.0,5.0,0.0,1.0,0.0,0.0,0.0,0.0,0.0,,0.0,0.0,0.0,0.0,0.0,0.0,,,,,,,,,,,,,,,,,,,,,,
2026,2021038742,2026-04-19,1900113.0,黒川 史陽,24.0,三,376,1.0,1.0,4.0,4.0,0.0,0.0,0.0,0.0,0.0,0.0,0.0,,0.0,2.0,0.0,0.0,0.0,0.0,,,,,,,,,,,,,,,,,,,,,,
2026,2021038742,2026-04-19,1950278.0,中島 大輔,32.0,左,376,1.0,1.0,5.0,5.0,1.0,1.0,1.0,0.0,0.0,2.0,1.0,,0.0,0.0,0.0,0.0,0.0,0.0,,,,,,,,,,,,,,,,,,,,,,
2026,2021038742,2026-04-19,1950286.0,西川 史礁,6.0,左,9,1.0,1.0,5.0,3.0,1.0,1.0,0.0,0.0,0.0,1.0,0.0,,2.0,1.0,0.0,0.0,0.0,0.0,,,,,,,,,,,,,,,,,,,,,,
2026,2021038742,2026-04-19,2000089.0,小川 龍成,57.0,二,9,1.0,1.0,4.0,4.0,2.0,3.0,0.0,0.0,0.0,0.0,1.0,,0.0,0.0,0.0,0.0,0.0,0.0,,,,,,,,,,,,,,,,,,,,,,
2026,2021038742,2026-04-19,2000094.0,山本 大斗,61.0,打右,9,1.0,0.0,2.0,2.0,0.0,0.0,0.0,0.0,0.0,0.0,0.0,,0.0,0.0,0.0,0.0,0.0,0.0,,,,,,,,,,,,,,,,,,,,,,
2026,2021038742,2026-04-19,2000121.0,早川 隆久,21.0,,376,,,,,,,,,,,,,,,,,,,1.0,1.0,,1.0,0.0,1.93,7.0,7.0,,,0.0,3.0,2.0,2.0,0.0,,1.0,7.0,0.0,,24.0,103.0
2026,2021038742,2026-04-19,2101204.0,ロング,73.0,,9,,,,,,,,,,,,,,,,,,,2.0,1.0,0.0,0.0,1.0,1.17,0.3333333333333333,0.1,,,0.0,2.0,0.0,0.0,0.0,,0.0,0.0,0.0,,2.0,9.0
2026,2021038742,2026-04-19,2102926.0,寺地 隆成,65.0,三,9,1.0,1.0,5.0,5.0,0.0,1.0,0.0,0.0,0.0,1.0,0.0,,0.0,3.0,0.0,0.0,0.0,0.0,,,,,,,,,,,,,,,,,,,,,,
2026,2021038742,2026-04-19,2105283.0,平良 竜哉,48.0,走指,376,1.0,0.0,1.0,1.0,1.0,0.0,0.0,0.0,0.0,0.0,1.0,,0.0,1.0,0.0,0.0,0.0,0.0,,,,,,,,,,,,,,,,,,,,,,
2026,2021038742,2026-04-19,2105534.0,高野 脩汰,34.0,,9,,,,,,,,,,,,,,,,,,,3.0,1.0,0.0,1.0,2.0,8.59,1.0,1.0,,,0.0,0.0,0.0,0.0,0.0,,0.0,1.0,0.0,,3.0,12.0
2026,2021038742,2026-04-19,2106798.0,友杉 篤輝,4.0,遊,9,1.0,1.0,4.0,3.0,2.0,2.0,0.0,0.0,0.0,2.0,0.0,,1.0,0.0,0.0,0.0,0.0,1.0,,,,,,,,,,,,,,,,,,,,,,
2026,2021038742,2026-04-19,2107899.0,田中 千晴,29.0,,376,,,,,,,,,,,,,,,,,,,3.0,1.0,0.0,0.0,1.0,2.16,0.0,0.0,,,1.0,0.0,3.0,1.0,0.0,,2.0,0.0,0.0,,3.0,11.0
2026,2021038742,2026-04-19,2114737.0,廣池 康志郎,64.0,,9,,,,,,,,,,,,,,,,,,,1.0,1.0,,0.0,0.0,2.0,5.666666666666667,5.2,,,0.0,5.0,5.0,4.0,0.0,,4.0,1.0,0.0,,26.0,87.0
2026,2021038742,2026-04-19,2117855.0,宮崎 竜成,44.0,走一,9,1.0,0.0,1.0,1.0,1.0,0.0,0.0,0.0,0.0,0.0,0.0,,0.0,1.0,0.0,0.0,0.0,0.0,,,,,,,,,,,,,,,,,,,,,,
2026,2021038743,2026-04-19,1000128.0,柳田 悠岐,9.0,指,12,1.0,1.0,4.0,4.0,0.0,0.0,0.0,0.0,0.0,0.0,0.0,,0.0,0.0,0.0,0.0,0.0,0.0,,,,,,,,,,,,,,,,,,,,,,
2026,2021038743,2026-04-19,1000175.0,牧原 大成,8.0,二,12,1.0,1.0,3.0,3.0,0.0,1.0,0.0,0.0,0.0,0.0,0.0,,0.0,0.0,0.0,0.0,0.0,0.0,,,,,,,,,,,,,,,,,,,,,,
2026,2021038743,2026-04-19,1100097.0,近藤 健介,3.0,左,12,1.0,1.0,4.0,3.0,1.0,0.0,0.0,0.0,0.0,0.0,0.0,,1.0,1.0,0.0,0.0,0.0,0.0,,,,,,,,,,,,,,,,,,,,,,
2026,2021038743,2026-04-19,1300100.0,森 友哉,4.0,捕,11,1.0,1.0,3.0,3.0,1.0,1.0,0.0,0.0,1.0,1.0,0.0,,0.0,0.0,0.0,0.0,0.0,0.0,,,,,,,,,,,,,,,,,,,,,,
2026,2021038743,2026-04-19,1300101.0,山川 穂高,5.0,一,12,1.0,1.0,4.0,3.0,0.0,1.0,0.0,0.0,0.0,1.0,0.0,,1.0,1.0,0.0,0.0,0.0,0.0,,,,,,,,,,,,,,,,,,,,,,
2026,2021038743,2026-04-19,1400127.0,栗原 陵矢,24.0,三,12,1.0,1.0,4.0,4.0,0.0,1.0,0.0,0.0,0.0,0.0,0.0,,0.0,0.0,0.0,0.0,0.0,0.0,,,,,,,,,,,,,,,,,,,,,,
2026,2021038743,2026-04-19,1400196.0,宗 佑磨,6.0,三,11,1.0,1.0,4.0,4.0,1.0,2.0,0.0,0.0,0.0,0.0,0.0,,0.0,0.0,0.0,0.0,0.0,0.0,,,,,,,,,,,,,,,,,,,,,,
2026,2021038743,2026-04-19,1400201.0,西野 真弘,5.0,指,11,1.0,1.0,3.0,3.0,0.0,0.0,0.0,0.0,0.0,0.0,0.0,,0.0,1.0,0.0,0.0,0.0,0.0,,,,,,,,,,,,,,,,,,,,,,
2026,2021038743,2026-04-19,1500096.0,西川 龍馬,7.0,左,11,1.0,1.0,4.0,4.0,0.0,2.0,0.0,0.0,0.0,1.0,0.0,,0.0,1.0,0.0,0.0,0.0,0.0,,,,,,,,,,,,,,,,,,,,,,
2026,2021038743,2026-04-19,1500128.0,大城 滉二,10.0,二,11,1.0,1.0,3.0,3.0,0.0,1.0,0.0,0.0,0.0,0.0,0.0,,0.0,2.0,0.0,0.0,0.0,0.0,,,,,,,,,,,,,,,,,,,,,,
2026,2021038743,2026-04-19,1500143.0,川瀬 晃,0.0,遊,12,1.0,1.0,3.0,3.0,0.0,0.0,0.0,0.0,0.0,0.0,0.0,,0.0,2.0,0.0,0.0,0.0,0.0,,,,,,,,,,,,,,,,,,,,,,
2026,2021038743,2026-04-19,1600155.0,山崎 颯一郎,21.0,,11,,,,,,,,,,,,,,,,,,,2.0,1.0,0.0,1.0,1.0,2.79,1.0,1.0,,,0.0,0.0,0.0,0.0,0.0,,1.0,1.0,0.0,,4.0,15.0
2026,2021038743,2026-04-19,1650221.0,椋木 蓮,15.0,,11,,,,,,,,,,,,,,,,,,,3.0,1.0,0.0,1.0,0.0,0.0,1.0,1.0,,,1.0,0.0,0.0,0.0,0.0,,0.0,1.0,0.0,,3.0,16.0
2026,2021038743,2026-04-19,1700135.0,周東 佑京,23.0,中,12,1.0,1.0,4.0,4.0,0.0,1.0,0.0,0.0,0.0,0.0,1.0,,0.0,1.0,0.0,0.0,0.0,0.0,,,,,,,,,,,,,,,,,,,,,,
2026,2021038743,2026-04-19,1751068.0,野口 智哉,9.0,走二,11,1.0,0.0,0.0,0.0,0.0,0.0,0.0,0.0,0.0,0.0,0.0,,0.0,0.0,0.0,0.0,0.0,0.0,,,,,,,,,,,,,,,,,,,,,,
2026,2021038743,2026-04-19,1800098.0,太田 椋,1.0,一,11,1.0,1.0,4.0,4.0,0.0,1.0,0.0,0.0,0.0,0.0,0.0,,0.0,1.0,0.0,0.0,0.0,0.0,,,,,,,,,,,,,,,,,,,,,,
2026,2021038743,2026-04-19,1800104.0,中川 圭太,67.0,右左,11,1.0,1.0,4.0,4.0,0.0,0.0,0.0,0.0,0.0,0.0,0.0,,0.0,0.0,0.0,0.0,0.0,0.0,,,,,,,,,,,,,,,,,,,,,,
2026,2021038743,2026-04-19,1851115.0,木村 光,68.0,,12,,,,,,,,,,,,,,,,,,,2.0,1.0,0.0,0.0,0.0,0.0,0.6666666666666666,0.2,,,0.0,0.0,0.0,0.0,0.0,,0.0,1.0,0.0,,2.0,7.0
2026,2021038743,2026-04-19,1900088.0,紅林 弘太郎,24.0,遊,11,1.0,1.0,3.0,3.0,0.0,0.0,0.0,0.0,0.0,0.0,0.0,,0.0,1.0,0.0,0.0,0.0,0.0,,,,,,,,,,,,,,,,,,,,,,
2026,2021038743,2026-04-19,1900101.0,海野 隆司,62.0,捕,12,1.0,1.0,3.0,2.0,0.0,0.0,0.0,0.0,0.0,0.0,0.0,,1.0,1.0,0.0,0.0,0.0,0.0,,,,,,,,,,,,,,,,,,,,,,
2026,2021038743,2026-04-19,1900104.0,柳町 達,32.0,右,12,1.0,1.0,4.0,4.0,0.0,0.0,0.0,0.0,0.0,0.0,0.0,,0.0,1.0,0.0,0.0,0.0,0.0,,,,,,,,,,,,,,,,,,,,,,
2026,2021038743,2026-04-19,1961416.0,マチャド,42.0,,11,,,,,,,,,,,,,,,,,,,4.0,1.0,0.0,0.0,0.0,0.0,1.0,1.0,,,3.0,0.0,0.0,0.0,0.0,,1.0,0.0,0.0,,3.0,12.0
2026,2021038743,2026-04-19,2103747.0,渡部 遼人,0.0,中,11,1.0,1.0,4.0,3.0,0.0,0.0,0.0,0.0,0.0,0.0,0.0,,0.0,2.0,0.0,1.0,0.0,0.0,,,,,,,,,,,,,,,,,,,,,,
2026,2021038743,2026-04-19,2104035.0,野村 勇,99.0,走,12,1.0,0.0,0.0,0.0,0.0,0.0,0.0,0.0,0.0,0.0,0.0,,0.0,0.0,0.0,0.0,0.0,0.0,,,,,,,,,,,,,,,,,,,,,,
2026,2021038743,2026-04-19,2107909.0,松本 晴,49.0,,12,,,,,,,,,,,,,,,,,,,1.0,1.0,,2.0,1.0,3.75,8.333333333333334,8.1,,,0.0,7.0,2.0,2.0,1.0,,0.0,7.0,0.0,,30.0,85.0
2026,2021038743,2026-04-19,2108148.0,ジェリー,69.0,,11,,,,,,,,,,,,,,,,,,,1.0,1.0,,0.0,1.0,2.0,6.0,6.0,,,0.0,4.0,1.0,1.0,0.0,,1.0,5.0,0.0,,23.0,101.0
2026,2021038743,2026-04-19,2110153.0,麦谷 祐介,8.0,走右,11,1.0,0.0,0.0,0.0,0.0,0.0,0.0,0.0,0.0,0.0,0.0,,0.0,0.0,0.0,0.0,0.0,0.0,,,,,,,,,,,,,,,,,,,,,,
2026,2021038744,2026-04-21,700003.0,坂本 勇人,6.0,打,1,1.0,0.0,1.0,1.0,0.0,0.0,0.0,0.0,0.0,0.0,0.0,,0.0,0.0,0.0,0.0,0.0,0.0,,,,,,,,,,,,,,,,,,,,,,
2026,2021038744,2026-04-21,900410.0,大島 洋平,8.0,中,4,1.0,1.0,5.0,4.0,0.0,1.0,0.0,0.0,0.0,0.0,0.0,,1.0,1.0,0.0,0.0,0.0,0.0,,,,,,,,,,,,,,,,,,,,,,
2026,2021038744,2026-04-21,1100069.0,高橋 周平,3.0,三,4,1.0,1.0,4.0,4.0,0.0,1.0,0.0,0.0,0.0,0.0,0.0,,0.0,2.0,0.0,0.0,0.0,0.0,,,,,,,,,,,,,,,,,,,,,,
2026,2021038744,2026-04-21,1100095.0,松本 剛,9.0,中,1,1.0,1.0,4.0,4.0,0.0,0.0,0.0,0.0,0.0,0.0,0.0,,0.0,1.0,0.0,0.0,0.0,0.0,,,,,,,,,,,,,,,,,,,,,,
2026,2021038744,2026-04-21,1200117.0,則本 昂大,43.0,投,1,1.0,1.0,1.0,1.0,0.0,1.0,0.0,0.0,0.0,0.0,0.0,,0.0,0.0,0.0,0.0,0.0,0.0,1.0,1.0,,0.0,1.0,1.5,5.0,5.0,,,0.0,10.0,1.0,1.0,0.0,,1.0,4.0,0.0,,25.0,94.0
2026,2021038744,2026-04-21,1300027.0,小林 誠司,22.0,捕,1,1.0,0.0,0.0,0.0,0.0,0.0,0.0,0.0,0.0,0.0,0.0,,0.0,0.0,0.0,0.0,0.0,0.0,,,,,,,,,,,,,,,,,,,,,,
2026,2021038744,2026-04-21,1300094.0,杉浦 稔大,33.0,投,4,1.0,0.0,0.0,0.0,0.0,0.0,0.0,0.0,0.0,0.0,0.0,,0.0,0.0,0.0,0.0,0.0,0.0,3.0,1.0,0.0,0.0,1.0,10.8,1.0,1.0,,,0.0,0.0,0.0,0.0,0.0,,1.0,2.0,0.0,,5.0,18.0
2026,2021038744,2026-04-21,1500052.0,中川 皓太,41.0,投,1,1.0,0.0,0.0,0.0,0.0,0.0,0.0,0.0,0.0,0.0,0.0,,0.0,0.0,0.0,0.0,0.0,0.0,3.0,1.0,0.0,1.0,0.0,1.59,1.0,1.0,,,0.0,1.0,0.0,0.0,0.0,,0.0,2.0,0.0,,4.0,13.0
2026,2021038744,2026-04-21,1500091.0,板山 祐太郎,63.0,打,4,1.0,0.0,1.0,1.0,0.0,0.0,0.0,0.0,0.0,0.0,0.0,,0.0,0.0,0.0,0.0,0.0,0.0,,,,,,,,,,,,,,,,,,,,,,
2026,2021038744,2026-04-21,1561820.0,ダルベック,29.0,三,1,1.0,1.0,4.0,4.0,0.0,0.0,0.0,0.0,0.0,0.0,0.0,,0.0,1.0,0.0,0.0,0.0,0.0,,,,,,,,,,,,,,,,,,,,,,
2026,2021038744,2026-04-21,1600085.0,細川 成也,55.0,左,4,1.0,1.0,5.0,5.0,0.0,0.0,0.0,0.0,0.0,0.0,0.0,,0.0,3.0,0.0,0.0,0.0,0.0,,,,,,,,,,,,,,,,,,,,,,
2026,2021038744,2026-04-21,1700010.0,マルティネス,92.0,投,1,1.0,0.0,0.0,0.0,0.0,0.0,0.0,0.0,0.0,0.0,0.0,,0.0,0.0,0.0,0.0,0.0,0.0,5.0,1.0,0.0,0.0,1.0,4.26,1.0,1.0,,,6.0,0.0,0.0,0.0,0.0,,0.0,2.0,0.0,,3.0,21.0
2026,2021038744,2026-04-21,1700044.0,大城 卓三,24.0,捕,1,1.0,1.0,3.0,3.0,0.0,1.0,0.0,1.0,0.0,0.0,0.0,,0.0,0.0,0.0,0.0,0.0,0.0,,,,,,,,,,,,,,,,,,,,,,
2026,2021038744,2026-04-21,1750223.0,村松 開人,5.0,遊,4,1.0,1.0,4.0,3.0,0.0,0.0,0.0,0.0,0.0,0.0,0.0,,1.0,1.0,0.0,0.0,0.0,1.0,,,,,,,,,,,,,,,,,,,,,,
2026,2021038744,2026-04-21,1750701.0,田中 幹也,2.0,二,4,1.0,1.0,4.0,2.0,1.0,2.0,0.0,0.0,0.0,0.0,0.0,,0.0,0.0,1.0,1.0,0.0,0.0,,,,,,,,,,,,,,,,,,,,,,
2026,2021038744,2026-04-21,1800024.0,増田 陸,61.0,一,1,1.0,1.0,4.0,4.0,0.0,0.0,0.0,0.0,0.0,0.0,0.0,,0.0,1.0,0.0,0.0,0.0,0.0,,,,,,,,,,,,,,,,,,,,,,
2026,2021038744,2026-04-21,1951153.0,浦田 俊輔,32.0,二,1,1.0,1.0,3.0,3.0,0.0,1.0,0.0,0.0,0.0,0.0,0.0,,0.0,1.0,0.0,0.0,0.0,0.0,,,,,,,,,,,,,,,,,,,,,,
2026,2021038744,2026-04-21,1961300.0,ボスラー,24.0,一,4,1.0,1.0,5.0,5.0,0.0,1.0,0.0,0.0,0.0,0.0,0.0,,0.0,2.0,0.0,0.0,0.0,2.0,,,,,,,,,,,,,,,,,,,,,,
2026,2021038744,2026-04-21,2103689.0,赤星 優志,31.0,投,1,1.0,0.0,0.0,0.0,0.0,0.0,0.0,0.0,0.0,0.0,0.0,,0.0,0.0,0.0,0.0,0.0,0.0,2.0,1.0,0.0,2.0,0.0,1.08,1.0,1.0,,,0.0,0.0,0.0,0.0,0.0,,0.0,1.0,1.0,,4.0,13.0
2026,2021038744,2026-04-21,2103697.0,大勢,15.0,投,1,1.0,0.0,0.0,0.0,0.0,0.0,0.0,0.0,0.0,0.0,0.0,,0.0,0.0,0.0,0.0,0.0,0.0,4.0,1.0,0.0,1.0,0.0,1.08,1.0,1.0,,,2.0,0.0,0.0,0.0,0.0,,1.0,1.0,0.0,,4.0,14.0
2026,2021038744,2026-04-21,2103845.0,鵜飼 航丞,66.0,右,4,1.0,1.0,4.0,4.0,0.0,3.0,1.0,0.0,0.0,0.0,0.0,,0.0,0.0,0.0,0.0,0.0,0.0,,,,,,,,,,,,,,,,,,,,,,
2026,2021038744,2026-04-21,2105102.0,石伊 雄太,9.0,捕,4,1.0,1.0,5.0,5.0,0.0,2.0,0.0,0.0,0.0,1.0,0.0,,0.0,1.0,0.0,0.0,0.0,0.0,,,,,,,,,,,,,,,,,,,,,,
2026,2021038744,2026-04-21,2106178.0,佐々木 俊輔,44.0,打左,1,1.0,0.0,1.0,1.0,0.0,0.0,0.0,0.0,0.0,0.0,1.0,,0.0,0.0,0.0,0.0,0.0,0.0,,,,,,,,,,,,,,,,,,,,,,
2026,2021038744,2026-04-21,2107086.0,牧野 憲伸,68.0,投,4,1.0,0.0,0.0,0.0,0.0,0.0,0.0,0.0,0.0,0.0,0.0,,0.0,0.0,0.0,0.0,0.0,0.0,2.0,1.0,0.0,0.0,1.0,3.52,0.0,0.0,,,0.0,1.0,0.0,0.0,0.0,,0.0,0.0,0.0,,1.0,7.0
2026,2021038744,2026-04-21,2107764.0,宇都宮 葵星,68.0,走,1,1.0,0.0,0.0,0.0,1.0,0.0,0.0,0.0,0.0,0.0,0.0,,0.0,0.0,0.0,0.0,0.0,0.0,,,,,,,,,,,,,,,,,,,,,,
2026,2021038744,2026-04-21,2107874.0,門脇 誠,5.0,走三,1,1.0,0.0,0.0,0.0,0.0,0.0,0.0,0.0,0.0,0.0,0.0,,0.0,0.0,0.0,0.0,0.0,0.0,,,,,,,,,,,,,,,,,,,,,,
2026,2021038744,2026-04-21,2108462.0,金丸 夢斗,21.0,投,4,1.0,1.0,3.0,2.0,0.0,1.0,0.0,0.0,0.0,0.0,0.0,,0.0,0.0,0.0,1.0,0.0,0.0,1.0,1.0,,1.0,2.0,2.84,7.0,7.0,,,0.0,6.0,2.0,0.0,0.0,,0.0,6.0,0.0,,28.0,111.0
2026,2021038744,2026-04-21,2110991.0,小濱 佑斗,33.0,遊,1,1.0,1.0,4.0,3.0,1.0,1.0,0.0,0.0,0.0,0.0,0.0,,1.0,1.0,0.0,0.0,0.0,0.0,,,,,,,,,,,,,,,,,,,,,,
2026,2021038744,2026-04-21,2112330.0,平山 功太,69.0,右,1,1.0,1.0,4.0,4.0,0.0,1.0,0.0,0.0,0.0,2.0,0.0,,0.0,2.0,0.0,0.0,0.0,0.0,,,,,,,,,,,,,,,,,,,,,,
2026,2021038744,2026-04-21,2116069.0,石塚 裕惺,23.0,打,1,1.0,0.0,1.0,1.0,0.0,0.0,0.0,0.0,0.0,0.0,0.0,,0.0,0.0,0.0,0.0,0.0,0.0,,,,,,,,,,,,,,,,,,,,,,
2026,2021038744,2026-04-21,2118420.0,キャベッジ,13.0,左,1,1.0,1.0,4.0,4.0,0.0,2.0,0.0,0.0,0.0,0.0,0.0,,0.0,1.0,0.0,0.0,0.0,0.0,,,,,,,,,,,,,,,,,,,,,,
2026,2021038745,2026-04-21,1200053.0,宮崎 敏郎,51.0,三,3,1.0,1.0,5.0,3.0,1.0,1.0,0.0,0.0,0.0,0.0,0.0,,2.0,1.0,0.0,0.0,0.0,0.0,,,,,,,,,,,,,,,,,,,,,,
2026,2021038745,2026-04-21,1300070.0,岩貞 祐太,14.0,投,5,1.0,0.0,0.0,0.0,0.0,0.0,0.0,0.0,0.0,0.0,0.0,,0.0,0.0,0.0,0.0,0.0,0.0,6.0,1.0,0.0,0.0,0.0,13.5,0.6666666666666666,0.2,,,0.0,3.0,3.0,1.0,0.0,,1.0,0.0,0.0,,7.0,29.0
2026,2021038745,2026-04-21,1500063.0,柴田 竜拓,31.0,三,3,1.0,0.0,0.0,0.0,0.0,0.0,0.0,0.0,0.0,0.0,0.0,,0.0,0.0,0.0,0.0,0.0,0.0,,,,,,,,,,,,,,,,,,,,,,
2026,2021038745,2026-04-21,1500087.0,坂本 誠志郎,12.0,捕,5,1.0,1.0,3.0,3.0,0.0,1.0,0.0,0.0,0.0,1.0,0.0,,0.0,0.0,0.0,0.0,0.0,0.0,,,,,,,,,,,,,,,,,,,,,,
2026,2021038745,2026-04-21,1600021.0,ビシエド,66.0,打,3,1.0,0.0,1.0,1.0,0.0,0.0,0.0,0.0,0.0,0.0,0.0,,0.0,0.0,0.0,0.0,0.0,0.0,,,,,,,,,,,,,,,,,,,,,,
2026,2021038745,2026-04-21,1600089.0,佐野 恵太,7.0,一,3,1.0,1.0,6.0,4.0,2.0,1.0,0.0,0.0,0.0,2.0,0.0,,2.0,0.0,0.0,0.0,0.0,0.0,,,,,,,,,,,,,,,,,,,,,,
2026,2021038745,2026-04-21,1600107.0,京田 陽太,9.0,打,3,1.0,0.0,1.0,1.0,1.0,1.0,0.0,0.0,0.0,1.0,1.0,,0.0,0.0,0.0,0.0,0.0,0.0,,,,,,,,,,,,,,,,,,,,,,
2026,2021038745,2026-04-21,1600113.0,大山 悠輔,3.0,一,5,1.0,1.0,5.0,3.0,0.0,2.0,0.0,0.0,0.0,1.0,0.0,,2.0,0.0,0.0,0.0,0.0,0.0,,,,,,,,,,,,,,,,,,,,,,
2026,2021038745,2026-04-21,1600115.0,才木 浩人,35.0,投,5,1.0,1.0,2.0,2.0,0.0,0.0,0.0,0.0,0.0,0.0,0.0,,0.0,0.0,0.0,0.0,0.0,0.0,1.0,1.0,,2.0,0.0,3.6,5.0,5.0,,,0.0,7.0,6.0,6.0,1.0,,2.0,4.0,2.0,,26.0,102.0
2026,2021038745,2026-04-21,1600167.0,三森 大貴,26.0,中,3,1.0,1.0,6.0,5.0,3.0,2.0,0.0,0.0,0.0,2.0,1.0,,1.0,2.0,0.0,0.0,0.0,0.0,,,,,,,,,,,,,,,,,,,,,,
2026,2021038745,2026-04-21,1700059.0,神里 和毅,8.0,走右,3,1.0,0.0,1.0,0.0,1.0,0.0,0.0,0.0,0.0,0.0,0.0,,1.0,0.0,0.0,0.0,0.0,0.0,,,,,,,,,,,,,,,,,,,,,,
2026,2021038745,2026-04-21,1700066.0,山本 祐大,50.0,捕,3,1.0,1.0,5.0,2.0,2.0,1.0,1.0,0.0,0.0,3.0,0.0,,1.0,0.0,1.0,1.0,0.0,0.0,,,,,,,,,,,,,,,,,,,,,,
2026,2021038745,2026-04-21,1700067.0,中川 虎大,64.0,投,3,1.0,0.0,0.0,0.0,0.0,0.0,0.0,0.0,0.0,0.0,0.0,,0.0,0.0,0.0,0.0,0.0,0.0,3.0,1.0,0.0,1.0,0.0,0.0,1.0,1.0,,,0.0,0.0,0.0,0.0,0.0,,0.0,2.0,0.0,,3.0,11.0
2026,2021038745,2026-04-21,1800046.0,勝又 温史,28.0,左,3,1.0,1.0,5.0,4.0,1.0,3.0,0.0,0.0,0.0,4.0,1.0,,0.0,0.0,1.0,0.0,0.0,0.0,,,,,,,,,,,,,,,,,,,,,,
2026,2021038745,2026-04-21,1800065.0,近本 光司,5.0,中,5,1.0,1.0,5.0,4.0,2.0,1.0,1.0,0.0,0.0,0.0,0.0,,1.0,1.0,0.0,0.0,0.0,1.0,,,,,,,,,,,,,,,,,,,,,,
2026,2021038745,2026-04-21,1800066.0,小幡 竜平,38.0,遊,5,1.0,0.0,2.0,2.0,1.0,0.0,0.0,0.0,0.0,0.0,0.0,,0.0,1.0,0.0,0.0,0.0,1.0,,,,,,,,,,,,,,,,,,,,,,
2026,2021038745,2026-04-21,1800067.0,木浪 聖也,0.0,遊,5,1.0,1.0,4.0,4.0,0.0,0.0,0.0,0.0,0.0,1.0,0.0,,0.0,2.0,0.0,0.0,0.0,0.0,,,,,,,,,,,,,,,,,,,,,,
2026,2021038745,2026-04-21,1800070.0,湯浅 京己,65.0,投,5,1.0,0.0,0.0,0.0,0.0,0.0,0.0,0.0,0.0,0.0,0.0,,0.0,0.0,0.0,0.0,0.0,0.0,5.0,1.0,0.0,3.0,0.0,5.23,0.3333333333333333,0.1,,,0.0,1.0,3.0,3.0,0.0,,2.0,0.0,0.0,,4.0,11.0
2026,2021038745,2026-04-21,1850183.0,森下 翔太,1.0,右,5,1.0,1.0,5.0,5.0,1.0,2.0,0.0,0.0,0.0,1.0,0.0,,0.0,1.0,0.0,0.0,0.0,0.0,,,,,,,,,,,,,,,,,,,,,,
2026,2021038745,2026-04-21,1850208.0,林 琢真,0.0,遊,3,1.0,1.0,5.0,4.0,1.0,0.0,0.0,0.0,0.0,1.0,1.0,,1.0,1.0,0.0,0.0,0.0,0.0,,,,,,,,,,,,,,,,,,,,,,
2026,2021038745,2026-04-21,1850873.0,度会 隆輝,4.0,右左,3,1.0,1.0,6.0,5.0,3.0,2.0,0.0,0.0,0.0,0.0,0.0,,1.0,1.0,0.0,0.0,0.0,0.0,,,,,,,,,,,,,,,,,,,,,,
2026,2021038745,2026-04-21,1900031.0,坂本 裕哉,20.0,投,3,1.0,0.0,0.0,0.0,0.0,0.0,0.0,0.0,0.0,0.0,0.0,,0.0,0.0,0.0,0.0,0.0,0.0,6.0,1.0,0.0,0.0,1.0,3.12,1.0,1.0,,,0.0,0.0,0.0,0.0,0.0,,0.0,2.0,0.0,,3.0,16.0
2026,2021038745,2026-04-21,1900032.0,伊勢 大夢,13.0,投,3,1.0,0.0,0.0,0.0,0.0,0.0,0.0,0.0,0.0,0.0,0.0,,0.0,0.0,0.0,0.0,0.0,0.0,5.0,1.0,0.0,0.0,0.0,5.68,1.0,1.0,,,0.0,4.0,3.0,3.0,0.0,,2.0,0.0,0.0,,8.0,30.0
2026,2021038745,2026-04-21,1950996.0,前川 右京,58.0,打,5,1.0,0.0,1.0,1.0,0.0,0.0,0.0,0.0,0.0,0.0,0.0,,0.0,0.0,0.0,0.0,0.0,0.0,,,,,,,,,,,,,,,,,,,,,,
2026,2021038745,2026-04-21,2000035.0,牧 秀悟,2.0,二,3,1.0,1.0,6.0,6.0,1.0,3.0,1.0,0.0,1.0,3.0,0.0,,0.0,1.0,0.0,0.0,0.0,0.0,,,,,,,,,,,,,,,,,,,,,,
2026,2021038745,2026-04-21,2000051.0,佐藤 輝明,8.0,三,5,1.0,1.0,5.0,4.0,1.0,3.0,3.0,0.0,0.0,3.0,0.0,,1.0,0.0,0.0,0.0,0.0,0.0,,,,,,,,,,,,,,,,,,,,,,
2026,2021038745,2026-04-21,2000056.0,中野 拓夢,7.0,二,5,1.0,1.0,5.0,4.0,3.0,3.0,0.0,0.0,0.0,0.0,0.0,,1.0,1.0,0.0,0.0,0.0,0.0,,,,,,,,,,,,,,,,,,,,,,
2026,2021038745,2026-04-21,2000057.0,高寺 望夢,67.0,打,5,1.0,0.0,1.0,1.0,0.0,0.0,0.0,0.0,0.0,0.0,0.0,,0.0,0.0,0.0,0.0,0.0,0.0,,,,,,,,,,,,,,,,,,,,,,
2026,2021038745,2026-04-21,2100109.0,深沢 鳳介,43.0,投,3,1.0,1.0,2.0,1.0,0.0,0.0,0.0,0.0,0.0,0.0,0.0,,0.0,1.0,0.0,1.0,0.0,0.0,1.0,1.0,,0.0,0.0,6.48,4.333333333333333,4.1,,,0.0,8.0,5.0,5.0,0.0,,1.0,2.0,0.0,,21.0,90.0
2026,2021038745,2026-04-21,2101034.0,ヒュンメル,99.0,打,3,1.0,0.0,1.0,1.0,0.0,0.0,0.0,0.0,0.0,0.0,0.0,,0.0,0.0,0.0,0.0,0.0,0.0,,,,,,,,,,,,,,,,,,,,,,
2026,2021038745,2026-04-21,2105007.0,橋本 達弥,35.0,投,3,1.0,0.0,0.0,0.0,0.0,0.0,0.0,0.0,0.0,0.0,0.0,,0.0,0.0,0.0,0.0,0.0,0.0,2.0,1.0,0.0,1.0,0.0,1.35,0.6666666666666666,0.2,,,0.0,0.0,0.0,0.0,0.0,,3.0,1.0,0.0,,5.0,35.0
2026,2021038745,2026-04-21,2108105.0,モレッタ,99.0,投,5,1.0,0.0,0.0,0.0,0.0,0.0,0.0,0.0,0.0,0.0,0.0,,0.0,0.0,0.0,0.0,0.0,0.0,3.0,1.0,0.0,2.0,1.0,4.5,0.0,0.0,,,0.0,1.0,4.0,4.0,0.0,,3.0,0.0,0.0,,4.0,22.0
2026,2021038745,2026-04-21,2109980.0,嶋村 麟士朗,85.0,打捕,5,1.0,0.0,2.0,2.0,0.0,1.0,0.0,0.0,0.0,0.0,0.0,,0.0,1.0,0.0,0.0,0.0,0.0,,,,,,,,,,,,,,,,,,,,,,
2026,2021038745,2026-04-21,2110225.0,福島 圭音,92.0,左,5,1.0,1.0,5.0,4.0,1.0,1.0,0.0,0.0,0.0,1.0,0.0,,1.0,1.0,0.0,0.0,0.0,0.0,,,,,,,,,,,,,,,,,,,,,,
2026,2021038745,2026-04-21,2112146.0,工藤 泰成,49.0,投,5,1.0,0.0,0.0,0.0,0.0,0.0,0.0,0.0,0.0,0.0,0.0,,0.0,0.0,0.0,0.0,0.0,0.0,2.0,1.0,0.0,0.0,0.0,0.0,1.0,1.0,,,0.0,0.0,0.0,0.0,0.0,,0.0,2.0,0.0,,3.0,9.0
2026,2021038745,2026-04-21,2112444.0,木下 里都,54.0,投,5,1.0,0.0,0.0,0.0,0.0,0.0,0.0,0.0,0.0,0.0,0.0,,0.0,0.0,0.0,0.0,0.0,0.0,4.0,1.0,0.0,0.0,0.0,5.4,1.0,1.0,,,0.0,2.0,0.0,0.0,0.0,,1.0,1.0,0.0,,6.0,26.0
2026,2021038745,2026-04-21,2117433.0,レイノルズ,62.0,投,3,1.0,0.0,0.0,0.0,0.0,0.0,0.0,0.0,0.0,0.0,0.0,,0.0,0.0,0.0,0.0,0.0,0.0,4.0,1.0,0.0,1.0,0.0,1.8,1.0,1.0,,,0.0,2.0,1.0,1.0,0.0,,0.0,1.0,0.0,,5.0,20.0
2026,2021038746,2026-04-21,1000116.0,中崎 翔太,21.0,投,6,1.0,0.0,0.0,0.0,0.0,0.0,0.0,0.0,0.0,0.0,0.0,,0.0,0.0,0.0,0.0,0.0,0.0,3.0,1.0,0.0,1.0,1.0,2.57,1.0,1.0,,,3.0,0.0,0.0,0.0,0.0,,0.0,3.0,0.0,,3.0,16.0
2026,2021038746,2026-04-21,1000150.0,秋山 翔吾,9.0,左,6,1.0,1.0,3.0,3.0,0.0,1.0,0.0,0.0,0.0,1.0,0.0,,0.0,1.0,0.0,0.0,0.0,0.0,,,,,,,,,,,,,,,,,,,,,,
2026,2021038746,2026-04-21,1400173.0,野間 峻祥,37.0,右,6,1.0,1.0,3.0,2.0,0.0,1.0,0.0,0.0,0.0,1.0,0.0,,0.0,0.0,0.0,0.0,1.0,0.0,,,,,,,,,,,,,,,,,,,,,,
2026,2021038746,2026-04-21,1600078.0,古賀 優大,2.0,捕,2,1.0,1.0,4.0,4.0,0.0,0.0,0.0,0.0,0.0,0.0,0.0,,0.0,0.0,0.0,0.0,0.0,0.0,,,,,,,,,,,,,,,,,,,,,,
2026,2021038746,2026-04-21,1600124.0,坂倉 将吾,31.0,一,6,1.0,1.0,3.0,2.0,1.0,0.0,0.0,0.0,0.0,0.0,0.0,,1.0,2.0,0.0,0.0,0.0,0.0,,,,,,,,,,,,,,,,,,,,,,
2026,2021038746,2026-04-21,1700068.0,中村 奨成,96.0,左,6,1.0,0.0,0.0,0.0,0.0,0.0,0.0,0.0,0.0,0.0,0.0,,0.0,0.0,0.0,0.0,0.0,0.0,,,,,,,,,,,,,,,,,,,,,,
2026,2021038746,2026-04-21,1700089.0,宮本 丈,10.0,打,2,1.0,0.0,1.0,1.0,0.0,0.0,0.0,0.0,0.0,0.0,0.0,,0.0,1.0,0.0,0.0,0.0,0.0,,,,,,,,,,,,,,,,,,,,,,
2026,2021038746,2026-04-21,1700131.0,増田 珠,63.0,右,2,1.0,0.0,1.0,0.0,0.0,0.0,0.0,0.0,0.0,0.0,0.0,,1.0,0.0,0.0,0.0,0.0,0.0,,,,,,,,,,,,,,,,,,,,,,
2026,2021038746,2026-04-21,1800033.0,清水 昇,17.0,投,2,1.0,0.0,0.0,0.0,0.0,0.0,0.0,0.0,0.0,0.0,0.0,,0.0,0.0,0.0,0.0,0.0,0.0,3.0,1.0,0.0,1.0,0.0,0.0,1.0,1.0,,,0.0,0.0,0.0,0.0,0.0,,0.0,1.0,0.0,,3.0,13.0
2026,2021038746,2026-04-21,1800072.0,小園 海斗,5.0,遊三,6,1.0,1.0,3.0,3.0,1.0,1.0,1.0,0.0,0.0,0.0,0.0,,0.0,0.0,0.0,0.0,0.0,0.0,,,,,,,,,,,,,,,,,,,,,,
2026,2021038746,2026-04-21,1800079.0,大盛 穂,59.0,中,6,1.0,0.0,1.0,1.0,0.0,0.0,0.0,0.0,0.0,0.0,0.0,,0.0,0.0,0.0,0.0,0.0,0.0,,,,,,,,,,,,,,,,,,,,,,
2026,2021038746,2026-04-21,1900028.0,長岡 秀樹,7.0,遊,2,1.0,1.0,4.0,4.0,0.0,0.0,0.0,0.0,0.0,0.0,0.0,,0.0,1.0,0.0,0.0,0.0,0.0,,,,,,,,,,,,,,,,,,,,,,
2026,2021038746,2026-04-21,1900029.0,武岡 龍世,60.0,二,2,1.0,1.0,3.0,2.0,0.0,0.0,0.0,0.0,0.0,0.0,0.0,,1.0,1.0,0.0,0.0,0.0,0.0,,,,,,,,,,,,,,,,,,,,,,
2026,2021038746,2026-04-21,1900052.0,森下 暢仁,18.0,投,6,1.0,1.0,2.0,2.0,0.0,0.0,0.0,0.0,0.0,0.0,0.0,,0.0,0.0,0.0,0.0,0.0,0.0,1.0,1.0,,2.0,2.0,3.8,7.0,7.0,,,0.0,4.0,1.0,1.0,0.0,,2.0,3.0,0.0,,27.0,106.0
2026,2021038746,2026-04-21,1900058.0,持丸 泰輝,57.0,捕,6,1.0,1.0,3.0,3.0,0.0,0.0,0.0,0.0,0.0,0.0,0.0,,0.0,0.0,0.0,0.0,0.0,0.0,,,,,,,,,,,,,,,,,,,,,,
2026,2021038746,2026-04-21,1960397.0,ハーン,68.0,投,6,1.0,0.0,0.0,0.0,0.0,0.0,0.0,0.0,0.0,0.0,0.0,,0.0,0.0,0.0,0.0,0.0,0.0,2.0,1.0,0.0,1.0,0.0,0.0,1.0,1.0,,,0.0,0.0,0.0,0.0,0.0,,1.0,2.0,0.0,,4.0,15.0
2026,2021038746,2026-04-21,2000028.0,並木 秀尊,0.0,右左,2,1.0,1.0,3.0,3.0,0.0,0.0,0.0,0.0,0.0,0.0,0.0,,0.0,0.0,0.0,0.0,0.0,0.0,,,,,,,,,,,,,,,,,,,,,,
2026,2021038746,2026-04-21,2000031.0,赤羽 由紘,0.0,三,2,1.0,1.0,4.0,3.0,0.0,0.0,0.0,0.0,0.0,0.0,1.0,,1.0,1.0,0.0,0.0,0.0,0.0,,,,,,,,,,,,,,,,,,,,,,
2026,2021038746,2026-04-21,2000033.0,丸山 翔大,68.0,投,2,1.0,0.0,0.0,0.0,0.0,0.0,0.0,0.0,0.0,0.0,0.0,,0.0,0.0,0.0,0.0,0.0,0.0,2.0,1.0,0.0,0.0,0.0,0.0,1.0,1.0,,,0.0,0.0,0.0,0.0,0.0,,0.0,0.0,0.0,,3.0,11.0
2026,2021038746,2026-04-21,2000065.0,矢野 雅哉,4.0,遊,6,1.0,0.0,0.0,0.0,0.0,0.0,0.0,0.0,0.0,0.0,0.0,,0.0,0.0,0.0,0.0,0.0,0.0,,,,,,,,,,,,,,,,,,,,,,
2026,2021038746,2026-04-21,2000133.0,オスナ,13.0,一,2,1.0,1.0,4.0,4.0,0.0,1.0,1.0,0.0,0.0,1.0,0.0,,0.0,1.0,0.0,0.0,0.0,0.0,,,,,,,,,,,,,,,,,,,,,,
2026,2021038746,2026-04-21,2000135.0,サンタナ,25.0,左,2,1.0,1.0,3.0,3.0,1.0,1.0,1.0,0.0,0.0,0.0,0.0,,0.0,1.0,0.0,0.0,0.0,0.0,,,,,,,,,,,,,,,,,,,,,,
2026,2021038746,2026-04-21,2050203.0,佐々木 泰,10.0,三一,6,1.0,1.0,3.0,3.0,0.0,0.0,0.0,0.0,0.0,0.0,0.0,,0.0,1.0,0.0,0.0,0.0,0.0,,,,,,,,,,,,,,,,,,,,,,
2026,2021038746,2026-04-21,2103794.0,吉村 貢司郎,21.0,投,2,1.0,1.0,2.0,2.0,0.0,0.0,0.0,0.0,0.0,0.0,0.0,,0.0,1.0,0.0,0.0,0.0,0.0,1.0,1.0,,1.0,3.0,2.7,6.0,6.0,,,0.0,3.0,2.0,2.0,0.0,,1.0,5.0,0.0,,22.0,90.0
2026,2021038746,2026-04-21,2103917.0,岩田 幸宏,64.0,中,2,1.0,1.0,4.0,4.0,0.0,2.0,1.0,0.0,0.0,0.0,0.0,,0.0,1.0,0.0,0.0,0.0,0.0,,,,,,,,,,,,,,,,,,,,,,
2026,2021038746,2026-04-21,2105063.0,橋本 星哉,52.0,打,2,1.0,0.0,1.0,1.0,0.0,0.0,0.0,0.0,0.0,0.0,0.0,,0.0,0.0,0.0,0.0,0.0,0.0,,,,,,,,,,,,,,,,,,,,,,
2026,2021038746,2026-04-21,2110164.0,平川 蓮,51.0,中右,6,1.0,1.0,4.0,4.0,0.0,0.0,0.0,0.0,0.0,0.0,0.0,,0.0,2.0,0.0,0.0,0.0,0.0,,,,,,,,,,,,,,,,,,,,,,
2026,2021038746,2026-04-21,2110422.0,勝田 成,0.0,二,6,1.0,1.0,3.0,3.0,0.0,0.0,0.0,0.0,0.0,0.0,0.0,,0.0,0.0,0.0,0.0,0.0,0.0,,,,,,,,,,,,,,,,,,,,,,
2026,2021038747,2026-04-21,900056.0,浅村 栄斗,3.0,一,376,1.0,1.0,4.0,2.0,1.0,1.0,0.0,0.0,1.0,1.0,0.0,,1.0,1.0,1.0,0.0,0.0,0.0,,,,,,,,,,,,,,,,,,,,,,
2026,2021038747,2026-04-21,1100103.0,鈴木 大地,7.0,打三,376,1.0,0.0,1.0,1.0,0.0,0.0,0.0,0.0,0.0,0.0,0.0,,0.0,0.0,0.0,0.0,0.0,0.0,,,,,,,,,,,,,,,,,,,,,,
2026,2021038747,2026-04-21,1300076.0,加治屋 蓮,41.0,,376,,,,,,,,,,,,,,,,,,,2.0,1.0,0.0,2.0,0.0,1.13,1.0,1.0,,,0.0,0.0,0.0,0.0,0.0,,0.0,1.0,0.0,,3.0,10.0
2026,2021038747,2026-04-21,1400119.0,淺間 大基,8.0,中左,8,1.0,1.0,3.0,3.0,1.0,1.0,0.0,0.0,0.0,0.0,0.0,,0.0,1.0,0.0,0.0,0.0,0.0,,,,,,,,,,,,,,,,,,,,,,
2026,2021038747,2026-04-21,1600007.0,村林 一輝,6.0,遊,376,1.0,1.0,4.0,4.0,0.0,1.0,0.0,0.0,0.0,0.0,0.0,,0.0,0.0,0.0,0.0,0.0,0.0,,,,,,,,,,,,,,,,,,,,,,
2026,2021038747,2026-04-21,1600164.0,田中 正義,26.0,,8,,,,,,,,,,,,,,,,,,,2.0,1.0,0.0,0.0,0.0,0.0,1.0,1.0,,,0.0,1.0,0.0,0.0,0.0,,0.0,0.0,0.0,,3.0,8.0
2026,2021038747,2026-04-21,1700025.0,清宮 幸太郎,21.0,一,8,1.0,1.0,4.0,3.0,0.0,0.0,0.0,0.0,0.0,0.0,0.0,,0.0,1.0,1.0,0.0,0.0,0.0,,,,,,,,,,,,,,,,,,,,,,
2026,2021038747,2026-04-21,1800008.0,マルティネス,2.0,左,8,1.0,1.0,3.0,3.0,0.0,1.0,0.0,0.0,0.0,0.0,0.0,,0.0,1.0,0.0,0.0,0.0,0.0,,,,,,,,,,,,,,,,,,,,,,
2026,2021038747,2026-04-21,1800044.0,伊藤 裕季也,39.0,打指,376,1.0,0.0,1.0,1.0,0.0,0.0,0.0,0.0,0.0,0.0,0.0,,0.0,0.0,0.0,0.0,0.0,0.0,,,,,,,,,,,,,,,,,,,,,,
2026,2021038747,2026-04-21,1800093.0,万波 中正,66.0,右,8,1.0,1.0,4.0,4.0,0.0,0.0,0.0,0.0,0.0,0.0,0.0,,0.0,2.0,0.0,0.0,0.0,0.0,,,,,,,,,,,,,,,,,,,,,,
2026,2021038747,2026-04-21,1800095.0,田宮 裕涼,64.0,捕,8,1.0,1.0,3.0,3.0,0.0,0.0,0.0,0.0,0.0,0.0,0.0,,0.0,2.0,0.0,0.0,0.0,0.0,,,,,,,,,,,,,,,,,,,,,,
2026,2021038747,2026-04-21,1800117.0,辰己 涼介,8.0,中,376,1.0,1.0,4.0,4.0,0.0,0.0,0.0,0.0,0.0,0.0,0.0,,0.0,2.0,0.0,0.0,0.0,0.0,,,,,,,,,,,,,,,,,,,,,,
2026,2021038747,2026-04-21,1800118.0,太田 光,2.0,捕,376,1.0,1.0,3.0,3.0,0.0,1.0,0.0,0.0,0.0,0.0,0.0,,0.0,1.0,0.0,0.0,0.0,0.0,,,,,,,,,,,,,,,,,,,,,,
2026,2021038747,2026-04-21,1800123.0,小郷 裕哉,51.0,右,376,1.0,1.0,3.0,3.0,0.0,0.0,0.0,0.0,0.0,0.0,0.0,,0.0,0.0,0.0,0.0,0.0,0.0,,,,,,,,,,,,,,,,,,,,,,
2026,2021038747,2026-04-21,1850932.0,奈良間 大己,58.0,二,8,1.0,1.0,3.0,3.0,2.0,2.0,1.0,0.0,0.0,1.0,0.0,,0.0,1.0,0.0,0.0,0.0,0.0,,,,,,,,,,,,,,,,,,,,,,
2026,2021038747,2026-04-21,1851204.0,水野 達稀,43.0,遊,8,1.0,1.0,4.0,4.0,0.0,2.0,0.0,0.0,0.0,1.0,0.0,,0.0,1.0,0.0,0.0,0.0,0.0,,,,,,,,,,,,,,,,,,,,,,
2026,2021038747,2026-04-21,1860140.0,レイエス,99.0,指,8,1.0,1.0,4.0,4.0,0.0,2.0,0.0,0.0,0.0,1.0,0.0,,0.0,0.0,0.0,0.0,0.0,0.0,,,,,,,,,,,,,,,,,,,,,,
2026,2021038747,2026-04-21,1900040.0,郡司 裕也,3.0,三,8,1.0,1.0,4.0,4.0,0.0,0.0,0.0,0.0,0.0,0.0,0.0,,0.0,2.0,0.0,0.0,0.0,0.0,,,,,,,,,,,,,,,,,,,,,,
2026,2021038747,2026-04-21,1900112.0,小深田 大翔,0.0,二,376,1.0,1.0,4.0,4.0,0.0,1.0,0.0,0.0,0.0,0.0,0.0,,0.0,0.0,0.0,0.0,0.0,0.0,,,,,,,,,,,,,,,,,,,,,,
2026,2021038747,2026-04-21,1900113.0,黒川 史陽,24.0,三,376,1.0,1.0,3.0,2.0,0.0,0.0,0.0,0.0,0.0,0.0,0.0,,1.0,1.0,0.0,0.0,0.0,0.0,,,,,,,,,,,,,,,,,,,,,,
2026,2021038747,2026-04-21,1900115.0,武藤 敦貴,50.0,走,376,1.0,0.0,0.0,0.0,0.0,0.0,0.0,0.0,0.0,0.0,0.0,,0.0,0.0,0.0,0.0,0.0,0.0,,,,,,,,,,,,,,,,,,,,,,
2026,2021038747,2026-04-21,1950278.0,中島 大輔,32.0,左,376,1.0,1.0,3.0,3.0,0.0,0.0,0.0,0.0,0.0,0.0,0.0,,0.0,1.0,0.0,0.0,0.0,0.0,,,,,,,,,,,,,,,,,,,,,,
2026,2021038747,2026-04-21,2000080.0,五十幡 亮汰,50.0,中,8,1.0,0.0,0.0,0.0,0.0,0.0,0.0,0.0,0.0,0.0,0.0,,0.0,0.0,0.0,0.0,0.0,0.0,,,,,,,,,,,,,,,,,,,,,,
2026,2021038747,2026-04-21,2050307.0,達 孝太,16.0,,8,,,,,,,,,,,,,,,,,,,1.0,1.0,,2.0,1.0,3.2,7.0,7.0,,,0.0,2.0,1.0,1.0,1.0,,2.0,7.0,1.0,,25.0,107.0
2026,2021038747,2026-04-21,2103635.0,柳川 大晟,47.0,,8,,,,,,,,,,,,,,,,,,,3.0,1.0,0.0,0.0,0.0,2.57,1.0,1.0,,,5.0,1.0,0.0,0.0,0.0,,1.0,0.0,0.0,,4.0,16.0
2026,2021038747,2026-04-21,2103740.0,YG安田,55.0,指,376,1.0,1.0,2.0,1.0,0.0,0.0,0.0,0.0,0.0,0.0,0.0,,1.0,1.0,0.0,0.0,0.0,0.0,,,,,,,,,,,,,,,,,,,,,,
2026,2021038747,2026-04-21,2105283.0,平良 竜哉,48.0,走三左,376,1.0,0.0,0.0,0.0,0.0,0.0,0.0,0.0,0.0,0.0,0.0,,0.0,0.0,0.0,0.0,0.0,0.0,,,,,,,,,,,,,,,,,,,,,,
2026,2021038747,2026-04-21,2106284.0,矢澤 宏太,12.0,走中左,8,1.0,0.0,0.0,0.0,0.0,0.0,0.0,0.0,0.0,0.0,0.0,,0.0,0.0,0.0,0.0,0.0,0.0,,,,,,,,,,,,,,,,,,,,,,
2026,2021038747,2026-04-21,2106793.0,荘司 康誠,19.0,,376,,,,,,,,,,,,,,,,,,,1.0,1.0,,3.0,1.0,2.67,7.0,7.0,,,0.0,8.0,3.0,3.0,0.0,,0.0,10.0,1.0,,29.0,105.0
2026,2021038748,2026-04-21,800081.0,中村 晃,7.0,打,12,1.0,0.0,1.0,1.0,0.0,0.0,0.0,0.0,0.0,0.0,0.0,,0.0,0.0,0.0,0.0,0.0,0.0,,,,,,,,,,,,,,,,,,,,,,
2026,2021038748,2026-04-21,1000035.0,今宮 健太,6.0,遊,12,1.0,1.0,4.0,4.0,1.0,1.0,0.0,0.0,1.0,2.0,0.0,,0.0,1.0,0.0,0.0,0.0,0.0,,,,,,,,,,,,,,,,,,,,,,
2026,2021038748,2026-04-21,1000128.0,柳田 悠岐,9.0,指,12,1.0,1.0,4.0,4.0,1.0,1.0,0.0,0.0,0.0,0.0,0.0,,0.0,1.0,0.0,0.0,0.0,0.0,,,,,,,,,,,,,,,,,,,,,,
2026,2021038748,2026-04-21,1000175.0,牧原 大成,8.0,二,12,1.0,1.0,4.0,3.0,0.0,0.0,0.0,0.0,0.0,0.0,0.0,,1.0,1.0,0.0,0.0,0.0,0.0,,,,,,,,,,,,,,,,,,,,,,
2026,2021038748,2026-04-21,1100061.0,桑原 将志,7.0,左,7,1.0,1.0,1.0,1.0,0.0,1.0,0.0,1.0,0.0,0.0,0.0,,0.0,0.0,0.0,0.0,0.0,0.0,,,,,,,,,,,,,,,,,,,,,,
2026,2021038748,2026-04-21,1100097.0,近藤 健介,3.0,左,12,1.0,1.0,4.0,4.0,0.0,2.0,0.0,0.0,0.0,1.0,0.0,,0.0,0.0,0.0,0.0,0.0,0.0,,,,,,,,,,,,,,,,,,,,,,
2026,2021038748,2026-04-21,1300101.0,山川 穂高,5.0,一,12,1.0,1.0,4.0,4.0,0.0,0.0,0.0,0.0,0.0,0.0,0.0,,0.0,1.0,0.0,0.0,0.0,0.0,,,,,,,,,,,,,,,,,,,,,,
2026,2021038748,2026-04-21,1400127.0,栗原 陵矢,24.0,三,12,1.0,1.0,4.0,4.0,1.0,1.0,1.0,0.0,0.0,0.0,0.0,,0.0,2.0,0.0,0.0,0.0,0.0,,,,,,,,,,,,,,,,,,,,,,
2026,2021038748,2026-04-21,1500117.0,平沢 大河,39.0,三一,7,1.0,1.0,4.0,2.0,1.0,1.0,1.0,0.0,0.0,1.0,0.0,,2.0,0.0,0.0,0.0,0.0,0.0,,,,,,,,,,,,,,,,,,,,,,
2026,2021038748,2026-04-21,1500140.0,谷川原 健太,45.0,捕,12,1.0,1.0,3.0,3.0,1.0,1.0,0.0,0.0,0.0,0.0,0.0,,0.0,2.0,0.0,0.0,0.0,0.0,,,,,,,,,,,,,,,,,,,,,,
2026,2021038748,2026-04-21,1600129.0,源田 壮亮,6.0,遊,7,1.0,1.0,4.0,2.0,1.0,0.0,0.0,0.0,0.0,0.0,0.0,,2.0,1.0,0.0,0.0,0.0,0.0,,,,,,,,,,,,,,,,,,,,,,
2026,2021038748,2026-04-21,1660299.0,林 安可,73.0,右,7,1.0,1.0,4.0,4.0,0.0,1.0,0.0,0.0,0.0,0.0,0.0,,0.0,2.0,0.0,0.0,0.0,0.0,,,,,,,,,,,,,,,,,,,,,,
2026,2021038748,2026-04-21,1700122.0,西川 愛也,51.0,中,7,1.0,1.0,4.0,3.0,1.0,0.0,0.0,0.0,0.0,0.0,0.0,,1.0,0.0,0.0,0.0,0.0,0.0,,,,,,,,,,,,,,,,,,,,,,
2026,2021038748,2026-04-21,1700134.0,尾形 崇斗,39.0,,12,,,,,,,,,,,,,,,,,,,3.0,1.0,0.0,0.0,1.0,3.86,2.0,2.0,,,0.0,0.0,0.0,0.0,0.0,,2.0,2.0,0.0,,7.0,37.0
2026,2021038748,2026-04-21,1700135.0,周東 佑京,23.0,中,12,1.0,1.0,4.0,3.0,0.0,0.0,0.0,0.0,0.0,0.0,0.0,,1.0,2.0,0.0,0.0,0.0,0.0,,,,,,,,,,,,,,,,,,,,,,
2026,2021038748,2026-04-21,1750472.0,古賀 悠斗,22.0,捕,7,1.0,0.0,0.0,0.0,0.0,0.0,0.0,0.0,0.0,0.0,0.0,,0.0,0.0,0.0,0.0,0.0,0.0,,,,,,,,,,,,,,,,,,,,,,
2026,2021038748,2026-04-21,1751148.0,隅田 知一郎,16.0,,7,,,,,,,,,,,,,,,,,,,1.0,1.0,,2.0,1.0,4.13,7.0,7.0,,,0.0,5.0,4.0,4.0,1.0,,2.0,9.0,0.0,,28.0,105.0
2026,2021038748,2026-04-21,1800106.0,甲斐野 央,34.0,,7,,,,,,,,,,,,,,,,,,,2.0,1.0,0.0,0.0,1.0,2.84,1.0,1.0,,,0.0,1.0,0.0,0.0,0.0,,1.0,1.0,0.0,,5.0,17.0
2026,2021038748,2026-04-21,1900010.0,スチュワート・ジュニア,2.0,,12,,,,,,,,,,,,,,,,,,,1.0,1.0,,2.0,2.0,7.02,1.0,1.0,,,0.0,6.0,6.0,6.0,0.0,,2.0,0.0,0.0,,9.0,30.0
2026,2021038748,2026-04-21,1900068.0,岸 潤一郎,68.0,左,7,1.0,0.0,0.0,0.0,0.0,0.0,0.0,0.0,0.0,0.0,0.0,,0.0,0.0,0.0,0.0,0.0,0.0,,,,,,,,,,,,,,,,,,,,,,
2026,2021038748,2026-04-21,1900102.0,津森 宥紀,11.0,,12,,,,,,,,,,,,,,,,,,,5.0,1.0,0.0,0.0,0.0,0.0,1.0,1.0,,,0.0,0.0,0.0,0.0,0.0,,1.0,1.0,0.0,,3.0,14.0
2026,2021038748,2026-04-21,1900104.0,柳町 達,32.0,右,12,1.0,1.0,4.0,3.0,0.0,0.0,0.0,0.0,0.0,0.0,0.0,,1.0,1.0,0.0,0.0,0.0,0.0,,,,,,,,,,,,,,,,,,,,,,
2026,2021038748,2026-04-21,1950417.0,渡部 聖弥,8.0,指,7,1.0,1.0,4.0,3.0,1.0,1.0,0.0,0.0,0.0,1.0,0.0,,1.0,1.0,0.0,0.0,0.0,0.0,,,,,,,,,,,,,,,,,,,,,,
2026,2021038748,2026-04-21,1961052.0,ヘルナンデス,63.0,,12,,,,,,,,,,,,,,,,,,,4.0,1.0,0.0,0.0,0.0,2.35,1.0,1.0,,,0.0,1.0,0.0,0.0,0.0,,1.0,0.0,0.0,,4.0,20.0
2026,2021038748,2026-04-21,2000008.0,伊藤 優輔,42.0,,12,,,,,,,,,,,,,,,,,,,6.0,1.0,0.0,0.0,0.0,1.42,1.0,1.0,,,0.0,0.0,0.0,0.0,0.0,,1.0,0.0,0.0,,4.0,14.0
2026,2021038748,2026-04-21,2000069.0,山村 崇嘉,32.0,走三,7,1.0,0.0,3.0,2.0,1.0,0.0,0.0,0.0,0.0,0.0,0.0,,1.0,0.0,0.0,0.0,0.0,0.0,,,,,,,,,,,,,,,,,,,,,,
2026,2021038748,2026-04-21,2000075.0,長谷川 信哉,63.0,一左右,7,1.0,1.0,4.0,4.0,1.0,2.0,0.0,0.0,0.0,1.0,1.0,,0.0,0.0,0.0,0.0,0.0,0.0,,,,,,,,,,,,,,,,,,,,,,
2026,2021038748,2026-04-21,2050145.0,小島 大河,10.0,捕,7,1.0,1.0,4.0,3.0,0.0,0.0,0.0,0.0,0.0,0.0,0.0,,1.0,0.0,0.0,0.0,0.0,0.0,,,,,,,,,,,,,,,,,,,,,,
2026,2021038748,2026-04-21,2103618.0,滝澤 夏央,62.0,二,7,1.0,1.0,3.0,2.0,0.0,1.0,0.0,0.0,0.0,2.0,0.0,,1.0,0.0,0.0,0.0,0.0,0.0,,,,,,,,,,,,,,,,,,,,,,
2026,2021038748,2026-04-21,2103847.0,大竹 風雅,59.0,,12,,,,,,,,,,,,,,,,,,,2.0,1.0,0.0,0.0,0.0,0.0,2.0,2.0,,,0.0,0.0,0.0,0.0,0.0,,2.0,1.0,0.0,,8.0,27.0
2026,2021038748,2026-04-21,2121154.0,岩城 颯空,20.0,,7,,,,,,,,,,,,,,,,,,,3.0,1.0,0.0,0.0,0.0,3.38,1.0,1.0,,,6.0,0.0,0.0,0.0,0.0,,0.0,1.0,0.0,,3.0,14.0
2026,2021038749,2026-04-21,1100096.0,石川 慎吾,23.0,指,9,1.0,1.0,4.0,3.0,1.0,1.0,0.0,0.0,1.0,3.0,0.0,,0.0,0.0,1.0,0.0,0.0,0.0,,,,,,,,,,,,,,,,,,,,,,
2026,2021038749,2026-04-21,1300100.0,森 友哉,4.0,指,11,1.0,1.0,4.0,3.0,0.0,1.0,0.0,0.0,0.0,0.0,0.0,,1.0,1.0,0.0,0.0,0.0,0.0,,,,,,,,,,,,,,,,,,,,,,
2026,2021038749,2026-04-21,1300109.0,若月 健矢,2.0,捕,11,1.0,1.0,3.0,3.0,0.0,0.0,0.0,0.0,0.0,0.0,0.0,,0.0,0.0,0.0,0.0,0.0,0.0,,,,,,,,,,,,,,,,,,,,,,
2026,2021038749,2026-04-21,1400196.0,宗 佑磨,6.0,三,11,1.0,1.0,5.0,4.0,0.0,0.0,0.0,0.0,0.0,0.0,0.0,,1.0,0.0,0.0,0.0,0.0,0.0,,,,,,,,,,,,,,,,,,,,,,
2026,2021038749,2026-04-21,1460080.0,ポランコ,22.0,打,9,1.0,0.0,1.0,0.0,0.0,0.0,0.0,0.0,0.0,1.0,0.0,,0.0,0.0,0.0,0.0,1.0,0.0,,,,,,,,,,,,,,,,,,,,,,
2026,2021038749,2026-04-21,1500096.0,西川 龍馬,7.0,左,11,1.0,1.0,4.0,4.0,1.0,2.0,1.0,0.0,0.0,1.0,0.0,,0.0,0.0,0.0,0.0,0.0,0.0,,,,,,,,,,,,,,,,,,,,,,
2026,2021038749,2026-04-21,1700020.0,ソト,99.0,一,9,1.0,1.0,3.0,3.0,0.0,0.0,0.0,0.0,0.0,0.0,0.0,,0.0,1.0,0.0,0.0,0.0,0.0,,,,,,,,,,,,,,,,,,,,,,
2026,2021038749,2026-04-21,1700093.0,藤岡 裕大,7.0,打指,9,1.0,0.0,1.0,1.0,0.0,0.0,0.0,0.0,0.0,0.0,0.0,,0.0,1.0,0.0,0.0,0.0,0.0,,,,,,,,,,,,,,,,,,,,,,
2026,2021038749,2026-04-21,1700109.0,田嶋 大樹,29.0,,11,,,,,,,,,,,,,,,,,,,1.0,1.0,,0.0,0.0,9.0,5.0,5.0,,,0.0,6.0,4.0,4.0,1.0,,0.0,3.0,2.0,,24.0,89.0
2026,2021038749,2026-04-21,1800037.0,坂本 光士郎,36.0,,9,,,,,,,,,,,,,,,,,,,2.0,1.0,0.0,1.0,1.0,0.0,1.0,1.0,,,0.0,1.0,0.0,0.0,0.0,,2.0,0.0,0.0,,6.0,22.0
2026,2021038749,2026-04-21,1800050.0,藤原 恭大,1.0,中,9,1.0,1.0,5.0,4.0,3.0,3.0,2.0,0.0,0.0,0.0,0.0,,0.0,1.0,1.0,0.0,0.0,0.0,,,,,,,,,,,,,,,,,,,,,,
2026,2021038749,2026-04-21,1800098.0,太田 椋,1.0,二,11,1.0,1.0,4.0,4.0,1.0,1.0,1.0,0.0,0.0,1.0,0.0,,0.0,2.0,0.0,0.0,0.0,0.0,,,,,,,,,,,,,,,,,,,,,,
2026,2021038749,2026-04-21,1800104.0,中川 圭太,67.0,右,11,1.0,1.0,4.0,4.0,0.0,0.0,0.0,0.0,0.0,0.0,0.0,,0.0,0.0,0.0,0.0,0.0,0.0,,,,,,,,,,,,,,,,,,,,,,
2026,2021038749,2026-04-21,1900081.0,佐藤 都志也,32.0,打捕,9,1.0,0.0,2.0,1.0,1.0,0.0,0.0,0.0,0.0,0.0,0.0,,1.0,0.0,0.0,0.0,0.0,0.0,,,,,,,,,,,,,,,,,,,,,,
2026,2021038749,2026-04-21,1900083.0,横山 陸人,15.0,,9,,,,,,,,,,,,,,,,,,,5.0,1.0,0.0,0.0,0.0,0.0,1.0,1.0,,,6.0,0.0,0.0,0.0,0.0,,0.0,0.0,0.0,,3.0,12.0
2026,2021038749,2026-04-21,1900088.0,紅林 弘太郎,24.0,打遊,11,1.0,0.0,2.0,1.0,0.0,0.0,0.0,0.0,0.0,0.0,0.0,,1.0,0.0,0.0,0.0,0.0,0.0,,,,,,,,,,,,,,,,,,,,,,
2026,2021038749,2026-04-21,1950286.0,西川 史礁,6.0,左,9,1.0,1.0,5.0,4.0,1.0,1.0,1.0,0.0,0.0,2.0,0.0,,0.0,2.0,1.0,0.0,0.0,0.0,,,,,,,,,,,,,,,,,,,,,,
2026,2021038749,2026-04-21,2000087.0,鈴木 昭汰,47.0,,9,,,,,,,,,,,,,,,,,,,4.0,1.0,0.0,1.0,0.0,3.52,1.0,1.0,,,1.0,0.0,0.0,0.0,0.0,,0.0,1.0,0.0,,3.0,8.0
2026,2021038749,2026-04-21,2000089.0,小川 龍成,57.0,二,9,1.0,1.0,4.0,3.0,0.0,1.0,0.0,0.0,0.0,0.0,0.0,,0.0,0.0,0.0,1.0,0.0,0.0,,,,,,,,,,,,,,,,,,,,,,
2026,2021038749,2026-04-21,2000094.0,山本 大斗,61.0,右,9,1.0,1.0,4.0,4.0,1.0,1.0,1.0,0.0,0.0,1.0,0.0,,0.0,0.0,0.0,0.0,0.0,0.0,,,,,,,,,,,,,,,,,,,,,,
2026,2021038749,2026-04-21,2050019.0,片山 楽生,49.0,,11,,,,,,,,,,,,,,,,,,,3.0,1.0,0.0,0.0,0.0,9.0,1.0,1.0,,,0.0,2.0,1.0,1.0,0.0,,0.0,0.0,0.0,,5.0,13.0
2026,2021038749,2026-04-21,2100346.0,松川 虎生,2.0,捕,9,1.0,1.0,2.0,2.0,0.0,1.0,0.0,0.0,0.0,0.0,0.0,,0.0,0.0,0.0,0.0,0.0,0.0,,,,,,,,,,,,,,,,,,,,,,
2026,2021038749,2026-04-21,2101204.0,ロング,73.0,,9,,,,,,,,,,,,,,,,,,,3.0,1.0,0.0,0.0,1.0,1.04,1.0,1.0,,,0.0,0.0,0.0,0.0,0.0,,0.0,1.0,0.0,,3.0,10.0
2026,2021038749,2026-04-21,2102926.0,寺地 隆成,65.0,三一,9,1.0,1.0,4.0,3.0,0.0,0.0,0.0,0.0,0.0,0.0,0.0,,0.0,1.0,0.0,1.0,0.0,0.0,,,,,,,,,,,,,,,,,,,,,,
2026,2021038749,2026-04-21,2103747.0,渡部 遼人,0.0,中,11,1.0,1.0,4.0,3.0,2.0,1.0,0.0,0.0,1.0,1.0,0.0,,1.0,0.0,0.0,0.0,0.0,0.0,,,,,,,,,,,,,,,,,,,,,,
2026,2021038749,2026-04-21,2103793.0,横山 楓,52.0,,11,,,,,,,,,,,,,,,,,,,2.0,1.0,0.0,1.0,1.0,3.0,1.0,1.0,,,0.0,1.0,2.0,2.0,0.0,,1.0,1.0,1.0,,6.0,27.0
2026,2021038749,2026-04-21,2103904.0,ジャクソン,42.0,,9,,,,,,,,,,,,,,,,,,,1.0,1.0,,1.0,2.0,5.09,5.0,5.0,,,0.0,5.0,4.0,4.0,1.0,,2.0,4.0,0.0,,22.0,101.0
2026,2021038749,2026-04-21,2106798.0,友杉 篤輝,4.0,遊,9,1.0,1.0,4.0,4.0,0.0,2.0,0.0,0.0,0.0,0.0,0.0,,0.0,1.0,0.0,0.0,0.0,0.0,,,,,,,,,,,,,,,,,,,,,,
2026,2021038749,2026-04-21,2107693.0,入山 海斗,68.0,,11,,,,,,,,,,,,,,,,,,,4.0,1.0,0.0,0.0,0.0,6.0,1.0,1.0,,,0.0,1.0,0.0,0.0,0.0,,0.0,3.0,0.0,,4.0,15.0
2026,2021038749,2026-04-21,2110153.0,麦谷 祐介,8.0,打,11,1.0,0.0,1.0,1.0,0.0,0.0,0.0,0.0,0.0,0.0,0.0,,0.0,0.0,0.0,0.0,0.0,0.0,,,,,,,,,,,,,,,,,,,,,,
2026,2021038749,2026-04-21,2111290.0,横山 聖哉,34.0,遊,11,1.0,1.0,2.0,2.0,0.0,0.0,0.0,0.0,0.0,0.0,0.0,,0.0,1.0,0.0,0.0,0.0,1.0,,,,,,,,,,,,,,,,,,,,,,
2026,2021038749,2026-04-21,2117200.0,シーモア,45.0,一,11,1.0,1.0,4.0,4.0,0.0,1.0,0.0,0.0,0.0,1.0,0.0,,0.0,2.0,0.0,0.0,0.0,0.0,,,,,,,,,,,,,,,,,,,,,,
2026,2021038749,2026-04-21,2117855.0,宮崎 竜成,44.0,三,9,1.0,0.0,0.0,0.0,0.0,0.0,0.0,0.0,0.0,0.0,0.0,,0.0,0.0,0.0,0.0,0.0,0.0,,,,,,,,,,,,,,,,,,,,,,
2026,2021038750,2026-04-22,700003.0,坂本 勇人,6.0,打,1,1.0,0.0,1.0,1.0,0.0,1.0,0.0,0.0,0.0,0.0,0.0,,0.0,0.0,0.0,0.0,0.0,0.0,,,,,,,,,,,,,,,,,,,,,,
2026,2021038750,2026-04-22,900410.0,大島 洋平,8.0,中,4,1.0,1.0,4.0,4.0,1.0,1.0,0.0,0.0,0.0,0.0,0.0,,0.0,1.0,0.0,0.0,0.0,0.0,,,,,,,,,,,,,,,,,,,,,,
2026,2021038750,2026-04-22,1100095.0,松本 剛,9.0,走中,1,1.0,0.0,0.0,0.0,0.0,0.0,0.0,0.0,0.0,0.0,0.0,,0.0,0.0,0.0,0.0,0.0,0.0,,,,,,,,,,,,,,,,,,,,,,
2026,2021038750,2026-04-22,1400199.0,齋藤 綱記,59.0,投,4,1.0,0.0,0.0,0.0,0.0,0.0,0.0,0.0,0.0,0.0,0.0,,0.0,0.0,0.0,0.0,0.0,0.0,5.0,1.0,0.0,0.0,1.0,4.5,1.0,1.0,,,0.0,2.0,0.0,0.0,0.0,,0.0,3.0,0.0,,5.0,21.0
2026,2021038750,2026-04-22,1450689.0,船迫 大雅,58.0,投,1,1.0,0.0,0.0,0.0,0.0,0.0,0.0,0.0,0.0,0.0,0.0,,0.0,0.0,0.0,0.0,0.0,0.0,5.0,1.0,0.0,0.0,1.0,2.84,1.0,1.0,,,0.0,0.0,0.0,0.0,0.0,,0.0,1.0,0.0,,3.0,11.0
2026,2021038750,2026-04-22,1500052.0,中川 皓太,41.0,投,1,1.0,0.0,0.0,0.0,0.0,0.0,0.0,0.0,0.0,0.0,0.0,,0.0,0.0,0.0,0.0,0.0,0.0,3.0,1.0,0.0,1.0,0.0,1.5,0.3333333333333333,0.1,,,0.0,0.0,0.0,0.0,0.0,,0.0,1.0,0.0,,1.0,6.0
2026,2021038750,2026-04-22,1500078.0,阿部 寿樹,48.0,一,4,1.0,1.0,4.0,4.0,0.0,1.0,0.0,0.0,0.0,0.0,0.0,,0.0,1.0,0.0,0.0,0.0,0.0,,,,,,,,,,,,,,,,,,,,,,
2026,2021038750,2026-04-22,1500100.0,川越 誠司,44.0,打,4,1.0,0.0,1.0,1.0,0.0,0.0,0.0,0.0,0.0,0.0,0.0,,0.0,0.0,0.0,0.0,0.0,0.0,,,,,,,,,,,,,,,,,,,,,,
2026,2021038750,2026-04-22,1561820.0,ダルベック,29.0,一,1,1.0,1.0,4.0,4.0,1.0,2.0,0.0,0.0,1.0,2.0,0.0,,0.0,1.0,0.0,0.0,0.0,0.0,,,,,,,,,,,,,,,,,,,,,,
2026,2021038750,2026-04-22,1600085.0,細川 成也,55.0,左,4,1.0,1.0,4.0,4.0,0.0,1.0,0.0,0.0,0.0,0.0,0.0,,0.0,2.0,0.0,0.0,0.0,0.0,,,,,,,,,,,,,,,,,,,,,,
2026,2021038750,2026-04-22,1600110.0,藤嶋 健人,54.0,投,4,1.0,0.0,0.0,0.0,0.0,0.0,0.0,0.0,0.0,0.0,0.0,,0.0,0.0,0.0,0.0,0.0,0.0,4.0,1.0,0.0,0.0,1.0,6.75,1.0,1.0,,,0.0,1.0,1.0,1.0,1.0,,0.0,0.0,0.0,,4.0,16.0
2026,2021038750,2026-04-22,1700027.0,田中 瑛斗,45.0,投,1,1.0,0.0,0.0,0.0,0.0,0.0,0.0,0.0,0.0,0.0,0.0,,0.0,0.0,0.0,0.0,0.0,0.0,2.0,1.0,0.0,1.0,0.0,1.17,0.6666666666666666,0.2,,,1.0,0.0,0.0,0.0,0.0,,1.0,0.0,0.0,,2.0,6.0
2026,2021038750,2026-04-22,1700029.0,北浦 竜次,56.0,投,1,1.0,0.0,0.0,0.0,0.0,0.0,0.0,0.0,0.0,0.0,0.0,,0.0,0.0,0.0,0.0,0.0,0.0,6.0,1.0,0.0,0.0,0.0,8.22,1.0,1.0,,,0.0,0.0,0.0,0.0,0.0,,0.0,1.0,0.0,,3.0,14.0
2026,2021038750,2026-04-22,1700044.0,大城 卓三,24.0,捕,1,1.0,1.0,4.0,3.0,0.0,1.0,0.0,0.0,0.0,0.0,0.0,,1.0,0.0,0.0,0.0,0.0,0.0,,,,,,,,,,,,,,,,,,,,,,
2026,2021038750,2026-04-22,1750223.0,村松 開人,5.0,打遊,4,1.0,0.0,1.0,1.0,0.0,1.0,0.0,0.0,0.0,0.0,0.0,,0.0,0.0,0.0,0.0,0.0,0.0,,,,,,,,,,,,,,,,,,,,,,
2026,2021038750,2026-04-22,1750701.0,田中 幹也,2.0,二,4,1.0,1.0,4.0,3.0,0.0,0.0,0.0,0.0,0.0,0.0,0.0,,1.0,1.0,0.0,0.0,0.0,1.0,,,,,,,,,,,,,,,,,,,,,,
2026,2021038750,2026-04-22,1951153.0,浦田 俊輔,32.0,二,1,1.0,1.0,4.0,4.0,0.0,1.0,0.0,0.0,0.0,0.0,0.0,,0.0,2.0,0.0,0.0,0.0,0.0,,,,,,,,,,,,,,,,,,,,,,
2026,2021038750,2026-04-22,1960444.0,ルシアーノ,48.0,投,1,1.0,0.0,0.0,0.0,0.0,0.0,0.0,0.0,0.0,0.0,0.0,,0.0,0.0,0.0,0.0,0.0,0.0,4.0,1.0,0.0,0.0,0.0,0.0,1.0,1.0,,,0.0,1.0,0.0,0.0,0.0,,0.0,0.0,0.0,,3.0,10.0
2026,2021038750,2026-04-22,1961300.0,ボスラー,24.0,三,4,1.0,1.0,4.0,4.0,0.0,0.0,0.0,0.0,0.0,0.0,0.0,,0.0,3.0,0.0,0.0,0.0,0.0,,,,,,,,,,,,,,,,,,,,,,
2026,2021038750,2026-04-22,2100410.0,櫻井 頼之介,16.0,投,4,1.0,1.0,1.0,1.0,0.0,0.0,0.0,0.0,0.0,0.0,0.0,,0.0,1.0,0.0,0.0,0.0,0.0,1.0,1.0,,0.0,2.0,7.11,3.0,3.0,,,0.0,7.0,4.0,4.0,0.0,,2.0,4.0,0.0,,18.0,77.0
2026,2021038750,2026-04-22,2102672.0,皆川 岳飛,39.0,打,1,1.0,0.0,1.0,1.0,0.0,0.0,0.0,0.0,0.0,0.0,0.0,,0.0,0.0,0.0,0.0,0.0,0.0,,,,,,,,,,,,,,,,,,,,,,
2026,2021038750,2026-04-22,2103845.0,鵜飼 航丞,66.0,右,4,1.0,1.0,4.0,3.0,0.0,1.0,0.0,0.0,0.0,0.0,0.0,,1.0,1.0,0.0,0.0,0.0,0.0,,,,,,,,,,,,,,,,,,,,,,
2026,2021038750,2026-04-22,2105102.0,石伊 雄太,9.0,捕,4,1.0,1.0,4.0,4.0,0.0,2.0,1.0,0.0,0.0,1.0,0.0,,0.0,0.0,0.0,0.0,0.0,0.0,,,,,,,,,,,,,,,,,,,,,,
2026,2021038750,2026-04-22,2105174.0,辻本 倫太郎,0.0,打,4,1.0,0.0,1.0,1.0,0.0,0.0,0.0,0.0,0.0,0.0,0.0,,0.0,1.0,0.0,0.0,0.0,0.0,,,,,,,,,,,,,,,,,,,,,,
2026,2021038750,2026-04-22,2105295.0,吉田 聖弥,47.0,投,4,1.0,0.0,0.0,0.0,0.0,0.0,0.0,0.0,0.0,0.0,0.0,,0.0,0.0,0.0,0.0,0.0,0.0,3.0,1.0,0.0,0.0,0.0,0.0,1.0,1.0,,,0.0,1.0,0.0,0.0,0.0,,0.0,2.0,0.0,,5.0,26.0
2026,2021038750,2026-04-22,2106178.0,佐々木 俊輔,44.0,中左,1,1.0,1.0,5.0,5.0,0.0,3.0,0.0,0.0,0.0,1.0,0.0,,0.0,1.0,0.0,0.0,0.0,0.0,,,,,,,,,,,,,,,,,,,,,,
2026,2021038750,2026-04-22,2107860.0,仲地 礼亜,26.0,投,4,1.0,0.0,0.0,0.0,0.0,0.0,0.0,0.0,0.0,0.0,0.0,,0.0,0.0,0.0,0.0,0.0,0.0,2.0,1.0,0.0,0.0,0.0,5.4,2.0,2.0,,,0.0,2.0,0.0,0.0,0.0,,0.0,2.0,0.0,,7.0,26.0
2026,2021038750,2026-04-22,2110991.0,小濱 佑斗,33.0,三,1,1.0,1.0,4.0,4.0,0.0,0.0,0.0,0.0,0.0,0.0,0.0,,0.0,0.0,0.0,0.0,0.0,0.0,,,,,,,,,,,,,,,,,,,,,,
2026,2021038750,2026-04-22,2112330.0,平山 功太,69.0,右,1,1.0,1.0,4.0,3.0,1.0,0.0,0.0,0.0,0.0,0.0,0.0,,1.0,1.0,0.0,0.0,0.0,0.0,,,,,,,,,,,,,,,,,,,,,,
2026,2021038750,2026-04-22,2112338.0,ロドリゲス,95.0,遊,4,1.0,1.0,2.0,2.0,0.0,0.0,0.0,0.0,0.0,0.0,0.0,,0.0,2.0,0.0,0.0,0.0,0.0,,,,,,,,,,,,,,,,,,,,,,
2026,2021038750,2026-04-22,2116069.0,石塚 裕惺,23.0,遊,1,1.0,1.0,5.0,5.0,1.0,1.0,0.0,1.0,0.0,2.0,0.0,,0.0,4.0,0.0,0.0,0.0,0.0,,,,,,,,,,,,,,,,,,,,,,
2026,2021038750,2026-04-22,2118420.0,キャベッジ,13.0,左,1,1.0,1.0,5.0,5.0,1.0,3.0,2.0,0.0,0.0,0.0,0.0,,0.0,1.0,0.0,0.0,0.0,0.0,,,,,,,,,,,,,,,,,,,,,,
2026,2021038750,2026-04-22,2118993.0,竹丸 和幸,21.0,投,1,1.0,1.0,2.0,2.0,1.0,1.0,0.0,0.0,0.0,0.0,0.0,,0.0,1.0,0.0,0.0,0.0,0.0,1.0,1.0,,3.0,1.0,1.66,5.0,5.0,,,0.0,6.0,1.0,1.0,0.0,,1.0,10.0,0.0,,22.0,97.0
2026,2021038751,2026-04-22,1200053.0,宮崎 敏郎,51.0,打,3,1.0,0.0,1.0,0.0,0.0,0.0,0.0,0.0,0.0,1.0,0.0,,0.0,0.0,0.0,0.0,1.0,0.0,,,,,,,,,,,,,,,,,,,,,,
2026,2021038751,2026-04-22,1200100.0,伏見 寅威,17.0,打捕,5,1.0,0.0,1.0,0.0,0.0,0.0,0.0,0.0,0.0,0.0,0.0,,0.0,0.0,0.0,1.0,0.0,0.0,,,,,,,,,,,,,,,,,,,,,,
2026,2021038751,2026-04-22,1400109.0,山崎 康晃,19.0,投,3,1.0,0.0,0.0,0.0,0.0,0.0,0.0,0.0,0.0,0.0,0.0,,0.0,0.0,0.0,0.0,0.0,0.0,6.0,1.0,0.0,0.0,0.0,1.29,1.0,1.0,,,6.0,2.0,0.0,0.0,0.0,,0.0,1.0,0.0,,5.0,18.0
2026,2021038751,2026-04-22,1500064.0,戸柱 恭孝,10.0,捕,3,1.0,1.0,4.0,2.0,0.0,1.0,0.0,0.0,0.0,2.0,0.0,,2.0,0.0,0.0,0.0,0.0,0.0,,,,,,,,,,,,,,,,,,,,,,
2026,2021038751,2026-04-22,1500087.0,坂本 誠志郎,12.0,捕,5,1.0,1.0,2.0,2.0,0.0,0.0,0.0,0.0,0.0,0.0,0.0,,0.0,1.0,0.0,0.0,0.0,0.0,,,,,,,,,,,,,,,,,,,,,,
2026,2021038751,2026-04-22,1600021.0,ビシエド,66.0,打,3,1.0,0.0,1.0,1.0,0.0,0.0,0.0,0.0,0.0,0.0,0.0,,0.0,1.0,0.0,0.0,0.0,0.0,,,,,,,,,,,,,,,,,,,,,,
2026,2021038751,2026-04-22,1600033.0,ドリス,98.0,投,5,1.0,0.0,0.0,0.0,0.0,0.0,0.0,0.0,0.0,0.0,0.0,,0.0,0.0,0.0,0.0,0.0,0.0,4.0,1.0,0.0,0.0,1.0,1.8,1.0,1.0,,,2.0,2.0,1.0,1.0,0.0,,1.0,1.0,0.0,,5.0,22.0
2026,2021038751,2026-04-22,1600089.0,佐野 恵太,7.0,一,3,1.0,1.0,5.0,3.0,2.0,2.0,0.0,0.0,1.0,3.0,0.0,,2.0,0.0,0.0,0.0,0.0,0.0,,,,,,,,,,,,,,,,,,,,,,
2026,2021038751,2026-04-22,1600107.0,京田 陽太,9.0,遊,3,1.0,1.0,4.0,3.0,1.0,2.0,0.0,0.0,0.0,0.0,0.0,,0.0,0.0,1.0,0.0,0.0,0.0,,,,,,,,,,,,,,,,,,,,,,
2026,2021038751,2026-04-22,1600113.0,大山 悠輔,3.0,一,5,1.0,1.0,4.0,2.0,2.0,2.0,0.0,0.0,2.0,5.0,0.0,,2.0,0.0,0.0,0.0,0.0,0.0,,,,,,,,,,,,,,,,,,,,,,
2026,2021038751,2026-04-22,1600167.0,三森 大貴,26.0,中,3,1.0,1.0,5.0,5.0,1.0,1.0,1.0,0.0,0.0,0.0,0.0,,0.0,0.0,0.0,0.0,0.0,0.0,,,,,,,,,,,,,,,,,,,,,,
2026,2021038751,2026-04-22,1650915.0,竹田 祐,12.0,投,3,1.0,1.0,2.0,2.0,0.0,0.0,0.0,0.0,0.0,0.0,0.0,,0.0,1.0,0.0,0.0,0.0,0.0,1.0,1.0,,0.0,2.0,5.84,4.0,4.0,,,0.0,3.0,5.0,1.0,2.0,,2.0,2.0,0.0,,18.0,58.0
2026,2021038751,2026-04-22,1700067.0,中川 虎大,64.0,投,3,1.0,0.0,0.0,0.0,0.0,0.0,0.0,0.0,0.0,0.0,0.0,,0.0,0.0,0.0,0.0,0.0,0.0,3.0,1.0,0.0,1.0,0.0,0.0,1.0,1.0,,,0.0,0.0,0.0,0.0,0.0,,1.0,1.0,0.0,,4.0,16.0
2026,2021038751,2026-04-22,1800046.0,勝又 温史,28.0,左,3,1.0,1.0,5.0,5.0,0.0,2.0,0.0,0.0,0.0,1.0,0.0,,0.0,1.0,0.0,0.0,0.0,0.0,,,,,,,,,,,,,,,,,,,,,,
2026,2021038751,2026-04-22,1800065.0,近本 光司,5.0,中,5,1.0,1.0,5.0,5.0,1.0,1.0,1.0,0.0,0.0,1.0,0.0,,0.0,0.0,0.0,0.0,0.0,0.0,,,,,,,,,,,,,,,,,,,,,,
2026,2021038751,2026-04-22,1800066.0,小幡 竜平,38.0,打,5,1.0,0.0,1.0,1.0,0.0,0.0,0.0,0.0,0.0,0.0,0.0,,0.0,0.0,0.0,0.0,0.0,0.0,,,,,,,,,,,,,,,,,,,,,,
2026,2021038751,2026-04-22,1800067.0,木浪 聖也,0.0,遊,5,1.0,1.0,4.0,3.0,0.0,0.0,0.0,0.0,0.0,0.0,0.0,,1.0,2.0,0.0,0.0,0.0,0.0,,,,,,,,,,,,,,,,,,,,,,
2026,2021038751,2026-04-22,1850183.0,森下 翔太,1.0,右,5,1.0,1.0,5.0,4.0,0.0,1.0,0.0,0.0,0.0,0.0,1.0,,1.0,0.0,0.0,0.0,0.0,0.0,,,,,,,,,,,,,,,,,,,,,,
2026,2021038751,2026-04-22,1850208.0,林 琢真,0.0,三,3,1.0,0.0,1.0,1.0,0.0,1.0,0.0,0.0,0.0,0.0,0.0,,0.0,0.0,0.0,0.0,0.0,0.0,,,,,,,,,,,,,,,,,,,,,,
2026,2021038751,2026-04-22,1850873.0,度会 隆輝,4.0,三右左,3,1.0,1.0,5.0,5.0,1.0,3.0,0.0,0.0,0.0,0.0,0.0,,0.0,0.0,0.0,0.0,0.0,0.0,,,,,,,,,,,,,,,,,,,,,,
2026,2021038751,2026-04-22,1860235.0,ルイーズ,49.0,投,3,1.0,0.0,0.0,0.0,0.0,0.0,0.0,0.0,0.0,0.0,0.0,,0.0,0.0,0.0,0.0,0.0,0.0,4.0,1.0,0.0,0.0,0.0,3.0,1.0,1.0,,,0.0,1.0,1.0,1.0,0.0,,0.0,0.0,0.0,,4.0,12.0
2026,2021038751,2026-04-22,1900035.0,蝦名 達夫,61.0,打右,3,1.0,0.0,1.0,1.0,1.0,1.0,0.0,0.0,0.0,0.0,0.0,,0.0,0.0,0.0,0.0,0.0,0.0,,,,,,,,,,,,,,,,,,,,,,
2026,2021038751,2026-04-22,1950996.0,前川 右京,58.0,打,5,1.0,0.0,1.0,1.0,0.0,0.0,0.0,0.0,0.0,0.0,0.0,,0.0,0.0,0.0,0.0,0.0,0.0,,,,,,,,,,,,,,,,,,,,,,
2026,2021038751,2026-04-22,2000035.0,牧 秀悟,2.0,二,3,1.0,1.0,5.0,5.0,1.0,2.0,1.0,0.0,0.0,0.0,0.0,,0.0,1.0,0.0,0.0,0.0,1.0,,,,,,,,,,,,,,,,,,,,,,
2026,2021038751,2026-04-22,2000051.0,佐藤 輝明,8.0,三,5,1.0,1.0,5.0,5.0,0.0,0.0,0.0,0.0,0.0,0.0,0.0,,0.0,1.0,0.0,0.0,0.0,0.0,,,,,,,,,,,,,,,,,,,,,,
2026,2021038751,2026-04-22,2000056.0,中野 拓夢,7.0,二,5,1.0,1.0,5.0,4.0,1.0,0.0,0.0,0.0,0.0,0.0,0.0,,1.0,1.0,0.0,0.0,0.0,0.0,,,,,,,,,,,,,,,,,,,,,,
2026,2021038751,2026-04-22,2000057.0,高寺 望夢,67.0,打,5,1.0,0.0,1.0,1.0,1.0,1.0,1.0,0.0,0.0,0.0,0.0,,0.0,0.0,0.0,0.0,0.0,0.0,,,,,,,,,,,,,,,,,,,,,,
2026,2021038751,2026-04-22,2101034.0,ヒュンメル,99.0,右,3,1.0,1.0,3.0,3.0,0.0,0.0,0.0,0.0,0.0,0.0,0.0,,0.0,1.0,0.0,0.0,0.0,0.0,,,,,,,,,,,,,,,,,,,,,,
2026,2021038751,2026-04-22,2103707.0,桐敷 拓馬,47.0,投,5,1.0,0.0,0.0,0.0,0.0,0.0,0.0,0.0,0.0,0.0,0.0,,0.0,0.0,0.0,0.0,0.0,0.0,3.0,1.0,0.0,0.0,1.0,1.93,1.0,1.0,,,1.0,2.0,0.0,0.0,0.0,,0.0,0.0,1.0,,6.0,17.0
2026,2021038751,2026-04-22,2105891.0,マルセリーノ,98.0,投,3,1.0,0.0,0.0,0.0,0.0,0.0,0.0,0.0,0.0,0.0,0.0,,0.0,0.0,0.0,0.0,0.0,0.0,2.0,1.0,0.0,0.0,0.0,5.63,1.0,1.0,,,0.0,0.0,0.0,0.0,0.0,,0.0,0.0,0.0,,3.0,11.0
2026,2021038751,2026-04-22,2106233.0,石黒 佑弥,63.0,投,5,1.0,0.0,0.0,0.0,0.0,0.0,0.0,0.0,0.0,0.0,0.0,,0.0,0.0,0.0,0.0,0.0,0.0,2.0,1.0,0.0,0.0,0.0,3.6,1.3333333333333333,1.1,,,0.0,2.0,1.0,1.0,0.0,,0.0,1.0,0.0,,6.0,19.0
2026,2021038751,2026-04-22,2107862.0,茨木 秀俊,48.0,投,5,1.0,1.0,2.0,1.0,1.0,0.0,0.0,0.0,0.0,0.0,0.0,,1.0,0.0,0.0,0.0,0.0,0.0,1.0,1.0,,1.0,0.0,4.22,4.666666666666667,4.2,,,0.0,9.0,5.0,5.0,1.0,,3.0,3.0,0.0,,25.0,87.0
2026,2021038751,2026-04-22,2110225.0,福島 圭音,92.0,左,5,1.0,1.0,4.0,4.0,0.0,1.0,0.0,0.0,0.0,0.0,1.0,,0.0,0.0,0.0,0.0,0.0,0.0,,,,,,,,,,,,,,,,,,,,,,
2026,2021038751,2026-04-22,2117433.0,レイノルズ,62.0,投,3,1.0,0.0,0.0,0.0,0.0,0.0,0.0,0.0,0.0,0.0,0.0,,0.0,0.0,0.0,0.0,0.0,0.0,5.0,1.0,0.0,2.0,0.0,1.64,1.0,1.0,,,0.0,0.0,0.0,0.0,0.0,,3.0,1.0,0.0,,6.0,28.0
2026,2021038752,2026-04-22,1000150.0,秋山 翔吾,9.0,打,6,1.0,0.0,1.0,1.0,0.0,0.0,0.0,0.0,0.0,0.0,0.0,,0.0,0.0,0.0,0.0,0.0,0.0,,,,,,,,,,,,,,,,,,,,,,
2026,2021038752,2026-04-22,1100082.0,菊池 涼介,33.0,二,6,1.0,1.0,4.0,4.0,0.0,1.0,0.0,0.0,0.0,0.0,1.0,,0.0,0.0,0.0,0.0,0.0,0.0,,,,,,,,,,,,,,,,,,,,,,
2026,2021038752,2026-04-22,1300057.0,大瀬良 大地,14.0,投,6,1.0,1.0,1.0,1.0,0.0,1.0,0.0,0.0,0.0,0.0,0.0,,0.0,0.0,0.0,0.0,0.0,0.0,1.0,1.0,,0.0,1.0,3.6,5.0,5.0,,,0.0,6.0,2.0,2.0,0.0,,1.0,4.0,0.0,,21.0,85.0
2026,2021038752,2026-04-22,1400173.0,野間 峻祥,37.0,打,6,1.0,0.0,1.0,1.0,0.0,1.0,0.0,0.0,0.0,0.0,0.0,,0.0,0.0,0.0,0.0,0.0,0.0,,,,,,,,,,,,,,,,,,,,,,
2026,2021038752,2026-04-22,1400175.0,塹江 敦哉,36.0,投,6,1.0,0.0,0.0,0.0,0.0,0.0,0.0,0.0,0.0,0.0,0.0,,0.0,0.0,0.0,0.0,0.0,0.0,6.0,1.0,0.0,0.0,0.0,0.0,0.3333333333333333,0.1,,,0.0,0.0,0.0,0.0,0.0,,0.0,0.0,0.0,,1.0,8.0
2026,2021038752,2026-04-22,1600075.0,星 知弥,24.0,投,2,1.0,0.0,0.0,0.0,0.0,0.0,0.0,0.0,0.0,0.0,0.0,,0.0,0.0,0.0,0.0,0.0,0.0,2.0,1.0,0.0,0.0,0.0,1.0,1.0,1.0,,,1.0,1.0,0.0,0.0,0.0,,0.0,0.0,0.0,,4.0,17.0
2026,2021038752,2026-04-22,1650522.0,丸山 和郁,4.0,右,2,1.0,1.0,4.0,4.0,0.0,2.0,0.0,0.0,0.0,0.0,0.0,,0.0,1.0,0.0,0.0,0.0,0.0,,,,,,,,,,,,,,,,,,,,,,
2026,2021038752,2026-04-22,1700068.0,中村 奨成,96.0,右,6,1.0,0.0,2.0,2.0,0.0,0.0,0.0,0.0,0.0,0.0,0.0,,0.0,1.0,0.0,0.0,0.0,0.0,,,,,,,,,,,,,,,,,,,,,,
2026,2021038752,2026-04-22,1800072.0,小園 海斗,5.0,遊,6,1.0,1.0,2.0,1.0,0.0,1.0,0.0,0.0,0.0,0.0,0.0,,0.0,0.0,1.0,0.0,0.0,0.0,,,,,,,,,,,,,,,,,,,,,,
2026,2021038752,2026-04-22,1800079.0,大盛 穂,59.0,打,6,1.0,0.0,1.0,1.0,0.0,0.0,0.0,0.0,0.0,0.0,0.0,,0.0,1.0,0.0,0.0,0.0,0.0,,,,,,,,,,,,,,,,,,,,,,
2026,2021038752,2026-04-22,1900028.0,長岡 秀樹,7.0,遊,2,1.0,1.0,5.0,5.0,0.0,0.0,0.0,0.0,0.0,0.0,0.0,,0.0,2.0,0.0,0.0,0.0,0.0,,,,,,,,,,,,,,,,,,,,,,
2026,2021038752,2026-04-22,1900029.0,武岡 龍世,60.0,二三,2,1.0,1.0,4.0,4.0,0.0,0.0,0.0,0.0,0.0,0.0,0.0,,0.0,1.0,0.0,0.0,0.0,0.0,,,,,,,,,,,,,,,,,,,,,,
2026,2021038752,2026-04-22,1900058.0,持丸 泰輝,57.0,捕,6,1.0,1.0,3.0,2.0,0.0,0.0,0.0,0.0,0.0,0.0,0.0,,1.0,0.0,0.0,0.0,0.0,0.0,,,,,,,,,,,,,,,,,,,,,,
2026,2021038752,2026-04-22,1900073.0,鈴木 健矢,41.0,投,6,1.0,0.0,0.0,0.0,0.0,0.0,0.0,0.0,0.0,0.0,0.0,,0.0,0.0,0.0,0.0,0.0,0.0,5.0,1.0,0.0,0.0,0.0,5.79,0.6666666666666666,0.2,,,0.0,2.0,0.0,0.0,0.0,,0.0,0.0,0.0,,4.0,17.0
2026,2021038752,2026-04-22,1950429.0,高 太一,22.0,投,6,1.0,0.0,0.0,0.0,0.0,0.0,0.0,0.0,0.0,0.0,0.0,,0.0,0.0,0.0,0.0,0.0,0.0,3.0,1.0,0.0,0.0,0.0,0.0,1.0,1.0,,,0.0,0.0,0.0,0.0,0.0,,0.0,2.0,0.0,,3.0,15.0
2026,2021038752,2026-04-22,1961046.0,キハダ,11.0,投,2,1.0,0.0,0.0,0.0,0.0,0.0,0.0,0.0,0.0,0.0,0.0,,0.0,0.0,0.0,0.0,0.0,0.0,4.0,1.0,0.0,0.0,0.0,0.0,1.0,1.0,,,9.0,1.0,0.0,0.0,0.0,,1.0,2.0,0.0,,5.0,20.0
2026,2021038752,2026-04-22,1961927.0,モンテロ,95.0,一,6,1.0,1.0,4.0,4.0,0.0,1.0,0.0,0.0,0.0,0.0,0.0,,0.0,1.0,0.0,0.0,0.0,0.0,,,,,,,,,,,,,,,,,,,,,,
2026,2021038752,2026-04-22,2000025.0,山野 太一,26.0,投,2,1.0,1.0,3.0,2.0,0.0,0.0,0.0,0.0,0.0,1.0,0.0,,0.0,0.0,0.0,0.0,1.0,0.0,1.0,1.0,,4.0,0.0,2.77,6.0,6.0,,,0.0,5.0,0.0,0.0,0.0,,1.0,2.0,1.0,,25.0,97.0
2026,2021038752,2026-04-22,2000031.0,赤羽 由紘,0.0,三左,2,1.0,1.0,4.0,4.0,0.0,1.0,1.0,0.0,0.0,0.0,0.0,,0.0,1.0,0.0,0.0,0.0,0.0,,,,,,,,,,,,,,,,,,,,,,
2026,2021038752,2026-04-22,2000061.0,森浦 大輔,13.0,投,6,1.0,0.0,0.0,0.0,0.0,0.0,0.0,0.0,0.0,0.0,0.0,,0.0,0.0,0.0,0.0,0.0,0.0,4.0,1.0,0.0,1.0,2.0,5.63,1.0,1.0,,,1.0,0.0,0.0,0.0,0.0,,0.0,2.0,0.0,,3.0,13.0
2026,2021038752,2026-04-22,2000066.0,二俣 翔一,99.0,右遊,6,1.0,1.0,4.0,4.0,0.0,0.0,0.0,0.0,0.0,0.0,0.0,,0.0,1.0,0.0,0.0,0.0,0.0,,,,,,,,,,,,,,,,,,,,,,
2026,2021038752,2026-04-22,2000133.0,オスナ,13.0,一,2,1.0,1.0,4.0,4.0,0.0,2.0,1.0,0.0,0.0,0.0,0.0,,0.0,0.0,0.0,0.0,0.0,0.0,,,,,,,,,,,,,,,,,,,,,,
2026,2021038752,2026-04-22,2000135.0,サンタナ,25.0,左,2,1.0,1.0,3.0,3.0,1.0,2.0,1.0,0.0,0.0,0.0,0.0,,0.0,1.0,0.0,0.0,0.0,0.0,,,,,,,,,,,,,,,,,,,,,,
2026,2021038752,2026-04-22,2050203.0,佐々木 泰,10.0,三,6,1.0,1.0,4.0,4.0,0.0,1.0,1.0,0.0,0.0,0.0,0.0,,0.0,0.0,0.0,0.0,0.0,0.0,,,,,,,,,,,,,,,,,,,,,,
2026,2021038752,2026-04-22,2103917.0,岩田 幸宏,64.0,中,2,1.0,1.0,4.0,2.0,1.0,0.0,0.0,0.0,0.0,0.0,1.0,,2.0,1.0,0.0,0.0,0.0,0.0,,,,,,,,,,,,,,,,,,,,,,
2026,2021038752,2026-04-22,2105063.0,橋本 星哉,52.0,走,2,1.0,0.0,0.0,0.0,0.0,0.0,0.0,0.0,0.0,0.0,0.0,,0.0,0.0,0.0,0.0,0.0,0.0,,,,,,,,,,,,,,,,,,,,,,
2026,2021038752,2026-04-22,2107887.0,辰見 鴻之介,69.0,走,6,1.0,0.0,0.0,0.0,0.0,0.0,0.0,0.0,0.0,0.0,1.0,,0.0,0.0,0.0,0.0,0.0,0.0,,,,,,,,,,,,,,,,,,,,,,
2026,2021038752,2026-04-22,2109495.0,鈴木 叶,65.0,捕,2,1.0,1.0,4.0,4.0,0.0,1.0,0.0,0.0,0.0,0.0,0.0,,0.0,2.0,0.0,0.0,0.0,0.0,,,,,,,,,,,,,,,,,,,,,,
2026,2021038752,2026-04-22,2110164.0,平川 蓮,51.0,中,6,1.0,1.0,5.0,5.0,0.0,1.0,0.0,0.0,0.0,0.0,0.0,,0.0,3.0,0.0,0.0,0.0,0.0,,,,,,,,,,,,,,,,,,,,,,
2026,2021038752,2026-04-22,2112143.0,佐藤 啓介,94.0,打,6,1.0,0.0,1.0,1.0,0.0,0.0,0.0,0.0,0.0,0.0,0.0,,0.0,0.0,0.0,0.0,0.0,0.0,,,,,,,,,,,,,,,,,,,,,,
2026,2021038752,2026-04-22,2112175.0,伊藤 琉偉,67.0,二,2,1.0,0.0,1.0,1.0,0.0,0.0,0.0,0.0,0.0,0.0,0.0,,0.0,0.0,0.0,0.0,0.0,1.0,,,,,,,,,,,,,,,,,,,,,,
2026,2021038752,2026-04-22,2113365.0,田中 陽翔,54.0,打,2,1.0,0.0,1.0,1.0,0.0,1.0,0.0,0.0,0.0,0.0,0.0,,0.0,0.0,0.0,0.0,0.0,0.0,,,,,,,,,,,,,,,,,,,,,,
2026,2021038752,2026-04-22,2114882.0,ファビアン,61.0,左,6,1.0,1.0,4.0,3.0,0.0,0.0,0.0,0.0,0.0,0.0,0.0,,1.0,0.0,0.0,0.0,0.0,0.0,,,,,,,,,,,,,,,,,,,,,,
2026,2021038752,2026-04-22,2119338.0,齊藤 汰直,11.0,投,6,1.0,0.0,0.0,0.0,0.0,0.0,0.0,0.0,0.0,0.0,0.0,,0.0,0.0,0.0,0.0,0.0,0.0,2.0,1.0,0.0,0.0,0.0,7.2,1.0,1.0,,,0.0,1.0,0.0,0.0,0.0,,1.0,1.0,0.0,,5.0,18.0
2026,2021038752,2026-04-22,2122334.0,リランソ,62.0,投,2,1.0,0.0,0.0,0.0,0.0,0.0,0.0,0.0,0.0,0.0,0.0,,0.0,0.0,0.0,0.0,0.0,0.0,3.0,1.0,0.0,0.0,0.0,0.0,1.0,1.0,,,0.0,0.0,0.0,0.0,0.0,,0.0,3.0,0.0,,3.0,14.0
2026,2021038753,2026-04-22,800075.0,伊藤 光,27.0,捕,376,1.0,0.0,1.0,1.0,0.0,0.0,0.0,0.0,0.0,0.0,0.0,,0.0,1.0,0.0,0.0,0.0,0.0,,,,,,,,,,,,,,,,,,,,,,
2026,2021038753,2026-04-22,900056.0,浅村 栄斗,3.0,一,376,1.0,1.0,5.0,4.0,1.0,1.0,0.0,0.0,1.0,1.0,0.0,,0.0,2.0,1.0,0.0,0.0,0.0,,,,,,,,,,,,,,,,,,,,,,
2026,2021038753,2026-04-22,1000164.0,島本 浩也,40.0,,8,,,,,,,,,,,,,,,,,,,7.0,1.0,0.0,1.0,0.0,1.59,1.0,1.0,,,0.0,0.0,0.0,0.0,0.0,,2.0,1.0,0.0,,5.0,18.0
2026,2021038753,2026-04-22,1300076.0,加治屋 蓮,41.0,,376,,,,,,,,,,,,,,,,,,,3.0,1.0,0.0,2.0,0.0,1.08,0.3333333333333333,0.1,,,0.0,1.0,0.0,0.0,0.0,,0.0,0.0,0.0,,2.0,5.0
2026,2021038753,2026-04-22,1400118.0,清水 優心,10.0,捕,8,1.0,1.0,4.0,3.0,0.0,1.0,0.0,0.0,0.0,0.0,0.0,,1.0,0.0,0.0,0.0,0.0,0.0,,,,,,,,,,,,,,,,,,,,,,
2026,2021038753,2026-04-22,1400119.0,淺間 大基,8.0,中左,8,1.0,1.0,4.0,4.0,1.0,1.0,0.0,0.0,1.0,2.0,0.0,,0.0,1.0,0.0,0.0,0.0,0.0,,,,,,,,,,,,,,,,,,,,,,
2026,2021038753,2026-04-22,1500109.0,上原 健太,20.0,,8,,,,,,,,,,,,,,,,,,,4.0,1.0,0.0,1.0,1.0,4.32,1.0,1.0,,,0.0,0.0,0.0,0.0,0.0,,0.0,1.0,0.0,,3.0,9.0
2026,2021038753,2026-04-22,1500110.0,加藤 貴之,14.0,,8,,,,,,,,,,,,,,,,,,,1.0,1.0,,2.0,1.0,3.66,5.0,5.0,,,0.0,4.0,2.0,1.0,0.0,,0.0,5.0,0.0,,21.0,77.0
2026,2021038753,2026-04-22,1600007.0,村林 一輝,6.0,遊,376,1.0,1.0,5.0,4.0,1.0,1.0,1.0,0.0,0.0,0.0,0.0,,1.0,1.0,0.0,0.0,0.0,0.0,,,,,,,,,,,,,,,,,,,,,,
2026,2021038753,2026-04-22,1600092.0,藤平 尚真,46.0,,376,,,,,,,,,,,,,,,,,,,5.0,1.0,0.0,0.0,0.0,0.9,1.0,1.0,,,5.0,1.0,0.0,0.0,0.0,,0.0,1.0,0.0,,4.0,14.0
2026,2021038753,2026-04-22,1600139.0,玉井 大翔,19.0,,8,,,,,,,,,,,,,,,,,,,2.0,1.0,0.0,0.0,0.0,1.8,1.0,1.0,,,0.0,1.0,1.0,1.0,1.0,,0.0,0.0,1.0,,4.0,12.0
2026,2021038753,2026-04-22,1600164.0,田中 正義,26.0,,8,,,,,,,,,,,,,,,,,,,5.0,1.0,0.0,0.0,0.0,1.29,1.0,1.0,,,0.0,1.0,1.0,1.0,1.0,,0.0,0.0,0.0,,4.0,11.0
2026,2021038753,2026-04-22,1700025.0,清宮 幸太郎,21.0,一,8,1.0,1.0,5.0,5.0,1.0,2.0,0.0,0.0,0.0,1.0,0.0,,0.0,1.0,0.0,0.0,0.0,0.0,,,,,,,,,,,,,,,,,,,,,,
2026,2021038753,2026-04-22,1750493.0,西垣 雅矢,49.0,,376,,,,,,,,,,,,,,,,,,,4.0,1.0,0.0,1.0,0.0,1.93,1.0,1.0,,,0.0,2.0,1.0,1.0,0.0,,2.0,0.0,0.0,,7.0,27.0
2026,2021038753,2026-04-22,1760551.0,ボイト,9.0,指,376,1.0,1.0,5.0,5.0,0.0,1.0,0.0,0.0,0.0,0.0,0.0,,0.0,1.0,0.0,0.0,0.0,0.0,,,,,,,,,,,,,,,,,,,,,,
2026,2021038753,2026-04-22,1800044.0,伊藤 裕季也,39.0,三,376,1.0,1.0,4.0,4.0,1.0,1.0,0.0,0.0,1.0,1.0,0.0,,0.0,1.0,0.0,0.0,0.0,0.0,,,,,,,,,,,,,,,,,,,,,,
2026,2021038753,2026-04-22,1800068.0,齋藤 友貴哉,48.0,,8,,,,,,,,,,,,,,,,,,,3.0,1.0,0.0,0.0,1.0,4.5,0.0,0.0,,,0.0,0.0,0.0,0.0,0.0,,2.0,0.0,0.0,,2.0,10.0
2026,2021038753,2026-04-22,1800091.0,野村 佑希,5.0,左,8,1.0,1.0,4.0,3.0,1.0,1.0,0.0,0.0,0.0,0.0,0.0,,1.0,1.0,0.0,0.0,0.0,0.0,,,,,,,,,,,,,,,,,,,,,,
2026,2021038753,2026-04-22,1800093.0,万波 中正,66.0,右,8,1.0,1.0,5.0,5.0,0.0,1.0,0.0,0.0,0.0,0.0,0.0,,0.0,1.0,0.0,0.0,0.0,0.0,,,,,,,,,,,,,,,,,,,,,,
2026,2021038753,2026-04-22,1800095.0,田宮 裕涼,64.0,捕,8,1.0,0.0,1.0,1.0,1.0,1.0,0.0,0.0,0.0,0.0,0.0,,0.0,0.0,0.0,0.0,0.0,0.0,,,,,,,,,,,,,,,,,,,,,,
2026,2021038753,2026-04-22,1800117.0,辰己 涼介,8.0,中,376,1.0,1.0,5.0,4.0,0.0,0.0,0.0,0.0,0.0,0.0,0.0,,1.0,1.0,0.0,0.0,0.0,0.0,,,,,,,,,,,,,,,,,,,,,,
2026,2021038753,2026-04-22,1800118.0,太田 光,2.0,捕,376,1.0,1.0,3.0,2.0,0.0,0.0,0.0,0.0,0.0,0.0,0.0,,1.0,0.0,0.0,0.0,0.0,0.0,,,,,,,,,,,,,,,,,,,,,,
2026,2021038753,2026-04-22,1800122.0,渡邊 佳明,35.0,左,376,1.0,1.0,3.0,3.0,1.0,1.0,0.0,0.0,0.0,0.0,0.0,,0.0,0.0,0.0,0.0,0.0,0.0,,,,,,,,,,,,,,,,,,,,,,
2026,2021038753,2026-04-22,1800123.0,小郷 裕哉,51.0,右,376,1.0,1.0,4.0,3.0,0.0,1.0,0.0,0.0,0.0,1.0,0.0,,1.0,2.0,0.0,0.0,0.0,0.0,,,,,,,,,,,,,,,,,,,,,,
2026,2021038753,2026-04-22,1800124.0,鈴木 翔天,56.0,,376,,,,,,,,,,,,,,,,,,,2.0,1.0,0.0,0.0,0.0,2.35,0.6666666666666666,0.2,,,0.0,0.0,0.0,0.0,0.0,,1.0,1.0,0.0,,3.0,12.0
2026,2021038753,2026-04-22,1850932.0,奈良間 大己,58.0,二,8,1.0,1.0,6.0,5.0,0.0,1.0,0.0,0.0,0.0,1.0,0.0,,1.0,2.0,0.0,0.0,0.0,0.0,,,,,,,,,,,,,,,,,,,,,,
2026,2021038753,2026-04-22,1851204.0,水野 達稀,43.0,遊,8,1.0,1.0,5.0,3.0,0.0,0.0,0.0,0.0,0.0,0.0,0.0,,1.0,2.0,0.0,1.0,0.0,1.0,,,,,,,,,,,,,,,,,,,,,,
2026,2021038753,2026-04-22,1860140.0,レイエス,99.0,指,8,1.0,1.0,5.0,5.0,0.0,3.0,1.0,0.0,0.0,0.0,0.0,,0.0,0.0,0.0,0.0,0.0,0.0,,,,,,,,,,,,,,,,,,,,,,
2026,2021038753,2026-04-22,1900040.0,郡司 裕也,3.0,三,8,1.0,1.0,5.0,3.0,0.0,2.0,0.0,0.0,0.0,1.0,0.0,,2.0,0.0,0.0,0.0,0.0,1.0,,,,,,,,,,,,,,,,,,,,,,
2026,2021038753,2026-04-22,1900112.0,小深田 大翔,0.0,二,376,1.0,1.0,5.0,4.0,0.0,0.0,0.0,0.0,0.0,0.0,0.0,,0.0,0.0,0.0,1.0,0.0,0.0,,,,,,,,,,,,,,,,,,,,,,
2026,2021038753,2026-04-22,1900113.0,黒川 史陽,24.0,三,376,1.0,0.0,1.0,1.0,0.0,0.0,0.0,0.0,0.0,0.0,0.0,,0.0,0.0,0.0,0.0,0.0,0.0,,,,,,,,,,,,,,,,,,,,,,
2026,2021038753,2026-04-22,1900115.0,武藤 敦貴,50.0,左,376,1.0,0.0,1.0,1.0,0.0,0.0,0.0,0.0,0.0,0.0,0.0,,0.0,0.0,0.0,0.0,0.0,0.0,,,,,,,,,,,,,,,,,,,,,,
2026,2021038753,2026-04-22,2000080.0,五十幡 亮汰,50.0,走中,8,1.0,0.0,1.0,1.0,1.0,0.0,0.0,0.0,0.0,0.0,1.0,,0.0,1.0,0.0,0.0,0.0,0.0,,,,,,,,,,,,,,,,,,,,,,
2026,2021038753,2026-04-22,2050143.0,大塚 瑠晏,49.0,走三,8,1.0,0.0,0.0,0.0,0.0,0.0,0.0,0.0,0.0,0.0,0.0,,0.0,0.0,0.0,0.0,0.0,0.0,,,,,,,,,,,,,,,,,,,,,,
2026,2021038753,2026-04-22,2103635.0,柳川 大晟,47.0,,8,,,,,,,,,,,,,,,,,,,6.0,1.0,0.0,0.0,0.0,2.25,1.0,1.0,,,5.0,0.0,0.0,0.0,0.0,,0.0,2.0,0.0,,3.0,12.0
2026,2021038753,2026-04-22,2105283.0,平良 竜哉,48.0,走,376,1.0,0.0,0.0,0.0,0.0,0.0,0.0,0.0,0.0,0.0,0.0,,0.0,0.0,0.0,0.0,0.0,0.0,,,,,,,,,,,,,,,,,,,,,,
2026,2021038753,2026-04-22,2106284.0,矢澤 宏太,12.0,中左,8,1.0,0.0,2.0,2.0,0.0,2.0,0.0,0.0,0.0,0.0,0.0,,0.0,0.0,0.0,0.0,0.0,0.0,,,,,,,,,,,,,,,,,,,,,,
2026,2021038753,2026-04-22,2107899.0,田中 千晴,29.0,,376,,,,,,,,,,,,,,,,,,,6.0,1.0,0.0,0.0,2.0,3.0,0.6666666666666666,0.2,,,1.0,3.0,1.0,1.0,0.0,,0.0,2.0,0.0,,5.0,25.0
2026,2021038753,2026-04-22,2110316.0,古謝 樹,17.0,,376,,,,,,,,,,,,,,,,,,,1.0,1.0,,0.0,2.0,3.71,6.0,6.0,,,0.0,8.0,3.0,3.0,1.0,,3.0,5.0,0.0,,26.0,88.0
2026,2021038754,2026-04-22,12102.0,栗山 巧,1.0,打,7,1.0,0.0,1.0,1.0,0.0,0.0,0.0,0.0,0.0,0.0,0.0,,0.0,0.0,0.0,0.0,0.0,0.0,,,,,,,,,,,,,,,,,,,,,,
2026,2021038754,2026-04-22,800081.0,中村 晃,7.0,打,12,1.0,0.0,1.0,1.0,0.0,0.0,0.0,0.0,0.0,0.0,0.0,,0.0,0.0,0.0,0.0,0.0,0.0,,,,,,,,,,,,,,,,,,,,,,
2026,2021038754,2026-04-22,1000128.0,柳田 悠岐,9.0,指,12,1.0,1.0,4.0,4.0,0.0,0.0,0.0,0.0,0.0,0.0,0.0,,0.0,3.0,0.0,0.0,0.0,0.0,,,,,,,,,,,,,,,,,,,,,,
2026,2021038754,2026-04-22,1000175.0,牧原 大成,8.0,二,12,1.0,1.0,3.0,3.0,0.0,0.0,0.0,0.0,0.0,0.0,0.0,,0.0,2.0,0.0,0.0,0.0,0.0,,,,,,,,,,,,,,,,,,,,,,
2026,2021038754,2026-04-22,1100097.0,近藤 健介,3.0,左,12,1.0,1.0,4.0,4.0,0.0,0.0,0.0,0.0,0.0,0.0,0.0,,0.0,1.0,0.0,0.0,0.0,0.0,,,,,,,,,,,,,,,,,,,,,,
2026,2021038754,2026-04-22,1300101.0,山川 穂高,5.0,一,12,1.0,1.0,3.0,3.0,0.0,0.0,0.0,0.0,0.0,0.0,0.0,,0.0,0.0,0.0,0.0,0.0,0.0,,,,,,,,,,,,,,,,,,,,,,
2026,2021038754,2026-04-22,1400127.0,栗原 陵矢,24.0,三,12,1.0,1.0,4.0,3.0,1.0,1.0,0.0,0.0,1.0,1.0,0.0,,1.0,1.0,0.0,0.0,0.0,0.0,,,,,,,,,,,,,,,,,,,,,,
2026,2021038754,2026-04-22,1400182.0,高橋 光成,13.0,,7,,,,,,,,,,,,,,,,,,,1.0,1.0,,2.0,2.0,1.2,9.0,9.0,,,0.0,3.0,1.0,1.0,1.0,,1.0,8.0,0.0,,31.0,126.0
2026,2021038754,2026-04-22,1500117.0,平沢 大河,39.0,三一,7,1.0,1.0,4.0,4.0,0.0,0.0,0.0,0.0,0.0,0.0,0.0,,0.0,0.0,0.0,0.0,0.0,0.0,,,,,,,,,,,,,,,,,,,,,,
2026,2021038754,2026-04-22,1500140.0,谷川原 健太,45.0,捕,12,1.0,0.0,0.0,0.0,0.0,0.0,0.0,0.0,0.0,0.0,0.0,,0.0,0.0,0.0,0.0,0.0,0.0,,,,,,,,,,,,,,,,,,,,,,
2026,2021038754,2026-04-22,1500143.0,川瀬 晃,0.0,遊,12,1.0,1.0,3.0,3.0,0.0,0.0,0.0,0.0,0.0,0.0,0.0,,0.0,0.0,0.0,0.0,0.0,0.0,,,,,,,,,,,,,,,,,,,,,,
2026,2021038754,2026-04-22,1560184.0,オスナ,54.0,,12,,,,,,,,,,,,,,,,,,,2.0,1.0,0.0,0.0,0.0,0.0,1.0,1.0,,,0.0,1.0,0.0,0.0,0.0,,0.0,0.0,0.0,,4.0,7.0
2026,2021038754,2026-04-22,1600129.0,源田 壮亮,6.0,遊,7,1.0,1.0,4.0,4.0,0.0,0.0,0.0,0.0,0.0,0.0,0.0,,0.0,1.0,0.0,0.0,0.0,0.0,,,,,,,,,,,,,,,,,,,,,,
2026,2021038754,2026-04-22,1650813.0,川村 友斗,61.0,中,12,1.0,0.0,0.0,0.0,0.0,0.0,0.0,0.0,0.0,0.0,0.0,,0.0,0.0,0.0,0.0,0.0,0.0,,,,,,,,,,,,,,,,,,,,,,
2026,2021038754,2026-04-22,1700122.0,西川 愛也,51.0,中,7,1.0,1.0,3.0,3.0,0.0,2.0,1.0,0.0,0.0,1.0,0.0,,0.0,0.0,0.0,0.0,0.0,0.0,,,,,,,,,,,,,,,,,,,,,,
2026,2021038754,2026-04-22,1700135.0,周東 佑京,23.0,中,12,1.0,1.0,4.0,4.0,0.0,1.0,0.0,0.0,0.0,0.0,0.0,,0.0,0.0,0.0,0.0,0.0,0.0,,,,,,,,,,,,,,,,,,,,,,
2026,2021038754,2026-04-22,1750472.0,古賀 悠斗,22.0,捕,7,1.0,1.0,3.0,2.0,0.0,0.0,0.0,0.0,0.0,1.0,0.0,,0.0,1.0,0.0,0.0,1.0,0.0,,,,,,,,,,,,,,,,,,,,,,
2026,2021038754,2026-04-22,1900068.0,岸 潤一郎,68.0,左,7,1.0,1.0,4.0,3.0,1.0,2.0,0.0,0.0,0.0,1.0,1.0,,0.0,1.0,0.0,0.0,1.0,0.0,,,,,,,,,,,,,,,,,,,,,,
2026,2021038754,2026-04-22,1900101.0,海野 隆司,62.0,捕,12,1.0,1.0,2.0,2.0,0.0,1.0,0.0,0.0,0.0,0.0,0.0,,0.0,0.0,0.0,0.0,0.0,0.0,,,,,,,,,,,,,,,,,,,,,,
2026,2021038754,2026-04-22,1900104.0,柳町 達,32.0,右,12,1.0,1.0,3.0,3.0,0.0,0.0,0.0,0.0,0.0,0.0,0.0,,0.0,1.0,0.0,0.0,0.0,0.0,,,,,,,,,,,,,,,,,,,,,,
2026,2021038754,2026-04-22,1900106.0,大関 友久,47.0,,12,,,,,,,,,,,,,,,,,,,1.0,1.0,,1.0,2.0,4.13,7.0,7.0,,,0.0,7.0,3.0,3.0,0.0,,1.0,4.0,0.0,,29.0,105.0
2026,2021038754,2026-04-22,1950417.0,渡部 聖弥,8.0,指,7,1.0,1.0,4.0,4.0,0.0,1.0,0.0,0.0,0.0,0.0,0.0,,0.0,0.0,0.0,0.0,0.0,0.0,,,,,,,,,,,,,,,,,,,,,,
2026,2021038754,2026-04-22,2000075.0,長谷川 信哉,63.0,一,7,1.0,1.0,3.0,3.0,0.0,0.0,0.0,0.0,0.0,0.0,0.0,,0.0,0.0,0.0,0.0,0.0,0.0,,,,,,,,,,,,,,,,,,,,,,
2026,2021038754,2026-04-22,2103618.0,滝澤 夏央,62.0,二,7,1.0,1.0,3.0,2.0,0.0,1.0,0.0,0.0,0.0,0.0,0.0,,1.0,1.0,0.0,0.0,0.0,0.0,,,,,,,,,,,,,,,,,,,,,,
2026,2021038754,2026-04-22,2105684.0,児玉 亮涼,0.0,走三,7,1.0,0.0,0.0,0.0,0.0,0.0,0.0,0.0,0.0,0.0,0.0,,0.0,0.0,0.0,0.0,0.0,0.0,,,,,,,,,,,,,,,,,,,,,,
2026,2021038754,2026-04-22,2117028.0,カナリオ,25.0,右,7,1.0,1.0,4.0,4.0,2.0,2.0,0.0,1.0,0.0,0.0,0.0,,0.0,0.0,0.0,0.0,0.0,0.0,,,,,,,,,,,,,,,,,,,,,,
2026,2021038755,2026-04-22,1100096.0,石川 慎吾,23.0,指,9,1.0,1.0,4.0,4.0,0.0,0.0,0.0,0.0,0.0,0.0,0.0,,0.0,2.0,0.0,0.0,0.0,0.0,,,,,,,,,,,,,,,,,,,,,,
2026,2021038755,2026-04-22,1100104.0,益田 直也,52.0,,9,,,,,,,,,,,,,,,,,,,3.0,1.0,0.0,0.0,0.0,3.0,1.0,1.0,,,0.0,0.0,0.0,0.0,0.0,,0.0,1.0,0.0,,3.0,18.0
2026,2021038755,2026-04-22,1300100.0,森 友哉,4.0,指,11,1.0,1.0,4.0,4.0,0.0,0.0,0.0,0.0,0.0,0.0,0.0,,0.0,1.0,0.0,0.0,0.0,0.0,,,,,,,,,,,,,,,,,,,,,,
2026,2021038755,2026-04-22,1300109.0,若月 健矢,2.0,捕,11,1.0,1.0,4.0,2.0,1.0,0.0,0.0,0.0,0.0,0.0,0.0,,1.0,0.0,0.0,1.0,0.0,0.0,,,,,,,,,,,,,,,,,,,,,,
2026,2021038755,2026-04-22,1400201.0,西野 真弘,5.0,三,11,1.0,1.0,4.0,3.0,1.0,1.0,0.0,0.0,0.0,0.0,0.0,,1.0,0.0,0.0,0.0,0.0,0.0,,,,,,,,,,,,,,,,,,,,,,
2026,2021038755,2026-04-22,1450608.0,八木 彬,33.0,,9,,,,,,,,,,,,,,,,,,,2.0,1.0,0.0,2.0,0.0,1.08,2.333333333333333,2.1,,,0.0,0.0,0.0,0.0,0.0,,1.0,0.0,0.0,,8.0,24.0
2026,2021038755,2026-04-22,1460080.0,ポランコ,22.0,打,9,1.0,0.0,1.0,1.0,0.0,0.0,0.0,0.0,0.0,0.0,0.0,,0.0,0.0,0.0,0.0,0.0,0.0,,,,,,,,,,,,,,,,,,,,,,
2026,2021038755,2026-04-22,1500096.0,西川 龍馬,7.0,左,11,1.0,1.0,4.0,4.0,0.0,1.0,0.0,0.0,0.0,0.0,0.0,,0.0,1.0,0.0,0.0,0.0,0.0,,,,,,,,,,,,,,,,,,,,,,
2026,2021038755,2026-04-22,1500128.0,大城 滉二,10.0,二,11,1.0,1.0,1.0,1.0,0.0,1.0,1.0,0.0,0.0,0.0,0.0,,0.0,0.0,0.0,0.0,0.0,0.0,,,,,,,,,,,,,,,,,,,,,,
2026,2021038755,2026-04-22,1650221.0,椋木 蓮,15.0,,11,,,,,,,,,,,,,,,,,,,2.0,1.0,0.0,1.0,0.0,0.0,1.0,1.0,,,1.0,0.0,0.0,0.0,0.0,,1.0,2.0,0.0,,4.0,20.0
2026,2021038755,2026-04-22,1700020.0,ソト,99.0,打一,9,1.0,0.0,1.0,1.0,0.0,0.0,0.0,0.0,0.0,0.0,0.0,,0.0,1.0,0.0,0.0,0.0,0.0,,,,,,,,,,,,,,,,,,,,,,
2026,2021038755,2026-04-22,1750595.0,曽谷 龍平,17.0,,11,,,,,,,,,,,,,,,,,,,1.0,1.0,,2.0,0.0,1.5,7.0,7.0,,,0.0,2.0,1.0,1.0,0.0,,0.0,9.0,1.0,,24.0,101.0
2026,2021038755,2026-04-22,1751068.0,野口 智哉,9.0,二,11,1.0,0.0,0.0,0.0,0.0,0.0,0.0,0.0,0.0,0.0,0.0,,0.0,0.0,0.0,0.0,0.0,0.0,,,,,,,,,,,,,,,,,,,,,,
2026,2021038755,2026-04-22,1800050.0,藤原 恭大,1.0,中,9,1.0,1.0,4.0,4.0,0.0,0.0,0.0,0.0,0.0,0.0,0.0,,0.0,2.0,0.0,0.0,0.0,0.0,,,,,,,,,,,,,,,,,,,,,,
2026,2021038755,2026-04-22,1800098.0,太田 椋,1.0,一二一,11,1.0,1.0,4.0,4.0,0.0,0.0,0.0,0.0,0.0,0.0,0.0,,0.0,0.0,0.0,0.0,0.0,0.0,,,,,,,,,,,,,,,,,,,,,,
2026,2021038755,2026-04-22,1800104.0,中川 圭太,67.0,右左,11,1.0,1.0,4.0,4.0,0.0,0.0,0.0,0.0,0.0,0.0,0.0,,0.0,1.0,0.0,0.0,0.0,0.0,,,,,,,,,,,,,,,,,,,,,,
2026,2021038755,2026-04-22,1850947.0,上田 希由翔,10.0,一,9,1.0,1.0,2.0,2.0,0.0,0.0,0.0,0.0,0.0,0.0,0.0,,0.0,1.0,0.0,0.0,0.0,0.0,,,,,,,,,,,,,,,,,,,,,,
2026,2021038755,2026-04-22,1900081.0,佐藤 都志也,32.0,打捕,9,1.0,0.0,2.0,2.0,0.0,0.0,0.0,0.0,0.0,0.0,0.0,,0.0,0.0,0.0,0.0,0.0,0.0,,,,,,,,,,,,,,,,,,,,,,
2026,2021038755,2026-04-22,1900088.0,紅林 弘太郎,24.0,遊,11,1.0,1.0,4.0,4.0,1.0,1.0,0.0,0.0,1.0,3.0,0.0,,0.0,1.0,0.0,0.0,0.0,0.0,,,,,,,,,,,,,,,,,,,,,,
2026,2021038755,2026-04-22,1950286.0,西川 史礁,6.0,左,9,1.0,1.0,4.0,4.0,0.0,1.0,0.0,0.0,0.0,0.0,0.0,,0.0,2.0,0.0,0.0,0.0,0.0,,,,,,,,,,,,,,,,,,,,,,
2026,2021038755,2026-04-22,1961416.0,マチャド,42.0,,11,,,,,,,,,,,,,,,,,,,3.0,1.0,0.0,0.0,0.0,0.0,1.0,1.0,,,4.0,1.0,0.0,0.0,0.0,,0.0,1.0,0.0,,4.0,13.0
2026,2021038755,2026-04-22,2000089.0,小川 龍成,57.0,二,9,1.0,1.0,3.0,3.0,0.0,0.0,0.0,0.0,0.0,0.0,0.0,,0.0,1.0,0.0,0.0,0.0,0.0,,,,,,,,,,,,,,,,,,,,,,
2026,2021038755,2026-04-22,2000094.0,山本 大斗,61.0,右,9,1.0,1.0,3.0,2.0,1.0,0.0,0.0,0.0,0.0,0.0,0.0,,0.0,1.0,1.0,0.0,0.0,0.0,,,,,,,,,,,,,,,,,,,,,,
2026,2021038755,2026-04-22,2100346.0,松川 虎生,2.0,捕,9,1.0,1.0,1.0,1.0,0.0,0.0,0.0,0.0,0.0,0.0,0.0,,0.0,1.0,0.0,0.0,0.0,0.0,,,,,,,,,,,,,,,,,,,,,,
2026,2021038755,2026-04-22,2100442.0,毛利 海大,13.0,,9,,,,,,,,,,,,,,,,,,,1.0,1.0,,1.0,1.0,4.58,4.666666666666667,4.2,,,0.0,4.0,4.0,3.0,1.0,,2.0,3.0,0.0,,21.0,65.0
2026,2021038755,2026-04-22,2102926.0,寺地 隆成,65.0,三,9,1.0,1.0,4.0,4.0,0.0,2.0,0.0,0.0,0.0,0.0,0.0,,0.0,1.0,0.0,0.0,0.0,0.0,,,,,,,,,,,,,,,,,,,,,,
2026,2021038755,2026-04-22,2103747.0,渡部 遼人,0.0,中,11,1.0,1.0,5.0,3.0,1.0,0.0,0.0,0.0,0.0,0.0,1.0,,2.0,0.0,0.0,0.0,0.0,0.0,,,,,,,,,,,,,,,,,,,,,,
2026,2021038755,2026-04-22,2106795.0,菊地 吏玖,28.0,,9,,,,,,,,,,,,,,,,,,,4.0,1.0,0.0,0.0,0.0,6.0,1.0,1.0,,,0.0,1.0,0.0,0.0,0.0,,1.0,0.0,0.0,,5.0,19.0
2026,2021038755,2026-04-22,2106798.0,友杉 篤輝,4.0,遊,9,1.0,1.0,3.0,1.0,0.0,0.0,0.0,0.0,0.0,1.0,0.0,,1.0,0.0,0.0,1.0,0.0,0.0,,,,,,,,,,,,,,,,,,,,,,
2026,2021038755,2026-04-22,2110153.0,麦谷 祐介,8.0,右,11,1.0,0.0,0.0,0.0,0.0,0.0,0.0,0.0,0.0,0.0,0.0,,0.0,0.0,0.0,0.0,0.0,0.0,,,,,,,,,,,,,,,,,,,,,,
2026,2021038755,2026-04-22,2117200.0,シーモア,45.0,走一,11,1.0,0.0,3.0,3.0,0.0,1.0,1.0,0.0,0.0,1.0,0.0,,0.0,0.0,0.0,0.0,0.0,0.0,,,,,,,,,,,,,,,,,,,,,,
2026,2021038757,2026-04-23,900044.0,中村 悠平,27.0,打,2,1.0,0.0,1.0,1.0,0.0,0.0,0.0,0.0,0.0,0.0,0.0,,0.0,0.0,0.0,0.0,0.0,0.0,,,,,,,,,,,,,,,,,,,,,,
2026,2021038757,2026-04-23,1000150.0,秋山 翔吾,9.0,左,6,1.0,1.0,4.0,4.0,0.0,1.0,0.0,0.0,0.0,0.0,0.0,,0.0,1.0,0.0,0.0,0.0,0.0,,,,,,,,,,,,,,,,,,,,,,
2026,2021038757,2026-04-23,1100082.0,菊池 涼介,33.0,二,6,1.0,1.0,4.0,4.0,0.0,2.0,1.0,0.0,0.0,0.0,0.0,,0.0,1.0,0.0,0.0,0.0,0.0,,,,,,,,,,,,,,,,,,,,,,
2026,2021038757,2026-04-23,1300045.0,高梨 裕稔,40.0,投,2,1.0,1.0,2.0,2.0,0.0,0.0,0.0,0.0,0.0,0.0,0.0,,0.0,1.0,0.0,0.0,0.0,0.0,1.0,1.0,,2.0,0.0,1.14,5.333333333333333,5.1,,,0.0,6.0,0.0,0.0,0.0,,1.0,5.0,1.0,,23.0,105.0
2026,2021038757,2026-04-23,1400173.0,野間 峻祥,37.0,右,6,1.0,1.0,4.0,3.0,0.0,1.0,0.0,0.0,0.0,0.0,0.0,,1.0,1.0,0.0,0.0,0.0,1.0,,,,,,,,,,,,,,,,,,,,,,
2026,2021038757,2026-04-23,1400175.0,塹江 敦哉,36.0,投,6,1.0,0.0,0.0,0.0,0.0,0.0,0.0,0.0,0.0,0.0,0.0,,0.0,0.0,0.0,0.0,0.0,0.0,6.0,1.0,0.0,0.0,0.0,0.0,0.3333333333333333,0.1,,,0.0,0.0,0.0,0.0,0.0,,0.0,1.0,0.0,,1.0,6.0
2026,2021038757,2026-04-23,1600078.0,古賀 優大,2.0,捕,2,1.0,1.0,4.0,4.0,0.0,2.0,0.0,0.0,0.0,0.0,0.0,,0.0,0.0,0.0,0.0,0.0,0.0,,,,,,,,,,,,,,,,,,,,,,
2026,2021038757,2026-04-23,1600124.0,坂倉 将吾,31.0,一,6,1.0,1.0,4.0,4.0,0.0,1.0,1.0,0.0,0.0,0.0,0.0,,0.0,0.0,0.0,0.0,0.0,0.0,,,,,,,,,,,,,,,,,,,,,,
2026,2021038757,2026-04-23,1650522.0,丸山 和郁,4.0,右,2,1.0,1.0,4.0,4.0,0.0,1.0,0.0,0.0,0.0,0.0,0.0,,0.0,0.0,0.0,0.0,0.0,0.0,,,,,,,,,,,,,,,,,,,,,,
2026,2021038757,2026-04-23,1700068.0,中村 奨成,96.0,打,6,1.0,0.0,1.0,1.0,0.0,0.0,0.0,0.0,0.0,0.0,0.0,,0.0,1.0,0.0,0.0,0.0,0.0,,,,,,,,,,,,,,,,,,,,,,
2026,2021038757,2026-04-23,1700072.0,遠藤 淳志,66.0,投,6,1.0,0.0,0.0,0.0,0.0,0.0,0.0,0.0,0.0,0.0,0.0,,0.0,0.0,0.0,0.0,0.0,0.0,5.0,1.0,0.0,0.0,0.0,0.0,0.6666666666666666,0.2,,,0.0,1.0,0.0,0.0,0.0,,0.0,1.0,0.0,,3.0,8.0
2026,2021038757,2026-04-23,1700089.0,宮本 丈,10.0,打,2,1.0,0.0,1.0,1.0,0.0,0.0,0.0,0.0,0.0,0.0,0.0,,0.0,1.0,0.0,0.0,0.0,0.0,,,,,,,,,,,,,,,,,,,,,,
2026,2021038757,2026-04-23,1800033.0,清水 昇,17.0,投,2,1.0,0.0,0.0,0.0,0.0,0.0,0.0,0.0,0.0,0.0,0.0,,0.0,0.0,0.0,0.0,0.0,0.0,4.0,1.0,0.0,1.0,0.0,0.0,1.0,1.0,,,0.0,1.0,0.0,0.0,0.0,,0.0,0.0,0.0,,4.0,12.0
2026,2021038757,2026-04-23,1800072.0,小園 海斗,5.0,遊,6,1.0,1.0,4.0,4.0,0.0,2.0,0.0,0.0,0.0,0.0,0.0,,0.0,0.0,0.0,0.0,0.0,0.0,,,,,,,,,,,,,,,,,,,,,,
2026,2021038757,2026-04-23,1900028.0,長岡 秀樹,7.0,遊,2,1.0,1.0,4.0,3.0,1.0,0.0,0.0,0.0,0.0,0.0,0.0,,1.0,1.0,0.0,0.0,0.0,0.0,,,,,,,,,,,,,,,,,,,,,,
2026,2021038757,2026-04-23,1900029.0,武岡 龍世,60.0,二三,2,1.0,0.0,1.0,1.0,0.0,0.0,0.0,0.0,0.0,0.0,0.0,,0.0,0.0,0.0,0.0,0.0,0.0,,,,,,,,,,,,,,,,,,,,,,
2026,2021038757,2026-04-23,1900058.0,持丸 泰輝,57.0,捕,6,1.0,1.0,3.0,3.0,0.0,0.0,0.0,0.0,0.0,0.0,0.0,,0.0,1.0,0.0,0.0,0.0,0.0,,,,,,,,,,,,,,,,,,,,,,
2026,2021038757,2026-04-23,1900073.0,鈴木 健矢,41.0,投,6,1.0,0.0,0.0,0.0,0.0,0.0,0.0,0.0,0.0,0.0,0.0,,0.0,0.0,0.0,0.0,0.0,0.0,2.0,1.0,0.0,0.0,0.0,4.76,1.0,1.0,,,0.0,2.0,0.0,0.0,0.0,,0.0,0.0,0.0,,4.0,9.0
2026,2021038757,2026-04-23,1950429.0,高 太一,22.0,投,6,1.0,0.0,0.0,0.0,0.0,0.0,0.0,0.0,0.0,0.0,0.0,,0.0,0.0,0.0,0.0,0.0,0.0,3.0,1.0,0.0,0.0,0.0,0.0,1.0,1.0,,,0.0,0.0,0.0,0.0,0.0,,0.0,2.0,0.0,,3.0,14.0
2026,2021038757,2026-04-23,1961046.0,キハダ,11.0,投,2,1.0,0.0,0.0,0.0,0.0,0.0,0.0,0.0,0.0,0.0,0.0,,0.0,0.0,0.0,0.0,0.0,0.0,5.0,1.0,0.0,0.0,0.0,0.0,1.0,1.0,,,10.0,0.0,0.0,0.0,0.0,,0.0,2.0,0.0,,3.0,15.0
2026,2021038757,2026-04-23,2000031.0,赤羽 由紘,0.0,二左,2,1.0,1.0,4.0,4.0,0.0,3.0,0.0,0.0,0.0,0.0,0.0,,0.0,1.0,0.0,0.0,0.0,0.0,,,,,,,,,,,,,,,,,,,,,,
2026,2021038757,2026-04-23,2000066.0,二俣 翔一,99.0,打,6,1.0,0.0,1.0,1.0,0.0,0.0,0.0,0.0,0.0,0.0,0.0,,0.0,1.0,0.0,0.0,0.0,0.0,,,,,,,,,,,,,,,,,,,,,,
2026,2021038757,2026-04-23,2000133.0,オスナ,13.0,一,2,1.0,1.0,4.0,4.0,0.0,2.0,0.0,0.0,0.0,0.0,0.0,,0.0,0.0,0.0,0.0,0.0,0.0,,,,,,,,,,,,,,,,,,,,,,
2026,2021038757,2026-04-23,2000135.0,サンタナ,25.0,左,2,1.0,1.0,3.0,3.0,1.0,1.0,0.0,0.0,1.0,2.0,0.0,,0.0,0.0,0.0,0.0,0.0,0.0,,,,,,,,,,,,,,,,,,,,,,
2026,2021038757,2026-04-23,2050203.0,佐々木 泰,10.0,三,6,1.0,1.0,4.0,2.0,0.0,0.0,0.0,0.0,0.0,0.0,0.0,,1.0,0.0,1.0,0.0,0.0,0.0,,,,,,,,,,,,,,,,,,,,,,
2026,2021038757,2026-04-23,2103917.0,岩田 幸宏,64.0,中,2,1.0,1.0,4.0,4.0,0.0,0.0,0.0,0.0,0.0,0.0,0.0,,0.0,1.0,0.0,0.0,0.0,0.0,,,,,,,,,,,,,,,,,,,,,,
2026,2021038757,2026-04-23,2105626.0,廣澤 優,70.0,投,2,1.0,0.0,0.0,0.0,0.0,0.0,0.0,0.0,0.0,0.0,0.0,,0.0,0.0,0.0,0.0,0.0,0.0,3.0,1.0,0.0,2.0,0.0,0.0,1.0,1.0,,,0.0,0.0,0.0,0.0,0.0,,0.0,1.0,0.0,,3.0,13.0
2026,2021038757,2026-04-23,2110164.0,平川 蓮,51.0,中,6,1.0,1.0,4.0,4.0,0.0,0.0,0.0,0.0,0.0,0.0,0.0,,0.0,2.0,0.0,0.0,0.0,0.0,,,,,,,,,,,,,,,,,,,,,,
2026,2021038757,2026-04-23,2110422.0,勝田 成,0.0,打,6,1.0,0.0,1.0,1.0,0.0,0.0,0.0,0.0,0.0,0.0,0.0,,0.0,0.0,0.0,0.0,0.0,0.0,,,,,,,,,,,,,,,,,,,,,,
2026,2021038757,2026-04-23,2112143.0,佐藤 啓介,94.0,打,6,1.0,0.0,1.0,1.0,0.0,0.0,0.0,0.0,0.0,0.0,0.0,,0.0,1.0,0.0,0.0,0.0,0.0,,,,,,,,,,,,,,,,,,,,,,
2026,2021038757,2026-04-23,2112175.0,伊藤 琉偉,67.0,二,2,1.0,0.0,1.0,1.0,0.0,0.0,0.0,0.0,0.0,0.0,0.0,,0.0,1.0,0.0,0.0,0.0,0.0,,,,,,,,,,,,,,,,,,,,,,
2026,2021038757,2026-04-23,2113365.0,田中 陽翔,54.0,三,2,1.0,1.0,3.0,3.0,0.0,0.0,0.0,0.0,0.0,0.0,0.0,,0.0,1.0,0.0,0.0,0.0,0.0,,,,,,,,,,,,,,,,,,,,,,
2026,2021038757,2026-04-23,2114807.0,岡本 駿,53.0,投,6,1.0,1.0,1.0,1.0,0.0,0.0,0.0,0.0,0.0,0.0,0.0,,0.0,1.0,0.0,0.0,0.0,0.0,1.0,1.0,,0.0,1.0,1.42,5.0,5.0,,,0.0,5.0,2.0,2.0,1.0,,1.0,3.0,0.0,,21.0,71.0
2026,2021038757,2026-04-23,2117400.0,荘司 宏太,30.0,投,2,1.0,0.0,0.0,0.0,0.0,0.0,0.0,0.0,0.0,0.0,0.0,,0.0,0.0,0.0,0.0,0.0,0.0,2.0,1.0,0.0,1.0,0.0,3.18,0.6666666666666666,0.2,,,0.0,0.0,0.0,0.0,0.0,,1.0,2.0,0.0,,3.0,10.0
2026,2021038757,2026-04-23,2119338.0,齊藤 汰直,11.0,投,6,1.0,0.0,0.0,0.0,0.0,0.0,0.0,0.0,0.0,0.0,0.0,,0.0,0.0,0.0,0.0,0.0,0.0,4.0,1.0,0.0,0.0,0.0,6.0,1.0,1.0,,,0.0,1.0,0.0,0.0,0.0,,0.0,0.0,0.0,,4.0,13.0
2026,2021038758,2026-04-23,800075.0,伊藤 光,27.0,捕,376,1.0,1.0,3.0,1.0,0.0,1.0,0.0,0.0,0.0,1.0,0.0,,1.0,0.0,0.0,1.0,0.0,0.0,,,,,,,,,,,,,,,,,,,,,,
2026,2021038758,2026-04-23,900056.0,浅村 栄斗,3.0,指,376,1.0,1.0,5.0,5.0,1.0,1.0,0.0,0.0,0.0,0.0,0.0,,0.0,2.0,0.0,0.0,0.0,0.0,,,,,,,,,,,,,,,,,,,,,,
2026,2021038758,2026-04-23,1000100.0,西川 遥輝,7.0,左,8,1.0,1.0,4.0,3.0,1.0,3.0,0.0,1.0,0.0,0.0,0.0,,1.0,0.0,0.0,0.0,0.0,0.0,,,,,,,,,,,,,,,,,,,,,,
2026,2021038758,2026-04-23,1200055.0,福谷 浩司,41.0,,8,,,,,,,,,,,,,,,,,,,4.0,1.0,0.0,0.0,0.0,1.23,1.0,1.0,,,0.0,0.0,0.0,0.0,0.0,,0.0,0.0,0.0,,3.0,10.0
2026,2021038758,2026-04-23,1400119.0,淺間 大基,8.0,右中,8,1.0,1.0,4.0,4.0,0.0,0.0,0.0,0.0,0.0,0.0,0.0,,0.0,0.0,0.0,0.0,0.0,0.0,,,,,,,,,,,,,,,,,,,,,,
2026,2021038758,2026-04-23,1500109.0,上原 健太,20.0,,8,,,,,,,,,,,,,,,,,,,3.0,1.0,0.0,1.0,1.0,3.86,1.0,1.0,,,0.0,0.0,0.0,0.0,0.0,,0.0,1.0,0.0,,3.0,16.0
2026,2021038758,2026-04-23,1600007.0,村林 一輝,6.0,遊,376,1.0,1.0,5.0,5.0,1.0,0.0,0.0,0.0,0.0,0.0,0.0,,0.0,0.0,0.0,0.0,0.0,0.0,,,,,,,,,,,,,,,,,,,,,,
2026,2021038758,2026-04-23,1600092.0,藤平 尚真,46.0,,376,,,,,,,,,,,,,,,,,,,5.0,1.0,0.0,0.0,0.0,0.82,1.0,1.0,,,6.0,0.0,0.0,0.0,0.0,,0.0,2.0,0.0,,3.0,14.0
2026,2021038758,2026-04-23,1700025.0,清宮 幸太郎,21.0,一,8,1.0,1.0,4.0,3.0,0.0,2.0,0.0,0.0,0.0,1.0,0.0,,1.0,0.0,0.0,0.0,0.0,0.0,,,,,,,,,,,,,,,,,,,,,,
2026,2021038758,2026-04-23,1750493.0,西垣 雅矢,49.0,,376,,,,,,,,,,,,,,,,,,,4.0,1.0,0.0,1.0,0.0,1.74,1.0,1.0,,,0.0,1.0,0.0,0.0,0.0,,0.0,0.0,0.0,,4.0,11.0
2026,2021038758,2026-04-23,1760551.0,ボイト,9.0,打,376,1.0,0.0,1.0,0.0,0.0,0.0,0.0,0.0,0.0,0.0,0.0,,1.0,0.0,0.0,0.0,0.0,0.0,,,,,,,,,,,,,,,,,,,,,,
2026,2021038758,2026-04-23,1800008.0,マルティネス,2.0,打,8,1.0,0.0,1.0,1.0,0.0,0.0,0.0,0.0,0.0,0.0,0.0,,0.0,1.0,0.0,0.0,0.0,0.0,,,,,,,,,,,,,,,,,,,,,,
2026,2021038758,2026-04-23,1800044.0,伊藤 裕季也,39.0,一,376,1.0,1.0,4.0,4.0,0.0,2.0,0.0,0.0,0.0,1.0,0.0,,0.0,0.0,0.0,0.0,0.0,0.0,,,,,,,,,,,,,,,,,,,,,,
2026,2021038758,2026-04-23,1800068.0,齋藤 友貴哉,48.0,,8,,,,,,,,,,,,,,,,,,,6.0,1.0,0.0,0.0,1.0,3.38,0.6666666666666666,0.2,,,0.0,0.0,0.0,0.0,0.0,,0.0,0.0,0.0,,2.0,5.0
2026,2021038758,2026-04-23,1800091.0,野村 佑希,5.0,打,8,1.0,0.0,1.0,1.0,0.0,0.0,0.0,0.0,0.0,0.0,0.0,,0.0,1.0,0.0,0.0,0.0,0.0,,,,,,,,,,,,,,,,,,,,,,
2026,2021038758,2026-04-23,1800092.0,生田目 翼,13.0,,8,,,,,,,,,,,,,,,,,,,2.0,1.0,0.0,0.0,0.0,0.0,0.6666666666666666,0.2,,,0.0,1.0,0.0,0.0,0.0,,0.0,0.0,0.0,,3.0,11.0
2026,2021038758,2026-04-23,1800093.0,万波 中正,66.0,打右,8,1.0,0.0,2.0,2.0,0.0,0.0,0.0,0.0,0.0,0.0,0.0,,0.0,2.0,0.0,0.0,0.0,0.0,,,,,,,,,,,,,,,,,,,,,,
2026,2021038758,2026-04-23,1800095.0,田宮 裕涼,64.0,捕,8,1.0,1.0,3.0,3.0,0.0,1.0,0.0,0.0,0.0,0.0,0.0,,0.0,0.0,0.0,0.0,0.0,0.0,,,,,,,,,,,,,,,,,,,,,,
2026,2021038758,2026-04-23,1800117.0,辰己 涼介,8.0,中,376,1.0,1.0,5.0,4.0,0.0,2.0,0.0,0.0,0.0,0.0,0.0,,1.0,0.0,0.0,0.0,0.0,0.0,,,,,,,,,,,,,,,,,,,,,,
2026,2021038758,2026-04-23,1800118.0,太田 光,2.0,捕,376,1.0,0.0,1.0,1.0,0.0,1.0,0.0,0.0,0.0,0.0,0.0,,0.0,0.0,0.0,0.0,0.0,1.0,,,,,,,,,,,,,,,,,,,,,,
2026,2021038758,2026-04-23,1800123.0,小郷 裕哉,51.0,右,376,1.0,1.0,5.0,5.0,0.0,0.0,0.0,0.0,0.0,0.0,0.0,,0.0,1.0,0.0,0.0,0.0,0.0,,,,,,,,,,,,,,,,,,,,,,
2026,2021038758,2026-04-23,1800124.0,鈴木 翔天,56.0,,376,,,,,,,,,,,,,,,,,,,3.0,1.0,0.0,0.0,0.0,2.08,1.0,1.0,,,0.0,2.0,0.0,0.0,0.0,,0.0,2.0,0.0,,5.0,28.0
2026,2021038758,2026-04-23,1850932.0,奈良間 大己,58.0,二三,8,1.0,1.0,4.0,4.0,0.0,1.0,0.0,0.0,0.0,0.0,1.0,,0.0,0.0,0.0,0.0,0.0,0.0,,,,,,,,,,,,,,,,,,,,,,
2026,2021038758,2026-04-23,1851204.0,水野 達稀,43.0,遊,8,1.0,0.0,1.0,1.0,0.0,0.0,0.0,0.0,0.0,0.0,0.0,,0.0,0.0,0.0,0.0,0.0,0.0,,,,,,,,,,,,,,,,,,,,,,
2026,2021038758,2026-04-23,1860140.0,レイエス,99.0,指,8,1.0,1.0,4.0,4.0,0.0,0.0,0.0,0.0,0.0,0.0,0.0,,0.0,0.0,0.0,0.0,0.0,0.0,,,,,,,,,,,,,,,,,,,,,,
2026,2021038758,2026-04-23,1900040.0,郡司 裕也,3.0,三一,8,1.0,1.0,4.0,4.0,1.0,1.0,1.0,0.0,0.0,1.0,0.0,,0.0,0.0,0.0,0.0,0.0,0.0,,,,,,,,,,,,,,,,,,,,,,
2026,2021038758,2026-04-23,1900112.0,小深田 大翔,0.0,二,376,1.0,1.0,5.0,4.0,0.0,0.0,0.0,0.0,0.0,0.0,0.0,,1.0,1.0,0.0,0.0,0.0,0.0,,,,,,,,,,,,,,,,,,,,,,
2026,2021038758,2026-04-23,1900113.0,黒川 史陽,24.0,三,376,1.0,1.0,4.0,4.0,1.0,3.0,0.0,0.0,0.0,1.0,0.0,,0.0,0.0,0.0,0.0,0.0,0.0,,,,,,,,,,,,,,,,,,,,,,
2026,2021038758,2026-04-23,1900115.0,武藤 敦貴,50.0,走左,376,1.0,0.0,1.0,1.0,0.0,0.0,0.0,0.0,0.0,0.0,0.0,,0.0,0.0,0.0,0.0,0.0,0.0,,,,,,,,,,,,,,,,,,,,,,
2026,2021038758,2026-04-23,1900117.0,瀧中 瞭太,57.0,,376,,,,,,,,,,,,,,,,,,,1.0,1.0,,2.0,1.0,1.69,5.333333333333333,5.1,,,0.0,6.0,2.0,2.0,0.0,,1.0,1.0,0.0,,22.0,76.0
2026,2021038758,2026-04-23,1950278.0,中島 大輔,32.0,左,376,1.0,1.0,2.0,2.0,0.0,1.0,0.0,0.0,0.0,0.0,0.0,,0.0,0.0,0.0,0.0,0.0,0.0,,,,,,,,,,,,,,,,,,,,,,
2026,2021038758,2026-04-23,2000080.0,五十幡 亮汰,50.0,走,8,1.0,0.0,0.0,0.0,0.0,0.0,0.0,0.0,0.0,0.0,1.0,,0.0,0.0,0.0,0.0,0.0,0.0,,,,,,,,,,,,,,,,,,,,,,
2026,2021038758,2026-04-23,2050143.0,大塚 瑠晏,49.0,遊,8,1.0,1.0,2.0,2.0,0.0,1.0,0.0,0.0,0.0,0.0,0.0,,0.0,1.0,0.0,0.0,0.0,0.0,,,,,,,,,,,,,,,,,,,,,,
2026,2021038758,2026-04-23,2100027.0,福島 蓮,45.0,,8,,,,,,,,,,,,,,,,,,,1.0,1.0,,0.0,1.0,5.06,5.333333333333333,5.1,,,0.0,8.0,3.0,3.0,0.0,,3.0,3.0,0.0,,26.0,106.0
2026,2021038758,2026-04-23,2100085.0,大川 慈英,27.0,,8,,,,,,,,,,,,,,,,,,,5.0,1.0,0.0,0.0,0.0,27.0,0.3333333333333333,0.1,,,0.0,2.0,0.0,0.0,0.0,,1.0,0.0,0.0,,4.0,10.0
2026,2021038758,2026-04-23,2103765.0,柴田 大地,71.0,,376,,,,,,,,,,,,,,,,,,,2.0,1.0,0.0,0.0,0.0,0.0,0.6666666666666666,0.2,,,0.0,0.0,0.0,0.0,0.0,,1.0,0.0,0.0,,3.0,12.0
2026,2021038758,2026-04-23,2106284.0,矢澤 宏太,12.0,中,8,1.0,1.0,3.0,3.0,0.0,0.0,0.0,0.0,0.0,0.0,0.0,,0.0,0.0,0.0,0.0,0.0,0.0,,,,,,,,,,,,,,,,,,,,,,
2026,2021038758,2026-04-23,2114529.0,山縣 秀,54.0,二,8,1.0,0.0,0.0,0.0,0.0,0.0,0.0,0.0,0.0,0.0,0.0,,0.0,0.0,0.0,0.0,0.0,0.0,,,,,,,,,,,,,,,,,,,,,,
2026,2021038759,2026-04-23,12102.0,栗山 巧,1.0,打,7,1.0,0.0,1.0,1.0,0.0,0.0,0.0,0.0,0.0,0.0,0.0,,0.0,0.0,0.0,0.0,0.0,0.0,,,,,,,,,,,,,,,,,,,,,,
2026,2021038759,2026-04-23,800081.0,中村 晃,7.0,打,12,1.0,0.0,1.0,1.0,0.0,0.0,0.0,0.0,0.0,0.0,0.0,,0.0,1.0,0.0,0.0,0.0,0.0,,,,,,,,,,,,,,,,,,,,,,
2026,2021038759,2026-04-23,1000035.0,今宮 健太,6.0,遊,12,1.0,1.0,4.0,4.0,0.0,2.0,0.0,0.0,0.0,0.0,0.0,,0.0,1.0,0.0,0.0,0.0,0.0,,,,,,,,,,,,,,,,,,,,,,
2026,2021038759,2026-04-23,1000128.0,柳田 悠岐,9.0,指,12,1.0,1.0,4.0,4.0,0.0,2.0,1.0,0.0,0.0,0.0,0.0,,0.0,1.0,0.0,0.0,0.0,0.0,,,,,,,,,,,,,,,,,,,,,,
2026,2021038759,2026-04-23,1000175.0,牧原 大成,8.0,二,12,1.0,1.0,4.0,2.0,2.0,1.0,0.0,0.0,0.0,0.0,0.0,,2.0,0.0,0.0,0.0,0.0,0.0,,,,,,,,,,,,,,,,,,,,,,
2026,2021038759,2026-04-23,1100097.0,近藤 健介,3.0,左,12,1.0,1.0,5.0,3.0,0.0,2.0,1.0,0.0,0.0,2.0,0.0,,1.0,0.0,0.0,0.0,1.0,0.0,,,,,,,,,,,,,,,,,,,,,,
2026,2021038759,2026-04-23,1300101.0,山川 穂高,5.0,一,12,1.0,1.0,4.0,3.0,0.0,0.0,0.0,0.0,0.0,0.0,0.0,,1.0,1.0,0.0,0.0,0.0,0.0,,,,,,,,,,,,,,,,,,,,,,
2026,2021038759,2026-04-23,1400126.0,松本 裕樹,66.0,,12,,,,,,,,,,,,,,,,,,,3.0,1.0,0.0,1.0,1.0,4.7,1.0,1.0,,,2.0,2.0,1.0,1.0,0.0,,0.0,0.0,0.0,,5.0,11.0
2026,2021038759,2026-04-23,1400127.0,栗原 陵矢,24.0,三一,12,1.0,1.0,5.0,5.0,0.0,0.0,0.0,0.0,0.0,0.0,0.0,,0.0,2.0,0.0,0.0,0.0,1.0,,,,,,,,,,,,,,,,,,,,,,
2026,2021038759,2026-04-23,1500117.0,平沢 大河,39.0,三一,7,1.0,1.0,4.0,3.0,1.0,3.0,1.0,0.0,0.0,0.0,1.0,,0.0,0.0,0.0,1.0,0.0,0.0,,,,,,,,,,,,,,,,,,,,,,
2026,2021038759,2026-04-23,1550517.0,大津 亮介,19.0,,12,,,,,,,,,,,,,,,,,,,1.0,1.0,,3.0,0.0,1.29,7.0,7.0,,,0.0,5.0,1.0,1.0,0.0,,0.0,9.0,0.0,,26.0,118.0
2026,2021038759,2026-04-23,1600129.0,源田 壮亮,6.0,遊,7,1.0,1.0,4.0,4.0,0.0,0.0,0.0,0.0,0.0,0.0,0.0,,0.0,1.0,0.0,0.0,0.0,0.0,,,,,,,,,,,,,,,,,,,,,,
2026,2021038759,2026-04-23,1650813.0,川村 友斗,61.0,右,12,1.0,1.0,3.0,3.0,0.0,0.0,0.0,0.0,0.0,0.0,0.0,,0.0,2.0,0.0,0.0,0.0,0.0,,,,,,,,,,,,,,,,,,,,,,
2026,2021038759,2026-04-23,1700122.0,西川 愛也,51.0,中,7,1.0,1.0,4.0,4.0,0.0,0.0,0.0,0.0,0.0,0.0,0.0,,0.0,2.0,0.0,0.0,0.0,0.0,,,,,,,,,,,,,,,,,,,,,,
2026,2021038759,2026-04-23,1700135.0,周東 佑京,23.0,中,12,1.0,1.0,5.0,4.0,0.0,1.0,0.0,0.0,0.0,0.0,0.0,,0.0,1.0,0.0,1.0,0.0,0.0,,,,,,,,,,,,,,,,,,,,,,
2026,2021038759,2026-04-23,1750472.0,古賀 悠斗,22.0,捕,7,1.0,1.0,4.0,2.0,0.0,1.0,0.0,0.0,0.0,0.0,1.0,,0.0,1.0,0.0,2.0,0.0,0.0,,,,,,,,,,,,,,,,,,,,,,
2026,2021038759,2026-04-23,1851115.0,木村 光,68.0,,12,,,,,,,,,,,,,,,,,,,2.0,1.0,0.0,0.0,0.0,0.93,1.0,1.0,,,0.0,2.0,1.0,1.0,0.0,,0.0,0.0,0.0,,5.0,11.0
2026,2021038759,2026-04-23,1900062.0,浜屋 将太,90.0,,7,,,,,,,,,,,,,,,,,,,4.0,1.0,0.0,0.0,0.0,5.68,1.0,1.0,,,0.0,2.0,2.0,2.0,0.0,,1.0,2.0,0.0,,6.0,24.0
2026,2021038759,2026-04-23,1900068.0,岸 潤一郎,68.0,左,7,1.0,1.0,4.0,4.0,1.0,1.0,0.0,0.0,0.0,0.0,1.0,,0.0,0.0,0.0,0.0,0.0,0.0,,,,,,,,,,,,,,,,,,,,,,
2026,2021038759,2026-04-23,1900101.0,海野 隆司,62.0,捕,12,1.0,1.0,4.0,4.0,0.0,1.0,0.0,1.0,0.0,2.0,0.0,,0.0,1.0,0.0,0.0,0.0,0.0,,,,,,,,,,,,,,,,,,,,,,
2026,2021038759,2026-04-23,1950149.0,庄子 雄大,25.0,走指,12,1.0,0.0,1.0,0.0,1.0,0.0,0.0,0.0,0.0,0.0,0.0,,1.0,0.0,0.0,0.0,0.0,0.0,,,,,,,,,,,,,,,,,,,,,,
2026,2021038759,2026-04-23,1950417.0,渡部 聖弥,8.0,指,7,1.0,1.0,4.0,4.0,0.0,2.0,0.0,0.0,0.0,1.0,0.0,,0.0,2.0,0.0,0.0,0.0,0.0,,,,,,,,,,,,,,,,,,,,,,
2026,2021038759,2026-04-23,2000069.0,山村 崇嘉,32.0,三,7,1.0,0.0,1.0,1.0,0.0,0.0,0.0,0.0,0.0,1.0,0.0,,0.0,0.0,0.0,0.0,0.0,0.0,,,,,,,,,,,,,,,,,,,,,,
2026,2021038759,2026-04-23,2000075.0,長谷川 信哉,63.0,一,7,1.0,1.0,2.0,1.0,0.0,0.0,0.0,0.0,0.0,0.0,0.0,,0.0,1.0,0.0,1.0,0.0,0.0,,,,,,,,,,,,,,,,,,,,,,
2026,2021038759,2026-04-23,2050145.0,小島 大河,10.0,打,7,1.0,0.0,1.0,1.0,0.0,0.0,0.0,0.0,0.0,0.0,0.0,,0.0,0.0,0.0,0.0,0.0,0.0,,,,,,,,,,,,,,,,,,,,,,
2026,2021038759,2026-04-23,2103612.0,黒田 将矢,57.0,,7,,,,,,,,,,,,,,,,,,,5.0,1.0,0.0,0.0,0.0,0.0,1.0,1.0,,,0.0,0.0,0.0,0.0,0.0,,1.0,1.0,0.0,,5.0,18.0
2026,2021038759,2026-04-23,2103618.0,滝澤 夏央,62.0,二,7,1.0,1.0,3.0,3.0,1.0,1.0,0.0,0.0,0.0,0.0,0.0,,0.0,1.0,0.0,0.0,0.0,0.0,,,,,,,,,,,,,,,,,,,,,,
2026,2021038759,2026-04-23,2103657.0,菅井 信也,71.0,,7,,,,,,,,,,,,,,,,,,,1.0,1.0,,0.0,2.0,3.98,5.0,5.0,,,0.0,6.0,1.0,1.0,0.0,,2.0,5.0,0.0,,22.0,88.0
2026,2021038759,2026-04-23,2104035.0,野村 勇,99.0,走三,12,1.0,0.0,1.0,1.0,1.0,0.0,0.0,0.0,0.0,0.0,0.0,,0.0,0.0,0.0,0.0,0.0,0.0,,,,,,,,,,,,,,,,,,,,,,
2026,2021038759,2026-04-23,2105503.0,糸川 亮太,23.0,,7,,,,,,,,,,,,,,,,,,,3.0,1.0,0.0,0.0,1.0,5.4,1.0,1.0,,,0.0,1.0,1.0,1.0,0.0,,1.0,0.0,0.0,,5.0,19.0
2026,2021038759,2026-04-23,2107851.0,イヒネ イツア,36.0,右,12,1.0,0.0,0.0,0.0,0.0,0.0,0.0,0.0,0.0,0.0,0.0,,0.0,0.0,0.0,0.0,0.0,0.0,,,,,,,,,,,,,,,,,,,,,,
2026,2021038759,2026-04-23,2117028.0,カナリオ,25.0,右,7,1.0,1.0,4.0,4.0,0.0,1.0,0.0,0.0,0.0,0.0,0.0,,0.0,1.0,0.0,0.0,0.0,0.0,,,,,,,,,,,,,,,,,,,,,,
2026,2021038759,2026-04-23,2117734.0,篠原 響,52.0,,7,,,,,,,,,,,,,,,,,,,2.0,1.0,0.0,0.0,1.0,2.08,1.0,1.0,,,0.0,0.0,0.0,0.0,0.0,,0.0,2.0,0.0,,3.0,11.0
2026,2021038761,2026-04-24,700003.0,坂本 勇人,6.0,三,1,1.0,1.0,4.0,3.0,0.0,0.0,0.0,0.0,0.0,0.0,0.0,,1.0,1.0,0.0,0.0,0.0,0.0,,,,,,,,,,,,,,,,,,,,,,
2026,2021038761,2026-04-24,700069.0,田中 将大,11.0,投,1,1.0,1.0,2.0,2.0,0.0,0.0,0.0,0.0,0.0,0.0,0.0,,0.0,1.0,0.0,0.0,0.0,0.0,1.0,1.0,,2.0,0.0,1.78,6.666666666666667,6.2,,,0.0,8.0,0.0,0.0,0.0,,1.0,3.0,0.0,,27.0,87.0
2026,2021038761,2026-04-24,1100095.0,松本 剛,9.0,中,1,1.0,0.0,0.0,0.0,0.0,0.0,0.0,0.0,0.0,0.0,0.0,,0.0,0.0,0.0,0.0,0.0,0.0,,,,,,,,,,,,,,,,,,,,,,
2026,2021038761,2026-04-24,1200053.0,宮崎 敏郎,51.0,三,3,1.0,1.0,5.0,5.0,0.0,2.0,0.0,0.0,0.0,1.0,0.0,,0.0,0.0,0.0,0.0,0.0,0.0,,,,,,,,,,,,,,,,,,,,,,
2026,2021038761,2026-04-24,1300027.0,小林 誠司,22.0,捕,1,1.0,0.0,1.0,1.0,0.0,0.0,0.0,0.0,0.0,0.0,0.0,,0.0,0.0,0.0,0.0,0.0,0.0,,,,,,,,,,,,,,,,,,,,,,
2026,2021038761,2026-04-24,1300031.0,平良 拳太郎,59.0,投,3,1.0,1.0,2.0,2.0,0.0,0.0,0.0,0.0,0.0,0.0,0.0,,0.0,0.0,0.0,0.0,0.0,0.0,1.0,1.0,,1.0,0.0,1.32,6.666666666666667,6.2,,,0.0,4.0,1.0,1.0,1.0,,2.0,4.0,0.0,,24.0,97.0
2026,2021038761,2026-04-24,1400109.0,山崎 康晃,19.0,投,3,1.0,0.0,0.0,0.0,0.0,0.0,0.0,0.0,0.0,0.0,0.0,,0.0,0.0,0.0,0.0,0.0,0.0,4.0,1.0,0.0,0.0,0.0,1.13,1.0,1.0,,,6.0,0.0,0.0,0.0,0.0,,2.0,2.0,0.0,,5.0,31.0
2026,2021038761,2026-04-24,1500052.0,中川 皓太,41.0,投,1,1.0,0.0,0.0,0.0,0.0,0.0,0.0,0.0,0.0,0.0,0.0,,0.0,0.0,0.0,0.0,0.0,0.0,2.0,1.0,0.0,1.0,0.0,1.42,0.3333333333333333,0.1,,,0.0,0.0,0.0,0.0,0.0,,0.0,0.0,0.0,,1.0,2.0
2026,2021038761,2026-04-24,1500064.0,戸柱 恭孝,10.0,捕,3,1.0,0.0,1.0,1.0,0.0,1.0,1.0,0.0,0.0,1.0,0.0,,0.0,0.0,0.0,0.0,0.0,0.0,,,,,,,,,,,,,,,,,,,,,,
2026,2021038761,2026-04-24,1561820.0,ダルベック,29.0,一三,1,1.0,1.0,5.0,4.0,0.0,0.0,0.0,0.0,0.0,0.0,0.0,,1.0,2.0,0.0,0.0,0.0,0.0,,,,,,,,,,,,,,,,,,,,,,
2026,2021038761,2026-04-24,1600021.0,ビシエド,66.0,打,3,1.0,0.0,1.0,0.0,0.0,0.0,0.0,0.0,0.0,0.0,0.0,,1.0,0.0,0.0,0.0,0.0,0.0,,,,,,,,,,,,,,,,,,,,,,
2026,2021038761,2026-04-24,1600089.0,佐野 恵太,7.0,一,3,1.0,1.0,5.0,5.0,0.0,0.0,0.0,0.0,0.0,0.0,0.0,,0.0,1.0,0.0,0.0,0.0,0.0,,,,,,,,,,,,,,,,,,,,,,
2026,2021038761,2026-04-24,1600107.0,京田 陽太,9.0,走遊,3,1.0,0.0,3.0,3.0,1.0,1.0,1.0,0.0,0.0,0.0,0.0,,0.0,0.0,0.0,0.0,0.0,0.0,,,,,,,,,,,,,,,,,,,,,,
2026,2021038761,2026-04-24,1600167.0,三森 大貴,26.0,中,3,1.0,1.0,5.0,5.0,0.0,1.0,0.0,0.0,0.0,0.0,0.0,,0.0,1.0,0.0,0.0,0.0,0.0,,,,,,,,,,,,,,,,,,,,,,
2026,2021038761,2026-04-24,1700029.0,北浦 竜次,56.0,投,1,1.0,0.0,0.0,0.0,0.0,0.0,0.0,0.0,0.0,0.0,0.0,,0.0,0.0,0.0,0.0,0.0,0.0,5.0,1.0,0.0,0.0,0.0,7.27,1.0,1.0,,,0.0,0.0,0.0,0.0,0.0,,0.0,0.0,0.0,,3.0,10.0
2026,2021038761,2026-04-24,1700044.0,大城 卓三,24.0,捕,1,1.0,1.0,3.0,2.0,0.0,0.0,0.0,0.0,0.0,0.0,0.0,,1.0,0.0,0.0,0.0,0.0,0.0,,,,,,,,,,,,,,,,,,,,,,
2026,2021038761,2026-04-24,1700059.0,神里 和毅,8.0,走右,3,1.0,0.0,1.0,0.0,0.0,0.0,0.0,0.0,0.0,0.0,0.0,,0.0,0.0,0.0,1.0,0.0,0.0,,,,,,,,,,,,,,,,,,,,,,
2026,2021038761,2026-04-24,1700067.0,中川 虎大,64.0,投,3,1.0,0.0,0.0,0.0,0.0,0.0,0.0,0.0,0.0,0.0,0.0,,0.0,0.0,0.0,0.0,0.0,0.0,6.0,1.0,0.0,2.0,0.0,0.0,1.0,1.0,,,0.0,0.0,0.0,0.0,0.0,,0.0,0.0,0.0,,3.0,11.0
2026,2021038761,2026-04-24,1800024.0,増田 陸,61.0,打一,1,1.0,0.0,1.0,1.0,0.0,0.0,0.0,0.0,0.0,0.0,0.0,,0.0,1.0,0.0,0.0,0.0,0.0,,,,,,,,,,,,,,,,,,,,,,
2026,2021038761,2026-04-24,1800046.0,勝又 温史,28.0,左,3,1.0,1.0,4.0,3.0,0.0,0.0,0.0,0.0,0.0,0.0,0.0,,1.0,1.0,0.0,0.0,0.0,0.0,,,,,,,,,,,,,,,,,,,,,,
2026,2021038761,2026-04-24,1850208.0,林 琢真,0.0,遊二,3,1.0,1.0,4.0,4.0,0.0,1.0,1.0,0.0,0.0,0.0,0.0,,0.0,1.0,0.0,0.0,0.0,0.0,,,,,,,,,,,,,,,,,,,,,,
2026,2021038761,2026-04-24,1850873.0,度会 隆輝,4.0,右左,3,1.0,1.0,5.0,5.0,1.0,2.0,0.0,0.0,0.0,0.0,0.0,,0.0,0.0,0.0,0.0,0.0,0.0,,,,,,,,,,,,,,,,,,,,,,
2026,2021038761,2026-04-24,1860235.0,ルイーズ,49.0,投,3,1.0,0.0,0.0,0.0,0.0,0.0,0.0,0.0,0.0,0.0,0.0,,0.0,0.0,0.0,0.0,0.0,0.0,3.0,1.0,0.0,0.0,0.0,2.25,1.0,1.0,,,0.0,0.0,0.0,0.0,0.0,,0.0,0.0,0.0,,3.0,7.0
2026,2021038761,2026-04-24,1900031.0,坂本 裕哉,20.0,投,3,1.0,0.0,0.0,0.0,0.0,0.0,0.0,0.0,0.0,0.0,0.0,,0.0,0.0,0.0,0.0,0.0,0.0,2.0,1.0,0.0,0.0,1.0,3.0,0.3333333333333333,0.1,,,0.0,0.0,0.0,0.0,0.0,,0.0,0.0,0.0,,1.0,1.0
2026,2021038761,2026-04-24,1951153.0,浦田 俊輔,32.0,二,1,1.0,1.0,4.0,3.0,0.0,2.0,0.0,0.0,0.0,0.0,1.0,,1.0,0.0,0.0,0.0,0.0,0.0,,,,,,,,,,,,,,,,,,,,,,
2026,2021038761,2026-04-24,1960444.0,ルシアーノ,48.0,投,1,1.0,0.0,0.0,0.0,0.0,0.0,0.0,0.0,0.0,0.0,0.0,,0.0,0.0,0.0,0.0,0.0,0.0,4.0,1.0,0.0,0.0,0.0,0.0,1.0,1.0,,,0.0,0.0,0.0,0.0,0.0,,2.0,2.0,0.0,,5.0,26.0
2026,2021038761,2026-04-24,2000035.0,牧 秀悟,2.0,二,3,1.0,1.0,2.0,2.0,0.0,1.0,0.0,0.0,0.0,0.0,0.0,,0.0,0.0,0.0,0.0,0.0,0.0,,,,,,,,,,,,,,,,,,,,,,
2026,2021038761,2026-04-24,2100014.0,宮下 朝陽,34.0,打,3,1.0,0.0,1.0,1.0,0.0,0.0,0.0,0.0,0.0,0.0,0.0,,0.0,1.0,0.0,0.0,0.0,0.0,,,,,,,,,,,,,,,,,,,,,,
2026,2021038761,2026-04-24,2100277.0,松尾 汐恩,5.0,捕,3,1.0,1.0,4.0,3.0,0.0,2.0,1.0,0.0,0.0,0.0,0.0,,1.0,0.0,0.0,0.0,0.0,0.0,,,,,,,,,,,,,,,,,,,,,,
2026,2021038761,2026-04-24,2101034.0,ヒュンメル,99.0,打,3,1.0,0.0,1.0,0.0,0.0,0.0,0.0,0.0,0.0,0.0,0.0,,1.0,0.0,0.0,0.0,0.0,0.0,,,,,,,,,,,,,,,,,,,,,,
2026,2021038761,2026-04-24,2102672.0,皆川 岳飛,39.0,右,1,1.0,1.0,4.0,4.0,0.0,1.0,0.0,0.0,0.0,0.0,0.0,,0.0,0.0,0.0,0.0,0.0,0.0,,,,,,,,,,,,,,,,,,,,,,
2026,2021038761,2026-04-24,2103689.0,赤星 優志,31.0,投,1,1.0,0.0,0.0,0.0,0.0,0.0,0.0,0.0,0.0,0.0,0.0,,0.0,0.0,0.0,0.0,0.0,0.0,6.0,1.0,0.0,2.0,1.0,2.08,0.3333333333333333,0.1,,,0.0,2.0,1.0,1.0,0.0,,1.0,0.0,0.0,,4.0,12.0
2026,2021038761,2026-04-24,2103697.0,大勢,15.0,投,1,1.0,0.0,0.0,0.0,0.0,0.0,0.0,0.0,0.0,0.0,0.0,,0.0,0.0,0.0,0.0,0.0,0.0,3.0,1.0,0.0,1.0,0.0,1.93,1.0,1.0,,,2.0,1.0,1.0,1.0,0.0,,0.0,0.0,0.0,,4.0,20.0
2026,2021038761,2026-04-24,2105013.0,萩尾 匡也,12.0,打,1,1.0,0.0,1.0,1.0,0.0,0.0,0.0,0.0,0.0,0.0,0.0,,0.0,0.0,0.0,0.0,0.0,0.0,,,,,,,,,,,,,,,,,,,,,,
2026,2021038761,2026-04-24,2106178.0,佐々木 俊輔,44.0,中左,1,1.0,1.0,5.0,5.0,0.0,0.0,0.0,0.0,0.0,0.0,0.0,,0.0,2.0,0.0,0.0,0.0,0.0,,,,,,,,,,,,,,,,,,,,,,
2026,2021038761,2026-04-24,2110991.0,小濱 佑斗,33.0,三,1,1.0,0.0,0.0,0.0,0.0,0.0,0.0,0.0,0.0,0.0,0.0,,0.0,0.0,0.0,0.0,0.0,0.0,,,,,,,,,,,,,,,,,,,,,,
2026,2021038761,2026-04-24,2116069.0,石塚 裕惺,23.0,遊,1,1.0,1.0,5.0,5.0,0.0,0.0,0.0,0.0,0.0,0.0,0.0,,0.0,0.0,0.0,0.0,0.0,0.0,,,,,,,,,,,,,,,,,,,,,,
2026,2021038761,2026-04-24,2117433.0,レイノルズ,62.0,投,3,1.0,0.0,0.0,0.0,0.0,0.0,0.0,0.0,0.0,0.0,0.0,,0.0,0.0,0.0,0.0,0.0,0.0,5.0,1.0,0.0,2.0,0.0,1.5,1.0,1.0,,,0.0,0.0,0.0,0.0,0.0,,1.0,1.0,0.0,,4.0,20.0
2026,2021038761,2026-04-24,2118420.0,キャベッジ,13.0,左,1,1.0,1.0,5.0,4.0,1.0,1.0,0.0,0.0,1.0,1.0,0.0,,1.0,0.0,0.0,0.0,0.0,0.0,,,,,,,,,,,,,,,,,,,,,,
2026,2021038762,2026-04-24,900044.0,中村 悠平,27.0,打,2,1.0,0.0,1.0,1.0,0.0,0.0,0.0,0.0,0.0,0.0,0.0,,0.0,1.0,0.0,0.0,0.0,0.0,,,,,,,,,,,,,,,,,,,,,,
2026,2021038762,2026-04-24,900410.0,大島 洋平,8.0,中,4,1.0,1.0,4.0,4.0,1.0,2.0,0.0,1.0,0.0,0.0,1.0,,0.0,0.0,0.0,0.0,0.0,0.0,,,,,,,,,,,,,,,,,,,,,,
2026,2021038762,2026-04-24,1100069.0,高橋 周平,3.0,三,4,1.0,1.0,4.0,4.0,1.0,1.0,0.0,0.0,0.0,1.0,0.0,,0.0,1.0,0.0,0.0,0.0,0.0,,,,,,,,,,,,,,,,,,,,,,
2026,2021038762,2026-04-24,1300029.0,田口 麗斗,34.0,投,2,1.0,0.0,0.0,0.0,0.0,0.0,0.0,0.0,0.0,0.0,0.0,,0.0,0.0,0.0,0.0,0.0,0.0,2.0,1.0,0.0,1.0,0.0,0.0,1.3333333333333333,1.1,,,0.0,0.0,0.0,0.0,0.0,,0.0,2.0,0.0,,4.0,19.0
2026,2021038762,2026-04-24,1300094.0,杉浦 稔大,33.0,投,4,1.0,0.0,0.0,0.0,0.0,0.0,0.0,0.0,0.0,0.0,0.0,,0.0,0.0,0.0,0.0,0.0,0.0,3.0,1.0,0.0,1.0,1.0,6.75,1.0,1.0,,,0.0,0.0,0.0,0.0,0.0,,0.0,1.0,0.0,,3.0,20.0
2026,2021038762,2026-04-24,1500050.0,山本 泰寛,60.0,打二,4,1.0,0.0,1.0,1.0,0.0,1.0,0.0,0.0,0.0,0.0,0.0,,0.0,0.0,0.0,0.0,0.0,0.0,,,,,,,,,,,,,,,,,,,,,,
2026,2021038762,2026-04-24,1500076.0,木下 拓哉,35.0,捕,4,1.0,1.0,3.0,3.0,0.0,0.0,0.0,0.0,0.0,0.0,0.0,,0.0,1.0,0.0,0.0,0.0,0.0,,,,,,,,,,,,,,,,,,,,,,
2026,2021038762,2026-04-24,1500091.0,板山 祐太郎,63.0,二,4,1.0,1.0,3.0,3.0,0.0,0.0,0.0,0.0,0.0,0.0,0.0,,0.0,1.0,0.0,0.0,0.0,0.0,,,,,,,,,,,,,,,,,,,,,,
2026,2021038762,2026-04-24,1500100.0,川越 誠司,44.0,打,4,1.0,0.0,1.0,1.0,0.0,1.0,1.0,0.0,0.0,0.0,0.0,,0.0,0.0,0.0,0.0,0.0,0.0,,,,,,,,,,,,,,,,,,,,,,
2026,2021038762,2026-04-24,1600075.0,星 知弥,24.0,投,2,1.0,0.0,0.0,0.0,0.0,0.0,0.0,0.0,0.0,0.0,0.0,,0.0,0.0,0.0,0.0,0.0,0.0,4.0,1.0,0.0,0.0,1.0,3.86,0.3333333333333333,0.1,,,1.0,3.0,3.0,3.0,1.0,,0.0,0.0,0.0,,4.0,10.0
2026,2021038762,2026-04-24,1600078.0,古賀 優大,2.0,捕,2,1.0,1.0,4.0,4.0,0.0,1.0,0.0,0.0,0.0,1.0,0.0,,0.0,0.0,0.0,0.0,0.0,0.0,,,,,,,,,,,,,,,,,,,,,,
2026,2021038762,2026-04-24,1600085.0,細川 成也,55.0,左,4,1.0,1.0,4.0,3.0,1.0,2.0,0.0,0.0,0.0,0.0,0.0,,1.0,1.0,0.0,0.0,0.0,0.0,,,,,,,,,,,,,,,,,,,,,,
2026,2021038762,2026-04-24,1600106.0,柳 裕也,17.0,投,4,1.0,1.0,2.0,2.0,0.0,0.0,0.0,0.0,0.0,0.0,0.0,,0.0,1.0,0.0,0.0,0.0,0.0,1.0,1.0,,1.0,0.0,1.59,7.0,7.0,,,0.0,7.0,3.0,3.0,1.0,,1.0,5.0,0.0,,28.0,99.0
2026,2021038762,2026-04-24,1650522.0,丸山 和郁,4.0,右,2,1.0,0.0,0.0,0.0,0.0,0.0,0.0,0.0,0.0,0.0,0.0,,0.0,0.0,0.0,0.0,0.0,0.0,,,,,,,,,,,,,,,,,,,,,,
2026,2021038762,2026-04-24,1660558.0,メヒア,91.0,投,4,1.0,0.0,0.0,0.0,0.0,0.0,0.0,0.0,0.0,0.0,0.0,,0.0,0.0,0.0,0.0,0.0,0.0,2.0,1.0,0.0,0.0,0.0,3.12,1.0,1.0,,,0.0,1.0,1.0,1.0,1.0,,1.0,0.0,0.0,,5.0,18.0
2026,2021038762,2026-04-24,1700131.0,増田 珠,63.0,右,2,1.0,1.0,4.0,3.0,1.0,2.0,1.0,0.0,0.0,0.0,0.0,,1.0,0.0,0.0,0.0,0.0,0.0,,,,,,,,,,,,,,,,,,,,,,
2026,2021038762,2026-04-24,1750223.0,村松 開人,5.0,遊,4,1.0,1.0,4.0,4.0,1.0,1.0,0.0,0.0,1.0,3.0,0.0,,0.0,2.0,0.0,0.0,0.0,1.0,,,,,,,,,,,,,,,,,,,,,,
2026,2021038762,2026-04-24,1750696.0,松本 健吾,28.0,投,2,1.0,1.0,2.0,2.0,0.0,0.0,0.0,0.0,0.0,0.0,0.0,,0.0,1.0,0.0,0.0,0.0,0.0,1.0,1.0,,2.0,0.0,2.5,6.0,6.0,,,0.0,6.0,3.0,3.0,1.0,,1.0,8.0,0.0,,24.0,98.0
2026,2021038762,2026-04-24,1800048.0,知野 直人,65.0,打,4,1.0,0.0,1.0,1.0,0.0,0.0,0.0,0.0,0.0,0.0,0.0,,0.0,1.0,0.0,0.0,0.0,0.0,,,,,,,,,,,,,,,,,,,,,,
2026,2021038762,2026-04-24,1900028.0,長岡 秀樹,7.0,遊,2,1.0,1.0,4.0,4.0,0.0,1.0,0.0,0.0,0.0,0.0,0.0,,0.0,0.0,0.0,0.0,0.0,0.0,,,,,,,,,,,,,,,,,,,,,,
2026,2021038762,2026-04-24,1900029.0,武岡 龍世,60.0,打三,2,1.0,0.0,2.0,2.0,0.0,0.0,0.0,0.0,0.0,0.0,0.0,,0.0,0.0,0.0,0.0,0.0,0.0,,,,,,,,,,,,,,,,,,,,,,
2026,2021038762,2026-04-24,1961300.0,ボスラー,24.0,一,4,1.0,1.0,4.0,4.0,1.0,2.0,0.0,0.0,1.0,2.0,0.0,,0.0,0.0,0.0,0.0,0.0,0.0,,,,,,,,,,,,,,,,,,,,,,
2026,2021038762,2026-04-24,2000024.0,木澤 尚文,20.0,投,2,1.0,0.0,0.0,0.0,0.0,0.0,0.0,0.0,0.0,0.0,0.0,,0.0,0.0,0.0,0.0,0.0,0.0,3.0,1.0,0.0,0.0,0.0,0.0,0.6666666666666666,0.2,,,0.0,1.0,0.0,0.0,0.0,,0.0,0.0,0.0,,2.0,7.0
2026,2021038762,2026-04-24,2000031.0,赤羽 由紘,0.0,二左,2,1.0,1.0,4.0,4.0,1.0,1.0,0.0,0.0,1.0,2.0,0.0,,0.0,0.0,0.0,0.0,0.0,0.0,,,,,,,,,,,,,,,,,,,,,,
2026,2021038762,2026-04-24,2000044.0,土田 龍空,45.0,走,4,1.0,0.0,0.0,0.0,1.0,0.0,0.0,0.0,0.0,0.0,0.0,,0.0,0.0,0.0,0.0,0.0,0.0,,,,,,,,,,,,,,,,,,,,,,
2026,2021038762,2026-04-24,2000133.0,オスナ,13.0,一,2,1.0,1.0,4.0,4.0,0.0,1.0,0.0,0.0,0.0,0.0,0.0,,0.0,1.0,0.0,0.0,0.0,0.0,,,,,,,,,,,,,,,,,,,,,,
2026,2021038762,2026-04-24,2000135.0,サンタナ,25.0,左,2,1.0,1.0,4.0,4.0,1.0,1.0,0.0,0.0,1.0,1.0,0.0,,0.0,2.0,0.0,0.0,0.0,0.0,,,,,,,,,,,,,,,,,,,,,,
2026,2021038762,2026-04-24,2103845.0,鵜飼 航丞,66.0,右,4,1.0,1.0,3.0,3.0,0.0,0.0,0.0,0.0,0.0,0.0,0.0,,0.0,2.0,0.0,0.0,0.0,0.0,,,,,,,,,,,,,,,,,,,,,,
2026,2021038762,2026-04-24,2103917.0,岩田 幸宏,64.0,中,2,1.0,1.0,4.0,4.0,0.0,0.0,0.0,0.0,0.0,0.0,0.0,,0.0,1.0,0.0,0.0,0.0,0.0,,,,,,,,,,,,,,,,,,,,,,
2026,2021038762,2026-04-24,2112175.0,伊藤 琉偉,67.0,二,2,1.0,0.0,0.0,0.0,0.0,0.0,0.0,0.0,0.0,0.0,0.0,,0.0,0.0,0.0,0.0,0.0,0.0,,,,,,,,,,,,,,,,,,,,,,
2026,2021038762,2026-04-24,2113365.0,田中 陽翔,54.0,三,2,1.0,1.0,3.0,2.0,1.0,1.0,0.0,0.0,0.0,0.0,0.0,,1.0,0.0,0.0,0.0,0.0,0.0,,,,,,,,,,,,,,,,,,,,,,
2026,2021038763,2026-04-24,1300100.0,森 友哉,4.0,捕,11,1.0,1.0,3.0,3.0,0.0,1.0,0.0,0.0,0.0,0.0,0.0,,0.0,0.0,0.0,0.0,0.0,0.0,,,,,,,,,,,,,,,,,,,,,,
2026,2021038763,2026-04-24,1400119.0,淺間 大基,8.0,中,8,1.0,1.0,3.0,3.0,0.0,0.0,0.0,0.0,0.0,0.0,0.0,,0.0,1.0,0.0,0.0,0.0,0.0,,,,,,,,,,,,,,,,,,,,,,
2026,2021038763,2026-04-24,1400196.0,宗 佑磨,6.0,三,11,1.0,1.0,4.0,4.0,0.0,1.0,1.0,0.0,0.0,0.0,0.0,,0.0,3.0,0.0,0.0,0.0,0.0,,,,,,,,,,,,,,,,,,,,,,
2026,2021038763,2026-04-24,1400201.0,西野 真弘,5.0,二,11,1.0,1.0,3.0,3.0,0.0,0.0,0.0,0.0,0.0,0.0,0.0,,0.0,0.0,0.0,0.0,0.0,0.0,,,,,,,,,,,,,,,,,,,,,,
2026,2021038763,2026-04-24,1500096.0,西川 龍馬,7.0,左,11,1.0,1.0,4.0,4.0,1.0,1.0,1.0,0.0,0.0,0.0,0.0,,0.0,2.0,0.0,0.0,0.0,0.0,,,,,,,,,,,,,,,,,,,,,,
2026,2021038763,2026-04-24,1650221.0,椋木 蓮,15.0,,11,,,,,,,,,,,,,,,,,,,2.0,1.0,0.0,1.0,0.0,0.0,1.0,1.0,,,1.0,0.0,0.0,0.0,0.0,,0.0,1.0,0.0,,3.0,12.0
2026,2021038763,2026-04-24,1700025.0,清宮 幸太郎,21.0,一,8,1.0,1.0,4.0,3.0,1.0,0.0,0.0,0.0,0.0,0.0,1.0,,1.0,1.0,0.0,0.0,0.0,0.0,,,,,,,,,,,,,,,,,,,,,,
2026,2021038763,2026-04-24,1751068.0,野口 智哉,9.0,二,11,1.0,0.0,0.0,0.0,0.0,0.0,0.0,0.0,0.0,0.0,0.0,,0.0,0.0,0.0,0.0,0.0,0.0,,,,,,,,,,,,,,,,,,,,,,
2026,2021038763,2026-04-24,1800008.0,マルティネス,2.0,指,8,1.0,1.0,3.0,3.0,0.0,0.0,0.0,0.0,0.0,0.0,0.0,,0.0,0.0,0.0,0.0,0.0,0.0,,,,,,,,,,,,,,,,,,,,,,
2026,2021038763,2026-04-24,1800091.0,野村 佑希,5.0,左,8,1.0,1.0,4.0,4.0,0.0,0.0,0.0,0.0,0.0,0.0,0.0,,0.0,2.0,0.0,0.0,0.0,0.0,,,,,,,,,,,,,,,,,,,,,,
2026,2021038763,2026-04-24,1800093.0,万波 中正,66.0,右,8,1.0,1.0,4.0,4.0,1.0,1.0,1.0,0.0,0.0,0.0,0.0,,0.0,2.0,0.0,0.0,0.0,0.0,,,,,,,,,,,,,,,,,,,,,,
2026,2021038763,2026-04-24,1800095.0,田宮 裕涼,64.0,捕,8,1.0,1.0,4.0,4.0,0.0,1.0,0.0,0.0,0.0,0.0,0.0,,0.0,0.0,0.0,0.0,0.0,0.0,,,,,,,,,,,,,,,,,,,,,,
2026,2021038763,2026-04-24,1800098.0,太田 椋,1.0,一,11,1.0,1.0,3.0,3.0,1.0,1.0,1.0,0.0,0.0,1.0,0.0,,0.0,0.0,0.0,0.0,0.0,0.0,,,,,,,,,,,,,,,,,,,,,,
2026,2021038763,2026-04-24,1800104.0,中川 圭太,67.0,右左,11,1.0,1.0,3.0,3.0,0.0,0.0,0.0,0.0,0.0,0.0,0.0,,0.0,1.0,0.0,0.0,0.0,0.0,,,,,,,,,,,,,,,,,,,,,,
2026,2021038763,2026-04-24,1850932.0,奈良間 大己,58.0,二,8,1.0,1.0,3.0,3.0,0.0,1.0,0.0,0.0,0.0,0.0,0.0,,0.0,1.0,0.0,0.0,0.0,0.0,,,,,,,,,,,,,,,,,,,,,,
2026,2021038763,2026-04-24,1851204.0,水野 達稀,43.0,遊,8,1.0,1.0,3.0,3.0,0.0,0.0,0.0,0.0,0.0,0.0,0.0,,0.0,1.0,0.0,0.0,0.0,0.0,,,,,,,,,,,,,,,,,,,,,,
2026,2021038763,2026-04-24,1860140.0,レイエス,99.0,打指,8,1.0,0.0,1.0,1.0,0.0,1.0,0.0,0.0,0.0,0.0,0.0,,0.0,0.0,0.0,0.0,0.0,0.0,,,,,,,,,,,,,,,,,,,,,,
2026,2021038763,2026-04-24,1900040.0,郡司 裕也,3.0,三,8,1.0,1.0,4.0,4.0,0.0,1.0,0.0,0.0,0.0,2.0,0.0,,0.0,0.0,0.0,0.0,0.0,0.0,,,,,,,,,,,,,,,,,,,,,,
2026,2021038763,2026-04-24,1900088.0,紅林 弘太郎,24.0,遊,11,1.0,1.0,3.0,3.0,0.0,0.0,0.0,0.0,0.0,0.0,0.0,,0.0,1.0,0.0,0.0,0.0,0.0,,,,,,,,,,,,,,,,,,,,,,
2026,2021038763,2026-04-24,1961416.0,マチャド,42.0,,11,,,,,,,,,,,,,,,,,,,3.0,1.0,0.0,0.0,0.0,1.13,1.0,1.0,,,5.0,2.0,1.0,1.0,0.0,,0.0,0.0,0.0,,5.0,19.0
2026,2021038763,2026-04-24,2000079.0,伊藤 大海,17.0,,8,,,,,,,,,,,,,,,,,,,1.0,1.0,,2.0,2.0,4.6,8.0,8.0,,,0.0,7.0,3.0,3.0,1.0,,0.0,7.0,0.0,,30.0,103.0
2026,2021038763,2026-04-24,2103747.0,渡部 遼人,0.0,中,11,1.0,1.0,4.0,4.0,0.0,2.0,0.0,0.0,0.0,0.0,2.0,,0.0,0.0,0.0,0.0,0.0,0.0,,,,,,,,,,,,,,,,,,,,,,
2026,2021038763,2026-04-24,2106284.0,矢澤 宏太,12.0,走指,8,1.0,0.0,0.0,0.0,0.0,0.0,0.0,0.0,0.0,0.0,1.0,,0.0,0.0,0.0,0.0,0.0,0.0,,,,,,,,,,,,,,,,,,,,,,
2026,2021038763,2026-04-24,2108177.0,エスピノーザ,0.0,,11,,,,,,,,,,,,,,,,,,,1.0,1.0,,4.0,0.0,0.62,7.0,7.0,,,0.0,3.0,1.0,1.0,0.0,,1.0,7.0,0.0,,25.0,98.0
2026,2021038763,2026-04-24,2110153.0,麦谷 祐介,8.0,右,11,1.0,0.0,0.0,0.0,0.0,0.0,0.0,0.0,0.0,0.0,0.0,,0.0,0.0,0.0,0.0,0.0,0.0,,,,,,,,,,,,,,,,,,,,,,
2026,2021038763,2026-04-24,2117200.0,シーモア,45.0,指,11,1.0,1.0,3.0,3.0,1.0,1.0,0.0,0.0,1.0,2.0,0.0,,0.0,0.0,0.0,0.0,0.0,0.0,,,,,,,,,,,,,,,,,,,,,,
2026,2021038764,2026-04-25,700003.0,坂本 勇人,6.0,三,1,1.0,1.0,5.0,5.0,1.0,1.0,0.0,0.0,0.0,0.0,0.0,,0.0,1.0,0.0,0.0,0.0,0.0,,,,,,,,,,,,,,,,,,,,,,
2026,2021038764,2026-04-25,1100095.0,松本 剛,9.0,中,1,1.0,1.0,5.0,5.0,1.0,1.0,0.0,0.0,0.0,0.0,1.0,,0.0,0.0,0.0,0.0,0.0,0.0,,,,,,,,,,,,,,,,,,,,,,
2026,2021038764,2026-04-25,1450689.0,船迫 大雅,58.0,投,1,1.0,0.0,0.0,0.0,0.0,0.0,0.0,0.0,0.0,0.0,0.0,,0.0,0.0,0.0,0.0,0.0,0.0,4.0,1.0,0.0,0.0,1.0,2.45,1.0,1.0,,,0.0,0.0,0.0,0.0,0.0,,1.0,1.0,0.0,,3.0,11.0
2026,2021038764,2026-04-25,1561820.0,ダルベック,29.0,一,1,1.0,1.0,5.0,4.0,0.0,1.0,0.0,0.0,0.0,0.0,0.0,,1.0,0.0,0.0,0.0,0.0,0.0,,,,,,,,,,,,,,,,,,,,,,
2026,2021038764,2026-04-25,1600072.0,堀岡 隼人,92.0,投,3,1.0,0.0,0.0,0.0,0.0,0.0,0.0,0.0,0.0,0.0,0.0,,0.0,0.0,0.0,0.0,0.0,0.0,4.0,1.0,0.0,0.0,0.0,1.8,2.0,2.0,,,0.0,0.0,0.0,0.0,0.0,,1.0,1.0,0.0,,7.0,26.0
2026,2021038764,2026-04-25,1600089.0,佐野 恵太,7.0,一,3,1.0,1.0,4.0,3.0,0.0,0.0,0.0,0.0,0.0,1.0,0.0,,1.0,0.0,0.0,0.0,0.0,0.0,,,,,,,,,,,,,,,,,,,,,,
2026,2021038764,2026-04-25,1600107.0,京田 陽太,9.0,遊,3,1.0,1.0,4.0,4.0,0.0,0.0,0.0,0.0,0.0,0.0,0.0,,0.0,0.0,0.0,0.0,0.0,0.0,,,,,,,,,,,,,,,,,,,,,,
2026,2021038764,2026-04-25,1600167.0,三森 大貴,26.0,二,3,1.0,1.0,4.0,1.0,0.0,1.0,0.0,0.0,0.0,1.0,1.0,,3.0,0.0,0.0,0.0,0.0,0.0,,,,,,,,,,,,,,,,,,,,,,
2026,2021038764,2026-04-25,1700027.0,田中 瑛斗,45.0,投,1,1.0,0.0,0.0,0.0,0.0,0.0,0.0,0.0,0.0,0.0,0.0,,0.0,0.0,0.0,0.0,0.0,0.0,5.0,1.0,0.0,1.0,0.0,1.04,1.0,1.0,,,1.0,1.0,0.0,0.0,0.0,,0.0,2.0,0.0,,4.0,13.0
2026,2021038764,2026-04-25,1700043.0,岸田 行倫,27.0,捕,1,1.0,1.0,5.0,4.0,1.0,2.0,1.0,0.0,0.0,2.0,0.0,,1.0,1.0,0.0,0.0,0.0,0.0,,,,,,,,,,,,,,,,,,,,,,
2026,2021038764,2026-04-25,1700066.0,山本 祐大,50.0,捕,3,1.0,1.0,4.0,2.0,0.0,0.0,0.0,0.0,0.0,0.0,0.0,,2.0,2.0,0.0,0.0,0.0,0.0,,,,,,,,,,,,,,,,,,,,,,
2026,2021038764,2026-04-25,1800046.0,勝又 温史,28.0,左,3,1.0,1.0,4.0,4.0,0.0,3.0,0.0,0.0,0.0,0.0,0.0,,0.0,1.0,0.0,0.0,0.0,0.0,,,,,,,,,,,,,,,,,,,,,,
2026,2021038764,2026-04-25,1800049.0,宮城 滝太,65.0,投,3,1.0,0.0,0.0,0.0,0.0,0.0,0.0,0.0,0.0,0.0,0.0,,0.0,0.0,0.0,0.0,0.0,0.0,5.0,1.0,0.0,0.0,0.0,0.0,1.0,1.0,,,0.0,0.0,0.0,0.0,0.0,,0.0,1.0,0.0,,3.0,9.0
2026,2021038764,2026-04-25,1850873.0,度会 隆輝,4.0,三,3,1.0,1.0,5.0,4.0,0.0,0.0,0.0,0.0,0.0,0.0,0.0,,1.0,0.0,0.0,0.0,0.0,0.0,,,,,,,,,,,,,,,,,,,,,,
2026,2021038764,2026-04-25,1900035.0,蝦名 達夫,61.0,中,3,1.0,1.0,5.0,4.0,1.0,0.0,0.0,0.0,0.0,0.0,0.0,,0.0,2.0,1.0,0.0,0.0,0.0,,,,,,,,,,,,,,,,,,,,,,
2026,2021038764,2026-04-25,1951153.0,浦田 俊輔,32.0,二,1,1.0,1.0,5.0,4.0,1.0,1.0,0.0,0.0,0.0,2.0,1.0,,1.0,0.0,0.0,0.0,0.0,0.0,,,,,,,,,,,,,,,,,,,,,,
2026,2021038764,2026-04-25,2000099.0,中川 颯,53.0,投,3,1.0,0.0,2.0,2.0,1.0,1.0,0.0,0.0,0.0,0.0,0.0,,0.0,1.0,0.0,0.0,0.0,0.0,2.0,1.0,0.0,0.0,0.0,0.0,2.333333333333333,2.1,,,0.0,2.0,0.0,0.0,0.0,,0.0,1.0,0.0,,9.0,36.0
2026,2021038764,2026-04-25,2100014.0,宮下 朝陽,34.0,打,3,1.0,0.0,1.0,1.0,0.0,0.0,0.0,0.0,0.0,0.0,0.0,,0.0,0.0,0.0,0.0,0.0,0.0,,,,,,,,,,,,,,,,,,,,,,
2026,2021038764,2026-04-25,2101034.0,ヒュンメル,99.0,右,3,1.0,1.0,4.0,4.0,0.0,0.0,0.0,0.0,0.0,0.0,0.0,,0.0,3.0,0.0,0.0,0.0,0.0,,,,,,,,,,,,,,,,,,,,,,
2026,2021038764,2026-04-25,2105013.0,萩尾 匡也,12.0,打,1,1.0,0.0,1.0,0.0,0.0,0.0,0.0,0.0,0.0,0.0,1.0,,1.0,0.0,0.0,0.0,0.0,0.0,,,,,,,,,,,,,,,,,,,,,,
2026,2021038764,2026-04-25,2105232.0,片山 皓心,47.0,投,3,1.0,1.0,0.0,0.0,0.0,0.0,0.0,0.0,0.0,0.0,0.0,,0.0,0.0,0.0,0.0,0.0,0.0,1.0,1.0,,0.0,1.0,23.63,2.6666666666666665,2.2,,,0.0,9.0,7.0,7.0,1.0,,2.0,2.0,1.0,,20.0,70.0
2026,2021038764,2026-04-25,2105891.0,マルセリーノ,98.0,投,3,1.0,0.0,0.0,0.0,0.0,0.0,0.0,0.0,0.0,0.0,0.0,,0.0,0.0,0.0,0.0,0.0,0.0,3.0,1.0,0.0,0.0,0.0,5.0,1.0,1.0,,,0.0,0.0,0.0,0.0,0.0,,1.0,0.0,0.0,,4.0,11.0
2026,2021038764,2026-04-25,2106178.0,佐々木 俊輔,44.0,右,1,1.0,0.0,0.0,0.0,0.0,0.0,0.0,0.0,0.0,0.0,0.0,,0.0,0.0,0.0,0.0,0.0,0.0,,,,,,,,,,,,,,,,,,,,,,
2026,2021038764,2026-04-25,2107874.0,門脇 誠,5.0,三,1,1.0,0.0,0.0,0.0,0.0,0.0,0.0,0.0,0.0,0.0,0.0,,0.0,0.0,0.0,0.0,0.0,0.0,,,,,,,,,,,,,,,,,,,,,,
2026,2021038764,2026-04-25,2108022.0,又木 鉄平,46.0,投,1,1.0,0.0,1.0,1.0,0.0,0.0,0.0,0.0,0.0,0.0,0.0,,0.0,0.0,0.0,0.0,0.0,0.0,2.0,1.0,0.0,1.0,0.0,2.84,3.333333333333333,3.1,,,0.0,2.0,0.0,0.0,0.0,,2.0,3.0,0.0,,13.0,46.0
2026,2021038764,2026-04-25,2110991.0,小濱 佑斗,33.0,遊,1,1.0,1.0,4.0,4.0,1.0,1.0,1.0,0.0,0.0,2.0,0.0,,0.0,1.0,0.0,0.0,0.0,0.0,,,,,,,,,,,,,,,,,,,,,,
2026,2021038764,2026-04-25,2112330.0,平山 功太,69.0,右左,1,1.0,1.0,5.0,5.0,2.0,2.0,0.0,0.0,1.0,1.0,0.0,,0.0,0.0,0.0,0.0,0.0,0.0,,,,,,,,,,,,,,,,,,,,,,
2026,2021038764,2026-04-25,2115069.0,成瀬 脩人,48.0,二,3,1.0,0.0,1.0,1.0,0.0,0.0,0.0,0.0,0.0,0.0,0.0,,0.0,1.0,0.0,0.0,0.0,0.0,,,,,,,,,,,,,,,,,,,,,,
2026,2021038764,2026-04-25,2118291.0,田和 廉,30.0,投,1,1.0,0.0,0.0,0.0,0.0,0.0,0.0,0.0,0.0,0.0,0.0,,0.0,0.0,0.0,0.0,0.0,0.0,3.0,1.0,0.0,0.0,0.0,0.0,1.0,1.0,,,0.0,0.0,0.0,0.0,0.0,,0.0,1.0,0.0,,3.0,12.0
2026,2021038764,2026-04-25,2118420.0,キャベッジ,13.0,左,1,1.0,1.0,5.0,4.0,0.0,2.0,1.0,0.0,0.0,0.0,1.0,,0.0,0.0,1.0,0.0,0.0,0.0,,,,,,,,,,,,,,,,,,,,,,
2026,2021038764,2026-04-25,2122496.0,マタ,42.0,投,1,1.0,1.0,2.0,2.0,0.0,0.0,0.0,0.0,0.0,0.0,0.0,,0.0,2.0,0.0,0.0,0.0,0.0,1.0,1.0,,0.0,1.0,3.29,2.6666666666666665,2.2,,,0.0,2.0,2.0,2.0,0.0,,4.0,3.0,1.0,,15.0,63.0
2026,2021038765,2026-04-25,900410.0,大島 洋平,8.0,中,4,1.0,1.0,4.0,4.0,0.0,0.0,0.0,0.0,0.0,0.0,0.0,,0.0,0.0,0.0,0.0,0.0,0.0,,,,,,,,,,,,,,,,,,,,,,
2026,2021038765,2026-04-25,1000138.0,大野 雄大,22.0,投,4,1.0,1.0,2.0,2.0,0.0,0.0,0.0,0.0,0.0,0.0,0.0,,0.0,1.0,0.0,0.0,0.0,1.0,1.0,1.0,,2.0,1.0,2.08,7.0,7.0,,,0.0,3.0,0.0,0.0,0.0,,0.0,6.0,1.0,,26.0,96.0
2026,2021038765,2026-04-25,1100069.0,高橋 周平,3.0,三,4,1.0,1.0,4.0,4.0,0.0,0.0,0.0,0.0,0.0,0.0,0.0,,0.0,2.0,0.0,0.0,0.0,0.0,,,,,,,,,,,,,,,,,,,,,,
2026,2021038765,2026-04-25,1200076.0,小川 泰弘,29.0,投,2,1.0,1.0,2.0,2.0,0.0,0.0,0.0,0.0,0.0,0.0,0.0,,0.0,1.0,0.0,0.0,0.0,0.0,1.0,1.0,,1.0,2.0,4.79,6.0,6.0,,,0.0,4.0,5.0,5.0,2.0,,2.0,2.0,0.0,,24.0,80.0
2026,2021038765,2026-04-25,1500091.0,板山 祐太郎,63.0,二左,4,1.0,1.0,3.0,3.0,1.0,1.0,0.0,0.0,1.0,4.0,0.0,,0.0,1.0,0.0,0.0,0.0,0.0,,,,,,,,,,,,,,,,,,,,,,
2026,2021038765,2026-04-25,1600078.0,古賀 優大,2.0,捕,2,1.0,1.0,4.0,4.0,0.0,2.0,0.0,0.0,0.0,1.0,0.0,,0.0,0.0,0.0,0.0,0.0,0.0,,,,,,,,,,,,,,,,,,,,,,
2026,2021038765,2026-04-25,1600085.0,細川 成也,55.0,左,4,1.0,1.0,4.0,3.0,1.0,1.0,0.0,0.0,0.0,0.0,0.0,,1.0,0.0,0.0,0.0,0.0,0.0,,,,,,,,,,,,,,,,,,,,,,
2026,2021038765,2026-04-25,1600121.0,拓也,41.0,投,2,1.0,0.0,0.0,0.0,0.0,0.0,0.0,0.0,0.0,0.0,0.0,,0.0,0.0,0.0,0.0,0.0,0.0,2.0,1.0,0.0,0.0,0.0,0.0,1.0,1.0,,,0.0,0.0,0.0,0.0,0.0,,0.0,1.0,0.0,,4.0,19.0
2026,2021038765,2026-04-25,1660558.0,メヒア,91.0,投,4,1.0,0.0,0.0,0.0,0.0,0.0,0.0,0.0,0.0,0.0,0.0,,0.0,0.0,0.0,0.0,0.0,0.0,3.0,1.0,0.0,0.0,0.0,3.0,0.3333333333333333,0.1,,,0.0,0.0,0.0,0.0,0.0,,0.0,0.0,0.0,,1.0,3.0
2026,2021038765,2026-04-25,1700089.0,宮本 丈,10.0,打,2,1.0,0.0,1.0,1.0,0.0,0.0,0.0,0.0,0.0,0.0,0.0,,0.0,0.0,0.0,0.0,0.0,0.0,,,,,,,,,,,,,,,,,,,,,,
2026,2021038765,2026-04-25,1700131.0,増田 珠,63.0,右,2,1.0,1.0,4.0,3.0,0.0,2.0,0.0,0.0,0.0,1.0,0.0,,0.0,0.0,1.0,0.0,0.0,0.0,,,,,,,,,,,,,,,,,,,,,,
2026,2021038765,2026-04-25,1750223.0,村松 開人,5.0,遊,4,1.0,1.0,3.0,2.0,1.0,0.0,0.0,0.0,0.0,0.0,0.0,,1.0,0.0,0.0,0.0,0.0,0.0,,,,,,,,,,,,,,,,,,,,,,
2026,2021038765,2026-04-25,1750701.0,田中 幹也,2.0,二,4,1.0,0.0,0.0,0.0,0.0,0.0,0.0,0.0,0.0,0.0,0.0,,0.0,0.0,0.0,0.0,0.0,0.0,,,,,,,,,,,,,,,,,,,,,,
2026,2021038765,2026-04-25,1800059.0,根尾 昂,30.0,投,4,1.0,0.0,0.0,0.0,0.0,0.0,0.0,0.0,0.0,0.0,0.0,,0.0,0.0,0.0,0.0,0.0,0.0,2.0,1.0,0.0,1.0,1.0,4.5,0.6666666666666666,0.2,,,0.0,3.0,2.0,2.0,0.0,,1.0,1.0,0.0,,6.0,20.0
2026,2021038765,2026-04-25,1900028.0,長岡 秀樹,7.0,遊,2,1.0,1.0,4.0,3.0,1.0,0.0,0.0,0.0,0.0,0.0,0.0,,1.0,1.0,0.0,0.0,0.0,0.0,,,,,,,,,,,,,,,,,,,,,,
2026,2021038765,2026-04-25,1900029.0,武岡 龍世,60.0,三,2,1.0,0.0,0.0,0.0,0.0,0.0,0.0,0.0,0.0,0.0,0.0,,0.0,0.0,0.0,0.0,0.0,0.0,,,,,,,,,,,,,,,,,,,,,,
2026,2021038765,2026-04-25,1961300.0,ボスラー,24.0,一,4,1.0,1.0,3.0,3.0,0.0,0.0,0.0,0.0,0.0,0.0,0.0,,0.0,0.0,0.0,0.0,0.0,0.0,,,,,,,,,,,,,,,,,,,,,,
2026,2021038765,2026-04-25,2000028.0,並木 秀尊,0.0,中左,2,1.0,1.0,3.0,3.0,0.0,0.0,0.0,0.0,0.0,0.0,0.0,,0.0,0.0,0.0,0.0,0.0,0.0,,,,,,,,,,,,,,,,,,,,,,
2026,2021038765,2026-04-25,2000031.0,赤羽 由紘,0.0,三一,2,1.0,1.0,4.0,4.0,0.0,0.0,0.0,0.0,0.0,0.0,0.0,,0.0,1.0,0.0,0.0,0.0,0.0,,,,,,,,,,,,,,,,,,,,,,
2026,2021038765,2026-04-25,2000044.0,土田 龍空,45.0,打,4,1.0,0.0,1.0,1.0,0.0,0.0,0.0,0.0,0.0,0.0,0.0,,0.0,0.0,0.0,0.0,0.0,0.0,,,,,,,,,,,,,,,,,,,,,,
2026,2021038765,2026-04-25,2000133.0,オスナ,13.0,一,2,1.0,1.0,4.0,4.0,0.0,0.0,0.0,0.0,0.0,0.0,0.0,,0.0,1.0,0.0,0.0,0.0,1.0,,,,,,,,,,,,,,,,,,,,,,
2026,2021038765,2026-04-25,2000135.0,サンタナ,25.0,左,2,1.0,1.0,4.0,4.0,0.0,1.0,0.0,0.0,0.0,0.0,0.0,,0.0,2.0,0.0,0.0,0.0,0.0,,,,,,,,,,,,,,,,,,,,,,
2026,2021038765,2026-04-25,2103845.0,鵜飼 航丞,66.0,右,4,1.0,1.0,3.0,3.0,1.0,1.0,0.0,0.0,0.0,0.0,0.0,,0.0,0.0,0.0,0.0,0.0,0.0,,,,,,,,,,,,,,,,,,,,,,
2026,2021038765,2026-04-25,2103917.0,岩田 幸宏,64.0,走中,2,1.0,0.0,0.0,0.0,1.0,0.0,0.0,0.0,0.0,0.0,0.0,,0.0,0.0,0.0,0.0,0.0,0.0,,,,,,,,,,,,,,,,,,,,,,
2026,2021038765,2026-04-25,2105063.0,橋本 星哉,52.0,打,2,1.0,0.0,1.0,1.0,0.0,0.0,0.0,0.0,0.0,0.0,0.0,,0.0,0.0,0.0,0.0,0.0,0.0,,,,,,,,,,,,,,,,,,,,,,
2026,2021038765,2026-04-25,2105102.0,石伊 雄太,9.0,捕,4,1.0,1.0,4.0,4.0,1.0,1.0,0.0,0.0,1.0,1.0,0.0,,0.0,1.0,0.0,0.0,0.0,0.0,,,,,,,,,,,,,,,,,,,,,,
2026,2021038765,2026-04-25,2107645.0,尾田 剛樹,0.0,中,4,1.0,0.0,0.0,0.0,0.0,0.0,0.0,0.0,0.0,0.0,0.0,,0.0,0.0,0.0,0.0,0.0,0.0,,,,,,,,,,,,,,,,,,,,,,
2026,2021038765,2026-04-25,2107869.0,松山 晋也,90.0,投,4,1.0,0.0,0.0,0.0,0.0,0.0,0.0,0.0,0.0,0.0,0.0,,0.0,0.0,0.0,0.0,0.0,0.0,4.0,1.0,0.0,0.0,1.0,8.1,1.0,1.0,,,3.0,0.0,0.0,0.0,0.0,,0.0,0.0,0.0,,3.0,8.0
2026,2021038765,2026-04-25,2109495.0,鈴木 叶,65.0,捕,2,1.0,0.0,1.0,1.0,0.0,0.0,0.0,0.0,0.0,0.0,0.0,,0.0,0.0,0.0,0.0,0.0,0.0,,,,,,,,,,,,,,,,,,,,,,
2026,2021038765,2026-04-25,2112175.0,伊藤 琉偉,67.0,二,2,1.0,1.0,3.0,3.0,0.0,1.0,0.0,0.0,0.0,0.0,0.0,,0.0,1.0,0.0,0.0,0.0,0.0,,,,,,,,,,,,,,,,,,,,,,
2026,2021038765,2026-04-25,2113365.0,田中 陽翔,54.0,打,2,1.0,0.0,1.0,1.0,0.0,0.0,0.0,0.0,0.0,0.0,0.0,,0.0,0.0,0.0,0.0,0.0,0.0,,,,,,,,,,,,,,,,,,,,,,
2026,2021038765,2026-04-25,2117400.0,荘司 宏太,30.0,投,2,1.0,0.0,0.0,0.0,0.0,0.0,0.0,0.0,0.0,0.0,0.0,,0.0,0.0,0.0,0.0,0.0,0.0,3.0,1.0,0.0,1.0,0.0,2.7,1.0,1.0,,,0.0,0.0,0.0,0.0,0.0,,0.0,2.0,0.0,,3.0,20.0
2026,2021038766,2026-04-25,1000116.0,中崎 翔太,21.0,投,6,1.0,0.0,0.0,0.0,0.0,0.0,0.0,0.0,0.0,0.0,0.0,,0.0,0.0,0.0,0.0,0.0,0.0,3.0,1.0,0.0,1.0,1.0,3.38,1.0,1.0,,,3.0,1.0,1.0,1.0,0.0,,3.0,1.0,0.0,,7.0,26.0
2026,2021038766,2026-04-25,1000150.0,秋山 翔吾,9.0,左,6,1.0,1.0,6.0,6.0,0.0,2.0,0.0,0.0,0.0,0.0,0.0,,0.0,1.0,0.0,0.0,0.0,0.0,,,,,,,,,,,,,,,,,,,,,,
2026,2021038766,2026-04-25,1100082.0,菊池 涼介,33.0,打,6,1.0,0.0,1.0,0.0,0.0,0.0,0.0,0.0,0.0,0.0,0.0,,1.0,0.0,0.0,0.0,0.0,0.0,,,,,,,,,,,,,,,,,,,,,,
2026,2021038766,2026-04-25,1300073.0,梅野 隆太郎,2.0,捕,5,1.0,0.0,2.0,2.0,0.0,0.0,0.0,0.0,0.0,0.0,0.0,,0.0,1.0,0.0,0.0,0.0,0.0,,,,,,,,,,,,,,,,,,,,,,
2026,2021038766,2026-04-25,1300075.0,岩崎 優,13.0,投,5,1.0,0.0,0.0,0.0,0.0,0.0,0.0,0.0,0.0,0.0,0.0,,0.0,0.0,0.0,0.0,0.0,0.0,3.0,1.0,0.0,0.0,1.0,2.0,1.0,1.0,,,6.0,1.0,1.0,1.0,0.0,,1.0,1.0,0.0,,5.0,22.0
2026,2021038766,2026-04-25,1400172.0,植田 海,62.0,走,5,1.0,0.0,0.0,0.0,0.0,0.0,0.0,0.0,0.0,0.0,0.0,,0.0,0.0,0.0,0.0,0.0,0.0,,,,,,,,,,,,,,,,,,,,,,
2026,2021038766,2026-04-25,1400173.0,野間 峻祥,37.0,右,6,1.0,1.0,3.0,3.0,0.0,1.0,0.0,0.0,0.0,0.0,0.0,,0.0,1.0,0.0,0.0,0.0,0.0,,,,,,,,,,,,,,,,,,,,,,
2026,2021038766,2026-04-25,1500087.0,坂本 誠志郎,12.0,捕,5,1.0,1.0,3.0,2.0,0.0,0.0,0.0,0.0,0.0,0.0,1.0,,1.0,0.0,0.0,0.0,0.0,0.0,,,,,,,,,,,,,,,,,,,,,,
2026,2021038766,2026-04-25,1600033.0,ドリス,98.0,投,5,1.0,0.0,0.0,0.0,0.0,0.0,0.0,0.0,0.0,0.0,0.0,,0.0,0.0,0.0,0.0,0.0,0.0,4.0,1.0,0.0,0.0,1.0,1.64,1.0,1.0,,,2.0,1.0,0.0,0.0,0.0,,1.0,3.0,0.0,,5.0,27.0
2026,2021038766,2026-04-25,1600113.0,大山 悠輔,3.0,一,5,1.0,1.0,6.0,5.0,0.0,1.0,0.0,0.0,0.0,1.0,0.0,,0.0,1.0,0.0,0.0,1.0,0.0,,,,,,,,,,,,,,,,,,,,,,
2026,2021038766,2026-04-25,1600124.0,坂倉 将吾,31.0,一捕一,6,1.0,1.0,5.0,4.0,0.0,1.0,0.0,0.0,0.0,1.0,0.0,,1.0,0.0,0.0,0.0,0.0,0.0,,,,,,,,,,,,,,,,,,,,,,
2026,2021038766,2026-04-25,1700068.0,中村 奨成,96.0,打右,6,1.0,0.0,2.0,2.0,0.0,0.0,0.0,0.0,0.0,0.0,0.0,,0.0,2.0,0.0,0.0,0.0,0.0,,,,,,,,,,,,,,,,,,,,,,
2026,2021038766,2026-04-25,1700079.0,熊谷 敬宥,4.0,打,5,1.0,0.0,1.0,0.0,0.0,0.0,0.0,0.0,0.0,0.0,0.0,,0.0,0.0,0.0,1.0,0.0,0.0,,,,,,,,,,,,,,,,,,,,,,
2026,2021038766,2026-04-25,1800036.0,濱田 太貴,32.0,打,5,1.0,0.0,1.0,1.0,0.0,0.0,0.0,0.0,0.0,0.0,0.0,,0.0,1.0,0.0,0.0,0.0,0.0,,,,,,,,,,,,,,,,,,,,,,
2026,2021038766,2026-04-25,1800065.0,近本 光司,5.0,中,5,1.0,1.0,6.0,6.0,1.0,2.0,0.0,0.0,0.0,0.0,0.0,,0.0,0.0,0.0,0.0,0.0,0.0,,,,,,,,,,,,,,,,,,,,,,
2026,2021038766,2026-04-25,1800066.0,小幡 竜平,38.0,遊,5,1.0,1.0,6.0,5.0,0.0,2.0,0.0,0.0,0.0,1.0,1.0,,1.0,2.0,0.0,0.0,0.0,0.0,,,,,,,,,,,,,,,,,,,,,,
2026,2021038766,2026-04-25,1800067.0,木浪 聖也,0.0,打,5,1.0,0.0,1.0,1.0,0.0,0.0,0.0,0.0,0.0,0.0,0.0,,0.0,1.0,0.0,0.0,0.0,0.0,,,,,,,,,,,,,,,,,,,,,,
2026,2021038766,2026-04-25,1800072.0,小園 海斗,5.0,遊,6,1.0,1.0,6.0,6.0,0.0,2.0,0.0,0.0,0.0,0.0,0.0,,0.0,0.0,0.0,0.0,0.0,0.0,,,,,,,,,,,,,,,,,,,,,,
2026,2021038766,2026-04-25,1800079.0,大盛 穂,59.0,中,6,1.0,1.0,6.0,5.0,1.0,1.0,0.0,0.0,0.0,0.0,1.0,,0.0,2.0,0.0,1.0,0.0,0.0,,,,,,,,,,,,,,,,,,,,,,
2026,2021038766,2026-04-25,1850183.0,森下 翔太,1.0,右,5,1.0,1.0,6.0,5.0,0.0,1.0,1.0,0.0,0.0,0.0,0.0,,0.0,0.0,1.0,0.0,0.0,0.0,,,,,,,,,,,,,,,,,,,,,,
2026,2021038766,2026-04-25,1900056.0,石原 貴規,32.0,捕,6,1.0,0.0,0.0,0.0,0.0,0.0,0.0,0.0,0.0,0.0,0.0,,0.0,0.0,0.0,0.0,0.0,0.0,,,,,,,,,,,,,,,,,,,,,,
2026,2021038766,2026-04-25,1900058.0,持丸 泰輝,57.0,捕,6,1.0,1.0,3.0,3.0,0.0,1.0,0.0,0.0,0.0,0.0,0.0,,0.0,0.0,0.0,0.0,0.0,0.0,,,,,,,,,,,,,,,,,,,,,,
2026,2021038766,2026-04-25,1950429.0,高 太一,22.0,投,6,1.0,0.0,0.0,0.0,0.0,0.0,0.0,0.0,0.0,0.0,0.0,,0.0,0.0,0.0,0.0,0.0,0.0,2.0,1.0,0.0,0.0,0.0,0.0,1.0,1.0,,,0.0,1.0,0.0,0.0,0.0,,0.0,0.0,0.0,,4.0,17.0
2026,2021038766,2026-04-25,1950996.0,前川 右京,58.0,打,5,1.0,0.0,1.0,1.0,0.0,0.0,0.0,0.0,0.0,0.0,0.0,,0.0,0.0,0.0,0.0,0.0,0.0,,,,,,,,,,,,,,,,,,,,,,
2026,2021038766,2026-04-25,1960397.0,ハーン,68.0,投,6,1.0,0.0,0.0,0.0,0.0,0.0,0.0,0.0,0.0,0.0,0.0,,0.0,0.0,0.0,0.0,0.0,0.0,4.0,1.0,0.0,1.0,0.0,0.0,1.0,1.0,,,0.0,2.0,0.0,0.0,0.0,,0.0,1.0,0.0,,5.0,23.0
2026,2021038766,2026-04-25,1961927.0,モンテロ,95.0,打一,6,1.0,0.0,2.0,2.0,0.0,1.0,0.0,0.0,0.0,1.0,0.0,,0.0,0.0,0.0,0.0,0.0,0.0,,,,,,,,,,,,,,,,,,,,,,
2026,2021038766,2026-04-25,2000051.0,佐藤 輝明,8.0,三,5,1.0,1.0,6.0,4.0,1.0,2.0,0.0,0.0,0.0,0.0,0.0,,2.0,1.0,0.0,0.0,0.0,0.0,,,,,,,,,,,,,,,,,,,,,,
2026,2021038766,2026-04-25,2000055.0,村上 頌樹,41.0,投,5,1.0,1.0,2.0,1.0,0.0,0.0,0.0,0.0,0.0,0.0,0.0,,1.0,1.0,0.0,0.0,0.0,0.0,1.0,1.0,,1.0,1.0,1.91,7.0,7.0,,,0.0,7.0,1.0,1.0,0.0,,0.0,2.0,0.0,,28.0,121.0
2026,2021038766,2026-04-25,2000056.0,中野 拓夢,7.0,二,5,1.0,1.0,6.0,6.0,0.0,1.0,0.0,0.0,0.0,0.0,0.0,,0.0,1.0,0.0,0.0,0.0,0.0,,,,,,,,,,,,,,,,,,,,,,
2026,2021038766,2026-04-25,2000057.0,高寺 望夢,67.0,左,5,1.0,1.0,6.0,4.0,0.0,1.0,0.0,0.0,0.0,0.0,0.0,,2.0,1.0,0.0,0.0,0.0,0.0,,,,,,,,,,,,,,,,,,,,,,
2026,2021038766,2026-04-25,2000061.0,森浦 大輔,13.0,投,6,1.0,0.0,0.0,0.0,0.0,0.0,0.0,0.0,0.0,0.0,0.0,,0.0,0.0,0.0,0.0,0.0,0.0,5.0,1.0,0.0,1.0,2.0,5.0,1.0,1.0,,,1.0,1.0,0.0,0.0,0.0,,0.0,1.0,0.0,,4.0,15.0
2026,2021038766,2026-04-25,2000065.0,矢野 雅哉,4.0,遊,6,1.0,0.0,0.0,0.0,0.0,0.0,0.0,0.0,0.0,0.0,0.0,,0.0,0.0,0.0,0.0,0.0,0.0,,,,,,,,,,,,,,,,,,,,,,
2026,2021038766,2026-04-25,2000066.0,二俣 翔一,99.0,打二,6,1.0,0.0,2.0,2.0,0.0,0.0,0.0,0.0,0.0,0.0,0.0,,0.0,0.0,0.0,0.0,0.0,0.0,,,,,,,,,,,,,,,,,,,,,,
2026,2021038766,2026-04-25,2050203.0,佐々木 泰,10.0,三,6,1.0,1.0,5.0,4.0,0.0,0.0,0.0,0.0,0.0,0.0,0.0,,0.0,0.0,0.0,1.0,0.0,1.0,,,,,,,,,,,,,,,,,,,,,,
2026,2021038766,2026-04-25,2103707.0,桐敷 拓馬,47.0,投,5,1.0,0.0,0.0,0.0,0.0,0.0,0.0,0.0,0.0,0.0,0.0,,0.0,0.0,0.0,0.0,0.0,0.0,2.0,1.0,0.0,0.0,1.0,1.74,1.0,1.0,,,1.0,0.0,0.0,0.0,0.0,,0.0,0.0,0.0,,3.0,8.0
2026,2021038766,2026-04-25,2107887.0,辰見 鴻之介,69.0,走,6,1.0,0.0,0.0,0.0,1.0,0.0,0.0,0.0,0.0,0.0,1.0,,0.0,0.0,0.0,0.0,0.0,0.0,,,,,,,,,,,,,,,,,,,,,,
2026,2021038766,2026-04-25,2108105.0,モレッタ,99.0,投,5,1.0,0.0,0.0,0.0,0.0,0.0,0.0,0.0,0.0,0.0,0.0,,0.0,0.0,0.0,0.0,0.0,0.0,5.0,1.0,0.0,2.0,1.0,4.09,1.0,1.0,,,0.0,0.0,0.0,0.0,0.0,,0.0,1.0,0.0,,3.0,15.0
2026,2021038766,2026-04-25,2108238.0,ターノック,42.0,投,6,1.0,1.0,2.0,1.0,0.0,0.0,0.0,0.0,0.0,0.0,0.0,,0.0,0.0,0.0,1.0,0.0,0.0,1.0,1.0,,0.0,2.0,3.86,6.0,6.0,,,0.0,3.0,1.0,1.0,0.0,,3.0,6.0,1.0,,25.0,106.0
2026,2021038766,2026-04-25,2110164.0,平川 蓮,51.0,打,6,1.0,0.0,1.0,1.0,0.0,0.0,0.0,0.0,0.0,0.0,0.0,,0.0,1.0,0.0,0.0,0.0,0.0,,,,,,,,,,,,,,,,,,,,,,
2026,2021038766,2026-04-25,2110422.0,勝田 成,0.0,二,6,1.0,1.0,3.0,3.0,0.0,1.0,1.0,0.0,0.0,0.0,0.0,,0.0,0.0,0.0,0.0,0.0,0.0,,,,,,,,,,,,,,,,,,,,,,
2026,2021038766,2026-04-25,2112143.0,佐藤 啓介,94.0,打,6,1.0,0.0,1.0,1.0,0.0,0.0,0.0,0.0,0.0,0.0,0.0,,0.0,0.0,0.0,0.0,0.0,0.0,,,,,,,,,,,,,,,,,,,,,,
2026,2021038766,2026-04-25,2112146.0,工藤 泰成,49.0,投,5,1.0,0.0,0.0,0.0,0.0,0.0,0.0,0.0,0.0,0.0,0.0,,0.0,0.0,0.0,0.0,0.0,0.0,6.0,1.0,0.0,0.0,0.0,0.0,1.0,1.0,,,0.0,1.0,0.0,0.0,0.0,,0.0,0.0,0.0,,4.0,18.0
2026,2021038766,2026-04-25,2119338.0,齊藤 汰直,11.0,投,6,1.0,0.0,0.0,0.0,0.0,0.0,0.0,0.0,0.0,0.0,0.0,,0.0,0.0,0.0,0.0,0.0,0.0,6.0,1.0,0.0,0.0,0.0,4.5,2.0,2.0,,,0.0,2.0,0.0,0.0,0.0,,1.0,1.0,0.0,,8.0,33.0
2026,2021038767,2026-04-25,800075.0,伊藤 光,27.0,捕,376,1.0,1.0,2.0,1.0,0.0,0.0,0.0,0.0,0.0,0.0,0.0,,1.0,1.0,0.0,0.0,0.0,0.0,,,,,,,,,,,,,,,,,,,,,,
2026,2021038767,2026-04-25,900056.0,浅村 栄斗,3.0,指,376,1.0,1.0,4.0,3.0,1.0,1.0,0.0,0.0,0.0,2.0,0.0,,1.0,2.0,0.0,0.0,0.0,0.0,,,,,,,,,,,,,,,,,,,,,,
2026,2021038767,2026-04-25,1300061.0,中村 祐太,58.0,,7,,,,,,,,,,,,,,,,,,,2.0,1.0,0.0,0.0,0.0,1.13,1.0,1.0,,,0.0,0.0,0.0,0.0,0.0,,0.0,2.0,0.0,,3.0,13.0
2026,2021038767,2026-04-25,1300076.0,加治屋 蓮,41.0,,376,,,,,,,,,,,,,,,,,,,3.0,1.0,0.0,2.0,0.0,0.96,1.0,1.0,,,0.0,0.0,0.0,0.0,0.0,,0.0,1.0,0.0,,3.0,9.0
2026,2021038767,2026-04-25,1500117.0,平沢 大河,39.0,一三一,7,1.0,1.0,5.0,5.0,0.0,3.0,1.0,0.0,0.0,0.0,0.0,,0.0,0.0,0.0,0.0,0.0,1.0,,,,,,,,,,,,,,,,,,,,,,
2026,2021038767,2026-04-25,1560256.0,ウレーニャ,22.0,,376,,,,,,,,,,,,,,,,,,,1.0,1.0,,1.0,0.0,2.7,4.0,4.0,,,0.0,7.0,4.0,3.0,0.0,,2.0,1.0,0.0,,22.0,79.0
2026,2021038767,2026-04-25,1600007.0,村林 一輝,6.0,遊,376,1.0,1.0,4.0,3.0,1.0,1.0,0.0,0.0,0.0,0.0,1.0,,1.0,1.0,0.0,0.0,0.0,1.0,,,,,,,,,,,,,,,,,,,,,,
2026,2021038767,2026-04-25,1600129.0,源田 壮亮,6.0,遊,7,1.0,1.0,5.0,4.0,0.0,1.0,0.0,0.0,0.0,0.0,0.0,,1.0,2.0,0.0,0.0,0.0,0.0,,,,,,,,,,,,,,,,,,,,,,
2026,2021038767,2026-04-25,1660299.0,林 安可,73.0,左,7,1.0,1.0,5.0,4.0,2.0,3.0,0.0,0.0,1.0,4.0,0.0,,1.0,1.0,0.0,0.0,0.0,0.0,,,,,,,,,,,,,,,,,,,,,,
2026,2021038767,2026-04-25,1700122.0,西川 愛也,51.0,中,7,1.0,1.0,6.0,5.0,1.0,1.0,0.0,0.0,0.0,0.0,0.0,,0.0,1.0,0.0,1.0,0.0,0.0,,,,,,,,,,,,,,,,,,,,,,
2026,2021038767,2026-04-25,1750472.0,古賀 悠斗,22.0,捕,7,1.0,0.0,1.0,1.0,0.0,0.0,0.0,0.0,0.0,0.0,0.0,,0.0,1.0,0.0,0.0,0.0,0.0,,,,,,,,,,,,,,,,,,,,,,
2026,2021038767,2026-04-25,1750493.0,西垣 雅矢,49.0,,376,,,,,,,,,,,,,,,,,,,5.0,1.0,0.0,1.0,1.0,4.91,0.6666666666666666,0.2,,,0.0,5.0,4.0,4.0,1.0,,0.0,1.0,0.0,,7.0,19.0
2026,2021038767,2026-04-25,1760551.0,ボイト,9.0,打,376,1.0,0.0,1.0,1.0,0.0,0.0,0.0,0.0,0.0,0.0,0.0,,0.0,1.0,0.0,0.0,0.0,0.0,,,,,,,,,,,,,,,,,,,,,,
2026,2021038767,2026-04-25,1800044.0,伊藤 裕季也,39.0,一,376,1.0,1.0,4.0,4.0,1.0,1.0,0.0,0.0,1.0,2.0,0.0,,0.0,1.0,0.0,0.0,0.0,0.0,,,,,,,,,,,,,,,,,,,,,,
2026,2021038767,2026-04-25,1800106.0,甲斐野 央,34.0,,7,,,,,,,,,,,,,,,,,,,5.0,1.0,0.0,0.0,1.0,4.91,1.0,1.0,,,0.0,1.0,2.0,2.0,1.0,,1.0,1.0,0.0,,5.0,28.0
2026,2021038767,2026-04-25,1800117.0,辰己 涼介,8.0,中,376,1.0,1.0,4.0,4.0,1.0,2.0,0.0,0.0,1.0,3.0,0.0,,0.0,1.0,0.0,0.0,0.0,0.0,,,,,,,,,,,,,,,,,,,,,,
2026,2021038767,2026-04-25,1800118.0,太田 光,2.0,捕,376,1.0,0.0,1.0,1.0,0.0,1.0,0.0,0.0,0.0,0.0,0.0,,0.0,0.0,0.0,0.0,0.0,0.0,,,,,,,,,,,,,,,,,,,,,,
2026,2021038767,2026-04-25,1800122.0,渡邊 佳明,35.0,打,376,1.0,0.0,1.0,1.0,0.0,0.0,0.0,0.0,0.0,0.0,0.0,,0.0,1.0,0.0,0.0,0.0,0.0,,,,,,,,,,,,,,,,,,,,,,
2026,2021038767,2026-04-25,1800123.0,小郷 裕哉,51.0,右,376,1.0,1.0,5.0,5.0,0.0,0.0,0.0,0.0,0.0,0.0,0.0,,0.0,0.0,0.0,0.0,0.0,0.0,,,,,,,,,,,,,,,,,,,,,,
2026,2021038767,2026-04-25,1800124.0,鈴木 翔天,56.0,,376,,,,,,,,,,,,,,,,,,,4.0,1.0,0.0,0.0,0.0,1.86,1.0,1.0,,,0.0,1.0,0.0,0.0,0.0,,0.0,2.0,0.0,,4.0,17.0
2026,2021038767,2026-04-25,1900068.0,岸 潤一郎,68.0,打一左,7,1.0,0.0,2.0,2.0,0.0,0.0,0.0,0.0,0.0,0.0,0.0,,0.0,0.0,0.0,0.0,0.0,0.0,,,,,,,,,,,,,,,,,,,,,,
2026,2021038767,2026-04-25,1900112.0,小深田 大翔,0.0,二,376,1.0,1.0,4.0,4.0,1.0,1.0,0.0,0.0,0.0,0.0,0.0,,0.0,0.0,0.0,0.0,0.0,0.0,,,,,,,,,,,,,,,,,,,,,,
2026,2021038767,2026-04-25,1900113.0,黒川 史陽,24.0,三,376,1.0,1.0,3.0,1.0,1.0,1.0,0.0,0.0,0.0,0.0,0.0,,2.0,0.0,0.0,0.0,0.0,0.0,,,,,,,,,,,,,,,,,,,,,,
2026,2021038767,2026-04-25,1900114.0,津留崎 大成,52.0,,376,,,,,,,,,,,,,,,,,,,2.0,1.0,0.0,0.0,0.0,3.86,1.0,1.0,,,0.0,1.0,1.0,1.0,0.0,,2.0,1.0,0.0,,6.0,22.0
2026,2021038767,2026-04-25,1950278.0,中島 大輔,32.0,左,376,1.0,0.0,1.0,1.0,0.0,0.0,0.0,0.0,0.0,0.0,0.0,,0.0,1.0,0.0,0.0,0.0,0.0,,,,,,,,,,,,,,,,,,,,,,
2026,2021038767,2026-04-25,1950417.0,渡部 聖弥,8.0,指,7,1.0,1.0,5.0,5.0,2.0,1.0,0.0,1.0,0.0,1.0,0.0,,0.0,0.0,0.0,0.0,0.0,0.0,,,,,,,,,,,,,,,,,,,,,,
2026,2021038767,2026-04-25,2000069.0,山村 崇嘉,32.0,三,7,1.0,1.0,3.0,1.0,0.0,0.0,0.0,0.0,0.0,1.0,0.0,,1.0,0.0,0.0,1.0,0.0,0.0,,,,,,,,,,,,,,,,,,,,,,
2026,2021038767,2026-04-25,2000075.0,長谷川 信哉,63.0,右,7,1.0,0.0,0.0,0.0,0.0,0.0,0.0,0.0,0.0,0.0,0.0,,0.0,0.0,0.0,0.0,0.0,0.0,,,,,,,,,,,,,,,,,,,,,,
2026,2021038767,2026-04-25,2000126.0,内 星龍,69.0,,376,,,,,,,,,,,,,,,,,,,6.0,1.0,0.0,0.0,1.0,8.38,1.3333333333333333,1.1,,,0.0,0.0,0.0,0.0,0.0,,0.0,0.0,0.0,,4.0,13.0
2026,2021038767,2026-04-25,2050145.0,小島 大河,10.0,捕,7,1.0,1.0,4.0,4.0,1.0,2.0,0.0,0.0,0.0,0.0,0.0,,0.0,0.0,0.0,0.0,0.0,0.0,,,,,,,,,,,,,,,,,,,,,,
2026,2021038767,2026-04-25,2103618.0,滝澤 夏央,62.0,二,7,1.0,1.0,5.0,5.0,1.0,1.0,0.0,0.0,0.0,1.0,0.0,,0.0,0.0,0.0,0.0,0.0,0.0,,,,,,,,,,,,,,,,,,,,,,
2026,2021038767,2026-04-25,2103625.0,羽田 慎之介,43.0,,7,,,,,,,,,,,,,,,,,,,3.0,1.0,0.0,1.0,0.0,3.38,1.0,1.0,,,0.0,0.0,0.0,0.0,0.0,,2.0,2.0,0.0,,4.0,21.0
2026,2021038767,2026-04-25,2105080.0,武内 夏暉,21.0,,7,,,,,,,,,,,,,,,,,,,1.0,1.0,,1.0,2.0,3.21,4.0,4.0,,,0.0,7.0,5.0,5.0,1.0,,3.0,4.0,0.0,,20.0,93.0
2026,2021038767,2026-04-25,2105283.0,平良 竜哉,48.0,走三,376,1.0,0.0,1.0,1.0,0.0,0.0,0.0,0.0,0.0,0.0,0.0,,0.0,0.0,0.0,0.0,0.0,0.0,,,,,,,,,,,,,,,,,,,,,,
2026,2021038767,2026-04-25,2105684.0,児玉 亮涼,0.0,三,7,1.0,0.0,0.0,0.0,0.0,0.0,0.0,0.0,0.0,0.0,0.0,,0.0,0.0,0.0,0.0,0.0,0.0,,,,,,,,,,,,,,,,,,,,,,
2026,2021038767,2026-04-25,2117028.0,カナリオ,25.0,右,7,1.0,1.0,5.0,4.0,2.0,2.0,1.0,0.0,0.0,2.0,0.0,,1.0,1.0,0.0,0.0,0.0,0.0,,,,,,,,,,,,,,,,,,,,,,
2026,2021038767,2026-04-25,2117734.0,篠原 響,52.0,,7,,,,,,,,,,,,,,,,,,,4.0,1.0,0.0,1.0,1.0,1.69,1.0,1.0,,,0.0,0.0,0.0,0.0,0.0,,0.0,0.0,0.0,,3.0,13.0
2026,2021038767,2026-04-25,2121154.0,岩城 颯空,20.0,,7,,,,,,,,,,,,,,,,,,,6.0,1.0,0.0,0.0,0.0,3.0,1.0,1.0,,,7.0,1.0,0.0,0.0,0.0,,0.0,1.0,0.0,,3.0,12.0
2026,2021038767,2026-04-25,2122300.0,マッカスカー,34.0,左,376,1.0,1.0,3.0,2.0,1.0,1.0,0.0,0.0,0.0,0.0,0.0,,1.0,1.0,0.0,0.0,0.0,0.0,,,,,,,,,,,,,,,,,,,,,,
2026,2021038768,2026-04-25,1000011.0,山田 修義,57.0,,11,,,,,,,,,,,,,,,,,,,3.0,1.0,0.0,0.0,0.0,0.0,0.3333333333333333,0.1,,,0.0,0.0,0.0,0.0,0.0,,1.0,0.0,0.0,,2.0,12.0
2026,2021038768,2026-04-25,1000100.0,西川 遥輝,7.0,左,8,1.0,1.0,4.0,4.0,0.0,1.0,0.0,0.0,0.0,0.0,0.0,,0.0,2.0,0.0,0.0,0.0,0.0,,,,,,,,,,,,,,,,,,,,,,
2026,2021038768,2026-04-25,1200055.0,福谷 浩司,41.0,,8,,,,,,,,,,,,,,,,,,,3.0,1.0,0.0,0.0,0.0,1.08,1.0,1.0,,,0.0,2.0,0.0,0.0,0.0,,0.0,0.0,0.0,,4.0,11.0
2026,2021038768,2026-04-25,1300109.0,若月 健矢,2.0,捕,11,1.0,1.0,4.0,3.0,0.0,0.0,0.0,0.0,0.0,0.0,0.0,,0.0,1.0,0.0,1.0,0.0,0.0,,,,,,,,,,,,,,,,,,,,,,
2026,2021038768,2026-04-25,1400118.0,清水 優心,10.0,捕,8,1.0,1.0,2.0,1.0,0.0,0.0,0.0,0.0,0.0,0.0,0.0,,0.0,1.0,0.0,1.0,0.0,0.0,,,,,,,,,,,,,,,,,,,,,,
2026,2021038768,2026-04-25,1400119.0,淺間 大基,8.0,打中,8,1.0,0.0,1.0,1.0,0.0,0.0,0.0,0.0,0.0,0.0,0.0,,0.0,0.0,0.0,0.0,0.0,0.0,,,,,,,,,,,,,,,,,,,,,,
2026,2021038768,2026-04-25,1400201.0,西野 真弘,5.0,三,11,1.0,1.0,4.0,4.0,1.0,1.0,0.0,0.0,0.0,0.0,0.0,,0.0,1.0,0.0,0.0,0.0,0.0,,,,,,,,,,,,,,,,,,,,,,
2026,2021038768,2026-04-25,1500096.0,西川 龍馬,7.0,左,11,1.0,1.0,4.0,4.0,1.0,3.0,0.0,0.0,0.0,0.0,0.0,,0.0,0.0,0.0,0.0,0.0,0.0,,,,,,,,,,,,,,,,,,,,,,
2026,2021038768,2026-04-25,1500112.0,平沼 翔太,61.0,一,11,1.0,0.0,0.0,0.0,0.0,0.0,0.0,0.0,0.0,0.0,0.0,,0.0,0.0,0.0,0.0,0.0,0.0,,,,,,,,,,,,,,,,,,,,,,
2026,2021038768,2026-04-25,1600139.0,玉井 大翔,19.0,,8,,,,,,,,,,,,,,,,,,,4.0,1.0,0.0,0.0,0.0,1.5,1.0,1.0,,,0.0,0.0,0.0,0.0,0.0,,0.0,0.0,0.0,,3.0,10.0
2026,2021038768,2026-04-25,1600155.0,山崎 颯一郎,21.0,,11,,,,,,,,,,,,,,,,,,,5.0,1.0,0.0,1.0,1.0,2.53,1.0,1.0,,,0.0,1.0,0.0,0.0,0.0,,0.0,2.0,0.0,,4.0,12.0
2026,2021038768,2026-04-25,1700025.0,清宮 幸太郎,21.0,一,8,1.0,1.0,5.0,3.0,0.0,1.0,0.0,0.0,0.0,2.0,0.0,,2.0,1.0,0.0,0.0,0.0,0.0,,,,,,,,,,,,,,,,,,,,,,
2026,2021038768,2026-04-25,1700106.0,山本 拓実,67.0,,8,,,,,,,,,,,,,,,,,,,2.0,1.0,0.0,0.0,0.0,9.0,1.0,1.0,,,0.0,2.0,1.0,1.0,0.0,,0.0,1.0,0.0,,5.0,12.0
2026,2021038768,2026-04-25,1750543.0,高島 泰都,96.0,,11,,,,,,,,,,,,,,,,,,,1.0,1.0,,2.0,0.0,3.1,5.0,5.0,,,0.0,3.0,1.0,1.0,0.0,,1.0,6.0,1.0,,20.0,82.0
2026,2021038768,2026-04-25,1750903.0,北山 亘基,15.0,,8,,,,,,,,,,,,,,,,,,,1.0,1.0,,1.0,2.0,3.28,5.0,5.0,,,0.0,7.0,3.0,3.0,0.0,,1.0,7.0,0.0,,23.0,99.0
2026,2021038768,2026-04-25,1751068.0,野口 智哉,9.0,二三,11,1.0,1.0,3.0,3.0,0.0,1.0,0.0,0.0,0.0,1.0,0.0,,0.0,1.0,0.0,0.0,0.0,0.0,,,,,,,,,,,,,,,,,,,,,,
2026,2021038768,2026-04-25,1800090.0,吉田 輝星,23.0,,11,,,,,,,,,,,,,,,,,,,4.0,1.0,0.0,0.0,0.0,0.0,0.3333333333333333,0.1,,,0.0,0.0,0.0,0.0,0.0,,0.0,0.0,0.0,,1.0,1.0
2026,2021038768,2026-04-25,1800091.0,野村 佑希,5.0,打,8,1.0,0.0,1.0,0.0,0.0,0.0,0.0,0.0,0.0,0.0,0.0,,1.0,0.0,0.0,0.0,0.0,0.0,,,,,,,,,,,,,,,,,,,,,,
2026,2021038768,2026-04-25,1800093.0,万波 中正,66.0,右,8,1.0,1.0,4.0,4.0,1.0,1.0,0.0,0.0,0.0,0.0,0.0,,0.0,2.0,0.0,0.0,0.0,0.0,,,,,,,,,,,,,,,,,,,,,,
2026,2021038768,2026-04-25,1800095.0,田宮 裕涼,64.0,走捕,8,1.0,0.0,1.0,1.0,0.0,0.0,0.0,0.0,0.0,0.0,0.0,,0.0,1.0,0.0,0.0,0.0,0.0,,,,,,,,,,,,,,,,,,,,,,
2026,2021038768,2026-04-25,1800098.0,太田 椋,1.0,一二,11,1.0,1.0,4.0,3.0,0.0,3.0,2.0,0.0,0.0,3.0,0.0,,1.0,0.0,0.0,0.0,0.0,0.0,,,,,,,,,,,,,,,,,,,,,,
2026,2021038768,2026-04-25,1850932.0,奈良間 大己,58.0,二,8,1.0,1.0,4.0,4.0,1.0,1.0,0.0,0.0,0.0,0.0,0.0,,0.0,0.0,0.0,0.0,0.0,1.0,,,,,,,,,,,,,,,,,,,,,,
2026,2021038768,2026-04-25,1851026.0,寺西 成騎,13.0,,11,,,,,,,,,,,,,,,,,,,2.0,1.0,0.0,1.0,1.0,5.4,1.3333333333333333,1.1,,,0.0,1.0,1.0,1.0,0.0,,2.0,2.0,0.0,,7.0,32.0
2026,2021038768,2026-04-25,1860140.0,レイエス,99.0,指,8,1.0,1.0,4.0,4.0,0.0,0.0,0.0,0.0,0.0,0.0,0.0,,0.0,2.0,0.0,0.0,0.0,0.0,,,,,,,,,,,,,,,,,,,,,,
2026,2021038768,2026-04-25,1900040.0,郡司 裕也,3.0,三,8,1.0,1.0,4.0,3.0,0.0,0.0,0.0,0.0,0.0,0.0,0.0,,0.0,2.0,1.0,0.0,0.0,0.0,,,,,,,,,,,,,,,,,,,,,,
2026,2021038768,2026-04-25,1900088.0,紅林 弘太郎,24.0,遊,11,1.0,1.0,4.0,4.0,0.0,1.0,0.0,0.0,0.0,0.0,0.0,,0.0,1.0,0.0,0.0,0.0,0.0,,,,,,,,,,,,,,,,,,,,,,
2026,2021038768,2026-04-25,1961416.0,マチャド,42.0,,11,,,,,,,,,,,,,,,,,,,6.0,1.0,0.0,0.0,0.0,1.0,1.0,1.0,,,6.0,0.0,0.0,0.0,0.0,,1.0,1.0,0.0,,3.0,13.0
2026,2021038768,2026-04-25,2000098.0,来田 涼斗,38.0,右左,11,1.0,1.0,4.0,4.0,1.0,1.0,0.0,0.0,0.0,0.0,0.0,,0.0,0.0,0.0,0.0,0.0,0.0,,,,,,,,,,,,,,,,,,,,,,
2026,2021038768,2026-04-25,2050143.0,大塚 瑠晏,49.0,遊,8,1.0,1.0,4.0,2.0,0.0,0.0,0.0,0.0,0.0,0.0,0.0,,2.0,0.0,0.0,0.0,0.0,0.0,,,,,,,,,,,,,,,,,,,,,,
2026,2021038768,2026-04-25,2103747.0,渡部 遼人,0.0,中,11,1.0,1.0,4.0,4.0,1.0,1.0,0.0,0.0,0.0,0.0,0.0,,0.0,1.0,0.0,0.0,0.0,0.0,,,,,,,,,,,,,,,,,,,,,,
2026,2021038768,2026-04-25,2106284.0,矢澤 宏太,12.0,中,8,1.0,1.0,3.0,3.0,0.0,1.0,0.0,0.0,0.0,0.0,1.0,,0.0,0.0,0.0,0.0,0.0,0.0,,,,,,,,,,,,,,,,,,,,,,
2026,2021038768,2026-04-25,2110153.0,麦谷 祐介,8.0,走右,11,1.0,0.0,0.0,0.0,0.0,0.0,0.0,0.0,0.0,0.0,0.0,,0.0,0.0,0.0,0.0,0.0,0.0,,,,,,,,,,,,,,,,,,,,,,
2026,2021038768,2026-04-25,2117200.0,シーモア,45.0,指,11,1.0,1.0,4.0,4.0,0.0,0.0,0.0,0.0,0.0,0.0,0.0,,0.0,3.0,0.0,0.0,0.0,0.0,,,,,,,,,,,,,,,,,,,,,,
2026,2021038769,2026-04-25,1000035.0,今宮 健太,6.0,遊,12,1.0,1.0,4.0,4.0,0.0,1.0,0.0,0.0,0.0,0.0,0.0,,0.0,0.0,0.0,0.0,0.0,0.0,,,,,,,,,,,,,,,,,,,,,,
2026,2021038769,2026-04-25,1000128.0,柳田 悠岐,9.0,指,12,1.0,1.0,4.0,3.0,0.0,1.0,0.0,0.0,0.0,0.0,0.0,,1.0,0.0,0.0,0.0,0.0,0.0,,,,,,,,,,,,,,,,,,,,,,
2026,2021038769,2026-04-25,1000175.0,牧原 大成,8.0,右,12,1.0,1.0,3.0,3.0,0.0,0.0,0.0,0.0,0.0,0.0,0.0,,0.0,2.0,0.0,0.0,0.0,0.0,,,,,,,,,,,,,,,,,,,,,,
2026,2021038769,2026-04-25,1100097.0,近藤 健介,3.0,左,12,1.0,1.0,4.0,4.0,0.0,1.0,0.0,0.0,0.0,0.0,0.0,,0.0,0.0,0.0,0.0,0.0,0.0,,,,,,,,,,,,,,,,,,,,,,
2026,2021038769,2026-04-25,1100099.0,上沢 直之,10.0,,12,,,,,,,,,,,,,,,,,,,1.0,1.0,,2.0,1.0,2.36,6.0,6.0,,,0.0,6.0,5.0,5.0,2.0,,0.0,2.0,0.0,,24.0,78.0
2026,2021038769,2026-04-25,1300101.0,山川 穂高,5.0,一,12,1.0,1.0,4.0,4.0,0.0,0.0,0.0,0.0,0.0,0.0,0.0,,0.0,1.0,0.0,0.0,0.0,0.0,,,,,,,,,,,,,,,,,,,,,,
2026,2021038769,2026-04-25,1400127.0,栗原 陵矢,24.0,三,12,1.0,1.0,4.0,3.0,0.0,1.0,0.0,0.0,0.0,0.0,0.0,,1.0,1.0,0.0,0.0,0.0,0.0,,,,,,,,,,,,,,,,,,,,,,
2026,2021038769,2026-04-25,1450608.0,八木 彬,33.0,,9,,,,,,,,,,,,,,,,,,,2.0,1.0,0.0,3.0,0.0,0.84,2.333333333333333,2.1,,,0.0,2.0,0.0,0.0,0.0,,1.0,0.0,0.0,,9.0,35.0
2026,2021038769,2026-04-25,1460080.0,ポランコ,22.0,指,9,1.0,1.0,4.0,4.0,0.0,1.0,0.0,0.0,0.0,0.0,0.0,,0.0,1.0,0.0,0.0,0.0,0.0,,,,,,,,,,,,,,,,,,,,,,
2026,2021038769,2026-04-25,1500102.0,愛斗,50.0,走指,9,1.0,0.0,0.0,0.0,0.0,0.0,0.0,0.0,0.0,0.0,1.0,,0.0,0.0,0.0,0.0,0.0,0.0,,,,,,,,,,,,,,,,,,,,,,
2026,2021038769,2026-04-25,1500143.0,川瀬 晃,0.0,二,12,1.0,1.0,4.0,4.0,0.0,0.0,0.0,0.0,0.0,0.0,0.0,,0.0,0.0,0.0,0.0,0.0,0.0,,,,,,,,,,,,,,,,,,,,,,
2026,2021038769,2026-04-25,1600146.0,種市 篤暉,16.0,,9,,,,,,,,,,,,,,,,,,,1.0,1.0,,0.0,0.0,0.0,0.6666666666666666,0.2,,,0.0,1.0,0.0,0.0,0.0,,0.0,1.0,0.0,,3.0,15.0
2026,2021038769,2026-04-25,1600157.0,澤田 圭佑,54.0,,9,,,,,,,,,,,,,,,,,,,5.0,1.0,0.0,1.0,1.0,0.9,1.0,1.0,,,0.0,0.0,0.0,0.0,0.0,,0.0,2.0,0.0,,4.0,20.0
2026,2021038769,2026-04-25,1700020.0,ソト,99.0,一,9,1.0,1.0,4.0,4.0,1.0,1.0,0.0,0.0,0.0,0.0,0.0,,0.0,0.0,0.0,0.0,0.0,1.0,,,,,,,,,,,,,,,,,,,,,,
2026,2021038769,2026-04-25,1700135.0,周東 佑京,23.0,中,12,1.0,1.0,4.0,4.0,0.0,2.0,1.0,0.0,0.0,0.0,0.0,,0.0,0.0,0.0,0.0,0.0,0.0,,,,,,,,,,,,,,,,,,,,,,
2026,2021038769,2026-04-25,1800050.0,藤原 恭大,1.0,中,9,1.0,1.0,4.0,4.0,0.0,1.0,1.0,0.0,0.0,1.0,0.0,,0.0,1.0,0.0,0.0,0.0,0.0,,,,,,,,,,,,,,,,,,,,,,
2026,2021038769,2026-04-25,1800113.0,渡邉 陸,0.0,打捕,12,1.0,0.0,2.0,2.0,0.0,0.0,0.0,0.0,0.0,0.0,0.0,,0.0,1.0,0.0,0.0,0.0,0.0,,,,,,,,,,,,,,,,,,,,,,
2026,2021038769,2026-04-25,1900081.0,佐藤 都志也,32.0,捕,9,1.0,1.0,4.0,3.0,2.0,2.0,0.0,0.0,2.0,4.0,0.0,,1.0,0.0,0.0,0.0,0.0,0.0,,,,,,,,,,,,,,,,,,,,,,
2026,2021038769,2026-04-25,1900083.0,横山 陸人,15.0,,9,,,,,,,,,,,,,,,,,,,7.0,1.0,0.0,0.0,0.0,0.0,1.0,1.0,,,6.0,0.0,0.0,0.0,0.0,,0.0,0.0,0.0,,3.0,13.0
2026,2021038769,2026-04-25,1900101.0,海野 隆司,62.0,捕,12,1.0,1.0,1.0,1.0,0.0,0.0,0.0,0.0,0.0,0.0,0.0,,0.0,0.0,0.0,0.0,0.0,0.0,,,,,,,,,,,,,,,,,,,,,,
2026,2021038769,2026-04-25,1900102.0,津森 宥紀,11.0,,12,,,,,,,,,,,,,,,,,,,2.0,1.0,0.0,0.0,0.0,0.0,1.0,1.0,,,0.0,0.0,0.0,0.0,0.0,,0.0,0.0,0.0,,3.0,17.0
2026,2021038769,2026-04-25,1900104.0,柳町 達,32.0,打,12,1.0,0.0,1.0,1.0,0.0,0.0,0.0,0.0,0.0,0.0,0.0,,0.0,0.0,0.0,0.0,0.0,0.0,,,,,,,,,,,,,,,,,,,,,,
2026,2021038769,2026-04-25,1950286.0,西川 史礁,6.0,左,9,1.0,1.0,4.0,4.0,0.0,1.0,0.0,0.0,0.0,0.0,0.0,,0.0,1.0,0.0,0.0,0.0,0.0,,,,,,,,,,,,,,,,,,,,,,
2026,2021038769,2026-04-25,2000008.0,伊藤 優輔,42.0,,12,,,,,,,,,,,,,,,,,,,4.0,1.0,0.0,0.0,0.0,1.23,1.0,1.0,,,0.0,1.0,0.0,0.0,0.0,,1.0,2.0,0.0,,5.0,20.0
2026,2021038769,2026-04-25,2000087.0,鈴木 昭汰,47.0,,9,,,,,,,,,,,,,,,,,,,6.0,1.0,0.0,1.0,0.0,3.12,1.0,1.0,,,1.0,1.0,0.0,0.0,0.0,,1.0,0.0,0.0,,5.0,21.0
2026,2021038769,2026-04-25,2000089.0,小川 龍成,57.0,二,9,1.0,1.0,4.0,4.0,1.0,1.0,0.0,0.0,0.0,0.0,1.0,,0.0,1.0,0.0,0.0,0.0,0.0,,,,,,,,,,,,,,,,,,,,,,
2026,2021038769,2026-04-25,2000094.0,山本 大斗,61.0,右,9,1.0,1.0,4.0,4.0,0.0,0.0,0.0,0.0,0.0,0.0,0.0,,0.0,1.0,0.0,0.0,0.0,0.0,,,,,,,,,,,,,,,,,,,,,,
2026,2021038769,2026-04-25,2101204.0,ロング,73.0,,9,,,,,,,,,,,,,,,,,,,4.0,1.0,0.0,0.0,1.0,0.93,1.0,1.0,,,0.0,2.0,0.0,0.0,0.0,,0.0,0.0,0.0,,5.0,15.0
2026,2021038769,2026-04-25,2102926.0,寺地 隆成,65.0,三,9,1.0,1.0,4.0,4.0,0.0,0.0,0.0,0.0,0.0,0.0,0.0,,0.0,0.0,0.0,0.0,0.0,0.0,,,,,,,,,,,,,,,,,,,,,,
2026,2021038769,2026-04-25,2102969.0,鈴木 豪太,26.0,,12,,,,,,,,,,,,,,,,,,,3.0,1.0,0.0,0.0,0.0,5.4,1.0,1.0,,,0.0,1.0,0.0,0.0,0.0,,0.0,1.0,0.0,,4.0,9.0
2026,2021038769,2026-04-25,2103693.0,池田 来翔,0.0,一,9,1.0,0.0,0.0,0.0,0.0,0.0,0.0,0.0,0.0,0.0,0.0,,0.0,0.0,0.0,0.0,0.0,0.0,,,,,,,,,,,,,,,,,,,,,,
2026,2021038769,2026-04-25,2105534.0,高野 脩汰,34.0,,9,,,,,,,,,,,,,,,,,,,3.0,1.0,0.0,1.0,2.0,6.75,2.0,2.0,,,0.0,0.0,0.0,0.0,0.0,,0.0,2.0,0.0,,6.0,23.0
2026,2021038769,2026-04-25,2106798.0,友杉 篤輝,4.0,遊,9,1.0,1.0,4.0,4.0,1.0,1.0,0.0,0.0,0.0,0.0,0.0,,0.0,0.0,0.0,0.0,0.0,0.0,,,,,,,,,,,,,,,,,,,,,,
2026,2021038769,2026-04-25,2117855.0,宮崎 竜成,44.0,三,9,1.0,0.0,0.0,0.0,0.0,0.0,0.0,0.0,0.0,0.0,0.0,,0.0,0.0,0.0,0.0,0.0,0.0,,,,,,,,,,,,,,,,,,,,,,
2026,2021038770,2026-04-26,1100095.0,松本 剛,9.0,走中,1,1.0,0.0,1.0,1.0,1.0,1.0,1.0,0.0,0.0,0.0,0.0,,0.0,0.0,0.0,0.0,0.0,0.0,,,,,,,,,,,,,,,,,,,,,,
2026,2021038770,2026-04-26,1200053.0,宮崎 敏郎,51.0,三,3,1.0,1.0,3.0,3.0,0.0,0.0,0.0,0.0,0.0,0.0,0.0,,0.0,0.0,0.0,0.0,0.0,0.0,,,,,,,,,,,,,,,,,,,,,,
2026,2021038770,2026-04-26,1561820.0,ダルベック,29.0,一,1,1.0,1.0,4.0,3.0,0.0,1.0,0.0,0.0,0.0,1.0,0.0,,0.0,2.0,0.0,0.0,1.0,0.0,,,,,,,,,,,,,,,,,,,,,,
2026,2021038770,2026-04-26,1600021.0,ビシエド,66.0,一,3,1.0,1.0,3.0,3.0,0.0,0.0,0.0,0.0,0.0,0.0,0.0,,0.0,0.0,0.0,0.0,0.0,0.0,,,,,,,,,,,,,,,,,,,,,,
2026,2021038770,2026-04-26,1600059.0,吉川 尚輝,2.0,打二,1,1.0,0.0,1.0,1.0,0.0,0.0,0.0,0.0,0.0,0.0,0.0,,0.0,0.0,0.0,0.0,0.0,0.0,,,,,,,,,,,,,,,,,,,,,,
2026,2021038770,2026-04-26,1600089.0,佐野 恵太,7.0,左一,3,1.0,1.0,4.0,4.0,0.0,0.0,0.0,0.0,0.0,0.0,0.0,,0.0,1.0,0.0,0.0,0.0,0.0,,,,,,,,,,,,,,,,,,,,,,
2026,2021038770,2026-04-26,1600107.0,京田 陽太,9.0,打遊,3,1.0,0.0,1.0,1.0,0.0,0.0,0.0,0.0,0.0,0.0,0.0,,0.0,1.0,0.0,0.0,0.0,0.0,,,,,,,,,,,,,,,,,,,,,,
2026,2021038770,2026-04-26,1600167.0,三森 大貴,26.0,二,3,1.0,1.0,4.0,4.0,0.0,2.0,0.0,0.0,0.0,1.0,0.0,,0.0,1.0,0.0,0.0,0.0,0.0,,,,,,,,,,,,,,,,,,,,,,
2026,2021038770,2026-04-26,1700010.0,マルティネス,92.0,投,1,1.0,0.0,0.0,0.0,0.0,0.0,0.0,0.0,0.0,0.0,0.0,,0.0,0.0,0.0,0.0,0.0,0.0,4.0,1.0,0.0,0.0,1.0,3.68,1.0,1.0,,,7.0,0.0,0.0,0.0,0.0,,0.0,1.0,0.0,,3.0,10.0
2026,2021038770,2026-04-26,1700027.0,田中 瑛斗,45.0,投,1,1.0,0.0,0.0,0.0,0.0,0.0,0.0,0.0,0.0,0.0,0.0,,0.0,0.0,0.0,0.0,0.0,0.0,2.0,1.0,0.0,1.0,0.0,0.93,1.0,1.0,,,1.0,0.0,0.0,0.0,0.0,,0.0,1.0,0.0,,3.0,9.0
2026,2021038770,2026-04-26,1700043.0,岸田 行倫,27.0,捕,1,1.0,1.0,4.0,3.0,0.0,1.0,0.0,0.0,0.0,1.0,0.0,,1.0,0.0,0.0,0.0,0.0,0.0,,,,,,,,,,,,,,,,,,,,,,
2026,2021038770,2026-04-26,1700066.0,山本 祐大,50.0,捕,3,1.0,1.0,3.0,3.0,0.0,0.0,0.0,0.0,0.0,0.0,0.0,,0.0,1.0,0.0,0.0,0.0,0.0,,,,,,,,,,,,,,,,,,,,,,
2026,2021038770,2026-04-26,1800024.0,増田 陸,61.0,打,1,1.0,0.0,1.0,1.0,0.0,0.0,0.0,0.0,0.0,0.0,0.0,,0.0,0.0,0.0,0.0,0.0,0.0,,,,,,,,,,,,,,,,,,,,,,
2026,2021038770,2026-04-26,1800046.0,勝又 温史,28.0,右左,3,1.0,1.0,3.0,3.0,0.0,0.0,0.0,0.0,0.0,0.0,0.0,,0.0,1.0,0.0,0.0,0.0,0.0,,,,,,,,,,,,,,,,,,,,,,
2026,2021038770,2026-04-26,1800049.0,宮城 滝太,65.0,投,3,1.0,0.0,0.0,0.0,0.0,0.0,0.0,0.0,0.0,0.0,0.0,,0.0,0.0,0.0,0.0,0.0,0.0,4.0,1.0,0.0,0.0,0.0,0.0,1.0,1.0,,,0.0,1.0,0.0,0.0,0.0,,0.0,1.0,0.0,,4.0,16.0
2026,2021038770,2026-04-26,1850873.0,度会 隆輝,4.0,右,3,1.0,0.0,1.0,1.0,0.0,0.0,0.0,0.0,0.0,0.0,0.0,,0.0,0.0,0.0,0.0,0.0,0.0,,,,,,,,,,,,,,,,,,,,,,
2026,2021038770,2026-04-26,1860235.0,ルイーズ,49.0,投,3,1.0,0.0,0.0,0.0,0.0,0.0,0.0,0.0,0.0,0.0,0.0,,0.0,0.0,0.0,0.0,0.0,0.0,2.0,1.0,0.0,0.0,0.0,1.8,1.0,1.0,,,0.0,1.0,0.0,0.0,0.0,,0.0,0.0,0.0,,4.0,6.0
2026,2021038770,2026-04-26,1900019.0,井上 温大,97.0,投,1,1.0,1.0,2.0,2.0,0.0,0.0,0.0,0.0,0.0,0.0,0.0,,0.0,0.0,0.0,0.0,0.0,0.0,1.0,1.0,,2.0,2.0,1.9,6.0,6.0,,,0.0,3.0,1.0,0.0,0.0,,0.0,3.0,0.0,,21.0,86.0
2026,2021038770,2026-04-26,1900031.0,坂本 裕哉,20.0,投,3,1.0,0.0,0.0,0.0,0.0,0.0,0.0,0.0,0.0,0.0,0.0,,0.0,0.0,0.0,0.0,0.0,2.0,3.0,1.0,0.0,0.0,1.0,2.7,1.0,1.0,,,0.0,1.0,2.0,0.0,0.0,,3.0,0.0,0.0,,8.0,36.0
2026,2021038770,2026-04-26,1900035.0,蝦名 達夫,61.0,中,3,1.0,1.0,3.0,3.0,1.0,1.0,0.0,0.0,0.0,0.0,0.0,,0.0,0.0,0.0,0.0,0.0,0.0,,,,,,,,,,,,,,,,,,,,,,
2026,2021038770,2026-04-26,1951153.0,浦田 俊輔,32.0,二遊,1,1.0,1.0,5.0,4.0,0.0,0.0,0.0,0.0,0.0,0.0,0.0,,0.0,1.0,0.0,1.0,0.0,0.0,,,,,,,,,,,,,,,,,,,,,,
2026,2021038770,2026-04-26,2100014.0,宮下 朝陽,34.0,遊,3,1.0,1.0,2.0,2.0,0.0,0.0,0.0,0.0,0.0,0.0,0.0,,0.0,0.0,0.0,0.0,0.0,0.0,,,,,,,,,,,,,,,,,,,,,,
2026,2021038770,2026-04-26,2100277.0,松尾 汐恩,5.0,打,3,1.0,0.0,1.0,1.0,0.0,0.0,0.0,0.0,0.0,0.0,0.0,,0.0,0.0,0.0,0.0,0.0,0.0,,,,,,,,,,,,,,,,,,,,,,
2026,2021038770,2026-04-26,2101034.0,ヒュンメル,99.0,打,3,1.0,0.0,1.0,1.0,0.0,0.0,0.0,0.0,0.0,0.0,0.0,,0.0,0.0,0.0,0.0,0.0,0.0,,,,,,,,,,,,,,,,,,,,,,
2026,2021038770,2026-04-26,2103697.0,大勢,15.0,投,1,1.0,0.0,0.0,0.0,0.0,0.0,0.0,0.0,0.0,0.0,0.0,,0.0,0.0,0.0,0.0,0.0,0.0,3.0,1.0,0.0,1.0,0.0,1.74,1.0,1.0,,,2.0,0.0,0.0,0.0,0.0,,0.0,1.0,0.0,,3.0,12.0
2026,2021038770,2026-04-26,2105013.0,萩尾 匡也,12.0,打,1,1.0,0.0,1.0,1.0,0.0,0.0,0.0,0.0,0.0,0.0,0.0,,0.0,0.0,0.0,0.0,0.0,0.0,,,,,,,,,,,,,,,,,,,,,,
2026,2021038770,2026-04-26,2106178.0,佐々木 俊輔,44.0,中左,1,1.0,1.0,5.0,4.0,2.0,1.0,1.0,0.0,0.0,0.0,0.0,,1.0,1.0,0.0,0.0,0.0,0.0,,,,,,,,,,,,,,,,,,,,,,
2026,2021038770,2026-04-26,2107874.0,門脇 誠,5.0,三,1,1.0,1.0,3.0,3.0,0.0,0.0,0.0,0.0,0.0,0.0,0.0,,0.0,0.0,0.0,0.0,0.0,1.0,,,,,,,,,,,,,,,,,,,,,,
2026,2021038770,2026-04-26,2110991.0,小濱 佑斗,33.0,遊三,1,1.0,1.0,4.0,3.0,0.0,2.0,0.0,0.0,0.0,2.0,0.0,,1.0,1.0,0.0,0.0,0.0,0.0,,,,,,,,,,,,,,,,,,,,,,
2026,2021038770,2026-04-26,2112182.0,石田 裕太郎,54.0,投,3,1.0,1.0,1.0,1.0,0.0,0.0,0.0,0.0,0.0,0.0,0.0,,0.0,1.0,0.0,0.0,0.0,0.0,1.0,1.0,,1.0,3.0,2.93,6.0,6.0,,,0.0,7.0,2.0,2.0,0.0,,0.0,6.0,0.0,,23.0,103.0
2026,2021038770,2026-04-26,2112330.0,平山 功太,69.0,右,1,1.0,1.0,4.0,4.0,1.0,1.0,1.0,0.0,0.0,0.0,0.0,,0.0,1.0,0.0,0.0,0.0,0.0,,,,,,,,,,,,,,,,,,,,,,
2026,2021038770,2026-04-26,2118420.0,キャベッジ,13.0,左,1,1.0,1.0,4.0,4.0,0.0,3.0,0.0,0.0,0.0,0.0,1.0,,0.0,1.0,0.0,0.0,0.0,0.0,,,,,,,,,,,,,,,,,,,,,,
2026,2021038771,2026-04-26,900410.0,大島 洋平,8.0,中,4,1.0,1.0,4.0,4.0,0.0,0.0,0.0,0.0,0.0,0.0,0.0,,0.0,0.0,0.0,0.0,0.0,0.0,,,,,,,,,,,,,,,,,,,,,,
2026,2021038771,2026-04-26,1100069.0,高橋 周平,3.0,三,4,1.0,1.0,4.0,3.0,0.0,1.0,0.0,0.0,0.0,0.0,0.0,,0.0,1.0,0.0,1.0,0.0,0.0,,,,,,,,,,,,,,,,,,,,,,
2026,2021038771,2026-04-26,1300029.0,田口 麗斗,34.0,投,2,1.0,0.0,0.0,0.0,0.0,0.0,0.0,0.0,0.0,0.0,0.0,,0.0,0.0,0.0,0.0,0.0,0.0,2.0,1.0,0.0,1.0,0.0,0.0,1.0,1.0,,,0.0,1.0,0.0,0.0,0.0,,0.0,0.0,0.0,,4.0,14.0
2026,2021038771,2026-04-26,1300094.0,杉浦 稔大,33.0,投,4,1.0,0.0,0.0,0.0,0.0,0.0,0.0,0.0,0.0,0.0,0.0,,0.0,0.0,0.0,0.0,0.0,0.0,2.0,1.0,0.0,1.0,1.0,4.91,1.0,1.0,,,0.0,0.0,0.0,0.0,0.0,,0.0,0.0,0.0,,3.0,11.0
2026,2021038771,2026-04-26,1500050.0,山本 泰寛,60.0,打,4,1.0,0.0,1.0,1.0,0.0,1.0,0.0,0.0,0.0,0.0,0.0,,0.0,0.0,0.0,0.0,0.0,0.0,,,,,,,,,,,,,,,,,,,,,,
2026,2021038771,2026-04-26,1500091.0,板山 祐太郎,63.0,二左,4,1.0,1.0,3.0,2.0,0.0,0.0,0.0,0.0,0.0,0.0,0.0,,1.0,0.0,0.0,0.0,0.0,0.0,,,,,,,,,,,,,,,,,,,,,,
2026,2021038771,2026-04-26,1500100.0,川越 誠司,44.0,打,4,1.0,0.0,1.0,1.0,0.0,1.0,1.0,0.0,0.0,1.0,0.0,,0.0,0.0,0.0,0.0,0.0,0.0,,,,,,,,,,,,,,,,,,,,,,
2026,2021038771,2026-04-26,1600085.0,細川 成也,55.0,左,4,1.0,1.0,4.0,3.0,0.0,1.0,0.0,0.0,0.0,1.0,0.0,,1.0,0.0,0.0,0.0,0.0,0.0,,,,,,,,,,,,,,,,,,,,,,
2026,2021038771,2026-04-26,1650522.0,丸山 和郁,4.0,右,2,1.0,1.0,3.0,3.0,0.0,2.0,0.0,0.0,0.0,0.0,1.0,,0.0,1.0,0.0,0.0,0.0,0.0,,,,,,,,,,,,,,,,,,,,,,
2026,2021038771,2026-04-26,1700131.0,増田 珠,63.0,打,2,1.0,0.0,1.0,0.0,0.0,0.0,0.0,0.0,0.0,0.0,0.0,,1.0,0.0,0.0,0.0,0.0,0.0,,,,,,,,,,,,,,,,,,,,,,
2026,2021038771,2026-04-26,1750223.0,村松 開人,5.0,遊,4,1.0,1.0,4.0,4.0,0.0,1.0,0.0,0.0,0.0,0.0,0.0,,0.0,1.0,0.0,0.0,0.0,0.0,,,,,,,,,,,,,,,,,,,,,,
2026,2021038771,2026-04-26,1750701.0,田中 幹也,2.0,走二,4,1.0,0.0,0.0,0.0,1.0,0.0,0.0,0.0,0.0,0.0,1.0,,0.0,0.0,0.0,0.0,0.0,0.0,,,,,,,,,,,,,,,,,,,,,,
2026,2021038771,2026-04-26,1900024.0,奥川 恭伸,18.0,投,2,1.0,1.0,2.0,2.0,0.0,0.0,0.0,0.0,0.0,0.0,0.0,,0.0,1.0,0.0,0.0,0.0,0.0,1.0,1.0,,0.0,2.0,2.52,6.0,6.0,,,0.0,5.0,1.0,1.0,0.0,,3.0,2.0,0.0,,24.0,96.0
2026,2021038771,2026-04-26,1900028.0,長岡 秀樹,7.0,遊,2,1.0,1.0,4.0,4.0,0.0,1.0,0.0,0.0,0.0,0.0,0.0,,0.0,1.0,0.0,0.0,0.0,0.0,,,,,,,,,,,,,,,,,,,,,,
2026,2021038771,2026-04-26,1900029.0,武岡 龍世,60.0,二三,2,1.0,1.0,3.0,3.0,0.0,1.0,1.0,0.0,0.0,0.0,0.0,,0.0,1.0,0.0,0.0,0.0,0.0,,,,,,,,,,,,,,,,,,,,,,
2026,2021038771,2026-04-26,1961300.0,ボスラー,24.0,一,4,1.0,1.0,4.0,3.0,1.0,1.0,0.0,0.0,0.0,0.0,0.0,,1.0,1.0,0.0,0.0,0.0,0.0,,,,,,,,,,,,,,,,,,,,,,
2026,2021038771,2026-04-26,2000031.0,赤羽 由紘,0.0,三左,2,1.0,1.0,4.0,2.0,0.0,0.0,0.0,0.0,0.0,0.0,1.0,,2.0,0.0,0.0,0.0,0.0,0.0,,,,,,,,,,,,,,,,,,,,,,
2026,2021038771,2026-04-26,2000042.0,高橋 宏斗,19.0,投,4,1.0,1.0,2.0,2.0,0.0,1.0,0.0,0.0,0.0,1.0,0.0,,0.0,1.0,0.0,0.0,0.0,0.0,1.0,1.0,,1.0,3.0,3.45,7.0,7.0,,,0.0,5.0,0.0,0.0,0.0,,3.0,7.0,0.0,,27.0,125.0
2026,2021038771,2026-04-26,2000133.0,オスナ,13.0,一,2,1.0,1.0,4.0,4.0,0.0,0.0,0.0,0.0,0.0,0.0,0.0,,0.0,1.0,0.0,0.0,0.0,0.0,,,,,,,,,,,,,,,,,,,,,,
2026,2021038771,2026-04-26,2000135.0,サンタナ,25.0,左,2,1.0,1.0,4.0,4.0,0.0,0.0,0.0,0.0,0.0,0.0,0.0,,0.0,1.0,0.0,0.0,0.0,0.0,,,,,,,,,,,,,,,,,,,,,,
2026,2021038771,2026-04-26,2103845.0,鵜飼 航丞,66.0,右,4,1.0,1.0,3.0,3.0,0.0,1.0,0.0,0.0,0.0,0.0,0.0,,0.0,0.0,0.0,0.0,0.0,0.0,,,,,,,,,,,,,,,,,,,,,,
2026,2021038771,2026-04-26,2103917.0,岩田 幸宏,64.0,中,2,1.0,1.0,4.0,4.0,0.0,0.0,0.0,0.0,0.0,0.0,0.0,,0.0,1.0,0.0,0.0,0.0,0.0,,,,,,,,,,,,,,,,,,,,,,
2026,2021038771,2026-04-26,2105102.0,石伊 雄太,9.0,捕,4,1.0,1.0,4.0,4.0,1.0,1.0,0.0,0.0,0.0,0.0,0.0,,0.0,0.0,0.0,0.0,0.0,0.0,,,,,,,,,,,,,,,,,,,,,,
2026,2021038771,2026-04-26,2105626.0,廣澤 優,70.0,投,2,1.0,0.0,0.0,0.0,0.0,0.0,0.0,0.0,0.0,0.0,0.0,,0.0,0.0,0.0,0.0,0.0,0.0,3.0,1.0,0.0,2.0,0.0,2.25,1.0,1.0,,,0.0,3.0,2.0,2.0,0.0,,0.0,2.0,0.0,,6.0,28.0
2026,2021038771,2026-04-26,2107645.0,尾田 剛樹,0.0,走右,4,1.0,0.0,0.0,0.0,0.0,0.0,0.0,0.0,0.0,0.0,0.0,,0.0,0.0,0.0,0.0,0.0,0.0,,,,,,,,,,,,,,,,,,,,,,
2026,2021038771,2026-04-26,2107869.0,松山 晋也,90.0,投,4,1.0,0.0,0.0,0.0,0.0,0.0,0.0,0.0,0.0,0.0,0.0,,0.0,0.0,0.0,0.0,0.0,0.0,3.0,1.0,0.0,0.0,1.0,6.23,1.0,1.0,,,4.0,0.0,0.0,0.0,0.0,,0.0,0.0,0.0,,3.0,12.0
2026,2021038771,2026-04-26,2109495.0,鈴木 叶,65.0,捕,2,1.0,1.0,4.0,4.0,0.0,1.0,0.0,0.0,0.0,0.0,0.0,,0.0,0.0,0.0,0.0,0.0,1.0,,,,,,,,,,,,,,,,,,,,,,
2026,2021038771,2026-04-26,2112175.0,伊藤 琉偉,67.0,二,2,1.0,0.0,0.0,0.0,0.0,0.0,0.0,0.0,0.0,0.0,0.0,,0.0,0.0,0.0,0.0,0.0,0.0,,,,,,,,,,,,,,,,,,,,,,
2026,2021038772,2026-04-26,1000150.0,秋山 翔吾,9.0,左,6,1.0,1.0,4.0,4.0,0.0,1.0,0.0,0.0,0.0,0.0,0.0,,0.0,0.0,0.0,0.0,0.0,0.0,,,,,,,,,,,,,,,,,,,,,,
2026,2021038772,2026-04-26,1100082.0,菊池 涼介,33.0,二,6,1.0,1.0,4.0,4.0,0.0,1.0,0.0,0.0,0.0,0.0,0.0,,0.0,1.0,0.0,0.0,0.0,0.0,,,,,,,,,,,,,,,,,,,,,,
2026,2021038772,2026-04-26,1500087.0,坂本 誠志郎,12.0,捕,5,1.0,1.0,3.0,2.0,0.0,0.0,0.0,0.0,0.0,0.0,0.0,,1.0,0.0,0.0,0.0,0.0,0.0,,,,,,,,,,,,,,,,,,,,,,
2026,2021038772,2026-04-26,1600033.0,ドリス,98.0,投,5,1.0,0.0,0.0,0.0,0.0,0.0,0.0,0.0,0.0,0.0,0.0,,0.0,0.0,0.0,0.0,0.0,0.0,3.0,1.0,0.0,0.0,1.0,1.5,1.0,1.0,,,3.0,0.0,0.0,0.0,0.0,,0.0,1.0,0.0,,4.0,17.0
2026,2021038772,2026-04-26,1600113.0,大山 悠輔,3.0,一,5,1.0,1.0,3.0,3.0,0.0,0.0,0.0,0.0,0.0,0.0,0.0,,0.0,0.0,0.0,0.0,0.0,0.0,,,,,,,,,,,,,,,,,,,,,,
2026,2021038772,2026-04-26,1700068.0,中村 奨成,96.0,打右,6,1.0,0.0,1.0,1.0,0.0,0.0,0.0,0.0,0.0,0.0,0.0,,0.0,0.0,0.0,0.0,0.0,0.0,,,,,,,,,,,,,,,,,,,,,,
2026,2021038772,2026-04-26,1700137.0,大竹 耕太郎,21.0,投,5,1.0,1.0,2.0,2.0,0.0,0.0,0.0,0.0,0.0,0.0,0.0,,0.0,2.0,0.0,0.0,0.0,0.0,1.0,1.0,,1.0,0.0,3.0,7.0,7.0,,,0.0,4.0,0.0,0.0,0.0,,0.0,6.0,0.0,,25.0,105.0
2026,2021038772,2026-04-26,1800036.0,濱田 太貴,32.0,打,5,1.0,0.0,1.0,1.0,0.0,0.0,0.0,0.0,0.0,0.0,0.0,,0.0,1.0,0.0,0.0,0.0,0.0,,,,,,,,,,,,,,,,,,,,,,
2026,2021038772,2026-04-26,1800065.0,近本 光司,5.0,中,5,1.0,1.0,4.0,3.0,0.0,1.0,0.0,0.0,0.0,0.0,0.0,,0.0,0.0,1.0,0.0,0.0,0.0,,,,,,,,,,,,,,,,,,,,,,
2026,2021038772,2026-04-26,1800066.0,小幡 竜平,38.0,遊,5,1.0,1.0,3.0,3.0,0.0,0.0,0.0,0.0,0.0,0.0,0.0,,0.0,3.0,0.0,0.0,0.0,1.0,,,,,,,,,,,,,,,,,,,,,,
2026,2021038772,2026-04-26,1800072.0,小園 海斗,5.0,三,6,1.0,1.0,4.0,4.0,0.0,1.0,0.0,0.0,0.0,0.0,0.0,,0.0,0.0,0.0,0.0,0.0,0.0,,,,,,,,,,,,,,,,,,,,,,
2026,2021038772,2026-04-26,1800079.0,大盛 穂,59.0,中,6,1.0,1.0,4.0,4.0,0.0,1.0,0.0,0.0,0.0,0.0,1.0,,0.0,1.0,0.0,0.0,0.0,0.0,,,,,,,,,,,,,,,,,,,,,,
2026,2021038772,2026-04-26,1850183.0,森下 翔太,1.0,右,5,1.0,1.0,3.0,3.0,0.0,0.0,0.0,0.0,0.0,0.0,0.0,,0.0,0.0,0.0,0.0,0.0,0.0,,,,,,,,,,,,,,,,,,,,,,
2026,2021038772,2026-04-26,1900050.0,小野寺 暖,60.0,走中,5,1.0,0.0,0.0,0.0,0.0,0.0,0.0,0.0,0.0,0.0,0.0,,0.0,0.0,0.0,0.0,0.0,0.0,,,,,,,,,,,,,,,,,,,,,,
2026,2021038772,2026-04-26,1900056.0,石原 貴規,32.0,捕,6,1.0,0.0,0.0,0.0,0.0,0.0,0.0,0.0,0.0,0.0,0.0,,0.0,0.0,0.0,0.0,0.0,0.0,,,,,,,,,,,,,,,,,,,,,,
2026,2021038772,2026-04-26,1900058.0,持丸 泰輝,57.0,捕,6,1.0,1.0,2.0,2.0,0.0,0.0,0.0,0.0,0.0,0.0,0.0,,0.0,1.0,0.0,0.0,0.0,0.0,,,,,,,,,,,,,,,,,,,,,,
2026,2021038772,2026-04-26,1950429.0,高 太一,22.0,投,6,1.0,0.0,0.0,0.0,0.0,0.0,0.0,0.0,0.0,0.0,0.0,,0.0,0.0,0.0,0.0,0.0,0.0,2.0,1.0,0.0,0.0,0.0,0.0,1.0,1.0,,,0.0,0.0,0.0,0.0,0.0,,0.0,2.0,1.0,,4.0,16.0
2026,2021038772,2026-04-26,1961927.0,モンテロ,95.0,一,6,1.0,1.0,4.0,4.0,0.0,0.0,0.0,0.0,0.0,0.0,0.0,,0.0,2.0,0.0,0.0,0.0,0.0,,,,,,,,,,,,,,,,,,,,,,
2026,2021038772,2026-04-26,2000051.0,佐藤 輝明,8.0,三,5,1.0,1.0,3.0,3.0,1.0,1.0,0.0,0.0,1.0,1.0,0.0,,0.0,0.0,0.0,0.0,0.0,0.0,,,,,,,,,,,,,,,,,,,,,,
2026,2021038772,2026-04-26,2000056.0,中野 拓夢,7.0,二,5,1.0,1.0,4.0,3.0,0.0,0.0,0.0,0.0,0.0,0.0,0.0,,0.0,0.0,0.0,1.0,0.0,0.0,,,,,,,,,,,,,,,,,,,,,,
2026,2021038772,2026-04-26,2000060.0,栗林 良吏,20.0,投,6,1.0,1.0,2.0,2.0,0.0,0.0,0.0,0.0,0.0,0.0,0.0,,0.0,1.0,0.0,0.0,0.0,0.0,1.0,1.0,,2.0,1.0,1.19,7.0,7.0,,,0.0,2.0,1.0,1.0,1.0,,2.0,4.0,0.0,,25.0,86.0
2026,2021038772,2026-04-26,2050203.0,佐々木 泰,10.0,打,6,1.0,0.0,1.0,1.0,0.0,1.0,0.0,0.0,0.0,0.0,0.0,,0.0,0.0,0.0,0.0,0.0,0.0,,,,,,,,,,,,,,,,,,,,,,
2026,2021038772,2026-04-26,2103707.0,桐敷 拓馬,47.0,投,5,1.0,0.0,0.0,0.0,0.0,0.0,0.0,0.0,0.0,0.0,0.0,,0.0,0.0,0.0,0.0,0.0,0.0,2.0,1.0,0.0,0.0,1.0,1.59,1.0,1.0,,,1.0,1.0,0.0,0.0,0.0,,0.0,0.0,0.0,,4.0,16.0
2026,2021038772,2026-04-26,2107887.0,辰見 鴻之介,69.0,右,6,1.0,1.0,4.0,4.0,0.0,0.0,0.0,0.0,0.0,0.0,0.0,,0.0,1.0,0.0,0.0,0.0,0.0,,,,,,,,,,,,,,,,,,,,,,
2026,2021038772,2026-04-26,2110225.0,福島 圭音,92.0,左,5,1.0,1.0,3.0,2.0,0.0,0.0,0.0,0.0,0.0,0.0,1.0,,1.0,0.0,0.0,0.0,0.0,0.0,,,,,,,,,,,,,,,,,,,,,,
2026,2021038772,2026-04-26,2110422.0,勝田 成,0.0,遊,6,1.0,1.0,3.0,3.0,0.0,0.0,0.0,0.0,0.0,0.0,0.0,,0.0,0.0,0.0,0.0,0.0,0.0,,,,,,,,,,,,,,,,,,,,,,
2026,2021038773,2026-04-26,12102.0,栗山 巧,1.0,打,7,1.0,0.0,1.0,1.0,0.0,0.0,0.0,0.0,0.0,0.0,0.0,,0.0,0.0,0.0,0.0,0.0,0.0,,,,,,,,,,,,,,,,,,,,,,
2026,2021038773,2026-04-26,900056.0,浅村 栄斗,3.0,一,376,1.0,1.0,4.0,4.0,0.0,3.0,0.0,0.0,0.0,0.0,0.0,,0.0,0.0,0.0,0.0,0.0,0.0,,,,,,,,,,,,,,,,,,,,,,
2026,2021038773,2026-04-26,1300076.0,加治屋 蓮,41.0,,376,,,,,,,,,,,,,,,,,,,3.0,1.0,0.0,2.0,1.0,2.7,0.6666666666666666,0.2,,,0.0,3.0,3.0,2.0,0.0,,1.0,0.0,0.0,,6.0,21.0
2026,2021038773,2026-04-26,1500117.0,平沢 大河,39.0,一,7,1.0,1.0,5.0,4.0,0.0,0.0,0.0,0.0,0.0,0.0,0.0,,1.0,2.0,0.0,0.0,0.0,0.0,,,,,,,,,,,,,,,,,,,,,,
2026,2021038773,2026-04-26,1600007.0,村林 一輝,6.0,遊,376,1.0,1.0,4.0,3.0,0.0,0.0,0.0,0.0,0.0,0.0,0.0,,1.0,1.0,0.0,0.0,0.0,0.0,,,,,,,,,,,,,,,,,,,,,,
2026,2021038773,2026-04-26,1600092.0,藤平 尚真,46.0,,376,,,,,,,,,,,,,,,,,,,2.0,1.0,0.0,0.0,0.0,0.75,1.0,1.0,,,6.0,2.0,0.0,0.0,0.0,,0.0,0.0,0.0,,5.0,25.0
2026,2021038773,2026-04-26,1600129.0,源田 壮亮,6.0,遊,7,1.0,1.0,4.0,3.0,0.0,2.0,1.0,0.0,0.0,0.0,0.0,,0.0,0.0,0.0,1.0,0.0,0.0,,,,,,,,,,,,,,,,,,,,,,
2026,2021038773,2026-04-26,1660299.0,林 安可,73.0,左,7,1.0,1.0,4.0,4.0,0.0,1.0,1.0,0.0,0.0,0.0,0.0,,0.0,2.0,0.0,0.0,0.0,0.0,,,,,,,,,,,,,,,,,,,,,,
2026,2021038773,2026-04-26,1700122.0,西川 愛也,51.0,中,7,1.0,1.0,3.0,3.0,0.0,0.0,0.0,0.0,0.0,0.0,0.0,,0.0,0.0,0.0,0.0,0.0,0.0,,,,,,,,,,,,,,,,,,,,,,
2026,2021038773,2026-04-26,1700124.0,平良 海馬,61.0,,7,,,,,,,,,,,,,,,,,,,1.0,1.0,,2.0,0.0,0.49,7.0,7.0,,,0.0,2.0,0.0,0.0,0.0,,2.0,10.0,0.0,,25.0,116.0
2026,2021038773,2026-04-26,1750472.0,古賀 悠斗,22.0,捕,7,1.0,0.0,1.0,0.0,1.0,0.0,0.0,0.0,0.0,0.0,0.0,,1.0,0.0,0.0,0.0,0.0,0.0,,,,,,,,,,,,,,,,,,,,,,
2026,2021038773,2026-04-26,1760551.0,ボイト,9.0,指,376,1.0,1.0,3.0,3.0,0.0,1.0,0.0,0.0,0.0,0.0,0.0,,0.0,0.0,0.0,0.0,0.0,0.0,,,,,,,,,,,,,,,,,,,,,,
2026,2021038773,2026-04-26,1800044.0,伊藤 裕季也,39.0,三,376,1.0,1.0,4.0,3.0,0.0,0.0,0.0,0.0,0.0,0.0,0.0,,1.0,1.0,0.0,0.0,0.0,0.0,,,,,,,,,,,,,,,,,,,,,,
2026,2021038773,2026-04-26,1800106.0,甲斐野 央,34.0,,7,,,,,,,,,,,,,,,,,,,3.0,1.0,0.0,1.0,1.0,4.32,1.0,1.0,,,0.0,1.0,0.0,0.0,0.0,,1.0,0.0,0.0,,3.0,13.0
2026,2021038773,2026-04-26,1800117.0,辰己 涼介,8.0,中,376,1.0,1.0,4.0,3.0,0.0,0.0,0.0,0.0,0.0,0.0,0.0,,1.0,2.0,0.0,0.0,0.0,0.0,,,,,,,,,,,,,,,,,,,,,,
2026,2021038773,2026-04-26,1800118.0,太田 光,2.0,捕,376,1.0,1.0,4.0,3.0,0.0,1.0,1.0,0.0,0.0,0.0,0.0,,1.0,2.0,0.0,0.0,0.0,0.0,,,,,,,,,,,,,,,,,,,,,,
2026,2021038773,2026-04-26,1800123.0,小郷 裕哉,51.0,走指,376,1.0,0.0,1.0,1.0,0.0,0.0,0.0,0.0,0.0,0.0,1.0,,0.0,0.0,0.0,0.0,0.0,0.0,,,,,,,,,,,,,,,,,,,,,,
2026,2021038773,2026-04-26,1900068.0,岸 潤一郎,68.0,走中,7,1.0,0.0,1.0,1.0,1.0,1.0,1.0,0.0,0.0,0.0,0.0,,0.0,0.0,0.0,0.0,0.0,0.0,,,,,,,,,,,,,,,,,,,,,,
2026,2021038773,2026-04-26,1900112.0,小深田 大翔,0.0,二,376,1.0,1.0,3.0,3.0,0.0,0.0,0.0,0.0,0.0,0.0,0.0,,0.0,2.0,0.0,0.0,0.0,0.0,,,,,,,,,,,,,,,,,,,,,,
2026,2021038773,2026-04-26,1900113.0,黒川 史陽,24.0,打二一,376,1.0,0.0,2.0,2.0,0.0,0.0,0.0,0.0,0.0,0.0,0.0,,0.0,1.0,0.0,0.0,0.0,0.0,,,,,,,,,,,,,,,,,,,,,,
2026,2021038773,2026-04-26,1900115.0,武藤 敦貴,50.0,右,376,1.0,1.0,4.0,4.0,0.0,0.0,0.0,0.0,0.0,0.0,0.0,,0.0,1.0,0.0,0.0,0.0,1.0,,,,,,,,,,,,,,,,,,,,,,
2026,2021038773,2026-04-26,1950278.0,中島 大輔,32.0,左,376,1.0,0.0,1.0,1.0,0.0,0.0,0.0,0.0,0.0,0.0,0.0,,0.0,0.0,0.0,0.0,0.0,0.0,,,,,,,,,,,,,,,,,,,,,,
2026,2021038773,2026-04-26,1950417.0,渡部 聖弥,8.0,指,7,1.0,1.0,5.0,5.0,1.0,3.0,0.0,0.0,0.0,0.0,0.0,,0.0,1.0,0.0,0.0,0.0,0.0,,,,,,,,,,,,,,,,,,,,,,
2026,2021038773,2026-04-26,2000069.0,山村 崇嘉,32.0,三,7,1.0,1.0,5.0,5.0,0.0,2.0,0.0,0.0,0.0,0.0,0.0,,0.0,0.0,0.0,0.0,0.0,0.0,,,,,,,,,,,,,,,,,,,,,,
2026,2021038773,2026-04-26,2000075.0,長谷川 信哉,63.0,走左,7,1.0,0.0,1.0,1.0,0.0,1.0,0.0,0.0,0.0,0.0,0.0,,0.0,0.0,0.0,0.0,0.0,0.0,,,,,,,,,,,,,,,,,,,,,,
2026,2021038773,2026-04-26,2000121.0,早川 隆久,21.0,,376,,,,,,,,,,,,,,,,,,,1.0,1.0,,1.0,0.0,1.23,8.0,8.0,,,0.0,5.0,0.0,0.0,0.0,,0.0,9.0,0.0,,29.0,103.0
2026,2021038773,2026-04-26,2050145.0,小島 大河,10.0,捕,7,1.0,1.0,4.0,4.0,0.0,0.0,0.0,0.0,0.0,0.0,0.0,,0.0,1.0,0.0,0.0,0.0,0.0,,,,,,,,,,,,,,,,,,,,,,
2026,2021038773,2026-04-26,2103618.0,滝澤 夏央,62.0,二,7,1.0,1.0,4.0,3.0,0.0,0.0,0.0,0.0,0.0,0.0,0.0,,0.0,0.0,0.0,1.0,0.0,0.0,,,,,,,,,,,,,,,,,,,,,,
2026,2021038773,2026-04-26,2103765.0,柴田 大地,71.0,,376,,,,,,,,,,,,,,,,,,,4.0,1.0,0.0,0.0,0.0,0.0,0.3333333333333333,0.1,,,0.0,1.0,0.0,0.0,0.0,,1.0,0.0,0.0,,3.0,9.0
2026,2021038773,2026-04-26,2105283.0,平良 竜哉,48.0,走三,376,1.0,0.0,0.0,0.0,0.0,0.0,0.0,0.0,0.0,0.0,0.0,,0.0,0.0,0.0,0.0,0.0,0.0,,,,,,,,,,,,,,,,,,,,,,
2026,2021038773,2026-04-26,2105684.0,児玉 亮涼,0.0,三,7,1.0,0.0,0.0,0.0,0.0,0.0,0.0,0.0,0.0,0.0,0.0,,0.0,0.0,0.0,0.0,0.0,0.0,,,,,,,,,,,,,,,,,,,,,,
2026,2021038773,2026-04-26,2112158.0,ワォーターズ,60.0,走二,376,1.0,0.0,0.0,0.0,0.0,0.0,0.0,0.0,0.0,0.0,0.0,,0.0,0.0,0.0,0.0,0.0,0.0,,,,,,,,,,,,,,,,,,,,,,
2026,2021038773,2026-04-26,2117028.0,カナリオ,25.0,右,7,1.0,1.0,5.0,5.0,0.0,1.0,0.0,0.0,0.0,2.0,0.0,,0.0,3.0,0.0,0.0,0.0,0.0,,,,,,,,,,,,,,,,,,,,,,
2026,2021038773,2026-04-26,2117734.0,篠原 響,52.0,,7,,,,,,,,,,,,,,,,,,,2.0,1.0,0.0,1.0,1.0,1.42,1.0,1.0,,,0.0,1.0,0.0,0.0,0.0,,1.0,1.0,0.0,,5.0,12.0
2026,2021038773,2026-04-26,2121154.0,岩城 颯空,20.0,,7,,,,,,,,,,,,,,,,,,,4.0,1.0,0.0,0.0,0.0,2.7,1.0,1.0,,,8.0,1.0,0.0,0.0,0.0,,0.0,1.0,0.0,,4.0,17.0
2026,2021038773,2026-04-26,2122300.0,マッカスカー,34.0,左,376,1.0,1.0,3.0,3.0,0.0,0.0,0.0,0.0,0.0,0.0,0.0,,0.0,2.0,0.0,0.0,0.0,0.0,,,,,,,,,,,,,,,,,,,,,,
2026,2021038774,2026-04-26,1000100.0,西川 遥輝,7.0,左,8,1.0,1.0,4.0,3.0,1.0,0.0,0.0,0.0,0.0,0.0,0.0,,1.0,2.0,0.0,0.0,0.0,0.0,,,,,,,,,,,,,,,,,,,,,,
2026,2021038774,2026-04-26,1300058.0,九里 亜蓮,22.0,,11,,,,,,,,,,,,,,,,,,,1.0,1.0,,2.0,2.0,3.86,8.0,8.0,,,0.0,4.0,4.0,4.0,0.0,,3.0,6.0,1.0,,32.0,113.0
2026,2021038774,2026-04-26,1300100.0,森 友哉,4.0,指,11,1.0,1.0,4.0,3.0,1.0,1.0,0.0,0.0,0.0,1.0,0.0,,1.0,1.0,0.0,0.0,0.0,0.0,,,,,,,,,,,,,,,,,,,,,,
2026,2021038774,2026-04-26,1300109.0,若月 健矢,2.0,捕,11,1.0,1.0,4.0,4.0,1.0,1.0,0.0,0.0,0.0,0.0,0.0,,0.0,2.0,0.0,0.0,0.0,0.0,,,,,,,,,,,,,,,,,,,,,,
2026,2021038774,2026-04-26,1400117.0,有原 航平,74.0,,8,,,,,,,,,,,,,,,,,,,1.0,1.0,,1.0,4.0,8.23,3.333333333333333,3.1,,,0.0,7.0,8.0,8.0,1.0,,2.0,4.0,0.0,,19.0,71.0
2026,2021038774,2026-04-26,1400196.0,宗 佑磨,6.0,三,11,1.0,1.0,4.0,4.0,1.0,1.0,0.0,0.0,0.0,1.0,0.0,,0.0,1.0,0.0,0.0,0.0,0.0,,,,,,,,,,,,,,,,,,,,,,
2026,2021038774,2026-04-26,1500096.0,西川 龍馬,7.0,左,11,1.0,1.0,4.0,4.0,1.0,1.0,0.0,0.0,0.0,0.0,0.0,,0.0,1.0,0.0,0.0,0.0,0.0,,,,,,,,,,,,,,,,,,,,,,
2026,2021038774,2026-04-26,1500112.0,平沼 翔太,61.0,一,11,1.0,0.0,0.0,0.0,0.0,0.0,0.0,0.0,0.0,0.0,0.0,,0.0,0.0,0.0,0.0,0.0,0.0,,,,,,,,,,,,,,,,,,,,,,
2026,2021038774,2026-04-26,1700025.0,清宮 幸太郎,21.0,一,8,1.0,1.0,4.0,3.0,2.0,1.0,1.0,0.0,0.0,0.0,0.0,,1.0,0.0,0.0,0.0,0.0,0.0,,,,,,,,,,,,,,,,,,,,,,
2026,2021038774,2026-04-26,1700106.0,山本 拓実,67.0,,8,,,,,,,,,,,,,,,,,,,4.0,1.0,0.0,0.0,0.0,6.0,2.0,2.0,,,0.0,0.0,0.0,0.0,0.0,,1.0,3.0,0.0,,7.0,29.0
2026,2021038774,2026-04-26,1751068.0,野口 智哉,9.0,二,11,1.0,1.0,4.0,3.0,1.0,0.0,0.0,0.0,0.0,0.0,0.0,,1.0,0.0,0.0,0.0,0.0,0.0,,,,,,,,,,,,,,,,,,,,,,
2026,2021038774,2026-04-26,1800008.0,マルティネス,2.0,捕,8,1.0,0.0,2.0,1.0,0.0,0.0,0.0,0.0,0.0,0.0,0.0,,0.0,0.0,1.0,0.0,0.0,1.0,,,,,,,,,,,,,,,,,,,,,,
2026,2021038774,2026-04-26,1800068.0,齋藤 友貴哉,48.0,,8,,,,,,,,,,,,,,,,,,,3.0,1.0,0.0,0.0,1.0,2.45,1.0,1.0,,,0.0,0.0,0.0,0.0,0.0,,0.0,0.0,0.0,,3.0,11.0
2026,2021038774,2026-04-26,1800091.0,野村 佑希,5.0,三,8,1.0,0.0,1.0,1.0,0.0,1.0,0.0,0.0,0.0,2.0,0.0,,0.0,0.0,0.0,0.0,0.0,0.0,,,,,,,,,,,,,,,,,,,,,,
2026,2021038774,2026-04-26,1800092.0,生田目 翼,13.0,,8,,,,,,,,,,,,,,,,,,,2.0,1.0,0.0,0.0,0.0,3.86,1.6666666666666663,1.2,,,0.0,2.0,1.0,1.0,1.0,,0.0,1.0,0.0,,7.0,20.0
2026,2021038774,2026-04-26,1800093.0,万波 中正,66.0,右,8,1.0,1.0,3.0,3.0,0.0,0.0,0.0,0.0,0.0,0.0,0.0,,0.0,1.0,0.0,0.0,0.0,0.0,,,,,,,,,,,,,,,,,,,,,,
2026,2021038774,2026-04-26,1800095.0,田宮 裕涼,64.0,捕,8,1.0,1.0,2.0,2.0,0.0,0.0,0.0,0.0,0.0,0.0,0.0,,0.0,0.0,0.0,0.0,0.0,0.0,,,,,,,,,,,,,,,,,,,,,,
2026,2021038774,2026-04-26,1851204.0,水野 達稀,43.0,打,8,1.0,0.0,1.0,1.0,0.0,0.0,0.0,0.0,0.0,0.0,0.0,,0.0,0.0,0.0,0.0,0.0,0.0,,,,,,,,,,,,,,,,,,,,,,
2026,2021038774,2026-04-26,1860140.0,レイエス,99.0,指,8,1.0,1.0,4.0,3.0,0.0,1.0,1.0,0.0,0.0,1.0,0.0,,1.0,0.0,0.0,0.0,0.0,0.0,,,,,,,,,,,,,,,,,,,,,,
2026,2021038774,2026-04-26,1900040.0,郡司 裕也,3.0,三,8,1.0,1.0,3.0,3.0,0.0,0.0,0.0,0.0,0.0,0.0,0.0,,0.0,1.0,0.0,0.0,0.0,0.0,,,,,,,,,,,,,,,,,,,,,,
2026,2021038774,2026-04-26,2000080.0,五十幡 亮汰,50.0,中,8,1.0,0.0,1.0,1.0,0.0,0.0,0.0,0.0,0.0,0.0,0.0,,0.0,0.0,0.0,0.0,0.0,0.0,,,,,,,,,,,,,,,,,,,,,,
2026,2021038774,2026-04-26,2000098.0,来田 涼斗,38.0,右左,11,1.0,1.0,4.0,4.0,0.0,2.0,0.0,0.0,0.0,2.0,0.0,,0.0,0.0,0.0,0.0,0.0,0.0,,,,,,,,,,,,,,,,,,,,,,
2026,2021038774,2026-04-26,2050143.0,大塚 瑠晏,49.0,二,8,1.0,1.0,4.0,4.0,0.0,1.0,0.0,0.0,0.0,1.0,0.0,,0.0,2.0,0.0,0.0,0.0,0.0,,,,,,,,,,,,,,,,,,,,,,
2026,2021038774,2026-04-26,2103747.0,渡部 遼人,0.0,中,11,1.0,1.0,4.0,3.0,2.0,1.0,0.0,0.0,1.0,3.0,0.0,,1.0,0.0,0.0,0.0,0.0,0.0,,,,,,,,,,,,,,,,,,,,,,
2026,2021038774,2026-04-26,2106284.0,矢澤 宏太,12.0,中右,8,1.0,1.0,3.0,3.0,0.0,0.0,0.0,0.0,0.0,0.0,0.0,,0.0,0.0,0.0,0.0,0.0,0.0,,,,,,,,,,,,,,,,,,,,,,
2026,2021038774,2026-04-26,2107693.0,入山 海斗,68.0,,11,,,,,,,,,,,,,,,,,,,2.0,1.0,0.0,0.0,0.0,4.5,1.0,1.0,,,0.0,0.0,0.0,0.0,0.0,,0.0,0.0,0.0,,3.0,7.0
2026,2021038774,2026-04-26,2110153.0,麦谷 祐介,8.0,右,11,1.0,0.0,0.0,0.0,0.0,0.0,0.0,0.0,0.0,0.0,0.0,,0.0,0.0,0.0,0.0,0.0,0.0,,,,,,,,,,,,,,,,,,,,,,
2026,2021038774,2026-04-26,2111290.0,横山 聖哉,34.0,遊,11,1.0,1.0,4.0,4.0,0.0,0.0,0.0,0.0,0.0,0.0,0.0,,0.0,3.0,0.0,0.0,0.0,0.0,,,,,,,,,,,,,,,,,,,,,,
2026,2021038774,2026-04-26,2114529.0,山縣 秀,54.0,遊,8,1.0,1.0,3.0,3.0,1.0,0.0,0.0,0.0,0.0,0.0,0.0,,0.0,0.0,0.0,0.0,0.0,0.0,,,,,,,,,,,,,,,,,,,,,,
2026,2021038774,2026-04-26,2117200.0,シーモア,45.0,一,11,1.0,1.0,4.0,4.0,2.0,2.0,0.0,0.0,1.0,2.0,0.0,,0.0,0.0,0.0,0.0,0.0,0.0,,,,,,,,,,,,,,,,,,,,,,
2026,2021038775,2026-04-26,2102758.0,田中 晴也,35.0,,9,,,,,,,,,,,,,,,,,,,1.0,1.0,,1.0,2.0,4.5,1.0,1.0,,,0.0,0.0,0.0,0.0,0.0,,0.0,2.0,0.0,,3.0,13.0
2026,2021038775,2026-04-26,2104078.0,前田 悠伍,41.0,,12,,,,,,,,,,,,,,,,,,,1.0,1.0,,0.0,0.0,4.5,2.0,2.0,,,0.0,1.0,1.0,1.0,1.0,,0.0,2.0,0.0,,7.0,31.0
2026,2021038775,2026-04-26,,,,,9,1.0,,,,,,,,,,,,,,,,,,,,,,,,,,,,,,,,,,,,,,,
2026,2021038776,2026-04-28,1000150.0,秋山 翔吾,9.0,左,6,1.0,1.0,5.0,5.0,0.0,0.0,0.0,0.0,0.0,0.0,0.0,,0.0,0.0,0.0,0.0,0.0,0.0,,,,,,,,,,,,,,,,,,,,,,
2026,2021038776,2026-04-28,1100082.0,菊池 涼介,33.0,二,6,1.0,1.0,6.0,6.0,2.0,2.0,0.0,0.0,0.0,1.0,0.0,,0.0,2.0,0.0,0.0,0.0,0.0,,,,,,,,,,,,,,,,,,,,,,
2026,2021038776,2026-04-28,1100095.0,松本 剛,9.0,中,1,1.0,1.0,4.0,4.0,0.0,0.0,0.0,0.0,0.0,0.0,0.0,,0.0,0.0,0.0,0.0,0.0,0.0,,,,,,,,,,,,,,,,,,,,,,
2026,2021038776,2026-04-28,1200117.0,則本 昂大,43.0,投,1,1.0,1.0,1.0,1.0,0.0,0.0,0.0,0.0,0.0,0.0,0.0,,0.0,1.0,0.0,0.0,0.0,0.0,1.0,1.0,,0.0,2.0,3.52,5.0,5.0,,,0.0,12.0,6.0,6.0,1.0,,1.0,3.0,0.0,,27.0,98.0
2026,2021038776,2026-04-28,1400173.0,野間 峻祥,37.0,右,6,1.0,1.0,4.0,4.0,1.0,2.0,1.0,0.0,0.0,0.0,0.0,,0.0,0.0,0.0,0.0,0.0,0.0,,,,,,,,,,,,,,,,,,,,,,
2026,2021038776,2026-04-28,1561820.0,ダルベック,29.0,三一,1,1.0,1.0,4.0,3.0,0.0,1.0,1.0,0.0,0.0,0.0,0.0,,1.0,0.0,0.0,0.0,0.0,0.0,,,,,,,,,,,,,,,,,,,,,,
2026,2021038776,2026-04-28,1600059.0,吉川 尚輝,2.0,三,1,1.0,0.0,2.0,1.0,0.0,0.0,0.0,0.0,0.0,0.0,0.0,,1.0,0.0,0.0,0.0,0.0,0.0,,,,,,,,,,,,,,,,,,,,,,
2026,2021038776,2026-04-28,1600123.0,床田 寛樹,19.0,投,6,1.0,1.0,4.0,3.0,0.0,1.0,0.0,0.0,0.0,0.0,0.0,,0.0,2.0,0.0,1.0,0.0,0.0,1.0,1.0,,1.0,2.0,2.94,8.0,8.0,,,0.0,3.0,1.0,1.0,1.0,,2.0,5.0,0.0,,28.0,118.0
2026,2021038776,2026-04-28,1600124.0,坂倉 将吾,31.0,一,6,1.0,1.0,5.0,4.0,1.0,2.0,1.0,0.0,1.0,4.0,0.0,,1.0,0.0,0.0,0.0,0.0,0.0,,,,,,,,,,,,,,,,,,,,,,
2026,2021038776,2026-04-28,1700029.0,北浦 竜次,56.0,投,1,1.0,0.0,0.0,0.0,0.0,0.0,0.0,0.0,0.0,0.0,0.0,,0.0,0.0,0.0,0.0,0.0,0.0,4.0,1.0,0.0,0.0,0.0,10.24,1.0,1.0,,,0.0,3.0,4.0,4.0,2.0,,1.0,0.0,0.0,,7.0,20.0
2026,2021038776,2026-04-28,1700043.0,岸田 行倫,27.0,捕,1,1.0,1.0,4.0,4.0,0.0,1.0,0.0,0.0,0.0,0.0,0.0,,0.0,1.0,0.0,0.0,0.0,0.0,,,,,,,,,,,,,,,,,,,,,,
2026,2021038776,2026-04-28,1700068.0,中村 奨成,96.0,左,6,1.0,0.0,0.0,0.0,0.0,0.0,0.0,0.0,0.0,0.0,0.0,,0.0,0.0,0.0,0.0,0.0,0.0,,,,,,,,,,,,,,,,,,,,,,
2026,2021038776,2026-04-28,1800024.0,増田 陸,61.0,一,1,1.0,1.0,2.0,2.0,0.0,0.0,0.0,0.0,0.0,0.0,0.0,,0.0,0.0,0.0,0.0,0.0,0.0,,,,,,,,,,,,,,,,,,,,,,
2026,2021038776,2026-04-28,1800072.0,小園 海斗,5.0,遊三,6,1.0,1.0,5.0,5.0,1.0,3.0,1.0,0.0,0.0,0.0,0.0,,0.0,1.0,0.0,0.0,0.0,0.0,,,,,,,,,,,,,,,,,,,,,,
2026,2021038776,2026-04-28,1800079.0,大盛 穂,59.0,中,6,1.0,0.0,1.0,1.0,0.0,0.0,0.0,0.0,0.0,0.0,0.0,,0.0,0.0,0.0,0.0,0.0,0.0,,,,,,,,,,,,,,,,,,,,,,
2026,2021038776,2026-04-28,1900058.0,持丸 泰輝,57.0,捕,6,1.0,1.0,5.0,4.0,2.0,3.0,0.0,0.0,0.0,1.0,0.0,,1.0,0.0,0.0,0.0,0.0,0.0,,,,,,,,,,,,,,,,,,,,,,
2026,2021038776,2026-04-28,1900073.0,鈴木 健矢,41.0,投,6,1.0,0.0,0.0,0.0,0.0,0.0,0.0,0.0,0.0,0.0,0.0,,0.0,0.0,0.0,0.0,0.0,0.0,2.0,1.0,0.0,0.0,0.0,4.05,1.0,1.0,,,0.0,0.0,0.0,0.0,0.0,,1.0,0.0,0.0,,4.0,19.0
2026,2021038776,2026-04-28,1951153.0,浦田 俊輔,32.0,二,1,1.0,1.0,4.0,4.0,0.0,0.0,0.0,0.0,0.0,0.0,0.0,,0.0,1.0,0.0,0.0,0.0,0.0,,,,,,,,,,,,,,,,,,,,,,
2026,2021038776,2026-04-28,1961927.0,モンテロ,95.0,打,6,1.0,0.0,1.0,0.0,1.0,0.0,0.0,0.0,0.0,0.0,0.0,,1.0,0.0,0.0,0.0,0.0,0.0,,,,,,,,,,,,,,,,,,,,,,
2026,2021038776,2026-04-28,2000065.0,矢野 雅哉,4.0,遊,6,1.0,0.0,1.0,1.0,1.0,1.0,0.0,0.0,1.0,3.0,0.0,,0.0,0.0,0.0,0.0,0.0,0.0,,,,,,,,,,,,,,,,,,,,,,
2026,2021038776,2026-04-28,2050203.0,佐々木 泰,10.0,三一,6,1.0,1.0,5.0,5.0,2.0,2.0,0.0,0.0,1.0,1.0,0.0,,0.0,0.0,0.0,0.0,0.0,0.0,,,,,,,,,,,,,,,,,,,,,,
2026,2021038776,2026-04-28,2103689.0,赤星 優志,31.0,投,1,1.0,0.0,0.0,0.0,0.0,0.0,0.0,0.0,0.0,0.0,0.0,,0.0,0.0,0.0,0.0,0.0,0.0,2.0,1.0,0.0,2.0,1.0,2.53,2.0,2.0,,,0.0,2.0,1.0,1.0,0.0,,1.0,3.0,0.0,,9.0,33.0
2026,2021038776,2026-04-28,2105013.0,萩尾 匡也,12.0,左,1,1.0,0.0,0.0,0.0,0.0,0.0,0.0,0.0,0.0,0.0,0.0,,0.0,0.0,0.0,0.0,0.0,0.0,,,,,,,,,,,,,,,,,,,,,,
2026,2021038776,2026-04-28,2106178.0,佐々木 俊輔,44.0,打右,1,1.0,0.0,1.0,1.0,0.0,0.0,0.0,0.0,0.0,0.0,0.0,,0.0,1.0,0.0,0.0,0.0,0.0,,,,,,,,,,,,,,,,,,,,,,
2026,2021038776,2026-04-28,2110164.0,平川 蓮,51.0,中右,6,1.0,1.0,5.0,5.0,0.0,2.0,0.0,0.0,0.0,1.0,0.0,,0.0,1.0,0.0,0.0,0.0,0.0,,,,,,,,,,,,,,,,,,,,,,
2026,2021038776,2026-04-28,2110422.0,勝田 成,0.0,二,6,1.0,0.0,0.0,0.0,0.0,0.0,0.0,0.0,0.0,0.0,0.0,,0.0,0.0,0.0,0.0,0.0,0.0,,,,,,,,,,,,,,,,,,,,,,
2026,2021038776,2026-04-28,2110991.0,小濱 佑斗,33.0,遊,1,1.0,1.0,3.0,3.0,0.0,0.0,0.0,0.0,0.0,0.0,0.0,,0.0,0.0,0.0,0.0,0.0,0.0,,,,,,,,,,,,,,,,,,,,,,
2026,2021038776,2026-04-28,2112330.0,平山 功太,69.0,右,1,1.0,1.0,3.0,2.0,0.0,0.0,0.0,0.0,0.0,0.0,0.0,,1.0,0.0,0.0,0.0,0.0,0.0,,,,,,,,,,,,,,,,,,,,,,
2026,2021038776,2026-04-28,2118291.0,田和 廉,30.0,投,1,1.0,0.0,0.0,0.0,0.0,0.0,0.0,0.0,0.0,0.0,0.0,,0.0,0.0,0.0,0.0,0.0,0.0,3.0,1.0,0.0,0.0,0.0,0.0,1.0,1.0,,,0.0,1.0,0.0,0.0,0.0,,0.0,0.0,0.0,,4.0,22.0
2026,2021038776,2026-04-28,2118420.0,キャベッジ,13.0,左,1,1.0,1.0,4.0,4.0,1.0,1.0,0.0,0.0,1.0,1.0,0.0,,0.0,1.0,0.0,0.0,0.0,0.0,,,,,,,,,,,,,,,,,,,,,,
2026,2021038777,2026-04-28,1200100.0,伏見 寅威,17.0,打,5,1.0,0.0,1.0,1.0,0.0,1.0,0.0,0.0,0.0,0.0,0.0,,0.0,0.0,0.0,0.0,0.0,0.0,,,,,,,,,,,,,,,,,,,,,,
2026,2021038777,2026-04-28,1300029.0,田口 麗斗,34.0,投,2,1.0,0.0,0.0,0.0,0.0,0.0,0.0,0.0,0.0,0.0,0.0,,0.0,0.0,0.0,0.0,0.0,0.0,5.0,1.0,0.0,1.0,0.0,1.08,1.0,1.0,,,0.0,3.0,1.0,1.0,0.0,,1.0,1.0,0.0,,7.0,29.0
2026,2021038777,2026-04-28,1400172.0,植田 海,62.0,打左,5,1.0,0.0,2.0,0.0,0.0,0.0,0.0,0.0,0.0,1.0,0.0,,2.0,0.0,0.0,0.0,0.0,0.0,,,,,,,,,,,,,,,,,,,,,,
2026,2021038777,2026-04-28,1500087.0,坂本 誠志郎,12.0,捕,5,1.0,1.0,4.0,4.0,0.0,1.0,0.0,0.0,0.0,0.0,0.0,,0.0,0.0,0.0,0.0,0.0,0.0,,,,,,,,,,,,,,,,,,,,,,
2026,2021038777,2026-04-28,1600003.0,茂木 栄五郎,8.0,走一,2,1.0,0.0,0.0,0.0,1.0,0.0,0.0,0.0,0.0,0.0,0.0,,0.0,0.0,0.0,0.0,0.0,0.0,,,,,,,,,,,,,,,,,,,,,,
2026,2021038777,2026-04-28,1600078.0,古賀 優大,2.0,捕,2,1.0,1.0,4.0,4.0,1.0,1.0,0.0,0.0,0.0,1.0,0.0,,0.0,1.0,0.0,0.0,0.0,0.0,,,,,,,,,,,,,,,,,,,,,,
2026,2021038777,2026-04-28,1600113.0,大山 悠輔,3.0,一,5,1.0,1.0,4.0,4.0,1.0,1.0,0.0,0.0,1.0,3.0,0.0,,0.0,0.0,0.0,0.0,0.0,0.0,,,,,,,,,,,,,,,,,,,,,,
2026,2021038777,2026-04-28,1600115.0,才木 浩人,35.0,投,5,1.0,1.0,0.0,0.0,0.0,0.0,0.0,0.0,0.0,0.0,0.0,,0.0,0.0,0.0,0.0,0.0,0.0,1.0,1.0,,2.0,1.0,5.0,2.0,2.0,,,0.0,6.0,6.0,5.0,0.0,,2.0,3.0,0.0,,14.0,52.0
2026,2021038777,2026-04-28,1650522.0,丸山 和郁,4.0,右,2,1.0,1.0,5.0,5.0,1.0,2.0,0.0,0.0,0.0,0.0,1.0,,0.0,1.0,0.0,0.0,0.0,0.0,,,,,,,,,,,,,,,,,,,,,,
2026,2021038777,2026-04-28,1700079.0,熊谷 敬宥,4.0,打二,5,1.0,0.0,2.0,2.0,1.0,1.0,0.0,0.0,0.0,0.0,0.0,,0.0,0.0,0.0,0.0,0.0,0.0,,,,,,,,,,,,,,,,,,,,,,
2026,2021038777,2026-04-28,1800033.0,清水 昇,17.0,投,2,1.0,0.0,0.0,0.0,0.0,0.0,0.0,0.0,0.0,0.0,0.0,,0.0,0.0,0.0,0.0,0.0,0.0,3.0,1.0,0.0,1.0,0.0,0.0,1.0,1.0,,,0.0,1.0,0.0,0.0,0.0,,0.0,1.0,0.0,,5.0,22.0
2026,2021038777,2026-04-28,1800036.0,濱田 太貴,32.0,打,5,1.0,0.0,1.0,1.0,0.0,0.0,0.0,0.0,0.0,0.0,0.0,,0.0,0.0,0.0,0.0,0.0,0.0,,,,,,,,,,,,,,,,,,,,,,
2026,2021038777,2026-04-28,1800066.0,小幡 竜平,38.0,遊,5,1.0,1.0,4.0,4.0,1.0,1.0,0.0,1.0,0.0,0.0,0.0,,0.0,1.0,0.0,0.0,0.0,0.0,,,,,,,,,,,,,,,,,,,,,,
2026,2021038777,2026-04-28,1850183.0,森下 翔太,1.0,右,5,1.0,1.0,3.0,3.0,1.0,1.0,1.0,0.0,0.0,0.0,0.0,,0.0,0.0,0.0,0.0,0.0,0.0,,,,,,,,,,,,,,,,,,,,,,
2026,2021038777,2026-04-28,1900028.0,長岡 秀樹,7.0,遊,2,1.0,1.0,5.0,5.0,1.0,1.0,1.0,0.0,0.0,2.0,0.0,,0.0,2.0,0.0,0.0,0.0,0.0,,,,,,,,,,,,,,,,,,,,,,
2026,2021038777,2026-04-28,1900029.0,武岡 龍世,60.0,三,2,1.0,1.0,4.0,4.0,2.0,3.0,0.0,0.0,1.0,2.0,0.0,,0.0,0.0,0.0,0.0,0.0,0.0,,,,,,,,,,,,,,,,,,,,,,
2026,2021038777,2026-04-28,1900050.0,小野寺 暖,60.0,打,5,1.0,0.0,1.0,1.0,0.0,0.0,0.0,0.0,0.0,0.0,0.0,,0.0,0.0,0.0,0.0,0.0,0.0,,,,,,,,,,,,,,,,,,,,,,
2026,2021038777,2026-04-28,1950996.0,前川 右京,58.0,打,5,1.0,0.0,1.0,1.0,0.0,0.0,0.0,0.0,0.0,0.0,0.0,,0.0,1.0,0.0,0.0,0.0,0.0,,,,,,,,,,,,,,,,,,,,,,
2026,2021038777,2026-04-28,2000024.0,木澤 尚文,20.0,投,2,1.0,0.0,0.0,0.0,0.0,0.0,0.0,0.0,0.0,0.0,0.0,,0.0,0.0,0.0,0.0,0.0,0.0,4.0,1.0,0.0,0.0,0.0,0.0,1.0,1.0,,,0.0,1.0,0.0,0.0,0.0,,1.0,0.0,0.0,,4.0,13.0
2026,2021038777,2026-04-28,2000026.0,内山 壮真,3.0,二,2,1.0,1.0,4.0,3.0,0.0,1.0,0.0,0.0,0.0,2.0,1.0,,1.0,1.0,0.0,0.0,0.0,1.0,,,,,,,,,,,,,,,,,,,,,,
2026,2021038777,2026-04-28,2000031.0,赤羽 由紘,0.0,一左,2,1.0,1.0,4.0,4.0,2.0,1.0,0.0,0.0,1.0,3.0,0.0,,0.0,2.0,0.0,0.0,0.0,0.0,,,,,,,,,,,,,,,,,,,,,,
2026,2021038777,2026-04-28,2000051.0,佐藤 輝明,8.0,三,5,1.0,1.0,5.0,4.0,1.0,1.0,0.0,0.0,0.0,0.0,0.0,,1.0,1.0,0.0,0.0,0.0,1.0,,,,,,,,,,,,,,,,,,,,,,
2026,2021038777,2026-04-28,2000056.0,中野 拓夢,7.0,二,5,1.0,1.0,3.0,3.0,0.0,0.0,0.0,0.0,0.0,0.0,0.0,,0.0,0.0,0.0,0.0,0.0,0.0,,,,,,,,,,,,,,,,,,,,,,
2026,2021038777,2026-04-28,2000057.0,高寺 望夢,67.0,左右,5,1.0,1.0,4.0,3.0,0.0,0.0,0.0,0.0,0.0,0.0,0.0,,1.0,1.0,0.0,0.0,0.0,0.0,,,,,,,,,,,,,,,,,,,,,,
2026,2021038777,2026-04-28,2000135.0,サンタナ,25.0,左,2,1.0,1.0,4.0,4.0,0.0,2.0,1.0,0.0,0.0,0.0,0.0,,0.0,1.0,0.0,0.0,0.0,0.0,,,,,,,,,,,,,,,,,,,,,,
2026,2021038777,2026-04-28,2103794.0,吉村 貢司郎,21.0,投,2,1.0,1.0,2.0,1.0,1.0,0.0,0.0,0.0,0.0,0.0,0.0,,1.0,0.0,0.0,0.0,0.0,0.0,1.0,1.0,,2.0,3.0,3.49,5.0,5.0,,,0.0,4.0,4.0,4.0,1.0,,2.0,2.0,0.0,,21.0,90.0
2026,2021038777,2026-04-28,2103917.0,岩田 幸宏,64.0,中,2,1.0,1.0,4.0,4.0,1.0,1.0,0.0,0.0,0.0,0.0,0.0,,0.0,1.0,0.0,0.0,0.0,0.0,,,,,,,,,,,,,,,,,,,,,,
2026,2021038777,2026-04-28,2106172.0,富田 蓮,50.0,投,5,1.0,0.0,0.0,0.0,0.0,0.0,0.0,0.0,0.0,0.0,0.0,,0.0,0.0,0.0,0.0,0.0,0.0,4.0,1.0,0.0,0.0,0.0,13.5,2.0,2.0,,,0.0,4.0,3.0,3.0,1.0,,0.0,2.0,0.0,,10.0,43.0
2026,2021038777,2026-04-28,2106233.0,石黒 佑弥,63.0,投,5,1.0,0.0,0.0,0.0,0.0,0.0,0.0,0.0,0.0,0.0,0.0,,0.0,0.0,0.0,0.0,0.0,0.0,3.0,1.0,0.0,0.0,0.0,3.86,2.0,2.0,,,0.0,2.0,1.0,1.0,1.0,,0.0,5.0,0.0,,8.0,36.0
2026,2021038777,2026-04-28,2110225.0,福島 圭音,92.0,中,5,1.0,1.0,5.0,5.0,0.0,2.0,1.0,0.0,0.0,1.0,0.0,,0.0,0.0,0.0,0.0,0.0,0.0,,,,,,,,,,,,,,,,,,,,,,
2026,2021038777,2026-04-28,2112127.0,早川 太貴,51.0,投,5,1.0,0.0,0.0,0.0,0.0,0.0,0.0,0.0,0.0,0.0,0.0,,0.0,0.0,0.0,0.0,0.0,0.0,2.0,1.0,0.0,0.0,1.0,4.7,2.0,2.0,,,0.0,0.0,0.0,0.0,0.0,,0.0,0.0,0.0,,6.0,20.0
2026,2021038777,2026-04-28,2112175.0,伊藤 琉偉,67.0,二,2,1.0,0.0,1.0,1.0,0.0,0.0,0.0,0.0,0.0,0.0,0.0,,0.0,1.0,0.0,0.0,0.0,0.0,,,,,,,,,,,,,,,,,,,,,,
2026,2021038777,2026-04-28,2113365.0,田中 陽翔,54.0,打,2,1.0,0.0,1.0,1.0,0.0,0.0,0.0,0.0,0.0,0.0,0.0,,0.0,0.0,0.0,0.0,0.0,0.0,,,,,,,,,,,,,,,,,,,,,,
2026,2021038777,2026-04-28,2117400.0,荘司 宏太,30.0,投,2,1.0,0.0,0.0,0.0,0.0,0.0,0.0,0.0,0.0,0.0,0.0,,0.0,0.0,0.0,0.0,0.0,0.0,2.0,1.0,0.0,1.0,0.0,2.35,1.0,1.0,,,0.0,0.0,0.0,0.0,0.0,,0.0,0.0,0.0,,3.0,14.0
2026,2021038778,2026-04-28,900410.0,大島 洋平,8.0,中,4,1.0,1.0,4.0,4.0,0.0,0.0,0.0,0.0,0.0,0.0,0.0,,0.0,0.0,0.0,0.0,0.0,0.0,,,,,,,,,,,,,,,,,,,,,,
2026,2021038778,2026-04-28,1200053.0,宮崎 敏郎,51.0,三,3,1.0,1.0,4.0,3.0,0.0,0.0,0.0,0.0,0.0,0.0,0.0,,0.0,0.0,1.0,0.0,0.0,0.0,,,,,,,,,,,,,,,,,,,,,,
2026,2021038778,2026-04-28,1300094.0,杉浦 稔大,33.0,投,4,1.0,0.0,0.0,0.0,0.0,0.0,0.0,0.0,0.0,0.0,0.0,,0.0,0.0,0.0,0.0,0.0,0.0,2.0,1.0,0.0,1.0,1.0,3.86,1.0,1.0,,,0.0,1.0,0.0,0.0,0.0,,1.0,0.0,0.0,,4.0,17.0
2026,2021038778,2026-04-28,1500078.0,阿部 寿樹,48.0,一,4,1.0,1.0,4.0,2.0,1.0,1.0,0.0,0.0,1.0,2.0,0.0,,2.0,1.0,0.0,0.0,0.0,0.0,,,,,,,,,,,,,,,,,,,,,,
2026,2021038778,2026-04-28,1600085.0,細川 成也,55.0,左,4,1.0,1.0,4.0,4.0,2.0,3.0,1.0,0.0,0.0,0.0,0.0,,0.0,0.0,0.0,0.0,0.0,0.0,,,,,,,,,,,,,,,,,,,,,,
2026,2021038778,2026-04-28,1600089.0,佐野 恵太,7.0,一,3,1.0,1.0,4.0,4.0,0.0,0.0,0.0,0.0,0.0,0.0,0.0,,0.0,1.0,0.0,0.0,0.0,0.0,,,,,,,,,,,,,,,,,,,,,,
2026,2021038778,2026-04-28,1600107.0,京田 陽太,9.0,打,3,1.0,0.0,1.0,0.0,0.0,0.0,0.0,0.0,0.0,0.0,0.0,,1.0,0.0,0.0,0.0,0.0,0.0,,,,,,,,,,,,,,,,,,,,,,
2026,2021038778,2026-04-28,1600167.0,三森 大貴,26.0,二,3,1.0,1.0,4.0,4.0,0.0,1.0,0.0,0.0,0.0,0.0,0.0,,0.0,1.0,0.0,0.0,0.0,0.0,,,,,,,,,,,,,,,,,,,,,,
2026,2021038778,2026-04-28,1700058.0,東 克樹,11.0,投,3,1.0,1.0,2.0,2.0,0.0,0.0,0.0,0.0,0.0,0.0,0.0,,0.0,0.0,0.0,0.0,0.0,0.0,1.0,1.0,,3.0,2.0,2.25,6.0,6.0,,,0.0,6.0,3.0,3.0,1.0,,2.0,3.0,0.0,,24.0,91.0
2026,2021038778,2026-04-28,1700059.0,神里 和毅,8.0,走,3,1.0,0.0,0.0,0.0,0.0,0.0,0.0,0.0,0.0,0.0,0.0,,0.0,0.0,0.0,0.0,0.0,0.0,,,,,,,,,,,,,,,,,,,,,,
2026,2021038778,2026-04-28,1700066.0,山本 祐大,50.0,捕,3,1.0,1.0,4.0,4.0,0.0,1.0,0.0,0.0,0.0,0.0,0.0,,0.0,1.0,0.0,0.0,0.0,0.0,,,,,,,,,,,,,,,,,,,,,,
2026,2021038778,2026-04-28,1750223.0,村松 開人,5.0,遊,4,1.0,1.0,3.0,3.0,0.0,1.0,0.0,1.0,0.0,1.0,0.0,,0.0,0.0,0.0,0.0,0.0,0.0,,,,,,,,,,,,,,,,,,,,,,
2026,2021038778,2026-04-28,1750701.0,田中 幹也,2.0,二,4,1.0,1.0,3.0,3.0,0.0,2.0,0.0,1.0,0.0,0.0,0.0,,0.0,0.0,0.0,0.0,0.0,0.0,,,,,,,,,,,,,,,,,,,,,,
2026,2021038778,2026-04-28,1800046.0,勝又 温史,28.0,左,3,1.0,1.0,4.0,4.0,0.0,1.0,0.0,0.0,0.0,0.0,0.0,,0.0,0.0,0.0,0.0,0.0,0.0,,,,,,,,,,,,,,,,,,,,,,
2026,2021038778,2026-04-28,1850873.0,度会 隆輝,4.0,打,3,1.0,0.0,1.0,0.0,0.0,0.0,0.0,0.0,0.0,0.0,0.0,,0.0,0.0,1.0,0.0,0.0,0.0,,,,,,,,,,,,,,,,,,,,,,
2026,2021038778,2026-04-28,1900032.0,伊勢 大夢,13.0,投,3,1.0,0.0,0.0,0.0,0.0,0.0,0.0,0.0,0.0,0.0,0.0,,0.0,0.0,0.0,0.0,0.0,0.0,2.0,1.0,0.0,0.0,0.0,4.91,1.0,1.0,,,0.0,1.0,0.0,0.0,0.0,,0.0,0.0,0.0,,4.0,13.0
2026,2021038778,2026-04-28,1900035.0,蝦名 達夫,61.0,中,3,1.0,1.0,3.0,2.0,0.0,1.0,0.0,0.0,0.0,0.0,0.0,,0.0,0.0,1.0,0.0,0.0,0.0,,,,,,,,,,,,,,,,,,,,,,
2026,2021038778,2026-04-28,1961300.0,ボスラー,24.0,打,4,1.0,0.0,1.0,1.0,0.0,0.0,0.0,0.0,0.0,0.0,0.0,,0.0,0.0,0.0,0.0,0.0,0.0,,,,,,,,,,,,,,,,,,,,,,
2026,2021038778,2026-04-28,2101034.0,ヒュンメル,99.0,右,3,1.0,1.0,4.0,4.0,0.0,0.0,0.0,0.0,0.0,0.0,0.0,,0.0,1.0,0.0,0.0,0.0,0.0,,,,,,,,,,,,,,,,,,,,,,
2026,2021038778,2026-04-28,2103780.0,福永 裕基,7.0,三,4,1.0,1.0,4.0,4.0,0.0,0.0,0.0,0.0,0.0,0.0,0.0,,0.0,2.0,0.0,0.0,0.0,0.0,,,,,,,,,,,,,,,,,,,,,,
2026,2021038778,2026-04-28,2103845.0,鵜飼 航丞,66.0,右,4,1.0,1.0,3.0,3.0,0.0,0.0,0.0,0.0,0.0,0.0,0.0,,0.0,2.0,0.0,0.0,0.0,0.0,,,,,,,,,,,,,,,,,,,,,,
2026,2021038778,2026-04-28,2105102.0,石伊 雄太,9.0,捕,4,1.0,1.0,4.0,4.0,0.0,2.0,0.0,0.0,0.0,0.0,0.0,,0.0,0.0,0.0,0.0,0.0,0.0,,,,,,,,,,,,,,,,,,,,,,
2026,2021038778,2026-04-28,2105891.0,マルセリーノ,98.0,投,3,1.0,0.0,0.0,0.0,0.0,0.0,0.0,0.0,0.0,0.0,0.0,,0.0,0.0,0.0,0.0,0.0,0.0,3.0,1.0,0.0,0.0,0.0,4.5,1.0,1.0,,,0.0,2.0,0.0,0.0,0.0,,0.0,2.0,0.0,,4.0,20.0
2026,2021038778,2026-04-28,2107645.0,尾田 剛樹,0.0,走左,4,1.0,0.0,0.0,0.0,0.0,0.0,0.0,0.0,0.0,0.0,1.0,,0.0,0.0,0.0,0.0,0.0,0.0,,,,,,,,,,,,,,,,,,,,,,
2026,2021038778,2026-04-28,2107869.0,松山 晋也,90.0,投,4,1.0,0.0,0.0,0.0,0.0,0.0,0.0,0.0,0.0,0.0,0.0,,0.0,0.0,0.0,0.0,0.0,0.0,3.0,1.0,0.0,0.0,1.0,5.06,1.0,1.0,,,5.0,1.0,0.0,0.0,0.0,,0.0,0.0,2.0,,6.0,25.0
2026,2021038778,2026-04-28,2108462.0,金丸 夢斗,21.0,投,4,1.0,1.0,2.0,2.0,0.0,0.0,0.0,0.0,0.0,0.0,0.0,,0.0,0.0,0.0,0.0,0.0,0.0,1.0,1.0,,2.0,2.0,2.23,7.0,7.0,,,0.0,3.0,0.0,0.0,0.0,,0.0,4.0,1.0,,24.0,98.0
2026,2021038778,2026-04-28,2115069.0,成瀬 脩人,48.0,遊,3,1.0,1.0,3.0,3.0,0.0,1.0,0.0,0.0,0.0,0.0,0.0,,0.0,0.0,0.0,0.0,0.0,0.0,,,,,,,,,,,,,,,,,,,,,,
2026,2021038779,2026-04-28,12102.0,栗山 巧,1.0,打,7,1.0,0.0,1.0,1.0,0.0,0.0,0.0,0.0,0.0,0.0,0.0,,0.0,0.0,0.0,0.0,0.0,0.0,,,,,,,,,,,,,,,,,,,,,,
2026,2021038779,2026-04-28,1500117.0,平沢 大河,39.0,三,7,1.0,1.0,4.0,2.0,0.0,0.0,0.0,0.0,0.0,0.0,0.0,,2.0,0.0,0.0,0.0,0.0,1.0,,,,,,,,,,,,,,,,,,,,,,
2026,2021038779,2026-04-28,1600129.0,源田 壮亮,6.0,遊,7,1.0,1.0,2.0,2.0,0.0,0.0,0.0,0.0,0.0,0.0,0.0,,0.0,1.0,0.0,0.0,0.0,0.0,,,,,,,,,,,,,,,,,,,,,,
2026,2021038779,2026-04-28,1600139.0,玉井 大翔,19.0,,8,,,,,,,,,,,,,,,,,,,2.0,1.0,0.0,1.0,0.0,1.42,0.3333333333333333,0.1,,,0.0,0.0,0.0,0.0,0.0,,0.0,0.0,0.0,,1.0,4.0
2026,2021038779,2026-04-28,1660299.0,林 安可,73.0,左,7,1.0,1.0,4.0,4.0,0.0,0.0,0.0,0.0,0.0,0.0,0.0,,0.0,1.0,0.0,0.0,0.0,0.0,,,,,,,,,,,,,,,,,,,,,,
2026,2021038779,2026-04-28,1700025.0,清宮 幸太郎,21.0,一,8,1.0,1.0,4.0,4.0,1.0,1.0,0.0,0.0,0.0,0.0,0.0,,0.0,1.0,0.0,0.0,0.0,0.0,,,,,,,,,,,,,,,,,,,,,,
2026,2021038779,2026-04-28,1750472.0,古賀 悠斗,22.0,捕,7,1.0,1.0,3.0,2.0,0.0,0.0,0.0,0.0,0.0,0.0,0.0,,0.0,0.0,0.0,1.0,0.0,0.0,,,,,,,,,,,,,,,,,,,,,,
2026,2021038779,2026-04-28,1800081.0,渡邉 勇太朗,12.0,,7,,,,,,,,,,,,,,,,,,,1.0,1.0,,1.0,2.0,3.63,8.0,8.0,,,0.0,4.0,1.0,1.0,0.0,,1.0,6.0,0.0,,30.0,117.0
2026,2021038779,2026-04-28,1800091.0,野村 佑希,5.0,左,8,1.0,1.0,4.0,4.0,0.0,0.0,0.0,0.0,0.0,0.0,0.0,,0.0,0.0,0.0,0.0,0.0,0.0,,,,,,,,,,,,,,,,,,,,,,
2026,2021038779,2026-04-28,1800093.0,万波 中正,66.0,右,8,1.0,1.0,4.0,3.0,0.0,0.0,0.0,0.0,0.0,0.0,0.0,,1.0,1.0,0.0,0.0,0.0,0.0,,,,,,,,,,,,,,,,,,,,,,
2026,2021038779,2026-04-28,1800095.0,田宮 裕涼,64.0,捕,8,1.0,1.0,3.0,3.0,0.0,0.0,0.0,0.0,0.0,0.0,0.0,,0.0,1.0,0.0,0.0,0.0,0.0,,,,,,,,,,,,,,,,,,,,,,
2026,2021038779,2026-04-28,1850932.0,奈良間 大己,58.0,二,8,1.0,1.0,3.0,3.0,0.0,0.0,0.0,0.0,0.0,0.0,0.0,,0.0,0.0,0.0,0.0,0.0,0.0,,,,,,,,,,,,,,,,,,,,,,
2026,2021038779,2026-04-28,1851204.0,水野 達稀,43.0,遊,8,1.0,1.0,4.0,4.0,0.0,0.0,0.0,0.0,0.0,0.0,0.0,,0.0,1.0,0.0,0.0,0.0,0.0,,,,,,,,,,,,,,,,,,,,,,
2026,2021038779,2026-04-28,1860140.0,レイエス,99.0,指,8,1.0,1.0,4.0,4.0,0.0,1.0,0.0,0.0,0.0,0.0,0.0,,0.0,2.0,0.0,0.0,0.0,0.0,,,,,,,,,,,,,,,,,,,,,,
2026,2021038779,2026-04-28,1900040.0,郡司 裕也,3.0,三,8,1.0,1.0,3.0,3.0,0.0,1.0,0.0,0.0,0.0,0.0,0.0,,0.0,1.0,0.0,0.0,0.0,0.0,,,,,,,,,,,,,,,,,,,,,,
2026,2021038779,2026-04-28,1900068.0,岸 潤一郎,68.0,中,7,1.0,1.0,4.0,3.0,0.0,0.0,0.0,0.0,0.0,0.0,0.0,,0.0,1.0,1.0,0.0,0.0,0.0,,,,,,,,,,,,,,,,,,,,,,
2026,2021038779,2026-04-28,1950417.0,渡部 聖弥,8.0,指,7,1.0,1.0,4.0,4.0,0.0,0.0,0.0,0.0,0.0,0.0,0.0,,0.0,2.0,0.0,0.0,0.0,0.0,,,,,,,,,,,,,,,,,,,,,,
2026,2021038779,2026-04-28,2000075.0,長谷川 信哉,63.0,一,7,1.0,1.0,4.0,4.0,1.0,1.0,0.0,0.0,1.0,1.0,0.0,,0.0,1.0,0.0,0.0,0.0,0.0,,,,,,,,,,,,,,,,,,,,,,
2026,2021038779,2026-04-28,2000080.0,五十幡 亮汰,50.0,走,8,1.0,0.0,0.0,0.0,0.0,0.0,0.0,0.0,0.0,0.0,0.0,,0.0,0.0,0.0,0.0,0.0,0.0,,,,,,,,,,,,,,,,,,,,,,
2026,2021038779,2026-04-28,2050143.0,大塚 瑠晏,49.0,三,8,1.0,0.0,1.0,1.0,0.0,0.0,0.0,0.0,0.0,0.0,0.0,,0.0,0.0,0.0,0.0,0.0,1.0,,,,,,,,,,,,,,,,,,,,,,
2026,2021038779,2026-04-28,2103618.0,滝澤 夏央,62.0,二遊,7,1.0,1.0,3.0,1.0,0.0,0.0,0.0,0.0,0.0,0.0,0.0,,1.0,0.0,1.0,0.0,0.0,0.0,,,,,,,,,,,,,,,,,,,,,,
2026,2021038779,2026-04-28,2103635.0,柳川 大晟,47.0,,8,,,,,,,,,,,,,,,,,,,3.0,1.0,0.0,0.0,0.0,2.0,1.0,1.0,,,6.0,0.0,0.0,0.0,0.0,,0.0,0.0,0.0,,4.0,18.0
2026,2021038779,2026-04-28,2105684.0,児玉 亮涼,0.0,二,7,1.0,0.0,0.0,0.0,0.0,0.0,0.0,0.0,0.0,0.0,0.0,,0.0,0.0,0.0,0.0,0.0,0.0,,,,,,,,,,,,,,,,,,,,,,
2026,2021038779,2026-04-28,2106284.0,矢澤 宏太,12.0,左,8,1.0,0.0,0.0,0.0,0.0,0.0,0.0,0.0,0.0,0.0,0.0,,0.0,0.0,0.0,0.0,0.0,0.0,,,,,,,,,,,,,,,,,,,,,,
2026,2021038779,2026-04-28,2108090.0,カストロ,6.0,中,8,1.0,1.0,4.0,4.0,1.0,2.0,1.0,0.0,1.0,2.0,0.0,,0.0,0.0,0.0,0.0,0.0,0.0,,,,,,,,,,,,,,,,,,,,,,
2026,2021038779,2026-04-28,2111822.0,細野 晴希,29.0,,8,,,,,,,,,,,,,,,,,,,1.0,1.0,,1.0,1.0,2.03,7.666666666666667,7.2,,,0.0,1.0,1.0,1.0,1.0,,3.0,6.0,2.0,,28.0,94.0
2026,2021038779,2026-04-28,2117028.0,カナリオ,25.0,右,7,1.0,1.0,4.0,4.0,0.0,0.0,0.0,0.0,0.0,0.0,1.0,,0.0,0.0,0.0,0.0,0.0,0.0,,,,,,,,,,,,,,,,,,,,,,
2026,2021038779,2026-04-28,2121154.0,岩城 颯空,20.0,,7,,,,,,,,,,,,,,,,,,,2.0,1.0,0.0,0.0,1.0,3.27,1.0,1.0,,,8.0,1.0,1.0,1.0,1.0,,0.0,1.0,0.0,,4.0,19.0
2026,2021038780,2026-04-28,900056.0,浅村 栄斗,3.0,一,376,1.0,1.0,4.0,3.0,1.0,1.0,0.0,0.0,0.0,0.0,1.0,,1.0,1.0,0.0,0.0,0.0,0.0,,,,,,,,,,,,,,,,,,,,,,
2026,2021038780,2026-04-28,1460080.0,ポランコ,22.0,指,9,1.0,1.0,3.0,3.0,0.0,1.0,0.0,0.0,0.0,0.0,0.0,,0.0,1.0,0.0,0.0,0.0,0.0,,,,,,,,,,,,,,,,,,,,,,
2026,2021038780,2026-04-28,1600007.0,村林 一輝,6.0,遊,376,1.0,1.0,4.0,3.0,0.0,0.0,0.0,0.0,0.0,0.0,0.0,,0.0,3.0,1.0,0.0,0.0,0.0,,,,,,,,,,,,,,,,,,,,,,
2026,2021038780,2026-04-28,1600012.0,宋 家豪,43.0,,376,,,,,,,,,,,,,,,,,,,2.0,1.0,0.0,2.0,0.0,1.08,1.0,1.0,,,0.0,1.0,0.0,0.0,0.0,,0.0,0.0,0.0,,3.0,14.0
2026,2021038780,2026-04-28,1700020.0,ソト,99.0,一,9,1.0,1.0,3.0,3.0,0.0,0.0,0.0,0.0,0.0,0.0,0.0,,0.0,2.0,0.0,0.0,0.0,0.0,,,,,,,,,,,,,,,,,,,,,,
2026,2021038780,2026-04-28,1700098.0,和田 康士朗,63.0,走指,9,1.0,0.0,0.0,0.0,0.0,0.0,0.0,0.0,0.0,0.0,0.0,,0.0,0.0,0.0,0.0,0.0,0.0,,,,,,,,,,,,,,,,,,,,,,
2026,2021038780,2026-04-28,1760551.0,ボイト,9.0,指,376,1.0,1.0,3.0,3.0,0.0,0.0,0.0,0.0,0.0,0.0,0.0,,0.0,3.0,0.0,0.0,0.0,0.0,,,,,,,,,,,,,,,,,,,,,,
2026,2021038780,2026-04-28,1800044.0,伊藤 裕季也,39.0,打左,376,1.0,0.0,2.0,2.0,0.0,0.0,0.0,0.0,0.0,0.0,0.0,,0.0,0.0,0.0,0.0,0.0,0.0,,,,,,,,,,,,,,,,,,,,,,
2026,2021038780,2026-04-28,1800050.0,藤原 恭大,1.0,中,9,1.0,1.0,4.0,3.0,0.0,0.0,0.0,0.0,0.0,0.0,0.0,,1.0,2.0,0.0,0.0,0.0,0.0,,,,,,,,,,,,,,,,,,,,,,
2026,2021038780,2026-04-28,1800117.0,辰己 涼介,8.0,中,376,1.0,1.0,4.0,4.0,0.0,1.0,0.0,0.0,0.0,0.0,0.0,,0.0,0.0,0.0,0.0,0.0,0.0,,,,,,,,,,,,,,,,,,,,,,
2026,2021038780,2026-04-28,1800118.0,太田 光,2.0,捕,376,1.0,1.0,4.0,3.0,0.0,1.0,0.0,0.0,0.0,0.0,0.0,,1.0,1.0,0.0,0.0,0.0,0.0,,,,,,,,,,,,,,,,,,,,,,
2026,2021038780,2026-04-28,1800122.0,渡邊 佳明,35.0,打,376,1.0,0.0,1.0,1.0,0.0,1.0,1.0,0.0,0.0,1.0,0.0,,0.0,0.0,0.0,0.0,0.0,0.0,,,,,,,,,,,,,,,,,,,,,,
2026,2021038780,2026-04-28,1800123.0,小郷 裕哉,51.0,右,376,1.0,1.0,2.0,2.0,0.0,0.0,0.0,0.0,0.0,0.0,0.0,,0.0,2.0,0.0,0.0,0.0,0.0,,,,,,,,,,,,,,,,,,,,,,
2026,2021038780,2026-04-28,1900045.0,井上 広大,39.0,打指,9,1.0,0.0,1.0,1.0,0.0,0.0,0.0,0.0,0.0,0.0,0.0,,0.0,0.0,0.0,0.0,0.0,0.0,,,,,,,,,,,,,,,,,,,,,,
2026,2021038780,2026-04-28,1900081.0,佐藤 都志也,32.0,捕,9,1.0,1.0,3.0,3.0,0.0,1.0,0.0,0.0,0.0,1.0,0.0,,0.0,0.0,0.0,0.0,0.0,0.0,,,,,,,,,,,,,,,,,,,,,,
2026,2021038780,2026-04-28,1900083.0,横山 陸人,15.0,,9,,,,,,,,,,,,,,,,,,,3.0,1.0,0.0,0.0,0.0,0.79,1.0,1.0,,,7.0,2.0,1.0,1.0,0.0,,0.0,1.0,0.0,,5.0,25.0
2026,2021038780,2026-04-28,1900112.0,小深田 大翔,0.0,二,376,1.0,1.0,2.0,2.0,0.0,0.0,0.0,0.0,0.0,0.0,0.0,,0.0,2.0,0.0,0.0,0.0,0.0,,,,,,,,,,,,,,,,,,,,,,
2026,2021038780,2026-04-28,1900113.0,黒川 史陽,24.0,三,376,1.0,1.0,4.0,4.0,0.0,0.0,0.0,0.0,0.0,0.0,0.0,,0.0,1.0,0.0,0.0,0.0,0.0,,,,,,,,,,,,,,,,,,,,,,
2026,2021038780,2026-04-28,1950286.0,西川 史礁,6.0,左,9,1.0,1.0,4.0,4.0,0.0,2.0,0.0,0.0,0.0,0.0,0.0,,0.0,1.0,0.0,0.0,0.0,0.0,,,,,,,,,,,,,,,,,,,,,,
2026,2021038780,2026-04-28,2000087.0,鈴木 昭汰,47.0,,9,,,,,,,,,,,,,,,,,,,2.0,1.0,0.0,1.0,0.0,2.79,1.0,1.0,,,1.0,1.0,0.0,0.0,0.0,,0.0,0.0,0.0,,3.0,9.0
2026,2021038780,2026-04-28,2000089.0,小川 龍成,57.0,二,9,1.0,1.0,3.0,3.0,0.0,1.0,0.0,0.0,0.0,0.0,0.0,,0.0,1.0,0.0,0.0,0.0,0.0,,,,,,,,,,,,,,,,,,,,,,
2026,2021038780,2026-04-28,2000094.0,山本 大斗,61.0,右,9,1.0,1.0,4.0,3.0,1.0,0.0,0.0,0.0,0.0,0.0,0.0,,0.0,1.0,1.0,0.0,0.0,0.0,,,,,,,,,,,,,,,,,,,,,,
2026,2021038780,2026-04-28,2102926.0,寺地 隆成,65.0,三,9,1.0,1.0,4.0,3.0,1.0,1.0,0.0,0.0,1.0,1.0,0.0,,1.0,1.0,0.0,0.0,0.0,0.0,,,,,,,,,,,,,,,,,,,,,,
2026,2021038780,2026-04-28,2103693.0,池田 来翔,0.0,一,9,1.0,0.0,1.0,1.0,0.0,1.0,0.0,0.0,0.0,0.0,0.0,,0.0,0.0,0.0,0.0,0.0,0.0,,,,,,,,,,,,,,,,,,,,,,
2026,2021038780,2026-04-28,2103904.0,ジャクソン,42.0,,9,,,,,,,,,,,,,,,,,,,1.0,1.0,,2.0,2.0,3.9,7.0,7.0,,,0.0,1.0,0.0,0.0,0.0,,4.0,12.0,1.0,,26.0,116.0
2026,2021038780,2026-04-28,2105140.0,渡辺 翔太,31.0,,376,,,,,,,,,,,,,,,,,,,3.0,1.0,0.0,0.0,0.0,0.0,1.0,1.0,,,0.0,1.0,0.0,0.0,0.0,,1.0,0.0,0.0,,4.0,13.0
2026,2021038780,2026-04-28,2105283.0,平良 竜哉,48.0,打二,376,1.0,0.0,1.0,1.0,0.0,0.0,0.0,0.0,0.0,0.0,0.0,,0.0,0.0,0.0,0.0,0.0,0.0,,,,,,,,,,,,,,,,,,,,,,
2026,2021038780,2026-04-28,2106793.0,荘司 康誠,19.0,,376,,,,,,,,,,,,,,,,,,,1.0,1.0,,3.0,2.0,3.0,6.0,6.0,,,0.0,7.0,3.0,3.0,1.0,,1.0,9.0,1.0,,26.0,106.0
2026,2021038780,2026-04-28,2106798.0,友杉 篤輝,4.0,遊,9,1.0,1.0,3.0,2.0,1.0,2.0,0.0,0.0,0.0,1.0,1.0,,0.0,0.0,0.0,1.0,0.0,0.0,,,,,,,,,,,,,,,,,,,,,,
2026,2021038780,2026-04-28,2122300.0,マッカスカー,34.0,左右,376,1.0,1.0,3.0,1.0,0.0,0.0,0.0,0.0,0.0,0.0,0.0,,2.0,0.0,0.0,0.0,0.0,0.0,,,,,,,,,,,,,,,,,,,,,,
2026,2021038781,2026-04-28,800081.0,中村 晃,7.0,打,12,1.0,0.0,1.0,1.0,0.0,1.0,0.0,0.0,0.0,1.0,0.0,,0.0,0.0,0.0,0.0,0.0,0.0,,,,,,,,,,,,,,,,,,,,,,
2026,2021038781,2026-04-28,1000011.0,山田 修義,57.0,,11,,,,,,,,,,,,,,,,,,,4.0,1.0,0.0,0.0,0.0,0.0,0.3333333333333333,0.1,,,0.0,0.0,0.0,0.0,0.0,,0.0,1.0,0.0,,1.0,3.0
2026,2021038781,2026-04-28,1000035.0,今宮 健太,6.0,遊,12,1.0,1.0,3.0,3.0,0.0,1.0,0.0,0.0,0.0,0.0,0.0,,0.0,2.0,0.0,0.0,0.0,0.0,,,,,,,,,,,,,,,,,,,,,,
2026,2021038781,2026-04-28,1000128.0,柳田 悠岐,9.0,指,12,1.0,1.0,5.0,5.0,1.0,1.0,0.0,0.0,0.0,0.0,0.0,,0.0,1.0,0.0,0.0,0.0,0.0,,,,,,,,,,,,,,,,,,,,,,
2026,2021038781,2026-04-28,1000175.0,牧原 大成,8.0,二,12,1.0,1.0,4.0,4.0,0.0,2.0,0.0,0.0,0.0,1.0,0.0,,0.0,0.0,0.0,0.0,0.0,0.0,,,,,,,,,,,,,,,,,,,,,,
2026,2021038781,2026-04-28,1100097.0,近藤 健介,3.0,左,12,1.0,1.0,5.0,4.0,1.0,0.0,0.0,0.0,0.0,0.0,0.0,,1.0,1.0,0.0,0.0,0.0,0.0,,,,,,,,,,,,,,,,,,,,,,
2026,2021038781,2026-04-28,1300100.0,森 友哉,4.0,捕,11,1.0,1.0,4.0,4.0,0.0,1.0,0.0,0.0,0.0,0.0,0.0,,0.0,3.0,0.0,0.0,0.0,0.0,,,,,,,,,,,,,,,,,,,,,,
2026,2021038781,2026-04-28,1300101.0,山川 穂高,5.0,一,12,1.0,1.0,5.0,5.0,0.0,0.0,0.0,0.0,0.0,1.0,0.0,,0.0,2.0,0.0,0.0,0.0,0.0,,,,,,,,,,,,,,,,,,,,,,
2026,2021038781,2026-04-28,1400127.0,栗原 陵矢,24.0,三,12,1.0,1.0,5.0,3.0,1.0,1.0,0.0,0.0,1.0,3.0,0.0,,1.0,1.0,0.0,1.0,0.0,0.0,,,,,,,,,,,,,,,,,,,,,,
2026,2021038781,2026-04-28,1400196.0,宗 佑磨,6.0,三,11,1.0,1.0,4.0,3.0,0.0,2.0,0.0,0.0,0.0,0.0,0.0,,0.0,0.0,1.0,0.0,0.0,0.0,,,,,,,,,,,,,,,,,,,,,,
2026,2021038781,2026-04-28,1500096.0,西川 龍馬,7.0,左,11,1.0,1.0,4.0,4.0,0.0,0.0,0.0,0.0,0.0,0.0,0.0,,0.0,2.0,0.0,0.0,0.0,0.0,,,,,,,,,,,,,,,,,,,,,,
2026,2021038781,2026-04-28,1600155.0,山崎 颯一郎,21.0,,11,,,,,,,,,,,,,,,,,,,2.0,1.0,0.0,1.0,1.0,3.09,1.0,1.0,,,0.0,2.0,1.0,1.0,0.0,,0.0,2.0,1.0,,6.0,21.0
2026,2021038781,2026-04-28,1650221.0,椋木 蓮,15.0,,11,,,,,,,,,,,,,,,,,,,3.0,1.0,0.0,1.0,1.0,2.53,0.6666666666666666,0.2,,,1.0,3.0,3.0,3.0,0.0,,1.0,0.0,0.0,,6.0,16.0
2026,2021038781,2026-04-28,1650813.0,川村 友斗,61.0,左,12,1.0,0.0,0.0,0.0,0.0,0.0,0.0,0.0,0.0,0.0,0.0,,0.0,0.0,0.0,0.0,0.0,0.0,,,,,,,,,,,,,,,,,,,,,,
2026,2021038781,2026-04-28,1700135.0,周東 佑京,23.0,中,12,1.0,1.0,5.0,5.0,2.0,3.0,1.0,0.0,0.0,0.0,0.0,,0.0,0.0,0.0,0.0,0.0,0.0,,,,,,,,,,,,,,,,,,,,,,
2026,2021038781,2026-04-28,1751068.0,野口 智哉,9.0,二,11,1.0,1.0,3.0,3.0,0.0,0.0,0.0,0.0,0.0,0.0,0.0,,0.0,1.0,0.0,0.0,0.0,0.0,,,,,,,,,,,,,,,,,,,,,,
2026,2021038781,2026-04-28,1800043.0,上茶谷 大河,64.0,,12,,,,,,,,,,,,,,,,,,,2.0,1.0,0.0,2.0,0.0,1.74,1.0,1.0,,,0.0,0.0,0.0,0.0,0.0,,0.0,0.0,0.0,,3.0,6.0
2026,2021038781,2026-04-28,1800098.0,太田 椋,1.0,一,11,1.0,1.0,4.0,2.0,1.0,0.0,0.0,0.0,0.0,0.0,0.0,,2.0,0.0,0.0,0.0,0.0,0.0,,,,,,,,,,,,,,,,,,,,,,
2026,2021038781,2026-04-28,1800104.0,中川 圭太,67.0,右,11,1.0,1.0,4.0,4.0,0.0,1.0,0.0,0.0,0.0,1.0,0.0,,0.0,1.0,0.0,0.0,0.0,0.0,,,,,,,,,,,,,,,,,,,,,,
2026,2021038781,2026-04-28,1851115.0,木村 光,68.0,,12,,,,,,,,,,,,,,,,,,,4.0,1.0,0.0,0.0,0.0,0.87,0.6666666666666666,0.2,,,0.0,0.0,0.0,0.0,0.0,,0.0,0.0,0.0,,1.0,3.0
2026,2021038781,2026-04-28,1900088.0,紅林 弘太郎,24.0,遊,11,1.0,1.0,3.0,2.0,0.0,0.0,0.0,0.0,0.0,0.0,0.0,,1.0,0.0,0.0,0.0,0.0,0.0,,,,,,,,,,,,,,,,,,,,,,
2026,2021038781,2026-04-28,1900101.0,海野 隆司,62.0,捕,12,1.0,1.0,4.0,3.0,0.0,0.0,0.0,0.0,0.0,0.0,0.0,,0.0,0.0,1.0,0.0,0.0,0.0,,,,,,,,,,,,,,,,,,,,,,
2026,2021038781,2026-04-28,1900102.0,津森 宥紀,11.0,,12,,,,,,,,,,,,,,,,,,,5.0,1.0,0.0,0.0,0.0,0.0,1.0,1.0,,,0.0,1.0,0.0,0.0,0.0,,0.0,0.0,0.0,,3.0,9.0
2026,2021038781,2026-04-28,1950149.0,庄子 雄大,25.0,走遊,12,1.0,0.0,0.0,0.0,1.0,0.0,0.0,0.0,0.0,0.0,1.0,,0.0,0.0,0.0,0.0,0.0,0.0,,,,,,,,,,,,,,,,,,,,,,
2026,2021038781,2026-04-28,1961052.0,ヘルナンデス,63.0,,12,,,,,,,,,,,,,,,,,,,3.0,1.0,0.0,0.0,0.0,2.25,0.3333333333333333,0.1,,,0.0,2.0,0.0,0.0,0.0,,1.0,1.0,0.0,,4.0,21.0
2026,2021038781,2026-04-28,2000109.0,笹川 吉康,44.0,右,12,1.0,1.0,4.0,4.0,0.0,2.0,1.0,0.0,0.0,1.0,0.0,,0.0,1.0,0.0,0.0,0.0,0.0,,,,,,,,,,,,,,,,,,,,,,
2026,2021038781,2026-04-28,2050019.0,片山 楽生,49.0,,11,,,,,,,,,,,,,,,,,,,6.0,1.0,0.0,0.0,0.0,5.4,0.6666666666666666,0.2,,,0.0,1.0,0.0,0.0,0.0,,0.0,0.0,0.0,,3.0,12.0
2026,2021038781,2026-04-28,2103713.0,権田 琉成,98.0,,11,,,,,,,,,,,,,,,,,,,5.0,1.0,0.0,0.0,0.0,16.2,0.3333333333333333,0.1,,,0.0,3.0,3.0,3.0,1.0,,0.0,0.0,0.0,,4.0,30.0
2026,2021038781,2026-04-28,2103747.0,渡部 遼人,0.0,中,11,1.0,1.0,4.0,2.0,0.0,1.0,0.0,0.0,0.0,0.0,0.0,,1.0,1.0,0.0,1.0,0.0,0.0,,,,,,,,,,,,,,,,,,,,,,
2026,2021038781,2026-04-28,2104035.0,野村 勇,99.0,走遊,12,1.0,0.0,1.0,1.0,1.0,1.0,0.0,0.0,0.0,0.0,0.0,,0.0,0.0,0.0,0.0,0.0,0.0,,,,,,,,,,,,,,,,,,,,,,
2026,2021038781,2026-04-28,2107909.0,松本 晴,49.0,,12,,,,,,,,,,,,,,,,,,,1.0,1.0,,2.0,1.0,3.3,6.0,6.0,,,0.0,2.0,1.0,1.0,0.0,,3.0,8.0,1.0,,23.0,101.0
2026,2021038781,2026-04-28,2108148.0,ジェリー,69.0,,11,,,,,,,,,,,,,,,,,,,1.0,1.0,,0.0,1.0,1.5,6.0,6.0,,,0.0,3.0,0.0,0.0,0.0,,1.0,5.0,0.0,,22.0,85.0
2026,2021038781,2026-04-28,2117200.0,シーモア,45.0,指,11,1.0,1.0,4.0,4.0,0.0,0.0,0.0,0.0,0.0,0.0,0.0,,0.0,1.0,0.0,0.0,0.0,0.0,,,,,,,,,,,,,,,,,,,,,,
2026,2021038782,2026-04-29,1000150.0,秋山 翔吾,9.0,左,6,1.0,1.0,4.0,4.0,0.0,1.0,0.0,0.0,0.0,0.0,0.0,,0.0,2.0,0.0,0.0,0.0,0.0,,,,,,,,,,,,,,,,,,,,,,
2026,2021038782,2026-04-29,1100082.0,菊池 涼介,33.0,二,6,1.0,1.0,4.0,3.0,0.0,1.0,0.0,0.0,0.0,0.0,0.0,,1.0,1.0,0.0,0.0,0.0,0.0,,,,,,,,,,,,,,,,,,,,,,
2026,2021038782,2026-04-29,1100095.0,松本 剛,9.0,中,1,1.0,0.0,1.0,1.0,0.0,0.0,0.0,0.0,0.0,0.0,0.0,,0.0,1.0,0.0,0.0,0.0,0.0,,,,,,,,,,,,,,,,,,,,,,
2026,2021038782,2026-04-29,1400173.0,野間 峻祥,37.0,右,6,1.0,1.0,4.0,4.0,0.0,0.0,0.0,0.0,0.0,0.0,1.0,,0.0,0.0,0.0,0.0,0.0,0.0,,,,,,,,,,,,,,,,,,,,,,
2026,2021038782,2026-04-29,1400175.0,塹江 敦哉,36.0,投,6,1.0,0.0,0.0,0.0,0.0,0.0,0.0,0.0,0.0,0.0,0.0,,0.0,0.0,0.0,0.0,0.0,0.0,3.0,1.0,0.0,0.0,0.0,0.0,1.3333333333333333,1.1,,,0.0,0.0,0.0,0.0,0.0,,2.0,3.0,1.0,,7.0,28.0
2026,2021038782,2026-04-29,1500052.0,中川 皓太,41.0,投,1,1.0,0.0,0.0,0.0,0.0,0.0,0.0,0.0,0.0,0.0,0.0,,0.0,0.0,0.0,0.0,0.0,0.0,2.0,1.0,0.0,1.0,0.0,1.29,0.6666666666666666,0.2,,,0.0,0.0,0.0,0.0,0.0,,1.0,1.0,0.0,,3.0,13.0
2026,2021038782,2026-04-29,1561820.0,ダルベック,29.0,三一,1,1.0,1.0,4.0,3.0,1.0,1.0,0.0,0.0,0.0,0.0,0.0,,1.0,1.0,0.0,0.0,0.0,0.0,,,,,,,,,,,,,,,,,,,,,,
2026,2021038782,2026-04-29,1600059.0,吉川 尚輝,2.0,二,1,1.0,1.0,4.0,4.0,0.0,1.0,0.0,0.0,0.0,0.0,1.0,,0.0,1.0,0.0,0.0,0.0,0.0,,,,,,,,,,,,,,,,,,,,,,
2026,2021038782,2026-04-29,1600124.0,坂倉 将吾,31.0,一,6,1.0,1.0,4.0,4.0,0.0,2.0,1.0,0.0,0.0,0.0,0.0,,0.0,1.0,0.0,0.0,0.0,0.0,,,,,,,,,,,,,,,,,,,,,,
2026,2021038782,2026-04-29,1700010.0,マルティネス,92.0,投,1,1.0,0.0,0.0,0.0,0.0,0.0,0.0,0.0,0.0,0.0,0.0,,0.0,0.0,0.0,0.0,0.0,0.0,5.0,1.0,0.0,0.0,1.0,3.24,1.0,1.0,,,8.0,0.0,0.0,0.0,0.0,,0.0,1.0,0.0,,3.0,19.0
2026,2021038782,2026-04-29,1700027.0,田中 瑛斗,45.0,投,1,1.0,0.0,0.0,0.0,0.0,0.0,0.0,0.0,0.0,0.0,0.0,,0.0,0.0,0.0,0.0,0.0,0.0,3.0,1.0,0.0,1.0,0.0,0.9,0.3333333333333333,0.1,,,1.0,0.0,0.0,0.0,0.0,,0.0,0.0,0.0,,1.0,5.0
2026,2021038782,2026-04-29,1700043.0,岸田 行倫,27.0,捕,1,1.0,1.0,4.0,4.0,1.0,2.0,0.0,0.0,0.0,0.0,0.0,,0.0,1.0,0.0,0.0,0.0,0.0,,,,,,,,,,,,,,,,,,,,,,
2026,2021038782,2026-04-29,1700068.0,中村 奨成,96.0,中,6,1.0,0.0,1.0,1.0,0.0,0.0,0.0,0.0,0.0,0.0,0.0,,0.0,0.0,0.0,0.0,0.0,0.0,,,,,,,,,,,,,,,,,,,,,,
2026,2021038782,2026-04-29,1700072.0,遠藤 淳志,66.0,投,6,1.0,0.0,0.0,0.0,0.0,0.0,0.0,0.0,0.0,0.0,0.0,,0.0,0.0,0.0,0.0,0.0,0.0,2.0,1.0,0.0,0.0,0.0,0.0,1.6666666666666663,1.2,,,0.0,2.0,0.0,0.0,0.0,,0.0,3.0,0.0,,7.0,38.0
2026,2021038782,2026-04-29,1800024.0,増田 陸,61.0,一,1,1.0,1.0,4.0,3.0,0.0,1.0,0.0,0.0,0.0,0.0,0.0,,1.0,0.0,0.0,0.0,0.0,0.0,,,,,,,,,,,,,,,,,,,,,,
2026,2021038782,2026-04-29,1800072.0,小園 海斗,5.0,遊,6,1.0,1.0,4.0,4.0,0.0,0.0,0.0,0.0,0.0,0.0,0.0,,0.0,1.0,0.0,0.0,0.0,0.0,,,,,,,,,,,,,,,,,,,,,,
2026,2021038782,2026-04-29,1900052.0,森下 暢仁,18.0,投,6,1.0,1.0,1.0,1.0,0.0,0.0,0.0,0.0,0.0,0.0,0.0,,0.0,0.0,0.0,0.0,0.0,0.0,1.0,1.0,,2.0,3.0,4.62,4.0,4.0,,,0.0,6.0,4.0,4.0,0.0,,0.0,3.0,0.0,,18.0,67.0
2026,2021038782,2026-04-29,1900058.0,持丸 泰輝,57.0,捕,6,1.0,1.0,4.0,3.0,1.0,1.0,1.0,0.0,0.0,1.0,0.0,,1.0,0.0,0.0,0.0,0.0,0.0,,,,,,,,,,,,,,,,,,,,,,
2026,2021038782,2026-04-29,1950955.0,前川 誠太,93.0,打,6,1.0,0.0,1.0,1.0,0.0,0.0,0.0,0.0,0.0,0.0,0.0,,0.0,1.0,0.0,0.0,0.0,0.0,,,,,,,,,,,,,,,,,,,,,,
2026,2021038782,2026-04-29,1951153.0,浦田 俊輔,32.0,遊,1,1.0,1.0,4.0,3.0,1.0,1.0,0.0,0.0,0.0,1.0,0.0,,0.0,1.0,1.0,0.0,0.0,0.0,,,,,,,,,,,,,,,,,,,,,,
2026,2021038782,2026-04-29,1960444.0,ルシアーノ,48.0,投,1,1.0,0.0,0.0,0.0,0.0,0.0,0.0,0.0,0.0,0.0,0.0,,0.0,0.0,0.0,0.0,0.0,0.0,4.0,1.0,0.0,0.0,0.0,0.0,1.0,1.0,,,0.0,0.0,0.0,0.0,0.0,,0.0,1.0,0.0,,3.0,13.0
2026,2021038782,2026-04-29,1961927.0,モンテロ,95.0,打,6,1.0,0.0,1.0,1.0,0.0,1.0,0.0,0.0,0.0,1.0,0.0,,0.0,0.0,0.0,0.0,0.0,0.0,,,,,,,,,,,,,,,,,,,,,,
2026,2021038782,2026-04-29,2050203.0,佐々木 泰,10.0,三,6,1.0,1.0,4.0,4.0,0.0,0.0,0.0,0.0,0.0,0.0,0.0,,0.0,0.0,0.0,0.0,0.0,0.0,,,,,,,,,,,,,,,,,,,,,,
2026,2021038782,2026-04-29,2102672.0,皆川 岳飛,39.0,打,1,1.0,0.0,1.0,0.0,0.0,0.0,0.0,0.0,0.0,0.0,0.0,,1.0,0.0,0.0,0.0,0.0,0.0,,,,,,,,,,,,,,,,,,,,,,
2026,2021038782,2026-04-29,2106178.0,佐々木 俊輔,44.0,中左,1,1.0,1.0,4.0,4.0,0.0,0.0,0.0,0.0,0.0,0.0,0.0,,0.0,1.0,0.0,0.0,0.0,0.0,,,,,,,,,,,,,,,,,,,,,,
2026,2021038782,2026-04-29,2107874.0,門脇 誠,5.0,走三,1,1.0,0.0,0.0,0.0,0.0,0.0,0.0,0.0,0.0,0.0,0.0,,0.0,0.0,0.0,0.0,0.0,0.0,,,,,,,,,,,,,,,,,,,,,,
2026,2021038782,2026-04-29,2110164.0,平川 蓮,51.0,中,6,1.0,1.0,3.0,2.0,1.0,0.0,0.0,0.0,0.0,0.0,0.0,,1.0,0.0,0.0,0.0,0.0,0.0,,,,,,,,,,,,,,,,,,,,,,
2026,2021038782,2026-04-29,2110267.0,常廣 羽也斗,17.0,投,6,1.0,0.0,0.0,0.0,0.0,0.0,0.0,0.0,0.0,0.0,0.0,,0.0,0.0,0.0,0.0,0.0,0.0,4.0,1.0,0.0,0.0,0.0,0.0,1.0,1.0,,,0.0,0.0,0.0,0.0,0.0,,1.0,2.0,0.0,,4.0,27.0
2026,2021038782,2026-04-29,2112330.0,平山 功太,69.0,右,1,1.0,1.0,4.0,4.0,1.0,1.0,0.0,0.0,0.0,1.0,0.0,,0.0,1.0,0.0,0.0,0.0,0.0,,,,,,,,,,,,,,,,,,,,,,
2026,2021038782,2026-04-29,2118420.0,キャベッジ,13.0,左,1,1.0,1.0,4.0,4.0,0.0,1.0,0.0,0.0,0.0,1.0,0.0,,0.0,3.0,0.0,0.0,0.0,0.0,,,,,,,,,,,,,,,,,,,,,,
2026,2021038782,2026-04-29,2118993.0,竹丸 和幸,21.0,投,1,1.0,1.0,2.0,1.0,0.0,0.0,0.0,0.0,0.0,1.0,0.0,,0.0,1.0,0.0,1.0,0.0,0.0,1.0,1.0,,4.0,1.0,1.95,6.0,6.0,,,0.0,6.0,2.0,2.0,0.0,,2.0,3.0,0.0,,25.0,94.0
2026,2021038783,2026-04-29,1200100.0,伏見 寅威,17.0,捕,5,1.0,1.0,4.0,4.0,0.0,0.0,0.0,0.0,0.0,0.0,0.0,,0.0,2.0,0.0,0.0,0.0,0.0,,,,,,,,,,,,,,,,,,,,,,
2026,2021038783,2026-04-29,1400172.0,植田 海,62.0,走左,5,1.0,0.0,0.0,0.0,0.0,0.0,0.0,0.0,0.0,0.0,0.0,,0.0,0.0,0.0,0.0,0.0,0.0,,,,,,,,,,,,,,,,,,,,,,
2026,2021038783,2026-04-29,1600003.0,茂木 栄五郎,8.0,一,2,1.0,1.0,3.0,3.0,0.0,0.0,0.0,0.0,0.0,0.0,0.0,,0.0,0.0,0.0,0.0,0.0,0.0,,,,,,,,,,,,,,,,,,,,,,
2026,2021038783,2026-04-29,1600075.0,星 知弥,24.0,投,2,1.0,0.0,0.0,0.0,0.0,0.0,0.0,0.0,0.0,0.0,0.0,,0.0,0.0,0.0,0.0,0.0,0.0,5.0,1.0,0.0,0.0,1.0,3.48,1.0,1.0,,,1.0,2.0,0.0,0.0,0.0,,0.0,1.0,0.0,,5.0,16.0
2026,2021038783,2026-04-29,1600113.0,大山 悠輔,3.0,一,5,1.0,1.0,4.0,3.0,0.0,1.0,0.0,0.0,0.0,0.0,0.0,,1.0,1.0,0.0,0.0,0.0,0.0,,,,,,,,,,,,,,,,,,,,,,
2026,2021038783,2026-04-29,1600121.0,拓也,41.0,投,2,1.0,0.0,0.0,0.0,0.0,0.0,0.0,0.0,0.0,0.0,0.0,,0.0,0.0,0.0,0.0,0.0,0.0,2.0,1.0,0.0,0.0,0.0,0.0,0.3333333333333333,0.1,,,0.0,0.0,0.0,0.0,0.0,,0.0,1.0,0.0,,1.0,4.0
2026,2021038783,2026-04-29,1700078.0,高橋 遥人,29.0,投,5,1.0,1.0,4.0,4.0,0.0,1.0,0.0,0.0,0.0,0.0,0.0,,0.0,2.0,0.0,0.0,0.0,0.0,1.0,1.0,,3.0,0.0,0.27,9.0,9.0,,,0.0,3.0,0.0,0.0,0.0,,0.0,7.0,0.0,,28.0,110.0
2026,2021038783,2026-04-29,1700079.0,熊谷 敬宥,4.0,二,5,1.0,1.0,4.0,4.0,0.0,1.0,0.0,0.0,0.0,0.0,0.0,,0.0,2.0,0.0,0.0,0.0,0.0,,,,,,,,,,,,,,,,,,,,,,
2026,2021038783,2026-04-29,1700131.0,増田 珠,63.0,右,2,1.0,1.0,4.0,4.0,0.0,1.0,0.0,0.0,0.0,0.0,0.0,,0.0,0.0,0.0,0.0,0.0,0.0,,,,,,,,,,,,,,,,,,,,,,
2026,2021038783,2026-04-29,1800066.0,小幡 竜平,38.0,遊,5,1.0,1.0,4.0,4.0,0.0,1.0,0.0,0.0,0.0,1.0,0.0,,0.0,3.0,0.0,0.0,0.0,0.0,,,,,,,,,,,,,,,,,,,,,,
2026,2021038783,2026-04-29,1850183.0,森下 翔太,1.0,右,5,1.0,1.0,4.0,4.0,0.0,2.0,0.0,0.0,0.0,0.0,0.0,,0.0,1.0,0.0,0.0,0.0,0.0,,,,,,,,,,,,,,,,,,,,,,
2026,2021038783,2026-04-29,1900029.0,武岡 龍世,60.0,二,2,1.0,0.0,1.0,1.0,0.0,1.0,0.0,0.0,0.0,0.0,0.0,,0.0,0.0,0.0,0.0,0.0,0.0,,,,,,,,,,,,,,,,,,,,,,
2026,2021038783,2026-04-29,1900050.0,小野寺 暖,60.0,左右,5,1.0,0.0,0.0,0.0,0.0,0.0,0.0,0.0,0.0,0.0,0.0,,0.0,0.0,0.0,0.0,0.0,0.0,,,,,,,,,,,,,,,,,,,,,,
2026,2021038783,2026-04-29,2000025.0,山野 太一,26.0,投,2,1.0,1.0,1.0,1.0,0.0,0.0,0.0,0.0,0.0,0.0,0.0,,0.0,1.0,0.0,0.0,0.0,0.0,1.0,1.0,,4.0,1.0,2.56,5.666666666666667,5.2,,,0.0,5.0,2.0,1.0,0.0,,1.0,11.0,0.0,,24.0,107.0
2026,2021038783,2026-04-29,2000026.0,内山 壮真,3.0,三,2,1.0,1.0,3.0,3.0,0.0,0.0,0.0,0.0,0.0,0.0,0.0,,0.0,2.0,0.0,0.0,0.0,0.0,,,,,,,,,,,,,,,,,,,,,,
2026,2021038783,2026-04-29,2000031.0,赤羽 由紘,0.0,二左,2,1.0,1.0,3.0,3.0,0.0,0.0,0.0,0.0,0.0,0.0,0.0,,0.0,1.0,0.0,0.0,0.0,1.0,,,,,,,,,,,,,,,,,,,,,,
2026,2021038783,2026-04-29,2000033.0,丸山 翔大,68.0,投,2,1.0,0.0,0.0,0.0,0.0,0.0,0.0,0.0,0.0,0.0,0.0,,0.0,0.0,0.0,0.0,0.0,0.0,3.0,1.0,0.0,0.0,0.0,0.0,1.0,1.0,,,0.0,0.0,0.0,0.0,0.0,,1.0,2.0,0.0,,4.0,19.0
2026,2021038783,2026-04-29,2000051.0,佐藤 輝明,8.0,三,5,1.0,1.0,4.0,4.0,0.0,0.0,0.0,0.0,0.0,0.0,0.0,,0.0,4.0,0.0,0.0,0.0,0.0,,,,,,,,,,,,,,,,,,,,,,
2026,2021038783,2026-04-29,2000056.0,中野 拓夢,7.0,打,5,1.0,0.0,1.0,1.0,0.0,0.0,0.0,0.0,0.0,0.0,0.0,,0.0,0.0,0.0,0.0,0.0,0.0,,,,,,,,,,,,,,,,,,,,,,
2026,2021038783,2026-04-29,2000135.0,サンタナ,25.0,左,2,1.0,1.0,3.0,3.0,0.0,0.0,0.0,0.0,0.0,0.0,0.0,,0.0,1.0,0.0,0.0,0.0,0.0,,,,,,,,,,,,,,,,,,,,,,
2026,2021038783,2026-04-29,2103917.0,岩田 幸宏,64.0,中,2,1.0,1.0,3.0,3.0,0.0,1.0,0.0,0.0,0.0,0.0,0.0,,0.0,0.0,0.0,0.0,0.0,0.0,,,,,,,,,,,,,,,,,,,,,,
2026,2021038783,2026-04-29,2105626.0,廣澤 優,70.0,投,2,1.0,0.0,0.0,0.0,0.0,0.0,0.0,0.0,0.0,0.0,0.0,,0.0,0.0,0.0,0.0,0.0,0.0,4.0,1.0,0.0,2.0,0.0,2.0,1.0,1.0,,,0.0,1.0,0.0,0.0,0.0,,0.0,1.0,0.0,,3.0,9.0
2026,2021038783,2026-04-29,2109495.0,鈴木 叶,65.0,捕,2,1.0,1.0,3.0,3.0,0.0,0.0,0.0,0.0,0.0,0.0,0.0,,0.0,0.0,0.0,0.0,0.0,0.0,,,,,,,,,,,,,,,,,,,,,,
2026,2021038783,2026-04-29,2110225.0,福島 圭音,92.0,中,5,1.0,1.0,5.0,4.0,1.0,1.0,0.0,0.0,0.0,0.0,0.0,,1.0,1.0,0.0,0.0,0.0,0.0,,,,,,,,,,,,,,,,,,,,,,
2026,2021038783,2026-04-29,2112175.0,伊藤 琉偉,67.0,遊,2,1.0,1.0,3.0,3.0,0.0,0.0,0.0,0.0,0.0,0.0,0.0,,0.0,1.0,0.0,0.0,0.0,0.0,,,,,,,,,,,,,,,,,,,,,,
2026,2021038783,2026-04-29,2113365.0,田中 陽翔,54.0,打,2,1.0,0.0,1.0,1.0,0.0,0.0,0.0,0.0,0.0,0.0,0.0,,0.0,1.0,0.0,0.0,0.0,0.0,,,,,,,,,,,,,,,,,,,,,,
2026,2021038783,2026-04-29,2118997.0,岡城 快生,34.0,左,5,1.0,1.0,3.0,3.0,1.0,1.0,1.0,0.0,0.0,1.0,0.0,,0.0,0.0,0.0,0.0,0.0,0.0,,,,,,,,,,,,,,,,,,,,,,
2026,2021038784,2026-04-29,900410.0,大島 洋平,8.0,中,4,1.0,1.0,4.0,4.0,0.0,0.0,0.0,0.0,0.0,0.0,0.0,,0.0,0.0,0.0,0.0,0.0,0.0,,,,,,,,,,,,,,,,,,,,,,
2026,2021038784,2026-04-29,1100069.0,高橋 周平,3.0,三,4,1.0,1.0,4.0,4.0,1.0,1.0,1.0,0.0,0.0,0.0,0.0,,0.0,1.0,0.0,0.0,0.0,0.0,,,,,,,,,,,,,,,,,,,,,,
2026,2021038784,2026-04-29,1400109.0,山崎 康晃,19.0,投,3,1.0,0.0,0.0,0.0,0.0,0.0,0.0,0.0,0.0,0.0,0.0,,0.0,0.0,0.0,0.0,0.0,0.0,5.0,1.0,0.0,0.0,0.0,1.0,1.0,1.0,,,7.0,2.0,0.0,0.0,0.0,,0.0,0.0,0.0,,4.0,15.0
2026,2021038784,2026-04-29,1500063.0,柴田 竜拓,31.0,走三,3,1.0,0.0,1.0,1.0,0.0,0.0,0.0,0.0,0.0,0.0,0.0,,0.0,0.0,0.0,0.0,0.0,0.0,,,,,,,,,,,,,,,,,,,,,,
2026,2021038784,2026-04-29,1500064.0,戸柱 恭孝,10.0,打,3,1.0,0.0,1.0,1.0,0.0,0.0,0.0,0.0,0.0,0.0,0.0,,0.0,0.0,0.0,0.0,0.0,0.0,,,,,,,,,,,,,,,,,,,,,,
2026,2021038784,2026-04-29,1500091.0,板山 祐太郎,63.0,打,4,1.0,0.0,1.0,1.0,0.0,0.0,0.0,0.0,0.0,0.0,0.0,,0.0,0.0,0.0,0.0,0.0,0.0,,,,,,,,,,,,,,,,,,,,,,
2026,2021038784,2026-04-29,1600085.0,細川 成也,55.0,左,4,1.0,1.0,4.0,3.0,1.0,2.0,1.0,0.0,0.0,0.0,0.0,,1.0,0.0,0.0,0.0,0.0,0.0,,,,,,,,,,,,,,,,,,,,,,
2026,2021038784,2026-04-29,1600089.0,佐野 恵太,7.0,一,3,1.0,1.0,4.0,4.0,0.0,0.0,0.0,0.0,0.0,0.0,0.0,,0.0,1.0,0.0,0.0,0.0,0.0,,,,,,,,,,,,,,,,,,,,,,
2026,2021038784,2026-04-29,1600107.0,京田 陽太,9.0,遊,3,1.0,1.0,4.0,4.0,1.0,2.0,2.0,0.0,0.0,1.0,0.0,,0.0,0.0,0.0,0.0,0.0,0.0,,,,,,,,,,,,,,,,,,,,,,
2026,2021038784,2026-04-29,1600110.0,藤嶋 健人,54.0,投,4,1.0,0.0,0.0,0.0,0.0,0.0,0.0,0.0,0.0,0.0,0.0,,0.0,0.0,0.0,0.0,0.0,0.0,3.0,1.0,0.0,0.0,1.0,5.68,1.0,1.0,,,0.0,0.0,0.0,0.0,0.0,,0.0,1.0,0.0,,3.0,11.0
2026,2021038784,2026-04-29,1600167.0,三森 大貴,26.0,中,3,1.0,1.0,4.0,4.0,0.0,1.0,0.0,0.0,0.0,1.0,0.0,,0.0,2.0,0.0,0.0,0.0,0.0,,,,,,,,,,,,,,,,,,,,,,
2026,2021038784,2026-04-29,1700059.0,神里 和毅,8.0,左,3,1.0,0.0,0.0,0.0,0.0,0.0,0.0,0.0,0.0,0.0,0.0,,0.0,0.0,0.0,0.0,0.0,0.0,,,,,,,,,,,,,,,,,,,,,,
2026,2021038784,2026-04-29,1700067.0,中川 虎大,64.0,投,3,1.0,0.0,0.0,0.0,0.0,0.0,0.0,0.0,0.0,0.0,0.0,,0.0,0.0,0.0,0.0,0.0,0.0,2.0,1.0,0.0,3.0,0.0,0.0,1.0,1.0,,,0.0,0.0,0.0,0.0,0.0,,0.0,1.0,0.0,,3.0,10.0
2026,2021038784,2026-04-29,1750223.0,村松 開人,5.0,遊,4,1.0,1.0,4.0,4.0,0.0,0.0,0.0,0.0,0.0,0.0,0.0,,0.0,0.0,0.0,0.0,0.0,0.0,,,,,,,,,,,,,,,,,,,,,,
2026,2021038784,2026-04-29,1750701.0,田中 幹也,2.0,二,4,1.0,1.0,3.0,3.0,0.0,0.0,0.0,0.0,0.0,0.0,0.0,,0.0,0.0,0.0,0.0,0.0,0.0,,,,,,,,,,,,,,,,,,,,,,
2026,2021038784,2026-04-29,1800046.0,勝又 温史,28.0,左,3,1.0,1.0,3.0,3.0,1.0,1.0,0.0,0.0,0.0,0.0,0.0,,0.0,2.0,0.0,0.0,0.0,0.0,,,,,,,,,,,,,,,,,,,,,,
2026,2021038784,2026-04-29,1850208.0,林 琢真,0.0,二,3,1.0,1.0,4.0,4.0,1.0,2.0,0.0,0.0,0.0,2.0,0.0,,0.0,2.0,0.0,0.0,0.0,0.0,,,,,,,,,,,,,,,,,,,,,,
2026,2021038784,2026-04-29,1850873.0,度会 隆輝,4.0,三左,3,1.0,1.0,4.0,3.0,0.0,0.0,0.0,0.0,0.0,0.0,0.0,,1.0,2.0,0.0,0.0,0.0,0.0,,,,,,,,,,,,,,,,,,,,,,
2026,2021038784,2026-04-29,1860235.0,ルイーズ,49.0,投,3,1.0,0.0,0.0,0.0,0.0,0.0,0.0,0.0,0.0,0.0,0.0,,0.0,0.0,0.0,0.0,0.0,0.0,3.0,1.0,0.0,0.0,0.0,1.5,1.0,1.0,,,0.0,1.0,0.0,0.0,0.0,,0.0,0.0,0.0,,4.0,8.0
2026,2021038784,2026-04-29,1900035.0,蝦名 達夫,61.0,右,3,1.0,1.0,4.0,3.0,1.0,0.0,0.0,0.0,0.0,0.0,1.0,,1.0,1.0,0.0,0.0,0.0,0.0,,,,,,,,,,,,,,,,,,,,,,
2026,2021038784,2026-04-29,1961300.0,ボスラー,24.0,一,4,1.0,1.0,4.0,3.0,0.0,2.0,0.0,0.0,0.0,1.0,0.0,,1.0,1.0,0.0,0.0,0.0,0.0,,,,,,,,,,,,,,,,,,,,,,
2026,2021038784,2026-04-29,2100277.0,松尾 汐恩,5.0,捕,3,1.0,1.0,4.0,4.0,0.0,0.0,0.0,0.0,0.0,0.0,0.0,,0.0,1.0,0.0,0.0,0.0,0.0,,,,,,,,,,,,,,,,,,,,,,
2026,2021038784,2026-04-29,2100410.0,櫻井 頼之介,16.0,投,4,1.0,1.0,2.0,2.0,0.0,0.0,0.0,0.0,0.0,0.0,0.0,,0.0,0.0,0.0,0.0,0.0,0.0,1.0,1.0,,0.0,3.0,6.52,6.666666666666667,6.2,,,0.0,6.0,4.0,4.0,0.0,,1.0,9.0,0.0,,27.0,102.0
2026,2021038784,2026-04-29,2101034.0,ヒュンメル,99.0,打,3,1.0,0.0,1.0,1.0,0.0,1.0,0.0,0.0,0.0,0.0,0.0,,0.0,0.0,0.0,0.0,0.0,0.0,,,,,,,,,,,,,,,,,,,,,,
2026,2021038784,2026-04-29,2101494.0,島田 舜也,15.0,投,3,1.0,1.0,2.0,1.0,0.0,0.0,0.0,0.0,0.0,0.0,0.0,,0.0,0.0,0.0,1.0,0.0,0.0,1.0,1.0,,0.0,0.0,3.6,5.0,5.0,,,0.0,3.0,2.0,2.0,0.0,,2.0,1.0,0.0,,20.0,73.0
2026,2021038784,2026-04-29,2103845.0,鵜飼 航丞,66.0,右,4,1.0,1.0,4.0,4.0,0.0,1.0,0.0,0.0,0.0,1.0,0.0,,0.0,1.0,0.0,0.0,0.0,0.0,,,,,,,,,,,,,,,,,,,,,,
2026,2021038784,2026-04-29,2105102.0,石伊 雄太,9.0,捕,4,1.0,1.0,4.0,4.0,0.0,0.0,0.0,0.0,0.0,0.0,0.0,,0.0,1.0,0.0,0.0,0.0,0.0,,,,,,,,,,,,,,,,,,,,,,
2026,2021038784,2026-04-29,2105295.0,吉田 聖弥,47.0,投,4,1.0,0.0,0.0,0.0,0.0,0.0,0.0,0.0,0.0,0.0,0.0,,0.0,0.0,0.0,0.0,0.0,0.0,2.0,1.0,0.0,0.0,0.0,0.0,0.3333333333333333,0.1,,,0.0,1.0,0.0,0.0,0.0,,1.0,0.0,0.0,,3.0,14.0
2026,2021038784,2026-04-29,2107086.0,牧野 憲伸,68.0,投,4,1.0,0.0,0.0,0.0,0.0,0.0,0.0,0.0,0.0,0.0,0.0,,0.0,0.0,0.0,0.0,0.0,0.0,4.0,1.0,0.0,0.0,1.0,3.12,1.0,1.0,,,0.0,0.0,0.0,0.0,0.0,,0.0,1.0,0.0,,3.0,13.0
2026,2021038784,2026-04-29,2107645.0,尾田 剛樹,0.0,走,4,1.0,0.0,0.0,0.0,0.0,0.0,0.0,0.0,0.0,0.0,0.0,,0.0,0.0,0.0,0.0,0.0,0.0,,,,,,,,,,,,,,,,,,,,,,
2026,2021038784,2026-04-29,2117433.0,レイノルズ,62.0,投,3,1.0,0.0,0.0,0.0,0.0,0.0,0.0,0.0,0.0,0.0,0.0,,0.0,0.0,0.0,0.0,0.0,0.0,4.0,1.0,0.0,2.0,0.0,1.38,1.0,1.0,,,0.0,0.0,0.0,0.0,0.0,,0.0,2.0,0.0,,3.0,13.0
2026,2021038785,2026-04-29,1000100.0,西川 遥輝,7.0,中,8,1.0,1.0,4.0,4.0,0.0,0.0,0.0,0.0,0.0,0.0,0.0,,0.0,0.0,0.0,0.0,0.0,0.0,,,,,,,,,,,,,,,,,,,,,,
2026,2021038785,2026-04-29,1400182.0,高橋 光成,13.0,,7,,,,,,,,,,,,,,,,,,,1.0,1.0,,3.0,2.0,0.97,7.0,7.0,,,0.0,4.0,0.0,0.0,0.0,,1.0,4.0,0.0,,25.0,100.0
2026,2021038785,2026-04-29,1500117.0,平沢 大河,39.0,一,7,1.0,1.0,3.0,3.0,0.0,2.0,1.0,0.0,0.0,1.0,0.0,,0.0,0.0,0.0,0.0,0.0,0.0,,,,,,,,,,,,,,,,,,,,,,
2026,2021038785,2026-04-29,1600129.0,源田 壮亮,6.0,遊,7,1.0,1.0,3.0,2.0,1.0,1.0,0.0,0.0,0.0,0.0,0.0,,0.0,0.0,0.0,1.0,0.0,0.0,,,,,,,,,,,,,,,,,,,,,,
2026,2021038785,2026-04-29,1660299.0,林 安可,73.0,左,7,1.0,1.0,3.0,3.0,0.0,0.0,0.0,0.0,0.0,0.0,0.0,,0.0,2.0,0.0,0.0,0.0,0.0,,,,,,,,,,,,,,,,,,,,,,
2026,2021038785,2026-04-29,1700025.0,清宮 幸太郎,21.0,一,8,1.0,1.0,4.0,3.0,0.0,0.0,0.0,0.0,0.0,0.0,0.0,,1.0,1.0,0.0,0.0,0.0,0.0,,,,,,,,,,,,,,,,,,,,,,
2026,2021038785,2026-04-29,1700122.0,西川 愛也,51.0,中,7,1.0,1.0,4.0,3.0,0.0,0.0,0.0,0.0,0.0,0.0,0.0,,0.0,0.0,0.0,1.0,0.0,0.0,,,,,,,,,,,,,,,,,,,,,,
2026,2021038785,2026-04-29,1750472.0,古賀 悠斗,22.0,捕,7,1.0,1.0,3.0,2.0,1.0,0.0,0.0,0.0,0.0,0.0,0.0,,1.0,1.0,0.0,0.0,0.0,0.0,,,,,,,,,,,,,,,,,,,,,,
2026,2021038785,2026-04-29,1800008.0,マルティネス,2.0,左,8,1.0,1.0,3.0,3.0,0.0,0.0,0.0,0.0,0.0,0.0,0.0,,0.0,0.0,0.0,0.0,0.0,0.0,,,,,,,,,,,,,,,,,,,,,,
2026,2021038785,2026-04-29,1800068.0,齋藤 友貴哉,48.0,,8,,,,,,,,,,,,,,,,,,,2.0,1.0,0.0,0.0,1.0,1.93,1.0,1.0,,,0.0,1.0,0.0,0.0,0.0,,0.0,0.0,0.0,,3.0,13.0
2026,2021038785,2026-04-29,1800091.0,野村 佑希,5.0,右,8,1.0,1.0,3.0,3.0,0.0,0.0,0.0,0.0,0.0,0.0,0.0,,0.0,0.0,0.0,0.0,0.0,0.0,,,,,,,,,,,,,,,,,,,,,,
2026,2021038785,2026-04-29,1800093.0,万波 中正,66.0,打,8,1.0,0.0,1.0,1.0,0.0,0.0,0.0,0.0,0.0,0.0,0.0,,0.0,0.0,0.0,0.0,0.0,0.0,,,,,,,,,,,,,,,,,,,,,,
2026,2021038785,2026-04-29,1800106.0,甲斐野 央,34.0,,7,,,,,,,,,,,,,,,,,,,3.0,1.0,0.0,1.0,1.0,3.86,1.0,1.0,,,1.0,1.0,0.0,0.0,0.0,,1.0,1.0,0.0,,5.0,19.0
2026,2021038785,2026-04-29,1850932.0,奈良間 大己,58.0,遊,8,1.0,1.0,3.0,3.0,0.0,0.0,0.0,0.0,0.0,0.0,0.0,,0.0,1.0,0.0,0.0,0.0,0.0,,,,,,,,,,,,,,,,,,,,,,
2026,2021038785,2026-04-29,1860140.0,レイエス,99.0,指,8,1.0,1.0,4.0,4.0,0.0,2.0,0.0,0.0,0.0,0.0,0.0,,0.0,1.0,0.0,0.0,0.0,0.0,,,,,,,,,,,,,,,,,,,,,,
2026,2021038785,2026-04-29,1900040.0,郡司 裕也,3.0,三,8,1.0,1.0,4.0,3.0,0.0,2.0,0.0,0.0,0.0,0.0,0.0,,1.0,1.0,0.0,0.0,0.0,0.0,,,,,,,,,,,,,,,,,,,,,,
2026,2021038785,2026-04-29,1900068.0,岸 潤一郎,68.0,左,7,1.0,0.0,0.0,0.0,0.0,0.0,0.0,0.0,0.0,0.0,0.0,,0.0,0.0,0.0,0.0,0.0,0.0,,,,,,,,,,,,,,,,,,,,,,
2026,2021038785,2026-04-29,1950417.0,渡部 聖弥,8.0,指,7,1.0,1.0,4.0,4.0,0.0,2.0,0.0,0.0,0.0,1.0,0.0,,0.0,0.0,0.0,0.0,0.0,0.0,,,,,,,,,,,,,,,,,,,,,,
2026,2021038785,2026-04-29,1950486.0,進藤 勇也,33.0,捕,8,1.0,1.0,3.0,3.0,0.0,0.0,0.0,0.0,0.0,0.0,0.0,,0.0,1.0,0.0,0.0,0.0,0.0,,,,,,,,,,,,,,,,,,,,,,
2026,2021038785,2026-04-29,2000069.0,山村 崇嘉,32.0,三,7,1.0,1.0,3.0,3.0,0.0,0.0,0.0,0.0,0.0,0.0,0.0,,0.0,1.0,0.0,0.0,0.0,0.0,,,,,,,,,,,,,,,,,,,,,,
2026,2021038785,2026-04-29,2000075.0,長谷川 信哉,63.0,左右,7,1.0,0.0,0.0,0.0,0.0,0.0,0.0,0.0,0.0,0.0,0.0,,0.0,0.0,0.0,0.0,0.0,0.0,,,,,,,,,,,,,,,,,,,,,,
2026,2021038785,2026-04-29,2050307.0,達 孝太,16.0,,8,,,,,,,,,,,,,,,,,,,1.0,1.0,,2.0,2.0,3.06,7.0,7.0,,,0.0,5.0,3.0,2.0,0.0,,1.0,6.0,0.0,,28.0,105.0
2026,2021038785,2026-04-29,2103618.0,滝澤 夏央,62.0,二,7,1.0,1.0,4.0,4.0,0.0,0.0,0.0,0.0,0.0,1.0,0.0,,0.0,0.0,0.0,0.0,0.0,0.0,,,,,,,,,,,,,,,,,,,,,,
2026,2021038785,2026-04-29,2107897.0,茶野 篤政,31.0,走指,7,1.0,0.0,0.0,0.0,0.0,0.0,0.0,0.0,0.0,0.0,0.0,,0.0,0.0,0.0,0.0,0.0,0.0,,,,,,,,,,,,,,,,,,,,,,
2026,2021038785,2026-04-29,2108090.0,カストロ,6.0,二,8,1.0,1.0,4.0,4.0,0.0,1.0,0.0,0.0,0.0,0.0,0.0,,0.0,0.0,0.0,0.0,0.0,1.0,,,,,,,,,,,,,,,,,,,,,,
2026,2021038785,2026-04-29,2117028.0,カナリオ,25.0,右,7,1.0,1.0,4.0,4.0,1.0,1.0,1.0,0.0,0.0,0.0,0.0,,0.0,2.0,0.0,0.0,0.0,1.0,,,,,,,,,,,,,,,,,,,,,,
2026,2021038785,2026-04-29,2117734.0,篠原 響,52.0,,7,,,,,,,,,,,,,,,,,,,2.0,1.0,0.0,1.0,1.0,1.23,1.0,1.0,,,0.0,0.0,0.0,0.0,0.0,,0.0,0.0,0.0,,3.0,11.0
2026,2021038786,2026-04-29,700049.0,前田 健太,18.0,,376,,,,,,,,,,,,,,,,,,,1.0,1.0,,0.0,2.0,5.56,4.0,4.0,,,0.0,7.0,5.0,5.0,2.0,,2.0,3.0,0.0,,20.0,88.0
2026,2021038786,2026-04-29,900056.0,浅村 栄斗,3.0,指,376,1.0,1.0,4.0,3.0,0.0,0.0,0.0,0.0,0.0,1.0,0.0,,0.0,0.0,0.0,0.0,1.0,0.0,,,,,,,,,,,,,,,,,,,,,,
2026,2021038786,2026-04-29,900081.0,西野 勇士,29.0,,9,,,,,,,,,,,,,,,,,,,1.0,1.0,,0.0,1.0,5.28,4.333333333333333,4.1,,,0.0,7.0,2.0,2.0,0.0,,1.0,3.0,0.0,,20.0,68.0
2026,2021038786,2026-04-29,1100096.0,石川 慎吾,23.0,打,9,1.0,0.0,1.0,0.0,0.0,0.0,0.0,0.0,0.0,1.0,0.0,,1.0,0.0,0.0,0.0,0.0,0.0,,,,,,,,,,,,,,,,,,,,,,
2026,2021038786,2026-04-29,1300076.0,加治屋 蓮,41.0,,376,,,,,,,,,,,,,,,,,,,4.0,1.0,0.0,2.0,1.0,2.45,1.0,1.0,,,0.0,0.0,0.0,0.0,0.0,,0.0,2.0,0.0,,3.0,12.0
2026,2021038786,2026-04-29,1450608.0,八木 彬,33.0,,9,,,,,,,,,,,,,,,,,,,2.0,1.0,0.0,4.0,0.0,0.79,0.6666666666666666,0.2,,,0.0,0.0,0.0,0.0,0.0,,0.0,0.0,0.0,,1.0,1.0
2026,2021038786,2026-04-29,1460080.0,ポランコ,22.0,指,9,1.0,1.0,4.0,4.0,1.0,1.0,0.0,0.0,1.0,1.0,0.0,,0.0,2.0,0.0,0.0,0.0,0.0,,,,,,,,,,,,,,,,,,,,,,
2026,2021038786,2026-04-29,1500102.0,愛斗,50.0,走中,9,1.0,0.0,1.0,1.0,0.0,0.0,0.0,0.0,0.0,0.0,0.0,,0.0,0.0,0.0,0.0,0.0,0.0,,,,,,,,,,,,,,,,,,,,,,
2026,2021038786,2026-04-29,1600007.0,村林 一輝,6.0,遊,376,1.0,1.0,3.0,3.0,1.0,2.0,0.0,0.0,0.0,0.0,0.0,,0.0,1.0,0.0,0.0,0.0,0.0,,,,,,,,,,,,,,,,,,,,,,
2026,2021038786,2026-04-29,1600012.0,宋 家豪,43.0,,376,,,,,,,,,,,,,,,,,,,3.0,1.0,0.0,2.0,0.0,0.96,1.0,1.0,,,0.0,1.0,0.0,0.0,0.0,,0.0,0.0,0.0,,4.0,19.0
2026,2021038786,2026-04-29,1600157.0,澤田 圭佑,54.0,,9,,,,,,,,,,,,,,,,,,,3.0,1.0,0.0,1.0,1.0,0.82,1.0,1.0,,,0.0,0.0,0.0,0.0,0.0,,0.0,1.0,0.0,,3.0,8.0
2026,2021038786,2026-04-29,1800044.0,伊藤 裕季也,39.0,一,376,1.0,1.0,4.0,4.0,0.0,1.0,1.0,0.0,0.0,1.0,0.0,,0.0,2.0,0.0,0.0,0.0,0.0,,,,,,,,,,,,,,,,,,,,,,
2026,2021038786,2026-04-29,1800050.0,藤原 恭大,1.0,中右,9,1.0,1.0,4.0,3.0,2.0,1.0,0.0,0.0,0.0,0.0,1.0,,1.0,1.0,0.0,0.0,0.0,0.0,,,,,,,,,,,,,,,,,,,,,,
2026,2021038786,2026-04-29,1800117.0,辰己 涼介,8.0,中,376,1.0,1.0,4.0,3.0,1.0,1.0,0.0,0.0,0.0,0.0,0.0,,1.0,0.0,0.0,0.0,0.0,0.0,,,,,,,,,,,,,,,,,,,,,,
2026,2021038786,2026-04-29,1800118.0,太田 光,2.0,捕,376,1.0,1.0,4.0,4.0,0.0,1.0,0.0,0.0,0.0,0.0,0.0,,0.0,0.0,0.0,0.0,0.0,0.0,,,,,,,,,,,,,,,,,,,,,,
2026,2021038786,2026-04-29,1800122.0,渡邊 佳明,35.0,右,376,1.0,1.0,4.0,4.0,0.0,0.0,0.0,0.0,0.0,0.0,0.0,,0.0,1.0,0.0,0.0,0.0,0.0,,,,,,,,,,,,,,,,,,,,,,
2026,2021038786,2026-04-29,1900045.0,井上 広大,39.0,一,9,1.0,1.0,4.0,3.0,1.0,1.0,0.0,0.0,1.0,2.0,0.0,,0.0,2.0,0.0,0.0,1.0,0.0,,,,,,,,,,,,,,,,,,,,,,
2026,2021038786,2026-04-29,1900081.0,佐藤 都志也,32.0,捕,9,1.0,1.0,3.0,3.0,0.0,1.0,1.0,0.0,0.0,0.0,0.0,,0.0,0.0,0.0,0.0,0.0,0.0,,,,,,,,,,,,,,,,,,,,,,
2026,2021038786,2026-04-29,1900083.0,横山 陸人,15.0,,9,,,,,,,,,,,,,,,,,,,6.0,1.0,0.0,0.0,0.0,0.73,1.0,1.0,,,8.0,0.0,0.0,0.0,0.0,,0.0,0.0,0.0,,3.0,3.0
2026,2021038786,2026-04-29,1900113.0,黒川 史陽,24.0,二,376,1.0,1.0,4.0,4.0,0.0,1.0,0.0,0.0,0.0,0.0,0.0,,0.0,0.0,0.0,0.0,0.0,0.0,,,,,,,,,,,,,,,,,,,,,,
2026,2021038786,2026-04-29,1950286.0,西川 史礁,6.0,左,9,1.0,1.0,4.0,3.0,1.0,1.0,0.0,0.0,0.0,0.0,0.0,,1.0,0.0,0.0,0.0,0.0,0.0,,,,,,,,,,,,,,,,,,,,,,
2026,2021038786,2026-04-29,2000087.0,鈴木 昭汰,47.0,,9,,,,,,,,,,,,,,,,,,,5.0,1.0,0.0,1.0,0.0,2.53,1.0,1.0,,,1.0,0.0,0.0,0.0,0.0,,0.0,1.0,0.0,,3.0,10.0
2026,2021038786,2026-04-29,2000089.0,小川 龍成,57.0,二,9,1.0,1.0,3.0,2.0,0.0,1.0,0.0,0.0,0.0,0.0,0.0,,0.0,0.0,0.0,1.0,0.0,0.0,,,,,,,,,,,,,,,,,,,,,,
2026,2021038786,2026-04-29,2000094.0,山本 大斗,61.0,右,9,1.0,1.0,2.0,2.0,0.0,0.0,0.0,0.0,0.0,0.0,0.0,,0.0,0.0,0.0,0.0,0.0,0.0,,,,,,,,,,,,,,,,,,,,,,
2026,2021038786,2026-04-29,2000126.0,内 星龍,69.0,,376,,,,,,,,,,,,,,,,,,,5.0,1.0,0.0,0.0,1.0,7.59,1.0,1.0,,,0.0,0.0,0.0,0.0,0.0,,0.0,1.0,0.0,,3.0,13.0
2026,2021038786,2026-04-29,2101204.0,ロング,73.0,,9,,,,,,,,,,,,,,,,,,,4.0,1.0,0.0,0.0,1.0,1.69,1.0,1.0,,,0.0,1.0,1.0,1.0,1.0,,0.0,1.0,0.0,,4.0,17.0
2026,2021038786,2026-04-29,2102926.0,寺地 隆成,65.0,三,9,1.0,1.0,4.0,2.0,0.0,0.0,0.0,0.0,0.0,1.0,0.0,,1.0,1.0,0.0,0.0,1.0,0.0,,,,,,,,,,,,,,,,,,,,,,
2026,2021038786,2026-04-29,2103693.0,池田 来翔,0.0,一,9,1.0,0.0,0.0,0.0,0.0,0.0,0.0,0.0,0.0,0.0,0.0,,0.0,0.0,0.0,0.0,0.0,0.0,,,,,,,,,,,,,,,,,,,,,,
2026,2021038786,2026-04-29,2103765.0,柴田 大地,71.0,,376,,,,,,,,,,,,,,,,,,,2.0,1.0,0.0,0.0,0.0,0.0,1.0,1.0,,,0.0,0.0,0.0,0.0,0.0,,2.0,0.0,0.0,,4.0,16.0
2026,2021038786,2026-04-29,2105283.0,平良 竜哉,48.0,三,376,1.0,1.0,3.0,3.0,1.0,1.0,0.0,0.0,1.0,1.0,0.0,,0.0,0.0,0.0,0.0,0.0,0.0,,,,,,,,,,,,,,,,,,,,,,
2026,2021038786,2026-04-29,2106798.0,友杉 篤輝,4.0,遊,9,1.0,1.0,4.0,4.0,0.0,2.0,0.0,0.0,0.0,0.0,0.0,,0.0,0.0,0.0,0.0,0.0,0.0,,,,,,,,,,,,,,,,,,,,,,
2026,2021038786,2026-04-29,2122300.0,マッカスカー,34.0,左,376,1.0,1.0,4.0,4.0,0.0,1.0,0.0,0.0,0.0,0.0,0.0,,0.0,2.0,0.0,0.0,0.0,0.0,,,,,,,,,,,,,,,,,,,,,,
2026,2021038787,2026-04-29,1000011.0,山田 修義,57.0,,11,,,,,,,,,,,,,,,,,,,4.0,1.0,0.0,0.0,0.0,0.0,0.6666666666666666,0.2,,,0.0,1.0,0.0,0.0,0.0,,0.0,0.0,0.0,,3.0,13.0
2026,2021038787,2026-04-29,1000035.0,今宮 健太,6.0,遊,12,1.0,1.0,4.0,4.0,0.0,1.0,0.0,0.0,0.0,0.0,0.0,,0.0,0.0,0.0,0.0,0.0,0.0,,,,,,,,,,,,,,,,,,,,,,
2026,2021038787,2026-04-29,1000128.0,柳田 悠岐,9.0,指,12,1.0,1.0,4.0,3.0,1.0,0.0,0.0,0.0,0.0,0.0,0.0,,1.0,2.0,0.0,0.0,0.0,0.0,,,,,,,,,,,,,,,,,,,,,,
2026,2021038787,2026-04-29,1000175.0,牧原 大成,8.0,二,12,1.0,1.0,4.0,4.0,0.0,1.0,0.0,0.0,0.0,0.0,0.0,,0.0,1.0,0.0,0.0,0.0,0.0,,,,,,,,,,,,,,,,,,,,,,
2026,2021038787,2026-04-29,1100097.0,近藤 健介,3.0,左,12,1.0,1.0,4.0,3.0,0.0,0.0,0.0,0.0,0.0,0.0,0.0,,1.0,1.0,0.0,0.0,0.0,0.0,,,,,,,,,,,,,,,,,,,,,,
2026,2021038787,2026-04-29,1300100.0,森 友哉,4.0,指,11,1.0,1.0,4.0,4.0,0.0,1.0,0.0,0.0,0.0,0.0,0.0,,0.0,1.0,0.0,0.0,0.0,0.0,,,,,,,,,,,,,,,,,,,,,,
2026,2021038787,2026-04-29,1300101.0,山川 穂高,5.0,一,12,1.0,1.0,3.0,3.0,0.0,0.0,0.0,0.0,0.0,0.0,0.0,,0.0,1.0,0.0,0.0,0.0,0.0,,,,,,,,,,,,,,,,,,,,,,
2026,2021038787,2026-04-29,1300109.0,若月 健矢,2.0,捕,11,1.0,1.0,4.0,4.0,0.0,1.0,0.0,0.0,0.0,0.0,0.0,,0.0,1.0,0.0,0.0,0.0,0.0,,,,,,,,,,,,,,,,,,,,,,
2026,2021038787,2026-04-29,1400127.0,栗原 陵矢,24.0,三一,12,1.0,1.0,4.0,4.0,0.0,1.0,0.0,1.0,0.0,3.0,0.0,,0.0,1.0,0.0,0.0,0.0,1.0,,,,,,,,,,,,,,,,,,,,,,
2026,2021038787,2026-04-29,1400196.0,宗 佑磨,6.0,三,11,1.0,1.0,4.0,3.0,0.0,0.0,0.0,0.0,0.0,0.0,0.0,,1.0,2.0,0.0,0.0,0.0,0.0,,,,,,,,,,,,,,,,,,,,,,
2026,2021038787,2026-04-29,1500096.0,西川 龍馬,7.0,左,11,1.0,1.0,4.0,4.0,0.0,1.0,1.0,0.0,0.0,0.0,0.0,,0.0,1.0,0.0,0.0,0.0,0.0,,,,,,,,,,,,,,,,,,,,,,
2026,2021038787,2026-04-29,1500112.0,平沼 翔太,61.0,走一,11,1.0,0.0,0.0,0.0,0.0,0.0,0.0,0.0,0.0,0.0,0.0,,0.0,0.0,0.0,0.0,0.0,0.0,,,,,,,,,,,,,,,,,,,,,,
2026,2021038787,2026-04-29,1560184.0,オスナ,54.0,,12,,,,,,,,,,,,,,,,,,,4.0,1.0,0.0,0.0,1.0,6.0,1.0,1.0,,,0.0,3.0,2.0,2.0,0.0,,0.0,0.0,0.0,,5.0,19.0
2026,2021038787,2026-04-29,1600155.0,山崎 颯一郎,21.0,,11,,,,,,,,,,,,,,,,,,,3.0,1.0,0.0,1.0,1.0,3.75,0.3333333333333333,0.1,,,0.0,1.0,1.0,1.0,0.0,,0.0,0.0,0.0,,2.0,9.0
2026,2021038787,2026-04-29,1700109.0,田嶋 大樹,29.0,,11,,,,,,,,,,,,,,,,,,,1.0,1.0,,0.0,0.0,6.94,5.666666666666667,5.2,,,0.0,5.0,3.0,3.0,0.0,,1.0,6.0,0.0,,21.0,95.0
2026,2021038787,2026-04-29,1700134.0,尾形 崇斗,39.0,,12,,,,,,,,,,,,,,,,,,,2.0,1.0,0.0,0.0,1.0,3.0,2.0,2.0,,,0.0,1.0,0.0,0.0,0.0,,0.0,6.0,0.0,,7.0,28.0
2026,2021038787,2026-04-29,1700135.0,周東 佑京,23.0,中,12,1.0,1.0,4.0,4.0,1.0,3.0,1.0,0.0,0.0,0.0,0.0,,0.0,1.0,0.0,0.0,0.0,0.0,,,,,,,,,,,,,,,,,,,,,,
2026,2021038787,2026-04-29,1800090.0,吉田 輝星,23.0,,11,,,,,,,,,,,,,,,,,,,2.0,1.0,0.0,0.0,0.0,0.0,0.3333333333333333,0.1,,,0.0,0.0,0.0,0.0,0.0,,1.0,0.0,0.0,,2.0,10.0
2026,2021038787,2026-04-29,1800098.0,太田 椋,1.0,二,11,1.0,1.0,4.0,4.0,1.0,1.0,1.0,0.0,0.0,0.0,0.0,,0.0,1.0,0.0,0.0,0.0,0.0,,,,,,,,,,,,,,,,,,,,,,
2026,2021038787,2026-04-29,1800104.0,中川 圭太,67.0,右左,11,1.0,1.0,4.0,3.0,2.0,3.0,1.0,0.0,0.0,1.0,0.0,,1.0,0.0,0.0,0.0,0.0,0.0,,,,,,,,,,,,,,,,,,,,,,
2026,2021038787,2026-04-29,1851026.0,寺西 成騎,13.0,,11,,,,,,,,,,,,,,,,,,,5.0,1.0,0.0,2.0,1.0,5.09,1.0,1.0,,,0.0,1.0,0.0,0.0,0.0,,0.0,2.0,0.0,,4.0,17.0
2026,2021038787,2026-04-29,1851115.0,木村 光,68.0,,12,,,,,,,,,,,,,,,,,,,3.0,1.0,0.0,0.0,0.0,0.79,1.0,1.0,,,0.0,0.0,0.0,0.0,0.0,,0.0,1.0,0.0,,3.0,20.0
2026,2021038787,2026-04-29,1900088.0,紅林 弘太郎,24.0,遊,11,1.0,1.0,4.0,4.0,1.0,1.0,0.0,0.0,1.0,1.0,0.0,,0.0,1.0,0.0,0.0,0.0,0.0,,,,,,,,,,,,,,,,,,,,,,
2026,2021038787,2026-04-29,1900101.0,海野 隆司,62.0,捕,12,1.0,1.0,3.0,3.0,1.0,1.0,0.0,0.0,0.0,0.0,0.0,,0.0,0.0,0.0,0.0,0.0,0.0,,,,,,,,,,,,,,,,,,,,,,
2026,2021038787,2026-04-29,1900104.0,柳町 達,32.0,右,12,1.0,1.0,2.0,2.0,0.0,0.0,0.0,0.0,0.0,0.0,0.0,,0.0,1.0,0.0,0.0,0.0,0.0,,,,,,,,,,,,,,,,,,,,,,
2026,2021038787,2026-04-29,1900106.0,大関 友久,47.0,,12,,,,,,,,,,,,,,,,,,,1.0,1.0,,1.0,2.0,4.18,4.0,4.0,,,0.0,6.0,3.0,2.0,1.0,,3.0,3.0,0.0,,21.0,88.0
2026,2021038787,2026-04-29,1961416.0,マチャド,42.0,,11,,,,,,,,,,,,,,,,,,,6.0,1.0,0.0,0.0,0.0,0.9,1.0,1.0,,,7.0,0.0,0.0,0.0,0.0,,0.0,1.0,0.0,,3.0,13.0
2026,2021038787,2026-04-29,2000098.0,来田 涼斗,38.0,右,11,1.0,0.0,0.0,0.0,0.0,0.0,0.0,0.0,0.0,0.0,0.0,,0.0,0.0,0.0,0.0,0.0,0.0,,,,,,,,,,,,,,,,,,,,,,
2026,2021038787,2026-04-29,2000109.0,笹川 吉康,44.0,打右,12,1.0,0.0,2.0,2.0,0.0,1.0,1.0,0.0,0.0,1.0,0.0,,0.0,0.0,0.0,0.0,0.0,0.0,,,,,,,,,,,,,,,,,,,,,,
2026,2021038787,2026-04-29,2103747.0,渡部 遼人,0.0,中,11,1.0,1.0,4.0,3.0,0.0,1.0,0.0,0.0,0.0,1.0,0.0,,1.0,1.0,0.0,0.0,0.0,0.0,,,,,,,,,,,,,,,,,,,,,,
2026,2021038787,2026-04-29,2104035.0,野村 勇,99.0,走三,12,1.0,0.0,1.0,1.0,1.0,0.0,0.0,0.0,0.0,0.0,0.0,,0.0,1.0,0.0,0.0,0.0,0.0,,,,,,,,,,,,,,,,,,,,,,
2026,2021038787,2026-04-29,2110153.0,麦谷 祐介,8.0,走指,11,1.0,0.0,0.0,0.0,1.0,0.0,0.0,0.0,0.0,0.0,0.0,,0.0,0.0,0.0,0.0,0.0,0.0,,,,,,,,,,,,,,,,,,,,,,
2026,2021038787,2026-04-29,2117200.0,シーモア,45.0,一,11,1.0,1.0,4.0,4.0,0.0,1.0,0.0,0.0,0.0,2.0,0.0,,0.0,2.0,0.0,0.0,0.0,0.0,,,,,,,,,,,,,,,,,,,,,,
2026,2021038788,2026-04-30,700003.0,坂本 勇人,6.0,三,1,1.0,1.0,4.0,4.0,0.0,1.0,0.0,0.0,0.0,0.0,0.0,,0.0,1.0,0.0,0.0,0.0,0.0,,,,,,,,,,,,,,,,,,,,,,
2026,2021038788,2026-04-30,1000116.0,中崎 翔太,21.0,投,6,1.0,0.0,0.0,0.0,0.0,0.0,0.0,0.0,0.0,0.0,0.0,,0.0,0.0,0.0,0.0,0.0,0.0,5.0,1.0,0.0,1.0,1.0,3.0,1.0,1.0,,,4.0,1.0,0.0,0.0,0.0,,0.0,0.0,0.0,,4.0,14.0
2026,2021038788,2026-04-30,1000150.0,秋山 翔吾,9.0,打左,6,1.0,0.0,2.0,1.0,1.0,0.0,0.0,0.0,0.0,0.0,0.0,,1.0,0.0,0.0,0.0,0.0,0.0,,,,,,,,,,,,,,,,,,,,,,
2026,2021038788,2026-04-30,1100082.0,菊池 涼介,33.0,二,6,1.0,1.0,4.0,2.0,0.0,0.0,0.0,0.0,0.0,0.0,0.0,,2.0,0.0,0.0,0.0,0.0,0.0,,,,,,,,,,,,,,,,,,,,,,
2026,2021038788,2026-04-30,1100095.0,松本 剛,9.0,中,1,1.0,1.0,4.0,4.0,0.0,1.0,0.0,0.0,0.0,0.0,0.0,,0.0,2.0,0.0,0.0,0.0,0.0,,,,,,,,,,,,,,,,,,,,,,
2026,2021038788,2026-04-30,1400173.0,野間 峻祥,37.0,左,6,1.0,1.0,4.0,3.0,0.0,0.0,0.0,0.0,0.0,0.0,1.0,,1.0,0.0,0.0,0.0,0.0,0.0,,,,,,,,,,,,,,,,,,,,,,
2026,2021038788,2026-04-30,1450689.0,船迫 大雅,58.0,投,1,1.0,0.0,0.0,0.0,0.0,0.0,0.0,0.0,0.0,0.0,0.0,,0.0,0.0,0.0,0.0,0.0,0.0,3.0,1.0,0.0,0.0,1.0,2.35,0.3333333333333333,0.1,,,0.0,0.0,0.0,0.0,0.0,,0.0,0.0,0.0,,1.0,3.0
2026,2021038788,2026-04-30,1500052.0,中川 皓太,41.0,投,1,1.0,0.0,0.0,0.0,0.0,0.0,0.0,0.0,0.0,0.0,0.0,,0.0,0.0,0.0,0.0,0.0,0.0,2.0,1.0,0.0,1.0,0.0,1.17,0.6666666666666666,0.2,,,0.0,1.0,0.0,0.0,0.0,,0.0,0.0,0.0,,4.0,9.0
2026,2021038788,2026-04-30,1600059.0,吉川 尚輝,2.0,二,1,1.0,1.0,4.0,4.0,0.0,0.0,0.0,0.0,0.0,0.0,1.0,,0.0,1.0,0.0,0.0,0.0,0.0,,,,,,,,,,,,,,,,,,,,,,
2026,2021038788,2026-04-30,1600124.0,坂倉 将吾,31.0,一捕,6,1.0,1.0,4.0,4.0,1.0,1.0,0.0,0.0,1.0,3.0,0.0,,0.0,2.0,0.0,0.0,0.0,0.0,,,,,,,,,,,,,,,,,,,,,,
2026,2021038788,2026-04-30,1700043.0,岸田 行倫,27.0,捕,1,1.0,1.0,4.0,3.0,0.0,1.0,0.0,0.0,0.0,0.0,0.0,,0.0,0.0,0.0,1.0,0.0,0.0,,,,,,,,,,,,,,,,,,,,,,
2026,2021038788,2026-04-30,1700044.0,大城 卓三,24.0,打,1,1.0,0.0,1.0,1.0,0.0,0.0,0.0,0.0,0.0,0.0,0.0,,0.0,0.0,0.0,0.0,0.0,0.0,,,,,,,,,,,,,,,,,,,,,,
2026,2021038788,2026-04-30,1800024.0,増田 陸,61.0,一,1,1.0,1.0,4.0,3.0,1.0,2.0,0.0,0.0,1.0,2.0,0.0,,0.0,0.0,0.0,0.0,1.0,1.0,,,,,,,,,,,,,,,,,,,,,,
2026,2021038788,2026-04-30,1800072.0,小園 海斗,5.0,三,6,1.0,1.0,4.0,3.0,1.0,0.0,0.0,0.0,0.0,0.0,0.0,,1.0,1.0,0.0,0.0,0.0,0.0,,,,,,,,,,,,,,,,,,,,,,
2026,2021038788,2026-04-30,1800079.0,大盛 穂,59.0,中,6,1.0,1.0,4.0,4.0,0.0,0.0,0.0,0.0,0.0,0.0,0.0,,0.0,2.0,0.0,0.0,0.0,0.0,,,,,,,,,,,,,,,,,,,,,,
2026,2021038788,2026-04-30,1900056.0,石原 貴規,32.0,打捕,6,1.0,0.0,1.0,0.0,0.0,0.0,0.0,0.0,0.0,0.0,0.0,,1.0,0.0,0.0,0.0,0.0,0.0,,,,,,,,,,,,,,,,,,,,,,
2026,2021038788,2026-04-30,1900057.0,玉村 昇悟,65.0,投,6,1.0,1.0,1.0,1.0,0.0,0.0,0.0,0.0,0.0,0.0,0.0,,0.0,1.0,0.0,0.0,0.0,0.0,1.0,1.0,,0.0,0.0,1.8,5.0,5.0,,,0.0,6.0,1.0,1.0,0.0,,0.0,5.0,0.0,,21.0,87.0
2026,2021038788,2026-04-30,1900058.0,持丸 泰輝,57.0,捕,6,1.0,1.0,2.0,1.0,0.0,0.0,0.0,0.0,0.0,0.0,0.0,,1.0,0.0,0.0,0.0,0.0,0.0,,,,,,,,,,,,,,,,,,,,,,
2026,2021038788,2026-04-30,1950429.0,高 太一,22.0,投,6,1.0,0.0,0.0,0.0,0.0,0.0,0.0,0.0,0.0,0.0,0.0,,0.0,0.0,0.0,0.0,0.0,0.0,2.0,1.0,0.0,0.0,0.0,0.0,1.0,1.0,,,0.0,0.0,0.0,0.0,0.0,,0.0,1.0,0.0,,3.0,15.0
2026,2021038788,2026-04-30,1951153.0,浦田 俊輔,32.0,遊,1,1.0,1.0,3.0,3.0,0.0,0.0,0.0,0.0,0.0,0.0,0.0,,0.0,0.0,0.0,0.0,0.0,0.0,,,,,,,,,,,,,,,,,,,,,,
2026,2021038788,2026-04-30,1960397.0,ハーン,68.0,投,6,1.0,0.0,0.0,0.0,0.0,0.0,0.0,0.0,0.0,0.0,0.0,,0.0,0.0,0.0,0.0,0.0,0.0,4.0,1.0,0.0,1.0,0.0,0.0,1.0,1.0,,,0.0,0.0,0.0,0.0,0.0,,0.0,2.0,0.0,,3.0,12.0
2026,2021038788,2026-04-30,1960444.0,ルシアーノ,48.0,投,1,1.0,0.0,0.0,0.0,0.0,0.0,0.0,0.0,0.0,0.0,0.0,,0.0,0.0,0.0,0.0,0.0,0.0,4.0,1.0,0.0,0.0,1.0,3.0,0.6666666666666666,0.2,,,0.0,1.0,3.0,3.0,1.0,,2.0,0.0,0.0,,5.0,16.0
2026,2021038788,2026-04-30,1961927.0,モンテロ,95.0,打,6,1.0,0.0,1.0,1.0,0.0,0.0,0.0,0.0,0.0,0.0,0.0,,0.0,0.0,0.0,0.0,0.0,0.0,,,,,,,,,,,,,,,,,,,,,,
2026,2021038788,2026-04-30,2000040.0,石川 達也,65.0,投,1,1.0,0.0,0.0,0.0,0.0,0.0,0.0,0.0,0.0,0.0,0.0,,0.0,0.0,0.0,0.0,0.0,0.0,5.0,1.0,0.0,0.0,0.0,27.0,0.3333333333333333,0.1,,,0.0,0.0,0.0,0.0,0.0,,0.0,0.0,0.0,,1.0,2.0
2026,2021038788,2026-04-30,2000061.0,森浦 大輔,13.0,投,6,1.0,0.0,0.0,0.0,0.0,0.0,0.0,0.0,0.0,0.0,0.0,,0.0,0.0,0.0,0.0,0.0,0.0,3.0,1.0,0.0,2.0,2.0,5.4,1.0,1.0,,,1.0,1.0,1.0,1.0,1.0,,0.0,0.0,0.0,,4.0,17.0
2026,2021038788,2026-04-30,2000065.0,矢野 雅哉,4.0,遊,6,1.0,0.0,0.0,0.0,0.0,0.0,0.0,0.0,0.0,0.0,0.0,,0.0,0.0,0.0,0.0,0.0,0.0,,,,,,,,,,,,,,,,,,,,,,
2026,2021038788,2026-04-30,2050203.0,佐々木 泰,10.0,一,6,1.0,0.0,1.0,1.0,0.0,0.0,0.0,0.0,0.0,0.0,0.0,,0.0,0.0,0.0,0.0,0.0,0.0,,,,,,,,,,,,,,,,,,,,,,
2026,2021038788,2026-04-30,2102672.0,皆川 岳飛,39.0,打,1,1.0,0.0,1.0,1.0,0.0,0.0,0.0,0.0,0.0,0.0,0.0,,0.0,0.0,0.0,0.0,0.0,0.0,,,,,,,,,,,,,,,,,,,,,,
2026,2021038788,2026-04-30,2107874.0,門脇 誠,5.0,走,1,1.0,0.0,0.0,0.0,0.0,0.0,0.0,0.0,0.0,0.0,0.0,,0.0,0.0,0.0,0.0,0.0,0.0,,,,,,,,,,,,,,,,,,,,,,
2026,2021038788,2026-04-30,2107887.0,辰見 鴻之介,69.0,走,6,1.0,0.0,0.0,0.0,0.0,0.0,0.0,0.0,0.0,0.0,0.0,,0.0,0.0,0.0,0.0,0.0,0.0,,,,,,,,,,,,,,,,,,,,,,
2026,2021038788,2026-04-30,2110164.0,平川 蓮,51.0,右,6,1.0,1.0,4.0,3.0,0.0,1.0,0.0,0.0,0.0,0.0,0.0,,0.0,2.0,0.0,1.0,0.0,0.0,,,,,,,,,,,,,,,,,,,,,,
2026,2021038788,2026-04-30,2110422.0,勝田 成,0.0,遊,6,1.0,1.0,4.0,4.0,0.0,1.0,0.0,0.0,0.0,0.0,0.0,,0.0,2.0,0.0,0.0,0.0,0.0,,,,,,,,,,,,,,,,,,,,,,
2026,2021038788,2026-04-30,2112330.0,平山 功太,69.0,右,1,1.0,1.0,4.0,4.0,0.0,2.0,0.0,0.0,0.0,0.0,0.0,,0.0,1.0,0.0,0.0,0.0,0.0,,,,,,,,,,,,,,,,,,,,,,
2026,2021038788,2026-04-30,2117509.0,ウィットリー,26.0,投,1,1.0,1.0,2.0,2.0,0.0,0.0,0.0,0.0,0.0,0.0,0.0,,0.0,2.0,0.0,0.0,0.0,0.0,1.0,1.0,,1.0,1.0,2.25,6.0,6.0,,,0.0,0.0,0.0,0.0,0.0,,5.0,10.0,0.0,,21.0,92.0
2026,2021038788,2026-04-30,2118291.0,田和 廉,30.0,投,1,1.0,0.0,0.0,0.0,0.0,0.0,0.0,0.0,0.0,0.0,0.0,,0.0,0.0,0.0,0.0,0.0,0.0,6.0,1.0,0.0,0.0,0.0,0.0,1.0,1.0,,,0.0,1.0,0.0,0.0,0.0,,0.0,0.0,0.0,,4.0,13.0
2026,2021038788,2026-04-30,2118420.0,キャベッジ,13.0,左,1,1.0,1.0,4.0,4.0,1.0,1.0,0.0,0.0,0.0,0.0,0.0,,0.0,1.0,0.0,0.0,0.0,0.0,,,,,,,,,,,,,,,,,,,,,,
2026,2021038789,2026-04-30,900062.0,西 勇輝,16.0,投,5,1.0,1.0,2.0,2.0,0.0,0.0,0.0,0.0,0.0,0.0,0.0,,0.0,1.0,0.0,0.0,0.0,0.0,1.0,1.0,,1.0,0.0,3.6,5.0,5.0,,,0.0,4.0,2.0,2.0,2.0,,0.0,3.0,0.0,,19.0,62.0
2026,2021038789,2026-04-30,1200100.0,伏見 寅威,17.0,捕,5,1.0,1.0,5.0,4.0,0.0,2.0,0.0,0.0,0.0,2.0,0.0,,0.0,0.0,0.0,1.0,0.0,0.0,,,,,,,,,,,,,,,,,,,,,,
2026,2021038789,2026-04-30,1300029.0,田口 麗斗,34.0,投,2,1.0,0.0,0.0,0.0,0.0,0.0,0.0,0.0,0.0,0.0,0.0,,0.0,0.0,0.0,0.0,0.0,0.0,4.0,1.0,0.0,1.0,0.0,0.96,1.0,1.0,,,0.0,0.0,0.0,0.0,0.0,,1.0,0.0,0.0,,4.0,12.0
2026,2021038789,2026-04-30,1300045.0,高梨 裕稔,40.0,投,2,1.0,1.0,2.0,2.0,0.0,0.0,0.0,0.0,0.0,0.0,0.0,,0.0,1.0,0.0,0.0,0.0,0.0,1.0,1.0,,2.0,1.0,3.3,6.333333333333333,6.1,,,0.0,13.0,8.0,8.0,1.0,,2.0,4.0,0.0,,32.0,116.0
2026,2021038789,2026-04-30,1600003.0,茂木 栄五郎,8.0,一,2,1.0,1.0,4.0,4.0,0.0,0.0,0.0,0.0,0.0,0.0,0.0,,0.0,0.0,0.0,0.0,0.0,1.0,,,,,,,,,,,,,,,,,,,,,,
2026,2021038789,2026-04-30,1600078.0,古賀 優大,2.0,捕,2,1.0,1.0,3.0,3.0,0.0,2.0,1.0,0.0,0.0,0.0,0.0,,0.0,0.0,0.0,0.0,0.0,0.0,,,,,,,,,,,,,,,,,,,,,,
2026,2021038789,2026-04-30,1600113.0,大山 悠輔,3.0,一,5,1.0,1.0,5.0,4.0,1.0,1.0,1.0,0.0,0.0,2.0,0.0,,1.0,0.0,0.0,0.0,0.0,0.0,,,,,,,,,,,,,,,,,,,,,,
2026,2021038789,2026-04-30,1650165.0,北村 恵吾,50.0,打,2,1.0,0.0,1.0,1.0,0.0,0.0,0.0,0.0,0.0,0.0,0.0,,0.0,1.0,0.0,0.0,0.0,0.0,,,,,,,,,,,,,,,,,,,,,,
2026,2021038789,2026-04-30,1650522.0,丸山 和郁,4.0,右,2,1.0,1.0,4.0,4.0,0.0,2.0,1.0,0.0,0.0,0.0,0.0,,0.0,1.0,0.0,0.0,0.0,0.0,,,,,,,,,,,,,,,,,,,,,,
2026,2021038789,2026-04-30,1700079.0,熊谷 敬宥,4.0,二,5,1.0,1.0,5.0,5.0,1.0,1.0,1.0,0.0,0.0,1.0,0.0,,0.0,1.0,0.0,0.0,0.0,0.0,,,,,,,,,,,,,,,,,,,,,,
2026,2021038789,2026-04-30,1700089.0,宮本 丈,10.0,打一,2,1.0,0.0,1.0,1.0,0.0,1.0,0.0,0.0,0.0,0.0,0.0,,0.0,0.0,0.0,0.0,0.0,0.0,,,,,,,,,,,,,,,,,,,,,,
2026,2021038789,2026-04-30,1700131.0,増田 珠,63.0,左,2,1.0,0.0,0.0,0.0,0.0,0.0,0.0,0.0,0.0,0.0,0.0,,0.0,0.0,0.0,0.0,0.0,0.0,,,,,,,,,,,,,,,,,,,,,,
2026,2021038789,2026-04-30,1800036.0,濱田 太貴,32.0,打,5,1.0,0.0,1.0,0.0,0.0,0.0,0.0,0.0,0.0,0.0,0.0,,1.0,0.0,0.0,0.0,0.0,0.0,,,,,,,,,,,,,,,,,,,,,,
2026,2021038789,2026-04-30,1800066.0,小幡 竜平,38.0,遊,5,1.0,1.0,5.0,5.0,3.0,4.0,1.0,0.0,0.0,1.0,0.0,,0.0,0.0,0.0,0.0,0.0,0.0,,,,,,,,,,,,,,,,,,,,,,
2026,2021038789,2026-04-30,1800067.0,木浪 聖也,0.0,打,5,1.0,0.0,1.0,1.0,0.0,0.0,0.0,0.0,0.0,0.0,0.0,,0.0,0.0,0.0,0.0,0.0,0.0,,,,,,,,,,,,,,,,,,,,,,
2026,2021038789,2026-04-30,1800070.0,湯浅 京己,65.0,投,5,1.0,0.0,0.0,0.0,0.0,0.0,0.0,0.0,0.0,0.0,0.0,,0.0,0.0,0.0,0.0,0.0,0.0,2.0,1.0,0.0,3.0,0.0,4.76,1.0,1.0,,,0.0,1.0,0.0,0.0,0.0,,1.0,1.0,0.0,,5.0,24.0
2026,2021038789,2026-04-30,1850183.0,森下 翔太,1.0,右,5,1.0,1.0,5.0,4.0,1.0,1.0,0.0,0.0,0.0,0.0,0.0,,1.0,1.0,0.0,0.0,0.0,0.0,,,,,,,,,,,,,,,,,,,,,,
2026,2021038789,2026-04-30,1900029.0,武岡 龍世,60.0,二,2,1.0,1.0,4.0,3.0,1.0,1.0,0.0,0.0,1.0,1.0,0.0,,1.0,1.0,0.0,0.0,0.0,0.0,,,,,,,,,,,,,,,,,,,,,,
2026,2021038789,2026-04-30,1900050.0,小野寺 暖,60.0,走右,5,1.0,0.0,0.0,0.0,0.0,0.0,0.0,0.0,0.0,0.0,0.0,,0.0,0.0,0.0,0.0,0.0,0.0,,,,,,,,,,,,,,,,,,,,,,
2026,2021038789,2026-04-30,2000024.0,木澤 尚文,20.0,投,2,1.0,0.0,0.0,0.0,0.0,0.0,0.0,0.0,0.0,0.0,0.0,,0.0,0.0,0.0,0.0,0.0,0.0,2.0,1.0,0.0,0.0,0.0,2.45,1.0,1.0,,,0.0,2.0,2.0,2.0,0.0,,1.0,0.0,1.0,,7.0,28.0
2026,2021038789,2026-04-30,2000026.0,内山 壮真,3.0,三遊,2,1.0,1.0,4.0,3.0,1.0,1.0,0.0,0.0,1.0,1.0,0.0,,1.0,0.0,0.0,0.0,0.0,0.0,,,,,,,,,,,,,,,,,,,,,,
2026,2021038789,2026-04-30,2000051.0,佐藤 輝明,8.0,三,5,1.0,1.0,5.0,4.0,2.0,3.0,0.0,0.0,1.0,2.0,0.0,,1.0,0.0,0.0,0.0,0.0,0.0,,,,,,,,,,,,,,,,,,,,,,
2026,2021038789,2026-04-30,2000056.0,中野 拓夢,7.0,打,5,1.0,0.0,1.0,1.0,0.0,1.0,0.0,0.0,0.0,1.0,0.0,,0.0,0.0,0.0,0.0,0.0,0.0,,,,,,,,,,,,,,,,,,,,,,
2026,2021038789,2026-04-30,2000135.0,サンタナ,25.0,左,2,1.0,1.0,4.0,4.0,0.0,0.0,0.0,0.0,0.0,0.0,0.0,,0.0,1.0,0.0,0.0,0.0,0.0,,,,,,,,,,,,,,,,,,,,,,
2026,2021038789,2026-04-30,2103917.0,岩田 幸宏,64.0,中,2,1.0,1.0,4.0,4.0,0.0,0.0,0.0,0.0,0.0,0.0,0.0,,0.0,1.0,0.0,0.0,0.0,0.0,,,,,,,,,,,,,,,,,,,,,,
2026,2021038789,2026-04-30,2106233.0,石黒 佑弥,63.0,投,5,1.0,0.0,0.0,0.0,0.0,0.0,0.0,0.0,0.0,0.0,0.0,,0.0,0.0,0.0,0.0,0.0,0.0,5.0,1.0,0.0,0.0,0.0,3.38,1.0,1.0,,,0.0,1.0,0.0,0.0,0.0,,1.0,3.0,0.0,,5.0,26.0
2026,2021038789,2026-04-30,2109495.0,鈴木 叶,65.0,捕,2,1.0,0.0,2.0,2.0,0.0,0.0,0.0,0.0,0.0,0.0,0.0,,0.0,2.0,0.0,0.0,0.0,0.0,,,,,,,,,,,,,,,,,,,,,,
2026,2021038789,2026-04-30,2110225.0,福島 圭音,92.0,中,5,1.0,1.0,6.0,6.0,0.0,0.0,0.0,0.0,0.0,0.0,0.0,,0.0,1.0,0.0,0.0,0.0,0.0,,,,,,,,,,,,,,,,,,,,,,
2026,2021038789,2026-04-30,2112127.0,早川 太貴,51.0,投,5,1.0,0.0,0.0,0.0,0.0,0.0,0.0,0.0,0.0,0.0,0.0,,0.0,0.0,0.0,0.0,0.0,0.0,4.0,1.0,0.0,0.0,1.0,4.15,1.0,1.0,,,0.0,1.0,0.0,0.0,0.0,,0.0,0.0,0.0,,4.0,12.0
2026,2021038789,2026-04-30,2112146.0,工藤 泰成,49.0,投,5,1.0,0.0,0.0,0.0,0.0,0.0,0.0,0.0,0.0,0.0,0.0,,0.0,0.0,0.0,0.0,0.0,0.0,3.0,1.0,0.0,0.0,0.0,0.0,1.0,1.0,,,0.0,1.0,0.0,0.0,0.0,,0.0,2.0,0.0,,4.0,18.0
2026,2021038789,2026-04-30,2112175.0,伊藤 琉偉,67.0,遊,2,1.0,1.0,2.0,2.0,0.0,0.0,0.0,0.0,0.0,0.0,0.0,,0.0,1.0,0.0,0.0,0.0,0.0,,,,,,,,,,,,,,,,,,,,,,
2026,2021038789,2026-04-30,2113365.0,田中 陽翔,54.0,打三,2,1.0,0.0,2.0,2.0,0.0,1.0,0.0,0.0,0.0,0.0,0.0,,0.0,0.0,0.0,0.0,0.0,0.0,,,,,,,,,,,,,,,,,,,,,,
2026,2021038789,2026-04-30,2117400.0,荘司 宏太,30.0,投,2,1.0,0.0,0.0,0.0,0.0,0.0,0.0,0.0,0.0,0.0,0.0,,0.0,0.0,0.0,0.0,0.0,0.0,3.0,1.0,0.0,1.0,0.0,2.16,0.6666666666666666,0.2,,,0.0,1.0,0.0,0.0,0.0,,0.0,0.0,0.0,,3.0,10.0
2026,2021038789,2026-04-30,2118997.0,岡城 快生,34.0,左,5,1.0,1.0,5.0,4.0,2.0,3.0,0.0,0.0,0.0,0.0,0.0,,0.0,0.0,1.0,0.0,0.0,0.0,,,,,,,,,,,,,,,,,,,,,,
2026,2021038790,2026-04-30,900410.0,大島 洋平,8.0,打中,4,1.0,0.0,1.0,1.0,0.0,0.0,0.0,0.0,0.0,0.0,0.0,,0.0,1.0,0.0,0.0,0.0,0.0,,,,,,,,,,,,,,,,,,,,,,
2026,2021038790,2026-04-30,1200053.0,宮崎 敏郎,51.0,三,3,1.0,1.0,3.0,3.0,0.0,1.0,0.0,0.0,0.0,0.0,0.0,,0.0,1.0,0.0,0.0,0.0,0.0,,,,,,,,,,,,,,,,,,,,,,
2026,2021038790,2026-04-30,1400199.0,齋藤 綱記,59.0,投,4,1.0,0.0,0.0,0.0,0.0,0.0,0.0,0.0,0.0,0.0,0.0,,0.0,0.0,0.0,0.0,0.0,0.0,3.0,1.0,0.0,0.0,1.0,3.86,1.0,1.0,,,0.0,0.0,0.0,0.0,0.0,,1.0,1.0,0.0,,4.0,18.0
2026,2021038790,2026-04-30,1500063.0,柴田 竜拓,31.0,三,3,1.0,0.0,0.0,0.0,0.0,0.0,0.0,0.0,0.0,0.0,0.0,,0.0,0.0,0.0,0.0,0.0,0.0,,,,,,,,,,,,,,,,,,,,,,
2026,2021038790,2026-04-30,1500091.0,板山 祐太郎,63.0,中右,4,1.0,1.0,4.0,4.0,0.0,0.0,0.0,0.0,0.0,0.0,0.0,,0.0,0.0,0.0,0.0,0.0,0.0,,,,,,,,,,,,,,,,,,,,,,
2026,2021038790,2026-04-30,1600021.0,ビシエド,66.0,打,3,1.0,0.0,1.0,1.0,0.0,0.0,0.0,0.0,0.0,0.0,0.0,,0.0,1.0,0.0,0.0,0.0,0.0,,,,,,,,,,,,,,,,,,,,,,
2026,2021038790,2026-04-30,1600085.0,細川 成也,55.0,左,4,1.0,1.0,4.0,3.0,1.0,1.0,0.0,0.0,1.0,1.0,0.0,,1.0,1.0,0.0,0.0,0.0,0.0,,,,,,,,,,,,,,,,,,,,,,
2026,2021038790,2026-04-30,1600089.0,佐野 恵太,7.0,一,3,1.0,1.0,4.0,3.0,0.0,0.0,0.0,0.0,0.0,0.0,0.0,,1.0,0.0,0.0,0.0,0.0,0.0,,,,,,,,,,,,,,,,,,,,,,
2026,2021038790,2026-04-30,1600107.0,京田 陽太,9.0,遊,3,1.0,1.0,4.0,4.0,0.0,0.0,0.0,0.0,0.0,0.0,0.0,,0.0,1.0,0.0,0.0,0.0,0.0,,,,,,,,,,,,,,,,,,,,,,
2026,2021038790,2026-04-30,1600167.0,三森 大貴,26.0,中二中,3,1.0,1.0,5.0,4.0,0.0,0.0,0.0,0.0,0.0,0.0,0.0,,1.0,2.0,0.0,0.0,0.0,0.0,,,,,,,,,,,,,,,,,,,,,,
2026,2021038790,2026-04-30,1660558.0,メヒア,91.0,投,4,1.0,0.0,0.0,0.0,0.0,0.0,0.0,0.0,0.0,0.0,0.0,,0.0,0.0,0.0,0.0,0.0,0.0,2.0,1.0,0.0,0.0,0.0,2.79,0.6666666666666666,0.2,,,0.0,2.0,0.0,0.0,0.0,,0.0,1.0,0.0,,4.0,23.0
2026,2021038790,2026-04-30,1700059.0,神里 和毅,8.0,走中左,3,1.0,0.0,1.0,1.0,1.0,0.0,0.0,0.0,0.0,0.0,1.0,,0.0,1.0,0.0,0.0,0.0,0.0,,,,,,,,,,,,,,,,,,,,,,
2026,2021038790,2026-04-30,1700066.0,山本 祐大,50.0,捕,3,1.0,1.0,4.0,2.0,3.0,1.0,0.0,0.0,1.0,1.0,0.0,,2.0,0.0,0.0,0.0,0.0,0.0,,,,,,,,,,,,,,,,,,,,,,
2026,2021038790,2026-04-30,1750223.0,村松 開人,5.0,遊,4,1.0,1.0,3.0,2.0,1.0,0.0,0.0,0.0,0.0,0.0,0.0,,1.0,0.0,0.0,0.0,0.0,0.0,,,,,,,,,,,,,,,,,,,,,,
2026,2021038790,2026-04-30,1800049.0,宮城 滝太,65.0,投,3,1.0,0.0,0.0,0.0,0.0,0.0,0.0,0.0,0.0,0.0,0.0,,0.0,0.0,0.0,0.0,0.0,0.0,4.0,1.0,0.0,0.0,0.0,0.0,1.0,1.0,,,0.0,0.0,0.0,0.0,0.0,,0.0,0.0,0.0,,3.0,6.0
2026,2021038790,2026-04-30,1850208.0,林 琢真,0.0,二三二,3,1.0,1.0,4.0,4.0,0.0,1.0,1.0,0.0,0.0,1.0,0.0,,0.0,0.0,0.0,0.0,0.0,0.0,,,,,,,,,,,,,,,,,,,,,,
2026,2021038790,2026-04-30,1850838.0,篠木 健太郎,30.0,投,3,1.0,1.0,2.0,2.0,0.0,0.0,0.0,0.0,0.0,0.0,0.0,,0.0,2.0,0.0,0.0,0.0,0.0,1.0,1.0,,1.0,0.0,3.0,6.0,6.0,,,0.0,3.0,2.0,2.0,1.0,,2.0,6.0,0.0,,22.0,87.0
2026,2021038790,2026-04-30,1850873.0,度会 隆輝,4.0,打,3,1.0,0.0,1.0,1.0,0.0,1.0,0.0,0.0,0.0,1.0,0.0,,0.0,0.0,0.0,0.0,0.0,0.0,,,,,,,,,,,,,,,,,,,,,,
2026,2021038790,2026-04-30,1900032.0,伊勢 大夢,13.0,投,3,1.0,0.0,0.0,0.0,0.0,0.0,0.0,0.0,0.0,0.0,0.0,,0.0,0.0,0.0,0.0,0.0,0.0,2.0,1.0,0.0,0.0,0.0,4.32,1.0,1.0,,,0.0,0.0,0.0,0.0,0.0,,0.0,0.0,0.0,,3.0,13.0
2026,2021038790,2026-04-30,1900035.0,蝦名 達夫,61.0,右,3,1.0,1.0,4.0,4.0,0.0,1.0,0.0,0.0,0.0,0.0,0.0,,0.0,0.0,0.0,0.0,0.0,0.0,,,,,,,,,,,,,,,,,,,,,,
2026,2021038790,2026-04-30,1961300.0,ボスラー,24.0,一,4,1.0,1.0,4.0,4.0,0.0,0.0,0.0,0.0,0.0,0.0,0.0,,0.0,3.0,0.0,0.0,0.0,0.0,,,,,,,,,,,,,,,,,,,,,,
2026,2021038790,2026-04-30,2000044.0,土田 龍空,45.0,二,4,1.0,1.0,3.0,3.0,0.0,0.0,0.0,0.0,0.0,0.0,0.0,,0.0,0.0,0.0,0.0,0.0,0.0,,,,,,,,,,,,,,,,,,,,,,
2026,2021038790,2026-04-30,2100961.0,マラー,93.0,投,4,1.0,1.0,2.0,2.0,0.0,1.0,0.0,0.0,0.0,1.0,0.0,,0.0,1.0,0.0,0.0,0.0,0.0,1.0,1.0,,0.0,2.0,4.63,6.333333333333333,6.1,,,0.0,4.0,4.0,4.0,2.0,,2.0,5.0,0.0,,23.0,86.0
2026,2021038790,2026-04-30,2101034.0,ヒュンメル,99.0,左,3,1.0,1.0,4.0,4.0,2.0,3.0,1.0,0.0,1.0,3.0,0.0,,0.0,0.0,0.0,0.0,0.0,0.0,,,,,,,,,,,,,,,,,,,,,,
2026,2021038790,2026-04-30,2103780.0,福永 裕基,7.0,三,4,1.0,1.0,4.0,4.0,0.0,1.0,0.0,0.0,0.0,0.0,0.0,,0.0,1.0,0.0,0.0,0.0,0.0,,,,,,,,,,,,,,,,,,,,,,
2026,2021038790,2026-04-30,2103845.0,鵜飼 航丞,66.0,右,4,1.0,1.0,3.0,3.0,0.0,0.0,0.0,0.0,0.0,0.0,0.0,,0.0,1.0,0.0,0.0,0.0,0.0,,,,,,,,,,,,,,,,,,,,,,
2026,2021038790,2026-04-30,2105102.0,石伊 雄太,9.0,捕,4,1.0,1.0,3.0,3.0,0.0,0.0,0.0,0.0,0.0,0.0,0.0,,0.0,0.0,0.0,0.0,0.0,0.0,,,,,,,,,,,,,,,,,,,,,,
2026,2021038790,2026-04-30,2107860.0,仲地 礼亜,26.0,投,4,1.0,0.0,0.0,0.0,0.0,0.0,0.0,0.0,0.0,0.0,0.0,,0.0,0.0,0.0,0.0,0.0,0.0,4.0,1.0,0.0,0.0,0.0,7.5,1.0,1.0,,,0.0,2.0,2.0,2.0,0.0,,1.0,1.0,0.0,,6.0,18.0
2026,2021038790,2026-04-30,2117433.0,レイノルズ,62.0,投,3,1.0,0.0,0.0,0.0,0.0,0.0,0.0,0.0,0.0,0.0,0.0,,0.0,0.0,0.0,0.0,0.0,0.0,3.0,1.0,0.0,2.0,0.0,1.29,1.0,1.0,,,0.0,0.0,0.0,0.0,0.0,,0.0,2.0,0.0,,3.0,17.0
2026,2021038791,2026-04-30,1000164.0,島本 浩也,40.0,,8,,,,,,,,,,,,,,,,,,,5.0,1.0,0.0,1.0,0.0,1.35,1.0,1.0,,,1.0,2.0,0.0,0.0,0.0,,0.0,0.0,0.0,,5.0,21.0
2026,2021038791,2026-04-30,1300061.0,中村 祐太,58.0,,7,,,,,,,,,,,,,,,,,,,3.0,1.0,0.0,0.0,0.0,1.0,1.0,1.0,,,0.0,0.0,0.0,0.0,0.0,,0.0,2.0,0.0,,3.0,11.0
2026,2021038791,2026-04-30,1400119.0,淺間 大基,8.0,左,8,1.0,0.0,2.0,2.0,0.0,0.0,0.0,0.0,0.0,0.0,0.0,,0.0,2.0,0.0,0.0,0.0,0.0,,,,,,,,,,,,,,,,,,,,,,
2026,2021038791,2026-04-30,1500109.0,上原 健太,20.0,,8,,,,,,,,,,,,,,,,,,,2.0,1.0,0.0,1.0,1.0,3.48,1.0,1.0,,,0.0,0.0,0.0,0.0,0.0,,0.0,0.0,0.0,,3.0,10.0
2026,2021038791,2026-04-30,1500117.0,平沢 大河,39.0,三一,7,1.0,1.0,5.0,5.0,0.0,1.0,0.0,0.0,0.0,0.0,0.0,,0.0,3.0,0.0,0.0,0.0,0.0,,,,,,,,,,,,,,,,,,,,,,
2026,2021038791,2026-04-30,1600129.0,源田 壮亮,6.0,遊,7,1.0,0.0,1.0,1.0,0.0,0.0,0.0,0.0,0.0,0.0,0.0,,0.0,0.0,0.0,0.0,0.0,0.0,,,,,,,,,,,,,,,,,,,,,,
2026,2021038791,2026-04-30,1600134.0,石井 一成,4.0,二,7,1.0,1.0,5.0,5.0,1.0,0.0,0.0,0.0,0.0,0.0,0.0,,0.0,1.0,0.0,0.0,0.0,1.0,,,,,,,,,,,,,,,,,,,,,,
2026,2021038791,2026-04-30,1600164.0,田中 正義,26.0,,8,,,,,,,,,,,,,,,,,,,3.0,1.0,0.0,0.0,0.0,1.13,1.0,1.0,,,0.0,0.0,0.0,0.0,0.0,,0.0,1.0,0.0,,3.0,7.0
2026,2021038791,2026-04-30,1660299.0,林 安可,73.0,左,7,1.0,1.0,3.0,3.0,0.0,0.0,0.0,0.0,0.0,0.0,0.0,,0.0,0.0,0.0,0.0,0.0,0.0,,,,,,,,,,,,,,,,,,,,,,
2026,2021038791,2026-04-30,1700025.0,清宮 幸太郎,21.0,一,8,1.0,1.0,4.0,3.0,0.0,1.0,0.0,0.0,0.0,0.0,0.0,,1.0,1.0,0.0,0.0,0.0,0.0,,,,,,,,,,,,,,,,,,,,,,
2026,2021038791,2026-04-30,1700122.0,西川 愛也,51.0,打中,7,1.0,0.0,2.0,2.0,0.0,0.0,0.0,0.0,0.0,0.0,0.0,,0.0,1.0,0.0,0.0,0.0,0.0,,,,,,,,,,,,,,,,,,,,,,
2026,2021038791,2026-04-30,1750472.0,古賀 悠斗,22.0,捕,7,1.0,1.0,4.0,3.0,0.0,2.0,0.0,0.0,0.0,0.0,0.0,,1.0,0.0,0.0,0.0,0.0,1.0,,,,,,,,,,,,,,,,,,,,,,
2026,2021038791,2026-04-30,1751148.0,隅田 知一郎,16.0,,7,,,,,,,,,,,,,,,,,,,1.0,1.0,,2.0,1.0,3.45,7.333333333333333,7.1,,,0.0,6.0,2.0,1.0,0.0,,2.0,9.0,0.0,,30.0,112.0
2026,2021038791,2026-04-30,1800008.0,マルティネス,2.0,左,8,1.0,1.0,3.0,3.0,0.0,0.0,0.0,0.0,0.0,0.0,0.0,,0.0,2.0,0.0,0.0,0.0,0.0,,,,,,,,,,,,,,,,,,,,,,
2026,2021038791,2026-04-30,1800091.0,野村 佑希,5.0,二一,8,1.0,1.0,5.0,5.0,0.0,2.0,0.0,0.0,0.0,1.0,0.0,,0.0,0.0,0.0,0.0,0.0,0.0,,,,,,,,,,,,,,,,,,,,,,
2026,2021038791,2026-04-30,1800093.0,万波 中正,66.0,右,8,1.0,1.0,4.0,3.0,0.0,0.0,0.0,0.0,0.0,0.0,0.0,,0.0,1.0,0.0,0.0,0.0,0.0,,,,,,,,,,,,,,,,,,,,,,
2026,2021038791,2026-04-30,1800095.0,田宮 裕涼,64.0,打捕,8,1.0,0.0,3.0,3.0,1.0,2.0,0.0,0.0,0.0,1.0,0.0,,0.0,1.0,0.0,0.0,0.0,0.0,,,,,,,,,,,,,,,,,,,,,,
2026,2021038791,2026-04-30,1800106.0,甲斐野 央,34.0,,7,,,,,,,,,,,,,,,,,,,2.0,1.0,0.0,1.0,1.0,3.6,0.6666666666666666,0.2,,,1.0,0.0,0.0,0.0,0.0,,0.0,1.0,0.0,,2.0,7.0
2026,2021038791,2026-04-30,1850932.0,奈良間 大己,58.0,二,8,1.0,0.0,1.0,0.0,1.0,0.0,0.0,0.0,0.0,0.0,0.0,,1.0,0.0,0.0,0.0,0.0,0.0,,,,,,,,,,,,,,,,,,,,,,
2026,2021038791,2026-04-30,1851204.0,水野 達稀,43.0,遊,8,1.0,1.0,5.0,4.0,1.0,2.0,0.0,1.0,0.0,0.0,0.0,,0.0,2.0,1.0,0.0,0.0,0.0,,,,,,,,,,,,,,,,,,,,,,
2026,2021038791,2026-04-30,1860140.0,レイエス,99.0,指,8,1.0,1.0,5.0,4.0,0.0,1.0,0.0,0.0,0.0,0.0,0.0,,1.0,2.0,0.0,0.0,0.0,0.0,,,,,,,,,,,,,,,,,,,,,,
2026,2021038791,2026-04-30,1900040.0,郡司 裕也,3.0,三,8,1.0,1.0,5.0,4.0,0.0,0.0,0.0,0.0,0.0,1.0,0.0,,0.0,0.0,0.0,0.0,1.0,0.0,,,,,,,,,,,,,,,,,,,,,,
2026,2021038791,2026-04-30,1900062.0,浜屋 将太,90.0,,7,,,,,,,,,,,,,,,,,,,4.0,1.0,0.0,0.0,0.0,4.91,1.0,1.0,,,0.0,1.0,0.0,0.0,0.0,,0.0,1.0,0.0,,3.0,18.0
2026,2021038791,2026-04-30,1900065.0,柘植 世那,37.0,捕,7,1.0,0.0,0.0,0.0,0.0,0.0,0.0,0.0,0.0,0.0,0.0,,0.0,0.0,0.0,0.0,0.0,0.0,,,,,,,,,,,,,,,,,,,,,,
2026,2021038791,2026-04-30,1900068.0,岸 潤一郎,68.0,打,7,1.0,0.0,1.0,1.0,0.0,1.0,0.0,0.0,0.0,0.0,0.0,,0.0,0.0,0.0,0.0,0.0,0.0,,,,,,,,,,,,,,,,,,,,,,
2026,2021038791,2026-04-30,1950417.0,渡部 聖弥,8.0,指,7,1.0,1.0,5.0,5.0,0.0,0.0,0.0,0.0,0.0,0.0,0.0,,0.0,2.0,0.0,0.0,0.0,0.0,,,,,,,,,,,,,,,,,,,,,,
2026,2021038791,2026-04-30,1950486.0,進藤 勇也,33.0,捕,8,1.0,1.0,2.0,2.0,0.0,0.0,0.0,0.0,0.0,0.0,0.0,,0.0,1.0,0.0,0.0,0.0,0.0,,,,,,,,,,,,,,,,,,,,,,
2026,2021038791,2026-04-30,2000075.0,長谷川 信哉,63.0,一中左,7,1.0,1.0,5.0,5.0,1.0,2.0,1.0,0.0,1.0,1.0,0.0,,0.0,1.0,0.0,0.0,0.0,0.0,,,,,,,,,,,,,,,,,,,,,,
2026,2021038791,2026-04-30,2000079.0,伊藤 大海,17.0,,8,,,,,,,,,,,,,,,,,,,1.0,1.0,,2.0,2.0,3.99,7.0,7.0,,,0.0,7.0,2.0,1.0,1.0,,0.0,7.0,0.0,,28.0,112.0
2026,2021038791,2026-04-30,2000080.0,五十幡 亮汰,50.0,走中,8,1.0,0.0,1.0,1.0,0.0,0.0,0.0,0.0,0.0,0.0,0.0,,0.0,1.0,0.0,0.0,0.0,0.0,,,,,,,,,,,,,,,,,,,,,,
2026,2021038791,2026-04-30,2050143.0,大塚 瑠晏,49.0,走指,8,1.0,0.0,0.0,0.0,0.0,0.0,0.0,0.0,0.0,0.0,0.0,,0.0,0.0,0.0,0.0,0.0,0.0,,,,,,,,,,,,,,,,,,,,,,
2026,2021038791,2026-04-30,2103618.0,滝澤 夏央,62.0,遊三,7,1.0,1.0,4.0,3.0,0.0,2.0,0.0,0.0,0.0,1.0,0.0,,0.0,0.0,0.0,1.0,0.0,0.0,,,,,,,,,,,,,,,,,,,,,,
2026,2021038791,2026-04-30,2103625.0,羽田 慎之介,43.0,,7,,,,,,,,,,,,,,,,,,,5.0,1.0,0.0,1.0,1.0,4.26,1.0,1.0,,,0.0,1.0,1.0,1.0,0.0,,2.0,2.0,1.0,,7.0,21.0
2026,2021038791,2026-04-30,2103635.0,柳川 大晟,47.0,,8,,,,,,,,,,,,,,,,,,,4.0,1.0,0.0,1.0,0.0,1.8,1.0,1.0,,,6.0,0.0,0.0,0.0,0.0,,1.0,1.0,0.0,,4.0,19.0
2026,2021038791,2026-04-30,2105684.0,児玉 亮涼,0.0,走,7,1.0,0.0,0.0,0.0,0.0,0.0,0.0,0.0,0.0,0.0,0.0,,0.0,0.0,0.0,0.0,0.0,0.0,,,,,,,,,,,,,,,,,,,,,,
2026,2021038791,2026-04-30,2106284.0,矢澤 宏太,12.0,走右,8,1.0,0.0,1.0,1.0,0.0,0.0,0.0,0.0,0.0,0.0,0.0,,0.0,0.0,0.0,0.0,0.0,0.0,,,,,,,,,,,,,,,,,,,,,,
2026,2021038791,2026-04-30,2107897.0,茶野 篤政,31.0,中左,7,1.0,1.0,3.0,3.0,0.0,0.0,0.0,0.0,0.0,0.0,0.0,,0.0,0.0,0.0,0.0,0.0,0.0,,,,,,,,,,,,,,,,,,,,,,
2026,2021038791,2026-04-30,2108090.0,カストロ,6.0,中,8,1.0,1.0,4.0,3.0,0.0,0.0,0.0,0.0,0.0,0.0,0.0,,1.0,2.0,0.0,0.0,0.0,0.0,,,,,,,,,,,,,,,,,,,,,,
2026,2021038791,2026-04-30,2117028.0,カナリオ,25.0,右,7,1.0,1.0,5.0,5.0,0.0,1.0,0.0,0.0,0.0,0.0,0.0,,0.0,1.0,0.0,0.0,0.0,0.0,,,,,,,,,,,,,,,,,,,,,,
