season,game_id,game_date,player_id,player_name_jap,player_name,player_jersey_number,position,team_id,batting_G,batting_GS,batting_PA,batting_AB,batting_R,batting_H,batting_2B,batting_3B,batting_HR,batting_RBI,batting_SB,batting_CS,batting_BB,batting_SO,batting_HBP,batting_SH,batting_SF,batting_E,pitcher_order_number,pitching_G,pitching_GS,pitching_W,pitching_L,pitching_ERA,pitching_IP,pitching_IP_str,pitching_CG,pitching_SHO,pitching_SV,pitching_H,pitching_R,pitching_ER,pitching_HR,pitching_IBB,pitching_BB,pitching_SO,pitching_HBP,pitching_BK,pitching_BF,pitching_PI
2026,2021039074,2026-07-01,900044,中村 悠平,,27,捕,2,1.0,1.0,3.0,3.0,0.0,0.0,0.0,0.0,0.0,0.0,0.0,,0.0,0.0,0.0,0.0,0.0,0.0,,,,,,,,,,,,,,,,,,,,,,
2026,2021039074,2026-07-01,1000176,甲斐 拓也,,10,打,1,1.0,0.0,1.0,1.0,0.0,0.0,0.0,0.0,0.0,0.0,0.0,,0.0,0.0,0.0,0.0,0.0,0.0,,,,,,,,,,,,,,,,,,,,,,
2026,2021039074,2026-07-01,1100095,松本 剛,,9,左,1,1.0,1.0,4.0,3.0,0.0,2.0,0.0,0.0,0.0,1.0,0.0,,1.0,0.0,0.0,0.0,0.0,0.0,,,,,,,,,,,,,,,,,,,,,,
2026,2021039074,2026-07-01,1450689,船迫 大雅,,58,投,1,1.0,0.0,0.0,0.0,0.0,0.0,0.0,0.0,0.0,0.0,0.0,,0.0,0.0,0.0,0.0,0.0,0.0,4.0,1.0,0.0,2.0,1.0,2.25,1.0,1.0,,,0.0,0.0,0.0,0.0,0.0,,0.0,1.0,0.0,,3.0,18.0
2026,2021039074,2026-07-01,1500054,増田 大輝,,0,中,1,1.0,0.0,0.0,0.0,0.0,0.0,0.0,0.0,0.0,0.0,0.0,,0.0,0.0,0.0,0.0,0.0,0.0,,,,,,,,,,,,,,,,,,,,,,
2026,2021039074,2026-07-01,1561820,ダルベック,,29,三一,1,1.0,1.0,4.0,4.0,0.0,0.0,0.0,0.0,0.0,0.0,0.0,,0.0,2.0,0.0,0.0,0.0,0.0,,,,,,,,,,,,,,,,,,,,,,
2026,2021039074,2026-07-01,1700010,マルティネス,,92,投,1,1.0,0.0,0.0,0.0,0.0,0.0,0.0,0.0,0.0,0.0,0.0,,0.0,0.0,0.0,0.0,0.0,0.0,6.0,1.0,0.0,1.0,2.0,1.65,1.0,1.0,,,23.0,1.0,0.0,0.0,0.0,,0.0,2.0,0.0,,4.0,21.0
2026,2021039074,2026-07-01,1700027,田中 瑛斗,,45,投,1,1.0,0.0,0.0,0.0,0.0,0.0,0.0,0.0,0.0,0.0,0.0,,0.0,0.0,0.0,0.0,0.0,0.0,5.0,1.0,0.0,1.0,0.0,0.35,1.0,1.0,,,1.0,1.0,0.0,0.0,0.0,,1.0,0.0,0.0,,5.0,18.0
2026,2021039074,2026-07-01,1700043,岸田 行倫,,27,捕,1,1.0,1.0,4.0,4.0,0.0,1.0,0.0,0.0,0.0,0.0,0.0,,0.0,1.0,0.0,0.0,0.0,0.0,,,,,,,,,,,,,,,,,,,,,,
2026,2021039074,2026-07-01,1700044,大城 卓三,,24,一,1,1.0,1.0,4.0,3.0,0.0,0.0,0.0,0.0,0.0,0.0,0.0,,1.0,0.0,0.0,0.0,0.0,0.0,,,,,,,,,,,,,,,,,,,,,,
2026,2021039074,2026-07-01,1700087,塩見 泰隆,,9,打,2,1.0,0.0,1.0,1.0,0.0,0.0,0.0,0.0,0.0,0.0,0.0,,0.0,1.0,0.0,0.0,0.0,0.0,,,,,,,,,,,,,,,,,,,,,,
2026,2021039074,2026-07-01,1700131,増田 珠,,63,右左,2,1.0,1.0,4.0,4.0,1.0,2.0,0.0,0.0,0.0,0.0,0.0,,0.0,0.0,0.0,0.0,0.0,0.0,,,,,,,,,,,,,,,,,,,,,,
2026,2021039074,2026-07-01,1750321,泉口 友汰,,35,遊,1,1.0,1.0,4.0,4.0,0.0,2.0,1.0,1.0,0.0,1.0,0.0,,0.0,1.0,0.0,0.0,0.0,0.0,,,,,,,,,,,,,,,,,,,,,,
2026,2021039074,2026-07-01,1800082,山野辺 翔,,37,走,2,1.0,0.0,0.0,0.0,0.0,0.0,0.0,0.0,0.0,0.0,0.0,,0.0,0.0,0.0,0.0,0.0,0.0,,,,,,,,,,,,,,,,,,,,,,
2026,2021039074,2026-07-01,1850035,西舘 勇陽,,17,投,1,1.0,1.0,0.0,0.0,0.0,0.0,0.0,0.0,0.0,0.0,0.0,,0.0,0.0,0.0,0.0,0.0,0.0,1.0,1.0,,1.0,0.0,0.64,1.0,1.0,,,0.0,1.0,0.0,0.0,0.0,,1.0,0.0,1.0,,6.0,23.0
2026,2021039074,2026-07-01,1850772,石井 巧,,38,二,2,1.0,1.0,4.0,3.0,0.0,0.0,0.0,0.0,0.0,0.0,0.0,,1.0,1.0,0.0,0.0,0.0,0.0,,,,,,,,,,,,,,,,,,,,,,
2026,2021039074,2026-07-01,1900024,奥川 恭伸,,18,投,2,1.0,1.0,3.0,3.0,0.0,0.0,0.0,0.0,0.0,0.0,0.0,,0.0,2.0,0.0,0.0,0.0,0.0,1.0,1.0,,3.0,6.0,2.7,7.0,7.0,,,0.0,8.0,2.0,2.0,0.0,,2.0,7.0,0.0,,30.0,108.0
2026,2021039074,2026-07-01,1900028,長岡 秀樹,,7,遊,2,1.0,1.0,4.0,4.0,0.0,1.0,0.0,0.0,0.0,0.0,0.0,,0.0,0.0,0.0,0.0,0.0,0.0,,,,,,,,,,,,,,,,,,,,,,
2026,2021039074,2026-07-01,1900029,武岡 龍世,,60,走三,2,1.0,0.0,3.0,3.0,0.0,0.0,0.0,0.0,0.0,0.0,0.0,,0.0,2.0,0.0,0.0,0.0,1.0,,,,,,,,,,,,,,,,,,,,,,
2026,2021039074,2026-07-01,1951153,浦田 俊輔,,32,二,1,1.0,1.0,4.0,4.0,2.0,2.0,0.0,0.0,0.0,0.0,1.0,,0.0,1.0,0.0,0.0,0.0,0.0,,,,,,,,,,,,,,,,,,,,,,
2026,2021039074,2026-07-01,2000007,中山 礼都,,40,右,1,1.0,1.0,3.0,3.0,0.0,1.0,0.0,0.0,0.0,0.0,0.0,,0.0,0.0,0.0,0.0,0.0,0.0,,,,,,,,,,,,,,,,,,,,,,
2026,2021039074,2026-07-01,2000031,赤羽 由紘,,0,一,2,1.0,1.0,5.0,5.0,0.0,0.0,0.0,0.0,0.0,0.0,0.0,,0.0,2.0,0.0,0.0,0.0,0.0,,,,,,,,,,,,,,,,,,,,,,
2026,2021039074,2026-07-01,2000133,オスナ,,13,打,2,1.0,0.0,1.0,1.0,0.0,1.0,0.0,0.0,0.0,0.0,0.0,,0.0,0.0,0.0,0.0,0.0,0.0,,,,,,,,,,,,,,,,,,,,,,
2026,2021039074,2026-07-01,2000135,サンタナ,,25,左,2,1.0,1.0,3.0,1.0,0.0,1.0,1.0,0.0,0.0,1.0,0.0,,2.0,0.0,0.0,0.0,0.0,0.0,,,,,,,,,,,,,,,,,,,,,,
2026,2021039074,2026-07-01,2102410,浅野 翔吾,,51,打,1,1.0,0.0,1.0,1.0,0.0,0.0,0.0,0.0,0.0,0.0,0.0,,0.0,1.0,0.0,0.0,0.0,0.0,,,,,,,,,,,,,,,,,,,,,,
2026,2021039074,2026-07-01,2103689,赤星 優志,,31,投,1,1.0,0.0,1.0,0.0,0.0,0.0,0.0,0.0,0.0,0.0,0.0,,0.0,0.0,0.0,1.0,0.0,0.0,3.0,1.0,0.0,3.0,2.0,1.71,4.0,4.0,,,0.0,4.0,1.0,1.0,0.0,,1.0,5.0,0.0,,16.0,55.0
2026,2021039074,2026-07-01,2103917,岩田 幸宏,,64,中,2,1.0,1.0,4.0,3.0,0.0,1.0,0.0,0.0,0.0,0.0,0.0,,1.0,0.0,0.0,0.0,0.0,0.0,,,,,,,,,,,,,,,,,,,,,,
2026,2021039074,2026-07-01,2105626,廣澤 優,,70,投,2,1.0,0.0,0.0,0.0,0.0,0.0,0.0,0.0,0.0,0.0,0.0,,0.0,0.0,0.0,0.0,0.0,0.0,2.0,1.0,0.0,2.0,1.0,3.42,1.0,1.0,,,0.0,1.0,0.0,0.0,0.0,,0.0,0.0,0.0,,4.0,7.0
2026,2021039074,2026-07-01,2107178,モンテル,,90,走右,2,1.0,0.0,1.0,1.0,0.0,1.0,1.0,0.0,0.0,0.0,0.0,,0.0,0.0,0.0,0.0,0.0,0.0,,,,,,,,,,,,,,,,,,,,,,
2026,2021039074,2026-07-01,2107874,門脇 誠,,5,三,1,1.0,0.0,0.0,0.0,0.0,0.0,0.0,0.0,0.0,0.0,0.0,,0.0,0.0,0.0,0.0,0.0,0.0,,,,,,,,,,,,,,,,,,,,,,
2026,2021039074,2026-07-01,2116854,松下 歩叶,,6,三,2,1.0,1.0,1.0,0.0,0.0,0.0,0.0,0.0,0.0,0.0,0.0,,0.0,0.0,1.0,0.0,0.0,0.0,,,,,,,,,,,,,,,,,,,,,,
2026,2021039074,2026-07-01,2118291,田和 廉,,30,投,1,1.0,0.0,0.0,0.0,0.0,0.0,0.0,0.0,0.0,0.0,0.0,,0.0,0.0,0.0,0.0,0.0,0.0,2.0,1.0,0.0,0.0,0.0,1.54,1.0,1.0,,,0.0,0.0,0.0,0.0,0.0,,1.0,0.0,0.0,,3.0,14.0
2026,2021039074,2026-07-01,2118420,キャベッジ,,13,中,1,1.0,1.0,4.0,4.0,0.0,1.0,0.0,0.0,0.0,0.0,0.0,,0.0,1.0,0.0,0.0,0.0,0.0,,,,,,,,,,,,,,,,,,,,,,
2026,2021039076,2026-07-01,1300100,森 友哉,,4,指,11,1.0,1.0,3.0,3.0,0.0,0.0,0.0,0.0,0.0,0.0,0.0,,0.0,1.0,0.0,0.0,0.0,0.0,,,,,,,,,,,,,,,,,,,,,,
2026,2021039076,2026-07-01,1300109,若月 健矢,,2,捕,11,1.0,1.0,3.0,3.0,0.0,1.0,0.0,0.0,0.0,0.0,0.0,,0.0,0.0,0.0,0.0,0.0,0.0,,,,,,,,,,,,,,,,,,,,,,
2026,2021039076,2026-07-01,1400196,宗 佑磨,,6,三,11,1.0,1.0,3.0,3.0,0.0,0.0,0.0,0.0,0.0,0.0,0.0,,0.0,0.0,0.0,0.0,0.0,0.0,,,,,,,,,,,,,,,,,,,,,,
2026,2021039076,2026-07-01,1500096,西川 龍馬,,7,左,11,1.0,1.0,3.0,3.0,0.0,0.0,0.0,0.0,0.0,0.0,0.0,,0.0,0.0,0.0,0.0,0.0,0.0,,,,,,,,,,,,,,,,,,,,,,
2026,2021039076,2026-07-01,1500110,加藤 貴之,,14,,8,,,,,,,,,,,,,,,,,,,1.0,1.0,,8.0,1.0,2.5,9.0,9.0,,,0.0,3.0,0.0,0.0,0.0,,0.0,3.0,0.0,,29.0,108.0
2026,2021039076,2026-07-01,1700109,田嶋 大樹,,29,,11,,,,,,,,,,,,,,,,,,,1.0,1.0,,2.0,4.0,5.83,7.0,7.0,,,0.0,9.0,4.0,4.0,2.0,,1.0,6.0,0.0,,29.0,104.0
2026,2021039076,2026-07-01,1750667,山中 稜真,,50,右,11,1.0,1.0,4.0,4.0,0.0,0.0,0.0,0.0,0.0,0.0,0.0,,0.0,1.0,0.0,0.0,0.0,0.0,,,,,,,,,,,,,,,,,,,,,,
2026,2021039076,2026-07-01,1751068,野口 智哉,,9,打二,11,1.0,0.0,2.0,2.0,0.0,0.0,0.0,0.0,0.0,0.0,0.0,,0.0,0.0,0.0,0.0,0.0,0.0,,,,,,,,,,,,,,,,,,,,,,
2026,2021039076,2026-07-01,1800008,マルティネス,,2,一,8,1.0,1.0,3.0,3.0,1.0,1.0,0.0,0.0,1.0,1.0,0.0,,0.0,1.0,0.0,0.0,0.0,0.0,,,,,,,,,,,,,,,,,,,,,,
2026,2021039076,2026-07-01,1800091,野村 佑希,,5,打指,8,1.0,0.0,2.0,2.0,1.0,1.0,0.0,0.0,0.0,0.0,0.0,,0.0,0.0,0.0,0.0,0.0,0.0,,,,,,,,,,,,,,,,,,,,,,
2026,2021039076,2026-07-01,1800093,万波 中正,,66,右,8,1.0,1.0,4.0,4.0,1.0,2.0,0.0,0.0,1.0,2.0,0.0,,0.0,0.0,0.0,0.0,0.0,0.0,,,,,,,,,,,,,,,,,,,,,,
2026,2021039076,2026-07-01,1800095,田宮 裕涼,,64,捕,8,1.0,1.0,4.0,4.0,0.0,1.0,0.0,0.0,0.0,1.0,0.0,,0.0,1.0,0.0,0.0,0.0,0.0,,,,,,,,,,,,,,,,,,,,,,
2026,2021039076,2026-07-01,1800098,太田 椋,,1,二,11,1.0,1.0,2.0,2.0,0.0,0.0,0.0,0.0,0.0,0.0,0.0,,0.0,1.0,0.0,0.0,0.0,0.0,,,,,,,,,,,,,,,,,,,,,,
2026,2021039076,2026-07-01,1800104,中川 圭太,,67,中,11,1.0,1.0,3.0,3.0,0.0,0.0,0.0,0.0,0.0,0.0,0.0,,0.0,0.0,0.0,0.0,0.0,0.0,,,,,,,,,,,,,,,,,,,,,,
2026,2021039076,2026-07-01,1800110,水谷 瞬,,53,左,8,1.0,1.0,4.0,3.0,1.0,1.0,0.0,0.0,0.0,0.0,0.0,,1.0,1.0,0.0,0.0,0.0,0.0,,,,,,,,,,,,,,,,,,,,,,
2026,2021039076,2026-07-01,1850932,奈良間 大己,,58,二,8,1.0,1.0,3.0,3.0,0.0,0.0,0.0,0.0,0.0,0.0,0.0,,0.0,2.0,0.0,0.0,0.0,0.0,,,,,,,,,,,,,,,,,,,,,,
2026,2021039076,2026-07-01,1851204,水野 達稀,,43,遊,8,1.0,1.0,4.0,4.0,0.0,2.0,0.0,0.0,0.0,0.0,0.0,,0.0,0.0,0.0,0.0,0.0,0.0,,,,,,,,,,,,,,,,,,,,,,
2026,2021039076,2026-07-01,1860140,レイエス,,99,指,8,1.0,1.0,2.0,2.0,0.0,1.0,0.0,0.0,0.0,0.0,0.0,,0.0,0.0,0.0,0.0,0.0,0.0,,,,,,,,,,,,,,,,,,,,,,
2026,2021039076,2026-07-01,1900088,紅林 弘太郎,,24,遊,11,1.0,1.0,3.0,3.0,0.0,2.0,0.0,0.0,0.0,0.0,0.0,,0.0,0.0,0.0,0.0,0.0,0.0,,,,,,,,,,,,,,,,,,,,,,
2026,2021039076,2026-07-01,2000080,五十幡 亮汰,,50,中,8,1.0,0.0,0.0,0.0,0.0,0.0,0.0,0.0,0.0,0.0,0.0,,0.0,0.0,0.0,0.0,0.0,0.0,,,,,,,,,,,,,,,,,,,,,,
2026,2021039076,2026-07-01,2000082,細川 凌平,,56,一,8,1.0,0.0,0.0,0.0,0.0,0.0,0.0,0.0,0.0,0.0,0.0,,0.0,0.0,0.0,0.0,0.0,0.0,,,,,,,,,,,,,,,,,,,,,,
2026,2021039076,2026-07-01,2107900,吉田 賢吾,,60,中左,8,1.0,1.0,4.0,4.0,1.0,1.0,1.0,0.0,0.0,1.0,0.0,,0.0,0.0,0.0,0.0,0.0,0.0,,,,,,,,,,,,,,,,,,,,,,
2026,2021039076,2026-07-01,2108090,カストロ,,6,三,8,1.0,1.0,3.0,3.0,1.0,1.0,0.0,1.0,0.0,0.0,0.0,,0.0,1.0,0.0,0.0,0.0,0.0,,,,,,,,,,,,,,,,,,,,,,
2026,2021039076,2026-07-01,2108361,宮國 凌空,,65,,11,,,,,,,,,,,,,,,,,,,2.0,1.0,0.0,0.0,1.0,12.71,1.0,1.0,,,0.0,3.0,2.0,2.0,0.0,,0.0,0.0,0.0,,5.0,11.0
2026,2021039076,2026-07-01,2114529,山縣 秀,,54,三,8,1.0,0.0,1.0,1.0,0.0,1.0,0.0,0.0,0.0,1.0,0.0,,0.0,0.0,0.0,0.0,0.0,0.0,,,,,,,,,,,,,,,,,,,,,,
2026,2021039076,2026-07-01,2117200,シーモア,,45,一,11,1.0,1.0,3.0,3.0,0.0,0.0,0.0,0.0,0.0,0.0,0.0,,0.0,0.0,0.0,0.0,0.0,0.0,,,,,,,,,,,,,,,,,,,,,,
2026,2021039077,2026-07-01,900056,浅村 栄斗,,3,一,376,1.0,1.0,4.0,4.0,0.0,0.0,0.0,0.0,0.0,0.0,0.0,,0.0,0.0,0.0,0.0,0.0,0.0,,,,,,,,,,,,,,,,,,,,,,
2026,2021039077,2026-07-01,1100104,益田 直也,,52,,9,,,,,,,,,,,,,,,,,,,3.0,1.0,0.0,1.0,0.0,4.05,1.0,1.0,,,0.0,0.0,0.0,0.0,0.0,,0.0,1.0,0.0,,3.0,8.0
2026,2021039077,2026-07-01,1450608,八木 彬,,33,,9,,,,,,,,,,,,,,,,,,,2.0,1.0,0.0,7.0,0.0,1.39,1.0,1.0,,,0.0,1.0,0.0,0.0,0.0,,1.0,1.0,0.0,,5.0,19.0
2026,2021039077,2026-07-01,1500102,愛斗,,50,走中,9,1.0,0.0,1.0,1.0,0.0,0.0,0.0,0.0,0.0,0.0,0.0,,0.0,0.0,0.0,0.0,0.0,0.0,,,,,,,,,,,,,,,,,,,,,,
2026,2021039077,2026-07-01,1600004,堀内 謙伍,,65,捕,376,1.0,1.0,4.0,4.0,0.0,1.0,1.0,0.0,0.0,0.0,0.0,,0.0,1.0,0.0,0.0,0.0,0.0,,,,,,,,,,,,,,,,,,,,,,
2026,2021039077,2026-07-01,1600007,村林 一輝,,6,遊,376,1.0,1.0,4.0,4.0,0.0,1.0,0.0,0.0,0.0,0.0,0.0,,0.0,1.0,0.0,0.0,0.0,0.0,,,,,,,,,,,,,,,,,,,,,,
2026,2021039077,2026-07-01,1700020,ソト,,99,指,9,1.0,1.0,4.0,4.0,1.0,1.0,1.0,0.0,0.0,0.0,0.0,,0.0,0.0,0.0,0.0,0.0,0.0,,,,,,,,,,,,,,,,,,,,,,
2026,2021039077,2026-07-01,1700092,安田 尚憲,,5,一,9,1.0,1.0,4.0,4.0,0.0,0.0,0.0,0.0,0.0,0.0,0.0,,0.0,0.0,0.0,0.0,0.0,0.0,,,,,,,,,,,,,,,,,,,,,,
2026,2021039077,2026-07-01,1800050,藤原 恭大,,1,中右,9,1.0,1.0,5.0,4.0,0.0,2.0,0.0,0.0,0.0,0.0,0.0,,1.0,1.0,0.0,0.0,0.0,0.0,,,,,,,,,,,,,,,,,,,,,,
2026,2021039077,2026-07-01,1800053,山口 航輝,,51,左,9,1.0,1.0,4.0,2.0,1.0,0.0,0.0,0.0,0.0,0.0,0.0,,1.0,0.0,1.0,0.0,0.0,0.0,,,,,,,,,,,,,,,,,,,,,,
2026,2021039077,2026-07-01,1800117,辰己 涼介,,8,中,376,1.0,1.0,4.0,2.0,0.0,1.0,0.0,0.0,0.0,0.0,0.0,,1.0,0.0,1.0,0.0,0.0,0.0,,,,,,,,,,,,,,,,,,,,,,
2026,2021039077,2026-07-01,1850921,中込 陽翔,,26,,376,,,,,,,,,,,,,,,,,,,3.0,1.0,0.0,1.0,1.0,7.88,1.0,1.0,,,0.0,0.0,0.0,0.0,0.0,,0.0,0.0,0.0,,3.0,12.0
2026,2021039077,2026-07-01,1900081,佐藤 都志也,,32,捕,9,1.0,1.0,4.0,3.0,2.0,2.0,0.0,0.0,1.0,2.0,0.0,,1.0,0.0,0.0,0.0,0.0,0.0,,,,,,,,,,,,,,,,,,,,,,
2026,2021039077,2026-07-01,1900100,佐藤 直樹,,38,右,376,1.0,1.0,2.0,2.0,0.0,0.0,0.0,0.0,0.0,0.0,0.0,,0.0,1.0,0.0,0.0,0.0,0.0,,,,,,,,,,,,,,,,,,,,,,
2026,2021039077,2026-07-01,1900113,黒川 史陽,,24,二,376,1.0,1.0,4.0,4.0,0.0,1.0,0.0,0.0,0.0,0.0,0.0,,0.0,1.0,0.0,0.0,0.0,0.0,,,,,,,,,,,,,,,,,,,,,,
2026,2021039077,2026-07-01,1900115,武藤 敦貴,,50,右,376,1.0,0.0,2.0,2.0,0.0,0.0,0.0,0.0,0.0,0.0,0.0,,0.0,0.0,0.0,0.0,0.0,0.0,,,,,,,,,,,,,,,,,,,,,,
2026,2021039077,2026-07-01,1900117,瀧中 瞭太,,57,,376,,,,,,,,,,,,,,,,,,,1.0,1.0,,4.0,3.0,2.1,5.333333333333333,5.1,,,0.0,8.0,5.0,4.0,1.0,,3.0,1.0,1.0,,26.0,97.0
2026,2021039077,2026-07-01,1950278,中島 大輔,,32,左,376,1.0,1.0,4.0,3.0,0.0,0.0,0.0,0.0,0.0,0.0,0.0,,1.0,0.0,0.0,0.0,0.0,0.0,,,,,,,,,,,,,,,,,,,,,,
2026,2021039077,2026-07-01,1950286,西川 史礁,,6,右左,9,1.0,1.0,5.0,5.0,0.0,4.0,0.0,0.0,0.0,0.0,0.0,,0.0,0.0,0.0,0.0,0.0,0.0,,,,,,,,,,,,,,,,,,,,,,
2026,2021039077,2026-07-01,2000089,小川 龍成,,57,二,9,1.0,1.0,4.0,4.0,0.0,0.0,0.0,0.0,0.0,0.0,0.0,,0.0,2.0,0.0,0.0,0.0,0.0,,,,,,,,,,,,,,,,,,,,,,
2026,2021039077,2026-07-01,2000090,河村 説人,,58,,9,,,,,,,,,,,,,,,,,,,1.0,1.0,,1.0,1.0,3.5,7.0,7.0,,,0.0,6.0,0.0,0.0,0.0,,1.0,3.0,1.0,,28.0,113.0
2026,2021039077,2026-07-01,2102926,寺地 隆成,,65,三,9,1.0,1.0,4.0,3.0,1.0,1.0,1.0,0.0,0.0,1.0,0.0,,1.0,0.0,0.0,0.0,0.0,0.0,,,,,,,,,,,,,,,,,,,,,,
2026,2021039077,2026-07-01,2103693,池田 来翔,,0,一,9,1.0,0.0,0.0,0.0,0.0,0.0,0.0,0.0,0.0,0.0,0.0,,0.0,0.0,0.0,0.0,0.0,0.0,,,,,,,,,,,,,,,,,,,,,,
2026,2021039077,2026-07-01,2105283,平良 竜哉,,48,三,376,1.0,1.0,4.0,4.0,0.0,1.0,0.0,0.0,0.0,0.0,0.0,,0.0,1.0,0.0,0.0,0.0,0.0,,,,,,,,,,,,,,,,,,,,,,
2026,2021039077,2026-07-01,2106798,友杉 篤輝,,4,遊,9,1.0,1.0,4.0,4.0,0.0,1.0,0.0,0.0,0.0,1.0,0.0,,0.0,0.0,0.0,0.0,0.0,0.0,,,,,,,,,,,,,,,,,,,,,,
2026,2021039077,2026-07-01,2108325,日當 直喜,,54,,376,,,,,,,,,,,,,,,,,,,4.0,1.0,0.0,0.0,0.0,0.0,1.0,1.0,,,0.0,1.0,0.0,0.0,0.0,,0.0,2.0,0.0,,4.0,16.0
2026,2021039077,2026-07-01,2110493,藤原 聡大,,13,,376,,,,,,,,,,,,,,,,,,,2.0,1.0,0.0,0.0,2.0,5.31,1.6666666666666663,1.2,,,0.0,2.0,0.0,0.0,0.0,,1.0,0.0,0.0,,6.0,26.0
2026,2021039077,2026-07-01,2122300,マッカスカー,,34,指,376,1.0,1.0,4.0,4.0,0.0,2.0,0.0,0.0,0.0,0.0,0.0,,0.0,0.0,0.0,0.0,0.0,0.0,,,,,,,,,,,,,,,,,,,,,,
2026,2021039078,2026-07-05,1000002,筒香 嘉智,,25,一,3,1.0,1.0,6.0,5.0,1.0,2.0,1.0,0.0,0.0,0.0,0.0,,1.0,1.0,0.0,0.0,0.0,1.0,,,,,,,,,,,,,,,,,,,,,,
2026,2021039078,2026-07-05,1100082,菊池 涼介,,33,二,6,1.0,1.0,6.0,6.0,0.0,2.0,0.0,0.0,0.0,0.0,0.0,,0.0,2.0,0.0,0.0,0.0,0.0,,,,,,,,,,,,,,,,,,,,,,
2026,2021039078,2026-07-05,1200053,宮崎 敏郎,,51,三,3,1.0,1.0,4.0,4.0,0.0,0.0,0.0,0.0,0.0,0.0,0.0,,0.0,2.0,0.0,0.0,0.0,0.0,,,,,,,,,,,,,,,,,,,,,,
2026,2021039078,2026-07-05,1300031,平良 拳太郎,Taira Ken Tarou,59,投,3,1.0,1.0,2.0,0.0,0.0,0.0,0.0,0.0,0.0,0.0,0.0,,1.0,0.0,0.0,1.0,0.0,0.0,1.0,1.0,,2.0,5.0,4.14,5.0,5.0,,,0.0,7.0,1.0,1.0,0.0,,0.0,4.0,0.0,,22.0,87.0
2026,2021039078,2026-07-05,1400109,山崎 康晃,Yamazaki Yasushi Akira,19,投,3,1.0,0.0,0.0,0.0,0.0,0.0,0.0,0.0,0.0,0.0,0.0,,0.0,0.0,0.0,0.0,0.0,0.0,5.0,1.0,0.0,0.0,3.0,6.1,0.0,0.0,,,14.0,0.0,2.0,2.0,0.0,,2.0,0.0,0.0,,2.0,9.0
2026,2021039078,2026-07-05,1400173,野間 峻祥,,37,打右,6,1.0,0.0,2.0,1.0,0.0,0.0,0.0,0.0,0.0,0.0,0.0,,1.0,0.0,0.0,0.0,0.0,0.0,,,,,,,,,,,,,,,,,,,,,,
2026,2021039078,2026-07-05,1500063,柴田 竜拓,,31,三,3,1.0,0.0,2.0,1.0,0.0,0.0,0.0,0.0,0.0,0.0,0.0,,0.0,1.0,0.0,1.0,0.0,0.0,,,,,,,,,,,,,,,,,,,,,,
2026,2021039078,2026-07-05,1500064,戸柱 恭孝,,10,打,3,1.0,0.0,1.0,1.0,0.0,0.0,0.0,0.0,0.0,0.0,0.0,,0.0,0.0,0.0,0.0,0.0,0.0,,,,,,,,,,,,,,,,,,,,,,
2026,2021039078,2026-07-05,1600089,佐野 恵太,,7,打,3,1.0,0.0,1.0,0.0,0.0,0.0,0.0,0.0,0.0,0.0,0.0,,1.0,0.0,0.0,0.0,0.0,0.0,,,,,,,,,,,,,,,,,,,,,,
2026,2021039078,2026-07-05,1600124,坂倉 将吾,,31,三一,6,1.0,1.0,6.0,6.0,0.0,1.0,0.0,0.0,0.0,1.0,0.0,,0.0,0.0,0.0,0.0,0.0,0.0,,,,,,,,,,,,,,,,,,,,,,
2026,2021039078,2026-07-05,1600167,三森 大貴,,26,走二,3,1.0,0.0,1.0,1.0,0.0,0.0,0.0,0.0,0.0,0.0,0.0,,0.0,1.0,0.0,0.0,0.0,0.0,,,,,,,,,,,,,,,,,,,,,,
2026,2021039078,2026-07-05,1700059,神里 和毅,,8,左,3,1.0,0.0,2.0,2.0,0.0,0.0,0.0,0.0,0.0,0.0,0.0,,0.0,1.0,0.0,0.0,0.0,0.0,,,,,,,,,,,,,,,,,,,,,,
2026,2021039078,2026-07-05,1700067,中川 虎大,Nakagawa Toradai,64,投,3,1.0,0.0,0.0,0.0,0.0,0.0,0.0,0.0,0.0,0.0,0.0,,0.0,0.0,0.0,0.0,0.0,0.0,3.0,1.0,0.0,4.0,2.0,1.4,1.0,1.0,,,0.0,0.0,0.0,0.0,0.0,,0.0,1.0,0.0,,3.0,10.0
2026,2021039078,2026-07-05,1700068,中村 奨成,,96,走,6,1.0,0.0,0.0,0.0,1.0,0.0,0.0,0.0,0.0,0.0,0.0,,0.0,0.0,0.0,0.0,0.0,0.0,,,,,,,,,,,,,,,,,,,,,,
2026,2021039078,2026-07-05,1700072,遠藤 淳志,Endou Atsushi,66,投,6,1.0,0.0,0.0,0.0,0.0,0.0,0.0,0.0,0.0,0.0,0.0,,0.0,0.0,0.0,0.0,0.0,0.0,6.0,1.0,0.0,0.0,1.0,2.1,1.0,1.0,,,0.0,1.0,0.0,0.0,0.0,,0.0,0.0,0.0,,4.0,20.0
2026,2021039078,2026-07-05,1800046,勝又 温史,,28,左,3,1.0,1.0,5.0,5.0,0.0,1.0,0.0,0.0,0.0,0.0,0.0,,0.0,0.0,0.0,0.0,0.0,0.0,,,,,,,,,,,,,,,,,,,,,,
2026,2021039078,2026-07-05,1800049,宮城 滝太,Miyagi Taki Futoshi,65,投,3,1.0,0.0,0.0,0.0,0.0,0.0,0.0,0.0,0.0,0.0,0.0,,0.0,0.0,0.0,0.0,0.0,0.0,6.0,1.0,0.0,0.0,1.0,2.61,1.0,1.0,,,0.0,1.0,0.0,0.0,0.0,,1.0,0.0,0.0,,5.0,17.0
2026,2021039078,2026-07-05,1800072,小園 海斗,,5,遊三,6,1.0,1.0,6.0,6.0,0.0,2.0,0.0,0.0,0.0,0.0,0.0,,0.0,2.0,0.0,0.0,0.0,0.0,,,,,,,,,,,,,,,,,,,,,,
2026,2021039078,2026-07-05,1800073,島内 颯太郎,Shimauchi Fuuta Rou,43,投,6,1.0,0.0,0.0,0.0,0.0,0.0,0.0,0.0,0.0,0.0,0.0,,0.0,0.0,0.0,0.0,0.0,0.0,3.0,1.0,0.0,0.0,1.0,6.75,1.0,1.0,,,0.0,0.0,0.0,0.0,0.0,,1.0,1.0,0.0,,4.0,21.0
2026,2021039078,2026-07-05,1800079,大盛 穂,,59,中,6,1.0,1.0,6.0,6.0,1.0,2.0,0.0,0.0,0.0,1.0,0.0,,0.0,1.0,0.0,0.0,0.0,0.0,,,,,,,,,,,,,,,,,,,,,,
2026,2021039078,2026-07-05,1850405,名原 典彦,,92,右左右,6,1.0,1.0,6.0,5.0,0.0,0.0,0.0,0.0,0.0,1.0,0.0,,0.0,2.0,0.0,0.0,1.0,0.0,,,,,,,,,,,,,,,,,,,,,,
2026,2021039078,2026-07-05,1850873,度会 隆輝,,4,打,3,1.0,0.0,1.0,1.0,0.0,0.0,0.0,0.0,0.0,0.0,0.0,,0.0,0.0,0.0,0.0,0.0,0.0,,,,,,,,,,,,,,,,,,,,,,
2026,2021039078,2026-07-05,1860235,ルイーズ,Ruiizu,49,投,3,1.0,0.0,0.0,0.0,0.0,0.0,0.0,0.0,0.0,0.0,0.0,,0.0,0.0,0.0,0.0,0.0,0.0,2.0,1.0,0.0,1.0,0.0,2.25,1.0,1.0,,,0.0,1.0,0.0,0.0,0.0,,0.0,1.0,0.0,,4.0,17.0
2026,2021039078,2026-07-05,1900032,伊勢 大夢,Ise Taimu,13,投,3,1.0,0.0,0.0,0.0,0.0,0.0,0.0,0.0,0.0,0.0,0.0,,0.0,0.0,0.0,0.0,0.0,0.0,8.0,1.0,0.0,1.0,1.0,3.86,1.0,1.0,,,0.0,0.0,0.0,0.0,0.0,,0.0,2.0,0.0,,3.0,15.0
2026,2021039078,2026-07-05,1900035,蝦名 達夫,,61,走右,3,1.0,0.0,2.0,1.0,0.0,0.0,0.0,0.0,0.0,0.0,0.0,,1.0,0.0,0.0,0.0,0.0,0.0,,,,,,,,,,,,,,,,,,,,,,
2026,2021039078,2026-07-05,1900052,森下 暢仁,Morishita Tooru Hitoshi,18,投,6,1.0,1.0,2.0,1.0,0.0,0.0,0.0,0.0,0.0,0.0,0.0,,0.0,0.0,0.0,1.0,0.0,0.0,1.0,1.0,,5.0,5.0,4.21,6.0,6.0,,,0.0,7.0,3.0,3.0,2.0,,4.0,4.0,0.0,,28.0,93.0
2026,2021039078,2026-07-05,1900056,石原 貴規,,32,捕,6,1.0,1.0,3.0,3.0,0.0,1.0,0.0,0.0,0.0,0.0,0.0,,0.0,1.0,0.0,0.0,0.0,0.0,,,,,,,,,,,,,,,,,,,,,,
2026,2021039078,2026-07-05,1900058,持丸 泰輝,,57,捕,6,1.0,0.0,2.0,1.0,0.0,1.0,0.0,0.0,0.0,0.0,0.0,,0.0,0.0,0.0,1.0,0.0,0.0,,,,,,,,,,,,,,,,,,,,,,
2026,2021039078,2026-07-05,1950429,高 太一,Kou Taichi,22,投,6,1.0,0.0,0.0,0.0,0.0,0.0,0.0,0.0,0.0,0.0,0.0,,0.0,0.0,0.0,0.0,0.0,0.0,7.0,1.0,0.0,0.0,2.0,2.52,1.0,1.0,,,0.0,0.0,0.0,0.0,0.0,,1.0,1.0,0.0,,4.0,19.0
2026,2021039078,2026-07-05,1950955,前川 誠太,,93,打,6,1.0,0.0,1.0,1.0,0.0,0.0,0.0,0.0,0.0,0.0,0.0,,0.0,0.0,0.0,0.0,0.0,0.0,,,,,,,,,,,,,,,,,,,,,,
2026,2021039078,2026-07-05,1960397,ハーン,Haan,68,投,6,1.0,0.0,0.0,0.0,0.0,0.0,0.0,0.0,0.0,0.0,0.0,,0.0,0.0,0.0,0.0,0.0,1.0,5.0,1.0,0.0,2.0,1.0,0.94,1.0,1.0,,,1.0,1.0,0.0,0.0,0.0,,0.0,2.0,0.0,,5.0,13.0
2026,2021039078,2026-07-05,1961927,モンテロ,,95,打,6,1.0,0.0,1.0,1.0,0.0,0.0,0.0,0.0,0.0,0.0,0.0,,0.0,1.0,0.0,0.0,0.0,0.0,,,,,,,,,,,,,,,,,,,,,,
2026,2021039078,2026-07-05,2000035,牧 秀悟,,2,二,3,1.0,1.0,5.0,3.0,2.0,2.0,0.0,0.0,2.0,2.0,0.0,,2.0,0.0,0.0,0.0,0.0,0.0,,,,,,,,,,,,,,,,,,,,,,
2026,2021039078,2026-07-05,2000059,岩田 将貴,Iwata Masaki,68,投,3,1.0,0.0,0.0,0.0,0.0,0.0,0.0,0.0,0.0,0.0,0.0,,0.0,0.0,0.0,0.0,0.0,0.0,9.0,1.0,0.0,0.0,0.0,0.61,1.0,1.0,,,0.0,2.0,0.0,0.0,0.0,,0.0,1.0,0.0,,5.0,23.0
2026,2021039078,2026-07-05,2000061,森浦 大輔,Moriura Daisuke,13,投,6,1.0,0.0,0.0,0.0,0.0,0.0,0.0,0.0,0.0,0.0,0.0,,0.0,0.0,0.0,0.0,0.0,0.0,4.0,1.0,0.0,3.0,2.0,2.93,1.0,1.0,,,9.0,0.0,0.0,0.0,0.0,,2.0,1.0,0.0,,5.0,24.0
2026,2021039078,2026-07-05,2000065,矢野 雅哉,,4,走遊,6,1.0,0.0,2.0,1.0,1.0,0.0,0.0,0.0,0.0,0.0,1.0,,1.0,0.0,0.0,0.0,0.0,0.0,,,,,,,,,,,,,,,,,,,,,,
2026,2021039078,2026-07-05,2000066,二俣 翔一,,99,打左,6,1.0,0.0,1.0,1.0,0.0,1.0,1.0,0.0,0.0,0.0,0.0,,0.0,0.0,0.0,0.0,0.0,0.0,,,,,,,,,,,,,,,,,,,,,,
2026,2021039078,2026-07-05,2050203,佐々木 泰,,10,左,6,1.0,1.0,4.0,3.0,0.0,2.0,0.0,0.0,0.0,0.0,0.0,,1.0,0.0,0.0,0.0,0.0,0.0,,,,,,,,,,,,,,,,,,,,,,
2026,2021039078,2026-07-05,2100014,宮下 朝陽,,34,打,3,1.0,0.0,1.0,1.0,0.0,0.0,0.0,0.0,0.0,0.0,0.0,,0.0,1.0,0.0,0.0,0.0,0.0,,,,,,,,,,,,,,,,,,,,,,
2026,2021039078,2026-07-05,2100277,松尾 汐恩,,5,捕,3,1.0,1.0,6.0,6.0,0.0,2.0,0.0,0.0,0.0,0.0,0.0,,0.0,1.0,0.0,0.0,0.0,0.0,,,,,,,,,,,,,,,,,,,,,,
2026,2021039078,2026-07-05,2103703,梶原 昂希,,58,中,3,1.0,1.0,6.0,4.0,0.0,1.0,1.0,0.0,0.0,1.0,0.0,,1.0,1.0,0.0,1.0,0.0,0.0,,,,,,,,,,,,,,,,,,,,,,
2026,2021039078,2026-07-05,2105891,マルセリーノ,Mal Cereno,98,投,3,1.0,0.0,0.0,0.0,0.0,0.0,0.0,0.0,0.0,0.0,0.0,,0.0,0.0,0.0,0.0,0.0,0.0,7.0,1.0,0.0,0.0,0.0,4.64,1.0,1.0,,,0.0,1.0,0.0,0.0,0.0,,1.0,0.0,0.0,,5.0,26.0
2026,2021039078,2026-07-05,2106037,辻 大雅,Tsuji Taiga,98,投,6,1.0,0.0,0.0,0.0,0.0,0.0,0.0,0.0,0.0,0.0,0.0,,0.0,0.0,0.0,0.0,0.0,0.0,2.0,1.0,0.0,1.0,1.0,4.6,1.0,1.0,,,0.0,2.0,0.0,0.0,0.0,,1.0,0.0,0.0,,5.0,28.0
2026,2021039078,2026-07-05,2108195,エンカーナシオン,,69,右,3,1.0,1.0,4.0,4.0,0.0,1.0,0.0,0.0,0.0,0.0,0.0,,0.0,0.0,0.0,0.0,0.0,0.0,,,,,,,,,,,,,,,,,,,,,,
2026,2021039078,2026-07-05,2112143,佐藤 啓介,,94,一,6,1.0,1.0,4.0,4.0,0.0,1.0,0.0,0.0,0.0,0.0,0.0,,0.0,1.0,0.0,0.0,0.0,0.0,,,,,,,,,,,,,,,,,,,,,,
2026,2021039078,2026-07-05,2112189,石上 泰輝,,44,遊,3,1.0,1.0,6.0,3.0,0.0,2.0,1.0,0.0,0.0,0.0,0.0,,2.0,0.0,0.0,1.0,0.0,0.0,,,,,,,,,,,,,,,,,,,,,,
2026,2021039078,2026-07-05,2114882,ファビアン,,61,打,6,1.0,0.0,1.0,0.0,0.0,0.0,0.0,0.0,0.0,0.0,0.0,,1.0,0.0,0.0,0.0,0.0,0.0,,,,,,,,,,,,,,,,,,,,,,
2026,2021039078,2026-07-05,2117433,レイノルズ,Reynolds,62,投,3,1.0,0.0,0.0,0.0,0.0,0.0,0.0,0.0,0.0,0.0,0.0,,0.0,0.0,0.0,0.0,0.0,0.0,4.0,1.0,0.0,2.0,0.0,1.41,1.0,1.0,,,0.0,1.0,0.0,0.0,0.0,,0.0,1.0,0.0,,4.0,14.0
2026,2021039079,2026-07-03,1300075,岩崎 優,Iwasaki Yuu,13,投,5,1.0,0.0,0.0,0.0,0.0,0.0,0.0,0.0,0.0,0.0,0.0,,0.0,0.0,0.0,0.0,0.0,0.0,4.0,1.0,0.0,1.0,2.0,2.57,1.0,1.0,,,9.0,1.0,0.0,0.0,0.0,,0.0,2.0,0.0,,4.0,18.0
2026,2021039079,2026-07-03,1400172,植田 海,,62,走,5,1.0,0.0,0.0,0.0,0.0,0.0,0.0,0.0,0.0,0.0,1.0,,0.0,0.0,0.0,0.0,0.0,0.0,,,,,,,,,,,,,,,,,,,,,,
2026,2021039079,2026-07-03,1400199,齋藤 綱記,Saitou Tsunaki,59,投,4,1.0,0.0,0.0,0.0,0.0,0.0,0.0,0.0,0.0,0.0,0.0,,0.0,0.0,0.0,0.0,0.0,0.0,4.0,1.0,0.0,1.0,2.0,3.42,0.6666666666666666,0.2,,,0.0,1.0,0.0,0.0,0.0,,1.0,1.0,0.0,,4.0,14.0
2026,2021039079,2026-07-03,1500050,山本 泰寛,,60,三,4,1.0,0.0,1.0,0.0,0.0,0.0,0.0,0.0,0.0,0.0,0.0,,1.0,0.0,0.0,0.0,0.0,0.0,,,,,,,,,,,,,,,,,,,,,,
2026,2021039079,2026-07-03,1500078,阿部 寿樹,,48,打,4,1.0,0.0,1.0,1.0,0.0,1.0,0.0,0.0,0.0,1.0,0.0,,0.0,0.0,0.0,0.0,0.0,0.0,,,,,,,,,,,,,,,,,,,,,,
2026,2021039079,2026-07-03,1500087,坂本 誠志郎,,12,捕,5,1.0,1.0,4.0,4.0,0.0,0.0,0.0,0.0,0.0,0.0,0.0,,0.0,0.0,0.0,0.0,0.0,0.0,,,,,,,,,,,,,,,,,,,,,,
2026,2021039079,2026-07-03,1500091,板山 祐太郎,,63,左,4,1.0,0.0,0.0,0.0,0.0,0.0,0.0,0.0,0.0,0.0,0.0,,0.0,0.0,0.0,0.0,0.0,0.0,,,,,,,,,,,,,,,,,,,,,,
2026,2021039079,2026-07-03,1561854,サノー,,23,一,4,1.0,1.0,5.0,3.0,0.0,1.0,0.0,0.0,0.0,0.0,0.0,,2.0,0.0,0.0,0.0,0.0,0.0,,,,,,,,,,,,,,,,,,,,,,
2026,2021039079,2026-07-03,1600033,ドリス,Doris,98,投,5,1.0,0.0,0.0,0.0,0.0,0.0,0.0,0.0,0.0,0.0,0.0,,0.0,0.0,0.0,0.0,0.0,0.0,3.0,1.0,0.0,1.0,2.0,1.07,1.0,1.0,,,10.0,2.0,0.0,0.0,0.0,,1.0,2.0,0.0,,6.0,28.0
2026,2021039079,2026-07-03,1600085,細川 成也,,55,左,4,1.0,1.0,6.0,6.0,0.0,2.0,0.0,0.0,0.0,0.0,0.0,,0.0,2.0,0.0,0.0,0.0,0.0,,,,,,,,,,,,,,,,,,,,,,
2026,2021039079,2026-07-03,1600106,柳 裕也,Ryuu Yuuya,17,投,4,1.0,1.0,3.0,2.0,0.0,0.0,0.0,0.0,0.0,0.0,0.0,,0.0,0.0,0.0,1.0,0.0,0.0,1.0,1.0,,4.0,2.0,2.33,7.0,7.0,,,0.0,7.0,2.0,2.0,1.0,,1.0,4.0,0.0,,28.0,109.0
2026,2021039079,2026-07-03,1600110,藤嶋 健人,Fujishima Taketo,54,投,4,1.0,0.0,0.0,0.0,0.0,0.0,0.0,0.0,0.0,0.0,0.0,,0.0,0.0,0.0,0.0,0.0,0.0,5.0,1.0,0.0,2.0,2.0,1.91,0.3333333333333333,0.1,,,0.0,0.0,0.0,0.0,0.0,,0.0,0.0,0.0,,1.0,4.0
2026,2021039079,2026-07-03,1600113,大山 悠輔,,3,一,5,1.0,1.0,5.0,4.0,0.0,1.0,0.0,0.0,0.0,0.0,0.0,,1.0,0.0,0.0,0.0,0.0,0.0,,,,,,,,,,,,,,,,,,,,,,
2026,2021039079,2026-07-03,1700079,熊谷 敬宥,,4,遊,5,1.0,1.0,5.0,5.0,0.0,1.0,0.0,0.0,0.0,0.0,0.0,,0.0,2.0,0.0,0.0,0.0,0.0,,,,,,,,,,,,,,,,,,,,,,
2026,2021039079,2026-07-03,1750223,村松 開人,,5,遊,4,1.0,1.0,5.0,5.0,0.0,1.0,0.0,0.0,0.0,0.0,0.0,,0.0,2.0,0.0,0.0,0.0,0.0,,,,,,,,,,,,,,,,,,,,,,
2026,2021039079,2026-07-03,1750701,田中 幹也,,2,打二,4,1.0,0.0,2.0,1.0,0.0,0.0,0.0,0.0,0.0,0.0,0.0,,0.0,0.0,0.0,1.0,0.0,0.0,,,,,,,,,,,,,,,,,,,,,,
2026,2021039079,2026-07-03,1800036,濱田 太貴,,32,左,5,1.0,1.0,5.0,5.0,0.0,0.0,0.0,0.0,0.0,0.0,0.0,,0.0,2.0,0.0,0.0,0.0,0.0,,,,,,,,,,,,,,,,,,,,,,
2026,2021039079,2026-07-03,1800067,木浪 聖也,,0,打,5,1.0,0.0,1.0,1.0,0.0,1.0,0.0,0.0,0.0,0.0,0.0,,0.0,0.0,0.0,0.0,0.0,0.0,,,,,,,,,,,,,,,,,,,,,,
2026,2021039079,2026-07-03,1850183,森下 翔太,,1,右,5,1.0,1.0,5.0,4.0,1.0,2.0,0.0,0.0,1.0,2.0,0.0,,1.0,0.0,0.0,0.0,0.0,0.0,,,,,,,,,,,,,,,,,,,,,,
2026,2021039079,2026-07-03,1900037,石川 昂弥,,25,三一,4,1.0,1.0,5.0,5.0,0.0,2.0,0.0,0.0,0.0,0.0,0.0,,0.0,3.0,0.0,0.0,0.0,0.0,,,,,,,,,,,,,,,,,,,,,,
2026,2021039079,2026-07-03,1900038,橋本 侑樹,Hashimoto Yuuki,13,投,4,1.0,0.0,0.0,0.0,0.0,0.0,0.0,0.0,0.0,0.0,0.0,,0.0,0.0,0.0,0.0,0.0,0.0,2.0,1.0,0.0,0.0,0.0,1.06,1.0,1.0,,,0.0,1.0,0.0,0.0,0.0,,1.0,0.0,0.0,,5.0,16.0
2026,2021039079,2026-07-03,1900041,岡林 勇希,,1,中,4,1.0,1.0,6.0,5.0,0.0,2.0,2.0,0.0,0.0,1.0,0.0,,1.0,0.0,0.0,0.0,0.0,0.0,,,,,,,,,,,,,,,,,,,,,,
2026,2021039079,2026-07-03,1900046,及川 雅貴,Oikawa Masataka,37,投,5,1.0,0.0,0.0,0.0,0.0,0.0,0.0,0.0,0.0,0.0,0.0,,0.0,0.0,0.0,0.0,0.0,0.0,6.0,1.0,0.0,1.0,1.0,5.4,1.0,1.0,,,0.0,2.0,1.0,1.0,0.0,,1.0,0.0,0.0,,6.0,22.0
2026,2021039079,2026-07-03,1900050,小野寺 暖,,60,走,5,1.0,0.0,0.0,0.0,0.0,0.0,0.0,0.0,0.0,0.0,0.0,,0.0,0.0,0.0,0.0,0.0,0.0,,,,,,,,,,,,,,,,,,,,,,
2026,2021039079,2026-07-03,1950996,前川 右京,,58,打,5,1.0,0.0,1.0,1.0,0.0,1.0,0.0,0.0,0.0,0.0,0.0,,0.0,0.0,0.0,0.0,0.0,0.0,,,,,,,,,,,,,,,,,,,,,,
2026,2021039079,2026-07-03,2000044,土田 龍空,,45,走遊,4,1.0,0.0,0.0,0.0,0.0,0.0,0.0,0.0,0.0,0.0,0.0,,0.0,0.0,0.0,0.0,0.0,0.0,,,,,,,,,,,,,,,,,,,,,,
2026,2021039079,2026-07-03,2000051,佐藤 輝明,,8,三,5,1.0,1.0,5.0,4.0,0.0,0.0,0.0,0.0,0.0,0.0,0.0,,1.0,2.0,0.0,0.0,0.0,0.0,,,,,,,,,,,,,,,,,,,,,,
2026,2021039079,2026-07-03,2000056,中野 拓夢,,7,二,5,1.0,1.0,5.0,5.0,1.0,4.0,2.0,0.0,0.0,0.0,0.0,,0.0,1.0,0.0,0.0,0.0,0.0,,,,,,,,,,,,,,,,,,,,,,
2026,2021039079,2026-07-03,2000057,高寺 望夢,,67,中,5,1.0,1.0,5.0,5.0,0.0,0.0,0.0,0.0,0.0,0.0,0.0,,0.0,0.0,0.0,0.0,0.0,0.0,,,,,,,,,,,,,,,,,,,,,,
2026,2021039079,2026-07-03,2103780,福永 裕基,,7,二,4,1.0,1.0,5.0,4.0,0.0,0.0,0.0,0.0,0.0,0.0,0.0,,0.0,1.0,1.0,0.0,0.0,0.0,,,,,,,,,,,,,,,,,,,,,,
2026,2021039079,2026-07-03,2103845,鵜飼 航丞,,66,右,4,1.0,1.0,5.0,5.0,2.0,2.0,0.0,0.0,0.0,1.0,0.0,,0.0,1.0,0.0,0.0,0.0,0.0,,,,,,,,,,,,,,,,,,,,,,
2026,2021039079,2026-07-03,2104632,百崎 蒼生,,56,打,5,1.0,0.0,1.0,1.0,0.0,0.0,0.0,0.0,0.0,0.0,0.0,,0.0,1.0,0.0,0.0,0.0,0.0,,,,,,,,,,,,,,,,,,,,,,
2026,2021039079,2026-07-03,2105102,石伊 雄太,,9,捕,4,1.0,1.0,5.0,5.0,1.0,1.0,0.0,0.0,0.0,0.0,0.0,,0.0,2.0,0.0,0.0,0.0,0.0,,,,,,,,,,,,,,,,,,,,,,
2026,2021039079,2026-07-03,2105295,吉田 聖弥,Yoshida Kiyoshi Wataru,47,投,4,1.0,0.0,0.0,0.0,0.0,0.0,0.0,0.0,0.0,0.0,0.0,,0.0,0.0,0.0,0.0,0.0,0.0,3.0,1.0,0.0,0.0,1.0,0.76,1.0,1.0,,,0.0,0.0,0.0,0.0,0.0,,0.0,2.0,0.0,,3.0,13.0
2026,2021039079,2026-07-03,2107645,尾田 剛樹,,0,走,4,1.0,0.0,0.0,0.0,0.0,0.0,0.0,0.0,0.0,0.0,0.0,,0.0,0.0,0.0,0.0,0.0,0.0,,,,,,,,,,,,,,,,,,,,,,
2026,2021039079,2026-07-03,2107869,松山 晋也,Matsuyama Shin'Ya,90,投,4,1.0,0.0,0.0,0.0,0.0,0.0,0.0,0.0,0.0,0.0,0.0,,0.0,0.0,0.0,0.0,0.0,0.0,6.0,1.0,0.0,1.0,2.0,1.83,1.0,1.0,,,13.0,1.0,0.0,0.0,0.0,,0.0,2.0,0.0,,4.0,18.0
2026,2021039079,2026-07-03,2109980,嶋村 麟士朗,,85,打,5,1.0,0.0,1.0,1.0,0.0,0.0,0.0,0.0,0.0,0.0,0.0,,0.0,1.0,0.0,0.0,0.0,0.0,,,,,,,,,,,,,,,,,,,,,,
2026,2021039079,2026-07-03,2110225,福島 圭音,,92,打,5,1.0,0.0,1.0,1.0,0.0,0.0,0.0,0.0,0.0,0.0,0.0,,0.0,0.0,0.0,0.0,0.0,0.0,,,,,,,,,,,,,,,,,,,,,,
2026,2021039079,2026-07-03,2110265,下村 海翔,Shimomura Kaishou,19,投,5,1.0,1.0,1.0,1.0,0.0,0.0,0.0,0.0,0.0,0.0,0.0,,0.0,0.0,0.0,0.0,0.0,0.0,1.0,1.0,,0.0,0.0,3.6,5.0,5.0,,,0.0,6.0,2.0,2.0,0.0,,1.0,2.0,1.0,,22.0,94.0
2026,2021039079,2026-07-03,2112146,工藤 泰成,Kudou Yasunari,49,投,5,1.0,0.0,0.0,0.0,0.0,0.0,0.0,0.0,0.0,0.0,0.0,,0.0,0.0,0.0,0.0,0.0,0.0,5.0,1.0,0.0,0.0,0.0,1.48,1.0,1.0,,,0.0,0.0,0.0,0.0,0.0,,1.0,2.0,0.0,,4.0,19.0
2026,2021039079,2026-07-03,2112444,木下 里都,Kinoshita Sato To,54,投,5,1.0,0.0,0.0,0.0,0.0,0.0,0.0,0.0,0.0,0.0,0.0,,0.0,0.0,0.0,0.0,0.0,0.0,2.0,1.0,0.0,0.0,1.0,3.24,2.0,2.0,,,0.0,1.0,0.0,0.0,0.0,,0.0,3.0,0.0,,7.0,34.0
2026,2021039080,2026-07-10,1300109,若月 健矢,,2,捕,11,1.0,0.0,2.0,2.0,0.0,0.0,0.0,0.0,0.0,0.0,0.0,,0.0,0.0,0.0,0.0,0.0,0.0,,,,,,,,,,,,,,,,,,,,,,
2026,2021039080,2026-07-10,1400117,有原 航平,Arihara Kouhei,74,,8,,,,,,,,,,,,,,,,,,,1.0,1.0,,2.0,5.0,6.47,6.0,6.0,,,0.0,6.0,1.0,1.0,1.0,,0.0,3.0,0.0,,23.0,101.0
2026,2021039080,2026-07-10,1400196,宗 佑磨,,6,三,11,1.0,1.0,4.0,4.0,0.0,1.0,1.0,0.0,0.0,0.0,0.0,,0.0,1.0,0.0,0.0,0.0,0.0,,,,,,,,,,,,,,,,,,,,,,
2026,2021039080,2026-07-10,1500096,西川 龍馬,,7,指,11,1.0,1.0,4.0,4.0,1.0,2.0,0.0,0.0,1.0,1.0,0.0,,0.0,0.0,0.0,0.0,0.0,0.0,,,,,,,,,,,,,,,,,,,,,,
2026,2021039080,2026-07-10,1500109,上原 健太,Uehara Kenta,20,,8,,,,,,,,,,,,,,,,,,,4.0,1.0,0.0,1.0,3.0,4.34,1.0,1.0,,,0.0,0.0,0.0,0.0,0.0,,0.0,2.0,0.0,,3.0,13.0
2026,2021039080,2026-07-10,1650056,福永 奨,,32,捕,11,1.0,1.0,1.0,1.0,0.0,0.0,0.0,0.0,0.0,0.0,0.0,,0.0,0.0,0.0,0.0,0.0,0.0,,,,,,,,,,,,,,,,,,,,,,
2026,2021039080,2026-07-10,1650722,杉澤 龍,,33,左,11,1.0,0.0,2.0,2.0,0.0,1.0,0.0,0.0,0.0,0.0,0.0,,0.0,1.0,0.0,0.0,0.0,0.0,,,,,,,,,,,,,,,,,,,,,,
2026,2021039080,2026-07-10,1700025,清宮 幸太郎,,21,走指,8,1.0,0.0,0.0,0.0,0.0,0.0,0.0,0.0,0.0,0.0,0.0,,0.0,0.0,0.0,0.0,0.0,0.0,,,,,,,,,,,,,,,,,,,,,,
2026,2021039080,2026-07-10,1750667,山中 稜真,,50,左一,11,1.0,1.0,4.0,4.0,0.0,1.0,0.0,0.0,0.0,0.0,0.0,,0.0,1.0,0.0,0.0,0.0,0.0,,,,,,,,,,,,,,,,,,,,,,
2026,2021039080,2026-07-10,1800068,齋藤 友貴哉,Saitou Tomotaka kana,48,,8,,,,,,,,,,,,,,,,,,,3.0,1.0,0.0,0.0,1.0,6.75,1.0,1.0,,,0.0,2.0,0.0,0.0,0.0,,0.0,2.0,0.0,,5.0,18.0
2026,2021039080,2026-07-10,1800091,野村 佑希,,5,一,8,1.0,1.0,4.0,4.0,1.0,1.0,1.0,0.0,0.0,0.0,0.0,,0.0,0.0,0.0,0.0,0.0,0.0,,,,,,,,,,,,,,,,,,,,,,
2026,2021039080,2026-07-10,1800093,万波 中正,,66,右,8,1.0,1.0,4.0,4.0,1.0,2.0,0.0,0.0,1.0,2.0,0.0,,0.0,1.0,0.0,0.0,0.0,0.0,,,,,,,,,,,,,,,,,,,,,,
2026,2021039080,2026-07-10,1800098,太田 椋,,1,二,11,1.0,1.0,4.0,4.0,0.0,2.0,0.0,0.0,0.0,0.0,0.0,,0.0,2.0,0.0,0.0,0.0,0.0,,,,,,,,,,,,,,,,,,,,,,
2026,2021039080,2026-07-10,1800110,水谷 瞬,,53,左,8,1.0,1.0,4.0,4.0,1.0,3.0,0.0,0.0,1.0,1.0,0.0,,0.0,0.0,0.0,0.0,0.0,0.0,,,,,,,,,,,,,,,,,,,,,,
2026,2021039080,2026-07-10,1850932,奈良間 大己,,58,三,8,1.0,1.0,4.0,4.0,0.0,1.0,0.0,0.0,0.0,0.0,0.0,,0.0,1.0,0.0,0.0,0.0,0.0,,,,,,,,,,,,,,,,,,,,,,
2026,2021039080,2026-07-10,1851204,水野 達稀,,43,遊,8,1.0,1.0,5.0,5.0,2.0,3.0,0.0,0.0,1.0,2.0,0.0,,0.0,0.0,0.0,0.0,0.0,0.0,,,,,,,,,,,,,,,,,,,,,,
2026,2021039080,2026-07-10,1860140,レイエス,,99,指,8,1.0,1.0,4.0,4.0,1.0,1.0,0.0,0.0,1.0,2.0,0.0,,0.0,0.0,0.0,0.0,0.0,0.0,,,,,,,,,,,,,,,,,,,,,,
2026,2021039080,2026-07-10,1900088,紅林 弘太郎,,24,遊,11,1.0,1.0,4.0,4.0,0.0,0.0,0.0,0.0,0.0,0.0,0.0,,0.0,1.0,0.0,0.0,0.0,0.0,,,,,,,,,,,,,,,,,,,,,,
2026,2021039080,2026-07-10,1900092,佐藤 一磨,Satou Kazuma,93,,11,,,,,,,,,,,,,,,,,,,1.0,1.0,,0.0,1.0,9.0,0.0,0.0,,,0.0,4.0,4.0,4.0,4.0,,0.0,0.0,0.0,,4.0,16.0
2026,2021039080,2026-07-10,1950486,進藤 勇也,,33,捕,8,1.0,1.0,4.0,3.0,1.0,0.0,0.0,0.0,0.0,0.0,0.0,,0.0,0.0,1.0,0.0,0.0,0.0,,,,,,,,,,,,,,,,,,,,,,
2026,2021039080,2026-07-10,2000098,来田 涼斗,,38,右,11,1.0,1.0,3.0,3.0,0.0,0.0,0.0,0.0,0.0,0.0,0.0,,0.0,1.0,0.0,0.0,0.0,0.0,,,,,,,,,,,,,,,,,,,,,,
2026,2021039080,2026-07-10,2050019,片山 楽生,Katayama Rakusei,49,,11,,,,,,,,,,,,,,,,,,,3.0,1.0,0.0,0.0,0.0,3.0,3.0,3.0,,,0.0,7.0,4.0,4.0,1.0,,0.0,0.0,1.0,,16.0,50.0
2026,2021039080,2026-07-10,2050143,大塚 瑠晏,,49,打二,8,1.0,0.0,1.0,1.0,0.0,1.0,1.0,0.0,0.0,0.0,0.0,,0.0,0.0,0.0,0.0,0.0,0.0,,,,,,,,,,,,,,,,,,,,,,
2026,2021039080,2026-07-10,2103713,権田 琉成,Gonda Ryuu Sei,98,,11,,,,,,,,,,,,,,,,,,,2.0,1.0,0.0,1.0,0.0,2.3,3.0,3.0,,,0.0,3.0,1.0,1.0,0.0,,0.0,3.0,0.0,,12.0,47.0
2026,2021039080,2026-07-10,2103747,渡部 遼人,,0,中,11,1.0,1.0,4.0,4.0,0.0,1.0,0.0,0.0,0.0,0.0,0.0,,0.0,0.0,0.0,0.0,0.0,1.0,,,,,,,,,,,,,,,,,,,,,,
2026,2021039080,2026-07-10,2106284,矢澤 宏太,,12,走中,8,1.0,0.0,1.0,1.0,1.0,0.0,0.0,0.0,0.0,0.0,0.0,,0.0,0.0,0.0,0.0,0.0,0.0,,,,,,,,,,,,,,,,,,,,,,
2026,2021039080,2026-07-10,2107859,金村 尚真,Kanemura Shoushin,24,,8,,,,,,,,,,,,,,,,,,,2.0,1.0,0.0,0.0,0.0,4.5,1.0,1.0,,,0.0,0.0,0.0,0.0,0.0,,0.0,2.0,0.0,,3.0,10.0
2026,2021039080,2026-07-10,2107900,吉田 賢吾,,60,中左,8,1.0,1.0,3.0,3.0,1.0,2.0,1.0,0.0,1.0,2.0,0.0,,0.0,0.0,0.0,0.0,0.0,0.0,,,,,,,,,,,,,,,,,,,,,,
2026,2021039080,2026-07-10,2108090,カストロ,,6,打左,8,1.0,0.0,1.0,1.0,0.0,0.0,0.0,0.0,0.0,0.0,0.0,,0.0,1.0,0.0,0.0,0.0,0.0,,,,,,,,,,,,,,,,,,,,,,
2026,2021039080,2026-07-10,2108361,宮國 凌空,Kyuukoku Shinoge Sora,65,,11,,,,,,,,,,,,,,,,,,,4.0,1.0,0.0,0.0,1.0,9.39,2.0,2.0,,,0.0,1.0,0.0,0.0,0.0,,0.0,1.0,0.0,,6.0,19.0
2026,2021039080,2026-07-10,2114529,山縣 秀,,54,二,8,1.0,1.0,3.0,2.0,0.0,1.0,1.0,0.0,0.0,0.0,0.0,,0.0,1.0,0.0,1.0,0.0,0.0,,,,,,,,,,,,,,,,,,,,,,
2026,2021039080,2026-07-10,2117200,シーモア,,45,一,11,1.0,1.0,2.0,2.0,0.0,0.0,0.0,0.0,0.0,0.0,0.0,,0.0,2.0,0.0,0.0,0.0,0.0,,,,,,,,,,,,,,,,,,,,,,
2026,2021039081,2026-07-11,1000175,牧原 大成,,8,二,12,1.0,1.0,4.0,4.0,0.0,0.0,0.0,0.0,0.0,0.0,0.0,,0.0,0.0,0.0,0.0,0.0,0.0,,,,,,,,,,,,,,,,,,,,,,
2026,2021039081,2026-07-11,1100061,桑原 将志,,7,中,7,1.0,1.0,3.0,3.0,0.0,0.0,0.0,0.0,0.0,0.0,0.0,,0.0,0.0,0.0,0.0,0.0,0.0,,,,,,,,,,,,,,,,,,,,,,
2026,2021039081,2026-07-11,1100097,近藤 健介,,3,指,12,1.0,1.0,4.0,4.0,0.0,0.0,0.0,0.0,0.0,0.0,0.0,,0.0,1.0,0.0,0.0,0.0,0.0,,,,,,,,,,,,,,,,,,,,,,
2026,2021039081,2026-07-11,1400126,松本 裕樹,Matsumoto Yuuki,66,,12,,,,,,,,,,,,,,,,,,,2.0,1.0,0.0,2.0,2.0,2.1,1.0,1.0,,,4.0,0.0,0.0,0.0,0.0,,1.0,0.0,0.0,,4.0,18.0
2026,2021039081,2026-07-11,1400127,栗原 陵矢,,24,一,12,1.0,1.0,4.0,3.0,1.0,1.0,0.0,0.0,1.0,1.0,0.0,,1.0,0.0,0.0,0.0,0.0,0.0,,,,,,,,,,,,,,,,,,,,,,
2026,2021039081,2026-07-11,1500117,平沢 大河,,39,左,7,1.0,1.0,4.0,3.0,0.0,0.0,0.0,0.0,0.0,0.0,0.0,,1.0,0.0,0.0,0.0,0.0,0.0,,,,,,,,,,,,,,,,,,,,,,
2026,2021039081,2026-07-11,1500140,谷川原 健太,,45,走右,12,1.0,0.0,0.0,0.0,0.0,0.0,0.0,0.0,0.0,0.0,0.0,,0.0,0.0,0.0,0.0,0.0,0.0,,,,,,,,,,,,,,,,,,,,,,
2026,2021039081,2026-07-11,1550517,大津 亮介,Ootsu Ryousuke,19,,12,,,,,,,,,,,,,,,,,,,1.0,1.0,,8.0,2.0,1.73,7.0,7.0,,,0.0,3.0,1.0,1.0,1.0,,2.0,4.0,0.0,,26.0,92.0
2026,2021039081,2026-07-11,1600134,石井 一成,,4,二,7,1.0,1.0,4.0,4.0,1.0,1.0,0.0,0.0,1.0,1.0,0.0,,0.0,2.0,0.0,0.0,0.0,0.0,,,,,,,,,,,,,,,,,,,,,,
2026,2021039081,2026-07-11,1650813,川村 友斗,,61,左,12,1.0,0.0,0.0,0.0,0.0,0.0,0.0,0.0,0.0,0.0,0.0,,0.0,0.0,0.0,0.0,0.0,0.0,,,,,,,,,,,,,,,,,,,,,,
2026,2021039081,2026-07-11,1660299,林 安可,,73,指,7,1.0,1.0,4.0,3.0,0.0,0.0,0.0,0.0,0.0,0.0,0.0,,1.0,2.0,0.0,0.0,0.0,0.0,,,,,,,,,,,,,,,,,,,,,,
2026,2021039081,2026-07-11,1700135,周東 佑京,,23,中,12,1.0,1.0,4.0,4.0,0.0,1.0,0.0,0.0,0.0,0.0,1.0,,0.0,0.0,0.0,0.0,0.0,0.0,,,,,,,,,,,,,,,,,,,,,,
2026,2021039081,2026-07-11,1800107,杉山 一樹,Sugiyama Kazuki,40,,12,,,,,,,,,,,,,,,,,,,3.0,1.0,0.0,0.0,1.0,2.66,1.0,1.0,,,14.0,1.0,0.0,0.0,0.0,,0.0,2.0,0.0,,4.0,15.0
2026,2021039081,2026-07-11,1900101,海野 隆司,,62,捕,12,1.0,1.0,3.0,3.0,1.0,1.0,0.0,0.0,0.0,0.0,0.0,,0.0,1.0,0.0,0.0,0.0,0.0,,,,,,,,,,,,,,,,,,,,,,
2026,2021039081,2026-07-11,1900104,柳町 達,,32,右左,12,1.0,1.0,3.0,2.0,1.0,1.0,0.0,0.0,0.0,0.0,0.0,,1.0,1.0,0.0,0.0,0.0,0.0,,,,,,,,,,,,,,,,,,,,,,
2026,2021039081,2026-07-11,1950149,庄子 雄大,,25,遊,12,1.0,1.0,3.0,2.0,0.0,0.0,0.0,0.0,0.0,0.0,0.0,,1.0,0.0,0.0,0.0,0.0,0.0,,,,,,,,,,,,,,,,,,,,,,
2026,2021039081,2026-07-11,1950417,渡部 聖弥,,8,三,7,1.0,1.0,4.0,4.0,0.0,1.0,1.0,0.0,0.0,0.0,0.0,,0.0,0.0,0.0,0.0,0.0,0.0,,,,,,,,,,,,,,,,,,,,,,
2026,2021039081,2026-07-11,2000077,豆田 泰志,Mameda Yasushi,70,,7,,,,,,,,,,,,,,,,,,,2.0,1.0,0.0,0.0,0.0,3.86,1.0,1.0,,,1.0,1.0,0.0,0.0,0.0,,0.0,0.0,0.0,,4.0,12.0
2026,2021039081,2026-07-11,2050145,小島 大河,,10,捕,7,1.0,1.0,3.0,3.0,0.0,0.0,0.0,0.0,0.0,0.0,0.0,,0.0,1.0,0.0,0.0,0.0,0.0,,,,,,,,,,,,,,,,,,,,,,
2026,2021039081,2026-07-11,2101047,ネビン,,26,一,7,1.0,1.0,4.0,4.0,0.0,0.0,0.0,0.0,0.0,0.0,0.0,,0.0,0.0,0.0,0.0,0.0,1.0,,,,,,,,,,,,,,,,,,,,,,
2026,2021039081,2026-07-11,2103612,黒田 将矢,Kuroda Susumu Ya,57,,7,,,,,,,,,,,,,,,,,,,3.0,1.0,0.0,2.0,0.0,2.0,1.0,1.0,,,0.0,0.0,0.0,0.0,0.0,,0.0,0.0,0.0,,3.0,9.0
2026,2021039081,2026-07-11,2103618,滝澤 夏央,,62,遊,7,1.0,1.0,4.0,3.0,0.0,0.0,0.0,0.0,0.0,0.0,0.0,,1.0,0.0,0.0,0.0,0.0,0.0,,,,,,,,,,,,,,,,,,,,,,
2026,2021039081,2026-07-11,2103735,正木 智也,,31,左,12,1.0,1.0,4.0,4.0,0.0,2.0,0.0,0.0,0.0,2.0,0.0,,0.0,2.0,0.0,0.0,0.0,0.0,,,,,,,,,,,,,,,,,,,,,,
2026,2021039081,2026-07-11,2104035,野村 勇,,99,三,12,1.0,1.0,3.0,3.0,0.0,0.0,0.0,0.0,0.0,0.0,0.0,,0.0,2.0,0.0,0.0,0.0,0.0,,,,,,,,,,,,,,,,,,,,,,
2026,2021039081,2026-07-11,2105080,武内 夏暉,Takeuchi Natsu Akira,21,,7,,,,,,,,,,,,,,,,,,,1.0,1.0,,5.0,4.0,2.77,6.0,6.0,,,0.0,5.0,3.0,3.0,1.0,,3.0,7.0,0.0,,25.0,96.0
2026,2021039081,2026-07-11,2117028,カナリオ,,25,右,7,1.0,1.0,4.0,4.0,0.0,2.0,1.0,0.0,0.0,0.0,0.0,,0.0,1.0,0.0,0.0,0.0,0.0,,,,,,,,,,,,,,,,,,,,,,
2026,2021039082,2026-07-02,900044,中村 悠平,,27,捕,2,1.0,1.0,4.0,4.0,0.0,0.0,0.0,0.0,0.0,0.0,0.0,,0.0,1.0,0.0,0.0,0.0,0.0,,,,,,,,,,,,,,,,,,,,,,
2026,2021039082,2026-07-02,1000002,筒香 嘉智,,25,打,3,1.0,0.0,1.0,0.0,0.0,0.0,0.0,0.0,0.0,1.0,0.0,,0.0,0.0,0.0,0.0,1.0,0.0,,,,,,,,,,,,,,,,,,,,,,
2026,2021039082,2026-07-02,1200053,宮崎 敏郎,,51,三,3,1.0,1.0,5.0,5.0,1.0,3.0,0.0,0.0,1.0,3.0,0.0,,0.0,0.0,0.0,0.0,0.0,0.0,,,,,,,,,,,,,,,,,,,,,,
2026,2021039082,2026-07-02,1500042,高橋 奎二,Takahashi Kei Ni,47,投,2,1.0,1.0,2.0,2.0,0.0,0.0,0.0,0.0,0.0,0.0,0.0,,0.0,1.0,0.0,0.0,0.0,0.0,1.0,1.0,,1.0,3.0,3.15,6.666666666666667,6.2,,,0.0,6.0,2.0,2.0,2.0,,1.0,4.0,0.0,,26.0,111.0
2026,2021039082,2026-07-02,1500063,柴田 竜拓,,31,走三,3,1.0,0.0,0.0,0.0,0.0,0.0,0.0,0.0,0.0,0.0,0.0,,0.0,0.0,0.0,0.0,0.0,0.0,,,,,,,,,,,,,,,,,,,,,,
2026,2021039082,2026-07-02,1600075,星 知弥,Hoshi Chi Wataru,24,投,2,1.0,0.0,0.0,0.0,0.0,0.0,0.0,0.0,0.0,0.0,0.0,,0.0,0.0,0.0,0.0,0.0,0.0,5.0,1.0,0.0,1.0,2.0,2.89,0.6666666666666666,0.2,,,1.0,3.0,4.0,3.0,0.0,,1.0,0.0,0.0,,6.0,16.0
2026,2021039082,2026-07-02,1600089,佐野 恵太,,7,一,3,1.0,1.0,5.0,4.0,1.0,1.0,0.0,0.0,0.0,0.0,0.0,,1.0,1.0,0.0,0.0,0.0,0.0,,,,,,,,,,,,,,,,,,,,,,
2026,2021039082,2026-07-02,1700059,神里 和毅,,8,走中,3,1.0,0.0,0.0,0.0,1.0,0.0,0.0,0.0,0.0,0.0,0.0,,0.0,0.0,0.0,0.0,0.0,0.0,,,,,,,,,,,,,,,,,,,,,,
2026,2021039082,2026-07-02,1700067,中川 虎大,Nakagawa Toradai,64,投,3,1.0,0.0,0.0,0.0,0.0,0.0,0.0,0.0,0.0,0.0,0.0,,0.0,0.0,0.0,0.0,0.0,0.0,3.0,1.0,0.0,4.0,2.0,1.69,1.0,1.0,,,0.0,3.0,1.0,1.0,0.0,,0.0,2.0,0.0,,5.0,24.0
2026,2021039082,2026-07-02,1700087,塩見 泰隆,,9,打,2,1.0,0.0,1.0,1.0,0.0,0.0,0.0,0.0,0.0,0.0,0.0,,0.0,1.0,0.0,0.0,0.0,0.0,,,,,,,,,,,,,,,,,,,,,,
2026,2021039082,2026-07-02,1700131,増田 珠,,63,右,2,1.0,1.0,4.0,4.0,0.0,2.0,0.0,0.0,0.0,2.0,0.0,,0.0,0.0,0.0,0.0,0.0,0.0,,,,,,,,,,,,,,,,,,,,,,
2026,2021039082,2026-07-02,1700134,尾形 崇斗,Ogata Takashi To,36,投,3,1.0,1.0,2.0,2.0,0.0,0.0,0.0,0.0,0.0,0.0,0.0,,0.0,0.0,0.0,0.0,0.0,0.0,1.0,1.0,,1.0,2.0,2.81,6.0,6.0,,,0.0,3.0,1.0,1.0,0.0,,2.0,5.0,0.0,,23.0,111.0
2026,2021039082,2026-07-02,1800033,清水 昇,Shimizu Noboru,17,投,2,1.0,0.0,0.0,0.0,0.0,0.0,0.0,0.0,0.0,0.0,0.0,,0.0,0.0,0.0,0.0,0.0,0.0,2.0,1.0,0.0,1.0,0.0,0.9,0.3333333333333333,0.1,,,1.0,0.0,0.0,0.0,0.0,,0.0,0.0,0.0,,1.0,2.0
2026,2021039082,2026-07-02,1800046,勝又 温史,,28,左,3,1.0,1.0,5.0,5.0,1.0,2.0,0.0,0.0,0.0,0.0,1.0,,0.0,0.0,0.0,0.0,0.0,0.0,,,,,,,,,,,,,,,,,,,,,,
2026,2021039082,2026-07-02,1860235,ルイーズ,Ruiizu,49,投,3,1.0,0.0,0.0,0.0,0.0,0.0,0.0,0.0,0.0,0.0,0.0,,0.0,0.0,0.0,0.0,0.0,0.0,2.0,1.0,0.0,1.0,0.0,2.16,1.0,1.0,,,0.0,0.0,0.0,0.0,0.0,,1.0,0.0,0.0,,4.0,19.0
2026,2021039082,2026-07-02,1900027,大西 広樹,Oonishi Hiroki,44,投,2,1.0,0.0,0.0,0.0,0.0,0.0,0.0,0.0,0.0,0.0,0.0,,0.0,0.0,0.0,0.0,0.0,0.0,6.0,1.0,0.0,0.0,0.0,11.25,0.3333333333333333,0.1,,,0.0,2.0,1.0,0.0,0.0,,0.0,0.0,0.0,,3.0,10.0
2026,2021039082,2026-07-02,1900028,長岡 秀樹,,7,遊,2,1.0,1.0,4.0,3.0,0.0,1.0,0.0,0.0,0.0,0.0,0.0,,1.0,1.0,0.0,0.0,0.0,1.0,,,,,,,,,,,,,,,,,,,,,,
2026,2021039082,2026-07-02,1900032,伊勢 大夢,Ise Taimu,13,投,3,1.0,0.0,0.0,0.0,0.0,0.0,0.0,0.0,0.0,0.0,0.0,,0.0,0.0,0.0,0.0,0.0,0.0,4.0,1.0,0.0,2.0,1.0,3.66,1.0,1.0,,,0.0,0.0,0.0,0.0,0.0,,0.0,2.0,0.0,,3.0,12.0
2026,2021039082,2026-07-02,1900035,蝦名 達夫,,61,打,3,1.0,0.0,1.0,1.0,0.0,0.0,0.0,0.0,0.0,0.0,0.0,,0.0,0.0,0.0,0.0,0.0,0.0,,,,,,,,,,,,,,,,,,,,,,
2026,2021039082,2026-07-02,2000031,赤羽 由紘,,0,三二,2,1.0,1.0,5.0,5.0,1.0,1.0,0.0,0.0,0.0,0.0,0.0,,0.0,0.0,0.0,0.0,0.0,0.0,,,,,,,,,,,,,,,,,,,,,,
2026,2021039082,2026-07-02,2000035,牧 秀悟,,2,二,3,1.0,1.0,5.0,5.0,1.0,1.0,0.0,0.0,0.0,0.0,0.0,,0.0,0.0,0.0,0.0,0.0,0.0,,,,,,,,,,,,,,,,,,,,,,
2026,2021039082,2026-07-02,2000133,オスナ,,13,一,2,1.0,1.0,4.0,4.0,0.0,0.0,0.0,0.0,0.0,0.0,0.0,,0.0,1.0,0.0,0.0,0.0,0.0,,,,,,,,,,,,,,,,,,,,,,
2026,2021039082,2026-07-02,2000135,サンタナ,,25,左,2,1.0,1.0,4.0,3.0,1.0,2.0,0.0,0.0,0.0,0.0,0.0,,1.0,0.0,0.0,0.0,0.0,0.0,,,,,,,,,,,,,,,,,,,,,,
2026,2021039082,2026-07-02,2100014,宮下 朝陽,,34,遊,3,1.0,1.0,4.0,3.0,0.0,1.0,1.0,0.0,0.0,0.0,0.0,,1.0,1.0,0.0,0.0,0.0,0.0,,,,,,,,,,,,,,,,,,,,,,
2026,2021039082,2026-07-02,2100277,松尾 汐恩,,5,捕,3,1.0,1.0,5.0,5.0,1.0,1.0,0.0,0.0,1.0,1.0,0.0,,0.0,0.0,0.0,0.0,0.0,0.0,,,,,,,,,,,,,,,,,,,,,,
2026,2021039082,2026-07-02,2103703,梶原 昂希,,58,中右,3,1.0,1.0,4.0,4.0,1.0,1.0,0.0,1.0,0.0,0.0,0.0,,0.0,2.0,0.0,0.0,0.0,0.0,,,,,,,,,,,,,,,,,,,,,,
2026,2021039082,2026-07-02,2103917,岩田 幸宏,,64,中左,2,1.0,1.0,4.0,4.0,0.0,0.0,0.0,0.0,0.0,0.0,0.0,,0.0,3.0,0.0,0.0,0.0,0.0,,,,,,,,,,,,,,,,,,,,,,
2026,2021039082,2026-07-02,2105626,廣澤 優,Hirosawa Yuu,70,投,2,1.0,0.0,0.0,0.0,0.0,0.0,0.0,0.0,0.0,0.0,0.0,,0.0,0.0,0.0,0.0,0.0,0.0,3.0,1.0,0.0,2.0,1.0,3.28,1.0,1.0,,,0.0,0.0,0.0,0.0,0.0,,0.0,1.0,0.0,,3.0,9.0
2026,2021039082,2026-07-02,2107178,モンテル,,90,走中,2,1.0,0.0,1.0,1.0,0.0,0.0,0.0,0.0,0.0,0.0,1.0,,0.0,1.0,0.0,0.0,0.0,0.0,,,,,,,,,,,,,,,,,,,,,,
2026,2021039082,2026-07-02,2108195,エンカーナシオン,,69,右,3,1.0,1.0,5.0,5.0,0.0,1.0,0.0,0.0,0.0,1.0,0.0,,0.0,1.0,0.0,0.0,0.0,0.0,,,,,,,,,,,,,,,,,,,,,,
2026,2021039082,2026-07-02,2112175,伊藤 琉偉,,67,二,2,1.0,1.0,3.0,3.0,0.0,0.0,0.0,0.0,0.0,0.0,0.0,,0.0,1.0,0.0,0.0,0.0,0.0,,,,,,,,,,,,,,,,,,,,,,
2026,2021039082,2026-07-02,2116854,松下 歩叶,,6,打三,2,1.0,0.0,2.0,1.0,0.0,0.0,0.0,0.0,0.0,0.0,0.0,,1.0,1.0,0.0,0.0,0.0,0.0,,,,,,,,,,,,,,,,,,,,,,
2026,2021039082,2026-07-02,2117433,レイノルズ,Reynolds,62,投,3,1.0,0.0,0.0,0.0,0.0,0.0,0.0,0.0,0.0,0.0,0.0,,0.0,0.0,0.0,0.0,0.0,0.0,5.0,1.0,0.0,2.0,0.0,1.36,1.0,1.0,,,0.0,0.0,0.0,0.0,0.0,,0.0,2.0,0.0,,3.0,15.0
2026,2021039082,2026-07-02,2122334,リランソ,Riran Soviet,62,投,2,1.0,0.0,0.0,0.0,0.0,0.0,0.0,0.0,0.0,0.0,0.0,,0.0,0.0,0.0,0.0,0.0,0.0,4.0,1.0,0.0,1.0,0.0,0.0,1.0,1.0,,,0.0,0.0,0.0,0.0,0.0,,0.0,0.0,0.0,,3.0,18.0
2026,2021039083,2026-07-07,700003,坂本 勇人,,6,三,1,1.0,1.0,3.0,2.0,0.0,0.0,0.0,0.0,0.0,0.0,0.0,,1.0,0.0,0.0,0.0,0.0,0.0,,,,,,,,,,,,,,,,,,,,,,
2026,2021039083,2026-07-07,800043,丸 佳浩,,8,打,1,1.0,0.0,1.0,1.0,0.0,0.0,0.0,0.0,0.0,0.0,0.0,,0.0,1.0,0.0,0.0,0.0,0.0,,,,,,,,,,,,,,,,,,,,,,
2026,2021039083,2026-07-07,1000138,大野 雄大,Oono Yuudai,22,投,4,1.0,1.0,3.0,3.0,0.0,0.0,0.0,0.0,0.0,0.0,0.0,,0.0,2.0,0.0,0.0,0.0,0.0,1.0,1.0,,6.0,4.0,1.89,8.0,8.0,,,0.0,2.0,0.0,0.0,0.0,,2.0,7.0,0.0,,28.0,102.0
2026,2021039083,2026-07-07,1100095,松本 剛,,9,右,1,1.0,1.0,4.0,4.0,0.0,0.0,0.0,0.0,0.0,0.0,0.0,,0.0,1.0,0.0,0.0,0.0,0.0,,,,,,,,,,,,,,,,,,,,,,
2026,2021039083,2026-07-07,1500054,増田 大輝,,0,走,1,1.0,0.0,0.0,0.0,0.0,0.0,0.0,0.0,0.0,0.0,0.0,,0.0,0.0,0.0,0.0,0.0,0.0,,,,,,,,,,,,,,,,,,,,,,
2026,2021039083,2026-07-07,1561820,ダルベック,,29,一,1,1.0,1.0,4.0,4.0,0.0,0.0,0.0,0.0,0.0,0.0,0.0,,0.0,2.0,0.0,0.0,0.0,0.0,,,,,,,,,,,,,,,,,,,,,,
2026,2021039083,2026-07-07,1561854,サノー,,23,一,4,1.0,1.0,3.0,3.0,0.0,1.0,0.0,0.0,0.0,1.0,0.0,,0.0,1.0,0.0,0.0,0.0,0.0,,,,,,,,,,,,,,,,,,,,,,
2026,2021039083,2026-07-07,1600085,細川 成也,,55,左,4,1.0,1.0,4.0,4.0,0.0,0.0,0.0,0.0,0.0,0.0,0.0,,0.0,1.0,0.0,0.0,0.0,0.0,,,,,,,,,,,,,,,,,,,,,,
2026,2021039083,2026-07-07,1600100,高梨 雄平,Takanashi Yuuhei,53,投,1,1.0,0.0,0.0,0.0,0.0,0.0,0.0,0.0,0.0,0.0,0.0,,0.0,0.0,0.0,0.0,0.0,0.0,3.0,1.0,0.0,1.0,0.0,1.13,0.6666666666666666,0.2,,,0.0,1.0,0.0,0.0,0.0,,0.0,0.0,0.0,,3.0,7.0
2026,2021039083,2026-07-07,1700044,大城 卓三,,24,捕,1,1.0,1.0,4.0,4.0,0.0,0.0,0.0,0.0,0.0,0.0,0.0,,0.0,2.0,0.0,0.0,0.0,0.0,,,,,,,,,,,,,,,,,,,,,,
2026,2021039083,2026-07-07,1750223,村松 開人,,5,遊,4,1.0,1.0,4.0,0.0,1.0,0.0,0.0,0.0,0.0,0.0,1.0,,2.0,0.0,1.0,1.0,0.0,0.0,,,,,,,,,,,,,,,,,,,,,,
2026,2021039083,2026-07-07,1750321,泉口 友汰,,35,遊,1,1.0,1.0,4.0,4.0,0.0,1.0,0.0,0.0,0.0,0.0,0.0,,0.0,1.0,0.0,0.0,0.0,0.0,,,,,,,,,,,,,,,,,,,,,,
2026,2021039083,2026-07-07,1750701,田中 幹也,,2,二,4,1.0,1.0,4.0,4.0,0.0,1.0,0.0,0.0,0.0,0.0,0.0,,0.0,1.0,0.0,0.0,0.0,0.0,,,,,,,,,,,,,,,,,,,,,,
2026,2021039083,2026-07-07,1900037,石川 昂弥,,25,三,4,1.0,1.0,3.0,3.0,0.0,1.0,1.0,0.0,0.0,0.0,0.0,,0.0,0.0,0.0,0.0,0.0,0.0,,,,,,,,,,,,,,,,,,,,,,
2026,2021039083,2026-07-07,1900041,岡林 勇希,,1,中,4,1.0,1.0,4.0,4.0,0.0,0.0,0.0,0.0,0.0,0.0,0.0,,0.0,2.0,0.0,0.0,0.0,0.0,,,,,,,,,,,,,,,,,,,,,,
2026,2021039083,2026-07-07,1951153,浦田 俊輔,,32,二,1,1.0,1.0,4.0,4.0,0.0,1.0,1.0,0.0,0.0,0.0,0.0,,0.0,0.0,0.0,0.0,0.0,0.0,,,,,,,,,,,,,,,,,,,,,,
2026,2021039083,2026-07-07,2102410,浅野 翔吾,,51,左,1,1.0,1.0,3.0,3.0,0.0,1.0,0.0,0.0,0.0,0.0,0.0,,0.0,0.0,0.0,0.0,0.0,0.0,,,,,,,,,,,,,,,,,,,,,,
2026,2021039083,2026-07-07,2103697,大勢,Oozei,15,投,1,1.0,0.0,0.0,0.0,0.0,0.0,0.0,0.0,0.0,0.0,0.0,,0.0,0.0,0.0,0.0,0.0,0.0,2.0,1.0,0.0,1.0,1.0,2.3,1.0,1.0,,,3.0,0.0,0.0,0.0,0.0,,0.0,2.0,0.0,,3.0,10.0
2026,2021039083,2026-07-07,2103845,鵜飼 航丞,,66,右,4,1.0,1.0,3.0,2.0,0.0,0.0,0.0,0.0,0.0,0.0,0.0,,1.0,2.0,0.0,0.0,0.0,0.0,,,,,,,,,,,,,,,,,,,,,,
2026,2021039083,2026-07-07,2105102,石伊 雄太,,9,捕,4,1.0,1.0,3.0,3.0,0.0,1.0,0.0,0.0,0.0,0.0,0.0,,0.0,2.0,0.0,0.0,0.0,0.0,,,,,,,,,,,,,,,,,,,,,,
2026,2021039083,2026-07-07,2107645,尾田 剛樹,,0,左,4,1.0,0.0,0.0,0.0,0.0,0.0,0.0,0.0,0.0,0.0,0.0,,0.0,0.0,0.0,0.0,0.0,0.0,,,,,,,,,,,,,,,,,,,,,,
2026,2021039083,2026-07-07,2107869,松山 晋也,Matsuyama Shin'Ya,90,投,4,1.0,0.0,0.0,0.0,0.0,0.0,0.0,0.0,0.0,0.0,0.0,,0.0,0.0,0.0,0.0,0.0,0.0,2.0,1.0,0.0,1.0,2.0,1.74,1.0,1.0,,,14.0,1.0,0.0,0.0,0.0,,1.0,2.0,0.0,,5.0,17.0
2026,2021039083,2026-07-07,2107874,門脇 誠,,5,走,1,1.0,0.0,0.0,0.0,0.0,0.0,0.0,0.0,0.0,0.0,0.0,,0.0,0.0,0.0,0.0,0.0,0.0,,,,,,,,,,,,,,,,,,,,,,
2026,2021039083,2026-07-07,2117509,ウィットリー,Wit Lee,26,投,1,1.0,1.0,2.0,2.0,0.0,0.0,0.0,0.0,0.0,0.0,0.0,,0.0,2.0,0.0,0.0,0.0,0.0,1.0,1.0,,3.0,4.0,2.51,6.0,6.0,,,0.0,3.0,1.0,1.0,0.0,,3.0,9.0,1.0,,24.0,100.0
2026,2021039083,2026-07-07,2118291,田和 廉,Tawa Ren,30,投,1,1.0,0.0,0.0,0.0,0.0,0.0,0.0,0.0,0.0,0.0,0.0,,0.0,0.0,0.0,0.0,0.0,0.0,4.0,1.0,0.0,0.0,0.0,1.52,0.3333333333333333,0.1,,,0.0,0.0,0.0,0.0,0.0,,0.0,0.0,0.0,,1.0,1.0
2026,2021039083,2026-07-07,2118420,キャベッジ,,13,中,1,1.0,1.0,4.0,2.0,0.0,0.0,0.0,0.0,0.0,0.0,0.0,,2.0,0.0,0.0,0.0,0.0,0.0,,,,,,,,,,,,,,,,,,,,,,
2026,2021039084,2026-07-12,1100082,菊池 涼介,,33,二,6,1.0,1.0,4.0,3.0,0.0,1.0,0.0,0.0,0.0,1.0,0.0,,0.0,1.0,0.0,1.0,0.0,0.0,,,,,,,,,,,,,,,,,,,,,,
2026,2021039084,2026-07-12,1500087,坂本 誠志郎,,12,捕,5,1.0,1.0,2.0,1.0,0.0,0.0,0.0,0.0,0.0,0.0,0.0,,1.0,1.0,0.0,0.0,0.0,0.0,,,,,,,,,,,,,,,,,,,,,,
2026,2021039084,2026-07-12,1600113,大山 悠輔,,3,一,5,1.0,1.0,3.0,3.0,0.0,0.0,0.0,0.0,0.0,0.0,0.0,,0.0,2.0,0.0,0.0,0.0,0.0,,,,,,,,,,,,,,,,,,,,,,
2026,2021039084,2026-07-12,1600124,坂倉 将吾,,31,三一,6,1.0,1.0,4.0,4.0,1.0,1.0,0.0,0.0,0.0,0.0,0.0,,0.0,1.0,0.0,0.0,0.0,0.0,,,,,,,,,,,,,,,,,,,,,,
2026,2021039084,2026-07-12,1700072,遠藤 淳志,Endou Atsushi,66,投,6,1.0,0.0,0.0,0.0,0.0,0.0,0.0,0.0,0.0,0.0,0.0,,0.0,0.0,0.0,0.0,0.0,0.0,2.0,1.0,0.0,0.0,1.0,2.03,1.0,1.0,,,0.0,0.0,0.0,0.0,0.0,,0.0,1.0,0.0,,3.0,13.0
2026,2021039084,2026-07-12,1700079,熊谷 敬宥,,4,遊,5,1.0,1.0,2.0,2.0,0.0,0.0,0.0,0.0,0.0,0.0,0.0,,0.0,0.0,0.0,0.0,0.0,0.0,,,,,,,,,,,,,,,,,,,,,,
2026,2021039084,2026-07-12,1700137,大竹 耕太郎,Ootake Koutarou,21,投,5,1.0,1.0,0.0,0.0,0.0,0.0,0.0,0.0,0.0,0.0,0.0,,0.0,0.0,0.0,0.0,0.0,0.0,1.0,1.0,,3.0,6.0,2.77,3.0,3.0,,,0.0,8.0,5.0,5.0,0.0,,1.0,2.0,0.0,,16.0,64.0
2026,2021039084,2026-07-12,1800067,木浪 聖也,,0,打遊,5,1.0,0.0,1.0,1.0,0.0,0.0,0.0,0.0,0.0,0.0,0.0,,0.0,0.0,0.0,0.0,0.0,0.0,,,,,,,,,,,,,,,,,,,,,,
2026,2021039084,2026-07-12,1800072,小園 海斗,,5,遊三,6,1.0,1.0,4.0,4.0,1.0,1.0,0.0,0.0,0.0,1.0,0.0,,0.0,1.0,0.0,0.0,0.0,0.0,,,,,,,,,,,,,,,,,,,,,,
2026,2021039084,2026-07-12,1800079,大盛 穂,,59,中,6,1.0,1.0,5.0,4.0,1.0,1.0,0.0,0.0,0.0,1.0,0.0,,0.0,0.0,1.0,0.0,0.0,0.0,,,,,,,,,,,,,,,,,,,,,,
2026,2021039084,2026-07-12,1850183,森下 翔太,,1,右,5,1.0,1.0,4.0,4.0,0.0,1.0,0.0,0.0,0.0,0.0,0.0,,0.0,0.0,0.0,0.0,0.0,0.0,,,,,,,,,,,,,,,,,,,,,,
2026,2021039084,2026-07-12,1850405,名原 典彦,,92,右左,6,1.0,1.0,5.0,5.0,1.0,1.0,1.0,0.0,0.0,0.0,0.0,,0.0,0.0,0.0,0.0,0.0,0.0,,,,,,,,,,,,,,,,,,,,,,
2026,2021039084,2026-07-12,1900046,及川 雅貴,Oikawa Masataka,37,投,5,1.0,0.0,0.0,0.0,0.0,0.0,0.0,0.0,0.0,0.0,0.0,,0.0,0.0,0.0,0.0,0.0,0.0,4.0,1.0,0.0,1.0,1.0,5.09,1.0,1.0,,,0.0,0.0,0.0,0.0,0.0,,0.0,0.0,0.0,,3.0,15.0
2026,2021039084,2026-07-12,1900056,石原 貴規,,32,捕,6,1.0,1.0,4.0,4.0,0.0,0.0,0.0,0.0,0.0,0.0,0.0,,0.0,0.0,0.0,0.0,0.0,0.0,,,,,,,,,,,,,,,,,,,,,,
2026,2021039084,2026-07-12,1950996,前川 右京,,58,左,5,1.0,1.0,3.0,3.0,1.0,1.0,0.0,0.0,1.0,1.0,0.0,,0.0,0.0,0.0,0.0,0.0,0.0,,,,,,,,,,,,,,,,,,,,,,
2026,2021039084,2026-07-12,1961927,モンテロ,,95,一,6,1.0,1.0,3.0,3.0,0.0,3.0,1.0,0.0,0.0,2.0,0.0,,0.0,0.0,0.0,0.0,0.0,0.0,,,,,,,,,,,,,,,,,,,,,,
2026,2021039084,2026-07-12,2000051,佐藤 輝明,,8,三,5,1.0,1.0,4.0,4.0,0.0,0.0,0.0,0.0,0.0,0.0,0.0,,0.0,2.0,0.0,0.0,0.0,0.0,,,,,,,,,,,,,,,,,,,,,,
2026,2021039084,2026-07-12,2000054,榮枝 裕貴,,39,打捕,5,1.0,0.0,1.0,1.0,0.0,0.0,0.0,0.0,0.0,0.0,0.0,,0.0,1.0,0.0,0.0,0.0,0.0,,,,,,,,,,,,,,,,,,,,,,
2026,2021039084,2026-07-12,2000056,中野 拓夢,,7,二,5,1.0,1.0,4.0,4.0,0.0,0.0,0.0,0.0,0.0,0.0,0.0,,0.0,0.0,0.0,0.0,0.0,0.0,,,,,,,,,,,,,,,,,,,,,,
2026,2021039084,2026-07-12,2000057,高寺 望夢,,67,中,5,1.0,1.0,4.0,3.0,0.0,0.0,0.0,0.0,0.0,0.0,0.0,,1.0,2.0,0.0,0.0,0.0,0.0,,,,,,,,,,,,,,,,,,,,,,
2026,2021039084,2026-07-12,2000061,森浦 大輔,Moriura Daisuke,13,投,6,1.0,0.0,0.0,0.0,0.0,0.0,0.0,0.0,0.0,0.0,0.0,,0.0,0.0,0.0,0.0,0.0,0.0,3.0,1.0,0.0,3.0,2.0,2.83,1.0,1.0,,,9.0,0.0,0.0,0.0,0.0,,0.0,2.0,0.0,,4.0,17.0
2026,2021039084,2026-07-12,2000065,矢野 雅哉,,4,走遊,6,1.0,0.0,1.0,1.0,0.0,0.0,0.0,0.0,0.0,0.0,0.0,,0.0,0.0,0.0,0.0,0.0,1.0,,,,,,,,,,,,,,,,,,,,,,
2026,2021039084,2026-07-12,2050203,佐々木 泰,,10,左,6,1.0,1.0,4.0,3.0,0.0,1.0,0.0,0.0,0.0,0.0,0.0,,1.0,0.0,0.0,0.0,0.0,0.0,,,,,,,,,,,,,,,,,,,,,,
2026,2021039084,2026-07-12,2103788,森 翔平,Mori Shouhei,16,投,6,1.0,1.0,3.0,2.0,1.0,1.0,0.0,0.0,0.0,0.0,0.0,,1.0,1.0,0.0,0.0,0.0,0.0,1.0,1.0,,1.0,0.0,2.1,7.0,7.0,,,0.0,2.0,1.0,1.0,1.0,,2.0,7.0,0.0,,24.0,93.0
2026,2021039084,2026-07-12,2104632,百崎 蒼生,,56,打,5,1.0,0.0,1.0,1.0,0.0,0.0,0.0,0.0,0.0,0.0,0.0,,0.0,1.0,0.0,0.0,0.0,0.0,,,,,,,,,,,,,,,,,,,,,,
2026,2021039084,2026-07-12,2106233,石黒 佑弥,Ishiguro Yuu Wataru,63,投,5,1.0,0.0,0.0,0.0,0.0,0.0,0.0,0.0,0.0,0.0,0.0,,0.0,0.0,0.0,0.0,0.0,0.0,3.0,1.0,0.0,0.0,0.0,4.32,1.0,1.0,,,0.0,0.0,0.0,0.0,0.0,,0.0,0.0,1.0,,4.0,15.0
2026,2021039084,2026-07-12,2107875,久保 修,,56,右,6,1.0,0.0,0.0,0.0,0.0,0.0,0.0,0.0,0.0,0.0,0.0,,0.0,0.0,0.0,0.0,0.0,0.0,,,,,,,,,,,,,,,,,,,,,,
2026,2021039084,2026-07-12,2109682,今朝丸 裕喜,Kesamaru Hiroki,28,投,5,1.0,0.0,1.0,1.0,0.0,0.0,0.0,0.0,0.0,0.0,0.0,,0.0,1.0,0.0,0.0,0.0,0.0,2.0,1.0,0.0,0.0,0.0,0.0,3.0,3.0,,,0.0,2.0,0.0,0.0,0.0,,1.0,2.0,0.0,,12.0,41.0
2026,2021039084,2026-07-12,2110225,福島 圭音,,92,打,5,1.0,0.0,1.0,1.0,0.0,0.0,0.0,0.0,0.0,0.0,0.0,,0.0,0.0,0.0,0.0,0.0,0.0,,,,,,,,,,,,,,,,,,,,,,
2026,2021039084,2026-07-12,2110422,勝田 成,,0,二,6,1.0,0.0,0.0,0.0,0.0,0.0,0.0,0.0,0.0,0.0,0.0,,0.0,0.0,0.0,0.0,0.0,0.0,,,,,,,,,,,,,,,,,,,,,,
2026,2021039084,2026-07-12,2112141,津田 淳哉,Tsuda Jun'Ya,66,投,5,1.0,0.0,0.0,0.0,0.0,0.0,0.0,0.0,0.0,0.0,0.0,,0.0,0.0,0.0,0.0,0.0,0.0,5.0,1.0,0.0,0.0,0.0,0.0,1.0,1.0,,,0.0,0.0,0.0,0.0,0.0,,0.0,0.0,0.0,,3.0,16.0
2026,2021039084,2026-07-12,2112143,佐藤 啓介,,94,打,6,1.0,0.0,1.0,1.0,0.0,0.0,0.0,0.0,0.0,0.0,0.0,,0.0,0.0,0.0,0.0,0.0,0.0,,,,,,,,,,,,,,,,,,,,,,
2026,2021039085,2026-07-12,900056,浅村 栄斗,,3,指,376,1.0,1.0,4.0,3.0,0.0,0.0,0.0,0.0,0.0,1.0,0.0,,0.0,1.0,0.0,0.0,1.0,0.0,,,,,,,,,,,,,,,,,,,,,,
2026,2021039085,2026-07-12,1300076,加治屋 蓮,Kajiya Ren,41,,376,,,,,,,,,,,,,,,,,,,2.0,1.0,0.0,2.0,2.0,3.54,1.0,1.0,,,0.0,0.0,0.0,0.0,0.0,,1.0,1.0,0.0,,4.0,15.0
2026,2021039085,2026-07-12,1600007,村林 一輝,,6,二,376,1.0,1.0,4.0,3.0,1.0,2.0,0.0,0.0,0.0,0.0,0.0,,1.0,1.0,0.0,0.0,0.0,0.0,,,,,,,,,,,,,,,,,,,,,,
2026,2021039085,2026-07-12,1700025,清宮 幸太郎,,21,一,8,1.0,1.0,4.0,4.0,0.0,0.0,0.0,0.0,0.0,0.0,0.0,,0.0,1.0,0.0,0.0,0.0,0.0,,,,,,,,,,,,,,,,,,,,,,
2026,2021039085,2026-07-12,1800093,万波 中正,,66,右,8,1.0,1.0,4.0,3.0,0.0,0.0,0.0,0.0,0.0,0.0,0.0,,1.0,1.0,0.0,0.0,0.0,0.0,,,,,,,,,,,,,,,,,,,,,,
2026,2021039085,2026-07-12,1800095,田宮 裕涼,,64,捕,8,1.0,1.0,2.0,2.0,0.0,0.0,0.0,0.0,0.0,0.0,0.0,,0.0,1.0,0.0,0.0,0.0,0.0,,,,,,,,,,,,,,,,,,,,,,
2026,2021039085,2026-07-12,1800110,水谷 瞬,,53,左,8,1.0,1.0,4.0,4.0,0.0,0.0,0.0,0.0,0.0,0.0,0.0,,0.0,4.0,0.0,0.0,0.0,0.0,,,,,,,,,,,,,,,,,,,,,,
2026,2021039085,2026-07-12,1800117,辰己 涼介,,8,中,376,1.0,1.0,4.0,4.0,2.0,2.0,2.0,0.0,0.0,1.0,0.0,,0.0,0.0,0.0,0.0,0.0,0.0,,,,,,,,,,,,,,,,,,,,,,
2026,2021039085,2026-07-12,1800118,太田 光,,2,捕,376,1.0,1.0,4.0,4.0,0.0,0.0,0.0,0.0,0.0,0.0,0.0,,0.0,3.0,0.0,0.0,0.0,0.0,,,,,,,,,,,,,,,,,,,,,,
2026,2021039085,2026-07-12,1800122,渡邊 佳明,,35,一,376,1.0,1.0,4.0,3.0,0.0,0.0,0.0,0.0,0.0,0.0,0.0,,1.0,0.0,0.0,0.0,0.0,0.0,,,,,,,,,,,,,,,,,,,,,,
2026,2021039085,2026-07-12,1850932,奈良間 大己,,58,二,8,1.0,1.0,3.0,3.0,0.0,0.0,0.0,0.0,0.0,0.0,0.0,,0.0,1.0,0.0,0.0,0.0,0.0,,,,,,,,,,,,,,,,,,,,,,
2026,2021039085,2026-07-12,1851157,宗山 塁,,1,遊,376,1.0,1.0,4.0,4.0,0.0,1.0,1.0,0.0,0.0,3.0,0.0,,0.0,0.0,0.0,0.0,0.0,0.0,,,,,,,,,,,,,,,,,,,,,,
2026,2021039085,2026-07-12,1860140,レイエス,,99,指,8,1.0,1.0,4.0,3.0,0.0,0.0,0.0,0.0,0.0,0.0,0.0,,1.0,0.0,0.0,0.0,0.0,0.0,,,,,,,,,,,,,,,,,,,,,,
2026,2021039085,2026-07-12,1900040,郡司 裕也,,3,三,8,1.0,1.0,4.0,3.0,0.0,1.0,0.0,0.0,0.0,0.0,0.0,,1.0,1.0,0.0,0.0,0.0,0.0,,,,,,,,,,,,,,,,,,,,,,
2026,2021039085,2026-07-12,1900112,小深田 大翔,,0,二,376,1.0,0.0,0.0,0.0,0.0,0.0,0.0,0.0,0.0,0.0,0.0,,0.0,0.0,0.0,0.0,0.0,0.0,,,,,,,,,,,,,,,,,,,,,,
2026,2021039085,2026-07-12,1900113,黒川 史陽,,24,三一,376,1.0,1.0,4.0,4.0,2.0,2.0,0.0,0.0,0.0,0.0,0.0,,0.0,1.0,0.0,0.0,0.0,1.0,,,,,,,,,,,,,,,,,,,,,,
2026,2021039085,2026-07-12,1900115,武藤 敦貴,,50,走中,376,1.0,0.0,0.0,0.0,1.0,0.0,0.0,0.0,0.0,0.0,0.0,,0.0,0.0,0.0,0.0,0.0,0.0,,,,,,,,,,,,,,,,,,,,,,
2026,2021039085,2026-07-12,1950278,中島 大輔,,32,右,376,1.0,1.0,5.0,5.0,0.0,1.0,1.0,0.0,0.0,0.0,0.0,,0.0,1.0,0.0,0.0,0.0,0.0,,,,,,,,,,,,,,,,,,,,,,
2026,2021039085,2026-07-12,1950486,進藤 勇也,,33,捕,8,1.0,0.0,0.0,0.0,0.0,0.0,0.0,0.0,0.0,0.0,0.0,,0.0,0.0,0.0,0.0,0.0,0.0,,,,,,,,,,,,,,,,,,,,,,
2026,2021039085,2026-07-12,2000079,伊藤 大海,Itou Taikai,17,,8,,,,,,,,,,,,,,,,,,,1.0,1.0,,8.0,4.0,3.2,7.0,7.0,,,0.0,11.0,6.0,6.0,1.0,,0.0,6.0,0.0,,31.0,80.0
2026,2021039085,2026-07-12,2000121,早川 隆久,Hayakawa Takahisa,21,,376,,,,,,,,,,,,,,,,,,,1.0,1.0,,4.0,3.0,2.04,8.0,8.0,,,0.0,2.0,0.0,0.0,0.0,,2.0,12.0,0.0,,29.0,117.0
2026,2021039085,2026-07-12,2050199,畔柳 亨丞,Kuroyanagi Tooru Susumu,46,,8,,,,,,,,,,,,,,,,,,,2.0,1.0,0.0,0.0,0.0,3.38,1.0,1.0,,,0.0,1.0,2.0,2.0,0.0,,2.0,1.0,0.0,,6.0,29.0
2026,2021039085,2026-07-12,2103614,小森 航大郎,,73,左,376,1.0,0.0,0.0,0.0,0.0,0.0,0.0,0.0,0.0,0.0,0.0,,0.0,0.0,0.0,0.0,0.0,0.0,,,,,,,,,,,,,,,,,,,,,,
2026,2021039085,2026-07-12,2105283,平良 竜哉,,48,走三,376,1.0,0.0,0.0,0.0,1.0,0.0,0.0,0.0,0.0,0.0,0.0,,0.0,0.0,0.0,0.0,0.0,0.0,,,,,,,,,,,,,,,,,,,,,,
2026,2021039085,2026-07-12,2107900,吉田 賢吾,,60,中,8,1.0,1.0,4.0,4.0,0.0,0.0,0.0,0.0,0.0,0.0,0.0,,0.0,1.0,0.0,0.0,0.0,0.0,,,,,,,,,,,,,,,,,,,,,,
2026,2021039085,2026-07-12,2108090,カストロ,,6,打,8,1.0,0.0,1.0,1.0,0.0,0.0,0.0,0.0,0.0,0.0,0.0,,0.0,1.0,0.0,0.0,0.0,0.0,,,,,,,,,,,,,,,,,,,,,,
2026,2021039085,2026-07-12,2114529,山縣 秀,,54,遊,8,1.0,1.0,3.0,3.0,0.0,1.0,1.0,0.0,0.0,0.0,0.0,,0.0,2.0,0.0,0.0,0.0,0.0,,,,,,,,,,,,,,,,,,,,,,
2026,2021039085,2026-07-12,2122300,マッカスカー,,34,左,376,1.0,1.0,4.0,4.0,1.0,4.0,1.0,0.0,1.0,3.0,0.0,,0.0,0.0,0.0,0.0,0.0,0.0,,,,,,,,,,,,,,,,,,,,,,
2026,2021039086,2026-07-07,800080,岩嵜 翔,Iwa ? Shou,40,,11,,,,,,,,,,,,,,,,,,,3.0,1.0,0.0,0.0,0.0,2.08,1.0,1.0,,,0.0,0.0,0.0,0.0,0.0,,1.0,1.0,0.0,,4.0,15.0
2026,2021039086,2026-07-07,1100061,桑原 将志,,7,走左,7,1.0,0.0,0.0,0.0,0.0,0.0,0.0,0.0,0.0,0.0,0.0,,0.0,0.0,0.0,0.0,0.0,0.0,,,,,,,,,,,,,,,,,,,,,,
2026,2021039086,2026-07-07,1300061,中村 祐太,Nakamura Yuuta,58,,7,,,,,,,,,,,,,,,,,,,2.0,1.0,0.0,0.0,0.0,1.93,2.0,2.0,,,0.0,0.0,0.0,0.0,0.0,,0.0,2.0,0.0,,6.0,24.0
2026,2021039086,2026-07-07,1300100,森 友哉,,4,指,11,1.0,1.0,4.0,3.0,2.0,2.0,0.0,0.0,1.0,1.0,0.0,,1.0,0.0,0.0,0.0,0.0,0.0,,,,,,,,,,,,,,,,,,,,,,
2026,2021039086,2026-07-07,1300109,若月 健矢,,2,捕,11,1.0,1.0,4.0,3.0,0.0,1.0,0.0,0.0,0.0,0.0,0.0,,0.0,2.0,0.0,1.0,0.0,0.0,,,,,,,,,,,,,,,,,,,,,,
2026,2021039086,2026-07-07,1400182,高橋 光成,Takahashi Mitsunari,13,,7,,,,,,,,,,,,,,,,,,,1.0,1.0,,7.0,3.0,1.71,3.0,3.0,,,0.0,5.0,4.0,4.0,1.0,,4.0,5.0,0.0,,18.0,90.0
2026,2021039086,2026-07-07,1400196,宗 佑磨,,6,三,11,1.0,1.0,7.0,6.0,1.0,1.0,0.0,0.0,0.0,0.0,0.0,,1.0,1.0,0.0,0.0,0.0,0.0,,,,,,,,,,,,,,,,,,,,,,
2026,2021039086,2026-07-07,1500096,西川 龍馬,,7,左,11,1.0,1.0,6.0,5.0,1.0,1.0,0.0,0.0,0.0,0.0,0.0,,1.0,2.0,0.0,0.0,0.0,0.0,,,,,,,,,,,,,,,,,,,,,,
2026,2021039086,2026-07-07,1500112,平沼 翔太,,61,打,11,1.0,0.0,1.0,1.0,0.0,0.0,0.0,0.0,0.0,0.0,0.0,,0.0,0.0,0.0,0.0,0.0,0.0,,,,,,,,,,,,,,,,,,,,,,
2026,2021039086,2026-07-07,1500117,平沢 大河,,39,一,7,1.0,1.0,6.0,6.0,1.0,2.0,1.0,0.0,0.0,0.0,0.0,,0.0,0.0,0.0,0.0,0.0,1.0,,,,,,,,,,,,,,,,,,,,,,
2026,2021039086,2026-07-07,1600129,源田 壮亮,,6,遊,7,1.0,0.0,0.0,0.0,0.0,0.0,0.0,0.0,0.0,0.0,0.0,,0.0,0.0,0.0,0.0,0.0,0.0,,,,,,,,,,,,,,,,,,,,,,
2026,2021039086,2026-07-07,1600134,石井 一成,,4,二,7,1.0,1.0,5.0,4.0,0.0,0.0,0.0,0.0,0.0,0.0,0.0,,1.0,0.0,0.0,0.0,0.0,0.0,,,,,,,,,,,,,,,,,,,,,,
2026,2021039086,2026-07-07,1600155,山崎 颯一郎,Yamazaki Sai Ichirou,21,,11,,,,,,,,,,,,,,,,,,,4.0,1.0,0.0,1.0,3.0,2.4,1.0,1.0,,,0.0,1.0,0.0,0.0,0.0,,0.0,1.0,0.0,,4.0,19.0
2026,2021039086,2026-07-07,1650056,福永 奨,,32,捕,11,1.0,0.0,1.0,0.0,0.0,0.0,0.0,0.0,0.0,0.0,0.0,,0.0,0.0,0.0,1.0,0.0,0.0,,,,,,,,,,,,,,,,,,,,,,
2026,2021039086,2026-07-07,1650221,椋木 蓮,Mukunoki Ren,15,,11,,,,,,,,,,,,,,,,,,,5.0,1.0,0.0,1.0,2.0,2.67,1.0,1.0,,,1.0,2.0,1.0,1.0,0.0,,0.0,0.0,0.0,,5.0,23.0
2026,2021039086,2026-07-07,1700101,博志,Hiroshi,66,,11,,,,,,,,,,,,,,,,,,,8.0,1.0,0.0,2.0,0.0,0.92,1.6666666666666663,1.2,,,0.0,0.0,0.0,0.0,0.0,,0.0,0.0,0.0,,4.0,18.0
2026,2021039086,2026-07-07,1700122,西川 愛也,,51,中,7,1.0,1.0,5.0,4.0,1.0,2.0,0.0,0.0,0.0,0.0,0.0,,1.0,0.0,0.0,0.0,0.0,0.0,,,,,,,,,,,,,,,,,,,,,,
2026,2021039086,2026-07-07,1750472,古賀 悠斗,,22,捕,7,1.0,1.0,6.0,5.0,0.0,0.0,0.0,0.0,0.0,0.0,0.0,,0.0,0.0,0.0,1.0,0.0,0.0,,,,,,,,,,,,,,,,,,,,,,
2026,2021039086,2026-07-07,1750543,高島 泰都,Takashima Yasushi To,96,,11,,,,,,,,,,,,,,,,,,,1.0,1.0,,3.0,1.0,3.91,4.666666666666667,4.2,,,0.0,7.0,3.0,3.0,0.0,,2.0,2.0,0.0,,22.0,79.0
2026,2021039086,2026-07-07,1750667,山中 稜真,,50,一,11,1.0,1.0,6.0,4.0,0.0,1.0,0.0,0.0,0.0,0.0,0.0,,2.0,1.0,0.0,0.0,0.0,0.0,,,,,,,,,,,,,,,,,,,,,,
2026,2021039086,2026-07-07,1751068,野口 智哉,,9,走,11,1.0,0.0,0.0,0.0,0.0,0.0,0.0,0.0,0.0,0.0,0.0,,0.0,0.0,0.0,0.0,0.0,0.0,,,,,,,,,,,,,,,,,,,,,,
2026,2021039086,2026-07-07,1800085,森脇 亮介,Moriwaki Ryousuke,28,,7,,,,,,,,,,,,,,,,,,,3.0,1.0,0.0,0.0,0.0,0.0,1.0,1.0,,,0.0,2.0,0.0,0.0,0.0,,1.0,1.0,0.0,,6.0,23.0
2026,2021039086,2026-07-07,1800098,太田 椋,,1,二,11,1.0,1.0,6.0,6.0,0.0,2.0,1.0,0.0,0.0,1.0,0.0,,0.0,1.0,0.0,0.0,0.0,0.0,,,,,,,,,,,,,,,,,,,,,,
2026,2021039086,2026-07-07,1800104,中川 圭太,,67,右,11,1.0,1.0,6.0,6.0,0.0,3.0,0.0,0.0,0.0,0.0,0.0,,0.0,3.0,0.0,0.0,0.0,0.0,,,,,,,,,,,,,,,,,,,,,,
2026,2021039086,2026-07-07,1800106,甲斐野 央,Kainoya Ou,34,,7,,,,,,,,,,,,,,,,,,,6.0,1.0,0.0,2.0,2.0,2.12,1.0,1.0,,,6.0,2.0,0.0,0.0,0.0,,0.0,1.0,0.0,,5.0,18.0
2026,2021039086,2026-07-07,1850820,蛭間 拓哉,,9,左,7,1.0,1.0,5.0,5.0,2.0,3.0,2.0,0.0,0.0,1.0,0.0,,0.0,1.0,0.0,0.0,0.0,0.0,,,,,,,,,,,,,,,,,,,,,,
2026,2021039086,2026-07-07,1860167,ウィンゲンター,Ingentaa,45,,7,,,,,,,,,,,,,,,,,,,5.0,1.0,0.0,0.0,0.0,0.0,1.0,1.0,,,0.0,1.0,0.0,0.0,0.0,,0.0,1.0,0.0,,5.0,13.0
2026,2021039086,2026-07-07,1900068,岸 潤一郎,,68,右,7,1.0,0.0,0.0,0.0,0.0,0.0,0.0,0.0,0.0,0.0,0.0,,0.0,0.0,0.0,0.0,0.0,0.0,,,,,,,,,,,,,,,,,,,,,,
2026,2021039086,2026-07-07,1900088,紅林 弘太郎,,24,遊,11,1.0,1.0,6.0,5.0,0.0,1.0,0.0,0.0,0.0,2.0,0.0,,0.0,1.0,0.0,1.0,0.0,0.0,,,,,,,,,,,,,,,,,,,,,,
2026,2021039086,2026-07-07,1950417,渡部 聖弥,,8,三,7,1.0,1.0,6.0,5.0,0.0,1.0,0.0,0.0,0.0,1.0,0.0,,0.0,0.0,0.0,0.0,1.0,0.0,,,,,,,,,,,,,,,,,,,,,,
2026,2021039086,2026-07-07,1961416,マチャド,Machado,42,,11,,,,,,,,,,,,,,,,,,,6.0,1.0,0.0,1.0,0.0,1.26,2.0,2.0,,,19.0,0.0,0.0,0.0,0.0,,1.0,0.0,0.0,,7.0,28.0
2026,2021039086,2026-07-07,2000077,豆田 泰志,Mameda Yasushi,70,,7,,,,,,,,,,,,,,,,,,,8.0,1.0,0.0,0.0,0.0,3.18,2.0,2.0,,,1.0,0.0,0.0,0.0,0.0,,1.0,1.0,0.0,,7.0,27.0
2026,2021039086,2026-07-07,2000098,来田 涼斗,,38,走指,11,1.0,0.0,2.0,2.0,0.0,0.0,0.0,0.0,0.0,0.0,0.0,,0.0,1.0,0.0,0.0,0.0,0.0,,,,,,,,,,,,,,,,,,,,,,
2026,2021039086,2026-07-07,2000102,川瀬 堅斗,Kawase Ken To,94,,11,,,,,,,,,,,,,,,,,,,7.0,1.0,0.0,0.0,0.0,3.24,0.3333333333333333,0.1,,,0.0,1.0,0.0,0.0,0.0,,2.0,0.0,0.0,,4.0,20.0
2026,2021039086,2026-07-07,2101047,ネビン,,26,指,7,1.0,1.0,6.0,5.0,0.0,0.0,0.0,0.0,0.0,0.0,0.0,,1.0,1.0,0.0,0.0,0.0,0.0,,,,,,,,,,,,,,,,,,,,,,
2026,2021039086,2026-07-07,2103612,黒田 将矢,Kuroda Susumu Ya,57,,7,,,,,,,,,,,,,,,,,,,7.0,1.0,0.0,2.0,0.0,1.89,1.0,1.0,,,0.0,1.0,0.0,0.0,0.0,,1.0,1.0,0.0,,5.0,20.0
2026,2021039086,2026-07-07,2103618,滝澤 夏央,,62,遊二,7,1.0,1.0,6.0,4.0,0.0,3.0,0.0,0.0,0.0,2.0,0.0,,1.0,0.0,0.0,1.0,0.0,1.0,,,,,,,,,,,,,,,,,,,,,,
2026,2021039086,2026-07-07,2103747,渡部 遼人,,0,中,11,1.0,1.0,7.0,4.0,0.0,0.0,0.0,0.0,0.0,0.0,0.0,,2.0,2.0,0.0,1.0,0.0,0.0,,,,,,,,,,,,,,,,,,,,,,
2026,2021039086,2026-07-07,2107872,才木 海翔,Sai Moku Kaishou,95,,11,,,,,,,,,,,,,,,,,,,2.0,1.0,0.0,0.0,0.0,13.5,0.3333333333333333,0.1,,,0.0,0.0,0.0,0.0,0.0,,0.0,0.0,0.0,,1.0,2.0
2026,2021039086,2026-07-07,2117028,カナリオ,,25,右,7,1.0,1.0,6.0,4.0,0.0,0.0,0.0,0.0,0.0,0.0,0.0,,2.0,2.0,0.0,0.0,0.0,0.0,,,,,,,,,,,,,,,,,,,,,,
2026,2021039086,2026-07-07,2117734,篠原 響,Shinoharakyou,52,,7,,,,,,,,,,,,,,,,,,,4.0,1.0,0.0,1.0,1.0,1.07,1.0,1.0,,,1.0,1.0,0.0,0.0,0.0,,0.0,2.0,0.0,,4.0,20.0
2026,2021039087,2026-07-03,1000128,柳田 悠岐,,9,指,12,1.0,1.0,3.0,3.0,1.0,1.0,1.0,0.0,0.0,1.0,0.0,,0.0,0.0,0.0,0.0,0.0,0.0,,,,,,,,,,,,,,,,,,,,,,
2026,2021039087,2026-07-03,1000175,牧原 大成,,8,中右,12,1.0,1.0,4.0,4.0,0.0,0.0,0.0,0.0,0.0,0.0,0.0,,0.0,1.0,0.0,0.0,0.0,0.0,,,,,,,,,,,,,,,,,,,,,,
2026,2021039087,2026-07-03,1100097,近藤 健介,,3,左,12,1.0,1.0,4.0,4.0,0.0,0.0,0.0,0.0,0.0,0.0,0.0,,0.0,0.0,0.0,0.0,0.0,0.0,,,,,,,,,,,,,,,,,,,,,,
2026,2021039087,2026-07-03,1400126,松本 裕樹,Matsumoto Yuuki,66,,12,,,,,,,,,,,,,,,,,,,4.0,1.0,0.0,2.0,2.0,2.03,1.0,1.0,,,4.0,0.0,0.0,0.0,0.0,,0.0,3.0,0.0,,4.0,17.0
2026,2021039087,2026-07-03,1400127,栗原 陵矢,,24,三一,12,1.0,1.0,4.0,3.0,1.0,1.0,0.0,0.0,0.0,0.0,0.0,,1.0,0.0,0.0,0.0,0.0,0.0,,,,,,,,,,,,,,,,,,,,,,
2026,2021039087,2026-07-03,1500102,愛斗,,50,中,9,1.0,0.0,0.0,0.0,0.0,0.0,0.0,0.0,0.0,0.0,0.0,,0.0,0.0,0.0,0.0,0.0,0.0,,,,,,,,,,,,,,,,,,,,,,
2026,2021039087,2026-07-03,1500143,川瀬 晃,,0,二,12,1.0,1.0,3.0,3.0,0.0,1.0,0.0,1.0,0.0,1.0,0.0,,0.0,0.0,0.0,0.0,0.0,0.0,,,,,,,,,,,,,,,,,,,,,,
2026,2021039087,2026-07-03,1560184,オスナ,Osu na,54,,12,,,,,,,,,,,,,,,,,,,3.0,1.0,0.0,0.0,1.0,0.75,1.0,1.0,,,0.0,0.0,0.0,0.0,0.0,,0.0,2.0,0.0,,3.0,8.0
2026,2021039087,2026-07-03,1650813,川村 友斗,,61,左,12,1.0,0.0,0.0,0.0,0.0,0.0,0.0,0.0,0.0,0.0,0.0,,0.0,0.0,0.0,0.0,0.0,0.0,,,,,,,,,,,,,,,,,,,,,,
2026,2021039087,2026-07-03,1700020,ソト,,99,指,9,1.0,1.0,4.0,4.0,0.0,1.0,0.0,0.0,0.0,1.0,0.0,,0.0,0.0,0.0,0.0,0.0,0.0,,,,,,,,,,,,,,,,,,,,,,
2026,2021039087,2026-07-03,1700092,安田 尚憲,,5,一,9,1.0,1.0,4.0,4.0,1.0,1.0,1.0,0.0,0.0,0.0,0.0,,0.0,2.0,0.0,0.0,0.0,0.0,,,,,,,,,,,,,,,,,,,,,,
2026,2021039087,2026-07-03,1700135,周東 佑京,,23,中,12,1.0,0.0,0.0,0.0,0.0,0.0,0.0,0.0,0.0,0.0,0.0,,0.0,0.0,0.0,0.0,0.0,0.0,,,,,,,,,,,,,,,,,,,,,,
2026,2021039087,2026-07-03,1760440,カスティーヨ,Castillo,11,,9,,,,,,,,,,,,,,,,,,,2.0,1.0,0.0,0.0,0.0,3.0,1.0,1.0,,,0.0,0.0,0.0,0.0,0.0,,0.0,0.0,0.0,,3.0,13.0
2026,2021039087,2026-07-03,1800050,藤原 恭大,,1,中右,9,1.0,1.0,4.0,4.0,0.0,0.0,0.0,0.0,0.0,0.0,0.0,,0.0,1.0,0.0,0.0,0.0,0.0,,,,,,,,,,,,,,,,,,,,,,
2026,2021039087,2026-07-03,1800053,山口 航輝,,51,左,9,1.0,1.0,4.0,4.0,1.0,1.0,0.0,0.0,0.0,0.0,0.0,,0.0,1.0,0.0,0.0,0.0,0.0,,,,,,,,,,,,,,,,,,,,,,
2026,2021039087,2026-07-03,1800107,杉山 一樹,Sugiyama Kazuki,40,,12,,,,,,,,,,,,,,,,,,,5.0,1.0,0.0,0.0,1.0,2.55,1.0,1.0,,,15.0,0.0,0.0,0.0,0.0,,0.0,0.0,0.0,,3.0,7.0
2026,2021039087,2026-07-03,1900010,スチュワート・ジュニア,Stewart/Junior,2,,12,,,,,,,,,,,,,,,,,,,1.0,1.0,,5.0,3.0,5.17,5.666666666666667,5.2,,,0.0,4.0,2.0,1.0,0.0,,3.0,2.0,0.0,,23.0,95.0
2026,2021039087,2026-07-03,1900081,佐藤 都志也,,32,捕,9,1.0,1.0,4.0,3.0,0.0,0.0,0.0,0.0,0.0,0.0,0.0,,1.0,0.0,0.0,0.0,0.0,1.0,,,,,,,,,,,,,,,,,,,,,,
2026,2021039087,2026-07-03,1900101,海野 隆司,,62,捕,12,1.0,1.0,3.0,3.0,0.0,0.0,0.0,0.0,0.0,0.0,0.0,,0.0,1.0,0.0,0.0,0.0,0.0,,,,,,,,,,,,,,,,,,,,,,
2026,2021039087,2026-07-03,1900102,津森 宥紀,Tsumori ??,11,,12,,,,,,,,,,,,,,,,,,,2.0,1.0,0.0,2.0,0.0,1.59,0.3333333333333333,0.1,,,0.0,0.0,0.0,0.0,0.0,,0.0,1.0,0.0,,1.0,3.0
2026,2021039087,2026-07-03,1900104,柳町 達,,32,右,12,1.0,1.0,4.0,2.0,0.0,0.0,0.0,0.0,0.0,1.0,0.0,,1.0,1.0,0.0,0.0,1.0,0.0,,,,,,,,,,,,,,,,,,,,,,
2026,2021039087,2026-07-03,1950149,庄子 雄大,,25,遊,12,1.0,1.0,3.0,3.0,1.0,1.0,0.0,0.0,0.0,0.0,1.0,,0.0,2.0,0.0,0.0,0.0,1.0,,,,,,,,,,,,,,,,,,,,,,
2026,2021039087,2026-07-03,1950286,西川 史礁,,6,右左,9,1.0,1.0,4.0,3.0,0.0,0.0,0.0,0.0,0.0,0.0,0.0,,1.0,2.0,0.0,0.0,0.0,0.0,,,,,,,,,,,,,,,,,,,,,,
2026,2021039087,2026-07-03,2000089,小川 龍成,,57,二,9,1.0,1.0,3.0,3.0,0.0,0.0,0.0,0.0,0.0,0.0,0.0,,0.0,1.0,0.0,0.0,0.0,0.0,,,,,,,,,,,,,,,,,,,,,,
2026,2021039087,2026-07-03,2102926,寺地 隆成,,65,三,9,1.0,1.0,4.0,3.0,0.0,1.0,0.0,0.0,0.0,1.0,0.0,,1.0,1.0,0.0,0.0,0.0,0.0,,,,,,,,,,,,,,,,,,,,,,
2026,2021039087,2026-07-03,2103735,正木 智也,,31,一,12,1.0,1.0,4.0,4.0,0.0,2.0,0.0,0.0,0.0,0.0,0.0,,0.0,1.0,0.0,0.0,0.0,0.0,,,,,,,,,,,,,,,,,,,,,,
2026,2021039087,2026-07-03,2104035,野村 勇,,99,走三,12,1.0,0.0,0.0,0.0,0.0,0.0,0.0,0.0,0.0,0.0,0.0,,0.0,0.0,0.0,0.0,0.0,0.0,,,,,,,,,,,,,,,,,,,,,,
2026,2021039087,2026-07-03,2106798,友杉 篤輝,,4,遊,9,1.0,1.0,3.0,3.0,0.0,0.0,0.0,0.0,0.0,0.0,0.0,,0.0,0.0,0.0,0.0,0.0,0.0,,,,,,,,,,,,,,,,,,,,,,
2026,2021039087,2026-07-03,2114737,廣池 康志郎,Hiroshi Chi Kou Shirou,64,,9,,,,,,,,,,,,,,,,,,,1.0,1.0,,2.0,4.0,3.22,7.0,7.0,,,0.0,6.0,3.0,2.0,0.0,,2.0,6.0,0.0,,29.0,112.0
2026,2021039088,2026-07-04,1000002,筒香 嘉智,,25,三,3,1.0,1.0,5.0,5.0,1.0,2.0,0.0,0.0,1.0,3.0,0.0,,0.0,2.0,0.0,0.0,0.0,0.0,,,,,,,,,,,,,,,,,,,,,,
2026,2021039088,2026-07-04,1500063,柴田 竜拓,,31,三,3,1.0,0.0,0.0,0.0,0.0,0.0,0.0,0.0,0.0,0.0,0.0,,0.0,0.0,0.0,0.0,0.0,0.0,,,,,,,,,,,,,,,,,,,,,,
2026,2021039088,2026-07-04,1500139,小澤 怜史,Ozawa Reishi,45,投,2,1.0,0.0,0.0,0.0,0.0,0.0,0.0,0.0,0.0,0.0,0.0,,0.0,0.0,0.0,0.0,0.0,0.0,3.0,1.0,0.0,0.0,0.0,3.52,2.0,2.0,,,0.0,5.0,4.0,4.0,1.0,,0.0,3.0,0.0,,11.0,42.0
2026,2021039088,2026-07-04,1600078,古賀 優大,,2,捕,2,1.0,1.0,3.0,3.0,0.0,0.0,0.0,0.0,0.0,0.0,0.0,,0.0,0.0,0.0,0.0,0.0,0.0,,,,,,,,,,,,,,,,,,,,,,
2026,2021039088,2026-07-04,1600089,佐野 恵太,,7,一,3,1.0,1.0,5.0,5.0,0.0,2.0,0.0,0.0,0.0,0.0,0.0,,0.0,1.0,0.0,0.0,0.0,0.0,,,,,,,,,,,,,,,,,,,,,,
2026,2021039088,2026-07-04,1600167,三森 大貴,,26,二,3,1.0,0.0,0.0,0.0,0.0,0.0,0.0,0.0,0.0,0.0,0.0,,0.0,0.0,0.0,0.0,0.0,0.0,,,,,,,,,,,,,,,,,,,,,,
2026,2021039088,2026-07-04,1700059,神里 和毅,,8,走中,3,1.0,0.0,0.0,0.0,1.0,0.0,0.0,0.0,0.0,0.0,0.0,,0.0,0.0,0.0,0.0,0.0,0.0,,,,,,,,,,,,,,,,,,,,,,
2026,2021039088,2026-07-04,1700060,阪口 皓亮,Sakaguchi Akira Ryou,66,投,2,1.0,0.0,0.0,0.0,0.0,0.0,0.0,0.0,0.0,0.0,0.0,,0.0,0.0,0.0,0.0,0.0,0.0,2.0,1.0,0.0,0.0,0.0,3.38,2.0,2.0,,,0.0,2.0,3.0,3.0,1.0,,0.0,3.0,1.0,,9.0,34.0
2026,2021039088,2026-07-04,1700087,塩見 泰隆,,9,打,2,1.0,0.0,1.0,1.0,0.0,0.0,0.0,0.0,0.0,0.0,0.0,,0.0,1.0,0.0,0.0,0.0,0.0,,,,,,,,,,,,,,,,,,,,,,
2026,2021039088,2026-07-04,1700131,増田 珠,,63,右,2,1.0,1.0,4.0,4.0,0.0,0.0,0.0,0.0,0.0,0.0,0.0,,0.0,1.0,0.0,0.0,0.0,0.0,,,,,,,,,,,,,,,,,,,,,,
2026,2021039088,2026-07-04,1750696,松本 健吾,Matsumoto Kengo,28,投,2,1.0,1.0,1.0,1.0,0.0,0.0,0.0,0.0,0.0,0.0,0.0,,0.0,0.0,0.0,0.0,0.0,0.0,1.0,1.0,,5.0,2.0,3.02,5.0,5.0,,,0.0,8.0,5.0,5.0,1.0,,1.0,3.0,0.0,,24.0,98.0
2026,2021039088,2026-07-04,1800046,勝又 温史,,28,左,3,1.0,1.0,5.0,4.0,3.0,2.0,0.0,0.0,0.0,0.0,0.0,,0.0,1.0,1.0,0.0,0.0,0.0,,,,,,,,,,,,,,,,,,,,,,
2026,2021039088,2026-07-04,1800082,山野辺 翔,,37,一,2,1.0,1.0,3.0,3.0,0.0,1.0,0.0,0.0,0.0,0.0,0.0,,0.0,1.0,0.0,0.0,0.0,0.0,,,,,,,,,,,,,,,,,,,,,,
2026,2021039088,2026-07-04,1850772,石井 巧,,38,遊,2,1.0,1.0,3.0,3.0,1.0,2.0,0.0,0.0,1.0,1.0,0.0,,0.0,0.0,0.0,0.0,0.0,0.0,,,,,,,,,,,,,,,,,,,,,,
2026,2021039088,2026-07-04,1850838,篠木 健太郎,Shinoki Kentarou,30,投,3,1.0,1.0,4.0,4.0,0.0,0.0,0.0,0.0,0.0,0.0,0.0,,0.0,3.0,0.0,0.0,0.0,0.0,1.0,1.0,,4.0,1.0,3.77,9.0,9.0,,,0.0,7.0,1.0,1.0,1.0,,1.0,6.0,0.0,,33.0,130.0
2026,2021039088,2026-07-04,1900029,武岡 龍世,,60,打,2,1.0,0.0,1.0,1.0,0.0,0.0,0.0,0.0,0.0,0.0,0.0,,0.0,0.0,0.0,0.0,0.0,0.0,,,,,,,,,,,,,,,,,,,,,,
2026,2021039088,2026-07-04,2000031,赤羽 由紘,,0,二左,2,1.0,1.0,4.0,3.0,0.0,1.0,0.0,0.0,0.0,0.0,0.0,,1.0,1.0,0.0,0.0,0.0,0.0,,,,,,,,,,,,,,,,,,,,,,
2026,2021039088,2026-07-04,2000035,牧 秀悟,,2,二,3,1.0,1.0,5.0,5.0,2.0,2.0,1.0,0.0,1.0,4.0,0.0,,0.0,1.0,0.0,0.0,0.0,0.0,,,,,,,,,,,,,,,,,,,,,,
2026,2021039088,2026-07-04,2000135,サンタナ,,25,左,2,1.0,1.0,4.0,4.0,0.0,2.0,1.0,0.0,0.0,0.0,0.0,,0.0,0.0,0.0,0.0,0.0,0.0,,,,,,,,,,,,,,,,,,,,,,
2026,2021039088,2026-07-04,2100277,松尾 汐恩,,5,捕,3,1.0,1.0,5.0,4.0,2.0,1.0,1.0,0.0,0.0,0.0,0.0,,1.0,0.0,0.0,0.0,0.0,0.0,,,,,,,,,,,,,,,,,,,,,,
2026,2021039088,2026-07-04,2103703,梶原 昂希,,58,中右,3,1.0,1.0,5.0,5.0,1.0,2.0,0.0,0.0,1.0,4.0,0.0,,0.0,1.0,0.0,0.0,0.0,0.0,,,,,,,,,,,,,,,,,,,,,,
2026,2021039088,2026-07-04,2103917,岩田 幸宏,,64,中,2,1.0,1.0,4.0,4.0,0.0,1.0,0.0,0.0,0.0,0.0,0.0,,0.0,0.0,0.0,0.0,0.0,0.0,,,,,,,,,,,,,,,,,,,,,,
2026,2021039088,2026-07-04,2107172,矢野 泰二郎,,57,捕,2,1.0,0.0,1.0,1.0,0.0,0.0,0.0,0.0,0.0,0.0,0.0,,0.0,0.0,0.0,0.0,0.0,0.0,,,,,,,,,,,,,,,,,,,,,,
2026,2021039088,2026-07-04,2108195,エンカーナシオン,,69,右,3,1.0,1.0,5.0,5.0,1.0,3.0,0.0,0.0,0.0,1.0,0.0,,0.0,0.0,0.0,0.0,0.0,0.0,,,,,,,,,,,,,,,,,,,,,,
2026,2021039088,2026-07-04,2112175,伊藤 琉偉,,67,二,2,1.0,0.0,0.0,0.0,0.0,0.0,0.0,0.0,0.0,0.0,0.0,,0.0,0.0,0.0,0.0,0.0,0.0,,,,,,,,,,,,,,,,,,,,,,
2026,2021039088,2026-07-04,2112189,石上 泰輝,,44,遊,3,1.0,1.0,5.0,5.0,1.0,1.0,0.0,0.0,0.0,0.0,0.0,,0.0,0.0,0.0,0.0,0.0,0.0,,,,,,,,,,,,,,,,,,,,,,
2026,2021039088,2026-07-04,2116854,松下 歩叶,,6,三,2,1.0,1.0,4.0,4.0,0.0,0.0,0.0,0.0,0.0,0.0,0.0,,0.0,2.0,0.0,0.0,0.0,0.0,,,,,,,,,,,,,,,,,,,,,,
2026,2021039089,2026-07-05,500014,涌井 秀章,Wakui Hideaki,20,投,4,1.0,1.0,2.0,2.0,0.0,0.0,0.0,0.0,0.0,0.0,0.0,,0.0,2.0,0.0,0.0,0.0,0.0,1.0,1.0,,0.0,0.0,3.71,7.0,7.0,,,0.0,4.0,1.0,1.0,0.0,,1.0,4.0,0.0,,24.0,84.0
2026,2021039089,2026-07-05,700003,坂本 勇人,,6,打,1,1.0,0.0,1.0,1.0,0.0,0.0,0.0,0.0,0.0,0.0,0.0,,0.0,0.0,0.0,0.0,0.0,0.0,,,,,,,,,,,,,,,,,,,,,,
2026,2021039089,2026-07-05,1000176,甲斐 拓也,,10,捕,1,1.0,1.0,3.0,2.0,0.0,0.0,0.0,0.0,0.0,0.0,0.0,,0.0,2.0,0.0,1.0,0.0,0.0,,,,,,,,,,,,,,,,,,,,,,
2026,2021039089,2026-07-05,1100069,高橋 周平,,3,打,4,1.0,0.0,1.0,1.0,0.0,0.0,0.0,0.0,0.0,0.0,0.0,,0.0,0.0,0.0,0.0,0.0,0.0,,,,,,,,,,,,,,,,,,,,,,
2026,2021039089,2026-07-05,1100095,松本 剛,,9,左,1,1.0,1.0,4.0,4.0,0.0,0.0,0.0,0.0,0.0,0.0,0.0,,0.0,0.0,0.0,0.0,0.0,0.0,,,,,,,,,,,,,,,,,,,,,,
2026,2021039089,2026-07-05,1400160,加藤 匠馬,,49,捕,4,1.0,1.0,3.0,3.0,0.0,0.0,0.0,0.0,0.0,0.0,0.0,,0.0,2.0,0.0,0.0,0.0,0.0,,,,,,,,,,,,,,,,,,,,,,
2026,2021039089,2026-07-05,1561820,ダルベック,,29,一,1,1.0,1.0,3.0,3.0,0.0,1.0,0.0,0.0,0.0,0.0,0.0,,0.0,0.0,0.0,0.0,0.0,0.0,,,,,,,,,,,,,,,,,,,,,,
2026,2021039089,2026-07-05,1561854,サノー,,23,一,4,1.0,1.0,4.0,4.0,1.0,1.0,0.0,0.0,0.0,0.0,0.0,,0.0,1.0,0.0,0.0,0.0,0.0,,,,,,,,,,,,,,,,,,,,,,
2026,2021039089,2026-07-05,1600085,細川 成也,,55,左,4,1.0,1.0,4.0,3.0,0.0,1.0,0.0,1.0,0.0,0.0,0.0,,1.0,2.0,0.0,0.0,0.0,0.0,,,,,,,,,,,,,,,,,,,,,,
2026,2021039089,2026-07-05,1700027,田中 瑛斗,Tanaka Akira To,45,投,1,1.0,0.0,0.0,0.0,0.0,0.0,0.0,0.0,0.0,0.0,0.0,,0.0,0.0,0.0,0.0,0.0,0.0,3.0,1.0,0.0,1.0,1.0,0.67,1.0,1.0,,,1.0,2.0,1.0,1.0,0.0,,0.0,1.0,0.0,,5.0,19.0
2026,2021039089,2026-07-05,1750223,村松 開人,,5,遊,4,1.0,1.0,4.0,4.0,0.0,1.0,1.0,0.0,0.0,0.0,0.0,,0.0,1.0,0.0,0.0,0.0,0.0,,,,,,,,,,,,,,,,,,,,,,
2026,2021039089,2026-07-05,1750321,泉口 友汰,,35,遊,1,1.0,1.0,4.0,4.0,0.0,0.0,0.0,0.0,0.0,0.0,0.0,,0.0,0.0,0.0,0.0,0.0,1.0,,,,,,,,,,,,,,,,,,,,,,
2026,2021039089,2026-07-05,1750701,田中 幹也,,2,二,4,1.0,1.0,4.0,4.0,0.0,2.0,1.0,0.0,0.0,0.0,0.0,,0.0,0.0,0.0,0.0,0.0,0.0,,,,,,,,,,,,,,,,,,,,,,
2026,2021039089,2026-07-05,1900037,石川 昂弥,,25,三,4,1.0,1.0,4.0,3.0,0.0,2.0,1.0,0.0,0.0,1.0,0.0,,1.0,0.0,0.0,0.0,0.0,0.0,,,,,,,,,,,,,,,,,,,,,,
2026,2021039089,2026-07-05,1900038,橋本 侑樹,Hashimoto Yuuki,13,投,4,1.0,0.0,0.0,0.0,0.0,0.0,0.0,0.0,0.0,0.0,0.0,,0.0,0.0,0.0,0.0,0.0,0.0,2.0,1.0,0.0,1.0,0.0,1.0,1.0,1.0,,,0.0,0.0,0.0,0.0,0.0,,1.0,0.0,0.0,,4.0,11.0
2026,2021039089,2026-07-05,1900041,岡林 勇希,,1,中,4,1.0,1.0,4.0,4.0,0.0,0.0,0.0,0.0,0.0,0.0,0.0,,0.0,1.0,0.0,0.0,0.0,0.0,,,,,,,,,,,,,,,,,,,,,,
2026,2021039089,2026-07-05,1951153,浦田 俊輔,,32,二,1,1.0,1.0,4.0,4.0,0.0,0.0,0.0,0.0,0.0,0.0,0.0,,0.0,0.0,0.0,0.0,0.0,0.0,,,,,,,,,,,,,,,,,,,,,,
2026,2021039089,2026-07-05,2000007,中山 礼都,,40,右,1,1.0,1.0,3.0,2.0,0.0,1.0,0.0,0.0,0.0,1.0,0.0,,0.0,0.0,0.0,0.0,1.0,0.0,,,,,,,,,,,,,,,,,,,,,,
2026,2021039089,2026-07-05,2103697,大勢,Oozei,15,投,1,1.0,0.0,0.0,0.0,0.0,0.0,0.0,0.0,0.0,0.0,0.0,,0.0,0.0,0.0,0.0,0.0,0.0,2.0,1.0,0.0,1.0,1.0,2.22,1.0,1.0,,,3.0,0.0,0.0,0.0,0.0,,0.0,1.0,0.0,,3.0,14.0
2026,2021039089,2026-07-05,2103845,鵜飼 航丞,,66,右,4,1.0,1.0,4.0,4.0,0.0,0.0,0.0,0.0,0.0,0.0,0.0,,0.0,2.0,0.0,0.0,0.0,0.0,,,,,,,,,,,,,,,,,,,,,,
2026,2021039089,2026-07-05,2107645,尾田 剛樹,,0,走左,4,1.0,0.0,0.0,0.0,1.0,0.0,0.0,0.0,0.0,0.0,0.0,,0.0,0.0,0.0,0.0,0.0,0.0,,,,,,,,,,,,,,,,,,,,,,
2026,2021039089,2026-07-05,2107869,松山 晋也,Matsuyama Shin'Ya,90,投,4,1.0,0.0,0.0,0.0,0.0,0.0,0.0,0.0,0.0,0.0,0.0,,0.0,0.0,0.0,0.0,0.0,0.0,3.0,1.0,0.0,1.0,2.0,1.66,1.0,1.0,,,15.0,0.0,0.0,0.0,0.0,,0.0,1.0,0.0,,3.0,14.0
2026,2021039089,2026-07-05,2110991,小濱 佑斗,,33,三,1,1.0,1.0,3.0,2.0,0.0,1.0,0.0,1.0,0.0,0.0,0.0,,1.0,0.0,0.0,0.0,0.0,0.0,,,,,,,,,,,,,,,,,,,,,,
2026,2021039089,2026-07-05,2118420,キャベッジ,,13,中,1,1.0,1.0,4.0,3.0,1.0,1.0,1.0,0.0,0.0,0.0,0.0,,1.0,1.0,0.0,0.0,0.0,0.0,,,,,,,,,,,,,,,,,,,,,,
2026,2021039089,2026-07-05,2118993,竹丸 和幸,Takemaru Kazuyuki,21,投,1,1.0,1.0,2.0,2.0,0.0,0.0,0.0,0.0,0.0,0.0,0.0,,0.0,2.0,0.0,0.0,0.0,0.0,1.0,1.0,,5.0,6.0,2.71,6.0,6.0,,,0.0,5.0,1.0,0.0,0.0,,2.0,9.0,0.0,,26.0,104.0
2026,2021039091,2026-07-04,700049,前田 健太,Maeda Kenta,18,,376,,,,,,,,,,,,,,,,,,,1.0,1.0,,2.0,3.0,2.97,8.666666666666666,8.2,,,0.0,5.0,1.0,1.0,0.0,,0.0,5.0,0.0,,29.0,105.0
2026,2021039091,2026-07-04,900056,浅村 栄斗,,3,指,376,1.0,1.0,4.0,4.0,0.0,1.0,0.0,0.0,0.0,0.0,0.0,,0.0,2.0,0.0,0.0,0.0,0.0,,,,,,,,,,,,,,,,,,,,,,
2026,2021039091,2026-07-04,1600007,村林 一輝,,6,二,376,1.0,1.0,4.0,3.0,0.0,0.0,0.0,0.0,0.0,0.0,0.0,,1.0,2.0,0.0,0.0,0.0,0.0,,,,,,,,,,,,,,,,,,,,,,
2026,2021039091,2026-07-04,1600092,藤平 尚真,Fujihira Shoushin,46,,376,,,,,,,,,,,,,,,,,,,2.0,1.0,0.0,0.0,1.0,2.45,0.3333333333333333,0.1,,,14.0,0.0,0.0,0.0,0.0,,0.0,0.0,0.0,,1.0,6.0
2026,2021039091,2026-07-04,1600133,堀 瑞輝,Hori Mizu Akira,34,,8,,,,,,,,,,,,,,,,,,,3.0,1.0,0.0,2.0,0.0,2.38,1.0,1.0,,,0.0,2.0,1.0,1.0,0.0,,1.0,2.0,0.0,,6.0,27.0
2026,2021039091,2026-07-04,1700025,清宮 幸太郎,,21,一,8,1.0,1.0,3.0,3.0,1.0,1.0,0.0,0.0,0.0,0.0,0.0,,0.0,0.0,0.0,0.0,0.0,0.0,,,,,,,,,,,,,,,,,,,,,,
2026,2021039091,2026-07-04,1800008,マルティネス,,2,打,8,1.0,0.0,1.0,1.0,0.0,1.0,0.0,0.0,0.0,0.0,0.0,,0.0,0.0,0.0,0.0,0.0,0.0,,,,,,,,,,,,,,,,,,,,,,
2026,2021039091,2026-07-04,1800068,齋藤 友貴哉,Saitou Tomotaka kana,48,,8,,,,,,,,,,,,,,,,,,,2.0,1.0,0.0,0.0,1.0,6.39,0.6666666666666666,0.2,,,0.0,0.0,0.0,0.0,0.0,,0.0,0.0,0.0,,1.0,2.0
2026,2021039091,2026-07-04,1800091,野村 佑希,,5,打,8,1.0,0.0,1.0,1.0,0.0,0.0,0.0,0.0,0.0,1.0,0.0,,0.0,0.0,0.0,0.0,0.0,0.0,,,,,,,,,,,,,,,,,,,,,,
2026,2021039091,2026-07-04,1800093,万波 中正,,66,右,8,1.0,1.0,3.0,3.0,0.0,0.0,0.0,0.0,0.0,0.0,0.0,,0.0,1.0,0.0,0.0,0.0,0.0,,,,,,,,,,,,,,,,,,,,,,
2026,2021039091,2026-07-04,1800095,田宮 裕涼,,64,走,8,1.0,0.0,0.0,0.0,0.0,0.0,0.0,0.0,0.0,0.0,0.0,,0.0,0.0,0.0,0.0,0.0,0.0,,,,,,,,,,,,,,,,,,,,,,
2026,2021039091,2026-07-04,1800110,水谷 瞬,,53,左,8,1.0,1.0,3.0,3.0,0.0,0.0,0.0,0.0,0.0,0.0,0.0,,0.0,0.0,0.0,0.0,0.0,0.0,,,,,,,,,,,,,,,,,,,,,,
2026,2021039091,2026-07-04,1800117,辰己 涼介,,8,中,376,1.0,1.0,4.0,3.0,0.0,0.0,0.0,0.0,0.0,1.0,0.0,,0.0,1.0,0.0,0.0,1.0,0.0,,,,,,,,,,,,,,,,,,,,,,
2026,2021039091,2026-07-04,1800118,太田 光,,2,捕,376,1.0,1.0,4.0,3.0,2.0,1.0,1.0,0.0,0.0,0.0,0.0,,1.0,1.0,0.0,0.0,0.0,0.0,,,,,,,,,,,,,,,,,,,,,,
2026,2021039091,2026-07-04,1851157,宗山 塁,,1,遊,376,1.0,1.0,3.0,3.0,1.0,2.0,0.0,0.0,0.0,0.0,0.0,,0.0,0.0,0.0,0.0,0.0,0.0,,,,,,,,,,,,,,,,,,,,,,
2026,2021039091,2026-07-04,1851204,水野 達稀,,43,遊,8,1.0,1.0,4.0,4.0,0.0,1.0,0.0,0.0,0.0,0.0,0.0,,0.0,0.0,0.0,0.0,0.0,0.0,,,,,,,,,,,,,,,,,,,,,,
2026,2021039091,2026-07-04,1860140,レイエス,,99,指,8,1.0,1.0,4.0,4.0,0.0,0.0,0.0,0.0,0.0,0.0,0.0,,0.0,2.0,0.0,0.0,0.0,0.0,,,,,,,,,,,,,,,,,,,,,,
2026,2021039091,2026-07-04,1900040,郡司 裕也,,3,三,8,1.0,1.0,3.0,3.0,0.0,1.0,0.0,0.0,0.0,0.0,0.0,,0.0,0.0,0.0,0.0,0.0,0.0,,,,,,,,,,,,,,,,,,,,,,
2026,2021039091,2026-07-04,1900113,黒川 史陽,,24,一,376,1.0,1.0,4.0,4.0,0.0,0.0,0.0,0.0,0.0,0.0,0.0,,0.0,3.0,0.0,0.0,0.0,0.0,,,,,,,,,,,,,,,,,,,,,,
2026,2021039091,2026-07-04,1900115,武藤 敦貴,,50,走右,376,1.0,0.0,0.0,0.0,1.0,0.0,0.0,0.0,0.0,0.0,0.0,,0.0,0.0,0.0,0.0,0.0,0.0,,,,,,,,,,,,,,,,,,,,,,
2026,2021039091,2026-07-04,1950278,中島 大輔,,32,右左,376,1.0,1.0,4.0,2.0,0.0,1.0,1.0,0.0,0.0,2.0,1.0,,1.0,0.0,0.0,1.0,0.0,0.0,,,,,,,,,,,,,,,,,,,,,,
2026,2021039091,2026-07-04,1950486,進藤 勇也,,33,捕,8,1.0,1.0,2.0,2.0,0.0,0.0,0.0,0.0,0.0,0.0,0.0,,0.0,0.0,0.0,0.0,0.0,0.0,,,,,,,,,,,,,,,,,,,,,,
2026,2021039091,2026-07-04,2000082,細川 凌平,,56,左,8,1.0,0.0,0.0,0.0,0.0,0.0,0.0,0.0,0.0,0.0,0.0,,0.0,0.0,0.0,0.0,0.0,0.0,,,,,,,,,,,,,,,,,,,,,,
2026,2021039091,2026-07-04,2050143,大塚 瑠晏,,49,二,8,1.0,1.0,3.0,3.0,0.0,0.0,0.0,0.0,0.0,0.0,0.0,,0.0,1.0,0.0,0.0,0.0,0.0,,,,,,,,,,,,,,,,,,,,,,
2026,2021039091,2026-07-04,2105283,平良 竜哉,,48,三,376,1.0,1.0,4.0,4.0,0.0,1.0,1.0,0.0,0.0,1.0,0.0,,0.0,1.0,0.0,0.0,0.0,0.0,,,,,,,,,,,,,,,,,,,,,,
2026,2021039091,2026-07-04,2107900,吉田 賢吾,,60,中,8,1.0,1.0,3.0,3.0,0.0,1.0,0.0,0.0,0.0,0.0,0.0,,0.0,1.0,0.0,0.0,0.0,0.0,,,,,,,,,,,,,,,,,,,,,,
2026,2021039091,2026-07-04,2111822,細野 晴希,Hosono Haru Nozomi,29,,8,,,,,,,,,,,,,,,,,,,1.0,1.0,,2.0,5.0,3.2,6.333333333333333,6.1,,,0.0,4.0,3.0,3.0,0.0,,4.0,8.0,0.0,,28.0,99.0
2026,2021039091,2026-07-04,2122300,マッカスカー,,34,左,376,1.0,1.0,4.0,2.0,0.0,0.0,0.0,0.0,0.0,0.0,0.0,,2.0,0.0,0.0,0.0,0.0,0.0,,,,,,,,,,,,,,,,,,,,,,
2026,2021039093,2026-07-03,700087,角中 勝也,,3,打指,9,1.0,0.0,1.0,1.0,0.0,1.0,0.0,0.0,0.0,0.0,0.0,,0.0,0.0,0.0,0.0,0.0,0.0,,,,,,,,,,,,,,,,,,,,,,
2026,2021039093,2026-07-03,1000128,柳田 悠岐,,9,指,12,1.0,1.0,3.0,3.0,0.0,2.0,1.0,0.0,0.0,0.0,0.0,,0.0,0.0,0.0,0.0,0.0,0.0,,,,,,,,,,,,,,,,,,,,,,
2026,2021039093,2026-07-03,1000175,牧原 大成,,8,二,12,1.0,1.0,2.0,2.0,0.0,0.0,0.0,0.0,0.0,0.0,0.0,,0.0,1.0,0.0,0.0,0.0,0.0,,,,,,,,,,,,,,,,,,,,,,
2026,2021039093,2026-07-03,1100097,近藤 健介,,3,左,12,1.0,1.0,2.0,1.0,0.0,0.0,0.0,0.0,0.0,0.0,0.0,,1.0,0.0,0.0,0.0,0.0,0.0,,,,,,,,,,,,,,,,,,,,,,
2026,2021039093,2026-07-03,1400127,栗原 陵矢,,24,三,12,1.0,1.0,4.0,4.0,0.0,0.0,0.0,0.0,0.0,0.0,0.0,,0.0,1.0,0.0,0.0,0.0,0.0,,,,,,,,,,,,,,,,,,,,,,
2026,2021039093,2026-07-03,1500140,谷川原 健太,,45,左,12,1.0,0.0,2.0,1.0,0.0,0.0,0.0,0.0,0.0,0.0,0.0,,1.0,0.0,0.0,0.0,0.0,0.0,,,,,,,,,,,,,,,,,,,,,,
2026,2021039093,2026-07-03,1650813,川村 友斗,,61,中,12,1.0,0.0,1.0,1.0,0.0,0.0,0.0,0.0,0.0,0.0,0.0,,0.0,0.0,0.0,0.0,0.0,0.0,,,,,,,,,,,,,,,,,,,,,,
2026,2021039093,2026-07-03,1700020,ソト,,99,指,9,1.0,1.0,4.0,4.0,0.0,1.0,0.0,0.0,0.0,2.0,0.0,,0.0,2.0,0.0,0.0,0.0,0.0,,,,,,,,,,,,,,,,,,,,,,
2026,2021039093,2026-07-03,1700092,安田 尚憲,,5,一,9,1.0,1.0,3.0,3.0,1.0,0.0,0.0,0.0,0.0,0.0,0.0,,0.0,1.0,0.0,0.0,0.0,0.0,,,,,,,,,,,,,,,,,,,,,,
2026,2021039093,2026-07-03,1700098,和田 康士朗,,63,左,9,1.0,0.0,1.0,1.0,0.0,0.0,0.0,0.0,0.0,0.0,0.0,,0.0,1.0,0.0,0.0,0.0,0.0,,,,,,,,,,,,,,,,,,,,,,
2026,2021039093,2026-07-03,1700135,周東 佑京,,23,中,12,1.0,1.0,4.0,2.0,0.0,1.0,0.0,0.0,0.0,0.0,0.0,,2.0,0.0,0.0,0.0,0.0,0.0,,,,,,,,,,,,,,,,,,,,,,
2026,2021039093,2026-07-03,1800037,坂本 光士郎,Sakamoto Hikari Shirou,36,,9,,,,,,,,,,,,,,,,,,,2.0,1.0,0.0,2.0,1.0,3.07,1.0,1.0,,,0.0,0.0,0.0,0.0,0.0,,1.0,2.0,0.0,,4.0,13.0
2026,2021039093,2026-07-03,1800043,上茶谷 大河,Ue Chatani Taiga,64,,12,,,,,,,,,,,,,,,,,,,2.0,1.0,0.0,4.0,0.0,2.12,3.333333333333333,3.1,,,1.0,1.0,0.0,0.0,0.0,,3.0,3.0,0.0,,14.0,67.0
2026,2021039093,2026-07-03,1800050,藤原 恭大,,1,中,9,1.0,1.0,5.0,4.0,2.0,1.0,0.0,0.0,1.0,2.0,0.0,,1.0,1.0,0.0,0.0,0.0,0.0,,,,,,,,,,,,,,,,,,,,,,
2026,2021039093,2026-07-03,1800053,山口 航輝,,51,左,9,1.0,1.0,4.0,4.0,1.0,1.0,0.0,0.0,0.0,2.0,0.0,,0.0,2.0,0.0,0.0,0.0,0.0,,,,,,,,,,,,,,,,,,,,,,
2026,2021039093,2026-07-03,1800054,中村 稔弥,Nakamura Minoru Wataru,30,,12,,,,,,,,,,,,,,,,,,,4.0,1.0,0.0,0.0,0.0,3.38,2.0,2.0,,,0.0,1.0,0.0,0.0,0.0,,0.0,2.0,0.0,,7.0,30.0
2026,2021039093,2026-07-03,1800113,渡邉 陸,,0,捕,12,1.0,1.0,4.0,4.0,0.0,1.0,0.0,0.0,0.0,0.0,0.0,,0.0,1.0,0.0,0.0,0.0,0.0,,,,,,,,,,,,,,,,,,,,,,
2026,2021039093,2026-07-03,1850172,廣瀬 隆太,,33,一二,12,1.0,1.0,4.0,4.0,0.0,0.0,0.0,0.0,0.0,0.0,0.0,,0.0,1.0,0.0,0.0,0.0,0.0,,,,,,,,,,,,,,,,,,,,,,
2026,2021039093,2026-07-03,1850947,上田 希由翔,,10,打一,9,1.0,0.0,1.0,1.0,0.0,1.0,0.0,0.0,0.0,0.0,0.0,,0.0,0.0,0.0,0.0,0.0,0.0,,,,,,,,,,,,,,,,,,,,,,
2026,2021039093,2026-07-03,1900081,佐藤 都志也,,32,捕,9,1.0,1.0,4.0,4.0,1.0,1.0,1.0,0.0,0.0,1.0,0.0,,0.0,0.0,0.0,0.0,0.0,0.0,,,,,,,,,,,,,,,,,,,,,,
2026,2021039093,2026-07-03,1900104,柳町 達,,32,右,12,1.0,0.0,3.0,3.0,0.0,1.0,0.0,0.0,0.0,0.0,0.0,,0.0,2.0,0.0,0.0,0.0,0.0,,,,,,,,,,,,,,,,,,,,,,
2026,2021039093,2026-07-03,1950149,庄子 雄大,,25,遊,12,1.0,1.0,4.0,4.0,0.0,0.0,0.0,0.0,0.0,0.0,0.0,,0.0,2.0,0.0,0.0,0.0,0.0,,,,,,,,,,,,,,,,,,,,,,
2026,2021039093,2026-07-03,1950286,西川 史礁,,6,右,9,1.0,1.0,5.0,2.0,1.0,0.0,0.0,0.0,0.0,1.0,0.0,,3.0,0.0,0.0,0.0,0.0,0.0,,,,,,,,,,,,,,,,,,,,,,
2026,2021039093,2026-07-03,2000089,小川 龍成,,57,二,9,1.0,1.0,4.0,4.0,1.0,2.0,0.0,0.0,0.0,0.0,0.0,,0.0,0.0,0.0,0.0,0.0,0.0,,,,,,,,,,,,,,,,,,,,,,
2026,2021039093,2026-07-03,2100346,松川 虎生,,2,捕,9,1.0,0.0,1.0,1.0,0.0,0.0,0.0,0.0,0.0,0.0,0.0,,0.0,1.0,0.0,0.0,0.0,0.0,,,,,,,,,,,,,,,,,,,,,,
2026,2021039093,2026-07-03,2101204,ロング,Long,73,,9,,,,,,,,,,,,,,,,,,,1.0,1.0,,1.0,2.0,3.26,7.0,7.0,,,0.0,6.0,0.0,0.0,0.0,,3.0,6.0,0.0,,31.0,104.0
2026,2021039093,2026-07-03,2102926,寺地 隆成,,65,三,9,1.0,1.0,5.0,3.0,0.0,0.0,0.0,0.0,0.0,0.0,0.0,,2.0,0.0,0.0,0.0,0.0,0.0,,,,,,,,,,,,,,,,,,,,,,
2026,2021039093,2026-07-03,2103735,正木 智也,,31,右左一,12,1.0,1.0,5.0,5.0,1.0,2.0,0.0,0.0,1.0,1.0,0.0,,0.0,1.0,0.0,0.0,0.0,0.0,,,,,,,,,,,,,,,,,,,,,,
2026,2021039093,2026-07-03,2103847,大竹 風雅,Ootake Fuuga,59,,12,,,,,,,,,,,,,,,,,,,5.0,1.0,0.0,0.0,0.0,0.0,1.0,1.0,,,0.0,1.0,0.0,0.0,0.0,,0.0,2.0,0.0,,4.0,15.0
2026,2021039093,2026-07-03,2104035,野村 勇,,99,打指,12,1.0,0.0,1.0,1.0,0.0,0.0,0.0,0.0,0.0,0.0,0.0,,0.0,1.0,0.0,0.0,0.0,0.0,,,,,,,,,,,,,,,,,,,,,,
2026,2021039093,2026-07-03,2105534,高野 脩汰,Takano Osamu ?,34,,9,,,,,,,,,,,,,,,,,,,3.0,1.0,0.0,1.0,3.0,4.15,1.0,1.0,,,0.0,1.0,1.0,1.0,1.0,,0.0,2.0,0.0,,4.0,15.0
2026,2021039093,2026-07-03,2106798,友杉 篤輝,,4,遊,9,1.0,1.0,3.0,3.0,1.0,0.0,0.0,0.0,0.0,0.0,0.0,,0.0,0.0,0.0,0.0,0.0,1.0,,,,,,,,,,,,,,,,,,,,,,
2026,2021039093,2026-07-03,2108558,岩井 俊介,Iwai Shunsuke,27,,12,,,,,,,,,,,,,,,,,,,3.0,1.0,0.0,0.0,0.0,0.0,0.6666666666666666,0.2,,,0.0,0.0,0.0,0.0,0.0,,0.0,1.0,0.0,,2.0,10.0
2026,2021039093,2026-07-03,2117855,宮崎 竜成,,44,遊,9,1.0,0.0,1.0,1.0,0.0,0.0,0.0,0.0,0.0,0.0,0.0,,0.0,1.0,0.0,0.0,0.0,0.0,,,,,,,,,,,,,,,,,,,,,,
2026,2021039093,2026-07-03,2121648,北斗,Hokuto,43,,12,,,,,,,,,,,,,,,,,,,1.0,1.0,,0.0,1.0,36.0,2.0,2.0,,,0.0,5.0,8.0,8.0,1.0,,3.0,1.0,0.0,,15.0,65.0
2026,2021039094,2026-07-09,1200053,宮崎 敏郎,,51,三,3,1.0,1.0,5.0,5.0,0.0,1.0,0.0,0.0,0.0,0.0,0.0,,0.0,2.0,0.0,0.0,0.0,0.0,,,,,,,,,,,,,,,,,,,,,,
2026,2021039094,2026-07-09,1500063,柴田 竜拓,,31,三,3,1.0,0.0,0.0,0.0,0.0,0.0,0.0,0.0,0.0,0.0,0.0,,0.0,0.0,0.0,0.0,0.0,0.0,,,,,,,,,,,,,,,,,,,,,,
2026,2021039094,2026-07-09,1600078,古賀 優大,,2,捕,2,1.0,1.0,3.0,2.0,0.0,0.0,0.0,0.0,0.0,0.0,0.0,,0.0,0.0,1.0,0.0,0.0,0.0,,,,,,,,,,,,,,,,,,,,,,
2026,2021039094,2026-07-09,1600089,佐野 恵太,,7,一,3,1.0,1.0,5.0,5.0,2.0,3.0,0.0,0.0,1.0,1.0,0.0,,0.0,0.0,0.0,0.0,0.0,0.0,,,,,,,,,,,,,,,,,,,,,,
2026,2021039094,2026-07-09,1600167,三森 大貴,,26,走中,3,1.0,0.0,0.0,0.0,0.0,0.0,0.0,0.0,0.0,0.0,0.0,,0.0,0.0,0.0,0.0,0.0,0.0,,,,,,,,,,,,,,,,,,,,,,
2026,2021039094,2026-07-09,1700059,神里 和毅,,8,走左,3,1.0,0.0,0.0,0.0,0.0,0.0,0.0,0.0,0.0,0.0,0.0,,0.0,0.0,0.0,0.0,0.0,0.0,,,,,,,,,,,,,,,,,,,,,,
2026,2021039094,2026-07-09,1700067,中川 虎大,Nakagawa Toradai,64,投,3,1.0,0.0,0.0,0.0,0.0,0.0,0.0,0.0,0.0,0.0,0.0,,0.0,0.0,0.0,0.0,0.0,0.0,4.0,1.0,0.0,4.0,2.0,1.63,1.0,1.0,,,0.0,0.0,0.0,0.0,0.0,,1.0,1.0,0.0,,4.0,30.0
2026,2021039094,2026-07-09,1700087,塩見 泰隆,,9,右,2,1.0,1.0,5.0,4.0,1.0,1.0,0.0,0.0,0.0,0.0,0.0,,1.0,1.0,0.0,0.0,0.0,0.0,,,,,,,,,,,,,,,,,,,,,,
2026,2021039094,2026-07-09,1700131,増田 珠,,63,打,2,1.0,0.0,1.0,1.0,0.0,0.0,0.0,0.0,0.0,0.0,0.0,,0.0,1.0,0.0,0.0,0.0,0.0,,,,,,,,,,,,,,,,,,,,,,
2026,2021039094,2026-07-09,1800033,清水 昇,Shimizu Noboru,17,投,2,1.0,0.0,0.0,0.0,0.0,0.0,0.0,0.0,0.0,0.0,0.0,,0.0,0.0,0.0,0.0,0.0,0.0,4.0,1.0,0.0,1.0,0.0,1.29,1.0,1.0,,,1.0,4.0,1.0,1.0,0.0,,0.0,0.0,0.0,,5.0,16.0
2026,2021039094,2026-07-09,1800046,勝又 温史,,28,左,3,1.0,1.0,5.0,5.0,2.0,3.0,1.0,0.0,0.0,0.0,0.0,,0.0,1.0,0.0,0.0,0.0,0.0,,,,,,,,,,,,,,,,,,,,,,
2026,2021039094,2026-07-09,1800082,山野辺 翔,,37,一,2,1.0,1.0,4.0,4.0,0.0,1.0,0.0,0.0,0.0,0.0,0.0,,0.0,0.0,0.0,0.0,0.0,0.0,,,,,,,,,,,,,,,,,,,,,,
2026,2021039094,2026-07-09,1850772,石井 巧,,38,遊,2,1.0,1.0,4.0,3.0,1.0,1.0,0.0,0.0,0.0,0.0,0.0,,1.0,1.0,0.0,0.0,0.0,0.0,,,,,,,,,,,,,,,,,,,,,,
2026,2021039094,2026-07-09,1850873,度会 隆輝,,4,打,3,1.0,0.0,1.0,0.0,0.0,0.0,0.0,0.0,0.0,0.0,0.0,,1.0,0.0,0.0,0.0,0.0,0.0,,,,,,,,,,,,,,,,,,,,,,
2026,2021039094,2026-07-09,1860235,ルイーズ,Ruiizu,49,投,3,1.0,0.0,0.0,0.0,0.0,0.0,0.0,0.0,0.0,0.0,0.0,,0.0,0.0,0.0,0.0,0.0,0.0,2.0,1.0,0.0,1.0,0.0,3.6,0.0,0.0,,,0.0,2.0,4.0,4.0,1.0,,2.0,0.0,0.0,,4.0,19.0
2026,2021039094,2026-07-09,1900028,長岡 秀樹,,7,打,2,1.0,0.0,1.0,0.0,0.0,0.0,0.0,0.0,0.0,0.0,0.0,,1.0,0.0,0.0,0.0,0.0,0.0,,,,,,,,,,,,,,,,,,,,,,
2026,2021039094,2026-07-09,1900032,伊勢 大夢,Ise Taimu,13,投,3,1.0,0.0,0.0,0.0,0.0,0.0,0.0,0.0,0.0,0.0,0.0,,0.0,0.0,0.0,0.0,0.0,0.0,3.0,1.0,0.0,2.0,1.0,3.32,2.0,2.0,,,0.0,0.0,0.0,0.0,0.0,,0.0,3.0,0.0,,6.0,25.0
2026,2021039094,2026-07-09,2000026,内山 壮真,,3,打,2,1.0,0.0,1.0,1.0,0.0,0.0,0.0,0.0,0.0,0.0,0.0,,0.0,1.0,0.0,0.0,0.0,0.0,,,,,,,,,,,,,,,,,,,,,,
2026,2021039094,2026-07-09,2000031,赤羽 由紘,,0,二左,2,1.0,1.0,4.0,4.0,1.0,1.0,0.0,0.0,0.0,0.0,0.0,,0.0,1.0,0.0,0.0,0.0,0.0,,,,,,,,,,,,,,,,,,,,,,
2026,2021039094,2026-07-09,2000033,丸山 翔大,Maruyama Shoudai,68,投,2,1.0,0.0,0.0,0.0,0.0,0.0,0.0,0.0,0.0,0.0,0.0,,0.0,0.0,0.0,0.0,0.0,0.0,2.0,1.0,0.0,0.0,0.0,2.33,1.0,1.0,,,0.0,2.0,0.0,0.0,0.0,,0.0,1.0,0.0,,5.0,18.0
2026,2021039094,2026-07-09,2000035,牧 秀悟,,2,二,3,1.0,1.0,5.0,4.0,0.0,0.0,0.0,0.0,0.0,0.0,0.0,,1.0,1.0,0.0,0.0,0.0,0.0,,,,,,,,,,,,,,,,,,,,,,
2026,2021039094,2026-07-09,2000135,サンタナ,,25,左,2,1.0,1.0,4.0,2.0,1.0,1.0,0.0,0.0,1.0,4.0,0.0,,2.0,0.0,0.0,0.0,0.0,0.0,,,,,,,,,,,,,,,,,,,,,,
2026,2021039094,2026-07-09,2100014,宮下 朝陽,,34,打,3,1.0,0.0,1.0,1.0,0.0,0.0,0.0,0.0,0.0,0.0,0.0,,0.0,0.0,0.0,0.0,0.0,0.0,,,,,,,,,,,,,,,,,,,,,,
2026,2021039094,2026-07-09,2100109,深沢 鳳介,Fukasawa Ootori Suke,43,投,3,1.0,1.0,2.0,2.0,0.0,0.0,0.0,0.0,0.0,0.0,0.0,,0.0,2.0,0.0,0.0,0.0,0.0,1.0,1.0,,1.0,1.0,4.5,5.0,5.0,,,0.0,2.0,0.0,0.0,0.0,,1.0,2.0,1.0,,18.0,67.0
2026,2021039094,2026-07-09,2100277,松尾 汐恩,,5,捕,3,1.0,1.0,4.0,3.0,1.0,0.0,0.0,0.0,0.0,0.0,0.0,,0.0,0.0,1.0,0.0,0.0,0.0,,,,,,,,,,,,,,,,,,,,,,
2026,2021039094,2026-07-09,2103703,梶原 昂希,,58,中右,3,1.0,1.0,4.0,3.0,1.0,0.0,0.0,0.0,0.0,0.0,0.0,,1.0,0.0,0.0,0.0,0.0,0.0,,,,,,,,,,,,,,,,,,,,,,
2026,2021039094,2026-07-09,2103794,吉村 貢司郎,Yoshimura Kouji Rou,21,投,2,1.0,1.0,2.0,2.0,0.0,0.0,0.0,0.0,0.0,0.0,0.0,,0.0,1.0,0.0,0.0,0.0,0.0,1.0,1.0,,4.0,6.0,4.11,6.0,6.0,,,0.0,6.0,5.0,5.0,1.0,,3.0,5.0,1.0,,28.0,111.0
2026,2021039094,2026-07-09,2103917,岩田 幸宏,,64,中,2,1.0,1.0,4.0,4.0,0.0,0.0,0.0,0.0,0.0,0.0,0.0,,0.0,0.0,0.0,0.0,0.0,0.0,,,,,,,,,,,,,,,,,,,,,,
2026,2021039094,2026-07-09,2108195,エンカーナシオン,,69,右,3,1.0,1.0,5.0,5.0,0.0,4.0,2.0,0.0,0.0,3.0,0.0,,0.0,0.0,0.0,0.0,0.0,0.0,,,,,,,,,,,,,,,,,,,,,,
2026,2021039094,2026-07-09,2112175,伊藤 琉偉,,67,走二,2,1.0,0.0,0.0,0.0,0.0,0.0,0.0,0.0,0.0,0.0,0.0,,0.0,0.0,0.0,0.0,0.0,0.0,,,,,,,,,,,,,,,,,,,,,,
2026,2021039094,2026-07-09,2112189,石上 泰輝,,44,遊,3,1.0,1.0,4.0,4.0,0.0,1.0,1.0,0.0,0.0,2.0,0.0,,0.0,0.0,0.0,0.0,0.0,0.0,,,,,,,,,,,,,,,,,,,,,,
2026,2021039094,2026-07-09,2116854,松下 歩叶,,6,三,2,1.0,1.0,4.0,4.0,0.0,0.0,0.0,0.0,0.0,0.0,0.0,,0.0,2.0,0.0,0.0,0.0,0.0,,,,,,,,,,,,,,,,,,,,,,
2026,2021039094,2026-07-09,2117433,レイノルズ,Reynolds,62,投,3,1.0,0.0,0.0,0.0,0.0,0.0,0.0,0.0,0.0,0.0,0.0,,0.0,0.0,0.0,0.0,0.0,0.0,5.0,1.0,0.0,2.0,0.0,1.32,1.0,1.0,,,1.0,1.0,0.0,0.0,0.0,,1.0,2.0,0.0,,5.0,18.0
2026,2021039094,2026-07-09,2122334,リランソ,Riran Soviet,62,投,2,1.0,0.0,0.0,0.0,0.0,0.0,0.0,0.0,0.0,0.0,0.0,,0.0,0.0,0.0,0.0,0.0,0.0,3.0,1.0,0.0,1.0,0.0,0.0,1.0,1.0,,,0.0,0.0,0.0,0.0,0.0,,0.0,0.0,0.0,,3.0,15.0
2026,2021039095,2026-07-01,800043,丸 佳浩,,8,打,1,1.0,0.0,1.0,0.0,0.0,0.0,0.0,0.0,0.0,0.0,0.0,,1.0,0.0,0.0,0.0,0.0,0.0,,,,,,,,,,,,,,,,,,,,,,
2026,2021039095,2026-07-01,1000176,甲斐 拓也,,10,打,1,1.0,0.0,1.0,1.0,0.0,0.0,0.0,0.0,0.0,0.0,0.0,,0.0,0.0,0.0,0.0,0.0,0.0,,,,,,,,,,,,,,,,,,,,,,
2026,2021039095,2026-07-01,1100069,高橋 周平,,3,打,4,1.0,0.0,1.0,0.0,0.0,0.0,0.0,0.0,0.0,0.0,0.0,,1.0,0.0,0.0,0.0,0.0,0.0,,,,,,,,,,,,,,,,,,,,,,
2026,2021039095,2026-07-01,1100095,松本 剛,,9,左,1,1.0,1.0,4.0,4.0,0.0,0.0,0.0,0.0,0.0,0.0,0.0,,0.0,0.0,0.0,0.0,0.0,0.0,,,,,,,,,,,,,,,,,,,,,,
2026,2021039095,2026-07-01,1400160,加藤 匠馬,,49,走捕,4,1.0,0.0,0.0,0.0,0.0,0.0,0.0,0.0,0.0,0.0,0.0,,0.0,0.0,0.0,0.0,0.0,0.0,,,,,,,,,,,,,,,,,,,,,,
2026,2021039095,2026-07-01,1500054,増田 大輝,,0,三,1,1.0,1.0,2.0,1.0,0.0,0.0,0.0,0.0,0.0,0.0,0.0,,0.0,1.0,0.0,1.0,0.0,1.0,,,,,,,,,,,,,,,,,,,,,,
2026,2021039095,2026-07-01,1500091,板山 祐太郎,,63,打二,4,1.0,0.0,1.0,1.0,0.0,0.0,0.0,0.0,0.0,0.0,0.0,,0.0,0.0,0.0,0.0,0.0,0.0,,,,,,,,,,,,,,,,,,,,,,
2026,2021039095,2026-07-01,1561820,ダルベック,,29,一,1,1.0,1.0,4.0,4.0,0.0,0.0,0.0,0.0,0.0,0.0,0.0,,0.0,2.0,0.0,0.0,0.0,0.0,,,,,,,,,,,,,,,,,,,,,,
2026,2021039095,2026-07-01,1561854,サノー,,23,一,4,1.0,1.0,4.0,3.0,0.0,0.0,0.0,0.0,0.0,0.0,0.0,,1.0,1.0,0.0,0.0,0.0,0.0,,,,,,,,,,,,,,,,,,,,,,
2026,2021039095,2026-07-01,1600085,細川 成也,,55,左,4,1.0,1.0,4.0,2.0,0.0,0.0,0.0,0.0,0.0,0.0,0.0,,2.0,1.0,0.0,0.0,0.0,0.0,,,,,,,,,,,,,,,,,,,,,,
2026,2021039095,2026-07-01,1600110,藤嶋 健人,Fujishima Taketo,54,投,4,1.0,0.0,0.0,0.0,0.0,0.0,0.0,0.0,0.0,0.0,0.0,,0.0,0.0,0.0,0.0,0.0,0.0,2.0,1.0,0.0,2.0,2.0,1.84,1.0,1.0,,,0.0,0.0,0.0,0.0,0.0,,1.0,0.0,0.0,,4.0,16.0
2026,2021039095,2026-07-01,1700010,マルティネス,Marutinesu,92,投,1,1.0,0.0,0.0,0.0,0.0,0.0,0.0,0.0,0.0,0.0,0.0,,0.0,0.0,0.0,0.0,0.0,0.0,3.0,1.0,0.0,1.0,2.0,1.59,1.0,1.0,,,24.0,1.0,0.0,0.0,0.0,,0.0,0.0,0.0,,3.0,6.0
2026,2021039095,2026-07-01,1700027,田中 瑛斗,Tanaka Akira To,45,投,1,1.0,0.0,0.0,0.0,0.0,0.0,0.0,0.0,0.0,0.0,0.0,,0.0,0.0,0.0,0.0,0.0,0.0,2.0,1.0,0.0,1.0,1.0,0.64,1.0,1.0,,,1.0,0.0,0.0,0.0,0.0,,2.0,0.0,0.0,,5.0,19.0
2026,2021039095,2026-07-01,1700043,岸田 行倫,,27,捕,1,1.0,1.0,4.0,4.0,0.0,0.0,0.0,0.0,0.0,0.0,0.0,,0.0,2.0,0.0,0.0,0.0,0.0,,,,,,,,,,,,,,,,,,,,,,
2026,2021039095,2026-07-01,1750223,村松 開人,,5,遊,4,1.0,1.0,4.0,4.0,0.0,1.0,0.0,0.0,0.0,0.0,0.0,,0.0,0.0,0.0,0.0,0.0,0.0,,,,,,,,,,,,,,,,,,,,,,
2026,2021039095,2026-07-01,1750321,泉口 友汰,,35,遊,1,1.0,1.0,4.0,4.0,0.0,1.0,0.0,0.0,0.0,0.0,0.0,,0.0,2.0,0.0,0.0,0.0,0.0,,,,,,,,,,,,,,,,,,,,,,
2026,2021039095,2026-07-01,1750701,田中 幹也,,2,二,4,1.0,1.0,3.0,2.0,0.0,0.0,0.0,0.0,0.0,0.0,0.0,,0.0,1.0,0.0,1.0,0.0,0.0,,,,,,,,,,,,,,,,,,,,,,
2026,2021039095,2026-07-01,1900019,井上 温大,Inoue Atsushidai,97,投,1,1.0,1.0,2.0,2.0,0.0,0.0,0.0,0.0,0.0,0.0,0.0,,0.0,1.0,0.0,0.0,0.0,0.0,1.0,1.0,,7.0,5.0,2.11,7.0,7.0,,,0.0,3.0,0.0,0.0,0.0,,2.0,8.0,0.0,,27.0,98.0
2026,2021039095,2026-07-01,1900037,石川 昂弥,,25,三,4,1.0,1.0,4.0,4.0,0.0,2.0,0.0,0.0,0.0,0.0,0.0,,0.0,1.0,0.0,0.0,0.0,0.0,,,,,,,,,,,,,,,,,,,,,,
2026,2021039095,2026-07-01,1900041,岡林 勇希,,1,中,4,1.0,1.0,4.0,4.0,0.0,1.0,0.0,0.0,0.0,0.0,0.0,,0.0,0.0,0.0,0.0,0.0,0.0,,,,,,,,,,,,,,,,,,,,,,
2026,2021039095,2026-07-01,1951153,浦田 俊輔,,32,二,1,1.0,1.0,4.0,4.0,0.0,1.0,0.0,0.0,0.0,0.0,0.0,,0.0,0.0,0.0,0.0,0.0,0.0,,,,,,,,,,,,,,,,,,,,,,
2026,2021039095,2026-07-01,2100225,笹原 操希,,95,右,1,1.0,1.0,3.0,3.0,1.0,2.0,0.0,0.0,1.0,1.0,0.0,,0.0,1.0,0.0,0.0,0.0,0.0,,,,,,,,,,,,,,,,,,,,,,
2026,2021039095,2026-07-01,2103780,福永 裕基,,7,打,4,1.0,0.0,1.0,1.0,0.0,0.0,0.0,0.0,0.0,0.0,0.0,,0.0,1.0,0.0,0.0,0.0,0.0,,,,,,,,,,,,,,,,,,,,,,
2026,2021039095,2026-07-01,2103845,鵜飼 航丞,,66,右,4,1.0,1.0,4.0,4.0,0.0,0.0,0.0,0.0,0.0,0.0,0.0,,0.0,1.0,0.0,0.0,0.0,0.0,,,,,,,,,,,,,,,,,,,,,,
2026,2021039095,2026-07-01,2105102,石伊 雄太,,9,捕,4,1.0,1.0,3.0,3.0,0.0,0.0,0.0,0.0,0.0,0.0,0.0,,0.0,2.0,0.0,0.0,0.0,0.0,,,,,,,,,,,,,,,,,,,,,,
2026,2021039095,2026-07-01,2105295,吉田 聖弥,Yoshida Kiyoshi Wataru,47,投,4,1.0,0.0,0.0,0.0,0.0,0.0,0.0,0.0,0.0,0.0,0.0,,0.0,0.0,0.0,0.0,0.0,0.0,3.0,1.0,0.0,0.0,1.0,0.73,1.0,1.0,,,0.0,0.0,0.0,0.0,0.0,,0.0,1.0,0.0,,3.0,13.0
2026,2021039095,2026-07-01,2107645,尾田 剛樹,,0,走,4,1.0,0.0,0.0,0.0,0.0,0.0,0.0,0.0,0.0,0.0,0.0,,0.0,0.0,0.0,0.0,0.0,0.0,,,,,,,,,,,,,,,,,,,,,,
2026,2021039095,2026-07-01,2107874,門脇 誠,,5,走三,1,1.0,0.0,0.0,0.0,0.0,0.0,0.0,0.0,0.0,0.0,0.0,,0.0,0.0,0.0,0.0,0.0,0.0,,,,,,,,,,,,,,,,,,,,,,
2026,2021039095,2026-07-01,2108462,金丸 夢斗,Kanemarumu To,21,投,4,1.0,1.0,2.0,2.0,0.0,0.0,0.0,0.0,0.0,0.0,0.0,,0.0,0.0,0.0,0.0,0.0,0.0,1.0,1.0,,5.0,6.0,2.52,7.0,7.0,,,0.0,5.0,1.0,1.0,1.0,,0.0,9.0,0.0,,25.0,100.0
2026,2021039095,2026-07-01,2118420,キャベッジ,,13,中,1,1.0,1.0,3.0,3.0,0.0,1.0,0.0,0.0,0.0,0.0,0.0,,0.0,1.0,0.0,0.0,0.0,0.0,,,,,,,,,,,,,,,,,,,,,,
2026,2021039096,2026-07-10,1000116,中崎 翔太,Nakazaki Shouta,21,投,6,1.0,0.0,0.0,0.0,0.0,0.0,0.0,0.0,0.0,0.0,0.0,,0.0,0.0,0.0,0.0,0.0,0.0,4.0,1.0,0.0,1.0,4.0,3.2,1.0,1.0,,,6.0,3.0,1.0,1.0,0.0,,0.0,1.0,0.0,,6.0,21.0
2026,2021039096,2026-07-10,1100082,菊池 涼介,,33,二,6,1.0,1.0,4.0,4.0,0.0,0.0,0.0,0.0,0.0,0.0,0.0,,0.0,0.0,0.0,0.0,0.0,0.0,,,,,,,,,,,,,,,,,,,,,,
2026,2021039096,2026-07-10,1300075,岩崎 優,Iwasaki Yuu,13,投,5,1.0,0.0,0.0,0.0,0.0,0.0,0.0,0.0,0.0,0.0,0.0,,0.0,0.0,0.0,0.0,0.0,0.0,3.0,1.0,0.0,1.0,2.0,2.86,1.0,1.0,,,9.0,3.0,1.0,1.0,0.0,,0.0,1.0,0.0,,5.0,25.0
2026,2021039096,2026-07-10,1400173,野間 峻祥,,37,右,6,1.0,1.0,3.0,2.0,0.0,1.0,1.0,0.0,0.0,0.0,0.0,,1.0,0.0,0.0,0.0,0.0,2.0,,,,,,,,,,,,,,,,,,,,,,
2026,2021039096,2026-07-10,1500087,坂本 誠志郎,,12,捕,5,1.0,1.0,4.0,2.0,0.0,1.0,0.0,0.0,0.0,0.0,0.0,,2.0,0.0,0.0,0.0,0.0,0.0,,,,,,,,,,,,,,,,,,,,,,
2026,2021039096,2026-07-10,1600033,ドリス,Doris,98,投,5,1.0,0.0,0.0,0.0,0.0,0.0,0.0,0.0,0.0,0.0,0.0,,0.0,0.0,0.0,0.0,0.0,0.0,4.0,1.0,0.0,1.0,2.0,1.37,1.0,1.0,,,11.0,1.0,1.0,1.0,1.0,,0.0,1.0,0.0,,4.0,15.0
2026,2021039096,2026-07-10,1600113,大山 悠輔,,3,一,5,1.0,1.0,4.0,4.0,0.0,2.0,0.0,0.0,0.0,0.0,0.0,,0.0,1.0,0.0,0.0,0.0,0.0,,,,,,,,,,,,,,,,,,,,,,
2026,2021039096,2026-07-10,1600123,床田 寛樹,Tokoda Hiroki,19,投,6,1.0,1.0,2.0,2.0,0.0,0.0,0.0,0.0,0.0,0.0,0.0,,0.0,1.0,0.0,0.0,0.0,0.0,1.0,1.0,,3.0,3.0,2.61,5.0,5.0,,,0.0,8.0,5.0,2.0,1.0,,2.0,6.0,0.0,,25.0,92.0
2026,2021039096,2026-07-10,1600124,坂倉 将吾,,31,三一,6,1.0,1.0,4.0,4.0,1.0,3.0,0.0,0.0,0.0,1.0,0.0,,0.0,0.0,0.0,0.0,0.0,0.0,,,,,,,,,,,,,,,,,,,,,,
2026,2021039096,2026-07-10,1700079,熊谷 敬宥,,4,打遊,5,1.0,0.0,2.0,2.0,0.0,1.0,0.0,0.0,0.0,0.0,0.0,,0.0,0.0,0.0,0.0,0.0,0.0,,,,,,,,,,,,,,,,,,,,,,
2026,2021039096,2026-07-10,1800067,木浪 聖也,,0,遊,5,1.0,1.0,3.0,3.0,0.0,0.0,0.0,0.0,0.0,0.0,0.0,,0.0,1.0,0.0,0.0,0.0,0.0,,,,,,,,,,,,,,,,,,,,,,
2026,2021039096,2026-07-10,1800072,小園 海斗,,5,遊三,6,1.0,1.0,4.0,4.0,0.0,1.0,0.0,0.0,0.0,0.0,0.0,,0.0,1.0,0.0,0.0,0.0,0.0,,,,,,,,,,,,,,,,,,,,,,
2026,2021039096,2026-07-10,1800073,島内 颯太郎,Shimauchi Fuuta Rou,43,投,6,1.0,0.0,0.0,0.0,0.0,0.0,0.0,0.0,0.0,0.0,0.0,,0.0,0.0,0.0,0.0,0.0,0.0,3.0,1.0,0.0,0.0,1.0,5.68,1.0,1.0,,,0.0,1.0,0.0,0.0,0.0,,0.0,1.0,0.0,,4.0,15.0
2026,2021039096,2026-07-10,1800079,大盛 穂,,59,中,6,1.0,1.0,5.0,5.0,1.0,1.0,0.0,0.0,0.0,0.0,1.0,,0.0,2.0,0.0,0.0,0.0,0.0,,,,,,,,,,,,,,,,,,,,,,
2026,2021039096,2026-07-10,1850183,森下 翔太,,1,右,5,1.0,1.0,5.0,5.0,1.0,1.0,0.0,0.0,0.0,0.0,0.0,,0.0,1.0,0.0,0.0,0.0,0.0,,,,,,,,,,,,,,,,,,,,,,
2026,2021039096,2026-07-10,1850405,名原 典彦,,92,左右,6,1.0,1.0,5.0,5.0,0.0,0.0,0.0,0.0,0.0,0.0,0.0,,0.0,1.0,0.0,0.0,0.0,0.0,,,,,,,,,,,,,,,,,,,,,,
2026,2021039096,2026-07-10,1900050,小野寺 暖,,60,左,5,1.0,0.0,0.0,0.0,0.0,0.0,0.0,0.0,0.0,0.0,0.0,,0.0,0.0,0.0,0.0,0.0,1.0,,,,,,,,,,,,,,,,,,,,,,
2026,2021039096,2026-07-10,1900056,石原 貴規,,32,捕,6,1.0,1.0,3.0,3.0,0.0,0.0,0.0,0.0,0.0,0.0,0.0,,0.0,2.0,0.0,0.0,0.0,0.0,,,,,,,,,,,,,,,,,,,,,,
2026,2021039096,2026-07-10,1900058,持丸 泰輝,,57,打,6,1.0,0.0,1.0,1.0,0.0,0.0,0.0,0.0,0.0,0.0,0.0,,0.0,1.0,0.0,0.0,0.0,0.0,,,,,,,,,,,,,,,,,,,,,,
2026,2021039096,2026-07-10,1950996,前川 右京,,58,左,5,1.0,1.0,4.0,4.0,1.0,2.0,0.0,0.0,1.0,2.0,0.0,,0.0,2.0,0.0,0.0,0.0,0.0,,,,,,,,,,,,,,,,,,,,,,
2026,2021039096,2026-07-10,1961927,モンテロ,,95,打,6,1.0,0.0,1.0,1.0,0.0,1.0,1.0,0.0,0.0,1.0,0.0,,0.0,0.0,0.0,0.0,0.0,0.0,,,,,,,,,,,,,,,,,,,,,,
2026,2021039096,2026-07-10,2000051,佐藤 輝明,,8,三,5,1.0,1.0,4.0,4.0,2.0,3.0,0.0,0.0,0.0,0.0,0.0,,0.0,0.0,0.0,0.0,0.0,0.0,,,,,,,,,,,,,,,,,,,,,,
2026,2021039096,2026-07-10,2000055,村上 頌樹,Murakami Shouju,41,投,5,1.0,1.0,2.0,2.0,0.0,0.0,0.0,0.0,0.0,0.0,0.0,,0.0,2.0,0.0,0.0,0.0,1.0,1.0,1.0,,7.0,5.0,2.09,6.0,6.0,,,0.0,5.0,1.0,1.0,0.0,,1.0,4.0,0.0,,24.0,102.0
2026,2021039096,2026-07-10,2000056,中野 拓夢,,7,二,5,1.0,1.0,5.0,5.0,1.0,1.0,0.0,0.0,0.0,0.0,0.0,,0.0,1.0,0.0,0.0,0.0,0.0,,,,,,,,,,,,,,,,,,,,,,
2026,2021039096,2026-07-10,2000057,高寺 望夢,,67,中,5,1.0,1.0,5.0,5.0,0.0,1.0,0.0,0.0,0.0,1.0,0.0,,0.0,0.0,0.0,0.0,0.0,0.0,,,,,,,,,,,,,,,,,,,,,,
2026,2021039096,2026-07-10,2050203,佐々木 泰,,10,打,6,1.0,0.0,1.0,1.0,0.0,1.0,0.0,0.0,0.0,0.0,0.0,,0.0,0.0,0.0,0.0,0.0,0.0,,,,,,,,,,,,,,,,,,,,,,
2026,2021039096,2026-07-10,2106037,辻 大雅,Tsuji Taiga,98,投,6,1.0,0.0,0.0,0.0,0.0,0.0,0.0,0.0,0.0,0.0,0.0,,0.0,0.0,0.0,0.0,0.0,0.0,2.0,1.0,0.0,1.0,1.0,4.32,1.0,1.0,,,0.0,1.0,0.0,0.0,0.0,,0.0,0.0,0.0,,4.0,9.0
2026,2021039096,2026-07-10,2107887,辰見 鴻之介,,69,走,6,1.0,0.0,0.0,0.0,0.0,0.0,0.0,0.0,0.0,0.0,0.0,,0.0,0.0,0.0,0.0,0.0,0.0,,,,,,,,,,,,,,,,,,,,,,
2026,2021039096,2026-07-10,2110225,福島 圭音,,92,打,5,1.0,0.0,1.0,1.0,1.0,1.0,0.0,0.0,0.0,0.0,0.0,,0.0,0.0,0.0,0.0,0.0,0.0,,,,,,,,,,,,,,,,,,,,,,
2026,2021039096,2026-07-10,2110422,勝田 成,,0,遊,6,1.0,0.0,0.0,0.0,0.0,0.0,0.0,0.0,0.0,0.0,0.0,,0.0,0.0,0.0,0.0,0.0,0.0,,,,,,,,,,,,,,,,,,,,,,
2026,2021039096,2026-07-10,2112143,佐藤 啓介,,94,一,6,1.0,1.0,4.0,4.0,1.0,2.0,0.0,0.0,0.0,1.0,0.0,,0.0,0.0,0.0,0.0,0.0,0.0,,,,,,,,,,,,,,,,,,,,,,
2026,2021039096,2026-07-10,2112146,工藤 泰成,Kudou Yasunari,49,投,5,1.0,0.0,0.0,0.0,0.0,0.0,0.0,0.0,0.0,0.0,0.0,,0.0,0.0,0.0,0.0,0.0,0.0,2.0,1.0,0.0,0.0,0.0,1.78,1.0,1.0,,,0.0,2.0,1.0,1.0,0.0,,0.0,2.0,0.0,,5.0,17.0
2026,2021039096,2026-07-10,2114882,ファビアン,,61,打左,6,1.0,0.0,1.0,1.0,1.0,1.0,0.0,0.0,1.0,1.0,0.0,,0.0,0.0,0.0,0.0,0.0,0.0,,,,,,,,,,,,,,,,,,,,,,
2026,2021039097,2026-07-07,900056,浅村 栄斗,,3,指,376,1.0,1.0,4.0,3.0,0.0,0.0,0.0,0.0,0.0,0.0,0.0,,1.0,2.0,0.0,0.0,0.0,0.0,,,,,,,,,,,,,,,,,,,,,,
2026,2021039097,2026-07-07,1000164,島本 浩也,Shimamoto Kouya,40,,8,,,,,,,,,,,,,,,,,,,4.0,1.0,0.0,2.0,0.0,0.75,1.0,1.0,,,2.0,0.0,0.0,0.0,0.0,,0.0,1.0,0.0,,3.0,15.0
2026,2021039097,2026-07-07,1500109,上原 健太,Uehara Kenta,20,,8,,,,,,,,,,,,,,,,,,,2.0,1.0,0.0,2.0,3.0,3.92,2.0,2.0,,,0.0,0.0,0.0,0.0,0.0,,1.0,1.0,0.0,,6.0,32.0
2026,2021039097,2026-07-07,1600007,村林 一輝,,6,二,376,1.0,1.0,4.0,3.0,0.0,0.0,0.0,0.0,0.0,1.0,0.0,,0.0,0.0,0.0,0.0,1.0,0.0,,,,,,,,,,,,,,,,,,,,,,
2026,2021039097,2026-07-07,1600164,田中 正義,Tanaka Masayoshi,26,,8,,,,,,,,,,,,,,,,,,,6.0,1.0,0.0,1.0,2.0,2.33,1.0,1.0,,,1.0,0.0,0.0,0.0,0.0,,1.0,0.0,0.0,,4.0,24.0
2026,2021039097,2026-07-07,1700025,清宮 幸太郎,,21,一,8,1.0,1.0,4.0,3.0,1.0,1.0,0.0,0.0,1.0,1.0,0.0,,1.0,0.0,0.0,0.0,0.0,0.0,,,,,,,,,,,,,,,,,,,,,,
2026,2021039097,2026-07-07,1750493,西垣 雅矢,Nishigaki Tadashi Ya,49,,376,,,,,,,,,,,,,,,,,,,3.0,1.0,0.0,3.0,3.0,5.68,1.0,1.0,,,0.0,2.0,1.0,1.0,0.0,,0.0,2.0,0.0,,5.0,19.0
2026,2021039097,2026-07-07,1800091,野村 佑希,,5,左,8,1.0,1.0,4.0,4.0,1.0,1.0,0.0,0.0,1.0,2.0,0.0,,0.0,1.0,0.0,0.0,0.0,0.0,,,,,,,,,,,,,,,,,,,,,,
2026,2021039097,2026-07-07,1800093,万波 中正,,66,右,8,1.0,1.0,4.0,3.0,0.0,1.0,0.0,0.0,0.0,1.0,0.0,,0.0,0.0,0.0,0.0,1.0,0.0,,,,,,,,,,,,,,,,,,,,,,
2026,2021039097,2026-07-07,1800117,辰己 涼介,,8,中,376,1.0,1.0,5.0,4.0,0.0,2.0,1.0,0.0,0.0,1.0,0.0,,1.0,0.0,0.0,0.0,0.0,0.0,,,,,,,,,,,,,,,,,,,,,,
2026,2021039097,2026-07-07,1850932,奈良間 大己,,58,二,8,1.0,0.0,0.0,0.0,0.0,0.0,0.0,0.0,0.0,0.0,0.0,,0.0,0.0,0.0,0.0,0.0,0.0,,,,,,,,,,,,,,,,,,,,,,
2026,2021039097,2026-07-07,1851157,宗山 塁,,1,遊,376,1.0,1.0,4.0,4.0,0.0,0.0,0.0,0.0,0.0,0.0,1.0,,0.0,0.0,0.0,0.0,0.0,0.0,,,,,,,,,,,,,,,,,,,,,,
2026,2021039097,2026-07-07,1851204,水野 達稀,,43,遊,8,1.0,1.0,5.0,5.0,0.0,0.0,0.0,0.0,0.0,0.0,0.0,,0.0,1.0,0.0,0.0,0.0,0.0,,,,,,,,,,,,,,,,,,,,,,
2026,2021039097,2026-07-07,1860140,レイエス,,99,指,8,1.0,1.0,5.0,5.0,0.0,2.0,0.0,0.0,0.0,0.0,0.0,,0.0,0.0,0.0,0.0,0.0,0.0,,,,,,,,,,,,,,,,,,,,,,
2026,2021039097,2026-07-07,1900040,郡司 裕也,,3,三,8,1.0,1.0,4.0,4.0,1.0,1.0,1.0,0.0,0.0,0.0,0.0,,0.0,2.0,0.0,0.0,0.0,0.0,,,,,,,,,,,,,,,,,,,,,,
2026,2021039097,2026-07-07,1900113,黒川 史陽,,24,一,376,1.0,1.0,5.0,3.0,1.0,1.0,0.0,0.0,0.0,1.0,0.0,,1.0,1.0,0.0,0.0,1.0,0.0,,,,,,,,,,,,,,,,,,,,,,
2026,2021039097,2026-07-07,1950278,中島 大輔,,32,右,376,1.0,1.0,5.0,3.0,0.0,0.0,0.0,0.0,0.0,0.0,0.0,,1.0,1.0,1.0,0.0,0.0,0.0,,,,,,,,,,,,,,,,,,,,,,
2026,2021039097,2026-07-07,1950486,進藤 勇也,,33,捕,8,1.0,1.0,4.0,4.0,2.0,2.0,0.0,1.0,1.0,1.0,0.0,,0.0,0.0,0.0,0.0,0.0,0.0,,,,,,,,,,,,,,,,,,,,,,
2026,2021039097,2026-07-07,2000080,五十幡 亮汰,,50,中,8,1.0,0.0,2.0,2.0,1.0,1.0,1.0,0.0,0.0,0.0,0.0,,0.0,1.0,0.0,0.0,0.0,0.0,,,,,,,,,,,,,,,,,,,,,,
2026,2021039097,2026-07-07,2000082,細川 凌平,,56,二左,8,1.0,1.0,4.0,3.0,0.0,1.0,0.0,0.0,0.0,1.0,1.0,,1.0,1.0,0.0,0.0,0.0,0.0,,,,,,,,,,,,,,,,,,,,,,
2026,2021039097,2026-07-07,2000126,内 星龍,Uchi Hoshi Ryuu,69,,376,,,,,,,,,,,,,,,,,,,2.0,1.0,0.0,0.0,2.0,5.46,2.0,2.0,,,0.0,2.0,1.0,1.0,1.0,,0.0,1.0,0.0,,8.0,20.0
2026,2021039097,2026-07-07,2050307,達 孝太,Tooru Kouta,16,,8,,,,,,,,,,,,,,,,,,,3.0,1.0,0.0,2.0,6.0,3.7,2.0,2.0,,,2.0,2.0,0.0,0.0,0.0,,2.0,2.0,0.0,,10.0,42.0
2026,2021039097,2026-07-07,2100027,福島 蓮,Fukushima Ren,45,,8,,,,,,,,,,,,,,,,,,,1.0,1.0,,3.0,2.0,2.68,2.0,2.0,,,0.0,4.0,3.0,3.0,0.0,,2.0,3.0,1.0,,13.0,45.0
2026,2021039097,2026-07-07,2103635,柳川 大晟,Yanagawadai Akira,47,,8,,,,,,,,,,,,,,,,,,,5.0,1.0,0.0,2.0,0.0,2.57,1.0,1.0,,,19.0,0.0,0.0,0.0,0.0,,0.0,2.0,0.0,,3.0,14.0
2026,2021039097,2026-07-07,2103740,YG安田,,55,捕,376,1.0,1.0,4.0,3.0,1.0,2.0,0.0,0.0,0.0,0.0,0.0,,1.0,1.0,0.0,0.0,0.0,0.0,,,,,,,,,,,,,,,,,,,,,,
2026,2021039097,2026-07-07,2105283,平良 竜哉,,48,三,376,1.0,1.0,4.0,4.0,1.0,1.0,0.0,0.0,0.0,0.0,0.0,,0.0,2.0,0.0,0.0,0.0,0.0,,,,,,,,,,,,,,,,,,,,,,
2026,2021039097,2026-07-07,2108090,カストロ,,6,中,8,1.0,1.0,3.0,2.0,0.0,0.0,0.0,0.0,0.0,0.0,0.0,,0.0,1.0,1.0,0.0,0.0,0.0,,,,,,,,,,,,,,,,,,,,,,
2026,2021039097,2026-07-07,2108107,コントレラス,Contreras,15,,376,,,,,,,,,,,,,,,,,,,1.0,1.0,,0.0,1.0,9.0,4.0,4.0,,,0.0,6.0,4.0,4.0,2.0,,1.0,1.0,1.0,,19.0,73.0
2026,2021039097,2026-07-07,2108325,日當 直喜,Hi TouNaoki,54,,376,,,,,,,,,,,,,,,,,,,5.0,1.0,0.0,0.0,0.0,0.0,1.0,1.0,,,0.0,0.0,0.0,0.0,0.0,,0.0,1.0,0.0,,3.0,12.0
2026,2021039097,2026-07-07,2114529,山縣 秀,,54,三,8,1.0,0.0,0.0,0.0,0.0,0.0,0.0,0.0,0.0,0.0,0.0,,0.0,0.0,0.0,0.0,0.0,0.0,,,,,,,,,,,,,,,,,,,,,,
2026,2021039097,2026-07-07,2121018,九谷 瑠,Kutani ?,45,,376,,,,,,,,,,,,,,,,,,,4.0,1.0,0.0,0.0,0.0,1.29,1.0,1.0,,,0.0,0.0,0.0,0.0,0.0,,1.0,2.0,0.0,,4.0,17.0
2026,2021039097,2026-07-07,2122300,マッカスカー,,34,左,376,1.0,1.0,4.0,3.0,0.0,0.0,0.0,0.0,0.0,0.0,0.0,,1.0,2.0,0.0,0.0,0.0,0.0,,,,,,,,,,,,,,,,,,,,,,
2026,2021039098,2026-07-08,1300100,森 友哉,,4,指,11,1.0,1.0,3.0,3.0,0.0,1.0,0.0,0.0,0.0,1.0,0.0,,0.0,0.0,0.0,0.0,0.0,0.0,,,,,,,,,,,,,,,,,,,,,,
2026,2021039098,2026-07-08,1300109,若月 健矢,,2,捕,11,1.0,1.0,3.0,3.0,0.0,0.0,0.0,0.0,0.0,0.0,0.0,,0.0,0.0,0.0,0.0,0.0,0.0,,,,,,,,,,,,,,,,,,,,,,
2026,2021039098,2026-07-08,1400184,外崎 修汰,,5,打二,7,1.0,0.0,1.0,1.0,0.0,0.0,0.0,0.0,0.0,0.0,0.0,,0.0,1.0,0.0,0.0,0.0,0.0,,,,,,,,,,,,,,,,,,,,,,
2026,2021039098,2026-07-08,1400196,宗 佑磨,,6,三,11,1.0,1.0,3.0,3.0,1.0,1.0,0.0,0.0,0.0,0.0,0.0,,0.0,1.0,0.0,0.0,0.0,0.0,,,,,,,,,,,,,,,,,,,,,,
2026,2021039098,2026-07-08,1500096,西川 龍馬,,7,左,11,1.0,1.0,3.0,3.0,0.0,0.0,0.0,0.0,0.0,0.0,0.0,,0.0,0.0,0.0,0.0,0.0,0.0,,,,,,,,,,,,,,,,,,,,,,
2026,2021039098,2026-07-08,1500117,平沢 大河,,39,三左,7,1.0,1.0,4.0,4.0,0.0,0.0,0.0,0.0,0.0,0.0,0.0,,0.0,0.0,0.0,0.0,0.0,0.0,,,,,,,,,,,,,,,,,,,,,,
2026,2021039098,2026-07-08,1600129,源田 壮亮,,6,遊,7,1.0,1.0,2.0,2.0,0.0,0.0,0.0,0.0,0.0,0.0,0.0,,0.0,0.0,0.0,0.0,0.0,0.0,,,,,,,,,,,,,,,,,,,,,,
2026,2021039098,2026-07-08,1600134,石井 一成,,4,指,7,1.0,1.0,4.0,4.0,1.0,1.0,0.0,0.0,0.0,0.0,0.0,,0.0,0.0,0.0,0.0,0.0,0.0,,,,,,,,,,,,,,,,,,,,,,
2026,2021039098,2026-07-08,1650221,椋木 蓮,Mukunoki Ren,15,,11,,,,,,,,,,,,,,,,,,,2.0,1.0,0.0,1.0,2.0,2.57,1.0,1.0,,,1.0,0.0,0.0,0.0,0.0,,0.0,1.0,0.0,,3.0,9.0
2026,2021039098,2026-07-08,1650722,杉澤 龍,,33,右,11,1.0,0.0,0.0,0.0,0.0,0.0,0.0,0.0,0.0,0.0,0.0,,0.0,0.0,0.0,0.0,0.0,0.0,,,,,,,,,,,,,,,,,,,,,,
2026,2021039098,2026-07-08,1700122,西川 愛也,,51,中,7,1.0,1.0,3.0,3.0,0.0,0.0,0.0,0.0,0.0,0.0,0.0,,0.0,0.0,0.0,0.0,0.0,0.0,,,,,,,,,,,,,,,,,,,,,,
2026,2021039098,2026-07-08,1750472,古賀 悠斗,,22,打捕,7,1.0,0.0,1.0,1.0,0.0,1.0,0.0,0.0,0.0,1.0,0.0,,0.0,0.0,0.0,0.0,0.0,0.0,,,,,,,,,,,,,,,,,,,,,,
2026,2021039098,2026-07-08,1750667,山中 稜真,,50,一,11,1.0,1.0,4.0,4.0,1.0,1.0,0.0,0.0,0.0,1.0,0.0,,0.0,1.0,0.0,0.0,0.0,0.0,,,,,,,,,,,,,,,,,,,,,,
2026,2021039098,2026-07-08,1751148,隅田 知一郎,Sumida Tomoichirou,16,,7,,,,,,,,,,,,,,,,,,,1.0,1.0,,6.0,5.0,2.44,6.0,6.0,,,0.0,5.0,3.0,3.0,1.0,,0.0,4.0,0.0,,23.0,90.0
2026,2021039098,2026-07-08,1800085,森脇 亮介,Moriwaki Ryousuke,28,,7,,,,,,,,,,,,,,,,,,,2.0,1.0,0.0,0.0,0.0,0.0,1.0,1.0,,,0.0,0.0,0.0,0.0,0.0,,0.0,0.0,0.0,,3.0,12.0
2026,2021039098,2026-07-08,1800098,太田 椋,,1,二,11,1.0,1.0,3.0,3.0,1.0,1.0,0.0,0.0,1.0,1.0,0.0,,0.0,2.0,0.0,0.0,0.0,0.0,,,,,,,,,,,,,,,,,,,,,,
2026,2021039098,2026-07-08,1800104,中川 圭太,,67,右左,11,1.0,1.0,3.0,3.0,0.0,0.0,0.0,0.0,0.0,0.0,0.0,,0.0,0.0,0.0,0.0,0.0,0.0,,,,,,,,,,,,,,,,,,,,,,
2026,2021039098,2026-07-08,1850820,蛭間 拓哉,,9,左,7,1.0,1.0,2.0,2.0,0.0,0.0,0.0,0.0,0.0,0.0,0.0,,0.0,0.0,0.0,0.0,0.0,0.0,,,,,,,,,,,,,,,,,,,,,,
2026,2021039098,2026-07-08,1900088,紅林 弘太郎,,24,遊,11,1.0,1.0,3.0,3.0,0.0,1.0,0.0,0.0,0.0,0.0,0.0,,0.0,0.0,0.0,0.0,0.0,0.0,,,,,,,,,,,,,,,,,,,,,,
2026,2021039098,2026-07-08,1950417,渡部 聖弥,,8,三,7,1.0,0.0,0.0,0.0,0.0,0.0,0.0,0.0,0.0,0.0,0.0,,0.0,0.0,0.0,0.0,0.0,0.0,,,,,,,,,,,,,,,,,,,,,,
2026,2021039098,2026-07-08,1961416,マチャド,Machado,42,,11,,,,,,,,,,,,,,,,,,,3.0,1.0,0.0,1.0,0.0,1.21,1.0,1.0,,,20.0,0.0,0.0,0.0,0.0,,0.0,1.0,0.0,,3.0,9.0
2026,2021039098,2026-07-08,2000077,豆田 泰志,Mameda Yasushi,70,,7,,,,,,,,,,,,,,,,,,,3.0,1.0,0.0,0.0,0.0,2.92,1.0,1.0,,,1.0,0.0,0.0,0.0,0.0,,0.0,1.0,0.0,,3.0,7.0
2026,2021039098,2026-07-08,2050145,小島 大河,,10,捕,7,1.0,1.0,3.0,3.0,0.0,1.0,0.0,0.0,0.0,0.0,0.0,,0.0,0.0,0.0,0.0,0.0,0.0,,,,,,,,,,,,,,,,,,,,,,
2026,2021039098,2026-07-08,2101047,ネビン,,26,一,7,1.0,1.0,4.0,4.0,0.0,1.0,0.0,0.0,0.0,0.0,0.0,,0.0,1.0,0.0,0.0,0.0,0.0,,,,,,,,,,,,,,,,,,,,,,
2026,2021039098,2026-07-08,2103618,滝澤 夏央,,62,二遊,7,1.0,1.0,4.0,4.0,0.0,0.0,0.0,0.0,0.0,0.0,0.0,,0.0,2.0,0.0,0.0,0.0,0.0,,,,,,,,,,,,,,,,,,,,,,
2026,2021039098,2026-07-08,2103747,渡部 遼人,,0,中,11,1.0,1.0,4.0,4.0,0.0,0.0,0.0,0.0,0.0,0.0,0.0,,0.0,1.0,0.0,0.0,0.0,0.0,,,,,,,,,,,,,,,,,,,,,,
2026,2021039098,2026-07-08,2108177,エスピノーザ,Esupinooza,0,,11,,,,,,,,,,,,,,,,,,,1.0,1.0,,7.0,3.0,2.39,7.0,7.0,,,0.0,5.0,1.0,1.0,0.0,,0.0,2.0,0.0,,26.0,85.0
2026,2021039098,2026-07-08,2117028,カナリオ,,25,右,7,1.0,1.0,4.0,4.0,0.0,1.0,0.0,0.0,0.0,0.0,1.0,,0.0,0.0,0.0,0.0,0.0,0.0,,,,,,,,,,,,,,,,,,,,,,
2026,2021039099,2026-07-08,700087,角中 勝也,,3,打,9,1.0,0.0,1.0,1.0,0.0,0.0,0.0,0.0,0.0,0.0,0.0,,0.0,0.0,0.0,0.0,0.0,0.0,,,,,,,,,,,,,,,,,,,,,,
2026,2021039099,2026-07-08,1000128,柳田 悠岐,,9,指,12,1.0,1.0,4.0,4.0,0.0,0.0,0.0,0.0,0.0,0.0,0.0,,0.0,2.0,0.0,0.0,0.0,0.0,,,,,,,,,,,,,,,,,,,,,,
2026,2021039099,2026-07-08,1000175,牧原 大成,,8,二,12,1.0,1.0,3.0,3.0,0.0,0.0,0.0,0.0,0.0,0.0,0.0,,0.0,1.0,0.0,0.0,0.0,0.0,,,,,,,,,,,,,,,,,,,,,,
2026,2021039099,2026-07-08,1100097,近藤 健介,,3,左,12,1.0,1.0,4.0,3.0,2.0,2.0,0.0,0.0,2.0,6.0,1.0,,1.0,0.0,0.0,0.0,0.0,0.0,,,,,,,,,,,,,,,,,,,,,,
2026,2021039099,2026-07-08,1100104,益田 直也,Masuda Naoya,52,,9,,,,,,,,,,,,,,,,,,,5.0,1.0,0.0,1.0,0.0,4.29,1.0,1.0,,,0.0,1.0,1.0,1.0,1.0,,0.0,1.0,0.0,,4.0,14.0
2026,2021039099,2026-07-08,1400126,松本 裕樹,Matsumoto Yuuki,66,,12,,,,,,,,,,,,,,,,,,,4.0,1.0,0.0,2.0,2.0,1.95,1.0,1.0,,,4.0,0.0,0.0,0.0,0.0,,0.0,0.0,0.0,,3.0,7.0
2026,2021039099,2026-07-08,1400127,栗原 陵矢,,24,三,12,1.0,1.0,4.0,4.0,1.0,1.0,0.0,0.0,1.0,1.0,0.0,,0.0,2.0,0.0,0.0,0.0,0.0,,,,,,,,,,,,,,,,,,,,,,
2026,2021039099,2026-07-08,1400140,小野 郁,Ono Kaoru,37,,9,,,,,,,,,,,,,,,,,,,3.0,1.0,0.0,2.0,0.0,1.71,1.0,1.0,,,0.0,0.0,0.0,0.0,0.0,,0.0,1.0,0.0,,3.0,11.0
2026,2021039099,2026-07-08,1450608,八木 彬,Yagi Akira,33,,9,,,,,,,,,,,,,,,,,,,2.0,1.0,0.0,7.0,0.0,2.1,2.0,2.0,,,0.0,3.0,3.0,3.0,1.0,,0.0,2.0,0.0,,9.0,40.0
2026,2021039099,2026-07-08,1500102,愛斗,,50,中,9,1.0,1.0,3.0,3.0,1.0,2.0,0.0,0.0,0.0,0.0,0.0,,0.0,0.0,0.0,0.0,0.0,0.0,,,,,,,,,,,,,,,,,,,,,,
2026,2021039099,2026-07-08,1500140,谷川原 健太,,45,右,12,1.0,0.0,0.0,0.0,0.0,0.0,0.0,0.0,0.0,0.0,0.0,,0.0,0.0,0.0,0.0,0.0,0.0,,,,,,,,,,,,,,,,,,,,,,
2026,2021039099,2026-07-08,1500143,川瀬 晃,,0,二,12,1.0,0.0,0.0,0.0,0.0,0.0,0.0,0.0,0.0,0.0,0.0,,0.0,0.0,0.0,0.0,0.0,0.0,,,,,,,,,,,,,,,,,,,,,,
2026,2021039099,2026-07-08,1560184,オスナ,Osu na,54,,12,,,,,,,,,,,,,,,,,,,3.0,1.0,0.0,0.0,1.0,0.72,1.0,1.0,,,0.0,1.0,0.0,0.0,0.0,,0.0,2.0,1.0,,5.0,21.0
2026,2021039099,2026-07-08,1650813,川村 友斗,,61,左,12,1.0,0.0,0.0,0.0,0.0,0.0,0.0,0.0,0.0,0.0,0.0,,0.0,0.0,0.0,0.0,0.0,0.0,,,,,,,,,,,,,,,,,,,,,,
2026,2021039099,2026-07-08,1700020,ソト,,99,指,9,1.0,1.0,4.0,4.0,0.0,0.0,0.0,0.0,0.0,0.0,0.0,,0.0,1.0,0.0,0.0,0.0,0.0,,,,,,,,,,,,,,,,,,,,,,
2026,2021039099,2026-07-08,1700092,安田 尚憲,,5,打,9,1.0,0.0,1.0,1.0,0.0,0.0,0.0,0.0,0.0,0.0,0.0,,0.0,0.0,0.0,0.0,0.0,0.0,,,,,,,,,,,,,,,,,,,,,,
2026,2021039099,2026-07-08,1700135,周東 佑京,,23,中,12,1.0,1.0,4.0,2.0,1.0,0.0,0.0,0.0,0.0,0.0,0.0,,1.0,0.0,1.0,0.0,0.0,0.0,,,,,,,,,,,,,,,,,,,,,,
2026,2021039099,2026-07-08,1800037,坂本 光士郎,Sakamoto Hikari Shirou,36,,9,,,,,,,,,,,,,,,,,,,4.0,1.0,0.0,2.0,1.0,2.87,1.0,1.0,,,0.0,0.0,0.0,0.0,0.0,,1.0,1.0,0.0,,3.0,17.0
2026,2021039099,2026-07-08,1800050,藤原 恭大,,1,右,9,1.0,1.0,4.0,4.0,0.0,1.0,1.0,0.0,0.0,2.0,0.0,,0.0,0.0,0.0,0.0,0.0,0.0,,,,,,,,,,,,,,,,,,,,,,
2026,2021039099,2026-07-08,1800052,小島 和哉,Kojima Kazuya,14,,9,,,,,,,,,,,,,,,,,,,1.0,1.0,,2.0,5.0,3.33,3.0,3.0,,,0.0,2.0,3.0,3.0,1.0,,2.0,4.0,1.0,,14.0,58.0
2026,2021039099,2026-07-08,1850172,廣瀬 隆太,,33,一,12,1.0,1.0,3.0,3.0,0.0,1.0,0.0,0.0,0.0,0.0,0.0,,0.0,2.0,0.0,0.0,0.0,0.0,,,,,,,,,,,,,,,,,,,,,,
2026,2021039099,2026-07-08,1850947,上田 希由翔,,10,一,9,1.0,1.0,3.0,3.0,0.0,0.0,0.0,0.0,0.0,0.0,0.0,,0.0,0.0,0.0,0.0,0.0,0.0,,,,,,,,,,,,,,,,,,,,,,
2026,2021039099,2026-07-08,1900081,佐藤 都志也,,32,捕,9,1.0,1.0,4.0,4.0,0.0,0.0,0.0,0.0,0.0,0.0,0.0,,0.0,1.0,0.0,0.0,0.0,1.0,,,,,,,,,,,,,,,,,,,,,,
2026,2021039099,2026-07-08,1900101,海野 隆司,,62,捕,12,1.0,1.0,3.0,3.0,0.0,0.0,0.0,0.0,0.0,0.0,0.0,,0.0,0.0,0.0,0.0,0.0,0.0,,,,,,,,,,,,,,,,,,,,,,
2026,2021039099,2026-07-08,1900102,津森 宥紀,Tsumori ??,11,,12,,,,,,,,,,,,,,,,,,,2.0,1.0,0.0,2.0,0.0,1.52,1.0,1.0,,,0.0,0.0,0.0,0.0,0.0,,0.0,1.0,0.0,,3.0,21.0
2026,2021039099,2026-07-08,1950149,庄子 雄大,,25,遊,12,1.0,1.0,3.0,3.0,1.0,1.0,0.0,0.0,0.0,0.0,0.0,,0.0,0.0,0.0,0.0,0.0,0.0,,,,,,,,,,,,,,,,,,,,,,
2026,2021039099,2026-07-08,1950286,西川 史礁,,6,左,9,1.0,1.0,4.0,4.0,0.0,0.0,0.0,0.0,0.0,0.0,0.0,,0.0,3.0,0.0,0.0,0.0,0.0,,,,,,,,,,,,,,,,,,,,,,
2026,2021039099,2026-07-08,2000089,小川 龍成,,57,二,9,1.0,1.0,3.0,1.0,1.0,1.0,0.0,0.0,0.0,0.0,0.0,,1.0,0.0,1.0,0.0,0.0,0.0,,,,,,,,,,,,,,,,,,,,,,
2026,2021039099,2026-07-08,2101257,ダウンズ,,4,打,12,1.0,0.0,1.0,1.0,0.0,0.0,0.0,0.0,0.0,0.0,0.0,,0.0,0.0,0.0,0.0,0.0,0.0,,,,,,,,,,,,,,,,,,,,,,
2026,2021039099,2026-07-08,2102926,寺地 隆成,,65,三,9,1.0,1.0,3.0,2.0,0.0,0.0,0.0,0.0,0.0,0.0,0.0,,1.0,2.0,0.0,0.0,0.0,0.0,,,,,,,,,,,,,,,,,,,,,,
2026,2021039099,2026-07-08,2102969,鈴木 豪太,Suzuki Gouta,26,,12,,,,,,,,,,,,,,,,,,,5.0,1.0,0.0,1.0,0.0,2.22,1.0,1.0,,,0.0,0.0,0.0,0.0,0.0,,0.0,0.0,0.0,,3.0,9.0
2026,2021039099,2026-07-08,2103735,正木 智也,,31,右,12,1.0,1.0,4.0,3.0,2.0,1.0,0.0,0.0,0.0,0.0,0.0,,1.0,2.0,0.0,0.0,0.0,0.0,,,,,,,,,,,,,,,,,,,,,,
2026,2021039099,2026-07-08,2106798,友杉 篤輝,,4,遊,9,1.0,1.0,3.0,2.0,0.0,1.0,0.0,0.0,0.0,0.0,0.0,,0.0,1.0,0.0,1.0,0.0,0.0,,,,,,,,,,,,,,,,,,,,,,
2026,2021039099,2026-07-08,2107909,松本 晴,Matsumoto Haru,49,,12,,,,,,,,,,,,,,,,,,,1.0,1.0,,5.0,2.0,3.86,5.0,5.0,,,0.0,4.0,2.0,2.0,0.0,,2.0,5.0,0.0,,19.0,92.0
2026,2021039100,2026-07-10,700003,坂本 勇人,,6,打,1,1.0,0.0,1.0,1.0,0.0,1.0,1.0,0.0,0.0,3.0,0.0,,0.0,0.0,0.0,0.0,0.0,0.0,,,,,,,,,,,,,,,,,,,,,,
2026,2021039100,2026-07-10,1100095,松本 剛,,9,左,1,1.0,1.0,4.0,4.0,0.0,1.0,0.0,0.0,0.0,0.0,0.0,,0.0,0.0,0.0,0.0,0.0,0.0,,,,,,,,,,,,,,,,,,,,,,
2026,2021039100,2026-07-10,1300073,梅野 隆太郎,,2,捕,5,1.0,1.0,4.0,4.0,0.0,0.0,0.0,0.0,0.0,0.0,0.0,,0.0,1.0,0.0,0.0,0.0,0.0,,,,,,,,,,,,,,,,,,,,,,
2026,2021039100,2026-07-10,1400172,植田 海,,62,走,5,1.0,0.0,0.0,0.0,0.0,0.0,0.0,0.0,0.0,0.0,0.0,,0.0,0.0,0.0,0.0,0.0,0.0,,,,,,,,,,,,,,,,,,,,,,
2026,2021039100,2026-07-10,1450689,船迫 大雅,Fune Sako Taiga,58,投,1,1.0,0.0,0.0,0.0,0.0,0.0,0.0,0.0,0.0,0.0,0.0,,0.0,0.0,0.0,0.0,0.0,0.0,2.0,1.0,0.0,2.0,1.0,3.24,0.6666666666666666,0.2,,,0.0,1.0,2.0,2.0,0.0,,1.0,1.0,0.0,,4.0,14.0
2026,2021039100,2026-07-10,1561820,ダルベック,,29,三一,1,1.0,1.0,4.0,4.0,2.0,2.0,1.0,0.0,1.0,1.0,0.0,,0.0,1.0,0.0,0.0,0.0,0.0,,,,,,,,,,,,,,,,,,,,,,
2026,2021039100,2026-07-10,1600100,高梨 雄平,Takanashi Yuuhei,53,投,1,1.0,0.0,0.0,0.0,0.0,0.0,0.0,0.0,0.0,0.0,0.0,,0.0,0.0,0.0,0.0,0.0,0.0,3.0,1.0,0.0,1.0,0.0,1.13,0.0,0.0,,,0.0,1.0,0.0,0.0,0.0,,0.0,0.0,0.0,,1.0,6.0
2026,2021039100,2026-07-10,1600113,大山 悠輔,,3,一,5,1.0,1.0,4.0,4.0,0.0,0.0,0.0,0.0,0.0,0.0,0.0,,0.0,1.0,0.0,0.0,0.0,0.0,,,,,,,,,,,,,,,,,,,,,,
2026,2021039100,2026-07-10,1700010,マルティネス,Marutinesu,92,投,1,1.0,0.0,0.0,0.0,0.0,0.0,0.0,0.0,0.0,0.0,0.0,,0.0,0.0,0.0,0.0,0.0,0.0,6.0,1.0,0.0,1.0,2.0,1.53,1.0,1.0,,,25.0,0.0,0.0,0.0,0.0,,1.0,1.0,0.0,,4.0,19.0
2026,2021039100,2026-07-10,1700043,岸田 行倫,,27,打捕,1,1.0,0.0,2.0,2.0,0.0,0.0,0.0,0.0,0.0,0.0,0.0,,0.0,0.0,0.0,0.0,0.0,0.0,,,,,,,,,,,,,,,,,,,,,,
2026,2021039100,2026-07-10,1700044,大城 卓三,,24,捕,1,1.0,1.0,2.0,2.0,0.0,0.0,0.0,0.0,0.0,0.0,0.0,,0.0,2.0,0.0,0.0,0.0,0.0,,,,,,,,,,,,,,,,,,,,,,
2026,2021039100,2026-07-10,1700078,高橋 遥人,Takahashi Harukanin,29,投,5,1.0,1.0,3.0,3.0,0.0,0.0,0.0,0.0,0.0,0.0,0.0,,0.0,1.0,0.0,0.0,0.0,0.0,1.0,1.0,,10.0,1.0,1.57,6.666666666666667,6.2,,,0.0,7.0,4.0,4.0,1.0,,1.0,7.0,0.0,,27.0,106.0
2026,2021039100,2026-07-10,1700079,熊谷 敬宥,,4,遊,5,1.0,0.0,0.0,0.0,0.0,0.0,0.0,0.0,0.0,0.0,0.0,,0.0,0.0,0.0,0.0,0.0,0.0,,,,,,,,,,,,,,,,,,,,,,
2026,2021039100,2026-07-10,1750321,泉口 友汰,,35,遊,1,1.0,1.0,4.0,3.0,1.0,1.0,0.0,0.0,0.0,0.0,0.0,,1.0,0.0,0.0,0.0,0.0,0.0,,,,,,,,,,,,,,,,,,,,,,
2026,2021039100,2026-07-10,1800028,戸郷 翔征,To Gou Shou Susumu,20,投,1,1.0,1.0,2.0,2.0,0.0,0.0,0.0,0.0,0.0,0.0,0.0,,0.0,1.0,0.0,0.0,0.0,0.0,1.0,1.0,,4.0,1.0,2.24,5.0,5.0,,,0.0,0.0,0.0,0.0,0.0,,2.0,3.0,0.0,,17.0,64.0
2026,2021039100,2026-07-10,1800067,木浪 聖也,,0,遊,5,1.0,1.0,3.0,3.0,0.0,0.0,0.0,0.0,0.0,0.0,0.0,,0.0,0.0,0.0,0.0,0.0,1.0,,,,,,,,,,,,,,,,,,,,,,
2026,2021039100,2026-07-10,1850183,森下 翔太,,1,右,5,1.0,1.0,4.0,3.0,0.0,0.0,0.0,0.0,0.0,0.0,0.0,,1.0,2.0,0.0,0.0,0.0,0.0,,,,,,,,,,,,,,,,,,,,,,
2026,2021039100,2026-07-10,1950996,前川 右京,,58,左,5,1.0,1.0,4.0,2.0,1.0,1.0,0.0,0.0,1.0,1.0,0.0,,2.0,0.0,0.0,0.0,0.0,0.0,,,,,,,,,,,,,,,,,,,,,,
2026,2021039100,2026-07-10,1951153,浦田 俊輔,,32,二,1,1.0,1.0,4.0,3.0,0.0,1.0,1.0,0.0,0.0,0.0,0.0,,1.0,0.0,0.0,0.0,0.0,0.0,,,,,,,,,,,,,,,,,,,,,,
2026,2021039100,2026-07-10,2000051,佐藤 輝明,,8,三,5,1.0,1.0,4.0,4.0,0.0,1.0,1.0,0.0,0.0,2.0,0.0,,0.0,1.0,0.0,0.0,0.0,0.0,,,,,,,,,,,,,,,,,,,,,,
2026,2021039100,2026-07-10,2000056,中野 拓夢,,7,二,5,1.0,1.0,4.0,2.0,1.0,0.0,0.0,0.0,0.0,0.0,0.0,,2.0,0.0,0.0,0.0,0.0,0.0,,,,,,,,,,,,,,,,,,,,,,
2026,2021039100,2026-07-10,2000057,高寺 望夢,,67,中,5,1.0,1.0,4.0,4.0,1.0,2.0,0.0,0.0,0.0,0.0,1.0,,0.0,0.0,0.0,0.0,0.0,0.0,,,,,,,,,,,,,,,,,,,,,,
2026,2021039100,2026-07-10,2100225,笹原 操希,,95,右,1,1.0,1.0,2.0,2.0,0.0,0.0,0.0,0.0,0.0,0.0,0.0,,0.0,1.0,0.0,0.0,0.0,0.0,,,,,,,,,,,,,,,,,,,,,,
2026,2021039100,2026-07-10,2100531,ティマ,,50,一,1,1.0,1.0,3.0,3.0,0.0,0.0,0.0,0.0,0.0,0.0,0.0,,0.0,1.0,0.0,0.0,0.0,0.0,,,,,,,,,,,,,,,,,,,,,,
2026,2021039100,2026-07-10,2103689,赤星 優志,Akahoshi Yuushi,31,投,1,1.0,0.0,0.0,0.0,0.0,0.0,0.0,0.0,0.0,0.0,0.0,,0.0,0.0,0.0,0.0,0.0,0.0,4.0,1.0,0.0,4.0,2.0,1.91,1.3333333333333333,1.1,,,0.0,1.0,1.0,1.0,1.0,,0.0,1.0,0.0,,5.0,21.0
2026,2021039100,2026-07-10,2103697,大勢,Oozei,15,投,1,1.0,0.0,0.0,0.0,0.0,0.0,0.0,0.0,0.0,0.0,0.0,,0.0,0.0,0.0,0.0,0.0,0.0,5.0,1.0,0.0,1.0,1.0,2.15,1.0,1.0,,,3.0,1.0,0.0,0.0,0.0,,1.0,1.0,0.0,,5.0,30.0
2026,2021039100,2026-07-10,2103888,知念 大成,,94,打,1,1.0,0.0,1.0,1.0,1.0,1.0,0.0,0.0,0.0,0.0,0.0,,0.0,0.0,0.0,0.0,0.0,0.0,,,,,,,,,,,,,,,,,,,,,,
2026,2021039100,2026-07-10,2106178,佐々木 俊輔,,44,走右,1,1.0,0.0,0.0,0.0,0.0,0.0,0.0,0.0,0.0,0.0,0.0,,0.0,0.0,0.0,0.0,0.0,0.0,,,,,,,,,,,,,,,,,,,,,,
2026,2021039100,2026-07-10,2107874,門脇 誠,,5,三,1,1.0,0.0,0.0,0.0,0.0,0.0,0.0,0.0,0.0,0.0,0.0,,0.0,0.0,0.0,0.0,0.0,0.0,,,,,,,,,,,,,,,,,,,,,,
2026,2021039100,2026-07-10,2109980,嶋村 麟士朗,,85,打,5,1.0,0.0,1.0,1.0,0.0,0.0,0.0,0.0,0.0,0.0,0.0,,0.0,1.0,0.0,0.0,0.0,0.0,,,,,,,,,,,,,,,,,,,,,,
2026,2021039100,2026-07-10,2110225,福島 圭音,,92,打,5,1.0,0.0,1.0,1.0,0.0,0.0,0.0,0.0,0.0,0.0,0.0,,0.0,0.0,0.0,0.0,0.0,0.0,,,,,,,,,,,,,,,,,,,,,,
2026,2021039100,2026-07-10,2112146,工藤 泰成,Kudou Yasunari,49,投,5,1.0,0.0,0.0,0.0,0.0,0.0,0.0,0.0,0.0,0.0,0.0,,0.0,0.0,0.0,0.0,0.0,0.0,2.0,1.0,0.0,0.0,0.0,1.75,0.3333333333333333,0.1,,,0.0,0.0,0.0,0.0,0.0,,0.0,0.0,0.0,,1.0,3.0
2026,2021039100,2026-07-10,2112444,木下 里都,Kinoshita Sato To,54,投,5,1.0,0.0,0.0,0.0,0.0,0.0,0.0,0.0,0.0,0.0,0.0,,0.0,0.0,0.0,0.0,0.0,0.0,3.0,1.0,0.0,0.0,1.0,3.06,1.0,1.0,,,0.0,0.0,0.0,0.0,0.0,,2.0,1.0,0.0,,5.0,25.0
2026,2021039100,2026-07-10,2118420,キャベッジ,,13,中,1,1.0,1.0,4.0,3.0,0.0,0.0,0.0,0.0,0.0,0.0,0.0,,1.0,2.0,0.0,0.0,0.0,0.0,,,,,,,,,,,,,,,,,,,,,,
2026,2021039101,2026-07-02,1000002,筒香 嘉智,,25,三,3,1.0,1.0,4.0,4.0,0.0,1.0,1.0,0.0,0.0,0.0,0.0,,0.0,1.0,0.0,0.0,0.0,0.0,,,,,,,,,,,,,,,,,,,,,,
2026,2021039101,2026-07-02,1100069,高橋 周平,,3,打,4,1.0,0.0,1.0,1.0,0.0,0.0,0.0,0.0,0.0,0.0,0.0,,0.0,1.0,0.0,0.0,0.0,0.0,,,,,,,,,,,,,,,,,,,,,,
2026,2021039101,2026-07-02,1400160,加藤 匠馬,,49,捕,4,1.0,1.0,2.0,2.0,0.0,0.0,0.0,0.0,0.0,0.0,0.0,,0.0,0.0,0.0,0.0,0.0,0.0,,,,,,,,,,,,,,,,,,,,,,
2026,2021039101,2026-07-02,1500091,板山 祐太郎,,63,二,4,1.0,1.0,4.0,4.0,0.0,0.0,0.0,0.0,0.0,0.0,0.0,,0.0,0.0,0.0,0.0,0.0,0.0,,,,,,,,,,,,,,,,,,,,,,
2026,2021039101,2026-07-02,1561854,サノー,,23,一,4,1.0,1.0,3.0,1.0,0.0,0.0,0.0,0.0,0.0,0.0,0.0,,2.0,1.0,0.0,0.0,0.0,0.0,,,,,,,,,,,,,,,,,,,,,,
2026,2021039101,2026-07-02,1600085,細川 成也,,55,左,4,1.0,1.0,3.0,2.0,0.0,0.0,0.0,0.0,0.0,0.0,0.0,,1.0,0.0,0.0,0.0,0.0,0.0,,,,,,,,,,,,,,,,,,,,,,
2026,2021039101,2026-07-02,1600089,佐野 恵太,,7,一,3,1.0,1.0,5.0,5.0,0.0,1.0,0.0,0.0,0.0,0.0,0.0,,0.0,1.0,0.0,0.0,0.0,0.0,,,,,,,,,,,,,,,,,,,,,,
2026,2021039101,2026-07-02,1700059,神里 和毅,,8,左,3,1.0,0.0,0.0,0.0,0.0,0.0,0.0,0.0,0.0,0.0,0.0,,0.0,0.0,0.0,0.0,0.0,0.0,,,,,,,,,,,,,,,,,,,,,,
2026,2021039101,2026-07-02,1750223,村松 開人,,5,遊,4,1.0,1.0,4.0,4.0,0.0,0.0,0.0,0.0,0.0,0.0,0.0,,0.0,3.0,0.0,0.0,0.0,0.0,,,,,,,,,,,,,,,,,,,,,,
2026,2021039101,2026-07-02,1800046,勝又 温史,,28,左,3,1.0,1.0,5.0,4.0,0.0,1.0,0.0,0.0,0.0,1.0,0.0,,1.0,1.0,0.0,0.0,0.0,0.0,,,,,,,,,,,,,,,,,,,,,,
2026,2021039101,2026-07-02,1900037,石川 昂弥,,25,三,4,1.0,1.0,3.0,3.0,0.0,0.0,0.0,0.0,0.0,0.0,0.0,,0.0,1.0,0.0,0.0,0.0,0.0,,,,,,,,,,,,,,,,,,,,,,
2026,2021039101,2026-07-02,1900041,岡林 勇希,,1,中,4,1.0,1.0,4.0,4.0,0.0,0.0,0.0,0.0,0.0,0.0,0.0,,0.0,0.0,0.0,0.0,0.0,0.0,,,,,,,,,,,,,,,,,,,,,,
2026,2021039101,2026-07-02,1961300,ボスラー,,24,右,4,1.0,1.0,3.0,3.0,0.0,1.0,0.0,0.0,0.0,0.0,0.0,,0.0,1.0,0.0,0.0,0.0,0.0,,,,,,,,,,,,,,,,,,,,,,
2026,2021039101,2026-07-02,2000035,牧 秀悟,,2,二,3,1.0,1.0,5.0,4.0,1.0,1.0,0.0,0.0,1.0,1.0,0.0,,0.0,1.0,1.0,0.0,0.0,0.0,,,,,,,,,,,,,,,,,,,,,,
2026,2021039101,2026-07-02,2060049,アブレウ,Abureu,28,投,4,1.0,0.0,0.0,0.0,0.0,0.0,0.0,0.0,0.0,0.0,0.0,,0.0,0.0,0.0,0.0,0.0,0.0,2.0,1.0,0.0,1.0,0.0,10.8,1.0,1.0,,,0.0,0.0,0.0,0.0,0.0,,1.0,3.0,1.0,,5.0,30.0
2026,2021039101,2026-07-02,2100014,宮下 朝陽,,34,遊,3,1.0,1.0,4.0,3.0,0.0,2.0,0.0,0.0,0.0,1.0,1.0,,1.0,0.0,0.0,0.0,0.0,0.0,,,,,,,,,,,,,,,,,,,,,,
2026,2021039101,2026-07-02,2100277,松尾 汐恩,,5,捕,3,1.0,1.0,4.0,3.0,2.0,1.0,0.0,0.0,0.0,0.0,0.0,,1.0,1.0,0.0,0.0,0.0,0.0,,,,,,,,,,,,,,,,,,,,,,
2026,2021039101,2026-07-02,2100961,マラー,Maraa,93,投,4,1.0,1.0,2.0,2.0,0.0,0.0,0.0,0.0,0.0,0.0,0.0,,0.0,0.0,0.0,0.0,0.0,0.0,1.0,1.0,,2.0,5.0,2.86,6.0,6.0,,,0.0,6.0,2.0,2.0,1.0,,3.0,4.0,0.0,,27.0,98.0
2026,2021039101,2026-07-02,2103703,梶原 昂希,,58,中,3,1.0,1.0,4.0,3.0,1.0,2.0,1.0,0.0,0.0,0.0,0.0,,1.0,0.0,0.0,0.0,0.0,0.0,,,,,,,,,,,,,,,,,,,,,,
2026,2021039101,2026-07-02,2103780,福永 裕基,,7,打,4,1.0,0.0,1.0,1.0,0.0,0.0,0.0,0.0,0.0,0.0,0.0,,0.0,0.0,0.0,0.0,0.0,0.0,,,,,,,,,,,,,,,,,,,,,,
2026,2021039101,2026-07-02,2105038,伊藤 茉央,Itou Mao,32,投,4,1.0,0.0,0.0,0.0,0.0,0.0,0.0,0.0,0.0,0.0,0.0,,0.0,0.0,0.0,0.0,0.0,0.0,3.0,1.0,0.0,0.0,1.0,3.12,0.3333333333333333,0.1,,,0.0,3.0,2.0,2.0,0.0,,0.0,0.0,0.0,,4.0,10.0
2026,2021039101,2026-07-02,2105102,石伊 雄太,,9,捕,4,1.0,0.0,0.0,0.0,0.0,0.0,0.0,0.0,0.0,0.0,0.0,,0.0,0.0,0.0,0.0,0.0,0.0,,,,,,,,,,,,,,,,,,,,,,
2026,2021039101,2026-07-02,2107086,牧野 憲伸,Makino Kenshin,68,投,4,1.0,0.0,0.0,0.0,0.0,0.0,0.0,0.0,0.0,0.0,0.0,,0.0,0.0,0.0,0.0,0.0,0.0,4.0,1.0,0.0,0.0,3.0,3.68,0.6666666666666666,0.2,,,0.0,1.0,0.0,0.0,0.0,,0.0,0.0,0.0,,3.0,14.0
2026,2021039101,2026-07-02,2108195,エンカーナシオン,,69,右,3,1.0,1.0,4.0,4.0,0.0,1.0,0.0,0.0,0.0,0.0,0.0,,0.0,1.0,0.0,0.0,0.0,0.0,,,,,,,,,,,,,,,,,,,,,,
2026,2021039101,2026-07-02,2112182,石田 裕太郎,Ishida Hiroshi Tarou,54,投,3,1.0,1.0,4.0,3.0,0.0,0.0,0.0,0.0,0.0,1.0,0.0,,0.0,1.0,0.0,1.0,0.0,0.0,1.0,1.0,,4.0,8.0,2.69,9.0,9.0,,,0.0,1.0,0.0,0.0,0.0,,3.0,7.0,0.0,,30.0,120.0
2026,2021039102,2026-07-05,1000150,秋山 翔吾,,9,打,6,1.0,0.0,1.0,0.0,0.0,0.0,0.0,0.0,0.0,1.0,0.0,,0.0,0.0,0.0,0.0,1.0,0.0,,,,,,,,,,,,,,,,,,,,,,
2026,2021039102,2026-07-05,1100082,菊池 涼介,,33,二,6,1.0,1.0,4.0,4.0,0.0,1.0,0.0,0.0,0.0,0.0,0.0,,0.0,0.0,0.0,0.0,0.0,0.0,,,,,,,,,,,,,,,,,,,,,,
2026,2021039102,2026-07-05,1600075,星 知弥,Hoshi Chi Wataru,24,投,2,1.0,0.0,0.0,0.0,0.0,0.0,0.0,0.0,0.0,0.0,0.0,,0.0,0.0,0.0,0.0,0.0,0.0,2.0,1.0,0.0,1.0,2.0,2.79,1.0,1.0,,,1.0,0.0,0.0,0.0,0.0,,0.0,0.0,0.0,,3.0,8.0
2026,2021039102,2026-07-05,1600078,古賀 優大,,2,捕,2,1.0,1.0,4.0,4.0,0.0,2.0,1.0,0.0,0.0,1.0,1.0,,0.0,0.0,0.0,0.0,0.0,0.0,,,,,,,,,,,,,,,,,,,,,,
2026,2021039102,2026-07-05,1600124,坂倉 将吾,,31,三,6,1.0,1.0,4.0,3.0,1.0,1.0,0.0,0.0,1.0,2.0,0.0,,0.0,1.0,1.0,0.0,0.0,0.0,,,,,,,,,,,,,,,,,,,,,,
2026,2021039102,2026-07-05,1700072,遠藤 淳志,Endou Atsushi,66,投,6,1.0,0.0,0.0,0.0,0.0,0.0,0.0,0.0,0.0,0.0,0.0,,0.0,0.0,0.0,0.0,0.0,0.0,3.0,1.0,0.0,0.0,1.0,1.95,1.0,1.0,,,0.0,0.0,0.0,0.0,0.0,,0.0,1.0,0.0,,3.0,9.0
2026,2021039102,2026-07-05,1700087,塩見 泰隆,,9,走右,2,1.0,0.0,1.0,1.0,0.0,0.0,0.0,0.0,0.0,0.0,0.0,,0.0,1.0,0.0,0.0,0.0,0.0,,,,,,,,,,,,,,,,,,,,,,
2026,2021039102,2026-07-05,1800072,小園 海斗,,5,遊,6,1.0,1.0,3.0,3.0,1.0,1.0,0.0,0.0,0.0,0.0,0.0,,0.0,1.0,0.0,0.0,0.0,0.0,,,,,,,,,,,,,,,,,,,,,,
2026,2021039102,2026-07-05,1800073,島内 颯太郎,Shimauchi Fuuta Rou,43,投,6,1.0,0.0,0.0,0.0,0.0,0.0,0.0,0.0,0.0,0.0,0.0,,0.0,0.0,0.0,0.0,0.0,0.0,2.0,1.0,0.0,0.0,1.0,4.91,1.0,1.0,,,0.0,1.0,0.0,0.0,0.0,,1.0,1.0,0.0,,5.0,24.0
2026,2021039102,2026-07-05,1850405,名原 典彦,,92,中,6,1.0,1.0,4.0,4.0,0.0,0.0,0.0,0.0,0.0,0.0,0.0,,0.0,0.0,0.0,0.0,0.0,0.0,,,,,,,,,,,,,,,,,,,,,,
2026,2021039102,2026-07-05,1850772,石井 巧,,38,三,2,1.0,1.0,4.0,4.0,0.0,0.0,0.0,0.0,0.0,0.0,0.0,,0.0,2.0,0.0,0.0,0.0,1.0,,,,,,,,,,,,,,,,,,,,,,
2026,2021039102,2026-07-05,1900028,長岡 秀樹,,7,遊,2,1.0,1.0,4.0,4.0,0.0,0.0,0.0,0.0,0.0,0.0,0.0,,0.0,1.0,0.0,0.0,0.0,0.0,,,,,,,,,,,,,,,,,,,,,,
2026,2021039102,2026-07-05,1900056,石原 貴規,,32,捕,6,1.0,1.0,3.0,3.0,0.0,0.0,0.0,0.0,0.0,0.0,0.0,,0.0,0.0,0.0,0.0,0.0,0.0,,,,,,,,,,,,,,,,,,,,,,
2026,2021039102,2026-07-05,1950429,高 太一,Kou Taichi,22,投,6,1.0,0.0,0.0,0.0,0.0,0.0,0.0,0.0,0.0,0.0,0.0,,0.0,0.0,0.0,0.0,0.0,0.0,4.0,1.0,0.0,0.0,2.0,2.42,1.0,1.0,,,0.0,0.0,0.0,0.0,0.0,,1.0,2.0,0.0,,4.0,21.0
2026,2021039102,2026-07-05,1961046,キハダ,Kihada,11,投,2,1.0,0.0,0.0,0.0,0.0,0.0,0.0,0.0,0.0,0.0,0.0,,0.0,0.0,0.0,0.0,0.0,0.0,3.0,1.0,0.0,2.0,4.0,3.04,0.0,0.0,,,18.0,2.0,2.0,2.0,1.0,,0.0,0.0,0.0,,2.0,13.0
2026,2021039102,2026-07-05,1961927,モンテロ,,95,一,6,1.0,1.0,3.0,3.0,1.0,1.0,0.0,0.0,0.0,0.0,0.0,,0.0,2.0,0.0,0.0,0.0,0.0,,,,,,,,,,,,,,,,,,,,,,
2026,2021039102,2026-07-05,2000025,山野 太一,Yamano Taichi,26,投,2,1.0,1.0,3.0,3.0,0.0,0.0,0.0,0.0,0.0,0.0,0.0,,0.0,3.0,0.0,0.0,0.0,0.0,1.0,1.0,,7.0,2.0,1.91,7.0,7.0,,,0.0,4.0,2.0,0.0,0.0,,0.0,5.0,1.0,,26.0,97.0
2026,2021039102,2026-07-05,2000026,内山 壮真,,3,二,2,1.0,1.0,4.0,2.0,0.0,0.0,0.0,0.0,0.0,0.0,0.0,,2.0,1.0,0.0,0.0,0.0,0.0,,,,,,,,,,,,,,,,,,,,,,
2026,2021039102,2026-07-05,2000031,赤羽 由紘,,0,一,2,1.0,1.0,4.0,3.0,1.0,1.0,1.0,0.0,0.0,0.0,0.0,,0.0,1.0,0.0,1.0,0.0,0.0,,,,,,,,,,,,,,,,,,,,,,
2026,2021039102,2026-07-05,2000135,サンタナ,,25,左,2,1.0,1.0,3.0,2.0,1.0,1.0,0.0,0.0,0.0,0.0,0.0,,1.0,0.0,0.0,0.0,0.0,0.0,,,,,,,,,,,,,,,,,,,,,,
2026,2021039102,2026-07-05,2050203,佐々木 泰,,10,右,6,1.0,1.0,3.0,3.0,0.0,1.0,0.0,0.0,0.0,0.0,0.0,,0.0,0.0,0.0,0.0,0.0,0.0,,,,,,,,,,,,,,,,,,,,,,
2026,2021039102,2026-07-05,2103917,岩田 幸宏,,64,中左,2,1.0,1.0,4.0,4.0,1.0,2.0,0.0,0.0,0.0,2.0,1.0,,0.0,1.0,0.0,0.0,0.0,0.0,,,,,,,,,,,,,,,,,,,,,,
2026,2021039102,2026-07-05,2106037,辻 大雅,Tsuji Taiga,98,投,6,1.0,0.0,0.0,0.0,0.0,0.0,0.0,0.0,0.0,0.0,0.0,,0.0,0.0,0.0,0.0,0.0,0.0,5.0,1.0,0.0,2.0,1.0,4.08,1.0,1.0,,,0.0,1.0,0.0,0.0,0.0,,1.0,1.0,0.0,,5.0,18.0
2026,2021039102,2026-07-05,2107172,矢野 泰二郎,,57,走,2,1.0,0.0,0.0,0.0,0.0,0.0,0.0,0.0,0.0,0.0,0.0,,0.0,0.0,0.0,0.0,0.0,0.0,,,,,,,,,,,,,,,,,,,,,,
2026,2021039102,2026-07-05,2107178,モンテル,,90,右中,2,1.0,1.0,5.0,5.0,0.0,0.0,0.0,0.0,0.0,0.0,0.0,,0.0,1.0,0.0,0.0,0.0,0.0,,,,,,,,,,,,,,,,,,,,,,
2026,2021039102,2026-07-05,2107887,辰見 鴻之介,,69,走,6,1.0,0.0,0.0,0.0,1.0,0.0,0.0,0.0,0.0,0.0,0.0,,0.0,0.0,0.0,0.0,0.0,0.0,,,,,,,,,,,,,,,,,,,,,,
2026,2021039102,2026-07-05,2108913,セデーニョ,,98,打,2,1.0,0.0,1.0,0.0,0.0,0.0,0.0,0.0,0.0,0.0,0.0,,1.0,0.0,0.0,0.0,0.0,0.0,,,,,,,,,,,,,,,,,,,,,,
2026,2021039102,2026-07-05,2112143,佐藤 啓介,,94,打,6,1.0,0.0,1.0,1.0,0.0,0.0,0.0,0.0,0.0,0.0,0.0,,0.0,0.0,0.0,0.0,0.0,0.0,,,,,,,,,,,,,,,,,,,,,,
2026,2021039102,2026-07-05,2112175,伊藤 琉偉,,67,走二,2,1.0,0.0,0.0,0.0,0.0,0.0,0.0,0.0,0.0,0.0,0.0,,0.0,0.0,0.0,0.0,0.0,0.0,,,,,,,,,,,,,,,,,,,,,,
2026,2021039102,2026-07-05,2114807,岡本 駿,Okamoto Shun,53,投,6,1.0,1.0,1.0,1.0,0.0,0.0,0.0,0.0,0.0,0.0,0.0,,0.0,0.0,0.0,0.0,0.0,0.0,1.0,1.0,,6.0,4.0,2.85,5.0,5.0,,,0.0,4.0,3.0,3.0,0.0,,1.0,6.0,0.0,,20.0,87.0
2026,2021039102,2026-07-05,2114882,ファビアン,,61,左,6,1.0,1.0,4.0,4.0,0.0,1.0,0.0,0.0,0.0,0.0,0.0,,0.0,1.0,0.0,0.0,0.0,0.0,,,,,,,,,,,,,,,,,,,,,,
2026,2021039103,2026-07-12,900056,浅村 栄斗,,3,指,376,1.0,1.0,4.0,2.0,0.0,0.0,0.0,0.0,0.0,0.0,0.0,,2.0,1.0,0.0,0.0,0.0,0.0,,,,,,,,,,,,,,,,,,,,,,
2026,2021039103,2026-07-12,1100061,桑原 将志,,7,中左,7,1.0,1.0,5.0,4.0,0.0,0.0,0.0,0.0,0.0,0.0,0.0,,1.0,0.0,0.0,0.0,0.0,0.0,,,,,,,,,,,,,,,,,,,,,,
2026,2021039103,2026-07-12,1600004,堀内 謙伍,,65,捕,376,1.0,0.0,2.0,2.0,0.0,0.0,0.0,0.0,0.0,0.0,0.0,,0.0,1.0,0.0,0.0,0.0,0.0,,,,,,,,,,,,,,,,,,,,,,
2026,2021039103,2026-07-12,1600007,村林 一輝,,6,二,376,1.0,1.0,4.0,4.0,0.0,1.0,0.0,0.0,0.0,0.0,0.0,,0.0,2.0,0.0,0.0,0.0,0.0,,,,,,,,,,,,,,,,,,,,,,
2026,2021039103,2026-07-12,1600129,源田 壮亮,,6,遊,7,1.0,0.0,0.0,0.0,0.0,0.0,0.0,0.0,0.0,0.0,0.0,,0.0,0.0,0.0,0.0,0.0,0.0,,,,,,,,,,,,,,,,,,,,,,
2026,2021039103,2026-07-12,1600134,石井 一成,,4,二,7,1.0,1.0,4.0,4.0,2.0,2.0,1.0,0.0,1.0,3.0,0.0,,0.0,1.0,0.0,0.0,0.0,0.0,,,,,,,,,,,,,,,,,,,,,,
2026,2021039103,2026-07-12,1660299,林 安可,,73,指,7,1.0,1.0,4.0,4.0,0.0,2.0,0.0,0.0,0.0,1.0,0.0,,0.0,1.0,0.0,0.0,0.0,0.0,,,,,,,,,,,,,,,,,,,,,,
2026,2021039103,2026-07-12,1700122,西川 愛也,,51,中,7,1.0,0.0,1.0,0.0,0.0,0.0,0.0,0.0,0.0,0.0,0.0,,0.0,0.0,1.0,0.0,0.0,0.0,,,,,,,,,,,,,,,,,,,,,,
2026,2021039103,2026-07-12,1700124,平良 海馬,Hirara Kaiba,61,,7,,,,,,,,,,,,,,,,,,,1.0,1.0,,6.0,2.0,0.99,5.0,5.0,,,0.0,4.0,0.0,0.0,0.0,,3.0,7.0,0.0,,20.0,102.0
2026,2021039103,2026-07-12,1750481,仲田 慶介,,0,走指,7,1.0,0.0,0.0,0.0,1.0,0.0,0.0,0.0,0.0,0.0,0.0,,0.0,0.0,0.0,0.0,0.0,0.0,,,,,,,,,,,,,,,,,,,,,,
2026,2021039103,2026-07-12,1800117,辰己 涼介,,8,中,376,1.0,1.0,5.0,3.0,0.0,0.0,0.0,0.0,0.0,0.0,0.0,,2.0,2.0,0.0,0.0,0.0,0.0,,,,,,,,,,,,,,,,,,,,,,
2026,2021039103,2026-07-12,1800118,太田 光,,2,捕,376,1.0,1.0,2.0,2.0,0.0,1.0,0.0,0.0,0.0,0.0,0.0,,0.0,1.0,0.0,0.0,0.0,0.0,,,,,,,,,,,,,,,,,,,,,,
2026,2021039103,2026-07-12,1800122,渡邊 佳明,,35,一,376,1.0,1.0,4.0,4.0,0.0,2.0,0.0,0.0,0.0,1.0,0.0,,0.0,0.0,0.0,0.0,0.0,0.0,,,,,,,,,,,,,,,,,,,,,,
2026,2021039103,2026-07-12,1850820,蛭間 拓哉,,9,左,7,1.0,1.0,3.0,3.0,0.0,1.0,0.0,1.0,0.0,0.0,0.0,,0.0,2.0,0.0,0.0,0.0,0.0,,,,,,,,,,,,,,,,,,,,,,
2026,2021039103,2026-07-12,1850921,中込 陽翔,Nakagome Akira Shou,26,,376,,,,,,,,,,,,,,,,,,,4.0,1.0,0.0,1.0,1.0,9.0,1.0,1.0,,,0.0,3.0,2.0,2.0,0.0,,0.0,0.0,1.0,,7.0,15.0
2026,2021039103,2026-07-12,1851157,宗山 塁,,1,遊,376,1.0,1.0,5.0,5.0,0.0,0.0,0.0,0.0,0.0,0.0,0.0,,0.0,1.0,0.0,0.0,0.0,0.0,,,,,,,,,,,,,,,,,,,,,,
2026,2021039103,2026-07-12,1860167,ウィンゲンター,Ingentaa,45,,7,,,,,,,,,,,,,,,,,,,4.0,1.0,0.0,0.0,0.0,0.0,1.0,1.0,,,0.0,1.0,0.0,0.0,0.0,,1.0,0.0,0.0,,4.0,13.0
2026,2021039103,2026-07-12,1900068,岸 潤一郎,,68,走右,7,1.0,0.0,0.0,0.0,1.0,0.0,0.0,0.0,0.0,0.0,0.0,,0.0,0.0,0.0,0.0,0.0,0.0,,,,,,,,,,,,,,,,,,,,,,
2026,2021039103,2026-07-12,1900113,黒川 史陽,,24,打三,376,1.0,0.0,2.0,2.0,0.0,0.0,0.0,0.0,0.0,0.0,0.0,,0.0,0.0,0.0,0.0,0.0,0.0,,,,,,,,,,,,,,,,,,,,,,
2026,2021039103,2026-07-12,1950278,中島 大輔,,32,右,376,1.0,1.0,5.0,4.0,0.0,2.0,0.0,0.0,0.0,0.0,0.0,,1.0,2.0,0.0,0.0,0.0,0.0,,,,,,,,,,,,,,,,,,,,,,
2026,2021039103,2026-07-12,1950417,渡部 聖弥,,8,三,7,1.0,1.0,4.0,4.0,0.0,0.0,0.0,0.0,0.0,0.0,0.0,,0.0,0.0,0.0,0.0,0.0,1.0,,,,,,,,,,,,,,,,,,,,,,
2026,2021039103,2026-07-12,2000077,豆田 泰志,Mameda Yasushi,70,,7,,,,,,,,,,,,,,,,,,,5.0,1.0,0.0,0.0,0.0,2.7,1.0,1.0,,,1.0,0.0,0.0,0.0,0.0,,0.0,2.0,0.0,,4.0,16.0
2026,2021039103,2026-07-12,2050145,小島 大河,,10,捕,7,1.0,1.0,5.0,3.0,1.0,0.0,0.0,0.0,0.0,0.0,0.0,,2.0,0.0,0.0,0.0,0.0,0.0,,,,,,,,,,,,,,,,,,,,,,
2026,2021039103,2026-07-12,2101047,ネビン,,26,一,7,1.0,1.0,4.0,4.0,1.0,2.0,0.0,0.0,0.0,0.0,0.0,,0.0,1.0,0.0,0.0,0.0,0.0,,,,,,,,,,,,,,,,,,,,,,
2026,2021039103,2026-07-12,2102124,泰 勝利,Thailand Shouri,59,,376,,,,,,,,,,,,,,,,,,,2.0,1.0,0.0,0.0,0.0,0.0,1.0,1.0,,,0.0,0.0,0.0,0.0,0.0,,0.0,1.0,0.0,,3.0,9.0
2026,2021039103,2026-07-12,2103612,黒田 将矢,Kuroda Susumu Ya,57,,7,,,,,,,,,,,,,,,,,,,2.0,1.0,0.0,2.0,0.0,2.25,1.0,1.0,,,0.0,2.0,1.0,1.0,0.0,,1.0,1.0,0.0,,6.0,27.0
2026,2021039103,2026-07-12,2103618,滝澤 夏央,,62,遊二,7,1.0,1.0,5.0,3.0,0.0,1.0,1.0,0.0,0.0,2.0,0.0,,2.0,1.0,0.0,0.0,0.0,1.0,,,,,,,,,,,,,,,,,,,,,,
2026,2021039103,2026-07-12,2105283,平良 竜哉,,48,三,376,1.0,1.0,2.0,2.0,0.0,1.0,0.0,0.0,0.0,0.0,0.0,,0.0,0.0,0.0,0.0,0.0,0.0,,,,,,,,,,,,,,,,,,,,,,
2026,2021039103,2026-07-12,2106793,荘司 康誠,Shouji Yasushi Makoto,19,,376,,,,,,,,,,,,,,,,,,,1.0,1.0,,4.0,8.0,4.39,5.0,5.0,,,0.0,6.0,4.0,4.0,1.0,,4.0,7.0,0.0,,24.0,107.0
2026,2021039103,2026-07-12,2107899,田中 千晴,Tanaka Chiharu,29,,376,,,,,,,,,,,,,,,,,,,3.0,1.0,0.0,0.0,2.0,3.21,1.0,1.0,,,1.0,1.0,0.0,0.0,0.0,,1.0,0.0,0.0,,5.0,18.0
2026,2021039103,2026-07-12,2117028,カナリオ,,25,右,7,1.0,1.0,4.0,4.0,0.0,2.0,0.0,0.0,0.0,0.0,1.0,,0.0,2.0,0.0,0.0,0.0,0.0,,,,,,,,,,,,,,,,,,,,,,
2026,2021039103,2026-07-12,2117734,篠原 響,Shinoharakyou,52,,7,,,,,,,,,,,,,,,,,,,3.0,1.0,0.0,1.0,1.0,1.03,1.0,1.0,,,1.0,1.0,0.0,0.0,0.0,,1.0,1.0,0.0,,5.0,21.0
2026,2021039103,2026-07-12,2122300,マッカスカー,,34,左,376,1.0,1.0,4.0,3.0,1.0,1.0,1.0,0.0,0.0,0.0,0.0,,1.0,1.0,0.0,0.0,0.0,0.0,,,,,,,,,,,,,,,,,,,,,,
2026,2021039104,2026-07-12,700087,角中 勝也,,3,指,9,1.0,1.0,4.0,4.0,0.0,0.0,0.0,0.0,0.0,0.0,0.0,,0.0,2.0,0.0,0.0,0.0,0.0,,,,,,,,,,,,,,,,,,,,,,
2026,2021039104,2026-07-12,1500102,愛斗,,50,中,9,1.0,1.0,4.0,3.0,2.0,0.0,0.0,0.0,0.0,0.0,0.0,,0.0,1.0,0.0,1.0,0.0,0.0,,,,,,,,,,,,,,,,,,,,,,
2026,2021039104,2026-07-12,1700020,ソト,,99,一,9,1.0,1.0,4.0,4.0,1.0,1.0,0.0,0.0,1.0,1.0,0.0,,0.0,2.0,0.0,0.0,0.0,0.0,,,,,,,,,,,,,,,,,,,,,,
2026,2021039104,2026-07-12,1700025,清宮 幸太郎,,21,一三一,8,1.0,1.0,4.0,4.0,1.0,1.0,0.0,1.0,0.0,0.0,0.0,,0.0,1.0,0.0,0.0,0.0,0.0,,,,,,,,,,,,,,,,,,,,,,
2026,2021039104,2026-07-12,1700092,安田 尚憲,,5,三,9,1.0,1.0,3.0,3.0,1.0,1.0,1.0,0.0,0.0,0.0,0.0,,0.0,0.0,0.0,0.0,0.0,0.0,,,,,,,,,,,,,,,,,,,,,,
2026,2021039104,2026-07-12,1750903,北山 亘基,Kitayama Wataru Hajime,15,,8,,,,,,,,,,,,,,,,,,,1.0,1.0,,8.0,3.0,2.22,3.0,3.0,,,0.0,3.0,8.0,3.0,2.0,,1.0,3.0,1.0,,17.0,60.0
2026,2021039104,2026-07-12,1800008,マルティネス,,2,打,8,1.0,0.0,1.0,1.0,0.0,0.0,0.0,0.0,0.0,0.0,0.0,,0.0,0.0,0.0,0.0,0.0,0.0,,,,,,,,,,,,,,,,,,,,,,
2026,2021039104,2026-07-12,1800050,藤原 恭大,,1,右,9,1.0,1.0,4.0,3.0,2.0,1.0,0.0,0.0,1.0,3.0,0.0,,0.0,0.0,1.0,0.0,0.0,0.0,,,,,,,,,,,,,,,,,,,,,,
2026,2021039104,2026-07-12,1800068,齋藤 友貴哉,Saitou Tomotaka kana,48,,8,,,,,,,,,,,,,,,,,,,3.0,1.0,0.0,0.0,1.0,5.93,1.0,1.0,,,0.0,0.0,0.0,0.0,0.0,,0.0,1.0,0.0,,3.0,11.0
2026,2021039104,2026-07-12,1800091,野村 佑希,,5,左三,8,1.0,1.0,4.0,4.0,0.0,1.0,0.0,0.0,0.0,0.0,0.0,,0.0,0.0,0.0,0.0,0.0,0.0,,,,,,,,,,,,,,,,,,,,,,
2026,2021039104,2026-07-12,1800093,万波 中正,,66,右,8,1.0,1.0,3.0,3.0,0.0,1.0,0.0,0.0,0.0,0.0,0.0,,0.0,0.0,0.0,0.0,0.0,0.0,,,,,,,,,,,,,,,,,,,,,,
2026,2021039104,2026-07-12,1800095,田宮 裕涼,,64,捕,8,1.0,0.0,1.0,0.0,0.0,0.0,0.0,0.0,0.0,0.0,0.0,,1.0,0.0,0.0,0.0,0.0,0.0,,,,,,,,,,,,,,,,,,,,,,
2026,2021039104,2026-07-12,1800110,水谷 瞬,,53,打左,8,1.0,0.0,1.0,1.0,0.0,0.0,0.0,0.0,0.0,0.0,0.0,,0.0,1.0,0.0,0.0,0.0,0.0,,,,,,,,,,,,,,,,,,,,,,
2026,2021039104,2026-07-12,1851204,水野 達稀,,43,遊,8,1.0,1.0,3.0,3.0,0.0,0.0,0.0,0.0,0.0,0.0,0.0,,0.0,1.0,0.0,0.0,0.0,0.0,,,,,,,,,,,,,,,,,,,,,,
2026,2021039104,2026-07-12,1860140,レイエス,,99,指,8,1.0,1.0,4.0,4.0,1.0,2.0,0.0,0.0,0.0,1.0,0.0,,0.0,1.0,0.0,0.0,0.0,0.0,,,,,,,,,,,,,,,,,,,,,,
2026,2021039104,2026-07-12,1900040,郡司 裕也,,3,三一,8,1.0,1.0,3.0,2.0,0.0,0.0,0.0,0.0,0.0,0.0,0.0,,1.0,0.0,0.0,0.0,0.0,1.0,,,,,,,,,,,,,,,,,,,,,,
2026,2021039104,2026-07-12,1900081,佐藤 都志也,,32,捕,9,1.0,1.0,4.0,4.0,0.0,1.0,1.0,0.0,0.0,1.0,0.0,,0.0,2.0,0.0,0.0,0.0,0.0,,,,,,,,,,,,,,,,,,,,,,
2026,2021039104,2026-07-12,1950193,宮崎 一樹,,36,中右,8,1.0,1.0,4.0,4.0,0.0,0.0,0.0,0.0,0.0,0.0,0.0,,0.0,1.0,0.0,0.0,0.0,0.0,,,,,,,,,,,,,,,,,,,,,,
2026,2021039104,2026-07-12,1950286,西川 史礁,,6,左,9,1.0,1.0,4.0,4.0,2.0,2.0,1.0,0.0,1.0,4.0,0.0,,0.0,1.0,0.0,0.0,0.0,0.0,,,,,,,,,,,,,,,,,,,,,,
2026,2021039104,2026-07-12,1950486,進藤 勇也,,33,捕,8,1.0,1.0,2.0,2.0,0.0,0.0,0.0,0.0,0.0,0.0,0.0,,0.0,0.0,0.0,0.0,0.0,0.0,,,,,,,,,,,,,,,,,,,,,,
2026,2021039104,2026-07-12,2000082,細川 凌平,,56,二,8,1.0,1.0,4.0,4.0,0.0,2.0,0.0,0.0,0.0,0.0,1.0,,0.0,0.0,0.0,0.0,0.0,0.0,,,,,,,,,,,,,,,,,,,,,,
2026,2021039104,2026-07-12,2000087,鈴木 昭汰,Suzuki Akira ?,47,,9,,,,,,,,,,,,,,,,,,,2.0,1.0,0.0,5.0,0.0,2.93,1.0,1.0,,,1.0,1.0,0.0,0.0,0.0,,0.0,1.0,1.0,,5.0,21.0
2026,2021039104,2026-07-12,2000089,小川 龍成,,57,二,9,1.0,1.0,4.0,3.0,1.0,0.0,0.0,0.0,0.0,0.0,0.0,,0.0,0.0,0.0,1.0,0.0,0.0,,,,,,,,,,,,,,,,,,,,,,
2026,2021039104,2026-07-12,2050143,大塚 瑠晏,,49,遊,8,1.0,0.0,1.0,0.0,0.0,0.0,0.0,0.0,0.0,0.0,0.0,,0.0,0.0,1.0,0.0,0.0,0.0,,,,,,,,,,,,,,,,,,,,,,
2026,2021039104,2026-07-12,2102926,寺地 隆成,,65,打三,9,1.0,0.0,1.0,1.0,0.0,0.0,0.0,0.0,0.0,0.0,0.0,,0.0,0.0,0.0,0.0,0.0,0.0,,,,,,,,,,,,,,,,,,,,,,
2026,2021039104,2026-07-12,2103693,池田 来翔,,0,一,9,1.0,0.0,0.0,0.0,0.0,0.0,0.0,0.0,0.0,0.0,0.0,,0.0,0.0,0.0,0.0,0.0,0.0,,,,,,,,,,,,,,,,,,,,,,
2026,2021039104,2026-07-12,2103904,ジャクソン,Jackson,42,,9,,,,,,,,,,,,,,,,,,,1.0,1.0,,6.0,5.0,3.22,7.0,7.0,,,0.0,6.0,2.0,2.0,0.0,,1.0,4.0,0.0,,27.0,100.0
2026,2021039104,2026-07-12,2105534,高野 脩汰,Takano Osamu ?,34,,9,,,,,,,,,,,,,,,,,,,3.0,1.0,0.0,1.0,3.0,4.0,1.0,1.0,,,0.0,0.0,0.0,0.0,0.0,,1.0,0.0,0.0,,4.0,18.0
2026,2021039104,2026-07-12,2106798,友杉 篤輝,,4,遊,9,1.0,1.0,4.0,3.0,1.0,1.0,0.0,0.0,0.0,0.0,0.0,,1.0,0.0,0.0,0.0,0.0,1.0,,,,,,,,,,,,,,,,,,,,,,
2026,2021039104,2026-07-12,2107859,金村 尚真,Kanemura Shoushin,24,,8,,,,,,,,,,,,,,,,,,,2.0,1.0,0.0,0.0,0.0,4.5,4.0,4.0,,,0.0,4.0,2.0,2.0,1.0,,0.0,4.0,0.0,,16.0,53.0
2026,2021039104,2026-07-12,2107900,吉田 賢吾,,60,打中,8,1.0,0.0,1.0,1.0,0.0,0.0,0.0,0.0,0.0,0.0,0.0,,0.0,0.0,0.0,0.0,0.0,0.0,,,,,,,,,,,,,,,,,,,,,,
2026,2021039105,2026-07-08,1000128,柳田 悠岐,,9,打指,12,1.0,0.0,1.0,1.0,1.0,1.0,0.0,0.0,1.0,3.0,0.0,,0.0,0.0,0.0,0.0,0.0,0.0,,,,,,,,,,,,,,,,,,,,,,
2026,2021039105,2026-07-08,1000175,牧原 大成,,8,二,12,1.0,1.0,4.0,3.0,0.0,0.0,0.0,0.0,0.0,0.0,0.0,,1.0,0.0,0.0,0.0,0.0,0.0,,,,,,,,,,,,,,,,,,,,,,
2026,2021039105,2026-07-08,1100097,近藤 健介,,3,左,12,1.0,1.0,5.0,3.0,1.0,1.0,0.0,0.0,0.0,2.0,0.0,,2.0,0.0,0.0,0.0,0.0,0.0,,,,,,,,,,,,,,,,,,,,,,
2026,2021039105,2026-07-08,1100099,上沢 直之,Kamisawa Naoyuki,10,,12,,,,,,,,,,,,,,,,,,,1.0,1.0,,5.0,3.0,2.58,6.0,6.0,,,0.0,5.0,2.0,2.0,0.0,,0.0,9.0,0.0,,23.0,105.0
2026,2021039105,2026-07-08,1300100,森 友哉,,4,指,11,1.0,1.0,5.0,4.0,0.0,1.0,0.0,0.0,0.0,0.0,0.0,,1.0,1.0,0.0,0.0,0.0,0.0,,,,,,,,,,,,,,,,,,,,,,
2026,2021039105,2026-07-08,1300109,若月 健矢,,2,捕,11,1.0,1.0,3.0,3.0,0.0,1.0,0.0,0.0,0.0,0.0,0.0,,0.0,1.0,0.0,0.0,0.0,0.0,,,,,,,,,,,,,,,,,,,,,,
2026,2021039105,2026-07-08,1400126,松本 裕樹,Matsumoto Yuuki,66,,12,,,,,,,,,,,,,,,,,,,3.0,1.0,0.0,2.0,2.0,2.2,1.0,1.0,,,4.0,2.0,1.0,1.0,0.0,,2.0,1.0,0.0,,7.0,29.0
2026,2021039105,2026-07-08,1400127,栗原 陵矢,,24,三一,12,1.0,1.0,5.0,4.0,2.0,3.0,2.0,0.0,0.0,0.0,0.0,,1.0,0.0,0.0,0.0,0.0,0.0,,,,,,,,,,,,,,,,,,,,,,
2026,2021039105,2026-07-08,1400196,宗 佑磨,,6,三,11,1.0,1.0,4.0,2.0,0.0,1.0,0.0,0.0,0.0,2.0,0.0,,1.0,0.0,0.0,0.0,1.0,0.0,,,,,,,,,,,,,,,,,,,,,,
2026,2021039105,2026-07-08,1500096,西川 龍馬,,7,左,11,1.0,1.0,5.0,3.0,0.0,1.0,1.0,0.0,0.0,1.0,0.0,,2.0,0.0,0.0,0.0,0.0,0.0,,,,,,,,,,,,,,,,,,,,,,
2026,2021039105,2026-07-08,1500112,平沼 翔太,,61,打右,11,1.0,0.0,2.0,2.0,0.0,0.0,0.0,0.0,0.0,0.0,0.0,,0.0,0.0,0.0,0.0,0.0,0.0,,,,,,,,,,,,,,,,,,,,,,
2026,2021039105,2026-07-08,1500140,谷川原 健太,,45,右,12,1.0,0.0,0.0,0.0,0.0,0.0,0.0,0.0,0.0,0.0,0.0,,0.0,0.0,0.0,0.0,0.0,0.0,,,,,,,,,,,,,,,,,,,,,,
2026,2021039105,2026-07-08,1560184,オスナ,Osu na,54,,12,,,,,,,,,,,,,,,,,,,2.0,1.0,0.0,0.0,1.0,0.69,1.0,1.0,,,0.0,2.0,0.0,0.0,0.0,,0.0,1.0,0.0,,5.0,16.0
2026,2021039105,2026-07-08,1650056,福永 奨,,32,捕,11,1.0,0.0,0.0,0.0,0.0,0.0,0.0,0.0,0.0,0.0,0.0,,0.0,0.0,0.0,0.0,0.0,0.0,,,,,,,,,,,,,,,,,,,,,,
2026,2021039105,2026-07-08,1650722,杉澤 龍,,33,右,11,1.0,1.0,3.0,3.0,0.0,0.0,0.0,0.0,0.0,0.0,0.0,,0.0,2.0,0.0,0.0,0.0,0.0,,,,,,,,,,,,,,,,,,,,,,
2026,2021039105,2026-07-08,1650813,川村 友斗,,61,走右左,12,1.0,0.0,0.0,0.0,0.0,0.0,0.0,0.0,0.0,0.0,0.0,,0.0,0.0,0.0,0.0,0.0,0.0,,,,,,,,,,,,,,,,,,,,,,
2026,2021039105,2026-07-08,1700101,博志,Hiroshi,66,,11,,,,,,,,,,,,,,,,,,,2.0,1.0,0.0,2.0,0.0,0.83,2.0,2.0,,,0.0,1.0,0.0,0.0,0.0,,0.0,1.0,0.0,,6.0,21.0
2026,2021039105,2026-07-08,1700135,周東 佑京,,23,中,12,1.0,1.0,5.0,4.0,1.0,2.0,0.0,0.0,0.0,0.0,0.0,,1.0,0.0,0.0,0.0,0.0,0.0,,,,,,,,,,,,,,,,,,,,,,
2026,2021039105,2026-07-08,1750667,山中 稜真,,50,一,11,1.0,1.0,5.0,5.0,2.0,2.0,0.0,0.0,0.0,0.0,0.0,,0.0,2.0,0.0,0.0,0.0,0.0,,,,,,,,,,,,,,,,,,,,,,
2026,2021039105,2026-07-08,1800098,太田 椋,,1,二,11,1.0,1.0,5.0,5.0,0.0,1.0,0.0,0.0,0.0,0.0,0.0,,0.0,1.0,0.0,0.0,0.0,0.0,,,,,,,,,,,,,,,,,,,,,,
2026,2021039105,2026-07-08,1800104,中川 圭太,,67,打中,11,1.0,0.0,2.0,2.0,0.0,0.0,0.0,0.0,0.0,0.0,0.0,,0.0,0.0,0.0,0.0,0.0,0.0,,,,,,,,,,,,,,,,,,,,,,
2026,2021039105,2026-07-08,1800107,杉山 一樹,Sugiyama Kazuki,40,,12,,,,,,,,,,,,,,,,,,,4.0,1.0,0.0,0.0,1.0,2.45,1.0,1.0,,,16.0,0.0,0.0,0.0,0.0,,2.0,0.0,0.0,,6.0,26.0
2026,2021039105,2026-07-08,1900088,紅林 弘太郎,,24,遊,11,1.0,1.0,4.0,4.0,1.0,2.0,0.0,1.0,0.0,0.0,0.0,,0.0,2.0,0.0,0.0,0.0,0.0,,,,,,,,,,,,,,,,,,,,,,
2026,2021039105,2026-07-08,1900101,海野 隆司,,62,捕,12,1.0,1.0,4.0,3.0,0.0,1.0,0.0,0.0,0.0,0.0,0.0,,0.0,1.0,0.0,1.0,0.0,0.0,,,,,,,,,,,,,,,,,,,,,,
2026,2021039105,2026-07-08,1900104,柳町 達,,32,右,12,1.0,1.0,4.0,3.0,0.0,1.0,0.0,0.0,0.0,1.0,0.0,,1.0,0.0,0.0,0.0,0.0,0.0,,,,,,,,,,,,,,,,,,,,,,
2026,2021039105,2026-07-08,1950149,庄子 雄大,,25,遊,12,1.0,1.0,4.0,4.0,0.0,0.0,0.0,0.0,0.0,0.0,0.0,,0.0,1.0,0.0,0.0,0.0,0.0,,,,,,,,,,,,,,,,,,,,,,
2026,2021039105,2026-07-08,2000098,来田 涼斗,,38,走指,11,1.0,0.0,0.0,0.0,0.0,0.0,0.0,0.0,0.0,0.0,0.0,,0.0,0.0,0.0,0.0,0.0,0.0,,,,,,,,,,,,,,,,,,,,,,
2026,2021039105,2026-07-08,2000102,川瀬 堅斗,Kawase Ken To,94,,11,,,,,,,,,,,,,,,,,,,6.0,1.0,0.0,0.0,0.0,2.89,1.0,1.0,,,0.0,1.0,0.0,0.0,0.0,,0.0,0.0,0.0,,3.0,11.0
2026,2021039105,2026-07-08,2101257,ダウンズ,,4,指,12,1.0,1.0,3.0,3.0,0.0,0.0,0.0,0.0,0.0,0.0,0.0,,0.0,1.0,0.0,0.0,0.0,0.0,,,,,,,,,,,,,,,,,,,,,,
2026,2021039105,2026-07-08,2103713,権田 琉成,Gonda Ryuu Sei,98,,11,,,,,,,,,,,,,,,,,,,4.0,1.0,0.0,1.0,0.0,3.57,2.0,2.0,,,0.0,2.0,3.0,3.0,1.0,,1.0,1.0,0.0,,9.0,30.0
2026,2021039105,2026-07-08,2103735,正木 智也,,31,一,12,1.0,1.0,5.0,4.0,1.0,0.0,0.0,0.0,0.0,0.0,0.0,,0.0,0.0,1.0,0.0,0.0,0.0,,,,,,,,,,,,,,,,,,,,,,
2026,2021039105,2026-07-08,2103747,渡部 遼人,,0,中,11,1.0,1.0,2.0,2.0,0.0,0.0,0.0,0.0,0.0,0.0,0.0,,0.0,2.0,0.0,0.0,0.0,0.0,,,,,,,,,,,,,,,,,,,,,,
2026,2021039105,2026-07-08,2104035,野村 勇,,99,三,12,1.0,0.0,0.0,0.0,0.0,0.0,0.0,0.0,0.0,0.0,0.0,,0.0,0.0,0.0,0.0,0.0,1.0,,,,,,,,,,,,,,,,,,,,,,
2026,2021039105,2026-07-08,2107872,才木 海翔,Sai Moku Kaishou,95,,11,,,,,,,,,,,,,,,,,,,3.0,1.0,0.0,0.0,0.0,7.71,1.0,1.0,,,0.0,1.0,0.0,0.0,0.0,,1.0,0.0,0.0,,5.0,14.0
2026,2021039105,2026-07-08,2108148,ジェリー,Jerry,69,,11,,,,,,,,,,,,,,,,,,,1.0,1.0,,3.0,5.0,2.42,2.0,2.0,,,0.0,4.0,3.0,3.0,0.0,,3.0,0.0,1.0,,13.0,59.0
2026,2021039105,2026-07-08,2108361,宮國 凌空,Kyuukoku Shinoge Sora,65,,11,,,,,,,,,,,,,,,,,,,5.0,1.0,0.0,0.0,1.0,8.31,1.0,1.0,,,0.0,0.0,0.0,0.0,0.0,,1.0,1.0,0.0,,4.0,16.0
2026,2021039105,2026-07-08,2117200,シーモア,,45,打,11,1.0,0.0,1.0,1.0,0.0,0.0,0.0,0.0,0.0,0.0,0.0,,0.0,0.0,0.0,0.0,0.0,0.0,,,,,,,,,,,,,,,,,,,,,,
2026,2021039106,2026-07-05,800043,丸 佳浩,,8,打,1,1.0,0.0,1.0,1.0,0.0,1.0,1.0,0.0,0.0,0.0,0.0,,0.0,0.0,0.0,0.0,0.0,0.0,,,,,,,,,,,,,,,,,,,,,,
2026,2021039106,2026-07-05,1100095,松本 剛,,9,左,1,1.0,1.0,4.0,3.0,0.0,1.0,1.0,0.0,0.0,0.0,0.0,,1.0,1.0,0.0,0.0,0.0,0.0,,,,,,,,,,,,,,,,,,,,,,
2026,2021039106,2026-07-05,1300027,小林 誠司,,22,捕,1,1.0,0.0,2.0,2.0,0.0,0.0,0.0,0.0,0.0,0.0,0.0,,0.0,1.0,0.0,0.0,0.0,0.0,,,,,,,,,,,,,,,,,,,,,,
2026,2021039106,2026-07-05,1300073,梅野 隆太郎,,2,捕,5,1.0,1.0,4.0,3.0,0.0,1.0,0.0,0.0,0.0,0.0,0.0,,0.0,1.0,1.0,0.0,0.0,0.0,,,,,,,,,,,,,,,,,,,,,,
2026,2021039106,2026-07-05,1300075,岩崎 優,Iwasaki Yuu,13,投,5,1.0,0.0,0.0,0.0,0.0,0.0,0.0,0.0,0.0,0.0,0.0,,0.0,0.0,0.0,0.0,0.0,0.0,2.0,1.0,0.0,1.0,2.0,3.13,1.0,1.0,,,9.0,1.0,1.0,1.0,1.0,,1.0,0.0,0.0,,4.0,19.0
2026,2021039106,2026-07-05,1561820,ダルベック,,29,三一,1,1.0,1.0,4.0,3.0,0.0,0.0,0.0,0.0,0.0,0.0,0.0,,1.0,1.0,0.0,0.0,0.0,0.0,,,,,,,,,,,,,,,,,,,,,,
2026,2021039106,2026-07-05,1600033,ドリス,Doris,98,投,5,1.0,0.0,0.0,0.0,0.0,0.0,0.0,0.0,0.0,0.0,0.0,,0.0,0.0,0.0,0.0,0.0,0.0,3.0,1.0,0.0,1.0,2.0,1.32,1.0,1.0,,,12.0,0.0,0.0,0.0,0.0,,0.0,2.0,0.0,,3.0,16.0
2026,2021039106,2026-07-05,1600113,大山 悠輔,,3,一,5,1.0,1.0,4.0,3.0,0.0,2.0,1.0,0.0,0.0,1.0,0.0,,1.0,0.0,0.0,0.0,0.0,0.0,,,,,,,,,,,,,,,,,,,,,,
2026,2021039106,2026-07-05,1600115,才木 浩人,Sai Moku Hiroto,35,投,5,1.0,1.0,3.0,2.0,0.0,0.0,0.0,0.0,0.0,0.0,0.0,,0.0,1.0,0.0,1.0,0.0,0.0,1.0,1.0,,6.0,4.0,2.82,7.0,7.0,,,0.0,5.0,0.0,0.0,0.0,,3.0,8.0,0.0,,29.0,101.0
2026,2021039106,2026-07-05,1700043,岸田 行倫,,27,捕,1,1.0,1.0,3.0,3.0,0.0,1.0,1.0,0.0,0.0,0.0,0.0,,0.0,1.0,0.0,0.0,0.0,0.0,,,,,,,,,,,,,,,,,,,,,,
2026,2021039106,2026-07-05,1700079,熊谷 敬宥,,4,遊,5,1.0,1.0,4.0,4.0,0.0,1.0,0.0,0.0,0.0,1.0,0.0,,0.0,1.0,0.0,0.0,0.0,0.0,,,,,,,,,,,,,,,,,,,,,,
2026,2021039106,2026-07-05,1750087,山田 龍聖,Yamada Ryuu Kiyoshi,64,投,1,1.0,0.0,0.0,0.0,0.0,0.0,0.0,0.0,0.0,0.0,0.0,,0.0,0.0,0.0,0.0,0.0,0.0,3.0,1.0,0.0,0.0,0.0,0.0,2.0,2.0,,,0.0,1.0,0.0,0.0,0.0,,2.0,0.0,0.0,,9.0,41.0
2026,2021039106,2026-07-05,1750321,泉口 友汰,,35,遊,1,1.0,1.0,4.0,3.0,0.0,0.0,0.0,0.0,0.0,0.0,0.0,,1.0,0.0,0.0,0.0,0.0,0.0,,,,,,,,,,,,,,,,,,,,,,
2026,2021039106,2026-07-05,1850035,西舘 勇陽,Nishidate Isamu Hi,17,投,1,1.0,1.0,2.0,2.0,0.0,0.0,0.0,0.0,0.0,0.0,0.0,,0.0,1.0,0.0,0.0,0.0,0.0,1.0,1.0,,1.0,1.0,2.33,5.333333333333333,5.1,,,0.0,4.0,4.0,4.0,1.0,,2.0,6.0,0.0,,22.0,104.0
2026,2021039106,2026-07-05,1850183,森下 翔太,,1,右,5,1.0,1.0,5.0,4.0,2.0,1.0,0.0,0.0,1.0,1.0,0.0,,1.0,0.0,0.0,0.0,0.0,0.0,,,,,,,,,,,,,,,,,,,,,,
2026,2021039106,2026-07-05,1900016,堀田 賢慎,Hotta Ken Makoto,91,投,1,1.0,0.0,0.0,0.0,0.0,0.0,0.0,0.0,0.0,0.0,0.0,,0.0,0.0,0.0,0.0,0.0,0.0,4.0,1.0,0.0,1.0,0.0,0.57,1.0,1.0,,,0.0,0.0,0.0,0.0,0.0,,0.0,0.0,0.0,,3.0,6.0
2026,2021039106,2026-07-05,1950996,前川 右京,,58,左,5,1.0,1.0,4.0,2.0,0.0,0.0,0.0,0.0,0.0,1.0,0.0,,2.0,0.0,0.0,0.0,0.0,0.0,,,,,,,,,,,,,,,,,,,,,,
2026,2021039106,2026-07-05,1951153,浦田 俊輔,,32,二,1,1.0,1.0,4.0,3.0,0.0,1.0,0.0,0.0,0.0,0.0,0.0,,1.0,1.0,0.0,0.0,0.0,0.0,,,,,,,,,,,,,,,,,,,,,,
2026,2021039106,2026-07-05,2000051,佐藤 輝明,,8,三,5,1.0,1.0,4.0,3.0,1.0,0.0,0.0,0.0,0.0,0.0,0.0,,1.0,0.0,0.0,0.0,0.0,0.0,,,,,,,,,,,,,,,,,,,,,,
2026,2021039106,2026-07-05,2000056,中野 拓夢,,7,二,5,1.0,1.0,5.0,5.0,1.0,1.0,0.0,0.0,0.0,0.0,0.0,,0.0,1.0,0.0,0.0,0.0,0.0,,,,,,,,,,,,,,,,,,,,,,
2026,2021039106,2026-07-05,2000057,高寺 望夢,,67,中,5,1.0,1.0,5.0,5.0,0.0,0.0,0.0,0.0,0.0,0.0,0.0,,0.0,2.0,0.0,0.0,0.0,0.0,,,,,,,,,,,,,,,,,,,,,,
2026,2021039106,2026-07-05,2100225,笹原 操希,,95,打,1,1.0,0.0,1.0,1.0,0.0,0.0,0.0,0.0,0.0,0.0,0.0,,0.0,0.0,0.0,0.0,0.0,0.0,,,,,,,,,,,,,,,,,,,,,,
2026,2021039106,2026-07-05,2100531,ティマ,,50,一,1,1.0,1.0,2.0,2.0,0.0,0.0,0.0,0.0,0.0,0.0,0.0,,0.0,1.0,0.0,0.0,0.0,0.0,,,,,,,,,,,,,,,,,,,,,,
2026,2021039106,2026-07-05,2106178,佐々木 俊輔,,44,右,1,1.0,1.0,4.0,4.0,0.0,1.0,0.0,0.0,0.0,0.0,0.0,,0.0,2.0,0.0,0.0,0.0,0.0,,,,,,,,,,,,,,,,,,,,,,
2026,2021039106,2026-07-05,2107874,門脇 誠,,5,走三,1,1.0,0.0,1.0,1.0,0.0,0.0,0.0,0.0,0.0,0.0,0.0,,0.0,1.0,0.0,0.0,0.0,0.0,,,,,,,,,,,,,,,,,,,,,,
2026,2021039106,2026-07-05,2118291,田和 廉,Tawa Ren,30,投,1,1.0,0.0,0.0,0.0,0.0,0.0,0.0,0.0,0.0,0.0,0.0,,0.0,0.0,0.0,0.0,0.0,0.0,2.0,1.0,0.0,0.0,0.0,1.48,0.6666666666666666,0.2,,,0.0,1.0,0.0,0.0,0.0,,1.0,0.0,1.0,,5.0,13.0
2026,2021039106,2026-07-05,2118420,キャベッジ,,13,中,1,1.0,1.0,4.0,4.0,1.0,1.0,0.0,0.0,1.0,1.0,0.0,,0.0,0.0,0.0,0.0,0.0,0.0,,,,,,,,,,,,,,,,,,,,,,
2026,2021039106,2026-07-05,2118997,岡城 快生,,34,打,5,1.0,0.0,1.0,1.0,0.0,0.0,0.0,0.0,0.0,0.0,0.0,,0.0,0.0,0.0,0.0,0.0,0.0,,,,,,,,,,,,,,,,,,,,,,
2026,2021039107,2026-07-07,1000002,筒香 嘉智,,25,一,3,1.0,1.0,4.0,3.0,1.0,2.0,0.0,0.0,1.0,3.0,0.0,,1.0,1.0,0.0,0.0,0.0,0.0,,,,,,,,,,,,,,,,,,,,,,
2026,2021039107,2026-07-07,1200053,宮崎 敏郎,,51,三,3,1.0,1.0,4.0,3.0,0.0,1.0,0.0,0.0,0.0,0.0,0.0,,1.0,0.0,0.0,0.0,0.0,0.0,,,,,,,,,,,,,,,,,,,,,,
2026,2021039107,2026-07-07,1200098,松葉 貴大,Matsuba Takashidai,38,投,4,1.0,1.0,2.0,2.0,0.0,0.0,0.0,0.0,0.0,0.0,0.0,,0.0,1.0,0.0,0.0,0.0,0.0,1.0,1.0,,0.0,1.0,4.91,6.0,6.0,,,0.0,5.0,4.0,4.0,2.0,,3.0,3.0,1.0,,27.0,90.0
2026,2021039107,2026-07-07,1400199,齋藤 綱記,Saitou Tsunaki,59,投,4,1.0,0.0,0.0,0.0,0.0,0.0,0.0,0.0,0.0,0.0,0.0,,0.0,0.0,0.0,0.0,0.0,0.0,2.0,1.0,0.0,1.0,2.0,3.28,1.0,1.0,,,0.0,1.0,0.0,0.0,0.0,,1.0,0.0,0.0,,5.0,18.0
2026,2021039107,2026-07-07,1500063,柴田 竜拓,,31,三,3,1.0,0.0,0.0,0.0,0.0,0.0,0.0,0.0,0.0,0.0,0.0,,0.0,0.0,0.0,0.0,0.0,0.0,,,,,,,,,,,,,,,,,,,,,,
2026,2021039107,2026-07-07,1561854,サノー,,23,一,4,1.0,1.0,4.0,3.0,2.0,2.0,0.0,0.0,2.0,2.0,0.0,,1.0,1.0,0.0,0.0,0.0,0.0,,,,,,,,,,,,,,,,,,,,,,
2026,2021039107,2026-07-07,1600085,細川 成也,,55,左,4,1.0,1.0,4.0,4.0,1.0,2.0,0.0,0.0,1.0,1.0,0.0,,0.0,1.0,0.0,0.0,0.0,0.0,,,,,,,,,,,,,,,,,,,,,,
2026,2021039107,2026-07-07,1700058,東 克樹,Azuma Katsuki,11,投,3,1.0,1.0,3.0,3.0,0.0,0.0,0.0,0.0,0.0,0.0,0.0,,0.0,0.0,0.0,0.0,0.0,0.0,1.0,1.0,,7.0,4.0,2.29,7.0,7.0,,,0.0,4.0,2.0,2.0,2.0,,1.0,8.0,1.0,,27.0,94.0
2026,2021039107,2026-07-07,1700067,中川 虎大,Nakagawa Toradai,64,投,3,1.0,0.0,0.0,0.0,0.0,0.0,0.0,0.0,0.0,0.0,0.0,,0.0,0.0,0.0,0.0,0.0,0.0,2.0,1.0,0.0,4.0,2.0,1.57,1.0,1.0,,,0.0,0.0,0.0,0.0,0.0,,0.0,2.0,0.0,,3.0,12.0
2026,2021039107,2026-07-07,1750223,村松 開人,,5,遊,4,1.0,1.0,4.0,4.0,0.0,0.0,0.0,0.0,0.0,0.0,0.0,,0.0,3.0,0.0,0.0,0.0,1.0,,,,,,,,,,,,,,,,,,,,,,
2026,2021039107,2026-07-07,1750701,田中 幹也,,2,二,4,1.0,1.0,3.0,2.0,0.0,0.0,0.0,0.0,0.0,0.0,0.0,,0.0,0.0,1.0,0.0,0.0,0.0,,,,,,,,,,,,,,,,,,,,,,
2026,2021039107,2026-07-07,1800046,勝又 温史,,28,左,3,1.0,1.0,4.0,4.0,1.0,1.0,0.0,0.0,0.0,0.0,0.0,,0.0,0.0,0.0,0.0,0.0,0.0,,,,,,,,,,,,,,,,,,,,,,
2026,2021039107,2026-07-07,1850873,度会 隆輝,,4,打,3,1.0,0.0,1.0,1.0,0.0,0.0,0.0,0.0,0.0,0.0,0.0,,0.0,0.0,0.0,0.0,0.0,0.0,,,,,,,,,,,,,,,,,,,,,,
2026,2021039107,2026-07-07,1851138,草加 勝,Souka Kachi,14,投,4,1.0,0.0,0.0,0.0,0.0,0.0,0.0,0.0,0.0,0.0,0.0,,0.0,0.0,0.0,0.0,0.0,0.0,3.0,1.0,0.0,0.0,1.0,1.23,1.0,1.0,,,0.0,0.0,0.0,0.0,0.0,,0.0,0.0,0.0,,4.0,13.0
2026,2021039107,2026-07-07,1900037,石川 昂弥,,25,三,4,1.0,1.0,4.0,4.0,0.0,1.0,0.0,0.0,0.0,0.0,0.0,,0.0,1.0,0.0,0.0,0.0,0.0,,,,,,,,,,,,,,,,,,,,,,
2026,2021039107,2026-07-07,1900041,岡林 勇希,,1,中,4,1.0,1.0,4.0,4.0,0.0,0.0,0.0,0.0,0.0,0.0,0.0,,0.0,0.0,0.0,0.0,0.0,0.0,,,,,,,,,,,,,,,,,,,,,,
2026,2021039107,2026-07-07,1961300,ボスラー,,24,右,4,1.0,1.0,4.0,4.0,0.0,0.0,0.0,0.0,0.0,0.0,0.0,,0.0,2.0,0.0,0.0,0.0,0.0,,,,,,,,,,,,,,,,,,,,,,
2026,2021039107,2026-07-07,2000035,牧 秀悟,,2,二,3,1.0,1.0,4.0,2.0,1.0,1.0,0.0,0.0,0.0,0.0,0.0,,1.0,1.0,1.0,0.0,0.0,0.0,,,,,,,,,,,,,,,,,,,,,,
2026,2021039107,2026-07-07,2100014,宮下 朝陽,,34,遊,3,1.0,1.0,4.0,3.0,0.0,0.0,0.0,0.0,0.0,0.0,0.0,,1.0,0.0,0.0,0.0,0.0,0.0,,,,,,,,,,,,,,,,,,,,,,
2026,2021039107,2026-07-07,2100277,松尾 汐恩,,5,捕,3,1.0,1.0,4.0,4.0,1.0,1.0,0.0,0.0,1.0,1.0,1.0,,0.0,0.0,0.0,0.0,0.0,0.0,,,,,,,,,,,,,,,,,,,,,,
2026,2021039107,2026-07-07,2103703,梶原 昂希,,58,中,3,1.0,1.0,4.0,4.0,0.0,0.0,0.0,0.0,0.0,0.0,0.0,,0.0,1.0,0.0,0.0,0.0,0.0,,,,,,,,,,,,,,,,,,,,,,
2026,2021039107,2026-07-07,2103780,福永 裕基,,7,打,4,1.0,0.0,1.0,1.0,0.0,0.0,0.0,0.0,0.0,0.0,0.0,,0.0,1.0,0.0,0.0,0.0,0.0,,,,,,,,,,,,,,,,,,,,,,
2026,2021039107,2026-07-07,2105102,石伊 雄太,,9,捕,4,1.0,1.0,4.0,4.0,0.0,0.0,0.0,0.0,0.0,0.0,0.0,,0.0,1.0,0.0,0.0,0.0,0.0,,,,,,,,,,,,,,,,,,,,,,
2026,2021039107,2026-07-07,2108195,エンカーナシオン,,69,右,3,1.0,1.0,4.0,4.0,0.0,0.0,0.0,0.0,0.0,0.0,0.0,,0.0,0.0,0.0,0.0,0.0,0.0,,,,,,,,,,,,,,,,,,,,,,
2026,2021039107,2026-07-07,2117433,レイノルズ,Reynolds,62,投,3,1.0,0.0,0.0,0.0,0.0,0.0,0.0,0.0,0.0,0.0,0.0,,0.0,0.0,0.0,0.0,0.0,0.0,3.0,1.0,0.0,2.0,0.0,1.54,1.0,1.0,,,2.0,1.0,1.0,1.0,1.0,,0.0,1.0,0.0,,4.0,14.0
2026,2021039108,2026-07-10,900044,中村 悠平,,27,捕,2,1.0,1.0,4.0,3.0,0.0,0.0,0.0,0.0,0.0,0.0,0.0,,1.0,0.0,0.0,0.0,0.0,0.0,,,,,,,,,,,,,,,,,,,,,,
2026,2021039108,2026-07-10,1000150,秋山 翔吾,,9,打,6,1.0,0.0,1.0,1.0,0.0,1.0,0.0,0.0,0.0,0.0,0.0,,0.0,0.0,0.0,0.0,0.0,0.0,,,,,,,,,,,,,,,,,,,,,,
2026,2021039108,2026-07-10,1100082,菊池 涼介,,33,二,6,1.0,1.0,4.0,4.0,0.0,1.0,0.0,0.0,0.0,1.0,0.0,,0.0,1.0,0.0,0.0,0.0,0.0,,,,,,,,,,,,,,,,,,,,,,
2026,2021039108,2026-07-10,1600075,星 知弥,Hoshi Chi Wataru,24,投,2,1.0,0.0,0.0,0.0,0.0,0.0,0.0,0.0,0.0,0.0,0.0,,0.0,0.0,0.0,0.0,0.0,0.0,2.0,1.0,0.0,1.0,3.0,3.03,0.6666666666666666,0.2,,,1.0,1.0,1.0,1.0,0.0,,3.0,0.0,0.0,,6.0,28.0
2026,2021039108,2026-07-10,1600124,坂倉 将吾,,31,三一,6,1.0,1.0,4.0,4.0,1.0,1.0,0.0,0.0,0.0,0.0,0.0,,0.0,1.0,0.0,0.0,0.0,1.0,,,,,,,,,,,,,,,,,,,,,,
2026,2021039108,2026-07-10,1700072,遠藤 淳志,Endou Atsushi,66,投,6,1.0,0.0,0.0,0.0,0.0,0.0,0.0,0.0,0.0,0.0,0.0,,0.0,0.0,0.0,0.0,0.0,0.0,3.0,1.0,0.0,0.0,1.0,2.51,1.0,1.0,,,0.0,3.0,2.0,2.0,0.0,,1.0,0.0,0.0,,7.0,24.0
2026,2021039108,2026-07-10,1700087,塩見 泰隆,,9,右,2,1.0,1.0,4.0,4.0,0.0,0.0,0.0,0.0,0.0,0.0,0.0,,0.0,2.0,0.0,0.0,0.0,0.0,,,,,,,,,,,,,,,,,,,,,,
2026,2021039108,2026-07-10,1700131,増田 珠,,63,左,2,1.0,1.0,4.0,4.0,1.0,2.0,0.0,0.0,1.0,1.0,0.0,,0.0,0.0,0.0,0.0,0.0,0.0,,,,,,,,,,,,,,,,,,,,,,
2026,2021039108,2026-07-10,1800072,小園 海斗,,5,遊,6,1.0,1.0,1.0,1.0,0.0,0.0,0.0,0.0,0.0,0.0,0.0,,0.0,0.0,0.0,0.0,0.0,0.0,,,,,,,,,,,,,,,,,,,,,,
2026,2021039108,2026-07-10,1800079,大盛 穂,,59,中,6,1.0,1.0,4.0,3.0,0.0,0.0,0.0,0.0,0.0,0.0,0.0,,0.0,0.0,0.0,1.0,0.0,0.0,,,,,,,,,,,,,,,,,,,,,,
2026,2021039108,2026-07-10,1850405,名原 典彦,,92,右,6,1.0,1.0,4.0,4.0,1.0,1.0,1.0,0.0,0.0,0.0,0.0,,0.0,1.0,0.0,0.0,0.0,0.0,,,,,,,,,,,,,,,,,,,,,,
2026,2021039108,2026-07-10,1850772,石井 巧,,38,走二,2,1.0,0.0,0.0,0.0,0.0,0.0,0.0,0.0,0.0,0.0,0.0,,0.0,0.0,0.0,0.0,0.0,0.0,,,,,,,,,,,,,,,,,,,,,,
2026,2021039108,2026-07-10,1900024,奥川 恭伸,Okugawa Yasushi Shin,18,投,2,1.0,1.0,3.0,3.0,0.0,1.0,0.0,0.0,0.0,1.0,0.0,,0.0,2.0,0.0,0.0,0.0,0.0,1.0,1.0,,3.0,6.0,2.77,8.0,8.0,,,0.0,6.0,3.0,3.0,1.0,,0.0,5.0,0.0,,30.0,108.0
2026,2021039108,2026-07-10,1900028,長岡 秀樹,,7,遊,2,1.0,1.0,4.0,3.0,0.0,0.0,0.0,0.0,0.0,0.0,0.0,,1.0,0.0,0.0,0.0,0.0,0.0,,,,,,,,,,,,,,,,,,,,,,
2026,2021039108,2026-07-10,1900056,石原 貴規,,32,捕,6,1.0,1.0,4.0,3.0,0.0,0.0,0.0,0.0,0.0,0.0,0.0,,1.0,1.0,0.0,0.0,0.0,0.0,,,,,,,,,,,,,,,,,,,,,,
2026,2021039108,2026-07-10,1900057,玉村 昇悟,Tamamura Noboru Satoru,65,投,6,1.0,1.0,0.0,0.0,0.0,0.0,0.0,0.0,0.0,0.0,0.0,,0.0,0.0,0.0,0.0,0.0,0.0,1.0,1.0,,1.0,3.0,2.4,1.6666666666666663,1.2,,,0.0,1.0,1.0,1.0,1.0,,0.0,0.0,0.0,,6.0,19.0
2026,2021039108,2026-07-10,1900073,鈴木 健矢,Suzuki Ken Ya,41,投,6,1.0,0.0,1.0,1.0,0.0,0.0,0.0,0.0,0.0,0.0,0.0,,0.0,1.0,0.0,0.0,0.0,0.0,2.0,1.0,0.0,0.0,1.0,2.93,4.333333333333333,4.1,,,0.0,1.0,0.0,0.0,0.0,,1.0,3.0,0.0,,16.0,60.0
2026,2021039108,2026-07-10,1960397,ハーン,Haan,68,投,6,1.0,0.0,0.0,0.0,0.0,0.0,0.0,0.0,0.0,0.0,0.0,,0.0,0.0,0.0,0.0,0.0,0.0,4.0,1.0,0.0,2.0,1.0,0.91,1.0,1.0,,,1.0,0.0,0.0,0.0,0.0,,0.0,2.0,0.0,,3.0,10.0
2026,2021039108,2026-07-10,1961927,モンテロ,,95,打,6,1.0,0.0,1.0,0.0,0.0,0.0,0.0,0.0,0.0,1.0,0.0,,1.0,0.0,0.0,0.0,0.0,0.0,,,,,,,,,,,,,,,,,,,,,,
2026,2021039108,2026-07-10,2000026,内山 壮真,,3,二,2,1.0,1.0,5.0,4.0,0.0,0.0,0.0,0.0,0.0,1.0,0.0,,0.0,0.0,0.0,0.0,1.0,0.0,,,,,,,,,,,,,,,,,,,,,,
2026,2021039108,2026-07-10,2000031,赤羽 由紘,,0,一,2,1.0,0.0,1.0,1.0,0.0,0.0,0.0,0.0,0.0,0.0,0.0,,0.0,1.0,0.0,0.0,0.0,0.0,,,,,,,,,,,,,,,,,,,,,,
2026,2021039108,2026-07-10,2000061,森浦 大輔,Moriura Daisuke,13,投,6,1.0,0.0,0.0,0.0,0.0,0.0,0.0,0.0,0.0,0.0,0.0,,0.0,0.0,0.0,0.0,0.0,0.0,5.0,1.0,0.0,4.0,2.0,2.73,1.0,1.0,,,9.0,1.0,0.0,0.0,0.0,,1.0,1.0,0.0,,5.0,14.0
2026,2021039108,2026-07-10,2000065,矢野 雅哉,,4,走遊,6,1.0,0.0,1.0,1.0,0.0,1.0,0.0,0.0,0.0,0.0,0.0,,0.0,0.0,0.0,0.0,0.0,0.0,,,,,,,,,,,,,,,,,,,,,,
2026,2021039108,2026-07-10,2000135,サンタナ,,25,打,2,1.0,0.0,1.0,0.0,0.0,0.0,0.0,0.0,0.0,0.0,0.0,,1.0,0.0,0.0,0.0,0.0,0.0,,,,,,,,,,,,,,,,,,,,,,
2026,2021039108,2026-07-10,2050203,佐々木 泰,,10,打,6,1.0,0.0,1.0,1.0,0.0,0.0,0.0,0.0,0.0,0.0,0.0,,0.0,0.0,0.0,0.0,0.0,0.0,,,,,,,,,,,,,,,,,,,,,,
2026,2021039108,2026-07-10,2103917,岩田 幸宏,,64,中,2,1.0,1.0,4.0,4.0,1.0,2.0,0.0,0.0,0.0,0.0,1.0,,0.0,0.0,0.0,0.0,0.0,0.0,,,,,,,,,,,,,,,,,,,,,,
2026,2021039108,2026-07-10,2107887,辰見 鴻之介,,69,走,6,1.0,0.0,0.0,0.0,0.0,0.0,0.0,0.0,0.0,0.0,1.0,,0.0,0.0,0.0,0.0,0.0,0.0,,,,,,,,,,,,,,,,,,,,,,
2026,2021039108,2026-07-10,2108913,セデーニョ,,98,一,2,1.0,1.0,3.0,3.0,0.0,0.0,0.0,0.0,0.0,0.0,0.0,,0.0,0.0,0.0,0.0,0.0,0.0,,,,,,,,,,,,,,,,,,,,,,
2026,2021039108,2026-07-10,2110422,勝田 成,,0,遊三,6,1.0,0.0,3.0,2.0,1.0,0.0,0.0,0.0,0.0,0.0,0.0,,1.0,0.0,0.0,0.0,0.0,0.0,,,,,,,,,,,,,,,,,,,,,,
2026,2021039108,2026-07-10,2112143,佐藤 啓介,,94,一,6,1.0,1.0,3.0,3.0,0.0,1.0,0.0,0.0,0.0,0.0,0.0,,0.0,0.0,0.0,0.0,0.0,0.0,,,,,,,,,,,,,,,,,,,,,,
2026,2021039108,2026-07-10,2114882,ファビアン,,61,左,6,1.0,1.0,4.0,4.0,1.0,1.0,0.0,0.0,1.0,2.0,0.0,,0.0,0.0,0.0,0.0,0.0,0.0,,,,,,,,,,,,,,,,,,,,,,
2026,2021039108,2026-07-10,2116854,松下 歩叶,,6,三,2,1.0,1.0,4.0,4.0,1.0,1.0,0.0,0.0,0.0,0.0,0.0,,0.0,1.0,0.0,0.0,0.0,0.0,,,,,,,,,,,,,,,,,,,,,,
2026,2021039109,2026-07-11,700065,岸 孝之,Kishi Takayuki,11,,376,,,,,,,,,,,,,,,,,,,1.0,1.0,,2.0,2.0,2.1,6.0,6.0,,,0.0,4.0,1.0,0.0,0.0,,1.0,7.0,0.0,,23.0,89.0
2026,2021039109,2026-07-11,900056,浅村 栄斗,,3,指,376,1.0,1.0,5.0,3.0,0.0,0.0,0.0,0.0,0.0,0.0,0.0,,2.0,3.0,0.0,0.0,0.0,0.0,,,,,,,,,,,,,,,,,,,,,,
2026,2021039109,2026-07-11,1300061,中村 祐太,Nakamura Yuuta,58,,7,,,,,,,,,,,,,,,,,,,2.0,1.0,0.0,0.0,0.0,1.8,1.0,1.0,,,0.0,0.0,0.0,0.0,0.0,,0.0,2.0,0.0,,3.0,11.0
2026,2021039109,2026-07-11,1300076,加治屋 蓮,Kajiya Ren,41,,376,,,,,,,,,,,,,,,,,,,3.0,1.0,0.0,2.0,2.0,3.72,1.0,1.0,,,0.0,1.0,1.0,1.0,0.0,,0.0,1.0,1.0,,5.0,19.0
2026,2021039109,2026-07-11,1400184,外崎 修汰,,5,指,7,1.0,1.0,2.0,2.0,0.0,0.0,0.0,0.0,0.0,0.0,0.0,,0.0,1.0,0.0,0.0,0.0,0.0,,,,,,,,,,,,,,,,,,,,,,
2026,2021039109,2026-07-11,1500117,平沢 大河,,39,打左,7,1.0,0.0,2.0,1.0,0.0,0.0,0.0,0.0,0.0,0.0,0.0,,1.0,0.0,0.0,0.0,0.0,0.0,,,,,,,,,,,,,,,,,,,,,,
2026,2021039109,2026-07-11,1600004,堀内 謙伍,,65,捕,376,1.0,1.0,5.0,4.0,1.0,0.0,0.0,0.0,0.0,0.0,0.0,,1.0,3.0,0.0,0.0,0.0,0.0,,,,,,,,,,,,,,,,,,,,,,
2026,2021039109,2026-07-11,1600007,村林 一輝,,6,二,376,1.0,1.0,5.0,4.0,1.0,1.0,0.0,0.0,0.0,0.0,0.0,,1.0,1.0,0.0,0.0,0.0,0.0,,,,,,,,,,,,,,,,,,,,,,
2026,2021039109,2026-07-11,1600092,藤平 尚真,Fujihira Shoushin,46,,376,,,,,,,,,,,,,,,,,,,5.0,1.0,0.0,0.0,1.0,2.36,1.0,1.0,,,15.0,1.0,0.0,0.0,0.0,,0.0,0.0,0.0,,4.0,8.0
2026,2021039109,2026-07-11,1600134,石井 一成,,4,二,7,1.0,1.0,5.0,5.0,0.0,0.0,0.0,0.0,0.0,0.0,0.0,,0.0,1.0,0.0,0.0,0.0,0.0,,,,,,,,,,,,,,,,,,,,,,
2026,2021039109,2026-07-11,1660299,林 安可,,73,打指,7,1.0,0.0,1.0,1.0,0.0,0.0,0.0,0.0,0.0,0.0,0.0,,0.0,0.0,0.0,0.0,0.0,0.0,,,,,,,,,,,,,,,,,,,,,,
2026,2021039109,2026-07-11,1700122,西川 愛也,,51,中,7,1.0,1.0,4.0,4.0,0.0,1.0,0.0,0.0,0.0,0.0,1.0,,0.0,1.0,0.0,0.0,0.0,0.0,,,,,,,,,,,,,,,,,,,,,,
2026,2021039109,2026-07-11,1750472,古賀 悠斗,,22,捕,7,1.0,1.0,4.0,2.0,0.0,1.0,0.0,0.0,0.0,0.0,0.0,,2.0,1.0,0.0,0.0,0.0,0.0,,,,,,,,,,,,,,,,,,,,,,
2026,2021039109,2026-07-11,1750481,仲田 慶介,,0,走指,7,1.0,0.0,1.0,1.0,0.0,0.0,0.0,0.0,0.0,0.0,0.0,,0.0,0.0,0.0,0.0,0.0,0.0,,,,,,,,,,,,,,,,,,,,,,
2026,2021039109,2026-07-11,1800081,渡邉 勇太朗,Watanabe Isamu Tarou,12,,7,,,,,,,,,,,,,,,,,,,1.0,1.0,,4.0,4.0,3.13,7.0,7.0,,,0.0,7.0,2.0,2.0,0.0,,2.0,8.0,0.0,,30.0,112.0
2026,2021039109,2026-07-11,1800085,森脇 亮介,Moriwaki Ryousuke,28,,7,,,,,,,,,,,,,,,,,,,5.0,1.0,0.0,0.0,0.0,0.0,0.3333333333333333,0.1,,,0.0,0.0,0.0,0.0,0.0,,0.0,1.0,0.0,,1.0,4.0
2026,2021039109,2026-07-11,1800106,甲斐野 央,Kainoya Ou,34,,7,,,,,,,,,,,,,,,,,,,3.0,1.0,0.0,2.0,2.0,2.05,1.0,1.0,,,6.0,0.0,0.0,0.0,0.0,,0.0,2.0,0.0,,3.0,10.0
2026,2021039109,2026-07-11,1800117,辰己 涼介,,8,中,376,1.0,1.0,5.0,4.0,1.0,0.0,0.0,0.0,0.0,1.0,0.0,,0.0,3.0,0.0,0.0,1.0,0.0,,,,,,,,,,,,,,,,,,,,,,
2026,2021039109,2026-07-11,1800122,渡邊 佳明,,35,打,376,1.0,0.0,1.0,0.0,0.0,0.0,0.0,0.0,0.0,1.0,0.0,,1.0,0.0,0.0,0.0,0.0,0.0,,,,,,,,,,,,,,,,,,,,,,
2026,2021039109,2026-07-11,1850820,蛭間 拓哉,,9,左,7,1.0,1.0,2.0,2.0,0.0,0.0,0.0,0.0,0.0,0.0,0.0,,0.0,1.0,0.0,0.0,0.0,0.0,,,,,,,,,,,,,,,,,,,,,,
2026,2021039109,2026-07-11,1851157,宗山 塁,,1,遊,376,1.0,1.0,5.0,5.0,0.0,1.0,0.0,0.0,0.0,1.0,0.0,,0.0,0.0,0.0,0.0,0.0,0.0,,,,,,,,,,,,,,,,,,,,,,
2026,2021039109,2026-07-11,1900113,黒川 史陽,,24,一,376,1.0,1.0,5.0,5.0,0.0,3.0,0.0,0.0,0.0,1.0,0.0,,0.0,0.0,0.0,0.0,0.0,0.0,,,,,,,,,,,,,,,,,,,,,,
2026,2021039109,2026-07-11,1900115,武藤 敦貴,,50,左,376,1.0,0.0,1.0,1.0,1.0,1.0,1.0,0.0,0.0,1.0,0.0,,0.0,0.0,0.0,0.0,0.0,0.0,,,,,,,,,,,,,,,,,,,,,,
2026,2021039109,2026-07-11,1950278,中島 大輔,,32,右,376,1.0,1.0,5.0,5.0,0.0,3.0,0.0,0.0,0.0,0.0,0.0,,0.0,1.0,0.0,0.0,0.0,0.0,,,,,,,,,,,,,,,,,,,,,,
2026,2021039109,2026-07-11,1950417,渡部 聖弥,,8,三,7,1.0,1.0,5.0,5.0,0.0,3.0,1.0,0.0,0.0,1.0,1.0,,0.0,1.0,0.0,0.0,0.0,0.0,,,,,,,,,,,,,,,,,,,,,,
2026,2021039109,2026-07-11,2101047,ネビン,,26,一,7,1.0,1.0,5.0,4.0,0.0,0.0,0.0,0.0,0.0,1.0,0.0,,0.0,1.0,0.0,0.0,1.0,0.0,,,,,,,,,,,,,,,,,,,,,,
2026,2021039109,2026-07-11,2102124,泰 勝利,Thailand Shouri,59,,376,,,,,,,,,,,,,,,,,,,4.0,1.0,0.0,1.0,0.0,0.0,1.0,1.0,,,0.0,1.0,0.0,0.0,0.0,,1.0,1.0,0.0,,5.0,17.0
2026,2021039109,2026-07-11,2103614,小森 航大郎,,73,走指,376,1.0,0.0,0.0,0.0,0.0,0.0,0.0,0.0,0.0,0.0,0.0,,0.0,0.0,0.0,0.0,0.0,0.0,,,,,,,,,,,,,,,,,,,,,,
2026,2021039109,2026-07-11,2103618,滝澤 夏央,,62,遊,7,1.0,1.0,5.0,4.0,2.0,2.0,0.0,0.0,0.0,0.0,1.0,,0.0,1.0,1.0,0.0,0.0,0.0,,,,,,,,,,,,,,,,,,,,,,
2026,2021039109,2026-07-11,2105283,平良 竜哉,,48,走三,376,1.0,0.0,0.0,0.0,0.0,0.0,0.0,0.0,0.0,0.0,0.0,,0.0,0.0,0.0,0.0,0.0,0.0,,,,,,,,,,,,,,,,,,,,,,
2026,2021039109,2026-07-11,2112158,ワォーターズ,,60,三,376,1.0,1.0,4.0,4.0,1.0,1.0,0.0,0.0,0.0,0.0,0.0,,0.0,1.0,0.0,0.0,0.0,1.0,,,,,,,,,,,,,,,,,,,,,,
2026,2021039109,2026-07-11,2117028,カナリオ,,25,右,7,1.0,1.0,5.0,5.0,0.0,0.0,0.0,0.0,0.0,0.0,0.0,,0.0,2.0,0.0,0.0,0.0,0.0,,,,,,,,,,,,,,,,,,,,,,
2026,2021039109,2026-07-11,2117734,篠原 響,Shinoharakyou,52,,7,,,,,,,,,,,,,,,,,,,4.0,1.0,0.0,1.0,2.0,2.0,0.6666666666666666,0.2,,,1.0,3.0,3.0,3.0,0.0,,3.0,0.0,0.0,,8.0,29.0
2026,2021039109,2026-07-11,2121018,九谷 瑠,Kutani ?,45,,376,,,,,,,,,,,,,,,,,,,2.0,1.0,0.0,0.0,0.0,1.23,1.0,1.0,,,0.0,0.0,0.0,0.0,0.0,,1.0,1.0,0.0,,4.0,16.0
2026,2021039109,2026-07-11,2122300,マッカスカー,,34,左,376,1.0,1.0,4.0,4.0,0.0,0.0,0.0,0.0,0.0,0.0,0.0,,0.0,1.0,0.0,0.0,0.0,1.0,,,,,,,,,,,,,,,,,,,,,,
2026,2021039110,2026-07-10,1400140,小野 郁,Ono Kaoru,37,,9,,,,,,,,,,,,,,,,,,,2.0,1.0,0.0,2.0,1.0,2.45,1.0,1.0,,,0.0,2.0,2.0,2.0,1.0,,0.0,1.0,0.0,,5.0,17.0
2026,2021039110,2026-07-10,1500102,愛斗,,50,中,9,1.0,1.0,4.0,4.0,1.0,1.0,0.0,0.0,0.0,0.0,0.0,,0.0,0.0,0.0,0.0,0.0,0.0,,,,,,,,,,,,,,,,,,,,,,
2026,2021039110,2026-07-10,1500109,上原 健太,Uehara Kenta,20,,8,,,,,,,,,,,,,,,,,,,2.0,1.0,0.0,2.0,3.0,3.8,0.6666666666666666,0.2,,,0.0,0.0,0.0,0.0,0.0,,0.0,2.0,0.0,,2.0,10.0
2026,2021039110,2026-07-10,1500110,加藤 貴之,Katou Takayuki,14,,8,,,,,,,,,,,,,,,,,,,1.0,1.0,,9.0,1.0,2.57,5.333333333333333,5.1,,,0.0,9.0,2.0,2.0,0.0,,0.0,1.0,0.0,,24.0,77.0
2026,2021039110,2026-07-10,1600157,澤田 圭佑,Sawada Keisuke,54,,9,,,,,,,,,,,,,,,,,,,3.0,1.0,0.0,2.0,1.0,3.08,1.0,1.0,,,0.0,3.0,4.0,4.0,2.0,,1.0,1.0,0.0,,7.0,20.0
2026,2021039110,2026-07-10,1600164,田中 正義,Tanaka Masayoshi,26,,8,,,,,,,,,,,,,,,,,,,3.0,1.0,0.0,1.0,2.0,2.25,1.0,1.0,,,1.0,0.0,0.0,0.0,0.0,,1.0,1.0,0.0,,4.0,21.0
2026,2021039110,2026-07-10,1700020,ソト,,99,指,9,1.0,1.0,4.0,3.0,0.0,1.0,0.0,0.0,0.0,0.0,0.0,,1.0,0.0,0.0,0.0,0.0,0.0,,,,,,,,,,,,,,,,,,,,,,
2026,2021039110,2026-07-10,1700025,清宮 幸太郎,,21,一,8,1.0,1.0,5.0,4.0,1.0,1.0,0.0,0.0,0.0,0.0,0.0,,1.0,1.0,0.0,0.0,0.0,0.0,,,,,,,,,,,,,,,,,,,,,,
2026,2021039110,2026-07-10,1700092,安田 尚憲,,5,一,9,1.0,1.0,4.0,4.0,0.0,1.0,0.0,0.0,0.0,0.0,0.0,,0.0,0.0,0.0,0.0,0.0,0.0,,,,,,,,,,,,,,,,,,,,,,
2026,2021039110,2026-07-10,1760440,カスティーヨ,Castillo,11,,9,,,,,,,,,,,,,,,,,,,5.0,1.0,0.0,0.0,0.0,2.25,1.0,1.0,,,0.0,1.0,0.0,0.0,0.0,,0.0,0.0,0.0,,4.0,8.0
2026,2021039110,2026-07-10,1800008,マルティネス,,2,打指,8,1.0,0.0,1.0,1.0,0.0,0.0,0.0,0.0,0.0,0.0,0.0,,0.0,0.0,0.0,0.0,0.0,0.0,,,,,,,,,,,,,,,,,,,,,,
2026,2021039110,2026-07-10,1800050,藤原 恭大,,1,右,9,1.0,1.0,4.0,4.0,0.0,0.0,0.0,0.0,0.0,0.0,0.0,,0.0,0.0,0.0,0.0,0.0,0.0,,,,,,,,,,,,,,,,,,,,,,
2026,2021039110,2026-07-10,1800091,野村 佑希,,5,三,8,1.0,1.0,4.0,3.0,1.0,2.0,0.0,0.0,1.0,2.0,0.0,,1.0,0.0,0.0,0.0,0.0,0.0,,,,,,,,,,,,,,,,,,,,,,
2026,2021039110,2026-07-10,1800093,万波 中正,,66,右,8,1.0,1.0,5.0,5.0,1.0,1.0,0.0,0.0,1.0,3.0,0.0,,0.0,0.0,0.0,0.0,0.0,0.0,,,,,,,,,,,,,,,,,,,,,,
2026,2021039110,2026-07-10,1800095,田宮 裕涼,,64,捕,8,1.0,1.0,4.0,4.0,0.0,2.0,0.0,0.0,0.0,0.0,0.0,,0.0,0.0,0.0,0.0,0.0,0.0,,,,,,,,,,,,,,,,,,,,,,
2026,2021039110,2026-07-10,1800110,水谷 瞬,,53,左,8,1.0,1.0,3.0,3.0,0.0,0.0,0.0,0.0,0.0,0.0,0.0,,0.0,0.0,0.0,0.0,0.0,0.0,,,,,,,,,,,,,,,,,,,,,,
2026,2021039110,2026-07-10,1850932,奈良間 大己,,58,二,8,1.0,0.0,2.0,2.0,1.0,1.0,0.0,0.0,0.0,0.0,0.0,,0.0,0.0,0.0,0.0,0.0,0.0,,,,,,,,,,,,,,,,,,,,,,
2026,2021039110,2026-07-10,1851204,水野 達稀,,43,遊,8,1.0,1.0,5.0,4.0,0.0,0.0,0.0,0.0,0.0,0.0,0.0,,0.0,0.0,0.0,1.0,0.0,0.0,,,,,,,,,,,,,,,,,,,,,,
2026,2021039110,2026-07-10,1860140,レイエス,,99,指,8,1.0,1.0,4.0,3.0,1.0,2.0,0.0,0.0,0.0,0.0,0.0,,1.0,0.0,0.0,0.0,0.0,0.0,,,,,,,,,,,,,,,,,,,,,,
2026,2021039110,2026-07-10,1900081,佐藤 都志也,,32,捕,9,1.0,1.0,4.0,4.0,0.0,2.0,0.0,0.0,0.0,1.0,0.0,,0.0,2.0,0.0,0.0,0.0,0.0,,,,,,,,,,,,,,,,,,,,,,
2026,2021039110,2026-07-10,1950193,宮崎 一樹,,36,打左,8,1.0,0.0,1.0,1.0,0.0,0.0,0.0,0.0,0.0,0.0,0.0,,0.0,0.0,0.0,0.0,0.0,0.0,,,,,,,,,,,,,,,,,,,,,,
2026,2021039110,2026-07-10,1950286,西川 史礁,,6,左,9,1.0,1.0,4.0,3.0,1.0,1.0,1.0,0.0,0.0,0.0,0.0,,1.0,0.0,0.0,0.0,0.0,0.0,,,,,,,,,,,,,,,,,,,,,,
2026,2021039110,2026-07-10,2000080,五十幡 亮汰,,50,中,8,1.0,0.0,0.0,0.0,0.0,0.0,0.0,0.0,0.0,0.0,0.0,,0.0,0.0,0.0,0.0,0.0,0.0,,,,,,,,,,,,,,,,,,,,,,
2026,2021039110,2026-07-10,2000082,細川 凌平,,56,二中左,8,1.0,1.0,3.0,3.0,0.0,1.0,0.0,0.0,0.0,0.0,0.0,,0.0,0.0,0.0,0.0,0.0,0.0,,,,,,,,,,,,,,,,,,,,,,
2026,2021039110,2026-07-10,2000088,中森 俊介,Nakamori Shunsuke,56,,9,,,,,,,,,,,,,,,,,,,4.0,1.0,0.0,1.0,0.0,0.5,1.0,1.0,,,1.0,1.0,0.0,0.0,0.0,,0.0,0.0,0.0,,4.0,11.0
2026,2021039110,2026-07-10,2000089,小川 龍成,,57,二,9,1.0,1.0,4.0,4.0,0.0,1.0,0.0,0.0,0.0,0.0,0.0,,0.0,1.0,0.0,0.0,0.0,0.0,,,,,,,,,,,,,,,,,,,,,,
2026,2021039110,2026-07-10,2000090,河村 説人,Kawamura Setsunin,58,,9,,,,,,,,,,,,,,,,,,,1.0,1.0,,1.0,1.0,3.13,5.0,5.0,,,0.0,6.0,1.0,1.0,1.0,,2.0,0.0,0.0,,22.0,82.0
2026,2021039110,2026-07-10,2050307,達 孝太,Tooru Kouta,16,,8,,,,,,,,,,,,,,,,,,,5.0,1.0,0.0,2.0,6.0,3.65,1.0,1.0,,,2.0,0.0,0.0,0.0,0.0,,0.0,1.0,0.0,,3.0,10.0
2026,2021039110,2026-07-10,2102926,寺地 隆成,,65,三,9,1.0,1.0,3.0,3.0,0.0,0.0,0.0,0.0,0.0,0.0,0.0,,0.0,1.0,0.0,0.0,0.0,0.0,,,,,,,,,,,,,,,,,,,,,,
2026,2021039110,2026-07-10,2103635,柳川 大晟,Yanagawadai Akira,47,,8,,,,,,,,,,,,,,,,,,,4.0,1.0,0.0,2.0,0.0,2.48,1.0,1.0,,,19.0,0.0,0.0,0.0,0.0,,1.0,0.0,0.0,,3.0,16.0
2026,2021039110,2026-07-10,2103693,池田 来翔,,0,三,9,1.0,0.0,1.0,1.0,0.0,0.0,0.0,0.0,0.0,0.0,0.0,,0.0,1.0,0.0,0.0,0.0,0.0,,,,,,,,,,,,,,,,,,,,,,
2026,2021039110,2026-07-10,2106798,友杉 篤輝,,4,遊,9,1.0,1.0,4.0,4.0,0.0,2.0,0.0,0.0,0.0,1.0,0.0,,0.0,0.0,0.0,0.0,0.0,0.0,,,,,,,,,,,,,,,,,,,,,,
2026,2021039110,2026-07-10,2107900,吉田 賢吾,,60,中左,8,1.0,1.0,4.0,4.0,2.0,2.0,0.0,0.0,2.0,2.0,0.0,,0.0,1.0,0.0,0.0,0.0,0.0,,,,,,,,,,,,,,,,,,,,,,
2026,2021039110,2026-07-10,2114529,山縣 秀,,54,三,8,1.0,0.0,1.0,1.0,0.0,1.0,0.0,0.0,0.0,0.0,0.0,,0.0,0.0,0.0,0.0,0.0,0.0,,,,,,,,,,,,,,,,,,,,,,
2026,2021039111,2026-07-07,1000128,柳田 悠岐,,9,指,12,1.0,1.0,4.0,3.0,0.0,0.0,0.0,0.0,0.0,0.0,0.0,,1.0,1.0,0.0,0.0,0.0,0.0,,,,,,,,,,,,,,,,,,,,,,
2026,2021039111,2026-07-07,1100097,近藤 健介,,3,左,12,1.0,1.0,4.0,3.0,0.0,1.0,0.0,0.0,0.0,0.0,0.0,,1.0,2.0,0.0,0.0,0.0,0.0,,,,,,,,,,,,,,,,,,,,,,
2026,2021039111,2026-07-07,1300058,九里 亜蓮,Kyuu Ri ARen,22,,11,,,,,,,,,,,,,,,,,,,1.0,1.0,,6.0,5.0,3.03,7.0,7.0,,,0.0,7.0,2.0,2.0,0.0,,4.0,6.0,0.0,,29.0,111.0
2026,2021039111,2026-07-07,1300109,若月 健矢,,2,捕,11,1.0,1.0,4.0,4.0,0.0,2.0,1.0,0.0,0.0,0.0,0.0,,0.0,0.0,0.0,0.0,0.0,0.0,,,,,,,,,,,,,,,,,,,,,,
2026,2021039111,2026-07-07,1400127,栗原 陵矢,,24,三,12,1.0,1.0,4.0,3.0,1.0,0.0,0.0,0.0,0.0,0.0,0.0,,1.0,0.0,0.0,0.0,0.0,0.0,,,,,,,,,,,,,,,,,,,,,,
2026,2021039111,2026-07-07,1400196,宗 佑磨,,6,三,11,1.0,1.0,5.0,5.0,1.0,2.0,1.0,0.0,1.0,2.0,0.0,,0.0,1.0,0.0,0.0,0.0,0.0,,,,,,,,,,,,,,,,,,,,,,
2026,2021039111,2026-07-07,1500096,西川 龍馬,,7,指,11,1.0,1.0,5.0,5.0,0.0,2.0,0.0,0.0,0.0,0.0,0.0,,0.0,1.0,0.0,0.0,0.0,0.0,,,,,,,,,,,,,,,,,,,,,,
2026,2021039111,2026-07-07,1500112,平沼 翔太,,61,打一,11,1.0,0.0,2.0,2.0,0.0,1.0,0.0,0.0,0.0,0.0,0.0,,0.0,0.0,0.0,0.0,0.0,0.0,,,,,,,,,,,,,,,,,,,,,,
2026,2021039111,2026-07-07,1500140,谷川原 健太,,45,右,12,1.0,0.0,1.0,1.0,0.0,0.0,0.0,0.0,0.0,0.0,0.0,,0.0,0.0,0.0,0.0,0.0,0.0,,,,,,,,,,,,,,,,,,,,,,
2026,2021039111,2026-07-07,1500143,川瀬 晃,,0,遊,12,1.0,1.0,4.0,3.0,1.0,0.0,0.0,0.0,0.0,0.0,0.0,,1.0,0.0,0.0,0.0,0.0,0.0,,,,,,,,,,,,,,,,,,,,,,
2026,2021039111,2026-07-07,1560184,オスナ,Osu na,54,,12,,,,,,,,,,,,,,,,,,,2.0,1.0,0.0,0.0,1.0,1.0,1.0,1.0,,,0.0,1.0,1.0,1.0,1.0,,0.0,1.0,0.0,,4.0,17.0
2026,2021039111,2026-07-07,1600155,山崎 颯一郎,Yamazaki Sai Ichirou,21,,11,,,,,,,,,,,,,,,,,,,2.0,1.0,0.0,1.0,3.0,2.32,1.0,1.0,,,0.0,0.0,0.0,0.0,0.0,,1.0,1.0,0.0,,4.0,17.0
2026,2021039111,2026-07-07,1650221,椋木 蓮,Mukunoki Ren,15,,11,,,,,,,,,,,,,,,,,,,4.0,1.0,0.0,2.0,2.0,2.48,1.0,1.0,,,1.0,0.0,0.0,0.0,0.0,,0.0,0.0,0.0,,3.0,12.0
2026,2021039111,2026-07-07,1650813,川村 友斗,,61,左,12,1.0,0.0,0.0,0.0,0.0,0.0,0.0,0.0,0.0,0.0,0.0,,0.0,0.0,0.0,0.0,0.0,0.0,,,,,,,,,,,,,,,,,,,,,,
2026,2021039111,2026-07-07,1700135,周東 佑京,,23,中,12,1.0,1.0,5.0,5.0,0.0,0.0,0.0,0.0,0.0,0.0,0.0,,0.0,1.0,0.0,0.0,0.0,0.0,,,,,,,,,,,,,,,,,,,,,,
2026,2021039111,2026-07-07,1750667,山中 稜真,,50,左一,11,1.0,1.0,5.0,5.0,0.0,1.0,0.0,0.0,0.0,0.0,0.0,,0.0,2.0,0.0,0.0,0.0,0.0,,,,,,,,,,,,,,,,,,,,,,
2026,2021039111,2026-07-07,1800098,太田 椋,,1,二,11,1.0,1.0,5.0,4.0,1.0,1.0,0.0,0.0,0.0,0.0,0.0,,1.0,0.0,0.0,0.0,0.0,0.0,,,,,,,,,,,,,,,,,,,,,,
2026,2021039111,2026-07-07,1800104,中川 圭太,,67,中左,11,1.0,1.0,5.0,5.0,0.0,0.0,0.0,0.0,0.0,0.0,0.0,,0.0,0.0,0.0,0.0,0.0,0.0,,,,,,,,,,,,,,,,,,,,,,
2026,2021039111,2026-07-07,1800107,杉山 一樹,Sugiyama Kazuki,40,,12,,,,,,,,,,,,,,,,,,,4.0,1.0,0.0,0.0,2.0,2.77,0.3333333333333333,0.1,,,16.0,2.0,1.0,1.0,0.0,,1.0,1.0,0.0,,4.0,13.0
2026,2021039111,2026-07-07,1900088,紅林 弘太郎,,24,遊,11,1.0,1.0,5.0,4.0,1.0,1.0,0.0,0.0,1.0,1.0,0.0,,1.0,1.0,0.0,0.0,0.0,0.0,,,,,,,,,,,,,,,,,,,,,,
2026,2021039111,2026-07-07,1900101,海野 隆司,,62,捕,12,1.0,1.0,4.0,4.0,0.0,2.0,0.0,0.0,0.0,0.0,0.0,,0.0,0.0,0.0,0.0,0.0,0.0,,,,,,,,,,,,,,,,,,,,,,
2026,2021039111,2026-07-07,1900102,津森 宥紀,Tsumori ??,11,,12,,,,,,,,,,,,,,,,,,,3.0,1.0,0.0,2.0,0.0,1.46,1.0,1.0,,,0.0,1.0,0.0,0.0,0.0,,0.0,1.0,0.0,,4.0,18.0
2026,2021039111,2026-07-07,1900104,柳町 達,,32,右,12,1.0,1.0,4.0,4.0,0.0,2.0,0.0,0.0,0.0,1.0,0.0,,0.0,1.0,0.0,0.0,0.0,0.0,,,,,,,,,,,,,,,,,,,,,,
2026,2021039111,2026-07-07,1950149,庄子 雄大,,25,二,12,1.0,1.0,4.0,3.0,0.0,1.0,0.0,0.0,0.0,1.0,1.0,,0.0,0.0,0.0,1.0,0.0,0.0,,,,,,,,,,,,,,,,,,,,,,
2026,2021039111,2026-07-07,1961416,マチャド,Machado,42,,11,,,,,,,,,,,,,,,,,,,3.0,1.0,0.0,1.0,0.0,1.17,1.0,1.0,,,20.0,0.0,0.0,0.0,0.0,,0.0,0.0,0.0,,3.0,16.0
2026,2021039111,2026-07-07,2000098,来田 涼斗,,38,右,11,1.0,1.0,4.0,3.0,0.0,2.0,0.0,0.0,0.0,0.0,0.0,,0.0,0.0,0.0,1.0,0.0,0.0,,,,,,,,,,,,,,,,,,,,,,
2026,2021039111,2026-07-07,2101257,ダウンズ,,4,走指,12,1.0,0.0,0.0,0.0,0.0,0.0,0.0,0.0,0.0,0.0,0.0,,0.0,0.0,0.0,0.0,0.0,0.0,,,,,,,,,,,,,,,,,,,,,,
2026,2021039111,2026-07-07,2103735,正木 智也,,31,一,12,1.0,1.0,5.0,4.0,0.0,1.0,0.0,0.0,0.0,0.0,0.0,,1.0,2.0,0.0,0.0,0.0,0.0,,,,,,,,,,,,,,,,,,,,,,
2026,2021039111,2026-07-07,2103747,渡部 遼人,,0,走中,11,1.0,0.0,0.0,0.0,0.0,0.0,0.0,0.0,0.0,0.0,0.0,,0.0,0.0,0.0,0.0,0.0,0.0,,,,,,,,,,,,,,,,,,,,,,
2026,2021039111,2026-07-07,2104078,前田 悠伍,Maeda Yuu Go,41,,12,,,,,,,,,,,,,,,,,,,1.0,1.0,,6.0,0.0,1.76,7.0,7.0,,,0.0,8.0,1.0,1.0,1.0,,1.0,4.0,0.0,,30.0,108.0
2026,2021039111,2026-07-07,2117200,シーモア,,45,一,11,1.0,1.0,2.0,2.0,0.0,0.0,0.0,0.0,0.0,0.0,0.0,,0.0,2.0,0.0,0.0,0.0,0.0,,,,,,,,,,,,,,,,,,,,,,
2026,2021039112,2026-07-11,800043,丸 佳浩,,8,打,1,1.0,0.0,1.0,1.0,0.0,0.0,0.0,0.0,0.0,0.0,0.0,,0.0,1.0,0.0,0.0,0.0,0.0,,,,,,,,,,,,,,,,,,,,,,
2026,2021039112,2026-07-11,1100095,松本 剛,,9,左,1,1.0,1.0,3.0,2.0,0.0,0.0,0.0,0.0,0.0,0.0,0.0,,0.0,1.0,0.0,1.0,0.0,0.0,,,,,,,,,,,,,,,,,,,,,,
2026,2021039112,2026-07-11,1200117,則本 昂大,Nori Moto Koudai,43,投,1,1.0,1.0,1.0,1.0,0.0,0.0,0.0,0.0,0.0,0.0,0.0,,0.0,1.0,0.0,0.0,0.0,0.0,1.0,1.0,,2.0,4.0,4.94,5.0,5.0,,,0.0,10.0,8.0,8.0,1.0,,2.0,3.0,1.0,,26.0,95.0
2026,2021039112,2026-07-11,1300027,小林 誠司,,22,捕,1,1.0,1.0,1.0,1.0,0.0,0.0,0.0,0.0,0.0,0.0,0.0,,0.0,1.0,0.0,0.0,0.0,0.0,,,,,,,,,,,,,,,,,,,,,,
2026,2021039112,2026-07-11,1300073,梅野 隆太郎,,2,捕,5,1.0,1.0,5.0,5.0,0.0,0.0,0.0,0.0,0.0,0.0,0.0,,0.0,1.0,0.0,0.0,0.0,0.0,,,,,,,,,,,,,,,,,,,,,,
2026,2021039112,2026-07-11,1400172,植田 海,,62,走二,5,1.0,0.0,0.0,0.0,0.0,0.0,0.0,0.0,0.0,0.0,0.0,,0.0,0.0,0.0,0.0,0.0,0.0,,,,,,,,,,,,,,,,,,,,,,
2026,2021039112,2026-07-11,1561820,ダルベック,,29,三,1,1.0,1.0,4.0,3.0,0.0,2.0,0.0,0.0,0.0,0.0,0.0,,1.0,0.0,0.0,0.0,0.0,0.0,,,,,,,,,,,,,,,,,,,,,,
2026,2021039112,2026-07-11,1600100,高梨 雄平,Takanashi Yuuhei,53,投,1,1.0,0.0,0.0,0.0,0.0,0.0,0.0,0.0,0.0,0.0,0.0,,0.0,0.0,0.0,0.0,0.0,0.0,2.0,1.0,0.0,1.0,0.0,3.0,1.0,1.0,,,0.0,1.0,2.0,2.0,1.0,,1.0,1.0,0.0,,5.0,27.0
2026,2021039112,2026-07-11,1600113,大山 悠輔,,3,一,5,1.0,1.0,5.0,4.0,1.0,2.0,0.0,0.0,0.0,4.0,0.0,,1.0,0.0,0.0,0.0,0.0,0.0,,,,,,,,,,,,,,,,,,,,,,
2026,2021039112,2026-07-11,1700043,岸田 行倫,,27,打捕,1,1.0,0.0,3.0,3.0,0.0,1.0,0.0,0.0,0.0,0.0,0.0,,0.0,0.0,0.0,0.0,0.0,0.0,,,,,,,,,,,,,,,,,,,,,,
2026,2021039112,2026-07-11,1700079,熊谷 敬宥,,4,遊,5,1.0,1.0,5.0,5.0,1.0,2.0,1.0,0.0,0.0,0.0,0.0,,0.0,1.0,0.0,0.0,0.0,0.0,,,,,,,,,,,,,,,,,,,,,,
2026,2021039112,2026-07-11,1750087,山田 龍聖,Yamada Ryuu Kiyoshi,64,投,1,1.0,0.0,0.0,0.0,0.0,0.0,0.0,0.0,0.0,0.0,0.0,,0.0,0.0,0.0,0.0,0.0,0.0,5.0,1.0,0.0,0.0,0.0,0.0,1.0,1.0,,,0.0,0.0,0.0,0.0,0.0,,2.0,1.0,0.0,,5.0,21.0
2026,2021039112,2026-07-11,1750321,泉口 友汰,,35,遊,1,1.0,1.0,3.0,1.0,0.0,0.0,0.0,0.0,0.0,1.0,0.0,,1.0,0.0,0.0,0.0,1.0,0.0,,,,,,,,,,,,,,,,,,,,,,
2026,2021039112,2026-07-11,1800036,濱田 太貴,,32,打,5,1.0,0.0,1.0,0.0,0.0,0.0,0.0,0.0,0.0,0.0,0.0,,1.0,0.0,0.0,0.0,0.0,0.0,,,,,,,,,,,,,,,,,,,,,,
2026,2021039112,2026-07-11,1800067,木浪 聖也,,0,三,5,1.0,0.0,0.0,0.0,0.0,0.0,0.0,0.0,0.0,0.0,0.0,,0.0,0.0,0.0,0.0,0.0,0.0,,,,,,,,,,,,,,,,,,,,,,
2026,2021039112,2026-07-11,1850183,森下 翔太,,1,右,5,1.0,1.0,5.0,3.0,3.0,1.0,0.0,0.0,1.0,2.0,0.0,,1.0,1.0,1.0,0.0,0.0,0.0,,,,,,,,,,,,,,,,,,,,,,
2026,2021039112,2026-07-11,1850363,伊原 陵人,Ihara Ryounin,18,投,5,1.0,1.0,3.0,3.0,0.0,0.0,0.0,0.0,0.0,0.0,0.0,,0.0,3.0,0.0,0.0,0.0,0.0,1.0,1.0,,3.0,0.0,3.57,5.333333333333333,5.1,,,0.0,4.0,1.0,1.0,0.0,,3.0,6.0,0.0,,23.0,106.0
2026,2021039112,2026-07-11,1900016,堀田 賢慎,Hotta Ken Makoto,91,投,1,1.0,0.0,0.0,0.0,0.0,0.0,0.0,0.0,0.0,0.0,0.0,,0.0,0.0,0.0,0.0,0.0,0.0,3.0,1.0,0.0,1.0,0.0,0.54,1.0,1.0,,,0.0,0.0,0.0,0.0,0.0,,0.0,0.0,0.0,,3.0,12.0
2026,2021039112,2026-07-11,1950996,前川 右京,,58,左,5,1.0,1.0,4.0,4.0,1.0,1.0,0.0,0.0,1.0,2.0,0.0,,0.0,0.0,0.0,0.0,0.0,0.0,,,,,,,,,,,,,,,,,,,,,,
2026,2021039112,2026-07-11,1951153,浦田 俊輔,,32,二遊,1,1.0,1.0,5.0,5.0,1.0,2.0,0.0,0.0,0.0,1.0,0.0,,0.0,1.0,0.0,0.0,0.0,0.0,,,,,,,,,,,,,,,,,,,,,,
2026,2021039112,2026-07-11,2000027,元山 飛優,,0,打二一,5,1.0,0.0,1.0,1.0,0.0,0.0,0.0,0.0,0.0,0.0,0.0,,0.0,0.0,0.0,0.0,0.0,0.0,,,,,,,,,,,,,,,,,,,,,,
2026,2021039112,2026-07-11,2000051,佐藤 輝明,,8,三,5,1.0,1.0,5.0,4.0,2.0,2.0,2.0,0.0,0.0,1.0,0.0,,1.0,0.0,0.0,0.0,0.0,0.0,,,,,,,,,,,,,,,,,,,,,,
2026,2021039112,2026-07-11,2000056,中野 拓夢,,7,二,5,1.0,1.0,4.0,3.0,2.0,2.0,0.0,0.0,0.0,0.0,0.0,,1.0,0.0,0.0,0.0,0.0,0.0,,,,,,,,,,,,,,,,,,,,,,
2026,2021039112,2026-07-11,2000057,高寺 望夢,,67,中,5,1.0,1.0,5.0,4.0,0.0,1.0,0.0,0.0,0.0,1.0,0.0,,0.0,0.0,1.0,0.0,0.0,0.0,,,,,,,,,,,,,,,,,,,,,,
2026,2021039112,2026-07-11,2100225,笹原 操希,,95,打右左,1,1.0,0.0,3.0,3.0,1.0,1.0,1.0,0.0,0.0,0.0,0.0,,0.0,0.0,0.0,0.0,0.0,0.0,,,,,,,,,,,,,,,,,,,,,,
2026,2021039112,2026-07-11,2100531,ティマ,,50,一,1,1.0,1.0,4.0,4.0,0.0,0.0,0.0,0.0,0.0,0.0,0.0,,0.0,2.0,0.0,0.0,0.0,0.0,,,,,,,,,,,,,,,,,,,,,,
2026,2021039112,2026-07-11,2103888,知念 大成,,94,右,1,1.0,0.0,2.0,2.0,0.0,1.0,0.0,0.0,0.0,0.0,0.0,,0.0,0.0,0.0,0.0,0.0,0.0,,,,,,,,,,,,,,,,,,,,,,
2026,2021039112,2026-07-11,2104016,門別 啓人,Monbetsu Keinin,30,投,5,1.0,0.0,0.0,0.0,0.0,0.0,0.0,0.0,0.0,0.0,0.0,,0.0,0.0,0.0,0.0,0.0,0.0,3.0,1.0,0.0,0.0,1.0,4.15,1.0,1.0,,,0.0,1.0,0.0,0.0,0.0,,0.0,0.0,0.0,,4.0,14.0
2026,2021039112,2026-07-11,2106178,佐々木 俊輔,,44,右左中,1,1.0,1.0,4.0,3.0,0.0,0.0,0.0,0.0,0.0,0.0,0.0,,1.0,1.0,0.0,0.0,0.0,0.0,,,,,,,,,,,,,,,,,,,,,,
2026,2021039112,2026-07-11,2107874,門脇 誠,,5,遊二,1,1.0,0.0,1.0,1.0,0.0,0.0,0.0,0.0,0.0,0.0,0.0,,0.0,0.0,0.0,0.0,0.0,0.0,,,,,,,,,,,,,,,,,,,,,,
2026,2021039112,2026-07-11,2109682,今朝丸 裕喜,Kesamaru Hiroki,28,投,5,1.0,0.0,0.0,0.0,0.0,0.0,0.0,0.0,0.0,0.0,0.0,,0.0,0.0,0.0,0.0,0.0,0.0,5.0,1.0,0.0,0.0,0.0,2.25,1.0,1.0,,,0.0,2.0,1.0,1.0,0.0,,0.0,0.0,0.0,,5.0,15.0
2026,2021039112,2026-07-11,2110225,福島 圭音,,92,左,5,1.0,0.0,1.0,1.0,0.0,1.0,0.0,0.0,0.0,0.0,0.0,,0.0,0.0,0.0,0.0,0.0,0.0,,,,,,,,,,,,,,,,,,,,,,
2026,2021039112,2026-07-11,2112141,津田 淳哉,Tsuda Jun'Ya,66,投,5,1.0,0.0,0.0,0.0,0.0,0.0,0.0,0.0,0.0,0.0,0.0,,0.0,0.0,0.0,0.0,0.0,0.0,4.0,1.0,0.0,0.0,0.0,0.0,1.0,1.0,,,0.0,0.0,0.0,0.0,0.0,,0.0,1.0,0.0,,3.0,8.0
2026,2021039112,2026-07-11,2112444,木下 里都,Kinoshita Sato To,54,投,5,1.0,0.0,0.0,0.0,0.0,0.0,0.0,0.0,0.0,0.0,0.0,,0.0,0.0,0.0,0.0,0.0,0.0,2.0,1.0,0.0,0.0,1.0,2.95,0.6666666666666666,0.2,,,0.0,0.0,0.0,0.0,0.0,,1.0,1.0,0.0,,3.0,12.0
2026,2021039112,2026-07-11,2118291,田和 廉,Tawa Ren,30,投,1,1.0,0.0,0.0,0.0,0.0,0.0,0.0,0.0,0.0,0.0,0.0,,0.0,0.0,0.0,0.0,0.0,0.0,4.0,1.0,0.0,0.0,0.0,1.42,1.0,1.0,,,0.0,1.0,0.0,0.0,0.0,,0.0,1.0,1.0,,5.0,16.0
2026,2021039112,2026-07-11,2118420,キャベッジ,,13,中,1,1.0,1.0,3.0,2.0,0.0,0.0,0.0,0.0,0.0,0.0,0.0,,1.0,0.0,0.0,0.0,0.0,0.0,,,,,,,,,,,,,,,,,,,,,,
2026,2021039113,2026-07-12,1000002,筒香 嘉智,,25,三,3,1.0,1.0,4.0,3.0,0.0,0.0,0.0,0.0,0.0,0.0,0.0,,1.0,3.0,0.0,0.0,0.0,0.0,,,,,,,,,,,,,,,,,,,,,,
2026,2021039113,2026-07-12,1100069,高橋 周平,,3,三,4,1.0,1.0,4.0,4.0,1.0,2.0,1.0,0.0,0.0,0.0,0.0,,0.0,1.0,0.0,0.0,0.0,0.0,,,,,,,,,,,,,,,,,,,,,,
2026,2021039113,2026-07-12,1300031,平良 拳太郎,Taira Ken Tarou,59,投,3,1.0,1.0,1.0,1.0,0.0,0.0,0.0,0.0,0.0,0.0,0.0,,0.0,1.0,0.0,0.0,0.0,0.0,1.0,1.0,,2.0,5.0,4.04,5.666666666666667,5.2,,,0.0,6.0,2.0,2.0,0.0,,0.0,6.0,0.0,,23.0,95.0
2026,2021039113,2026-07-12,1400199,齋藤 綱記,Saitou Tsunaki,59,投,4,1.0,0.0,0.0,0.0,0.0,0.0,0.0,0.0,0.0,0.0,0.0,,0.0,0.0,0.0,0.0,0.0,0.0,3.0,1.0,0.0,2.0,2.0,3.16,1.0,1.0,,,0.0,0.0,0.0,0.0,0.0,,0.0,1.0,0.0,,3.0,11.0
2026,2021039113,2026-07-12,1500050,山本 泰寛,,60,打,4,1.0,0.0,1.0,1.0,0.0,0.0,0.0,0.0,0.0,0.0,0.0,,0.0,0.0,0.0,0.0,0.0,0.0,,,,,,,,,,,,,,,,,,,,,,
2026,2021039113,2026-07-12,1500091,板山 祐太郎,,63,二右,4,1.0,1.0,4.0,4.0,0.0,1.0,0.0,0.0,0.0,1.0,0.0,,0.0,2.0,0.0,0.0,0.0,0.0,,,,,,,,,,,,,,,,,,,,,,
2026,2021039113,2026-07-12,1561854,サノー,,23,一,4,1.0,1.0,4.0,4.0,1.0,2.0,0.0,0.0,1.0,2.0,0.0,,0.0,2.0,0.0,0.0,0.0,0.0,,,,,,,,,,,,,,,,,,,,,,
2026,2021039113,2026-07-12,1600085,細川 成也,,55,左,4,1.0,1.0,4.0,4.0,0.0,2.0,1.0,0.0,0.0,1.0,0.0,,0.0,0.0,0.0,0.0,0.0,0.0,,,,,,,,,,,,,,,,,,,,,,
2026,2021039113,2026-07-12,1600089,佐野 恵太,,7,一,3,1.0,1.0,4.0,4.0,0.0,0.0,0.0,0.0,0.0,0.0,0.0,,0.0,1.0,0.0,0.0,0.0,0.0,,,,,,,,,,,,,,,,,,,,,,
2026,2021039113,2026-07-12,1600106,柳 裕也,Ryuu Yuuya,17,投,4,1.0,1.0,2.0,2.0,0.0,0.0,0.0,0.0,0.0,0.0,0.0,,0.0,1.0,0.0,0.0,0.0,0.0,1.0,1.0,,4.0,2.0,2.49,5.333333333333333,5.1,,,0.0,5.0,3.0,3.0,1.0,,1.0,4.0,0.0,,21.0,75.0
2026,2021039113,2026-07-12,1600110,藤嶋 健人,Fujishima Taketo,54,投,4,1.0,0.0,0.0,0.0,0.0,0.0,0.0,0.0,0.0,0.0,0.0,,0.0,0.0,0.0,0.0,0.0,0.0,2.0,1.0,0.0,2.0,2.0,1.8,0.6666666666666666,0.2,,,0.0,2.0,0.0,0.0,0.0,,0.0,0.0,0.0,,4.0,13.0
2026,2021039113,2026-07-12,1700067,中川 虎大,Nakagawa Toradai,64,投,3,1.0,0.0,0.0,0.0,0.0,0.0,0.0,0.0,0.0,0.0,0.0,,0.0,0.0,0.0,0.0,0.0,0.0,4.0,1.0,0.0,4.0,3.0,2.12,1.0,1.0,,,0.0,2.0,2.0,2.0,1.0,,0.0,2.0,0.0,,5.0,18.0
2026,2021039113,2026-07-12,1750223,村松 開人,,5,遊,4,1.0,1.0,4.0,3.0,0.0,0.0,0.0,0.0,0.0,0.0,0.0,,1.0,1.0,0.0,0.0,0.0,0.0,,,,,,,,,,,,,,,,,,,,,,
2026,2021039113,2026-07-12,1750701,田中 幹也,,2,走二,4,1.0,0.0,0.0,0.0,1.0,0.0,0.0,0.0,0.0,0.0,0.0,,0.0,0.0,0.0,0.0,0.0,0.0,,,,,,,,,,,,,,,,,,,,,,
2026,2021039113,2026-07-12,1800046,勝又 温史,,28,左,3,1.0,1.0,3.0,3.0,0.0,1.0,0.0,0.0,0.0,0.0,0.0,,0.0,0.0,0.0,0.0,0.0,0.0,,,,,,,,,,,,,,,,,,,,,,
2026,2021039113,2026-07-12,1800049,宮城 滝太,Miyagi Taki Futoshi,65,投,3,1.0,0.0,0.0,0.0,0.0,0.0,0.0,0.0,0.0,0.0,0.0,,0.0,0.0,0.0,0.0,0.0,0.0,5.0,1.0,0.0,0.0,1.0,2.49,1.0,1.0,,,0.0,0.0,0.0,0.0,0.0,,0.0,2.0,0.0,,3.0,13.0
2026,2021039113,2026-07-12,1850873,度会 隆輝,,4,打左,3,1.0,0.0,2.0,2.0,1.0,1.0,1.0,0.0,0.0,0.0,0.0,,0.0,0.0,0.0,0.0,0.0,0.0,,,,,,,,,,,,,,,,,,,,,,
2026,2021039113,2026-07-12,1860235,ルイーズ,Ruiizu,49,投,3,1.0,0.0,0.0,0.0,0.0,0.0,0.0,0.0,0.0,0.0,0.0,,0.0,0.0,0.0,0.0,0.0,0.0,2.0,1.0,0.0,1.0,0.0,3.55,0.3333333333333333,0.1,,,0.0,0.0,0.0,0.0,0.0,,0.0,0.0,0.0,,1.0,2.0
2026,2021039113,2026-07-12,1900032,伊勢 大夢,Ise Taimu,13,投,3,1.0,0.0,0.0,0.0,0.0,0.0,0.0,0.0,0.0,0.0,0.0,,0.0,0.0,0.0,0.0,0.0,0.0,3.0,1.0,0.0,2.0,1.0,3.18,1.0,1.0,,,0.0,1.0,0.0,0.0,0.0,,1.0,0.0,0.0,,5.0,21.0
2026,2021039113,2026-07-12,1900037,石川 昂弥,,25,三,4,1.0,0.0,1.0,1.0,0.0,0.0,0.0,0.0,0.0,0.0,0.0,,0.0,0.0,0.0,0.0,0.0,0.0,,,,,,,,,,,,,,,,,,,,,,
2026,2021039113,2026-07-12,1900041,岡林 勇希,,1,中,4,1.0,1.0,5.0,5.0,1.0,1.0,0.0,0.0,0.0,0.0,0.0,,0.0,1.0,0.0,0.0,0.0,0.0,,,,,,,,,,,,,,,,,,,,,,
2026,2021039113,2026-07-12,1961300,ボスラー,,24,右,4,1.0,1.0,4.0,4.0,0.0,0.0,0.0,0.0,0.0,0.0,0.0,,0.0,1.0,0.0,0.0,0.0,0.0,,,,,,,,,,,,,,,,,,,,,,
2026,2021039113,2026-07-12,2000035,牧 秀悟,,2,二,3,1.0,1.0,4.0,4.0,2.0,2.0,0.0,0.0,1.0,1.0,0.0,,0.0,0.0,0.0,0.0,0.0,0.0,,,,,,,,,,,,,,,,,,,,,,
2026,2021039113,2026-07-12,2100014,宮下 朝陽,,34,打,3,1.0,0.0,1.0,1.0,0.0,0.0,0.0,0.0,0.0,0.0,0.0,,0.0,0.0,0.0,0.0,0.0,0.0,,,,,,,,,,,,,,,,,,,,,,
2026,2021039113,2026-07-12,2100277,松尾 汐恩,,5,捕,3,1.0,1.0,4.0,4.0,0.0,1.0,0.0,0.0,0.0,0.0,0.0,,0.0,1.0,0.0,0.0,0.0,0.0,,,,,,,,,,,,,,,,,,,,,,
2026,2021039113,2026-07-12,2103703,梶原 昂希,,58,中,3,1.0,1.0,4.0,4.0,0.0,0.0,0.0,0.0,0.0,0.0,0.0,,0.0,1.0,0.0,0.0,0.0,0.0,,,,,,,,,,,,,,,,,,,,,,
2026,2021039113,2026-07-12,2105102,石伊 雄太,,9,捕,4,1.0,1.0,4.0,4.0,0.0,1.0,1.0,0.0,0.0,0.0,0.0,,0.0,1.0,0.0,0.0,0.0,0.0,,,,,,,,,,,,,,,,,,,,,,
2026,2021039113,2026-07-12,2105295,吉田 聖弥,Yoshida Kiyoshi Wataru,47,投,4,1.0,0.0,0.0,0.0,0.0,0.0,0.0,0.0,0.0,0.0,0.0,,0.0,0.0,0.0,0.0,0.0,0.0,4.0,1.0,0.0,0.0,1.0,0.7,1.0,1.0,,,0.0,0.0,0.0,0.0,0.0,,0.0,2.0,0.0,,3.0,14.0
2026,2021039113,2026-07-12,2107869,松山 晋也,Matsuyama Shin'Ya,90,投,4,1.0,0.0,0.0,0.0,0.0,0.0,0.0,0.0,0.0,0.0,0.0,,0.0,0.0,0.0,0.0,0.0,0.0,5.0,1.0,0.0,1.0,2.0,1.59,1.0,1.0,,,16.0,0.0,0.0,0.0,0.0,,0.0,2.0,0.0,,3.0,14.0
2026,2021039113,2026-07-12,2108195,エンカーナシオン,,69,右,3,1.0,1.0,4.0,4.0,0.0,2.0,0.0,0.0,0.0,2.0,0.0,,0.0,1.0,0.0,0.0,0.0,0.0,,,,,,,,,,,,,,,,,,,,,,
2026,2021039113,2026-07-12,2112189,石上 泰輝,,44,遊,3,1.0,1.0,3.0,3.0,0.0,0.0,0.0,0.0,0.0,0.0,0.0,,0.0,1.0,0.0,0.0,0.0,0.0,,,,,,,,,,,,,,,,,,,,,,
2026,2021039114,2026-07-02,1000150,秋山 翔吾,,9,打,6,1.0,0.0,1.0,1.0,0.0,0.0,0.0,0.0,0.0,0.0,0.0,,0.0,0.0,0.0,0.0,0.0,0.0,,,,,,,,,,,,,,,,,,,,,,
2026,2021039114,2026-07-02,1100082,菊池 涼介,,33,打,6,1.0,0.0,1.0,1.0,0.0,0.0,0.0,0.0,0.0,0.0,0.0,,0.0,1.0,0.0,0.0,0.0,0.0,,,,,,,,,,,,,,,,,,,,,,
2026,2021039114,2026-07-02,1600078,古賀 優大,,2,捕,2,1.0,1.0,4.0,4.0,0.0,1.0,0.0,0.0,0.0,0.0,0.0,,0.0,0.0,0.0,0.0,0.0,0.0,,,,,,,,,,,,,,,,,,,,,,
2026,2021039114,2026-07-02,1600124,坂倉 将吾,,31,三,6,1.0,1.0,4.0,2.0,0.0,0.0,0.0,0.0,0.0,0.0,0.0,,1.0,0.0,1.0,0.0,0.0,0.0,,,,,,,,,,,,,,,,,,,,,,
2026,2021039114,2026-07-02,1700131,増田 珠,,63,右,2,1.0,1.0,4.0,4.0,0.0,2.0,0.0,0.0,0.0,0.0,0.0,,0.0,1.0,0.0,0.0,0.0,0.0,,,,,,,,,,,,,,,,,,,,,,
2026,2021039114,2026-07-02,1800072,小園 海斗,,5,打遊,6,1.0,0.0,1.0,1.0,0.0,0.0,0.0,0.0,0.0,0.0,0.0,,0.0,0.0,0.0,0.0,0.0,0.0,,,,,,,,,,,,,,,,,,,,,,
2026,2021039114,2026-07-02,1800073,島内 颯太郎,Shimauchi Fuuta Rou,43,投,6,1.0,0.0,0.0,0.0,0.0,0.0,0.0,0.0,0.0,0.0,0.0,,0.0,0.0,0.0,0.0,0.0,0.0,3.0,1.0,0.0,0.0,1.0,4.32,1.0,1.0,,,0.0,0.0,0.0,0.0,0.0,,0.0,2.0,0.0,,3.0,12.0
2026,2021039114,2026-07-02,1800079,大盛 穂,,59,中,6,1.0,1.0,3.0,3.0,0.0,0.0,0.0,0.0,0.0,0.0,1.0,,0.0,0.0,0.0,0.0,0.0,0.0,,,,,,,,,,,,,,,,,,,,,,
2026,2021039114,2026-07-02,1800082,山野辺 翔,,37,一,2,1.0,1.0,3.0,3.0,0.0,1.0,0.0,1.0,0.0,1.0,0.0,,0.0,0.0,0.0,0.0,0.0,0.0,,,,,,,,,,,,,,,,,,,,,,
2026,2021039114,2026-07-02,1850405,名原 典彦,,92,右,6,1.0,1.0,4.0,3.0,0.0,0.0,0.0,0.0,0.0,0.0,0.0,,1.0,0.0,0.0,0.0,0.0,0.0,,,,,,,,,,,,,,,,,,,,,,
2026,2021039114,2026-07-02,1900028,長岡 秀樹,,7,遊,2,1.0,1.0,4.0,4.0,1.0,1.0,0.0,0.0,0.0,0.0,0.0,,0.0,0.0,0.0,0.0,0.0,0.0,,,,,,,,,,,,,,,,,,,,,,
2026,2021039114,2026-07-02,1900058,持丸 泰輝,,57,捕,6,1.0,1.0,3.0,3.0,0.0,0.0,0.0,0.0,0.0,0.0,0.0,,0.0,1.0,0.0,0.0,0.0,0.0,,,,,,,,,,,,,,,,,,,,,,
2026,2021039114,2026-07-02,1950429,高 太一,Kou Taichi,22,投,6,1.0,0.0,0.0,0.0,0.0,0.0,0.0,0.0,0.0,0.0,0.0,,0.0,0.0,0.0,0.0,0.0,0.0,2.0,1.0,0.0,0.0,2.0,2.33,1.0,1.0,,,0.0,1.0,0.0,0.0,0.0,,0.0,1.0,0.0,,4.0,13.0
2026,2021039114,2026-07-02,1961046,キハダ,Kihada,11,投,2,1.0,0.0,0.0,0.0,0.0,0.0,0.0,0.0,0.0,0.0,0.0,,0.0,0.0,0.0,0.0,0.0,0.0,3.0,1.0,0.0,2.0,4.0,2.93,1.0,1.0,,,19.0,0.0,0.0,0.0,0.0,,2.0,1.0,0.0,,5.0,23.0
2026,2021039114,2026-07-02,1961927,モンテロ,,95,打,6,1.0,0.0,1.0,1.0,0.0,0.0,0.0,0.0,0.0,0.0,0.0,,0.0,0.0,0.0,0.0,0.0,0.0,,,,,,,,,,,,,,,,,,,,,,
2026,2021039114,2026-07-02,2000031,赤羽 由紘,,0,二左,2,1.0,1.0,4.0,3.0,0.0,0.0,0.0,0.0,0.0,0.0,0.0,,1.0,1.0,0.0,0.0,0.0,1.0,,,,,,,,,,,,,,,,,,,,,,
2026,2021039114,2026-07-02,2000060,栗林 良吏,Kuribayashi Ryouri,20,投,6,1.0,1.0,1.0,1.0,0.0,0.0,0.0,0.0,0.0,0.0,0.0,,0.0,1.0,0.0,0.0,0.0,0.0,1.0,1.0,,4.0,3.0,1.19,6.0,6.0,,,0.0,5.0,1.0,1.0,0.0,,0.0,2.0,0.0,,23.0,72.0
2026,2021039114,2026-07-02,2000065,矢野 雅哉,,4,遊,6,1.0,1.0,2.0,2.0,0.0,0.0,0.0,0.0,0.0,0.0,0.0,,0.0,1.0,0.0,0.0,0.0,0.0,,,,,,,,,,,,,,,,,,,,,,
2026,2021039114,2026-07-02,2000135,サンタナ,,25,左,2,1.0,1.0,4.0,4.0,0.0,0.0,0.0,0.0,0.0,0.0,0.0,,0.0,0.0,0.0,0.0,0.0,0.0,,,,,,,,,,,,,,,,,,,,,,
2026,2021039114,2026-07-02,2103917,岩田 幸宏,,64,中,2,1.0,1.0,4.0,4.0,0.0,0.0,0.0,0.0,0.0,0.0,0.0,,0.0,1.0,0.0,0.0,0.0,0.0,,,,,,,,,,,,,,,,,,,,,,
2026,2021039114,2026-07-02,2106037,辻 大雅,Tsuji Taiga,98,投,6,1.0,0.0,0.0,0.0,0.0,0.0,0.0,0.0,0.0,0.0,0.0,,0.0,0.0,0.0,0.0,0.0,0.0,4.0,1.0,0.0,2.0,1.0,3.86,1.0,1.0,,,0.0,0.0,0.0,0.0,0.0,,1.0,1.0,0.0,,4.0,14.0
2026,2021039114,2026-07-02,2107178,モンテル,,90,右,2,1.0,0.0,0.0,0.0,0.0,0.0,0.0,0.0,0.0,0.0,0.0,,0.0,0.0,0.0,0.0,0.0,0.0,,,,,,,,,,,,,,,,,,,,,,
2026,2021039114,2026-07-02,2107875,久保 修,,56,走,6,1.0,0.0,0.0,0.0,0.0,0.0,0.0,0.0,0.0,0.0,1.0,,0.0,0.0,0.0,0.0,0.0,0.0,,,,,,,,,,,,,,,,,,,,,,
2026,2021039114,2026-07-02,2107887,辰見 鴻之介,,69,走,6,1.0,0.0,0.0,0.0,0.0,0.0,0.0,0.0,0.0,0.0,0.0,,0.0,0.0,0.0,0.0,0.0,0.0,,,,,,,,,,,,,,,,,,,,,,
2026,2021039114,2026-07-02,2108291,ウォルターズ,Orutaazu,58,投,2,1.0,1.0,3.0,2.0,0.0,0.0,0.0,0.0,0.0,0.0,0.0,,0.0,2.0,0.0,1.0,0.0,0.0,1.0,1.0,,1.0,2.0,5.87,7.0,7.0,,,0.0,0.0,0.0,0.0,0.0,,1.0,7.0,1.0,,24.0,101.0
2026,2021039114,2026-07-02,2110422,勝田 成,,0,二,6,1.0,1.0,4.0,3.0,0.0,0.0,0.0,0.0,0.0,0.0,0.0,,0.0,0.0,0.0,1.0,0.0,0.0,,,,,,,,,,,,,,,,,,,,,,
2026,2021039114,2026-07-02,2112143,佐藤 啓介,,94,一,6,1.0,1.0,3.0,2.0,0.0,0.0,0.0,0.0,0.0,0.0,0.0,,1.0,1.0,0.0,0.0,0.0,0.0,,,,,,,,,,,,,,,,,,,,,,
2026,2021039114,2026-07-02,2112175,伊藤 琉偉,,67,二,2,1.0,0.0,0.0,0.0,0.0,0.0,0.0,0.0,0.0,0.0,0.0,,0.0,0.0,0.0,0.0,0.0,0.0,,,,,,,,,,,,,,,,,,,,,,
2026,2021039114,2026-07-02,2114882,ファビアン,,61,左,6,1.0,1.0,4.0,4.0,0.0,0.0,0.0,0.0,0.0,0.0,0.0,,0.0,3.0,0.0,0.0,0.0,0.0,,,,,,,,,,,,,,,,,,,,,,
2026,2021039114,2026-07-02,2116854,松下 歩叶,,6,三,2,1.0,1.0,4.0,4.0,0.0,1.0,1.0,0.0,0.0,0.0,0.0,,0.0,1.0,0.0,0.0,0.0,0.0,,,,,,,,,,,,,,,,,,,,,,
2026,2021039114,2026-07-02,2122334,リランソ,Riran Soviet,62,投,2,1.0,0.0,0.0,0.0,0.0,0.0,0.0,0.0,0.0,0.0,0.0,,0.0,0.0,0.0,0.0,0.0,0.0,2.0,1.0,0.0,1.0,0.0,0.0,1.0,1.0,,,0.0,0.0,0.0,0.0,0.0,,0.0,0.0,0.0,,3.0,8.0
2026,2021039115,2026-07-02,800043,丸 佳浩,,8,打,1,1.0,0.0,1.0,1.0,0.0,0.0,0.0,0.0,0.0,0.0,0.0,,0.0,0.0,0.0,0.0,0.0,0.0,,,,,,,,,,,,,,,,,,,,,,
2026,2021039115,2026-07-02,1000002,筒香 嘉智,,25,一,3,1.0,1.0,5.0,3.0,2.0,1.0,1.0,0.0,0.0,0.0,0.0,,2.0,2.0,0.0,0.0,0.0,0.0,,,,,,,,,,,,,,,,,,,,,,
2026,2021039115,2026-07-02,1100095,松本 剛,,9,左,1,1.0,1.0,5.0,5.0,1.0,1.0,0.0,0.0,0.0,0.0,0.0,,0.0,0.0,0.0,0.0,0.0,1.0,,,,,,,,,,,,,,,,,,,,,,
2026,2021039115,2026-07-02,1200053,宮崎 敏郎,,51,三,3,1.0,1.0,5.0,4.0,1.0,1.0,1.0,0.0,0.0,2.0,0.0,,1.0,0.0,0.0,0.0,0.0,0.0,,,,,,,,,,,,,,,,,,,,,,
2026,2021039115,2026-07-02,1450977,森田 駿哉,Morita Shun kana,47,投,1,1.0,0.0,0.0,0.0,0.0,0.0,0.0,0.0,0.0,0.0,0.0,,0.0,0.0,0.0,0.0,0.0,0.0,3.0,1.0,0.0,0.0,0.0,6.43,1.0,1.0,,,0.0,1.0,0.0,0.0,0.0,,1.0,1.0,0.0,,6.0,17.0
2026,2021039115,2026-07-02,1500054,増田 大輝,,0,走,1,1.0,0.0,0.0,0.0,0.0,0.0,0.0,0.0,0.0,0.0,0.0,,0.0,0.0,0.0,0.0,0.0,0.0,,,,,,,,,,,,,,,,,,,,,,
2026,2021039115,2026-07-02,1500063,柴田 竜拓,,31,三,3,1.0,0.0,0.0,0.0,0.0,0.0,0.0,0.0,0.0,0.0,0.0,,0.0,0.0,0.0,0.0,0.0,0.0,,,,,,,,,,,,,,,,,,,,,,
2026,2021039115,2026-07-02,1561820,ダルベック,,29,一,1,1.0,1.0,5.0,5.0,2.0,3.0,0.0,0.0,1.0,4.0,0.0,,0.0,0.0,0.0,0.0,0.0,0.0,,,,,,,,,,,,,,,,,,,,,,
2026,2021039115,2026-07-02,1600089,佐野 恵太,,7,打,3,1.0,0.0,1.0,0.0,0.0,0.0,0.0,0.0,0.0,1.0,0.0,,1.0,0.0,0.0,0.0,0.0,0.0,,,,,,,,,,,,,,,,,,,,,,
2026,2021039115,2026-07-02,1700027,田中 瑛斗,Tanaka Akira To,45,投,1,1.0,0.0,0.0,0.0,0.0,0.0,0.0,0.0,0.0,0.0,0.0,,0.0,0.0,0.0,0.0,0.0,0.0,2.0,1.0,0.0,1.0,2.0,1.93,0.0,0.0,,,1.0,4.0,5.0,4.0,0.0,,1.0,0.0,0.0,,5.0,22.0
2026,2021039115,2026-07-02,1700044,大城 卓三,,24,捕,1,1.0,1.0,5.0,2.0,1.0,2.0,1.0,0.0,1.0,2.0,0.0,,2.0,0.0,0.0,1.0,0.0,0.0,,,,,,,,,,,,,,,,,,,,,,
2026,2021039115,2026-07-02,1700059,神里 和毅,,8,中,3,1.0,0.0,0.0,0.0,0.0,0.0,0.0,0.0,0.0,0.0,0.0,,0.0,0.0,0.0,0.0,0.0,0.0,,,,,,,,,,,,,,,,,,,,,,
2026,2021039115,2026-07-02,1700134,尾形 崇斗,Ogata Takashi To,36,投,3,1.0,1.0,1.0,0.0,0.0,0.0,0.0,0.0,0.0,0.0,0.0,,0.0,0.0,0.0,1.0,0.0,0.0,1.0,1.0,,1.0,2.0,3.77,3.0,3.0,,,0.0,5.0,4.0,4.0,1.0,,4.0,2.0,0.0,,17.0,58.0
2026,2021039115,2026-07-02,1700136,リチャード,,52,三,1,1.0,1.0,5.0,2.0,0.0,0.0,0.0,0.0,0.0,0.0,0.0,,3.0,1.0,0.0,0.0,0.0,1.0,,,,,,,,,,,,,,,,,,,,,,
2026,2021039115,2026-07-02,1750321,泉口 友汰,,35,打遊,1,1.0,0.0,2.0,2.0,0.0,0.0,0.0,0.0,0.0,0.0,0.0,,0.0,0.0,0.0,0.0,0.0,0.0,,,,,,,,,,,,,,,,,,,,,,
2026,2021039115,2026-07-02,1800046,勝又 温史,,28,左,3,1.0,1.0,5.0,5.0,0.0,1.0,1.0,0.0,0.0,1.0,0.0,,0.0,2.0,0.0,0.0,0.0,0.0,,,,,,,,,,,,,,,,,,,,,,
2026,2021039115,2026-07-02,1800049,宮城 滝太,Miyagi Taki Futoshi,65,投,3,1.0,0.0,0.0,0.0,0.0,0.0,0.0,0.0,0.0,0.0,0.0,,0.0,0.0,0.0,0.0,0.0,0.0,5.0,1.0,0.0,0.0,1.0,2.42,0.6666666666666666,0.2,,,0.0,0.0,0.0,0.0,0.0,,0.0,0.0,0.0,,2.0,9.0
2026,2021039115,2026-07-02,1850873,度会 隆輝,,4,打左,3,1.0,0.0,1.0,1.0,1.0,1.0,0.0,0.0,1.0,3.0,0.0,,0.0,0.0,0.0,0.0,0.0,0.0,,,,,,,,,,,,,,,,,,,,,,
2026,2021039115,2026-07-02,1860235,ルイーズ,Ruiizu,49,投,3,1.0,0.0,0.0,0.0,0.0,0.0,0.0,0.0,0.0,0.0,0.0,,0.0,0.0,0.0,0.0,0.0,0.0,4.0,1.0,0.0,1.0,0.0,4.21,0.3333333333333333,0.1,,,0.0,2.0,2.0,2.0,1.0,,1.0,0.0,0.0,,4.0,12.0
2026,2021039115,2026-07-02,1900016,堀田 賢慎,Hotta Ken Makoto,91,投,1,1.0,0.0,0.0,0.0,0.0,0.0,0.0,0.0,0.0,0.0,0.0,,0.0,0.0,0.0,0.0,0.0,0.0,5.0,1.0,0.0,1.0,0.0,0.51,1.0,1.0,,,0.0,1.0,0.0,0.0,0.0,,0.0,1.0,0.0,,4.0,20.0
2026,2021039115,2026-07-02,1900032,伊勢 大夢,Ise Taimu,13,投,3,1.0,0.0,0.0,0.0,0.0,0.0,0.0,0.0,0.0,0.0,0.0,,0.0,0.0,0.0,0.0,0.0,0.0,6.0,1.0,0.0,2.0,1.0,3.04,1.0,1.0,,,0.0,1.0,0.0,0.0,0.0,,0.0,0.0,0.0,,3.0,13.0
2026,2021039115,2026-07-02,1900035,蝦名 達夫,,61,中右,3,1.0,1.0,4.0,4.0,2.0,2.0,0.0,0.0,0.0,0.0,0.0,,0.0,1.0,0.0,0.0,0.0,0.0,,,,,,,,,,,,,,,,,,,,,,
2026,2021039115,2026-07-02,1951153,浦田 俊輔,,32,遊二,1,1.0,1.0,5.0,4.0,1.0,3.0,0.0,0.0,0.0,0.0,2.0,,0.0,0.0,1.0,0.0,0.0,0.0,,,,,,,,,,,,,,,,,,,,,,
2026,2021039115,2026-07-02,2000035,牧 秀悟,,2,二,3,1.0,1.0,5.0,4.0,1.0,1.0,0.0,0.0,0.0,0.0,0.0,,1.0,0.0,0.0,0.0,0.0,0.0,,,,,,,,,,,,,,,,,,,,,,
2026,2021039115,2026-07-02,2000059,岩田 将貴,Iwata Masaki,68,投,3,1.0,0.0,0.0,0.0,0.0,0.0,0.0,0.0,0.0,0.0,0.0,,0.0,0.0,0.0,0.0,0.0,0.0,2.0,1.0,0.0,0.0,0.0,0.54,2.0,2.0,,,0.0,1.0,0.0,0.0,0.0,,1.0,1.0,1.0,,9.0,23.0
2026,2021039115,2026-07-02,2100225,笹原 操希,,95,打,1,1.0,0.0,1.0,1.0,0.0,0.0,0.0,0.0,0.0,0.0,0.0,,0.0,1.0,0.0,0.0,0.0,0.0,,,,,,,,,,,,,,,,,,,,,,
2026,2021039115,2026-07-02,2100277,松尾 汐恩,,5,捕,3,1.0,1.0,4.0,4.0,2.0,2.0,0.0,0.0,0.0,2.0,0.0,,0.0,1.0,0.0,0.0,0.0,0.0,,,,,,,,,,,,,,,,,,,,,,
2026,2021039115,2026-07-02,2103689,赤星 優志,Akahoshi Yuushi,31,投,1,1.0,0.0,0.0,0.0,0.0,0.0,0.0,0.0,0.0,0.0,0.0,,0.0,0.0,0.0,0.0,0.0,0.0,4.0,1.0,0.0,4.0,2.0,2.65,1.0,1.0,,,0.0,2.0,3.0,3.0,1.0,,1.0,1.0,0.0,,6.0,18.0
2026,2021039115,2026-07-02,2103703,梶原 昂希,,58,打,3,1.0,0.0,1.0,1.0,0.0,0.0,0.0,0.0,0.0,0.0,0.0,,0.0,1.0,0.0,0.0,0.0,0.0,,,,,,,,,,,,,,,,,,,,,,
2026,2021039115,2026-07-02,2103888,知念 大成,,94,右,1,1.0,1.0,5.0,5.0,0.0,1.0,0.0,0.0,0.0,0.0,0.0,,0.0,2.0,0.0,0.0,0.0,0.0,,,,,,,,,,,,,,,,,,,,,,
2026,2021039115,2026-07-02,2105891,マルセリーノ,Mal Cereno,98,投,3,1.0,0.0,0.0,0.0,0.0,0.0,0.0,0.0,0.0,0.0,0.0,,0.0,0.0,0.0,0.0,0.0,0.0,3.0,1.0,0.0,1.0,0.0,4.43,1.0,1.0,,,0.0,1.0,0.0,0.0,0.0,,0.0,2.0,0.0,,4.0,18.0
2026,2021039115,2026-07-02,2106178,佐々木 俊輔,,44,中,1,1.0,0.0,0.0,0.0,0.0,0.0,0.0,0.0,0.0,0.0,0.0,,0.0,0.0,0.0,0.0,0.0,0.0,,,,,,,,,,,,,,,,,,,,,,
2026,2021039115,2026-07-02,2107753,若松 尚輝,Wakamatsu Naoki,39,投,3,1.0,0.0,0.0,0.0,0.0,0.0,0.0,0.0,0.0,0.0,0.0,,0.0,0.0,0.0,0.0,0.0,0.0,7.0,1.0,0.0,0.0,0.0,3.0,1.0,1.0,,,0.0,1.0,0.0,0.0,0.0,,1.0,1.0,0.0,,5.0,16.0
2026,2021039115,2026-07-02,2107874,門脇 誠,,5,二,1,1.0,1.0,3.0,2.0,0.0,0.0,0.0,0.0,0.0,0.0,0.0,,1.0,1.0,0.0,0.0,0.0,0.0,,,,,,,,,,,,,,,,,,,,,,
2026,2021039115,2026-07-02,2108195,エンカーナシオン,,69,右,3,1.0,1.0,5.0,5.0,1.0,2.0,0.0,0.0,0.0,1.0,0.0,,0.0,1.0,0.0,0.0,0.0,0.0,,,,,,,,,,,,,,,,,,,,,,
2026,2021039115,2026-07-02,2112189,石上 泰輝,,44,遊,3,1.0,1.0,4.0,4.0,1.0,2.0,0.0,0.0,0.0,0.0,0.0,,0.0,1.0,0.0,0.0,0.0,0.0,,,,,,,,,,,,,,,,,,,,,,
2026,2021039115,2026-07-02,2117509,ウィットリー,Wit Lee,26,投,1,1.0,1.0,2.0,2.0,0.0,1.0,0.0,0.0,0.0,0.0,0.0,,0.0,0.0,0.0,0.0,0.0,1.0,1.0,1.0,,3.0,4.0,2.58,5.0,5.0,,,0.0,5.0,3.0,2.0,0.0,,2.0,6.0,0.0,,20.0,80.0
2026,2021039115,2026-07-02,2118420,キャベッジ,,13,中,1,1.0,1.0,5.0,4.0,1.0,0.0,0.0,0.0,0.0,0.0,0.0,,1.0,1.0,0.0,0.0,0.0,0.0,,,,,,,,,,,,,,,,,,,,,,
2026,2021039116,2026-07-09,1000138,大野 雄大,Oono Yuudai,22,投,4,1.0,1.0,3.0,3.0,0.0,0.0,0.0,0.0,0.0,0.0,0.0,,0.0,2.0,0.0,0.0,0.0,0.0,1.0,1.0,,7.0,4.0,1.84,7.0,7.0,,,0.0,3.0,1.0,1.0,1.0,,2.0,4.0,0.0,,23.0,85.0
2026,2021039116,2026-07-09,1100082,菊池 涼介,,33,二,6,1.0,1.0,3.0,3.0,0.0,0.0,0.0,0.0,0.0,0.0,0.0,,0.0,1.0,0.0,0.0,0.0,0.0,,,,,,,,,,,,,,,,,,,,,,
2026,2021039116,2026-07-09,1500078,阿部 寿樹,,48,打,4,1.0,0.0,1.0,1.0,0.0,0.0,0.0,0.0,0.0,0.0,0.0,,0.0,0.0,0.0,0.0,0.0,0.0,,,,,,,,,,,,,,,,,,,,,,
2026,2021039116,2026-07-09,1500091,板山 祐太郎,,63,走右,4,1.0,0.0,1.0,1.0,1.0,0.0,0.0,0.0,0.0,0.0,0.0,,0.0,0.0,0.0,0.0,0.0,0.0,,,,,,,,,,,,,,,,,,,,,,
2026,2021039116,2026-07-09,1561854,サノー,,23,一,4,1.0,1.0,4.0,1.0,2.0,1.0,0.0,0.0,1.0,1.0,0.0,,3.0,0.0,0.0,0.0,0.0,0.0,,,,,,,,,,,,,,,,,,,,,,
2026,2021039116,2026-07-09,1600085,細川 成也,,55,左,4,1.0,1.0,5.0,3.0,2.0,1.0,0.0,0.0,1.0,1.0,0.0,,2.0,1.0,0.0,0.0,0.0,0.0,,,,,,,,,,,,,,,,,,,,,,
2026,2021039116,2026-07-09,1600124,坂倉 将吾,,31,三,6,1.0,1.0,3.0,2.0,0.0,0.0,0.0,0.0,0.0,0.0,0.0,,1.0,0.0,0.0,0.0,0.0,1.0,,,,,,,,,,,,,,,,,,,,,,
2026,2021039116,2026-07-09,1750223,村松 開人,,5,遊,4,1.0,1.0,5.0,5.0,0.0,0.0,0.0,0.0,0.0,0.0,0.0,,0.0,0.0,0.0,0.0,0.0,0.0,,,,,,,,,,,,,,,,,,,,,,
2026,2021039116,2026-07-09,1750701,田中 幹也,,2,二,4,1.0,1.0,4.0,4.0,1.0,2.0,1.0,0.0,0.0,0.0,0.0,,0.0,0.0,0.0,0.0,0.0,0.0,,,,,,,,,,,,,,,,,,,,,,
2026,2021039116,2026-07-09,1800062,石橋 康太,,58,捕,4,1.0,0.0,0.0,0.0,0.0,0.0,0.0,0.0,0.0,0.0,0.0,,0.0,0.0,0.0,0.0,0.0,0.0,,,,,,,,,,,,,,,,,,,,,,
2026,2021039116,2026-07-09,1800072,小園 海斗,,5,遊,6,1.0,1.0,3.0,3.0,0.0,1.0,0.0,0.0,0.0,0.0,0.0,,0.0,0.0,0.0,0.0,0.0,0.0,,,,,,,,,,,,,,,,,,,,,,
2026,2021039116,2026-07-09,1850405,名原 典彦,,92,中,6,1.0,1.0,4.0,3.0,0.0,0.0,0.0,0.0,0.0,0.0,0.0,,1.0,1.0,0.0,0.0,0.0,0.0,,,,,,,,,,,,,,,,,,,,,,
2026,2021039116,2026-07-09,1851138,草加 勝,Souka Kachi,14,投,4,1.0,0.0,0.0,0.0,0.0,0.0,0.0,0.0,0.0,0.0,0.0,,0.0,0.0,0.0,0.0,0.0,0.0,2.0,1.0,0.0,0.0,1.0,1.08,1.0,1.0,,,0.0,0.0,0.0,0.0,0.0,,1.0,2.0,0.0,,4.0,18.0
2026,2021039116,2026-07-09,1900037,石川 昂弥,,25,三,4,1.0,1.0,5.0,5.0,3.0,3.0,2.0,0.0,0.0,2.0,0.0,,0.0,1.0,0.0,0.0,0.0,0.0,,,,,,,,,,,,,,,,,,,,,,
2026,2021039116,2026-07-09,1900041,岡林 勇希,,1,中,4,1.0,1.0,5.0,4.0,0.0,1.0,0.0,0.0,0.0,2.0,0.0,,1.0,1.0,0.0,0.0,0.0,0.0,,,,,,,,,,,,,,,,,,,,,,
2026,2021039116,2026-07-09,1900052,森下 暢仁,Morishita Tooru Hitoshi,18,投,6,1.0,1.0,1.0,1.0,0.0,0.0,0.0,0.0,0.0,0.0,0.0,,0.0,1.0,0.0,0.0,0.0,0.0,1.0,1.0,,5.0,6.0,4.52,5.0,5.0,,,0.0,6.0,6.0,5.0,2.0,,5.0,6.0,0.0,,27.0,113.0
2026,2021039116,2026-07-09,1900056,石原 貴規,,32,捕,6,1.0,1.0,2.0,2.0,0.0,0.0,0.0,0.0,0.0,0.0,0.0,,0.0,0.0,0.0,0.0,0.0,0.0,,,,,,,,,,,,,,,,,,,,,,
2026,2021039116,2026-07-09,1900058,持丸 泰輝,,57,打捕,6,1.0,0.0,1.0,1.0,0.0,0.0,0.0,0.0,0.0,0.0,0.0,,0.0,1.0,0.0,0.0,0.0,0.0,,,,,,,,,,,,,,,,,,,,,,
2026,2021039116,2026-07-09,1961300,ボスラー,,24,右一,4,1.0,1.0,4.0,2.0,0.0,0.0,0.0,0.0,0.0,1.0,0.0,,1.0,1.0,0.0,0.0,1.0,0.0,,,,,,,,,,,,,,,,,,,,,,
2026,2021039116,2026-07-09,1961927,モンテロ,,95,一,6,1.0,1.0,3.0,2.0,0.0,0.0,0.0,0.0,0.0,0.0,0.0,,1.0,0.0,0.0,0.0,0.0,0.0,,,,,,,,,,,,,,,,,,,,,,
2026,2021039116,2026-07-09,2000044,土田 龍空,,45,走中,4,1.0,0.0,0.0,0.0,0.0,0.0,0.0,0.0,0.0,0.0,0.0,,0.0,0.0,0.0,0.0,0.0,0.0,,,,,,,,,,,,,,,,,,,,,,
2026,2021039116,2026-07-09,2000066,二俣 翔一,,99,打,6,1.0,0.0,1.0,1.0,0.0,0.0,0.0,0.0,0.0,0.0,0.0,,0.0,1.0,0.0,0.0,0.0,0.0,,,,,,,,,,,,,,,,,,,,,,
2026,2021039116,2026-07-09,2050203,佐々木 泰,,10,右,6,1.0,1.0,3.0,3.0,0.0,1.0,0.0,0.0,0.0,0.0,0.0,,0.0,0.0,0.0,0.0,0.0,1.0,,,,,,,,,,,,,,,,,,,,,,
2026,2021039116,2026-07-09,2103780,福永 裕基,,7,打,4,1.0,0.0,1.0,1.0,0.0,0.0,0.0,0.0,0.0,0.0,0.0,,0.0,0.0,0.0,0.0,0.0,0.0,,,,,,,,,,,,,,,,,,,,,,
2026,2021039116,2026-07-09,2105038,伊藤 茉央,Itou Mao,32,投,4,1.0,0.0,0.0,0.0,0.0,0.0,0.0,0.0,0.0,0.0,0.0,,0.0,0.0,0.0,0.0,0.0,0.0,3.0,1.0,0.0,0.0,1.0,2.79,1.0,1.0,,,0.0,0.0,0.0,0.0,0.0,,0.0,0.0,0.0,,3.0,11.0
2026,2021039116,2026-07-09,2105102,石伊 雄太,,9,捕,4,1.0,1.0,4.0,4.0,1.0,2.0,1.0,0.0,0.0,2.0,0.0,,0.0,0.0,0.0,0.0,0.0,0.0,,,,,,,,,,,,,,,,,,,,,,
2026,2021039116,2026-07-09,2107645,尾田 剛樹,,0,左,4,1.0,0.0,0.0,0.0,0.0,0.0,0.0,0.0,0.0,0.0,0.0,,0.0,0.0,0.0,0.0,0.0,0.0,,,,,,,,,,,,,,,,,,,,,,
2026,2021039116,2026-07-09,2107875,久保 修,,56,打,6,1.0,0.0,1.0,1.0,0.0,0.0,0.0,0.0,0.0,0.0,0.0,,0.0,1.0,0.0,0.0,0.0,0.0,,,,,,,,,,,,,,,,,,,,,,
2026,2021039116,2026-07-09,2110267,常廣 羽也斗,Jou Hiroshiwa na To,17,投,6,1.0,0.0,0.0,0.0,0.0,0.0,0.0,0.0,0.0,0.0,0.0,,0.0,0.0,0.0,0.0,0.0,0.0,2.0,1.0,0.0,0.0,0.0,5.14,2.0,2.0,,,0.0,4.0,4.0,4.0,0.0,,2.0,0.0,0.0,,12.0,40.0
2026,2021039116,2026-07-09,2110422,勝田 成,,0,二,6,1.0,0.0,1.0,1.0,0.0,0.0,0.0,0.0,0.0,0.0,0.0,,0.0,0.0,0.0,0.0,0.0,0.0,,,,,,,,,,,,,,,,,,,,,,
2026,2021039116,2026-07-09,2114882,ファビアン,,61,左,6,1.0,1.0,4.0,4.0,1.0,1.0,0.0,0.0,1.0,1.0,0.0,,0.0,0.0,0.0,0.0,0.0,0.0,,,,,,,,,,,,,,,,,,,,,,
2026,2021039116,2026-07-09,2117693,菊地 ハルン,Kikuchi Haru n,67,投,6,1.0,0.0,0.0,0.0,0.0,0.0,0.0,0.0,0.0,0.0,0.0,,0.0,0.0,0.0,0.0,0.0,0.0,3.0,1.0,0.0,0.0,0.0,0.0,1.0,1.0,,,0.0,0.0,0.0,0.0,0.0,,0.0,0.0,0.0,,3.0,12.0
2026,2021039117,2026-07-01,1300073,梅野 隆太郎,,2,捕,5,1.0,0.0,0.0,0.0,0.0,0.0,0.0,0.0,0.0,0.0,0.0,,0.0,0.0,0.0,0.0,0.0,0.0,,,,,,,,,,,,,,,,,,,,,,
2026,2021039117,2026-07-01,1400172,植田 海,,62,走,5,1.0,0.0,0.0,0.0,0.0,0.0,0.0,0.0,0.0,0.0,0.0,,0.0,0.0,0.0,0.0,0.0,0.0,,,,,,,,,,,,,,,,,,,,,,
2026,2021039117,2026-07-01,1500042,高橋 奎二,Takahashi Kei Ni,47,投,2,1.0,1.0,3.0,3.0,0.0,0.0,0.0,0.0,0.0,0.0,0.0,,0.0,1.0,0.0,0.0,0.0,0.0,1.0,1.0,,2.0,3.0,2.83,7.0,7.0,,,0.0,4.0,1.0,1.0,0.0,,0.0,10.0,0.0,,24.0,99.0
2026,2021039117,2026-07-01,1500087,坂本 誠志郎,,12,捕,5,1.0,1.0,2.0,2.0,0.0,0.0,0.0,0.0,0.0,0.0,0.0,,0.0,2.0,0.0,0.0,0.0,0.0,,,,,,,,,,,,,,,,,,,,,,
2026,2021039117,2026-07-01,1600078,古賀 優大,,2,捕,2,1.0,1.0,5.0,5.0,0.0,1.0,0.0,0.0,0.0,0.0,0.0,,0.0,0.0,0.0,0.0,0.0,0.0,,,,,,,,,,,,,,,,,,,,,,
2026,2021039117,2026-07-01,1600113,大山 悠輔,,3,一,5,1.0,1.0,4.0,3.0,0.0,1.0,1.0,0.0,0.0,0.0,0.0,,1.0,2.0,0.0,0.0,0.0,0.0,,,,,,,,,,,,,,,,,,,,,,
2026,2021039117,2026-07-01,1700079,熊谷 敬宥,,4,遊,5,1.0,1.0,3.0,3.0,0.0,1.0,0.0,0.0,0.0,0.0,1.0,,0.0,2.0,0.0,0.0,0.0,1.0,,,,,,,,,,,,,,,,,,,,,,
2026,2021039117,2026-07-01,1700131,増田 珠,,63,右,2,1.0,1.0,4.0,4.0,0.0,1.0,0.0,0.0,0.0,0.0,0.0,,0.0,1.0,0.0,0.0,0.0,0.0,,,,,,,,,,,,,,,,,,,,,,
2026,2021039117,2026-07-01,1800033,清水 昇,Shimizu Noboru,17,投,2,1.0,0.0,0.0,0.0,0.0,0.0,0.0,0.0,0.0,0.0,0.0,,0.0,0.0,0.0,0.0,0.0,0.0,2.0,1.0,0.0,1.0,0.0,1.23,1.0,1.0,,,1.0,1.0,0.0,0.0,0.0,,0.0,2.0,0.0,,4.0,17.0
2026,2021039117,2026-07-01,1800067,木浪 聖也,,0,打,5,1.0,0.0,1.0,1.0,0.0,0.0,0.0,0.0,0.0,0.0,0.0,,0.0,1.0,0.0,0.0,0.0,0.0,,,,,,,,,,,,,,,,,,,,,,
2026,2021039117,2026-07-01,1800082,山野辺 翔,,37,一,2,1.0,1.0,4.0,4.0,0.0,1.0,0.0,0.0,0.0,1.0,0.0,,0.0,0.0,0.0,0.0,0.0,0.0,,,,,,,,,,,,,,,,,,,,,,
2026,2021039117,2026-07-01,1850183,森下 翔太,,1,右,5,1.0,1.0,4.0,4.0,0.0,1.0,1.0,0.0,0.0,1.0,0.0,,0.0,0.0,0.0,0.0,0.0,0.0,,,,,,,,,,,,,,,,,,,,,,
2026,2021039117,2026-07-01,1900028,長岡 秀樹,,7,遊,2,1.0,1.0,4.0,4.0,0.0,2.0,0.0,0.0,0.0,0.0,0.0,,0.0,0.0,0.0,0.0,0.0,0.0,,,,,,,,,,,,,,,,,,,,,,
2026,2021039117,2026-07-01,1900046,及川 雅貴,Oikawa Masataka,37,投,5,1.0,0.0,0.0,0.0,0.0,0.0,0.0,0.0,0.0,0.0,0.0,,0.0,0.0,0.0,0.0,0.0,0.0,4.0,1.0,0.0,1.0,1.0,4.82,1.0,1.0,,,0.0,1.0,0.0,0.0,0.0,,0.0,1.0,0.0,,4.0,8.0
2026,2021039117,2026-07-01,1950996,前川 右京,,58,左,5,1.0,1.0,4.0,3.0,0.0,0.0,0.0,0.0,0.0,0.0,0.0,,1.0,1.0,0.0,0.0,0.0,0.0,,,,,,,,,,,,,,,,,,,,,,
2026,2021039117,2026-07-01,1961046,キハダ,Kihada,11,投,2,1.0,0.0,0.0,0.0,0.0,0.0,0.0,0.0,0.0,0.0,0.0,,0.0,0.0,0.0,0.0,0.0,0.0,3.0,1.0,0.0,2.0,4.0,2.83,1.0,1.0,,,20.0,0.0,0.0,0.0,0.0,,2.0,2.0,0.0,,6.0,24.0
2026,2021039117,2026-07-01,2000031,赤羽 由紘,,0,二左,2,1.0,1.0,4.0,4.0,1.0,1.0,0.0,0.0,1.0,1.0,0.0,,0.0,2.0,0.0,0.0,0.0,0.0,,,,,,,,,,,,,,,,,,,,,,
2026,2021039117,2026-07-01,2000051,佐藤 輝明,,8,三,5,1.0,1.0,4.0,4.0,0.0,1.0,0.0,0.0,0.0,0.0,0.0,,0.0,2.0,0.0,0.0,0.0,1.0,,,,,,,,,,,,,,,,,,,,,,
2026,2021039117,2026-07-01,2000056,中野 拓夢,,7,二,5,1.0,1.0,4.0,4.0,1.0,1.0,0.0,0.0,0.0,0.0,0.0,,0.0,1.0,0.0,0.0,0.0,0.0,,,,,,,,,,,,,,,,,,,,,,
2026,2021039117,2026-07-01,2000057,高寺 望夢,,67,打,5,1.0,0.0,1.0,1.0,0.0,0.0,0.0,0.0,0.0,0.0,0.0,,0.0,0.0,0.0,0.0,0.0,0.0,,,,,,,,,,,,,,,,,,,,,,
2026,2021039117,2026-07-01,2000135,サンタナ,,25,左,2,1.0,1.0,4.0,4.0,0.0,0.0,0.0,0.0,0.0,0.0,0.0,,0.0,2.0,0.0,0.0,0.0,0.0,,,,,,,,,,,,,,,,,,,,,,
2026,2021039117,2026-07-01,2103917,岩田 幸宏,,64,中,2,1.0,1.0,5.0,4.0,0.0,0.0,0.0,0.0,0.0,0.0,0.0,,0.0,1.0,0.0,1.0,0.0,0.0,,,,,,,,,,,,,,,,,,,,,,
2026,2021039117,2026-07-01,2107178,モンテル,,90,走右,2,1.0,0.0,0.0,0.0,0.0,0.0,0.0,0.0,0.0,0.0,0.0,,0.0,0.0,0.0,0.0,0.0,0.0,,,,,,,,,,,,,,,,,,,,,,
2026,2021039117,2026-07-01,2108913,セデーニョ,,98,打,2,1.0,0.0,1.0,1.0,0.0,1.0,0.0,0.0,0.0,0.0,0.0,,0.0,0.0,0.0,0.0,0.0,0.0,,,,,,,,,,,,,,,,,,,,,,
2026,2021039117,2026-07-01,2110225,福島 圭音,,92,打中,5,1.0,0.0,2.0,2.0,0.0,0.0,0.0,0.0,0.0,0.0,0.0,,0.0,2.0,0.0,0.0,0.0,0.0,,,,,,,,,,,,,,,,,,,,,,
2026,2021039117,2026-07-01,2110265,下村 海翔,Shimomura Kaishou,19,投,5,1.0,1.0,2.0,2.0,0.0,0.0,0.0,0.0,0.0,0.0,0.0,,0.0,1.0,0.0,0.0,0.0,0.0,1.0,1.0,,0.0,1.0,2.45,6.0,6.0,,,0.0,6.0,2.0,1.0,1.0,,0.0,4.0,0.0,,26.0,93.0
2026,2021039117,2026-07-01,2112141,津田 淳哉,Tsuda Jun'Ya,66,投,5,1.0,0.0,0.0,0.0,0.0,0.0,0.0,0.0,0.0,0.0,0.0,,0.0,0.0,0.0,0.0,0.0,0.0,2.0,1.0,0.0,0.0,0.0,0.0,1.0,1.0,,,0.0,2.0,0.0,0.0,0.0,,0.0,0.0,0.0,,4.0,10.0
2026,2021039117,2026-07-01,2112175,伊藤 琉偉,,67,二,2,1.0,0.0,0.0,0.0,0.0,0.0,0.0,0.0,0.0,0.0,0.0,,0.0,0.0,0.0,0.0,0.0,0.0,,,,,,,,,,,,,,,,,,,,,,
2026,2021039117,2026-07-01,2112444,木下 里都,Kinoshita Sato To,54,投,5,1.0,0.0,0.0,0.0,0.0,0.0,0.0,0.0,0.0,0.0,0.0,,0.0,0.0,0.0,0.0,0.0,0.0,3.0,1.0,0.0,0.0,1.0,2.79,1.0,1.0,,,0.0,1.0,0.0,0.0,0.0,,0.0,2.0,0.0,,4.0,21.0
2026,2021039117,2026-07-01,2116854,松下 歩叶,,6,三,2,1.0,1.0,4.0,4.0,1.0,3.0,0.0,0.0,0.0,0.0,0.0,,0.0,0.0,0.0,0.0,0.0,1.0,,,,,,,,,,,,,,,,,,,,,,
2026,2021039117,2026-07-01,2118997,岡城 快生,,34,中,5,1.0,1.0,3.0,3.0,0.0,0.0,0.0,0.0,0.0,0.0,0.0,,0.0,0.0,0.0,0.0,0.0,0.0,,,,,,,,,,,,,,,,,,,,,,
2026,2021039118,2026-07-05,1000164,島本 浩也,Shimamoto Kouya,40,,8,,,,,,,,,,,,,,,,,,,2.0,1.0,0.0,2.0,1.0,0.72,1.0,1.0,,,2.0,2.0,1.0,0.0,0.0,,0.0,0.0,0.0,,6.0,21.0
2026,2021039118,2026-07-05,1100061,桑原 将志,,7,中左,7,1.0,1.0,4.0,3.0,1.0,1.0,0.0,0.0,1.0,1.0,0.0,,0.0,0.0,0.0,1.0,0.0,0.0,,,,,,,,,,,,,,,,,,,,,,
2026,2021039118,2026-07-05,1500117,平沢 大河,,39,左,7,1.0,1.0,3.0,2.0,0.0,0.0,0.0,0.0,0.0,0.0,0.0,,1.0,2.0,0.0,0.0,0.0,0.0,,,,,,,,,,,,,,,,,,,,,,
2026,2021039118,2026-07-05,1600129,源田 壮亮,,6,遊,7,1.0,0.0,0.0,0.0,0.0,0.0,0.0,0.0,0.0,0.0,0.0,,0.0,0.0,0.0,0.0,0.0,0.0,,,,,,,,,,,,,,,,,,,,,,
2026,2021039118,2026-07-05,1600134,石井 一成,,4,二,7,1.0,1.0,4.0,3.0,0.0,1.0,0.0,0.0,0.0,0.0,0.0,,1.0,0.0,0.0,0.0,0.0,0.0,,,,,,,,,,,,,,,,,,,,,,
2026,2021039118,2026-07-05,1600164,田中 正義,Tanaka Masayoshi,26,,8,,,,,,,,,,,,,,,,,,,3.0,1.0,0.0,1.0,2.0,2.17,1.0,1.0,,,1.0,1.0,0.0,0.0,0.0,,0.0,2.0,0.0,,4.0,20.0
2026,2021039118,2026-07-05,1700025,清宮 幸太郎,,21,一,8,1.0,1.0,4.0,4.0,0.0,1.0,1.0,0.0,0.0,0.0,0.0,,0.0,2.0,0.0,0.0,0.0,0.0,,,,,,,,,,,,,,,,,,,,,,
2026,2021039118,2026-07-05,1700122,西川 愛也,,51,中,7,1.0,0.0,0.0,0.0,0.0,0.0,0.0,0.0,0.0,0.0,0.0,,0.0,0.0,0.0,0.0,0.0,0.0,,,,,,,,,,,,,,,,,,,,,,
2026,2021039118,2026-07-05,1750472,古賀 悠斗,,22,捕,7,1.0,0.0,1.0,1.0,0.0,0.0,0.0,0.0,0.0,0.0,0.0,,0.0,0.0,0.0,0.0,0.0,0.0,,,,,,,,,,,,,,,,,,,,,,
2026,2021039118,2026-07-05,1800091,野村 佑希,,5,三,8,1.0,1.0,4.0,4.0,0.0,0.0,0.0,0.0,0.0,0.0,0.0,,0.0,3.0,0.0,0.0,0.0,0.0,,,,,,,,,,,,,,,,,,,,,,
2026,2021039118,2026-07-05,1800093,万波 中正,,66,右,8,1.0,1.0,4.0,4.0,0.0,1.0,0.0,1.0,0.0,0.0,0.0,,0.0,1.0,0.0,0.0,0.0,0.0,,,,,,,,,,,,,,,,,,,,,,
2026,2021039118,2026-07-05,1800095,田宮 裕涼,,64,捕,8,1.0,1.0,3.0,2.0,0.0,0.0,0.0,0.0,0.0,0.0,0.0,,0.0,1.0,0.0,1.0,0.0,1.0,,,,,,,,,,,,,,,,,,,,,,
2026,2021039118,2026-07-05,1800106,甲斐野 央,Kainoya Ou,34,,7,,,,,,,,,,,,,,,,,,,3.0,1.0,0.0,2.0,2.0,1.99,1.0,1.0,,,7.0,0.0,0.0,0.0,0.0,,0.0,2.0,0.0,,3.0,12.0
2026,2021039118,2026-07-05,1800110,水谷 瞬,,53,左,8,1.0,1.0,4.0,4.0,0.0,0.0,0.0,0.0,0.0,1.0,0.0,,0.0,2.0,0.0,0.0,0.0,0.0,,,,,,,,,,,,,,,,,,,,,,
2026,2021039118,2026-07-05,1850820,蛭間 拓哉,,9,指,7,1.0,1.0,4.0,4.0,0.0,1.0,0.0,0.0,0.0,0.0,0.0,,0.0,1.0,0.0,0.0,0.0,0.0,,,,,,,,,,,,,,,,,,,,,,
2026,2021039118,2026-07-05,1850932,奈良間 大己,,58,二,8,1.0,1.0,3.0,3.0,1.0,1.0,1.0,0.0,0.0,0.0,0.0,,0.0,0.0,0.0,0.0,0.0,0.0,,,,,,,,,,,,,,,,,,,,,,
2026,2021039118,2026-07-05,1851204,水野 達稀,,43,遊,8,1.0,1.0,4.0,4.0,0.0,1.0,0.0,0.0,0.0,0.0,0.0,,0.0,0.0,0.0,0.0,0.0,0.0,,,,,,,,,,,,,,,,,,,,,,
2026,2021039118,2026-07-05,1860140,レイエス,,99,指,8,1.0,1.0,4.0,2.0,0.0,0.0,0.0,0.0,0.0,0.0,0.0,,2.0,2.0,0.0,0.0,0.0,0.0,,,,,,,,,,,,,,,,,,,,,,
2026,2021039118,2026-07-05,1860167,ウィンゲンター,Ingentaa,45,,7,,,,,,,,,,,,,,,,,,,2.0,1.0,0.0,0.0,0.0,0.0,1.0,1.0,,,0.0,1.0,0.0,0.0,0.0,,1.0,1.0,0.0,,5.0,24.0
2026,2021039118,2026-07-05,1900068,岸 潤一郎,,68,右,7,1.0,0.0,0.0,0.0,0.0,0.0,0.0,0.0,0.0,0.0,0.0,,0.0,0.0,0.0,0.0,0.0,0.0,,,,,,,,,,,,,,,,,,,,,,
2026,2021039118,2026-07-05,1950193,宮崎 一樹,,36,中,8,1.0,0.0,0.0,0.0,0.0,0.0,0.0,0.0,0.0,0.0,0.0,,0.0,0.0,0.0,0.0,0.0,0.0,,,,,,,,,,,,,,,,,,,,,,
2026,2021039118,2026-07-05,1950417,渡部 聖弥,,8,三,7,1.0,1.0,4.0,4.0,0.0,2.0,0.0,0.0,0.0,0.0,1.0,,0.0,1.0,0.0,0.0,0.0,0.0,,,,,,,,,,,,,,,,,,,,,,
2026,2021039118,2026-07-05,2000079,伊藤 大海,Itou Taikai,17,,8,,,,,,,,,,,,,,,,,,,1.0,1.0,,8.0,4.0,3.07,7.0,7.0,,,0.0,5.0,1.0,1.0,1.0,,3.0,7.0,0.0,,27.0,103.0
2026,2021039118,2026-07-05,2050145,小島 大河,,10,捕,7,1.0,1.0,4.0,2.0,0.0,0.0,0.0,0.0,0.0,0.0,0.0,,1.0,1.0,0.0,1.0,0.0,0.0,,,,,,,,,,,,,,,,,,,,,,
2026,2021039118,2026-07-05,2101047,ネビン,,26,一,7,1.0,1.0,4.0,3.0,0.0,1.0,1.0,0.0,0.0,1.0,0.0,,0.0,0.0,0.0,0.0,1.0,0.0,,,,,,,,,,,,,,,,,,,,,,
2026,2021039118,2026-07-05,2103618,滝澤 夏央,,62,遊二,7,1.0,1.0,4.0,4.0,0.0,1.0,1.0,0.0,0.0,0.0,0.0,,0.0,1.0,0.0,0.0,0.0,0.0,,,,,,,,,,,,,,,,,,,,,,
2026,2021039118,2026-07-05,2105080,武内 夏暉,Takeuchi Natsu Akira,21,,7,,,,,,,,,,,,,,,,,,,1.0,1.0,,6.0,4.0,2.64,7.0,7.0,,,0.0,4.0,1.0,1.0,0.0,,1.0,8.0,0.0,,26.0,104.0
2026,2021039118,2026-07-05,2107900,吉田 賢吾,,60,中左,8,1.0,1.0,4.0,4.0,0.0,1.0,0.0,0.0,0.0,0.0,0.0,,0.0,0.0,0.0,0.0,0.0,0.0,,,,,,,,,,,,,,,,,,,,,,
2026,2021039118,2026-07-05,2117028,カナリオ,,25,右,7,1.0,1.0,5.0,5.0,1.0,1.0,0.0,0.0,0.0,0.0,0.0,,0.0,3.0,0.0,0.0,0.0,0.0,,,,,,,,,,,,,,,,,,,,,,
2026,2021039119,2026-07-08,700087,角中 勝也,,3,打,9,1.0,0.0,1.0,0.0,0.0,0.0,0.0,0.0,0.0,0.0,0.0,,0.0,0.0,1.0,0.0,0.0,0.0,,,,,,,,,,,,,,,,,,,,,,
2026,2021039119,2026-07-08,800080,岩嵜 翔,Iwa ? Shou,40,,11,,,,,,,,,,,,,,,,,,,4.0,1.0,0.0,0.0,1.0,6.0,0.3333333333333333,0.1,,,0.0,2.0,4.0,4.0,0.0,,1.0,0.0,1.0,,5.0,25.0
2026,2021039119,2026-07-08,1100104,益田 直也,Masuda Naoya,52,,9,,,,,,,,,,,,,,,,,,,7.0,1.0,0.0,1.0,0.0,4.15,0.6666666666666666,0.2,,,1.0,0.0,0.0,0.0,0.0,,1.0,0.0,0.0,,3.0,10.0
2026,2021039119,2026-07-08,1300100,森 友哉,,4,指,11,1.0,1.0,5.0,3.0,1.0,2.0,0.0,0.0,1.0,2.0,0.0,,2.0,0.0,0.0,0.0,0.0,0.0,,,,,,,,,,,,,,,,,,,,,,
2026,2021039119,2026-07-08,1300109,若月 健矢,,2,捕,11,1.0,1.0,4.0,3.0,0.0,0.0,0.0,0.0,0.0,0.0,0.0,,0.0,1.0,0.0,1.0,0.0,0.0,,,,,,,,,,,,,,,,,,,,,,
2026,2021039119,2026-07-08,1400196,宗 佑磨,,6,三,11,1.0,1.0,4.0,4.0,1.0,1.0,0.0,0.0,0.0,0.0,0.0,,0.0,1.0,0.0,0.0,0.0,0.0,,,,,,,,,,,,,,,,,,,,,,
2026,2021039119,2026-07-08,1450608,八木 彬,Yagi Akira,33,,9,,,,,,,,,,,,,,,,,,,3.0,1.0,0.0,8.0,0.0,1.98,2.0,2.0,,,0.0,1.0,0.0,0.0,0.0,,0.0,1.0,0.0,,7.0,22.0
2026,2021039119,2026-07-08,1500096,西川 龍馬,,7,左,11,1.0,1.0,5.0,5.0,0.0,2.0,1.0,0.0,0.0,1.0,0.0,,0.0,0.0,0.0,0.0,0.0,0.0,,,,,,,,,,,,,,,,,,,,,,
2026,2021039119,2026-07-08,1500102,愛斗,,50,中,9,1.0,1.0,4.0,3.0,0.0,1.0,0.0,0.0,0.0,1.0,0.0,,0.0,1.0,0.0,1.0,0.0,0.0,,,,,,,,,,,,,,,,,,,,,,
2026,2021039119,2026-07-08,1700020,ソト,,99,一,9,1.0,1.0,4.0,4.0,0.0,2.0,0.0,0.0,0.0,0.0,0.0,,0.0,0.0,0.0,0.0,0.0,0.0,,,,,,,,,,,,,,,,,,,,,,
2026,2021039119,2026-07-08,1700034,山崎 剛,,38,走三,9,1.0,0.0,1.0,1.0,1.0,1.0,0.0,0.0,0.0,0.0,0.0,,0.0,0.0,0.0,0.0,0.0,0.0,,,,,,,,,,,,,,,,,,,,,,
2026,2021039119,2026-07-08,1700092,安田 尚憲,,5,打一,9,1.0,0.0,1.0,1.0,0.0,1.0,1.0,0.0,0.0,1.0,0.0,,0.0,0.0,0.0,0.0,0.0,0.0,,,,,,,,,,,,,,,,,,,,,,
2026,2021039119,2026-07-08,1700101,博志,Hiroshi,66,,11,,,,,,,,,,,,,,,,,,,2.0,1.0,0.0,2.0,0.0,0.72,3.333333333333333,3.1,,,0.0,2.0,0.0,0.0,0.0,,1.0,0.0,0.0,,10.0,37.0
2026,2021039119,2026-07-08,1700109,田嶋 大樹,Tajima Daiki,29,,11,,,,,,,,,,,,,,,,,,,1.0,1.0,,2.0,4.0,6.28,1.3333333333333333,1.1,,,0.0,5.0,3.0,3.0,0.0,,1.0,1.0,1.0,,11.0,39.0
2026,2021039119,2026-07-08,1750667,山中 稜真,,50,一,11,1.0,1.0,5.0,4.0,1.0,1.0,1.0,0.0,0.0,0.0,0.0,,1.0,1.0,0.0,0.0,0.0,0.0,,,,,,,,,,,,,,,,,,,,,,
2026,2021039119,2026-07-08,1760440,カスティーヨ,Castillo,11,,9,,,,,,,,,,,,,,,,,,,2.0,1.0,0.0,0.0,0.0,1.93,0.6666666666666666,0.2,,,0.0,0.0,0.0,0.0,0.0,,0.0,0.0,0.0,,2.0,7.0
2026,2021039119,2026-07-08,1800050,藤原 恭大,,1,右,9,1.0,1.0,5.0,5.0,2.0,4.0,1.0,0.0,0.0,2.0,0.0,,0.0,0.0,0.0,0.0,0.0,0.0,,,,,,,,,,,,,,,,,,,,,,
2026,2021039119,2026-07-08,1800053,山口 航輝,,51,指,9,1.0,1.0,5.0,3.0,0.0,1.0,1.0,0.0,0.0,2.0,0.0,,2.0,0.0,0.0,0.0,0.0,0.0,,,,,,,,,,,,,,,,,,,,,,
2026,2021039119,2026-07-08,1800098,太田 椋,,1,二,11,1.0,1.0,5.0,4.0,0.0,0.0,0.0,0.0,0.0,0.0,0.0,,1.0,1.0,0.0,0.0,0.0,0.0,,,,,,,,,,,,,,,,,,,,,,
2026,2021039119,2026-07-08,1800102,宜保 翔,,53,走,11,1.0,0.0,0.0,0.0,0.0,0.0,0.0,0.0,0.0,0.0,0.0,,0.0,0.0,0.0,0.0,0.0,0.0,,,,,,,,,,,,,,,,,,,,,,
2026,2021039119,2026-07-08,1800104,中川 圭太,,67,中,11,1.0,1.0,5.0,5.0,1.0,2.0,0.0,0.0,0.0,1.0,0.0,,0.0,1.0,0.0,0.0,0.0,0.0,,,,,,,,,,,,,,,,,,,,,,
2026,2021039119,2026-07-08,1900081,佐藤 都志也,,32,捕,9,1.0,1.0,5.0,4.0,1.0,1.0,1.0,0.0,0.0,0.0,0.0,,1.0,0.0,0.0,0.0,0.0,0.0,,,,,,,,,,,,,,,,,,,,,,
2026,2021039119,2026-07-08,1900083,横山 陸人,Yokoyama Rikunin,15,,9,,,,,,,,,,,,,,,,,,,6.0,1.0,0.0,0.0,1.0,1.35,0.3333333333333333,0.1,,,24.0,2.0,2.0,0.0,0.0,,1.0,0.0,0.0,,4.0,10.0
2026,2021039119,2026-07-08,1900088,紅林 弘太郎,,24,遊,11,1.0,1.0,5.0,4.0,1.0,0.0,0.0,0.0,0.0,0.0,1.0,,1.0,1.0,0.0,0.0,0.0,0.0,,,,,,,,,,,,,,,,,,,,,,
2026,2021039119,2026-07-08,1950286,西川 史礁,,6,左,9,1.0,1.0,5.0,4.0,1.0,1.0,0.0,0.0,0.0,1.0,0.0,,0.0,0.0,1.0,0.0,0.0,0.0,,,,,,,,,,,,,,,,,,,,,,
2026,2021039119,2026-07-08,2000087,鈴木 昭汰,Suzuki Akira ?,47,,9,,,,,,,,,,,,,,,,,,,4.0,1.0,0.0,5.0,0.0,2.83,1.0,1.0,,,1.0,1.0,0.0,0.0,0.0,,1.0,1.0,0.0,,4.0,23.0
2026,2021039119,2026-07-08,2000088,中森 俊介,Nakamori Shunsuke,56,,9,,,,,,,,,,,,,,,,,,,5.0,1.0,0.0,1.0,0.0,0.47,1.0,1.0,,,1.0,0.0,0.0,0.0,0.0,,0.0,0.0,0.0,,3.0,9.0
2026,2021039119,2026-07-08,2000089,小川 龍成,,57,二,9,1.0,1.0,4.0,4.0,1.0,1.0,0.0,0.0,0.0,1.0,0.0,,0.0,0.0,0.0,0.0,0.0,0.0,,,,,,,,,,,,,,,,,,,,,,
2026,2021039119,2026-07-08,2000098,来田 涼斗,,38,右,11,1.0,1.0,4.0,4.0,1.0,3.0,1.0,0.0,0.0,1.0,0.0,,0.0,0.0,0.0,0.0,0.0,0.0,,,,,,,,,,,,,,,,,,,,,,
2026,2021039119,2026-07-08,2000102,川瀬 堅斗,Kawase Ken To,94,,11,,,,,,,,,,,,,,,,,,,6.0,1.0,0.0,0.0,0.0,3.48,1.0,1.0,,,0.0,2.0,1.0,1.0,0.0,,1.0,0.0,0.0,,6.0,24.0
2026,2021039119,2026-07-08,2103693,池田 来翔,,0,三,9,1.0,1.0,2.0,2.0,0.0,0.0,0.0,0.0,0.0,0.0,0.0,,0.0,1.0,0.0,0.0,0.0,0.0,,,,,,,,,,,,,,,,,,,,,,
2026,2021039119,2026-07-08,2103713,権田 琉成,Gonda Ryuu Sei,98,,11,,,,,,,,,,,,,,,,,,,5.0,1.0,0.0,1.0,0.0,3.26,1.6666666666666663,1.2,,,0.0,3.0,0.0,0.0,0.0,,0.0,1.0,0.0,,8.0,20.0
2026,2021039119,2026-07-08,2103747,渡部 遼人,,0,走,11,1.0,0.0,0.0,0.0,0.0,0.0,0.0,0.0,0.0,0.0,0.0,,0.0,0.0,0.0,0.0,0.0,0.0,,,,,,,,,,,,,,,,,,,,,,
2026,2021039119,2026-07-08,2106798,友杉 篤輝,,4,遊,9,1.0,1.0,4.0,3.0,2.0,1.0,0.0,0.0,0.0,0.0,0.0,,1.0,0.0,0.0,0.0,0.0,0.0,,,,,,,,,,,,,,,,,,,,,,
2026,2021039119,2026-07-08,2107872,才木 海翔,Sai Moku Kaishou,95,,11,,,,,,,,,,,,,,,,,,,3.0,1.0,0.0,0.0,0.0,6.75,0.3333333333333333,0.1,,,0.0,0.0,0.0,0.0,0.0,,0.0,0.0,0.0,,1.0,1.0
2026,2021039119,2026-07-08,2114737,廣池 康志郎,Hiroshi Chi Kou Shirou,64,,9,,,,,,,,,,,,,,,,,,,1.0,1.0,,2.0,4.0,3.58,3.333333333333333,3.1,,,0.0,7.0,4.0,4.0,1.0,,2.0,4.0,0.0,,19.0,71.0
2026,2021039120,2026-07-11,900056,浅村 栄斗,,3,一,376,1.0,1.0,4.0,4.0,0.0,1.0,0.0,0.0,0.0,0.0,0.0,,0.0,1.0,0.0,0.0,0.0,0.0,,,,,,,,,,,,,,,,,,,,,,
2026,2021039120,2026-07-11,1000128,柳田 悠岐,,9,指,12,1.0,1.0,4.0,4.0,0.0,1.0,1.0,0.0,0.0,1.0,0.0,,0.0,0.0,0.0,0.0,0.0,0.0,,,,,,,,,,,,,,,,,,,,,,
2026,2021039120,2026-07-11,1000175,牧原 大成,,8,二,12,1.0,1.0,4.0,4.0,0.0,1.0,0.0,0.0,0.0,0.0,0.0,,0.0,1.0,0.0,0.0,0.0,0.0,,,,,,,,,,,,,,,,,,,,,,
2026,2021039120,2026-07-11,1100097,近藤 健介,,3,左,12,1.0,1.0,5.0,4.0,0.0,1.0,0.0,0.0,0.0,0.0,0.0,,1.0,0.0,0.0,0.0,0.0,0.0,,,,,,,,,,,,,,,,,,,,,,
2026,2021039120,2026-07-11,1400126,松本 裕樹,Matsumoto Yuuki,66,,12,,,,,,,,,,,,,,,,,,,2.0,1.0,0.0,2.0,3.0,2.73,1.0,1.0,,,4.0,2.0,2.0,2.0,1.0,,0.0,0.0,0.0,,5.0,17.0
2026,2021039120,2026-07-11,1400127,栗原 陵矢,,24,三,12,1.0,1.0,5.0,5.0,0.0,0.0,0.0,0.0,0.0,0.0,0.0,,0.0,0.0,0.0,0.0,0.0,0.0,,,,,,,,,,,,,,,,,,,,,,
2026,2021039120,2026-07-11,1500140,谷川原 健太,,45,捕,12,1.0,0.0,0.0,0.0,0.0,0.0,0.0,0.0,0.0,0.0,0.0,,0.0,0.0,0.0,0.0,0.0,0.0,,,,,,,,,,,,,,,,,,,,,,
2026,2021039120,2026-07-11,1550517,大津 亮介,Ootsu Ryousuke,19,,12,,,,,,,,,,,,,,,,,,,1.0,1.0,,8.0,2.0,1.89,7.0,7.0,,,0.0,8.0,3.0,3.0,3.0,,0.0,2.0,0.0,,28.0,106.0
2026,2021039120,2026-07-11,1600007,村林 一輝,,6,二,376,1.0,1.0,4.0,4.0,0.0,1.0,0.0,0.0,0.0,0.0,0.0,,0.0,0.0,0.0,0.0,0.0,0.0,,,,,,,,,,,,,,,,,,,,,,
2026,2021039120,2026-07-11,1600092,藤平 尚真,Fujihira Shoushin,46,,376,,,,,,,,,,,,,,,,,,,4.0,1.0,0.0,0.0,1.0,2.28,1.0,1.0,,,16.0,0.0,0.0,0.0,0.0,,0.0,0.0,0.0,,3.0,8.0
2026,2021039120,2026-07-11,1650813,川村 友斗,,61,右,12,1.0,0.0,0.0,0.0,0.0,0.0,0.0,0.0,0.0,0.0,0.0,,0.0,0.0,0.0,0.0,0.0,0.0,,,,,,,,,,,,,,,,,,,,,,
2026,2021039120,2026-07-11,1700135,周東 佑京,,23,中,12,1.0,1.0,5.0,4.0,0.0,3.0,0.0,0.0,0.0,2.0,1.0,,0.0,0.0,1.0,0.0,0.0,0.0,,,,,,,,,,,,,,,,,,,,,,
2026,2021039120,2026-07-11,1800117,辰己 涼介,,8,中,376,1.0,1.0,4.0,4.0,2.0,1.0,0.0,0.0,1.0,1.0,0.0,,0.0,0.0,0.0,0.0,0.0,0.0,,,,,,,,,,,,,,,,,,,,,,
2026,2021039120,2026-07-11,1800118,太田 光,,2,捕,376,1.0,1.0,4.0,3.0,0.0,0.0,0.0,0.0,0.0,0.0,0.0,,0.0,0.0,0.0,1.0,0.0,0.0,,,,,,,,,,,,,,,,,,,,,,
2026,2021039120,2026-07-11,1851157,宗山 塁,,1,遊,376,1.0,1.0,4.0,4.0,0.0,1.0,1.0,0.0,0.0,0.0,0.0,,0.0,0.0,0.0,0.0,0.0,0.0,,,,,,,,,,,,,,,,,,,,,,
2026,2021039120,2026-07-11,1900101,海野 隆司,,62,捕,12,1.0,1.0,3.0,1.0,1.0,0.0,0.0,0.0,0.0,0.0,0.0,,1.0,1.0,0.0,1.0,0.0,0.0,,,,,,,,,,,,,,,,,,,,,,
2026,2021039120,2026-07-11,1900104,柳町 達,,32,右,12,1.0,1.0,4.0,4.0,0.0,0.0,0.0,0.0,0.0,0.0,0.0,,0.0,2.0,0.0,0.0,0.0,0.0,,,,,,,,,,,,,,,,,,,,,,
2026,2021039120,2026-07-11,1900112,小深田 大翔,,0,走指,376,1.0,0.0,0.0,0.0,0.0,0.0,0.0,0.0,0.0,0.0,0.0,,0.0,0.0,0.0,0.0,0.0,0.0,,,,,,,,,,,,,,,,,,,,,,
2026,2021039120,2026-07-11,1900113,黒川 史陽,,24,三,376,1.0,1.0,5.0,5.0,0.0,1.0,0.0,0.0,0.0,0.0,0.0,,0.0,0.0,0.0,0.0,0.0,0.0,,,,,,,,,,,,,,,,,,,,,,
2026,2021039120,2026-07-11,1900115,武藤 敦貴,,50,右,376,1.0,0.0,0.0,0.0,0.0,0.0,0.0,0.0,0.0,0.0,0.0,,0.0,0.0,0.0,0.0,0.0,0.0,,,,,,,,,,,,,,,,,,,,,,
2026,2021039120,2026-07-11,1950149,庄子 雄大,,25,遊,12,1.0,1.0,4.0,3.0,1.0,1.0,0.0,0.0,0.0,0.0,0.0,,1.0,0.0,0.0,0.0,0.0,0.0,,,,,,,,,,,,,,,,,,,,,,
2026,2021039120,2026-07-11,1950278,中島 大輔,,32,右左,376,1.0,1.0,5.0,5.0,0.0,2.0,0.0,0.0,0.0,0.0,0.0,,0.0,0.0,0.0,0.0,0.0,0.0,,,,,,,,,,,,,,,,,,,,,,
2026,2021039120,2026-07-11,2000121,早川 隆久,Hayakawa Takahisa,21,,376,,,,,,,,,,,,,,,,,,,1.0,1.0,,4.0,3.0,2.22,6.0,6.0,,,0.0,6.0,3.0,3.0,0.0,,3.0,4.0,1.0,,28.0,110.0
2026,2021039120,2026-07-11,2101257,ダウンズ,,4,打,12,1.0,0.0,1.0,1.0,0.0,0.0,0.0,0.0,0.0,0.0,0.0,,0.0,1.0,0.0,0.0,0.0,0.0,,,,,,,,,,,,,,,,,,,,,,
2026,2021039120,2026-07-11,2102969,鈴木 豪太,Suzuki Gouta,26,,12,,,,,,,,,,,,,,,,,,,3.0,1.0,0.0,1.0,0.0,2.13,1.0,1.0,,,0.0,2.0,0.0,0.0,0.0,,0.0,0.0,0.0,,5.0,21.0
2026,2021039120,2026-07-11,2103735,正木 智也,,31,一,12,1.0,1.0,5.0,4.0,1.0,1.0,0.0,0.0,0.0,0.0,0.0,,1.0,1.0,0.0,0.0,0.0,0.0,,,,,,,,,,,,,,,,,,,,,,
2026,2021039120,2026-07-11,2103740,YG安田,,55,指,376,1.0,1.0,4.0,4.0,0.0,2.0,0.0,0.0,0.0,0.0,0.0,,0.0,0.0,0.0,0.0,0.0,0.0,,,,,,,,,,,,,,,,,,,,,,
2026,2021039120,2026-07-11,2107899,田中 千晴,Tanaka Chiharu,29,,376,,,,,,,,,,,,,,,,,,,2.0,1.0,0.0,1.0,2.0,3.0,1.0,1.0,,,1.0,2.0,0.0,0.0,0.0,,0.0,0.0,0.0,,5.0,12.0
2026,2021039120,2026-07-11,2121018,九谷 瑠,Kutani ?,45,,376,,,,,,,,,,,,,,,,,,,3.0,1.0,0.0,0.0,0.0,1.17,1.0,1.0,,,0.0,0.0,0.0,0.0,0.0,,1.0,2.0,0.0,,4.0,17.0
2026,2021039120,2026-07-11,2122300,マッカスカー,,34,左,376,1.0,1.0,4.0,4.0,3.0,3.0,0.0,0.0,3.0,4.0,0.0,,0.0,1.0,0.0,0.0,0.0,0.0,,,,,,,,,,,,,,,,,,,,,,
2026,2021039121,2026-07-01,800043,丸 佳浩,,8,打,1,1.0,0.0,1.0,1.0,0.0,0.0,0.0,0.0,0.0,0.0,0.0,,0.0,0.0,0.0,0.0,0.0,0.0,,,,,,,,,,,,,,,,,,,,,,
2026,2021039121,2026-07-01,1000002,筒香 嘉智,,25,三,3,1.0,1.0,5.0,5.0,0.0,0.0,0.0,0.0,0.0,0.0,0.0,,0.0,4.0,0.0,0.0,0.0,0.0,,,,,,,,,,,,,,,,,,,,,,
2026,2021039121,2026-07-01,1100095,松本 剛,,9,左,1,1.0,1.0,5.0,3.0,1.0,0.0,0.0,0.0,0.0,0.0,0.0,,1.0,1.0,0.0,1.0,0.0,1.0,,,,,,,,,,,,,,,,,,,,,,
2026,2021039121,2026-07-01,1200053,宮崎 敏郎,,51,打,3,1.0,0.0,1.0,1.0,0.0,0.0,0.0,0.0,0.0,0.0,0.0,,0.0,0.0,0.0,0.0,0.0,0.0,,,,,,,,,,,,,,,,,,,,,,
2026,2021039121,2026-07-01,1200062,藤浪 晋太郎,Fujinami Shintarou,27,投,3,1.0,1.0,1.0,0.0,0.0,0.0,0.0,0.0,0.0,0.0,0.0,,0.0,0.0,0.0,1.0,0.0,0.0,1.0,1.0,,0.0,0.0,9.0,3.0,3.0,,,0.0,3.0,3.0,3.0,0.0,,6.0,4.0,0.0,,18.0,94.0
2026,2021039121,2026-07-01,1300027,小林 誠司,,22,捕,1,1.0,0.0,1.0,0.0,0.0,0.0,0.0,0.0,0.0,0.0,0.0,,1.0,0.0,0.0,0.0,0.0,0.0,,,,,,,,,,,,,,,,,,,,,,
2026,2021039121,2026-07-01,1500052,中川 皓太,Nakagawa Kouta,41,投,1,1.0,0.0,0.0,0.0,0.0,0.0,0.0,0.0,0.0,0.0,0.0,,0.0,0.0,0.0,0.0,0.0,0.0,2.0,1.0,0.0,2.0,0.0,1.77,1.0,1.0,,,0.0,0.0,0.0,0.0,0.0,,0.0,1.0,0.0,,3.0,15.0
2026,2021039121,2026-07-01,1500054,増田 大輝,,0,走右,1,1.0,0.0,1.0,1.0,1.0,0.0,0.0,0.0,0.0,0.0,0.0,,0.0,0.0,0.0,0.0,0.0,0.0,,,,,,,,,,,,,,,,,,,,,,
2026,2021039121,2026-07-01,1561820,ダルベック,,29,一,1,1.0,1.0,5.0,3.0,1.0,1.0,1.0,0.0,0.0,1.0,0.0,,1.0,0.0,0.0,0.0,1.0,0.0,,,,,,,,,,,,,,,,,,,,,,
2026,2021039121,2026-07-01,1600089,佐野 恵太,,7,一,3,1.0,1.0,4.0,4.0,1.0,1.0,0.0,0.0,0.0,0.0,0.0,,0.0,0.0,0.0,0.0,0.0,0.0,,,,,,,,,,,,,,,,,,,,,,
2026,2021039121,2026-07-01,1600116,浜地 真澄,Hamachi Masumi,52,投,3,1.0,0.0,0.0,0.0,0.0,0.0,0.0,0.0,0.0,0.0,0.0,,0.0,0.0,0.0,0.0,0.0,0.0,3.0,1.0,0.0,0.0,0.0,0.0,1.0,1.0,,,0.0,1.0,0.0,0.0,0.0,,0.0,2.0,0.0,,4.0,20.0
2026,2021039121,2026-07-01,1600167,三森 大貴,,26,走,3,1.0,0.0,0.0,0.0,0.0,0.0,0.0,0.0,0.0,0.0,0.0,,0.0,0.0,0.0,0.0,0.0,0.0,,,,,,,,,,,,,,,,,,,,,,
2026,2021039121,2026-07-01,1700010,マルティネス,Marutinesu,92,投,1,1.0,0.0,0.0,0.0,0.0,0.0,0.0,0.0,0.0,0.0,0.0,,0.0,0.0,0.0,0.0,0.0,0.0,4.0,1.0,0.0,1.0,2.0,1.48,1.0,1.0,,,26.0,2.0,0.0,0.0,0.0,,0.0,2.0,0.0,,5.0,21.0
2026,2021039121,2026-07-01,1700027,田中 瑛斗,Tanaka Akira To,45,投,1,1.0,0.0,0.0,0.0,0.0,0.0,0.0,0.0,0.0,0.0,0.0,,0.0,0.0,0.0,0.0,0.0,0.0,3.0,1.0,0.0,1.0,2.0,1.86,1.0,1.0,,,1.0,0.0,0.0,0.0,0.0,,1.0,0.0,0.0,,4.0,15.0
2026,2021039121,2026-07-01,1700044,大城 卓三,,24,捕,1,1.0,1.0,4.0,3.0,0.0,2.0,2.0,0.0,0.0,1.0,0.0,,1.0,0.0,0.0,0.0,0.0,0.0,,,,,,,,,,,,,,,,,,,,,,
2026,2021039121,2026-07-01,1700067,中川 虎大,Nakagawa Toradai,64,投,3,1.0,0.0,0.0,0.0,0.0,0.0,0.0,0.0,0.0,0.0,0.0,,0.0,0.0,0.0,0.0,0.0,0.0,5.0,1.0,0.0,4.0,4.0,2.64,1.0,1.0,,,0.0,2.0,2.0,2.0,0.0,,1.0,1.0,0.0,,6.0,21.0
2026,2021039121,2026-07-01,1700136,リチャード,,52,三,1,1.0,1.0,3.0,3.0,0.0,0.0,0.0,0.0,0.0,0.0,0.0,,0.0,2.0,0.0,0.0,0.0,0.0,,,,,,,,,,,,,,,,,,,,,,
2026,2021039121,2026-07-01,1750321,泉口 友汰,,35,打遊,1,1.0,0.0,2.0,2.0,0.0,1.0,0.0,0.0,0.0,1.0,0.0,,0.0,0.0,0.0,0.0,0.0,0.0,,,,,,,,,,,,,,,,,,,,,,
2026,2021039121,2026-07-01,1800046,勝又 温史,,28,左,3,1.0,1.0,5.0,4.0,1.0,1.0,0.0,0.0,0.0,0.0,0.0,,1.0,0.0,0.0,0.0,0.0,0.0,,,,,,,,,,,,,,,,,,,,,,
2026,2021039121,2026-07-01,1850873,度会 隆輝,,4,打,3,1.0,0.0,1.0,1.0,0.0,0.0,0.0,0.0,0.0,0.0,0.0,,0.0,1.0,0.0,0.0,0.0,0.0,,,,,,,,,,,,,,,,,,,,,,
2026,2021039121,2026-07-01,1900035,蝦名 達夫,,61,中,3,1.0,1.0,4.0,4.0,0.0,1.0,0.0,0.0,0.0,1.0,0.0,,0.0,0.0,0.0,0.0,0.0,0.0,,,,,,,,,,,,,,,,,,,,,,
2026,2021039121,2026-07-01,1951153,浦田 俊輔,,32,遊二,1,1.0,1.0,5.0,3.0,1.0,1.0,0.0,0.0,0.0,0.0,1.0,,2.0,0.0,0.0,0.0,0.0,0.0,,,,,,,,,,,,,,,,,,,,,,
2026,2021039121,2026-07-01,2000035,牧 秀悟,,2,二,3,1.0,1.0,5.0,4.0,1.0,1.0,0.0,0.0,0.0,0.0,0.0,,1.0,0.0,0.0,0.0,0.0,0.0,,,,,,,,,,,,,,,,,,,,,,
2026,2021039121,2026-07-01,2000059,岩田 将貴,Iwata Masaki,68,投,3,1.0,0.0,0.0,0.0,0.0,0.0,0.0,0.0,0.0,0.0,0.0,,0.0,0.0,0.0,0.0,0.0,0.0,2.0,1.0,0.0,0.0,0.0,0.51,1.0,1.0,,,0.0,0.0,0.0,0.0,0.0,,0.0,0.0,0.0,,3.0,16.0
2026,2021039121,2026-07-01,2100014,宮下 朝陽,,34,遊,3,1.0,1.0,4.0,3.0,0.0,2.0,0.0,0.0,0.0,0.0,0.0,,1.0,1.0,0.0,0.0,0.0,0.0,,,,,,,,,,,,,,,,,,,,,,
2026,2021039121,2026-07-01,2100225,笹原 操希,,95,右,1,1.0,1.0,4.0,4.0,0.0,1.0,0.0,0.0,0.0,1.0,0.0,,0.0,3.0,0.0,0.0,0.0,0.0,,,,,,,,,,,,,,,,,,,,,,
2026,2021039121,2026-07-01,2100277,松尾 汐恩,,5,捕,3,1.0,1.0,4.0,2.0,0.0,0.0,0.0,0.0,0.0,0.0,0.0,,2.0,0.0,0.0,0.0,0.0,0.0,,,,,,,,,,,,,,,,,,,,,,
2026,2021039121,2026-07-01,2103703,梶原 昂希,,58,走,3,1.0,0.0,0.0,0.0,0.0,0.0,0.0,0.0,0.0,0.0,0.0,,0.0,0.0,0.0,0.0,0.0,0.0,,,,,,,,,,,,,,,,,,,,,,
2026,2021039121,2026-07-01,2105707,吉野 光樹,Yoshino Hikariju,24,投,3,1.0,0.0,0.0,0.0,0.0,0.0,0.0,0.0,0.0,0.0,0.0,,0.0,0.0,0.0,0.0,0.0,0.0,7.0,1.0,0.0,0.0,1.0,4.73,1.0,1.0,,,0.0,0.0,0.0,0.0,0.0,,1.0,0.0,0.0,,4.0,11.0
2026,2021039121,2026-07-01,2105891,マルセリーノ,Mal Cereno,98,投,3,1.0,0.0,0.0,0.0,0.0,0.0,0.0,0.0,0.0,0.0,0.0,,0.0,0.0,0.0,0.0,0.0,1.0,4.0,1.0,0.0,1.0,0.0,4.24,1.0,1.0,,,0.0,1.0,0.0,0.0,0.0,,0.0,1.0,0.0,,5.0,12.0
2026,2021039121,2026-07-01,2107753,若松 尚輝,Wakamatsu Naoki,39,投,3,1.0,0.0,0.0,0.0,0.0,0.0,0.0,0.0,0.0,0.0,0.0,,0.0,0.0,0.0,0.0,0.0,0.0,6.0,1.0,0.0,0.0,0.0,2.86,1.0,1.0,,,0.0,1.0,0.0,0.0,0.0,,1.0,0.0,0.0,,4.0,17.0
2026,2021039121,2026-07-01,2107874,門脇 誠,,5,二三,1,1.0,1.0,5.0,3.0,0.0,1.0,0.0,0.0,0.0,1.0,0.0,,1.0,0.0,0.0,1.0,0.0,0.0,,,,,,,,,,,,,,,,,,,,,,
2026,2021039121,2026-07-01,2108195,エンカーナシオン,,69,右,3,1.0,1.0,4.0,4.0,1.0,1.0,0.0,0.0,1.0,3.0,0.0,,0.0,2.0,0.0,0.0,0.0,0.0,,,,,,,,,,,,,,,,,,,,,,
2026,2021039121,2026-07-01,2112189,石上 泰輝,,44,打,3,1.0,0.0,1.0,0.0,0.0,0.0,0.0,0.0,0.0,0.0,0.0,,0.0,0.0,0.0,1.0,0.0,0.0,,,,,,,,,,,,,,,,,,,,,,
2026,2021039121,2026-07-01,2118420,キャベッジ,,13,中,1,1.0,1.0,5.0,3.0,1.0,1.0,1.0,0.0,0.0,0.0,0.0,,2.0,1.0,0.0,0.0,0.0,0.0,,,,,,,,,,,,,,,,,,,,,,
2026,2021039121,2026-07-01,2118993,竹丸 和幸,Takemaru Kazuyuki,21,投,1,1.0,1.0,3.0,2.0,0.0,0.0,0.0,0.0,0.0,0.0,0.0,,0.0,1.0,0.0,1.0,0.0,0.0,1.0,1.0,,6.0,6.0,2.96,6.0,6.0,,,0.0,5.0,4.0,4.0,1.0,,4.0,5.0,0.0,,27.0,107.0
2026,2021039122,2026-07-03,500014,涌井 秀章,Wakui Hideaki,20,投,4,1.0,1.0,3.0,2.0,0.0,0.0,0.0,0.0,0.0,0.0,0.0,,1.0,2.0,0.0,0.0,0.0,0.0,1.0,1.0,,1.0,0.0,3.13,6.0,6.0,,,0.0,6.0,1.0,1.0,0.0,,0.0,2.0,0.0,,22.0,93.0
2026,2021039122,2026-07-03,1100082,菊池 涼介,,33,二,6,1.0,1.0,4.0,4.0,0.0,2.0,2.0,0.0,0.0,0.0,0.0,,0.0,0.0,0.0,0.0,0.0,0.0,,,,,,,,,,,,,,,,,,,,,,
2026,2021039122,2026-07-03,1400160,加藤 匠馬,,49,捕,4,1.0,1.0,4.0,4.0,0.0,1.0,0.0,0.0,0.0,0.0,0.0,,0.0,1.0,0.0,0.0,0.0,0.0,,,,,,,,,,,,,,,,,,,,,,
2026,2021039122,2026-07-03,1400199,齋藤 綱記,Saitou Tsunaki,59,投,4,1.0,0.0,0.0,0.0,0.0,0.0,0.0,0.0,0.0,0.0,0.0,,0.0,0.0,0.0,0.0,0.0,0.0,2.0,1.0,0.0,2.0,2.0,3.04,1.0,1.0,,,0.0,0.0,0.0,0.0,0.0,,0.0,0.0,0.0,,3.0,14.0
2026,2021039122,2026-07-03,1500091,板山 祐太郎,,63,左右,4,1.0,0.0,1.0,1.0,0.0,0.0,0.0,0.0,0.0,0.0,0.0,,0.0,1.0,0.0,0.0,0.0,0.0,,,,,,,,,,,,,,,,,,,,,,
2026,2021039122,2026-07-03,1561854,サノー,,23,一,4,1.0,1.0,4.0,4.0,0.0,1.0,0.0,0.0,0.0,0.0,0.0,,0.0,1.0,0.0,0.0,0.0,0.0,,,,,,,,,,,,,,,,,,,,,,
2026,2021039122,2026-07-03,1600085,細川 成也,,55,左,4,1.0,1.0,4.0,2.0,2.0,0.0,0.0,0.0,0.0,0.0,0.0,,1.0,1.0,1.0,0.0,0.0,0.0,,,,,,,,,,,,,,,,,,,,,,
2026,2021039122,2026-07-03,1600124,坂倉 将吾,,31,三,6,1.0,1.0,4.0,4.0,0.0,0.0,0.0,0.0,0.0,0.0,0.0,,0.0,1.0,0.0,0.0,0.0,0.0,,,,,,,,,,,,,,,,,,,,,,
2026,2021039122,2026-07-03,1750223,村松 開人,,5,遊,4,1.0,1.0,5.0,5.0,2.0,2.0,0.0,0.0,0.0,0.0,0.0,,0.0,1.0,0.0,0.0,0.0,0.0,,,,,,,,,,,,,,,,,,,,,,
2026,2021039122,2026-07-03,1750701,田中 幹也,,2,二,4,1.0,1.0,4.0,4.0,0.0,0.0,0.0,0.0,0.0,0.0,0.0,,0.0,0.0,0.0,0.0,0.0,0.0,,,,,,,,,,,,,,,,,,,,,,
2026,2021039122,2026-07-03,1800072,小園 海斗,,5,遊,6,1.0,1.0,4.0,4.0,0.0,1.0,0.0,0.0,0.0,0.0,0.0,,0.0,1.0,0.0,0.0,0.0,0.0,,,,,,,,,,,,,,,,,,,,,,
2026,2021039122,2026-07-03,1800073,島内 颯太郎,Shimauchi Fuuta Rou,43,投,6,1.0,0.0,0.0,0.0,0.0,0.0,0.0,0.0,0.0,0.0,0.0,,0.0,0.0,0.0,0.0,0.0,0.0,3.0,1.0,0.0,0.0,1.0,3.86,1.0,1.0,,,0.0,0.0,0.0,0.0,0.0,,0.0,1.0,0.0,,3.0,16.0
2026,2021039122,2026-07-03,1800079,大盛 穂,,59,中,6,1.0,1.0,3.0,3.0,0.0,1.0,0.0,0.0,0.0,0.0,0.0,,0.0,0.0,0.0,0.0,0.0,0.0,,,,,,,,,,,,,,,,,,,,,,
2026,2021039122,2026-07-03,1850405,名原 典彦,,92,右,6,1.0,1.0,4.0,4.0,0.0,0.0,0.0,0.0,0.0,0.0,0.0,,0.0,0.0,0.0,0.0,0.0,0.0,,,,,,,,,,,,,,,,,,,,,,
2026,2021039122,2026-07-03,1900037,石川 昂弥,,25,三,4,1.0,1.0,4.0,3.0,2.0,2.0,0.0,0.0,1.0,5.0,0.0,,1.0,0.0,0.0,0.0,0.0,0.0,,,,,,,,,,,,,,,,,,,,,,
2026,2021039122,2026-07-03,1900041,岡林 勇希,,1,中,4,1.0,1.0,5.0,4.0,1.0,1.0,0.0,0.0,1.0,1.0,0.0,,1.0,0.0,0.0,0.0,0.0,0.0,,,,,,,,,,,,,,,,,,,,,,
2026,2021039122,2026-07-03,1900056,石原 貴規,,32,捕,6,1.0,1.0,2.0,2.0,1.0,1.0,1.0,0.0,0.0,0.0,0.0,,0.0,0.0,0.0,0.0,0.0,0.0,,,,,,,,,,,,,,,,,,,,,,
2026,2021039122,2026-07-03,1900058,持丸 泰輝,,57,打捕,6,1.0,0.0,1.0,1.0,0.0,0.0,0.0,0.0,0.0,0.0,0.0,,0.0,0.0,0.0,0.0,0.0,0.0,,,,,,,,,,,,,,,,,,,,,,
2026,2021039122,2026-07-03,1961300,ボスラー,,24,右一,4,1.0,1.0,4.0,4.0,1.0,2.0,0.0,0.0,1.0,2.0,0.0,,0.0,1.0,0.0,0.0,0.0,0.0,,,,,,,,,,,,,,,,,,,,,,
2026,2021039122,2026-07-03,1961927,モンテロ,,95,一,6,1.0,1.0,3.0,3.0,0.0,0.0,0.0,0.0,0.0,0.0,0.0,,0.0,0.0,0.0,0.0,0.0,0.0,,,,,,,,,,,,,,,,,,,,,,
2026,2021039122,2026-07-03,2000044,土田 龍空,,45,中,4,1.0,0.0,0.0,0.0,0.0,0.0,0.0,0.0,0.0,0.0,0.0,,0.0,0.0,0.0,0.0,0.0,0.0,,,,,,,,,,,,,,,,,,,,,,
2026,2021039122,2026-07-03,2060049,アブレウ,Abureu,28,投,4,1.0,0.0,0.0,0.0,0.0,0.0,0.0,0.0,0.0,0.0,0.0,,0.0,0.0,0.0,0.0,0.0,0.0,3.0,1.0,0.0,1.0,0.0,8.31,1.0,1.0,,,0.0,0.0,0.0,0.0,0.0,,0.0,0.0,0.0,,3.0,16.0
2026,2021039122,2026-07-03,2103788,森 翔平,Mori Shouhei,16,投,6,1.0,1.0,1.0,1.0,0.0,0.0,0.0,0.0,0.0,0.0,0.0,,0.0,0.0,0.0,0.0,0.0,0.0,1.0,1.0,,1.0,1.0,2.82,4.0,4.0,,,0.0,4.0,4.0,4.0,2.0,,3.0,3.0,0.0,,19.0,69.0
2026,2021039122,2026-07-03,2105174,辻本 倫太郎,,0,打遊,4,1.0,0.0,1.0,1.0,0.0,1.0,0.0,0.0,0.0,0.0,0.0,,0.0,0.0,0.0,0.0,0.0,0.0,,,,,,,,,,,,,,,,,,,,,,
2026,2021039122,2026-07-03,2106037,辻 大雅,Tsuji Taiga,98,投,6,1.0,0.0,0.0,0.0,0.0,0.0,0.0,0.0,0.0,0.0,0.0,,0.0,0.0,0.0,0.0,0.0,0.0,4.0,1.0,0.0,2.0,1.0,4.58,1.0,1.0,,,0.0,1.0,2.0,2.0,1.0,,1.0,0.0,0.0,,5.0,21.0
2026,2021039122,2026-07-03,2107086,牧野 憲伸,Makino Kenshin,68,投,4,1.0,0.0,0.0,0.0,0.0,0.0,0.0,0.0,0.0,0.0,0.0,,0.0,0.0,0.0,0.0,0.0,0.0,4.0,1.0,0.0,0.0,3.0,3.45,1.0,1.0,,,0.0,1.0,0.0,0.0,0.0,,0.0,1.0,0.0,,4.0,10.0
2026,2021039122,2026-07-03,2107645,尾田 剛樹,,0,左,4,1.0,0.0,0.0,0.0,0.0,0.0,0.0,0.0,0.0,0.0,0.0,,0.0,0.0,0.0,0.0,0.0,0.0,,,,,,,,,,,,,,,,,,,,,,
2026,2021039122,2026-07-03,2110267,常廣 羽也斗,Jou Hiroshiwa na To,17,投,6,1.0,0.0,0.0,0.0,0.0,0.0,0.0,0.0,0.0,0.0,0.0,,0.0,0.0,0.0,0.0,0.0,0.0,5.0,1.0,0.0,0.0,0.0,4.5,1.0,1.0,,,0.0,1.0,0.0,0.0,0.0,,0.0,2.0,0.0,,4.0,15.0
2026,2021039122,2026-07-03,2110422,勝田 成,,0,打,6,1.0,0.0,1.0,1.0,0.0,0.0,0.0,0.0,0.0,0.0,0.0,,0.0,0.0,0.0,0.0,0.0,0.0,,,,,,,,,,,,,,,,,,,,,,
2026,2021039122,2026-07-03,2112143,佐藤 啓介,,94,打,6,1.0,0.0,1.0,1.0,0.0,1.0,0.0,0.0,0.0,1.0,0.0,,0.0,0.0,0.0,0.0,0.0,0.0,,,,,,,,,,,,,,,,,,,,,,
2026,2021039122,2026-07-03,2114882,ファビアン,,61,左,6,1.0,1.0,4.0,4.0,0.0,1.0,0.0,0.0,0.0,0.0,0.0,,0.0,1.0,0.0,0.0,0.0,0.0,,,,,,,,,,,,,,,,,,,,,,
2026,2021039122,2026-07-03,2117693,菊地 ハルン,Kikuchi Haru n,67,投,6,1.0,0.0,0.0,0.0,0.0,0.0,0.0,0.0,0.0,0.0,0.0,,0.0,0.0,0.0,0.0,0.0,0.0,2.0,1.0,0.0,0.0,0.0,9.0,1.0,1.0,,,0.0,4.0,2.0,2.0,0.0,,0.0,2.0,1.0,,8.0,29.0
2026,2021039123,2026-07-04,900044,中村 悠平,,27,捕,2,1.0,1.0,3.0,3.0,0.0,1.0,0.0,0.0,0.0,0.0,0.0,,0.0,0.0,0.0,0.0,0.0,0.0,,,,,,,,,,,,,,,,,,,,,,
2026,2021039123,2026-07-04,1300073,梅野 隆太郎,,2,捕,5,1.0,1.0,3.0,3.0,0.0,1.0,1.0,0.0,0.0,0.0,0.0,,0.0,1.0,0.0,0.0,0.0,0.0,,,,,,,,,,,,,,,,,,,,,,
2026,2021039123,2026-07-04,1600033,ドリス,Doris,98,投,5,1.0,0.0,0.0,0.0,0.0,0.0,0.0,0.0,0.0,0.0,0.0,,0.0,0.0,0.0,0.0,0.0,0.0,3.0,1.0,0.0,2.0,2.0,1.59,1.0,1.0,,,12.0,2.0,1.0,1.0,0.0,,0.0,1.0,0.0,,4.0,12.0
2026,2021039123,2026-07-04,1600078,古賀 優大,,2,捕,2,1.0,0.0,0.0,0.0,0.0,0.0,0.0,0.0,0.0,0.0,0.0,,0.0,0.0,0.0,0.0,0.0,0.0,,,,,,,,,,,,,,,,,,,,,,
2026,2021039123,2026-07-04,1600113,大山 悠輔,,3,一,5,1.0,1.0,3.0,3.0,0.0,0.0,0.0,0.0,0.0,0.0,0.0,,0.0,0.0,0.0,0.0,0.0,0.0,,,,,,,,,,,,,,,,,,,,,,
2026,2021039123,2026-07-04,1700079,熊谷 敬宥,,4,遊,5,1.0,1.0,3.0,3.0,0.0,0.0,0.0,0.0,0.0,0.0,0.0,,0.0,0.0,0.0,0.0,0.0,0.0,,,,,,,,,,,,,,,,,,,,,,
2026,2021039123,2026-07-04,1700087,塩見 泰隆,,9,打右,2,1.0,0.0,1.0,1.0,0.0,0.0,0.0,0.0,0.0,0.0,0.0,,0.0,0.0,0.0,0.0,0.0,0.0,,,,,,,,,,,,,,,,,,,,,,
2026,2021039123,2026-07-04,1700131,増田 珠,,63,右左,2,1.0,1.0,4.0,4.0,0.0,1.0,0.0,0.0,0.0,0.0,0.0,,0.0,1.0,0.0,0.0,0.0,0.0,,,,,,,,,,,,,,,,,,,,,,
2026,2021039123,2026-07-04,1750696,松本 健吾,Matsumoto Kengo,28,投,2,1.0,1.0,2.0,2.0,0.0,0.0,0.0,0.0,0.0,0.0,0.0,,0.0,2.0,0.0,0.0,0.0,0.0,1.0,1.0,,5.0,2.0,2.85,7.0,7.0,,,0.0,3.0,1.0,1.0,1.0,,0.0,5.0,0.0,,23.0,103.0
2026,2021039123,2026-07-04,1800065,近本 光司,,5,中,5,1.0,1.0,4.0,4.0,1.0,1.0,0.0,0.0,0.0,0.0,0.0,,0.0,1.0,0.0,0.0,0.0,0.0,,,,,,,,,,,,,,,,,,,,,,
2026,2021039123,2026-07-04,1800082,山野辺 翔,,37,走左,2,1.0,0.0,0.0,0.0,1.0,0.0,0.0,0.0,0.0,0.0,0.0,,0.0,0.0,0.0,0.0,0.0,1.0,,,,,,,,,,,,,,,,,,,,,,
2026,2021039123,2026-07-04,1850183,森下 翔太,,1,右,5,1.0,1.0,4.0,4.0,0.0,2.0,0.0,0.0,0.0,0.0,0.0,,0.0,0.0,0.0,0.0,0.0,0.0,,,,,,,,,,,,,,,,,,,,,,
2026,2021039123,2026-07-04,1900028,長岡 秀樹,,7,遊,2,1.0,1.0,4.0,4.0,0.0,1.0,1.0,0.0,0.0,0.0,0.0,,0.0,1.0,0.0,0.0,0.0,0.0,,,,,,,,,,,,,,,,,,,,,,
2026,2021039123,2026-07-04,1950996,前川 右京,,58,左,5,1.0,1.0,3.0,3.0,0.0,0.0,0.0,0.0,0.0,0.0,0.0,,0.0,0.0,0.0,0.0,0.0,0.0,,,,,,,,,,,,,,,,,,,,,,
2026,2021039123,2026-07-04,2000026,内山 壮真,,3,二,2,1.0,1.0,4.0,3.0,0.0,2.0,1.0,0.0,0.0,0.0,0.0,,1.0,0.0,0.0,0.0,0.0,0.0,,,,,,,,,,,,,,,,,,,,,,
2026,2021039123,2026-07-04,2000031,赤羽 由紘,,0,三,2,1.0,1.0,4.0,3.0,0.0,1.0,0.0,0.0,0.0,0.0,0.0,,1.0,1.0,0.0,0.0,0.0,0.0,,,,,,,,,,,,,,,,,,,,,,
2026,2021039123,2026-07-04,2000033,丸山 翔大,Maruyama Shoudai,68,投,2,1.0,0.0,0.0,0.0,0.0,0.0,0.0,0.0,0.0,0.0,0.0,,0.0,0.0,0.0,0.0,0.0,0.0,2.0,1.0,0.0,0.0,0.0,2.21,1.0,1.0,,,0.0,0.0,0.0,0.0,0.0,,0.0,1.0,0.0,,3.0,13.0
2026,2021039123,2026-07-04,2000051,佐藤 輝明,,8,三,5,1.0,1.0,3.0,3.0,1.0,1.0,0.0,0.0,1.0,1.0,0.0,,0.0,1.0,0.0,0.0,0.0,1.0,,,,,,,,,,,,,,,,,,,,,,
2026,2021039123,2026-07-04,2000052,伊藤 将司,Itou Masashi,27,投,5,1.0,1.0,2.0,2.0,0.0,0.0,0.0,0.0,0.0,0.0,0.0,,0.0,2.0,0.0,0.0,0.0,0.0,1.0,1.0,,0.0,0.0,3.14,7.0,7.0,,,0.0,3.0,0.0,0.0,0.0,,2.0,6.0,0.0,,25.0,92.0
2026,2021039123,2026-07-04,2000056,中野 拓夢,,7,二,5,1.0,1.0,4.0,3.0,0.0,0.0,0.0,0.0,0.0,0.0,0.0,,1.0,1.0,0.0,0.0,0.0,0.0,,,,,,,,,,,,,,,,,,,,,,
2026,2021039123,2026-07-04,2000057,高寺 望夢,,67,左,5,1.0,0.0,1.0,0.0,0.0,0.0,0.0,0.0,0.0,0.0,0.0,,0.0,0.0,1.0,0.0,0.0,0.0,,,,,,,,,,,,,,,,,,,,,,
2026,2021039123,2026-07-04,2000135,サンタナ,,25,左,2,1.0,1.0,4.0,3.0,0.0,0.0,0.0,0.0,0.0,0.0,0.0,,1.0,2.0,0.0,0.0,0.0,0.0,,,,,,,,,,,,,,,,,,,,,,
2026,2021039123,2026-07-04,2103917,岩田 幸宏,,64,中,2,1.0,1.0,4.0,4.0,0.0,0.0,0.0,0.0,0.0,0.0,0.0,,0.0,0.0,0.0,0.0,0.0,0.0,,,,,,,,,,,,,,,,,,,,,,
2026,2021039123,2026-07-04,2107178,モンテル,,90,走中,2,1.0,0.0,1.0,1.0,0.0,0.0,0.0,0.0,0.0,0.0,0.0,,0.0,1.0,0.0,0.0,0.0,0.0,,,,,,,,,,,,,,,,,,,,,,
2026,2021039123,2026-07-04,2108913,セデーニョ,,98,一,2,1.0,1.0,4.0,4.0,0.0,0.0,0.0,0.0,0.0,0.0,0.0,,0.0,1.0,0.0,0.0,0.0,0.0,,,,,,,,,,,,,,,,,,,,,,
2026,2021039123,2026-07-04,2112146,工藤 泰成,Kudou Yasunari,49,投,5,1.0,0.0,0.0,0.0,0.0,0.0,0.0,0.0,0.0,0.0,0.0,,0.0,0.0,0.0,0.0,0.0,0.0,2.0,1.0,0.0,0.0,0.0,1.69,1.0,1.0,,,0.0,1.0,0.0,0.0,0.0,,1.0,2.0,0.0,,6.0,24.0
2026,2021039123,2026-07-04,2122334,リランソ,Riran Soviet,62,投,2,1.0,0.0,0.0,0.0,0.0,0.0,0.0,0.0,0.0,0.0,0.0,,0.0,0.0,0.0,0.0,0.0,0.0,3.0,1.0,0.0,1.0,1.0,0.0,0.3333333333333333,0.1,,,0.0,2.0,1.0,0.0,0.0,,1.0,0.0,1.0,,4.0,21.0
2026,2021039124,2026-07-11,1100061,桑原 将志,,7,中,7,1.0,1.0,2.0,2.0,0.0,0.0,0.0,0.0,0.0,0.0,0.0,,0.0,0.0,0.0,0.0,0.0,0.0,,,,,,,,,,,,,,,,,,,,,,
2026,2021039124,2026-07-11,1300061,中村 祐太,Nakamura Yuuta,58,,7,,,,,,,,,,,,,,,,,,,4.0,1.0,0.0,0.0,0.0,1.69,1.0,1.0,,,0.0,0.0,0.0,0.0,0.0,,0.0,2.0,0.0,,3.0,13.0
2026,2021039124,2026-07-11,1400182,高橋 光成,Takahashi Mitsunari,13,,7,,,,,,,,,,,,,,,,,,,1.0,1.0,,7.0,4.0,2.31,4.333333333333333,4.1,,,0.0,8.0,7.0,7.0,2.0,,3.0,3.0,0.0,,24.0,85.0
2026,2021039124,2026-07-11,1400184,外崎 修汰,,5,打一,7,1.0,0.0,3.0,3.0,0.0,0.0,0.0,0.0,0.0,0.0,0.0,,0.0,1.0,0.0,0.0,0.0,0.0,,,,,,,,,,,,,,,,,,,,,,
2026,2021039124,2026-07-11,1400195,山崎 福也,Yamazaki Fuku na,18,,8,,,,,,,,,,,,,,,,,,,1.0,1.0,,2.0,0.0,2.74,5.0,5.0,,,0.0,7.0,2.0,2.0,1.0,,1.0,3.0,0.0,,23.0,69.0
2026,2021039124,2026-07-11,1500117,平沢 大河,,39,一,7,1.0,1.0,1.0,1.0,0.0,0.0,0.0,0.0,0.0,0.0,0.0,,0.0,0.0,0.0,0.0,0.0,0.0,,,,,,,,,,,,,,,,,,,,,,
2026,2021039124,2026-07-11,1600133,堀 瑞輝,Hori Mizu Akira,34,,8,,,,,,,,,,,,,,,,,,,3.0,1.0,0.0,2.0,0.0,2.19,1.0,1.0,,,0.0,1.0,0.0,0.0,0.0,,0.0,3.0,0.0,,4.0,16.0
2026,2021039124,2026-07-11,1600134,石井 一成,,4,二,7,1.0,1.0,4.0,4.0,0.0,1.0,0.0,0.0,0.0,0.0,0.0,,0.0,0.0,0.0,0.0,0.0,1.0,,,,,,,,,,,,,,,,,,,,,,
2026,2021039124,2026-07-11,1660299,林 安可,,73,左,7,1.0,1.0,4.0,4.0,1.0,2.0,0.0,0.0,1.0,2.0,0.0,,0.0,1.0,0.0,0.0,0.0,0.0,,,,,,,,,,,,,,,,,,,,,,
2026,2021039124,2026-07-11,1700122,西川 愛也,,51,中,7,1.0,0.0,2.0,2.0,0.0,0.0,0.0,0.0,0.0,0.0,0.0,,0.0,1.0,0.0,0.0,0.0,0.0,,,,,,,,,,,,,,,,,,,,,,
2026,2021039124,2026-07-11,1750472,古賀 悠斗,,22,捕,7,1.0,1.0,2.0,1.0,0.0,0.0,0.0,0.0,0.0,0.0,0.0,,1.0,1.0,0.0,0.0,0.0,0.0,,,,,,,,,,,,,,,,,,,,,,
2026,2021039124,2026-07-11,1800091,野村 佑希,,5,三,8,1.0,1.0,4.0,3.0,0.0,1.0,0.0,0.0,0.0,2.0,0.0,,0.0,0.0,0.0,0.0,1.0,0.0,,,,,,,,,,,,,,,,,,,,,,
2026,2021039124,2026-07-11,1800093,万波 中正,,66,右,8,1.0,1.0,4.0,4.0,2.0,3.0,2.0,0.0,0.0,1.0,0.0,,0.0,1.0,0.0,0.0,0.0,0.0,,,,,,,,,,,,,,,,,,,,,,
2026,2021039124,2026-07-11,1800095,田宮 裕涼,,64,捕,8,1.0,1.0,4.0,3.0,0.0,1.0,0.0,1.0,0.0,1.0,0.0,,0.0,0.0,0.0,0.0,1.0,0.0,,,,,,,,,,,,,,,,,,,,,,
2026,2021039124,2026-07-11,1851204,水野 達稀,,43,遊,8,1.0,1.0,5.0,4.0,1.0,1.0,0.0,0.0,1.0,1.0,0.0,,1.0,0.0,0.0,0.0,0.0,0.0,,,,,,,,,,,,,,,,,,,,,,
2026,2021039124,2026-07-11,1860140,レイエス,,99,指,8,1.0,1.0,4.0,3.0,1.0,1.0,0.0,0.0,0.0,0.0,0.0,,1.0,0.0,0.0,0.0,0.0,0.0,,,,,,,,,,,,,,,,,,,,,,
2026,2021039124,2026-07-11,1900040,郡司 裕也,,3,一,8,1.0,1.0,4.0,3.0,1.0,1.0,1.0,0.0,0.0,2.0,0.0,,1.0,0.0,0.0,0.0,0.0,0.0,,,,,,,,,,,,,,,,,,,,,,
2026,2021039124,2026-07-11,1900065,柘植 世那,,37,打捕,7,1.0,0.0,2.0,2.0,0.0,0.0,0.0,0.0,0.0,0.0,0.0,,0.0,2.0,0.0,0.0,0.0,0.0,,,,,,,,,,,,,,,,,,,,,,
2026,2021039124,2026-07-11,1900068,岸 潤一郎,,68,右,7,1.0,0.0,1.0,1.0,0.0,0.0,0.0,0.0,0.0,0.0,0.0,,0.0,1.0,0.0,0.0,0.0,0.0,,,,,,,,,,,,,,,,,,,,,,
2026,2021039124,2026-07-11,1950193,宮崎 一樹,,36,中左,8,1.0,1.0,5.0,5.0,1.0,1.0,0.0,0.0,1.0,1.0,0.0,,0.0,2.0,0.0,0.0,0.0,0.0,,,,,,,,,,,,,,,,,,,,,,
2026,2021039124,2026-07-11,1950417,渡部 聖弥,,8,三,7,1.0,1.0,4.0,4.0,0.0,2.0,0.0,0.0,0.0,0.0,0.0,,0.0,1.0,0.0,0.0,0.0,0.0,,,,,,,,,,,,,,,,,,,,,,
2026,2021039124,2026-07-11,1950486,進藤 勇也,,33,捕,8,1.0,0.0,0.0,0.0,0.0,0.0,0.0,0.0,0.0,0.0,0.0,,0.0,0.0,0.0,0.0,0.0,0.0,,,,,,,,,,,,,,,,,,,,,,
2026,2021039124,2026-07-11,2000077,豆田 泰志,Mameda Yasushi,70,,7,,,,,,,,,,,,,,,,,,,3.0,1.0,0.0,0.0,0.0,3.14,1.0,1.0,,,1.0,2.0,1.0,1.0,0.0,,1.0,1.0,0.0,,6.0,32.0
2026,2021039124,2026-07-11,2000080,五十幡 亮汰,,50,走中,8,1.0,0.0,1.0,1.0,0.0,0.0,0.0,0.0,0.0,0.0,0.0,,0.0,0.0,0.0,0.0,0.0,0.0,,,,,,,,,,,,,,,,,,,,,,
2026,2021039124,2026-07-11,2000082,細川 凌平,,56,走指,8,1.0,0.0,0.0,0.0,1.0,0.0,0.0,0.0,0.0,0.0,1.0,,0.0,0.0,0.0,0.0,0.0,0.0,,,,,,,,,,,,,,,,,,,,,,
2026,2021039124,2026-07-11,2050143,大塚 瑠晏,,49,二三,8,1.0,1.0,4.0,4.0,0.0,0.0,0.0,0.0,0.0,0.0,0.0,,0.0,2.0,0.0,0.0,0.0,0.0,,,,,,,,,,,,,,,,,,,,,,
2026,2021039124,2026-07-11,2050307,達 孝太,Tooru Kouta,16,,8,,,,,,,,,,,,,,,,,,,5.0,1.0,0.0,2.0,6.0,3.59,1.0,1.0,,,2.0,0.0,0.0,0.0,0.0,,0.0,3.0,0.0,,3.0,13.0
2026,2021039124,2026-07-11,2101047,ネビン,,26,指,7,1.0,1.0,4.0,4.0,0.0,1.0,1.0,0.0,0.0,0.0,0.0,,0.0,1.0,0.0,0.0,0.0,0.0,,,,,,,,,,,,,,,,,,,,,,
2026,2021039124,2026-07-11,2103618,滝澤 夏央,,62,遊,7,1.0,1.0,4.0,4.0,1.0,3.0,0.0,0.0,0.0,0.0,0.0,,0.0,0.0,0.0,0.0,0.0,0.0,,,,,,,,,,,,,,,,,,,,,,
2026,2021039124,2026-07-11,2103635,柳川 大晟,Yanagawadai Akira,47,,8,,,,,,,,,,,,,,,,,,,4.0,1.0,0.0,2.0,0.0,2.4,1.0,1.0,,,19.0,0.0,0.0,0.0,0.0,,0.0,0.0,0.0,,3.0,15.0
2026,2021039124,2026-07-11,2106794,上田 大河,Ueda Taiga,11,,7,,,,,,,,,,,,,,,,,,,2.0,1.0,0.0,2.0,1.0,1.76,1.6666666666666663,1.2,,,0.0,0.0,0.0,0.0,0.0,,0.0,0.0,0.0,,5.0,14.0
2026,2021039124,2026-07-11,2107859,金村 尚真,Kanemura Shoushin,24,,8,,,,,,,,,,,,,,,,,,,2.0,1.0,0.0,0.0,0.0,4.0,1.0,1.0,,,0.0,1.0,0.0,0.0,0.0,,0.0,2.0,0.0,,4.0,18.0
2026,2021039124,2026-07-11,2107900,吉田 賢吾,,60,左,8,1.0,1.0,3.0,2.0,1.0,1.0,0.0,0.0,0.0,0.0,0.0,,1.0,1.0,0.0,0.0,0.0,0.0,,,,,,,,,,,,,,,,,,,,,,
2026,2021039124,2026-07-11,2114529,山縣 秀,,54,走二,8,1.0,0.0,0.0,0.0,0.0,0.0,0.0,0.0,0.0,0.0,0.0,,0.0,0.0,0.0,0.0,0.0,0.0,,,,,,,,,,,,,,,,,,,,,,
2026,2021039124,2026-07-11,2117028,カナリオ,,25,右,7,1.0,1.0,4.0,4.0,0.0,0.0,0.0,0.0,0.0,0.0,0.0,,0.0,2.0,0.0,0.0,0.0,0.0,,,,,,,,,,,,,,,,,,,,,,
2026,2021039125,2026-07-12,700087,角中 勝也,,3,打指,9,1.0,0.0,2.0,2.0,0.0,0.0,0.0,0.0,0.0,0.0,0.0,,0.0,2.0,0.0,0.0,0.0,0.0,,,,,,,,,,,,,,,,,,,,,,
2026,2021039125,2026-07-12,1400196,宗 佑磨,,6,三,11,1.0,1.0,4.0,3.0,0.0,0.0,0.0,0.0,0.0,0.0,0.0,,0.0,1.0,1.0,0.0,0.0,0.0,,,,,,,,,,,,,,,,,,,,,,
2026,2021039125,2026-07-12,1500096,西川 龍馬,,7,指,11,1.0,1.0,4.0,3.0,1.0,1.0,0.0,0.0,1.0,1.0,0.0,,1.0,1.0,0.0,0.0,0.0,0.0,,,,,,,,,,,,,,,,,,,,,,
2026,2021039125,2026-07-12,1500102,愛斗,,50,中,9,1.0,1.0,2.0,2.0,0.0,0.0,0.0,0.0,0.0,0.0,0.0,,0.0,0.0,0.0,0.0,0.0,0.0,,,,,,,,,,,,,,,,,,,,,,
2026,2021039125,2026-07-12,1600155,山崎 颯一郎,Yamazaki Sai Ichirou,21,,11,,,,,,,,,,,,,,,,,,,2.0,1.0,0.0,1.0,3.0,2.27,0.6666666666666666,0.2,,,0.0,0.0,0.0,0.0,0.0,,1.0,0.0,0.0,,3.0,13.0
2026,2021039125,2026-07-12,1650056,福永 奨,,32,捕,11,1.0,1.0,4.0,3.0,0.0,1.0,0.0,0.0,0.0,0.0,0.0,,0.0,1.0,0.0,1.0,0.0,0.0,,,,,,,,,,,,,,,,,,,,,,
2026,2021039125,2026-07-12,1650722,杉澤 龍,,33,走指,11,1.0,0.0,1.0,1.0,0.0,0.0,0.0,0.0,0.0,0.0,0.0,,0.0,1.0,0.0,0.0,0.0,0.0,,,,,,,,,,,,,,,,,,,,,,
2026,2021039125,2026-07-12,1700020,ソト,,99,一,9,1.0,1.0,3.0,3.0,0.0,1.0,0.0,0.0,0.0,0.0,0.0,,0.0,2.0,0.0,0.0,0.0,0.0,,,,,,,,,,,,,,,,,,,,,,
2026,2021039125,2026-07-12,1700034,山崎 剛,,38,三遊,9,1.0,1.0,4.0,4.0,0.0,1.0,0.0,0.0,0.0,0.0,0.0,,0.0,0.0,0.0,0.0,0.0,0.0,,,,,,,,,,,,,,,,,,,,,,
2026,2021039125,2026-07-12,1700092,安田 尚憲,,5,打,9,1.0,0.0,1.0,1.0,0.0,0.0,0.0,0.0,0.0,0.0,0.0,,0.0,1.0,0.0,0.0,0.0,0.0,,,,,,,,,,,,,,,,,,,,,,
2026,2021039125,2026-07-12,1700098,和田 康士朗,,63,中,9,1.0,0.0,1.0,0.0,0.0,0.0,0.0,0.0,0.0,0.0,0.0,,1.0,0.0,0.0,0.0,0.0,0.0,,,,,,,,,,,,,,,,,,,,,,
2026,2021039125,2026-07-12,1750543,高島 泰都,Takashima Yasushi To,96,,11,,,,,,,,,,,,,,,,,,,1.0,1.0,,4.0,1.0,3.72,7.333333333333333,7.1,,,0.0,9.0,2.0,2.0,1.0,,1.0,6.0,1.0,,31.0,114.0
2026,2021039125,2026-07-12,1750667,山中 稜真,,50,左,11,1.0,1.0,5.0,5.0,0.0,2.0,0.0,1.0,0.0,1.0,0.0,,0.0,2.0,0.0,0.0,0.0,0.0,,,,,,,,,,,,,,,,,,,,,,
2026,2021039125,2026-07-12,1751068,野口 智哉,,9,二,11,1.0,1.0,4.0,4.0,0.0,1.0,0.0,0.0,0.0,0.0,0.0,,0.0,2.0,0.0,0.0,0.0,0.0,,,,,,,,,,,,,,,,,,,,,,
2026,2021039125,2026-07-12,1800037,坂本 光士郎,Sakamoto Hikari Shirou,36,,9,,,,,,,,,,,,,,,,,,,2.0,1.0,0.0,2.0,1.0,2.41,3.0,3.0,,,0.0,1.0,0.0,0.0,0.0,,1.0,2.0,0.0,,11.0,43.0
2026,2021039125,2026-07-12,1800050,藤原 恭大,,1,右,9,1.0,1.0,5.0,3.0,1.0,1.0,0.0,0.0,0.0,0.0,0.0,,1.0,0.0,1.0,0.0,0.0,0.0,,,,,,,,,,,,,,,,,,,,,,
2026,2021039125,2026-07-12,1800053,山口 航輝,,51,指,9,1.0,1.0,3.0,2.0,0.0,0.0,0.0,0.0,0.0,0.0,0.0,,0.0,1.0,1.0,0.0,0.0,0.0,,,,,,,,,,,,,,,,,,,,,,
2026,2021039125,2026-07-12,1800098,太田 椋,,1,一,11,1.0,1.0,4.0,4.0,2.0,1.0,0.0,0.0,0.0,0.0,0.0,,0.0,0.0,0.0,0.0,0.0,0.0,,,,,,,,,,,,,,,,,,,,,,
2026,2021039125,2026-07-12,1800104,中川 圭太,,67,中,11,1.0,1.0,4.0,4.0,0.0,1.0,0.0,0.0,0.0,0.0,0.0,,0.0,1.0,0.0,0.0,0.0,0.0,,,,,,,,,,,,,,,,,,,,,,
2026,2021039125,2026-07-12,1850947,上田 希由翔,,10,一,9,1.0,0.0,1.0,1.0,1.0,1.0,0.0,0.0,1.0,2.0,0.0,,0.0,0.0,0.0,0.0,0.0,0.0,,,,,,,,,,,,,,,,,,,,,,
2026,2021039125,2026-07-12,1900081,佐藤 都志也,,32,捕,9,1.0,1.0,4.0,4.0,0.0,1.0,0.0,0.0,0.0,0.0,0.0,,0.0,1.0,0.0,0.0,0.0,0.0,,,,,,,,,,,,,,,,,,,,,,
2026,2021039125,2026-07-12,1900088,紅林 弘太郎,,24,遊,11,1.0,1.0,4.0,3.0,1.0,0.0,0.0,0.0,0.0,0.0,0.0,,1.0,0.0,0.0,0.0,0.0,0.0,,,,,,,,,,,,,,,,,,,,,,
2026,2021039125,2026-07-12,1950286,西川 史礁,,6,左,9,1.0,1.0,5.0,5.0,1.0,2.0,1.0,1.0,0.0,1.0,0.0,,0.0,0.0,0.0,0.0,0.0,0.0,,,,,,,,,,,,,,,,,,,,,,
2026,2021039125,2026-07-12,1950700,大聖,Taisei,60,,9,,,,,,,,,,,,,,,,,,,3.0,1.0,0.0,0.0,0.0,18.0,1.0,1.0,,,0.0,3.0,2.0,2.0,0.0,,0.0,1.0,0.0,,6.0,23.0
2026,2021039125,2026-07-12,2000089,小川 龍成,,57,二,9,1.0,1.0,4.0,4.0,0.0,1.0,0.0,0.0,0.0,0.0,0.0,,0.0,0.0,0.0,0.0,0.0,0.0,,,,,,,,,,,,,,,,,,,,,,
2026,2021039125,2026-07-12,2000098,来田 涼斗,,38,右,11,1.0,1.0,4.0,4.0,3.0,3.0,1.0,0.0,2.0,5.0,0.0,,0.0,0.0,0.0,0.0,0.0,0.0,,,,,,,,,,,,,,,,,,,,,,
2026,2021039125,2026-07-12,2101204,ロング,Long,73,,9,,,,,,,,,,,,,,,,,,,1.0,1.0,,1.0,3.0,4.12,5.0,5.0,,,0.0,7.0,6.0,6.0,3.0,,1.0,6.0,1.0,,22.0,93.0
2026,2021039125,2026-07-12,2102926,寺地 隆成,,65,打三,9,1.0,0.0,2.0,2.0,0.0,1.0,0.0,0.0,0.0,0.0,0.0,,0.0,0.0,0.0,0.0,0.0,0.0,,,,,,,,,,,,,,,,,,,,,,
2026,2021039125,2026-07-12,2103747,渡部 遼人,,0,走中,11,1.0,0.0,1.0,1.0,1.0,1.0,0.0,1.0,0.0,1.0,0.0,,0.0,0.0,0.0,0.0,0.0,0.0,,,,,,,,,,,,,,,,,,,,,,
2026,2021039125,2026-07-12,2106798,友杉 篤輝,,4,遊,9,1.0,1.0,2.0,2.0,0.0,1.0,0.0,0.0,0.0,0.0,0.0,,0.0,0.0,0.0,0.0,0.0,0.0,,,,,,,,,,,,,,,,,,,,,,
2026,2021039125,2026-07-12,2107693,入山 海斗,Iriyama Kaito,68,,11,,,,,,,,,,,,,,,,,,,3.0,1.0,0.0,1.0,0.0,3.18,1.0,1.0,,,0.0,1.0,1.0,1.0,0.0,,0.0,1.0,1.0,,5.0,19.0
2026,2021039126,2026-07-01,900056,浅村 栄斗,,3,指,376,1.0,1.0,4.0,4.0,0.0,0.0,0.0,0.0,0.0,0.0,0.0,,0.0,0.0,0.0,0.0,0.0,0.0,,,,,,,,,,,,,,,,,,,,,,
2026,2021039126,2026-07-01,1000035,今宮 健太,,6,打三,12,1.0,0.0,1.0,1.0,0.0,0.0,0.0,0.0,0.0,0.0,0.0,,0.0,0.0,0.0,0.0,0.0,0.0,,,,,,,,,,,,,,,,,,,,,,
2026,2021039126,2026-07-01,1000128,柳田 悠岐,,9,指,12,1.0,1.0,5.0,5.0,2.0,3.0,1.0,0.0,0.0,1.0,0.0,,0.0,1.0,0.0,0.0,0.0,0.0,,,,,,,,,,,,,,,,,,,,,,
2026,2021039126,2026-07-01,1000175,牧原 大成,,8,二,12,1.0,1.0,5.0,5.0,1.0,3.0,0.0,0.0,1.0,4.0,0.0,,0.0,0.0,0.0,0.0,0.0,0.0,,,,,,,,,,,,,,,,,,,,,,
2026,2021039126,2026-07-01,1100097,近藤 健介,,3,左,12,1.0,1.0,5.0,3.0,1.0,1.0,1.0,0.0,0.0,3.0,0.0,,1.0,0.0,0.0,0.0,1.0,0.0,,,,,,,,,,,,,,,,,,,,,,
2026,2021039126,2026-07-01,1400127,栗原 陵矢,,24,三一,12,1.0,1.0,5.0,4.0,0.0,0.0,0.0,0.0,0.0,0.0,0.0,,1.0,1.0,0.0,0.0,0.0,0.0,,,,,,,,,,,,,,,,,,,,,,
2026,2021039126,2026-07-01,1500140,谷川原 健太,,45,右,12,1.0,0.0,0.0,0.0,0.0,0.0,0.0,0.0,0.0,0.0,0.0,,0.0,0.0,0.0,0.0,0.0,0.0,,,,,,,,,,,,,,,,,,,,,,
2026,2021039126,2026-07-01,1560256,ウレーニャ,U Ree Nya,22,,376,,,,,,,,,,,,,,,,,,,1.0,1.0,,2.0,3.0,4.64,4.0,4.0,,,0.0,9.0,7.0,7.0,1.0,,6.0,2.0,0.0,,27.0,98.0
2026,2021039126,2026-07-01,1600007,村林 一輝,,6,二,376,1.0,1.0,4.0,3.0,0.0,2.0,0.0,0.0,0.0,0.0,0.0,,1.0,0.0,0.0,0.0,0.0,0.0,,,,,,,,,,,,,,,,,,,,,,
2026,2021039126,2026-07-01,1650813,川村 友斗,,61,左,12,1.0,0.0,0.0,0.0,0.0,0.0,0.0,0.0,0.0,0.0,0.0,,0.0,0.0,0.0,0.0,0.0,0.0,,,,,,,,,,,,,,,,,,,,,,
2026,2021039126,2026-07-01,1700135,周東 佑京,,23,中,12,1.0,1.0,5.0,5.0,1.0,2.0,0.0,0.0,0.0,1.0,0.0,,0.0,1.0,0.0,0.0,0.0,0.0,,,,,,,,,,,,,,,,,,,,,,
2026,2021039126,2026-07-01,1800117,辰己 涼介,,8,中,376,1.0,1.0,4.0,3.0,0.0,1.0,0.0,0.0,0.0,0.0,0.0,,1.0,0.0,0.0,0.0,0.0,1.0,,,,,,,,,,,,,,,,,,,,,,
2026,2021039126,2026-07-01,1851157,宗山 塁,,1,遊,376,1.0,1.0,4.0,4.0,0.0,0.0,0.0,0.0,0.0,0.0,0.0,,0.0,2.0,0.0,0.0,0.0,0.0,,,,,,,,,,,,,,,,,,,,,,
2026,2021039126,2026-07-01,1900101,海野 隆司,,62,捕,12,1.0,1.0,5.0,4.0,1.0,1.0,0.0,0.0,0.0,0.0,0.0,,1.0,0.0,0.0,0.0,0.0,0.0,,,,,,,,,,,,,,,,,,,,,,
2026,2021039126,2026-07-01,1900104,柳町 達,,32,右,12,1.0,1.0,4.0,2.0,1.0,0.0,0.0,0.0,0.0,0.0,0.0,,2.0,0.0,0.0,0.0,0.0,0.0,,,,,,,,,,,,,,,,,,,,,,
2026,2021039126,2026-07-01,1900106,大関 友久,Ooseki Tomohisa,47,,12,,,,,,,,,,,,,,,,,,,1.0,1.0,,3.0,4.0,5.37,5.0,5.0,,,0.0,7.0,2.0,2.0,1.0,,1.0,4.0,1.0,,24.0,112.0
2026,2021039126,2026-07-01,1900113,黒川 史陽,,24,一,376,1.0,1.0,5.0,5.0,0.0,2.0,2.0,0.0,0.0,1.0,0.0,,0.0,0.0,0.0,0.0,0.0,0.0,,,,,,,,,,,,,,,,,,,,,,
2026,2021039126,2026-07-01,1950149,庄子 雄大,,25,遊,12,1.0,1.0,4.0,3.0,0.0,1.0,0.0,0.0,0.0,0.0,0.0,,1.0,1.0,0.0,0.0,0.0,0.0,,,,,,,,,,,,,,,,,,,,,,
2026,2021039126,2026-07-01,1950278,中島 大輔,,32,右,376,1.0,1.0,5.0,4.0,1.0,0.0,0.0,0.0,0.0,0.0,0.0,,0.0,0.0,1.0,0.0,0.0,0.0,,,,,,,,,,,,,,,,,,,,,,
2026,2021039126,2026-07-01,2000008,伊藤 優輔,Itou Yuusuke,42,,12,,,,,,,,,,,,,,,,,,,2.0,1.0,0.0,1.0,0.0,1.71,1.0,1.0,,,0.0,1.0,0.0,0.0,0.0,,0.0,1.0,0.0,,3.0,9.0
2026,2021039126,2026-07-01,2102969,鈴木 豪太,Suzuki Gouta,26,,12,,,,,,,,,,,,,,,,,,,3.0,1.0,0.0,1.0,0.0,2.05,1.0,1.0,,,0.0,0.0,0.0,0.0,0.0,,0.0,0.0,0.0,,3.0,16.0
2026,2021039126,2026-07-01,2103735,正木 智也,,31,一,12,1.0,1.0,5.0,4.0,2.0,2.0,0.0,0.0,0.0,0.0,0.0,,1.0,0.0,0.0,0.0,0.0,0.0,,,,,,,,,,,,,,,,,,,,,,
2026,2021039126,2026-07-01,2103740,YG安田,,55,捕,376,1.0,1.0,4.0,4.0,0.0,1.0,0.0,0.0,0.0,0.0,0.0,,0.0,2.0,0.0,0.0,0.0,0.0,,,,,,,,,,,,,,,,,,,,,,
2026,2021039126,2026-07-01,2103765,柴田 大地,Shibata Daichi,71,,376,,,,,,,,,,,,,,,,,,,3.0,1.0,0.0,1.0,1.0,3.52,1.0,1.0,,,1.0,0.0,0.0,0.0,0.0,,1.0,2.0,0.0,,4.0,16.0
2026,2021039126,2026-07-01,2103847,大竹 風雅,Ootake Fuuga,59,,12,,,,,,,,,,,,,,,,,,,5.0,1.0,0.0,0.0,0.0,0.0,1.0,1.0,,,0.0,2.0,0.0,0.0,0.0,,0.0,1.0,0.0,,4.0,10.0
2026,2021039126,2026-07-01,2105283,平良 竜哉,,48,三,376,1.0,1.0,4.0,4.0,0.0,3.0,1.0,0.0,0.0,0.0,0.0,,0.0,0.0,0.0,0.0,0.0,0.0,,,,,,,,,,,,,,,,,,,,,,
2026,2021039126,2026-07-01,2108325,日當 直喜,Hi TouNaoki,54,,376,,,,,,,,,,,,,,,,,,,4.0,1.0,0.0,0.0,0.0,2.25,1.0,1.0,,,0.0,2.0,1.0,1.0,0.0,,0.0,0.0,0.0,,5.0,17.0
2026,2021039126,2026-07-01,2108558,岩井 俊介,Iwai Shunsuke,27,,12,,,,,,,,,,,,,,,,,,,4.0,1.0,0.0,0.0,0.0,0.0,1.0,1.0,,,0.0,1.0,0.0,0.0,0.0,,1.0,0.0,0.0,,4.0,11.0
2026,2021039126,2026-07-01,2110493,藤原 聡大,Fujiwara Satoshidai,13,,376,,,,,,,,,,,,,,,,,,,2.0,1.0,0.0,0.0,2.0,4.84,2.0,2.0,,,0.0,2.0,1.0,0.0,0.0,,0.0,0.0,0.0,,8.0,25.0
2026,2021039126,2026-07-01,2122300,マッカスカー,,34,左,376,1.0,1.0,4.0,4.0,1.0,2.0,0.0,0.0,1.0,1.0,0.0,,0.0,2.0,0.0,0.0,0.0,0.0,,,,,,,,,,,,,,,,,,,,,,
2026,2021039127,2026-07-07,1000002,筒香 嘉智,,25,打,3,1.0,0.0,1.0,1.0,0.0,0.0,0.0,0.0,0.0,0.0,0.0,,0.0,0.0,0.0,0.0,0.0,0.0,,,,,,,,,,,,,,,,,,,,,,
2026,2021039127,2026-07-07,1200053,宮崎 敏郎,,51,三,3,1.0,1.0,3.0,3.0,0.0,0.0,0.0,0.0,0.0,0.0,0.0,,0.0,1.0,0.0,0.0,0.0,0.0,,,,,,,,,,,,,,,,,,,,,,
2026,2021039127,2026-07-07,1450689,船迫 大雅,Fune Sako Taiga,58,投,1,1.0,0.0,0.0,0.0,0.0,0.0,0.0,0.0,0.0,0.0,0.0,,0.0,0.0,0.0,0.0,0.0,0.0,3.0,1.0,0.0,2.0,1.0,3.06,1.0,1.0,,,0.0,0.0,0.0,0.0,0.0,,0.0,1.0,0.0,,3.0,8.0
2026,2021039127,2026-07-07,1500052,中川 皓太,Nakagawa Kouta,41,投,1,1.0,0.0,0.0,0.0,0.0,0.0,0.0,0.0,0.0,0.0,0.0,,0.0,0.0,0.0,0.0,0.0,0.0,2.0,1.0,0.0,2.0,0.0,1.69,1.0,1.0,,,0.0,0.0,0.0,0.0,0.0,,0.0,1.0,0.0,,3.0,15.0
2026,2021039127,2026-07-07,1561820,ダルベック,,29,一,1,1.0,1.0,4.0,4.0,0.0,0.0,0.0,0.0,0.0,0.0,0.0,,0.0,2.0,0.0,0.0,0.0,0.0,,,,,,,,,,,,,,,,,,,,,,
2026,2021039127,2026-07-07,1600089,佐野 恵太,,7,一,3,1.0,1.0,4.0,4.0,1.0,1.0,0.0,0.0,0.0,1.0,0.0,,0.0,0.0,0.0,0.0,0.0,0.0,,,,,,,,,,,,,,,,,,,,,,
2026,2021039127,2026-07-07,1600167,三森 大貴,,26,中,3,1.0,1.0,4.0,4.0,0.0,1.0,0.0,0.0,0.0,0.0,0.0,,0.0,1.0,0.0,0.0,0.0,0.0,,,,,,,,,,,,,,,,,,,,,,
2026,2021039127,2026-07-07,1700010,マルティネス,Marutinesu,92,投,1,1.0,0.0,0.0,0.0,0.0,0.0,0.0,0.0,0.0,0.0,0.0,,0.0,0.0,0.0,0.0,0.0,0.0,4.0,1.0,0.0,1.0,2.0,1.44,1.0,1.0,,,27.0,0.0,0.0,0.0,0.0,,0.0,0.0,0.0,,3.0,12.0
2026,2021039127,2026-07-07,1700043,岸田 行倫,,27,捕,1,1.0,1.0,4.0,3.0,1.0,0.0,0.0,0.0,0.0,0.0,0.0,,1.0,1.0,0.0,0.0,0.0,0.0,,,,,,,,,,,,,,,,,,,,,,
2026,2021039127,2026-07-07,1700044,大城 卓三,,24,打,1,1.0,0.0,1.0,1.0,0.0,0.0,0.0,0.0,0.0,0.0,0.0,,0.0,0.0,0.0,0.0,0.0,0.0,,,,,,,,,,,,,,,,,,,,,,
2026,2021039127,2026-07-07,1700136,リチャード,,52,三,1,1.0,1.0,2.0,2.0,0.0,0.0,0.0,0.0,0.0,0.0,0.0,,0.0,1.0,0.0,0.0,0.0,0.0,,,,,,,,,,,,,,,,,,,,,,
2026,2021039127,2026-07-07,1750321,泉口 友汰,,35,打遊,1,1.0,0.0,2.0,2.0,0.0,1.0,1.0,0.0,0.0,0.0,0.0,,0.0,0.0,0.0,0.0,0.0,0.0,,,,,,,,,,,,,,,,,,,,,,
2026,2021039127,2026-07-07,1800046,勝又 温史,,28,左,3,1.0,1.0,4.0,4.0,0.0,1.0,0.0,0.0,0.0,1.0,0.0,,0.0,1.0,0.0,0.0,0.0,0.0,,,,,,,,,,,,,,,,,,,,,,
2026,2021039127,2026-07-07,1800049,宮城 滝太,Miyagi Taki Futoshi,65,投,3,1.0,0.0,0.0,0.0,0.0,0.0,0.0,0.0,0.0,0.0,0.0,,0.0,0.0,0.0,0.0,0.0,0.0,3.0,1.0,0.0,0.0,1.0,2.31,1.0,1.0,,,0.0,1.0,0.0,0.0,0.0,,0.0,0.0,0.0,,4.0,11.0
2026,2021039127,2026-07-07,1850838,篠木 健太郎,Shinoki Kentarou,30,投,3,1.0,1.0,1.0,1.0,0.0,0.0,0.0,0.0,0.0,0.0,0.0,,0.0,0.0,0.0,0.0,0.0,0.0,1.0,1.0,,4.0,2.0,4.13,5.0,5.0,,,0.0,3.0,4.0,4.0,1.0,,4.0,5.0,0.0,,21.0,92.0
2026,2021039127,2026-07-07,1850873,度会 隆輝,,4,右三,3,1.0,1.0,4.0,3.0,1.0,0.0,0.0,0.0,0.0,0.0,0.0,,1.0,0.0,0.0,0.0,0.0,0.0,,,,,,,,,,,,,,,,,,,,,,
2026,2021039127,2026-07-07,1900019,井上 温大,Inoue Atsushidai,97,投,1,1.0,1.0,2.0,2.0,0.0,0.0,0.0,0.0,0.0,0.0,0.0,,0.0,1.0,0.0,0.0,0.0,0.0,1.0,1.0,,8.0,5.0,2.17,6.0,6.0,,,0.0,5.0,3.0,2.0,0.0,,2.0,4.0,0.0,,26.0,100.0
2026,2021039127,2026-07-07,1900032,伊勢 大夢,Ise Taimu,13,投,3,1.0,0.0,0.0,0.0,0.0,0.0,0.0,0.0,0.0,0.0,0.0,,0.0,0.0,0.0,0.0,0.0,0.0,5.0,1.0,0.0,2.0,1.0,2.92,1.0,1.0,,,0.0,1.0,0.0,0.0,0.0,,0.0,0.0,0.0,,3.0,15.0
2026,2021039127,2026-07-07,1900035,蝦名 達夫,,61,打,3,1.0,0.0,1.0,1.0,0.0,0.0,0.0,0.0,0.0,0.0,0.0,,0.0,0.0,0.0,0.0,0.0,0.0,,,,,,,,,,,,,,,,,,,,,,
2026,2021039127,2026-07-07,1951153,浦田 俊輔,,32,遊二,1,1.0,1.0,4.0,3.0,1.0,0.0,0.0,0.0,0.0,0.0,1.0,,1.0,0.0,0.0,0.0,0.0,0.0,,,,,,,,,,,,,,,,,,,,,,
2026,2021039127,2026-07-07,2000035,牧 秀悟,,2,二,3,1.0,1.0,4.0,3.0,0.0,0.0,0.0,0.0,0.0,0.0,0.0,,1.0,2.0,0.0,0.0,0.0,0.0,,,,,,,,,,,,,,,,,,,,,,
2026,2021039127,2026-07-07,2100014,宮下 朝陽,,34,打,3,1.0,0.0,1.0,1.0,0.0,0.0,0.0,0.0,0.0,0.0,0.0,,0.0,0.0,0.0,0.0,0.0,0.0,,,,,,,,,,,,,,,,,,,,,,
2026,2021039127,2026-07-07,2100225,笹原 操希,,95,右,1,1.0,1.0,4.0,3.0,1.0,1.0,1.0,0.0,0.0,0.0,0.0,,1.0,0.0,0.0,0.0,0.0,0.0,,,,,,,,,,,,,,,,,,,,,,
2026,2021039127,2026-07-07,2100277,松尾 汐恩,,5,捕,3,1.0,1.0,4.0,4.0,1.0,2.0,1.0,0.0,0.0,1.0,0.0,,0.0,0.0,0.0,0.0,0.0,0.0,,,,,,,,,,,,,,,,,,,,,,
2026,2021039127,2026-07-07,2103703,梶原 昂希,,58,走右,3,1.0,0.0,1.0,1.0,0.0,0.0,0.0,0.0,0.0,0.0,0.0,,0.0,0.0,0.0,0.0,0.0,0.0,,,,,,,,,,,,,,,,,,,,,,
2026,2021039127,2026-07-07,2106178,佐々木 俊輔,,44,左,1,1.0,1.0,4.0,4.0,1.0,2.0,0.0,0.0,1.0,4.0,0.0,,0.0,1.0,0.0,0.0,0.0,0.0,,,,,,,,,,,,,,,,,,,,,,
2026,2021039127,2026-07-07,2107874,門脇 誠,,5,二三,1,1.0,1.0,3.0,1.0,0.0,0.0,0.0,0.0,0.0,0.0,0.0,,1.0,1.0,0.0,1.0,0.0,1.0,,,,,,,,,,,,,,,,,,,,,,
2026,2021039127,2026-07-07,2108557,松本 凌人,Matsumoto Ryounin,38,投,3,1.0,0.0,0.0,0.0,0.0,0.0,0.0,0.0,0.0,0.0,0.0,,0.0,0.0,0.0,0.0,0.0,0.0,2.0,1.0,0.0,0.0,0.0,0.0,1.0,1.0,,,0.0,0.0,0.0,0.0,0.0,,0.0,1.0,0.0,,3.0,13.0
2026,2021039127,2026-07-07,2112189,石上 泰輝,,44,遊,3,1.0,1.0,3.0,2.0,0.0,0.0,0.0,0.0,0.0,0.0,0.0,,0.0,1.0,0.0,1.0,0.0,0.0,,,,,,,,,,,,,,,,,,,,,,
2026,2021039127,2026-07-07,2117433,レイノルズ,Reynolds,62,投,3,1.0,0.0,0.0,0.0,0.0,0.0,0.0,0.0,0.0,0.0,0.0,,0.0,0.0,0.0,0.0,0.0,0.0,4.0,1.0,0.0,2.0,0.0,1.5,1.0,1.0,,,2.0,0.0,0.0,0.0,0.0,,0.0,3.0,0.0,,3.0,17.0
2026,2021039127,2026-07-07,2118420,キャベッジ,,13,中,1,1.0,1.0,4.0,4.0,0.0,1.0,0.0,0.0,0.0,0.0,0.0,,0.0,2.0,0.0,0.0,0.0,0.0,,,,,,,,,,,,,,,,,,,,,,
2026,2021039128,2026-07-03,1000150,秋山 翔吾,,9,打,6,1.0,0.0,1.0,1.0,0.0,1.0,0.0,0.0,0.0,2.0,0.0,,0.0,0.0,0.0,0.0,0.0,0.0,,,,,,,,,,,,,,,,,,,,,,
2026,2021039128,2026-07-03,1100082,菊池 涼介,,33,二,6,1.0,1.0,5.0,5.0,1.0,1.0,0.0,0.0,0.0,0.0,0.0,,0.0,3.0,0.0,0.0,0.0,0.0,,,,,,,,,,,,,,,,,,,,,,
2026,2021039128,2026-07-03,1561854,サノー,,23,一,4,1.0,1.0,4.0,4.0,0.0,1.0,0.0,0.0,0.0,0.0,0.0,,0.0,1.0,0.0,0.0,0.0,0.0,,,,,,,,,,,,,,,,,,,,,,
2026,2021039128,2026-07-03,1600085,細川 成也,,55,左,4,1.0,1.0,4.0,4.0,0.0,0.0,0.0,0.0,0.0,0.0,0.0,,0.0,0.0,0.0,0.0,0.0,0.0,,,,,,,,,,,,,,,,,,,,,,
2026,2021039128,2026-07-03,1600110,藤嶋 健人,Fujishima Taketo,54,投,4,1.0,0.0,0.0,0.0,0.0,0.0,0.0,0.0,0.0,0.0,0.0,,0.0,0.0,0.0,0.0,0.0,0.0,3.0,1.0,0.0,2.0,2.0,1.74,1.0,1.0,,,0.0,1.0,0.0,0.0,0.0,,0.0,1.0,0.0,,3.0,16.0
2026,2021039128,2026-07-03,1600123,床田 寛樹,Tokoda Hiroki,19,投,6,1.0,1.0,2.0,2.0,0.0,0.0,0.0,0.0,0.0,0.0,0.0,,0.0,0.0,0.0,0.0,0.0,0.0,1.0,1.0,,4.0,3.0,2.53,6.0,6.0,,,0.0,2.0,1.0,1.0,1.0,,2.0,4.0,0.0,,22.0,88.0
2026,2021039128,2026-07-03,1600124,坂倉 将吾,,31,三一,6,1.0,1.0,4.0,3.0,0.0,0.0,0.0,0.0,0.0,0.0,0.0,,1.0,1.0,0.0,0.0,0.0,0.0,,,,,,,,,,,,,,,,,,,,,,
2026,2021039128,2026-07-03,1700072,遠藤 淳志,Endou Atsushi,66,投,6,1.0,0.0,0.0,0.0,0.0,0.0,0.0,0.0,0.0,0.0,0.0,,0.0,0.0,0.0,0.0,0.0,0.0,2.0,1.0,0.0,0.0,1.0,2.43,1.0,1.0,,,0.0,0.0,0.0,0.0,0.0,,0.0,1.0,0.0,,3.0,8.0
2026,2021039128,2026-07-03,1750223,村松 開人,,5,遊,4,1.0,1.0,4.0,2.0,1.0,1.0,0.0,0.0,1.0,1.0,0.0,,2.0,1.0,0.0,0.0,0.0,1.0,,,,,,,,,,,,,,,,,,,,,,
2026,2021039128,2026-07-03,1750701,田中 幹也,,2,二,4,1.0,1.0,3.0,3.0,0.0,0.0,0.0,0.0,0.0,0.0,0.0,,0.0,1.0,0.0,0.0,0.0,0.0,,,,,,,,,,,,,,,,,,,,,,
2026,2021039128,2026-07-03,1800072,小園 海斗,,5,遊三,6,1.0,1.0,4.0,4.0,1.0,2.0,0.0,0.0,0.0,0.0,0.0,,0.0,0.0,0.0,0.0,0.0,0.0,,,,,,,,,,,,,,,,,,,,,,
2026,2021039128,2026-07-03,1800079,大盛 穂,,59,走中,6,1.0,0.0,0.0,0.0,1.0,0.0,0.0,0.0,0.0,0.0,0.0,,0.0,0.0,0.0,0.0,0.0,0.0,,,,,,,,,,,,,,,,,,,,,,
2026,2021039128,2026-07-03,1850405,名原 典彦,,92,中右,6,1.0,1.0,5.0,4.0,1.0,0.0,0.0,0.0,0.0,0.0,0.0,,1.0,3.0,0.0,0.0,0.0,0.0,,,,,,,,,,,,,,,,,,,,,,
2026,2021039128,2026-07-03,1851138,草加 勝,Souka Kachi,14,投,4,1.0,0.0,0.0,0.0,0.0,0.0,0.0,0.0,0.0,0.0,0.0,,0.0,0.0,0.0,0.0,0.0,0.0,6.0,1.0,0.0,0.0,1.0,1.0,0.6666666666666666,0.2,,,0.0,0.0,0.0,0.0,0.0,,0.0,0.0,0.0,,2.0,9.0
2026,2021039128,2026-07-03,1900037,石川 昂弥,,25,三,4,1.0,1.0,4.0,4.0,0.0,0.0,0.0,0.0,0.0,0.0,0.0,,0.0,2.0,0.0,0.0,0.0,0.0,,,,,,,,,,,,,,,,,,,,,,
2026,2021039128,2026-07-03,1900038,橋本 侑樹,Hashimoto Yuuki,13,投,4,1.0,0.0,0.0,0.0,0.0,0.0,0.0,0.0,0.0,0.0,0.0,,0.0,0.0,0.0,0.0,0.0,0.0,5.0,1.0,0.0,1.0,0.0,1.96,0.3333333333333333,0.1,,,0.0,3.0,2.0,2.0,0.0,,1.0,1.0,0.0,,5.0,20.0
2026,2021039128,2026-07-03,1900041,岡林 勇希,,1,中,4,1.0,1.0,4.0,4.0,0.0,1.0,0.0,0.0,0.0,0.0,0.0,,0.0,0.0,0.0,0.0,0.0,0.0,,,,,,,,,,,,,,,,,,,,,,
2026,2021039128,2026-07-03,1900058,持丸 泰輝,,57,捕,6,1.0,1.0,4.0,3.0,0.0,1.0,1.0,0.0,0.0,0.0,0.0,,1.0,1.0,0.0,0.0,0.0,0.0,,,,,,,,,,,,,,,,,,,,,,
2026,2021039128,2026-07-03,1960397,ハーン,Haan,68,投,6,1.0,0.0,0.0,0.0,0.0,0.0,0.0,0.0,0.0,0.0,0.0,,0.0,0.0,0.0,0.0,0.0,0.0,3.0,1.0,0.0,2.0,1.0,0.88,1.0,1.0,,,1.0,1.0,0.0,0.0,0.0,,0.0,0.0,0.0,,4.0,13.0
2026,2021039128,2026-07-03,1961300,ボスラー,,24,右,4,1.0,1.0,3.0,3.0,0.0,0.0,0.0,0.0,0.0,0.0,0.0,,0.0,1.0,0.0,0.0,0.0,0.0,,,,,,,,,,,,,,,,,,,,,,
2026,2021039128,2026-07-03,1961927,モンテロ,,95,一,6,1.0,1.0,4.0,4.0,0.0,1.0,0.0,0.0,0.0,0.0,0.0,,0.0,2.0,0.0,0.0,0.0,0.0,,,,,,,,,,,,,,,,,,,,,,
2026,2021039128,2026-07-03,2000061,森浦 大輔,Moriura Daisuke,13,投,6,1.0,0.0,0.0,0.0,0.0,0.0,0.0,0.0,0.0,0.0,0.0,,0.0,0.0,0.0,0.0,0.0,0.0,4.0,1.0,0.0,4.0,2.0,2.64,1.0,1.0,,,9.0,0.0,0.0,0.0,0.0,,0.0,2.0,0.0,,3.0,13.0
2026,2021039128,2026-07-03,2000065,矢野 雅哉,,4,走遊,6,1.0,0.0,0.0,0.0,0.0,0.0,0.0,0.0,0.0,0.0,0.0,,0.0,0.0,0.0,0.0,0.0,0.0,,,,,,,,,,,,,,,,,,,,,,
2026,2021039128,2026-07-03,2050203,佐々木 泰,,10,右,6,1.0,1.0,4.0,4.0,0.0,1.0,1.0,0.0,0.0,0.0,0.0,,0.0,0.0,0.0,0.0,0.0,0.0,,,,,,,,,,,,,,,,,,,,,,
2026,2021039128,2026-07-03,2060049,アブレウ,Abureu,28,投,4,1.0,0.0,0.0,0.0,0.0,0.0,0.0,0.0,0.0,0.0,0.0,,0.0,0.0,0.0,0.0,0.0,0.0,4.0,1.0,0.0,1.0,0.0,6.75,1.0,1.0,,,0.0,0.0,0.0,0.0,0.0,,0.0,2.0,0.0,,3.0,20.0
2026,2021039128,2026-07-03,2103780,福永 裕基,,7,打,4,1.0,0.0,1.0,1.0,0.0,0.0,0.0,0.0,0.0,0.0,0.0,,0.0,0.0,0.0,0.0,0.0,0.0,,,,,,,,,,,,,,,,,,,,,,
2026,2021039128,2026-07-03,2105038,伊藤 茉央,Itou Mao,32,投,4,1.0,0.0,0.0,0.0,0.0,0.0,0.0,0.0,0.0,0.0,0.0,,0.0,0.0,0.0,0.0,0.0,0.0,2.0,1.0,0.0,0.0,1.0,2.7,0.3333333333333333,0.1,,,0.0,0.0,0.0,0.0,0.0,,0.0,0.0,0.0,,1.0,5.0
2026,2021039128,2026-07-03,2105102,石伊 雄太,,9,捕,4,1.0,1.0,3.0,3.0,0.0,0.0,0.0,0.0,0.0,0.0,0.0,,0.0,1.0,0.0,0.0,0.0,0.0,,,,,,,,,,,,,,,,,,,,,,
2026,2021039128,2026-07-03,2107887,辰見 鴻之介,,69,走,6,1.0,0.0,0.0,0.0,0.0,0.0,0.0,0.0,0.0,0.0,0.0,,0.0,0.0,0.0,0.0,0.0,0.0,,,,,,,,,,,,,,,,,,,,,,
2026,2021039128,2026-07-03,2108462,金丸 夢斗,Kanemarumu To,21,投,4,1.0,1.0,2.0,2.0,0.0,0.0,0.0,0.0,0.0,0.0,0.0,,0.0,0.0,0.0,0.0,0.0,0.0,1.0,1.0,,5.0,7.0,2.65,5.666666666666667,5.2,,,0.0,4.0,3.0,3.0,1.0,,2.0,7.0,0.0,,24.0,116.0
2026,2021039128,2026-07-03,2110422,勝田 成,,0,打,6,1.0,0.0,1.0,1.0,0.0,0.0,0.0,0.0,0.0,0.0,0.0,,0.0,0.0,0.0,0.0,0.0,0.0,,,,,,,,,,,,,,,,,,,,,,
2026,2021039128,2026-07-03,2114882,ファビアン,,61,左,6,1.0,1.0,4.0,4.0,1.0,1.0,0.0,0.0,1.0,3.0,0.0,,0.0,1.0,0.0,0.0,0.0,0.0,,,,,,,,,,,,,,,,,,,,,,
2026,2021039129,2026-07-03,1300075,岩崎 優,Iwasaki Yuu,13,投,5,1.0,0.0,0.0,0.0,0.0,0.0,0.0,0.0,0.0,0.0,0.0,,0.0,0.0,0.0,0.0,0.0,0.0,3.0,1.0,0.0,1.0,2.0,3.0,1.0,1.0,,,9.0,1.0,0.0,0.0,0.0,,0.0,1.0,0.0,,4.0,15.0
2026,2021039129,2026-07-03,1400172,植田 海,,62,二,5,1.0,0.0,1.0,1.0,0.0,0.0,0.0,0.0,0.0,0.0,0.0,,0.0,0.0,0.0,0.0,0.0,0.0,,,,,,,,,,,,,,,,,,,,,,
2026,2021039129,2026-07-03,1500087,坂本 誠志郎,,12,捕,5,1.0,1.0,3.0,3.0,0.0,1.0,0.0,0.0,0.0,0.0,0.0,,0.0,0.0,0.0,0.0,0.0,0.0,,,,,,,,,,,,,,,,,,,,,,
2026,2021039129,2026-07-03,1600033,ドリス,Doris,98,投,5,1.0,0.0,0.0,0.0,0.0,0.0,0.0,0.0,0.0,0.0,0.0,,0.0,0.0,0.0,0.0,0.0,0.0,4.0,1.0,0.0,2.0,2.0,1.53,1.0,1.0,,,13.0,2.0,0.0,0.0,0.0,,0.0,2.0,0.0,,5.0,17.0
2026,2021039129,2026-07-03,1600078,古賀 優大,,2,捕,2,1.0,1.0,5.0,5.0,0.0,1.0,0.0,0.0,0.0,0.0,0.0,,0.0,3.0,0.0,0.0,0.0,0.0,,,,,,,,,,,,,,,,,,,,,,
2026,2021039129,2026-07-03,1600113,大山 悠輔,,3,一,5,1.0,1.0,3.0,3.0,1.0,1.0,0.0,0.0,1.0,1.0,0.0,,0.0,1.0,0.0,0.0,0.0,0.0,,,,,,,,,,,,,,,,,,,,,,
2026,2021039129,2026-07-03,1700079,熊谷 敬宥,,4,遊,5,1.0,1.0,3.0,2.0,0.0,0.0,0.0,0.0,0.0,0.0,0.0,,1.0,1.0,0.0,0.0,0.0,0.0,,,,,,,,,,,,,,,,,,,,,,
2026,2021039129,2026-07-03,1700087,塩見 泰隆,,9,右,2,1.0,0.0,1.0,1.0,0.0,0.0,0.0,0.0,0.0,0.0,0.0,,0.0,0.0,0.0,0.0,0.0,0.0,,,,,,,,,,,,,,,,,,,,,,
2026,2021039129,2026-07-03,1700131,増田 珠,,63,右左,2,1.0,1.0,4.0,4.0,0.0,3.0,0.0,0.0,0.0,0.0,0.0,,0.0,0.0,0.0,0.0,0.0,0.0,,,,,,,,,,,,,,,,,,,,,,
2026,2021039129,2026-07-03,1800065,近本 光司,,5,中,5,1.0,1.0,4.0,4.0,0.0,1.0,0.0,0.0,0.0,0.0,0.0,,0.0,1.0,0.0,0.0,0.0,0.0,,,,,,,,,,,,,,,,,,,,,,
2026,2021039129,2026-07-03,1800082,山野辺 翔,,37,走一,2,1.0,0.0,1.0,1.0,0.0,0.0,0.0,0.0,0.0,0.0,0.0,,0.0,0.0,0.0,0.0,0.0,0.0,,,,,,,,,,,,,,,,,,,,,,
2026,2021039129,2026-07-03,1850183,森下 翔太,,1,右,5,1.0,1.0,3.0,3.0,0.0,0.0,0.0,0.0,0.0,0.0,0.0,,0.0,0.0,0.0,0.0,0.0,0.0,,,,,,,,,,,,,,,,,,,,,,
2026,2021039129,2026-07-03,1900028,長岡 秀樹,,7,遊,2,1.0,1.0,4.0,4.0,0.0,3.0,0.0,0.0,0.0,0.0,0.0,,0.0,0.0,0.0,0.0,0.0,0.0,,,,,,,,,,,,,,,,,,,,,,
2026,2021039129,2026-07-03,1950996,前川 右京,,58,左,5,1.0,1.0,3.0,3.0,0.0,0.0,0.0,0.0,0.0,0.0,0.0,,0.0,0.0,0.0,0.0,0.0,0.0,,,,,,,,,,,,,,,,,,,,,,
2026,2021039129,2026-07-03,2000026,内山 壮真,,3,二,2,1.0,1.0,5.0,4.0,0.0,0.0,0.0,0.0,0.0,0.0,0.0,,1.0,2.0,0.0,0.0,0.0,0.0,,,,,,,,,,,,,,,,,,,,,,
2026,2021039129,2026-07-03,2000027,元山 飛優,,0,打,5,1.0,0.0,1.0,0.0,0.0,0.0,0.0,0.0,0.0,0.0,0.0,,0.0,0.0,0.0,1.0,0.0,0.0,,,,,,,,,,,,,,,,,,,,,,
2026,2021039129,2026-07-03,2000031,赤羽 由紘,,0,三,2,1.0,1.0,4.0,4.0,0.0,0.0,0.0,0.0,0.0,0.0,0.0,,0.0,2.0,0.0,0.0,0.0,0.0,,,,,,,,,,,,,,,,,,,,,,
2026,2021039129,2026-07-03,2000051,佐藤 輝明,,8,三,5,1.0,1.0,3.0,3.0,1.0,1.0,0.0,0.0,1.0,2.0,0.0,,0.0,1.0,0.0,0.0,0.0,0.0,,,,,,,,,,,,,,,,,,,,,,
2026,2021039129,2026-07-03,2000055,村上 頌樹,Murakami Shouju,41,投,5,1.0,1.0,1.0,1.0,0.0,0.0,0.0,0.0,0.0,0.0,0.0,,0.0,1.0,0.0,0.0,0.0,0.0,1.0,1.0,,7.0,5.0,1.98,6.0,6.0,,,0.0,7.0,0.0,0.0,0.0,,2.0,7.0,0.0,,26.0,104.0
2026,2021039129,2026-07-03,2000056,中野 拓夢,,7,二,5,1.0,1.0,3.0,2.0,1.0,1.0,0.0,0.0,0.0,0.0,0.0,,0.0,0.0,0.0,1.0,0.0,0.0,,,,,,,,,,,,,,,,,,,,,,
2026,2021039129,2026-07-03,2000057,高寺 望夢,,67,左,5,1.0,0.0,1.0,1.0,0.0,0.0,0.0,0.0,0.0,0.0,0.0,,0.0,0.0,0.0,0.0,0.0,0.0,,,,,,,,,,,,,,,,,,,,,,
2026,2021039129,2026-07-03,2000135,サンタナ,,25,左,2,1.0,1.0,4.0,3.0,0.0,0.0,0.0,0.0,0.0,0.0,0.0,,1.0,2.0,0.0,0.0,0.0,0.0,,,,,,,,,,,,,,,,,,,,,,
2026,2021039129,2026-07-03,2103794,吉村 貢司郎,Yoshimura Kouji Rou,21,投,2,1.0,1.0,3.0,2.0,0.0,0.0,0.0,0.0,0.0,0.0,0.0,,0.0,1.0,0.0,1.0,0.0,0.0,1.0,1.0,,4.0,7.0,4.08,7.0,7.0,,,0.0,5.0,3.0,3.0,2.0,,1.0,4.0,0.0,,26.0,99.0
2026,2021039129,2026-07-03,2103917,岩田 幸宏,,64,中,2,1.0,1.0,4.0,4.0,0.0,2.0,0.0,0.0,0.0,0.0,1.0,,0.0,0.0,0.0,0.0,0.0,0.0,,,,,,,,,,,,,,,,,,,,,,
2026,2021039129,2026-07-03,2105626,廣澤 優,Hirosawa Yuu,70,投,2,1.0,0.0,0.0,0.0,0.0,0.0,0.0,0.0,0.0,0.0,0.0,,0.0,0.0,0.0,0.0,0.0,0.0,2.0,1.0,0.0,2.0,1.0,3.16,1.0,1.0,,,0.0,0.0,0.0,0.0,0.0,,0.0,1.0,0.0,,3.0,9.0
2026,2021039129,2026-07-03,2108913,セデーニョ,,98,一,2,1.0,1.0,3.0,3.0,0.0,1.0,1.0,0.0,0.0,0.0,0.0,,0.0,1.0,0.0,0.0,0.0,0.0,,,,,,,,,,,,,,,,,,,,,,
2026,2021039129,2026-07-03,2112146,工藤 泰成,Kudou Yasunari,49,投,5,1.0,0.0,0.0,0.0,0.0,0.0,0.0,0.0,0.0,0.0,0.0,,0.0,0.0,0.0,0.0,0.0,0.0,2.0,1.0,0.0,1.0,0.0,1.63,1.0,1.0,,,0.0,0.0,0.0,0.0,0.0,,0.0,1.0,0.0,,3.0,12.0
2026,2021039130,2026-07-09,1500109,上原 健太,Uehara Kenta,20,,8,,,,,,,,,,,,,,,,,,,4.0,1.0,0.0,2.0,3.0,3.63,1.0,1.0,,,0.0,0.0,0.0,0.0,0.0,,0.0,1.0,0.0,,3.0,9.0
2026,2021039130,2026-07-09,1600129,源田 壮亮,,6,遊,7,1.0,0.0,2.0,2.0,1.0,1.0,0.0,0.0,0.0,0.0,0.0,,0.0,0.0,0.0,0.0,0.0,0.0,,,,,,,,,,,,,,,,,,,,,,
2026,2021039130,2026-07-09,1600134,石井 一成,,4,二,7,1.0,1.0,3.0,2.0,0.0,0.0,0.0,0.0,0.0,0.0,0.0,,1.0,1.0,0.0,0.0,0.0,0.0,,,,,,,,,,,,,,,,,,,,,,
2026,2021039130,2026-07-09,1660299,林 安可,,73,左,7,1.0,1.0,4.0,4.0,2.0,2.0,0.0,0.0,2.0,3.0,0.0,,0.0,2.0,0.0,0.0,0.0,0.0,,,,,,,,,,,,,,,,,,,,,,
2026,2021039130,2026-07-09,1700025,清宮 幸太郎,,21,打指,8,1.0,0.0,1.0,1.0,0.0,0.0,0.0,0.0,0.0,0.0,0.0,,0.0,0.0,0.0,0.0,0.0,0.0,,,,,,,,,,,,,,,,,,,,,,
2026,2021039130,2026-07-09,1700122,西川 愛也,,51,中,7,1.0,1.0,5.0,5.0,2.0,2.0,0.0,1.0,0.0,1.0,0.0,,0.0,1.0,0.0,0.0,0.0,0.0,,,,,,,,,,,,,,,,,,,,,,
2026,2021039130,2026-07-09,1750481,仲田 慶介,,0,走一,7,1.0,0.0,1.0,1.0,1.0,0.0,0.0,0.0,0.0,0.0,0.0,,0.0,0.0,0.0,0.0,0.0,0.0,,,,,,,,,,,,,,,,,,,,,,
2026,2021039130,2026-07-09,1751148,隅田 知一郎,Sumida Tomoichirou,16,,7,,,,,,,,,,,,,,,,,,,1.0,1.0,,7.0,5.0,2.27,7.0,7.0,,,0.0,4.0,0.0,0.0,0.0,,0.0,5.0,0.0,,25.0,100.0
2026,2021039130,2026-07-09,1800068,齋藤 友貴哉,Saitou Tomotaka kana,48,,8,,,,,,,,,,,,,,,,,,,3.0,1.0,0.0,0.0,1.0,9.2,1.0,1.0,,,0.0,5.0,6.0,6.0,1.0,,3.0,0.0,0.0,,10.0,31.0
2026,2021039130,2026-07-09,1800085,森脇 亮介,Moriwaki Ryousuke,28,,7,,,,,,,,,,,,,,,,,,,2.0,1.0,0.0,0.0,0.0,0.0,1.0,1.0,,,0.0,0.0,0.0,0.0,0.0,,0.0,0.0,0.0,,3.0,12.0
2026,2021039130,2026-07-09,1800093,万波 中正,,66,右,8,1.0,1.0,4.0,4.0,0.0,2.0,0.0,0.0,0.0,0.0,0.0,,0.0,0.0,0.0,0.0,0.0,0.0,,,,,,,,,,,,,,,,,,,,,,
2026,2021039130,2026-07-09,1800095,田宮 裕涼,,64,捕,8,1.0,1.0,3.0,3.0,0.0,1.0,0.0,0.0,0.0,0.0,0.0,,0.0,2.0,0.0,0.0,0.0,0.0,,,,,,,,,,,,,,,,,,,,,,
2026,2021039130,2026-07-09,1800110,水谷 瞬,,53,左,8,1.0,1.0,3.0,3.0,0.0,0.0,0.0,0.0,0.0,0.0,0.0,,0.0,0.0,0.0,0.0,0.0,0.0,,,,,,,,,,,,,,,,,,,,,,
2026,2021039130,2026-07-09,1850820,蛭間 拓哉,,9,走左,7,1.0,0.0,0.0,0.0,0.0,0.0,0.0,0.0,0.0,0.0,0.0,,0.0,0.0,0.0,0.0,0.0,0.0,,,,,,,,,,,,,,,,,,,,,,
2026,2021039130,2026-07-09,1850932,奈良間 大己,,58,二,8,1.0,1.0,3.0,3.0,0.0,1.0,0.0,0.0,0.0,0.0,0.0,,0.0,0.0,0.0,0.0,0.0,0.0,,,,,,,,,,,,,,,,,,,,,,
2026,2021039130,2026-07-09,1851204,水野 達稀,,43,遊,8,1.0,1.0,4.0,4.0,0.0,1.0,1.0,0.0,0.0,0.0,0.0,,0.0,0.0,0.0,0.0,0.0,0.0,,,,,,,,,,,,,,,,,,,,,,
2026,2021039130,2026-07-09,1860140,レイエス,,99,指,8,1.0,1.0,3.0,3.0,0.0,0.0,0.0,0.0,0.0,0.0,0.0,,0.0,2.0,0.0,0.0,0.0,0.0,,,,,,,,,,,,,,,,,,,,,,
2026,2021039130,2026-07-09,1900068,岸 潤一郎,,68,左右,7,1.0,0.0,1.0,1.0,0.0,1.0,0.0,0.0,0.0,0.0,0.0,,0.0,0.0,0.0,0.0,0.0,0.0,,,,,,,,,,,,,,,,,,,,,,
2026,2021039130,2026-07-09,1950193,宮崎 一樹,,36,中,8,1.0,1.0,3.0,3.0,0.0,0.0,0.0,0.0,0.0,0.0,0.0,,0.0,1.0,0.0,0.0,0.0,0.0,,,,,,,,,,,,,,,,,,,,,,
2026,2021039130,2026-07-09,1950417,渡部 聖弥,,8,三,7,1.0,1.0,5.0,5.0,1.0,1.0,0.0,0.0,0.0,0.0,0.0,,0.0,0.0,0.0,0.0,0.0,0.0,,,,,,,,,,,,,,,,,,,,,,
2026,2021039130,2026-07-09,1950486,進藤 勇也,,33,捕,8,1.0,0.0,1.0,1.0,0.0,1.0,1.0,0.0,0.0,1.0,0.0,,0.0,0.0,0.0,0.0,0.0,0.0,,,,,,,,,,,,,,,,,,,,,,
2026,2021039130,2026-07-09,2000082,細川 凌平,,56,三一,8,1.0,1.0,4.0,4.0,1.0,1.0,0.0,0.0,0.0,0.0,0.0,,0.0,0.0,0.0,0.0,0.0,1.0,,,,,,,,,,,,,,,,,,,,,,
2026,2021039130,2026-07-09,2050143,大塚 瑠晏,,49,三,8,1.0,0.0,1.0,1.0,0.0,0.0,0.0,0.0,0.0,0.0,0.0,,0.0,0.0,0.0,0.0,0.0,0.0,,,,,,,,,,,,,,,,,,,,,,
2026,2021039130,2026-07-09,2050145,小島 大河,,10,捕,7,1.0,1.0,5.0,5.0,2.0,3.0,0.0,0.0,1.0,4.0,0.0,,0.0,0.0,0.0,0.0,0.0,0.0,,,,,,,,,,,,,,,,,,,,,,
2026,2021039130,2026-07-09,2100027,福島 蓮,Fukushima Ren,45,,8,,,,,,,,,,,,,,,,,,,1.0,1.0,,3.0,3.0,3.43,4.0,4.0,,,0.0,7.0,6.0,6.0,2.0,,0.0,4.0,0.0,,20.0,87.0
2026,2021039130,2026-07-09,2101047,ネビン,,26,一,7,1.0,1.0,5.0,3.0,0.0,0.0,0.0,0.0,0.0,1.0,0.0,,1.0,0.0,0.0,0.0,1.0,0.0,,,,,,,,,,,,,,,,,,,,,,
2026,2021039130,2026-07-09,2103618,滝澤 夏央,,62,遊二,7,1.0,1.0,5.0,3.0,1.0,1.0,0.0,0.0,0.0,1.0,0.0,,2.0,1.0,0.0,0.0,0.0,0.0,,,,,,,,,,,,,,,,,,,,,,
2026,2021039130,2026-07-09,2106794,上田 大河,Ueda Taiga,11,,7,,,,,,,,,,,,,,,,,,,3.0,1.0,0.0,2.0,1.0,2.2,1.0,1.0,,,0.0,3.0,1.0,1.0,0.0,,0.0,0.0,0.0,,6.0,14.0
2026,2021039130,2026-07-09,2107859,金村 尚真,Kanemura Shoushin,24,,8,,,,,,,,,,,,,,,,,,,2.0,1.0,0.0,0.0,0.0,3.0,3.0,3.0,,,0.0,2.0,0.0,0.0,0.0,,2.0,3.0,0.0,,12.0,43.0
2026,2021039130,2026-07-09,2107900,吉田 賢吾,,60,一,8,1.0,1.0,3.0,3.0,0.0,0.0,0.0,0.0,0.0,0.0,0.0,,0.0,0.0,0.0,0.0,0.0,0.0,,,,,,,,,,,,,,,,,,,,,,
2026,2021039130,2026-07-09,2112133,村田 怜音,,99,指,7,1.0,1.0,5.0,4.0,1.0,0.0,0.0,0.0,0.0,0.0,0.0,,1.0,3.0,0.0,0.0,0.0,0.0,,,,,,,,,,,,,,,,,,,,,,
2026,2021039130,2026-07-09,2114529,山縣 秀,,54,二,8,1.0,0.0,1.0,1.0,0.0,0.0,0.0,0.0,0.0,0.0,0.0,,0.0,0.0,0.0,0.0,0.0,0.0,,,,,,,,,,,,,,,,,,,,,,
2026,2021039130,2026-07-09,2117028,カナリオ,,25,右,7,1.0,1.0,4.0,4.0,1.0,3.0,0.0,0.0,0.0,2.0,0.0,,0.0,0.0,0.0,0.0,0.0,0.0,,,,,,,,,,,,,,,,,,,,,,
2026,2021039131,2026-07-05,1300109,若月 健矢,,2,捕,11,1.0,1.0,4.0,4.0,1.0,1.0,1.0,0.0,0.0,0.0,0.0,,0.0,1.0,0.0,0.0,0.0,0.0,,,,,,,,,,,,,,,,,,,,,,
2026,2021039131,2026-07-05,1400140,小野 郁,Ono Kaoru,37,,9,,,,,,,,,,,,,,,,,,,4.0,1.0,0.0,2.0,1.0,2.35,1.0,1.0,,,0.0,1.0,0.0,0.0,0.0,,0.0,1.0,0.0,,4.0,14.0
2026,2021039131,2026-07-05,1400196,宗 佑磨,,6,三,11,1.0,1.0,4.0,4.0,0.0,0.0,0.0,0.0,0.0,0.0,0.0,,0.0,2.0,0.0,0.0,0.0,0.0,,,,,,,,,,,,,,,,,,,,,,
2026,2021039131,2026-07-05,1450608,八木 彬,Yagi Akira,33,,9,,,,,,,,,,,,,,,,,,,2.0,1.0,0.0,8.0,0.0,2.17,1.0,1.0,,,0.0,2.0,1.0,1.0,0.0,,0.0,2.0,1.0,,6.0,20.0
2026,2021039131,2026-07-05,1500096,西川 龍馬,,7,指,11,1.0,1.0,5.0,4.0,2.0,2.0,0.0,0.0,1.0,2.0,0.0,,0.0,0.0,0.0,0.0,1.0,0.0,,,,,,,,,,,,,,,,,,,,,,
2026,2021039131,2026-07-05,1600157,澤田 圭佑,Sawada Keisuke,54,,9,,,,,,,,,,,,,,,,,,,5.0,1.0,0.0,2.0,1.0,3.95,1.0,1.0,,,0.0,3.0,3.0,3.0,2.0,,0.0,1.0,0.0,,6.0,27.0
2026,2021039131,2026-07-05,1650221,椋木 蓮,Mukunoki Ren,15,,11,,,,,,,,,,,,,,,,,,,2.0,1.0,0.0,2.0,2.0,2.4,1.0,1.0,,,1.0,2.0,0.0,0.0,0.0,,0.0,2.0,0.0,,5.0,24.0
2026,2021039131,2026-07-05,1700020,ソト,,99,指,9,1.0,1.0,4.0,4.0,0.0,0.0,0.0,0.0,0.0,0.0,0.0,,0.0,2.0,0.0,0.0,0.0,0.0,,,,,,,,,,,,,,,,,,,,,,
2026,2021039131,2026-07-05,1700034,山崎 剛,,38,打遊,9,1.0,0.0,2.0,2.0,0.0,1.0,0.0,0.0,0.0,0.0,0.0,,0.0,1.0,0.0,0.0,0.0,0.0,,,,,,,,,,,,,,,,,,,,,,
2026,2021039131,2026-07-05,1700092,安田 尚憲,,5,打,9,1.0,0.0,1.0,1.0,0.0,0.0,0.0,0.0,0.0,0.0,0.0,,0.0,1.0,0.0,0.0,0.0,0.0,,,,,,,,,,,,,,,,,,,,,,
2026,2021039131,2026-07-05,1700098,和田 康士朗,,63,走中,9,1.0,0.0,0.0,0.0,0.0,0.0,0.0,0.0,0.0,0.0,0.0,,0.0,0.0,0.0,0.0,0.0,0.0,,,,,,,,,,,,,,,,,,,,,,
2026,2021039131,2026-07-05,1750667,山中 稜真,,50,一,11,1.0,1.0,5.0,4.0,1.0,1.0,0.0,0.0,0.0,0.0,0.0,,0.0,1.0,1.0,0.0,0.0,0.0,,,,,,,,,,,,,,,,,,,,,,
2026,2021039131,2026-07-05,1751068,野口 智哉,,9,遊,11,1.0,0.0,1.0,0.0,0.0,0.0,0.0,0.0,0.0,0.0,0.0,,0.0,0.0,0.0,1.0,0.0,0.0,,,,,,,,,,,,,,,,,,,,,,
2026,2021039131,2026-07-05,1760440,カスティーヨ,Castillo,11,,9,,,,,,,,,,,,,,,,,,,3.0,1.0,0.0,0.0,0.0,1.59,1.0,1.0,,,0.0,0.0,0.0,0.0,0.0,,0.0,0.0,0.0,,3.0,17.0
2026,2021039131,2026-07-05,1800050,藤原 恭大,,1,中右,9,1.0,1.0,5.0,5.0,0.0,0.0,0.0,0.0,0.0,0.0,0.0,,0.0,1.0,0.0,0.0,0.0,0.0,,,,,,,,,,,,,,,,,,,,,,
2026,2021039131,2026-07-05,1800052,小島 和哉,Kojima Kazuya,14,,9,,,,,,,,,,,,,,,,,,,1.0,1.0,,2.0,6.0,3.51,5.0,5.0,,,0.0,5.0,3.0,3.0,0.0,,0.0,2.0,1.0,,21.0,86.0
2026,2021039131,2026-07-05,1800053,山口 航輝,,51,左,9,1.0,1.0,4.0,4.0,1.0,2.0,0.0,0.0,0.0,0.0,0.0,,0.0,1.0,0.0,0.0,0.0,0.0,,,,,,,,,,,,,,,,,,,,,,
2026,2021039131,2026-07-05,1800098,太田 椋,,1,二,11,1.0,1.0,5.0,5.0,1.0,3.0,1.0,0.0,0.0,2.0,0.0,,0.0,0.0,0.0,0.0,0.0,0.0,,,,,,,,,,,,,,,,,,,,,,
2026,2021039131,2026-07-05,1800104,中川 圭太,,67,左,11,1.0,1.0,5.0,5.0,2.0,3.0,0.0,0.0,1.0,2.0,0.0,,0.0,1.0,0.0,0.0,0.0,0.0,,,,,,,,,,,,,,,,,,,,,,
2026,2021039131,2026-07-05,1850947,上田 希由翔,,10,一,9,1.0,1.0,3.0,2.0,0.0,1.0,0.0,0.0,0.0,2.0,0.0,,1.0,0.0,0.0,0.0,0.0,0.0,,,,,,,,,,,,,,,,,,,,,,
2026,2021039131,2026-07-05,1900081,佐藤 都志也,,32,捕,9,1.0,1.0,4.0,4.0,1.0,1.0,0.0,0.0,0.0,0.0,0.0,,0.0,1.0,0.0,0.0,0.0,0.0,,,,,,,,,,,,,,,,,,,,,,
2026,2021039131,2026-07-05,1900088,紅林 弘太郎,,24,遊,11,1.0,1.0,3.0,2.0,0.0,0.0,0.0,0.0,0.0,0.0,0.0,,0.0,1.0,1.0,0.0,0.0,0.0,,,,,,,,,,,,,,,,,,,,,,
2026,2021039131,2026-07-05,1950286,西川 史礁,,6,右左,9,1.0,1.0,4.0,4.0,0.0,1.0,0.0,0.0,0.0,0.0,0.0,,0.0,0.0,0.0,0.0,0.0,0.0,,,,,,,,,,,,,,,,,,,,,,
2026,2021039131,2026-07-05,2000089,小川 龍成,,57,二,9,1.0,1.0,4.0,3.0,0.0,1.0,0.0,0.0,0.0,0.0,0.0,,0.0,1.0,0.0,1.0,0.0,0.0,,,,,,,,,,,,,,,,,,,,,,
2026,2021039131,2026-07-05,2000098,来田 涼斗,,38,右,11,1.0,1.0,4.0,4.0,0.0,1.0,0.0,0.0,0.0,1.0,0.0,,0.0,0.0,0.0,0.0,0.0,0.0,,,,,,,,,,,,,,,,,,,,,,
2026,2021039131,2026-07-05,2102926,寺地 隆成,,65,三,9,1.0,1.0,4.0,3.0,0.0,1.0,0.0,0.0,0.0,0.0,0.0,,1.0,1.0,0.0,0.0,0.0,0.0,,,,,,,,,,,,,,,,,,,,,,
2026,2021039131,2026-07-05,2103693,池田 来翔,,0,走一,9,1.0,0.0,0.0,0.0,0.0,0.0,0.0,0.0,0.0,0.0,0.0,,0.0,0.0,0.0,0.0,0.0,0.0,,,,,,,,,,,,,,,,,,,,,,
2026,2021039131,2026-07-05,2103747,渡部 遼人,,0,中,11,1.0,1.0,4.0,4.0,0.0,0.0,0.0,0.0,0.0,0.0,0.0,,0.0,0.0,0.0,0.0,0.0,0.0,,,,,,,,,,,,,,,,,,,,,,
2026,2021039131,2026-07-05,2106798,友杉 篤輝,,4,遊,9,1.0,1.0,2.0,2.0,0.0,0.0,0.0,0.0,0.0,0.0,0.0,,0.0,0.0,0.0,0.0,0.0,0.0,,,,,,,,,,,,,,,,,,,,,,
2026,2021039131,2026-07-05,2107872,才木 海翔,Sai Moku Kaishou,95,,11,,,,,,,,,,,,,,,,,,,3.0,1.0,0.0,0.0,0.0,4.91,1.0,1.0,,,0.0,2.0,0.0,0.0,0.0,,0.0,3.0,0.0,,5.0,23.0
2026,2021039131,2026-07-05,2108177,エスピノーザ,Esupinooza,0,,11,,,,,,,,,,,,,,,,,,,1.0,1.0,,8.0,3.0,2.4,7.0,7.0,,,0.0,4.0,2.0,2.0,0.0,,2.0,4.0,0.0,,27.0,94.0
2026,2021039132,2026-07-08,900056,浅村 栄斗,,3,指,376,1.0,1.0,3.0,3.0,0.0,0.0,0.0,0.0,0.0,0.0,0.0,,0.0,2.0,0.0,0.0,0.0,0.0,,,,,,,,,,,,,,,,,,,,,,
2026,2021039132,2026-07-08,1000128,柳田 悠岐,,9,指,12,1.0,1.0,3.0,3.0,0.0,0.0,0.0,0.0,0.0,0.0,0.0,,0.0,0.0,0.0,0.0,0.0,0.0,,,,,,,,,,,,,,,,,,,,,,
2026,2021039132,2026-07-08,1000175,牧原 大成,,8,二,12,1.0,1.0,4.0,4.0,1.0,1.0,0.0,0.0,0.0,0.0,0.0,,0.0,0.0,0.0,0.0,0.0,0.0,,,,,,,,,,,,,,,,,,,,,,
2026,2021039132,2026-07-08,1100097,近藤 健介,,3,左,12,1.0,1.0,4.0,4.0,0.0,1.0,0.0,0.0,0.0,0.0,0.0,,0.0,1.0,0.0,0.0,0.0,0.0,,,,,,,,,,,,,,,,,,,,,,
2026,2021039132,2026-07-08,1400126,松本 裕樹,Matsumoto Yuuki,66,,12,,,,,,,,,,,,,,,,,,,3.0,1.0,0.0,2.0,3.0,2.64,1.0,1.0,,,4.0,0.0,0.0,0.0,0.0,,0.0,0.0,0.0,,3.0,6.0
2026,2021039132,2026-07-08,1400127,栗原 陵矢,,24,三,12,1.0,1.0,4.0,4.0,1.0,2.0,0.0,0.0,1.0,3.0,0.0,,0.0,0.0,0.0,0.0,0.0,0.0,,,,,,,,,,,,,,,,,,,,,,
2026,2021039132,2026-07-08,1500140,谷川原 健太,,45,右,12,1.0,0.0,0.0,0.0,0.0,0.0,0.0,0.0,0.0,0.0,0.0,,0.0,0.0,0.0,0.0,0.0,0.0,,,,,,,,,,,,,,,,,,,,,,
2026,2021039132,2026-07-08,1500143,川瀬 晃,,0,一,12,1.0,0.0,0.0,0.0,0.0,0.0,0.0,0.0,0.0,0.0,0.0,,0.0,0.0,0.0,0.0,0.0,0.0,,,,,,,,,,,,,,,,,,,,,,
2026,2021039132,2026-07-08,1560184,オスナ,Osu na,54,,12,,,,,,,,,,,,,,,,,,,2.0,1.0,0.0,0.0,1.0,0.96,1.0,1.0,,,0.0,0.0,0.0,0.0,0.0,,0.0,0.0,0.0,,3.0,14.0
2026,2021039132,2026-07-08,1600007,村林 一輝,,6,二,376,1.0,1.0,3.0,3.0,0.0,0.0,0.0,0.0,0.0,0.0,0.0,,0.0,0.0,0.0,0.0,0.0,0.0,,,,,,,,,,,,,,,,,,,,,,
2026,2021039132,2026-07-08,1650813,川村 友斗,,61,左,12,1.0,0.0,0.0,0.0,0.0,0.0,0.0,0.0,0.0,0.0,0.0,,0.0,0.0,0.0,0.0,0.0,0.0,,,,,,,,,,,,,,,,,,,,,,
2026,2021039132,2026-07-08,1700135,周東 佑京,,23,中,12,1.0,1.0,3.0,3.0,0.0,1.0,0.0,0.0,0.0,0.0,1.0,,0.0,1.0,0.0,0.0,0.0,0.0,,,,,,,,,,,,,,,,,,,,,,
2026,2021039132,2026-07-08,1800107,杉山 一樹,Sugiyama Kazuki,40,,12,,,,,,,,,,,,,,,,,,,4.0,1.0,0.0,0.0,2.0,2.67,1.0,1.0,,,17.0,0.0,0.0,0.0,0.0,,0.0,2.0,0.0,,3.0,16.0
2026,2021039132,2026-07-08,1800117,辰己 涼介,,8,中,376,1.0,1.0,4.0,3.0,0.0,0.0,0.0,0.0,0.0,0.0,0.0,,1.0,2.0,0.0,0.0,0.0,0.0,,,,,,,,,,,,,,,,,,,,,,
2026,2021039132,2026-07-08,1800118,太田 光,,2,捕,376,1.0,1.0,2.0,2.0,0.0,0.0,0.0,0.0,0.0,0.0,0.0,,0.0,2.0,0.0,0.0,0.0,0.0,,,,,,,,,,,,,,,,,,,,,,
2026,2021039132,2026-07-08,1850172,廣瀬 隆太,,33,一,12,1.0,1.0,3.0,3.0,0.0,0.0,0.0,0.0,0.0,0.0,0.0,,0.0,2.0,0.0,0.0,0.0,0.0,,,,,,,,,,,,,,,,,,,,,,
2026,2021039132,2026-07-08,1850921,中込 陽翔,Nakagome Akira Shou,26,,376,,,,,,,,,,,,,,,,,,,3.0,1.0,0.0,1.0,1.0,8.1,1.0,1.0,,,0.0,0.0,0.0,0.0,0.0,,0.0,1.0,0.0,,3.0,13.0
2026,2021039132,2026-07-08,1851157,宗山 塁,,1,打遊,376,1.0,0.0,1.0,1.0,0.0,0.0,0.0,0.0,0.0,0.0,0.0,,0.0,0.0,0.0,0.0,0.0,0.0,,,,,,,,,,,,,,,,,,,,,,
2026,2021039132,2026-07-08,1900101,海野 隆司,,62,捕,12,1.0,1.0,3.0,3.0,0.0,1.0,0.0,0.0,0.0,0.0,0.0,,0.0,2.0,0.0,0.0,0.0,0.0,,,,,,,,,,,,,,,,,,,,,,
2026,2021039132,2026-07-08,1900113,黒川 史陽,,24,一,376,1.0,1.0,4.0,4.0,0.0,0.0,0.0,0.0,0.0,0.0,0.0,,0.0,1.0,0.0,0.0,0.0,0.0,,,,,,,,,,,,,,,,,,,,,,
2026,2021039132,2026-07-08,1950149,庄子 雄大,,25,遊,12,1.0,1.0,3.0,3.0,0.0,0.0,0.0,0.0,0.0,0.0,0.0,,0.0,1.0,0.0,0.0,0.0,0.0,,,,,,,,,,,,,,,,,,,,,,
2026,2021039132,2026-07-08,1950278,中島 大輔,,32,右,376,1.0,1.0,4.0,4.0,0.0,3.0,0.0,0.0,0.0,0.0,0.0,,0.0,0.0,0.0,0.0,0.0,0.0,,,,,,,,,,,,,,,,,,,,,,
2026,2021039132,2026-07-08,2000126,内 星龍,Uchi Hoshi Ryuu,69,,376,,,,,,,,,,,,,,,,,,,2.0,1.0,0.0,0.0,2.0,5.28,1.0,1.0,,,0.0,0.0,0.0,0.0,0.0,,0.0,1.0,0.0,,3.0,9.0
2026,2021039132,2026-07-08,2103735,正木 智也,,31,右,12,1.0,1.0,4.0,3.0,1.0,0.0,0.0,0.0,0.0,0.0,0.0,,1.0,1.0,0.0,0.0,0.0,0.0,,,,,,,,,,,,,,,,,,,,,,
2026,2021039132,2026-07-08,2103740,YG安田,,55,打捕,376,1.0,0.0,1.0,1.0,0.0,0.0,0.0,0.0,0.0,0.0,0.0,,0.0,0.0,0.0,0.0,0.0,0.0,,,,,,,,,,,,,,,,,,,,,,
2026,2021039132,2026-07-08,2105283,平良 竜哉,,48,三,376,1.0,1.0,3.0,3.0,0.0,0.0,0.0,0.0,0.0,0.0,0.0,,0.0,1.0,0.0,0.0,0.0,0.0,,,,,,,,,,,,,,,,,,,,,,
2026,2021039132,2026-07-08,2107909,松本 晴,Matsumoto Haru,49,,12,,,,,,,,,,,,,,,,,,,1.0,1.0,,6.0,2.0,3.53,6.0,6.0,,,0.0,4.0,0.0,0.0,0.0,,1.0,9.0,0.0,,22.0,92.0
2026,2021039132,2026-07-08,2110316,古謝 樹,Koza Itsuki,17,,376,,,,,,,,,,,,,,,,,,,1.0,1.0,,1.0,6.0,4.06,6.0,6.0,,,0.0,6.0,3.0,3.0,1.0,,1.0,6.0,0.0,,25.0,93.0
2026,2021039132,2026-07-08,2112158,ワォーターズ,,60,遊,376,1.0,1.0,2.0,2.0,0.0,1.0,0.0,0.0,0.0,0.0,0.0,,0.0,1.0,0.0,0.0,0.0,0.0,,,,,,,,,,,,,,,,,,,,,,
2026,2021039132,2026-07-08,2122300,マッカスカー,,34,左,376,1.0,1.0,4.0,4.0,0.0,0.0,0.0,0.0,0.0,0.0,0.0,,0.0,2.0,0.0,0.0,0.0,0.0,,,,,,,,,,,,,,,,,,,,,,
2026,2021039133,2026-07-12,700003,坂本 勇人,,6,打三,1,1.0,0.0,2.0,2.0,1.0,1.0,0.0,0.0,1.0,3.0,0.0,,0.0,1.0,0.0,0.0,0.0,0.0,,,,,,,,,,,,,,,,,,,,,,
2026,2021039133,2026-07-12,1100095,松本 剛,,9,左,1,1.0,1.0,5.0,4.0,0.0,0.0,0.0,0.0,0.0,0.0,0.0,,1.0,1.0,0.0,0.0,0.0,0.0,,,,,,,,,,,,,,,,,,,,,,
2026,2021039133,2026-07-12,1450689,船迫 大雅,Fune Sako Taiga,58,投,1,1.0,0.0,0.0,0.0,0.0,0.0,0.0,0.0,0.0,0.0,0.0,,0.0,0.0,0.0,0.0,0.0,0.0,4.0,1.0,0.0,2.0,1.0,2.95,0.6666666666666666,0.2,,,0.0,2.0,0.0,0.0,0.0,,0.0,0.0,0.0,,4.0,16.0
2026,2021039133,2026-07-12,1500052,中川 皓太,Nakagawa Kouta,41,投,1,1.0,0.0,0.0,0.0,0.0,0.0,0.0,0.0,0.0,0.0,0.0,,0.0,0.0,0.0,0.0,0.0,0.0,3.0,1.0,0.0,2.0,1.0,2.49,0.3333333333333333,0.1,,,0.0,2.0,2.0,2.0,0.0,,0.0,0.0,0.0,,3.0,6.0
2026,2021039133,2026-07-12,1561820,ダルベック,,29,一,1,1.0,1.0,4.0,4.0,0.0,1.0,0.0,0.0,0.0,0.0,0.0,,0.0,1.0,0.0,0.0,0.0,0.0,,,,,,,,,,,,,,,,,,,,,,
2026,2021039133,2026-07-12,1600078,古賀 優大,,2,捕,2,1.0,1.0,4.0,4.0,0.0,1.0,0.0,0.0,0.0,0.0,0.0,,0.0,1.0,0.0,0.0,0.0,0.0,,,,,,,,,,,,,,,,,,,,,,
2026,2021039133,2026-07-12,1700043,岸田 行倫,,27,捕,1,1.0,1.0,4.0,3.0,1.0,1.0,0.0,0.0,0.0,0.0,0.0,,1.0,1.0,0.0,0.0,0.0,0.0,,,,,,,,,,,,,,,,,,,,,,
2026,2021039133,2026-07-12,1700087,塩見 泰隆,,9,右,2,1.0,0.0,1.0,1.0,0.0,0.0,0.0,0.0,0.0,0.0,0.0,,0.0,1.0,0.0,0.0,0.0,0.0,,,,,,,,,,,,,,,,,,,,,,
2026,2021039133,2026-07-12,1700131,増田 珠,,63,右,2,1.0,1.0,4.0,2.0,1.0,0.0,0.0,0.0,0.0,0.0,0.0,,2.0,0.0,0.0,0.0,0.0,0.0,,,,,,,,,,,,,,,,,,,,,,
2026,2021039133,2026-07-12,1700136,リチャード,,52,三,1,1.0,1.0,2.0,2.0,0.0,0.0,0.0,0.0,0.0,0.0,0.0,,0.0,1.0,0.0,0.0,0.0,0.0,,,,,,,,,,,,,,,,,,,,,,
2026,2021039133,2026-07-12,1750321,泉口 友汰,,35,遊,1,1.0,1.0,4.0,3.0,0.0,0.0,0.0,0.0,0.0,1.0,0.0,,0.0,1.0,0.0,0.0,1.0,0.0,,,,,,,,,,,,,,,,,,,,,,
2026,2021039133,2026-07-12,1800033,清水 昇,Shimizu Noboru,17,投,2,1.0,0.0,0.0,0.0,0.0,0.0,0.0,0.0,0.0,0.0,0.0,,0.0,0.0,0.0,0.0,0.0,0.0,2.0,1.0,0.0,1.0,0.0,1.57,1.0,1.0,,,1.0,2.0,1.0,1.0,0.0,,1.0,1.0,0.0,,6.0,21.0
2026,2021039133,2026-07-12,1800111,泉 圭輔,Izumi Keisuke,63,投,1,1.0,0.0,0.0,0.0,0.0,0.0,0.0,0.0,0.0,0.0,0.0,,0.0,0.0,0.0,0.0,0.0,0.0,2.0,1.0,0.0,0.0,0.0,0.0,0.3333333333333333,0.1,,,0.0,1.0,0.0,0.0,0.0,,0.0,1.0,0.0,,2.0,5.0
2026,2021039133,2026-07-12,1900016,堀田 賢慎,Hotta Ken Makoto,91,投,1,1.0,0.0,0.0,0.0,0.0,0.0,0.0,0.0,0.0,0.0,0.0,,0.0,0.0,0.0,0.0,0.0,0.0,5.0,1.0,0.0,1.0,0.0,0.48,1.0,1.0,,,0.0,2.0,0.0,0.0,0.0,,1.0,1.0,0.0,,6.0,26.0
2026,2021039133,2026-07-12,1900028,長岡 秀樹,,7,遊,2,1.0,1.0,5.0,5.0,1.0,3.0,0.0,0.0,0.0,0.0,0.0,,0.0,0.0,0.0,0.0,0.0,0.0,,,,,,,,,,,,,,,,,,,,,,
2026,2021039133,2026-07-12,1951153,浦田 俊輔,,32,二,1,1.0,1.0,4.0,3.0,1.0,2.0,0.0,0.0,0.0,0.0,0.0,,1.0,0.0,0.0,0.0,0.0,0.0,,,,,,,,,,,,,,,,,,,,,,
2026,2021039133,2026-07-12,1961046,キハダ,Kihada,11,投,2,1.0,0.0,0.0,0.0,0.0,0.0,0.0,0.0,0.0,0.0,0.0,,0.0,0.0,0.0,0.0,0.0,0.0,3.0,1.0,0.0,2.0,4.0,2.73,1.0,1.0,,,21.0,0.0,0.0,0.0,0.0,,0.0,1.0,0.0,,3.0,14.0
2026,2021039133,2026-07-12,2000006,山崎 伊織,Yamazaki Iori,19,投,1,1.0,1.0,2.0,2.0,0.0,0.0,0.0,0.0,0.0,0.0,0.0,,0.0,1.0,0.0,0.0,0.0,0.0,1.0,1.0,,0.0,0.0,4.76,5.666666666666667,5.2,,,0.0,5.0,3.0,3.0,0.0,,2.0,5.0,0.0,,24.0,96.0
2026,2021039133,2026-07-12,2000025,山野 太一,Yamano Taichi,26,投,2,1.0,1.0,3.0,3.0,0.0,0.0,0.0,0.0,0.0,0.0,0.0,,0.0,2.0,0.0,0.0,0.0,0.0,1.0,1.0,,8.0,2.0,2.06,7.0,7.0,,,0.0,5.0,3.0,3.0,1.0,,3.0,9.0,0.0,,28.0,109.0
2026,2021039133,2026-07-12,2000026,内山 壮真,,3,二,2,1.0,1.0,5.0,5.0,1.0,2.0,1.0,0.0,0.0,0.0,0.0,,0.0,0.0,0.0,0.0,0.0,0.0,,,,,,,,,,,,,,,,,,,,,,
2026,2021039133,2026-07-12,2000031,赤羽 由紘,,0,三一,2,1.0,1.0,4.0,4.0,1.0,2.0,0.0,0.0,0.0,2.0,0.0,,0.0,0.0,0.0,0.0,0.0,0.0,,,,,,,,,,,,,,,,,,,,,,
2026,2021039133,2026-07-12,2000135,サンタナ,,25,左,2,1.0,1.0,4.0,4.0,0.0,1.0,0.0,0.0,0.0,1.0,0.0,,0.0,1.0,0.0,0.0,0.0,0.0,,,,,,,,,,,,,,,,,,,,,,
2026,2021039133,2026-07-12,2100225,笹原 操希,,95,右,1,1.0,1.0,4.0,4.0,1.0,2.0,1.0,0.0,0.0,0.0,0.0,,0.0,2.0,0.0,0.0,0.0,0.0,,,,,,,,,,,,,,,,,,,,,,
2026,2021039133,2026-07-12,2103888,知念 大成,,94,打,1,1.0,0.0,1.0,1.0,0.0,0.0,0.0,0.0,0.0,0.0,0.0,,0.0,1.0,0.0,0.0,0.0,0.0,,,,,,,,,,,,,,,,,,,,,,
2026,2021039133,2026-07-12,2103917,岩田 幸宏,,64,中左,2,1.0,1.0,4.0,4.0,1.0,2.0,0.0,1.0,0.0,0.0,0.0,,0.0,2.0,0.0,0.0,0.0,0.0,,,,,,,,,,,,,,,,,,,,,,
2026,2021039133,2026-07-12,2107178,モンテル,,90,走中,2,1.0,0.0,1.0,0.0,0.0,0.0,0.0,0.0,0.0,0.0,0.0,,1.0,0.0,0.0,0.0,0.0,0.0,,,,,,,,,,,,,,,,,,,,,,
2026,2021039133,2026-07-12,2107874,門脇 誠,,5,二,1,1.0,0.0,1.0,1.0,0.0,0.0,0.0,0.0,0.0,0.0,0.0,,0.0,0.0,0.0,0.0,0.0,0.0,,,,,,,,,,,,,,,,,,,,,,
2026,2021039133,2026-07-12,2108913,セデーニョ,,98,一,2,1.0,1.0,3.0,3.0,0.0,1.0,0.0,0.0,0.0,2.0,0.0,,0.0,0.0,0.0,0.0,0.0,0.0,,,,,,,,,,,,,,,,,,,,,,
2026,2021039133,2026-07-12,2116854,松下 歩叶,,6,走三,2,1.0,0.0,1.0,1.0,0.0,0.0,0.0,0.0,0.0,0.0,0.0,,0.0,0.0,0.0,0.0,0.0,0.0,,,,,,,,,,,,,,,,,,,,,,
2026,2021039133,2026-07-12,2118420,キャベッジ,,13,中,1,1.0,1.0,4.0,3.0,0.0,0.0,0.0,0.0,0.0,0.0,0.0,,1.0,1.0,0.0,0.0,0.0,0.0,,,,,,,,,,,,,,,,,,,,,,
2026,2021039134,2026-07-05,1100069,高橋 周平,,3,打,4,1.0,0.0,1.0,0.0,0.0,0.0,0.0,0.0,0.0,0.0,0.0,,1.0,0.0,0.0,0.0,0.0,0.0,,,,,,,,,,,,,,,,,,,,,,
2026,2021039134,2026-07-05,1200100,伏見 寅威,,17,捕,5,1.0,1.0,4.0,4.0,0.0,0.0,0.0,0.0,0.0,0.0,0.0,,0.0,1.0,0.0,0.0,0.0,0.0,,,,,,,,,,,,,,,,,,,,,,
2026,2021039134,2026-07-05,1400160,加藤 匠馬,,49,捕,4,1.0,1.0,2.0,2.0,0.0,0.0,0.0,0.0,0.0,0.0,0.0,,0.0,1.0,0.0,0.0,0.0,0.0,,,,,,,,,,,,,,,,,,,,,,
2026,2021039134,2026-07-05,1400199,齋藤 綱記,Saitou Tsunaki,59,投,4,1.0,0.0,0.0,0.0,0.0,0.0,0.0,0.0,0.0,0.0,0.0,,0.0,0.0,0.0,0.0,0.0,0.0,4.0,1.0,0.0,2.0,2.0,3.0,0.3333333333333333,0.1,,,0.0,0.0,0.0,0.0,0.0,,0.0,0.0,0.0,,1.0,3.0
2026,2021039134,2026-07-05,1500091,板山 祐太郎,,63,打,4,1.0,0.0,1.0,1.0,0.0,0.0,0.0,0.0,0.0,0.0,0.0,,0.0,1.0,0.0,0.0,0.0,0.0,,,,,,,,,,,,,,,,,,,,,,
2026,2021039134,2026-07-05,1561854,サノー,,23,一,4,1.0,1.0,4.0,4.0,0.0,1.0,0.0,0.0,0.0,0.0,0.0,,0.0,2.0,0.0,0.0,0.0,0.0,,,,,,,,,,,,,,,,,,,,,,
2026,2021039134,2026-07-05,1600033,ドリス,Doris,98,投,5,1.0,0.0,0.0,0.0,0.0,0.0,0.0,0.0,0.0,0.0,0.0,,0.0,0.0,0.0,0.0,0.0,0.0,2.0,1.0,0.0,2.0,2.0,1.48,1.0,1.0,,,14.0,0.0,0.0,0.0,0.0,,2.0,2.0,0.0,,5.0,21.0
2026,2021039134,2026-07-05,1600085,細川 成也,,55,左,4,1.0,1.0,4.0,4.0,0.0,1.0,0.0,0.0,0.0,0.0,0.0,,0.0,0.0,0.0,0.0,0.0,0.0,,,,,,,,,,,,,,,,,,,,,,
2026,2021039134,2026-07-05,1600113,大山 悠輔,,3,一,5,1.0,1.0,4.0,4.0,0.0,1.0,0.0,0.0,0.0,0.0,0.0,,0.0,0.0,0.0,0.0,0.0,0.0,,,,,,,,,,,,,,,,,,,,,,
2026,2021039134,2026-07-05,1700078,高橋 遥人,Takahashi Harukanin,29,投,5,1.0,1.0,3.0,3.0,0.0,0.0,0.0,0.0,0.0,0.0,0.0,,0.0,2.0,0.0,0.0,0.0,0.0,1.0,1.0,,11.0,1.0,1.62,8.0,8.0,,,0.0,7.0,2.0,2.0,1.0,,0.0,9.0,0.0,,31.0,105.0
2026,2021039134,2026-07-05,1700079,熊谷 敬宥,,4,遊,5,1.0,1.0,4.0,4.0,0.0,1.0,0.0,0.0,0.0,0.0,0.0,,0.0,0.0,0.0,0.0,0.0,0.0,,,,,,,,,,,,,,,,,,,,,,
2026,2021039134,2026-07-05,1750223,村松 開人,,5,遊,4,1.0,1.0,4.0,4.0,1.0,3.0,0.0,0.0,1.0,1.0,0.0,,0.0,0.0,0.0,0.0,0.0,0.0,,,,,,,,,,,,,,,,,,,,,,
2026,2021039134,2026-07-05,1800065,近本 光司,,5,中,5,1.0,1.0,5.0,5.0,0.0,1.0,0.0,0.0,0.0,0.0,0.0,,0.0,2.0,0.0,0.0,0.0,0.0,,,,,,,,,,,,,,,,,,,,,,
2026,2021039134,2026-07-05,1850183,森下 翔太,,1,右,5,1.0,1.0,5.0,3.0,2.0,2.0,0.0,0.0,1.0,1.0,0.0,,2.0,0.0,0.0,0.0,0.0,0.0,,,,,,,,,,,,,,,,,,,,,,
2026,2021039134,2026-07-05,1900037,石川 昂弥,,25,三一,4,1.0,1.0,4.0,3.0,0.0,0.0,0.0,0.0,0.0,0.0,0.0,,1.0,1.0,0.0,0.0,0.0,0.0,,,,,,,,,,,,,,,,,,,,,,
2026,2021039134,2026-07-05,1900041,岡林 勇希,,1,中,4,1.0,1.0,4.0,4.0,0.0,0.0,0.0,0.0,0.0,0.0,0.0,,0.0,0.0,0.0,0.0,0.0,0.0,,,,,,,,,,,,,,,,,,,,,,
2026,2021039134,2026-07-05,1950996,前川 右京,,58,左,5,1.0,1.0,4.0,4.0,0.0,2.0,0.0,0.0,0.0,0.0,0.0,,0.0,0.0,0.0,0.0,0.0,0.0,,,,,,,,,,,,,,,,,,,,,,
2026,2021039134,2026-07-05,1961300,ボスラー,,24,右,4,1.0,1.0,4.0,4.0,0.0,0.0,0.0,0.0,0.0,0.0,0.0,,0.0,3.0,0.0,0.0,0.0,0.0,,,,,,,,,,,,,,,,,,,,,,
2026,2021039134,2026-07-05,2000051,佐藤 輝明,,8,三,5,1.0,1.0,5.0,5.0,2.0,2.0,0.0,0.0,2.0,4.0,0.0,,0.0,1.0,0.0,0.0,0.0,0.0,,,,,,,,,,,,,,,,,,,,,,
2026,2021039134,2026-07-05,2000056,中野 拓夢,,7,二,5,1.0,1.0,5.0,4.0,1.0,1.0,0.0,0.0,0.0,0.0,0.0,,1.0,1.0,0.0,0.0,0.0,0.0,,,,,,,,,,,,,,,,,,,,,,
2026,2021039134,2026-07-05,2000057,高寺 望夢,,67,走左,5,1.0,0.0,0.0,0.0,0.0,0.0,0.0,0.0,0.0,0.0,0.0,,0.0,0.0,0.0,0.0,0.0,0.0,,,,,,,,,,,,,,,,,,,,,,
2026,2021039134,2026-07-05,2060049,アブレウ,Abureu,28,投,4,1.0,0.0,0.0,0.0,0.0,0.0,0.0,0.0,0.0,0.0,0.0,,0.0,0.0,0.0,0.0,0.0,0.0,2.0,1.0,0.0,1.0,0.0,6.0,0.6666666666666666,0.2,,,0.0,1.0,0.0,0.0,0.0,,0.0,0.0,0.0,,3.0,15.0
2026,2021039134,2026-07-05,2100961,マラー,Maraa,93,投,4,1.0,1.0,2.0,2.0,0.0,0.0,0.0,0.0,0.0,0.0,0.0,,0.0,2.0,0.0,0.0,0.0,0.0,1.0,1.0,,2.0,6.0,3.2,7.333333333333333,7.1,,,0.0,7.0,5.0,5.0,3.0,,2.0,7.0,0.0,,31.0,120.0
2026,2021039134,2026-07-05,2103780,福永 裕基,,7,二三,4,1.0,1.0,3.0,3.0,0.0,1.0,0.0,0.0,0.0,0.0,0.0,,0.0,1.0,0.0,0.0,0.0,0.0,,,,,,,,,,,,,,,,,,,,,,
2026,2021039134,2026-07-05,2105038,伊藤 茉央,Itou Mao,32,投,4,1.0,0.0,0.0,0.0,0.0,0.0,0.0,0.0,0.0,0.0,0.0,,0.0,0.0,0.0,0.0,0.0,0.0,3.0,1.0,0.0,0.0,1.0,2.53,0.6666666666666666,0.2,,,0.0,2.0,0.0,0.0,0.0,,1.0,0.0,0.0,,5.0,17.0
2026,2021039134,2026-07-05,2105102,石伊 雄太,,9,打捕,4,1.0,0.0,2.0,1.0,0.0,0.0,0.0,0.0,0.0,1.0,0.0,,0.0,0.0,0.0,0.0,1.0,0.0,,,,,,,,,,,,,,,,,,,,,,
2026,2021039134,2026-07-05,2105174,辻本 倫太郎,,0,打二,4,1.0,0.0,1.0,1.0,1.0,1.0,0.0,1.0,0.0,0.0,0.0,,0.0,0.0,0.0,0.0,0.0,0.0,,,,,,,,,,,,,,,,,,,,,,
2026,2021039134,2026-07-05,2109980,嶋村 麟士朗,,85,打,5,1.0,0.0,1.0,1.0,0.0,0.0,0.0,0.0,0.0,0.0,0.0,,0.0,0.0,0.0,0.0,0.0,0.0,,,,,,,,,,,,,,,,,,,,,,
2026,2021039135,2026-07-04,1000150,秋山 翔吾,,9,打左,6,1.0,0.0,1.0,1.0,0.0,0.0,0.0,0.0,0.0,0.0,0.0,,0.0,0.0,0.0,0.0,0.0,0.0,,,,,,,,,,,,,,,,,,,,,,
2026,2021039135,2026-07-04,1100082,菊池 涼介,,33,二,6,1.0,1.0,5.0,3.0,0.0,1.0,0.0,0.0,0.0,0.0,0.0,,1.0,0.0,0.0,1.0,0.0,0.0,,,,,,,,,,,,,,,,,,,,,,
2026,2021039135,2026-07-04,1200053,宮崎 敏郎,,51,三,3,1.0,1.0,4.0,3.0,0.0,0.0,0.0,0.0,0.0,0.0,0.0,,1.0,0.0,0.0,0.0,0.0,0.0,,,,,,,,,,,,,,,,,,,,,,
2026,2021039135,2026-07-04,1500063,柴田 竜拓,,31,打三,3,1.0,0.0,1.0,1.0,0.0,0.0,0.0,0.0,0.0,0.0,0.0,,0.0,0.0,0.0,0.0,0.0,0.0,,,,,,,,,,,,,,,,,,,,,,
2026,2021039135,2026-07-04,1600089,佐野 恵太,,7,一,3,1.0,1.0,4.0,4.0,0.0,1.0,0.0,0.0,0.0,1.0,0.0,,0.0,0.0,0.0,0.0,0.0,0.0,,,,,,,,,,,,,,,,,,,,,,
2026,2021039135,2026-07-04,1600116,浜地 真澄,Hamachi Masumi,52,投,3,1.0,0.0,0.0,0.0,0.0,0.0,0.0,0.0,0.0,0.0,0.0,,0.0,0.0,0.0,0.0,0.0,0.0,3.0,1.0,0.0,0.0,0.0,0.0,1.0,1.0,,,0.0,0.0,0.0,0.0,0.0,,1.0,0.0,0.0,,4.0,12.0
2026,2021039135,2026-07-04,1600124,坂倉 将吾,,31,三,6,1.0,1.0,5.0,4.0,1.0,0.0,0.0,0.0,0.0,0.0,0.0,,1.0,0.0,0.0,0.0,0.0,0.0,,,,,,,,,,,,,,,,,,,,,,
2026,2021039135,2026-07-04,1700059,神里 和毅,,8,左,3,1.0,0.0,0.0,0.0,0.0,0.0,0.0,0.0,0.0,0.0,0.0,,0.0,0.0,0.0,0.0,0.0,0.0,,,,,,,,,,,,,,,,,,,,,,
2026,2021039135,2026-07-04,1700072,遠藤 淳志,Endou Atsushi,66,投,6,1.0,0.0,0.0,0.0,0.0,0.0,0.0,0.0,0.0,0.0,0.0,,0.0,0.0,0.0,0.0,0.0,0.0,4.0,1.0,0.0,0.0,1.0,2.35,1.0,1.0,,,0.0,0.0,0.0,0.0,0.0,,0.0,0.0,0.0,,3.0,13.0
2026,2021039135,2026-07-04,1800046,勝又 温史,,28,左,3,1.0,1.0,5.0,4.0,1.0,0.0,0.0,0.0,0.0,0.0,0.0,,1.0,0.0,0.0,0.0,0.0,0.0,,,,,,,,,,,,,,,,,,,,,,
2026,2021039135,2026-07-04,1800049,宮城 滝太,Miyagi Taki Futoshi,65,投,3,1.0,0.0,0.0,0.0,0.0,0.0,0.0,0.0,0.0,0.0,0.0,,0.0,0.0,0.0,0.0,0.0,0.0,4.0,1.0,0.0,0.0,1.0,2.22,1.0,1.0,,,0.0,0.0,0.0,0.0,0.0,,0.0,1.0,0.0,,3.0,17.0
2026,2021039135,2026-07-04,1800072,小園 海斗,,5,遊,6,1.0,1.0,5.0,5.0,0.0,1.0,0.0,0.0,0.0,0.0,0.0,,0.0,3.0,0.0,0.0,0.0,0.0,,,,,,,,,,,,,,,,,,,,,,
2026,2021039135,2026-07-04,1800073,島内 颯太郎,Shimauchi Fuuta Rou,43,投,6,1.0,0.0,0.0,0.0,0.0,0.0,0.0,0.0,0.0,0.0,0.0,,0.0,0.0,0.0,0.0,0.0,0.0,2.0,1.0,0.0,0.0,1.0,3.6,0.6666666666666666,0.2,,,0.0,0.0,0.0,0.0,0.0,,1.0,0.0,0.0,,3.0,13.0
2026,2021039135,2026-07-04,1800079,大盛 穂,,59,中,6,1.0,1.0,5.0,5.0,0.0,2.0,1.0,0.0,0.0,1.0,0.0,,0.0,1.0,0.0,0.0,0.0,0.0,,,,,,,,,,,,,,,,,,,,,,
2026,2021039135,2026-07-04,1850405,名原 典彦,,92,右,6,1.0,1.0,5.0,5.0,2.0,4.0,0.0,0.0,0.0,0.0,0.0,,0.0,0.0,0.0,0.0,0.0,0.0,,,,,,,,,,,,,,,,,,,,,,
2026,2021039135,2026-07-04,1850873,度会 隆輝,,4,打,3,1.0,0.0,1.0,1.0,1.0,1.0,0.0,0.0,0.0,1.0,0.0,,0.0,0.0,0.0,0.0,0.0,0.0,,,,,,,,,,,,,,,,,,,,,,
2026,2021039135,2026-07-04,1900032,伊勢 大夢,Ise Taimu,13,投,3,1.0,0.0,0.0,0.0,0.0,0.0,0.0,0.0,0.0,0.0,0.0,,0.0,0.0,0.0,0.0,0.0,0.0,5.0,1.0,0.0,2.0,1.0,2.81,1.0,1.0,,,0.0,1.0,0.0,0.0,0.0,,2.0,2.0,0.0,,6.0,27.0
2026,2021039135,2026-07-04,1900035,蝦名 達夫,,61,打,3,1.0,0.0,1.0,1.0,0.0,0.0,0.0,0.0,0.0,0.0,0.0,,0.0,1.0,0.0,0.0,0.0,0.0,,,,,,,,,,,,,,,,,,,,,,
2026,2021039135,2026-07-04,1900056,石原 貴規,,32,捕,6,1.0,0.0,0.0,0.0,0.0,0.0,0.0,0.0,0.0,0.0,0.0,,0.0,0.0,0.0,0.0,0.0,0.0,,,,,,,,,,,,,,,,,,,,,,
2026,2021039135,2026-07-04,1900058,持丸 泰輝,,57,捕,6,1.0,1.0,3.0,2.0,0.0,0.0,0.0,0.0,0.0,0.0,0.0,,1.0,2.0,0.0,0.0,0.0,0.0,,,,,,,,,,,,,,,,,,,,,,
2026,2021039135,2026-07-04,1900073,鈴木 健矢,Suzuki Ken Ya,41,投,6,1.0,0.0,0.0,0.0,0.0,0.0,0.0,0.0,0.0,0.0,0.0,,0.0,0.0,0.0,0.0,0.0,1.0,6.0,1.0,0.0,0.0,1.0,2.83,1.0,1.0,,,0.0,1.0,0.0,0.0,0.0,,0.0,0.0,0.0,,4.0,11.0
2026,2021039135,2026-07-04,1950429,高 太一,Kou Taichi,22,投,6,1.0,0.0,0.0,0.0,0.0,0.0,0.0,0.0,0.0,0.0,0.0,,0.0,0.0,0.0,0.0,0.0,0.0,3.0,1.0,0.0,0.0,2.0,2.25,1.0,1.0,,,0.0,0.0,0.0,0.0,0.0,,0.0,1.0,0.0,,3.0,11.0
2026,2021039135,2026-07-04,1961927,モンテロ,,95,打,6,1.0,0.0,1.0,0.0,0.0,0.0,0.0,0.0,0.0,0.0,0.0,,1.0,0.0,0.0,0.0,0.0,0.0,,,,,,,,,,,,,,,,,,,,,,
2026,2021039135,2026-07-04,2000035,牧 秀悟,,2,二,3,1.0,1.0,4.0,3.0,0.0,0.0,0.0,0.0,0.0,0.0,0.0,,1.0,0.0,0.0,0.0,0.0,0.0,,,,,,,,,,,,,,,,,,,,,,
2026,2021039135,2026-07-04,2000059,岩田 将貴,Iwata Masaki,68,投,3,1.0,0.0,0.0,0.0,0.0,0.0,0.0,0.0,0.0,0.0,0.0,,0.0,0.0,0.0,0.0,0.0,0.0,2.0,1.0,0.0,1.0,0.0,0.48,1.0,1.0,,,0.0,1.0,0.0,0.0,0.0,,0.0,1.0,0.0,,4.0,14.0
2026,2021039135,2026-07-04,2000065,矢野 雅哉,,4,走,6,1.0,0.0,0.0,0.0,0.0,0.0,0.0,0.0,0.0,0.0,0.0,,0.0,0.0,0.0,0.0,0.0,0.0,,,,,,,,,,,,,,,,,,,,,,
2026,2021039135,2026-07-04,2100014,宮下 朝陽,,34,遊,3,1.0,0.0,4.0,4.0,1.0,1.0,1.0,0.0,0.0,1.0,0.0,,0.0,0.0,0.0,0.0,0.0,0.0,,,,,,,,,,,,,,,,,,,,,,
2026,2021039135,2026-07-04,2100277,松尾 汐恩,,5,捕,3,1.0,1.0,4.0,4.0,1.0,1.0,0.0,0.0,0.0,0.0,0.0,,0.0,0.0,0.0,0.0,0.0,0.0,,,,,,,,,,,,,,,,,,,,,,
2026,2021039135,2026-07-04,2103703,梶原 昂希,,58,中,3,1.0,1.0,4.0,4.0,1.0,2.0,0.0,0.0,0.0,0.0,0.0,,0.0,0.0,0.0,0.0,0.0,0.0,,,,,,,,,,,,,,,,,,,,,,
2026,2021039135,2026-07-04,2106037,辻 大雅,Tsuji Taiga,98,投,6,1.0,0.0,0.0,0.0,0.0,0.0,0.0,0.0,0.0,0.0,0.0,,0.0,0.0,0.0,0.0,0.0,0.0,5.0,1.0,0.0,2.0,1.0,4.35,1.0,1.0,,,0.0,0.0,0.0,0.0,0.0,,0.0,1.0,0.0,,3.0,16.0
2026,2021039135,2026-07-04,2107875,久保 修,,56,走,6,1.0,0.0,0.0,0.0,0.0,0.0,0.0,0.0,0.0,0.0,0.0,,0.0,0.0,0.0,0.0,0.0,0.0,,,,,,,,,,,,,,,,,,,,,,
2026,2021039135,2026-07-04,2107887,辰見 鴻之介,,69,走,6,1.0,0.0,0.0,0.0,0.0,0.0,0.0,0.0,0.0,0.0,0.0,,0.0,0.0,0.0,0.0,0.0,0.0,,,,,,,,,,,,,,,,,,,,,,
2026,2021039135,2026-07-04,2108195,エンカーナシオン,,69,右,3,1.0,1.0,4.0,3.0,0.0,1.0,0.0,0.0,0.0,1.0,0.0,,0.0,1.0,0.0,0.0,1.0,0.0,,,,,,,,,,,,,,,,,,,,,,
2026,2021039135,2026-07-04,2110422,勝田 成,,0,打,6,1.0,0.0,1.0,0.0,0.0,0.0,0.0,0.0,0.0,0.0,0.0,,1.0,0.0,0.0,0.0,0.0,0.0,,,,,,,,,,,,,,,,,,,,,,
2026,2021039135,2026-07-04,2112143,佐藤 啓介,,94,一,6,1.0,1.0,5.0,4.0,0.0,0.0,0.0,0.0,0.0,0.0,0.0,,1.0,1.0,0.0,0.0,0.0,0.0,,,,,,,,,,,,,,,,,,,,,,
2026,2021039135,2026-07-04,2112182,石田 裕太郎,Ishida Hiroshi Tarou,54,投,3,1.0,1.0,1.0,1.0,0.0,0.0,0.0,0.0,0.0,0.0,0.0,,0.0,0.0,0.0,0.0,0.0,0.0,1.0,1.0,,4.0,8.0,2.97,4.0,4.0,,,0.0,8.0,4.0,4.0,1.0,,2.0,4.0,0.0,,22.0,81.0
2026,2021039135,2026-07-04,2112189,石上 泰輝,,44,遊,3,1.0,1.0,0.0,0.0,0.0,0.0,0.0,0.0,0.0,0.0,0.0,,0.0,0.0,0.0,0.0,0.0,0.0,,,,,,,,,,,,,,,,,,,,,,
2026,2021039135,2026-07-04,2114807,岡本 駿,Okamoto Shun,53,投,6,1.0,1.0,2.0,2.0,0.0,0.0,0.0,0.0,0.0,0.0,0.0,,0.0,1.0,0.0,0.0,0.0,0.0,1.0,1.0,,6.0,5.0,3.24,4.333333333333333,4.1,,,0.0,6.0,5.0,5.0,0.0,,2.0,0.0,0.0,,21.0,82.0
2026,2021039135,2026-07-04,2114882,ファビアン,,61,左,6,1.0,1.0,5.0,4.0,1.0,2.0,1.0,0.0,1.0,3.0,0.0,,0.0,1.0,0.0,0.0,1.0,0.0,,,,,,,,,,,,,,,,,,,,,,
2026,2021039135,2026-07-04,2117433,レイノルズ,Reynolds,62,投,3,1.0,0.0,0.0,0.0,0.0,0.0,0.0,0.0,0.0,0.0,0.0,,0.0,0.0,0.0,0.0,0.0,0.0,6.0,1.0,0.0,2.0,0.0,1.46,1.0,1.0,,,3.0,0.0,0.0,0.0,0.0,,1.0,1.0,0.0,,4.0,20.0
2026,2021039136,2026-07-16,1000128,柳田 悠岐,,9,指,12,1.0,1.0,4.0,4.0,0.0,1.0,0.0,0.0,0.0,0.0,0.0,,0.0,1.0,0.0,0.0,0.0,0.0,,,,,,,,,,,,,,,,,,,,,,
2026,2021039136,2026-07-16,1000164,島本 浩也,Shimamoto Kouya,40,,8,,,,,,,,,,,,,,,,,,,3.0,1.0,0.0,2.0,2.0,1.42,0.3333333333333333,0.1,,,2.0,3.0,3.0,2.0,0.0,,1.0,0.0,0.0,,6.0,26.0
2026,2021039136,2026-07-16,1000175,牧原 大成,,8,二,12,1.0,1.0,4.0,4.0,0.0,0.0,0.0,0.0,0.0,0.0,0.0,,0.0,1.0,0.0,0.0,0.0,0.0,,,,,,,,,,,,,,,,,,,,,,
2026,2021039136,2026-07-16,1100097,近藤 健介,,3,左,12,1.0,1.0,5.0,4.0,0.0,1.0,1.0,0.0,0.0,0.0,0.0,,1.0,1.0,0.0,0.0,0.0,0.0,,,,,,,,,,,,,,,,,,,,,,
2026,2021039136,2026-07-16,1100099,上沢 直之,Kamisawa Naoyuki,10,,12,,,,,,,,,,,,,,,,,,,1.0,1.0,,5.0,3.0,2.36,6.0,6.0,,,0.0,6.0,0.0,0.0,0.0,,2.0,7.0,2.0,,27.0,107.0
2026,2021039136,2026-07-16,1400126,松本 裕樹,Matsumoto Yuuki,66,,12,,,,,,,,,,,,,,,,,,,3.0,1.0,0.0,3.0,3.0,2.56,1.0,1.0,,,4.0,1.0,0.0,0.0,0.0,,0.0,2.0,0.0,,4.0,12.0
2026,2021039136,2026-07-16,1400127,栗原 陵矢,,24,三,12,1.0,1.0,4.0,4.0,0.0,0.0,0.0,0.0,0.0,0.0,0.0,,0.0,2.0,0.0,0.0,0.0,0.0,,,,,,,,,,,,,,,,,,,,,,
2026,2021039136,2026-07-16,1500140,谷川原 健太,,45,右,12,1.0,0.0,0.0,0.0,0.0,0.0,0.0,0.0,0.0,0.0,0.0,,0.0,0.0,0.0,0.0,0.0,0.0,,,,,,,,,,,,,,,,,,,,,,
2026,2021039136,2026-07-16,1500143,川瀬 晃,,0,遊,12,1.0,0.0,0.0,0.0,0.0,0.0,0.0,0.0,0.0,0.0,0.0,,0.0,0.0,0.0,0.0,0.0,0.0,,,,,,,,,,,,,,,,,,,,,,
2026,2021039136,2026-07-16,1560184,オスナ,Osu na,54,,12,,,,,,,,,,,,,,,,,,,2.0,1.0,0.0,0.0,1.0,0.93,1.0,1.0,,,0.0,2.0,1.0,0.0,0.0,,0.0,0.0,0.0,,5.0,9.0
2026,2021039136,2026-07-16,1600133,堀 瑞輝,Hori Mizu Akira,34,,8,,,,,,,,,,,,,,,,,,,4.0,1.0,0.0,2.0,0.0,2.08,0.6666666666666666,0.2,,,0.0,0.0,0.0,0.0,0.0,,0.0,2.0,0.0,,2.0,9.0
2026,2021039136,2026-07-16,1650813,川村 友斗,,61,走左,12,1.0,0.0,0.0,0.0,1.0,0.0,0.0,0.0,0.0,0.0,0.0,,0.0,0.0,0.0,0.0,0.0,0.0,,,,,,,,,,,,,,,,,,,,,,
2026,2021039136,2026-07-16,1700025,清宮 幸太郎,,21,一,8,1.0,1.0,5.0,5.0,1.0,2.0,0.0,0.0,1.0,1.0,0.0,,0.0,1.0,0.0,0.0,0.0,0.0,,,,,,,,,,,,,,,,,,,,,,
2026,2021039136,2026-07-16,1700135,周東 佑京,,23,中,12,1.0,1.0,5.0,4.0,0.0,1.0,1.0,0.0,0.0,0.0,0.0,,0.0,2.0,0.0,1.0,0.0,0.0,,,,,,,,,,,,,,,,,,,,,,
2026,2021039136,2026-07-16,1750903,北山 亘基,Kitayama Wataru Hajime,15,,8,,,,,,,,,,,,,,,,,,,1.0,1.0,,8.0,3.0,2.15,7.0,7.0,,,0.0,4.0,1.0,1.0,1.0,,1.0,8.0,0.0,,26.0,117.0
2026,2021039136,2026-07-16,1800091,野村 佑希,,5,三,8,1.0,1.0,2.0,2.0,0.0,0.0,0.0,0.0,0.0,0.0,0.0,,0.0,2.0,0.0,0.0,0.0,0.0,,,,,,,,,,,,,,,,,,,,,,
2026,2021039136,2026-07-16,1800093,万波 中正,,66,右,8,1.0,1.0,5.0,5.0,0.0,3.0,1.0,0.0,0.0,0.0,0.0,,0.0,1.0,0.0,0.0,0.0,0.0,,,,,,,,,,,,,,,,,,,,,,
2026,2021039136,2026-07-16,1800095,田宮 裕涼,,64,打捕,8,1.0,0.0,2.0,2.0,0.0,0.0,0.0,0.0,0.0,0.0,0.0,,0.0,1.0,0.0,0.0,0.0,0.0,,,,,,,,,,,,,,,,,,,,,,
2026,2021039136,2026-07-16,1800107,杉山 一樹,Sugiyama Kazuki,40,,12,,,,,,,,,,,,,,,,,,,4.0,1.0,0.0,0.0,2.0,2.89,1.0,1.0,,,18.0,1.0,1.0,1.0,1.0,,0.0,3.0,0.0,,4.0,21.0
2026,2021039136,2026-07-16,1851204,水野 達稀,,43,遊,8,1.0,1.0,5.0,4.0,1.0,1.0,0.0,0.0,0.0,0.0,0.0,,1.0,2.0,0.0,0.0,0.0,1.0,,,,,,,,,,,,,,,,,,,,,,
2026,2021039136,2026-07-16,1860140,レイエス,,99,指,8,1.0,1.0,5.0,4.0,0.0,1.0,0.0,0.0,0.0,1.0,0.0,,0.0,2.0,0.0,0.0,1.0,0.0,,,,,,,,,,,,,,,,,,,,,,
2026,2021039136,2026-07-16,1900040,郡司 裕也,,3,左三左,8,1.0,1.0,4.0,3.0,0.0,3.0,1.0,0.0,0.0,0.0,0.0,,0.0,0.0,1.0,0.0,0.0,0.0,,,,,,,,,,,,,,,,,,,,,,
2026,2021039136,2026-07-16,1900101,海野 隆司,,62,捕,12,1.0,1.0,4.0,2.0,0.0,0.0,0.0,0.0,0.0,0.0,0.0,,2.0,0.0,0.0,0.0,0.0,0.0,,,,,,,,,,,,,,,,,,,,,,
2026,2021039136,2026-07-16,1900104,柳町 達,,32,打,12,1.0,0.0,1.0,1.0,0.0,1.0,1.0,0.0,0.0,1.0,0.0,,0.0,0.0,0.0,0.0,0.0,0.0,,,,,,,,,,,,,,,,,,,,,,
2026,2021039136,2026-07-16,1950149,庄子 雄大,,25,遊,12,1.0,1.0,3.0,3.0,0.0,0.0,0.0,0.0,0.0,0.0,0.0,,0.0,2.0,0.0,0.0,0.0,0.0,,,,,,,,,,,,,,,,,,,,,,
2026,2021039136,2026-07-16,1950486,進藤 勇也,,33,捕,8,1.0,1.0,2.0,2.0,0.0,0.0,0.0,0.0,0.0,0.0,0.0,,0.0,1.0,0.0,0.0,0.0,0.0,,,,,,,,,,,,,,,,,,,,,,
2026,2021039136,2026-07-16,2000080,五十幡 亮汰,,50,中,8,1.0,0.0,0.0,0.0,0.0,0.0,0.0,0.0,0.0,0.0,0.0,,0.0,0.0,0.0,0.0,0.0,0.0,,,,,,,,,,,,,,,,,,,,,,
2026,2021039136,2026-07-16,2000082,細川 凌平,,56,打三左三,8,1.0,0.0,2.0,1.0,0.0,0.0,0.0,0.0,0.0,0.0,0.0,,0.0,0.0,0.0,1.0,0.0,0.0,,,,,,,,,,,,,,,,,,,,,,
2026,2021039136,2026-07-16,2000117,緒方 理貢,,57,走指,12,1.0,0.0,0.0,0.0,1.0,0.0,0.0,0.0,0.0,0.0,0.0,,0.0,0.0,0.0,0.0,0.0,0.0,,,,,,,,,,,,,,,,,,,,,,
2026,2021039136,2026-07-16,2050143,大塚 瑠晏,,49,二,8,1.0,1.0,4.0,4.0,0.0,0.0,0.0,0.0,0.0,0.0,0.0,,0.0,2.0,0.0,0.0,0.0,0.0,,,,,,,,,,,,,,,,,,,,,,
2026,2021039136,2026-07-16,2050307,達 孝太,Tooru Kouta,16,,8,,,,,,,,,,,,,,,,,,,2.0,1.0,0.0,2.0,6.0,3.54,1.0,1.0,,,2.0,1.0,0.0,0.0,0.0,,1.0,2.0,0.0,,5.0,22.0
2026,2021039136,2026-07-16,2101257,ダウンズ,,4,一,12,1.0,1.0,4.0,4.0,1.0,0.0,0.0,0.0,0.0,0.0,0.0,,0.0,2.0,0.0,0.0,0.0,1.0,,,,,,,,,,,,,,,,,,,,,,
2026,2021039136,2026-07-16,2103735,正木 智也,,31,右一,12,1.0,1.0,5.0,5.0,1.0,4.0,0.0,0.0,1.0,3.0,0.0,,0.0,1.0,0.0,0.0,0.0,0.0,,,,,,,,,,,,,,,,,,,,,,
2026,2021039136,2026-07-16,2107900,吉田 賢吾,,60,中,8,1.0,1.0,4.0,2.0,0.0,0.0,0.0,0.0,0.0,0.0,0.0,,1.0,0.0,1.0,0.0,0.0,0.0,,,,,,,,,,,,,,,,,,,,,,
2026,2021039137,2026-07-03,800080,岩嵜 翔,Iwa ? Shou,40,,11,,,,,,,,,,,,,,,,,,,4.0,1.0,0.0,0.0,1.0,5.4,1.0,1.0,,,0.0,2.0,0.0,0.0,0.0,,0.0,0.0,0.0,,5.0,22.0
2026,2021039137,2026-07-03,900056,浅村 栄斗,,3,一,376,1.0,1.0,4.0,2.0,0.0,1.0,0.0,0.0,0.0,0.0,0.0,,2.0,1.0,0.0,0.0,0.0,0.0,,,,,,,,,,,,,,,,,,,,,,
2026,2021039137,2026-07-03,1300058,九里 亜蓮,Kyuu Ri ARen,22,,11,,,,,,,,,,,,,,,,,,,1.0,1.0,,6.0,6.0,3.03,6.0,6.0,,,0.0,3.0,2.0,2.0,2.0,,3.0,5.0,0.0,,24.0,109.0
2026,2021039137,2026-07-03,1300100,森 友哉,,4,指,11,1.0,1.0,4.0,4.0,0.0,0.0,0.0,0.0,0.0,0.0,0.0,,0.0,3.0,0.0,0.0,0.0,0.0,,,,,,,,,,,,,,,,,,,,,,
2026,2021039137,2026-07-03,1300109,若月 健矢,,2,捕,11,1.0,1.0,3.0,3.0,0.0,1.0,0.0,0.0,0.0,0.0,0.0,,0.0,1.0,0.0,0.0,0.0,0.0,,,,,,,,,,,,,,,,,,,,,,
2026,2021039137,2026-07-03,1400196,宗 佑磨,,6,三,11,1.0,1.0,3.0,3.0,0.0,1.0,0.0,0.0,0.0,0.0,0.0,,0.0,2.0,0.0,0.0,0.0,0.0,,,,,,,,,,,,,,,,,,,,,,
2026,2021039137,2026-07-03,1500096,西川 龍馬,,7,左,11,1.0,1.0,4.0,4.0,0.0,0.0,0.0,0.0,0.0,0.0,0.0,,0.0,0.0,0.0,0.0,0.0,0.0,,,,,,,,,,,,,,,,,,,,,,
2026,2021039137,2026-07-03,1500112,平沼 翔太,,61,打,11,1.0,0.0,1.0,1.0,0.0,0.0,0.0,0.0,0.0,0.0,0.0,,0.0,1.0,0.0,0.0,0.0,0.0,,,,,,,,,,,,,,,,,,,,,,
2026,2021039137,2026-07-03,1600004,堀内 謙伍,,65,捕,376,1.0,1.0,4.0,3.0,0.0,0.0,0.0,0.0,0.0,0.0,0.0,,0.0,1.0,1.0,0.0,0.0,0.0,,,,,,,,,,,,,,,,,,,,,,
2026,2021039137,2026-07-03,1600007,村林 一輝,,6,二,376,1.0,1.0,4.0,4.0,0.0,0.0,0.0,0.0,0.0,0.0,0.0,,0.0,1.0,0.0,0.0,0.0,0.0,,,,,,,,,,,,,,,,,,,,,,
2026,2021039137,2026-07-03,1600092,藤平 尚真,Fujihira Shoushin,46,,376,,,,,,,,,,,,,,,,,,,4.0,1.0,0.0,0.0,1.0,2.2,1.0,1.0,,,17.0,1.0,0.0,0.0,0.0,,0.0,1.0,0.0,,4.0,16.0
2026,2021039137,2026-07-03,1750667,山中 稜真,,50,一,11,1.0,1.0,4.0,4.0,0.0,2.0,0.0,0.0,0.0,0.0,0.0,,0.0,0.0,0.0,0.0,0.0,0.0,,,,,,,,,,,,,,,,,,,,,,
2026,2021039137,2026-07-03,1800098,太田 椋,,1,二,11,1.0,1.0,4.0,4.0,0.0,0.0,0.0,0.0,0.0,0.0,0.0,,0.0,0.0,0.0,0.0,0.0,0.0,,,,,,,,,,,,,,,,,,,,,,
2026,2021039137,2026-07-03,1800104,中川 圭太,,67,中,11,1.0,1.0,4.0,4.0,1.0,2.0,0.0,0.0,1.0,1.0,0.0,,0.0,0.0,0.0,0.0,0.0,0.0,,,,,,,,,,,,,,,,,,,,,,
2026,2021039137,2026-07-03,1800117,辰己 涼介,,8,中,376,1.0,1.0,4.0,4.0,1.0,2.0,0.0,0.0,1.0,2.0,0.0,,0.0,0.0,0.0,0.0,0.0,0.0,,,,,,,,,,,,,,,,,,,,,,
2026,2021039137,2026-07-03,1800122,渡邊 佳明,,35,左,376,1.0,1.0,4.0,4.0,0.0,1.0,0.0,0.0,0.0,0.0,0.0,,0.0,2.0,0.0,0.0,0.0,0.0,,,,,,,,,,,,,,,,,,,,,,
2026,2021039137,2026-07-03,1851157,宗山 塁,,1,遊,376,1.0,1.0,4.0,4.0,1.0,1.0,0.0,0.0,1.0,1.0,0.0,,0.0,0.0,0.0,0.0,0.0,0.0,,,,,,,,,,,,,,,,,,,,,,
2026,2021039137,2026-07-03,1900088,紅林 弘太郎,,24,遊,11,1.0,1.0,4.0,3.0,0.0,2.0,0.0,0.0,0.0,0.0,0.0,,1.0,1.0,0.0,0.0,0.0,0.0,,,,,,,,,,,,,,,,,,,,,,
2026,2021039137,2026-07-03,1900113,黒川 史陽,,24,三一,376,1.0,1.0,4.0,4.0,1.0,2.0,1.0,0.0,0.0,0.0,0.0,,0.0,0.0,0.0,0.0,0.0,0.0,,,,,,,,,,,,,,,,,,,,,,
2026,2021039137,2026-07-03,1900115,武藤 敦貴,,50,走右,376,1.0,0.0,0.0,0.0,0.0,0.0,0.0,0.0,0.0,0.0,0.0,,0.0,0.0,0.0,0.0,0.0,0.0,,,,,,,,,,,,,,,,,,,,,,
2026,2021039137,2026-07-03,1900117,瀧中 瞭太,Taki Naka Akira Futoshi,57,,376,,,,,,,,,,,,,,,,,,,1.0,1.0,,5.0,3.0,2.03,6.666666666666667,6.2,,,0.0,6.0,1.0,1.0,1.0,,1.0,6.0,0.0,,26.0,100.0
2026,2021039137,2026-07-03,1950278,中島 大輔,,32,右左,376,1.0,1.0,4.0,4.0,0.0,1.0,0.0,0.0,0.0,0.0,0.0,,0.0,1.0,0.0,0.0,0.0,0.0,,,,,,,,,,,,,,,,,,,,,,
2026,2021039137,2026-07-03,2000098,来田 涼斗,,38,右,11,1.0,1.0,4.0,4.0,0.0,0.0,0.0,0.0,0.0,0.0,0.0,,0.0,1.0,0.0,0.0,0.0,0.0,,,,,,,,,,,,,,,,,,,,,,
2026,2021039137,2026-07-03,2000101,阿部 翔太,Abe Shouta,20,,11,,,,,,,,,,,,,,,,,,,3.0,1.0,0.0,0.0,0.0,27.0,0.3333333333333333,0.1,,,0.0,0.0,0.0,0.0,0.0,,0.0,0.0,0.0,,1.0,1.0
2026,2021039137,2026-07-03,2103765,柴田 大地,Shibata Daichi,71,,376,,,,,,,,,,,,,,,,,,,2.0,1.0,0.0,1.0,1.0,3.45,0.3333333333333333,0.1,,,1.0,0.0,0.0,0.0,0.0,,0.0,1.0,0.0,,1.0,5.0
2026,2021039137,2026-07-03,2105283,平良 竜哉,,48,走三,376,1.0,0.0,0.0,0.0,0.0,0.0,0.0,0.0,0.0,0.0,0.0,,0.0,0.0,0.0,0.0,0.0,0.0,,,,,,,,,,,,,,,,,,,,,,
2026,2021039137,2026-07-03,2107693,入山 海斗,Iriyama Kaito,68,,11,,,,,,,,,,,,,,,,,,,2.0,1.0,0.0,1.0,0.0,3.47,0.6666666666666666,0.2,,,0.0,3.0,1.0,1.0,0.0,,0.0,1.0,1.0,,6.0,36.0
2026,2021039137,2026-07-03,2121018,九谷 瑠,Kutani ?,45,,376,,,,,,,,,,,,,,,,,,,3.0,1.0,0.0,0.0,0.0,1.13,1.0,1.0,,,0.0,1.0,0.0,0.0,0.0,,0.0,1.0,0.0,,4.0,15.0
2026,2021039137,2026-07-03,2122300,マッカスカー,,34,指,376,1.0,1.0,4.0,3.0,0.0,0.0,0.0,0.0,0.0,0.0,0.0,,1.0,0.0,0.0,0.0,0.0,0.0,,,,,,,,,,,,,,,,,,,,,,
2026,2021039138,2026-07-15,700087,角中 勝也,,3,打,9,1.0,0.0,1.0,0.0,1.0,0.0,0.0,0.0,0.0,0.0,0.0,,1.0,0.0,0.0,0.0,0.0,0.0,,,,,,,,,,,,,,,,,,,,,,
2026,2021039138,2026-07-15,1100104,益田 直也,Masuda Naoya,52,,9,,,,,,,,,,,,,,,,,,,4.0,1.0,0.0,1.0,0.0,3.97,1.0,1.0,,,1.0,0.0,0.0,0.0,0.0,,1.0,0.0,0.0,,3.0,12.0
2026,2021039138,2026-07-15,1400140,小野 郁,Ono Kaoru,37,,9,,,,,,,,,,,,,,,,,,,3.0,1.0,0.0,2.0,1.0,2.25,1.0,1.0,,,0.0,1.0,0.0,0.0,0.0,,0.0,1.0,0.0,,4.0,15.0
2026,2021039138,2026-07-15,1500102,愛斗,,50,中,9,1.0,1.0,3.0,3.0,0.0,1.0,0.0,0.0,0.0,0.0,0.0,,0.0,1.0,0.0,0.0,0.0,0.0,,,,,,,,,,,,,,,,,,,,,,
2026,2021039138,2026-07-15,1600129,源田 壮亮,,6,遊,7,1.0,0.0,0.0,0.0,0.0,0.0,0.0,0.0,0.0,0.0,0.0,,0.0,0.0,0.0,0.0,0.0,0.0,,,,,,,,,,,,,,,,,,,,,,
2026,2021039138,2026-07-15,1600134,石井 一成,,4,二,7,1.0,1.0,3.0,3.0,0.0,1.0,0.0,0.0,0.0,0.0,0.0,,0.0,2.0,0.0,0.0,0.0,0.0,,,,,,,,,,,,,,,,,,,,,,
2026,2021039138,2026-07-15,1660299,林 安可,,73,指,7,1.0,1.0,3.0,2.0,1.0,0.0,0.0,0.0,0.0,0.0,0.0,,0.0,0.0,1.0,0.0,0.0,0.0,,,,,,,,,,,,,,,,,,,,,,
2026,2021039138,2026-07-15,1700020,ソト,,99,指,9,1.0,1.0,4.0,4.0,0.0,0.0,0.0,0.0,0.0,0.0,0.0,,0.0,0.0,0.0,0.0,0.0,0.0,,,,,,,,,,,,,,,,,,,,,,
2026,2021039138,2026-07-15,1700034,山崎 剛,,38,遊,9,1.0,1.0,3.0,3.0,0.0,0.0,0.0,0.0,0.0,0.0,0.0,,0.0,0.0,0.0,0.0,0.0,0.0,,,,,,,,,,,,,,,,,,,,,,
2026,2021039138,2026-07-15,1700092,安田 尚憲,,5,打,9,1.0,0.0,1.0,0.0,0.0,0.0,0.0,0.0,0.0,0.0,0.0,,1.0,0.0,0.0,0.0,0.0,0.0,,,,,,,,,,,,,,,,,,,,,,
2026,2021039138,2026-07-15,1700098,和田 康士朗,,63,走,9,1.0,0.0,0.0,0.0,0.0,0.0,0.0,0.0,0.0,0.0,0.0,,0.0,0.0,0.0,0.0,0.0,0.0,,,,,,,,,,,,,,,,,,,,,,
2026,2021039138,2026-07-15,1700122,西川 愛也,,51,中,7,1.0,1.0,4.0,4.0,0.0,1.0,0.0,0.0,0.0,0.0,0.0,,0.0,1.0,0.0,0.0,0.0,0.0,,,,,,,,,,,,,,,,,,,,,,
2026,2021039138,2026-07-15,1700124,平良 海馬,Hirara Kaiba,61,,7,,,,,,,,,,,,,,,,,,,1.0,1.0,,7.0,2.0,0.92,6.0,6.0,,,0.0,7.0,0.0,0.0,0.0,,1.0,4.0,0.0,,25.0,91.0
2026,2021039138,2026-07-15,1750472,古賀 悠斗,,22,捕,7,1.0,0.0,1.0,1.0,0.0,0.0,0.0,0.0,0.0,0.0,0.0,,0.0,0.0,0.0,0.0,0.0,0.0,,,,,,,,,,,,,,,,,,,,,,
2026,2021039138,2026-07-15,1800037,坂本 光士郎,Sakamoto Hikari Shirou,36,,9,,,,,,,,,,,,,,,,,,,2.0,1.0,0.0,2.0,1.0,2.33,0.6666666666666666,0.2,,,0.0,0.0,0.0,0.0,0.0,,0.0,0.0,0.0,,1.0,2.0
2026,2021039138,2026-07-15,1800050,藤原 恭大,,1,右,9,1.0,1.0,5.0,4.0,0.0,1.0,0.0,0.0,0.0,0.0,0.0,,1.0,1.0,0.0,0.0,0.0,0.0,,,,,,,,,,,,,,,,,,,,,,
2026,2021039138,2026-07-15,1800053,山口 航輝,,51,一,9,1.0,1.0,4.0,4.0,0.0,1.0,0.0,0.0,0.0,0.0,0.0,,0.0,1.0,0.0,0.0,0.0,0.0,,,,,,,,,,,,,,,,,,,,,,
2026,2021039138,2026-07-15,1800106,甲斐野 央,Kainoya Ou,34,,7,,,,,,,,,,,,,,,,,,,4.0,1.0,0.0,2.0,2.0,2.2,1.0,1.0,,,8.0,0.0,1.0,1.0,0.0,,3.0,1.0,0.0,,5.0,21.0
2026,2021039138,2026-07-15,1850820,蛭間 拓哉,,9,左,7,1.0,1.0,3.0,3.0,0.0,1.0,1.0,0.0,0.0,0.0,0.0,,0.0,0.0,0.0,0.0,0.0,0.0,,,,,,,,,,,,,,,,,,,,,,
2026,2021039138,2026-07-15,1850947,上田 希由翔,,10,三,9,1.0,1.0,4.0,4.0,0.0,2.0,0.0,0.0,0.0,0.0,0.0,,0.0,1.0,0.0,0.0,0.0,0.0,,,,,,,,,,,,,,,,,,,,,,
2026,2021039138,2026-07-15,1860167,ウィンゲンター,Ingentaa,45,,7,,,,,,,,,,,,,,,,,,,3.0,1.0,0.0,0.0,0.0,0.0,1.0,1.0,,,0.0,0.0,0.0,0.0,0.0,,0.0,0.0,0.0,,3.0,13.0
2026,2021039138,2026-07-15,1900068,岸 潤一郎,,68,走左,7,1.0,0.0,0.0,0.0,0.0,0.0,0.0,0.0,0.0,0.0,0.0,,0.0,0.0,0.0,0.0,0.0,0.0,,,,,,,,,,,,,,,,,,,,,,
2026,2021039138,2026-07-15,1900081,佐藤 都志也,,32,捕,9,1.0,1.0,4.0,4.0,0.0,1.0,0.0,0.0,0.0,0.0,0.0,,0.0,0.0,0.0,0.0,0.0,0.0,,,,,,,,,,,,,,,,,,,,,,
2026,2021039138,2026-07-15,1950286,西川 史礁,,6,左,9,1.0,1.0,5.0,5.0,0.0,2.0,1.0,0.0,0.0,0.0,0.0,,0.0,1.0,0.0,0.0,0.0,0.0,,,,,,,,,,,,,,,,,,,,,,
2026,2021039138,2026-07-15,1950417,渡部 聖弥,,8,三,7,1.0,1.0,3.0,2.0,0.0,0.0,0.0,0.0,0.0,1.0,0.0,,0.0,0.0,0.0,0.0,1.0,0.0,,,,,,,,,,,,,,,,,,,,,,
2026,2021039138,2026-07-15,2000089,小川 龍成,,57,二,9,1.0,1.0,4.0,3.0,0.0,1.0,0.0,0.0,0.0,0.0,1.0,,1.0,0.0,0.0,0.0,0.0,0.0,,,,,,,,,,,,,,,,,,,,,,
2026,2021039138,2026-07-15,2050145,小島 大河,,10,捕,7,1.0,1.0,3.0,3.0,0.0,0.0,0.0,0.0,0.0,0.0,0.0,,0.0,1.0,0.0,0.0,0.0,0.0,,,,,,,,,,,,,,,,,,,,,,
2026,2021039138,2026-07-15,2101047,ネビン,,26,一,7,1.0,1.0,3.0,2.0,1.0,1.0,0.0,0.0,1.0,1.0,0.0,,1.0,0.0,0.0,0.0,0.0,0.0,,,,,,,,,,,,,,,,,,,,,,
2026,2021039138,2026-07-15,2103618,滝澤 夏央,,62,遊二,7,1.0,1.0,4.0,3.0,0.0,1.0,0.0,0.0,0.0,0.0,0.0,,1.0,1.0,0.0,0.0,0.0,0.0,,,,,,,,,,,,,,,,,,,,,,
2026,2021039138,2026-07-15,2103904,ジャクソン,Jackson,42,,9,,,,,,,,,,,,,,,,,,,1.0,1.0,,6.0,6.0,3.23,5.333333333333333,5.1,,,0.0,4.0,2.0,2.0,1.0,,2.0,5.0,1.0,,22.0,94.0
2026,2021039138,2026-07-15,2117028,カナリオ,,25,右,7,1.0,1.0,3.0,2.0,0.0,0.0,0.0,0.0,0.0,0.0,0.0,,1.0,1.0,0.0,0.0,0.0,0.0,,,,,,,,,,,,,,,,,,,,,,
2026,2021039138,2026-07-15,2117734,篠原 響,Shinoharakyou,52,,7,,,,,,,,,,,,,,,,,,,2.0,1.0,0.0,1.0,2.0,1.93,1.0,1.0,,,1.0,2.0,0.0,0.0,0.0,,0.0,0.0,0.0,,5.0,14.0
2026,2021039139,2026-07-14,900044,中村 悠平,,27,捕,2,1.0,1.0,3.0,3.0,0.0,1.0,1.0,0.0,0.0,0.0,0.0,,0.0,0.0,0.0,0.0,0.0,0.0,,,,,,,,,,,,,,,,,,,,,,
2026,2021039139,2026-07-14,1100095,松本 剛,,9,中,1,1.0,1.0,5.0,5.0,2.0,3.0,0.0,0.0,0.0,0.0,1.0,,0.0,0.0,0.0,0.0,0.0,0.0,,,,,,,,,,,,,,,,,,,,,,
2026,2021039139,2026-07-14,1500054,増田 大輝,,0,走中,1,1.0,0.0,0.0,0.0,0.0,0.0,0.0,0.0,0.0,0.0,0.0,,0.0,0.0,0.0,0.0,0.0,0.0,,,,,,,,,,,,,,,,,,,,,,
2026,2021039139,2026-07-14,1561820,ダルベック,,29,一,1,1.0,1.0,4.0,4.0,2.0,2.0,0.0,0.0,2.0,5.0,0.0,,0.0,1.0,0.0,0.0,0.0,0.0,,,,,,,,,,,,,,,,,,,,,,
2026,2021039139,2026-07-14,1600100,高梨 雄平,Takanashi Yuuhei,53,投,1,1.0,0.0,0.0,0.0,0.0,0.0,0.0,0.0,0.0,0.0,0.0,,0.0,0.0,0.0,0.0,0.0,0.0,2.0,1.0,0.0,1.0,0.0,2.7,1.0,1.0,,,0.0,1.0,0.0,0.0,0.0,,0.0,1.0,0.0,,4.0,17.0
2026,2021039139,2026-07-14,1700043,岸田 行倫,,27,捕,1,1.0,1.0,4.0,4.0,0.0,0.0,0.0,0.0,0.0,0.0,0.0,,0.0,1.0,0.0,0.0,0.0,0.0,,,,,,,,,,,,,,,,,,,,,,
2026,2021039139,2026-07-14,1700060,阪口 皓亮,Sakaguchi Akira Ryou,66,投,2,1.0,0.0,0.0,0.0,0.0,0.0,0.0,0.0,0.0,0.0,0.0,,0.0,0.0,0.0,0.0,0.0,0.0,4.0,1.0,0.0,0.0,0.0,3.09,1.0,1.0,,,0.0,1.0,0.0,0.0,0.0,,0.0,1.0,0.0,,4.0,19.0
2026,2021039139,2026-07-14,1700087,塩見 泰隆,,9,打,2,1.0,0.0,1.0,1.0,0.0,0.0,0.0,0.0,0.0,0.0,0.0,,0.0,1.0,0.0,0.0,0.0,0.0,,,,,,,,,,,,,,,,,,,,,,
2026,2021039139,2026-07-14,1700131,増田 珠,,63,右,2,1.0,1.0,4.0,4.0,1.0,2.0,0.0,0.0,1.0,1.0,0.0,,0.0,1.0,0.0,0.0,0.0,0.0,,,,,,,,,,,,,,,,,,,,,,
2026,2021039139,2026-07-14,1700136,リチャード,,52,一,1,1.0,0.0,1.0,1.0,0.0,0.0,0.0,0.0,0.0,0.0,0.0,,0.0,1.0,0.0,0.0,0.0,0.0,,,,,,,,,,,,,,,,,,,,,,
2026,2021039139,2026-07-14,1750321,泉口 友汰,,35,遊,1,1.0,1.0,5.0,5.0,2.0,2.0,1.0,0.0,0.0,1.0,0.0,,0.0,1.0,0.0,0.0,0.0,0.0,,,,,,,,,,,,,,,,,,,,,,
2026,2021039139,2026-07-14,1800111,泉 圭輔,Izumi Keisuke,63,投,1,1.0,0.0,0.0,0.0,0.0,0.0,0.0,0.0,0.0,0.0,0.0,,0.0,0.0,0.0,0.0,0.0,0.0,3.0,1.0,0.0,0.0,0.0,2.7,1.0,1.0,,,0.0,1.0,1.0,1.0,1.0,,0.0,1.0,0.0,,4.0,14.0
2026,2021039139,2026-07-14,1850035,西舘 勇陽,Nishidate Isamu Hi,17,投,1,1.0,1.0,3.0,3.0,0.0,0.0,0.0,0.0,0.0,0.0,0.0,,0.0,3.0,0.0,0.0,0.0,0.0,1.0,1.0,,2.0,1.0,2.05,7.0,7.0,,,0.0,4.0,1.0,1.0,1.0,,1.0,5.0,0.0,,26.0,106.0
2026,2021039139,2026-07-14,1850772,石井 巧,,38,三,2,1.0,0.0,1.0,1.0,0.0,0.0,0.0,0.0,0.0,0.0,0.0,,0.0,0.0,0.0,0.0,0.0,1.0,,,,,,,,,,,,,,,,,,,,,,
2026,2021039139,2026-07-14,1851155,石原 勇輝,Ishihara Yuuki,35,投,2,1.0,0.0,0.0,0.0,0.0,0.0,0.0,0.0,0.0,0.0,0.0,,0.0,0.0,0.0,0.0,0.0,0.0,2.0,1.0,0.0,0.0,1.0,4.5,1.0,1.0,,,0.0,2.0,1.0,1.0,0.0,,0.0,2.0,0.0,,5.0,18.0
2026,2021039139,2026-07-14,1900024,奥川 恭伸,Okugawa Yasushi Shin,18,投,2,1.0,1.0,2.0,2.0,0.0,0.0,0.0,0.0,0.0,0.0,0.0,,0.0,1.0,0.0,0.0,0.0,0.0,1.0,1.0,,3.0,7.0,3.3,6.0,6.0,,,0.0,8.0,7.0,7.0,2.0,,1.0,4.0,0.0,,26.0,95.0
2026,2021039139,2026-07-14,1900027,大西 広樹,Oonishi Hiroki,44,投,2,1.0,0.0,0.0,0.0,0.0,0.0,0.0,0.0,0.0,0.0,0.0,,0.0,0.0,0.0,0.0,0.0,0.0,3.0,1.0,0.0,0.0,0.0,9.0,1.0,1.0,,,0.0,1.0,0.0,0.0,0.0,,0.0,0.0,0.0,,4.0,10.0
2026,2021039139,2026-07-14,1900028,長岡 秀樹,,7,遊,2,1.0,1.0,4.0,4.0,0.0,1.0,0.0,0.0,0.0,0.0,0.0,,0.0,1.0,0.0,0.0,0.0,0.0,,,,,,,,,,,,,,,,,,,,,,
2026,2021039139,2026-07-14,1951153,浦田 俊輔,,32,二,1,1.0,1.0,5.0,5.0,0.0,2.0,0.0,0.0,0.0,1.0,0.0,,0.0,0.0,0.0,0.0,0.0,0.0,,,,,,,,,,,,,,,,,,,,,,
2026,2021039139,2026-07-14,2000026,内山 壮真,,3,二,2,1.0,1.0,4.0,3.0,0.0,0.0,0.0,0.0,0.0,0.0,0.0,,1.0,0.0,0.0,0.0,0.0,0.0,,,,,,,,,,,,,,,,,,,,,,
2026,2021039139,2026-07-14,2000031,赤羽 由紘,,0,三左,2,1.0,1.0,4.0,4.0,0.0,0.0,0.0,0.0,0.0,0.0,0.0,,0.0,1.0,0.0,0.0,0.0,0.0,,,,,,,,,,,,,,,,,,,,,,
2026,2021039139,2026-07-14,2000135,サンタナ,,25,左,2,1.0,1.0,3.0,3.0,1.0,1.0,0.0,0.0,1.0,1.0,0.0,,0.0,1.0,0.0,0.0,0.0,0.0,,,,,,,,,,,,,,,,,,,,,,
2026,2021039139,2026-07-14,2100225,笹原 操希,,95,右,1,1.0,1.0,4.0,4.0,0.0,1.0,0.0,0.0,0.0,1.0,0.0,,0.0,0.0,0.0,0.0,0.0,0.0,,,,,,,,,,,,,,,,,,,,,,
2026,2021039139,2026-07-14,2103917,岩田 幸宏,,64,中,2,1.0,1.0,3.0,3.0,0.0,0.0,0.0,0.0,0.0,0.0,0.0,,0.0,1.0,0.0,0.0,0.0,0.0,,,,,,,,,,,,,,,,,,,,,,
2026,2021039139,2026-07-14,2106178,佐々木 俊輔,,44,左,1,1.0,1.0,4.0,4.0,1.0,2.0,1.0,0.0,0.0,0.0,0.0,,0.0,0.0,0.0,0.0,0.0,0.0,,,,,,,,,,,,,,,,,,,,,,
2026,2021039139,2026-07-14,2107172,矢野 泰二郎,,57,捕,2,1.0,0.0,1.0,1.0,0.0,1.0,0.0,0.0,0.0,0.0,0.0,,0.0,0.0,0.0,0.0,0.0,0.0,,,,,,,,,,,,,,,,,,,,,,
2026,2021039139,2026-07-14,2107874,門脇 誠,,5,三,1,1.0,1.0,4.0,3.0,1.0,0.0,0.0,0.0,0.0,0.0,1.0,,1.0,0.0,0.0,0.0,0.0,0.0,,,,,,,,,,,,,,,,,,,,,,
2026,2021039139,2026-07-14,2108913,セデーニョ,,98,一,2,1.0,1.0,4.0,4.0,0.0,0.0,0.0,0.0,0.0,0.0,0.0,,0.0,0.0,0.0,0.0,0.0,0.0,,,,,,,,,,,,,,,,,,,,,,
2026,2021039139,2026-07-14,2112175,伊藤 琉偉,,67,遊,2,1.0,0.0,0.0,0.0,0.0,0.0,0.0,0.0,0.0,0.0,0.0,,0.0,0.0,0.0,0.0,0.0,1.0,,,,,,,,,,,,,,,,,,,,,,
2026,2021039140,2026-07-12,1100069,高橋 周平,,3,打,4,1.0,0.0,1.0,1.0,0.0,0.0,0.0,0.0,0.0,0.0,0.0,,0.0,0.0,0.0,0.0,0.0,0.0,,,,,,,,,,,,,,,,,,,,,,
2026,2021039140,2026-07-12,1300073,梅野 隆太郎,,2,捕,5,1.0,1.0,3.0,3.0,0.0,0.0,0.0,0.0,0.0,0.0,0.0,,0.0,0.0,0.0,0.0,0.0,0.0,,,,,,,,,,,,,,,,,,,,,,
2026,2021039140,2026-07-12,1400199,齋藤 綱記,Saitou Tsunaki,59,投,4,1.0,0.0,0.0,0.0,0.0,0.0,0.0,0.0,0.0,0.0,0.0,,0.0,0.0,0.0,0.0,0.0,0.0,5.0,1.0,0.0,2.0,2.0,2.96,0.3333333333333333,0.1,,,0.0,0.0,0.0,0.0,0.0,,0.0,1.0,0.0,,1.0,5.0
2026,2021039140,2026-07-12,1500087,坂本 誠志郎,,12,捕,5,1.0,0.0,0.0,0.0,0.0,0.0,0.0,0.0,0.0,0.0,0.0,,0.0,0.0,0.0,0.0,0.0,0.0,,,,,,,,,,,,,,,,,,,,,,
2026,2021039140,2026-07-12,1561854,サノー,,23,一,4,1.0,1.0,4.0,4.0,0.0,0.0,0.0,0.0,0.0,0.0,0.0,,0.0,1.0,0.0,0.0,0.0,0.0,,,,,,,,,,,,,,,,,,,,,,
2026,2021039140,2026-07-12,1600085,細川 成也,,55,左,4,1.0,1.0,4.0,3.0,0.0,1.0,0.0,0.0,0.0,0.0,0.0,,1.0,0.0,0.0,0.0,0.0,0.0,,,,,,,,,,,,,,,,,,,,,,
2026,2021039140,2026-07-12,1600113,大山 悠輔,,3,一,5,1.0,1.0,5.0,5.0,0.0,2.0,0.0,0.0,0.0,1.0,0.0,,0.0,1.0,0.0,0.0,0.0,0.0,,,,,,,,,,,,,,,,,,,,,,
2026,2021039140,2026-07-12,1700079,熊谷 敬宥,,4,遊,5,1.0,1.0,4.0,3.0,0.0,0.0,0.0,0.0,0.0,0.0,0.0,,1.0,2.0,0.0,0.0,0.0,0.0,,,,,,,,,,,,,,,,,,,,,,
2026,2021039140,2026-07-12,1750223,村松 開人,,5,遊,4,1.0,1.0,4.0,3.0,0.0,1.0,0.0,0.0,0.0,0.0,0.0,,0.0,1.0,1.0,0.0,0.0,0.0,,,,,,,,,,,,,,,,,,,,,,
2026,2021039140,2026-07-12,1750701,田中 幹也,,2,二,4,1.0,0.0,1.0,1.0,0.0,0.0,0.0,0.0,0.0,0.0,0.0,,0.0,0.0,0.0,0.0,0.0,0.0,,,,,,,,,,,,,,,,,,,,,,
2026,2021039140,2026-07-12,1800036,濱田 太貴,,32,打,5,1.0,0.0,1.0,1.0,0.0,0.0,0.0,0.0,0.0,0.0,0.0,,0.0,0.0,0.0,0.0,0.0,0.0,,,,,,,,,,,,,,,,,,,,,,
2026,2021039140,2026-07-12,1800065,近本 光司,,5,中,5,1.0,1.0,5.0,4.0,3.0,2.0,1.0,0.0,0.0,0.0,0.0,,1.0,0.0,0.0,0.0,0.0,0.0,,,,,,,,,,,,,,,,,,,,,,
2026,2021039140,2026-07-12,1850183,森下 翔太,,1,右,5,1.0,1.0,5.0,4.0,1.0,2.0,2.0,0.0,0.0,1.0,0.0,,1.0,0.0,0.0,0.0,0.0,0.0,,,,,,,,,,,,,,,,,,,,,,
2026,2021039140,2026-07-12,1900037,石川 昂弥,,25,三,4,1.0,1.0,4.0,4.0,1.0,2.0,1.0,0.0,1.0,2.0,0.0,,0.0,0.0,0.0,0.0,0.0,0.0,,,,,,,,,,,,,,,,,,,,,,
2026,2021039140,2026-07-12,1900038,橋本 侑樹,Hashimoto Yuuki,13,投,4,1.0,0.0,0.0,0.0,0.0,0.0,0.0,0.0,0.0,0.0,0.0,,0.0,0.0,0.0,0.0,0.0,0.0,2.0,1.0,0.0,1.0,0.0,1.86,1.0,1.0,,,0.0,0.0,0.0,0.0,0.0,,0.0,1.0,0.0,,3.0,16.0
2026,2021039140,2026-07-12,1900041,岡林 勇希,,1,中,4,1.0,1.0,4.0,4.0,1.0,2.0,0.0,0.0,0.0,0.0,0.0,,0.0,1.0,0.0,0.0,0.0,0.0,,,,,,,,,,,,,,,,,,,,,,
2026,2021039140,2026-07-12,1950996,前川 右京,,58,左,5,1.0,1.0,5.0,5.0,0.0,0.0,0.0,0.0,0.0,0.0,0.0,,0.0,0.0,0.0,0.0,0.0,0.0,,,,,,,,,,,,,,,,,,,,,,
2026,2021039140,2026-07-12,1951008,中西 聖輝,Nakanishi Seiki,11,投,4,1.0,1.0,2.0,2.0,0.0,0.0,0.0,0.0,0.0,0.0,0.0,,0.0,0.0,0.0,0.0,0.0,0.0,1.0,1.0,,2.0,2.0,4.68,6.0,6.0,,,0.0,4.0,2.0,2.0,0.0,,2.0,4.0,0.0,,24.0,89.0
2026,2021039140,2026-07-12,1961300,ボスラー,,24,右,4,1.0,1.0,3.0,3.0,1.0,1.0,0.0,0.0,1.0,3.0,0.0,,0.0,1.0,0.0,0.0,0.0,0.0,,,,,,,,,,,,,,,,,,,,,,
2026,2021039140,2026-07-12,2000051,佐藤 輝明,,8,三,5,1.0,1.0,5.0,5.0,0.0,2.0,0.0,0.0,0.0,1.0,0.0,,0.0,1.0,0.0,0.0,0.0,0.0,,,,,,,,,,,,,,,,,,,,,,
2026,2021039140,2026-07-12,2000056,中野 拓夢,,7,二,5,1.0,1.0,5.0,4.0,1.0,2.0,0.0,0.0,0.0,0.0,0.0,,1.0,0.0,0.0,0.0,0.0,0.0,,,,,,,,,,,,,,,,,,,,,,
2026,2021039140,2026-07-12,2000057,高寺 望夢,,67,打,5,1.0,0.0,1.0,0.0,0.0,0.0,0.0,0.0,0.0,1.0,0.0,,1.0,0.0,0.0,0.0,0.0,0.0,,,,,,,,,,,,,,,,,,,,,,
2026,2021039140,2026-07-12,2060049,アブレウ,Abureu,28,投,4,1.0,0.0,0.0,0.0,0.0,0.0,0.0,0.0,0.0,0.0,0.0,,0.0,0.0,0.0,0.0,0.0,0.0,4.0,1.0,0.0,1.0,0.0,5.4,0.6666666666666666,0.2,,,0.0,1.0,0.0,0.0,0.0,,1.0,1.0,0.0,,4.0,16.0
2026,2021039140,2026-07-12,2103780,福永 裕基,,7,二一,4,1.0,1.0,4.0,3.0,1.0,2.0,1.0,0.0,0.0,1.0,1.0,,1.0,0.0,0.0,0.0,0.0,0.0,,,,,,,,,,,,,,,,,,,,,,
2026,2021039140,2026-07-12,2105102,石伊 雄太,,9,捕,4,1.0,1.0,4.0,3.0,2.0,1.0,1.0,0.0,0.0,0.0,0.0,,1.0,1.0,0.0,0.0,0.0,0.0,,,,,,,,,,,,,,,,,,,,,,
2026,2021039140,2026-07-12,2105295,吉田 聖弥,Yoshida Kiyoshi Wataru,47,投,4,1.0,0.0,0.0,0.0,0.0,0.0,0.0,0.0,0.0,0.0,0.0,,0.0,0.0,0.0,0.0,0.0,0.0,3.0,1.0,0.0,0.0,1.0,1.75,0.0,0.0,,,0.0,2.0,3.0,3.0,0.0,,2.0,0.0,0.0,,4.0,14.0
2026,2021039140,2026-07-12,2106233,石黒 佑弥,Ishiguro Yuu Wataru,63,投,5,1.0,0.0,0.0,0.0,0.0,0.0,0.0,0.0,0.0,0.0,0.0,,0.0,0.0,0.0,0.0,0.0,0.0,3.0,1.0,0.0,0.0,0.0,4.58,1.0,1.0,,,0.0,2.0,1.0,1.0,0.0,,1.0,2.0,0.0,,6.0,30.0
2026,2021039140,2026-07-12,2107645,尾田 剛樹,,0,右,4,1.0,0.0,1.0,1.0,0.0,0.0,0.0,0.0,0.0,0.0,0.0,,0.0,1.0,0.0,0.0,0.0,0.0,,,,,,,,,,,,,,,,,,,,,,
2026,2021039140,2026-07-12,2107869,松山 晋也,Matsuyama Shin'Ya,90,投,4,1.0,0.0,0.0,0.0,0.0,0.0,0.0,0.0,0.0,0.0,0.0,,0.0,0.0,0.0,0.0,0.0,0.0,6.0,1.0,0.0,1.0,2.0,1.52,1.0,1.0,,,17.0,3.0,0.0,0.0,0.0,,0.0,0.0,0.0,,6.0,24.0
2026,2021039140,2026-07-12,2108124,セベリーノ,Seberiino,97,投,5,1.0,0.0,0.0,0.0,0.0,0.0,0.0,0.0,0.0,0.0,0.0,,0.0,0.0,0.0,0.0,0.0,0.0,4.0,1.0,0.0,0.0,0.0,0.0,1.0,1.0,,,0.0,0.0,0.0,0.0,0.0,,0.0,1.0,0.0,,3.0,12.0
2026,2021039140,2026-07-12,2109682,今朝丸 裕喜,Kesamaru Hiroki,28,投,5,1.0,1.0,2.0,2.0,0.0,0.0,0.0,0.0,0.0,0.0,0.0,,0.0,2.0,0.0,0.0,0.0,0.0,1.0,1.0,,0.0,1.0,5.63,4.0,4.0,,,0.0,6.0,4.0,4.0,1.0,,1.0,1.0,1.0,,19.0,75.0
2026,2021039140,2026-07-12,2109980,嶋村 麟士朗,,85,打,5,1.0,0.0,1.0,1.0,0.0,0.0,0.0,0.0,0.0,0.0,0.0,,0.0,1.0,0.0,0.0,0.0,0.0,,,,,,,,,,,,,,,,,,,,,,
2026,2021039140,2026-07-12,2112141,津田 淳哉,Tsuda Jun'Ya,66,投,5,1.0,0.0,0.0,0.0,0.0,0.0,0.0,0.0,0.0,0.0,0.0,,0.0,0.0,0.0,0.0,0.0,0.0,2.0,1.0,0.0,0.0,0.0,1.23,2.0,2.0,,,0.0,2.0,1.0,1.0,1.0,,1.0,2.0,0.0,,8.0,33.0
2026,2021039141,2026-07-07,1000002,筒香 嘉智,,25,三,3,1.0,1.0,5.0,3.0,0.0,1.0,0.0,0.0,0.0,1.0,0.0,,2.0,0.0,0.0,0.0,0.0,0.0,,,,,,,,,,,,,,,,,,,,,,
2026,2021039141,2026-07-07,1000150,秋山 翔吾,,9,打,6,1.0,0.0,1.0,0.0,0.0,0.0,0.0,0.0,0.0,1.0,0.0,,0.0,0.0,0.0,0.0,1.0,0.0,,,,,,,,,,,,,,,,,,,,,,
2026,2021039141,2026-07-07,1100082,菊池 涼介,,33,二,6,1.0,1.0,4.0,3.0,1.0,1.0,0.0,0.0,0.0,0.0,0.0,,0.0,1.0,0.0,1.0,0.0,0.0,,,,,,,,,,,,,,,,,,,,,,
2026,2021039141,2026-07-07,1500064,戸柱 恭孝,,10,捕,3,1.0,0.0,0.0,0.0,0.0,0.0,0.0,0.0,0.0,0.0,0.0,,0.0,0.0,0.0,0.0,0.0,0.0,,,,,,,,,,,,,,,,,,,,,,
2026,2021039141,2026-07-07,1600089,佐野 恵太,,7,一,3,1.0,1.0,5.0,4.0,0.0,2.0,0.0,0.0,0.0,0.0,0.0,,1.0,1.0,0.0,0.0,0.0,0.0,,,,,,,,,,,,,,,,,,,,,,
2026,2021039141,2026-07-07,1600124,坂倉 将吾,,31,一,6,1.0,1.0,4.0,4.0,0.0,0.0,0.0,0.0,0.0,0.0,0.0,,0.0,2.0,0.0,0.0,0.0,0.0,,,,,,,,,,,,,,,,,,,,,,
2026,2021039141,2026-07-07,1700058,東 克樹,Azuma Katsuki,11,投,3,1.0,1.0,3.0,3.0,0.0,0.0,0.0,0.0,0.0,0.0,0.0,,0.0,2.0,0.0,0.0,0.0,0.0,1.0,1.0,,7.0,5.0,2.72,5.666666666666667,5.2,,,0.0,10.0,6.0,6.0,0.0,,0.0,4.0,0.0,,27.0,99.0
2026,2021039141,2026-07-07,1700072,遠藤 淳志,Endou Atsushi,66,投,6,1.0,0.0,0.0,0.0,0.0,0.0,0.0,0.0,0.0,0.0,0.0,,0.0,0.0,0.0,0.0,0.0,0.0,3.0,1.0,0.0,1.0,1.0,2.27,1.0,1.0,,,0.0,0.0,0.0,0.0,0.0,,0.0,2.0,0.0,,3.0,11.0
2026,2021039141,2026-07-07,1800046,勝又 温史,,28,左,3,1.0,1.0,5.0,5.0,2.0,2.0,0.0,0.0,0.0,0.0,0.0,,0.0,2.0,0.0,0.0,0.0,0.0,,,,,,,,,,,,,,,,,,,,,,
2026,2021039141,2026-07-07,1800072,小園 海斗,,5,遊三,6,1.0,1.0,4.0,4.0,1.0,1.0,0.0,0.0,0.0,1.0,0.0,,0.0,0.0,0.0,0.0,0.0,0.0,,,,,,,,,,,,,,,,,,,,,,
2026,2021039141,2026-07-07,1800079,大盛 穂,,59,中,6,1.0,1.0,4.0,4.0,1.0,1.0,0.0,0.0,0.0,0.0,0.0,,0.0,1.0,0.0,0.0,0.0,0.0,,,,,,,,,,,,,,,,,,,,,,
2026,2021039141,2026-07-07,1850405,名原 典彦,,92,右,6,1.0,1.0,4.0,4.0,1.0,2.0,2.0,0.0,0.0,0.0,0.0,,0.0,1.0,0.0,0.0,0.0,0.0,,,,,,,,,,,,,,,,,,,,,,
2026,2021039141,2026-07-07,1850873,度会 隆輝,,4,打,3,1.0,0.0,1.0,1.0,0.0,0.0,0.0,0.0,0.0,0.0,0.0,,0.0,1.0,0.0,0.0,0.0,0.0,,,,,,,,,,,,,,,,,,,,,,
2026,2021039141,2026-07-07,1900035,蝦名 達夫,,61,打,3,1.0,0.0,1.0,1.0,0.0,0.0,0.0,0.0,0.0,0.0,0.0,,0.0,0.0,0.0,0.0,0.0,0.0,,,,,,,,,,,,,,,,,,,,,,
2026,2021039141,2026-07-07,1900056,石原 貴規,,32,捕,6,1.0,1.0,3.0,3.0,0.0,3.0,1.0,0.0,0.0,2.0,0.0,,0.0,0.0,0.0,0.0,0.0,0.0,,,,,,,,,,,,,,,,,,,,,,
2026,2021039141,2026-07-07,1950429,高 太一,Kou Taichi,22,投,6,1.0,0.0,0.0,0.0,0.0,0.0,0.0,0.0,0.0,0.0,0.0,,0.0,0.0,0.0,0.0,0.0,0.0,4.0,1.0,0.0,0.0,2.0,2.17,1.0,1.0,,,0.0,1.0,0.0,0.0,0.0,,0.0,1.0,0.0,,4.0,16.0
2026,2021039141,2026-07-07,1960397,ハーン,Haan,68,投,6,1.0,0.0,0.0,0.0,0.0,0.0,0.0,0.0,0.0,0.0,0.0,,0.0,0.0,0.0,0.0,0.0,0.0,5.0,1.0,0.0,2.0,1.0,0.85,1.0,1.0,,,1.0,1.0,0.0,0.0,0.0,,0.0,0.0,0.0,,4.0,12.0
2026,2021039141,2026-07-07,1961927,モンテロ,,95,打,6,1.0,0.0,1.0,1.0,0.0,0.0,0.0,0.0,0.0,0.0,0.0,,0.0,0.0,0.0,0.0,0.0,0.0,,,,,,,,,,,,,,,,,,,,,,
2026,2021039141,2026-07-07,2000035,牧 秀悟,,2,二,3,1.0,1.0,5.0,5.0,2.0,2.0,0.0,0.0,1.0,2.0,0.0,,0.0,0.0,0.0,0.0,0.0,0.0,,,,,,,,,,,,,,,,,,,,,,
2026,2021039141,2026-07-07,2000061,森浦 大輔,Moriura Daisuke,13,投,6,1.0,0.0,0.0,0.0,0.0,0.0,0.0,0.0,0.0,0.0,0.0,,0.0,0.0,0.0,0.0,0.0,0.0,6.0,1.0,0.0,4.0,2.0,3.13,1.0,1.0,,,9.0,2.0,2.0,2.0,1.0,,1.0,3.0,0.0,,6.0,28.0
2026,2021039141,2026-07-07,2000065,矢野 雅哉,,4,遊,6,1.0,0.0,0.0,0.0,0.0,0.0,0.0,0.0,0.0,0.0,0.0,,0.0,0.0,0.0,0.0,0.0,0.0,,,,,,,,,,,,,,,,,,,,,,
2026,2021039141,2026-07-07,2050203,佐々木 泰,,10,三一,6,1.0,1.0,4.0,4.0,1.0,1.0,0.0,0.0,0.0,1.0,0.0,,0.0,0.0,0.0,0.0,0.0,0.0,,,,,,,,,,,,,,,,,,,,,,
2026,2021039141,2026-07-07,2100014,宮下 朝陽,,34,遊,3,1.0,1.0,4.0,4.0,0.0,1.0,0.0,0.0,0.0,0.0,0.0,,0.0,0.0,0.0,0.0,0.0,0.0,,,,,,,,,,,,,,,,,,,,,,
2026,2021039141,2026-07-07,2100277,松尾 汐恩,,5,捕,3,1.0,1.0,4.0,3.0,0.0,0.0,0.0,0.0,0.0,1.0,0.0,,1.0,1.0,0.0,0.0,0.0,0.0,,,,,,,,,,,,,,,,,,,,,,
2026,2021039141,2026-07-07,2103703,梶原 昂希,,58,中,3,1.0,1.0,4.0,3.0,0.0,1.0,0.0,0.0,0.0,0.0,0.0,,1.0,0.0,0.0,0.0,0.0,0.0,,,,,,,,,,,,,,,,,,,,,,
2026,2021039141,2026-07-07,2105707,吉野 光樹,Yoshino Hikariju,24,投,3,1.0,0.0,0.0,0.0,0.0,0.0,0.0,0.0,0.0,0.0,0.0,,0.0,0.0,0.0,0.0,0.0,0.0,3.0,1.0,0.0,0.0,1.0,4.4,1.0,1.0,,,0.0,0.0,0.0,0.0,0.0,,0.0,1.0,0.0,,3.0,7.0
2026,2021039141,2026-07-07,2106037,辻 大雅,Tsuji Taiga,98,投,6,1.0,0.0,0.0,0.0,0.0,0.0,0.0,0.0,0.0,0.0,0.0,,0.0,0.0,0.0,0.0,0.0,0.0,2.0,1.0,0.0,2.0,1.0,4.29,0.3333333333333333,0.1,,,0.0,0.0,0.0,0.0,0.0,,0.0,0.0,0.0,,1.0,1.0
2026,2021039141,2026-07-07,2107847,斉藤 優汰,Saitou Yuu ?,47,投,6,1.0,1.0,1.0,1.0,0.0,0.0,0.0,0.0,0.0,0.0,0.0,,0.0,0.0,0.0,0.0,0.0,0.0,1.0,1.0,,0.0,1.0,2.79,4.666666666666667,4.2,,,0.0,6.0,2.0,2.0,0.0,,4.0,4.0,0.0,,24.0,110.0
2026,2021039141,2026-07-07,2108195,エンカーナシオン,,69,右,3,1.0,1.0,5.0,5.0,0.0,1.0,0.0,0.0,0.0,0.0,0.0,,0.0,3.0,0.0,0.0,0.0,0.0,,,,,,,,,,,,,,,,,,,,,,
2026,2021039141,2026-07-07,2108557,松本 凌人,Matsumoto Ryounin,38,投,3,1.0,0.0,0.0,0.0,0.0,0.0,0.0,0.0,0.0,0.0,0.0,,0.0,0.0,0.0,0.0,0.0,0.0,2.0,1.0,0.0,0.0,0.0,0.0,1.3333333333333333,1.1,,,0.0,0.0,0.0,0.0,0.0,,0.0,1.0,0.0,,4.0,19.0
2026,2021039141,2026-07-07,2114882,ファビアン,,61,左,6,1.0,1.0,4.0,4.0,1.0,1.0,0.0,0.0,0.0,1.0,0.0,,0.0,1.0,0.0,0.0,0.0,0.0,,,,,,,,,,,,,,,,,,,,,,
2026,2021039142,2026-07-08,1000035,今宮 健太,,6,二,12,1.0,1.0,4.0,4.0,1.0,1.0,1.0,0.0,0.0,0.0,0.0,,0.0,0.0,0.0,0.0,0.0,0.0,,,,,,,,,,,,,,,,,,,,,,
2026,2021039142,2026-07-08,1000128,柳田 悠岐,,9,指,12,1.0,1.0,5.0,5.0,1.0,1.0,0.0,0.0,0.0,0.0,0.0,,0.0,2.0,0.0,0.0,0.0,0.0,,,,,,,,,,,,,,,,,,,,,,
2026,2021039142,2026-07-08,1000175,牧原 大成,,8,打,12,1.0,0.0,1.0,1.0,0.0,1.0,0.0,0.0,0.0,2.0,1.0,,0.0,0.0,0.0,0.0,0.0,0.0,,,,,,,,,,,,,,,,,,,,,,
2026,2021039142,2026-07-08,1100097,近藤 健介,,3,左,12,1.0,1.0,4.0,4.0,0.0,1.0,0.0,0.0,0.0,0.0,0.0,,0.0,0.0,0.0,0.0,0.0,0.0,,,,,,,,,,,,,,,,,,,,,,
2026,2021039142,2026-07-08,1400127,栗原 陵矢,,24,三,12,1.0,1.0,5.0,5.0,2.0,2.0,0.0,0.0,1.0,1.0,0.0,,0.0,2.0,0.0,0.0,0.0,0.0,,,,,,,,,,,,,,,,,,,,,,
2026,2021039142,2026-07-08,1500109,上原 健太,Uehara Kenta,20,,8,,,,,,,,,,,,,,,,,,,2.0,1.0,0.0,2.0,3.0,3.47,1.0,1.0,,,0.0,1.0,0.0,0.0,0.0,,0.0,1.0,0.0,,4.0,16.0
2026,2021039142,2026-07-08,1500110,加藤 貴之,Katou Takayuki,14,,8,,,,,,,,,,,,,,,,,,,1.0,1.0,,10.0,1.0,2.63,5.0,5.0,,,0.0,8.0,3.0,2.0,1.0,,0.0,7.0,0.0,,21.0,89.0
2026,2021039142,2026-07-08,1500143,川瀬 晃,,0,遊,12,1.0,1.0,4.0,4.0,1.0,2.0,0.0,0.0,0.0,0.0,0.0,,0.0,2.0,0.0,0.0,0.0,0.0,,,,,,,,,,,,,,,,,,,,,,
2026,2021039142,2026-07-08,1600133,堀 瑞輝,Hori Mizu Akira,34,,8,,,,,,,,,,,,,,,,,,,6.0,1.0,0.0,2.0,0.0,1.98,0.6666666666666666,0.2,,,1.0,1.0,0.0,0.0,0.0,,0.0,2.0,0.0,,3.0,14.0
2026,2021039142,2026-07-08,1600164,田中 正義,Tanaka Masayoshi,26,,8,,,,,,,,,,,,,,,,,,,5.0,1.0,0.0,1.0,2.0,3.07,0.3333333333333333,0.1,,,1.0,3.0,3.0,3.0,0.0,,1.0,1.0,0.0,,5.0,25.0
2026,2021039142,2026-07-08,1700025,清宮 幸太郎,,21,一,8,1.0,1.0,5.0,3.0,1.0,0.0,0.0,0.0,0.0,0.0,0.0,,2.0,1.0,0.0,0.0,0.0,0.0,,,,,,,,,,,,,,,,,,,,,,
2026,2021039142,2026-07-08,1700135,周東 佑京,,23,中,12,1.0,1.0,5.0,5.0,0.0,4.0,0.0,0.0,0.0,1.0,1.0,,0.0,0.0,0.0,0.0,0.0,0.0,,,,,,,,,,,,,,,,,,,,,,
2026,2021039142,2026-07-08,1800054,中村 稔弥,Nakamura Minoru Wataru,30,,12,,,,,,,,,,,,,,,,,,,6.0,1.0,0.0,0.0,0.0,3.0,1.0,1.0,,,0.0,1.0,0.0,0.0,0.0,,0.0,1.0,0.0,,4.0,13.0
2026,2021039142,2026-07-08,1800091,野村 佑希,,5,三,8,1.0,1.0,4.0,4.0,1.0,3.0,1.0,0.0,1.0,3.0,0.0,,0.0,0.0,0.0,0.0,0.0,0.0,,,,,,,,,,,,,,,,,,,,,,
2026,2021039142,2026-07-08,1800093,万波 中正,,66,右,8,1.0,1.0,5.0,4.0,1.0,2.0,0.0,0.0,0.0,1.0,0.0,,0.0,0.0,0.0,0.0,1.0,1.0,,,,,,,,,,,,,,,,,,,,,,
2026,2021039142,2026-07-08,1800095,田宮 裕涼,,64,捕,8,1.0,1.0,2.0,2.0,0.0,0.0,0.0,0.0,0.0,0.0,0.0,,0.0,1.0,0.0,0.0,0.0,0.0,,,,,,,,,,,,,,,,,,,,,,
2026,2021039142,2026-07-08,1800110,水谷 瞬,,53,打,8,1.0,0.0,1.0,1.0,0.0,0.0,0.0,0.0,0.0,0.0,0.0,,0.0,0.0,0.0,0.0,0.0,0.0,,,,,,,,,,,,,,,,,,,,,,
2026,2021039142,2026-07-08,1800113,渡邉 陸,,0,捕,12,1.0,0.0,0.0,0.0,0.0,0.0,0.0,0.0,0.0,0.0,0.0,,0.0,0.0,0.0,0.0,0.0,0.0,,,,,,,,,,,,,,,,,,,,,,
2026,2021039142,2026-07-08,1850172,廣瀬 隆太,,33,一,12,1.0,0.0,1.0,1.0,0.0,0.0,0.0,0.0,0.0,0.0,0.0,,0.0,1.0,0.0,0.0,0.0,0.0,,,,,,,,,,,,,,,,,,,,,,
2026,2021039142,2026-07-08,1850932,奈良間 大己,,58,二,8,1.0,1.0,4.0,3.0,0.0,1.0,0.0,0.0,0.0,1.0,0.0,,1.0,0.0,0.0,0.0,0.0,0.0,,,,,,,,,,,,,,,,,,,,,,
2026,2021039142,2026-07-08,1851204,水野 達稀,,43,遊,8,1.0,1.0,5.0,5.0,1.0,2.0,1.0,0.0,0.0,1.0,0.0,,0.0,0.0,0.0,0.0,0.0,0.0,,,,,,,,,,,,,,,,,,,,,,
2026,2021039142,2026-07-08,1860140,レイエス,,99,指,8,1.0,1.0,5.0,4.0,0.0,3.0,2.0,0.0,0.0,0.0,0.0,,1.0,0.0,0.0,0.0,0.0,0.0,,,,,,,,,,,,,,,,,,,,,,
2026,2021039142,2026-07-08,1900010,スチュワート・ジュニア,Stewart/Junior,2,,12,,,,,,,,,,,,,,,,,,,1.0,1.0,,5.0,4.0,5.66,2.333333333333333,2.1,,,0.0,6.0,4.0,4.0,0.0,,3.0,0.0,0.0,,16.0,74.0
2026,2021039142,2026-07-08,1900040,郡司 裕也,,3,左,8,1.0,1.0,5.0,3.0,2.0,1.0,0.0,0.0,0.0,1.0,0.0,,2.0,0.0,0.0,0.0,0.0,0.0,,,,,,,,,,,,,,,,,,,,,,
2026,2021039142,2026-07-08,1900101,海野 隆司,,62,捕,12,1.0,1.0,3.0,3.0,0.0,0.0,0.0,0.0,0.0,0.0,0.0,,0.0,2.0,0.0,0.0,0.0,0.0,,,,,,,,,,,,,,,,,,,,,,
2026,2021039142,2026-07-08,1900102,津森 宥紀,Tsumori ??,11,,12,,,,,,,,,,,,,,,,,,,4.0,1.0,0.0,2.0,0.0,1.4,1.0,1.0,,,0.0,2.0,0.0,0.0,0.0,,0.0,1.0,0.0,,5.0,20.0
2026,2021039142,2026-07-08,1900104,柳町 達,,32,右,12,1.0,1.0,4.0,4.0,0.0,2.0,0.0,0.0,0.0,2.0,0.0,,0.0,1.0,0.0,0.0,0.0,1.0,,,,,,,,,,,,,,,,,,,,,,
2026,2021039142,2026-07-08,1950486,進藤 勇也,,33,捕,8,1.0,0.0,1.0,1.0,0.0,0.0,0.0,0.0,0.0,0.0,0.0,,0.0,1.0,0.0,0.0,0.0,0.0,,,,,,,,,,,,,,,,,,,,,,
2026,2021039142,2026-07-08,1961052,ヘルナンデス,Herunandesu,63,,12,,,,,,,,,,,,,,,,,,,3.0,1.0,0.0,0.0,0.0,1.14,1.0,1.0,,,0.0,1.0,0.0,0.0,0.0,,1.0,0.0,0.0,,4.0,21.0
2026,2021039142,2026-07-08,2000008,伊藤 優輔,Itou Yuusuke,42,,12,,,,,,,,,,,,,,,,,,,5.0,1.0,0.0,1.0,0.0,2.45,1.0,1.0,,,0.0,2.0,2.0,2.0,1.0,,1.0,2.0,0.0,,6.0,25.0
2026,2021039142,2026-07-08,2000080,五十幡 亮汰,,50,中,8,1.0,0.0,1.0,1.0,0.0,0.0,0.0,0.0,0.0,0.0,0.0,,0.0,1.0,0.0,0.0,0.0,0.0,,,,,,,,,,,,,,,,,,,,,,
2026,2021039142,2026-07-08,2050307,達 孝太,Tooru Kouta,16,,8,,,,,,,,,,,,,,,,,,,4.0,1.0,0.0,2.0,6.0,3.49,1.0,1.0,,,2.0,1.0,0.0,0.0,0.0,,0.0,1.0,0.0,,4.0,15.0
2026,2021039142,2026-07-08,2102969,鈴木 豪太,Suzuki Gouta,26,,12,,,,,,,,,,,,,,,,,,,2.0,1.0,0.0,1.0,0.0,2.25,1.6666666666666663,1.2,,,0.0,1.0,1.0,1.0,0.0,,1.0,2.0,0.0,,7.0,28.0
2026,2021039142,2026-07-08,2103735,正木 智也,,31,一左,12,1.0,1.0,5.0,3.0,1.0,0.0,0.0,0.0,0.0,0.0,0.0,,2.0,3.0,0.0,0.0,0.0,0.0,,,,,,,,,,,,,,,,,,,,,,
2026,2021039142,2026-07-08,2106284,矢澤 宏太,,12,走指,8,1.0,0.0,0.0,0.0,0.0,0.0,0.0,0.0,0.0,0.0,0.0,,0.0,0.0,0.0,0.0,0.0,0.0,,,,,,,,,,,,,,,,,,,,,,
2026,2021039142,2026-07-08,2107900,吉田 賢吾,,60,中,8,1.0,1.0,4.0,4.0,1.0,1.0,1.0,0.0,0.0,0.0,0.0,,0.0,2.0,0.0,0.0,0.0,0.0,,,,,,,,,,,,,,,,,,,,,,
2026,2021039142,2026-07-08,2114529,山縣 秀,,54,三,8,1.0,0.0,0.0,0.0,0.0,0.0,0.0,0.0,0.0,0.0,0.0,,0.0,0.0,0.0,0.0,0.0,0.0,,,,,,,,,,,,,,,,,,,,,,
2026,2021039142,2026-07-08,2117696,柴田 獅子,Shibata Shishi,31,,8,,,,,,,,,,,,,,,,,,,3.0,1.0,0.0,0.0,1.0,2.45,1.0,1.0,,,0.0,0.0,0.0,0.0,0.0,,1.0,1.0,0.0,,4.0,18.0
2026,2021039143,2026-07-03,700049,前田 健太,Maeda Kenta,18,,376,,,,,,,,,,,,,,,,,,,1.0,1.0,,2.0,3.0,2.91,7.0,7.0,,,0.0,4.0,2.0,2.0,0.0,,1.0,3.0,0.0,,26.0,102.0
2026,2021039143,2026-07-03,900056,浅村 栄斗,,3,指,376,1.0,1.0,3.0,2.0,0.0,0.0,0.0,0.0,0.0,0.0,0.0,,1.0,0.0,0.0,0.0,0.0,0.0,,,,,,,,,,,,,,,,,,,,,,
2026,2021039143,2026-07-03,1300100,森 友哉,,4,指,11,1.0,1.0,4.0,4.0,0.0,0.0,0.0,0.0,0.0,0.0,0.0,,0.0,0.0,0.0,0.0,0.0,0.0,,,,,,,,,,,,,,,,,,,,,,
2026,2021039143,2026-07-03,1400196,宗 佑磨,,6,三,11,1.0,1.0,4.0,3.0,0.0,0.0,0.0,0.0,0.0,0.0,1.0,,1.0,0.0,0.0,0.0,0.0,0.0,,,,,,,,,,,,,,,,,,,,,,
2026,2021039143,2026-07-03,1500096,西川 龍馬,,7,左,11,1.0,1.0,4.0,4.0,0.0,0.0,0.0,0.0,0.0,0.0,0.0,,0.0,1.0,0.0,0.0,0.0,0.0,,,,,,,,,,,,,,,,,,,,,,
2026,2021039143,2026-07-03,1600007,村林 一輝,,6,二,376,1.0,1.0,4.0,4.0,1.0,2.0,0.0,0.0,0.0,0.0,0.0,,0.0,0.0,0.0,0.0,0.0,1.0,,,,,,,,,,,,,,,,,,,,,,
2026,2021039143,2026-07-03,1600092,藤平 尚真,Fujihira Shoushin,46,,376,,,,,,,,,,,,,,,,,,,3.0,1.0,0.0,0.0,1.0,2.12,1.0,1.0,,,18.0,2.0,0.0,0.0,0.0,,0.0,1.0,0.0,,5.0,19.0
2026,2021039143,2026-07-03,1600155,山崎 颯一郎,Yamazaki Sai Ichirou,21,,11,,,,,,,,,,,,,,,,,,,4.0,1.0,0.0,1.0,3.0,2.18,1.3333333333333333,1.1,,,0.0,0.0,0.0,0.0,0.0,,1.0,1.0,0.0,,5.0,32.0
2026,2021039143,2026-07-03,1650056,福永 奨,,32,捕,11,1.0,1.0,3.0,2.0,0.0,1.0,1.0,0.0,0.0,1.0,0.0,,0.0,1.0,0.0,1.0,0.0,0.0,,,,,,,,,,,,,,,,,,,,,,
2026,2021039143,2026-07-03,1650221,椋木 蓮,Mukunoki Ren,15,,11,,,,,,,,,,,,,,,,,,,5.0,1.0,0.0,2.0,3.0,2.61,1.0,1.0,,,1.0,2.0,1.0,1.0,0.0,,0.0,0.0,0.0,,4.0,20.0
2026,2021039143,2026-07-03,1650722,杉澤 龍,,33,打,11,1.0,0.0,1.0,1.0,0.0,0.0,0.0,0.0,0.0,0.0,0.0,,0.0,0.0,0.0,0.0,0.0,0.0,,,,,,,,,,,,,,,,,,,,,,
2026,2021039143,2026-07-03,1750667,山中 稜真,,50,一,11,1.0,1.0,4.0,2.0,0.0,0.0,0.0,0.0,0.0,1.0,0.0,,1.0,0.0,0.0,0.0,1.0,0.0,,,,,,,,,,,,,,,,,,,,,,
2026,2021039143,2026-07-03,1800098,太田 椋,,1,二,11,1.0,1.0,4.0,4.0,0.0,0.0,0.0,0.0,0.0,0.0,0.0,,0.0,3.0,0.0,0.0,0.0,0.0,,,,,,,,,,,,,,,,,,,,,,
2026,2021039143,2026-07-03,1800102,宜保 翔,,53,走,11,1.0,0.0,0.0,0.0,0.0,0.0,0.0,0.0,0.0,0.0,0.0,,0.0,0.0,0.0,0.0,0.0,0.0,,,,,,,,,,,,,,,,,,,,,,
2026,2021039143,2026-07-03,1800104,中川 圭太,,67,中,11,1.0,1.0,4.0,4.0,0.0,1.0,0.0,0.0,0.0,0.0,0.0,,0.0,0.0,0.0,0.0,0.0,0.0,,,,,,,,,,,,,,,,,,,,,,
2026,2021039143,2026-07-03,1800117,辰己 涼介,,8,中,376,1.0,1.0,4.0,4.0,2.0,4.0,0.0,1.0,1.0,1.0,0.0,,0.0,0.0,0.0,0.0,0.0,0.0,,,,,,,,,,,,,,,,,,,,,,
2026,2021039143,2026-07-03,1800118,太田 光,,2,捕,376,1.0,1.0,3.0,2.0,0.0,0.0,0.0,0.0,0.0,1.0,0.0,,0.0,1.0,0.0,0.0,1.0,1.0,,,,,,,,,,,,,,,,,,,,,,
2026,2021039143,2026-07-03,1851157,宗山 塁,,1,遊,376,1.0,1.0,3.0,1.0,0.0,0.0,0.0,0.0,0.0,0.0,0.0,,2.0,0.0,0.0,0.0,0.0,0.0,,,,,,,,,,,,,,,,,,,,,,
2026,2021039143,2026-07-03,1900088,紅林 弘太郎,,24,遊,11,1.0,1.0,4.0,4.0,1.0,2.0,1.0,0.0,0.0,0.0,0.0,,0.0,0.0,0.0,0.0,0.0,0.0,,,,,,,,,,,,,,,,,,,,,,
2026,2021039143,2026-07-03,1900113,黒川 史陽,,24,一,376,1.0,1.0,4.0,4.0,0.0,0.0,0.0,0.0,0.0,0.0,0.0,,0.0,0.0,0.0,0.0,0.0,0.0,,,,,,,,,,,,,,,,,,,,,,
2026,2021039143,2026-07-03,1900115,武藤 敦貴,,50,走右,376,1.0,0.0,0.0,0.0,0.0,0.0,0.0,0.0,0.0,0.0,0.0,,0.0,0.0,0.0,0.0,0.0,0.0,,,,,,,,,,,,,,,,,,,,,,
2026,2021039143,2026-07-03,1950278,中島 大輔,,32,右左,376,1.0,1.0,4.0,4.0,0.0,0.0,0.0,0.0,0.0,0.0,0.0,,0.0,0.0,0.0,0.0,0.0,0.0,,,,,,,,,,,,,,,,,,,,,,
2026,2021039143,2026-07-03,2000098,来田 涼斗,,38,右,11,1.0,1.0,4.0,4.0,1.0,2.0,0.0,0.0,0.0,0.0,0.0,,0.0,0.0,0.0,0.0,0.0,0.0,,,,,,,,,,,,,,,,,,,,,,
2026,2021039143,2026-07-03,2050019,片山 楽生,Katayama Rakusei,49,,11,,,,,,,,,,,,,,,,,,,1.0,1.0,,0.0,0.0,3.2,4.333333333333333,4.1,,,0.0,4.0,2.0,2.0,1.0,,2.0,1.0,0.0,,18.0,59.0
2026,2021039143,2026-07-03,2102124,泰 勝利,Thailand Shouri,59,,376,,,,,,,,,,,,,,,,,,,2.0,1.0,0.0,2.0,0.0,0.0,1.0,1.0,,,0.0,0.0,0.0,0.0,0.0,,1.0,1.0,0.0,,5.0,24.0
2026,2021039143,2026-07-03,2103713,権田 琉成,Gonda Ryuu Sei,98,,11,,,,,,,,,,,,,,,,,,,3.0,1.0,0.0,1.0,0.0,3.15,0.6666666666666666,0.2,,,0.0,1.0,0.0,0.0,0.0,,1.0,0.0,0.0,,4.0,14.0
2026,2021039143,2026-07-03,2105283,平良 竜哉,,48,三,376,1.0,1.0,3.0,2.0,0.0,0.0,0.0,0.0,0.0,0.0,0.0,,0.0,0.0,0.0,1.0,0.0,0.0,,,,,,,,,,,,,,,,,,,,,,
2026,2021039143,2026-07-03,2107872,才木 海翔,Sai Moku Kaishou,95,,11,,,,,,,,,,,,,,,,,,,2.0,1.0,0.0,0.0,0.0,4.15,0.6666666666666666,0.2,,,0.0,0.0,0.0,0.0,0.0,,0.0,0.0,0.0,,1.0,4.0
2026,2021039143,2026-07-03,2122300,マッカスカー,,34,左,376,1.0,1.0,4.0,3.0,0.0,1.0,0.0,0.0,0.0,1.0,0.0,,1.0,1.0,0.0,0.0,0.0,0.0,,,,,,,,,,,,,,,,,,,,,,
2026,2021039144,2026-07-05,1300061,中村 祐太,Nakamura Yuuta,58,,7,,,,,,,,,,,,,,,,,,,5.0,1.0,0.0,0.0,0.0,1.59,1.0,1.0,,,0.0,1.0,0.0,0.0,0.0,,0.0,1.0,0.0,,3.0,12.0
2026,2021039144,2026-07-05,1400184,外崎 修汰,,5,打,7,1.0,0.0,1.0,1.0,0.0,0.0,0.0,0.0,0.0,0.0,0.0,,0.0,1.0,0.0,0.0,0.0,0.0,,,,,,,,,,,,,,,,,,,,,,
2026,2021039144,2026-07-05,1450608,八木 彬,Yagi Akira,33,,9,,,,,,,,,,,,,,,,,,,2.0,1.0,0.0,8.0,0.0,2.11,1.0,1.0,,,0.0,0.0,0.0,0.0,0.0,,0.0,0.0,0.0,,3.0,13.0
2026,2021039144,2026-07-05,1500102,愛斗,,50,中,9,1.0,1.0,4.0,4.0,0.0,1.0,1.0,0.0,0.0,0.0,0.0,,0.0,2.0,0.0,0.0,0.0,0.0,,,,,,,,,,,,,,,,,,,,,,
2026,2021039144,2026-07-05,1500117,平沢 大河,,39,一,7,1.0,1.0,3.0,3.0,0.0,1.0,1.0,0.0,0.0,1.0,0.0,,0.0,0.0,0.0,0.0,0.0,0.0,,,,,,,,,,,,,,,,,,,,,,
2026,2021039144,2026-07-05,1600129,源田 壮亮,,6,遊,7,1.0,0.0,0.0,0.0,0.0,0.0,0.0,0.0,0.0,0.0,0.0,,0.0,0.0,0.0,0.0,0.0,0.0,,,,,,,,,,,,,,,,,,,,,,
2026,2021039144,2026-07-05,1600134,石井 一成,,4,二,7,1.0,1.0,4.0,2.0,0.0,1.0,0.0,0.0,0.0,3.0,0.0,,1.0,0.0,0.0,0.0,1.0,0.0,,,,,,,,,,,,,,,,,,,,,,
2026,2021039144,2026-07-05,1600157,澤田 圭佑,Sawada Keisuke,54,,9,,,,,,,,,,,,,,,,,,,4.0,1.0,0.0,2.0,1.0,3.81,1.0,1.0,,,0.0,1.0,0.0,0.0,0.0,,0.0,2.0,0.0,,4.0,16.0
2026,2021039144,2026-07-05,1700020,ソト,,99,指,9,1.0,1.0,3.0,2.0,0.0,0.0,0.0,0.0,0.0,0.0,0.0,,0.0,0.0,1.0,0.0,0.0,0.0,,,,,,,,,,,,,,,,,,,,,,
2026,2021039144,2026-07-05,1700034,山崎 剛,,38,遊,9,1.0,0.0,1.0,1.0,0.0,0.0,0.0,0.0,0.0,0.0,0.0,,0.0,0.0,0.0,0.0,0.0,0.0,,,,,,,,,,,,,,,,,,,,,,
2026,2021039144,2026-07-05,1700092,安田 尚憲,,5,打三,9,1.0,0.0,1.0,1.0,1.0,1.0,0.0,0.0,1.0,1.0,0.0,,0.0,0.0,0.0,0.0,0.0,1.0,,,,,,,,,,,,,,,,,,,,,,
2026,2021039144,2026-07-05,1700122,西川 愛也,,51,中,7,1.0,1.0,5.0,4.0,2.0,2.0,0.0,1.0,0.0,2.0,0.0,,0.0,0.0,0.0,1.0,0.0,0.0,,,,,,,,,,,,,,,,,,,,,,
2026,2021039144,2026-07-05,1750472,古賀 悠斗,,22,捕,7,1.0,1.0,3.0,3.0,0.0,1.0,0.0,0.0,0.0,0.0,0.0,,0.0,0.0,0.0,0.0,0.0,0.0,,,,,,,,,,,,,,,,,,,,,,
2026,2021039144,2026-07-05,1760440,カスティーヨ,Castillo,11,,9,,,,,,,,,,,,,,,,,,,3.0,1.0,0.0,0.0,1.0,1.59,0.0,0.0,,,0.0,1.0,3.0,0.0,0.0,,0.0,0.0,0.0,,3.0,12.0
2026,2021039144,2026-07-05,1800037,坂本 光士郎,Sakamoto Hikari Shirou,36,,9,,,,,,,,,,,,,,,,,,,5.0,1.0,0.0,2.0,1.0,3.1,1.0,1.0,,,0.0,3.0,2.0,2.0,0.0,,0.0,0.0,0.0,,5.0,18.0
2026,2021039144,2026-07-05,1800050,藤原 恭大,,1,右,9,1.0,1.0,4.0,3.0,0.0,1.0,0.0,0.0,0.0,0.0,1.0,,1.0,0.0,0.0,0.0,0.0,0.0,,,,,,,,,,,,,,,,,,,,,,
2026,2021039144,2026-07-05,1800053,山口 航輝,,51,一,9,1.0,1.0,4.0,3.0,1.0,2.0,0.0,0.0,1.0,2.0,0.0,,1.0,0.0,0.0,0.0,0.0,0.0,,,,,,,,,,,,,,,,,,,,,,
2026,2021039144,2026-07-05,1850820,蛭間 拓哉,,9,左,7,1.0,1.0,3.0,2.0,0.0,0.0,0.0,0.0,0.0,0.0,0.0,,0.0,0.0,0.0,1.0,0.0,0.0,,,,,,,,,,,,,,,,,,,,,,
2026,2021039144,2026-07-05,1850947,上田 希由翔,,10,三,9,1.0,1.0,3.0,3.0,0.0,0.0,0.0,0.0,0.0,0.0,0.0,,0.0,2.0,0.0,0.0,0.0,0.0,,,,,,,,,,,,,,,,,,,,,,
2026,2021039144,2026-07-05,1860167,ウィンゲンター,Ingentaa,45,,7,,,,,,,,,,,,,,,,,,,4.0,1.0,0.0,0.0,0.0,0.0,1.0,1.0,,,0.0,0.0,0.0,0.0,0.0,,0.0,0.0,0.0,,3.0,15.0
2026,2021039144,2026-07-05,1900065,柘植 世那,,37,捕,7,1.0,0.0,0.0,0.0,0.0,0.0,0.0,0.0,0.0,0.0,0.0,,0.0,0.0,0.0,0.0,0.0,0.0,,,,,,,,,,,,,,,,,,,,,,
2026,2021039144,2026-07-05,1900068,岸 潤一郎,,68,走左,7,1.0,0.0,1.0,1.0,2.0,1.0,0.0,0.0,0.0,0.0,1.0,,0.0,0.0,0.0,0.0,0.0,0.0,,,,,,,,,,,,,,,,,,,,,,
2026,2021039144,2026-07-05,1900081,佐藤 都志也,,32,捕,9,1.0,1.0,4.0,4.0,0.0,0.0,0.0,0.0,0.0,0.0,0.0,,0.0,0.0,0.0,0.0,0.0,0.0,,,,,,,,,,,,,,,,,,,,,,
2026,2021039144,2026-07-05,1950286,西川 史礁,,6,左,9,1.0,1.0,4.0,4.0,1.0,1.0,1.0,0.0,0.0,0.0,0.0,,0.0,0.0,0.0,0.0,0.0,0.0,,,,,,,,,,,,,,,,,,,,,,
2026,2021039144,2026-07-05,1950417,渡部 聖弥,,8,三,7,1.0,1.0,4.0,4.0,1.0,2.0,1.0,0.0,0.0,0.0,0.0,,0.0,0.0,0.0,0.0,0.0,0.0,,,,,,,,,,,,,,,,,,,,,,
2026,2021039144,2026-07-05,1961294,E.ラミレス,E. Ramiresu,56,,7,,,,,,,,,,,,,,,,,,,3.0,1.0,0.0,2.0,1.0,5.4,1.0,1.0,,,0.0,1.0,1.0,1.0,1.0,,0.0,0.0,0.0,,4.0,19.0
2026,2021039144,2026-07-05,2000089,小川 龍成,,57,二,9,1.0,1.0,4.0,4.0,0.0,0.0,0.0,0.0,0.0,0.0,0.0,,0.0,1.0,0.0,0.0,0.0,0.0,,,,,,,,,,,,,,,,,,,,,,
2026,2021039144,2026-07-05,2000090,河村 説人,Kawamura Setsunin,58,,9,,,,,,,,,,,,,,,,,,,1.0,1.0,,1.0,1.0,3.21,5.0,5.0,,,0.0,6.0,2.0,2.0,0.0,,3.0,0.0,0.0,,23.0,93.0
2026,2021039144,2026-07-05,2101047,ネビン,,26,指,7,1.0,1.0,4.0,1.0,0.0,0.0,0.0,0.0,0.0,1.0,0.0,,2.0,0.0,0.0,0.0,1.0,0.0,,,,,,,,,,,,,,,,,,,,,,
2026,2021039144,2026-07-05,2102926,寺地 隆成,,65,打指,9,1.0,0.0,1.0,1.0,0.0,1.0,0.0,0.0,0.0,0.0,0.0,,0.0,0.0,0.0,0.0,0.0,0.0,,,,,,,,,,,,,,,,,,,,,,
2026,2021039144,2026-07-05,2103612,黒田 将矢,Kuroda Susumu Ya,57,,7,,,,,,,,,,,,,,,,,,,2.0,1.0,0.0,2.0,0.0,2.57,1.0,1.0,,,0.0,2.0,1.0,1.0,1.0,,0.0,1.0,0.0,,5.0,15.0
2026,2021039144,2026-07-05,2103618,滝澤 夏央,,62,遊二,7,1.0,1.0,5.0,4.0,2.0,3.0,0.0,0.0,0.0,0.0,1.0,,0.0,0.0,0.0,1.0,0.0,0.0,,,,,,,,,,,,,,,,,,,,,,
2026,2021039144,2026-07-05,2106798,友杉 篤輝,,4,遊,9,1.0,1.0,2.0,2.0,0.0,0.0,0.0,0.0,0.0,0.0,0.0,,0.0,0.0,0.0,0.0,0.0,0.0,,,,,,,,,,,,,,,,,,,,,,
2026,2021039144,2026-07-05,2110118,佐藤 爽,Satou Sou,75,,7,,,,,,,,,,,,,,,,,,,1.0,1.0,,1.0,0.0,2.77,5.0,5.0,,,0.0,3.0,1.0,1.0,0.0,,2.0,3.0,1.0,,20.0,88.0
2026,2021039144,2026-07-05,2112133,村田 怜音,,99,一,7,1.0,0.0,1.0,1.0,0.0,0.0,0.0,0.0,0.0,0.0,0.0,,0.0,0.0,0.0,0.0,0.0,0.0,,,,,,,,,,,,,,,,,,,,,,
2026,2021039144,2026-07-05,2117028,カナリオ,,25,右,7,1.0,1.0,4.0,4.0,0.0,0.0,0.0,0.0,0.0,0.0,0.0,,0.0,1.0,0.0,0.0,0.0,0.0,,,,,,,,,,,,,,,,,,,,,,
2026,2021039145,2026-07-10,700003,坂本 勇人,,6,三,1,1.0,1.0,3.0,3.0,1.0,0.0,0.0,0.0,0.0,0.0,0.0,,0.0,0.0,0.0,0.0,0.0,0.0,,,,,,,,,,,,,,,,,,,,,,
2026,2021039145,2026-07-10,1100095,松本 剛,,9,中,1,1.0,1.0,4.0,4.0,1.0,2.0,0.0,0.0,0.0,0.0,1.0,,0.0,0.0,0.0,0.0,0.0,0.0,,,,,,,,,,,,,,,,,,,,,,
2026,2021039145,2026-07-10,1450689,船迫 大雅,Fune Sako Taiga,58,投,1,1.0,0.0,0.0,0.0,0.0,0.0,0.0,0.0,0.0,0.0,0.0,,0.0,0.0,0.0,0.0,0.0,0.0,3.0,1.0,0.0,2.0,1.0,2.89,0.3333333333333333,0.1,,,0.0,0.0,0.0,0.0,0.0,,1.0,0.0,0.0,,2.0,7.0
2026,2021039145,2026-07-10,1500052,中川 皓太,Nakagawa Kouta,41,投,1,1.0,0.0,0.0,0.0,0.0,0.0,0.0,0.0,0.0,0.0,0.0,,0.0,0.0,0.0,0.0,0.0,0.0,4.0,1.0,0.0,2.0,1.0,2.42,0.6666666666666666,0.2,,,0.0,0.0,0.0,0.0,0.0,,0.0,0.0,0.0,,2.0,12.0
2026,2021039145,2026-07-10,1500139,小澤 怜史,Ozawa Reishi,45,投,2,1.0,0.0,0.0,0.0,0.0,0.0,0.0,0.0,0.0,0.0,0.0,,0.0,0.0,0.0,0.0,0.0,0.0,4.0,1.0,0.0,0.0,0.0,3.31,1.0,1.0,,,0.0,2.0,0.0,0.0,0.0,,0.0,2.0,0.0,,5.0,25.0
2026,2021039145,2026-07-10,1561820,ダルベック,,29,一,1,1.0,1.0,4.0,3.0,0.0,1.0,0.0,0.0,0.0,1.0,0.0,,0.0,1.0,0.0,0.0,1.0,0.0,,,,,,,,,,,,,,,,,,,,,,
2026,2021039145,2026-07-10,1600078,古賀 優大,,2,打,2,1.0,0.0,1.0,1.0,0.0,0.0,0.0,0.0,0.0,0.0,0.0,,0.0,0.0,0.0,0.0,0.0,0.0,,,,,,,,,,,,,,,,,,,,,,
2026,2021039145,2026-07-10,1700010,マルティネス,Marutinesu,92,投,1,1.0,0.0,0.0,0.0,0.0,0.0,0.0,0.0,0.0,0.0,0.0,,0.0,0.0,0.0,0.0,0.0,0.0,6.0,1.0,0.0,1.0,2.0,1.39,1.0,1.0,,,28.0,0.0,0.0,0.0,0.0,,0.0,1.0,0.0,,3.0,8.0
2026,2021039145,2026-07-10,1700027,田中 瑛斗,Tanaka Akira To,45,投,1,1.0,0.0,0.0,0.0,0.0,0.0,0.0,0.0,0.0,0.0,0.0,,0.0,0.0,0.0,0.0,0.0,0.0,5.0,1.0,0.0,1.0,2.0,1.8,1.0,1.0,,,1.0,0.0,0.0,0.0,0.0,,0.0,1.0,0.0,,3.0,13.0
2026,2021039145,2026-07-10,1700044,大城 卓三,,24,捕,1,1.0,1.0,4.0,4.0,0.0,0.0,0.0,0.0,0.0,0.0,0.0,,0.0,1.0,0.0,0.0,0.0,0.0,,,,,,,,,,,,,,,,,,,,,,
2026,2021039145,2026-07-10,1700060,阪口 皓亮,Sakaguchi Akira Ryou,66,投,2,1.0,0.0,0.0,0.0,0.0,0.0,0.0,0.0,0.0,0.0,0.0,,0.0,0.0,0.0,0.0,0.0,0.0,5.0,1.0,0.0,0.0,0.0,2.84,1.0,1.0,,,0.0,1.0,0.0,0.0,0.0,,0.0,0.0,0.0,,3.0,13.0
2026,2021039145,2026-07-10,1700087,塩見 泰隆,,9,打,2,1.0,0.0,1.0,1.0,0.0,0.0,0.0,0.0,0.0,0.0,0.0,,0.0,0.0,0.0,0.0,0.0,0.0,,,,,,,,,,,,,,,,,,,,,,
2026,2021039145,2026-07-10,1700131,増田 珠,,63,右,2,1.0,1.0,4.0,3.0,0.0,0.0,0.0,0.0,0.0,0.0,0.0,,0.0,1.0,1.0,0.0,0.0,0.0,,,,,,,,,,,,,,,,,,,,,,
2026,2021039145,2026-07-10,1700136,リチャード,,52,一,1,1.0,0.0,0.0,0.0,0.0,0.0,0.0,0.0,0.0,0.0,0.0,,0.0,0.0,0.0,0.0,0.0,0.0,,,,,,,,,,,,,,,,,,,,,,
2026,2021039145,2026-07-10,1750321,泉口 友汰,,35,遊,1,1.0,1.0,4.0,4.0,0.0,1.0,0.0,0.0,0.0,0.0,0.0,,0.0,1.0,0.0,0.0,0.0,0.0,,,,,,,,,,,,,,,,,,,,,,
2026,2021039145,2026-07-10,1750894,増居 翔太,Zou I Shouta,43,投,2,1.0,1.0,1.0,0.0,0.0,0.0,0.0,0.0,0.0,0.0,0.0,,0.0,0.0,0.0,1.0,0.0,0.0,1.0,1.0,,1.0,0.0,0.82,5.0,5.0,,,0.0,2.0,1.0,0.0,0.0,,3.0,2.0,0.0,,18.0,83.0
2026,2021039145,2026-07-10,1850772,石井 巧,,38,打三,2,1.0,0.0,2.0,0.0,0.0,0.0,0.0,0.0,0.0,0.0,0.0,,2.0,0.0,0.0,0.0,0.0,0.0,,,,,,,,,,,,,,,,,,,,,,
2026,2021039145,2026-07-10,1900028,長岡 秀樹,,7,遊,2,1.0,1.0,4.0,2.0,0.0,0.0,0.0,0.0,0.0,1.0,0.0,,1.0,0.0,0.0,0.0,1.0,0.0,,,,,,,,,,,,,,,,,,,,,,
2026,2021039145,2026-07-10,1900029,武岡 龍世,,60,打,2,1.0,0.0,1.0,1.0,0.0,0.0,0.0,0.0,0.0,0.0,0.0,,0.0,1.0,0.0,0.0,0.0,0.0,,,,,,,,,,,,,,,,,,,,,,
2026,2021039145,2026-07-10,1951153,浦田 俊輔,,32,二,1,1.0,1.0,4.0,4.0,0.0,1.0,0.0,0.0,0.0,0.0,0.0,,0.0,1.0,0.0,0.0,0.0,0.0,,,,,,,,,,,,,,,,,,,,,,
2026,2021039145,2026-07-10,2000026,内山 壮真,,3,二,2,1.0,1.0,4.0,4.0,0.0,0.0,0.0,0.0,0.0,0.0,0.0,,0.0,1.0,0.0,0.0,0.0,0.0,,,,,,,,,,,,,,,,,,,,,,
2026,2021039145,2026-07-10,2000031,赤羽 由紘,,0,三一,2,1.0,1.0,4.0,3.0,0.0,0.0,0.0,0.0,0.0,0.0,0.0,,1.0,2.0,0.0,0.0,0.0,0.0,,,,,,,,,,,,,,,,,,,,,,
2026,2021039145,2026-07-10,2000033,丸山 翔大,Maruyama Shoudai,68,投,2,1.0,0.0,0.0,0.0,0.0,0.0,0.0,0.0,0.0,0.0,0.0,,0.0,0.0,0.0,0.0,0.0,0.0,3.0,1.0,0.0,0.0,1.0,2.95,1.0,1.0,,,0.0,2.0,2.0,2.0,1.0,,0.0,0.0,0.0,,5.0,17.0
2026,2021039145,2026-07-10,2000135,サンタナ,,25,左,2,1.0,1.0,3.0,2.0,0.0,0.0,0.0,0.0,0.0,0.0,0.0,,1.0,2.0,0.0,0.0,0.0,0.0,,,,,,,,,,,,,,,,,,,,,,
2026,2021039145,2026-07-10,2100225,笹原 操希,,95,右,1,1.0,1.0,4.0,3.0,1.0,1.0,0.0,0.0,1.0,2.0,0.0,,1.0,0.0,0.0,0.0,0.0,0.0,,,,,,,,,,,,,,,,,,,,,,
2026,2021039145,2026-07-10,2103689,赤星 優志,Akahoshi Yuushi,31,投,1,1.0,0.0,0.0,0.0,0.0,0.0,0.0,0.0,0.0,0.0,0.0,,0.0,0.0,0.0,0.0,0.0,0.0,2.0,1.0,0.0,5.0,2.0,2.62,0.3333333333333333,0.1,,,0.0,0.0,0.0,0.0,0.0,,0.0,0.0,0.0,,1.0,5.0
2026,2021039145,2026-07-10,2103917,岩田 幸宏,,64,中左,2,1.0,1.0,3.0,3.0,0.0,1.0,0.0,0.0,0.0,0.0,2.0,,0.0,0.0,0.0,0.0,0.0,0.0,,,,,,,,,,,,,,,,,,,,,,
2026,2021039145,2026-07-10,2105626,廣澤 優,Hirosawa Yuu,70,投,2,1.0,0.0,0.0,0.0,0.0,0.0,0.0,0.0,0.0,0.0,0.0,,0.0,0.0,0.0,0.0,0.0,0.0,2.0,1.0,0.0,2.0,1.0,3.04,1.0,1.0,,,0.0,0.0,0.0,0.0,0.0,,0.0,0.0,0.0,,3.0,17.0
2026,2021039145,2026-07-10,2106178,佐々木 俊輔,,44,左,1,1.0,1.0,3.0,1.0,0.0,0.0,0.0,0.0,0.0,0.0,0.0,,2.0,0.0,0.0,0.0,0.0,0.0,,,,,,,,,,,,,,,,,,,,,,
2026,2021039145,2026-07-10,2107172,矢野 泰二郎,,57,捕,2,1.0,1.0,3.0,2.0,1.0,0.0,0.0,0.0,0.0,0.0,0.0,,1.0,0.0,0.0,0.0,0.0,1.0,,,,,,,,,,,,,,,,,,,,,,
2026,2021039145,2026-07-10,2107178,モンテル,,90,走中,2,1.0,0.0,1.0,1.0,0.0,0.0,0.0,0.0,0.0,0.0,0.0,,0.0,0.0,0.0,0.0,0.0,0.0,,,,,,,,,,,,,,,,,,,,,,
2026,2021039145,2026-07-10,2107874,門脇 誠,,5,三,1,1.0,0.0,1.0,1.0,0.0,0.0,0.0,0.0,0.0,0.0,0.0,,0.0,0.0,0.0,0.0,0.0,0.0,,,,,,,,,,,,,,,,,,,,,,
2026,2021039145,2026-07-10,2108913,セデーニョ,,98,一,2,1.0,1.0,2.0,2.0,0.0,0.0,0.0,0.0,0.0,0.0,0.0,,0.0,0.0,0.0,0.0,0.0,0.0,,,,,,,,,,,,,,,,,,,,,,
2026,2021039145,2026-07-10,2118420,キャベッジ,,13,打,1,1.0,0.0,1.0,1.0,0.0,1.0,0.0,0.0,0.0,0.0,0.0,,0.0,0.0,0.0,0.0,0.0,0.0,,,,,,,,,,,,,,,,,,,,,,
2026,2021039145,2026-07-10,2122496,マタ,Mata,42,投,1,1.0,1.0,2.0,1.0,0.0,0.0,0.0,0.0,0.0,0.0,0.0,,0.0,0.0,0.0,1.0,0.0,0.0,1.0,1.0,,0.0,1.0,2.79,5.666666666666667,5.2,,,0.0,1.0,1.0,1.0,0.0,,5.0,5.0,1.0,,23.0,95.0
2026,2021039146,2026-07-10,1100069,高橋 周平,,3,打,4,1.0,0.0,1.0,0.0,0.0,0.0,0.0,0.0,0.0,0.0,0.0,,1.0,0.0,0.0,0.0,0.0,0.0,,,,,,,,,,,,,,,,,,,,,,
2026,2021039146,2026-07-10,1200100,伏見 寅威,,17,捕,5,1.0,1.0,4.0,4.0,0.0,0.0,0.0,0.0,0.0,0.0,0.0,,0.0,0.0,0.0,0.0,0.0,0.0,,,,,,,,,,,,,,,,,,,,,,
2026,2021039146,2026-07-10,1300075,岩崎 優,Iwasaki Yuu,13,投,5,1.0,0.0,0.0,0.0,0.0,0.0,0.0,0.0,0.0,0.0,0.0,,0.0,0.0,0.0,0.0,0.0,0.0,4.0,1.0,0.0,1.0,2.0,2.88,1.0,1.0,,,9.0,0.0,0.0,0.0,0.0,,1.0,1.0,0.0,,4.0,19.0
2026,2021039146,2026-07-10,1500078,阿部 寿樹,,48,打,4,1.0,0.0,1.0,0.0,0.0,0.0,0.0,0.0,0.0,0.0,0.0,,1.0,0.0,0.0,0.0,0.0,0.0,,,,,,,,,,,,,,,,,,,,,,
2026,2021039146,2026-07-10,1561854,サノー,,23,一,4,1.0,1.0,4.0,3.0,0.0,0.0,0.0,0.0,0.0,0.0,0.0,,1.0,2.0,0.0,0.0,0.0,0.0,,,,,,,,,,,,,,,,,,,,,,
2026,2021039146,2026-07-10,1600033,ドリス,Doris,98,投,5,1.0,0.0,0.0,0.0,0.0,0.0,0.0,0.0,0.0,0.0,0.0,,0.0,0.0,0.0,0.0,0.0,0.0,5.0,1.0,0.0,2.0,2.0,1.44,1.0,1.0,,,15.0,1.0,0.0,0.0,0.0,,1.0,2.0,0.0,,5.0,18.0
2026,2021039146,2026-07-10,1600085,細川 成也,,55,左,4,1.0,1.0,5.0,4.0,0.0,1.0,0.0,0.0,0.0,0.0,0.0,,1.0,1.0,0.0,0.0,0.0,0.0,,,,,,,,,,,,,,,,,,,,,,
2026,2021039146,2026-07-10,1600106,柳 裕也,Ryuu Yuuya,17,投,4,1.0,1.0,2.0,1.0,0.0,0.0,0.0,0.0,0.0,0.0,0.0,,0.0,0.0,0.0,1.0,0.0,1.0,1.0,1.0,,4.0,3.0,2.5,7.0,7.0,,,0.0,2.0,2.0,2.0,1.0,,1.0,4.0,1.0,,26.0,102.0
2026,2021039146,2026-07-10,1600113,大山 悠輔,,3,一,5,1.0,1.0,4.0,4.0,0.0,0.0,0.0,0.0,0.0,0.0,0.0,,0.0,0.0,0.0,0.0,0.0,0.0,,,,,,,,,,,,,,,,,,,,,,
2026,2021039146,2026-07-10,1750223,村松 開人,,5,遊,4,1.0,1.0,4.0,3.0,0.0,1.0,0.0,0.0,0.0,1.0,0.0,,1.0,0.0,0.0,0.0,0.0,0.0,,,,,,,,,,,,,,,,,,,,,,
2026,2021039146,2026-07-10,1800036,濱田 太貴,,32,打,5,1.0,0.0,1.0,1.0,1.0,1.0,0.0,0.0,1.0,1.0,0.0,,0.0,0.0,0.0,0.0,0.0,0.0,,,,,,,,,,,,,,,,,,,,,,
2026,2021039146,2026-07-10,1800065,近本 光司,,5,中,5,1.0,1.0,4.0,4.0,0.0,0.0,0.0,0.0,0.0,0.0,0.0,,0.0,0.0,0.0,0.0,0.0,0.0,,,,,,,,,,,,,,,,,,,,,,
2026,2021039146,2026-07-10,1800066,小幡 竜平,,38,遊,5,1.0,1.0,3.0,3.0,0.0,0.0,0.0,0.0,0.0,0.0,0.0,,0.0,1.0,0.0,0.0,0.0,0.0,,,,,,,,,,,,,,,,,,,,,,
2026,2021039146,2026-07-10,1850183,森下 翔太,,1,右,5,1.0,1.0,4.0,2.0,1.0,0.0,0.0,0.0,0.0,0.0,0.0,,1.0,0.0,1.0,0.0,0.0,0.0,,,,,,,,,,,,,,,,,,,,,,
2026,2021039146,2026-07-10,1850363,伊原 陵人,Ihara Ryounin,18,投,5,1.0,1.0,1.0,1.0,0.0,0.0,0.0,0.0,0.0,0.0,0.0,,0.0,0.0,0.0,0.0,0.0,0.0,1.0,1.0,,3.0,0.0,3.18,5.0,5.0,,,0.0,2.0,1.0,1.0,0.0,,3.0,4.0,0.0,,20.0,93.0
2026,2021039146,2026-07-10,1900037,石川 昂弥,,25,三,4,1.0,1.0,4.0,4.0,0.0,0.0,0.0,0.0,0.0,0.0,0.0,,0.0,2.0,0.0,0.0,0.0,0.0,,,,,,,,,,,,,,,,,,,,,,
2026,2021039146,2026-07-10,1900041,岡林 勇希,,1,中,4,1.0,1.0,5.0,4.0,0.0,1.0,0.0,0.0,0.0,0.0,0.0,,1.0,0.0,0.0,0.0,0.0,0.0,,,,,,,,,,,,,,,,,,,,,,
2026,2021039146,2026-07-10,1950996,前川 右京,,58,左,5,1.0,1.0,3.0,3.0,0.0,1.0,1.0,0.0,0.0,0.0,0.0,,0.0,1.0,0.0,0.0,0.0,0.0,,,,,,,,,,,,,,,,,,,,,,
2026,2021039146,2026-07-10,1961300,ボスラー,,24,右,4,1.0,1.0,4.0,3.0,0.0,0.0,0.0,0.0,0.0,0.0,0.0,,1.0,2.0,0.0,0.0,0.0,0.0,,,,,,,,,,,,,,,,,,,,,,
2026,2021039146,2026-07-10,2000044,土田 龍空,,45,走,4,1.0,0.0,0.0,0.0,0.0,0.0,0.0,0.0,0.0,0.0,0.0,,0.0,0.0,0.0,0.0,0.0,0.0,,,,,,,,,,,,,,,,,,,,,,
2026,2021039146,2026-07-10,2000051,佐藤 輝明,,8,三,5,1.0,1.0,4.0,3.0,1.0,1.0,0.0,0.0,1.0,2.0,0.0,,1.0,1.0,0.0,0.0,0.0,0.0,,,,,,,,,,,,,,,,,,,,,,
2026,2021039146,2026-07-10,2000056,中野 拓夢,,7,二,5,1.0,1.0,4.0,4.0,0.0,0.0,0.0,0.0,0.0,0.0,0.0,,0.0,1.0,0.0,0.0,0.0,0.0,,,,,,,,,,,,,,,,,,,,,,
2026,2021039146,2026-07-10,2000057,高寺 望夢,,67,走左,5,1.0,0.0,1.0,1.0,0.0,1.0,0.0,0.0,0.0,0.0,0.0,,0.0,0.0,0.0,0.0,0.0,0.0,,,,,,,,,,,,,,,,,,,,,,
2026,2021039146,2026-07-10,2103780,福永 裕基,,7,二一,4,1.0,1.0,4.0,4.0,1.0,1.0,0.0,0.0,0.0,0.0,0.0,,0.0,2.0,0.0,0.0,0.0,0.0,,,,,,,,,,,,,,,,,,,,,,
2026,2021039146,2026-07-10,2105038,伊藤 茉央,Itou Mao,32,投,4,1.0,0.0,0.0,0.0,0.0,0.0,0.0,0.0,0.0,0.0,0.0,,0.0,0.0,0.0,0.0,0.0,0.0,3.0,1.0,0.0,0.0,1.0,2.31,1.0,1.0,,,0.0,1.0,0.0,0.0,0.0,,0.0,0.0,0.0,,3.0,12.0
2026,2021039146,2026-07-10,2105102,石伊 雄太,,9,捕,4,1.0,1.0,4.0,3.0,0.0,0.0,0.0,0.0,0.0,0.0,0.0,,1.0,1.0,0.0,0.0,0.0,0.0,,,,,,,,,,,,,,,,,,,,,,
2026,2021039146,2026-07-10,2105174,辻本 倫太郎,,0,走二,4,1.0,0.0,0.0,0.0,0.0,0.0,0.0,0.0,0.0,0.0,0.0,,0.0,0.0,0.0,0.0,0.0,0.0,,,,,,,,,,,,,,,,,,,,,,
2026,2021039146,2026-07-10,2107086,牧野 憲伸,Makino Kenshin,68,投,4,1.0,0.0,0.0,0.0,0.0,0.0,0.0,0.0,0.0,0.0,0.0,,0.0,0.0,0.0,0.0,0.0,0.0,2.0,1.0,0.0,0.0,3.0,3.78,1.0,1.0,,,0.0,1.0,1.0,1.0,1.0,,1.0,1.0,0.0,,5.0,18.0
2026,2021039146,2026-07-10,2110225,福島 圭音,,92,打,5,1.0,0.0,1.0,1.0,0.0,0.0,0.0,0.0,0.0,0.0,0.0,,0.0,1.0,0.0,0.0,0.0,0.0,,,,,,,,,,,,,,,,,,,,,,
2026,2021039146,2026-07-10,2112146,工藤 泰成,Kudou Yasunari,49,投,5,1.0,0.0,0.0,0.0,0.0,0.0,0.0,0.0,0.0,0.0,0.0,,0.0,0.0,0.0,0.0,0.0,0.0,3.0,1.0,0.0,1.0,0.0,1.57,1.0,1.0,,,0.0,1.0,0.0,0.0,0.0,,2.0,2.0,0.0,,5.0,24.0
2026,2021039146,2026-07-10,2112444,木下 里都,Kinoshita Sato To,54,投,5,1.0,0.0,0.0,0.0,0.0,0.0,0.0,0.0,0.0,0.0,0.0,,0.0,0.0,0.0,0.0,0.0,0.0,2.0,1.0,0.0,1.0,1.0,2.66,1.0,1.0,,,0.0,0.0,0.0,0.0,0.0,,1.0,1.0,0.0,,4.0,12.0
2026,2021039147,2026-07-01,1000035,今宮 健太,,6,三,12,1.0,1.0,4.0,4.0,0.0,0.0,0.0,0.0,0.0,0.0,0.0,,0.0,2.0,0.0,0.0,0.0,0.0,,,,,,,,,,,,,,,,,,,,,,
2026,2021039147,2026-07-01,1000128,柳田 悠岐,,9,指,12,1.0,1.0,5.0,4.0,1.0,2.0,0.0,0.0,1.0,1.0,0.0,,1.0,0.0,0.0,0.0,0.0,0.0,,,,,,,,,,,,,,,,,,,,,,
2026,2021039147,2026-07-01,1000175,牧原 大成,,8,二,12,1.0,1.0,5.0,4.0,1.0,2.0,1.0,0.0,0.0,2.0,0.0,,0.0,0.0,1.0,0.0,0.0,0.0,,,,,,,,,,,,,,,,,,,,,,
2026,2021039147,2026-07-01,1100097,近藤 健介,,3,左,12,1.0,1.0,4.0,4.0,0.0,2.0,1.0,0.0,0.0,1.0,0.0,,0.0,1.0,0.0,0.0,0.0,0.0,,,,,,,,,,,,,,,,,,,,,,
2026,2021039147,2026-07-01,1251037,上川畑 大悟,,4,打,8,1.0,0.0,1.0,1.0,0.0,0.0,0.0,0.0,0.0,0.0,0.0,,0.0,1.0,0.0,0.0,0.0,0.0,,,,,,,,,,,,,,,,,,,,,,
2026,2021039147,2026-07-01,1400118,清水 優心,,10,捕,8,1.0,0.0,0.0,0.0,0.0,0.0,0.0,0.0,0.0,0.0,0.0,,0.0,0.0,0.0,0.0,0.0,0.0,,,,,,,,,,,,,,,,,,,,,,
2026,2021039147,2026-07-01,1400126,松本 裕樹,Matsumoto Yuuki,66,,12,,,,,,,,,,,,,,,,,,,3.0,1.0,0.0,3.0,3.0,2.48,1.0,1.0,,,4.0,0.0,0.0,0.0,0.0,,0.0,1.0,0.0,,3.0,16.0
2026,2021039147,2026-07-01,1400127,栗原 陵矢,,24,一,12,1.0,1.0,5.0,5.0,1.0,1.0,0.0,0.0,1.0,2.0,0.0,,0.0,2.0,0.0,0.0,0.0,0.0,,,,,,,,,,,,,,,,,,,,,,
2026,2021039147,2026-07-01,1500109,上原 健太,Uehara Kenta,20,,8,,,,,,,,,,,,,,,,,,,2.0,1.0,0.0,2.0,3.0,3.7,1.0,1.0,,,0.0,2.0,1.0,1.0,1.0,,1.0,1.0,0.0,,7.0,29.0
2026,2021039147,2026-07-01,1500140,谷川原 健太,,45,右,12,1.0,0.0,0.0,0.0,0.0,0.0,0.0,0.0,0.0,0.0,0.0,,0.0,0.0,0.0,0.0,0.0,0.0,,,,,,,,,,,,,,,,,,,,,,
2026,2021039147,2026-07-01,1500143,川瀬 晃,,0,遊三,12,1.0,1.0,5.0,4.0,1.0,1.0,1.0,0.0,0.0,0.0,0.0,,0.0,0.0,0.0,1.0,0.0,0.0,,,,,,,,,,,,,,,,,,,,,,
2026,2021039147,2026-07-01,1560184,オスナ,Osu na,54,,12,,,,,,,,,,,,,,,,,,,2.0,1.0,0.0,0.0,1.0,0.9,1.0,1.0,,,0.0,0.0,0.0,0.0,0.0,,0.0,2.0,0.0,,3.0,11.0
2026,2021039147,2026-07-01,1650813,川村 友斗,,61,走右左,12,1.0,0.0,1.0,1.0,1.0,0.0,0.0,0.0,0.0,0.0,0.0,,0.0,1.0,0.0,0.0,0.0,0.0,,,,,,,,,,,,,,,,,,,,,,
2026,2021039147,2026-07-01,1700025,清宮 幸太郎,,21,打,8,1.0,0.0,1.0,1.0,0.0,1.0,0.0,0.0,0.0,0.0,0.0,,0.0,0.0,0.0,0.0,0.0,0.0,,,,,,,,,,,,,,,,,,,,,,
2026,2021039147,2026-07-01,1700135,周東 佑京,,23,中,12,1.0,1.0,5.0,5.0,1.0,1.0,0.0,0.0,0.0,0.0,0.0,,0.0,0.0,0.0,0.0,0.0,0.0,,,,,,,,,,,,,,,,,,,,,,
2026,2021039147,2026-07-01,1800043,上茶谷 大河,Ue Chatani Taiga,64,,12,,,,,,,,,,,,,,,,,,,1.0,1.0,,5.0,0.0,2.25,6.0,6.0,,,1.0,5.0,2.0,2.0,1.0,,3.0,9.0,0.0,,24.0,100.0
2026,2021039147,2026-07-01,1800091,野村 佑希,,5,三,8,1.0,1.0,4.0,3.0,0.0,1.0,0.0,0.0,0.0,0.0,0.0,,1.0,1.0,0.0,0.0,0.0,0.0,,,,,,,,,,,,,,,,,,,,,,
2026,2021039147,2026-07-01,1800092,生田目 翼,Namatame Tsubasa,13,,8,,,,,,,,,,,,,,,,,,,4.0,1.0,0.0,0.0,0.0,7.04,1.0,1.0,,,0.0,0.0,0.0,0.0,0.0,,0.0,0.0,0.0,,3.0,10.0
2026,2021039147,2026-07-01,1800093,万波 中正,,66,右,8,1.0,1.0,4.0,4.0,1.0,2.0,1.0,0.0,0.0,0.0,0.0,,0.0,1.0,0.0,0.0,0.0,0.0,,,,,,,,,,,,,,,,,,,,,,
2026,2021039147,2026-07-01,1800107,杉山 一樹,Sugiyama Kazuki,40,,12,,,,,,,,,,,,,,,,,,,4.0,1.0,0.0,0.0,2.0,2.79,1.0,1.0,,,18.0,3.0,0.0,0.0,0.0,,0.0,3.0,0.0,,6.0,20.0
2026,2021039147,2026-07-01,1800110,水谷 瞬,,53,左,8,1.0,1.0,4.0,3.0,0.0,1.0,0.0,0.0,0.0,0.0,0.0,,1.0,1.0,0.0,0.0,0.0,0.0,,,,,,,,,,,,,,,,,,,,,,
2026,2021039147,2026-07-01,1800113,渡邉 陸,,0,捕,12,1.0,1.0,4.0,3.0,0.0,2.0,0.0,0.0,0.0,0.0,0.0,,1.0,0.0,0.0,0.0,0.0,0.0,,,,,,,,,,,,,,,,,,,,,,
2026,2021039147,2026-07-01,1850932,奈良間 大己,,58,二,8,1.0,1.0,4.0,4.0,1.0,1.0,0.0,0.0,1.0,1.0,0.0,,0.0,1.0,0.0,0.0,0.0,0.0,,,,,,,,,,,,,,,,,,,,,,
2026,2021039147,2026-07-01,1851204,水野 達稀,,43,遊,8,1.0,1.0,4.0,4.0,0.0,0.0,0.0,0.0,0.0,0.0,0.0,,0.0,2.0,0.0,0.0,0.0,2.0,,,,,,,,,,,,,,,,,,,,,,
2026,2021039147,2026-07-01,1860140,レイエス,,99,指,8,1.0,1.0,4.0,4.0,0.0,1.0,0.0,0.0,0.0,0.0,0.0,,0.0,3.0,0.0,0.0,0.0,0.0,,,,,,,,,,,,,,,,,,,,,,
2026,2021039147,2026-07-01,1900040,郡司 裕也,,3,一,8,1.0,1.0,4.0,3.0,0.0,1.0,0.0,0.0,0.0,1.0,0.0,,1.0,1.0,0.0,0.0,0.0,0.0,,,,,,,,,,,,,,,,,,,,,,
2026,2021039147,2026-07-01,1900101,海野 隆司,,62,捕,12,1.0,0.0,0.0,0.0,0.0,0.0,0.0,0.0,0.0,0.0,0.0,,0.0,0.0,0.0,0.0,0.0,0.0,,,,,,,,,,,,,,,,,,,,,,
2026,2021039147,2026-07-01,1900104,柳町 達,,32,右左,12,1.0,1.0,5.0,5.0,0.0,0.0,0.0,0.0,0.0,0.0,0.0,,0.0,1.0,0.0,0.0,0.0,0.0,,,,,,,,,,,,,,,,,,,,,,
2026,2021039147,2026-07-01,1950149,庄子 雄大,,25,遊,12,1.0,0.0,0.0,0.0,0.0,0.0,0.0,0.0,0.0,0.0,0.0,,0.0,0.0,0.0,0.0,0.0,0.0,,,,,,,,,,,,,,,,,,,,,,
2026,2021039147,2026-07-01,1950486,進藤 勇也,,33,捕,8,1.0,1.0,2.0,2.0,0.0,0.0,0.0,0.0,0.0,0.0,0.0,,0.0,2.0,0.0,0.0,0.0,0.0,,,,,,,,,,,,,,,,,,,,,,
2026,2021039147,2026-07-01,2000079,伊藤 大海,Itou Taikai,17,,8,,,,,,,,,,,,,,,,,,,1.0,1.0,,8.0,5.0,3.23,6.0,6.0,,,0.0,9.0,5.0,4.0,1.0,,1.0,4.0,1.0,,30.0,105.0
2026,2021039147,2026-07-01,2103635,柳川 大晟,Yanagawadai Akira,47,,8,,,,,,,,,,,,,,,,,,,3.0,1.0,0.0,2.0,0.0,2.32,1.0,1.0,,,19.0,0.0,0.0,0.0,0.0,,0.0,2.0,0.0,,3.0,13.0
2026,2021039147,2026-07-01,2106284,矢澤 宏太,,12,中,8,1.0,1.0,3.0,3.0,0.0,0.0,0.0,0.0,0.0,0.0,0.0,,0.0,1.0,0.0,0.0,0.0,0.0,,,,,,,,,,,,,,,,,,,,,,
2026,2021039147,2026-07-01,2107900,吉田 賢吾,,60,打,8,1.0,0.0,1.0,1.0,0.0,0.0,0.0,0.0,0.0,0.0,0.0,,0.0,1.0,0.0,0.0,0.0,0.0,,,,,,,,,,,,,,,,,,,,,,
2026,2021039147,2026-07-01,2114529,山縣 秀,,54,遊,8,1.0,0.0,0.0,0.0,0.0,0.0,0.0,0.0,0.0,0.0,0.0,,0.0,0.0,0.0,0.0,0.0,0.0,,,,,,,,,,,,,,,,,,,,,,
2026,2021039148,2026-07-07,800080,岩嵜 翔,Iwa ? Shou,40,,11,,,,,,,,,,,,,,,,,,,3.0,1.0,0.0,0.0,2.0,8.71,0.3333333333333333,0.1,,,0.0,2.0,4.0,4.0,1.0,,3.0,1.0,0.0,,6.0,26.0
2026,2021039148,2026-07-07,900056,浅村 栄斗,,3,指,376,1.0,1.0,4.0,4.0,1.0,1.0,0.0,0.0,1.0,4.0,0.0,,0.0,1.0,0.0,0.0,0.0,0.0,,,,,,,,,,,,,,,,,,,,,,
2026,2021039148,2026-07-07,1300076,加治屋 蓮,Kajiya Ren,41,,376,,,,,,,,,,,,,,,,,,,4.0,1.0,0.0,2.0,2.0,3.9,1.0,1.0,,,0.0,1.0,1.0,1.0,0.0,,2.0,3.0,0.0,,6.0,29.0
2026,2021039148,2026-07-07,1300100,森 友哉,,4,指,11,1.0,1.0,5.0,4.0,2.0,2.0,0.0,0.0,0.0,0.0,0.0,,1.0,1.0,0.0,0.0,0.0,0.0,,,,,,,,,,,,,,,,,,,,,,
2026,2021039148,2026-07-07,1300109,若月 健矢,,2,捕,11,1.0,1.0,3.0,2.0,1.0,0.0,0.0,0.0,0.0,0.0,0.0,,1.0,0.0,0.0,0.0,0.0,0.0,,,,,,,,,,,,,,,,,,,,,,
2026,2021039148,2026-07-07,1400196,宗 佑磨,,6,三,11,1.0,1.0,5.0,4.0,1.0,1.0,1.0,0.0,0.0,3.0,0.0,,0.0,1.0,0.0,0.0,1.0,0.0,,,,,,,,,,,,,,,,,,,,,,
2026,2021039148,2026-07-07,1500096,西川 龍馬,,7,左,11,1.0,1.0,5.0,5.0,0.0,0.0,0.0,0.0,0.0,0.0,0.0,,0.0,1.0,0.0,0.0,0.0,0.0,,,,,,,,,,,,,,,,,,,,,,
2026,2021039148,2026-07-07,1600004,堀内 謙伍,,65,捕,376,1.0,1.0,4.0,1.0,2.0,0.0,0.0,0.0,0.0,0.0,0.0,,3.0,0.0,0.0,0.0,0.0,0.0,,,,,,,,,,,,,,,,,,,,,,
2026,2021039148,2026-07-07,1600007,村林 一輝,,6,二,376,1.0,1.0,5.0,4.0,3.0,4.0,1.0,0.0,0.0,1.0,0.0,,1.0,0.0,0.0,0.0,0.0,0.0,,,,,,,,,,,,,,,,,,,,,,
2026,2021039148,2026-07-07,1600155,山崎 颯一郎,Yamazaki Sai Ichirou,21,,11,,,,,,,,,,,,,,,,,,,5.0,1.0,0.0,1.0,3.0,2.67,0.6666666666666666,0.2,,,0.0,3.0,2.0,2.0,1.0,,0.0,1.0,0.0,,5.0,21.0
2026,2021039148,2026-07-07,1650056,福永 奨,,32,捕,11,1.0,0.0,0.0,0.0,0.0,0.0,0.0,0.0,0.0,0.0,0.0,,0.0,0.0,0.0,0.0,0.0,0.0,,,,,,,,,,,,,,,,,,,,,,
2026,2021039148,2026-07-07,1650722,杉澤 龍,,33,打,11,1.0,0.0,1.0,1.0,0.0,0.0,0.0,0.0,0.0,0.0,0.0,,0.0,1.0,0.0,0.0,0.0,0.0,,,,,,,,,,,,,,,,,,,,,,
2026,2021039148,2026-07-07,1700101,博志,Hiroshi,66,,11,,,,,,,,,,,,,,,,,,,1.0,1.0,,2.0,0.0,1.53,4.333333333333333,4.1,,,0.0,4.0,3.0,3.0,0.0,,3.0,2.0,0.0,,17.0,59.0
2026,2021039148,2026-07-07,1750667,山中 稜真,,50,一,11,1.0,1.0,5.0,3.0,0.0,2.0,0.0,0.0,0.0,1.0,0.0,,2.0,1.0,0.0,0.0,0.0,0.0,,,,,,,,,,,,,,,,,,,,,,
2026,2021039148,2026-07-07,1751068,野口 智哉,,9,打,11,1.0,0.0,1.0,0.0,1.0,0.0,0.0,0.0,0.0,0.0,0.0,,1.0,0.0,0.0,0.0,0.0,0.0,,,,,,,,,,,,,,,,,,,,,,
2026,2021039148,2026-07-07,1800098,太田 椋,,1,二,11,1.0,1.0,5.0,4.0,1.0,1.0,0.0,0.0,0.0,0.0,0.0,,1.0,1.0,0.0,0.0,0.0,0.0,,,,,,,,,,,,,,,,,,,,,,
2026,2021039148,2026-07-07,1800104,中川 圭太,,67,中,11,1.0,1.0,5.0,3.0,0.0,2.0,0.0,0.0,0.0,1.0,0.0,,2.0,0.0,0.0,0.0,0.0,0.0,,,,,,,,,,,,,,,,,,,,,,
2026,2021039148,2026-07-07,1800117,辰己 涼介,,8,中,376,1.0,1.0,5.0,5.0,2.0,3.0,0.0,0.0,1.0,2.0,0.0,,0.0,1.0,0.0,0.0,0.0,0.0,,,,,,,,,,,,,,,,,,,,,,
2026,2021039148,2026-07-07,1800122,渡邊 佳明,,35,一,376,1.0,1.0,4.0,3.0,2.0,2.0,0.0,0.0,0.0,1.0,0.0,,1.0,0.0,0.0,0.0,0.0,0.0,,,,,,,,,,,,,,,,,,,,,,
2026,2021039148,2026-07-07,1850921,中込 陽翔,Nakagome Akira Shou,26,,376,,,,,,,,,,,,,,,,,,,6.0,1.0,0.0,1.0,1.0,7.84,0.3333333333333333,0.1,,,0.0,0.0,0.0,0.0,0.0,,0.0,0.0,0.0,,1.0,1.0
2026,2021039148,2026-07-07,1851157,宗山 塁,,1,遊,376,1.0,1.0,4.0,2.0,1.0,1.0,0.0,0.0,0.0,1.0,0.0,,2.0,0.0,0.0,0.0,0.0,0.0,,,,,,,,,,,,,,,,,,,,,,
2026,2021039148,2026-07-07,1900088,紅林 弘太郎,,24,遊,11,1.0,1.0,5.0,4.0,1.0,3.0,1.0,0.0,0.0,1.0,0.0,,1.0,0.0,0.0,0.0,0.0,0.0,,,,,,,,,,,,,,,,,,,,,,
2026,2021039148,2026-07-07,1900113,黒川 史陽,,24,三一,376,1.0,1.0,5.0,3.0,0.0,0.0,0.0,0.0,0.0,0.0,0.0,,2.0,0.0,0.0,0.0,0.0,0.0,,,,,,,,,,,,,,,,,,,,,,
2026,2021039148,2026-07-07,1900115,武藤 敦貴,,50,右,376,1.0,0.0,1.0,0.0,0.0,0.0,0.0,0.0,0.0,1.0,0.0,,0.0,0.0,0.0,0.0,1.0,0.0,,,,,,,,,,,,,,,,,,,,,,
2026,2021039148,2026-07-07,1950278,中島 大輔,,32,右左,376,1.0,1.0,5.0,4.0,1.0,0.0,0.0,0.0,0.0,1.0,0.0,,0.0,0.0,0.0,1.0,0.0,0.0,,,,,,,,,,,,,,,,,,,,,,
2026,2021039148,2026-07-07,2000098,来田 涼斗,,38,右,11,1.0,1.0,5.0,4.0,1.0,2.0,0.0,0.0,0.0,1.0,0.0,,1.0,0.0,0.0,0.0,0.0,0.0,,,,,,,,,,,,,,,,,,,,,,
2026,2021039148,2026-07-07,2000101,阿部 翔太,Abe Shouta,20,,11,,,,,,,,,,,,,,,,,,,7.0,1.0,0.0,0.0,0.0,16.88,1.0,1.0,,,0.0,2.0,0.0,0.0,0.0,,0.0,1.0,0.0,,5.0,19.0
2026,2021039148,2026-07-07,2000126,内 星龍,Uchi Hoshi Ryuu,69,,376,,,,,,,,,,,,,,,,,,,2.0,1.0,0.0,0.0,2.0,6.32,0.6666666666666666,0.2,,,0.0,4.0,4.0,4.0,0.0,,1.0,1.0,0.0,,7.0,25.0
2026,2021039148,2026-07-07,2103713,権田 琉成,Gonda Ryuu Sei,98,,11,,,,,,,,,,,,,,,,,,,6.0,1.0,0.0,1.0,0.0,3.54,0.3333333333333333,0.1,,,0.0,0.0,3.0,1.0,0.0,,2.0,1.0,0.0,,4.0,17.0
2026,2021039148,2026-07-07,2103765,柴田 大地,Shibata Daichi,71,,376,,,,,,,,,,,,,,,,,,,3.0,1.0,0.0,2.0,1.0,3.38,0.3333333333333333,0.1,,,1.0,1.0,0.0,0.0,0.0,,0.0,0.0,0.0,,1.0,4.0
2026,2021039148,2026-07-07,2105283,平良 竜哉,,48,走三,376,1.0,0.0,1.0,1.0,0.0,0.0,0.0,0.0,0.0,0.0,0.0,,0.0,1.0,0.0,0.0,0.0,0.0,,,,,,,,,,,,,,,,,,,,,,
2026,2021039148,2026-07-07,2107693,入山 海斗,Iriyama Kaito,68,,11,,,,,,,,,,,,,,,,,,,4.0,1.0,0.0,1.0,0.0,3.38,0.6666666666666666,0.2,,,0.0,0.0,0.0,0.0,0.0,,0.0,0.0,0.0,,2.0,6.0
2026,2021039148,2026-07-07,2107872,才木 海翔,Sai Moku Kaishou,95,,11,,,,,,,,,,,,,,,,,,,2.0,1.0,0.0,0.0,0.0,3.6,0.6666666666666666,0.2,,,0.0,0.0,0.0,0.0,0.0,,1.0,0.0,0.0,,3.0,14.0
2026,2021039148,2026-07-07,2107899,田中 千晴,Tanaka Chiharu,29,,376,,,,,,,,,,,,,,,,,,,5.0,1.0,0.0,1.0,2.0,3.45,0.6666666666666666,0.2,,,1.0,1.0,1.0,1.0,0.0,,2.0,0.0,0.0,,4.0,15.0
2026,2021039148,2026-07-07,2108107,コントレラス,Contreras,15,,376,,,,,,,,,,,,,,,,,,,1.0,1.0,,0.0,1.0,5.0,5.0,5.0,,,0.0,4.0,1.0,1.0,0.0,,5.0,1.0,0.0,,21.0,100.0
2026,2021039148,2026-07-07,2121018,九谷 瑠,Kutani ?,45,,376,,,,,,,,,,,,,,,,,,,7.0,1.0,0.0,0.0,0.0,1.44,1.0,1.0,,,0.0,2.0,1.0,1.0,0.0,,0.0,1.0,0.0,,5.0,16.0
2026,2021039148,2026-07-07,2122300,マッカスカー,,34,左,376,1.0,1.0,4.0,4.0,0.0,0.0,0.0,0.0,0.0,0.0,0.0,,0.0,3.0,0.0,0.0,0.0,0.0,,,,,,,,,,,,,,,,,,,,,,
2026,2021039149,2026-07-07,700087,角中 勝也,,3,打,9,1.0,0.0,1.0,1.0,0.0,0.0,0.0,0.0,0.0,0.0,0.0,,0.0,0.0,0.0,0.0,0.0,0.0,,,,,,,,,,,,,,,,,,,,,,
2026,2021039149,2026-07-07,1450608,八木 彬,Yagi Akira,33,,9,,,,,,,,,,,,,,,,,,,2.0,1.0,0.0,8.0,0.0,2.08,0.6666666666666666,0.2,,,0.0,0.0,0.0,0.0,0.0,,0.0,1.0,0.0,,2.0,4.0
2026,2021039149,2026-07-07,1500102,愛斗,,50,中,9,1.0,1.0,3.0,2.0,0.0,0.0,0.0,0.0,0.0,0.0,0.0,,1.0,0.0,0.0,0.0,0.0,0.0,,,,,,,,,,,,,,,,,,,,,,
2026,2021039149,2026-07-07,1500117,平沢 大河,,39,打,7,1.0,0.0,1.0,1.0,0.0,0.0,0.0,0.0,0.0,0.0,0.0,,0.0,0.0,0.0,0.0,0.0,0.0,,,,,,,,,,,,,,,,,,,,,,
2026,2021039149,2026-07-07,1600134,石井 一成,,4,二,7,1.0,1.0,4.0,4.0,2.0,2.0,0.0,0.0,0.0,0.0,0.0,,0.0,2.0,0.0,0.0,0.0,0.0,,,,,,,,,,,,,,,,,,,,,,
2026,2021039149,2026-07-07,1660299,林 安可,,73,左,7,1.0,1.0,3.0,3.0,0.0,0.0,0.0,0.0,0.0,0.0,0.0,,0.0,0.0,0.0,0.0,0.0,0.0,,,,,,,,,,,,,,,,,,,,,,
2026,2021039149,2026-07-07,1700034,山崎 剛,,38,遊三,9,1.0,1.0,4.0,3.0,2.0,2.0,0.0,0.0,0.0,0.0,0.0,,1.0,0.0,0.0,0.0,0.0,0.0,,,,,,,,,,,,,,,,,,,,,,
2026,2021039149,2026-07-07,1700092,安田 尚憲,,5,一,9,1.0,1.0,4.0,4.0,0.0,1.0,1.0,0.0,0.0,2.0,0.0,,0.0,1.0,0.0,0.0,0.0,0.0,,,,,,,,,,,,,,,,,,,,,,
2026,2021039149,2026-07-07,1700098,和田 康士朗,,63,中,9,1.0,0.0,0.0,0.0,0.0,0.0,0.0,0.0,0.0,0.0,0.0,,0.0,0.0,0.0,0.0,0.0,0.0,,,,,,,,,,,,,,,,,,,,,,
2026,2021039149,2026-07-07,1700122,西川 愛也,,51,中,7,1.0,1.0,4.0,4.0,0.0,2.0,0.0,0.0,0.0,0.0,0.0,,0.0,0.0,0.0,0.0,0.0,0.0,,,,,,,,,,,,,,,,,,,,,,
2026,2021039149,2026-07-07,1800050,藤原 恭大,,1,右,9,1.0,1.0,5.0,5.0,1.0,1.0,0.0,0.0,0.0,0.0,0.0,,0.0,2.0,0.0,0.0,0.0,0.0,,,,,,,,,,,,,,,,,,,,,,
2026,2021039149,2026-07-07,1800053,山口 航輝,,51,指,9,1.0,1.0,4.0,4.0,0.0,1.0,1.0,0.0,0.0,0.0,0.0,,0.0,0.0,0.0,0.0,0.0,0.0,,,,,,,,,,,,,,,,,,,,,,
2026,2021039149,2026-07-07,1800081,渡邉 勇太朗,Watanabe Isamu Tarou,12,,7,,,,,,,,,,,,,,,,,,,1.0,1.0,,4.0,5.0,3.28,7.0,7.0,,,0.0,8.0,4.0,4.0,0.0,,2.0,8.0,0.0,,30.0,103.0
2026,2021039149,2026-07-07,1800085,森脇 亮介,Moriwaki Ryousuke,28,,7,,,,,,,,,,,,,,,,,,,3.0,1.0,0.0,0.0,0.0,0.0,1.0,1.0,,,0.0,2.0,0.0,0.0,0.0,,0.0,1.0,0.0,,5.0,22.0
2026,2021039149,2026-07-07,1850820,蛭間 拓哉,,9,打指,7,1.0,0.0,1.0,1.0,0.0,0.0,0.0,0.0,0.0,0.0,0.0,,0.0,0.0,0.0,0.0,0.0,0.0,,,,,,,,,,,,,,,,,,,,,,
2026,2021039149,2026-07-07,1850947,上田 希由翔,,10,三,9,1.0,1.0,3.0,3.0,0.0,0.0,0.0,0.0,0.0,0.0,0.0,,0.0,2.0,0.0,0.0,0.0,0.0,,,,,,,,,,,,,,,,,,,,,,
2026,2021039149,2026-07-07,1900068,岸 潤一郎,,68,左,7,1.0,0.0,0.0,0.0,0.0,0.0,0.0,0.0,0.0,0.0,0.0,,0.0,0.0,0.0,0.0,0.0,0.0,,,,,,,,,,,,,,,,,,,,,,
2026,2021039149,2026-07-07,1900083,横山 陸人,Yokoyama Rikunin,15,,9,,,,,,,,,,,,,,,,,,,5.0,1.0,0.0,0.0,1.0,1.57,1.0,1.0,,,25.0,2.0,1.0,1.0,0.0,,0.0,0.0,0.0,,5.0,19.0
2026,2021039149,2026-07-07,1950286,西川 史礁,,6,左,9,1.0,1.0,5.0,5.0,0.0,3.0,1.0,0.0,0.0,2.0,0.0,,0.0,1.0,0.0,0.0,0.0,0.0,,,,,,,,,,,,,,,,,,,,,,
2026,2021039149,2026-07-07,1950417,渡部 聖弥,,8,三,7,1.0,1.0,4.0,4.0,0.0,3.0,2.0,0.0,0.0,2.0,0.0,,0.0,0.0,0.0,0.0,0.0,0.0,,,,,,,,,,,,,,,,,,,,,,
2026,2021039149,2026-07-07,2000087,鈴木 昭汰,Suzuki Akira ?,47,,9,,,,,,,,,,,,,,,,,,,4.0,1.0,0.0,5.0,0.0,2.73,1.0,1.0,,,1.0,1.0,0.0,0.0,0.0,,0.0,0.0,0.0,,4.0,12.0
2026,2021039149,2026-07-07,2000088,中森 俊介,Nakamori Shunsuke,56,,9,,,,,,,,,,,,,,,,,,,3.0,1.0,0.0,2.0,0.0,0.45,1.0,1.0,,,1.0,0.0,0.0,0.0,0.0,,0.0,1.0,0.0,,3.0,11.0
2026,2021039149,2026-07-07,2000089,小川 龍成,,57,二,9,1.0,1.0,4.0,4.0,0.0,0.0,0.0,0.0,0.0,0.0,0.0,,0.0,3.0,0.0,0.0,0.0,0.0,,,,,,,,,,,,,,,,,,,,,,
2026,2021039149,2026-07-07,2050145,小島 大河,,10,捕,7,1.0,1.0,4.0,3.0,0.0,0.0,0.0,0.0,0.0,1.0,0.0,,0.0,0.0,0.0,0.0,1.0,0.0,,,,,,,,,,,,,,,,,,,,,,
2026,2021039149,2026-07-07,2100346,松川 虎生,,2,捕,9,1.0,1.0,4.0,4.0,1.0,2.0,0.0,0.0,0.0,0.0,0.0,,0.0,0.0,0.0,0.0,0.0,0.0,,,,,,,,,,,,,,,,,,,,,,
2026,2021039149,2026-07-07,2100442,毛利 海大,Mouri Kaidai,13,,9,,,,,,,,,,,,,,,,,,,1.0,1.0,,2.0,3.0,5.06,5.333333333333333,5.1,,,0.0,6.0,2.0,2.0,0.0,,0.0,1.0,0.0,,21.0,75.0
2026,2021039149,2026-07-07,2101047,ネビン,,26,一,7,1.0,1.0,4.0,4.0,0.0,0.0,0.0,0.0,0.0,0.0,0.0,,0.0,0.0,0.0,0.0,0.0,0.0,,,,,,,,,,,,,,,,,,,,,,
2026,2021039149,2026-07-07,2103612,黒田 将矢,Kuroda Susumu Ya,57,,7,,,,,,,,,,,,,,,,,,,2.0,1.0,0.0,2.0,0.0,2.45,1.0,1.0,,,0.0,0.0,0.0,0.0,0.0,,0.0,0.0,0.0,,3.0,14.0
2026,2021039149,2026-07-07,2103618,滝澤 夏央,,62,遊,7,1.0,1.0,4.0,4.0,0.0,1.0,0.0,0.0,0.0,0.0,0.0,,0.0,0.0,0.0,0.0,0.0,0.0,,,,,,,,,,,,,,,,,,,,,,
2026,2021039149,2026-07-07,2103693,池田 来翔,,0,走一,9,1.0,0.0,0.0,0.0,0.0,0.0,0.0,0.0,0.0,0.0,0.0,,0.0,0.0,0.0,0.0,0.0,0.0,,,,,,,,,,,,,,,,,,,,,,
2026,2021039149,2026-07-07,2106798,友杉 篤輝,,4,遊,9,1.0,0.0,1.0,1.0,0.0,0.0,0.0,0.0,0.0,0.0,0.0,,0.0,0.0,0.0,0.0,0.0,0.0,,,,,,,,,,,,,,,,,,,,,,
2026,2021039149,2026-07-07,2112133,村田 怜音,,99,指,7,1.0,1.0,3.0,3.0,0.0,0.0,0.0,0.0,0.0,0.0,0.0,,0.0,1.0,0.0,0.0,0.0,0.0,,,,,,,,,,,,,,,,,,,,,,
2026,2021039149,2026-07-07,2117028,カナリオ,,25,右,7,1.0,1.0,3.0,3.0,1.0,1.0,0.0,0.0,0.0,0.0,0.0,,0.0,0.0,0.0,0.0,0.0,0.0,,,,,,,,,,,,,,,,,,,,,,
2026,2021039150,2026-07-05,700003,坂本 勇人,,6,三,1,1.0,1.0,4.0,4.0,1.0,1.0,0.0,0.0,1.0,3.0,0.0,,0.0,1.0,0.0,0.0,0.0,0.0,,,,,,,,,,,,,,,,,,,,,,
2026,2021039150,2026-07-05,1000138,大野 雄大,Oono Yuudai,22,投,4,1.0,1.0,2.0,1.0,0.0,0.0,0.0,0.0,0.0,0.0,0.0,,1.0,0.0,0.0,0.0,0.0,0.0,1.0,1.0,,7.0,4.0,1.82,6.0,6.0,,,0.0,4.0,1.0,1.0,0.0,,0.0,3.0,0.0,,22.0,72.0
2026,2021039150,2026-07-05,1100095,松本 剛,,9,左,1,1.0,1.0,4.0,3.0,1.0,1.0,0.0,0.0,0.0,0.0,0.0,,0.0,0.0,0.0,1.0,0.0,0.0,,,,,,,,,,,,,,,,,,,,,,
2026,2021039150,2026-07-05,1400199,齋藤 綱記,Saitou Tsunaki,59,投,4,1.0,0.0,0.0,0.0,0.0,0.0,0.0,0.0,0.0,0.0,0.0,,0.0,0.0,0.0,0.0,0.0,0.0,4.0,1.0,0.0,2.0,3.0,3.86,0.6666666666666666,0.2,,,0.0,2.0,3.0,3.0,1.0,,1.0,1.0,0.0,,5.0,11.0
2026,2021039150,2026-07-05,1500076,木下 拓哉,,35,捕,4,1.0,0.0,0.0,0.0,0.0,0.0,0.0,0.0,0.0,0.0,0.0,,0.0,0.0,0.0,0.0,0.0,0.0,,,,,,,,,,,,,,,,,,,,,,
2026,2021039150,2026-07-05,1500091,板山 祐太郎,,63,打,4,1.0,0.0,1.0,1.0,0.0,0.0,0.0,0.0,0.0,0.0,0.0,,0.0,0.0,0.0,0.0,0.0,0.0,,,,,,,,,,,,,,,,,,,,,,
2026,2021039150,2026-07-05,1561820,ダルベック,,29,一,1,1.0,1.0,4.0,3.0,1.0,1.0,0.0,0.0,0.0,1.0,0.0,,1.0,1.0,0.0,0.0,0.0,0.0,,,,,,,,,,,,,,,,,,,,,,
2026,2021039150,2026-07-05,1561854,サノー,,23,一,4,1.0,1.0,4.0,3.0,0.0,0.0,0.0,0.0,0.0,0.0,0.0,,1.0,3.0,0.0,0.0,0.0,0.0,,,,,,,,,,,,,,,,,,,,,,
2026,2021039150,2026-07-05,1600085,細川 成也,,55,左,4,1.0,1.0,4.0,4.0,0.0,0.0,0.0,0.0,0.0,0.0,0.0,,0.0,2.0,0.0,0.0,0.0,0.0,,,,,,,,,,,,,,,,,,,,,,
2026,2021039150,2026-07-05,1700010,マルティネス,Marutinesu,92,投,1,1.0,0.0,0.0,0.0,0.0,0.0,0.0,0.0,0.0,0.0,0.0,,0.0,0.0,0.0,0.0,0.0,0.0,4.0,1.0,0.0,2.0,2.0,1.35,1.0,1.0,,,28.0,0.0,0.0,0.0,0.0,,0.0,3.0,1.0,,4.0,15.0
2026,2021039150,2026-07-05,1700027,田中 瑛斗,Tanaka Akira To,45,投,1,1.0,0.0,0.0,0.0,0.0,0.0,0.0,0.0,0.0,0.0,0.0,,0.0,0.0,0.0,0.0,0.0,0.0,3.0,1.0,0.0,1.0,2.0,1.74,1.0,1.0,,,1.0,0.0,0.0,0.0,0.0,,0.0,0.0,0.0,,3.0,9.0
2026,2021039150,2026-07-05,1700044,大城 卓三,,24,捕,1,1.0,1.0,4.0,4.0,0.0,0.0,0.0,0.0,0.0,0.0,0.0,,0.0,3.0,0.0,0.0,0.0,0.0,,,,,,,,,,,,,,,,,,,,,,
2026,2021039150,2026-07-05,1750223,村松 開人,,5,遊,4,1.0,1.0,3.0,2.0,0.0,0.0,0.0,0.0,0.0,0.0,0.0,,0.0,1.0,1.0,0.0,0.0,0.0,,,,,,,,,,,,,,,,,,,,,,
2026,2021039150,2026-07-05,1750321,泉口 友汰,,35,遊,1,1.0,1.0,4.0,3.0,0.0,0.0,0.0,0.0,0.0,0.0,0.0,,0.0,0.0,0.0,1.0,0.0,0.0,,,,,,,,,,,,,,,,,,,,,,
2026,2021039150,2026-07-05,1900037,石川 昂弥,,25,三,4,1.0,1.0,4.0,3.0,0.0,0.0,0.0,0.0,0.0,1.0,0.0,,1.0,3.0,0.0,0.0,0.0,0.0,,,,,,,,,,,,,,,,,,,,,,
2026,2021039150,2026-07-05,1900038,橋本 侑樹,Hashimoto Yuuki,13,投,4,1.0,0.0,0.0,0.0,0.0,0.0,0.0,0.0,0.0,0.0,0.0,,0.0,0.0,0.0,0.0,0.0,0.0,2.0,1.0,0.0,1.0,0.0,1.77,1.0,1.0,,,0.0,0.0,0.0,0.0,0.0,,0.0,3.0,0.0,,3.0,15.0
2026,2021039150,2026-07-05,1900041,岡林 勇希,,1,中,4,1.0,1.0,4.0,4.0,1.0,1.0,1.0,0.0,0.0,0.0,0.0,,0.0,1.0,0.0,0.0,0.0,0.0,,,,,,,,,,,,,,,,,,,,,,
2026,2021039150,2026-07-05,1951153,浦田 俊輔,,32,二,1,1.0,1.0,4.0,4.0,1.0,2.0,0.0,0.0,0.0,0.0,1.0,,0.0,0.0,0.0,0.0,0.0,0.0,,,,,,,,,,,,,,,,,,,,,,
2026,2021039150,2026-07-05,1961300,ボスラー,,24,右,4,1.0,1.0,4.0,4.0,0.0,0.0,0.0,0.0,0.0,0.0,0.0,,0.0,3.0,0.0,0.0,0.0,0.0,,,,,,,,,,,,,,,,,,,,,,
2026,2021039150,2026-07-05,2000044,土田 龍空,,45,打遊,4,1.0,0.0,1.0,1.0,0.0,0.0,0.0,0.0,0.0,0.0,0.0,,0.0,0.0,0.0,0.0,0.0,0.0,,,,,,,,,,,,,,,,,,,,,,
2026,2021039150,2026-07-05,2100225,笹原 操希,,95,右,1,1.0,1.0,3.0,3.0,0.0,0.0,0.0,0.0,0.0,0.0,0.0,,0.0,0.0,0.0,0.0,0.0,0.0,,,,,,,,,,,,,,,,,,,,,,
2026,2021039150,2026-07-05,2103689,赤星 優志,Akahoshi Yuushi,31,投,1,1.0,0.0,0.0,0.0,0.0,0.0,0.0,0.0,0.0,0.0,0.0,,0.0,0.0,0.0,0.0,0.0,0.0,2.0,1.0,0.0,5.0,2.0,2.55,1.0,1.0,,,0.0,0.0,0.0,0.0,0.0,,0.0,0.0,0.0,,3.0,8.0
2026,2021039150,2026-07-05,2103780,福永 裕基,,7,二,4,1.0,1.0,3.0,3.0,0.0,0.0,0.0,0.0,0.0,0.0,0.0,,0.0,0.0,0.0,0.0,0.0,0.0,,,,,,,,,,,,,,,,,,,,,,
2026,2021039150,2026-07-05,2105102,石伊 雄太,,9,捕,4,1.0,1.0,4.0,2.0,0.0,0.0,0.0,0.0,0.0,0.0,0.0,,1.0,1.0,1.0,0.0,0.0,0.0,,,,,,,,,,,,,,,,,,,,,,
2026,2021039150,2026-07-05,2105295,吉田 聖弥,Yoshida Kiyoshi Wataru,47,投,4,1.0,0.0,0.0,0.0,0.0,0.0,0.0,0.0,0.0,0.0,0.0,,0.0,0.0,0.0,0.0,0.0,0.0,3.0,1.0,0.0,0.0,1.0,1.69,1.0,1.0,,,0.0,0.0,0.0,0.0,0.0,,0.0,1.0,0.0,,3.0,14.0
2026,2021039150,2026-07-05,2106178,佐々木 俊輔,,44,打,1,1.0,0.0,1.0,1.0,0.0,0.0,0.0,0.0,0.0,0.0,0.0,,0.0,1.0,0.0,0.0,0.0,0.0,,,,,,,,,,,,,,,,,,,,,,
2026,2021039150,2026-07-05,2117509,ウィットリー,Wit Lee,26,投,1,1.0,1.0,2.0,1.0,0.0,0.0,0.0,0.0,0.0,0.0,0.0,,0.0,1.0,0.0,1.0,0.0,0.0,1.0,1.0,,3.0,4.0,2.5,6.0,6.0,,,0.0,1.0,1.0,1.0,0.0,,4.0,11.0,1.0,,24.0,107.0
2026,2021039150,2026-07-05,2118420,キャベッジ,,13,中,1,1.0,1.0,3.0,3.0,0.0,1.0,0.0,0.0,0.0,0.0,0.0,,0.0,1.0,0.0,0.0,0.0,0.0,,,,,,,,,,,,,,,,,,,,,,
2026,2021039151,2026-07-01,1000002,筒香 嘉智,,25,打,3,1.0,0.0,1.0,0.0,1.0,0.0,0.0,0.0,0.0,0.0,0.0,,1.0,0.0,0.0,0.0,0.0,0.0,,,,,,,,,,,,,,,,,,,,,,
2026,2021039151,2026-07-01,1200053,宮崎 敏郎,,51,三,3,1.0,1.0,5.0,4.0,0.0,2.0,1.0,0.0,0.0,2.0,0.0,,1.0,0.0,0.0,0.0,0.0,0.0,,,,,,,,,,,,,,,,,,,,,,
2026,2021039151,2026-07-01,1500042,高橋 奎二,Takahashi Kei Ni,47,投,2,1.0,1.0,1.0,1.0,0.0,0.0,0.0,0.0,0.0,0.0,0.0,,0.0,1.0,0.0,0.0,0.0,0.0,1.0,1.0,,2.0,4.0,3.3,5.0,5.0,,,0.0,7.0,4.0,4.0,1.0,,3.0,1.0,2.0,,25.0,90.0
2026,2021039151,2026-07-01,1500063,柴田 竜拓,,31,走三,3,1.0,0.0,0.0,0.0,0.0,0.0,0.0,0.0,0.0,0.0,0.0,,0.0,0.0,0.0,0.0,0.0,0.0,,,,,,,,,,,,,,,,,,,,,,
2026,2021039151,2026-07-01,1600078,古賀 優大,,2,捕,2,1.0,1.0,3.0,3.0,1.0,1.0,0.0,0.0,0.0,0.0,0.0,,0.0,1.0,0.0,0.0,0.0,0.0,,,,,,,,,,,,,,,,,,,,,,
2026,2021039151,2026-07-01,1600089,佐野 恵太,,7,一,3,1.0,1.0,5.0,4.0,1.0,3.0,0.0,0.0,0.0,0.0,0.0,,1.0,0.0,0.0,0.0,0.0,0.0,,,,,,,,,,,,,,,,,,,,,,
2026,2021039151,2026-07-01,1600116,浜地 真澄,Hamachi Masumi,52,投,3,1.0,0.0,0.0,0.0,0.0,0.0,0.0,0.0,0.0,0.0,0.0,,0.0,0.0,0.0,0.0,0.0,0.0,2.0,1.0,0.0,0.0,0.0,0.0,1.0,1.0,,,0.0,2.0,2.0,0.0,0.0,,0.0,0.0,0.0,,5.0,14.0
2026,2021039151,2026-07-01,1600167,三森 大貴,,26,二,3,1.0,0.0,0.0,0.0,0.0,0.0,0.0,0.0,0.0,0.0,0.0,,0.0,0.0,0.0,0.0,0.0,0.0,,,,,,,,,,,,,,,,,,,,,,
2026,2021039151,2026-07-01,1600169,長谷川 宙輝,Hasegawa Chuu Akira,53,投,2,1.0,0.0,0.0,0.0,0.0,0.0,0.0,0.0,0.0,0.0,0.0,,0.0,0.0,0.0,0.0,0.0,0.0,2.0,1.0,0.0,0.0,0.0,27.0,1.0,1.0,,,0.0,2.0,3.0,3.0,1.0,,2.0,0.0,1.0,,8.0,30.0
2026,2021039151,2026-07-01,1650522,丸山 和郁,,4,打,2,1.0,0.0,1.0,1.0,0.0,0.0,0.0,0.0,0.0,1.0,0.0,,0.0,0.0,0.0,0.0,0.0,0.0,,,,,,,,,,,,,,,,,,,,,,
2026,2021039151,2026-07-01,1700067,中川 虎大,Nakagawa Toradai,64,投,3,1.0,0.0,0.0,0.0,0.0,0.0,0.0,0.0,0.0,0.0,0.0,,0.0,0.0,0.0,0.0,0.0,0.0,4.0,1.0,0.0,4.0,4.0,2.56,1.0,1.0,,,0.0,1.0,0.0,0.0,0.0,,0.0,1.0,0.0,,4.0,15.0
2026,2021039151,2026-07-01,1700131,増田 珠,,63,右,2,1.0,1.0,4.0,4.0,0.0,0.0,0.0,0.0,0.0,0.0,0.0,,0.0,1.0,0.0,0.0,0.0,0.0,,,,,,,,,,,,,,,,,,,,,,
2026,2021039151,2026-07-01,1700134,尾形 崇斗,Ogata Takashi To,36,投,3,1.0,1.0,2.0,2.0,0.0,0.0,0.0,0.0,0.0,0.0,0.0,,0.0,0.0,0.0,0.0,0.0,0.0,1.0,1.0,,2.0,2.0,3.63,6.0,6.0,,,0.0,3.0,2.0,2.0,0.0,,1.0,7.0,0.0,,22.0,76.0
2026,2021039151,2026-07-01,1800046,勝又 温史,,28,左,3,1.0,1.0,6.0,4.0,2.0,3.0,1.0,0.0,1.0,5.0,0.0,,1.0,0.0,1.0,0.0,0.0,0.0,,,,,,,,,,,,,,,,,,,,,,
2026,2021039151,2026-07-01,1800082,山野辺 翔,,37,走,2,1.0,0.0,0.0,0.0,0.0,0.0,0.0,0.0,0.0,0.0,0.0,,0.0,0.0,0.0,0.0,0.0,0.0,,,,,,,,,,,,,,,,,,,,,,
2026,2021039151,2026-07-01,1850772,石井 巧,,38,打,2,1.0,0.0,1.0,0.0,1.0,0.0,0.0,0.0,0.0,0.0,0.0,,1.0,0.0,0.0,0.0,0.0,0.0,,,,,,,,,,,,,,,,,,,,,,
2026,2021039151,2026-07-01,1850873,度会 隆輝,,4,打右,3,1.0,0.0,1.0,1.0,0.0,1.0,1.0,0.0,0.0,0.0,0.0,,0.0,0.0,0.0,0.0,0.0,0.0,,,,,,,,,,,,,,,,,,,,,,
2026,2021039151,2026-07-01,1851155,石原 勇輝,Ishihara Yuuki,35,投,2,1.0,0.0,0.0,0.0,0.0,0.0,0.0,0.0,0.0,0.0,0.0,,0.0,0.0,0.0,0.0,0.0,0.0,4.0,1.0,0.0,0.0,1.0,5.4,1.0,1.0,,,0.0,2.0,1.0,1.0,0.0,,0.0,1.0,0.0,,5.0,15.0
2026,2021039151,2026-07-01,1900027,大西 広樹,Oonishi Hiroki,44,投,2,1.0,0.0,0.0,0.0,0.0,0.0,0.0,0.0,0.0,0.0,0.0,,0.0,0.0,0.0,0.0,0.0,0.0,3.0,1.0,0.0,0.0,0.0,13.5,1.0,1.0,,,0.0,4.0,4.0,4.0,1.0,,2.0,1.0,0.0,,9.0,34.0
2026,2021039151,2026-07-01,1900028,長岡 秀樹,,7,遊,2,1.0,1.0,4.0,4.0,0.0,1.0,0.0,0.0,0.0,1.0,0.0,,0.0,1.0,0.0,0.0,0.0,0.0,,,,,,,,,,,,,,,,,,,,,,
2026,2021039151,2026-07-01,1900029,武岡 龍世,,60,三,2,1.0,1.0,3.0,3.0,0.0,0.0,0.0,0.0,0.0,0.0,0.0,,0.0,0.0,0.0,0.0,0.0,0.0,,,,,,,,,,,,,,,,,,,,,,
2026,2021039151,2026-07-01,1900035,蝦名 達夫,,61,中,3,1.0,1.0,5.0,3.0,1.0,1.0,0.0,0.0,0.0,0.0,0.0,,1.0,0.0,1.0,0.0,0.0,0.0,,,,,,,,,,,,,,,,,,,,,,
2026,2021039151,2026-07-01,2000026,内山 壮真,,3,二,2,1.0,1.0,4.0,4.0,1.0,1.0,0.0,0.0,0.0,0.0,0.0,,0.0,1.0,0.0,0.0,0.0,0.0,,,,,,,,,,,,,,,,,,,,,,
2026,2021039151,2026-07-01,2000035,牧 秀悟,,2,二,3,1.0,1.0,6.0,6.0,1.0,1.0,0.0,0.0,1.0,3.0,0.0,,0.0,1.0,0.0,0.0,0.0,0.0,,,,,,,,,,,,,,,,,,,,,,
2026,2021039151,2026-07-01,2000135,サンタナ,,25,左,2,1.0,1.0,4.0,4.0,0.0,1.0,1.0,0.0,0.0,1.0,0.0,,0.0,1.0,0.0,0.0,0.0,0.0,,,,,,,,,,,,,,,,,,,,,,
2026,2021039151,2026-07-01,2100014,宮下 朝陽,,34,遊,3,1.0,1.0,5.0,4.0,1.0,2.0,1.0,0.0,0.0,1.0,0.0,,1.0,1.0,0.0,0.0,0.0,0.0,,,,,,,,,,,,,,,,,,,,,,
2026,2021039151,2026-07-01,2100277,松尾 汐恩,,5,捕,3,1.0,1.0,5.0,4.0,1.0,0.0,0.0,0.0,0.0,0.0,0.0,,1.0,1.0,0.0,0.0,0.0,0.0,,,,,,,,,,,,,,,,,,,,,,
2026,2021039151,2026-07-01,2103703,梶原 昂希,,58,打,3,1.0,0.0,1.0,0.0,1.0,0.0,0.0,0.0,0.0,0.0,1.0,,0.0,0.0,1.0,0.0,0.0,0.0,,,,,,,,,,,,,,,,,,,,,,
2026,2021039151,2026-07-01,2103917,岩田 幸宏,,64,中左,2,1.0,1.0,4.0,4.0,0.0,0.0,0.0,0.0,0.0,0.0,0.0,,0.0,0.0,0.0,0.0,0.0,0.0,,,,,,,,,,,,,,,,,,,,,,
2026,2021039151,2026-07-01,2103949,古市 尊,,60,打,3,1.0,0.0,1.0,1.0,1.0,0.0,0.0,0.0,0.0,0.0,0.0,,0.0,0.0,0.0,0.0,0.0,0.0,,,,,,,,,,,,,,,,,,,,,,
2026,2021039151,2026-07-01,2105891,マルセリーノ,Mal Cereno,98,投,3,1.0,0.0,0.0,0.0,0.0,0.0,0.0,0.0,0.0,0.0,0.0,,0.0,0.0,0.0,0.0,0.0,0.0,3.0,1.0,0.0,1.0,0.0,4.07,1.0,1.0,,,0.0,0.0,0.0,0.0,0.0,,0.0,1.0,0.0,,3.0,7.0
2026,2021039151,2026-07-01,2107172,矢野 泰二郎,,57,捕,2,1.0,0.0,0.0,0.0,0.0,0.0,0.0,0.0,0.0,0.0,0.0,,0.0,0.0,0.0,0.0,0.0,0.0,,,,,,,,,,,,,,,,,,,,,,
2026,2021039151,2026-07-01,2107178,モンテル,,90,中,2,1.0,0.0,1.0,1.0,0.0,0.0,0.0,0.0,0.0,0.0,0.0,,0.0,1.0,0.0,0.0,0.0,0.0,,,,,,,,,,,,,,,,,,,,,,
2026,2021039151,2026-07-01,2108195,エンカーナシオン,,69,右,3,1.0,1.0,4.0,4.0,2.0,2.0,1.0,0.0,1.0,1.0,0.0,,0.0,0.0,0.0,0.0,0.0,1.0,,,,,,,,,,,,,,,,,,,,,,
2026,2021039151,2026-07-01,2108913,セデーニョ,,98,一,2,1.0,1.0,4.0,4.0,1.0,2.0,1.0,0.0,0.0,0.0,0.0,,0.0,2.0,0.0,0.0,0.0,0.0,,,,,,,,,,,,,,,,,,,,,,
2026,2021039152,2026-07-02,1000150,秋山 翔吾,,9,打左,6,1.0,0.0,1.0,1.0,1.0,1.0,0.0,0.0,0.0,0.0,0.0,,0.0,0.0,0.0,0.0,0.0,0.0,,,,,,,,,,,,,,,,,,,,,,
2026,2021039152,2026-07-02,1100082,菊池 涼介,,33,二,6,1.0,1.0,4.0,3.0,1.0,2.0,1.0,0.0,1.0,2.0,0.0,,1.0,0.0,0.0,0.0,0.0,1.0,,,,,,,,,,,,,,,,,,,,,,
2026,2021039152,2026-07-02,1300073,梅野 隆太郎,,2,捕,5,1.0,1.0,5.0,3.0,0.0,1.0,0.0,0.0,0.0,2.0,0.0,,1.0,1.0,0.0,0.0,1.0,0.0,,,,,,,,,,,,,,,,,,,,,,
2026,2021039152,2026-07-02,1300075,岩崎 優,Iwasaki Yuu,13,投,5,1.0,0.0,0.0,0.0,0.0,0.0,0.0,0.0,0.0,0.0,0.0,,0.0,0.0,0.0,0.0,0.0,0.0,2.0,1.0,0.0,1.0,2.0,2.77,1.0,1.0,,,10.0,1.0,0.0,0.0,0.0,,0.0,0.0,0.0,,4.0,13.0
2026,2021039152,2026-07-02,1600113,大山 悠輔,,3,一,5,1.0,1.0,5.0,4.0,0.0,3.0,1.0,0.0,0.0,0.0,0.0,,0.0,0.0,1.0,0.0,0.0,0.0,,,,,,,,,,,,,,,,,,,,,,
2026,2021039152,2026-07-02,1600115,才木 浩人,Sai Moku Hiroto,35,投,5,1.0,1.0,4.0,3.0,0.0,0.0,0.0,0.0,0.0,0.0,0.0,,0.0,2.0,0.0,1.0,0.0,0.0,1.0,1.0,,7.0,4.0,2.77,8.0,8.0,,,0.0,4.0,2.0,2.0,1.0,,2.0,7.0,0.0,,30.0,130.0
2026,2021039152,2026-07-02,1600124,坂倉 将吾,,31,一,6,1.0,1.0,4.0,3.0,0.0,0.0,0.0,0.0,0.0,0.0,0.0,,1.0,0.0,0.0,0.0,0.0,0.0,,,,,,,,,,,,,,,,,,,,,,
2026,2021039152,2026-07-02,1600125,アドゥワ 誠,Aduwa Makoto,48,投,6,1.0,1.0,1.0,1.0,0.0,0.0,0.0,0.0,0.0,0.0,0.0,,0.0,1.0,0.0,0.0,0.0,0.0,1.0,1.0,,0.0,1.0,5.4,5.0,5.0,,,0.0,3.0,3.0,3.0,1.0,,2.0,5.0,2.0,,23.0,78.0
2026,2021039152,2026-07-02,1700079,熊谷 敬宥,,4,遊二,5,1.0,1.0,5.0,5.0,0.0,1.0,0.0,0.0,0.0,0.0,0.0,,0.0,3.0,0.0,0.0,0.0,0.0,,,,,,,,,,,,,,,,,,,,,,
2026,2021039152,2026-07-02,1800065,近本 光司,,5,中,5,1.0,1.0,5.0,3.0,1.0,1.0,0.0,0.0,0.0,0.0,0.0,,2.0,0.0,0.0,0.0,0.0,0.0,,,,,,,,,,,,,,,,,,,,,,
2026,2021039152,2026-07-02,1800066,小幡 竜平,,38,遊,5,1.0,0.0,1.0,1.0,0.0,0.0,0.0,0.0,0.0,0.0,0.0,,0.0,0.0,0.0,0.0,0.0,0.0,,,,,,,,,,,,,,,,,,,,,,
2026,2021039152,2026-07-02,1800072,小園 海斗,,5,遊,6,1.0,1.0,4.0,4.0,0.0,0.0,0.0,0.0,0.0,0.0,0.0,,0.0,1.0,0.0,0.0,0.0,0.0,,,,,,,,,,,,,,,,,,,,,,
2026,2021039152,2026-07-02,1800073,島内 颯太郎,Shimauchi Fuuta Rou,43,投,6,1.0,0.0,0.0,0.0,0.0,0.0,0.0,0.0,0.0,0.0,0.0,,0.0,0.0,0.0,0.0,0.0,0.0,3.0,1.0,0.0,0.0,1.0,4.09,1.0,1.0,,,0.0,2.0,1.0,1.0,0.0,,1.0,1.0,1.0,,7.0,27.0
2026,2021039152,2026-07-02,1800079,大盛 穂,,59,中,6,1.0,1.0,3.0,3.0,0.0,0.0,0.0,0.0,0.0,0.0,0.0,,0.0,0.0,0.0,0.0,0.0,0.0,,,,,,,,,,,,,,,,,,,,,,
2026,2021039152,2026-07-02,1850183,森下 翔太,,1,右,5,1.0,1.0,5.0,4.0,2.0,1.0,0.0,0.0,1.0,2.0,0.0,,1.0,1.0,0.0,0.0,0.0,0.0,,,,,,,,,,,,,,,,,,,,,,
2026,2021039152,2026-07-02,1850405,名原 典彦,,92,右,6,1.0,1.0,4.0,4.0,0.0,0.0,0.0,0.0,0.0,0.0,0.0,,0.0,1.0,0.0,0.0,0.0,0.0,,,,,,,,,,,,,,,,,,,,,,
2026,2021039152,2026-07-02,1900056,石原 貴規,,32,捕,6,1.0,1.0,3.0,3.0,0.0,0.0,0.0,0.0,0.0,0.0,0.0,,0.0,1.0,0.0,0.0,0.0,0.0,,,,,,,,,,,,,,,,,,,,,,
2026,2021039152,2026-07-02,1900073,鈴木 健矢,Suzuki Ken Ya,41,投,6,1.0,0.0,0.0,0.0,0.0,0.0,0.0,0.0,0.0,0.0,0.0,,0.0,0.0,0.0,0.0,0.0,0.0,5.0,1.0,0.0,0.0,1.0,2.73,1.0,1.0,,,0.0,1.0,0.0,0.0,0.0,,1.0,2.0,0.0,,5.0,23.0
2026,2021039152,2026-07-02,1950996,前川 右京,,58,左,5,1.0,1.0,4.0,2.0,0.0,0.0,0.0,0.0,0.0,0.0,0.0,,0.0,0.0,2.0,0.0,0.0,0.0,,,,,,,,,,,,,,,,,,,,,,
2026,2021039152,2026-07-02,1961927,モンテロ,,95,打,6,1.0,0.0,1.0,1.0,0.0,0.0,0.0,0.0,0.0,0.0,0.0,,0.0,0.0,0.0,0.0,0.0,0.0,,,,,,,,,,,,,,,,,,,,,,
2026,2021039152,2026-07-02,2000051,佐藤 輝明,,8,三,5,1.0,1.0,5.0,3.0,1.0,0.0,0.0,0.0,0.0,0.0,0.0,,2.0,1.0,0.0,0.0,0.0,0.0,,,,,,,,,,,,,,,,,,,,,,
2026,2021039152,2026-07-02,2000056,中野 拓夢,,7,二,5,1.0,1.0,4.0,3.0,0.0,0.0,0.0,0.0,0.0,0.0,0.0,,0.0,0.0,0.0,1.0,0.0,0.0,,,,,,,,,,,,,,,,,,,,,,
2026,2021039152,2026-07-02,2000057,高寺 望夢,,67,走左,5,1.0,0.0,1.0,0.0,0.0,0.0,0.0,0.0,0.0,0.0,0.0,,0.0,0.0,0.0,1.0,0.0,0.0,,,,,,,,,,,,,,,,,,,,,,
2026,2021039152,2026-07-02,2050203,佐々木 泰,,10,三,6,1.0,1.0,4.0,4.0,0.0,1.0,0.0,0.0,0.0,0.0,0.0,,0.0,1.0,0.0,0.0,0.0,0.0,,,,,,,,,,,,,,,,,,,,,,
2026,2021039152,2026-07-02,2105565,益田 武尚,Masuda Takeshi Nao,26,投,6,1.0,0.0,0.0,0.0,0.0,0.0,0.0,0.0,0.0,0.0,0.0,,0.0,0.0,0.0,0.0,0.0,0.0,2.0,1.0,0.0,0.0,0.0,5.4,1.0,1.0,,,0.0,1.0,0.0,0.0,0.0,,2.0,0.0,0.0,,6.0,26.0
2026,2021039152,2026-07-02,2112143,佐藤 啓介,,94,打,6,1.0,0.0,1.0,1.0,0.0,0.0,0.0,0.0,0.0,0.0,0.0,,0.0,0.0,0.0,0.0,0.0,0.0,,,,,,,,,,,,,,,,,,,,,,
2026,2021039152,2026-07-02,2114882,ファビアン,,61,左,6,1.0,1.0,4.0,4.0,0.0,1.0,0.0,0.0,0.0,0.0,0.0,,0.0,2.0,0.0,0.0,0.0,0.0,,,,,,,,,,,,,,,,,,,,,,
2026,2021039152,2026-07-02,2117693,菊地 ハルン,Kikuchi Haru n,67,投,6,1.0,0.0,0.0,0.0,0.0,0.0,0.0,0.0,0.0,0.0,0.0,,0.0,0.0,0.0,0.0,0.0,0.0,4.0,1.0,0.0,0.0,0.0,6.0,1.0,1.0,,,0.0,0.0,0.0,0.0,0.0,,0.0,0.0,0.0,,3.0,8.0
2026,2021039153,2026-07-10,500014,涌井 秀章,Wakui Hideaki,20,投,4,1.0,1.0,3.0,2.0,0.0,0.0,0.0,0.0,0.0,0.0,0.0,,0.0,2.0,0.0,1.0,0.0,0.0,1.0,1.0,,2.0,0.0,2.73,6.666666666666667,6.2,,,0.0,12.0,1.0,1.0,0.0,,0.0,6.0,0.0,,32.0,106.0
2026,2021039153,2026-07-10,1100095,松本 剛,,9,左,1,1.0,1.0,5.0,5.0,0.0,3.0,0.0,0.0,0.0,0.0,0.0,,0.0,0.0,0.0,0.0,0.0,0.0,,,,,,,,,,,,,,,,,,,,,,
2026,2021039153,2026-07-10,1450977,森田 駿哉,Morita Shun kana,47,投,1,1.0,0.0,0.0,0.0,0.0,0.0,0.0,0.0,0.0,0.0,0.0,,0.0,0.0,0.0,0.0,0.0,0.0,3.0,1.0,0.0,0.0,0.0,6.0,1.0,1.0,,,0.0,0.0,0.0,0.0,0.0,,0.0,1.0,0.0,,3.0,13.0
2026,2021039153,2026-07-10,1500076,木下 拓哉,,35,捕,4,1.0,1.0,4.0,4.0,1.0,2.0,1.0,0.0,0.0,1.0,0.0,,0.0,1.0,0.0,0.0,0.0,0.0,,,,,,,,,,,,,,,,,,,,,,
2026,2021039153,2026-07-10,1500078,阿部 寿樹,,48,打,4,1.0,0.0,1.0,1.0,0.0,0.0,0.0,0.0,0.0,0.0,0.0,,0.0,1.0,0.0,0.0,0.0,0.0,,,,,,,,,,,,,,,,,,,,,,
2026,2021039153,2026-07-10,1500091,板山 祐太郎,,63,右,4,1.0,0.0,0.0,0.0,0.0,0.0,0.0,0.0,0.0,0.0,0.0,,0.0,0.0,0.0,0.0,0.0,0.0,,,,,,,,,,,,,,,,,,,,,,
2026,2021039153,2026-07-10,1561778,バルドナード,Barudo Nerd,49,投,1,1.0,0.0,0.0,0.0,0.0,0.0,0.0,0.0,0.0,0.0,0.0,,0.0,0.0,0.0,0.0,0.0,0.0,4.0,1.0,0.0,0.0,0.0,27.0,0.6666666666666666,0.2,,,0.0,2.0,2.0,2.0,0.0,,1.0,1.0,0.0,,5.0,15.0
2026,2021039153,2026-07-10,1561820,ダルベック,,29,一,1,1.0,1.0,5.0,5.0,0.0,1.0,0.0,0.0,0.0,1.0,0.0,,0.0,2.0,0.0,0.0,0.0,0.0,,,,,,,,,,,,,,,,,,,,,,
2026,2021039153,2026-07-10,1561854,サノー,,23,一,4,1.0,1.0,4.0,4.0,1.0,2.0,1.0,0.0,1.0,2.0,0.0,,0.0,1.0,0.0,0.0,0.0,0.0,,,,,,,,,,,,,,,,,,,,,,
2026,2021039153,2026-07-10,1600059,吉川 尚輝,,2,二,1,1.0,1.0,4.0,4.0,0.0,1.0,0.0,0.0,0.0,0.0,0.0,,0.0,1.0,0.0,0.0,0.0,0.0,,,,,,,,,,,,,,,,,,,,,,
2026,2021039153,2026-07-10,1600085,細川 成也,,55,左,4,1.0,1.0,4.0,4.0,2.0,2.0,1.0,0.0,1.0,1.0,0.0,,0.0,0.0,0.0,0.0,0.0,0.0,,,,,,,,,,,,,,,,,,,,,,
2026,2021039153,2026-07-10,1700043,岸田 行倫,,27,捕,1,1.0,1.0,5.0,5.0,0.0,1.0,0.0,0.0,0.0,0.0,0.0,,0.0,1.0,0.0,0.0,0.0,0.0,,,,,,,,,,,,,,,,,,,,,,
2026,2021039153,2026-07-10,1700044,大城 卓三,,24,打,1,1.0,0.0,1.0,1.0,0.0,0.0,0.0,0.0,0.0,0.0,0.0,,0.0,1.0,0.0,0.0,0.0,0.0,,,,,,,,,,,,,,,,,,,,,,
2026,2021039153,2026-07-10,1750223,村松 開人,,5,遊,4,1.0,1.0,4.0,4.0,0.0,0.0,0.0,0.0,0.0,0.0,0.0,,0.0,4.0,0.0,0.0,0.0,0.0,,,,,,,,,,,,,,,,,,,,,,
2026,2021039153,2026-07-10,1750321,泉口 友汰,,35,遊,1,1.0,1.0,5.0,4.0,1.0,3.0,1.0,0.0,0.0,0.0,0.0,,1.0,0.0,0.0,0.0,0.0,0.0,,,,,,,,,,,,,,,,,,,,,,
2026,2021039153,2026-07-10,1750701,田中 幹也,,2,二,4,1.0,1.0,4.0,3.0,0.0,1.0,0.0,0.0,0.0,0.0,0.0,,0.0,1.0,0.0,1.0,0.0,0.0,,,,,,,,,,,,,,,,,,,,,,
2026,2021039153,2026-07-10,1800111,泉 圭輔,Izumi Keisuke,63,投,1,1.0,0.0,0.0,0.0,0.0,0.0,0.0,0.0,0.0,0.0,0.0,,0.0,0.0,0.0,0.0,0.0,0.0,2.0,1.0,0.0,0.0,0.0,2.08,1.0,1.0,,,0.0,1.0,0.0,0.0,0.0,,0.0,0.0,0.0,,4.0,10.0
2026,2021039153,2026-07-10,1900016,堀田 賢慎,Hotta Ken Makoto,91,投,1,1.0,0.0,0.0,0.0,0.0,0.0,0.0,0.0,0.0,0.0,0.0,,0.0,0.0,0.0,0.0,0.0,0.0,5.0,1.0,0.0,1.0,0.0,0.47,0.3333333333333333,0.1,,,0.0,0.0,0.0,0.0,0.0,,0.0,0.0,0.0,,1.0,2.0
2026,2021039153,2026-07-10,1900037,石川 昂弥,,25,三,4,1.0,1.0,4.0,3.0,1.0,1.0,0.0,0.0,0.0,0.0,0.0,,1.0,1.0,0.0,0.0,0.0,0.0,,,,,,,,,,,,,,,,,,,,,,
2026,2021039153,2026-07-10,1900038,橋本 侑樹,Hashimoto Yuuki,13,投,4,1.0,0.0,0.0,0.0,0.0,0.0,0.0,0.0,0.0,0.0,0.0,,0.0,0.0,0.0,0.0,0.0,0.0,2.0,1.0,0.0,1.0,0.0,1.74,0.3333333333333333,0.1,,,0.0,0.0,0.0,0.0,0.0,,0.0,1.0,0.0,,1.0,7.0
2026,2021039153,2026-07-10,1900041,岡林 勇希,,1,中,4,1.0,1.0,5.0,5.0,0.0,0.0,0.0,0.0,0.0,0.0,0.0,,0.0,0.0,0.0,0.0,0.0,0.0,,,,,,,,,,,,,,,,,,,,,,
2026,2021039153,2026-07-10,1951153,浦田 俊輔,,32,三,1,1.0,1.0,5.0,5.0,0.0,1.0,0.0,0.0,0.0,0.0,1.0,,0.0,2.0,0.0,0.0,0.0,0.0,,,,,,,,,,,,,,,,,,,,,,
2026,2021039153,2026-07-10,1961300,ボスラー,,24,右,4,1.0,1.0,3.0,3.0,0.0,0.0,0.0,0.0,0.0,0.0,0.0,,0.0,1.0,0.0,0.0,0.0,0.0,,,,,,,,,,,,,,,,,,,,,,
2026,2021039153,2026-07-10,2100225,笹原 操希,,95,打,1,1.0,0.0,1.0,1.0,0.0,0.0,0.0,0.0,0.0,0.0,0.0,,0.0,0.0,0.0,0.0,0.0,0.0,,,,,,,,,,,,,,,,,,,,,,
2026,2021039153,2026-07-10,2103780,福永 裕基,,7,打一,4,1.0,0.0,1.0,1.0,0.0,1.0,0.0,0.0,0.0,1.0,0.0,,0.0,0.0,0.0,0.0,0.0,0.0,,,,,,,,,,,,,,,,,,,,,,
2026,2021039153,2026-07-10,2103888,知念 大成,,94,右,1,1.0,1.0,4.0,4.0,0.0,1.0,0.0,0.0,0.0,0.0,0.0,,0.0,0.0,0.0,0.0,0.0,0.0,,,,,,,,,,,,,,,,,,,,,,
2026,2021039153,2026-07-10,2105295,吉田 聖弥,Yoshida Kiyoshi Wataru,47,投,4,1.0,0.0,0.0,0.0,0.0,0.0,0.0,0.0,0.0,0.0,0.0,,0.0,0.0,0.0,0.0,0.0,0.0,3.0,1.0,0.0,0.0,1.0,1.63,1.0,1.0,,,0.0,0.0,0.0,0.0,0.0,,0.0,0.0,0.0,,3.0,13.0
2026,2021039153,2026-07-10,2107645,尾田 剛樹,,0,右,4,1.0,0.0,0.0,0.0,0.0,0.0,0.0,0.0,0.0,0.0,0.0,,0.0,0.0,0.0,0.0,0.0,0.0,,,,,,,,,,,,,,,,,,,,,,
2026,2021039153,2026-07-10,2107869,松山 晋也,Matsuyama Shin'Ya,90,投,4,1.0,0.0,0.0,0.0,0.0,0.0,0.0,0.0,0.0,0.0,0.0,,0.0,0.0,0.0,0.0,0.0,0.0,4.0,1.0,0.0,1.0,2.0,1.46,1.0,1.0,,,17.0,1.0,0.0,0.0,0.0,,1.0,1.0,0.0,,5.0,19.0
2026,2021039153,2026-07-10,2118420,キャベッジ,,13,中,1,1.0,1.0,4.0,4.0,0.0,2.0,0.0,0.0,0.0,0.0,0.0,,0.0,0.0,0.0,0.0,0.0,0.0,,,,,,,,,,,,,,,,,,,,,,
2026,2021039153,2026-07-10,2118993,竹丸 和幸,Takemaru Kazuyuki,21,投,1,1.0,1.0,2.0,2.0,0.0,0.0,0.0,0.0,0.0,0.0,0.0,,0.0,1.0,0.0,0.0,0.0,0.0,1.0,1.0,,6.0,7.0,3.07,6.0,6.0,,,0.0,6.0,3.0,3.0,2.0,,0.0,10.0,0.0,,24.0,97.0
2026,2021039154,2026-07-21,900044,中村 悠平,,27,捕,2,1.0,1.0,3.0,3.0,0.0,0.0,0.0,0.0,0.0,0.0,0.0,,0.0,0.0,0.0,0.0,0.0,0.0,,,,,,,,,,,,,,,,,,,,,,
2026,2021039154,2026-07-21,1000002,筒香 嘉智,,25,三,3,1.0,1.0,4.0,4.0,2.0,2.0,0.0,0.0,1.0,3.0,0.0,,0.0,0.0,0.0,0.0,0.0,0.0,,,,,,,,,,,,,,,,,,,,,,
2026,2021039154,2026-07-21,1500063,柴田 竜拓,,31,三,3,1.0,0.0,0.0,0.0,0.0,0.0,0.0,0.0,0.0,0.0,0.0,,0.0,0.0,0.0,0.0,0.0,0.0,,,,,,,,,,,,,,,,,,,,,,
2026,2021039154,2026-07-21,1500139,小澤 怜史,Ozawa Reishi,45,投,2,1.0,0.0,0.0,0.0,0.0,0.0,0.0,0.0,0.0,0.0,0.0,,0.0,0.0,0.0,0.0,0.0,0.0,3.0,1.0,0.0,0.0,0.0,3.93,2.0,2.0,,,0.0,3.0,2.0,2.0,1.0,,0.0,1.0,0.0,,9.0,33.0
2026,2021039154,2026-07-21,1600089,佐野 恵太,,7,一,3,1.0,1.0,4.0,4.0,2.0,3.0,2.0,0.0,0.0,2.0,0.0,,0.0,0.0,0.0,0.0,0.0,0.0,,,,,,,,,,,,,,,,,,,,,,
2026,2021039154,2026-07-21,1600167,三森 大貴,,26,二,3,1.0,0.0,0.0,0.0,0.0,0.0,0.0,0.0,0.0,0.0,0.0,,0.0,0.0,0.0,0.0,0.0,0.0,,,,,,,,,,,,,,,,,,,,,,
2026,2021039154,2026-07-21,1650522,丸山 和郁,,4,中,2,1.0,1.0,4.0,4.0,0.0,1.0,0.0,0.0,0.0,0.0,1.0,,0.0,0.0,0.0,0.0,0.0,0.0,,,,,,,,,,,,,,,,,,,,,,
2026,2021039154,2026-07-21,1700059,神里 和毅,,8,中,3,1.0,0.0,0.0,0.0,0.0,0.0,0.0,0.0,0.0,0.0,0.0,,0.0,0.0,0.0,0.0,0.0,0.0,,,,,,,,,,,,,,,,,,,,,,
2026,2021039154,2026-07-21,1700060,阪口 皓亮,Sakaguchi Akira Ryou,66,投,2,1.0,0.0,0.0,0.0,0.0,0.0,0.0,0.0,0.0,0.0,0.0,,0.0,0.0,0.0,0.0,0.0,0.0,4.0,1.0,0.0,0.0,0.0,2.63,1.0,1.0,,,0.0,0.0,0.0,0.0,0.0,,0.0,2.0,0.0,,3.0,11.0
2026,2021039154,2026-07-21,1700087,塩見 泰隆,,9,打,2,1.0,0.0,1.0,1.0,0.0,0.0,0.0,0.0,0.0,0.0,0.0,,0.0,0.0,0.0,0.0,0.0,0.0,,,,,,,,,,,,,,,,,,,,,,
2026,2021039154,2026-07-21,1700131,増田 珠,,63,右,2,1.0,1.0,3.0,3.0,0.0,0.0,0.0,0.0,0.0,0.0,0.0,,0.0,0.0,0.0,0.0,0.0,0.0,,,,,,,,,,,,,,,,,,,,,,
2026,2021039154,2026-07-21,1750696,松本 健吾,Matsumoto Kengo,28,投,2,1.0,1.0,1.0,1.0,0.0,0.0,0.0,0.0,0.0,0.0,0.0,,0.0,0.0,0.0,0.0,0.0,0.0,1.0,1.0,,5.0,3.0,3.39,4.333333333333333,4.1,,,0.0,8.0,6.0,6.0,0.0,,0.0,4.0,1.0,,22.0,80.0
2026,2021039154,2026-07-21,1800046,勝又 温史,,28,左,3,1.0,1.0,4.0,4.0,1.0,1.0,0.0,0.0,0.0,0.0,0.0,,0.0,1.0,0.0,0.0,0.0,0.0,,,,,,,,,,,,,,,,,,,,,,
2026,2021039154,2026-07-21,1850208,林 琢真,,0,遊,3,1.0,1.0,4.0,4.0,0.0,1.0,1.0,0.0,0.0,2.0,0.0,,0.0,0.0,0.0,0.0,0.0,0.0,,,,,,,,,,,,,,,,,,,,,,
2026,2021039154,2026-07-21,1850772,石井 巧,,38,三,2,1.0,1.0,3.0,3.0,0.0,0.0,0.0,0.0,0.0,0.0,0.0,,0.0,2.0,0.0,0.0,0.0,1.0,,,,,,,,,,,,,,,,,,,,,,
2026,2021039154,2026-07-21,1851155,石原 勇輝,Ishihara Yuuki,35,投,2,1.0,0.0,0.0,0.0,0.0,0.0,0.0,0.0,0.0,0.0,0.0,,0.0,0.0,0.0,0.0,0.0,0.0,2.0,1.0,0.0,0.0,1.0,4.76,0.6666666666666666,0.2,,,0.0,0.0,0.0,0.0,0.0,,0.0,0.0,0.0,,2.0,6.0
2026,2021039154,2026-07-21,1900028,長岡 秀樹,,7,遊,2,1.0,1.0,4.0,4.0,0.0,2.0,0.0,0.0,0.0,0.0,0.0,,0.0,0.0,0.0,0.0,0.0,0.0,,,,,,,,,,,,,,,,,,,,,,
2026,2021039154,2026-07-21,1900029,武岡 龍世,,60,打,2,1.0,0.0,1.0,1.0,0.0,0.0,0.0,0.0,0.0,0.0,0.0,,0.0,0.0,0.0,0.0,0.0,0.0,,,,,,,,,,,,,,,,,,,,,,
2026,2021039154,2026-07-21,2000031,赤羽 由紘,,0,二,2,1.0,1.0,3.0,3.0,0.0,0.0,0.0,0.0,0.0,0.0,0.0,,0.0,1.0,0.0,0.0,0.0,1.0,,,,,,,,,,,,,,,,,,,,,,
2026,2021039154,2026-07-21,2000035,牧 秀悟,,2,二,3,1.0,1.0,4.0,3.0,2.0,1.0,1.0,0.0,0.0,0.0,0.0,,0.0,1.0,1.0,0.0,0.0,0.0,,,,,,,,,,,,,,,,,,,,,,
2026,2021039154,2026-07-21,2000135,サンタナ,,25,左,2,1.0,1.0,3.0,3.0,0.0,1.0,0.0,0.0,0.0,0.0,0.0,,0.0,2.0,0.0,0.0,0.0,0.0,,,,,,,,,,,,,,,,,,,,,,
2026,2021039154,2026-07-21,2100109,深沢 鳳介,Fukasawa Ootori Suke,43,投,3,1.0,1.0,4.0,3.0,0.0,0.0,0.0,0.0,0.0,0.0,0.0,,0.0,3.0,0.0,1.0,0.0,0.0,1.0,1.0,,2.0,1.0,3.0,9.0,9.0,,,0.0,4.0,0.0,0.0,0.0,,0.0,5.0,0.0,,29.0,103.0
2026,2021039154,2026-07-21,2103703,梶原 昂希,,58,中右,3,1.0,1.0,4.0,4.0,0.0,0.0,0.0,0.0,0.0,0.0,0.0,,0.0,0.0,0.0,0.0,0.0,0.0,,,,,,,,,,,,,,,,,,,,,,
2026,2021039154,2026-07-21,2103949,古市 尊,,60,捕,3,1.0,1.0,4.0,4.0,0.0,1.0,1.0,0.0,0.0,0.0,0.0,,0.0,2.0,0.0,0.0,0.0,0.0,,,,,,,,,,,,,,,,,,,,,,
2026,2021039154,2026-07-21,2107172,矢野 泰二郎,,57,捕,2,1.0,0.0,0.0,0.0,0.0,0.0,0.0,0.0,0.0,0.0,0.0,,0.0,0.0,0.0,0.0,0.0,0.0,,,,,,,,,,,,,,,,,,,,,,
2026,2021039154,2026-07-21,2108195,エンカーナシオン,,69,右,3,1.0,1.0,4.0,4.0,1.0,2.0,0.0,0.0,0.0,1.0,0.0,,0.0,0.0,0.0,0.0,0.0,0.0,,,,,,,,,,,,,,,,,,,,,,
2026,2021039154,2026-07-21,2108913,セデーニョ,,98,一,2,1.0,1.0,3.0,3.0,0.0,0.0,0.0,0.0,0.0,0.0,0.0,,0.0,0.0,0.0,0.0,0.0,0.0,,,,,,,,,,,,,,,,,,,,,,
2026,2021039155,2026-07-11,1100082,菊池 涼介,,33,二,6,1.0,1.0,4.0,3.0,0.0,0.0,0.0,0.0,0.0,1.0,0.0,,0.0,0.0,0.0,0.0,1.0,0.0,,,,,,,,,,,,,,,,,,,,,,
2026,2021039155,2026-07-11,1300073,梅野 隆太郎,,2,捕,5,1.0,1.0,4.0,4.0,0.0,1.0,0.0,0.0,0.0,0.0,0.0,,0.0,2.0,0.0,0.0,0.0,0.0,,,,,,,,,,,,,,,,,,,,,,
2026,2021039155,2026-07-11,1600113,大山 悠輔,,3,一,5,1.0,1.0,4.0,3.0,0.0,1.0,0.0,0.0,0.0,0.0,0.0,,1.0,0.0,0.0,0.0,0.0,0.0,,,,,,,,,,,,,,,,,,,,,,
2026,2021039155,2026-07-11,1600124,坂倉 将吾,,31,三一,6,1.0,1.0,4.0,4.0,1.0,2.0,1.0,0.0,1.0,1.0,0.0,,0.0,1.0,0.0,0.0,0.0,1.0,,,,,,,,,,,,,,,,,,,,,,
2026,2021039155,2026-07-11,1700079,熊谷 敬宥,,4,遊,5,1.0,1.0,4.0,4.0,0.0,1.0,0.0,0.0,0.0,0.0,0.0,,0.0,1.0,0.0,0.0,0.0,0.0,,,,,,,,,,,,,,,,,,,,,,
2026,2021039155,2026-07-11,1800036,濱田 太貴,,32,打,5,1.0,0.0,1.0,1.0,0.0,0.0,0.0,0.0,0.0,0.0,0.0,,0.0,1.0,0.0,0.0,0.0,0.0,,,,,,,,,,,,,,,,,,,,,,
2026,2021039155,2026-07-11,1800065,近本 光司,,5,中,5,1.0,1.0,4.0,4.0,1.0,2.0,0.0,0.0,0.0,0.0,0.0,,0.0,0.0,0.0,0.0,0.0,0.0,,,,,,,,,,,,,,,,,,,,,,
2026,2021039155,2026-07-11,1800072,小園 海斗,,5,遊三,6,1.0,1.0,4.0,3.0,0.0,0.0,0.0,0.0,0.0,0.0,0.0,,0.0,0.0,1.0,0.0,0.0,0.0,,,,,,,,,,,,,,,,,,,,,,
2026,2021039155,2026-07-11,1800079,大盛 穂,,59,中,6,1.0,0.0,0.0,0.0,0.0,0.0,0.0,0.0,0.0,0.0,0.0,,0.0,0.0,0.0,0.0,0.0,0.0,,,,,,,,,,,,,,,,,,,,,,
2026,2021039155,2026-07-11,1850183,森下 翔太,,1,右,5,1.0,1.0,4.0,4.0,0.0,0.0,0.0,0.0,0.0,0.0,0.0,,0.0,1.0,0.0,0.0,0.0,0.0,,,,,,,,,,,,,,,,,,,,,,
2026,2021039155,2026-07-11,1850405,名原 典彦,,92,中右,6,1.0,1.0,4.0,3.0,0.0,1.0,0.0,0.0,0.0,0.0,0.0,,0.0,1.0,1.0,0.0,0.0,0.0,,,,,,,,,,,,,,,,,,,,,,
2026,2021039155,2026-07-11,1900056,石原 貴規,,32,捕,6,1.0,0.0,0.0,0.0,0.0,0.0,0.0,0.0,0.0,0.0,0.0,,0.0,0.0,0.0,0.0,0.0,0.0,,,,,,,,,,,,,,,,,,,,,,
2026,2021039155,2026-07-11,1900058,持丸 泰輝,,57,捕,6,1.0,1.0,3.0,1.0,0.0,1.0,0.0,0.0,0.0,0.0,0.0,,2.0,0.0,0.0,0.0,0.0,0.0,,,,,,,,,,,,,,,,,,,,,,
2026,2021039155,2026-07-11,1950955,前川 誠太,,93,打,6,1.0,0.0,1.0,0.0,0.0,0.0,0.0,0.0,0.0,0.0,0.0,,0.0,0.0,0.0,1.0,0.0,0.0,,,,,,,,,,,,,,,,,,,,,,
2026,2021039155,2026-07-11,1960397,ハーン,Haan,68,投,6,1.0,0.0,0.0,0.0,0.0,0.0,0.0,0.0,0.0,0.0,0.0,,0.0,0.0,0.0,0.0,0.0,0.0,2.0,1.0,0.0,2.0,1.0,0.83,1.0,1.0,,,1.0,0.0,0.0,0.0,0.0,,1.0,2.0,0.0,,4.0,19.0
2026,2021039155,2026-07-11,1961927,モンテロ,,95,一,6,1.0,1.0,4.0,4.0,0.0,2.0,0.0,0.0,0.0,0.0,0.0,,0.0,1.0,0.0,0.0,0.0,0.0,,,,,,,,,,,,,,,,,,,,,,
2026,2021039155,2026-07-11,2000051,佐藤 輝明,,8,三,5,1.0,1.0,4.0,4.0,0.0,0.0,0.0,0.0,0.0,0.0,0.0,,0.0,2.0,0.0,0.0,0.0,0.0,,,,,,,,,,,,,,,,,,,,,,
2026,2021039155,2026-07-11,2000052,伊藤 将司,Itou Masashi,27,投,5,1.0,1.0,2.0,2.0,0.0,0.0,0.0,0.0,0.0,0.0,0.0,,0.0,2.0,0.0,0.0,0.0,0.0,1.0,1.0,,0.0,1.0,3.2,5.333333333333333,5.1,,,0.0,6.0,2.0,2.0,1.0,,1.0,2.0,1.0,,23.0,102.0
2026,2021039155,2026-07-11,2000056,中野 拓夢,,7,打,5,1.0,0.0,1.0,1.0,0.0,1.0,0.0,0.0,0.0,0.0,0.0,,0.0,0.0,0.0,0.0,0.0,0.0,,,,,,,,,,,,,,,,,,,,,,
2026,2021039155,2026-07-11,2000057,高寺 望夢,,67,二,5,1.0,1.0,4.0,4.0,0.0,1.0,1.0,0.0,0.0,1.0,0.0,,0.0,2.0,0.0,0.0,0.0,0.0,,,,,,,,,,,,,,,,,,,,,,
2026,2021039155,2026-07-11,2000060,栗林 良吏,Kuribayashi Ryouri,20,投,6,1.0,1.0,2.0,1.0,0.0,0.0,0.0,0.0,0.0,0.0,0.0,,0.0,1.0,0.0,1.0,0.0,0.0,1.0,1.0,,5.0,3.0,1.2,7.0,7.0,,,0.0,8.0,1.0,1.0,0.0,,0.0,6.0,0.0,,29.0,117.0
2026,2021039155,2026-07-11,2000061,森浦 大輔,Moriura Daisuke,13,投,6,1.0,0.0,0.0,0.0,0.0,0.0,0.0,0.0,0.0,0.0,0.0,,0.0,0.0,0.0,0.0,0.0,0.0,3.0,1.0,0.0,4.0,2.0,3.03,1.0,1.0,,,10.0,0.0,0.0,0.0,0.0,,0.0,3.0,0.0,,3.0,17.0
2026,2021039155,2026-07-11,2050203,佐々木 泰,,10,右,6,1.0,1.0,3.0,3.0,1.0,1.0,0.0,0.0,0.0,0.0,0.0,,0.0,0.0,0.0,0.0,0.0,0.0,,,,,,,,,,,,,,,,,,,,,,
2026,2021039155,2026-07-11,2103242,立石 正広,,9,左,5,1.0,1.0,4.0,4.0,0.0,1.0,0.0,0.0,0.0,0.0,0.0,,0.0,0.0,0.0,0.0,0.0,0.0,,,,,,,,,,,,,,,,,,,,,,
2026,2021039155,2026-07-11,2107887,辰見 鴻之介,,69,走,6,1.0,0.0,0.0,0.0,0.0,0.0,0.0,0.0,0.0,0.0,0.0,,0.0,0.0,0.0,0.0,0.0,0.0,,,,,,,,,,,,,,,,,,,,,,
2026,2021039155,2026-07-11,2108105,モレッタ,Moretta,99,投,5,1.0,0.0,0.0,0.0,0.0,0.0,0.0,0.0,0.0,0.0,0.0,,0.0,0.0,0.0,0.0,0.0,0.0,4.0,1.0,0.0,2.0,2.0,6.6,1.0,1.0,,,0.0,0.0,0.0,0.0,0.0,,0.0,2.0,1.0,,4.0,16.0
2026,2021039155,2026-07-11,2108124,セベリーノ,Seberiino,97,投,5,1.0,0.0,0.0,0.0,0.0,0.0,0.0,0.0,0.0,0.0,0.0,,0.0,0.0,0.0,0.0,0.0,0.0,3.0,1.0,0.0,0.0,0.0,0.0,1.0,1.0,,,0.0,0.0,0.0,0.0,0.0,,1.0,1.0,0.0,,4.0,14.0
2026,2021039155,2026-07-11,2110422,勝田 成,,0,遊,6,1.0,0.0,0.0,0.0,0.0,0.0,0.0,0.0,0.0,0.0,0.0,,0.0,0.0,0.0,0.0,0.0,0.0,,,,,,,,,,,,,,,,,,,,,,
2026,2021039155,2026-07-11,2112444,木下 里都,Kinoshita Sato To,54,投,5,1.0,0.0,0.0,0.0,0.0,0.0,0.0,0.0,0.0,0.0,0.0,,0.0,0.0,0.0,0.0,0.0,0.0,2.0,1.0,0.0,1.0,1.0,2.57,0.6666666666666666,0.2,,,0.0,1.0,0.0,0.0,0.0,,0.0,0.0,0.0,,2.0,3.0
2026,2021039155,2026-07-11,2114882,ファビアン,,61,左,6,1.0,1.0,4.0,4.0,0.0,0.0,0.0,0.0,0.0,0.0,0.0,,0.0,1.0,0.0,0.0,0.0,0.0,,,,,,,,,,,,,,,,,,,,,,
2026,2021039156,2026-07-18,900056,浅村 栄斗,,3,指,376,1.0,1.0,3.0,3.0,0.0,1.0,1.0,0.0,0.0,0.0,0.0,,0.0,0.0,0.0,0.0,0.0,0.0,,,,,,,,,,,,,,,,,,,,,,
2026,2021039156,2026-07-18,1600007,村林 一輝,,6,二,376,1.0,1.0,3.0,3.0,0.0,1.0,0.0,0.0,0.0,0.0,0.0,,0.0,0.0,0.0,0.0,0.0,0.0,,,,,,,,,,,,,,,,,,,,,,
2026,2021039156,2026-07-18,1600092,藤平 尚真,Fujihira Shoushin,46,,376,,,,,,,,,,,,,,,,,,,3.0,1.0,0.0,0.0,1.0,2.05,1.0,1.0,,,19.0,1.0,0.0,0.0,0.0,,0.0,2.0,0.0,,4.0,13.0
2026,2021039156,2026-07-18,1600134,石井 一成,,4,二,7,1.0,1.0,4.0,3.0,0.0,1.0,0.0,0.0,0.0,1.0,0.0,,1.0,2.0,0.0,0.0,0.0,0.0,,,,,,,,,,,,,,,,,,,,,,
2026,2021039156,2026-07-18,1660299,林 安可,,73,指,7,1.0,1.0,4.0,4.0,0.0,1.0,0.0,0.0,0.0,0.0,0.0,,0.0,1.0,0.0,0.0,0.0,0.0,,,,,,,,,,,,,,,,,,,,,,
2026,2021039156,2026-07-18,1700122,西川 愛也,,51,中,7,1.0,1.0,4.0,4.0,0.0,0.0,0.0,0.0,0.0,0.0,0.0,,0.0,0.0,0.0,0.0,0.0,0.0,,,,,,,,,,,,,,,,,,,,,,
2026,2021039156,2026-07-18,1800117,辰己 涼介,,8,中,376,1.0,1.0,3.0,3.0,0.0,0.0,0.0,0.0,0.0,0.0,0.0,,0.0,0.0,0.0,0.0,0.0,0.0,,,,,,,,,,,,,,,,,,,,,,
2026,2021039156,2026-07-18,1800118,太田 光,,2,捕,376,1.0,1.0,3.0,3.0,1.0,1.0,0.0,0.0,1.0,1.0,0.0,,0.0,0.0,0.0,0.0,0.0,0.0,,,,,,,,,,,,,,,,,,,,,,
2026,2021039156,2026-07-18,1850820,蛭間 拓哉,,9,左,7,1.0,1.0,3.0,3.0,0.0,1.0,0.0,0.0,0.0,1.0,0.0,,0.0,1.0,0.0,0.0,0.0,0.0,,,,,,,,,,,,,,,,,,,,,,
2026,2021039156,2026-07-18,1851157,宗山 塁,,1,遊,376,1.0,1.0,3.0,3.0,0.0,0.0,0.0,0.0,0.0,0.0,0.0,,0.0,0.0,0.0,0.0,0.0,0.0,,,,,,,,,,,,,,,,,,,,,,
2026,2021039156,2026-07-18,1900068,岸 潤一郎,,68,左,7,1.0,0.0,1.0,1.0,0.0,0.0,0.0,0.0,0.0,0.0,0.0,,0.0,1.0,0.0,0.0,0.0,0.0,,,,,,,,,,,,,,,,,,,,,,
2026,2021039156,2026-07-18,1900113,黒川 史陽,,24,一,376,1.0,1.0,4.0,4.0,0.0,0.0,0.0,0.0,0.0,0.0,0.0,,0.0,0.0,0.0,0.0,0.0,0.0,,,,,,,,,,,,,,,,,,,,,,
2026,2021039156,2026-07-18,1900115,武藤 敦貴,,50,右,376,1.0,0.0,0.0,0.0,0.0,0.0,0.0,0.0,0.0,0.0,0.0,,0.0,0.0,0.0,0.0,0.0,0.0,,,,,,,,,,,,,,,,,,,,,,
2026,2021039156,2026-07-18,1950278,中島 大輔,,32,右左,376,1.0,1.0,4.0,4.0,0.0,0.0,0.0,0.0,0.0,0.0,0.0,,0.0,0.0,0.0,0.0,0.0,0.0,,,,,,,,,,,,,,,,,,,,,,
2026,2021039156,2026-07-18,1950417,渡部 聖弥,,8,三,7,1.0,1.0,4.0,4.0,0.0,1.0,1.0,0.0,0.0,0.0,0.0,,0.0,2.0,0.0,0.0,0.0,0.0,,,,,,,,,,,,,,,,,,,,,,
2026,2021039156,2026-07-18,2050145,小島 大河,,10,捕,7,1.0,1.0,4.0,3.0,0.0,1.0,0.0,0.0,0.0,0.0,0.0,,1.0,0.0,0.0,0.0,0.0,0.0,,,,,,,,,,,,,,,,,,,,,,
2026,2021039156,2026-07-18,2100271,繁永 晟,,30,三,376,1.0,1.0,3.0,3.0,0.0,1.0,0.0,0.0,0.0,1.0,0.0,,0.0,0.0,0.0,0.0,0.0,0.0,,,,,,,,,,,,,,,,,,,,,,
2026,2021039156,2026-07-18,2101047,ネビン,,26,一,7,1.0,1.0,4.0,4.0,0.0,1.0,1.0,0.0,0.0,0.0,0.0,,0.0,1.0,0.0,0.0,0.0,0.0,,,,,,,,,,,,,,,,,,,,,,
2026,2021039156,2026-07-18,2102124,泰 勝利,Thailand Shouri,59,,376,,,,,,,,,,,,,,,,,,,2.0,1.0,0.0,2.0,0.0,0.0,1.0,1.0,,,0.0,1.0,0.0,0.0,0.0,,0.0,0.0,0.0,,4.0,11.0
2026,2021039156,2026-07-18,2103618,滝澤 夏央,,62,遊,7,1.0,1.0,4.0,4.0,1.0,1.0,0.0,0.0,0.0,0.0,0.0,,0.0,0.0,0.0,0.0,0.0,0.0,,,,,,,,,,,,,,,,,,,,,,
2026,2021039156,2026-07-18,2105080,武内 夏暉,Takeuchi Natsu Akira,21,,7,,,,,,,,,,,,,,,,,,,1.0,1.0,,6.0,5.0,2.71,8.0,8.0,,,0.0,6.0,3.0,3.0,2.0,,1.0,0.0,0.0,,29.0,107.0
2026,2021039156,2026-07-18,2105283,平良 竜哉,,48,走三,376,1.0,0.0,0.0,0.0,0.0,0.0,0.0,0.0,0.0,0.0,1.0,,0.0,0.0,0.0,0.0,0.0,0.0,,,,,,,,,,,,,,,,,,,,,,
2026,2021039156,2026-07-18,2106793,荘司 康誠,Shouji Yasushi Makoto,19,,376,,,,,,,,,,,,,,,,,,,1.0,1.0,,5.0,8.0,4.25,7.0,7.0,,,0.0,6.0,2.0,2.0,0.0,,2.0,8.0,0.0,,28.0,115.0
2026,2021039156,2026-07-18,2117028,カナリオ,,25,右,7,1.0,1.0,4.0,4.0,1.0,1.0,1.0,0.0,0.0,0.0,0.0,,0.0,2.0,0.0,0.0,0.0,0.0,,,,,,,,,,,,,,,,,,,,,,
2026,2021039156,2026-07-18,2122300,マッカスカー,,34,左,376,1.0,1.0,3.0,2.0,2.0,2.0,0.0,0.0,1.0,1.0,0.0,,1.0,0.0,0.0,0.0,0.0,0.0,,,,,,,,,,,,,,,,,,,,,,
2026,2021039157,2026-07-14,700087,角中 勝也,,3,打左,9,1.0,0.0,2.0,2.0,0.0,0.0,0.0,0.0,0.0,0.0,0.0,,0.0,0.0,0.0,0.0,0.0,0.0,,,,,,,,,,,,,,,,,,,,,,
2026,2021039157,2026-07-14,1000128,柳田 悠岐,,9,打,12,1.0,0.0,1.0,1.0,0.0,0.0,0.0,0.0,0.0,0.0,0.0,,0.0,0.0,0.0,0.0,0.0,0.0,,,,,,,,,,,,,,,,,,,,,,
2026,2021039157,2026-07-14,1000175,牧原 大成,,8,二,12,1.0,1.0,4.0,4.0,0.0,2.0,0.0,0.0,0.0,1.0,0.0,,0.0,0.0,0.0,0.0,0.0,0.0,,,,,,,,,,,,,,,,,,,,,,
2026,2021039157,2026-07-14,1100097,近藤 健介,,3,指,12,1.0,1.0,5.0,5.0,2.0,2.0,0.0,0.0,0.0,1.0,0.0,,0.0,1.0,0.0,0.0,0.0,0.0,,,,,,,,,,,,,,,,,,,,,,
2026,2021039157,2026-07-14,1100104,益田 直也,Masuda Naoya,52,,9,,,,,,,,,,,,,,,,,,,4.0,1.0,0.0,1.0,0.0,3.8,1.0,1.0,,,1.0,0.0,0.0,0.0,0.0,,1.0,0.0,0.0,,4.0,24.0
2026,2021039157,2026-07-14,1400126,松本 裕樹,Matsumoto Yuuki,66,,12,,,,,,,,,,,,,,,,,,,4.0,1.0,0.0,3.0,3.0,2.41,1.0,1.0,,,4.0,0.0,0.0,0.0,0.0,,0.0,0.0,0.0,,3.0,13.0
2026,2021039157,2026-07-14,1400127,栗原 陵矢,,24,三,12,1.0,1.0,5.0,2.0,0.0,1.0,1.0,0.0,0.0,2.0,0.0,,3.0,0.0,0.0,0.0,0.0,0.0,,,,,,,,,,,,,,,,,,,,,,
2026,2021039157,2026-07-14,1400140,小野 郁,Ono Kaoru,37,,9,,,,,,,,,,,,,,,,,,,3.0,1.0,0.0,2.0,1.0,2.08,2.0,2.0,,,0.0,0.0,0.0,0.0,0.0,,1.0,3.0,0.0,,7.0,29.0
2026,2021039157,2026-07-14,1500102,愛斗,,50,中,9,1.0,1.0,2.0,2.0,0.0,0.0,0.0,0.0,0.0,0.0,0.0,,0.0,2.0,0.0,0.0,0.0,0.0,,,,,,,,,,,,,,,,,,,,,,
2026,2021039157,2026-07-14,1500140,谷川原 健太,,45,右,12,1.0,0.0,0.0,0.0,0.0,0.0,0.0,0.0,0.0,0.0,0.0,,0.0,0.0,0.0,0.0,0.0,0.0,,,,,,,,,,,,,,,,,,,,,,
2026,2021039157,2026-07-14,1500143,川瀬 晃,,0,遊,12,1.0,1.0,4.0,3.0,0.0,0.0,0.0,0.0,0.0,0.0,0.0,,1.0,1.0,0.0,0.0,0.0,0.0,,,,,,,,,,,,,,,,,,,,,,
2026,2021039157,2026-07-14,1550517,大津 亮介,Ootsu Ryousuke,19,,12,,,,,,,,,,,,,,,,,,,1.0,1.0,,9.0,2.0,2.08,5.0,5.0,,,0.0,7.0,3.0,3.0,0.0,,3.0,4.0,0.0,,24.0,98.0
2026,2021039157,2026-07-14,1560184,オスナ,Osu na,54,,12,,,,,,,,,,,,,,,,,,,3.0,1.0,0.0,0.0,1.0,0.87,1.0,1.0,,,0.0,1.0,0.0,0.0,0.0,,0.0,0.0,0.0,,4.0,15.0
2026,2021039157,2026-07-14,1650813,川村 友斗,,61,左,12,1.0,0.0,0.0,0.0,0.0,0.0,0.0,0.0,0.0,0.0,0.0,,0.0,0.0,0.0,0.0,0.0,0.0,,,,,,,,,,,,,,,,,,,,,,
2026,2021039157,2026-07-14,1700020,ソト,,99,打,9,1.0,0.0,1.0,0.0,0.0,0.0,0.0,0.0,0.0,0.0,0.0,,1.0,0.0,0.0,0.0,0.0,0.0,,,,,,,,,,,,,,,,,,,,,,
2026,2021039157,2026-07-14,1700034,山崎 剛,,38,遊,9,1.0,1.0,4.0,4.0,0.0,1.0,0.0,0.0,0.0,0.0,0.0,,0.0,1.0,0.0,0.0,0.0,0.0,,,,,,,,,,,,,,,,,,,,,,
2026,2021039157,2026-07-14,1700092,安田 尚憲,,5,一,9,1.0,1.0,5.0,5.0,0.0,2.0,0.0,0.0,0.0,3.0,0.0,,0.0,1.0,0.0,0.0,0.0,0.0,,,,,,,,,,,,,,,,,,,,,,
2026,2021039157,2026-07-14,1700098,和田 康士朗,,63,左,9,1.0,0.0,0.0,0.0,0.0,0.0,0.0,0.0,0.0,0.0,0.0,,0.0,0.0,0.0,0.0,0.0,0.0,,,,,,,,,,,,,,,,,,,,,,
2026,2021039157,2026-07-14,1700135,周東 佑京,,23,中,12,1.0,1.0,5.0,4.0,1.0,1.0,1.0,0.0,0.0,0.0,0.0,,1.0,0.0,0.0,0.0,0.0,0.0,,,,,,,,,,,,,,,,,,,,,,
2026,2021039157,2026-07-14,1800037,坂本 光士郎,Sakamoto Hikari Shirou,36,,9,,,,,,,,,,,,,,,,,,,2.0,1.0,0.0,2.0,1.0,2.82,2.0,2.0,,,0.0,1.0,0.0,0.0,0.0,,0.0,4.0,0.0,,7.0,32.0
2026,2021039157,2026-07-14,1800050,藤原 恭大,,1,右中,9,1.0,1.0,5.0,4.0,1.0,0.0,0.0,0.0,0.0,0.0,0.0,,1.0,0.0,0.0,0.0,0.0,0.0,,,,,,,,,,,,,,,,,,,,,,
2026,2021039157,2026-07-14,1800053,山口 航輝,,51,指,9,1.0,1.0,5.0,4.0,0.0,2.0,0.0,0.0,0.0,1.0,0.0,,1.0,0.0,0.0,0.0,0.0,0.0,,,,,,,,,,,,,,,,,,,,,,
2026,2021039157,2026-07-14,1800107,杉山 一樹,Sugiyama Kazuki,40,,12,,,,,,,,,,,,,,,,,,,5.0,1.0,0.0,0.0,2.0,3.0,1.0,1.0,,,19.0,1.0,1.0,1.0,0.0,,2.0,1.0,0.0,,6.0,27.0
2026,2021039157,2026-07-14,1900081,佐藤 都志也,,32,捕,9,1.0,1.0,4.0,3.0,1.0,1.0,0.0,0.0,0.0,0.0,0.0,,1.0,0.0,0.0,0.0,0.0,0.0,,,,,,,,,,,,,,,,,,,,,,
2026,2021039157,2026-07-14,1900101,海野 隆司,,62,捕,12,1.0,1.0,4.0,3.0,1.0,1.0,0.0,0.0,0.0,0.0,0.0,,0.0,1.0,0.0,1.0,0.0,0.0,,,,,,,,,,,,,,,,,,,,,,
2026,2021039157,2026-07-14,1900102,津森 宥紀,Tsumori ??,11,,12,,,,,,,,,,,,,,,,,,,2.0,1.0,0.0,2.0,0.0,1.35,1.0,1.0,,,0.0,1.0,0.0,0.0,0.0,,0.0,0.0,0.0,,4.0,14.0
2026,2021039157,2026-07-14,1900104,柳町 達,,32,左,12,1.0,1.0,4.0,4.0,0.0,0.0,0.0,0.0,0.0,0.0,0.0,,0.0,2.0,0.0,0.0,0.0,0.0,,,,,,,,,,,,,,,,,,,,,,
2026,2021039157,2026-07-14,1950286,西川 史礁,,6,左右,9,1.0,1.0,5.0,5.0,2.0,2.0,1.0,0.0,0.0,0.0,0.0,,0.0,0.0,0.0,0.0,0.0,0.0,,,,,,,,,,,,,,,,,,,,,,
2026,2021039157,2026-07-14,2000089,小川 龍成,,57,二,9,1.0,1.0,4.0,3.0,0.0,1.0,1.0,0.0,0.0,0.0,0.0,,1.0,1.0,0.0,0.0,0.0,0.0,,,,,,,,,,,,,,,,,,,,,,
2026,2021039157,2026-07-14,2102926,寺地 隆成,,65,三,9,1.0,1.0,4.0,4.0,0.0,1.0,1.0,0.0,0.0,0.0,0.0,,0.0,0.0,0.0,0.0,0.0,0.0,,,,,,,,,,,,,,,,,,,,,,
2026,2021039157,2026-07-14,2103693,池田 来翔,,0,走,9,1.0,0.0,0.0,0.0,0.0,0.0,0.0,0.0,0.0,0.0,0.0,,0.0,0.0,0.0,0.0,0.0,0.0,,,,,,,,,,,,,,,,,,,,,,
2026,2021039157,2026-07-14,2103735,正木 智也,,31,一,12,1.0,1.0,5.0,5.0,1.0,1.0,1.0,0.0,0.0,0.0,0.0,,0.0,1.0,0.0,0.0,0.0,0.0,,,,,,,,,,,,,,,,,,,,,,
2026,2021039157,2026-07-14,2103876,山本 恵大,,77,右,12,1.0,1.0,4.0,2.0,0.0,0.0,0.0,0.0,0.0,0.0,0.0,,1.0,2.0,1.0,0.0,0.0,0.0,,,,,,,,,,,,,,,,,,,,,,
2026,2021039157,2026-07-14,2114737,廣池 康志郎,Hiroshi Chi Kou Shirou,64,,9,,,,,,,,,,,,,,,,,,,1.0,1.0,,2.0,5.0,4.0,4.0,4.0,,,0.0,7.0,5.0,5.0,0.0,,4.0,1.0,1.0,,23.0,86.0
2026,2021039158,2026-07-19,1300100,森 友哉,,4,指,11,1.0,1.0,4.0,4.0,0.0,1.0,0.0,0.0,0.0,0.0,0.0,,0.0,1.0,0.0,0.0,0.0,0.0,,,,,,,,,,,,,,,,,,,,,,
2026,2021039158,2026-07-19,1300109,若月 健矢,,2,捕,11,1.0,1.0,3.0,2.0,0.0,0.0,0.0,0.0,0.0,0.0,0.0,,1.0,1.0,0.0,0.0,0.0,0.0,,,,,,,,,,,,,,,,,,,,,,
2026,2021039158,2026-07-19,1500096,西川 龍馬,,7,左,11,1.0,1.0,4.0,4.0,0.0,1.0,0.0,0.0,0.0,0.0,0.0,,0.0,0.0,0.0,0.0,0.0,0.0,,,,,,,,,,,,,,,,,,,,,,
2026,2021039158,2026-07-19,1700025,清宮 幸太郎,,21,一,8,1.0,1.0,4.0,4.0,0.0,1.0,1.0,0.0,0.0,1.0,0.0,,0.0,0.0,0.0,0.0,0.0,0.0,,,,,,,,,,,,,,,,,,,,,,
2026,2021039158,2026-07-19,1750667,山中 稜真,,50,一,11,1.0,1.0,4.0,4.0,0.0,0.0,0.0,0.0,0.0,0.0,0.0,,0.0,0.0,0.0,0.0,0.0,0.0,,,,,,,,,,,,,,,,,,,,,,
2026,2021039158,2026-07-19,1751068,野口 智哉,,9,三,11,1.0,1.0,3.0,3.0,0.0,0.0,0.0,0.0,0.0,0.0,0.0,,0.0,2.0,0.0,0.0,0.0,0.0,,,,,,,,,,,,,,,,,,,,,,
2026,2021039158,2026-07-19,1800091,野村 佑希,,5,三,8,1.0,1.0,4.0,4.0,1.0,2.0,0.0,0.0,0.0,1.0,1.0,,0.0,0.0,0.0,0.0,0.0,0.0,,,,,,,,,,,,,,,,,,,,,,
2026,2021039158,2026-07-19,1800093,万波 中正,,66,右,8,1.0,1.0,5.0,5.0,1.0,3.0,0.0,0.0,0.0,2.0,0.0,,0.0,0.0,0.0,0.0,0.0,0.0,,,,,,,,,,,,,,,,,,,,,,
2026,2021039158,2026-07-19,1800098,太田 椋,,1,二,11,1.0,1.0,4.0,4.0,0.0,2.0,0.0,0.0,0.0,0.0,0.0,,0.0,1.0,0.0,0.0,0.0,0.0,,,,,,,,,,,,,,,,,,,,,,
2026,2021039158,2026-07-19,1800104,中川 圭太,,67,中,11,1.0,1.0,4.0,4.0,0.0,1.0,0.0,0.0,0.0,0.0,0.0,,0.0,0.0,0.0,0.0,0.0,0.0,,,,,,,,,,,,,,,,,,,,,,
2026,2021039158,2026-07-19,1800110,水谷 瞬,,53,左,8,1.0,1.0,3.0,3.0,0.0,0.0,0.0,0.0,0.0,0.0,0.0,,0.0,1.0,0.0,0.0,0.0,0.0,,,,,,,,,,,,,,,,,,,,,,
2026,2021039158,2026-07-19,1850932,奈良間 大己,,58,二,8,1.0,1.0,4.0,4.0,0.0,1.0,0.0,0.0,0.0,0.0,0.0,,0.0,0.0,0.0,0.0,0.0,0.0,,,,,,,,,,,,,,,,,,,,,,
2026,2021039158,2026-07-19,1851204,水野 達稀,,43,遊,8,1.0,1.0,5.0,5.0,2.0,2.0,0.0,0.0,0.0,0.0,2.0,,0.0,2.0,0.0,0.0,0.0,0.0,,,,,,,,,,,,,,,,,,,,,,
2026,2021039158,2026-07-19,1860140,レイエス,,99,指,8,1.0,1.0,5.0,4.0,1.0,2.0,1.0,0.0,0.0,1.0,0.0,,0.0,1.0,0.0,0.0,1.0,0.0,,,,,,,,,,,,,,,,,,,,,,
2026,2021039158,2026-07-19,1900088,紅林 弘太郎,,24,遊,11,1.0,1.0,4.0,3.0,0.0,0.0,0.0,0.0,0.0,0.0,0.0,,1.0,1.0,0.0,0.0,0.0,0.0,,,,,,,,,,,,,,,,,,,,,,
2026,2021039158,2026-07-19,1950486,進藤 勇也,,33,捕,8,1.0,1.0,4.0,3.0,0.0,0.0,0.0,0.0,0.0,0.0,0.0,,1.0,1.0,0.0,0.0,0.0,0.0,,,,,,,,,,,,,,,,,,,,,,
2026,2021039158,2026-07-19,2000080,五十幡 亮汰,,50,中,8,1.0,0.0,2.0,2.0,2.0,1.0,0.0,0.0,0.0,0.0,1.0,,0.0,0.0,0.0,0.0,0.0,0.0,,,,,,,,,,,,,,,,,,,,,,
2026,2021039158,2026-07-19,2000082,細川 凌平,,56,左,8,1.0,0.0,1.0,1.0,0.0,0.0,0.0,0.0,0.0,0.0,0.0,,0.0,0.0,0.0,0.0,0.0,0.0,,,,,,,,,,,,,,,,,,,,,,
2026,2021039158,2026-07-19,2000098,来田 涼斗,,38,右,11,1.0,1.0,3.0,3.0,0.0,0.0,0.0,0.0,0.0,0.0,0.0,,0.0,0.0,0.0,0.0,0.0,0.0,,,,,,,,,,,,,,,,,,,,,,
2026,2021039158,2026-07-19,2000101,阿部 翔太,Abe Shouta,20,,11,,,,,,,,,,,,,,,,,,,3.0,1.0,0.0,0.0,0.0,13.5,0.6666666666666666,0.2,,,0.0,1.0,0.0,0.0,0.0,,0.0,0.0,0.0,,3.0,8.0
2026,2021039158,2026-07-19,2106284,矢澤 宏太,,12,右,8,1.0,0.0,0.0,0.0,0.0,0.0,0.0,0.0,0.0,0.0,0.0,,0.0,0.0,0.0,0.0,0.0,0.0,,,,,,,,,,,,,,,,,,,,,,
2026,2021039158,2026-07-19,2106890,孫 易磊,Son Osamu Rai,96,,8,,,,,,,,,,,,,,,,,,,2.0,1.0,0.0,1.0,1.0,3.27,1.0,1.0,,,0.0,0.0,0.0,0.0,0.0,,0.0,1.0,0.0,,3.0,8.0
2026,2021039158,2026-07-19,2107900,吉田 賢吾,,60,中左,8,1.0,1.0,4.0,4.0,0.0,1.0,1.0,0.0,0.0,1.0,0.0,,0.0,1.0,0.0,0.0,0.0,0.0,,,,,,,,,,,,,,,,,,,,,,
2026,2021039158,2026-07-19,2108148,ジェリー,Jerry,69,,11,,,,,,,,,,,,,,,,,,,1.0,1.0,,3.0,6.0,2.63,5.0,5.0,,,0.0,7.0,4.0,3.0,0.0,,1.0,4.0,0.0,,23.0,81.0
2026,2021039158,2026-07-19,2108361,宮國 凌空,Kyuukoku Shinoge Sora,65,,11,,,,,,,,,,,,,,,,,,,2.0,1.0,0.0,0.0,1.0,8.25,3.333333333333333,3.1,,,0.0,5.0,3.0,3.0,0.0,,0.0,2.0,0.0,,15.0,46.0
2026,2021039158,2026-07-19,2111822,細野 晴希,Hosono Haru Nozomi,29,,8,,,,,,,,,,,,,,,,,,,1.0,1.0,,3.0,5.0,2.84,7.0,7.0,,,0.0,4.0,0.0,0.0,0.0,,2.0,4.0,0.0,,26.0,98.0
2026,2021039158,2026-07-19,2114529,山縣 秀,,54,三,8,1.0,0.0,0.0,0.0,0.0,0.0,0.0,0.0,0.0,0.0,0.0,,0.0,0.0,0.0,0.0,0.0,0.0,,,,,,,,,,,,,,,,,,,,,,
2026,2021039158,2026-07-19,2117696,柴田 獅子,Shibata Shishi,31,,8,,,,,,,,,,,,,,,,,,,3.0,1.0,0.0,0.0,1.0,2.16,1.0,1.0,,,0.0,1.0,0.0,0.0,0.0,,0.0,1.0,0.0,,4.0,16.0
2026,2021039159,2026-07-04,700003,坂本 勇人,,6,打,1,1.0,0.0,1.0,0.0,0.0,0.0,0.0,0.0,0.0,0.0,0.0,,1.0,0.0,0.0,0.0,0.0,0.0,,,,,,,,,,,,,,,,,,,,,,
2026,2021039159,2026-07-04,800043,丸 佳浩,,8,打,1,1.0,0.0,1.0,1.0,0.0,0.0,0.0,0.0,0.0,0.0,0.0,,0.0,0.0,0.0,0.0,0.0,0.0,,,,,,,,,,,,,,,,,,,,,,
2026,2021039159,2026-07-04,1100069,高橋 周平,,3,打,4,1.0,0.0,1.0,1.0,0.0,0.0,0.0,0.0,0.0,0.0,0.0,,0.0,0.0,0.0,0.0,0.0,0.0,,,,,,,,,,,,,,,,,,,,,,
2026,2021039159,2026-07-04,1100095,松本 剛,,9,左,1,1.0,1.0,4.0,4.0,0.0,0.0,0.0,0.0,0.0,0.0,0.0,,0.0,0.0,0.0,0.0,0.0,0.0,,,,,,,,,,,,,,,,,,,,,,
2026,2021039159,2026-07-04,1450689,船迫 大雅,Fune Sako Taiga,58,投,1,1.0,0.0,0.0,0.0,0.0,0.0,0.0,0.0,0.0,0.0,0.0,,0.0,0.0,0.0,0.0,0.0,0.0,4.0,1.0,0.0,2.0,1.0,2.89,0.0,0.0,,,0.0,0.0,0.0,0.0,0.0,,1.0,0.0,0.0,,1.0,6.0
2026,2021039159,2026-07-04,1500052,中川 皓太,Nakagawa Kouta,41,投,1,1.0,0.0,0.0,0.0,0.0,0.0,0.0,0.0,0.0,0.0,0.0,,0.0,0.0,0.0,0.0,0.0,0.0,5.0,1.0,0.0,2.0,1.0,2.38,0.3333333333333333,0.1,,,0.0,0.0,0.0,0.0,0.0,,0.0,0.0,0.0,,1.0,3.0
2026,2021039159,2026-07-04,1500054,増田 大輝,,0,走中,1,1.0,0.0,0.0,0.0,0.0,0.0,0.0,0.0,0.0,0.0,0.0,,0.0,0.0,0.0,0.0,0.0,0.0,,,,,,,,,,,,,,,,,,,,,,
2026,2021039159,2026-07-04,1500074,小笠原 慎之介,Ogasawara Shinnosuke,98,投,1,1.0,1.0,2.0,2.0,0.0,0.0,0.0,0.0,0.0,0.0,0.0,,0.0,2.0,0.0,0.0,0.0,0.0,1.0,1.0,,1.0,0.0,0.0,6.0,6.0,,,0.0,3.0,0.0,0.0,0.0,,0.0,6.0,1.0,,21.0,87.0
2026,2021039159,2026-07-04,1500076,木下 拓哉,,35,捕,4,1.0,1.0,2.0,2.0,0.0,0.0,0.0,0.0,0.0,0.0,0.0,,0.0,0.0,0.0,0.0,0.0,0.0,,,,,,,,,,,,,,,,,,,,,,
2026,2021039159,2026-07-04,1500078,阿部 寿樹,,48,打,4,1.0,0.0,1.0,1.0,0.0,0.0,0.0,0.0,0.0,0.0,0.0,,0.0,0.0,0.0,0.0,0.0,0.0,,,,,,,,,,,,,,,,,,,,,,
2026,2021039159,2026-07-04,1500091,板山 祐太郎,,63,打二右,4,1.0,0.0,2.0,1.0,0.0,1.0,0.0,0.0,0.0,0.0,0.0,,1.0,0.0,0.0,0.0,0.0,0.0,,,,,,,,,,,,,,,,,,,,,,
2026,2021039159,2026-07-04,1561820,ダルベック,,29,一,1,1.0,1.0,4.0,4.0,1.0,2.0,0.0,0.0,0.0,0.0,0.0,,0.0,1.0,0.0,0.0,0.0,0.0,,,,,,,,,,,,,,,,,,,,,,
2026,2021039159,2026-07-04,1561854,サノー,,23,一,4,1.0,1.0,3.0,3.0,0.0,0.0,0.0,0.0,0.0,0.0,0.0,,0.0,2.0,0.0,0.0,0.0,0.0,,,,,,,,,,,,,,,,,,,,,,
2026,2021039159,2026-07-04,1600059,吉川 尚輝,,2,二,1,1.0,1.0,4.0,4.0,3.0,3.0,1.0,0.0,0.0,1.0,1.0,,0.0,1.0,0.0,0.0,0.0,0.0,,,,,,,,,,,,,,,,,,,,,,
2026,2021039159,2026-07-04,1600085,細川 成也,,55,左,4,1.0,1.0,5.0,5.0,1.0,1.0,0.0,0.0,0.0,0.0,0.0,,0.0,3.0,0.0,0.0,0.0,0.0,,,,,,,,,,,,,,,,,,,,,,
2026,2021039159,2026-07-04,1600110,藤嶋 健人,Fujishima Taketo,54,投,4,1.0,0.0,0.0,0.0,0.0,0.0,0.0,0.0,0.0,0.0,0.0,,0.0,0.0,0.0,0.0,0.0,0.0,3.0,1.0,0.0,2.0,2.0,2.3,0.3333333333333333,0.1,,,0.0,2.0,2.0,2.0,1.0,,0.0,0.0,0.0,,3.0,18.0
2026,2021039159,2026-07-04,1700027,田中 瑛斗,Tanaka Akira To,45,投,1,1.0,0.0,0.0,0.0,0.0,0.0,0.0,0.0,0.0,0.0,0.0,,0.0,0.0,0.0,0.0,0.0,0.0,2.0,1.0,0.0,1.0,2.0,1.69,1.0,1.0,,,1.0,0.0,0.0,0.0,0.0,,1.0,1.0,0.0,,5.0,12.0
2026,2021039159,2026-07-04,1700043,岸田 行倫,,27,捕,1,1.0,1.0,4.0,4.0,1.0,2.0,2.0,0.0,0.0,0.0,0.0,,0.0,0.0,0.0,0.0,0.0,0.0,,,,,,,,,,,,,,,,,,,,,,
2026,2021039159,2026-07-04,1750321,泉口 友汰,,35,遊,1,1.0,1.0,4.0,4.0,1.0,1.0,0.0,0.0,1.0,1.0,0.0,,0.0,0.0,0.0,0.0,0.0,0.0,,,,,,,,,,,,,,,,,,,,,,
2026,2021039159,2026-07-04,1750701,田中 幹也,,2,走遊二,4,1.0,0.0,1.0,0.0,0.0,0.0,0.0,0.0,0.0,0.0,1.0,,1.0,0.0,0.0,0.0,0.0,0.0,,,,,,,,,,,,,,,,,,,,,,
2026,2021039159,2026-07-04,1800062,石橋 康太,,58,打,4,1.0,0.0,1.0,1.0,0.0,0.0,0.0,0.0,0.0,0.0,0.0,,0.0,1.0,0.0,0.0,0.0,0.0,,,,,,,,,,,,,,,,,,,,,,
2026,2021039159,2026-07-04,1800111,泉 圭輔,Izumi Keisuke,63,投,1,1.0,0.0,0.0,0.0,0.0,0.0,0.0,0.0,0.0,0.0,0.0,,0.0,0.0,0.0,0.0,0.0,0.0,6.0,1.0,0.0,0.0,0.0,1.69,1.0,1.0,,,0.0,2.0,0.0,0.0,0.0,,0.0,2.0,0.0,,5.0,17.0
2026,2021039159,2026-07-04,1851138,草加 勝,Souka Kachi,14,投,4,1.0,0.0,0.0,0.0,0.0,0.0,0.0,0.0,0.0,0.0,0.0,,0.0,0.0,0.0,0.0,0.0,0.0,2.0,1.0,0.0,0.0,1.0,0.93,0.6666666666666666,0.2,,,0.0,0.0,0.0,0.0,0.0,,1.0,1.0,0.0,,3.0,13.0
2026,2021039159,2026-07-04,1900037,石川 昂弥,,25,三,4,1.0,1.0,4.0,2.0,0.0,0.0,0.0,0.0,0.0,1.0,0.0,,1.0,1.0,1.0,0.0,0.0,0.0,,,,,,,,,,,,,,,,,,,,,,
2026,2021039159,2026-07-04,1900041,岡林 勇希,,1,中,4,1.0,1.0,5.0,5.0,0.0,1.0,1.0,0.0,0.0,0.0,0.0,,0.0,0.0,0.0,0.0,0.0,0.0,,,,,,,,,,,,,,,,,,,,,,
2026,2021039159,2026-07-04,1951153,浦田 俊輔,,32,三,1,1.0,1.0,4.0,4.0,0.0,0.0,0.0,0.0,0.0,0.0,0.0,,0.0,2.0,0.0,0.0,0.0,1.0,,,,,,,,,,,,,,,,,,,,,,
2026,2021039159,2026-07-04,1961300,ボスラー,,24,右,4,1.0,1.0,3.0,3.0,0.0,1.0,0.0,0.0,0.0,0.0,0.0,,0.0,0.0,0.0,0.0,0.0,0.0,,,,,,,,,,,,,,,,,,,,,,
2026,2021039159,2026-07-04,2000044,土田 龍空,,45,打遊,4,1.0,0.0,2.0,2.0,0.0,1.0,0.0,0.0,0.0,0.0,0.0,,0.0,0.0,0.0,0.0,0.0,0.0,,,,,,,,,,,,,,,,,,,,,,
2026,2021039159,2026-07-04,2100225,笹原 操希,,95,右,1,1.0,1.0,4.0,4.0,0.0,2.0,1.0,0.0,0.0,1.0,0.0,,0.0,2.0,0.0,0.0,0.0,0.0,,,,,,,,,,,,,,,,,,,,,,
2026,2021039159,2026-07-04,2103689,赤星 優志,Akahoshi Yuushi,31,投,1,1.0,0.0,0.0,0.0,0.0,0.0,0.0,0.0,0.0,0.0,0.0,,0.0,0.0,0.0,0.0,0.0,0.0,3.0,1.0,0.0,5.0,2.0,2.75,0.6666666666666666,0.2,,,0.0,2.0,1.0,1.0,0.0,,1.0,0.0,0.0,,5.0,18.0
2026,2021039159,2026-07-04,2103780,福永 裕基,,7,二一,4,1.0,1.0,4.0,4.0,0.0,2.0,0.0,0.0,0.0,0.0,0.0,,0.0,0.0,0.0,0.0,0.0,0.0,,,,,,,,,,,,,,,,,,,,,,
2026,2021039159,2026-07-04,2103888,知念 大成,,94,走,1,1.0,0.0,0.0,0.0,0.0,0.0,0.0,0.0,0.0,0.0,0.0,,0.0,0.0,0.0,0.0,0.0,0.0,,,,,,,,,,,,,,,,,,,,,,
2026,2021039159,2026-07-04,2105102,石伊 雄太,,9,捕,4,1.0,0.0,0.0,0.0,0.0,0.0,0.0,0.0,0.0,0.0,0.0,,0.0,0.0,0.0,0.0,0.0,0.0,,,,,,,,,,,,,,,,,,,,,,
2026,2021039159,2026-07-04,2105174,辻本 倫太郎,,0,遊,4,1.0,1.0,2.0,2.0,0.0,0.0,0.0,0.0,0.0,0.0,0.0,,0.0,0.0,0.0,0.0,0.0,0.0,,,,,,,,,,,,,,,,,,,,,,
2026,2021039159,2026-07-04,2107086,牧野 憲伸,Makino Kenshin,68,投,4,1.0,0.0,0.0,0.0,0.0,0.0,0.0,0.0,0.0,0.0,0.0,,0.0,0.0,0.0,0.0,0.0,0.0,4.0,1.0,0.0,0.0,3.0,4.15,0.6666666666666666,0.2,,,0.0,3.0,1.0,1.0,0.0,,0.0,1.0,0.0,,5.0,22.0
2026,2021039159,2026-07-04,2107874,門脇 誠,,5,三,1,1.0,0.0,1.0,1.0,0.0,1.0,0.0,0.0,0.0,2.0,0.0,,0.0,0.0,0.0,0.0,0.0,0.0,,,,,,,,,,,,,,,,,,,,,,
2026,2021039159,2026-07-04,2108462,金丸 夢斗,Kanemarumu To,21,投,4,1.0,1.0,2.0,2.0,0.0,0.0,0.0,0.0,0.0,0.0,0.0,,0.0,2.0,0.0,0.0,0.0,0.0,1.0,1.0,,5.0,8.0,2.75,6.333333333333333,6.1,,,0.0,8.0,3.0,3.0,0.0,,1.0,7.0,0.0,,26.0,88.0
2026,2021039159,2026-07-04,2118420,キャベッジ,,13,中,1,1.0,1.0,4.0,3.0,0.0,2.0,0.0,0.0,0.0,1.0,0.0,,1.0,1.0,0.0,0.0,0.0,0.0,,,,,,,,,,,,,,,,,,,,,,
2026,2021039160,2026-07-24,1000002,筒香 嘉智,,25,三,3,1.0,1.0,4.0,4.0,0.0,0.0,0.0,0.0,0.0,1.0,0.0,,0.0,2.0,0.0,0.0,0.0,0.0,,,,,,,,,,,,,,,,,,,,,,
2026,2021039160,2026-07-24,1500063,柴田 竜拓,,31,三,3,1.0,0.0,0.0,0.0,0.0,0.0,0.0,0.0,0.0,0.0,0.0,,0.0,0.0,0.0,0.0,0.0,0.0,,,,,,,,,,,,,,,,,,,,,,
2026,2021039160,2026-07-24,1500064,戸柱 恭孝,,10,捕,3,1.0,1.0,4.0,4.0,0.0,0.0,0.0,0.0,0.0,0.0,0.0,,0.0,2.0,0.0,0.0,0.0,0.0,,,,,,,,,,,,,,,,,,,,,,
2026,2021039160,2026-07-24,1600078,古賀 優大,,2,捕,2,1.0,1.0,3.0,3.0,0.0,2.0,0.0,0.0,0.0,0.0,0.0,,0.0,0.0,0.0,0.0,0.0,0.0,,,,,,,,,,,,,,,,,,,,,,
2026,2021039160,2026-07-24,1600089,佐野 恵太,,7,一,3,1.0,1.0,4.0,3.0,1.0,1.0,0.0,0.0,0.0,0.0,0.0,,1.0,0.0,0.0,0.0,0.0,0.0,,,,,,,,,,,,,,,,,,,,,,
2026,2021039160,2026-07-24,1600116,浜地 真澄,Hamachi Masumi,52,投,3,1.0,0.0,0.0,0.0,0.0,0.0,0.0,0.0,0.0,0.0,0.0,,0.0,0.0,0.0,0.0,0.0,0.0,2.0,1.0,0.0,0.0,0.0,0.0,1.0,1.0,,,0.0,2.0,0.0,0.0,0.0,,0.0,1.0,0.0,,4.0,14.0
2026,2021039160,2026-07-24,1600167,三森 大貴,,26,中,3,1.0,0.0,0.0,0.0,0.0,0.0,0.0,0.0,0.0,0.0,0.0,,0.0,0.0,0.0,0.0,0.0,0.0,,,,,,,,,,,,,,,,,,,,,,
2026,2021039160,2026-07-24,1700059,神里 和毅,,8,左,3,1.0,0.0,0.0,0.0,0.0,0.0,0.0,0.0,0.0,0.0,0.0,,0.0,0.0,0.0,0.0,0.0,0.0,,,,,,,,,,,,,,,,,,,,,,
2026,2021039160,2026-07-24,1700087,塩見 泰隆,,9,打,2,1.0,0.0,1.0,1.0,0.0,0.0,0.0,0.0,0.0,0.0,0.0,,0.0,0.0,0.0,0.0,0.0,0.0,,,,,,,,,,,,,,,,,,,,,,
2026,2021039160,2026-07-24,1700131,増田 珠,,63,右一,2,1.0,1.0,4.0,3.0,0.0,1.0,0.0,0.0,0.0,0.0,0.0,,1.0,1.0,0.0,0.0,0.0,1.0,,,,,,,,,,,,,,,,,,,,,,
2026,2021039160,2026-07-24,1800046,勝又 温史,,28,左,3,1.0,1.0,4.0,3.0,0.0,0.0,0.0,0.0,0.0,0.0,0.0,,1.0,1.0,0.0,0.0,0.0,0.0,,,,,,,,,,,,,,,,,,,,,,
2026,2021039160,2026-07-24,1800049,宮城 滝太,Miyagi Taki Futoshi,65,投,3,1.0,0.0,0.0,0.0,0.0,0.0,0.0,0.0,0.0,0.0,0.0,,0.0,0.0,0.0,0.0,0.0,0.0,3.0,1.0,0.0,0.0,1.0,2.13,1.0,1.0,,,0.0,0.0,0.0,0.0,0.0,,1.0,0.0,0.0,,3.0,12.0
2026,2021039160,2026-07-24,1800082,山野辺 翔,,37,一左,2,1.0,1.0,4.0,3.0,0.0,0.0,0.0,0.0,0.0,1.0,0.0,,1.0,1.0,0.0,0.0,0.0,0.0,,,,,,,,,,,,,,,,,,,,,,
2026,2021039160,2026-07-24,1850208,林 琢真,,0,遊,3,1.0,1.0,4.0,4.0,0.0,1.0,0.0,0.0,0.0,0.0,0.0,,0.0,0.0,0.0,0.0,0.0,0.0,,,,,,,,,,,,,,,,,,,,,,
2026,2021039160,2026-07-24,1850873,度会 隆輝,,4,打,3,1.0,0.0,1.0,1.0,0.0,0.0,0.0,0.0,0.0,0.0,0.0,,0.0,1.0,0.0,0.0,0.0,0.0,,,,,,,,,,,,,,,,,,,,,,
2026,2021039160,2026-07-24,1900028,長岡 秀樹,,7,遊,2,1.0,1.0,4.0,2.0,0.0,0.0,0.0,0.0,0.0,0.0,0.0,,2.0,1.0,0.0,0.0,0.0,0.0,,,,,,,,,,,,,,,,,,,,,,
2026,2021039160,2026-07-24,1900029,武岡 龍世,,60,三,2,1.0,0.0,0.0,0.0,0.0,0.0,0.0,0.0,0.0,0.0,0.0,,0.0,0.0,0.0,0.0,0.0,0.0,,,,,,,,,,,,,,,,,,,,,,
2026,2021039160,2026-07-24,1900032,伊勢 大夢,Ise Taimu,13,投,3,1.0,0.0,0.0,0.0,0.0,0.0,0.0,0.0,0.0,0.0,0.0,,0.0,0.0,0.0,0.0,0.0,0.0,5.0,1.0,0.0,2.0,1.0,2.7,1.0,1.0,,,0.0,0.0,0.0,0.0,0.0,,0.0,1.0,0.0,,3.0,16.0
2026,2021039160,2026-07-24,1900035,蝦名 達夫,,61,中右,3,1.0,1.0,4.0,4.0,1.0,3.0,0.0,0.0,1.0,1.0,0.0,,0.0,1.0,0.0,0.0,0.0,0.0,,,,,,,,,,,,,,,,,,,,,,
2026,2021039160,2026-07-24,2000026,内山 壮真,,3,二,2,1.0,1.0,4.0,4.0,0.0,1.0,0.0,0.0,0.0,0.0,0.0,,0.0,1.0,0.0,0.0,0.0,0.0,,,,,,,,,,,,,,,,,,,,,,
2026,2021039160,2026-07-24,2000031,赤羽 由紘,,0,三右,2,1.0,1.0,4.0,4.0,0.0,0.0,0.0,0.0,0.0,0.0,0.0,,0.0,4.0,0.0,0.0,0.0,0.0,,,,,,,,,,,,,,,,,,,,,,
2026,2021039160,2026-07-24,2000035,牧 秀悟,,2,二,3,1.0,1.0,4.0,3.0,2.0,2.0,0.0,0.0,1.0,1.0,0.0,,1.0,1.0,0.0,0.0,0.0,0.0,,,,,,,,,,,,,,,,,,,,,,
2026,2021039160,2026-07-24,2000135,サンタナ,,25,左,2,1.0,1.0,4.0,4.0,1.0,1.0,1.0,0.0,0.0,0.0,0.0,,0.0,1.0,0.0,0.0,0.0,0.0,,,,,,,,,,,,,,,,,,,,,,
2026,2021039160,2026-07-24,2103794,吉村 貢司郎,Yoshimura Kouji Rou,21,投,2,1.0,1.0,2.0,2.0,0.0,0.0,0.0,0.0,0.0,0.0,0.0,,0.0,1.0,0.0,0.0,0.0,0.0,1.0,1.0,,4.0,8.0,4.42,5.0,5.0,,,0.0,6.0,5.0,5.0,3.0,,3.0,7.0,0.0,,24.0,110.0
2026,2021039160,2026-07-24,2103917,岩田 幸宏,,64,打,2,1.0,0.0,1.0,1.0,0.0,0.0,0.0,0.0,0.0,0.0,0.0,,0.0,0.0,0.0,0.0,0.0,0.0,,,,,,,,,,,,,,,,,,,,,,
2026,2021039160,2026-07-24,2105232,片山 皓心,Katayama Akirashin,47,投,3,1.0,1.0,2.0,1.0,0.0,0.0,0.0,0.0,0.0,0.0,0.0,,0.0,1.0,0.0,1.0,0.0,0.0,1.0,1.0,,1.0,1.0,9.39,5.0,5.0,,,0.0,3.0,1.0,1.0,0.0,,3.0,6.0,0.0,,21.0,80.0
2026,2021039160,2026-07-24,2105626,廣澤 優,Hirosawa Yuu,70,投,2,1.0,0.0,0.0,0.0,0.0,0.0,0.0,0.0,0.0,0.0,0.0,,0.0,0.0,0.0,0.0,0.0,0.0,2.0,1.0,0.0,2.0,1.0,2.93,1.0,1.0,,,0.0,0.0,0.0,0.0,0.0,,0.0,1.0,0.0,,3.0,11.0
2026,2021039160,2026-07-24,2107178,モンテル,,90,中,2,1.0,1.0,4.0,4.0,0.0,1.0,0.0,0.0,0.0,0.0,0.0,,0.0,1.0,0.0,0.0,0.0,0.0,,,,,,,,,,,,,,,,,,,,,,
2026,2021039160,2026-07-24,2107908,下川 隼佑,Shimokawa Shun Yuu,69,投,2,1.0,0.0,0.0,0.0,0.0,0.0,0.0,0.0,0.0,0.0,0.0,,0.0,0.0,0.0,0.0,0.0,0.0,3.0,1.0,0.0,0.0,1.0,4.26,2.0,2.0,,,0.0,2.0,0.0,0.0,0.0,,1.0,1.0,0.0,,8.0,24.0
2026,2021039160,2026-07-24,2108195,エンカーナシオン,,69,右,3,1.0,1.0,4.0,3.0,1.0,1.0,0.0,0.0,1.0,2.0,0.0,,1.0,0.0,0.0,0.0,0.0,0.0,,,,,,,,,,,,,,,,,,,,,,
2026,2021039160,2026-07-24,2117433,レイノルズ,Reynolds,62,投,3,1.0,0.0,0.0,0.0,0.0,0.0,0.0,0.0,0.0,0.0,0.0,,0.0,0.0,0.0,0.0,0.0,0.0,4.0,1.0,0.0,2.0,0.0,1.42,1.0,1.0,,,3.0,1.0,0.0,0.0,0.0,,0.0,3.0,0.0,,4.0,20.0
2026,2021039161,2026-07-16,1000150,秋山 翔吾,,9,右,6,1.0,1.0,3.0,3.0,0.0,1.0,0.0,0.0,0.0,0.0,0.0,,0.0,0.0,0.0,0.0,0.0,0.0,,,,,,,,,,,,,,,,,,,,,,
2026,2021039161,2026-07-16,1100082,菊池 涼介,,33,二,6,1.0,1.0,4.0,4.0,0.0,0.0,0.0,0.0,0.0,0.0,0.0,,0.0,1.0,0.0,0.0,0.0,0.0,,,,,,,,,,,,,,,,,,,,,,
2026,2021039161,2026-07-16,1300075,岩崎 優,Iwasaki Yuu,13,投,5,1.0,0.0,0.0,0.0,0.0,0.0,0.0,0.0,0.0,0.0,0.0,,0.0,0.0,0.0,0.0,0.0,0.0,3.0,1.0,0.0,1.0,2.0,2.67,1.0,1.0,,,10.0,0.0,0.0,0.0,0.0,,0.0,1.0,0.0,,3.0,12.0
2026,2021039161,2026-07-16,1500087,坂本 誠志郎,,12,捕,5,1.0,1.0,4.0,4.0,1.0,1.0,0.0,0.0,1.0,1.0,0.0,,0.0,1.0,0.0,0.0,0.0,0.0,,,,,,,,,,,,,,,,,,,,,,
2026,2021039161,2026-07-16,1600033,ドリス,Doris,98,投,5,1.0,0.0,0.0,0.0,0.0,0.0,0.0,0.0,0.0,0.0,0.0,,0.0,0.0,0.0,0.0,0.0,0.0,4.0,1.0,0.0,2.0,2.0,1.39,1.0,1.0,,,16.0,1.0,0.0,0.0,0.0,,1.0,1.0,0.0,,5.0,20.0
2026,2021039161,2026-07-16,1600113,大山 悠輔,,3,一,5,1.0,1.0,4.0,2.0,0.0,0.0,0.0,0.0,0.0,0.0,0.0,,1.0,0.0,1.0,0.0,0.0,0.0,,,,,,,,,,,,,,,,,,,,,,
2026,2021039161,2026-07-16,1600124,坂倉 将吾,,31,三,6,1.0,1.0,4.0,4.0,0.0,0.0,0.0,0.0,0.0,0.0,0.0,,0.0,2.0,0.0,0.0,0.0,0.0,,,,,,,,,,,,,,,,,,,,,,
2026,2021039161,2026-07-16,1700072,遠藤 淳志,Endou Atsushi,66,投,6,1.0,0.0,0.0,0.0,0.0,0.0,0.0,0.0,0.0,0.0,0.0,,0.0,0.0,0.0,0.0,0.0,0.0,2.0,1.0,0.0,1.0,1.0,2.48,1.0,1.0,,,0.0,1.0,1.0,1.0,1.0,,0.0,0.0,0.0,,4.0,13.0
2026,2021039161,2026-07-16,1700079,熊谷 敬宥,,4,遊,5,1.0,1.0,4.0,4.0,0.0,0.0,0.0,0.0,0.0,0.0,0.0,,0.0,1.0,0.0,0.0,0.0,1.0,,,,,,,,,,,,,,,,,,,,,,
2026,2021039161,2026-07-16,1800036,濱田 太貴,,32,打,5,1.0,0.0,1.0,1.0,0.0,0.0,0.0,0.0,0.0,0.0,0.0,,0.0,1.0,0.0,0.0,0.0,0.0,,,,,,,,,,,,,,,,,,,,,,
2026,2021039161,2026-07-16,1800065,近本 光司,,5,中,5,1.0,1.0,4.0,4.0,0.0,0.0,0.0,0.0,0.0,0.0,0.0,,0.0,1.0,0.0,0.0,0.0,0.0,,,,,,,,,,,,,,,,,,,,,,
2026,2021039161,2026-07-16,1800072,小園 海斗,,5,遊,6,1.0,1.0,4.0,4.0,0.0,2.0,0.0,0.0,0.0,0.0,0.0,,0.0,0.0,0.0,0.0,0.0,0.0,,,,,,,,,,,,,,,,,,,,,,
2026,2021039161,2026-07-16,1800079,大盛 穂,,59,走中,6,1.0,0.0,1.0,1.0,0.0,0.0,0.0,0.0,0.0,0.0,0.0,,0.0,0.0,0.0,0.0,0.0,0.0,,,,,,,,,,,,,,,,,,,,,,
2026,2021039161,2026-07-16,1850183,森下 翔太,,1,右,5,1.0,1.0,4.0,3.0,1.0,1.0,0.0,0.0,0.0,0.0,0.0,,1.0,2.0,0.0,0.0,0.0,0.0,,,,,,,,,,,,,,,,,,,,,,
2026,2021039161,2026-07-16,1850405,名原 典彦,,92,中右,6,1.0,1.0,4.0,4.0,0.0,0.0,0.0,0.0,0.0,0.0,0.0,,0.0,2.0,0.0,0.0,0.0,0.0,,,,,,,,,,,,,,,,,,,,,,
2026,2021039161,2026-07-16,1900058,持丸 泰輝,,57,捕,6,1.0,1.0,4.0,3.0,0.0,0.0,0.0,0.0,0.0,0.0,0.0,,1.0,2.0,0.0,0.0,0.0,0.0,,,,,,,,,,,,,,,,,,,,,,
2026,2021039161,2026-07-16,1900073,鈴木 健矢,Suzuki Ken Ya,41,投,6,1.0,0.0,0.0,0.0,0.0,0.0,0.0,0.0,0.0,0.0,0.0,,0.0,0.0,0.0,0.0,0.0,0.0,4.0,1.0,0.0,0.0,1.0,2.7,0.3333333333333333,0.1,,,0.0,0.0,0.0,0.0,0.0,,0.0,1.0,0.0,,1.0,5.0
2026,2021039161,2026-07-16,1960397,ハーン,Haan,68,投,6,1.0,0.0,0.0,0.0,0.0,0.0,0.0,0.0,0.0,0.0,0.0,,0.0,0.0,0.0,0.0,0.0,0.0,3.0,1.0,0.0,2.0,2.0,1.35,0.6666666666666666,0.2,,,1.0,3.0,2.0,2.0,0.0,,0.0,0.0,1.0,,6.0,21.0
2026,2021039161,2026-07-16,1961927,モンテロ,,95,一,6,1.0,1.0,4.0,2.0,1.0,1.0,0.0,0.0,1.0,1.0,0.0,,2.0,1.0,0.0,0.0,0.0,0.0,,,,,,,,,,,,,,,,,,,,,,
2026,2021039161,2026-07-16,2000051,佐藤 輝明,,8,三,5,1.0,1.0,4.0,4.0,1.0,2.0,1.0,0.0,0.0,2.0,0.0,,0.0,1.0,0.0,0.0,0.0,0.0,,,,,,,,,,,,,,,,,,,,,,
2026,2021039161,2026-07-16,2000055,村上 頌樹,Murakami Shouju,41,投,5,1.0,1.0,2.0,2.0,0.0,0.0,0.0,0.0,0.0,0.0,0.0,,0.0,0.0,0.0,0.0,0.0,0.0,1.0,1.0,,7.0,5.0,2.03,6.0,6.0,,,0.0,5.0,2.0,2.0,2.0,,2.0,6.0,0.0,,25.0,121.0
2026,2021039161,2026-07-16,2000056,中野 拓夢,,7,二,5,1.0,1.0,4.0,4.0,1.0,1.0,0.0,0.0,0.0,0.0,0.0,,0.0,0.0,0.0,0.0,0.0,0.0,,,,,,,,,,,,,,,,,,,,,,
2026,2021039161,2026-07-16,2000057,高寺 望夢,,67,左,5,1.0,0.0,0.0,0.0,0.0,0.0,0.0,0.0,0.0,0.0,0.0,,0.0,0.0,0.0,0.0,0.0,0.0,,,,,,,,,,,,,,,,,,,,,,
2026,2021039161,2026-07-16,2050203,佐々木 泰,,10,打,6,1.0,0.0,1.0,1.0,0.0,0.0,0.0,0.0,0.0,0.0,0.0,,0.0,0.0,0.0,0.0,0.0,0.0,,,,,,,,,,,,,,,,,,,,,,
2026,2021039161,2026-07-16,2103242,立石 正広,,9,左,5,1.0,1.0,4.0,4.0,0.0,2.0,0.0,0.0,0.0,1.0,0.0,,0.0,1.0,0.0,0.0,0.0,0.0,,,,,,,,,,,,,,,,,,,,,,
2026,2021039161,2026-07-16,2103788,森 翔平,Mori Shouhei,16,投,6,1.0,1.0,2.0,1.0,0.0,0.0,0.0,0.0,0.0,0.0,0.0,,0.0,0.0,0.0,1.0,0.0,0.0,1.0,1.0,,1.0,1.0,2.64,6.0,6.0,,,0.0,3.0,1.0,1.0,0.0,,2.0,6.0,0.0,,22.0,90.0
2026,2021039161,2026-07-16,2106037,辻 大雅,Tsuji Taiga,98,投,6,1.0,0.0,0.0,0.0,0.0,0.0,0.0,0.0,0.0,0.0,0.0,,0.0,0.0,0.0,0.0,0.0,0.0,5.0,1.0,0.0,2.0,1.0,4.09,1.0,1.0,,,0.0,0.0,0.0,0.0,0.0,,0.0,1.0,0.0,,3.0,13.0
2026,2021039161,2026-07-16,2107887,辰見 鴻之介,,69,走,6,1.0,0.0,0.0,0.0,0.0,0.0,0.0,0.0,0.0,0.0,0.0,,0.0,0.0,0.0,0.0,0.0,0.0,,,,,,,,,,,,,,,,,,,,,,
2026,2021039161,2026-07-16,2110225,福島 圭音,,92,打左,5,1.0,0.0,1.0,1.0,0.0,0.0,0.0,0.0,0.0,0.0,0.0,,0.0,0.0,0.0,0.0,0.0,0.0,,,,,,,,,,,,,,,,,,,,,,
2026,2021039161,2026-07-16,2112143,佐藤 啓介,,94,打,6,1.0,0.0,1.0,1.0,0.0,0.0,0.0,0.0,0.0,0.0,0.0,,0.0,0.0,0.0,0.0,0.0,0.0,,,,,,,,,,,,,,,,,,,,,,
2026,2021039161,2026-07-16,2112146,工藤 泰成,Kudou Yasunari,49,投,5,1.0,0.0,0.0,0.0,0.0,0.0,0.0,0.0,0.0,0.0,0.0,,0.0,0.0,0.0,0.0,0.0,0.0,2.0,1.0,0.0,2.0,0.0,1.52,1.0,1.0,,,0.0,0.0,0.0,0.0,0.0,,0.0,2.0,0.0,,3.0,14.0
2026,2021039161,2026-07-16,2114882,ファビアン,,61,左,6,1.0,1.0,4.0,4.0,1.0,2.0,0.0,0.0,1.0,1.0,0.0,,0.0,2.0,0.0,0.0,0.0,0.0,,,,,,,,,,,,,,,,,,,,,,
2026,2021039162,2026-07-18,900056,浅村 栄斗,,3,一,376,1.0,1.0,4.0,3.0,0.0,0.0,0.0,0.0,0.0,0.0,0.0,,1.0,2.0,0.0,0.0,0.0,0.0,,,,,,,,,,,,,,,,,,,,,,
2026,2021039162,2026-07-18,1400182,高橋 光成,Takahashi Mitsunari,13,,7,,,,,,,,,,,,,,,,,,,1.0,1.0,,8.0,4.0,2.44,6.0,6.0,,,0.0,6.0,3.0,3.0,1.0,,2.0,5.0,0.0,,26.0,100.0
2026,2021039162,2026-07-18,1560256,ウレーニャ,U Ree Nya,22,,376,,,,,,,,,,,,,,,,,,,1.0,1.0,,2.0,4.0,4.81,6.0,6.0,,,0.0,7.0,4.0,4.0,1.0,,0.0,1.0,2.0,,26.0,83.0
2026,2021039162,2026-07-18,1600007,村林 一輝,,6,二,376,1.0,1.0,4.0,3.0,0.0,0.0,0.0,0.0,0.0,0.0,1.0,,1.0,0.0,0.0,0.0,0.0,0.0,,,,,,,,,,,,,,,,,,,,,,
2026,2021039162,2026-07-18,1600129,源田 壮亮,,6,遊,7,1.0,0.0,0.0,0.0,0.0,0.0,0.0,0.0,0.0,0.0,0.0,,0.0,0.0,0.0,0.0,0.0,0.0,,,,,,,,,,,,,,,,,,,,,,
2026,2021039162,2026-07-18,1600134,石井 一成,,4,二,7,1.0,1.0,4.0,4.0,0.0,0.0,0.0,0.0,0.0,0.0,0.0,,0.0,1.0,0.0,0.0,0.0,0.0,,,,,,,,,,,,,,,,,,,,,,
2026,2021039162,2026-07-18,1660299,林 安可,,73,指,7,1.0,1.0,4.0,3.0,0.0,2.0,0.0,0.0,0.0,0.0,0.0,,0.0,0.0,1.0,0.0,0.0,0.0,,,,,,,,,,,,,,,,,,,,,,
2026,2021039162,2026-07-18,1700122,西川 愛也,,51,中,7,1.0,1.0,5.0,5.0,2.0,2.0,0.0,1.0,0.0,2.0,0.0,,0.0,0.0,0.0,0.0,0.0,0.0,,,,,,,,,,,,,,,,,,,,,,
2026,2021039162,2026-07-18,1750472,古賀 悠斗,,22,捕,7,1.0,0.0,1.0,1.0,0.0,0.0,0.0,0.0,0.0,0.0,0.0,,0.0,1.0,0.0,0.0,0.0,0.0,,,,,,,,,,,,,,,,,,,,,,
2026,2021039162,2026-07-18,1800106,甲斐野 央,Kainoya Ou,34,,7,,,,,,,,,,,,,,,,,,,4.0,1.0,0.0,2.0,2.0,2.14,1.0,1.0,,,9.0,0.0,0.0,0.0,0.0,,1.0,1.0,0.0,,3.0,14.0
2026,2021039162,2026-07-18,1800117,辰己 涼介,,8,中,376,1.0,1.0,4.0,4.0,0.0,1.0,0.0,0.0,0.0,0.0,0.0,,0.0,1.0,0.0,0.0,0.0,0.0,,,,,,,,,,,,,,,,,,,,,,
2026,2021039162,2026-07-18,1800118,太田 光,,2,捕,376,1.0,1.0,3.0,3.0,0.0,0.0,0.0,0.0,0.0,0.0,0.0,,0.0,1.0,0.0,0.0,0.0,0.0,,,,,,,,,,,,,,,,,,,,,,
2026,2021039162,2026-07-18,1800122,渡邊 佳明,,35,打,376,1.0,0.0,1.0,1.0,0.0,0.0,0.0,0.0,0.0,0.0,0.0,,0.0,0.0,0.0,0.0,0.0,0.0,,,,,,,,,,,,,,,,,,,,,,
2026,2021039162,2026-07-18,1850820,蛭間 拓哉,,9,左,7,1.0,1.0,3.0,2.0,0.0,1.0,1.0,0.0,0.0,0.0,0.0,,0.0,0.0,0.0,1.0,0.0,0.0,,,,,,,,,,,,,,,,,,,,,,
2026,2021039162,2026-07-18,1851157,宗山 塁,,1,遊,376,1.0,1.0,4.0,3.0,0.0,0.0,0.0,0.0,0.0,0.0,0.0,,1.0,0.0,0.0,0.0,0.0,0.0,,,,,,,,,,,,,,,,,,,,,,
2026,2021039162,2026-07-18,1860167,ウィンゲンター,Ingentaa,45,,7,,,,,,,,,,,,,,,,,,,3.0,1.0,0.0,0.0,0.0,0.0,1.0,1.0,,,0.0,0.0,0.0,0.0,0.0,,0.0,1.0,0.0,,3.0,7.0
2026,2021039162,2026-07-18,1900068,岸 潤一郎,,68,走左,7,1.0,0.0,1.0,1.0,1.0,0.0,0.0,0.0,0.0,0.0,0.0,,0.0,1.0,0.0,0.0,0.0,0.0,,,,,,,,,,,,,,,,,,,,,,
2026,2021039162,2026-07-18,1900114,津留崎 大成,Tsurusaki Taisei,52,,376,,,,,,,,,,,,,,,,,,,3.0,1.0,0.0,0.0,0.0,2.75,2.0,2.0,,,0.0,2.0,0.0,0.0,0.0,,0.0,3.0,0.0,,8.0,35.0
2026,2021039162,2026-07-18,1900115,武藤 敦貴,,50,右,376,1.0,1.0,3.0,3.0,1.0,1.0,0.0,0.0,0.0,0.0,1.0,,0.0,1.0,0.0,0.0,0.0,0.0,,,,,,,,,,,,,,,,,,,,,,
2026,2021039162,2026-07-18,1950417,渡部 聖弥,,8,三,7,1.0,1.0,4.0,3.0,0.0,1.0,0.0,0.0,0.0,0.0,0.0,,0.0,0.0,1.0,0.0,0.0,0.0,,,,,,,,,,,,,,,,,,,,,,
2026,2021039162,2026-07-18,2050145,小島 大河,,10,捕,7,1.0,1.0,4.0,3.0,1.0,1.0,0.0,0.0,1.0,4.0,0.0,,0.0,0.0,0.0,0.0,1.0,0.0,,,,,,,,,,,,,,,,,,,,,,
2026,2021039162,2026-07-18,2100271,繁永 晟,,30,三,376,1.0,1.0,4.0,4.0,1.0,2.0,0.0,0.0,0.0,0.0,0.0,,0.0,0.0,0.0,0.0,0.0,0.0,,,,,,,,,,,,,,,,,,,,,,
2026,2021039162,2026-07-18,2101047,ネビン,,26,一,7,1.0,1.0,4.0,4.0,0.0,1.0,0.0,0.0,0.0,0.0,0.0,,0.0,0.0,0.0,0.0,0.0,0.0,,,,,,,,,,,,,,,,,,,,,,
2026,2021039162,2026-07-18,2103618,滝澤 夏央,,62,遊二,7,1.0,1.0,5.0,5.0,1.0,1.0,0.0,0.0,0.0,0.0,0.0,,0.0,0.0,0.0,0.0,0.0,0.0,,,,,,,,,,,,,,,,,,,,,,
2026,2021039162,2026-07-18,2103740,YG安田,,55,指,376,1.0,1.0,4.0,4.0,1.0,2.0,0.0,0.0,1.0,3.0,0.0,,0.0,0.0,0.0,0.0,0.0,0.0,,,,,,,,,,,,,,,,,,,,,,
2026,2021039162,2026-07-18,2110493,藤原 聡大,Fujiwara Satoshidai,13,,376,,,,,,,,,,,,,,,,,,,2.0,1.0,0.0,0.0,2.0,5.4,1.0,1.0,,,0.0,2.0,2.0,2.0,0.0,,0.0,0.0,0.0,,5.0,9.0
2026,2021039162,2026-07-18,2117028,カナリオ,,25,右,7,1.0,1.0,4.0,4.0,1.0,2.0,0.0,0.0,0.0,0.0,0.0,,0.0,1.0,0.0,0.0,0.0,0.0,,,,,,,,,,,,,,,,,,,,,,
2026,2021039162,2026-07-18,2117734,篠原 響,Shinoharakyou,52,,7,,,,,,,,,,,,,,,,,,,2.0,1.0,0.0,1.0,2.0,1.86,1.0,1.0,,,1.0,0.0,0.0,0.0,0.0,,0.0,0.0,0.0,,3.0,12.0
2026,2021039162,2026-07-18,2122300,マッカスカー,,34,左,376,1.0,1.0,4.0,4.0,0.0,0.0,0.0,0.0,0.0,0.0,0.0,,0.0,2.0,0.0,0.0,0.0,0.0,,,,,,,,,,,,,,,,,,,,,,
2026,2021039163,2026-07-19,1000128,柳田 悠岐,,9,左,12,1.0,1.0,4.0,4.0,0.0,2.0,0.0,0.0,0.0,2.0,0.0,,0.0,1.0,0.0,0.0,0.0,0.0,,,,,,,,,,,,,,,,,,,,,,
2026,2021039163,2026-07-19,1000175,牧原 大成,,8,右,12,1.0,1.0,4.0,2.0,1.0,1.0,1.0,0.0,0.0,1.0,0.0,,1.0,0.0,1.0,0.0,0.0,0.0,,,,,,,,,,,,,,,,,,,,,,
2026,2021039163,2026-07-19,1100097,近藤 健介,,3,指,12,1.0,1.0,4.0,3.0,1.0,1.0,0.0,0.0,0.0,0.0,0.0,,1.0,0.0,0.0,0.0,0.0,0.0,,,,,,,,,,,,,,,,,,,,,,
2026,2021039163,2026-07-19,1300080,石川 柊太,Ishikawa Hiiragi Futoshi,21,,9,,,,,,,,,,,,,,,,,,,3.0,1.0,0.0,0.0,0.0,0.0,2.0,2.0,,,0.0,0.0,0.0,0.0,0.0,,2.0,1.0,0.0,,8.0,36.0
2026,2021039163,2026-07-19,1400126,松本 裕樹,Matsumoto Yuuki,66,,12,,,,,,,,,,,,,,,,,,,2.0,1.0,0.0,3.0,3.0,2.34,1.0,1.0,,,4.0,1.0,0.0,0.0,0.0,,0.0,2.0,0.0,,4.0,16.0
2026,2021039163,2026-07-19,1400127,栗原 陵矢,,24,三,12,1.0,1.0,4.0,3.0,0.0,0.0,0.0,0.0,0.0,0.0,0.0,,1.0,0.0,0.0,0.0,0.0,0.0,,,,,,,,,,,,,,,,,,,,,,
2026,2021039163,2026-07-19,1500143,川瀬 晃,,0,遊,12,1.0,0.0,0.0,0.0,0.0,0.0,0.0,0.0,0.0,0.0,0.0,,0.0,0.0,0.0,0.0,0.0,0.0,,,,,,,,,,,,,,,,,,,,,,
2026,2021039163,2026-07-19,1600157,澤田 圭佑,Sawada Keisuke,54,,9,,,,,,,,,,,,,,,,,,,2.0,1.0,0.0,2.0,1.0,3.68,1.0,1.0,,,0.0,0.0,0.0,0.0,0.0,,1.0,1.0,0.0,,4.0,19.0
2026,2021039163,2026-07-19,1650813,川村 友斗,,61,左,12,1.0,0.0,0.0,0.0,0.0,0.0,0.0,0.0,0.0,0.0,0.0,,0.0,0.0,0.0,0.0,0.0,0.0,,,,,,,,,,,,,,,,,,,,,,
2026,2021039163,2026-07-19,1700020,ソト,,99,一,9,1.0,1.0,4.0,4.0,0.0,2.0,0.0,0.0,0.0,0.0,0.0,,0.0,1.0,0.0,0.0,0.0,0.0,,,,,,,,,,,,,,,,,,,,,,
2026,2021039163,2026-07-19,1700034,山崎 剛,,38,遊,9,1.0,0.0,1.0,1.0,0.0,0.0,0.0,0.0,0.0,0.0,0.0,,0.0,1.0,0.0,0.0,0.0,0.0,,,,,,,,,,,,,,,,,,,,,,
2026,2021039163,2026-07-19,1700092,安田 尚憲,,5,三,9,1.0,1.0,4.0,4.0,0.0,1.0,0.0,0.0,0.0,0.0,0.0,,0.0,2.0,0.0,0.0,0.0,0.0,,,,,,,,,,,,,,,,,,,,,,
2026,2021039163,2026-07-19,1700135,周東 佑京,,23,中,12,1.0,1.0,4.0,4.0,1.0,1.0,0.0,0.0,0.0,0.0,0.0,,0.0,1.0,0.0,0.0,0.0,0.0,,,,,,,,,,,,,,,,,,,,,,
2026,2021039163,2026-07-19,1800050,藤原 恭大,,1,中,9,1.0,1.0,4.0,4.0,0.0,2.0,0.0,0.0,0.0,0.0,0.0,,0.0,1.0,0.0,0.0,0.0,0.0,,,,,,,,,,,,,,,,,,,,,,
2026,2021039163,2026-07-19,1800053,山口 航輝,,51,指,9,1.0,1.0,4.0,4.0,0.0,1.0,0.0,0.0,0.0,0.0,0.0,,0.0,0.0,0.0,0.0,0.0,0.0,,,,,,,,,,,,,,,,,,,,,,
2026,2021039163,2026-07-19,1800107,杉山 一樹,Sugiyama Kazuki,40,,12,,,,,,,,,,,,,,,,,,,3.0,1.0,0.0,0.0,2.0,2.9,1.0,1.0,,,20.0,1.0,0.0,0.0,0.0,,0.0,1.0,0.0,,3.0,13.0
2026,2021039163,2026-07-19,1900045,井上 広大,,39,左,9,1.0,1.0,3.0,3.0,0.0,0.0,0.0,0.0,0.0,0.0,0.0,,0.0,2.0,0.0,0.0,0.0,0.0,,,,,,,,,,,,,,,,,,,,,,
2026,2021039163,2026-07-19,1900081,佐藤 都志也,,32,打捕,9,1.0,0.0,1.0,1.0,0.0,0.0,0.0,0.0,0.0,0.0,0.0,,0.0,1.0,0.0,0.0,0.0,0.0,,,,,,,,,,,,,,,,,,,,,,
2026,2021039163,2026-07-19,1900101,海野 隆司,,62,捕,12,1.0,1.0,4.0,4.0,0.0,1.0,0.0,0.0,0.0,0.0,0.0,,0.0,2.0,0.0,0.0,0.0,0.0,,,,,,,,,,,,,,,,,,,,,,
2026,2021039163,2026-07-19,1950149,庄子 雄大,,25,二,12,1.0,1.0,4.0,3.0,0.0,0.0,0.0,0.0,0.0,0.0,0.0,,1.0,0.0,0.0,0.0,0.0,0.0,,,,,,,,,,,,,,,,,,,,,,
2026,2021039163,2026-07-19,1950286,西川 史礁,,6,右,9,1.0,1.0,4.0,4.0,0.0,0.0,0.0,0.0,0.0,0.0,0.0,,0.0,2.0,0.0,0.0,0.0,0.0,,,,,,,,,,,,,,,,,,,,,,
2026,2021039163,2026-07-19,2000089,小川 龍成,,57,二,9,1.0,1.0,3.0,3.0,0.0,0.0,0.0,0.0,0.0,0.0,0.0,,0.0,0.0,0.0,0.0,0.0,0.0,,,,,,,,,,,,,,,,,,,,,,
2026,2021039163,2026-07-19,2100346,松川 虎生,,2,捕,9,1.0,1.0,2.0,2.0,0.0,0.0,0.0,0.0,0.0,0.0,0.0,,0.0,0.0,0.0,0.0,0.0,0.0,,,,,,,,,,,,,,,,,,,,,,
2026,2021039163,2026-07-19,2101204,ロング,Long,73,,9,,,,,,,,,,,,,,,,,,,1.0,1.0,,1.0,4.0,4.17,6.0,6.0,,,0.0,6.0,3.0,3.0,0.0,,2.0,2.0,1.0,,25.0,95.0
2026,2021039163,2026-07-19,2101257,ダウンズ,,4,走指,12,1.0,0.0,0.0,0.0,0.0,0.0,0.0,0.0,0.0,0.0,0.0,,0.0,0.0,0.0,0.0,0.0,0.0,,,,,,,,,,,,,,,,,,,,,,
2026,2021039163,2026-07-19,2103735,正木 智也,,31,一,12,1.0,1.0,5.0,4.0,0.0,0.0,0.0,0.0,0.0,0.0,0.0,,1.0,0.0,0.0,0.0,0.0,0.0,,,,,,,,,,,,,,,,,,,,,,
2026,2021039163,2026-07-19,2104035,野村 勇,,99,遊,12,1.0,1.0,4.0,4.0,0.0,0.0,0.0,0.0,0.0,0.0,0.0,,0.0,0.0,0.0,0.0,0.0,0.0,,,,,,,,,,,,,,,,,,,,,,
2026,2021039163,2026-07-19,2104078,前田 悠伍,Maeda Yuu Go,41,,12,,,,,,,,,,,,,,,,,,,1.0,1.0,,7.0,0.0,1.55,7.0,7.0,,,0.0,4.0,0.0,0.0,0.0,,0.0,8.0,0.0,,25.0,98.0
2026,2021039163,2026-07-19,2106798,友杉 篤輝,,4,遊,9,1.0,1.0,2.0,2.0,0.0,0.0,0.0,0.0,0.0,0.0,0.0,,0.0,1.0,0.0,0.0,0.0,0.0,,,,,,,,,,,,,,,,,,,,,,
2026,2021039164,2026-07-07,1251037,上川畑 大悟,,4,二,8,1.0,1.0,4.0,4.0,0.0,0.0,0.0,0.0,0.0,0.0,0.0,,0.0,1.0,0.0,0.0,0.0,0.0,,,,,,,,,,,,,,,,,,,,,,
2026,2021039164,2026-07-07,1300100,森 友哉,,4,指,11,1.0,1.0,4.0,3.0,0.0,0.0,0.0,0.0,0.0,0.0,0.0,,1.0,1.0,0.0,0.0,0.0,0.0,,,,,,,,,,,,,,,,,,,,,,
2026,2021039164,2026-07-07,1400118,清水 優心,,10,捕,8,1.0,1.0,4.0,4.0,0.0,1.0,0.0,0.0,0.0,0.0,0.0,,0.0,0.0,0.0,0.0,0.0,0.0,,,,,,,,,,,,,,,,,,,,,,
2026,2021039164,2026-07-07,1400195,山崎 福也,Yamazaki Fuku na,18,,8,,,,,,,,,,,,,,,,,,,1.0,1.0,,3.0,0.0,2.57,5.0,5.0,,,0.0,3.0,1.0,1.0,1.0,,1.0,0.0,0.0,,17.0,67.0
2026,2021039164,2026-07-07,1400196,宗 佑磨,,6,三,11,1.0,1.0,4.0,4.0,0.0,0.0,0.0,0.0,0.0,0.0,0.0,,0.0,0.0,0.0,0.0,0.0,1.0,,,,,,,,,,,,,,,,,,,,,,
2026,2021039164,2026-07-07,1500096,西川 龍馬,,7,左,11,1.0,1.0,4.0,4.0,0.0,1.0,0.0,0.0,0.0,0.0,0.0,,0.0,0.0,0.0,0.0,0.0,0.0,,,,,,,,,,,,,,,,,,,,,,
2026,2021039164,2026-07-07,1500109,上原 健太,Uehara Kenta,20,,8,,,,,,,,,,,,,,,,,,,2.0,1.0,0.0,2.0,3.0,3.55,1.0,1.0,,,0.0,0.0,0.0,0.0,0.0,,1.0,0.0,0.0,,4.0,18.0
2026,2021039164,2026-07-07,1500112,平沼 翔太,,61,二,11,1.0,1.0,3.0,2.0,0.0,0.0,0.0,0.0,0.0,0.0,0.0,,1.0,0.0,0.0,0.0,0.0,1.0,,,,,,,,,,,,,,,,,,,,,,
2026,2021039164,2026-07-07,1600133,堀 瑞輝,Hori Mizu Akira,34,,8,,,,,,,,,,,,,,,,,,,4.0,1.0,0.0,2.0,0.0,1.84,1.0,1.0,,,1.0,1.0,0.0,0.0,0.0,,1.0,1.0,0.0,,5.0,32.0
2026,2021039164,2026-07-07,1600150,山岡 泰輔,Yamaoka Yasusuke,19,,11,,,,,,,,,,,,,,,,,,,4.0,1.0,0.0,0.0,0.0,6.75,2.0,2.0,,,0.0,0.0,0.0,0.0,0.0,,1.0,0.0,0.0,,6.0,20.0
2026,2021039164,2026-07-07,1600164,田中 正義,Tanaka Masayoshi,26,,8,,,,,,,,,,,,,,,,,,,3.0,1.0,0.0,1.0,2.0,2.97,1.0,1.0,,,1.0,0.0,0.0,0.0,0.0,,0.0,1.0,0.0,,3.0,12.0
2026,2021039164,2026-07-07,1650056,福永 奨,,32,捕,11,1.0,1.0,3.0,3.0,0.0,1.0,0.0,0.0,0.0,0.0,0.0,,0.0,1.0,0.0,0.0,0.0,0.0,,,,,,,,,,,,,,,,,,,,,,
2026,2021039164,2026-07-07,1700025,清宮 幸太郎,,21,一,8,1.0,1.0,5.0,5.0,1.0,1.0,0.0,0.0,1.0,2.0,0.0,,0.0,1.0,0.0,0.0,0.0,0.0,,,,,,,,,,,,,,,,,,,,,,
2026,2021039164,2026-07-07,1750543,高島 泰都,Takashima Yasushi To,96,,11,,,,,,,,,,,,,,,,,,,1.0,1.0,,4.0,2.0,3.97,3.333333333333333,3.1,,,0.0,10.0,5.0,3.0,1.0,,1.0,5.0,0.0,,23.0,84.0
2026,2021039164,2026-07-07,1750667,山中 稜真,,50,一,11,1.0,1.0,4.0,3.0,1.0,1.0,0.0,0.0,1.0,1.0,0.0,,1.0,0.0,0.0,0.0,0.0,0.0,,,,,,,,,,,,,,,,,,,,,,
2026,2021039164,2026-07-07,1800090,吉田 輝星,Yoshida Akirasei,23,,11,,,,,,,,,,,,,,,,,,,3.0,1.0,0.0,1.0,2.0,3.86,1.0,1.0,,,0.0,0.0,0.0,0.0,0.0,,0.0,1.0,0.0,,3.0,10.0
2026,2021039164,2026-07-07,1800091,野村 佑希,,5,三,8,1.0,1.0,4.0,4.0,1.0,2.0,0.0,0.0,0.0,1.0,0.0,,0.0,0.0,0.0,0.0,0.0,0.0,,,,,,,,,,,,,,,,,,,,,,
2026,2021039164,2026-07-07,1800093,万波 中正,,66,右,8,1.0,1.0,5.0,4.0,1.0,2.0,2.0,0.0,0.0,0.0,0.0,,1.0,1.0,0.0,0.0,0.0,0.0,,,,,,,,,,,,,,,,,,,,,,
2026,2021039164,2026-07-07,1800104,中川 圭太,,67,右,11,1.0,1.0,4.0,4.0,0.0,0.0,0.0,0.0,0.0,0.0,0.0,,0.0,0.0,0.0,0.0,0.0,0.0,,,,,,,,,,,,,,,,,,,,,,
2026,2021039164,2026-07-07,1850932,奈良間 大己,,58,三,8,1.0,0.0,0.0,0.0,0.0,0.0,0.0,0.0,0.0,0.0,0.0,,0.0,0.0,0.0,0.0,0.0,0.0,,,,,,,,,,,,,,,,,,,,,,
2026,2021039164,2026-07-07,1851204,水野 達稀,,43,遊,8,1.0,1.0,5.0,5.0,1.0,2.0,1.0,0.0,0.0,2.0,0.0,,0.0,1.0,0.0,0.0,0.0,0.0,,,,,,,,,,,,,,,,,,,,,,
2026,2021039164,2026-07-07,1860140,レイエス,,99,指,8,1.0,1.0,5.0,5.0,0.0,1.0,0.0,0.0,0.0,0.0,0.0,,0.0,1.0,0.0,0.0,0.0,0.0,,,,,,,,,,,,,,,,,,,,,,
2026,2021039164,2026-07-07,1900040,郡司 裕也,,3,左,8,1.0,1.0,5.0,2.0,0.0,1.0,1.0,0.0,0.0,0.0,0.0,,2.0,1.0,0.0,1.0,0.0,0.0,,,,,,,,,,,,,,,,,,,,,,
2026,2021039164,2026-07-07,1900088,紅林 弘太郎,,24,遊,11,1.0,1.0,4.0,3.0,0.0,0.0,0.0,0.0,0.0,0.0,0.0,,1.0,1.0,0.0,0.0,0.0,0.0,,,,,,,,,,,,,,,,,,,,,,
2026,2021039164,2026-07-07,2000080,五十幡 亮汰,,50,中,8,1.0,0.0,0.0,0.0,0.0,0.0,0.0,0.0,0.0,0.0,0.0,,0.0,0.0,0.0,0.0,0.0,0.0,,,,,,,,,,,,,,,,,,,,,,
2026,2021039164,2026-07-07,2000082,細川 凌平,,56,左,8,1.0,0.0,0.0,0.0,0.0,0.0,0.0,0.0,0.0,0.0,0.0,,0.0,0.0,0.0,0.0,0.0,0.0,,,,,,,,,,,,,,,,,,,,,,
2026,2021039164,2026-07-07,2000101,阿部 翔太,Abe Shouta,20,,11,,,,,,,,,,,,,,,,,,,5.0,1.0,0.0,0.0,0.0,10.38,1.0,1.0,,,0.0,1.0,0.0,0.0,0.0,,1.0,1.0,0.0,,4.0,18.0
2026,2021039164,2026-07-07,2103635,柳川 大晟,Yanagawadai Akira,47,,8,,,,,,,,,,,,,,,,,,,5.0,1.0,0.0,2.0,0.0,2.25,1.0,1.0,,,19.0,0.0,0.0,0.0,0.0,,1.0,1.0,0.0,,4.0,16.0
2026,2021039164,2026-07-07,2103747,渡部 遼人,,0,中,11,1.0,1.0,3.0,3.0,0.0,1.0,0.0,0.0,0.0,0.0,0.0,,0.0,0.0,0.0,0.0,0.0,0.0,,,,,,,,,,,,,,,,,,,,,,
2026,2021039164,2026-07-07,2106284,矢澤 宏太,,12,走指,8,1.0,0.0,0.0,0.0,0.0,0.0,0.0,0.0,0.0,0.0,0.0,,0.0,0.0,0.0,0.0,0.0,0.0,,,,,,,,,,,,,,,,,,,,,,
2026,2021039164,2026-07-07,2107693,入山 海斗,Iriyama Kaito,68,,11,,,,,,,,,,,,,,,,,,,2.0,1.0,0.0,1.0,0.0,3.16,1.6666666666666663,1.2,,,0.0,0.0,0.0,0.0,0.0,,0.0,0.0,0.0,,5.0,14.0
2026,2021039164,2026-07-07,2107900,吉田 賢吾,,60,中,8,1.0,1.0,4.0,4.0,1.0,1.0,0.0,0.0,0.0,0.0,0.0,,0.0,1.0,0.0,0.0,0.0,0.0,,,,,,,,,,,,,,,,,,,,,,
2026,2021039165,2026-07-05,700003,坂本 勇人,,6,三,1,1.0,1.0,4.0,3.0,1.0,0.0,0.0,0.0,0.0,0.0,0.0,,1.0,2.0,0.0,0.0,0.0,0.0,,,,,,,,,,,,,,,,,,,,,,
2026,2021039165,2026-07-05,800043,丸 佳浩,,8,打,1,1.0,0.0,1.0,1.0,0.0,0.0,0.0,0.0,0.0,0.0,0.0,,0.0,1.0,0.0,0.0,0.0,0.0,,,,,,,,,,,,,,,,,,,,,,
2026,2021039165,2026-07-05,1000150,秋山 翔吾,,9,打,6,1.0,0.0,1.0,1.0,0.0,0.0,0.0,0.0,0.0,0.0,0.0,,0.0,0.0,0.0,0.0,0.0,0.0,,,,,,,,,,,,,,,,,,,,,,
2026,2021039165,2026-07-05,1100082,菊池 涼介,,33,二,6,1.0,1.0,4.0,4.0,0.0,0.0,0.0,0.0,0.0,0.0,0.0,,0.0,2.0,0.0,0.0,0.0,0.0,,,,,,,,,,,,,,,,,,,,,,
2026,2021039165,2026-07-05,1450689,船迫 大雅,Fune Sako Taiga,58,投,1,1.0,0.0,0.0,0.0,0.0,0.0,0.0,0.0,0.0,0.0,0.0,,0.0,0.0,0.0,0.0,0.0,0.0,2.0,1.0,0.0,2.0,1.0,2.84,0.3333333333333333,0.1,,,0.0,1.0,0.0,0.0,0.0,,0.0,0.0,0.0,,2.0,8.0
2026,2021039165,2026-07-05,1450977,森田 駿哉,Morita Shun kana,47,投,1,1.0,0.0,0.0,0.0,0.0,0.0,0.0,0.0,0.0,0.0,0.0,,0.0,0.0,0.0,0.0,0.0,0.0,3.0,1.0,0.0,0.0,0.0,5.74,0.6666666666666666,0.2,,,0.0,0.0,0.0,0.0,0.0,,0.0,0.0,0.0,,2.0,6.0
2026,2021039165,2026-07-05,1500054,増田 大輝,,0,中,1,1.0,0.0,0.0,0.0,0.0,0.0,0.0,0.0,0.0,0.0,0.0,,0.0,0.0,0.0,0.0,0.0,0.0,,,,,,,,,,,,,,,,,,,,,,
2026,2021039165,2026-07-05,1561820,ダルベック,,29,一,1,1.0,1.0,4.0,3.0,0.0,0.0,0.0,0.0,0.0,0.0,0.0,,1.0,1.0,0.0,0.0,0.0,0.0,,,,,,,,,,,,,,,,,,,,,,
2026,2021039165,2026-07-05,1600059,吉川 尚輝,,2,二,1,1.0,1.0,4.0,4.0,0.0,1.0,1.0,0.0,0.0,0.0,0.0,,0.0,0.0,0.0,0.0,0.0,0.0,,,,,,,,,,,,,,,,,,,,,,
2026,2021039165,2026-07-05,1600123,床田 寛樹,Tokoda Hiroki,19,投,6,1.0,1.0,2.0,2.0,0.0,0.0,0.0,0.0,0.0,0.0,0.0,,0.0,1.0,0.0,0.0,0.0,0.0,1.0,1.0,,4.0,4.0,2.66,6.0,6.0,,,0.0,8.0,3.0,3.0,0.0,,2.0,4.0,0.0,,28.0,93.0
2026,2021039165,2026-07-05,1600124,坂倉 将吾,,31,三,6,1.0,1.0,4.0,4.0,0.0,0.0,0.0,0.0,0.0,0.0,0.0,,0.0,1.0,0.0,0.0,0.0,0.0,,,,,,,,,,,,,,,,,,,,,,
2026,2021039165,2026-07-05,1700010,マルティネス,Marutinesu,92,投,1,1.0,0.0,0.0,0.0,0.0,0.0,0.0,0.0,0.0,0.0,0.0,,0.0,0.0,0.0,0.0,0.0,0.0,4.0,1.0,0.0,2.0,2.0,1.31,1.0,1.0,,,29.0,0.0,0.0,0.0,0.0,,0.0,1.0,0.0,,3.0,14.0
2026,2021039165,2026-07-05,1700043,岸田 行倫,,27,捕,1,1.0,1.0,1.0,1.0,0.0,0.0,0.0,0.0,0.0,0.0,0.0,,0.0,0.0,0.0,0.0,0.0,0.0,,,,,,,,,,,,,,,,,,,,,,
2026,2021039165,2026-07-05,1700044,大城 卓三,,24,捕,1,1.0,0.0,3.0,3.0,1.0,2.0,0.0,0.0,0.0,0.0,0.0,,0.0,1.0,0.0,0.0,0.0,0.0,,,,,,,,,,,,,,,,,,,,,,
2026,2021039165,2026-07-05,1750321,泉口 友汰,,35,遊,1,1.0,1.0,4.0,4.0,1.0,3.0,0.0,0.0,0.0,0.0,0.0,,0.0,0.0,0.0,0.0,0.0,0.0,,,,,,,,,,,,,,,,,,,,,,
2026,2021039165,2026-07-05,1800072,小園 海斗,,5,遊,6,1.0,1.0,4.0,4.0,0.0,0.0,0.0,0.0,0.0,0.0,0.0,,0.0,2.0,0.0,0.0,0.0,0.0,,,,,,,,,,,,,,,,,,,,,,
2026,2021039165,2026-07-05,1850405,名原 典彦,,92,中,6,1.0,1.0,4.0,4.0,0.0,0.0,0.0,0.0,0.0,0.0,0.0,,0.0,0.0,0.0,0.0,0.0,0.0,,,,,,,,,,,,,,,,,,,,,,
2026,2021039165,2026-07-05,1900019,井上 温大,Inoue Atsushidai,97,投,1,1.0,1.0,3.0,2.0,0.0,1.0,0.0,0.0,0.0,0.0,0.0,,0.0,1.0,0.0,1.0,0.0,0.0,1.0,1.0,,9.0,5.0,2.11,7.0,7.0,,,0.0,6.0,1.0,1.0,1.0,,1.0,8.0,0.0,,28.0,97.0
2026,2021039165,2026-07-05,1900056,石原 貴規,,32,捕,6,1.0,1.0,3.0,3.0,0.0,0.0,0.0,0.0,0.0,0.0,0.0,,0.0,2.0,0.0,0.0,0.0,0.0,,,,,,,,,,,,,,,,,,,,,,
2026,2021039165,2026-07-05,1950955,前川 誠太,,93,打,6,1.0,0.0,1.0,0.0,0.0,0.0,0.0,0.0,0.0,0.0,0.0,,1.0,0.0,0.0,0.0,0.0,0.0,,,,,,,,,,,,,,,,,,,,,,
2026,2021039165,2026-07-05,1961927,モンテロ,,95,一,6,1.0,1.0,4.0,4.0,0.0,3.0,0.0,0.0,0.0,0.0,0.0,,0.0,0.0,0.0,0.0,0.0,0.0,,,,,,,,,,,,,,,,,,,,,,
2026,2021039165,2026-07-05,2050203,佐々木 泰,,10,右,6,1.0,1.0,4.0,4.0,0.0,2.0,0.0,0.0,0.0,0.0,0.0,,0.0,1.0,0.0,0.0,0.0,0.0,,,,,,,,,,,,,,,,,,,,,,
2026,2021039165,2026-07-05,2100225,笹原 操希,,95,右,1,1.0,1.0,4.0,4.0,0.0,2.0,1.0,0.0,0.0,3.0,0.0,,0.0,1.0,0.0,0.0,0.0,0.0,,,,,,,,,,,,,,,,,,,,,,
2026,2021039165,2026-07-05,2106037,辻 大雅,Tsuji Taiga,98,投,6,1.0,0.0,0.0,0.0,0.0,0.0,0.0,0.0,0.0,0.0,0.0,,0.0,0.0,0.0,0.0,0.0,0.0,2.0,1.0,0.0,2.0,1.0,3.91,1.0,1.0,,,0.0,1.0,0.0,0.0,0.0,,1.0,2.0,0.0,,4.0,18.0
2026,2021039165,2026-07-05,2106178,佐々木 俊輔,,44,左,1,1.0,1.0,4.0,3.0,0.0,1.0,0.0,0.0,0.0,0.0,0.0,,1.0,0.0,0.0,0.0,0.0,0.0,,,,,,,,,,,,,,,,,,,,,,
2026,2021039165,2026-07-05,2107874,門脇 誠,,5,三,1,1.0,0.0,0.0,0.0,0.0,0.0,0.0,0.0,0.0,0.0,0.0,,0.0,0.0,0.0,0.0,0.0,0.0,,,,,,,,,,,,,,,,,,,,,,
2026,2021039165,2026-07-05,2114882,ファビアン,,61,左,6,1.0,1.0,4.0,4.0,1.0,2.0,0.0,0.0,1.0,1.0,0.0,,0.0,0.0,0.0,0.0,0.0,0.0,,,,,,,,,,,,,,,,,,,,,,
2026,2021039165,2026-07-05,2117693,菊地 ハルン,Kikuchi Haru n,67,投,6,1.0,0.0,0.0,0.0,0.0,0.0,0.0,0.0,0.0,0.0,0.0,,0.0,0.0,0.0,0.0,0.0,0.0,3.0,1.0,0.0,0.0,0.0,4.5,1.0,1.0,,,0.0,1.0,0.0,0.0,0.0,,0.0,3.0,0.0,,4.0,18.0
2026,2021039165,2026-07-05,2118420,キャベッジ,,13,中,1,1.0,1.0,4.0,4.0,0.0,0.0,0.0,0.0,0.0,0.0,0.0,,0.0,2.0,0.0,0.0,0.0,0.0,,,,,,,,,,,,,,,,,,,,,,
2026,2021039166,2026-07-10,1100069,高橋 周平,,3,打,4,1.0,0.0,1.0,1.0,0.0,0.0,0.0,0.0,0.0,0.0,0.0,,0.0,0.0,0.0,0.0,0.0,0.0,,,,,,,,,,,,,,,,,,,,,,
2026,2021039166,2026-07-10,1500091,板山 祐太郎,,63,右,4,1.0,1.0,4.0,3.0,1.0,2.0,0.0,0.0,1.0,2.0,0.0,,1.0,0.0,0.0,0.0,0.0,1.0,,,,,,,,,,,,,,,,,,,,,,
2026,2021039166,2026-07-10,1561854,サノー,,23,一,4,1.0,1.0,4.0,4.0,0.0,0.0,0.0,0.0,0.0,0.0,0.0,,0.0,2.0,0.0,0.0,0.0,0.0,,,,,,,,,,,,,,,,,,,,,,
2026,2021039166,2026-07-10,1600078,古賀 優大,,2,捕,2,1.0,1.0,3.0,3.0,0.0,0.0,0.0,0.0,0.0,0.0,0.0,,0.0,0.0,0.0,0.0,0.0,0.0,,,,,,,,,,,,,,,,,,,,,,
2026,2021039166,2026-07-10,1600085,細川 成也,,55,左,4,1.0,1.0,5.0,5.0,0.0,0.0,0.0,0.0,0.0,0.0,0.0,,0.0,2.0,0.0,0.0,0.0,0.0,,,,,,,,,,,,,,,,,,,,,,
2026,2021039166,2026-07-10,1650522,丸山 和郁,,4,右,2,1.0,1.0,4.0,4.0,0.0,0.0,0.0,0.0,0.0,0.0,0.0,,0.0,0.0,0.0,0.0,0.0,0.0,,,,,,,,,,,,,,,,,,,,,,
2026,2021039166,2026-07-10,1700060,阪口 皓亮,Sakaguchi Akira Ryou,66,投,2,1.0,0.0,0.0,0.0,0.0,0.0,0.0,0.0,0.0,0.0,0.0,,0.0,0.0,0.0,0.0,0.0,0.0,3.0,1.0,0.0,0.0,0.0,2.45,1.0,1.0,,,0.0,0.0,0.0,0.0,0.0,,0.0,2.0,0.0,,3.0,18.0
2026,2021039166,2026-07-10,1700089,宮本 丈,,10,一,2,1.0,1.0,3.0,3.0,0.0,1.0,1.0,0.0,0.0,1.0,0.0,,0.0,1.0,0.0,0.0,0.0,0.0,,,,,,,,,,,,,,,,,,,,,,
2026,2021039166,2026-07-10,1700131,増田 珠,,63,左,2,1.0,1.0,4.0,3.0,1.0,1.0,0.0,0.0,0.0,0.0,0.0,,1.0,2.0,0.0,0.0,0.0,0.0,,,,,,,,,,,,,,,,,,,,,,
2026,2021039166,2026-07-10,1750223,村松 開人,,5,遊,4,1.0,1.0,4.0,4.0,0.0,0.0,0.0,0.0,0.0,0.0,0.0,,0.0,0.0,0.0,0.0,0.0,0.0,,,,,,,,,,,,,,,,,,,,,,
2026,2021039166,2026-07-10,1750701,田中 幹也,,2,二,4,1.0,0.0,0.0,0.0,0.0,0.0,0.0,0.0,0.0,0.0,0.0,,0.0,0.0,0.0,0.0,0.0,0.0,,,,,,,,,,,,,,,,,,,,,,
2026,2021039166,2026-07-10,1850772,石井 巧,,38,打,2,1.0,0.0,1.0,1.0,0.0,0.0,0.0,0.0,0.0,0.0,0.0,,0.0,1.0,0.0,0.0,0.0,0.0,,,,,,,,,,,,,,,,,,,,,,
2026,2021039166,2026-07-10,1851155,石原 勇輝,Ishihara Yuuki,35,投,2,1.0,0.0,0.0,0.0,0.0,0.0,0.0,0.0,0.0,0.0,0.0,,0.0,0.0,0.0,0.0,0.0,0.0,2.0,1.0,0.0,0.0,1.0,3.52,2.0,2.0,,,0.0,0.0,0.0,0.0,0.0,,1.0,3.0,1.0,,8.0,30.0
2026,2021039166,2026-07-10,1900028,長岡 秀樹,,7,遊,2,1.0,1.0,4.0,4.0,1.0,1.0,0.0,0.0,0.0,0.0,0.0,,0.0,0.0,0.0,0.0,0.0,0.0,,,,,,,,,,,,,,,,,,,,,,
2026,2021039166,2026-07-10,1900029,武岡 龍世,,60,三,2,1.0,1.0,2.0,2.0,0.0,0.0,0.0,0.0,0.0,0.0,0.0,,0.0,2.0,0.0,0.0,0.0,0.0,,,,,,,,,,,,,,,,,,,,,,
2026,2021039166,2026-07-10,1900037,石川 昂弥,,25,三,4,1.0,1.0,4.0,2.0,2.0,0.0,0.0,0.0,0.0,0.0,0.0,,2.0,1.0,0.0,0.0,0.0,0.0,,,,,,,,,,,,,,,,,,,,,,
2026,2021039166,2026-07-10,1900041,岡林 勇希,,1,中,4,1.0,1.0,5.0,4.0,0.0,1.0,1.0,0.0,0.0,1.0,0.0,,0.0,1.0,1.0,0.0,0.0,0.0,,,,,,,,,,,,,,,,,,,,,,
2026,2021039166,2026-07-10,2000026,内山 壮真,,3,二,2,1.0,1.0,3.0,3.0,0.0,0.0,0.0,0.0,0.0,0.0,0.0,,0.0,2.0,0.0,0.0,0.0,0.0,,,,,,,,,,,,,,,,,,,,,,
2026,2021039166,2026-07-10,2000031,赤羽 由紘,,0,三,2,1.0,0.0,2.0,2.0,0.0,0.0,0.0,0.0,0.0,0.0,0.0,,0.0,1.0,0.0,0.0,0.0,0.0,,,,,,,,,,,,,,,,,,,,,,
2026,2021039166,2026-07-10,2000033,丸山 翔大,Maruyama Shoudai,68,投,2,1.0,0.0,0.0,0.0,0.0,0.0,0.0,0.0,0.0,0.0,0.0,,0.0,0.0,0.0,0.0,0.0,0.0,4.0,1.0,0.0,0.0,1.0,2.82,1.0,1.0,,,0.0,0.0,0.0,0.0,0.0,,0.0,2.0,0.0,,3.0,15.0
2026,2021039166,2026-07-10,2000042,高橋 宏斗,Takahashi Hiroshi To,19,投,4,1.0,1.0,3.0,1.0,0.0,0.0,0.0,0.0,0.0,0.0,0.0,,1.0,1.0,0.0,1.0,0.0,0.0,1.0,1.0,,2.0,6.0,4.38,8.0,8.0,,,0.0,3.0,2.0,1.0,0.0,,1.0,8.0,0.0,,27.0,95.0
2026,2021039166,2026-07-10,2103780,福永 裕基,,7,二一,4,1.0,1.0,4.0,4.0,1.0,2.0,1.0,0.0,0.0,1.0,0.0,,0.0,2.0,0.0,0.0,0.0,0.0,,,,,,,,,,,,,,,,,,,,,,
2026,2021039166,2026-07-10,2103917,岩田 幸宏,,64,中,2,1.0,1.0,4.0,4.0,0.0,1.0,0.0,0.0,0.0,0.0,0.0,,0.0,0.0,0.0,0.0,0.0,0.0,,,,,,,,,,,,,,,,,,,,,,
2026,2021039166,2026-07-10,2105102,石伊 雄太,,9,捕,4,1.0,1.0,4.0,3.0,0.0,0.0,0.0,0.0,0.0,0.0,0.0,,0.0,3.0,1.0,0.0,0.0,0.0,,,,,,,,,,,,,,,,,,,,,,
2026,2021039166,2026-07-10,2107645,尾田 剛樹,,0,左,4,1.0,0.0,0.0,0.0,0.0,0.0,0.0,0.0,0.0,0.0,0.0,,0.0,0.0,0.0,0.0,0.0,0.0,,,,,,,,,,,,,,,,,,,,,,
2026,2021039166,2026-07-10,2107869,松山 晋也,Matsuyama Shin'Ya,90,投,4,1.0,0.0,0.0,0.0,0.0,0.0,0.0,0.0,0.0,0.0,0.0,,0.0,0.0,0.0,0.0,0.0,0.0,2.0,1.0,0.0,1.0,2.0,1.4,1.0,1.0,,,18.0,1.0,0.0,0.0,0.0,,0.0,1.0,0.0,,4.0,11.0
2026,2021039166,2026-07-10,2108291,ウォルターズ,Orutaazu,58,投,2,1.0,1.0,1.0,1.0,0.0,0.0,0.0,0.0,0.0,0.0,0.0,,0.0,0.0,0.0,0.0,0.0,0.0,1.0,1.0,,1.0,3.0,6.2,5.0,5.0,,,0.0,5.0,4.0,4.0,1.0,,3.0,5.0,1.0,,24.0,99.0
2026,2021039167,2026-07-08,1200053,宮崎 敏郎,,51,三,3,1.0,1.0,4.0,4.0,0.0,2.0,0.0,0.0,0.0,0.0,0.0,,0.0,0.0,0.0,0.0,0.0,0.0,,,,,,,,,,,,,,,,,,,,,,
2026,2021039167,2026-07-08,1300031,平良 拳太郎,Taira Ken Tarou,59,投,3,1.0,1.0,2.0,2.0,0.0,0.0,0.0,0.0,0.0,0.0,0.0,,0.0,2.0,0.0,0.0,0.0,0.0,1.0,1.0,,3.0,5.0,3.65,6.0,6.0,,,0.0,3.0,0.0,0.0,0.0,,2.0,7.0,1.0,,24.0,110.0
2026,2021039167,2026-07-08,1300073,梅野 隆太郎,,2,捕,5,1.0,0.0,0.0,0.0,0.0,0.0,0.0,0.0,0.0,0.0,0.0,,0.0,0.0,0.0,0.0,0.0,0.0,,,,,,,,,,,,,,,,,,,,,,
2026,2021039167,2026-07-08,1500063,柴田 竜拓,,31,三,3,1.0,0.0,1.0,0.0,0.0,0.0,0.0,0.0,0.0,1.0,0.0,,0.0,0.0,0.0,0.0,1.0,0.0,,,,,,,,,,,,,,,,,,,,,,
2026,2021039167,2026-07-08,1500087,坂本 誠志郎,,12,捕,5,1.0,1.0,2.0,2.0,0.0,0.0,0.0,0.0,0.0,0.0,0.0,,0.0,1.0,0.0,0.0,0.0,0.0,,,,,,,,,,,,,,,,,,,,,,
2026,2021039167,2026-07-08,1600089,佐野 恵太,,7,一,3,1.0,1.0,5.0,4.0,1.0,0.0,0.0,0.0,0.0,1.0,0.0,,1.0,0.0,0.0,0.0,0.0,0.0,,,,,,,,,,,,,,,,,,,,,,
2026,2021039167,2026-07-08,1600113,大山 悠輔,,3,一,5,1.0,1.0,4.0,4.0,0.0,2.0,0.0,0.0,0.0,0.0,0.0,,0.0,1.0,0.0,0.0,0.0,0.0,,,,,,,,,,,,,,,,,,,,,,
2026,2021039167,2026-07-08,1600167,三森 大貴,,26,走二,3,1.0,0.0,1.0,1.0,2.0,0.0,0.0,0.0,0.0,0.0,1.0,,0.0,0.0,0.0,0.0,0.0,0.0,,,,,,,,,,,,,,,,,,,,,,
2026,2021039167,2026-07-08,1700059,神里 和毅,,8,中左,3,1.0,0.0,1.0,0.0,1.0,0.0,0.0,0.0,0.0,0.0,0.0,,1.0,0.0,0.0,0.0,0.0,0.0,,,,,,,,,,,,,,,,,,,,,,
2026,2021039167,2026-07-08,1700137,大竹 耕太郎,Ootake Koutarou,21,投,5,1.0,1.0,2.0,2.0,0.0,1.0,0.0,0.0,0.0,0.0,0.0,,0.0,1.0,0.0,0.0,0.0,0.0,1.0,1.0,,3.0,7.0,2.67,5.666666666666667,5.2,,,0.0,5.0,1.0,1.0,1.0,,1.0,3.0,0.0,,23.0,101.0
2026,2021039167,2026-07-08,1800036,濱田 太貴,,32,打,5,1.0,0.0,1.0,1.0,0.0,0.0,0.0,0.0,0.0,0.0,0.0,,0.0,0.0,0.0,0.0,0.0,0.0,,,,,,,,,,,,,,,,,,,,,,
2026,2021039167,2026-07-08,1800046,勝又 温史,,28,左,3,1.0,1.0,5.0,5.0,0.0,3.0,0.0,0.0,0.0,1.0,0.0,,0.0,0.0,0.0,0.0,0.0,0.0,,,,,,,,,,,,,,,,,,,,,,
2026,2021039167,2026-07-08,1800049,宮城 滝太,Miyagi Taki Futoshi,65,投,3,1.0,0.0,0.0,0.0,0.0,0.0,0.0,0.0,0.0,0.0,0.0,,0.0,0.0,0.0,0.0,0.0,0.0,2.0,1.0,0.0,0.0,1.0,2.05,1.0,1.0,,,0.0,0.0,0.0,0.0,0.0,,0.0,0.0,0.0,,3.0,11.0
2026,2021039167,2026-07-08,1800065,近本 光司,,5,中,5,1.0,1.0,4.0,4.0,0.0,0.0,0.0,0.0,0.0,0.0,0.0,,0.0,0.0,0.0,0.0,0.0,0.0,,,,,,,,,,,,,,,,,,,,,,
2026,2021039167,2026-07-08,1800066,小幡 竜平,,38,遊,5,1.0,1.0,3.0,3.0,0.0,0.0,0.0,0.0,0.0,0.0,0.0,,0.0,2.0,0.0,0.0,0.0,0.0,,,,,,,,,,,,,,,,,,,,,,
2026,2021039167,2026-07-08,1850183,森下 翔太,,1,右,5,1.0,1.0,4.0,3.0,0.0,0.0,0.0,0.0,0.0,0.0,0.0,,1.0,2.0,0.0,0.0,0.0,0.0,,,,,,,,,,,,,,,,,,,,,,
2026,2021039167,2026-07-08,1850208,林 琢真,,0,打,3,1.0,0.0,1.0,1.0,0.0,0.0,0.0,0.0,0.0,0.0,0.0,,0.0,0.0,0.0,0.0,0.0,0.0,,,,,,,,,,,,,,,,,,,,,,
2026,2021039167,2026-07-08,1850873,度会 隆輝,,4,打右,3,1.0,0.0,1.0,1.0,0.0,1.0,0.0,0.0,0.0,0.0,0.0,,0.0,0.0,0.0,0.0,0.0,0.0,,,,,,,,,,,,,,,,,,,,,,
2026,2021039167,2026-07-08,1900035,蝦名 達夫,,61,中右中,3,1.0,1.0,5.0,5.0,0.0,0.0,0.0,0.0,0.0,0.0,0.0,,0.0,1.0,0.0,0.0,0.0,0.0,,,,,,,,,,,,,,,,,,,,,,
2026,2021039167,2026-07-08,2000035,牧 秀悟,,2,二,3,1.0,1.0,4.0,3.0,0.0,0.0,0.0,0.0,0.0,0.0,0.0,,1.0,1.0,0.0,0.0,0.0,0.0,,,,,,,,,,,,,,,,,,,,,,
2026,2021039167,2026-07-08,2000051,佐藤 輝明,,8,三,5,1.0,1.0,4.0,4.0,0.0,0.0,0.0,0.0,0.0,0.0,0.0,,0.0,1.0,0.0,0.0,0.0,0.0,,,,,,,,,,,,,,,,,,,,,,
2026,2021039167,2026-07-08,2000056,中野 拓夢,,7,打,5,1.0,0.0,1.0,1.0,0.0,0.0,0.0,0.0,0.0,0.0,0.0,,0.0,0.0,0.0,0.0,0.0,0.0,,,,,,,,,,,,,,,,,,,,,,
2026,2021039167,2026-07-08,2000057,高寺 望夢,,67,二,5,1.0,1.0,4.0,3.0,0.0,0.0,0.0,0.0,0.0,0.0,0.0,,1.0,0.0,0.0,0.0,0.0,0.0,,,,,,,,,,,,,,,,,,,,,,
2026,2021039167,2026-07-08,2100014,宮下 朝陽,,34,遊,3,1.0,1.0,4.0,4.0,1.0,1.0,0.0,0.0,1.0,1.0,0.0,,0.0,0.0,0.0,0.0,0.0,0.0,,,,,,,,,,,,,,,,,,,,,,
2026,2021039167,2026-07-08,2103949,古市 尊,,60,捕,3,1.0,1.0,4.0,3.0,1.0,1.0,0.0,0.0,0.0,0.0,0.0,,1.0,0.0,0.0,0.0,0.0,0.0,,,,,,,,,,,,,,,,,,,,,,
2026,2021039167,2026-07-08,2108124,セベリーノ,Seberiino,97,投,5,1.0,0.0,0.0,0.0,0.0,0.0,0.0,0.0,0.0,0.0,0.0,,0.0,0.0,0.0,0.0,0.0,0.0,3.0,1.0,0.0,0.0,0.0,9.0,1.0,1.0,,,0.0,1.0,3.0,3.0,1.0,,2.0,0.0,0.0,,6.0,33.0
2026,2021039167,2026-07-08,2108195,エンカーナシオン,,69,右,3,1.0,1.0,4.0,3.0,1.0,1.0,0.0,0.0,1.0,3.0,0.0,,1.0,0.0,0.0,0.0,0.0,0.0,,,,,,,,,,,,,,,,,,,,,,
2026,2021039167,2026-07-08,2108557,松本 凌人,Matsumoto Ryounin,38,投,3,1.0,0.0,0.0,0.0,0.0,0.0,0.0,0.0,0.0,0.0,0.0,,0.0,0.0,0.0,0.0,0.0,0.0,4.0,1.0,0.0,0.0,0.0,0.0,1.0,1.0,,,0.0,0.0,0.0,0.0,0.0,,0.0,1.0,0.0,,3.0,9.0
2026,2021039167,2026-07-08,2110225,福島 圭音,,92,左,5,1.0,1.0,4.0,3.0,0.0,0.0,0.0,0.0,0.0,0.0,1.0,,0.0,1.0,1.0,0.0,0.0,0.0,,,,,,,,,,,,,,,,,,,,,,
2026,2021039167,2026-07-08,2112141,津田 淳哉,Tsuda Jun'Ya,66,投,5,1.0,0.0,0.0,0.0,0.0,0.0,0.0,0.0,0.0,0.0,0.0,,0.0,0.0,0.0,0.0,0.0,0.0,4.0,1.0,0.0,0.0,0.0,4.32,1.0,1.0,,,0.0,3.0,3.0,3.0,0.0,,1.0,0.0,0.0,,8.0,32.0
2026,2021039167,2026-07-08,2112444,木下 里都,Kinoshita Sato To,54,投,5,1.0,0.0,0.0,0.0,0.0,0.0,0.0,0.0,0.0,0.0,0.0,,0.0,0.0,0.0,0.0,0.0,0.0,2.0,1.0,0.0,1.0,1.0,2.42,1.3333333333333333,1.1,,,0.0,0.0,0.0,0.0,0.0,,1.0,1.0,0.0,,5.0,19.0
2026,2021039167,2026-07-08,2117433,レイノルズ,Reynolds,62,投,3,1.0,0.0,0.0,0.0,0.0,0.0,0.0,0.0,0.0,0.0,0.0,,0.0,0.0,0.0,0.0,0.0,0.0,3.0,1.0,0.0,2.0,0.0,1.38,1.0,1.0,,,3.0,0.0,0.0,0.0,0.0,,0.0,1.0,0.0,,3.0,13.0
2026,2021039168,2026-07-07,700065,岸 孝之,Kishi Takayuki,11,,376,,,,,,,,,,,,,,,,,,,1.0,1.0,,2.0,3.0,3.0,6.0,6.0,,,0.0,8.0,5.0,5.0,2.0,,1.0,2.0,0.0,,27.0,91.0
2026,2021039168,2026-07-07,900056,浅村 栄斗,,3,一,376,1.0,1.0,4.0,3.0,1.0,1.0,0.0,0.0,0.0,0.0,0.0,,1.0,0.0,0.0,0.0,0.0,0.0,,,,,,,,,,,,,,,,,,,,,,
2026,2021039168,2026-07-07,1300061,中村 祐太,Nakamura Yuuta,58,,7,,,,,,,,,,,,,,,,,,,2.0,1.0,0.0,1.0,0.0,1.42,2.0,2.0,,,0.0,1.0,0.0,0.0,0.0,,0.0,0.0,1.0,,8.0,25.0
2026,2021039168,2026-07-07,1400184,外崎 修汰,,5,指,7,1.0,1.0,4.0,4.0,2.0,2.0,0.0,0.0,0.0,0.0,1.0,,0.0,0.0,0.0,0.0,0.0,0.0,,,,,,,,,,,,,,,,,,,,,,
2026,2021039168,2026-07-07,1600004,堀内 謙伍,,65,捕,376,1.0,1.0,4.0,3.0,1.0,1.0,0.0,0.0,0.0,0.0,0.0,,0.0,1.0,1.0,0.0,0.0,0.0,,,,,,,,,,,,,,,,,,,,,,
2026,2021039168,2026-07-07,1600129,源田 壮亮,,6,遊,7,1.0,1.0,4.0,2.0,1.0,2.0,0.0,1.0,0.0,1.0,0.0,,1.0,0.0,0.0,1.0,0.0,0.0,,,,,,,,,,,,,,,,,,,,,,
2026,2021039168,2026-07-07,1600134,石井 一成,,4,二,7,1.0,1.0,5.0,5.0,0.0,1.0,0.0,0.0,0.0,0.0,0.0,,0.0,1.0,0.0,0.0,0.0,0.0,,,,,,,,,,,,,,,,,,,,,,
2026,2021039168,2026-07-07,1700122,西川 愛也,,51,中,7,1.0,1.0,5.0,4.0,1.0,1.0,0.0,0.0,1.0,1.0,0.0,,1.0,0.0,0.0,0.0,0.0,0.0,,,,,,,,,,,,,,,,,,,,,,
2026,2021039168,2026-07-07,1750472,古賀 悠斗,,22,捕,7,1.0,1.0,4.0,4.0,1.0,1.0,0.0,0.0,1.0,3.0,0.0,,0.0,0.0,0.0,0.0,0.0,0.0,,,,,,,,,,,,,,,,,,,,,,
2026,2021039168,2026-07-07,1800085,森脇 亮介,Moriwaki Ryousuke,28,,7,,,,,,,,,,,,,,,,,,,4.0,1.0,0.0,0.0,0.0,0.0,0.6666666666666666,0.2,,,0.0,0.0,0.0,0.0,0.0,,0.0,1.0,0.0,,2.0,9.0
2026,2021039168,2026-07-07,1800106,甲斐野 央,Kainoya Ou,34,,7,,,,,,,,,,,,,,,,,,,8.0,1.0,0.0,2.0,2.0,2.08,1.0,1.0,,,10.0,1.0,0.0,0.0,0.0,,0.0,0.0,0.0,,3.0,8.0
2026,2021039168,2026-07-07,1800117,辰己 涼介,,8,中,376,1.0,1.0,5.0,5.0,0.0,1.0,0.0,1.0,0.0,1.0,0.0,,0.0,0.0,0.0,0.0,0.0,0.0,,,,,,,,,,,,,,,,,,,,,,
2026,2021039168,2026-07-07,1850820,蛭間 拓哉,,9,左,7,1.0,1.0,3.0,3.0,0.0,0.0,0.0,0.0,0.0,0.0,0.0,,0.0,0.0,0.0,0.0,0.0,0.0,,,,,,,,,,,,,,,,,,,,,,
2026,2021039168,2026-07-07,1850921,中込 陽翔,Nakagome Akira Shou,26,,376,,,,,,,,,,,,,,,,,,,4.0,1.0,0.0,1.0,1.0,7.15,1.0,1.0,,,0.0,1.0,0.0,0.0,0.0,,1.0,1.0,1.0,,6.0,29.0
2026,2021039168,2026-07-07,1860167,ウィンゲンター,Ingentaa,45,,7,,,,,,,,,,,,,,,,,,,6.0,1.0,0.0,0.0,0.0,0.0,1.0,1.0,,,0.0,1.0,0.0,0.0,0.0,,1.0,1.0,0.0,,5.0,21.0
2026,2021039168,2026-07-07,1900068,岸 潤一郎,,68,左,7,1.0,0.0,0.0,0.0,0.0,0.0,0.0,0.0,0.0,0.0,0.0,,0.0,0.0,0.0,0.0,0.0,0.0,,,,,,,,,,,,,,,,,,,,,,
2026,2021039168,2026-07-07,1900112,小深田 大翔,,0,走,376,1.0,0.0,0.0,0.0,0.0,0.0,0.0,0.0,0.0,0.0,0.0,,0.0,0.0,0.0,0.0,0.0,0.0,,,,,,,,,,,,,,,,,,,,,,
2026,2021039168,2026-07-07,1900113,黒川 史陽,,24,三一,376,1.0,1.0,5.0,5.0,0.0,0.0,0.0,0.0,0.0,0.0,0.0,,0.0,1.0,0.0,0.0,0.0,0.0,,,,,,,,,,,,,,,,,,,,,,
2026,2021039168,2026-07-07,1900115,武藤 敦貴,,50,走右,376,1.0,0.0,2.0,0.0,0.0,0.0,0.0,0.0,0.0,0.0,0.0,,2.0,0.0,0.0,0.0,0.0,0.0,,,,,,,,,,,,,,,,,,,,,,
2026,2021039168,2026-07-07,1950278,中島 大輔,,32,右,376,1.0,1.0,3.0,3.0,0.0,2.0,2.0,0.0,0.0,2.0,0.0,,0.0,1.0,0.0,0.0,0.0,0.0,,,,,,,,,,,,,,,,,,,,,,
2026,2021039168,2026-07-07,1950417,渡部 聖弥,,8,三,7,1.0,1.0,5.0,4.0,0.0,1.0,0.0,0.0,0.0,0.0,0.0,,0.0,1.0,1.0,0.0,0.0,0.0,,,,,,,,,,,,,,,,,,,,,,
2026,2021039168,2026-07-07,1961294,E.ラミレス,E. Ramiresu,56,,7,,,,,,,,,,,,,,,,,,,1.0,1.0,,2.0,1.0,3.86,2.0,2.0,,,0.0,0.0,0.0,0.0,0.0,,0.0,2.0,0.0,,7.0,26.0
2026,2021039168,2026-07-07,2000077,豆田 泰志,Mameda Yasushi,70,,7,,,,,,,,,,,,,,,,,,,7.0,1.0,0.0,0.0,0.0,2.93,1.0,1.0,,,1.0,0.0,0.0,0.0,0.0,,1.0,1.0,0.0,,4.0,13.0
2026,2021039168,2026-07-07,2000125,入江 大樹,,63,遊,376,1.0,1.0,4.0,3.0,1.0,1.0,0.0,0.0,0.0,0.0,0.0,,1.0,0.0,0.0,0.0,0.0,0.0,,,,,,,,,,,,,,,,,,,,,,
2026,2021039168,2026-07-07,2100271,繁永 晟,,30,二,376,1.0,1.0,4.0,3.0,1.0,1.0,0.0,1.0,0.0,1.0,0.0,,1.0,0.0,0.0,0.0,0.0,0.0,,,,,,,,,,,,,,,,,,,,,,
2026,2021039168,2026-07-07,2101047,ネビン,,26,一,7,1.0,1.0,4.0,4.0,0.0,1.0,1.0,0.0,0.0,0.0,0.0,,0.0,1.0,0.0,0.0,0.0,0.0,,,,,,,,,,,,,,,,,,,,,,
2026,2021039168,2026-07-07,2102124,泰 勝利,Thailand Shouri,59,,376,,,,,,,,,,,,,,,,,,,3.0,1.0,0.0,2.0,0.0,0.0,1.0,1.0,,,0.0,0.0,0.0,0.0,0.0,,0.0,2.0,0.0,,3.0,13.0
2026,2021039168,2026-07-07,2103612,黒田 将矢,Kuroda Susumu Ya,57,,7,,,,,,,,,,,,,,,,,,,3.0,1.0,0.0,2.0,0.0,3.63,0.3333333333333333,0.1,,,0.0,3.0,3.0,3.0,0.0,,1.0,0.0,0.0,,5.0,15.0
2026,2021039168,2026-07-07,2103740,YG安田,,55,指,376,1.0,1.0,5.0,5.0,0.0,0.0,0.0,0.0,0.0,0.0,0.0,,0.0,1.0,0.0,0.0,0.0,0.0,,,,,,,,,,,,,,,,,,,,,,
2026,2021039168,2026-07-07,2103765,柴田 大地,Shibata Daichi,71,,376,,,,,,,,,,,,,,,,,,,2.0,1.0,0.0,2.0,1.0,3.18,1.0,1.0,,,1.0,1.0,0.0,0.0,0.0,,0.0,0.0,0.0,,3.0,12.0
2026,2021039168,2026-07-07,2105283,平良 竜哉,,48,走三,376,1.0,0.0,0.0,0.0,0.0,0.0,0.0,0.0,0.0,0.0,1.0,,0.0,0.0,0.0,0.0,0.0,0.0,,,,,,,,,,,,,,,,,,,,,,
2026,2021039168,2026-07-07,2112133,村田 怜音,,99,打,7,1.0,0.0,1.0,1.0,0.0,0.0,0.0,0.0,0.0,0.0,0.0,,0.0,1.0,0.0,0.0,0.0,0.0,,,,,,,,,,,,,,,,,,,,,,
2026,2021039168,2026-07-07,2117028,カナリオ,,25,右,7,1.0,1.0,4.0,4.0,0.0,1.0,0.0,0.0,0.0,0.0,0.0,,0.0,1.0,0.0,0.0,0.0,0.0,,,,,,,,,,,,,,,,,,,,,,
2026,2021039168,2026-07-07,2117734,篠原 響,Shinoharakyou,52,,7,,,,,,,,,,,,,,,,,,,5.0,1.0,0.0,1.0,2.0,2.1,1.0,1.0,,,1.0,2.0,1.0,1.0,0.0,,2.0,0.0,0.0,,7.0,40.0
2026,2021039168,2026-07-07,2122300,マッカスカー,,34,左,376,1.0,1.0,5.0,5.0,0.0,1.0,0.0,0.0,0.0,0.0,0.0,,0.0,1.0,0.0,0.0,0.0,0.0,,,,,,,,,,,,,,,,,,,,,,
2026,2021039169,2026-07-15,700087,角中 勝也,,3,指,9,1.0,1.0,4.0,4.0,0.0,0.0,0.0,0.0,0.0,0.0,0.0,,0.0,2.0,0.0,0.0,0.0,0.0,,,,,,,,,,,,,,,,,,,,,,
2026,2021039169,2026-07-15,1000175,牧原 大成,,8,二,12,1.0,1.0,4.0,4.0,1.0,2.0,1.0,0.0,0.0,0.0,0.0,,0.0,1.0,0.0,0.0,0.0,0.0,,,,,,,,,,,,,,,,,,,,,,
2026,2021039169,2026-07-15,1100097,近藤 健介,,3,指,12,1.0,1.0,5.0,3.0,0.0,0.0,0.0,0.0,0.0,1.0,0.0,,2.0,2.0,0.0,0.0,0.0,0.0,,,,,,,,,,,,,,,,,,,,,,
2026,2021039169,2026-07-15,1400127,栗原 陵矢,,24,一,12,1.0,1.0,5.0,5.0,0.0,1.0,0.0,0.0,0.0,1.0,0.0,,0.0,1.0,0.0,0.0,0.0,0.0,,,,,,,,,,,,,,,,,,,,,,
2026,2021039169,2026-07-15,1450608,八木 彬,Yagi Akira,33,,9,,,,,,,,,,,,,,,,,,,2.0,1.0,0.0,8.0,0.0,2.03,1.0,1.0,,,0.0,0.0,0.0,0.0,0.0,,0.0,0.0,0.0,,3.0,9.0
2026,2021039169,2026-07-15,1500102,愛斗,,50,中,9,1.0,0.0,2.0,2.0,0.0,0.0,0.0,0.0,0.0,0.0,0.0,,0.0,1.0,0.0,0.0,0.0,0.0,,,,,,,,,,,,,,,,,,,,,,
2026,2021039169,2026-07-15,1500140,谷川原 健太,,45,右,12,1.0,0.0,0.0,0.0,0.0,0.0,0.0,0.0,0.0,0.0,0.0,,0.0,0.0,0.0,0.0,0.0,0.0,,,,,,,,,,,,,,,,,,,,,,
2026,2021039169,2026-07-15,1500143,川瀬 晃,,0,遊三,12,1.0,1.0,4.0,3.0,0.0,1.0,0.0,0.0,0.0,0.0,0.0,,0.0,1.0,0.0,1.0,0.0,0.0,,,,,,,,,,,,,,,,,,,,,,
2026,2021039169,2026-07-15,1560184,オスナ,Osu na,54,,12,,,,,,,,,,,,,,,,,,,4.0,1.0,0.0,1.0,1.0,1.13,1.0,1.0,,,0.0,1.0,1.0,1.0,1.0,,1.0,1.0,0.0,,5.0,19.0
2026,2021039169,2026-07-15,1650813,川村 友斗,,61,走左,12,1.0,0.0,0.0,0.0,0.0,0.0,0.0,0.0,0.0,0.0,1.0,,0.0,0.0,0.0,0.0,0.0,0.0,,,,,,,,,,,,,,,,,,,,,,
2026,2021039169,2026-07-15,1700020,ソト,,99,一,9,1.0,1.0,4.0,4.0,1.0,1.0,0.0,0.0,1.0,1.0,0.0,,0.0,1.0,0.0,0.0,0.0,0.0,,,,,,,,,,,,,,,,,,,,,,
2026,2021039169,2026-07-15,1700034,山崎 剛,,38,遊,9,1.0,1.0,3.0,2.0,0.0,0.0,0.0,0.0,0.0,1.0,0.0,,0.0,0.0,0.0,0.0,1.0,0.0,,,,,,,,,,,,,,,,,,,,,,
2026,2021039169,2026-07-15,1700092,安田 尚憲,,5,打三,9,1.0,0.0,1.0,0.0,0.0,0.0,0.0,0.0,0.0,0.0,0.0,,1.0,0.0,0.0,0.0,0.0,0.0,,,,,,,,,,,,,,,,,,,,,,
2026,2021039169,2026-07-15,1700135,周東 佑京,,23,中,12,1.0,1.0,5.0,4.0,1.0,1.0,0.0,0.0,0.0,1.0,1.0,,0.0,1.0,0.0,0.0,1.0,0.0,,,,,,,,,,,,,,,,,,,,,,
2026,2021039169,2026-07-15,1800050,藤原 恭大,,1,中右,9,1.0,1.0,5.0,5.0,1.0,1.0,0.0,0.0,1.0,1.0,0.0,,0.0,2.0,0.0,0.0,0.0,0.0,,,,,,,,,,,,,,,,,,,,,,
2026,2021039169,2026-07-15,1800053,山口 航輝,,51,左,9,1.0,1.0,4.0,3.0,1.0,2.0,0.0,0.0,1.0,1.0,0.0,,1.0,0.0,0.0,0.0,0.0,0.0,,,,,,,,,,,,,,,,,,,,,,
2026,2021039169,2026-07-15,1850947,上田 希由翔,,10,打,9,1.0,0.0,1.0,1.0,0.0,0.0,0.0,0.0,0.0,0.0,0.0,,0.0,0.0,0.0,0.0,0.0,0.0,,,,,,,,,,,,,,,,,,,,,,
2026,2021039169,2026-07-15,1900081,佐藤 都志也,,32,捕,9,1.0,1.0,4.0,3.0,0.0,0.0,0.0,0.0,0.0,0.0,0.0,,1.0,1.0,0.0,0.0,0.0,0.0,,,,,,,,,,,,,,,,,,,,,,
2026,2021039169,2026-07-15,1900083,横山 陸人,Yokoyama Rikunin,15,,9,,,,,,,,,,,,,,,,,,,5.0,1.0,0.0,0.0,2.0,1.78,1.0,1.0,,,25.0,0.0,1.0,1.0,0.0,,2.0,0.0,1.0,,6.0,19.0
2026,2021039169,2026-07-15,1900101,海野 隆司,,62,捕,12,1.0,1.0,4.0,3.0,0.0,1.0,1.0,0.0,0.0,2.0,0.0,,0.0,0.0,0.0,1.0,0.0,0.0,,,,,,,,,,,,,,,,,,,,,,
2026,2021039169,2026-07-15,1900102,津森 宥紀,Tsumori ??,11,,12,,,,,,,,,,,,,,,,,,,5.0,1.0,0.0,2.0,0.0,1.3,1.0,1.0,,,1.0,0.0,0.0,0.0,0.0,,0.0,1.0,0.0,,3.0,22.0
2026,2021039169,2026-07-15,1900104,柳町 達,,32,打,12,1.0,0.0,1.0,0.0,0.0,0.0,0.0,0.0,0.0,0.0,0.0,,0.0,0.0,1.0,0.0,0.0,0.0,,,,,,,,,,,,,,,,,,,,,,
2026,2021039169,2026-07-15,1900106,大関 友久,Ooseki Tomohisa,47,,12,,,,,,,,,,,,,,,,,,,1.0,1.0,,3.0,4.0,5.34,5.333333333333333,5.1,,,0.0,5.0,3.0,3.0,2.0,,3.0,4.0,0.0,,24.0,103.0
2026,2021039169,2026-07-15,1950149,庄子 雄大,,25,走遊,12,1.0,0.0,0.0,0.0,1.0,0.0,0.0,0.0,0.0,0.0,1.0,,0.0,0.0,0.0,0.0,0.0,0.0,,,,,,,,,,,,,,,,,,,,,,
2026,2021039169,2026-07-15,1950286,西川 史礁,,6,右,9,1.0,1.0,2.0,2.0,0.0,1.0,0.0,0.0,0.0,0.0,0.0,,0.0,0.0,0.0,0.0,0.0,0.0,,,,,,,,,,,,,,,,,,,,,,
2026,2021039169,2026-07-15,1961052,ヘルナンデス,Herunandesu,63,,12,,,,,,,,,,,,,,,,,,,2.0,1.0,0.0,0.0,0.0,1.11,0.6666666666666666,0.2,,,0.0,0.0,0.0,0.0,0.0,,0.0,1.0,0.0,,2.0,5.0
2026,2021039169,2026-07-15,2000087,鈴木 昭汰,Suzuki Akira ?,47,,9,,,,,,,,,,,,,,,,,,,3.0,1.0,0.0,5.0,0.0,2.64,1.0,1.0,,,1.0,0.0,0.0,0.0,0.0,,0.0,1.0,0.0,,3.0,10.0
2026,2021039169,2026-07-15,2000088,中森 俊介,Nakamori Shunsuke,56,,9,,,,,,,,,,,,,,,,,,,4.0,1.0,0.0,2.0,0.0,0.43,1.0,1.0,,,1.0,1.0,0.0,0.0,0.0,,0.0,1.0,0.0,,4.0,13.0
2026,2021039169,2026-07-15,2000089,小川 龍成,,57,二,9,1.0,1.0,4.0,3.0,1.0,1.0,1.0,0.0,0.0,0.0,0.0,,1.0,1.0,0.0,0.0,0.0,0.0,,,,,,,,,,,,,,,,,,,,,,
2026,2021039169,2026-07-15,2101257,ダウンズ,,4,走指,12,1.0,0.0,0.0,0.0,0.0,0.0,0.0,0.0,0.0,0.0,0.0,,0.0,0.0,0.0,0.0,0.0,0.0,,,,,,,,,,,,,,,,,,,,,,
2026,2021039169,2026-07-15,2102926,寺地 隆成,,65,三,9,1.0,1.0,3.0,3.0,0.0,0.0,0.0,0.0,0.0,0.0,0.0,,0.0,0.0,0.0,0.0,0.0,0.0,,,,,,,,,,,,,,,,,,,,,,
2026,2021039169,2026-07-15,2102969,鈴木 豪太,Suzuki Gouta,26,,12,,,,,,,,,,,,,,,,,,,3.0,1.0,0.0,1.0,0.0,2.17,1.0,1.0,,,0.0,0.0,0.0,0.0,0.0,,0.0,1.0,0.0,,3.0,10.0
2026,2021039169,2026-07-15,2103735,正木 智也,,31,左,12,1.0,1.0,5.0,3.0,0.0,0.0,0.0,0.0,0.0,0.0,0.0,,2.0,1.0,0.0,0.0,0.0,0.0,,,,,,,,,,,,,,,,,,,,,,
2026,2021039169,2026-07-15,2103876,山本 恵大,,77,右,12,1.0,1.0,4.0,4.0,1.0,1.0,0.0,0.0,0.0,0.0,0.0,,0.0,0.0,0.0,0.0,0.0,0.0,,,,,,,,,,,,,,,,,,,,,,
2026,2021039169,2026-07-15,2103904,ジャクソン,Jackson,42,,9,,,,,,,,,,,,,,,,,,,1.0,1.0,,6.0,6.0,3.43,5.0,5.0,,,0.0,7.0,4.0,4.0,0.0,,2.0,5.0,0.0,,24.0,114.0
2026,2021039169,2026-07-15,2104035,野村 勇,,99,三,12,1.0,1.0,3.0,3.0,1.0,1.0,0.0,0.0,0.0,0.0,0.0,,0.0,0.0,0.0,0.0,0.0,0.0,,,,,,,,,,,,,,,,,,,,,,
2026,2021039170,2026-07-14,1251037,上川畑 大悟,,4,打,8,1.0,0.0,1.0,1.0,0.0,0.0,0.0,0.0,0.0,0.0,0.0,,0.0,0.0,0.0,0.0,0.0,0.0,,,,,,,,,,,,,,,,,,,,,,
2026,2021039170,2026-07-14,1300058,九里 亜蓮,Kyuu Ri ARen,22,,11,,,,,,,,,,,,,,,,,,,1.0,1.0,,7.0,6.0,2.83,7.0,7.0,,,0.0,3.0,0.0,0.0,0.0,,4.0,5.0,0.0,,27.0,106.0
2026,2021039170,2026-07-14,1400117,有原 航平,Arihara Kouhei,74,,8,,,,,,,,,,,,,,,,,,,1.0,1.0,,2.0,6.0,5.83,6.0,6.0,,,0.0,7.0,3.0,1.0,0.0,,3.0,4.0,0.0,,27.0,100.0
2026,2021039170,2026-07-14,1400118,清水 優心,,10,捕,8,1.0,0.0,0.0,0.0,0.0,0.0,0.0,0.0,0.0,0.0,0.0,,0.0,0.0,0.0,0.0,0.0,0.0,,,,,,,,,,,,,,,,,,,,,,
2026,2021039170,2026-07-14,1400196,宗 佑磨,,6,三,11,1.0,1.0,4.0,3.0,0.0,1.0,0.0,0.0,0.0,2.0,0.0,,0.0,1.0,0.0,0.0,1.0,0.0,,,,,,,,,,,,,,,,,,,,,,
2026,2021039170,2026-07-14,1500096,西川 龍馬,,7,指,11,1.0,1.0,4.0,3.0,2.0,1.0,0.0,0.0,0.0,0.0,0.0,,1.0,0.0,0.0,0.0,0.0,0.0,,,,,,,,,,,,,,,,,,,,,,
2026,2021039170,2026-07-14,1650056,福永 奨,,32,捕,11,1.0,1.0,3.0,3.0,0.0,0.0,0.0,0.0,0.0,0.0,0.0,,0.0,1.0,0.0,0.0,0.0,0.0,,,,,,,,,,,,,,,,,,,,,,
2026,2021039170,2026-07-14,1650221,椋木 蓮,Mukunoki Ren,15,,11,,,,,,,,,,,,,,,,,,,2.0,1.0,0.0,2.0,3.0,2.53,1.0,1.0,,,1.0,0.0,0.0,0.0,0.0,,0.0,1.0,0.0,,3.0,9.0
2026,2021039170,2026-07-14,1650722,杉澤 龍,,33,右,11,1.0,1.0,3.0,3.0,0.0,1.0,0.0,0.0,0.0,0.0,0.0,,0.0,0.0,0.0,0.0,0.0,0.0,,,,,,,,,,,,,,,,,,,,,,
2026,2021039170,2026-07-14,1700025,清宮 幸太郎,,21,一,8,1.0,1.0,4.0,3.0,0.0,1.0,0.0,0.0,0.0,0.0,0.0,,1.0,1.0,0.0,0.0,0.0,0.0,,,,,,,,,,,,,,,,,,,,,,
2026,2021039170,2026-07-14,1750667,山中 稜真,,50,一,11,1.0,1.0,4.0,4.0,0.0,0.0,0.0,0.0,0.0,0.0,0.0,,0.0,0.0,0.0,0.0,0.0,0.0,,,,,,,,,,,,,,,,,,,,,,
2026,2021039170,2026-07-14,1751068,野口 智哉,,9,二,11,1.0,0.0,0.0,0.0,0.0,0.0,0.0,0.0,0.0,0.0,0.0,,0.0,0.0,0.0,0.0,0.0,0.0,,,,,,,,,,,,,,,,,,,,,,
2026,2021039170,2026-07-14,1800091,野村 佑希,,5,三,8,1.0,1.0,4.0,3.0,0.0,0.0,0.0,0.0,0.0,0.0,0.0,,1.0,0.0,0.0,0.0,0.0,0.0,,,,,,,,,,,,,,,,,,,,,,
2026,2021039170,2026-07-14,1800092,生田目 翼,Namatame Tsubasa,13,,8,,,,,,,,,,,,,,,,,,,3.0,1.0,0.0,0.0,0.0,6.23,1.0,1.0,,,0.0,0.0,0.0,0.0,0.0,,0.0,1.0,0.0,,3.0,8.0
2026,2021039170,2026-07-14,1800093,万波 中正,,66,右,8,1.0,1.0,4.0,4.0,0.0,0.0,0.0,0.0,0.0,0.0,0.0,,0.0,1.0,0.0,0.0,0.0,0.0,,,,,,,,,,,,,,,,,,,,,,
2026,2021039170,2026-07-14,1800098,太田 椋,,1,二,11,1.0,1.0,4.0,3.0,0.0,2.0,0.0,0.0,0.0,0.0,0.0,,1.0,0.0,0.0,0.0,0.0,0.0,,,,,,,,,,,,,,,,,,,,,,
2026,2021039170,2026-07-14,1850932,奈良間 大己,,58,二,8,1.0,1.0,2.0,2.0,0.0,0.0,0.0,0.0,0.0,0.0,0.0,,0.0,0.0,0.0,0.0,0.0,0.0,,,,,,,,,,,,,,,,,,,,,,
2026,2021039170,2026-07-14,1851204,水野 達稀,,43,遊,8,1.0,1.0,4.0,4.0,0.0,0.0,0.0,0.0,0.0,0.0,0.0,,0.0,1.0,0.0,0.0,0.0,1.0,,,,,,,,,,,,,,,,,,,,,,
2026,2021039170,2026-07-14,1860140,レイエス,,99,指,8,1.0,1.0,4.0,4.0,0.0,1.0,0.0,0.0,0.0,0.0,0.0,,0.0,2.0,0.0,0.0,0.0,0.0,,,,,,,,,,,,,,,,,,,,,,
2026,2021039170,2026-07-14,1900040,郡司 裕也,,3,左,8,1.0,1.0,4.0,3.0,0.0,1.0,1.0,0.0,0.0,0.0,0.0,,1.0,0.0,0.0,0.0,0.0,0.0,,,,,,,,,,,,,,,,,,,,,,
2026,2021039170,2026-07-14,1900088,紅林 弘太郎,,24,遊,11,1.0,1.0,3.0,3.0,0.0,0.0,0.0,0.0,0.0,0.0,0.0,,0.0,2.0,0.0,0.0,0.0,0.0,,,,,,,,,,,,,,,,,,,,,,
2026,2021039170,2026-07-14,1950486,進藤 勇也,,33,捕,8,1.0,1.0,2.0,1.0,0.0,0.0,0.0,0.0,0.0,0.0,0.0,,1.0,1.0,0.0,0.0,0.0,0.0,,,,,,,,,,,,,,,,,,,,,,
2026,2021039170,2026-07-14,1961416,マチャド,Machado,42,,11,,,,,,,,,,,,,,,,,,,3.0,1.0,0.0,1.0,0.0,1.14,1.0,1.0,,,21.0,1.0,0.0,0.0,0.0,,0.0,1.0,0.0,,4.0,18.0
2026,2021039170,2026-07-14,2000098,来田 涼斗,,38,左,11,1.0,1.0,4.0,4.0,0.0,1.0,0.0,0.0,0.0,0.0,0.0,,0.0,1.0,0.0,0.0,0.0,0.0,,,,,,,,,,,,,,,,,,,,,,
2026,2021039170,2026-07-14,2103747,渡部 遼人,,0,中,11,1.0,1.0,4.0,3.0,1.0,1.0,0.0,0.0,0.0,0.0,1.0,,1.0,0.0,0.0,0.0,0.0,0.0,,,,,,,,,,,,,,,,,,,,,,
2026,2021039170,2026-07-14,2106284,矢澤 宏太,,12,中,8,1.0,1.0,3.0,3.0,0.0,0.0,0.0,0.0,0.0,0.0,0.0,,0.0,0.0,0.0,0.0,0.0,0.0,,,,,,,,,,,,,,,,,,,,,,
2026,2021039170,2026-07-14,2107859,金村 尚真,Kanemura Shoushin,24,,8,,,,,,,,,,,,,,,,,,,2.0,1.0,0.0,0.0,0.0,2.77,1.0,1.0,,,0.0,0.0,0.0,0.0,0.0,,0.0,0.0,0.0,,3.0,16.0
2026,2021039170,2026-07-14,2107900,吉田 賢吾,,60,打,8,1.0,0.0,1.0,1.0,0.0,0.0,0.0,0.0,0.0,0.0,0.0,,0.0,1.0,0.0,0.0,0.0,0.0,,,,,,,,,,,,,,,,,,,,,,
2026,2021039170,2026-07-14,2114529,山縣 秀,,54,打二,8,1.0,0.0,1.0,1.0,0.0,1.0,0.0,0.0,0.0,0.0,0.0,,0.0,0.0,0.0,0.0,0.0,0.0,,,,,,,,,,,,,,,,,,,,,,
2026,2021039171,2026-07-12,800043,丸 佳浩,,8,左,1,1.0,1.0,4.0,4.0,0.0,0.0,0.0,0.0,0.0,0.0,0.0,,0.0,1.0,0.0,0.0,0.0,0.0,,,,,,,,,,,,,,,,,,,,,,
2026,2021039171,2026-07-12,1000150,秋山 翔吾,,9,右,6,1.0,1.0,4.0,4.0,0.0,0.0,0.0,0.0,0.0,0.0,0.0,,0.0,0.0,0.0,0.0,0.0,0.0,,,,,,,,,,,,,,,,,,,,,,
2026,2021039171,2026-07-12,1100082,菊池 涼介,,33,二,6,1.0,1.0,3.0,3.0,1.0,2.0,0.0,0.0,1.0,1.0,0.0,,0.0,0.0,0.0,0.0,0.0,1.0,,,,,,,,,,,,,,,,,,,,,,
2026,2021039171,2026-07-12,1500054,増田 大輝,,0,走一,1,1.0,0.0,1.0,1.0,0.0,0.0,0.0,0.0,0.0,0.0,0.0,,0.0,1.0,0.0,0.0,0.0,0.0,,,,,,,,,,,,,,,,,,,,,,
2026,2021039171,2026-07-12,1561778,バルドナード,Barudo Nerd,49,投,1,1.0,0.0,0.0,0.0,0.0,0.0,0.0,0.0,0.0,0.0,0.0,,0.0,0.0,0.0,0.0,0.0,0.0,4.0,1.0,0.0,0.0,0.0,13.5,0.6666666666666666,0.2,,,0.0,2.0,2.0,0.0,0.0,,2.0,0.0,0.0,,6.0,41.0
2026,2021039171,2026-07-12,1561820,ダルベック,,29,一,1,1.0,1.0,4.0,4.0,0.0,3.0,1.0,0.0,0.0,3.0,0.0,,0.0,0.0,0.0,0.0,0.0,0.0,,,,,,,,,,,,,,,,,,,,,,
2026,2021039171,2026-07-12,1600059,吉川 尚輝,,2,二,1,1.0,1.0,3.0,3.0,2.0,2.0,1.0,0.0,0.0,1.0,0.0,,0.0,0.0,0.0,0.0,0.0,0.0,,,,,,,,,,,,,,,,,,,,,,
2026,2021039171,2026-07-12,1600124,坂倉 将吾,,31,三,6,1.0,1.0,5.0,4.0,1.0,2.0,1.0,0.0,0.0,0.0,0.0,,1.0,0.0,0.0,0.0,0.0,0.0,,,,,,,,,,,,,,,,,,,,,,
2026,2021039171,2026-07-12,1700044,大城 卓三,,24,捕,1,1.0,1.0,4.0,4.0,0.0,2.0,0.0,0.0,0.0,1.0,0.0,,0.0,1.0,0.0,0.0,0.0,0.0,,,,,,,,,,,,,,,,,,,,,,
2026,2021039171,2026-07-12,1750321,泉口 友汰,,35,遊,1,1.0,1.0,5.0,3.0,2.0,1.0,0.0,0.0,0.0,2.0,0.0,,1.0,0.0,0.0,0.0,1.0,0.0,,,,,,,,,,,,,,,,,,,,,,
2026,2021039171,2026-07-12,1750941,黒原 拓未,Kurobaru Taku Mi,24,投,6,1.0,0.0,0.0,0.0,0.0,0.0,0.0,0.0,0.0,0.0,0.0,,0.0,0.0,0.0,0.0,0.0,0.0,3.0,1.0,0.0,0.0,0.0,13.5,1.0,1.0,,,0.0,1.0,0.0,0.0,0.0,,1.0,0.0,0.0,,5.0,21.0
2026,2021039171,2026-07-12,1800072,小園 海斗,,5,遊,6,1.0,1.0,4.0,3.0,0.0,2.0,1.0,0.0,0.0,1.0,0.0,,1.0,0.0,0.0,0.0,0.0,0.0,,,,,,,,,,,,,,,,,,,,,,
2026,2021039171,2026-07-12,1800079,大盛 穂,,59,中,6,1.0,1.0,4.0,4.0,0.0,1.0,0.0,0.0,0.0,1.0,0.0,,0.0,0.0,0.0,0.0,0.0,0.0,,,,,,,,,,,,,,,,,,,,,,
2026,2021039171,2026-07-12,1800111,泉 圭輔,Izumi Keisuke,63,投,1,1.0,0.0,0.0,0.0,0.0,0.0,0.0,0.0,0.0,0.0,0.0,,0.0,0.0,0.0,0.0,0.0,0.0,2.0,1.0,0.0,0.0,0.0,1.59,0.3333333333333333,0.1,,,0.0,1.0,0.0,0.0,0.0,,0.0,0.0,0.0,,2.0,8.0
2026,2021039171,2026-07-12,1900016,堀田 賢慎,Hotta Ken Makoto,91,投,1,1.0,0.0,0.0,0.0,0.0,0.0,0.0,0.0,0.0,0.0,0.0,,0.0,0.0,0.0,0.0,0.0,0.0,5.0,1.0,0.0,1.0,0.0,0.47,0.3333333333333333,0.1,,,0.0,0.0,0.0,0.0,0.0,,0.0,0.0,0.0,,1.0,3.0
2026,2021039171,2026-07-12,1900020,山瀬 慎之助,,67,捕,1,1.0,0.0,1.0,1.0,0.0,1.0,0.0,0.0,0.0,0.0,0.0,,0.0,0.0,0.0,0.0,0.0,0.0,,,,,,,,,,,,,,,,,,,,,,
2026,2021039171,2026-07-12,1900056,石原 貴規,,32,捕,6,1.0,1.0,1.0,1.0,0.0,0.0,0.0,0.0,0.0,0.0,0.0,,0.0,1.0,0.0,0.0,0.0,0.0,,,,,,,,,,,,,,,,,,,,,,
2026,2021039171,2026-07-12,1900058,持丸 泰輝,,57,打捕,6,1.0,0.0,3.0,3.0,1.0,1.0,0.0,0.0,0.0,0.0,0.0,,0.0,0.0,0.0,0.0,0.0,0.0,,,,,,,,,,,,,,,,,,,,,,
2026,2021039171,2026-07-12,1900073,鈴木 健矢,Suzuki Ken Ya,41,投,6,1.0,0.0,0.0,0.0,0.0,0.0,0.0,0.0,0.0,0.0,0.0,,0.0,0.0,0.0,0.0,0.0,0.0,4.0,1.0,0.0,0.0,1.0,2.61,1.0,1.0,,,0.0,0.0,0.0,0.0,0.0,,0.0,2.0,0.0,,3.0,15.0
2026,2021039171,2026-07-12,1950955,前川 誠太,,93,打,6,1.0,0.0,1.0,1.0,0.0,0.0,0.0,0.0,0.0,1.0,0.0,,0.0,0.0,0.0,0.0,0.0,0.0,,,,,,,,,,,,,,,,,,,,,,
2026,2021039171,2026-07-12,1951153,浦田 俊輔,,32,三二,1,1.0,1.0,5.0,4.0,2.0,3.0,1.0,0.0,0.0,2.0,0.0,,1.0,0.0,0.0,0.0,0.0,0.0,,,,,,,,,,,,,,,,,,,,,,
2026,2021039171,2026-07-12,1961927,モンテロ,,95,一,6,1.0,1.0,5.0,5.0,0.0,0.0,0.0,0.0,0.0,0.0,0.0,,0.0,2.0,0.0,0.0,0.0,0.0,,,,,,,,,,,,,,,,,,,,,,
2026,2021039171,2026-07-12,2000006,山崎 伊織,Yamazaki Iori,19,投,1,1.0,1.0,3.0,1.0,2.0,1.0,1.0,0.0,0.0,0.0,0.0,,1.0,0.0,0.0,1.0,0.0,0.0,1.0,1.0,,1.0,0.0,3.97,5.666666666666667,5.2,,,0.0,6.0,2.0,2.0,1.0,,1.0,3.0,1.0,,24.0,114.0
2026,2021039171,2026-07-12,2000066,二俣 翔一,,99,打右,6,1.0,0.0,2.0,2.0,1.0,1.0,0.0,0.0,0.0,0.0,0.0,,0.0,0.0,0.0,0.0,0.0,0.0,,,,,,,,,,,,,,,,,,,,,,
2026,2021039171,2026-07-12,2050203,佐々木 泰,,10,左,6,1.0,0.0,2.0,1.0,0.0,0.0,0.0,0.0,0.0,0.0,0.0,,1.0,1.0,0.0,0.0,0.0,0.0,,,,,,,,,,,,,,,,,,,,,,
2026,2021039171,2026-07-12,2050423,代木 大和,Daimoku Yamato,25,投,1,1.0,0.0,0.0,0.0,0.0,0.0,0.0,0.0,0.0,0.0,0.0,,0.0,0.0,0.0,0.0,0.0,0.0,3.0,1.0,0.0,0.0,0.0,4.5,2.0,2.0,,,0.0,2.0,1.0,1.0,0.0,,0.0,1.0,0.0,,8.0,31.0
2026,2021039171,2026-07-12,2100225,笹原 操希,,95,右,1,1.0,1.0,4.0,4.0,0.0,1.0,1.0,0.0,0.0,0.0,0.0,,0.0,1.0,0.0,0.0,0.0,0.0,,,,,,,,,,,,,,,,,,,,,,
2026,2021039171,2026-07-12,2103888,知念 大成,,94,左,1,1.0,0.0,0.0,0.0,0.0,0.0,0.0,0.0,0.0,0.0,0.0,,0.0,0.0,0.0,0.0,0.0,0.0,,,,,,,,,,,,,,,,,,,,,,
2026,2021039171,2026-07-12,2105565,益田 武尚,Masuda Takeshi Nao,26,投,6,1.0,0.0,0.0,0.0,0.0,0.0,0.0,0.0,0.0,0.0,0.0,,0.0,0.0,0.0,0.0,0.0,0.0,2.0,1.0,0.0,0.0,0.0,5.87,2.0,2.0,,,0.0,3.0,2.0,2.0,0.0,,1.0,1.0,0.0,,9.0,30.0
2026,2021039171,2026-07-12,2106178,佐々木 俊輔,,44,中,1,1.0,1.0,4.0,4.0,2.0,2.0,1.0,0.0,0.0,0.0,0.0,,0.0,0.0,0.0,0.0,0.0,1.0,,,,,,,,,,,,,,,,,,,,,,
2026,2021039171,2026-07-12,2107874,門脇 誠,,5,走三,1,1.0,0.0,2.0,2.0,1.0,0.0,0.0,0.0,0.0,1.0,1.0,,0.0,0.0,0.0,0.0,0.0,0.0,,,,,,,,,,,,,,,,,,,,,,
2026,2021039171,2026-07-12,2110422,勝田 成,,0,走二,6,1.0,0.0,2.0,1.0,1.0,0.0,0.0,0.0,0.0,1.0,0.0,,0.0,0.0,0.0,0.0,1.0,0.0,,,,,,,,,,,,,,,,,,,,,,
2026,2021039171,2026-07-12,2112143,佐藤 啓介,,94,打,6,1.0,0.0,1.0,1.0,0.0,1.0,0.0,0.0,0.0,0.0,0.0,,0.0,0.0,0.0,0.0,0.0,0.0,,,,,,,,,,,,,,,,,,,,,,
2026,2021039171,2026-07-12,2114807,岡本 駿,Okamoto Shun,53,投,6,1.0,1.0,1.0,1.0,0.0,0.0,0.0,0.0,0.0,0.0,0.0,,0.0,0.0,0.0,0.0,0.0,0.0,1.0,1.0,,6.0,6.0,3.81,4.0,4.0,,,0.0,12.0,9.0,7.0,0.0,,1.0,2.0,0.0,,24.0,80.0
2026,2021039171,2026-07-12,2114882,ファビアン,,61,左,6,1.0,1.0,3.0,2.0,0.0,1.0,1.0,0.0,0.0,0.0,0.0,,0.0,0.0,1.0,0.0,0.0,0.0,,,,,,,,,,,,,,,,,,,,,,
2026,2021039171,2026-07-12,2118420,キャベッジ,,13,打,1,1.0,0.0,1.0,1.0,0.0,0.0,0.0,0.0,0.0,0.0,0.0,,0.0,1.0,0.0,0.0,0.0,0.0,,,,,,,,,,,,,,,,,,,,,,
2026,2021039172,2026-07-31,1100069,高橋 周平,,3,打,4,1.0,0.0,1.0,1.0,0.0,0.0,0.0,0.0,0.0,0.0,0.0,,0.0,0.0,0.0,0.0,0.0,0.0,,,,,,,,,,,,,,,,,,,,,,
2026,2021039172,2026-07-31,1200098,松葉 貴大,Matsuba Takashidai,38,投,4,1.0,1.0,2.0,2.0,0.0,0.0,0.0,0.0,0.0,0.0,0.0,,0.0,1.0,0.0,0.0,0.0,0.0,1.0,1.0,,0.0,1.0,5.63,5.0,5.0,,,0.0,5.0,4.0,4.0,0.0,,2.0,5.0,0.0,,22.0,83.0
2026,2021039172,2026-07-31,1500076,木下 拓哉,,35,捕,4,1.0,1.0,5.0,4.0,0.0,2.0,0.0,0.0,0.0,1.0,0.0,,0.0,1.0,1.0,0.0,0.0,0.0,,,,,,,,,,,,,,,,,,,,,,
2026,2021039172,2026-07-31,1500078,阿部 寿樹,,48,一,4,1.0,1.0,5.0,4.0,3.0,2.0,0.0,0.0,2.0,5.0,0.0,,1.0,1.0,0.0,0.0,0.0,0.0,,,,,,,,,,,,,,,,,,,,,,
2026,2021039172,2026-07-31,1500091,板山 祐太郎,,63,右,4,1.0,1.0,5.0,4.0,1.0,0.0,0.0,0.0,0.0,0.0,0.0,,1.0,1.0,0.0,0.0,0.0,0.0,,,,,,,,,,,,,,,,,,,,,,
2026,2021039172,2026-07-31,1600078,古賀 優大,,2,捕,2,1.0,1.0,4.0,4.0,0.0,1.0,0.0,0.0,0.0,1.0,0.0,,0.0,0.0,0.0,0.0,0.0,0.0,,,,,,,,,,,,,,,,,,,,,,
2026,2021039172,2026-07-31,1600085,細川 成也,,55,左,4,1.0,1.0,4.0,1.0,1.0,1.0,0.0,0.0,0.0,0.0,0.0,,3.0,0.0,0.0,0.0,0.0,0.0,,,,,,,,,,,,,,,,,,,,,,
2026,2021039172,2026-07-31,1700087,塩見 泰隆,,9,右,2,1.0,1.0,4.0,4.0,0.0,1.0,0.0,0.0,0.0,0.0,0.0,,0.0,1.0,0.0,0.0,0.0,0.0,,,,,,,,,,,,,,,,,,,,,,
2026,2021039172,2026-07-31,1700089,宮本 丈,,10,打,2,1.0,0.0,1.0,0.0,0.0,0.0,0.0,0.0,0.0,0.0,0.0,,1.0,0.0,0.0,0.0,0.0,0.0,,,,,,,,,,,,,,,,,,,,,,
2026,2021039172,2026-07-31,1700104,清水 達也,Shimizu Tatsuya,50,投,4,1.0,0.0,0.0,0.0,0.0,0.0,0.0,0.0,0.0,0.0,0.0,,0.0,0.0,0.0,0.0,0.0,0.0,2.0,1.0,0.0,0.0,0.0,10.38,1.0,1.0,,,0.0,3.0,0.0,0.0,0.0,,1.0,0.0,0.0,,6.0,18.0
2026,2021039172,2026-07-31,1700131,増田 珠,,63,一,2,1.0,1.0,4.0,4.0,1.0,2.0,1.0,0.0,0.0,2.0,0.0,,0.0,0.0,0.0,0.0,0.0,0.0,,,,,,,,,,,,,,,,,,,,,,
2026,2021039172,2026-07-31,1750223,村松 開人,,5,遊,4,1.0,0.0,3.0,3.0,0.0,1.0,0.0,0.0,0.0,1.0,0.0,,0.0,0.0,0.0,0.0,0.0,0.0,,,,,,,,,,,,,,,,,,,,,,
2026,2021039172,2026-07-31,1750701,田中 幹也,,2,遊,4,1.0,1.0,3.0,3.0,1.0,1.0,0.0,0.0,0.0,0.0,0.0,,0.0,0.0,0.0,0.0,0.0,0.0,,,,,,,,,,,,,,,,,,,,,,
2026,2021039172,2026-07-31,1850772,石井 巧,,38,二,2,1.0,1.0,5.0,4.0,1.0,1.0,0.0,0.0,0.0,0.0,0.0,,0.0,1.0,0.0,1.0,0.0,1.0,,,,,,,,,,,,,,,,,,,,,,
2026,2021039172,2026-07-31,1900027,大西 広樹,Oonishi Hiroki,44,投,2,1.0,0.0,0.0,0.0,0.0,0.0,0.0,0.0,0.0,0.0,0.0,,0.0,0.0,0.0,0.0,0.0,0.0,4.0,1.0,0.0,0.0,0.0,12.86,1.0,1.0,,,0.0,1.0,1.0,1.0,0.0,,1.0,1.0,1.0,,6.0,23.0
2026,2021039172,2026-07-31,1900028,長岡 秀樹,,7,遊,2,1.0,1.0,5.0,4.0,1.0,0.0,0.0,0.0,0.0,0.0,0.0,,1.0,1.0,0.0,0.0,0.0,0.0,,,,,,,,,,,,,,,,,,,,,,
2026,2021039172,2026-07-31,1900029,武岡 龍世,,60,三,2,1.0,1.0,4.0,4.0,0.0,2.0,1.0,0.0,0.0,1.0,0.0,,0.0,1.0,0.0,0.0,0.0,0.0,,,,,,,,,,,,,,,,,,,,,,
2026,2021039172,2026-07-31,1900037,石川 昂弥,,25,三,4,1.0,1.0,5.0,5.0,1.0,1.0,0.0,0.0,0.0,0.0,0.0,,0.0,2.0,0.0,0.0,0.0,0.0,,,,,,,,,,,,,,,,,,,,,,
2026,2021039172,2026-07-31,1900038,橋本 侑樹,Hashimoto Yuuki,13,投,4,1.0,0.0,0.0,0.0,0.0,0.0,0.0,0.0,0.0,0.0,0.0,,0.0,0.0,0.0,0.0,0.0,0.0,3.0,1.0,0.0,2.0,0.0,1.66,1.0,1.0,,,0.0,0.0,0.0,0.0,0.0,,0.0,1.0,0.0,,3.0,11.0
2026,2021039172,2026-07-31,1900041,岡林 勇希,,1,中,4,1.0,1.0,6.0,4.0,0.0,0.0,0.0,0.0,0.0,2.0,0.0,,0.0,1.0,1.0,0.0,1.0,0.0,,,,,,,,,,,,,,,,,,,,,,
2026,2021039172,2026-07-31,1961300,ボスラー,,24,打,4,1.0,0.0,1.0,1.0,0.0,1.0,0.0,0.0,0.0,0.0,0.0,,0.0,0.0,0.0,0.0,0.0,0.0,,,,,,,,,,,,,,,,,,,,,,
2026,2021039172,2026-07-31,2000025,山野 太一,Yamano Taichi,26,投,2,1.0,1.0,2.0,2.0,0.0,0.0,0.0,0.0,0.0,0.0,0.0,,0.0,1.0,0.0,0.0,0.0,0.0,1.0,1.0,,8.0,2.0,2.29,6.0,6.0,,,0.0,5.0,4.0,4.0,2.0,,2.0,6.0,0.0,,24.0,106.0
2026,2021039172,2026-07-31,2000031,赤羽 由紘,,0,左,2,1.0,0.0,1.0,1.0,0.0,0.0,0.0,0.0,0.0,0.0,0.0,,0.0,1.0,0.0,0.0,0.0,0.0,,,,,,,,,,,,,,,,,,,,,,
2026,2021039172,2026-07-31,2000044,土田 龍空,,45,打中,4,1.0,0.0,1.0,0.0,0.0,0.0,0.0,0.0,0.0,1.0,0.0,,1.0,0.0,0.0,0.0,0.0,0.0,,,,,,,,,,,,,,,,,,,,,,
2026,2021039172,2026-07-31,2000135,サンタナ,,25,左,2,1.0,1.0,4.0,3.0,0.0,1.0,0.0,0.0,0.0,0.0,0.0,,1.0,2.0,0.0,0.0,0.0,0.0,,,,,,,,,,,,,,,,,,,,,,
2026,2021039172,2026-07-31,2060049,アブレウ,Abureu,28,投,4,1.0,0.0,0.0,0.0,0.0,0.0,0.0,0.0,0.0,0.0,0.0,,0.0,0.0,0.0,0.0,0.0,0.0,5.0,1.0,0.0,1.0,0.0,4.7,1.0,1.0,,,0.0,0.0,0.0,0.0,0.0,,0.0,1.0,0.0,,3.0,12.0
2026,2021039172,2026-07-31,2103780,福永 裕基,,7,二,4,1.0,1.0,5.0,4.0,3.0,2.0,0.0,0.0,1.0,1.0,0.0,,1.0,1.0,0.0,0.0,0.0,0.0,,,,,,,,,,,,,,,,,,,,,,
2026,2021039172,2026-07-31,2103917,岩田 幸宏,,64,中,2,1.0,1.0,4.0,3.0,1.0,0.0,0.0,0.0,0.0,0.0,0.0,,1.0,0.0,0.0,0.0,0.0,0.0,,,,,,,,,,,,,,,,,,,,,,
2026,2021039172,2026-07-31,2105174,辻本 倫太郎,,0,走,4,1.0,0.0,0.0,0.0,0.0,0.0,0.0,0.0,0.0,0.0,0.0,,0.0,0.0,0.0,0.0,0.0,0.0,,,,,,,,,,,,,,,,,,,,,,
2026,2021039172,2026-07-31,2105295,吉田 聖弥,Yoshida Kiyoshi Wataru,47,投,4,1.0,0.0,0.0,0.0,0.0,0.0,0.0,0.0,0.0,0.0,0.0,,0.0,0.0,0.0,0.0,0.0,0.0,4.0,1.0,0.0,0.0,1.0,1.57,1.0,1.0,,,0.0,0.0,0.0,0.0,0.0,,1.0,1.0,0.0,,4.0,20.0
2026,2021039172,2026-07-31,2105626,廣澤 優,Hirosawa Yuu,70,投,2,1.0,0.0,0.0,0.0,0.0,0.0,0.0,0.0,0.0,0.0,0.0,,0.0,0.0,0.0,0.0,0.0,0.0,2.0,1.0,0.0,2.0,1.0,2.83,1.0,1.0,,,0.0,1.0,0.0,0.0,0.0,,0.0,0.0,0.0,,5.0,20.0
2026,2021039172,2026-07-31,2107172,矢野 泰二郎,,57,捕,2,1.0,0.0,0.0,0.0,0.0,0.0,0.0,0.0,0.0,0.0,0.0,,0.0,0.0,0.0,0.0,0.0,0.0,,,,,,,,,,,,,,,,,,,,,,
2026,2021039172,2026-07-31,2107645,尾田 剛樹,,0,走左,4,1.0,0.0,1.0,1.0,1.0,0.0,0.0,0.0,0.0,0.0,0.0,,0.0,1.0,0.0,0.0,0.0,0.0,,,,,,,,,,,,,,,,,,,,,,
2026,2021039172,2026-07-31,2107908,下川 隼佑,Shimokawa Shun Yuu,69,投,2,1.0,0.0,0.0,0.0,0.0,0.0,0.0,0.0,0.0,0.0,0.0,,0.0,0.0,0.0,0.0,0.0,0.0,5.0,1.0,0.0,0.0,1.0,6.14,1.0,1.0,,,0.0,2.0,2.0,2.0,0.0,,2.0,2.0,1.0,,8.0,31.0
2026,2021039172,2026-07-31,2122334,リランソ,Riran Soviet,62,投,2,1.0,0.0,0.0,0.0,0.0,0.0,0.0,0.0,0.0,0.0,0.0,,0.0,0.0,0.0,0.0,0.0,0.0,3.0,1.0,0.0,1.0,2.0,2.16,0.0,0.0,,,0.0,2.0,4.0,4.0,1.0,,2.0,0.0,0.0,,4.0,23.0
2026,2021039173,2026-07-03,1000002,筒香 嘉智,,25,三,3,1.0,1.0,5.0,5.0,0.0,0.0,0.0,0.0,0.0,0.0,0.0,,0.0,2.0,0.0,0.0,0.0,0.0,,,,,,,,,,,,,,,,,,,,,,
2026,2021039173,2026-07-03,1200053,宮崎 敏郎,,51,打,3,1.0,0.0,1.0,0.0,0.0,0.0,0.0,0.0,0.0,0.0,0.0,,1.0,0.0,0.0,0.0,0.0,0.0,,,,,,,,,,,,,,,,,,,,,,
2026,2021039173,2026-07-03,1300075,岩崎 優,Iwasaki Yuu,13,投,5,1.0,0.0,0.0,0.0,0.0,0.0,0.0,0.0,0.0,0.0,0.0,,0.0,0.0,0.0,0.0,0.0,0.0,3.0,1.0,0.0,1.0,2.0,2.57,1.0,1.0,,,10.0,0.0,0.0,0.0,0.0,,0.0,1.0,0.0,,3.0,6.0
2026,2021039173,2026-07-03,1500063,柴田 竜拓,,31,三,3,1.0,0.0,0.0,0.0,0.0,0.0,0.0,0.0,0.0,0.0,0.0,,0.0,0.0,0.0,0.0,0.0,0.0,,,,,,,,,,,,,,,,,,,,,,
2026,2021039173,2026-07-03,1500064,戸柱 恭孝,,10,捕,3,1.0,1.0,4.0,4.0,0.0,1.0,1.0,0.0,0.0,0.0,0.0,,0.0,1.0,0.0,0.0,0.0,0.0,,,,,,,,,,,,,,,,,,,,,,
2026,2021039173,2026-07-03,1500087,坂本 誠志郎,,12,捕,5,1.0,1.0,5.0,4.0,0.0,1.0,1.0,0.0,0.0,0.0,0.0,,0.0,2.0,0.0,1.0,0.0,0.0,,,,,,,,,,,,,,,,,,,,,,
2026,2021039173,2026-07-03,1600033,ドリス,Doris,98,投,5,1.0,0.0,0.0,0.0,0.0,0.0,0.0,0.0,0.0,0.0,0.0,,0.0,0.0,0.0,0.0,0.0,0.0,4.0,1.0,0.0,2.0,2.0,1.35,1.0,1.0,,,16.0,0.0,0.0,0.0,0.0,,0.0,2.0,0.0,,3.0,11.0
2026,2021039173,2026-07-03,1600089,佐野 恵太,,7,一,3,1.0,1.0,5.0,5.0,0.0,1.0,0.0,0.0,0.0,0.0,0.0,,0.0,2.0,0.0,0.0,0.0,0.0,,,,,,,,,,,,,,,,,,,,,,
2026,2021039173,2026-07-03,1600113,大山 悠輔,,3,一,5,1.0,1.0,5.0,5.0,0.0,1.0,0.0,0.0,0.0,0.0,0.0,,0.0,2.0,0.0,0.0,0.0,0.0,,,,,,,,,,,,,,,,,,,,,,
2026,2021039173,2026-07-03,1600116,浜地 真澄,Hamachi Masumi,52,投,3,1.0,0.0,0.0,0.0,0.0,0.0,0.0,0.0,0.0,0.0,0.0,,0.0,0.0,0.0,0.0,0.0,0.0,4.0,1.0,0.0,0.0,0.0,0.0,1.0,1.0,,,0.0,0.0,0.0,0.0,0.0,,0.0,1.0,0.0,,3.0,11.0
2026,2021039173,2026-07-03,1600167,三森 大貴,,26,走中,3,1.0,0.0,0.0,0.0,0.0,0.0,0.0,0.0,0.0,0.0,1.0,,0.0,0.0,0.0,0.0,0.0,0.0,,,,,,,,,,,,,,,,,,,,,,
2026,2021039173,2026-07-03,1700079,熊谷 敬宥,,4,走,5,1.0,0.0,0.0,0.0,1.0,0.0,0.0,0.0,0.0,0.0,0.0,,0.0,0.0,0.0,0.0,0.0,0.0,,,,,,,,,,,,,,,,,,,,,,
2026,2021039173,2026-07-03,1800036,濱田 太貴,,32,打,5,1.0,0.0,1.0,1.0,0.0,0.0,0.0,0.0,0.0,0.0,0.0,,0.0,1.0,0.0,0.0,0.0,0.0,,,,,,,,,,,,,,,,,,,,,,
2026,2021039173,2026-07-03,1800046,勝又 温史,,28,左,3,1.0,1.0,5.0,4.0,0.0,1.0,0.0,0.0,0.0,0.0,0.0,,0.0,0.0,0.0,1.0,0.0,0.0,,,,,,,,,,,,,,,,,,,,,,
2026,2021039173,2026-07-03,1800049,宮城 滝太,Miyagi Taki Futoshi,65,投,3,1.0,0.0,0.0,0.0,0.0,0.0,0.0,0.0,0.0,0.0,0.0,,0.0,0.0,0.0,0.0,0.0,0.0,8.0,1.0,0.0,0.0,2.0,2.33,0.6666666666666666,0.2,,,0.0,2.0,1.0,1.0,0.0,,0.0,1.0,0.0,,4.0,10.0
2026,2021039173,2026-07-03,1800065,近本 光司,,5,中,5,1.0,1.0,5.0,4.0,0.0,0.0,0.0,0.0,0.0,0.0,0.0,,1.0,0.0,0.0,0.0,0.0,0.0,,,,,,,,,,,,,,,,,,,,,,
2026,2021039173,2026-07-03,1850183,森下 翔太,,1,右,5,1.0,1.0,5.0,5.0,0.0,0.0,0.0,0.0,0.0,0.0,0.0,,0.0,0.0,0.0,0.0,0.0,0.0,,,,,,,,,,,,,,,,,,,,,,
2026,2021039173,2026-07-03,1850838,篠木 健太郎,Shinoki Kentarou,30,投,3,1.0,1.0,2.0,2.0,0.0,0.0,0.0,0.0,0.0,0.0,0.0,,0.0,2.0,0.0,0.0,0.0,0.0,1.0,1.0,,4.0,2.0,3.93,4.666666666666667,4.2,,,0.0,5.0,1.0,1.0,0.0,,1.0,5.0,0.0,,20.0,80.0
2026,2021039173,2026-07-03,1850873,度会 隆輝,,4,右左,3,1.0,1.0,5.0,4.0,0.0,0.0,0.0,0.0,0.0,0.0,0.0,,0.0,1.0,1.0,0.0,0.0,0.0,,,,,,,,,,,,,,,,,,,,,,
2026,2021039173,2026-07-03,1900032,伊勢 大夢,Ise Taimu,13,投,3,1.0,0.0,0.0,0.0,0.0,0.0,0.0,0.0,0.0,0.0,0.0,,0.0,0.0,0.0,0.0,0.0,0.0,5.0,1.0,0.0,2.0,1.0,2.57,1.3333333333333333,1.1,,,0.0,1.0,0.0,0.0,0.0,,1.0,2.0,0.0,,6.0,20.0
2026,2021039173,2026-07-03,1900035,蝦名 達夫,,61,中右,3,1.0,1.0,4.0,4.0,0.0,0.0,0.0,0.0,0.0,0.0,0.0,,0.0,2.0,0.0,0.0,0.0,0.0,,,,,,,,,,,,,,,,,,,,,,
2026,2021039173,2026-07-03,2000027,元山 飛優,,0,遊,5,1.0,1.0,5.0,4.0,1.0,2.0,0.0,0.0,0.0,0.0,0.0,,1.0,2.0,0.0,0.0,0.0,0.0,,,,,,,,,,,,,,,,,,,,,,
2026,2021039173,2026-07-03,2000035,牧 秀悟,,2,二,3,1.0,1.0,5.0,4.0,1.0,1.0,0.0,0.0,1.0,1.0,1.0,,1.0,2.0,0.0,0.0,0.0,0.0,,,,,,,,,,,,,,,,,,,,,,
2026,2021039173,2026-07-03,2000051,佐藤 輝明,,8,三,5,1.0,1.0,5.0,3.0,0.0,0.0,0.0,0.0,0.0,0.0,0.0,,2.0,2.0,0.0,0.0,0.0,0.0,,,,,,,,,,,,,,,,,,,,,,
2026,2021039173,2026-07-03,2000056,中野 拓夢,,7,二,5,1.0,1.0,5.0,5.0,0.0,4.0,0.0,0.0,0.0,0.0,0.0,,0.0,0.0,0.0,0.0,0.0,0.0,,,,,,,,,,,,,,,,,,,,,,
2026,2021039173,2026-07-03,2000057,高寺 望夢,,67,左,5,1.0,0.0,3.0,3.0,0.0,1.0,1.0,0.0,0.0,1.0,0.0,,0.0,1.0,0.0,0.0,0.0,0.0,,,,,,,,,,,,,,,,,,,,,,
2026,2021039173,2026-07-03,2000059,岩田 将貴,Iwata Masaki,68,投,3,1.0,0.0,0.0,0.0,0.0,0.0,0.0,0.0,0.0,0.0,0.0,,0.0,0.0,0.0,0.0,0.0,0.0,6.0,1.0,0.0,1.0,0.0,0.45,1.3333333333333333,1.1,,,0.0,1.0,0.0,0.0,0.0,,2.0,3.0,0.0,,7.0,24.0
2026,2021039173,2026-07-03,2100014,宮下 朝陽,,34,遊,3,1.0,1.0,4.0,4.0,0.0,1.0,0.0,0.0,0.0,0.0,0.0,,0.0,1.0,0.0,0.0,0.0,0.0,,,,,,,,,,,,,,,,,,,,,,
2026,2021039173,2026-07-03,2103242,立石 正広,,9,左,5,1.0,1.0,3.0,3.0,0.0,0.0,0.0,0.0,0.0,0.0,0.0,,0.0,2.0,0.0,0.0,0.0,0.0,,,,,,,,,,,,,,,,,,,,,,
2026,2021039173,2026-07-03,2103703,梶原 昂希,,58,打,3,1.0,0.0,1.0,1.0,0.0,0.0,0.0,0.0,0.0,0.0,0.0,,0.0,0.0,0.0,0.0,0.0,0.0,,,,,,,,,,,,,,,,,,,,,,
2026,2021039173,2026-07-03,2105707,吉野 光樹,Yoshino Hikariju,24,投,3,1.0,0.0,0.0,0.0,0.0,0.0,0.0,0.0,0.0,0.0,0.0,,0.0,0.0,0.0,0.0,0.0,0.0,7.0,1.0,0.0,0.0,1.0,4.3,0.3333333333333333,0.1,,,0.0,0.0,0.0,0.0,0.0,,0.0,1.0,0.0,,1.0,4.0
2026,2021039173,2026-07-03,2105891,マルセリーノ,Mal Cereno,98,投,3,1.0,0.0,0.0,0.0,0.0,0.0,0.0,0.0,0.0,0.0,0.0,,0.0,0.0,0.0,0.0,0.0,0.0,3.0,1.0,0.0,1.0,0.0,3.91,1.0,1.0,,,0.0,0.0,0.0,0.0,0.0,,0.0,1.0,0.0,,3.0,8.0
2026,2021039173,2026-07-03,2108557,松本 凌人,Matsumoto Ryounin,38,投,3,1.0,0.0,0.0,0.0,0.0,0.0,0.0,0.0,0.0,0.0,0.0,,0.0,0.0,0.0,0.0,0.0,0.0,2.0,1.0,0.0,0.0,0.0,0.0,0.3333333333333333,0.1,,,0.0,0.0,0.0,0.0,0.0,,0.0,0.0,0.0,,1.0,3.0
2026,2021039173,2026-07-03,2110225,福島 圭音,,92,打,5,1.0,0.0,1.0,1.0,0.0,0.0,0.0,0.0,0.0,0.0,0.0,,0.0,1.0,0.0,0.0,0.0,0.0,,,,,,,,,,,,,,,,,,,,,,
2026,2021039173,2026-07-03,2110265,下村 海翔,Shimomura Kaishou,19,投,5,1.0,1.0,2.0,2.0,0.0,0.0,0.0,0.0,0.0,1.0,0.0,,0.0,1.0,0.0,0.0,0.0,0.0,1.0,1.0,,0.0,1.0,2.12,6.0,6.0,,,0.0,4.0,1.0,1.0,1.0,,0.0,7.0,0.0,,22.0,92.0
2026,2021039173,2026-07-03,2112146,工藤 泰成,Kudou Yasunari,49,投,5,1.0,0.0,0.0,0.0,0.0,0.0,0.0,0.0,0.0,0.0,0.0,,0.0,0.0,0.0,0.0,0.0,0.0,2.0,1.0,0.0,2.0,0.0,1.42,2.0,2.0,,,0.0,1.0,0.0,0.0,0.0,,0.0,1.0,0.0,,7.0,25.0
2026,2021039173,2026-07-03,2112444,木下 里都,Kinoshita Sato To,54,投,5,1.0,0.0,0.0,0.0,0.0,0.0,0.0,0.0,0.0,0.0,0.0,,0.0,0.0,0.0,0.0,0.0,0.0,5.0,1.0,0.0,2.0,1.0,2.31,1.0,1.0,,,0.0,0.0,0.0,0.0,0.0,,2.0,2.0,1.0,,6.0,27.0
2026,2021039174,2026-07-02,1000128,柳田 悠岐,,9,打,12,1.0,0.0,1.0,1.0,0.0,0.0,0.0,0.0,0.0,0.0,0.0,,0.0,0.0,0.0,0.0,0.0,0.0,,,,,,,,,,,,,,,,,,,,,,
2026,2021039174,2026-07-02,1000175,牧原 大成,,8,二,12,1.0,1.0,4.0,4.0,0.0,1.0,0.0,0.0,0.0,0.0,0.0,,0.0,2.0,0.0,0.0,0.0,0.0,,,,,,,,,,,,,,,,,,,,,,
2026,2021039174,2026-07-02,1100097,近藤 健介,,3,指,12,1.0,1.0,4.0,3.0,0.0,0.0,0.0,0.0,0.0,0.0,0.0,,1.0,1.0,0.0,0.0,0.0,0.0,,,,,,,,,,,,,,,,,,,,,,
2026,2021039174,2026-07-02,1100099,上沢 直之,Kamisawa Naoyuki,10,,12,,,,,,,,,,,,,,,,,,,1.0,1.0,,5.0,4.0,2.41,6.0,6.0,,,0.0,7.0,2.0,2.0,1.0,,0.0,8.0,0.0,,23.0,108.0
2026,2021039174,2026-07-02,1300109,若月 健矢,,2,捕,11,1.0,1.0,3.0,2.0,0.0,0.0,0.0,0.0,0.0,0.0,0.0,,1.0,1.0,0.0,0.0,0.0,0.0,,,,,,,,,,,,,,,,,,,,,,
2026,2021039174,2026-07-02,1400127,栗原 陵矢,,24,三,12,1.0,1.0,4.0,3.0,0.0,0.0,0.0,0.0,0.0,0.0,0.0,,1.0,2.0,0.0,0.0,0.0,0.0,,,,,,,,,,,,,,,,,,,,,,
2026,2021039174,2026-07-02,1400196,宗 佑磨,,6,三,11,1.0,1.0,4.0,4.0,0.0,1.0,0.0,0.0,0.0,1.0,0.0,,0.0,0.0,0.0,0.0,0.0,0.0,,,,,,,,,,,,,,,,,,,,,,
2026,2021039174,2026-07-02,1500096,西川 龍馬,,7,指,11,1.0,1.0,4.0,4.0,1.0,1.0,0.0,0.0,0.0,0.0,0.0,,0.0,1.0,0.0,0.0,0.0,0.0,,,,,,,,,,,,,,,,,,,,,,
2026,2021039174,2026-07-02,1500140,谷川原 健太,,45,捕,12,1.0,0.0,0.0,0.0,0.0,0.0,0.0,0.0,0.0,0.0,0.0,,0.0,0.0,0.0,0.0,0.0,0.0,,,,,,,,,,,,,,,,,,,,,,
2026,2021039174,2026-07-02,1650221,椋木 蓮,Mukunoki Ren,15,,11,,,,,,,,,,,,,,,,,,,2.0,1.0,0.0,2.0,3.0,2.45,1.0,1.0,,,1.0,0.0,0.0,0.0,0.0,,0.0,1.0,0.0,,3.0,14.0
2026,2021039174,2026-07-02,1650722,杉澤 龍,,33,右左,11,1.0,1.0,3.0,3.0,1.0,1.0,0.0,0.0,1.0,1.0,0.0,,0.0,2.0,0.0,0.0,0.0,0.0,,,,,,,,,,,,,,,,,,,,,,
2026,2021039174,2026-07-02,1700135,周東 佑京,,23,中,12,1.0,1.0,4.0,4.0,0.0,0.0,0.0,0.0,0.0,0.0,1.0,,0.0,2.0,0.0,0.0,0.0,0.0,,,,,,,,,,,,,,,,,,,,,,
2026,2021039174,2026-07-02,1750667,山中 稜真,,50,左一,11,1.0,1.0,4.0,4.0,0.0,2.0,0.0,0.0,0.0,0.0,0.0,,0.0,1.0,0.0,0.0,0.0,0.0,,,,,,,,,,,,,,,,,,,,,,
2026,2021039174,2026-07-02,1800054,中村 稔弥,Nakamura Minoru Wataru,30,,12,,,,,,,,,,,,,,,,,,,4.0,1.0,0.0,0.0,0.0,2.7,1.0,1.0,,,0.0,0.0,0.0,0.0,0.0,,0.0,0.0,0.0,,3.0,12.0
2026,2021039174,2026-07-02,1800098,太田 椋,,1,一二,11,1.0,1.0,4.0,4.0,0.0,1.0,0.0,0.0,0.0,0.0,0.0,,0.0,3.0,0.0,0.0,0.0,0.0,,,,,,,,,,,,,,,,,,,,,,
2026,2021039174,2026-07-02,1800102,宜保 翔,,53,二,11,1.0,1.0,3.0,3.0,0.0,1.0,1.0,0.0,0.0,0.0,0.0,,0.0,0.0,0.0,0.0,0.0,0.0,,,,,,,,,,,,,,,,,,,,,,
2026,2021039174,2026-07-02,1800104,中川 圭太,,67,打左右,11,1.0,0.0,1.0,1.0,0.0,0.0,0.0,0.0,0.0,0.0,0.0,,0.0,0.0,0.0,0.0,0.0,0.0,,,,,,,,,,,,,,,,,,,,,,
2026,2021039174,2026-07-02,1851115,木村 光,Kimura Hikari,68,,12,,,,,,,,,,,,,,,,,,,2.0,1.0,0.0,3.0,0.0,2.05,1.0,1.0,,,0.0,0.0,0.0,0.0,0.0,,1.0,2.0,0.0,,4.0,22.0
2026,2021039174,2026-07-02,1900088,紅林 弘太郎,,24,遊,11,1.0,1.0,4.0,4.0,0.0,0.0,0.0,0.0,0.0,0.0,0.0,,0.0,2.0,0.0,0.0,0.0,0.0,,,,,,,,,,,,,,,,,,,,,,
2026,2021039174,2026-07-02,1900101,海野 隆司,,62,捕,12,1.0,1.0,2.0,2.0,0.0,1.0,0.0,0.0,0.0,0.0,0.0,,0.0,0.0,0.0,0.0,0.0,0.0,,,,,,,,,,,,,,,,,,,,,,
2026,2021039174,2026-07-02,1900104,柳町 達,,32,左,12,1.0,1.0,3.0,3.0,0.0,0.0,0.0,0.0,0.0,0.0,0.0,,0.0,1.0,0.0,0.0,0.0,0.0,,,,,,,,,,,,,,,,,,,,,,
2026,2021039174,2026-07-02,1950149,庄子 雄大,,25,走,12,1.0,0.0,0.0,0.0,0.0,0.0,0.0,0.0,0.0,0.0,0.0,,0.0,0.0,0.0,0.0,0.0,0.0,,,,,,,,,,,,,,,,,,,,,,
2026,2021039174,2026-07-02,1961416,マチャド,Machado,42,,11,,,,,,,,,,,,,,,,,,,3.0,1.0,0.0,1.0,0.0,1.1,1.0,1.0,,,22.0,1.0,0.0,0.0,0.0,,0.0,2.0,0.0,,4.0,19.0
2026,2021039174,2026-07-02,2103735,正木 智也,,31,一,12,1.0,1.0,4.0,4.0,0.0,1.0,0.0,0.0,0.0,0.0,0.0,,0.0,1.0,0.0,0.0,0.0,0.0,,,,,,,,,,,,,,,,,,,,,,
2026,2021039174,2026-07-02,2103747,渡部 遼人,,0,中,11,1.0,1.0,4.0,4.0,0.0,1.0,0.0,0.0,0.0,0.0,1.0,,0.0,2.0,0.0,0.0,0.0,0.0,,,,,,,,,,,,,,,,,,,,,,
2026,2021039174,2026-07-02,2103876,山本 恵大,,77,右,12,1.0,1.0,4.0,4.0,1.0,1.0,0.0,0.0,1.0,1.0,0.0,,0.0,0.0,0.0,0.0,0.0,0.0,,,,,,,,,,,,,,,,,,,,,,
2026,2021039174,2026-07-02,2104035,野村 勇,,99,遊,12,1.0,1.0,4.0,4.0,0.0,1.0,0.0,0.0,0.0,0.0,1.0,,0.0,2.0,0.0,0.0,0.0,0.0,,,,,,,,,,,,,,,,,,,,,,
2026,2021039174,2026-07-02,2108177,エスピノーザ,Esupinooza,0,,11,,,,,,,,,,,,,,,,,,,1.0,1.0,,9.0,3.0,2.32,7.0,7.0,,,0.0,4.0,1.0,1.0,1.0,,2.0,8.0,0.0,,27.0,116.0
2026,2021039174,2026-07-02,2108558,岩井 俊介,Iwai Shunsuke,27,,12,,,,,,,,,,,,,,,,,,,3.0,1.0,0.0,0.0,0.0,0.0,1.0,1.0,,,0.0,1.0,0.0,0.0,0.0,,0.0,2.0,0.0,,4.0,16.0
2026,2021039175,2026-07-03,800043,丸 佳浩,,8,打,1,1.0,0.0,1.0,1.0,0.0,0.0,0.0,0.0,0.0,0.0,0.0,,0.0,1.0,0.0,0.0,0.0,0.0,,,,,,,,,,,,,,,,,,,,,,
2026,2021039175,2026-07-03,1000150,秋山 翔吾,,9,右,6,1.0,1.0,4.0,4.0,0.0,3.0,0.0,0.0,0.0,0.0,0.0,,0.0,1.0,0.0,0.0,0.0,0.0,,,,,,,,,,,,,,,,,,,,,,
2026,2021039175,2026-07-03,1100082,菊池 涼介,,33,二,6,1.0,0.0,1.0,1.0,0.0,0.0,0.0,0.0,0.0,0.0,0.0,,0.0,0.0,0.0,0.0,0.0,0.0,,,,,,,,,,,,,,,,,,,,,,
2026,2021039175,2026-07-03,1450977,森田 駿哉,Morita Shun kana,47,投,1,1.0,0.0,0.0,0.0,0.0,0.0,0.0,0.0,0.0,0.0,0.0,,0.0,0.0,0.0,0.0,0.0,0.0,2.0,1.0,0.0,0.0,0.0,5.94,1.0,1.0,,,0.0,2.0,1.0,1.0,0.0,,1.0,0.0,0.0,,6.0,18.0
2026,2021039175,2026-07-03,1561820,ダルベック,,29,一,1,1.0,1.0,4.0,4.0,0.0,1.0,0.0,0.0,0.0,0.0,0.0,,0.0,2.0,0.0,0.0,0.0,0.0,,,,,,,,,,,,,,,,,,,,,,
2026,2021039175,2026-07-03,1600124,坂倉 将吾,,31,三一,6,1.0,1.0,5.0,5.0,0.0,1.0,0.0,0.0,0.0,0.0,0.0,,0.0,2.0,0.0,0.0,0.0,0.0,,,,,,,,,,,,,,,,,,,,,,
2026,2021039175,2026-07-03,1700044,大城 卓三,,24,捕,1,1.0,1.0,3.0,2.0,0.0,0.0,0.0,0.0,0.0,0.0,0.0,,1.0,2.0,0.0,0.0,0.0,0.0,,,,,,,,,,,,,,,,,,,,,,
2026,2021039175,2026-07-03,1700072,遠藤 淳志,Endou Atsushi,66,投,6,1.0,0.0,0.0,0.0,0.0,0.0,0.0,0.0,0.0,0.0,0.0,,0.0,0.0,0.0,0.0,0.0,0.0,3.0,1.0,0.0,1.0,1.0,2.41,1.0,1.0,,,0.0,0.0,0.0,0.0,0.0,,0.0,1.0,0.0,,3.0,10.0
2026,2021039175,2026-07-03,1750321,泉口 友汰,,35,遊,1,1.0,1.0,4.0,3.0,0.0,0.0,0.0,0.0,0.0,1.0,0.0,,0.0,1.0,0.0,0.0,1.0,0.0,,,,,,,,,,,,,,,,,,,,,,
2026,2021039175,2026-07-03,1800072,小園 海斗,,5,遊三,6,1.0,1.0,5.0,4.0,1.0,1.0,0.0,1.0,0.0,0.0,0.0,,1.0,0.0,0.0,0.0,0.0,0.0,,,,,,,,,,,,,,,,,,,,,,
2026,2021039175,2026-07-03,1800079,大盛 穂,,59,中,6,1.0,1.0,5.0,3.0,0.0,0.0,0.0,0.0,0.0,0.0,0.0,,1.0,1.0,0.0,1.0,0.0,0.0,,,,,,,,,,,,,,,,,,,,,,
2026,2021039175,2026-07-03,1850035,西舘 勇陽,Nishidate Isamu Hi,17,投,1,1.0,1.0,1.0,1.0,0.0,1.0,0.0,0.0,0.0,0.0,0.0,,0.0,0.0,0.0,0.0,0.0,0.0,1.0,1.0,,2.0,2.0,2.3,5.0,5.0,,,0.0,4.0,2.0,2.0,2.0,,3.0,4.0,1.0,,21.0,100.0
2026,2021039175,2026-07-03,1850405,名原 典彦,,92,走右,6,1.0,0.0,1.0,1.0,0.0,1.0,0.0,0.0,0.0,1.0,1.0,,0.0,0.0,0.0,0.0,0.0,0.0,,,,,,,,,,,,,,,,,,,,,,
2026,2021039175,2026-07-03,1900020,山瀬 慎之助,,67,打捕,1,1.0,0.0,1.0,1.0,0.0,0.0,0.0,0.0,0.0,0.0,0.0,,0.0,1.0,0.0,0.0,0.0,0.0,,,,,,,,,,,,,,,,,,,,,,
2026,2021039175,2026-07-03,1900058,持丸 泰輝,,57,捕,6,1.0,1.0,4.0,2.0,2.0,1.0,0.0,0.0,1.0,1.0,0.0,,2.0,0.0,0.0,0.0,0.0,0.0,,,,,,,,,,,,,,,,,,,,,,
2026,2021039175,2026-07-03,1950429,高 太一,Kou Taichi,22,投,6,1.0,0.0,0.0,0.0,0.0,0.0,0.0,0.0,0.0,0.0,0.0,,0.0,0.0,0.0,0.0,0.0,0.0,2.0,1.0,0.0,0.0,2.0,2.1,1.0,1.0,,,0.0,0.0,0.0,0.0,0.0,,1.0,2.0,0.0,,4.0,20.0
2026,2021039175,2026-07-03,1951153,浦田 俊輔,,32,二,1,1.0,1.0,4.0,3.0,1.0,1.0,1.0,0.0,0.0,0.0,1.0,,1.0,0.0,0.0,0.0,0.0,0.0,,,,,,,,,,,,,,,,,,,,,,
2026,2021039175,2026-07-03,1960397,ハーン,Haan,68,投,6,1.0,0.0,0.0,0.0,0.0,0.0,0.0,0.0,0.0,0.0,0.0,,0.0,0.0,0.0,0.0,0.0,0.0,4.0,1.0,0.0,2.0,2.0,1.31,1.0,1.0,,,1.0,0.0,0.0,0.0,0.0,,0.0,2.0,0.0,,3.0,14.0
2026,2021039175,2026-07-03,1960444,ルシアーノ,Le Seer no,48,投,1,1.0,0.0,0.0,0.0,0.0,0.0,0.0,0.0,0.0,0.0,0.0,,0.0,0.0,0.0,0.0,0.0,0.0,4.0,1.0,0.0,0.0,1.0,5.25,1.0,1.0,,,0.0,3.0,3.0,3.0,0.0,,1.0,2.0,0.0,,7.0,27.0
2026,2021039175,2026-07-03,1961927,モンテロ,,95,一,6,1.0,1.0,4.0,3.0,2.0,3.0,0.0,0.0,1.0,2.0,0.0,,1.0,0.0,0.0,0.0,0.0,0.0,,,,,,,,,,,,,,,,,,,,,,
2026,2021039175,2026-07-03,2000005,平内 龍太,Heinai Ryuuta,66,投,1,1.0,0.0,0.0,0.0,0.0,0.0,0.0,0.0,0.0,0.0,0.0,,0.0,0.0,0.0,0.0,0.0,0.0,5.0,1.0,0.0,0.0,0.0,0.0,1.0,1.0,,,0.0,1.0,0.0,0.0,0.0,,1.0,0.0,0.0,,4.0,17.0
2026,2021039175,2026-07-03,2000061,森浦 大輔,Moriura Daisuke,13,投,6,1.0,0.0,0.0,0.0,0.0,0.0,0.0,0.0,0.0,0.0,0.0,,0.0,0.0,0.0,0.0,0.0,0.0,5.0,1.0,0.0,4.0,2.0,2.94,1.0,1.0,,,10.0,0.0,0.0,0.0,0.0,,0.0,0.0,0.0,,3.0,13.0
2026,2021039175,2026-07-03,2000066,二俣 翔一,,99,左,6,1.0,0.0,0.0,0.0,0.0,0.0,0.0,0.0,0.0,0.0,0.0,,0.0,0.0,0.0,0.0,0.0,0.0,,,,,,,,,,,,,,,,,,,,,,
2026,2021039175,2026-07-03,2050203,佐々木 泰,,10,打,6,1.0,0.0,1.0,1.0,0.0,0.0,0.0,0.0,0.0,0.0,0.0,,0.0,0.0,0.0,0.0,0.0,0.0,,,,,,,,,,,,,,,,,,,,,,
2026,2021039175,2026-07-03,2100225,笹原 操希,,95,右,1,1.0,1.0,4.0,3.0,0.0,0.0,0.0,0.0,0.0,0.0,0.0,,1.0,1.0,0.0,0.0,0.0,0.0,,,,,,,,,,,,,,,,,,,,,,
2026,2021039175,2026-07-03,2103689,赤星 優志,Akahoshi Yuushi,31,投,1,1.0,0.0,0.0,0.0,0.0,0.0,0.0,0.0,0.0,0.0,0.0,,0.0,0.0,0.0,0.0,0.0,0.0,3.0,1.0,0.0,5.0,2.0,2.68,1.0,1.0,,,0.0,1.0,0.0,0.0,0.0,,0.0,0.0,0.0,,4.0,19.0
2026,2021039175,2026-07-03,2103888,知念 大成,,94,打,1,1.0,0.0,1.0,1.0,0.0,0.0,0.0,0.0,0.0,0.0,0.0,,0.0,0.0,0.0,0.0,0.0,0.0,,,,,,,,,,,,,,,,,,,,,,
2026,2021039175,2026-07-03,2106178,佐々木 俊輔,,44,左,1,1.0,1.0,4.0,2.0,0.0,0.0,0.0,0.0,0.0,0.0,0.0,,2.0,0.0,0.0,0.0,0.0,0.0,,,,,,,,,,,,,,,,,,,,,,
2026,2021039175,2026-07-03,2107847,斉藤 優汰,Saitou Yuu ?,47,投,6,1.0,1.0,2.0,2.0,0.0,0.0,0.0,0.0,0.0,0.0,0.0,,0.0,0.0,0.0,0.0,0.0,0.0,1.0,1.0,,1.0,1.0,2.45,5.0,5.0,,,0.0,3.0,1.0,1.0,0.0,,4.0,5.0,0.0,,22.0,93.0
2026,2021039175,2026-07-03,2107887,辰見 鴻之介,,69,走,6,1.0,0.0,0.0,0.0,0.0,0.0,0.0,0.0,0.0,0.0,0.0,,0.0,0.0,0.0,0.0,0.0,0.0,,,,,,,,,,,,,,,,,,,,,,
2026,2021039175,2026-07-03,2110422,勝田 成,,0,二遊,6,1.0,1.0,4.0,3.0,1.0,1.0,0.0,0.0,0.0,1.0,0.0,,0.0,0.0,1.0,0.0,0.0,0.0,,,,,,,,,,,,,,,,,,,,,,
2026,2021039175,2026-07-03,2110991,小濱 佑斗,,33,一,1,1.0,0.0,0.0,0.0,0.0,0.0,0.0,0.0,0.0,0.0,0.0,,0.0,0.0,0.0,0.0,0.0,0.0,,,,,,,,,,,,,,,,,,,,,,
2026,2021039175,2026-07-03,2112143,佐藤 啓介,,94,打,6,1.0,0.0,1.0,1.0,0.0,0.0,0.0,0.0,0.0,0.0,0.0,,0.0,1.0,0.0,0.0,0.0,0.0,,,,,,,,,,,,,,,,,,,,,,
2026,2021039175,2026-07-03,2114882,ファビアン,,61,左,6,1.0,1.0,5.0,4.0,0.0,0.0,0.0,0.0,0.0,0.0,0.0,,1.0,1.0,0.0,0.0,0.0,0.0,,,,,,,,,,,,,,,,,,,,,,
2026,2021039175,2026-07-03,2116069,石塚 裕惺,,23,三,1,1.0,1.0,4.0,4.0,0.0,0.0,0.0,0.0,0.0,0.0,0.0,,0.0,1.0,0.0,0.0,0.0,0.0,,,,,,,,,,,,,,,,,,,,,,
2026,2021039175,2026-07-03,2118420,キャベッジ,,13,中,1,1.0,1.0,4.0,4.0,0.0,0.0,0.0,0.0,0.0,0.0,0.0,,0.0,1.0,0.0,0.0,0.0,0.0,,,,,,,,,,,,,,,,,,,,,,
2026,2021039176,2026-07-17,900044,中村 悠平,,27,捕,2,1.0,1.0,2.0,2.0,1.0,1.0,1.0,0.0,0.0,0.0,0.0,,0.0,1.0,0.0,0.0,0.0,0.0,,,,,,,,,,,,,,,,,,,,,,
2026,2021039176,2026-07-17,1400199,齋藤 綱記,Saitou Tsunaki,59,投,4,1.0,0.0,0.0,0.0,0.0,0.0,0.0,0.0,0.0,0.0,0.0,,0.0,0.0,0.0,0.0,0.0,0.0,4.0,1.0,0.0,2.0,3.0,4.08,0.6666666666666666,0.2,,,0.0,2.0,1.0,1.0,1.0,,0.0,2.0,0.0,,4.0,20.0
2026,2021039176,2026-07-17,1500078,阿部 寿樹,,48,打,4,1.0,0.0,1.0,1.0,0.0,0.0,0.0,0.0,0.0,0.0,0.0,,0.0,1.0,0.0,0.0,0.0,0.0,,,,,,,,,,,,,,,,,,,,,,
2026,2021039176,2026-07-17,1500091,板山 祐太郎,,63,中右,4,1.0,1.0,4.0,2.0,1.0,0.0,0.0,0.0,0.0,0.0,0.0,,2.0,0.0,0.0,0.0,0.0,0.0,,,,,,,,,,,,,,,,,,,,,,
2026,2021039176,2026-07-17,1561854,サノー,,23,一,4,1.0,1.0,4.0,4.0,1.0,3.0,1.0,0.0,1.0,2.0,0.0,,0.0,1.0,0.0,0.0,0.0,0.0,,,,,,,,,,,,,,,,,,,,,,
2026,2021039176,2026-07-17,1600078,古賀 優大,,2,打捕,2,1.0,0.0,2.0,2.0,0.0,0.0,0.0,0.0,0.0,0.0,0.0,,0.0,0.0,0.0,0.0,0.0,0.0,,,,,,,,,,,,,,,,,,,,,,
2026,2021039176,2026-07-17,1600085,細川 成也,,55,左,4,1.0,1.0,4.0,4.0,1.0,1.0,0.0,0.0,1.0,2.0,0.0,,0.0,1.0,0.0,0.0,0.0,0.0,,,,,,,,,,,,,,,,,,,,,,
2026,2021039176,2026-07-17,1600110,藤嶋 健人,Fujishima Taketo,54,投,4,1.0,0.0,0.0,0.0,0.0,0.0,0.0,0.0,0.0,0.0,0.0,,0.0,0.0,0.0,0.0,0.0,0.0,3.0,1.0,0.0,2.0,2.0,2.76,1.3333333333333333,1.1,,,0.0,3.0,2.0,2.0,0.0,,0.0,0.0,0.0,,6.0,22.0
2026,2021039176,2026-07-17,1650489,三浦 瑞樹,Miura Mizuki,69,投,4,1.0,0.0,0.0,0.0,0.0,0.0,0.0,0.0,0.0,0.0,0.0,,0.0,0.0,0.0,0.0,0.0,0.0,2.0,1.0,0.0,0.0,0.0,0.0,2.0,2.0,,,0.0,2.0,0.0,0.0,0.0,,0.0,3.0,0.0,,7.0,32.0
2026,2021039176,2026-07-17,1650522,丸山 和郁,,4,右,2,1.0,1.0,4.0,3.0,1.0,2.0,1.0,0.0,0.0,0.0,0.0,,1.0,1.0,0.0,0.0,0.0,0.0,,,,,,,,,,,,,,,,,,,,,,
2026,2021039176,2026-07-17,1700089,宮本 丈,,10,打,2,1.0,0.0,1.0,1.0,0.0,0.0,0.0,0.0,0.0,0.0,0.0,,0.0,1.0,0.0,0.0,0.0,0.0,,,,,,,,,,,,,,,,,,,,,,
2026,2021039176,2026-07-17,1700131,増田 珠,,63,打,2,1.0,0.0,1.0,1.0,0.0,0.0,0.0,0.0,0.0,0.0,0.0,,0.0,0.0,0.0,0.0,0.0,0.0,,,,,,,,,,,,,,,,,,,,,,
2026,2021039176,2026-07-17,1750223,村松 開人,,5,遊,4,1.0,1.0,4.0,4.0,1.0,1.0,0.0,0.0,0.0,0.0,0.0,,0.0,0.0,0.0,0.0,0.0,0.0,,,,,,,,,,,,,,,,,,,,,,
2026,2021039176,2026-07-17,1800033,清水 昇,Shimizu Noboru,17,投,2,1.0,0.0,0.0,0.0,0.0,0.0,0.0,0.0,0.0,0.0,0.0,,0.0,0.0,0.0,0.0,0.0,0.0,3.0,1.0,0.0,1.0,0.0,1.5,1.0,1.0,,,1.0,0.0,0.0,0.0,0.0,,0.0,1.0,0.0,,3.0,11.0
2026,2021039176,2026-07-17,1800062,石橋 康太,,58,打,4,1.0,0.0,1.0,1.0,0.0,0.0,0.0,0.0,0.0,0.0,0.0,,0.0,1.0,0.0,0.0,0.0,0.0,,,,,,,,,,,,,,,,,,,,,,
2026,2021039176,2026-07-17,1851138,草加 勝,Souka Kachi,14,投,4,1.0,0.0,0.0,0.0,0.0,0.0,0.0,0.0,0.0,0.0,0.0,,0.0,0.0,0.0,0.0,0.0,0.0,5.0,1.0,0.0,0.0,1.0,0.77,2.0,2.0,,,0.0,0.0,0.0,0.0,0.0,,0.0,0.0,0.0,,6.0,18.0
2026,2021039176,2026-07-17,1900024,奥川 恭伸,Okugawa Yasushi Shin,18,投,2,1.0,1.0,2.0,2.0,0.0,0.0,0.0,0.0,0.0,0.0,0.0,,0.0,2.0,0.0,0.0,0.0,0.0,1.0,1.0,,4.0,7.0,3.47,6.0,6.0,,,0.0,6.0,4.0,4.0,2.0,,2.0,4.0,0.0,,25.0,99.0
2026,2021039176,2026-07-17,1900028,長岡 秀樹,,7,遊,2,1.0,1.0,4.0,4.0,2.0,2.0,0.0,0.0,1.0,3.0,0.0,,0.0,0.0,0.0,0.0,0.0,0.0,,,,,,,,,,,,,,,,,,,,,,
2026,2021039176,2026-07-17,1900029,武岡 龍世,,60,三,2,1.0,1.0,4.0,4.0,1.0,2.0,0.0,0.0,0.0,0.0,0.0,,0.0,1.0,0.0,0.0,0.0,0.0,,,,,,,,,,,,,,,,,,,,,,
2026,2021039176,2026-07-17,1900037,石川 昂弥,,25,三,4,1.0,1.0,4.0,4.0,0.0,1.0,0.0,0.0,0.0,0.0,0.0,,0.0,1.0,0.0,0.0,0.0,0.0,,,,,,,,,,,,,,,,,,,,,,
2026,2021039176,2026-07-17,1900041,岡林 勇希,,1,中,4,1.0,0.0,2.0,2.0,0.0,1.0,0.0,0.0,0.0,1.0,0.0,,0.0,0.0,0.0,0.0,0.0,0.0,,,,,,,,,,,,,,,,,,,,,,
2026,2021039176,2026-07-17,1951008,中西 聖輝,Nakanishi Seiki,11,投,4,1.0,1.0,1.0,1.0,0.0,0.0,0.0,0.0,0.0,0.0,0.0,,0.0,1.0,0.0,0.0,0.0,0.0,1.0,1.0,,2.0,3.0,5.71,2.0,2.0,,,0.0,5.0,5.0,5.0,2.0,,2.0,3.0,0.0,,13.0,64.0
2026,2021039176,2026-07-17,1961046,キハダ,Kihada,11,投,2,1.0,0.0,0.0,0.0,0.0,0.0,0.0,0.0,0.0,0.0,0.0,,0.0,0.0,0.0,0.0,0.0,0.0,4.0,1.0,0.0,2.0,4.0,2.93,1.0,1.0,,,21.0,2.0,1.0,1.0,0.0,,1.0,2.0,0.0,,6.0,25.0
2026,2021039176,2026-07-17,1961300,ボスラー,,24,右,4,1.0,1.0,3.0,3.0,0.0,0.0,0.0,0.0,0.0,0.0,0.0,,0.0,0.0,0.0,0.0,0.0,0.0,,,,,,,,,,,,,,,,,,,,,,
2026,2021039176,2026-07-17,2000026,内山 壮真,,3,二,2,1.0,1.0,4.0,4.0,2.0,3.0,1.0,0.0,1.0,2.0,0.0,,0.0,0.0,0.0,0.0,0.0,0.0,,,,,,,,,,,,,,,,,,,,,,
2026,2021039176,2026-07-17,2000031,赤羽 由紘,,0,一,2,1.0,1.0,4.0,4.0,1.0,2.0,0.0,0.0,1.0,3.0,0.0,,0.0,1.0,0.0,0.0,0.0,0.0,,,,,,,,,,,,,,,,,,,,,,
2026,2021039176,2026-07-17,2000033,丸山 翔大,Maruyama Shoudai,68,投,2,1.0,0.0,0.0,0.0,0.0,0.0,0.0,0.0,0.0,0.0,0.0,,0.0,0.0,0.0,0.0,0.0,0.0,2.0,1.0,0.0,0.0,1.0,2.7,1.0,1.0,,,0.0,0.0,0.0,0.0,0.0,,1.0,1.0,0.0,,4.0,20.0
2026,2021039176,2026-07-17,2000135,サンタナ,,25,左,2,1.0,1.0,4.0,3.0,0.0,0.0,0.0,0.0,0.0,0.0,0.0,,1.0,0.0,0.0,0.0,0.0,0.0,,,,,,,,,,,,,,,,,,,,,,
2026,2021039176,2026-07-17,2103780,福永 裕基,,7,二,4,1.0,1.0,5.0,3.0,1.0,1.0,0.0,0.0,0.0,0.0,0.0,,2.0,0.0,0.0,0.0,0.0,0.0,,,,,,,,,,,,,,,,,,,,,,
2026,2021039176,2026-07-17,2103917,岩田 幸宏,,64,中左,2,1.0,1.0,4.0,4.0,0.0,0.0,0.0,0.0,0.0,0.0,0.0,,0.0,1.0,0.0,0.0,0.0,0.0,,,,,,,,,,,,,,,,,,,,,,
2026,2021039176,2026-07-17,2105102,石伊 雄太,,9,捕,4,1.0,1.0,4.0,4.0,0.0,0.0,0.0,0.0,0.0,0.0,0.0,,0.0,2.0,0.0,0.0,0.0,0.0,,,,,,,,,,,,,,,,,,,,,,
2026,2021039176,2026-07-17,2105174,辻本 倫太郎,,0,打,4,1.0,0.0,1.0,1.0,0.0,0.0,0.0,0.0,0.0,0.0,0.0,,0.0,0.0,0.0,0.0,0.0,0.0,,,,,,,,,,,,,,,,,,,,,,
2026,2021039176,2026-07-17,2107178,モンテル,,90,中,2,1.0,0.0,0.0,0.0,0.0,0.0,0.0,0.0,0.0,0.0,0.0,,0.0,0.0,0.0,0.0,0.0,0.0,,,,,,,,,,,,,,,,,,,,,,
2026,2021039177,2026-07-23,1200053,宮崎 敏郎,,51,三,3,1.0,1.0,4.0,4.0,0.0,1.0,0.0,0.0,0.0,0.0,0.0,,0.0,1.0,0.0,0.0,0.0,0.0,,,,,,,,,,,,,,,,,,,,,,
2026,2021039177,2026-07-23,1200062,藤浪 晋太郎,Fujinami Shintarou,27,投,3,1.0,1.0,2.0,2.0,0.0,1.0,0.0,0.0,0.0,0.0,0.0,,0.0,1.0,0.0,0.0,0.0,0.0,1.0,1.0,,0.0,0.0,4.7,4.666666666666667,4.2,,,0.0,5.0,1.0,1.0,0.0,,4.0,5.0,1.0,,24.0,95.0
2026,2021039177,2026-07-23,1200100,伏見 寅威,,17,捕,5,1.0,1.0,3.0,3.0,0.0,3.0,0.0,0.0,0.0,1.0,0.0,,0.0,0.0,0.0,0.0,0.0,0.0,,,,,,,,,,,,,,,,,,,,,,
2026,2021039177,2026-07-23,1300075,岩崎 優,Iwasaki Yuu,13,投,5,1.0,0.0,0.0,0.0,0.0,0.0,0.0,0.0,0.0,0.0,0.0,,0.0,0.0,0.0,0.0,0.0,0.0,3.0,1.0,0.0,2.0,2.0,2.48,1.0,1.0,,,10.0,0.0,0.0,0.0,0.0,,0.0,1.0,0.0,,4.0,15.0
2026,2021039177,2026-07-23,1500087,坂本 誠志郎,,12,打捕,5,1.0,0.0,2.0,1.0,0.0,0.0,0.0,0.0,0.0,0.0,0.0,,0.0,1.0,0.0,1.0,0.0,0.0,,,,,,,,,,,,,,,,,,,,,,
2026,2021039177,2026-07-23,1600033,ドリス,Doris,98,投,5,1.0,0.0,0.0,0.0,0.0,0.0,0.0,0.0,0.0,0.0,0.0,,0.0,0.0,0.0,0.0,0.0,0.0,4.0,1.0,0.0,2.0,2.0,1.31,1.0,1.0,,,17.0,0.0,0.0,0.0,0.0,,0.0,0.0,0.0,,3.0,9.0
2026,2021039177,2026-07-23,1600089,佐野 恵太,,7,一,3,1.0,1.0,4.0,4.0,0.0,2.0,0.0,0.0,0.0,0.0,0.0,,0.0,1.0,0.0,0.0,0.0,0.0,,,,,,,,,,,,,,,,,,,,,,
2026,2021039177,2026-07-23,1600113,大山 悠輔,,3,一,5,1.0,1.0,4.0,3.0,1.0,1.0,0.0,0.0,0.0,2.0,0.0,,0.0,1.0,1.0,0.0,0.0,0.0,,,,,,,,,,,,,,,,,,,,,,
2026,2021039177,2026-07-23,1600116,浜地 真澄,Hamachi Masumi,52,投,3,1.0,0.0,0.0,0.0,0.0,0.0,0.0,0.0,0.0,0.0,0.0,,0.0,0.0,0.0,0.0,0.0,0.0,4.0,1.0,0.0,0.0,0.0,0.0,1.0,1.0,,,0.0,0.0,0.0,0.0,0.0,,0.0,1.0,0.0,,3.0,12.0
2026,2021039177,2026-07-23,1700078,高橋 遥人,Takahashi Harukanin,29,投,5,1.0,1.0,2.0,1.0,0.0,0.0,0.0,0.0,0.0,0.0,0.0,,0.0,0.0,0.0,1.0,0.0,0.0,1.0,1.0,,11.0,1.0,1.7,6.0,6.0,,,0.0,8.0,2.0,2.0,1.0,,0.0,6.0,0.0,,24.0,101.0
2026,2021039177,2026-07-23,1800046,勝又 温史,,28,左,3,1.0,1.0,5.0,5.0,1.0,1.0,0.0,0.0,0.0,1.0,1.0,,0.0,0.0,0.0,0.0,0.0,0.0,,,,,,,,,,,,,,,,,,,,,,
2026,2021039177,2026-07-23,1800065,近本 光司,,5,中,5,1.0,1.0,5.0,4.0,2.0,3.0,1.0,0.0,0.0,1.0,0.0,,1.0,0.0,0.0,0.0,0.0,0.0,,,,,,,,,,,,,,,,,,,,,,
2026,2021039177,2026-07-23,1850183,森下 翔太,,1,右,5,1.0,1.0,5.0,3.0,0.0,0.0,0.0,0.0,0.0,1.0,0.0,,1.0,1.0,0.0,0.0,1.0,1.0,,,,,,,,,,,,,,,,,,,,,,
2026,2021039177,2026-07-23,1850208,林 琢真,,0,打,3,1.0,0.0,1.0,0.0,0.0,0.0,0.0,0.0,0.0,0.0,0.0,,0.0,0.0,0.0,1.0,0.0,0.0,,,,,,,,,,,,,,,,,,,,,,
2026,2021039177,2026-07-23,1850873,度会 隆輝,,4,打,3,1.0,0.0,1.0,1.0,0.0,0.0,0.0,0.0,0.0,0.0,0.0,,0.0,0.0,0.0,0.0,0.0,0.0,,,,,,,,,,,,,,,,,,,,,,
2026,2021039177,2026-07-23,1900035,蝦名 達夫,,61,中,3,1.0,1.0,4.0,4.0,1.0,1.0,0.0,0.0,0.0,0.0,0.0,,0.0,1.0,0.0,0.0,0.0,0.0,,,,,,,,,,,,,,,,,,,,,,
2026,2021039177,2026-07-23,2000027,元山 飛優,,0,遊,5,1.0,1.0,4.0,2.0,0.0,0.0,0.0,0.0,0.0,0.0,0.0,,2.0,1.0,0.0,0.0,0.0,0.0,,,,,,,,,,,,,,,,,,,,,,
2026,2021039177,2026-07-23,2000035,牧 秀悟,,2,二,3,1.0,1.0,4.0,4.0,1.0,2.0,1.0,0.0,1.0,2.0,0.0,,0.0,1.0,0.0,0.0,0.0,0.0,,,,,,,,,,,,,,,,,,,,,,
2026,2021039177,2026-07-23,2000051,佐藤 輝明,,8,三,5,1.0,1.0,5.0,5.0,0.0,0.0,0.0,0.0,0.0,0.0,0.0,,0.0,3.0,0.0,0.0,0.0,0.0,,,,,,,,,,,,,,,,,,,,,,
2026,2021039177,2026-07-23,2000056,中野 拓夢,,7,二,5,1.0,1.0,5.0,4.0,1.0,1.0,0.0,0.0,0.0,0.0,0.0,,0.0,1.0,0.0,1.0,0.0,1.0,,,,,,,,,,,,,,,,,,,,,,
2026,2021039177,2026-07-23,2000057,高寺 望夢,,67,左,5,1.0,1.0,4.0,4.0,0.0,2.0,0.0,0.0,0.0,0.0,0.0,,0.0,0.0,0.0,0.0,0.0,0.0,,,,,,,,,,,,,,,,,,,,,,
2026,2021039177,2026-07-23,2000059,岩田 将貴,Iwata Masaki,68,投,3,1.0,0.0,0.0,0.0,0.0,0.0,0.0,0.0,0.0,0.0,0.0,,0.0,0.0,0.0,0.0,0.0,0.0,2.0,1.0,0.0,1.0,0.0,0.87,0.6666666666666666,0.2,,,0.0,3.0,3.0,1.0,0.0,,0.0,0.0,0.0,,5.0,18.0
2026,2021039177,2026-07-23,2100014,宮下 朝陽,,34,遊,3,1.0,1.0,4.0,4.0,1.0,0.0,0.0,0.0,0.0,0.0,0.0,,0.0,0.0,0.0,0.0,0.0,1.0,,,,,,,,,,,,,,,,,,,,,,
2026,2021039177,2026-07-23,2100277,松尾 汐恩,,5,捕,3,1.0,1.0,4.0,4.0,0.0,1.0,0.0,0.0,0.0,0.0,0.0,,0.0,1.0,0.0,0.0,0.0,0.0,,,,,,,,,,,,,,,,,,,,,,
2026,2021039177,2026-07-23,2103242,立石 正広,,9,打,5,1.0,0.0,1.0,1.0,0.0,0.0,0.0,0.0,0.0,0.0,0.0,,0.0,0.0,0.0,0.0,0.0,0.0,,,,,,,,,,,,,,,,,,,,,,
2026,2021039177,2026-07-23,2105891,マルセリーノ,Mal Cereno,98,投,3,1.0,0.0,0.0,0.0,0.0,0.0,0.0,0.0,0.0,0.0,0.0,,0.0,0.0,0.0,0.0,0.0,0.0,5.0,1.0,0.0,1.0,1.0,4.1,1.0,1.0,,,0.0,1.0,1.0,1.0,0.0,,0.0,0.0,0.0,,4.0,16.0
2026,2021039177,2026-07-23,2108195,エンカーナシオン,,69,右,3,1.0,1.0,4.0,4.0,0.0,1.0,1.0,0.0,0.0,1.0,0.0,,0.0,1.0,0.0,0.0,0.0,0.0,,,,,,,,,,,,,,,,,,,,,,
2026,2021039177,2026-07-23,2108557,松本 凌人,Matsumoto Ryounin,38,投,3,1.0,0.0,0.0,0.0,0.0,0.0,0.0,0.0,0.0,0.0,0.0,,0.0,0.0,0.0,0.0,0.0,0.0,3.0,1.0,0.0,0.0,0.0,0.0,0.6666666666666666,0.2,,,0.0,1.0,0.0,0.0,0.0,,0.0,2.0,0.0,,4.0,19.0
2026,2021039177,2026-07-23,2110225,福島 圭音,,92,走,5,1.0,0.0,0.0,0.0,1.0,0.0,0.0,0.0,0.0,0.0,0.0,,0.0,0.0,0.0,0.0,0.0,0.0,,,,,,,,,,,,,,,,,,,,,,
2026,2021039177,2026-07-23,2112146,工藤 泰成,Kudou Yasunari,49,投,5,1.0,0.0,0.0,0.0,0.0,0.0,0.0,0.0,0.0,0.0,0.0,,0.0,0.0,0.0,0.0,0.0,0.0,2.0,1.0,0.0,2.0,0.0,1.38,1.0,1.0,,,0.0,2.0,2.0,0.0,0.0,,0.0,0.0,0.0,,6.0,32.0
2026,2021039178,2026-07-21,1000164,島本 浩也,Shimamoto Kouya,40,,8,,,,,,,,,,,,,,,,,,,3.0,1.0,0.0,2.0,2.0,1.37,1.0,1.0,,,2.0,0.0,0.0,0.0,0.0,,0.0,0.0,0.0,,3.0,7.0
2026,2021039178,2026-07-21,1400184,外崎 修汰,,5,指,7,1.0,1.0,4.0,4.0,0.0,0.0,0.0,0.0,0.0,0.0,0.0,,0.0,2.0,0.0,0.0,0.0,0.0,,,,,,,,,,,,,,,,,,,,,,
2026,2021039178,2026-07-21,1600129,源田 壮亮,,6,遊,7,1.0,1.0,4.0,2.0,1.0,1.0,0.0,0.0,0.0,0.0,0.0,,2.0,1.0,0.0,0.0,0.0,0.0,,,,,,,,,,,,,,,,,,,,,,
2026,2021039178,2026-07-21,1600134,石井 一成,,4,二,7,1.0,1.0,4.0,4.0,0.0,2.0,0.0,0.0,0.0,0.0,0.0,,0.0,0.0,0.0,0.0,0.0,0.0,,,,,,,,,,,,,,,,,,,,,,
2026,2021039178,2026-07-21,1600164,田中 正義,Tanaka Masayoshi,26,,8,,,,,,,,,,,,,,,,,,,5.0,1.0,0.0,1.0,3.0,3.23,0.3333333333333333,0.1,,,1.0,1.0,1.0,1.0,1.0,,0.0,0.0,0.0,,2.0,3.0
2026,2021039178,2026-07-21,1700025,清宮 幸太郎,,21,一,8,1.0,1.0,4.0,2.0,0.0,0.0,0.0,0.0,0.0,0.0,0.0,,2.0,0.0,0.0,0.0,0.0,0.0,,,,,,,,,,,,,,,,,,,,,,
2026,2021039178,2026-07-21,1700122,西川 愛也,,51,中,7,1.0,1.0,5.0,4.0,0.0,0.0,0.0,0.0,0.0,0.0,0.0,,0.0,2.0,1.0,0.0,0.0,0.0,,,,,,,,,,,,,,,,,,,,,,
2026,2021039178,2026-07-21,1700124,平良 海馬,Hirara Kaiba,61,,7,,,,,,,,,,,,,,,,,,,1.0,1.0,,7.0,2.0,1.16,5.0,5.0,,,0.0,5.0,3.0,3.0,0.0,,2.0,6.0,1.0,,23.0,96.0
2026,2021039178,2026-07-21,1750472,古賀 悠斗,,22,捕,7,1.0,0.0,2.0,2.0,0.0,0.0,0.0,0.0,0.0,0.0,0.0,,0.0,0.0,0.0,0.0,0.0,0.0,,,,,,,,,,,,,,,,,,,,,,
2026,2021039178,2026-07-21,1750481,仲田 慶介,,0,走,7,1.0,0.0,0.0,0.0,0.0,0.0,0.0,0.0,0.0,0.0,0.0,,0.0,0.0,0.0,0.0,0.0,0.0,,,,,,,,,,,,,,,,,,,,,,
2026,2021039178,2026-07-21,1800085,森脇 亮介,Moriwaki Ryousuke,28,,7,,,,,,,,,,,,,,,,,,,3.0,1.0,0.0,0.0,0.0,0.0,1.0,1.0,,,0.0,1.0,0.0,0.0,0.0,,0.0,0.0,0.0,,4.0,15.0
2026,2021039178,2026-07-21,1800093,万波 中正,,66,右,8,1.0,1.0,5.0,4.0,0.0,0.0,0.0,0.0,0.0,1.0,0.0,,1.0,1.0,0.0,0.0,0.0,0.0,,,,,,,,,,,,,,,,,,,,,,
2026,2021039178,2026-07-21,1800095,田宮 裕涼,,64,捕,8,1.0,1.0,4.0,4.0,1.0,0.0,0.0,0.0,0.0,0.0,1.0,,0.0,0.0,0.0,0.0,0.0,0.0,,,,,,,,,,,,,,,,,,,,,,
2026,2021039178,2026-07-21,1800106,甲斐野 央,Kainoya Ou,34,,7,,,,,,,,,,,,,,,,,,,5.0,1.0,0.0,2.0,2.0,2.02,1.0,1.0,,,10.0,0.0,0.0,0.0,0.0,,2.0,1.0,0.0,,5.0,23.0
2026,2021039178,2026-07-21,1850820,蛭間 拓哉,,9,左,7,1.0,1.0,3.0,2.0,1.0,2.0,1.0,1.0,0.0,1.0,0.0,,0.0,0.0,0.0,1.0,0.0,0.0,,,,,,,,,,,,,,,,,,,,,,
2026,2021039178,2026-07-21,1851204,水野 達稀,,43,遊,8,1.0,1.0,5.0,5.0,1.0,2.0,0.0,0.0,0.0,1.0,0.0,,0.0,1.0,0.0,0.0,0.0,0.0,,,,,,,,,,,,,,,,,,,,,,
2026,2021039178,2026-07-21,1860140,レイエス,,99,指,8,1.0,1.0,5.0,5.0,0.0,2.0,1.0,0.0,0.0,1.0,0.0,,0.0,0.0,0.0,0.0,0.0,0.0,,,,,,,,,,,,,,,,,,,,,,
2026,2021039178,2026-07-21,1860167,ウィンゲンター,Ingentaa,45,,7,,,,,,,,,,,,,,,,,,,4.0,1.0,0.0,0.0,0.0,0.0,1.0,1.0,,,0.0,0.0,0.0,0.0,0.0,,0.0,2.0,0.0,,3.0,13.0
2026,2021039178,2026-07-21,1900040,郡司 裕也,,3,左一,8,1.0,1.0,5.0,3.0,0.0,0.0,0.0,0.0,0.0,0.0,0.0,,1.0,2.0,1.0,0.0,0.0,0.0,,,,,,,,,,,,,,,,,,,,,,
2026,2021039178,2026-07-21,1900068,岸 潤一郎,,68,左,7,1.0,0.0,1.0,1.0,0.0,0.0,0.0,0.0,0.0,0.0,0.0,,0.0,0.0,0.0,0.0,0.0,0.0,,,,,,,,,,,,,,,,,,,,,,
2026,2021039178,2026-07-21,1950417,渡部 聖弥,,8,三,7,1.0,1.0,4.0,4.0,0.0,1.0,1.0,0.0,0.0,1.0,0.0,,0.0,1.0,0.0,0.0,0.0,0.0,,,,,,,,,,,,,,,,,,,,,,
2026,2021039178,2026-07-21,1961294,E.ラミレス,E. Ramiresu,56,,7,,,,,,,,,,,,,,,,,,,2.0,1.0,0.0,2.0,1.0,3.38,1.0,1.0,,,0.0,0.0,0.0,0.0,0.0,,0.0,0.0,0.0,,3.0,14.0
2026,2021039178,2026-07-21,2000077,豆田 泰志,Mameda Yasushi,70,,7,,,,,,,,,,,,,,,,,,,6.0,1.0,0.0,1.0,0.0,2.76,1.0,1.0,,,1.0,0.0,0.0,0.0,0.0,,1.0,0.0,0.0,,4.0,13.0
2026,2021039178,2026-07-21,2000079,伊藤 大海,Itou Taikai,17,,8,,,,,,,,,,,,,,,,,,,1.0,1.0,,8.0,5.0,3.29,6.0,6.0,,,0.0,8.0,3.0,3.0,0.0,,0.0,8.0,0.0,,25.0,97.0
2026,2021039178,2026-07-21,2000080,五十幡 亮汰,,50,走中,8,1.0,0.0,0.0,0.0,0.0,0.0,0.0,0.0,0.0,0.0,0.0,,0.0,0.0,0.0,0.0,0.0,0.0,,,,,,,,,,,,,,,,,,,,,,
2026,2021039178,2026-07-21,2000082,細川 凌平,,56,二中左,8,1.0,1.0,5.0,4.0,1.0,2.0,0.0,0.0,0.0,0.0,0.0,,1.0,2.0,0.0,0.0,0.0,0.0,,,,,,,,,,,,,,,,,,,,,,
2026,2021039178,2026-07-21,2050145,小島 大河,,10,捕,7,1.0,1.0,3.0,3.0,0.0,1.0,0.0,0.0,0.0,0.0,0.0,,0.0,0.0,0.0,0.0,0.0,0.0,,,,,,,,,,,,,,,,,,,,,,
2026,2021039178,2026-07-21,2101047,ネビン,,26,一,7,1.0,1.0,5.0,5.0,2.0,2.0,1.0,0.0,1.0,1.0,0.0,,0.0,1.0,0.0,0.0,0.0,0.0,,,,,,,,,,,,,,,,,,,,,,
2026,2021039178,2026-07-21,2103603,有薗 直輝,,39,三,8,1.0,1.0,4.0,4.0,0.0,0.0,0.0,0.0,0.0,0.0,0.0,,0.0,1.0,0.0,0.0,0.0,0.0,,,,,,,,,,,,,,,,,,,,,,
2026,2021039178,2026-07-21,2106890,孫 易磊,Son Osamu Rai,96,,8,,,,,,,,,,,,,,,,,,,2.0,1.0,0.0,1.0,1.0,3.0,1.0,1.0,,,0.0,0.0,0.0,0.0,0.0,,2.0,0.0,0.0,,5.0,19.0
2026,2021039178,2026-07-21,2107900,吉田 賢吾,,60,中,8,1.0,1.0,3.0,3.0,0.0,0.0,0.0,0.0,0.0,0.0,0.0,,0.0,1.0,0.0,0.0,0.0,0.0,,,,,,,,,,,,,,,,,,,,,,
2026,2021039178,2026-07-21,2114529,山縣 秀,,54,二,8,1.0,0.0,2.0,2.0,0.0,0.0,0.0,0.0,0.0,0.0,0.0,,0.0,1.0,0.0,0.0,0.0,0.0,,,,,,,,,,,,,,,,,,,,,,
2026,2021039178,2026-07-21,2117028,カナリオ,,25,右,7,1.0,1.0,5.0,3.0,0.0,0.0,0.0,0.0,0.0,1.0,0.0,,1.0,1.0,0.0,0.0,1.0,0.0,,,,,,,,,,,,,,,,,,,,,,
2026,2021039178,2026-07-21,2117696,柴田 獅子,Shibata Shishi,31,,8,,,,,,,,,,,,,,,,,,,4.0,1.0,0.0,0.0,1.0,1.93,1.0,1.0,,,0.0,0.0,0.0,0.0,0.0,,1.0,0.0,1.0,,5.0,15.0
2026,2021039179,2026-07-29,900056,浅村 栄斗,,3,一,376,1.0,1.0,3.0,2.0,0.0,1.0,0.0,0.0,0.0,0.0,0.0,,0.0,0.0,1.0,0.0,0.0,0.0,,,,,,,,,,,,,,,,,,,,,,
2026,2021039179,2026-07-29,1100096,石川 慎吾,,23,打指,9,1.0,0.0,1.0,1.0,0.0,0.0,0.0,0.0,0.0,0.0,0.0,,0.0,0.0,0.0,0.0,0.0,0.0,,,,,,,,,,,,,,,,,,,,,,
2026,2021039179,2026-07-29,1100103,鈴木 大地,,7,一,376,1.0,0.0,1.0,1.0,0.0,0.0,0.0,0.0,0.0,0.0,0.0,,0.0,0.0,0.0,0.0,0.0,0.0,,,,,,,,,,,,,,,,,,,,,,
2026,2021039179,2026-07-29,1300076,加治屋 蓮,Kajiya Ren,41,,376,,,,,,,,,,,,,,,,,,,3.0,1.0,0.0,2.0,2.0,3.77,1.0,1.0,,,0.0,1.0,0.0,0.0,0.0,,0.0,0.0,0.0,,4.0,18.0
2026,2021039179,2026-07-29,1500102,愛斗,,50,中,9,1.0,0.0,1.0,1.0,0.0,0.0,0.0,0.0,0.0,0.0,0.0,,0.0,0.0,0.0,0.0,0.0,0.0,,,,,,,,,,,,,,,,,,,,,,
2026,2021039179,2026-07-29,1600007,村林 一輝,,6,二,376,1.0,1.0,4.0,4.0,1.0,1.0,1.0,0.0,0.0,0.0,0.0,,0.0,0.0,0.0,0.0,0.0,0.0,,,,,,,,,,,,,,,,,,,,,,
2026,2021039179,2026-07-29,1600108,石垣 勝海,,43,遊,9,1.0,0.0,1.0,1.0,0.0,1.0,0.0,0.0,0.0,1.0,0.0,,0.0,0.0,0.0,0.0,0.0,0.0,,,,,,,,,,,,,,,,,,,,,,
2026,2021039179,2026-07-29,1700020,ソト,,99,一,9,1.0,1.0,4.0,4.0,1.0,1.0,0.0,0.0,1.0,3.0,0.0,,0.0,2.0,0.0,0.0,0.0,0.0,,,,,,,,,,,,,,,,,,,,,,
2026,2021039179,2026-07-29,1700034,山崎 剛,,38,遊,9,1.0,1.0,3.0,3.0,1.0,1.0,0.0,0.0,0.0,0.0,0.0,,0.0,1.0,0.0,0.0,0.0,0.0,,,,,,,,,,,,,,,,,,,,,,
2026,2021039179,2026-07-29,1700092,安田 尚憲,,5,三,9,1.0,1.0,5.0,4.0,0.0,2.0,1.0,0.0,0.0,1.0,0.0,,1.0,1.0,0.0,0.0,0.0,0.0,,,,,,,,,,,,,,,,,,,,,,
2026,2021039179,2026-07-29,1800050,藤原 恭大,,1,中,9,1.0,1.0,4.0,4.0,2.0,3.0,0.0,0.0,0.0,1.0,0.0,,0.0,0.0,0.0,0.0,0.0,0.0,,,,,,,,,,,,,,,,,,,,,,
2026,2021039179,2026-07-29,1800052,小島 和哉,Kojima Kazuya,14,,9,,,,,,,,,,,,,,,,,,,1.0,1.0,,3.0,6.0,3.31,9.0,9.0,,,0.0,9.0,2.0,2.0,0.0,,0.0,6.0,1.0,,35.0,141.0
2026,2021039179,2026-07-29,1800053,山口 航輝,,51,指,9,1.0,1.0,4.0,3.0,2.0,1.0,0.0,0.0,1.0,1.0,0.0,,1.0,1.0,0.0,0.0,0.0,0.0,,,,,,,,,,,,,,,,,,,,,,
2026,2021039179,2026-07-29,1800117,辰己 涼介,,8,中,376,1.0,1.0,4.0,4.0,0.0,1.0,0.0,0.0,0.0,0.0,0.0,,0.0,0.0,0.0,0.0,0.0,0.0,,,,,,,,,,,,,,,,,,,,,,
2026,2021039179,2026-07-29,1800118,太田 光,,2,捕,376,1.0,1.0,3.0,3.0,0.0,1.0,0.0,0.0,0.0,0.0,0.0,,0.0,1.0,0.0,0.0,0.0,0.0,,,,,,,,,,,,,,,,,,,,,,
2026,2021039179,2026-07-29,1851157,宗山 塁,,1,遊,376,1.0,1.0,3.0,3.0,0.0,1.0,0.0,0.0,0.0,0.0,0.0,,0.0,0.0,0.0,0.0,0.0,0.0,,,,,,,,,,,,,,,,,,,,,,
2026,2021039179,2026-07-29,1900045,井上 広大,,39,左,9,1.0,1.0,4.0,4.0,1.0,1.0,1.0,0.0,0.0,0.0,0.0,,0.0,1.0,0.0,0.0,0.0,0.0,,,,,,,,,,,,,,,,,,,,,,
2026,2021039179,2026-07-29,1900081,佐藤 都志也,,32,捕,9,1.0,1.0,5.0,4.0,1.0,1.0,0.0,0.0,1.0,2.0,0.0,,0.0,0.0,0.0,0.0,1.0,0.0,,,,,,,,,,,,,,,,,,,,,,
2026,2021039179,2026-07-29,1900112,小深田 大翔,,0,打,376,1.0,0.0,1.0,1.0,0.0,0.0,0.0,0.0,0.0,0.0,0.0,,0.0,1.0,0.0,0.0,0.0,0.0,,,,,,,,,,,,,,,,,,,,,,
2026,2021039179,2026-07-29,1900115,武藤 敦貴,,50,中,376,1.0,0.0,0.0,0.0,0.0,0.0,0.0,0.0,0.0,0.0,0.0,,0.0,0.0,0.0,0.0,0.0,0.0,,,,,,,,,,,,,,,,,,,,,,
2026,2021039179,2026-07-29,1950278,中島 大輔,,32,左,376,1.0,0.0,0.0,0.0,0.0,0.0,0.0,0.0,0.0,0.0,0.0,,0.0,0.0,0.0,0.0,0.0,0.0,,,,,,,,,,,,,,,,,,,,,,
2026,2021039179,2026-07-29,2000089,小川 龍成,,57,二,9,1.0,1.0,4.0,4.0,0.0,1.0,0.0,0.0,0.0,0.0,0.0,,0.0,0.0,0.0,0.0,0.0,0.0,,,,,,,,,,,,,,,,,,,,,,
2026,2021039179,2026-07-29,2000094,山本 大斗,,61,右,9,1.0,1.0,4.0,3.0,2.0,2.0,0.0,0.0,0.0,1.0,0.0,,1.0,0.0,0.0,0.0,0.0,0.0,,,,,,,,,,,,,,,,,,,,,,
2026,2021039179,2026-07-29,2000121,早川 隆久,Hayakawa Takahisa,21,,376,,,,,,,,,,,,,,,,,,,1.0,1.0,,4.0,4.0,2.93,5.0,5.0,,,0.0,10.0,8.0,8.0,2.0,,2.0,6.0,0.0,,27.0,97.0
2026,2021039179,2026-07-29,2100271,繁永 晟,,30,三,376,1.0,1.0,4.0,4.0,1.0,0.0,0.0,0.0,0.0,0.0,0.0,,0.0,0.0,0.0,0.0,0.0,1.0,,,,,,,,,,,,,,,,,,,,,,
2026,2021039179,2026-07-29,2103693,池田 来翔,,0,一,9,1.0,0.0,1.0,1.0,0.0,0.0,0.0,0.0,0.0,0.0,0.0,,0.0,0.0,0.0,0.0,0.0,0.0,,,,,,,,,,,,,,,,,,,,,,
2026,2021039179,2026-07-29,2103740,YG安田,,55,指,376,1.0,1.0,4.0,4.0,0.0,3.0,0.0,0.0,0.0,0.0,0.0,,0.0,0.0,0.0,0.0,0.0,0.0,,,,,,,,,,,,,,,,,,,,,,
2026,2021039179,2026-07-29,2105283,平良 竜哉,,48,右,376,1.0,1.0,4.0,4.0,0.0,0.0,0.0,0.0,0.0,0.0,0.0,,0.0,3.0,0.0,0.0,0.0,0.0,,,,,,,,,,,,,,,,,,,,,,
2026,2021039179,2026-07-29,2108325,日當 直喜,Hi TouNaoki,54,,376,,,,,,,,,,,,,,,,,,,2.0,1.0,0.0,0.0,0.0,3.0,2.0,2.0,,,0.0,3.0,2.0,1.0,1.0,,1.0,0.0,0.0,,10.0,47.0
2026,2021039179,2026-07-29,2122300,マッカスカー,,34,左,376,1.0,1.0,4.0,4.0,0.0,1.0,0.0,0.0,0.0,1.0,0.0,,0.0,1.0,0.0,0.0,0.0,0.0,,,,,,,,,,,,,,,,,,,,,,
2026,2021039180,2026-07-25,1000035,今宮 健太,,6,打指,12,1.0,0.0,2.0,1.0,1.0,0.0,0.0,0.0,0.0,0.0,0.0,,1.0,0.0,0.0,0.0,0.0,0.0,,,,,,,,,,,,,,,,,,,,,,
2026,2021039180,2026-07-25,1000128,柳田 悠岐,,9,左,12,1.0,1.0,3.0,3.0,0.0,3.0,1.0,0.0,0.0,3.0,0.0,,0.0,0.0,0.0,0.0,0.0,0.0,,,,,,,,,,,,,,,,,,,,,,
2026,2021039180,2026-07-25,1100097,近藤 健介,,3,指,12,1.0,1.0,4.0,4.0,4.0,4.0,0.0,0.0,1.0,4.0,0.0,,0.0,0.0,0.0,0.0,0.0,0.0,,,,,,,,,,,,,,,,,,,,,,
2026,2021039180,2026-07-25,1300109,若月 健矢,,2,捕,11,1.0,1.0,2.0,2.0,0.0,1.0,0.0,0.0,0.0,0.0,0.0,,0.0,0.0,0.0,0.0,0.0,0.0,,,,,,,,,,,,,,,,,,,,,,
2026,2021039180,2026-07-25,1400127,栗原 陵矢,,24,三,12,1.0,1.0,6.0,6.0,4.0,5.0,1.0,0.0,2.0,5.0,0.0,,0.0,0.0,0.0,0.0,0.0,0.0,,,,,,,,,,,,,,,,,,,,,,
2026,2021039180,2026-07-25,1400196,宗 佑磨,,6,三,11,1.0,1.0,2.0,2.0,0.0,0.0,0.0,0.0,0.0,0.0,0.0,,0.0,0.0,0.0,0.0,0.0,0.0,,,,,,,,,,,,,,,,,,,,,,
2026,2021039180,2026-07-25,1500096,西川 龍馬,,7,指,11,1.0,1.0,5.0,5.0,1.0,2.0,1.0,0.0,0.0,0.0,0.0,,0.0,1.0,0.0,0.0,0.0,0.0,,,,,,,,,,,,,,,,,,,,,,
2026,2021039180,2026-07-25,1500112,平沼 翔太,,61,三,11,1.0,0.0,2.0,2.0,1.0,1.0,1.0,0.0,0.0,0.0,0.0,,0.0,0.0,0.0,0.0,0.0,0.0,,,,,,,,,,,,,,,,,,,,,,
2026,2021039180,2026-07-25,1500143,川瀬 晃,,0,二,12,1.0,1.0,6.0,6.0,2.0,2.0,1.0,0.0,0.0,1.0,0.0,,0.0,0.0,0.0,0.0,0.0,0.0,,,,,,,,,,,,,,,,,,,,,,
2026,2021039180,2026-07-25,1600150,山岡 泰輔,Yamaoka Yasusuke,19,,11,,,,,,,,,,,,,,,,,,,3.0,1.0,0.0,0.0,0.0,9.82,1.0,1.0,,,0.0,4.0,2.0,2.0,0.0,,0.0,1.0,0.0,,7.0,29.0
2026,2021039180,2026-07-25,1650056,福永 奨,,32,捕,11,1.0,0.0,2.0,2.0,0.0,0.0,0.0,0.0,0.0,0.0,0.0,,0.0,1.0,0.0,0.0,0.0,0.0,,,,,,,,,,,,,,,,,,,,,,
2026,2021039180,2026-07-25,1650813,川村 友斗,,61,中,12,1.0,0.0,1.0,1.0,0.0,0.0,0.0,0.0,0.0,0.0,0.0,,0.0,0.0,0.0,0.0,0.0,0.0,,,,,,,,,,,,,,,,,,,,,,
2026,2021039180,2026-07-25,1700066,山本 祐大,,39,捕,12,1.0,1.0,5.0,4.0,0.0,1.0,0.0,0.0,0.0,2.0,0.0,,0.0,1.0,1.0,0.0,0.0,0.0,,,,,,,,,,,,,,,,,,,,,,
2026,2021039180,2026-07-25,1700101,博志,Hiroshi,66,,11,,,,,,,,,,,,,,,,,,,2.0,1.0,0.0,2.0,0.0,2.3,2.0,2.0,,,0.0,5.0,3.0,3.0,2.0,,2.0,0.0,1.0,,13.0,52.0
2026,2021039180,2026-07-25,1700109,田嶋 大樹,Tajima Daiki,29,,11,,,,,,,,,,,,,,,,,,,6.0,1.0,0.0,2.0,4.0,7.04,3.0,3.0,,,0.0,5.0,6.0,6.0,3.0,,2.0,2.0,0.0,,16.0,62.0
2026,2021039180,2026-07-25,1700135,周東 佑京,,23,中,12,1.0,1.0,5.0,4.0,3.0,2.0,0.0,0.0,0.0,0.0,0.0,,1.0,0.0,0.0,0.0,0.0,0.0,,,,,,,,,,,,,,,,,,,,,,
2026,2021039180,2026-07-25,1750667,山中 稜真,,50,一,11,1.0,1.0,5.0,5.0,0.0,1.0,0.0,0.0,0.0,0.0,0.0,,0.0,2.0,0.0,0.0,0.0,0.0,,,,,,,,,,,,,,,,,,,,,,
2026,2021039180,2026-07-25,1751068,野口 智哉,,9,走遊,11,1.0,0.0,2.0,2.0,0.0,0.0,0.0,0.0,0.0,0.0,0.0,,0.0,2.0,0.0,0.0,0.0,0.0,,,,,,,,,,,,,,,,,,,,,,
2026,2021039180,2026-07-25,1800098,太田 椋,,1,二,11,1.0,1.0,4.0,3.0,0.0,1.0,1.0,0.0,0.0,1.0,0.0,,1.0,0.0,0.0,0.0,0.0,0.0,,,,,,,,,,,,,,,,,,,,,,
2026,2021039180,2026-07-25,1800104,中川 圭太,,67,左,11,1.0,1.0,4.0,2.0,0.0,0.0,0.0,0.0,0.0,0.0,0.0,,2.0,0.0,0.0,0.0,0.0,0.0,,,,,,,,,,,,,,,,,,,,,,
2026,2021039180,2026-07-25,1900010,スチュワート・ジュニア,Stewart/Junior,2,,12,,,,,,,,,,,,,,,,,,,1.0,1.0,,6.0,4.0,5.27,7.0,7.0,,,0.0,7.0,2.0,2.0,0.0,,1.0,6.0,0.0,,29.0,112.0
2026,2021039180,2026-07-25,1900088,紅林 弘太郎,,24,遊,11,1.0,1.0,2.0,2.0,0.0,1.0,0.0,0.0,0.0,0.0,0.0,,0.0,1.0,0.0,0.0,0.0,0.0,,,,,,,,,,,,,,,,,,,,,,
2026,2021039180,2026-07-25,1900101,海野 隆司,,62,捕,12,1.0,0.0,1.0,1.0,1.0,1.0,0.0,0.0,0.0,0.0,0.0,,0.0,0.0,0.0,0.0,0.0,0.0,,,,,,,,,,,,,,,,,,,,,,
2026,2021039180,2026-07-25,1900104,柳町 達,,32,左,12,1.0,0.0,3.0,3.0,1.0,1.0,1.0,0.0,0.0,1.0,0.0,,0.0,1.0,0.0,0.0,0.0,0.0,,,,,,,,,,,,,,,,,,,,,,
2026,2021039180,2026-07-25,1950149,庄子 雄大,,25,遊,12,1.0,0.0,0.0,0.0,0.0,0.0,0.0,0.0,0.0,0.0,0.0,,0.0,0.0,0.0,0.0,0.0,0.0,,,,,,,,,,,,,,,,,,,,,,
2026,2021039180,2026-07-25,2000098,来田 涼斗,,38,右,11,1.0,1.0,4.0,3.0,0.0,1.0,0.0,0.0,0.0,1.0,0.0,,0.0,0.0,1.0,0.0,0.0,0.0,,,,,,,,,,,,,,,,,,,,,,
2026,2021039180,2026-07-25,2050019,片山 楽生,Katayama Rakusei,49,,11,,,,,,,,,,,,,,,,,,,1.0,1.0,,0.0,1.0,4.62,0.0,0.0,,,0.0,3.0,4.0,4.0,0.0,,1.0,0.0,0.0,,4.0,13.0
2026,2021039180,2026-07-25,2103735,正木 智也,,31,一,12,1.0,1.0,6.0,6.0,2.0,2.0,0.0,0.0,1.0,2.0,0.0,,0.0,0.0,0.0,0.0,0.0,0.0,,,,,,,,,,,,,,,,,,,,,,
2026,2021039180,2026-07-25,2103747,渡部 遼人,,0,中,11,1.0,1.0,5.0,5.0,0.0,1.0,0.0,0.0,0.0,0.0,0.0,,0.0,1.0,0.0,0.0,0.0,0.0,,,,,,,,,,,,,,,,,,,,,,
2026,2021039180,2026-07-25,2103876,山本 恵大,,77,右,12,1.0,1.0,6.0,5.0,2.0,2.0,0.0,0.0,1.0,3.0,0.0,,1.0,1.0,0.0,0.0,0.0,0.0,,,,,,,,,,,,,,,,,,,,,,
2026,2021039180,2026-07-25,2104035,野村 勇,,99,遊三,12,1.0,1.0,6.0,4.0,2.0,3.0,1.0,0.0,0.0,1.0,0.0,,2.0,0.0,0.0,0.0,0.0,1.0,,,,,,,,,,,,,,,,,,,,,,
2026,2021039180,2026-07-25,2107849,齋藤 響介,Saitoukyou Suke,26,,11,,,,,,,,,,,,,,,,,,,4.0,1.0,0.0,0.0,0.0,189.0,0.3333333333333333,0.1,,,0.0,8.0,7.0,7.0,0.0,,0.0,0.0,0.0,,9.0,34.0
2026,2021039180,2026-07-25,2107872,才木 海翔,Sai Moku Kaishou,95,,11,,,,,,,,,,,,,,,,,,,5.0,1.0,0.0,0.0,0.0,2.7,1.6666666666666663,1.2,,,0.0,1.0,0.0,0.0,0.0,,0.0,0.0,0.0,,5.0,19.0
2026,2021039180,2026-07-25,2108558,岩井 俊介,Iwai Shunsuke,27,,12,,,,,,,,,,,,,,,,,,,2.0,1.0,0.0,0.0,0.0,0.0,2.0,2.0,,,0.0,2.0,0.0,0.0,0.0,,2.0,2.0,1.0,,10.0,46.0
2026,2021039181,2026-07-10,1251037,上川畑 大悟,,4,走二,8,1.0,0.0,1.0,1.0,1.0,0.0,0.0,0.0,0.0,0.0,0.0,,0.0,0.0,0.0,0.0,0.0,0.0,,,,,,,,,,,,,,,,,,,,,,
2026,2021039181,2026-07-10,1300061,中村 祐太,Nakamura Yuuta,58,,7,,,,,,,,,,,,,,,,,,,4.0,1.0,0.0,1.0,0.0,1.35,1.0,1.0,,,0.0,0.0,0.0,0.0,0.0,,0.0,3.0,0.0,,3.0,14.0
2026,2021039181,2026-07-10,1400118,清水 優心,,10,打捕,8,1.0,0.0,1.0,1.0,0.0,0.0,0.0,0.0,0.0,0.0,0.0,,0.0,0.0,0.0,0.0,0.0,0.0,,,,,,,,,,,,,,,,,,,,,,
2026,2021039181,2026-07-10,1400184,外崎 修汰,,5,打二,7,1.0,0.0,2.0,2.0,0.0,0.0,0.0,0.0,0.0,0.0,0.0,,0.0,1.0,0.0,0.0,0.0,0.0,,,,,,,,,,,,,,,,,,,,,,
2026,2021039181,2026-07-10,1500117,平沢 大河,,39,一,7,1.0,1.0,4.0,4.0,0.0,3.0,0.0,0.0,0.0,0.0,0.0,,0.0,0.0,0.0,0.0,0.0,0.0,,,,,,,,,,,,,,,,,,,,,,
2026,2021039181,2026-07-10,1600129,源田 壮亮,,6,遊,7,1.0,1.0,2.0,1.0,0.0,0.0,0.0,0.0,0.0,0.0,0.0,,1.0,0.0,0.0,0.0,0.0,0.0,,,,,,,,,,,,,,,,,,,,,,
2026,2021039181,2026-07-10,1600133,堀 瑞輝,Hori Mizu Akira,34,,8,,,,,,,,,,,,,,,,,,,2.0,1.0,0.0,2.0,0.0,1.72,1.0,1.0,,,1.0,0.0,0.0,0.0,0.0,,0.0,1.0,0.0,,3.0,9.0
2026,2021039181,2026-07-10,1660299,林 安可,,73,左,7,1.0,1.0,4.0,4.0,1.0,2.0,1.0,0.0,0.0,0.0,0.0,,0.0,1.0,0.0,0.0,0.0,0.0,,,,,,,,,,,,,,,,,,,,,,
2026,2021039181,2026-07-10,1700025,清宮 幸太郎,,21,打左,8,1.0,0.0,1.0,1.0,0.0,1.0,0.0,0.0,0.0,0.0,0.0,,0.0,0.0,0.0,0.0,0.0,0.0,,,,,,,,,,,,,,,,,,,,,,
2026,2021039181,2026-07-10,1700122,西川 愛也,,51,中,7,1.0,1.0,4.0,4.0,0.0,2.0,0.0,0.0,0.0,0.0,0.0,,0.0,0.0,0.0,0.0,0.0,0.0,,,,,,,,,,,,,,,,,,,,,,
2026,2021039181,2026-07-10,1750481,仲田 慶介,,0,右,7,1.0,0.0,0.0,0.0,0.0,0.0,0.0,0.0,0.0,0.0,0.0,,0.0,0.0,0.0,0.0,0.0,0.0,,,,,,,,,,,,,,,,,,,,,,
2026,2021039181,2026-07-10,1750903,北山 亘基,Kitayama Wataru Hajime,15,,8,,,,,,,,,,,,,,,,,,,1.0,1.0,,9.0,3.0,2.11,6.0,6.0,,,0.0,7.0,1.0,1.0,0.0,,1.0,3.0,0.0,,24.0,86.0
2026,2021039181,2026-07-10,1751148,隅田 知一郎,Sumida Tomoichirou,16,,7,,,,,,,,,,,,,,,,,,,1.0,1.0,,7.0,6.0,2.52,4.0,4.0,,,0.0,9.0,7.0,4.0,2.0,,3.0,3.0,0.0,,26.0,88.0
2026,2021039181,2026-07-10,1800091,野村 佑希,,5,左一,8,1.0,1.0,5.0,4.0,2.0,1.0,0.0,0.0,1.0,3.0,0.0,,1.0,1.0,0.0,0.0,0.0,0.0,,,,,,,,,,,,,,,,,,,,,,
2026,2021039181,2026-07-10,1800092,生田目 翼,Namatame Tsubasa,13,,8,,,,,,,,,,,,,,,,,,,4.0,1.0,0.0,0.0,0.0,6.52,1.0,1.0,,,0.0,2.0,1.0,1.0,1.0,,0.0,1.0,0.0,,5.0,19.0
2026,2021039181,2026-07-10,1800093,万波 中正,,66,右,8,1.0,1.0,4.0,4.0,2.0,2.0,0.0,0.0,1.0,2.0,0.0,,0.0,0.0,0.0,0.0,0.0,0.0,,,,,,,,,,,,,,,,,,,,,,
2026,2021039181,2026-07-10,1850820,蛭間 拓哉,,9,右,7,1.0,1.0,3.0,3.0,0.0,0.0,0.0,0.0,0.0,0.0,0.0,,0.0,2.0,0.0,0.0,0.0,0.0,,,,,,,,,,,,,,,,,,,,,,
2026,2021039181,2026-07-10,1850932,奈良間 大己,,58,二三,8,1.0,1.0,6.0,6.0,0.0,1.0,0.0,0.0,0.0,0.0,0.0,,0.0,2.0,0.0,0.0,0.0,0.0,,,,,,,,,,,,,,,,,,,,,,
2026,2021039181,2026-07-10,1851204,水野 達稀,,43,遊,8,1.0,1.0,5.0,4.0,1.0,0.0,0.0,0.0,0.0,0.0,0.0,,0.0,0.0,1.0,0.0,0.0,0.0,,,,,,,,,,,,,,,,,,,,,,
2026,2021039181,2026-07-10,1860140,レイエス,,99,指,8,1.0,1.0,6.0,6.0,2.0,3.0,1.0,0.0,1.0,2.0,0.0,,0.0,1.0,0.0,0.0,0.0,0.0,,,,,,,,,,,,,,,,,,,,,,
2026,2021039181,2026-07-10,1900065,柘植 世那,,37,捕,7,1.0,0.0,1.0,1.0,0.0,0.0,0.0,0.0,0.0,0.0,0.0,,0.0,0.0,0.0,0.0,0.0,0.0,,,,,,,,,,,,,,,,,,,,,,
2026,2021039181,2026-07-10,1950417,渡部 聖弥,,8,三,7,1.0,1.0,4.0,4.0,0.0,1.0,0.0,0.0,0.0,0.0,0.0,,0.0,0.0,0.0,0.0,0.0,1.0,,,,,,,,,,,,,,,,,,,,,,
2026,2021039181,2026-07-10,1950486,進藤 勇也,,33,捕,8,1.0,1.0,4.0,3.0,0.0,1.0,1.0,0.0,0.0,2.0,0.0,,1.0,0.0,0.0,0.0,0.0,0.0,,,,,,,,,,,,,,,,,,,,,,
2026,2021039181,2026-07-10,2000080,五十幡 亮汰,,50,中,8,1.0,0.0,1.0,1.0,0.0,0.0,0.0,0.0,0.0,0.0,0.0,,0.0,0.0,0.0,0.0,0.0,0.0,,,,,,,,,,,,,,,,,,,,,,
2026,2021039181,2026-07-10,2000082,細川 凌平,,56,中左,8,1.0,1.0,4.0,3.0,1.0,1.0,0.0,0.0,0.0,2.0,0.0,,1.0,0.0,0.0,0.0,0.0,0.0,,,,,,,,,,,,,,,,,,,,,,
2026,2021039181,2026-07-10,2050145,小島 大河,,10,捕,7,1.0,1.0,3.0,3.0,0.0,0.0,0.0,0.0,0.0,0.0,0.0,,0.0,1.0,0.0,0.0,0.0,0.0,,,,,,,,,,,,,,,,,,,,,,
2026,2021039181,2026-07-10,2101047,ネビン,,26,指,7,1.0,1.0,4.0,4.0,1.0,1.0,0.0,0.0,1.0,1.0,0.0,,0.0,0.0,0.0,0.0,0.0,0.0,,,,,,,,,,,,,,,,,,,,,,
2026,2021039181,2026-07-10,2103133,山田 陽翔,Yamada Akira Shou,36,,7,,,,,,,,,,,,,,,,,,,2.0,1.0,0.0,0.0,0.0,0.0,1.0,1.0,,,0.0,0.0,0.0,0.0,0.0,,0.0,0.0,1.0,,3.0,11.0
2026,2021039181,2026-07-10,2103603,有薗 直輝,,39,三,8,1.0,1.0,4.0,3.0,0.0,2.0,0.0,0.0,0.0,0.0,1.0,,1.0,1.0,0.0,0.0,0.0,0.0,,,,,,,,,,,,,,,,,,,,,,
2026,2021039181,2026-07-10,2103618,滝澤 夏央,,62,二遊,7,1.0,1.0,4.0,3.0,0.0,1.0,0.0,0.0,0.0,0.0,0.0,,0.0,0.0,0.0,1.0,0.0,1.0,,,,,,,,,,,,,,,,,,,,,,
2026,2021039181,2026-07-10,2106284,矢澤 宏太,,12,右,8,1.0,0.0,1.0,1.0,0.0,0.0,0.0,0.0,0.0,0.0,0.0,,0.0,0.0,0.0,0.0,0.0,0.0,,,,,,,,,,,,,,,,,,,,,,
2026,2021039181,2026-07-10,2106794,上田 大河,Ueda Taiga,11,,7,,,,,,,,,,,,,,,,,,,3.0,1.0,0.0,2.0,1.0,3.72,3.0,3.0,,,0.0,6.0,4.0,4.0,1.0,,1.0,0.0,0.0,,16.0,58.0
2026,2021039181,2026-07-10,2107859,金村 尚真,Kanemura Shoushin,24,,8,,,,,,,,,,,,,,,,,,,3.0,1.0,0.0,0.0,0.0,2.57,1.0,1.0,,,0.0,1.0,0.0,0.0,0.0,,0.0,0.0,0.0,,3.0,7.0
2026,2021039181,2026-07-10,2107900,吉田 賢吾,,60,一,8,1.0,1.0,4.0,4.0,2.0,3.0,1.0,0.0,0.0,0.0,1.0,,0.0,0.0,0.0,0.0,0.0,0.0,,,,,,,,,,,,,,,,,,,,,,
2026,2021039181,2026-07-10,2114529,山縣 秀,,54,遊,8,1.0,0.0,1.0,1.0,0.0,0.0,0.0,0.0,0.0,0.0,0.0,,0.0,1.0,0.0,0.0,0.0,0.0,,,,,,,,,,,,,,,,,,,,,,
2026,2021039182,2026-07-11,900056,浅村 栄斗,,3,一,376,1.0,1.0,5.0,4.0,0.0,0.0,0.0,0.0,0.0,0.0,0.0,,1.0,1.0,0.0,0.0,0.0,0.0,,,,,,,,,,,,,,,,,,,,,,
2026,2021039182,2026-07-11,1400140,小野 郁,Ono Kaoru,37,,9,,,,,,,,,,,,,,,,,,,3.0,1.0,0.0,2.0,1.0,2.0,1.0,1.0,,,0.0,0.0,0.0,0.0,0.0,,2.0,2.0,0.0,,4.0,32.0
2026,2021039182,2026-07-11,1450608,八木 彬,Yagi Akira,33,,9,,,,,,,,,,,,,,,,,,,2.0,1.0,0.0,8.0,0.0,1.98,1.0,1.0,,,0.0,0.0,0.0,0.0,0.0,,0.0,1.0,0.0,,2.0,8.0
2026,2021039182,2026-07-11,1600004,堀内 謙伍,,65,捕,376,1.0,0.0,1.0,1.0,0.0,0.0,0.0,0.0,0.0,0.0,0.0,,0.0,0.0,0.0,0.0,0.0,0.0,,,,,,,,,,,,,,,,,,,,,,
2026,2021039182,2026-07-11,1600007,村林 一輝,,6,二,376,1.0,1.0,5.0,4.0,0.0,1.0,0.0,0.0,0.0,2.0,0.0,,1.0,1.0,0.0,0.0,0.0,0.0,,,,,,,,,,,,,,,,,,,,,,
2026,2021039182,2026-07-11,1600092,藤平 尚真,Fujihira Shoushin,46,,376,,,,,,,,,,,,,,,,,,,4.0,1.0,0.0,0.0,1.0,1.99,1.0,1.0,,,20.0,0.0,0.0,0.0,0.0,,0.0,2.0,0.0,,3.0,11.0
2026,2021039182,2026-07-11,1600108,石垣 勝海,,43,三,9,1.0,0.0,0.0,0.0,0.0,0.0,0.0,0.0,0.0,0.0,0.0,,0.0,0.0,0.0,0.0,0.0,0.0,,,,,,,,,,,,,,,,,,,,,,
2026,2021039182,2026-07-11,1600157,澤田 圭佑,Sawada Keisuke,54,,9,,,,,,,,,,,,,,,,,,,6.0,1.0,0.0,2.0,1.0,3.56,1.0,1.0,,,0.0,0.0,0.0,0.0,0.0,,0.0,1.0,0.0,,3.0,11.0
2026,2021039182,2026-07-11,1700020,ソト,,99,一,9,1.0,1.0,4.0,3.0,0.0,0.0,0.0,0.0,0.0,0.0,0.0,,1.0,2.0,0.0,0.0,0.0,0.0,,,,,,,,,,,,,,,,,,,,,,
2026,2021039182,2026-07-11,1700034,山崎 剛,,38,遊,9,1.0,1.0,3.0,2.0,1.0,0.0,0.0,0.0,0.0,0.0,0.0,,0.0,1.0,1.0,0.0,0.0,0.0,,,,,,,,,,,,,,,,,,,,,,
2026,2021039182,2026-07-11,1700092,安田 尚憲,,5,三,9,1.0,1.0,4.0,4.0,0.0,1.0,0.0,0.0,0.0,1.0,0.0,,0.0,3.0,0.0,0.0,0.0,0.0,,,,,,,,,,,,,,,,,,,,,,
2026,2021039182,2026-07-11,1800050,藤原 恭大,,1,中,9,1.0,1.0,4.0,4.0,2.0,2.0,2.0,0.0,0.0,1.0,0.0,,0.0,0.0,0.0,0.0,0.0,0.0,,,,,,,,,,,,,,,,,,,,,,
2026,2021039182,2026-07-11,1800053,山口 航輝,,51,指,9,1.0,1.0,4.0,4.0,0.0,1.0,0.0,0.0,0.0,1.0,0.0,,0.0,2.0,0.0,0.0,0.0,0.0,,,,,,,,,,,,,,,,,,,,,,
2026,2021039182,2026-07-11,1800117,辰己 涼介,,8,中,376,1.0,1.0,5.0,4.0,0.0,2.0,1.0,0.0,0.0,1.0,1.0,,1.0,2.0,0.0,0.0,0.0,0.0,,,,,,,,,,,,,,,,,,,,,,
2026,2021039182,2026-07-11,1800118,太田 光,,2,捕,376,1.0,1.0,2.0,2.0,0.0,0.0,0.0,0.0,0.0,0.0,0.0,,0.0,1.0,0.0,0.0,0.0,0.0,,,,,,,,,,,,,,,,,,,,,,
2026,2021039182,2026-07-11,1800122,渡邊 佳明,,35,打,376,1.0,0.0,1.0,1.0,0.0,0.0,0.0,0.0,0.0,0.0,0.0,,0.0,1.0,0.0,0.0,0.0,0.0,,,,,,,,,,,,,,,,,,,,,,
2026,2021039182,2026-07-11,1851157,宗山 塁,,1,遊,376,1.0,1.0,5.0,4.0,0.0,1.0,0.0,0.0,0.0,0.0,0.0,,1.0,1.0,0.0,0.0,0.0,0.0,,,,,,,,,,,,,,,,,,,,,,
2026,2021039182,2026-07-11,1900045,井上 広大,,39,左,9,1.0,1.0,4.0,4.0,0.0,0.0,0.0,0.0,0.0,0.0,0.0,,0.0,1.0,0.0,0.0,0.0,0.0,,,,,,,,,,,,,,,,,,,,,,
2026,2021039182,2026-07-11,1900081,佐藤 都志也,,32,打捕,9,1.0,0.0,2.0,2.0,0.0,0.0,0.0,0.0,0.0,0.0,0.0,,0.0,2.0,0.0,0.0,0.0,0.0,,,,,,,,,,,,,,,,,,,,,,
2026,2021039182,2026-07-11,1900113,黒川 史陽,,24,三,376,1.0,1.0,4.0,4.0,0.0,1.0,0.0,0.0,0.0,0.0,0.0,,0.0,0.0,0.0,0.0,0.0,0.0,,,,,,,,,,,,,,,,,,,,,,
2026,2021039182,2026-07-11,1900115,武藤 敦貴,,50,右,376,1.0,0.0,0.0,0.0,0.0,0.0,0.0,0.0,0.0,0.0,0.0,,0.0,0.0,0.0,0.0,0.0,0.0,,,,,,,,,,,,,,,,,,,,,,
2026,2021039182,2026-07-11,1950278,中島 大輔,,32,右左,376,1.0,1.0,5.0,5.0,3.0,4.0,1.0,1.0,0.0,0.0,0.0,,0.0,0.0,0.0,0.0,0.0,0.0,,,,,,,,,,,,,,,,,,,,,,
2026,2021039182,2026-07-11,2000087,鈴木 昭汰,Suzuki Akira ?,47,,9,,,,,,,,,,,,,,,,,,,5.0,1.0,0.0,5.0,1.0,2.84,1.0,1.0,,,1.0,2.0,1.0,1.0,0.0,,1.0,0.0,0.0,,6.0,23.0
2026,2021039182,2026-07-11,2000088,中森 俊介,Nakamori Shunsuke,56,,9,,,,,,,,,,,,,,,,,,,4.0,1.0,0.0,2.0,0.0,1.23,1.0,1.0,,,1.0,3.0,2.0,2.0,0.0,,2.0,1.0,0.0,,8.0,34.0
2026,2021039182,2026-07-11,2000089,小川 龍成,,57,二,9,1.0,1.0,4.0,4.0,0.0,1.0,0.0,0.0,0.0,0.0,0.0,,0.0,1.0,0.0,0.0,0.0,0.0,,,,,,,,,,,,,,,,,,,,,,
2026,2021039182,2026-07-11,2000094,山本 大斗,,61,右,9,1.0,1.0,4.0,4.0,0.0,2.0,0.0,0.0,0.0,0.0,0.0,,0.0,0.0,0.0,0.0,0.0,0.0,,,,,,,,,,,,,,,,,,,,,,
2026,2021039182,2026-07-11,2100346,松川 虎生,,2,捕,9,1.0,1.0,2.0,2.0,0.0,0.0,0.0,0.0,0.0,0.0,0.0,,0.0,0.0,0.0,0.0,0.0,0.0,,,,,,,,,,,,,,,,,,,,,,
2026,2021039182,2026-07-11,2100442,毛利 海大,Mouri Kaidai,13,,9,,,,,,,,,,,,,,,,,,,1.0,1.0,,2.0,3.0,4.87,4.0,4.0,,,0.0,7.0,1.0,1.0,0.0,,1.0,2.0,0.0,,20.0,70.0
2026,2021039182,2026-07-11,2102124,泰 勝利,Thailand Shouri,59,,376,,,,,,,,,,,,,,,,,,,3.0,1.0,0.0,2.0,0.0,0.0,1.0,1.0,,,0.0,0.0,0.0,0.0,0.0,,0.0,2.0,0.0,,3.0,17.0
2026,2021039182,2026-07-11,2102926,寺地 隆成,,65,打,9,1.0,0.0,1.0,1.0,0.0,0.0,0.0,0.0,0.0,0.0,0.0,,0.0,1.0,0.0,0.0,0.0,0.0,,,,,,,,,,,,,,,,,,,,,,
2026,2021039182,2026-07-11,2103740,YG安田,,55,指,376,1.0,1.0,4.0,4.0,0.0,2.0,0.0,0.0,0.0,0.0,0.0,,0.0,0.0,0.0,0.0,0.0,0.0,,,,,,,,,,,,,,,,,,,,,,
2026,2021039182,2026-07-11,2105283,平良 竜哉,,48,走指,376,1.0,0.0,1.0,1.0,1.0,1.0,0.0,0.0,0.0,1.0,1.0,,0.0,0.0,0.0,0.0,0.0,0.0,,,,,,,,,,,,,,,,,,,,,,
2026,2021039182,2026-07-11,2110316,古謝 樹,Koza Itsuki,17,,376,,,,,,,,,,,,,,,,,,,1.0,1.0,,1.0,6.0,4.1,6.0,6.0,,,0.0,7.0,3.0,3.0,0.0,,1.0,7.0,1.0,,27.0,99.0
2026,2021039182,2026-07-11,2121018,九谷 瑠,Kutani ?,45,,376,,,,,,,,,,,,,,,,,,,2.0,1.0,0.0,1.0,0.0,1.38,1.0,1.0,,,0.0,0.0,0.0,0.0,0.0,,0.0,2.0,0.0,,3.0,11.0
2026,2021039182,2026-07-11,2122300,マッカスカー,,34,左,376,1.0,1.0,5.0,3.0,0.0,0.0,0.0,0.0,0.0,0.0,0.0,,2.0,0.0,0.0,0.0,0.0,0.0,,,,,,,,,,,,,,,,,,,,,,
2026,2021039183,2026-07-24,1000011,山田 修義,Yamada Nobuyoshi,57,,11,,,,,,,,,,,,,,,,,,,5.0,1.0,0.0,0.0,0.0,1.69,1.0,1.0,,,0.0,1.0,1.0,1.0,0.0,,2.0,3.0,0.0,,6.0,30.0
2026,2021039183,2026-07-24,1000128,柳田 悠岐,,9,打,12,1.0,0.0,1.0,1.0,0.0,1.0,0.0,0.0,0.0,1.0,0.0,,0.0,0.0,0.0,0.0,0.0,0.0,,,,,,,,,,,,,,,,,,,,,,
2026,2021039183,2026-07-24,1000175,牧原 大成,,8,二,12,1.0,1.0,5.0,5.0,1.0,1.0,0.0,0.0,0.0,0.0,0.0,,0.0,0.0,0.0,0.0,0.0,0.0,,,,,,,,,,,,,,,,,,,,,,
2026,2021039183,2026-07-24,1100097,近藤 健介,,3,指,12,1.0,1.0,5.0,4.0,1.0,2.0,0.0,0.0,1.0,2.0,0.0,,1.0,1.0,0.0,0.0,0.0,0.0,,,,,,,,,,,,,,,,,,,,,,
2026,2021039183,2026-07-24,1300100,森 友哉,,4,打,11,1.0,0.0,1.0,1.0,0.0,0.0,0.0,0.0,0.0,0.0,0.0,,0.0,0.0,0.0,0.0,0.0,0.0,,,,,,,,,,,,,,,,,,,,,,
2026,2021039183,2026-07-24,1300109,若月 健矢,,2,捕,11,1.0,1.0,4.0,3.0,0.0,1.0,0.0,0.0,0.0,1.0,0.0,,0.0,1.0,0.0,1.0,0.0,0.0,,,,,,,,,,,,,,,,,,,,,,
2026,2021039183,2026-07-24,1400126,松本 裕樹,Matsumoto Yuuki,66,,12,,,,,,,,,,,,,,,,,,,4.0,1.0,0.0,3.0,3.0,2.27,1.0,1.0,,,4.0,1.0,0.0,0.0,0.0,,0.0,0.0,0.0,,3.0,4.0
2026,2021039183,2026-07-24,1400127,栗原 陵矢,,24,三一,12,1.0,1.0,5.0,4.0,0.0,0.0,0.0,0.0,0.0,0.0,0.0,,1.0,1.0,0.0,0.0,0.0,0.0,,,,,,,,,,,,,,,,,,,,,,
2026,2021039183,2026-07-24,1400196,宗 佑磨,,6,三,11,1.0,1.0,4.0,2.0,2.0,2.0,0.0,0.0,0.0,0.0,0.0,,2.0,0.0,0.0,0.0,0.0,0.0,,,,,,,,,,,,,,,,,,,,,,
2026,2021039183,2026-07-24,1500096,西川 龍馬,,7,指,11,1.0,1.0,4.0,4.0,0.0,0.0,0.0,0.0,0.0,0.0,0.0,,0.0,2.0,0.0,0.0,0.0,0.0,,,,,,,,,,,,,,,,,,,,,,
2026,2021039183,2026-07-24,1500140,谷川原 健太,,45,走右,12,1.0,0.0,0.0,0.0,0.0,0.0,0.0,0.0,0.0,0.0,0.0,,0.0,0.0,0.0,0.0,0.0,0.0,,,,,,,,,,,,,,,,,,,,,,
2026,2021039183,2026-07-24,1500143,川瀬 晃,,0,遊,12,1.0,0.0,2.0,1.0,0.0,0.0,0.0,0.0,0.0,0.0,0.0,,0.0,1.0,0.0,1.0,0.0,0.0,,,,,,,,,,,,,,,,,,,,,,
2026,2021039183,2026-07-24,1560184,オスナ,Osu na,54,,12,,,,,,,,,,,,,,,,,,,3.0,1.0,0.0,1.0,1.0,1.09,1.0,1.0,,,0.0,0.0,0.0,0.0,0.0,,0.0,2.0,0.0,,3.0,14.0
2026,2021039183,2026-07-24,1600155,山崎 颯一郎,Yamazaki Sai Ichirou,21,,11,,,,,,,,,,,,,,,,,,,4.0,1.0,0.0,1.0,3.0,2.86,1.0,1.0,,,0.0,2.0,1.0,1.0,1.0,,0.0,1.0,0.0,,5.0,17.0
2026,2021039183,2026-07-24,1650221,椋木 蓮,Mukunoki Ren,15,,11,,,,,,,,,,,,,,,,,,,6.0,1.0,0.0,2.0,4.0,2.43,0.3333333333333333,0.1,,,1.0,2.0,1.0,0.0,0.0,,1.0,0.0,0.0,,5.0,10.0
2026,2021039183,2026-07-24,1650722,杉澤 龍,,33,中右,11,1.0,1.0,4.0,4.0,0.0,1.0,0.0,0.0,0.0,1.0,0.0,,0.0,2.0,0.0,0.0,0.0,0.0,,,,,,,,,,,,,,,,,,,,,,
2026,2021039183,2026-07-24,1650813,川村 友斗,,61,右左,12,1.0,0.0,1.0,1.0,0.0,0.0,0.0,0.0,0.0,0.0,0.0,,0.0,1.0,0.0,0.0,0.0,0.0,,,,,,,,,,,,,,,,,,,,,,
2026,2021039183,2026-07-24,1700066,山本 祐大,,39,捕,12,1.0,1.0,5.0,5.0,1.0,2.0,1.0,0.0,0.0,0.0,0.0,,0.0,1.0,0.0,0.0,0.0,0.0,,,,,,,,,,,,,,,,,,,,,,
2026,2021039183,2026-07-24,1700135,周東 佑京,,23,中,12,1.0,1.0,5.0,3.0,0.0,1.0,0.0,1.0,0.0,0.0,0.0,,2.0,1.0,0.0,0.0,0.0,0.0,,,,,,,,,,,,,,,,,,,,,,
2026,2021039183,2026-07-24,1750667,山中 稜真,,50,一,11,1.0,1.0,4.0,4.0,0.0,1.0,0.0,0.0,0.0,0.0,0.0,,0.0,0.0,0.0,0.0,0.0,0.0,,,,,,,,,,,,,,,,,,,,,,
2026,2021039183,2026-07-24,1800090,吉田 輝星,Yoshida Akirasei,23,,11,,,,,,,,,,,,,,,,,,,3.0,1.0,0.0,1.0,2.0,3.63,1.0,1.0,,,0.0,1.0,0.0,0.0,0.0,,1.0,0.0,0.0,,5.0,28.0
2026,2021039183,2026-07-24,1800098,太田 椋,,1,二,11,1.0,1.0,4.0,4.0,0.0,0.0,0.0,0.0,0.0,0.0,0.0,,0.0,1.0,0.0,0.0,0.0,0.0,,,,,,,,,,,,,,,,,,,,,,
2026,2021039183,2026-07-24,1800104,中川 圭太,,67,左,11,1.0,1.0,4.0,3.0,1.0,0.0,0.0,0.0,0.0,0.0,0.0,,1.0,0.0,0.0,0.0,0.0,0.0,,,,,,,,,,,,,,,,,,,,,,
2026,2021039183,2026-07-24,1800107,杉山 一樹,Sugiyama Kazuki,40,,12,,,,,,,,,,,,,,,,,,,5.0,1.0,0.0,1.0,2.0,3.66,1.0,1.0,,,20.0,2.0,3.0,3.0,1.0,,1.0,1.0,0.0,,6.0,22.0
2026,2021039183,2026-07-24,1900088,紅林 弘太郎,,24,遊,11,1.0,1.0,4.0,3.0,2.0,2.0,0.0,0.0,1.0,3.0,0.0,,0.0,0.0,1.0,0.0,0.0,0.0,,,,,,,,,,,,,,,,,,,,,,
2026,2021039183,2026-07-24,1900102,津森 宥紀,Tsumori ??,11,,12,,,,,,,,,,,,,,,,,,,2.0,1.0,0.0,2.0,0.0,1.26,1.0,1.0,,,1.0,1.0,0.0,0.0,0.0,,0.0,1.0,0.0,,4.0,12.0
2026,2021039183,2026-07-24,1900104,柳町 達,,32,打,12,1.0,0.0,1.0,0.0,0.0,0.0,0.0,0.0,0.0,0.0,0.0,,1.0,0.0,0.0,0.0,0.0,0.0,,,,,,,,,,,,,,,,,,,,,,
2026,2021039183,2026-07-24,2000098,来田 涼斗,,38,右,11,1.0,1.0,3.0,3.0,0.0,0.0,0.0,0.0,0.0,0.0,0.0,,0.0,2.0,0.0,0.0,0.0,0.0,,,,,,,,,,,,,,,,,,,,,,
2026,2021039183,2026-07-24,2101257,ダウンズ,,4,一,12,1.0,1.0,3.0,3.0,0.0,1.0,0.0,0.0,0.0,0.0,1.0,,0.0,1.0,0.0,0.0,0.0,0.0,,,,,,,,,,,,,,,,,,,,,,
2026,2021039183,2026-07-24,2103735,正木 智也,,31,左,12,1.0,1.0,5.0,3.0,1.0,1.0,0.0,0.0,1.0,2.0,0.0,,2.0,2.0,0.0,0.0,0.0,0.0,,,,,,,,,,,,,,,,,,,,,,
2026,2021039183,2026-07-24,2103747,渡部 遼人,,0,中,11,1.0,0.0,0.0,0.0,0.0,0.0,0.0,0.0,0.0,0.0,0.0,,0.0,0.0,0.0,0.0,0.0,0.0,,,,,,,,,,,,,,,,,,,,,,
2026,2021039183,2026-07-24,2103876,山本 恵大,,77,右,12,1.0,1.0,3.0,3.0,0.0,1.0,1.0,0.0,0.0,1.0,0.0,,0.0,1.0,0.0,0.0,0.0,0.0,,,,,,,,,,,,,,,,,,,,,,
2026,2021039183,2026-07-24,2104035,野村 勇,,99,遊三,12,1.0,1.0,4.0,3.0,2.0,2.0,1.0,0.0,0.0,0.0,0.0,,1.0,0.0,0.0,0.0,0.0,0.0,,,,,,,,,,,,,,,,,,,,,,
2026,2021039183,2026-07-24,2107693,入山 海斗,Iriyama Kaito,68,,11,,,,,,,,,,,,,,,,,,,2.0,1.0,0.0,1.0,0.0,3.04,1.0,1.0,,,0.0,1.0,0.0,0.0,0.0,,1.0,1.0,0.0,,5.0,21.0
2026,2021039183,2026-07-24,2107909,松本 晴,Matsumoto Haru,49,,12,,,,,,,,,,,,,,,,,,,1.0,1.0,,6.0,2.0,3.54,5.0,5.0,,,0.0,3.0,2.0,2.0,0.0,,2.0,4.0,1.0,,20.0,89.0
2026,2021039183,2026-07-24,2117673,山口 廉王,Yamaguchi Ren Ou,47,,11,,,,,,,,,,,,,,,,,,,1.0,1.0,,0.0,0.0,6.75,4.0,4.0,,,0.0,5.0,3.0,3.0,1.0,,3.0,5.0,0.0,,19.0,74.0
2026,2021039184,2026-07-08,1000150,秋山 翔吾,,9,打,6,1.0,0.0,1.0,1.0,0.0,0.0,0.0,0.0,0.0,0.0,0.0,,0.0,0.0,0.0,0.0,0.0,0.0,,,,,,,,,,,,,,,,,,,,,,
2026,2021039184,2026-07-08,1100082,菊池 涼介,,33,二,6,1.0,1.0,6.0,4.0,0.0,0.0,0.0,0.0,0.0,0.0,0.0,,0.0,2.0,0.0,2.0,0.0,0.0,,,,,,,,,,,,,,,,,,,,,,
2026,2021039184,2026-07-08,1500042,高橋 奎二,Takahashi Kei Ni,47,投,2,1.0,1.0,2.0,2.0,0.0,0.0,0.0,0.0,0.0,0.0,0.0,,0.0,0.0,0.0,0.0,0.0,0.0,1.0,1.0,,2.0,4.0,3.44,6.0,6.0,,,0.0,8.0,3.0,3.0,0.0,,2.0,4.0,0.0,,28.0,93.0
2026,2021039184,2026-07-08,1600078,古賀 優大,,2,捕,2,1.0,1.0,5.0,5.0,1.0,2.0,0.0,0.0,1.0,1.0,0.0,,0.0,1.0,0.0,0.0,0.0,0.0,,,,,,,,,,,,,,,,,,,,,,
2026,2021039184,2026-07-08,1600124,坂倉 将吾,,31,三一,6,1.0,1.0,6.0,6.0,0.0,2.0,0.0,1.0,0.0,2.0,0.0,,0.0,2.0,0.0,0.0,0.0,0.0,,,,,,,,,,,,,,,,,,,,,,
2026,2021039184,2026-07-08,1600125,アドゥワ 誠,Aduwa Makoto,48,投,6,1.0,1.0,2.0,2.0,1.0,1.0,0.0,0.0,0.0,0.0,0.0,,0.0,0.0,0.0,0.0,0.0,0.0,1.0,1.0,,0.0,1.0,3.6,5.0,5.0,,,0.0,7.0,1.0,1.0,1.0,,2.0,6.0,0.0,,23.0,88.0
2026,2021039184,2026-07-08,1650522,丸山 和郁,,4,中,2,1.0,1.0,5.0,4.0,0.0,1.0,0.0,0.0,0.0,0.0,0.0,,1.0,1.0,0.0,0.0,0.0,0.0,,,,,,,,,,,,,,,,,,,,,,
2026,2021039184,2026-07-08,1700060,阪口 皓亮,Sakaguchi Akira Ryou,66,投,2,1.0,0.0,0.0,0.0,0.0,0.0,0.0,0.0,0.0,0.0,0.0,,0.0,0.0,0.0,0.0,0.0,0.0,2.0,1.0,0.0,0.0,0.0,2.3,1.0,1.0,,,0.0,0.0,0.0,0.0,0.0,,0.0,0.0,0.0,,3.0,11.0
2026,2021039184,2026-07-08,1700072,遠藤 淳志,Endou Atsushi,66,投,6,1.0,0.0,0.0,0.0,0.0,0.0,0.0,0.0,0.0,0.0,0.0,,0.0,0.0,0.0,0.0,0.0,1.0,4.0,1.0,0.0,1.0,1.0,2.6,1.0,1.0,,,0.0,2.0,1.0,1.0,1.0,,0.0,1.0,0.0,,5.0,22.0
2026,2021039184,2026-07-08,1700087,塩見 泰隆,,9,打,2,1.0,0.0,1.0,1.0,0.0,0.0,0.0,0.0,0.0,0.0,0.0,,0.0,0.0,0.0,0.0,0.0,0.0,,,,,,,,,,,,,,,,,,,,,,
2026,2021039184,2026-07-08,1700089,宮本 丈,,10,打,2,1.0,0.0,1.0,1.0,0.0,1.0,0.0,0.0,0.0,0.0,0.0,,0.0,0.0,0.0,0.0,0.0,0.0,,,,,,,,,,,,,,,,,,,,,,
2026,2021039184,2026-07-08,1700090,松本 直樹,,32,打,2,1.0,0.0,1.0,1.0,0.0,1.0,0.0,0.0,0.0,0.0,0.0,,0.0,0.0,0.0,0.0,0.0,0.0,,,,,,,,,,,,,,,,,,,,,,
2026,2021039184,2026-07-08,1700131,増田 珠,,63,右,2,1.0,1.0,6.0,6.0,0.0,1.0,0.0,0.0,0.0,0.0,0.0,,0.0,2.0,0.0,0.0,0.0,0.0,,,,,,,,,,,,,,,,,,,,,,
2026,2021039184,2026-07-08,1800033,清水 昇,Shimizu Noboru,17,投,2,1.0,0.0,0.0,0.0,0.0,0.0,0.0,0.0,0.0,0.0,0.0,,0.0,0.0,0.0,0.0,0.0,0.0,5.0,1.0,0.0,1.0,0.0,1.44,1.0,1.0,,,1.0,1.0,0.0,0.0,0.0,,0.0,0.0,0.0,,3.0,13.0
2026,2021039184,2026-07-08,1800072,小園 海斗,,5,遊三,6,1.0,1.0,6.0,6.0,0.0,1.0,0.0,0.0,0.0,0.0,0.0,,0.0,0.0,0.0,0.0,0.0,0.0,,,,,,,,,,,,,,,,,,,,,,
2026,2021039184,2026-07-08,1800079,大盛 穂,,59,中,6,1.0,1.0,5.0,3.0,0.0,0.0,0.0,0.0,0.0,0.0,0.0,,2.0,1.0,0.0,0.0,0.0,0.0,,,,,,,,,,,,,,,,,,,,,,
2026,2021039184,2026-07-08,1800082,山野辺 翔,,37,走,2,1.0,0.0,0.0,0.0,1.0,0.0,0.0,0.0,0.0,0.0,0.0,,0.0,0.0,0.0,0.0,0.0,0.0,,,,,,,,,,,,,,,,,,,,,,
2026,2021039184,2026-07-08,1850405,名原 典彦,,92,右,6,1.0,1.0,6.0,5.0,2.0,3.0,1.0,0.0,0.0,0.0,0.0,,0.0,0.0,1.0,0.0,0.0,0.0,,,,,,,,,,,,,,,,,,,,,,
2026,2021039184,2026-07-08,1850772,石井 巧,,38,走,2,1.0,0.0,0.0,0.0,0.0,0.0,0.0,0.0,0.0,0.0,0.0,,0.0,0.0,0.0,0.0,0.0,0.0,,,,,,,,,,,,,,,,,,,,,,
2026,2021039184,2026-07-08,1900028,長岡 秀樹,,7,遊,2,1.0,1.0,6.0,6.0,1.0,2.0,0.0,0.0,1.0,1.0,0.0,,0.0,1.0,0.0,0.0,0.0,0.0,,,,,,,,,,,,,,,,,,,,,,
2026,2021039184,2026-07-08,1900029,武岡 龍世,,60,三,2,1.0,1.0,6.0,4.0,0.0,2.0,2.0,0.0,0.0,0.0,0.0,,2.0,2.0,0.0,0.0,0.0,0.0,,,,,,,,,,,,,,,,,,,,,,
2026,2021039184,2026-07-08,1900056,石原 貴規,,32,捕,6,1.0,1.0,5.0,4.0,0.0,0.0,0.0,0.0,0.0,0.0,0.0,,0.0,1.0,0.0,1.0,0.0,0.0,,,,,,,,,,,,,,,,,,,,,,
2026,2021039184,2026-07-08,1900073,鈴木 健矢,Suzuki Ken Ya,41,投,6,1.0,0.0,0.0,0.0,0.0,0.0,0.0,0.0,0.0,0.0,0.0,,0.0,0.0,0.0,0.0,0.0,0.0,7.0,1.0,0.0,0.0,1.0,2.53,1.0,1.0,,,0.0,2.0,0.0,0.0,0.0,,0.0,0.0,0.0,,4.0,15.0
2026,2021039184,2026-07-08,1950429,高 太一,Kou Taichi,22,投,6,1.0,0.0,0.0,0.0,0.0,0.0,0.0,0.0,0.0,0.0,0.0,,0.0,0.0,0.0,0.0,0.0,0.0,2.0,1.0,0.0,0.0,2.0,2.03,1.0,1.0,,,0.0,1.0,0.0,0.0,0.0,,0.0,0.0,0.0,,4.0,18.0
2026,2021039184,2026-07-08,1960397,ハーン,Haan,68,投,6,1.0,0.0,0.0,0.0,0.0,0.0,0.0,0.0,0.0,0.0,0.0,,0.0,0.0,0.0,0.0,0.0,0.0,3.0,1.0,0.0,2.0,2.0,1.53,1.0,1.0,,,1.0,3.0,1.0,1.0,0.0,,0.0,1.0,0.0,,6.0,24.0
2026,2021039184,2026-07-08,1961046,キハダ,Kihada,11,投,2,1.0,0.0,0.0,0.0,0.0,0.0,0.0,0.0,0.0,0.0,0.0,,0.0,0.0,0.0,0.0,0.0,0.0,4.0,1.0,0.0,2.0,4.0,2.84,1.0,1.0,,,21.0,1.0,0.0,0.0,0.0,,0.0,2.0,0.0,,4.0,18.0
2026,2021039184,2026-07-08,1961927,モンテロ,,95,一,6,1.0,1.0,4.0,2.0,0.0,1.0,0.0,0.0,0.0,0.0,0.0,,2.0,0.0,0.0,0.0,0.0,0.0,,,,,,,,,,,,,,,,,,,,,,
2026,2021039184,2026-07-08,2000026,内山 壮真,,3,二,2,1.0,1.0,6.0,5.0,1.0,1.0,0.0,0.0,1.0,2.0,0.0,,1.0,0.0,0.0,0.0,0.0,0.0,,,,,,,,,,,,,,,,,,,,,,
2026,2021039184,2026-07-08,2000031,赤羽 由紘,,0,一,2,1.0,1.0,6.0,6.0,1.0,3.0,2.0,0.0,0.0,0.0,0.0,,0.0,1.0,0.0,0.0,0.0,0.0,,,,,,,,,,,,,,,,,,,,,,
2026,2021039184,2026-07-08,2000033,丸山 翔大,Maruyama Shoudai,68,投,2,1.0,0.0,0.0,0.0,0.0,0.0,0.0,0.0,0.0,0.0,0.0,,0.0,0.0,0.0,0.0,0.0,0.0,6.0,1.0,0.0,0.0,1.0,2.59,1.0,1.0,,,0.0,0.0,0.0,0.0,0.0,,1.0,0.0,1.0,,5.0,24.0
2026,2021039184,2026-07-08,2000061,森浦 大輔,Moriura Daisuke,13,投,6,1.0,0.0,0.0,0.0,0.0,0.0,0.0,0.0,0.0,0.0,0.0,,0.0,0.0,0.0,0.0,0.0,0.0,5.0,1.0,0.0,4.0,2.0,2.86,1.0,1.0,,,10.0,0.0,0.0,0.0,0.0,,0.0,2.0,0.0,,3.0,19.0
2026,2021039184,2026-07-08,2000066,二俣 翔一,,99,遊,6,1.0,0.0,0.0,0.0,0.0,0.0,0.0,0.0,0.0,0.0,0.0,,0.0,0.0,0.0,0.0,0.0,0.0,,,,,,,,,,,,,,,,,,,,,,
2026,2021039184,2026-07-08,2000135,サンタナ,,25,左,2,1.0,1.0,4.0,4.0,0.0,1.0,0.0,0.0,0.0,1.0,0.0,,0.0,2.0,0.0,0.0,0.0,0.0,,,,,,,,,,,,,,,,,,,,,,
2026,2021039184,2026-07-08,2050203,佐々木 泰,,10,打,6,1.0,0.0,1.0,1.0,0.0,1.0,0.0,0.0,0.0,0.0,0.0,,0.0,0.0,0.0,0.0,0.0,0.0,,,,,,,,,,,,,,,,,,,,,,
2026,2021039184,2026-07-08,2103917,岩田 幸宏,,64,走左,2,1.0,0.0,2.0,2.0,0.0,0.0,0.0,0.0,0.0,0.0,0.0,,0.0,1.0,0.0,0.0,0.0,0.0,,,,,,,,,,,,,,,,,,,,,,
2026,2021039184,2026-07-08,2105626,廣澤 優,Hirosawa Yuu,70,投,2,1.0,0.0,0.0,0.0,0.0,0.0,0.0,0.0,0.0,0.0,0.0,,0.0,0.0,0.0,0.0,0.0,0.0,7.0,1.0,0.0,3.0,1.0,2.73,1.0,1.0,,,0.0,0.0,0.0,0.0,0.0,,0.0,1.0,0.0,,3.0,16.0
2026,2021039184,2026-07-08,2106037,辻 大雅,Tsuji Taiga,98,投,6,1.0,0.0,0.0,0.0,0.0,0.0,0.0,0.0,0.0,0.0,0.0,,0.0,0.0,0.0,0.0,0.0,0.0,6.0,1.0,0.0,2.0,1.0,3.75,1.0,1.0,,,0.0,0.0,0.0,0.0,0.0,,1.0,0.0,0.0,,3.0,10.0
2026,2021039184,2026-07-08,2107178,モンテル,,90,走中,2,1.0,0.0,1.0,1.0,0.0,1.0,0.0,0.0,0.0,0.0,0.0,,0.0,0.0,0.0,0.0,0.0,0.0,,,,,,,,,,,,,,,,,,,,,,
2026,2021039184,2026-07-08,2107887,辰見 鴻之介,,69,走,6,1.0,0.0,0.0,0.0,0.0,0.0,0.0,0.0,0.0,0.0,1.0,,0.0,0.0,0.0,0.0,0.0,0.0,,,,,,,,,,,,,,,,,,,,,,
2026,2021039184,2026-07-08,2110422,勝田 成,,0,遊,6,1.0,0.0,1.0,1.0,0.0,0.0,0.0,0.0,0.0,0.0,0.0,,0.0,1.0,0.0,0.0,0.0,0.0,,,,,,,,,,,,,,,,,,,,,,
2026,2021039184,2026-07-08,2112143,佐藤 啓介,,94,打,6,1.0,0.0,1.0,1.0,0.0,0.0,0.0,0.0,0.0,0.0,0.0,,0.0,0.0,0.0,0.0,0.0,0.0,,,,,,,,,,,,,,,,,,,,,,
2026,2021039184,2026-07-08,2114882,ファビアン,,61,左,6,1.0,1.0,6.0,4.0,0.0,1.0,1.0,0.0,0.0,1.0,0.0,,1.0,0.0,0.0,0.0,1.0,0.0,,,,,,,,,,,,,,,,,,,,,,
2026,2021039184,2026-07-08,2117693,菊地 ハルン,Kikuchi Haru n,67,投,6,1.0,0.0,0.0,0.0,0.0,0.0,0.0,0.0,0.0,0.0,0.0,,0.0,0.0,0.0,0.0,0.0,0.0,8.0,1.0,0.0,0.0,1.0,7.71,0.6666666666666666,0.2,,,0.0,1.0,2.0,2.0,1.0,,1.0,1.0,0.0,,4.0,14.0
2026,2021039184,2026-07-08,2122334,リランソ,Riran Soviet,62,投,2,1.0,0.0,0.0,0.0,0.0,0.0,0.0,0.0,0.0,0.0,0.0,,0.0,0.0,0.0,0.0,0.0,0.0,3.0,1.0,0.0,1.0,2.0,2.04,1.0,1.0,,,0.0,0.0,0.0,0.0,0.0,,2.0,0.0,0.0,,4.0,17.0
2026,2021039185,2026-07-22,1100069,高橋 周平,,3,打,4,1.0,0.0,1.0,1.0,0.0,0.0,0.0,0.0,0.0,0.0,0.0,,0.0,1.0,0.0,0.0,0.0,0.0,,,,,,,,,,,,,,,,,,,,,,
2026,2021039185,2026-07-22,1200053,宮崎 敏郎,,51,三,3,1.0,1.0,4.0,3.0,0.0,1.0,0.0,0.0,0.0,0.0,0.0,,0.0,0.0,1.0,0.0,0.0,0.0,,,,,,,,,,,,,,,,,,,,,,
2026,2021039185,2026-07-22,1500063,柴田 竜拓,,31,三,3,1.0,0.0,0.0,0.0,0.0,0.0,0.0,0.0,0.0,0.0,0.0,,0.0,0.0,0.0,0.0,0.0,0.0,,,,,,,,,,,,,,,,,,,,,,
2026,2021039185,2026-07-22,1500078,阿部 寿樹,,48,打,4,1.0,0.0,1.0,1.0,0.0,0.0,0.0,0.0,0.0,0.0,0.0,,0.0,1.0,0.0,0.0,0.0,0.0,,,,,,,,,,,,,,,,,,,,,,
2026,2021039185,2026-07-22,1500091,板山 祐太郎,,63,右,4,1.0,1.0,4.0,3.0,0.0,1.0,1.0,0.0,0.0,0.0,0.0,,1.0,2.0,0.0,0.0,0.0,0.0,,,,,,,,,,,,,,,,,,,,,,
2026,2021039185,2026-07-22,1561854,サノー,,23,一,4,1.0,1.0,4.0,2.0,0.0,0.0,0.0,0.0,0.0,0.0,0.0,,2.0,0.0,0.0,0.0,0.0,0.0,,,,,,,,,,,,,,,,,,,,,,
2026,2021039185,2026-07-22,1600085,細川 成也,,55,左,4,1.0,1.0,4.0,4.0,1.0,1.0,0.0,0.0,1.0,1.0,0.0,,0.0,0.0,0.0,0.0,0.0,0.0,,,,,,,,,,,,,,,,,,,,,,
2026,2021039185,2026-07-22,1600089,佐野 恵太,,7,一,3,1.0,1.0,5.0,4.0,0.0,0.0,0.0,0.0,0.0,0.0,0.0,,1.0,0.0,0.0,0.0,0.0,0.0,,,,,,,,,,,,,,,,,,,,,,
2026,2021039185,2026-07-22,1600106,柳 裕也,Ryuu Yuuya,17,投,4,1.0,1.0,1.0,0.0,0.0,0.0,0.0,0.0,0.0,0.0,0.0,,0.0,0.0,0.0,1.0,0.0,0.0,1.0,1.0,,4.0,3.0,2.55,5.0,5.0,,,0.0,6.0,2.0,2.0,1.0,,0.0,2.0,1.0,,22.0,86.0
2026,2021039185,2026-07-22,1600167,三森 大貴,,26,走,3,1.0,0.0,0.0,0.0,0.0,0.0,0.0,0.0,0.0,0.0,1.0,,0.0,0.0,0.0,0.0,0.0,0.0,,,,,,,,,,,,,,,,,,,,,,
2026,2021039185,2026-07-22,1700058,東 克樹,Azuma Katsuki,11,投,3,1.0,1.0,2.0,2.0,0.0,0.0,0.0,0.0,0.0,0.0,0.0,,0.0,1.0,0.0,0.0,0.0,0.0,1.0,1.0,,7.0,5.0,2.65,6.0,6.0,,,0.0,4.0,1.0,1.0,1.0,,2.0,2.0,0.0,,22.0,90.0
2026,2021039185,2026-07-22,1700059,神里 和毅,,8,左,3,1.0,0.0,0.0,0.0,0.0,0.0,0.0,0.0,0.0,0.0,0.0,,0.0,0.0,0.0,0.0,0.0,0.0,,,,,,,,,,,,,,,,,,,,,,
2026,2021039185,2026-07-22,1750223,村松 開人,,5,遊,4,1.0,1.0,5.0,4.0,0.0,1.0,0.0,0.0,0.0,1.0,0.0,,0.0,0.0,0.0,1.0,0.0,1.0,,,,,,,,,,,,,,,,,,,,,,
2026,2021039185,2026-07-22,1800046,勝又 温史,,28,左,3,1.0,1.0,5.0,5.0,0.0,3.0,0.0,0.0,0.0,0.0,0.0,,0.0,2.0,0.0,0.0,0.0,0.0,,,,,,,,,,,,,,,,,,,,,,
2026,2021039185,2026-07-22,1800049,宮城 滝太,Miyagi Taki Futoshi,65,投,3,1.0,0.0,0.0,0.0,0.0,0.0,0.0,0.0,0.0,0.0,0.0,,0.0,0.0,0.0,0.0,0.0,0.0,2.0,1.0,0.0,0.0,2.0,2.25,1.0,1.0,,,0.0,2.0,0.0,0.0,0.0,,0.0,2.0,0.0,,5.0,23.0
2026,2021039185,2026-07-22,1850208,林 琢真,,0,三,3,1.0,0.0,1.0,0.0,0.0,0.0,0.0,0.0,0.0,0.0,0.0,,1.0,0.0,0.0,0.0,0.0,0.0,,,,,,,,,,,,,,,,,,,,,,
2026,2021039185,2026-07-22,1900032,伊勢 大夢,Ise Taimu,13,投,3,1.0,0.0,0.0,0.0,0.0,0.0,0.0,0.0,0.0,0.0,0.0,,0.0,0.0,0.0,0.0,0.0,0.0,4.0,1.0,0.0,2.0,2.0,3.18,0.3333333333333333,0.1,,,0.0,3.0,2.0,2.0,0.0,,1.0,1.0,0.0,,5.0,24.0
2026,2021039185,2026-07-22,1900035,蝦名 達夫,,61,中,3,1.0,1.0,4.0,4.0,1.0,1.0,0.0,0.0,0.0,0.0,0.0,,0.0,2.0,0.0,0.0,0.0,0.0,,,,,,,,,,,,,,,,,,,,,,
2026,2021039185,2026-07-22,1900037,石川 昂弥,,25,三,4,1.0,1.0,4.0,3.0,0.0,0.0,0.0,0.0,0.0,0.0,0.0,,1.0,0.0,0.0,0.0,0.0,0.0,,,,,,,,,,,,,,,,,,,,,,
2026,2021039185,2026-07-22,1900038,橋本 侑樹,Hashimoto Yuuki,13,投,4,1.0,0.0,0.0,0.0,0.0,0.0,0.0,0.0,0.0,0.0,0.0,,0.0,0.0,0.0,0.0,0.0,0.0,3.0,1.0,0.0,2.0,0.0,1.59,1.0,1.0,,,0.0,1.0,0.0,0.0,0.0,,0.0,1.0,0.0,,4.0,16.0
2026,2021039185,2026-07-22,1900041,岡林 勇希,,1,中,4,1.0,1.0,5.0,3.0,0.0,1.0,0.0,0.0,0.0,0.0,0.0,,2.0,0.0,0.0,0.0,0.0,0.0,,,,,,,,,,,,,,,,,,,,,,
2026,2021039185,2026-07-22,1961300,ボスラー,,24,打,4,1.0,0.0,1.0,1.0,0.0,1.0,0.0,1.0,0.0,1.0,0.0,,0.0,0.0,0.0,0.0,0.0,0.0,,,,,,,,,,,,,,,,,,,,,,
2026,2021039185,2026-07-22,2000035,牧 秀悟,,2,二,3,1.0,1.0,5.0,5.0,0.0,1.0,1.0,0.0,0.0,0.0,0.0,,0.0,0.0,0.0,0.0,0.0,0.0,,,,,,,,,,,,,,,,,,,,,,
2026,2021039185,2026-07-22,2000044,土田 龍空,,45,走二,4,1.0,0.0,0.0,0.0,0.0,0.0,0.0,0.0,0.0,0.0,0.0,,0.0,0.0,0.0,0.0,0.0,0.0,,,,,,,,,,,,,,,,,,,,,,
2026,2021039185,2026-07-22,2060049,アブレウ,Abureu,28,投,4,1.0,0.0,0.0,0.0,0.0,0.0,0.0,0.0,0.0,0.0,0.0,,0.0,0.0,0.0,0.0,0.0,0.0,2.0,1.0,0.0,1.0,0.0,3.72,2.0,2.0,,,0.0,2.0,0.0,0.0,0.0,,0.0,3.0,0.0,,8.0,23.0
2026,2021039185,2026-07-22,2100014,宮下 朝陽,,34,遊,3,1.0,1.0,4.0,4.0,0.0,2.0,0.0,0.0,0.0,0.0,0.0,,0.0,1.0,0.0,0.0,0.0,0.0,,,,,,,,,,,,,,,,,,,,,,
2026,2021039185,2026-07-22,2100277,松尾 汐恩,,5,捕,3,1.0,1.0,4.0,3.0,0.0,0.0,0.0,0.0,0.0,1.0,0.0,,0.0,0.0,0.0,0.0,1.0,0.0,,,,,,,,,,,,,,,,,,,,,,
2026,2021039185,2026-07-22,2103703,梶原 昂希,,58,打,3,1.0,0.0,1.0,1.0,0.0,0.0,0.0,0.0,0.0,0.0,0.0,,0.0,1.0,0.0,0.0,0.0,0.0,,,,,,,,,,,,,,,,,,,,,,
2026,2021039185,2026-07-22,2103780,福永 裕基,,7,二一,4,1.0,1.0,4.0,4.0,0.0,1.0,0.0,0.0,0.0,0.0,0.0,,0.0,1.0,0.0,0.0,0.0,0.0,,,,,,,,,,,,,,,,,,,,,,
2026,2021039185,2026-07-22,2103947,樋口 正修,,97,走,4,1.0,0.0,0.0,0.0,1.0,0.0,0.0,0.0,0.0,0.0,0.0,,0.0,0.0,0.0,0.0,0.0,0.0,,,,,,,,,,,,,,,,,,,,,,
2026,2021039185,2026-07-22,2105102,石伊 雄太,,9,捕,4,1.0,1.0,4.0,4.0,0.0,3.0,0.0,0.0,0.0,0.0,0.0,,0.0,1.0,0.0,0.0,0.0,0.0,,,,,,,,,,,,,,,,,,,,,,
2026,2021039185,2026-07-22,2105295,吉田 聖弥,Yoshida Kiyoshi Wataru,47,投,4,1.0,0.0,0.0,0.0,0.0,0.0,0.0,0.0,0.0,0.0,0.0,,0.0,0.0,0.0,0.0,0.0,0.0,4.0,1.0,0.0,1.0,1.0,1.52,1.0,1.0,,,0.0,0.0,0.0,0.0,0.0,,2.0,2.0,0.0,,6.0,29.0
2026,2021039185,2026-07-22,2107645,尾田 剛樹,,0,走,4,1.0,0.0,0.0,0.0,1.0,0.0,0.0,0.0,0.0,0.0,0.0,,0.0,0.0,0.0,0.0,0.0,0.0,,,,,,,,,,,,,,,,,,,,,,
2026,2021039185,2026-07-22,2108195,エンカーナシオン,,69,右,3,1.0,1.0,5.0,5.0,1.0,1.0,0.0,0.0,1.0,1.0,0.0,,0.0,1.0,0.0,0.0,0.0,0.0,,,,,,,,,,,,,,,,,,,,,,
2026,2021039185,2026-07-22,2117433,レイノルズ,Reynolds,62,投,3,1.0,0.0,0.0,0.0,0.0,0.0,0.0,0.0,0.0,0.0,0.0,,0.0,0.0,0.0,0.0,0.0,0.0,3.0,1.0,0.0,2.0,0.0,1.35,1.0,1.0,,,3.0,0.0,0.0,0.0,0.0,,3.0,1.0,0.0,,6.0,26.0
2026,2021039186,2026-07-10,700003,坂本 勇人,,6,打,1,1.0,0.0,1.0,1.0,0.0,0.0,0.0,0.0,0.0,0.0,0.0,,0.0,0.0,0.0,0.0,0.0,0.0,,,,,,,,,,,,,,,,,,,,,,
2026,2021039186,2026-07-10,800043,丸 佳浩,,8,打,1,1.0,0.0,1.0,1.0,0.0,0.0,0.0,0.0,0.0,0.0,0.0,,0.0,1.0,0.0,0.0,0.0,0.0,,,,,,,,,,,,,,,,,,,,,,
2026,2021039186,2026-07-10,1100095,松本 剛,,9,中左,1,1.0,1.0,4.0,3.0,0.0,0.0,0.0,0.0,0.0,0.0,0.0,,0.0,2.0,0.0,1.0,0.0,0.0,,,,,,,,,,,,,,,,,,,,,,
2026,2021039186,2026-07-10,1300073,梅野 隆太郎,,2,捕,5,1.0,1.0,3.0,2.0,0.0,1.0,0.0,0.0,0.0,0.0,0.0,,0.0,0.0,1.0,0.0,0.0,0.0,,,,,,,,,,,,,,,,,,,,,,
2026,2021039186,2026-07-10,1300075,岩崎 優,Iwasaki Yuu,13,投,5,1.0,0.0,0.0,0.0,0.0,0.0,0.0,0.0,0.0,0.0,0.0,,0.0,0.0,0.0,0.0,0.0,0.0,2.0,1.0,0.0,2.0,3.0,3.0,1.0,1.0,,,10.0,2.0,2.0,2.0,1.0,,0.0,0.0,0.0,,5.0,14.0
2026,2021039186,2026-07-10,1400172,植田 海,,62,走,5,1.0,0.0,0.0,0.0,1.0,0.0,0.0,0.0,0.0,0.0,0.0,,0.0,0.0,0.0,0.0,0.0,0.0,,,,,,,,,,,,,,,,,,,,,,
2026,2021039186,2026-07-10,1450977,森田 駿哉,Morita Shun kana,47,投,1,1.0,0.0,0.0,0.0,0.0,0.0,0.0,0.0,0.0,0.0,0.0,,0.0,0.0,0.0,0.0,0.0,0.0,3.0,1.0,0.0,0.0,0.0,5.6,1.0,1.0,,,0.0,0.0,0.0,0.0,0.0,,1.0,2.0,0.0,,4.0,19.0
2026,2021039186,2026-07-10,1500052,中川 皓太,Nakagawa Kouta,41,投,1,1.0,0.0,0.0,0.0,0.0,0.0,0.0,0.0,0.0,0.0,0.0,,0.0,0.0,0.0,0.0,0.0,0.0,2.0,1.0,0.0,2.0,1.0,2.28,1.0,1.0,,,0.0,0.0,0.0,0.0,0.0,,0.0,0.0,0.0,,3.0,8.0
2026,2021039186,2026-07-10,1500087,坂本 誠志郎,,12,捕,5,1.0,0.0,0.0,0.0,0.0,0.0,0.0,0.0,0.0,0.0,0.0,,0.0,0.0,0.0,0.0,0.0,0.0,,,,,,,,,,,,,,,,,,,,,,
2026,2021039186,2026-07-10,1561820,ダルベック,,29,一,1,1.0,1.0,4.0,4.0,1.0,1.0,0.0,0.0,1.0,2.0,0.0,,0.0,2.0,0.0,0.0,0.0,0.0,,,,,,,,,,,,,,,,,,,,,,
2026,2021039186,2026-07-10,1600113,大山 悠輔,,3,一,5,1.0,1.0,5.0,4.0,0.0,0.0,0.0,0.0,0.0,0.0,0.0,,1.0,1.0,0.0,0.0,0.0,0.0,,,,,,,,,,,,,,,,,,,,,,
2026,2021039186,2026-07-10,1600115,才木 浩人,Sai Moku Hiroto,35,投,5,1.0,1.0,3.0,2.0,0.0,0.0,0.0,0.0,0.0,0.0,0.0,,0.0,2.0,0.0,1.0,0.0,0.0,1.0,1.0,,7.0,4.0,2.71,9.0,9.0,,,0.0,4.0,2.0,2.0,1.0,,1.0,13.0,0.0,,32.0,130.0
2026,2021039186,2026-07-10,1700010,マルティネス,Marutinesu,92,投,1,1.0,0.0,0.0,0.0,0.0,0.0,0.0,0.0,0.0,0.0,0.0,,0.0,0.0,0.0,0.0,0.0,0.0,4.0,1.0,0.0,3.0,2.0,1.53,1.0,1.0,,,29.0,2.0,1.0,1.0,0.0,,1.0,1.0,0.0,,6.0,26.0
2026,2021039186,2026-07-10,1700027,田中 瑛斗,Tanaka Akira To,45,投,1,1.0,0.0,0.0,0.0,0.0,0.0,0.0,0.0,0.0,0.0,0.0,,0.0,0.0,0.0,0.0,0.0,0.0,5.0,1.0,0.0,1.0,2.0,1.64,1.0,1.0,,,2.0,1.0,0.0,0.0,0.0,,0.0,1.0,0.0,,4.0,10.0
2026,2021039186,2026-07-10,1700044,大城 卓三,,24,捕,1,1.0,1.0,4.0,4.0,0.0,0.0,0.0,0.0,0.0,0.0,0.0,,0.0,2.0,0.0,0.0,0.0,0.0,,,,,,,,,,,,,,,,,,,,,,
2026,2021039186,2026-07-10,1750321,泉口 友汰,,35,遊,1,1.0,1.0,4.0,4.0,0.0,1.0,0.0,0.0,0.0,0.0,0.0,,0.0,0.0,0.0,0.0,0.0,0.0,,,,,,,,,,,,,,,,,,,,,,
2026,2021039186,2026-07-10,1800065,近本 光司,,5,中,5,1.0,1.0,5.0,4.0,0.0,0.0,0.0,0.0,0.0,0.0,0.0,,1.0,1.0,0.0,0.0,0.0,0.0,,,,,,,,,,,,,,,,,,,,,,
2026,2021039186,2026-07-10,1850183,森下 翔太,,1,右,5,1.0,1.0,5.0,4.0,0.0,1.0,0.0,0.0,0.0,1.0,0.0,,0.0,1.0,0.0,0.0,1.0,0.0,,,,,,,,,,,,,,,,,,,,,,
2026,2021039186,2026-07-10,1951153,浦田 俊輔,,32,二,1,1.0,1.0,5.0,5.0,1.0,1.0,0.0,0.0,0.0,0.0,0.0,,0.0,1.0,0.0,0.0,0.0,0.0,,,,,,,,,,,,,,,,,,,,,,
2026,2021039186,2026-07-10,2000027,元山 飛優,,0,遊,5,1.0,1.0,5.0,4.0,0.0,3.0,0.0,0.0,0.0,0.0,0.0,,0.0,1.0,0.0,1.0,0.0,0.0,,,,,,,,,,,,,,,,,,,,,,
2026,2021039186,2026-07-10,2000051,佐藤 輝明,,8,三,5,1.0,1.0,5.0,4.0,0.0,1.0,0.0,0.0,0.0,0.0,0.0,,1.0,2.0,0.0,0.0,0.0,0.0,,,,,,,,,,,,,,,,,,,,,,
2026,2021039186,2026-07-10,2000056,中野 拓夢,,7,二,5,1.0,1.0,5.0,3.0,0.0,1.0,0.0,0.0,0.0,0.0,0.0,,2.0,0.0,0.0,0.0,0.0,0.0,,,,,,,,,,,,,,,,,,,,,,
2026,2021039186,2026-07-10,2000057,高寺 望夢,,67,左,5,1.0,1.0,5.0,4.0,1.0,0.0,0.0,0.0,0.0,0.0,0.0,,1.0,1.0,0.0,0.0,0.0,0.0,,,,,,,,,,,,,,,,,,,,,,
2026,2021039186,2026-07-10,2100225,笹原 操希,,95,右,1,1.0,1.0,2.0,2.0,0.0,0.0,0.0,0.0,0.0,0.0,0.0,,0.0,2.0,0.0,0.0,0.0,0.0,,,,,,,,,,,,,,,,,,,,,,
2026,2021039186,2026-07-10,2103242,立石 正広,,9,打,5,1.0,0.0,1.0,1.0,0.0,0.0,0.0,0.0,0.0,0.0,0.0,,0.0,1.0,0.0,0.0,0.0,0.0,,,,,,,,,,,,,,,,,,,,,,
2026,2021039186,2026-07-10,2106178,佐々木 俊輔,,44,左右,1,1.0,1.0,4.0,3.0,0.0,0.0,0.0,0.0,0.0,0.0,0.0,,0.0,1.0,0.0,1.0,0.0,0.0,,,,,,,,,,,,,,,,,,,,,,
2026,2021039186,2026-07-10,2108292,ガルシア,,94,打,5,1.0,0.0,1.0,1.0,0.0,0.0,0.0,0.0,0.0,0.0,0.0,,0.0,0.0,0.0,0.0,0.0,0.0,,,,,,,,,,,,,,,,,,,,,,
2026,2021039186,2026-07-10,2110225,福島 圭音,,92,打,5,1.0,0.0,1.0,1.0,0.0,1.0,0.0,0.0,0.0,0.0,0.0,,0.0,0.0,0.0,0.0,0.0,0.0,,,,,,,,,,,,,,,,,,,,,,
2026,2021039186,2026-07-10,2110991,小濱 佑斗,,33,走三,1,1.0,0.0,1.0,1.0,1.0,1.0,0.0,0.0,1.0,2.0,0.0,,0.0,0.0,0.0,0.0,0.0,0.0,,,,,,,,,,,,,,,,,,,,,,
2026,2021039186,2026-07-10,2116069,石塚 裕惺,,23,三,1,1.0,1.0,3.0,2.0,0.0,1.0,0.0,0.0,0.0,0.0,0.0,,1.0,0.0,0.0,0.0,0.0,0.0,,,,,,,,,,,,,,,,,,,,,,
2026,2021039186,2026-07-10,2117509,ウィットリー,Wit Lee,26,投,1,1.0,1.0,2.0,1.0,0.0,0.0,0.0,0.0,0.0,0.0,0.0,,0.0,1.0,0.0,1.0,0.0,1.0,1.0,1.0,,3.0,4.0,2.31,6.0,6.0,,,0.0,5.0,1.0,0.0,0.0,,4.0,6.0,1.0,,27.0,103.0
2026,2021039186,2026-07-10,2118420,キャベッジ,,13,打中,1,1.0,0.0,2.0,2.0,1.0,1.0,0.0,0.0,0.0,0.0,0.0,,0.0,1.0,0.0,0.0,0.0,0.0,,,,,,,,,,,,,,,,,,,,,,
2026,2021039187,2026-07-09,1000035,今宮 健太,,6,打,12,1.0,0.0,1.0,1.0,0.0,0.0,0.0,0.0,0.0,0.0,0.0,,0.0,0.0,0.0,0.0,0.0,0.0,,,,,,,,,,,,,,,,,,,,,,
2026,2021039187,2026-07-09,1000128,柳田 悠岐,,9,左,12,1.0,1.0,4.0,3.0,0.0,1.0,0.0,0.0,0.0,1.0,0.0,,0.0,0.0,1.0,0.0,0.0,0.0,,,,,,,,,,,,,,,,,,,,,,
2026,2021039187,2026-07-09,1000175,牧原 大成,,8,二,12,1.0,1.0,5.0,4.0,0.0,0.0,0.0,0.0,0.0,0.0,0.0,,0.0,0.0,0.0,1.0,0.0,0.0,,,,,,,,,,,,,,,,,,,,,,
2026,2021039187,2026-07-09,1100097,近藤 健介,,3,指,12,1.0,1.0,5.0,3.0,3.0,2.0,0.0,0.0,1.0,2.0,0.0,,2.0,1.0,0.0,0.0,0.0,0.0,,,,,,,,,,,,,,,,,,,,,,
2026,2021039187,2026-07-09,1400127,栗原 陵矢,,24,三,12,1.0,1.0,5.0,4.0,1.0,2.0,0.0,0.0,1.0,3.0,0.0,,1.0,0.0,0.0,0.0,0.0,0.0,,,,,,,,,,,,,,,,,,,,,,
2026,2021039187,2026-07-09,1500117,平沢 大河,,39,右,7,1.0,1.0,4.0,4.0,1.0,1.0,0.0,0.0,0.0,0.0,0.0,,0.0,2.0,0.0,0.0,0.0,0.0,,,,,,,,,,,,,,,,,,,,,,
2026,2021039187,2026-07-09,1500140,谷川原 健太,,45,右,12,1.0,0.0,1.0,1.0,0.0,1.0,0.0,0.0,0.0,0.0,0.0,,0.0,0.0,0.0,0.0,0.0,0.0,,,,,,,,,,,,,,,,,,,,,,
2026,2021039187,2026-07-09,1500143,川瀬 晃,,0,打遊,12,1.0,0.0,2.0,1.0,1.0,1.0,0.0,0.0,0.0,0.0,0.0,,1.0,0.0,0.0,0.0,0.0,0.0,,,,,,,,,,,,,,,,,,,,,,
2026,2021039187,2026-07-09,1560184,オスナ,Osu na,54,,12,,,,,,,,,,,,,,,,,,,2.0,1.0,0.0,1.0,1.0,1.06,1.0,1.0,,,0.0,1.0,0.0,0.0,0.0,,1.0,1.0,0.0,,5.0,18.0
2026,2021039187,2026-07-09,1600134,石井 一成,,4,二,7,1.0,1.0,4.0,3.0,0.0,0.0,0.0,0.0,0.0,0.0,0.0,,1.0,2.0,0.0,0.0,0.0,0.0,,,,,,,,,,,,,,,,,,,,,,
2026,2021039187,2026-07-09,1650813,川村 友斗,,61,走左,12,1.0,0.0,1.0,1.0,0.0,1.0,0.0,0.0,0.0,0.0,1.0,,0.0,0.0,0.0,0.0,0.0,0.0,,,,,,,,,,,,,,,,,,,,,,
2026,2021039187,2026-07-09,1660299,林 安可,,73,指,7,1.0,1.0,4.0,3.0,1.0,1.0,0.0,0.0,1.0,2.0,0.0,,1.0,1.0,0.0,0.0,0.0,0.0,,,,,,,,,,,,,,,,,,,,,,
2026,2021039187,2026-07-09,1700122,西川 愛也,,51,中,7,1.0,1.0,4.0,3.0,0.0,0.0,0.0,0.0,0.0,0.0,0.0,,0.0,0.0,1.0,0.0,0.0,0.0,,,,,,,,,,,,,,,,,,,,,,
2026,2021039187,2026-07-09,1700135,周東 佑京,,23,中,12,1.0,1.0,5.0,5.0,1.0,1.0,0.0,0.0,0.0,0.0,0.0,,0.0,1.0,0.0,0.0,0.0,0.0,,,,,,,,,,,,,,,,,,,,,,
2026,2021039187,2026-07-09,1750472,古賀 悠斗,,22,捕,7,1.0,1.0,3.0,3.0,0.0,0.0,0.0,0.0,0.0,0.0,0.0,,0.0,1.0,0.0,0.0,0.0,0.0,,,,,,,,,,,,,,,,,,,,,,
2026,2021039187,2026-07-09,1800043,上茶谷 大河,Ue Chatani Taiga,64,,12,,,,,,,,,,,,,,,,,,,1.0,1.0,,6.0,0.0,2.54,6.0,6.0,,,1.0,3.0,3.0,3.0,2.0,,0.0,5.0,1.0,,22.0,89.0
2026,2021039187,2026-07-09,1800081,渡邉 勇太朗,Watanabe Isamu Tarou,12,,7,,,,,,,,,,,,,,,,,,,1.0,1.0,,4.0,6.0,3.44,6.0,6.0,,,0.0,7.0,4.0,4.0,1.0,,2.0,7.0,0.0,,26.0,93.0
2026,2021039187,2026-07-09,1800113,渡邉 陸,,0,捕,12,1.0,1.0,4.0,4.0,0.0,2.0,0.0,1.0,0.0,0.0,0.0,,0.0,2.0,0.0,0.0,0.0,0.0,,,,,,,,,,,,,,,,,,,,,,
2026,2021039187,2026-07-09,1900101,海野 隆司,,62,捕,12,1.0,0.0,0.0,0.0,0.0,0.0,0.0,0.0,0.0,0.0,0.0,,0.0,0.0,0.0,0.0,0.0,0.0,,,,,,,,,,,,,,,,,,,,,,
2026,2021039187,2026-07-09,1950417,渡部 聖弥,,8,三,7,1.0,1.0,4.0,4.0,0.0,1.0,0.0,0.0,0.0,0.0,0.0,,0.0,0.0,0.0,0.0,0.0,0.0,,,,,,,,,,,,,,,,,,,,,,
2026,2021039187,2026-07-09,1961052,ヘルナンデス,Herunandesu,63,,12,,,,,,,,,,,,,,,,,,,3.0,1.0,0.0,0.0,0.0,1.07,1.0,1.0,,,0.0,1.0,0.0,0.0,0.0,,0.0,1.0,0.0,,4.0,16.0
2026,2021039187,2026-07-09,1961294,E.ラミレス,E. Ramiresu,56,,7,,,,,,,,,,,,,,,,,,,2.0,1.0,0.0,2.0,1.0,6.0,1.0,1.0,,,0.0,2.0,3.0,3.0,1.0,,2.0,1.0,1.0,,8.0,26.0
2026,2021039187,2026-07-09,2000073,仲三 優太,,55,左,7,1.0,1.0,3.0,3.0,0.0,0.0,0.0,0.0,0.0,0.0,0.0,,0.0,2.0,0.0,0.0,0.0,0.0,,,,,,,,,,,,,,,,,,,,,,
2026,2021039187,2026-07-09,2101047,ネビン,,26,一,7,1.0,1.0,4.0,4.0,1.0,1.0,0.0,0.0,1.0,1.0,0.0,,0.0,0.0,0.0,0.0,0.0,0.0,,,,,,,,,,,,,,,,,,,,,,
2026,2021039187,2026-07-09,2102969,鈴木 豪太,Suzuki Gouta,26,,12,,,,,,,,,,,,,,,,,,,4.0,1.0,0.0,1.0,0.0,2.1,1.0,1.0,,,0.0,0.0,0.0,0.0,0.0,,1.0,1.0,0.0,,3.0,16.0
2026,2021039187,2026-07-09,2103618,滝澤 夏央,,62,遊,7,1.0,1.0,4.0,4.0,0.0,1.0,0.0,0.0,0.0,0.0,0.0,,0.0,0.0,0.0,0.0,0.0,0.0,,,,,,,,,,,,,,,,,,,,,,
2026,2021039187,2026-07-09,2103714,佐藤 隼輔,Satou Shun Tasuku,19,,7,,,,,,,,,,,,,,,,,,,3.0,1.0,0.0,2.0,1.0,5.4,1.0,1.0,,,1.0,2.0,0.0,0.0,0.0,,0.0,2.0,0.0,,5.0,23.0
2026,2021039187,2026-07-09,2103735,正木 智也,,31,一,12,1.0,1.0,5.0,5.0,1.0,2.0,0.0,0.0,0.0,0.0,0.0,,0.0,3.0,0.0,0.0,0.0,0.0,,,,,,,,,,,,,,,,,,,,,,
2026,2021039187,2026-07-09,2103876,山本 恵大,,77,右,12,1.0,1.0,4.0,4.0,0.0,0.0,0.0,0.0,0.0,0.0,0.0,,0.0,2.0,0.0,0.0,0.0,0.0,,,,,,,,,,,,,,,,,,,,,,
2026,2021039187,2026-07-09,2104035,野村 勇,,99,遊,12,1.0,1.0,2.0,2.0,0.0,0.0,0.0,0.0,0.0,0.0,0.0,,0.0,1.0,0.0,0.0,0.0,0.0,,,,,,,,,,,,,,,,,,,,,,
2026,2021039187,2026-07-09,2121154,岩城 颯空,Iwaki Sas Sora,20,,7,,,,,,,,,,,,,,,,,,,4.0,1.0,0.0,1.0,1.0,4.0,1.0,1.0,,,18.0,2.0,0.0,0.0,0.0,,0.0,0.0,0.0,,5.0,25.0
2026,2021039188,2026-07-26,1000011,山田 修義,Yamada Nobuyoshi,57,,11,,,,,,,,,,,,,,,,,,,4.0,1.0,0.0,0.0,0.0,1.42,1.0,1.0,,,0.0,0.0,0.0,0.0,0.0,,0.0,2.0,0.0,,3.0,20.0
2026,2021039188,2026-07-26,1300100,森 友哉,,4,指,11,1.0,1.0,3.0,3.0,0.0,0.0,0.0,0.0,0.0,0.0,0.0,,0.0,0.0,0.0,0.0,0.0,0.0,,,,,,,,,,,,,,,,,,,,,,
2026,2021039188,2026-07-26,1400196,宗 佑磨,,6,三,11,1.0,1.0,4.0,3.0,0.0,0.0,0.0,0.0,0.0,0.0,0.0,,0.0,0.0,0.0,1.0,0.0,0.0,,,,,,,,,,,,,,,,,,,,,,
2026,2021039188,2026-07-26,1500096,西川 龍馬,,7,左,11,1.0,1.0,4.0,3.0,0.0,1.0,0.0,0.0,0.0,0.0,0.0,,1.0,0.0,0.0,0.0,0.0,0.0,,,,,,,,,,,,,,,,,,,,,,
2026,2021039188,2026-07-26,1600150,山岡 泰輔,Yamaoka Yasusuke,19,,11,,,,,,,,,,,,,,,,,,,5.0,1.0,0.0,0.0,0.0,7.71,1.0,1.0,,,0.0,0.0,0.0,0.0,0.0,,0.0,0.0,0.0,,3.0,13.0
2026,2021039188,2026-07-26,1650056,福永 奨,,32,捕,11,1.0,1.0,2.0,2.0,0.0,0.0,0.0,0.0,0.0,0.0,0.0,,0.0,0.0,0.0,0.0,0.0,0.0,,,,,,,,,,,,,,,,,,,,,,
2026,2021039188,2026-07-26,1650722,杉澤 龍,,33,中,11,1.0,1.0,3.0,3.0,0.0,0.0,0.0,0.0,0.0,0.0,0.0,,0.0,2.0,0.0,0.0,0.0,0.0,,,,,,,,,,,,,,,,,,,,,,
2026,2021039188,2026-07-26,1700020,ソト,,99,指,9,1.0,1.0,4.0,3.0,1.0,1.0,0.0,0.0,1.0,1.0,0.0,,1.0,0.0,0.0,0.0,0.0,0.0,,,,,,,,,,,,,,,,,,,,,,
2026,2021039188,2026-07-26,1700034,山崎 剛,,38,遊,9,1.0,1.0,3.0,3.0,0.0,1.0,1.0,0.0,0.0,0.0,0.0,,0.0,1.0,0.0,0.0,0.0,0.0,,,,,,,,,,,,,,,,,,,,,,
2026,2021039188,2026-07-26,1700092,安田 尚憲,,5,一,9,1.0,1.0,3.0,2.0,0.0,0.0,0.0,0.0,0.0,0.0,0.0,,1.0,1.0,0.0,0.0,0.0,1.0,,,,,,,,,,,,,,,,,,,,,,
2026,2021039188,2026-07-26,1750667,山中 稜真,,50,一,11,1.0,1.0,4.0,4.0,1.0,1.0,0.0,0.0,0.0,1.0,0.0,,0.0,0.0,0.0,0.0,0.0,0.0,,,,,,,,,,,,,,,,,,,,,,
2026,2021039188,2026-07-26,1751068,野口 智哉,,9,走,11,1.0,0.0,0.0,0.0,0.0,0.0,0.0,0.0,0.0,0.0,0.0,,0.0,0.0,0.0,0.0,0.0,0.0,,,,,,,,,,,,,,,,,,,,,,
2026,2021039188,2026-07-26,1800050,藤原 恭大,,1,中,9,1.0,1.0,4.0,4.0,0.0,0.0,0.0,0.0,0.0,0.0,0.0,,0.0,2.0,0.0,0.0,0.0,0.0,,,,,,,,,,,,,,,,,,,,,,
2026,2021039188,2026-07-26,1800053,山口 航輝,,51,左,9,1.0,1.0,4.0,3.0,1.0,1.0,0.0,0.0,1.0,1.0,0.0,,1.0,1.0,0.0,0.0,0.0,0.0,,,,,,,,,,,,,,,,,,,,,,
2026,2021039188,2026-07-26,1800098,太田 椋,,1,二,11,1.0,1.0,4.0,4.0,0.0,1.0,0.0,0.0,0.0,2.0,0.0,,0.0,1.0,0.0,0.0,0.0,0.0,,,,,,,,,,,,,,,,,,,,,,
2026,2021039188,2026-07-26,1800104,中川 圭太,,67,右,11,1.0,1.0,3.0,3.0,0.0,0.0,0.0,0.0,0.0,0.0,0.0,,0.0,0.0,0.0,0.0,0.0,0.0,,,,,,,,,,,,,,,,,,,,,,
2026,2021039188,2026-07-26,1850947,上田 希由翔,,10,三,9,1.0,1.0,4.0,2.0,0.0,0.0,0.0,0.0,0.0,0.0,0.0,,2.0,0.0,0.0,0.0,0.0,0.0,,,,,,,,,,,,,,,,,,,,,,
2026,2021039188,2026-07-26,1851026,寺西 成騎,Teranishi Sei Ki,13,,11,,,,,,,,,,,,,,,,,,,1.0,1.0,,3.0,2.0,4.74,4.0,4.0,,,0.0,3.0,2.0,2.0,2.0,,2.0,6.0,0.0,,17.0,78.0
2026,2021039188,2026-07-26,1900081,佐藤 都志也,,32,捕,9,1.0,1.0,4.0,4.0,0.0,0.0,0.0,0.0,0.0,0.0,0.0,,0.0,1.0,0.0,0.0,0.0,0.0,,,,,,,,,,,,,,,,,,,,,,
2026,2021039188,2026-07-26,1900088,紅林 弘太郎,,24,遊,11,1.0,1.0,3.0,2.0,0.0,0.0,0.0,0.0,0.0,0.0,0.0,,0.0,0.0,1.0,0.0,0.0,0.0,,,,,,,,,,,,,,,,,,,,,,
2026,2021039188,2026-07-26,2000089,小川 龍成,,57,二,9,1.0,1.0,3.0,3.0,0.0,1.0,0.0,0.0,0.0,0.0,0.0,,0.0,2.0,0.0,0.0,0.0,0.0,,,,,,,,,,,,,,,,,,,,,,
2026,2021039188,2026-07-26,2000090,河村 説人,Kawamura Setsunin,58,,9,,,,,,,,,,,,,,,,,,,1.0,1.0,,1.0,2.0,2.97,8.333333333333334,8.1,,,0.0,4.0,3.0,2.0,0.0,,1.0,3.0,1.0,,31.0,117.0
2026,2021039188,2026-07-26,2000094,山本 大斗,,61,右,9,1.0,1.0,4.0,4.0,0.0,0.0,0.0,0.0,0.0,0.0,0.0,,0.0,2.0,0.0,0.0,0.0,0.0,,,,,,,,,,,,,,,,,,,,,,
2026,2021039188,2026-07-26,2000098,来田 涼斗,,38,打,11,1.0,0.0,1.0,1.0,1.0,1.0,0.0,0.0,0.0,0.0,0.0,,0.0,0.0,0.0,0.0,0.0,0.0,,,,,,,,,,,,,,,,,,,,,,
2026,2021039188,2026-07-26,2050019,片山 楽生,Katayama Rakusei,49,,11,,,,,,,,,,,,,,,,,,,6.0,1.0,0.0,1.0,1.0,4.44,1.0,1.0,,,0.0,0.0,0.0,0.0,0.0,,0.0,0.0,0.0,,3.0,8.0
2026,2021039188,2026-07-26,2103693,池田 来翔,,0,走一,9,1.0,0.0,1.0,1.0,0.0,0.0,0.0,0.0,0.0,0.0,0.0,,0.0,0.0,0.0,0.0,0.0,0.0,,,,,,,,,,,,,,,,,,,,,,
2026,2021039188,2026-07-26,2103747,渡部 遼人,,0,走,11,1.0,0.0,0.0,0.0,1.0,0.0,0.0,0.0,0.0,0.0,0.0,,0.0,0.0,0.0,0.0,0.0,0.0,,,,,,,,,,,,,,,,,,,,,,
2026,2021039188,2026-07-26,2107872,才木 海翔,Sai Moku Kaishou,95,,11,,,,,,,,,,,,,,,,,,,3.0,1.0,0.0,0.0,0.0,2.35,1.0,1.0,,,0.0,0.0,0.0,0.0,0.0,,2.0,1.0,0.0,,4.0,20.0
2026,2021039188,2026-07-26,2108361,宮國 凌空,Kyuukoku Shinoge Sora,65,,11,,,,,,,,,,,,,,,,,,,2.0,1.0,0.0,0.0,1.0,7.62,1.0,1.0,,,0.0,1.0,0.0,0.0,0.0,,1.0,1.0,0.0,,4.0,16.0
2026,2021039189,2026-07-26,1000150,秋山 翔吾,,9,右,6,1.0,1.0,5.0,5.0,0.0,2.0,0.0,0.0,0.0,1.0,0.0,,0.0,1.0,0.0,0.0,0.0,0.0,,,,,,,,,,,,,,,,,,,,,,
2026,2021039189,2026-07-26,1100082,菊池 涼介,,33,二,6,1.0,0.0,1.0,1.0,0.0,1.0,0.0,0.0,0.0,0.0,0.0,,0.0,0.0,0.0,0.0,0.0,0.0,,,,,,,,,,,,,,,,,,,,,,
2026,2021039189,2026-07-26,1600078,古賀 優大,,2,打,2,1.0,0.0,1.0,0.0,0.0,0.0,0.0,0.0,0.0,1.0,0.0,,0.0,0.0,0.0,0.0,1.0,0.0,,,,,,,,,,,,,,,,,,,,,,
2026,2021039189,2026-07-26,1600124,坂倉 将吾,,31,三,6,1.0,1.0,4.0,3.0,0.0,0.0,0.0,0.0,0.0,0.0,0.0,,1.0,0.0,0.0,0.0,0.0,0.0,,,,,,,,,,,,,,,,,,,,,,
2026,2021039189,2026-07-26,1650522,丸山 和郁,,4,中,2,1.0,1.0,5.0,3.0,0.0,1.0,0.0,0.0,0.0,1.0,0.0,,1.0,0.0,0.0,0.0,1.0,0.0,,,,,,,,,,,,,,,,,,,,,,
2026,2021039189,2026-07-26,1700060,阪口 皓亮,Sakaguchi Akira Ryou,66,投,2,1.0,0.0,0.0,0.0,0.0,0.0,0.0,0.0,0.0,0.0,0.0,,0.0,0.0,0.0,0.0,0.0,0.0,2.0,1.0,0.0,0.0,0.0,2.16,1.0,1.0,,,0.0,0.0,0.0,0.0,0.0,,0.0,0.0,0.0,,3.0,7.0
2026,2021039189,2026-07-26,1700072,遠藤 淳志,Endou Atsushi,66,投,6,1.0,0.0,0.0,0.0,0.0,0.0,0.0,0.0,0.0,0.0,0.0,,0.0,0.0,0.0,0.0,0.0,0.0,4.0,1.0,0.0,1.0,2.0,2.8,0.6666666666666666,0.2,,,0.0,1.0,1.0,1.0,0.0,,2.0,1.0,0.0,,5.0,10.0
2026,2021039189,2026-07-26,1700087,塩見 泰隆,,9,右,2,1.0,0.0,2.0,2.0,1.0,2.0,1.0,0.0,0.0,0.0,0.0,,0.0,0.0,0.0,0.0,0.0,0.0,,,,,,,,,,,,,,,,,,,,,,
2026,2021039189,2026-07-26,1700089,宮本 丈,,10,打,2,1.0,0.0,1.0,1.0,0.0,1.0,0.0,0.0,0.0,0.0,0.0,,0.0,0.0,0.0,0.0,0.0,0.0,,,,,,,,,,,,,,,,,,,,,,
2026,2021039189,2026-07-26,1700090,松本 直樹,,32,捕,2,1.0,1.0,4.0,4.0,1.0,0.0,0.0,0.0,0.0,0.0,0.0,,0.0,0.0,0.0,0.0,0.0,0.0,,,,,,,,,,,,,,,,,,,,,,
2026,2021039189,2026-07-26,1700131,増田 珠,,63,右左,2,1.0,1.0,3.0,3.0,0.0,1.0,1.0,0.0,0.0,0.0,0.0,,0.0,0.0,0.0,0.0,0.0,0.0,,,,,,,,,,,,,,,,,,,,,,
2026,2021039189,2026-07-26,1800033,清水 昇,Shimizu Noboru,17,投,2,1.0,0.0,0.0,0.0,0.0,0.0,0.0,0.0,0.0,0.0,0.0,,0.0,0.0,0.0,0.0,0.0,0.0,4.0,1.0,0.0,1.0,0.0,1.38,1.0,1.0,,,1.0,1.0,0.0,0.0,0.0,,0.0,1.0,0.0,,5.0,16.0
2026,2021039189,2026-07-26,1800072,小園 海斗,,5,三,6,1.0,0.0,1.0,1.0,0.0,0.0,0.0,0.0,0.0,0.0,0.0,,0.0,0.0,0.0,0.0,0.0,0.0,,,,,,,,,,,,,,,,,,,,,,
2026,2021039189,2026-07-26,1800079,大盛 穂,,59,走中,6,1.0,0.0,1.0,1.0,0.0,0.0,0.0,0.0,0.0,0.0,1.0,,0.0,1.0,0.0,0.0,0.0,0.0,,,,,,,,,,,,,,,,,,,,,,
2026,2021039189,2026-07-26,1850405,名原 典彦,,92,中左,6,1.0,1.0,5.0,5.0,0.0,1.0,0.0,0.0,0.0,0.0,0.0,,0.0,1.0,0.0,0.0,0.0,0.0,,,,,,,,,,,,,,,,,,,,,,
2026,2021039189,2026-07-26,1850772,石井 巧,,38,打,2,1.0,0.0,1.0,1.0,0.0,0.0,0.0,0.0,0.0,0.0,0.0,,0.0,0.0,0.0,0.0,0.0,0.0,,,,,,,,,,,,,,,,,,,,,,
2026,2021039189,2026-07-26,1900028,長岡 秀樹,,7,遊,2,1.0,1.0,5.0,4.0,0.0,1.0,0.0,0.0,0.0,0.0,0.0,,1.0,2.0,0.0,0.0,0.0,0.0,,,,,,,,,,,,,,,,,,,,,,
2026,2021039189,2026-07-26,1900029,武岡 龍世,,60,三,2,1.0,1.0,4.0,4.0,0.0,0.0,0.0,0.0,0.0,0.0,0.0,,0.0,0.0,0.0,0.0,0.0,0.0,,,,,,,,,,,,,,,,,,,,,,
2026,2021039189,2026-07-26,1900058,持丸 泰輝,,57,捕,6,1.0,1.0,4.0,2.0,0.0,0.0,0.0,0.0,0.0,0.0,0.0,,2.0,1.0,0.0,0.0,0.0,0.0,,,,,,,,,,,,,,,,,,,,,,
2026,2021039189,2026-07-26,1950429,高 太一,Kou Taichi,22,投,6,1.0,0.0,0.0,0.0,0.0,0.0,0.0,0.0,0.0,0.0,0.0,,0.0,0.0,0.0,0.0,0.0,0.0,2.0,1.0,0.0,0.0,2.0,1.97,1.0,1.0,,,0.0,2.0,0.0,0.0,0.0,,0.0,1.0,0.0,,5.0,22.0
2026,2021039189,2026-07-26,1950494,西舘 昂汰,Nishidate Noboru ?,14,投,2,1.0,1.0,1.0,0.0,0.0,0.0,0.0,0.0,0.0,0.0,0.0,,0.0,0.0,0.0,1.0,0.0,0.0,1.0,1.0,,0.0,0.0,0.0,5.0,5.0,,,0.0,2.0,0.0,0.0,0.0,,5.0,3.0,0.0,,21.0,100.0
2026,2021039189,2026-07-26,1950955,前川 誠太,,93,走一,6,1.0,0.0,0.0,0.0,1.0,0.0,0.0,0.0,0.0,0.0,0.0,,0.0,0.0,0.0,0.0,0.0,0.0,,,,,,,,,,,,,,,,,,,,,,
2026,2021039189,2026-07-26,1961046,キハダ,Kihada,11,投,2,1.0,0.0,0.0,0.0,0.0,0.0,0.0,0.0,0.0,0.0,0.0,,0.0,0.0,0.0,0.0,0.0,0.0,5.0,1.0,0.0,2.0,4.0,3.03,1.0,1.0,,,21.0,2.0,1.0,1.0,0.0,,1.0,1.0,0.0,,6.0,23.0
2026,2021039189,2026-07-26,1961927,モンテロ,,95,一,6,1.0,1.0,4.0,3.0,0.0,0.0,0.0,0.0,0.0,0.0,0.0,,1.0,0.0,0.0,0.0,0.0,1.0,,,,,,,,,,,,,,,,,,,,,,
2026,2021039189,2026-07-26,2000026,内山 壮真,,3,二,2,1.0,1.0,4.0,3.0,0.0,0.0,0.0,0.0,0.0,0.0,0.0,,1.0,1.0,0.0,0.0,0.0,1.0,,,,,,,,,,,,,,,,,,,,,,
2026,2021039189,2026-07-26,2000031,赤羽 由紘,,0,一,2,1.0,1.0,5.0,5.0,0.0,1.0,0.0,0.0,0.0,0.0,0.0,,0.0,1.0,0.0,0.0,0.0,0.0,,,,,,,,,,,,,,,,,,,,,,
2026,2021039189,2026-07-26,2000060,栗林 良吏,Kuribayashi Ryouri,20,投,6,1.0,1.0,3.0,3.0,0.0,0.0,0.0,0.0,0.0,0.0,0.0,,0.0,1.0,0.0,0.0,0.0,0.0,1.0,1.0,,5.0,3.0,1.07,7.0,7.0,,,0.0,3.0,1.0,0.0,0.0,,0.0,3.0,0.0,,25.0,101.0
2026,2021039189,2026-07-26,2000061,森浦 大輔,Moriura Daisuke,13,投,6,1.0,0.0,0.0,0.0,0.0,0.0,0.0,0.0,0.0,0.0,0.0,,0.0,0.0,0.0,0.0,0.0,0.0,3.0,1.0,0.0,4.0,2.0,2.78,1.0,1.0,,,10.0,1.0,0.0,0.0,0.0,,1.0,0.0,0.0,,5.0,9.0
2026,2021039189,2026-07-26,2000066,二俣 翔一,,99,遊三遊,6,1.0,1.0,4.0,4.0,0.0,0.0,0.0,0.0,0.0,0.0,0.0,,0.0,3.0,0.0,0.0,0.0,0.0,,,,,,,,,,,,,,,,,,,,,,
2026,2021039189,2026-07-26,2000135,サンタナ,,25,左,2,1.0,1.0,3.0,3.0,0.0,0.0,0.0,0.0,0.0,0.0,0.0,,0.0,1.0,0.0,0.0,0.0,0.0,,,,,,,,,,,,,,,,,,,,,,
2026,2021039189,2026-07-26,2050203,佐々木 泰,,10,打,6,1.0,0.0,1.0,1.0,0.0,0.0,0.0,0.0,0.0,0.0,0.0,,0.0,0.0,0.0,0.0,0.0,0.0,,,,,,,,,,,,,,,,,,,,,,
2026,2021039189,2026-07-26,2103917,岩田 幸宏,,64,左,2,1.0,0.0,1.0,1.0,0.0,0.0,0.0,0.0,0.0,0.0,0.0,,0.0,0.0,0.0,0.0,0.0,0.0,,,,,,,,,,,,,,,,,,,,,,
2026,2021039189,2026-07-26,2105626,廣澤 優,Hirosawa Yuu,70,投,2,1.0,0.0,0.0,0.0,0.0,0.0,0.0,0.0,0.0,0.0,0.0,,0.0,0.0,0.0,0.0,0.0,0.0,3.0,1.0,0.0,3.0,1.0,2.64,1.0,1.0,,,0.0,0.0,0.0,0.0,0.0,,0.0,2.0,0.0,,3.0,15.0
2026,2021039189,2026-07-26,2107178,モンテル,,90,走,2,1.0,0.0,0.0,0.0,0.0,0.0,0.0,0.0,0.0,0.0,0.0,,0.0,0.0,0.0,0.0,0.0,0.0,,,,,,,,,,,,,,,,,,,,,,
2026,2021039189,2026-07-26,2107887,辰見 鴻之介,,69,走,6,1.0,0.0,0.0,0.0,0.0,0.0,0.0,0.0,0.0,0.0,0.0,,0.0,0.0,0.0,0.0,0.0,0.0,,,,,,,,,,,,,,,,,,,,,,
2026,2021039189,2026-07-26,2110422,勝田 成,,0,二遊,6,1.0,1.0,4.0,2.0,0.0,0.0,0.0,0.0,0.0,0.0,0.0,,2.0,0.0,0.0,0.0,0.0,0.0,,,,,,,,,,,,,,,,,,,,,,
2026,2021039189,2026-07-26,2114882,ファビアン,,61,左,6,1.0,1.0,4.0,4.0,0.0,1.0,0.0,0.0,0.0,0.0,0.0,,0.0,0.0,0.0,0.0,0.0,0.0,,,,,,,,,,,,,,,,,,,,,,
2026,2021039189,2026-07-26,2122334,リランソ,Riran Soviet,62,投,2,1.0,0.0,0.0,0.0,0.0,0.0,0.0,0.0,0.0,0.0,0.0,,0.0,0.0,0.0,0.0,0.0,0.0,6.0,1.0,0.0,2.0,2.0,1.93,1.0,1.0,,,0.0,0.0,0.0,0.0,0.0,,0.0,1.0,0.0,,3.0,9.0
2026,2021039190,2026-07-20,500014,涌井 秀章,Wakui Hideaki,20,投,4,1.0,1.0,2.0,2.0,0.0,0.0,0.0,0.0,0.0,0.0,0.0,,0.0,2.0,0.0,0.0,0.0,0.0,1.0,1.0,,2.0,1.0,3.12,5.0,5.0,,,0.0,7.0,3.0,3.0,2.0,,1.0,7.0,1.0,,24.0,94.0
2026,2021039190,2026-07-20,1000002,筒香 嘉智,,25,三,3,1.0,1.0,4.0,3.0,2.0,2.0,0.0,0.0,1.0,2.0,0.0,,1.0,1.0,0.0,0.0,0.0,0.0,,,,,,,,,,,,,,,,,,,,,,
2026,2021039190,2026-07-20,1100069,高橋 周平,,3,打一,4,1.0,0.0,2.0,2.0,0.0,1.0,0.0,0.0,0.0,0.0,0.0,,0.0,1.0,0.0,0.0,0.0,0.0,,,,,,,,,,,,,,,,,,,,,,
2026,2021039190,2026-07-20,1200053,宮崎 敏郎,,51,打,3,1.0,0.0,1.0,1.0,0.0,0.0,0.0,0.0,0.0,0.0,0.0,,0.0,0.0,0.0,0.0,0.0,0.0,,,,,,,,,,,,,,,,,,,,,,
2026,2021039190,2026-07-20,1500063,柴田 竜拓,,31,三,3,1.0,0.0,0.0,0.0,0.0,0.0,0.0,0.0,0.0,0.0,0.0,,0.0,0.0,0.0,0.0,0.0,0.0,,,,,,,,,,,,,,,,,,,,,,
2026,2021039190,2026-07-20,1500076,木下 拓哉,,35,捕,4,1.0,1.0,3.0,3.0,0.0,1.0,0.0,0.0,0.0,0.0,0.0,,0.0,0.0,0.0,0.0,0.0,0.0,,,,,,,,,,,,,,,,,,,,,,
2026,2021039190,2026-07-20,1561854,サノー,,23,一,4,1.0,1.0,4.0,3.0,0.0,1.0,0.0,0.0,0.0,0.0,0.0,,1.0,2.0,0.0,0.0,0.0,0.0,,,,,,,,,,,,,,,,,,,,,,
2026,2021039190,2026-07-20,1600085,細川 成也,,55,左,4,1.0,1.0,4.0,3.0,0.0,1.0,0.0,0.0,0.0,0.0,0.0,,1.0,0.0,0.0,0.0,0.0,0.0,,,,,,,,,,,,,,,,,,,,,,
2026,2021039190,2026-07-20,1600089,佐野 恵太,,7,一,3,1.0,1.0,5.0,5.0,1.0,1.0,1.0,0.0,0.0,0.0,0.0,,0.0,1.0,0.0,0.0,0.0,0.0,,,,,,,,,,,,,,,,,,,,,,
2026,2021039190,2026-07-20,1600116,浜地 真澄,Hamachi Masumi,52,投,3,1.0,0.0,0.0,0.0,0.0,0.0,0.0,0.0,0.0,0.0,0.0,,0.0,0.0,0.0,0.0,0.0,0.0,4.0,1.0,0.0,0.0,0.0,0.0,1.0,1.0,,,0.0,1.0,0.0,0.0,0.0,,0.0,1.0,0.0,,4.0,14.0
2026,2021039190,2026-07-20,1700059,神里 和毅,,8,中,3,1.0,0.0,0.0,0.0,0.0,0.0,0.0,0.0,0.0,0.0,0.0,,0.0,0.0,0.0,0.0,0.0,0.0,,,,,,,,,,,,,,,,,,,,,,
2026,2021039190,2026-07-20,1700104,清水 達也,Shimizu Tatsuya,50,投,4,1.0,0.0,0.0,0.0,0.0,0.0,0.0,0.0,0.0,0.0,0.0,,0.0,0.0,0.0,0.0,0.0,0.0,3.0,1.0,0.0,0.0,0.0,11.81,1.0,1.0,,,0.0,2.0,2.0,2.0,0.0,,1.0,1.0,0.0,,6.0,9.0
2026,2021039190,2026-07-20,1750223,村松 開人,,5,遊,4,1.0,1.0,5.0,4.0,0.0,1.0,0.0,0.0,0.0,0.0,0.0,,1.0,1.0,0.0,0.0,0.0,0.0,,,,,,,,,,,,,,,,,,,,,,
2026,2021039190,2026-07-20,1800046,勝又 温史,,28,左,3,1.0,1.0,5.0,5.0,1.0,1.0,1.0,0.0,0.0,0.0,0.0,,0.0,1.0,0.0,0.0,0.0,0.0,,,,,,,,,,,,,,,,,,,,,,
2026,2021039190,2026-07-20,1800062,石橋 康太,,58,打捕,4,1.0,0.0,1.0,1.0,0.0,0.0,0.0,0.0,0.0,0.0,0.0,,0.0,0.0,0.0,0.0,0.0,0.0,,,,,,,,,,,,,,,,,,,,,,
2026,2021039190,2026-07-20,1850208,林 琢真,,0,打,3,1.0,0.0,1.0,1.0,0.0,1.0,0.0,0.0,0.0,0.0,0.0,,0.0,0.0,0.0,0.0,0.0,0.0,,,,,,,,,,,,,,,,,,,,,,
2026,2021039190,2026-07-20,1851138,草加 勝,Souka Kachi,14,投,4,1.0,0.0,0.0,0.0,0.0,0.0,0.0,0.0,0.0,0.0,0.0,,0.0,0.0,0.0,0.0,0.0,0.0,2.0,1.0,0.0,0.0,1.0,0.71,1.0,1.0,,,0.0,1.0,0.0,0.0,0.0,,0.0,2.0,0.0,,4.0,15.0
2026,2021039190,2026-07-20,1900035,蝦名 達夫,,61,中右,3,1.0,1.0,4.0,3.0,0.0,1.0,0.0,1.0,0.0,2.0,0.0,,0.0,2.0,1.0,0.0,0.0,0.0,,,,,,,,,,,,,,,,,,,,,,
2026,2021039190,2026-07-20,1900037,石川 昂弥,,25,三,4,1.0,1.0,4.0,3.0,0.0,0.0,0.0,0.0,0.0,0.0,0.0,,1.0,1.0,0.0,0.0,0.0,0.0,,,,,,,,,,,,,,,,,,,,,,
2026,2021039190,2026-07-20,1900041,岡林 勇希,,1,中,4,1.0,1.0,5.0,5.0,0.0,1.0,0.0,0.0,0.0,0.0,0.0,,0.0,0.0,0.0,0.0,0.0,0.0,,,,,,,,,,,,,,,,,,,,,,
2026,2021039190,2026-07-20,1961300,ボスラー,,24,右,4,1.0,1.0,4.0,4.0,0.0,1.0,0.0,0.0,0.0,0.0,0.0,,0.0,2.0,0.0,0.0,0.0,0.0,,,,,,,,,,,,,,,,,,,,,,
2026,2021039190,2026-07-20,2000035,牧 秀悟,,2,二,3,1.0,1.0,5.0,4.0,0.0,1.0,0.0,0.0,0.0,0.0,0.0,,1.0,1.0,0.0,0.0,0.0,0.0,,,,,,,,,,,,,,,,,,,,,,
2026,2021039190,2026-07-20,2100014,宮下 朝陽,,34,遊,3,1.0,1.0,4.0,4.0,0.0,0.0,0.0,0.0,0.0,0.0,0.0,,0.0,2.0,0.0,0.0,0.0,0.0,,,,,,,,,,,,,,,,,,,,,,
2026,2021039190,2026-07-20,2100277,松尾 汐恩,,5,捕,3,1.0,1.0,4.0,4.0,1.0,3.0,0.0,1.0,1.0,1.0,0.0,,0.0,0.0,0.0,0.0,0.0,0.0,,,,,,,,,,,,,,,,,,,,,,
2026,2021039190,2026-07-20,2101360,ビド,Bido,42,投,3,1.0,1.0,2.0,2.0,0.0,0.0,0.0,0.0,0.0,0.0,0.0,,0.0,2.0,0.0,0.0,0.0,0.0,1.0,1.0,,1.0,0.0,0.0,5.0,5.0,,,0.0,5.0,0.0,0.0,0.0,,4.0,5.0,0.0,,23.0,102.0
2026,2021039190,2026-07-20,2103780,福永 裕基,,7,二,4,1.0,1.0,4.0,3.0,0.0,1.0,0.0,0.0,0.0,0.0,1.0,,1.0,2.0,0.0,0.0,0.0,0.0,,,,,,,,,,,,,,,,,,,,,,
2026,2021039190,2026-07-20,2105038,伊藤 茉央,Itou Mao,32,投,4,1.0,0.0,0.0,0.0,0.0,0.0,0.0,0.0,0.0,0.0,0.0,,0.0,0.0,0.0,0.0,0.0,0.0,4.0,1.0,0.0,0.0,1.0,1.98,2.0,2.0,,,0.0,1.0,0.0,0.0,0.0,,0.0,2.0,0.0,,6.0,26.0
2026,2021039190,2026-07-20,2105891,マルセリーノ,Mal Cereno,98,投,3,1.0,0.0,0.0,0.0,0.0,0.0,0.0,0.0,0.0,0.0,0.0,,0.0,0.0,0.0,0.0,0.0,0.0,3.0,1.0,0.0,1.0,1.0,3.95,1.0,1.0,,,0.0,2.0,0.0,0.0,0.0,,1.0,1.0,0.0,,5.0,19.0
2026,2021039190,2026-07-20,2107753,若松 尚輝,Wakamatsu Naoki,39,投,3,1.0,0.0,0.0,0.0,0.0,0.0,0.0,0.0,0.0,0.0,0.0,,0.0,0.0,0.0,0.0,0.0,0.0,5.0,1.0,0.0,0.0,0.0,2.74,1.0,1.0,,,0.0,0.0,0.0,0.0,0.0,,0.0,2.0,0.0,,3.0,14.0
2026,2021039190,2026-07-20,2108195,エンカーナシオン,,69,右,3,1.0,1.0,5.0,5.0,0.0,1.0,0.0,0.0,0.0,0.0,0.0,,0.0,2.0,0.0,0.0,0.0,0.0,,,,,,,,,,,,,,,,,,,,,,
2026,2021039190,2026-07-20,2108557,松本 凌人,Matsumoto Ryounin,38,投,3,1.0,0.0,0.0,0.0,0.0,0.0,0.0,0.0,0.0,0.0,0.0,,0.0,0.0,0.0,0.0,0.0,0.0,2.0,1.0,0.0,0.0,0.0,0.0,1.0,1.0,,,0.0,0.0,0.0,0.0,0.0,,0.0,2.0,0.0,,3.0,14.0
2026,2021039191,2026-07-28,1100095,松本 剛,,9,中,1,1.0,1.0,5.0,5.0,0.0,2.0,1.0,0.0,0.0,0.0,0.0,,0.0,0.0,0.0,0.0,0.0,0.0,,,,,,,,,,,,,,,,,,,,,,
2026,2021039191,2026-07-28,1200100,伏見 寅威,,17,捕,5,1.0,1.0,2.0,2.0,0.0,1.0,0.0,0.0,0.0,0.0,0.0,,0.0,0.0,0.0,0.0,0.0,0.0,,,,,,,,,,,,,,,,,,,,,,
2026,2021039191,2026-07-28,1300027,小林 誠司,,22,捕,1,1.0,0.0,0.0,0.0,0.0,0.0,0.0,0.0,0.0,0.0,0.0,,0.0,0.0,0.0,0.0,0.0,0.0,,,,,,,,,,,,,,,,,,,,,,
2026,2021039191,2026-07-28,1450689,船迫 大雅,Fune Sako Taiga,58,投,1,1.0,0.0,0.0,0.0,0.0,0.0,0.0,0.0,0.0,0.0,0.0,,0.0,0.0,0.0,0.0,0.0,0.0,2.0,1.0,0.0,2.0,1.0,2.7,1.0,1.0,,,0.0,1.0,0.0,0.0,0.0,,0.0,1.0,0.0,,4.0,14.0
2026,2021039191,2026-07-28,1450977,森田 駿哉,Morita Shun kana,47,投,1,1.0,0.0,0.0,0.0,0.0,0.0,0.0,0.0,0.0,0.0,0.0,,0.0,0.0,0.0,0.0,0.0,0.0,4.0,1.0,0.0,0.0,0.0,5.3,1.0,1.0,,,0.0,1.0,0.0,0.0,0.0,,0.0,0.0,0.0,,3.0,8.0
2026,2021039191,2026-07-28,1500054,増田 大輝,,0,一,1,1.0,0.0,0.0,0.0,0.0,0.0,0.0,0.0,0.0,0.0,0.0,,0.0,0.0,0.0,0.0,0.0,0.0,,,,,,,,,,,,,,,,,,,,,,
2026,2021039191,2026-07-28,1500087,坂本 誠志郎,,12,捕,5,1.0,0.0,1.0,1.0,0.0,0.0,0.0,0.0,0.0,0.0,0.0,,0.0,0.0,0.0,0.0,0.0,0.0,,,,,,,,,,,,,,,,,,,,,,
2026,2021039191,2026-07-28,1561820,ダルベック,,29,一,1,1.0,1.0,5.0,5.0,1.0,1.0,0.0,0.0,1.0,1.0,0.0,,0.0,1.0,0.0,0.0,0.0,0.0,,,,,,,,,,,,,,,,,,,,,,
2026,2021039191,2026-07-28,1600113,大山 悠輔,,3,一,5,1.0,1.0,4.0,3.0,0.0,1.0,0.0,0.0,0.0,0.0,0.0,,1.0,0.0,0.0,0.0,0.0,0.0,,,,,,,,,,,,,,,,,,,,,,
2026,2021039191,2026-07-28,1600117,糸原 健斗,,33,打,5,1.0,0.0,1.0,1.0,0.0,0.0,0.0,0.0,0.0,0.0,0.0,,0.0,0.0,0.0,0.0,0.0,0.0,,,,,,,,,,,,,,,,,,,,,,
2026,2021039191,2026-07-28,1700044,大城 卓三,,24,捕,1,1.0,1.0,4.0,2.0,1.0,0.0,0.0,0.0,0.0,0.0,0.0,,0.0,2.0,2.0,0.0,0.0,0.0,,,,,,,,,,,,,,,,,,,,,,
2026,2021039191,2026-07-28,1750321,泉口 友汰,,35,遊,1,1.0,0.0,0.0,0.0,0.0,0.0,0.0,0.0,0.0,0.0,0.0,,0.0,0.0,0.0,0.0,0.0,0.0,,,,,,,,,,,,,,,,,,,,,,
2026,2021039191,2026-07-28,1800065,近本 光司,,5,中,5,1.0,1.0,4.0,4.0,0.0,1.0,0.0,0.0,0.0,0.0,0.0,,0.0,2.0,0.0,0.0,0.0,0.0,,,,,,,,,,,,,,,,,,,,,,
2026,2021039191,2026-07-28,1850183,森下 翔太,,1,右,5,1.0,1.0,4.0,4.0,1.0,1.0,0.0,0.0,0.0,0.0,0.0,,0.0,0.0,0.0,0.0,0.0,0.0,,,,,,,,,,,,,,,,,,,,,,
2026,2021039191,2026-07-28,1850363,伊原 陵人,Ihara Ryounin,18,投,5,1.0,1.0,1.0,1.0,0.0,0.0,0.0,0.0,0.0,0.0,0.0,,0.0,1.0,0.0,0.0,0.0,0.0,1.0,1.0,,3.0,1.0,3.71,4.0,4.0,,,0.0,6.0,4.0,3.0,1.0,,1.0,6.0,1.0,,20.0,77.0
2026,2021039191,2026-07-28,1900046,及川 雅貴,Oikawa Masataka,37,投,5,1.0,0.0,0.0,0.0,0.0,0.0,0.0,0.0,0.0,0.0,0.0,,0.0,0.0,0.0,0.0,0.0,0.0,3.0,1.0,0.0,1.0,1.0,4.79,2.0,2.0,,,0.0,2.0,1.0,1.0,1.0,,0.0,1.0,1.0,,9.0,20.0
2026,2021039191,2026-07-28,1951153,浦田 俊輔,,32,二,1,1.0,1.0,5.0,5.0,0.0,1.0,0.0,0.0,0.0,0.0,0.0,,0.0,2.0,0.0,0.0,0.0,0.0,,,,,,,,,,,,,,,,,,,,,,
2026,2021039191,2026-07-28,2000027,元山 飛優,,0,遊,5,1.0,1.0,4.0,2.0,0.0,0.0,0.0,0.0,0.0,1.0,0.0,,1.0,1.0,0.0,0.0,1.0,1.0,,,,,,,,,,,,,,,,,,,,,,
2026,2021039191,2026-07-28,2000051,佐藤 輝明,,8,三,5,1.0,1.0,4.0,3.0,0.0,0.0,0.0,0.0,0.0,0.0,0.0,,0.0,2.0,1.0,0.0,0.0,0.0,,,,,,,,,,,,,,,,,,,,,,
2026,2021039191,2026-07-28,2000056,中野 拓夢,,7,二,5,1.0,1.0,4.0,3.0,0.0,0.0,0.0,0.0,0.0,0.0,0.0,,0.0,0.0,0.0,1.0,0.0,0.0,,,,,,,,,,,,,,,,,,,,,,
2026,2021039191,2026-07-28,2000057,高寺 望夢,,67,打,5,1.0,0.0,1.0,1.0,0.0,1.0,0.0,0.0,0.0,0.0,0.0,,0.0,0.0,0.0,0.0,0.0,0.0,,,,,,,,,,,,,,,,,,,,,,
2026,2021039191,2026-07-28,2100225,笹原 操希,,95,右,1,1.0,1.0,5.0,5.0,0.0,1.0,0.0,0.0,0.0,0.0,1.0,,0.0,2.0,0.0,0.0,0.0,0.0,,,,,,,,,,,,,,,,,,,,,,
2026,2021039191,2026-07-28,2103242,立石 正広,,9,左,5,1.0,1.0,4.0,4.0,0.0,2.0,0.0,0.0,0.0,0.0,0.0,,0.0,1.0,0.0,0.0,0.0,0.0,,,,,,,,,,,,,,,,,,,,,,
2026,2021039191,2026-07-28,2103689,赤星 優志,Akahoshi Yuushi,31,投,1,1.0,0.0,0.0,0.0,0.0,0.0,0.0,0.0,0.0,0.0,0.0,,0.0,0.0,0.0,0.0,0.0,0.0,3.0,1.0,0.0,5.0,2.0,2.61,1.0,1.0,,,0.0,1.0,0.0,0.0,0.0,,0.0,2.0,0.0,,4.0,15.0
2026,2021039191,2026-07-28,2104016,門別 啓人,Monbetsu Keinin,30,投,5,1.0,0.0,0.0,0.0,0.0,0.0,0.0,0.0,0.0,0.0,0.0,,0.0,0.0,0.0,0.0,0.0,0.0,5.0,1.0,0.0,0.0,1.0,3.86,1.0,1.0,,,0.0,0.0,0.0,0.0,0.0,,0.0,0.0,0.0,,3.0,8.0
2026,2021039191,2026-07-28,2106178,佐々木 俊輔,,44,左,1,1.0,1.0,4.0,4.0,2.0,3.0,1.0,0.0,1.0,2.0,0.0,,0.0,1.0,0.0,0.0,0.0,0.0,,,,,,,,,,,,,,,,,,,,,,
2026,2021039191,2026-07-28,2108105,モレッタ,Moretta,99,投,5,1.0,0.0,0.0,0.0,0.0,0.0,0.0,0.0,0.0,0.0,0.0,,0.0,0.0,0.0,0.0,0.0,0.0,2.0,1.0,0.0,2.0,2.0,6.19,1.0,1.0,,,0.0,1.0,0.0,0.0,0.0,,0.0,2.0,0.0,,4.0,17.0
2026,2021039191,2026-07-28,2108124,セベリーノ,Seberiino,97,投,5,1.0,0.0,0.0,0.0,0.0,0.0,0.0,0.0,0.0,0.0,0.0,,0.0,0.0,0.0,0.0,0.0,0.0,4.0,1.0,0.0,0.0,0.0,6.75,1.0,1.0,,,0.0,1.0,0.0,0.0,0.0,,0.0,2.0,0.0,,4.0,14.0
2026,2021039191,2026-07-28,2108292,ガルシア,,94,打,5,1.0,0.0,1.0,1.0,0.0,0.0,0.0,0.0,0.0,0.0,0.0,,0.0,0.0,0.0,0.0,0.0,0.0,,,,,,,,,,,,,,,,,,,,,,
2026,2021039191,2026-07-28,2110225,福島 圭音,,92,打,5,1.0,0.0,1.0,1.0,0.0,0.0,0.0,0.0,0.0,0.0,0.0,,0.0,1.0,0.0,0.0,0.0,0.0,,,,,,,,,,,,,,,,,,,,,,
2026,2021039191,2026-07-28,2110991,小濱 佑斗,,33,遊三,1,1.0,1.0,4.0,4.0,1.0,0.0,0.0,0.0,0.0,0.0,0.0,,0.0,1.0,0.0,0.0,0.0,0.0,,,,,,,,,,,,,,,,,,,,,,
2026,2021039191,2026-07-28,2116069,石塚 裕惺,,23,三,1,1.0,1.0,4.0,4.0,0.0,2.0,1.0,0.0,0.0,2.0,0.0,,0.0,0.0,0.0,0.0,0.0,0.0,,,,,,,,,,,,,,,,,,,,,,
2026,2021039191,2026-07-28,2118420,キャベッジ,,13,打,1,1.0,0.0,1.0,1.0,0.0,0.0,0.0,0.0,0.0,0.0,0.0,,0.0,0.0,0.0,0.0,0.0,0.0,,,,,,,,,,,,,,,,,,,,,,
2026,2021039191,2026-07-28,2118993,竹丸 和幸,Takemaru Kazuyuki,21,投,1,1.0,1.0,3.0,2.0,0.0,0.0,0.0,0.0,0.0,0.0,0.0,,1.0,2.0,0.0,0.0,0.0,0.0,1.0,1.0,,7.0,7.0,2.97,6.0,6.0,,,0.0,4.0,1.0,1.0,0.0,,2.0,5.0,1.0,,25.0,99.0
2026,2021039192,2026-07-26,900056,浅村 栄斗,,3,一,376,1.0,1.0,4.0,2.0,0.0,0.0,0.0,0.0,0.0,1.0,0.0,,1.0,1.0,0.0,0.0,1.0,0.0,,,,,,,,,,,,,,,,,,,,,,
2026,2021039192,2026-07-26,1251037,上川畑 大悟,,4,二,8,1.0,1.0,3.0,3.0,0.0,1.0,0.0,0.0,0.0,0.0,0.0,,0.0,0.0,0.0,0.0,0.0,0.0,,,,,,,,,,,,,,,,,,,,,,
2026,2021039192,2026-07-26,1500110,加藤 貴之,Katou Takayuki,14,,8,,,,,,,,,,,,,,,,,,,1.0,1.0,,10.0,1.0,2.66,6.0,6.0,,,0.0,4.0,2.0,2.0,1.0,,0.0,4.0,0.0,,21.0,71.0
2026,2021039192,2026-07-26,1600004,堀内 謙伍,,65,捕,376,1.0,0.0,0.0,0.0,0.0,0.0,0.0,0.0,0.0,0.0,0.0,,0.0,0.0,0.0,0.0,0.0,0.0,,,,,,,,,,,,,,,,,,,,,,
2026,2021039192,2026-07-26,1600007,村林 一輝,,6,二,376,1.0,1.0,4.0,4.0,0.0,2.0,1.0,0.0,0.0,0.0,0.0,,0.0,1.0,0.0,0.0,0.0,0.0,,,,,,,,,,,,,,,,,,,,,,
2026,2021039192,2026-07-26,1600133,堀 瑞輝,Hori Mizu Akira,34,,8,,,,,,,,,,,,,,,,,,,4.0,1.0,0.0,2.0,0.0,1.69,0.3333333333333333,0.1,,,1.0,0.0,0.0,0.0,0.0,,0.0,0.0,0.0,,1.0,4.0
2026,2021039192,2026-07-26,1600164,田中 正義,Tanaka Masayoshi,26,,8,,,,,,,,,,,,,,,,,,,2.0,1.0,0.0,1.0,3.0,3.13,1.0,1.0,,,1.0,0.0,0.0,0.0,0.0,,1.0,1.0,0.0,,4.0,20.0
2026,2021039192,2026-07-26,1700025,清宮 幸太郎,,21,一,8,1.0,0.0,2.0,1.0,0.0,0.0,0.0,0.0,0.0,1.0,0.0,,0.0,0.0,0.0,0.0,1.0,0.0,,,,,,,,,,,,,,,,,,,,,,
2026,2021039192,2026-07-26,1800091,野村 佑希,,5,三,8,1.0,1.0,4.0,3.0,0.0,0.0,0.0,0.0,0.0,0.0,0.0,,1.0,0.0,0.0,0.0,0.0,0.0,,,,,,,,,,,,,,,,,,,,,,
2026,2021039192,2026-07-26,1800093,万波 中正,,66,右,8,1.0,1.0,4.0,4.0,0.0,1.0,0.0,0.0,0.0,0.0,0.0,,0.0,1.0,0.0,0.0,0.0,0.0,,,,,,,,,,,,,,,,,,,,,,
2026,2021039192,2026-07-26,1800095,田宮 裕涼,,64,捕,8,1.0,0.0,1.0,0.0,0.0,0.0,0.0,0.0,0.0,0.0,0.0,,0.0,0.0,0.0,1.0,0.0,0.0,,,,,,,,,,,,,,,,,,,,,,
2026,2021039192,2026-07-26,1800117,辰己 涼介,,8,中,376,1.0,1.0,4.0,4.0,0.0,0.0,0.0,0.0,0.0,0.0,0.0,,0.0,2.0,0.0,0.0,0.0,0.0,,,,,,,,,,,,,,,,,,,,,,
2026,2021039192,2026-07-26,1800118,太田 光,,2,捕,376,1.0,1.0,2.0,2.0,0.0,0.0,0.0,0.0,0.0,0.0,0.0,,0.0,0.0,0.0,0.0,0.0,0.0,,,,,,,,,,,,,,,,,,,,,,
2026,2021039192,2026-07-26,1850932,奈良間 大己,,58,打二,8,1.0,0.0,2.0,1.0,0.0,1.0,1.0,0.0,0.0,2.0,0.0,,0.0,0.0,0.0,0.0,1.0,0.0,,,,,,,,,,,,,,,,,,,,,,
2026,2021039192,2026-07-26,1851157,宗山 塁,,1,遊,376,1.0,1.0,3.0,3.0,1.0,1.0,0.0,0.0,0.0,0.0,0.0,,0.0,0.0,0.0,0.0,0.0,0.0,,,,,,,,,,,,,,,,,,,,,,
2026,2021039192,2026-07-26,1851204,水野 達稀,,43,遊,8,1.0,1.0,4.0,4.0,1.0,1.0,0.0,0.0,1.0,1.0,0.0,,0.0,2.0,0.0,0.0,0.0,1.0,,,,,,,,,,,,,,,,,,,,,,
2026,2021039192,2026-07-26,1860140,レイエス,,99,指,8,1.0,1.0,4.0,4.0,0.0,2.0,0.0,0.0,0.0,0.0,0.0,,0.0,1.0,0.0,0.0,0.0,0.0,,,,,,,,,,,,,,,,,,,,,,
2026,2021039192,2026-07-26,1900040,郡司 裕也,,3,左,8,1.0,1.0,4.0,4.0,0.0,1.0,0.0,0.0,0.0,0.0,0.0,,0.0,0.0,0.0,0.0,0.0,0.0,,,,,,,,,,,,,,,,,,,,,,
2026,2021039192,2026-07-26,1900113,黒川 史陽,,24,打三,376,1.0,0.0,1.0,1.0,0.0,0.0,0.0,0.0,0.0,0.0,0.0,,0.0,1.0,0.0,0.0,0.0,0.0,,,,,,,,,,,,,,,,,,,,,,
2026,2021039192,2026-07-26,1950278,中島 大輔,,32,右,376,1.0,1.0,4.0,4.0,0.0,0.0,0.0,0.0,0.0,0.0,0.0,,0.0,1.0,0.0,0.0,0.0,0.0,,,,,,,,,,,,,,,,,,,,,,
2026,2021039192,2026-07-26,1950486,進藤 勇也,,33,捕,8,1.0,1.0,2.0,1.0,0.0,0.0,0.0,0.0,0.0,0.0,0.0,,0.0,0.0,0.0,1.0,0.0,0.0,,,,,,,,,,,,,,,,,,,,,,
2026,2021039192,2026-07-26,1961412,マルテ,Malte,23,,376,,,,,,,,,,,,,,,,,,,2.0,1.0,0.0,0.0,0.0,9.0,1.0,1.0,,,0.0,2.0,1.0,1.0,0.0,,0.0,0.0,0.0,,5.0,24.0
2026,2021039192,2026-07-26,2000080,五十幡 亮汰,,50,走指,8,1.0,0.0,0.0,0.0,1.0,0.0,0.0,0.0,0.0,0.0,1.0,,0.0,0.0,0.0,0.0,0.0,0.0,,,,,,,,,,,,,,,,,,,,,,
2026,2021039192,2026-07-26,2000082,細川 凌平,,56,中,8,1.0,1.0,4.0,2.0,2.0,1.0,1.0,0.0,0.0,0.0,0.0,,2.0,0.0,0.0,0.0,0.0,0.0,,,,,,,,,,,,,,,,,,,,,,
2026,2021039192,2026-07-26,2102124,泰 勝利,Thailand Shouri,59,,376,,,,,,,,,,,,,,,,,,,3.0,1.0,0.0,2.0,1.0,0.93,0.3333333333333333,0.1,,,0.0,1.0,1.0,1.0,0.0,,1.0,0.0,0.0,,3.0,11.0
2026,2021039192,2026-07-26,2103635,柳川 大晟,Yanagawadai Akira,47,,8,,,,,,,,,,,,,,,,,,,5.0,1.0,0.0,3.0,0.0,2.18,1.0,1.0,,,19.0,0.0,0.0,0.0,0.0,,0.0,2.0,0.0,,3.0,15.0
2026,2021039192,2026-07-26,2103740,YG安田,,55,指,376,1.0,1.0,4.0,4.0,1.0,2.0,1.0,0.0,1.0,2.0,0.0,,0.0,0.0,0.0,0.0,0.0,0.0,,,,,,,,,,,,,,,,,,,,,,
2026,2021039192,2026-07-26,2105283,平良 竜哉,,48,三,376,1.0,1.0,3.0,3.0,0.0,0.0,0.0,0.0,0.0,0.0,0.0,,0.0,1.0,0.0,0.0,0.0,0.0,,,,,,,,,,,,,,,,,,,,,,
2026,2021039192,2026-07-26,2106793,荘司 康誠,Shouji Yasushi Makoto,19,,376,,,,,,,,,,,,,,,,,,,1.0,1.0,,5.0,8.0,4.13,7.0,7.0,,,0.0,6.0,2.0,2.0,1.0,,2.0,5.0,0.0,,28.0,105.0
2026,2021039192,2026-07-26,2106890,孫 易磊,Son Osamu Rai,96,,8,,,,,,,,,,,,,,,,,,,3.0,1.0,0.0,1.0,1.0,3.55,0.6666666666666666,0.2,,,0.0,2.0,1.0,1.0,0.0,,0.0,1.0,0.0,,4.0,20.0
2026,2021039192,2026-07-26,2107900,吉田 賢吾,,60,一,8,1.0,1.0,2.0,2.0,0.0,1.0,0.0,0.0,0.0,0.0,0.0,,0.0,1.0,0.0,0.0,0.0,0.0,,,,,,,,,,,,,,,,,,,,,,
2026,2021039192,2026-07-26,2122300,マッカスカー,,34,左,376,1.0,1.0,4.0,4.0,1.0,1.0,1.0,0.0,0.0,0.0,0.0,,0.0,1.0,0.0,0.0,0.0,0.0,,,,,,,,,,,,,,,,,,,,,,
2026,2021039193,2026-07-26,1000128,柳田 悠岐,,9,打,12,1.0,0.0,1.0,1.0,0.0,0.0,0.0,0.0,0.0,0.0,0.0,,0.0,0.0,0.0,0.0,0.0,0.0,,,,,,,,,,,,,,,,,,,,,,
2026,2021039193,2026-07-26,1000175,牧原 大成,,8,二,12,1.0,1.0,4.0,4.0,1.0,1.0,0.0,0.0,0.0,0.0,0.0,,0.0,2.0,0.0,0.0,0.0,0.0,,,,,,,,,,,,,,,,,,,,,,
2026,2021039193,2026-07-26,1100097,近藤 健介,,3,指,12,1.0,1.0,4.0,4.0,1.0,2.0,0.0,0.0,0.0,0.0,1.0,,0.0,0.0,0.0,0.0,0.0,0.0,,,,,,,,,,,,,,,,,,,,,,
2026,2021039193,2026-07-26,1400127,栗原 陵矢,,24,一,12,1.0,1.0,4.0,3.0,1.0,0.0,0.0,0.0,0.0,0.0,0.0,,0.0,1.0,1.0,0.0,0.0,0.0,,,,,,,,,,,,,,,,,,,,,,
2026,2021039193,2026-07-26,1500143,川瀬 晃,,0,三,12,1.0,1.0,4.0,3.0,1.0,1.0,0.0,1.0,0.0,2.0,0.0,,0.0,0.0,0.0,1.0,0.0,0.0,,,,,,,,,,,,,,,,,,,,,,
2026,2021039193,2026-07-26,1550517,大津 亮介,Ootsu Ryousuke,19,,12,,,,,,,,,,,,,,,,,,,1.0,1.0,,9.0,2.0,2.51,5.0,5.0,,,0.0,6.0,6.0,6.0,0.0,,5.0,0.0,0.0,,26.0,90.0
2026,2021039193,2026-07-26,1600129,源田 壮亮,,6,遊,7,1.0,0.0,0.0,0.0,0.0,0.0,0.0,0.0,0.0,0.0,0.0,,0.0,0.0,0.0,0.0,0.0,0.0,,,,,,,,,,,,,,,,,,,,,,
2026,2021039193,2026-07-26,1600134,石井 一成,,4,二,7,1.0,1.0,4.0,3.0,0.0,0.0,0.0,0.0,0.0,1.0,0.0,,0.0,0.0,0.0,0.0,1.0,0.0,,,,,,,,,,,,,,,,,,,,,,
2026,2021039193,2026-07-26,1660299,林 安可,,73,指,7,1.0,1.0,4.0,2.0,0.0,0.0,0.0,0.0,0.0,1.0,0.0,,1.0,0.0,0.0,0.0,1.0,0.0,,,,,,,,,,,,,,,,,,,,,,
2026,2021039193,2026-07-26,1700066,山本 祐大,,39,打,12,1.0,0.0,1.0,1.0,0.0,0.0,0.0,0.0,0.0,0.0,0.0,,0.0,1.0,0.0,0.0,0.0,0.0,,,,,,,,,,,,,,,,,,,,,,
2026,2021039193,2026-07-26,1700122,西川 愛也,,51,中,7,1.0,1.0,4.0,3.0,1.0,2.0,0.0,0.0,0.0,2.0,0.0,,1.0,1.0,0.0,0.0,0.0,0.0,,,,,,,,,,,,,,,,,,,,,,
2026,2021039193,2026-07-26,1700135,周東 佑京,,23,中,12,1.0,1.0,4.0,4.0,0.0,1.0,0.0,0.0,0.0,0.0,0.0,,0.0,1.0,0.0,0.0,0.0,0.0,,,,,,,,,,,,,,,,,,,,,,
2026,2021039193,2026-07-26,1750472,古賀 悠斗,,22,捕,7,1.0,0.0,1.0,1.0,0.0,0.0,0.0,0.0,0.0,0.0,0.0,,0.0,0.0,0.0,0.0,0.0,0.0,,,,,,,,,,,,,,,,,,,,,,
2026,2021039193,2026-07-26,1800085,森脇 亮介,Moriwaki Ryousuke,28,,7,,,,,,,,,,,,,,,,,,,2.0,1.0,0.0,0.0,0.0,0.0,1.0,1.0,,,0.0,1.0,0.0,0.0,0.0,,0.0,1.0,0.0,,4.0,17.0
2026,2021039193,2026-07-26,1800106,甲斐野 央,Kainoya Ou,34,,7,,,,,,,,,,,,,,,,,,,4.0,1.0,0.0,2.0,2.0,1.96,1.0,1.0,,,11.0,0.0,0.0,0.0,0.0,,1.0,1.0,0.0,,3.0,12.0
2026,2021039193,2026-07-26,1851115,木村 光,Kimura Hikari,68,,12,,,,,,,,,,,,,,,,,,,3.0,1.0,0.0,3.0,0.0,1.98,1.0,1.0,,,0.0,0.0,0.0,0.0,0.0,,0.0,1.0,0.0,,3.0,14.0
2026,2021039193,2026-07-26,1860167,ウィンゲンター,Ingentaa,45,,7,,,,,,,,,,,,,,,,,,,3.0,1.0,0.0,0.0,0.0,0.0,1.0,1.0,,,0.0,0.0,0.0,0.0,0.0,,0.0,2.0,0.0,,3.0,14.0
2026,2021039193,2026-07-26,1900068,岸 潤一郎,,68,左,7,1.0,0.0,1.0,1.0,0.0,0.0,0.0,0.0,0.0,0.0,0.0,,0.0,1.0,0.0,0.0,0.0,0.0,,,,,,,,,,,,,,,,,,,,,,
2026,2021039193,2026-07-26,1900101,海野 隆司,,62,捕,12,1.0,1.0,3.0,3.0,0.0,1.0,0.0,0.0,0.0,0.0,0.0,,0.0,0.0,0.0,0.0,0.0,0.0,,,,,,,,,,,,,,,,,,,,,,
2026,2021039193,2026-07-26,1900104,柳町 達,,32,右,12,1.0,1.0,4.0,3.0,1.0,2.0,1.0,0.0,0.0,2.0,0.0,,1.0,0.0,0.0,0.0,0.0,0.0,,,,,,,,,,,,,,,,,,,,,,
2026,2021039193,2026-07-26,1950149,庄子 雄大,,25,遊,12,1.0,1.0,3.0,2.0,0.0,0.0,0.0,0.0,0.0,1.0,0.0,,0.0,1.0,0.0,1.0,0.0,0.0,,,,,,,,,,,,,,,,,,,,,,
2026,2021039193,2026-07-26,1950417,渡部 聖弥,,8,三,7,1.0,1.0,4.0,3.0,2.0,1.0,0.0,0.0,0.0,0.0,0.0,,1.0,0.0,0.0,0.0,0.0,0.0,,,,,,,,,,,,,,,,,,,,,,
2026,2021039193,2026-07-26,1961052,ヘルナンデス,Herunandesu,63,,12,,,,,,,,,,,,,,,,,,,2.0,1.0,0.0,0.0,1.0,1.71,1.0,1.0,,,0.0,2.0,2.0,2.0,0.0,,0.0,0.0,0.0,,5.0,20.0
2026,2021039193,2026-07-26,2000073,仲三 優太,,55,左,7,1.0,1.0,3.0,2.0,2.0,2.0,0.0,0.0,0.0,1.0,0.0,,1.0,0.0,0.0,0.0,0.0,0.0,,,,,,,,,,,,,,,,,,,,,,
2026,2021039193,2026-07-26,2050145,小島 大河,,10,捕,7,1.0,1.0,3.0,3.0,1.0,1.0,0.0,0.0,0.0,0.0,0.0,,0.0,0.0,0.0,0.0,0.0,0.0,,,,,,,,,,,,,,,,,,,,,,
2026,2021039193,2026-07-26,2101047,ネビン,,26,一,7,1.0,1.0,4.0,4.0,0.0,0.0,0.0,0.0,0.0,0.0,0.0,,0.0,0.0,0.0,0.0,0.0,0.0,,,,,,,,,,,,,,,,,,,,,,
2026,2021039193,2026-07-26,2103618,滝澤 夏央,,62,遊二,7,1.0,1.0,5.0,5.0,1.0,2.0,0.0,0.0,0.0,2.0,0.0,,0.0,0.0,0.0,0.0,0.0,0.0,,,,,,,,,,,,,,,,,,,,,,
2026,2021039193,2026-07-26,2103735,正木 智也,,31,左,12,1.0,1.0,4.0,3.0,1.0,1.0,0.0,0.0,1.0,1.0,0.0,,1.0,0.0,0.0,0.0,0.0,0.0,,,,,,,,,,,,,,,,,,,,,,
2026,2021039193,2026-07-26,2103847,大竹 風雅,Ootake Fuuga,59,,12,,,,,,,,,,,,,,,,,,,4.0,1.0,0.0,0.0,0.0,0.0,1.0,1.0,,,0.0,0.0,0.0,0.0,0.0,,0.0,2.0,0.0,,3.0,12.0
2026,2021039193,2026-07-26,2105080,武内 夏暉,Takeuchi Natsu Akira,21,,7,,,,,,,,,,,,,,,,,,,1.0,1.0,,7.0,5.0,3.1,6.0,6.0,,,0.0,8.0,6.0,6.0,1.0,,1.0,2.0,1.0,,26.0,82.0
2026,2021039193,2026-07-26,2117028,カナリオ,,25,右,7,1.0,1.0,4.0,3.0,1.0,0.0,0.0,0.0,0.0,0.0,0.0,,1.0,1.0,0.0,0.0,0.0,0.0,,,,,,,,,,,,,,,,,,,,,,
2026,2021039194,2026-07-22,1100104,益田 直也,Masuda Naoya,52,,9,,,,,,,,,,,,,,,,,,,2.0,1.0,0.0,1.0,0.0,3.65,1.0,1.0,,,1.0,0.0,0.0,0.0,0.0,,0.0,0.0,0.0,,3.0,12.0
2026,2021039194,2026-07-22,1400196,宗 佑磨,,6,三,11,1.0,1.0,4.0,3.0,1.0,1.0,0.0,0.0,0.0,0.0,0.0,,1.0,2.0,0.0,0.0,0.0,0.0,,,,,,,,,,,,,,,,,,,,,,
2026,2021039194,2026-07-22,1500096,西川 龍馬,,7,指,11,1.0,1.0,4.0,3.0,0.0,1.0,1.0,0.0,0.0,1.0,0.0,,0.0,1.0,0.0,0.0,1.0,0.0,,,,,,,,,,,,,,,,,,,,,,
2026,2021039194,2026-07-22,1500102,愛斗,,50,中,9,1.0,1.0,4.0,4.0,1.0,2.0,0.0,0.0,0.0,0.0,0.0,,0.0,1.0,0.0,0.0,0.0,0.0,,,,,,,,,,,,,,,,,,,,,,
2026,2021039194,2026-07-22,1600155,山崎 颯一郎,Yamazaki Sai Ichirou,21,,11,,,,,,,,,,,,,,,,,,,3.0,1.0,0.0,2.0,3.0,2.78,1.0,1.0,,,0.0,0.0,0.0,0.0,0.0,,1.0,1.0,0.0,,4.0,17.0
2026,2021039194,2026-07-22,1650056,福永 奨,,32,捕,11,1.0,1.0,3.0,3.0,1.0,1.0,0.0,0.0,1.0,1.0,0.0,,0.0,0.0,0.0,0.0,0.0,0.0,,,,,,,,,,,,,,,,,,,,,,
2026,2021039194,2026-07-22,1650221,椋木 蓮,Mukunoki Ren,15,,11,,,,,,,,,,,,,,,,,,,4.0,1.0,0.0,2.0,4.0,2.36,1.0,1.0,,,1.0,0.0,0.0,0.0,0.0,,0.0,1.0,0.0,,3.0,13.0
2026,2021039194,2026-07-22,1700020,ソト,,99,一,9,1.0,1.0,4.0,3.0,0.0,0.0,0.0,0.0,0.0,0.0,0.0,,1.0,2.0,0.0,0.0,0.0,0.0,,,,,,,,,,,,,,,,,,,,,,
2026,2021039194,2026-07-22,1700034,山崎 剛,,38,遊,9,1.0,1.0,4.0,4.0,1.0,1.0,0.0,0.0,0.0,0.0,0.0,,0.0,1.0,0.0,0.0,0.0,0.0,,,,,,,,,,,,,,,,,,,,,,
2026,2021039194,2026-07-22,1700092,安田 尚憲,,5,指,9,1.0,1.0,4.0,4.0,0.0,1.0,0.0,0.0,0.0,0.0,0.0,,0.0,1.0,0.0,0.0,0.0,0.0,,,,,,,,,,,,,,,,,,,,,,
2026,2021039194,2026-07-22,1750667,山中 稜真,,50,一,11,1.0,1.0,4.0,4.0,1.0,2.0,1.0,0.0,0.0,0.0,0.0,,0.0,0.0,0.0,0.0,0.0,0.0,,,,,,,,,,,,,,,,,,,,,,
2026,2021039194,2026-07-22,1800050,藤原 恭大,,1,右,9,1.0,1.0,4.0,4.0,0.0,2.0,0.0,1.0,0.0,2.0,0.0,,0.0,0.0,0.0,0.0,0.0,0.0,,,,,,,,,,,,,,,,,,,,,,
2026,2021039194,2026-07-22,1800053,山口 航輝,,51,左,9,1.0,1.0,4.0,3.0,0.0,0.0,0.0,0.0,0.0,0.0,0.0,,1.0,2.0,0.0,0.0,0.0,0.0,,,,,,,,,,,,,,,,,,,,,,
2026,2021039194,2026-07-22,1800098,太田 椋,,1,二,11,1.0,1.0,4.0,4.0,1.0,2.0,0.0,0.0,1.0,2.0,0.0,,0.0,0.0,0.0,0.0,0.0,0.0,,,,,,,,,,,,,,,,,,,,,,
2026,2021039194,2026-07-22,1800102,宜保 翔,,53,走指,11,1.0,0.0,0.0,0.0,1.0,0.0,0.0,0.0,0.0,0.0,0.0,,0.0,0.0,0.0,0.0,0.0,0.0,,,,,,,,,,,,,,,,,,,,,,
2026,2021039194,2026-07-22,1800104,中川 圭太,,67,左,11,1.0,1.0,3.0,3.0,0.0,0.0,0.0,0.0,0.0,0.0,0.0,,0.0,0.0,0.0,0.0,0.0,0.0,,,,,,,,,,,,,,,,,,,,,,
2026,2021039194,2026-07-22,1850947,上田 希由翔,,10,三,9,1.0,1.0,4.0,4.0,1.0,1.0,0.0,0.0,1.0,1.0,0.0,,0.0,0.0,0.0,0.0,0.0,0.0,,,,,,,,,,,,,,,,,,,,,,
2026,2021039194,2026-07-22,1900081,佐藤 都志也,,32,打捕,9,1.0,0.0,2.0,2.0,0.0,0.0,0.0,0.0,0.0,0.0,0.0,,0.0,0.0,0.0,0.0,0.0,0.0,,,,,,,,,,,,,,,,,,,,,,
2026,2021039194,2026-07-22,1900088,紅林 弘太郎,,24,遊,11,1.0,1.0,4.0,4.0,0.0,1.0,0.0,0.0,0.0,1.0,0.0,,0.0,0.0,0.0,0.0,0.0,0.0,,,,,,,,,,,,,,,,,,,,,,
2026,2021039194,2026-07-22,1961416,マチャド,Machado,42,,11,,,,,,,,,,,,,,,,,,,5.0,1.0,0.0,1.0,0.0,1.07,1.0,1.0,,,23.0,0.0,0.0,0.0,0.0,,0.0,0.0,0.0,,3.0,11.0
2026,2021039194,2026-07-22,2000087,鈴木 昭汰,Suzuki Akira ?,47,,9,,,,,,,,,,,,,,,,,,,4.0,1.0,0.0,5.0,1.0,3.03,1.0,1.0,,,1.0,1.0,1.0,1.0,0.0,,0.0,0.0,0.0,,4.0,9.0
2026,2021039194,2026-07-22,2000088,中森 俊介,Nakamori Shunsuke,56,,9,,,,,,,,,,,,,,,,,,,3.0,1.0,0.0,2.0,1.0,1.57,1.0,1.0,,,1.0,2.0,1.0,1.0,1.0,,0.0,0.0,0.0,,5.0,12.0
2026,2021039194,2026-07-22,2000089,小川 龍成,,57,二,9,1.0,1.0,4.0,4.0,0.0,1.0,0.0,0.0,0.0,0.0,1.0,,0.0,2.0,0.0,0.0,0.0,0.0,,,,,,,,,,,,,,,,,,,,,,
2026,2021039194,2026-07-22,2000094,山本 大斗,,61,走左,9,1.0,0.0,0.0,0.0,0.0,0.0,0.0,0.0,0.0,0.0,0.0,,0.0,0.0,0.0,0.0,0.0,0.0,,,,,,,,,,,,,,,,,,,,,,
2026,2021039194,2026-07-22,2000098,来田 涼斗,,38,右,11,1.0,1.0,4.0,4.0,0.0,0.0,0.0,0.0,0.0,0.0,0.0,,0.0,0.0,0.0,0.0,0.0,0.0,,,,,,,,,,,,,,,,,,,,,,
2026,2021039194,2026-07-22,2100346,松川 虎生,,2,捕,9,1.0,1.0,2.0,1.0,0.0,0.0,0.0,0.0,0.0,0.0,0.0,,0.0,0.0,0.0,1.0,0.0,0.0,,,,,,,,,,,,,,,,,,,,,,
2026,2021039194,2026-07-22,2103747,渡部 遼人,,0,中,11,1.0,1.0,3.0,3.0,0.0,1.0,0.0,0.0,0.0,0.0,1.0,,0.0,0.0,0.0,0.0,0.0,0.0,,,,,,,,,,,,,,,,,,,,,,
2026,2021039194,2026-07-22,2107693,入山 海斗,Iriyama Kaito,68,,11,,,,,,,,,,,,,,,,,,,2.0,1.0,0.0,1.0,0.0,2.93,1.0,1.0,,,0.0,2.0,0.0,0.0,0.0,,0.0,1.0,0.0,,5.0,20.0
2026,2021039194,2026-07-22,2108148,ジェリー,Jerry,69,,11,,,,,,,,,,,,,,,,,,,1.0,1.0,,3.0,6.0,2.81,5.0,5.0,,,0.0,6.0,3.0,3.0,1.0,,1.0,6.0,0.0,,21.0,84.0
2026,2021039194,2026-07-22,2114737,廣池 康志郎,Hiroshi Chi Kou Shirou,64,,9,,,,,,,,,,,,,,,,,,,1.0,1.0,,2.0,5.0,4.08,5.0,5.0,,,0.0,6.0,3.0,3.0,1.0,,1.0,3.0,0.0,,21.0,83.0
2026,2021039195,2026-07-02,1000150,秋山 翔吾,,9,右,6,1.0,1.0,5.0,5.0,0.0,0.0,0.0,0.0,0.0,0.0,0.0,,0.0,0.0,0.0,0.0,0.0,0.0,,,,,,,,,,,,,,,,,,,,,,
2026,2021039195,2026-07-02,1100082,菊池 涼介,,33,二,6,1.0,1.0,4.0,4.0,0.0,0.0,0.0,0.0,0.0,0.0,0.0,,0.0,0.0,0.0,0.0,0.0,0.0,,,,,,,,,,,,,,,,,,,,,,
2026,2021039195,2026-07-02,1600078,古賀 優大,,2,捕,2,1.0,1.0,3.0,2.0,0.0,0.0,0.0,0.0,0.0,1.0,0.0,,0.0,0.0,0.0,0.0,1.0,0.0,,,,,,,,,,,,,,,,,,,,,,
2026,2021039195,2026-07-02,1600124,坂倉 将吾,,31,一,6,1.0,1.0,4.0,4.0,1.0,2.0,1.0,0.0,0.0,0.0,0.0,,0.0,1.0,0.0,0.0,0.0,0.0,,,,,,,,,,,,,,,,,,,,,,
2026,2021039195,2026-07-02,1650522,丸山 和郁,,4,打,2,1.0,0.0,1.0,1.0,0.0,0.0,0.0,0.0,0.0,0.0,0.0,,0.0,1.0,0.0,0.0,0.0,0.0,,,,,,,,,,,,,,,,,,,,,,
2026,2021039195,2026-07-02,1700087,塩見 泰隆,,9,右,2,1.0,1.0,4.0,3.0,1.0,0.0,0.0,0.0,0.0,0.0,0.0,,1.0,2.0,0.0,0.0,0.0,0.0,,,,,,,,,,,,,,,,,,,,,,
2026,2021039195,2026-07-02,1700089,宮本 丈,,10,打,2,1.0,0.0,1.0,1.0,0.0,0.0,0.0,0.0,0.0,0.0,0.0,,0.0,1.0,0.0,0.0,0.0,0.0,,,,,,,,,,,,,,,,,,,,,,
2026,2021039195,2026-07-02,1700131,増田 珠,,63,打一,2,1.0,0.0,2.0,2.0,0.0,2.0,0.0,0.0,0.0,1.0,0.0,,0.0,0.0,0.0,0.0,0.0,0.0,,,,,,,,,,,,,,,,,,,,,,
2026,2021039195,2026-07-02,1800072,小園 海斗,,5,遊,6,1.0,1.0,4.0,3.0,0.0,1.0,0.0,0.0,0.0,1.0,0.0,,0.0,0.0,0.0,1.0,0.0,0.0,,,,,,,,,,,,,,,,,,,,,,
2026,2021039195,2026-07-02,1800079,大盛 穂,,59,中,6,1.0,1.0,4.0,4.0,0.0,0.0,0.0,0.0,0.0,0.0,0.0,,0.0,0.0,0.0,0.0,0.0,0.0,,,,,,,,,,,,,,,,,,,,,,
2026,2021039195,2026-07-02,1800082,山野辺 翔,,37,走,2,1.0,0.0,0.0,0.0,0.0,0.0,0.0,0.0,0.0,0.0,0.0,,0.0,0.0,0.0,0.0,0.0,0.0,,,,,,,,,,,,,,,,,,,,,,
2026,2021039195,2026-07-02,1850405,名原 典彦,,92,右,6,1.0,0.0,0.0,0.0,0.0,0.0,0.0,0.0,0.0,0.0,0.0,,0.0,0.0,0.0,0.0,0.0,0.0,,,,,,,,,,,,,,,,,,,,,,
2026,2021039195,2026-07-02,1851155,石原 勇輝,Ishihara Yuuki,35,投,2,1.0,0.0,0.0,0.0,0.0,0.0,0.0,0.0,0.0,0.0,0.0,,0.0,0.0,0.0,0.0,0.0,0.0,4.0,1.0,0.0,0.0,1.0,3.24,0.6666666666666666,0.2,,,0.0,1.0,0.0,0.0,0.0,,1.0,0.0,0.0,,4.0,18.0
2026,2021039195,2026-07-02,1900028,長岡 秀樹,,7,遊,2,1.0,1.0,4.0,4.0,0.0,0.0,0.0,0.0,0.0,0.0,0.0,,0.0,0.0,0.0,0.0,0.0,0.0,,,,,,,,,,,,,,,,,,,,,,
2026,2021039195,2026-07-02,1900029,武岡 龍世,,60,三,2,1.0,1.0,2.0,2.0,0.0,0.0,0.0,0.0,0.0,0.0,0.0,,0.0,1.0,0.0,0.0,0.0,0.0,,,,,,,,,,,,,,,,,,,,,,
2026,2021039195,2026-07-02,1900058,持丸 泰輝,,57,捕,6,1.0,1.0,4.0,3.0,0.0,0.0,0.0,0.0,0.0,0.0,0.0,,1.0,1.0,0.0,0.0,0.0,0.0,,,,,,,,,,,,,,,,,,,,,,
2026,2021039195,2026-07-02,1900073,鈴木 健矢,Suzuki Ken Ya,41,投,6,1.0,0.0,0.0,0.0,0.0,0.0,0.0,0.0,0.0,0.0,0.0,,0.0,0.0,0.0,0.0,0.0,0.0,2.0,1.0,0.0,0.0,1.0,2.51,0.3333333333333333,0.1,,,0.0,2.0,0.0,0.0,0.0,,0.0,0.0,0.0,,3.0,6.0
2026,2021039195,2026-07-02,1950429,高 太一,Kou Taichi,22,投,6,1.0,0.0,0.0,0.0,0.0,0.0,0.0,0.0,0.0,0.0,0.0,,0.0,0.0,0.0,0.0,0.0,0.0,4.0,1.0,0.0,1.0,2.0,1.91,1.0,1.0,,,0.0,0.0,0.0,0.0,0.0,,0.0,2.0,0.0,,3.0,15.0
2026,2021039195,2026-07-02,1961046,キハダ,Kihada,11,投,2,1.0,0.0,0.0,0.0,0.0,0.0,0.0,0.0,0.0,0.0,0.0,,0.0,0.0,0.0,0.0,0.0,0.0,3.0,1.0,0.0,2.0,5.0,3.27,0.3333333333333333,0.1,,,21.0,2.0,1.0,1.0,0.0,,0.0,0.0,0.0,,3.0,11.0
2026,2021039195,2026-07-02,1961927,モンテロ,,95,打一,6,1.0,0.0,1.0,1.0,0.0,1.0,0.0,0.0,0.0,0.0,0.0,,0.0,0.0,0.0,0.0,0.0,0.0,,,,,,,,,,,,,,,,,,,,,,
2026,2021039195,2026-07-02,2000026,内山 壮真,,3,二,2,1.0,1.0,4.0,4.0,0.0,2.0,0.0,0.0,0.0,1.0,0.0,,0.0,1.0,0.0,0.0,0.0,0.0,,,,,,,,,,,,,,,,,,,,,,
2026,2021039195,2026-07-02,2000031,赤羽 由紘,,0,一三,2,1.0,1.0,4.0,4.0,1.0,1.0,1.0,0.0,0.0,0.0,0.0,,0.0,1.0,0.0,0.0,0.0,0.0,,,,,,,,,,,,,,,,,,,,,,
2026,2021039195,2026-07-02,2000033,丸山 翔大,Maruyama Shoudai,68,投,2,1.0,0.0,0.0,0.0,0.0,0.0,0.0,0.0,0.0,0.0,0.0,,0.0,0.0,0.0,0.0,0.0,0.0,2.0,1.0,0.0,0.0,1.0,2.49,1.0,1.0,,,0.0,0.0,0.0,0.0,0.0,,0.0,0.0,0.0,,3.0,12.0
2026,2021039195,2026-07-02,2000061,森浦 大輔,Moriura Daisuke,13,投,6,1.0,0.0,0.0,0.0,0.0,0.0,0.0,0.0,0.0,0.0,0.0,,0.0,0.0,0.0,0.0,0.0,0.0,5.0,1.0,0.0,4.0,2.0,2.7,1.0,1.0,,,11.0,2.0,0.0,0.0,0.0,,0.0,2.0,0.0,,4.0,15.0
2026,2021039195,2026-07-02,2000066,二俣 翔一,,99,左,6,1.0,0.0,0.0,0.0,0.0,0.0,0.0,0.0,0.0,0.0,0.0,,0.0,0.0,0.0,0.0,0.0,0.0,,,,,,,,,,,,,,,,,,,,,,
2026,2021039195,2026-07-02,2000135,サンタナ,,25,左,2,1.0,1.0,4.0,4.0,1.0,1.0,0.0,0.0,0.0,0.0,0.0,,0.0,1.0,0.0,0.0,0.0,0.0,,,,,,,,,,,,,,,,,,,,,,
2026,2021039195,2026-07-02,2050203,佐々木 泰,,10,三,6,1.0,1.0,4.0,4.0,0.0,3.0,2.0,0.0,0.0,2.0,0.0,,0.0,0.0,0.0,0.0,0.0,1.0,,,,,,,,,,,,,,,,,,,,,,
2026,2021039195,2026-07-02,2103788,森 翔平,Mori Shouhei,16,投,6,1.0,1.0,3.0,3.0,0.0,0.0,0.0,0.0,0.0,0.0,0.0,,0.0,3.0,0.0,0.0,0.0,0.0,1.0,1.0,,1.0,1.0,2.86,6.0,6.0,,,0.0,3.0,3.0,3.0,0.0,,1.0,5.0,0.0,,23.0,93.0
2026,2021039195,2026-07-02,2103794,吉村 貢司郎,Yoshimura Kouji Rou,21,投,2,1.0,1.0,2.0,2.0,0.0,0.0,0.0,0.0,0.0,0.0,0.0,,0.0,1.0,0.0,0.0,0.0,0.0,1.0,1.0,,4.0,8.0,4.37,7.0,7.0,,,0.0,6.0,3.0,3.0,1.0,,1.0,5.0,0.0,,27.0,99.0
2026,2021039195,2026-07-02,2103917,岩田 幸宏,,64,左,2,1.0,0.0,0.0,0.0,0.0,0.0,0.0,0.0,0.0,0.0,0.0,,0.0,0.0,0.0,0.0,0.0,0.0,,,,,,,,,,,,,,,,,,,,,,
2026,2021039195,2026-07-02,2106037,辻 大雅,Tsuji Taiga,98,投,6,1.0,0.0,0.0,0.0,0.0,0.0,0.0,0.0,0.0,0.0,0.0,,0.0,0.0,0.0,0.0,0.0,0.0,3.0,1.0,0.0,2.0,1.0,3.65,0.6666666666666666,0.2,,,0.0,0.0,0.0,0.0,0.0,,0.0,1.0,0.0,,2.0,14.0
2026,2021039195,2026-07-02,2107178,モンテル,,90,中,2,1.0,1.0,4.0,4.0,0.0,1.0,0.0,0.0,0.0,0.0,0.0,,0.0,1.0,0.0,0.0,0.0,0.0,,,,,,,,,,,,,,,,,,,,,,
2026,2021039195,2026-07-02,2107887,辰見 鴻之介,,69,走,6,1.0,0.0,0.0,0.0,1.0,0.0,0.0,0.0,0.0,0.0,0.0,,0.0,0.0,0.0,0.0,0.0,0.0,,,,,,,,,,,,,,,,,,,,,,
2026,2021039195,2026-07-02,2110422,勝田 成,,0,遊,6,1.0,0.0,0.0,0.0,0.0,0.0,0.0,0.0,0.0,0.0,0.0,,0.0,0.0,0.0,0.0,0.0,0.0,,,,,,,,,,,,,,,,,,,,,,
2026,2021039195,2026-07-02,2114882,ファビアン,,61,左,6,1.0,1.0,4.0,3.0,2.0,2.0,0.0,0.0,1.0,1.0,0.0,,1.0,0.0,0.0,0.0,0.0,0.0,,,,,,,,,,,,,,,,,,,,,,
2026,2021039196,2026-07-17,1200053,宮崎 敏郎,,51,三,3,1.0,1.0,3.0,3.0,1.0,2.0,0.0,0.0,1.0,1.0,0.0,,0.0,1.0,0.0,0.0,0.0,0.0,,,,,,,,,,,,,,,,,,,,,,
2026,2021039196,2026-07-17,1500091,板山 祐太郎,,63,右,4,1.0,1.0,4.0,4.0,1.0,1.0,0.0,1.0,0.0,3.0,0.0,,0.0,2.0,0.0,0.0,0.0,0.0,,,,,,,,,,,,,,,,,,,,,,
2026,2021039196,2026-07-17,1561854,サノー,,23,一,4,1.0,1.0,4.0,2.0,1.0,0.0,0.0,0.0,0.0,0.0,0.0,,2.0,0.0,0.0,0.0,0.0,0.0,,,,,,,,,,,,,,,,,,,,,,
2026,2021039196,2026-07-17,1600085,細川 成也,,55,左,4,1.0,1.0,4.0,3.0,0.0,0.0,0.0,0.0,0.0,0.0,0.0,,1.0,3.0,0.0,0.0,0.0,0.0,,,,,,,,,,,,,,,,,,,,,,
2026,2021039196,2026-07-17,1600089,佐野 恵太,,7,一,3,1.0,1.0,4.0,4.0,0.0,0.0,0.0,0.0,0.0,0.0,0.0,,0.0,2.0,0.0,0.0,0.0,0.0,,,,,,,,,,,,,,,,,,,,,,
2026,2021039196,2026-07-17,1700059,神里 和毅,,8,中,3,1.0,0.0,0.0,0.0,0.0,0.0,0.0,0.0,0.0,0.0,0.0,,0.0,0.0,0.0,0.0,0.0,0.0,,,,,,,,,,,,,,,,,,,,,,
2026,2021039196,2026-07-17,1700134,尾形 崇斗,Ogata Takashi To,36,投,3,1.0,1.0,2.0,2.0,0.0,0.0,0.0,0.0,0.0,0.0,0.0,,0.0,2.0,0.0,0.0,0.0,0.0,1.0,1.0,,2.0,2.0,3.32,6.0,6.0,,,0.0,2.0,1.0,1.0,1.0,,3.0,9.0,0.0,,24.0,114.0
2026,2021039196,2026-07-17,1750223,村松 開人,,5,遊,4,1.0,1.0,4.0,3.0,0.0,1.0,0.0,0.0,0.0,0.0,0.0,,1.0,0.0,0.0,0.0,0.0,0.0,,,,,,,,,,,,,,,,,,,,,,
2026,2021039196,2026-07-17,1800046,勝又 温史,,28,左,3,1.0,1.0,4.0,4.0,0.0,0.0,0.0,0.0,0.0,0.0,0.0,,0.0,0.0,0.0,0.0,0.0,0.0,,,,,,,,,,,,,,,,,,,,,,
2026,2021039196,2026-07-17,1800049,宮城 滝太,Miyagi Taki Futoshi,65,投,3,1.0,0.0,0.0,0.0,0.0,0.0,0.0,0.0,0.0,0.0,0.0,,0.0,0.0,0.0,0.0,0.0,0.0,3.0,1.0,0.0,0.0,3.0,3.45,0.6666666666666666,0.2,,,0.0,1.0,4.0,4.0,0.0,,3.0,0.0,0.0,,6.0,19.0
2026,2021039196,2026-07-17,1850208,林 琢真,,0,打,3,1.0,0.0,1.0,1.0,0.0,0.0,0.0,0.0,0.0,0.0,0.0,,0.0,0.0,0.0,0.0,0.0,0.0,,,,,,,,,,,,,,,,,,,,,,
2026,2021039196,2026-07-17,1900035,蝦名 達夫,,61,中,3,1.0,1.0,3.0,3.0,0.0,0.0,0.0,0.0,0.0,0.0,0.0,,0.0,0.0,0.0,0.0,0.0,0.0,,,,,,,,,,,,,,,,,,,,,,
2026,2021039196,2026-07-17,1900037,石川 昂弥,,25,三,4,1.0,1.0,4.0,3.0,1.0,0.0,0.0,0.0,0.0,0.0,0.0,,1.0,2.0,0.0,0.0,0.0,0.0,,,,,,,,,,,,,,,,,,,,,,
2026,2021039196,2026-07-17,1900038,橋本 侑樹,Hashimoto Yuuki,13,投,4,1.0,0.0,0.0,0.0,0.0,0.0,0.0,0.0,0.0,0.0,0.0,,0.0,0.0,0.0,0.0,0.0,0.0,2.0,1.0,0.0,3.0,0.0,1.52,1.0,1.0,,,0.0,0.0,0.0,0.0,0.0,,0.0,1.0,0.0,,3.0,11.0
2026,2021039196,2026-07-17,1900041,岡林 勇希,,1,中,4,1.0,1.0,4.0,3.0,0.0,0.0,0.0,0.0,0.0,0.0,0.0,,1.0,0.0,0.0,0.0,0.0,0.0,,,,,,,,,,,,,,,,,,,,,,
2026,2021039196,2026-07-17,1961300,ボスラー,,24,打,4,1.0,0.0,1.0,1.0,0.0,0.0,0.0,0.0,0.0,0.0,0.0,,0.0,0.0,0.0,0.0,0.0,0.0,,,,,,,,,,,,,,,,,,,,,,
2026,2021039196,2026-07-17,2000035,牧 秀悟,,2,二,3,1.0,1.0,4.0,4.0,0.0,0.0,0.0,0.0,0.0,0.0,0.0,,0.0,3.0,0.0,0.0,0.0,1.0,,,,,,,,,,,,,,,,,,,,,,
2026,2021039196,2026-07-17,2000044,土田 龍空,,45,二,4,1.0,0.0,0.0,0.0,0.0,0.0,0.0,0.0,0.0,0.0,0.0,,0.0,0.0,0.0,0.0,0.0,0.0,,,,,,,,,,,,,,,,,,,,,,
2026,2021039196,2026-07-17,2100014,宮下 朝陽,,34,遊,3,1.0,1.0,3.0,3.0,0.0,1.0,0.0,0.0,0.0,0.0,0.0,,0.0,1.0,0.0,0.0,0.0,0.0,,,,,,,,,,,,,,,,,,,,,,
2026,2021039196,2026-07-17,2100277,松尾 汐恩,,5,捕,3,1.0,1.0,3.0,2.0,0.0,1.0,0.0,0.0,0.0,0.0,0.0,,1.0,0.0,0.0,0.0,0.0,0.0,,,,,,,,,,,,,,,,,,,,,,
2026,2021039196,2026-07-17,2103780,福永 裕基,,7,二一,4,1.0,1.0,4.0,4.0,0.0,1.0,0.0,0.0,0.0,1.0,0.0,,0.0,1.0,0.0,0.0,0.0,0.0,,,,,,,,,,,,,,,,,,,,,,
2026,2021039196,2026-07-17,2103947,樋口 正修,,97,走左,4,1.0,0.0,0.0,0.0,1.0,0.0,0.0,0.0,0.0,0.0,1.0,,0.0,0.0,0.0,0.0,0.0,0.0,,,,,,,,,,,,,,,,,,,,,,
2026,2021039196,2026-07-17,2105102,石伊 雄太,,9,捕,4,1.0,1.0,4.0,4.0,1.0,1.0,0.0,0.0,1.0,1.0,0.0,,0.0,0.0,0.0,0.0,0.0,0.0,,,,,,,,,,,,,,,,,,,,,,
2026,2021039196,2026-07-17,2105707,吉野 光樹,Yoshino Hikariju,24,投,3,1.0,0.0,0.0,0.0,0.0,0.0,0.0,0.0,0.0,0.0,0.0,,0.0,0.0,0.0,0.0,0.0,0.0,4.0,1.0,0.0,0.0,1.0,4.2,0.3333333333333333,0.1,,,0.0,1.0,0.0,0.0,0.0,,0.0,0.0,0.0,,2.0,6.0
2026,2021039196,2026-07-17,2107869,松山 晋也,Matsuyama Shin'Ya,90,投,4,1.0,0.0,0.0,0.0,0.0,0.0,0.0,0.0,0.0,0.0,0.0,,0.0,0.0,0.0,0.0,0.0,0.0,3.0,1.0,0.0,1.0,2.0,1.35,1.0,1.0,,,18.0,0.0,0.0,0.0,0.0,,0.0,3.0,0.0,,3.0,13.0
2026,2021039196,2026-07-17,2108195,エンカーナシオン,,69,右,3,1.0,1.0,4.0,4.0,0.0,0.0,0.0,0.0,0.0,0.0,0.0,,0.0,2.0,0.0,0.0,0.0,0.0,,,,,,,,,,,,,,,,,,,,,,
2026,2021039196,2026-07-17,2108462,金丸 夢斗,Kanemarumu To,21,投,4,1.0,1.0,2.0,2.0,0.0,0.0,0.0,0.0,0.0,0.0,0.0,,0.0,2.0,0.0,0.0,0.0,0.0,1.0,1.0,,5.0,8.0,2.66,7.0,7.0,,,0.0,4.0,1.0,1.0,1.0,,1.0,7.0,0.0,,25.0,108.0
2026,2021039196,2026-07-17,2108557,松本 凌人,Matsumoto Ryounin,38,投,3,1.0,0.0,0.0,0.0,0.0,0.0,0.0,0.0,0.0,0.0,0.0,,0.0,0.0,0.0,0.0,0.0,0.0,2.0,1.0,0.0,0.0,0.0,0.0,1.0,1.0,,,0.0,0.0,0.0,0.0,0.0,,0.0,1.0,0.0,,3.0,11.0
2026,2021039197,2026-07-12,800043,丸 佳浩,,8,打,1,1.0,0.0,1.0,0.0,0.0,0.0,0.0,0.0,0.0,0.0,0.0,,1.0,0.0,0.0,0.0,0.0,0.0,,,,,,,,,,,,,,,,,,,,,,
2026,2021039197,2026-07-12,1100095,松本 剛,,9,中,1,1.0,1.0,4.0,4.0,0.0,1.0,0.0,0.0,0.0,0.0,0.0,,0.0,0.0,0.0,0.0,0.0,0.0,,,,,,,,,,,,,,,,,,,,,,
2026,2021039197,2026-07-12,1500074,小笠原 慎之介,Ogasawara Shinnosuke,98,投,1,1.0,1.0,2.0,2.0,0.0,0.0,0.0,0.0,0.0,0.0,0.0,,0.0,2.0,0.0,0.0,0.0,0.0,1.0,1.0,,1.0,1.0,0.69,7.0,7.0,,,0.0,8.0,1.0,1.0,1.0,,1.0,8.0,1.0,,31.0,109.0
2026,2021039197,2026-07-12,1500087,坂本 誠志郎,,12,捕,5,1.0,1.0,4.0,3.0,0.0,0.0,0.0,0.0,0.0,0.0,0.0,,1.0,1.0,0.0,0.0,0.0,0.0,,,,,,,,,,,,,,,,,,,,,,
2026,2021039197,2026-07-12,1561820,ダルベック,,29,一,1,1.0,1.0,4.0,4.0,0.0,1.0,0.0,0.0,0.0,0.0,0.0,,0.0,1.0,0.0,0.0,0.0,0.0,,,,,,,,,,,,,,,,,,,,,,
2026,2021039197,2026-07-12,1600113,大山 悠輔,,3,一,5,1.0,1.0,4.0,3.0,0.0,2.0,0.0,0.0,0.0,0.0,0.0,,0.0,0.0,1.0,0.0,0.0,0.0,,,,,,,,,,,,,,,,,,,,,,
2026,2021039197,2026-07-12,1700079,熊谷 敬宥,,4,走遊,5,1.0,0.0,0.0,0.0,0.0,0.0,0.0,0.0,0.0,0.0,0.0,,0.0,0.0,0.0,0.0,0.0,0.0,,,,,,,,,,,,,,,,,,,,,,
2026,2021039197,2026-07-12,1750321,泉口 友汰,,35,遊,1,1.0,1.0,4.0,4.0,0.0,2.0,0.0,0.0,0.0,0.0,0.0,,0.0,0.0,0.0,0.0,0.0,1.0,,,,,,,,,,,,,,,,,,,,,,
2026,2021039197,2026-07-12,1800065,近本 光司,,5,中,5,1.0,1.0,4.0,4.0,0.0,2.0,0.0,0.0,0.0,0.0,0.0,,0.0,0.0,0.0,0.0,0.0,0.0,,,,,,,,,,,,,,,,,,,,,,
2026,2021039197,2026-07-12,1850183,森下 翔太,,1,右,5,1.0,1.0,4.0,4.0,0.0,1.0,0.0,0.0,0.0,0.0,0.0,,0.0,3.0,0.0,0.0,0.0,0.0,,,,,,,,,,,,,,,,,,,,,,
2026,2021039197,2026-07-12,1900016,堀田 賢慎,Hotta Ken Makoto,91,投,1,1.0,0.0,0.0,0.0,0.0,0.0,0.0,0.0,0.0,0.0,0.0,,0.0,0.0,0.0,0.0,0.0,0.0,2.0,1.0,0.0,1.0,0.0,0.44,1.0,1.0,,,0.0,0.0,0.0,0.0,0.0,,1.0,0.0,0.0,,4.0,16.0
2026,2021039197,2026-07-12,1900020,山瀬 慎之助,,67,捕,1,1.0,1.0,3.0,3.0,0.0,0.0,0.0,0.0,0.0,0.0,0.0,,0.0,1.0,0.0,0.0,0.0,0.0,,,,,,,,,,,,,,,,,,,,,,
2026,2021039197,2026-07-12,1951153,浦田 俊輔,,32,二,1,1.0,1.0,4.0,4.0,0.0,0.0,0.0,0.0,0.0,0.0,0.0,,0.0,0.0,0.0,0.0,0.0,0.0,,,,,,,,,,,,,,,,,,,,,,
2026,2021039197,2026-07-12,2000027,元山 飛優,,0,遊,5,1.0,1.0,4.0,3.0,0.0,0.0,0.0,0.0,0.0,0.0,0.0,,0.0,0.0,0.0,1.0,0.0,0.0,,,,,,,,,,,,,,,,,,,,,,
2026,2021039197,2026-07-12,2000051,佐藤 輝明,,8,三,5,1.0,1.0,4.0,4.0,1.0,1.0,0.0,0.0,1.0,1.0,0.0,,0.0,0.0,0.0,0.0,0.0,0.0,,,,,,,,,,,,,,,,,,,,,,
2026,2021039197,2026-07-12,2000055,村上 頌樹,Murakami Shouju,41,投,5,1.0,1.0,3.0,3.0,0.0,0.0,0.0,0.0,0.0,0.0,0.0,,0.0,2.0,0.0,0.0,0.0,0.0,1.0,1.0,,8.0,5.0,1.88,9.0,9.0,,,0.0,6.0,0.0,0.0,0.0,,1.0,6.0,0.0,,32.0,117.0
2026,2021039197,2026-07-12,2000056,中野 拓夢,,7,二,5,1.0,1.0,4.0,3.0,0.0,2.0,0.0,0.0,0.0,0.0,0.0,,0.0,0.0,0.0,1.0,0.0,0.0,,,,,,,,,,,,,,,,,,,,,,
2026,2021039197,2026-07-12,2000057,高寺 望夢,,67,左,5,1.0,0.0,1.0,0.0,0.0,0.0,0.0,0.0,0.0,0.0,0.0,,1.0,0.0,0.0,0.0,0.0,0.0,,,,,,,,,,,,,,,,,,,,,,
2026,2021039197,2026-07-12,2100225,笹原 操希,,95,右,1,1.0,1.0,3.0,2.0,0.0,0.0,0.0,0.0,0.0,0.0,0.0,,0.0,0.0,0.0,1.0,0.0,0.0,,,,,,,,,,,,,,,,,,,,,,
2026,2021039197,2026-07-12,2103242,立石 正広,,9,左,5,1.0,1.0,3.0,3.0,0.0,0.0,0.0,0.0,0.0,0.0,0.0,,0.0,2.0,0.0,0.0,0.0,1.0,,,,,,,,,,,,,,,,,,,,,,
2026,2021039197,2026-07-12,2106178,佐々木 俊輔,,44,左,1,1.0,1.0,4.0,4.0,0.0,0.0,0.0,0.0,0.0,0.0,0.0,,0.0,2.0,0.0,0.0,0.0,0.0,,,,,,,,,,,,,,,,,,,,,,
2026,2021039197,2026-07-12,2110991,小濱 佑斗,,33,走三,1,1.0,0.0,0.0,0.0,0.0,0.0,0.0,0.0,0.0,0.0,0.0,,0.0,0.0,0.0,0.0,0.0,0.0,,,,,,,,,,,,,,,,,,,,,,
2026,2021039197,2026-07-12,2116069,石塚 裕惺,,23,三,1,1.0,1.0,3.0,3.0,0.0,2.0,0.0,0.0,0.0,0.0,0.0,,0.0,0.0,0.0,0.0,0.0,0.0,,,,,,,,,,,,,,,,,,,,,,
2026,2021039198,2026-07-03,900056,浅村 栄斗,,3,指,376,1.0,1.0,4.0,4.0,1.0,3.0,1.0,0.0,1.0,1.0,0.0,,0.0,1.0,0.0,0.0,0.0,0.0,,,,,,,,,,,,,,,,,,,,,,
2026,2021039198,2026-07-03,1000164,島本 浩也,Shimamoto Kouya,40,,8,,,,,,,,,,,,,,,,,,,3.0,1.0,0.0,2.0,2.0,1.32,1.0,1.0,,,2.0,0.0,0.0,0.0,0.0,,0.0,0.0,0.0,,3.0,11.0
2026,2021039198,2026-07-03,1251037,上川畑 大悟,,4,三,8,1.0,0.0,0.0,0.0,0.0,0.0,0.0,0.0,0.0,0.0,0.0,,0.0,0.0,0.0,0.0,0.0,0.0,,,,,,,,,,,,,,,,,,,,,,
2026,2021039198,2026-07-03,1400118,清水 優心,,10,捕,8,1.0,1.0,4.0,3.0,0.0,0.0,0.0,0.0,0.0,0.0,0.0,,1.0,0.0,0.0,0.0,0.0,0.0,,,,,,,,,,,,,,,,,,,,,,
2026,2021039198,2026-07-03,1400195,山崎 福也,Yamazaki Fuku na,18,,8,,,,,,,,,,,,,,,,,,,1.0,1.0,,4.0,0.0,2.45,5.0,5.0,,,0.0,3.0,1.0,1.0,1.0,,2.0,3.0,1.0,,21.0,79.0
2026,2021039198,2026-07-03,1500109,上原 健太,Uehara Kenta,20,,8,,,,,,,,,,,,,,,,,,,5.0,1.0,0.0,2.0,3.0,3.42,1.0,1.0,,,0.0,1.0,0.0,0.0,0.0,,0.0,0.0,0.0,,4.0,12.0
2026,2021039198,2026-07-03,1600007,村林 一輝,,6,二,376,1.0,1.0,4.0,4.0,0.0,0.0,0.0,0.0,0.0,0.0,0.0,,0.0,1.0,0.0,0.0,0.0,0.0,,,,,,,,,,,,,,,,,,,,,,
2026,2021039198,2026-07-03,1700025,清宮 幸太郎,,21,一,8,1.0,1.0,4.0,2.0,0.0,1.0,1.0,0.0,0.0,2.0,0.0,,2.0,0.0,0.0,0.0,0.0,0.0,,,,,,,,,,,,,,,,,,,,,,
2026,2021039198,2026-07-03,1800093,万波 中正,,66,右,8,1.0,1.0,5.0,4.0,2.0,2.0,0.0,0.0,1.0,1.0,0.0,,1.0,1.0,0.0,0.0,0.0,0.0,,,,,,,,,,,,,,,,,,,,,,
2026,2021039198,2026-07-03,1800117,辰己 涼介,,8,中,376,1.0,1.0,4.0,3.0,0.0,0.0,0.0,0.0,0.0,0.0,0.0,,0.0,0.0,1.0,0.0,0.0,0.0,,,,,,,,,,,,,,,,,,,,,,
2026,2021039198,2026-07-03,1850921,中込 陽翔,Nakagome Akira Shou,26,,376,,,,,,,,,,,,,,,,,,,4.0,1.0,0.0,1.0,1.0,6.57,1.0,1.0,,,0.0,2.0,0.0,0.0,0.0,,0.0,1.0,0.0,,5.0,21.0
2026,2021039198,2026-07-03,1850932,奈良間 大己,,58,二,8,1.0,1.0,4.0,3.0,0.0,0.0,0.0,0.0,0.0,0.0,0.0,,1.0,0.0,0.0,0.0,0.0,0.0,,,,,,,,,,,,,,,,,,,,,,
2026,2021039198,2026-07-03,1851157,宗山 塁,,1,遊,376,1.0,1.0,4.0,3.0,0.0,0.0,0.0,0.0,0.0,0.0,0.0,,1.0,0.0,0.0,0.0,0.0,0.0,,,,,,,,,,,,,,,,,,,,,,
2026,2021039198,2026-07-03,1851204,水野 達稀,,43,遊,8,1.0,1.0,5.0,5.0,0.0,2.0,0.0,0.0,0.0,0.0,0.0,,0.0,0.0,0.0,0.0,0.0,0.0,,,,,,,,,,,,,,,,,,,,,,
2026,2021039198,2026-07-03,1860140,レイエス,,99,指,8,1.0,1.0,5.0,5.0,0.0,1.0,0.0,0.0,0.0,1.0,0.0,,0.0,0.0,0.0,0.0,0.0,0.0,,,,,,,,,,,,,,,,,,,,,,
2026,2021039198,2026-07-03,1900040,郡司 裕也,,3,左,8,1.0,1.0,4.0,2.0,0.0,0.0,0.0,0.0,0.0,0.0,0.0,,2.0,2.0,0.0,0.0,0.0,0.0,,,,,,,,,,,,,,,,,,,,,,
2026,2021039198,2026-07-03,1900113,黒川 史陽,,24,一,376,1.0,1.0,4.0,4.0,0.0,0.0,0.0,0.0,0.0,0.0,0.0,,0.0,0.0,0.0,0.0,0.0,0.0,,,,,,,,,,,,,,,,,,,,,,
2026,2021039198,2026-07-03,1900114,津留崎 大成,Tsurusaki Taisei,52,,376,,,,,,,,,,,,,,,,,,,2.0,1.0,0.0,0.0,0.0,2.61,1.0,1.0,,,0.0,0.0,0.0,0.0,0.0,,1.0,0.0,0.0,,4.0,12.0
2026,2021039198,2026-07-03,1900117,瀧中 瞭太,Taki Naka Akira Futoshi,57,,376,,,,,,,,,,,,,,,,,,,1.0,1.0,,5.0,4.0,2.51,5.0,5.0,,,0.0,6.0,5.0,5.0,1.0,,5.0,1.0,0.0,,26.0,91.0
2026,2021039198,2026-07-03,1950278,中島 大輔,,32,右,376,1.0,1.0,4.0,4.0,0.0,2.0,1.0,0.0,0.0,0.0,0.0,,0.0,0.0,0.0,0.0,0.0,0.0,,,,,,,,,,,,,,,,,,,,,,
2026,2021039198,2026-07-03,2000080,五十幡 亮汰,,50,中,8,1.0,0.0,1.0,1.0,0.0,0.0,0.0,0.0,0.0,0.0,0.0,,0.0,0.0,0.0,0.0,0.0,0.0,,,,,,,,,,,,,,,,,,,,,,
2026,2021039198,2026-07-03,2000082,細川 凌平,,56,中左,8,1.0,1.0,5.0,4.0,2.0,0.0,0.0,0.0,0.0,0.0,1.0,,1.0,0.0,0.0,0.0,0.0,0.0,,,,,,,,,,,,,,,,,,,,,,
2026,2021039198,2026-07-03,2000125,入江 大樹,,63,打,376,1.0,0.0,1.0,1.0,0.0,0.0,0.0,0.0,0.0,0.0,0.0,,0.0,0.0,0.0,0.0,0.0,0.0,,,,,,,,,,,,,,,,,,,,,,
2026,2021039198,2026-07-03,2100271,繁永 晟,,30,三,376,1.0,1.0,3.0,3.0,0.0,1.0,0.0,0.0,0.0,0.0,0.0,,0.0,0.0,0.0,0.0,0.0,0.0,,,,,,,,,,,,,,,,,,,,,,
2026,2021039198,2026-07-03,2103603,有薗 直輝,,39,三,8,1.0,1.0,5.0,4.0,2.0,3.0,1.0,0.0,1.0,2.0,0.0,,1.0,0.0,0.0,0.0,0.0,0.0,,,,,,,,,,,,,,,,,,,,,,
2026,2021039198,2026-07-03,2103740,YG安田,,55,捕,376,1.0,1.0,4.0,4.0,0.0,0.0,0.0,0.0,0.0,0.0,0.0,,0.0,1.0,0.0,0.0,0.0,0.0,,,,,,,,,,,,,,,,,,,,,,
2026,2021039198,2026-07-03,2106284,矢澤 宏太,,12,走指,8,1.0,0.0,0.0,0.0,0.0,0.0,0.0,0.0,0.0,0.0,0.0,,0.0,0.0,0.0,0.0,0.0,0.0,,,,,,,,,,,,,,,,,,,,,,
2026,2021039198,2026-07-03,2107859,金村 尚真,Kanemura Shoushin,24,,8,,,,,,,,,,,,,,,,,,,4.0,1.0,0.0,0.0,0.0,2.4,1.0,1.0,,,0.0,0.0,0.0,0.0,0.0,,0.0,0.0,0.0,,3.0,10.0
2026,2021039198,2026-07-03,2108107,コントレラス,Contreras,15,,376,,,,,,,,,,,,,,,,,,,3.0,1.0,0.0,0.0,1.0,5.4,1.0,1.0,,,0.0,1.0,1.0,1.0,1.0,,3.0,1.0,0.0,,7.0,29.0
2026,2021039198,2026-07-03,2114529,山縣 秀,,54,三遊,8,1.0,0.0,0.0,0.0,0.0,0.0,0.0,0.0,0.0,0.0,0.0,,0.0,0.0,0.0,0.0,0.0,0.0,,,,,,,,,,,,,,,,,,,,,,
2026,2021039198,2026-07-03,2117696,柴田 獅子,Shibata Shishi,31,,8,,,,,,,,,,,,,,,,,,,2.0,1.0,0.0,0.0,1.0,2.61,1.0,1.0,,,0.0,3.0,1.0,1.0,1.0,,0.0,1.0,0.0,,5.0,26.0
2026,2021039198,2026-07-03,2122300,マッカスカー,,34,左,376,1.0,1.0,4.0,3.0,1.0,1.0,0.0,0.0,1.0,1.0,0.0,,1.0,1.0,0.0,0.0,0.0,0.0,,,,,,,,,,,,,,,,,,,,,,
2026,2021039199,2026-07-12,1000128,柳田 悠岐,,9,左,12,1.0,1.0,4.0,4.0,0.0,0.0,0.0,0.0,0.0,0.0,0.0,,0.0,0.0,0.0,0.0,0.0,0.0,,,,,,,,,,,,,,,,,,,,,,
2026,2021039199,2026-07-12,1000175,牧原 大成,,8,二,12,1.0,1.0,4.0,4.0,1.0,1.0,0.0,0.0,0.0,0.0,0.0,,0.0,0.0,0.0,0.0,0.0,0.0,,,,,,,,,,,,,,,,,,,,,,
2026,2021039199,2026-07-12,1100097,近藤 健介,,3,指,12,1.0,1.0,4.0,3.0,0.0,0.0,0.0,0.0,0.0,0.0,0.0,,1.0,1.0,0.0,0.0,0.0,0.0,,,,,,,,,,,,,,,,,,,,,,
2026,2021039199,2026-07-12,1400126,松本 裕樹,Matsumoto Yuuki,66,,12,,,,,,,,,,,,,,,,,,,3.0,1.0,0.0,3.0,3.0,2.21,1.0,1.0,,,4.0,0.0,0.0,0.0,0.0,,0.0,0.0,0.0,,3.0,10.0
2026,2021039199,2026-07-12,1400127,栗原 陵矢,,24,三,12,1.0,1.0,4.0,2.0,0.0,0.0,0.0,0.0,0.0,0.0,0.0,,2.0,0.0,0.0,0.0,0.0,0.0,,,,,,,,,,,,,,,,,,,,,,
2026,2021039199,2026-07-12,1400182,高橋 光成,Takahashi Mitsunari,13,,7,,,,,,,,,,,,,,,,,,,1.0,1.0,,8.0,5.0,2.51,8.0,8.0,,,0.0,4.0,3.0,3.0,0.0,,4.0,3.0,0.0,,32.0,110.0
2026,2021039199,2026-07-12,1500140,谷川原 健太,,45,右,12,1.0,0.0,0.0,0.0,0.0,0.0,0.0,0.0,0.0,0.0,0.0,,0.0,0.0,0.0,0.0,0.0,0.0,,,,,,,,,,,,,,,,,,,,,,
2026,2021039199,2026-07-12,1500143,川瀬 晃,,0,遊,12,1.0,1.0,3.0,2.0,1.0,0.0,0.0,0.0,0.0,0.0,0.0,,1.0,0.0,0.0,0.0,0.0,0.0,,,,,,,,,,,,,,,,,,,,,,
2026,2021039199,2026-07-12,1560184,オスナ,Osu na,54,,12,,,,,,,,,,,,,,,,,,,2.0,1.0,0.0,1.0,1.0,1.03,1.0,1.0,,,0.0,0.0,0.0,0.0,0.0,,0.0,1.0,0.0,,3.0,15.0
2026,2021039199,2026-07-12,1600134,石井 一成,,4,二,7,1.0,1.0,4.0,3.0,0.0,0.0,0.0,0.0,0.0,0.0,0.0,,0.0,0.0,1.0,0.0,0.0,0.0,,,,,,,,,,,,,,,,,,,,,,
2026,2021039199,2026-07-12,1650813,川村 友斗,,61,右左,12,1.0,0.0,1.0,1.0,0.0,0.0,0.0,0.0,0.0,0.0,0.0,,0.0,1.0,0.0,0.0,0.0,0.0,,,,,,,,,,,,,,,,,,,,,,
2026,2021039199,2026-07-12,1660299,林 安可,,73,指,7,1.0,1.0,4.0,4.0,0.0,0.0,0.0,0.0,0.0,0.0,0.0,,0.0,2.0,0.0,0.0,0.0,0.0,,,,,,,,,,,,,,,,,,,,,,
2026,2021039199,2026-07-12,1700066,山本 祐大,,39,捕,12,1.0,1.0,4.0,4.0,0.0,0.0,0.0,0.0,0.0,0.0,0.0,,0.0,0.0,0.0,0.0,0.0,0.0,,,,,,,,,,,,,,,,,,,,,,
2026,2021039199,2026-07-12,1700122,西川 愛也,,51,中,7,1.0,1.0,3.0,2.0,0.0,0.0,0.0,0.0,0.0,0.0,0.0,,1.0,2.0,0.0,0.0,0.0,0.0,,,,,,,,,,,,,,,,,,,,,,
2026,2021039199,2026-07-12,1700135,周東 佑京,,23,中,12,1.0,1.0,4.0,4.0,0.0,2.0,0.0,1.0,0.0,2.0,1.0,,0.0,1.0,0.0,0.0,0.0,0.0,,,,,,,,,,,,,,,,,,,,,,
2026,2021039199,2026-07-12,1800107,杉山 一樹,Sugiyama Kazuki,40,,12,,,,,,,,,,,,,,,,,,,4.0,1.0,0.0,1.0,2.0,3.55,1.0,1.0,,,21.0,0.0,0.0,0.0,0.0,,0.0,0.0,0.0,,3.0,9.0
2026,2021039199,2026-07-12,1900065,柘植 世那,,37,捕,7,1.0,1.0,3.0,3.0,0.0,1.0,0.0,0.0,0.0,0.0,0.0,,0.0,1.0,0.0,0.0,0.0,0.0,,,,,,,,,,,,,,,,,,,,,,
2026,2021039199,2026-07-12,1950417,渡部 聖弥,,8,三,7,1.0,1.0,4.0,4.0,0.0,0.0,0.0,0.0,0.0,0.0,0.0,,0.0,0.0,0.0,0.0,0.0,0.0,,,,,,,,,,,,,,,,,,,,,,
2026,2021039199,2026-07-12,2000073,仲三 優太,,55,左,7,1.0,1.0,3.0,3.0,0.0,0.0,0.0,0.0,0.0,0.0,0.0,,0.0,0.0,0.0,0.0,0.0,0.0,,,,,,,,,,,,,,,,,,,,,,
2026,2021039199,2026-07-12,2101047,ネビン,,26,一,7,1.0,1.0,4.0,3.0,0.0,2.0,0.0,0.0,0.0,0.0,0.0,,1.0,0.0,0.0,0.0,0.0,0.0,,,,,,,,,,,,,,,,,,,,,,
2026,2021039199,2026-07-12,2103133,山田 陽翔,Yamada Akira Shou,36,,7,,,,,,,,,,,,,,,,,,,2.0,1.0,0.0,0.0,0.0,0.0,1.0,1.0,,,0.0,0.0,0.0,0.0,0.0,,0.0,1.0,0.0,,3.0,13.0
2026,2021039199,2026-07-12,2103618,滝澤 夏央,,62,遊,7,1.0,1.0,4.0,4.0,0.0,0.0,0.0,0.0,0.0,0.0,0.0,,0.0,1.0,0.0,0.0,0.0,0.0,,,,,,,,,,,,,,,,,,,,,,
2026,2021039199,2026-07-12,2103735,正木 智也,,31,一,12,1.0,1.0,4.0,3.0,0.0,0.0,0.0,0.0,0.0,1.0,0.0,,0.0,1.0,0.0,0.0,1.0,0.0,,,,,,,,,,,,,,,,,,,,,,
2026,2021039199,2026-07-12,2103876,山本 恵大,,77,右,12,1.0,1.0,3.0,3.0,1.0,1.0,0.0,0.0,0.0,0.0,0.0,,0.0,0.0,0.0,0.0,0.0,0.0,,,,,,,,,,,,,,,,,,,,,,
2026,2021039199,2026-07-12,2104078,前田 悠伍,Maeda Yuu Go,41,,12,,,,,,,,,,,,,,,,,,,1.0,1.0,,8.0,0.0,1.41,6.0,6.0,,,0.0,3.0,0.0,0.0,0.0,,2.0,5.0,1.0,,24.0,93.0
2026,2021039199,2026-07-12,2117028,カナリオ,,25,右,7,1.0,1.0,4.0,4.0,0.0,0.0,0.0,0.0,0.0,0.0,0.0,,0.0,0.0,0.0,0.0,0.0,0.0,,,,,,,,,,,,,,,,,,,,,,
2026,2021039200,2026-07-31,1000011,山田 修義,Yamada Nobuyoshi,57,,11,,,,,,,,,,,,,,,,,,,3.0,1.0,0.0,0.0,0.0,1.29,0.6666666666666666,0.2,,,0.0,1.0,0.0,0.0,0.0,,1.0,0.0,0.0,,4.0,8.0
2026,2021039200,2026-07-31,1100096,石川 慎吾,,23,打,9,1.0,0.0,1.0,1.0,0.0,0.0,0.0,0.0,0.0,0.0,0.0,,0.0,0.0,0.0,0.0,0.0,0.0,,,,,,,,,,,,,,,,,,,,,,
2026,2021039200,2026-07-31,1100104,益田 直也,Masuda Naoya,52,,9,,,,,,,,,,,,,,,,,,,2.0,1.0,0.0,1.0,0.0,3.55,0.6666666666666666,0.2,,,1.0,2.0,0.0,0.0,0.0,,0.0,0.0,0.0,,4.0,15.0
2026,2021039200,2026-07-31,1300058,九里 亜蓮,Kyuu Ri ARen,22,,11,,,,,,,,,,,,,,,,,,,1.0,1.0,,7.0,7.0,2.92,6.0,6.0,,,0.0,9.0,3.0,3.0,2.0,,4.0,10.0,0.0,,29.0,127.0
2026,2021039200,2026-07-31,1300100,森 友哉,,4,指,11,1.0,1.0,4.0,3.0,0.0,1.0,0.0,0.0,0.0,1.0,0.0,,1.0,1.0,0.0,0.0,0.0,0.0,,,,,,,,,,,,,,,,,,,,,,
2026,2021039200,2026-07-31,1400196,宗 佑磨,,6,三,11,1.0,1.0,5.0,5.0,0.0,1.0,0.0,0.0,0.0,0.0,0.0,,0.0,0.0,0.0,0.0,0.0,0.0,,,,,,,,,,,,,,,,,,,,,,
2026,2021039200,2026-07-31,1500096,西川 龍馬,,7,左,11,1.0,1.0,4.0,4.0,0.0,2.0,0.0,0.0,0.0,0.0,0.0,,0.0,2.0,0.0,0.0,0.0,0.0,,,,,,,,,,,,,,,,,,,,,,
2026,2021039200,2026-07-31,1500102,愛斗,,50,中,9,1.0,1.0,2.0,2.0,0.0,0.0,0.0,0.0,0.0,0.0,0.0,,0.0,1.0,0.0,0.0,0.0,0.0,,,,,,,,,,,,,,,,,,,,,,
2026,2021039200,2026-07-31,1600155,山崎 颯一郎,Yamazaki Sai Ichirou,21,,11,,,,,,,,,,,,,,,,,,,5.0,1.0,0.0,2.0,3.0,2.7,1.0,1.0,,,0.0,0.0,0.0,0.0,0.0,,0.0,2.0,0.0,,3.0,14.0
2026,2021039200,2026-07-31,1650056,福永 奨,,32,捕,11,1.0,1.0,3.0,3.0,0.0,0.0,0.0,0.0,0.0,0.0,0.0,,0.0,1.0,0.0,0.0,0.0,0.0,,,,,,,,,,,,,,,,,,,,,,
2026,2021039200,2026-07-31,1650722,杉澤 龍,,33,打中,11,1.0,0.0,1.0,1.0,0.0,0.0,0.0,0.0,0.0,0.0,0.0,,0.0,0.0,0.0,0.0,0.0,0.0,,,,,,,,,,,,,,,,,,,,,,
2026,2021039200,2026-07-31,1700020,ソト,,99,一,9,1.0,1.0,4.0,4.0,1.0,1.0,0.0,0.0,1.0,1.0,0.0,,0.0,3.0,0.0,0.0,0.0,0.0,,,,,,,,,,,,,,,,,,,,,,
2026,2021039200,2026-07-31,1700034,山崎 剛,,38,遊,9,1.0,1.0,4.0,2.0,0.0,1.0,0.0,0.0,0.0,0.0,0.0,,1.0,1.0,0.0,1.0,0.0,0.0,,,,,,,,,,,,,,,,,,,,,,
2026,2021039200,2026-07-31,1700092,安田 尚憲,,5,指,9,1.0,1.0,5.0,3.0,0.0,0.0,0.0,0.0,0.0,1.0,0.0,,1.0,2.0,0.0,0.0,1.0,0.0,,,,,,,,,,,,,,,,,,,,,,
2026,2021039200,2026-07-31,1750543,高島 泰都,Takashima Yasushi To,96,,11,,,,,,,,,,,,,,,,,,,2.0,1.0,0.0,4.0,2.0,3.9,1.0,1.0,,,0.0,0.0,0.0,0.0,0.0,,1.0,3.0,0.0,,4.0,19.0
2026,2021039200,2026-07-31,1750667,山中 稜真,,50,一左,11,1.0,1.0,4.0,3.0,1.0,1.0,1.0,0.0,0.0,0.0,0.0,,1.0,1.0,0.0,0.0,0.0,0.0,,,,,,,,,,,,,,,,,,,,,,
2026,2021039200,2026-07-31,1751068,野口 智哉,,9,走二,11,1.0,0.0,0.0,0.0,0.0,0.0,0.0,0.0,0.0,0.0,0.0,,0.0,0.0,0.0,0.0,0.0,0.0,,,,,,,,,,,,,,,,,,,,,,
2026,2021039200,2026-07-31,1800050,藤原 恭大,,1,右中,9,1.0,1.0,5.0,3.0,1.0,2.0,0.0,0.0,0.0,0.0,0.0,,2.0,0.0,0.0,0.0,0.0,0.0,,,,,,,,,,,,,,,,,,,,,,
2026,2021039200,2026-07-31,1800053,山口 航輝,,51,左,9,1.0,1.0,5.0,5.0,1.0,1.0,0.0,0.0,1.0,1.0,0.0,,0.0,3.0,0.0,0.0,0.0,0.0,,,,,,,,,,,,,,,,,,,,,,
2026,2021039200,2026-07-31,1800098,太田 椋,,1,二一,11,1.0,1.0,4.0,4.0,1.0,3.0,0.0,0.0,1.0,1.0,0.0,,0.0,0.0,0.0,0.0,0.0,0.0,,,,,,,,,,,,,,,,,,,,,,
2026,2021039200,2026-07-31,1800104,中川 圭太,,67,右,11,1.0,1.0,4.0,4.0,0.0,0.0,0.0,0.0,0.0,0.0,0.0,,0.0,1.0,0.0,0.0,0.0,0.0,,,,,,,,,,,,,,,,,,,,,,
2026,2021039200,2026-07-31,1850947,上田 希由翔,,10,三,9,1.0,1.0,5.0,5.0,0.0,2.0,0.0,0.0,0.0,0.0,0.0,,0.0,3.0,0.0,0.0,0.0,0.0,,,,,,,,,,,,,,,,,,,,,,
2026,2021039200,2026-07-31,1900045,井上 広大,,39,左,9,1.0,0.0,0.0,0.0,0.0,0.0,0.0,0.0,0.0,0.0,0.0,,0.0,0.0,0.0,0.0,0.0,0.0,,,,,,,,,,,,,,,,,,,,,,
2026,2021039200,2026-07-31,1900081,佐藤 都志也,,32,捕,9,1.0,1.0,5.0,4.0,0.0,0.0,0.0,0.0,0.0,0.0,0.0,,1.0,2.0,0.0,0.0,0.0,0.0,,,,,,,,,,,,,,,,,,,,,,
2026,2021039200,2026-07-31,1900083,横山 陸人,Yokoyama Rikunin,15,,9,,,,,,,,,,,,,,,,,,,3.0,1.0,0.0,0.0,2.0,1.73,1.0,1.0,,,26.0,0.0,0.0,0.0,0.0,,0.0,0.0,0.0,,3.0,11.0
2026,2021039200,2026-07-31,1900088,紅林 弘太郎,,24,遊,11,1.0,1.0,4.0,3.0,0.0,0.0,0.0,0.0,0.0,0.0,0.0,,1.0,0.0,0.0,0.0,0.0,0.0,,,,,,,,,,,,,,,,,,,,,,
2026,2021039200,2026-07-31,2000089,小川 龍成,,57,二,9,1.0,1.0,4.0,3.0,0.0,3.0,1.0,0.0,0.0,0.0,0.0,,1.0,0.0,0.0,0.0,0.0,0.0,,,,,,,,,,,,,,,,,,,,,,
2026,2021039200,2026-07-31,2000094,山本 大斗,,61,右,9,1.0,0.0,1.0,1.0,0.0,0.0,0.0,0.0,0.0,0.0,0.0,,0.0,0.0,0.0,0.0,0.0,0.0,,,,,,,,,,,,,,,,,,,,,,
2026,2021039200,2026-07-31,2000098,来田 涼斗,,38,打,11,1.0,0.0,1.0,1.0,0.0,0.0,0.0,0.0,0.0,0.0,0.0,,0.0,0.0,0.0,0.0,0.0,0.0,,,,,,,,,,,,,,,,,,,,,,
2026,2021039200,2026-07-31,2103693,池田 来翔,,0,一,9,1.0,0.0,0.0,0.0,0.0,0.0,0.0,0.0,0.0,0.0,0.0,,0.0,0.0,0.0,0.0,0.0,0.0,,,,,,,,,,,,,,,,,,,,,,
2026,2021039200,2026-07-31,2103747,渡部 遼人,,0,中,11,1.0,1.0,3.0,3.0,0.0,0.0,0.0,0.0,0.0,0.0,0.0,,0.0,1.0,0.0,0.0,0.0,0.0,,,,,,,,,,,,,,,,,,,,,,
2026,2021039200,2026-07-31,2103904,ジャクソン,Jackson,42,,9,,,,,,,,,,,,,,,,,,,1.0,1.0,,7.0,6.0,3.36,7.333333333333333,7.1,,,0.0,6.0,2.0,2.0,1.0,,3.0,7.0,0.0,,30.0,116.0
2026,2021039200,2026-07-31,2107872,才木 海翔,Sai Moku Kaishou,95,,11,,,,,,,,,,,,,,,,,,,4.0,1.0,0.0,0.0,0.0,2.25,0.3333333333333333,0.1,,,0.0,0.0,0.0,0.0,0.0,,0.0,0.0,0.0,,1.0,8.0
2026,2021039201,2026-07-03,1000002,筒香 嘉智,,25,一,3,1.0,1.0,4.0,4.0,0.0,2.0,2.0,0.0,0.0,0.0,0.0,,0.0,0.0,0.0,0.0,0.0,0.0,,,,,,,,,,,,,,,,,,,,,,
2026,2021039201,2026-07-03,1100095,松本 剛,,9,左,1,1.0,1.0,4.0,4.0,2.0,2.0,0.0,0.0,1.0,1.0,1.0,,0.0,1.0,0.0,0.0,0.0,0.0,,,,,,,,,,,,,,,,,,,,,,
2026,2021039201,2026-07-03,1200053,宮崎 敏郎,,51,三,3,1.0,1.0,3.0,3.0,0.0,1.0,0.0,0.0,0.0,0.0,0.0,,0.0,0.0,0.0,0.0,0.0,0.0,,,,,,,,,,,,,,,,,,,,,,
2026,2021039201,2026-07-03,1300031,平良 拳太郎,Taira Ken Tarou,59,投,3,1.0,1.0,1.0,1.0,0.0,0.0,0.0,0.0,0.0,0.0,0.0,,0.0,0.0,0.0,0.0,0.0,0.0,1.0,1.0,,3.0,6.0,3.65,5.0,5.0,,,0.0,5.0,2.0,2.0,2.0,,0.0,5.0,0.0,,20.0,74.0
2026,2021039201,2026-07-03,1500054,増田 大輝,,0,一,1,1.0,0.0,0.0,0.0,0.0,0.0,0.0,0.0,0.0,0.0,0.0,,0.0,0.0,0.0,0.0,0.0,0.0,,,,,,,,,,,,,,,,,,,,,,
2026,2021039201,2026-07-03,1561820,ダルベック,,29,一,1,1.0,1.0,4.0,3.0,1.0,1.0,0.0,0.0,0.0,0.0,0.0,,1.0,1.0,0.0,0.0,0.0,0.0,,,,,,,,,,,,,,,,,,,,,,
2026,2021039201,2026-07-03,1600107,京田 陽太,,9,遊,3,1.0,1.0,3.0,3.0,0.0,0.0,0.0,0.0,0.0,0.0,0.0,,0.0,0.0,0.0,0.0,0.0,0.0,,,,,,,,,,,,,,,,,,,,,,
2026,2021039201,2026-07-03,1700027,田中 瑛斗,Tanaka Akira To,45,投,1,1.0,0.0,0.0,0.0,0.0,0.0,0.0,0.0,0.0,0.0,0.0,,0.0,0.0,0.0,0.0,0.0,0.0,2.0,1.0,0.0,1.0,2.0,1.59,1.0,1.0,,,2.0,0.0,0.0,0.0,0.0,,1.0,1.0,0.0,,3.0,12.0
2026,2021039201,2026-07-03,1700044,大城 卓三,,24,捕,1,1.0,1.0,4.0,4.0,0.0,1.0,1.0,0.0,0.0,2.0,0.0,,0.0,2.0,0.0,0.0,0.0,0.0,,,,,,,,,,,,,,,,,,,,,,
2026,2021039201,2026-07-03,1750321,泉口 友汰,,35,遊,1,1.0,1.0,4.0,4.0,1.0,2.0,0.0,0.0,1.0,1.0,1.0,,0.0,0.0,0.0,0.0,0.0,0.0,,,,,,,,,,,,,,,,,,,,,,
2026,2021039201,2026-07-03,1800046,勝又 温史,,28,中,3,1.0,1.0,4.0,4.0,0.0,0.0,0.0,0.0,0.0,0.0,0.0,,0.0,3.0,0.0,0.0,0.0,0.0,,,,,,,,,,,,,,,,,,,,,,
2026,2021039201,2026-07-03,1800111,泉 圭輔,Izumi Keisuke,63,投,1,1.0,0.0,0.0,0.0,0.0,0.0,0.0,0.0,0.0,0.0,0.0,,0.0,0.0,0.0,0.0,0.0,0.0,3.0,1.0,0.0,0.0,0.0,1.35,1.0,1.0,,,0.0,1.0,0.0,0.0,0.0,,0.0,0.0,0.0,,4.0,12.0
2026,2021039201,2026-07-03,1850208,林 琢真,,0,二,3,1.0,1.0,3.0,3.0,0.0,1.0,0.0,0.0,0.0,0.0,0.0,,0.0,0.0,0.0,0.0,0.0,0.0,,,,,,,,,,,,,,,,,,,,,,
2026,2021039201,2026-07-03,1850873,度会 隆輝,,4,左,3,1.0,1.0,4.0,4.0,0.0,0.0,0.0,0.0,0.0,0.0,0.0,,0.0,1.0,0.0,0.0,0.0,0.0,,,,,,,,,,,,,,,,,,,,,,
2026,2021039201,2026-07-03,1900020,山瀬 慎之助,,67,走捕,1,1.0,0.0,0.0,0.0,0.0,0.0,0.0,0.0,0.0,0.0,0.0,,0.0,0.0,0.0,0.0,0.0,0.0,,,,,,,,,,,,,,,,,,,,,,
2026,2021039201,2026-07-03,1951153,浦田 俊輔,,32,二,1,1.0,1.0,4.0,4.0,1.0,2.0,0.0,0.0,0.0,0.0,1.0,,0.0,0.0,0.0,0.0,0.0,0.0,,,,,,,,,,,,,,,,,,,,,,
2026,2021039201,2026-07-03,1961886,ハワード,Howard,28,投,1,1.0,1.0,2.0,2.0,0.0,0.0,0.0,0.0,0.0,0.0,0.0,,0.0,1.0,0.0,0.0,0.0,0.0,1.0,1.0,,1.0,1.0,2.2,7.0,7.0,,,0.0,3.0,0.0,0.0,0.0,,0.0,6.0,0.0,,24.0,91.0
2026,2021039201,2026-07-03,2000059,岩田 将貴,Iwata Masaki,68,投,3,1.0,0.0,0.0,0.0,0.0,0.0,0.0,0.0,0.0,0.0,0.0,,0.0,0.0,0.0,0.0,0.0,0.0,3.0,1.0,0.0,1.0,0.0,2.08,1.0,1.0,,,0.0,3.0,3.0,3.0,0.0,,1.0,0.0,0.0,,7.0,19.0
2026,2021039201,2026-07-03,2000099,中川 颯,Nakagawa Sa,53,投,3,1.0,0.0,0.0,0.0,0.0,0.0,0.0,0.0,0.0,0.0,0.0,,0.0,0.0,0.0,0.0,0.0,0.0,2.0,1.0,0.0,0.0,0.0,3.86,2.0,2.0,,,0.0,1.0,1.0,1.0,1.0,,0.0,0.0,0.0,,7.0,21.0
2026,2021039201,2026-07-03,2100225,笹原 操希,,95,右,1,1.0,0.0,1.0,1.0,0.0,0.0,0.0,0.0,0.0,1.0,0.0,,0.0,0.0,0.0,0.0,0.0,0.0,,,,,,,,,,,,,,,,,,,,,,
2026,2021039201,2026-07-03,2100277,松尾 汐恩,,5,捕,3,1.0,1.0,3.0,2.0,0.0,0.0,0.0,0.0,0.0,0.0,0.0,,1.0,1.0,0.0,0.0,0.0,0.0,,,,,,,,,,,,,,,,,,,,,,
2026,2021039201,2026-07-03,2103703,梶原 昂希,,58,打,3,1.0,0.0,1.0,1.0,0.0,0.0,0.0,0.0,0.0,0.0,0.0,,0.0,1.0,0.0,0.0,0.0,0.0,,,,,,,,,,,,,,,,,,,,,,
2026,2021039201,2026-07-03,2103888,知念 大成,,94,打,1,1.0,0.0,1.0,1.0,0.0,0.0,0.0,0.0,0.0,0.0,0.0,,0.0,0.0,0.0,0.0,0.0,0.0,,,,,,,,,,,,,,,,,,,,,,
2026,2021039201,2026-07-03,2104256,高見澤 郁魅,,66,打,3,1.0,0.0,1.0,1.0,0.0,0.0,0.0,0.0,0.0,0.0,0.0,,0.0,0.0,0.0,0.0,0.0,0.0,,,,,,,,,,,,,,,,,,,,,,
2026,2021039201,2026-07-03,2106178,佐々木 俊輔,,44,右中,1,1.0,1.0,3.0,3.0,1.0,1.0,0.0,0.0,1.0,1.0,0.0,,0.0,0.0,0.0,0.0,0.0,0.0,,,,,,,,,,,,,,,,,,,,,,
2026,2021039201,2026-07-03,2108195,エンカーナシオン,,69,右,3,1.0,1.0,4.0,4.0,0.0,0.0,0.0,0.0,0.0,0.0,0.0,,0.0,1.0,0.0,0.0,0.0,0.0,,,,,,,,,,,,,,,,,,,,,,
2026,2021039201,2026-07-03,2116069,石塚 裕惺,,23,三,1,1.0,1.0,4.0,4.0,0.0,0.0,0.0,0.0,0.0,0.0,0.0,,0.0,0.0,0.0,0.0,0.0,0.0,,,,,,,,,,,,,,,,,,,,,,
2026,2021039201,2026-07-03,2118420,キャベッジ,,13,中,1,1.0,1.0,3.0,3.0,0.0,0.0,0.0,0.0,0.0,0.0,0.0,,0.0,0.0,0.0,0.0,0.0,0.0,,,,,,,,,,,,,,,,,,,,,,
2026,2021039202,2026-07-08,1300029,田口 麗斗,Taguchi Rei To,34,投,2,1.0,0.0,0.0,0.0,0.0,0.0,0.0,0.0,0.0,0.0,0.0,,0.0,0.0,0.0,0.0,0.0,0.0,4.0,1.0,0.0,1.0,0.0,3.97,0.3333333333333333,0.1,,,0.0,2.0,0.0,0.0,0.0,,0.0,0.0,0.0,,3.0,8.0
2026,2021039202,2026-07-08,1300073,梅野 隆太郎,,2,捕,5,1.0,1.0,2.0,2.0,0.0,0.0,0.0,0.0,0.0,0.0,0.0,,0.0,0.0,0.0,0.0,0.0,0.0,,,,,,,,,,,,,,,,,,,,,,
2026,2021039202,2026-07-08,1500087,坂本 誠志郎,,12,捕,5,1.0,0.0,0.0,0.0,0.0,0.0,0.0,0.0,0.0,0.0,0.0,,0.0,0.0,0.0,0.0,0.0,0.0,,,,,,,,,,,,,,,,,,,,,,
2026,2021039202,2026-07-08,1600033,ドリス,Doris,98,投,5,1.0,0.0,0.0,0.0,0.0,0.0,0.0,0.0,0.0,0.0,0.0,,0.0,0.0,0.0,0.0,0.0,0.0,5.0,1.0,0.0,2.0,2.0,1.27,1.0,1.0,,,18.0,0.0,0.0,0.0,0.0,,1.0,1.0,0.0,,3.0,16.0
2026,2021039202,2026-07-08,1600075,星 知弥,Hoshi Chi Wataru,24,投,2,1.0,0.0,0.0,0.0,0.0,0.0,0.0,0.0,0.0,0.0,0.0,,0.0,0.0,0.0,0.0,0.0,0.0,6.0,1.0,0.0,1.0,3.0,2.93,1.0,1.0,,,1.0,0.0,0.0,0.0,0.0,,0.0,0.0,0.0,,3.0,15.0
2026,2021039202,2026-07-08,1600078,古賀 優大,,2,捕,2,1.0,1.0,5.0,4.0,0.0,2.0,0.0,0.0,0.0,1.0,0.0,,1.0,1.0,0.0,0.0,0.0,0.0,,,,,,,,,,,,,,,,,,,,,,
2026,2021039202,2026-07-08,1600113,大山 悠輔,,3,一,5,1.0,1.0,5.0,5.0,0.0,2.0,0.0,0.0,0.0,2.0,0.0,,0.0,0.0,0.0,0.0,0.0,1.0,,,,,,,,,,,,,,,,,,,,,,
2026,2021039202,2026-07-08,1600115,才木 浩人,Sai Moku Hiroto,35,投,5,1.0,1.0,2.0,2.0,0.0,0.0,0.0,0.0,0.0,0.0,0.0,,0.0,2.0,0.0,0.0,0.0,0.0,1.0,1.0,,7.0,4.0,2.81,5.666666666666667,5.2,,,0.0,9.0,3.0,3.0,1.0,,1.0,6.0,0.0,,27.0,116.0
2026,2021039202,2026-07-08,1600117,糸原 健斗,,33,打,5,1.0,0.0,1.0,1.0,0.0,0.0,0.0,0.0,0.0,0.0,0.0,,0.0,1.0,0.0,0.0,0.0,0.0,,,,,,,,,,,,,,,,,,,,,,
2026,2021039202,2026-07-08,1650522,丸山 和郁,,4,右,2,1.0,1.0,5.0,4.0,0.0,2.0,0.0,0.0,0.0,1.0,0.0,,1.0,1.0,0.0,0.0,0.0,0.0,,,,,,,,,,,,,,,,,,,,,,
2026,2021039202,2026-07-08,1700060,阪口 皓亮,Sakaguchi Akira Ryou,66,投,2,1.0,0.0,0.0,0.0,0.0,0.0,0.0,0.0,0.0,0.0,0.0,,0.0,0.0,0.0,0.0,0.0,0.0,3.0,1.0,0.0,0.0,0.0,2.12,0.3333333333333333,0.1,,,0.0,1.0,0.0,0.0,0.0,,0.0,1.0,0.0,,2.0,5.0
2026,2021039202,2026-07-08,1700089,宮本 丈,,10,打一,2,1.0,0.0,1.0,1.0,0.0,0.0,0.0,0.0,0.0,0.0,0.0,,0.0,0.0,0.0,0.0,0.0,0.0,,,,,,,,,,,,,,,,,,,,,,
2026,2021039202,2026-07-08,1700131,増田 珠,,63,打,2,1.0,0.0,1.0,1.0,0.0,0.0,0.0,0.0,0.0,0.0,0.0,,0.0,0.0,0.0,0.0,0.0,0.0,,,,,,,,,,,,,,,,,,,,,,
2026,2021039202,2026-07-08,1800065,近本 光司,,5,中,5,1.0,1.0,4.0,4.0,1.0,2.0,0.0,0.0,0.0,0.0,0.0,,0.0,1.0,0.0,0.0,0.0,0.0,,,,,,,,,,,,,,,,,,,,,,
2026,2021039202,2026-07-08,1800082,山野辺 翔,,37,走,2,1.0,0.0,0.0,0.0,0.0,0.0,0.0,0.0,0.0,0.0,0.0,,0.0,0.0,0.0,0.0,0.0,0.0,,,,,,,,,,,,,,,,,,,,,,
2026,2021039202,2026-07-08,1850183,森下 翔太,,1,打右,5,1.0,0.0,2.0,1.0,1.0,0.0,0.0,0.0,0.0,0.0,0.0,,1.0,0.0,0.0,0.0,0.0,0.0,,,,,,,,,,,,,,,,,,,,,,
2026,2021039202,2026-07-08,1900024,奥川 恭伸,Okugawa Yasushi Shin,18,投,2,1.0,1.0,2.0,2.0,0.0,0.0,0.0,0.0,0.0,0.0,0.0,,0.0,2.0,0.0,0.0,0.0,0.0,1.0,1.0,,4.0,7.0,3.26,6.0,6.0,,,0.0,4.0,0.0,0.0,0.0,,3.0,6.0,0.0,,24.0,99.0
2026,2021039202,2026-07-08,1900028,長岡 秀樹,,7,遊,2,1.0,1.0,5.0,5.0,2.0,2.0,0.0,0.0,1.0,1.0,0.0,,0.0,0.0,0.0,0.0,0.0,0.0,,,,,,,,,,,,,,,,,,,,,,
2026,2021039202,2026-07-08,1900029,武岡 龍世,,60,三,2,1.0,1.0,3.0,3.0,0.0,0.0,0.0,0.0,0.0,0.0,0.0,,0.0,1.0,0.0,0.0,0.0,0.0,,,,,,,,,,,,,,,,,,,,,,
2026,2021039202,2026-07-08,2000026,内山 壮真,,3,二,2,1.0,1.0,5.0,4.0,1.0,0.0,0.0,0.0,0.0,0.0,0.0,,1.0,2.0,0.0,0.0,0.0,0.0,,,,,,,,,,,,,,,,,,,,,,
2026,2021039202,2026-07-08,2000027,元山 飛優,,0,遊,5,1.0,1.0,4.0,4.0,1.0,2.0,0.0,0.0,0.0,0.0,1.0,,0.0,0.0,0.0,0.0,0.0,0.0,,,,,,,,,,,,,,,,,,,,,,
2026,2021039202,2026-07-08,2000031,赤羽 由紘,,0,一三,2,1.0,1.0,4.0,4.0,0.0,2.0,0.0,0.0,0.0,0.0,0.0,,0.0,1.0,0.0,0.0,0.0,0.0,,,,,,,,,,,,,,,,,,,,,,
2026,2021039202,2026-07-08,2000033,丸山 翔大,Maruyama Shoudai,68,投,2,1.0,0.0,0.0,0.0,0.0,0.0,0.0,0.0,0.0,0.0,0.0,,0.0,0.0,0.0,0.0,0.0,0.0,2.0,1.0,0.0,0.0,2.0,3.81,0.6666666666666666,0.2,,,0.0,3.0,4.0,4.0,0.0,,1.0,0.0,0.0,,6.0,26.0
2026,2021039202,2026-07-08,2000051,佐藤 輝明,,8,三,5,1.0,1.0,5.0,3.0,1.0,1.0,1.0,0.0,0.0,1.0,0.0,,2.0,0.0,0.0,0.0,0.0,0.0,,,,,,,,,,,,,,,,,,,,,,
2026,2021039202,2026-07-08,2000056,中野 拓夢,,7,二,5,1.0,1.0,5.0,4.0,0.0,1.0,0.0,0.0,0.0,1.0,0.0,,0.0,1.0,0.0,0.0,1.0,0.0,,,,,,,,,,,,,,,,,,,,,,
2026,2021039202,2026-07-08,2000057,高寺 望夢,,67,右中,5,1.0,1.0,4.0,4.0,0.0,2.0,0.0,0.0,0.0,0.0,0.0,,0.0,1.0,0.0,0.0,0.0,0.0,,,,,,,,,,,,,,,,,,,,,,
2026,2021039202,2026-07-08,2000135,サンタナ,,25,打,2,1.0,0.0,1.0,1.0,0.0,1.0,0.0,0.0,0.0,0.0,0.0,,0.0,0.0,0.0,0.0,0.0,0.0,,,,,,,,,,,,,,,,,,,,,,
2026,2021039202,2026-07-08,2103917,岩田 幸宏,,64,左,2,1.0,1.0,4.0,4.0,0.0,1.0,0.0,0.0,0.0,0.0,2.0,,0.0,0.0,0.0,0.0,0.0,0.0,,,,,,,,,,,,,,,,,,,,,,
2026,2021039202,2026-07-08,2104016,門別 啓人,Monbetsu Keinin,30,投,5,1.0,0.0,0.0,0.0,0.0,0.0,0.0,0.0,0.0,0.0,0.0,,0.0,0.0,0.0,0.0,0.0,0.0,2.0,1.0,0.0,1.0,1.0,3.77,0.3333333333333333,0.1,,,0.0,0.0,0.0,0.0,0.0,,0.0,0.0,0.0,,1.0,5.0
2026,2021039202,2026-07-08,2107178,モンテル,,90,中,2,1.0,1.0,4.0,4.0,0.0,1.0,0.0,0.0,0.0,0.0,1.0,,0.0,1.0,0.0,0.0,0.0,0.0,,,,,,,,,,,,,,,,,,,,,,
2026,2021039202,2026-07-08,2108292,ガルシア,,94,左,5,1.0,1.0,4.0,3.0,0.0,0.0,0.0,0.0,0.0,0.0,0.0,,1.0,2.0,0.0,0.0,0.0,0.0,,,,,,,,,,,,,,,,,,,,,,
2026,2021039202,2026-07-08,2110225,福島 圭音,,92,打左,5,1.0,0.0,2.0,1.0,0.0,0.0,0.0,0.0,0.0,0.0,0.0,,0.0,0.0,0.0,1.0,0.0,0.0,,,,,,,,,,,,,,,,,,,,,,
2026,2021039202,2026-07-08,2112146,工藤 泰成,Kudou Yasunari,49,投,5,1.0,0.0,0.0,0.0,0.0,0.0,0.0,0.0,0.0,0.0,0.0,,0.0,0.0,0.0,0.0,0.0,0.0,4.0,1.0,0.0,2.0,0.0,1.34,1.0,1.0,,,0.0,1.0,0.0,0.0,0.0,,0.0,1.0,0.0,,4.0,25.0
2026,2021039202,2026-07-08,2112444,木下 里都,Kinoshita Sato To,54,投,5,1.0,0.0,0.0,0.0,0.0,0.0,0.0,0.0,0.0,0.0,0.0,,0.0,0.0,0.0,0.0,0.0,0.0,3.0,1.0,0.0,2.0,1.0,2.22,1.0,1.0,,,0.0,1.0,0.0,0.0,0.0,,1.0,1.0,0.0,,5.0,18.0
2026,2021039202,2026-07-08,2122334,リランソ,Riran Soviet,62,投,2,1.0,0.0,0.0,0.0,0.0,0.0,0.0,0.0,0.0,0.0,0.0,,0.0,0.0,0.0,0.0,0.0,0.0,5.0,1.0,0.0,2.0,2.0,1.86,0.6666666666666666,0.2,,,0.0,0.0,0.0,0.0,0.0,,0.0,1.0,0.0,,2.0,10.0
2026,2021039203,2026-07-24,1000150,秋山 翔吾,,9,右,6,1.0,1.0,3.0,3.0,0.0,1.0,0.0,0.0,0.0,0.0,0.0,,0.0,0.0,0.0,0.0,0.0,0.0,,,,,,,,,,,,,,,,,,,,,,
2026,2021039203,2026-07-24,1100082,菊池 涼介,,33,二,6,1.0,1.0,4.0,4.0,1.0,1.0,0.0,0.0,1.0,1.0,0.0,,0.0,2.0,0.0,0.0,0.0,0.0,,,,,,,,,,,,,,,,,,,,,,
2026,2021039203,2026-07-24,1500078,阿部 寿樹,,48,打,4,1.0,0.0,1.0,1.0,0.0,0.0,0.0,0.0,0.0,0.0,0.0,,0.0,1.0,0.0,0.0,0.0,0.0,,,,,,,,,,,,,,,,,,,,,,
2026,2021039203,2026-07-24,1500091,板山 祐太郎,,63,右,4,1.0,1.0,4.0,4.0,0.0,0.0,0.0,0.0,0.0,0.0,0.0,,0.0,1.0,0.0,0.0,0.0,0.0,,,,,,,,,,,,,,,,,,,,,,
2026,2021039203,2026-07-24,1561854,サノー,,23,一,4,1.0,1.0,4.0,4.0,0.0,1.0,0.0,0.0,0.0,0.0,0.0,,0.0,1.0,0.0,0.0,0.0,0.0,,,,,,,,,,,,,,,,,,,,,,
2026,2021039203,2026-07-24,1600085,細川 成也,,55,左,4,1.0,1.0,4.0,4.0,0.0,2.0,0.0,0.0,0.0,0.0,0.0,,0.0,0.0,0.0,0.0,0.0,0.0,,,,,,,,,,,,,,,,,,,,,,
2026,2021039203,2026-07-24,1600123,床田 寛樹,Tokoda Hiroki,19,投,6,1.0,1.0,2.0,2.0,0.0,0.0,0.0,0.0,0.0,0.0,0.0,,0.0,1.0,0.0,0.0,0.0,0.0,1.0,1.0,,4.0,4.0,2.56,7.0,7.0,,,0.0,6.0,1.0,1.0,0.0,,2.0,2.0,0.0,,29.0,99.0
2026,2021039203,2026-07-24,1600124,坂倉 将吾,,31,一,6,1.0,1.0,4.0,2.0,1.0,0.0,0.0,0.0,0.0,0.0,0.0,,2.0,0.0,0.0,0.0,0.0,0.0,,,,,,,,,,,,,,,,,,,,,,
2026,2021039203,2026-07-24,1750223,村松 開人,,5,遊,4,1.0,1.0,4.0,4.0,0.0,0.0,0.0,0.0,0.0,0.0,0.0,,0.0,0.0,0.0,0.0,0.0,0.0,,,,,,,,,,,,,,,,,,,,,,
2026,2021039203,2026-07-24,1800072,小園 海斗,,5,遊,6,1.0,1.0,4.0,4.0,0.0,2.0,0.0,0.0,0.0,0.0,0.0,,0.0,0.0,0.0,0.0,0.0,0.0,,,,,,,,,,,,,,,,,,,,,,
2026,2021039203,2026-07-24,1800079,大盛 穂,,59,走中,6,1.0,0.0,1.0,1.0,1.0,1.0,0.0,1.0,0.0,1.0,0.0,,0.0,0.0,0.0,0.0,0.0,0.0,,,,,,,,,,,,,,,,,,,,,,
2026,2021039203,2026-07-24,1850405,名原 典彦,,92,中右左,6,1.0,1.0,4.0,4.0,0.0,1.0,0.0,1.0,0.0,0.0,0.0,,0.0,0.0,0.0,0.0,0.0,0.0,,,,,,,,,,,,,,,,,,,,,,
2026,2021039203,2026-07-24,1900037,石川 昂弥,,25,三,4,1.0,1.0,4.0,4.0,0.0,1.0,1.0,0.0,0.0,0.0,0.0,,0.0,0.0,0.0,0.0,0.0,0.0,,,,,,,,,,,,,,,,,,,,,,
2026,2021039203,2026-07-24,1900038,橋本 侑樹,Hashimoto Yuuki,13,投,4,1.0,0.0,0.0,0.0,0.0,0.0,0.0,0.0,0.0,0.0,0.0,,0.0,0.0,0.0,0.0,0.0,0.0,2.0,1.0,0.0,3.0,1.0,2.19,1.0,1.0,,,0.0,2.0,2.0,2.0,1.0,,1.0,0.0,0.0,,6.0,21.0
2026,2021039203,2026-07-24,1900041,岡林 勇希,,1,中,4,1.0,1.0,4.0,3.0,0.0,0.0,0.0,0.0,0.0,0.0,0.0,,1.0,0.0,0.0,0.0,0.0,0.0,,,,,,,,,,,,,,,,,,,,,,
2026,2021039203,2026-07-24,1900058,持丸 泰輝,,57,捕,6,1.0,1.0,3.0,3.0,0.0,0.0,0.0,0.0,0.0,0.0,0.0,,0.0,2.0,0.0,0.0,0.0,0.0,,,,,,,,,,,,,,,,,,,,,,
2026,2021039203,2026-07-24,1950429,高 太一,Kou Taichi,22,投,6,1.0,0.0,0.0,0.0,0.0,0.0,0.0,0.0,0.0,0.0,0.0,,0.0,0.0,0.0,0.0,0.0,0.0,2.0,1.0,0.0,2.0,2.0,1.85,1.0,1.0,,,0.0,0.0,0.0,0.0,0.0,,0.0,1.0,0.0,,3.0,10.0
2026,2021039203,2026-07-24,2000042,高橋 宏斗,Takahashi Hiroshi To,19,投,4,1.0,1.0,3.0,1.0,0.0,0.0,0.0,0.0,0.0,1.0,0.0,,0.0,1.0,0.0,2.0,0.0,1.0,1.0,1.0,,2.0,6.0,3.93,7.0,7.0,,,0.0,4.0,1.0,0.0,0.0,,1.0,7.0,0.0,,27.0,106.0
2026,2021039203,2026-07-24,2000061,森浦 大輔,Moriura Daisuke,13,投,6,1.0,0.0,0.0,0.0,0.0,0.0,0.0,0.0,0.0,0.0,0.0,,0.0,0.0,0.0,0.0,0.0,0.0,3.0,1.0,0.0,4.0,2.0,2.63,1.0,1.0,,,12.0,0.0,0.0,0.0,0.0,,1.0,2.0,0.0,,4.0,20.0
2026,2021039203,2026-07-24,2050203,佐々木 泰,,10,三,6,1.0,1.0,3.0,3.0,0.0,0.0,0.0,0.0,0.0,0.0,0.0,,0.0,1.0,0.0,0.0,0.0,0.0,,,,,,,,,,,,,,,,,,,,,,
2026,2021039203,2026-07-24,2103780,福永 裕基,,7,二,4,1.0,1.0,4.0,3.0,1.0,1.0,1.0,0.0,0.0,0.0,0.0,,1.0,0.0,0.0,0.0,0.0,0.0,,,,,,,,,,,,,,,,,,,,,,
2026,2021039203,2026-07-24,2105102,石伊 雄太,,9,捕,4,1.0,1.0,4.0,3.0,0.0,1.0,0.0,0.0,0.0,0.0,0.0,,1.0,1.0,0.0,0.0,0.0,0.0,,,,,,,,,,,,,,,,,,,,,,
2026,2021039203,2026-07-24,2107875,久保 修,,56,右,6,1.0,0.0,0.0,0.0,0.0,0.0,0.0,0.0,0.0,0.0,0.0,,0.0,0.0,0.0,0.0,0.0,0.0,,,,,,,,,,,,,,,,,,,,,,
2026,2021039203,2026-07-24,2110422,勝田 成,,0,遊,6,1.0,0.0,0.0,0.0,0.0,0.0,0.0,0.0,0.0,0.0,0.0,,0.0,0.0,0.0,0.0,0.0,0.0,,,,,,,,,,,,,,,,,,,,,,
2026,2021039203,2026-07-24,2112143,佐藤 啓介,,94,打,6,1.0,0.0,1.0,1.0,0.0,0.0,0.0,0.0,0.0,0.0,0.0,,0.0,0.0,0.0,0.0,0.0,0.0,,,,,,,,,,,,,,,,,,,,,,
2026,2021039203,2026-07-24,2114882,ファビアン,,61,左,6,1.0,1.0,4.0,4.0,0.0,0.0,0.0,0.0,0.0,0.0,0.0,,0.0,1.0,0.0,0.0,0.0,0.0,,,,,,,,,,,,,,,,,,,,,,
2026,2021039204,2026-07-15,1100096,石川 慎吾,,23,打指,9,1.0,0.0,1.0,1.0,0.0,0.0,0.0,0.0,0.0,0.0,0.0,,0.0,1.0,0.0,0.0,0.0,0.0,,,,,,,,,,,,,,,,,,,,,,
2026,2021039204,2026-07-15,1300080,石川 柊太,Ishikawa Hiiragi Futoshi,21,,9,,,,,,,,,,,,,,,,,,,2.0,1.0,0.0,0.0,0.0,0.0,3.0,3.0,,,0.0,1.0,0.0,0.0,0.0,,2.0,2.0,0.0,,11.0,44.0
2026,2021039204,2026-07-15,1600133,堀 瑞輝,Hori Mizu Akira,34,,8,,,,,,,,,,,,,,,,,,,4.0,1.0,0.0,2.0,0.0,1.59,1.0,1.0,,,1.0,0.0,0.0,0.0,0.0,,0.0,1.0,0.0,,3.0,10.0
2026,2021039204,2026-07-15,1600164,田中 正義,Tanaka Masayoshi,26,,8,,,,,,,,,,,,,,,,,,,3.0,1.0,0.0,1.0,3.0,3.31,1.0,1.0,,,1.0,2.0,1.0,1.0,0.0,,0.0,1.0,0.0,,5.0,13.0
2026,2021039204,2026-07-15,1700020,ソト,,99,一,9,1.0,1.0,4.0,4.0,0.0,1.0,0.0,0.0,0.0,0.0,0.0,,0.0,3.0,0.0,0.0,0.0,0.0,,,,,,,,,,,,,,,,,,,,,,
2026,2021039204,2026-07-15,1700025,清宮 幸太郎,,21,一,8,1.0,1.0,4.0,2.0,2.0,1.0,1.0,0.0,0.0,0.0,0.0,,2.0,1.0,0.0,0.0,0.0,0.0,,,,,,,,,,,,,,,,,,,,,,
2026,2021039204,2026-07-15,1700034,山崎 剛,,38,遊,9,1.0,1.0,3.0,3.0,0.0,0.0,0.0,0.0,0.0,0.0,0.0,,0.0,2.0,0.0,0.0,0.0,0.0,,,,,,,,,,,,,,,,,,,,,,
2026,2021039204,2026-07-15,1700092,安田 尚憲,,5,指,9,1.0,1.0,3.0,3.0,0.0,0.0,0.0,0.0,0.0,0.0,0.0,,0.0,2.0,0.0,0.0,0.0,0.0,,,,,,,,,,,,,,,,,,,,,,
2026,2021039204,2026-07-15,1800037,坂本 光士郎,Sakamoto Hikari Shirou,36,,9,,,,,,,,,,,,,,,,,,,3.0,1.0,0.0,2.0,1.0,3.09,1.0,1.0,,,0.0,2.0,1.0,1.0,0.0,,1.0,1.0,0.0,,6.0,17.0
2026,2021039204,2026-07-15,1800050,藤原 恭大,,1,中,9,1.0,1.0,4.0,4.0,0.0,0.0,0.0,0.0,0.0,0.0,0.0,,0.0,2.0,0.0,0.0,0.0,0.0,,,,,,,,,,,,,,,,,,,,,,
2026,2021039204,2026-07-15,1800053,山口 航輝,,51,左,9,1.0,1.0,4.0,3.0,0.0,0.0,0.0,0.0,0.0,0.0,0.0,,1.0,1.0,0.0,0.0,0.0,0.0,,,,,,,,,,,,,,,,,,,,,,
2026,2021039204,2026-07-15,1800091,野村 佑希,,5,左,8,1.0,1.0,4.0,3.0,1.0,1.0,0.0,0.0,0.0,1.0,0.0,,1.0,0.0,0.0,0.0,0.0,0.0,,,,,,,,,,,,,,,,,,,,,,
2026,2021039204,2026-07-15,1800093,万波 中正,,66,右,8,1.0,1.0,4.0,4.0,0.0,0.0,0.0,0.0,0.0,0.0,0.0,,0.0,1.0,0.0,0.0,0.0,0.0,,,,,,,,,,,,,,,,,,,,,,
2026,2021039204,2026-07-15,1800095,田宮 裕涼,,64,捕,8,1.0,1.0,3.0,3.0,1.0,2.0,1.0,0.0,0.0,1.0,0.0,,0.0,1.0,0.0,0.0,0.0,0.0,,,,,,,,,,,,,,,,,,,,,,
2026,2021039204,2026-07-15,1850932,奈良間 大己,,58,走二,8,1.0,0.0,0.0,0.0,0.0,0.0,0.0,0.0,0.0,0.0,0.0,,0.0,0.0,0.0,0.0,0.0,0.0,,,,,,,,,,,,,,,,,,,,,,
2026,2021039204,2026-07-15,1850947,上田 希由翔,,10,三,9,1.0,1.0,4.0,4.0,0.0,1.0,0.0,0.0,0.0,1.0,0.0,,0.0,1.0,0.0,0.0,0.0,0.0,,,,,,,,,,,,,,,,,,,,,,
2026,2021039204,2026-07-15,1851204,水野 達稀,,43,遊,8,1.0,1.0,5.0,4.0,0.0,2.0,1.0,0.0,0.0,3.0,0.0,,1.0,0.0,0.0,0.0,0.0,0.0,,,,,,,,,,,,,,,,,,,,,,
2026,2021039204,2026-07-15,1860140,レイエス,,99,指,8,1.0,1.0,4.0,4.0,1.0,2.0,0.0,0.0,1.0,1.0,0.0,,0.0,0.0,0.0,0.0,0.0,0.0,,,,,,,,,,,,,,,,,,,,,,
2026,2021039204,2026-07-15,1900040,郡司 裕也,,3,打,8,1.0,0.0,1.0,1.0,0.0,0.0,0.0,0.0,0.0,0.0,0.0,,0.0,0.0,0.0,0.0,0.0,0.0,,,,,,,,,,,,,,,,,,,,,,
2026,2021039204,2026-07-15,1900081,佐藤 都志也,,32,捕,9,1.0,1.0,4.0,3.0,0.0,1.0,0.0,0.0,0.0,0.0,0.0,,1.0,1.0,0.0,0.0,0.0,0.0,,,,,,,,,,,,,,,,,,,,,,
2026,2021039204,2026-07-15,1950286,西川 史礁,,6,右,9,1.0,1.0,4.0,4.0,1.0,2.0,1.0,0.0,0.0,0.0,0.0,,0.0,1.0,0.0,0.0,0.0,0.0,,,,,,,,,,,,,,,,,,,,,,
2026,2021039204,2026-07-15,1950486,進藤 勇也,,33,捕,8,1.0,0.0,0.0,0.0,0.0,0.0,0.0,0.0,0.0,0.0,0.0,,0.0,0.0,0.0,0.0,0.0,0.0,,,,,,,,,,,,,,,,,,,,,,
2026,2021039204,2026-07-15,2000080,五十幡 亮汰,,50,走中,8,1.0,0.0,0.0,0.0,0.0,0.0,0.0,0.0,0.0,0.0,0.0,,0.0,0.0,0.0,0.0,0.0,0.0,,,,,,,,,,,,,,,,,,,,,,
2026,2021039204,2026-07-15,2000082,細川 凌平,,56,中左,8,1.0,1.0,4.0,3.0,0.0,1.0,0.0,0.0,0.0,0.0,0.0,,1.0,0.0,0.0,0.0,0.0,0.0,,,,,,,,,,,,,,,,,,,,,,
2026,2021039204,2026-07-15,2000089,小川 龍成,,57,二,9,1.0,1.0,4.0,4.0,0.0,1.0,0.0,0.0,0.0,0.0,0.0,,0.0,0.0,0.0,0.0,0.0,0.0,,,,,,,,,,,,,,,,,,,,,,
2026,2021039204,2026-07-15,2000090,河村 説人,Kawamura Setsunin,58,,9,,,,,,,,,,,,,,,,,,,1.0,1.0,,1.0,3.0,3.79,4.0,4.0,,,0.0,7.0,5.0,5.0,1.0,,3.0,2.0,0.0,,20.0,67.0
2026,2021039204,2026-07-15,2050307,達 孝太,Tooru Kouta,16,,8,,,,,,,,,,,,,,,,,,,1.0,1.0,,3.0,6.0,3.21,6.0,6.0,,,2.0,3.0,0.0,0.0,0.0,,2.0,9.0,0.0,,23.0,104.0
2026,2021039204,2026-07-15,2100027,福島 蓮,Fukushima Ren,45,,8,,,,,,,,,,,,,,,,,,,2.0,1.0,0.0,3.0,3.0,3.38,1.0,1.0,,,0.0,1.0,0.0,0.0,0.0,,0.0,3.0,0.0,,4.0,22.0
2026,2021039204,2026-07-15,2103603,有薗 直輝,,39,三,8,1.0,1.0,4.0,3.0,1.0,1.0,0.0,0.0,0.0,0.0,1.0,,1.0,0.0,0.0,0.0,0.0,0.0,,,,,,,,,,,,,,,,,,,,,,
2026,2021039204,2026-07-15,2119070,常谷 拓輝,,95,二三,8,1.0,1.0,4.0,4.0,0.0,0.0,0.0,0.0,0.0,0.0,0.0,,0.0,2.0,0.0,0.0,0.0,0.0,,,,,,,,,,,,,,,,,,,,,,
2026,2021039206,2026-07-04,1000011,山田 修義,Yamada Nobuyoshi,57,,11,,,,,,,,,,,,,,,,,,,3.0,1.0,0.0,0.0,0.0,1.23,0.3333333333333333,0.1,,,0.0,0.0,0.0,0.0,0.0,,0.0,0.0,0.0,,1.0,3.0
2026,2021039206,2026-07-04,1300061,中村 祐太,Nakamura Yuuta,58,,7,,,,,,,,,,,,,,,,,,,6.0,1.0,0.0,1.0,1.0,2.14,1.0,1.0,,,0.0,4.0,2.0,2.0,1.0,,0.0,1.0,0.0,,7.0,26.0
2026,2021039206,2026-07-04,1300100,森 友哉,,4,指,11,1.0,1.0,4.0,3.0,0.0,1.0,0.0,0.0,0.0,2.0,0.0,,1.0,0.0,0.0,0.0,0.0,0.0,,,,,,,,,,,,,,,,,,,,,,
2026,2021039206,2026-07-04,1300109,若月 健矢,,2,捕,11,1.0,1.0,3.0,3.0,0.0,0.0,0.0,0.0,0.0,0.0,0.0,,0.0,2.0,0.0,0.0,0.0,0.0,,,,,,,,,,,,,,,,,,,,,,
2026,2021039206,2026-07-04,1400184,外崎 修汰,,5,打,7,1.0,0.0,1.0,1.0,0.0,1.0,0.0,0.0,0.0,0.0,0.0,,0.0,0.0,0.0,0.0,0.0,0.0,,,,,,,,,,,,,,,,,,,,,,
2026,2021039206,2026-07-04,1400196,宗 佑磨,,6,三,11,1.0,1.0,6.0,6.0,1.0,1.0,0.0,1.0,0.0,0.0,0.0,,0.0,1.0,0.0,0.0,0.0,0.0,,,,,,,,,,,,,,,,,,,,,,
2026,2021039206,2026-07-04,1500096,西川 龍馬,,7,左,11,1.0,1.0,5.0,5.0,1.0,4.0,2.0,0.0,0.0,1.0,0.0,,0.0,0.0,0.0,0.0,0.0,0.0,,,,,,,,,,,,,,,,,,,,,,
2026,2021039206,2026-07-04,1500117,平沢 大河,,39,一,7,1.0,1.0,6.0,5.0,0.0,1.0,0.0,0.0,0.0,1.0,0.0,,1.0,1.0,0.0,0.0,0.0,0.0,,,,,,,,,,,,,,,,,,,,,,
2026,2021039206,2026-07-04,1600129,源田 壮亮,,6,遊,7,1.0,0.0,1.0,1.0,0.0,0.0,0.0,0.0,0.0,0.0,0.0,,0.0,1.0,0.0,0.0,0.0,0.0,,,,,,,,,,,,,,,,,,,,,,
2026,2021039206,2026-07-04,1600134,石井 一成,,4,二,7,1.0,1.0,5.0,4.0,0.0,1.0,0.0,0.0,0.0,0.0,0.0,,0.0,0.0,0.0,1.0,0.0,0.0,,,,,,,,,,,,,,,,,,,,,,
2026,2021039206,2026-07-04,1600150,山岡 泰輔,Yamaoka Yasusuke,19,,11,,,,,,,,,,,,,,,,,,,9.0,1.0,0.0,0.0,0.0,7.2,0.3333333333333333,0.1,,,1.0,0.0,0.0,0.0,0.0,,0.0,1.0,0.0,,1.0,6.0
2026,2021039206,2026-07-04,1600155,山崎 颯一郎,Yamazaki Sai Ichirou,21,,11,,,,,,,,,,,,,,,,,,,4.0,1.0,0.0,2.0,3.0,2.63,1.0,1.0,,,0.0,1.0,0.0,0.0,0.0,,0.0,1.0,0.0,,4.0,15.0
2026,2021039206,2026-07-04,1650056,福永 奨,,32,捕,11,1.0,0.0,1.0,1.0,0.0,0.0,0.0,0.0,0.0,0.0,0.0,,0.0,0.0,0.0,0.0,0.0,0.0,,,,,,,,,,,,,,,,,,,,,,
2026,2021039206,2026-07-04,1650221,椋木 蓮,Mukunoki Ren,15,,11,,,,,,,,,,,,,,,,,,,5.0,1.0,0.0,2.0,4.0,2.29,1.0,1.0,,,1.0,0.0,0.0,0.0,0.0,,0.0,0.0,0.0,,3.0,11.0
2026,2021039206,2026-07-04,1650722,杉澤 龍,,33,打,11,1.0,0.0,1.0,1.0,0.0,0.0,0.0,0.0,0.0,0.0,0.0,,0.0,0.0,0.0,0.0,0.0,0.0,,,,,,,,,,,,,,,,,,,,,,
2026,2021039206,2026-07-04,1660299,林 安可,,73,左,7,1.0,1.0,5.0,4.0,0.0,2.0,0.0,0.0,0.0,0.0,0.0,,1.0,1.0,0.0,0.0,0.0,0.0,,,,,,,,,,,,,,,,,,,,,,
2026,2021039206,2026-07-04,1700103,高松 渡,,50,走指,7,1.0,0.0,0.0,0.0,0.0,0.0,0.0,0.0,0.0,0.0,0.0,,0.0,0.0,0.0,0.0,0.0,0.0,,,,,,,,,,,,,,,,,,,,,,
2026,2021039206,2026-07-04,1700122,西川 愛也,,51,中,7,1.0,1.0,5.0,5.0,0.0,0.0,0.0,0.0,0.0,0.0,0.0,,0.0,0.0,0.0,0.0,0.0,0.0,,,,,,,,,,,,,,,,,,,,,,
2026,2021039206,2026-07-04,1750472,古賀 悠斗,,22,捕,7,1.0,0.0,1.0,1.0,1.0,1.0,0.0,0.0,0.0,0.0,0.0,,0.0,0.0,0.0,0.0,0.0,0.0,,,,,,,,,,,,,,,,,,,,,,
2026,2021039206,2026-07-04,1750481,仲田 慶介,,0,走,7,1.0,0.0,0.0,0.0,0.0,0.0,0.0,0.0,0.0,0.0,0.0,,0.0,0.0,0.0,0.0,0.0,0.0,,,,,,,,,,,,,,,,,,,,,,
2026,2021039206,2026-07-04,1750667,山中 稜真,,50,一,11,1.0,1.0,5.0,5.0,1.0,1.0,0.0,0.0,0.0,0.0,0.0,,0.0,1.0,0.0,0.0,0.0,1.0,,,,,,,,,,,,,,,,,,,,,,
2026,2021039206,2026-07-04,1751148,隅田 知一郎,Sumida Tomoichirou,16,,7,,,,,,,,,,,,,,,,,,,1.0,1.0,,7.0,6.0,2.63,6.0,6.0,,,0.0,8.0,3.0,3.0,0.0,,0.0,2.0,0.0,,23.0,91.0
2026,2021039206,2026-07-04,1800085,森脇 亮介,Moriwaki Ryousuke,28,,7,,,,,,,,,,,,,,,,,,,3.0,1.0,0.0,0.0,0.0,0.0,1.0,1.0,,,0.0,0.0,0.0,0.0,0.0,,0.0,0.0,0.0,,3.0,10.0
2026,2021039206,2026-07-04,1800090,吉田 輝星,Yoshida Akirasei,23,,11,,,,,,,,,,,,,,,,,,,7.0,1.0,0.0,2.0,2.0,3.44,1.0,1.0,,,0.0,0.0,0.0,0.0,0.0,,1.0,0.0,0.0,,3.0,8.0
2026,2021039206,2026-07-04,1800098,太田 椋,,1,二,11,1.0,1.0,5.0,5.0,1.0,1.0,0.0,0.0,1.0,1.0,0.0,,0.0,0.0,0.0,0.0,0.0,0.0,,,,,,,,,,,,,,,,,,,,,,
2026,2021039206,2026-07-04,1800102,宜保 翔,,53,走指,11,1.0,0.0,1.0,1.0,0.0,0.0,0.0,0.0,0.0,0.0,0.0,,0.0,1.0,0.0,0.0,0.0,0.0,,,,,,,,,,,,,,,,,,,,,,
2026,2021039206,2026-07-04,1800104,中川 圭太,,67,中左,11,1.0,1.0,5.0,4.0,1.0,2.0,1.0,0.0,0.0,0.0,0.0,,0.0,0.0,0.0,1.0,0.0,0.0,,,,,,,,,,,,,,,,,,,,,,
2026,2021039206,2026-07-04,1800106,甲斐野 央,Kainoya Ou,34,,7,,,,,,,,,,,,,,,,,,,4.0,1.0,0.0,2.0,2.0,1.91,1.0,1.0,,,11.0,0.0,0.0,0.0,0.0,,1.0,2.0,0.0,,4.0,14.0
2026,2021039206,2026-07-04,1850820,蛭間 拓哉,,9,打指,7,1.0,0.0,1.0,1.0,0.0,1.0,0.0,0.0,0.0,0.0,0.0,,0.0,0.0,0.0,0.0,0.0,0.0,,,,,,,,,,,,,,,,,,,,,,
2026,2021039206,2026-07-04,1851026,寺西 成騎,Teranishi Sei Ki,13,,11,,,,,,,,,,,,,,,,,,,1.0,1.0,,3.0,2.0,4.4,5.0,5.0,,,0.0,8.0,3.0,1.0,0.0,,1.0,1.0,1.0,,27.0,103.0
2026,2021039206,2026-07-04,1860167,ウィンゲンター,Ingentaa,45,,7,,,,,,,,,,,,,,,,,,,2.0,1.0,0.0,0.0,0.0,0.0,1.0,1.0,,,0.0,0.0,0.0,0.0,0.0,,2.0,1.0,0.0,,5.0,30.0
2026,2021039206,2026-07-04,1900068,岸 潤一郎,,68,左,7,1.0,0.0,0.0,0.0,0.0,0.0,0.0,0.0,0.0,0.0,0.0,,0.0,0.0,0.0,0.0,0.0,0.0,,,,,,,,,,,,,,,,,,,,,,
2026,2021039206,2026-07-04,1900088,紅林 弘太郎,,24,遊,11,1.0,1.0,5.0,4.0,0.0,1.0,1.0,0.0,0.0,1.0,0.0,,1.0,1.0,0.0,0.0,0.0,0.0,,,,,,,,,,,,,,,,,,,,,,
2026,2021039206,2026-07-04,1950417,渡部 聖弥,,8,三,7,1.0,1.0,5.0,3.0,0.0,0.0,0.0,0.0,0.0,0.0,0.0,,1.0,1.0,1.0,0.0,0.0,0.0,,,,,,,,,,,,,,,,,,,,,,
2026,2021039206,2026-07-04,1961416,マチャド,Machado,42,,11,,,,,,,,,,,,,,,,,,,6.0,1.0,0.0,1.0,0.0,1.04,1.0,1.0,,,23.0,1.0,0.0,0.0,0.0,,0.0,1.0,0.0,,3.0,23.0
2026,2021039206,2026-07-04,2000098,来田 涼斗,,38,右,11,1.0,1.0,5.0,4.0,0.0,2.0,0.0,0.0,0.0,0.0,0.0,,1.0,1.0,0.0,0.0,0.0,1.0,,,,,,,,,,,,,,,,,,,,,,
2026,2021039206,2026-07-04,2050019,片山 楽生,Katayama Rakusei,49,,11,,,,,,,,,,,,,,,,,,,8.0,1.0,0.0,1.0,1.0,4.67,0.6666666666666666,0.2,,,0.0,3.0,1.0,1.0,0.0,,1.0,0.0,0.0,,6.0,17.0
2026,2021039206,2026-07-04,2050145,小島 大河,,10,捕,7,1.0,1.0,5.0,5.0,0.0,2.0,0.0,0.0,0.0,1.0,0.0,,0.0,0.0,0.0,0.0,0.0,0.0,,,,,,,,,,,,,,,,,,,,,,
2026,2021039206,2026-07-04,2101047,ネビン,,26,指,7,1.0,1.0,5.0,5.0,0.0,3.0,0.0,0.0,0.0,1.0,0.0,,0.0,0.0,0.0,0.0,0.0,0.0,,,,,,,,,,,,,,,,,,,,,,
2026,2021039206,2026-07-04,2103133,山田 陽翔,Yamada Akira Shou,36,,7,,,,,,,,,,,,,,,,,,,5.0,1.0,0.0,0.0,0.0,0.0,1.0,1.0,,,0.0,1.0,0.0,0.0,0.0,,0.0,1.0,0.0,,4.0,11.0
2026,2021039206,2026-07-04,2103618,滝澤 夏央,,62,遊二,7,1.0,1.0,6.0,4.0,1.0,1.0,0.0,0.0,0.0,1.0,1.0,,1.0,0.0,0.0,1.0,0.0,0.0,,,,,,,,,,,,,,,,,,,,,,
2026,2021039206,2026-07-04,2103747,渡部 遼人,,0,走中,11,1.0,0.0,0.0,0.0,0.0,0.0,0.0,0.0,0.0,0.0,0.0,,0.0,0.0,0.0,0.0,0.0,0.0,,,,,,,,,,,,,,,,,,,,,,
2026,2021039206,2026-07-04,2107693,入山 海斗,Iriyama Kaito,68,,11,,,,,,,,,,,,,,,,,,,2.0,1.0,0.0,1.0,0.0,2.86,0.6666666666666666,0.2,,,0.0,1.0,0.0,0.0,0.0,,1.0,0.0,0.0,,4.0,16.0
2026,2021039206,2026-07-04,2117028,カナリオ,,25,右,7,1.0,1.0,6.0,6.0,2.0,1.0,1.0,0.0,0.0,0.0,0.0,,0.0,0.0,0.0,0.0,0.0,0.0,,,,,,,,,,,,,,,,,,,,,,
2026,2021039473,2026-07-01,1000128,柳田 悠岐,,9,指,12,1.0,1.0,5.0,5.0,1.0,1.0,0.0,0.0,1.0,1.0,0.0,,0.0,1.0,0.0,0.0,0.0,0.0,,,,,,,,,,,,,,,,,,,,,,
2026,2021039473,2026-07-01,1000175,牧原 大成,,8,二,12,1.0,1.0,4.0,4.0,1.0,2.0,1.0,0.0,0.0,0.0,0.0,,0.0,1.0,0.0,0.0,0.0,0.0,,,,,,,,,,,,,,,,,,,,,,
2026,2021039473,2026-07-01,1100061,桑原 将志,,7,左,7,1.0,1.0,4.0,4.0,0.0,0.0,0.0,0.0,0.0,0.0,0.0,,0.0,1.0,0.0,0.0,0.0,1.0,,,,,,,,,,,,,,,,,,,,,,
2026,2021039473,2026-07-01,1100097,近藤 健介,,3,左,12,1.0,1.0,4.0,3.0,2.0,2.0,1.0,0.0,1.0,3.0,0.0,,1.0,0.0,0.0,0.0,0.0,0.0,,,,,,,,,,,,,,,,,,,,,,
2026,2021039473,2026-07-01,1400127,栗原 陵矢,,24,三,12,1.0,1.0,5.0,3.0,2.0,1.0,0.0,0.0,1.0,2.0,0.0,,2.0,1.0,0.0,0.0,0.0,0.0,,,,,,,,,,,,,,,,,,,,,,
2026,2021039473,2026-07-01,1400184,外崎 修汰,,5,二,7,1.0,1.0,3.0,2.0,0.0,0.0,0.0,0.0,0.0,0.0,0.0,,1.0,0.0,0.0,0.0,0.0,0.0,,,,,,,,,,,,,,,,,,,,,,
2026,2021039473,2026-07-01,1500117,平沢 大河,,39,二左,7,1.0,0.0,1.0,1.0,0.0,1.0,0.0,0.0,0.0,0.0,0.0,,0.0,0.0,0.0,0.0,0.0,0.0,,,,,,,,,,,,,,,,,,,,,,
2026,2021039473,2026-07-01,1500143,川瀬 晃,,0,二,12,1.0,0.0,1.0,0.0,0.0,0.0,0.0,0.0,0.0,1.0,0.0,,1.0,0.0,0.0,0.0,0.0,0.0,,,,,,,,,,,,,,,,,,,,,,
2026,2021039473,2026-07-01,1600134,石井 一成,,4,打指,7,1.0,0.0,1.0,1.0,0.0,0.0,0.0,0.0,0.0,0.0,0.0,,0.0,0.0,0.0,0.0,0.0,0.0,,,,,,,,,,,,,,,,,,,,,,
2026,2021039473,2026-07-01,1650813,川村 友斗,,61,走中,12,1.0,0.0,0.0,0.0,1.0,0.0,0.0,0.0,0.0,0.0,0.0,,0.0,0.0,0.0,0.0,0.0,0.0,,,,,,,,,,,,,,,,,,,,,,
2026,2021039473,2026-07-01,1700122,西川 愛也,,51,打中,7,1.0,0.0,1.0,1.0,0.0,0.0,0.0,0.0,0.0,0.0,0.0,,0.0,1.0,0.0,0.0,0.0,0.0,,,,,,,,,,,,,,,,,,,,,,
2026,2021039473,2026-07-01,1700135,周東 佑京,,23,中,12,1.0,1.0,5.0,4.0,1.0,1.0,0.0,0.0,0.0,0.0,0.0,,1.0,1.0,0.0,0.0,0.0,0.0,,,,,,,,,,,,,,,,,,,,,,
2026,2021039473,2026-07-01,1750472,古賀 悠斗,,22,捕,7,1.0,1.0,3.0,2.0,0.0,1.0,1.0,0.0,0.0,0.0,0.0,,1.0,0.0,0.0,0.0,0.0,0.0,,,,,,,,,,,,,,,,,,,,,,
2026,2021039473,2026-07-01,1750481,仲田 慶介,,0,二,7,1.0,0.0,0.0,0.0,0.0,0.0,0.0,0.0,0.0,0.0,0.0,,0.0,0.0,0.0,0.0,0.0,0.0,,,,,,,,,,,,,,,,,,,,,,
2026,2021039473,2026-07-01,1800054,中村 稔弥,,30,,12,,,,,,,,,,,,,,,,,,,2.0,1.0,0.0,0.0,0.0,4.5,1.0,1.0,,,0.0,0.0,0.0,0.0,0.0,,0.0,1.0,0.0,,3.0,11.0
2026,2021039473,2026-07-01,1800113,渡邉 陸,,0,打捕,12,1.0,0.0,1.0,1.0,0.0,0.0,0.0,0.0,0.0,0.0,0.0,,0.0,1.0,0.0,0.0,0.0,0.0,,,,,,,,,,,,,,,,,,,,,,
2026,2021039473,2026-07-01,1850172,廣瀬 隆太,,33,一,12,1.0,0.0,1.0,0.0,1.0,0.0,0.0,0.0,0.0,0.0,0.0,,1.0,0.0,0.0,0.0,0.0,0.0,,,,,,,,,,,,,,,,,,,,,,
2026,2021039473,2026-07-01,1900065,柘植 世那,,37,捕,7,1.0,0.0,1.0,1.0,0.0,0.0,0.0,0.0,0.0,0.0,0.0,,0.0,1.0,0.0,0.0,0.0,0.0,,,,,,,,,,,,,,,,,,,,,,
2026,2021039473,2026-07-01,1900068,岸 潤一郎,,68,中右,7,1.0,1.0,3.0,3.0,0.0,0.0,0.0,0.0,0.0,0.0,0.0,,0.0,1.0,0.0,0.0,0.0,0.0,,,,,,,,,,,,,,,,,,,,,,
2026,2021039473,2026-07-01,1900101,海野 隆司,,62,捕,12,1.0,1.0,3.0,3.0,0.0,0.0,0.0,0.0,0.0,0.0,0.0,,0.0,2.0,0.0,0.0,0.0,0.0,,,,,,,,,,,,,,,,,,,,,,
2026,2021039473,2026-07-01,1900104,柳町 達,,32,右,12,1.0,1.0,5.0,4.0,0.0,2.0,1.0,0.0,0.0,3.0,0.0,,1.0,1.0,0.0,0.0,0.0,0.0,,,,,,,,,,,,,,,,,,,,,,
2026,2021039473,2026-07-01,1950149,庄子 雄大,,25,遊,12,1.0,1.0,4.0,4.0,0.0,0.0,0.0,0.0,0.0,0.0,0.0,,0.0,1.0,0.0,0.0,0.0,0.0,,,,,,,,,,,,,,,,,,,,,,
2026,2021039473,2026-07-01,1950417,渡部 聖弥,,8,三,7,1.0,1.0,3.0,2.0,0.0,0.0,0.0,0.0,0.0,0.0,0.0,,1.0,1.0,0.0,0.0,0.0,0.0,,,,,,,,,,,,,,,,,,,,,,
2026,2021039473,2026-07-01,2000075,長谷川 信哉,,63,一,7,1.0,1.0,4.0,4.0,0.0,0.0,0.0,0.0,0.0,0.0,0.0,,0.0,0.0,0.0,0.0,0.0,0.0,,,,,,,,,,,,,,,,,,,,,,
2026,2021039473,2026-07-01,2101047,ネビン,,26,指,7,1.0,1.0,3.0,3.0,0.0,1.0,0.0,0.0,0.0,0.0,0.0,,0.0,1.0,0.0,0.0,0.0,0.0,,,,,,,,,,,,,,,,,,,,,,
2026,2021039473,2026-07-01,2103618,滝澤 夏央,,62,遊,7,1.0,1.0,4.0,4.0,0.0,1.0,0.0,0.0,0.0,0.0,0.0,,0.0,0.0,0.0,0.0,0.0,0.0,,,,,,,,,,,,,,,,,,,,,,
2026,2021039473,2026-07-01,2103735,正木 智也,,31,一左,12,1.0,1.0,5.0,4.0,2.0,2.0,0.0,0.0,1.0,1.0,0.0,,1.0,0.0,0.0,0.0,0.0,0.0,,,,,,,,,,,,,,,,,,,,,,
2026,2021039473,2026-07-01,2103847,大竹 風雅,,59,,12,,,,,,,,,,,,,,,,,,,3.0,1.0,0.0,0.0,0.0,0.0,1.0,1.0,,,0.0,1.0,0.0,0.0,0.0,,0.0,1.0,0.0,,4.0,19.0
2026,2021039473,2026-07-01,2104035,野村 勇,,99,三,12,1.0,0.0,0.0,0.0,0.0,0.0,0.0,0.0,0.0,0.0,0.0,,0.0,0.0,0.0,0.0,0.0,0.0,,,,,,,,,,,,,,,,,,,,,,
2026,2021039473,2026-07-01,2104078,前田 悠伍,,41,,12,,,,,,,,,,,,,,,,,,,1.0,1.0,,6.0,0.0,1.84,7.0,7.0,,,0.0,3.0,0.0,0.0,0.0,,3.0,5.0,0.0,,27.0,98.0
2026,2021039473,2026-07-01,2106794,上田 大河,,11,,7,,,,,,,,,,,,,,,,,,,2.0,1.0,0.0,2.0,1.0,1.98,3.0,3.0,,,0.0,3.0,2.0,2.0,2.0,,0.0,5.0,0.0,,12.0,55.0
2026,2021039473,2026-07-01,2112161,成田 晴風,,41,,7,,,,,,,,,,,,,,,,,,,3.0,1.0,0.0,0.0,0.0,13.5,1.0,1.0,,,0.0,2.0,2.0,2.0,0.0,,3.0,0.0,0.0,,7.0,32.0
2026,2021039473,2026-07-01,2117028,カナリオ,,25,右,7,1.0,1.0,3.0,3.0,0.0,0.0,0.0,0.0,0.0,0.0,0.0,,0.0,1.0,0.0,0.0,0.0,0.0,,,,,,,,,,,,,,,,,,,,,,
2026,2021039473,2026-07-01,2117319,ワイナンス,,30,,7,,,,,,,,,,,,,,,,,,,1.0,1.0,,2.0,3.0,4.19,4.0,4.0,,,0.0,6.0,7.0,6.0,2.0,,5.0,4.0,0.0,,24.0,98.0
2026,2021039499,2026-07-19,700003,坂本 勇人,,6,指,16,1.0,1.0,2.0,2.0,0.0,0.0,0.0,0.0,0.0,0.0,0.0,,0.0,0.0,0.0,0.0,0.0,0.0,,,,,,,,,,,,,,,,,,,,,,
2026,2021039499,2026-07-19,1000128,柳田 悠岐,,9,打左,15,1.0,0.0,2.0,2.0,1.0,1.0,0.0,0.0,0.0,0.0,0.0,,0.0,0.0,0.0,0.0,0.0,0.0,,,,,,,,,,,,,,,,,,,,,,
2026,2021039499,2026-07-19,1000138,大野 雄大,Oono Yuudai,22,,16,,,,,,,,,,,,,,,,,,,4.0,1.0,0.0,0.0,1.0,9.0,1.0,1.0,,,0.0,2.0,1.0,1.0,0.0,,0.0,0.0,0.0,,4.0,10.0
2026,2021039499,2026-07-19,1100097,近藤 健介,,3,左,15,1.0,1.0,3.0,3.0,1.0,1.0,1.0,0.0,0.0,1.0,0.0,,0.0,0.0,0.0,0.0,0.0,0.0,,,,,,,,,,,,,,,,,,,,,,
2026,2021039499,2026-07-19,1300109,若月 健矢,,2,捕,15,1.0,0.0,1.0,1.0,0.0,0.0,0.0,0.0,0.0,0.0,0.0,,0.0,0.0,0.0,0.0,0.0,0.0,,,,,,,,,,,,,,,,,,,,,,
2026,2021039499,2026-07-19,1400127,栗原 陵矢,,24,三,15,1.0,1.0,3.0,3.0,0.0,2.0,2.0,0.0,0.0,0.0,0.0,,0.0,1.0,0.0,0.0,0.0,0.0,,,,,,,,,,,,,,,,,,,,,,
2026,2021039499,2026-07-19,1500087,坂本 誠志郎,,12,捕,16,1.0,0.0,2.0,2.0,0.0,0.0,0.0,0.0,0.0,0.0,0.0,,0.0,0.0,0.0,0.0,0.0,0.0,,,,,,,,,,,,,,,,,,,,,,
2026,2021039499,2026-07-19,1500096,西川 龍馬,,7,打右,15,1.0,0.0,2.0,2.0,0.0,0.0,0.0,0.0,0.0,0.0,0.0,,0.0,1.0,0.0,0.0,0.0,0.0,,,,,,,,,,,,,,,,,,,,,,
2026,2021039499,2026-07-19,1560184,オスナ,Osu na,54,,15,,,,,,,,,,,,,,,,,,,3.0,1.0,0.0,0.0,0.0,0.0,1.0,1.0,,,0.0,0.0,0.0,0.0,0.0,,0.0,0.0,0.0,,3.0,8.0
2026,2021039499,2026-07-19,1600007,村林 一輝,,6,三,15,1.0,0.0,1.0,1.0,1.0,1.0,0.0,0.0,1.0,1.0,0.0,,0.0,0.0,0.0,0.0,0.0,0.0,,,,,,,,,,,,,,,,,,,,,,
2026,2021039499,2026-07-19,1600033,ドリス,Doris,98,,16,,,,,,,,,,,,,,,,,,,6.0,1.0,0.0,0.0,0.0,9.0,1.0,1.0,,,0.0,2.0,1.0,1.0,0.0,,0.0,2.0,0.0,,5.0,19.0
2026,2021039499,2026-07-19,1600078,古賀 優大,,2,捕,16,1.0,1.0,2.0,2.0,0.0,0.0,0.0,0.0,0.0,0.0,0.0,,0.0,0.0,0.0,0.0,0.0,0.0,,,,,,,,,,,,,,,,,,,,,,
2026,2021039499,2026-07-19,1600085,細川 成也,,55,左,16,1.0,1.0,4.0,4.0,1.0,1.0,0.0,0.0,1.0,1.0,0.0,,0.0,2.0,0.0,0.0,0.0,0.0,,,,,,,,,,,,,,,,,,,,,,
2026,2021039499,2026-07-19,1600092,藤平 尚真,Fujihira Shoushin,46,,15,,,,,,,,,,,,,,,,,,,7.0,1.0,0.0,0.0,0.0,0.0,1.0,1.0,,,1.0,1.0,0.0,0.0,0.0,,0.0,0.0,0.0,,4.0,12.0
2026,2021039499,2026-07-19,1600113,大山 悠輔,,3,一,16,1.0,0.0,2.0,2.0,1.0,1.0,0.0,0.0,1.0,2.0,0.0,,0.0,0.0,0.0,0.0,0.0,0.0,,,,,,,,,,,,,,,,,,,,,,
2026,2021039499,2026-07-19,1600124,坂倉 将吾,,31,三,16,1.0,1.0,2.0,2.0,0.0,0.0,0.0,0.0,0.0,0.0,0.0,,0.0,0.0,0.0,0.0,0.0,0.0,,,,,,,,,,,,,,,,,,,,,,
2026,2021039499,2026-07-19,1700025,清宮 幸太郎,,21,一,15,1.0,0.0,1.0,1.0,0.0,1.0,0.0,0.0,0.0,0.0,0.0,,0.0,0.0,0.0,0.0,0.0,0.0,,,,,,,,,,,,,,,,,,,,,,
2026,2021039499,2026-07-19,1700027,田中 瑛斗,Tanaka Akira To,45,,16,,,,,,,,,,,,,,,,,,,5.0,1.0,0.0,0.0,0.0,0.0,1.0,1.0,,,0.0,1.0,0.0,0.0,0.0,,0.0,1.0,0.0,,3.0,7.0
2026,2021039499,2026-07-19,1700044,大城 卓三,,24,打指,16,1.0,0.0,3.0,3.0,1.0,1.0,1.0,0.0,0.0,1.0,0.0,,0.0,0.0,0.0,0.0,0.0,0.0,,,,,,,,,,,,,,,,,,,,,,
2026,2021039499,2026-07-19,1700058,東 克樹,Azuma Katsuki,11,,16,,,,,,,,,,,,,,,,,,,3.0,1.0,0.0,0.0,0.0,0.0,1.0,1.0,,,0.0,1.0,0.0,0.0,0.0,,0.0,0.0,0.0,,3.0,7.0
2026,2021039499,2026-07-19,1700124,平良 海馬,Hirara Kaiba,61,,15,,,,,,,,,,,,,,,,,,,2.0,1.0,0.0,1.0,0.0,0.0,2.0,2.0,,,0.0,0.0,0.0,0.0,0.0,,0.0,3.0,1.0,,7.0,33.0
2026,2021039499,2026-07-19,1700131,増田 珠,,63,右,16,1.0,0.0,2.0,2.0,0.0,1.0,0.0,0.0,0.0,0.0,0.0,,0.0,0.0,0.0,0.0,0.0,0.0,,,,,,,,,,,,,,,,,,,,,,
2026,2021039499,2026-07-19,1700135,周東 佑京,,23,中,15,1.0,1.0,3.0,3.0,0.0,0.0,0.0,0.0,0.0,0.0,0.0,,0.0,0.0,0.0,0.0,0.0,0.0,,,,,,,,,,,,,,,,,,,,,,
2026,2021039499,2026-07-19,1750223,村松 開人,,5,遊,16,1.0,1.0,2.0,2.0,0.0,1.0,0.0,0.0,0.0,0.0,0.0,,0.0,0.0,0.0,0.0,0.0,0.0,,,,,,,,,,,,,,,,,,,,,,
2026,2021039499,2026-07-19,1800093,万波 中正,,66,右,15,1.0,1.0,4.0,4.0,1.0,4.0,1.0,1.0,0.0,2.0,0.0,,0.0,0.0,0.0,0.0,0.0,0.0,,,,,,,,,,,,,,,,,,,,,,
2026,2021039499,2026-07-19,1800095,田宮 裕涼,,64,捕,15,1.0,1.0,2.0,2.0,0.0,0.0,0.0,0.0,0.0,0.0,0.0,,0.0,0.0,0.0,0.0,0.0,0.0,,,,,,,,,,,,,,,,,,,,,,
2026,2021039499,2026-07-19,1800098,太田 椋,,1,二,15,1.0,0.0,1.0,1.0,0.0,0.0,0.0,0.0,0.0,0.0,0.0,,0.0,0.0,0.0,0.0,0.0,0.0,,,,,,,,,,,,,,,,,,,,,,
2026,2021039499,2026-07-19,1800117,辰己 涼介,,8,打中,15,1.0,0.0,2.0,2.0,0.0,0.0,0.0,0.0,0.0,0.0,0.0,,0.0,1.0,0.0,0.0,0.0,0.0,,,,,,,,,,,,,,,,,,,,,,
2026,2021039499,2026-07-19,1850183,森下 翔太,,1,中,16,1.0,1.0,1.0,1.0,0.0,0.0,0.0,0.0,0.0,0.0,0.0,,0.0,0.0,0.0,0.0,0.0,0.0,,,,,,,,,,,,,,,,,,,,,,
2026,2021039499,2026-07-19,1851204,水野 達稀,,43,遊,15,1.0,1.0,3.0,3.0,0.0,2.0,1.0,0.0,0.0,0.0,0.0,,0.0,0.0,0.0,0.0,0.0,0.0,,,,,,,,,,,,,,,,,,,,,,
2026,2021039499,2026-07-19,1860140,レイエス,,99,指,15,1.0,1.0,3.0,3.0,0.0,2.0,0.0,0.0,0.0,1.0,0.0,,0.0,1.0,0.0,0.0,0.0,0.0,,,,,,,,,,,,,,,,,,,,,,
2026,2021039499,2026-07-19,1900019,井上 温大,Inoue Atsushidai,97,,16,,,,,,,,,,,,,,,,,,,2.0,1.0,0.0,0.0,0.0,18.0,1.0,1.0,,,0.0,4.0,2.0,2.0,0.0,,0.0,1.0,0.0,,6.0,28.0
2026,2021039499,2026-07-19,1900028,長岡 秀樹,,7,遊,16,1.0,0.0,2.0,2.0,0.0,2.0,1.0,0.0,0.0,0.0,0.0,,0.0,0.0,0.0,0.0,0.0,0.0,,,,,,,,,,,,,,,,,,,,,,
2026,2021039499,2026-07-19,1900083,横山 陸人,Yokoyama Rikunin,15,,15,,,,,,,,,,,,,,,,,,,6.0,1.0,0.0,0.0,0.0,27.0,1.0,1.0,,,0.0,4.0,3.0,3.0,1.0,,0.0,1.0,0.0,,7.0,26.0
2026,2021039499,2026-07-19,1950286,西川 史礁,,6,打指,15,1.0,0.0,1.0,1.0,1.0,1.0,0.0,0.0,1.0,2.0,0.0,,0.0,0.0,0.0,0.0,0.0,0.0,,,,,,,,,,,,,,,,,,,,,,
2026,2021039499,2026-07-19,1951153,浦田 俊輔,,32,二,16,1.0,0.0,2.0,2.0,1.0,1.0,0.0,0.0,0.0,0.0,1.0,,0.0,0.0,0.0,0.0,0.0,0.0,,,,,,,,,,,,,,,,,,,,,,
2026,2021039499,2026-07-19,1961046,キハダ,Kihada,11,,16,,,,,,,,,,,,,,,,,,,8.0,1.0,0.0,0.0,0.0,0.0,1.0,1.0,,,0.0,0.0,0.0,0.0,0.0,,0.0,0.0,0.0,,3.0,13.0
2026,2021039499,2026-07-19,1961416,マチャド,Machado,42,,15,,,,,,,,,,,,,,,,,,,5.0,1.0,0.0,0.0,0.0,0.0,1.0,1.0,,,0.0,1.0,0.0,0.0,0.0,,0.0,1.0,0.0,,4.0,18.0
2026,2021039499,2026-07-19,2000025,山野 太一,Yamano Taichi,26,,16,,,,,,,,,,,,,,,,,,,1.0,1.0,,0.0,0.0,0.0,2.0,2.0,,,0.0,3.0,0.0,0.0,0.0,,0.0,1.0,0.0,,8.0,22.0
2026,2021039499,2026-07-19,2000035,牧 秀悟,,2,一,16,1.0,1.0,2.0,1.0,0.0,1.0,0.0,0.0,0.0,0.0,0.0,,0.0,0.0,1.0,0.0,0.0,0.0,,,,,,,,,,,,,,,,,,,,,,
2026,2021039499,2026-07-19,2000051,佐藤 輝明,,8,右三,16,1.0,1.0,4.0,4.0,1.0,2.0,0.0,0.0,1.0,1.0,0.0,,0.0,1.0,0.0,0.0,0.0,0.0,,,,,,,,,,,,,,,,,,,,,,
2026,2021039499,2026-07-19,2000056,中野 拓夢,,7,二,16,1.0,1.0,2.0,2.0,0.0,0.0,0.0,0.0,0.0,0.0,0.0,,0.0,0.0,0.0,0.0,0.0,0.0,,,,,,,,,,,,,,,,,,,,,,
2026,2021039499,2026-07-19,2000079,伊藤 大海,Itou Taikai,17,,15,,,,,,,,,,,,,,,,,,,1.0,1.0,,0.0,0.0,9.0,2.0,2.0,,,0.0,4.0,2.0,2.0,2.0,,0.0,0.0,0.0,,9.0,25.0
2026,2021039499,2026-07-19,2000087,鈴木 昭汰,Suzuki Akira ?,47,,15,,,,,,,,,,,,,,,,,,,4.0,1.0,0.0,0.0,0.0,0.0,1.0,1.0,,,0.0,1.0,0.0,0.0,0.0,,0.0,0.0,0.0,,3.0,6.0
2026,2021039499,2026-07-19,2000089,小川 龍成,,57,二,15,1.0,1.0,3.0,3.0,1.0,1.0,0.0,0.0,0.0,0.0,1.0,,0.0,2.0,0.0,0.0,0.0,0.0,,,,,,,,,,,,,,,,,,,,,,
2026,2021039499,2026-07-19,2101047,ネビン,,26,一,15,1.0,1.0,3.0,3.0,0.0,1.0,0.0,0.0,0.0,0.0,0.0,,0.0,0.0,0.0,0.0,0.0,0.0,,,,,,,,,,,,,,,,,,,,,,
2026,2021039499,2026-07-19,2103618,滝澤 夏央,,62,走遊,15,1.0,0.0,1.0,1.0,1.0,0.0,0.0,0.0,0.0,0.0,1.0,,0.0,0.0,0.0,0.0,0.0,0.0,,,,,,,,,,,,,,,,,,,,,,
2026,2021039499,2026-07-19,2107869,松山 晋也,Matsuyama Shin'Ya,90,,16,,,,,,,,,,,,,,,,,,,7.0,1.0,0.0,0.0,0.0,27.0,1.0,1.0,,,0.0,4.0,3.0,3.0,2.0,,0.0,1.0,0.0,,7.0,20.0
2026,2021039499,2026-07-19,2118420,キャベッジ,,13,中,16,1.0,0.0,3.0,3.0,0.0,0.0,0.0,0.0,0.0,0.0,0.0,,0.0,2.0,0.0,0.0,0.0,0.0,,,,,,,,,,,,,,,,,,,,,,
2026,2021039500,2026-07-31,700003,坂本 勇人,,6,打指,16,1.0,0.0,1.0,1.0,0.0,1.0,0.0,0.0,0.0,0.0,0.0,,0.0,0.0,0.0,0.0,0.0,0.0,,,,,,,,,,,,,,,,,,,,,,
2026,2021039500,2026-07-31,1000128,柳田 悠岐,,9,指,15,1.0,1.0,2.0,2.0,1.0,1.0,0.0,0.0,1.0,3.0,0.0,,0.0,0.0,0.0,0.0,0.0,0.0,,,,,,,,,,,,,,,,,,,,,,
2026,2021039500,2026-07-31,1100097,近藤 健介,,3,打指,15,1.0,0.0,1.0,1.0,0.0,1.0,0.0,0.0,0.0,0.0,0.0,,0.0,0.0,0.0,0.0,0.0,0.0,,,,,,,,,,,,,,,,,,,,,,
2026,2021039500,2026-07-31,1300109,若月 健矢,,2,捕一捕,15,1.0,1.0,3.0,3.0,1.0,1.0,0.0,0.0,0.0,0.0,1.0,,0.0,0.0,0.0,0.0,0.0,0.0,,,,,,,,,,,,,,,,,,,,,,
2026,2021039500,2026-07-31,1400127,栗原 陵矢,,24,三捕三,15,1.0,1.0,5.0,5.0,0.0,0.0,0.0,0.0,0.0,0.0,0.0,,0.0,1.0,0.0,0.0,0.0,0.0,,,,,,,,,,,,,,,,,,,,,,
2026,2021039500,2026-07-31,1400182,高橋 光成,Takahashi Mitsunari,13,,15,,,,,,,,,,,,,,,,,,,2.0,1.0,0.0,0.0,0.0,27.0,1.0,1.0,,,0.0,4.0,3.0,3.0,2.0,,0.0,2.0,0.0,,7.0,23.0
2026,2021039500,2026-07-31,1450689,船迫 大雅,Fune Sako Taiga,58,,16,,,,,,,,,,,,,,,,,,,5.0,1.0,0.0,0.0,0.0,0.0,1.0,1.0,,,0.0,1.0,0.0,0.0,0.0,,0.0,0.0,0.0,,4.0,14.0
2026,2021039500,2026-07-31,1500087,坂本 誠志郎,,12,捕,16,1.0,1.0,3.0,3.0,0.0,1.0,0.0,0.0,0.0,0.0,0.0,,0.0,1.0,0.0,0.0,0.0,1.0,,,,,,,,,,,,,,,,,,,,,,
2026,2021039500,2026-07-31,1500096,西川 龍馬,,7,左,15,1.0,1.0,3.0,3.0,1.0,2.0,1.0,0.0,0.0,1.0,0.0,,0.0,0.0,0.0,0.0,0.0,0.0,,,,,,,,,,,,,,,,,,,,,,
2026,2021039500,2026-07-31,1550517,大津 亮介,Ootsu Ryousuke,19,,15,,,,,,,,,,,,,,,,,,,3.0,1.0,0.0,0.0,0.0,13.5,2.0,2.0,,,0.0,7.0,3.0,3.0,0.0,,0.0,1.0,0.0,,13.0,38.0
2026,2021039500,2026-07-31,1600007,村林 一輝,,6,遊,15,1.0,1.0,3.0,3.0,2.0,2.0,0.0,0.0,0.0,0.0,1.0,,0.0,0.0,0.0,0.0,0.0,0.0,,,,,,,,,,,,,,,,,,,,,,
2026,2021039500,2026-07-31,1600075,星 知弥,Hoshi Chi Wataru,24,,16,,,,,,,,,,,,,,,,,,,3.0,1.0,0.0,0.0,0.0,18.0,1.0,1.0,,,0.0,3.0,2.0,2.0,0.0,,0.0,0.0,0.0,,5.0,26.0
2026,2021039500,2026-07-31,1600078,古賀 優大,,2,捕,16,1.0,0.0,2.0,2.0,0.0,1.0,0.0,0.0,0.0,0.0,0.0,,0.0,1.0,0.0,0.0,0.0,0.0,,,,,,,,,,,,,,,,,,,,,,
2026,2021039500,2026-07-31,1600085,細川 成也,,55,左,16,1.0,1.0,5.0,5.0,3.0,3.0,0.0,0.0,2.0,3.0,0.0,,0.0,1.0,0.0,0.0,0.0,0.0,,,,,,,,,,,,,,,,,,,,,,
2026,2021039500,2026-07-31,1600113,大山 悠輔,,3,一,16,1.0,1.0,3.0,3.0,1.0,2.0,1.0,0.0,0.0,0.0,0.0,,0.0,1.0,0.0,0.0,0.0,0.0,,,,,,,,,,,,,,,,,,,,,,
2026,2021039500,2026-07-31,1600124,坂倉 将吾,,31,三,16,1.0,0.0,1.0,0.0,1.0,0.0,0.0,0.0,0.0,0.0,0.0,,1.0,0.0,0.0,0.0,0.0,0.0,,,,,,,,,,,,,,,,,,,,,,
2026,2021039500,2026-07-31,1650221,椋木 蓮,Mukunoki Ren,15,,15,,,,,,,,,,,,,,,,,,,4.0,1.0,0.0,0.0,1.0,18.0,1.0,1.0,,,0.0,1.0,2.0,2.0,1.0,,1.0,2.0,0.0,,5.0,17.0
2026,2021039500,2026-07-31,1700025,清宮 幸太郎,,21,右,15,1.0,1.0,3.0,2.0,1.0,1.0,0.0,0.0,0.0,1.0,0.0,,0.0,0.0,0.0,0.0,1.0,0.0,,,,,,,,,,,,,,,,,,,,,,
2026,2021039500,2026-07-31,1700044,大城 卓三,,24,指,16,1.0,1.0,4.0,4.0,0.0,1.0,1.0,0.0,0.0,2.0,0.0,,0.0,1.0,0.0,0.0,0.0,0.0,,,,,,,,,,,,,,,,,,,,,,
2026,2021039500,2026-07-31,1700072,遠藤 淳志,Endou Atsushi,66,,16,,,,,,,,,,,,,,,,,,,2.0,1.0,0.0,0.0,0.0,36.0,1.0,1.0,,,0.0,5.0,4.0,4.0,1.0,,0.0,0.0,0.0,,8.0,23.0
2026,2021039500,2026-07-31,1700078,高橋 遥人,Takahashi Harukanin,29,,16,,,,,,,,,,,,,,,,,,,1.0,1.0,,0.0,0.0,0.0,2.0,2.0,,,0.0,3.0,0.0,0.0,0.0,,0.0,1.0,0.0,,8.0,23.0
2026,2021039500,2026-07-31,1700131,増田 珠,,63,右,16,1.0,1.0,5.0,5.0,0.0,0.0,0.0,0.0,0.0,0.0,0.0,,0.0,1.0,0.0,0.0,0.0,0.0,,,,,,,,,,,,,,,,,,,,,,
2026,2021039500,2026-07-31,1700135,周東 佑京,,23,中,15,1.0,0.0,1.0,1.0,0.0,0.0,0.0,0.0,0.0,0.0,0.0,,0.0,0.0,0.0,0.0,0.0,0.0,,,,,,,,,,,,,,,,,,,,,,
2026,2021039500,2026-07-31,1750223,村松 開人,,5,打遊,16,1.0,0.0,2.0,2.0,0.0,1.0,0.0,0.0,0.0,0.0,0.0,,0.0,1.0,0.0,0.0,0.0,0.0,,,,,,,,,,,,,,,,,,,,,,
2026,2021039500,2026-07-31,1750903,北山 亘基,Kitayama Wataru Hajime,15,,15,,,,,,,,,,,,,,,,,,,5.0,1.0,0.0,0.0,0.0,0.0,2.0,2.0,,,0.0,2.0,0.0,0.0,0.0,,0.0,4.0,0.0,,8.0,42.0
2026,2021039500,2026-07-31,1800033,清水 昇,Shimizu Noboru,17,,16,,,,,,,,,,,,,,,,,,,4.0,1.0,0.0,1.0,0.0,9.0,1.0,1.0,,,0.0,3.0,1.0,1.0,1.0,,0.0,0.0,0.0,,6.0,20.0
2026,2021039500,2026-07-31,1800093,万波 中正,,66,右,15,1.0,0.0,2.0,2.0,0.0,1.0,0.0,0.0,0.0,0.0,0.0,,0.0,0.0,0.0,0.0,0.0,0.0,,,,,,,,,,,,,,,,,,,,,,
2026,2021039500,2026-07-31,1800095,田宮 裕涼,,64,捕,15,1.0,0.0,1.0,1.0,0.0,0.0,0.0,0.0,0.0,0.0,0.0,,0.0,1.0,0.0,0.0,0.0,0.0,,,,,,,,,,,,,,,,,,,,,,
2026,2021039500,2026-07-31,1800098,太田 椋,,1,一三一,15,1.0,1.0,3.0,3.0,0.0,2.0,0.0,0.0,0.0,0.0,0.0,,0.0,1.0,0.0,0.0,0.0,0.0,,,,,,,,,,,,,,,,,,,,,,
2026,2021039500,2026-07-31,1800117,辰己 涼介,,8,中,15,1.0,1.0,3.0,3.0,0.0,2.0,0.0,0.0,0.0,0.0,1.0,,0.0,0.0,0.0,0.0,0.0,0.0,,,,,,,,,,,,,,,,,,,,,,
2026,2021039500,2026-07-31,1851204,水野 達稀,,43,遊,15,1.0,0.0,1.0,1.0,0.0,1.0,0.0,0.0,0.0,0.0,0.0,,0.0,0.0,0.0,0.0,0.0,0.0,,,,,,,,,,,,,,,,,,,,,,
2026,2021039500,2026-07-31,1860140,レイエス,,99,打指,15,1.0,0.0,2.0,2.0,1.0,1.0,0.0,0.0,1.0,1.0,0.0,,0.0,1.0,0.0,0.0,0.0,0.0,,,,,,,,,,,,,,,,,,,,,,
2026,2021039500,2026-07-31,1900028,長岡 秀樹,,7,遊,16,1.0,1.0,3.0,3.0,0.0,1.0,0.0,0.0,0.0,2.0,0.0,,0.0,0.0,0.0,0.0,0.0,0.0,,,,,,,,,,,,,,,,,,,,,,
2026,2021039500,2026-07-31,1950286,西川 史礁,,6,打左,15,1.0,0.0,2.0,2.0,0.0,1.0,0.0,0.0,0.0,0.0,0.0,,0.0,0.0,0.0,0.0,0.0,0.0,,,,,,,,,,,,,,,,,,,,,,
2026,2021039500,2026-07-31,1951153,浦田 俊輔,,32,二三,16,1.0,1.0,4.0,4.0,1.0,1.0,0.0,0.0,0.0,0.0,2.0,,0.0,1.0,0.0,0.0,0.0,0.0,,,,,,,,,,,,,,,,,,,,,,
2026,2021039500,2026-07-31,2000035,牧 秀悟,,2,打一,16,1.0,0.0,2.0,2.0,0.0,0.0,0.0,0.0,0.0,0.0,0.0,,0.0,1.0,0.0,0.0,0.0,0.0,,,,,,,,,,,,,,,,,,,,,,
2026,2021039500,2026-07-31,2000051,佐藤 輝明,,8,三,16,1.0,1.0,3.0,3.0,1.0,2.0,1.0,0.0,1.0,1.0,0.0,,0.0,0.0,0.0,0.0,0.0,0.0,,,,,,,,,,,,,,,,,,,,,,
2026,2021039500,2026-07-31,2000056,中野 拓夢,,7,打二,16,1.0,0.0,1.0,1.0,0.0,1.0,0.0,0.0,0.0,0.0,0.0,,0.0,0.0,0.0,0.0,0.0,0.0,,,,,,,,,,,,,,,,,,,,,,
2026,2021039500,2026-07-31,2000089,小川 龍成,,57,二,15,1.0,0.0,1.0,1.0,0.0,0.0,0.0,0.0,0.0,0.0,0.0,,0.0,0.0,0.0,0.0,0.0,0.0,,,,,,,,,,,,,,,,,,,,,,
2026,2021039500,2026-07-31,2101047,ネビン,,26,一,15,1.0,0.0,2.0,2.0,0.0,0.0,0.0,0.0,0.0,0.0,0.0,,0.0,0.0,0.0,0.0,0.0,0.0,,,,,,,,,,,,,,,,,,,,,,
2026,2021039500,2026-07-31,2103618,滝澤 夏央,,62,二,15,1.0,1.0,4.0,4.0,0.0,2.0,0.0,0.0,0.0,0.0,1.0,,0.0,0.0,0.0,0.0,0.0,0.0,,,,,,,,,,,,,,,,,,,,,,
2026,2021039500,2026-07-31,2108177,エスピノーザ,Esupinooza,0,,15,,,,,,,,,,,,,,,,,,,1.0,1.0,,0.0,0.0,0.0,2.0,2.0,,,0.0,1.0,0.0,0.0,0.0,,0.0,1.0,0.0,,7.0,18.0
2026,2021039500,2026-07-31,2114807,岡本 駿,Okamoto Shun,53,,16,,,,,,,,,,,,,,,,,,,7.0,1.0,0.0,0.0,0.0,0.0,2.0,2.0,,,1.0,3.0,0.0,0.0,0.0,,0.0,2.0,0.0,,8.0,28.0
2026,2021039500,2026-07-31,2117433,レイノルズ,Reynolds,62,,16,,,,,,,,,,,,,,,,,,,6.0,1.0,0.0,0.0,0.0,0.0,1.0,1.0,,,0.0,0.0,0.0,0.0,0.0,,0.0,1.0,0.0,,3.0,17.0
2026,2021039500,2026-07-31,2118420,キャベッジ,,13,中,16,1.0,1.0,5.0,5.0,1.0,3.0,2.0,0.0,0.0,0.0,0.0,,0.0,1.0,0.0,0.0,0.0,0.0,,,,,,,,,,,,,,,,,,,,,,
2026,2021039500,2026-07-31,2121154,岩城 颯空,Iwaki Sas Sora,20,,15,,,,,,,,,,,,,,,,,,,6.0,1.0,0.0,0.0,0.0,0.0,1.0,1.0,,,0.0,3.0,0.0,0.0,0.0,,0.0,0.0,0.0,,4.0,14.0
